1.990151930635598546e+04 -6.599288877813121871e+03 7.261599279468019859e+02 -3.575928126810941876e+02 -3.973134098592892371e+01 -4.659036915598994000e+01 -1.919774137437363493e+01 -1.043876417311264859e+01 -4.752373023057787194e+00 -2.047760479740569295e+00 -7.417247141764720109e-01 -2.116115845068732570e-01 -4.872037536882491832e-02 -3.652152166022593766e-02 -6.413227833616194640e-02 -8.475278253078263879e-02 -8.629204542852780824e-02 -7.266957895957305846e-02 -5.254605218917273585e-02 -3.345270792366980550e-02 -1.957911810882205506e-02 -1.183015656184591841e-02 -8.924885891524446738e-03 -8.724808513743610716e-03 -9.272205439079536995e-03 -9.339629965743055304e-03 -8.521915587670668771e-03 -7.019350045812529706e-03 -5.305174551204982873e-03 -3.829195338303591819e-03 -2.843595899148212459e-03 -2.366492492836806943e-03 -2.246093425931395410e-03 -2.268266336828141452e-03 -2.253555345689315682e-03 -2.111384637004110922e-03 -1.844842122102237358e-03 -1.518867925138185594e-03 -1.214658110528563052e-03 -9.912293344347207404e-04 -8.666547501877291167e-04 -8.207364405937550263e-04 -8.121573116835511304e-04 -7.997258804114070179e-04 -7.582696535201103151e-04 -6.842875946418910688e-04 -5.916466903510152111e-04 -5.013733022159934946e-04 -4.310441475332021282e-04 -3.880551899054609285e-04 -3.686057885934192831e-04 -3.615123207624239775e-04 -3.542316195740911325e-04 -3.381888228154707686e-04 -3.113618375247346397e-04 -2.776570473711521955e-04 -2.439757461318420556e-04 -2.166398454774601213e-04 -1.987762737972951208e-04 -1.895409510528176943e-04 -1.851595853602304280e-04 -1.810028072238728818e-04 -1.736452169909321350e-04 -1.620526966683161750e-04 -1.475558230179076290e-04 -1.328381541133525636e-04 -1.205306075564642037e-04 -1.120724367947024925e-04 -1.072717068029290747e-04 -1.046331469006171175e-04 -1.021893167680649241e-04 -9.839959842185906744e-05 -9.272614415066353941e-05 -8.569258323804357358e-05 -7.848124707554892711e-05 -7.231214074423359100e-05 -6.790077294583027616e-05 -6.521483660726785361e-05 -6.358876086347419626e-05 -6.209439457471733321e-05 -5.997225756064713430e-05 -5.692910326773988267e-05 -5.319338300215146857e-05 -4.933823128127764551e-05 -4.598020632810502945e-05 -4.350075787972977869e-05 -4.190705549510931197e-05 -4.087418017956234614e-05 -3.992615696685160250e-05 -3.865946653097972500e-05 -3.690669605039145973e-05 -3.477669373778302680e-05 -3.256971187449348874e-05 -3.061972221244430075e-05 -2.914175826859493481e-05 -2.815008593399045993e-05 -2.747417306651317218e-05 -2.685438523937325634e-05 -2.606394075095834942e-05 -2.501402634852906948e-05 -2.372884929782356688e-05 -2.262234060247310001e-05 -2.067359667866141898e-05 -2.558300797960583940e-05
-3.597835134182573256e+03 2.281699215042085780e+04 -6.072195369954705711e+03 7.626970771210047815e+02 -2.920444704961505522e+02 -1.808362309921807309e+01 -3.259317398444264313e+01 -1.212301361368995423e+01 -6.610236286975408326e+00 -2.852251887298728139e+00 -1.180340659252729685e+00 -4.105879140931873450e-01 -1.274329598838435940e-01 -5.580210472564210711e-02 -5.965937497416942681e-02 -7.488178890447920455e-02 -7.903336636376004365e-02 -7.007502162241528720e-02 -5.374428656658673809e-02 -3.659079081991508525e-02 -2.295880505757625853e-02 -1.438998367549088053e-02 -1.030421866908937285e-02 -9.081773784557222590e-03 -9.018307582897283972e-03 -8.906012876733928121e-03 -8.210645459799719922e-03 -6.955276904107859579e-03 -5.463455728857204499e-03 -4.102290628607272761e-03 -3.112125473541959425e-03 -2.548369476453163796e-03 -2.315492369123266832e-03 -2.247616648463376769e-03 -2.190374941607879915e-03 -2.053128927282169437e-03 -1.821217831585110643e-03 -1.536048682509080863e-03 -1.259903446710277861e-03 -1.043324946788892716e-03 -9.066899288632659449e-04 -8.390050448542691513e-04 -8.097018659487158557e-04 -7.852465780257855167e-04 -7.428142962559903953e-04 -6.763217995208805093e-04 -5.943133979345031253e-04 -5.125331336754260008e-04 -4.453871790094627941e-04 -4.000053093369514427e-04 -3.746706419652352186e-04 -3.612666790280615959e-04 -3.498517629462715166e-04 -3.330185995342917617e-04 -3.083104392177976648e-04 -2.780981261692304514e-04 -2.474967052679256474e-04 -2.215740265410112405e-04 -2.031415627015265945e-04 -1.919310217735196761e-04 -1.852248568374425240e-04 -1.794053025453716164e-04 -1.716014930507401952e-04 -1.607270374986081898e-04 -1.475842314149262318e-04 -1.341543186866645042e-04 -1.225166728272538493e-04 -1.139148990624920646e-04 -1.083393143250507092e-04 -1.047159578954969883e-04 -1.015201687424274648e-04 -9.748559035143537234e-05 -9.209056414249509610e-05 -8.565035200889484657e-05 -7.903780231510444503e-05 -7.320875457109372669e-05 -6.876555171002430114e-05 -6.573908012062945258e-05 -6.365031070018196100e-05 -6.178358493639444756e-05 -5.952304343627393173e-05 -5.659872709315998145e-05 -5.314873990049592698e-05 -4.959670178012997715e-05 -4.642284473414866222e-05 -4.394210327162168271e-05 -4.218444560365044934e-05 -4.091527581181201900e-05 -3.976872425854979700e-05 -3.842102491603400881e-05 -3.672343909835438413e-05 -3.474217556888472793e-05 -3.269954273370570124e-05 -3.085454064515346279e-05 -2.938235145182922520e-05 -2.830553319716978724e-05 -2.750065109424012857e-05 -2.676875064505546440e-05 -2.592934704964517141e-05 -2.490701328700787418e-05 -2.370418653148278034e-05 -2.269268377991599852e-05 -2.080284940344479888e-05 -2.574260914780146688e-05
4.893333862601648434e+02 -4.675297452445324780e+03 2.311772921160425904e+04 -5.827850546092327022e+03 7.572192928729677988e+02 -2.629455386891018520e+02 -9.636560694559776152e+00 -2.656533953842674123e+01 -9.214084862554976496e+00 -5.103431987965480587e+00 -2.175154628710919802e+00 -9.170380334688725821e-01 -3.386106400447014275e-01 -1.250907650202550958e-01 -6.593836535505707974e-02 -6.140491818875291885e-02 -6.579499623860413093e-02 -6.385616555771220226e-02 -5.445612111111904075e-02 -4.144565846668515213e-02 -2.890966378153981067e-02 -1.931079838504586380e-02 -1.328080117746729613e-02 -1.018813175593355144e-02 -8.880676027452110571e-03 -8.274091048436451809e-03 -7.664601185739102103e-03 -6.782204269740374145e-03 -5.677817297315609565e-03 -4.549434550448742780e-03 -3.590403538705986327e-03 -2.903284946942856926e-03 -2.483249102259413050e-03 -2.250763536823052833e-03 -2.102885312249184058e-03 -1.957225204522522119e-03 -1.774313859532710867e-03 -1.556650462234330590e-03 -1.332259398676996064e-03 -1.133655024925159932e-03 -9.817155953006284283e-04 -8.792094459677410800e-04 -8.136367295199358482e-04 -7.656455868806222439e-04 -7.180683738083293256e-04 -6.618151821862311131e-04 -5.970482266168190399e-04 -5.303533630284243882e-04 -4.700523560056076890e-04 -4.219860747744950892e-04 -3.873790727993551728e-04 -3.631511878181516357e-04 -3.439799389413448214e-04 -3.248653425985737245e-04 -3.030170830095484970e-04 -2.784325202423326728e-04 -2.531983778135359336e-04 -2.300746724107260370e-04 -2.110980069330108100e-04 -1.967805507726244987e-04 -1.861222746428983126e-04 -1.772684907370025047e-04 -1.684116649070939941e-04 -1.585100868111764371e-04 -1.475523935217804418e-04 -1.363399930273928422e-04 -1.259649924555711776e-04 -1.172596853424466763e-04 -1.104561724798507288e-04 -1.051640999257570522e-04 -1.006223618110862182e-04 -9.607018395123749575e-05 -9.105935007183340246e-05 -8.558284524516436890e-05 -7.999390430460562209e-05 -7.478371164601855462e-05 -7.033488646606188635e-05 -6.676106613427276108e-05 -6.388825484305867919e-05 -6.136462564210449328e-05 -5.883224286155120427e-05 -5.607695330279784286e-05 -5.309491283304465720e-05 -5.005851790648079089e-05 -4.721084328730657209e-05 -4.474438718687268242e-05 -4.271888138425609325e-05 -4.104873499144382333e-05 -3.955598813671131343e-05 -3.805704568869974975e-05 -3.644080141241675861e-05 -3.470509962676521899e-05 -3.294100901285370447e-05 -3.127833724089073181e-05 -2.982121333431357447e-05 -2.860318625064793436e-05 -2.757910324872255115e-05 -2.665336250212049486e-05 -2.572567425346780159e-05 -2.474536902219096605e-05 -2.367937029544314070e-05 -2.282863429216264615e-05 -2.103899139648992406e-05 -2.603761582627946494e-05
-1.077375445110751855e+02 6.135914476404216202e+02 -4.904211165332158089e+03 2.318411829043619946e+04 -5.700014463968949713e+03 7.508846143020851969e+02 -2.479016833488049656e+02 -5.691783632218262667e+00 -2.363246209219149208e+01 -7.874521201140794346e+00 -4.434894249632582053e+00 -1.893393782684585691e+00 -8.134591322538564651e-01 -3.092951768011163449e-01 -1.178982069950421929e-01 -6.009278513483849726e-02 -5.182299880114239060e-02 -5.392408404033485758e-02 -5.255600759687339973e-02 -4.571769944955775267e-02 -3.583765412667438977e-02 -2.590837023799694855e-02 -1.790709855150030352e-02 -1.250831287852340740e-02 -9.418373447944692473e-03 -7.881118939615948740e-03 -7.106113703877141308e-03 -6.520027818535212120e-03 -5.839858468056289761e-03 -5.022994373995190096e-03 -4.161779387306639884e-03 -3.379521993475275484e-03 -2.761545194639789761e-03 -2.329616525448762691e-03 -2.051370366264443530e-03 -1.867463970723227040e-03 -1.719913133536431693e-03 -1.570768135464662872e-03 -1.407416031892190804e-03 -1.237089998689901854e-03 -1.075999925723079148e-03 -9.388274756674287735e-04 -8.323326587342380276e-04 -7.541434092735579487e-04 -6.956230928051478210e-04 -6.464580417685641218e-04 -5.987112734610933228e-04 -5.488951110080962517e-04 -4.977889663926929591e-04 -4.486752821179812076e-04 -4.050835348515170091e-04 -3.690609464745515044e-04 -3.405064353994215632e-04 -3.175642901463435804e-04 -2.976551618037792733e-04 -2.785718896151318587e-04 -2.591844848130833191e-04 -2.395569868719525197e-04 -2.205638608681942305e-04 -2.032722792588944661e-04 -1.883910050710138325e-04 -1.759945222952137339e-04 -1.655736559282741747e-04 -1.563221590459472549e-04 -1.474921282261052878e-04 -1.386573719346829872e-04 -1.297949276485592840e-04 -1.211864294807551333e-04 -1.132149108350555353e-04 -1.061610986559837616e-04 -1.000831392581876878e-04 -9.481434682560354601e-05 -9.005749507957775193e-05 -8.551863468900696146e-05 -8.101711394590960648e-05 -7.652954278859344856e-05 -7.216102383548152394e-05 -6.806794192675813255e-05 -6.437330944377224376e-05 -6.111138110470232579e-05 -5.821989463421857382e-05 -5.557534186961681936e-05 -5.304903886981323133e-05 -5.055703453353324324e-05 -4.808349114130624097e-05 -4.567184492499051128e-05 -4.339247516341243540e-05 -4.130414348515334759e-05 -3.942662669995698966e-05 -3.773439961603010124e-05 -3.617099556417531655e-05 -3.467480887335738684e-05 -3.320361391235382144e-05 -3.174748142023258303e-05 -3.032614800506341611e-05 -2.897422147420775865e-05 -2.772223023345432070e-05 -2.658276278854473107e-05 -2.554495516431653515e-05 -2.459187090100200258e-05 -2.365964060603456968e-05 -2.297792543001579205e-05 -2.129995209778476117e-05 -2.638066413306348334e-05
8.396254325337009661e+00 -1.547910637446228748e+02 6.488434302419908590e+02 -5.011340413054309465e+03 2.321078913002748595e+04 -5.624869149462205314e+03 7.457664087770859851e+02 -2.391367664484248508e+02 -3.627363915820039697e+00 -2.201179553495532915e+01 -7.154751241823736230e+00 -4.069844181590291932e+00 -1.733615670347127713e+00 -7.464240268946343848e-01 -2.820718739783038553e-01 -1.046620920205681288e-01 -5.076047377886216960e-02 -4.355981341119555261e-02 -4.665659137389629313e-02 -4.673272320546472541e-02 -4.148831372171279258e-02 -3.296262820894407114e-02 -2.395196182957613773e-02 -1.645195977249748823e-02 -1.127999904021632395e-02 -8.305071277249650996e-03 -6.883989242377991889e-03 -6.268301325099384473e-03 -5.870607766430633277e-03 -5.369162832835335658e-03 -4.687102989822615647e-03 -3.903301177565693999e-03 -3.149938645352074428e-03 -2.534666229574837094e-03 -2.102826504796499654e-03 -1.837361816637915956e-03 -1.682346827347747532e-03 -1.573482549731606336e-03 -1.462279835017196803e-03 -1.327144955855487580e-03 -1.171511336911889526e-03 -1.013515330081005486e-03 -8.734950795965919701e-04 -7.644876238317021167e-04 -6.883471370428909933e-04 -6.373742022997549777e-04 -5.992940229183762882e-04 -5.628111815483786279e-04 -5.214343372589499157e-04 -4.745244297082472688e-04 -4.258374520148806939e-04 -3.807173203346069109e-04 -3.433596294784797614e-04 -3.151916129565022172e-04 -2.947539090540964588e-04 -2.787894385241847825e-04 -2.638372823132619080e-04 -2.475856634921670598e-04 -2.294876309465446922e-04 -2.105452496520653484e-04 -1.925155274948305397e-04 -1.769741488453572533e-04 -1.646437535717192014e-04 -1.552077009023477509e-04 -1.475930856786906314e-04 -1.405184977919716907e-04 -1.330326365283139133e-04 -1.248229970961917644e-04 -1.162074291473826900e-04 -1.078671242687426240e-04 -1.004760556233344753e-04 -9.439827235195994055e-05 -8.956782536258531605e-05 -8.557095714777557044e-05 -8.186306120742164387e-05 -7.800754274550050684e-05 -7.383249576063857626e-05 -6.945215958902089756e-05 -6.516470433683604880e-05 -6.128844743051104415e-05 -5.801481776146336019e-05 -5.533777195275782230e-05 -5.307835508649075799e-05 -5.098002055624609381e-05 -4.882415129720716295e-05 -4.651354375806839790e-05 -4.409275347615287347e-05 -4.170521896308246920e-05 -3.951404525932645980e-05 -3.762529478984797488e-05 -3.604624701991887673e-05 -3.469202566153368144e-05 -3.343137324118464855e-05 -3.214684546836541639e-05 -3.078162806802899726e-05 -2.935445918077983238e-05 -2.794019832404633018e-05 -2.662914755309734330e-05 -2.548330978488099510e-05 -2.452235709733775328e-05 -2.367037213975048838e-05 -2.311047276659044015e-05 -2.152212400813278089e-05 -2.669681144007728067e-05
-5.495405542229518048e+00 6.476158823204805515e+00 -1.672241563960605220e+02 6.655901128450722126e+02 -5.075348238518592552e+03 2.322402764574637331e+04 -5.575790106221407768e+03 7.416747382909793487e+02 -2.334586169976631140e+02 -2.397496798602602563e+00 -2.097995949932941784e+01 -6.692479631949168173e+00 -3.824258799252361118e+00 -1.618899256159485711e+00 -6.936933838518333229e-01 -2.587942717599518438e-01 -9.386561210246535669e-02 -4.477993542850043640e-02 -3.925528999508657441e-02 -4.297625309234012758e-02 -4.344205021177813264e-02 -3.860092650600427389e-02 -3.052327078325036552e-02 -2.197539994410307312e-02 -1.491643778326154877e-02 -1.013390494415583251e-02 -7.475598032695251853e-03 -6.287436054336058636e-03 -5.822437026204312777e-03 -5.506988914556340368e-03 -5.041898052343386956e-03 -4.375305061981944223e-03 -3.606755569983341025e-03 -2.880109764135430333e-03 -2.304597263600360532e-03 -1.919444830025941393e-03 -1.698271160226136507e-03 -1.577203777631973683e-03 -1.488387363236069348e-03 -1.384810639684115347e-03 -1.249929874971984507e-03 -1.093228424745731550e-03 -9.374402683132838053e-04 -8.046528799366473028e-04 -7.067981151876980483e-04 -6.428806624449547643e-04 -6.021723800693005698e-04 -5.705006054900207957e-04 -5.363884952383622022e-04 -4.946494575442100935e-04 -4.466420589028431850e-04 -3.978858475461324548e-04 -3.545942357828007411e-04 -3.207646871887880448e-04 -2.968522334436145466e-04 -2.802079793269920418e-04 -2.667129116495547871e-04 -2.526829261318256931e-04 -2.362126129346074957e-04 -2.175197627635536558e-04 -1.983540000072249931e-04 -1.808962085285323838e-04 -1.667013547647501308e-04 -1.561120922050851457e-04 -1.482947431295230463e-04 -1.417667879088731122e-04 -1.351046770383312271e-04 -1.275039978087100625e-04 -1.189834862254524338e-04 -1.102091071852747360e-04 -1.020774462061286783e-04 -9.527404086446103536e-05 -8.999688526477577508e-05 -8.593447584406196927e-05 -8.246591104516060792e-05 -7.896253968859263755e-05 -7.504671076157387718e-05 -7.070414593932832295e-05 -6.622461460105912739e-05 -6.202207856474461828e-05 -5.842933210615189077e-05 -5.555852281048940508e-05 -5.327762269649939685e-05 -5.129611440836741472e-05 -4.930733893602278297e-05 -4.711841633045818462e-05 -4.471335802083481123e-05 -4.223144722697351553e-05 -3.988164851069197201e-05 -3.783856612851508547e-05 -3.616742635607931515e-05 -3.480661517736558967e-05 -3.360794373559659290e-05 -3.240966309866124016e-05 -3.110639529875247497e-05 -2.968599661202735496e-05 -2.822136328694630492e-05 -2.682686008105526562e-05 -2.560054530633757287e-05 -2.459275110601260610e-05 -2.373946980004250414e-05 -2.321685447474344953e-05 -2.166882419074143910e-05 -2.693220598619801401e-05
-8.221788824488591718e-01 -9.533157292734117050e+00 6.430661822504625036e+00 -1.741785798455477163e+02 6.756068215084878830e+02 -5.118463100785445022e+03 2.323146170314881601e+04 -5.541268415719144286e+03 7.384240167690550152e+02 -2.294567561745737123e+02 -1.567967882497648624e+00 -2.024644957472275664e+01 -6.358430535810254192e+00 -3.642061574173913741e+00 -1.532307170893723924e+00 -6.541356697359306249e-01 -2.423999979681150385e-01 -8.736040249031334914e-02 -4.171962088800442586e-02 -3.685995945584464445e-02 -4.039030340738436475e-02 -4.068104690492055364e-02 -3.596257131377338795e-02 -2.828647338058452171e-02 -2.028088860224343606e-02 -1.375570996184385594e-02 -9.394141901125242083e-03 -7.002200242863088238e-03 -5.938660936522218402e-03 -5.502487180814746338e-03 -5.174688958416474860e-03 -4.700070803252183287e-03 -4.050151424837064931e-03 -3.326851443562731277e-03 -2.661953350370519378e-03 -2.147529551894477185e-03 -1.808857225649760465e-03 -1.613492750340666994e-03 -1.499821401166955915e-03 -1.407737700774641491e-03 -1.299269782776090072e-03 -1.164536607943015894e-03 -1.015423185187367934e-03 -8.729941226388451348e-04 -7.553021449651286731e-04 -6.701002500828489314e-04 -6.138309430278180486e-04 -5.755388829392350759e-04 -5.427829624959518715e-04 -5.066896700365229557e-04 -4.643340569108413856e-04 -4.181644715458641536e-04 -3.734283369629732337e-04 -3.351037264269900737e-04 -3.057008584667604643e-04 -2.846115569248632579e-04 -2.689193311675087310e-04 -2.550065678800706088e-04 -2.401181815575018823e-04 -2.232471869607839437e-04 -2.051139982927043740e-04 -1.874377151959183180e-04 -1.719442854528789371e-04 -1.595766941926939477e-04 -1.501969098739288147e-04 -1.428068998291236083e-04 -1.360973057581712315e-04 -1.290301682099636205e-04 -1.212035114095888830e-04 -1.128830668847527783e-04 -1.047463691572186992e-04 -9.749834120693841614e-05 -9.154337243851267542e-05 -8.684368721611174333e-05 -8.299302008669562239e-05 -7.943803933606818305e-05 -7.572867400274152147e-05 -7.168507653800687811e-05 -6.742267378626017667e-05 -6.324677744202343479e-05 -5.948201528660798887e-05 -5.632018354775732502e-05 -5.374915485036437982e-05 -5.158146807448488560e-05 -4.955553518513458101e-05 -4.745492524404703146e-05 -4.519155503465050480e-05 -4.282161123257573865e-05 -4.049677226847963381e-05 -3.838079814994263094e-05 -3.657244125689297138e-05 -3.506745735138725253e-05 -3.377093273047282441e-05 -3.254801418676888687e-05 -3.128580565612480409e-05 -2.993797774301944678e-05 -2.853475231445156806e-05 -2.715870397556146196e-05 -2.589923002211786971e-05 -2.482192912650308281e-05 -2.389199811239172991e-05 -2.331670972871791931e-05 -2.174721508710882945e-05 -2.707597652982410326e-05
-6.257105292760894999e-01 -2.020400588016061150e+00 -1.056996010737001690e+01 6.229957682602565328e+00 -1.788748670980072291e+02 6.821649081426089651e+02 -5.149558044348604199e+03 2.323603566890180082e+04 -5.515635756010379737e+03 7.358337302529142789e+02 -2.264603627069354275e+02 -9.600857572414198682e-01 -1.969221284691400342e+01 -6.105195887832977064e+00 -3.503661403667217566e+00 -1.467403800840373806e+00 -6.254107516691308488e-01 -2.311623256431105666e-01 -8.313508610010936217e-02 -3.953526222876849877e-02 -3.476319094025608070e-02 -3.798375673206794145e-02 -3.819740537475824899e-02 -3.374771069740654938e-02 -2.656242897926159446e-02 -1.908947731230601491e-02 -1.300029282607072234e-02 -8.916564532088831416e-03 -6.652620948289059838e-03 -5.617265625804375093e-03 -5.169463476943696352e-03 -4.836530650239347084e-03 -4.385223277681464353e-03 -3.786070341123712931e-03 -3.126065908031683618e-03 -2.519109918172136257e-03 -2.044881855585315832e-03 -1.725411215812178720e-03 -1.533110237009699915e-03 -1.415366860996560873e-03 -1.320685325064206717e-03 -1.216105348166929409e-03 -1.092189017726075736e-03 -9.577666943774921149e-04 -8.295404392050078962e-04 -7.220613553508865986e-04 -6.417377486780986547e-04 -5.859347062262638614e-04 -5.460383798285405738e-04 -5.121210461824294473e-04 -4.769396765531676644e-04 -4.378455044340064670e-04 -3.963905661874979726e-04 -3.563811314844671013e-04 -3.215361174004293635e-04 -2.937946725030115571e-04 -2.727859932111549742e-04 -2.563966558005441754e-04 -2.419416916296121902e-04 -2.273161000287825153e-04 -2.116602472647443136e-04 -1.953697016436504942e-04 -1.795905920711417139e-04 -1.655182779499247644e-04 -1.538304367675608216e-04 -1.444616475787051217e-04 -1.367409669197043468e-04 -1.297617105408804664e-04 -1.227813750246869529e-04 -1.154776772156190513e-04 -1.079807640709516431e-04 -1.007098122237905994e-04 -9.411966260126714619e-05 -8.848080228110188374e-05 -8.377965060343967854e-05 -7.975990204507598378e-05 -7.606191089421938923e-05 -7.238359918530148788e-05 -6.859017099233301014e-05 -6.473426585949360707e-05 -6.099300976527059320e-05 -5.756248542112625728e-05 -5.456206845229757209e-05 -5.198796797725285915e-05 -4.972806608892117605e-05 -4.762195134254298859e-05 -4.553299177632235355e-05 -4.339955572024180568e-05 -4.124622331276826543e-05 -3.915619854566613692e-05 -3.722260189716922830e-05 -3.550281061428972904e-05 -3.399531549878067439e-05 -3.264582144561138481e-05 -3.137586931405252284e-05 -3.011831509432833710e-05 -2.884319347235978092e-05 -2.756451685507687411e-05 -2.632548237957233457e-05 -2.518525745943157857e-05 -2.414015500957629017e-05 -2.344958264942426099e-05 -2.180465282095296221e-05 -2.716156293296923091e-05
-2.140177688031662528e-01 -1.223153984872742406e+00 -2.301087283398178140e+00 -1.126241483833857870e+01 5.971302494521060211e+00 -1.823552732319335234e+02 6.867893006208810220e+02 -5.173037330556539018e+03 2.323906378480925196e+04 -5.495827499724397057e+03 7.337414678594007000e+02 -2.241254577109597506e+02 -4.952668255628033811e-01 -1.926028368324862683e+01 -5.908963761419165905e+00 -3.396689899466346141e+00 -1.417688058254239492e+00 -6.035144020498087736e-01 -2.224654218378159520e-01 -7.958221271296256338e-02 -3.745011078914516067e-02 -3.280207021479424750e-02 -3.593499715969540598e-02 -3.624883021173818526e-02 -3.211131625761992625e-02 -2.533230399293040849e-02 -1.823506380228514037e-02 -1.241854314722809667e-02 -8.492083456152897669e-03 -6.298595128011536849e-03 -5.289876249416021470e-03 -4.861126655174717766e-03 -4.558772696954429063e-03 -4.151610266484082219e-03 -3.601637461757724919e-03 -2.984932712393172267e-03 -2.408231997626816487e-03 -1.950195037170550545e-03 -1.636929580637342969e-03 -1.447051065299493006e-03 -1.333203275164153217e-03 -1.246336781511708878e-03 -1.152925460793471045e-03 -1.041064992167308996e-03 -9.168407305512188410e-04 -7.952651440182498775e-04 -6.908097567879891744e-04 -6.111410246005228404e-04 -5.554272194263257896e-04 -5.165391200868760940e-04 -4.851654236869882382e-04 -4.537414625967677679e-04 -4.187021534528336821e-04 -3.806169971153903261e-04 -3.426958303619542833e-04 -3.086469183945197612e-04 -2.808929207916476076e-04 -2.597517967248399789e-04 -2.436768389516281552e-04 -2.302092631033103695e-04 -2.170952041171396614e-04 -2.030833676649677867e-04 -1.881495411194938623e-04 -1.731827298488379920e-04 -1.593728630780544644e-04 -1.476093864288409549e-04 -1.381322813455753752e-04 -1.305245630313829901e-04 -1.239811844031179697e-04 -1.176892330049458270e-04 -1.111416335611054734e-04 -1.042679832979801586e-04 -9.736218994206967555e-05 -9.087417996437044344e-05 -8.517612761439067920e-05 -8.040438344388635460e-05 -7.642938954753842825e-05 -7.294342262867821143e-05 -6.960937438268737160e-05 -6.619788592142654068e-05 -6.265727621221296641e-05 -5.909809918841250426e-05 -5.571244820481290890e-05 -5.267249085686512300e-05 -5.005403085266741812e-05 -4.781332218360362596e-05 -4.581866900103310656e-05 -4.391494136734732767e-05 -4.198885349394074293e-05 -4.000710775368149799e-05 -3.801524948179212582e-05 -3.610338574029029189e-05 -3.435802276026386000e-05 -3.282254085970996997e-05 -3.148185153990627500e-05 -3.027452354189629315e-05 -2.912337073977620529e-05 -2.796943895057286985e-05 -2.679229027905945674e-05 -2.562359779574360295e-05 -2.447540766561775348e-05 -2.365726347075356996e-05 -2.190370291949292672e-05 -2.726552767506639616e-05
-8.860442349084576841e-02 -4.316762432280636386e-01 -1.379594258692901088e+00 -2.529049303322805642e+00 -1.180345937355662223e+01 5.698960262678829380e+00 -1.850325515493510977e+02 6.902429925146767573e+02 -5.191379966197104295e+03 2.324118128594940936e+04 -5.480054282418092953e+03 7.320192629667491246e+02 -2.222554509064271429e+02 -1.306281027869346800e-01 -1.891557110473564052e+01 -5.752994426415506624e+00 -3.311302827987445241e+00 -1.377768399707322455e+00 -5.856231181643384298e-01 -2.151028656714025489e-01 -7.643975073380754326e-02 -3.564904612389206695e-02 -3.125226287880888271e-02 -3.440264306503842268e-02 -3.480797043690951609e-02 -3.087492217829602287e-02 -2.435378851126394212e-02 -1.750092234359255233e-02 -1.187647333768968028e-02 -8.082103215693078185e-03 -5.972663123383625816e-03 -5.018026615878494121e-03 -4.628383042331581619e-03 -4.358581333807069920e-03 -3.980160658326416766e-03 -3.454941488656183661e-03 -2.858462374904151108e-03 -2.297844972179395855e-03 -1.853030919523463533e-03 -1.551569962181753365e-03 -1.372935662895722513e-03 -1.269762136594077212e-03 -1.192368244468226552e-03 -1.106513079086345270e-03 -9.999948994147533216e-04 -8.792252991851755208e-04 -7.600247106142506972e-04 -6.577846792966665678e-04 -5.808159261858011641e-04 -5.284362816154720109e-04 -4.931973080200520790e-04 -4.652274058137430388e-04 -4.364595913197040749e-04 -4.031130884573170202e-04 -3.658971521035208154e-04 -3.284180873175450389e-04 -2.948394550968434845e-04 -2.679008721961260390e-04 -2.479885658051565094e-04 -2.333875894609317193e-04 -2.213462175172321226e-04 -2.093424194643542582e-04 -1.959983914081398838e-04 -1.813437989351591474e-04 -1.664567069785134583e-04 -1.527533776397452866e-04 -1.412860963528865955e-04 -1.323343349847999194e-04 -1.253987604094410427e-04 -1.195239639784917033e-04 -1.137545297585853019e-04 -1.075109947985765553e-04 -1.007441394043204945e-04 -9.384231822873078852e-05 -8.737354183531051107e-05 -8.179806514647231484e-05 -7.727646311071626264e-05 -7.363764135485602357e-05 -7.049350726586668561e-05 -6.742820897374362924e-05 -6.417000537765099231e-05 -6.067579713925741171e-05 -5.710620113540620067e-05 -5.371834625904905135e-05 -5.073444895848922665e-05 -4.824546700845561197e-05 -4.618559165057019674e-05 -4.437806680080265626e-05 -4.262236667495255334e-05 -4.077967534126322188e-05 -3.882022062276233243e-05 -3.681752134478195773e-05 -3.489924870627486624e-05 -3.318162714622744622e-05 -3.171781397146203167e-05 -3.048058105256859829e-05 -2.938230740189501646e-05 -2.831930489457918612e-05 -2.721622090724042195e-05 -2.606479395844585293e-05 -2.486932798252530286e-05 -2.395735118586377350e-05 -2.211860434290610264e-05 -2.742356056177869505e-05
-2.781950913800197017e-02 -1.673132929127449653e-01 -4.941579375410396491e-01 -1.511873660377921480e+00 -2.725904080621765591e+00 -1.223935879507202529e+01 5.456558619675473842e+00 -1.871447548080488446e+02 6.929305661668664698e+02 -5.206102602054756971e+03 2.324272082749162291e+04 -5.467197816067235181e+03 7.305761292012159629e+02 -2.207248611845094217e+02 1.624500308080972233e-01 -1.863370518705280432e+01 -5.625386093992758241e+00 -3.240893750742825041e+00 -1.344577671220524628e+00 -5.706068739971783543e-01 -2.089189677302261683e-01 -7.388978885281981268e-02 -3.429601202801811632e-02 -3.011722302225226452e-02 -3.323338087316939776e-02 -3.364280755701616610e-02 -2.981833940775317771e-02 -2.348073774463116034e-02 -1.683327165891623095e-02 -1.139297647769223730e-02 -7.738771995504861029e-03 -5.721378857643747741e-03 -4.818746898828382003e-03 -4.454498422097289724e-03 -4.196935111005851808e-03 -3.827855452427536640e-03 -3.314876912832201775e-03 -2.735104679692022204e-03 -2.194180341846304737e-03 -1.769101342101371023e-03 -1.484518506133503156e-03 -1.318115617444116580e-03 -1.222279415552161201e-03 -1.148438253539943270e-03 -1.064199811924700046e-03 -9.591940319519130309e-04 -8.410370419315650907e-04 -7.258528706728908019e-04 -6.285373701660074142e-04 -5.564800393590637901e-04 -5.081130962421478558e-04 -4.754972490617628226e-04 -4.488035709866742347e-04 -4.204440200401514654e-04 -3.872977602137070777e-04 -3.506294753463718903e-04 -3.142988857647120303e-04 -2.823767397497275468e-04 -2.572659012194658187e-04 -2.389560423232486050e-04 -2.254543769728256902e-04 -2.139507420567755879e-04 -2.020779271372837721e-04 -1.887320747497000498e-04 -1.742061132344775319e-04 -1.597245474731913786e-04 -1.466913843890115421e-04 -1.360185734886209424e-04 -1.277969224969053154e-04 -1.213785645313597447e-04 -1.157584833398802031e-04 -1.100390581221063249e-04 -1.037676464255804742e-04 -9.702826999944765181e-05 -9.029197891864496354e-05 -8.413107720866174388e-05 -7.894095933653351145e-05 -7.478577881273698093e-05 -7.141264226120991375e-05 -6.840020002789350931e-05 -6.535656444098520530e-05 -6.207405531477058855e-05 -5.858140872563916319e-05 -5.508711208506000671e-05 -5.185467022891671334e-05 -4.907371330194430092e-05 -4.678273293048191092e-05 -4.486900224654995147e-05 -4.313439446907192670e-05 -4.138910952270822403e-05 -3.952896645549592555e-05 -3.756505294701252106e-05 -3.559957145655623156e-05 -3.376566207423478439e-05 -3.216213461405831179e-05 -3.081218269258244595e-05 -2.966072516603402326e-05 -2.860719208658152346e-05 -2.755216719796901135e-05 -2.645269661442350780e-05 -2.527323511662394440e-05 -2.436575265510510199e-05 -2.237229611198577022e-05 -2.795633341344239459e-05
-7.245124488750338300e-03 -5.138158831438114499e-02 -1.962123111495708838e-01 -5.542773129294888967e-01 -1.623282019715086122e+00 -2.888050482874726654e+00 -1.258732080111940022e+01 5.251689463201350883e+00 -1.888513379820985278e+02 6.950822852171464774e+02 -5.218182926476624743e+03 2.324387363141795140e+04 -5.456518275228415405e+03 7.293496342113545552e+02 -2.194483190125766896e+02 4.037007332652345348e-01 -1.839822346047497703e+01 -5.518612238602158548e+00 -3.181699485440794284e+00 -1.316647430538726349e+00 -5.580360432110827995e-01 -2.038494308283934631e-01 -7.188991327586212454e-02 -3.326141348864471853e-02 -2.919947625672885197e-02 -3.222777537032391754e-02 -3.260933609670913641e-02 -2.887630229565895171e-02 -2.271498364649677040e-02 -1.626861967327625572e-02 -1.100442541633402278e-02 -7.475248580061030768e-03 -5.528953066806768964e-03 -4.656231190945224301e-03 -4.299544553781567240e-03 -4.044218451789127408e-03 -3.682696926025220106e-03 -3.185852831160441989e-03 -2.628348709340709403e-03 -2.110691833227651849e-03 -1.704996691771637008e-03 -1.433209054039659208e-03 -1.273028436085627511e-03 -1.178939842607046795e-03 -1.105283141685328707e-03 -1.022121890826755428e-03 -9.202934531970493118e-04 -8.072409700898861094e-04 -6.979630031471113815e-04 -6.059749369249625359e-04 -5.376694980083831805e-04 -4.912098000798214518e-04 -4.590914385422079861e-04 -4.323187586770195403e-04 -4.041268825263076613e-04 -3.718816378270173978e-04 -3.368701065040554852e-04 -3.025958895937958296e-04 -2.726200651798162448e-04 -2.489291508530947741e-04 -2.313531430045360343e-04 -2.180233413698520869e-04 -2.064406446206653678e-04 -1.945765114006662417e-04 -1.815484633070224574e-04 -1.676813093445303612e-04 -1.540610217868443972e-04 -1.418705150668902299e-04 -1.318269662231466393e-04 -1.239335169388196115e-04 -1.175845337774261809e-04 -1.119110204654122354e-04 -1.061741711039185671e-04 -1.000323767603660495e-04 -9.359279186911792004e-05 -8.726484634645862457e-05 -8.151353092763433941e-05 -7.663451612477412969e-05 -7.264253432002184868e-05 -6.930079434384988333e-05 -6.625439975203058338e-05 -6.319325779335280269e-05 -5.996966215064484916e-05 -5.662752583509074618e-05 -5.334506931222902319e-05 -5.032923084871474939e-05 -4.771496137491146631e-05 -4.551184047457829931e-05 -4.361373327248162473e-05 -4.185768141607641956e-05 -4.009903356790666366e-05 -3.826795883418440474e-05 -3.638543773689515066e-05 -3.453771893757603500e-05 -3.282623652558912020e-05 -3.131822191197990851e-05 -3.001955887382778572e-05 -2.887852416493693250e-05 -2.781546876790100229e-05 -2.676186895795552802e-05 -2.568312332303766227e-05 -2.471600230816017190e-05 -2.316483107509821588e-05 -2.774163291636762166e-05
-1.429674085717326385e-03 -1.463130477515578627e-02 -6.524491671714829910e-02 -2.249698109375592447e-01 -6.037188069077233932e-01 -1.711088082092645513e+00 -3.017541707748740976e+00 -1.286907855900653175e+01 5.077131727343679124e+00 -1.902610419131790991e+02 6.968423931130132587e+02 -5.228275329846336717e+03 2.324475877169297019e+04 -5.447505296090050251e+03 7.282954449634589764e+02 -2.183665875917531309e+02 6.061170019478940851e-01 -1.819837475367612711e+01 -5.428031750201892436e+00 -3.131420085473611614e+00 -1.292994567054211785e+00 -5.474550051781501558e-01 -1.996230220270672484e-01 -7.022314820653124956e-02 -3.236607730622697437e-02 -2.837505813560288817e-02 -3.132692596646357436e-02 -3.170286523218521918e-02 -2.807228676173391044e-02 -2.207989902803307244e-02 -1.581121913816746147e-02 -1.069127384364764594e-02 -7.255938003408374248e-03 -5.357488402599520222e-03 -4.502746509012487720e-03 -4.152141881397502544e-03 -3.904055929066375941e-03 -3.556542799941205500e-03 -3.079637086496566940e-03 -2.543666973920096896e-03 -2.044499951912725697e-03 -1.651498324459371421e-03 -1.386454424061389374e-03 -1.228933733523208949e-03 -1.136056678486810877e-03 -1.064334346842789845e-03 -9.848106426515899556e-04 -8.880541097299206712e-04 -7.804535430682608965e-04 -6.758389144670850666e-04 -5.869970795207639066e-04 -5.202702816188995100e-04 -4.743441627938820232e-04 -4.424811587838222392e-04 -4.163305597836410650e-04 -3.894083398543450743e-04 -3.589568820031792699e-04 -3.258745051441579795e-04 -2.932359408555747443e-04 -2.643329885711341218e-04 -2.411363209235572362e-04 -2.236808611873876234e-04 -2.104006706776669316e-04 -1.990525956919661499e-04 -1.877165896469084922e-04 -1.754505565173325519e-04 -1.624067572595427271e-04 -1.494807175089915238e-04 -1.377347412207076210e-04 -1.278789128482581356e-04 -1.200103647564128566e-04 -1.136638246297349793e-04 -1.080899903444579991e-04 -1.026006196276740400e-04 -9.682399159371249983e-05 -9.078167471277699262e-05 -8.478790559291868778e-05 -7.924660175892301196e-05 -7.444933098446011367e-05 -7.045849186485703965e-05 -6.710948169275366131e-05 -6.410960874889796188e-05 -6.117525908206162741e-05 -5.814265654854900713e-05 -5.500977619824151281e-05 -5.190324136157720310e-05 -4.899643322486121406e-05 -4.642165084461518282e-05 -4.421443321638357033e-05 -4.230857161633565423e-05 -4.057591115622116197e-05 -3.888684756418383522e-05 -3.716259202883761653e-05 -3.539799392012261703e-05 -3.364963521458918313e-05 -3.199957210263719919e-05 -3.051329549330473217e-05 -2.921398188512372397e-05 -2.806749928992610904e-05 -2.705349757556167563e-05 -2.596619551963026963e-05 -2.543318177092882966e-05 -2.354650714249596793e-05 -2.595755581297896393e-05
-1.049444023597890857e-03 -6.046494594600897513e-03 -2.252809681531158306e-02 -7.797492170438222181e-02 -2.462721554828232184e-01 -6.405982961957733535e-01 -1.779973194748396104e+00 -3.123559009203352943e+00 -1.310356351105956030e+01 4.925317728469392975e+00 -1.914466642030037065e+02 6.983085703576660990e+02 -5.236833203277229586e+03 2.324545362898856547e+04 -5.439796232333172156e+03 7.273802394671253069e+02 -2.174379775727407207e+02 7.782783001327931993e-01 -1.802678503845334390e+01 -5.350373600552623010e+00 -3.088261852173574074e+00 -1.272700521924764683e+00 -5.383597831629204356e-01 -1.959618370318454150e-01 -6.874798506429526113e-02 -3.155855500315660894e-02 -2.764656230314736091e-02 -3.055432670705283266e-02 -3.094095798509197831e-02 -2.740281809373495969e-02 -2.154946397150588056e-02 -1.542160932301448774e-02 -1.041413257674462557e-02 -7.052950356403081197e-03 -5.195713180224218602e-03 -4.361655025699892607e-03 -4.023412307299975912e-03 -3.787265882184636268e-03 -3.454058216498777541e-03 -2.992919179471803873e-03 -2.471808110493180829e-03 -1.984628864648479117e-03 -1.600100750561795574e-03 -1.340653818920637926e-03 -1.187141880277701273e-03 -1.097890084812865952e-03 -1.030052726623610290e-03 -9.546705267677439190e-04 -8.618962393165670137e-04 -7.576459647491422689e-04 -6.555048893072560950e-04 -5.683429261446470851e-04 -5.028279703456591454e-04 -4.580264263732246994e-04 -4.274568295873641308e-04 -4.028117243654389854e-04 -3.774639076855473038e-04 -3.484344804155454036e-04 -3.164477384893616503e-04 -2.845334082700635980e-04 -2.560754214530334191e-04 -2.332161725318907767e-04 -2.161557179406289235e-04 -2.034153782131024684e-04 -1.927353608345037733e-04 -1.820995731567181511e-04 -1.704471762245023873e-04 -1.578480218204610574e-04 -1.451859811218287320e-04 -1.335802836572931075e-04 -1.238336155382085437e-04 -1.161265390093154179e-04 -1.100328904987663800e-04 -1.047871095987933093e-04 -9.964430560206554138e-05 -9.416677777664208833e-05 -8.833211498887288244e-05 -8.245023952084418336e-05 -7.695821492014578481e-05 -7.219954479521774554e-05 -6.828246851517848421e-05 -6.506281343108744259e-05 -6.223709780497395242e-05 -5.948838776968591916e-05 -5.661474674607003287e-05 -5.358895891132466207e-05 -5.053545434729760137e-05 -4.764710133727997063e-05 -4.508653338601437415e-05 -4.291598915480565607e-05 -4.108099983401512062e-05 -3.944671554741531401e-05 -3.786348854512759063e-05 -3.622960814585270866e-05 -3.452489187232619212e-05 -3.280458623215816747e-05 -3.116428563911477977e-05 -2.968358885327127244e-05 -2.842888479640097115e-05 -2.728301380415145544e-05 -2.655618265945781183e-05 -2.574364009490954510e-05 -2.179470407297034765e-05 -2.637745950120003088e-05
-1.795316864750075292e-03 -6.308823508925768576e-03 -1.121476752225864480e-02 -2.793880795680794143e-02 -8.550784367991319523e-02 -2.607893334226031867e-01 -6.691880913330592318e-01 -1.836850117995685761e+00 -3.213620549107927271e+00 -1.330301074328622057e+01 4.791975223841792086e+00 -1.924577196503038010e+02 6.995493108203925203e+02 -5.244181425363492963e+03 2.324600943439245384e+04 -5.433126977726710720e+03 7.265782799835581045e+02 -2.166322020680354399e+02 9.263328995185245995e-01 -1.787791238653039372e+01 -5.283041676460628722e+00 -3.050739538359141356e+00 -1.255011064210608263e+00 -5.303931328924036404e-01 -1.927348840969068111e-01 -6.744759721535516228e-02 -3.086374368564689247e-02 -2.703591630253527819e-02 -2.990796224617947585e-02 -3.029584081659581624e-02 -2.682496197910278629e-02 -2.108055642105791799e-02 -1.506874152160369608e-02 -1.015939730046565466e-02 -6.868070897204815208e-03 -5.053762139919177644e-03 -4.243228963004131229e-03 -3.917799885976356970e-03 -3.690532968224410643e-03 -3.366084537750553378e-03 -2.914795605262894031e-03 -2.404231383272233992e-03 -1.927305978568432917e-03 -1.551841223542027538e-03 -1.299772034235704369e-03 -1.151881772740320949e-03 -1.066731580041792174e-03 -1.001869994913128078e-03 -9.287670391092323931e-04 -8.379551971385884764e-04 -7.356246477704713122e-04 -6.354986343219852030e-04 -5.504458586045942077e-04 -4.870224472169183780e-04 -4.441302837941994491e-04 -4.151408332167073672e-04 -3.916767562452345476e-04 -3.671447188378968883e-04 -3.386880190127228947e-04 -3.071919854871831847e-04 -2.758243315842516270e-04 -2.480360168093512013e-04 -2.259498348130757649e-04 -2.096803068860568888e-04 -1.976425012615984887e-04 -1.874984011221359674e-04 -1.772134514330611112e-04 -1.657711635474598316e-04 -1.533247210778278301e-04 -1.408423869986012331e-04 -1.294944143891771241e-04 -1.200844851083463671e-04 -1.127504095947085358e-04 -1.070036701141597918e-04 -1.020264947432646959e-04 -9.705394949542937768e-05 -9.166616885788230677e-05 -8.588515696558334845e-05 -8.007027021495343757e-05 -7.469160161196171182e-05 -7.009723908690610589e-05 -6.637310578072861441e-05 -6.333879305500581642e-05 -6.065825142744618565e-05 -5.799971061643416375e-05 -5.516895275789079520e-05 -5.216351254920887417e-05 -4.913721520758103839e-05 -4.630384730343202720e-05 -4.383040565386334315e-05 -4.176691755541719772e-05 -4.003735238582683387e-05 -3.848650767497327854e-05 -3.695465243275023300e-05 -3.534355057548151097e-05 -3.364910288260915256e-05 -3.193992356522907541e-05 -3.035218575493892025e-05 -2.887184284446493834e-05 -2.793074647631333413e-05 -2.681500661048810016e-05 -2.397713013269160408e-05 -2.211115660848020107e-05 -2.650371800524271138e-05
-2.242371082897107095e-03 -7.462828291461620807e-03 -9.946425222695273738e-03 -1.346761633596058917e-02 -2.990750768689715358e-02 -8.993480063397367441e-02 -2.721377956656070851e-01 -6.934231223938590594e-01 -1.885751209453946808e+00 -3.291534078794193352e+00 -1.347465165852398883e+01 4.674577639133908669e+00 -1.933297757040153328e+02 7.006132381986458313e+02 -5.250559539507992667e+03 2.324646091826819247e+04 -5.427300522332796390e+03 7.258697114464827109e+02 -2.159264116451926725e+02 1.055012667811308980e+00 -1.774744378539256928e+01 -5.224016973884086035e+00 -3.017750084954986534e+00 -1.239428729979761501e+00 -5.233689695734097258e-01 -1.899030741631216324e-01 -6.632827665402098172e-02 -3.028201231187480774e-02 -2.652096367786145950e-02 -2.934802916242635826e-02 -2.972400127014648841e-02 -2.630474154434855882e-02 -2.065560394268228100e-02 -1.475066166680516315e-02 -9.934452607016796069e-03 -6.710048715793886544e-03 -4.935620247693226111e-03 -4.144370666701841822e-03 -3.826604593978219417e-03 -3.603305435801170548e-03 -3.284141447886202922e-03 -2.841250313462149058e-03 -2.341540565636195895e-03 -1.876038360486135311e-03 -1.510610422906093079e-03 -1.265954505232579639e-03 -1.122620001081255049e-03 -1.039788508464865738e-03 -9.760739023981252361e-04 -9.039917271770332545e-04 -8.147535002707636002e-04 -7.147230573314910162e-04 -6.173638579512985515e-04 -5.350626419854902617e-04 -4.739170147800244497e-04 -4.325778501569694698e-04 -4.044391454979741102e-04 -3.813663105609375425e-04 -3.570986736159958573e-04 -3.290593457713835118e-04 -2.982634069093911648e-04 -2.678368227745087636e-04 -2.410676881753544038e-04 -2.198849354879836245e-04 -2.042657228543520286e-04 -1.925943003382948491e-04 -1.826065583617946864e-04 -1.724017278253387397e-04 -1.610939269004103586e-04 -1.489112358378979009e-04 -1.368192631557209750e-04 -1.259215791433556709e-04 -1.169294621616592350e-04 -1.099062288866289302e-04 -1.043367466391044099e-04 -9.943006741655501988e-05 -9.448359199462046251e-05 -8.914458919545029472e-05 -8.347818332738357714e-05 -7.784793665443169781e-05 -7.269283061679488258e-05 -6.831274954782802652e-05 -6.475158055642886250e-05 -6.181074726147133523e-05 -5.916514073907591794e-05 -5.651507169436773806e-05 -5.370336624424365643e-05 -5.075313277384092635e-05 -4.782271971060575910e-05 -4.511002375417030917e-05 -4.275515426475455505e-05 -4.078336761031088386e-05 -3.910680091133270536e-05 -3.757500223257734853e-05 -3.604752981592345594e-05 -3.444325044517373654e-05 -3.279949669630894240e-05 -3.109618420237027090e-05 -2.980926665334255308e-05 -2.839773359562731178e-05 -2.519311621505548011e-05 -2.425211341718554948e-05 -2.206331192154467659e-05 -2.679035972293824101e-05
-2.150073042386617395e-03 -7.380620352132783932e-03 -1.003256499286397062e-02 -1.104961157930553321e-02 -1.373436570134312085e-02 -3.083713316391476639e-02 -9.370960320982180125e-02 -2.822379399148027268e-01 -7.146885066091811511e-01 -1.928178161651311617e+00 -3.359221902448364272e+00 -1.362354022280837107e+01 4.570805504564396493e+00 -1.940896542691298521e+02 7.015355757947925213e+02 -5.256147973153530984e+03 2.324683252472518143e+04 -5.422166614657767241e+03 7.252391857882903423e+02 -2.153029767996798114e+02 1.167960099966046439e+00 -1.763209340669924075e+01 -5.171822861716162123e+00 -2.988526656651995239e+00 -1.225628253011370239e+00 -5.171620848211107013e-01 -1.874186051974894851e-01 -6.535793290196259542e-02 -2.977727032543566951e-02 -2.606339252906410622e-02 -2.884268667170447956e-02 -2.920650121975584823e-02 -2.583668423615011200e-02 -2.027800337652076179e-02 -1.447291198653172586e-02 -9.741412164108821659e-03 -6.575182351200357586e-03 -4.832805159622830492e-03 -4.055023419188502100e-03 -3.741693336454594149e-03 -3.521566948577475962e-03 -3.208506495073303825e-03 -2.775300471994820040e-03 -2.287168513347640018e-03 -1.832686230929677328e-03 -1.475804476384178681e-03 -1.236503040517632776e-03 -1.095803009497465976e-03 -1.014075406455439751e-03 -9.512147339103679475e-04 -8.806062864876030953e-04 -7.937038832363844075e-04 -6.965664054472397180e-04 -6.020803019590348793e-04 -5.220998492273906015e-04 -4.624585443001092799e-04 -4.218745800406259157e-04 -3.940522955770376593e-04 -3.712388147172634057e-04 -3.474586180047324916e-04 -3.202276223612616698e-04 -2.904634902918546693e-04 -2.610852783957587960e-04 -2.351762380382725777e-04 -2.145527743340606725e-04 -1.992068557801662712e-04 -1.876394955466239689e-04 -1.777404249903893050e-04 -1.677294587292460016e-04 -1.567629568019236210e-04 -1.450282863949354443e-04 -1.333989284186032668e-04 -1.228836376077236271e-04 -1.141386879550924265e-04 -1.072311826414509714e-04 -1.016993014345137734e-04 -9.682546079574286659e-05 -9.196635174166031411e-05 -8.679106776802921483e-05 -8.134509657883217250e-05 -7.594542264848037406e-05 -7.098180845303620932e-05 -6.672452846334700992e-05 -6.321827650045549693e-05 -6.029182391815197538e-05 -5.765892331826342175e-05 -5.505202660187420087e-05 -5.232628185172429899e-05 -4.949444800555751492e-05 -4.668927329333553256e-05 -4.408102874710499106e-05 -4.179283748971511926e-05 -3.984980401047191929e-05 -3.818070065579917108e-05 -3.665277724501928898e-05 -3.516905032385518522e-05 -3.356611158300323709e-05 -3.221319583414863235e-05 -3.057100101104823556e-05 -2.714220954555057749e-05 -2.566467038549462122e-05 -2.429297262184466365e-05 -2.221398032021564868e-05 -2.707269852992896567e-05
-1.707898031252840822e-03 -6.142955217595148787e-03 -9.158947855400426455e-03 -1.084598280681174469e-02 -1.123260435136696871e-02 -1.396159486018039644e-02 -3.202071220593238898e-02 -9.739153115316656617e-02 -2.912177255301336420e-01 -7.331663243559690679e-01 -1.964978483949563870e+00 -3.418332403071879799e+00 -1.375387756635094583e+01 4.478386047528243097e+00 -1.947578948062644599e+02 7.023427028566895842e+02 -5.261084942172637966e+03 2.324714204976755718e+04 -5.417608604298715363e+03 7.246745968114424841e+02 -2.147481897773224375e+02 1.267914135857836744e+00 -1.752937916914028804e+01 -5.125364564883731155e+00 -2.962487886477229271e+00 -1.213338536618485008e+00 -5.116391883916220351e-01 -1.852093268379692292e-01 -6.449127010593957987e-02 -2.932034279956481637e-02 -2.564736613485048625e-02 -2.838696932491055480e-02 -2.874479610822017195e-02 -2.542325558133090233e-02 -1.994695260915099050e-02 -1.422978843932022619e-02 -9.570845385818860934e-03 -6.453240837443308120e-03 -4.737349667178480071e-03 -3.971310978217178732e-03 -3.663273676666245482e-03 -3.448055576034054440e-03 -3.142240820871573109e-03 -2.718481706654744725e-03 -2.240325056667074721e-03 -1.794516854137470727e-03 -1.443935520356954497e-03 -1.208519302079646366e-03 -1.070023804427632603e-03 -9.898246267527359074e-04 -9.286173868833121330e-04 -8.601290489856451343e-04 -7.757023071276724366e-04 -6.810259343107325468e-04 -5.886082983757190022e-04 -5.101048275664469504e-04 -4.513893781717385643e-04 -4.113978023104266778e-04 -3.841008828791388956e-04 -3.619374281590424011e-04 -3.389833777014821274e-04 -3.126755828557448397e-04 -2.837877190593027948e-04 -2.551116310378860933e-04 -2.296788095152529864e-04 -2.093430871685138803e-04 -1.941938210430960621e-04 -1.828376022612862096e-04 -1.732305720640413943e-04 -1.635973390541496371e-04 -1.530460157511038426e-04 -1.416937122000856090e-04 -1.303578509848853410e-04 -1.200297931926610199e-04 -1.113905622775949702e-04 -1.045580837712994243e-04 -9.912173501737468447e-05 -9.439298232916797386e-05 -8.972573728681337401e-05 -8.476027425585642321e-05 -7.950391095229422992e-05 -7.424485794182517041e-05 -6.936568300311757502e-05 -6.515204609408795371e-05 -6.167733417854602703e-05 -5.879815500270519198e-05 -5.624308026228167406e-05 -5.374140907537304870e-05 -5.113080611236700947e-05 -4.840184033907474003e-05 -4.567110484795559123e-05 -4.310528094715781246e-05 -4.083846681655943170e-05 -3.890854724655949058e-05 -3.728451130570330674e-05 -3.575514663947100492e-05 -3.454712868195381175e-05 -3.299967632636478581e-05 -2.956875814928230532e-05 -2.790064323119411535e-05 -2.599931841414894601e-05 -2.465502912424088138e-05 -2.247194877937583695e-05 -2.740482637335490133e-05
-1.167333122427641375e-03 -4.434699600761314239e-03 -7.364062417765647808e-03 -9.972411748507570631e-03 -1.138581731222259273e-02 -1.169042148443314930e-02 -1.454791304982506681e-02 -3.330013254957350094e-02 -1.006287483409523537e-01 -2.989150855903586756e-01 -7.491534704417770474e-01 -1.997155341122881289e+00 -3.470486767688041319e+00 -1.386908813691518461e+01 4.395458252993600823e+00 -1.953502353262951203e+02 7.030549466750045440e+02 -5.265478061147404333e+03 2.324740265917688885e+04 -5.413534652953988370e+03 7.241661630112637340e+02 -2.142512918794379004e+02 1.356964989598005378e+00 -1.743735579351261222e+01 -5.083761088585083243e+00 -2.939139511332454546e+00 -1.202311414382739141e+00 -5.066751912541297420e-01 -1.832171321304225386e-01 -6.370598654107123560e-02 -2.890730514505939625e-02 -2.527600074754097342e-02 -2.798344604831000046e-02 -2.833672427642385666e-02 -2.505676547803884630e-02 -1.965117074401061606e-02 -1.400973584429224088e-02 -9.414021818595177601e-03 -6.339978089923585525e-03 -4.649276382809138485e-03 -3.895824776770368935e-03 -3.594243223395781478e-03 -3.384138715312375381e-03 -3.084416683272464630e-03 -2.667976520989304070e-03 -2.197485064792081746e-03 -1.758616173355819889e-03 -1.413573384868505121e-03 -1.182188906452689417e-03 -1.046540034100794988e-03 -9.684841976490050517e-04 -9.091250096035564422e-04 -8.424084095796272693e-04 -7.597150398388767718e-04 -6.666706682779036759e-04 -5.757099393952347637e-04 -4.984589256539493415e-04 -4.408141232935379071e-04 -4.017605258857754940e-04 -3.753114031202340510e-04 -3.539222667190693064e-04 -3.316619878557183093e-04 -3.059536849215337985e-04 -2.775693457254345799e-04 -2.493197416894438190e-04 -2.242703700307933793e-04 -2.043088462407885940e-04 -1.895425496436593988e-04 -1.785731434199464506e-04 -1.693335808996815741e-04 -1.600206268024188089e-04 -1.497250521991795428e-04 -1.385663126848724752e-04 -1.273829304387729517e-04 -1.171962191716700646e-04 -1.087124584180286063e-04 -1.020595770233328217e-04 -9.681887659887875161e-05 -9.228127550563395144e-05 -8.777848881722963943e-05 -8.293760324119632999e-05 -7.776741239911252911e-05 -7.257078098553853315e-05 -6.775075366349057730e-05 -6.360990702050008257e-05 -6.022797123870276891e-05 -5.745563946885587651e-05 -5.500725677711166899e-05 -5.259688239804439239e-05 -5.005311639809231962e-05 -4.736710485510792256e-05 -4.466625699284582958e-05 -4.212645761053150211e-05 -3.991610811983424789e-05 -3.799312527147910340e-05 -3.663833402764224011e-05 -3.515930135688757793e-05 -3.193695945858341794e-05 -3.035158207603331958e-05 -2.842950372376914269e-05 -2.664358961735514915e-05 -2.520791401777160298e-05 -2.290707011585927145e-05 -2.784494831304747643e-05
-7.035857948112951826e-04 -2.849089035011741732e-03 -5.299336480785357684e-03 -8.205153124336667450e-03 -1.079740090900886164e-02 -1.214876261163402860e-02 -1.230107000792535037e-02 -1.509989182857783552e-02 -3.430838092210143631e-02 -1.032913507207913612e-01 -3.055345731145260868e-01 -7.632012672596387715e-01 -2.025672420261824591e+00 -3.516974081549431030e+00 -1.397173835043371781e+01 4.320660215474267929e+00 -1.958788878098587816e+02 7.036881775979633176e+02 -5.269412473080243217e+03 2.324762416728758035e+04 -5.409871527756754404e+03 7.237058941285579294e+02 -2.138036839655212304e+02 1.436785860518425162e+00 -1.735443302195107051e+01 -5.046275350628866008e+00 -2.918066388380199605e+00 -1.192346753611640997e+00 -5.021826199017309644e-01 -1.814137571240828917e-01 -6.299923001291107827e-02 -2.854128589281203221e-02 -2.494864658230224602e-02 -2.762493836910040468e-02 -2.797034116312353477e-02 -2.472430141157775860e-02 -1.938042054219476368e-02 -1.380721964366685324e-02 -9.270049885152483252e-03 -6.237444978197681685e-03 -4.571232399705556573e-03 -3.829863588603861588e-03 -3.533689193849032326e-03 -3.327024228515394581e-03 -3.031500779912023325e-03 -2.620813012915766162e-03 -2.157117778260743239e-03 -1.725048902983683128e-03 -1.385862629042119249e-03 -1.158878277906452313e-03 -1.026156230665335213e-03 -9.499033962486026035e-04 -8.917285856476777576e-04 -8.260411598108799306e-04 -7.445173652291912783e-04 -6.528722500668177097e-04 -5.634600307188196346e-04 -4.877364002288750054e-04 -4.314253182201951324e-04 -3.934040232095500889e-04 -3.676722239136865147e-04 -3.467567666338463423e-04 -3.248450540762377208e-04 -2.994779551310942575e-04 -2.715044578211067033e-04 -2.437524326189255939e-04 -2.192501591755474882e-04 -1.998183505065374670e-04 -1.854998689493184182e-04 -1.748606533037248823e-04 -1.658381631017900697e-04 -1.566678962696855398e-04 -1.464946221605679347e-04 -1.354842881784744434e-04 -1.244973451305883853e-04 -1.145473565881918894e-04 -1.063107079247175213e-04 -9.987893871103092566e-05 -9.480691388747714162e-05 -9.037941654517612871e-05 -8.594298018745149365e-05 -8.115222550656900997e-05 -7.604348457580983390e-05 -7.093582858373192481e-05 -6.623183832414668380e-05 -6.221924824495648717e-05 -5.895671653717424925e-05 -5.627754395577022801e-05 -5.388972352468984593e-05 -5.151353688422852803e-05 -4.899404754499592712e-05 -4.633500940044819606e-05 -4.369728239133861689e-05 -4.117629486635554183e-05 -3.923857283609938915e-05 -3.737168699125763515e-05 -3.406714046696838349e-05 -3.254947740666447640e-05 -3.077223963423940910e-05 -2.910387020750674695e-05 -2.737741204014240516e-05 -2.593448166397233423e-05 -2.352388486601913632e-05 -2.846005018656634061e-05
-3.901496936610431097e-04 -1.691545221842595970e-03 -3.505423261203640881e-03 -6.102408365626341841e-03 -9.098356721488679716e-03 -1.166277444857228597e-02 -1.282890533029498910e-02 -1.272955383110551883e-02 -1.542627487224479572e-02 -3.506118830072223885e-02 -1.055788498730930031e-01 -3.114141267946706204e-01 -7.757636317434727369e-01 -2.051189721391487808e+00 -3.558673111452938631e+00 -1.406373815863521948e+01 4.252930718013645084e+00 -1.963535714842601294e+02 7.042548731074513171e+02 -5.272956481403841281e+03 2.324781400149867113e+04 -5.406560080865297095e+03 7.232872525406118029e+02 -2.133983675403208338e+02 1.508751234685697495e+00 -1.727930426893751203e+01 -5.012309366347778905e+00 -2.898943949910548046e+00 -1.183299602267407602e+00 -4.981047710162161413e-01 -1.797822146460038018e-01 -6.236564266066506323e-02 -2.821596498129137418e-02 -2.465499835778345999e-02 -2.729917877684420388e-02 -2.763485106451189777e-02 -2.441901013816154611e-02 -1.913229634961164868e-02 -1.362300815172375577e-02 -9.140732603373976153e-03 -6.146543639098618617e-03 -4.502236981937214437e-03 -3.770729704782463734e-03 -3.478186738114283100e-03 -3.273770872265400599e-03 -2.981889693253705030e-03 -2.576907238578821004e-03 -2.120196961467550080e-03 -1.695041208351055805e-03 -1.361529583216536041e-03 -1.138423539461830194e-03 -1.007894580976095205e-03 -9.327228952425466310e-04 -8.752315349154643227e-04 -8.103963402618181901e-04 -7.301522152236773928e-04 -6.401577636641780401e-04 -5.525069933464963386e-04 -4.783518258763553286e-04 -4.232071690445613778e-04 -3.859053941982036736e-04 -3.605544426500757369e-04 -3.398725398635896655e-04 -3.182318323843739754e-04 -2.932811108268559386e-04 -2.658740014997250769e-04 -2.387594661924433820e-04 -2.148532191025153033e-04 -1.958843009356236260e-04 -1.818611922052248118e-04 -1.713791606464190869e-04 -1.624474403288948994e-04 -1.533800475512269519e-04 -1.433738931519979419e-04 -1.326035769215456561e-04 -1.218983429544421388e-04 -1.122205059015045733e-04 -1.042005284162479309e-04 -9.790879366367012898e-05 -9.290992640937335519e-05 -8.852145864501578029e-05 -8.412892253983604595e-05 -7.941494284940516716e-05 -7.442252967150545418e-05 -6.945623714855316216e-05 -6.489215450687725096e-05 -6.099276244266941925e-05 -5.780382834524122420e-05 -5.516223910641393350e-05 -5.279417083956887402e-05 -5.043733080555758711e-05 -4.797477042652765350e-05 -4.533551892590048562e-05 -4.297005397739918700e-05 -4.051439242174204567e-05 -3.669610461468214026e-05 -3.479828228102449766e-05 -3.289558899641371724e-05 -3.128471591536270533e-05 -2.972754130600396930e-05 -2.812844858260672818e-05 -2.674888145057929692e-05 -2.428696358184716388e-05 -2.928134781295419842e-05
-2.235884951955290198e-04 -1.008244783139335653e-03 -2.228370444880965751e-03 -4.198835584700387653e-03 -6.880451546898225593e-03 -9.864050323283900593e-03 -1.230354187117879347e-02 -1.326868958306423249e-02 -1.297689662478569185e-02 -1.565369196155865297e-02 -3.574065955519934584e-02 -1.076741025146980002e-01 -3.167337858088616342e-01 -7.870676702388756940e-01 -2.074118341084503214e+00 -3.596233442776695988e+00 -1.414662580233059330e+01 4.191340498632882827e+00 -1.967821727844863631e+02 7.047649725056934358e+02 -5.276165484731102879e+03 2.324797791103804411e+04 -5.403551977422023811e+03 7.229048562606441237e+02 -2.130295942803799676e+02 1.573978847060983677e+00 -1.721091118356202543e+01 -4.981390357077319031e+00 -2.881519687345119429e+00 -1.175056654829473635e+00 -4.943920749722627295e-01 -1.782999862658957435e-01 -6.179142067336255983e-02 -2.791999770280139889e-02 -2.438559658468947289e-02 -2.699964646311049307e-02 -2.732711771250821015e-02 -2.414035144692686791e-02 -1.890725625020834438e-02 -1.345698397146853631e-02 -9.024518815792284890e-03 -6.064389260123926630e-03 -4.438899342665914363e-03 -3.715569401154402394e-03 -3.426160315770040033e-03 -3.224224906851060318e-03 -2.936413790664656274e-03 -2.537323199318309002e-03 -2.087320645261555706e-03 -1.668363091513751402e-03 -1.339590410624801400e-03 -1.119494900989081044e-03 -9.905918165861752819e-04 -9.163244257229868558e-04 -8.596601627192030672e-04 -7.959621161215467249e-04 -7.172230575091982641e-04 -6.289073024753356325e-04 -5.428205162705875431e-04 -4.698873574976578831e-04 -4.155470090611335142e-04 -3.787122443262113509e-04 -3.536640092034170073e-04 -3.332964760092271676e-04 -3.120879258171749943e-04 -2.876949486966030064e-04 -2.608995751371011220e-04 -2.343488476581604872e-04 -2.108789047347603451e-04 -1.921945326084254044e-04 -1.783380418742192876e-04 -1.679732953834559212e-04 -1.591780887446814165e-04 -1.503057626809148068e-04 -1.405514989531093690e-04 -1.300551043322187956e-04 -1.195991865663518768e-04 -1.101107470382549602e-04 -1.022109468077734716e-04 -9.598788987941680529e-05 -9.103980088443892036e-05 -8.671700462259865328e-05 -8.242290065752920676e-05 -7.783739366544675114e-05 -7.298436609285148644e-05 -6.814373040130394755e-05 -6.367344627597941269e-05 -5.983170933731822984e-05 -5.667571568046752775e-05 -5.405700486173663140e-05 -5.174072261176109377e-05 -4.939674412973850637e-05 -4.719469950942867535e-05 -4.462018576154194147e-05 -4.043558280006654955e-05 -3.796021524005774707e-05 -3.551070232793213690e-05 -3.352879780842765381e-05 -3.183018557846700714e-05 -3.031980918551615179e-05 -2.882837231903643687e-05 -2.756391729721870986e-05 -2.512128362572941113e-05 -3.028431835724978608e-05
-1.608799121553974409e-04 -6.925203566449070376e-04 -1.465379635750393679e-03 -2.771703133623756518e-03 -4.771877805980923384e-03 -7.442641880993573940e-03 -1.037732478283861538e-02 -1.273457282991445616e-02 -1.359078144720368003e-02 -1.320180918524723607e-02 -1.591006372834397053e-02 -3.641424841651793448e-02 -1.096008492820397806e-01 -3.215312632185912123e-01 -7.972426255052248445e-01 -2.094795301886491767e+00 -3.630228900928391234e+00 -1.422170562506536662e+01 4.135073757973088071e+00 -1.971711270213275498e+02 7.052265362444630910e+02 -5.279084849067166942e+03 2.324812042068781011e+04 -5.400807337825910508e+03 7.225542134919807040e+02 -2.126926226599309757e+02 1.633370152354558513e+00 -1.714839164460534704e+01 -4.953132875278237535e+00 -2.865581526746115326e+00 -1.167515715730796488e+00 -4.909943298189470839e-01 -1.769424587295458928e-01 -6.126418027676704126e-02 -2.764744376440318729e-02 -2.413816224201218927e-02 -2.672586811994724296e-02 -2.704689768218053111e-02 -2.388715142457828108e-02 -1.870274472903545732e-02 -1.330554293212847343e-02 -8.917626190112996204e-03 -5.987980803594085757e-03 -4.379614304911142765e-03 -3.664212473537696059e-03 -3.378385010065720201e-03 -3.179354817795510251e-03 -2.895563129894539872e-03 -2.501742007033795796e-03 -2.057452739863445661e-03 -1.643667427491762823e-03 -1.318883875212497822e-03 -1.101476646151338269e-03 -9.742646281399445400e-04 -9.011722056070552503e-04 -8.455865162265191644e-04 -7.830902219645722228e-04 -7.056825543358800521e-04 -6.186996216611859688e-04 -5.337942531778033534e-04 -4.617992441013724580e-04 -4.081547625425980576e-04 -3.718472874736362781e-04 -3.472552675780211907e-04 -3.273464652315789618e-04 -3.066236549407323525e-04 -2.827223978988807900e-04 -2.563821121479381657e-04 -2.302141623275085467e-04 -2.070447231528383433e-04 -1.885964428796705944e-04 -1.749451515394172447e-04 -1.647859641861246064e-04 -1.562116852658916512e-04 -1.475705010525049047e-04 -1.380386934468086509e-04 -1.277355429373478542e-04 -1.174326548324016649e-04 -1.080605355008808672e-04 -1.002556122315124298e-04 -9.412485611837871277e-05 -8.927995071547843969e-05 -8.507380056969750628e-05 -8.090176978788860104e-05 -7.643033717921773169e-05 -7.167184662697884904e-05 -6.690190720078548377e-05 -6.248437490158755079e-05 -5.868448797754470677e-05 -5.559158935170539447e-05 -5.298912302642776016e-05 -5.092294192073257124e-05 -4.863592787489142739e-05 -4.466180894747473934e-05 -4.206959837989995100e-05 -3.922052880715893046e-05 -3.667206820954873773e-05 -3.442956228775004420e-05 -3.253968118398177425e-05 -3.094293393404535044e-05 -2.947966138051059663e-05 -2.832158475193902441e-05 -2.594374744786176132e-05 -3.139258260120567551e-05
-1.511504883613193893e-04 -5.891799704563507011e-04 -1.080183997975601431e-03 -1.856245155373509054e-03 -3.137326706931439346e-03 -5.125207324520397213e-03 -7.804941976308811709e-03 -1.075744836569213214e-02 -1.311131262184700268e-02 -1.392030423162167116e-02 -1.346145777443587266e-02 -1.618559381414037129e-02 -3.703754150451493005e-02 -1.113285465641473959e-01 -3.258424686764446743e-01 -8.064367778665134656e-01 -2.113548526917434778e+00 -3.661169331364030555e+00 -1.429005910709733840e+01 4.083459666487858186e+00 -1.975257011566445442e+02 7.056461868316772552e+02 -5.281752086273788336e+03 2.324824511268721108e+04 -5.398292989255153771e+03 7.222315301370052794e+02 -2.123835105167238169e+02 1.687666843219330026e+00 -1.709102352698528904e+01 -4.927207429992913390e+00 -2.850943489497243188e+00 -1.160585601897989871e+00 -4.878686221043031512e-01 -1.756923863084920434e-01 -6.077894815968885173e-02 -2.739811861323106917e-02 -2.391308266375725619e-02 -2.647675578483092360e-02 -2.679115365898747381e-02 -2.365503900321559716e-02 -1.851421283699472911e-02 -1.316508631430900536e-02 -8.818064920830063699e-03 -5.916939462188963716e-03 -4.325057756422702460e-03 -3.617578209748024270e-03 -3.335315148255353895e-03 -3.138804867812320515e-03 -2.858262199000749341e-03 -2.468777222264105682e-03 -2.029394571861682043e-03 -1.620303024510692759e-03 -1.299393087649426811e-03 -1.084802564612011820e-03 -9.594603905231190296e-04 -8.876016282897712445e-04 -8.329560393341851453e-04 -7.713593850913304587e-04 -6.949273546239176022e-04 -6.089922653215292187e-04 -5.251344383135660154e-04 -4.541009847606753812e-04 -4.012722575021919762e-04 -3.656163679442164674e-04 -3.415304676155122210e-04 -3.220230316285648963e-04 -3.016424792319804030e-04 -2.780618592442291189e-04 -2.520429880841527025e-04 -2.262033487354144770e-04 -2.033620331462791060e-04 -1.852269094734752136e-04 -1.718577725995434284e-04 -1.619383034267035020e-04 -1.535583976058614390e-04 -1.450728222088594509e-04 -1.356716228703844977e-04 -1.254902528844099115e-04 -1.153133392902754527e-04 -1.060770297997314565e-04 -9.841473629485224684e-05 -9.242389629391855254e-05 -8.770476174522059758e-05 -8.360201903609152719e-05 -7.950958896511004046e-05 -7.509951633702182478e-05 -7.039552001191001697e-05 -6.567992784873781617e-05 -6.134306251371604481e-05 -5.757716688576302927e-05 -5.473956443724266460e-05 -5.219594672056476721e-05 -4.840250384854366544e-05 -4.609299448221462791e-05 -4.341359190629212025e-05 -4.075129132052027523e-05 -3.810840920831791477e-05 -3.565793015256474703e-05 -3.351089082163525109e-05 -3.170999372812866490e-05 -3.015243589786877672e-05 -2.902505460331643362e-05 -2.670148662366904119e-05 -3.250855154540492305e-05
-1.548226727142988060e-04 -5.644686478944066802e-04 -9.069272537616732133e-04 -1.344678751120836511e-03 -2.065260243103179700e-03 -3.335741971712721712e-03 -5.362543454593977910e-03 -8.111994362608475340e-03 -1.112675173192931646e-02 -1.349561075216017605e-02 -1.425395102174116871e-02 -1.370960693239762704e-02 -1.642537927293919592e-02 -3.757940968023689571e-02 -1.128732018580715091e-01 -3.297474450693807513e-01 -8.148090590953727119e-01 -2.130659659936752437e+00 -3.689464472505571635e+00 -1.435255544447696607e+01 4.035957598778971978e+00 -1.978502527575436147e+02 7.060293969142576316e+02 -5.284198505778264007e+03 2.324835483755498353e+04 -5.395981116190817374e+03 7.219335869263288714e+02 -2.120989407644725304e+02 1.737496367975479350e+00 -1.703819103624809372e+01 -4.903331429902344496e+00 -2.837448047360958459e+00 -1.154192691431017437e+00 -4.849839567998746603e-01 -1.745398413813193661e-01 -6.033374958004150690e-02 -2.717120668540709896e-02 -2.370795532158760308e-02 -2.624812424540764674e-02 -2.655500053119258866e-02 -2.343977107179648009e-02 -1.833896761364066721e-02 -1.303464778890993728e-02 -8.726114070245394663e-03 -5.851973932026932959e-03 -4.275609952708540190e-03 -3.575310217241787873e-03 -3.295893479392181594e-03 -3.101190836724602128e-03 -2.823284967823740544e-03 -2.437724448833720244e-03 -2.003064022315734476e-03 -1.598642681811173003e-03 -1.281621176771129567e-03 -1.069785772873269687e-03 -9.461217408691689279e-04 -8.752000610505569940e-04 -8.211756191823006441e-04 -7.602310526349836039e-04 -6.846577212426531401e-04 -5.997842457154177551e-04 -5.170647676442526562e-04 -4.470825196105914379e-04 -3.950924211941772373e-04 -3.600185454250318887e-04 -3.362975541780596116e-04 -3.170311131963358844e-04 -2.968703220093191881e-04 -2.735613086594359199e-04 -2.478889094977849549e-04 -2.224458524424316539e-04 -1.999987851208562999e-04 -1.822024454335262876e-04 -1.690852706523365595e-04 -1.593313168084585594e-04 -1.510582211382798911e-04 -1.426611681174229048e-04 -1.333656537026767144e-04 -1.233245328677643588e-04 -1.133178330578003541e-04 -1.042606141360491386e-04 -9.676016824531193062e-05 -9.089470486034602152e-05 -8.625968111241393509e-05 -8.220969105724664926e-05 -7.815883301848114569e-05 -7.379477735017880662e-05 -6.917230009334633938e-05 -6.450247909148763262e-05 -6.043228557543217123e-05 -5.674061016933334907e-05 -5.223197460984625235e-05 -4.966989190048400488e-05 -4.713339138911017194e-05 -4.475046724009914027e-05 -4.226806090837217981e-05 -3.970110710775475181e-05 -3.715641078124268145e-05 -3.478817780343183532e-05 -3.272619892159455356e-05 -3.095959655377357624e-05 -2.974423540424150165e-05 -2.740149282223902565e-05 -3.355872798990856229e-05
-1.503436969771162601e-04 -5.365758806245126203e-04 -8.137441073910551756e-04 -1.084186076221469244e-03 -1.463996446161490309e-03 -2.178842700750658300e-03 -3.493319098154382563e-03 -5.596470194740037554e-03 -8.424750836169111329e-03 -1.148820785127965469e-02 -1.385067763355593215e-02 -1.454381524320041107e-02 -1.391221648443582808e-02 -1.662265314637724478e-02 -3.806237760204541493e-02 -1.142837038583812276e-01 -3.333239223850704702e-01 -8.224796729925970551e-01 -2.146338112491278149e+00 -3.715431932012129845e+00 -1.440990559036004193e+01 3.992109029214734317e+00 -1.981484396698292585e+02 7.063807136479740620e+02 -5.286450449446540006e+03 2.324845189203670088e+04 -5.393848208662479010e+03 7.216576461297287324e+02 -2.118360960285056365e+02 1.783392480818046355e+00 -1.698937160318686423e+01 -4.881268606870073690e+00 -2.824966566466709406e+00 -1.148278941545339604e+00 -4.823161401669523451e-01 -1.734757431011166584e-01 -5.992426742852381694e-02 -2.696286244678605323e-02 -2.351850362011791845e-02 -2.603589248554109489e-02 -2.633540622746669349e-02 -2.323975330226024302e-02 -1.817661984856054971e-02 -1.291440187187386374e-02 -8.641824259451305265e-03 -5.792586791900262988e-03 -4.230196398322749220e-03 -3.536055448036916782e-03 -3.258915309684960217e-03 -3.065791328933903988e-03 -2.790494103290090590e-03 -2.408881607970911332e-03 -1.978893416431311541e-03 -1.578950645190534650e-03 -1.265490076969560257e-03 -1.056015895867678644e-03 -9.336686719950196538e-04 -8.634400704116251390e-04 -8.099462168592315003e-04 -7.496928066072972756e-04 -6.750780164117340222e-04 -5.913454275726663569e-04 -5.097638593074726087e-04 -4.407375738722304624e-04 -3.894259436054197591e-04 -3.547656262875697065e-04 -3.312885709591047601e-04 -3.122204543900180054e-04 -2.923102745739741782e-04 -2.693427525643598392e-04 -2.440796384283238979e-04 -2.190522818576016734e-04 -1.969624070462234306e-04 -1.794258756744451571e-04 -1.664714677071412038e-04 -1.568169421483648284e-04 -1.486278514960320753e-04 -1.403393879969416086e-04 -1.311938638828644295e-04 -1.213347397729560694e-04 -1.115150538892230320e-04 -1.026200988816763557e-04 -9.523847482092911488e-05 -8.944753715665822343e-05 -8.485922664251215302e-05 -8.084755247181625430e-05 -7.686540958005001452e-05 -7.253947953871680491e-05 -6.817975259436547485e-05 -6.359407883331144856e-05 -5.791207766618488862e-05 -5.421844089220793694e-05 -5.094422669305077731e-05 -4.831367143651253259e-05 -4.596613084588223162e-05 -4.367093152016779189e-05 -4.127990207855030145e-05 -3.879370159039217979e-05 -3.632404143210472906e-05 -3.403726374306873892e-05 -3.200696489251783915e-05 -3.059085844112459851e-05 -2.811553094847659540e-05 -3.453361726198175846e-05
-1.322547808760574171e-04 -4.756406213430825554e-04 -7.255187344372210833e-04 -9.418082873025172049e-04 -1.170042185180809099e-03 -1.549252824724735430e-03 -2.297011896425467554e-03 -3.666406760378931786e-03 -5.831253084568519506e-03 -8.711562980220620769e-03 -1.180054646886817028e-02 -1.414832312909039026e-02 -1.478543462004122851e-02 -1.408624819408326422e-02 -1.680578462836948561e-02 -3.851661994188825683e-02 -1.155902585912275821e-01 -3.366136438518507190e-01 -8.295257648237687187e-01 -2.160745248796067219e+00 -3.739337928551541346e+00 -1.446271701481801841e+01 3.951508376709468973e+00 -1.984233587231114200e+02 7.067039525902754349e+02 -5.288530227719554205e+03 2.324853815395817583e+04 -5.391874254254894367e+03 7.214013641617655139e+02 -2.115925734388722503e+02 1.825804924714178323e+00 -1.694412435757609003e+01 -4.860821775616780194e+00 -2.813391248443570802e+00 -1.142794121150321862e+00 -4.798419218730249902e-01 -1.724892690652496396e-01 -5.954464943702288821e-02 -2.676929974284695396e-02 -2.334216683732151867e-02 -2.583852952333339295e-02 -2.613162413556087763e-02 -2.305458869039912415e-02 -1.802665407019670568e-02 -1.280342865830037292e-02 -8.563881304920121021e-03 -5.737333915596759711e-03 -4.187603036749955321e-03 -3.499101330079033671e-03 -3.224231323761558073e-03 -3.032861578842741077e-03 -2.760259995128368313e-03 -2.382451500846644813e-03 -1.956759941954613023e-03 -1.560794673265372169e-03 -1.250416680579524015e-03 -1.042970997842429613e-03 -9.218057885459247794e-04 -8.523047895966850366e-04 -7.994592723728799781e-04 -7.399973440885575021e-04 -6.663513136526402411e-04 -5.836600669851728937e-04 -5.030402361419536016e-04 -4.347810626355396823e-04 -3.840094060252715528e-04 -3.497096527351449828e-04 -3.265047664537781336e-04 -3.077074960854807458e-04 -2.881149834887648874e-04 -2.655108075191570083e-04 -2.406196218951950035e-04 -2.159258448893966486e-04 -1.940993292604837998e-04 -1.767520427613097293e-04 -1.639345002049390394e-04 -1.543981714063248785e-04 -1.463375517558408235e-04 -1.382002770669959991e-04 -1.292222918433713456e-04 -1.195284667994651011e-04 -1.098521561126971692e-04 -1.010674721944683946e-04 -9.376595113424456018e-05 -8.803403720266240974e-05 -8.351855371387115006e-05 -7.953791765498793463e-05 -7.580205505255102258e-05 -7.155209886040461264e-05 -6.562295775567820847e-05 -6.104663963176446288e-05 -5.658350988177975245e-05 -5.283802999453276149e-05 -4.975753771959424548e-05 -4.721514088407546399e-05 -4.495375625081922497e-05 -4.273153410610893072e-05 -4.041034042926267510e-05 -3.799094261218026632e-05 -3.559875311919393441e-05 -3.334122719126905097e-05 -3.167029415283591204e-05 -2.895468450628791525e-05 -3.550218110341459308e-05
-1.050365062826670912e-04 -3.873758124404400342e-04 -6.179346133496037416e-04 -8.323372399503969508e-04 -1.027476674157495927e-03 -1.257792280484231091e-03 -1.652416776248145491e-03 -2.424638919971343256e-03 -3.825889153754836406e-03 -6.028514788042150206e-03 -8.946697076547180036e-03 -1.206128520731790214e-02 -1.440695548878321262e-02 -1.500700750094933512e-02 -1.425685891342377137e-02 -1.698884872625655920e-02 -3.894579908591255801e-02 -1.167962015419389127e-01 -3.396383764489481205e-01 -8.360112199890229467e-01 -2.174026070602883998e+00 -3.761421030056092185e+00 -1.451151519516022503e+01 3.913802650020144824e+00 -1.986776382639287419e+02 7.070023496025927443e+02 -5.290456856873023753e+03 2.324861517049550457e+04 -5.390042116311949030e+03 7.211627161923853464e+02 -2.113663163503529745e+02 1.865113513126126721e+00 -1.690207293818184553e+01 -4.841821125062039322e+00 -2.802626982761049046e+00 -1.137692081177515524e+00 -4.775392037329391215e-01 -1.715706252512854690e-01 -5.919092880078152125e-02 -2.658916960900505055e-02 -2.317854106909116030e-02 -2.565566112181353470e-02 -2.594283656126223497e-02 -2.288289752453785339e-02 -1.788730795350518266e-02 -1.269994733797280909e-02 -8.490869062781592272e-03 -5.685406831951989558e-03 -4.147643536678800695e-03 -3.464683930425786415e-03 -3.192187685992463764e-03 -3.002570161415137745e-03 -2.732421522365548455e-03 -2.357967846749921357e-03 -1.936055726882253284e-03 -1.543637273596476468e-03 -1.236095643202250998e-03 -1.030625632065860879e-03 -9.107148080196893203e-04 -8.420360684260967113e-04 -7.898676839136987635e-04 -7.311214562705773594e-04 -6.582823072781193415e-04 -5.764421921701365012e-04 -4.966306700890551736e-04 -4.290642879198761431e-04 -3.788412293691116898e-04 -3.449623162528812318e-04 -3.220933785641376867e-04 -3.035924150154367738e-04 -2.842865877053941384e-04 -2.619686779790076346e-04 -2.373567687533675321e-04 -2.129229876089109848e-04 -1.913281902745728397e-04 -1.741827843107930901e-04 -1.615421185886367465e-04 -1.521648562889763457e-04 -1.442510561729096381e-04 -1.362504745386574788e-04 -1.273985486033383510e-04 -1.178190149222817446e-04 -1.082467175809600997e-04 -9.955492593348864430e-05 -9.235690937511387491e-05 -8.667558855711633887e-05 -8.240597906055355801e-05 -7.849369935106112039e-05 -7.321671690672750302e-05 -6.897034067591584802e-05 -6.423249025273893562e-05 -5.961610746135677521e-05 -5.535665482214495654e-05 -5.171106634124898879e-05 -4.872345936332206010e-05 -4.625450024938630234e-05 -4.405756351381356911e-05 -4.189581406671059161e-05 -3.963347428754326543e-05 -3.728639730387256273e-05 -3.491991897498942387e-05 -3.303031181595487943e-05 -3.002157337717285501e-05 -3.659040003257673252e-05
-7.653965440142243494e-05 -2.927030332546381986e-04 -4.982549957951702300e-04 -7.184120255508299850e-04 -9.282234057149186309e-04 -1.124770417705999110e-03 -1.354403038314768359e-03 -1.747996632576410666e-03 -2.525758451149708213e-03 -3.946605666592142327e-03 -6.184894862232909012e-03 -9.147357133130409532e-03 -1.229819514282121974e-02 -1.465238571940395348e-02 -1.522313895505297658e-02 -1.442477429495332177e-02 -1.716286081918426409e-02 -3.934041878611891502e-02 -1.179033679035206145e-01 -3.424250020340041667e-01 -8.420025749832893425e-01 -2.186314027886141709e+00 -3.781889037227606831e+00 -1.455674611372046989e+01 3.878693540562087261e+00 -1.989135181698162569e+02 7.072786663994868377e+02 -5.292246650594477615e+03 2.324868421924972790e+04 -5.388337040367130612e+03 7.209399421453769037e+02 -2.111555522898526931e+02 1.901645050016393501e+00 -1.686289010424060208e+01 -4.824117238982227107e+00 -2.792589548479569306e+00 -1.132932451956699893e+00 -4.753899028861394704e-01 -1.707131885440108798e-01 -5.886142197804318521e-02 -2.642222506251634337e-02 -2.302711144335974069e-02 -2.548595880537444722e-02 -2.576705707620023308e-02 -2.272252616749199233e-02 -1.775678049690831983e-02 -1.260284027453292127e-02 -8.422397841119502043e-03 -5.636932600249213929e-03 -4.110618594119526924e-03 -3.432957668978637179e-03 -3.162616709648966799e-03 -2.974439201802600834e-03 -2.706350741252201274e-03 -2.334866704793410810e-03 -1.916446918536246881e-03 -1.527426719782877529e-03 -1.222687726908735758e-03 -1.019207491406389594e-03 -9.005411107500897998e-04 -8.326082896880848076e-04 -7.809764520371305580e-04 -7.227796315950047032e-04 -6.506064008441508114e-04 -5.695390599832924044e-04 -4.905273072826030504e-04 -4.236918711942649690e-04 -3.740625496047249960e-04 -3.406200108716799413e-04 -3.180554990354660843e-04 -2.997794825276003591e-04 -2.806748504421242374e-04 -2.585740186084746462e-04 -2.342093338520469259e-04 -2.100434506506634413e-04 -1.887135964300547524e-04 -1.718048479214955330e-04 -1.593559914187513431e-04 -1.501230961006961391e-04 -1.423167743221891829e-04 -1.344047026156309555e-04 -1.256413473294298237e-04 -1.161588145355906096e-04 -1.067119012778528479e-04 -9.810268764080253847e-05 -9.117534122957535105e-05 -8.557985473765495038e-05 -7.981038847758906943e-05 -7.589629991496446549e-05 -7.177314821264859409e-05 -6.748239422460386395e-05 -6.294562567605861258e-05 -5.843658063381546323e-05 -5.428161902287879101e-05 -5.072063959946514938e-05 -4.780403152451470004e-05 -4.539525103248940712e-05 -4.325302995851783142e-05 -4.114344928048387843e-05 -3.894781797549944590e-05 -3.662136675515622713e-05 -3.463110896235258978e-05 -3.136037965078713769e-05 -3.792932945284619106e-05
-5.324830386575102483e-05 -2.116782033139641363e-04 -3.849878877762582066e-04 -5.961152983403915969e-04 -8.194832370530878533e-04 -1.027637608569953627e-03 -1.213294535894555689e-03 -1.427953953630611145e-03 -1.812141966194368405e-03 -2.595874055390137106e-03 -4.043189481858003136e-03 -6.325547787528048790e-03 -9.337899755361334445e-03 -1.252617880513558213e-02 -1.488701902066895746e-02 -1.542629662775622107e-02 -1.457854964014714504e-02 -1.731924291569699598e-02 -3.970054200644257403e-02 -1.189251959962557281e-01 -3.450062855770683612e-01 -8.475607705632358657e-01 -2.197721070132492294e+00 -3.800913975386270405e+00 -1.459878553601890339e+01 3.845926711522014596e+00 -1.991329240866973862e+02 7.075352678951558119e+02 -5.293913688634062055e+03 2.324874636091552384e+04 -5.386746252288306096e+03 7.207315087120853150e+02 -2.109587415932944339e+02 1.935684572952295124e+00 -1.682628994612194973e+01 -4.807580028294154317e+00 -2.783206787125799497e+00 -1.128481941966243296e+00 -4.733799893069892128e-01 -1.699120899805945661e-01 -5.855450483242410215e-02 -2.626727866801704600e-02 -2.288619180471032286e-02 -2.532733833876966642e-02 -2.560229271561505551e-02 -2.257201511983570122e-02 -1.763431909626680255e-02 -1.251193978183778692e-02 -8.358577882070108642e-03 -5.591972752515041341e-03 -4.076334627065564438e-03 -3.403449647160985622e-03 -3.134897344068851305e-03 -2.947897604760084129e-03 -2.681689548937108564e-03 -2.313060997566131292e-03 -1.898057556603434002e-03 -1.512361296116692842e-03 -1.210320861360488116e-03 -1.008685278592460783e-03 -8.910918653999270632e-04 -8.237404771404767574e-04 -7.725231220949547008e-04 -7.148164004990438221e-04 -6.433083867685033879e-04 -5.630456078472793197e-04 -4.848623065461091014e-04 -4.187543453688541439e-04 -3.696726060804208028e-04 -3.365884013701477538e-04 -3.142436618583748756e-04 -2.961284449556679001e-04 -2.771980567526859769e-04 -2.553242948873563653e-04 -2.312381685082550494e-04 -2.073701392753079088e-04 -1.863145756484018627e-04 -1.696235413905720609e-04 -1.573253932157382250e-04 -1.481892882152023420e-04 -1.404548234225173528e-04 -1.326157751385050488e-04 -1.239626844033513511e-04 -1.145667453211738246e-04 -1.054072640438549931e-04 -9.691317075889762105e-05 -8.854906524553687386e-05 -8.296991596722293899e-05 -7.833210492534411053e-05 -7.436963668166051019e-05 -7.043449575943871988e-05 -6.624357914580166471e-05 -6.181102805336903018e-05 -5.739383560142293877e-05 -5.332110566371996786e-05 -4.983084780235414048e-05 -4.697431359874786885e-05 -4.461832902618714032e-05 -4.252423393641344151e-05 -4.047669387544177409e-05 -3.829565107370034276e-05 -3.635442821354059948e-05 -3.292861341777260500e-05 -3.959369246720618725e-05
-3.812040450174308955e-05 -1.550731874603288464e-04 -2.935286081042605627e-04 -4.772169170764144078e-04 -6.913478173874200439e-04 -9.094921236916359529e-04 -1.103527510395834518e-03 -1.271872015247072548e-03 -1.473904719320928182e-03 -1.857568767115640954e-03 -2.657424580554036946e-03 -4.137540542409549015e-03 -6.463944236177001680e-03 -9.520681409349036894e-03 -1.273893350994935968e-02 -1.510126816919597770e-02 -1.560900226043648170e-02 -1.471610866956218899e-02 -1.746204002290715346e-02 -4.003574540309621371e-02 -1.198772437518327294e-01 -3.474082895413292404e-01 -8.527320973409858729e-01 -2.208336747180446480e+00 -3.818639835540827310e+00 -1.463795702520185849e+01 3.815277754591638093e+00 -1.993375255069470029e+02 7.077741893835958535e+02 -5.295470184862438146e+03 2.324880248547607334e+04 -5.385258633013827421e+03 7.205360762300310853e+02 -2.107745403486970872e+02 1.967479999883899433e+00 -1.679202413377075231e+01 -4.792097810080448994e+00 -2.774417355468615121e+00 -1.124312340898143470e+00 -4.714970455024474205e-01 -1.691621272494681361e-01 -5.826755530121032617e-02 -2.612239342561964092e-02 -2.275405533536024177e-02 -2.517838471929719629e-02 -2.544759621705664290e-02 -2.243087270307711142e-02 -1.751970305102653822e-02 -1.242705086156005098e-02 -8.299061648599568089e-03 -5.549989456475766872e-03 -4.044159945872516024e-03 -3.375595980002579419e-03 -3.108671090001779384e-03 -2.922840256266900829e-03 -2.658529339059617809e-03 -2.292711751200686085e-03 -1.880984106802346522e-03 -1.498390255006978259e-03 -1.198795237638465225e-03 -9.987793800313026372e-04 -8.821083179077072577e-04 -8.152781542497375585e-04 -7.644884750522795399e-04 -7.073184160830325775e-04 -6.365106109717594751e-04 -5.570441528136340628e-04 -4.796303392022136132e-04 -4.141567143521790234e-04 -3.655258289262410237e-04 -3.327295687494944733e-04 -3.105770686079157672e-04 -2.926354219417942951e-04 -2.739138141306227039e-04 -2.522984883576119206e-04 -2.284990988758067482e-04 -2.049068170925209831e-04 -1.840806314610197981e-04 -1.675566178663262106e-04 -1.553718771748623280e-04 -1.463168999392657811e-04 -1.386763718519152383e-04 -1.309014227337019923e-04 -1.225178104001554220e-04 -1.132399808721235458e-04 -1.026975454357850482e-04 -9.424903119416201149e-05 -8.701785635732885030e-05 -8.140850226106341860e-05 -7.695897701460829951e-05 -7.308929983379516631e-05 -6.924812198449247890e-05 -6.514222838617257086e-05 -6.079202491117669476e-05 -5.645248810627232042e-05 -5.245038518510528882e-05 -4.902197237820963264e-05 -4.621952698902831523e-05 -4.391091525889901628e-05 -4.187656556034514163e-05 -3.983792144258915954e-05 -3.805319954156797803e-05 -3.460772511291467478e-05 -4.155955532959217959e-05
-3.065179851728314087e-05 -1.231079357202071410e-04 -2.298661225470192558e-04 -3.751282162550116910e-04 -5.571570183661867914e-04 -7.637140594994861484e-04 -9.700166584439631756e-04 -1.152077646434006416e-03 -1.312204257798238244e-03 -1.512881410714368539e-03 -1.904309571987558959e-03 -2.722436226457607394e-03 -4.231192574263587143e-03 -6.593606419988228343e-03 -9.686539401447993858e-03 -1.292988698499162280e-02 -1.529410618264484371e-02 -1.577562594827022074e-02 -1.484477545335908220e-02 -1.759866480103759040e-02 -4.035240263179898368e-02 -1.207671603139251343e-01 -3.496470149382011616e-01 -8.575522063885115953e-01 -2.218237740254476176e+00 -3.835193990739238501e+00 -1.467454535304638163e+01 3.786546480252810820e+00 -1.995287753723313244e+02 7.079971955608343706e+02 -5.296926782831937999e+03 2.324885334633676757e+04 -5.383864458869841656e+03 7.203524672844641827e+02 -2.106017727256150351e+02 1.997245933782806793e+00 -1.675987673524645416e+01 -4.777573601096825051e+00 -2.766167309742269875e+00 -1.120397978977599740e+00 -4.697290011147209343e-01 -1.684578580288019767e-01 -5.799802695360941479e-02 -2.598626814063438248e-02 -2.262996329970710582e-02 -2.503862169893761314e-02 -2.530256288423128608e-02 -2.229862016611743394e-02 -1.741230567828217640e-02 -1.234742543863053509e-02 -8.243093323507918319e-03 -5.510364303713754033e-03 -4.013720476431156814e-03 -3.349286614405398883e-03 -3.084018068677607874e-03 -2.899406272256301910e-03 -2.636938493005968210e-03 -2.273741431637929956e-03 -1.865006983301642583e-03 -1.485222898546999194e-03 -1.187847662298686068e-03 -9.893336541943165661e-04 -8.735688659260239415e-04 -8.073032024552635917e-04 -7.569880960327063065e-04 -7.003609532829421910e-04 -6.302022534159681770e-04 -5.514367394129399309e-04 -4.746851745213922645e-04 -4.097615385405377082e-04 -3.615416407063603622e-04 -3.290386456867921494e-04 -3.071110037008806335e-04 -2.893763616185311693e-04 -2.708751746718915453e-04 -2.494986484260253460e-04 -2.259412391082379673e-04 -2.025718360087356499e-04 -1.819341663703683519e-04 -1.655579594267507612e-04 -1.535059069759243922e-04 -1.445228179246495150e-04 -1.371327959433145274e-04 -1.294539191402275201e-04 -1.197067380226324773e-04 -1.104788304349034413e-04 -1.010644562804468633e-04 -9.261440906852257690e-05 -8.559300920817086581e-05 -8.009052414737669295e-05 -7.573722528676093643e-05 -7.194616715518934011e-05 -6.817803164771644021e-05 -6.414351669151826445e-05 -5.986407622474822839e-05 -5.559282331478926825e-05 -5.165380202375963550e-05 -4.828223331975922721e-05 -4.552920331681237828e-05 -4.328110613884220966e-05 -4.125168936808711192e-05 -3.962364166471153470e-05 -3.625329333136298357e-05 -4.370473907280200937e-05
-2.821664654364339366e-05 -1.087926251059929673e-04 -1.908639018083400723e-04 -2.973235650569639463e-04 -4.357670155653535753e-04 -6.099104497088145326e-04 -8.096865627460517970e-04 -1.011952957117902719e-03 -1.192606713413947193e-03 -1.353195691238192515e-03 -1.556219106234940728e-03 -1.953584706295098325e-03 -2.784272968239033617e-03 -4.314792187346590084e-03 -6.707719625760207548e-03 -9.834310365435491516e-03 -1.310357716212770703e-02 -1.547330158548851364e-02 -1.593369404587358443e-02 -1.496910548316292451e-02 -1.773004367060260905e-02 -4.064985157749285288e-02 -1.215974256458100256e-01 -3.517355794744329023e-01 -8.620543789641037513e-01 -2.227494571970890735e+00 -3.850690968137571168e+00 -1.470880050821980234e+01 3.759557334268417872e+00 -1.997079405825037668e+02 7.082058261496146088e+02 -5.298292800284799341e+03 2.324889958314715477e+04 -5.382555191744709191e+03 7.201796408939634375e+02 -2.104394062501356757e+02 2.025169626440879611e+00 -1.672965764130622190e+01 -4.763921193915005681e+00 -2.758408008734161143e+00 -1.116715389406255587e+00 -4.680649780896645185e-01 -1.677948729076061685e-01 -5.774443297539490899e-02 -2.585850419695046032e-02 -2.251368282803154278e-02 -2.490758530347071328e-02 -2.516641491143861015e-02 -2.217427340817267056e-02 -1.731113517612012376e-02 -1.227226161220500503e-02 -8.190182996438982385e-03 -5.472928108788278033e-03 -3.985072038431734451e-03 -3.324650499386245638e-03 -3.060997329090950434e-03 -2.877504519856034868e-03 -2.616680184596171382e-03 -2.255841425585609038e-03 -1.849847106538085812e-03 -1.472690503055861314e-03 -1.177447170764190634e-03 -9.804230801753086814e-04 -8.655838850131095195e-04 -7.998869190484019214e-04 -7.500082071722624514e-04 -6.938439271858701587e-04 -6.242354458746255264e-04 -5.460843215916084438e-04 -4.699442540634635439e-04 -4.055614508109885575e-04 -3.577725159630626558e-04 -3.255889331879599307e-04 -3.038965426913943784e-04 -2.863522989528918187e-04 -2.680311276794414646e-04 -2.468434869747014571e-04 -2.234872664426548825e-04 -2.003188593512245140e-04 -1.798845060651019343e-04 -1.636434590537580512e-04 -1.518752181496665628e-04 -1.429948395614633126e-04 -1.342581417960281808e-04 -1.266097494034465183e-04 -1.179555712410795766e-04 -1.087312327220319797e-04 -9.954144908028867702e-05 -9.122246599744646990e-05 -8.431957797367676188e-05 -7.890931365828785947e-05 -7.463160201326294110e-05 -7.090607041335718070e-05 -6.720000280028388343e-05 -6.322778634244024143e-05 -5.901138312308254290e-05 -5.480199760329806463e-05 -5.092183628407673354e-05 -4.760294750704686467e-05 -4.491379666046160026e-05 -4.266919715264633477e-05 -4.106805071967746832e-05 -3.776633061183031566e-05 -4.585834871579941443e-05
-2.771311122892195758e-05 -1.027866107896941599e-04 -1.681749325617742691e-04 -2.436821190522010967e-04 -3.403603372577131852e-04 -4.724367974977541017e-04 -6.449332516996615335e-04 -8.471402043746643516e-04 -1.053215374475826140e-03 -1.236179252091151350e-03 -1.396350974271238317e-03 -1.597739810051072374e-03 -1.996278622081018410e-03 -2.835911800289029044e-03 -4.386552367645900861e-03 -6.810048945517445558e-03 -9.971219583627437960e-03 -1.326751112631919562e-02 -1.564388161297066912e-02 -1.608446888761856999e-02 -1.508712034791751845e-02 -1.785300735674199071e-02 -4.092680994802877503e-02 -1.223724507078915169e-01 -3.536891264898129328e-01 -8.662709950966217543e-01 -2.236170465442713695e+00 -3.865230580102009483e+00 -1.474093943494312420e+01 3.734157758293267904e+00 -1.998761308441442281e+02 7.084014290000770870e+02 -5.299576431724784015e+03 2.324894173990588752e+04 -5.381323304477824422e+03 7.200166739023750324e+02 -2.102865291625749649e+02 2.051416737257865996e+00 -1.670119782896964011e+01 -4.751063620629691897e+00 -2.751096216153808616e+00 -1.113244193809954208e+00 -4.664960877597942313e-01 -1.671699978582884827e-01 -5.750586570837569467e-02 -2.573870750963292570e-02 -2.240459940402086264e-02 -2.478431858488941777e-02 -2.503803660928182948e-02 -2.205682320195375898e-02 -1.721548617972665923e-02 -1.220121668357437850e-02 -8.140273429468635955e-03 -5.437751686052929960e-03 -3.958252693082300530e-03 -3.301593030938065713e-03 -3.039371070400275800e-03 -2.856819862969068625e-03 -2.597461555073508552e-03 -2.238824404114180856e-03 -1.835454149272859733e-03 -1.460851627680742225e-03 -1.167692824228061359e-03 -9.721130496478897843e-04 -8.581378736556817891e-04 -7.929296282620558207e-04 -7.434014092287646782e-04 -6.876273712513275398e-04 -6.185248295053137916e-04 -5.409752896119554740e-04 -4.654553983843907243e-04 -4.016258215239204695e-04 -3.542671059162741929e-04 -3.223807163637857688e-04 -3.008831562548431020e-04 -2.834828474938063010e-04 -2.653048344839448419e-04 -2.442862679972410155e-04 -2.211449347376447854e-04 -1.981622781087798114e-04 -1.780754741828741779e-04 -1.619964468783169559e-04 -1.489465998649278653e-04 -1.401043611359745038e-04 -1.324254174596723875e-04 -1.247631079432744204e-04 -1.163188934251515482e-04 -1.072276224209832928e-04 -9.817226275886209409e-05 -8.996872300888244926e-05 -8.316296896655949670e-05 -7.783137203543648221e-05 -7.361830472158048695e-05 -6.994958500156263099e-05 -6.629821864736169866e-05 -6.238196975955831176e-05 -5.822321766687759271e-05 -5.407221794078789383e-05 -5.024717531264284297e-05 -4.699659520949431724e-05 -4.431180666926344693e-05 -4.251569434669028762e-05 -3.915410281617571711e-05 -4.788278440906901002e-05
-2.680374389308768697e-05 -9.742655562145373838e-05 -1.527897976825045667e-04 -2.086467793095036691e-04 -2.744361062635921906e-04 -3.671929037973506709e-04 -5.010002936562588495e-04 -6.789043247206205407e-04 -8.867808091152434369e-04 -1.095719640317647202e-03 -1.277403883042362628e-03 -1.433268257099241331e-03 -1.630718508528635835e-03 -2.030349295296092135e-03 -2.880395347514341092e-03 -4.452767014843546367e-03 -6.907300224091431073e-03 -1.010192876117285872e-02 -1.342316698545317939e-02 -1.580450614209904722e-02 -1.622520429211037410e-02 -1.519639890128376622e-02 -1.796696170288613822e-02 -4.118575662293095380e-02 -1.230993342366376170e-01 -3.555224782452888754e-01 -8.702299548004898133e-01 -2.244318926588319218e+00 -3.878898251395111352e+00 -1.477115128850642023e+01 3.710212948744185724e+00 -2.000343246137506696e+02 7.085851872038025476e+02 -5.300784913462382065e+03 2.324898028208774849e+04 -5.380162134130247978e+03 7.198627462916354034e+02 -2.101423323089892676e+02 2.076134440575351459e+00 -1.667434721657666685e+01 -4.738933012246703491e+00 -2.744194281895870891e+00 -1.109967010127786757e+00 -4.650148323108466708e-01 -1.665803723324867369e-01 -5.728112109535260510e-02 -2.562599685052857970e-02 -2.230175237064994584e-02 -2.466783835117478466e-02 -2.491660631176754320e-02 -2.194573177284992252e-02 -1.712509953298630913e-02 -1.213420134655180706e-02 -8.093302446708949480e-03 -5.404693944663584680e-03 -3.933012967894144660e-03 -3.279801328623721708e-03 -3.018847040596605788e-03 -2.837156556519391734e-03 -2.579214918536126312e-03 -2.222727266914195903e-03 -1.821906998966840328e-03 -1.449757221635319341e-03 -1.158561816206059997e-03 -9.643024113184185588e-04 -8.510848766077820215e-04 -7.862926655006873943e-04 -7.370814676232311522e-04 -6.816961436511240636e-04 -6.131129377655524610e-04 -5.361735783996734572e-04 -4.612631708458147140e-04 -3.979529665411683098e-04 -3.509748690841375460e-04 -3.193346742249667664e-04 -2.979950085954719452e-04 -2.807213850772592484e-04 -2.627027343011157008e-04 -2.418397683508754234e-04 -2.190538724916478094e-04 -1.962806319377859924e-04 -1.750049734235521390e-04 -1.590217201007876140e-04 -1.470421543435259488e-04 -1.381941895449583543e-04 -1.307096142478209131e-04 -1.231610340014566477e-04 -1.148391280221243308e-04 -1.058654647990333447e-04 -9.692275455831188800e-05 -8.882019241254332975e-05 -8.209974439241724193e-05 -7.683756192507477272e-05 -7.268167535116177138e-05 -6.906358763076922533e-05 -6.546169113619375584e-05 -6.159696974406884376e-05 -5.749314555693081364e-05 -5.339723935914679871e-05 -4.964402084032014584e-05 -4.639972125861118639e-05 -4.418461337408321002e-05 -4.054862522042322978e-05 -4.975314066243515985e-05
-2.444943820634075369e-05 -8.874940545895903729e-05 -1.382535507294947697e-04 -1.847169932630869844e-04 -2.332307660885474861e-04 -2.974097120399234401e-04 -3.929016148680148724e-04 -5.316170510842878035e-04 -7.139873669065220033e-04 -9.239458646848602982e-04 -1.131865629329097426e-03 -1.310107254249119396e-03 -1.462037738788882950e-03 -1.657902797354322486e-03 -2.061481797068074728e-03 -2.923685429657039633e-03 -4.517413739160557919e-03 -7.000504952906844852e-03 -1.022501754517953637e-02 -1.356811399312006158e-02 -1.595329858132537096e-02 -1.635556021384624442e-02 -1.529827950348669821e-02 -1.807452317171184819e-02 -4.143040264984615417e-02 -1.237838659606637498e-01 -3.572467646375008243e-01 -8.739535179083298688e-01 -2.251985455552734550e+00 -3.891769026253711683e+00 -1.479960395436483367e+01 3.687601531691237611e+00 -2.001833886643445339e+02 7.087581440409106790e+02 -5.301924658349256788e+03 2.324901561128910180e+04 -5.379065760474752096e+03 7.197171272499241468e+02 -2.100060957762477756e+02 2.099452901605811217e+00 -1.664897296869245480e+01 -4.727469676146339062e+00 -2.737669064745914316e+00 -1.106868312995319181e+00 -4.636141405877360899e-01 -1.660229278707947009e-01 -5.706872180970541664e-02 -2.551945841597455175e-02 -2.220445261149027114e-02 -2.455761984621929184e-02 -2.480175112412012078e-02 -2.184072998754627709e-02 -1.703973294742327713e-02 -1.207093642125055266e-02 -8.048937693662959469e-03 -5.373405573747466572e-03 -3.909051587831269964e-03 -3.259079151915747138e-03 -2.999353196259265091e-03 -2.818539068421339021e-03 -2.562000809626020781e-03 -2.207581756301102600e-03 -1.809167464742301697e-03 -1.439296851614238829e-03 -1.149904521013706557e-03 -9.568520812749761219e-04 -8.443387051100428690e-04 -7.799594421178184748e-04 -7.310874428503301393e-04 -6.761094230651888259e-04 -6.080396571122150071e-04 -5.316741132799914990e-04 -4.573154377045320919e-04 -3.944634702333929218e-04 -3.478205107024440797e-04 -3.164044742506197340e-04 -2.952377554315442024e-04 -2.780795798472421938e-04 -2.603605867455389359e-04 -2.396777565987905795e-04 -2.157415530197120620e-04 -1.931104200384300084e-04 -1.729458370480969648e-04 -1.570125738283432071e-04 -1.452565011435246205e-04 -1.365274341909035840e-04 -1.291520387208580894e-04 -1.217029166882924342e-04 -1.134825154501671905e-04 -1.046121317578097075e-04 -9.576968801678203958e-05 -8.775791368633788605e-05 -8.111439335040000482e-05 -7.591484087435641044e-05 -7.181063444631834939e-05 -6.823870620451970076e-05 -6.468262650718929600e-05 -6.086745648191927934e-05 -5.681578611135569540e-05 -5.279275656412855760e-05 -4.904700769816081388e-05 -4.629306524700775339e-05 -4.216670092645696073e-05 -5.159424852409046823e-05
-2.079336620528603790e-05 -7.647366805078005731e-05 -1.218331791462627358e-04 -1.654328809710406086e-04 -2.077779297484819252e-04 -2.561038523434073177e-04 -3.220724005826239452e-04 -4.198364703097875171e-04 -5.602201290228293667e-04 -7.432597757635827328e-04 -9.529548862537783700e-04 -1.159937393045490676e-03 -1.336947419312512235e-03 -1.488060606002841475e-03 -1.684875221146815445e-03 -2.093248993827904764e-03 -2.966421496599545675e-03 -4.578724292060826206e-03 -7.086982346277350894e-03 -1.033853643066848758e-02 -1.370217392419929847e-02 -1.609191836125488037e-02 -1.647825077234948976e-02 -1.539542424256284264e-02 -1.817757970933257458e-02 -4.166219969436098930e-02 -1.244289405167148949e-01 -3.588702142696189590e-01 -8.774609606612997492e-01 -2.259211083947851417e+00 -3.903910865691005316e+00 -1.482644764370861168e+01 3.666214491405651810e+00 -2.003240922740890824e+02 7.089212244570517214e+02 -5.303001368773205286e+03 2.324904807558083849e+04 -5.378028905970519190e+03 7.195791623570527236e+02 -2.098771777783964865e+02 2.121487289353938710e+00 -1.662495687749772699e+01 -4.716620286825455644e+00 -2.731490575573182866e+00 -1.103933719867000063e+00 -4.622872949952256394e-01 -1.654947948936547342e-01 -5.686751051653390204e-02 -2.541861967603726083e-02 -2.211243636980197644e-02 -2.445340013780030256e-02 -2.469312701287976197e-02 -2.174138220513696304e-02 -1.695889898371605656e-02 -1.201095365756045530e-02 -8.006804884200725836e-03 -5.343655205535329314e-03 -3.886283671564512258e-03 -3.239445781876028416e-03 -2.980943426342514465e-03 -2.800988137232818340e-03 -2.545767124170086968e-03 -2.193263698683005965e-03 -1.797074864887378580e-03 -1.429323961725158200e-03 -1.141630246592228006e-03 -9.497425715042044766e-04 -8.379358648338367530e-04 -7.739862973861421323e-04 -7.254561536424732841e-04 -6.708592826837431623e-04 -6.032506434937103023e-04 -5.273960391639077568e-04 -4.535360040847007741e-04 -3.911102734488642609e-04 -3.448085505327592960e-04 -3.136008778107554867e-04 -2.927438552617666126e-04 -2.757269953326099070e-04 -2.568345295094892080e-04 -2.362671402517644052e-04 -2.134330282399005585e-04 -1.908968947593485594e-04 -1.710112420022205019e-04 -1.552474221567990873e-04 -1.436299128285068913e-04 -1.350054627367326383e-04 -1.277194293997267012e-04 -1.203565291979491448e-04 -1.122259723811186622e-04 -1.034487242298795750e-04 -9.469757815401032156e-05 -8.676886219855336384e-05 -8.019582385366213042e-05 -7.505369287105991178e-05 -7.099709535604772231e-05 -6.746821647658613982e-05 -6.395663026508059961e-05 -6.018879453968969088e-05 -5.620823172305903647e-05 -5.219158361311642715e-05 -4.895578070114450716e-05 -4.422118695445911824e-05 -5.364998170056598631e-05
-1.665522739053276323e-05 -6.265662284492649078e-05 -1.039215728136041496e-04 -1.469476566405378433e-04 -1.891212784504475350e-04 -2.315881251396188745e-04 -2.798101146952126569e-04 -3.450041493188370180e-04 -4.416921560140420026e-04 -5.815151739553156519e-04 -7.650920523520144192e-04 -9.763252307896821795e-04 -1.185102907230731022e-03 -1.363299942819498579e-03 -1.514779011858190813e-03 -1.712192939438209266e-03 -2.123774746344543607e-03 -3.005723384896070386e-03 -4.634451487081996633e-03 -7.166233226427411694e-03 -1.044393473203532666e-02 -1.382807981625242856e-02 -1.622325296574950171e-02 -1.659526743691583719e-02 -1.548843055216843866e-02 -1.827566974654393564e-02 -4.188089777096709598e-02 -1.250367422428371456e-01 -3.604008716485799235e-01 -8.807707665298589728e-01 -2.266033565654510973e+00 -3.915384930319763424e+00 -1.485181587498929368e+01 3.645955037763308315e+00 -2.004571196864442868e+02 7.090752514565353977e+02 -5.304020133045607508e+03 2.324907797690077859e+04 -5.377046851693531607e+03 7.194482635041466665e+02 -2.097550041249023138e+02 2.142340475059691940e+00 -1.660219271420718457e+01 -4.706336597705093716e+00 -2.725631551548219011e+00 -1.101150213071958817e+00 -4.610284298266432712e-01 -1.649937355606735934e-01 -5.667679372722535941e-02 -2.532325930282397150e-02 -2.202545778392673084e-02 -2.435475363561736065e-02 -2.459016115350744561e-02 -2.164708412359532194e-02 -1.688208508604994648e-02 -1.195391228031761517e-02 -7.966748832708725817e-03 -5.315425909750569507e-03 -3.864748899789548307e-03 -3.220917429445101666e-03 -2.963562110872969106e-03 -2.784373057540997717e-03 -2.530343305751238565e-03 -2.179614987920540804e-03 -1.785527374975025500e-03 -1.419809889957199906e-03 -1.133768929570806673e-03 -9.430261185876847229e-04 -8.319109204256271498e-04 -7.683641159464183780e-04 -7.201324127163853282e-04 -6.658638467733910341e-04 -5.986682204541949465e-04 -5.232903784540236932e-04 -4.499270106554826036e-04 -3.879023551401998820e-04 -3.420679134864911919e-04 -3.110895310975612363e-04 -2.890975055465121917e-04 -2.721602369616282942e-04 -2.543036899205836023e-04 -2.338067478258915477e-04 -2.112590109820000769e-04 -1.889328223203002048e-04 -1.692401882125242325e-04 -1.536294172260527951e-04 -1.421296416407710674e-04 -1.335965536123905084e-04 -1.263889690630117305e-04 -1.191030863045004128e-04 -1.110540114020173080e-04 -1.023621552988424776e-04 -9.369524613086966291e-05 -8.584341124024506158e-05 -7.933573161229514519e-05 -7.424706184221922106e-05 -7.023522669280787075e-05 -6.674854858492065932e-05 -6.327975344537183620e-05 -5.957953916857943236e-05 -5.560141071557740471e-05 -5.211404491696663331e-05 -4.681901534597653097e-05 -5.618834209248826640e-05
-1.295188461132609054e-05 -4.995699890696051214e-05 -8.652576082528627905e-05 -1.281291642776379264e-04 -1.711138703992883426e-04 -2.128677185197815893e-04 -2.534391519330744628e-04 -2.987709499096584333e-04 -3.613041477329968516e-04 -4.568740149164285153e-04 -5.977914073793602493e-04 -7.843346690694331328e-04 -9.991865352506315752e-04 -1.210716860623796973e-03 -1.389783338025676581e-03 -1.540439443608850826e-03 -1.737040657216195119e-03 -2.150723064437362348e-03 -3.040820245228293903e-03 -4.685646456209470283e-03 -7.240595273243185734e-03 -1.054386453310089504e-02 -1.394785691739170753e-02 -1.634815998430091261e-02 -1.670631006772637511e-02 -1.557634160592875558e-02 -1.836801982562543886e-02 -4.208701092241252245e-02 -1.256105582204791737e-01 -3.618471723674362428e-01 -8.839000667072669515e-01 -2.272486412532014555e+00 -3.926245057807379091e+00 -1.487582687680024129e+01 3.626737012606312760e+00 -2.005830821756164539e+02 7.092209588193377385e+02 -5.304985506721370257e+03 2.324910557783604236e+04 -5.376115365123130687e+03 7.193239013054139832e+02 -2.096390588730288300e+02 2.162105079920732642e+00 -1.658058468714685674e+01 -4.696575154733323210e+00 -2.720067641930945079e+00 -1.098506415249439483e+00 -4.598326048445055547e-01 -1.645179340987536210e-01 -5.649593869857857248e-02 -2.523299351028597537e-02 -2.194303831833455468e-02 -2.426108948795657402e-02 -2.449226507619698193e-02 -2.155736984969569905e-02 -1.680900681848937483e-02 -1.189969216001170865e-02 -7.928743190226322790e-03 -5.288701342226889007e-03 -3.844381208733255954e-03 -3.203362562721654393e-03 -2.947038080087869844e-03 -2.768530613694383455e-03 -2.515617466450235581e-03 -2.166594156904896613e-03 -1.774542437833823713e-03 -1.410797137412608945e-03 -1.126349241633457180e-03 -9.366912222950133640e-04 -8.262085038704021500e-04 -7.630114452523126299e-04 -7.150382739771058479e-04 -6.610726135541340016e-04 -5.942916720400979883e-04 -5.193632846565759877e-04 -4.466128027592032265e-04 -3.850007510309937228e-04 -3.382096055581453086e-04 -3.073958599986601967e-04 -2.864338554717730102e-04 -2.695336623819807767e-04 -2.519157957275990631e-04 -2.316030420023138024e-04 -2.092569796871550803e-04 -1.871227382777918620e-04 -1.676001705793763428e-04 -1.521272174406313664e-04 -1.407331582395772126e-04 -1.322821408045178713e-04 -1.251452796968919852e-04 -1.179294997514638058e-04 -1.099553639570298517e-04 -1.013426494309919545e-04 -9.275419347291549059e-05 -8.497420213005693103e-05 -7.852788799957768082e-05 -7.348986594217011593e-05 -6.952220569731228127e-05 -6.607640830787402488e-05 -6.267221270713119088e-05 -5.896836358107165069e-05 -5.554065944355398958e-05 -4.989447708853472140e-05 -5.937823885984094336e-05
-1.027814777825680366e-05 -4.027633288268810135e-05 -7.170546918464301982e-05 -1.096975986199786907e-04 -1.512970131994143788e-04 -1.929916004787220261e-04 -2.318641963725185621e-04 -2.689325620111777146e-04 -3.114714928195684248e-04 -3.730367460539920602e-04 -4.698770590359893683e-04 -6.138685456124459011e-04 -8.041904037657036887e-04 -1.022187483340746906e-03 -1.235183213003166478e-03 -1.413766960225805881e-03 -1.562813533696772892e-03 -1.758604994947552281e-03 -2.174931546507457517e-03 -3.073702213966386047e-03 -4.734566390187285208e-03 -7.311767850836472724e-03 -1.063903974945164428e-02 -1.406130346657103423e-02 -1.646595497308895109e-02 -1.681075115925118393e-02 -1.565901508117507890e-02 -1.845524839414352733e-02 -4.228224737942189865e-02 -1.261539825750748467e-01 -3.632165223415774191e-01 -8.868634278020307571e-01 -2.278598642415107012e+00 -3.936538748952060907e+00 -1.489858632131891802e+01 3.608482541278771549e+00 -2.007025283259222022e+02 7.093590025278418807e+02 -5.305901580352092424e+03 2.324913110816992048e+04 -5.375230638384896338e+03 7.192055983884505395e+02 -2.095288770616986653e+02 2.180864426513794196e+00 -1.656004666373443968e+01 -4.687297138136997887e+00 -2.714777225251022941e+00 -1.095992260207714120e+00 -4.586953546890438771e-01 -1.640655715319841168e-01 -5.632412320394396266e-02 -2.514727345911256171e-02 -2.186467567387506000e-02 -2.417195151137455089e-02 -2.439908122451401110e-02 -2.147200167790471251e-02 -1.673951836453639597e-02 -1.184818368462069865e-02 -7.892664441297301409e-03 -5.263323663305719685e-03 -3.825002453564546254e-03 -3.186617977489342602e-03 -2.931257774395193416e-03 -2.753412405168529590e-03 -2.501595565298951000e-03 -2.154230698551110653e-03 -1.764137442078170985e-03 -1.402266660013084653e-03 -1.119312270238438092e-03 -9.306557175571678314e-04 -8.207509815033700888e-04 -7.578775841393319652e-04 -7.101713071986034704e-04 -6.564892976589815649e-04 -5.902404005991358001e-04 -5.157703269387162561e-04 -4.422292721112913282e-04 -3.809580160426992673e-04 -3.353259921042147317e-04 -3.046313791635421749e-04 -2.839173617755085433e-04 -2.671672258339744714e-04 -2.497069595756181673e-04 -2.295617749793783119e-04 -2.073943940680534573e-04 -1.854353633624649430e-04 -1.660687081914364119e-04 -1.507223717372927743e-04 -1.394252203313672063e-04 -1.310492385874680043e-04 -1.239771170595506877e-04 -1.168259229650928425e-04 -1.089213691149520328e-04 -1.003826030335468872e-04 -9.186781079522907177e-05 -8.415567177562987091e-05 -7.776783795227598347e-05 -7.277996253007853827e-05 -6.885535401959258929e-05 -6.547392407702389992e-05 -6.205973078670717284e-05 -5.893168607466941556e-05 -5.321754175722935083e-05 -6.319441676118329478e-05
-8.750487769668108574e-06 -3.415451529408647900e-05 -6.056366316541182926e-05 -9.304276685352093161e-05 -1.302179542694371418e-04 -1.698386710856154456e-04 -2.086693206876908974e-04 -2.447460040467996293e-04 -2.799577675707395560e-04 -3.220883082253179325e-04 -3.847209764318182293e-04 -4.837293620562813480e-04 -6.303776030696147531e-04 -8.231682531648982148e-04 -1.042854926911635947e-03 -1.256409645460036546e-03 -1.434497254619009760e-03 -1.582695741434086934e-03 -1.778729190305579399e-03 -2.198425695974187515e-03 -3.105786886990744879e-03 -4.781643568734382857e-03 -7.379332582070598050e-03 -1.072869284574185823e-02 -1.416788184617035797e-02 -1.657670478430495198e-02 -1.690929101633680334e-02 -1.573753516417239484e-02 -1.853855590329673425e-02 -4.246802411151834322e-02 -1.266695225714134510e-01 -3.645146392660438273e-01 -8.896732107083406005e-01 -2.284396073251258041e+00 -3.946308969683644197e+00 -1.492018972915006003e+01 3.591120732743018351e+00 -2.008159516776582052e+02 7.094899713709938851e+02 -5.306772036703760023e+03 2.324915477010599352e+04 -5.374389236237570003e+03 7.190929228721087156e+02 -2.094240390261356310e+02 2.198693264245921597e+00 -1.654050117278447019e+01 -4.678467676668220498e+00 -2.709740751319112295e+00 -1.093598470329516070e+00 -4.576123946843344004e-01 -1.636348041772671402e-01 -5.616053474779000160e-02 -2.506567862949049888e-02 -2.179008593778530845e-02 -2.408710640488697860e-02 -2.431039492875756644e-02 -2.139076342088889679e-02 -1.667339005647982056e-02 -1.179914745933450387e-02 -7.858284718650956555e-03 -5.239106533636045393e-03 -3.806491660106636407e-03 -3.170633041832291495e-03 -2.916223329528688530e-03 -2.739040253694136756e-03 -2.488284587940154790e-03 -2.142494985531718295e-03 -1.754244962530851319e-03 -1.394130841937966112e-03 -1.112577622507496299e-03 -9.248676908299088015e-04 -8.155347820682666213e-04 -7.529650408231200291e-04 -7.056470739419198630e-04 -6.522644342562787783e-04 -5.851739378665324039e-04 -5.110894139215311095e-04 -4.388264292462580205e-04 -3.778435500728465871e-04 -3.325974296706885286e-04 -3.021291703076109435e-04 -2.815830979730398549e-04 -2.649681088741439954e-04 -2.476446984880995429e-04 -2.276516203879033686e-04 -2.056485741013389036e-04 -1.838520802767268901e-04 -1.646304813428018537e-04 -1.494019072430294423e-04 -1.381946392910164310e-04 -1.298880362149731460e-04 -1.228757844268283620e-04 -1.157846135513143296e-04 -1.079451615792581629e-04 -9.947601825968453010e-05 -9.103107657146972185e-05 -8.338388526236910456e-05 -7.705404692787855953e-05 -7.211521963726789648e-05 -6.825890595503325130e-05 -6.486298493169545066e-05 -6.205585503111669737e-05 -5.648751417380932014e-05 -6.740325210623110560e-05
-8.088355898706038632e-06 -3.090100760603790484e-05 -5.297917417626778479e-05 -7.926054106231751834e-05 -1.099414618935451096e-04 -1.449313015203391314e-04 -1.824658195697489624e-04 -2.198837508104892831e-04 -2.554047452996686431e-04 -2.907784672339048864e-04 -3.335115938075271149e-04 -3.969840379506578811e-04 -4.970294365125340870e-04 -6.449639483314417200e-04 -8.392677176172527167e-04 -1.060472124331811143e-03 -1.275172368176207384e-03 -1.453759613661203447e-03 -1.602028350739274779e-03 -1.798724416577305880e-03 -2.221499481624137316e-03 -3.136478892831004710e-03 -4.825907281989339805e-03 -7.442565345403904208e-03 -1.081278676847353092e-02 -1.426832515431313009e-02 -1.668163792728588959e-02 -1.700318245937909936e-02 -1.581276713000809991e-02 -1.861833498583497296e-02 -4.264473130124478428e-02 -1.271587597749942733e-01 -3.657464596091249964e-01 -8.923408165710496887e-01 -2.289902510858160323e+00 -3.955595003670063559e+00 -1.494072346874608925e+01 3.574587476745370918e+00 -2.009237968410965891e+02 7.096143957498514965e+02 -5.307600200282012338e+03 2.324917674188923047e+04 -5.373588052028977472e+03 7.189854826716160687e+02 -2.093241651965456356e+02 2.215658926351417701e+00 -1.652187805833267831e+01 -4.670055023603232769e+00 -2.704940265596002202e+00 -1.091316442686699917e+00 -4.565797725312624733e-01 -1.632240343655141090e-01 -5.600460361266561271e-02 -2.498800381773042673e-02 -2.171911875681538373e-02 -2.400634192025672894e-02 -2.422591600147719348e-02 -2.131332171778794332e-02 -1.661029982398490312e-02 -1.175232369190456344e-02 -7.825436773593675080e-03 -5.215976101421900164e-03 -3.788841978141371108e-03 -3.155426205363915781e-03 -2.901938267192019118e-03 -2.725378734594517249e-03 -2.475609315772940491e-03 -2.131291122080769540e-03 -1.744777300060552667e-03 -1.386332257263314053e-03 -1.106137831856774311e-03 -9.193275515398625572e-04 -8.106722116318551812e-04 -7.484205165104730302e-04 -7.001488908456626921e-04 -6.470007427085139448e-04 -5.811008407109565562e-04 -5.073483325982474680e-04 -4.355991290463491288e-04 -3.750025015026351946e-04 -3.300577459791625306e-04 -2.997978861400496064e-04 -2.793988909048522075e-04 -2.629051713986658404e-04 -2.457062219873815969e-04 -2.258537012572075565e-04 -2.040039000658412129e-04 -1.823596756296715332e-04 -1.632741666825365432e-04 -1.481559742437919976e-04 -1.370327237901984422e-04 -1.287907740240683556e-04 -1.218343136627934105e-04 -1.147993380444867407e-04 -1.070212635879254029e-04 -9.861832653095834258e-05 -9.024048666642737549e-05 -8.265783449863747399e-05 -7.638482620814805908e-05 -7.152202746184488846e-05 -6.765010055566923741e-05 -6.489830960704022879e-05 -5.948171186880613261e-05 -7.165211570820767496e-05
-7.827486930970691117e-06 -2.918032030817973481e-05 -4.793332374632518884e-05 -6.867458096067815165e-05 -9.255223930948222838e-05 -1.213460210146730881e-04 -1.553160132521191710e-04 -1.927716339303995490e-04 -2.306537529809649220e-04 -2.666276822653507899e-04 -3.020597401874767162e-04 -3.444624400904122696e-04 -4.076022517598901890e-04 -5.078559838321753230e-04 -6.569153739248539655e-04 -8.532101437695560186e-04 -1.076747922915459845e-03 -1.293352458390153092e-03 -1.472835924759884584e-03 -1.621095941359958648e-03 -1.817971492744385699e-03 -2.243105364748785007e-03 -3.164903889099316466e-03 -4.867112468815837541e-03 -7.501989207331927374e-03 -1.089241771186659664e-02 -1.436389512022808422e-02 -1.678175183467073978e-02 -1.709288558256566101e-02 -1.588463321192625302e-02 -1.869429125799327435e-02 -4.281253126916086116e-02 -1.276234043074182811e-01 -3.669169994256709644e-01 -8.948770884764271072e-01 -2.295139743204583471e+00 -3.964432292752940512e+00 -1.496026521813673327e+01 3.558825060040626376e+00 -2.010264653604306773e+02 7.097327544679588982e+02 -5.308389080305732932e+03 2.324919718074136472e+04 -5.372824269504600124e+03 7.188829211053825929e+02 -2.092289111407081350e+02 2.231822553902853112e+00 -1.650411340750216027e+01 -4.662030174549359529e+00 -2.700359394896644005e+00 -1.089138433824370145e+00 -4.555940595851553088e-01 -1.628319821804368739e-01 -5.585591697221795049e-02 -2.491406227277699961e-02 -2.165154442006531760e-02 -2.392933102333311482e-02 -2.414526941615615166e-02 -2.123933180850288635e-02 -1.654999353061656700e-02 -1.170756946357657050e-02 -7.794069396249935465e-03 -5.193928342716702673e-03 -3.772048747645450825e-03 -3.140960112870528828e-03 -2.888325829548713322e-03 -2.712327971763987908e-03 -2.463475364765252851e-03 -2.120553590064719589e-03 -1.735718975898279315e-03 -1.378865317997202957e-03 -1.100099495641147264e-03 -9.141774281670098350e-04 -8.048701020858948152e-04 -7.428717584229227542e-04 -6.956459021706096462e-04 -6.426858864685019469e-04 -5.772296035849444618e-04 -5.039031393759381893e-04 -4.325791864619291148e-04 -3.723443749927875116e-04 -3.276748474231377592e-04 -2.976066488179487045e-04 -2.773420749681645720e-04 -2.609594958824984815e-04 -2.438756935699349152e-04 -2.241544797642103020e-04 -2.024487120809657090e-04 -1.809480324050835836e-04 -1.619909110951008252e-04 -1.469767406137298458e-04 -1.359324662268531977e-04 -1.277511347525132966e-04 -1.208470217458738498e-04 -1.138650777426453647e-04 -1.061455007134552573e-04 -9.780638581109969362e-05 -8.949547579339769163e-05 -8.197615722188935933e-05 -7.578860668212208799e-05 -7.091248781475328758e-05 -6.772563118586140960e-05 -6.219567587523633541e-05 -7.563769258633548523e-05
-7.544555346879819217e-06 -2.768412166033344383e-05 -4.411188614176558891e-05 -6.084386418816112221e-05 -7.917965585868990319e-05 -1.017793073763880438e-04 -1.304467690370025000e-04 -1.651189433497316774e-04 -2.034329278561354027e-04 -2.416988423441539442e-04 -2.772886848084362408e-04 -3.117425762958096281e-04 -3.531251065326513304e-04 -4.158781694244264790e-04 -5.168657408368462205e-04 -6.678381352485455698e-04 -8.667851569225310839e-04 -1.092919138232078483e-03 -1.311243774990958257e-03 -1.491149714708979272e-03 -1.638886626805289301e-03 -1.835580885932840611e-03 -2.262902968086511792e-03 -3.191408833499252435e-03 -4.906132513561140343e-03 -7.558660208652794726e-03 -1.096846918294288112e-02 -1.445507997884166312e-02 -1.687711114234575344e-02 -1.717818310809883509e-02 -1.595287888185559916e-02 -1.876643951285609027e-02 -4.297212890367595184e-02 -1.280655550817391963e-01 -3.680310993834217670e-01 -8.972917899114911666e-01 -2.300127152082511284e+00 -3.972852499030621765e+00 -1.497888497689347176e+01 3.543781121538666312e+00 -2.011243212371729214e+02 7.098454804718461446e+02 -5.309141407396209615e+03 2.324921622583950011e+04 -5.372095329376808877e+03 7.187849133109274362e+02 -2.091379633654856889e+02 2.247239831057405546e+00 -1.648714901081153883e+01 -4.654366814038455757e+00 -2.695983394222014606e+00 -1.087057561260388994e+00 -4.546522354035050784e-01 -1.624574812328660744e-01 -5.571400770810767955e-02 -2.484355287243126750e-02 -2.158704512849958165e-02 -2.385573527616605127e-02 -2.406815161459277541e-02 -2.116857109032509524e-02 -1.649233848012755452e-02 -1.166481639041544102e-02 -7.764137412988013527e-03 -5.172906481448829273e-03 -3.756029307336896956e-03 -3.127134391117378665e-03 -2.875290633114310941e-03 -2.699818280017306314e-03 -2.451859831609391402e-03 -2.110268458884405948e-03 -1.727167164270490812e-03 -1.371864083344687471e-03 -1.093189962582076600e-03 -9.080685971156619764e-04 -8.000597332906170213e-04 -7.382683697926969383e-04 -6.913605309694423719e-04 -6.386866743396203477e-04 -5.735897213882191256e-04 -5.006634564783932120e-04 -4.297338459392866785e-04 -3.698380238726503761e-04 -3.254259876946355066e-04 -2.955365762599704575e-04 -2.753968148918629899e-04 -2.591174218117681376e-04 -2.421411933598850675e-04 -2.225434954818345033e-04 -2.009738130357417469e-04 -1.796090435254939807e-04 -1.607735281289605271e-04 -1.458577822836314240e-04 -1.348880806387849291e-04 -1.267639093415491146e-04 -1.199093010068368672e-04 -1.129780141392188093e-04 -1.053150475334441849e-04 -9.704000470062703286e-05 -8.879491329782739735e-05 -8.136911246793222449e-05 -7.517233003707062119e-05 -7.102312891400112472e-05 -6.490303094679354744e-05 -7.928458500447797396e-05
-7.002638002709601939e-06 -2.560514729942575901e-05 -4.045521448312575677e-05 -5.488575220874200426e-05 -6.972279263745212799e-05 -8.742145856080896921e-05 -1.103380120051105013e-04 -1.397888869874052201e-04 -1.750986038458803040e-04 -2.134760370107360427e-04 -2.511369633611174978e-04 -2.856996995134904161e-04 -3.191702347650688439e-04 -3.601134210405023349e-04 -4.233250419439414333e-04 -5.257499572762036697e-04 -6.789026183647803867e-04 -8.802700200995489241e-04 -1.108437935932735921e-03 -1.327885865606048214e-03 -1.507854378590291807e-03 -1.655064092775605919e-03 -1.851843639649908063e-03 -2.281643949251220896e-03 -3.216875441015035371e-03 -4.943657334128064365e-03 -7.612903669062631544e-03 -1.104092815512092499e-02 -1.454170392202335828e-02 -1.696759137920178517e-02 -1.725914846077808776e-02 -1.601781678073199364e-02 -1.883533565948356664e-02 -4.312446828977617441e-02 -1.284870802055098626e-01 -3.690928314346892392e-01 -8.995933489158614016e-01 -2.304881978738467119e+00 -3.980884251807505159e+00 -1.499664641176497248e+01 3.529407670119432794e+00 -2.012176953926066290e+02 7.099529662907419834e+02 -5.309859664824610263e+03 2.324923400105152905e+04 -5.371398900449261419e+03 7.186911628126422329e+02 -2.090510360547316964e+02 2.261961349809920918e+00 -1.647093195208606176e+01 -4.647041114315642929e+00 -2.691798912268712485e+00 -1.085067543933477374e+00 -4.537514534491677298e-01 -1.620993381808813749e-01 -5.557834313032184587e-02 -2.477616138860904565e-02 -2.152536854169732894e-02 -2.378533574290205357e-02 -2.399438255448990698e-02 -2.110089699571972982e-02 -1.643721492168654166e-02 -1.162394986619870278e-02 -7.735522605912519695e-03 -5.152793597049597392e-03 -3.740683263413205600e-03 -3.113878382361664945e-03 -2.862807577079473816e-03 -2.687830988709487105e-03 -2.440851043820387381e-03 -2.100559625826072061e-03 -1.717865611142519030e-03 -1.363999378302310989e-03 -1.087301588712208476e-03 -9.029129829345667116e-04 -7.954773952885610530e-04 -7.339883779914459574e-04 -6.873206654458564576e-04 -6.349130074870628065e-04 -5.701474558847495619e-04 -4.975972270286909988e-04 -4.270396048329585539e-04 -3.674641207831163821e-04 -3.232951473986219815e-04 -2.935739567489191199e-04 -2.735511312404929440e-04 -2.573683302325523560e-04 -2.404932506762715049e-04 -2.210122987120324899e-04 -1.995716769290288670e-04 -1.783360065077728039e-04 -1.596160301268509764e-04 -1.447937261075763762e-04 -1.338947494565038445e-04 -1.258248515627911684e-04 -1.190176600359288146e-04 -1.121356152623738004e-04 -1.045300509469790747e-04 -9.631824689994372224e-05 -8.817071672008896285e-05 -8.073883547232700738e-05 -7.530927402231214513e-05 -6.808817855047058108e-05 -8.284674734667377615e-05
-6.184161420723413821e-06 -2.278416101832715139e-05 -3.645571670790787483e-05 -4.988136054665691436e-05 -6.315314242175891252e-05 -7.779470360532306022e-05 -9.576970273185977445e-05 -1.190209872652030432e-04 -1.485371157224419552e-04 -1.835396200662918833e-04 -2.213372501294843706e-04 -2.583589923894513587e-04 -2.924481910353722027e-04 -3.257845444887604719e-04 -3.670394479771888125e-04 -4.310560207067517169e-04 -5.347640179360654659e-04 -6.895713612170822210e-04 -8.927331461965731232e-04 -1.122488293172856479e-03 -1.342960494650488569e-03 -1.523236668158648929e-03 -1.670346706234958388e-03 -1.867574335316222372e-03 -2.299915062190146728e-03 -3.241494521471969918e-03 -4.979525443613728487e-03 -7.664414529152429809e-03 -1.110960307959806513e-02 -1.462386708147030319e-02 -1.705360486174668441e-02 -1.733637441365520893e-02 -1.608002878082602505e-02 -1.890145524746890751e-02 -4.327010602195176248e-02 -1.288892697841550472e-01 -3.701055713896677646e-01 -9.017893133300836084e-01 -2.309420015959025019e+00 -3.988553869728571399e+00 -1.501360772665201360e+01 3.515660720705154674e+00 -2.013068890827850055e+02 7.100555689512425488e+02 -5.310546115686047415e+03 2.324925061695417753e+04 -5.370732854894054981e+03 7.186013982618314913e+02 -2.089678682880403073e+02 2.276033077531576243e+00 -1.645541398219426554e+01 -4.640031304794736577e+00 -2.687793655900025946e+00 -1.083162512268774025e+00 -4.528890056980082179e-01 -1.617564226963312535e-01 -5.544847310648302885e-02 -2.471168898938631842e-02 -2.146637940940623532e-02 -2.371799191313970698e-02 -2.392379903280396347e-02 -2.103612792816345056e-02 -1.638443773142465518e-02 -1.158480113259280006e-02 -7.708092353323926262e-03 -5.133503349160045692e-03 -3.725979668848422750e-03 -3.101171622089849908e-03 -2.850960976133994854e-03 -2.676483187510950677e-03 -2.429208991093857999e-03 -2.090114804465440564e-03 -1.709665551074982925e-03 -1.357143443989579585e-03 -1.081682166273248251e-03 -8.980988435533517967e-04 -7.911497359426053564e-04 -7.299426774659959795e-04 -6.834922026564096195e-04 -6.313320957086136342e-04 -5.668782559685901171e-04 -4.946840939854881295e-04 -4.244796415062842502e-04 -3.652084630757574312e-04 -3.212701182247091757e-04 -2.917080786253607857e-04 -2.717954635727324155e-04 -2.557035987433084337e-04 -2.389240666406297327e-04 -2.195538527762446021e-04 -1.982359812226348840e-04 -1.771232566913633196e-04 -1.585133483220275172e-04 -1.437800580718952563e-04 -1.329485294229846204e-04 -1.249307678596434752e-04 -1.181698541517604698e-04 -1.113383753766542363e-04 -1.037898070206613082e-04 -9.567471856437292639e-05 -8.752063090055541993e-05 -8.089437342528307470e-05 -7.225906789462468310e-05 -8.686466354036490663e-05
-5.229868014126204429e-06 -1.956483783751221967e-05 -3.215695521404753055e-05 -4.518167740864418631e-05 -5.809733203561460253e-05 -7.131594429322617710e-05 -8.587143641318807673e-05 -1.035388357174451542e-04 -1.262720272269365798e-04 -1.552397327748591786e-04 -1.898686517044619537e-04 -2.275726574014725018e-04 -2.647402635779875775e-04 -2.990811899953954253e-04 -3.326603456272834427e-04 -3.741536140744280872e-04 -4.385522096342946087e-04 -5.430007864934604991e-04 -6.990432353925695808e-04 -9.038549888177296789e-04 -1.135342261005127355e-03 -1.357165489162605624e-03 -1.538089951717575921e-03 -1.685296641843355781e-03 -1.882924721815088399e-03 -2.317487187794407214e-03 -3.264857513628983011e-03 -5.013415307770432636e-03 -7.713166947882171658e-03 -1.117482912275249984e-02 -1.470217052916406551e-02 -1.713581486448204072e-02 -1.741037064220255989e-02 -1.613975183697797730e-02 -1.896483754605145927e-02 -4.340923846847015433e-02 -1.292731949593418361e-01 -3.710725137151665298e-01 -9.038868203083521013e-01 -2.313755921761762036e+00 -3.995885509932473934e+00 -1.502982198042245265e+01 3.502500187365246376e+00 -2.013921769424908632e+02 7.101536139395499276e+02 -5.311202826905049733e+03 2.324926617229932890e+04 -5.370095246751298873e+03 7.185153707321750289e+02 -2.088882213494831888e+02 2.289497013999908681e+00 -1.644055084365263042e+01 -4.633317331543675976e+00 -2.683956262390597036e+00 -1.081337050387932042e+00 -4.520624465580744822e-01 -1.614277855354044333e-01 -5.532407889482655189e-02 -2.465001233345202880e-02 -2.140995554544100621e-02 -2.365352502041056376e-02 -2.385617741979399742e-02 -2.097403474002291351e-02 -1.633381318759898060e-02 -1.154723572708434530e-02 -7.681784875316901087e-03 -5.114999982023014403e-03 -3.711995517623474083e-03 -3.089127153222175938e-03 -2.838530865267405168e-03 -2.664481861736415526e-03 -2.418745131582422832e-03 -2.080765654218009672e-03 -1.701822942052529705e-03 -1.350691663152417095e-03 -1.076355325719633967e-03 -8.935374283636045908e-04 -7.870425909696828620e-04 -7.260984293795334473e-04 -6.798501135600206174e-04 -6.279227184531439247e-04 -5.637642301466605369e-04 -4.919088268912978320e-04 -4.220409505043646063e-04 -3.630598418935239110e-04 -3.193410938791167242e-04 -2.899302068538759172e-04 -2.701219093046999071e-04 -2.541160148373649294e-04 -2.374270517137936362e-04 -2.181621649746388111e-04 -1.969613144281763669e-04 -1.759659454621421027e-04 -1.574611890425879688e-04 -1.428130725248184156e-04 -1.320464897343694610e-04 -1.240797025732087060e-04 -1.173667752886999662e-04 -1.105859233727774220e-04 -1.031299385900142984e-04 -9.500282225599026144e-05 -8.769338828680505458e-05 -7.770857468339034809e-05 -9.196956531184628456e-05
-4.333028138999918223e-06 -1.649398579277739762e-05 -2.793948197886986172e-05 -4.052501395344128982e-05 -5.339694195443713405e-05 -6.614329909858970673e-05 -7.883811505075224329e-05 -9.257623234355192568e-05 -1.093886975756837304e-04 -1.315448626506912633e-04 -1.604089127743127440e-04 -1.953842193776947464e-04 -2.336605083988016636e-04 -2.713221257823667291e-04 -3.058565904846122902e-04 -3.393135777925684513e-04 -3.805877717288939444e-04 -4.450345817941821886e-04 -5.501359258512157797e-04 -7.075624021957938265e-04 -9.142963045774131926e-04 -1.147763101788932963e-03 -1.371049739171867647e-03 -1.552567516842383267e-03 -1.699686969576785344e-03 -1.897468013423953383e-03 -2.333981514757815529e-03 -3.286836328770818740e-03 -5.045529119722975443e-03 -7.759633405799294496e-03 -1.123719175871953045e-02 -1.477713217889035750e-02 -1.721453957101055574e-02 -1.748121712962481811e-02 -1.619689967927962632e-02 -1.902541983396630401e-02 -4.354216684940448445e-02 -1.296400937449479762e-01 -3.719968400587419510e-01 -9.058925385417411213e-01 -2.317903065139379049e+00 -4.002901090930193639e+00 -1.504533743959751035e+01 3.489889496600922403e+00 -2.014738099910997562e+02 7.102473983931568000e+02 -5.311831690240877833e+03 2.324928075539566998e+04 -5.369484292866544820e+03 7.184328515910874557e+02 -2.088118762454691080e+02 2.302391730936988345e+00 -1.642630184118132419e+01 -4.626880763129782359e+00 -2.680276339303764299e+00 -1.079586271758290694e+00 -4.512696223545556440e-01 -1.611126126747156051e-01 -5.520486960376098234e-02 -2.459096934933260870e-02 -2.135591236368502774e-02 -2.359170958889548683e-02 -2.379128888789608376e-02 -2.091442689791450996e-02 -1.628522208143294916e-02 -1.151117274054824779e-02 -7.656646882059764229e-03 -5.097380121167819148e-03 -3.697527246834924394e-03 -3.076473119910833574e-03 -2.827293830502567579e-03 -2.653621740773616598e-03 -2.408723582505204429e-03 -2.071912660182880124e-03 -1.694355694169591637e-03 -1.344553031506540717e-03 -1.071285172350353553e-03 -8.891952885929641556e-04 -7.831307359023243668e-04 -7.224341844355088461e-04 -6.763759635407402522e-04 -6.246687707160810061e-04 -5.607913287810365128e-04 -4.892592242750875686e-04 -4.197129551609534055e-04 -3.610090358511680348e-04 -3.174999233789261677e-04 -2.882330084136691651e-04 -2.685237699448127170e-04 -2.525994105692572472e-04 -2.359965295538807620e-04 -2.168320502455495019e-04 -1.957429991419093961e-04 -1.748599352721612592e-04 -1.564560216613729933e-04 -1.418900608889235267e-04 -1.311869627783958402e-04 -1.232730166748550430e-04 -1.166085048347059592e-04 -1.099165029667049156e-04 -1.024388318053683425e-04 -9.520086010804340527e-05 -8.433398415723921749e-05 -9.860056732665991859e-05
-3.642431990034996283e-06 -1.402562298575010344e-05 -2.423792045763814408e-05 -3.597701928958778117e-05 -4.843663813907683361e-05 -6.089811590890198195e-05 -7.282168336271163200e-05 -8.451119959797268944e-05 -9.739395793115932984e-05 -1.137847875067639895e-04 -1.360533502022131147e-04 -1.654448342707452572e-04 -2.010869044166781379e-04 -2.398638639731851398e-04 -2.776596408736281790e-04 -3.119556623414983156e-04 -3.450011293750138478e-04 -3.860254657655884966e-04 -4.507260691292325921e-04 -5.567905943278904368e-04 -7.158508410228702412e-04 -9.245782665179251439e-04 -1.159897656011204788e-03 -1.384398302802772015e-03 -1.566260372687258966e-03 -1.713144067852431784e-03 -1.911050628427928911e-03 -2.349533116941974770e-03 -3.307796824276669056e-03 -5.076324732068474531e-03 -7.804216703701991747e-03 -1.129694640626226557e-02 -1.484884905787252699e-02 -1.728977325671711418e-02 -1.754888954454903241e-02 -1.625151261791452431e-02 -1.908340129974040941e-02 -4.366943078463642047e-02 -1.299912525961082754e-01 -3.728814490190596742e-01 -9.078124152638420430e-01 -2.321873465453930141e+00 -4.009620510276175054e+00 -1.506019823229350862e+01 3.477794999121593289e+00 -2.015520183136171113e+02 7.103371940261470172e+02 -5.312434440422212901e+03 2.324929444553943904e+04 -5.368898356048041933e+03 7.183536305917757545e+02 -2.087386316842904534e+02 2.314752644816219007e+00 -1.641262961346389915e+01 -4.620704745905396038e+00 -2.676744421923426653e+00 -1.077905739136305163e+00 -4.505085536403198865e-01 -1.608101072461381731e-01 -5.509050664342846765e-02 -2.453435097366595680e-02 -2.130405728192630993e-02 -2.353235793867907918e-02 -2.372898067526627019e-02 -2.085717095190972245e-02 -1.623865631580408489e-02 -1.147666487968193420e-02 -7.631469469047520542e-03 -5.079381047079670024e-03 -3.684314542761994802e-03 -3.064970442920964856e-03 -2.816525498581542650e-03 -2.643310651021105791e-03 -2.399156872355416147e-03 -2.063460931498517677e-03 -1.687223654460082763e-03 -1.338691106486251383e-03 -1.066444748479673582e-03 -8.850502324987229294e-04 -7.793954556237523779e-04 -7.189335497294231658e-04 -6.730551447000504301e-04 -6.215571989523612168e-04 -5.579479754561876559e-04 -4.867251195174267979e-04 -4.174867702894202010e-04 -3.590482451085306352e-04 -3.157396654466343129e-04 -2.866101933967231917e-04 -2.669952574474157765e-04 -2.511484215447617454e-04 -2.346275439386351835e-04 -2.155589897199965490e-04 -1.945770196601559943e-04 -1.738018232629134734e-04 -1.554953193271226745e-04 -1.410096311948406619e-04 -1.303718395577418249e-04 -1.225113241741977732e-04 -1.159366314824780800e-04 -1.092120036720257476e-04 -1.026786621951912136e-04 -9.162010104457032813e-05 -1.067588884687205070e-04
-3.209454165224922826e-06 -1.234456976728176176e-05 -2.131920518554744038e-05 -3.176854347523653253e-05 -4.318061228422365107e-05 -5.501468907122644849e-05 -6.659857212930256744e-05 -7.766183014745987542e-05 -8.875904666637612136e-05 -1.014562796833179674e-04 -1.180478820999953862e-04 -1.407528076180111331e-04 -1.706095363859870919e-04 -2.065654647704387675e-04 -2.454114335760095261e-04 -2.830489608196946850e-04 -3.170785974479535660e-04 -3.499367417431475534e-04 -3.910596051685222524e-04 -4.563135675646075285e-04 -5.634562751991084497e-04 -7.240391284926433893e-04 -9.344850270025138132e-04 -1.171347490232901032e-03 -1.396851449629518465e-03 -1.579021795877355886e-03 -1.725792207932407051e-03 -1.924001185174077947e-03 -2.364531935049062929e-03 -3.328046824929236334e-03 -5.105949950159357695e-03 -7.846919297172761168e-03 -1.135403730321020953e-02 -1.491731366336271174e-02 -1.736162535481947794e-02 -1.761361487862931480e-02 -1.630388576460492858e-02 -1.913911726044502382e-02 -4.379151755704784738e-02 -1.303277047436892655e-01 -3.737287919320244067e-01 -9.096517332193588823e-01 -2.325678077651255116e+00 -4.016062078547368408e+00 -1.507444497396685890e+01 3.466185591358632134e+00 -2.016270131638859482e+02 7.104232499240105199e+02 -5.313012670949437052e+03 2.324930731421070959e+04 -5.368335930406868101e+03 7.182775139928941144e+02 -2.086683024431862066e+02 2.326612219103258994e+00 -1.639949985605009886e+01 -4.614773820930380133e+00 -2.673351794835452377e+00 -1.076291317715062812e+00 -4.497773466641041273e-01 -1.605194759539169402e-01 -5.498065569870106556e-02 -2.447998414416971066e-02 -2.125426978192622787e-02 -2.347533838207926243e-02 -2.366921186342774500e-02 -2.080226884933269321e-02 -1.619287842543245745e-02 -1.144243256395355290e-02 -7.607936594754747227e-03 -5.062720075240018797e-03 -3.671641566454852002e-03 -3.054036111501400984e-03 -2.806236438499234900e-03 -2.633452101839131847e-03 -2.390000867119562115e-03 -2.055369540488106127e-03 -1.680395794779756874e-03 -1.333080752847012754e-03 -1.061813638501721106e-03 -8.810851057474728288e-04 -7.758218274177088904e-04 -7.155831618457486045e-04 -6.698755291745245180e-04 -6.185770196421813650e-04 -5.552243366619707575e-04 -4.842978194960373970e-04 -4.153547608256106779e-04 -3.571707370407913246e-04 -3.140542988489020311e-04 -2.850562750888018925e-04 -2.655312955374958457e-04 -2.497583279252905898e-04 -2.333157463359729746e-04 -2.143390864922467911e-04 -1.934600780618835167e-04 -1.727892314958129317e-04 -1.545779383991861637e-04 -1.401742245945418203e-04 -1.296022585268414380e-04 -1.218401622466869097e-04 -1.152245482801471610e-04 -1.095132530456366295e-04 -9.883297312271079472e-05 -1.159332036440549504e-04
-2.988588992691957677e-06 -1.134680734529660151e-05 -1.919378958099688900e-05 -2.812223453014282709e-05 -3.798326931915246802e-05 -4.868450662036355692e-05 -5.981143115590697079e-05 -7.088492503692994326e-05 -8.171652414831103231e-05 -9.282829257863186732e-05 -1.056771678041458886e-04 -1.224398948744335992e-04 -1.452630894497623977e-04 -1.751742630876000455e-04 -2.111505140887572237e-04 -2.500180780620704971e-04 -2.876973960986950289e-04 -3.217977356701156688e-04 -3.547829153082142513e-04 -3.961621038721341802e-04 -4.619169328058281721e-04 -5.699144742325579866e-04 -7.317306617754417266e-04 -9.436592993305443046e-04 -1.181966389033580313e-03 -1.408530619784567704e-03 -1.591172411435516154e-03 -1.738004275423013414e-03 -1.936595240745212117e-03 -2.379072223888508732e-03 -3.347512561829404584e-03 -5.134258468236355989e-03 -7.887649355014077213e-03 -1.140852445476895141e-02 -1.498276124660217687e-02 -1.743044712752575207e-02 -1.767574995334193072e-02 -1.635428335706240466e-02 -1.919273512838659199e-02 -4.390867749902399586e-02 -1.306502376347513095e-01 -3.745410596766821087e-01 -9.114153987586872674e-01 -2.329327094597473558e+00 -4.022242765230481965e+00 -1.508811507528272955e+01 3.455032611767820949e+00 -2.016989886944707280e+02 7.105057949647746227e+02 -5.313567848156260879e+03 2.324931942591708139e+04 -5.367795628570501322e+03 7.182043228584550434e+02 -2.086007178522918650e+02 2.338000283106998367e+00 -1.638688093844277560e+01 -4.609073687438237421e+00 -2.670090349220665349e+00 -1.074739134199252266e+00 -4.490742315557645359e-01 -1.602400057153216262e-01 -5.487506417308759404e-02 -2.442774982311828394e-02 -2.120653691291734741e-02 -2.342065226647610868e-02 -2.361073616764223365e-02 -2.074841721228230795e-02 -1.614949632169528429e-02 -1.141012667797111114e-02 -7.585322491557956910e-03 -5.046813293518380428e-03 -3.659514488507715178e-03 -3.043573930644697528e-03 -2.796381669269562206e-03 -2.624002811812976930e-03 -2.381220720419675602e-03 -2.047609026442689332e-03 -1.673847833950059842e-03 -1.327702016922023510e-03 -1.057375290643998607e-03 -8.772857971428021798e-04 -7.723973974593010107e-04 -7.123717217519513365e-04 -6.668267487589048421e-04 -6.157187630429108820e-04 -5.526118827556800216e-04 -4.819697517301096989e-04 -4.133102538616167986e-04 -3.553706078653139457e-04 -3.124385230801825274e-04 -2.835664040983748948e-04 -2.641273880472214857e-04 -2.484249662899766010e-04 -2.320573761509935225e-04 -2.131691497464073906e-04 -1.923899264150952487e-04 -1.718212263278881872e-04 -1.537068345577604993e-04 -1.393853949415226089e-04 -1.289279680595707721e-04 -1.211224987274541067e-04 -1.156021527147466598e-04 -1.053773911591719925e-04 -1.252744404880385212e-04
-2.877322853459655729e-06 -1.074363420590098156e-05 -1.765858070181809236e-05 -2.513809118002689638e-05 -3.330621109355916628e-05 -4.252606624153313183e-05 -5.280894704865202454e-05 -6.379830544218246656e-05 -7.493025400876652403e-05 -8.586372884246384061e-05 -9.698695161074146929e-05 -1.097120710732148684e-04 -1.262757351605373112e-04 -1.489469478897602610e-04 -1.788641154649233626e-04 -2.150386781341407435e-04 -2.542338872625067689e-04 -2.922455555862541452e-04 -3.265722118891270292e-04 -3.596581765049588196e-04 -4.011207105547148744e-04 -4.671462922931090851e-04 -5.758088788202349274e-04 -7.387721228339346000e-04 -9.522096707480713195e-04 -1.192061476596714903e-03 -1.419798911217365562e-03 -1.602981865982986776e-03 -1.749866848295618957e-03 -1.948739507849733300e-03 -2.392966196193994054e-03 -3.366034716323775856e-03 -5.161224320372485332e-03 -7.926558601827369405e-03 -1.146070743734131300e-02 -1.504555233637277709e-02 -1.749655416332370969e-02 -1.773548507270503172e-02 -1.640275607041519895e-02 -1.924425286544990260e-02 -4.402108523081835201e-02 -1.309596325643864745e-01 -3.753203981253777632e-01 -9.131080631163658312e-01 -2.332829976554616547e+00 -4.028178189906831186e+00 -1.510124289671630038e+01 3.444309717261887727e+00 -2.017681236304253218e+02 7.105850397616295595e+02 -5.314101323763968139e+03 2.324933083888686087e+04 -5.367276170303339313e+03 7.181338916884097898e+02 -2.085357203172299592e+02 2.348944387158235170e+00 -1.637474357975897732e+01 -4.603591080627071896e+00 -2.666952570770548814e+00 -1.073245627599064944e+00 -4.483976270880492554e-01 -1.599710771895670736e-01 -5.477359514415673647e-02 -2.437765887917150640e-02 -2.115965931043037318e-02 -2.336701825978269517e-02 -2.355510478790108844e-02 -2.069719518796953386e-02 -1.610775447040813449e-02 -1.137914030210984348e-02 -7.563612119290206125e-03 -5.031555678513073039e-03 -3.647885194691384125e-03 -3.033540039433001070e-03 -2.786925427794412300e-03 -2.614930967240137929e-03 -2.372788514755779909e-03 -2.040155351635072715e-03 -1.667559581711948458e-03 -1.322538149455352013e-03 -1.053115706539091423e-03 -8.736402862071807485e-04 -7.691114716063856193e-04 -7.092894468933723428e-04 -6.638997608162147375e-04 -6.129741224510637911e-04 -5.501031005200686429e-04 -4.797342260216846564e-04 -4.113473388817552351e-04 -3.536426142381132124e-04 -3.108876180778620373e-04 -2.821362588576588836e-04 -2.627795512847879876e-04 -2.471447307690322862e-04 -2.308493673812105616e-04 -2.120470583617470057e-04 -1.913658026961050139e-04 -1.709011981486807544e-04 -1.528838047317577999e-04 -1.386969424185429723e-04 -1.282003107361586727e-04 -1.215799440275413694e-04 -1.111764058597939682e-04 -1.339920424963558137e-04
-2.769455445324251801e-06 -1.021618303788030345e-05 -1.641924442280556968e-05 -2.276429137164587705e-05 -2.947521763733018340e-05 -3.718043924832830900e-05 -4.625724302021302421e-05 -5.664836895017690520e-05 -6.781563723184469775e-05 -7.901218904207982306e-05 -8.980002816033934982e-05 -1.005989566605642173e-04 -1.129592634758731589e-04 -1.292912680716510785e-04 -1.519881408293777367e-04 -1.822031834088216353e-04 -2.188451719376901421e-04 -2.585038941539258023e-04 -2.968128475525063444e-04 -3.312019115486844511e-04 -3.641875950926825169e-04 -4.055879733827793860e-04 -4.718457146569779979e-04 -5.812341308388587618e-04 -7.454505471952138770e-04 -9.604806026304031456e-04 -1.201891559777565517e-03 -1.430741705468218479e-03 -1.614361069278740868e-03 -1.761192144130637295e-03 -1.960258679849981745e-03 -2.406146677935048443e-03 -3.383697081551078137e-03 -5.187062381084206822e-03 -7.963927746703455129e-03 -1.151085477751131493e-02 -1.510588377964100504e-02 -1.756004836679940506e-02 -1.779284238346342389e-02 -1.644929633391611565e-02 -1.929372573179371705e-02 -4.412903206505656983e-02 -1.312567468182973818e-01 -3.760688666761066723e-01 -9.147340086958437588e-01 -2.336195362883334958e+00 -4.033882644970483433e+00 -1.511386003080847651e+01 3.433992588867464946e+00 -2.018345828859855260e+02 7.106611783418384221e+02 -5.314614345919695552e+03 2.324934160580062962e+04 -5.366776372286189144e+03 7.180660672733116598e+02 -2.084731640227156504e+02 2.359470031684756108e+00 -1.636306067313818247e+01 -4.598313748705494142e+00 -2.663931559340027455e+00 -1.071807540906093648e+00 -4.477461641146767146e-01 -1.597122356768275464e-01 -5.467495497966896878e-02 -2.432846091425164975e-02 -2.111518415684110125e-02 -2.331598732014599287e-02 -2.350154935873414661e-02 -2.064796698406390005e-02 -1.606759847138138769e-02 -1.134933925346908942e-02 -7.542738603401060241e-03 -5.016894342584723651e-03 -3.636714884663902123e-03 -3.023901918014406092e-03 -2.777838849821022936e-03 -2.606210272389830607e-03 -2.364680629333075317e-03 -2.032987932282948745e-03 -1.661513627275534562e-03 -1.317574652467832109e-03 -1.049022734366236373e-03 -8.701381003974857989e-04 -7.659546872757895617e-04 -7.063277254013110426e-04 -6.610865638247751365e-04 -6.103357169519545546e-04 -5.476912931519559418e-04 -4.775852644890490862e-04 -4.094607232537189048e-04 -3.519820530697880174e-04 -3.093973526862346473e-04 -2.807619950598825046e-04 -2.614843324154637861e-04 -2.459146969367420588e-04 -2.296897345998539716e-04 -2.109721983820797510e-04 -1.903914467716478218e-04 -1.700310318073739943e-04 -1.521662545799976193e-04 -1.379485100864236353e-04 -1.287276403153099187e-04 -1.168848720416643171e-04 -1.418243346531099138e-04
-2.597265072991463533e-06 -9.545364095447401111e-06 -1.522142706620088847e-05 -2.084027387275211047e-05 -2.655883590225154310e-05 -3.301077249640532827e-05 -4.073640890700480475e-05 -4.997588452077536477e-05 -6.048747141277233553e-05 -7.160216966071094604e-05 -8.254663897391775502e-05 -9.296311343751603761e-05 -1.034146005148538498e-04 -1.155920099396415176e-04 -1.319849672865058864e-04 -1.549748221056704018e-04 -1.856194098388115556e-04 -2.226873820383010367e-04 -2.626389614315645577e-04 -3.010411468113634065e-04 -3.353533909560136965e-04 -3.682199457952914021e-04 -4.096517471387213049e-04 -4.762863436403243396e-04 -5.865152376137766545e-04 -7.520080618719214051e-04 -9.685482935593173279e-04 -1.211367218472330807e-03 -1.441177011079213584e-03 -1.625140204435234761e-03 -1.771909521462391177e-03 -1.971215609258243802e-03 -2.418784812469897127e-03 -3.400714967079483328e-03 -5.211964114351153032e-03 -7.999883892084572179e-03 -1.155902953911756501e-02 -1.516378685887141003e-02 -1.762096988318613902e-02 -1.784789760360895941e-02 -1.649402491723207798e-02 -1.934134046643967708e-02 -4.423286960208536872e-02 -1.315423702234400083e-01 -3.767882895861686121e-01 -9.162970781752636240e-01 -2.339431136597308836e+00 -4.039369296378192864e+00 -1.512599568697728003e+01 3.424058635526670002e+00 -2.018985189270248668e+02 7.107343897644493609e+02 -5.315108068857120088e+03 2.324935177450433184e+04 -5.366295139049872887e+03 7.180007075893931869e+02 -2.084129138899001816e+02 2.369600786556144367e+00 -1.635180715941634588e+01 -4.593230380025989490e+00 -2.661021012959549292e+00 -1.070421971562111052e+00 -4.471174263181940667e-01 -1.594618205457858373e-01 -5.458055688832289670e-02 -2.428168799874792783e-02 -2.107237824994468225e-02 -2.326693431034016629e-02 -2.344999205691680744e-02 -2.060056394854672956e-02 -1.602892578202285909e-02 -1.132064273606175897e-02 -7.522645584844404355e-03 -5.002788212689645610e-03 -3.625971777127657333e-03 -3.014632541320019354e-03 -2.769097379922920259e-03 -2.597818001458913287e-03 -2.356876429643889846e-03 -2.026088677100554552e-03 -1.655694622413654993e-03 -1.312798729667134876e-03 -1.045085638735890853e-03 -8.667699712204949593e-04 -7.629187327574802517e-04 -7.034788825339366664e-04 -6.583799997959749115e-04 -6.077969221128249732e-04 -5.453704341267734748e-04 -4.755174760271613818e-04 -4.076456279589401547e-04 -3.503846843059586573e-04 -3.079639478225246955e-04 -2.794402780248548147e-04 -2.602389475837824204e-04 -2.447330282135443103e-04 -2.285780163934545794e-04 -2.099486223561775825e-04 -1.894687864292803222e-04 -1.692713435329623573e-04 -1.513830403210013364e-04 -1.385272137040379967e-04 -1.237857409304376447e-04 -1.493614751506280262e-04
-2.348182243294962585e-06 -8.671023756822271485e-06 -1.393473246816310912e-05 -1.917444704680816467e-05 -2.438387260944365349e-05 -2.999530212602422776e-05 -3.648677806153538934e-05 -4.426606878289654631e-05 -5.346070207854791993e-05 -6.379310624813765195e-05 -7.463498232761972345e-05 -8.529965666150992850e-05 -9.551819405029409230e-05 -1.059095360970504514e-04 -1.181735387042671297e-04 -1.347682991525780971e-04 -1.580211597494701867e-04 -1.889321438921734040e-04 -2.262214389839126984e-04 -2.663185866041819843e-04 -3.047855704598353109e-04 -3.391123440827085349e-04 -3.720171080825294572e-04 -4.136240932243608168e-04 -4.806974590811553968e-04 -5.917184940638736635e-04 -7.583496272303439029e-04 -9.762292964974823893e-04 -1.220320024049574180e-03 -1.451036010055453381e-03 -1.635380784135031509e-03 -1.782180850109610056e-03 -1.981803148101824071e-03 -2.431032493362651585e-03 -3.417158986699469093e-03 -5.235926353447105039e-03 -8.034397625093054121e-03 -1.160523702906449128e-02 -1.521934394650788745e-02 -1.767948008891694761e-02 -1.790085308355151075e-02 -1.653713464209200304e-02 -1.938726946953558267e-02 -4.433285001369134670e-02 -1.318171270164387454e-01 -3.774802639253323489e-01 -9.178007885909761354e-01 -2.342544613870157111e+00 -4.044650395956701061e+00 -1.513767696446922528e+01 3.414486860788746192e+00 -2.019600728529960065e+02 7.108048396247517076e+02 -5.315583561502887278e+03 2.324936138854811725e+04 -5.365831455007672957e+03 7.179376807294285072e+02 -2.083548446764720268e+02 2.379358448669079529e+00 -1.634095988164916946e+01 -4.588330595032971360e+00 -2.658213955448683663e+00 -1.069085007184812586e+00 -4.465117386247526854e-01 -1.592209361705145820e-01 -5.448958127715058941e-02 -2.423673349187582815e-02 -2.103118517604672319e-02 -2.321969297985526301e-02 -2.340030942011060017e-02 -2.055487241854121044e-02 -1.599164673615991947e-02 -1.129298355018665441e-02 -7.503284852339645733e-03 -4.989202232936248288e-03 -3.615628547975759024e-03 -3.005708461876400572e-03 -2.760679479014407824e-03 -2.589734040721398695e-03 -2.349357542558975012e-03 -2.019441424174521320e-03 -1.650088838198380137e-03 -1.308198933620305631e-03 -1.041294816396211602e-03 -8.635276014255469524e-04 -7.599961527377641470e-04 -7.007360147677511300e-04 -6.557736101623329967e-04 -6.053517435848351563e-04 -5.431350571813897601e-04 -4.735259646814821881e-04 -4.058977214099036097e-04 -3.488467047147831516e-04 -3.065841207171913336e-04 -2.781684361534871573e-04 -2.590417175955998601e-04 -2.435994534160077255e-04 -2.275186359904662230e-04 -2.089784281444733967e-04 -1.886617269042859381e-04 -1.684413577309145206e-04 -1.519968967749524735e-04 -1.333373165911776452e-04 -1.580183921795549483e-04
-2.055410119452116344e-06 -7.673104718214117040e-06 -1.256684158705280984e-05 -1.761581283521892926e-05 -2.264604467156138511e-05 -2.780682511030364365e-05 -3.336487808161708900e-05 -3.972587292673867508e-05 -4.728608192023750798e-05 -5.622612017325271701e-05 -6.634493202068397863e-05 -7.707022093479817208e-05 -8.772471943183812087e-05 -9.800563509789145342e-05 -1.084813799113336006e-04 -1.208168971286377116e-04 -1.374697905917529877e-04 -1.607965462547193518e-04 -1.918316356981534328e-04 -2.293065587722608592e-04 -2.696253978109163234e-04 -3.083002526407082797e-04 -3.427820710795256463e-04 -3.758014712464215396e-04 -4.175672349524247391e-04 -4.849818275662393292e-04 -5.966583395543272744e-04 -7.643034487744176150e-04 -9.834501171206986355e-04 -1.228806510794141398e-03 -1.460476187412145096e-03 -1.645271107664756901e-03 -1.792149910611829473e-03 -1.992074662578396157e-03 -2.442854643783868608e-03 -3.432951229900275091e-03 -5.258894545797040444e-03 -8.067493987430998312e-03 -1.164960347649894416e-02 -1.527276034523045167e-02 -1.773580728682811955e-02 -1.795189556794591842e-02 -1.657873285336997765e-02 -1.943156961207307201e-02 -4.442912103276686064e-02 -1.320815620749702379e-01 -3.781462963502296160e-01 -9.192484662980905386e-01 -2.345542645333395182e+00 -4.049737342538849205e+00 -1.514892896953944224e+01 3.405257811972372206e+00 -2.020193753732705773e+02 7.108726813113053140e+02 -5.316041815251242951e+03 2.324937048757656157e+04 -5.365384377373408824e+03 7.178768639967173613e+02 -2.082988401404833780e+02 2.388763126458518737e+00 -1.633049621858435430e+01 -4.583603553738511138e+00 -2.655506427931361824e+00 -1.067795612763231761e+00 -4.459273066342580027e-01 -1.589886133860596018e-01 -5.440188031516511591e-02 -2.419344100427360186e-02 -2.099150223235312154e-02 -2.317415109558698671e-02 -2.335239216468203496e-02 -2.051079441868550873e-02 -1.595568200496928074e-02 -1.126630223023762471e-02 -7.484613721467151849e-03 -4.976105430832314033e-03 -3.605661043725341078e-03 -2.997108864819357683e-03 -2.752565906829855351e-03 -2.581940322673127817e-03 -2.342107401745362628e-03 -2.013031573024820064e-03 -1.644683866839203147e-03 -1.303764923632846212e-03 -1.037641597951865710e-03 -8.604034997810842836e-04 -7.571802072290279755e-04 -6.980928663063556278e-04 -6.532615259291801217e-04 -6.029947199675801629e-04 -5.409801746424605824e-04 -4.716062716316801046e-04 -4.042131014081431681e-04 -3.473648037619564226e-04 -3.052552594311523323e-04 -2.769449451490513595e-04 -2.578926251087781799e-04 -2.425189333770154864e-04 -2.265141528390297962e-04 -2.081296747253093824e-04 -1.877801301032390490e-04 -1.690890688978172272e-04 -1.465122281577543905e-04 -1.695782771469552962e-04
-1.772299796448815928e-06 -6.700865255138917150e-06 -1.121856247074484950e-05 -1.609248822797740936e-05 -2.104809598520327463e-05 -2.599954003444242650e-05 -3.097226037569341235e-05 -3.624005825323538428e-05 -4.227976708196875156e-05 -4.958776234725959073e-05 -5.841638804924778215e-05 -6.857200174295685993e-05 -7.942456955286764108e-05 -9.020641427456270337e-05 -1.005394021741027845e-04 -1.109702555566188928e-04 -1.232065941981561183e-04 -1.397910285614112152e-04 -1.631634210060048211e-04 -1.943955595767800251e-04 -2.321872142010453742e-04 -2.728531896036454313e-04 -3.118020656586519847e-04 -3.464244427917919636e-04 -3.794789101315866739e-04 -4.212987218022039076e-04 -4.889674016345381099e-04 -6.012560803512437702e-04 -7.699168729528271500e-04 -9.903580438353860524e-04 -1.237007167191414613e-03 -1.469637670638153284e-03 -1.654863609802779793e-03 -1.801778445948443944e-03 -2.001939673069217003e-03 -2.454168368713586200e-03 -3.448070709504460520e-03 -5.280936919154665538e-03 -8.099322511907019323e-03 -1.169232300478240116e-02 -1.532422546942856581e-02 -1.779009297850099591e-02 -1.800109721421002881e-02 -1.661883519910925880e-02 -1.947426207721584743e-02 -4.452184868719968880e-02 -1.323362507088301498e-01 -3.787878591392816463e-01 -9.206432419738785899e-01 -2.348431583063133932e+00 -4.054640669375788598e+00 -1.515977493287805622e+01 3.396353455211864159e+00 -2.020765477823479728e+02 7.109380570458495185e+02 -5.316483750935235548e+03 2.324937910771876341e+04 -5.364953029795864495e+03 7.178181430377834431e+02 -2.082447910765523602e+02 2.397834677162742789e+00 -1.632039760830833330e+01 -4.579041729961655705e+00 -2.652892684891249520e+00 -1.066550861926178762e+00 -4.453630639176393569e-01 -1.587643509462578206e-01 -5.431726695480339900e-02 -2.415170669958514871e-02 -2.095323933682301243e-02 -2.313021183811537346e-02 -2.330614256844303414e-02 -2.046824170899199172e-02 -1.592095982827908957e-02 -1.124054499367439439e-02 -7.466593676133462254e-03 -4.963469942944073385e-03 -3.596047560859043455e-03 -2.988815007809791143e-03 -2.744739269930360562e-03 -2.574420452648087856e-03 -2.335110937102182795e-03 -2.006845827320004327e-03 -1.639468409985538186e-03 -1.299487291821643234e-03 -1.034118103530486804e-03 -8.573908585016631802e-04 -7.544647642360768122e-04 -6.955437326719857627e-04 -6.508383809700050461e-04 -6.007208487582638753e-04 -5.389012253323266326e-04 -4.697543640108421009e-04 -4.025883644697190555e-04 -3.459363680550539663e-04 -3.039759796859840867e-04 -2.757701110501452053e-04 -2.567974107278908950e-04 -2.414948536730763770e-04 -2.256384460033537798e-04 -2.072012089438332203e-04 -1.884836695125234965e-04 -1.632110083389503728e-04 -1.854277816669323516e-04
-1.544561727702843137e-06 -5.890755915046512121e-06 -1.001223368374095725e-05 -1.461003179179811225e-05 -1.940404472822028245e-05 -2.420164150139503855e-05 -2.886045986169395974e-05 -3.347498032804915787e-05 -3.842436211622053042e-05 -4.427970455305188719e-05 -5.157355787417293935e-05 -6.052232484726296807e-05 -7.084442296089994793e-05 -8.181262276563197329e-05 -9.259737270565658780e-05 -1.028208972257537573e-04 -1.130911102305033600e-04 -1.252098460850719448e-04 -1.418052470580045629e-04 -1.653558847469961300e-04 -1.969066091858605577e-04 -2.350731020018793590e-04 -2.760628092187389880e-04 -3.152011784266145001e-04 -3.498634150727218607e-04 -3.828818923126322670e-04 -4.247394230526327884e-04 -4.926952440984476433e-04 -6.056484295650200285e-04 -7.753588210906513884e-04 -9.970842811891733690e-04 -1.244970502091270661e-03 -1.478483053316797212e-03 -1.664070138599372780e-03 -1.810981549194942263e-03 -2.011364181593964118e-03 -2.465012940056340428e-03 -3.462621694022506493e-03 -5.302192482653940095e-03 -8.130021247009719398e-03 -1.173350705351216584e-02 -1.537381594749111756e-02 -1.784238591061421825e-02 -1.804849376377697101e-02 -1.665748477970003735e-02 -1.951543602897722746e-02 -4.461126240379988811e-02 -1.325817738893475262e-01 -3.794063193019793778e-01 -9.219879802678366820e-01 -2.351217263745042807e+00 -4.059370110586248970e+00 -1.517023641675868006e+01 3.387756985307803337e+00 -2.021317028596503746e+02 7.110010988607923537e+02 -5.316910225038725002e+03 2.324938728188294772e+04 -5.364536595458713236e+03 7.177614124019431756e+02 -2.081925982215990700e+02 2.406589058599663655e+00 -1.631064473440292062e+01 -4.574636183324145122e+00 -2.650367966608077719e+00 -1.065348421855670580e+00 -4.448179677230216789e-01 -1.585477226386317884e-01 -5.423557230191600881e-02 -2.411144141667279084e-02 -2.091631657402004754e-02 -2.308778795902873340e-02 -2.326147163740076643e-02 -2.042713359492904363e-02 -1.588741450443446196e-02 -1.121566264697270408e-02 -7.449189574881340606e-03 -4.951270422793713037e-03 -3.586768387100446476e-03 -2.980809849936239073e-03 -2.737183711215564978e-03 -2.567159444883710447e-03 -2.328354350640268484e-03 -2.000872006569544281e-03 -1.634432122131876993e-03 -1.295357432953299533e-03 -1.030717132845398098e-03 -8.544834574121041356e-04 -7.518442132970156767e-04 -6.930833818090993562e-04 -6.484992435639813473e-04 -5.985255388333882067e-04 -5.368940703516872576e-04 -4.679667209294619055e-04 -4.010208488805123571e-04 -3.445601303800943562e-04 -3.027469593883300148e-04 -2.746506943114150373e-04 -2.557605738964108667e-04 -2.406090139141743101e-04 -2.246753845144791215e-04 -2.080045442302692448e-04 -1.820784427277524222e-04 -2.057937418644079173e-04
-1.392052277708954483e-06 -5.308778065199584941e-06 -9.028953737799025314e-06 -1.322048205444523377e-05 -1.767596820266254695e-05 -2.223483944669130791e-05 -2.670927283931838323e-05 -3.104839690388095513e-05 -3.543379942207020559e-05 -4.029359048782591454e-05 -4.618984273514439203e-05 -5.359791132756425001e-05 -6.265792088706006850e-05 -7.302645775237487943e-05 -8.395250194722302887e-05 -9.462658941502431395e-05 -1.047235222731840578e-04 -1.149144320955571881e-04 -1.270517572292304237e-04 -1.437845557057417488e-04 -1.675758926476359780e-04 -1.994232159540446634e-04 -2.378771900341526387e-04 -2.790839852675480607e-04 -3.183356209398730810e-04 -3.530224084464376241e-04 -3.860495591550371758e-04 -4.280198615869865121e-04 -4.963254079077931979e-04 -6.099573573734364549e-04 -7.806704514919882371e-04 -1.003587438136275102e-03 -1.252607926913895447e-03 -1.486929100125912668e-03 -1.672857367731523433e-03 -1.819793762915617071e-03 -2.020437612249833658e-03 -2.475499052346175066e-03 -3.476700603751240078e-03 -5.322723354310688985e-03 -8.159621450335682522e-03 -1.177317816270964657e-02 -1.542157206690327256e-02 -1.789275898423939651e-02 -1.809418628126828119e-02 -1.669479558179994688e-02 -1.955522096425909781e-02 -4.469757675354072562e-02 -1.328186314327331197e-01 -3.800028875436903264e-01 -9.232852930415751391e-01 -2.353905093925799719e+00 -4.063934737341661219e+00 -1.518033352798872393e+01 3.379452702869501834e+00 -2.021849456452044365e+02 7.110619294208813699e+02 -5.317322034090469060e+03 2.324939504132176808e+04 -5.364134315471438640e+03 7.177065711882496544e+02 -2.081421670236392742e+02 2.415043030887862319e+00 -1.630122016608910585e+01 -4.570378963796600580e+00 -2.647927784542738028e+00 -1.064186156107278958e+00 -4.442910501885358188e-01 -1.583383381314679428e-01 -5.415664273501503284e-02 -2.407256497286638583e-02 -2.088066151433658896e-02 -2.304679963265365492e-02 -2.321829751909608441e-02 -2.038739569420530348e-02 -1.585498545184424110e-02 -1.119160988012300739e-02 -7.432369122567425261e-03 -4.939483638107475434e-03 -3.577805482685500384e-03 -2.973077788078189263e-03 -2.729884684464206363e-03 -2.560143527198574694e-03 -2.321824948131913369e-03 -1.995098902947006064e-03 -1.629565489990939670e-03 -1.291367442218514707e-03 -1.027432076258585165e-03 -8.516755836267012004e-04 -7.493133916093714904e-04 -6.907069895711259126e-04 -6.462395731450724760e-04 -5.964046145276615364e-04 -5.349550991156633122e-04 -4.662406196852274297e-04 -3.995093818148547299e-04 -3.432371446687748238e-04 -3.015761228155253420e-04 -2.735923715657566434e-04 -2.548737062831383897e-04 -2.396246614641878343e-04 -2.256318560226051580e-04 -2.009404076568773953e-04 -2.293808700765598751e-04
-1.305331883462548762e-06 -4.935294680702872353e-06 -8.278210366657315686e-06 -1.198167114796931701e-05 -1.594458824535541271e-05 -2.012922258403670542e-05 -2.441223346274390443e-05 -2.867874240977848888e-05 -3.291270201783264525e-05 -3.728700520899872980e-05 -4.218710963064805990e-05 -4.812366144465460912e-05 -5.553621002717833892e-05 -6.455713573110684041e-05 -7.486032715218141488e-05 -8.572348916033126502e-05 -9.636228009658722381e-05 -1.064645753000479999e-04 -1.167032629964925687e-04 -1.289278088354911859e-04 -1.457854677285365939e-04 -1.697387181729744117e-04 -2.017796288839799061e-04 -2.404417244160679415e-04 -2.818421332723252803e-04 -3.212435932310204328e-04 -3.560285035568053983e-04 -3.891370883386240792e-04 -4.312567765942444025e-04 -4.998941566898150619e-04 -6.141371920950800282e-04 -7.857596014384295733e-04 -1.009781532255964306e-03 -1.259884277449045253e-03 -1.495009040815525924e-03 -1.681312487942057112e-03 -1.828319787129481944e-03 -2.029242797265348036e-03 -2.485664229076677174e-03 -3.490302335003549455e-03 -5.342508111985302260e-03 -8.188121923957914980e-03 -1.181138420992006860e-02 -1.546759753933768522e-02 -1.794135218869242696e-02 -1.813831431737489633e-02 -1.673087506839108715e-02 -1.959369847343961357e-02 -4.478093344330804498e-02 -1.330472389470594985e-01 -3.805786710050770849e-01 -9.245376265446160202e-01 -2.356500153472035564e+00 -4.068343033128928532e+00 -1.519008507907880201e+01 3.371425851464274537e+00 -2.022363729819561797e+02 7.111206640529043170e+02 -5.317719923121838292e+03 2.324940241226927537e+04 -5.363745479711420558e+03 7.176535269751454962e+02 -2.080934097848870863e+02 2.423211842984225317e+00 -1.629210758041167750e+01 -4.566262687830812794e+00 -2.645567951303635645e+00 -1.063062076083576279e+00 -4.437814108513109534e-01 -1.581358356291061307e-01 -5.408033684527310120e-02 -2.403500409158698670e-02 -2.084620774691280098e-02 -2.300717324669200245e-02 -2.317654448705666267e-02 -2.034895910024068708e-02 -1.582361654628038419e-02 -1.116834475884006736e-02 -7.416102486734651653e-03 -4.928088176928300743e-03 -3.569142246058790505e-03 -2.965604460711207188e-03 -2.722828783962371636e-03 -2.553359991108284689e-03 -2.315511008006102423e-03 -1.989516167905368196e-03 -1.624859734647722412e-03 -1.287510029359617992e-03 -1.024256837036008512e-03 -8.489619601302757050e-04 -7.468675223941499816e-04 -6.884101013352756510e-04 -6.440552345615940377e-04 -5.943544434589528901e-04 -5.330815564219081428e-04 -4.645749688000166511e-04 -3.980553459394874745e-04 -3.419764797930884719e-04 -3.004700943161246816e-04 -2.726974778689100461e-04 -2.538737018461779092e-04 -2.407767192806203351e-04 -2.178230431446936738e-04 -2.537212105034588401e-04
-1.255168374733251554e-06 -4.688933472460835463e-06 -7.705008190683228830e-06 -1.092535285387592737e-05 -1.434032228343552252e-05 -1.805167541954780605e-05 -2.205585368871473207e-05 -2.625857636435917486e-05 -3.052219142698400897e-05 -3.477880698446098978e-05 -3.914898861732000524e-05 -4.399248183499134126e-05 -4.983123569550906710e-05 -5.714341328571232565e-05 -6.610421367976572450e-05 -7.641112587070627063e-05 -8.733474995088240183e-05 -9.805884373143373414e-05 -1.082341513450200065e-04 -1.185135721135846786e-04 -1.307567170632145984e-04 -1.476471937457509874e-04 -1.716903843140079764e-04 -2.039021541333649529e-04 -2.428027884531553011e-04 -2.844604299893623641e-04 -3.240763127322857247e-04 -3.589957073541952108e-04 -3.921794655939244041e-04 -4.344038431841109466e-04 -5.033079859510475144e-04 -6.180989459633267442e-04 -7.905864293891018803e-04 -1.015694472316394257e-03 -1.266882245667428231e-03 -1.502824744726582095e-03 -1.689516356196502913e-03 -1.836593113538155953e-03 -2.037764136629217557e-03 -2.495465934151542674e-03 -3.503392569549234736e-03 -5.361553241241449365e-03 -8.215586471394038803e-03 -1.184824043790592973e-02 -1.551203339695120947e-02 -1.798829704292143755e-02 -1.818096951778383832e-02 -1.676576653005569170e-02 -1.963089635836288982e-02 -4.486144591176345620e-02 -1.332679990572588902e-01 -3.811347472030692241e-01 -9.257472936744828296e-01 -2.359007259185568195e+00 -4.072603012823537760e+00 -1.519950759887646896e+01 3.363663742861864758e+00 -2.022860775365558084e+02 7.111774078796933054e+02 -5.318104585704649253e+03 2.324940942062015893e+04 -5.363369425308611426e+03 7.176021929230556680e+02 -2.080462444903719472e+02 2.431109693762572910e+00 -1.628329172342322551e+01 -4.562280460344925181e+00 -2.643284554893583937e+00 -1.061974324735863284e+00 -4.432882094279492757e-01 -1.579398782557940306e-01 -5.400652360894329235e-02 -2.399869124800596901e-02 -2.081289396426064253e-02 -2.296884058190846317e-02 -2.313614220476334707e-02 -2.031175975329949784e-02 -1.579325561377937712e-02 -1.114582833410219208e-02 -7.400362003277753675e-03 -4.917064222905187000e-03 -3.560763334555564451e-03 -2.958376596603987108e-03 -2.716003611397960291e-03 -2.546797072769392892e-03 -2.309401674971960257e-03 -1.984114217413586630e-03 -1.620306726497130643e-03 -1.283778441023008220e-03 -1.021185760593911395e-03 -8.463376865991644165e-04 -7.445021823858718893e-04 -6.861886578719470333e-04 -6.419426468639084131e-04 -5.923722957012250885e-04 -5.312724356409330006e-04 -4.629713989235443271e-04 -3.966687753966736583e-04 -3.407852553418280013e-04 -2.995416270555655231e-04 -2.716727179183699723e-04 -2.552337120369807554e-04 -2.322127310741213849e-04 -2.762707326661507402e-04
-1.208255708127657172e-06 -4.471278989587833863e-06 -7.222969676653124905e-06 -1.004463080829821096e-05 -1.297113514410478115e-05 -1.619604988013870092e-05 -1.982609539570916746e-05 -2.384061274801536448e-05 -2.808478171209796673e-05 -3.235592164714308922e-05 -3.654794825461354436e-05 -4.078729899801984590e-05 -4.547816395295667364e-05 -5.120178717460232280e-05 -5.848090388010336929e-05 -6.749932948738061520e-05 -7.792389598225447358e-05 -8.897076765499775241e-05 -9.977212607858075512e-05 -1.099553848350539876e-04 -1.201907423390059662e-04 -1.323892862487627937e-04 -1.492973355714295074e-04 -1.734644960991606037e-04 -2.059091125389103975e-04 -2.451066105953704694e-04 -2.870497412262738228e-04 -3.268683026170554531e-04 -3.618792879532819963e-04 -3.950851218141880118e-04 -4.373723836009456040e-04 -5.065244477839032228e-04 -6.218650160238786044e-04 -7.952265690660700968e-04 -1.021421643837145060e-03 -1.273678634796960099e-03 -1.510408572079468843e-03 -1.697453565239962501e-03 -1.844569065567785689e-03 -2.045958106931588215e-03 -2.504890433868521039e-03 -3.516003004004425447e-03 -5.379934133193560626e-03 -8.242118195941321862e-03 -1.188385535367254831e-02 -1.555497336497962610e-02 -1.803366021109312906e-02 -1.822218985836472974e-02 -1.679949212357554483e-02 -1.966685598082286782e-02 -4.493926558668076554e-02 -1.334813203011090965e-01 -3.816722017856785110e-01 -9.269165535681601620e-01 -2.361429907268895345e+00 -4.076721079599963105e+00 -1.520861879880908596e+01 3.356152157487402921e+00 -2.023341439718233801e+02 7.112322608221621749e+02 -5.318476670605869003e+03 2.324941608982077378e+04 -5.363005532223151022e+03 7.175524876631185407e+02 -2.080005944019385993e+02 2.438749848906430540e+00 -1.627475832315904825e+01 -4.558425831289000918e+00 -2.641073934980270543e+00 -1.060921164794904614e+00 -4.428106602063111574e-01 -1.577501514910299441e-01 -5.393508113791291303e-02 -2.396356389333752571e-02 -2.078066331338067688e-02 -2.293173819544927841e-02 -2.309702515028370581e-02 -2.027573793891832357e-02 -1.576385402324982990e-02 -1.112402432887735562e-02 -7.385121941787899102e-03 -4.906393377372151969e-03 -3.552654522736080258e-03 -2.951381894526727747e-03 -2.709397668387321292e-03 -2.540443854469019280e-03 -2.303486868980019007e-03 -1.978884147553466605e-03 -1.615898906999356857e-03 -1.280166390098924634e-03 -1.018213577876589480e-03 -8.437982134371280933e-04 -7.422133393605890314e-04 -6.840391618628486464e-04 -6.398991636194446874e-04 -5.904572714248103229e-04 -5.295295438575266592e-04 -4.614406643954608754e-04 -3.953568230443884213e-04 -3.397853188167568490e-04 -2.984667187250044772e-04 -2.732153995547452929e-04 -2.459735262334266509e-04 -2.959216102252220661e-04
-1.141383363439032943e-06 -4.209452660452833030e-06 -6.753913573491765137e-06 -9.300893252675806769e-06 -1.187657247189892527e-05 -1.468805470091147821e-05 -1.789680265493648302e-05 -2.156351852130123715e-05 -2.560109531798471417e-05 -2.980629720612492021e-05 -3.396591834136377340e-05 -3.800312072789042804e-05 -4.209694250860740618e-05 -4.670221235185993355e-05 -5.242640756130649701e-05 -5.978388511106757564e-05 -6.892069905158290676e-05 -7.945381777162698566e-05 -9.055893456412996453e-05 -1.013540497070874509e-04 -1.114847068665176356e-04 -1.216647409289807458e-04 -1.338575566832573009e-04 -1.508497548920588753e-04 -1.752020013568807068e-04 -2.079073867195357483e-04 -2.473863149868221539e-04 -2.895665361108738464e-04 -3.295306497470358218e-04 -3.645929193275603214e-04 -3.978120126981389733e-04 -4.401823522674941543e-04 -5.096140574248880090e-04 -6.255241617402022012e-04 -7.997504310705191291e-04 -1.026990907037244770e-03 -1.280256297396338908e-03 -1.517716366348324407e-03 -1.705081258418165123e-03 -1.852231252412074071e-03 -2.053846468378469920e-03 -2.513992926916884009e-03 -3.528206089822813994e-03 -5.397722301369420501e-03 -8.267776327424224136e-03 -1.191827526348952608e-02 -1.559645816090901235e-02 -1.807748582021707906e-02 -1.826202577396080634e-02 -1.683211735252958599e-02 -1.970164860851005700e-02 -4.501461336401979541e-02 -1.336876838782367349e-01 -3.821910669364519952e-01 -9.280464542646911230e-01 -2.363773602854061462e+00 -4.080705529276915655e+00 -1.521743337479497349e+01 3.348879556237013944e+00 -2.023806520040143937e+02 7.112853158894540684e+02 -5.318836784801748763e+03 2.324942244141810443e+04 -5.362653219886849911e+03 7.175043349011715463e+02 -2.079563876395786508e+02 2.446144719933252887e+00 -1.626649401040889842e+01 -4.554692759244736600e+00 -2.638932662310679245e+00 -1.059900968804463828e+00 -4.423480273614364133e-01 -1.575663611101633388e-01 -5.386589572444374502e-02 -2.392956387606490209e-02 -2.074946289762934562e-02 -2.289580692892934782e-02 -2.305913214583769910e-02 -2.024083787283650904e-02 -1.573536634830052794e-02 -1.110289887898383704e-02 -7.370358312962991924e-03 -4.896058514557689000e-03 -3.544802587376932792e-03 -2.944608924633836979e-03 -2.703000266245581679e-03 -2.534290179042244812e-03 -2.297757203227604548e-03 -1.973817656890188618e-03 -1.611629218778212616e-03 -1.276668001877136367e-03 -1.015335385519712530e-03 -8.413393892518225906e-04 -7.399975324997924665e-04 -6.819590733708067115e-04 -6.379240282570673671e-04 -5.886113469124977038e-04 -5.278642125682494199e-04 -4.599897728760420860e-04 -3.942490907705307936e-04 -3.386246714062693831e-04 -3.001408271391516145e-04 -2.633376156319240636e-04 -3.142714578830937185e-04
-1.048551291197616837e-06 -3.879437589435767486e-06 -6.255985477519051257e-06 -8.642699936122261628e-06 -1.102046246109453128e-05 -1.354015151248922829e-05 -1.634981559786248312e-05 -1.956194933693749616e-05 -2.319317465718364691e-05 -2.714172321018136735e-05 -3.122081624985040087e-05 -3.525334041562024225e-05 -3.919956117081386003e-05 -4.326043529062803506e-05 -4.789032364474256771e-05 -5.367706823089948793e-05 -6.110656799226286344e-05 -7.029947070725138731e-05 -8.085889347580754456e-05 -9.196114913414698991e-05 -1.027372520021474506e-04 -1.128533421528449412e-04 -1.230459432873385510e-04 -1.352980404611537463e-04 -1.524077271227128631e-04 -1.769343652693176243e-04 -2.098538740194888887e-04 -2.495547802942805538e-04 -2.919264778713318844e-04 -3.320223801277395206e-04 -3.671560027615551917e-04 -4.004283204848882297e-04 -4.429187226388512006e-04 -5.126426280574880720e-04 -6.290996126236947632e-04 -8.041369649917052501e-04 -1.032355510027976224e-03 -1.286571257344849666e-03 -1.524731548579791492e-03 -1.712420413864657043e-03 -1.859630971595539620e-03 -2.061491598591634524e-03 -2.522826195154450474e-03 -3.540033336197253352e-03 -5.414930717820294614e-03 -8.292570330486187871e-03 -1.195152558717720546e-02 -1.563654037418892723e-02 -1.811985891795625525e-02 -1.830055632353719264e-02 -1.686378156464005823e-02 -1.973543905405785587e-02 -4.508673128539586461e-02 -1.338864957358090191e-01 -3.826935730337616137e-01 -9.291402464984281906e-01 -2.366041665693925378e+00 -4.084562380574773499e+00 -1.522596561703733542e+01 3.341834764879180852e+00 -2.024256762163830103e+02 7.113366600557666288e+02 -5.319185496833928482e+03 2.324942849526924692e+04 -5.362311944111273988e+03 7.174576630318651951e+02 -2.079135568015082356e+02 2.453305932891317820e+00 -1.625848624777779605e+01 -4.551075579107546787e+00 -2.636857520430218926e+00 -1.058912210340136939e+00 -4.418996208786892810e-01 -1.573882314374327462e-01 -5.379886106291077025e-02 -2.389663698318608004e-02 -2.071924337540408806e-02 -2.286099150127229862e-02 -2.302240596151196653e-02 -2.020700734852052746e-02 -1.570775007978192708e-02 -1.108242031382442212e-02 -7.356048707042514394e-03 -4.886043661062348595e-03 -3.537195211622645979e-03 -2.938047044860924925e-03 -2.696801447184819095e-03 -2.528326572866855092e-03 -2.292203909570252052e-03 -1.968906978675235772e-03 -1.607491054323085698e-03 -1.273277798425776625e-03 -1.012546700296245274e-03 -8.389576533807706956e-04 -7.378522892901340528e-04 -6.799478210245372837e-04 -6.360194877469947401e-04 -5.868465692341295848e-04 -5.262836549598125160e-04 -4.587561325011328922e-04 -3.929694498389472990e-04 -3.403837514313336437e-04 -2.896607024055242218e-04 -3.359124694988031758e-04
-9.395319592122949996e-07 -3.504509939179064694e-06 -5.730972882523150786e-06 -8.026079951696419394e-06 -1.031676453605229767e-05 -1.266378308765391615e-05 -1.515243256324566797e-05 -1.790109603989763993e-05 -2.101418349998870162e-05 -2.452706036038312525e-05 -2.836928184223663432e-05 -3.238045618194612522e-05 -3.639220049213518897e-05 -4.035386072967846763e-05 -4.444403697795184545e-05 -4.909615504862750713e-05 -5.488878590899047425e-05 -6.231280340857699336e-05 -7.150256056157863532e-05 -8.207400158000141620e-05 -9.320766568842945969e-05 -1.040288972437545959e-04 -1.141940515081912107e-04 -1.244349041383761010e-04 -1.367413086454722553e-04 -1.539289122509361759e-04 -1.785760155397072765e-04 -2.116655243479642048e-04 -2.515713267454850735e-04 -2.941481040746914545e-04 -3.344099750894852056e-04 -3.696514732218223256e-04 -4.029978230497951921e-04 -4.456027002125926271e-04 -5.155868513070832647e-04 -6.325418971222043513e-04 -8.083390841021132270e-04 -1.037495821135138224e-03 -1.292642077541943232e-03 -1.531503819358451344e-03 -1.719531832304168565e-03 -1.866817391902793203e-03 -2.068916394144157053e-03 -2.531386849830067915e-03 -3.551469267285787060e-03 -5.431554042959666102e-03 -8.316523324773776593e-03 -1.198367304475369231e-02 -1.567530041095599458e-02 -1.816093565561794840e-02 -1.833795185969625680e-02 -1.689366739854209279e-02 -1.976735564328040845e-02 -4.515707302764031261e-02 -1.340794323154498313e-01 -3.831800092430276417e-01 -9.301992582746575478e-01 -2.368237731898771070e+00 -4.088297623091357913e+00 -1.523422887038798024e+01 3.335007261341110585e+00 -2.024692865106380850e+02 7.113863747687283876e+02 -5.319523339804231910e+03 2.324943426970225846e+04 -5.361981194280230739e+03 7.174124047849790031e+02 -2.078720386200526491e+02 2.460244389941470544e+00 -1.625072326564608005e+01 -4.547568972991926195e+00 -2.634845489244668659e+00 -1.057953456149062887e+00 -4.414647929360654977e-01 -1.572155038238687574e-01 -5.373387759275721764e-02 -2.386473256234611026e-02 -2.068995862600292446e-02 -2.282724016267954556e-02 -2.298679297409747177e-02 -2.017419743212197497e-02 -1.568096537715514896e-02 -1.106255896775908652e-02 -7.342172155939400389e-03 -4.876333893581887360e-03 -3.529820903167837746e-03 -2.931686328083397877e-03 -2.690791913944615837e-03 -2.522544176479844021e-03 -2.286818773813442934e-03 -1.964144830915488023e-03 -1.603478241445883880e-03 -1.269990757141359946e-03 -1.009843667146761081e-03 -8.366504964168092239e-04 -7.357772594004272039e-04 -6.780081407271121643e-04 -6.341988284458045669e-04 -5.851712946738769862e-04 -5.249357772132985222e-04 -4.573408717368396509e-04 -3.948115053679166885e-04 -3.291686267539292092e-04 -3.672598946619621239e-04
-8.322199707574968735e-07 -3.134440841302427007e-06 -5.212108590157613843e-06 -7.427591452753405055e-06 -9.670924486228717648e-06 -1.192165502433922403e-05 -1.418859139828772980e-05 -1.655667097235839527e-05 -1.916822715201619098e-05 -2.216537946413630670e-05 -2.561332530848488905e-05 -2.944859347356836412e-05 -3.349242446957817650e-05 -3.754322050892345419e-05 -4.151960996907677398e-05 -4.558719429047561724e-05 -5.018980456172976977e-05 -5.593358205588135887e-05 -6.333948100069033895e-05 -7.255883745073362951e-05 -8.320271453384300332e-05 -9.442736757132795772e-05 -1.053270771532889148e-04 -1.155371292879424551e-04 -1.257908389697412271e-04 -1.381040218082174543e-04 -1.553318497677993472e-04 -1.800863575546779601e-04 -2.133593924656688112e-04 -2.535000486209763133e-04 -2.963120420942524729e-04 -3.367557592049418578e-04 -3.721001084361458505e-04 -4.054972981216027595e-04 -4.481844874280549126e-04 -5.183980511634727565e-04 -6.358282321678483803e-04 -8.123711180602644641e-04 -1.042457314100692827e-03 -1.298526481480263796e-03 -1.538080872884583020e-03 -1.726437678269152369e-03 -1.873784801897690044e-03 -2.076098204494160934e-03 -2.539654597463599558e-03 -3.562513435282950100e-03 -5.447629473245272670e-03 -8.339687608444662850e-03 -1.201485529329215929e-02 -1.571290816877026625e-02 -1.819993085237539901e-02 -1.837336351994211039e-02 -1.692313518578182630e-02 -1.979877665199089240e-02 -4.522523264030758189e-02 -1.342663778994323265e-01 -3.836511650683552821e-01 -9.312250789897502656e-01 -2.370365167126212036e+00 -4.091916909957616255e+00 -1.524223565521823076e+01 3.328387155633923289e+00 -2.025115484677777147e+02 7.114345363850758304e+02 -5.319850814092058499e+03 2.324943978165428780e+04 -5.361660490799509716e+03 7.173684969027131046e+02 -2.078317736491109713e+02 2.466970325072856074e+00 -1.624319400408866443e+01 -4.544167943889360295e+00 -2.632893730147725542e+00 -1.057023359061183942e+00 -4.410429346598888634e-01 -1.570479352998119249e-01 -5.367085193068571458e-02 -2.383380320182675732e-02 -2.066156546434775101e-02 -2.279450439460036643e-02 -2.295224286861466748e-02 -2.014236219486597798e-02 -1.565497485085000709e-02 -1.104328701599824498e-02 -7.328709014256574311e-03 -4.866915250943980309e-03 -3.522668923147641729e-03 -2.925517497210477959e-03 -2.684962965724178082e-03 -2.516934682435752624e-03 -2.281594084884723452e-03 -1.959524399551294208e-03 -1.599585104995435679e-03 -1.266802543910397223e-03 -1.007223598288152326e-03 -8.344178079166680861e-04 -7.337759573465657244e-04 -6.761554164882298702e-04 -6.324728515972467390e-04 -5.837496447653486940e-04 -5.233940380561634149e-04 -4.593389886509541796e-04 -3.825375327664025686e-04 -4.140318565524424527e-04
-7.431575379881759046e-07 -2.817978327822855032e-06 -4.741404780946422960e-06 -6.846436786576660489e-06 -9.016665762345385835e-06 -1.119002480897631115e-05 -1.331917830640243485e-05 -1.543771532124095928e-05 -1.766991383815816013e-05 -2.019495957939978240e-05 -2.317041518737269560e-05 -2.664910069280093817e-05 -3.053442880128122850e-05 -3.461019688583894704e-05 -3.865055098888843700e-05 -4.257361299271584599e-05 -4.656749835380815452e-05 -5.111047724160255678e-05 -5.683898620731961897e-05 -6.428637308995174241e-05 -7.359295267415239818e-05 -8.434033907608594360e-05 -9.565016789620577552e-05 -1.065927907271096699e-04 -1.168020164223120482e-04 -1.270345891208944460e-04 -1.393462972252403141e-04 -1.566324047177269430e-04 -1.815269299620426990e-04 -2.150132495867473838e-04 -2.554011944472875796e-04 -2.984383882387456680e-04 -3.390371176085541752e-04 -3.744532425692433521e-04 -4.078786393372870779e-04 -4.506403700649327807e-04 -5.210877504273525758e-04 -6.389997959939907853e-04 -8.162860459878255783e-04 -1.047283776033759370e-03 -1.304244504399782118e-03 -1.544456650950970684e-03 -1.733115444250048773e-03 -1.880511015445390918e-03 -2.083029567793230532e-03 -2.547651861010513056e-03 -3.573195558602995821e-03 -5.463265763129843307e-03 -8.362205167899703848e-03 -1.204428616143873691e-02 -1.574853175600749583e-02 -1.823819759853782807e-02 -1.840815288038280539e-02 -1.695172268776743221e-02 -1.982933652578388120e-02 -4.529133949104338641e-02 -1.344475631264988313e-01 -3.841077389134918696e-01 -9.322192348715326871e-01 -2.372427134079986732e+00 -4.095425554752483599e+00 -1.524999772931299447e+01 3.321965146576023376e+00 -2.025525236755756850e+02 7.114812165631263952e+02 -5.320168389826417297e+03 2.324944504679828606e+04 -5.361349382775850245e+03 7.173258798451632856e+02 -2.077927059796796243e+02 2.473493354632142260e+00 -1.623588806005821894e+01 -4.540867791734767955e+00 -2.630999572518869289e+00 -1.056120651566084367e+00 -4.406334731974939078e-01 -1.568852973702869746e-01 -5.360969637165662049e-02 -2.380380445359014246e-02 -2.063402339263909965e-02 -2.276273864573281902e-02 -2.291870837427230703e-02 -2.011145847629618871e-02 -1.562974337055111559e-02 -1.102457833113215484e-02 -7.315640855874271618e-03 -4.857774657025344320e-03 -3.515729221534977418e-03 -2.919531863117389575e-03 -2.679306435831538182e-03 -2.511490280641483913e-03 -2.276522613657846333e-03 -1.955039405802783733e-03 -1.595806739589594606e-03 -1.263710167860968535e-03 -1.004686618735388089e-03 -8.322641470351860955e-04 -7.318668258403819354e-04 -6.744040786928690370e-04 -6.310296656521082685e-04 -5.821140631364163463e-04 -5.256988546127712913e-04 -4.455254522715769070e-04 -4.782457468343057961e-04
-6.805296792748661817e-07 -2.581337260047972788e-06 -4.348121626349364903e-06 -6.297152776392466193e-06 -8.334130627337204446e-06 -1.040324102327400503e-05 -1.244002024821263500e-05 -1.443301248334218542e-05 -1.645051175497490057e-05 -1.863692287015899103e-05 -2.116797935136353784e-05 -2.417771344214070830e-05 -2.768742072390684207e-05 -3.157546467850420684e-05 -3.561729977540994789e-05 -3.959755838273394489e-05 -4.345772389564968253e-05 -4.741149198529029347e-05 -5.195439300034741836e-05 -5.772546881816406606e-05 -6.524583960086839272e-05 -7.463414017428876568e-05 -8.544937453420444644e-05 -9.679818863895838031e-05 -1.077493799988490795e-04 -1.179500377294871309e-04 -1.281814865523238465e-04 -1.405277047588168618e-04 -1.579057749367628581e-04 -1.829557587625699449e-04 -2.166460056526435269e-04 -2.572521758329221931e-04 -3.004793654348284285e-04 -3.412069900503318502e-04 -3.766875805541217105e-04 -4.101525706196978136e-04 -4.530093014051459442e-04 -5.237055191716077918e-04 -6.420964126672415104e-04 -8.201002268022282958e-04 -1.051966537321049082e-03 -1.309772476792053168e-03 -1.550608910689748416e-03 -1.739557471549312484e-03 -1.887015863272299048e-03 -2.089733069575923016e-03 -2.555472280400748666e-03 -3.583634908586215851e-03 -5.477665842485030141e-03 -8.383235214390532403e-03 -1.207328097378373120e-02 -1.578351108843890557e-02 -1.827529751281498777e-02 -1.844196763541769077e-02 -1.697949753668062320e-02 -1.985902579216281688e-02 -4.535547376567367062e-02 -1.346232391526976380e-01 -3.845503909226755113e-01 -9.331831654491700156e-01 -2.374426606759940661e+00 -4.098828553242105599e+00 -1.525752614375072014e+01 3.315732479614655670e+00 -2.025922700273910948e+02 7.115264826191749989e+02 -5.320476509137804896e+03 2.324945007965353579e+04 -5.361047445901441279e+03 7.172844975214446777e+02 -2.077547829804924504e+02 2.479822523302708692e+00 -1.622879563925014423e+01 -4.537664091613066830e+00 -2.629160501429519847e+00 -1.055244139973929185e+00 -4.402358690629304960e-01 -1.567273749294047780e-01 -5.355032844459278740e-02 -2.377469458943677616e-02 -2.060729438111361805e-02 -2.273190009759590985e-02 -2.288614502969021219e-02 -2.008144567435766331e-02 -1.560523789608902687e-02 -1.100640835681021730e-02 -7.302950381374476163e-03 -4.848899847661307730e-03 -3.508992370146247260e-03 -2.913721257182025435e-03 -2.673814630490389550e-03 -2.506203633435617143e-03 -2.271597692096667068e-03 -1.950684433391012586e-03 -1.592139804086861775e-03 -1.260713963868978667e-03 -1.002238461136311558e-03 -8.302117244540624646e-04 -7.300684143755588806e-04 -6.729737734935932816e-04 -6.293402489670839707e-04 -5.849175535856744905e-04 -5.098282223359746484e-04 -5.561481897979501585e-04
-6.420540165549516531e-07 -2.420463016247688996e-06 -4.037138509483395452e-06 -5.797896501838473590e-06 -7.645699781810630296e-06 -9.565678624643369932e-06 -1.151384064908181762e-05 -1.345644334268717530e-05 -1.539767276440536780e-05 -1.740333093148413308e-05 -1.959986359258623936e-05 -2.213989154684887866e-05 -2.514036926049806699e-05 -2.861834498361366636e-05 -3.246066666298306168e-05 -3.645817345050545951e-05 -4.040990486581921484e-05 -4.426486467427062182e-05 -4.823577555114872100e-05 -5.281120647489677042e-05 -5.862165458290858136e-05 -6.618174955571271359e-05 -7.560693763651818596e-05 -8.645540485425553276e-05 -9.783387081075077530e-05 -1.088118288473239036e-04 -1.190392547033551510e-04 -1.293047641824751463e-04 -1.417045892133567727e-04 -1.591699414455841630e-04 -1.843501417130602677e-04 -2.182103025669112901e-04 -2.590064429016598392e-04 -3.024118795039308812e-04 -3.432757523941405708e-04 -3.788411111600744046e-04 -4.123671206414017800e-04 -4.553290647602972535e-04 -5.262652773019354732e-04 -6.451067457108435521e-04 -8.237873891232838121e-04 -1.056481193728271229e-03 -1.315101334224238507e-03 -1.556556610724776045e-03 -1.745785575382693446e-03 -1.893389251949499554e-03 -2.096319710595178319e-03 -2.562320583798271319e-03 -3.592986457457765948e-03 -5.492098475763139767e-03 -8.404072292390348323e-03 -1.210139624360982193e-02 -1.581750207686922691e-02 -1.831131168501757417e-02 -1.847480483488645603e-02 -1.700648270127606485e-02 -1.988786971132229520e-02 -4.541771529803218660e-02 -1.347936482207321984e-01 -3.849797447221658953e-01 -9.341182262787063317e-01 -2.376366383031080165e+00 -4.102130605841010080e+00 -1.526483129463148281e+01 3.309680907699747987e+00 -2.026308419948419441e+02 7.115703978516748975e+02 -5.320775588211863578e+03 2.324945489368769631e+04 -5.360754280523288799e+03 7.172442970434505014e+02 -2.077179550611789409e+02 2.485966346009319317e+00 -1.622190751216178128e+01 -4.534552673875118955e+00 -2.627374146427282398e+00 -1.054392699092155938e+00 -4.398496137214972235e-01 -1.565739652765260614e-01 -5.349267051317516813e-02 -2.374643438408709228e-02 -2.058134267327891079e-02 -2.270194845607549985e-02 -2.285451097437679255e-02 -2.005228555919773975e-02 -1.558142732656159039e-02 -1.098875399169749710e-02 -7.290621326334974402e-03 -4.840279289677395201e-03 -3.502449484206591850e-03 -2.908077962183722685e-03 -2.668480303963364445e-03 -2.501067974941285302e-03 -2.266813604492463798e-03 -1.946455860764642869e-03 -1.588584809312781378e-03 -1.257820750416434492e-03 -9.999052282835168073e-04 -8.282826034432544133e-04 -7.286364149721603206e-04 -6.712516546712086161e-04 -6.328070197281970366e-04 -5.666072824963599682e-04 -6.385811297326236683e-04
-6.176940137887556177e-07 -2.307632539319045677e-06 -3.790114758206263002e-06 -5.360048320982079093e-06 -6.995611274496201656e-06 -8.732573750701204268e-06 -1.056815216385184250e-05 -1.247262641945613406e-05 -1.440507172150567249e-05 -1.634936808283728334e-05 -1.834877107953889443e-05 -2.051658718301342885e-05 -2.300740450606897578e-05 -2.595283435187531763e-05 -2.938865437130373597e-05 -3.321458053888644448e-05 -3.722234004686276234e-05 -4.120040794656493465e-05 -4.508222949016174364e-05 -4.906866582466212025e-05 -5.364638863676339021e-05 -5.945456461914973723e-05 -6.702180983315459079e-05 -7.647466202932536234e-05 -8.737283562432594949e-05 -9.881369257162993247e-05 -1.098515811794672657e-04 -1.201247537881994248e-04 -1.304220271960923486e-04 -1.428546236984770451e-04 -1.603781959942604822e-04 -1.856639104569549731e-04 -2.196828215613464753e-04 -2.606735412684206576e-04 -3.042727651934594478e-04 -3.452903164913265774e-04 -3.809507450516157970e-04 -4.145354971537914429e-04 -4.575874346032264214e-04 -5.287392978066221029e-04 -6.480041807734185713e-04 -8.273357313380416732e-04 -1.060843884048095044e-03 -1.320251003241187200e-03 -1.562387543713710707e-03 -1.751908443519465232e-03 -1.898848159525641684e-03 -2.101953529387912568e-03 -2.569431289187247992e-03 -3.602504201489922699e-03 -5.506106475573846991e-03 -8.424357967335203631e-03 -1.212869949781816663e-02 -1.585050365129207772e-02 -1.834627636601340178e-02 -1.850669522713499493e-02 -1.703270419642462577e-02 -1.991589825256485924e-02 -4.547814246356921691e-02 -1.349590205971629708e-01 -3.853963886106697156e-01 -9.350256940320179622e-01 -2.378249096887044445e+00 -4.105336138711244587e+00 -1.527192297061855619e+01 3.303802655268807786e+00 -2.026682908768276832e+02 7.116130218367342195e+02 -5.321066019164971294e+03 2.324945950140636342e+04 -5.360469509876964366e+03 7.172052285006127477e+02 -2.076821754556966937e+02 2.491932846165932691e+00 -1.621521497392053845e+01 -4.531529605963800833e+00 -2.625638271284484127e+00 -1.053565267362614355e+00 -4.394742273853008419e-01 -1.564248772208652882e-01 -5.343664941532530466e-02 -2.371898692189253199e-02 -2.055613461353875820e-02 -2.267284576682810152e-02 -2.282376676316684797e-02 -2.002394210495444735e-02 -1.555828235863797315e-02 -1.097159347169254957e-02 -7.278638358327480136e-03 -4.831902086651186992e-03 -3.496092145961710290e-03 -2.902594693480908209e-03 -2.663296785799545117e-03 -2.496077565820651809e-03 -2.262166626628517221e-03 -1.942354356305977213e-03 -1.585149368834139552e-03 -1.255059942772763061e-03 -9.977108610903031877e-04 -8.267679912206104273e-04 -7.268575449602738712e-04 -6.754437588979764337e-04 -6.119574007131670709e-04 -7.145841625218362541e-04
-5.951514230722438694e-07 -2.206862419759038655e-06 -3.576461973774495582e-06 -4.983064879355584389e-06 -6.424872129600945424e-06 -7.973793172647046780e-06 -9.666774248293794332e-06 -1.149641747388332314e-05 -1.340958978376600260e-05 -1.533884323749281947e-05 -1.725122112672924696e-05 -1.919064740873639322e-05 -2.128727509388206925e-05 -2.371963296919028715e-05 -2.663834250200237063e-05 -3.008420558742065851e-05 -3.394603181992477726e-05 -3.799447030121963557e-05 -4.199718527626671158e-05 -4.587712874929035094e-05 -4.983994086215487711e-05 -5.438997288398207219e-05 -6.018844833832259018e-05 -6.777974189752535006e-05 -7.729199807667155126e-05 -8.827112130730595209e-05 -9.979141818459236278e-05 -1.108860246683370567e-04 -1.211849631806742128e-04 -1.314877171746318117e-04 -1.439324687628071797e-04 -1.615072132010340813e-04 -1.869056731173608275e-04 -2.210988635277729450e-04 -2.622988293029671200e-04 -3.060978870612748241e-04 -3.472635665022460452e-04 -3.830044432118074726e-04 -4.166301149612835217e-04 -4.597572388605815786e-04 -5.311141151967697233e-04 -6.508020041623544015e-04 -8.307620611144310874e-04 -1.065138487438439200e-03 -1.325326833809456527e-03 -1.567332280355609661e-03 -1.757104560541766650e-03 -1.904603039542384930e-03 -2.107860856278423196e-03 -2.576344691264361234e-03 -3.611819545195592285e-03 -5.519735869270068693e-03 -8.444071977212081262e-03 -1.215521491811035956e-02 -1.588254769765489599e-02 -1.838022992837898967e-02 -1.853767379926422182e-02 -1.705818974523285597e-02 -1.994314207716084419e-02 -4.553683078215108038e-02 -1.351195743426241991e-01 -3.858008774400863983e-01 -9.359067717493694261e-01 -2.380077229994277399e+00 -4.108449323272913567e+00 -1.527881039651678918e+01 3.298090385169997418e+00 -2.027046650271062447e+02 7.116544106977517004e+02 -5.321348171758982971e+03 2.324946391443238463e+04 -5.360192778472064674e+03 7.171672447533693457e+02 -2.076474000240212376e+02 2.497729590662904009e+00 -1.620870980749999291e+01 -4.528591175774444366e+00 -2.623950764610641251e+00 -1.052760842410059405e+00 -4.391092569969015647e-01 -1.562799302654296341e-01 -5.338219613805721131e-02 -2.369231742586700579e-02 -2.053163849555194459e-02 -2.264455625089574833e-02 -2.279387519684409821e-02 -1.999638132946006050e-02 -1.553577534235712349e-02 -1.095490624161777476e-02 -7.266986965140735145e-03 -4.823757897587254220e-03 -3.489912397542579547e-03 -2.897264757540147888e-03 -2.658258488225601155e-03 -2.491228793006500155e-03 -2.257657611247727500e-03 -1.938387975636303700e-03 -1.581865181591124523e-03 -1.252455379769764222e-03 -9.959768284672969145e-04 -8.248500822159559589e-04 -7.316923473553777922e-04 -6.522677050430382689e-04 -7.776924354080285004e-04
-5.653082575354044450e-07 -2.090020459351618723e-06 -3.367566283240851636e-06 -4.655580962295106409e-06 -5.952636154011772960e-06 -7.338830053479017889e-06 -8.872148480276750054e-06 -1.057194748890597019e-05 -1.240355113656358006e-05 -1.429338198661101643e-05 -1.616905759666138517e-05 -1.800950471495745984e-05 -1.988064770286775932e-05 -2.193392533342105040e-05 -2.435869353217306245e-05 -2.730155453694921888e-05 -3.078695126514885915e-05 -3.468280028551789910e-05 -3.874368828547272942e-05 -4.273287643318618797e-05 -4.658212691376725816e-05 -5.051501681584876906e-05 -5.505517475950643400e-05 -6.087625147728477446e-05 -6.852292316490510781e-05 -7.811120403224616087e-05 -8.916725104016887246e-05 -1.007461685393160760e-04 -1.118708893846820558e-04 -1.221757170507380965e-04 -1.324789639390541209e-04 -1.449462151083523995e-04 -1.625909719761954933e-04 -1.881191445634717001e-04 -2.224928993145534873e-04 -2.638944607730710429e-04 -3.078752254346560661e-04 -3.491684134671753348e-04 -3.849754729723295073e-04 -4.186373339216918621e-04 -4.618504589983730329e-04 -5.334044272146879059e-04 -6.535801679246817149e-04 -8.341672628277115508e-04 -1.068607329808694524e-03 -1.329520622951028269e-03 -1.572578848164059425e-03 -1.762578028361497934e-03 -1.910200870378307107e-03 -2.113674682190845762e-03 -2.583095907647481142e-03 -3.620897036966429575e-03 -5.532991324299188322e-03 -8.463227582290558035e-03 -1.218096943446793715e-02 -1.591367013357787921e-02 -1.841321162391022434e-02 -1.856777586344556322e-02 -1.708296717560770644e-02 -1.996963139324128833e-02 -4.559385242525996335e-02 -1.352755157019470411e-01 -3.861937346763191781e-01 -9.367625938675955277e-01 -2.381853122396022204e+00 -4.111474094157329340e+00 -1.528550227321714594e+01 3.292537168278534487e+00 -2.027400100626607866e+02 7.116946173520568664e+02 -5.321622394972206166e+03 2.324946814358387928e+04 -5.359923750611151263e+03 7.171303012434416360e+02 -2.076135870703446074e+02 2.503363721885526250e+00 -1.620238424999062232e+01 -4.525733876407601386e+00 -2.622309631246747319e+00 -1.051978476961911380e+00 -4.387542743838512282e-01 -1.561389538637178165e-01 -5.332924552566823545e-02 -2.366639310718144512e-02 -2.050782442743883174e-02 -2.261704615365809495e-02 -2.276480115986868197e-02 -1.996957113348116902e-02 -1.551388013218072022e-02 -1.093867282857384667e-02 -7.255653371179078721e-03 -4.815836943241971931e-03 -3.483902927461856973e-03 -2.892082596831829864e-03 -2.653362034092791779e-03 -2.486522790745926328e-03 -2.253294893179880187e-03 -1.934589884886365584e-03 -1.578754875213607021e-03 -1.250352350748138580e-03 -9.937909089925017498e-04 -8.301289121011566109e-04 -7.065552413939397633e-04 -8.327630391967088489e-04
-5.253500520900659191e-07 -1.946721575529302365e-06 -3.147636897175210943e-06 -4.360956724133718103e-06 -5.570447060943455886e-06 -6.837322684457356576e-06 -8.215992239898198073e-06 -9.744227868084915582e-06 -1.142217555450842701e-05 -1.320842914555654870e-05 -1.503647642445293644e-05 -1.685010639687481706e-05 -1.864511256217063907e-05 -2.049725586872664821e-05 -2.255708683431639717e-05 -2.500379827145481559e-05 -2.796981924227087731e-05 -3.146770085184176025e-05 -3.536028048733253171e-05 -3.940506078306345083e-05 -4.337414288631848125e-05 -4.721010538528258295e-05 -5.114530857697289221e-05 -5.570746036083959181e-05 -6.156878261019113402e-05 -6.926786883888331168e-05 -7.891192558648726018e-05 -9.001807478887861294e-05 -1.016348918078241177e-04 -1.127838887588729957e-04 -1.231049110037715712e-04 -1.334288574127768699e-04 -1.459383282942959613e-04 -1.636627482158849395e-04 -1.893156635185412303e-04 -2.238526023732596143e-04 -2.654334614916224007e-04 -3.095783305397137872e-04 -3.509913747623966671e-04 -3.868754457476401452e-04 -4.205711347972733417e-04 -4.639445763258169195e-04 -5.357076120841119775e-04 -6.555925942549223773e-04 -8.367552288979924731e-04 -1.072414656212860142e-03 -1.334013564706866767e-03 -1.577682130690729679e-03 -1.767968212778409228e-03 -1.915674581752703325e-03 -2.119355451530330770e-03 -2.589680025488159780e-03 -3.629735083463830284e-03 -5.545881345270564644e-03 -8.481843070118046113e-03 -1.220599146049384728e-02 -1.594390707769224869e-02 -1.844526007148456284e-02 -1.859703596105550735e-02 -1.710706372496057295e-02 -1.999539549994291260e-02 -4.564927610324420737e-02 -1.354270396852882141e-01 -3.865754544333354636e-01 -9.375942309246334538e-01 -2.383578982383689926e+00 -4.114414165701985482e+00 -1.529200681431878550e+01 3.287136455589821704e+00 -2.027743690545925119e+02 7.117336917366528724e+02 -5.321889018439509528e+03 2.324947219893588408e+04 -5.359662109030793545e+03 7.170943558196128151e+02 -2.075806971761586510e+02 2.508841987081553260e+00 -1.619623096163981302e+01 -4.522954392165773108e+00 -2.620712984362289166e+00 -1.051217275104991744e+00 -4.384088745687019784e-01 -1.560017867430151528e-01 -5.327773601778500873e-02 -2.364118303117085373e-02 -2.048466420826951587e-02 -2.259028360128323767e-02 -2.273651146223805083e-02 -1.994348114428446186e-02 -1.549257195216009048e-02 -1.092287475681818013e-02 -7.244624552252633236e-03 -4.808130211009288904e-03 -3.478057645755102279e-03 -2.887044965038651056e-03 -2.648609011477398145e-03 -2.481968483667899329e-03 -2.249113406101963756e-03 -1.930982594554936675e-03 -1.576186288906701767e-03 -1.247761757150864801e-03 -9.993144277170584473e-04 -8.031950046588589480e-04 -8.999077868198964835e-04
-4.786781706723133183e-07 -1.784983677157940765e-06 -2.917195235421860494e-06 -4.084047406101112447e-06 -5.249246600456339978e-06 -6.440252359783621165e-06 -7.688967259415879961e-06 -9.036658649095614400e-06 -1.051647663760629166e-05 -1.213606031347925979e-05 -1.386799171848994658e-05 -1.565855137703032167e-05 -1.745682984443865267e-05 -1.925456966816336887e-05 -2.111707818477158547e-05 -2.318378798755706943e-05 -2.562747425198041664e-05 -2.858122742312412177e-05 -3.206390728710933462e-05 -3.594626891554756281e-05 -3.999109439089676822e-05 -4.397093225991694247e-05 -4.782477504313662484e-05 -5.178036849735021696e-05 -5.636302565333184417e-05 -6.224626463454055870e-05 -6.997247884483284470e-05 -7.965207059557397181e-05 -9.080173695146315162e-05 -1.024652386253392715e-04 -1.136573480042523949e-04 -1.240140630576756265e-04 -1.343698795103083737e-04 -1.469196941102720742e-04 -1.647100883924266926e-04 -1.904682889321752026e-04 -2.251515031266723634e-04 -2.669021556813581182e-04 -3.112183052114627529e-04 -3.527460284478707141e-04 -3.887802544106541930e-04 -4.225267036979175363e-04 -4.653063303501213019e-04 -5.372404000836668520e-04 -6.579799364185184071e-04 -8.396834667149576190e-04 -1.076121694604487405e-03 -1.338450477323138406e-03 -1.582674105173799200e-03 -1.773236006868127677e-03 -1.921017857845379708e-03 -2.124897134032068154e-03 -2.596096460490433105e-03 -3.638337894812124305e-03 -5.558416951147690174e-03 -8.499937916486682496e-03 -1.223030936548259555e-02 -1.597329378501130201e-02 -1.847641263067675843e-02 -1.862548744084251487e-02 -1.713050573617588140e-02 -2.002046259136087275e-02 -4.570316710987463310e-02 -1.355743307039871670e-01 -3.869465034113227508e-01 -9.384026939266669753e-01 -2.385256895589469295e+00 -4.117273047114430540e+00 -1.529833177974696490e+01 3.281882052534819127e+00 -2.028077827032911671e+02 7.117716810151291611e+02 -5.322148353773816780e+03 2.324947608988331558e+04 -5.359407553653752984e+03 7.170593685774781534e+02 -2.075486930468557603e+02 2.514170765316354750e+00 -1.619024299739037787e+01 -4.520249585688219440e+00 -2.619159038195996381e+00 -1.050476388847479292e+00 -4.380726742205248159e-01 -1.558682762882393769e-01 -5.322760941337710550e-02 -2.361665799684341607e-02 -2.046213121449589820e-02 -2.256423846683118170e-02 -2.270897469371942548e-02 -1.991808258096725362e-02 -1.547182730608410127e-02 -1.090749455869043094e-02 -7.233888447257830548e-03 -4.800630075191377605e-03 -3.472373005572678990e-03 -2.882154119655862962e-03 -2.644009895308483283e-03 -2.477604768914463788e-03 -2.245139634774147904e-03 -1.927967483633437167e-03 -1.573102923772616612e-03 -1.253508191105787194e-03 -9.700976523935331362e-04 -1.012157815853823592e-03
-4.322235907888612007e-07 -1.624034925515043667e-06 -2.689064473321996180e-06 -3.816121396164307329e-06 -4.953845519375424017e-06 -6.097418567842908285e-06 -7.250042325636370928e-06 -8.442601867857354425e-06 -9.725590367668091306e-06 -1.114821163900800935e-05 -1.273175726491362816e-05 -1.445317612365598367e-05 -1.625198960176204110e-05 -1.806326827445049895e-05 -1.986473260758660669e-05 -2.171453389157933201e-05 -2.375493781633915638e-05 -2.616958528806557488e-05 -2.910464055051360596e-05 -3.258758150616782853e-05 -3.648913885257944770e-05 -4.056370923853648265e-05 -4.457160367497061152e-05 -4.844215876302054706e-05 -5.240117367489327571e-05 -5.698095999827602301e-05 -6.286761170807253463e-05 -7.061526607182033862e-05 -8.033890799993939928e-05 -9.154966405228412191e-05 -1.032777384080789791e-04 -1.145230708152348621e-04 -1.249138819707593800e-04 -1.352898156969707959e-04 -1.478637360473974061e-04 -1.657066695099987668e-04 -1.915630798494901202e-04 -2.263999219354159340e-04 -2.683133981632605585e-04 -3.128693358668682418e-04 -3.545256750404461327e-04 -3.899701489110306502e-04 -4.237346903365873658e-04 -4.670542388084157549e-04 -5.391376427352753469e-04 -6.603096737030075348e-04 -8.426012508570110589e-04 -1.079758093630817832e-03 -1.342791896718665548e-03 -1.587548205219989047e-03 -1.778375224008315160e-03 -1.926228708156469977e-03 -2.130299655187107254e-03 -2.602347620058271301e-03 -3.646711652018130856e-03 -5.570610098789776851e-03 -8.517531669320226040e-03 -1.225395081951964268e-02 -1.600186424275993127e-02 -1.850670515431562455e-02 -1.865316228966134443e-02 -1.715331852438062299e-02 -2.004485967908017224e-02 -4.575558743738998568e-02 -1.357175632087023187e-01 -3.873073227158847498e-01 -9.391889383861389273e-01 -2.386888833352524220e+00 -4.120054056414351074e+00 -1.530448450663396009e+01 3.276768095372892819e+00 -2.028402894993410541e+02 7.118086297675542937e+02 -5.322400695781579088e+03 2.324947982519453944e+04 -5.359159800441040716e+03 7.170253017116192495e+02 -2.075175393705275724e+02 2.519356092252252655e+00 -1.618441378068775549e+01 -4.517616486114228280e+00 -2.617646101372475886e+00 -1.049755014959646848e+00 -4.377453102348555225e-01 -1.557382779808751672e-01 -5.317881066015983649e-02 -2.359279043182024860e-02 -2.044020029959027138e-02 -2.253888224971506773e-02 -2.268216109507867687e-02 -1.989334815204469795e-02 -1.545162396822873964e-02 -1.089251598712367639e-02 -7.223434670480126212e-03 -4.793331945213559833e-03 -3.466852117922003193e-03 -2.877423621311701787e-03 -2.639611824142120040e-03 -2.473468793702450486e-03 -2.241836171140191084e-03 -1.924402089074764895e-03 -1.579401622100660291e-03 -1.220519056900813042e-03 -1.205118495165068268e-03
-3.927580147680672684e-07 -1.483690123519304825e-06 -2.479925732863140472e-06 -3.556231979847896498e-06 -4.657462447533785472e-06 -5.760863574185747104e-06 -6.847821472103387852e-06 -7.931687939331015595e-06 -9.059927143750759351e-06 -1.029923925879383706e-05 -1.170616255366122509e-05 -1.329723921851525279e-05 -1.503530688692681292e-05 -1.684346679758419980e-05 -1.864583617682849753e-05 -2.041948499023235033e-05 -2.223204209941097981e-05 -2.424054480733238404e-05 -2.664164481392849703e-05 -2.958678372412094787e-05 -3.309874624446516173e-05 -3.703596846517481599e-05 -4.113873126158624198e-05 -4.515794899045494576e-05 -4.902266693945884574e-05 -5.296780306697992263e-05 -5.754027138265672503e-05 -6.343975658596657965e-05 -7.122670648160391623e-05 -8.101185822230084371e-05 -9.229286060171882516e-05 -1.040828834936198674e-04 -1.153691843225468355e-04 -1.257784066985929896e-04 -1.361628269960601489e-04 -1.487565577489924416e-04 -1.666621903534843698e-04 -1.926121065119246786e-04 -2.276700948832224749e-04 -2.697583187320883448e-04 -3.138249526826101372e-04 -3.555750338969022222e-04 -3.915424508580508034e-04 -4.253086142057766806e-04 -4.687631406054774811e-04 -5.410537861544287720e-04 -6.626091204589028196e-04 -8.454678828875516160e-04 -1.083315740367371853e-03 -1.347030730386989750e-03 -1.592302117703154165e-03 -1.783385529113614863e-03 -1.931308153480229247e-03 -2.135565115667357929e-03 -2.608437318472325243e-03 -3.654863353507995394e-03 -5.582472969915567781e-03 -8.534643486922479511e-03 -1.227694251374186925e-02 -1.602965101299255735e-02 -1.853617190403115608e-02 -1.868009107735551719e-02 -1.717552632754595909e-02 -2.006861257578615096e-02 -4.580659592399458080e-02 -1.358569023078229632e-01 -3.876583295540897978e-01 -9.399538680509829103e-01 -2.388476660423084486e+00 -4.122760333264748667e+00 -1.531047193771390802e+01 3.271789029397146997e+00 -2.028719258714976661e+02 7.118445801650407248e+02 -5.322646323580699573e+03 2.324948341306216753e+04 -5.358918580333732280e+03 7.169921193793785505e+02 -2.074872026879485247e+02 2.524403682950681738e+00 -1.617873707935455485e+01 -4.515052278179070733e+00 -2.616172570750585624e+00 -1.049052392066863515e+00 -4.374264384340093570e-01 -1.556116548928527799e-01 -5.313128767023203580e-02 -2.356955429983235636e-02 -2.041884769611612346e-02 -2.251418795032723158e-02 -2.265604243217686151e-02 -1.986925201291862494e-02 -1.543194120479796962e-02 -1.087792489684555677e-02 -7.213256707083971590e-03 -4.786239833727223836e-03 -3.461513325891916147e-03 -2.872914417116465349e-03 -2.635469937117333912e-03 -2.470126831715186745e-03 -2.237912025612029312e-03 -1.932006088202770826e-03 -1.540122223693596304e-03 -1.500382054789202446e-03
-3.639278123231532944e-07 -1.375393563501245342e-06 -2.301798337462554456e-06 -3.309176562683007888e-06 -4.350260278433843282e-06 -5.403306400092102901e-06 -6.442578676241645044e-06 -7.465194058445009461e-06 -8.499882499233160928e-06 -9.603353703242294319e-06 -1.084099241172020982e-05 -1.225877982173392929e-05 -1.385889450683007595e-05 -1.559275534503654453e-05 -1.737986942246153943e-05 -1.914958721405868159e-05 -2.089008551435209791e-05 -2.268071280627097138e-05 -2.468574043613757548e-05 -2.710177584443860076e-05 -3.007339844643442414e-05 -3.361294695823006766e-05 -3.756929287502759390e-05 -4.167787157473583273e-05 -4.569126429692822868e-05 -4.954591982689816236e-05 -5.348699803868606066e-05 -5.807060417063557691e-05 -6.400105666484939349e-05 -7.183696057456823256e-05 -8.168108628646231575e-05 -9.301968122179396568e-05 -1.048552886181678697e-04 -1.161704269037502186e-04 -1.265940192698382220e-04 -1.369983084195200581e-04 -1.496097369775508008e-04 -1.676470962227833653e-04 -1.937042837421959181e-04 -2.282684950544537877e-04 -2.704953150902076600e-04 -3.151613366287393694e-04 -3.569867232985376006e-04 -3.930800003762849109e-04 -4.269090978322867070e-04 -4.704591288565073900e-04 -5.429476206415301438e-04 -6.648686077490390195e-04 -8.482745487076845305e-04 -1.086790784295436994e-03 -1.351165680287217926e-03 -1.596936496476929852e-03 -1.788268728509889759e-03 -1.936258666226514658e-03 -2.140696642524080474e-03 -2.614370042550140470e-03 -3.662800308860520836e-03 -5.594017632183635909e-03 -8.551291923798717137e-03 -1.229931004344477809e-02 -1.605668518619453658e-02 -1.856484554388424316e-02 -1.870630295955562697e-02 -1.719715230226049815e-02 -2.009174591241511335e-02 -4.585624841469788937e-02 -1.359925043555614832e-01 -3.879999188083431139e-01 -9.406983383454661229e-01 -2.390022142056891230e+00 -4.125394850783849598e+00 -1.531630064747403885e+01 3.266939588879885559e+00 -2.029027263229215237e+02 7.118795721302967650e+02 -5.322885501630370527e+03 2.324948686114468728e+04 -5.358683638278585931e+03 7.169597875751965148e+02 -2.074576512725823250e+02 2.529318952878671478e+00 -1.617320698332984108e+01 -4.512554292158966085e+00 -2.614736925752295882e+00 -1.048367797979861349e+00 -4.371157323804444328e-01 -1.554882772274147340e-01 -5.308499114423180509e-02 -2.354692498739995379e-02 -2.039805087629520744e-02 -2.249012990990014241e-02 -2.263059191939029852e-02 -1.984577002391266567e-02 -1.541276091277041238e-02 -1.086371216832839048e-02 -7.203359296309122528e-03 -4.779378029025339349e-03 -3.456436427070155512e-03 -2.868704411435721129e-03 -2.632301301857312235e-03 -2.466031309297244973e-03 -2.247882393596603318e-03 -1.883359741334854863e-03 -1.888719477990493398e-03
-3.451396285150128198e-07 -1.298408439135466131e-06 -2.157090407395151136e-06 -3.081536325867401132e-06 -4.039401284511667006e-06 -5.024714497916183771e-06 -6.019494248875426360e-06 -7.012210397760468602e-06 -8.007510559891517282e-06 -9.033422594218404263e-06 -1.013846153825765686e-05 -1.137695189904255471e-05 -1.278636964369162123e-05 -1.436657068573690858e-05 -1.607316900202482115e-05 -1.783369251663390208e-05 -1.958525626356308355e-05 -2.132013767065459964e-05 -2.311684791358159226e-05 -2.513498807097754891e-05 -2.756525586211668508e-05 -3.054772406843157963e-05 -3.409312430482594757e-05 -3.805155931300745404e-05 -4.216134121409375517e-05 -4.617814564326618238e-05 -5.004083816092548672e-05 -5.399618802982909566e-05 -5.860138612922333905e-05 -6.456139224285838607e-05 -7.243456768579112088e-05 -8.232167835319684332e-05 -9.370533527416578248e-05 -1.055815787854010805e-04 -1.169359802250007009e-04 -1.273720251770690337e-04 -1.378652180335088726e-04 -1.505102565534367461e-04 -1.679808507567436189e-04 -1.941115310568236369e-04 -2.292500975663572173e-04 -2.715960083812937937e-04 -3.164691621868999188e-04 -3.584277273759301332e-04 -3.946083387597424936e-04 -4.284954098694285273e-04 -4.721320176763547905e-04 -5.448092959192185397e-04 -6.670827414198587154e-04 -8.510182237414243029e-04 -1.090182372232855953e-03 -1.355197598898579860e-03 -1.601453432269691257e-03 -1.793027643074136248e-03 -1.941083445499745298e-03 -2.145697876915088082e-03 -2.620150587319354085e-03 -3.670529879944182255e-03 -5.605255865414250638e-03 -8.567494830255031543e-03 -1.232107787043415156e-02 -1.608299639082318849e-02 -1.859275717457401639e-02 -1.873182571164953153e-02 -1.721821854470583640e-02 -2.011428317362555160e-02 -4.590459792481287743e-02 -1.361245175051151168e-01 -3.883324644946705151e-01 -9.414231595453805834e-01 -2.391526950554385245e+00 -4.127960426438606945e+00 -1.532197686624163424e+01 3.262214778522487535e+00 -2.029327235567789671e+02 7.119136434854040090e+02 -5.323118480680548601e+03 2.324949017661093603e+04 -5.358454732328810678e+03 7.169282740144370791e+02 -2.074288550198868393e+02 2.534107037301412291e+00 -1.616781788411934428e+01 -4.510119994597729942e+00 -2.613337723140167768e+00 -1.047700547240188573e+00 -4.368128822795285804e-01 -1.553680218683295700e-01 -5.303987434711574661e-02 -2.352487910980373062e-02 -2.037778834951299231e-02 -2.246668371798811806e-02 -2.260578455973132755e-02 -1.982288121574185200e-02 -1.539407131986676898e-02 -1.084988287566380182e-02 -7.193772571450485209e-03 -4.772847354898344420e-03 -3.451721007184032925e-03 -2.865696407039395720e-03 -2.628168778719135786e-03 -2.479406326719963121e-03 -2.187175911719988538e-03 -2.322517831112981025e-03
-3.324474600887519402e-07 -1.241881741361465662e-06 -2.038686287045964644e-06 -2.877822497843298778e-06 -3.742075838800673932e-06 -4.646332591631244578e-06 -5.589051360387903125e-06 -6.559568796959771915e-06 -7.543817666500729469e-06 -8.537571113285762590e-06 -9.558274178713204879e-06 -1.064762491629310018e-05 -1.185998437460808603e-05 -1.323914791640231500e-05 -1.479392098163971879e-05 -1.648682592764204164e-05 -1.824696982288348074e-05 -2.000734205347620091e-05 -2.175289463736871138e-05 -2.355554277782979635e-05 -2.557229640259584216e-05 -2.799627187472486219e-05 -3.097332314212570463e-05 -3.452001253468979291e-05 -3.848915636498405449e-05 -4.261731785426725496e-05 -4.665513835686362434e-05 -5.053621746007379788e-05 -5.450509271230470566e-05 -5.912144226183492057e-05 -6.509635842088840225e-05 -7.299516818798006481e-05 -8.292040751487926228e-05 -9.435869649114926681e-05 -1.062727574836361879e-04 -1.177334063283532806e-04 -1.281976896399549307e-04 -1.380962001208793817e-04 -1.507437152492881042e-04 -1.686974957199305326e-04 -1.948845749418741521e-04 -2.302131500294990777e-04 -2.727334537815561061e-04 -3.177733261470098254e-04 -3.598580107115787689e-04 -3.961173855364752785e-04 -4.300575977179689436e-04 -4.737758464937746623e-04 -5.466347072078992821e-04 -6.692491576320249618e-04 -8.536980904803922326e-04 -1.093491141860707030e-03 -1.359128380879219902e-03 -1.605855741384390510e-03 -1.797665605848076291e-03 -1.945786055520615362e-03 -2.150572705840335733e-03 -2.625783856367273992e-03 -3.678059337719381556e-03 -5.616199070407614305e-03 -8.583269311299619037e-03 -1.234226932761427718e-02 -1.610861283266613181e-02 -1.861993638908086487e-02 -1.875668577924072614e-02 -1.723874612524249270e-02 -2.013624674253539776e-02 -4.595169479981256466e-02 -1.362530822252846496e-01 -3.886563211111426219e-01 -9.421290997081659402e-01 -2.392992671294122964e+00 -4.130459732091870784e+00 -1.532750650241824530e+01 3.257609856331141973e+00 -2.029619485921057844e+02 7.119468300882674612e+02 -5.323345498649638103e+03 2.324949336617648805e+04 -5.358231632812361568e+03 7.168975480258511652e+02 -2.074007853449120091e+02 2.538772809146665033e+00 -1.616256445581634082e+01 -4.507746979747741634e+00 -2.611973592193958194e+00 -1.047049988833000489e+00 -4.365175939109867120e-01 -1.552507718668212078e-01 -5.299589278271393117e-02 -2.350339425692058934e-02 -2.035803958837828498e-02 -2.244382668604450251e-02 -2.258159895222432850e-02 -1.980057211828200811e-02 -1.537587741271239164e-02 -1.083647129334497534e-02 -7.184615905844512346e-03 -4.766760568666116894e-03 -3.448461212832848889e-03 -2.861447695023166225e-03 -2.645496669009018975e-03 -2.405442122335466233e-03 -2.727673560459640840e-03
-3.207253021085601285e-07 -1.190905509441443372e-06 -1.934159244965210574e-06 -2.698301310235308667e-06 -3.475641040737619610e-06 -4.296847321160811020e-06 -5.176710514724407719e-06 -6.112504298817398284e-06 -7.083418423855870293e-06 -8.063368683206753715e-06 -9.040026221257326056e-06 -1.003050882880282141e-05 -1.108372638559885713e-05 -1.226489892529898431e-05 -1.362686008346689480e-05 -1.518130837087318456e-05 -1.688634357499601280e-05 -1.866172002997027466e-05 -2.043079264905923559e-05 -2.217320976136336855e-05 -2.396231361012413874e-05 -2.596240032658821731e-05 -2.837609189286630624e-05 -3.135634085374493056e-05 -3.492098442591507726e-05 -3.891769055184000789e-05 -4.307394926776192255e-05 -4.713184243041118273e-05 -5.102125956138354741e-05 -5.498992839676031225e-05 -5.960693601284522614e-05 -6.559291207103464232e-05 -7.352729442190039590e-05 -8.348789056284423534e-05 -9.504585013482504032e-05 -1.070123537372508335e-04 -1.179085316674413517e-04 -1.283703932141223609e-04 -1.387047464279251847e-04 -1.513403188314110044e-04 -1.694029237030626354e-04 -1.957024532253038218e-04 -2.311817191120439272e-04 -2.738680808376659621e-04 -3.190637618988509936e-04 -3.612677271849979495e-04 -3.976011987731549219e-04 -4.315913549284955517e-04 -4.753876606759612259e-04 -5.484219765610647609e-04 -6.713670394686175810e-04 -8.563144448618240827e-04 -1.096718518814026027e-03 -1.362960467591235129e-03 -1.610146610804425067e-03 -1.802186198988269331e-03 -1.950370225945011280e-03 -2.155325108570210150e-03 -2.631274745673076523e-03 -3.685395780940777053e-03 -5.626858223651493365e-03 -8.598631718896816017e-03 -1.236290664690854572e-02 -1.613356134990507132e-02 -1.864641133891645555e-02 -1.878090833662522316e-02 -1.725875512976838763e-02 -2.015765794938023658e-02 -4.599758686844556549e-02 -1.363783317811693985e-01 -3.889718248853302751e-01 -9.428168873800749639e-01 -2.394420808301808812e+00 -4.132895303286977295e+00 -1.533289516300296107e+01 3.253120317764052860e+00 -2.029904308708350698e+02 7.119791659584636818e+02 -5.323566781434426957e+03 2.324949643613547960e+04 -5.358014121563302979e+03 7.168675804520720476e+02 -2.073734150876012166e+02 2.543320895548875082e+00 -1.615744163754894558e+01 -4.505432961648284440e+00 -2.610643230209410248e+00 -1.046415503993824325e+00 -4.362295875251963051e-01 -1.551364158513111602e-01 -5.295300386111061186e-02 -2.348244897153956359e-02 -2.033878567175783497e-02 -2.242153994240100173e-02 -2.255802193909008102e-02 -1.977884759256642866e-02 -1.535821483736865209e-02 -1.082360845639169025e-02 -7.176001497069622002e-03 -4.762372520715092532e-03 -3.443659682402275268e-03 -2.882386486565049772e-03 -2.559261669865693905e-03 -3.040753895417681613e-03
-3.059898384542309441e-07 -1.133323280279763944e-06 -1.831602538553824086e-06 -2.539079949846162167e-06 -3.249470534787201529e-06 -3.997883186431698890e-06 -4.808116643347890926e-06 -5.687518999255498342e-06 -6.620961292041900593e-06 -7.578096684093884878e-06 -8.530308184667101471e-06 -9.470574760732630490e-06 -1.042617915671194348e-05 -1.145599438517321691e-05 -1.263034518577831308e-05 -1.400016938031136477e-05 -1.556944533486902095e-05 -1.728647850759521139e-05 -1.906363881673768786e-05 -2.082249228789924891e-05 -2.254705533869355403e-05 -2.431902958494578277e-05 -2.631124692432884967e-05 -2.873129115493603365e-05 -3.173141387543998746e-05 -3.532348681726736573e-05 -3.934659447272230204e-05 -4.352080011944858465e-05 -4.758513160935091231e-05 -5.147273350872411509e-05 -5.543793932465874329e-05 -6.006614573496069716e-05 -6.606131891238654658e-05 -7.409553026623111305e-05 -8.410585029425827054e-05 -9.512565627836260852e-05 -1.071134253366734230e-04 -1.184544841478974331e-04 -1.289001221373327344e-04 -1.393045868553165732e-04 -1.519852688268523151e-04 -1.701204919605353832e-04 -1.965260156399982027e-04 -2.321455743054758503e-04 -2.749899381613470626e-04 -3.203344612604823644e-04 -3.626525658383079409e-04 -3.990567835340168117e-04 -4.330945700305351143e-04 -4.769660552952718338e-04 -5.501703764846504205e-04 -6.734364220903392645e-04 -8.588682043853773738e-04 -1.099866363798816500e-03 -1.366696586625771540e-03 -1.614329402152276608e-03 -1.806593103266310001e-03 -1.954839734475589605e-03 -2.159959064970921362e-03 -2.636628074753046870e-03 -3.692546091014795202e-03 -5.637243859063625906e-03 -8.613597663483744254e-03 -1.238301099990919349e-02 -1.615786747582488234e-02 -1.867220880476136435e-02 -1.880451734829402879e-02 -1.727826470389145358e-02 -2.017853712120057721e-02 -4.604231958811662306e-02 -1.365003926818582070e-01 -3.892792949304278438e-01 -9.434872141010052227e-01 -2.395812789402686160e+00 -4.135269547831638803e+00 -1.533814817257851892e+01 3.248741881069208581e+00 -2.030181983568062094e+02 7.120106833935204804e+02 -5.323782543659710427e+03 2.324949939239505329e+04 -5.357801991210383676e+03 7.168383435573189217e+02 -2.073467184251474009e+02 2.547755693105759889e+00 -1.615244461721409763e+01 -4.503175766745084907e+00 -2.609345398254187209e+00 -1.045796504077713740e+00 -4.359485967533203721e-01 -1.550248475366317047e-01 -5.291116692455745396e-02 -2.346202355568273792e-02 -2.032001156608032044e-02 -2.239981309268940582e-02 -2.253505916444134907e-02 -1.975774255702735308e-02 -1.534121855528527457e-02 -1.081139426770790293e-02 -7.169292989078017257e-03 -4.756180653018491321e-03 -3.466935403851911530e-03 -2.786579179732936833e-03 -3.267944677420235849e-03
-2.868591104847755540e-07 -1.064268668191337939e-06 -1.724299002723657868e-06 -2.393989699295328498e-06 -3.061626162491941781e-06 -3.755051655871444350e-06 -4.496924057273758940e-06 -5.301901590631173436e-06 -6.168189767806674707e-06 -7.077309817742856703e-06 -8.002182020054216687e-06 -8.921987355868971374e-06 -9.837967921782689437e-06 -1.078224360807843491e-05 -1.181314028347080732e-05 -1.299571150577623757e-05 -1.437360725091164859e-05 -1.594483157425537681e-05 -1.765545512839113742e-05 -1.941993211075991306e-05 -2.116493731160466372e-05 -2.288022991329664057e-05 -2.465152453756196715e-05 -2.665254431078624075e-05 -2.908862548334799401e-05 -3.210778252005044208e-05 -3.571740029381064834e-05 -3.975335539965774574e-05 -4.393523123277976892e-05 -4.800257049643988946e-05 -5.189874109973031360e-05 -5.585913749435344913e-05 -6.056223998842117181e-05 -6.658153603226686418e-05 -7.407168264905893335e-05 -8.410087944415084232e-05 -9.557090451891040936e-05 -1.075658263417840119e-04 -1.189928567996408136e-04 -1.294783704030054504e-04 -1.399185968730400043e-04 -1.526400387447050648e-04 -1.708399155143182954e-04 -1.973451682116792881e-04 -2.330984758056819331e-04 -2.760945129409130006e-04 -3.215823101227156464e-04 -3.640103676463651264e-04 -4.004826652621378230e-04 -4.345662711361097659e-04 -4.785104921992122933e-04 -5.518798440611476014e-04 -6.754578416410274549e-04 -8.613606472349595632e-04 -1.102936775956340956e-03 -1.370339601996527429e-03 -1.618407536477472130e-03 -1.810890008396793789e-03 -1.959198336301152827e-03 -2.164478500413056106e-03 -2.641848546453026952e-03 -3.699516908946346491e-03 -5.647366066071505056e-03 -8.628182036628517793e-03 -1.240260254509996732e-02 -1.618155550452015506e-02 -1.869735426802758213e-02 -1.882753563098913535e-02 -1.729729309828872963e-02 -2.019890363209958170e-02 -4.608593618361491590e-02 -1.366193850986463232e-01 -3.895790343179987292e-01 -9.441407367247649507e-01 -2.397169970988177745e+00 -4.137584753744501853e+00 -1.534327059086852962e+01 3.244470473685537204e+00 -2.030452776273687618e+02 7.120414130766477001e+02 -5.323992989373701676e+03 2.324950224050133693e+04 -5.357595044517288443e+03 7.168098109418348258e+02 -2.073206707906763313e+02 2.552081382038518864e+00 -1.614756881636469288e+01 -4.500973327000507673e+00 -2.608078917187439227e+00 -1.045192428603495038e+00 -4.356743677572698648e-01 -1.549159657002787682e-01 -5.287034414496737111e-02 -2.344210246531210420e-02 -2.030171080790082669e-02 -2.237865483579150674e-02 -2.251274620156848427e-02 -1.973739461315477187e-02 -1.532497815714892360e-02 -1.080127257296069516e-02 -7.160610961805239164e-03 -4.780186049028123212e-03 -3.363730116528739020e-03 -3.548436001218922397e-03
-2.646701288826775641e-07 -9.868662906363448676e-07 -1.612427501737728991e-06 -2.257129452976885705e-06 -2.900927612464532605e-06 -3.557402898215816533e-06 -4.239954935642569107e-06 -4.964980115465658772e-06 -5.744546446354124931e-06 -6.580177237231677514e-06 -7.460147472702683488e-06 -8.363900655525692389e-06 -9.273655835514169141e-06 -1.018898304440601941e-05 -1.113680522451381118e-05 -1.216950647967489935e-05 -1.334831523239967413e-05 -1.471672317260714289e-05 -1.627587219029106891e-05 -1.797636272264188881e-05 -1.973623589984848214e-05 -2.148323695551366608e-05 -2.320555673475197062e-05 -2.498591693098820468e-05 -2.699538182438013912e-05 -2.943830297529339459e-05 -3.246352552221362696e-05 -3.608063407035507950e-05 -4.012581769574316039e-05 -4.432515602342423542e-05 -4.839394893710539637e-05 -5.236111115955251910e-05 -5.633181051775067351e-05 -6.047999759403820103e-05 -6.649366115627136154e-05 -7.440826456548138969e-05 -8.444273140870575212e-05 -9.601094514641439069e-05 -1.080672886588665517e-04 -1.195461099840138230e-04 -1.300673861713766010e-04 -1.405366463940820835e-04 -1.532945866844836818e-04 -1.715548267239695604e-04 -1.981551627629010465e-04 -2.340370361964909363e-04 -2.771794140695660259e-04 -3.228056907946802033e-04 -3.653400918262394515e-04 -4.018782210937234516e-04 -4.360061495504413795e-04 -4.800209542495821320e-04 -5.535507218823826304e-04 -6.774321378068870513e-04 -8.637932604210992512e-04 -1.105931975930272895e-03 -1.373892424268383051e-03 -1.622384425099818563e-03 -1.815080559353983219e-03 -1.963449722009632560e-03 -2.168887253348532676e-03 -2.646940724693441077e-03 -3.706314626127953354e-03 -5.657234497703043409e-03 -8.642399040057733434e-03 -1.242170047817060634e-02 -1.620464855725532380e-02 -1.872187198195790839e-02 -1.884998491575660268e-02 -1.731585771546452490e-02 -2.021877595484910042e-02 -4.612847778097087237e-02 -1.367354232577972506e-01 -3.898713310766792062e-01 -9.447780795718138114e-01 -2.398493642435245654e+00 -4.139843096617295437e+00 -1.534826722901449436e+01 3.240302219617913426e+00 -2.030716939582615055e+02 7.120713841762448055e+02 -5.324198312690360581e+03 2.324950498566665919e+04 -5.357393093771351232e+03 7.167819574623059680e+02 -2.072952487978987222e+02 2.556301939298774695e+00 -1.614280987621038577e+01 -4.498823673551687108e+00 -2.606842664081427507e+00 -1.044602743667741418e+00 -4.354066588927233417e-01 -1.548096750209562444e-01 -5.283050310590636789e-02 -2.342267971415096586e-02 -2.028389843109491483e-02 -2.235810928634592715e-02 -2.249123813132051716e-02 -1.971791170508921734e-02 -1.531108348600252259e-02 -1.078909634421797506e-02 -7.184765165148101866e-03 -4.667179075980628505e-03 -4.190849622071903501e-03
-2.424194856564542473e-07 -9.094201173495295759e-07 -1.501550064681451416e-06 -2.124884433577387148e-06 -2.752639701646491582e-06 -3.384107583181454793e-06 -4.020504318083241821e-06 -4.674486000965920718e-06 -5.366401322377292524e-06 -6.115834209771318221e-06 -6.931054935792056397e-06 -7.802902089126583705e-06 -8.708038783486476506e-06 -9.622139185047233001e-06 -1.053782727466296059e-05 -1.147806544150649834e-05 -1.249601515703932870e-05 -1.365777187657439079e-05 -1.501317527012805695e-05 -1.656799774014910520e-05 -1.827354762979399293e-05 -2.004447453469478243e-05 -2.180289051490987197e-05 -2.353201804387675415e-05 -2.531279417311357448e-05 -2.731846825400572815e-05 -2.975879138826570926e-05 -3.278674629152451684e-05 -3.642087387756142585e-05 -4.047351271538858161e-05 -4.475105605491411378e-05 -4.883591934361933507e-05 -5.225761902070133398e-05 -5.620959224868642991e-05 -6.075179840677680324e-05 -6.674746172548179910e-05 -7.474232950929365394e-05 -8.483528594175125768e-05 -9.646776217865085049e-05 -1.085808112872047141e-04 -1.201043273968305399e-04 -1.306573241082372978e-04 -1.411524368378919972e-04 -1.539441127648925726e-04 -1.722616632644197827e-04 -1.989533456025855350e-04 -2.349593506246077962e-04 -2.782433589740389832e-04 -3.240038270186583165e-04 -3.666413496156122466e-04 -4.032433415379081589e-04 -4.374143056477683357e-04 -4.814977502418118192e-04 -5.551836060714164696e-04 -6.793603348582529433e-04 -8.661676470839101529e-04 -1.108854234429284191e-03 -1.377357956165370899e-03 -1.626263428397140215e-03 -1.819168324894192192e-03 -1.967597493287890752e-03 -2.173189057185214747e-03 -2.651909023590253486e-03 -3.712945383842910629e-03 -5.666858384794182073e-03 -8.656262218275945566e-03 -1.244032308372692609e-02 -1.622716864873324435e-02 -1.874578504229067188e-02 -1.887188591042853261e-02 -1.733397515827594937e-02 -2.023817171404418760e-02 -4.616998353663634425e-02 -1.368486158092425409e-01 -3.901564591220053058e-01 -9.453998364289659673e-01 -2.399785030206327718e+00 -4.142046646452741676e+00 -1.535314266467231903e+01 3.236233427711482147e+00 -2.030974714023821264e+02 7.121006244381928809e+02 -5.324398698387729382e+03 2.324950763279294915e+04 -5.357195960215191917e+03 7.167547591578673973e+02 -2.072704301711404469e+02 2.560421150617017361e+00 -1.613816364474359588e+01 -4.496724930968061251e+00 -2.605635569086136805e+00 -1.044026940823181704e+00 -4.351452412560292138e-01 -1.547058891908825173e-01 -5.279162460043704264e-02 -2.340377885995274104e-02 -2.026664295058919554e-02 -2.233838839403403873e-02 -2.247072465350744702e-02 -1.970126778506409854e-02 -1.529503109035590218e-02 -1.081575385668960380e-02 -7.049992674873624583e-03 -5.643619606884823538e-03
-2.231662864893628097e-07 -8.408460004899046504e-07 -1.399053318092528546e-06 -1.996655586984892551e-06 -2.604793201958485792e-06 -3.214330631258684415e-06 -3.816998916632567519e-06 -4.418645434686692778e-06 -5.039607512496218299e-06 -5.708026542553344770e-06 -6.447233004255240408e-06 -7.263499266781153777e-06 -8.141057773308710366e-06 -9.048666517239507731e-06 -9.956567991730522007e-06 -1.085685983119251519e-05 -1.177690594590427684e-05 -1.277692141591726880e-05 -1.392930145370789239e-05 -1.528651623018439557e-05 -1.685219376854037783e-05 -1.857185958017205138e-05 -2.035351615943603720e-05 -2.211488525543113998e-05 -2.383899381061169008e-05 -2.561122893849120059e-05 -2.761020004242222082e-05 -3.005755776194134963e-05 -3.308669935457304694e-05 -3.679722064090283986e-05 -4.087142855550361366e-05 -4.462366089655832833e-05 -4.869563527129211440e-05 -5.250063190432749746e-05 -5.642241372401940870e-05 -6.102243906954002303e-05 -6.705296913778058666e-05 -7.509536710752332022e-05 -8.524223269645572678e-05 -9.693159288733644544e-05 -1.090967260610457590e-04 -1.206613351272556062e-04 -1.312434687363703463e-04 -1.417624162124443406e-04 -1.545858737504408127e-04 -1.729583262301911560e-04 -1.997381643412976819e-04 -2.358643544898087808e-04 -2.792857164717403823e-04 -3.251764525527013595e-04 -3.679141556439151296e-04 -4.045782395808276716e-04 -4.387910994997613564e-04 -4.829413966526718859e-04 -5.567792523378745301e-04 -6.812435674592015860e-04 -8.684854687919967616e-04 -1.111705828334167475e-03 -1.380739059920058466e-03 -1.630047831795969262e-03 -1.823156779748158225e-03 -1.971645149555480581e-03 -2.177387530944313501e-03 -2.656757703582738987e-03 -3.719415078172404101e-03 -5.676246554037011824e-03 -8.669784493456372809e-03 -1.245848778778200529e-02 -1.624913675298167437e-02 -1.876911545699407394e-02 -1.889325836142503531e-02 -1.735166127849129686e-02 -2.025710773894597375e-02 -4.621049076152378837e-02 -1.369590661742619009e-01 -3.904346791269519557e-01 -9.460065724157437073e-01 -2.401045301666866028e+00 -4.144197374020458291e+00 -1.535790125603744904e+01 3.232260580736324052e+00 -2.031226328628772535e+02 7.121291602715372164e+02 -5.324594322462015953e+03 2.324951018649292746e+04 -5.357003473519558611e+03 7.167281931811846789e+02 -2.072461936805202356e+02 2.564442621553781887e+00 -1.613362616482561052e+01 -4.494675311891072056e+00 -2.604456612646745217e+00 -1.043464537055083463e+00 -4.348899029835427421e-01 -1.546045437198542982e-01 -5.275373658219077722e-02 -2.338551406461305410e-02 -2.025027855859190540e-02 -2.231985692414980779e-02 -2.245402157873915144e-02 -1.968209542005974061e-02 -1.533128192811796832e-02 -1.063380962158916483e-02 -8.364703835802617463e-03
-2.086636496691405887e-07 -7.865746649578813031e-07 -1.310397526262904316e-06 -1.874223241674026164e-06 -2.452360779048188278e-06 -3.035584492991024595e-06 -3.612394266634088526e-06 -4.182074855644604886e-06 -4.757885237796146944e-06 -5.364764432564874004e-06 -6.030333817230894250e-06 -6.772813802017080913e-06 -7.591402866041483316e-06 -8.464667302111022944e-06 -9.359600315880540417e-06 -1.024912608492178616e-05 -1.113097161973160469e-05 -1.203836608815087820e-05 -1.303499698057104270e-05 -1.419294363894245480e-05 -1.556092350598388085e-05 -1.713718584448568013e-05 -1.886266403759221636e-05 -2.064340780598293413e-05 -2.239891657424729143e-05 -2.411520890665315458e-05 -2.588851046407958237e-05 -2.787958591288767062e-05 -3.039233245497268663e-05 -3.343669511389214246e-05 -3.663330245043390596e-05 -4.070017383925849248e-05 -4.483536095155780054e-05 -4.888327465965322896e-05 -5.274272644999212503e-05 -5.668651051430591774e-05 -6.131297875843963723e-05 -6.737458752902133368e-05 -7.545774872237879355e-05 -8.565402699195155125e-05 -9.739633213124407102e-05 -1.096103842643815068e-04 -1.212136439071997426e-04 -1.318231151951437764e-04 -1.423644657369488385e-04 -1.552182103363140841e-04 -1.736435505679834472e-04 -2.005087193076792687e-04 -2.367514979421846068e-04 -2.803062625752422796e-04 -3.263236238760758539e-04 -3.691587815442123953e-04 -4.058833346350185917e-04 -4.401370579669589824e-04 -4.843525429553270883e-04 -5.583385161694562641e-04 -6.830830334256734896e-04 -8.707484091242430205e-04 -1.114489013509539599e-03 -1.384038537602140951e-03 -1.633740831747824323e-03 -1.827049294486165132e-03 -1.975596080599161062e-03 -2.181486174802332173e-03 -2.661490871690055070e-03 -3.725729368348776934e-03 -5.685407448524379057e-03 -8.682978201358659831e-03 -1.247621120929389392e-02 -1.627057286617510784e-02 -1.879188421142156951e-02 -1.891412111083726547e-02 -1.736893122206325038e-02 -2.027560011480302599e-02 -4.625003504190686870e-02 -1.370668728776980594e-01 -3.907062393414403867e-01 -9.465988257264116301e-01 -2.402275568636242475e+00 -4.146297156760453184e+00 -1.536254715486734490e+01 3.228380325236989812e+00 -2.031472001611054736e+02 7.121570168278349229e+02 -5.324785352643662009e+03 2.324951265111166140e+04 -5.356815471292902657e+03 7.167022377339535524e+02 -2.072225190816367615e+02 2.568369788027486056e+00 -1.612919366266593002e+01 -4.492673111917885542e+00 -2.603304824445989318e+00 -1.042915081141211786e+00 -4.346404700123858156e-01 -1.545056511345912764e-01 -5.271701597801016492e-02 -2.336842079868145516e-02 -2.023544299192805984e-02 -2.230681633428550220e-02 -2.243379886898383066e-02 -1.974035532318612826e-02 -1.506352445982583020e-02 -1.258322426072949925e-02
-1.987661723747629345e-07 -7.466053820090992682e-07 -1.236812020678465705e-06 -1.760249336059627019e-06 -2.297870189409959519e-06 -2.847232972080292576e-06 -3.400165250824536613e-06 -3.952269117624634216e-06 -4.506679568166760439e-06 -5.076484552801825410e-06 -5.682604855578669992e-06 -6.347037600114732715e-06 -7.083549559978470351e-06 -7.890032445021959024e-06 -8.747208501727847050e-06 -9.626364431301343089e-06 -1.050468052235244686e-05 -1.138217204358622257e-05 -1.229156190881963108e-05 -1.329376315908936406e-05 -1.445728371625840716e-05 -1.582812771007456606e-05 -1.740366580755726644e-05 -1.912625907618332709e-05 -2.090319659104576271e-05 -2.266210970252015031e-05 -2.436945766919130225e-05 -2.620103656020632453e-05 -2.819828928952707671e-05 -3.019963684980237211e-05 -3.323075777873943468e-05 -3.680153307236426783e-05 -4.085018976415040801e-05 -4.504649013335080491e-05 -4.912128502472085215e-05 -5.300458668739011241e-05 -5.696706664360149064e-05 -6.161398002583372757e-05 -6.770291999343270954e-05 -7.582342008203101879e-05 -8.606603708954711719e-05 -9.785850119870157058e-05 -1.101191029309378283e-04 -1.217591641974053715e-04 -1.323946173139503438e-04 -1.429572835349077989e-04 -1.558401075387158324e-04 -1.743165855133973585e-04 -2.012645232810094959e-04 -2.376205612518696782e-04 -2.813050360652549807e-04 -3.274456057194122293e-04 -3.703756642910381288e-04 -4.071591785517952389e-04 -4.414528146691132035e-04 -4.857319228996866741e-04 -5.598623135753203871e-04 -6.848799626182700342e-04 -8.729581496462821954e-04 -1.117206006807683902e-03 -1.387259117973713976e-03 -1.637345526205546487e-03 -1.830849128597461951e-03 -1.979453561850357847e-03 -2.185488368168590854e-03 -2.666112484184996346e-03 -3.731893686791198147e-03 -5.694349148149614563e-03 -8.695855124130163344e-03 -1.249350920504248112e-02 -1.629149605988198732e-02 -1.881411132307386075e-02 -1.893449214535147807e-02 -1.738579947112953161e-02 -2.029366423558315313e-02 -4.628865036012875384e-02 -1.371721298637723074e-01 -3.909713763527895569e-01 -9.471771092340643960e-01 -2.403476890652750164e+00 -4.148347784229986068e+00 -1.536708431854936308e+01 3.224589462075186042e+00 -2.031711940999016690e+02 7.121842180749358704e+02 -5.324971948877567229e+03 2.324951503074240463e+04 -5.356631798624350267e+03 7.166768720073067698e+02 -2.071993870586136381e+02 2.572205927055411401e+00 -1.612486253683385229e+01 -4.490716707403821673e+00 -2.602179292414378065e+00 -1.042378184403162322e+00 -4.343968867916335741e-01 -1.544094460581136030e-01 -5.268226101054807042e-02 -2.335346377980898266e-02 -2.022859303941040854e-02 -2.228829346152560661e-02 -2.252987163760935413e-02 -1.934229800862974358e-02 -1.799842432234980902e-02
-1.917484414364461826e-07 -7.162064014149066483e-07 -1.175203775972332861e-06 -1.656694362985976461e-06 -2.148752226693763390e-06 -2.658421641203393232e-06 -3.184851927976221555e-06 -3.723808532698082057e-06 -4.269911151186227694e-06 -4.822067990211929437e-06 -5.388040385119821471e-06 -5.985081675449647656e-06 -6.634886510105742933e-06 -7.354208347818723128e-06 -8.145517485648169926e-06 -8.993342953988394488e-06 -9.870185820719843095e-06 -1.075142567210971538e-05 -1.163334767841766900e-05 -1.254496768592577540e-05 -1.354533858433854459e-05 -1.470366462825680975e-05 -1.606901766039619449e-05 -1.764098021121895596e-05 -1.936958468103606987e-05 -2.114145546622665412e-05 -2.295954202868325376e-05 -2.467178626685758930e-05 -2.599825299305356363e-05 -2.797376176715098749e-05 -3.033193063768255962e-05 -3.333960847961986722e-05 -3.696996773813154396e-05 -4.105009897102432337e-05 -4.527735168003796276e-05 -4.937565029851698114e-05 -5.327701550004829178e-05 -5.725489540233110147e-05 -6.191949283257417661e-05 -6.803337473812043487e-05 -7.618889640728754666e-05 -8.647555533349133813e-05 -9.831599080731304944e-05 -1.106212333659029197e-04 -1.222966031441417368e-04 -1.329569573071508876e-04 -1.435400715161431844e-04 -1.564509587807757552e-04 -1.749770127148376347e-04 -2.020053586418652306e-04 -2.384715411349610603e-04 -2.822822471827958436e-04 -3.285427972080520948e-04 -3.715653461090913357e-04 -4.084064064713646973e-04 -4.427390696063884606e-04 -4.870803212494061239e-04 -5.613515936912343842e-04 -6.866355944729488417e-04 -8.751163516455620628e-04 -1.119858971436969979e-03 -1.390403445029147990e-03 -1.640864905970166199e-03 -1.834559424398689515e-03 -1.983220750799248675e-03 -2.189397368841782248e-03 -2.670626349154479797e-03 -3.737913246247903838e-03 -5.703079382945261226e-03 -8.708426511517035340e-03 -1.251039689969874434e-02 -1.631192451927979820e-02 -1.883581588490268466e-02 -1.895438864009316160e-02 -1.740227988659421784e-02 -2.031131485668663875e-02 -4.632636920194088681e-02 -1.372749267659034433e-01 -3.912303157444082524e-01 -9.477419119122915125e-01 -2.404650277942066872e+00 -4.150350963130875037e+00 -1.537151652136715363e+01 3.220884937510851476e+00 -2.031946345226493804e+02 7.122107868652852858e+02 -5.325154263769798490e+03 2.324951732924570751e+04 -5.356452307657908932e+03 7.166520761275369296e+02 -2.071767791696414065e+02 2.575954166815767277e+00 -1.612062935218206405e+01 -4.488804567342210561e+00 -2.601079202654232425e+00 -1.041853623758964620e+00 -4.341593897084056741e-01 -1.543169841286452237e-01 -5.265070905628362746e-02 -2.334965139664169076e-02 -2.021317860045200587e-02 -2.243587181679828832e-02 -2.196733631118593516e-02 -2.354406984561798269e-02
-1.852575286529754611e-07 -6.885597184369811764e-07 -1.119968444742502685e-06 -1.563832263700920821e-06 -2.013051627643165897e-06 -2.482180661058762247e-06 -2.977800354569963292e-06 -3.498856247074348181e-06 -4.036304003075869609e-06 -4.578861539305083306e-06 -5.121267198589428429e-06 -5.670868267645580954e-06 -6.248299324057778284e-06 -6.880615195548136183e-06 -7.589213137260409922e-06 -8.378257976342267299e-06 -9.230308762305521159e-06 -1.011330465368362764e-05 -1.099773758523367356e-05 -1.187703389838803669e-05 -1.278060838970980251e-05 -1.377122298638758165e-05 -1.492173475951141752e-05 -1.629033350818946742e-05 -1.785745825574231807e-05 -1.964637725625436413e-05 -2.142660692988054751e-05 -2.275360239915855107e-05 -2.444309564394414293e-05 -2.611269603877751792e-05 -2.805704449667785304e-05 -3.046499547712804525e-05 -3.349802656668760795e-05 -3.715850544283977569e-05 -4.126666038535049688e-05 -4.551898164098417711e-05 -4.963741363380857335e-05 -5.355421279914064305e-05 -5.754550331022550665e-05 -6.222607625019350682e-05 -6.836324097338207278e-05 -7.655203313792756392e-05 -8.688088679288471128e-05 -9.876747101160845770e-05 -1.111157400143291345e-04 -1.228251580817612675e-04 -1.335095147078908633e-04 -1.441123569436000623e-04 -1.570504252767919949e-04 -1.756246337345499019e-04 -2.027311863756985869e-04 -2.393045766065118841e-04 -2.832382169358212500e-04 -3.296156820308862568e-04 -3.727284334090614744e-04 -4.096257027287495897e-04 -4.439965604413369433e-04 -4.883985490646167117e-04 -5.628073170032511438e-04 -6.883511585527709795e-04 -8.772246389091066261e-04 -1.122450002294167991e-03 -1.393474066376090836e-03 -1.644301846381799855e-03 -1.838183201693645036e-03 -1.986900683548062548e-03 -2.193216309958672446e-03 -2.675036122685504978e-03 -3.743793035405158006e-03 -5.711605530423099347e-03 -8.720703084267627386e-03 -1.252688870023387253e-02 -1.633187557143677901e-02 -1.885701610523161931e-02 -1.897382700166201641e-02 -1.741838574309772375e-02 -2.032856611985603412e-02 -4.636322260226496267e-02 -1.373753490727039062e-01 -3.914832726059574441e-01 -9.482937000690261353e-01 -2.405796694141148162e+00 -4.152308322035868748e+00 -1.537584736510514460e+01 3.217263834749572560e+00 -2.032175403682968522e+02 7.122367449999424025e+02 -5.325332443003651861e+03 2.324951955026427459e+04 -5.356276857192480747e+03 7.166278311068971334e+02 -2.071546777969655011e+02 2.579617489856616430e+00 -1.611649085098784440e+01 -4.486935297585310067e+00 -2.600003950486144522e+00 -1.041341506508995707e+00 -4.339291616807312013e-01 -1.542295565670689650e-01 -5.263366714687325865e-02 -2.333338946022580143e-02 -2.041481860231519896e-02 -2.170748966436282165e-02 -2.746863060301696358e-02
-1.773956988643837013e-07 -6.579173616209904133e-07 -1.065632432298855169e-06 -1.480171216596076371e-06 -1.895571067054016646e-06 -2.328806544543631744e-06 -2.790681534338668712e-06 -3.284364582338797834e-06 -3.802691149096493575e-06 -4.331818780470097901e-06 -4.859084808639662065e-06 -5.381787304331600249e-06 -5.912345830136760815e-06 -6.476444206588373650e-06 -7.103773044408278047e-06 -7.814810997024952842e-06 -8.609816670265088109e-06 -9.466366989777727983e-06 -1.034867453042701075e-05 -1.122634036197307629e-05 -1.209536644528759690e-05 -1.298845778541621494e-05 -1.397796991736294586e-05 -1.511957952609832581e-05 -1.654445542348277271e-05 -1.811987758135535386e-05 -1.943196987935368638e-05 -2.119300206474241852e-05 -2.285689666517108428e-05 -2.451477162780935692e-05 -2.622790751578377177e-05 -2.818909542613098364e-05 -3.061833497590791674e-05 -3.367353467656586076e-05 -3.735839243202784972e-05 -4.149112480515981815e-05 -4.576572329259249934e-05 -4.990219840478826268e-05 -5.383282434507125107e-05 -5.783623121809219176e-05 -6.253159743835898579e-05 -6.869079806157206251e-05 -7.691144900789550337e-05 -8.728093739928204889e-05 -9.921209144171301857e-05 -1.116019745517185714e-04 -1.233443421791361307e-04 -1.340519289770012216e-04 -1.446738823468634628e-04 -1.576383466142249631e-04 -1.762593966678163042e-04 -2.034420854720079652e-04 -2.401198988348931889e-04 -2.841733356454349260e-04 -3.306647941540944726e-04 -3.738655681550897333e-04 -4.108177762970849443e-04 -4.452260404989568992e-04 -4.896874230760350777e-04 -5.642304355691218779e-04 -6.900278559206769573e-04 -8.792845812538169215e-04 -1.124981112864754593e-03 -1.396473424170451656e-03 -1.647659101692981179e-03 -1.841723353446080968e-03 -1.990496268584795916e-03 -2.196948188925239385e-03 -2.679345292065802610e-03 -3.749537799063451093e-03 -5.719934599287090742e-03 -8.732695030039785283e-03 -1.254299831082806259e-02 -1.635136571908989839e-02 -1.887772934941036457e-02 -1.899282289615591979e-02 -1.743412971965670882e-02 -2.034543149892871841e-02 -4.639924008402923628e-02 -1.374734781797133931e-01 -3.917304519473968627e-01 -9.488329185145483180e-01 -2.406917058942091181e+00 -4.154221415935747785e+00 -1.538008028899144186e+01 3.213723366278859128e+00 -2.032399297219197649e+02 7.122621132895600340e+02 -5.325506625724824517e+03 2.324952169724239138e+04 -5.356105312308890461e+03 7.166041187953255758e+02 -2.071330661082307927e+02 2.583198719079332850e+00 -1.611244398986779558e+01 -4.485107735863731016e+00 -2.598953244736659673e+00 -1.040842861762994787e+00 -4.337071638875912294e-01 -1.541596150288558065e-01 -5.260050452624879386e-02 -2.357026953925069057e-02 -1.957079674237722708e-02 -2.813087467245437012e-02
-1.674485595598233923e-07 -6.218356633201052971e-07 -1.009055467555265810e-06 -1.403162356703104681e-06 -1.796011165996212381e-06 -2.201464512340305257e-06 -2.629919180244073521e-06 -3.087735389670456690e-06 -3.573414180824413081e-06 -4.078014524614780244e-06 -4.589304830787745927e-06 -5.098627147951711068e-06 -5.607592118956455094e-06 -6.131173983650254506e-06 -6.694766641827165212e-06 -7.325234080392063320e-06 -8.039134187995835735e-06 -8.833552765969613943e-06 -9.684933538387744279e-06 -1.055906833607882887e-05 -1.142754355553120145e-05 -1.229472866577291874e-05 -1.317637579863511064e-05 -1.421661223770395023e-05 -1.536232991413472075e-05 -1.631967988528525485e-05 -1.787603956755125126e-05 -1.951898765346673359e-05 -2.125235106621896835e-05 -2.296074829211468708e-05 -2.463397796881444047e-05 -2.636302502721123487e-05 -2.833822341474399607e-05 -3.078341347894800000e-05 -3.385758192163941332e-05 -3.756409465909797826e-05 -4.171921254834015284e-05 -4.601430367471456931e-05 -5.016741519145784999e-05 -5.411076993320183826e-05 -5.812538505269524423e-05 -6.283466899628811038e-05 -6.901491394125737792e-05 -7.726623390935320583e-05 -8.767499401448469731e-05 -9.964931192630322181e-05 -1.120795428722020211e-04 -1.238538783200447007e-04 -1.345840136540303643e-04 -1.452245352325109854e-04 -1.582146826935679098e-04 -1.768813480183968048e-04 -2.041382131597277189e-04 -2.409177985377328429e-04 -2.850880363494356332e-04 -3.316906959060184567e-04 -3.749774091115934773e-04 -4.119833437094665303e-04 -4.464282623006139705e-04 -4.909477495826044700e-04 -5.656218780063901243e-04 -6.916668466677982231e-04 -8.812976860867310089e-04 -1.127454231422086962e-03 -1.399403854905450053e-03 -1.650939305587313622e-03 -1.845182643130195699e-03 -1.994010277717494454e-03 -2.200595851388895650e-03 -2.683557156491730208e-03 -3.755152023459761793e-03 -5.728073229097699337e-03 -8.744412024482745710e-03 -1.255873877442157012e-02 -1.637041068986739081e-02 -1.889797217260661202e-02 -1.901139123771244596e-02 -1.744952382772041108e-02 -2.036192368428003593e-02 -4.643444957336770318e-02 -1.375693914871546908e-01 -3.919720492301066450e-01 -9.493599918585132746e-01 -2.408012250732501247e+00 -4.156091730460274469e+00 -1.538421857856165786e+01 3.210260867651288041e+00 -2.032618198605445059e+02 7.122869116127304778e+02 -5.325676944901869319e+03 2.324952377344057095e+04 -5.355937544025974603e+03 7.165809218259544195e+02 -2.071119280342086029e+02 2.586700491929514900e+00 -1.610848599482593713e+01 -4.483320961294822382e+00 -2.597927537901776329e+00 -1.040357918326821896e+00 -4.335052139206621580e-01 -1.540718313688131114e-01 -5.282686579218843353e-02 -2.270524561535663954e-02 -2.615263733790467934e-02
-1.559973155997222975e-07 -5.816625621028114939e-07 -9.503058796386434373e-07 -1.330260776440464131e-06 -1.709597088477930433e-06 -2.095549678319124842e-06 -2.494289283849774551e-06 -2.913047768473330857e-06 -3.356705575316696283e-06 -3.825352474079208605e-06 -4.313522238480509788e-06 -4.812480388092293228e-06 -5.315328774954285255e-06 -5.822936337278809969e-06 -6.347550219189163585e-06 -6.911284012426078993e-06 -7.538770535900430840e-06 -8.246287669983212327e-06 -9.032865714889140102e-06 -9.876642190135546831e-06 -1.075069332992108574e-05 -1.160898758086404771e-05 -1.252481685950070424e-05 -1.340786051916833469e-05 -1.398846489670867490e-05 -1.511126906996451894e-05 -1.638858878967478454e-05 -1.791793147987280261e-05 -1.960654152981506805e-05 -2.135803022842855999e-05 -2.308394110261272880e-05 -2.476983374226762451e-05 -2.650975906263992218e-05 -2.849609836546744668e-05 -3.095482858185638831e-05 -3.404597873262469373e-05 -3.777240308561256014e-05 -4.194838735167220715e-05 -4.626269228135641826e-05 -5.043141569891277081e-05 -5.438669688355542359e-05 -5.841184659199448578e-05 -6.313436660257098197e-05 -6.933483330798080276e-05 -7.761578658323320759e-05 -8.806259791650145107e-05 -1.000788026509137374e-04 -1.125482255164666465e-04 -1.243536351745478394e-04 -1.351057047192098554e-04 -1.457643063737486049e-04 -1.587794803382191566e-04 -1.774906065108889123e-04 -2.048197849992900094e-04 -2.416986113720639658e-04 -2.859827843362743147e-04 -3.326939704153067672e-04 -3.760646261450851721e-04 -4.131231247386231258e-04 -4.476039749453445933e-04 -4.921803246304734840e-04 -5.669825539181587914e-04 -6.932692596843910079e-04 -8.832654135274161343e-04 -1.129871220034685307e-03 -1.402267609657183471e-03 -1.654144989899292931e-03 -1.848563720634173110e-03 -1.997445360799876123e-03 -2.204162009943253214e-03 -2.687674857413707447e-03 -3.760639985740564777e-03 -5.736027762471480364e-03 -8.755863322545421809e-03 -1.257412257133237038e-02 -1.638902552504521715e-02 -1.891776038354112122e-02 -1.902954622467804835e-02 -1.746457944110125365e-02 -2.037805466026628570e-02 -4.646887761403437761e-02 -1.376631628753511027e-01 -3.922082512695733159e-01 -9.498753260437851065e-01 -2.409083109184623872e+00 -4.157920685699636465e+00 -1.538826537369039471e+01 3.206873791680472152e+00 -2.032832272966873006e+02 7.123111589680024736e+02 -5.325843527665940201e+03 2.324952578194181478e+04 -5.355773428987866282e+03 7.165582235542899525e+02 -2.070912482523396534e+02 2.590125224905515555e+00 -1.610461433518247176e+01 -4.481574677887572022e+00 -2.596926284773688920e+00 -1.039897014170046763e+00 -4.332876949127279498e-01 -1.542264780335194929e-01 -5.200519843913642415e-02 -2.882257308083735481e-02
-1.444576263071459808e-07 -5.413213000240525429e-07 -8.920268240786615091e-07 -1.259828945455674143e-06 -1.629547129882314402e-06 -2.001522534145790913e-06 -2.376231010046377014e-06 -2.759386453941521682e-06 -3.160058616892595112e-06 -3.586915277835261896e-06 -4.043594087773658681e-06 -4.526139487900586124e-06 -5.024576190609163604e-06 -5.528711164053419350e-06 -6.035745593488012296e-06 -6.555690036604652391e-06 -7.110813430011907139e-06 -7.728416029905286794e-06 -8.427221810055410877e-06 -9.213769915662350132e-06 -1.004890022579593220e-05 -1.097189941704608350e-05 -1.183253952082639584e-05 -1.230003624859754380e-05 -1.315773699833759344e-05 -1.404600640774776314e-05 -1.513861489514395719e-05 -1.645810123979027408e-05 -1.800514663818769803e-05 -1.971305372885840442e-05 -2.147997088233008302e-05 -2.321844555449601507e-05 -2.491425436375455918e-05 -2.666286790432952691e-05 -2.865864512495666541e-05 -3.112944720865861364e-05 -3.423623957754464727e-05 -3.798132487615820297e-05 -4.217703566127085831e-05 -4.650957322236362346e-05 -5.069311883004896100e-05 -5.465971080640071088e-05 -5.869487341725261641e-05 -6.343007760323364768e-05 -6.965006149092695966e-05 -7.795972500219084062e-05 -8.844347563279338444e-05 -1.005003911444555463e-04 -1.130079377181424175e-04 -1.248435980803389131e-04 -1.356170407050355737e-04 -1.462932779449539755e-04 -1.593328684478432730e-04 -1.780873643336602777e-04 -2.054870813420702521e-04 -2.424627288976190849e-04 -2.868580922377872021e-04 -3.336752409611757285e-04 -3.771279244894118325e-04 -4.142378725934816545e-04 -4.487539612527762477e-04 -4.933859786976528073e-04 -5.683134060353057246e-04 -6.948362515742645667e-04 -8.851892413314543708e-04 -1.132233945482737309e-03 -1.405066932534602010e-03 -1.657278674070150268e-03 -1.851869227682354868e-03 -2.000804172346004346e-03 -2.207649395748041005e-03 -2.691701556318915750e-03 -3.766005956476817674e-03 -5.743804470237930983e-03 -8.767058007210965648e-03 -1.258916189950924115e-02 -1.640722490880451925e-02 -1.893710944878300440e-02 -1.904730184851869193e-02 -1.747930793613403436e-02 -2.039383649766085202e-02 -4.650255033846527331e-02 -1.377548639177222090e-01 -3.924392378570173978e-01 -9.503793107113266414e-01 -2.410130439091627164e+00 -4.159709642181181444e+00 -1.539222368004067754e+01 3.203559697141919127e+00 -2.033041678268561157e+02 7.123348735135564311e+02 -5.326006495639068817e+03 2.324952772564782572e+04 -5.355612849188870314e+03 7.165360079634440353e+02 -2.070710122949011804e+02 2.593474860671944437e+00 -1.610082778732732933e+01 -4.479868928112449744e+00 -2.595962404478676877e+00 -1.039427533019752437e+00 -4.333400427514484399e-01 -1.532718817150993951e-01 -5.873297299324005405e-02
-1.343257643964690428e-07 -5.051634468182963074e-07 -8.377863461713534612e-07 -1.191523082591170580e-06 -1.550058416826527255e-06 -1.909479992494093741e-06 -2.265747056597488767e-06 -2.621638603518941912e-06 -2.986701333507448328e-06 -3.374024839777537504e-06 -3.794308451941354817e-06 -4.250288899094298756e-06 -4.734683783727745192e-06 -5.233427585450025382e-06 -5.733457387614918749e-06 -6.231581830905087024e-06 -6.740289005280551186e-06 -7.284636456619275736e-06 -7.899990896755317672e-06 -8.589101033362106901e-06 -9.423249345455515265e-06 -1.026192796713009777e-05 -1.075025234971141456e-05 -1.158663191612813861e-05 -1.235268486949683774e-05 -1.317840441631824196e-05 -1.410401500620122326e-05 -1.521020753477082040e-05 -1.654627845433083864e-05 -1.810842626480379245e-05 -1.983075273698203095e-05 -2.161034035559362818e-05 -2.335919903576219402e-05 -2.506330826597097424e-05 -2.681932823038535440e-05 -2.882345880000682103e-05 -3.130533314482104840e-05 -3.442679157414562589e-05 -3.818957846994071390e-05 -4.240411273341163155e-05 -4.675409450793764919e-05 -5.095182852297113738e-05 -5.492924183904856534e-05 -5.897400038058566731e-05 -6.372142907417527367e-05 -6.996031332557170652e-05 -7.829785222375459160e-05 -8.881751929862259035e-05 -1.009140555368523011e-04 -1.134587343770187065e-04 -1.253238846002083706e-04 -1.361181875603968878e-04 -1.468116563284500582e-04 -1.598750976178451731e-04 -1.786719331380590755e-04 -2.061405003558473598e-04 -2.432106604046313145e-04 -2.877145931415449982e-04 -3.346352577137812613e-04 -3.781681463744087572e-04 -4.153284900406308683e-04 -4.498791665792691301e-04 -4.945657162664376331e-04 -5.696155604219086278e-04 -6.963691710711401774e-04 -8.870708515560228559e-04 -1.134544499482955130e-03 -1.407804325829298568e-03 -1.660343182359688219e-03 -1.855102166772510264e-03 -2.004089784489507340e-03 -2.211061205655902740e-03 -2.695640913976688618e-03 -3.771254728365088221e-03 -5.751410174104937267e-03 -8.778005775314354567e-03 -1.260386970103252041e-02 -1.642502449303089029e-02 -1.895603612388362461e-02 -1.906467377782660941e-02 -1.749372274084520784e-02 -2.040928352946397989e-02 -4.653549591810410280e-02 -1.378445670981038595e-01 -3.926651867014223640e-01 -9.508723272481026667e-01 -2.411155023203748637e+00 -4.161459919488573966e+00 -1.539609639568533872e+01 3.200316221915923354e+00 -2.033246565902736052e+02 7.123580725945668064e+02 -5.326165965256441268e+03 2.324952960721525596e+04 -5.355455691911723989e+03 7.165142589988280406e+02 -2.070512079123754177e+02 2.596746943891441006e+00 -1.609713075277749894e+01 -4.478237151916833803e+00 -2.594999326497518410e+00 -1.039509130837269035e+00 -4.313585568683717675e-01 -1.669636867996261431e-01
-1.264996410998487956e-07 -4.759492102890829910e-07 -7.902752848713166394e-07 -1.126078899785992059e-06 -1.468457927414125796e-06 -1.813244088049762242e-06 -2.154812854648267283e-06 -2.493023442702593724e-06 -2.834476264053150901e-06 -3.191164468674319439e-06 -3.575971910575671654e-06 -3.996964995937967214e-06 -4.453169262559713947e-06 -4.934309700828886492e-06 -5.425358722563990694e-06 -5.914947881019471010e-06 -6.402079979196933871e-06 -6.906988828266680516e-06 -7.439684606529955862e-06 -8.099107253558016030e-06 -8.790486534894484172e-06 -9.202110414614442184e-06 -1.001783272282735292e-05 -1.079775664244708880e-05 -1.160376977179247334e-05 -1.240546594936087934e-05 -1.324200291586461323e-05 -1.418021357194949131e-05 -1.529761636764130267e-05 -1.664561551173004877e-05 -1.822019391170002963e-05 -1.995476151155989785e-05 -2.174536577890387600e-05 -2.350331519341926213e-05 -2.521470920855731180e-05 -2.697730343245926613e-05 -2.898904714161661922e-05 -3.148126956666687958e-05 -3.461664550414002365e-05 -3.839636691770991595e-05 -4.262898479026201156e-05 -4.699575933377815357e-05 -5.120716100412357990e-05 -5.519499903027395350e-05 -5.924901525664128188e-05 -6.400828124226600857e-05 -7.026552272988733543e-05 -7.863018176047147176e-05 -8.918482787785992618e-05 -1.013199812456541443e-04 -1.139008808360337274e-04 -1.257948270951584843e-04 -1.366095306082227981e-04 -1.473198722257540829e-04 -1.604066495922844586e-04 -1.792448669313071038e-04 -2.067807005960155232e-04 -2.439432015239658281e-04 -2.885532391218235113e-04 -3.355751256330815322e-04 -3.791865232903372210e-04 -4.163962992281014736e-04 -4.509809824858140273e-04 -4.957210180418042357e-04 -5.708906634939082568e-04 -6.978699570377652761e-04 -8.889126183782269366e-04 -1.136805796707049789e-03 -1.410483259763563877e-03 -1.663342444733229789e-03 -1.858266759521995555e-03 -2.007306578532113209e-03 -2.214402042447954737e-03 -2.699498159979071485e-03 -3.776392965264778207e-03 -5.758854064958953030e-03 -8.788719389331138901e-03 -1.261826280409745343e-02 -1.644244461946510125e-02 -1.897456249651285204e-02 -1.908168345436688992e-02 -1.750784348411372343e-02 -2.042441718316582652e-02 -4.656775164916802240e-02 -1.379323577122672229e-01 -3.928862932616589698e-01 -9.513547791114589369e-01 -2.412157663527005447e+00 -4.163172844858117116e+00 -1.539988636127158195e+01 3.197141045499067857e+00 -2.033447081282132274e+02 7.123807727314982685e+02 -5.326322048263083161e+03 2.324953142836069310e+04 -5.355301851429609997e+03 7.164929561621177072e+02 -2.070318366822671976e+02 2.599920336325617143e+00 -1.609362373149686931e+01 -4.476601052239361778e+00 -2.595595549550303804e+00 -1.034019740894371875e+00 -4.703145646552336911e-01
-1.209567533112196974e-07 -4.538101287439379728e-07 -7.501554893345408869e-07 -1.064685487088083301e-06 -1.385720055645258619e-06 -1.712278634559655313e-06 -2.040312484795251012e-06 -2.367982504297583939e-06 -2.697226687601891572e-06 -3.034637979346219154e-06 -3.390117665580922696e-06 -3.773532494234437421e-06 -4.190523666465932525e-06 -4.639331320432323813e-06 -5.111092799214078153e-06 -5.592369413192687214e-06 -6.078659345582863849e-06 -6.553958809370474668e-06 -7.100041981197064255e-06 -7.632868935115820616e-06 -7.879929157261029646e-06 -8.547254698949832344e-06 -9.241927858966578544e-06 -1.002912400710928227e-05 -1.084511311725054025e-05 -1.166245767776181491e-05 -1.247580163981432198e-05 -1.332097478259699837e-05 -1.426740380565936699e-05 -1.539355535918484784e-05 -1.675144934643258004e-05 -1.833686206678008767e-05 -2.008236177760098506e-05 -2.188292100875136240e-05 -2.364911172182609930e-05 -2.536711197413680705e-05 -2.713571395212027685e-05 -2.915454792133372739e-05 -3.165657960454611728e-05 -3.480528796876794788e-05 -3.860132304546811413e-05 -4.285141424780662347e-05 -4.723444199253870140e-05 -5.145908469585768445e-05 -5.545703034872525656e-05 -5.952003791539317552e-05 -6.429082746626325678e-05 -7.056596651156723100e-05 -7.895708779129690649e-05 -8.954588417186122541e-05 -1.017187622077739652e-04 -1.143350736271299281e-04 -1.262572086205712111e-04 -1.370919248629460401e-04 -1.478188508989174068e-04 -1.609285394783155506e-04 -1.798073119908046729e-04 -2.074090125207271910e-04 -2.446619133661851690e-04 -2.893758426851433720e-04 -3.364968935221100189e-04 -3.801852968667543842e-04 -4.174436901373389675e-04 -4.520619417567136493e-04 -4.968546291123476354e-04 -5.721418292869910431e-04 -6.993423091021436612e-04 -8.907190372624342349e-04 -1.139023247345297531e-03 -1.413110023237320462e-03 -1.666283442086668662e-03 -1.861370445351336099e-03 -2.010462370887171422e-03 -2.217680405678448818e-03 -2.703283338512130988e-03 -3.781433647780794560e-03 -5.766153674959658033e-03 -8.799222193983890355e-03 -1.263237059021186590e-02 -1.645951944359638416e-02 -1.899272499086769594e-02 -1.909836723889847890e-02 -1.752170722505587419e-02 -2.043928351386215675e-02 -4.659939412060364744e-02 -1.380183836422582688e-01 -3.931028447322504338e-01 -9.518271881212734264e-01 -2.413139288015059947e+00 -4.164849848534350585e+00 -1.540359642586669509e+01 3.194031843768863510e+00 -2.033643365582984188e+02 7.124029890458332375e+02 -5.326474853916859502e+03 2.324953318453887186e+04 -5.355151240397553011e+03 7.164720434990452986e+02 -2.070129501922528732e+02 2.602710377151003396e+00 -1.609007980433436202e+01 -4.479334831408700701e+00 -2.580476567332695037e+00 -1.143895949895666453e+00
-1.168775614721927887e-07 -4.365035776007670412e-07 -7.159650597053205183e-07 -1.008277051130237691e-06 -1.305363582960244890e-06 -1.610914585757065527e-06 -1.924441705935324839e-06 -2.244119746923945748e-06 -2.567704661744299991e-06 -2.894980490670622643e-06 -3.229693512064906803e-06 -3.579709862055412253e-06 -3.954605801687512484e-06 -4.361762708477890204e-06 -4.801138298907875625e-06 -5.270338315025347817e-06 -5.740968102292318991e-06 -6.267485305949686647e-06 -6.742486434088514891e-06 -6.887113976122192520e-06 -7.393956517265779862e-06 -7.913443755703475179e-06 -8.551792041691334151e-06 -9.281472337043736456e-06 -1.008072600015559760e-05 -1.090946307300605766e-05 -1.173604421299586662e-05 -1.255683673479379719e-05 -1.340836278517096282e-05 -1.436117248960069404e-05 -1.549465336365751312e-05 -1.686125651058396636e-05 -1.845649086546095663e-05 -2.021205649166194675e-05 -2.202184829121793454e-05 -2.379569810830839304e-05 -2.551984250863094600e-05 -2.729406856521798342e-05 -2.931963227036996281e-05 -3.183108480665455169e-05 -3.499268233192019282e-05 -3.880454226841399971e-05 -4.307161546002708728e-05 -4.747046048111764428e-05 -5.170800797550580835e-05 -5.571582876876564875e-05 -5.978765151187614139e-05 -6.456975781965294814e-05 -7.086246427600286976e-05 -7.927953908953231646e-05 -8.990181412046248334e-05 -1.021116740675943158e-04 -1.147627195576286742e-04 -1.267125500686694221e-04 -1.375670060722092021e-04 -1.483103742500719267e-04 -1.614427583487918069e-04 -1.803615490730005842e-04 -2.080280779877157263e-04 -2.453698329550010361e-04 -2.901858179020955935e-04 -3.374042937522561594e-04 -3.811684598580401904e-04 -4.184749187659997003e-04 -4.531266806912440234e-04 -4.979718133673046538e-04 -5.733752831530369246e-04 -7.007937327857420356e-04 -8.924990709557547751e-04 -1.141207217751885952e-03 -1.415696119123396402e-03 -1.669178500523519444e-03 -1.864426315428536346e-03 -2.013571553981089324e-03 -2.220913335966131358e-03 -2.707018211245713468e-03 -3.786405567995059906e-03 -5.773346540652396497e-03 -8.809560707093887916e-03 -1.264624690079953900e-02 -1.647630722292992705e-02 -1.901058429615096190e-02 -1.911479090841012099e-02 -1.753539671533937971e-02 -2.045400741553004414e-02 -4.663063054183654715e-02 -1.381029872340941711e-01 -3.933153802836075186e-01 -9.522903502189832281e-01 -2.414101054291355020e+00 -4.166492482251407559e+00 -1.540722943850140680e+01 3.190986032883693202e+00 -2.033835569663627325e+02 7.124247310083590037e+02 -5.326624500802529838e+03 2.324953484058791582e+04 -5.355003855733354612e+03 7.164513649315620114e+02 -2.069952087660174413e+02 2.605756191461491511e+00 -1.609715328295231274e+01 -4.443237087675846908e+00 -2.847897339080650347e+00
-1.131011126497470069e-07 -4.206751253217880053e-07 -6.849851355136714600e-07 -9.570752150922919667e-07 -1.231450136113337822e-06 -1.515629434123654302e-06 -1.812796974683197150e-06 -2.122537013943351092e-06 -2.440576524207110935e-06 -2.761577039522987141e-06 -3.083054638547388006e-06 -3.408421259385410564e-06 -3.747524444091104174e-06 -4.111983393356395020e-06 -4.515875484337406937e-06 -4.944951378690642397e-06 -5.453642203261380458e-06 -5.924855403789610807e-06 -6.062841009127723039e-06 -6.511559648136775277e-06 -6.918528398758231507e-06 -7.395180176641577509e-06 -7.946705546695016873e-06 -8.595639609486576725e-06 -9.337760911294727616e-06 -1.014707083174582477e-05 -1.098448448279158603e-05 -1.181810842716588436e-05 -1.264463204705475043e-05 -1.350125212297017077e-05 -1.445944622205032917e-05 -1.559942817651589455e-05 -1.697401534641381033e-05 -1.857842249397459022e-05 -2.034348255024263485e-05 -2.216202850186790776e-05 -2.394316515227011579e-05 -2.567318307963975237e-05 -2.745283557616700807e-05 -2.948495685060874367e-05 -3.200563323589655578e-05 -3.517986557043620451e-05 -3.900723999399748841e-05 -4.329096698755263988e-05 -4.770534474551929349e-05 -5.195561398698799442e-05 -5.597325279311517030e-05 -6.005393133138443152e-05 -6.484741459139952541e-05 -7.115766759212467131e-05 -7.960051519284561637e-05 -9.025591464530037121e-05 -1.025023017167232630e-04 -1.151876691780720925e-04 -1.271649847796983029e-04 -1.380392705026658507e-04 -1.487994441243459384e-04 -1.619549872920834975e-04 -1.809140880456340528e-04 -2.086453050895963057e-04 -2.460752303895752608e-04 -2.909921854209169103e-04 -3.383070024130533575e-04 -3.821463913144901802e-04 -4.195013640278079186e-04 -4.541881471087817626e-04 -4.990878235838923285e-04 -5.746092623406139814e-04 -7.022458080315814198e-04 -8.942775097326723750e-04 -1.143385156373021320e-03 -1.418271075885448994e-03 -1.672059289007002186e-03 -1.867469586280616576e-03 -2.016676039367963982e-03 -2.224154032039298619e-03 -2.710772133933082254e-03 -3.791397558994511006e-03 -5.780540980111025136e-03 -8.819858913761424030e-03 -1.266002575309319034e-02 -1.649294988767378844e-02 -1.902829986169003729e-02 -1.913116154057964077e-02 -1.754922238588364422e-02 -2.046907995714078443e-02 -4.666221384388886256e-02 -1.381872370397496941e-01 -3.935252773873845755e-01 -9.527458687977102825e-01 -2.415044739116861461e+00 -4.168102770741750618e+00 -1.541078925363474994e+01 3.187997019067208448e+00 -2.034023966514482424e+02 7.124459722534329558e+02 -5.326771181858463933e+03 2.324953615515868296e+04 -5.354859966366761000e+03 7.164292141970203147e+02 -2.069770668098494184e+02 2.582484258910416219e+00 -1.600778194301503277e+01 -5.109780664334644840e+00
-1.086613659632207576e-07 -4.034140781530882418e-07 -6.545064613766404817e-07 -9.104683372734057467e-07 -1.166578583098541381e-06 -1.431711728569476101e-06 -1.711181260779718410e-06 -2.006507095735157030e-06 -2.314059024151229702e-06 -2.627004927428867800e-06 -2.939180323103095813e-06 -3.249670841301194740e-06 -3.563944892420462166e-06 -3.898463228524675123e-06 -4.251694096769014502e-06 -4.692936978525415897e-06 -5.122665039504811322e-06 -5.256102360979731293e-06 -5.701955125523890252e-06 -6.093891499600403191e-06 -6.512789816189868406e-06 -6.949415310901581619e-06 -7.434434729091222493e-06 -7.996253011711880273e-06 -8.653935034751425041e-06 -9.404591026512329550e-06 -1.022183002938136864e-05 -1.106623832093400387e-05 -1.190568621842928729e-05 -1.273702225467221956e-05 -1.359803365424810059e-05 -1.456104498306254769e-05 -1.570703389693851320e-05 -1.708914494889688803e-05 -1.870228928967518359e-05 -2.047645029507470424e-05 -2.230343110866424955e-05 -2.409163685371487170e-05 -2.582741627504254488e-05 -2.761246051249458531e-05 -2.965112668080862929e-05 -3.218097420891128920e-05 -3.536770745021807871e-05 -3.921038402895176512e-05 -4.351052711587047859e-05 -4.794026115629914666e-05 -5.220322072347921577e-05 -5.623082960507575959e-05 -6.032066355180107592e-05 -6.512586217151899006e-05 -7.145389587700981939e-05 -7.992253382621387642e-05 -9.061084277747061527e-05 -1.028934240943170836e-04 -1.156128846443534350e-04 -1.276178066847945736e-04 -1.385125459796581360e-04 -1.492906068516044245e-04 -1.624705759538769658e-04 -1.814710147971306138e-04 -2.092673147918412625e-04 -2.467850300736503465e-04 -2.918020771251238015e-04 -3.392125607349931373e-04 -3.831276118715134507e-04 -4.205333699780454946e-04 -4.552593551822266336e-04 -5.002188253495286037e-04 -5.758628986375426443e-04 -7.037197510089642210e-04 -8.960764612413472984e-04 -1.145579350045555778e-03 -1.420858093647237638e-03 -1.674952797446258934e-03 -1.870535976918844857e-03 -2.019826063716105048e-03 -2.227471634455704518e-03 -2.714633575506144626e-03 -3.796512367849546113e-03 -5.787844704621941845e-03 -8.830221093882090547e-03 -1.267380967913384233e-02 -1.650957093968584768e-02 -1.904606793234000367e-02 -1.914782742232739102e-02 -1.756377351816199028e-02 -2.048539277734794453e-02 -4.669532098918687674e-02 -1.382724565000676697e-01 -3.937337579173080249e-01 -9.531946470905205970e-01 -2.415971195625652435e+00 -4.169683019839728999e+00 -1.541428495879240934e+01 3.185040207930071254e+00 -2.034209311771900275e+02 7.124665856078385104e+02 -5.326915358002775974e+03 2.324953665444171202e+04 -5.354722210063549937e+03 7.164094573787540412e+02 -2.070063774039365967e+02 2.739667982709689031e+00 -1.720315228743513103e+01
-1.032137492808638993e-07 -3.835826108428475879e-07 -6.232126746411976334e-07 -8.676828612415597678e-07 -1.111327584155867996e-06 -1.361570149781585299e-06 -1.623561469163359088e-06 -1.900322746763101479e-06 -2.190852820236578439e-06 -2.490517256442198674e-06 -2.793472557392367575e-06 -3.095055133251514154e-06 -3.400818405320676370e-06 -3.703332254299075560e-06 -4.072591280808975233e-06 -4.425454035648564278e-06 -4.503702771742075998e-06 -4.908313125372071236e-06 -5.287510743490500996e-06 -5.705249975040676791e-06 -6.126340590435719010e-06 -6.553090651769321973e-06 -6.998649211123514452e-06 -7.490624645413753834e-06 -8.059304188010346946e-06 -8.723989630440627072e-06 -9.481817677543403892e-06 -1.030603970859002762e-05 -1.115679701561055610e-05 -1.200169370211108502e-05 -1.283769832034425767e-05 -1.370313440582348576e-05 -1.467110295180549808e-05 -1.582327604760964753e-05 -1.721308197662173853e-05 -1.883513080180006721e-05 -2.061860823275283065e-05 -2.245436997375556602e-05 -2.425019777494225650e-05 -2.599252871440289411e-05 -2.778395147207088863e-05 -2.983024212551465266e-05 -3.237030701788849886e-05 -3.557046840250048861e-05 -3.942926773002396006e-05 -4.374667282838925998e-05 -4.819285242403838080e-05 -5.247005395557195485e-05 -5.650976100691121177e-05 -6.061138639331521114e-05 -6.543119122657875195e-05 -7.177980863703065919e-05 -8.027668963057829892e-05 -9.100000603824312344e-05 -1.033208744827789619e-04 -1.160771608898760409e-04 -1.281137731426259141e-04 -1.390348475544111052e-04 -1.498383676447647404e-04 -1.630512812076997259e-04 -1.821013810669220190e-04 -2.099698921673119872e-04 -2.475811402054274276e-04 -2.927037348576775905e-04 -3.402174161136419959e-04 -3.842206609847275680e-04 -4.216969618996189799e-04 -4.564893024137346516e-04 -5.015404735188562588e-04 -5.773389148571866913e-04 -7.054425098947283545e-04 -8.981432910958172741e-04 -1.148057273450199187e-03 -1.423753250726906509e-03 -1.678204712411755003e-03 -1.874053556999504553e-03 -2.023569606075789184e-03 -2.231563748966815860e-03 -2.719458048133744071e-03 -3.802743798921335693e-03 -5.796352804669850124e-03 -8.841824114068849716e-03 -1.268891374311538998e-02 -1.652782341439090058e-02 -1.906626841117722154e-02 -1.916845362100296629e-02 -1.758459984607442517e-02 -2.051076706237297750e-02 -4.673988727179558683e-02 -1.383697588370418896e-01 -3.939516348425688430e-01 -9.536465851662734305e-01 -2.416893444023135551e+00 -4.171266341828899549e+00 -1.541781539455687344e+01 3.181841584440363135e+00 -2.034398153497613748e+02 7.124849405991711819e+02 -5.327059755610685897e+03 2.324952532766649529e+04 -5.354583932393971736e+03 7.162314242074106687e+02 -2.064695753587543550e+02 -1.293626360401697095e+00
-9.690570523068370200e-08 -3.613390996830358202e-07 -5.903556822086410037e-07 -8.264283614178928164e-07 -1.062049915795080890e-06 -1.301325004755147662e-06 -1.547309935787129009e-06 -1.803478685796795894e-06 -2.071967115918498025e-06 -2.352726860993769510e-06 -2.642338754591368614e-06 -2.940915295093381338e-06 -3.231233205459255059e-06 -3.569678612224843010e-06 -3.870744582618889912e-06 -3.888546795437530359e-06 -4.214953543513452759e-06 -4.528953076425729559e-06 -4.905966704475159693e-06 -5.313488776373949775e-06 -5.739141833932487829e-06 -6.168845053142537832e-06 -6.601547301374580607e-06 -7.052147462307047120e-06 -7.548797245213051342e-06 -8.122395174756429231e-06 -8.792495705663823190e-06 -9.556123429162594797e-06 -1.038611794747814963e-05 -1.124212313195990311e-05 -1.209142758353446654e-05 -1.293107283654412030e-05 -1.379988291868838609e-05 -1.477171928377922894e-05 -1.592895446650711955e-05 -1.732532027527599035e-05 -1.895514250813326839e-05 -2.074680495777110091e-05 -2.259018071641450835e-05 -2.439236774903500641e-05 -2.613982734182147117e-05 -2.793600680898221939e-05 -2.998810935065992708e-05 -3.253644398074674739e-05 -3.574802748004226644e-05 -3.962093617702850079e-05 -4.395356213321996111e-05 -4.841400659820702134e-05 -5.270295088907122965e-05 -5.675175918547447463e-05 -6.086158705148186085e-05 -6.569186883027540273e-05 -7.205659450339864738e-05 -8.057714673948761057e-05 -9.133095994670920753e-05 -1.036855835544698499e-04 -1.164737531664265726e-04 -1.285360826411020548e-04 -1.394758626971393542e-04 -1.502952203975309244e-04 -1.635296492278334529e-04 -1.826168881488824021e-04 -2.105449460124575066e-04 -2.482375527509789962e-04 -2.934537234721486146e-04 -3.410572807703924746e-04 -3.851314325074289965e-04 -4.226541972042345053e-04 -4.574802643997066820e-04 -5.025824481982090223e-04 -5.784895957126647004e-04 -7.067939217854151898e-04 -8.997960225508607173e-04 -1.150080840096481469e-03 -1.426148439343797583e-03 -1.680890515205684960e-03 -1.876899447002583618e-03 -2.026481239832524615e-03 -2.234606609539152317e-03 -2.722975236874692478e-03 -3.807402245504347416e-03 -5.803048670492682096e-03 -8.851408122425038702e-03 -1.270176600415542922e-02 -1.654341375450967683e-02 -1.908297493036506184e-02 -1.918404801504114410e-02 -1.759793791611987540e-02 -2.052529172037368885e-02 -4.676970269706266781e-02 -1.384485436109983703e-01 -3.941478200511022711e-01 -9.540733725317568359e-01 -2.417780655910069854e+00 -4.172786518663352595e+00 -1.542118473610319285e+01 3.178973274337986599e+00 -2.034576703952920980e+02 7.125046796821477528e+02 -5.327198578055432336e+03 2.324952680599913583e+04 -5.354459849980589752e+03 7.162515424178199055e+02 -2.067552499392884329e+02
-9.143574026739794729e-08 -3.423509582964910447e-07 -5.633493420994026192e-07 -7.944895288272294204e-07 -1.026516303893790641e-06 -1.259977855699994207e-06 -1.495044473191245586e-06 -1.734490587866527544e-06 -1.982811844272138210e-06 -2.243814757980973497e-06 -2.522192341539693637e-06 -2.801429380980446817e-06 -3.134096543212641314e-06 -3.425479785714674209e-06 -3.428013353726204639e-06 -3.704525270913681987e-06 -3.950468155698301917e-06 -4.251837302426199551e-06 -4.595378636044828459e-06 -4.983183502308062146e-06 -5.403136133242561949e-06 -5.839328104178543139e-06 -6.278878547729690439e-06 -6.720766300281105916e-06 -7.180218106951425226e-06 -7.685758884134444137e-06 -8.268701748751775742e-06 -8.948940533344608111e-06 -9.723667192623499433e-06 -1.056567075523009588e-05 -1.143436268216487507e-05 -1.229673116795303025e-05 -1.314960581964713433e-05 -1.403182833900764580e-05 -1.501757412673703933e-05 -1.618977981486042478e-05 -1.760283349775836311e-05 -1.925158722920429480e-05 -2.106461656951396112e-05 -2.293155739682833724e-05 -2.475892200395520129e-05 -2.653249790301460728e-05 -2.835533975745201948e-05 -3.043487925484315534e-05 -3.301242626415465853e-05 -3.625661553854762258e-05 -4.016728603718641249e-05 -4.454408306386174358e-05 -4.905527379295861179e-05 -5.340041903238533895e-05 -5.750887018366530374e-05 -6.167985979227538426e-05 -6.657227257148107757e-05 -7.300197289507885841e-05 -8.159487172189669848e-05 -9.243461116111332480e-05 -1.048945340443844956e-04 -1.178102341552962254e-04 -1.300204381722204093e-04 -1.411219263647693373e-04 -1.521084162485586259e-04 -1.655100198324343662e-04 -1.847675857024615620e-04 -2.128840813975058316e-04 -2.508087695739999456e-04 -2.963296538170515667e-04 -3.443314621307405426e-04 -3.888986469583104806e-04 -4.269854861670284614e-04 -4.624049187094683364e-04 -5.080914230178939454e-04 -5.845705813129354732e-04 -7.134964651651549711e-04 -9.073081386233057674e-04 -1.158783178047821097e-03 -1.436606273125467549e-03 -1.693757589407731334e-03 -1.892743739471613616e-03 -2.045596561463853495e-03 -2.256929131143730824e-03 -2.748250115231622246e-03 -3.835714266074793325e-03 -5.835712896237916190e-03 -8.892014241493139889e-03 -1.275692558222451395e-02 -1.662255836927244157e-02 -1.919656774624486570e-02 -1.933999293012002296e-02 -1.779707313339989189e-02 -2.075896773828012423e-02 -4.702602226731725926e-02 -1.387390701709752538e-01 -3.945778376405124077e-01 -9.549825277960727332e-01 -2.420061304588559725e+00 -4.178298043695338748e+00 -1.543435198483976478e+01 3.151255225867871435e+00 -2.035198957939894342e+02 7.123694019492626239e+02 -5.327339359047778999e+03 2.324761946083995281e+04 -5.348084600207776930e+03 6.677186464886148087e+02
-8.277680389482486298e-08 -3.108694148583184128e-07 -5.143209433527604716e-07 -7.295964894891372188e-07 -9.470976724951363150e-07 -1.165116597062807953e-06 -1.381594181514676699e-06 -1.598040384104083777e-06 -1.818959188075148812e-06 -2.052738276933508860e-06 -2.294011149072054629e-06 -2.601985214452281472e-06 -2.874162767363515288e-06 -2.874611006449832814e-06 -3.130448195550632555e-06 -3.339568427720203843e-06 -3.578901936373261143e-06 -3.839701275817416782e-06 -4.137434234745890296e-06 -4.478270201657818253e-06 -4.860465313356247814e-06 -5.272589854392238901e-06 -5.698472055791017503e-06 -6.125594105119829284e-06 -6.553666829096327431e-06 -6.998802164450749038e-06 -7.490119841694583061e-06 -8.058857731720847189e-06 -8.724051261478055395e-06 -9.481521915968159255e-06 -1.030276292470814711e-05 -1.114661950588790150e-05 -1.198063202285538768e-05 -1.280316265546347381e-05 -1.365486393278226409e-05 -1.461098616594378280e-05 -1.575395002770631404e-05 -1.713582828660134916e-05 -1.874805050398798583e-05 -2.051608941527390949e-05 -2.232836702270359425e-05 -2.409297910619675621e-05 -2.579969667702663346e-05 -2.755614817067001358e-05 -2.957231918238672908e-05 -3.208782800874187256e-05 -3.526481155542337458e-05 -3.909363102195036351e-05 -4.336533751804995591e-05 -4.774486353575549115e-05 -5.193637075777440853e-05 -5.588080753407997003e-05 -5.989089523552460485e-05 -6.463314520580160907e-05 -7.091814150439460147e-05 -7.935125113591320553e-05 -8.998534880732440031e-05 -1.021647830973592221e-04 -1.147126118869246959e-04 -1.264817126674032107e-04 -1.371083401852982414e-04 -1.476347341470801266e-04 -1.606208215266550978e-04 -1.794902785648433972e-04 -2.071681623378619091e-04 -2.444788063649920443e-04 -2.890824725844571576e-04 -3.357955481909573694e-04 -3.787467012695387041e-04 -4.150569253733296855e-04 -4.487699941667170614e-04 -4.929888413658672528e-04 -5.681876867097288486e-04 -6.956332481688984890e-04 -8.870501256557938342e-04 -1.134367935813793702e-03 -1.405655290696836406e-03 -1.653929605075904041e-03 -1.842649171671021605e-03 -1.985546442777790487e-03 -2.188893698154817293e-03 -2.674404974804920395e-03 -3.755300417172714386e-03 -5.740683554152375793e-03 -8.762982371816115112e-03 -1.256198609740957241e-02 -1.632205465999465172e-02 -1.875607662639298262e-02 -1.875077847110120585e-02 -1.709675878604954152e-02 -2.003412263300241580e-02 -4.635998453222660992e-02 -1.380412977074944592e-01 -3.931748275242751833e-01 -9.508238154278952914e-01 -2.407894537246492828e+00 -4.147810699580511518e+00 -1.535693275611830799e+01 3.293494325599359396e+00 -2.030366394137032557e+02 7.124068715585884775e+02 -5.321306951186183142e+03 2.322746136351077803e+04 -5.191266908014375986e+03
-1.013295234054649954e-07 -3.804692561629350122e-07 -6.295338409097313910e-07 -8.936968335579904335e-07 -1.161894067470465624e-06 -1.432201188835605515e-06 -1.701242063161824716e-06 -1.968783571646253860e-06 -2.239543558529593948e-06 -2.516779879044349533e-06 -2.836269249849102250e-06 -3.082179566046000344e-06 -3.135407425325567085e-06 -3.439064657482053059e-06 -3.711856952313820731e-06 -4.010378358474930759e-06 -4.313979139805921714e-06 -4.631346362093926916e-06 -4.974384359985051760e-06 -5.358830361147113280e-06 -5.795971285438575013e-06 -6.286726680604826094e-06 -6.819788513826752076e-06 -7.376056449554897508e-06 -7.938329637741371218e-06 -8.502309862057344435e-06 -9.083413089897064300e-06 -9.714888407166409707e-06 -1.043628904879545924e-05 -1.127622018044049320e-05 -1.223713071894847272e-05 -1.329064206486888595e-05 -1.438831967512605318e-05 -1.548584027399129527e-05 -1.657106709363138217e-05 -1.768222812391121807e-05 -1.890437422347942487e-05 -2.034079033240932465e-05 -2.206835192001663953e-05 -2.409644100672221005e-05 -2.635195228753821881e-05 -2.870497834555378605e-05 -3.103210607830797268e-05 -3.329383778376463865e-05 -3.558925546642136749e-05 -3.815321119448095611e-05 -4.128234126037711647e-05 -4.520973409401371978e-05 -4.998048964985934067e-05 -5.539475789244730582e-05 -6.106806241175144522e-05 -6.661193123856063250e-05 -7.187517073639145438e-05 -7.713638353215146026e-05 -8.313111449330309053e-05 -9.084729743024806659e-05 -1.011259365519023607e-04 -1.142180970504720118e-04 -1.295239079677946048e-04 -1.457193437520030099e-04 -1.613397487831613514e-04 -1.756740324594304738e-04 -1.896002732040634855e-04 -2.058943795130706322e-04 -2.286460616668253929e-04 -2.617537577334480212e-04 -3.069624847742282803e-04 -3.623351030828727290e-04 -4.222139684943028264e-04 -4.793751381180473103e-04 -5.292267373111508725e-04 -5.747388346034280199e-04 -6.297455676790687058e-04 -7.180290976207598028e-04 -8.665074890167327910e-04 -1.093270876092681827e-03 -1.394488812778612360e-03 -1.737254411046880703e-03 -2.066729674553556897e-03 -2.333371365327120001e-03 -2.539247238791866174e-03 -2.791275018187577926e-03 -3.336685551903558269e-03 -4.547382984102640510e-03 -6.820482815943675579e-03 -1.038208873612014686e-02 -1.502486064779639217e-02 -1.988327484072065221e-02 -2.346481426719706359e-02 -2.430332770977446794e-02 -2.284446784253873347e-02 -2.543802948944776099e-02 -5.238994162796675735e-02 -1.504775012974953752e-01 -4.288676853016211710e-01 -1.052421915984099288e+00 -2.657050184222571332e+00 -4.776132796015903459e+00 -1.648693881558581609e+01 -5.985490694764531439e-01 -2.031951766319084243e+02 6.644958971933600651e+02 -5.164703895753624238e+03 2.200927862810010265e+04
