5.350497829447575350e+04 -4.741829765377865442e+03 6.231692698182237109e+02 -9.068946137627584392e+01 1.388885092719575098e+01 -2.193953907678295234e+00 3.515464750596528631e-01 -5.808653079724999946e-02 9.266785060441977417e-03 -1.666375282825221680e-03 2.370270082040438955e-04 -4.726890333584608236e-05 1.206104033854939893e-05 3.985729180340303308e-06 3.865118423360847974e-06 1.853370859987840076e-06 6.497650181668906445e-07 -1.622957480509697496e-08 -2.310474133742296449e-07 -2.104590916235127097e-07 -1.040188517985059818e-07 -5.662143831487578817e-09 4.844798005948607671e-08 5.973976158708507130e-08 4.408387078253255081e-08 2.048384776693564980e-08 1.353333302088547849e-09 -8.195462373219981436e-09 -8.919167350308495258e-09 -4.760079716202618494e-09 3.535310803161981863e-10 3.722883375194673350e-09 4.556799406030998286e-09 3.425200361275979108e-09 1.479803992376865221e-09 -1.833221339883140552e-10 -1.008071360445786940e-09 -9.634561090139845188e-10 -3.978071944701582057e-10 2.457896873512794293e-10 6.491581185640323034e-10 6.975631828916341199e-10 4.739018501683331754e-10 1.508107843444594952e-10 -1.060864289828011886e-10 -2.083407965514789575e-10 -1.614662589431291661e-10 -3.196750526757146156e-11 9.569644329676629411e-11 1.626164253749563454e-10 1.530074773381138568e-10 8.921238981459716376e-11 1.241645063956069031e-11 -4.133917419229503660e-11 -5.489827719002460229e-11 -3.316372702684588624e-11 4.568145049587930413e-12 3.682573730649716304e-11 4.963817113491441816e-11 4.124943823791438414e-11 1.981048961869944092e-11 -2.505819674286979333e-12 -1.577101250289306469e-11 -1.636624193953531006e-11 -7.049194503865513097e-12 5.554623918827169382e-12 1.480862839547817999e-11 1.705594017269329400e-11 1.255672341552587332e-11 4.619794322062567060e-12 -2.594983580648281199e-12 -6.078329125694115919e-12 -5.105361796310588874e-12 -1.119534088759355132e-12 3.392946543326725684e-12 6.192642020178280313e-12 6.280539087687790692e-12 4.085391601040120992e-12 9.911989737262132164e-13 -1.462511047251295582e-12 -2.329169672708362831e-12 -1.552342466171393928e-12 1.640457622009195514e-13 1.825965171855739256e-12 2.657118518627079713e-12 2.403470186557716644e-12 1.361363924817900925e-12 1.313502206228742224e-13 -7.074758641692419591e-13 -8.601075496072028623e-13 -4.006102917480542043e-13 3.336687863680720323e-13 9.400450704586007250e-13 1.150536140615064903e-12 9.290783552281384879e-13 4.456218204116900466e-13 -3.779575296744354787e-14 -3.072400138359901092e-13 -2.848411724269687733e-13 -4.145404504785954119e-14 2.625184622650680310e-13 4.702744572755133426e-13 4.893275909147870752e-13 3.830319058181167787e-13
-1.678966487366177171e+04 2.622405016698667168e+04 -3.761841204994492273e+03 5.245395287390764452e+02 -8.433359578312648352e+01 1.227652855754728556e+01 -2.300658996000816359e+00 2.576274756397820553e-01 -8.840778649997578509e-02 -3.766574711498528894e-03 -6.736021659055739692e-03 -1.644681191981239984e-03 -6.351677131973436970e-04 -9.937277719606107181e-05 3.374778632212694566e-05 4.963403666946547110e-05 2.791553371071638521e-05 5.673326185683433588e-06 -7.491114404982450113e-06 -1.171798803000744062e-05 -1.036524081194083614e-05 -6.771062084230707588e-06 -3.199417968389690404e-06 -7.222477904231268144e-07 4.798504401356461393e-07 7.101410969839972056e-07 4.241495123366784702e-07 1.275513849465495099e-08 -2.882572566656132209e-07 -3.990759644586254811e-07 -3.492248801131744215e-07 -2.162773704697924152e-07 -7.750651277204637485e-08 1.792986388953391569e-08 5.526250463842426082e-08 4.586605720983342412e-08 1.338290008426561627e-08 -1.941609817609900811e-08 -3.837788366755452101e-08 -3.995841188104503398e-08 -2.869788264281184657e-08 -1.264842983844345044e-08 8.445253070140085514e-10 7.733610633829011868e-09 7.741059777717028655e-09 3.286742216881996995e-09 -2.265451852807246312e-09 -6.188596241840492282e-09 -7.240487192852078819e-09 -5.706418200022257024e-09 -2.836068051455095388e-09 -7.468698152283655209e-11 1.561955077759539181e-09 1.774566538601072249e-09 9.048162563343237532e-10 -3.682456724558814959e-10 -1.385866450980236321e-09 -1.766618791309843016e-09 -1.487167158752555087e-09 -8.022560568949600264e-10 -7.274339896825643007e-11 4.060818170117006931e-10 5.087615110180930856e-10 2.914917540453046410e-10 -7.272838972445271410e-11 -3.907303287606133429e-10 -5.326445264700985010e-10 -4.709958290810046777e-10 -2.693790637643316751e-10 -3.673866177325091478e-11 1.274950757965717823e-10 1.724873151279040152e-10 1.071025015679545127e-10 -1.587150241686986770e-11 -1.305467387574283958e-10 -1.878112124239597364e-10 -1.725358173870348506e-10 -1.032046855913952990e-10 -1.772115832414102164e-11 4.613250323787398038e-11 6.657667613192787431e-11 4.399285819534747437e-11 -3.223524214184878444e-12 -4.965515573522715829e-11 -7.481773959627989131e-11 -7.091501357524867804e-11 -4.394329071905945165e-11 -8.751181759232713002e-12 1.875467587441003146e-11 2.855342621070858778e-11 1.980113080687787969e-11 -3.247040359271721847e-13 -2.097526074263065848e-11 -3.285546539248991385e-11 -3.193724661290588710e-11 -2.034535619746910590e-11 -4.486832941438751204e-12 8.363948279914853082e-12 1.331398236562048548e-11 9.589951126494675976e-12 2.762371530749850218e-13 -9.726546428406711794e-12 -1.530042608046644511e-11 -1.788479231870272923e-11
3.470817349822421420e+03 -7.663661076240828152e+03 2.420411439831809184e+04 -4.106838702810364339e+03 5.718126151396268142e+02 -1.021346087636104585e+02 1.295604981443375436e+01 -3.310715628821078393e+00 9.011236641340768239e-02 -1.971150045044861576e-01 -4.031582431604333744e-02 -2.171015866606092193e-02 -6.403934583001223702e-03 -1.762604711557543653e-03 -4.249795026415335229e-05 2.911482158104574205e-04 2.122486720483796247e-04 6.148124325952015578e-05 -4.211666769877722369e-05 -8.287470965945380717e-05 -7.936854057683713514e-05 -5.551607906673438302e-05 -2.907523052879433531e-05 -9.344483678898642177e-06 1.237352613721940317e-06 4.305091117996215296e-06 3.006002828493407901e-06 2.840553530219611240e-07 -1.944364887012433353e-06 -2.907575259047656669e-06 -2.685920260714177308e-06 -1.786254302383104094e-06 -7.677324528542957855e-07 -1.672348029016502717e-08 3.236798608331911772e-07 3.103196599092528336e-07 1.032458591277595427e-07 -1.299104962830680638e-07 -2.770490096316991339e-07 -3.016929860968110244e-07 -2.289924561681133056e-07 -1.144331165099743974e-07 -1.223051028960250501e-08 4.500285480525248712e-08 5.189977991711350248e-08 2.385314370459404836e-08 -1.526678600472835126e-08 -4.483854743824317362e-08 -5.446008061209606906e-08 -4.491897172100331284e-08 -2.459963833383516197e-08 -3.981242741703336935e-09 9.114805826046870472e-09 1.191251685349981561e-08 6.441483333359307148e-09 -2.536772356812798950e-09 -1.013261678598356092e-08 -1.331115328872569214e-08 -1.163567020104808071e-08 -6.789541919702122313e-09 -1.371839795872499468e-09 2.381811779255254695e-09 3.425423193173623062e-09 2.053507906740062874e-09 -5.247599844245057263e-10 -2.886575989579213530e-09 -4.025331190563355825e-09 -3.671399889623574592e-09 -2.241773853361767259e-09 -5.188289201402359651e-10 7.516671518706467992e-10 1.163203198614309170e-09 7.478806668782613062e-10 -1.259521508826186989e-10 -9.743976769802996986e-10 -1.422784573069881711e-09 -1.340297086244684264e-09 -8.471697203350294225e-10 -2.158130024039981811e-10 2.726571345162448470e-10 4.483700440721553506e-10 3.039100215605018932e-10 -3.217259229091400021e-11 -3.740175628878116003e-10 -5.671654647873276031e-10 -5.483304847491192193e-10 -3.561995066509121795e-10 -9.736944511893269249e-11 1.106612726489043914e-10 1.913855597036443930e-10 1.350840568079266679e-10 -8.031498178243119934e-12 -1.590585045265207585e-10 -2.487361502496485107e-10 -2.455076241693307334e-10 -1.630021287240278749e-10 -4.704176230978990166e-11 4.905455740847263195e-11 8.855293105311219374e-11 6.452442056776637396e-11 -1.490042860942097220e-12 -7.414097653747838407e-11 -1.153926467104158788e-10 -1.375000424936883781e-10
-8.387512201021822875e+02 1.275992871928684053e+03 -6.730321887036278895e+03 2.376650475641850062e+04 -4.376548735870839664e+03 6.043694362824246582e+02 -1.174379799040591195e+02 1.278251748308566427e+01 -4.420972081888407956e+00 -1.727117915153705829e-01 -3.376170539293041895e-01 -8.950211463720900151e-02 -4.003171883979694812e-02 -1.146141734225073622e-02 -2.445090729350714396e-03 3.670011295354737562e-04 6.485466659782451607e-04 2.902259047279506180e-04 -6.463579640910566268e-05 -2.438564184325289460e-04 -2.678458982897388252e-04 -2.064013283272999634e-04 -1.217919586240695019e-04 -5.129219635665927440e-05 -8.553850330322650507e-06 8.377269485050261647e-06 8.506348700037367106e-06 1.547783792943927691e-06 -5.476530267730799480e-06 -9.171815915939463969e-06 -9.128809009942604225e-06 -6.631483323169911968e-06 -3.409229104532608409e-06 -7.986116716702994721e-07 5.907681387325482495e-07 8.141312039694093770e-07 3.172577230482669768e-07 -3.714639983864225876e-07 -8.619450903352278362e-07 -9.929945358045227322e-07 -8.074340917986772012e-07 -4.622539389262132080e-07 -1.283912973658593314e-07 8.035602740081552779e-08 1.329974144358280737e-07 6.737947920126700703e-08 -4.567512889750797623e-08 -1.397026885828222714e-07 -1.769289864207181790e-07 -1.543294587956403073e-07 -9.447042167200664170e-08 -2.911225925795194562e-08 1.610398259829988995e-08 3.026298977658773583e-08 1.760447682039359517e-08 -8.159903577045823023e-09 -3.179387908742929605e-08 -4.302308646379395085e-08 -3.938984681966257432e-08 -2.526665683092913045e-08 -8.378214841938200615e-09 4.171778115772686181e-09 8.666020602922119334e-09 5.511416044560481759e-09 -1.871488056719790629e-09 -9.131784359370123532e-09 -1.298189130486608861e-08 -1.231255734139852219e-08 -8.170196564950502416e-09 -2.854382238637872867e-09 1.307541013321304867e-09 2.937109335676755377e-09 1.985116723328641926e-09 -5.176735538223516970e-10 -3.107785810175415049e-09 -4.586075909049041452e-09 -4.467010010501989555e-09 -3.042072600522953119e-09 -1.106795567045639509e-09 4.708030140864385261e-10 1.130531197996653129e-09 7.999422135907921265e-10 -1.637412372823438896e-10 -1.202193483976359728e-09 -1.828064021960510191e-09 -1.818791847990318641e-09 -1.264465023868980174e-09 -4.750157835132709793e-10 1.896504500949922845e-10 4.818486998301015948e-10 3.531954899237898339e-10 -5.761882030029122374e-11 -5.147330915050887831e-10 -8.017814245274145888e-10 -8.113327633878936853e-10 -5.734887526987841437e-10 -2.211234663683588090e-10 8.337117491416181845e-11 2.225839320907285206e-10 1.676492657308760255e-10 -2.206653229065569867e-11 -2.417799679636682615e-10 -3.715834241527818976e-10 -4.580499757470747644e-10
1.195696012032285864e+02 -3.771613990908408027e+02 1.016128877434930928e+03 -6.374583173422865002e+03 2.360040820302923021e+04 -4.559567474690372364e+03 6.249275807816361521e+02 -1.294330884066245915e+02 1.220443732150106264e+01 -5.454470228035615875e+00 -4.556720020810611227e-01 -4.783579218431443514e-01 -1.388380240846150693e-01 -5.737204134442491082e-02 -1.584728688390455234e-02 -2.896157018751086085e-03 6.630776293131906236e-04 7.347206056648824092e-04 8.540765257745449408e-05 -4.066564792357801601e-04 -5.744300546574479614e-04 -5.093602180203704631e-04 -3.454701306640719127e-04 -1.815891715460859156e-04 -6.579065716535290238e-05 -6.465976317520382283e-06 9.866470593289214158e-06 3.201690028920435149e-06 -9.554068005668344164e-06 -1.845469655404267912e-05 -2.032680347946628100e-05 -1.650477806575486421e-05 -1.015920400616727079e-05 -4.249350783970575461e-06 -4.735047332683437581e-07 8.683393058150733077e-07 4.465034598594535559e-07 -7.106991907975937032e-07 -1.725110194803961887e-06 -2.131496163436758139e-06 -1.894460874789395510e-06 -1.261766466894209764e-06 -5.658992927419623526e-07 -6.369575141174388044e-08 1.404257857507341459e-07 8.707839462975287003e-08 -9.883212229132554761e-08 -2.824456906676371135e-07 -3.742279457807997817e-07 -3.510103810856975230e-07 -2.450292096700873481e-07 -1.145493046019667080e-07 -1.283898464940666096e-08 3.206959843802164769e-08 2.192787932243029845e-08 -2.030539236997057587e-08 -6.523067772515740305e-08 -9.049489733645819002e-08 -8.796709359783850382e-08 -6.338432477037514638e-08 -3.049890889630423618e-08 -3.437674064962743365e-09 9.225868875938709542e-09 6.716909889333242223e-09 -5.412791990459445325e-09 -1.900715120582772692e-08 -2.724987891166029387e-08 -2.717371723506513397e-08 -2.003043482071741110e-08 -9.841014515551109567e-09 -1.115506002423420999e-09 3.142884759092668393e-09 2.386898573993601256e-09 -1.744830339772423099e-09 -6.554312977946781715e-09 -9.625890772820297172e-09 -9.782465496143357085e-09 -7.335618961906697909e-09 -3.662997448719293505e-09 -4.201375515897537183e-10 1.214544699981043993e-09 9.518211629629360610e-10 -6.480035633157342259e-10 -2.566135127417177765e-09 -3.839745394608642614e-09 -3.960562257816374661e-09 -3.010470329912205395e-09 -1.522994656453953856e-09 -1.769064498391747298e-10 5.192910902020177392e-10 4.169285434812545276e-10 -2.686872268190959751e-10 -1.110198197228588844e-09 -1.685874919052537077e-09 -1.759541296964092166e-09 -1.352074028322655177e-09 -6.914078858536546126e-10 -8.159563460194547869e-11 2.403361563522710437e-10 1.961970694994841332e-10 -1.221264075124070563e-10 -5.274310557065164190e-10 -7.810897996650398043e-10 -1.006561654712430781e-09
-4.957983872449903373e+01 1.849296271055791507e+01 -3.303162303839044966e+02 9.202295934488990952e+02 -6.175290145342269170e+03 2.352892790866750875e+04 -4.690311140395107032e+03 6.391829635945074415e+02 -1.388941094257562270e+02 1.154142484521745082e+01 -6.360490825923110769e+00 -7.214691594320095103e-01 -6.074749360666334974e-01 -1.846004387649807510e-01 -7.348880522161453654e-02 -2.020913558489078818e-02 -3.736442401833158303e-03 5.076825918607196907e-04 4.663586361070187259e-04 -3.377711237091547930e-04 -8.518463055143473978e-04 -9.353656175220585126e-04 -7.485763191372906333e-04 -4.768368927584924711e-04 -2.411201514164486293e-04 -8.939525232179195335e-05 -1.901115225218812622e-05 -3.631060465619970417e-06 -1.367933357943451222e-05 -2.741557304310079552e-05 -3.398258579641827784e-05 -3.149043742541020937e-05 -2.310915721108013743e-05 -1.334983920426623429e-05 -5.648355577460703866e-06 -1.447419203126615114e-06 -4.261902146340547865e-07 -1.294055298095209546e-06 -2.631370574718864264e-06 -3.455356813872584463e-06 -3.411349186812396257e-06 -2.663005911703470721e-06 -1.630540996911501420e-06 -7.285028246103032978e-07 -1.994558886576819084e-07 -7.188708399820484675e-08 -2.161606163003098495e-07 -4.441177632775011431e-07 -6.004039390206890953e-07 -6.127018011701791321e-07 -4.942224241790347000e-07 -3.119574253686130936e-07 -1.431174119425361294e-07 -4.035242216343999521e-08 -1.677001690136773094e-08 -5.112322546070998433e-08 -1.054747789915246832e-07 -1.448873445644427675e-07 -1.507469577999562021e-07 -1.240140577513841170e-07 -7.972048219058330313e-08 -3.713442192680836846e-08 -1.065426418281000449e-08 -4.940807572925433996e-09 -1.522929468794756477e-08 -3.146364176086937873e-08 -4.365830648763480757e-08 -4.600947767135429234e-08 -3.835113421097843724e-08 -2.495045594337917425e-08 -1.172882160665196452e-08 -3.398098956831979732e-09 -1.716515930287834708e-09 -5.350418394493085732e-09 -1.106189267380198787e-08 -1.545427602375594154e-08 -1.643226246477006385e-08 -1.382345592132306399e-08 -9.068030824719687534e-09 -4.288562065859694934e-09 -1.251858460646091361e-09 -6.793242449537997666e-10 -2.130718251917346468e-09 -4.403059900660900623e-09 -6.180460446486146803e-09 -6.614800153667240720e-09 -5.603067000149746619e-09 -3.698369647465598231e-09 -1.756715813810951215e-09 -5.157415089627135732e-10 -2.966434600041706736e-10 -9.349010719033803891e-10 -1.931135611238303955e-09 -2.720603271830594724e-09 -2.926657922978222584e-09 -2.492279240984508221e-09 -1.652901369411268729e-09 -7.878135024718132330e-10 -2.328596514409873002e-10 -1.419267298208343666e-10 -4.450423895106787160e-10 -9.301341011669738315e-10 -1.261722183903601852e-09 -1.706961416006336832e-09
-6.174246160072009104e+00 -3.266291439443516964e+01 1.126768065457057766e+00 -3.079819342177625572e+02 8.696856353329239937e+02 -6.047200978572040185e+03 2.350251057341588239e+04 -4.788890739645088615e+03 6.499322364291244867e+02 -1.464866326448549501e+02 1.091317581270737946e+01 -7.141584754590589057e+00 -9.615862430747346146e-01 -7.243346375985728614e-01 -2.272968418782824462e-01 -8.915323372279386482e-02 -2.498406122587627440e-02 -5.058887580681363863e-03 2.042533531610530114e-05 3.263526352404235857e-05 -8.143742787528760125e-04 -1.298514815333540661e-03 -1.287598869466044125e-03 -9.887315305001096247e-04 -6.221068779021845250e-04 -3.222083144946924298e-04 -1.349217898506798201e-04 -4.855669430107613220e-05 -2.726028600140926859e-05 -3.470130760476137013e-05 -4.577721223619936461e-05 -4.883314586631018537e-05 -4.249436229551683939e-05 -3.071978192439650995e-05 -1.850895967038957224e-05 -9.347306400281984664e-06 -4.415743421598735180e-06 -3.034255194446857946e-06 -3.625680593452822628e-06 -4.630398340173064155e-06 -5.058627933003857118e-06 -4.620227447011155818e-06 -3.549711881581001797e-06 -2.303186904003162144e-06 -1.286925645805093674e-06 -7.058002135198033795e-07 -5.448226241537610110e-07 -6.443639133825444187e-07 -8.074431552408658284e-07 -8.874616323015865288e-07 -8.284043166976494416e-07 -6.570309984942325230e-07 -4.450826916818946428e-07 -2.652904155641314455e-07 -1.604739689581781501e-07 -1.338887680080517835e-07 -1.585054989328125120e-07 -1.960535794509223285e-07 -2.154140427484533926e-07 -2.031725440184882700e-07 -1.641481900647819495e-07 -1.143846604035848477e-07 -7.139824559279808982e-08 -4.635089132646352879e-08 -4.084915793160641875e-08 -4.850191440395155989e-08 -5.943355607988542304e-08 -6.517176200043655922e-08 -6.180794661659745790e-08 -5.053143852959855400e-08 -3.591905598004276908e-08 -2.320316557067837551e-08 -1.587945389073705635e-08 -1.457527506710841181e-08 -1.737591442209786079e-08 -2.115546203785424143e-08 -2.314216541742078384e-08 -2.200993551633956748e-08 -1.813485319750847851e-08 -1.307985885519859109e-08 -8.679447226979018234e-09 -6.192432962243191233e-09 -5.866582635104774081e-09 -7.019699520826021730e-09 -8.503274288109614393e-09 -9.278120661647282061e-09 -8.837002790482732066e-09 -7.321645400788584804e-09 -5.340931661520269492e-09 -3.621730433281168770e-09 -2.671368313190157864e-09 -2.594488299101285302e-09 -3.115106795685611857e-09 -3.759437237709615161e-09 -4.093067113168392459e-09 -3.901438915438847799e-09 -3.245479448712524887e-09 -2.388878461541119673e-09 -1.649520184016102787e-09 -1.252507742116501774e-09 -1.241601874547375156e-09 -1.516671138746301083e-09 -1.747884296644752872e-09 -2.453883246941901292e-09
-8.440898599304469840e+00 -9.832700979188459200e+00 -3.366645356822269974e+01 -4.159155458050446619e+00 -2.931843873369072639e+02 8.393382569357981993e+02 -5.959052257965787248e+03 2.350187761032994968e+04 -4.866774049469237980e+03 6.585594250001887531e+02 -1.527103585807131765e+02 1.034955392722704381e+01 -7.818121118590137364e+00 -1.177976736606403563e+00 -8.309092182902401147e-01 -2.675378327901072883e-01 -1.044425044172756778e-01 -2.994813551858983500e-02 -6.564082200580568377e-03 -5.479034388470541573e-04 -4.124605872732063205e-04 -1.282052937648320854e-03 -1.745462859382438617e-03 -1.656825130292113044e-03 -1.256827727933451872e-03 -7.966304020169934740e-04 -4.264400830167371917e-04 -1.945267935457320691e-04 -8.410071454474846837e-05 -5.190834191080556778e-05 -5.508789626424329231e-05 -6.415779579388210133e-05 -6.524608019205494663e-05 -5.633175557075001584e-05 -4.158070035311371731e-05 -2.647394030140167519e-05 -1.490419437274523809e-05 -8.244868555057702428e-06 -5.797036744431844530e-06 -5.827108461709508427e-06 -6.570468966939227719e-06 -6.854724830082453004e-06 -6.268530141813100978e-06 -4.995167756151181379e-06 -3.495634352914761416e-06 -2.212490739414444713e-06 -1.393036208590647821e-06 -1.052271553478412792e-06 -1.039724954132625950e-06 -1.147938866801769211e-06 -1.207950806163608198e-06 -1.139444683096933218e-06 -9.511746179735663612e-07 -7.073247760851200057e-07 -4.830836367282012289e-07 -3.299537105654816023e-07 -2.610324048069845818e-07 -2.560368768226496796e-07 -2.782618580639992898e-07 -2.933273944582556935e-07 -2.818734982410522944e-07 -2.428238494226439098e-07 -1.885407644830034766e-07 -1.359533086109023751e-07 -9.823898006152903312e-08 -8.022558256991112239e-08 -7.836569463296376978e-08 -8.413811530395878130e-08 -8.864279004643260010e-08 -8.624360294145129967e-08 -7.602150500862448461e-08 -6.096708904605787758e-08 -4.577561462966450199e-08 -3.446197627720759264e-08 -2.880693659467499911e-08 -2.808129549499947980e-08 -2.987059482189237366e-08 -3.142017426925918952e-08 -3.083222559876865251e-08 -2.765365135502815090e-08 -2.274337946544717104e-08 -1.762374705740967791e-08 -1.369329980359399078e-08 -1.165379957895205544e-08 -1.134542444018605011e-08 -1.197643881416350104e-08 -1.257218779302244234e-08 -1.241450910872148435e-08 -1.128909934587845062e-08 -9.475088318483070041e-09 -7.529874325767814177e-09 -5.997346459204882690e-09 -5.176540764650975679e-09 -5.035989689255708429e-09 -5.283825879324225485e-09 -5.535722101144695375e-09 -5.492465534612452049e-09 -5.050713157289740489e-09 -4.311248779200590240e-09 -3.500927435452802882e-09 -2.847373119870507050e-09 -2.519273837935122966e-09 -2.356271789928743440e-09 -3.257987867769604733e-09
-4.428270452864860651e+00 -7.235458756998376373e+00 -1.223031346469640113e+01 -3.271111202549928265e+01 -5.909666366691735284e+00 -2.822283113639763314e+02 8.196736994308222393e+02 -5.896049617996899542e+03 2.351811200236004515e+04 -4.930831699149643100e+03 6.658078461431312007e+02 -1.579254597667120095e+02 9.850578782653409249e+00 -8.410411226990168743e+00 -1.373674495989704480e+00 -9.283921051679999703e-01 -3.051762737103241308e-01 -1.189646569287420297e-01 -3.474192591550596954e-02 -8.030496140057729118e-03 -1.106486071976173994e-03 -8.636993625894954282e-04 -1.772271545582166426e-03 -2.225666960688661277e-03 -2.060391593774615806e-03 -1.552236075170854374e-03 -9.879049015509189409e-04 -5.378499888441217857e-04 -2.553538777849959410e-04 -1.189238973737531457e-04 -7.673172267783263684e-05 -7.764745019510676312e-05 -8.635168436315832021e-05 -8.600954774324889266e-05 -7.393791383770786452e-05 -5.496698439914701756e-05 -3.564818753420459762e-05 -2.072809726313030134e-05 -1.194816175137794194e-05 -8.510973163085068865e-06 -8.299795600123415089e-06 -9.101895197134815766e-06 -9.400048330754135858e-06 -8.617865846622797162e-06 -6.943080707411287927e-06 -4.945254777791983077e-06 -3.199718386162499071e-06 -2.048759372103843468e-06 -1.536744132155388024e-06 -1.482732646453177933e-06 -1.615982209757918108e-06 -1.703471968405772019e-06 -1.623660823541030744e-06 -1.375536428754648977e-06 -1.039411636617428805e-06 -7.185951649428281611e-07 -4.899314224455428412e-07 -3.792931772353879552e-07 -3.642962190882331412e-07 -3.954410028471835415e-07 -4.223053042525953227e-07 -4.132369263022101119e-07 -3.625119508733420696e-07 -2.854585339086417716e-07 -2.065338560881565641e-07 -1.468247987959652263e-07 -1.160560716809462206e-07 -1.111436648616230282e-07 -1.202910988662812016e-07 -1.296639745467973286e-07 -1.293632964938117182e-07 -1.164618658214452474e-07 -9.453994979071277217e-08 -7.069125160968692188e-08 -5.176367936603320445e-08 -4.152282910971938950e-08 -3.969426812534358880e-08 -4.287270389308000493e-08 -4.653829767003528983e-08 -4.712487794841303423e-08 -4.328049082986674440e-08 -3.596563013294822718e-08 -2.757650482038563162e-08 -2.064717704880727559e-08 -1.674608832806985782e-08 -1.598615324455458571e-08 -1.723573444129468027e-08 -1.881104765233846106e-08 -1.927475249795539587e-08 -1.798773746870304187e-08 -1.522891882011093535e-08 -1.190945602043369782e-08 -9.071621997395289693e-09 -7.420063947654140737e-09 -7.075733766136464321e-09 -7.618574901194133232e-09 -8.352154877290188755e-09 -8.642049392891401481e-09 -8.172649567352083446e-09 -7.030594077465134992e-09 -5.589378633030634962e-09 -4.376146806848311261e-09 -3.458038588252062632e-09 -4.518019582709021746e-09
-2.804025433050424176e+00 -3.740274842051314774e+00 -8.136875622649322182e+00 -1.226045727366110683e+01 -3.125718357039900752e+01 -6.187918095132377339e+00 -2.737772284941952421e+02 8.062745674686478878e+02 -5.850189367257104095e+03 2.354662499906825542e+04 -4.985382879194449742e+03 6.721173528395547692e+02 -1.623859258866328616e+02 9.410148784922315102e+00 -8.933899481581288882e+00 -1.550786065719932383e+00 -1.017357779125683592e+00 -3.399858861995413983e-01 -1.324944907148777606e-01 -3.925451415389223653e-02 -9.450087770634321357e-03 -1.694221132842220609e-03 -1.361844819110710108e-03 -2.305102372433779408e-03 -2.735686734214854473e-03 -2.479707612263784208e-03 -1.852443358749003219e-03 -1.178084499042202559e-03 -6.470594347918246815e-04 -3.159532630054978620e-04 -1.564476924402954656e-04 -1.064638843170889710e-04 -1.058087946001220970e-04 -1.133935814199009840e-04 -1.100337853706936854e-04 -9.313281614512735316e-05 -6.874369102567183987e-05 -4.470597675412333602e-05 -2.652036889601802830e-05 -1.601362428038427457e-05 -1.198596520904731907e-05 -1.173327239824483741e-05 -1.253729771967422647e-05 -1.260296333721725523e-05 -1.131685834818170902e-05 -8.991760685397854380e-06 -6.372823076601367618e-06 -4.169273290412015812e-06 -2.770486473287108957e-06 -2.184944316090370648e-06 -2.148874665792034442e-06 -2.306128879330469985e-06 -2.368753531544810509e-06 -2.202699323060007497e-06 -1.828939197894146789e-06 -1.364978164622147653e-06 -9.464979966491770571e-07 -6.652485566314750869e-07 -5.423293653376537885e-07 -5.373392107751044569e-07 -5.798142476426770926e-07 -6.044677193993482908e-07 -5.753173459591259490e-07 -4.919545898555280838e-07 -3.800637844032740721e-07 -2.739011630358789072e-07 -1.997146078166702993e-07 -1.665131131569005614e-07 -1.661026926928679576e-07 -1.801840501475837551e-07 -1.899824544504854130e-07 -1.839185041831505408e-07 -1.606399362592270159e-07 -1.271995687662535810e-07 -9.418614090821622691e-08 -7.045525077036956836e-08 -5.970612478174525430e-08 -5.992634220374149338e-08 -6.533480175495334732e-08 -6.951008925205619685e-08 -6.816657831958257500e-08 -6.049479610048026396e-08 -4.879156571758024818e-08 -3.686304288789336409e-08 -2.810367256483599258e-08 -2.411302395321977981e-08 -2.432864303046121824e-08 -2.664082305718108326e-08 -2.855055384184484909e-08 -2.828699565432946652e-08 -2.541991779109843373e-08 -2.079854811979390568e-08 -1.595946486245359880e-08 -1.234479759570908233e-08 -1.069429454340476169e-08 -1.083884629774867340e-08 -1.191687120644297968e-08 -1.285137216252989443e-08 -1.284326461708078787e-08 -1.166517946106092584e-08 -9.673560406635591551e-09 -7.561405714480848098e-09 -5.898865653019121326e-09 -6.510559864953014924e-09
-1.517350290654340350e+00 -2.056521015317395396e+00 -4.181119290899864005e+00 -7.800408856281359604e+00 -1.167547544598586562e+01 -2.972931416045365438e+01 -5.884310022800681494e+00 -2.671305826553698353e+02 7.968313832416553169e+02 -5.816718505786051537e+03 2.358487770005721541e+04 -5.033256109938584814e+03 6.777718066908140599e+02 -1.662709650515068631e+02 9.022059974943889671e+00 -9.400214129583012834e+00 -1.711178633338779065e+00 -1.098541670522592995e+00 -3.721054262236804244e-01 -1.451094833346480983e-01 -4.355436302976122692e-02 -1.087644313968872019e-02 -2.334501773989474185e-03 -1.900130867057927501e-03 -2.854910207646949982e-03 -3.245356614846821482e-03 -2.890949675512428409e-03 -2.144721212573878679e-03 -1.364761255754757575e-03 -7.580125711920003475e-04 -3.820396717307010439e-04 -2.008001008081447384e-04 -1.422467349373428963e-04 -1.380611143322399968e-04 -1.424231988483260717e-04 -1.345382662971496605e-04 -1.121740940817347263e-04 -8.247560685422267472e-05 -5.421229793386479626e-05 -3.325922165653919383e-05 -2.127594558326059620e-05 -1.659070711925902640e-05 -1.599536332374549427e-05 -1.642366378249696365e-05 -1.595041013254329510e-05 -1.400715045057584598e-05 -1.103333675652419547e-05 -7.891759890892522387e-06 -5.346535571444938722e-06 -3.770668084880771129e-06 -3.109804512430773557e-06 -3.028102236955592847e-06 -3.118437661959821528e-06 -3.076097699765635080e-06 -2.779923255157579497e-06 -2.278110253221953205e-06 -1.712943731811824189e-06 -1.231480143897783194e-06 -9.212694309977986052e-07 -7.887662146813966262e-07 -7.768628624134082887e-07 -8.035851331959616926e-07 -8.006724713435502098e-07 -7.366694440079250384e-07 -6.192453640301226696e-07 -4.812061086322361609e-07 -3.599313318282383235e-07 -2.801730357747316424e-07 -2.463447222392519707e-07 -2.450977601487056519e-07 -2.546796084754096384e-07 -2.556347784262811771e-07 -2.381465152665961383e-07 -2.037634505744524119e-07 -1.620485009777617725e-07 -1.246551487403196679e-07 -9.983590603511450314e-08 -8.956422705832381353e-08 -8.991192693517973624e-08 -9.383815078249545337e-08 -9.472892107023104072e-08 -8.905052582116888084e-08 -7.718187561737124541e-08 -6.243839987386948993e-08 -4.904897123966484770e-08 -4.014201981259818514e-08 -3.658533409630715009e-08 -3.700811389027445157e-08 -3.877473059554059482e-08 -3.932089147178577789e-08 -3.722098454044577982e-08 -3.258016130157811308e-08 -2.670550117825551036e-08 -2.132217642737831898e-08 -1.774732188009316244e-08 -1.638180525615926527e-08 -1.668165644196066530e-08 -1.754366230676604097e-08 -1.786074741943834980e-08 -1.702898834482683420e-08 -1.497811026945250513e-08 -1.278530556433339951e-08 -9.218987451972397118e-09 -1.302765182703993942e-08
-7.223305670432711434e-01 -9.974439382634745499e-01 -2.153946390188544058e+00 -3.871951860699867520e+00 -7.214947845236164170e+00 -1.093929271297067096e+01 -2.834727984827179625e+01 -5.386401621735295464e+00 -2.618475015135032891e+02 7.900475096712169716e+02 -5.792614625863054243e+03 2.363138996421925549e+04 -5.076372487148873006e+03 6.829653894856625129e+02 -1.697099857145672956e+02 8.680255968725306914e+00 -9.818892533535237277e+00 -1.856950704171052680e+00 -1.172956996402546137e+00 -4.018946988015288935e-01 -1.569652172368546650e-01 -4.769068375214046557e-02 -1.230281168497860018e-02 -2.993387694284072205e-03 -2.439284414009292024e-03 -3.391063341898129316e-03 -3.738291270315355960e-03 -3.290725945404858119e-03 -2.433608022623743022e-03 -1.554693137878909032e-03 -8.755430646685359369e-04 -4.548090844196390602e-04 -2.499567695977650359e-04 -1.804368869993707542e-04 -1.708903438676329480e-04 -1.712224861595492580e-04 -1.589224179015608031e-04 -1.316970375634889774e-04 -9.731264996920796452e-05 -6.514990389310811687e-05 -4.136594819581001023e-05 -2.755192230445838630e-05 -2.175614287644278653e-05 -2.044767321355398415e-05 -2.031340661405647152e-05 -1.930106350168159154e-05 -1.681751462010614722e-05 -1.333358667354646157e-05 -9.753228988840895956e-06 -6.863093738836835870e-06 -5.032906051320895628e-06 -4.186949805391099492e-06 -3.963117796616935580e-06 -3.933638592687106495e-06 -3.783128819723922928e-06 -3.388302210097949192e-06 -2.799390278458839790e-06 -2.160654922088002993e-06 -1.618839906874913446e-06 -1.258977188108432478e-06 -1.084232821773869713e-06 -1.034981861077806324e-06 -1.028245517975796146e-06 -9.960006371129947837e-07 -9.073951794252926695e-07 -7.701935454344103084e-07 -6.164077723663453130e-07 -4.819617626730480339e-07 -3.901022859933796036e-07 -3.443032752062216599e-07 -3.311301633588567678e-07 -3.294516837594340100e-07 -3.206785758404835852e-07 -2.955878421352803952e-07 -2.557299987946951192e-07 -2.100807815250949013e-07 -1.694020504837494033e-07 -1.411483739273240647e-07 -1.269027960960299080e-07 -1.228508453902167890e-07 -1.224307409263695498e-07 -1.195913237351381304e-07 -1.111644999925024110e-07 -9.754247606502742782e-08 -8.172530233944306294e-08 -6.746574545846115356e-08 -5.747495841270377711e-08 -5.242891823708599713e-08 -5.103753094604645256e-08 -5.094049878442711237e-08 -4.989062610991946533e-08 -4.667055655911646829e-08 -4.140185500788170695e-08 -3.522876268146767959e-08 -2.962470504419630729e-08 -2.568419411691437535e-08 -2.370745404594626421e-08 -2.319151823108210769e-08 -2.321207971512142434e-08 -2.273508633672014631e-08 -2.175998266116538604e-08 -1.839871672557865680e-08 -2.030879017768324878e-08 -1.159881117310920155e-08
-2.371652502970985898e-01 -4.149857335407259318e-01 -9.445530256106274836e-01 -1.879399914963743257e+00 -3.463015869180047446e+00 -6.632861355781536794e+00 -1.025419700101314469e+01 -2.717394119311105527e+01 -4.856983828372957390e+00 -2.576157019704619415e+02 7.851539669288897585e+02 -5.775856889510231667e+03 2.368526259252988530e+04 -5.116081501586241757e+03 6.878353301736691492e+02 -1.727994500967977274e+02 8.378692890600891729e+00 -1.019803725829490837e+01 -1.990205966489185130e+00 -1.241587608230924733e+00 -4.296628950773418443e-01 -1.681353337468167453e-01 -5.164139354517132546e-02 -1.368354417732706163e-02 -3.632443987456118566e-03 -2.958537847111556481e-03 -3.909205303740099710e-03 -4.220010094941438993e-03 -3.687217236668763158e-03 -2.724841365133435188e-03 -1.749138554844407306e-03 -9.970043711976966146e-04 -5.296945207219531200e-04 -2.995573951407075265e-04 -2.182794458358956150e-04 -2.035157704277724196e-04 -2.005086097786127339e-04 -1.845242961244653458e-04 -1.528393225760048258e-04 -1.137213766468000298e-04 -7.726638474598412464e-05 -5.013364328357030150e-05 -3.405933879578817048e-05 -2.693430023305136501e-05 -2.491195094049217866e-05 -2.435245589421746436e-05 -2.296468875264433667e-05 -2.004023261724213712e-05 -1.604248576988303828e-05 -1.193166303246863812e-05 -8.565988531674862305e-06 -6.366343676063613839e-06 -5.271838194254676896e-06 -4.901502429202161162e-06 -4.789167637299955596e-06 -4.578857221384616530e-06 -4.118009345113607149e-06 -3.444938161526378125e-06 -2.707836511218475343e-06 -2.066618260406084959e-06 -1.620672943027216229e-06 -1.382388711862060703e-06 -1.293463814067248918e-06 -1.265267051553828677e-06 -1.220528831861233328e-06 -1.119586626033597375e-06 -9.648444497012321549e-07 -7.874938532413007542e-07 -6.263342992335060739e-07 -5.091230441893224249e-07 -4.432358772270573622e-07 -4.169967920626956829e-07 -4.085168950239362188e-07 -3.966381644621053298e-07 -3.690566118939145655e-07 -3.249991505235879095e-07 -2.726158707955168425e-07 -2.233535814012994792e-07 -1.862711110590992025e-07 -1.646224051149262145e-07 -1.556054965981327081e-07 -1.526848942053182516e-07 -1.489841323669663917e-07 -1.401220387857951596e-07 -1.254380702264033344e-07 -1.074341417549862637e-07 -9.002214480681429092e-08 -7.654557258123859947e-08 -6.843635601374273816e-08 -6.493920740028932788e-08 -6.380989455277924639e-08 -6.250701234232838780e-08 -5.928864160343500377e-08 -5.377161531144330739e-08 -4.682019981045905616e-08 -3.993558203836937506e-08 -3.448034916611432835e-08 -3.114956071076240883e-08 -2.961538608207434082e-08 -2.957401989971459163e-08 -2.797465982953470027e-08 -3.124603652206997356e-08 -2.655032939890381558e-08 9.548329161109596856e-09
3.330824249206718220e-03 -1.122349341453697386e-01 -3.131261335211643071e-01 -7.480159200402886066e-01 -1.605557047018571604e+00 -3.103234957344086276e+00 -6.145828714332612464e+00 -9.675256086217833840e+00 -2.620074357663798281e+01 -4.354420072309708623e+00 -2.542049204678780541e+02 7.816702016212483386e+02 -5.765043844548670677e+03 2.374593109608095256e+04 -5.153360291950756618e+03 6.924809835595905270e+02 -1.756129930886468458e+02 8.111789231640733178e+00 -1.054432565076136008e+01 -2.112727591786209391e+00 -1.305199117952880350e+00 -4.556042929854545176e-01 -1.786398571045035577e-01 -5.537970041688883988e-02 -1.499719636745878125e-02 -4.246404832208467567e-03 -3.464341886130887106e-03 -4.419242817817058307e-03 -4.697551239408922705e-03 -4.082006224427624057e-03 -3.015225408214889258e-03 -1.942551650305370360e-03 -1.117096057574285331e-03 -6.033356862843829290e-04 -3.486200773794579906e-04 -2.565895684740911978e-04 -2.374926843814448621e-04 -2.315946309922785611e-04 -2.118571065765113978e-04 -1.752630130219933065e-04 -1.308317157110111084e-04 -8.961150825294924172e-05 -5.889786065535910971e-05 -4.057704360601710036e-05 -3.229011404695960420e-05 -2.974717977060175388e-05 -2.887857676703363912e-05 -2.711067014929130091e-05 -2.363797185826513303e-05 -1.897366097467398689e-05 -1.419759321577755748e-05 -1.028177545493744744e-05 -7.707019495365048499e-06 -6.406727567886629777e-06 -5.946242080289197478e-06 -5.789264167606555981e-06 -5.522777339660496752e-06 -4.967038189147850006e-06 -4.164060977296571516e-06 -3.285664038736106715e-06 -2.519637852806228477e-06 -1.984366193970993765e-06 -1.696167309756446009e-06 -1.587053037914841130e-06 -1.551724736741619752e-06 -1.497208537397371304e-06 -1.374893077838245764e-06 -1.186798809279541658e-06 -9.702949417117016646e-07 -7.727393144734518412e-07 -6.286175130052005753e-07 -5.476637491927535331e-07 -5.159911448142727544e-07 -5.066655533317256690e-07 -4.932143332493297617e-07 -4.599273754180391583e-07 -4.055073390187394045e-07 -3.400631304365114025e-07 -2.781388699120012226e-07 -2.314720944915603441e-07 -2.044900371600605887e-07 -1.938057480027003618e-07 -1.910737385366493804e-07 -1.873377074410331173e-07 -1.767698594650068791e-07 -1.583778827883972098e-07 -1.353784032204633159e-07 -1.129484071051177754e-07 -9.560380480598868602e-08 -8.536123096607904034e-08 -8.129912510472655381e-08 -8.043928624094735120e-08 -7.933473745201125843e-08 -7.557322734281191628e-08 -6.858258517403463469e-08 -5.951269108096804722e-08 -5.046829594411906006e-08 -4.324378603114170025e-08 -3.943907350351937086e-08 -3.650167524733641036e-08 -4.151928558997947563e-08 -3.817627701914244447e-08 -1.371524603511947547e-09 -4.423569423744386752e-10
9.052065867369193941e-02 1.766977355587969617e-02 -2.247736519145535072e-02 -1.978381762494500762e-01 -5.955067092683931085e-01 -1.399967367048358780e+00 -2.826890515194445452e+00 -5.759006269148555290e+00 -9.198366548792879627e+00 -2.539450711614455614e+01 -3.894267661675819614e+00 -2.514454804077765004e+02 7.792798655721851446e+02 -5.759175800349254132e+03 2.381303348756126070e+04 -5.188934907990218562e+03 6.969763363072225957e+02 -1.782075453508428780e+02 7.874833926258069106e+00 -1.086309613519218686e+01 -2.225938358353634516e+00 -1.364393461676738806e+00 -4.798831786495107998e-01 -1.885223181420639660e-01 -5.891862202537729437e-02 -1.625552467949533536e-02 -4.847309771201664327e-03 -3.964924976373291991e-03 -4.923135201671313688e-03 -5.167330695722229320e-03 -4.468714382603207295e-03 -3.298607738454248980e-03 -2.131012626812031803e-03 -1.234667222062992183e-03 -6.766794034108496647e-04 -3.989511220283383170e-04 -2.968802556721841790e-04 -2.733887706580521906e-04 -2.640476677887871053e-04 -2.398670192566161846e-04 -1.978270325223275520e-04 -1.478452560836463316e-04 -1.019126465385194818e-04 -6.784214363716085949e-05 -4.751745801353869555e-05 -3.821147170193611427e-05 -3.514420507363202022e-05 -3.384116759900192062e-05 -3.151503036891164193e-05 -2.733760976341095640e-05 -2.192065630581638161e-05 -1.647335013999535623e-05 -1.205733197658834454e-05 -9.172922296950007030e-06 -7.711175689796333975e-06 -7.164838420864747396e-06 -6.929948520601689176e-06 -6.554461148175808231e-06 -5.854134402787832602e-06 -4.891631695035479017e-06 -3.867784664473123706e-06 -2.992245380804338880e-06 -2.389793438470160558e-06 -2.068037061060830109e-06 -1.941853246721405266e-06 -1.889054453371266080e-06 -1.806610119697562083e-06 -1.644950897418581018e-06 -1.412232701740673288e-06 -1.154580362661404032e-06 -9.261901228848708385e-07 -7.637673432100400431e-07 -6.745075645289601911e-07 -6.391547107560630795e-07 -6.253248671815393472e-07 -6.032557642069399458e-07 -5.569954939715293013e-07 -4.874801376959256995e-07 -4.080216856505130395e-07 -3.357159685846178286e-07 -2.831729523996088911e-07 -2.539027163732381556e-07 -2.424945435064963857e-07 -2.385115210732343046e-07 -2.317246450453290754e-07 -2.162336091049579042e-07 -1.919753778718937228e-07 -1.635045850364076572e-07 -1.370788390714109434e-07 -1.175961981888854553e-07 -1.066926037989887393e-07 -1.025807492175858499e-07 -1.013754451608662928e-07 -9.907626033878503829e-08 -9.324015050515225967e-08 -8.376074473002854329e-08 -7.226575683793431292e-08 -6.204110411914439506e-08 -5.261706451346419384e-08 -5.410870793395251781e-08 -4.923106031896382720e-08 -8.477634423881656341e-09 -1.076198356809713146e-08 -7.554650222279869737e-09
8.479999848535008100e-02 5.119024303363204492e-02 7.046002100131081025e-02 2.364491564708236931e-02 -1.357233375235953887e-01 -5.035080802049609616e-01 -1.258947006425214621e+00 -2.619109105730489606e+00 -5.450917644925546313e+00 -8.803475045849628700e+00 -2.472176440580668810e+01 -3.477994444288063924e+00 -2.492130096318626329e+02 7.777653525975757702e+02 -5.757522315182274724e+03 2.388633656854479341e+04 -5.223356710510886842e+03 7.013781650167023827e+02 -1.806275823583049487e+02 7.663975039967375835e+00 -1.115866213214904690e+01 -2.331041968352478122e+00 -1.419717995157799395e+00 -5.026887453232399272e-01 -1.978591478304443652e-01 -6.229028914969751002e-02 -1.747202159362969826e-02 -5.437628628316726678e-03 -4.455909260950977925e-03 -5.413525472565770130e-03 -5.622459314464589575e-03 -4.843087187142057319e-03 -3.573890640927447973e-03 -2.315769301483245127e-03 -1.351881876821987502e-03 -7.514915672553274190e-04 -4.511868394690039807e-04 -3.386143326152877371e-04 -3.099469461419482254e-04 -2.965162392505087596e-04 -2.676080552441440202e-04 -2.202015223631005028e-04 -1.649648231700066067e-04 -1.146395330573954770e-04 -7.740820972748807701e-05 -5.509418983715739187e-05 -4.463280743053528996e-05 -4.083758704968251549e-05 -3.891897865539889636e-05 -3.593467511505350672e-05 -3.104580086496945280e-05 -2.493465633482498182e-05 -1.889264909704757009e-05 -1.402845351081819883e-05 -1.084000225451926878e-05 -9.178913892114627597e-06 -8.486185393103073759e-06 -8.116351303140091603e-06 -7.597822990671758203e-06 -6.748018693353129267e-06 -5.643329799160396728e-06 -4.499172032385501032e-06 -3.532624968700548134e-06 -2.866392996748119188e-06 -2.499159236971183917e-06 -2.335127485909134817e-06 -2.244324873863424058e-06 -2.121066449261986506e-06 -1.917730701465151699e-06 -1.646631291857583741e-06 -1.357516779217024993e-06 -1.105866086619824067e-06 -9.270346161034907759e-07 -8.252367870474619970e-07 -7.781541291504885974e-07 -7.515407093107169862e-07 -7.154617524718085002e-07 -6.551213561474019983e-07 -5.730611183425198513e-07 -4.837466933448888357e-07 -4.044615111551781683e-07 -3.470661162644011124e-07 -3.138419503334025866e-07 -2.982717302181168195e-07 -2.893811162228297908e-07 -2.770906511057942372e-07 -2.561270466870376177e-07 -2.271438666204108200e-07 -1.951390423652682195e-07 -1.663611223058044992e-07 -1.453029594470865130e-07 -1.330273584679156302e-07 -1.272806352676815882e-07 -1.239927608259992334e-07 -1.193470108572259033e-07 -1.110861746042556513e-07 -1.002128064258823390e-07 -8.581371733337972306e-08 -8.087172870865479309e-08 -6.873551924106186083e-08 -1.798390377750760244e-08 -1.923547265337725517e-08 -1.455843333508071113e-08 -1.946024186206787234e-08
4.116652397043416012e-02 3.835822383323478357e-02 6.462453833923471891e-02 6.896233381447298971e-02 2.761027282447087172e-02 -1.145499420376819844e-01 -4.510230907177100179e-01 -1.159403477590838394e+00 -2.457658168895634709e+00 -5.200079033730564682e+00 -8.472563809046548045e+00 -2.415652584242063128e+01 -3.103427797067455529e+00 -2.474153758239068566e+02 7.769723267902446651e+02 -5.759538205283018215e+03 2.396569263473745741e+04 -5.257052619723617681e+03 7.057310894416776819e+02 -1.829083686071768113e+02 7.475980547851630575e+00 -1.143462644473536294e+01 -2.429118713742986824e+00 -1.471688202293506276e+00 -5.242113309430185275e-01 -2.067217454578199609e-01 -6.551370036820435006e-02 -1.864498012071641800e-02 -6.008949539541068481e-03 -4.929214079071299326e-03 -5.885731085346420852e-03 -6.062113417348387670e-03 -5.207005372432418032e-03 -3.843889332320428193e-03 -2.499033078438066269e-03 -1.469537092929564578e-03 -8.271525993146898329e-04 -5.038538806323847926e-04 -3.802091035371145422e-04 -3.460597773310546826e-04 -3.286101926406378299e-04 -2.953072427222062902e-04 -2.429211485378621595e-04 -1.826917266897490550e-04 -1.280301735304107498e-04 -8.751316653290016842e-05 -6.299567248248347934e-05 -5.117989737107488796e-05 -4.654416053288442376e-05 -4.400158034914700215e-05 -4.042537998020468370e-05 -3.491307945362290998e-05 -2.816865726283811406e-05 -2.154011474588890459e-05 -1.618594838539378559e-05 -1.262526765191471737e-05 -1.070015275497918532e-05 -9.822261141914155575e-06 -9.311826774966720682e-06 -8.669929894867395631e-06 -7.699228278677538475e-06 -6.473379369110596829e-06 -5.212718266288407158e-06 -4.141511856253022176e-06 -3.387766799903291542e-06 -2.951623397808954049e-06 -2.735041077739787883e-06 -2.603554687390325063e-06 -2.446552541611665897e-06 -2.212505619058520388e-06 -1.911562931535439533e-06 -1.593048773696937052e-06 -1.313241127686433791e-06 -1.108785125495866444e-06 -9.849992399802896376e-07 -9.200401270116998105e-07 -8.793748897236909399e-07 -8.321685022015266466e-07 -7.624441631696031047e-07 -6.716636020911301147e-07 -5.736113645353067543e-07 -4.854147209277122790e-07 -4.192338686732996388e-07 -3.778879970809138722e-07 -3.553641745927292787e-07 -3.409378019601333373e-07 -3.244310832112235590e-07 -3.001791026265719798e-07 -2.683164068033019554e-07 -2.333948201890876270e-07 -2.014401803250714461e-07 -1.769962152227318311e-07 -1.613721812592942474e-07 -1.526808648994445655e-07 -1.469132844434739045e-07 -1.411472962969725587e-07 -1.299426134875191434e-07 -1.248879880940238691e-07 -1.070882986036534698e-07 -4.280808099841993076e-08 -3.626810437801727596e-08 -2.661540955774867837e-08 -2.403137907541978745e-08 -3.347164240150539795e-08
-4.998143863064801080e-03 1.102247682535062792e-02 2.303681436627025292e-02 3.836039011001821097e-02 4.414983001284153441e-02 1.265359213345681327e-02 -1.101487868991929686e-01 -4.169652703382749626e-01 -1.083368613201232566e+00 -2.327266558319537104e+00 -4.992165732942879686e+00 -8.193037716276618809e+00 -2.367964446863654615e+01 -2.767190443421781776e+00 -2.459826609604419048e+02 7.767889643733020648e+02 -5.764809229588747257e+03 2.405101256440712314e+04 -5.290359346296805597e+03 7.100707481456981895e+02 -1.850783443202862202e+02 7.308064752291165256e+00 -1.169404399307873810e+01 -2.521121646434889563e+00 -1.520753169515143277e+00 -5.446066680566629126e-01 -2.151573828763863883e-01 -6.859364115351711255e-02 -1.976825762942212641e-02 -6.556158102314467960e-03 -5.383970977407161358e-03 -6.342273550619539381e-03 -6.490026130118458844e-03 -5.563456180232844751e-03 -4.109825414659189040e-03 -2.680258294053475612e-03 -1.586009243709127301e-03 -9.018622849854715474e-04 -5.556788609906175482e-04 -4.212113146340628928e-04 -3.819833023506780416e-04 -3.609388401576328013e-04 -3.235347330825684409e-04 -2.662531790546843148e-04 -2.009253124078853056e-04 -1.417227559695189408e-04 -9.772469777642277115e-05 -7.089484537566912814e-05 -5.772375834694235360e-05 -5.232493013528044496e-05 -4.925799890213442207e-05 -4.515883489651858226e-05 -3.903324937374188857e-05 -3.160989119391522257e-05 -2.431943545260607738e-05 -1.840352231807514360e-05 -1.442758546746052552e-05 -1.223238967425332680e-05 -1.119165610427839510e-05 -1.057294657482694364e-05 -9.831499199691848858e-06 -8.744288638150100109e-06 -7.381918248509667049e-06 -5.977935030655368228e-06 -4.775516584512711875e-06 -3.917524650783659242e-06 -3.409323220496950490e-06 -3.148097223103225540e-06 -2.988286110693179633e-06 -2.807194525798281049e-06 -2.544783480648101726e-06 -2.208462550348592601e-06 -1.850098942663014461e-06 -1.531387787432219019e-06 -1.294277226815501950e-06 -1.146990720162772198e-06 -1.067354566934399821e-06 -1.017914664371811113e-06 -9.638963567271156459e-07 -8.860561556170975519e-07 -7.843735151500518013e-07 -6.731276080376984171e-07 -5.712831985666344141e-07 -4.931251984153100152e-07 -4.429088631899492478e-07 -4.148542898804784466e-07 -3.973408190731339789e-07 -3.786962245962118111e-07 -3.518545977392762384e-07 -3.161835163887140723e-07 -2.762981066616732509e-07 -2.389247636110443181e-07 -2.095987030702876188e-07 -1.901611476105011227e-07 -1.798811893570442051e-07 -1.710726091047072454e-07 -1.722038986764222991e-07 -1.575987080070853580e-07 -8.615820947447499491e-08 -7.377691543561100117e-08 -5.428029253781339299e-08 -4.461096752931846668e-08 -3.830554450508725448e-08 -5.119415187554316323e-08
-3.522999510443046434e-02 -1.303891750442422691e-02 -1.812004720214002024e-02 -9.099161565187275161e-03 6.921407938742051187e-03 1.827942663931130321e-02 -2.571160447977158692e-03 -1.085057097060749820e-01 -3.906403608622570078e-01 -1.022051434371297862e+00 -2.219836728544120952e+00 -4.818304167810522287e+00 -7.955850334810086188e+00 -2.327629654905869927e+01 -2.465165671423132032e+00 -2.448606118141613308e+02 7.771326339869488038e+02 -5.773016226710316005e+03 2.414224850267597867e+04 -5.323547128037065704e+03 7.144260236730801807e+02 -1.871607547555043709e+02 7.157842217563803899e+00 -1.193948515485804229e+01 -2.607856171446851334e+00 -1.567283198990941040e+00 -5.639975961410275129e-01 -2.232028544362518185e-01 -7.153750035374281668e-02 -2.084394658563912262e-02 -7.082533326638332932e-03 -5.824585924814044101e-03 -6.786913679357703226e-03 -6.908052347782487300e-03 -5.912234900644144052e-03 -4.370146815850507044e-03 -2.857570976268114342e-03 -1.699936080786116710e-03 -9.751405424090184076e-04 -6.069643444222193535e-04 -4.623158457698429763e-04 -4.183646777912737981e-04 -3.938038817259423914e-04 -3.521735967849017198e-04 -2.897839003771417675e-04 -2.191720728455941213e-04 -1.553437013095107424e-04 -1.078943310213469916e-04 -7.885880639672913223e-05 -6.445379354732804216e-05 -5.837207714351107121e-05 -5.479206610856120462e-05 -5.011831223703529616e-05 -4.329536032207032870e-05 -3.511393385376373495e-05 -2.711506167351784884e-05 -2.063219436592247415e-05 -1.626714122799066540e-05 -1.383872470334333431e-05 -1.266211990663846492e-05 -1.194014894881111064e-05 -1.108196878540432324e-05 -9.848207045604180171e-06 -8.319544129243464393e-06 -6.753430109250200254e-06 -5.416180886500282469e-06 -4.462707895485932648e-06 -3.896235159568242451e-06 -3.601173245836843317e-06 -3.415701522816360172e-06 -3.204366243284305573e-06 -2.901905567412298034e-06 -2.518138349461705975e-06 -2.111969262143532646e-06 -1.752549498279443302e-06 -1.486261002550344256e-06 -1.321310701131354818e-06 -1.231803200753710212e-06 -1.175020043246654029e-06 -1.111774511728468307e-06 -1.020847722247016970e-06 -9.029516428406337155e-07 -7.749001977846883151e-07 -6.585118834577640669e-07 -5.699105801956624788e-07 -5.135217709995345824e-07 -4.822444128840869057e-07 -4.624297166195944045e-07 -4.406227348354316156e-07 -4.089130156941442994e-07 -3.669242440235652993e-07 -3.203834692562614520e-07 -2.770449004345697620e-07 -2.443140684485296560e-07 -2.204408136856713626e-07 -2.174364499102872268e-07 -2.051728466743594088e-07 -1.329483792620399709e-07 -1.242212891756159238e-07 -1.024954707776144050e-07 -8.548274074515586932e-08 -7.185227098747772049e-08 -6.054628775574284689e-08 -7.506539880169637430e-08
-4.392483390549987293e-02 -2.641567186483676638e-02 -4.268065594175182720e-02 -4.394184029184673712e-02 -3.381044288750888194e-02 -1.489955936110687329e-02 1.003504993073581816e-03 -1.232202392323122377e-02 -1.059762114021792351e-01 -3.690124985918472600e-01 -9.719051495925297157e-01 -2.130712863500410226e+00 -4.672101251345329942e+00 -7.753691145319579370e+00 -2.293447184846754183e+01 -2.193061145154088010e+00 -2.440066409565854997e+02 7.779410221931734668e+02 -5.783910632395769426e+03 2.423938262578660215e+04 -5.356836361433870479e+03 7.188207300480153208e+02 -1.891747716075569485e+02 7.023307551474398558e+00 -1.217310280831264180e+01 -2.690000781046006928e+00 -1.611594309658749724e+00 -5.824960432681789424e-01 -2.308997808572036126e-01 -7.436111535597295097e-02 -2.187994520603436799e-02 -7.592716226093643161e-03 -6.253263082117615015e-03 -7.219715495549288049e-03 -7.314857191419004909e-03 -6.251628629341568835e-03 -4.623624562638191035e-03 -3.030628124706162118e-03 -1.811767775146823616e-03 -1.047820370342461864e-03 -6.584563884340957325e-04 -5.038644274476993326e-04 -4.550693282838286723e-04 -4.267366313334095300e-04 -3.806669891868056451e-04 -3.130930009343604100e-04 -2.372657306690337264e-04 -1.689690808540921809e-04 -1.182349104328776676e-04 -8.710253538418463834e-05 -7.148485784333596656e-05 -6.466456818791916196e-05 -6.047693134470304800e-05 -5.513972867620757073e-05 -4.756824242290383630e-05 -3.862477691777004859e-05 -2.994887884421436076e-05 -2.294209426928299410e-05 -1.821925937417937744e-05 -1.556380344164558739e-05 -1.423231656146434211e-05 -1.337355542247779818e-05 -1.236541389064505498e-05 -1.096415036461555487e-05 -9.265211054138479198e-06 -7.546774999919084900e-06 -6.090063349168873242e-06 -5.053129427701616949e-06 -4.431328915931951598e-06 -4.095568906438618099e-06 -3.871433760223299450e-06 -3.616429884345765831e-06 -3.265054390417099584e-06 -2.831789997106178720e-06 -2.381612554802489817e-06 -1.987894768000771362e-06 -1.697702021322728964e-06 -1.516635809200489308e-06 -1.414558097020657983e-06 -1.344912555535558969e-06 -1.266545315222355487e-06 -1.158513277990370183e-06 -1.023382075976701521e-06 -8.801855988455678072e-07 -7.522008459413791500e-07 -6.556776999481092002e-07 -5.939639659327538358e-07 -5.583190266515134966e-07 -5.336779448471092908e-07 -5.059291506169036958e-07 -4.674719960390683135e-07 -4.185476973167828672e-07 -3.669618256884489518e-07 -3.169633988763837426e-07 -2.905760159238073210e-07 -2.618861896284591829e-07 -1.773340601594524940e-07 -1.713948238687103736e-07 -1.545434244663583536e-07 -1.410002057549713792e-07 -1.247992778210499770e-07 -1.095182124495187471e-07 -9.262845746244060624e-08 -1.085701512090950103e-07
-3.624291981344909125e-02 -2.852764444001342284e-02 -4.801961353902564622e-02 -5.704189535372716779e-02 -5.676677686415967233e-02 -4.551474798819330619e-02 -2.598409485388620058e-02 -8.626841895822986647e-03 -1.801695298238223733e-02 -1.033006867304279708e-01 -3.515140875412215427e-01 -9.307958221099263962e-01 -2.056249419912598686e+00 -4.548299023520981699e+00 -7.580477737809178329e+00 -2.264449480696724137e+01 -1.946981824533788430e+00 -2.433871146951923947e+02 7.791663158917356213e+02 -5.797297170194699902e+03 2.434241978445213681e+04 -5.390409475312154427e+03 7.232748575884355660e+02 -1.911363474564631701e+02 6.902773833273734283e+00 -1.239672436914098519e+01 -2.768147654787519230e+00 -1.653972642120662417e+00 -6.002115257971395446e-01 -2.382921781162079256e-01 -7.708065440136788182e-02 -2.288132937720295523e-02 -8.087067754265053060e-03 -6.668559426353074492e-03 -7.639026594358438484e-03 -7.709480623738667812e-03 -6.581673562860368247e-03 -4.871093570327150041e-03 -3.200576803199496612e-03 -1.922453459260658548e-03 -1.120330390844393635e-03 -7.100145503565848722e-04 -5.453297875509895880e-04 -4.914710571675949286e-04 -4.592677575728656243e-04 -4.088333257642751410e-04 -3.362710964217178523e-04 -2.554487114451061943e-04 -1.828413830013264206e-04 -1.288746676243715441e-04 -9.560082300832217067e-05 -7.867292519859023410e-05 -7.101699825653193330e-05 -6.616456044533068636e-05 -6.015960020559958134e-05 -5.187576976804170810e-05 -4.222026230761810302e-05 -3.290444797627114538e-05 -2.538241347565860722e-05 -2.028174765228910653e-05 -1.736245564816464652e-05 -1.583927702280455593e-05 -1.482046388118683384e-05 -1.365799298195753029e-05 -1.210024283742801005e-05 -1.024822798363340187e-05 -8.390907068934545226e-06 -6.818025176809032128e-06 -5.689988018528193754e-06 -4.998390694339743846e-06 -4.607015350849811311e-06 -4.334387259318609755e-06 -4.033458754421964386e-06 -3.637388385935414277e-06 -3.161716120498179647e-06 -2.673327662696789697e-06 -2.246960859183259645e-06 -1.929808862145181336e-06 -1.726466940032627330e-06 -1.605270118177963242e-06 -1.518311591206128163e-06 -1.423697289761301390e-06 -1.300396119359057135e-06 -1.151274035199146589e-06 -9.956896645750261466e-07 -8.570060716511727883e-07 -7.512581733391376009e-07 -6.814017234289807397e-07 -6.383046820262832554e-07 -6.067579575234494362e-07 -5.723879237070408890e-07 -5.289544430092332466e-07 -4.723384164570432861e-07 -4.263981488608699833e-07 -3.693885917507863654e-07 -2.514030167500555857e-07 -2.281772163942466761e-07 -2.042536759981160264e-07 -1.930937670231430017e-07 -1.828827504534321986e-07 -1.703461763666415054e-07 -1.560419093556987305e-07 -1.350424765268629953e-07 -1.547689714248639460e-07
-2.031398975140435992e-02 -2.267831964806977380e-02 -3.915747958890944402e-02 -5.138166142819224763e-02 -5.886902894765069783e-02 -5.861287618968947372e-02 -4.881609337450341229e-02 -3.105416611161621737e-02 -1.445369266583728871e-02 -2.203918607498246349e-02 -1.012590977181042212e-01 -3.374267367308226850e-01 -8.966986440211389686e-01 -1.993342441524348141e+00 -4.442676034598549428e+00 -7.431396116090485116e+00 -2.239874686836893858e+01 -1.723631293365927020e+00 -2.429752292814689270e+02 7.807714075433611924e+02 -5.813021370908239987e+03 2.445138253090553553e+04 -5.424419641845520346e+03 7.278054409184620681e+02 -1.930589051268132152e+02 6.794795404815611839e+00 -1.261192921955769286e+01 -2.842824406023339190e+00 -1.694677003197380127e+00 -6.172433533583873144e-01 -2.454170463126509050e-01 -7.970631643508148401e-02 -2.384879195071084798e-02 -8.563992499725985724e-03 -7.069477835358150934e-03 -8.045181201010534813e-03 -8.093288031886551256e-03 -6.904073392032430978e-03 -5.113935564348025785e-03 -3.368095795073078758e-03 -2.031937428350098166e-03 -1.192121171302327337e-03 -7.609501829738102947e-04 -5.861907567626214229e-04 -5.273715710526575293e-04 -4.915058198235750658e-04 -4.369514588074477476e-04 -3.595955107269450989e-04 -2.738680226538117430e-04 -1.969337533527437602e-04 -1.396524962505634392e-04 -1.041457726249639528e-04 -8.585186067420666998e-05 -7.735785083900909563e-05 -7.188109135962843829e-05 -6.526428693892627735e-05 -5.631059941300281589e-05 -4.595465006712685170e-05 -3.597875244687112747e-05 -2.790232087828746371e-05 -2.238405938742657074e-05 -1.917566178553426924e-05 -1.745615502537179543e-05 -1.628959860896929103e-05 -1.499197343682953365e-05 -1.329277226335192259e-05 -1.129147229447954928e-05 -9.286897372803888656e-06 -7.581853699513961022e-06 -6.346181448932375697e-06 -5.573877619777458857e-06 -5.124377514471988754e-06 -4.807939080403875946e-06 -4.468956540885124242e-06 -4.034624198646441345e-06 -3.518362801514531127e-06 -2.988350191585371234e-06 -2.522468684135428179e-06 -2.171060019106371856e-06 -1.940479188270638238e-06 -1.798897538403034381e-06 -1.696651929383774957e-06 -1.589380338217993263e-06 -1.453857195477698007e-06 -1.291724681251916402e-06 -1.122288980260412318e-06 -9.697622950324944437e-07 -8.513517757582538261e-07 -7.710320691035593903e-07 -7.197213349647400970e-07 -6.832110506362374016e-07 -6.414125394908439160e-07 -6.047124599929015428e-07 -5.401015259498956212e-07 -3.921891707388052448e-07 -3.389655081889545031e-07 -2.858178701500942419e-07 -2.556483990604756697e-07 -2.385443055394930881e-07 -2.288734367985949785e-07 -2.195839890241965839e-07 -2.087432863280471622e-07 -1.862254742188043735e-07 -2.149086469349648092e-07
-4.581107295622032990e-03 -1.338495186817975462e-02 -2.383137058136690356e-02 -3.526396001389792145e-02 -4.636153317562338033e-02 -5.446631576926526386e-02 -5.627634132356725688e-02 -4.923760823074117832e-02 -3.405504711370551524e-02 -1.881777465904511948e-02 -2.534591892900143334e-02 -9.971025753505383116e-02 -3.257576646119411112e-01 -8.679106256780437789e-01 -1.939646979606236332e+00 -4.352081646218893596e+00 -7.302765927536525759e+00 -2.219121843285436313e+01 -1.520202415936400486e+00 -2.427493513420830595e+02 7.827272863150390094e+02 -5.830960518156611215e+03 2.456630762379020234e+04 -5.458997301709955536e+03 7.324271776726037615e+02 -1.949538691008965827e+02 6.698118769769203951e+00 -1.282009025274389558e+01 -2.914494966161380152e+00 -1.733932687813706464e+00 -6.336749334583319238e-01 -2.523031459366337770e-01 -8.224516633962666856e-02 -2.478335313476146343e-02 -9.024140052952741090e-03 -7.457648864636214070e-03 -8.440371923433493198e-03 -8.468227042685048250e-03 -7.219974737041293979e-03 -5.352384030680856254e-03 -3.532758987207022285e-03 -2.139551108511868280e-03 -1.262656373190369470e-03 -8.110602865253402956e-04 -6.265771713859072172e-04 -5.630891236456141624e-04 -5.237677736018457380e-04 -4.651927747418134148e-04 -3.830424866623298973e-04 -2.923484318836259760e-04 -2.110170656166319493e-04 -1.503844576932328574e-04 -1.126579599259510127e-04 -9.305048128769646267e-05 -8.378274414871766777e-05 -7.772908710649878601e-05 -7.051368816310589352e-05 -6.086904784767926529e-05 -4.977122442922616121e-05 -3.909325179616907265e-05 -3.043610269638313704e-05 -2.449616945143517379e-05 -2.101281174759128591e-05 -1.911840198208445552e-05 -1.782084607806763154e-05 -1.639239664723810707e-05 -1.454267232620390994e-05 -1.237458686727504936e-05 -1.020460535505469094e-05 -8.355382870212903836e-06 -7.009279962746383314e-06 -6.161400293245698106e-06 -5.662447188820849314e-06 -5.309319180736428068e-06 -4.934335699649154544e-06 -4.458019419367623902e-06 -3.893610377516356506e-06 -3.313900253066881840e-06 -2.802973910748521011e-06 -2.415845163686107964e-06 -2.160203414289803406e-06 -2.002165618033958478e-06 -1.887991097960647133e-06 -1.769159066221049865e-06 -1.619817527564832576e-06 -1.441211968855358717e-06 -1.254119205656614313e-06 -1.085158064832230969e-06 -9.532082976578287230e-07 -8.645211343641109287e-07 -8.041194723383929121e-07 -7.754362013822467493e-07 -7.259724711313465390e-07 -5.781410873842665417e-07 -5.168853625288555312e-07 -4.385767092528634490e-07 -3.758059279858916345e-07 -3.283496423699127054e-07 -2.985420462318806515e-07 -2.823156717521958787e-07 -2.725507911162175255e-07 -2.652047438309606747e-07 -2.432707985843529063e-07 -2.876210514737791223e-07
5.607104394537735723e-03 -4.613738354958222578e-03 -9.007192839742777721e-03 -1.732994620042095646e-02 -2.821741465398791907e-02 -4.005795142571215439e-02 -4.984627974751348889e-02 -5.393785135080261806e-02 -4.938116239841696536e-02 -3.636079401779679365e-02 -2.225235442790928636e-02 -2.792836171604008363e-02 -9.827027558752268743e-02 -3.157873375395806037e-01 -8.433121251651479744e-01 -1.893547906869624819e+00 -4.274181243161952359e+00 -7.191697475424811081e+00 -2.201703931334689557e+01 -1.334236321722552354e+00 -2.426918357034101632e+02 7.850111189823120412e+02 -5.851017012819123920e+03 2.468724354002248947e+04 -5.494255087686578008e+03 7.371529131620144426e+02 -1.968310528851956178e+02 6.611661973359823641e+00 -1.302239771687016301e+01 -2.983561378713757595e+00 -1.771934045871984331e+00 -6.495783258644233227e-01 -2.589767972918332606e-01 -8.470599652322803597e-02 -2.568881637331479895e-02 -9.470222228640707424e-03 -7.835334815030072300e-03 -8.826131871442372337e-03 -8.834924178565104619e-03 -7.529263946893062671e-03 -5.585976998661320615e-03 -3.694154566627480887e-03 -2.245171984952446659e-03 -1.332129581535889794e-03 -8.607191605164097583e-04 -6.668503826477715146e-04 -5.988208198995134245e-04 -5.560345494002463893e-04 -4.933705213180559178e-04 -4.063648552621173539e-04 -3.106913617492504387e-04 -2.250067469863197304e-04 -1.611042441306289284e-04 -1.212438535517456045e-04 -1.003822486191698499e-04 -9.035765329558054476e-05 -8.370418580732643093e-05 -7.584492118244942670e-05 -6.546423880442399812e-05 -5.359735766239452875e-05 -4.221474048208469920e-05 -3.299401817836867114e-05 -2.665702283962820480e-05 -2.291767394382906569e-05 -2.085337539216437669e-05 -1.941498553115571490e-05 -1.783660957038201464e-05 -1.581656036048162430e-05 -1.346861476721801017e-05 -1.113023239721970877e-05 -9.142484602660052936e-06 -7.695457649815347408e-06 -6.779805687741119799e-06 -6.233665680390681393e-06 -5.839804070941974457e-06 -5.420575189509483464e-06 -4.893448390252962165e-06 -4.274818521734557859e-06 -3.643759964346440910e-06 -3.090108778339141128e-06 -2.671501474375243020e-06 -2.394437687738571986e-06 -2.221134948145920417e-06 -2.093295408066256825e-06 -1.959129636730370620e-06 -1.791810578429668879e-06 -1.593881770994288187e-06 -1.388141309397817836e-06 -1.204990695890766872e-06 -1.058523244070724015e-06 -9.753775273603084585e-07 -9.057041954965184723e-07 -7.561172047133138601e-07 -7.109304835099555299e-07 -6.396201042579479620e-07 -5.674287165360953518e-07 -4.939059291849470595e-07 -4.296092530937077152e-07 -3.812003035208971908e-07 -3.504752523467446706e-07 -3.330971994968780919e-07 -3.254659153846520810e-07 -3.036883228388237052e-07 -3.694623340742652784e-07
8.710442886730876758e-03 1.217459903583630173e-03 9.985261322154070397e-04 -3.656315537706653768e-03 -1.193587534882909265e-02 -2.333730135697024977e-02 -3.598964711110246711e-02 -4.689843854627142455e-02 -5.241207285063459453e-02 -4.947665184414419548e-02 -3.797831637772129676e-02 -2.473103216634624235e-02 -2.976021435838721585e-02 -9.683443759426650643e-02 -3.071964639313390921e-01 -8.222141509974926210e-01 -1.853864985053991665e+00 -4.207122685617222579e+00 -7.095809418508943978e+00 -2.187218071963794941e+01 -1.163581761647474178e+00 -2.427882134428297149e+02 7.876048225318187406e+02 -5.873113400802996694e+03 2.481424872476540986e+04 -5.530291558232451280e+03 7.419940351375486216e+02 -1.986989505634608406e+02 6.534496335168181957e+00 -1.321988706621563736e+01 -3.050375861204960959e+00 -1.808854316454848732e+00 -6.650208020908161544e-01 -2.654649773756809217e-01 -8.709917201329955838e-02 -2.656950783389972620e-02 -9.904171102274829039e-03 -8.203297732026635508e-03 -9.202561553316513862e-03 -9.193208178839017836e-03 -7.831829227030153578e-03 -5.814853769232376617e-03 -3.852680083814371062e-03 -2.349317586481089026e-03 -1.400989418634065835e-03 -9.101642256233473524e-04 -7.069972063610225699e-04 -6.343662941649648793e-04 -5.880405655057719446e-04 -5.212740583417328766e-04 -4.294775480603211875e-04 -3.289405655592983458e-04 -2.390245113709498512e-04 -1.719391061688672038e-04 -1.299768138063958514e-04 -1.078422287506278980e-04 -9.701300977543313598e-05 -8.971057715743791059e-05 -8.117812793657391997e-05 -7.005987451875397701e-05 -5.744458959190958352e-05 -4.538619539255792312e-05 -3.562417686342565505e-05 -2.889653790768032478e-05 -2.489087498284859665e-05 -2.263595160780130597e-05 -2.103515729930499793e-05 -1.929268067870510957e-05 -1.709920121869539593e-05 -1.457774062875446473e-05 -1.208145850742470381e-05 -9.963751157465449649e-06 -8.418261019214109270e-06 -7.430389181746137426e-06 -6.828045769267682744e-06 -6.383829096551714340e-06 -5.913758527085636765e-06 -5.334047137423509995e-06 -4.663730033298867019e-06 -3.985920403649174342e-06 -3.393460689323618055e-06 -2.944616902853739593e-06 -2.644195016377938636e-06 -2.451493819782203031e-06 -2.305456461746273428e-06 -2.152859974399168545e-06 -1.966489741131833573e-06 -1.751670071222142286e-06 -1.526204736971909449e-06 -1.343944746180381238e-06 -1.182812325439069539e-06 -9.649319132415491298e-07 -8.985336217727903432e-07 -8.327398493528070225e-07 -7.765422795167074082e-07 -7.109444596344398146e-07 -6.365965954416261499e-07 -5.605959662532737122e-07 -4.932072574669729263e-07 -4.422103841927376923e-07 -4.088927529386487003e-07 -3.936020411759683646e-07 -3.676482709724074928e-07 -4.569376876140165538e-07
6.117014576998934354e-03 3.435489157372277006e-03 4.931717963625511375e-03 3.236832764380065570e-03 -1.642975981710284323e-03 -1.002533237881023803e-02 -2.132392689228525262e-02 -3.390192171251578401e-02 -4.499837965186034155e-02 -5.112203204636767140e-02 -4.920552070912817544e-02 -3.888013424270349294e-02 -2.642664738982984651e-02 -3.106165775363823808e-02 -9.550556485893949010e-02 -2.998270913634192292e-01 -8.040833896998670349e-01 -1.819619227378255433e+00 -4.149362369664988393e+00 -7.013117488764478935e+00 -2.175331334593369093e+01 -1.006397444974156175e+00 -2.430265820160034593e+02 7.904940357097133301e+02 -5.897188564829791176e+03 2.494739036354339987e+04 -5.567194071566992534e+03 7.469607799466264169e+02 -2.005649762555692917e+02 6.465819460490344284e+00 -1.341347017767403393e+01 -3.115253836733630877e+00 -1.844851767169900514e+00 -6.800655317640303954e-01 -2.717930558696985410e-01 -8.943351155050759116e-02 -2.742791032661705264e-02 -1.032629233510009258e-02 -8.561402586895175762e-03 -9.569750555599713937e-03 -9.543559744933548944e-03 -8.128442072595958370e-03 -6.039851208594062756e-03 -4.009006488287034792e-03 -2.452347472802326057e-03 -1.469266316804665722e-03 -9.591920644876243207e-04 -7.467326872493271683e-04 -6.695006349292573471e-04 -6.197012909903642456e-04 -5.489617526528694363e-04 -4.525237925302767338e-04 -3.472429585275634673e-04 -2.531552080439995332e-04 -1.828855176760531016e-04 -1.387809009130160868e-04 -1.153251554095278145e-04 -1.036611438291350532e-04 -9.570869661233148446e-05 -8.652645697114986275e-05 -7.470361563414234444e-05 -6.136605930843997640e-05 -4.864058021632828628e-05 -3.832722859939332195e-05 -3.118702783792799216e-05 -2.689185012274643009e-05 -2.443101037773055259e-05 -2.266459137792091219e-05 -2.076514968143441413e-05 -1.840992045931676778e-05 -1.572446166672744082e-05 -1.307304444399553518e-05 -1.082051982161961201e-05 -9.166681388329498017e-06 -8.096052419781873838e-06 -7.430308297787614179e-06 -6.933840460039412678e-06 -6.415747667073902408e-06 -5.788506820153165899e-06 -5.070777217948059047e-06 -4.347534692600640744e-06 -3.714094707364300938e-06 -3.230446673131693533e-06 -2.901684140198714098e-06 -2.686194963141579702e-06 -2.520800079853591989e-06 -2.352432730455371747e-06 -2.145868348059389742e-06 -1.930508201306348503e-06 -1.685215681505430702e-06 -1.351321846228103570e-06 -1.188677882752393712e-06 -1.058796103039949968e-06 -9.793170904889502347e-07 -9.201581775683197273e-07 -8.625534366581119640e-07 -7.947468079285034919e-07 -7.165447515470892220e-07 -6.360751306096962525e-07 -5.645031295433769037e-07 -5.092700576128530619e-07 -4.776620538025238934e-07 -4.395689841956390196e-07 -5.493641358816076758e-07
9.476235761294238757e-04 2.727245088241013558e-03 3.938600387901099696e-03 3.929086677918466192e-03 1.999643892616523831e-03 -2.573922147168292499e-03 -1.020618510751587771e-02 -2.061743224533388319e-02 -3.248318499832038991e-02 -4.330082079667096212e-02 -4.971169124097212649e-02 -4.859933649390665161e-02 -3.932546598129278009e-02 -2.766083777153176965e-02 -3.207770485129780164e-02 -9.434958829737774555e-02 -2.934961334714106806e-01 -7.884336885998934896e-01 -1.789983488456068805e+00 -4.099634876594896227e+00 -6.942000345076134060e+00 -2.165770206549284183e+01 -8.611199957570860875e-01 -2.433971025649480282e+02 7.936673801095332692e+02 -5.923194784640044418e+03 2.508674349899948356e+04 -5.605041043810607334e+03 7.520624604093603693e+02 -2.024356641694177767e+02 6.404929719696769830e+00 -1.360395850530085760e+01 -3.178479329794080765e+00 -1.880069367666084235e+00 -6.947688499731174971e-01 -2.779824259062508851e-01 -9.171543587081938675e-02 -2.826537274121057944e-02 -1.073686486676056137e-02 -8.910235104903371436e-03 -9.928753932560306986e-03 -9.887210813391224609e-03 -8.420154932748795742e-03 -6.261614546529241550e-03 -4.163332010221681631e-03 -2.554129574917692481e-03 -1.536690074036015877e-03 -1.007573630276676442e-03 -7.859733937386605227e-04 -7.042967212235167612e-04 -6.511841072161209283e-04 -5.766052953327227950e-04 -4.756057303811240004e-04 -3.656012428405694967e-04 -2.673195554984561192e-04 -1.938300924711691556e-04 -1.475609105063452092e-04 -1.227881359726542827e-04 -1.103169030065443687e-04 -1.017512853484253308e-04 -9.194867209568679753e-05 -7.943204968099164189e-05 -6.536282616621190119e-05 -5.194778131629101221e-05 -4.105884935627963662e-05 -3.349006002495528842e-05 -2.890221518332439471e-05 -2.624346921067450449e-05 -2.432437369234198644e-05 -2.227856931915132054e-05 -1.976481373173499505e-05 -1.691020561532702337e-05 -1.409293299037227333e-05 -1.169408562629557441e-05 -9.924001958959024984e-06 -8.768510715885973592e-06 -8.042440997878138353e-06 -7.499273347910256667e-06 -6.937875531096202997e-06 -6.264586450825337782e-06 -5.497087019029203881e-06 -4.723404117271108104e-06 -4.043498686397348252e-06 -3.521292441197998678e-06 -3.162883496916820507e-06 -2.927475867009327681e-06 -2.741513078730308139e-06 -2.575100188877385490e-06 -2.348327442565533244e-06 -1.966956537508925522e-06 -1.715636013114691456e-06 -1.471936880323381081e-06 -1.290269863622551433e-06 -1.164471898147347046e-06 -1.082373993752389723e-06 -1.021241440978864348e-06 -9.603824916468992427e-07 -8.882172571581151616e-07 -8.047308140779034945e-07 -7.189040780633756221e-07 -6.415164820337088277e-07 -5.874206940240291382e-07 -5.279270237215560710e-07 -6.512244259361683304e-07
-3.820935819721723355e-03 4.946224739512052222e-04 3.909267009078947570e-04 8.336326160605582025e-04 7.573287168968822819e-04 -6.006073846923230992e-04 -4.178561623068189831e-03 -1.064471951568490317e-02 -1.997964634681274540e-02 -3.108686194846311396e-02 -4.162560224031569556e-02 -4.829861897243695884e-02 -4.791380496017971086e-02 -3.958625216964443277e-02 -2.864311828215739333e-02 -3.291013100879760372e-02 -9.333177525358878068e-02 -2.880047104975267946e-01 -7.748616740919093138e-01 -1.764303896317918730e+00 -4.056933303082747244e+00 -6.881141210309300149e+00 -2.158308273230307250e+01 -7.264020266510978763e-01 -2.438915964392344335e+02 7.971158993819104808e+02 -5.951095467437543448e+03 2.523239038220546354e+04 -5.643903744008774083e+03 7.573076435941187583e+02 -2.043168263835221410e+02 6.351211344067966280e+00 -1.379207599736681900e+01 -3.240305798781739188e+00 -1.914634049164181340e+00 -7.091799955772247754e-01 -2.840515537748106722e-01 -9.395082994741177362e-02 -2.908392701639973821e-02 -1.113722160938073434e-02 -9.251202834732736094e-03 -1.028091703152046212e-02 -1.022515658221929795e-02 -8.707476809210046645e-03 -6.480232489625781592e-03 -4.315516607881628858e-03 -2.654501779013537788e-03 -1.603212901340562426e-03 -1.055408414709373046e-03 -8.249131573599223282e-04 -7.389515067908759274e-04 -6.826104762818380233e-04 -6.042174313639067174e-04 -4.986452494061757593e-04 -3.838979693810660467e-04 -2.814177950907217830e-04 -2.047284639880905387e-04 -1.563344097633377605e-04 -1.302895460762782027e-04 -1.170450329297202723e-04 -1.078788426821114272e-04 -9.744648703528520448e-05 -8.421282857900084780e-05 -6.938694840860744285e-05 -5.526616829157756869e-05 -4.379915911608612991e-05 -3.581106828548533897e-05 -3.094496648710567949e-05 -2.810007005848012720e-05 -2.603202202840511535e-05 -2.383448360657330098e-05 -2.115074812746279380e-05 -1.811460836643321185e-05 -1.512292535012945832e-05 -1.257542126929750072e-05 -1.069236310803727867e-05 -9.457996074779955416e-06 -8.676732901141283503e-06 -8.088528767992120793e-06 -7.481336313418267160e-06 -6.756611063571793649e-06 -5.933390599793591213e-06 -5.105148222083129778e-06 -4.377289424764401672e-06 -3.819559659048566452e-06 -3.430165149812631441e-06 -3.193987546528805813e-06 -2.987538813851135828e-06 -2.643928135943395964e-06 -2.411466250340544814e-06 -2.126171035012612038e-06 -1.850098319178940389e-06 -1.605506254666890796e-06 -1.416159542688019323e-06 -1.285081327353110367e-06 -1.198354370120784043e-06 -1.132902233203195939e-06 -1.067257720881226056e-06 -9.894902208168323107e-07 -9.000387617049927847e-07 -8.071883674989283688e-07 -7.305063693467447477e-07 -6.428008126436534474e-07 -7.725118255294003860e-07
-6.275555052048469203e-03 -1.829672062122220631e-03 -3.296802361158839532e-03 -3.219564922153974555e-03 -2.625258576534224113e-03 -2.073190608789400764e-03 -2.561582461283942649e-03 -5.159152684583456945e-03 -1.066999907825052010e-02 -1.920142379965873031e-02 -2.977562873388939907e-02 -4.014831208008369512e-02 -4.706771148203191257e-02 -4.729436356330000285e-02 -3.975802068913053544e-02 -2.942456176020722888e-02 -3.356702082158008471e-02 -9.240204386321761165e-02 -2.832091242116616114e-01 -7.630745730439687513e-01 -1.742078520238070416e+00 -4.020446338768900674e+00 -6.829445692224434872e+00 -2.152755035509590797e+01 -6.010645774103988703e-01 -2.445032453135319486e+02 8.008326131317473937e+02 -5.980863381516871414e+03 2.538442000568995718e+04 -5.683847723601576035e+03 7.627043007307753442e+02 -2.062136735991787191e+02 6.304126153050118475e+00 -1.397846925785640515e+01 -3.300959148623962225e+00 -1.948659505453991247e+00 -7.233437714338052382e-01 -2.900182060158023045e-01 -9.614629452652913300e-02 -2.988640252103898914e-02 -1.152899417641702930e-02 -9.585438253766830410e-03 -1.062696622470282563e-02 -1.055775812564435645e-02 -8.990527676214421157e-03 -6.695750320564588208e-03 -4.465659537479836974e-03 -2.753660665589083636e-03 -1.669090273382817713e-03 -1.102931020800508588e-03 -8.636943777920928853e-04 -7.734868697510102406e-04 -7.139040172008156559e-04 -6.316795189517411795e-04 -5.215423822445235244e-04 -4.020918454279112544e-04 -2.954739748856445233e-04 -2.156471662543109271e-04 -1.651734442323642040e-04 -1.378742317527400336e-04 -1.238478658825499957e-04 -1.140566358895266021e-04 -1.029683042537860591e-04 -8.900128296120795571e-05 -7.341737775655278269e-05 -5.860209508948031545e-05 -4.657343841868007909e-05 -3.817924752666183440e-05 -3.303916546894024645e-05 -3.000246985941955186e-05 -2.777325141651433669e-05 -2.541078238494841213e-05 -2.254799512704131970e-05 -1.932791359160508722e-05 -1.616538154244034068e-05 -1.347564699303674926e-05 -1.148509103386866991e-05 -1.017359647163089544e-05 -9.334446504985434816e-06 -8.695423022267631576e-06 -8.036059980294022191e-06 -7.255484345839067974e-06 -6.374932805166208233e-06 -5.495362247634765531e-06 -4.718044505640508054e-06 -4.145385620290155455e-06 -3.725128989762276863e-06 -3.294504117807500621e-06 -3.082849530109236588e-06 -2.845614232385763660e-06 -2.587499003550200930e-06 -2.299625866755479689e-06 -2.011087176243021128e-06 -1.755424069714352563e-06 -1.556186312267765037e-06 -1.417258597789083631e-06 -1.324213216615359738e-06 -1.253111777816746401e-06 -1.181619884276112801e-06 -1.097742679039291964e-06 -1.000591419479452730e-06 -9.085699163145310756e-07 -7.918018878188005439e-07 -9.262095212922792431e-07
-5.990532764073012127e-03 -3.255184352070802142e-03 -5.491481402693402375e-03 -6.074631380650580108e-03 -5.689253718948580375e-03 -4.598688236417760450e-03 -3.533895104715287661e-03 -3.490150543219000621e-03 -5.538610355966129203e-03 -1.049713112219960789e-02 -1.852195020177728815e-02 -2.872010657524991240e-02 -3.894758999120608717e-02 -4.602849592595867345e-02 -4.672250997159735353e-02 -3.982943664401789041e-02 -3.001521268614248950e-02 -3.406798171177281842e-02 -9.155459494206064086e-02 -2.790277634525235029e-01 -7.528552672474626561e-01 -1.722899338799782853e+00 -3.989492555047125411e+00 -6.785982801825915622e+00 -2.148948939249908463e+01 -4.840775891439546563e-01 -2.452263685143692555e+02 8.048121674565318244e+02 -6.012479256940434425e+03 2.554292778309532150e+04 -5.724933960596051293e+03 7.682599335541887058e+02 -2.081309129747308759e+02 6.263204060622770797e+00 -1.416371979024138739e+01 -3.360643467784790506e+00 -1.982250031577154070e+00 -7.373024172002995424e-01 -2.958997424330153669e-01 -9.830835222584871635e-02 -3.067522069452825392e-02 -1.191311156141001797e-02 -9.913365882725792139e-03 -1.096718600158693921e-02 -1.088531289092216359e-02 -9.269676405416434062e-03 -6.908596754388012483e-03 -4.614185904188081860e-03 -2.851946681110047871e-03 -1.734518776003136529e-03 -1.150182979388856934e-03 -9.022424314993468183e-04 -8.077810825448003508e-04 -7.449649046350668123e-04 -6.589566466473535406e-04 -5.443327434739314184e-04 -4.202627607510176508e-04 -3.095714903094631907e-04 -2.266377847173938398e-04 -1.740818658390665976e-04 -1.455050390072640091e-04 -1.306697974462795342e-04 -1.202367523931698674e-04 -1.084920517402378849e-04 -9.380514608150759522e-05 -7.748227951631511061e-05 -6.198775334881722189e-05 -4.940264354889231646e-05 -4.059649049143552183e-05 -3.516932305972886552e-05 -3.192668586343933110e-05 -2.952670049244948165e-05 -2.699695955516139277e-05 -2.395920319723314384e-05 -2.056225368696427202e-05 -1.723479191563565856e-05 -1.440462362346021073e-05 -1.230354172125870256e-05 -1.090859216836053493e-05 -1.000465794499169095e-05 -9.310097925446242378e-06 -8.596900648889130943e-06 -7.764012975599375618e-06 -6.824523193391521719e-06 -5.915771170394766053e-06 -5.089128750275636812e-06 -4.292415709744054808e-06 -3.857315000222223852e-06 -3.538533429016640505e-06 -3.300399069222890894e-06 -3.062904883593637921e-06 -2.792464954043631597e-06 -2.491007549908866054e-06 -2.187589333172572989e-06 -1.918034963686073798e-06 -1.707034894760819047e-06 -1.558765941031556233e-06 -1.458259775665117972e-06 -1.380573218998898550e-06 -1.302894672184702095e-06 -1.211059089570211222e-06 -1.115714480057884513e-06 -9.761719957256531485e-07 -1.123404248751090020e-06
-3.770354344123669731e-03 -3.432835146147417051e-03 -5.652483335555633440e-03 -6.770806720670215217e-03 -7.010388104177552211e-03 -6.369462655249794741e-03 -5.174575524849037329e-03 -4.057696178718592402e-03 -3.921285863525328548e-03 -5.769217264685590381e-03 -1.040775961157860106e-02 -1.804577404094206972e-02 -2.789497900130561911e-02 -3.793661247742891041e-02 -4.509506885715057478e-02 -4.615304373014869621e-02 -3.980748589127299647e-02 -3.046032161839147892e-02 -3.446472990510199286e-02 -9.080618708183221810e-02 -2.753980911226077133e-01 -7.440164334004064628e-01 -1.706414154683530748e+00 -3.963490427341538780e+00 -6.749961404036522339e+00 -2.146753409909422672e+01 -3.745477838299893780e-01 -2.460562417156969559e+02 8.090505707895097203e+02 -6.045930663166572231e+03 2.570801533713634490e+04 -5.767219789518550897e+03 7.739816750195753912e+02 -2.100728326456539889e+02 6.228031596662250813e+00 -1.434835584113816331e+01 -3.419545430805093211e+00 -2.015501995394578305e+00 -7.510951453119896204e-01 -3.017119352363334395e-01 -1.004423900526190405e-01 -3.145193399080897095e-02 -1.229000303366830325e-02 -1.023533511826626476e-02 -1.130212286719860758e-02 -1.120852363164350461e-02 -9.545634133877307567e-03 -7.119346351734430131e-03 -4.761448558724495211e-03 -2.949484748990548015e-03 -1.799455921658485577e-03 -1.197048598704156166e-03 -9.404574435942591017e-04 -8.418042509616956853e-04 -7.758414566251311401e-04 -6.861459892411739866e-04 -5.671163780768850079e-04 -4.384740220157072404e-04 -3.237192775000279836e-04 -2.376626224777411212e-04 -1.830006298144945867e-04 -1.531307182012986369e-04 -1.374875681618719270e-04 -1.264284072888299847e-04 -1.140492012327232662e-04 -9.866020577142175986e-05 -8.160507956376216994e-05 -6.542566938432323046e-05 -5.227025394040678773e-05 -4.303693835307719867e-05 -3.731236581103325722e-05 -3.386140385520022421e-05 -3.129532292180490117e-05 -2.860625240149983716e-05 -2.540015738978365438e-05 -2.182838063516766365e-05 -1.833267553768790884e-05 -1.535510698650833443e-05 -1.313590751754086605e-05 -1.165232203121419790e-05 -1.068180465715589833e-05 -9.935583034456958474e-06 -9.166918817769772771e-06 -8.305614929681694647e-06 -7.307411326644135857e-06 -6.144015099558766239e-06 -5.284808303788199671e-06 -4.594317052470829850e-06 -4.121642819306850452e-06 -3.799578790231407222e-06 -3.549398887205636881e-06 -3.299797323110205628e-06 -3.014451700304977412e-06 -2.696360869573552228e-06 -2.376010203419120426e-06 -2.090903322550471197e-06 -1.866832580967780971e-06 -1.708201679341303309e-06 -1.599393773621054356e-06 -1.514950229468667227e-06 -1.429062734070594192e-06 -1.340869044709760976e-06 -1.189338659379643489e-06 -1.368028862371178893e-06
-9.591055658922114811e-04 -2.583127915600441984e-03 -4.185957357983611203e-03 -5.497694214344048605e-03 -6.353314025149525354e-03 -6.584986812072270677e-03 -6.149488463890694784e-03 -5.238250560262877609e-03 -4.355495456963975366e-03 -4.305903121107523129e-03 -6.049498547803058499e-03 -1.041163567369912495e-02 -1.767861064651733705e-02 -2.717934382182823558e-02 -3.702145037634227420e-02 -4.422551262273039657e-02 -4.559645099677944041e-02 -3.973891030916365530e-02 -3.081844114692091838e-02 -3.480067443221405293e-02 -9.015801475442980495e-02 -2.722517814945927261e-01 -7.363895056894628199e-01 -1.692323024861655867e+00 -3.941952328809052108e+00 -6.720716700524519638e+00 -2.146053184532043545e+01 -2.716979483467536483e-01 -2.469889420909979094e+02 8.135449914700179761e+02 -6.081211109361274794e+03 2.587979036248689590e+04 -5.810759669255340668e+03 7.798763687441448837e+02 -2.120433733551461728e+02 6.198242791212352110e+00 -1.453286036591712893e+01 -3.477835757015011353e+00 -2.048503521438211017e+00 -7.647573445390981606e-01 -3.074686032894724530e-01 -1.025529303451120922e-01 -3.221793605211890898e-02 -1.266037430374747537e-02 -1.055213409743311140e-02 -1.163268591591540106e-02 -1.152823656352080367e-02 -9.819017892708697959e-03 -7.328327019156762046e-03 -4.907532652475541518e-03 -3.046225194393108876e-03 -1.863830857799094907e-03 -1.243512381019185606e-03 -9.784011063073275779e-04 -8.756702029257671695e-04 -8.066517322290670108e-04 -7.133262038709562705e-04 -5.899119948144792040e-04 -4.566917476036385097e-04 -3.378580197620932373e-04 -2.486689007168293671e-04 -1.919060595011501434e-04 -1.607622018216174457e-04 -1.443360818384800388e-04 -1.326712236664658593e-04 -1.196660283541899837e-04 -1.035700564728176868e-04 -8.576860812517971206e-05 -6.888837516847089680e-05 -5.515163375354312149e-05 -4.548854264202863758e-05 -3.947160224803861845e-05 -3.582102627867295115e-05 -3.309627690459256084e-05 -3.025038707403728173e-05 -2.687260742876827440e-05 -2.311856545537496177e-05 -1.944635387616285631e-05 -1.631563234390923504e-05 -1.397620927147928722e-05 -1.240805890309052532e-05 -1.136921152026904201e-05 -1.059708823189907880e-05 -9.773365432780101527e-06 -8.640993926404166145e-06 -7.601704518088010191e-06 -6.539359367652784688e-06 -5.623276129276820669e-06 -4.914811257332300775e-06 -4.420093772041384442e-06 -4.081965495958457517e-06 -3.816984257701038356e-06 -3.552021147591160590e-06 -3.249575350982218061e-06 -2.913048393253522039e-06 -2.574312806616688838e-06 -2.272466225230140583e-06 -2.034394664473443638e-06 -1.864627725822009683e-06 -1.747514430062857506e-06 -1.654046411225018824e-06 -1.574126649448186409e-06 -1.419594564262694041e-06 -1.654108611590387652e-06
1.195554630630286204e-03 -1.254101992046062139e-03 -2.013852912575338650e-03 -3.170439586724714109e-03 -4.365899184486248669e-03 -5.383938282995390581e-03 -5.953122894565010537e-03 -5.915446245403396808e-03 -5.355698749620714343e-03 -4.696285546954336552e-03 -4.695511367412330030e-03 -6.308347748405612396e-03 -1.039736739738891455e-02 -1.732371545594810908e-02 -2.651653544081158248e-02 -3.618793157720835707e-02 -4.343748951837896749e-02 -4.508748573882338795e-02 -3.966216480518845039e-02 -3.112095556743965652e-02 -3.509006445873598390e-02 -8.959443023935705075e-02 -2.695249323156855836e-01 -7.298355770506383955e-01 -1.680381060096965307e+00 -3.924473936151660958e+00 -6.697688012216621800e+00 -2.146750289903284781e+01 -1.748434400079945106e-01 -2.480212229012094838e+02 8.182935935024007676e+02 -6.118319324960827544e+03 2.605836654581053153e+04 -5.855605820645036147e+03 7.859506359588937130e+02 -2.140461858619024724e+02 6.173514012962101560e+00 -1.471767602695409494e+01 -3.535670027232299173e+00 -2.081334947791150469e+00 -7.783212051174003276e-01 -3.131825168062707943e-01 -1.046445203905668336e-01 -3.297503218492260635e-02 -1.302531581805976488e-02 -1.086470055739773878e-02 -1.195966884990859631e-02 -1.184501362956501963e-02 -1.009013953722195760e-02 -7.535667196667143741e-03 -5.052487302561615122e-03 -3.142225109992424249e-03 -1.927747651404287769e-03 -1.289714673388193261e-03 -1.016210417087625101e-03 -9.094720521408988399e-04 -8.374249251632346746e-04 -7.404701281054388174e-04 -6.126641902587934892e-04 -4.748658476150872639e-04 -3.519669743936717577e-04 -2.596714189879061659e-04 -2.008375708737712305e-04 -1.684433289186633019e-04 -1.512445378555758095e-04 -1.389699148480200023e-04 -1.253248767400999347e-04 -1.085059083881865220e-04 -8.994702366193789900e-05 -7.236344098456926662e-05 -5.805073871491541832e-05 -4.796707496484462445e-05 -4.166567972037643500e-05 -3.781830108974735508e-05 -3.493155055480021007e-05 -3.192114583920489725e-05 -2.836300962926964727e-05 -2.442056680860108200e-05 -2.056947779568110108e-05 -1.728978253919555906e-05 -1.482807960088230178e-05 -1.320291812781327831e-05 -1.209624715885259761e-05 -1.103738007021912012e-05 -1.017724089336635673e-05 -9.156535406685991892e-06 -8.050258604989719884e-06 -6.955183702547613030e-06 -5.998868538616885916e-06 -5.258577487579761976e-06 -4.738796768211103035e-06 -4.381089422260519626e-06 -4.098965994085534390e-06 -3.816730465950451539e-06 -3.495632315270659692e-06 -3.139370113084285144e-06 -2.781163552059006510e-06 -2.461718650130187875e-06 -2.208919018285743065e-06 -2.028178793490114396e-06 -1.900174862050321707e-06 -1.814857430999347399e-06 -1.656800599964339296e-06 -1.967924032501038382e-06
2.032492109844535703e-03 -3.459474094503129017e-05 -8.754782114216445778e-05 -8.734450462448349302e-04 -2.058098655648608714e-03 -3.468932303854227461e-03 -4.780318422993066335e-03 -5.661664972275384615e-03 -5.903027168706260694e-03 -5.550191682590545177e-03 -4.996712455091938468e-03 -4.983696350502391133e-03 -6.465505766245910335e-03 -1.032711854596760591e-02 -1.697913459437163861e-02 -2.592400945082643307e-02 -3.545729434065051505e-02 -4.274720251003470001e-02 -4.463602915727470782e-02 -3.958387755318668738e-02 -3.137372510296704969e-02 -3.533528631955617366e-02 -8.910351144390159239e-02 -2.671717771534933838e-01 -7.242469818914787361e-01 -1.670387711187967472e+00 -3.910713765847034562e+00 -6.680394173667771440e+00 -2.148760754167982867e+01 -8.337691658323273525e-02 -2.491504175786572262e+02 8.232954005715762378e+02 -6.157258679694576131e+03 2.624386353590991348e+04 -5.901808756480316333e+03 7.922109347250001292e+02 -2.160846771301258968e+02 6.153560066504151216e+00 -1.490321023903270259e+01 -3.593190829258853913e+00 -2.114070560435526769e+00 -7.918169745031418127e-01 -3.188661252454069173e-01 -1.067218793153410505e-01 -3.372512727149595824e-02 -1.338577962874950775e-02 -1.117365528322853373e-02 -1.228352212776883876e-02 -1.215918717172706325e-02 -1.035926087139852486e-02 -7.741603692026108839e-03 -5.196546969638136948e-03 -3.237708175959931687e-03 -1.991390570874959284e-03 -1.335772337192318382e-03 -1.053925283086224428e-03 -9.431877458280815392e-04 -8.681097336075124576e-04 -7.675330733293219288e-04 -6.353594697163357594e-04 -4.930195132028209826e-04 -3.660937160064090630e-04 -2.707205227642788697e-04 -2.098283088814538455e-04 -1.761801091593309448e-04 -1.581946288658777039e-04 -1.452942533678131074e-04 -1.309988249277842123e-04 -1.134553238787671119e-04 -9.414543681272311882e-05 -7.586850204650147107e-05 -6.098807237492637082e-05 -5.048649849397077654e-05 -4.389686583090788013e-05 -3.984447494286156910e-05 -3.678667389332868916e-05 -3.360549066280419062e-05 -2.986468509954548156e-05 -2.573837645666653622e-05 -2.170608168339279898e-05 -1.830674573388757891e-05 -1.572315845523098360e-05 -1.376067658441252622e-05 -1.260579290317820965e-05 -1.167156340501879429e-05 -1.074752379964354392e-05 -9.694679435471604813e-06 -8.539330754885210512e-06 -7.396559449178595427e-06 -6.396662429476875390e-06 -5.620666055617332468e-06 -5.073242575093591154e-06 -4.693885458087014471e-06 -4.392968500158177256e-06 -4.092086409556637337e-06 -3.751170402373698834e-06 -3.374179104637395927e-06 -2.995709393253509388e-06 -2.657975290653061287e-06 -2.390772910169575395e-06 -2.196096523451317172e-06 -2.077655553111836777e-06 -1.900737411300326269e-06 -2.295540680567488839e-06
1.584859780231381117e-03 6.724412403250131127e-04 9.754445069551471396e-04 5.964340907205984213e-04 -3.060508417422998706e-04 -1.650940204617760065e-03 -3.197411491396200036e-03 -4.623057007475134955e-03 -5.605300961815919136e-03 -5.941056060867131762e-03 -5.670707605038486851e-03 -5.168482619887134095e-03 -5.149030777395659751e-03 -6.546035536820015918e-03 -1.024361595828990855e-02 -1.668095597803698552e-02 -2.541849272822445729e-02 -3.482663685045360447e-02 -4.214059862192327810e-02 -4.422824059031207899e-02 -3.949899903054239492e-02 -3.158234898650500583e-02 -3.554609349962630643e-02 -8.868466356258612737e-02 -2.651605898701407393e-01 -7.195349773330469434e-01 -1.662170782732505625e+00 -3.900376472217808033e+00 -6.668418511735314524e+00 -2.152012599694096195e+01 3.239133126956523796e-03 -2.503743636922193900e+02 8.285501875148338513e+02 -6.198036709986312417e+03 2.643640695668719127e+04 -5.949417725939210868e+03 7.986636107741518344e+02 -2.181620501629210480e+02 6.138129290550290662e+00 -1.508984094100443940e+01 -3.650530383380373944e+00 -2.146780024432077827e+00 -8.052733568684623533e-01 -3.245313041973522106e-01 -1.087893528642079471e-01 -3.446972343990312854e-02 -1.374233366165946574e-02 -1.147936445334355772e-02 -1.260463354421247420e-02 -1.247119685734357844e-02 -1.062683512572706185e-02 -7.946546437942635793e-03 -5.340027898651841104e-03 -3.332869442059966346e-03 -2.054836944869150358e-03 -1.381676677891724610e-03 -1.091498180348161309e-03 -9.767762510864746919e-04 -8.987002627958324023e-04 -7.945496310219921175e-04 -6.580581356390110843e-04 -5.112142133555287347e-04 -3.802788815142636638e-04 -2.818255747733492832e-04 -2.188600784330841395e-04 -1.839408759012114015e-04 -1.651581459118508187e-04 -1.516317621340921630e-04 -1.366944172720298116e-04 -1.184383202231654281e-04 -9.838679296894493171e-05 -7.941922165338151450e-05 -6.396647233981938793e-05 -5.303761963784309782e-05 -4.614973267060729106e-05 -4.188564757386114851e-05 -3.865461119662626861e-05 -3.530787611854819245e-05 -3.138215930908684934e-05 -2.710346135651834498e-05 -2.289028909725440188e-05 -1.907024046679142948e-05 -1.638516669247210497e-05 -1.452686524700640232e-05 -1.329448944615049953e-05 -1.233048845625799733e-05 -1.136191883746520325e-05 -1.026092587207208009e-05 -9.052902882908702285e-06 -7.858190191136497761e-06 -6.811824799825319692e-06 -5.997789172167069297e-06 -5.420878578400244306e-06 -5.018373334616576598e-06 -4.697419795903774873e-06 -4.376836576369113112e-06 -4.015197419185502931e-06 -3.616754727902786381e-06 -3.217367716675378852e-06 -2.861831142391824270e-06 -2.576847532849693997e-06 -2.392101738333929707e-06 -2.166997802546306641e-06 -2.633318378103161642e-06
3.819845826919007867e-04 7.522446754937731159e-04 1.037186351991221164e-03 9.564764577899923783e-04 4.498242745028096785e-04 -4.957246530824096706e-04 -1.792962669139926786e-03 -3.249576167244477495e-03 -4.592898934348220961e-03 -5.537788468257362658e-03 -5.893376633926652140e-03 -5.684564376173145174e-03 -5.249076960972358201e-03 -5.257877531454031167e-03 -6.610614568110121346e-03 -1.018190498284303643e-02 -1.643434877505874428e-02 -2.498286710193780430e-02 -3.426982574621934702e-02 -4.159551471246168697e-02 -4.385440712208412556e-02 -3.941229891043560724e-02 -3.176163862256054654e-02 -3.573750788075755191e-02 -8.833920625009879235e-02 -2.634621062470881570e-01 -7.156196895111796019e-01 -1.655579145502026783e+00 -3.893206838330145025e+00 -6.661402562483339729e+00 -2.156444453810805939e+01 8.547970965526388576e-02 -2.516913374524950200e+02 8.340583960689560854e+02 -6.240664731227658194e+03 2.663612845273963103e+04 -5.998481093346187663e+03 8.053149393646700673e+02 -2.202813394075132578e+02 6.126998530943748911e+00 -1.527792146489813518e+01 -3.707812051053845259e+00 -2.179528655305008389e+00 -8.187171281226349739e-01 -3.301888885421722653e-01 -1.108506726026423916e-01 -3.520999659633929080e-02 -1.409547009827887692e-02 -1.178230745020793571e-02 -1.292359127226891564e-02 -1.278166005243776791e-02 -1.089339433094621210e-02 -8.150866605114163305e-03 -5.483125447672963088e-03 -3.427765291909948622e-03 -2.118068341547907438e-03 -1.427398174207676791e-03 -1.128930681717219128e-03 -1.010282201821916968e-03 -9.292701953292428502e-04 -8.215954727175470151e-04 -6.808127213095955350e-04 -5.294669754425257186e-04 -3.945076220600081006e-04 -2.929553194819988697e-04 -2.279040975599551150e-04 -1.917132013765383955e-04 -1.721430200017668528e-04 -1.580049571862340288e-04 -1.424373951137781807e-04 -1.234727633725870525e-04 -1.026750018645906237e-04 -8.300634795055969288e-05 -6.696976896787611177e-05 -5.560575399818723052e-05 -4.841689300681295170e-05 -4.394674819929905490e-05 -4.054040162075501233e-05 -3.706221323878962083e-05 -3.295225296445410416e-05 -2.819837508914945794e-05 -2.382560624743972752e-05 -2.005808633389100470e-05 -1.724007266353698919e-05 -1.532006361430508646e-05 -1.403097803321293417e-05 -1.302010537958625628e-05 -1.200325343218023884e-05 -1.084962561051865670e-05 -9.585819572439503413e-06 -8.336573268073503779e-06 -7.241632745552504272e-06 -6.387828744614511540e-06 -5.780016119245165489e-06 -5.353196338042498927e-06 -5.011231847661463689e-06 -4.670121050131844380e-06 -4.287111013855940380e-06 -3.866608245578524891e-06 -3.446960915949066093e-06 -3.069809088093737071e-06 -2.794418097222494151e-06 -2.486350959047543229e-06 -2.996546391877362087e-06
-8.670235935680864698e-04 3.516241007305099587e-04 3.707815524030857708e-04 4.148372618742038938e-04 2.601630790909089481e-04 -1.695021708927207688e-04 -9.351315767072382410e-04 -2.013903527878669209e-03 -3.275658985613166471e-03 -4.492468234566611256e-03 -5.397687241361039633e-03 -5.790997422636921105e-03 -5.665003661411950435e-03 -5.312515622473278076e-03 -5.360197863293445115e-03 -6.677542473552119245e-03 -1.013389224876500017e-02 -1.621656966337065714e-02 -2.459207654707391832e-02 -3.376857247134230910e-02 -4.110477505376412821e-02 -4.351841156072799172e-02 -3.933544191013908786e-02 -3.192563447564527451e-02 -3.591886832923744943e-02 -8.806273210391696304e-02 -2.620465228532794510e-01 -7.124303806986412857e-01 -1.650483440938303126e+00 -3.888987663490203417e+00 -6.659039852032073270e+00 -2.162004064191232899e+01 1.637673068134712084e-01 -2.530999971531038852e+02 8.398210672077801746e+02 -6.285157522951583815e+03 2.684316575981866117e+04 -6.049046664776251419e+03 8.121711606150524858e+02 -2.224454408903226863e+02 6.119969672596089261e+00 -1.546778366931125781e+01 -3.765150844907856342e+00 -2.212377391539048332e+00 -8.321730625028022077e-01 -3.358488302900506373e-01 -1.129093160976268467e-01 -3.594720276025954731e-02 -1.444589172548802966e-02 -1.208315258968892421e-02 -1.324106123292121372e-02 -1.309114224998621408e-02 -1.115933043385930641e-02 -8.354778499747042564e-03 -5.625927276497450120e-03 -3.522427569649970707e-03 -2.181118595957614106e-03 -1.472999550389227910e-03 -1.166310054258572074e-03 -1.043794253275818302e-03 -9.598844613849487339e-04 -8.486980164850526330e-04 -7.036157423056936836e-04 -5.477509962122167290e-04 -4.087537326890446705e-04 -3.040993120270717187e-04 -2.369705675946810568e-04 -1.995223472781458205e-04 -1.791778185857680267e-04 -1.644340002706171653e-04 -1.482329979824724723e-04 -1.285497308155187973e-04 -1.069935735598138846e-04 -8.661477770560638354e-05 -6.999048214432855705e-05 -5.819646828899590176e-05 -5.070395837696270886e-05 -4.606426082024858910e-05 -4.248371515529090282e-05 -3.852865875139819196e-05 -3.425712575442515064e-05 -2.953523369433869901e-05 -2.496914872832627295e-05 -2.107591985510952286e-05 -1.814694534028464838e-05 -1.614670502140929249e-05 -1.479685921562893183e-05 -1.373438851534065644e-05 -1.266603636956398720e-05 -1.145706405455037936e-05 -1.013519967244040170e-05 -8.829467880421885376e-06 -7.684294174812837059e-06 -6.789335498026188743e-06 -6.149477800789521203e-06 -5.697407245820636641e-06 -5.333661230558837225e-06 -4.971446977680355502e-06 -4.566513361795570510e-06 -4.124803102802243870e-06 -3.680631463314241452e-06 -3.312993214806259356e-06 -2.895778749338220860e-06 -3.420823519386775370e-06
-1.611949082165894205e-03 -2.372477608337750243e-04 -5.422363054216508375e-04 -5.308738081884719403e-04 -4.782975711178314446e-04 -4.810484254119368305e-04 -6.898284016270566678e-04 -1.217354085716697547e-03 -2.088212105934895719e-03 -3.204106442482130331e-03 -4.351240107142812993e-03 -5.259394642164925970e-03 -5.709294199488270695e-03 -5.663481217691383740e-03 -5.379693109483245882e-03 -5.452308273747295993e-03 -6.729996983039697629e-03 -1.008051285831277483e-02 -1.601328499655376228e-02 -2.423893605071121907e-02 -3.332197711150415576e-02 -4.067156951640460427e-02 -4.322552521504231804e-02 -3.927442579805342365e-02 -3.207971004009169819e-02 -3.609220267413210115e-02 -8.784829490817580577e-02 -2.608883469999174198e-01 -7.099086554268101423e-01 -1.646775412748327616e+00 -3.887534231869918866e+00 -6.661066614291195620e+00 -2.168646796464414805e+01 2.384809642003578867e-01 -2.545993375280598059e+02 8.458397840950071895e+02 -6.331533074359333114e+03 2.705766279746349392e+04 -6.101161970599488996e+03 8.192385113390810147e+02 -2.246571369465427779e+02 6.116867533774106747e+00 -1.565974036544846903e+01 -3.822654162804920652e+00 -2.245383390878149754e+00 -8.456644915232148785e-01 -3.415207048962814462e-01 -1.149688376228045206e-01 -3.668276399451677466e-02 -1.479437842113931825e-02 -1.238250784494249537e-02 -1.355755061119988912e-02 -1.340003062505727705e-02 -1.142491117105538800e-02 -8.558464261910345844e-03 -5.768574037920946168e-03 -3.616985848705309668e-03 -2.244113056325628026e-03 -1.518590435224081384e-03 -1.203713677180413225e-03 -1.077348675013454962e-03 -9.905430524173313052e-04 -8.758373272906847581e-04 -7.264474543941856549e-04 -5.660619002925752720e-04 -4.230329872827342966e-04 -3.152876497467263983e-04 -2.460918453252991110e-04 -2.073909920375726452e-04 -1.862690350349226372e-04 -1.709102628888379519e-04 -1.540645808945217553e-04 -1.336540659690526537e-04 -1.113354006087043487e-04 -9.025117234622262083e-05 -7.303511395443064360e-05 -6.084910896633099380e-05 -5.305364477798381421e-05 -4.787458711357778912e-05 -4.414408593636090164e-05 -4.025570233840095876e-05 -3.578695917738247792e-05 -3.090604442584344143e-05 -2.616992526713918552e-05 -2.213074497798231822e-05 -1.908611611113112302e-05 -1.700037200501868797e-05 -1.558628206944318059e-05 -1.446939599648283778e-05 -1.334722520628945153e-05 -1.208088745894786106e-05 -1.069916599465224679e-05 -9.335353272567228658e-06 -8.138563977420241395e-06 -7.201289554486386643e-06 -6.528442462836248646e-06 -6.050369576044721100e-06 -5.664321511587310540e-06 -5.280510193821270982e-06 -4.854744570993224032e-06 -4.387068239339827481e-06 -3.953868059727831510e-06 -3.423440560446536581e-06 -3.953051856038533388e-06
-1.639974725841053700e-03 -7.196879530295669349e-04 -1.245097094836332494e-03 -1.353766796042771368e-03 -1.262769309877774873e-03 -1.049865307713444221e-03 -8.791326286552936459e-04 -9.230696069199741246e-04 -1.311690724982902609e-03 -2.078419187311143345e-03 -3.129203124487054018e-03 -4.251188738236467979e-03 -5.171268006537534968e-03 -5.661620464836357794e-03 -5.669316032445455809e-03 -5.430668762179890856e-03 -5.516971831978209270e-03 -6.759346392437646026e-03 -1.002164188178803969e-02 -1.582905336527849066e-02 -2.392811824039720384e-02 -3.293187876857884416e-02 -4.029458036816818689e-02 -4.297310732235849751e-02 -3.922775797823139371e-02 -3.222471410591953161e-02 -3.625894491679751419e-02 -8.769217732414884281e-02 -2.599688331668367214e-01 -7.080067929426117068e-01 -1.644362756126597658e+00 -3.888686755737729150e+00 -6.667253482500776762e+00 -2.176334525778105444e+01 3.099615822783640118e-01 -2.561886539001226311e+02 8.521166245719999779e+02 -6.379812377466857470e+03 2.727976978298631366e+04 -6.154874511036706281e+03 8.265232541003065307e+02 -2.269191172953561022e+02 6.117537740263170321e+00 -1.585408810235502308e+01 -3.880423107380429393e+00 -2.278600951845645817e+00 -8.592138083966134321e-01 -3.472138598339958859e-01 -1.170327399624769699e-01 -3.741800188373586855e-02 -1.514153171388444956e-02 -1.268078492949216950e-02 -1.387342654575081380e-02 -1.370867040646930532e-02 -1.169045480191901673e-02 -8.762206384107917162e-03 -5.911301711395442436e-03 -3.711618255860380921e-03 -2.307165286610212904e-03 -1.564223407029340139e-03 -1.241148663188155511e-03 -1.110930583781269843e-03 -1.021232677665968435e-03 -9.030175474072417051e-04 -7.493332110795567500e-04 -5.844388348374929222e-04 -4.373848926168617986e-04 -3.265475780042867426e-04 -2.552765249843699682e-04 -2.153108842794977402e-04 -1.933996922071352757e-04 -1.774184711751276291e-04 -1.599256157570394304e-04 -1.387939844806204085e-04 -1.157084035249619097e-04 -9.395833424730223730e-05 -7.614989383079390434e-05 -6.317503169315999564e-05 -5.510153694148243282e-05 -4.996475134516158823e-05 -4.604672162612326981e-05 -4.202093176005497699e-05 -3.738016781059383522e-05 -3.231850343936351871e-05 -2.740700676065360142e-05 -2.321579009058347015e-05 -2.005138440788263615e-05 -1.787688939636943169e-05 -1.639602934233328813e-05 -1.522265198580959045e-05 -1.404485997844315098e-05 -1.271951856937437486e-05 -1.127642955962229511e-05 -9.853166586094237156e-06 -8.603567166482700991e-06 -7.622988492526153023e-06 -6.916376932542400233e-06 -6.411805988683289069e-06 -6.003009060643844351e-06 -5.598986489552204178e-06 -5.147038096112149848e-06 -4.694352895559760259e-06 -4.073983328215264911e-06 -4.633665314299055525e-06
-1.082681820069802047e-03 -9.113077060809911820e-04 -1.474650701571177331e-03 -1.707771834614835648e-03 -1.705183559581869646e-03 -1.503555408364718295e-03 -1.217012243413877117e-03 -9.991363608082323277e-04 -1.009308751931320153e-03 -1.364860754251034100e-03 -2.094027266853982529e-03 -3.106628704459539481e-03 -4.199912752855823779e-03 -5.111205263380369339e-03 -5.617031555601058844e-03 -5.658533462373849590e-03 -5.455748375229708264e-03 -5.557992517709650637e-03 -6.776979032953993516e-03 -9.968999161721153052e-03 -1.567048194338010667e-02 -2.365912518182612667e-02 -3.259212670419769226e-02 -3.996564980215622925e-02 -4.275500422812247847e-02 -3.919391382965482784e-02 -3.236374148974075632e-02 -3.642357257607487658e-02 -8.759373524733050920e-02 -2.592728352816580650e-01 -7.066830647901110041e-01 -1.643164218764136875e+00 -3.892305698011244708e+00 -6.677401183161395970e+00 -2.185034944934323420e+01 3.785152764136023862e-01 -2.578675121200524245e+02 8.586541235789208031e+02 -6.430019258448724031e+03 2.750964336441989144e+04 -6.210231972435025455e+03 8.340317027394307843e+02 -2.292339981190177980e+02 6.121844157077564574e+00 -1.605111003076748233e+01 -3.938553654995841313e+00 -2.312082000009303862e+00 -8.728424569154057400e-01 -3.529371755403140631e-01 -1.191042139861514665e-01 -3.815399516587201362e-02 -1.548779658779161558e-02 -1.297834777398983001e-02 -1.418910582404828667e-02 -1.401750860537705201e-02 -1.195637609576054826e-02 -8.966334746017174534e-03 -6.054330276042442505e-03 -3.806439583044332869e-03 -2.370312286130536218e-03 -1.609895627563589279e-03 -1.278607705419192208e-03 -1.144550909114801923e-03 -1.051988418592370630e-03 -9.302894433735121090e-04 -7.723237024265072574e-04 -6.029177476448300665e-04 -4.518233564386898299e-04 -3.378731155119533373e-04 -2.645080344998434075e-04 -2.232666854632028950e-04 -2.005637063208114471e-04 -1.839684266051149332e-04 -1.658257091827110426e-04 -1.440163454621534429e-04 -1.201630108431358591e-04 -9.732148516994994973e-05 -7.894531003169919013e-05 -6.580225248077183563e-05 -5.740998933136500556e-05 -5.209702975982580155e-05 -4.801879364449440244e-05 -4.383280286142297009e-05 -3.901455518803993299e-05 -3.376555396401270231e-05 -2.867390829503680373e-05 -2.432669535330401700e-05 -2.103938003973308818e-05 -1.877365982013682618e-05 -1.722404973020982144e-05 -1.599251774489199153e-05 -1.475761458623022793e-05 -1.337187158041760468e-05 -1.186609420710481740e-05 -1.038217070456460074e-05 -9.078718166781491272e-06 -8.054003805061723742e-06 -7.313120264186382129e-06 -6.781621452190944837e-06 -6.351809810477622944e-06 -5.921468652218604140e-06 -5.491268967640113838e-06 -4.822574573663407410e-06 -5.477150957985535246e-06
-2.922181861520308692e-04 -7.841947254134881695e-04 -1.218900899035703497e-03 -1.519663595972762550e-03 -1.656189942700803889e-03 -1.621348882952252215e-03 -1.449541571598778229e-03 -1.222632452822925396e-03 -1.062241453148682867e-03 -1.103489295854388329e-03 -1.453744754329758899e-03 -2.146478603417659430e-03 -3.108040229758889713e-03 -4.156394427078886900e-03 -5.045830378798445148e-03 -5.559694972557768268e-03 -5.632970777882855516e-03 -5.468169894065783368e-03 -5.591590249491312607e-03 -6.795076857179773062e-03 -9.927082831793459031e-03 -1.553439666956462316e-02 -2.342380824640104622e-02 -3.229343918611737863e-02 -3.967786728112712019e-02 -4.256880575432566566e-02 -3.917523556702152271e-02 -3.250215834503684953e-02 -3.659083812226335969e-02 -8.755160330276341718e-02 -2.587855149530234877e-01 -7.058996289758199261e-01 -1.643108425210098034e+00 -3.898270450385816321e+00 -6.691338235468675677e+00 -2.194720966769775572e+01 4.444174945795751341e-01 -2.596357219084826511e+02 8.654552437718093643e+02 -6.482180241881192160e+03 2.774744676918217374e+04 -6.267282420741230453e+03 8.417702445476332969e+02 -2.316043392380287571e+02 6.129666653417900513e+00 -1.625107806162095514e+01 -3.997137189500870935e+00 -2.345876117236583625e+00 -8.865707648132006291e-01 -3.586989574926751079e-01 -1.211861778369424103e-01 -3.889174465770735972e-02 -1.583366728701007115e-02 -1.327566779457738967e-02 -1.450510459013613397e-02 -1.432703712724371463e-02 -1.222306671206237552e-02 -9.171106558198055536e-03 -6.197794478807131489e-03 -3.901503518152947807e-03 -2.433574904038145539e-03 -1.655631754177991615e-03 -1.316135322613974125e-03 -1.178270481772493786e-03 -1.082872344140780891e-03 -9.577001357692916652e-04 -7.954419918352181526e-04 -6.214988632669558085e-04 -4.663352872549811541e-04 -3.492507118938266084e-04 -2.737815159038474878e-04 -2.312699376585739517e-04 -2.077722977484912294e-04 -1.906112224053012696e-04 -1.718199191046888440e-04 -1.488790426298696953e-04 -1.242835813349159584e-04 -1.010125390832307472e-04 -8.202338382081044528e-05 -6.847694375764724005e-05 -5.979427562168743057e-05 -5.428065791855235636e-05 -5.003674790998798337e-05 -4.568398365324310344e-05 -4.068340455404028847e-05 -3.524273235867617072e-05 -2.996718550961812043e-05 -2.546079853200543583e-05 -2.204798809079320089e-05 -1.968898784336765119e-05 -1.806897505318341753e-05 -1.677788347758584695e-05 -1.548458319435899180e-05 -1.403720396792447604e-05 -1.246755571610070771e-05 -1.092189772549390374e-05 -9.563697486655217255e-06 -8.494300444411203636e-06 -7.718691955527533851e-06 -7.162386038227538238e-06 -6.704478204295953374e-06 -6.304389569108192265e-06 -5.624096600504626254e-06 -6.461226624324261243e-06
3.643226201919382641e-04 -4.449532153485374984e-04 -6.657593173957548948e-04 -9.555177981261445130e-04 -1.207288841137110422e-03 -1.383231207798805680e-03 -1.444681667922945428e-03 -1.388750897037223375e-03 -1.263137916611674696e-03 -1.166096037627232639e-03 -1.223795178508719052e-03 -1.548731277658448990e-03 -2.190067854951771673e-03 -3.094848435207542617e-03 -4.100522748824403201e-03 -4.974159380560610501e-03 -5.501553976165566955e-03 -5.609008412031876029e-03 -5.481613617848941043e-03 -5.624868901293132023e-03 -6.813717606634755834e-03 -9.890898739134311446e-03 -1.541364205232502969e-02 -2.321549144651612051e-02 -3.203132471921342483e-02 -3.942959100508670184e-02 -4.241556458939090002e-02 -3.917472585543920610e-02 -3.264358435602156272e-02 -3.676275151144358516e-02 -8.756253043480895226e-02 -2.584927977021277412e-01 -7.056235952001225220e-01 -1.644134310903325069e+00 -3.906478023107181397e+00 -6.708917673559729344e+00 -2.205370055349337122e+01 5.079177784080493030e-01 -2.614933141233804577e+02 8.725233513974385460e+02 -6.536324443886484914e+03 2.799334996682502606e+04 -6.326074476067352407e+03 8.497453604467301602e+02 -2.340326588622721715e+02 6.140899698977811738e+00 -1.645425433594683895e+01 -4.056260805902443423e+00 -2.380030682921313367e+00 -9.004180903459674257e-01 -3.645071560605393501e-01 -1.232815127022492685e-01 -3.963234395380341168e-02 -1.617974095514741403e-02 -1.357326227865614070e-02 -1.482190963439535686e-02 -1.463766411615742037e-02 -1.249082152942116407e-02 -9.376709567998410891e-03 -6.341809387247414158e-03 -3.996892060949071464e-03 -2.497029049944044128e-03 -1.701509683976829522e-03 -1.353804732658399779e-03 -1.212145971627339976e-03 -1.113916679293866117e-03 -9.852582973298117369e-04 -8.186821351367695515e-04 -6.401742857456653836e-04 -4.809201598429091690e-04 -3.606956063702421189e-04 -2.831106517445127879e-04 -2.393762785244842582e-04 -2.150852521253381359e-04 -1.968756830815829165e-04 -1.774650700577142372e-04 -1.541009477042403657e-04 -1.287146732933408273e-04 -1.047610096746860557e-04 -8.518705968860046667e-05 -7.120930209524919529e-05 -6.222942475126560298e-05 -5.650798651928229318e-05 -5.209360696819079363e-05 -4.756992763814542086e-05 -4.238326337825101603e-05 -3.674740111164402731e-05 -3.128474568774141377e-05 -2.661640955688083143e-05 -2.307583023258958467e-05 -2.062174806500607284e-05 -1.892988875937682484e-05 -1.757800501124561981e-05 -1.622516462949730873e-05 -1.471503885301232343e-05 -1.308046441190628727e-05 -1.147214176148575731e-05 -1.005860463227936629e-05 -8.944014132925455767e-06 -8.136202387837716856e-06 -7.546803089529365081e-06 -7.127448002385367803e-06 -6.437710083564743597e-06 -7.533792195050503850e-06
6.492404170016767171e-04 -6.470582914406113333e-05 -8.544516966154404303e-05 -3.018515337278137971e-04 -5.985534738117706749e-04 -9.281331635525546771e-04 -1.211390135025579382e-03 -1.382738004287792019e-03 -1.417066245379503420e-03 -1.349147018334371324e-03 -1.273287765924532248e-03 -1.319418402872047725e-03 -1.609444504051835883e-03 -2.205279197994613853e-03 -3.067519434453001240e-03 -4.045246778371719247e-03 -4.912540058357271235e-03 -5.455406412967747122e-03 -5.592740935269485680e-03 -5.495857755549787491e-03 -5.653780221251978287e-03 -6.827907624187194366e-03 -9.856520209800644430e-03 -1.530603675384724013e-02 -2.303335268859865032e-02 -3.180553840402611937e-02 -3.922062175981166909e-02 -4.229513865298879793e-02 -3.919265774783359940e-02 -3.278879724342965291e-02 -3.693960291363191512e-02 -8.762349236609813519e-02 -2.583832731109110825e-01 -7.058276592771831615e-01 -1.646189998851501191e+00 -3.916840129175979790e+00 -6.730012955183520162e+00 -2.216963620282100678e+01 5.692433831419596579e-01 -2.634405226330403593e+02 8.798621960173813932e+02 -6.592483489457652468e+03 2.824752984595228190e+04 -6.386657470894679136e+03 8.579636441351543681e+02 -2.365214462148810810e+02 6.155451327738306055e+00 -1.666089265391424590e+01 -4.116007899700176331e+00 -2.414591342025076859e+00 -9.144031697289718430e-01 -3.703695872559546465e-01 -1.253931320522666537e-01 -4.037691544983445374e-02 -1.652657910700120608e-02 -1.387155605797023294e-02 -1.513989981743938187e-02 -1.494971837191491279e-02 -1.275991000668021125e-02 -9.583358730490279531e-03 -6.486547120290604360e-03 -4.092743152310465704e-03 -2.560780754203807828e-03 -1.747602456437823745e-03 -1.391656897769438664e-03 -1.246192663807118347e-03 -1.145122456898724737e-03 -1.012963841012963669e-03 -8.420516151003617231e-04 -6.589669062115097826e-04 -4.955972847973398642e-04 -3.722701001917252082e-04 -2.925609864267464150e-04 -2.470837271477264638e-04 -2.220300003692870529e-04 -2.035304290948657569e-04 -1.834510053044358211e-04 -1.593942814494707567e-04 -1.332466283954196885e-04 -1.085785394658892941e-04 -8.841015492799874991e-05 -7.399147824055901494e-05 -6.470820511581732066e-05 -5.877435486984314988e-05 -5.418589385602974487e-05 -4.948805059045544735e-05 -4.411213375957882593e-05 -3.827797087093551200e-05 -3.262529126762014393e-05 -2.779245392332193871e-05 -2.412201516603655179e-05 -2.157120746209660199e-05 -1.980619705091863549e-05 -1.839241206541426381e-05 -1.697900248592884277e-05 -1.540514295097815137e-05 -1.370473035696074442e-05 -1.203314237924129907e-05 -1.056368965429430173e-05 -9.406824656302332268e-06 -8.557127195198946292e-06 -8.012261270650858252e-06 -7.258585271582725515e-06 -8.640013746937163993e-06
5.305379147212574854e-04 2.016081492188441884e-04 2.940505890918009664e-04 1.750981983678442824e-04 -8.848513286546503989e-05 -4.592850320965456679e-04 -8.584246551340054144e-04 -1.198596323329262792e-03 -1.410589325129037045e-03 -1.470091512129846753e-03 -1.413814413729007650e-03 -1.337549070255638706e-03 -1.372215088401139253e-03 -1.641335967803993256e-03 -2.210386982280834311e-03 -3.045908519905010485e-03 -4.004265961320844017e-03 -4.865767709067743765e-03 -5.418671865932036050e-03 -5.578026742619975747e-03 -5.505101997974712509e-03 -5.675289785496273089e-03 -6.837779521747371428e-03 -9.826026729431872400e-03 -1.521372411718795344e-02 -2.287806975050388908e-02 -3.161478294600813393e-02 -3.904831198860628932e-02 -4.220487504734744127e-02 -3.922768633809511907e-02 -3.293820733669981099e-02 -3.712245190814997264e-02 -8.773313426211643007e-02 -2.584481245763106116e-01 -7.064886354711051863e-01 -1.649230408842280671e+00 -3.929280291980680850e+00 -6.754515020952516657e+00 -2.229486608348786447e+01 6.286013725633645688e-01 -2.654777696995918177e+02 8.874758943852646098e+02 -6.650691449446361730e+03 2.851017040531074235e+04 -6.449081594809940725e+03 8.664318200426180283e+02 -2.390731729585768903e+02 6.173241894781729577e+00 -1.687124011751856045e+01 -4.176458925326247851e+00 -2.449602448812701727e+00 -9.285442745011370791e-01 -3.762938964359452965e-01 -1.275238429240405369e-01 -4.112646416165179064e-02 -1.687462378107340219e-02 -1.417088683446944899e-02 -1.545942351175717475e-02 -1.526355391584917516e-02 -1.303065907324726415e-02 -9.791326105508856362e-03 -6.632210158597272830e-03 -4.189188381153540960e-03 -2.624900870076227969e-03 -1.793938472041729836e-03 -1.429699223418258273e-03 -1.280416376493272688e-03 -1.176505013887244435e-03 -1.040849545187484942e-03 -8.655790861218818711e-04 -6.779497994053553444e-04 -5.104413169070248606e-04 -3.834413404351464261e-04 -3.016295032503591724e-04 -2.552137538963216291e-04 -2.293442346778771525e-04 -2.102692323581084914e-04 -1.895548559106426079e-04 -1.647726045153792291e-04 -1.378524573897418795e-04 -1.124574985104632264e-04 -9.168546235407536854e-05 -7.681882833793492811e-05 -6.722713584727208283e-05 -6.107720781289419684e-05 -5.631169445124790051e-05 -5.143689685571926792e-05 -4.586887595356105095e-05 -3.983351795863536280e-05 -3.398805174352181451e-05 -2.898828093903669042e-05 -2.518599776231653458e-05 -2.253692160341086420e-05 -2.069755520875328587e-05 -1.922086232564541167e-05 -1.774597564842871278e-05 -1.610754152684454226e-05 -1.434073549305442830e-05 -1.260526242863266830e-05 -1.108321104538948118e-05 -9.872879422101699066e-06 -9.070228307312414845e-06 -8.141828313052196947e-06 -9.761596653842853993e-06
1.509118044611235489e-04 2.738465706193561350e-04 3.699216862545770339e-04 3.324381219699171892e-04 1.553821595469058491e-04 -1.457900661618261517e-04 -5.242318119971875901e-04 -9.112663618636919916e-04 -1.232506783222453439e-03 -1.430247236687790186e-03 -1.485966414543330892e-03 -1.435343239310418869e-03 -1.367991021157018887e-03 -1.407038130434858873e-03 -1.670433815005263828e-03 -2.222966225184857571e-03 -3.035874414455841212e-03 -3.973771764664659790e-03 -4.825268667890470972e-03 -5.383111207913377806e-03 -5.560339334417819905e-03 -5.509435111582217451e-03 -5.692869057332299206e-03 -6.847838437106767637e-03 -9.802658374545884443e-03 -1.513730642653980142e-02 -2.274751485052290551e-02 -3.145522077041611880e-02 -3.890871919959813102e-02 -4.214225150287488619e-02 -3.927954990360619375e-02 -3.309353330897400747e-02 -3.731335679119834187e-02 -8.789077186741699188e-02 -2.586794852856620364e-01 -7.075857532339526745e-01 -1.653215818476577281e+00 -3.943732547231686425e+00 -6.782330918445683920e+00 -2.242927220823010970e+01 6.861804403655056284e-01 -2.676056532425373575e+02 8.953689185274996589e+02 -6.710984794399075327e+03 2.878146295811952950e+04 -6.513398028910825815e+03 8.751567597646900367e+02 -2.416903038848239476e+02 6.194202740978275834e+00 -1.708553862645179322e+01 -4.237691907900872579e+00 -2.485107212346615135e+00 -9.428591370658450099e-01 -3.822874311812681225e-01 -1.296762659335611856e-01 -4.188188638209939391e-02 -1.722428149024247263e-02 -1.447161781250281241e-02 -1.578088791258170850e-02 -1.557958239894673656e-02 -1.330342478972947398e-02 -1.000087432088434154e-02 -6.778961600149395472e-03 -4.286310597503912440e-03 -2.689423888490913468e-03 -1.840535813441990329e-03 -1.467954322347875219e-03 -1.314857977644181110e-03 -1.208102240118242091e-03 -1.069001644288311483e-03 -8.893522072673670526e-04 -6.965610009619113783e-04 -5.249199140587504494e-04 -3.950887483340563794e-04 -3.111054099981570582e-04 -2.634405690500068076e-04 -2.367908575483513277e-04 -2.171075913057460055e-04 -1.957489370937599404e-04 -1.702289059013339251e-04 -1.425254610748905699e-04 -1.163936962368630117e-04 -9.500979387493013371e-05 -7.968896721005258208e-05 -6.978441326118656435e-05 -6.341520281328067083e-05 -5.847001856926553804e-05 -5.341572952944332085e-05 -4.765292096177511396e-05 -4.141357839142557928e-05 -3.537263139029636887e-05 -3.020354959002855206e-05 -2.626749414255597612e-05 -2.351867514535484896e-05 -2.160383311635888956e-05 -2.006334304001703393e-05 -1.852622255364143151e-05 -1.682276108430787358e-05 -1.498896056606030650e-05 -1.319335469511847476e-05 -1.160596466548387982e-05 -1.044252908548986787e-05 -9.202682127871197171e-06 -1.095087423162985609e-05
-2.708076825943408843e-04 1.651157229227812561e-04 1.812627249792853317e-04 1.840510293677558842e-04 1.062709594729978216e-04 -5.986071577564912571e-05 -3.122728516856784656e-04 -6.250561288391259188e-04 -9.506518495174521004e-04 -1.230001206660404599e-03 -1.411611718714136932e-03 -1.473928301140668175e-03 -1.442912571817399174e-03 -1.395936966104708134e-03 -1.445739638077307059e-03 -1.705011296540128807e-03 -2.239757444739106859e-03 -3.028010396592461812e-03 -3.943975398418120282e-03 -4.784891850640036158e-03 -5.347621001994420573e-03 -5.542717085822166170e-03 -5.513816830266697784e-03 -5.711021921776026321e-03 -6.860474874135109001e-03 -9.786137399038590673e-03 -1.507429664991655378e-02 -2.263807762893204137e-02 -3.132336321345032676e-02 -3.879949592255219765e-02 -4.210661761602672165e-02 -3.934926767764928418e-02 -3.325677319254934788e-02 -3.751383221180195487e-02 -8.809504658263904442e-02 -2.590696909536125969e-01 -7.091004746696218941e-01 -1.658111865537120977e+00 -3.960141035844385815e+00 -6.813382630260603534e+00 -2.257276618924565881e+01 7.421532441099206734e-01 -2.698249355954528141e+02 9.035460869579688961e+02 -6.773402363742877242e+03 2.906160634875227697e+04 -6.579659072150087013e+03 8.841454973506417900e+02 -2.443753066313401234e+02 6.218275202720517925e+00 -1.730402595036000690e+01 -4.299782670744263235e+00 -2.521147727244933634e+00 -9.573649333846353526e-01 -3.883572786423834522e-01 -1.318529349394958194e-01 -4.264409310647762630e-02 -1.757601936242503618e-02 -1.477417239437824568e-02 -1.610472875001821985e-02 -1.589820210500209399e-02 -1.357851807167037572e-02 -1.021221164442645546e-02 -6.926924290337992465e-03 -4.384180916558076506e-03 -2.754400241828903421e-03 -1.887449857609517717e-03 -1.506468797378871871e-03 -1.349615237494863375e-03 -1.240014877568224256e-03 -1.096828921502090775e-03 -9.128108077322242154e-04 -7.157451554630417986e-04 -5.398799582154475800e-04 -4.068675747646129581e-04 -3.207372289164289736e-04 -2.717817524531203387e-04 -2.443412344446163598e-04 -2.240390506830548540e-04 -2.020272472484071276e-04 -1.757598638155358879e-04 -1.472632476865874565e-04 -1.203853673349982280e-04 -9.838176289012810988e-05 -8.260081260886093988e-05 -7.237922687242169355e-05 -6.578777110469180307e-05 -6.066049218169029290e-05 -5.542430976998877028e-05 -4.946410696671459903e-05 -4.301802423605804619e-05 -3.677891514828375162e-05 -3.143815831789769765e-05 -2.736643371771326237e-05 -2.451645739305783684e-05 -2.252512799389111246e-05 -2.092010694733965231e-05 -1.932042199050316728e-05 -1.755141796604959669e-05 -1.565491216001660004e-05 -1.378486397869733038e-05 -1.224457611126534059e-05 -1.058469627892734089e-05 -1.233914416736961804e-05
-5.399341863884999553e-04 -4.097518682834445480e-05 -1.337171329664611319e-04 -1.353779580196198264e-04 -1.386926556200525980e-04 -1.671056941887238045e-04 -2.557785229438420548e-04 -4.238439945443386761e-04 -6.645725630053255124e-04 -9.423366935440077039e-04 -1.201700668433531823e-03 -1.387293681803729089e-03 -1.468576572072794600e-03 -1.460530216427600265e-03 -1.430626522841832709e-03 -1.485217853397735339e-03 -1.735457552885023066e-03 -2.250695148599190284e-03 -3.015900163182504579e-03 -3.913478394280665157e-03 -4.747310593598024278e-03 -5.316782272489169181e-03 -5.529441786225480944e-03 -5.520790446259004822e-03 -5.730148527836122913e-03 -6.874374939692335165e-03 -9.774258386382315977e-03 -1.502238680223825368e-02 -2.254785872721166984e-02 -3.121793030355329845e-02 -3.872001329254663032e-02 -4.209797607268640773e-02 -3.943741302152638933e-02 -3.342880108414354734e-02 -3.772425863656251460e-02 -8.834416453425286697e-02 -2.596119744114408490e-01 -7.110170884281450387e-01 -1.663889543774005997e+00 -3.978459065782794291e+00 -6.847605266671266122e+00 -2.272528608664785565e+01 7.966786806229378959e-01 -2.721365342980534479e+02 9.120125579269434866e+02 -6.837985348724185314e+03 2.935080718182778219e+04 -6.647918260857938549e+03 8.934052441244798501e+02 -2.471306602626354163e+02 6.245409995105348777e+00 -1.752693659182463293e+01 -4.362805095390148935e+00 -2.557765166610332042e+00 -9.720784528412146352e-01 -3.945104235110586388e-01 -1.340564085004788963e-01 -4.341404913040402408e-02 -1.793033270447600899e-02 -1.507895803679110656e-02 -1.643133100528084214e-02 -1.621975039213743169e-02 -1.385620437063041915e-02 -1.042553207865446786e-02 -7.076237075283903222e-03 -4.482909732845035723e-03 -2.819905700878686406e-03 -1.934796479167083093e-03 -1.545356156647694065e-03 -1.384063365312148634e-03 -1.271652436613488488e-03 -1.125346980976610215e-03 -9.368663033631229910e-04 -7.351410099584516260e-04 -5.550576747171046378e-04 -4.187994326561268266e-04 -3.304960450217844792e-04 -2.802314608759041525e-04 -2.519898873779049782e-04 -2.310611052486983630e-04 -2.083883966311094642e-04 -1.813647602749467516e-04 -1.520653628488889306e-04 -1.244321496174626289e-04 -1.018010526127913310e-04 -8.555411557373799963e-05 -7.501142999264865546e-05 -6.819488151225258838e-05 -6.288318227186318521e-05 -5.746276395286301254e-05 -5.130257706513774451e-05 -4.464698497875169766e-05 -3.820701018447201499e-05 -3.269220689405441082e-05 -2.848294436133425524e-05 -2.553048778826193216e-05 -2.346181680216978961e-05 -2.179200456780895463e-05 -2.012935862102222833e-05 -1.829980911585531845e-05 -1.632460932439343653e-05 -1.450662301017144834e-05 -1.240230188739525564e-05 -1.410580853025272661e-05
-5.697830334100564354e-04 -2.363623571572703635e-04 -4.120621314865747066e-04 -4.479215350696627812e-04 -4.222582337420964331e-04 -3.621797587684865349e-04 -3.193023775853542456e-04 -3.415407763481957313e-04 -4.576833894788835135e-04 -6.650555519691858609e-04 -9.277270488691116007e-04 -1.186952822040836459e-03 -1.382379399331855547e-03 -1.477863089898922557e-03 -1.482975790549588124e-03 -1.460719010961682380e-03 -1.514682829885219189e-03 -1.755636795979860455e-03 -2.255240925081501788e-03 -3.003091626891403638e-03 -3.887311310527600660e-03 -4.716678268704357566e-03 -5.292588905356587423e-03 -5.520310500696965286e-03 -5.528791499728341954e-03 -5.748413738417451277e-03 -6.888230523300013092e-03 -9.766473381136646023e-03 -1.498151317271262557e-02 -2.247678132949587626e-02 -3.113845855064014539e-02 -3.866940130326634861e-02 -4.211539044196468962e-02 -3.954345294164843955e-02 -3.360969253175813409e-02 -3.794482750095192619e-02 -8.863690469870819100e-02 -2.603010370760904801e-01 -7.133225637595713708e-01 -1.670524321727944628e+00 -3.998647618268346804e+00 -6.884945258095238607e+00 -2.288679390707085659e+01 8.499033980783842201e-01 -2.745415149594091417e+02 9.207738245574386156e+02 -6.904777287074939522e+03 2.964928006425510466e+04 -6.718230482526816559e+03 9.029434032442215994e+02 -2.499588630577949004e+02 6.275566618078253889e+00 -1.775450275043244019e+01 -4.426831556992251393e+00 -2.595000090871789844e+00 -9.870162748911066597e-01 -4.007538129219637146e-01 -1.362892425102106841e-01 -4.419269321457856836e-02 -1.828766031924327143e-02 -1.538631554317350901e-02 -1.676102903331174940e-02 -1.654454716237866232e-02 -1.413676433267351679e-02 -1.064107020465426996e-02 -7.227065009321677509e-03 -4.582671453223513373e-03 -2.886087112966188341e-03 -1.981920974499769370e-03 -1.583992534866803621e-03 -1.419290891686421016e-03 -1.303994093755649021e-03 -1.154178629381817124e-03 -9.612451142871333626e-04 -7.547781065143834706e-04 -5.704268347534794097e-04 -4.308809585374983112e-04 -3.403776656390673002e-04 -2.887880747620265396e-04 -2.597362677905338288e-04 -2.381740385101591866e-04 -2.148330757269254843e-04 -1.870443888926190152e-04 -1.569325077019573602e-04 -1.285345820193856212e-04 -1.052680638959115474e-04 -8.854920791052483782e-05 -7.768135246504496083e-05 -7.063689827916797405e-05 -6.513848687550321019e-05 -5.953149784711442093e-05 -5.316871288401643609e-05 -4.630079879048618996e-05 -3.965721657581005070e-05 -3.396599151389857041e-05 -2.961739325902269516e-05 -2.656129042990827092e-05 -2.441495661796205037e-05 -2.268003308594219896e-05 -2.096034297503801783e-05 -1.905227048574503841e-05 -1.714276981098905578e-05 -1.468077962089633565e-05 -1.641178348027191742e-05
-3.900375106052199770e-04 -3.370776710900417442e-04 -5.367472105330991627e-04 -6.128987966369393164e-04 -6.029390153723848244e-04 -5.263683713816659114e-04 -4.278724845838711164e-04 -3.595307857662293134e-04 -3.670157960219922410e-04 -4.748811467316610782e-04 -6.769228183163301113e-04 -9.356012405296477291e-04 -1.192414903582031827e-03 -1.388023245688156833e-03 -1.486708489396225581e-03 -1.496983518237156221e-03 -1.479324202037131126e-03 -1.534285013977067583e-03 -1.770538541287338622e-03 -2.259861407608450192e-03 -2.994610734764352640e-03 -3.867558333861208751e-03 -4.692223487927172330e-03 -5.272612448740288289e-03 -5.512773092921165012e-03 -5.536310187908183821e-03 -5.765744250193527085e-03 -6.903036828612126377e-03 -9.764024350850874015e-03 -1.495232776247995554e-02 -2.242443175755497869e-02 -3.108353374177136308e-02 -3.864579142220131436e-02 -4.215730545678505331e-02 -3.966676755348362560e-02 -3.379987000254922741e-02 -3.817631140476650253e-02 -8.897275744226819383e-02 -2.611325768360946986e-01 -7.160056738790135933e-01 -1.677995110779007426e+00 -4.020674280050678284e+00 -6.925359316711500846e+00 -2.305727400550718187e+01 9.019627859704091311e-01 -2.770410854433576446e+02 9.298357121733216673e+02 -6.973824067781682970e+03 2.995724786036521982e+04 -6.790652085310032817e+03 9.127675837723662653e+02 -2.528624399337062130e+02 6.308712625817566533e+00 -1.798695534769665727e+01 -4.491933343942484669e+00 -2.632892644653665126e+00 -1.002194791944926555e+00 -4.070942921442453066e-01 -1.385539065961895189e-01 -4.498088572454032874e-02 -1.864838507138857904e-02 -1.569656581753621841e-02 -1.709417177019425735e-02 -1.687295384320077266e-02 -1.442050503703204596e-02 -1.085912772748912590e-02 -7.379648241957970957e-03 -4.682818614841380116e-03 -2.952304823484078015e-03 -2.029995192062187051e-03 -1.623427929835160894e-03 -1.454901103190582795e-03 -1.336755000490114694e-03 -1.183363422723317931e-03 -9.859271226191400426e-04 -7.746593687735255215e-04 -5.859876060578694161e-04 -4.431133118730337162e-04 -3.503831670729950967e-04 -2.974529563630231958e-04 -2.675820532019403445e-04 -2.453797560688486382e-04 -2.213632203114515920e-04 -1.928005189276656194e-04 -1.618661629909528318e-04 -1.326938350888411480e-04 -1.087837153803669833e-04 -9.158685043065584207e-05 -8.038968308993825712e-05 -7.311448868675334098e-05 -6.742706216428606485e-05 -6.163114008970104959e-05 -5.506309405750562411e-05 -4.797999145968430624e-05 -4.113003292409000961e-05 -3.526006353795495843e-05 -3.077048757676096024e-05 -2.761017756370067960e-05 -2.538580339994158327e-05 -2.359279998794177330e-05 -2.179552647773192812e-05 -1.997669743248840565e-05 -1.732662498006213477e-05 -1.932172083287899593e-05
-1.142633188214475819e-04 -3.132993671814056792e-04 -4.759891733673423048e-04 -5.776688606051801501e-04 -6.102217449280557477e-04 -5.792679997960347620e-04 -5.061731444908454565e-04 -4.255449684183284153e-04 -3.782197114870894101e-04 -4.005117708877808979e-04 -5.122792485526796646e-04 -7.078633783928108816e-04 -9.542289409518711065e-04 -1.198900252148322109e-03 -1.387479008743470197e-03 -1.486267301055693929e-03 -1.502363523453574155e-03 -1.492269908769000217e-03 -1.551857272579448182e-03 -1.786474809769063787e-03 -2.267440487817079606e-03 -2.989851306136962535e-03 -3.851406379701992431e-03 -4.670704389213515065e-03 -5.254651823638970334e-03 -5.506348426022563899e-03 -5.544403499169211005e-03 -5.783955325902188395e-03 -6.920410734651180271e-03 -9.767590028683473605e-03 -1.493428540490948642e-02 -2.238924572024658666e-02 -3.105113578220622741e-02 -3.864740279813005247e-02 -4.222276028315379709e-02 -3.980746942260763449e-02 -3.400028494022570846e-02 -3.841967226605009361e-02 -8.935122521711570676e-02 -2.621025846566972795e-01 -7.190564777205544766e-01 -1.686283937887089079e+00 -4.044512912184441866e+00 -6.968813907949438224e+00 -2.323673175826544934e+01 9.529820947542360088e-01 -2.796365908031331742e+02 9.392043776444455716e+02 -7.045173945176049529e+03 3.027494195993470566e+04 -6.865240984619691517e+03 9.228856142179042763e+02 -2.558439495397401515e+02 6.344822959609934365e+00 -1.822452487716336478e+01 -4.558180892869640566e+00 -2.671482605244685615e+00 -1.017630168343793606e+00 -4.135385685530728606e-01 -1.408527915679785858e-01 -4.577946050195710881e-02 -1.901290391432453736e-02 -1.601007294013566049e-02 -1.743113490857804704e-02 -1.720540190054585181e-02 -1.470781238723793509e-02 -1.107912945053250199e-02 -7.533387917291218573e-03 -4.784650668097215238e-03 -3.019703771561844247e-03 -2.078607358708161375e-03 -1.663364270118230809e-03 -1.490941604958844922e-03 -1.369920659627295008e-03 -1.212912539574803042e-03 -1.010920387530649502e-03 -7.947925744055698780e-04 -6.017458018090059016e-04 -4.555008501899969757e-04 -3.605160100078776261e-04 -3.062292041703915699e-04 -2.755302557576761184e-04 -2.526812135629837464e-04 -2.279816105308878744e-04 -1.986356081367245292e-04 -1.668683763341188722e-04 -1.369115495423040821e-04 -1.123493183890146476e-04 -9.466813438944137035e-05 -8.313739108686584096e-05 -7.562856045781588714e-05 -6.974977401032597852e-05 -6.376250881615261291e-05 -5.698648507050524674e-05 -4.968529286792400685e-05 -4.262623423601138024e-05 -3.657535651234854760e-05 -3.194384949567195581e-05 -2.867870027945131463e-05 -2.638454558156492824e-05 -2.450955933874877164e-05 -2.283199920561624662e-05 -2.015656057279250517e-05 -2.275489166434217745e-05
1.248470817023000692e-04 -1.924244243355836381e-04 -2.812481278445483714e-04 -3.834431868268915440e-04 -4.606654486588341191e-04 -5.047354071333480562e-04 -5.096398111741832614e-04 -4.818594859543432894e-04 -4.418945450118271943e-04 -4.209084578060600995e-04 -4.516659054612600808e-04 -5.563279707918259570e-04 -7.355578794213546044e-04 -9.640292190732261757e-04 -1.195785762678281414e-03 -1.379933966125830450e-03 -1.482611556609993338e-03 -1.507644542730335324e-03 -1.506649718088306361e-03 -1.570914210619581966e-03 -1.803214456647750895e-03 -2.275273705382819828e-03 -2.985454906203151813e-03 -3.836380247560518437e-03 -4.651295508153904107e-03 -5.239457067144356363e-03 -5.502702435100194529e-03 -5.554803995068707638e-03 -5.804160039096830856e-03 -6.940518141011976089e-03 -9.776435102034554403e-03 -1.492605649708724121e-02 -2.236970993138490127e-02 -3.103995096229889006e-02 -3.867340246669196541e-02 -4.231154857661772323e-02 -3.996595776708986025e-02 -3.421168591072549364e-02 -3.867540457362565048e-02 -8.977147922340562858e-02 -2.632073471011548427e-01 -7.224665075993554897e-01 -1.695376056071838278e+00 -4.070143402542369948e+00 -7.015284533405580447e+00 -2.342519203986529419e+01 1.003077758851670609e+00 -2.823295090929389630e+02 9.488863101425666855e+02 -7.118877561872025581e+03 3.060260255916676397e+04 -6.942056767661128106e+03 9.333055558796622790e+02 -2.589059908395506682e+02 6.383879519779328326e+00 -1.846744204944681655e+01 -4.625643938761339946e+00 -2.710809453175867301e+00 -1.033338393637948993e+00 -4.200932858492530952e-01 -1.431882905819700791e-01 -4.658929380614623694e-02 -1.938164101281570142e-02 -1.632727445957691745e-02 -1.777237685676620257e-02 -1.754138694548334348e-02 -1.499817704139487159e-02 -1.130257494802542478e-02 -7.689587416395238066e-03 -4.887778696730149010e-03 -3.087991443916102662e-03 -2.127819348048720464e-03 -1.703791769931526810e-03 -1.527429719274563374e-03 -1.403506614204153577e-03 -1.242842353295851637e-03 -1.036239021356245328e-03 -8.151889481364233249e-04 -6.177098083066316202e-04 -4.680498025444112479e-04 -3.707810892177263460e-04 -3.151210426691861848e-04 -2.835847945515860657e-04 -2.600821106832836862e-04 -2.346916446685718956e-04 -2.045526314929941431e-04 -1.719416297621364543e-04 -1.411897319635215117e-04 -1.159664935321298306e-04 -9.779441414118340251e-05 -8.592567195284162333e-05 -7.818022015213163241e-05 -7.210767102639865065e-05 -6.592660606054619600e-05 -5.893986224779590812e-05 -5.141773324474505162e-05 -4.414702101027585823e-05 -3.791385210440826096e-05 -3.313934327809184055e-05 -2.977884301886912378e-05 -2.738675502481022217e-05 -2.566194168138635523e-05 -2.299190561671789185e-05 -2.650329839746289420e-05
2.370506661278850181e-04 -3.842742407520429766e-05 -5.164652204220513890e-05 -1.318450291896951037e-04 -2.352764887025264465e-04 -3.454412663668920188e-04 -4.365079265724714050e-04 -4.895454191201723546e-04 -5.004124889751484498e-04 -4.837999687947147870e-04 -4.699443311723292232e-04 -4.946277196847000514e-04 -5.853708947710042389e-04 -7.487912365087059105e-04 -9.645993554409053447e-04 -1.189930795935148587e-03 -1.374588782792454059e-03 -1.483160306653335397e-03 -1.516340108353837323e-03 -1.522073030637462274e-03 -1.588620648102168076e-03 -1.817404650262470283e-03 -2.281020090025999165e-03 -2.980763629345319337e-03 -3.823315161455119113e-03 -4.635600406147796955e-03 -5.228578313364022449e-03 -5.502761792264381814e-03 -5.567643277294156111e-03 -5.825863590877922681e-03 -6.962565106599401601e-03 -9.789759496335623951e-03 -1.492698012636683828e-02 -2.236530005266643834e-02 -3.104952716313037417e-02 -3.872338956498585366e-02 -4.242339332927413248e-02 -4.014219400361917350e-02 -3.443427470120276335e-02 -3.894363130437378251e-02 -9.023274864985514343e-02 -2.644438688687379413e-01 -7.262289665814889439e-01 -1.705259753424503311e+00 -4.097551028380679305e+00 -7.064754754584798846e+00 -2.362269776906186891e+01 1.052358486022271444e+00 -2.851214483288428596e+02 9.588883329792420227e+02 -7.194987979786713368e+03 3.094047895520167003e+04 -7.021160796407447378e+03 9.440357162786233403e+02 -2.620512092081941660e+02 6.425870864484692468e+00 -1.871593842221584936e+01 -4.694391751868902674e+00 -2.750912553397894200e+00 -1.049335411536443274e+00 -4.267651150591058595e-01 -1.455628188898377695e-01 -4.741133790339697313e-02 -1.975510744774752053e-02 -1.664760929784390303e-02 -1.811740070235497158e-02 -1.788261521382236360e-02 -1.529311682308037365e-02 -1.152916377422237570e-02 -7.848017571854175659e-03 -4.992318711003126096e-03 -3.157182739881819137e-03 -2.177660732215972849e-03 -1.744732637535701455e-03 -1.564388286097656523e-03 -1.437534864479534042e-03 -1.273172941644889165e-03 -1.061899924004426621e-03 -8.358617555086076322e-04 -6.338895770886629911e-04 -4.807676216437569783e-04 -3.811842786689323458e-04 -3.241334964749179211e-04 -2.917502547991021361e-04 -2.675867093077733739e-04 -2.414971990892886701e-04 -2.105549714073270582e-04 -1.770887521829332581e-04 -1.455306838927935761e-04 -1.196371127135534632e-04 -1.009672601874009323e-04 -8.875591185727172414e-05 -8.077075207374907631e-05 -7.450198600523321444e-05 -6.812465417833110746e-05 -6.092452594176091512e-05 -5.317880739460973175e-05 -4.569476886474737497e-05 -3.927772886349941171e-05 -3.437085318645870908e-05 -3.088184172848896359e-05 -2.866201001649672732e-05 -2.579116035358584202e-05 -3.033308264756196697e-05
2.007848983569129149e-04 8.084969815457904120e-05 1.150048291047611499e-04 6.763215693296188409e-05 -3.435034107144758239e-05 -1.739561179555360851e-04 -3.197914614235537051e-04 -4.400139383675037122e-04 -5.124653833833826919e-04 -5.329589844790136527e-04 -5.179704577668173748e-04 -5.002211864830010454e-04 -5.179020774641737365e-04 -6.005674340873171828e-04 -7.565003719590735788e-04 -9.667685852790919125e-04 -1.189487829032350287e-03 -1.374828791848805958e-03 -1.486876214408086377e-03 -1.524885912683520686e-03 -1.534719791182919237e-03 -1.602579054591833684e-03 -1.828685636864584756e-03 -2.285973582953582280e-03 -2.977771622397576336e-03 -3.813918934495722033e-03 -4.624429998337100702e-03 -5.221848487120235062e-03 -5.505728615563212913e-03 -5.582012030142520335e-03 -5.848464785777073016e-03 -6.986407083925305107e-03 -9.807735929483973880e-03 -1.493723819656392685e-02 -2.237591460552113345e-02 -3.107936308563437333e-02 -3.879658890766098794e-02 -4.255755498361234873e-02 -4.033579978745045758e-02 -3.466815233554394748e-02 -3.922463816647246693e-02 -9.073468976672795228e-02 -2.658099234731055582e-01 -7.303384378517431275e-01 -1.715925801674452966e+00 -4.126725741944944126e+00 -7.117215434742702129e+00 -2.382930892011069801e+01 1.100925939198491132e+00 -2.880141444179844257e+02 9.692176066679211317e+02 -7.273560718377711964e+03 3.128882985472930886e+04 -7.102616309658419596e+03 9.550846626461056985e+02 -2.652823023002431455e+02 6.470791847809787889e+00 -1.897024711539538444e+01 -4.764493442854782934e+00 -2.791831347665330920e+00 -1.065637180363091074e+00 -4.335608064969614373e-01 -1.479788828352960328e-01 -4.824547975143660822e-02 -2.013279503462892320e-02 -1.697287151483744053e-02 -1.846786931511847779e-02 -1.822887366154818389e-02 -1.559251566187403251e-02 -1.175913378072728117e-02 -8.008777130407382719e-03 -5.098352414814752431e-03 -3.227326717581574002e-03 -2.228166963313557569e-03 -1.786215939815361886e-03 -1.601844080941666401e-03 -1.472030397033003302e-03 -1.303926599786391300e-03 -1.087921720111778307e-03 -8.568256214002822196e-04 -6.502961460811386906e-04 -4.936626398213334651e-04 -3.917321763663690420e-04 -3.332721972927083377e-04 -3.000317394107458757e-04 -2.751997177881071693e-04 -2.484025366858905507e-04 -2.166463440466207815e-04 -1.823128590435549442e-04 -1.499369519410425494e-04 -1.233632585759484722e-04 -1.041884290544429066e-04 -9.162967197724145594e-05 -8.340162610440807526e-05 -7.693418046990082931e-05 -7.035822147971216721e-05 -6.294227465087732598e-05 -5.497130240544653560e-05 -4.727196933396249150e-05 -4.068278502464914173e-05 -3.560492854491837051e-05 -3.229636271032786793e-05 -2.876215402322814183e-05 -3.414511084844678765e-05
6.321942714326652291e-05 1.223660622335379577e-04 1.625683437688029808e-04 1.446040108570970410e-04 6.797401858738026171e-05 -5.664356406796607524e-05 -2.063361067746660922e-04 -3.519838326444257870e-04 -4.661600912009756137e-04 -5.315739668493362977e-04 -5.473941419826797205e-04 -5.311004372705089259e-04 -5.143350537085777203e-04 -5.331823239618109283e-04 -6.153437013537111852e-04 -7.684466826998002237e-04 -9.743481937548194695e-04 -1.192927603902246662e-03 -1.376164613546130601e-03 -1.489060581726099966e-03 -1.530373684261016791e-03 -1.544191244416693361e-03 -1.614426337164377332e-03 -1.839570781416876742e-03 -2.292310713453927541e-03 -2.977540797306691897e-03 -3.807996794739661791e-03 -4.616731886318798522e-03 -5.218013335351741680e-03 -5.510736399798529805e-03 -5.597725487322773724e-03 -5.872391632614317944e-03 -7.012741995923608626e-03 -9.830898797128704431e-03 -1.495687079309278820e-02 -2.240100167867847478e-02 -3.112847892649879197e-02 -3.889194564122316899e-02 -4.271329978074962092e-02 -4.054662812034597746e-02 -3.491373561612420157e-02 -3.951899118487276624e-02 -9.127720406300761369e-02 -2.673036791260358092e-01 -7.347904568000674930e-01 -1.727367071623603811e+00 -4.157661825258021082e+00 -7.172664388594713891e+00 -2.404510188889639366e+01 1.148875311994579596e+00 -2.910094596405049288e+02 9.798816333366061144e+02 -7.354653799598010664e+03 3.164792369700171548e+04 -7.186488525009096520e+03 9.664612353455763696e+02 -2.686020258408464088e+02 6.518643214518740514e+00 -1.923060350996826529e+01 -4.836018183668000958e+00 -2.833605499439273867e+00 -1.082259783667467001e+00 -4.404859887008453767e-01 -1.504379061293980024e-01 -4.909411702341145295e-02 -2.051649658798531881e-02 -1.730280821951146047e-02 -1.882370321255525530e-02 -1.858052283643238031e-02 -1.589660725051919229e-02 -1.199268658658526540e-02 -8.172001568726721885e-03 -5.205967999593679243e-03 -3.298479846146464087e-03 -2.279377705524131704e-03 -1.828273912305850056e-03 -1.639826239105356435e-03 -1.507020063575208223e-03 -1.335127127011525618e-03 -1.114324260954829881e-03 -8.780961730830073213e-04 -6.669413741838893820e-04 -5.067438670434379518e-04 -4.024319481415332455e-04 -3.425432618993505714e-04 -3.084347728635713809e-04 -2.829262143530063950e-04 -2.554122448386944577e-04 -2.228307481385398945e-04 -1.876173096845784941e-04 -1.544112931178461532e-04 -1.271471994966263930e-04 -1.074598526628168333e-04 -9.454870220411370726e-05 -8.607454983392875600e-05 -7.940608375396875844e-05 -7.262940802119450731e-05 -6.499631837380092747e-05 -5.679804405964236912e-05 -4.889635993422036884e-05 -4.209086172825954840e-05 -3.718940836481731598e-05 -3.238393896844679631e-05 -3.812866669801579612e-05
-9.619456409602436140e-05 8.231490819040353550e-05 9.329968164017197563e-05 9.093635296475419713e-05 5.065708121823389305e-05 -2.644952325420400752e-05 -1.341862119179275479e-04 -2.579918997327449088e-04 -3.778142476904875033e-04 -4.731946916316985509e-04 -5.300478242271002699e-04 -5.467884067926840480e-04 -5.372522256342622494e-04 -5.283443637205895984e-04 -5.521491285259263809e-04 -6.343736659171679039e-04 -7.830311902056123329e-04 -9.822166824118444290e-04 -1.194768964167309058e-03 -1.375070365293980332e-03 -1.489020320596539087e-03 -1.534477570008178698e-03 -1.553274509702906071e-03 -1.626709844875805005e-03 -1.851456750385702815e-03 -2.300041486233127611e-03 -2.979053361136406106e-03 -3.804172969456177857e-03 -4.611421415973781558e-03 -5.216662924043276306e-03 -5.518079677949727126e-03 -5.615521658850905311e-03 -5.898429669208017298e-03 -7.042042781481245260e-03 -9.859206683961403705e-03 -1.498532345046289273e-02 -2.243966975650433376e-02 -3.119592210604463234e-02 -3.900873175552308642e-02 -4.289033421260056433e-02 -4.077488120695995505e-02 -3.517157401694195884e-02 -3.982718700540389262e-02 -9.186009139757750352e-02 -2.689234756657092884e-01 -7.395814339337519749e-01 -1.739578527170878575e+00 -4.190357809753836094e+00 -7.231106118316144027e+00 -2.427016883921339385e+01 1.196296052793110576e+00 -2.941093815643864104e+02 9.908882622776596918e+02 -7.438327799434102417e+03 3.201803899151072619e+04 -7.272844741380706182e+03 9.781745613183201158e+02 -2.720131992701062700e+02 6.569431311882503621e+00 -1.949724587230488382e+01 -4.909035472523093802e+00 -2.876273698585491978e+00 -1.099218214582537767e+00 -4.475489949147227753e-01 -1.529437735169330848e-01 -4.995746697926573693e-02 -2.090614692914289502e-02 -1.763777694521913644e-02 -1.918519529043417188e-02 -1.893788475603756100e-02 -1.620566488517723516e-02 -1.223003129713294730e-02 -8.337834750790928257e-03 -5.315258463527757632e-03 -3.370702121301312037e-03 -2.331335176717438777e-03 -1.870940775192003009e-03 -1.678365505620211737e-03 -1.542532062399762762e-03 -1.366799459898446071e-03 -1.141128354283683271e-03 -8.996898350461882956e-04 -6.838377816845134152e-04 -5.200208650270388751e-04 -4.132912276831060224e-04 -3.519532124227288308e-04 -3.169652371706699291e-04 -2.907715949647572554e-04 -2.625311921808700516e-04 -2.291124288205854162e-04 -1.930056780656621575e-04 -1.589566545523658141e-04 -1.309913836505798988e-04 -1.107836579158243996e-04 -9.751500216894922835e-05 -8.879162597160717427e-05 -8.192010311495925411e-05 -7.494187538005819447e-05 -6.708988714894330405e-05 -5.867890321969341063e-05 -5.052518392774571612e-05 -4.389073247641159134e-05 -3.729062925407097254e-05 -4.282074031167762217e-05
-2.036983772638684880e-04 -8.228098250706076763e-06 -4.218161767185096459e-05 -4.558245225314783237e-05 -5.384583474082296257e-05 -7.441221226626412765e-05 -1.178662194443892952e-04 -1.880552238586919605e-04 -2.796361339993346765e-04 -3.783095975043021791e-04 -4.652311117137559538e-04 -5.242529455557530613e-04 -5.494072429907064610e-04 -5.495272035235914928e-04 -5.474323121005493292e-04 -5.730304981181130351e-04 -6.520383897536283181e-04 -7.942643153913826444e-04 -9.865099928628828351e-04 -1.194193175890247540e-03 -1.373256092469439223e-03 -1.489657418521617453e-03 -1.539872327595549501e-03 -1.563475428428744022e-03 -1.639528611352621644e-03 -1.863401428684282723e-03 -2.307850187443124135e-03 -2.981253093984089723e-03 -3.802014908624258126e-03 -4.608715011699826211e-03 -5.218427213886109653e-03 -5.528462769468814667e-03 -5.635890050348079175e-03 -5.926705852851856839e-03 -7.074078612618418804e-03 -9.892179095656936441e-03 -1.502200851653613320e-02 -2.249134929440415112e-02 -3.128123185827207109e-02 -3.914665995988660108e-02 -4.308859182403820820e-02 -4.102072547682063947e-02 -3.544198860511097587e-02 -4.014946065435973099e-02 -9.248306658880552089e-02 -2.706679827680509298e-01 -7.447088203425309416e-01 -1.752557258196061341e+00 -4.224816271696017367e+00 -7.292551366337221452e+00 -2.450461696194872019e+01 1.243272605071654047e+00 -2.973160225749533083e+02 1.002245696346936256e+03 -7.524645905854677949e+03 3.239946467086507255e+04 -7.361754442485640539e+03 9.902340677886494404e+02 -2.755187112136939618e+02 6.623167779066815974e+00 -1.977041453048347108e+01 -4.983613977566015762e+00 -2.919877821433079834e+00 -1.116530186285419335e+00 -4.547558763360929901e-01 -1.554984026236829742e-01 -5.083640049442571945e-02 -2.130207725692302018e-02 -1.797809318416667551e-02 -1.955268029755944173e-02 -1.930128975512017744e-02 -1.651997153887957079e-02 -1.247138295017011407e-02 -8.506424954997206592e-03 -5.426319942336312908e-03 -3.444055852608246277e-03 -2.384083370930276894e-03 -1.914252192165085678e-03 -1.717493854822998902e-03 -1.578595663030143504e-03 -1.398969467454172716e-03 -1.168355607181347780e-03 -9.216237052203786169e-04 -7.009984509836578474e-04 -5.335036669245106847e-04 -4.243180513722225283e-04 -3.615089232900763061e-04 -3.256293282844189316e-04 -2.987415369581362576e-04 -2.697644980937398385e-04 -2.354958530770619065e-04 -1.984817366587034377e-04 -1.635761720451419342e-04 -1.348984654063340718e-04 -1.141622404557367384e-04 -1.005310076454722716e-04 -9.155560993827840531e-05 -8.448042642322785517e-05 -7.729939075990219829e-05 -6.924550023207573794e-05 -6.056636284574937326e-05 -5.259497685075585502e-05 -4.402853265033024798e-05 -4.900094960982195424e-05
-2.215992125754925586e-04 -1.014604293968393280e-04 -1.733606979775008361e-04 -1.898685492325208378e-04 -1.816178295353265172e-04 -1.602582211342170942e-04 -1.462862472474173929e-04 -1.575635399061347966e-04 -2.033747616164607701e-04 -2.805870593757860826e-04 -3.743625345336042197e-04 -4.634369770185125473e-04 -5.284201383535235561e-04 -5.602047647895384667e-04 -5.652285174571700793e-04 -5.649857386253433417e-04 -5.891801787197712076e-04 -6.642854732662699510e-04 -8.015125685271682612e-04 -9.892874226837778881e-04 -1.194408254499509676e-03 -1.373536080109164816e-03 -1.492438172921395313e-03 -1.546512561143039690e-03 -1.573710072669652063e-03 -1.651512781008669358e-03 -1.874409157263154163e-03 -2.315444072422367851e-03 -2.984501418949087308e-03 -3.802229270414609393e-03 -4.609289250341428064e-03 -5.223684002902764974e-03 -5.541888133042529273e-03 -5.658555289872089882e-03 -5.956847826087059358e-03 -7.108536889334470150e-03 -9.929624541514419853e-03 -1.506681434462170573e-02 -2.255591560011599092e-02 -3.138420213829271749e-02 -3.930545692249835105e-02 -4.330783252434138725e-02 -4.128408017832953247e-02 -3.572510256171267801e-02 -4.048599751791533835e-02 -9.314602234437525941e-02 -2.725363756986858843e-01 -7.501711025004722533e-01 -1.766302270295035504e+00 -4.261043444564990956e+00 -7.357016631319481803e+00 -2.474856789334380736e+01 1.289884935132774357e+00 -3.006316200884139107e+02 1.013962499190273775e+03 -7.613673982819692355e+03 3.279250045961768046e+04 -7.453289401606088177e+03 1.002649496139046050e+03 -2.791215233470219346e+02 6.679870773767357939e+00 -2.005035674413573688e+01 -5.059825730796026377e+00 -2.964457691926636773e+00 -1.134211444245557754e+00 -4.621134369821964238e-01 -1.581041516582572803e-01 -5.173174769015791846e-02 -2.170466286627652577e-02 -1.832408030645211322e-02 -1.992650307554032219e-02 -1.967107507871090899e-02 -1.683981590459727659e-02 -1.271696097228447626e-02 -8.677923746843762762e-03 -5.539250978377739838e-03 -3.518605135867600760e-03 -2.437667674980266690e-03 -1.958244988621792981e-03 -1.757244282642237559e-03 -1.615241051370836086e-03 -1.431663833089460384e-03 -1.196028333374737776e-03 -9.439154800731168167e-04 -7.184369648709155098e-04 -5.472027259991012194e-04 -4.355208154458650250e-04 -3.712175852670903460e-04 -3.344335255929096638e-04 -3.068419731369469725e-04 -2.771175118745424371e-04 -2.419856970894720646e-04 -2.040494595450253080e-04 -1.682732052475994133e-04 -1.388713978355277513e-04 -1.175984948036557117e-04 -1.035999232756861107e-04 -9.437135838526976566e-05 -8.709154440900024482e-05 -7.972802110400475353e-05 -7.140996993268694927e-05 -6.295909029475284008e-05 -5.277249834964308926e-05 -5.741707458310898538e-05
-1.582762279279949192e-04 -1.553746973105950963e-04 -2.422831454725107847e-04 -2.751823405316230911e-04 -2.691140827744831080e-04 -2.344999349112481012e-04 -1.918657311918522035e-04 -1.635151991722227775e-04 -1.671724427877422812e-04 -2.103031299757620416e-04 -2.875547950463470948e-04 -3.823342452327255811e-04 -4.724495736195570214e-04 -5.382829429787595920e-04 -5.708046800620156583e-04 -5.764489329513559478e-04 -5.764596891691755893e-04 -6.001488792039029333e-04 -6.737372970962153497e-04 -8.085884562749383548e-04 -9.937603544062101075e-04 -1.196971782555673056e-03 -1.375696294637563082e-03 -1.495986283744629936e-03 -1.552766572696303920e-03 -1.582861769499226568e-03 -1.662422524153296275e-03 -1.885025047736256162e-03 -2.323753352757541510e-03 -2.989641457171689307e-03 -3.805239596863512798e-03 -4.613064232738551575e-03 -5.231997948122893947e-03 -5.557834183326616252e-03 -5.683158429545001784e-03 -5.988779397589276236e-03 -7.145580087502332103e-03 -9.971777790403332439e-03 -1.511985165035674601e-02 -2.263322794285935885e-02 -3.150444575505802897e-02 -3.948462856731910914e-02 -4.354766786253450039e-02 -4.156484256692411644e-02 -3.602113423181450141e-02 -4.083715684733295326e-02 -9.384909555609860510e-02 -2.745282295737838663e-01 -7.559675695450591704e-01 -1.780814195626320817e+00 -4.299048923308120607e+00 -7.424523895275518370e+00 -2.500215740772337014e+01 1.336208888917359339e+00 -3.040585372629147969e+02 1.026047603459774791e+03 -7.705480640116233189e+03 3.319745725948549079e+04 -7.547523786540870788e+03 1.015430917671928569e+03 -2.828246802954265604e+02 6.739560516802514556e+00 -2.033732154043722673e+01 -5.137741257906132120e+00 -3.010054392238829202e+00 -1.152278363931369398e+00 -4.696285064578827328e-01 -1.607634482176929502e-01 -5.264435222352425309e-02 -2.211428938850495268e-02 -1.867606805347239024e-02 -2.030701447363476506e-02 -2.004758348142632318e-02 -1.716549146538028786e-02 -1.296698863151887066e-02 -8.852485579778182276e-03 -5.654152208978310314e-03 -3.594415601673908722e-03 -2.492134669077391163e-03 -2.002956998207896296e-03 -1.797650691319401927e-03 -1.652499243481889797e-03 -1.464909988733661267e-03 -1.224169500794963219e-03 -9.665834110178273290e-04 -7.361673691426818362e-04 -5.611288830332904079e-04 -4.469082473108117876e-04 -3.810866800095936003e-04 -3.433845695131158837e-04 -3.150790735460775498e-04 -2.845958028433685631e-04 -2.485868543107914563e-04 -2.097130691144755523e-04 -1.730514556151219316e-04 -1.429137211110103332e-04 -1.210962439172209962e-04 -1.067274859883434232e-04 -9.724428980442552633e-05 -8.978426392432451299e-05 -8.216693398157086088e-05 -7.416590695649622519e-05 -6.314752239303103782e-05 -6.842823058963171524e-05
-5.400142907894986107e-05 -1.508492548882630214e-04 -2.260149207675314696e-04 -2.700036294552213409e-04 -2.799888430735946094e-04 -2.609660714894326545e-04 -2.250534488280419134e-04 -1.890468519612661079e-04 -1.703459342134767019e-04 -1.821378776946941803e-04 -2.291667504258520951e-04 -3.056539131211861624e-04 -3.964764805488723860e-04 -4.818165314851300318e-04 -5.442099750798272450e-04 -5.757375007633259816e-04 -5.826313542378945640e-04 -5.849284497009990622e-04 -6.104075596923740294e-04 -6.841660800162574496e-04 -8.173398142187961613e-04 -9.997080860333507762e-04 -1.200288982335758836e-03 -1.377811424033931502e-03 -1.498945381964342542e-03 -1.558289370157479132e-03 -1.591521912427460881e-03 -1.673347007544904314e-03 -1.896292564279853255e-03 -2.333367864078800518e-03 -2.996670820274147107e-03 -3.810580919570793687e-03 -4.619403577329915869e-03 -5.242864768470424305e-03 -5.576119102771159679e-03 -5.709859139056110665e-03 -6.022868176708233781e-03 -7.185572653253480269e-03 -1.001880554079316241e-02 -1.518098762112000955e-02 -2.272287952542354633e-02 -3.164142098828014865e-02 -3.968369763268678879e-02 -4.380786925403164223e-02 -4.186312425453583841e-02 -3.633047574168855182e-02 -4.120338716477711660e-02 -9.459247935551996778e-02 -2.766433127835918881e-01 -7.620981527724153270e-01 -1.796095195425308599e+00 -4.338845591767082510e+00 -7.495100518697269010e+00 -2.526553521934581070e+01 1.382316601749401741e+00 -3.075992640894118608e+02 1.038510319822564270e+03 -7.800137307238282119e+03 3.361465755338079180e+04 -7.644534273220278919e+03 1.028588743613784118e+03 -2.866313088248876397e+02 6.802264518516732750e+00 -2.063156365643278534e+01 -5.217432469808344742e+00 -3.056709559840300461e+00 -1.170747585012293701e+00 -4.773080104239987298e-01 -1.634787575707317420e-01 -5.357507074507681516e-02 -2.253134852518959286e-02 -1.903439103724980513e-02 -2.069457048440787386e-02 -2.043116288259867741e-02 -1.749729633530243758e-02 -1.322169293339438279e-02 -9.030267688517850180e-03 -5.771126250055060546e-03 -3.671554300411847358e-03 -2.547532025726978629e-03 -2.048426982277274169e-03 -1.838747829510419939e-03 -1.690402042189546698e-03 -1.498736082470199151e-03 -1.252802705464199553e-03 -9.896462813494943250e-04 -7.542041508674952183e-04 -5.752933451857330203e-04 -4.584893848379606191e-04 -3.911239603696598302e-04 -3.524894450025049981e-04 -3.234592379761479643e-04 -2.922051742304357142e-04 -2.553044964528267450e-04 -2.154771844966401847e-04 -1.779153218240832584e-04 -1.470300938335756819e-04 -1.246623586214080622e-04 -1.099202134221549670e-04 -1.002111851564621635e-04 -9.248714380333012157e-05 -8.530838267796981482e-05 -7.430528500563259346e-05 -8.173633226736530565e-05
4.012710333144960871e-05 -9.650600488116325038e-05 -1.412685690984941903e-04 -1.862478456084985952e-04 -2.164999779906979626e-04 -2.301727206603641795e-04 -2.272550664228998327e-04 -2.128493363550737114e-04 -1.967990060683750750e-04 -1.915689094818035952e-04 -2.083968661700496812e-04 -2.529918581106306661e-04 -3.225347838651235525e-04 -4.055206624698372135e-04 -4.851292798728767692e-04 -5.454336411996337603e-04 -5.783775246570744405e-04 -5.887574975292061757e-04 -5.946310579140623052e-04 -6.220821548138304137e-04 -6.954116112872115504e-04 -8.260684699971795279e-04 -1.005026810584175312e-03 -1.202832632846846357e-03 -1.379426384091591434e-03 -1.501875976188677374e-03 -1.564209758521288964e-03 -1.600820375791745138e-03 -1.684980774800238276e-03 -1.908305348176229932e-03 -2.343887671015836872e-03 -3.004972052237204431e-03 -3.817717496092904155e-03 -4.628054230038734090e-03 -5.256360396918030413e-03 -5.597054390244308834e-03 -5.739035187516441580e-03 -6.059390242745648671e-03 -7.228581450818313651e-03 -1.007054320548620915e-02 -1.524988124489408230e-02 -2.282445708885581445e-02 -3.179476226124676452e-02 -3.990245216941784578e-02 -4.408844484298608118e-02 -4.217915599968328350e-02 -3.665349752787237098e-02 -4.158503016624755244e-02 -9.537630498457333461e-02 -2.788815718661559750e-01 -7.685634805348080523e-01 -1.812149010917591951e+00 -4.380449602654771901e+00 -7.568779066025095759e+00 -2.553886479636691931e+01 1.428276789776849354e+00 -3.112564170526483167e+02 1.051360348632073055e+03 -7.897718319904546661e+03 3.404443582072993740e+04 -7.744400150471293273e+03 1.042133745789818931e+03 -2.905446267577851245e+02 6.868014548517211715e+00 -2.093334319402354637e+01 -5.298972390629269391e+00 -3.104465533158769830e+00 -1.189636006722455619e+00 -4.851589823203720786e-01 -1.662525822796272756e-01 -5.452477234072618251e-02 -2.295623720977148924e-02 -1.939938836150179036e-02 -2.108953219557148720e-02 -2.082216648829990358e-02 -1.783553340765099693e-02 -1.348130472223048153e-02 -9.211430126305904589e-03 -5.890277683801114009e-03 -3.750089664590527862e-03 -2.603908467351383118e-03 -2.094694594732565956e-03 -1.880571267963133172e-03 -1.728982021838100774e-03 -1.533170968432633497e-03 -1.281952162711440073e-03 -1.013123396124136636e-03 -7.725622256233633835e-04 -5.897076704950863970e-04 -4.702735594319916185e-04 -4.013374355971983227e-04 -3.617553768128156048e-04 -3.319891168111054210e-04 -2.999517403425205940e-04 -2.621442536692600387e-04 -2.213472429492835685e-04 -1.828705160124454625e-04 -1.512287663223764282e-04 -1.283045526590840071e-04 -1.132218114449529573e-04 -1.031866076720704568e-04 -9.602540331921683998e-05 -8.532613823175463159e-05 -9.640014701850632218e-05
8.759443105152990756e-05 -2.141266828665446375e-05 -3.179526563307716265e-05 -6.805928268601677293e-05 -1.129459548077233340e-04 -1.593401104920230313e-04 -1.969391082594015852e-04 -2.187693774090205721e-04 -2.241749076306402948e-04 -2.198591153719964991e-04 -2.179080757570622459e-04 -2.313895496765763131e-04 -2.690511111889100988e-04 -3.312365703109158952e-04 -4.088567770948696033e-04 -4.862776849291039049e-04 -5.474747028171193320e-04 -5.833147744136123712e-04 -5.970556333162280009e-04 -6.053179336525601768e-04 -6.333041177027286467e-04 -7.052211141276981936e-04 -8.331754479651846046e-04 -1.009268817213431054e-03 -1.205215169384731000e-03 -1.381723373813169937e-03 -1.505935055694508379e-03 -1.571220887946414655e-03 -1.610839108341565080e-03 -1.696925591829229456e-03 -1.920474327045896797e-03 -2.354826369296717306e-03 -3.014340252922031310e-03 -3.826745958459748954e-03 -4.639306335416574882e-03 -5.272807722605972469e-03 -5.620860240645033507e-03 -5.770741374369771533e-03 -6.098249165951103584e-03 -7.274420022933142556e-03 -1.012678147062999294e-02 -1.532634439524669864e-02 -2.293780976353172740e-02 -3.196436010498593383e-02 -4.014083729950131824e-02 -4.438942296713341978e-02 -4.251307419535457766e-02 -3.699042797847102576e-02 -4.198232720146739122e-02 -9.620074718833256100e-02 -2.812432620903714264e-01 -7.753649676713020300e-01 -1.828980911457018355e+00 -4.423880312537225912e+00 -7.645597246793826685e+00 -2.582232128076516986e+01 1.474156947149391383e+00 -3.150327465729253618e+02 1.064607785502558045e+03 -7.998301000104498598e+03 3.448713898228715698e+04 -7.847203438045055918e+03 1.056077068889299426e+03 -2.945679473504450812e+02 6.936846995954598860e+00 -2.124292617471796518e+01 -5.382435267656227040e+00 -3.153365433178527244e+00 -1.208960815995359095e+00 -4.931885748305367412e-01 -1.690874653960754426e-01 -5.549433914899467440e-02 -2.338935763385908626e-02 -1.977140373642454277e-02 -2.149226606441801551e-02 -2.122095312745499521e-02 -1.818051065297342922e-02 -1.374605889124393479e-02 -9.396135883513208678e-03 -6.011713108430568470e-03 -3.830091519213746094e-03 -2.661313761548775216e-03 -2.141800376688163862e-03 -1.923157398998257168e-03 -1.768272531961657869e-03 -1.568244211333333750e-03 -1.311642709002404979e-03 -1.037034578901959402e-03 -7.912569285633444353e-04 -6.043837549912049745e-04 -4.822703841370525458e-04 -4.117353706357464735e-04 -3.711898585646215376e-04 -3.406757047648799460e-04 -3.078421354698552344e-04 -2.691126915639190402e-04 -2.273301686251126053e-04 -1.879268522136300307e-04 -1.555186679089673343e-04 -1.320738902739168098e-04 -1.165299622719240171e-04 -1.071433578724553847e-04 -9.586950772791075334e-05 -1.112506758996414794e-04
7.827437180263294169e-05 4.011505932407056981e-05 5.383448534693802731e-05 3.141520753535152402e-05 -1.646735762751224975e-05 -8.101790125869179544e-05 -1.474931917284632438e-04 -2.015894137461651065e-04 -2.340885638541936409e-04 -2.441363137616913467e-04 -2.396371644106778443e-04 -2.345284549545921895e-04 -2.437186954529622538e-04 -2.773764733709067312e-04 -3.367007826306725069e-04 -4.129323227781169208e-04 -4.903632387511279792e-04 -5.526171618471938888e-04 -5.900372771087880261e-04 -6.052863577444005279e-04 -6.144411739988604260e-04 -6.423538963192523474e-04 -7.132017498154394515e-04 -8.394330158469363911e-04 -1.013785505909613801e-03 -1.208695990001908875e-03 -1.385401210558709004e-03 -1.511132627167819731e-03 -1.578825823635531585e-03 -1.620918962193819033e-03 -1.708688699780545016e-03 -1.932653696576933392e-03 -2.366375886982397241e-03 -3.025152138766068650e-03 -3.838027603391476472e-03 -4.653354627104165642e-03 -5.292188362178392932e-03 -5.647361981222029023e-03 -5.804759855066172862e-03 -6.139289095136116897e-03 -7.323042084911731385e-03 -1.018755950971226426e-02 -1.541043009005798985e-02 -2.306293276900225550e-02 -3.215012617915637139e-02 -4.039872168894498988e-02 -4.471071839717494917e-02 -4.286492600057656421e-02 -3.734147211642768749e-02 -4.239557841629076895e-02 -9.706615929145298582e-02 -2.837289561126916104e-01 -7.825048376550014506e-01 -1.846597741307124618e+00 -4.469158143326628974e+00 -7.725595815635207586e+00 -2.611609736243145363e+01 1.520018126942565218e+00 -3.189311318454830371e+02 1.078263139404766889e+03 -8.101965752900583539e+03 3.494312685479796346e+04 -7.953029003003812250e+03 1.070430246786077305e+03 -2.987046846841062688e+02 7.008802838951384118e+00 -2.156058502308687252e+01 -5.467896713728553237e+00 -3.203453243687854446e+00 -1.228739518918980478e+00 -5.014040724144865901e-01 -1.719859945186401895e-01 -5.648466748842034812e-02 -2.383111761246424487e-02 -2.015078581773925223e-02 -2.190314434766247806e-02 -2.162788770006799852e-02 -1.853254150118593263e-02 -1.401619465731506788e-02 -9.584551056747141889e-03 -6.135541227699984300e-03 -3.911631123705401440e-03 -2.719798741601937245e-03 -2.189785771437253569e-03 -1.966543452164098114e-03 -1.808307713355756293e-03 -1.603986099739642930e-03 -1.341899809121775353e-03 -1.061400171344828187e-03 -8.103040080343243716e-04 -6.193338262103926508e-04 -4.944897591155630271e-04 -4.223263246024885464e-04 -3.808007621289733607e-04 -3.495265732610057367e-04 -3.158840337477825631e-04 -2.762180036574536299e-04 -2.334374361910899966e-04 -1.930944730512843606e-04 -1.599581825028102027e-04 -1.358496683426535794e-04 -1.209684194827651449e-04 -1.068173112254846918e-04 -1.256572550034480381e-04
2.778971886292807463e-05 6.391089781567448318e-05 8.349943644193159398e-05 7.391058822659441591e-05 3.493630815790927741e-05 -2.680944440587098318e-05 -9.904363940524906450e-05 -1.672937169306661185e-04 -2.190596685230564297e-04 -2.475970146167585494e-04 -2.541349062684308412e-04 -2.476654550537909214e-04 -2.421371665784435466e-04 -2.517497275865665214e-04 -2.857944237505120237e-04 -3.449033224840928973e-04 -4.202816730872444115e-04 -4.966340107812457173e-04 -5.581476154425265256e-04 -5.955428979035520863e-04 -6.114621746540102295e-04 -6.215748365610948740e-04 -6.501534948847121969e-04 -7.209314318217651535e-04 -8.462962299828484828e-04 -1.019370834426304440e-03 -1.213264630589335879e-03 -1.389859889383872121e-03 -1.516682917389273588e-03 -1.586439835474069519e-03 -1.630892592493622196e-03 -1.720514226433573525e-03 -1.945319894724498091e-03 -2.379002054450359005e-03 -3.037670151848777169e-03 -3.851550296773769647e-03 -4.669970817273977511e-03 -5.314198577470287746e-03 -5.676329514567451072e-03 -5.841025651650489335e-03 -6.182611767821450700e-03 -7.374637946347549662e-03 -1.025304171606141249e-02 -1.550218175249520706e-02 -2.319971754668917821e-02 -3.235184892695731201e-02 -4.067590032570168185e-02 -4.505225593236278359e-02 -4.323483801557244377e-02 -3.770696054937743708e-02 -4.282516800231754572e-02 -9.797312999532548083e-02 -2.863396478442150062e-01 -7.899839146042229032e-01 -1.865005766797285469e+00 -4.516310887183522027e+00 -7.808824376814315293e+00 -2.642039536833666347e+01 1.565922179789310364e+00 -3.229545878430237167e+02 1.092337341528747629e+03 -8.208796163766963218e+03 3.541277262959283689e+04 -8.061964680690801288e+03 1.085205218925529380e+03 -3.029583590523329804e+02 7.083927595275588018e+00 -2.188659904771986575e+01 -5.555433851298084313e+00 -3.254773891931170393e+00 -1.248989972761472389e+00 -5.098129042556733825e-01 -1.749508061689610539e-01 -5.749666921233985428e-02 -2.428193111052774633e-02 -2.053788866149171624e-02 -2.232254561717422064e-02 -2.204334169144632483e-02 -1.889194527570858470e-02 -1.429195587732890078e-02 -9.776845051314410340e-03 -6.261872967280105763e-03 -3.994781235542357520e-03 -2.779415344546148480e-03 -2.238693153423417133e-03 -2.010767520583105813e-03 -1.849122521633740678e-03 -1.640427663977479843e-03 -1.372749566211383266e-03 -1.086241036324477006e-03 -8.297196276885556755e-04 -6.345704573453221945e-04 -5.069419205482583995e-04 -4.331192748830372152e-04 -3.905965908090578711e-04 -3.585504304336389956e-04 -3.240868673211211325e-04 -2.834733671850502294e-04 -2.396804892451692888e-04 -1.984390132536220110e-04 -1.644083776481034920e-04 -1.409034787532607792e-04 -1.205487592215894583e-04 -1.403705256172594739e-04
-3.365788884967068468e-05 4.509481581082493319e-05 5.305209197299851201e-05 5.045474033375949507e-05 2.752200044505263707e-05 -1.381315617279735699e-05 -6.865883381302186148e-05 -1.286342940499575081e-04 -1.838550637631128663e-04 -2.255684369981695225e-04 -2.489735265189501191e-04 -2.552250228010569783e-04 -2.516981705001147471e-04 -2.500660770512295604e-04 -2.625221078485873247e-04 -2.972725217025142604e-04 -3.549857345982495704e-04 -4.277813364117329597e-04 -5.016279696587068850e-04 -5.617517814491417060e-04 -5.992878621145718938e-04 -6.165748599033589634e-04 -6.284738070954542155e-04 -6.583480981866109746e-04 -7.293356459691759455e-04 -8.537958958173789015e-04 -1.025383723681056423e-03 -1.218046216547439674e-03 -1.394420371818365107e-03 -1.522354697522608101e-03 -1.594292557207917151e-03 -1.641271263395115317e-03 -1.732936401721745954e-03 -1.958812677902908601e-03 -2.392753363551268150e-03 -3.051690851497039676e-03 -3.866992494680995904e-03 -4.688872508575496999e-03 -5.338708673557557120e-03 -5.707817766846265753e-03 -5.879728890191362328e-03 -6.228443215341137457e-03 -7.429365935753072525e-03 -1.032325174075529248e-02 -1.560148116987849880e-02 -2.334795668606796937e-02 -3.256932589884387746e-02 -4.097227270089530415e-02 -4.541412612628221296e-02 -4.362304107136589365e-02 -3.808741341043588718e-02 -4.327168864080119248e-02 -9.892015354026455209e-02 -2.890745003258145540e-01 -7.978084168912811247e-01 -1.884216938210117043e+00 -4.565365249349142118e+00 -7.895333891059427955e+00 -2.673543201474403119e+01 1.611928250232286031e+00 -3.271062671138751057e+02 1.106841759047556707e+03 -8.318879102828466785e+03 3.589646337165893783e+04 -8.174101399496200429e+03 1.100414347217267277e+03 -3.073326024352360832e+02 7.162271286573957951e+00 -2.222125492329867313e+01 -5.645125455796049962e+00 -3.307373329279265306e+00 -1.269730418115496029e+00 -5.184226573733380361e-01 -1.779845903147614095e-01 -5.853127317960008652e-02 -2.474221885704136481e-02 -2.093307224558650648e-02 -2.275085532797445700e-02 -2.246769372856135399e-02 -1.925904766211764679e-02 -1.457359139288668531e-02 -9.973190806987308407e-03 -6.390821610210526728e-03 -4.079616189430682396e-03 -2.840216661685534931e-03 -2.288565866794833609e-03 -2.055868594193809365e-03 -1.890752755438909662e-03 -1.677600697577826244e-03 -1.404218736604585316e-03 -1.111578571242756224e-03 -8.495203912861500582e-04 -6.501066275592824392e-04 -5.196375807248698698e-04 -4.441238971151983614e-04 -4.005871004311271108e-04 -3.677579215489785894e-04 -3.324656072972432511e-04 -2.908918372809641151e-04 -2.461328990946026773e-04 -2.038043340301500591e-04 -1.702920893921027173e-04 -1.405218025161928817e-04 -1.580062220456773955e-04
-7.771560867453897723e-05 -2.135905887052192081e-06 -1.545814048929036722e-05 -1.854003834056004813e-05 -2.544204203873465022e-05 -3.915909325563397093e-05 -6.336571268396966046e-05 -9.860334633700313474e-05 -1.415549344541746637e-04 -1.855695873331678438e-04 -2.228370683483189558e-04 -2.474479204325531778e-04 -2.581717948471780582e-04 -2.597027866118346438e-04 -2.615991650496226782e-04 -2.750199725277039211e-04 -3.082987304657543257e-04 -3.630949217936141533e-04 -4.328668666637667519e-04 -5.047325138516034438e-04 -5.644945065805273294e-04 -6.031652591561754853e-04 -6.223997750196443154e-04 -6.361416287457030781e-04 -6.669853638548569816e-04 -7.377456166163726993e-04 -8.610114539658701716e-04 -1.031103998801579432e-03 -1.222784466850942000e-03 -1.399304363041253612e-03 -1.528664023122049522e-03 -1.602931276830631482e-03 -1.652414138973467769e-03 -1.746029072178681288e-03 -1.972957946415708833e-03 -2.407335708029536940e-03 -3.066948139750324490e-03 -3.884221114150421088e-03 -4.710089440438147528e-03 -5.365870406309763627e-03 -5.742020240521211044e-03 -5.921024257734530324e-03 -6.276848352922810570e-03 -7.487191520955544140e-03 -1.039808122026831920e-02 -1.570819351775648576e-02 -2.350753639258619521e-02 -3.280252968994366164e-02 -4.128786638248650026e-02 -4.579664983916978405e-02 -4.403000106359285237e-02 -3.848105407541391881e-02 -4.373354913855258957e-02 -9.991091144509250954e-02 -2.919375675038230478e-01 -8.059809706465180801e-01 -1.904240941191601033e+00 -4.616351872495330966e+00 -7.985180642042574384e+00 -2.706143729097045281e+01 1.658093612372285808e+00 -3.313894630835835073e+02 1.121788209200307392e+03 -8.432304834910841237e+03 3.639460054051913175e+04 -8.289533309806352918e+03 1.116070433510558587e+03 -3.118311640808392440e+02 7.243888418224181613e+00 -2.256484717503411730e+01 -5.737052098345984952e+00 -3.361298611952550974e+00 -1.290979511096530752e+00 -5.272410898296473469e-01 -1.810900949769338464e-01 -5.958942679292672517e-02 -2.521240901146889341e-02 -2.133670303262669848e-02 -2.318846642020407772e-02 -2.290133016512307593e-02 -1.963418120127348454e-02 -1.486135539575954637e-02 -1.017376504113438537e-02 -6.522502946695571228e-03 -4.166211988112071725e-03 -2.902256998270726258e-03 -2.339448270878696258e-03 -2.101886598077296747e-03 -1.933235088816725187e-03 -1.715537783982339168e-03 -1.436334754916852603e-03 -1.137434744077545339e-03 -8.697234157930129562e-04 -6.659558839163083957e-04 -5.325882541443311942e-04 -4.553512998446794654e-04 -4.107842988156567101e-04 -3.771661126037361366e-04 -3.410355489597667535e-04 -2.985572234995761813e-04 -2.526212657365379914e-04 -2.107924858918540248e-04 -1.700753451286430586e-04 -1.827327832030770842e-04
-8.855214809645869586e-05 -5.299503809060630182e-05 -8.646171382655932895e-05 -9.570787947631399708e-05 -9.283092826725953108e-05 -8.388562782322721756e-05 -7.852082880121227175e-05 -8.486706836497523324e-05 -1.067619198809046331e-04 -1.422458622545165030e-04 -1.842802156118951906e-04 -2.234686430166316897e-04 -2.518382853498053590e-04 -2.662694818890510911e-04 -2.701754370304823810e-04 -2.726073500603796778e-04 -2.849176991456355739e-04 -3.161036806424635933e-04 -3.686638018170756027e-04 -4.367947713631395467e-04 -5.080532911488774232e-04 -5.682917161055745349e-04 -6.082122334293127821e-04 -6.289306345116572839e-04 -6.438184019489877601e-04 -6.750684452233463853e-04 -7.454110490982227433e-04 -8.677050505623059434e-04 -1.036799680899578397e-03 -1.228040525735819800e-03 -1.405080795327970106e-03 -1.535962356409883685e-03 -1.612403543587868394e-03 -1.664122067138785934e-03 -1.759492160319151921e-03 -1.987509326218780872e-03 -2.422653605007897819e-03 -3.083509002411229539e-03 -3.903405454898552403e-03 -4.733802757861893529e-03 -5.395801600023186068e-03 -5.778960728953562963e-03 -5.964858495969655935e-03 -6.327742236185995156e-03 -7.548045667465997158e-03 -1.047749890358598210e-02 -1.582234705323701252e-02 -2.367846215436214888e-02 -3.305167562589635816e-02 -4.162297409534009007e-02 -4.619771766703587024e-02 -4.445386268764032339e-02 -3.889159411439305908e-02 -4.421416194245432474e-02 -1.009446899068488779e-01 -2.949293378944565780e-01 -8.145060128011941680e-01 -1.925089464645100223e+00 -4.669304055098520756e+00 -8.078425567756440273e+00 -2.739865464329138689e+01 1.704473952164625272e+00 -3.358076135920864544e+02 1.137188974158040537e+03 -8.549167135604287978e+03 3.690760053391168185e+04 -8.408357917455057759e+03 1.132186737696943283e+03 -3.164579162106954868e+02 7.328837974556917878e+00 -2.291767866705811585e+01 -5.831296288240757519e+00 -3.416597981990955990e+00 -1.312756355642648698e+00 -5.362761440257928225e-01 -1.842701308983277497e-01 -6.067209758157438015e-02 -2.569293786324551923e-02 -2.174915455971463199e-02 -2.363577994463914034e-02 -2.334464568781798033e-02 -2.001768580133765976e-02 -1.515550780982908088e-02 -1.037874850589148162e-02 -6.657035435580615362e-03 -4.254646402615509457e-03 -2.965591940470163612e-03 -2.391385790903473568e-03 -2.148862434441773002e-03 -1.976607107259830808e-03 -1.754272330956574725e-03 -1.469125780049835217e-03 -1.163832181497375566e-03 -8.903465267437666360e-04 -6.821327461621827211e-04 -5.458071848405487243e-04 -4.668153761629078788e-04 -4.212080223106588099e-04 -3.867934811337110732e-04 -3.498951646637806813e-04 -3.062751637077504850e-04 -2.609949467478051683e-04 -2.107761051506961227e-04 -2.189702012660101234e-04
-6.773662353254620986e-05 -8.406131973362157106e-05 -1.277371557197543657e-04 -1.448630851181110851e-04 -1.413154637879697917e-04 -1.232409408095200168e-04 -1.014659327436153688e-04 -8.730516713992973645e-05 -8.918918273697327460e-05 -1.100470240875331548e-04 -1.464951673775656505e-04 -1.901483059533821322e-04 -2.307073879645915766e-04 -2.598238198734398189e-04 -2.743973860539602929e-04 -2.780374568432927634e-04 -2.799862816571449531e-04 -2.917040527262094638e-04 -3.222358427567549328e-04 -3.741377093151794812e-04 -4.417221786463894264e-04 -5.127052406576214534e-04 -5.730677374551373417e-04 -6.135210150616330488e-04 -6.350255466006105845e-04 -6.506712993667842018e-04 -6.823597276562506876e-04 -7.526650036405702852e-04 -8.745269337781475059e-04 -1.043110340586700206e-03 -1.234191237104851095e-03 -1.411774449640888079e-03 -1.543998002991620825e-03 -1.622355937561329158e-03 -1.676120653691257067e-03 -1.773240032484698888e-03 -2.002576298235542868e-03 -2.438931855523495014e-03 -3.101598101203599436e-03 -3.924675541615122408e-03 -4.760012072870717370e-03 -5.428400428782580514e-03 -5.818505972477451722e-03 -6.011141498579414093e-03 -6.381115789908230543e-03 -7.612018937203886455e-03 -1.056157952897185913e-02 -1.594420648338616339e-02 -2.386100547860424068e-02 -3.331437579209754751e-02 -4.197542093689315273e-02 -4.662111112958415571e-02 -4.489812563236775245e-02 -3.931799157549005497e-02 -4.471291950083854799e-02 -1.020221714046327666e-01 -2.980513171647579673e-01 -8.233884456324949142e-01 -1.946775504107093546e+00 -4.724257822108058669e+00 -8.175134180738439227e+00 -2.774734111017431104e+01 1.751123582900106612e+00 -3.403643047475646313e+02 1.153056816727295654e+03 -8.669563413484056582e+03 3.743589525527955993e+04 -8.530676221986195742e+03 1.148776996482097275e+03 -3.212168598667310562e+02 7.417183428713633120e+00 -2.328006109642809918e+01 -5.927942615686831118e+00 -3.473320948725973523e+00 -1.335080535995129436e+00 -5.455359601062600428e-01 -1.875275762680135572e-01 -6.178027481652895170e-02 -2.618425055341262395e-02 -2.217080804698033647e-02 -2.409320570602584144e-02 -2.379804393983056543e-02 -2.040990926605273231e-02 -1.545631468770158716e-02 -1.058832625801111975e-02 -6.794540376184351853e-03 -4.344999080127604635e-03 -3.030278426761034895e-03 -2.444424969876012130e-03 -2.196838024002179153e-03 -2.020907346503718251e-03 -1.793838623833194593e-03 -1.502620801783784198e-03 -1.190794413834903422e-03 -9.114087806387575737e-04 -6.986539117615015110e-04 -5.593111859996550755e-04 -4.785398749357827803e-04 -4.318810509279110386e-04 -3.967594349925146653e-04 -3.588197155394733974e-04 -3.162540106960146829e-04 -2.610455647450631109e-04 -2.693855460173400895e-04
-2.973196558478759303e-05 -8.333831108536209466e-05 -1.238195682582495666e-04 -1.464274470927933152e-04 -1.500253459739866297e-04 -1.381633641021177169e-04 -1.181340320439617538e-04 -9.921102262075751728e-05 -9.021563116868447233e-05 -9.704422217297053327e-05 -1.208961761708461836e-04 -1.578376434762332079e-04 -2.000039661976423227e-04 -2.382269091653482502e-04 -2.653201713334496395e-04 -2.789145545375824723e-04 -2.827227210702905618e-04 -2.855573836939758197e-04 -2.982124887965004103e-04 -3.291740660300501915e-04 -3.807875545121742946e-04 -4.475549196523555349e-04 -5.176452513498702333e-04 -5.775128095591694532e-04 -6.181318105786008307e-04 -6.403998693957223438e-04 -6.570656841442124984e-04 -6.895908661313892825e-04 -7.602357290245396852e-04 -8.819143137068830886e-04 -1.050075106057635470e-03 -1.240956269949066663e-03 -1.418979108020776902e-03 -1.552444734030118418e-03 -1.632673365664212735e-03 -1.688522795695428843e-03 -1.787530823650445438e-03 -2.018432611029230810e-03 -2.456345779697080740e-03 -3.121238954110507752e-03 -3.947922944133287586e-03 -4.788550012880691230e-03 -5.463529891521748741e-03 -5.860608169509979627e-03 -6.059954416247717059e-03 -6.437066814982627359e-03 -7.679440519636548251e-03 -1.065066176190502395e-02 -1.607122929691505789e-02 -2.405278396248348993e-02 -3.359453963480734523e-02 -4.234876532461755855e-02 -4.706554694040144399e-02 -4.536200173841797856e-02 -3.976064593695359528e-02 -4.523009765204489413e-02 -1.031440100002558313e-01 -3.013053022203623921e-01 -8.326337258124897334e-01 -1.969313279826738983e+00 -4.781251909368775088e+00 -8.275376558539019101e+00 -2.810776749820542264e+01 1.798095639562969916e+00 -3.450632750962072919e+02 1.169404996911987382e+03 -8.793594838650224119e+03 3.797993270611322805e+04 -8.656592860046503120e+03 1.165855442869126819e+03 -3.261121309159138946e+02 7.508992766549055453e+00 -2.365231549440944292e+01 -6.027077895326273804e+00 -3.531518371016923119e+00 -1.357972149454272914e+00 -5.550288894986704635e-01 -1.908653815030978973e-01 -6.291497115251484806e-02 -2.668680181243580224e-02 -2.260205302048987411e-02 -2.456116292174105598e-02 -2.426193816053359015e-02 -2.081120783895717627e-02 -1.576404862176464597e-02 -1.080268794037742182e-02 -6.935142087683571384e-03 -4.437351654094148605e-03 -3.096374815856729659e-03 -2.498613513490002477e-03 -2.245856344472157897e-03 -2.066175350596344447e-03 -1.834271955323611182e-03 -1.536849952211500909e-03 -1.218346547538880914e-03 -9.329320068450937514e-04 -7.155406358026607065e-04 -5.731294752331647993e-04 -4.905529429914989078e-04 -4.429506200798743348e-04 -4.067935305884157258e-04 -3.705160903822677927e-04 -3.160511812190080886e-04 -3.330063411471826632e-04
6.830093844247115249e-06 -5.417258783597741372e-05 -8.068103212765843923e-05 -1.039010584275244765e-04 -1.180749916712035092e-04 -1.228576453056017123e-04 -1.193573020959549301e-04 -1.110890592258561053e-04 -1.034260305685660522e-04 -1.023131435305313673e-04 -1.124119568862540219e-04 -1.353395049713290200e-04 -1.687393479607517902e-04 -2.067314129781929670e-04 -2.418115856762125850e-04 -2.676622768296699185e-04 -2.818724544811155707e-04 -2.874199068741040987e-04 -2.921063301705733748e-04 -3.058764319345267844e-04 -3.368302870059571258e-04 -3.874679113523111715e-04 -4.528442464618084710e-04 -5.218005124554789828e-04 -5.812894193269899307e-04 -6.224195816978409694e-04 -6.458366243602183671e-04 -6.637934143071860848e-04 -6.972495024099921272e-04 -7.681858140245343075e-04 -8.895823868474825227e-04 -1.057263762668165510e-03 -1.247978298951338142e-03 -1.426553121644287200e-03 -1.561401354227472896e-03 -1.643615531438044142e-03 -1.701618210299934379e-03 -1.802565332532699190e-03 -2.035129340227649110e-03 -2.474808115682501555e-03 -3.142271556799614961e-03 -3.973000615026879220e-03 -4.819343195457584383e-03 -5.501240591853564545e-03 -5.905337139187080350e-03 -6.111633371461394626e-03 -6.495968824872940320e-03 -7.747621007239424880e-03 -1.074222767779055634e-02 -1.620759274452214516e-02 -2.425752891831335287e-02 -3.389065050880781665e-02 -4.274198994299814591e-02 -4.753130262428994363e-02 -4.584565519939764328e-02 -4.021987618637838657e-02 -4.576608547971259405e-02 -1.043109369015609994e-01 -3.046933068188351634e-01 -8.422478520034013538e-01 -1.992718216638196704e+00 -4.840327758671866043e+00 -8.379227356697036555e+00 -2.848021859887589713e+01 1.845442258128106694e+00 -3.499084201062840407e+02 1.186247289355868816e+03 -8.921366477777335604e+03 3.854017760427401663e+04 -8.786216254227427271e+03 1.183436826395753769e+03 -3.311480062293044284e+02 7.604338523984082165e+00 -2.403477273666920055e+01 -6.128791311035897138e+00 -3.591242540517592285e+00 -1.381451839507322088e+00 -5.647635086236818536e-01 -1.942865740945818320e-01 -6.407722429547700604e-02 -2.720105671165735581e-02 -2.304328794838986227e-02 -2.504008089608883089e-02 -2.473675184238605801e-02 -2.122194676409573655e-02 -1.607898916833489997e-02 -1.102202807058253083e-02 -7.078968087561844647e-03 -4.531787845238201273e-03 -3.163940941339459141e-03 -2.554000328858532700e-03 -2.295961494346562826e-03 -2.112451830684991278e-03 -1.875609015305550534e-03 -1.571845339948907449e-03 -1.246517147406824965e-03 -9.549436500012576604e-04 -7.328293444337112073e-04 -5.872963438145420044e-04 -5.030352677775487081e-04 -4.540819460619208115e-04 -4.202341883979913420e-04 -3.696337511825637597e-04 -4.046557835199189428e-04
2.762707387392141317e-05 -1.208237602570047454e-05 -2.067796481764479601e-05 -3.967094652395015183e-05 -6.258056104661955006e-05 -8.568699721207691754e-05 -1.042023754205717351e-04 -1.150734374186308990e-04 -1.183552037194966495e-04 -1.175019427384667986e-04 -1.182270611296853166e-04 -1.263205652231985643e-04 -1.452544164236006417e-04 -1.745601517210284095e-04 -2.097327705183496083e-04 -2.438556141252325356e-04 -2.704289486622551628e-04 -2.863331265034030739e-04 -2.936620234972967002e-04 -2.994914282806625445e-04 -3.134163446843539849e-04 -3.436202977259485971e-04 -3.930230422506041056e-04 -4.572383250861964624e-04 -5.255840656461675938e-04 -5.852389170983210822e-04 -6.272244701917789687e-04 -6.518451427296825286e-04 -6.709121921162511468e-04 -7.050309839866300684e-04 -7.760648202931640441e-04 -8.971631876639105368e-04 -1.064535500131835819e-03 -1.255363630711053054e-03 -1.434763278898556083e-03 -1.571159622821241986e-03 -1.655380555322127174e-03 -1.715455068109471249e-03 -1.818258520453283882e-03 -2.052516163601389703e-03 -2.494186248128503654e-03 -3.164634196103758602e-03 -3.999962153355862866e-03 -4.852445735685806047e-03 -5.541859014979893736e-03 -5.953059911446320455e-03 -6.163280520853829832e-03 -6.555133578015662557e-03 -7.821054972788775775e-03 -1.084028109147628684e-02 -1.635164385637297504e-02 -2.447406124165217231e-02 -3.420285708996950724e-02 -4.315510410988741830e-02 -4.801858663600559046e-02 -4.634937808419981042e-02 -4.069603478644972377e-02 -4.632131041743989958e-02 -1.055237550987473127e-01 -3.082175483964333940e-01 -8.522373550751191074e-01 -2.017006935438754311e+00 -4.901529524764360879e+00 -8.486765838636120662e+00 -2.886499344361854469e+01 1.893214742206343226e+00 -3.549037969669836912e+02 1.203598001688915474e+03 -9.052987435873397772e+03 3.911711202944471006e+04 -8.919658767680906749e+03 1.201536434169252971e+03 -3.363289100515276004e+02 7.703297837291765759e+00 -2.442777406393428663e+01 -6.233174562498780880e+00 -3.652547266230117273e+00 -1.405540829428179483e+00 -5.747486328104666198e-01 -1.977942635272474936e-01 -6.526809869713981471e-02 -2.772749142903619887e-02 -2.349492089173326609e-02 -2.553039971205304376e-02 -2.522291940567284591e-02 -2.164250086089439598e-02 -1.640142327825918137e-02 -1.124654632573218044e-02 -7.226149256764420777e-03 -4.628393546273076864e-03 -3.233038162547521594e-03 -2.610635601973194855e-03 -2.347198887345297059e-03 -2.159779135587063404e-03 -1.917888870358954367e-03 -1.607643212474577392e-03 -1.275341346459680104e-03 -9.774889095521201339e-04 -7.505608912000955426e-04 -6.020286079544086072e-04 -5.155709718063985082e-04 -4.693305480527749365e-04 -4.183266818391460223e-04 -4.767883399678417094e-04
2.804496101962014940e-05 2.336105951296225179e-05 2.893950177112546192e-05 1.684009734348266830e-05 -9.133496017393061554e-06 -4.381317303125103194e-05 -7.928191927585087802e-05 -1.080270259437729962e-04 -1.254385887507467913e-04 -1.313574791076784669e-04 -1.300276001431914974e-04 -1.284576212968981590e-04 -1.337482260609413362e-04 -1.503532500353098550e-04 -1.783110105566591515e-04 -2.131767200294007740e-04 -2.477827444189001599e-04 -2.752352860309142078e-04 -2.920224055053093071e-04 -2.999439769809285014e-04 -3.059271895578671786e-04 -3.195715772511913935e-04 -3.491972459892274524e-04 -3.979474199778640126e-04 -4.616817566388404224e-04 -5.299122789560471768e-04 -5.898946806274158513e-04 -6.325788739331016271e-04 -6.580691538685182456e-04 -6.779227703526247541e-04 -7.125429947489807063e-04 -7.837385108503762930e-04 -9.047919093474355180e-04 -1.072191079475902104e-03 -1.263426310452240957e-03 -1.443809474944061184e-03 -1.581751086409919531e-03 -1.667859211447208102e-03 -1.729864916286440180e-03 -1.834475561908945063e-03 -2.070546000446002108e-03 -2.514559779843968459e-03 -3.188398929887947299e-03 -4.029155417562838883e-03 -4.888230513012803598e-03 -5.582247828480893515e-03 -6.000868634368270067e-03 -6.219695395940019397e-03 -6.618846636157476801e-03 -7.897978285705813117e-03 -1.094355363954445035e-02 -1.650349495070633707e-02 -2.470228560277358543e-02 -3.453122833280087428e-02 -4.358826052093130871e-02 -4.852765863288321241e-02 -4.687350939927011073e-02 -4.118950288045952063e-02 -4.689622775797439719e-02 -1.067833344467925272e-01 -3.118804428617417690e-01 -8.626092929186907066e-01 -2.042197250994316704e+00 -4.964904092512857581e+00 -8.598075920712437537e+00 -2.926240559551601095e+01 1.941463718755572998e+00 -3.600536297043100262e+02 1.221471993804394060e+03 -9.188571004980482030e+03 3.971123609694618790e+04 -9.057036864847643301e+03 1.220170112743861864e+03 -3.416594205771040151e+02 7.805952505952558518e+00 -2.483167161465447847e+01 -6.340322014004685869e+00 -3.715487960603088169e+00 -1.430260956445066789e+00 -5.849933304568543102e-01 -2.013916462861700396e-01 -6.648868728152255991e-02 -2.826659403201491408e-02 -2.395737017206387917e-02 -2.603257094064424446e-02 -2.572088688767185799e-02 -2.207325510546064712e-02 -1.673164572324966834e-02 -1.147644781413562944e-02 -7.376819991976987269e-03 -4.727256912951243242e-03 -3.303729474061411261e-03 -2.668571036164085839e-03 -2.399615797099834396e-03 -2.208202340155298281e-03 -1.961155313646525868e-03 -1.644287119440352709e-03 -1.304874167297820050e-03 -1.000615482679193761e-03 -7.689876959433019580e-04 -6.168202952360316059e-04 -5.329463177054078425e-04 -4.663711895066225094e-04 -5.440415471007696265e-04
1.263943196038387825e-05 3.757430697357577336e-05 4.835492790417648073e-05 4.272414760577142973e-05 2.031097841610555774e-05 -1.464044536928284906e-05 -5.487057827091109026e-05 -9.219717416687058062e-05 -1.199403019581333769e-04 -1.349067401823647941e-04 -1.383082295363382240e-04 -1.352769901789200148e-04 -1.330762722047857142e-04 -1.385469102099328679e-04 -1.556455124622483548e-04 -1.839647558449983278e-04 -2.188493120068112747e-04 -2.531842132817175846e-04 -2.802898407903692117e-04 -2.968736509310538653e-04 -3.048344727697885705e-04 -3.110391303339580236e-04 -3.249215279976753546e-04 -3.546387556311143764e-04 -4.032731354074024668e-04 -4.667646569271662483e-04 -5.348070324257629118e-04 -5.948428132977876719e-04 -6.379130041213219252e-04 -6.640647668442845953e-04 -6.846759750013235333e-04 -7.199418642880955031e-04 -7.915497875956885440e-04 -9.128247446146806922e-04 -1.080454955088308360e-03 -1.272197139491856952e-03 -1.453560274300876292e-03 -1.592975947557955657e-03 -1.680891221067284383e-03 -1.744791784850209006e-03 -1.851309023506834267e-03 -2.089312587633154229e-03 -2.536320167436844231e-03 -3.213975894004174067e-03 -4.057211960345004712e-03 -4.923564090115983317e-03 -5.627524991914997256e-03 -6.053324322860985027e-03 -6.278966417532156827e-03 -6.685742634177990230e-03 -7.978508054181158299e-03 -1.105192194351630949e-02 -1.666315547340253139e-02 -2.494224531520285518e-02 -3.487588159866595455e-02 -4.404166757289356554e-02 -4.905882301622397496e-02 -4.741842311300562690e-02 -4.170068575039021647e-02 -4.749131774706597670e-02 -1.080906094867941369e-01 -3.156846020272424114e-01 -8.733712483849278563e-01 -2.068308174744256434e+00 -5.030501103190951007e+00 -8.713246231399931929e+00 -2.967278347660802496e+01 1.990239284214810445e+00 -3.653623146183012409e+02 1.239884698097250066e+03 -9.328234820062089057e+03 4.032306866120691848e+04 -9.198471278633462134e+03 1.239354290886396939e+03 -3.471442767495673820e+02 7.912389067679626464e+00 -2.524682897119438607e+01 -6.450330845958889725e+00 -3.780121727425842959e+00 -1.455634706579449267e+00 -5.955069374746371214e-01 -2.050820109654932222e-01 -6.774011320929972102e-02 -2.881886527974962531e-02 -2.443106505514685764e-02 -2.654705836394450486e-02 -2.623111263947321137e-02 -2.251460521112893035e-02 -1.706995951570072778e-02 -1.171194334510453419e-02 -7.531118380709569612e-03 -4.828468535553106893e-03 -3.376079800641645576e-03 -2.727860463777116891e-03 -2.453262526384562565e-03 -2.257771734250349754e-03 -2.005460026008722228e-03 -1.681842352287714207e-03 -1.335170865624994751e-03 -1.024609938624405090e-03 -7.875156279255494723e-04 -6.371485893702829705e-04 -5.294070485467976261e-04 -6.094589295947160958e-04
-8.609703308074585120e-06 2.683628145345405412e-05 3.296472765838997550e-05 3.084208003244760891e-05 1.661560308869621701e-05 -8.141365072884768292e-06 -3.991165280236356170e-05 -7.349698142841687692e-05 -1.033359993234785810e-04 -1.250126502203198085e-04 -1.366240087955781829e-04 -1.395081382594944225e-04 -1.379835637782201772e-04 -1.380474476075911031e-04 -1.453605514435099999e-04 -1.631812569415279314e-04 -1.910281948382346994e-04 -2.246819815689763940e-04 -2.576916501066927050e-04 -2.839550548096149234e-04 -3.004483797319914369e-04 -3.089716528831656147e-04 -3.160277715389490775e-04 -3.306202249785882789e-04 -3.606096286031283877e-04 -4.090335504373131324e-04 -4.720333469674356432e-04 -5.396355738775302467e-04 -5.995830721493176571e-04 -6.430481179809690835e-04 -6.699910415379768235e-04 -6.915420323241282512e-04 -7.276205589114900091e-04 -7.997537983436623895e-04 -9.213067877347156645e-04 -1.089191075029576289e-03 -1.281457488575214743e-03 -1.463831593494204376e-03 -1.604758704152634387e-03 -1.694563315538209986e-03 -1.760331502256744186e-03 -1.869184656879616753e-03 -2.109268832105680880e-03 -2.555867069609937467e-03 -3.238015454656331150e-03 -4.089619362529750210e-03 -4.963315195911096635e-03 -5.675609896862988252e-03 -6.108934733425094854e-03 -6.341198977182488719e-03 -6.755678332331101210e-03 -8.062641240071026158e-03 -1.116539615177222430e-02 -1.683066962004414052e-02 -2.519402868320477079e-02 -3.523697532190862847e-02 -4.451557558661901198e-02 -4.961242292071143395e-02 -4.798452437360301720e-02 -4.223001098646117502e-02 -4.810708464413588487e-02 -1.094465785934689711e-01 -3.196328325288974037e-01 -8.845313296428587435e-01 -2.095359921996021502e+00 -5.098372989266130695e+00 -8.832370183931393726e+00 -3.009647073007730356e+01 2.039591142250137601e+00 -3.708344260465058255e+02 1.258852140695776598e+03 -9.472101022343911609e+03 4.095314805022199289e+04 -9.344087184392210474e+03 1.259106003278258640e+03 -3.527883852997666736e+02 8.022698885437932859e+00 -2.567362172102232876e+01 -6.563301209529775804e+00 -3.846507451765149188e+00 -1.481685250251673969e+00 -6.062990720614486184e-01 -2.088687434941225440e-01 -6.902353168449017196e-02 -2.938481944434707949e-02 -2.491644644802195122e-02 -2.707433870851029545e-02 -2.675406802960268726e-02 -2.296695821475916444e-02 -1.741667634238961218e-02 -1.195324973888258271e-02 -7.689186473503674402e-03 -4.932121810952630817e-03 -3.450156685726850532e-03 -2.788561122255410387e-03 -2.508195135962584896e-03 -2.308546286333498006e-03 -2.050878831845620500e-03 -1.720373686092513833e-03 -1.366554869398595509e-03 -1.048799615399393335e-03 -8.122981355587273640e-04 -6.339802068338435889e-04 -6.897603523630054011e-04
-2.566518099196026231e-05 -1.183839535548925365e-06 -6.235841836621940938e-06 -8.742830647055231910e-06 -1.392421419205602302e-05 -2.329509616852227927e-05 -3.822366597428737803e-05 -5.845967450683257324e-05 -8.189225798619090356e-05 -1.049899397431547468e-04 -1.239742978092164176e-04 -1.363082253914775055e-04 -1.418951750621551028e-04 -1.434305161569088814e-04 -1.456398403554621168e-04 -1.535796368436814828e-04 -1.706075580663598352e-04 -1.968451274592174325e-04 -2.288537262837427814e-04 -2.608208943882695408e-04 -2.869331045769288888e-04 -3.040613405858581830e-04 -3.136145774755279910e-04 -3.216162786111697171e-04 -3.367043742427283941e-04 -3.666196199904081824e-04 -4.145452934776295640e-04 -4.769465075934578363e-04 -5.442006261730543805e-04 -6.042790849993415420e-04 -6.483737315745961979e-04 -6.762635600237547730e-04 -6.987929286954811404e-04 -7.356311673770413086e-04 -8.082124738276162419e-04 -9.300120088385197860e-04 -1.098206752594753670e-03 -1.291124302928343482e-03 -1.474707511323946089e-03 -1.617188996486432087e-03 -1.709321189879540884e-03 -1.776964780188124626e-03 -1.884239691870041953e-03 -2.126834120792665990e-03 -2.579105758458725885e-03 -3.265743606308335774e-03 -4.124135135864934881e-03 -5.005863016409936063e-03 -5.726588144709277017e-03 -6.167519460514107529e-03 -6.406369277067304295e-03 -6.828648970153696623e-03 -8.150402357401484443e-03 -1.128402023391172383e-02 -1.700610896661897825e-02 -2.545775440060661990e-02 -3.561470219858516723e-02 -4.501027190258592714e-02 -5.018883724709696792e-02 -4.857224789942916898e-02 -4.277792787267618857e-02 -4.874405658577492251e-02 -1.108523038356038354e-01 -3.237281358083002880e-01 -8.960981726103376399e-01 -2.123373923148216491e+00 -5.168575017255304438e+00 -8.955546061864776419e+00 -3.053382661693296640e+01 2.089568734088215418e+00 -3.764747224608131546e+02 1.278390963722484912e+03 -9.620296430392763796e+03 4.160203283244651539e+04 -9.494014381078211954e+03 1.279442915202599124e+03 -3.585968280397849526e+02 8.136978246178699692e+00 -2.611243803437438871e+01 -6.679336384891966460e+00 -3.914705892196140624e+00 -1.508436478755994958e+00 -6.173796498400039301e-01 -2.127553324920282429e-01 -7.034013180695367073e-02 -2.996498515192353579e-02 -2.541396761142321326e-02 -2.761490239493041843e-02 -2.729023816646052036e-02 -2.343073309001702034e-02 -1.777211704741464907e-02 -1.220059023827433503e-02 -7.851170766248308924e-03 -5.038313756531751300e-03 -3.526031800973038546e-03 -2.850736963854013945e-03 -2.564480000772081242e-03 -2.360613554447804630e-03 -2.097490018158372407e-03 -1.760255033300766074e-03 -1.398280400165072745e-03 -1.080156011770297712e-03 -8.106025010225766190e-04 -8.161067411370658171e-04
-3.264320015669531453e-05 -3.196037810003453649e-05 -4.903607833543327635e-05 -5.494183337550895686e-05 -5.395783552113868375e-05 -4.972464885801078518e-05 -4.741541692424749884e-05 -5.133361822060252981e-05 -6.338538533951754129e-05 -8.237828769779926208e-05 -1.045305884691714805e-04 -1.250008501677122468e-04 -1.398711560306775713e-04 -1.478075833866016845e-04 -1.507171952753330949e-04 -1.530875618826374430e-04 -1.602058660629781031e-04 -1.759326193657861795e-04 -2.009372529180581237e-04 -2.321885107130443175e-04 -2.640400657144170889e-04 -2.905979814713655204e-04 -3.084781929355540856e-04 -3.187743655223580623e-04 -3.272508399863719754e-04 -3.424259758062455283e-04 -3.720889485384714203e-04 -4.196079223038365574e-04 -4.816918709133661842e-04 -5.489255449510791829e-04 -6.093726893367494178e-04 -6.541707629036076169e-04 -6.829263422712031741e-04 -7.062735260818696825e-04 -7.437319610649517675e-04 -8.167264813895867620e-04 -9.388608290250033970e-04 -1.107598591052311046e-03 -1.301292667217602899e-03 -1.486658750667769124e-03 -1.630770340757004997e-03 -1.721002117231403093e-03 -1.790845123537066104e-03 -1.902824024821093973e-03 -2.147624468412844424e-03 -2.603633056273025465e-03 -3.295421748076500686e-03 -4.160842123757729424e-03 -5.050994589859249609e-03 -5.780408399723368888e-03 -6.229047776362802748e-03 -6.474482331029460941e-03 -6.904681558176923271e-03 -8.241835939979843401e-03 -1.140785684983549632e-02 -1.718956559525829098e-02 -2.573356640245386823e-02 -3.600928565175574858e-02 -4.552607838927544975e-02 -5.078847911779500041e-02 -4.918205728677856742e-02 -4.334490734671489487e-02 -4.940278585441196940e-02 -1.123089112935946321e-01 -3.279737089552842155e-01 -9.080809452474731813e-01 -2.152372838683401124e+00 -5.241165338309453858e+00 -9.082877117200377270e+00 -3.098522644691141537e+01 2.140221362437170427e+00 -3.822881529052037877e+02 1.298518448622045071e+03 -9.772952719246228298e+03 4.227030261759965651e+04 -9.648387479943707149e+03 1.300383348267765314e+03 -3.645748694292464052e+02 8.255328471240972021e+00 -2.656367925988490697e+01 -6.798542943495092139e+00 -3.984779775566718030e+00 -1.535913041698515169e+00 -6.287588994042909718e-01 -2.167453747723620539e-01 -7.169113847865059286e-02 -3.055990625071787828e-02 -2.592409489548724508e-02 -2.816925431132457497e-02 -2.784012264731027322e-02 -2.390636140120096231e-02 -1.813661220686183656e-02 -1.245419514800574258e-02 -8.017223243246870967e-03 -5.147147003347611605e-03 -3.603785436742012755e-03 -2.914465515098876077e-03 -2.622220368773222655e-03 -2.414071792503672334e-03 -2.145748223060515644e-03 -1.800649647020517979e-03 -1.438577277392007062e-03 -1.080553977091235117e-03 -1.027190127938362252e-03
-2.902097175083859974e-05 -5.119909412292981645e-05 -7.573687091165809285e-05 -8.596056854243217860e-05 -8.381583878719274820e-05 -7.325657720537658523e-05 -6.065528848811627718e-05 -5.253674635158462019e-05 -5.357030469837395753e-05 -6.516122817149692318e-05 -8.515927355867856029e-05 -1.087848214147118099e-04 -1.304627051995845173e-04 -1.459293756195565817e-04 -1.538520116136916200e-04 -1.563459027044645719e-04 -1.581578100735857632e-04 -1.647749008126570436e-04 -1.801579385970032503e-04 -2.049936278573160720e-04 -2.362264015089491872e-04 -2.681779967983437133e-04 -2.949260387418981325e-04 -3.130535954015690168e-04 -3.236067708613384573e-04 -3.322909462767038640e-04 -3.475752936518525953e-04 -3.772388596285089013e-04 -4.246971716740208409e-04 -4.867563046696447913e-04 -5.541114827157191027e-04 -6.148998875368204275e-04 -6.602569297239356582e-04 -6.897068528700420588e-04 -7.137644601278904117e-04 -7.518407206681449904e-04 -8.254086527113515702e-04 -9.479646059190551975e-04 -1.117878126476092504e-03 -1.312501547071489878e-03 -1.495199441287911818e-03 -1.641361815277843318e-03 -1.736426671868283996e-03 -1.807997947729495783e-03 -1.922352242658144882e-03 -2.169776788858384861e-03 -2.629542693255175825e-03 -3.326820770688868056e-03 -4.199675364395545792e-03 -5.098657718630105438e-03 -5.837051349825479567e-03 -6.293523960547021782e-03 -6.545563765993238359e-03 -6.983818783617814011e-03 -8.336999508016043614e-03 -1.153698226758345310e-02 -1.738114865240474385e-02 -2.602163125299947199e-02 -3.642097783026781999e-02 -4.606335000712276362e-02 -5.141179505333804550e-02 -4.981444480125776786e-02 -4.393144227330740559e-02 -5.008384938485275356e-02 -1.138175917122920683e-01 -3.323729462959060243e-01 -9.204893535755613865e-01 -2.182380577743882277e+00 -5.316205046301213599e+00 -9.214471680752046368e+00 -3.145106204362906865e+01 2.191598309702230019e+00 -3.882798637836522744e+02 1.319252540599004760e+03 -9.930206607916441499e+03 4.295855889294962253e+04 -9.807346101174141950e+03 1.321946307220280687e+03 -3.707279644309904256e+02 8.377856038309339226e+00 -2.702776053964218406e+01 -6.921030914785551325e+00 -4.056793894542719769e+00 -1.564140385498907992e+00 -6.404473783173625367e-01 -2.208425810106446341e-01 -7.307781437410823533e-02 -3.117014270753410560e-02 -2.644730848830417411e-02 -2.873791458953962527e-02 -2.840423631624914083e-02 -2.439428803033986265e-02 -1.851050297894663715e-02 -1.271430326291017772e-02 -8.187504199159822277e-03 -5.258736218168120688e-03 -3.683516962192968057e-03 -2.979874644571206283e-03 -2.681543213918074434e-03 -2.469504143532501826e-03 -2.194664868336076904e-03 -1.851863760773095812e-03 -1.440457666924481158e-03 -1.354081837040381053e-03
-1.856288037096553997e-05 -5.113249261683822881e-05 -7.566535530598172705e-05 -8.889108818688642273e-05 -9.036078709467831557e-05 -8.255814037758567260e-05 -7.019233161770005100e-05 -5.894822734139236003e-05 -5.392907517706887322e-05 -5.823071583553202102e-05 -7.207536378840356610e-05 -9.281131829188312820e-05 -1.158355549865116674e-04 -1.361899710052950972e-04 -1.503291718495921366e-04 -1.574420855291453587e-04 -1.598150393297630796e-04 -1.620324914300258197e-04 -1.692333176043688816e-04 -1.850366705532173581e-04 -2.099449218739977334e-04 -2.409288461883109711e-04 -2.724972589728533786e-04 -2.989610845522960858e-04 -3.170643458870096116e-04 -3.278735169145989168e-04 -3.369811293026915783e-04 -3.526813648582497124e-04 -3.826112700803647971e-04 -4.301485714689397581e-04 -4.921802065086231838e-04 -5.595550790326042374e-04 -6.205552073054887039e-04 -6.663839338437792074e-04 -6.965084620206851446e-04 -7.213853706540574199e-04 -7.600809900379293512e-04 -8.348172554430513276e-04 -9.579098748570883098e-04 -1.124219566739279074e-03 -1.320300047085130879e-03 -1.507665572954009804e-03 -1.655427939943484705e-03 -1.752799727222793032e-03 -1.826413412431625348e-03 -1.942924117159044572e-03 -2.193048229453323488e-03 -2.656767757576286408e-03 -3.359882147345350130e-03 -4.240603106644677371e-03 -5.148837743489766139e-03 -5.896520643964323419e-03 -6.360969831452876339e-03 -6.619652200632175111e-03 -7.066113672768768381e-03 -8.435960164936608802e-03 -1.167148392519316846e-02 -1.758098247536099903e-02 -2.632213661721158685e-02 -3.685005838382942461e-02 -4.662247395265295413e-02 -5.205926457727775430e-02 -5.046993146701368727e-02 -4.453804791129838819e-02 -5.078784942669398172e-02 -1.153796014216167121e-01 -3.369294416511025569e-01 -9.333336493156849656e-01 -2.213422320146184230e+00 -5.393758243222307236e+00 -9.350443284584285308e+00 -3.193174224410787687e+01 2.243748951374750611e+00 -3.944552060085375160e+02 1.340611874208102563e+03 -1.009220005561687321e+04 4.366742589672803297e+04 -9.971035078868108030e+03 1.344151507902592357e+03 -3.770617666737037439e+02 8.504672714927338006e+00 -2.750511144515926887e+01 -7.046913957818699892e+00 -4.130815208180578679e+00 -1.593144793061627595e+00 -6.524559896082881005e-01 -2.250507815925732458e-01 -7.450146195942074223e-02 -3.179627149057751012e-02 -2.698410311856138874e-02 -2.932141934138334308e-02 -2.898311008512812620e-02 -2.489497228126595976e-02 -1.889414309185313140e-02 -1.298116586420309214e-02 -8.362191248074957867e-03 -5.373222982021643238e-03 -3.765394742601622154e-03 -3.047130430372611571e-03 -2.743218619723148625e-03 -2.525656757480933268e-03 -2.257754365614804762e-03 -1.852890458504330472e-03 -1.800820946142213689e-03
-6.595500291324199421e-06 -3.333284661111105555e-05 -5.094732096824908859e-05 -6.447996571132196225e-05 -7.210134492867095919e-05 -7.384026766945911858e-05 -7.088387986949787713e-05 -6.568452485525936853e-05 -6.150408927976366217e-05 -6.158996045237530163e-05 -6.817715844034457902e-05 -8.166739087477311644e-05 -1.003433131691797956e-04 -1.208255421846645382e-04 -1.392064896275277668e-04 -1.525096530549025539e-04 -1.599300232848410643e-04 -1.633272264501017834e-04 -1.666823162483669046e-04 -1.746219915791583489e-04 -1.905255785046203838e-04 -2.149712441646367501e-04 -2.452341565750677885e-04 -2.761933301735423050e-04 -3.024322323589554210e-04 -3.207702881854283274e-04 -3.321480888524174402e-04 -3.419120306000808344e-04 -3.581127453808934037e-04 -3.882550512947517056e-04 -4.357454342927445309e-04 -4.976333069222671534e-04 -5.649841942086907248e-04 -6.262274089535233143e-04 -6.726731121577664068e-04 -7.034581001374641974e-04 -7.297359926379248926e-04 -7.690861493191360372e-04 -8.397577604343021192e-04 -9.639169959461067185e-04 -1.134531703881393530e-03 -1.331638458494359889e-03 -1.521035579861592778e-03 -1.670794493854227880e-03 -1.770218133541815245e-03 -1.845824287245755426e-03 -1.964466425123576315e-03 -2.217377607856790053e-03 -2.685274890239014965e-03 -3.394585638345619296e-03 -4.283616991509682156e-03 -5.201538648260131681e-03 -5.958834515946628829e-03 -6.431418848955632733e-03 -6.696795531294010700e-03 -7.151627070827305636e-03 -8.538792827485229553e-03 -1.181145908498092145e-02 -1.778920548069492374e-02 -2.663529030786666515e-02 -3.729683369707948587e-02 -4.720386917445228148e-02 -5.273140011049155113e-02 -5.114906736044828872e-02 -4.516526251160127986e-02 -5.151541431738910354e-02 -1.169962634837245913e-01 -3.416469912135641218e-01 -9.466246390727194315e-01 -2.245524541724907230e+00 -5.473892111774472546e+00 -9.490910796401017535e+00 -3.242769343304070873e+01 2.296722865103229427e+00 -4.008197425208923050e+02 1.362615800144790455e+03 -1.025908046708450092e+04 4.439755153041189624e+04 -1.013960467478657119e+04 1.367019406413154684e+03 -3.835821369394172962e+02 8.635895703634027143e+00 -2.799617663580020732e+01 -7.176309538202934490e+00 -4.206912945788002567e+00 -1.622953424713904136e+00 -6.647959987889712208e-01 -2.293739326046351501e-01 -7.596342548392305549e-02 -3.243888735115135064e-02 -2.753498867279384477e-02 -2.992032148003362715e-02 -2.957729229982763303e-02 -2.540889055467337315e-02 -1.928790421410044378e-02 -1.325505855395628027e-02 -8.541498356483030394e-03 -5.490839734925324553e-03 -3.849635329547920759e-03 -3.117244197357118846e-03 -2.805573619373682558e-03 -2.600445365969404794e-03 -2.254121893151073922e-03 -2.330145687514246101e-03
2.539414244550041374e-06 -7.143159174875632156e-06 -1.435291589973797196e-05 -2.548736939863840563e-05 -3.870778775965549504e-05 -5.177030010431135664e-05 -6.218149416345263676e-05 -6.841491886903957177e-05 -7.065438725036448416e-05 -7.087178571133507100e-05 -7.213887807530852832e-05 -7.742546943029508973e-05 -8.835648404685616489e-05 -1.044540061638388483e-04 -1.232227767905081988e-04 -1.411040665250632320e-04 -1.549610042991876157e-04 -1.634995848432591904e-04 -1.680074731182518166e-04 -1.720296353595660412e-04 -1.800189730028589987e-04 -1.954537167558855469e-04 -2.191964536163731490e-04 -2.488545286161346023e-04 -2.795546847029428358e-04 -3.059627237676441880e-04 -3.248069931123881361e-04 -3.368222758230609735e-04 -3.471305183520016942e-04 -3.636331866157169993e-04 -3.938155999132966073e-04 -4.411981619450290690e-04 -5.029985914103534675e-04 -5.705292447348307748e-04 -6.320483273163508527e-04 -6.797645696870524340e-04 -7.112314784661488568e-04 -7.332106634047373759e-04 -7.737146697841117441e-04 -8.487665293918469130e-04 -9.734721830459149797e-04 -1.145554722504799061e-03 -1.344170754356378795e-03 -1.535405271530059391e-03 -1.687163830607995131e-03 -1.788593916201108034e-03 -1.866158904768435009e-03 -1.986941308065978858e-03 -2.242743271833646038e-03 -2.715053760240822376e-03 -3.430929030630265782e-03 -4.328723020200500593e-03 -5.256776612729891461e-03 -6.024021634132266725e-03 -6.504913264264012770e-03 -6.777048977114619177e-03 -7.240426275032413837e-03 -8.645579227694670868e-03 -1.195701404104741565e-02 -1.800596947912462553e-02 -2.696131968656495168e-02 -3.776163643043872753e-02 -4.780798615334806712e-02 -5.342874707847854177e-02 -5.185243205525027349e-02 -4.581364800985565644e-02 -5.226719933938943352e-02 -1.186689690402892711e-01 -3.465295970066986642e-01 -9.603736950058464616e-01 -2.278715042927300871e+00 -5.556676995078282388e+00 -9.635998565816880301e+00 -3.293936011222769622e+01 2.350569936210789912e+00 -4.073792561948665139e+02 1.385284413286876770e+03 -1.043100090739200277e+04 4.514960831167658762e+04 -1.031321080130956761e+04 1.390571229528735330e+03 -3.902951519944310803e+02 8.771647798780385585e+00 -2.850141654117900814e+01 -7.309339110812620888e+00 -4.285158714306582795e+00 -1.653594360466891677e+00 -6.774790513495506650e-01 -2.338161218758570969e-01 -7.746509286057626231e-02 -3.309860351678469564e-02 -2.810049097770030493e-02 -3.053519231257110708e-02 -3.018735210694637947e-02 -2.593654300568738399e-02 -1.969219019328365822e-02 -1.353630282099214238e-02 -8.725751712734765644e-03 -5.611866106775074969e-03 -3.937523747351205292e-03 -3.187969406981232701e-03 -2.891783868740468652e-03 -2.588285414272130120e-03 -2.867964420119603359e-03
6.666363464141963415e-06 1.518894004524123653e-05 1.728365945346652498e-05 1.004297779653389731e-05 -5.689014880827285068e-06 -2.656960067948157395e-05 -4.787452590000538372e-05 -6.515953114452100196e-05 -7.577222153394493499e-05 -7.969928639332795456e-05 -7.945189082887972002e-05 -7.903155169789136017e-05 -8.236293490217272211e-05 -9.177866044130227486e-05 -1.071368036946579021e-04 -1.259255430561597041e-04 -1.443335741205241407e-04 -1.588860803157189291e-04 -1.679960500759222048e-04 -1.727808887435552943e-04 -1.767569746022057962e-04 -1.844630460259485678e-04 -1.995252276856569610e-04 -2.229594203701657103e-04 -2.524857300299762413e-04 -2.832761663606363700e-04 -3.099694620982366825e-04 -3.292104616697845150e-04 -3.416263323189290871e-04 -3.522453519022580924e-04 -3.689299368062731710e-04 -3.991724665576480311e-04 -4.466549986131025250e-04 -5.084222854892122591e-04 -5.768808589432371670e-04 -6.387408666823224260e-04 -6.815985080944361556e-04 -7.142852646332698832e-04 -7.410251969710311476e-04 -7.820333169055959611e-04 -8.583243674343636869e-04 -9.840480626781803082e-04 -1.157391446391428397e-03 -1.357572701596099392e-03 -1.550672640525798318e-03 -1.704449674909555568e-03 -1.807877844702281698e-03 -1.887388160027843017e-03 -2.010334879130924648e-03 -2.269141360555384287e-03 -2.746107425682652557e-03 -3.468921255630946776e-03 -4.375937074568669698e-03 -5.314576856122046195e-03 -6.092118862260749446e-03 -6.581502525859296571e-03 -6.860473957517611819e-03 -7.332584243451087912e-03 -8.756407330581264525e-03 -1.210826364731489024e-02 -1.823143925816725006e-02 -2.730047130492417942e-02 -3.824482528343647186e-02 -4.843530688361337433e-02 -5.415188418539384346e-02 -5.258063518674042230e-02 -4.648379079258797147e-02 -5.304388764609626467e-02 -1.203991788438026483e-01 -3.515814708995666504e-01 -9.745927669480719535e-01 -2.313022980606990853e+00 -5.642186483471951064e+00 -9.785836582558506080e+00 -3.346720550585021670e+01 2.405340460082262766e+00 -4.141397581403691674e+02 1.408638582040323854e+03 -1.060812032666030791e+04 4.592429436994035495e+04 -1.049201525406456494e+04 1.414829006452185467e+03 -3.972071137828694418e+02 8.912057555157122835e+00 -2.902130806911614869e+01 -7.446128308693095832e+00 -4.365626609406541014e+00 -1.685096643603905209e+00 -6.905171906774512092e-01 -2.383815750471953709e-01 -7.900789755662203373e-02 -3.377605270453096914e-02 -2.868115360063250643e-02 -3.116662544756007222e-02 -3.081388699274759807e-02 -2.647846917693408644e-02 -2.010745868588662347e-02 -1.382534947149026069e-02 -8.915309868909471885e-03 -5.737861906275809956e-03 -4.026144864840209593e-03 -3.287902273172203273e-03 -2.869753406596235040e-03 -3.339346427214907095e-03
5.985400033687038504e-06 2.421069459924706736e-05 3.080335883455092303e-05 2.720028408595274354e-05 1.299011891992071217e-05 -8.947842764832874605e-06 -3.394038886639453987e-05 -5.686439504937499745e-05 -7.369418005653702525e-05 -8.267188581462249464e-05 -8.474591938101146908e-05 -8.312967750003854314e-05 -8.211438151351738591e-05 -8.553217395335452203e-05 -9.539817501586983560e-05 -1.112224222674189751e-04 -1.302634006487940986e-04 -1.486564228044936944e-04 -1.630171994803611315e-04 -1.719077273815679339e-04 -1.765649917966209171e-04 -1.805451141224172185e-04 -1.883485563558005339e-04 -2.035265054164700309e-04 -2.270354170356911610e-04 -2.565854028158534648e-04 -2.873883645135164510e-04 -3.141445190165011430e-04 -3.335417096013447761e-04 -3.462122744510676511e-04 -3.571243895808804726e-04 -3.741677802099089515e-04 -4.044902368508227798e-04 -4.528687478888224747e-04 -5.146865928171431240e-04 -5.774870193104453958e-04 -6.403242806871130418e-04 -6.881318503617709368e-04 -7.213134954728574145e-04 -7.493693469352345022e-04 -7.913130935567546601e-04 -8.685431196239240970e-04 -9.952969850853332981e-04 -1.169931891418028941e-03 -1.371747948633893210e-03 -1.566777947211429618e-03 -1.722612218086187015e-03 -1.828046958458307784e-03 -1.909502031052087104e-03 -2.034646843535198053e-03 -2.296578456406162070e-03 -2.778447590400789317e-03 -3.508579042559124145e-03 -4.425282496135303847e-03 -5.374971842693657999e-03 -6.163169931573789923e-03 -6.661242317946199261e-03 -6.947137418355030236e-03 -7.428179130728423778e-03 -8.871371000579894930e-03 -1.226533104868688002e-02 -1.846579234614696002e-02 -2.765301072003565827e-02 -3.874678492918876005e-02 -4.908634501573294617e-02 -5.490142382587601816e-02 -5.333431711593553809e-02 -4.717630252490213894e-02 -5.384619124886108610e-02 -1.221884249642380404e-01 -3.568070391629854510e-01 -9.892943959478678329e-01 -2.348478902987098049e+00 -5.730497508404332585e+00 -9.940560646651087851e+00 -3.401171220230819614e+01 2.461085242027149622e+00 -4.211074964184485339e+02 1.432699979045483587e+03 -1.079060379511710016e+04 4.672233448650381615e+04 -1.067618595470707987e+04 1.439815601951086137e+03 -4.043245590026739364e+02 9.057259468641536415e+00 -2.955634534073765352e+01 -7.586807138520430982e+00 -4.448393330476211993e+00 -1.717490325656086059e+00 -7.039228765037917057e-01 -2.430746619363956251e-01 -8.059332104301783484e-02 -3.447188937130759440e-02 -2.927754210125558740e-02 -3.181524469404191369e-02 -3.145753882498877885e-02 -2.703526800919148904e-02 -2.053430887639318830e-02 -1.412265891403694483e-02 -9.111990745334098626e-03 -5.865261523576077544e-03 -4.148949934823316713e-03 -3.260319275754749134e-03 -3.740920719523656377e-03
2.034427755800790397e-06 1.722607550332864020e-05 2.216832443679910033e-05 2.048325285075217023e-05 1.093411401924596162e-05 -5.302286773333602465e-06 -2.565281900235087700e-05 -4.664592627365960571e-05 -6.480954554287699540e-05 -7.761873491347764963e-05 -8.423757350794908454e-05 -8.579437302684353038e-05 -8.505053571115378942e-05 -8.550980509407546978e-05 -9.022850068480983265e-05 -1.007262289459735322e-04 -1.164094182629528672e-04 -1.347701202961523379e-04 -1.523460276114529813e-04 -1.661266352540344358e-04 -1.748732100243025598e-04 -1.798001590464921558e-04 -1.842712956490583337e-04 -1.925385372613691473e-04 -2.079663967502651766e-04 -2.314592017018753567e-04 -2.608131592449394309e-04 -2.914051354908006055e-04 -3.181007044078956541e-04 -3.376502553484662700e-04 -3.507553071675345298e-04 -3.619456931681030130e-04 -3.801650862588045322e-04 -4.106180461943533195e-04 -4.527527137596443836e-04 -5.153395810176843433e-04 -5.831234434124397481e-04 -6.461794650416945868e-04 -6.952310741950563878e-04 -7.293604235618111366e-04 -7.583591161662649833e-04 -8.011779863914341663e-04 -8.793055181676342731e-04 -1.007116679543316106e-03 -1.183111395115367219e-03 -1.386650201440068958e-03 -1.583690063369302655e-03 -1.741632677718639357e-03 -1.849093270727589439e-03 -1.932501611463355090e-03 -2.059885400713418191e-03 -2.325068039351126971e-03 -2.812092068798129063e-03 -3.549925031712019511e-03 -4.476788646438084260e-03 -5.438000176385802791e-03 -6.237224608832868215e-03 -6.744193961814813447e-03 -7.037111426410946891e-03 -7.527294025867563645e-03 -8.990569827081743709e-03 -1.242834754865824488e-02 -1.870921890624203249e-02 -2.801922244342596943e-02 -3.926792608748592289e-02 -4.976164613538913012e-02 -5.567801261654493905e-02 -5.411414968241628348e-02 -4.789182103517317102e-02 -5.467485206429741756e-02 -1.240383126695307620e-01 -3.622109475603735862e-01 -1.004491729220561513e+00 -2.385114787785960644e+00 -5.821690443471235099e+00 -1.010031255072163603e+01 -3.457338283351622010e+01 2.517855695034403318e+00 -4.282889651853676583e+02 1.457491113304324244e+03 -1.097862274896216695e+04 4.754448118139213329e+04 -1.086589720435582240e+04 1.465554750955742293e+03 -4.116542690846133041e+02 9.207394169106180470e+00 -3.010704045430773235e+01 -7.731510183081046428e+00 -4.533538299829990237e+00 -1.750806513056884839e+00 -7.177090042835467809e-01 -2.478999038011337475e-01 -8.222289665380295987e-02 -3.518679446445572429e-02 -2.989025221723328948e-02 -3.248172083022330542e-02 -3.211901410495238834e-02 -2.760769402932355260e-02 -2.097333764174919013e-02 -1.443032316671011110e-02 -9.311712231946040266e-03 -6.031743294324008742e-03 -4.128001096160982888e-03 -4.237175793551091300e-03
-3.267757136424270141e-06 -1.082371885080800569e-06 -2.565751814359969493e-06 -4.599803771605963780e-06 -8.530887113802111484e-06 -1.526918975235096678e-05 -2.529638039364802096e-05 -3.818669465548960073e-05 -5.252175690016860015e-05 -6.621912214265914345e-05 -7.722353383204844698e-05 -8.431020019032541446e-05 -8.766713615394677254e-05 -8.897630366760721037e-05 -9.089153082265768785e-05 -9.606525183678586374e-05 -1.060837475166556514e-04 -1.207533502770854816e-04 -1.380781131042624484e-04 -1.550067359785182140e-04 -1.687061350277264612e-04 -1.778609347666216731e-04 -1.834332963891942107e-04 -1.884902609856407114e-04 -1.970682847256154308e-04 -2.124719364511130709e-04 -2.357007121457905358e-04 -2.647474198644468851e-04 -2.951614755375582804e-04 -3.220252029901358027e-04 -3.417245764433602317e-04 -3.561392313576279881e-04 -3.676257796359366520e-04 -3.792443856221186451e-04 -4.105899984716323550e-04 -4.579886489198608732e-04 -5.205204817164716270e-04 -5.893046922533582820e-04 -6.531024957169511260e-04 -7.030137258131327399e-04 -7.380139230655461281e-04 -7.678644776562698355e-04 -8.115170096804644271e-04 -8.905429609442930229e-04 -1.019458375417590457e-03 -1.196895739176785873e-03 -1.402255700286449526e-03 -1.601394182573888207e-03 -1.761504603118214983e-03 -1.871018192134179777e-03 -1.956395252966819029e-03 -2.086064527829609768e-03 -2.354628508193730256e-03 -2.847063298542638898e-03 -3.592986622840651720e-03 -4.530490000475399966e-03 -5.503705892500293517e-03 -6.314338163966475882e-03 -6.830424043810736159e-03 -7.130472935147845123e-03 -7.630016821337771982e-03 -9.114109056478393589e-03 -1.259745257313852132e-02 -1.896192172868632966e-02 -2.839940999769558286e-02 -3.980868571558850155e-02 -5.046178816290784047e-02 -5.648233203704999816e-02 -5.492083704208305245e-02 -4.863101125786899182e-02 -5.553064302535914293e-02 -1.259505224818666669e-01 -3.677980669689126514e-01 -1.020198536503532205e+00 -2.422964083503039046e+00 -5.915849212668702783e+00 -1.026524027460279775e+01 -3.515274079271008389e+01 2.575703935867011296e+00 -4.356909142824910646e+02 1.483035363791365626e+03 -1.117235524753211030e+04 4.839151584911891405e+04 -1.106132994821146167e+04 1.492071094688921448e+03 -4.192032805958272661e+02 9.362608625840257659e+00 -3.067392427962106538e+01 -7.880376811395068515e+00 -4.621143786666340958e+00 -1.785077415933396638e+00 -7.318889260293006682e-01 -2.528619822262359040e-01 -8.389821626768284579e-02 -3.592148525698268119e-02 -3.051993078241555662e-02 -3.316680071890156650e-02 -3.279920851088571898e-02 -2.819652992054245619e-02 -2.142704994522490539e-02 -1.474389339755331069e-02 -9.557289094514148306e-03 -6.036596596637528421e-03 -5.243748144096233542e-03
-8.241639941959373172e-06 -2.136989186011785009e-05 -3.076985832889294253e-05 -3.490735654794395698e-05 -3.467136932573006722e-05 -3.249004440128389434e-05 -3.143649850841960460e-05 -3.406539510430837422e-05 -4.146418893207219798e-05 -5.288038627590206778e-05 -6.606702116541099303e-05 -7.821851631649943124e-05 -8.713005285578062566e-05 -9.211862190055750133e-05 -9.432954111753239868e-05 -9.628486958816687028e-05 -1.008403080013032984e-04 -1.099644688958425294e-04 -1.238511717406558666e-04 -1.407638889472811496e-04 -1.577229095592694330e-04 -1.717953320687165498e-04 -1.814655072929127397e-04 -1.874858429531146842e-04 -1.927818499427124798e-04 -2.013552070660310823e-04 -2.165869475306013469e-04 -2.395868707196576364e-04 -2.685970299167311781e-04 -2.988625356391464804e-04 -3.268744307515603987e-04 -3.467512196791416998e-04 -3.540293399817754337e-04 -3.666300507410747041e-04 -3.840842375626209735e-04 -4.153789704692637539e-04 -4.637068725162598530e-04 -5.267575196840606350e-04 -5.961535273244726986e-04 -6.606423120653617462e-04 -7.113333554307927362e-04 -7.471491713229788190e-04 -7.778084737621111973e-04 -8.222768918504916097e-04 -9.022192926596196315e-04 -1.032297053667963899e-03 -1.211267844187763126e-03 -1.418553784247703802e-03 -1.619885729857824079e-03 -1.782229634587349440e-03 -1.893829537854404112e-03 -1.981196404754255024e-03 -2.113202392132458671e-03 -2.385281986958548688e-03 -2.883387418117752503e-03 -3.637795243715539594e-03 -4.586425560914117114e-03 -5.572137997921347563e-03 -6.394571030681804255e-03 -6.920004191924163627e-03 -7.227303664142940322e-03 -7.736440170636857752e-03 -9.242099598222634771e-03 -1.277279370515572478e-02 -1.922411630078084410e-02 -2.879389606431105933e-02 -4.036952730401345557e-02 -5.118738186454342004e-02 -5.731509917673771604e-02 -5.575511658976232271e-02 -4.939456623713730371e-02 -5.641436925891450682e-02 -1.279268124096054893e-01 -3.735734995284722970e-01 -1.036429227814358089e+00 -2.462061753895850913e+00 -6.013061405971908968e+00 -1.043549819248453936e+01 -3.575033099189486308e+01 2.634682879882186413e+00 -4.433203592901919023e+02 1.509357014616388142e+03 -1.137198624228382141e+04 4.926424994569892442e+04 -1.126267205190903405e+04 1.519390218402304072e+03 -4.269788960902579333e+02 9.523056365604839257e+00 -3.125754728489669532e+01 -8.033551397151075690e+00 -4.711295036196897712e+00 -1.820336399354931300e+00 -7.464764733576159106e-01 -2.579657521232577855e-01 -8.562094602466140125e-02 -3.667674875200656326e-02 -3.116733131467815804e-02 -3.387150280527589236e-02 -3.349915514668626998e-02 -2.880506753672787065e-02 -2.189055847975721406e-02 -1.511619811517532150e-02 -9.607826757332963569e-03 -7.436839729501816369e-03
-1.176987745106001081e-05 -3.417811881229151130e-05 -4.934937842268706439e-05 -5.610621707818535733e-05 -5.472942114487584000e-05 -4.796223126471082452e-05 -3.991504087601733316e-05 -3.474805842976852412e-05 -3.535906978490989768e-05 -4.253358629792873883e-05 -5.483529188571185502e-05 -6.925972125469145131e-05 -8.241542798880393237e-05 -9.180528326235894176e-05 -9.674045048382920702e-05 -9.854980888456719111e-05 -1.000004918203652139e-04 -1.041487153820314652e-04 -1.130648186137566021e-04 -1.269450318310925562e-04 -1.439908566793922286e-04 -1.611410991116313718e-04 -1.753959794612069750e-04 -1.852030588059301998e-04 -1.913046522725925160e-04 -1.966431898624806441e-04 -2.052152168057150836e-04 -2.205480440815493813e-04 -2.433482409210388714e-04 -2.734057952751742758e-04 -3.035761436350771481e-04 -3.235878219654030399e-04 -3.445675745255307159e-04 -3.582006142326757685e-04 -3.708433416687899808e-04 -3.893876299909636296e-04 -4.212191062977433602e-04 -4.700394123637842360e-04 -5.335613391641652820e-04 -6.035087680380071037e-04 -6.686596296327212280e-04 -7.201018192284813942e-04 -7.567043185796402862e-04 -7.881494308038222273e-04 -8.334298446213745824e-04 -9.143163936105396482e-04 -1.045621248622266488e-03 -1.226221180878669459e-03 -1.435542279623484027e-03 -1.639167076062516713e-03 -1.803815108081204205e-03 -1.917539762957801977e-03 -2.006922303860585958e-03 -2.141320369752367555e-03 -2.417053576353658979e-03 -2.921093680182148492e-03 -3.684385878519502028e-03 -4.644638477137424601e-03 -5.643350174106191372e-03 -6.477988595722144853e-03 -7.013010952513693864e-03 -7.327690055546211279e-03 -7.846661506499066213e-03 -9.374658083669379707e-03 -1.295452677409178292e-02 -1.949603094212493809e-02 -2.920302271297508384e-02 -4.095094127001849132e-02 -5.193907147024683785e-02 -5.817706758269724360e-02 -5.661775996348997891e-02 -5.018320818834413194e-02 -5.732686932731530238e-02 -1.299690203536881528e-01 -3.795425853214605127e-01 -1.053198872627623572e+00 -2.502444325692580129e+00 -6.113418402404007246e+00 -1.061124729288560786e+01 -3.636672066023484717e+01 2.694846334925137921e+00 -4.511845920654164956e+02 1.536481291808658625e+03 -1.157770785813736620e+04 5.016352622935191175e+04 -1.147011859018248288e+04 1.547538690798533935e+03 -4.349886954294852330e+02 9.688897703613578827e+00 -3.185848039789280151e+01 -8.191183545620861040e+00 -4.804080404120540493e+00 -1.856618038357179090e+00 -7.614859879305382329e-01 -2.632162721721394427e-01 -8.739288647388651632e-02 -3.745354949796703831e-02 -3.183364641292601993e-02 -3.459719512408270664e-02 -3.422363215422744021e-02 -2.942733109173870445e-02 -2.243812062397765317e-02 -1.522014312664832919e-02 -1.161467764836898557e-02
-1.299238739214559428e-05 -3.418249675047149873e-05 -5.055172647428898743e-05 -5.910366871706354818e-05 -5.974318812936848182e-05 -5.427309144424399584e-05 -4.596046286551013502e-05 -3.860524176400399927e-05 -3.547681318786379088e-05 -3.840818114615402124e-05 -4.732307446457001572e-05 -6.035636568058534333e-05 -7.454249079959029229e-05 -8.686334752644577016e-05 -9.531022878418672541e-05 -9.958865089351517518e-05 -1.012026538827030402e-04 -1.028629503514208281e-04 -1.074183162422667558e-04 -1.167031495549728410e-04 -1.307560828358149689e-04 -1.477500938564398319e-04 -1.647100504950720047e-04 -1.787728982715214310e-04 -1.885109563037557705e-04 -1.946848982143299081e-04 -2.003358383011933535e-04 -2.089054592787237827e-04 -2.254988407950520729e-04 -2.481478414032803771e-04 -2.693152256645131234e-04 -3.004522830469368434e-04 -3.271551726580774317e-04 -3.480601918245498135e-04 -3.628773732202669224e-04 -3.761708001040261085e-04 -3.952946812884749355e-04 -4.275798660164234835e-04 -4.768122012471336644e-04 -5.407808262313923680e-04 -6.112729850916853594e-04 -6.770838972954063614e-04 -7.292696984204442541e-04 -7.666454529707420135e-04 -7.988652647318071707e-04 -8.449624932718005675e-04 -9.268270527080178225e-04 -1.059428073384802420e-03 -1.241756220219840086e-03 -1.453224890440056680e-03 -1.659245588169251748e-03 -1.826272587710476951e-03 -1.942164858496875715e-03 -2.033593147024555063e-03 -2.170442422439046708e-03 -2.449970876801758901e-03 -2.960214075539294946e-03 -3.732796763116638487e-03 -4.705175798529821068e-03 -5.717400588297722255e-03 -6.564661074234074030e-03 -7.109525734002083291e-03 -7.431723282126506507e-03 -7.960783100816158295e-03 -9.511906964114205665e-03 -1.314281598978345005e-02 -1.977790699743485828e-02 -2.962715170488903690e-02 -4.155344543955415831e-02 -5.271753538633528607e-02 -5.906902819648720410e-02 -5.750957411889041221e-02 -5.099768961070314660e-02 -5.826901653438992801e-02 -1.320790666970329541e-01 -3.857109095980809088e-01 -1.070523220498191153e+00 -2.544149939588039810e+00 -6.217015500727598010e+00 -1.079265541175184140e+01 -3.700250018470043045e+01 2.756249094767185159e+00 -4.592911917832824429e+02 1.564434401797740293e+03 -1.178971968775975984e+04 5.109022005747903313e+04 -1.168387214845018752e+04 1.576544105222054668e+03 -4.432405475978158620e+02 9.860299988594736220e+00 -3.247731590216334041e+01 -8.353428329360705007e+00 -4.899591499352237811e+00 -1.893958186669962629e+00 -7.769323831008064785e-01 -2.686189110447643746e-01 -8.921616045968053244e-02 -3.825357608054394398e-02 -3.252072003380594711e-02 -3.535116985261162886e-02 -3.496397711791259660e-02 -3.017825180175786465e-02 -2.257313454574601252e-02 -1.835644592505070172e-02
-1.154646670115143310e-05 -2.223533853038611675e-05 -3.495685516679426623e-05 -4.364805844561119068e-05 -4.821120915778056226e-05 -4.876609551937992907e-05 -4.637673243014124049e-05 -4.283554446011258679e-05 -4.030514339063225482e-05 -4.075842870010815979e-05 -4.538801680412545339e-05 -5.418833672011599974e-05 -6.589796124262833725e-05 -7.837634421893232542e-05 -8.933270662497053681e-05 -9.716841097350944405e-05 -1.016168944884027919e-04 -1.039095362441495190e-04 -1.063549565602217302e-04 -1.114525248087925636e-04 -1.208645488364848723e-04 -1.346674650310270764e-04 -1.512238767290561604e-04 -1.678053777840551614e-04 -1.816975736528369080e-04 -1.916735676235906333e-04 -1.979064635380296008e-04 -2.051090632064220612e-04 -2.136922890064308202e-04 -2.206971901985157959e-04 -2.443824074189611091e-04 -2.726692325447535961e-04 -3.034865516903731278e-04 -3.312685741585935672e-04 -3.527672977150701859e-04 -3.682043525788650977e-04 -3.820327998470878449e-04 -4.016155116127264365e-04 -4.342981001509509087e-04 -4.839206090589365196e-04 -5.483395104094310928e-04 -6.193909474070095509e-04 -6.858751635305638346e-04 -7.388091461698276458e-04 -7.769545095158725831e-04 -8.099457065739071966e-04 -8.568704749660660709e-04 -9.397511356861082453e-04 -1.073720413720936212e-03 -1.257878330534446636e-03 -1.471609595607632466e-03 -1.680132398712861101e-03 -1.849616923444505432e-03 -1.967723637122669941e-03 -2.061231554896609305e-03 -2.200594696330106584e-03 -2.484063682644696309e-03 -3.000783091492960700e-03 -3.783069187638089109e-03 -4.768088314252486200e-03 -5.794351774200220094e-03 -6.654663440134798297e-03 -7.209634793675524095e-03 -7.539499289860398558e-03 -8.078912154938139301e-03 -9.653974640124322534e-03 -1.333783411369568114e-02 -2.006999907583095419e-02 -3.006666485332237099e-02 -4.217758559580661593e-02 -5.352348697949290551e-02 -5.999181035999673339e-02 -5.843140246407117766e-02 -5.183879445398115876e-02 -5.924172030853279425e-02 -1.342589570894685003e-01 -3.920843105498030279e-01 -1.088418723114804809e+00 -2.587218404523082604e+00 -6.323952057863425402e+00 -1.097989747892768264e+01 -3.765828399449874553e+01 2.818947032287534515e+00 -4.676480365051497756e+02 1.593243571669154107e+03 -1.200822909939157034e+04 5.204524074261388159e+04 -1.190414313795467024e+04 1.606435122706093125e+03 -4.517426230356346650e+02 1.003743786386274373e+01 -3.311466837071719027e+01 -8.520446538415420434e+00 -4.997923351491739830e+00 -1.932394094668464790e+00 -7.928313185158527565e-01 -2.741796331318098190e-01 -9.109403299423747546e-02 -3.907948555549529968e-02 -3.323957450136087732e-02 -3.611936822789966334e-02 -3.590091834966927659e-02 -3.027550949687111276e-02 -2.749506598321502931e-02
-7.593282576700725056e-06 -4.504989955378719598e-06 -1.056910586572771708e-05 -1.773904554159991091e-05 -2.616096248849943709e-05 -3.433216674517728620e-05 -4.082835139099659136e-05 -4.480582998825518269e-05 -4.645660234927393128e-05 -4.701174251196445773e-05 -4.830061850027408997e-05 -5.202531162278187048e-05 -5.904428189073394640e-05 -6.897395441584131307e-05 -8.029550832574247708e-05 -9.095379984088305481e-05 -9.922192221804630415e-05 -1.044765539405329501e-04 -1.075444958369374120e-04 -1.104383461282148370e-04 -1.155550070490812494e-04 -1.246430660071706417e-04 -1.379956655038014769e-04 -1.541673087405977878e-04 -1.707429025291555091e-04 -1.844752817086508980e-04 -1.960535474203600878e-04 -2.023439091465381741e-04 -1.992322506337350721e-04 -2.091384052122415710e-04 -2.239965167175147923e-04 -2.472786216157025151e-04 -2.765705357173337377e-04 -3.078125647197494513e-04 -3.360776737004117563e-04 -3.580526636944882904e-04 -3.739707362103439348e-04 -3.882498726159099934e-04 -4.082362555956112172e-04 -4.412917705755859386e-04 -4.913057227102609259e-04 -5.561940534531479218e-04 -6.278308843799712850e-04 -6.950108544511033248e-04 -7.487053640530556137e-04 -7.876233466684867679e-04 -8.213881138165118152e-04 -8.691553930507488852e-04 -9.530933218466566565e-04 -1.088505210636768255e-03 -1.274596451650654829e-03 -1.490707614539385712e-03 -1.701841598347228913e-03 -1.873865627355486736e-03 -1.994237260030235891e-03 -2.089862219795218107e-03 -2.231805260810512410e-03 -2.519363783743656503e-03 -3.042837553018026397e-03 -3.835247363451588232e-03 -4.833430443727163191e-03 -5.874270553471045049e-03 -6.748075390432497177e-03 -7.313429253794733256e-03 -7.651118866545591514e-03 -8.201160913265706856e-03 -9.800995611634173710e-03 -1.353976264915838883e-02 -2.037257530989982496e-02 -3.052196440908537187e-02 -4.282393606331237612e-02 -5.435767541108763728e-02 -6.094628288549804040e-02 -5.938412606550660944e-02 -5.270733935468829151e-02 -6.024592766388611048e-02 -1.365107853947248595e-01 -3.986688875513508257e-01 -1.106902557681241683e+00 -2.631691255168087107e+00 -6.434331635142617856e+00 -1.117315577842176744e+01 -3.833471149098075870e+01 2.882997192531328245e+00 -4.762633152965352679e+02 1.622937091278355638e+03 -1.223345155886036082e+04 5.302953297019111778e+04 -1.213115012512114663e+04 1.637241516970222392e+03 -4.605034065158596377e+02 1.022049354307256230e+01 -3.377117564807157635e+01 -8.692404968288975908e+00 -5.099174646828781299e+00 -1.971964671557457249e+00 -8.091995766316898431e-01 -2.799060889308342959e-01 -9.303093215886526490e-02 -3.994716882730849072e-02 -3.396729617490604897e-02 -3.717228239803992834e-02 -3.584432354993098008e-02 -3.756912089139475414e-02
-2.078900104429732498e-06 1.069739915412626335e-05 1.129726542579374406e-05 6.558946754264100621e-06 -3.876306691730954150e-06 -1.766959722750983716e-05 -3.173548967441454225e-05 -4.318201722869153750e-05 -5.031268107858714590e-05 -5.314566869650680440e-05 -5.330015014364620834e-05 -5.330204473797669562e-05 -5.557845939465896006e-05 -6.152390437287736768e-05 -7.099788308141646148e-05 -8.244410664591591967e-05 -9.358509015235856620e-05 -1.024139622479554394e-04 -1.080800770251351802e-04 -1.112992114372337622e-04 -1.140944049709984086e-04 -1.189735382407971749e-04 -1.277818285161200923e-04 -1.411019531474363336e-04 -1.569228798411120081e-04 -1.750167596263697335e-04 -1.886002366927131216e-04 -1.888128707616013404e-04 -1.966308824408703954e-04 -2.022401788355461592e-04 -2.118342823034355567e-04 -2.278414967493860670e-04 -2.515230626205299880e-04 -2.811774854498110140e-04 -3.127336458908286029e-04 -3.413486671167016684e-04 -3.637169358308947500e-04 -3.800495538367821874e-04 -3.947312642000297455e-04 -4.150928750287745253e-04 -4.485147057009508643e-04 -4.989338879110136096e-04 -5.643198189458653070e-04 -6.365751620164087623e-04 -7.044792739207323849e-04 -7.589519923144389573e-04 -7.986503944264153896e-04 -8.331949921768483759e-04 -8.818229551017898538e-04 -9.668616821262390228e-04 -1.103792355994951324e-03 -1.291922224738979415e-03 -1.510532716847857960e-03 -1.724389691041746829e-03 -1.899038451311535047e-03 -2.021728918004607207e-03 -2.119511669937733898e-03 -2.264103933594685449e-03 -2.555904829425517753e-03 -3.086416508639878726e-03 -3.889378323522195771e-03 -4.901260155027411212e-03 -5.957227983924042770e-03 -6.844981336596316773e-03 -7.421005143289072063e-03 -7.766687730022458699e-03 -8.327646785325078585e-03 -9.953110622828003837e-03 -1.374879201571239593e-02 -2.068591759824084039e-02 -3.099347344407195684e-02 -4.349310031959608552e-02 -5.522088653461129648e-02 -6.193335521432092455e-02 -6.036866493957781382e-02 -5.360417491927477185e-02 -6.128262465833943934e-02 -1.388367366575629092e-01 -4.054710097014216363e-01 -1.125992651498251673e+00 -2.677611812637087585e+00 -6.548262152727071239e+00 -1.137262022314303600e+01 -3.903244802514252854e+01 2.948457885880936491e+00 -4.851455409191886474e+02 1.653544357311454860e+03 -1.246561096644469217e+04 5.404407828111776325e+04 -1.236512017583642773e+04 1.668994221464009797e+03 -4.695317105960382946e+02 1.040965708822861302e+01 -3.444749990923941141e+01 -8.869476787496413550e+00 -5.203448117567170961e+00 -2.012710908226661211e+00 -8.260563168640006060e-01 -2.858070098562229822e-01 -9.504852272150907111e-02 -4.082188232689988594e-02 -3.507456519371485171e-02 -3.683782859859249109e-02 -4.568979756774364798e-02
3.247826087684718068e-06 1.681432585769876003e-05 2.127796628613893640e-05 1.878533006913121395e-05 9.007612018166660645e-06 -5.986695149261999869e-06 -2.294766160822628588e-05 -3.838296947106965222e-05 -4.962415612022933847e-05 -5.558592243125813051e-05 -5.699960300053082243e-05 -5.604735448197831725e-05 -5.552869326539687939e-05 -5.784890348070963840e-05 -6.418251240504374588e-05 -7.411117663193754685e-05 -8.586540468506870488e-05 -9.708261292074509908e-05 -1.057958341851808915e-04 -1.112638305396400546e-04 -1.143297543259694812e-04 -1.170456407111232099e-04 -1.221208767069611274e-04 -1.306705738565632825e-04 -1.456357720476495225e-04 -1.611245760340217898e-04 -1.665525483491836468e-04 -1.816742827509191637e-04 -1.913661688236146987e-04 -1.988696262171280483e-04 -2.058351285282795690e-04 -2.159659620788749641e-04 -2.324007524859071194e-04 -2.563546504808380090e-04 -2.862339968067561104e-04 -3.180306117234869313e-04 -3.469403991556025140e-04 -3.696582178813749738e-04 -3.863686411538669210e-04 -4.014254853163159564e-04 -4.221487632012246144e-04 -4.559408404985840365e-04 -5.067865338628637023e-04 -5.727037753255166067e-04 -6.456152352799914441e-04 -7.142759170856202277e-04 -7.695483744782590559e-04 -8.100386003732930849e-04 -8.453724383757041686e-04 -8.948817792890061953e-04 -9.810667512512077828e-04 -1.119593959885446192e-03 -1.309869406643697628e-03 -1.531100752904077707e-03 -1.747795221865350648e-03 -1.925157098465512043e-03 -2.050223613361897620e-03 -2.150208106255821656e-03 -2.297522155260718103e-03 -2.593722225513757969e-03 -3.131561141072148908e-03 -3.945511846868404032e-03 -4.971638911683391553e-03 -6.043299340611340588e-03 -6.945470428000365647e-03 -7.532463461677853592e-03 -7.886316619819182944e-03 -8.458492448718404194e-03 -1.011046677094271616e-02 -1.396512168647944321e-02 -2.101032183282213611e-02 -3.148163626212047844e-02 -4.418571168385929115e-02 -5.611394390394981030e-02 -6.295397867841112660e-02 -6.138597938198484677e-02 -5.453018693495673835e-02 -6.235283768115002651e-02 -1.412390899377495845e-01 -4.124973246122790593e-01 -1.145707707889149995e+00 -2.725025248822939172e+00 -6.665856052844126189e+00 -1.157848864485717399e+01 -3.975218592438778842e+01 3.015388782520085353e+00 -4.943035631216923775e+02 1.685095919387220192e+03 -1.270494000930055699e+04 5.508989662231531111e+04 -1.260628921538366558e+04 1.701725378549373772e+03 -4.788366896911049935e+02 1.060512666658005720e+01 -3.514432882128419067e+01 -9.051842027454730655e+00 -5.310850969268027910e+00 -2.054677085506310341e+00 -8.434214286531267479e-01 -2.919110065214037264e-01 -9.710007698097655737e-02 -4.215758519633202445e-02 -3.444953680895651571e-02 -4.866600630094382318e-02
6.471135554451821543e-06 1.184859819451626950e-05 1.596991929690526465e-05 1.461644442067014973e-05 7.752790179353674128e-06 -3.735685685753580788e-06 -1.789042905900885860e-05 -3.222616060241490459e-05 -4.437771560651485329e-05 -5.274687924998365193e-05 -5.694574850868181187e-05 -5.789128746440573244e-05 -5.749454184366309308e-05 -5.802156391019647099e-05 -6.132403738667402231e-05 -6.819980863721536359e-05 -7.812273915106230542e-05 -8.946049188865658381e-05 -1.001195179972671584e-04 -1.084145001388871964e-04 -1.137183899565537672e-04 -1.170986642822368794e-04 -1.197295004475053677e-04 -1.268206641594644675e-04 -1.351027205663210020e-04 -1.361396855918986743e-04 -1.532312609716622869e-04 -1.688804894430048385e-04 -1.834848401109410261e-04 -1.945765903258787444e-04 -2.026816692721233372e-04 -2.101932748438421956e-04 -2.206991423238268324e-04 -2.373943648131565014e-04 -2.615347968634841678e-04 -2.915861537247591419e-04 -3.235912650472856319e-04 -3.527720818122219849e-04 -3.758178932367578040e-04 -3.928860293490698923e-04 -4.083030310157156548e-04 -4.293836092782244221e-04 -4.635564726445319159e-04 -5.148546766713726084e-04 -5.813404801252442097e-04 -6.549486582639825255e-04 -7.244012137455547356e-04 -7.804978401986556631e-04 -8.217941163122040489e-04 -8.579291304770845453e-04 -9.083426120931487610e-04 -9.957209146749825251e-04 -1.135923864077144525e-03 -1.328453480352172157e-03 -1.552429342064974788e-03 -1.772078530192537074e-03 -1.952245031411220218e-03 -2.079748013237706257e-03 -2.181981290604856957e-03 -2.332092903129941077e-03 -2.632853067902663196e-03 -3.178314719517254597e-03 -4.003700433404073708e-03 -5.044631675843624929e-03 -6.132564150612384614e-03 -7.049636615176295938e-03 -7.647910260444976301e-03 -8.010121383909859019e-03 -8.593825936464041110e-03 -1.027321761059069895e-02 -1.418896035726852252e-02 -2.134609821167555641e-02 -3.198691894720969570e-02 -4.490243416812499805e-02 -5.703770992039741694e-02 -6.400914782164213168e-02 -6.243707124281148296e-02 -5.548629742990659336e-02 -6.345763459697542630e-02 -1.437202212305177251e-01 -4.197547678966859763e-01 -1.166067234094815053e+00 -2.773978654989724291e+00 -6.787230472329269126e+00 -1.179096709945807042e+01 -4.049464556938701065e+01 3.083851010354705213e+00 -5.037465825543014262e+02 1.717623528298377778e+03 -1.295168053019862964e+04 5.616804796850747516e+04 -1.285490240481916408e+04 1.735468390911818688e+03 -4.884278548108734981e+02 1.080710879355326526e+01 -3.586237679450264437e+01 -9.239687948407354412e+00 -5.421495892760095359e+00 -2.097908010541336576e+00 -8.613350992200592415e-01 -2.981651779240079292e-01 -9.967559680119300602e-02 -4.159775626290395517e-02 -4.694760080103932420e-02
6.096152440999585726e-06 -1.058228044565249615e-06 -9.862949459684434379e-07 -2.653285965639803251e-06 -5.725621013327892981e-06 -1.082263783047490316e-05 -1.805836713586033018e-05 -2.699482725612281222e-05 -3.661368998960679472e-05 -4.556893007133329176e-05 -5.262931324945434373e-05 -5.715267542778216283e-05 -5.939354642332120776e-05 -6.048885071080362130e-05 -6.208890068679925140e-05 -6.574883387207117343e-05 -7.231134076004380479e-05 -8.153406271131012585e-05 -9.216638981781058394e-05 -1.023581087216401145e-04 -1.107890353631948885e-04 -1.159289264701030876e-04 -1.216186638740646489e-04 -1.241120489787405311e-04 -1.160548482974800414e-04 -1.262640730290564986e-04 -1.385346580701821129e-04 -1.549191911842414510e-04 -1.719176291726495277e-04 -1.870190086070553823e-04 -1.986255280202656572e-04 -2.071472688937098434e-04 -2.150052820438921126e-04 -2.257726083236871923e-04 -2.426552269904562844e-04 -2.669422687944196038e-04 -2.971462953230472439e-04 -3.293509592308689529e-04 -3.587962028055418761e-04 -3.821616204539136181e-04 -3.995777043793288168e-04 -4.153478923897102430e-04 -4.367874009502846423e-04 -4.713559046661729905e-04 -5.231356886228603247e-04 -5.902296444600924454e-04 -6.645772266644407603e-04 -7.348591023332372947e-04 -7.918066085675854729e-04 -8.339254562438813342e-04 -8.708756832456416089e-04 -9.222178354742254164e-04 -1.010838031007166033e-03 -1.152797351067473379e-03 -1.347691429362156542e-03 -1.574537697693429057e-03 -1.797261616235387672e-03 -1.980327375198679893e-03 -2.110330386670010785e-03 -2.214862515826940791e-03 -2.367850693578881296e-03 -2.673336176061075122e-03 -3.226722662561026887e-03 -4.063999393377625176e-03 -5.120307020392959180e-03 -6.225106323456631487e-03 -7.157578795051424379e-03 -7.767456803072061815e-03 -8.138223160641781112e-03 -8.733780859393195511e-03 -1.044152345023961238e-02 -1.442052636653759663e-02 -2.169357184246882911e-02 -3.250981020760194962e-02 -4.564396359207049947e-02 -5.799308719165954112e-02 -6.509990189981347541e-02 -6.352298541350584471e-02 -5.647346608831107367e-02 -6.459812652516344622e-02 -1.462826074579834379e-01 -4.272505743678279844e-01 -1.187091571951420343e+00 -2.824521115066701782e+00 -6.912507424631030517e+00 -1.201027018783966049e+01 -4.126057652350558413e+01 3.153907254386563164e+00 -5.134841653426374251e+02 1.751160186484715723e+03 -1.320608391336746899e+04 5.727963401872981922e+04 -1.311121453461602505e+04 1.770257975309071526e+03 -4.983150889751446471e+02 1.101581857060611291e+01 -3.660238614057818296e+01 -9.433210094576811144e+00 -5.535498212311695809e+00 -2.142468924722952917e+00 -8.797536428759252791e-01 -3.050532110261116037e-01 -1.004165698080417279e-01 -5.384206228025081170e-02
2.043198526841304601e-06 -1.541443368899218430e-05 -2.102036945907385769e-05 -2.411787009277819826e-05 -2.418935005365096429e-05 -2.298272129680870677e-05 -2.249439828055897297e-05 -2.438967465561624748e-05 -2.935930466914493173e-05 -3.689733980338382493e-05 -4.554655197192025875e-05 -5.351797277225883866e-05 -5.943346851719370826e-05 -6.289405776088404561e-05 -6.464098250173150686e-05 -6.624209862178813846e-05 -6.942195431315918816e-05 -7.534120455504069412e-05 -8.399464764289476691e-05 -9.458276688383051027e-05 -1.043450060583102845e-04 -1.151458004099070102e-04 -1.200489300672344503e-04 -1.090982450657070849e-04 -1.139490033685641924e-04 -1.184496101343075015e-04 -1.279514517897747624e-04 -1.416677540477052411e-04 -1.584640995656085851e-04 -1.758525921962966624e-04 -1.912609522074931203e-04 -2.031686593631923453e-04 -2.119771589744130541e-04 -2.200871087717320952e-04 -2.310543278310726325e-04 -2.480890125112204152e-04 -2.725079084675763514e-04 -3.028631927190732339e-04 -3.352717010205063966e-04 -3.649850623051261356e-04 -3.886700073070804276e-04 -4.064310381541504785e-04 -4.225528130495176068e-04 -4.443569399927458307e-04 -4.793388451550484818e-04 -5.316313356670151992e-04 -5.993746374365199747e-04 -6.745058338354988515e-04 -7.456561586222706234e-04 -8.034831337636237853e-04 -8.464430168858402739e-04 -8.842243086555744841e-04 -9.365212364429442715e-04 -1.026433283296628116e-03 -1.170231054856227292e-03 -1.367601692940056653e-03 -1.597446620242201762e-03 -1.823368172832533565e-03 -2.009430993275691281e-03 -2.142000730431128149e-03 -2.248884783435554750e-03 -2.404831807613192103e-03 -2.715212357573602939e-03 -3.276832831710582272e-03 -4.126467164449524293e-03 -5.198737473321407392e-03 -6.321014537193871650e-03 -7.269401260814963364e-03 -7.891220101902438749e-03 -8.270749020202075238e-03 -8.878497161699219070e-03 -1.061555222864539287e-02 -1.466004871033680691e-02 -2.205308394045213047e-02 -3.305082283647633318e-02 -4.641102940880693917e-02 -5.898102080927773022e-02 -6.622732762638468273e-02 -6.464481296385088394e-02 -5.749269371241195331e-02 -6.577547197162847414e-02 -1.489288330321951181e-01 -4.349922921484607463e-01 -1.208801932518465794e+00 -2.876703785573782923e+00 -7.041813995362080192e+00 -1.223662140009945531e+01 -4.205075872874226661e+01 3.225621841949028568e+00 -5.235262583697098080e+02 1.785740200828741763e+03 -1.346841148828894802e+04 5.842579997121966881e+04 -1.337549043644242738e+04 1.806130218705060770e+03 -5.085086636124933079e+02 1.123147940912509135e+01 -3.736513058109832031e+01 -9.632612642685023374e+00 -5.653004237901217088e+00 -2.188348447032204547e+00 -8.992427884478971789e-01 -3.100428513843471734e-01 -1.156106343242428169e-01
-4.202763242536018631e-06 -2.452708559075857879e-05 -3.478330017621294930e-05 -3.962061484013621159e-05 -3.868395612888118976e-05 -3.399169259290104694e-05 -2.841234645720587911e-05 -2.482987480336044326e-05 -2.521590817936567638e-05 -3.006697324323842442e-05 -3.836332710364303916e-05 -4.805151566282205147e-05 -5.686508117524762034e-05 -6.317798377984255073e-05 -6.658291875428846214e-05 -6.797583090603010933e-05 -6.916124642369492345e-05 -7.198364907145988762e-05 -7.799669247119845488e-05 -8.613688983446972933e-05 -9.919078943172034244e-05 -1.084489493945229476e-04 -1.006761866179849640e-04 -1.082229466706239663e-04 -1.112329028439583759e-04 -1.154191830266388757e-04 -1.216307738139034292e-04 -1.316371692713180319e-04 -1.457381213841293032e-04 -1.627452542865375743e-04 -1.803038315578563036e-04 -1.958901607537051029e-04 -2.080015341854645015e-04 -2.170250563117834730e-04 -2.253352179978248258e-04 -2.364695969915304855e-04 -2.536413156270263388e-04 -2.781916757241213040e-04 -3.087072849833806141e-04 -3.413319462522925070e-04 -3.713236070757668355e-04 -3.953334638668617421e-04 -4.134410434890362800e-04 -4.299165374572745083e-04 -4.520938070404184714e-04 -4.875088976925082140e-04 -5.403466572905437498e-04 -6.087816662575717616e-04 -6.847418900540066210e-04 -7.568012115675049230e-04 -8.155378841617992982e-04 -8.593589899726607672e-04 -8.979888325899370530e-04 -9.512681025699956964e-04 -1.042523335061883898e-03 -1.188243170142780141e-03 -1.388204432671279534e-03 -1.621178833232299376e-03 -1.850424003651282220e-03 -2.039584993607983319e-03 -2.174791356957040452e-03 -2.284083456917542550e-03 -2.443074991186641384e-03 -2.758525147696817836e-03 -3.328696324227474641e-03 -4.191166197164184794e-03 -5.280000552194520982e-03 -6.420383476015186462e-03 -7.385215171417713886e-03 -8.019324607689703663e-03 -8.407833826623020007e-03 -9.028123103404169653e-03 -1.079548161427512989e-02 -1.490776935892706122e-02 -2.242499459514271307e-02 -3.361049726600966875e-02 -4.720439938927076945e-02 -6.000250435843427349e-02 -6.739256640970250900e-02 -6.580369919097424358e-02 -5.854503060245275226e-02 -6.699088571638271705e-02 -1.516616015382899751e-01 -4.429878039350412799e-01 -1.231220443012998711e+00 -2.930579997336482112e+00 -7.175282575220163217e+00 -1.247025351494777290e+01 -4.286600380509002406e+01 3.299060784249832512e+00 -5.338832053148178147e+02 1.821399237884472313e+03 -1.373893495232981331e+04 5.960773638038156059e+04 -1.364800541443026850e+04 1.843122635595478641e+03 -5.190192587800852380e+02 1.145431428120008910e+01 -3.815142762192673587e+01 -9.838179003473703332e+00 -5.774075682289991462e+00 -2.236733247744679964e+00 -9.152594098137781797e-01 -3.447151869459476048e-01
-1.001730443757604392e-05 -2.452955389962589499e-05 -3.636325585308922760e-05 -4.237104088945300859e-05 -4.266166516569591709e-05 -3.859754614722146521e-05 -3.259213033692778312e-05 -2.737989217582799026e-05 -2.524240889800686755e-05 -2.737957196675166438e-05 -3.362508940324137891e-05 -4.259343588384214657e-05 -5.221046452881088093e-05 -6.045568782648084034e-05 -6.605857929989883252e-05 -6.894635988537105666e-05 -7.010752407625419345e-05 -7.167360488438601800e-05 -7.416862356735967946e-05 -8.306009593814331522e-05 -9.058270865982086923e-05 -8.288679664881765227e-05 -9.500252454407153173e-05 -1.025796469961541432e-04 -1.093156060855192353e-04 -1.142443324540836573e-04 -1.190782183841421915e-04 -1.258071395683309831e-04 -1.360833098958720165e-04 -1.503253131015906696e-04 -1.674102817648655066e-04 -1.850461567852385090e-04 -2.007448429443336253e-04 -2.130092747741027287e-04 -2.222083442217621214e-04 -2.306902652006183579e-04 -2.419757743828845442e-04 -2.592814704356247407e-04 -2.839715274282570974e-04 -3.146629228500972880e-04 -3.475210760084574985e-04 -3.778054566870221211e-04 -4.021493297599929950e-04 -4.206082994591161368e-04 -4.374423246283209868e-04 -4.600033189398567909e-04 -4.958728643225435075e-04 -5.492895515835803568e-04 -6.184595981698784526e-04 -6.952953448510994618e-04 -7.683055300533468603e-04 -8.279836563869623790e-04 -8.726877699386548530e-04 -9.121851742530864967e-04 -9.664757704991263666e-04 -1.059126966262447737e-03 -1.206854208131867036e-03 -1.409522439983350176e-03 -1.645760057172634917e-03 -1.878458250135932100e-03 -2.070822069469900693e-03 -2.208738301737778447e-03 -2.320497709181670344e-03 -2.482622964773131911e-03 -2.803322464368690221e-03 -3.382369404040589701e-03 -4.258165297415163197e-03 -5.364181602167753145e-03 -6.523317149099866832e-03 -7.505142230246774140e-03 -8.151906072253833554e-03 -8.549624162400879662e-03 -9.182819312634600550e-03 -1.098150353893115327e-02 -1.516394891514180783e-02 -2.280969034249866537e-02 -3.418941170807635738e-02 -4.802489251805510534e-02 -6.105859505746115412e-02 -6.859683060213746242e-02 -6.700085977510900070e-02 -5.963159246595096247e-02 -6.824565698252996193e-02 -1.544837632590593257e-01 -4.512453775068560602e-01 -1.254370243574558286e+00 -2.986205432001761029e+00 -7.313051191982087751e+00 -1.271140910964462201e+01 -4.370715648409296250e+01 3.374291784808121974e+00 -5.445657634594836054e+02 1.858174381582827664e+03 -1.401793681360520713e+04 6.082668109840422403e+04 -1.392904570087301363e+04 1.881274218453539561e+03 -5.298580090803600342e+02 1.168450873777333854e+01 -3.896234299299665338e+01 -1.004999392320967466e+01 -5.902176584480848476e+00 -2.274914613252795537e+00 -1.018424145451090945e+00
-1.269615707093740290e-05 -1.593472368854289946e-05 -2.569256010462213087e-05 -3.175470149594064899e-05 -3.475041571683125700e-05 -3.481387439991796400e-05 -3.286424500915739445e-05 -3.027768544281163898e-05 -2.860253869479832784e-05 -2.915238818379019088e-05 -3.262309684372539725e-05 -3.886582141946716206e-05 -4.691760743349557072e-05 -5.529891092756972155e-05 -6.255626360386627629e-05 -6.765516225424739324e-05 -7.094051402340696385e-05 -7.187701593337587837e-05 -7.690141586672767930e-05 -7.888558585659690607e-05 -6.479977053426779377e-05 -7.562341628824631023e-05 -8.489805556917335335e-05 -9.591831432709794526e-05 -1.054601942337233671e-04 -1.128328139594603728e-04 -1.183469193944819685e-04 -1.235522691343109733e-04 -1.305136620341546449e-04 -1.409032900879443097e-04 -1.551839188938893997e-04 -1.722832141665363293e-04 -1.899542454155194945e-04 -2.057343032200145596e-04 -2.181264766439907070e-04 -2.274803226363176568e-04 -2.361194611444840559e-04 -2.475503044800304625e-04 -2.649943489375399452e-04 -2.898377299294195705e-04 -3.207244299700337943e-04 -3.538366975367772589e-04 -3.844310970459140220e-04 -4.091207208190939340e-04 -4.279382921333787343e-04 -4.451376867378194603e-04 -4.680946144561435262e-04 -5.044411524223140321e-04 -5.584714805671490631e-04 -6.284209281862888734e-04 -7.061798626202392664e-04 -7.801841428740303791e-04 -8.408369883018028878e-04 -8.864474445205251579e-04 -9.268329493565422104e-04 -9.821654219963474926e-04 -1.076267160609092324e-03 -1.226089450416086675e-03 -1.431583970554863201e-03 -1.671222162037327551e-03 -1.907506745379175051e-03 -2.103181942334770085e-03 -2.243884823298961800e-03 -2.358174188069465591e-03 -2.523526512380791769e-03 -2.849661466191979412e-03 -3.437919437823740154e-03 -4.327546772276950546e-03 -5.451382014203047001e-03 -6.629937801490851795e-03 -7.629323842699525966e-03 -8.289120736708109963e-03 -8.696287875190613151e-03 -9.342769739209982188e-03 -1.117383822173119261e-02 -1.542888552593597341e-02 -2.320760920398428490e-02 -3.478821324684643751e-02 -4.887341441882990523e-02 -6.215045066204303442e-02 -6.984143950844311222e-02 -6.823761660552594976e-02 -6.075360281199377460e-02 -6.954121331474702461e-02 -1.573984236062707653e-01 -4.597738466553998871e-01 -1.278275768551777825e+00 -3.043638523122130568e+00 -7.455264071172758022e+00 -1.296034124875715499e+01 -4.457509617128357604e+01 3.451384212505434146e+00 -5.555851216296180155e+02 1.896104192063776054e+03 -1.430571085931458038e+04 6.208392129489443323e+04 -1.421890895911536609e+04 1.920625422735821530e+03 -5.410366229664298316e+02 1.192163386059710284e+01 -3.979833560667125880e+01 -1.027810191321136202e+01 -5.999680820874095488e+00 -2.570390256773285031e+00
-1.084458955959563466e-05 -3.107063807316207110e-06 -8.200155955396206715e-06 -1.320577204434327415e-05 -1.902935104908770779e-05 -2.459257458753902472e-05 -2.901211905334982969e-05 -3.178101530017874630e-05 -3.307233663150867687e-05 -3.371827648301869474e-05 -3.490713159151845346e-05 -3.771247121731962054e-05 -4.263355112649350545e-05 -4.939527812822273390e-05 -5.689700989682786497e-05 -6.429189262131826204e-05 -6.892987852819645628e-05 -7.606946262144594561e-05 -7.650634038430699231e-05 -5.607305250207731469e-05 -6.210752515276863597e-05 -6.709461842435159615e-05 -7.664770862423271093e-05 -8.796044082448747307e-05 -9.950086339729569476e-05 -1.095366255258728422e-04 -1.172431833101832377e-04 -1.230218729047701269e-04 -1.284139641246397892e-04 -1.354818983432758118e-04 -1.459068377644107226e-04 -1.601796965738543554e-04 -1.772672102156623911e-04 -1.949579774990785038e-04 -2.108080578696535864e-04 -2.233175491901281918e-04 -2.328168558605590746e-04 -2.416074506168234431e-04 -2.531844430539565804e-04 -2.707760805207749138e-04 -2.957899852986574114e-04 -3.268942144724947679e-04 -3.602834379770603599e-04 -3.912071567595501887e-04 -4.162561842872947279e-04 -4.354414234462946373e-04 -4.530147722216406464e-04 -4.763814342312011315e-04 -5.132289356195537423e-04 -5.679089370110592359e-04 -6.386834286523521359e-04 -7.174145257435931775e-04 -7.924575182070264356e-04 -8.541198376349751339e-04 -9.006616071743664236e-04 -9.419576241825034207e-04 -9.983647785814070939e-04 -1.093974435825712053e-03 -1.245982841939643733e-03 -1.454426966003887975e-03 -1.697607415978269691e-03 -1.937616076331962530e-03 -2.136715271259808854e-03 -2.280285522456028478e-03 -2.397171979828459712e-03 -2.565850984974705692e-03 -2.897617049121267285e-03 -3.495435325766859964e-03 -4.399418135012183283e-03 -5.541731154527720742e-03 -6.740397138713233142e-03 -7.757931496129764036e-03 -8.431156066494612314e-03 -8.848027803611569278e-03 -9.508201855179330975e-03 -1.137276389738896970e-02 -1.570295516197710295e-02 -2.361928929653023604e-02 -3.540766936039706908e-02 -4.975100522519521756e-02 -6.327937014212979550e-02 -7.112785781407990338e-02 -6.951545216481458400e-02 -6.191249595531167493e-02 -7.087931405674145757e-02 -1.604092646512981224e-01 -4.685830739455660310e-01 -1.302963320532138924e+00 -3.102941060606930535e+00 -7.602072203085841196e+00 -1.321731395335561743e+01 -4.547073833993098901e+01 3.530408467775521864e+00 -5.669529224942523342e+02 1.935228756811055518e+03 -1.460256267265598217e+04 6.338079551816124149e+04 -1.451790495159510101e+04 1.961218043508263008e+03 -5.525687563964202127e+02 1.216720821666374874e+01 -4.068509412297227357e+01 -1.042461155975313680e+01 -6.751249474800034456e+00
-4.986085340507387319e-06 7.945387161206685035e-06 7.959561237715806248e-06 4.609235234023922297e-06 -2.849296788082393197e-06 -1.268687620080452173e-05 -2.272846139214427160e-05 -3.093545932510900916e-05 -3.612265709721479260e-05 -3.830816852268063269e-05 -3.861753304277673366e-05 -3.878518214589136921e-05 -4.049901564454946444e-05 -4.456787902888933246e-05 -5.140312192058233592e-05 -5.813793902697107183e-05 -6.962076798013520213e-05 -7.345714700493583753e-05 -5.202166587445646690e-05 -5.731548952999006714e-05 -5.846119239274275025e-05 -6.319844423694140887e-05 -7.050772322202905216e-05 -8.058151732084175612e-05 -9.230244191609406209e-05 -1.040428541765503099e-04 -1.142309876758987856e-04 -1.220733872832207060e-04 -1.279745335462655639e-04 -1.334575607055803203e-04 -1.405699280616970199e-04 -1.509943858715907816e-04 -1.652426668271217739e-04 -1.823132909462186427e-04 -2.000237971986671250e-04 -2.159443192468381983e-04 -2.285700257623600072e-04 -2.382130386169349038e-04 -2.471554818408794665e-04 -2.588843603319006801e-04 -2.766366556707517679e-04 -3.018411686638704803e-04 -3.331873351180239138e-04 -3.668781279314287493e-04 -3.981521247944983899e-04 -4.235760031130988610e-04 -4.431400542204629337e-04 -4.610983230332547228e-04 -4.848911010937108118e-04 -5.222661340228139685e-04 -5.776342643903502631e-04 -6.492815799440568953e-04 -7.290357015383746491e-04 -8.051638754753826345e-04 -8.678726023146987687e-04 -9.153735711005912216e-04 -9.576064833345377097e-04 -1.015126245183487971e-03 -1.112307258583511470e-03 -1.266599383948695300e-03 -1.478122874890257146e-03 -1.724993240627331397e-03 -1.968869227867896254e-03 -2.171510881769802767e-03 -2.318036616067854164e-03 -2.437597807101234918e-03 -2.609718071110675094e-03 -2.947330893024269725e-03 -3.555083150072734302e-03 -4.473972504835227980e-03 -5.635449460490763417e-03 -6.854941426418775970e-03 -7.891236141918738303e-03 -8.578310493788333588e-03 -9.005181071608685250e-03 -9.679515258666860147e-03 -1.157878117952480107e-02 -1.598681115130474659e-02 -2.404559453982812664e-02 -3.604890574390025304e-02 -5.065907964703572630e-02 -6.444704458812447467e-02 -7.245799954874534987e-02 -7.083645111018643803e-02 -6.311061645366194961e-02 -7.226313339990450557e-02 -1.635220881810626192e-01 -4.776859123095061888e-01 -1.328463242451157544e+00 -3.164180230123639692e+00 -7.753635025246919277e+00 -1.348260389211263721e+01 -4.639503927006989414e+01 3.611424496550744045e+00 -5.786813159951092302e+02 1.975589666971767429e+03 -1.490881033343621311e+04 6.471869542718877346e+04 -1.482635665114554831e+04 2.003091537594498959e+03 -5.644637952209092191e+02 1.235627739505769007e+01 -4.136782234999634511e+01 -1.228247297500144164e+01
2.397233568881520217e-06 1.239378112651041800e-05 1.572043800261509571e-05 1.387550768860218400e-05 6.673711824484875389e-06 -4.327020863178802101e-06 -1.671353054883092958e-05 -2.792963792386946983e-05 -3.605851938481936591e-05 -4.036347941598407722e-05 -4.141207146464934575e-05 -4.084267354489149121e-05 -4.052203551229790508e-05 -4.269559991508446419e-05 -4.604206299243889227e-05 -5.746064587499078737e-05 -6.301436694119549051e-05 -4.209627036746443093e-05 -5.151178145409850167e-05 -5.436051831513227046e-05 -5.822536394324792663e-05 -6.207006748216828439e-05 -6.748053041428288702e-05 -7.527524154428602403e-05 -8.551510081976056383e-05 -9.727786539523939344e-05 -1.090160245981302965e-04 -1.192137097946965684e-04 -1.270928946494695607e-04 -1.330459542533239670e-04 -1.385720874892306775e-04 -1.457003304208931112e-04 -1.561118716201859765e-04 -1.703351358474547873e-04 -1.873954593635975116e-04 -2.051344811265388014e-04 -2.211329294782716896e-04 -2.338798058319010596e-04 -2.436700672099042305e-04 -2.527692229918194187e-04 -2.646591911220496523e-04 -2.825875725383639376e-04 -3.080041588485676689e-04 -3.396174354953246551e-04 -3.736350817065795817e-04 -4.052813949357442756e-04 -4.310973554057150265e-04 -4.510538209102342997e-04 -4.694107564377700812e-04 -4.936486075078672141e-04 -5.315796417284989134e-04 -5.876754133586196450e-04 -6.602438025649242682e-04 -7.410723381437383335e-04 -8.183335522739374921e-04 -8.821285007042461122e-04 -9.306210733153845449e-04 -9.738229514599474517e-04 -1.032499152598070121e-03 -1.131320044487725465e-03 -1.287997144786416507e-03 -1.502732229815482946e-03 -1.753442660647811001e-03 -2.001333613740583633e-03 -2.207644302388763694e-03 -2.357226434789215508e-03 -2.479556995835842988e-03 -2.655252340874368535e-03 -2.998946406836690802e-03 -3.617022731403119178e-03 -4.551383734246907189e-03 -5.732725438596424083e-03 -6.973780167898838665e-03 -8.029481513136821000e-03 -8.730880920700128875e-03 -9.168119046956505272e-03 -9.857175520718162304e-03 -1.179246607808337455e-02 -1.628115515315016470e-02 -2.448737418763719323e-02 -3.671295856569465471e-02 -5.159892550996588584e-02 -6.565510247891963302e-02 -7.383393592980513898e-02 -7.220323853976076678e-02 -6.435132195443564462e-02 -7.369724945344161005e-02 -1.667441754485933791e-01 -4.870962751654947520e-01 -1.354806179570353653e+00 -3.227423232189759794e+00 -7.910115166300874634e+00 -1.375649974557314792e+01 -4.734901019443179138e+01 3.694440184121082993e+00 -5.907830834249863301e+02 2.017229900460103863e+03 -1.522478546608009128e+04 6.609906799931015121e+04 -1.514460601274289365e+04 2.046300390098088428e+03 -5.768534655142024121e+02 1.299387325557324147e+01 -4.524176015931500672e+01
8.025663615387388744e-06 8.681951263862208363e-06 1.219141883564270456e-05 1.107157298448329186e-05 5.830099762669094272e-06 -2.843268919129040776e-06 -1.339356847603324728e-05 -2.393099454876875207e-05 -3.272497128646526535e-05 -3.866991154056321047e-05 -4.161400372667496602e-05 -4.217083897434225346e-05 -4.251146675068560052e-05 -4.176720334761730412e-05 -4.950184931315713537e-05 -5.155461856277291033e-05 -2.627977660924047149e-05 -3.832172133272518057e-05 -4.470603687773734309e-05 -5.229570216982584388e-05 -5.808010910724372685e-05 -6.270656809557208211e-05 -6.717023617808545288e-05 -7.284606624943443243e-05 -8.071585886773035580e-05 -9.090530565184402900e-05 -1.025673365682108919e-04 -1.142120568726900530e-04 -1.243572510024623201e-04 -1.322302129891263082e-04 -1.382064542296693513e-04 -1.437595561530504557e-04 -1.508991447788478118e-04 -1.613031704408482946e-04 -1.755139697046121251e-04 -1.925802713924337566e-04 -2.103646911375310700e-04 -2.264566585909047274e-04 -2.393388242366125470e-04 -2.492903279680425827e-04 -2.585621887309910087e-04 -2.706331240111788171e-04 -2.887621508705377673e-04 -3.144194133107667145e-04 -3.463306691728990582e-04 -3.807062017467177715e-04 -4.127545912609932761e-04 -4.389911061810849329e-04 -4.593687717384494417e-04 -4.781562082647426715e-04 -5.028768928519335287e-04 -5.414095040779839637e-04 -5.982864158619873810e-04 -6.718355434979380279e-04 -7.538014627923230338e-04 -8.322594474330143738e-04 -8.972044573400408084e-04 -9.467549427766804634e-04 -9.909999963256411332e-04 -1.050922015140878275e-03 -1.151494122067259164e-03 -1.310693130376936822e-03 -1.528800954592318033e-03 -1.783530414396235393e-03 -2.035624410184619544e-03 -2.245795462402351301e-03 -2.398631838007336294e-03 -2.523953518753060694e-03 -2.703501741397900185e-03 -3.053651891126431435e-03 -3.682561112856298953e-03 -4.633052812002661641e-03 -5.835050575347170559e-03 -7.098538851765570992e-03 -8.174531696982683879e-03 -8.891126321555730891e-03 -9.339665933536194994e-03 -1.004469892528454117e-02 -1.201805654898726976e-02 -1.659086465280620870e-02 -2.495001082585962884e-02 -3.740567934630525254e-02 -5.257714651316828386e-02 -6.691172403187986562e-02 -7.526689868306252196e-02 -7.363209586695819431e-02 -6.565803994042794522e-02 -7.521381960675599387e-02 -1.701171677091650736e-01 -4.968661201246166725e-01 -1.382060174022219812e+00 -3.292773225370197565e+00 -8.071725198917249600e+00 -1.403940774138486525e+01 -4.833400584201328343e+01 3.778642100629728162e+00 -6.032734163102215916e+02 2.060189448569648448e+03 -1.555084051205380274e+04 6.752338795181979367e+04 -1.547298873990791071e+04 2.090453751113854651e+03 -5.881316182084897264e+02 2.366252188655218358e+00
9.334518565523640485e-06 -9.429157810688242565e-07 -2.509601764757552406e-07 -1.651474856612682691e-06 -4.159950152810547426e-06 -8.220556779140436086e-06 -1.378394281821092345e-05 -2.044191836726199420e-05 -2.741616102316274631e-05 -3.380352265144868532e-05 -3.863984705362475211e-05 -4.244995666612622005e-05 -4.261458561122312438e-05 -4.960709999063702802e-05 -4.758471979892595218e-05 -1.384824804290393347e-05 -2.383539265865648605e-05 -2.960254217977269873e-05 -3.932521293188172870e-05 -4.875753167682206286e-05 -5.698426224896667160e-05 -6.334709097427443445e-05 -6.825801546166335837e-05 -7.285789188658374927e-05 -7.853705045373493695e-05 -8.631114280843411250e-05 -9.634688828495338066e-05 -1.078446857359447592e-04 -1.193551506554174608e-04 -1.294181152579911801e-04 -1.372601086753435422e-04 -1.432381529082001937e-04 -1.488015297759359300e-04 -1.559427584280308329e-04 -1.663379716518509008e-04 -1.805427347869567373e-04 -1.976261904287191613e-04 -2.154675265008001539e-04 -2.316606246529306597e-04 -2.446793460700739985e-04 -2.547874238531289441e-04 -2.642245777741899517e-04 -2.764710516359018019e-04 -2.948015330888129190e-04 -3.207083110621426845e-04 -3.529326400824022033e-04 -3.876824357449383204e-04 -4.201442722322981270e-04 -4.468028589849160699e-04 -4.675925015179437289e-04 -4.867946339004103817e-04 -5.119838731166455326e-04 -5.511141994125969045e-04 -6.087843368536945870e-04 -6.833410485765607041e-04 -7.664772531775322162e-04 -8.461574544563800222e-04 -9.122579149324057477e-04 -9.628466326358136934e-04 -1.008097288720637141e-03 -1.069228759453413977e-03 -1.171541606523528352e-03 -1.333297242604568594e-03 -1.554860196783512585e-03 -1.813718069892226092e-03 -2.070111360135358947e-03 -2.284181527464321498e-03 -2.440227821066666587e-03 -2.568428362744661336e-03 -2.751714232141470266e-03 -3.108303602998230102e-03 -3.748226522641259165e-03 -4.715270690531158000e-03 -5.938526636852806129e-03 -7.225053227290689252e-03 -8.321697424436115889e-03 -9.053400264532714820e-03 -9.512713041315019880e-03 -1.023311570183349679e-02 -1.224462546097935395e-02 -1.690336673143051985e-02 -2.541989591941659285e-02 -3.811292094366779126e-02 -5.357874187180648035e-02 -6.819911946447126949e-02 -7.673219687712108661e-02 -7.508534267870972667e-02 -6.697350557445451436e-02 -7.673191348478473894e-02 -1.735392298824717794e-01 -5.068865760516705343e-01 -1.410136624832084129e+00 -3.360194136857577618e+00 -8.238517559726739492e+00 -1.433136413938734499e+01 -4.935031286150474017e+01 3.866282601263577590e+00 -6.161607395087069108e+02 2.104527832392544951e+03 -1.588731027771666049e+04 6.899329433581120975e+04 -1.581184319157644859e+04 2.136389546397826962e+03 -6.006017608142127528e+02
5.524888677996568714e-06 -1.183126983286830656e-05 -1.559559660669746132e-05 -1.809396961822686296e-05 -1.834767906109361309e-05 -1.767434785353919679e-05 -1.747809150360425529e-05 -1.893765883886130031e-05 -2.257248919908670968e-05 -2.791957936391159051e-05 -3.466273481334325771e-05 -3.814269277920202166e-05 -4.963867165190811694e-05 -4.829195218066367068e-05 -8.167935818338604265e-06 -1.616895969557688504e-05 -1.829406348375927323e-05 -2.567924096254812165e-05 -3.482756903998878486e-05 -4.510206529930836249e-05 -5.501824813636310826e-05 -6.346498803711071929e-05 -6.998359350335030412e-05 -7.499274457037112746e-05 -7.962530530538058362e-05 -8.525991862186243424e-05 -9.292248205181502562e-05 -1.028144851302853854e-04 -1.141844429630997567e-04 -1.256255750655287562e-04 -1.356980940220283230e-04 -1.436199827231661300e-04 -1.497171020347298168e-04 -1.554012528079199687e-04 -1.626397973529302224e-04 -1.731083703973744438e-04 -1.873869699548745549e-04 -2.045822211846148138e-04 -2.226055122997807906e-04 -2.390617894016714925e-04 -2.524094694857473048e-04 -2.628785530102472137e-04 -2.726750312161864290e-04 -2.852649447356921000e-04 -3.039389523429900206e-04 -3.302309222834647561e-04 -3.629304978257153532e-04 -3.982763918773397482e-04 -4.314510225768197131e-04 -4.589002800026308233e-04 -4.805055983747400514e-04 -5.005144331405535609e-04 -5.265155093131747201e-04 -5.665332071799112799e-04 -6.252711088026431619e-04 -7.011689640012608218e-04 -7.859505341536494752e-04 -8.675228918828247751e-04 -9.356363550002382967e-04 -9.882327568637055189e-04 -1.035451957663108486e-03 -1.098643475109813963e-03 -1.203407121064742954e-03 -1.368382826620104633e-03 -1.594229351682526158e-03 -1.858472828374074532e-03 -2.121055450422474654e-03 -2.341577486282299218e-03 -2.503845800603230181e-03 -2.638008056004044564e-03 -2.827780499663633609e-03 -3.193052510549579653e-03 -3.846020163063118471e-03 -4.832279030724659016e-03 -6.081316878836963077e-03 -7.398447724195139456e-03 -8.526886953626062679e-03 -9.287804974591994112e-03 -9.773115283726310429e-03 -1.052279123560836277e-02 -1.258344713751681151e-02 -1.733743939209719809e-02 -2.602483172066339182e-02 -3.898380793891344925e-02 -5.480185197376738482e-02 -6.980750298698368272e-02 -7.866239227941693168e-02 -7.717737503486526984e-02 -6.909744912851778498e-02 -7.918250335111082228e-02 -1.779662106659751220e-01 -5.180546053474472945e-01 -1.440027217098184042e+00 -3.431640242384038864e+00 -8.415897725128710150e+00 -1.464720889819637328e+01 -5.043420175736016375e+01 3.871243873911644151e+00 -6.296156919453480896e+02 2.149790121446302237e+03 -1.623465839426734965e+04 7.050459347027531476e+04 -1.614319048269988889e+04 2.039080238445204486e+03
-9.897528495645982716e-07 -1.828247844975542966e-05 -2.561715233847124322e-05 -2.919491461413869281e-05 -2.849135297864757106e-05 -2.505338071185618401e-05 -2.099313846636966741e-05 -1.844065243813274865e-05 -1.871430466486397582e-05 -2.268217118102833392e-05 -2.669627075107698427e-05 -4.380521550804573324e-05 -4.478845162251687552e-05 -1.311590774601023513e-06 -1.175630748273076691e-05 -1.267747622708440981e-05 -1.736660689582363113e-05 -2.309921223717477856e-05 -3.079198073702390414e-05 -4.004945687049480069e-05 -5.000874777332869691e-05 -5.946876165475991960e-05 -6.741419593010540751e-05 -7.345945687928911040e-05 -7.805220452733364499e-05 -8.232238397296152857e-05 -8.762311421598653345e-05 -9.494593997030428985e-05 -1.044634584466820035e-04 -1.154122843036910618e-04 -1.263960435014464508e-04 -1.360049021857044334e-04 -1.434959577593390625e-04 -1.492284289682298357e-04 -1.546274033935106070e-04 -1.616453104146748959e-04 -1.719167543019432657e-04 -1.859676183648959803e-04 -2.028575909985111695e-04 -2.204785385725111044e-04 -2.364549326933781069e-04 -2.493003757943946142e-04 -2.593161205845135610e-04 -2.687653866068108748e-04 -2.811282311702770491e-04 -2.996510276264699132e-04 -3.257736171532952239e-04 -3.581748315034960516e-04 -3.930130286161390802e-04 -4.254634522859631327e-04 -4.520553778507315867e-04 -4.728226153302586641e-04 -4.921747035192611383e-04 -5.177944600186021188e-04 -5.576686419800021320e-04 -6.163154418803781917e-04 -6.918927908180071574e-04 -7.758572802753093854e-04 -8.559966269773279469e-04 -9.221859644834097579e-04 -9.727386059405536021e-04 -1.018293072084188854e-03 -1.080605453206199022e-03 -1.185349058278759027e-03 -1.350752592827664115e-03 -1.576620962584047558e-03 -1.839462509785777652e-03 -2.098495828496827267e-03 -2.313365877736611211e-03 -2.468949859661659797e-03 -2.597322480282398052e-03 -2.784300556326051602e-03 -3.150982571182062240e-03 -3.808807256917051860e-03 -4.800098412016146066e-03 -6.049069424798077590e-03 -7.355583807836957658e-03 -8.460130603097764171e-03 -9.186950163533671998e-03 -9.638603578475886044e-03 -1.037212669253589209e-02 -1.245223603595565706e-02 -1.727082969823037426e-02 -2.605698809701978771e-02 -3.910732366627082957e-02 -5.493564943241772275e-02 -6.978000182683964658e-02 -7.823622283560111024e-02 -7.615113506556733802e-02 -6.753116105796116986e-02 -7.780464003950551821e-02 -1.788750560265645329e-01 -5.257485921556848130e-01 -1.463844802067634676e+00 -3.486135873701448507e+00 -8.545169872303414849e+00 -1.484118684362213791e+01 -5.123003085346412178e+01 4.481915489645287742e+00 -6.416643524943452803e+02 2.197267754320163021e+03 -1.657346820220225345e+04 7.200793594222007960e+04 -1.601218613643790741e+04
-1.140656486762238362e-05 -2.150818220690361919e-05 -3.255957977428024556e-05 -3.824519221133870051e-05 -3.904280150909385998e-05 -3.603304834947385771e-05 -3.127505330085896023e-05 -2.706516706227102579e-05 -2.568487283253789816e-05 -2.697191548704391020e-05 -3.885183616859544842e-05 -2.627771926045439758e-05 1.745115938646608130e-05 -1.020827606116101550e-06 -8.641303706469623293e-06 -1.811366373747098839e-05 -2.563810971465750561e-05 -3.272015810910366848e-05 -4.043866620331543584e-05 -4.972914393128866528e-05 -6.073220681035362622e-05 -7.274250133482013645e-05 -8.450246861555067268e-05 -9.476286062708240182e-05 -1.028633057578602411e-04 -1.090790889894681961e-04 -1.145683874018261724e-04 -1.209204536346698139e-04 -1.294805524858840418e-04 -1.407405192811826537e-04 -1.540744240488202031e-04 -1.679676887852251310e-04 -1.806768725669312013e-04 -1.910557544478149372e-04 -1.991831915830789574e-04 -2.064807435435916483e-04 -2.152123414176691730e-04 -2.275311632300344429e-04 -2.444691615824336108e-04 -2.653398603308715548e-04 -2.878893044753910203e-04 -3.092241350604993844e-04 -3.271817270337584022e-04 -3.415515287339115219e-04 -3.545414357146303838e-04 -3.701479664367102597e-04 -3.925602147615450503e-04 -4.242092947387504317e-04 -4.643492229238936684e-04 -5.089584565031082114e-04 -5.522542109315610242e-04 -5.893934451121561309e-04 -6.192713473674947003e-04 -6.460615443507881526e-04 -6.784765250862523790e-04 -7.266097939207624874e-04 -7.973938306460779356e-04 -8.906125088336130924e-04 -9.976104623017302206e-04 -1.104040044529959940e-03 -1.196313180317230395e-03 -1.269535261609816947e-03 -1.333308847634874245e-03 -1.411892405145197650e-03 -1.536968414196624149e-03 -1.734451313930568742e-03 -2.010263956661385507e-03 -2.342039144886703950e-03 -2.683229904619792352e-03 -2.982013612662813215e-03 -3.210887689570684784e-03 -3.395931776483369392e-03 -3.630373995250576937e-03 -4.059095482255856320e-03 -4.829390859779896829e-03 -6.018997923319923879e-03 -7.569337772091429620e-03 -9.263375892747272716e-03 -1.078636862264842518e-02 -1.188564799341400996e-02 -1.260618860605774993e-02 -1.352547423792328611e-02 -1.586325845683756591e-02 -2.132403934470579465e-02 -3.156131361423907683e-02 -4.726752799165351987e-02 -6.709301716596401122e-02 -8.688805616143278898e-02 -1.001688242853349675e-01 -1.011757930421992580e-01 -9.263997467510633188e-02 -1.011444209279540596e-01 -2.063164101486027191e-01 -5.851033848170106300e-01 -1.631805944871893121e+00 -3.942577748110824842e+00 -9.652193683470661867e+00 -1.742367461094467984e+01 -5.642888186025189867e+01 -8.648917796678206926e+00 -6.578330304451777693e+02 2.091680167825330500e+03 -1.645227496321001308e+04 6.976209155073252623e+04
