6.906433530021439947e+04 -1.379648672390802130e+04 2.540779711267938637e+03 -4.928596759709928392e+02 8.372983497642857742e+01 -1.845917709866141010e+01 1.789438210551742348e+00 -1.158100524280314181e+00 -2.411910496012951155e-01 -1.956193987809710932e-01 -8.392162646345278920e-02 -3.729167377391710142e-02 -1.066592129054989672e-02 5.072808373002150916e-04 3.855557932644554375e-03 3.332419009478008315e-03 1.582978792061431276e-03 -2.699016726818798605e-05 -9.605075742842279036e-04 -1.187323691317662515e-03 -9.453735075077942564e-04 -5.155028373208395479e-04 -1.237627314695183907e-04 1.136198672454920381e-04 1.813914862777111169e-04 1.285889040355250520e-04 2.811242558704469554e-05 -5.951849317921195496e-05 -1.018682245210756216e-04 -9.625280749824294019e-05 -5.991632456688415211e-05 -1.640447295604239311e-05 1.542546921735617099e-05 2.729696405163263944e-05 2.132738454508637394e-05 5.927596769017740509e-06 -9.350297594802679368e-06 -1.794671743771436058e-05 -1.798995538930530665e-05 -1.166160124866089381e-05 -3.194782994954515743e-06 3.470968982288470859e-06 6.173661310813044389e-06 4.951539581816565439e-06 1.442671540306206713e-06 -2.221446605327487921e-06 -4.394138348963166857e-06 -4.496135555191594983e-06 -2.959772039167946647e-06 -8.030981873311715381e-07 9.425779750488698042e-07 1.674173372002360223e-06 1.352009146894223132e-06 3.924737034596965387e-07 -6.279471445741546899e-07 -1.247959843127197110e-06 -1.288246017241687897e-06 -8.611314530610674349e-07 -2.476587858054928851e-07 2.562101095547577844e-07 4.728789624971896291e-07 3.872878617184094512e-07 1.145915676780677701e-07 -1.793502586545346357e-07 -3.621935806342836876e-07 -3.806487077574876204e-07 -2.648787066634251006e-07 -9.388822844882681725e-08 5.016122835903990368e-08 1.172302253307503852e-07 1.026017890431259778e-07 3.612859853183662487e-08 -3.939479162950416541e-08 -8.985036868161275828e-08 -1.015653861793904284e-07 -8.066157628739725505e-08 -4.438265676792384587e-08 -1.024799491400291728e-08 1.123880685461105651e-08 1.797894021372110576e-08 1.382115686594252129e-08 4.253994365681901243e-09 -6.460209410278341339e-09 -1.589927004559836667e-08 -2.280813280369539048e-08 -2.579878642759873192e-08 -2.359522474363184602e-08 -1.581025060725514931e-08 -4.050310215012638567e-09 7.878210047737908607e-09 1.541041243835492517e-08 1.513751495770895573e-08 6.919103713349094247e-09 -5.789647915965126293e-09 -1.727533976856143576e-08 -2.216008831197689493e-08 -1.810685976184642949e-08 -6.866740154551479693e-09 6.389729013883880107e-09 1.562170634821177520e-08 1.681029700576302856e-08 9.559668570497833661e-09 -1.405332931539108464e-09 -1.677061519987926953e-08
-9.130689416078434078e+03 2.742445179904796169e+04 -6.235134750884142704e+03 1.020603430851261010e+03 -2.277892159628142110e+02 2.659177767121135005e+01 -1.151082393945183213e+01 -1.109248082529605162e+00 -1.399195846551593680e+00 -5.509811238522486221e-01 -2.936205218382971771e-01 -1.264653656365996304e-01 -4.842707682230225352e-02 -1.153966380953978105e-02 2.322283508669510232e-03 5.164461817534626333e-03 3.516769380015414854e-03 8.943211642967706376e-04 -1.113897213740923809e-03 -2.050576573870093507e-03 -2.061112936886195287e-03 -1.525592953114067798e-03 -8.296786212192864413e-04 -2.463876254306780430e-04 9.862232288335102937e-05 2.039152795322645925e-04 1.436777457881274213e-04 1.511267654667875164e-05 -1.011267937967302453e-04 -1.606316435664210756e-04 -1.567233338015308467e-04 -1.088898308911282332e-04 -4.685161893535734820e-05 3.587807175151934484e-06 2.867189376474717254e-05 2.797573845063245580e-05 1.063696710056898046e-05 -1.082416665645889515e-05 -2.606432201062015396e-05 -3.016413738805398846e-05 -2.397612228798774199e-05 -1.222489323690350217e-05 -6.726041101748681594e-07 6.403360490698801338e-06 7.511127251354865968e-06 3.860996509964009791e-06 -1.752411773659506397e-06 -6.426790569654546422e-06 -8.326264691170216501e-06 -7.174242448511470354e-06 -4.013541405778330892e-06 -4.956461658072160788e-07 1.921073160875141482e-06 2.526162678161592694e-06 1.493354989724903350e-06 -3.684171016259009990e-07 -2.073073304701160151e-06 -2.897637765938697679e-06 -2.629242497519445982e-06 -1.556182419971746997e-06 -2.540166542303967002e-07 7.075628228302599319e-07 1.001948922466763120e-06 6.399105819124867372e-07 -9.400240981083942623e-08 -8.082100623155711462e-07 -1.187447684856516988e-06 -1.113285028178262003e-06 -6.813412363811454722e-07 -1.257257131682971233e-07 3.033141524793304996e-07 4.486756074801602311e-07 2.989060096597508883e-07 -2.943286936360453047e-08 -3.614517416355358743e-07 -5.475901361547690781e-07 -5.241005470174026760e-07 -3.275987126061929277e-07 -6.455168178971912676e-08 1.447338735087016441e-07 2.201099244265936311e-07 1.504823761318100506e-07 -1.095129650523429152e-08 -1.786402681237581670e-07 -2.761617418757659146e-07 -2.681249530602561392e-07 -1.700735261155139785e-07 -3.492975447748318942e-08 7.493232932886705455e-08 1.161255553261991816e-07 8.074104060028488551e-08 -4.714140052015466129e-09 -9.522038995227095097e-08 -1.492436065369010018e-07 -1.464529011046645851e-07 -9.400633428086876217e-08 -2.006504514032341455e-08 4.108525008919051190e-08 6.479588962498825069e-08 4.570013186375566495e-08 -2.065327560027435336e-09 -5.409653349467444558e-08 -8.343742842040975405e-08 -9.727748221451458089e-08
1.436274180711197459e+03 -4.931472941118380731e+03 2.450061532601941508e+04 -5.748513455285842610e+03 8.694255736322838857e+02 -2.184234355120937323e+02 1.562975022607054854e+01 -1.394294276010553446e+01 -2.915819338947905681e+00 -2.194829124083060634e+00 -9.455192897293778209e-01 -4.572545951614639392e-01 -1.812896333803628302e-01 -5.544709782585744567e-02 -3.230924117988415081e-03 1.119483614666294188e-02 9.509095254441018996e-03 3.173682727162487928e-03 -2.348553086996701695e-03 -5.223085434633433985e-03 -5.562444153484094080e-03 -4.302841583757466802e-03 -2.487811620893048276e-03 -8.923137700366664225e-04 1.001263561844833121e-04 4.529027236156252462e-04 3.463867649437170522e-04 3.533768048746005887e-05 -2.618814124121033779e-04 -4.207941549954036069e-04 -4.169047980349845626e-04 -2.972246466448398463e-04 -1.376913019939919678e-04 -5.619617802248680765e-06 6.231979145980540602e-05 6.409811449444353004e-05 2.254296006329788927e-05 -3.042411071425718834e-05 -6.833096049883181499e-05 -7.847760466016177156e-05 -6.284231141040693433e-05 -3.325783288354626705e-05 -4.146348515911133358e-06 1.379263946405350272e-05 1.686394668422886318e-05 8.107529317442387762e-06 -5.525846753506781691e-06 -1.685155596537521694e-05 -2.136301552834017506e-05 -1.840555851352837510e-05 -1.056253164445042258e-05 -1.885488632674828865e-06 4.073616484123605323e-06 5.603101496363319648e-06 3.148050100595800243e-06 -1.314320939819023153e-06 -5.392342496360383738e-06 -7.342677937537760814e-06 -6.659778810924706888e-06 -4.043837931688344492e-06 -8.811066855850737398e-07 1.461129983771857185e-06 2.201400142190919206e-06 1.365044989054676710e-06 -3.686406317342731256e-07 -2.065195605088655745e-06 -2.970790820028760314e-06 -2.798223593273089864e-06 -1.769380571087998133e-06 -4.365328581779094203e-07 6.055319046949844663e-07 9.789643065085805800e-07 6.489464103779221175e-07 -1.152402896830505262e-07 -9.017414466354823173e-07 -1.353523857380712803e-06 -1.312173127874648065e-06 -8.558485278643271177e-07 -2.307811135352065755e-07 2.788529572101351812e-07 4.783203169790609711e-07 3.334349587100935814e-07 -3.726515967830384278e-08 -4.346155037075404406e-07 -6.756671153123925055e-07 -6.704167107095712730e-07 -4.481675070446144215e-07 -1.290595268276071929e-07 1.399322896286730429e-07 2.522177207924651317e-07 1.827041345858406789e-07 -1.160276227825191960e-08 -2.266933698804039995e-07 -3.626184926844826491e-07 -3.665083982583037857e-07 -2.498506662992552690e-07 -7.568147059947159271e-08 7.509639389151681059e-08 1.411987102487248717e-07 1.053825946903508517e-07 -2.771815750628567039e-09 -1.272356716142139108e-07 -2.018437051193310134e-07 -2.467124730551371741e-07
-2.390469019189272615e+02 7.553376822874107575e+02 -4.879245652286855147e+03 2.389119635750473753e+04 -5.636708613762157256e+03 8.179349473292596713e+02 -2.190040096202077393e+02 1.028749324861336767e+01 -1.562020663311961144e+01 -3.930594625692143129e+00 -2.629134502806470763e+00 -1.128761408968826041e+00 -5.131665795736243263e-01 -1.859513065424097389e-01 -4.520115606689047161e-02 5.838841680559840250e-03 1.436416886677123125e-02 7.406850207893778126e-03 -1.720889310425420364e-03 -7.618903828207237820e-03 -9.326661377831361663e-03 -7.951053595881083652e-03 -5.172525378019507923e-03 -2.406733237194829626e-03 -4.688767631971317009e-04 4.269287235001198704e-04 4.859937546420925155e-04 9.722007445891334013e-05 -3.652184211350251804e-04 -6.590307611069952561e-04 -7.041355542798472195e-04 -5.483621303420035129e-04 -3.028972490107430661e-04 -7.868717831356764742e-05 5.499529932600658526e-05 8.328453984221357231e-05 3.460164936386349213e-05 -4.296975136495505081e-05 -1.054342841918744407e-04 -1.282622404271873003e-04 -1.100870758499440606e-04 -6.667355639407912874e-05 -2.004532361982664781e-05 1.188746629245353555e-05 2.137584104383595236e-05 1.139475226203302538e-05 -8.149518193814693967e-06 -2.601890467828867672e-05 -3.443732389233728982e-05 -3.139709947401358477e-05 -2.013258238330481613e-05 -6.620524752122195064e-06 3.469137495998139092e-06 7.032889419501270587e-06 4.269103432210181995e-06 -2.082368887591910082e-06 -8.382307934783409304e-06 -1.176945343741002928e-05 -1.118660663295353558e-05 -7.465382904771516098e-06 -2.616477527254821144e-06 1.232405387748502479e-06 2.749519196441351879e-06 1.814081888548135424e-06 -6.482186478270202909e-07 -3.237412403949428124e-06 -4.750404825397784784e-06 -4.654141415258444187e-06 -3.196970001274798210e-06 -1.172603895456621749e-06 5.072086168946586543e-07 1.219935070744182938e-06 8.516438996694154621e-07 -2.342341765969318663e-07 -1.426108220715833213e-06 -2.163389580837892413e-06 -2.168457216542851017e-06 -1.522815794286994207e-06 -5.787140687895220157e-07 2.319902648291734226e-07 5.952950248824436813e-07 4.335636355662209085e-07 -9.409624407440100108e-08 -6.933595670771539817e-07 -1.080303662656241954e-06 -1.102692970664399260e-06 -7.881187537079044722e-07 -3.080196373548245184e-07 1.156758120311860881e-07 3.136130044085421538e-07 2.359372858596042713e-07 -4.116770579928611398e-08 -3.644904771239553705e-07 -5.801565396678229773e-07 -6.007870060620387183e-07 -4.354821999246546383e-07 -1.741227530648189126e-07 6.164329391562287837e-08 1.754360164845823497e-07 1.352785856417879769e-07 -1.928172795471778030e-08 -2.063417774128185475e-07 -3.227976500378624826e-07 -4.078298231433462572e-07
3.957780389061554871e+01 -1.399000540124314114e+02 7.157910023264054189e+02 -4.975051478846439750e+03 2.365307837884376204e+04 -5.582579266306879617e+03 7.904294666423504623e+02 -2.195641743691234637e+02 7.203340732918505296e+00 -1.657177803908421154e+01 -4.473460959138606974e+00 -2.832277477781887765e+00 -1.195863733199722834e+00 -5.204501307191552462e-01 -1.767671674856257369e-01 -3.706204018615462392e-02 7.830644977282181715e-03 1.106795504910863294e-02 1.564785961240475415e-03 -7.567092990951919569e-03 -1.195817320393322350e-02 -1.173476537126230158e-02 -8.765160575877931418e-03 -5.064051250142537729e-03 -2.027982943053518311e-03 -2.507105952285609016e-04 3.248566227815701782e-04 1.162466556933950448e-04 -3.824657178351439923e-04 -7.941619134902205748e-04 -9.385609410698035312e-04 -8.163559027516556011e-04 -5.383093629515066847e-04 -2.427394154763240345e-04 -3.283618542868894615e-05 5.136116730771430515e-05 2.839147352885926123e-05 -4.954614541726623745e-05 -1.264557210679861444e-04 -1.648379489452204245e-04 -1.545397299501659100e-04 -1.086705722676678250e-04 -5.179820245707167061e-05 -6.988925578498696095e-06 1.308391608161186059e-05 8.597865799470209597e-06 -1.065491281131514478e-05 -3.152990326501541236e-05 -4.360493253555497244e-05 -4.272209609379300639e-05 -3.119435993830177244e-05 -1.535614476022374627e-05 -2.047912094711710909e-06 4.326517269223381076e-06 3.105821907598125893e-06 -3.133929501190252013e-06 -1.030745748431012706e-05 -1.481679250667373497e-05 -1.494357508647363287e-05 -1.118995760514400223e-05 -5.633167624328762280e-06 -7.503672635792097977e-07 1.700498459790088493e-06 1.291570043920152128e-06 -1.132913747089789289e-06 -4.037924964717218633e-06 -5.966731772201930573e-06 -6.143218125401822586e-06 -4.683758161299990383e-06 -2.396112412220534711e-06 -3.193047797027608216e-07 7.587724839617318673e-07 5.984331704276877971e-07 -4.757134209840822770e-07 -1.801856693386536905e-06 -2.716670034503581950e-06 -2.839905343458502446e-06 -2.194712276024973484e-06 -1.136971290382269268e-06 -1.524824535411012207e-07 3.719345228398569517e-07 3.016413859651242041e-07 -2.231687484470883059e-07 -8.864419517937719641e-07 -1.357438136944714030e-06 -1.436013472245766663e-06 -1.121689268628421392e-06 -5.869866080207168059e-07 -7.930944903864162967e-08 1.967022939991144447e-07 1.629709186002159681e-07 -1.140847317062719359e-07 -4.707684199064233590e-07 -7.297611527801423198e-07 -7.792913495744868172e-07 -6.139199171688504040e-07 -3.239381887097097083e-07 -4.421273885520091519e-08 1.103402165346928137e-07 9.270245492905564509e-08 -6.267117058006122553e-08 -2.695207933498957699e-07 -4.059194848726860866e-07 -5.362058033400712651e-07
-6.971249005603897153e+00 1.977479855131066699e+01 -1.484950583307455929e+02 7.099301496246571332e+02 -5.048093709989778290e+03 2.353645077833865798e+04 -5.548796500462062795e+03 7.737024801063053019e+02 -2.195691396655935250e+02 5.395175281838481496e+00 -1.705522356666378059e+01 -4.741670384370010538e+00 -2.912449701700806415e+00 -1.212674319955868052e+00 -5.151394495405614560e-01 -1.705847272233444456e-01 -3.592066134813887146e-02 4.258047515581217524e-03 5.262577107389546961e-03 -4.120393853864160773e-03 -1.175793000364086863e-02 -1.431277658154608660e-02 -1.261337585150630082e-02 -8.813312781429846407e-03 -4.881086476340308969e-03 -1.989624739196777740e-03 -4.786996469678410815e-04 -1.046379162086849915e-04 -3.680664114148432292e-04 -7.855832059390372704e-04 -1.043845748595557347e-03 -1.035778465065987893e-03 -8.130956284867267526e-04 -5.027677708693953276e-04 -2.289838632691280700e-04 -6.497588293739587880e-05 -2.110135929656295064e-05 -6.068459697726547660e-05 -1.285857166502088651e-04 -1.778672257125482711e-04 -1.851517215622416142e-04 -1.524371318882642844e-04 -9.860707975946427807e-05 -4.687470379230018053e-05 -1.409308753250020503e-05 -5.522936279127471772e-06 -1.564366089624533913e-05 -3.306579823263643239e-05 -4.657776008591120139e-05 -4.962716424022492673e-05 -4.183730838990462939e-05 -2.766562087137078516e-05 -1.340562545030432180e-05 -4.134841175089815734e-06 -1.848798121911599567e-06 -5.281898618220461558e-06 -1.111807730516814415e-05 -1.579589650309786317e-05 -1.704332316227496797e-05 -1.456132837228065742e-05 -9.748839721545504608e-06 -4.772198887524684087e-06 -1.494683414273209032e-06 -7.391968115552468532e-07 -2.127927148367446493e-06 -4.459451196760955583e-06 -6.365743921567192181e-06 -6.922690481957493988e-06 -5.965039735993216747e-06 -4.024260720386465111e-06 -1.980702004239384651e-06 -6.256855184485271136e-07 -3.345561875264535140e-07 -9.715239111681004178e-07 -2.028999104092143741e-06 -2.904504130588082953e-06 -3.174931093102853420e-06 -2.751147831871394656e-06 -1.865209835103119638e-06 -9.209414124384998777e-07 -2.927967430095130986e-07 -1.670640557787669694e-07 -4.876693456336825846e-07 -1.014840203393876722e-06 -1.455064870138671461e-06 -1.596263855594133191e-06 -1.388810104093156856e-06 -9.448769070805046893e-07 -4.674589625781775678e-07 -1.493140384571561374e-07 -8.979529156780673741e-08 -2.632863087940433848e-07 -5.463748645105801880e-07 -7.842968969051373081e-07 -8.627200036510424898e-07 -7.528598036674403694e-07 -5.134979761955271820e-07 -2.543917982567695686e-07 -8.169358035426842193e-08 -5.177470616966212637e-08 -1.511980054883780943e-07 -3.171198933917291857e-07 -4.366118648729024736e-07 -6.054209857024086928e-07
1.091448815574557862e+00 -4.890042260559221532e+00 1.620666164154976130e+01 -1.593515489664224845e+02 7.074809930991561941e+02 -5.100749096504657246e+03 2.347412746054937452e+04 -5.525500055244597206e+03 7.628217171791196733e+02 -2.192241588335344602e+02 4.313139491005093085e+00 -1.728277289711523679e+01 -4.871198601247243687e+00 -2.940465248364552586e+00 -1.214659849387013324e+00 -5.109912628934990542e-01 -1.694510107875788207e-01 -3.860652771584315718e-02 -5.502053363585331569e-04 3.106388754188113511e-04 -7.969669235153863801e-03 -1.412583357641843465e-02 -1.543636092376866713e-02 -1.299333919678209021e-02 -8.929718282934272916e-03 -5.040802669531848842e-03 -2.299144121752179880e-03 -8.984685400995971304e-04 -5.327973999914364586e-04 -7.125102457779596910e-04 -1.003136939058970082e-03 -1.144737301678323002e-03 -1.064514650718422634e-03 -8.214384770942591372e-04 -5.280361982609206584e-04 -2.845273595414991885e-04 -1.428691480827003213e-04 -1.023985612964924168e-04 -1.270279850860697517e-04 -1.702103274942222638e-04 -1.958259182150856202e-04 -1.884424056122712104e-04 -1.525394060787967662e-04 -1.043145806010083832e-04 -6.145795253269028808e-05 -3.539150102778238687e-05 -2.823867435784497252e-05 -3.439023427629975656e-05 -4.475109889595639838e-05 -5.129033659608952736e-05 -4.998986413299015829e-05 -4.142556733896893978e-05 -2.934562630037179832e-05 -1.830167871875808573e-05 -1.153052231173166972e-05 -9.879261290041625301e-06 -1.197348398183916404e-05 -1.527348232390876969e-05 -1.738195294780301971e-05 -1.701070866547619347e-05 -1.427618670499830271e-05 -1.034646045470877755e-05 -6.720819788281522713e-06 -4.517954162973472245e-06 -4.069163162398580596e-06 -4.925087148271655367e-06 -6.193196841776155061e-06 -6.999501227053280881e-06 -6.856273429508185855e-06 -5.797861407241569012e-06 -4.269050215070345088e-06 -2.858311891425983305e-06 -2.016686541715375110e-06 -1.884720716578500747e-06 -2.282902627703313149e-06 -2.841653414755255691e-06 -3.191945113593554048e-06 -3.124474280405709498e-06 -2.654035442552203592e-06 -1.976721855281705199e-06 -1.355244903446250523e-06 -9.933988336277094258e-07 -9.554728993474510618e-07 -1.158670918903580212e-06 -1.430810023148022782e-06 -1.598394964215116473e-06 -1.562506444089528151e-06 -1.331128918394890282e-06 -1.000216976279001358e-06 -6.989792769711270827e-07 -5.282121114540355713e-07 -5.196412342008132371e-07 -6.310483522289534624e-07 -7.745857026039720547e-07 -8.613821535695326479e-07 -8.407643501225391145e-07 -7.176050989707264233e-07 -5.429610307500428211e-07 -3.855423658010086175e-07 -2.992433421355483248e-07 -2.998912649156134462e-07 -3.701080215621346244e-07 -4.323079301572285782e-07 -6.212841635318618630e-07
-2.356850474629541281e-01 2.152635620793497684e-01 -6.463283090401276354e+00 1.366581325412804659e+01 -1.676350875447180613e+02 7.063829242366711014e+02 -5.140058073851318113e+03 2.344047953252785373e+04 -5.508692708019289057e+03 7.554049185350513653e+02 -2.187268388885747186e+02 3.642087890929641247e+00 -1.738198707795427467e+01 -4.935391989612534225e+00 -2.948801002251389303e+00 -1.213424349337650199e+00 -5.088997816209862579e-01 -1.702141239439651232e-01 -4.157401077334756806e-02 -4.292561987358033300e-03 -3.044797365931451068e-03 -1.040308260358892289e-02 -1.562302646421223802e-02 -1.626075343316876406e-02 -1.346254858929054644e-02 -9.280930846380704841e-03 -5.388986833447803083e-03 -2.659585637688375095e-03 -1.236008481245291692e-03 -8.077146255466047080e-04 -9.070172252910690914e-04 -1.126264238145607485e-03 -1.222474266884133803e-03 -1.125094746364711882e-03 -8.839292040872887219e-04 -5.981337803862403707e-04 -3.571618975674716186e-04 -2.085153257566375038e-04 -1.533593040115095090e-04 -1.610560443095012154e-04 -1.906720328665024002e-04 -2.092718958282942991e-04 -2.013085279204889313e-04 -1.686189666460771925e-04 -1.239143953178426492e-04 -8.221523337758342403e-05 -5.403374103559512595e-05 -4.233176732172999807e-05 -4.333428602727039972e-05 -4.976268323613927783e-05 -5.459014162966374379e-05 -5.370702572345613352e-05 -4.674475890093529004e-05 -3.621604651721336703e-05 -2.572702055766965773e-05 -1.820740846088128202e-05 -1.484794897961873012e-05 -1.499986374875496422e-05 -1.684709886327417845e-05 -1.839866949525064606e-05 -1.833112024998051666e-05 -1.637154406980162474e-05 -1.316991661662126397e-05 -9.822688053374472165e-06 -7.315587825456141729e-06 -6.130343224753343139e-06 -6.140661267063843123e-06 -6.781766141853165375e-06 -7.368334211407632005e-06 -7.400556639099475410e-06 -6.734577629225755376e-06 -5.572337962788460890e-06 -4.309454762873303676e-06 -3.330551086010451272e-06 -2.846844306459089736e-06 -2.836253467899292901e-06 -3.092396783516439489e-06 -3.342890144910806519e-06 -3.375069984167042998e-06 -3.115002688997659378e-06 -2.634641208382408404e-06 -2.096003978519239831e-06 -1.666601577182418668e-06 -1.446401855357500513e-06 -1.435356504688383074e-06 -1.548764144304932553e-06 -1.666236572464820264e-06 -1.688385740284834679e-06 -1.575817550100531950e-06 -1.356630551455205279e-06 -1.103961717419803586e-06 -8.975685449889951618e-07 -7.882913080892729911e-07 -7.800639152160290023e-07 -8.347271877858533167e-07 -8.942782610216917490e-07 -9.085468798083168452e-07 -8.556918574552133143e-07 -7.475974841218833058e-07 -6.203044235349257307e-07 -5.138741098861140527e-07 -4.620647488756841157e-07 -4.377460650125233080e-07 -6.199250801472427148e-07
1.821194039216127852e-02 -3.144439217563353983e-01 -4.702379577348307915e-01 -8.031038232819788902e+00 1.167378169176805791e+01 -1.737818802519730639e+02 7.061136580393099393e+02 -5.170676901823607295e+03 2.342380020816830074e+04 -5.496369641845692968e+03 7.501655411545357310e+02 -2.181990640805518069e+02 3.207094191636692848e+00 -1.741847697602403855e+01 -4.967449913855348953e+00 -2.948491933503427642e+00 -1.210479655900440044e+00 -5.068727772794626718e-01 -1.706678032074214757e-01 -4.364731609525990264e-02 -6.928927416050913862e-03 -5.475281359927471753e-03 -1.228039777170569780e-02 -1.691360663014906257e-02 -1.709139561613966934e-02 -1.399713465653318507e-02 -9.652240137880930063e-03 -5.678110344844770029e-03 -2.904082301569464817e-03 -1.447999842132742824e-03 -9.897815873126534960e-04 -1.061063923730369432e-03 -1.255882391918211691e-03 -1.331848365457240918e-03 -1.217389622353556855e-03 -9.607907893790965884e-04 -6.604236374138508026e-04 -4.061371383980960344e-04 -2.465746770467221812e-04 -1.839040616345566229e-04 -1.876239943436223219e-04 -2.158854608639279907e-04 -2.341711774486860125e-04 -2.253820999910094143e-04 -1.904555858521149404e-04 -1.421246005781714333e-04 -9.618718800451932064e-05 -6.422193613052179474e-05 -5.002562932561345477e-05 -5.008439890282897155e-05 -5.676594262581827839e-05 -6.230461273425080772e-05 -6.182885886499087786e-05 -5.450425856744864648e-05 -4.281946157298904278e-05 -3.073579166579678385e-05 -2.170319274854932157e-05 -1.734653916511310891e-05 -1.718885082248988700e-05 -1.928597804493723016e-05 -2.131576434467260552e-05 -2.158994083463440170e-05 -1.959669582138744717e-05 -1.595549108598072070e-05 -1.192216106070365034e-05 -8.734685923303155063e-06 -7.096930614306268545e-06 -6.982283796345900440e-06 -7.776494632967027878e-06 -8.636950372197285439e-06 -8.880862691962723504e-06 -8.237707031702252690e-06 -6.885797993400399273e-06 -5.296177404286589350e-06 -3.981786871250147524e-06 -3.272137525584070343e-06 -3.203056515694675649e-06 -3.548025466595138483e-06 -3.954916607425428042e-06 -4.113738260875753694e-06 -3.880065674796347468e-06 -3.309450477420079281e-06 -2.601990042826283514e-06 -1.994359431102396781e-06 -1.652681590344857391e-06 -1.611364647693726462e-06 -1.777032326718938952e-06 -1.986273767230732798e-06 -2.085100226076428976e-06 -1.993157120940385848e-06 -1.727571793351379386e-06 -1.381858803367159573e-06 -1.074981872794111781e-06 -8.964338580026606427e-07 -8.712722240209620141e-07 -9.575120603246228995e-07 -1.072732093933668079e-06 -1.134714326916023989e-06 -1.096810236816164415e-06 -9.639108643986116049e-07 -7.822231004313930807e-07 -6.241120140100434234e-07 -5.022442018924255175e-07 -6.672032037508016573e-07
-1.367842275175621368e-02 -7.030329990628764181e-02 -6.287361052989840493e-01 -1.097372808934631516e+00 -9.283441277487026966e+00 1.018136950176800148e+01 -1.784124468795627649e+02 7.063613011848981387e+02 -5.195512706368948784e+03 2.341810409227115451e+04 -5.487370694414471473e+03 7.463683387942946865e+02 -2.177005265318883573e+02 2.914805147635522342e+00 -1.742247301563149975e+01 -4.981102530009980711e+00 -2.942840536972310517e+00 -1.205741128884032509e+00 -5.041917452443833714e-01 -1.705767890814484100e-01 -4.517011820264622141e-02 -9.091507786786190426e-03 -7.572292861612478845e-03 -1.395393080092824020e-02 -1.807539387896497235e-02 -1.781325094077814211e-02 -1.441461976630978824e-02 -9.899937400391290582e-03 -5.856461842566214153e-03 -3.070531945317944190e-03 -1.623003983855368735e-03 -1.169537392037914509e-03 -1.231024257010150625e-03 -1.401446550713823271e-03 -1.444694819300570152e-03 -1.297401292097848623e-03 -1.014572750799229255e-03 -6.979421974826950257e-04 -4.370563490664813519e-04 -2.775487347156149190e-04 -2.174750327820479238e-04 -2.227261049039716805e-04 -2.494315872650964064e-04 -2.629397956851303167e-04 -2.474838148963032160e-04 -2.059451163573025308e-04 -1.527192661810432164e-04 -1.043846631143657811e-04 -7.227457019773166134e-05 -5.919646668576189426e-05 -6.042014307368761639e-05 -6.738117887078993551e-05 -7.197277579115350752e-05 -6.959188524305049946e-05 -6.005675633225997332e-05 -4.655405205936813005e-05 -3.349173779587334080e-05 -2.437147468218675699e-05 -2.051701499585673624e-05 -2.097736683436796876e-05 -2.338305216446460129e-05 -2.520148659850143325e-05 -2.479980493730323752e-05 -2.192044614922232309e-05 -1.749696896588808642e-05 -1.301674688849605476e-05 -9.780847382911040424e-06 -8.385493417033932731e-06 -8.595713910349202445e-06 -9.590409893954567912e-06 -1.040845889198567743e-05 -1.037404000130694511e-05 -9.327804090643426648e-06 -7.601020199853689620e-06 -5.787943906270478710e-06 -4.445969395723898414e-06 -3.861577946359222279e-06 -3.969935280896033766e-06 -4.436864078950753147e-06 -4.842614385032016153e-06 -4.873387823364922317e-06 -4.438088552964687405e-06 -3.672293039898551426e-06 -2.844716181219194963e-06 -2.220802953853601263e-06 -1.947894199052809797e-06 -2.007896968655157842e-06 -2.247986059488019567e-06 -2.464961625071271612e-06 -2.499629134077238160e-06 -2.299171000447146775e-06 -1.925138790265754784e-06 -1.510973331178339342e-06 -1.194091037662907384e-06 -1.055261077870828038e-06 -1.090446981061050569e-06 -1.223158274457435737e-06 -1.346749232619032674e-06 -1.374586648986062387e-06 -1.275309341343417644e-06 -1.079679474643116636e-06 -8.628963602933872870e-07 -6.816856113434576446e-07 -7.788289830778412260e-07
-2.233601739416537536e-03 -4.302577413041990678e-02 -2.073438296859785868e-01 -9.224808847414077695e-01 -1.596843611141210095e+00 -1.023581950815041708e+01 9.071605141993975607e+00 -1.819969678991410831e+02 7.069232326824630945e+02 -5.216406685519510575e+03 2.342008101889224417e+04 -5.480952722640404318e+03 7.435756924203795961e+02 -2.172545287225556478e+02 2.714739435517882882e+00 -1.740829521597157381e+01 -4.983149307978396614e+00 -2.933836812632175661e+00 -1.199909660884314944e+00 -5.012914300013309177e-01 -1.704056318056806629e-01 -4.656997758900178336e-02 -1.106109355073229064e-02 -9.429247299721331063e-03 -1.537097894559602378e-02 -1.899402261234698838e-02 -1.833094416427792639e-02 -1.468432861074790707e-02 -1.006124059629905435e-02 -6.001425368594561459e-03 -3.238239417952959963e-03 -1.812162961789537527e-03 -1.358263995838763626e-03 -1.395143576694633401e-03 -1.526225178625450346e-03 -1.528677415616266650e-03 -1.349865517609326934e-03 -1.049647014817138525e-03 -7.285576413310228044e-04 -4.709802883730328845e-04 -3.163715339108615640e-04 -2.581205102615049532e-04 -2.602630633835263988e-04 -2.798060685510366029e-04 -2.846219733826385275e-04 -2.616778768928106785e-04 -2.156330946271246449e-04 -1.611909206789165618e-04 -1.139531750371676195e-04 -8.364830149107004757e-05 -7.161863086006368289e-05 -7.236038362358419829e-05 -7.738916433347602683e-05 -7.931787618226369171e-05 -7.447289562925873290e-05 -6.338120055520915378e-05 -4.946030812202428464e-05 -3.685952588522716390e-05 -2.852551522472976806e-05 -2.521215546088479833e-05 -2.562203141918824144e-05 -2.736668054034585646e-05 -2.817185120926397182e-05 -2.678290584493706690e-05 -2.325912344361789552e-05 -1.866404489093657909e-05 -1.440180171639532107e-05 -1.154504340873226371e-05 -1.043528577985489515e-05 -1.066833165111451857e-05 -1.139792814285135406e-05 -1.177045673437804284e-05 -1.128413685061337694e-05 -9.935392333986366290e-06 -8.128282454017171738e-06 -6.426936869825727582e-06 -5.282717341146999558e-06 -4.856076957039377851e-06 -4.993032926554265852e-06 -5.340472491356618870e-06 -5.528560430186736592e-06 -5.331373500068503272e-06 -4.740427434871688972e-06 -3.933299117754419393e-06 -3.166872871074080727e-06 -2.652740679075676356e-06 -2.470938367254259678e-06 -2.553510186108071756e-06 -2.734737108173824058e-06 -2.836580419822266860e-06 -2.747454612763028087e-06 -2.461062816494779725e-06 -2.064105791389909386e-06 -1.685206103517314347e-06 -1.432492687523618077e-06 -1.348561301593972545e-06 -1.400020784980832122e-06 -1.501838749155106366e-06 -1.560666852338227430e-06 -1.519134058177058978e-06 -1.365578156501502861e-06 -1.187148017813714317e-06 -8.823177244276300143e-07 -1.251239418022369325e-06
-1.365865625117550783e-03 -1.548256889913987057e-02 -9.905316694659134502e-02 -3.270764219951587948e-01 -1.150572822503526327e+00 -1.974274057828617313e+00 -1.096347690216713566e+01 8.230134313252555955e+00 -1.848572764884442847e+02 7.076777214691802556e+02 -5.234554146786342244e+03 2.342778869178058085e+04 -5.476607670653103014e+03 7.415153125356999908e+02 -2.168678785997151977e+02 2.577092731226609867e+00 -1.738423386045085550e+01 -4.978236801364233521e+00 -2.923344207540298889e+00 -1.193901295127761664e+00 -4.986184304322008876e-01 -1.703489764731541400e-01 -4.787542491343211443e-02 -1.277183798043438762e-02 -1.095650899194055769e-02 -1.647435592474356947e-02 -1.967175700698397395e-02 -1.870123368023333260e-02 -1.489043744319116548e-02 -1.021465852318095488e-02 -6.161369892565270699e-03 -3.417357314535291683e-03 -1.995250702997824511e-03 -1.522512140546486295e-03 -1.524503049350182547e-03 -1.617216842347417175e-03 -1.588833760909146887e-03 -1.392086711976637430e-03 -1.086069089152559087e-03 -7.665014211238557838e-04 -5.119416548385213222e-04 -3.575660846184312651e-04 -2.952487147074038445e-04 -2.900665318061076796e-04 -3.014560137212828669e-04 -2.996939089722113750e-04 -2.730915933498201690e-04 -2.262536181789760975e-04 -1.727538356652357312e-04 -1.266881742788357110e-04 -9.660370194761900501e-05 -8.340099456063283236e-05 -8.189367444990600922e-05 -8.437314982237183473e-05 -8.425584090504343183e-05 -7.834407327183371696e-05 -6.716666050156246115e-05 -5.375205050049751106e-05 -4.170393100787023416e-05 -3.352545200855866297e-05 -2.979825586721443815e-05 -2.934796799094313750e-05 -3.009850965290461147e-05 -3.010876451078335454e-05 -2.832908888039061587e-05 -2.482645801805074848e-05 -2.050182720201974111e-05 -1.652253546768042136e-05 -1.376328017890534682e-05 -1.248543235909501687e-05 -1.233866365815001907e-05 -1.262061936047561731e-05 -1.263528527309092667e-05 -1.198113542488027148e-05 -1.066157192890932581e-05 -9.004018042121257544e-06 -7.457022722993581480e-06 -6.372885062578007474e-06 -5.870263104752733121e-06 -5.821005209207708984e-06 -5.944983429589405089e-06 -5.954186140040244874e-06 -5.676181512003248188e-06 -5.107650556988844082e-06 -4.386705404959000944e-06 -3.708899169546312985e-06 -3.232146785786932709e-06 -3.013002450975751873e-06 -2.996799443047284806e-06 -3.057549531439052909e-06 -3.062690081380581896e-06 -2.931089858715099557e-06 -2.660140485391262261e-06 -2.314852346100021243e-06 -1.989183686749996700e-06 -1.760331615348285677e-06 -1.657000590698403862e-06 -1.652841605604302231e-06 -1.687360368005707680e-06 -1.687721681132001758e-06 -1.646428148268067781e-06 -1.429249992591929163e-06 -1.595992100014427069e-06 -9.263489354077555013e-07
-2.265842292879978741e-04 -5.623860334966482126e-03 -3.487084621841912008e-02 -1.433610714736039127e-01 -4.152774414009083315e-01 -1.321118849668244888e+00 -2.263313856343196040e+00 -1.153538752643414611e+01 7.573377916648905916e+00 -1.872046885121919217e+02 7.085573197532906988e+02 -5.250754496411364926e+03 2.344003002736068447e+04 -5.473975108986282066e+03 7.400089321600028143e+02 -2.165414257354818233e+02 2.482411629846659640e+00 -1.735581486363133763e+01 -4.969647170923674473e+00 -2.912623522753777561e+00 -1.188164798340541894e+00 -4.962118271081338849e-01 -1.702960629509204793e-01 -4.896348692560893723e-02 -1.415954613145296338e-02 -1.216815061947223303e-02 -1.733973847312673955e-02 -2.021033659915633454e-02 -1.901517736020134908e-02 -1.508875064459831369e-02 -1.037419612965178456e-02 -6.318006665264171151e-03 -3.575556207732157998e-03 -2.144116305696477844e-03 -1.649793360753431777e-03 -1.624416225264784745e-03 -1.691856677292302800e-03 -1.645366883897374016e-03 -1.438603114140226454e-03 -1.128376341760478803e-03 -8.069132995893182284e-04 -5.499168819752276718e-04 -3.913333633279184260e-04 -3.234095815689652198e-04 -3.124899756414192668e-04 -3.192824143724033031e-04 -3.147019164556631157e-04 -2.868899699622448791e-04 -2.397135170207420423e-04 -1.858876153190509514e-04 -1.389314927918960095e-04 -1.072883362670668379e-04 -9.216680178474958055e-05 -8.886768494899755964e-05 -9.008260850597082708e-05 -8.936615823553476683e-05 -8.337343838427029399e-05 -7.231072421958920993e-05 -5.887907739175051602e-05 -4.649432075097501433e-05 -3.766971402716003808e-05 -3.315611721707386228e-05 -3.200423180560724152e-05 -3.230743873220658492e-05 -3.216918749480027418e-05 -3.045645415579114099e-05 -2.707929140983540969e-05 -2.278734584316745236e-05 -1.866768066015851517e-05 -1.561051847778651317e-05 -1.396759989541547648e-05 -1.350276738518204631e-05 -1.359712903301621770e-05 -1.357393267949826314e-05 -1.298610416966854134e-05 -1.175486348087854975e-05 -1.012956882407711045e-05 -8.518554085925221975e-06 -7.284517178875882615e-06 -6.595943417451123053e-06 -6.386750728843284382e-06 -6.421898905208678456e-06 -6.423347806625522785e-06 -6.193129176274198969e-06 -5.682247021434253242e-06 -4.985472816014259401e-06 -4.276176332735777646e-06 -3.718535440331886011e-06 -3.397695566955766885e-06 -3.294610064433252541e-06 -3.309267498589799909e-06 -3.314900559853536711e-06 -3.215566130925785761e-06 -2.982003197119327511e-06 -2.653787145097500866e-06 -2.311887882634675571e-06 -2.037086738241812989e-06 -1.876738109788615022e-06 -1.820474606833356093e-06 -1.852053400371876014e-06 -1.795296160801035917e-06 -2.032713737797964963e-06 -1.768523391308194767e-06 6.623961431538365227e-07
7.356361704946471974e-05 -1.146627841880878485e-03 -9.969116885150345470e-03 -4.688974902897357494e-02 -1.732112599977806977e-01 -4.801416498281172451e-01 -1.453566986045112808e+00 -2.493348756290337587e+00 -1.199889587887472331e+01 7.047775161925522447e+00 -1.891775372033409894e+02 7.095258449000024257e+02 -5.265560572484580007e+03 2.345603489095567784e+04 -5.472793243046799944e+03 7.389344285480694907e+02 -2.162738280181240782e+02 2.417564997113783587e+00 -1.732649555465974700e+01 -4.959320479079706523e+00 -2.902204247518625380e+00 -1.182735727772748602e+00 -4.939433615022812973e-01 -1.701443679912354179e-01 -4.981917321749528005e-02 -1.529044485604774510e-02 -1.317204000303850119e-02 -1.807223783513669732e-02 -2.068094439508699062e-02 -1.929943485541182890e-02 -1.526930522781359822e-02 -1.051165285979369264e-02 -6.444198000372160576e-03 -3.699630841648128120e-03 -2.262872945923671830e-03 -1.756718218203832385e-03 -1.715029039850577992e-03 -1.765368575896111196e-03 -1.703941806810816990e-03 -1.485724830059360121e-03 -1.167422043409140856e-03 -8.404077378531008219e-04 -5.794273249394327630e-04 -4.177221310296690853e-04 -3.471453189384939258e-04 -3.338534695481177846e-04 -3.384467345784986743e-04 -3.317520548746972250e-04 -3.018549740012155106e-04 -2.526357557302667464e-04 -1.969048690757928277e-04 -1.483225997812934454e-04 -1.154487886607694997e-04 -9.951896530703470975e-05 -9.574607610932483050e-05 -9.664950627702933528e-05 -9.559681715698526371e-05 -8.911658608612070770e-05 -7.739442421460430597e-05 -6.321303102856270064e-05 -5.012480585010169876e-05 -4.076750592876085842e-05 -3.594931788005555469e-05 -3.469077083620906006e-05 -3.498762353602359078e-05 -3.482581338037769896e-05 -3.298629437753092264e-05 -2.935709012460471955e-05 -2.473115983623503815e-05 -2.027724635971834042e-05 -1.696507750646285769e-05 -1.518870406556392465e-05 -1.470222279017808477e-05 -1.483441623812067725e-05 -1.484065474418275012e-05 -1.422128035623153476e-05 -1.288102242467090941e-05 -1.109165583613066365e-05 -9.308399765454575047e-06 -7.941831026655465038e-06 -7.188015984143132478e-06 -6.978093801156935733e-06 -7.048229024753291768e-06 -7.080829696613025881e-06 -6.845958816260746254e-06 -6.283289416111754334e-06 -5.499528238019736476e-06 -4.695417210609567616e-06 -4.064175961364415094e-06 -3.708627371216624682e-06 -3.609358792044621411e-06 -3.649902326294495310e-06 -3.679786469877876647e-06 -3.583237831713957682e-06 -3.323437977029409229e-06 -2.946447606798173090e-06 -2.551260364825587595e-06 -2.231473781895801942e-06 -2.073581507506716580e-06 -1.963640754882479961e-06 -2.266427319200543218e-06 -2.130904245365982869e-06 -6.280777442111729557e-08 -3.654735719967856192e-08
1.445713491813030622e-04 2.934017525705240109e-04 -4.288991673828481429e-04 -1.059142585337440219e-02 -5.361326657579535554e-02 -1.952740502099018505e-01 -5.319560451455872530e-01 -1.561786384049224319e+00 -2.682389788675327846e+00 -1.238320761596232700e+01 6.619630970638647582e+00 -1.908694469820436836e+02 7.105630181077621046e+02 -5.279367361442637048e+03 2.347528960888202346e+04 -5.472867710695475580e+03 7.382055903542384385e+02 -2.160624806390675872e+02 2.373852489098991825e+00 -1.729815042965662286e+01 -4.948254721196577499e+00 -2.892247758043864359e+00 -1.177582163175476371e+00 -4.917745620671609696e-01 -1.699224788713407930e-01 -5.052613540463425645e-02 -1.626423785461776281e-02 -1.404775245672624726e-02 -1.871313214205914260e-02 -2.108809583355873360e-02 -1.953641422424242866e-02 -1.541060189492856128e-02 -1.061528190464868307e-02 -6.543046017315496538e-03 -3.804479558740644831e-03 -2.370512313705922317e-03 -1.858448093525176927e-03 -1.802926265852958839e-03 -1.835474180464773250e-03 -1.756749984756547298e-03 -1.524929539957798263e-03 -1.197987611461781132e-03 -8.668145364335310982e-04 -6.045838245558812643e-04 -4.426818022998640217e-04 -3.714814383683794140e-04 -3.563938372056462138e-04 -3.580400274223737326e-04 -3.478092737221088115e-04 -3.145432963824150029e-04 -2.627400705538706564e-04 -2.054813347693292892e-04 -1.563129855842258081e-04 -1.234050364910298041e-04 -1.075201074041305931e-04 -1.035036119530626609e-04 -1.037288700847248705e-04 -1.016504749485957424e-04 -9.403756774937277799e-05 -8.134448580602184726e-05 -6.653545648075786904e-05 -5.319575422248327718e-05 -4.385531979712738420e-05 -3.913758119844814828e-05 -3.788674883771509926e-05 -3.800002664942701131e-05 -3.747010822110034020e-05 -3.517042957787717337e-05 -3.111531402846774908e-05 -2.619939166935057211e-05 -2.162851900802025682e-05 -1.833759979112342897e-05 -1.663772459825615932e-05 -1.619282119112066799e-05 -1.627289795351020285e-05 -1.612629869706998855e-05 -1.529395141166747769e-05 -1.374499625119236263e-05 -1.180858049552286241e-05 -9.966290555451420621e-06 -8.616347626939565112e-06 -7.913579950990770452e-06 -7.740049210619615619e-06 -7.796913231425220785e-06 -7.758905150275901283e-06 -7.415688518646010916e-06 -6.742018359603282480e-06 -5.878052733105654712e-06 -5.041925363138508262e-06 -4.422349830812816750e-06 -4.100069516171786637e-06 -4.027507441781996247e-06 -4.066814748583385786e-06 -4.061548969413048061e-06 -3.905998692692161737e-06 -3.585025043273125224e-06 -3.159915820640448619e-06 -2.767736625074694720e-06 -2.400654619553845165e-06 -2.507667759264241012e-06 -2.330618663290940797e-06 -3.946689973314828905e-07 -5.372943908782415639e-07 -3.829358587072228236e-07
1.042105396981939927e-04 5.220973614739248068e-04 1.829745969900732020e-03 1.476315729245089624e-03 -1.044007549503995526e-02 -5.939720846285242301e-02 -2.143928262867272616e-01 -5.759732480734482962e-01 -1.652675705812097551e+00 -2.840462032005584003e+00 -1.270701772970766541e+01 6.266126516035749994e+00 -1.923468893274919935e+02 7.116566470794148245e+02 -5.292464733990196692e+03 2.349744175623735282e+04 -5.474050883880459878e+03 7.377603773137428789e+02 -2.159040194869219533e+02 2.345524693208563605e+00 -1.727175702613724440e+01 -4.937037093128443743e+00 -2.882874512902600994e+00 -1.172755518861730684e+00 -4.897585187510921090e-01 -1.696994060834996765e-01 -5.114880314124353039e-02 -1.712290964639450255e-02 -1.481010194669184904e-02 -1.925782034316349256e-02 -2.142111948698386531e-02 -1.972092751715616085e-02 -1.551818924790510090e-02 -1.069974410967285648e-02 -6.632327756060693580e-03 -3.904363690401081461e-03 -2.473619337938050625e-03 -1.953544290543595893e-03 -1.881539225824439875e-03 -1.894786211633908398e-03 -1.799264903239107928e-03 -1.556218002670932106e-03 -1.223977350654018199e-03 -8.917480154377904105e-04 -6.301749638348039077e-04 -4.684293949308996935e-04 -3.956968814747208120e-04 -3.773702086152911392e-04 -3.748911816668730858e-04 -3.607492255068791729e-04 -3.246429255044312170e-04 -2.713838527613581506e-04 -2.138097219124066701e-04 -1.648759145793235524e-04 -1.321198814840513196e-04 -1.158881538334357756e-04 -1.109454206901405358e-04 -1.098800876342828040e-04 -1.065061310779161669e-04 -9.791556084007179881e-05 -8.471781452079127773e-05 -6.982688065304897094e-05 -5.662727769274331026e-05 -4.740577216782904422e-05 -4.260778953401723974e-05 -4.102720161687549655e-05 -4.063733560458607024e-05 -3.957949558573682446e-05 -3.687238183124623609e-05 -3.260983767167578392e-05 -2.767544521859659378e-05 -2.319094688222652349e-05 -1.998019243743302201e-05 -1.826723266750276002e-05 -1.768640882914126257e-05 -1.753975399705024352e-05 -1.714643921808549741e-05 -1.612073576522858763e-05 -1.447523835508268844e-05 -1.253752179323709764e-05 -1.074891153810619405e-05 -9.450935314919770629e-06 -8.751826464690336163e-06 -8.515941116020672402e-06 -8.459538921339154649e-06 -8.294467065458827813e-06 -7.850488558322444107e-06 -7.127448743623694963e-06 -6.266294260165021049e-06 -5.464067822218065534e-06 -4.878214409732455023e-06 -4.562823417356552899e-06 -4.459463727043949639e-06 -4.437888414055666165e-06 -4.363938606295967200e-06 -4.150349797277827656e-06 -3.822912981141315416e-06 -3.347901889939180105e-06 -3.211738476336964016e-06 -2.787845242641621758e-06 -7.317088412302273766e-07 -8.182345054888130511e-07 -6.252716638672325496e-07 -8.599265917076182262e-07
4.513948759829553709e-05 3.246366624533929767e-04 1.442071966820138986e-03 3.091724383745899328e-03 2.298220956932590583e-03 -1.168041120501419651e-02 -6.577261258157346413e-02 -2.317102376737801561e-01 -6.137754468600877811e-01 -1.729681994431087944e+00 -2.974103318590656020e+00 -1.298376904180867619e+01 5.970502816349833708e+00 -1.936586678130934729e+02 7.127994101548442814e+02 -5.305069851238553383e+03 2.352224421307517332e+04 -5.476228393284538470e+03 7.375532740818980528e+02 -2.157949236981040144e+02 2.328598071712441264e+00 -1.724791401937162760e+01 -4.926115080050696982e+00 -2.874218407961728783e+00 -1.168324899708147679e+00 -4.879320004673521338e-01 -1.694955975371857937e-01 -5.169396161566366249e-02 -1.786501514548360925e-02 -1.545708671418628832e-02 -1.971029743667355311e-02 -2.169238266229410808e-02 -1.987133841034757417e-02 -1.561108426595159658e-02 -1.077926484440124531e-02 -6.718366577366603233e-03 -3.997939776453032779e-03 -2.566173465836130672e-03 -2.035405822585171966e-03 -1.947069032090356470e-03 -1.943769557255740606e-03 -1.835549272646048655e-03 -1.585151875110805140e-03 -1.250068233828448370e-03 -9.173816688659049276e-04 -6.555570292252852491e-04 -4.923972100572824358e-04 -4.168183428817278996e-04 -3.948077217766162339e-04 -3.887493555188659480e-04 -3.719072595123894850e-04 -3.342807941449546624e-04 -2.804807056432424037e-04 -2.228355209600642079e-04 -1.737635326913996811e-04 -1.404673248137099952e-04 -1.232553795804954108e-04 -1.170991717179619372e-04 -1.148932431618160534e-04 -1.106986782103769676e-04 -1.016943657357377215e-04 -8.840455228707397306e-05 -7.355151358939731655e-05 -6.032210918511422013e-05 -5.088528649023860113e-05 -4.568501047767746233e-05 -4.360985275127260576e-05 -4.276525898033137641e-05 -4.139659558190618904e-05 -3.855584789253767438e-05 -3.429443199286403443e-05 -2.940695315077327705e-05 -2.492500157673631982e-05 -2.162045263851796855e-05 -1.972054957813806507e-05 -1.890837608825024293e-05 -1.855198747000550325e-05 -1.802189653475144243e-05 -1.694789857161657474e-05 -1.531979752423927259e-05 -1.341882002498892109e-05 -1.163966607443034196e-05 -1.029742053482873622e-05 -9.503060496142236706e-06 -9.147891219451072706e-06 -8.984275637098165329e-06 -8.752061778529683238e-06 -8.289308160608729908e-06 -7.582951958897448003e-06 -6.747906149768113595e-06 -5.955017574409980210e-06 -5.347034897090422110e-06 -4.979771021487674104e-06 -4.811918979637947907e-06 -4.729584095628812704e-06 -4.639870594777236678e-06 -4.367398389899655588e-06 -4.279028534887689243e-06 -3.748301529824777694e-06 -1.519499512516481037e-06 -1.328488217369174860e-06 -9.900509765852227872e-07 -9.115385081266609751e-07 -1.298946513807826570e-06
4.124637706544309358e-07 7.421529133119185711e-05 4.503820269437836150e-04 1.486542964283203835e-03 2.887043497354682773e-03 1.484317189291189465e-03 -1.409773566733915802e-02 -7.214003970695798129e-02 -2.469017401542147883e-01 -6.460644516304814289e-01 -1.795440349065850372e+00 -3.088519621951880456e+00 -1.322376352842728053e+01 5.720205373181921793e+00 -1.948410976282227409e+02 7.139873344091790841e+02 -5.317348339531657984e+03 2.354952051389180269e+04 -5.479310385411765310e+03 7.375501130918429453e+02 -2.157319343164170675e+02 2.320159286718414204e+00 -1.722702232504752473e+01 -4.915813674971759362e+00 -2.866354419265327191e+00 -1.164302040385277071e+00 -4.862788110776145034e-01 -1.692937705864894504e-01 -5.215413001068711779e-02 -1.849684986362646819e-02 -1.600697525916376304e-02 -2.009513011429382712e-02 -2.192566053525911440e-02 -2.000477949345955131e-02 -1.569704379831690297e-02 -1.085308370884442361e-02 -6.795396755653718840e-03 -4.078823841132511382e-03 -2.644638775207768574e-03 -2.104777868880290150e-03 -2.003825868692981141e-03 -1.988178835495876644e-03 -1.870431137895596507e-03 -1.614040462303222359e-03 -1.275754274357496394e-03 -9.412841290716317689e-04 -6.778727338862023961e-04 -5.126859983372168521e-04 -4.346227218753277569e-04 -4.100321958850639817e-04 -4.017184681953105021e-04 -3.831859904121314017e-04 -3.444191212665576648e-04 -2.898271636936219052e-04 -2.314908789264481098e-04 -1.816602435703966185e-04 -1.475051890555399725e-04 -1.294147125982797594e-04 -1.224818148556423478e-04 -1.196875937485824534e-04 -1.151018918854514601e-04 -1.058389114731086848e-04 -9.232519017541406653e-05 -7.720278653669162270e-05 -6.363046929451028806e-05 -5.380576810435906514e-05 -4.823478999367087532e-05 -4.586595619322400796e-05 -4.483241005550600322e-05 -4.336441773372972828e-05 -4.046705349783705089e-05 -3.613773375133173089e-05 -3.113516663148105992e-05 -2.648708810623391652e-05 -2.299114969896083908e-05 -2.091428420069559033e-05 -1.997291476224272131e-05 -1.954704569314675677e-05 -1.899419700200533049e-05 -1.791446457753068637e-05 -1.626621931419876282e-05 -1.431169623838432408e-05 -1.244610055293651566e-05 -1.100204352404230822e-05 -1.011517044449278777e-05 -9.696552645867894207e-06 -9.504842885263295598e-06 -9.271092699583003395e-06 -8.814837173967716435e-06 -8.103956500636948451e-06 -7.242384625554750597e-06 -6.401873231358346234e-06 -5.737888659093120463e-06 -5.317226878300506940e-06 -5.134945552290346613e-06 -4.990909382074422309e-06 -5.123753771259652960e-06 -4.790457032937297129e-06 -2.664875444349531072e-06 -2.343695370269278592e-06 -1.755906639831892487e-06 -1.474437833348595073e-06 -1.287802552298306075e-06 -1.760900988507960929e-06
-2.146093072725050320e-05 -9.474803791774656051e-05 -3.191276994308350225e-04 -3.384044366247462811e-04 3.706932412987525819e-04 1.586195668814683853e-03 -7.595572417163524244e-05 -1.667157078681047108e-02 -7.778107766864093831e-02 -2.599411000159538299e-01 -6.738278801122811190e-01 -1.852377889463419525e+00 -3.187889944944360732e+00 -1.343476781784384144e+01 5.505992631527429459e+00 -1.959214542204627776e+02 7.152186107397509431e+02 -5.329428792871009136e+03 2.357914263152753119e+04 -5.483225535879802919e+03 7.377247056027864573e+02 -2.157121488740346820e+02 2.318062173480346377e+00 -1.720929545763655355e+01 -4.906312097261040783e+00 -2.859280264245038339e+00 -1.160656150900028827e+00 -4.847707422156720680e-01 -1.690865422754141145e-01 -5.254246759805376865e-02 -1.904424599294964743e-02 -1.648799101889527122e-02 -2.043452546179783114e-02 -2.213291927565032291e-02 -2.012329376696599809e-02 -1.577178306935938384e-02 -1.091535365397563670e-02 -6.859907631834328071e-03 -4.147625989692988423e-03 -2.713250237665530001e-03 -2.167492677530151804e-03 -2.056864660181541640e-03 -2.030638605558840459e-03 -1.903727673185750006e-03 -1.640713630416139454e-03 -1.298337649112478714e-03 -9.616106441020824376e-04 -6.968764543951629087e-04 -5.305667841823259560e-04 -4.511707937070132861e-04 -4.249431609924947807e-04 -4.148035278847138525e-04 -3.944559391885230039e-04 -3.540693867775061691e-04 -2.981673584388602511e-04 -2.388595430976788467e-04 -1.883517699676397629e-04 -1.537232144595407075e-04 -1.352567018602619060e-04 -1.279525818146943475e-04 -1.247346256329758885e-04 -1.196606532993944703e-04 -1.098742953860842435e-04 -9.585654132138418681e-05 -8.030543400118233426e-05 -6.641509447001372796e-05 -5.638482305474621834e-05 -5.068980672364937140e-05 -4.822849458192005534e-05 -4.708532690261982908e-05 -4.546155791903795868e-05 -4.236203083559842331e-05 -3.780941156042777669e-05 -3.259966922211623085e-05 -2.779259885487048217e-05 -2.419925616919119254e-05 -2.207697573026390283e-05 -2.111541296781964288e-05 -2.066325028021204376e-05 -2.005556274757132410e-05 -1.888729494298523067e-05 -1.712921319778811646e-05 -1.506623079648308170e-05 -1.311553790676840553e-05 -1.162143323409329336e-05 -1.071672293894137232e-05 -1.029758719770761252e-05 -1.010321928219302648e-05 -9.849403846180309453e-06 -9.350815196861046228e-06 -8.581667094971350910e-06 -7.661043899849094736e-06 -6.770697803029414917e-06 -6.098043604997839633e-06 -5.622107046405110732e-06 -5.656007203310125562e-06 -5.450790629357321027e-06 -3.597267975034091630e-06 -3.445236504417334750e-06 -2.898440918269291733e-06 -2.469047251741133054e-06 -2.117809073821985397e-06 -1.816883001216604517e-06 -2.303945388792359915e-06
-2.497385457383601151e-05 -1.611635630457237077e-04 -6.702395955279150585e-04 -1.385899338059705561e-03 -1.780323966008874994e-03 -1.196276031748877205e-03 1.022508745365256809e-04 -1.562055820819920624e-03 -1.890044579357393062e-02 -8.263973457861167882e-02 -2.712891720880877822e-01 -6.981288821959632518e-01 -1.902425047496897781e+00 -3.275288274513431741e+00 -1.362249051718696435e+01 5.321057423562451483e+00 -1.969206031129897099e+02 7.164926348603836459e+02 -5.341412787260243022e+03 2.361101653659506337e+04 -5.487916658633848783e+03 7.380567014860071140e+02 -2.157329555458851473e+02 2.320760364277334009e+00 -1.719479032413227770e+01 -4.897687916015164511e+00 -2.852965551284918355e+00 -1.157362492215775696e+00 -4.834012244635986777e-01 -1.688875034583002532e-01 -5.288287409592207916e-02 -1.953079506713142552e-02 -1.691628853133930743e-02 -2.073518046565770920e-02 -2.231359786214378443e-02 -2.022332091181069588e-02 -1.583276259298385322e-02 -1.096678270398097031e-02 -6.915860650511165136e-03 -4.209923854578387185e-03 -2.777032340138312506e-03 -2.226395957968858690e-03 -2.106382863017019786e-03 -2.069381439437665421e-03 -1.933050642885309400e-03 -1.663486700556436907e-03 -1.317592208159769178e-03 -9.795662031824314570e-04 -7.145473619814302372e-04 -5.478973081393785855e-04 -4.674891428325735911e-04 -4.394863717116366227e-04 -4.271134952243525892e-04 -4.045453282055755883e-04 -3.623616637709925524e-04 -3.052903319786547435e-04 -2.454041014959131386e-04 -1.946930336108305775e-04 -1.599573341363272902e-04 -1.412531994134517998e-04 -1.334793002668022404e-04 -1.295941261112394454e-04 -1.237838602800377759e-04 -1.133435302153008796e-04 -9.886201337777271545e-05 -8.306419282585207674e-05 -6.909126897758531495e-05 -5.904291764943560712e-05 -5.329471435779890214e-05 -5.068502294646684992e-05 -4.929525041012623667e-05 -4.737241803767921360e-05 -4.398896640954072355e-05 -3.922503802994176965e-05 -3.390079349312834488e-05 -2.906089662292473012e-05 -2.547320846766443786e-05 -2.334534018513914665e-05 -2.233218322035376748e-05 -2.177503866584158977e-05 -2.102828635006148331e-05 -1.972098796655962738e-05 -1.785617869553903116e-05 -1.573540033409329971e-05 -1.377140142987330111e-05 -1.228722187046742898e-05 -1.138857238618015554e-05 -1.095091257890974657e-05 -1.070725569275436475e-05 -1.038241730891465456e-05 -9.811080159511647385e-06 -8.982219079968758801e-06 -8.048615518768981479e-06 -7.106304705318927030e-06 -6.648266011107374975e-06 -6.118921333104961960e-06 -4.221648764385220232e-06 -4.177338771270965778e-06 -3.841243849535527995e-06 -3.579313490431666831e-06 -3.233033290130321163e-06 -2.895958412479384023e-06 -2.494512473001094193e-06 -2.990797118593329792e-06
-1.833058953581666781e-05 -1.522317826967601196e-04 -6.784554893495884200e-04 -1.609695649606642963e-03 -2.664308138515858720e-03 -3.212991410214935482e-03 -2.583626823043483518e-03 -1.134794212435651485e-03 -2.809085124179492004e-03 -2.086281380358284004e-02 -8.698922331586086965e-02 -2.814117514273163922e-01 -7.197189840897151303e-01 -1.946901060553915874e+00 -3.352905039843875556e+00 -1.379121577444086277e+01 5.160204982132215790e+00 -1.978548811593998664e+02 7.178094443861091349e+02 -5.353381758254358829e+03 2.364507267947008222e+04 -5.493337430227194091e+03 7.385301376190998326e+02 -2.157919929987468208e+02 2.327137062485879149e+00 -1.718348472950645700e+01 -4.889983396859721942e+00 -2.847390832126174498e+00 -1.154415299914198556e+00 -4.821761493872722681e-01 -1.687100930993547798e-01 -5.318856786419846189e-02 -1.996503717475649892e-02 -1.729519929238729561e-02 -2.099744265837484580e-02 -2.246799534633918058e-02 -2.030708234959870823e-02 -1.588440657030726344e-02 -1.101284500405645510e-02 -6.968057234586040420e-03 -4.268495421085228073e-03 -2.836348269778774661e-03 -2.280051954809406839e-03 -2.150360049266405223e-03 -2.103010734876924713e-03 -1.958325255216642000e-03 -1.683588595226413265e-03 -1.335447871899657097e-03 -9.969517462915095368e-04 -7.318953851451987045e-04 -5.646619438385515246e-04 -4.827653930578062092e-04 -4.525772636786876764e-04 -4.378439528563869351e-04 -4.132709959467788566e-04 -3.697510123141282642e-04 -3.120244010852288243e-04 -2.519353692318894813e-04 -2.011475857636691139e-04 -1.661884567472004474e-04 -1.469923258373347118e-04 -1.385022531817724863e-04 -1.338316805448908943e-04 -1.273423055789427800e-04 -1.164445816774229559e-04 -1.017427997416608373e-04 -8.588690007645810587e-05 -7.189910474431987714e-05 -6.177308348024217524e-05 -5.583336288230631551e-05 -5.293396792300111115e-05 -5.122018316865518462e-05 -4.901510737864586226e-05 -4.544393071758436709e-05 -4.059625607711319094e-05 -3.526015386119092312e-05 -3.042610411314377870e-05 -2.681194053017286265e-05 -2.460017105155584555e-05 -2.345263539068498070e-05 -2.274192193521715167e-05 -2.186082411441275661e-05 -2.046595036818311134e-05 -1.856612366040247264e-05 -1.644693905776021688e-05 -1.449300073208697810e-05 -1.300069884120370573e-05 -1.206204889826305033e-05 -1.155587793758515798e-05 -1.123345519328251057e-05 -1.083679929642230706e-05 -1.023840515350694461e-05 -9.348651140197003940e-06 -8.619577829729637954e-06 -7.628728015911097430e-06 -5.295210739407036416e-06 -4.916272538999599633e-06 -4.487957906451653679e-06 -4.331577690964144064e-06 -4.186770897996100661e-06 -3.979668257703277623e-06 -3.720771080468996781e-06 -3.280094133980035274e-06 -3.845992402463143502e-06
-8.889477494240804762e-06 -1.060095019782834517e-04 -5.001802130241463085e-04 -1.306925587875583947e-03 -2.489477622447600763e-03 -3.720731579050375049e-03 -4.349790049784726768e-03 -3.704815792669668376e-03 -2.202900622041348809e-03 -3.977708598991780593e-03 -2.273001313270052448e-02 -9.099436280303678515e-02 -2.905334170341170030e-01 -7.390335763092578114e-01 -1.986730341656216758e+00 -3.422415871965418521e+00 -1.394432390469811800e+01 5.019325922622313918e+00 -1.987372910428811394e+02 7.191694867496747747e+02 -5.365401813954264981e+03 2.368125951835753222e+04 -5.499450004334231380e+03 7.391323561258933523e+02 -2.158871639981579449e+02 2.336352556036709327e+00 -1.717533489066936170e+01 -4.883231515893251995e+00 -2.842543349002630393e+00 -1.151808857301944267e+00 -4.810931751319277305e-01 -1.685547986789288077e-01 -5.346094946479348214e-02 -2.034909553691802153e-02 -1.762816914792579223e-02 -2.122648000854381045e-02 -2.260256027126207601e-02 -2.038108663802562157e-02 -1.593184994179924069e-02 -1.105632832614706490e-02 -7.016838246236796646e-03 -4.321990745950258540e-03 -2.889377814961027746e-03 -2.327311075334305510e-03 -2.188937522309487935e-03 -2.132894739523045428e-03 -1.981541941579080188e-03 -1.702831668491186371e-03 -1.352915686516493717e-03 -1.013770301826491093e-03 -7.481518204770085589e-04 -5.798343942309315286e-04 -4.962496714530071663e-04 -4.640684476472566543e-04 -4.474621687288063508e-04 -4.214559701851259177e-04 -3.770377292147814290e-04 -3.188291292412785065e-04 -2.584427675400241629e-04 -2.073230285032027890e-04 -1.718802895740317600e-04 -1.520586943067151755e-04 -1.429013186728789577e-04 -1.376438399384572570e-04 -1.307292925908202261e-04 -1.195771012822241682e-04 -1.047358061509863849e-04 -8.877050051890715565e-05 -7.463196960708668880e-05 -6.428488524914065770e-05 -5.807218781828036696e-05 -5.489649854183710319e-05 -5.295386775064528471e-05 -5.059587587292112639e-05 -4.694342103270128508e-05 -4.205509864412131679e-05 -3.667863705731650982e-05 -3.177405332696646363e-05 -2.805072546426574541e-05 -2.570526765393016632e-05 -2.442648811238691778e-05 -2.361257928405689744e-05 -2.266880516197734738e-05 -2.124678678609520115e-05 -1.933703364829985621e-05 -1.720317914538166960e-05 -1.521450293564280392e-05 -1.366452281296856307e-05 -1.265600838746130565e-05 -1.207977420871901449e-05 -1.172307469461613975e-05 -1.125427265366817663e-05 -1.084164008801973442e-05 -9.896767380425159391e-06 -7.336583991003797500e-06 -6.485339812944704716e-06 -5.579824455140863921e-06 -5.094798332887462887e-06 -4.850585359244267069e-06 -4.748845572958011093e-06 -4.648388946510846170e-06 -4.509814527509831115e-06 -4.098415430288622110e-06 -4.839630253857088662e-06
-1.288353332460226388e-06 -5.380854080501060697e-05 -2.759390851430402439e-04 -8.112029714015322546e-04 -1.775043078037725607e-03 -3.130075910635635866e-03 -4.535678803606697264e-03 -5.306024726906968109e-03 -4.734237573601167079e-03 -3.253962332975323963e-03 -5.148148483140201417e-03 -2.451338199772484794e-02 -9.465392432576064108e-02 -2.987444579814124146e-01 -7.563938395132047132e-01 -2.022674684451685412e+00 -3.485203440411213105e+00 -1.408454881956295779e+01 4.895146531496759046e+00 -1.995782633655383336e+02 7.205735051687385067e+02 -5.377527252187837803e+03 2.371953895739540894e+04 -5.506223282699657830e+03 7.398531923199484481e+02 -2.160166394139845636e+02 2.347756206481576235e+00 -1.717028460062619644e+01 -4.877446915567604790e+00 -2.838399847259519326e+00 -1.149525727126557095e+00 -4.801402808459110938e-01 -1.684170357575448806e-01 -5.370183854089583680e-02 -2.068946695184291362e-02 -1.792405131085048411e-02 -2.143108244786703573e-02 -2.272405403318561792e-02 -2.044903823064125881e-02 -1.597582912113051576e-02 -1.109600146043687730e-02 -7.060416120863799785e-03 -4.369308787286638358e-03 -2.936353592107527992e-03 -2.369660865125218421e-03 -2.224227758341441787e-03 -2.160952930154820626e-03 -2.003798168593064200e-03 -1.721286683458489279e-03 -1.369279836018788858e-03 -1.029035738093532232e-03 -7.625946153712596020e-04 -5.932834158266326804e-04 -5.084165392855462652e-04 -4.747865141543827967e-04 -4.567740135664731006e-04 -4.295713334076164676e-04 -3.842291076234457289e-04 -3.253331806616355779e-04 -2.644091659170371713e-04 -2.128166889963856374e-04 -1.769170498816486573e-04 -1.566462604938099578e-04 -1.470642432793889843e-04 -1.414263361140767812e-04 -1.341826410366154967e-04 -1.227443465057333563e-04 -1.076440878025713944e-04 -9.143418026347875107e-05 -7.706266995164167734e-05 -6.650106814665828479e-05 -6.010232667074225674e-05 -5.677436361707411560e-05 -5.470919238004345566e-05 -5.224606512406723870e-05 -4.849101752770570056e-05 -4.349235631821585517e-05 -3.799670299198801342e-05 -3.297200260396751981e-05 -2.913999212343633633e-05 -2.670753603246837866e-05 -2.536641455625896402e-05 -2.450913325825590966e-05 -2.352945590235449441e-05 -2.206713076167612892e-05 -2.010581165744791535e-05 -1.790974228166455768e-05 -1.585673241792573873e-05 -1.424637405364284919e-05 -1.321022665938287456e-05 -1.256318146163923780e-05 -1.237989451025946275e-05 -1.184680066163777047e-05 -9.636025557444089214e-06 -8.811228463632627769e-06 -7.634144334495981398e-06 -6.680677157990988190e-06 -5.957570124568359084e-06 -5.527086505368283629e-06 -5.332264604066149563e-06 -5.251070429387520741e-06 -5.214002101807120193e-06 -4.871506052348943908e-06 -5.894266124562734790e-06
2.744925791999066290e-06 -1.400182216657170623e-05 -9.406168959981963675e-05 -3.598238473296916005e-04 -9.800232366158321846e-04 -2.092011172629868691e-03 -3.653053452978754188e-03 -5.283414953852096432e-03 -6.236950318047032073e-03 -5.757202659880294830e-03 -4.290079952456452711e-03 -6.262891229957927297e-03 -2.614508890541650601e-02 -9.795235799911415631e-02 -3.061539025156116423e-01 -7.721170344257888285e-01 -2.055397495543108022e+00 -3.542402135676039343e+00 -1.421408097813539761e+01 4.785077486165572047e+00 -2.003862300279534168e+02 7.220224208657067493e+02 -5.389803205854139378e+03 2.375988307840783818e+04 -5.513631607592416003e+03 7.406843997428197781e+02 -2.161788240671588426e+02 2.360850055118462354e+00 -1.716825717385682992e+01 -4.872620567639442513e+00 -2.834926714617241661e+00 -1.147544546448272085e+00 -4.793073012689186840e-01 -1.682973436997707295e-01 -5.391854619142837091e-02 -2.099597152241769113e-02 -1.819162722188493939e-02 -2.161694163553519454e-02 -2.283468013686002634e-02 -2.051055680791278105e-02 -1.601491391464946248e-02 -1.113082571466870140e-02 -7.098972797033212268e-03 -4.411895913298026495e-03 -2.979412690841310232e-03 -2.409115262303614460e-03 -2.257466018077693062e-03 -2.187400780085366463e-03 -2.024498673098520940e-03 -1.738046519366998445e-03 -1.383853938155964365e-03 -1.042619838540435927e-03 -7.756858815500322158e-04 -6.058246082870534640e-04 -5.200737015099262317e-04 -4.852204325428787044e-04 -4.658163975536433530e-04 -4.372783162130517115e-04 -3.908344601228668966e-04 -3.311484365840873176e-04 -2.697207767549970599e-04 -2.178159378599648743e-04 -1.816777409386599704e-04 -1.611458524829941245e-04 -1.512310489640560248e-04 -1.451913727725293154e-04 -1.375177971280733789e-04 -1.256768975865149281e-04 -1.102472858099230274e-04 -9.380166418334171289e-05 -7.927869891255120147e-05 -6.861803662222722274e-05 -6.213279986939614823e-05 -5.869857559589114005e-05 -5.649316860542544108e-05 -5.386218333161405707e-05 -4.993286063918297621e-05 -4.477886397621580342e-05 -3.916530423186459010e-05 -3.406477704319403512e-05 -3.018921841031423675e-05 -2.772655922073570284e-05 -2.634901187639199154e-05 -2.543675556468315440e-05 -2.438264751305217724e-05 -2.283570839495973102e-05 -2.079527412125684518e-05 -1.853462908702698024e-05 -1.645790875545707349e-05 -1.478557762123858671e-05 -1.392362844415049767e-05 -1.321440258705079256e-05 -1.126867433909574562e-05 -1.083505330195978038e-05 -9.957457442477746435e-06 -9.024830829820084909e-06 -8.021992114746062810e-06 -7.123269179744655627e-06 -6.449910214158659288e-06 -6.049690138892048812e-06 -5.864190563533188898e-06 -5.846166557353557219e-06 -5.555178476466146836e-06 -6.916778755882623271e-06
3.499598216085416295e-06 7.372670193289274802e-06 1.131468713488265956e-05 -6.512386969614690621e-05 -3.741102559011323507e-04 -1.109239222091026704e-03 -2.406722806113361854e-03 -4.194856312931813554e-03 -6.043605415757428989e-03 -7.151249869017113625e-03 -6.726498047077003779e-03 -5.240563487549070726e-03 -7.263257794940092445e-03 -2.760812775106297884e-02 -1.009383797973456981e-01 -3.129055802135684572e-01 -7.864897918007415223e-01 -2.085434262291328888e+00 -3.594905243301558251e+00 -1.433466406283974415e+01 4.687055475091837842e+00 -2.011680949215456167e+02 7.235172264385154222e+02 -5.402267625604098612e+03 2.380227180272058467e+04 -5.521653728724671055e+03 7.416192489701053319e+02 -2.163723127598173903e+02 2.375261461968083854e+00 -1.716916093777629726e+01 -4.868731316019009547e+00 -2.832092077426474397e+00 -1.145850022322889794e+00 -4.785907012222353485e-01 -1.682002765498322172e-01 -5.411856789204651935e-02 -2.127529831403665583e-02 -1.843494989306878468e-02 -2.178545215127690102e-02 -2.293426770655625224e-02 -2.056527098901982792e-02 -1.604949604499170124e-02 -1.116220858145279375e-02 -7.134545658355810789e-03 -4.451723858804154839e-03 -3.019846063061427683e-03 -2.446024102835531958e-03 -2.288221250909723992e-03 -2.211475635820698681e-03 -2.043050718261527759e-03 -1.753019882706708049e-03 -1.397095229409197909e-03 -1.055316501445875644e-03 -7.882180929893014068e-04 -6.179515648819033447e-04 -5.312834318575112473e-04 -4.950686624045569709e-04 -4.741349678173994889e-04 -4.442137091435455860e-04 -3.967491333178620725e-04 -3.364581308927001987e-04 -2.747463136228499411e-04 -2.227031728176921081e-04 -1.864012895376430945e-04 -1.655770555772384262e-04 -1.552301427753137236e-04 -1.486830562189015088e-04 -1.405238544089216612e-04 -1.283015302715743891e-04 -1.126301827435382353e-04 -9.606379052030898104e-05 -8.148426368750212557e-05 -7.076541754602854589e-05 -6.417339656322473297e-05 -6.057134429551056524e-05 -5.815816374684969892e-05 -5.531946041684135434e-05 -5.122117189539798386e-05 -4.595778552230989170e-05 -4.029074054740212988e-05 -3.516912984135723809e-05 -3.127397183361815418e-05 -2.876873926948017915e-05 -2.731703098732828647e-05 -2.630742183964602951e-05 -2.515348449822522533e-05 -2.352115196344464965e-05 -2.144231468058353750e-05 -1.911591784496121060e-05 -1.721219907699389381e-05 -1.548672240462580811e-05 -1.290749411150020345e-05 -1.228873949966617532e-05 -1.163363537355990252e-05 -1.108413220180192899e-05 -1.036562463030014538e-05 -9.479110482878837471e-06 -8.522493341066009721e-06 -7.652552500484199893e-06 -7.000360860084056832e-06 -6.601620939570366862e-06 -6.483066161186131454e-06 -6.165633852845680525e-06 -7.842615791685977563e-06
2.283687652796395984e-06 1.266922603580063870e-05 4.543216222507027898e-05 6.141670078946487917e-05 -4.156687972296490012e-05 -4.321488099037902294e-04 -1.303939863189499749e-03 -2.778359522925562871e-03 -4.756346826596500287e-03 -6.772030516963717557e-03 -7.987428532243276771e-03 -7.591322049133071050e-03 -6.082909977940302582e-03 -8.159619895490615588e-03 -2.894280206426695992e-02 -1.036827332399504337e-01 -3.191187804065435674e-01 -7.997253415822204170e-01 -2.113192265106524026e+00 -3.643416994291454714e+00 -1.444771415216511201e+01 4.599396412230330355e+00 -2.019295887559459857e+02 7.250589315479556944e+02 -5.414952754850336532e+03 2.384669120569181541e+04 -5.530271988612690620e+03 7.426522244323737141e+02 -2.165958650771951568e+02 2.390708177257378608e+00 -1.717290437855004015e+01 -4.865758378434797748e+00 -2.829871088822747627e+00 -1.144431972187544222e+00 -4.779883353246652256e-01 -1.681280459960083906e-01 -5.430501102738813368e-02 -2.152982816096731325e-02 -1.865547736028844161e-02 -2.193771788076805465e-02 -2.302418756203260947e-02 -2.061505417505741719e-02 -1.608172091241484233e-02 -1.119206918702554156e-02 -7.168367445542085138e-03 -4.489157169946153200e-03 -3.057317518396830171e-03 -2.479763234868781387e-03 -2.316035039983009233e-03 -2.233181688025967244e-03 -2.059957403635361527e-03 -1.767007605299186551e-03 -1.409785980092246498e-03 -1.067612945459037784e-03 -8.002627957592122572e-04 -6.293879756181499849e-04 -5.416243779971883360e-04 -5.039978966351935617e-04 -4.816438818620303632e-04 -4.505663897687063059e-04 -4.023379680505550344e-04 -3.416379918718384558e-04 -2.797215416671293095e-04 -2.275015600161888201e-04 -1.909257562446474898e-04 -1.696961446720224320e-04 -1.588609593456209355e-04 -1.518336400960862236e-04 -1.432856530647666471e-04 -1.308055318788787006e-04 -1.149928653418032855e-04 -9.834824745861177602e-05 -8.369069228275003965e-05 -7.284991796006942807e-05 -6.608209702426529899e-05 -6.227246913016104481e-05 -5.965845881434427537e-05 -5.666040363358817842e-05 -5.245986788519270855e-05 -4.714336390047839392e-05 -4.144736906577434535e-05 -3.629219780196750428e-05 -3.233935648688196187e-05 -2.974899174866412914e-05 -2.819788758950746805e-05 -2.709070288168350673e-05 -2.587798407092508222e-05 -2.416062071147716736e-05 -2.223668184236541091e-05 -1.985452769967428822e-05 -1.627460541134490360e-05 -1.463823620985201122e-05 -1.332035011926114490e-05 -1.258719987864879181e-05 -1.208059139262246769e-05 -1.156647278662211043e-05 -1.088349656170265087e-05 -1.001882695869922429e-05 -9.078024121525283131e-06 -8.220953923750821415e-06 -7.564657993455326956e-06 -7.238214847426762907e-06 -6.781227783683714049e-06 -8.672858630683347715e-06
5.013593556550860967e-07 8.193229401097572263e-06 3.333558593028410099e-05 6.617974583061863702e-05 5.815759552478718390e-05 -9.806421309535261741e-05 -5.710703452229506146e-04 -1.552160734611210315e-03 -3.157380255960765165e-03 -5.275907729060932971e-03 -7.420891639807429031e-03 -8.727012093658118724e-03 -8.363541090285116567e-03 -6.848896545694547859e-03 -8.989712543945996281e-03 -3.018486421426547564e-02 -1.062254800993564785e-01 -3.248650839714886107e-01 -8.119767096135432904e-01 -2.138996424202570079e+00 -3.688520434384246371e+00 -1.455441337665055812e+01 4.520701950046079887e+00 -2.026755105552796863e+02 7.266485512947766665e+02 -5.427886248993240770e+03 2.389313226681004380e+04 -5.539471695443656245e+03 7.437787788774875253e+02 -2.168483944882208618e+02 2.406968523851370723e+00 -1.717940354174409734e+01 -4.863682449226947035e+00 -2.828241274907758118e+00 -1.143279175550346860e+00 -4.774948655563132083e-01 -1.680792421815950344e-01 -5.447858954295653477e-02 -2.176151358381447562e-02 -1.885591489897453163e-02 -2.207678738662357046e-02 -2.310735020232382309e-02 -2.066219238376242745e-02 -1.611292547919638066e-02 -1.122076572271625897e-02 -7.200093131119396882e-03 -4.523607378389725604e-03 -3.091446988621869129e-03 -2.510431788162875277e-03 -2.341494703825413703e-03 -2.253378196729324996e-03 -2.076033421562923156e-03 -1.780512906963222777e-03 -1.422009011207180486e-03 -1.079247179760730148e-03 -8.114176157117198229e-04 -6.398210193822869525e-04 -5.510280509822192705e-04 -5.122081958417389839e-04 -4.887130299605332894e-04 -4.567136531682499312e-04 -4.078383490055652728e-04 -3.467153917056117296e-04 -2.844917639049458617e-04 -2.319761307705543274e-04 -1.950584109113600749e-04 -1.734402926199681526e-04 -1.622097441314749363e-04 -1.548292636042117732e-04 -1.460014936964092885e-04 -1.333160506057198325e-04 -1.173483607371375917e-04 -1.005654320850803856e-04 -8.576041789936029091e-05 -7.475502601592938577e-05 -6.781502147954507169e-05 -6.384425999028991094e-05 -6.109644470494680283e-05 -5.799759585543312357e-05 -5.372260455994892818e-05 -4.834350722222446189e-05 -4.258230273931790799e-05 -3.735134894895021537e-05 -3.331472704426352463e-05 -3.063772890308968564e-05 -2.902693293678842664e-05 -2.782317367942256672e-05 -2.674200204600396999e-05 -2.495168710154016309e-05 -2.137476784293537162e-05 -1.907065430369104351e-05 -1.672322623168223104e-05 -1.498016424482952271e-05 -1.381061769955818825e-05 -1.311105619736944438e-05 -1.263329460703930598e-05 -1.213158766734163154e-05 -1.145553424339373190e-05 -1.059441829487957111e-05 -9.658654939810236642e-06 -8.792125738437873728e-06 -8.213483875801901615e-06 -7.514943269282653179e-06 -9.485196238139834504e-06
-8.684195159763901027e-07 4.987043512194769232e-07 3.336868582642994926e-06 1.265794151553892927e-05 1.986394931753663153e-05 -2.013184795401930493e-05 -2.146468636680271013e-04 -7.380483410187120129e-04 -1.790632773167383967e-03 -3.494139769177222188e-03 -5.732784117662926594e-03 -8.000156798487990592e-03 -9.400834715778797618e-03 -9.079425837889084847e-03 -7.566591908378369168e-03 -9.767484717970745245e-03 -3.133922620056690117e-02 -1.085794815588122242e-01 -3.301951152130078171e-01 -8.233746497124461161e-01 -2.163128496924188848e+00 -3.730713378756098209e+00 -1.465575595886353888e+01 4.449811309770661083e+00 -2.034099002300024495e+02 7.282871003735255044e+02 -5.441092054729660049e+03 2.394158991841887837e+04 -5.549240637433593292e+03 7.449951405564631841e+02 -2.171289541749900422e+02 2.423866957595399718e+00 -1.718857897361412412e+01 -4.862481135630437379e+00 -2.827178286340167990e+00 -1.142378055841382078e+00 -4.771035372301407063e-01 -1.680524895296687804e-01 -5.464132059402997121e-02 -2.197407806026330582e-02 -1.904027220480259547e-02 -2.220593355112923314e-02 -2.318575696453804846e-02 -2.070738610382126185e-02 -1.614288348914497129e-02 -1.124771956440734008e-02 -7.229329506309937169e-03 -4.555181875168710232e-03 -3.122861274523142279e-03 -2.538949847309298659e-03 -2.365481469722606738e-03 -2.272627994183135710e-03 -2.091407807726975137e-03 -1.793305622779139703e-03 -1.433381681870734637e-03 -1.089917556634547192e-03 -8.216202209149824987e-04 -6.494549525337347693e-04 -5.598689525297394784e-04 -5.200833980484898542e-04 -4.955887159276172512e-04 -4.626934763601074706e-04 -4.131063047116902316e-04 -3.514643641897175624e-04 -2.888701440567832571e-04 -2.360664830383958754e-04 -1.988852619816183559e-04 -1.769943610624048075e-04 -1.654742303335731324e-04 -1.577983871146071166e-04 -1.486877578447417896e-04 -1.357480648694332727e-04 -1.195635587299721673e-04 -1.026019105816199420e-04 -8.765064185748125739e-05 -7.652236905830961215e-05 -6.947302793589153248e-05 -6.539805863418129083e-05 -6.254568920150147058e-05 -5.934024908547630938e-05 -5.495876728611703268e-05 -4.947799331254652166e-05 -4.362658903925373271e-05 -3.831755429822771860e-05 -3.423461747635041697e-05 -3.147093081414624856e-05 -2.998645348317313596e-05 -2.869940450067971075e-05 -2.598139222225279859e-05 -2.424526975453760838e-05 -2.185914861012953125e-05 -1.944630875290404847e-05 -1.724589893397699466e-05 -1.554063561239751672e-05 -1.440272684443277089e-05 -1.371448145138777962e-05 -1.323789795543195908e-05 -1.273161195519750824e-05 -1.204891641690449503e-05 -1.118504451739967512e-05 -1.023381912036396844e-05 -9.449688630689073130e-06 -8.466348593944708688e-06 -1.040972109070695625e-05
-1.426475482455225597e-06 -5.763793552054998794e-06 -2.334043381150944046e-05 -4.622875481547122006e-05 -6.236727657016188106e-05 -7.313216038818850628e-05 -1.240882605713351881e-04 -3.315532461341312532e-04 -8.843138433524671410e-04 -1.996067869334081091e-03 -3.793611168426217536e-03 -6.152334716783715469e-03 -8.542136111008860611e-03 -1.003536342354121973e-02 -9.752132139824662427e-03 -8.235580118989385343e-03 -1.048525214001970116e-02 -3.240210171325438177e-02 -1.107598407954829695e-01 -3.351634602323985690e-01 -8.340420549940147366e-01 -2.185833326468451521e+00 -3.770414392635434542e+00 -1.475257218250042257e+01 4.385763263455866756e+00 -2.041361824352145788e+02 7.299755780897405657e+02 -5.454591109681835405e+03 2.399206232078407993e+04 -5.559568691317098455e+03 7.462981709893442712e+02 -2.174367161680546303e+02 2.441268365628156634e+00 -1.720035243551172144e+01 -4.862128607407742997e+00 -2.826657683002566035e+00 -1.141716138534923930e+00 -4.768096525590492241e-01 -1.680485226587456471e-01 -5.479657724512173450e-02 -2.217137583456122579e-02 -1.921152258224377227e-02 -2.232674065895764656e-02 -2.325978039090746338e-02 -2.075035983000961259e-02 -1.617129157951975940e-02 -1.127301977531947226e-02 -7.256662635272241590e-03 -4.584787404355285256e-03 -3.152470666326340990e-03 -2.565942590850856832e-03 -2.388199942484210605e-03 -2.290769806868869687e-03 -2.105747224496789475e-03 -1.805110154273114643e-03 -1.443848671222371484e-03 -1.099824953540017893e-03 -8.312404946161976258e-04 -6.586742982626296984e-04 -5.684017763141720799e-04 -5.276760167729275912e-04 -5.021436262388498731e-04 -4.682942339622614696e-04 -4.179639772661653810e-04 -3.558274310303593201e-04 -2.929411245537988742e-04 -2.399542941537757053e-04 -2.026021050209168720e-04 -1.804878625176962439e-04 -1.686749537532859344e-04 -1.606619421000870824e-04 -1.512171223785148324e-04 -1.379920527370022409e-04 -1.215969291955874772e-04 -1.044983120750796874e-04 -8.946017828290054176e-05 -7.826164928625978234e-05 -7.112949270259912732e-05 -6.694458534795707746e-05 -6.395823989803847308e-05 -6.061095102548801983e-05 -5.610136446272949066e-05 -5.051842662318892430e-05 -4.461387230115567288e-05 -3.922601330066430140e-05 -3.527774418041350790e-05 -3.244021849959246413e-05 -2.934987728381834379e-05 -2.810009128762933696e-05 -2.652780821239176552e-05 -2.466824913159723702e-05 -2.241438567199520047e-05 -2.003472541605335597e-05 -1.786756876957939800e-05 -1.617812708761638403e-05 -1.504459482227264972e-05 -1.435084819010729493e-05 -1.386274540130686151e-05 -1.334222728497884758e-05 -1.264984349443901634e-05 -1.176386672223029250e-05 -1.089973613708085789e-05 -9.673220128912665447e-06 -1.157595052068795664e-05
-1.260122817476430289e-06 -8.515624179615558306e-06 -3.631804391889256403e-05 -8.055163373367409422e-05 -1.251926032927250655e-04 -1.515706220062756557e-04 -1.622148138098143666e-04 -2.110048553337921979e-04 -4.270921142574929082e-04 -1.012249942785316834e-03 -2.188493704673373161e-03 -4.082006678268346005e-03 -6.556034949808708760e-03 -9.057310585223811092e-03 -1.062982236316784013e-02 -1.037405195491345779e-02 -8.847870053300033524e-03 -1.114079447624968106e-02 -3.338234781876031620e-02 -1.127927273425999577e-01 -3.398252781452320570e-01 -8.440845561531593599e-01 -2.207312928629258320e+00 -3.807968674867478143e+00 -1.484555718915983746e+01 4.327753569569236625e+00 -2.048572889760443729e+02 7.317149555513922223e+02 -5.468401892540750850e+03 2.404455031438615333e+04 -5.570447499165494264e+03 7.476852582436432613e+02 -2.177709530479110356e+02 2.459070694055600192e+00 -1.721464907206619088e+01 -4.862599593507740181e+00 -2.826658323033303333e+00 -1.141283998376660280e+00 -4.766105412844305889e-01 -1.680685492842997064e-01 -5.494680383354698383e-02 -2.235554220792484309e-02 -1.937091927341465583e-02 -2.243971238553107636e-02 -2.332962251768293943e-02 -2.079143417576862635e-02 -1.619877927295237247e-02 -1.129753268439835472e-02 -7.282959924191692233e-03 -4.613046208556665848e-03 -3.180522797397273074e-03 -2.591320427918005539e-03 -2.409392121150209874e-03 -2.307586782003687859e-03 -2.119029423248089926e-03 -1.816137107655026823e-03 -1.453775945951113263e-03 -1.109347752282773296e-03 -8.405331359713424455e-04 -6.675406655202251877e-04 -5.765151996698419587e-04 -5.347921941053350751e-04 -5.082142485541971859e-04 -4.734663275428456258e-04 -4.224972116556419371e-04 -3.599836650945906474e-04 -2.968973688825042546e-04 -2.437682840323588318e-04 -2.062322006573530516e-04 -1.838472758835759974e-04 -1.716910268250670089e-04 -1.633156065398575960e-04 -1.535506673318176997e-04 -1.400885578242159004e-04 -1.235455165315691144e-04 -1.063624208868309848e-04 -9.126166406510362544e-05 -7.998460235830619073e-05 -7.273891632302393543e-05 -6.840937379910881459e-05 -6.526945360872617088e-05 -6.178239481759276218e-05 -5.718351067853916079e-05 -5.149933808713665165e-05 -4.571934756631506437e-05 -4.026529125554983095e-05 -3.475312153784667198e-05 -3.195493894300251733e-05 -2.998200331198300046e-05 -2.859971102166041466e-05 -2.714028701008865989e-05 -2.529756229351926355e-05 -2.306590231642860971e-05 -2.069839013445708259e-05 -1.853775595706767454e-05 -1.684732433486874919e-05 -1.570519548426276585e-05 -1.499672145683318717e-05 -1.448999947149490574e-05 -1.395482279730979997e-05 -1.323381915140594726e-05 -1.244098526208311605e-05 -1.108613464283453553e-05 -1.305246303548308388e-05
-7.013016859268828864e-07 -7.864758406725124324e-06 -3.485382113661015038e-05 -8.326419269929336529e-05 -1.431736884288600266e-04 -1.949690817529559095e-04 -2.215624814170013060e-04 -2.308387134702123006e-04 -2.842528411233031442e-04 -5.190504570078342036e-04 -1.143933372225409755e-03 -2.384677302005540345e-03 -4.365609573840184901e-03 -6.940175321080688763e-03 -9.536737821778258281e-03 -1.117615833073101923e-02 -1.094265267995459846e-02 -9.408107427878953377e-03 -1.174512575632868927e-02 -3.429644862212649636e-02 -1.147026369313216415e-01 -3.442234479030840677e-01 -8.535845091637748183e-01 -2.227731823437775649e+00 -3.843665453188853665e+00 -1.493530337690629572e+01 4.275098258323569489e+00 -2.055757520454181702e+02 7.335061746941462388e+02 -5.482540854503128685e+03 2.409905700160652486e+04 -5.581870205760806130e+03 7.491542292665895957e+02 -2.181310272675166573e+02 2.477195116134864872e+00 -1.723140091112964711e+01 -4.863871733265318298e+00 -2.827162325316307179e+00 -1.141073600889557449e+00 -4.765032615393376969e-01 -1.681124013403697548e-01 -5.509283014070587986e-02 -2.252758652860261529e-02 -1.951942928581913012e-02 -2.254582230249812039e-02 -2.339631827394678815e-02 -2.083164859904714297e-02 -1.622623904369813533e-02 -1.132184939790615089e-02 -7.308446533884472782e-03 -4.639882594213849687e-03 -3.206807184652681487e-03 -2.614928934671476371e-03 -2.429092786089276021e-03 -2.323328556893866463e-03 -2.131639325761353499e-03 -1.826769744680552037e-03 -1.463418126516991078e-03 -1.118550037201066286e-03 -8.493951098076292115e-04 -6.758732021135991979e-04 -5.840597734716508225e-04 -5.413936454993409754e-04 -5.138929038646793427e-04 -4.783907405694607685e-04 -4.268980765208514952e-04 -3.640612641761298068e-04 -3.007635293156290406e-04 -2.474386549906719955e-04 -2.096597941333559235e-04 -1.869732333008931175e-04 -1.744869127269146739e-04 -1.658011700845062736e-04 -1.557849597201246448e-04 -1.421442393105061715e-04 -1.254813471183292384e-04 -1.082065902515962031e-04 -9.301144875873441767e-05 -8.161923354941118020e-05 -7.423887050556791445e-05 -6.976643433616764060e-05 -6.651238172965841103e-05 -6.288889150519376241e-05 -5.837729763033359395e-05 -5.260638397874396695e-05 -4.528582421597695385e-05 -3.987217951758589623e-05 -3.546216573717099013e-05 -3.253949144565260681e-05 -3.067424852824636802e-05 -2.929768257123411003e-05 -2.784482958226507869e-05 -2.599957656349226152e-05 -2.376478172831189583e-05 -2.139321568826475090e-05 -1.922618727721344992e-05 -1.752505766010054310e-05 -1.636735329032872836e-05 -1.563883094334454611e-05 -1.511518666440778585e-05 -1.454605324046373884e-05 -1.392710395676885645e-05 -1.258211896627299932e-05 -1.480729296965291745e-05
-1.112600251478912145e-07 -5.157885499261272616e-06 -2.407755691107640126e-05 -6.278148192006774301e-05 -1.206160153116348931e-04 -1.874068228195097260e-04 -2.450375485484045947e-04 -2.782449118905108297e-04 -2.967284141075028549e-04 -3.642962677217525462e-04 -6.218624304406583127e-04 -1.283078409557775060e-03 -2.578332222593183922e-03 -4.633054952097080161e-03 -7.294672392646750492e-03 -9.976518097718708317e-03 -1.167829986371383445e-02 -1.146795800900788850e-02 -9.928731034777336928e-03 -1.230982727752671403e-02 -3.515482452343884900e-02 -1.165037104271026414e-01 -3.483881038486716375e-01 -8.626086687557387167e-01 -2.247230825287884315e+00 -3.877755111831646673e+00 -1.502232298769042629e+01 4.227211669062302057e+00 -2.062937709113944607e+02 7.353501536477461968e+02 -5.497022765941890611e+03 2.415558741797183757e+04 -5.593831248899192360e+03 7.507032757375413894e+02 -2.185163837410883616e+02 2.495579098301799803e+00 -1.725054688975153283e+01 -4.865924281845498633e+00 -2.828152790044299980e+00 -1.141076423688216268e+00 -4.764838522543937693e-01 -1.681790638527426163e-01 -5.523525170711598986e-02 -2.268891071789680414e-02 -1.965873187653488507e-02 -2.264665658263390405e-02 -2.346110062642341176e-02 -2.087174524688002047e-02 -1.625392778628637069e-02 -1.134587954041828099e-02 -7.332900388003956056e-03 -4.665154087606840534e-03 -3.231392470760925933e-03 -2.637061368702326922e-03 -2.447727669613247465e-03 -2.338409066899863747e-03 -2.143851013961205459e-03 -1.837083512429725377e-03 -1.472679730763648770e-03 -1.127257859582415662e-03 -8.576843876254817848e-04 -6.836411524137504803e-04 -5.911344956038962423e-04 -5.476665807530559267e-04 -5.193755715594984947e-04 -4.831989369884220767e-04 -4.311945561093980927e-04 -3.679941373670930836e-04 -3.044277001685706551e-04 -2.508694501537307785e-04 -2.128517696666276172e-04 -1.899087651040107987e-04 -1.771595248497658101e-04 -1.682253626741446592e-04 -1.579924641340493645e-04 -1.441726191530020630e-04 -1.273626015395524407e-04 -1.099608876746484650e-04 -9.464881937185924048e-05 -8.314055039687113938e-05 -7.566234986630424411e-05 -7.105011739496179947e-05 -6.785652929324736938e-05 -6.411363620180494309e-05 -5.805800663917103002e-05 -5.230287164827275386e-05 -4.605452537896122532e-05 -4.052302346958596650e-05 -3.622658868518421958e-05 -3.331450136222853433e-05 -3.145321244012043882e-05 -3.006417971407972017e-05 -2.859415191619775194e-05 -2.673149388402572952e-05 -2.448151952321247983e-05 -2.209649499815213725e-05 -1.991567069473094238e-05 -1.819855487632759838e-05 -1.702119570441121868e-05 -1.627608363021187092e-05 -1.571509690467407506e-05 -1.526059879464075980e-05 -1.401703961324258200e-05 -1.671178968488521812e-05
2.717775472446467904e-07 -2.023707764665504889e-06 -1.078871371822854954e-05 -3.354359839035073225e-05 -7.704068447845410772e-05 -1.425972133607364444e-04 -2.209724987492573322e-04 -2.930514894487997509e-04 -3.412574750025603181e-04 -3.734743440182561520e-04 -4.541976238519834070e-04 -7.285766414816369999e-04 -1.417282562888690480e-03 -2.757734889360617669e-03 -4.878288898263903085e-03 -7.621205190011667678e-03 -1.038487730278858830e-02 -1.214759671268574558e-02 -1.196051905970827063e-02 -1.041681558783766337e-02 -1.283832322022915133e-02 -3.596028844750408932e-02 -1.182048303359399949e-01 -3.523455539989622798e-01 -8.712176217818007329e-01 -2.265935160881630495e+00 -3.910456105719929631e+00 -1.510705897107866669e+01 4.183593555332158154e+00 -2.070132647700665700e+02 7.372477892566228093e+02 -5.511861002151566026e+03 2.421414827020931261e+04 -5.606326188895866835e+03 7.523308950928899321e+02 -2.189265407000239634e+02 2.514174009795177245e+00 -1.727203058788037637e+01 -4.868736484308951340e+00 -2.829613000885929708e+00 -1.141283889444100641e+00 -4.765486087214053090e-01 -1.682681200511547681e-01 -5.537539827851117868e-02 -2.284146192745679926e-02 -1.979061892313592128e-02 -2.274343935165593425e-02 -2.352453342377714210e-02 -2.091177510081241447e-02 -1.628165557815800316e-02 -1.136946502471553044e-02 -7.356371267501721732e-03 -4.689153613498749790e-03 -3.254725684525874331e-03 -2.658167028639161263e-03 -2.465609690900539587e-03 -2.352937507568367368e-03 -2.155593243396713293e-03 -1.846918764110380782e-03 -1.481425347045004469e-03 -1.135442743934723031e-03 -8.655010800860591692e-04 -6.910328952120783561e-04 -5.979395675358161084e-04 -5.537486023355587747e-04 -5.246973583326526884e-04 -4.878316666642667446e-04 -4.352801764508318306e-04 -3.716897250572446837e-04 -3.078581693894023993e-04 -2.541037425214841207e-04 -2.159046704003787906e-04 -1.927607131551380430e-04 -1.797824433275369471e-04 -1.706038205883169886e-04 -1.601340060443836981e-04 -1.461062521122915333e-04 -1.291302790993869448e-04 -1.116010291943526960e-04 -9.620637673700826867e-05 -8.458271363685689482e-05 -7.717638425157056560e-05 -7.244144797073074802e-05 -6.770855305650052192e-05 -6.394585302276480857e-05 -5.890987271252490123e-05 -5.301914928414121642e-05 -4.687558715879883674e-05 -4.135837338887484517e-05 -3.707342932672467957e-05 -3.415373067917514742e-05 -3.227324509021544399e-05 -3.085777720073529392e-05 -2.935965110557150188e-05 -2.747116808335282060e-05 -2.519920474711236192e-05 -2.279524097355925706e-05 -2.059672030577642084e-05 -1.886048414912801048e-05 -1.766842342928641262e-05 -1.688460240303652111e-05 -1.645408827578437249e-05 -1.529753193147900345e-05 -1.859317012665081731e-05
3.767425410053409960e-07 3.201760840140079478e-07 -3.574863387574013610e-07 -8.304799770936762004e-06 -3.355291697329756593e-05 -8.544916609229618145e-05 -1.654661385779962099e-04 -2.618934291106927471e-04 -3.516186359123164504e-04 -4.135553591370536128e-04 -4.546080989925757013e-04 -5.420526125862269772e-04 -8.274037846811649810e-04 -1.539516560996872325e-03 -2.922694960919640286e-03 -5.107146426336650787e-03 -7.928807282004506074e-03 -1.077069652437289034e-02 -1.259028862681615957e-02 -1.242309194926544992e-02 -1.087251793813978282e-02 -1.333044275956852404e-02 -3.671576530710229935e-02 -1.198169320810123367e-01 -3.561226975813114315e-01 -8.794668894472229548e-01 -2.283954117422063224e+00 -3.941956125196745653e+00 -1.518989315081358349e+01 4.143815967381173415e+00 -2.077359198283626540e+02 7.391999561238856131e+02 -5.527067778581003950e+03 2.427474772998367553e+04 -5.619351565113456672e+03 7.540358456791408344e+02 -2.193610796706354051e+02 2.532943834360853241e+00 -1.729579932698846179e+01 -4.872288121132900329e+00 -2.831527591687966083e+00 -1.141688703916477587e+00 -4.766949742894445174e-01 -1.683798770729675320e-01 -5.551474725954715778e-02 -2.298679090293844623e-02 -1.991616001746065318e-02 -2.283665679248027269e-02 -2.358670038144314307e-02 -2.095169941456520926e-02 -1.630948934365251957e-02 -1.139287241852334279e-02 -7.379280245777979780e-03 -4.712326981179964722e-03 -3.277141554219365621e-03 -2.678393163255694820e-03 -2.482708979953201622e-03 -2.366788235428885900e-03 -2.166751884261022224e-03 -1.856255828248328009e-03 -1.489755538560146508e-03 -1.143290664618293057e-03 -8.730447169133747059e-04 -6.981894245951977525e-04 -6.045173975016873268e-04 -5.595897408665506017e-04 -5.297605218781235034e-04 -4.922025614296657390e-04 -4.391261150544502031e-04 -3.751912390516661910e-04 -3.111502906640350508e-04 -2.572474452060700338e-04 -2.188925124369792607e-04 -1.955467809800060354e-04 -1.823196585566371072e-04 -1.728723843240006781e-04 -1.621530357585830833e-04 -1.479220007647314968e-04 -1.308166682288014102e-04 -1.131607675922855714e-04 -9.784846817230591126e-05 -8.612443475212357429e-05 -7.721767316767781263e-05 -7.245489333653993625e-05 -6.869876001072973653e-05 -6.477205467055119012e-05 -5.981001161764293533e-05 -5.391467308607304201e-05 -4.777634972061932362e-05 -4.225526718303519188e-05 -3.795851000453434344e-05 -3.501706884449946460e-05 -3.310670135657363909e-05 -3.165703225833569039e-05 -3.012484508315858758e-05 -2.820579747097304153e-05 -2.590800570432504667e-05 -2.348245619429267209e-05 -2.126392847199261109e-05 -1.951483780383655338e-05 -1.828397691417926233e-05 -1.764816784026262096e-05 -1.644061971836027565e-05 -2.031812622732900864e-05
2.658986973551786531e-07 1.357712031592727036e-06 4.714982552715329473e-06 5.975558484504972006e-06 -4.151420668491758299e-06 -3.761687275999413098e-05 -1.032515531768051485e-04 -1.999648856097758197e-04 -3.125064383869848549e-04 -4.147012890033152698e-04 -4.841858200598022775e-04 -5.291994323302030498e-04 -6.211036543781266834e-04 -9.175816604270269723e-04 -1.654215400838696982e-03 -3.080270398103508462e-03 -5.326369788080540131e-03 -8.221878393358391171e-03 -1.113554815347708553e-02 -1.300602744739119340e-02 -1.285501884283844244e-02 -1.129643107977847116e-02 -1.378920147642345023e-02 -3.742788590664154758e-02 -1.213526749260130932e-01 -3.597439778560630463e-01 -8.874036053397866830e-01 -2.301380248459636846e+00 -3.972415778309728474e+00 -1.527115711160844391e+01 4.107508908380478552e+00 -2.084632293441601121e+02 7.412075072070531405e+02 -5.542654341880355787e+03 2.433739527289633406e+04 -5.632904774658694805e+03 7.558171106742788652e+02 -2.198196379062525523e+02 2.551862363990411442e+00 -1.732180514525258630e+01 -4.876560890668239168e+00 -2.833883344900819612e+00 -1.142284919230556417e+00 -4.769209242628171808e-01 -1.685144254425053612e-01 -5.565410313123957814e-02 -2.312568831266157907e-02 -2.003589378639935442e-02 -2.292665173771686257e-02 -2.364789879581571247e-02 -2.099187590901357980e-02 -1.633785384449034858e-02 -1.141651921502083618e-02 -7.401940952180675534e-03 -4.734824688642294555e-03 -3.298636572671067874e-03 -2.697652248734548619e-03 -2.498948213882527542e-03 -2.379968096172426027e-03 -2.177441058417778005e-03 -1.865284017327569106e-03 -1.497868427354171221e-03 -1.150941755505233187e-03 -8.803604949701970524e-04 -7.050675206084888041e-04 -6.107791394826551229e-04 -5.651120761821672297e-04 -5.345421908851464947e-04 -4.963575712395591321e-04 -4.428279161688257752e-04 -3.786037348409576489e-04 -3.143777141155085502e-04 -2.603193080843957895e-04 -2.217817722324111514e-04 -1.982060295162691279e-04 -1.847175683523491388e-04 -1.750098440489946826e-04 -1.640822696116694078e-04 -1.496536310532287680e-04 -1.325835820539571707e-04 -1.148163542664692890e-04 -9.804031791818852292e-05 -8.630441602935944641e-05 -7.836513482740908366e-05 -7.343505895841982906e-05 -6.973004519712020096e-05 -6.576989496535479553e-05 -6.078616141648579270e-05 -5.486959970647343825e-05 -4.871395851953248281e-05 -4.317474896365660724e-05 -3.885504637501162556e-05 -3.588377445625013550e-05 -3.393763629135150063e-05 -3.244948183783871254e-05 -3.088003693138820048e-05 -2.892796253053371724e-05 -2.660285633874091209e-05 -2.415421395051722787e-05 -2.192315628356190083e-05 -2.013516410318887887e-05 -1.906955554487395167e-05 -1.758946265791675928e-05 -2.187180568260679622e-05
6.499071893628790474e-08 1.214664228654829561e-06 4.705391071046141475e-06 8.657953301539572538e-06 7.008208328532388811e-06 -1.018149609273413072e-05 -5.401222633006917863e-05 -1.316110933264404181e-04 -2.400230607935235243e-04 -3.625312747886898787e-04 -4.722373237349785746e-04 -5.470361946147633088e-04 -5.966564259306451250e-04 -6.953968220123178407e-04 -1.005259393757631419e-03 -1.766809656988049728e-03 -3.233315890935147766e-03 -5.535968305213847737e-03 -8.498734684004855336e-03 -1.147787247336203888e-02 -1.339493485098054541e-02 -1.325875129772994231e-02 -1.169300112461337839e-02 -1.422028983591222887e-02 -3.810351979241922982e-02 -1.228221133127726794e-01 -3.632284320883975570e-01 -8.950664954360998404e-01 -2.318292902881472273e+00 -4.001975259893073122e+00 -1.535114278341444560e+01 4.074349315145743056e+00 -2.091965240492791338e+02 7.432712776812581978e+02 -5.558631126056657195e+03 2.440210155051048059e+04 -5.646983972069209813e+03 7.576738666604721857e+02 -2.203019036028607900e+02 2.570910029410571340e+00 -1.735000540099771982e+01 -4.881538517803523547e+00 -2.836668521355149242e+00 -1.143066959688135764e+00 -4.772241224287345207e-01 -1.686712613826678586e-01 -5.579377725522884079e-02 -2.325876864462152888e-02 -2.015051372597305088e-02 -2.301410792082129314e-02 -2.370874593521186610e-02 -2.103279615150819085e-02 -1.636706566287778053e-02 -1.144053531262556253e-02 -7.424337154416331755e-03 -4.756566232320053218e-03 -3.319157235107529462e-03 -2.715981844707308565e-03 -2.514469314297992659e-03 -2.392685674105448843e-03 -2.187869049060851140e-03 -1.874147447695058161e-03 -1.505811039816045555e-03 -1.158355543956609592e-03 -8.873643818906148039e-04 -7.115955394261684261e-04 -6.167081880589030769e-04 -5.703664763402360206e-04 -5.391409295956051551e-04 -5.004032132854656367e-04 -4.464600131454078626e-04 -3.819469548595572322e-04 -3.175085893114547070e-04 -2.632606632332186404e-04 -2.245212196858636716e-04 -2.007191949689381572e-04 -1.870098530633126682e-04 -1.770507181890708978e-04 -1.660817233625204068e-04 -1.514753531492870036e-04 -1.329236549172125442e-04 -1.151297550560173588e-04 -9.931153988439063690e-05 -8.742682418875009811e-05 -7.954610860541045899e-05 -7.457707986211891283e-05 -7.083073883367014525e-05 -6.682270598719564298e-05 -6.179684919480052710e-05 -5.584609037816557728e-05 -4.966239313780328358e-05 -4.409667568446409472e-05 -3.974758014094153635e-05 -3.674177620300738578e-05 -3.475660761610173790e-05 -3.322780553834383198e-05 -3.161969661753607927e-05 -2.963413268615955977e-05 -2.728100684411347365e-05 -2.481793683101270496e-05 -2.254657624170171846e-05 -2.093936115343606930e-05 -1.896983465716124107e-05 -2.339237084343622627e-05
-1.095394250613094149e-07 3.996098547126066639e-07 1.621198605906394241e-06 3.493943087359669922e-06 3.748087541255306921e-06 -3.161460140157043263e-06 -2.638145880900091706e-05 -7.652305844874828173e-05 -1.607057962803406831e-04 -2.762004959720444587e-04 -4.063281766727458943e-04 -5.238224032638250701e-04 -6.060579192510033488e-04 -6.628137473795965226e-04 -7.698754448737934542e-04 -1.092629971418211839e-03 -1.876441159011138851e-03 -3.379069338268576080e-03 -5.733172561499246325e-03 -8.758336522179962710e-03 -1.179922234398595934e-02 -1.376089071383696655e-02 -1.363936422561456974e-02 -1.206714875549010253e-02 -1.462773183440131165e-02 -3.874649099410087949e-02 -1.242317663770754615e-01 -3.665913415139350762e-01 -9.024894428778361677e-01 -2.334762798477292289e+00 -4.030759206376338000e+00 -1.543010884081960299e+01 4.044054773596479357e+00 -2.099369952498518614e+02 7.453920890797957099e+02 -5.575007883519559982e+03 2.446887828606970288e+04 -5.661587986849955087e+03 7.596054567526045957e+02 -2.208076115630492779e+02 2.590072325699824596e+00 -1.738036193654465933e+01 -4.887205822366456509e+00 -2.839871966001256354e+00 -1.144029198022744831e+00 -4.776020575303075999e-01 -1.688498382212585969e-01 -5.593425436898039754e-02 -2.338694906740206372e-02 -2.026098121175115216e-02 -2.309980146666050504e-02 -2.376972866276270274e-02 -2.107465871535222843e-02 -1.639711529785830083e-02 -1.146482462892954232e-02 -7.446403801883164780e-03 -4.777592292273020666e-03 -3.338862126954676973e-03 -2.733613976892316794e-03 -2.529503630481077722e-03 -2.405103218771378198e-03 -2.198094791954118866e-03 -1.882812438822660918e-03 -1.513503115872798146e-03 -1.165463054785820457e-03 -8.940424900588236565e-04 -7.178274859086339506e-04 -6.224065442159261658e-04 -5.754629235812967281e-04 -5.436344473123931598e-04 -5.043621997592277750e-04 -4.499931533222973896e-04 -3.851643927559250734e-04 -3.204933341237224871e-04 -2.660534006182263458e-04 -2.271450705477682239e-04 -2.031216146428107508e-04 -1.893552961283575587e-04 -1.791678899649035714e-04 -1.666709444700143785e-04 -1.519719740883415486e-04 -1.343193787907915248e-04 -1.163660427774834498e-04 -1.006124618160813395e-04 -8.870332316775368718e-05 -8.078948364358155213e-05 -7.576746008500147723e-05 -7.196089963079307407e-05 -6.789391111046354601e-05 -6.281690115022883617e-05 -5.682459730990989719e-05 -5.060662159408288333e-05 -4.500930481873015494e-05 -4.062693028548983686e-05 -3.758391929531085056e-05 -3.555814214307989320e-05 -3.398797663465764511e-05 -3.234154867855366228e-05 -3.032253955086774492e-05 -2.795129434180229866e-05 -2.544449071237886540e-05 -2.336776199435015760e-05 -2.079806099832197348e-05 -2.513629838922762759e-05
-1.915931529254659045e-07 -5.087445638923274750e-07 -2.100300037932850999e-06 -4.224429830441310679e-06 -6.261944193514795111e-06 -9.342241341186840258e-06 -1.856317644506945712e-05 -4.361175759708999471e-05 -9.637507089635233119e-05 -1.852695693965063217e-04 -3.081143352407679373e-04 -4.476231039125803837e-04 -5.749872588331278933e-04 -6.659409487851531556e-04 -7.296874063610187498e-04 -8.434974832360272751e-04 -1.176595430185716591e-03 -1.979723616496119418e-03 -3.515557012581123526e-03 -5.918384503661423823e-03 -9.003417746700909108e-03 -1.210378206552637989e-02 -1.410827873831110510e-02 -1.400036746357033630e-02 -1.242106018085292751e-02 -1.501284608562732277e-02 -3.935882005290618213e-02 -1.255873331211367350e-01 -3.698472337792710340e-01 -9.097038443392619911e-01 -2.350853587421484203e+00 -4.058878051704458478e+00 -1.550828407199283987e+01 4.016378842595128340e+00 -2.106857148931074732e+02 7.475707513890308746e+02 -5.591793796552742606e+03 2.453773818976687471e+04 -5.676716253841095750e+03 7.616113692488128208e+02 -2.213365381359081425e+02 2.609339536747874888e+00 -1.741284001883356680e+01 -4.893548303384918086e+00 -2.843483172329579922e+00 -1.145166444944812456e+00 -4.780526624692038040e-01 -1.690500207796571952e-01 -5.607630198046274772e-02 -2.351121170111592634e-02 -2.036809162050327165e-02 -2.318418839577978882e-02 -2.383099287005327471e-02 -2.111743020804232596e-02 -1.642794215150741172e-02 -1.148940990378082699e-02 -7.468284243905541110e-03 -4.798133764391116808e-03 -3.357995933881427388e-03 -2.750732916995654413e-03 -2.544133563525335408e-03 -2.417206395124296432e-03 -2.208050677000749761e-03 -1.891216207359904021e-03 -1.520932539498111562e-03 -1.172318255133526169e-03 -9.004971591306092918e-04 -7.238752659965362298e-04 -6.279555687030636190e-04 -5.804288496803805455e-04 -5.479982591743336401e-04 -5.081819103708638905e-04 -4.533802233293630045e-04 -3.882390254892452842e-04 -3.233661102058298206e-04 -2.687330012693872681e-04 -2.298105715764201158e-04 -2.055849635800112484e-04 -1.902997987073495553e-04 -1.799689039445074852e-04 -1.682878126416785145e-04 -1.533711706366457019e-04 -1.357429556370544365e-04 -1.177525000706926392e-04 -1.019722878206007324e-04 -9.002332195825316400e-05 -8.205679936837071960e-05 -7.697097146930388938e-05 -7.309636456354037294e-05 -6.896471523683012908e-05 -6.383180558442885539e-05 -5.779372440975513009e-05 -5.153769403201762498e-05 -4.590563962137888735e-05 -4.148769928288545330e-05 -3.840617599173216495e-05 -3.633942167850400982e-05 -3.472877449630902905e-05 -3.304468517450708090e-05 -3.100346434953085321e-05 -2.858319089852349770e-05 -2.628495643644785073e-05 -2.317711411385754911e-05 -2.737901114980707039e-05
-1.754729724778314059e-07 -1.092593091674520454e-06 -4.623268629243504902e-06 -1.011042602490534880e-05 -1.563419072104281653e-05 -1.944634816978800342e-05 -2.266192934796808038e-05 -3.144997800267032752e-05 -5.717909282784187854e-05 -1.132520482123868476e-04 -2.087299243986558475e-04 -3.408625367926726392e-04 -4.907500204804492346e-04 -6.275819156601126136e-04 -7.256543676326018258e-04 -7.942494991153082381e-04 -9.128367656857747526e-04 -1.254879615059155493e-03 -2.076416864709846894e-03 -3.644565519855110132e-03 -6.094685544396593636e-03 -9.237330069624781828e-03 -1.239431655046115827e-02 -1.443888403123754112e-02 -1.434269521239588466e-02 -1.275535457461519744e-02 -1.537676184138482560e-02 -3.994334864900474236e-02 -1.268953806606122336e-01 -3.730102344957531013e-01 -9.167379976147275178e-01 -2.366621303801288878e+00 -4.086428681399931762e+00 -1.558587106682693069e+01 3.991105524276786998e+00 -2.114436539092641567e+02 7.498080642286859074e+02 -5.608997571111772231e+03 2.460869489140531732e+04 -5.692368753079099406e+03 7.636912207791777973e+02 -2.218884965110050871e+02 2.628706182236286715e+00 -1.744740821939933539e+01 -4.900552604246593447e+00 -2.847492825156474172e+00 -1.146474351464707331e+00 -4.785743948427340078e-01 -1.692718414546602601e-01 -5.622054407875479859e-02 -2.363220282705319822e-02 -2.047227225401158576e-02 -2.326746778450662287e-02 -2.389261510787580797e-02 -2.116118453872464431e-02 -1.645968766041601070e-02 -1.151450131194964310e-02 -7.490207547245361468e-03 -4.818374822105560111e-03 -3.376655845825210760e-03 -2.767347246156033353e-03 -2.558314582728231021e-03 -2.428949906943107546e-03 -2.217734336605823794e-03 -1.899415842753584584e-03 -1.528201127414581788e-03 -1.179032100077827966e-03 -9.068105832818499842e-04 -7.297696067507143539e-04 -6.333358511475503964e-04 -5.852170837207454693e-04 -5.521896885840373590e-04 -5.118479959766752182e-04 -4.566561157232737369e-04 -3.912064338230566421e-04 -3.262821561399538895e-04 -2.714693721100135777e-04 -2.310887083879441229e-04 -2.067389336692136779e-04 -1.922388835520335237e-04 -1.816459070634781476e-04 -1.699258216185669883e-04 -1.549153949079359047e-04 -1.372238754044215702e-04 -1.191811599443927145e-04 -1.033537946728210619e-04 -9.135278215866546086e-05 -8.332488614925049936e-05 -7.816967622037634207e-05 -7.422330868243205671e-05 -7.002422643002234799e-05 -6.483294547926502145e-05 -5.874666986052305115e-05 -5.245030831061138986e-05 -4.678165072281098775e-05 -4.232699786658742275e-05 -3.920670521416640456e-05 -3.710013168957585703e-05 -3.545006726726409343e-05 -3.374100158824166486e-05 -3.164458696876463990e-05 -2.944975001196120675e-05 -2.603040648681428058e-05 -3.028823463932538680e-05
-9.779294088507401913e-08 -1.196850625315160066e-06 -5.191094208737979470e-06 -1.200563906501422129e-05 -1.990223989358261931e-05 -2.628740821161546125e-05 -2.973226308307506908e-05 -3.240575292557939938e-05 -4.179815657382219434e-05 -7.033847562388703938e-05 -1.318456599804123980e-04 -2.350102002017871836e-04 -3.760342554101342568e-04 -5.346151820472055472e-04 -6.786658933563536906e-04 -7.819008375650084294e-04 -8.542669881665533680e-04 -9.775024290014191260e-04 -1.328861706032243928e-03 -2.168935797355562526e-03 -3.768585516078815176e-03 -6.263912361112060345e-03 -9.461030215778581248e-03 -1.267118062412895402e-02 -1.475301437949000372e-02 -1.466713509848232774e-02 -1.307160131047353964e-02 -1.572196734313226207e-02 -4.050384996717103225e-02 -1.281622590207676937e-01 -3.760925655135618495e-01 -9.236161413743111392e-01 -2.382114780252404085e+00 -4.113496606818946688e+00 -1.566305086888275433e+01 3.968043807147379365e+00 -2.122116974569538570e+02 7.521048190150054324e+02 -5.626627515087287065e+03 2.468176288707096319e+04 -5.708545958441079165e+03 7.658447418268214051e+02 -2.224633334179457052e+02 2.648169780475225998e+00 -1.748403877198525080e+01 -4.908206887329727763e+00 -2.851892823028501223e+00 -1.147949132884370060e+00 -4.791657957031650317e-01 -1.695150965276484289e-01 -5.636726029452205494e-02 -2.375029641123965404e-02 -2.057385196119237286e-02 -2.334991792480031400e-02 -2.395485379143428781e-02 -2.120617239240759483e-02 -1.649257629309760012e-02 -1.154026457665876214e-02 -7.512259244480439663e-03 -4.838326962339781212e-03 -3.394812703939330961e-03 -2.783432549775019527e-03 -2.572063622173490979e-03 -2.440404227089659761e-03 -2.227254249796878187e-03 -1.907524125512841291e-03 -1.535391026675042049e-03 -1.185635924636878769e-03 -9.129658288432879057e-04 -7.354674971652494639e-04 -6.385094685757467751e-04 -5.898174230634439449e-04 -5.562461979866947879e-04 -5.153975890706050242e-04 -4.599748164639866268e-04 -3.942347477343171517e-04 -3.278361723243657924e-04 -2.729131801700221383e-04 -2.333340722760879728e-04 -2.087414588937509872e-04 -1.941867446169829009e-04 -1.834563636923663976e-04 -1.716151223402533413e-04 -1.564993954956685163e-04 -1.387260987850595997e-04 -1.206189910135821805e-04 -1.047346096765148029e-04 -9.267450396421824451e-05 -8.458060788579642116e-05 -7.935329628978826080e-05 -7.533361207736651152e-05 -7.106599619986649324e-05 -6.581522579587284981e-05 -5.967948264683467139e-05 -5.334152299718641444e-05 -4.763535591921972241e-05 -4.314377821121672356e-05 -3.998597815839441524e-05 -3.784083368358796769e-05 -3.616558795911913249e-05 -3.439565670277859425e-05 -3.254713252416432977e-05 -2.911355593993182324e-05 -3.382810616005985056e-05
-8.974287663723806183e-09 -9.037306999745318416e-07 -4.063117239735888321e-06 -1.006113065352282201e-05 -1.822465199863941492e-05 -2.673161564293031724e-05 -3.343554112887513538e-05 -3.755417466658476417e-05 -4.181540994541836935e-05 -5.402725545407846639e-05 -8.669028054759722319e-05 -1.535108719997011102e-04 -2.629221913637410572e-04 -4.107119804896349228e-04 -5.759996967920173131e-04 -7.260712688381106353e-04 -8.342852733331589891e-04 -9.110065906444350659e-04 -1.039662235695943890e-03 -1.400633209151257164e-03 -2.258563167616806176e-03 -3.887891638074872109e-03 -6.425680689410339166e-03 -9.674144183833872576e-03 -1.293465573939767133e-02 -1.505193298653153405e-02 -1.497582664095386748e-02 -1.337240844493457238e-02 -1.605118362130044177e-02 -4.104337708008887892e-02 -1.293927581674911564e-01 -3.791041468567554751e-01 -9.303592449350852611e-01 -2.397377538806450659e+00 -4.140158627382299450e+00 -1.573998675793184532e+01 3.947023991115074182e+00 -2.129906565894181938e+02 7.544618019200364643e+02 -5.644691604664530132e+03 2.475695749587345927e+04 -5.725248794683866436e+03 7.680717637514464968e+02 -2.230609267124040400e+02 2.667729839001462544e+00 -1.752270743266591779e+01 -4.916500540398343055e+00 -2.856675793539330321e+00 -1.149587138550045795e+00 -4.798252703155715948e-01 -1.697793977452441982e-01 -5.651664760640982832e-02 -2.386592579868800079e-02 -2.067331150451385061e-02 -2.343196851321260529e-02 -2.401803547111093506e-02 -2.125259532787154501e-02 -1.652669095146171857e-02 -1.156669692878719950e-02 -7.534401428215909378e-03 -4.857968646585870617e-03 -3.412495992106605400e-03 -2.799075968529262260e-03 -2.585504582070062476e-03 -2.451693237614573431e-03 -2.236698915098766800e-03 -1.915575371947312667e-03 -1.542486868628991032e-03 -1.192088393483572333e-03 -9.189273929386074799e-04 -7.409617788652963100e-04 -6.435168217839518784e-04 -5.942699282087529405e-04 -5.603222455238745939e-04 -5.189983898089198504e-04 -4.619545330576981228e-04 -3.959949577207655847e-04 -3.303429669967487500e-04 -2.751888211620545275e-04 -2.355804071139783976e-04 -2.108644898630676774e-04 -1.961744986233572802e-04 -1.852980623214701419e-04 -1.733211745854296257e-04 -1.580912946295397203e-04 -1.402280193143108113e-04 -1.220493842848955680e-04 -1.061021214346150710e-04 -9.397872803604544493e-05 -8.581635609264065090e-05 -8.051584890986092878e-05 -7.642255180681499797e-05 -7.208631607028555906e-05 -6.677580368040888148e-05 -6.059011142721553892e-05 -5.421009386114406767e-05 -4.846635540841924729e-05 -4.393918907815255634e-05 -4.074514639107331917e-05 -3.857726397161278408e-05 -3.683706101735663348e-05 -3.534413281757722082e-05 -3.211401312523395684e-05 -3.774788539398703875e-05
5.135430827915486507e-08 -4.278157642845285463e-07 -2.099213199464331470e-06 -5.943881288699051902e-06 -1.251284998226694849e-05 -2.149890450442792309e-05 -3.144503938837086215e-05 -4.031155024012553147e-05 -4.711743354776556231e-05 -5.426171113730258316e-05 -6.935854100986545601e-05 -1.050294811156309097e-04 -1.753867727389829946e-04 -2.893112300690714282e-04 -4.427488017529572343e-04 -6.144684669800547358e-04 -7.709744470636361192e-04 -8.848540702008322574e-04 -9.664124946582543967e-04 -1.100404193053105542e-03 -1.470183947749199773e-03 -2.344498779170822028e-03 -4.001554578503975675e-03 -6.579626529196165065e-03 -9.877306548873780387e-03 -1.318639300537642091e-02 -1.533794226760493151e-02 -1.527116676957974289e-02 -1.365980145293382332e-02 -1.636599577679837686e-02 -4.156371260441932974e-02 -1.305905341759248661e-01 -3.820537686212201467e-01 -9.369864972360324451e-01 -2.412449271846412557e+00 -4.166484206475316476e+00 -1.581682629185327293e+01 3.927895498034232880e+00 -2.137812778289214179e+02 7.568797962216361839e+02 -5.663197541883819213e+03 2.483429482445052781e+04 -5.742478601226877799e+03 7.703722078289412138e+02 -2.236811828345978768e+02 2.687387612630660172e+00 -1.756339285342276568e+01 -4.925423727453701161e+00 -2.861834828852138912e+00 -1.151384870238812752e+00 -4.805513248160626638e-01 -1.700644889171668839e-01 -5.666906470449419725e-02 -2.397965728293750473e-02 -2.077117585268555347e-02 -2.351398220820026530e-02 -2.408233625946195125e-02 -2.130048456574058779e-02 -1.656199244166839391e-02 -1.159376376952355424e-02 -7.556654227102345932e-03 -4.877387511015269551e-03 -3.429839101945119945e-03 -2.814415587054884971e-03 -2.598740266799849132e-03 -2.462862568690873163e-03 -2.246060215860825552e-03 -1.923531980022360815e-03 -1.549454705258039274e-03 -1.198383159524081358e-03 -9.247365592899015052e-04 -7.462944891106755661e-04 -6.485132527735765684e-04 -5.987431711061768583e-04 -5.630602884435164605e-04 -5.213423273563574586e-04 -4.648723268757846494e-04 -3.985789541767909287e-04 -3.328545949405478308e-04 -2.775817301405284930e-04 -2.378595315579170005e-04 -2.130088165541940703e-04 -1.981693634247964886e-04 -1.871406362379210995e-04 -1.750234415849146385e-04 -1.596752223580160247e-04 -1.417175317090458230e-04 -1.234629737491351083e-04 -1.074490923910276702e-04 -9.525986087418468636e-05 -8.702780525520515959e-05 -8.165398742848519495e-05 -7.748755657577172963e-05 -7.308327049030344605e-05 -6.771337775048461331e-05 -6.147793007497352052e-05 -5.505615706383580344e-05 -4.927637269737796482e-05 -4.471484648857348970e-05 -4.150197080025858987e-05 -3.926688073025954217e-05 -3.783815632357787442e-05 -3.480661369894918778e-05 -4.167802600123574064e-05
6.754540334051069224e-08 4.718075160999059908e-09 -2.470391446317418277e-07 -1.724506291740171714e-06 -5.805766494428746235e-06 -1.357513063259114938e-05 -2.487908205324145983e-05 -3.793133976066753727e-05 -5.003019701687019864e-05 -5.954683982692936955e-05 -6.860029089453719136e-05 -8.507611492860829344e-05 -1.223368788243239845e-04 -1.953820649884167957e-04 -3.136957690292090854e-04 -4.731976787606436276e-04 -6.519187023569411902e-04 -8.151923607489409843e-04 -9.346084822861570494e-04 -1.020406300771993860e-03 -1.158822481851410876e-03 -1.536374025500048543e-03 -2.426014559285954997e-03 -4.109690497146592167e-03 -6.726790085721112353e-03 -1.007223099731711750e-02 -1.342834497310851395e-02 -1.561280695589216047e-02 -1.555447607165715701e-02 -1.393467104176296552e-02 -1.666721303842521804e-02 -4.206637341777636624e-02 -1.317592748995501106e-01 -3.849499758398121640e-01 -9.435157237725202428e-01 -2.427365979182635414e+00 -4.192535760175999826e+00 -1.589370274031315766e+01 3.910524696320845095e+00 -2.145842520387282661e+02 7.593595837038211585e+02 -5.682152804619982817e+03 2.491379173859220464e+04 -5.760237100746822762e+03 7.727460765337925750e+02 -2.243240340974314506e+02 2.707146107309597038e+00 -1.760607618089759541e+01 -4.934967376871583156e+00 -2.867363672266702412e+00 -1.153339264375669027e+00 -4.813427892761371618e-01 -1.703703113776203759e-01 -5.682492565388758132e-02 -2.409197789498834438e-02 -2.086780232265437671e-02 -2.359613765403890603e-02 -2.414780202646182178e-02 -2.134983558606842052e-02 -1.659849784030390657e-02 -1.162153854473348645e-02 -7.579140618496265323e-03 -4.896721239603588419e-03 -3.446953845323468338e-03 -2.829511204275548999e-03 -2.611777020562516122e-03 -2.473885874620069831e-03 -2.255310882061125049e-03 -1.931390263588138138e-03 -1.556335928793251781e-03 -1.204562220217635310e-03 -9.305477467690786422e-04 -7.516342649559730081e-04 -6.521650893923475970e-04 -6.019506465480757877e-04 -5.667024088569363538e-04 -5.244908787276507172e-04 -4.677982826524938677e-04 -4.012850730234734215e-04 -3.354031663775242393e-04 -2.799951928290748157e-04 -2.401401657299114987e-04 -2.151456112546276981e-04 -2.001521286242811926e-04 -1.889692972243667138e-04 -1.767106096383479219e-04 -1.612423466834396316e-04 -1.431877568812185578e-04 -1.248544463287237435e-04 -1.087714742637530587e-04 -9.651485961063898181e-05 -8.821269709367414111e-05 -8.276606715118601967e-05 -7.852749000819893592e-05 -7.405620207433888066e-05 -6.862785479265056721e-05 -6.234352757144801741e-05 -5.588191674848172924e-05 -5.006736028836232956e-05 -4.549039511603681241e-05 -4.220916335306753160e-05 -4.032208218708070659e-05 -3.719890435873241040e-05 -4.530743102915908623e-05
4.674676724259739963e-08 2.470947419237899250e-07 8.493939079049967841e-07 1.052365969910185800e-06 -7.215787155275463908e-07 -6.278356228294249010e-06 -1.662815083795218590e-05 -3.109258133065838863e-05 -4.715175797295637577e-05 -6.150017771287473423e-05 -7.231109347443223439e-05 -8.201572739663488896e-05 -9.921926789875763449e-05 -1.381446442662997173e-04 -2.144561957609286479e-04 -3.378197207115236087e-04 -5.037216947028887995e-04 -6.892426208421476149e-04 -8.585968674223485664e-04 -9.826312783044975890e-04 -1.071826085376923312e-03 -1.214095585334790074e-03 -1.599102411941519123e-03 -2.503785859347083635e-03 -4.213519998745868765e-03 -6.868570083184568666e-03 -1.026017071706708007e-02 -1.366146301684773544e-02 -1.587721277646336401e-02 -1.582634426563741745e-02 -1.419773668653826794e-02 -1.695595953913421258e-02 -4.255336046240598691e-02 -1.329028685239470597e-01 -3.878007322027787751e-01 -9.499628881434665217e-01 -2.442159798616830191e+00 -4.218369227026666834e+00 -1.597073701607809504e+01 3.894792317720281893e+00 -2.154002224469463442e+02 7.619019459964645193e+02 -5.701564689392667788e+03 2.499546584128898030e+04 -5.778526371773360552e+03 7.751934463100210451e+02 -2.249894364579656099e+02 2.727009731077771892e+00 -1.765074110816199138e+01 -4.945123428580089353e+00 -2.873256896459651433e+00 -1.155447731653876930e+00 -4.821986989531137913e-01 -1.706967895849018924e-01 -5.698449074639517359e-02 -2.420318175243599962e-02 -2.096340228351958879e-02 -2.367856337112088025e-02 -2.421452486570647988e-02 -2.140074640043665433e-02 -1.663632508552156941e-02 -1.165014498160477432e-02 -7.601963250972418838e-03 -4.916030533952763133e-03 -3.463856258026340278e-03 -2.844350378670316287e-03 -2.624600845740783332e-03 -2.484768992200401747e-03 -2.264497081673307738e-03 -1.939193843818032238e-03 -1.563283350063977319e-03 -1.210792469947979001e-03 -9.350487920494359763e-04 -7.557149124295391455e-04 -6.566810646143408925e-04 -6.059254501015872915e-04 -5.703372612640263345e-04 -5.277557580872680679e-04 -4.707652070018249657e-04 -4.040189341635325193e-04 -3.379585078824604992e-04 -2.824015152648118245e-04 -2.424042132806369584e-04 -2.172612131334324581e-04 -2.021125191358262108e-04 -1.907760679350011348e-04 -1.783764228217447402e-04 -1.627877658988260349e-04 -1.446349155261133471e-04 -1.262209694431962322e-04 -1.100672227963418292e-04 -9.774231679586668005e-05 -8.937012786890012660e-05 -8.385159701532761726e-05 -7.954224751337325987e-05 -7.500548537106522997e-05 -6.952021816549246527e-05 -6.318951476433239112e-05 -5.668956527864928694e-05 -5.086061720917129525e-05 -4.621380910216903875e-05 -4.331537744393193186e-05 -3.959140258439212051e-05 -4.857001308361888221e-05
9.341273272842267684e-09 2.659261600838554079e-07 1.014506357862216294e-06 1.822230338310509190e-06 1.462081705364286389e-06 -1.809370788294747039e-06 -9.573687328654496544e-06 -2.237352404215584467e-05 -3.903792773693311950e-05 -5.673084895917220190e-05 -7.211507885599169278e-05 -8.361475521957634552e-05 -9.410820358682094576e-05 -1.127133732674430130e-04 -1.540919225387815314e-04 -2.341433269213964458e-04 -3.624637350301803730e-04 -5.341219604541662088e-04 -7.254944388506882414e-04 -9.000219409686267824e-04 -1.028090932611095938e-03 -1.120519130552974189e-03 -1.266771197975491772e-03 -1.659360600315192870e-03 -2.578872869470083019e-03 -4.313867177620763459e-03 -7.005449810616373903e-03 -1.044138305509235976e-02 -1.388602601928411347e-02 -1.613170000627017764e-02 -1.608768923722162306e-02 -1.445026653342213613e-02 -1.723380233080105961e-02 -4.302673611127198761e-02 -1.340247153066589647e-01 -3.906128554939599651e-01 -9.563419865105521334e-01 -2.456859560146495092e+00 -4.244035280418482436e+00 -1.604803976129720411e+01 3.880591260899531214e+00 -2.162297911420300238e+02 7.645076664017381063e+02 -5.721440348094783076e+03 2.507933545576074175e+04 -5.797348825291283902e+03 7.777144610425542623e+02 -2.256773679611692671e+02 2.746983751221064196e+00 -1.769737392984656310e+01 -4.955884844394311983e+00 -2.879509750259229062e+00 -1.157707924237100228e+00 -4.831180756018784161e-01 -1.710437135125349450e-01 -5.714788639398599851e-02 -2.431350260577980205e-02 -2.105821647398033181e-02 -2.376147557244669486e-02 -2.428268841039513126e-02 -2.145336166983614901e-02 -1.667557223008155412e-02 -1.167963214173110137e-02 -7.625131239191353626e-03 -4.935304811440235917e-03 -3.480541361310710274e-03 -2.858950977339715094e-03 -2.637268763557586420e-03 -2.495563430798174599e-03 -2.273774285665741603e-03 -1.947109389460661890e-03 -1.569004985935871501e-03 -1.215825863442457962e-03 -9.404147703145207060e-04 -7.605413862082826887e-04 -6.611680516186356450e-04 -6.099931994198695868e-04 -5.739994643402648649e-04 -5.310457015517391823e-04 -4.737443768301332421e-04 -4.067538749547257369e-04 -3.405032897379767502e-04 -2.847878106884900755e-04 -2.446422573590306725e-04 -2.193485523014338228e-04 -2.040451355361709118e-04 -1.925567554077892770e-04 -1.800176149975177633e-04 -1.643089795663228313e-04 -1.460571744408916642e-04 -1.275612972536872348e-04 -1.113355962336207204e-04 -9.894190924877565023e-05 -9.050012611220412573e-05 -8.491093713292276115e-05 -8.053261446631899360e-05 -7.593245972685326963e-05 -7.039344568467533793e-05 -6.401829092565602529e-05 -5.750188406325783204e-05 -5.159977856210429785e-05 -4.736665914105969965e-05 -4.250400641185242477e-05 -5.174905875375223171e-05
-2.347344386557713891e-08 1.231517223568448301e-07 4.799886225423123973e-07 9.504101964448365788e-07 9.369616762925521422e-07 -6.830521034420316317e-07 -5.399124994271645517e-06 -1.454930018860345255e-05 -2.855972562180671926e-05 -4.629019354696882222e-05 -6.502320269174028137e-05 -8.154679796020519050e-05 -9.437377927753280173e-05 -1.064532703331363343e-04 -1.270110416373780148e-04 -1.708881554218492807e-04 -2.541958752675832663e-04 -3.866530816300789842e-04 -5.632124282124703661e-04 -7.598199157840088581e-04 -9.392805321422293893e-04 -1.071481518610457526e-03 -1.167393328853023231e-03 -1.317779250121691847e-03 -1.717775390455289356e-03 -2.651479607584054671e-03 -4.410632228281544109e-03 -7.137307798987568667e-03 -1.061602956485682009e-02 -1.410266589672677998e-02 -1.637736253811238052e-02 -1.633988024675367412e-02 -1.469365649415958069e-02 -1.750204840280223176e-02 -4.348799150124723484e-02 -1.351274518717746065e-01 -3.933922191262064216e-01 -9.626656697885427327e-01 -2.471491690396336871e+00 -4.269580365212120476e+00 -1.612571275823096784e+01 3.867825257073429945e+00 -2.170735242139118100e+02 7.671775317540635797e+02 -5.741786820196964982e+03 2.516541961209830697e+04 -5.816707185011469846e+03 7.803093262194757926e+02 -2.263878273853525513e+02 2.767074033004196298e+00 -1.774596328227115904e+01 -4.967245351477089343e+00 -2.886117910003309195e+00 -1.160117599590497539e+00 -4.840999347882682380e-01 -1.714108635587656415e-01 -5.731527645937586901e-02 -2.442325063398901111e-02 -2.115256162436578852e-02 -2.384512506639403090e-02 -2.435245027225233297e-02 -2.150775027899840333e-02 -1.671624537557966916e-02 -1.170997974413482724e-02 -7.648633481182390975e-03 -4.954563072813768405e-03 -3.497073265684532816e-03 -2.873374762971917136e-03 -2.649944517577553296e-03 -2.506441376217261648e-03 -2.281873920907855416e-03 -1.953907880791402440e-03 -1.575642747445720479e-03 -1.221638529032858037e-03 -9.457687665688021845e-04 -7.654521840545424564e-04 -6.656627530040182131e-04 -6.140665617315137605e-04 -5.776627469826397512e-04 -5.343358350399789354e-04 -4.767195523503835988e-04 -4.094776990351908395e-04 -3.430286438784033902e-04 -2.871476023723169781e-04 -2.468495985408552737e-04 -2.214041999084035751e-04 -2.059474432270126535e-04 -1.943094664198325924e-04 -1.816327898858956626e-04 -1.658050192439087557e-04 -1.474539604764469106e-04 -1.288752251608107067e-04 -1.125767249864423407e-04 -1.001140721486898789e-04 -9.160342967991531578e-05 -8.594522862235539967e-05 -8.150026268744405141e-05 -7.684047330062962152e-05 -7.125018808414722586e-05 -6.485416625286302477e-05 -5.825862352149650271e-05 -5.279836137893968343e-05 -4.647630781882198641e-05 -5.542902421389334907e-05
-3.868896232491785918e-08 -7.351740826521482377e-08 -3.153190769033417161e-07 -6.639389136639421458e-07 -1.114433789730045773e-06 -1.995245153226220659e-06 -4.251408616410891010e-06 -9.392208545989009667e-06 -1.896627747194931145e-05 -3.367801123300460329e-05 -5.257282004566619628e-05 -7.292040011634821591e-05 -9.130683122319205281e-05 -1.059770454971134469e-04 -1.197224129718651905e-04 -1.418560533288190271e-04 -1.875649791411774885e-04 -2.734281703649339506e-04 -4.095121788064210095e-04 -5.907595687945119784e-04 -7.926497980717656620e-04 -9.772130281318466751e-04 -1.113668110949142835e-03 -1.213006282218005022e-03 -1.367228007850418512e-03 -1.774094334604498771e-03 -2.721250790594976349e-03 -4.503660010388666965e-03 -7.264408828197817594e-03 -1.078485094723755262e-02 -1.431248404199341254e-02 -1.661543594932965787e-02 -1.658405026341667685e-02 -1.492880416051317084e-02 -1.776144753500543544e-02 -4.393817331194630610e-02 -1.362134122604153896e-01 -3.961443470570225611e-01 -9.689457779518843017e-01 -2.486080621536220558e+00 -4.295047057615535735e+00 -1.620384969869441605e+01 3.856407903151842564e+00 -2.179319563358265555e+02 7.699123337758736625e+02 -5.762611061382226580e+03 2.525373803705473620e+04 -5.836604470416866207e+03 7.829783041160600305e+02 -2.271208327503229327e+02 2.787287081693971214e+00 -1.779649979871493670e+01 -4.979199281174595981e+00 -2.893077455574723622e+00 -1.162674724620940570e+00 -4.851434436688892293e-01 -1.717981407373824765e-01 -5.748690762571103535e-02 -2.453276156500296123e-02 -2.124671654397116555e-02 -2.392967814274177263e-02 -2.442387182010434185e-02 -2.156391073392228616e-02 -1.675833073267266396e-02 -1.174119734961964756e-02 -7.672527412093415981e-03 -4.973867465715136466e-03 -3.513620659209586942e-03 -2.887801680078214400e-03 -2.661387489852617971e-03 -2.516197621480737931e-03 -2.290909286448210465e-03 -1.961538621528414322e-03 -1.582334747105329986e-03 -1.227580034623633855e-03 -9.511482817365287138e-04 -7.703632870118700370e-04 -6.701415910541033043e-04 -6.181232461044705064e-04 -5.813128897081714557e-04 -5.376153554492572352e-04 -4.796827146838941974e-04 -4.121844499434927384e-04 -3.455302919342286699e-04 -2.894779431240525488e-04 -2.490242959935133160e-04 -2.234269254872555831e-04 -2.078186866234863340e-04 -1.960337652376319671e-04 -1.832217547376004466e-04 -1.672759145329305998e-04 -1.488255320282343738e-04 -1.301632517352007258e-04 -1.137913611797226269e-04 -1.012598417289170365e-04 -9.268148216690240871e-05 -8.695646149787975932e-05 -8.244895407829567720e-05 -7.773253423178934753e-05 -7.211664720695797428e-05 -6.563306074579355420e-05 -5.950957034727810246e-05 -5.181412652162365167e-05 -6.028558947657955820e-05
-3.449415637996549492e-08 -2.247701553557370032e-07 -9.513187688474247023e-07 -2.082603933653020845e-06 -3.253410306761931930e-06 -4.172559927885495531e-06 -5.119786543788046931e-06 -7.250604642209027600e-06 -1.244556316228631905e-05 -2.260238213027842056e-05 -3.858165399130138949e-05 -5.931400917343738842e-05 -8.173379700625012581e-05 -1.020280943953283794e-04 -1.181752021393194153e-04 -1.329826594368614212e-04 -1.560982389913703359e-04 -2.032567447575786535e-04 -2.915787461723846419e-04 -4.314104982140161762e-04 -6.175264012514925047e-04 -8.247763603793408903e-04 -1.014322352405701852e-03 -1.154721125793073486e-03 -1.257066311408948801e-03 -1.414691104308861067e-03 -1.828027138548993322e-03 -2.788231762058339565e-03 -4.593392228770090506e-03 -7.387512314929677547e-03 -1.094876097422921996e-02 -1.451637720917006713e-02 -1.684668430015688959e-02 -1.682080322700724162e-02 -1.515622470797229476e-02 -1.801261906303089702e-02 -4.437840607623800421e-02 -1.372850254932104219e-01 -3.988745665123599182e-01 -9.751932811669026258e-01 -2.500648709233148193e+00 -4.320474202881023906e+00 -1.628253698041167397e+01 3.846261489424350533e+00 -2.188055951202192944e+02 7.727128700975135871e+02 -5.783919968797817091e+03 2.534431114692768097e+04 -5.857043981884772620e+03 7.857217099111828702e+02 -2.278764198911215431e+02 2.807630025424491027e+00 -1.784897599383167588e+01 -4.991741645313335418e+00 -2.900384997464566794e+00 -1.165377587325360675e+00 -4.862479564849866431e-01 -1.722055129908141302e-01 -5.766299683915298430e-02 -2.464228039001067905e-02 -2.134085420756548848e-02 -2.401522281113070353e-02 -2.449698965925113311e-02 -2.162186907728275154e-02 -1.680188216948058991e-02 -1.177333784147786312e-02 -7.696974163720625255e-03 -4.993396765615870821e-03 -3.528967329848193071e-03 -2.901051996337688545e-03 -2.673688065334973562e-03 -2.526760175409831482e-03 -2.300036152054613786e-03 -1.969362954643167143e-03 -1.589118698572938686e-03 -1.233568306162431986e-03 -9.565312447354784586e-04 -7.752544724819127129e-04 -6.745926088701423556e-04 -6.221545877009780319e-04 -5.849435841097429820e-04 -5.408794747317230856e-04 -4.826302834716551175e-04 -4.148715967416817096e-04 -3.480066334447678728e-04 -2.917780096081917622e-04 -2.511661123454709665e-04 -2.254168808525007061e-04 -2.096592444558216398e-04 -1.977301557684358485e-04 -1.847851006284895365e-04 -1.687223541112379199e-04 -1.501727128837866275e-04 -1.314263890607099980e-04 -1.149807781211432571e-04 -1.023809173998608635e-04 -9.373658094123082907e-05 -8.794887706482390369e-05 -8.338217625771653389e-05 -7.863738740261476141e-05 -7.292419288141173807e-05 -6.695173425370738534e-05 -5.839834892096242084e-05 -6.678361315050256671e-05
-1.789965010941396134e-08 -2.760205491576038593e-07 -1.186116248208307244e-06 -2.706451901170440981e-06 -4.420663762295545388e-06 -5.779408550144919696e-06 -6.561497122849928239e-06 -7.318166514832602845e-06 -9.547432587373107005e-06 -1.538736161393876813e-05 -2.679930305088826657e-05 -4.449161584319697262e-05 -6.709326561422481795e-05 -9.121146035749830186e-05 -1.128144660864620899e-04 -1.298681243960361125e-04 -1.454038610686040906e-04 -1.694787437102993240e-04 -2.182988552790263560e-04 -3.093495121466780353e-04 -4.530695034527643496e-04 -6.439527982369863202e-04 -8.562255359324579809e-04 -1.050290853000742037e-03 -1.194194881529295508e-03 -1.299249135235937182e-03 -1.460139573653475905e-03 -1.879878343414785949e-03 -2.852971282794734831e-03 -4.680468027026821881e-03 -7.507210550731495402e-03 -1.110824367823112953e-02 -1.471474801661875817e-02 -1.707151089714834327e-02 -1.705062883065824528e-02 -1.537655521038762754e-02 -1.825642099959006587e-02 -4.480999121700141724e-02 -1.383446506127919973e-01 -4.015877144426579504e-01 -9.814180601649850066e-01 -2.515216291406358717e+00 -4.345897369904484719e+00 -1.636185476782985404e+01 3.837315747276893507e+00 -2.196949249337418735e+02 7.755799454097749503e+02 -5.805720403128788348e+03 2.543716004314474776e+04 -5.878029287781226230e+03 7.885399082875565000e+02 -2.286546413870305230e+02 2.828110392799782158e+00 -1.790338630499291028e+01 -5.004868221772572845e+00 -2.908037686552493284e+00 -1.168224729391992955e+00 -4.874128955937422347e-01 -1.726328972771291048e-01 -5.784366373552922436e-02 -2.475196809828331124e-02 -2.143511312993014520e-02 -2.410186614970345406e-02 -2.457190255427059433e-02 -2.168169259505228763e-02 -1.684705613606804139e-02 -1.180657006204342829e-02 -7.720770015815292715e-03 -5.011988201955283433e-03 -3.545178987622155890e-03 -2.915035073039177419e-03 -2.686023476548076664e-03 -2.537506172430692257e-03 -2.309295318281412348e-03 -1.977301656898442644e-03 -1.595973479774968982e-03 -1.239583974276829400e-03 -9.619068918878588169e-04 -7.801187622530183011e-04 -6.790114461411101473e-04 -6.261576607105108407e-04 -5.885527434565816698e-04 -5.441266748481362768e-04 -4.855612530678043103e-04 -4.175386634612398445e-04 -3.504577178141409541e-04 -2.940483087917214553e-04 -2.532758886791134419e-04 -2.273750991644707268e-04 -2.114702229658848025e-04 -1.993997491214590174e-04 -1.863239331574027607e-04 -1.701454768008735143e-04 -1.514967530070033641e-04 -1.326661127569352247e-04 -1.161468972027849622e-04 -1.034798913114634951e-04 -9.477350610938158569e-05 -8.892652140667382712e-05 -8.433198892573538503e-05 -7.948027237324416228e-05 -7.433193361645229924e-05 -6.566878721817878206e-05 -7.491503767328470888e-05
7.534766370935299930e-10 -2.274333851095215878e-07 -1.004490431815621993e-06 -2.422803802832612996e-06 -4.254090081730323217e-06 -6.049295430476365808e-06 -7.392136564308230201e-06 -8.270795815045822190e-06 -9.418034976724050652e-06 -1.241240943740218414e-05 -1.935431356241005055e-05 -3.208101958397960670e-05 -5.114559712297635528e-05 -7.504210898991881950e-05 -1.002977667466470010e-04 -1.228738762541041214e-04 -1.408124421820021205e-04 -1.573092537361505067e-04 -1.826645146354152543e-04 -2.333653889010524742e-04 -3.271314330458371814e-04 -4.744725422624913999e-04 -6.696881224659212905e-04 -8.865269970883527494e-04 -1.084772644309733511e-03 -1.232032744662151695e-03 -1.339812766851842564e-03 -1.504041325457553717e-03 -1.930157032390976890e-03 -2.915874093707109937e-03 -4.765132379815445636e-03 -7.623641713133602095e-03 -1.126345717504062365e-02 -1.490790698498076564e-02 -1.729044958144418040e-02 -1.727426219430223259e-02 -1.559064660506124037e-02 -1.849377172985226456e-02 -4.523407588509558569e-02 -1.393942683816878081e-01 -4.042880103844274098e-01 -9.876290452477458626e-01 -2.529802103497833965e+00 -4.371349482163799038e+00 -1.644187793462302238e+01 3.829506943386934203e+00 -2.206004099546215400e+02 7.785143727898260977e+02 -5.828019208133675420e+03 2.553230650986189357e+04 -5.899564213555214337e+03 7.914333102943872973e+02 -2.294555657595736307e+02 2.848735904300151223e+00 -1.795972702620198547e+01 -5.018575465596569529e+00 -2.916033074160020444e+00 -1.171214816772323086e+00 -4.886376773191064560e-01 -1.730801629071184178e-01 -5.802900023525706108e-02 -2.486199819200511640e-02 -2.152968408065606548e-02 -2.418974881225580478e-02 -2.464880660066129728e-02 -2.174356189199564901e-02 -1.689266357999163332e-02 -1.183973986143147840e-02 -7.745946513839850958e-03 -5.031525785605997156e-03 -3.561451424750893945e-03 -2.929145307714656893e-03 -2.698441558010713798e-03 -2.548363176674348866e-03 -2.318669226750482738e-03 -1.985337072631774072e-03 -1.602889017662929416e-03 -1.245620646451862544e-03 -9.672718440036904121e-04 -7.849546922804238836e-04 -6.833977393515612868e-04 -6.301326046547127370e-04 -5.921406913202044301e-04 -5.473573761453893018e-04 -4.884761930044586101e-04 -4.201864569771822963e-04 -3.528846364765682048e-04 -2.962901917741646881e-04 -2.553551505470099412e-04 -2.293031723350368489e-04 -2.132531908605003366e-04 -2.010440492188428634e-04 -1.878397099363638756e-04 -1.715467750890551540e-04 -1.527993233710679992e-04 -1.338845490510505226e-04 -1.172925877965099665e-04 -1.045621066738686920e-04 -9.579685044108342956e-05 -8.992540607476087050e-05 -8.521536901554475462e-05 -8.099843893732157471e-05 -7.283422299366460449e-05 -8.412042466135085772e-05
1.305631205619661738e-08 -1.198602765358220686e-07 -5.660043986765004707e-07 -1.523957650680544010e-06 -3.049187593192957235e-06 -5.007868329139872816e-06 -7.078066568445479087e-06 -8.920289399531603955e-06 -1.050710363409711742e-05 -1.248278445454546538e-05 -1.632488975690352568e-05 -2.408099592384221169e-05 -3.760826850486292548e-05 -5.752885686224045857e-05 -8.240062391276668980e-05 -1.087609290565704542e-04 -1.325196846460582672e-04 -1.516509486534429367e-04 -1.693441458553418934e-04 -1.960201240421922454e-04 -2.484175427534995504e-04 -3.445534697952314638e-04 -4.951266667556418304e-04 -6.943591674727838748e-04 -9.155922572185564703e-04 -1.117990752592795721e-03 -1.268663807308633091e-03 -1.379217529781518858e-03 -1.546729878614456306e-03 -1.978998601447265297e-03 -2.976918347182219444e-03 -4.847333932670718978e-03 -7.736878719971328200e-03 -1.141471042927271265e-02 -1.509642201125496914e-02 -1.750425371006335273e-02 -1.749250837198523117e-02 -1.579923495058955032e-02 -1.872533296483611456e-02 -4.565149001553091973e-02 -1.404355365460136784e-01 -4.069793035748366372e-01 -9.938345696667875151e-01 -2.544423660549199440e+00 -4.396861191351231213e+00 -1.652267661257108244e+01 3.822777332777802517e+00 -2.215224967506048586e+02 7.815169748732229209e+02 -5.850823228294325418e+03 2.562977301315871591e+04 -5.921652832534186018e+03 7.944023706223599675e+02 -2.302792766656374965e+02 2.869514454664543024e+00 -1.801799610154717968e+01 -5.032860360292094271e+00 -2.924369018032004330e+00 -1.174346630715509709e+00 -4.899217736168606230e-01 -1.735472237843135312e-01 -5.821915556472320730e-02 -2.497257172484117563e-02 -2.162484585466520337e-02 -2.427911706736902292e-02 -2.472656751687197715e-02 -2.180635100773548746e-02 -1.694070524070115727e-02 -1.187469932817495494e-02 -7.771708139430971544e-03 -5.051414171049056594e-03 -3.577837312527628721e-03 -2.943318667970143063e-03 -2.710931934179895524e-03 -2.559318893901124225e-03 -2.328150902694240288e-03 -1.993464193012473105e-03 -1.609862460693804818e-03 -1.251677319665525255e-03 -9.726265842331388448e-04 -7.897637029766096158e-04 -6.877533613068089477e-04 -6.340813345197508647e-04 -5.957091950881295006e-04 -5.505731904305494239e-04 -4.913766589678459674e-04 -4.228165951865257280e-04 -3.552891405164582844e-04 -2.985055408410951781e-04 -2.574058499572860780e-04 -2.312030384601434108e-04 -2.150100086922970344e-04 -2.026648284961488522e-04 -1.893341804483390106e-04 -1.729281281393248431e-04 -1.540827535791608439e-04 -1.350848222474587289e-04 -1.184237300087377729e-04 -1.056325902341373707e-04 -9.684684811152813745e-05 -9.085219420400823863e-05 -8.685872692076187997e-05 -7.925963804948689688e-05 -9.347938443555447985e-05
1.559036464766582262e-08 -8.449826539661234655e-09 -9.743430332210063466e-08 -4.873627424078054270e-07 -1.468921640677180998e-06 -3.248405327287837517e-06 -5.760975277882186913e-06 -8.627079487966099285e-06 -1.134600686904333136e-05 -1.370903634172437068e-05 -1.625450478058918167e-05 -2.048663767120228294e-05 -2.860204121101155058e-05 -4.265617642627110708e-05 -6.341883971845015090e-05 -8.946738972404139826e-05 -1.172161157045984874e-04 -1.423702253987268443e-04 -1.627310754513758848e-04 -1.814637940437261777e-04 -2.091739488647979296e-04 -2.629579304953967404e-04 -3.612265011017133740e-04 -5.149136755517415894e-04 -7.181492359129520000e-04 -9.438081650605294540e-04 -1.150367300628682117e-03 -1.304388200941825537e-03 -1.417562336253555631e-03 -1.588127992942989057e-03 -2.026258688864626331e-03 -3.036033051725266479e-03 -4.927188076199739107e-03 -7.847268018306482323e-03 -1.156254779338484855e-02 -1.528094488703528667e-02 -1.771357328900930936e-02 -1.770593054972192590e-02 -1.600277739936724689e-02 -1.895155053487940569e-02 -4.606295531055657616e-02 -1.414700663467800823e-01 -4.096653090100987327e-01 -1.000042505724940467e+00 -2.559097322935738550e+00 -4.422460967976082458e+00 -1.660431656762840547e+01 3.817074625008040734e+00 -2.224616167275014220e+02 7.845885847443076955e+02 -5.874139324815942928e+03 2.572958270180440377e+04 -5.944299457967225862e+03 7.974475854110842192e+02 -2.311258720407596741e+02 2.890454170713082860e+00 -1.807819296995076641e+01 -5.047720389005331043e+00 -2.933043723966826999e+00 -1.177619147680660783e+00 -4.912647898706843375e-01 -1.740340508668602182e-01 -5.841437129071281459e-02 -2.508398908922712320e-02 -2.171955777591958944e-02 -2.436892206857880008e-02 -2.480719319937042464e-02 -2.187189907037685385e-02 -1.699039632180602069e-02 -1.191085659975501913e-02 -7.798103840440851267e-03 -5.071591596394886894e-03 -3.594331472838096456e-03 -2.957549760206873869e-03 -2.723494072012509586e-03 -2.570373061840829261e-03 -2.337740241163028393e-03 -2.001683216007737066e-03 -1.616894730074601265e-03 -1.257755825146061445e-03 -9.779737391931275347e-04 -7.945488855764019876e-04 -6.920814869858451937e-04 -6.380068219507369553e-04 -5.992609000680398533e-04 -5.537764671512112333e-04 -4.942648240017197313e-04 -4.254312043467504988e-04 -3.576733903894461141e-04 -3.006965616657902482e-04 -2.594301940972712430e-04 -2.330768464204755407e-04 -2.167427361546679513e-04 -2.042640981599916448e-04 -1.908094496738837499e-04 -1.742920772812400461e-04 -1.553504006890971448e-04 -1.362732817067976608e-04 -1.195456119085317603e-04 -1.067356212874992038e-04 -9.781858474842492412e-05 -9.262506356965815191e-05 -8.487868314636049449e-05 -1.021415392405346814e-04
1.002968819831589602e-08 6.285710361534331850e-08 2.147325559594635693e-07 2.629977931178177306e-07 -1.812818138511577908e-07 -1.538106730624105942e-06 -4.007014123667896080e-06 -7.383150467661320855e-06 -1.107887517899820915e-05 -1.441681452408377784e-05 -1.712631723629849450e-05 -1.982826705262347796e-05 -2.421852283946363262e-05 -3.271120725622634029e-05 -4.751059018786149741e-05 -6.940074221135828414e-05 -9.682943770026344833e-05 -1.259907184170401095e-04 -1.523766023606591745e-04 -1.736889617423576762e-04 -1.931808477497910109e-04 -2.217386333710005277e-04 -2.768549028287540744e-04 -3.773043827698278419e-04 -5.341802000855214866e-04 -7.414381192350793549e-04 -9.714384938384216855e-04 -1.181974313638330283e-03 -1.339107480611250638e-03 -1.454675863057384999e-03 -1.628115336156072020e-03 -2.071964323488309414e-03 -3.093427578972273058e-03 -5.005057585494374593e-03 -7.955257544529222360e-03 -1.170743069098649849e-02 -1.546190408924250081e-02 -1.791879297702654236e-02 -1.791488863967949721e-02 -1.620165327317688031e-02 -1.917291418086813914e-02 -4.646928817366694636e-02 -1.424994952904102830e-01 -4.123495509653727908e-01 -1.006260152392807639e+00 -2.573838251535236488e+00 -4.448175237724595554e+00 -1.668685970400833796e+01 3.812351316567215154e+00 -2.234181884313213118e+02 7.877300467633045855e+02 -5.897974389976417115e+03 2.583175940958415231e+04 -5.967508636118185677e+03 8.005694904298366055e+02 -2.319954633708182143e+02 2.911563365017276528e+00 -1.814031854934970767e+01 -5.063153594811017122e+00 -2.942055805321848627e+00 -1.181031541879576929e+00 -4.926664941957952792e-01 -1.745407409415936639e-01 -5.861359239923588649e-02 -2.519526789847862866e-02 -2.181587141159248983e-02 -2.446103557814262655e-02 -2.488994331411865588e-02 -2.193963441546986290e-02 -1.704178445773190179e-02 -1.194814633498047021e-02 -7.825125880694169117e-03 -5.092054041237649951e-03 -3.610938042358429866e-03 -2.971844513026608570e-03 -2.736133701107216955e-03 -2.581530179710282962e-03 -2.347440648884294070e-03 -2.009997052173271691e-03 -1.623988839771774726e-03 -1.263859603334220897e-03 -9.833171694525969647e-04 -7.993142869419647342e-04 -6.963860504032554728e-04 -6.419126622292213461e-04 -6.027989783608869723e-04 -5.569700047530586800e-04 -4.971432387259935295e-04 -4.280327184679566890e-04 -3.600397879968171436e-04 -3.028656450193686813e-04 -2.614305384583650769e-04 -2.349268891001433013e-04 -2.184536271064454300e-04 -2.058441953300317476e-04 -1.922682806539607880e-04 -1.756421993181522031e-04 -1.566090101709199239e-04 -1.374553285132347133e-04 -1.207060825306787219e-04 -1.077546588710996591e-04 -9.971644386570630752e-05 -9.042736350624658108e-05 -1.098399805073532374e-04
1.056240042165974540e-09 7.639120081473482310e-08 2.897712214282752789e-07 5.156549330232857721e-07 4.155374678880878373e-07 -4.559730068208998348e-07 -2.453223300898034813e-06 -5.627105472947203308e-06 -9.613429519388784920e-06 -1.372626547467515820e-05 -1.729036019862970411e-05 -2.013224056814483153e-05 -2.302266973250698874e-05 -2.780143737008172782e-05 -3.696872551852298125e-05 -5.272852961487559673e-05 -7.577995936940507893e-05 -1.044303632023330921e-04 -1.347266151003645744e-04 -1.620635135116259588e-04 -1.841466727720689255e-04 -2.043631648997824900e-04 -2.338543172856305768e-04 -2.904293278048722567e-04 -3.931336991191544867e-04 -5.531554345227827170e-04 -7.642672663622671015e-04 -9.983610173680231622e-04 -1.212622336120533105e-03 -1.372683082637150788e-03 -1.490556748788679367e-03 -1.666849994646873957e-03 -2.116392019200721668e-03 -3.149422130637803338e-03 -5.081239253381283384e-03 -8.061093644867917823e-03 -1.184957661182012637e-02 -1.563954074689932403e-02 -1.812022806790947876e-02 -1.811979305957606493e-02 -1.639636013567908474e-02 -1.939001927615518692e-02 -4.687131930468983743e-02 -1.435253234965601088e-01 -4.150352127658030743e-01 -1.012494192731683063e+00 -2.588660539373833114e+00 -4.474028699670228981e+00 -1.677036464381721359e+01 3.808564085231719076e+00 -2.243926194975529711e+02 7.909422175095253351e+02 -5.922335360012581077e+03 2.593632765891686358e+04 -5.991285140450193467e+03 8.037686594158232083e+02 -2.328881751702622296e+02 2.932850413195258188e+00 -1.820437524405964780e+01 -5.079158566313755507e+00 -2.951404296471364930e+00 -1.184583244390295276e+00 -4.941254421695078225e-01 -1.750661503103285166e-01 -5.881881863842024216e-02 -2.530830378563891578e-02 -2.191312307033736750e-02 -2.455494704077587284e-02 -2.497489555157930696e-02 -2.200950384660625703e-02 -1.709486176675996394e-02 -1.198656072350758744e-02 -7.852776079427602196e-03 -5.112808632707781069e-03 -3.627667003386436315e-03 -2.986213078125684456e-03 -2.748859565358036192e-03 -2.592797097438934942e-03 -2.357257419513696974e-03 -2.018410134741092411e-03 -1.631149009601436757e-03 -1.269993025753451531e-03 -9.886614424528550066e-04 -8.040644934153140912e-04 -7.006714109087038055e-04 -6.458028023124098762e-04 -6.063269036573248807e-04 -5.601568615879756827e-04 -5.000146711485886500e-04 -4.306237438936354796e-04 -3.623908652263596120e-04 -3.050152830165449389e-04 -2.634093409751779276e-04 -2.367556183511009330e-04 -2.201452358755208167e-04 -2.074081098031817824e-04 -1.937144768419000269e-04 -1.769856097409644522e-04 -1.578640684916619863e-04 -1.386819771633012116e-04 -1.217779881415927167e-04 -1.097716386286894173e-04 -9.733199384444176847e-05 -1.172462902368811682e-04
-6.437200135785520843e-09 4.171371178107033857e-08 1.607516589075645282e-07 3.077583785500132641e-07 2.924826970988987450e-07 -1.975159555875734963e-07 -1.520762785910062056e-06 -3.935872253608947145e-06 -7.437915006731219810e-06 -1.166764545111321159e-05 -1.599325217563579531e-05 -1.981135010901643152e-05 -2.300671564684026992e-05 -2.637860408610068845e-05 -3.176805063312594527e-05 -4.166204104257492598e-05 -5.824748212373127122e-05 -8.220295559199462256e-05 -1.118045552393218616e-04 -1.430539681733183997e-04 -1.713003723328520667e-04 -1.942375111778255363e-04 -2.153173334443219571e-04 -2.458483008895387162e-04 -3.038886293501160091e-04 -4.087334245569774018e-04 -5.716949650550579801e-04 -7.864258510832482490e-04 -1.024416784687389500e-03 -1.242289827748749471e-03 -1.405250226081256179e-03 -1.525449839895498321e-03 -1.704602429485854807e-03 -2.159760466209603626e-03 -3.204149731777521711e-03 -5.155804312039019566e-03 -8.164854126804252030e-03 -1.198914918725037596e-02 -1.581415606902672813e-02 -1.831831612302841500e-02 -1.832116467287189798e-02 -1.658743231078960503e-02 -1.960339752917227008e-02 -4.726972401235248616e-02 -1.445488248521903385e-01 -4.177251727656004499e-01 -1.018750851684208092e+00 -2.603577461442830643e+00 -4.500044626921327229e+00 -1.685488714850830405e+01 3.805673407031610722e+00 -2.253853082488801363e+02 7.942259667399537193e+02 -5.947229226902692972e+03 2.604331266545245307e+04 -6.015633966866163064e+03 8.070457025640509983e+02 -2.338041445448354239e+02 2.954323714427360859e+00 -1.827036691181493921e+01 -5.095734480434712665e+00 -2.961087281560365714e+00 -1.188272586298150912e+00 -4.956432651841848891e-01 -1.756119995474807460e-01 -5.902937685100486526e-02 -2.542263867091791585e-02 -2.201145004834757779e-02 -2.465065299195206769e-02 -2.506207075408637547e-02 -2.208151044615301248e-02 -1.714963021922014455e-02 -1.202610355957245414e-02 -7.881062396109229928e-03 -5.133866671358748926e-03 -3.644531025724480171e-03 -3.000667507311787462e-03 -2.761681871811577996e-03 -2.604181881693402433e-03 -2.367196884344497602e-03 -2.026927764564244363e-03 -1.638380152437770134e-03 -1.276160989856935275e-03 -9.940115101715249740e-04 -8.088043719851355012e-04 -7.049421424186386913e-04 -6.496813660247710825e-04 -6.098483034416513288e-04 -5.633402292434446044e-04 -5.028819983310257565e-04 -4.332069699447206775e-04 -3.647292188184905054e-04 -3.071480399249089540e-04 -2.653691937889010501e-04 -2.385657709344302980e-04 -2.218207775023481624e-04 -2.089599063640460613e-04 -1.951555925769040203e-04 -1.783280367221967396e-04 -1.591698814630390006e-04 -1.398167262270924506e-04 -1.239177047544297544e-04 -1.072126099128706045e-04 -1.259432714755960147e-04
-9.506494937118393087e-09 -1.438984311573265241e-08 -6.483137062539463902e-08 -1.468800631560162882e-07 -2.836818229941208554e-07 -5.838879147807465040e-07 -1.290962740561183839e-06 -2.747948239189400541e-06 -5.261878997521401626e-06 -8.912213173985937263e-06 -1.341305803456157223e-05 -1.815588808495697832e-05 -2.250078155447041796e-05 -2.626032298651394752e-05 -3.016994706340646646e-05 -3.605473277147842805e-05 -4.644612665234314956e-05 -6.361324137861676300e-05 -8.830740907739079713e-05 -1.188212071569947844e-04 -1.510982345821868553e-04 -1.803813482882799099e-04 -2.042755789388028408e-04 -2.262391814273605618e-04 -2.577294713296031121e-04 -3.170776590900938356e-04 -4.238786622639574152e-04 -5.896209601627658194e-04 -8.078693464429554999e-04 -1.049716344150127901e-03 -1.271197571935987237e-03 -1.437055591583046021e-03 -1.559545497281407964e-03 -1.741463417197143320e-03 -2.202073418496713550e-03 -3.257587281185964426e-03 -5.228783051220503401e-03 -8.266689103090831686e-03 -1.212644463640054522e-02 -1.598616913612715268e-02 -1.851353646083220630e-02 -1.851946791837373943e-02 -1.677527175612701302e-02 -1.981342189478731489e-02 -4.766503796401152376e-02 -1.455711607592661272e-01 -4.204221678805117879e-01 -1.025036055462849038e+00 -2.618601606761677303e+00 -4.526244985281817179e+00 -1.694048035732378921e+01 3.803643283632416328e+00 -2.263966451498972674e+02 7.975821781993731747e+02 -5.972663049292577853e+03 2.615274034357667915e+04 -6.040560329789605930e+03 8.104012652978992719e+02 -2.347435207694472865e+02 2.975991603714941647e+00 -1.833829746862715027e+01 -5.112879748420525949e+00 -2.971106112814466016e+00 -1.192100842972137364e+00 -4.972190169466624843e-01 -1.761777094438088387e-01 -5.924538776272993829e-02 -2.553831117070827147e-02 -2.211092867880811233e-02 -2.474820178280075569e-02 -2.515149766385577079e-02 -2.215566841895742073e-02 -1.720609830002799504e-02 -1.206678335806913790e-02 -7.909995812154783923e-03 -5.155241356763388440e-03 -3.661543972866971620e-03 -3.015220679384860748e-03 -2.774611496072952859e-03 -2.615693202870631416e-03 -2.377265927336265870e-03 -2.035555721254284686e-03 -1.645687561462914634e-03 -1.282368667813999939e-03 -9.993725071679494549e-04 -8.135389065581416414e-04 -7.092028982456434786e-04 -6.535525396809096143e-04 -6.133668601068410645e-04 -5.665233468395456740e-04 -5.057481351943882196e-04 -4.357851186224453110e-04 -3.670574946766546253e-04 -3.092666000313375944e-04 -2.673129747611708326e-04 -2.403607833271595483e-04 -2.234846405147669884e-04 -2.105077600016691509e-04 -1.965979280824500179e-04 -1.797280738303750117e-04 -1.603808803546024286e-04 -1.421015760960799663e-04 -1.211521983924528242e-04 -1.379232471505569381e-04
-7.915106594405844654e-09 -6.257850689730923842e-08 -2.651691723824833378e-07 -5.843989195060455024e-07 -9.264237088189466689e-07 -1.221941659390258709e-06 -1.552754647273829129e-06 -2.216467457809986142e-06 -3.666592932203443292e-06 -6.321820539161599747e-06 -1.031885913644181535e-05 -1.534624603738913345e-05 -2.069937210670497600e-05 -2.561831462539978347e-05 -2.983052208146981957e-05 -3.406439242693018254e-05 -4.022341049011743337e-05 -5.096987556914343262e-05 -6.869644103767231949e-05 -9.421049653299543231e-05 -1.257605361979007117e-04 -1.591594422611894476e-04 -1.894923441907276035e-04 -2.142651239017669888e-04 -2.369719569758275393e-04 -2.692700148746306633e-04 -3.298100578229534990e-04 -4.385085362289942016e-04 -6.070207113389847848e-04 -8.287919773439806487e-04 -1.074481010082557145e-03 -1.299514582655400367e-03 -1.468171446374470909e-03 -1.592825509611683552e-03 -1.777373944709004444e-03 -2.243299817431824300e-03 -3.309790616343257202e-03 -5.300346427267674417e-03 -8.366876358744373271e-03 -1.226181150456016888e-02 -1.615595209998876847e-02 -1.870624339924070734e-02 -1.871501661639497771e-02 -1.696016123603348927e-02 -2.002041151364034391e-02 -4.805780081418931093e-02 -1.465935005847122663e-01 -4.231288511484886383e-01 -1.031355427984973705e+00 -2.633744862718665480e+00 -4.552650474833112249e+00 -1.702719502571308396e+01 3.802440906459071179e+00 -2.274270142276280353e+02 8.010117503144692819e+02 -5.998643962586966154e+03 2.626463731288118652e+04 -6.066069658933836763e+03 8.138360271670863995e+02 -2.357064635703063402e+02 2.997863650301650473e+00 -1.840817501356032437e+01 -5.130595994713587515e+00 -2.981459821659829146e+00 -1.196067131274614281e+00 -4.988525888158752419e-01 -1.767632115467164255e-01 -5.946691586885900771e-02 -2.565540796368395368e-02 -2.221163867222117685e-02 -2.484764943612635321e-02 -2.524320986596620756e-02 -2.223199640319349635e-02 -1.726427795075549665e-02 -1.210861109866079657e-02 -7.939588849800182507e-03 -5.176946740825662079e-03 -3.678720148220152638e-03 -3.029885734160513155e-03 -2.787659540824839396e-03 -2.627339979640720344e-03 -2.387471693966386910e-03 -2.044300024052776027e-03 -1.653076715069384415e-03 -1.288621348613977523e-03 -1.004749622906945519e-03 -8.182730933766854025e-04 -7.134583230595932220e-04 -6.574204955975425282e-04 -6.168862436546903661e-04 -5.697094444087563801e-04 -5.086159960045675806e-04 -4.383609406787554821e-04 -3.693784536886677563e-04 -3.113739544644332589e-04 -2.692443436147985334e-04 -2.421454466874540406e-04 -2.251458858368359320e-04 -2.120589494309362629e-04 -1.981062468380847793e-04 -1.810292364029930786e-04 -1.628545888004796012e-04 -1.390419457315725759e-04 -1.547398299629147299e-04
-3.525789717407645403e-09 -8.339347009818015335e-08 -3.565858795605685473e-07 -8.091343614288030548e-07 -1.314155288795838769e-06 -1.714600986443405486e-06 -1.958868845999212537e-06 -2.215783832894058347e-06 -2.896601282147204296e-06 -4.540785495175939127e-06 -7.586083116929408006e-06 -1.211393891469754740e-05 -1.770899056155567325e-05 -2.356015243434770470e-05 -2.884457163701013079e-05 -3.329781907702556809e-05 -3.772595022422644748e-05 -4.415029917336543887e-05 -5.534533454931395786e-05 -7.376471293904236348e-05 -1.001977485771810667e-04 -1.327971874011242234e-04 -1.672364983254118285e-04 -1.984765988199394373e-04 -2.239803988701939881e-04 -2.473290639409922204e-04 -2.804028145230480929e-04 -3.421592371847666475e-04 -4.527967159927039748e-04 -6.240914219099429755e-04 -8.493391148252030102e-04 -1.098763096931134123e-03 -1.327207107162277052e-03 -1.498524670160809435e-03 -1.625239262364444300e-03 -1.812355236866581556e-03 -2.283551360808357567e-03 -3.360948088390441121e-03 -5.370726287779207728e-03 -8.465658341511462376e-03 -1.239548564735709103e-02 -1.632373661678098928e-02 -1.889667850591374501e-02 -1.890807643682955105e-02 -1.714240362203895557e-02 -2.022474426726444258e-02 -4.844859778824304325e-02 -1.476169860691842195e-01 -4.258477121718796665e-01 -1.037714225113802957e+00 -2.649018427284319355e+00 -4.579280661184199630e+00 -1.711507985234342044e+01 3.802036278418055915e+00 -2.284767943704223683e+02 8.045155969298931495e+02 -6.025179188260031879e+03 2.637903090540101402e+04 -6.092167595393855663e+03 8.173507022683887726e+02 -2.366931468985519587e+02 3.019946697491570742e+00 -1.848000628049463145e+01 -5.148883008564841823e+00 -2.992148476884097796e+00 -1.200171176586958044e+00 -5.005438682275098472e-01 -1.773685044017966339e-01 -5.969403272248483688e-02 -2.577402055043656603e-02 -2.231366051257891933e-02 -2.494905338357586433e-02 -2.533724297247330962e-02 -2.231051532746435723e-02 -1.732418311916774853e-02 -1.215159917837478100e-02 -7.969854819161676165e-03 -5.198997178307800289e-03 -3.696073885104571907e-03 -3.044675755279559973e-03 -2.800837080532836507e-03 -2.639131167215877285e-03 -2.397821413505371070e-03 -2.053166783380326252e-03 -1.660553154564478780e-03 -1.294924338465712954e-03 -1.010148020405920869e-03 -8.230118728840193085e-04 -7.177129934495299042e-04 -6.612893388952363269e-04 -6.204100663155039282e-04 -5.729017139963049057e-04 -5.114885020085997757e-04 -4.409373029451367195e-04 -3.716952036178630876e-04 -3.134740007528258625e-04 -2.711685683219525579e-04 -2.439299808487028381e-04 -2.268130934663768348e-04 -2.136867699392090551e-04 -1.995087307585358648e-04 -1.837498228828479945e-04 -1.593691085696196828e-04 -1.766529989799655242e-04
1.050130137287085173e-09 -7.296740579354545789e-08 -3.191569845889404451e-07 -7.582301571487789229e-07 -1.307125521677896440e-06 -1.824858258262613755e-06 -2.200234437004475726e-06 -2.458835591160010566e-06 -2.838130232141089813e-06 -3.778154241760494150e-06 -5.797650174309954217e-06 -9.277106276665063144e-06 -1.423071262971283830e-05 -2.019287636032983044e-05 -2.633637304066725824e-05 -3.185926954302025616e-05 -3.654616386816459441e-05 -4.126475952574607897e-05 -4.809385274859443642e-05 -5.984615914087348254e-05 -7.898261448477793159e-05 -1.062624191906521133e-04 -1.397733298711121609e-04 -1.751052430787143816e-04 -2.071488437152581568e-04 -2.333526277458464453e-04 -2.573775641862397585e-04 -2.912901279982205681e-04 -3.543067509951464199e-04 -4.668703215987126472e-04 -6.408665369841424000e-04 -8.694593422780471032e-04 -1.122474084250621494e-03 -1.354210943246896828e-03 -1.528121999132628318e-03 -1.656877699869429947e-03 -1.846561124028624646e-03 -2.323003849521497553e-03 -3.411219861817310715e-03 -5.440052308401615785e-03 -8.563149012718412195e-03 -1.252760105886750221e-02 -1.648971365395549352e-02 -1.908510705096276919e-02 -1.909897514538944074e-02 -1.732236122842158513e-02 -2.042681656450010680e-02 -4.883796798166303160e-02 -1.486426379953850740e-01 -4.285810320420939123e-01 -1.044117369093975123e+00 -2.664432932878888494e+00 -4.606154172344605335e+00 -1.720418179287196736e+01 3.802401940154784388e+00 -2.295463604633985710e+02 8.080946479658779253e+02 -6.052276041215551231e+03 2.649594917494743640e+04 -6.118859993697392383e+03 8.209460346117730296e+02 -2.377037531975473144e+02 3.042249818307736220e+00 -1.855379992042042048e+01 -5.167741463247164546e+00 -3.003172344979549546e+00 -1.204412869683777476e+00 -5.022927982591670615e-01 -1.779936097517428317e-01 -5.992681418815612449e-02 -2.589423933506040942e-02 -2.241707304111580784e-02 -2.505247064591313577e-02 -2.543363336592263657e-02 -2.239124744698070199e-02 -1.738582902263521857e-02 -1.219576085384329288e-02 -8.000807403778700116e-03 -5.221407020697422900e-03 -3.713619316841761196e-03 -3.059603590464292627e-03 -2.814155013928437005e-03 -2.651075631909065138e-03 -2.408322291206226300e-03 -2.062162109143836526e-03 -1.668122407559041384e-03 -1.301282897259251449e-03 -1.015572782541312525e-03 -8.277600822954150330e-04 -7.219713746702305672e-04 -6.651630704981227214e-04 -6.239418621304476881e-04 -5.761033299003252752e-04 -5.143686938404236656e-04 -4.435174704873481801e-04 -3.740119089485233759e-04 -3.155725289396768551e-04 -2.730972110633595839e-04 -2.457243487759499146e-04 -2.285701978877259424e-04 -2.151977664667622170e-04 -2.025335110858693388e-04 -1.796984047154648898e-04 -2.022142557994110166e-04
3.787677878514728513e-09 -4.127751170040845413e-08 -1.910292401403089496e-07 -4.984141373127262576e-07 -9.646159290838559645e-07 -1.536937769460462307e-06 -2.123502052897382182e-06 -2.650145046517324922e-06 -3.146180768470872133e-06 -3.819583582961745538e-06 -5.065829517644188973e-06 -7.368246998947385648e-06 -1.109747422398079410e-05 -1.628416200490454956e-05 -2.249222173792890541e-05 -2.891903718849845117e-05 -3.477100011352193359e-05 -3.982646428913295890e-05 -4.494522310947939551e-05 -5.221144787452693348e-05 -6.446228720899934773e-05 -8.419238199989145907e-05 -1.121817938864608450e-04 -1.465042127098701089e-04 -1.826949267361273549e-04 -2.155712772794591452e-04 -2.425368275993174019e-04 -2.672901719066199042e-04 -3.020490836678691089e-04 -3.662748171928304234e-04 -4.806651367654778692e-04 -6.572430973838428066e-04 -8.890729364129493261e-04 -1.145605085952666052e-03 -1.380601850099127123e-03 -1.557101353797311948e-03 -1.687896120888119971e-03 -1.880120134255989020e-03 -2.361736638660968859e-03 -3.460645670751867718e-03 -5.508361628338899821e-03 -8.659430844703459168e-03 -1.265832304960611346e-02 -1.665414124772011256e-02 -1.927185637449069233e-02 -1.928806268100390423e-02 -1.750036411222538613e-02 -2.062694672932077061e-02 -4.922634793580034362e-02 -1.496713645898395395e-01 -4.313309545243314558e-01 -1.050569558187584684e+00 -2.679998578561694433e+00 -4.633288813356816860e+00 -1.729454630537182425e+01 3.803512673733212335e+00 -2.306360831200338168e+02 8.117498513829599460e+02 -6.079941941897379365e+03 2.661542090201553583e+04 -6.146152914962945943e+03 8.246228024095819364e+02 -2.387384764189163491e+02 3.064781609164223042e+00 -1.862956564574766460e+01 -5.187172468699432493e+00 -3.014531940273023736e+00 -1.208792218642349203e+00 -5.040993723091068413e-01 -1.786385656549067114e-01 -6.016533789169364876e-02 -2.601615205906549974e-02 -2.252195253783181514e-02 -2.515795714280237225e-02 -2.553241762588468258e-02 -2.247421585277420766e-02 -1.744923174255838885e-02 -1.224110992358446934e-02 -8.032460423694052012e-03 -5.244190444135017962e-03 -3.731370250221737340e-03 -3.074681753306863184e-03 -2.827623982141716074e-03 -2.663182079310494419e-03 -2.418981444401709612e-03 -2.071292054487096444e-03 -1.675789938989103280e-03 -1.307702195407498989e-03 -1.021028872596162424e-03 -8.325224189060887814e-04 -7.262377900380516003e-04 -6.690455750718848080e-04 -6.274851213091895818e-04 -5.793175878460415755e-04 -5.172600613510225332e-04 -4.461059132630085374e-04 -3.763348823345367381e-04 -3.176824629002260834e-04 -2.750413856469926502e-04 -2.476242083439608981e-04 -2.301956801041483329e-04 -2.185668165525304061e-04 -1.978160470556222209e-04 -2.286487824162576751e-04
3.987658748910064096e-09 -5.123859473340243452e-09 -4.049216826041442667e-08 -1.708079806433757966e-07 -4.770844455877697794e-07 -1.013044210281439557e-06 -1.756711961623644662e-06 -2.605107309711137090e-06 -3.433829750697137527e-06 -4.208138802536981125e-06 -5.091161879519420035e-06 -6.475786274568376767e-06 -8.886240582928644336e-06 -1.275668210398774478e-05 -1.817177131683686341e-05 -2.471297114562673514e-05 -3.155069295040865718e-05 -3.783505513205082023e-05 -4.329027594351965560e-05 -4.875629683900990720e-05 -5.634804465520995299e-05 -6.897463320259331206e-05 -8.921089943160991466e-05 -1.178831070577022582e-04 -1.530465056387069010e-04 -1.901530815905457146e-04 -2.239091351203408606e-04 -2.516439144863350354e-04 -2.770840508512166078e-04 -3.126101664825611933e-04 -3.779529923877960468e-04 -4.940903516487051440e-04 -6.731974724682328846e-04 -9.082387076765299121e-04 -1.168277098848426307e-03 -1.406519799122352447e-03 -1.585576849409767132e-03 -1.718356438469253403e-03 -1.913044611004981231e-03 -2.399741614615292194e-03 -3.509239467211551066e-03 -5.575728964277695300e-03 -8.754659941941515811e-03 -1.278788523595082022e-02 -1.681730467986497501e-02 -1.945722530506711900e-02 -1.947561562880526648e-02 -1.767665311140374090e-02 -2.082537898996466436e-02 -4.961413103614194936e-02 -1.507040468640725439e-01 -4.340995710586928458e-01 -1.057075304432503637e+00 -2.695725213473326054e+00 -4.660701721252795693e+00 -1.738621629072076757e+01 3.805346544716309953e+00 -2.317463335565290095e+02 8.154821700629321413e+02 -6.108184418623285637e+03 2.673747560803615852e+04 -6.174052629131794674e+03 8.283818149112649962e+02 -2.397975209877997429e+02 3.087550612155087748e+00 -1.870731425534390269e+01 -5.207177514784628869e+00 -3.026228011838260290e+00 -1.213309337628138751e+00 -5.059636292124632950e-01 -1.793034239952392417e-01 -6.040968216128360380e-02 -2.613984332463883953e-02 -2.262837244251031388e-02 -2.526556744066981233e-02 -2.563363226423594904e-02 -2.255944420960167771e-02 -1.751440799192979444e-02 -1.228766054288983958e-02 -8.064827700661279103e-03 -5.267361356587508571e-03 -3.749340101313349514e-03 -3.089922375063178586e-03 -2.841254327656456309e-03 -2.675459015968209217e-03 -2.429805865573226101e-03 -2.080562580171820518e-03 -1.683561116635707688e-03 -1.314187280126867313e-03 -1.026521102233239960e-03 -8.373034150843495583e-04 -7.305164177671732420e-04 -6.729406704887420194e-04 -6.310434547881707415e-04 -5.825482724197673066e-04 -5.201674180137111922e-04 -4.487094270235373423e-04 -3.786782597463350317e-04 -3.198155978233579153e-04 -2.771081362625576376e-04 -2.493756453256873408e-04 -2.339228700431954624e-04 -2.131625875875558986e-04 -2.530888995491565718e-04
2.242019782348694078e-09 2.017785050100895926e-08 6.839061241611003291e-08 8.295288886295976642e-08 -5.905553014275457727e-08 -4.861466415114148695e-07 -1.254343337298903504e-06 -2.295817852460196035e-06 -3.434604012096559909e-06 -4.481495337594243290e-06 -5.376267642054704592e-06 -6.308058443211930956e-06 -7.735259897433475866e-06 -1.025707805743453800e-05 -1.435821746777409998e-05 -2.012694050731124568e-05 -2.710018586988766559e-05 -3.437635012831258437e-05 -4.103962375919071323e-05 -4.678661276207703656e-05 -5.248471070474024480e-05 -6.032460672039529915e-05 -7.331040931162373972e-05 -9.409032702638973488e-05 -1.235063753591790752e-04 -1.595573724552163850e-04 -1.975842020671944360e-04 -2.321757781189458692e-04 -2.606025312646270404e-04 -2.866469192477692058e-04 -3.228783455797283749e-04 -3.893092700607099152e-04 -5.071918841357677885e-04 -6.888345199347446031e-04 -9.270796538899228178e-04 -1.190588881970164022e-03 -1.432014059289376693e-03 -1.613549417057976625e-03 -1.748235795651857010e-03 -1.945323441959784846e-03 -2.437050722767970540e-03 -3.557092295420333575e-03 -5.642302375463059162e-03 -8.849026152887708857e-03 -1.291649969322304810e-02 -1.697942186747609938e-02 -1.964142767615053090e-02 -1.966184071392300045e-02 -1.785143711281856824e-02 -2.102236380575481928e-02 -5.000174179919881362e-02 -1.517415556063401727e-01 -4.368889625923288444e-01 -1.063639019223029392e+00 -2.711621147931186027e+00 -4.688408214198344304e+00 -1.747923618085397734e+01 3.807880966370583486e+00 -2.328774792025278657e+02 8.192925872479331701e+02 -6.137011117989848572e+03 2.686214356277514889e+04 -6.202565613602757367e+03 8.322239124232538643e+02 -2.408811016660502275e+02 3.110565355177065783e+00 -1.878705759985557933e+01 -5.227758451761920888e+00 -3.038261531583735131e+00 -1.217964440427713013e+00 -5.078856500536561569e-01 -1.799882491563377929e-01 -6.065992561312027326e-02 -2.626539452887991996e-02 -2.273640335062660986e-02 -2.537535470159538870e-02 -2.573731361611962185e-02 -2.264695661802096013e-02 -1.758137498222513140e-02 -1.233542711741720047e-02 -8.097922985105485486e-03 -5.290933353451564292e-03 -3.767541869701779896e-03 -3.105337187450331847e-03 -2.855056078456029347e-03 -2.687914731080732859e-03 -2.440802400346648790e-03 -2.089979529021249605e-03 -1.691441183113226530e-03 -1.320743048049159143e-03 -1.032054112414581464e-03 -8.421074445681822141e-04 -7.348113551531821816e-04 -6.768522936397427603e-04 -6.346209865241470060e-04 -5.858005699865445441e-04 -5.230979944565553345e-04 -4.513431330204697393e-04 -3.810540444369375562e-04 -3.220889194453642424e-04 -2.790105325983525193e-04 -2.534548775965482373e-04 -2.278970911909280355e-04 -2.742985784175322635e-04
-1.476213746119628558e-10 2.680424463545308502e-08 1.013648665400384138e-07 1.795447076580035226e-07 1.454064568604409874e-07 -1.466126566266347761e-07 -8.025821571857395223e-07 -1.823137625985969610e-06 -3.079485814586687112e-06 -4.357836670307162365e-06 -5.470800958411364595e-06 -6.397515906871626596e-06 -7.385808337972219059e-06 -8.946906762174483297e-06 -1.170578592551260771e-05 -1.613680953556183504e-05 -2.228742851505375488e-05 -2.964045624113059997e-05 -3.724864429724793197e-05 -4.417761811387335225e-05 -5.014180338980804173e-05 -5.605963561084216382e-05 -6.419095568258171680e-05 -7.760387242887084082e-05 -9.898064795297635294e-05 -1.291496372495069128e-04 -1.660458502263952019e-04 -2.049149335715128441e-04 -2.402582698966219000e-04 -2.693166241796804026e-04 -2.959435899575517869e-04 -3.328929486893712525e-04 -4.004382011115455251e-04 -5.200794509779952963e-04 -7.042383153867979922e-04 -9.456308380143797158e-04 -1.212529068174404657e-03 -1.457051501587986212e-03 -1.640997764071517803e-03 -1.777551775099880157e-03 -1.977023050854324285e-03 -2.473770901220027994e-03 -3.604332652449545368e-03 -5.708214267573824725e-03 -8.942659228809796135e-03 -1.304430062543829837e-02 -1.714064623805618484e-02 -1.982464839489979022e-02 -1.984695362281072711e-02 -1.802496524671840308e-02 -2.121817129826948645e-02 -5.038966870920903035e-02 -1.527848177382367945e-01 -4.396999892974773338e-01 -1.070263816515529154e+00 -2.727697061089237707e+00 -4.716425569225498826e+00 -1.757364694407240080e+01 3.811097249167070711e+00 -2.340298876139301854e+02 8.231821045935914753e+02 -6.166429810943915072e+03 2.698945579537060985e+04 -6.231698553121620535e+03 8.361499660391906446e+02 -2.419894433827692524e+02 3.133834358153535948e+00 -1.886880855064060469e+01 -5.248917476214980837e+00 -3.050633684698350834e+00 -1.222757835508820001e+00 -5.098655558177096481e-01 -1.806931171824260607e-01 -6.091614702114957203e-02 -2.639288397797100519e-02 -2.284611313688785297e-02 -2.548737073322524666e-02 -2.584349781579255503e-02 -2.273677754843916182e-02 -1.765015035011686939e-02 -1.238442424514331341e-02 -8.131759921373198780e-03 -5.314919703269818663e-03 -3.785988136518190529e-03 -3.120937524281275788e-03 -2.869038946728900540e-03 -2.700557288769914362e-03 -2.451977732579605201e-03 -2.099548605503526351e-03 -1.699435234681166218e-03 -1.327374232986855158e-03 -1.037632388984274399e-03 -8.469387993547831993e-04 -7.391268209506364614e-04 -6.807849105284910713e-04 -6.382232972981303869e-04 -5.890821426771264023e-04 -5.260677690448632357e-04 -4.540190881291310591e-04 -3.835877246675396379e-04 -3.241854986435703913e-04 -2.834388517686623897e-04 -2.469171885614542461e-04 -2.941464960239153679e-04
-1.932828155646922225e-09 1.618459101370969246e-08 6.220567520274717632e-08 1.169002530508777478e-07 1.087119916623508678e-07 -7.058418461728327837e-08 -5.327522236479461313e-07 -1.343512053553317629e-06 -2.477769801880829407e-06 -3.807036568120272557e-06 -5.141418192541566129e-06 -6.327917740211787448e-06 -7.374670678002350124e-06 -8.542184296218630139e-06 -1.033609866995445384e-05 -1.336343990038386446e-05 -1.807749447820313101e-05 -2.450911154377224052e-05 -3.213236818580887086e-05 -3.999903309192906649e-05 -4.718054822952128815e-05 -5.340446271496681875e-05 -5.961129440477613384e-05 -6.809179605143018705e-05 -8.194815946455925556e-05 -1.038873808030489143e-04 -1.347375350477406314e-04 -1.723979180204057292e-04 -2.120481091884263126e-04 -2.481193717585541579e-04 -2.778218921305923637e-04 -3.050630842454047091e-04 -3.427561897358033993e-04 -4.114145107335913528e-04 -5.327772643194751733e-04 -7.193857659955156178e-04 -9.638473836454943770e-04 -1.234065367385354895e-03 -1.481639540017721385e-03 -1.667977603182780157e-03 -1.806396712818330013e-03 -2.008248302555807035e-03 -2.509996266788971572e-03 -3.651033693482277388e-03 -5.773525332667964194e-03 -9.035630970045114771e-03 -1.317139896464826834e-02 -1.730114394494502647e-02 -2.000711437445034865e-02 -2.003119199734282319e-02 -1.819755843858357133e-02 -2.141315380252106770e-02 -5.077726157494852344e-02 -1.538336183665354184e-01 -4.425361159130034583e-01 -1.076955188291303100e+00 -2.743960953862464969e+00 -4.744768434466929641e+00 -1.766948934007718464e+01 3.814977889510215547e+00 -2.352039263956618242e+02 8.271517432165678656e+02 -6.196448399393221734e+03 2.711944410556401272e+04 -6.261458339973546572e+03 8.401608774156886739e+02 -2.431227810923535060e+02 3.157366136275532309e+00 -1.895258097330075842e+01 -5.270657119212897257e+00 -3.063345861552259297e+00 -1.227689921906660153e+00 -5.119035055073252183e-01 -1.814181151907001688e-01 -6.117842532484320944e-02 -2.652238708497378986e-02 -2.295756713972182256e-02 -2.560166609088101314e-02 -2.595222082005199313e-02 -2.282893181796356169e-02 -1.772075212104030906e-02 -1.243466668865188945e-02 -8.166352037105799322e-03 -5.339333352217630856e-03 -3.804691076845017131e-03 -3.136734333810308785e-03 -2.883212335209963100e-03 -2.713394525705408941e-03 -2.463338374177533822e-03 -2.109275362840095508e-03 -1.707548216414590597e-03 -1.334085429321456686e-03 -1.043260349253125182e-03 -8.518019068497136069e-04 -7.434675905510910359e-04 -6.847445237535132586e-04 -6.418585798416467361e-04 -5.924099956864733877e-04 -5.290892909155302205e-04 -4.568714583922535411e-04 -3.859367033478539977e-04 -3.289959603320373655e-04 -2.764581986878398233e-04 -3.179759445090402786e-04
-2.455477209699704965e-09 -3.407468669125232194e-09 -1.626115883657231856e-08 -4.088068083430767796e-08 -9.175443734373205731e-08 -2.107730219696270441e-07 -4.768788972999430902e-07 -9.904126794703735054e-07 -1.830817536539216503e-06 -3.004345604435450765e-06 -4.414523599887117503e-06 -5.887521162147305238e-06 -7.263076543024423458e-06 -8.524075937808274102e-06 -9.902385039550678025e-06 -1.188726199246460675e-05 -1.508987338638486038e-05 -1.998479327893949256e-05 -2.662839175375465291e-05 -3.450938389423948132e-05 -4.267470928451047043e-05 -5.017490260848418839e-05 -5.671498758356535415e-05 -6.322944673911849061e-05 -7.203083888339687011e-05 -8.626733212171112041e-05 -1.086961816848589478e-04 -1.401718221371583701e-04 -1.785739328505216953e-04 -2.190157503186663049e-04 -2.558436326805028330e-04 -2.862157731935427028e-04 -3.140751635716960955e-04 -3.524867330913106374e-04 -4.222082718804170856e-04 -5.452317679447481278e-04 -7.342340847619518562e-04 -9.817251522801792672e-04 -1.255242030210856116e-03 -1.505859846304337391e-03 -1.694583185340211651e-03 -1.834851240083790061e-03 -2.039051017885169965e-03 -2.545752633068915517e-03 -3.697214915219031953e-03 -5.838277799134670119e-03 -9.128030742668432479e-03 -1.329795179394462588e-02 -1.746110631794676321e-02 -2.018912553787273467e-02 -2.021487699007097627e-02 -1.836842112040846728e-02 -2.160656046118947585e-02 -5.116650159940586834e-02 -1.548902149090513047e-01 -4.453983991951000476e-01 -1.083716426006599676e+00 -2.760421257129709538e+00 -4.773451420228892239e+00 -1.776680328405039688e+01 3.819506841105666961e+00 -2.363999639018800849e+02 8.312025443640387721e+02 -6.227074922497904481e+03 2.725214107543891078e+04 -6.291852074513374646e+03 8.442575786167158185e+02 -2.442813596590227405e+02 3.181169203197710793e+00 -1.903838970474886239e+01 -5.292980235954543033e+00 -3.076399650634249472e+00 -1.232761185672890614e+00 -5.139996945642391069e-01 -1.821633409329746212e-01 -6.144683970811649215e-02 -2.665397660487531240e-02 -2.307082837233446343e-02 -2.571829020506175012e-02 -2.606351845777423251e-02 -2.292344459275428084e-02 -1.779319869583574978e-02 -1.248616936681671251e-02 -8.201712747976763751e-03 -5.364186940218831565e-03 -3.823662480568717006e-03 -3.152738197018585455e-03 -2.897585347799595378e-03 -2.726434052789567224e-03 -2.474890661598783126e-03 -2.119165204818825206e-03 -1.715784950632044583e-03 -1.340881185761263507e-03 -1.048942578379546704e-03 -8.567018163401941963e-04 -7.478401455295539523e-04 -6.887400929401137984e-04 -6.455454636974945455e-04 -5.957982717751283660e-04 -5.323086363361577032e-04 -4.595334785885459971e-04 -3.912263595580068470e-04 -3.215000657194595594e-04 -3.532920675393261332e-04
-1.794675251902593563e-09 -2.158401255928793111e-08 -9.136878967860133708e-08 -2.029573414685953040e-07 -3.263842481934476535e-07 -4.407459809527783950e-07 -5.744386621265444106e-07 -8.233224756773135062e-07 -1.327851154173979164e-06 -2.210832663246163951e-06 -3.503436050741529384e-06 -5.103215543037450567e-06 -6.802372117874139537e-06 -8.395254818052467032e-06 -9.829981234736032050e-06 -1.133114236938671849e-05 -1.341188904399579357e-05 -1.672718419934865960e-05 -2.179438142215100292e-05 -2.869084826703722423e-05 -3.689386689766046862e-05 -4.541153511497303310e-05 -5.324732227888355935e-05 -6.007616771261632894e-05 -6.683897574335217735e-05 -7.589499653224000321e-05 -9.046338335281973477e-05 -1.133657192466005608e-04 -1.454808901298692506e-04 -1.846536611553481976e-04 -2.259104830260134575e-04 -2.634968268507507905e-04 -2.945138961340963897e-04 -3.229471106429134203e-04 -3.620272357424434242e-04 -4.327707146299632972e-04 -5.574300944471327667e-04 -7.488165002714757424e-04 -9.993338427070012214e-04 -1.276141986336447797e-03 -1.529783255831812386e-03 -1.720857200476483403e-03 -1.862929547897446310e-03 -2.069431446871050628e-03 -2.581049700268561210e-03 -3.742916215583644898e-03 -5.902563445864659857e-03 -9.219977284556724398e-03 -1.342419257291167789e-02 -1.762081033278991432e-02 -2.036988135791369808e-02 -2.039724279462136816e-02 -1.853936296279217952e-02 -2.180010298558110460e-02 -5.155704596862873551e-02 -1.559548033449766891e-01 -4.482885298747328884e-01 -1.090551134345496775e+00 -2.777086108429137390e+00 -4.802488755004736376e+00 -1.786562802012951678e+01 3.824669435450159138e+00 -2.376183698283152523e+02 8.353355700418879906e+02 -6.258317562739603090e+03 2.738758008168802553e+04 -6.322887066009240698e+03 8.484410320232575486e+02 -2.454654337648561011e+02 3.205252074558532005e+00 -1.912625053323183622e+01 -5.315889996603667456e+00 -3.089796832316497266e+00 -1.237972196761089272e+00 -5.161543535132923077e-01 -1.829289024551361553e-01 -6.172146971465720250e-02 -2.678772288199916113e-02 -2.318595774130574258e-02 -2.583729151903157301e-02 -2.617742649299710511e-02 -2.302034140564939921e-02 -1.786750885217523732e-02 -1.253894735929245857e-02 -8.237855372606872964e-03 -5.389492824544524739e-03 -3.842913778286672407e-03 -3.168959348932602269e-03 -2.912166802038408230e-03 -2.739683259749906615e-03 -2.486640761720169176e-03 -2.129223415982556961e-03 -1.724150237626648425e-03 -1.347766273098092559e-03 -1.054684408896482605e-03 -8.616455985181126426e-04 -7.522545714679013725e-04 -6.927928671517883264e-04 -6.493012083811649940e-04 -5.994117150423612563e-04 -5.353291002443706084e-04 -4.654698246117854152e-04 -3.829319199882857310e-04 -4.068569202858404624e-04
-5.460455753713158215e-10 -3.056050082633978438e-08 -1.301792117601927356e-07 -2.946546737367806164e-07 -4.775280930956557809e-07 -6.234783809611212657e-07 -7.166555020144617130e-07 -8.184513625559201548e-07 -1.069436335565034787e-06 -1.644684191663112915e-06 -2.675090963659539194e-06 -4.169811514491449708e-06 -5.984659616223214039e-06 -7.869397064765294196e-06 -9.594138027521676744e-06 -1.111149094627169452e-05 -1.267719026449139492e-05 -1.484876941549685824e-05 -1.831992284957463976e-05 -2.362464435946659785e-05 -3.082758742540601493e-05 -3.936898587107103177e-05 -4.821120721525809153e-05 -5.632379310361135223e-05 -6.337701845481294081e-05 -7.034341701882561347e-05 -7.964270065094814269e-05 -9.456228032660336791e-05 -1.179716275767858533e-04 -1.507525918764413410e-04 -1.906986036576013594e-04 -2.327448715929211342e-04 -2.710443568599404311e-04 -3.026574642344130768e-04 -3.316279250771706020e-04 -3.713606388277037847e-04 -4.431282248964359366e-04 -5.694325686605169285e-04 -7.632049938553040098e-04 -1.016733238089565557e-03 -1.296798115117420202e-03 -1.553415799270102407e-03 -1.746792126246697607e-03 -1.890630680736303830e-03 -2.099411101368955576e-03 -2.615947912847362347e-03 -3.788209254588563186e-03 -5.966553129368778151e-03 -9.311678000888938544e-03 -1.354927212361444963e-02 -1.777946287829818353e-02 -2.055115550395195806e-02 -2.057995678508602044e-02 -1.870990521235642648e-02 -2.199347722146876780e-02 -5.194922567453195278e-02 -1.570279879673042722e-01 -4.512080943457904558e-01 -1.097462851546897378e+00 -2.793963436222082652e+00 -4.831894296066550076e+00 -1.796600222519428769e+01 3.830452280656973851e+00 -2.388595157627958940e+02 8.395519036331902498e+02 -6.290184651806033798e+03 2.752579530839265135e+04 -6.354570833777176631e+03 8.527122303028993429e+02 -2.466752678392641656e+02 3.229623271990180289e+00 -1.921618018097580105e+01 -5.339389878134774392e+00 -3.103539373327484974e+00 -1.243323606271572013e+00 -5.183677467824617802e-01 -1.837149178237673930e-01 -6.200239537980876264e-02 -2.692369409574076750e-02 -2.330301426195239764e-02 -2.595871762773143895e-02 -2.629398069433799834e-02 -2.311964818318773540e-02 -1.794370175620705471e-02 -1.259301592027549030e-02 -8.274793154616041230e-03 -5.415263107637513507e-03 -3.862456067957435041e-03 -3.185407697247754234e-03 -2.926965237496387696e-03 -2.753149321007294405e-03 -2.498594701408192627e-03 -2.139455272836410325e-03 -1.732649172720579544e-03 -1.354746401698871854e-03 -1.060493671190408183e-03 -8.666448715469933940e-04 -7.567358986357931904e-04 -6.969246331956281161e-04 -6.533184141327200416e-04 -6.028081154940315807e-04 -5.421249881724860605e-04 -4.558904322924879128e-04 -4.811634814851346409e-04
5.819145157436221994e-10 -2.790730407569592053e-08 -1.213492363202443566e-07 -2.855282737336480831e-07 -4.864030642889546079e-07 -6.709349263005343457e-07 -8.019281222150601286e-07 -8.957693284800094198e-07 -1.043304348675628976e-06 -1.397551838538982907e-06 -2.123933846088495742e-06 -3.327016298274743303e-06 -4.985328102304770102e-06 -6.932952829491577514e-06 -8.915130320302560454e-06 -1.071531673289799622e-05 -1.231105943086007743e-05 -1.398476506332273430e-05 -1.631297724018142509e-05 -1.999487278782569391e-05 -2.555538763776594657e-05 -3.303904775345767547e-05 -4.186157330292029867e-05 -5.096475224125621243e-05 -5.930969396432725750e-05 -6.657652525135119648e-05 -7.376750066273437482e-05 -8.334676594126344215e-05 -9.864819001436872254e-05 -1.225717183361301377e-04 -1.559964593008246567e-04 -1.966720258170097477e-04 -2.394586544941460372e-04 -2.784338539313788098e-04 -3.106274075202632547e-04 -3.401406424816083942e-04 -3.805421057831422722e-04 -4.533457034841390692e-04 -5.812903065002775638e-04 -7.774229380071836972e-04 -1.033919997272390433e-03 -1.317194471605265954e-03 -1.576749131582440159e-03 -1.772401914109309135e-03 -1.918004379010225177e-03 -2.129043861531522072e-03 -2.650587505902559683e-03 -3.833255756648491080e-03 -6.029352127581663091e-03 -9.402287783049667266e-03 -1.367488660680169291e-02 -1.793867562077794756e-02 -2.073246353235686304e-02 -2.076269778850804368e-02 -1.888024012268865737e-02 -2.218679952241185346e-02 -5.234331141248470959e-02 -1.581103956656434439e-01 -4.541586359042855681e-01 -1.104455023454893769e+00 -2.811060982882776837e+00 -4.861681568780974239e+00 -1.806796410382406748e+01 3.836843166874010169e+00 -2.401237757001570117e+02 8.438526505123350034e+02 -6.322684676319821847e+03 2.766682176031317431e+04 -6.386911108588295065e+03 8.570721964346440700e+02 -2.479111360080873396e+02 3.254291327489832408e+00 -1.930819628918240127e+01 -5.363483657086286271e+00 -3.117629421846470628e+00 -1.248816144005146844e+00 -5.206401716654238676e-01 -1.845215149013505196e-01 -6.228969736743444202e-02 -2.706195649699775357e-02 -2.342205526487284653e-02 -2.608261541368048567e-02 -2.641321690735158947e-02 -2.322139127943227688e-02 -1.802179698216894652e-02 -1.264839049875720808e-02 -8.312539287358202203e-03 -5.441509661912606946e-03 -3.882300132221310710e-03 -3.202092828081338442e-03 -2.941988917494000894e-03 -2.766839224734735699e-03 -2.510758496515538840e-03 -2.149866428557052969e-03 -1.741288031800390136e-03 -1.361830372298209260e-03 -1.066383850189161001e-03 -8.717293930864580386e-04 -7.613110904288215245e-04 -7.013648427870792764e-04 -6.570854022181326758e-04 -6.106699267342698264e-04 -5.306805956889374754e-04 -5.719360646300467510e-04
1.113720503132326919e-09 -1.656586713563141690e-08 -7.585239449154729764e-08 -1.938115507179182038e-07 -3.665961396278340394e-07 -5.716248504330884722e-07 -7.769910850006659695e-07 -9.633712128457644418e-07 -1.151373014492872849e-06 -1.420466884301172239e-06 -1.903185427284237383e-06 -2.746022041583846113e-06 -4.045092719745048469e-06 -5.783771479934857545e-06 -7.810309765888576687e-06 -9.885552903976576258e-06 -1.180279414180515365e-05 -1.354078777533642141e-05 -1.537685039823879972e-05 -1.788150675346293999e-05 -2.175162278119232792e-05 -2.751444679481841559e-05 -3.521818461028228904e-05 -4.427867199575208590e-05 -5.363165501919523067e-05 -6.222879766048577336e-05 -6.974539564618334052e-05 -7.719277789780349330e-05 -8.706250379136176460e-05 -1.027286022227999717e-04 -1.271276577418803204e-04 -1.611508043177597614e-04 -2.025199684182344014e-04 -2.460307590920662239e-04 -2.856858199550184742e-04 -3.184757636350357148e-04 -3.485463312808392746e-04 -3.896179956816049617e-04 -4.634405974341163602e-04 -5.929927871197843668e-04 -7.914462121079537168e-04 -1.050877223314286525e-03 -1.337336830954936970e-03 -1.599825382489587344e-03 -1.797732900407280222e-03 -1.945179764515789006e-03 -2.158473458336218533e-03 -2.684058257764843341e-03 -3.877180952918632493e-03 -6.092582059785366794e-03 -9.493338897879287017e-03 -1.380050552451325512e-02 -1.809809930687443502e-02 -2.091398503516110272e-02 -2.094556136174661326e-02 -1.905050550340449747e-02 -2.238022413348344022e-02 -5.273956941327355430e-02 -1.592026404002687412e-01 -4.571416574490636542e-01 -1.111531009201115694e+00 -2.828386325614445695e+00 -4.891863805890459105e+00 -1.817155147661196679e+01 3.843830980082027615e+00 -2.414115265251669200e+02 8.482389386562990694e+02 -6.355826283438105747e+03 2.781069527667783041e+04 -6.419915834329335667e+03 8.615219837846422024e+02 -2.491733220608394959e+02 3.279264788184192980e+00 -1.940231740521284465e+01 -5.388175403126253649e+00 -3.132069303152995587e+00 -1.254450616286804099e+00 -5.229719574061183485e-01 -1.853488311575881564e-01 -6.258345710532627060e-02 -2.720257463190077149e-02 -2.354313659181911378e-02 -2.620903117882854988e-02 -2.653517112900149674e-02 -2.332559751514448956e-02 -1.810181453658469761e-02 -1.270508675862858268e-02 -8.351106930637930068e-03 -5.468244138003375797e-03 -3.902456435194722600e-03 -3.219024001217512219e-03 -2.957245861145444722e-03 -2.780759929045690474e-03 -2.523138615841382520e-03 -2.160463965790971122e-03 -1.750076788039120652e-03 -1.369033678838065156e-03 -1.072389775953862343e-03 -8.769307304307166111e-04 -7.662519540046447246e-04 -7.055059308790016370e-04 -6.661568918932040360e-04 -5.968779906918387839e-04 -6.684586943026942516e-04
9.709931677311623127e-10 -2.646555713550459911e-09 -1.828673522324288040e-08 -6.979387823495713613e-08 -1.848204615995059530e-07 -3.807575978469647027e-07 -6.495060652386251328e-07 -9.573844727527682752e-07 -1.266452045506456320e-06 -1.570923851945788182e-06 -1.929479070833880224e-06 -2.469976626438852199e-06 -3.352577143198127869e-06 -4.698376594997408607e-06 -6.514511457822516853e-06 -8.660182034644168928e-06 -1.088952491003663887e-05 -1.297571959649769672e-05 -1.487512182713737157e-05 -1.685267457064598914e-05 -1.948374621387670720e-05 -2.348548329314377890e-05 -2.941071365114889227e-05 -3.732492973521229086e-05 -4.664293864250437810e-05 -5.628046000166372334e-05 -6.516028583316668503e-05 -7.293708546100454825e-05 -8.062567520278881639e-05 -9.075107567100648785e-05 -1.067413199514715398e-04 -1.315844008543624183e-04 -1.661925968667754701e-04 -2.082602040357644547e-04 -2.525101137904622482e-04 -2.928582556451238381e-04 -3.262460309201695619e-04 -3.568595366464651737e-04 -3.985742474026351717e-04 -4.733839400309037757e-04 -6.045165886930226442e-04 -8.052726181726114043e-04 -1.067638320815644543e-03 -1.357263396632938995e-03 -1.622765496063742572e-03 -1.822920524393991781e-03 -1.971249480993023193e-03 -2.186821620234449554e-03 -2.717936032155282566e-03 -3.921458969372708034e-03 -6.155668451218160482e-03 -9.584430698447962346e-03 -1.392625700679640116e-02 -1.825779826789588126e-02 -2.109584713585520993e-02 -2.112868189988953774e-02 -1.922083933872052383e-02 -2.257390646247242269e-02 -5.313825988575140991e-02 -1.603053197841224076e-01 -4.601586238803564433e-01 -1.118694089753078602e+00 -2.845946896715786600e+00 -4.922453984295978913e+00 -1.827680186197696699e+01 3.851405623860048699e+00 -2.427231484669437975e+02 8.527119192553127505e+02 -6.389618286347662433e+03 2.795745254546577053e+04 -6.453593169905190734e+03 8.660626762290720535e+02 -2.504621194347544417e+02 3.304552221363199926e+00 -1.949856297174765274e+01 -5.413469473365232432e+00 -3.146861515780064789e+00 -1.260227904028726309e+00 -5.253634643872245880e-01 -1.861970135097485990e-01 -6.288375691654590760e-02 -2.734561155281300254e-02 -2.366631278187672147e-02 -2.633801077297728138e-02 -2.665987958313702916e-02 -2.343229421786071492e-02 -1.818377487825740407e-02 -1.276312058571666894e-02 -8.390509205577021540e-03 -5.495477949497826198e-03 -3.922935112471992447e-03 -3.236210191613650942e-03 -2.972744035068327403e-03 -2.794918904447445725e-03 -2.535743165493158698e-03 -2.171259165396732804e-03 -1.759032843243546170e-03 -1.376395793143326933e-03 -1.078545885880111436e-03 -8.825626844718675694e-04 -7.708351123768457727e-04 -7.158425278402117059e-04 -6.498333660403774218e-04 -7.577599562590982664e-04
4.048252125278952300e-10 7.713113633921688402e-09 2.589442817665879049e-08 3.116740437896707372e-08 -2.296516781982991287e-08 -1.841892490027387610e-07 -4.724514146809316055e-07 -8.620980940046760900e-07 -1.289638200735523794e-06 -1.689490055373128929e-06 -2.043838745311019556e-06 -2.420790898489111117e-06 -2.974678025940572795e-06 -3.896815789169370273e-06 -5.329782503493156920e-06 -7.282869135124893027e-06 -9.597497639017282461e-06 -1.199868859211043119e-05 -1.423297798045412241e-05 -1.624531120124990055e-05 -1.831040671731724409e-05 -2.103096824543727801e-05 -2.515722617418507983e-05 -3.126588594573455300e-05 -3.942560111645002199e-05 -4.903102998769838538e-05 -5.896271505010348773e-05 -6.810975400741568926e-05 -7.611285447037017073e-05 -8.400439853974243096e-05 -9.435736873758456553e-05 -1.106622085559376889e-04 -1.359574599624672022e-04 -1.711676978951545995e-04 -2.139474832162559931e-04 -2.589373715040699025e-04 -2.999635181439020120e-04 -3.339223797877778925e-04 -3.650492729036513315e-04 -4.073843173795135136e-04 -4.831686693627473784e-04 -6.158882720453902121e-04 -8.189323868312386708e-04 -1.084314983566102546e-03 -1.377100749182566921e-03 -1.644667659813285219e-03 -1.847092169522049224e-03 -1.997761412135596291e-03 -2.215529385992588522e-03 -2.751629320929106001e-03 -3.965657577034826207e-03 -6.218689739350678237e-03 -9.675573642561292181e-03 -1.405221997117780085e-02 -1.841787713290403070e-02 -2.127817831127483059e-02 -2.131219624132263055e-02 -1.939137778262679454e-02 -2.276799819922115803e-02 -5.353963552803708836e-02 -1.614190152783016308e-01 -4.632109654061108972e-01 -1.125947476581799167e+00 -2.863750002665398586e+00 -4.953464859127304720e+00 -1.838375255193917823e+01 3.859557948421189266e+00 -2.440590255282152157e+02 8.572727673238846364e+02 -6.424069669675363912e+03 2.810713111818482503e+04 -6.487951491367895869e+03 8.706953883208334446e+02 -2.517778312145395603e+02 3.330162219763360021e+00 -1.959695331780013916e+01 -5.439370507355321571e+00 -3.162008728123890666e+00 -1.266148961011159813e+00 -5.278150834123186419e-01 -1.870662181880323460e-01 -6.319068014735697292e-02 -2.749112901871188230e-02 -2.379163724940964314e-02 -2.646959971760469779e-02 -2.678737879164262009e-02 -2.354150925318582860e-02 -1.826769892174301066e-02 -1.282250807206230386e-02 -8.430759170073409692e-03 -5.523222262963143822e-03 -3.943746029375872972e-03 -3.253660320295131796e-03 -2.988491960960912210e-03 -2.809325394542748836e-03 -2.548584770508697216e-03 -2.182271071667741570e-03 -1.768199334761603450e-03 -1.383951901946342284e-03 -1.085202073167688876e-03 -8.877807262345046224e-04 -7.824408324825711828e-04 -6.972052626532414992e-04 -8.321197812692194369e-04
-2.022921494694992629e-10 1.092997299058805503e-08 4.124870756648869033e-08 7.290264643160856389e-08 5.935988791005693384e-08 -5.610137470698483805e-08 -3.124293073823503811e-07 -7.061170629185866469e-07 -1.184960252909560607e-06 -1.668636817399124717e-06 -2.092204280907893451e-06 -2.455322893709867348e-06 -2.852182217817400091e-06 -3.460131346598945587e-06 -4.480660811698443435e-06 -6.049882312826880005e-06 -8.157400637673408673e-06 -1.062052617441911410e-05 -1.314603229355162782e-05 -1.547570088062239613e-05 -1.756533283113866561e-05 -1.971211579986143668e-05 -2.254436815394467348e-05 -2.683126844575781482e-05 -3.315421674052757901e-05 -4.156977573255971867e-05 -5.144757871955861375e-05 -6.163974912316512228e-05 -7.101604467170394351e-05 -7.921809265060384970e-05 -8.730455812632924089e-05 -9.789557671476670545e-05 -1.145348468107676101e-04 -1.402987634988417495e-04 -1.761139471409464143e-04 -2.195918018762925178e-04 -2.652949500576370109e-04 -3.069692759870458064e-04 -3.414768112543727693e-04 -3.731062695163946639e-04 -4.160711149950410584e-04 -4.928199500603997352e-04 -6.272120291921071036e-04 -8.325433586357810535e-04 -1.100009808650092517e-03 -1.395981333790715685e-03 -1.667054621567309403e-03 -1.871664688869063668e-03 -2.024123612461751522e-03 -2.244156579103078180e-03 -2.785192604401386714e-03 -4.009752158332128766e-03 -6.281678006344890500e-03 -9.766820489776317435e-03 -1.417847702724258502e-02 -1.857844471292297364e-02 -2.146110631206537417e-02 -2.149623873258126039e-02 -1.956225326161407582e-02 -2.296264613216408498e-02 -5.394394126330509520e-02 -1.625442932000171481e-01 -4.663000810622729975e-01 -1.133294319945758799e+00 -2.881802841895007461e+00 -4.984908995226899009e+00 -1.849244068240547278e+01 3.868279686237203752e+00 -2.454195458923735202e+02 8.619226823138571945e+02 -6.459189594836710967e+03 2.825976942514002803e+04 -6.522999394263843897e+03 8.754212654973432564e+02 -2.531207701467457412e+02 3.356103407033389274e+00 -1.969750965145314936e+01 -5.465883422720839491e+00 -3.177513775475618640e+00 -1.272214812360901615e+00 -5.303272350735948049e-01 -1.879566106250930846e-01 -6.350431129338579561e-02 -2.763918768629900630e-02 -2.391916245233870544e-02 -2.660384331991257761e-02 -2.691770563310856221e-02 -2.365327103926142052e-02 -1.835360802264350902e-02 -1.288326549153934186e-02 -8.471869816679206827e-03 -5.551488077606178684e-03 -3.964899047934127181e-03 -3.271383908926864866e-03 -3.004500013599480709e-03 -2.823993344901973204e-03 -2.561683925088189141e-03 -2.193545671018934731e-03 -1.777611086702951797e-03 -1.392080714025504705e-03 -1.091404112285903911e-03 -9.007182328762818480e-04 -7.620113668674799098e-04 -8.973944662934791238e-04
-5.487484204698017631e-10 7.043433177894450676e-09 2.710737466408513911e-08 5.037197194237838050e-08 4.622292775136284856e-08 -2.932336175397065481e-08 -2.182928072544257970e-07 -5.410550113808699100e-07 -9.815253586376768142e-07 -1.486956145585788254e-06 -1.988177127198505149e-06 -2.437207420423983992e-06 -2.848454265731536967e-06 -3.322456572630287347e-06 -4.032745479720378507e-06 -5.169654405565942010e-06 -6.856280839464808014e-06 -9.072703806165137558e-06 -1.163323007899494090e-05 -1.424819140265545713e-05 -1.666735874922104261e-05 -1.885614534594481044e-05 -2.112069225982211244e-05 -2.409617806553695975e-05 -2.855549935896749630e-05 -3.507949255084250685e-05 -4.371881305887525556e-05 -5.383196600815303356e-05 -6.425744823417226382e-05 -7.385474075050565425e-05 -8.226620642788664011e-05 -9.056823377616310487e-05 -1.014156717878276001e-04 -1.183949820781977138e-04 -1.446163373683895443e-04 -1.810120366555274709e-04 -2.251593229498457974e-04 -2.715534167220115059e-04 -3.138646901121255558e-04 -3.489301553303728130e-04 -3.810531214694587985e-04 -4.247343308766203898e-04 -5.024496038088664858e-04 -6.375964107120763672e-04 -8.452430906596439340e-04 -1.116219571988561875e-03 -1.415297394168493457e-03 -1.689336404982336561e-03 -1.896198259622112851e-03 -2.050382555658554224e-03 -2.272666122477425346e-03 -2.818635660219322679e-03 -4.053761434459133943e-03 -6.344671010125643891e-03 -9.858230403812690695e-03 -1.430511220486998560e-02 -1.873960896726161590e-02 -2.164475619863453701e-02 -2.168093995507964361e-02 -1.973359382325910391e-02 -2.315799188314071957e-02 -5.435141447933279635e-02 -1.636817059732022239e-01 -4.694273421692868320e-01 -1.140737716669805835e+00 -2.900112521290936662e+00 -5.016798796258667537e+00 -1.860290329854190006e+01 3.877563393583178364e+00 -2.468051023109027540e+02 8.666628887303459123e+02 -6.494987405335014955e+03 2.841540679119263950e+04 -6.558745696187471367e+03 8.802414843266082016e+02 -2.544912586678959485e+02 3.382384443359953696e+00 -1.980025405419207019e+01 -5.493013411382567490e+00 -3.193379657443392805e+00 -1.278426553213285466e+00 -5.329003692002328707e-01 -1.888683653691024811e-01 -6.382473612407396635e-02 -2.778984729045645002e-02 -2.404894004744256505e-02 -2.674078677311263891e-02 -2.705089738782620254e-02 -2.376760855153155563e-02 -1.844152396723162599e-02 -1.294540931259196247e-02 -8.513854172333547993e-03 -5.580286519561774086e-03 -3.986404720968183407e-03 -3.289392438601131032e-03 -3.020783516330554242e-03 -2.838944937245329019e-03 -2.575089846012702192e-03 -2.205118885564204267e-03 -1.787674591395235464e-03 -1.399738767651673979e-03 -1.105950747401625257e-03 -8.789761931587761461e-04 -9.780500929770692426e-04
-5.379612985454719336e-10 -9.179562385084050717e-10 -4.672950254083920299e-09 -1.354354105124950644e-08 -3.539103214716042649e-08 -8.850630242870438718e-08 -2.032669622010469865e-07 -4.150068258755308733e-07 -7.485428188076374544e-07 -1.201158009484696467e-06 -1.735368699283115468e-06 -2.291339207519844459e-06 -2.820038757209349681e-06 -3.325500576774024787e-06 -3.894311699724196558e-06 -4.689689734978244700e-06 -5.900188605848798928e-06 -7.655842423622126090e-06 -9.948026490978920678e-06 -1.260037890942603653e-05 -1.532582327437588380e-05 -1.786937145980192112e-05 -2.018816852989915319e-05 -2.258266306304473537e-05 -2.568969078048056402e-05 -3.029158382771552060e-05 -3.698176064133077524e-05 -4.581907775746678238e-05 -5.615966946807172012e-05 -6.682843056892241241e-05 -7.666663357145521538e-05 -8.530570023417230626e-05 -9.382980223909180659e-05 -1.049245099350675474e-04 -1.222222484382712673e-04 -1.488752026806420181e-04 -1.858311266206223700e-04 -2.306374934552695463e-04 -2.777315485850208082e-04 -3.206703916732463579e-04 -3.563790860059298468e-04 -3.889979805593964048e-04 -4.324912261049582325e-04 -5.112028365456075139e-04 -6.485138890586783240e-04 -8.583993560451834946e-04 -1.132355170454454408e-03 -1.434608875353162762e-03 -1.711553874361662923e-03 -1.920651339731844869e-03 -2.076540977066861863e-03 -2.301064346273967633e-03 -2.851974841056070450e-03 -4.097711872912705201e-03 -6.407709752544019435e-03 -9.949863768942893497e-03 -1.443220881607063660e-02 -1.890147560129855353e-02 -2.182924961653110590e-02 -2.186642636859132890e-02 -1.990552301523569947e-02 -2.335417198500713137e-02 -5.476228546699553335e-02 -1.648317934346177072e-01 -4.725940956307328467e-01 -1.148280717405705920e+00 -2.918686071511132241e+00 -5.049146531658407433e+00 -1.871517741570914239e+01 3.887402397424348788e+00 -2.482160924736699883e+02 8.714946367517686667e+02 -6.531472632032640831e+03 2.857408345201649354e+04 -6.595199439535390411e+03 8.851572527896551037e+02 -2.558896289456150726e+02 3.409014031208576601e+00 -1.990520947674556851e+01 -5.520765936332086454e+00 -3.209609535737161679e+00 -1.284785347546243184e+00 -5.355349643813313021e-01 -1.898016660179899506e-01 -6.415204180478940865e-02 -2.794316681396106714e-02 -2.418102103419390511e-02 -2.688047524819910453e-02 -2.718699178079045722e-02 -2.388455133909150874e-02 -1.853146900178171894e-02 -1.300895630907101738e-02 -8.556725610645609867e-03 -5.609629596825427278e-03 -4.008275834730378080e-03 -3.307702986613038701e-03 -3.037367368557503979e-03 -2.854235184179487305e-03 -2.588844564672784527e-03 -2.217438848868237816e-03 -1.797268173931483234e-03 -1.416521759647565134e-03 -1.082804073503618701e-03 -1.114698654307150682e-03
-2.698379158206683623e-10 -8.723115739699097759e-09 -3.682286124424173555e-08 -8.244816333236174635e-08 -1.343336292478007009e-07 -1.849547681761318818e-07 -2.456101880475281642e-07 -3.527579473807154299e-07 -5.585418460560188384e-07 -9.070740621558488741e-07 -1.407753492762857517e-06 -2.021928794587516154e-06 -2.675805797108871292e-06 -3.300371791335611015e-06 -3.883295360145017812e-06 -4.506215979473943514e-06 -5.341048693749147817e-06 -6.594349089626514903e-06 -8.414703620565018501e-06 -1.080365157555365355e-05 -1.358178852240209650e-05 -1.644744739030998994e-05 -1.912694553712496542e-05 -2.156440065767191132e-05 -2.406031473280658239e-05 -2.726596189479734469e-05 -3.198663150361395670e-05 -3.883651721778465238e-05 -4.788238461361686782e-05 -5.847011782001345102e-05 -6.939972957564348758e-05 -7.948492323629439418e-05 -8.834271411417307055e-05 -9.706851240278308599e-05 -1.083867175850460599e-04 -1.259850235367192121e-04 -1.530614332158004897e-04 -1.905879664421823954e-04 -2.360448436527795319e-04 -2.839230310017172511e-04 -3.274914326096117203e-04 -3.629509252670156338e-04 -3.960959160924867081e-04 -4.407927717812344789e-04 -5.204254286464497477e-04 -6.593775429103520365e-04 -8.715718238615539773e-04 -1.148450880836469380e-03 -1.453869246477525017e-03 -1.733705015832626758e-03 -1.945025542506014903e-03 -2.102608467458646178e-03 -2.329365787318542734e-03 -2.885230585444772868e-03 -4.141632436982236112e-03 -6.470836195839596919e-03 -1.004178061180646502e-02 -1.455984855895509425e-02 -1.906414758332246676e-02 -2.201470460391724213e-02 -2.205282030220529974e-02 -2.007815999036772353e-02 -2.355131810661477768e-02 -5.517677793658029572e-02 -1.659950841228035323e-01 -4.758016670441740925e-01 -1.155926333393671346e+00 -2.937530461220856814e+00 -5.081964361633399818e+00 -1.882930007645832760e+01 3.897790747124622701e+00 -2.496529193641073618e+02 8.764192028553176215e+02 -6.568654998404989783e+03 2.873584057084647793e+04 -6.632369894451605433e+03 8.901698105972250232e+02 -2.573162229319388530e+02 3.436000921145213383e+00 -2.001239973633510161e+01 -5.549146728923500582e+00 -3.226206732292472346e+00 -1.291292427172485713e+00 -5.382315275582258973e-01 -1.907567051751988541e-01 -6.448631701961975160e-02 -2.809920465219917576e-02 -2.431545589409283767e-02 -2.702295398388888242e-02 -2.732602702889196447e-02 -2.400412956365235995e-02 -1.862346594001850972e-02 -1.307392388913132704e-02 -8.600498730426290456e-03 -5.639532152234074357e-03 -4.030532190204835254e-03 -3.326345193927028598e-03 -3.054317538258762184e-03 -2.869920406816895038e-03 -2.603472193214045362e-03 -2.229282962115868710e-03 -1.817293208430278886e-03 -1.390781372353372099e-03 -1.351761416053030287e-03
5.454379285021713188e-11 -1.292098570491209372e-08 -5.486178915561079253e-08 -1.240900144230267224e-07 -2.010771354142300622e-07 -2.630848285983039865e-07 -3.040930004305499129e-07 -3.496048507917021326e-07 -4.560585333287044174e-07 -6.915215061527761013e-07 -1.104215668214477457e-06 -1.693843690198273761e-06 -2.402797997805612966e-06 -3.137826725174657041e-06 -3.818775409471903041e-06 -4.435371707955789320e-06 -5.083404561932006689e-06 -5.954598162509817722e-06 -7.272193403873990950e-06 -9.191080063303362489e-06 -1.170609614902570146e-05 -1.462121812255001170e-05 -1.761570561157347676e-05 -2.040305581998607879e-05 -2.292711348802909988e-05 -2.550180664432768348e-05 -2.880082355055481390e-05 -3.365189365131860847e-05 -4.068193471476236312e-05 -4.995427618252287240e-05 -6.079526446141650750e-05 -7.197676940100832161e-05 -8.228865953499237061e-05 -9.134190887175569322e-05 -1.002525917641827963e-04 -1.117876954592300187e-04 -1.296986127235678237e-04 -1.571917736302894618e-04 -1.953732738766591863e-04 -2.414831904630247922e-04 -2.892652354825826278e-04 -3.334932972985963045e-04 -3.700765925896220654e-04 -4.036728720352192020e-04 -4.490566552483657436e-04 -5.296789874347129952e-04 -6.702163639715230138e-04 -8.847089462969068285e-04 -1.164498981063574485e-03 -1.473074897901904736e-03 -1.755794860522553145e-03 -1.969330853026081667e-03 -2.128598984228630229e-03 -2.357587954677013622e-03 -2.918425082298818033e-03 -4.185552907310668806e-03 -6.534092220894665431e-03 -1.013403994807833899e-02 -1.468811116347944895e-02 -1.922772501683164131e-02 -2.220123562969375519e-02 -2.224024009879956368e-02 -2.025161971497187532e-02 -2.374955734389268269e-02 -5.559510955842830032e-02 -1.671720965193278785e-01 -4.790513636201236825e-01 -1.163677542760470862e+00 -2.956652610341738541e+00 -5.115264360410471056e+00 -1.894530840397532856e+01 3.908723170481666731e+00 -2.511159916013018290e+02 8.814378904483806991e+02 -6.606544425791749745e+03 2.890072025573206702e+04 -6.670266561960804211e+03 8.952804295393174243e+02 -2.587713924283183360e+02 3.463353917725621400e+00 -2.012184951525803811e+01 -5.578161786650877474e+00 -3.243174727709886351e+00 -1.297949090881834078e+00 -5.409905936863483866e-01 -1.917336844309181221e-01 -6.482765210019718338e-02 -2.825801877257015302e-02 -2.445229471458658724e-02 -2.716826835302115634e-02 -2.746804187318488411e-02 -2.412637408966325850e-02 -1.871753852374668028e-02 -1.314033119886631046e-02 -8.645192000809018978e-03 -5.670018462520277913e-03 -4.053211058132744418e-03 -3.345403086688848206e-03 -3.071713792951520205e-03 -2.886653542211973979e-03 -2.617572739227362784e-03 -2.253792223039632892e-03 -1.786433108779169514e-03 -1.717101987626773289e-03
2.595773253650603150e-10 -1.217628031987110938e-08 -5.275344952322898388e-08 -1.233440949043351160e-07 -2.084863507610766036e-07 -2.853059457303553892e-07 -3.390592063925490004e-07 -3.786782681597334903e-07 -4.436991915205833387e-07 -5.966837382439635152e-07 -9.011047524912319088e-07 -1.392277191288721925e-06 -2.054791194609959260e-06 -2.820466428244868876e-06 -3.594356903650483923e-06 -4.303741495695598114e-06 -4.951335655906037037e-06 -5.645919347554612188e-06 -6.587120252894338242e-06 -7.998318867075317404e-06 -1.002727430340390191e-05 -1.265757304058140276e-05 -1.568225132296954610e-05 -1.877406357594912166e-05 -2.164699341294986851e-05 -2.425267051474582552e-05 -2.691809927750469321e-05 -3.033147188425082606e-05 -3.533163281119162887e-05 -4.254881342293308867e-05 -5.203944408732041194e-05 -6.311390173387028911e-05 -7.452425400750893505e-05 -8.504610127124969906e-05 -9.428841801709180956e-05 -1.033964945684037517e-04 -1.151430558611287028e-04 -1.334513098850285875e-04 -1.613650920203857342e-04 -1.993344615099810688e-04 -2.461283297319778588e-04 -2.951691592552410670e-04 -3.399826472911302131e-04 -3.771795635562030617e-04 -4.112943408314845999e-04 -4.573089568938468403e-04 -5.389090769662718567e-04 -6.810181393280687534e-04 -8.978018427599045517e-04 -1.180499003873424369e-03 -1.492230768119611525e-03 -1.777833003528022857e-03 -1.993580436566125703e-03 -2.154528516752971315e-03 -2.385749627044136609e-03 -2.951581168631673292e-03 -4.229503127176553919e-03 -6.597519134156458985e-03 -1.022669949556271989e-02 -1.481707427953518966e-02 -1.939230517540187562e-02 -2.238895374021452472e-02 -2.242880033196627612e-02 -2.042601322496354066e-02 -2.394901253797581189e-02 -5.601749250133845892e-02 -1.683633402282577740e-01 -4.823444769132917975e-01 -1.171537296388808214e+00 -2.976059402411518118e+00 -5.149058537894682708e+00 -1.906323965237039175e+01 3.920195033710083710e+00 -2.526057237706270087e+02 8.865520305071328266e+02 -6.645151038658266771e+03 2.906876557729575870e+04 -6.708899177282769415e+03 9.004904138658961301e+02 -2.602554991616694906e+02 3.491081885439869748e+00 -2.023358436071944766e+01 -5.607817371380389382e+00 -3.260517159993939540e+00 -1.304756703730548084e+00 -5.438127254670751531e-01 -1.927328143658300630e-01 -6.517613914196909719e-02 -2.841966682979481587e-02 -2.459158724387990047e-02 -2.731646386623676551e-02 -2.761307564738807799e-02 -2.425131691296305778e-02 -1.881371286839291987e-02 -1.320820269764072866e-02 -8.690836653029929137e-03 -5.701136639299318222e-03 -4.076421714121310907e-03 -3.364986333189579591e-03 -3.090397135695098756e-03 -2.902724086810817838e-03 -2.647745293594897052e-03 -2.214265803922734355e-03 -2.200806642923814910e-03
2.752964957822253315e-10 -7.488639617448036001e-09 -3.408794491646552430e-08 -8.582052742606604554e-08 -1.596732116171083957e-07 -2.450527078261917148e-07 -3.290960404511967001e-07 -4.061851871721813343e-07 -4.881583593245976116e-07 -6.096381177016740966e-07 -8.230718690439203800e-07 -1.181763690375412474e-06 -1.715658731949490318e-06 -2.410940603508504032e-06 -3.206640947130758508e-06 -4.016810106672481739e-06 -4.775321834644612451e-06 -5.486619618760216228e-06 -6.256563253308497820e-06 -7.279589779657007059e-06 -8.774599948259555505e-06 -1.088750638511594708e-05 -1.360271279247300611e-05 -1.671526308237828871e-05 -1.989940358405886274e-05 -2.286949739793761374e-05 -2.557745888912018694e-05 -2.835241478963587184e-05 -3.188780622462319644e-05 -3.703000335441962990e-05 -4.441578033919429746e-05 -5.410262790898785068e-05 -6.539427333432813044e-05 -7.702706395566257674e-05 -8.777102431632893603e-05 -9.719710137985469083e-05 -1.065866448821008709e-04 -1.185493221044996680e-04 -1.364010661089655213e-04 -1.647678019127452086e-04 -2.038627010647229242e-04 -2.512675390215597594e-04 -3.010640187704090851e-04 -3.465293130727404637e-04 -3.842841962947312652e-04 -4.189048810488193498e-04 -4.655352270464547648e-04 -5.481035672881655330e-04 -6.917780459091159078e-04 -9.108503347053679630e-04 -1.196455260470110672e-03 -1.511345192688485486e-03 -1.799831277205255712e-03 -2.017788936814549506e-03 -2.180413971963232524e-03 -2.413870066187288107e-03 -2.984721775357600682e-03 -4.273512618968508536e-03 -6.661157426106876361e-03 -1.031981556164225135e-02 -1.494681348533388916e-02 -1.955798261889412151e-02 -2.257796675908493866e-02 -2.261861205611038345e-02 -2.060144790109262256e-02 -2.414980259937579352e-02 -5.644413395446644388e-02 -1.695693170892335344e-01 -4.856822853767138737e-01 -1.179508523394654285e+00 -2.995757696135571635e+00 -5.183358859913954397e+00 -1.918313125413516929e+01 3.932202304947875149e+00 -2.541225367444575340e+02 8.917629822230056789e+02 -6.684485169876878899e+03 2.924002058700376074e+04 -6.748277713323550415e+03 9.058011006975100372e+02 -2.617689148709943652e+02 3.519193754679597497e+00 -2.034763068586295276e+01 -5.638120008025331309e+00 -3.278237823584926325e+00 -1.311716696468842702e+00 -5.466985131290323929e-01 -1.937543145329017891e-01 -6.553187204004032318e-02 -2.858420616239602807e-02 -2.473338284621906871e-02 -2.746758623237732441e-02 -2.776116882812463063e-02 -2.437899303872414006e-02 -1.891202204230995471e-02 -1.327757933469014481e-02 -8.737494300896878757e-03 -5.733025866171296246e-03 -4.100303620363418208e-03 -3.386169087807983178e-03 -3.108180926593796366e-03 -2.939347928092860083e-03 -2.595973568233600048e-03 -2.744876199661325494e-03
1.471565110160132291e-10 -1.393646606993148879e-09 -9.007133937296611498e-09 -3.212575407393716213e-08 -8.172440919155826039e-08 -1.644256289724197572e-07 -2.769842124263333498e-07 -4.067294442922079815e-07 -5.401830000959892548e-07 -6.769494893597896150e-07 -8.411652961954089031e-07 -1.081817414296193682e-06 -1.457475828326518501e-06 -2.009393087792306357e-06 -2.735485422760805161e-06 -3.581273391766927829e-06 -4.459159979429999026e-06 -5.294484563099766817e-06 -6.080925598253052347e-06 -6.917002390503918111e-06 -7.997016057004003033e-06 -9.546950356416725964e-06 -1.172328310754743811e-05 -1.451889611463535868e-05 -1.773072055073065203e-05 -2.102728031834177124e-05 -2.411280310368697560e-05 -2.693062660472965924e-05 -2.980859319247237949e-05 -3.344852730708284752e-05 -3.871196862566953688e-05 -4.625115571382740638e-05 -5.612845224862616415e-05 -6.764943517695808355e-05 -7.949932016156175080e-05 -9.054814379437674319e-05 -1.001624860463189772e-04 -1.089920564271235016e-04 -1.212041482124954589e-04 -1.399197701509257937e-04 -1.686680483740440742e-04 -2.083928937464620717e-04 -2.564748385314274243e-04 -3.069724642912429044e-04 -3.530773066865247893e-04 -3.913749382343823815e-04 -4.264909122379181980e-04 -4.737284342223970542e-04 -5.572590832511092928e-04 -7.024961847046409498e-04 -9.238578359326621086e-04 -1.212374519242283939e-03 -1.530428201732422343e-03 -1.821802631371225237e-03 -2.041971680540979103e-03 -2.206272603386563811e-03 -2.441968600442804942e-03 -3.017869627161003532e-03 -4.317610381239731995e-03 -6.725046659501333034e-03 -1.041344302344358527e-02 -1.507740235990428189e-02 -1.972484935126813527e-02 -2.276837951125117859e-02 -2.280978306841705688e-02 -2.077802774733350510e-02 -2.435204282631729319e-02 -5.687523662550623277e-02 -1.707905222229008646e-01 -4.890660567506610046e-01 -1.187594136248175447e+00 -3.015754336215390019e+00 -5.218177267175921230e+00 -1.930502086507894788e+01 3.944741520987867123e+00 -2.556668579944091846e+02 8.970721336580506886e+02 -6.724557366039712178e+03 2.941453033595513625e+04 -6.788412384341343568e+03 9.112138604650839397e+02 -2.633120214041941267e+02 3.547698527728639029e+00 -2.046401577194006194e+01 -5.669076483638937347e+00 -3.296340668651242645e+00 -1.318830565062921956e+00 -5.496485741899720390e-01 -1.947984133328456990e-01 -6.589494637692239198e-02 -2.875169369108411532e-02 -2.487773058783423683e-02 -2.762168208686423265e-02 -2.791236536467222792e-02 -2.450944589121476294e-02 -1.901251889548809942e-02 -1.334853742204506616e-02 -8.785333891006812806e-03 -5.765846854618403641e-03 -4.126173620539881973e-03 -3.406141619701871532e-03 -3.151543502132934764e-03 -2.873191670413640601e-03 -3.257035793729227881e-03
-1.463519522771897675e-11 3.357362021116500657e-09 1.114938874144836045e-08 1.331353666459786971e-08 -1.025471985346540605e-08 -7.996313513007424341e-08 -2.042583095068862846e-07 -3.723139538777863539e-07 -5.577581451414010139e-07 -7.338987861798714870e-07 -8.940936039953518323e-07 -1.066300306956931565e-06 -1.311633847733311288e-06 -1.703398878960542376e-06 -2.293330367541645240e-06 -3.080811313035104502e-06 -4.003333896191937235e-06 -4.959724960704133451e-06 -5.862678661190325966e-06 -6.700146331709820443e-06 -7.574590548954233744e-06 -8.692197345394724530e-06 -1.029335776162039062e-05 -1.254483117572133734e-05 -1.544081087802691310e-05 -1.876981489505054308e-05 -2.218606623143658542e-05 -2.538049048348637037e-05 -2.829109527346189063e-05 -3.125203677720314122e-05 -3.498225964972123003e-05 -4.036207435200188837e-05 -4.806735982823393981e-05 -5.813029426038616624e-05 -6.996235169183035374e-05 -8.203355736242271370e-05 -9.255770705023007934e-05 -1.023938673067071323e-04 -1.119658733745043666e-04 -1.243570660979253801e-04 -1.434483996603023157e-04 -1.726442503512568786e-04 -2.129459772215839825e-04 -2.616935725736794041e-04 -3.128778546134028111e-04 -3.596120402612485844e-04 -3.984436345211798004e-04 -4.340475820706697803e-04 -4.818865188690408326e-04 -5.663759445304142066e-04 -7.131752705365464271e-04 -9.368296506430704796e-04 -1.228264878559603285e-03 -1.549490714631931261e-03 -1.843760551954672132e-03 -2.066144249372122137e-03 -2.232121693153529037e-03 -2.470064389747574606e-03 -3.051047075658216111e-03 -4.361824784914349051e-03 -6.789225430845795099e-03 -1.050763536026842575e-02 -1.520891259020874103e-02 -1.989299499819488157e-02 -2.296029405521171976e-02 -2.300241817062423019e-02 -2.095585366333365188e-02 -2.455584521082535693e-02 -5.731099921171201039e-02 -1.720274450114730180e-01 -4.924970503001728228e-01 -1.195797035572899070e+00 -3.036056163523225493e+00 -5.253525693082843340e+00 -1.942894640701403830e+01 3.957809756919822064e+00 -2.572391218963589381e+02 9.024809024098341297e+02 -6.765378392812403945e+03 2.959234089420063538e+04 -6.829313649783646724e+03 9.167300973776303863e+02 -2.648852108246720150e+02 3.576605284744579727e+00 -2.058276777157784565e+01 -5.700693846887439520e+00 -3.314829800582526964e+00 -1.326099870232093858e+00 -5.526635531249253219e-01 -1.958653477619522465e-01 -6.626545927440566364e-02 -2.892218607615885950e-02 -2.502468018133286246e-02 -2.777880170033870944e-02 -2.806671853077186141e-02 -2.464274072492546666e-02 -1.911529369762853328e-02 -1.342127044351343335e-02 -8.834522964952707183e-03 -5.801124078093772285e-03 -4.150533262606393749e-03 -3.456436107259230374e-03 -3.071681329923298467e-03 -3.656907526724009500e-03
-1.097636492026696259e-10 5.006400777429039277e-09 1.886066002102902237e-08 3.328782378784588464e-08 2.721929884732585467e-08 -2.454451168599134621e-08 -1.386279344603206783e-07 -3.124407019365151082e-07 -5.223261496697984491e-07 -7.335719983566523465e-07 -9.196248869939497675e-07 -1.082328398570557466e-06 -1.262462273690376986e-06 -1.532435628122529032e-06 -1.970351699277652775e-06 -2.624356682448523438e-06 -3.483723793478953097e-06 -4.473946278875275575e-06 -5.485240280410290072e-06 -6.428740117539247969e-06 -7.298481892912377772e-06 -8.208063639051980029e-06 -9.375247062957185639e-06 -1.104772025643371805e-05 -1.339231109119379540e-05 -1.639601869612139959e-05 -1.983581988023041075e-05 -2.335489362138467434e-05 -2.663846299241363203e-05 -2.962793786669565084e-05 -3.266741462192527802e-05 -3.650099735603892217e-05 -4.199311504289443678e-05 -4.994567937252174385e-05 -6.019867983346105966e-05 -7.152449889589947455e-05 -8.385080566826954456e-05 -9.513428842865638004e-05 -1.051224421288440890e-04 -1.149555661118537378e-04 -1.275913830656023830e-04 -1.470065926937422381e-04 -1.766392960841008954e-04 -2.175042150759731003e-04 -2.669080320915085953e-04 -3.187709262760869320e-04 -3.661276098874307596e-04 -4.054871049285883357e-04 -4.415737625591661573e-04 -4.900101026439295220e-04 -5.754564723041058873e-04 -7.238195027922225732e-04 -9.497721594789948832e-04 -1.244135173303847781e-03 -1.568544099101304694e-03 -1.865718731104575902e-03 -2.090322232420386683e-03 -2.257978367579428162e-03 -2.498176291551152100e-03 -3.084276009583917372e-03 -4.406183528016381634e-03 -6.853731375060114102e-03 -1.060244471578187381e-02 -1.534141409601459151e-02 -2.006250699199707901e-02 -2.315380991418348328e-02 -2.319661942392291579e-02 -2.113502370621378121e-02 -2.476131872965406377e-02 -5.775161684384554073e-02 -1.732805700195259313e-01 -4.959765189155831977e-01 -1.204120114654611662e+00 -3.056670024693715515e+00 -5.289416080512205909e+00 -1.955494610843429015e+01 3.971404598420282817e+00 -2.588397700293603521e+02 9.079907362868220844e+02 -6.806959240337137999e+03 2.977349937059462172e+04 -6.870992218293006772e+03 9.223512499173053811e+02 -2.664888855273837294e+02 3.605923189732634260e+00 -2.070391571305296452e+01 -5.732979407829865259e+00 -3.333709479615845961e+00 -1.333526236972226942e+00 -5.557441210007936228e-01 -1.969553632501064577e-01 -6.664350966132932819e-02 -2.909574087630130076e-02 -2.517428493996075670e-02 -2.793900487934405583e-02 -2.822430405202196180e-02 -2.477897963372965168e-02 -1.922055746630845288e-02 -1.349594102877874763e-02 -8.886732216577776164e-03 -5.834727657325901665e-03 -4.208981761607328946e-03 -3.366747615716676658e-03 -3.951382610034367450e-03
-9.824745065623291915e-11 3.384528531251947331e-09 1.305226214074768709e-08 2.405558019107408161e-08 2.184911398774429277e-08 -1.374169144133970021e-08 -1.008687738064871463e-07 -2.468449654686604874e-07 -4.424916377082936583e-07 -6.635976215218608492e-07 -8.810528057313732739e-07 -1.077186128423020016e-06 -1.261754635137928315e-06 -1.478982272600323175e-06 -1.799057082944751982e-06 -2.293617774648783449e-06 -3.003232766383304386e-06 -3.911752435751045384e-06 -4.943392520732991759e-06 -5.991303925063788647e-06 -6.972192910097750818e-06 -7.886012792640187708e-06 -8.850632380995994438e-06 -1.008539141667926306e-05 -1.183685237311732258e-05 -1.426870851104931037e-05 -1.736384305464027495e-05 -2.089511140463606449e-05 -2.450328422933726984e-05 -2.787157447496479217e-05 -3.095285421746527433e-05 -3.406712277280347716e-05 -3.808453735077386575e-05 -4.369374364568590655e-05 -5.108893557670520831e-05 -6.156646420161262763e-05 -7.365185664468597662e-05 -8.616388082789768908e-05 -9.773195144930554845e-05 -1.079366955756450741e-04 -1.179799046769329930e-04 -1.308500061815771236e-04 -1.505759092024233788e-04 -1.806365565344937791e-04 -2.220572270210230523e-04 -2.721111519063443935e-04 -3.246473927019635146e-04 -3.726218488072636885e-04 -4.125048762820410220e-04 -4.490703716881353836e-04 -4.981013650019809310e-04 -5.845041741383916536e-04 -7.344339647920973893e-04 -9.626923671651778369e-04 -1.259994631538989248e-03 -1.587599910584154821e-03 -1.887690870756597496e-03 -2.114521080033878245e-03 -2.283859490629873163e-03 -2.526322787250112438e-03 -3.117577811918403885e-03 -4.450713626092298904e-03 -6.918601195918430702e-03 -1.069792197679980683e-02 -1.547497516272728843e-02 -2.023347075680229784e-02 -2.334902430129989076e-02 -2.339248639385161851e-02 -2.131563334020106920e-02 -2.496856962028846591e-02 -5.819728150537891581e-02 -1.745503778614208579e-01 -4.995057110911068632e-01 -1.212566263691900348e+00 -3.077602781186306924e+00 -5.325860397671641877e+00 -1.968305854341272365e+01 3.985524116451452326e+00 -2.604692514694888246e+02 9.136031139945935138e+02 -6.849311128694139370e+03 2.995805393319368159e+04 -6.913459051881238338e+03 9.280787913610031410e+02 -2.681234583641467566e+02 3.635661496551092497e+00 -2.082748950552030820e+01 -5.765940737990939979e+00 -3.352984120635739806e+00 -1.341111354210960505e+00 -5.588909753640723954e-01 -1.980687140486374065e-01 -6.702919960173256420e-02 -2.927241966339101317e-02 -2.532660773109304125e-02 -2.810237421862836829e-02 -2.838523445277099655e-02 -2.491839007478177659e-02 -1.932847288002615196e-02 -1.357433440035587732e-02 -8.937358876047345191e-03 -5.905337670650732083e-03 -4.114953082648420413e-03 -4.318181028518500858e-03
-1.061546286461163107e-11 -2.532004723784251812e-10 -1.420577516000217970e-09 -5.089203250415414617e-09 -1.558356359310059468e-08 -4.174674345742374911e-08 -9.687078349920065549e-08 -1.952356105739387818e-07 -3.457322138804599314e-07 -5.455415777808507192e-07 -7.783361650444161101e-07 -1.020403313334064559e-06 -1.254349102110683096e-06 -1.485128717986297938e-06 -1.749652820664615838e-06 -2.111960192996209718e-06 -2.641582691792652414e-06 -3.381717597748143486e-06 -4.321886449800471910e-06 -5.391955626693930019e-06 -6.487940383028839586e-06 -7.525569460702001598e-06 -8.501083234690741576e-06 -9.528450018822852776e-06 -1.082542133156417489e-05 -1.264034004393043140e-05 -1.514090211107433888e-05 -1.831424607630963605e-05 -2.193270519471301124e-05 -2.564264188485544804e-05 -2.909187607198986832e-05 -3.234426667682024838e-05 -3.553809726210229353e-05 -3.894728599515842810e-05 -4.470889093293100647e-05 -5.279456812783694676e-05 -6.342799485700660448e-05 -7.580501948516307287e-05 -8.856645487545538242e-05 -1.003687247138607526e-04 -1.107798357164276650e-04 -1.210201577144998835e-04 -1.341158394751604190e-04 -1.541452236860835266e-04 -1.846279947404753539e-04 -2.265996095502999274e-04 -2.772996196743089930e-04 -3.305056992337620180e-04 -3.790946651075695101e-04 -4.194980684208109286e-04 -4.565395630610393093e-04 -5.061634426946396391e-04 -5.935232870598797618e-04 -7.450242715355281670e-04 -9.755976297891866527e-04 -1.275852664623092518e-03 -1.606669733080941893e-03 -1.909690564530748449e-03 -2.138756018679858345e-03 -2.309781605383386550e-03 -2.554521946333625313e-03 -3.150973346348172853e-03 -4.495441424726590030e-03 -6.983870711846118171e-03 -1.079411686083039078e-02 -1.560966257658202155e-02 -2.040596989027823951e-02 -2.354603233700246212e-02 -2.359011638491780374e-02 -2.149777567508683040e-02 -2.517770164408223571e-02 -5.864818243058061292e-02 -1.758373460213847328e-01 -5.030858727936147190e-01 -1.221138373811212707e+00 -3.098861317880689636e+00 -5.362870653119498954e+00 -1.981332266891318739e+01 4.000166844153752344e+00 -2.621280230796381261e+02 9.193195458342177062e+02 -6.892445513430385290e+03 3.014605383021083253e+04 -6.956725370268836741e+03 9.339142303281732893e+02 -2.697893527778360294e+02 3.665829554869119988e+00 -2.095351994521544015e+01 -5.799585670836251872e+00 -3.372658293335600632e+00 -1.348856974853326118e+00 -5.621048407259929824e-01 -1.992056646687407340e-01 -6.742263771387013715e-02 -2.945229493946652927e-02 -2.548173726176581125e-02 -2.826903625964653430e-02 -2.854976963720095087e-02 -2.506117213223921225e-02 -1.944102873860744513e-02 -1.365151311176396147e-02 -9.028758033985919557e-03 -5.809879045849646560e-03 -5.157541415427048526e-03
8.409736644152494889e-11 -3.977178156279241706e-09 -1.672942937547205833e-08 -3.774673235266776037e-08 -6.224162384753567919e-08 -8.712405291218753866e-08 -1.174152422359293946e-07 -1.688434913216752469e-07 -2.635716057199932211e-07 -4.200160364803388239e-07 -6.417597107621178985e-07 -9.125026014664258495e-07 -1.202093138950091857e-06 -1.483316458815058340e-06 -1.752636578598483918e-06 -2.043820235623741985e-06 -2.424505751175028812e-06 -2.972716810447351268e-06 -3.740880548131111595e-06 -4.724064667740963306e-06 -5.851434131701919088e-06 -7.012570017430747987e-06 -8.114364000614106973e-06 -9.146344559664413871e-06 -1.022145787218656065e-05 -1.156281806634992007e-05 -1.342866004782492484e-05 -1.599409949558044824e-05 -1.925832402410208253e-05 -2.296028198723325698e-05 -2.685000432552724997e-05 -3.038462007335134406e-05 -3.302835607190742894e-05 -3.633763310456001650e-05 -4.036827793007915566e-05 -4.621446096161640663e-05 -5.452974050099359827e-05 -6.538212743323320111e-05 -7.800123954799770395e-05 -9.100204864863524414e-05 -1.030257102402016634e-04 -1.136345710225927525e-04 -1.240648481733671628e-04 -1.373803056175205376e-04 -1.577083684070324757e-04 -1.886093308570835749e-04 -2.311287132142713469e-04 -2.824722288716007370e-04 -3.363459181568537616e-04 -3.855472372553179041e-04 -4.264687971037085020e-04 -4.639842698140310027e-04 -5.142000752143901935e-04 -6.025184989117744359e-04 -7.555963503656137805e-04 -9.884954835972703437e-04 -1.291718736101575820e-03 -1.625765081704042556e-03 -1.931731228229430913e-03 -2.163042004187143690e-03 -2.335760905799884411e-03 -2.582791414384953514e-03 -3.184482962205030694e-03 -4.540392625700850372e-03 -7.049574910674361733e-03 -1.089107800786556952e-02 -1.574554175944345089e-02 -2.058008634085934166e-02 -2.374492725885329891e-02 -2.378960466604261928e-02 -2.168154169492072722e-02 -2.538881633789378395e-02 -5.910450648307299937e-02 -1.771419496306500529e-01 -5.067182492327134691e-01 -1.229839340874331999e+00 -3.120452551248639850e+00 -5.400458910053807848e+00 -1.994577786070827585e+01 4.015331755701778249e+00 -2.638165497960734456e+02 9.251415744129177483e+02 -6.936374091160250828e+03 3.033754941153050459e+04 -7.000802655391848020e+03 9.398591113543066058e+02 -2.714870029454383484e+02 3.696436816028394023e+00 -2.108203872275181823e+01 -5.833922302753363098e+00 -3.392736722811816374e+00 -1.356764916338546456e+00 -5.653864701235427059e-01 -2.003664941861287574e-01 -6.782394928786172894e-02 -2.963547568955553213e-02 -2.563982980489647873e-02 -2.843932817052285955e-02 -2.871822698644688893e-02 -2.520982994823930262e-02 -1.955284197045083910e-02 -1.377778969207829780e-02 -8.925748755958508307e-03 -7.060099759413566989e-03
1.246189845060404189e-10 -6.108539581148873088e-09 -2.585959175417918712e-08 -5.848847362642504513e-08 -9.484063879438783038e-08 -1.244066780911088029e-07 -1.445275415851652585e-07 -1.670109363830925328e-07 -2.174565336954558584e-07 -3.261092428549251269e-07 -5.136744254206316160e-07 -7.790581015364967286e-07 -1.096482554673924647e-06 -1.425920620274283693e-06 -1.734408419646582402e-06 -2.019341221737507574e-06 -2.321565615079703502e-06 -2.718654441339984332e-06 -3.296921557115087102e-06 -4.111774319011404322e-06 -5.154732646269701231e-06 -6.346607605525101868e-06 -7.567677284505341293e-06 -8.718893604266341629e-06 -9.789947869626827216e-06 -1.090074202134250831e-05 -1.228307373875649063e-05 -1.421266341904288344e-05 -1.683963239801104583e-05 -2.027170855694436925e-05 -2.406136774482609897e-05 -2.736341711202282061e-05 -3.101966037873783402e-05 -3.426580451103865749e-05 -3.762321244264239833e-05 -4.182138664190483793e-05 -4.781462243741608245e-05 -5.631097954536122048e-05 -6.737268912502228271e-05 -8.022142362745663053e-05 -9.345318916467262893e-05 -1.056912004105363531e-04 -1.164920438994072844e-04 -1.271074200015345833e-04 -1.406385683446033450e-04 -1.612619340804342298e-04 -1.925784109614775202e-04 -2.356435464746329676e-04 -2.876290795961198091e-04 -3.421691547646116857e-04 -3.919815598860661794e-04 -4.334198200990173333e-04 -4.714079248924118656e-04 -5.222153819159197066e-04 -6.114947705854020983e-04 -7.661563003082677700e-04 -1.001393535818656099e-03 -1.307602279727154357e-03 -1.644897344140285695e-03 -1.953826061077775303e-03 -2.187393699207544877e-03 -2.361813227508424793e-03 -2.611148415935491546e-03 -3.218126510793375018e-03 -4.585592321455624586e-03 -7.115748009674459015e-03 -1.098885307424656010e-02 -1.588267690228227849e-02 -2.075590058024769091e-02 -2.394580062366697196e-02 -2.399104468626669928e-02 -2.186702047579369007e-02 -2.560201325318442120e-02 -5.956643851566932601e-02 -1.784646622068591926e-01 -5.104040865461264564e-01 -1.238672069105097195e+00 -3.142383437162572069e+00 -5.438637299938753777e+00 -2.008046394807862711e+01 4.031018246998390175e+00 -2.655353049126441078e+02 9.310707753680832184e+02 -6.981108805250341902e+03 3.053259215080934155e+04 -7.045702656073543039e+03 9.459150154894126672e+02 -2.732168539298531869e+02 3.727492838668497122e+00 -2.121307843135132387e+01 -5.868958994298608900e+00 -3.413224290488435120e+00 -1.364837062536037315e+00 -5.687366514895659808e-01 -2.015515131594437792e-01 -6.823332034568718729e-02 -2.982218767727986067e-02 -2.580138121853926825e-02 -2.861380254175083585e-02 -2.889422573277289352e-02 -2.535788477585496428e-02 -1.973202415547075858e-02 -1.364508450615745973e-02 -1.064225034794670337e-02
9.146728039577292837e-11 -5.901372428894548520e-09 -2.549724666557720058e-08 -5.933559259048618077e-08 -9.972870746907751735e-08 -1.356954695078898018e-07 -1.606111894843819107e-07 -1.793965614379518711e-07 -2.111388360129536314e-07 -2.847200892801569709e-07 -4.280631137928860477e-07 -6.550970374773617574e-07 -9.567066973582431927e-07 -1.301502119817855956e-06 -1.648657183147348362e-06 -1.969376279842078412e-06 -2.268177005323750882e-06 -2.592828845665780923e-06 -3.024761525177465593e-06 -3.649680141440791535e-06 -4.518445146828854653e-06 -5.616173687407552931e-06 -6.858139876395897959e-06 -8.122078520347375549e-06 -9.310883871359932799e-06 -1.041773273892402589e-05 -1.157698794096833246e-05 -1.299724853962223363e-05 -1.506661991327842609e-05 -1.775929815776523533e-05 -2.060440707421340960e-05 -2.451852028367217820e-05 -2.842513269474356298e-05 -3.213594946392072358e-05 -3.553728743996415314e-05 -3.900447296571420201e-05 -4.332255500894042713e-05 -4.945362229504392753e-05 -5.811904967242253746e-05 -6.938202079342471534e-05 -8.245360803626862402e-05 -9.591075361369519228e-05 -1.083583676205534055e-04 -1.193471108354009506e-04 -1.301440633234061223e-04 -1.438879184357544101e-04 -1.648041836920696420e-04 -1.965344136271639859e-04 -2.401441847255954937e-04 -2.927711256495629040e-04 -3.479771938287176355e-04 -3.984001638598361076e-04 -4.403543133119152634e-04 -4.788142809465302952e-04 -5.302137169523032717e-04 -6.204572198465210190e-04 -7.767103005035286452e-04 -1.014299394644589550e-03 -1.323512648547474834e-03 -1.664077746515528998e-03 -1.975988025891491778e-03 -2.211825465215653489e-03 -2.387954049769945401e-03 -2.639609766027610060e-03 -3.251923368594155078e-03 -4.631065034785129819e-03 -7.182423518815253191e-03 -1.108748882693207614e-02 -1.602113109524206172e-02 -2.093349176813696921e-02 -2.414874249792876501e-02 -2.419452827646222451e-02 -2.205429938970583995e-02 -2.581739018257852777e-02 -6.003416171601819173e-02 -1.798059563651166481e-01 -5.141446334149893937e-01 -1.247639474554084194e+00 -3.164660978363783350e+00 -5.477418035529072249e+00 -2.021742124739945723e+01 4.047226118047362320e+00 -2.672847703632296543e+02 9.371087581050283006e+02 -7.026661851589390608e+03 3.073123466815504071e+04 -7.091437392862140769e+03 9.520835609215735076e+02 -2.749793618401091635e+02 3.759007294746502748e+00 -2.134667257535994267e+01 -5.904704371533564533e+00 -3.434126037165702527e+00 -1.373075373923023701e+00 -5.721562356708271846e-01 -2.027611362247642990e-01 -6.865113273570540298e-02 -3.001320342014896295e-02 -2.596730841759212899e-02 -2.879804433769492591e-02 -2.906876508843598758e-02 -2.560704003804333689e-02 -1.952731739387510157e-02 -1.623352760259683808e-02
1.280490430532403265e-11 -3.730520065197511123e-09 -1.691700872900756939e-08 -4.211167836448070258e-08 -7.736426079495325282e-08 -1.172710683678723517e-07 -1.560081173181604550e-07 -1.919058823973807626e-07 -2.317359725405255609e-07 -2.922504192617727507e-07 -3.969783118134643031e-07 -5.681523043976096618e-07 -8.164127157416759103e-07 -1.133188130631792919e-06 -1.490985192162559455e-06 -1.854214358724277291e-06 -2.198209097500484076e-06 -2.528823872498538631e-06 -2.892162199967165739e-06 -3.366172109751890395e-06 -4.033097083387042477e-06 -4.941909456123098092e-06 -6.077860432247904000e-06 -7.358382832810907959e-06 -8.661958558670739184e-06 -9.900874789746344728e-06 -1.104053726616923451e-05 -1.232316167344511604e-05 -1.378545775441370724e-05 -1.525267502093734032e-05 -1.804856278647172597e-05 -2.148013217858696166e-05 -2.545196399876012446e-05 -2.952262754715170458e-05 -3.334865927440052715e-05 -3.685825215779585601e-05 -4.042621479457876598e-05 -4.485254398506127119e-05 -5.111372312111640880e-05 -5.994178200883839582e-05 -7.140073046467763755e-05 -8.469067001777100538e-05 -9.836930644807932115e-05 -1.110231137467706532e-04 -1.221967460366605695e-04 -1.331726392578202675e-04 -1.471269873131874782e-04 -1.683344655074585534e-04 -2.004773987605689561e-04 -2.446314169519934220e-04 -2.978998938152503445e-04 -3.537722744199813408e-04 -4.048059344755774286e-04 -4.472757234613009740e-04 -4.862072908010425906e-04 -5.381995726008816962e-04 -6.294110439592724964e-04 -7.872645496204930824e-04 -1.027220623618320307e-03 -1.339459082778119738e-03 -1.683317333300351441e-03 -1.998229839506995842e-03 -2.236351362081890216e-03 -2.414198503380366682e-03 -2.668191886831381213e-03 -3.285892464742109272e-03 -4.676834761290576091e-03 -7.249634303816440348e-03 -1.118703123292386775e-02 -1.616096644720796394e-02 -2.111293790121215527e-02 -2.435384162968916300e-02 -2.440014583364377015e-02 -2.224346429592638161e-02 -2.603504337928521165e-02 -6.050785794389020728e-02 -1.811663045020368290e-01 -5.179411425999771446e-01 -1.256744488387131264e+00 -3.187292231583298108e+00 -5.516813423302336261e+00 -2.035669059473613274e+01 4.063955556811349012e+00 -2.690654370033275313e+02 9.432571665490743271e+02 -7.073045684455581068e+03 3.093353075341360818e+04 -7.138019163035562997e+03 9.583664036259483510e+02 -2.767749939988033816e+02 3.790989976803855299e+00 -2.148285557923741251e+01 -5.941167330998412766e+00 -3.455447179260044521e+00 -1.381481930131285063e+00 -5.756462439696348188e-01 -2.039960765637643947e-01 -6.907858496615564003e-02 -3.020989581085580314e-02 -2.614606331466679673e-02 -2.897831932001432645e-02 -2.939637672615097452e-02 -2.527126911327036082e-02 -2.346945990718771885e-02
-5.856525800272724079e-11 -7.700368900339711305e-10 -4.783665267191669404e-09 -1.625603295459934244e-08 -4.008538499816387568e-08 -7.912387976094090111e-08 -1.319528956275480561e-07 -1.932491831046258415e-07 -2.576591404542371372e-07 -3.257379677055262344e-07 -4.085641336563544067e-07 -5.273853591240756750e-07 -7.066885897413850165e-07 -9.627819531349702398e-07 -1.293391482305342241e-06 -1.674927026608711164e-06 -2.071545290352166394e-06 -2.454499237814509053e-06 -2.823933983980289340e-06 -3.221531630882095617e-06 -3.724308179543720812e-06 -4.417344518249616333e-06 -5.355163895593946270e-06 -6.526316209127444918e-06 -7.857710247003296406e-06 -9.197922561229127127e-06 -1.056053066930180135e-05 -1.173681310215626265e-05 -1.241375611552688901e-05 -1.395634894567718303e-05 -1.597592368849352307e-05 -1.880873208297325624e-05 -2.239315822990641859e-05 -2.648241684416427656e-05 -3.067084727014075492e-05 -3.460318613287483366e-05 -3.820954657037401586e-05 -4.187074912468667133e-05 -4.639911210745557596e-05 -5.278536633284087646e-05 -6.177180690944063409e-05 -7.342308667639810596e-05 -8.692820078276544617e-05 -1.008255201650175157e-04 -1.136830059084949278e-04 -1.250392625635339235e-04 -1.361920979117386260e-04 -1.503552988302003779e-04 -1.718528609282863240e-04 -2.044080265972442081e-04 -2.491065191309780832e-04 -3.030172999070237377e-04 -3.595569400115297405e-04 -4.112019891088252626e-04 -4.541876681711038343e-04 -4.935910259968446893e-04 -5.461775131215437480e-04 -6.383614664756850606e-04 -7.978252238509855442e-04 -1.040164709673568498e-03 -1.355450687175354611e-03 -1.702626953597353911e-03 -2.020563967691344984e-03 -2.260985151315671009e-03 -2.440561381987813722e-03 -2.696910827044974018e-03 -3.320052309258387114e-03 -4.722925008512690766e-03 -7.317412639924776065e-03 -1.128752553282011406e-02 -1.630224418434615338e-02 -2.129431593964259753e-02 -2.456118560120695501e-02 -2.460798649291004794e-02 -2.243459972627486268e-02 -2.625506776938002149e-02 -6.098770804435781068e-02 -1.825461794153285522e-01 -5.217948723450904769e-01 -1.265990059940664603e+00 -3.210284314294857833e+00 -5.556835875356681775e+00 -2.049831337762910266e+01 4.081207124390398455e+00 -2.708778048914983856e+02 9.495176799127475533e+02 -7.120273022483281238e+03 3.113953539006640494e+04 -7.185460545771618854e+03 9.647652380404749692e+02 -2.786042291158751141e+02 3.823450805262124774e+00 -2.162166280289043740e+01 -5.978357063234598812e+00 -3.477193166425537552e+00 -1.390059069292329585e+00 -5.792081035150272728e-01 -2.052581400658537447e-01 -6.951750816550637813e-02 -3.042415424626664436e-02 -2.631659347753719305e-02 -2.937829779392625573e-02 -2.886959188295597917e-02 -3.095621127959253399e-02
-7.826656957670262805e-11 1.623499138043148464e-09 5.333164925792974766e-09 6.319478256969653069e-09 -5.083994556672553472e-09 -3.862887910849527147e-08 -9.836049730310186445e-08 -1.792425137660637106e-07 -2.690371630752245837e-07 -3.554966841902813082e-07 -4.356990829055673401e-07 -5.224164586585364103e-07 -6.430098011187566709e-07 -8.296271715482518752e-07 -1.104204910552547939e-06 -1.465480345047889282e-06 -1.885880756712593452e-06 -2.322553693250330057e-06 -2.740064419316549793e-06 -3.135370217274139186e-06 -3.551870213748858102e-06 -4.072872211144815206e-06 -4.789323159586533766e-06 -5.768421753669597478e-06 -6.971896604199915098e-06 -8.426447297227423536e-06 -9.806719098203359151e-06 -1.057687115567735021e-05 -1.182866291400436971e-05 -1.303515880608550629e-05 -1.459213312699431388e-05 -1.673749497000933135e-05 -1.966612195007149197e-05 -2.335791302390814630e-05 -2.755585815673538652e-05 -3.185072910987282030e-05 -3.588193131748662157e-05 -3.957894391861160784e-05 -4.332847182878825495e-05 -4.795476896763667244e-05 -5.446262184637257333e-05 -6.360445042506253290e-05 -7.544545606711334867e-05 -8.916345179050465209e-05 -1.032774037076343191e-04 -1.163366995671503214e-04 -1.278738677190766591e-04 -1.392021285545381624e-04 -1.535729893245080171e-04 -1.753599576687911779e-04 -2.083273723130771912e-04 -2.535711019109770687e-04 -3.081255233518546055e-04 -3.653339352525173788e-04 -4.175915923818731895e-04 -4.610938663033604663e-04 -5.009696194341716879e-04 -5.541521272516676750e-04 -6.473136976824936471e-04 -8.083984441863797292e-04 -1.053139037021168711e-03 -1.371496412088505290e-03 -1.722017250262629145e-03 -2.043002622919625529e-03 -2.285740302142396686e-03 -2.467057154935543492e-03 -2.725782279279057724e-03 -3.354421013363583035e-03 -4.769358819931168551e-03 -7.385790244190486992e-03 -1.138901628988186684e-02 -1.644502472621437936e-02 -2.147770191768883646e-02 -2.477086097324660355e-02 -2.481813829334259675e-02 -2.262778905440471569e-02 -2.647755712082066476e-02 -6.147389207374301390e-02 -1.839460547819953551e-01 -5.257070875858088632e-01 -1.275379159539135054e+00 -3.233644411180756517e+00 -5.597497920950315731e+00 -2.064233156633643773e+01 4.098981741261821021e+00 -2.727223835709820037e+02 9.558920134792800809e+02 -7.168356854737912727e+03 3.134930477976144539e+04 -7.233774407485270785e+03 9.712817977683525896e+02 -2.804675574716663391e+02 3.856399827523953494e+00 -2.176313057997913702e+01 -6.016283119979250138e+00 -3.499369835269381834e+00 -1.398809615796753336e+00 -5.828445214082248471e-01 -2.065495162633199377e-01 -6.998299400135128689e-02 -3.062559944922242997e-02 -2.677541995350284781e-02 -2.863117548167602028e-02 -3.634614787584258128e-02
-3.575252229525147733e-11 2.521782222563900816e-09 9.485350488099856570e-09 1.672155899872211265e-08 1.372123067747159043e-08 -1.192748603649937689e-08 -6.817757115615257094e-08 -1.534103404916289980e-07 -2.558506898988940376e-07 -3.587758827194349824e-07 -4.499070167189706829e-07 -5.307708791552440858e-07 -6.209719994745669705e-07 -7.539268397391236465e-07 -9.643392888596001925e-07 -1.272143698123432370e-06 -1.670543818953793888e-06 -2.125466079056533630e-06 -2.589528010011100905e-06 -3.026620123041058866e-06 -3.437587922896051954e-06 -3.870510555744346193e-06 -4.421958718505185419e-06 -5.159161493218604439e-06 -6.250652817492148568e-06 -7.489598956220754854e-06 -8.364306466522278039e-06 -9.824154462973413738e-06 -1.111741432765692958e-05 -1.237897413618110556e-05 -1.369543067219319686e-05 -1.532482460939949549e-05 -1.755133097476445307e-05 -2.056731296844385292e-05 -2.435541677506824647e-05 -2.865476723567219128e-05 -3.305006538337489259e-05 -3.717528585244109197e-05 -4.095891689127334484e-05 -4.479336979231877844e-05 -4.951469559086979602e-05 -5.614164292746932319e-05 -6.543669136623523209e-05 -7.746553909623766652e-05 -9.139476293062792026e-05 -1.057238615901722720e-04 -1.189835915600806200e-04 -1.307003852467816384e-04 -1.422029341566957282e-04 -1.567806226387419971e-04 -1.788566967635826181e-04 -2.122367988957630527e-04 -2.580270048950366072e-04 -3.132269195141413687e-04 -3.711061335218195849e-04 -4.239780963031184596e-04 -4.679980880387274184e-04 -5.083472228762693371e-04 -5.621279911150481529e-04 -6.562729018607045594e-04 -8.189902482309004790e-04 -1.066150864841293499e-03 -1.387605038820195844e-03 -1.741498654105116603e-03 -2.065557766895352761e-03 -2.310629999629131015e-03 -2.493699976649883191e-03 -2.754821586581449825e-03 -3.389016291876339407e-03 -4.816158777319331369e-03 -7.454798287997705872e-03 -1.149154742694821936e-02 -1.658936775972933222e-02 -2.166317105809982199e-02 -2.498295342720645296e-02 -2.503068831826742169e-02 -2.282311459912570242e-02 -2.670260409898831538e-02 -6.196658937443461079e-02 -1.853664054771402558e-01 -5.296790610269060950e-01 -1.284914781229282044e+00 -3.257379780528460333e+00 -5.638812217846538744e+00 -2.078878774452208944e+01 4.117280675074757035e+00 -2.745996923510713827e+02 9.623819194046988059e+02 -7.217310446900212810e+03 3.156289636748421981e+04 -7.282973907333528587e+03 9.779178563018778050e+02 -2.823654811187482210e+02 3.889847194591526058e+00 -2.190729629148574631e+01 -6.054955550608059234e+00 -3.521983560208987285e+00 -1.407737673894093655e+00 -5.865579985371992544e-01 -2.078871662731084924e-01 -7.043528898014037032e-02 -3.116546625795789394e-02 -2.585506618324040842e-02 -3.738357392100172261e-02
4.236454459750711288e-11 1.767780513381300381e-09 6.829956966120607923e-09 1.250944720013002782e-08 1.127597008962094622e-08 -7.061469791499394430e-09 -5.124848664370328991e-08 -1.242223073874863795e-07 -2.206918490102328297e-07 -3.284510868493196997e-07 -4.337833480896597931e-07 -5.293460629681152158e-07 -6.211604527631227765e-07 -7.308325374649615095e-07 -8.905043888739854520e-07 -1.131080371661239774e-06 -1.467996170723154636e-06 -1.891276292035502725e-06 -2.366171885209400812e-06 -2.847681382959030056e-06 -3.301950008378728574e-06 -3.740590286766480476e-06 -4.187388697999580089e-06 -4.839195341545924714e-06 -5.600089065959241523e-06 -6.114471868047125193e-06 -7.429203858566461090e-06 -8.819714520601471921e-06 -1.029348383122488566e-05 -1.169719617924747191e-05 -1.302554885493447431e-05 -1.440807188092119642e-05 -1.610166284327916632e-05 -1.839857472432978859e-05 -2.149487934256553388e-05 -2.537347692688556340e-05 -2.976952044605496822e-05 -3.426129763224183296e-05 -3.847719366658220591e-05 -4.234458243237215416e-05 -4.626149389739473957e-05 -5.107571332154462178e-05 -5.781991024456645121e-05 -6.726659542668495656e-05 -7.948193360908658526e-05 -9.362121910823949027e-05 -1.081644191653794384e-04 -1.216235974089625610e-04 -1.335190727917787287e-04 -1.451950803361806957e-04 -1.599790642322770299e-04 -1.823442673100875860e-04 -2.161378692769404491e-04 -2.624762237031439392e-04 -3.183239595111601633e-04 -3.768764872419686700e-04 -4.303648986551837706e-04 -4.749041189913432055e-04 -5.157279750180172829e-04 -5.701096395807607074e-04 -6.652441726421210334e-04 -8.296065713573904212e-04 -1.079207316273306152e-03 -1.403785177467711592e-03 -1.761081389485231021e-03 -2.088241120360067194e-03 -2.335667153609793760e-03 -2.520503690236277315e-03 -2.784043739734893066e-03 -3.423855459084352952e-03 -4.863347006228575450e-03 -7.524467426677104200e-03 -1.159516229231871004e-02 -1.673533234354717888e-02 -2.185079790114467790e-02 -2.519754788813162102e-02 -2.524572277356699340e-02 -2.302065763245640662e-02 -2.693030022624917988e-02 -6.246597860298719329e-02 -1.868077079406097463e-01 -5.337120743701962988e-01 -1.294599945698531096e+00 -3.281497760660636587e+00 -5.680791563279823819e+00 -2.093772513884166386e+01 4.136105530779683015e+00 -2.765102605879711177e+02 9.689891875385939102e+02 -7.267147347569754857e+03 3.178036886738548856e+04 -7.333072502900023210e+03 9.846752277590313724e+02 -2.842985141099488260e+02 3.923803121928045368e+00 -2.205419846433679609e+01 -6.094384928018031999e+00 -3.545041831254529541e+00 -1.416846385667456465e+00 -5.903654464355573284e-01 -2.092251460009976749e-01 -7.124052714047135471e-02 -3.024564922599936798e-02 -3.484182439306158369e-02
1.100497509151906216e-10 -6.062537798571253172e-11 -4.232669394086128500e-10 -2.117651271459458959e-09 -7.615658151449036358e-09 -2.156868754861537404e-08 -5.043238460454088215e-08 -1.006580249397016156e-07 -1.757696421728905319e-07 -2.737686403545822182e-07 -3.868009837462313828e-07 -5.043645187032596151e-07 -6.196041241862311988e-07 -7.361138114210594948e-07 -8.714185525657312860e-07 -1.053937326785486542e-06 -1.312975845108128531e-06 -1.665042187210659190e-06 -2.103652060711302722e-06 -2.596225301960551035e-06 -3.106914202370285444e-06 -3.575799324648715655e-06 -4.110660590372384337e-06 -4.573956999904118875e-06 -4.650361585905087174e-06 -5.476193030523477051e-06 -6.488981281539038436e-06 -7.813984309782423605e-06 -9.314704773441132428e-06 -1.085835270033169051e-05 -1.232927982077041449e-05 -1.371632690755685191e-05 -1.515440065468802470e-05 -1.690537078394241009e-05 -1.926708868435589674e-05 -2.243920050944163733e-05 -2.640450209086430051e-05 -3.089401151425938711e-05 -3.547948637038161548e-05 -3.978364365249869921e-05 -4.373268383603846882e-05 -4.773021317039477339e-05 -5.263572586252673495e-05 -5.949580188334193260e-05 -6.909297725559160341e-05 -8.149386506115683596e-05 -9.584243233631920553e-05 -1.105990449436067546e-04 -1.242570052981012722e-04 -1.363305011729501904e-04 -1.481793952552035859e-04 -1.631693983385001879e-04 -1.858240384273015578e-04 -2.200322911133620644e-04 -2.669208657070399888e-04 -3.234191949515794850e-04 -3.826479996570386903e-04 -4.367554201586076553e-04 -4.818157418507795580e-04 -5.231159877692692596e-04 -5.781015583909663051e-04 -6.742325327155550231e-04 -8.402532553743064523e-04 -1.092315396121083587e-03 -1.420045291919787593e-03 -1.780775503343721370e-03 -2.111064192686322363e-03 -2.360864427181600701e-03 -2.547481856939868335e-03 -2.813463414373238401e-03 -3.458955483756587408e-03 -4.910945259509288084e-03 -7.594827917894862723e-03 -1.169990381075079050e-02 -1.688297707904053147e-02 -2.204065647535669373e-02 -2.541472867583259576e-02 -2.546332711384351188e-02 -2.322049850558223841e-02 -2.716073607982593535e-02 -6.297223813924612834e-02 -1.882704410335777345e-01 -5.378074200327602750e-01 -1.304437703512383973e+00 -3.306005776340197766e+00 -5.723448904440336271e+00 -2.108918764776022314e+01 4.155458241788938523e+00 -2.784546279684597607e+02 9.757156462595788753e+02 -7.317881394700322744e+03 3.200178228927044256e+04 -7.384083956065238453e+03 9.915557676323995793e+02 -2.862671827388837187e+02 3.958277838102667090e+00 -2.220387676333463389e+01 -6.134582864051206563e+00 -3.568550970436739522e+00 -1.426152352485978936e+00 -5.942210706990026514e-01 -2.109103271296844107e-01 -7.065825475637516062e-02 -3.866723536875915634e-02
1.288246740659352364e-10 -1.997400864701715544e-09 -8.373485712888856241e-09 -1.902244505067643220e-08 -3.169273260089272849e-08 -4.497292471494742755e-08 -6.131882802770167599e-08 -8.824965330120717723e-08 -1.362560891937023047e-07 -2.139616809982115442e-07 -3.229846276898769955e-07 -4.557590016391512381e-07 -5.985352392223545123e-07 -7.392086061831221031e-07 -8.766257894942688774e-07 -1.026331955665778700e-06 -1.218354784816092677e-06 -1.486804716297180087e-06 -1.851967093337361757e-06 -2.317453551574833410e-06 -2.825156949186060181e-06 -3.432125773960268475e-06 -3.917800447676003049e-06 -3.887020459821005324e-06 -4.408984294451042970e-06 -4.964996392788339855e-06 -5.790403897112675417e-06 -6.903259482691432806e-06 -8.293489756121207013e-06 -9.861881198293287018e-06 -1.146740539844281272e-05 -1.299517685550935152e-05 -1.443421930170118768e-05 -1.592238726317537592e-05 -1.772638444758961734e-05 -2.014928905564810995e-05 -2.339413967228447019e-05 -2.744349779557600153e-05 -3.202416396231060389e-05 -3.670130808427142548e-05 -4.109193614059072225e-05 -4.512104349635272303e-05 -4.919779450366260445e-05 -5.419339036855938481e-05 -6.116833215652435268e-05 -7.091519098526697013e-05 -8.350101747916352838e-05 -9.805840495282195539e-05 -1.130280400376840812e-04 -1.268843872681438365e-04 -1.391354839585850958e-04 -1.511569149583149511e-04 -1.663528868978018992e-04 -1.892975298804162377e-04 -2.239218974309926100e-04 -2.713631393766064446e-04 -3.285152552289647343e-04 -3.884237300529516223e-04 -4.431531183202366960e-04 -4.887367600129365140e-04 -5.305153807853138287e-04 -5.861082301406298671e-04 -6.832429909509259462e-04 -8.509361158108180202e-04 -1.105482067378708161e-03 -1.436393785857086871e-03 -1.800590963063623340e-03 -2.134038396508382979e-03 -2.386234374809382414e-03 -2.574647924548902934e-03 -2.843095174508174314e-03 -3.494333229262037814e-03 -4.958975192652223182e-03 -7.665909930994988832e-03 -1.180581483073511219e-02 -1.703236050953385941e-02 -2.223282077513238225e-02 -2.563458009683232744e-02 -2.568358678646453369e-02 -2.342271757688423744e-02 -2.739400243216433620e-02 -6.348554749472652692e-02 -1.897550878725669521e-01 -5.419664038275125995e-01 -1.314431139488548173e+00 -3.330911346910081505e+00 -5.766797351960093465e+00 -2.124321987542022683e+01 4.175341054002729813e+00 -2.804333448064682557e+02 9.825631633170753503e+02 -7.369526722178936325e+03 3.222719796576165754e+04 -7.436022339074880620e+03 9.985613735125637049e+02 -2.882720259560969112e+02 3.993281229957719169e+00 -2.235637346190997476e+01 -6.175561723892199595e+00 -3.592535515681361868e+00 -1.435615386736188936e+00 -5.985087778860271879e-01 -2.111335443754572272e-01 -8.024942825969791360e-02
8.888848243946215593e-11 -3.158129313640539086e-09 -1.333781461857902632e-08 -3.017440971614956588e-08 -4.898118417889111457e-08 -6.441782695386784206e-08 -7.516299668363795726e-08 -8.719762752168803681e-08 -1.133255941682911676e-07 -1.684736786212918644e-07 -2.626303452987575176e-07 -3.949818767711917707e-07 -5.528424862447845652e-07 -7.170331542994645432e-07 -8.722458804303963686e-07 -1.017725807138877754e-06 -1.173219630845008434e-06 -1.372948943833501384e-06 -1.662247979417454497e-06 -2.038079951791274705e-06 -2.596149773708731565e-06 -3.120709371819534279e-06 -3.176255409471738811e-06 -3.721789361786415393e-06 -4.159362121926090411e-06 -4.674665067988534800e-06 -5.319303904754488476e-06 -6.198272652928394610e-06 -7.369445226872463057e-06 -8.817071313733586705e-06 -1.044294410649127923e-05 -1.210374619823678205e-05 -1.368298786366716532e-05 -1.516976048003353976e-05 -1.670451034703212230e-05 -1.855859217672759374e-05 -2.104016999180900185e-05 -2.435557923837320830e-05 -2.848708131982913267e-05 -3.315721339014747904e-05 -3.792452295811838352e-05 -4.240027747765797767e-05 -4.650824897433994024e-05 -5.066315657160544542e-05 -5.574792323390552419e-05 -6.283699820651548519e-05 -7.273301000378529918e-05 -8.550344115246504700e-05 -1.002694615642608499e-04 -1.154519915550502961e-04 -1.295065715315185802e-04 -1.419350661368074993e-04 -1.541288858455976260e-04 -1.695309837297759000e-04 -1.927664369285994519e-04 -2.278086827177490587e-04 -2.758054038202923156e-04 -3.336149137212610690e-04 -3.942068796316228847e-04 -4.495615944708609524e-04 -4.956711249554040339e-04 -5.379304264216390420e-04 -5.941342939172196240e-04 -6.922807164459891024e-04 -8.616611353360440232e-04 -1.118714475256239564e-03 -1.452839273160600082e-03 -1.820537989022427000e-03 -2.157175452144442004e-03 -2.411789917795139921e-03 -2.602015762787734509e-03 -2.872954053859273424e-03 -3.530006078096157175e-03 -5.007459056369267456e-03 -7.737744370991269348e-03 -1.191293917815935098e-02 -1.718354251348572226e-02 -2.242736657462961539e-02 -2.585718868929326800e-02 -2.590658982989408471e-02 -2.362739803747345227e-02 -2.763019325115557631e-02 -6.400609071473582767e-02 -1.912621403910056417e-01 -5.461903522106368314e-01 -1.324583384937785935e+00 -3.356222106960023766e+00 -5.810850211029450207e+00 -2.139986718699249835e+01 4.195756488538451734e+00 -2.824469723602164208e+02 9.895336466793530690e+02 -7.422097766562548713e+03 3.245667858008614348e+04 -7.488902041058429859e+03 1.005693985038839628e+03 -2.903135975474540942e+02 4.028817396029936937e+00 -2.251173963543221390e+01 -6.217379973253329695e+00 -3.616954490272616507e+00 -1.446003206132045138e+00 -6.000928078991294434e-01 -2.314676866711325443e-01
1.291146815532715124e-11 -3.112210593093058567e-09 -1.341805382508202404e-08 -3.111719206071398656e-08 -5.209020402730147075e-08 -7.058607402010048689e-08 -8.330446182629848803e-08 -9.305621319861534406e-08 -1.098760346999739076e-07 -1.484591514171969573e-07 -2.224923437262906289e-07 -3.381799277535275786e-07 -4.901692944278928624e-07 -6.625927864137670192e-07 -8.357994378539375122e-07 -9.972662406788061704e-07 -1.149154699507811540e-06 -1.321690970987667359e-06 -1.526826473424754133e-06 -1.901321487368497477e-06 -2.289173144466755838e-06 -2.306701618291995149e-06 -2.892191485109354865e-06 -3.408801122303300394e-06 -3.948761265186255543e-06 -4.471096643458482900e-06 -5.032669892347146876e-06 -5.724974260272478263e-06 -6.649886948180170834e-06 -7.869439730788018795e-06 -9.368030398414968507e-06 -1.104612689188143798e-05 -1.275801970128048381e-05 -1.438528272373087281e-05 -1.591691134469433544e-05 -1.749581264121816674e-05 -1.939789620990768848e-05 -2.193633953028347437e-05 -2.532072259202778976e-05 -2.953296886910921688e-05 -3.429132249304278954e-05 -3.914768268261660365e-05 -4.370755677845828579e-05 -4.789348228233536881e-05 -5.212574036411067585e-05 -5.729900459325765368e-05 -6.450171433188422348e-05 -7.454658909170579608e-05 -8.750154143006101052e-05 -1.024762629546248030e-04 -1.178718088638262297e-04 -1.321246972075093475e-04 -1.447305933970615820e-04 -1.570968463324898365e-04 -1.727054298584783148e-04 -1.962327447104668106e-04 -2.316949447651557375e-04 -2.802503466408243432e-04 -3.387213067446415127e-04 -4.000010504530292135e-04 -4.559848853980355858e-04 -5.026232507969780224e-04 -5.453658818427392597e-04 -6.021849014098901642e-04 -7.013514412517257105e-04 -8.724349495897306891e-04 -1.132020556268145987e-03 -1.469391338505940522e-03 -1.840627968490325976e-03 -2.180488425587791962e-03 -2.437545458820401540e-03 -2.629600820109509116e-03 -2.903056776402277318e-03 -3.565993329206536104e-03 -5.056421481638829693e-03 -7.810365318337534821e-03 -1.202132498254151506e-02 -1.733658859835094865e-02 -2.262437653598822415e-02 -2.608264878122032449e-02 -2.613243250234032269e-02 -2.383463160588852534e-02 -2.786941234503704026e-02 -6.453406619926557730e-02 -1.927921160089168806e-01 -5.504806403780094781e-01 -1.334897661192474327e+00 -3.381945867095495384e+00 -5.855621054890968402e+00 -2.155917579784863847e+01 4.216707289535714054e+00 -2.844960831570097071e+02 9.966290453511124952e+02 -7.475609274229633229e+03 3.269028819369207849e+04 -7.542737777183460821e+03 1.012955578590381492e+03 -2.923924826990602241e+02 4.064864230765177666e+00 -2.267016110233190673e+01 -6.259945683405550021e+00 -3.643977805826398519e+00 -1.448845205593406016e+00 -6.587437346005869943e-01
-5.782419484489838637e-11 -2.011125536945163524e-09 -9.093500529783170488e-09 -2.244149152794774464e-08 -4.083076069259125258e-08 -6.129956765589483148e-08 -8.094244336288943204e-08 -9.930662705204934148e-08 -1.203866537800673594e-07 -1.530232792590836743e-07 -2.088994083680794851e-07 -2.983660509533559729e-07 -4.256087955663149330e-07 -5.854080559267451378e-07 -7.644747959688870993e-07 -9.451323871197734465e-07 -1.123810895320219502e-06 -1.279827141182570221e-06 -1.532293190264524362e-06 -1.743786503033020514e-06 -1.585370610873103566e-06 -2.030492990711569151e-06 -2.498023613815727087e-06 -3.078868412874921134e-06 -3.680449622538550070e-06 -4.266619101049594295e-06 -4.833478429034136241e-06 -5.433867939773334761e-06 -6.164148656488496063e-06 -7.128778894910687610e-06 -8.391632988440973044e-06 -9.937139039555371509e-06 -1.166410921933087260e-05 -1.342428873207216355e-05 -1.509719986392071644e-05 -1.667165976840806547e-05 -1.829297149099161612e-05 -2.024154850284514497e-05 -2.283554267655256740e-05 -2.628774893111336482e-05 -3.057972824157513612e-05 -3.542540770940578088e-05 -4.037001370032233149e-05 -4.501327318946361572e-05 -4.927648323817865312e-05 -5.358550537742962528e-05 -5.884680808287589464e-05 -6.616287823615054568e-05 -7.635656964194761085e-05 -8.949622247987746887e-05 -1.046799839298041877e-04 -1.202889282184669575e-04 -1.347404390524124286e-04 -1.475239555104843102e-04 -1.600628962509720787e-04 -1.758785655148131452e-04 -1.996991045549869150e-04 -2.355837443572151180e-04 -2.847015349309251278e-04 -3.438385678102040305e-04 -4.058109417402509323e-04 -4.624281990424771328e-04 -5.095987830609111395e-04 -5.528278173476077655e-04 -6.102666701887405915e-04 -7.104626313063929334e-04 -8.832663260061700402e-04 -1.145410874052672605e-03 -1.486062708199330793e-03 -1.860875868671445438e-03 -2.203994264639760545e-03 -2.463519482158241670e-03 -2.657422891152873279e-03 -2.933425026092473156e-03 -3.602320521306374371e-03 -5.105895486980343255e-03 -7.883818185063716857e-03 -1.213103501126282582e-02 -1.749158185848027555e-02 -2.282395280820283950e-02 -2.631107490799060311e-02 -2.636123187431624673e-02 -2.404453403191389449e-02 -2.811179775497086100e-02 -6.506972899585923564e-02 -1.943456278335495835e-01 -5.548387971935537788e-01 -1.345377417075252824e+00 -3.408090768295148898e+00 -5.901123865873973529e+00 -2.172119288654350910e+01 4.238196360706591115e+00 -2.865812614871681490e+02 1.003851349418799941e+03 -7.530076311122232255e+03 3.292809226803987258e+04 -7.597544611791775424e+03 1.020348124271456072e+03 -2.945093505338961108e+02 4.101029129398974682e+00 -2.283137678590721364e+01 -6.309405285825093301e+00 -3.649438352494111637e+00 -1.614170595399077479e+00
-8.643016750552670592e-11 -4.489209168389606190e-10 -2.709979320446911678e-09 -8.883335911401278940e-09 -2.137306446611415371e-08 -4.153894920666815036e-08 -6.871160894574003345e-08 -1.004416473311114627e-07 -1.344006300276231421e-07 -1.711813011364113303e-07 -2.163546896145514580e-07 -2.801457740002420398e-07 -3.739471006882375618e-07 -5.053324599715721608e-07 -6.715616160135153092e-07 -8.679402502929903727e-07 -1.053733355873478527e-06 -1.310914727777692261e-06 -1.471490431675243580e-06 -1.201165491890915928e-06 -1.465545031406058031e-06 -1.742311030743470695e-06 -2.178994689432837139e-06 -2.728150874342625967e-06 -3.354982829430480707e-06 -4.002008071751834197e-06 -4.627039970818114246e-06 -5.228919152577487629e-06 -5.862060503513444838e-06 -6.625412013417434330e-06 -7.625880743445257519e-06 -8.928839628394671753e-06 -1.051858244863571034e-05 -1.229214777510575100e-05 -1.409865932703326527e-05 -1.581553378972886263e-05 -1.743136967304106255e-05 -1.909383432807182506e-05 -2.108782002838676387e-05 -2.373643251137547716e-05 -2.725566242920911440e-05 -3.162668670601926979e-05 -3.655908994464229691e-05 -4.159139977831938505e-05 -4.631754603845288087e-05 -5.065759019012250163e-05 -5.504300921055904074e-05 -6.039212843978657787e-05 -6.782155110119939749e-05 -7.816430798068310355e-05 -9.148915084252121749e-05 -1.068825952976354567e-04 -1.227056015228660750e-04 -1.373563058632583768e-04 -1.503179166278411391e-04 -1.630300971928320866e-04 -1.790538418336107230e-04 -2.031694834475874698e-04 -2.394796885261503351e-04 -2.891642943325495015e-04 -3.489727449778739512e-04 -4.116432597620132256e-04 -4.688988206336934680e-04 -5.166055804435890856e-04 -5.603248254725390213e-04 -6.183893017259778661e-04 -7.196256510581367600e-04 -8.941688919281112107e-04 -1.158901767625525586e-03 -1.502872553281310456e-03 -1.881303437850748899e-03 -2.227716846178643892e-03 -2.489737788242308777e-03 -2.685510345392821008e-03 -2.964091804681664478e-03 -3.639028999596642319e-03 -5.155935736393743238e-03 -7.958176069984850345e-03 -1.224216436115238907e-02 -1.764863970461649084e-02 -2.302623144975695160e-02 -2.654261569837585572e-02 -2.659314618360841473e-02 -2.425728504227387533e-02 -2.835759874388891350e-02 -6.561352094756443820e-02 -1.959235731917457479e-01 -5.592667352005828985e-01 -1.356026554101186887e+00 -3.434665435445521720e+00 -5.947373069819837710e+00 -2.188596660366143709e+01 4.260226401943215890e+00 -2.887031056411426562e+02 1.011202584860454976e+03 -7.585514286420737335e+03 3.317015765976829425e+04 -7.653338059501859789e+03 1.027873492180779294e+03 -2.966657452671755664e+02 4.138198771779834750e+00 -2.301048478378886841e+01 -6.304843763649303767e+00 -4.055848078272302537e+00
-5.973168568472521561e-11 8.519831321128459046e-10 2.773561502072199670e-09 3.259646322434962629e-09 -2.747813715089427686e-09 -2.034253111425377117e-08 -5.166413004882734694e-08 -9.417417943055513964e-08 -1.416583345809517389e-07 -1.879215167125121755e-07 -2.315055911839589668e-07 -2.787781237820358007e-07 -3.436748094284821321e-07 -4.407031061001353480e-07 -5.867123691992920376e-07 -7.570938697207495638e-07 -1.030448398182801917e-06 -1.221213760231321941e-06 -9.699545819778823003e-07 -1.182926286821437510e-06 -1.334786197228668745e-06 -1.586142736339583091e-06 -1.937656632379898842e-06 -2.415430713330719901e-06 -3.007476965474142134e-06 -3.673091149669725667e-06 -4.356235360385088547e-06 -5.014189381914685164e-06 -5.646311655001108847e-06 -6.308470705012091996e-06 -7.101860556599741883e-06 -8.135661662167360092e-06 -9.476611670049326345e-06 -1.110877989899411257e-05 -1.292737120006910415e-05 -1.477885064929346144e-05 -1.653850802178830255e-05 -1.819471133576201771e-05 -1.989748402950400753e-05 -2.193618744508166098e-05 -2.463886583941786334e-05 -2.822468253157202464e-05 -3.267440095265694620e-05 -3.769323342479333563e-05 -4.281298921790499377e-05 -4.762180371981263066e-05 -5.203853626651621148e-05 -5.650034182009151660e-05 -6.193747819096336212e-05 -6.948072483867275852e-05 -7.997330169998808681e-05 -9.348431699954290908e-05 -1.090885417583687398e-04 -1.251266978762403655e-04 -1.399776146752531659e-04 -1.531183524612382758e-04 -1.660050834174238410e-04 -1.822389000194972290e-04 -2.066527519244802939e-04 -2.433929950774224419e-04 -2.936501637643393380e-04 -3.541365638694452347e-04 -4.175117958242499996e-04 -4.754116744199513283e-04 -5.236601119691666967e-04 -5.678757249346528006e-04 -6.265750376118320352e-04 -7.288672121036080193e-04 -9.051744819006902684e-04 -1.172530192922740470e-03 -1.519862345236763302e-03 -1.901955946069680591e-03 -2.251705307694374866e-03 -2.516255263288419072e-03 -2.713928204901420050e-03 -2.995139003730883185e-03 -3.676225286121034830e-03 -5.206679860915770612e-03 -8.033610429698955294e-03 -1.235491607399332066e-02 -1.780799132073741450e-02 -2.323146511937552658e-02 -2.677755765992364395e-02 -2.682853210755217419e-02 -2.447338647267725126e-02 -2.860758609687510945e-02 -6.616666623249732593e-02 -1.975278991975119303e-01 -5.637675972736793106e-01 -1.366850198763796209e+00 -3.461679543024952732e+00 -5.994384044318509908e+00 -2.205354752826938025e+01 4.282794526326986428e+00 -2.908622443780744220e+02 1.018684770901580123e+03 -7.641939053719002004e+03 3.341655239842872106e+04 -7.710134369644301842e+03 1.035531379946336074e+03 -2.988601496055454732e+02 4.138493528730325721e+00 -2.305518188188615625e+01 -7.306267838813666593e+00
6.064301216446744277e-12 1.370623185734502873e-09 5.148829406544388834e-09 9.066953107100357243e-09 7.457424606228284441e-09 -6.323769039481333184e-09 -3.645046258247488572e-08 -8.194137007372659260e-08 -1.364613292254635699e-07 -1.912273081911059337e-07 -2.399119739525599572e-07 -2.839138786245835578e-07 -3.325012637801965636e-07 -4.087701594601228764e-07 -5.068626423735489170e-07 -7.255612890125473743e-07 -8.993598612582799331e-07 -6.790550693703108934e-07 -9.240126382577748509e-07 -1.085398766431898700e-06 -1.284494040974411589e-06 -1.506188182252474673e-06 -1.792909393889983341e-06 -2.181276062870704517e-06 -2.693131151584228821e-06 -3.318966563416117905e-06 -4.017558533457513527e-06 -4.732144963791759519e-06 -5.419371667763982187e-06 -6.078797907498650270e-06 -6.767582538362429500e-06 -7.589030504861188777e-06 -8.654493064648640188e-06 -1.003199552081653690e-05 -1.170533195052209717e-05 -1.356784741102401600e-05 -1.546334167106114805e-05 -1.726498131406603009e-05 -1.896090748457048903e-05 -2.070349452781868383e-05 -2.278655488282469086e-05 -2.554304268850550748e-05 -2.919526227113956038e-05 -3.372353950821849097e-05 -3.882870794197727918e-05 -4.403587519164689089e-05 -4.892742089515541979e-05 -5.342105421642075679e-05 -5.795965878096976976e-05 -6.348545783903233105e-05 -7.114340951986122504e-05 -8.178689148683057023e-05 -9.548531385026357932e-05 -1.113016509680445618e-04 -1.275563729655657629e-04 -1.426090628680300664e-04 -1.559307877933002729e-04 -1.689944662884692369e-04 -1.854415585222861482e-04 -2.101578485621727723e-04 -2.473334564395292647e-04 -2.981694893660076615e-04 -3.593408196006097504e-04 -4.234281057162867434e-04 -4.819798980897537703e-04 -5.307782954243704925e-04 -5.755004164435574294e-04 -6.348484690767741993e-04 -7.382164056072386404e-04 -9.163155687088189814e-04 -1.186330494442949021e-03 -1.537067482147665577e-03 -1.922871030418221586e-03 -2.276003654763715002e-03 -2.543129251357835897e-03 -2.742755351497863300e-03 -3.026673508008359895e-03 -3.714045684168572944e-03 -5.258288089557624188e-03 -8.110294806168521359e-03 -1.246946825379597994e-02 -1.796982451719532359e-02 -2.343988445163824874e-02 -2.701624538892883481e-02 -2.706795554085392533e-02 -2.469374887881789493e-02 -2.886311709328105019e-02 -6.673101428319185013e-02 -1.991609444675265239e-01 -5.683443468376010443e-01 -1.377852552517385032e+00 -3.489141614521189094e+00 -6.042172870157163089e+00 -2.222399482201004872e+01 4.305871973991515667e+00 -2.930593894065713130e+02 1.026299826297476557e+03 -7.699367197631694580e+03 3.366734566989380255e+04 -7.767953531048729928e+03 1.043329405052401171e+03 -3.011616761849866748e+02 4.397533462516961755e+00 -2.494821364838645650e+01
7.531660534505634038e-11 9.893502593295258810e-10 3.824962540625530664e-09 6.966130743963911329e-09 6.227138772090764517e-09 -3.958477337148383247e-09 -2.819325839667655312e-08 -6.777318773939860205e-08 -1.195592923611283339e-07 -1.768834047159770114e-07 -2.328856605285278291e-07 -2.831388886618083045e-07 -3.377074436678790335e-07 -3.854588737094372625e-07 -5.295878020510348868e-07 -6.275065665846920429e-07 -3.652842879274831168e-07 -5.933490510245051408e-07 -7.758776006157324022e-07 -1.008337009137327590e-06 -1.238350527897055405e-06 -1.470846722506869425e-06 -1.725458384060191916e-06 -2.040913119672210073e-06 -2.457481537917334588e-06 -2.997984475537552562e-06 -3.653251213321029913e-06 -4.381450190840317084e-06 -5.124818661471332622e-06 -5.839252181046306666e-06 -6.524411156965656497e-06 -7.238649091121222189e-06 -8.087278677968753380e-06 -9.183723526341080529e-06 -1.059722520393555297e-05 -1.231127910772770622e-05 -1.421740151275444378e-05 -1.615679730391205300e-05 -1.800058551682972007e-05 -1.973672051682756617e-05 -2.151990328065184313e-05 -2.364830827596293487e-05 -2.645967965937595824e-05 -3.017937069695685485e-05 -3.478726454665662560e-05 -3.997992777020583282e-05 -4.527597432837435882e-05 -5.025225963059728725e-05 -5.482549783193771962e-05 -5.944429733870487507e-05 -6.506266539632574761e-05 -7.283945129766526575e-05 -8.363794603278436291e-05 -9.752783148822419669e-05 -1.135605814069618174e-04 -1.300370162031996726e-04 -1.452982019079809253e-04 -1.588097815147946549e-04 -1.720615503937453553e-04 -1.887349099763997056e-04 -2.137676509091243583e-04 -2.513928629821005696e-04 -3.028220490113559091e-04 -3.646935615064746984e-04 -4.295112141787555565e-04 -4.887391114305068276e-04 -5.381201271910667112e-04 -5.833911544340205290e-04 -6.434393481939729934e-04 -7.479409645804370064e-04 -9.278936576431261012e-04 -1.200632398167191797e-03 -1.554845504024443071e-03 -1.944446458251285073e-03 -2.301080450787114720e-03 -2.570946720917182890e-03 -2.772751625800184624e-03 -3.059671218266708011e-03 -3.753694481682325230e-03 -5.312165462535252056e-03 -8.189782870669477105e-03 -1.258749725603620570e-02 -1.813602300909648510e-02 -2.365387285943851628e-02 -2.726212749477864225e-02 -2.731674040212780930e-02 -2.492644397609930507e-02 -2.913559046879746553e-02 -6.732112929540927382e-02 -2.008392635532836590e-01 -5.730138580303539841e-01 -1.389050842899856031e+00 -3.517077877945499864e+00 -6.090800710277703089e+00 -2.239749995682301886e+01 4.329064671523525476e+00 -2.952961169390016494e+02 1.034047513095242266e+03 -7.757819007453888844e+03 3.392259282946911844e+04 -7.826802851191268019e+03 1.051036442759654165e+03 -3.026819432317910241e+02 -1.448702496199218537e+00
1.124363472131044922e-10 -9.804837779994431700e-13 -9.714034663775835202e-11 -9.564988794262879277e-10 -4.063741818830323715e-09 -1.204408605902485347e-08 -2.830778734259285104e-08 -5.605291848416036598e-08 -9.676879096899989847e-08 -1.493478645842132132e-07 -2.086652458227576296e-07 -2.757325420199988228e-07 -3.257501551514002523e-07 -4.453399030355678746e-07 -4.902874974926026558e-07 -1.661347478638230796e-07 -3.163376104627097980e-07 -4.440449969038560091e-07 -6.589256122305085841e-07 -9.085049640201140379e-07 -1.174128344383964503e-06 -1.436254273976120929e-06 -1.695212779740900109e-06 -1.973819818348111222e-06 -2.312237364185657000e-06 -2.752291600412339362e-06 -3.317676190144277070e-06 -3.999248556274569254e-06 -4.754406134499678473e-06 -5.524244003132376892e-06 -6.263793512805112687e-06 -6.972730341910540951e-06 -7.710554399641409549e-06 -8.584577939896866921e-06 -9.710317414425467908e-06 -1.115825442394074434e-05 -1.291158205849451573e-05 -1.485993552350037373e-05 -1.684182568293684474e-05 -1.872620779121515606e-05 -2.050076472638757478e-05 -2.232251657174633028e-05 -2.449408610293638181e-05 -2.735815762789264291e-05 -3.114327374873874794e-05 -3.582891564970967600e-05 -4.110726156398178898e-05 -4.649015496876309297e-05 -5.154858678120062987e-05 -5.619802526028709356e-05 -6.089279116550479269e-05 -6.659896508013535591e-05 -7.448979532784237351e-05 -8.543898145557805412e-05 -9.951665824678978536e-05 -1.157624342071102971e-04 -1.324565554766941086e-04 -1.479203702691244771e-04 -1.616131480384192095e-04 -1.750414316542890202e-04 -1.919275676680931087e-04 -2.172632818213317708e-04 -2.553266770635481317e-04 -3.073406107449151671e-04 -3.699057081977370157e-04 -4.354452390972651148e-04 -4.953335878444927376e-04 -5.452697292266790686e-04 -5.910490167300351755e-04 -6.517476724869565759e-04 -7.573337039026988319e-04 -9.391025731635762068e-04 -1.214547044036983761e-03 -1.572233552794294201e-03 -1.965624911492881190e-03 -2.325715706498579158e-03 -2.598205042077077632e-03 -2.801980205911088016e-03 -3.091623430319759367e-03 -3.792024837374905269e-03 -5.364572489751791816e-03 -8.267883030644273754e-03 -1.270448512464038456e-02 -1.830164010166665176e-02 -2.386744759234854865e-02 -2.750683828347050275e-02 -2.756202796460566554e-02 -2.515162471033526373e-02 -2.939619581841098825e-02 -6.789913566094940567e-02 -2.025189707273845618e-01 -5.777324858414616404e-01 -1.400407307116826372e+00 -3.545451077617221003e+00 -6.140182700170035091e+00 -2.257381883881921780e+01 4.353231398674334507e+00 -2.975709981704720235e+02 1.041935416045602778e+03 -7.817302323215686556e+03 3.418240258704721055e+04 -7.886716045850493174e+03 1.059158057677851957e+03 -3.053320754529755732e+02
9.920367321392105362e-11 -1.092874265024922586e-09 -4.579815067488518950e-09 -1.048615322596004238e-08 -1.766997070678983694e-08 -2.542074554372845944e-08 -3.502972414486832426e-08 -5.038904979369784467e-08 -7.708436839663405871e-08 -1.189755694253828489e-07 -1.811906681057101463e-07 -2.379376490647478008e-07 -3.694452397371081916e-07 -4.168513303298512370e-07 -8.479894414312219015e-08 -1.825810033280596422e-07 -2.359325035137955442e-07 -3.717292827651924090e-07 -5.639201007078200932e-07 -8.118299222014438298e-07 -1.095158303349798090e-06 -1.390206034675915476e-06 -1.679444833291903718e-06 -1.963435615194860180e-06 -2.265836286717305715e-06 -2.627889647499784271e-06 -3.092622780778252483e-06 -3.684681598256692074e-06 -4.395305486335887394e-06 -5.181577078434133756e-06 -5.983753005877797063e-06 -6.755944756806474593e-06 -7.497376648213561982e-06 -8.267981031047844429e-06 -9.176449048205232668e-06 -1.034024278292089431e-05 -1.183163951635722442e-05 -1.363471190497927773e-05 -1.563860631136499771e-05 -1.768012300207631824e-05 -1.962608107752869836e-05 -2.146279373817087163e-05 -2.334776853339510147e-05 -2.558640428717183369e-05 -2.852586779820097656e-05 -3.239935644769376854e-05 -3.718923728328447123e-05 -4.258733992841890658e-05 -4.810179066163744552e-05 -5.329811138163022065e-05 -5.808756551187806323e-05 -6.292480208437319902e-05 -6.878271396757109247e-05 -7.684711447897949626e-05 -8.800624714014722511e-05 -1.023410122749251371e-04 -1.188926740595913189e-04 -1.359320807184904436e-04 -1.517636946821915897e-04 -1.658315543581167487e-04 -1.796404591126571609e-04 -1.969338379552057591e-04 -2.227484263753814694e-04 -2.614205480482941933e-04 -3.142234512692576695e-04 -3.777762697106157351e-04 -4.444741265303489564e-04 -5.056234677675156605e-04 -5.568503707414600027e-04 -6.039296683596543074e-04 -6.660285757029363188e-04 -7.733479178229219061e-04 -9.575280664623693786e-04 -1.236415660322034071e-03 -1.598784304257968225e-03 -1.998011562649398051e-03 -2.364678323522179364e-03 -2.643915908808909358e-03 -2.854330971954468707e-03 -3.151167109761032585e-03 -3.861573037076726327e-03 -5.451080189172115981e-03 -8.383782704896931837e-03 -1.286725921745199980e-02 -1.853043234835652711e-02 -2.417632077718802688e-02 -2.789653822442897391e-02 -2.801637945830909304e-02 -2.565236306483572107e-02 -2.998169317201348702e-02 -6.881755472566040976e-02 -2.045354688849917169e-01 -5.828731844752517155e-01 -1.412671011947009170e+00 -3.576385250846366937e+00 -6.196354183126920212e+00 -2.276781545375660087e+01 4.340955711633476710e+00 -2.999523875226977907e+02 1.049733803320223387e+03 -7.877849027871924591e+03 3.444400478198043857e+04 -7.938448283049855490e+03 9.953164709128961931e+02
4.812575897535275186e-11 -1.720337841076491785e-09 -7.247109203472572415e-09 -1.638214281435029644e-08 -2.658404712991999144e-08 -3.499087606617147013e-08 -4.092874259832456495e-08 -4.775864131372019750e-08 -6.190414128102086695e-08 -9.406593439078974322e-08 -1.335280355949620278e-07 -2.666191276200930718e-07 -3.198119745970038200e-07 -1.416494074247137753e-08 -1.116899718447372930e-07 -1.399899858745358126e-07 -2.165362214568168677e-07 -3.241795072137587633e-07 -4.828637282330311462e-07 -6.979113743124046919e-07 -9.634921862894328479e-07 -1.260824051177197983e-06 -1.565992419014147193e-06 -1.862079275556649114e-06 -2.150824154631676481e-06 -2.457422074297304962e-06 -2.824377139760538377e-06 -3.295062946054288948e-06 -3.893241941341451521e-06 -4.608293503887104629e-06 -5.395268244496992598e-06 -6.193263319399819973e-06 -6.956884699201993557e-06 -7.687556586378544690e-06 -8.448256225671611568e-06 -9.350052041988860617e-06 -1.051061022970480971e-05 -1.199953770646065573e-05 -1.379601835060741367e-05 -1.578406541116558922e-05 -1.779765255764623747e-05 -1.970498976707391978e-05 -2.149809952247014289e-05 -2.334231318438093324e-05 -2.554905211421318849e-05 -2.846571718347058633e-05 -3.231798506103088231e-05 -3.707456119836724805e-05 -4.241275614221874397e-05 -4.783244560291793944e-05 -5.290284620913880800e-05 -5.755165602559964591e-05 -6.225676840057248131e-05 -6.800967224148171100e-05 -7.599758872693132517e-05 -8.708571789602764215e-05 -1.013109895730855204e-04 -1.176655442971241152e-04 -1.343894540829415260e-04 -1.497957927022353260e-04 -1.633829681591123168e-04 -1.767390324337171463e-04 -1.936801911757605001e-04 -2.192567965558244499e-04 -2.577242820356584192e-04 -3.101827047673918992e-04 -3.730386498463590856e-04 -4.385302584342717761e-04 -4.979648974584498320e-04 -5.471835779403222497e-04 -5.923486815537079217e-04 -6.530257803143430916e-04 -7.595742025934855554e-04 -9.433074547137531955e-04 -1.221155727793051329e-03 -1.580555320487832868e-03 -1.973617971991414866e-03 -2.330452380580067245e-03 -2.597188083385550475e-03 -2.795112403143123255e-03 -3.083150278150843283e-03 -3.791310126544841438e-03 -5.384396363360478485e-03 -8.319297533215029225e-03 -1.278836664019886334e-02 -1.839904409442728178e-02 -2.393352874233560870e-02 -2.747641583949653188e-02 -2.737831415447343486e-02 -2.483373611320326135e-02 -2.916486590628980871e-02 -6.839777437762997736e-02 -2.051371130028940837e-01 -5.853879905327855626e-01 -1.417578825477998405e+00 -3.586220909849300753e+00 -6.199506503195668650e+00 -2.282942206484351999e+01 4.583978494229694611e+00 -3.015593551499607656e+02 1.057939612884226108e+03 -7.930240645000261793e+03 3.468299347880944697e+04 -7.765486223138622336e+03
-3.655724492160507573e-11 -2.033477922153556175e-09 -8.824257273370656694e-09 -2.063631304195908810e-08 -3.501123934208233074e-08 -4.838292308595728975e-08 -5.869458889556009165e-08 -6.748208664590786176e-08 -8.232450163563693026e-08 -1.066429455221297134e-07 -1.909665344470725615e-07 -1.541771065004567433e-07 1.181263463962642932e-07 -5.914291966608239516e-09 -7.987684432731003249e-08 -1.915413291530303291e-07 -3.080416524487033239e-07 -4.424453782811703208e-07 -6.112048809080009900e-07 -8.351448444943250347e-07 -1.127402498942035057e-06 -1.485677894330076547e-06 -1.890668766809243577e-06 -2.313479027935333808e-06 -2.730014062624010539e-06 -3.136410059614164440e-06 -3.557647203428629438e-06 -4.043295099650578066e-06 -4.649654114950909596e-06 -5.414542910082649675e-06 -6.336201697845715084e-06 -7.368346758884524140e-06 -8.437779711993672680e-06 -9.480698694120708389e-06 -1.048326703910191886e-05 -1.150626360397711143e-05 -1.267720159233148062e-05 -1.414617694998613048e-05 -1.601973248670885775e-05 -1.830205349937458640e-05 -2.087620070639438694e-05 -2.354557100284960283e-05 -2.612941365794062751e-05 -2.857650606921511397e-05 -3.104236950585557877e-05 -3.387990274238715570e-05 -3.752534434180083186e-05 -4.231117019256915973e-05 -4.828453480226484494e-05 -5.512936655239152154e-05 -6.226352691483975975e-05 -6.911206289001873898e-05 -7.546501584667065197e-05 -8.175640025100488714e-05 -8.909309340203049022e-05 -9.893957981425067127e-05 -1.125188664560951816e-04 -1.301580409304520984e-04 -1.509142540623930977e-04 -1.727826628114788928e-04 -1.935808207726125814e-04 -2.122835707047950136e-04 -2.302536864091485748e-04 -2.516728126789678343e-04 -2.826375972034348956e-04 -3.288935347151264216e-04 -3.929120793372273073e-04 -4.716446416568017609e-04 -5.565228798372787123e-04 -6.367320903570635078e-04 -7.055082053972621140e-04 -7.674747997634646327e-04 -8.434899911409756085e-04 -9.691534145302977245e-04 -1.184510860244666463e-03 -1.516127241618772442e-03 -1.957589218216383795e-03 -2.459013099213148024e-03 -2.938023207218847226e-03 -3.320743324798006765e-03 -3.611186029967424112e-03 -3.970709687087848640e-03 -4.770526746688888431e-03 -6.567446790883116163e-03 -9.954079511077846068e-03 -1.526446294322452400e-02 -2.218127259324735590e-02 -2.940064535720619474e-02 -3.468193946649990311e-02 -3.583176930332880594e-02 -3.353684439105884818e-02 -3.736217726794723026e-02 -7.783286311339226993e-02 -2.252954181562150104e-01 -6.435895412262053750e-01 -1.581601514690573973e+00 -3.989772713324035713e+00 -7.194121559825984669e+00 -2.471459194989763120e+01 -1.229542331118811616e+00 -3.042428896881589253e+02 9.943606327616325871e+02 -7.757913865884764164e+03 3.312350809397382545e+04
