1.990181697105989952e+04 -6.599548177661284171e+03 7.262687336040081618e+02 -3.576310301003666723e+02 -3.972100735987298492e+01 -4.659347658541684467e+01 -1.919714015367207693e+01 -1.043898516262444787e+01 -4.752353586571694599e+00 -2.047775333040863011e+00 -7.417237005296165586e-01 -2.116115802267016233e-01 -4.871995438519591964e-02 -3.652156351695518693e-02 -6.413254319322705954e-02 -8.475311346627471820e-02 -8.629233188419860312e-02 -7.266979368783900439e-02 -5.254621275379631196e-02 -3.345284078672569605e-02 -1.957923724398889093e-02 -1.183026163258411173e-02 -8.924968487298370196e-03 -8.724862209187559531e-03 -9.272231485912909438e-03 -9.339637423874233915e-03 -8.521917141429741563e-03 -7.019356419647272693e-03 -5.305190800006681119e-03 -3.829220109363267507e-03 -2.843623491802409111e-03 -2.366516334042153679e-03 -2.246109150139752233e-03 -2.268273307811072542e-03 -2.253556250110925769e-03 -2.111383735411077184e-03 -1.844843208182094700e-03 -1.518872859959561998e-03 -1.214666480610552971e-03 -9.912391226329260452e-04 -8.666635502628491135e-04 -8.207425939077881392e-04 -8.121604765299465008e-04 -7.997269358597865370e-04 -7.582700867652452867e-04 -6.842887539636080367e-04 -5.916492417989302434e-04 -5.013770839232506264e-04 -4.310484171784972158e-04 -3.880590673747216931e-04 -3.686086760941293360e-04 -3.615141129062772181e-04 -3.542326576520536978e-04 -3.381896618700971110e-04 -3.113629609867494099e-04 -2.776586716229353436e-04 -2.439777790831717402e-04 -2.166419924576637685e-04 -1.987782125081769219e-04 -1.895424846225020766e-04 -1.851607097691617884e-04 -1.810036763824810044e-04 -1.736460429452006834e-04 -1.620536414222319805e-04 -1.475569347727854303e-04 -1.328393688241856225e-04 -1.205318025528848684e-04 -1.120735023248338376e-04 -1.072725975614697468e-04 -1.046338928965722851e-04 -1.021899952414990158e-04 -9.840028747912930765e-05 -9.272688421505771922e-05 -8.569336389646777614e-05 -7.848202182209111600e-05 -7.231285788839924374e-05 -6.790140443729517658e-05 -6.521539042981615417e-05 -6.358927274402491944e-05 -6.209490606428553551e-05 -5.997279364081342873e-05 -5.692966097222921650e-05 -5.319393603907885863e-05 -4.933874645686326792e-05 -4.598066227017872374e-05 -4.350115607771876521e-05 -4.190741848244295033e-05 -4.087453902559705420e-05 -3.992653506066950775e-05 -3.865986839241528533e-05 -3.690710634456257510e-05 -3.477708636288705924e-05 -3.257006395071888785e-05 -3.062002551767028770e-05 -2.914202284521207376e-05 -2.815033424234743596e-05 -2.747442953404772236e-05 -2.685466055141481605e-05 -2.606424905883648159e-05 -2.501427932968954774e-05 -2.372937444151171474e-05 -2.262164680951967360e-05 -2.067756470119686379e-05 -2.557396574278152161e-05
-3.598127374662396960e+03 2.281910686505977719e+04 -6.073025080942061322e+03 7.629054289197683829e+02 -2.921146076399088543e+02 -1.807219539410917619e+01 -3.259914844678818469e+01 -1.212321500163420041e+01 -6.610967216264309165e+00 -2.852444789967494732e+00 -1.180446137039329546e+00 -4.106185656500341286e-01 -1.274428541509366741e-01 -5.580593773899962529e-02 -5.966399909397647472e-02 -7.488793852244367277e-02 -7.904003812270184171e-02 -7.008101988280066030e-02 -5.374892469120878119e-02 -3.659395858183790706e-02 -2.296078429760838382e-02 -1.439120496151835744e-02 -1.030507414341738995e-02 -9.082520711485035994e-03 -9.019055274082164730e-03 -8.906762174100418469e-03 -8.211346022387393598e-03 -6.955876779991625701e-03 -5.463929560267072501e-03 -4.102645583649889953e-03 -3.112391569331420492e-03 -2.548583701142123625e-03 -2.315684946145913064e-03 -2.247803851012197384e-03 -2.190559161248354855e-03 -2.053303707384166246e-03 -1.821374473194015391e-03 -1.536181528527042839e-03 -1.260012217544799907e-03 -1.043414150414655444e-03 -9.067664053566907439e-04 -8.390751441947031600e-04 -8.097694894092578085e-04 -7.853126278858076157e-04 -7.428774195450201130e-04 -6.763798030144244425e-04 -5.943646205059181353e-04 -5.125772408819775135e-04 -4.454251979604397600e-04 -4.000390760012047155e-04 -3.747020150932671087e-04 -3.612969003233318290e-04 -3.498811924099778361e-04 -3.330468567051324356e-04 -3.083368107106967460e-04 -2.781220159565865884e-04 -2.475179375442750659e-04 -2.215929046926060422e-04 -2.031587096952853632e-04 -1.919471111191606500e-04 -1.852403666641882238e-04 -1.794203928452958307e-04 -1.716160343733469471e-04 -1.607407529561528676e-04 -1.475968725620313917e-04 -1.341657956511305659e-04 -1.225270925335696071e-04 -1.139245107599856047e-04 -1.083484015618839781e-04 -1.047247315915045897e-04 -1.015287066741225338e-04 -9.749384169274644856e-05 -9.209840671362462322e-05 -8.565767000166207119e-05 -7.904454819982380330e-05 -7.321497122253920798e-05 -6.877135151837509999e-05 -6.574459631434470411e-05 -6.365564608389379553e-05 -6.178878035567623506e-05 -5.952807677547166466e-05 -5.660353906625947867e-05 -5.315327170583193032e-05 -4.960092695449224207e-05 -4.642678216995875821e-05 -4.394580842292300559e-05 -4.218798663140786780e-05 -4.091870692746472411e-05 -3.977206831780700987e-05 -3.842427153450001388e-05 -3.672655723538020091e-05 -3.474513326793026081e-05 -3.270232455329283696e-05 -3.085715555462153104e-05 -2.938482892052575774e-05 -2.830791048280432233e-05 -2.750295953172633053e-05 -2.677100109203813357e-05 -2.593155114777426939e-05 -2.490908196021590179e-05 -2.370644969086322418e-05 -2.269366677035837925e-05 -2.080839171118584475e-05 -2.573546365237514347e-05
4.894265933750988893e+02 -4.676310725518358595e+03 2.312342147267211840e+04 -5.829651726864158263e+03 7.575819368068433732e+02 -2.630630510859225524e+02 -9.623489834580988500e+00 -2.657528437729760284e+01 -9.215317579749644494e+00 -5.104816825870596375e+00 -2.175610147252768023e+00 -9.172580155356722109e-01 -3.386854128054192503e-01 -1.251194187168313821e-01 -6.595338495253970368e-02 -6.141935954146453963e-02 -6.581058675304092553e-02 -6.387132401146386473e-02 -5.446904067993275922e-02 -4.145548246832419376e-02 -2.891651077822349550e-02 -1.931537010611689489e-02 -1.328394571708864380e-02 -1.019054532951106651e-02 -8.882781038356442338e-03 -8.276053047545698510e-03 -7.666419426437543101e-03 -6.783814156219566786e-03 -5.679166158379773087e-03 -4.550516328535528753e-03 -3.591257795365555144e-03 -2.903975635561409103e-03 -2.483839301790323906e-03 -2.251297846293863307e-03 -2.103384182988436279e-03 -1.957689610468762217e-03 -1.774735271097431120e-03 -1.557020681142182042e-03 -1.332576647882105850e-03 -1.133925128929792444e-03 -9.819493763562532097e-04 -8.794185315216802683e-04 -8.138299501954314149e-04 -7.658272943852397754e-04 -7.182388561818577825e-04 -6.619724956888912298e-04 -5.971903514717077964e-04 -5.304797487254577599e-04 -4.701643928697682049e-04 -4.220865694433870402e-04 -3.874711940167632307e-04 -3.632374448544903539e-04 -3.440616172339940569e-04 -3.249425345429486352e-04 -3.030891768608561312e-04 -2.784988516119170691e-04 -2.532587407234685307e-04 -2.301295096000787745e-04 -2.111482669261370419e-04 -1.968273399500073035e-04 -1.861664931404688689e-04 -1.773106102088379350e-04 -1.684517176940969593e-04 -1.585478335493570453e-04 -1.475875670123505596e-04 -1.363725026865397207e-04 -1.259950096559242017e-04 -1.172875947738670157e-04 -1.104824333884057329e-04 -1.051890922546301762e-04 -1.006462865334207678e-04 -9.609305194730838285e-05 -9.108105115209828135e-05 -8.560325527611900977e-05 -8.001297879765534554e-05 -7.480152768241999425e-05 -7.035162258698591706e-05 -6.677693849550898008e-05 -6.390344372980448831e-05 -6.137922605890897432e-05 -5.884625747028519627e-05 -5.609032507481300840e-05 -5.310757795258230215e-05 -5.007045303688280205e-05 -4.722208747802773382e-05 -4.475503218452316138e-05 -4.272903885335480235e-05 -4.105849813379733234e-05 -3.956540535295711058e-05 -3.806611652552131933e-05 -3.644949382260071364e-05 -3.471337838936644152e-05 -3.294886143516999923e-05 -3.128578513181696488e-05 -2.982830771911099189e-05 -2.860998901524343743e-05 -2.758566671321444996e-05 -2.665971033364937357e-05 -2.573182227572432866e-05 -2.475122777568555113e-05 -2.368526774070368651e-05 -2.283312136850546562e-05 -2.104781206814669895e-05 -2.603441738425432385e-05
-1.077791358856689641e+02 6.138148221246605090e+02 -4.906309072846774143e+03 2.319515352943624748e+04 -5.703192660961974980e+03 7.514571474295378266e+02 -2.480823311372010664e+02 -5.676599977462533531e+00 -2.364758675113026953e+01 -7.877108070925721961e+00 -4.437145176926033940e+00 -1.894206031170798221e+00 -8.138391211826874194e-01 -3.094327904939614404e-01 -1.179520116690385145e-01 -6.012024287513885457e-02 -5.184712867961200483e-02 -5.394925181961504612e-02 -5.258051478750385560e-02 -4.573898144076037064e-02 -3.585431666004661871e-02 -2.592041153252691923e-02 -1.791542709006987630e-02 -1.251414059821392803e-02 -9.422769956999230839e-03 -7.884801027911158069e-03 -7.109432274218467976e-03 -6.523069805312933789e-03 -5.842581121444972471e-03 -5.025335845946073306e-03 -4.163720420066588379e-03 -3.381099814524986345e-03 -2.762835955299079368e-03 -2.330706112284306516e-03 -2.052329686799743251e-03 -1.868336663530501983e-03 -1.720716239143901469e-03 -1.571501273966686030e-03 -1.408072973758124928e-03 -1.237667747007546986e-03 -1.076502828257605527e-03 -9.392665607093540715e-04 -8.327220424821195344e-04 -7.544961391707316958e-04 -6.959482855441439381e-04 -6.467600986475241986e-04 -5.989909501019720145e-04 -5.491515375311095768e-04 -4.980215991801248627e-04 -4.488850585182524683e-04 -4.052730000445580469e-04 -3.692335874168195119e-04 -3.406657012350010881e-04 -3.177127864140078038e-04 -2.977943120016603900e-04 -2.787020997439775927e-04 -2.593056346122552544e-04 -2.396689786827658065e-04 -2.206669952076526745e-04 -2.033673467261339486e-04 -1.884791233257718994e-04 -1.760768439271774620e-04 -1.656510983564790250e-04 -1.563952664621212033e-04 -1.475610984836801332e-04 -1.387222058776986012e-04 -1.298556165658168850e-04 -1.212430963434732293e-04 -1.132678565588820081e-04 -1.062107533046156681e-04 -1.001299574635130857e-04 -9.485870319027847250e-05 -9.009962444211936977e-05 -8.555863553062527393e-05 -8.105500285149063887e-05 -7.656532840913001902e-05 -7.219476608652014213e-05 -6.809977399602227600e-05 -6.440342020290205547e-05 -6.113997239782488437e-05 -5.824713643416476049e-05 -5.560134521278293883e-05 -5.307385553854954867e-05 -5.058067963156885079e-05 -4.810597527824881357e-05 -4.569320090454970126e-05 -4.341276864947850897e-05 -4.132346575185593692e-05 -3.944507555478996957e-05 -3.775205870111725709e-05 -3.618792144832984000e-05 -3.469103044358781289e-05 -3.321914262360610995e-05 -3.176232639588486662e-05 -3.034032884562360788e-05 -2.898777342327271109e-05 -2.773520191977842485e-05 -2.659520286173244636e-05 -2.555692539938370970e-05 -2.460333378039014900e-05 -2.367096077784813785e-05 -2.298770773586006534e-05 -2.131376309754403427e-05 -2.638351008436413570e-05
8.399769002695229858e+00 -1.548913204035714557e+02 6.492429175986859491e+02 -5.014924691930784320e+03 2.322894299945921375e+04 -5.629832747528968866e+03 7.466041142262063204e+02 -2.393964692313662681e+02 -3.609792931536014216e+00 -2.203337162917700454e+01 -7.159053694381414701e+00 -4.073179504650838112e+00 -1.734873224130058400e+00 -7.469993215771195683e-01 -2.822818697093491536e-01 -1.047414199054516326e-01 -5.079899983773372707e-02 -4.359337970860575201e-02 -4.669260891083534121e-02 -4.676877109281889905e-02 -4.152027629106836565e-02 -3.298800259002840352e-02 -2.397039676999137767e-02 -1.646462943386790487e-02 -1.128869624316439745e-02 -8.311482777709256614e-03 -6.889306260071469123e-03 -6.273141089804897333e-03 -5.875137945225276416e-03 -5.373304946166983925e-03 -4.690719604219740525e-03 -3.906314858718588565e-03 -3.152372755287983705e-03 -2.536626389609296373e-03 -2.104453137918791458e-03 -1.838782566475386741e-03 -1.683646786586558272e-03 -1.574697703768828489e-03 -1.463408967366481867e-03 -1.328170082699752039e-03 -1.172416840239177841e-03 -1.014299280764625931e-03 -8.741710609583832822e-04 -7.650792660983018112e-04 -6.888796243339660253e-04 -6.378669539193079730e-04 -5.997571244475689194e-04 -5.632460556116967738e-04 -5.218373586797406781e-04 -4.748913883646475875e-04 -4.261669405109646939e-04 -3.810119967913482486e-04 -3.436253862839677210e-04 -3.154354839258303208e-04 -2.949818601156553349e-04 -2.790049692830313477e-04 -2.640412404203607184e-04 -2.477771005655441425e-04 -2.296651446674240270e-04 -2.107081768073383989e-04 -1.926645388384613691e-04 -1.771111284659729183e-04 -1.647711570480674473e-04 -1.553277608982046854e-04 -1.477072254090226787e-04 -1.406271599235397096e-04 -1.331355259684753893e-04 -1.249195656142261112e-04 -1.162973599500917476e-04 -1.079506165876681654e-04 -1.005538266880898343e-04 -9.447132532491662050e-05 -8.963712144178525329e-05 -8.563714663993318113e-05 -8.192637860860104186e-05 -7.806788482352291895e-05 -7.388962162633720731e-05 -6.950591002219736110e-05 -6.521514507914706507e-05 -6.133588812725458152e-05 -5.805971767780992234e-05 -5.538059000945901576e-05 -5.311941670554062210e-05 -5.101945606399537337e-05 -4.886192245415154863e-05 -4.654953488065712469e-05 -4.412687958630903868e-05 -4.173750250866498605e-05 -3.954463309603847707e-05 -3.765441642854029409e-05 -3.607414010786407930e-05 -3.471886535761297505e-05 -3.345723553595044580e-05 -3.217171610398240775e-05 -3.080544756993824478e-05 -2.937717996304600149e-05 -2.796182911778325152e-05 -2.664976185340009072e-05 -2.550304928035229674e-05 -2.454128819847180894e-05 -2.368894025989986486e-05 -2.312737755426144218e-05 -2.154266811933418466e-05 -2.670787835825020863e-05
-5.501075371090342614e+00 6.477541918464417847e+00 -1.673878883937750857e+02 6.662179595262357452e+02 -5.080825354219550718e+03 2.325107785476310892e+04 -5.582948076529875834e+03 7.428325317225895787e+02 -2.338133021036003925e+02 -2.377332636125964349e+00 -2.100924811363211475e+01 -6.698846056108884284e+00 -3.828877994788546957e+00 -1.620676868664386872e+00 -6.944914839691407327e-01 -2.590839406324482730e-01 -9.397209505288202369e-02 -4.483082195756549898e-02 -3.930051364364627736e-02 -4.302585808649811439e-02 -4.349216241150163226e-02 -3.864540476088113713e-02 -3.055841140264225000e-02 -2.200068767075308643e-02 -1.493360333247435549e-02 -1.014557441127362548e-02 -7.484215329266614633e-03 -6.294689650863004998e-03 -5.829155948205178364e-03 -5.513343498445473674e-03 -5.047715578676265254e-03 -4.380353795498731148e-03 -3.610918423028826665e-03 -2.883435041252116905e-03 -2.307258871731650372e-03 -1.921661849789741902e-03 -1.700232477233618597e-03 -1.579024918912323239e-03 -1.490105808304726135e-03 -1.386409673494798465e-03 -1.251373558546561935e-03 -1.094491562223681193e-03 -9.385237323223390811e-04 -8.055829832839181545e-04 -7.076150056454065399e-04 -6.436234695926699393e-04 -6.028679784613681213e-04 -5.711595747720252334e-04 -5.370081549622072970e-04 -4.952210677168939488e-04 -4.471583609368029780e-04 -3.983458936346470571e-04 -3.550042384057180370e-04 -3.211355075496355742e-04 -2.971953139295098727e-04 -2.805317545785227548e-04 -2.670210833781748515e-04 -2.529749325837101197e-04 -2.364856596640326641e-04 -2.177712694012192546e-04 -1.985833820434980803e-04 -1.811053967378367646e-04 -1.668940920633386199e-04 -1.562925425900630358e-04 -1.484661294610331323e-04 -1.419306297243793226e-04 -1.352608437783718554e-04 -1.276514139684090327e-04 -1.191210807185545889e-04 -1.103365675062756106e-04 -1.021954951989809216e-04 -9.538420197579430501e-05 -9.010092316706110049e-05 -8.603380557096913784e-05 -8.256123393766558291e-05 -7.905382711985698395e-05 -7.513348940450180176e-05 -7.078591726694013196e-05 -6.630120983745866215e-05 -6.209380759407322962e-05 -5.849689432568572933e-05 -5.562275395150068877e-05 -5.333921124074376112e-05 -5.135541477164347563e-05 -4.936434882453986770e-05 -4.717290577372165337e-05 -4.476507372263736559e-05 -4.228029416147682893e-05 -3.992777353946217909e-05 -3.788232089288976894e-05 -3.620924184888860435e-05 -3.484685424141234619e-05 -3.364679885325628025e-05 -3.244713835369668657e-05 -3.114237012966742865e-05 -2.972033338244377246e-05 -2.825400787300879146e-05 -2.685788703419600442e-05 -2.563016447801657469e-05 -2.462113991243646463e-05 -2.376717321162238750e-05 -2.324271451892258720e-05 -2.169781106055822511e-05 -2.695366972382088624e-05
-8.237364154155026874e-01 -9.547319406831968891e+00 6.432321782857327364e+00 -1.744202438993291082e+02 6.765170257589643370e+02 -5.126241362721657424e+03 2.326918805641855943e+04 -5.551030184480619027e+03 7.399567560428455408e+02 -2.299222959285006880e+02 -1.544987871469132079e+00 -2.028467800628769879e+01 -6.367190440872592561e+00 -3.648153801617645797e+00 -1.534677620006253518e+00 -6.551866005117272795e-01 -2.427806709450368305e-01 -8.749908858502226938e-02 -4.178600903865029026e-02 -3.691933753479835489e-02 -4.045547783067812014e-02 -4.074664387557037221e-02 -3.602049018233251937e-02 -2.833198293376842924e-02 -2.031349491776493141e-02 -1.377782107613595083e-02 -9.409250340072280311e-03 -7.013475375506840817e-03 -5.948234820544240353e-03 -5.511362861147002350e-03 -5.183036074203073613e-03 -4.707650757136698678e-03 -4.056681808401617698e-03 -3.332214987397078606e-03 -2.666245160853236793e-03 -2.150992721084387087e-03 -1.811775121715055413e-03 -1.616096175221736885e-03 -1.502241759856279973e-03 -1.410009567347290937e-03 -1.301366620089599007e-03 -1.166416024564609659e-03 -1.017061997553548539e-03 -8.744031234928519546e-04 -7.565212448205270402e-04 -6.711818700572996137e-04 -6.148217758237187322e-04 -5.764679557638587850e-04 -5.436592234179735139e-04 -5.075077328180865183e-04 -4.650837932192812530e-04 -4.188396905486430131e-04 -3.740313182844597528e-04 -3.356448005708686177e-04 -3.061944318607942258e-04 -2.850710731809614215e-04 -2.693535321244448300e-04 -2.554183460470394254e-04 -2.405059630581219538e-04 -2.236077540245633166e-04 -2.054452869099905664e-04 -1.877404405728869716e-04 -1.722219629784626127e-04 -1.598343781937536592e-04 -1.504394429339766203e-04 -1.430375142434308440e-04 -1.363171113874167356e-04 -1.292385859972518063e-04 -1.213993022192424510e-04 -1.130654165727866306e-04 -1.049155617329627514e-04 -9.765580856107697859e-05 -9.169120951833388913e-05 -8.698393374128560282e-05 -8.312705899961367188e-05 -7.956635374178426783e-05 -7.585101187300717814e-05 -7.180088910358064591e-05 -6.753159715245706798e-05 -6.334894428676553820e-05 -5.957808893361104288e-05 -5.641114314646654892e-05 -5.383596290248448120e-05 -5.166478311323635230e-05 -4.963558885367865605e-05 -4.753159437035040527e-05 -4.526457062073251493e-05 -4.289079459789124638e-05 -4.056219234963108472e-05 -3.844279253740008937e-05 -3.663151068085885632e-05 -3.512409718871528468e-05 -3.382548392845589696e-05 -3.260059692989318971e-05 -3.133635456761683013e-05 -2.998635048233381939e-05 -2.858085626984496015e-05 -2.720257795431698142e-05 -2.594108015216192698e-05 -2.486197583322917158e-05 -2.393084936438781614e-05 -2.335338542639669196e-05 -2.178631073256174258e-05 -2.710996490594756275e-05
-6.270329398417271438e-01 -2.025191528166158328e+00 -1.059094717371497119e+01 6.232037325659119276e+00 -1.792098368261087558e+02 6.834116392268678055e+02 -5.160046613079351118e+03 2.328622050025157660e+04 -5.528411214343982465e+03 7.377963463728600573e+02 -2.270525817653362992e+02 -9.340479225908230321e-01 -1.974059417530564176e+01 -6.116677443215529308e+00 -3.511419272850140771e+00 -1.470445088308732995e+00 -6.267486948054618034e-01 -2.316474226015745319e-01 -8.331115033422439864e-02 -3.961921662225111052e-02 -3.483781779386904004e-02 -3.806540659620617773e-02 -3.827944576843900909e-02 -3.382010355672511459e-02 -2.661934797000714559e-02 -1.913035293557231731e-02 -1.302812465907527036e-02 -8.935665270500011900e-03 -6.666890547950604998e-03 -5.629329354098890591e-03 -5.180571381756868439e-03 -4.846922243712598749e-03 -4.394641851652556983e-03 -3.794199130394804598e-03 -3.132776288255025628e-03 -2.524517689021500439e-03 -2.049273024172715372e-03 -1.729118101283011032e-03 -1.536405287191485889e-03 -1.418409367213094817e-03 -1.323524182285944770e-03 -1.218719019515547433e-03 -1.094536014776609960e-03 -9.598246822037058163e-04 -8.313229806417721116e-04 -7.236131848574977026e-04 -6.431172405636123406e-04 -5.871944705363299271e-04 -5.472124744694171431e-04 -5.132222072207003700e-04 -4.779651244538661668e-04 -4.387868231429471787e-04 -3.972427175725717994e-04 -3.571472751743265633e-04 -3.222273985762530739e-04 -2.944263822293534502e-04 -2.733725989762023751e-04 -2.569480625797788769e-04 -2.424620249887180824e-04 -2.278049655380409483e-04 -2.121154166532116046e-04 -1.957898135309657701e-04 -1.799767620119603530e-04 -1.658741961535181155e-04 -1.541612463754405467e-04 -1.447723406950038815e-04 -1.370350811445472498e-04 -1.300408255910356621e-04 -1.230454723104623725e-04 -1.157260501999122842e-04 -1.082129952557501823e-04 -1.009263945894452001e-04 -9.432207238821676805e-05 -8.867109672749506465e-05 -8.395985200885929813e-05 -7.993147370244287628e-05 -7.622553633204470368e-05 -7.253931018605753523e-05 -6.873771213634632807e-05 -6.487350084655131230e-05 -6.112418947706357560e-05 -5.768628615022102754e-05 -5.467942299394566589e-05 -5.209979719361526265e-05 -4.983504443716931670e-05 -4.772440403027724447e-05 -4.563094876498086745e-05 -4.349291631640535126e-05 -4.133494368280574800e-05 -3.924041792506020382e-05 -3.730266211920449897e-05 -3.557917654488209274e-05 -3.406844611555737764e-05 -3.271605543698717769e-05 -3.144337401718519403e-05 -3.018311265978916385e-05 -2.890524399073600000e-05 -2.762380947619274719e-05 -2.638212215021952075e-05 -2.523938365365651916e-05 -2.419234388252328866e-05 -2.349903379336679650e-05 -2.185554853219916506e-05 -2.721018435061259386e-05
-2.146300839577173214e-01 -1.226508594495153259e+00 -2.308039618545530747e+00 -1.129128914868590172e+01 5.973891305206419311e+00 -1.827992830563942732e+02 6.884270033105492530e+02 -5.186646043712504252e+03 2.330349238738732674e+04 -5.512027121115358568e+03 7.361889874545779548e+02 -2.248601755619485516e+02 -4.659307554596500700e-01 -1.932003538787564523e+01 -5.923501915542196627e+00 -3.406310773814651416e+00 -1.421480381052165010e+00 -6.051733638302804197e-01 -2.230668559400428574e-01 -7.979906477460087244e-02 -3.755243210220333278e-02 -3.289257187714882125e-02 -3.603425290060861125e-02 -3.634886656666550669e-02 -3.219982852901479009e-02 -2.540206086064034779e-02 -1.828524347395469804e-02 -1.245271166052145176e-02 -8.515462535428220542e-03 -6.315956774974943767e-03 -5.304474079265030298e-03 -4.874547366685509121e-03 -4.571356973480896098e-03 -4.163066390071705827e-03 -3.611572586316811467e-03 -2.993165305337617925e-03 -2.414874647191428067e-03 -1.955576165527284690e-03 -1.641448423573688923e-03 -1.451047151665735323e-03 -1.336885361167513544e-03 -1.249778615092991948e-03 -1.156108766555441611e-03 -1.043939034447356447e-03 -9.193717470751842577e-04 -7.974607621502326259e-04 -6.927173786598617416e-04 -6.128290281566389774e-04 -5.569615691028543831e-04 -5.179660825146176640e-04 -4.865056195080149064e-04 -4.549947224315295437e-04 -4.198585441093173392e-04 -3.816681949505331935e-04 -3.436423649617762009e-04 -3.094995180915978070e-04 -2.816689575632992703e-04 -2.604694883842106120e-04 -2.443501248178994549e-04 -2.308453069913580103e-04 -2.176949716498387873e-04 -2.036443935830273115e-04 -1.886693068154909609e-04 -1.736611713879070433e-04 -1.598131910806093934e-04 -1.480172520645652815e-04 -1.385139856194322547e-04 -1.308852500527639677e-04 -1.243237782163747463e-04 -1.180144216728991113e-04 -1.114487150350938185e-04 -1.045560682590919617e-04 -9.763120231379057213e-05 -9.112528234644538339e-05 -8.541150344083871270e-05 -8.062658591241434012e-05 -7.664061034868671000e-05 -7.314500414190515365e-05 -6.980173208034216642e-05 -6.638080731242227393e-05 -6.283041040697803477e-05 -5.926140206947919917e-05 -5.586640435625810899e-05 -5.281805645359559750e-05 -5.019236733526029630e-05 -4.794546776081652645e-05 -4.594529832743144462e-05 -4.403630306949762901e-05 -4.210488671192559400e-05 -4.011766236610563740e-05 -3.812030202927726053e-05 -3.620316041261299441e-05 -3.445298011997277316e-05 -3.291325869137818900e-05 -3.156886456098253834e-05 -3.035819698657367933e-05 -2.920385932178785855e-05 -2.804673296744697268e-05 -2.686634584789852380e-05 -2.569436361962540875e-05 -2.454331419419247527e-05 -2.372164503307455267e-05 -2.196825905830147654e-05 -2.733100018808810750e-05
-8.891337741686526630e-02 -4.332097088698242948e-01 -1.384318859518821832e+00 -2.538519628076637780e+00 -1.184146636554894094e+01 5.702126598907915955e+00 -1.856013561911277066e+02 6.923263673211198466e+02 -5.208519375118104108e+03 2.332164227694149304e+04 -5.500089271616204314e+03 7.350068032880413966e+02 -2.231485129219817054e+02 -9.776244096296782260e-02 -1.898791682252865698e+01 -5.770926812142257667e+00 -3.322983599097025120e+00 -1.382389970630898857e+00 -5.876349035138261900e-01 -2.158310471254756002e-01 -7.670030049508995418e-02 -3.577087132578529727e-02 -3.136002169756430674e-02 -3.452138220002555491e-02 -3.492800996570356864e-02 -3.098128008029166908e-02 -2.443760459695360626e-02 -1.756111521120431312e-02 -1.191731441667417263e-02 -8.109910252279294365e-03 -5.993235447253598275e-03 -5.035329251917573454e-03 -4.644349273108336167e-03 -4.373615450670493079e-03 -3.993885191816299793e-03 -3.466851365341463639e-03 -2.868314534319326044e-03 -2.305765367872843283e-03 -1.859419925598978281e-03 -1.556921693138083127e-03 -1.377672731888937834e-03 -1.274143714120914246e-03 -1.196482512665552819e-03 -1.110330621293102770e-03 -1.003444598077144053e-03 -8.822583199300189144e-04 -7.626467421256092998e-04 -6.600543448013566081e-04 -5.828203520186234048e-04 -5.302601447481211042e-04 -4.948995855609462273e-04 -4.668330778054759233e-04 -4.379658881496494320e-04 -4.045042566589666781e-04 -3.671599064451392031e-04 -3.295515694070649316e-04 -2.958571370738298360e-04 -2.688256467139107648e-04 -2.488446416277065505e-04 -2.341932611567001596e-04 -2.221103006306937057e-04 -2.100650457350230571e-04 -1.966749508648920675e-04 -1.819697863214183567e-04 -1.670313311120391207e-04 -1.532807247618353410e-04 -1.417738759059707326e-04 -1.327912176630511806e-04 -1.258316957960727174e-04 -1.199366098119403087e-04 -1.141472519954638329e-04 -1.078821627246960986e-04 -1.010919523817315412e-04 -9.416631337173086015e-05 -8.767521326222397799e-05 -8.208049297799051508e-05 -7.754328101311372488e-05 -7.389189366237298572e-05 -7.073690095036025047e-05 -6.766101766853459211e-05 -6.439156571541272071e-05 -6.088529662470267576e-05 -5.730338038664646729e-05 -5.390383191838561558e-05 -5.090963374674163221e-05 -4.841205755048398759e-05 -4.634506819674466961e-05 -4.453130062543341242e-05 -4.276953780864876725e-05 -4.092048497006183183e-05 -3.895426675326616389e-05 -3.694465489978834762e-05 -3.501976042858910012e-05 -3.329620849753177450e-05 -3.182734009677697226e-05 -3.058583364672658715e-05 -2.948376744468406439e-05 -2.841709228340130755e-05 -2.731021579292686364e-05 -2.615475365195320300e-05 -2.495546852639844148e-05 -2.403908463018372514e-05 -2.219898995588412671e-05 -2.750836882037464002e-05
-2.793965421872952881e-02 -1.680273222968798330e-01 -4.962970743822968100e-01 -1.518201593789828552e+00 -2.738287135857099486e+00 -1.228775240701584792e+01 5.460464444426741615e+00 -1.878541006470743753e+02 6.955145100944932892e+02 -5.227184087025471854e+03 2.334100651393118824e+04 -5.491480238608027321e+03 7.341589079857179740e+02 -2.217921465096616771e+02 1.990737405436244223e-01 -1.871986915519334715e+01 -5.647048319495895363e+00 -3.254828802673324972e+00 -1.350104981984442620e+00 -5.730027323873020384e-01 -2.097847306205748164e-01 -7.419785050566649054e-02 -3.443935589096207978e-02 -3.024414394813356582e-02 -3.337356090541079151e-02 -3.378460367678365328e-02 -2.994388475911895567e-02 -2.357951173429233965e-02 -1.690403765993612681e-02 -1.144086187288202022e-02 -7.771312816698627834e-03 -5.745462044903303089e-03 -4.839051895194379158e-03 -4.473277442735135341e-03 -4.214627367459427773e-03 -3.843987186024648908e-03 -3.328842524806557412e-03 -2.746625484920398041e-03 -2.203422709361976296e-03 -1.776554906628758030e-03 -1.490775404321699775e-03 -1.323673036237657660e-03 -1.227433611414230873e-03 -1.153281021438965111e-03 -1.068686901370720149e-03 -9.632379236466686234e-04 -8.445825786790346753e-04 -7.289129005173858832e-04 -6.311874255111586023e-04 -5.588266427493887665e-04 -5.102560322919998592e-04 -4.775027775636738045e-04 -4.506965276340100472e-04 -4.222173067263770038e-04 -3.889311838957781832e-04 -3.521082200288199360e-04 -3.156244251508817569e-04 -2.835677023983439464e-04 -2.583510261059383003e-04 -2.399640023698703945e-04 -2.264054276679950913e-04 -2.148532845582295028e-04 -2.029303847186376270e-04 -1.895282250021825541e-04 -1.749409788383729340e-04 -1.603983226317071489e-04 -1.473101878941078763e-04 -1.365923696341963753e-04 -1.283360547822790540e-04 -1.218906387078548753e-04 -1.162468614263019651e-04 -1.105033132929758810e-04 -1.042054426829648524e-04 -9.743762849078328367e-05 -9.067291200626730182e-05 -8.448601545533605730e-05 -7.927400353387367411e-05 -7.510130012464274682e-05 -7.171394251537555639e-05 -6.868879994511098300e-05 -6.563232843096411756e-05 -6.233597035578448563e-05 -5.882858398593915556e-05 -5.531953896857884308e-05 -5.207345490558678609e-05 -4.928076415536848784e-05 -4.698012111460014097e-05 -4.505832190986590482e-05 -4.331640140470719927e-05 -4.156375641439841775e-05 -3.969576526652710045e-05 -3.772356279907470938e-05 -3.574978434425698246e-05 -3.390813381938942911e-05 -3.229783957584561951e-05 -3.094219338359526617e-05 -2.978588196385717832e-05 -2.872790501755725508e-05 -2.766844874537787260e-05 -2.656426953451731664e-05 -2.538017343271331089e-05 -2.446746916591110570e-05 -2.247102283279198460e-05 -2.806377817039102168e-05
-7.282531171936339372e-03 -5.164727830642602130e-02 -1.972153603847810743e-01 -5.571490413965299870e-01 -1.631437798465068756e+00 -2.903698323462991393e+00 -1.264730206833080928e+01 5.256549017880717933e+00 -1.897170011247751518e+02 6.982218422321366234e+02 -5.243618806456367565e+03 2.336178040746799161e+04 -5.485461158791339585e+03 7.335829930858966463e+02 -2.207057393710015276e+02 4.443139844172388497e-01 -1.849942888829457743e+01 -5.544338456623755462e+00 -3.198082806448040216e+00 -1.323157548105903247e+00 -5.608482800360057308e-01 -2.048646061427963072e-01 -7.224988087427995642e-02 -3.342836489334615607e-02 -2.934716326560209490e-02 -3.239091238802118550e-02 -3.277427912770530111e-02 -2.902221637246443081e-02 -2.282966540843839320e-02 -1.635070444445350588e-02 -1.105993713873623489e-02 -7.512972899180984584e-03 -5.556883711365273419e-03 -4.679777329073103384e-03 -4.321297200107864292e-03 -4.064678245136390741e-03 -3.701322222172025080e-03 -3.201960064986015056e-03 -2.641634356447185045e-03 -2.121360653108882166e-03 -1.713616788633637398e-03 -1.440457861871958373e-03 -1.279469439729118661e-03 -1.184905908126990693e-03 -1.110876428010589218e-03 -1.027293711690776493e-03 -9.249493545047719973e-04 -8.113245270487405743e-04 -7.014937599297527788e-04 -6.090406913018800352e-04 -5.403901685292229881e-04 -4.936958101597871797e-04 -4.614151354761852420e-04 -4.345069729368371378e-04 -4.061722941275051207e-04 -3.737637030012367517e-04 -3.385748812895962188e-04 -3.041272000135965704e-04 -2.739997493305132512e-04 -2.501890589778195352e-04 -2.325242146214820025e-04 -2.191270212696597305e-04 -2.074857159429013820e-04 -1.955615012571490898e-04 -1.824674584817996038e-04 -1.685300691368925958e-04 -1.548408222133961919e-04 -1.425886250140607136e-04 -1.324942762740131974e-04 -1.245609168322356873e-04 -1.181798304940584872e-04 -1.124776115549211251e-04 -1.067117134300244233e-04 -1.005388059224475574e-04 -9.406659839222441968e-05 -8.770660478650012639e-05 -8.192617561287447692e-05 -7.702247676474157300e-05 -7.301030799514970958e-05 -6.965167012003051195e-05 -6.658986279749341244e-05 -6.351322111458177660e-05 -6.027329403605288810e-05 -5.691422346406085854e-05 -5.361513906542969126e-05 -5.058403101227570324e-05 -4.795653351101553710e-05 -4.574227088988182537e-05 -4.383456544033108694e-05 -4.206962911430162832e-05 -4.030207635629822518e-05 -3.846172422469715675e-05 -3.656966330529659543e-05 -3.471258322579293289e-05 -3.299243442511176779e-05 -3.147678892545357202e-05 -3.017155837573988114e-05 -2.902475323240608971e-05 -2.795632631132524175e-05 -2.689736276774876643e-05 -2.581332837884048884e-05 -2.484049029883356573e-05 -2.328513612236393491e-05 -2.787390624394871496e-05
-1.438430344005273359e-03 -1.472020727286448699e-02 -6.564223020837881006e-02 -2.263276485518013748e-01 -6.074083460275437885e-01 -1.721252885356825191e+00 -3.036768739546560347e+00 -1.294183860482625903e+01 5.083164354242550864e+00 -1.912988545905507465e+02 7.005927437759598888e+02 -5.258478950218356658e+03 2.338408753799449914e+04 -5.481522721716888555e+03 7.332348709536463502e+02 -2.198300901836942955e+02 6.509539918035665007e-01 -1.831584672764272170e+01 -5.458157362770523768e+00 -3.150447149459684404e+00 -1.300565769059532695e+00 -5.507165864629114393e-01 -2.007995073224378146e-01 -7.063906145160325778e-02 -3.255822330946403498e-02 -2.854471189741485462e-02 -3.151436654825813533e-02 -3.189241470557886010e-02 -2.823996789203580410e-02 -2.221167799376890656e-02 -1.590552876046321534e-02 -1.075503110529830997e-02 -7.299225747260395386e-03 -5.389481535206221141e-03 -4.529661917818533778e-03 -4.176972540918317232e-03 -3.927401457921440853e-03 -3.577803843904798532e-03 -3.098041180195495407e-03 -2.558864795030515917e-03 -2.056715208098409357e-03 -1.661367772939955061e-03 -1.394743176856599832e-03 -1.236283403703538611e-03 -1.142852070802708939e-03 -1.070700572388586782e-03 -9.907003899138318651e-04 -8.933643678310390721e-04 -7.851199368720576102e-04 -6.798798533439127717e-04 -5.905072622104779291e-04 -5.233820472775617188e-04 -4.771817421651206709e-04 -4.451283700702275930e-04 -4.188212984766809732e-04 -3.917378392563582233e-04 -3.611040234469238769e-04 -3.278236484376360871e-04 -2.949898736623841953e-04 -2.659141593699816371e-04 -2.425789000395919489e-04 -2.250191593642666781e-04 -2.116595896296284078e-04 -2.002436140941124077e-04 -1.888397274843660410e-04 -1.765002396483642303e-04 -1.633783588729242095e-04 -1.503749862187316738e-04 -1.385587766236450293e-04 -1.286440422849716094e-04 -1.207284713142723189e-04 -1.143439887867407851e-04 -1.087368038466027091e-04 -1.032145642325481397e-04 -9.740334100833123495e-05 -9.132484806537954057e-05 -8.529521208655127225e-05 -7.972076767056101936e-05 -7.489481910959256360e-05 -7.088012653895055433e-05 -6.751109235953793000e-05 -6.449326934271996914e-05 -6.154134924781598265e-05 -5.849058354760963170e-05 -5.533894377639551280e-05 -5.221381673863480894e-05 -4.928962187535871898e-05 -4.669944598375610492e-05 -4.447903434309871012e-05 -4.256177633120074880e-05 -4.081874757505812645e-05 -3.911956954785532581e-05 -3.738498620271670598e-05 -3.560982099902647107e-05 -3.385099806916715143e-05 -3.219106449826880396e-05 -3.069590402613508258e-05 -2.938881423027014920e-05 -2.823551680868151943e-05 -2.721528690852568100e-05 -2.612209819508853323e-05 -2.558379430904676486e-05 -2.369213913624456828e-05 -2.610325834330154521e-05
-1.056729781599806536e-03 -6.088988983440924221e-03 -2.268717341909213397e-02 -7.852787844771318138e-02 -2.480054764561298586e-01 -6.451595947692075894e-01 -1.792316102172123893e+00 -3.146684276998658714e+00 -1.319031086747992987e+01 4.932733711364288176e+00 -1.926725138642004538e+02 7.027250462281800765e+02 -5.272219018114768915e+03 2.340801021406804648e+04 -5.479303430394244970e+03 7.330813787603198080e+02 -2.191235525594132696e+02 8.275732542086802201e-01 -1.816175295678710100e+01 -5.385235998271186375e+00 -3.110129207137120044e+00 -1.281411267052734893e+00 -5.421033081661745801e-01 -1.973109750869483925e-01 -6.922343826608408357e-02 -3.177730232932592797e-02 -2.783947110689216284e-02 -3.076766774920748626e-02 -3.115684439199821465e-02 -2.759384293303197150e-02 -2.169956784968557484e-02 -1.552896857546975755e-02 -1.048661710234395292e-02 -7.102058401827930807e-03 -5.231923098603360155e-03 -4.392080649121101084e-03 -4.051490226201891892e-03 -3.813694123476523128e-03 -3.478154344028577122e-03 -3.013791874912266806e-03 -2.489043059757091014e-03 -1.998466748185712561e-03 -1.611259909897329659e-03 -1.350007008030688167e-03 -1.195426859613044892e-03 -1.105553397954309267e-03 -1.037242340975143371e-03 -9.613331169985820258e-04 -8.679105063300461987e-04 -7.629323369417623799e-04 -6.600786645732892267e-04 -5.723090123417255270e-04 -5.063375004274069113e-04 -4.612237642480299582e-04 -4.304409955957526823e-04 -4.056237959628061665e-04 -3.800988401966726442e-04 -3.508665840493909067e-04 -3.186564792694118156e-04 -2.865194253987554999e-04 -2.578629347621249420e-04 -2.348442855113866174e-04 -2.176648647187374595e-04 -2.048356371900189826e-04 -1.940810400342679208e-04 -1.833709394619128868e-04 -1.716371324444656427e-04 -1.589499896947671378e-04 -1.461995636104320209e-04 -1.345128874135936067e-04 -1.246982290593370000e-04 -1.169373888850104793e-04 -1.108012146234190382e-04 -1.055188006773925802e-04 -1.003400662426427373e-04 -9.482426972580208985e-05 -8.894885608748626321e-05 -8.302591672265960084e-05 -7.749556378155887518e-05 -7.270369069040806380e-05 -6.875928300006840398e-05 -6.551715516759996341e-05 -6.267170566825212765e-05 -5.990379193391469825e-05 -5.701007407047146112e-05 -5.396315213175567746e-05 -5.088832774703183008e-05 -4.797981467446173014e-05 -4.540137798999317498e-05 -4.321568624460242247e-05 -4.136788712540420216e-05 -3.972218870855673262e-05 -3.812790040448120856e-05 -3.648260487139877114e-05 -3.476598128443801427e-05 -3.303366539745931370e-05 -3.138190955389321107e-05 -2.989090229636564490e-05 -2.862735896648489940e-05 -2.747374756898576914e-05 -2.674125996731651698e-05 -2.592341745760696090e-05 -2.195024930974201819e-05 -2.655261191836800610e-05
-1.809726596400151920e-03 -6.359578638063734073e-03 -1.130564292219318756e-02 -2.816630664809504844e-02 -8.620700157902697058e-02 -2.629066798222254309e-01 -6.746805475159354248e-01 -1.851555710898827867e+00 -3.240978984081344549e+00 -1.340496864667259302e+01 4.800983792167706099e+00 -1.938875405581793814e+02 7.046874103147782762e+02 -5.285165088147392453e+03 2.343360501095634754e+04 -5.478540428999967844e+03 7.330969488406047958e+02 -2.185558891644734274e+02 9.803195888030162841e-01 -1.803160979301754452e+01 -5.322979154660671064e+00 -3.075643735027132397e+00 -1.264939349423036097e+00 -5.346507687639844297e-01 -1.942678410042765480e-01 -6.798629165623464032e-02 -3.111078122914367680e-02 -2.725367053417377880e-02 -3.014899786522647757e-02 -3.053983540679082453e-02 -2.704081542857839776e-02 -2.125005996263309646e-02 -1.518983970463268739e-02 -1.024102556927457795e-02 -6.923272776130939311e-03 -5.094417027445265200e-03 -4.277394078355941862e-03 -3.949357639156768872e-03 -3.720258504008918526e-03 -3.393189476046926285e-03 -2.938259668805640133e-03 -2.423581520190151543e-03 -1.942817289547069158e-03 -1.564333141382146224e-03 -1.310238445821815256e-03 -1.161160294171408860e-03 -1.075325593122369817e-03 -1.009941347271375162e-03 -9.362485906350425952e-04 -8.447043282768200564e-04 -7.415490785764339721e-04 -6.406167168710691188e-04 -5.548794122018416543e-04 -4.909457937522927447e-04 -4.477086363471097208e-04 -4.184858852564952948e-04 -3.948327388341712693e-04 -3.701028704194265053e-04 -3.414167081752962217e-04 -3.096668180299881482e-04 -2.780464686587568227e-04 -2.500343931028077365e-04 -2.277704245530679634e-04 -2.113699436310282037e-04 -1.992352119552640488e-04 -1.890093725919005216e-04 -1.786415026956475862e-04 -1.671069596315833533e-04 -1.545601915718778111e-04 -1.419772774948934910e-04 -1.305378960599285008e-04 -1.210521889249666192e-04 -1.136590578568806673e-04 -1.078660348840910046e-04 -1.028487544995832691e-04 -9.783612426368711187e-05 -9.240490619999453816e-05 -8.657729272925759000e-05 -8.071554277604892135e-05 -7.529353818107633581e-05 -7.066216739077341104e-05 -6.690803902462038526e-05 -6.384928455995000332e-05 -6.114714352038976193e-05 -5.846717294073021224e-05 -5.561359357005459631e-05 -5.258392485289984519e-05 -4.953323513849155834e-05 -4.667703495567928181e-05 -4.418366560419748437e-05 -4.210355470881360477e-05 -4.036005597929621729e-05 -3.879671449708103339e-05 -3.725251145538802588e-05 -3.562842268398422042e-05 -3.392030875823529484e-05 -3.219737723674397556e-05 -3.059674993911615411e-05 -2.910479566186752927e-05 -2.815522893139516314e-05 -2.703229654412072898e-05 -2.416904881722177495e-05 -2.229341856026677331e-05 -2.670791123253130205e-05
-2.263016679323744031e-03 -7.531560768806551051e-03 -1.003810598381448850e-02 -1.359244458813552853e-02 -3.018586762871022441e-02 -9.077487036716153090e-02 -2.746625849762358018e-01 -6.999225811751162984e-01 -1.903016313947904159e+00 -3.323466184870667028e+00 -1.359304674158967963e+01 4.685393943796183791e+00 -1.949795485455728397e+02 7.065286356762553623e+02 -5.297558001164510642e+03 2.346091241944309513e+04 -5.479038058267557972e+03 7.332619093469112386e+02 -2.181043037007724763e+02 1.113925857074274495e+00 -1.792110749990222018e+01 -5.269368113185294078e+00 -3.045887680678997178e+00 -1.250652545556136142e+00 -5.281730767551766625e-01 -1.916313498290147521e-01 -6.693424970815713138e-02 -3.055924378095566107e-02 -2.676519614201013086e-02 -2.961845171208898203e-02 -2.999770802575272080e-02 -2.654676179009662559e-02 -2.084551297697675304e-02 -1.488620898905580574e-02 -1.002572412019229510e-02 -6.771715816619968027e-03 -4.981017740323212366e-03 -4.182523232850235244e-03 -3.861845924279555704e-03 -3.636488711780965985e-03 -3.314377616610497766e-03 -2.867401290445424113e-03 -2.363087779689128191e-03 -1.893301364806902580e-03 -1.524513308689971498e-03 -1.277609575708433262e-03 -1.132958781278877195e-03 -1.049366057291949324e-03 -9.850645222135828282e-04 -9.123174673550339588e-04 -8.222563322047361008e-04 -7.213041140772378677e-04 -6.230484032942799856e-04 -5.399898342680895576e-04 -4.782818374452953440e-04 -4.365625582224399916e-04 -4.081649915243171093e-04 -3.848796274748419143e-04 -3.603882537135944105e-04 -3.320904080817337696e-04 -3.010106497338842549e-04 -2.703037935871034246e-04 -2.432882018551880878e-04 -2.219105080758252487e-04 -2.061475834686569378e-04 -1.943687418070653386e-04 -1.842890031120056045e-04 -1.739901105096344357e-04 -1.625780628908291285e-04 -1.502830822225441191e-04 -1.380796970006675404e-04 -1.270816461912819867e-04 -1.180067445691225655e-04 -1.109188674928873904e-04 -1.052981149152922144e-04 -1.003462415323630300e-04 -9.535417804922462421e-05 -8.996595647236417103e-05 -8.424731724066933012e-05 -7.856518462354760107e-05 -7.336258890157505393e-05 -6.894217318367600955e-05 -6.534821921698391936e-05 -6.238031062171579030e-05 -5.971033629756675539e-05 -5.703584494638233679e-05 -5.419821924908612250e-05 -5.122078805793047021e-05 -4.826336569672813696e-05 -4.552567569731889987e-05 -4.314911737570020653e-05 -4.115917545388487027e-05 -3.946717145854027753e-05 -3.792126497458345831e-05 -3.637971035724500956e-05 -3.476066444084662096e-05 -3.310167004730897865e-05 -3.138294277706348120e-05 -3.008338752074016733e-05 -2.866023799282488665e-05 -2.542516132167147339e-05 -2.447484178818370052e-05 -2.227049361705032613e-05 -2.702771326010361229e-05
-2.172567117634826607e-03 -7.457827533517526371e-03 -1.013744416730122389e-02 -1.116516281326507092e-02 -1.387871914759035083e-02 -3.116243373528953045e-02 -9.470131068260745355e-02 -2.852055195065261728e-01 -7.222761742319951939e-01 -1.948199695559780453e+00 -3.396065408420582354e+00 -1.375959936593159050e+01 4.583648937800213652e+00 -1.959754126218631711e+02 7.082841290286010008e+02 -5.309579580250440813e+03 2.348996306549752626e+04 -5.480647514728398164e+03 7.335611105179892775e+02 -2.177512225653608198e+02 1.232036425177719163e+00 -1.782696383133342621e+01 -5.222927103475882404e+00 -3.020094953537019400e+00 -1.238226159385890979e+00 -5.225454710989256846e-01 -1.893539564582218393e-01 -6.603527064716817330e-02 -3.008648661085575049e-02 -2.633555334000886941e-02 -2.914403069963444545e-02 -2.951145259585190306e-02 -2.610623593469670392e-02 -2.048941694158121912e-02 -1.462372664153030639e-02 -9.842902208585271179e-03 -6.643705792769133943e-03 -4.883210737252079506e-03 -4.097352034505975620e-03 -3.780766282045518525e-03 -3.558339441955978965e-03 -3.242001394858630165e-03 -2.804264638462215277e-03 -2.311033478039630547e-03 -1.851808311281133825e-03 -1.491205571764865276e-03 -1.249411067932650141e-03 -1.107245880929700688e-03 -1.024666587746232141e-03 -9.611493045395272860e-04 -8.898023539985570060e-04 -8.019912693969414403e-04 -7.038388245532796374e-04 -6.083661943165957417e-04 -5.275512385881602059e-04 -4.672879926296584149e-04 -4.262809145211116893e-04 -3.981684107014653090e-04 -3.751166422468779583e-04 -3.510878290428566984e-04 -3.235721359821808088e-04 -2.934969625757724771e-04 -2.638119170198068497e-04 -2.376324263867503068e-04 -2.167937835716564083e-04 -2.012877789927953987e-04 -1.895997057715004990e-04 -1.795972392551603970e-04 -1.694816303411327777e-04 -1.584004810026125787e-04 -1.465431665409465433e-04 -1.347923204666941763e-04 -1.241672337383035931e-04 -1.153310115790992356e-04 -1.083514249950145428e-04 -1.027618026402698956e-04 -9.783705433977903326e-05 -9.292715819748093953e-05 -8.769777024468304149e-05 -8.219487488779283362e-05 -7.673878254146353673e-05 -7.172333007746971496e-05 -6.742160699215200685e-05 -6.387875963718866968e-05 -6.092175723690108755e-05 -5.826135516762600538e-05 -5.562721199274935844e-05 -5.287297090795270004e-05 -5.001153477011816131e-05 -4.717704668947506627e-05 -4.454155900556305668e-05 -4.222947714811625019e-05 -4.026616254119461211e-05 -3.857962786301598421e-05 -3.703576587200154693e-05 -3.553644834201433200e-05 -3.391702694975695447e-05 -3.254920317490805307e-05 -3.089125559007703618e-05 -2.742539926297453184e-05 -2.593327608740790367e-05 -2.454578908866757622e-05 -2.245007094974833833e-05 -2.734586518340539400e-05
-1.728039232606508281e-03 -6.215381873194478386e-03 -9.266828975423616402e-03 -1.097361424015628854e-02 -1.136479147865707140e-02 -1.412671237116615817e-02 -3.240071036598558135e-02 -9.855076668362731940e-02 -2.946628401688087817e-01 -7.419197968394853904e-01 -1.987949910690465671e+00 -3.460423510021129800e+00 -1.390883171497439363e+01 4.493476041803165622e+00 -1.968957309006826790e+02 7.099804641461498704e+02 -5.321369532704555240e+03 2.352078135317310807e+04 -5.483253692962737659e+03 7.339826588400871969e+02 -2.174829979072760580e+02 1.337391670953335110e+00 -1.774670136448909474e+01 -5.182562898318691325e+00 -2.997685248595857832e+00 -1.227389595672943701e+00 -5.176348035280436966e-01 -1.873634155770071141e-01 -6.524386672898005446e-02 -2.966316505605910703e-02 -2.594882987388615753e-02 -2.872080124002969123e-02 -2.908262885808700696e-02 -2.572182279845429756e-02 -2.018105299099923200e-02 -1.439671010980316315e-02 -9.683094071945870865e-03 -6.528947202872083938e-03 -4.792968673017848798e-03 -4.017973522007742791e-03 -3.706332674818924814e-03 -3.488582875094496487e-03 -3.179164474497056612e-03 -2.750416996796648146e-03 -2.266638043735248569e-03 -1.815593031090088297e-03 -1.460897071163414201e-03 -1.222719960672008889e-03 -1.082600917570419137e-03 -1.001460893779228603e-03 -9.395339782896110952e-04 -8.702393493757629942e-04 -7.848189701674787491e-04 -6.890291389223771479e-04 -5.955254046019800270e-04 -5.160999606707648412e-04 -4.566952920166626587e-04 -4.162343691149044127e-04 -3.886169118103246665e-04 -3.661928621636556741e-04 -3.429686861811838405e-04 -3.163513125018107587e-04 -2.871236715981626301e-04 -2.581104890366620573e-04 -2.323788558445191862e-04 -2.118043033955362402e-04 -1.964771384569193740e-04 -1.849875078131069496e-04 -1.752675159118326513e-04 -1.655209372879874318e-04 -1.548454586014218919e-04 -1.433596190325188966e-04 -1.318904770055748363e-04 -1.214410426651503619e-04 -1.127003173088302409e-04 -1.057875776500282291e-04 -1.002873475686511169e-04 -9.550299104912868915e-05 -9.078083463207690658e-05 -8.575694498996736426e-05 -8.043874732095708882e-05 -7.511785309217768893e-05 -7.018132764328641453e-05 -6.591817863360937082e-05 -6.240264075918536518e-05 -5.948962366378879730e-05 -5.690450321059627560e-05 -5.437339974353702123e-05 -5.173207878738911422e-05 -4.897100872544702359e-05 -4.620815952158128994e-05 -4.361217440584461976e-05 -4.131871541620364078e-05 -3.936613760062164757e-05 -3.772293360337373650e-05 -3.617584587590372974e-05 -3.495288413227854509e-05 -3.338856745957256947e-05 -2.991617599820848566e-05 -2.822889168990468187e-05 -2.630531143297867576e-05 -2.494400889371014006e-05 -2.274025220505139451e-05 -2.771726306382096307e-05
-1.182744460570428046e-03 -4.493227666621531224e-03 -7.461152979194354481e-03 -1.010374294638350864e-02 -1.153560418348676016e-02 -1.184422949912707600e-02 -1.474024814485935114e-02 -3.374183949545605382e-02 -1.019673220349204407e-01 -3.028681397778421047e-01 -7.591478533316254884e-01 -2.023270450004483134e+00 -3.518164279490824775e+00 -1.404417514431560043e+01 4.413013412489035225e+00 -1.977563024947514236e+02 7.116381767612164140e+02 -5.333037060400954942e+03 2.355338748440768177e+04 -5.486766398454972659e+03 7.345169984483568442e+02 -2.172889357182533274e+02 1.432082696783966824e+00 -1.767838008130403793e+01 -5.147396035588639229e+00 -2.978165078875289140e+00 -1.217894830381640370e+00 -5.133158798906871656e-01 -1.856014713152913387e-01 -6.453766415487681429e-02 -2.928539097688875881e-02 -2.560825563087557044e-02 -2.835146258187444188e-02 -2.870916658493387688e-02 -2.538585680771020259e-02 -1.990910325923522448e-02 -1.419353536408258891e-02 -9.537505147697437555e-03 -6.423161669065571323e-03 -4.710321923884313623e-03 -3.947016648060065053e-03 -3.641489027323064308e-03 -3.428620685259750264e-03 -3.124949349855569991e-03 -2.703027327849347704e-03 -2.226349251680635397e-03 -1.781714952589500984e-03 -1.432143111451343468e-03 -1.197723677018678028e-03 -1.060296315864369667e-03 -9.812163962972712903e-04 -9.210767257778921602e-04 -8.534818460201079289e-04 -7.697001736264199971e-04 -6.754321132016828438e-04 -5.832759234031944726e-04 -5.050102566818428455e-04 -4.466086901562222960e-04 -4.070424903382436244e-04 -3.802460324521096213e-04 -3.585756669984528633e-04 -3.360224638634513416e-04 -3.099758773592142368e-04 -2.812182061670169607e-04 -2.525972344152443982e-04 -2.272187223803618327e-04 -2.069950066669739859e-04 -1.920347783363455412e-04 -1.809212546085882660e-04 -1.715602051182629143e-04 -1.621247246215741240e-04 -1.516936882445090449e-04 -1.403881725261144596e-04 -1.290577486235226507e-04 -1.187371521890421015e-04 -1.101419214960406618e-04 -1.034016343857322405e-04 -9.809206354909795890e-05 -9.349479773809768978e-05 -8.893277553611650876e-05 -8.402820022019785924e-05 -7.879000041658127567e-05 -7.352503411645267602e-05 -6.864164515115468961e-05 -6.444637905162843626e-05 -6.102000118836170073e-05 -5.821123093835395930e-05 -5.573065334253011159e-05 -5.328857120363048543e-05 -5.071133847197249170e-05 -4.798999510670367376e-05 -4.525362365592990646e-05 -4.268045285851321957e-05 -4.044097478643017606e-05 -3.849296830010331722e-05 -3.711966625531970136e-05 -3.562248654705992365e-05 -3.235667168796771062e-05 -3.075093576841386278e-05 -2.880331182326841056e-05 -2.699427318340377115e-05 -2.553841198590113876e-05 -2.321241377707715050e-05 -2.820111408286625479e-05
-7.139211043689637319e-04 -2.890922833161294492e-03 -5.377069761273209347e-03 -8.325386361715772510e-03 -1.095544936089574810e-02 -1.232643004100228423e-02 -1.248099759560466863e-02 -1.532179684443239071e-02 -3.481414174474924822e-02 -1.048180967676834024e-01 -3.100255171265310916e-01 -7.745133678617587281e-01 -2.055128081161603060e+00 -3.570580164529571832e+00 -1.416820218501795203e+01 4.340900006731141403e+00 -1.985694023285121830e+02 7.132733591277992673e+02 -5.344668991790798827e+03 2.358779873907204092e+04 -5.491114142317458573e+03 7.351563775869227584e+02 -2.171605058041422183e+02 1.517783788151534363e+00 -1.762041493937850234e+01 -5.116690645527770975e+00 -2.961119860458599096e+00 -1.209541838322068186e+00 -5.095012622068051389e-01 -1.840399368578498895e-01 -6.391394220172749718e-02 -2.895643334511513803e-02 -2.531327839048553435e-02 -2.802886304222755587e-02 -2.837908305972597703e-02 -2.508535360297363057e-02 -1.966326378952357526e-02 -1.400863500994137256e-02 -9.405253593160460557e-03 -6.328441256541608023e-03 -4.637967766879441678e-03 -3.885817088103685982e-03 -3.585333441092816362e-03 -3.375646050476918594e-03 -3.075793580894953944e-03 -2.659095381729338885e-03 -2.188621022938346504e-03 -1.750241083586150841e-03 -1.406104443668520576e-03 -1.175809676997871056e-03 -1.041152817869524976e-03 -9.637876864455169855e-04 -9.047624910741836318e-04 -8.381137081958765387e-04 -7.553970649589017471e-04 -6.624118703979507737e-04 -5.716930866425919350e-04 -4.948635906989979705e-04 -4.377305543439307832e-04 -3.991543987480082253e-04 -3.730469180175362623e-04 -3.518257369828442721e-04 -3.295934697211904242e-04 -3.038552624674390151e-04 -2.754726873892260190e-04 -2.473150215458924705e-04 -2.224547770013012395e-04 -2.027391851353740025e-04 -1.882116294873055473e-04 -1.774170170492428758e-04 -1.682626436071381750e-04 -1.589582486628626041e-04 -1.486361590086524682e-04 -1.374648025015658614e-04 -1.263172379207109413e-04 -1.162218436465832001e-04 -1.078648670501561693e-04 -1.013391515397998736e-04 -9.619302753287379995e-05 -9.170081220339012130e-05 -8.719949376835395250e-05 -8.233866314345601094e-05 -7.715520463985694230e-05 -7.197286803038264742e-05 -6.720012207105887541e-05 -6.312889969975481088e-05 -5.981870318848803126e-05 -5.710038392947525338e-05 -5.467765918976731112e-05 -5.226672424298454468e-05 -4.971037775112457355e-05 -4.701246720515197679e-05 -4.433609718356093255e-05 -4.177849681347381590e-05 -3.981178093342625145e-05 -3.791887618621616305e-05 -3.456497937078117927e-05 -3.302558460150292470e-05 -3.122218388865342985e-05 -2.952939386311164487e-05 -2.777798457738452173e-05 -2.631263976156507600e-05 -2.387199904224049807e-05 -2.886592731574233388e-05
-3.964894492654724581e-04 -1.719021157485475879e-03 -3.562314941687602481e-03 -6.201367437187223219e-03 -9.245772834046497857e-03 -1.185156848820926624e-02 -1.303640925578626597e-02 -1.293549220763204680e-02 -1.567697085756946523e-02 -3.563263864371460365e-02 -1.073039560559643502e-01 -3.164753073817475060e-01 -7.884726668298884800e-01 -2.084184831991009013e+00 -3.618551465838220516e+00 -1.428282738584502809e+01 4.276076378443062431e+00 -1.993448161369137779e+02 7.148987227731212215e+02 -5.356335415591056517e+03 2.362403044229503575e+04 -5.496239620917682259e+03 7.358945108404274151e+02 -2.170907821821350296e+02 1.595871027661326824e+00 -1.757150460043797580e+01 -5.089849986012350946e+00 -2.946225781389815168e+00 -1.202186036328371399e+00 -5.061345083537044376e-01 -1.826620148823324685e-01 -6.336745624115736053e-02 -2.867000043070860871e-02 -2.505355125355940987e-02 -2.774065928045866755e-02 -2.808151377327519280e-02 -2.481342791980605325e-02 -1.944114211526269675e-02 -1.384282339730893811e-02 -9.288197185207229534e-03 -6.245727944714165800e-03 -4.574937074543618080e-03 -3.831661289168134844e-03 -3.534409871992441436e-03 -3.326687576998521058e-03 -3.030077707542475508e-03 -2.618540082813975659e-03 -2.154444809001037318e-03 -1.722420323631324328e-03 -1.383524811079674469e-03 -1.156819719025114308e-03 -1.024186053764252011e-03 -9.478015435244000354e-04 -8.893806988368966075e-04 -8.234960372181474595e-04 -7.419533029043693956e-04 -6.505033655318470621e-04 -5.614359436440466856e-04 -4.860829761812523000e-04 -4.300480426256636729e-04 -3.921441955694762271e-04 -3.663838872077076017e-04 -3.453676270917476311e-04 -3.233767622288643380e-04 -2.980223144402258648e-04 -2.701719048268750862e-04 -2.426190203594950575e-04 -2.183264813699912544e-04 -1.990511775978195366e-04 -1.848016083816597557e-04 -1.741502504743369683e-04 -1.650741335263811941e-04 -1.558600528680267579e-04 -1.456920019540010889e-04 -1.347474667430103191e-04 -1.238691341720513474e-04 -1.140348769879549122e-04 -1.058853221003436777e-04 -9.949195036897066761e-05 -9.441231447876063563e-05 -8.995289883937847839e-05 -8.548930900784277242e-05 -8.069906110706869949e-05 -7.562588622382936988e-05 -7.057928013155554217e-05 -6.594141637397929229e-05 -6.197901007107870679e-05 -5.873855162780387948e-05 -5.605427656807657536e-05 -5.364791865621211910e-05 -5.125297374476282434e-05 -4.875050235777272293e-05 -4.606878441194106843e-05 -4.366440912243201874e-05 -4.117026778763730046e-05 -3.728924459731183458e-05 -3.536118566364040912e-05 -3.342755523297755919e-05 -3.179069561135821346e-05 -3.020824744195353668e-05 -2.858361403900053110e-05 -2.718037537506429825e-05 -2.468398288130703119e-05 -2.974432759506230543e-05
-2.275834477855140240e-04 -1.026260489909460198e-03 -2.268178316735181520e-03 -4.273814778697898609e-03 -7.003246389896291765e-03 -1.003996667083389277e-02 -1.252277939746888544e-02 -1.350494146634907688e-02 -1.320799496824000101e-02 -1.593367854802097208e-02 -3.638168311258271892e-02 -1.096098629652317719e-01 -3.223988461842307029e-01 -8.012532914858195854e-01 -2.110852016100072337e+00 -3.662728359354876062e+00 -1.438959380023864476e+01 4.217614323644990115e+00 -2.000905014681199248e+02 7.165244532959403614e+02 -5.368093615714274165e+03 2.366209667714788520e+04 -5.502096443766818993e+03 7.367262825186095370e+02 -2.170740927025707094e+02 1.667463876578832549e+00 -1.753059643185752847e+01 -5.066402863627859077e+00 -2.933231371565845347e+00 -1.195714624471587939e+00 -5.031662971417121266e-01 -1.814452592851130142e-01 -6.288436794044457989e-02 -2.841466705543152851e-02 -2.481954132617830364e-02 -2.748029807178590384e-02 -2.781333952160247591e-02 -2.456959180713604030e-02 -1.924325723230108434e-02 -1.369602718619546307e-02 -9.184797890818347660e-03 -6.172120279813463756e-03 -4.517805901104449476e-03 -3.781663557987189218e-03 -3.487126001239413201e-03 -3.281595005185837001e-03 -2.988651361946279960e-03 -2.582449963936131986e-03 -2.124437341382390959e-03 -1.698028684845913567e-03 -1.363413324201413280e-03 -1.139409153579322084e-03 -1.008217857466047656e-03 -9.326313397683155424e-04 -8.749585881104544405e-04 -8.101255512485156657e-04 -7.299838027951942743e-04 -6.400957364109574176e-04 -5.524773158518704857e-04 -4.782473251138164602e-04 -4.229412232064325323e-04 -3.854519618359319522e-04 -3.599584601453394324e-04 -3.392284432665211569e-04 -3.176421271483345372e-04 -2.928146599827438764e-04 -2.655421975017446812e-04 -2.385189761941208548e-04 -2.146315691258635007e-04 -1.956149859825177329e-04 -1.815121617452336003e-04 -1.709630952088910872e-04 -1.620113556206258742e-04 -1.529810218115221568e-04 -1.430530262762253098e-04 -1.323697322222041131e-04 -1.217277120875634569e-04 -1.120704615759377930e-04 -1.040301625653059349e-04 -9.769644239352301342e-05 -9.266034042502794014e-05 -8.826060681424312585e-05 -8.389003468951311451e-05 -7.922285820260131783e-05 -7.428341261979631545e-05 -6.935660968474231271e-05 -6.480678116135875897e-05 -6.089670705552213730e-05 -5.768457610200574613e-05 -5.501929594162349821e-05 -5.266172064923102059e-05 -5.027622366248025109e-05 -4.803432852472179140e-05 -4.541515580621380141e-05 -4.115508824197388298e-05 -3.863607736844797982e-05 -3.614281042960551190e-05 -3.412568457585640676e-05 -3.239684600459825090e-05 -3.085951673017764592e-05 -2.934186025295789732e-05 -2.805348841225906577e-05 -2.557288428869790534e-05 -3.081251587440718648e-05
-1.640234303493068476e-04 -7.060618186328466387e-04 -1.494053145688459521e-03 -2.825953817586900497e-03 -4.865262303367312580e-03 -7.588221288771825057e-03 -1.058016601824750963e-02 -1.298328347083694406e-02 -1.385601111090166079e-02 -1.345949203704217834e-02 -1.622192089111787819e-02 -3.712987384375859845e-02 -1.117596349636583858e-01 -3.278332485941971020e-01 -8.129838722032491916e-01 -2.135466865615779142e+00 -3.703686048963996225e+00 -1.448981182055815253e+01 4.164698320826621725e+00 -2.008129687931572960e+02 7.181588707724189362e+02 -5.379990943507643351e+03 2.370201074193946624e+04 -5.508646776599452096e+03 7.376474808786375661e+02 -2.171057761530619246e+02 1.733465313919892559e+00 -1.749683458861736796e+01 -5.045965623435020753e+00 -2.921925623188207144e+00 -1.190025805093820610e+00 -5.005465262521098246e-01 -1.803650171783268141e-01 -6.245222698426863839e-02 -2.818445944949561632e-02 -2.460898774961578495e-02 -2.724736315623785959e-02 -2.757438427982476445e-02 -2.435272103986261746e-02 -1.906706994276512884e-02 -1.356462615212025713e-02 -9.091239135338080243e-03 -6.104583854756011861e-03 -4.464951672956509951e-03 -3.735657772166517225e-03 -3.444277738249514834e-03 -3.241363179930301704e-03 -2.952024666917759006e-03 -2.550512616930293748e-03 -2.097555066010328793e-03 -1.675703274071448220e-03 -1.344592976085807372e-03 -1.122953496665443467e-03 -9.932660650603150187e-04 -9.187505354430490273e-04 -8.620804855597932054e-04 -7.983636498490217755e-04 -7.194445530065183636e-04 -6.307642591976702923e-04 -5.442031082678815785e-04 -4.708048943114672888e-04 -4.161153582022621188e-04 -3.791007170875264017e-04 -3.540295080170463527e-04 -3.337323347512785045e-04 -3.126049526207011443e-04 -2.882370737029231033e-04 -2.613827529026349844e-04 -2.347043790601138855e-04 -2.110832126176551832e-04 -1.922753837420055907e-04 -1.783580698266012227e-04 -1.680008465504785793e-04 -1.592593000903696555e-04 -1.504494415077389877e-04 -1.407315605419651443e-04 -1.302273329332912454e-04 -1.197234508502981404e-04 -1.101685664971719053e-04 -1.022114865547904365e-04 -9.596122405370485450e-05 -9.102185391903945002e-05 -8.673364707430979495e-05 -8.248018547937716060e-05 -7.792146843827279221e-05 -7.307010727074236822e-05 -6.820710496597026152e-05 -6.370340970477812964e-05 -5.982944659420237350e-05 -5.667618307007453909e-05 -5.402317855805540027e-05 -5.191607919913297873e-05 -4.958558205655886914e-05 -4.553296521282027064e-05 -4.289054964689682862e-05 -3.998572508159444063e-05 -3.738759074201097226e-05 -3.510132937933562965e-05 -3.317461135216060472e-05 -3.154664768786391891e-05 -3.005517830246325089e-05 -2.887304814813340865e-05 -2.645453830328828456e-05 -3.199377892928520478e-05
-1.543705185871080171e-04 -6.017409499898305298e-04 -1.103236536129151117e-03 -1.895895993074420095e-03 -3.204366752216484572e-03 -5.234706768133504280e-03 -7.971608885564047259e-03 -1.098700325914847911e-02 -1.339087034623720994e-02 -1.421689332197442063e-02 -1.374832138785793238e-02 -1.653191722786310353e-02 -3.783200182289363223e-02 -1.137217219189485817e-01 -3.328137941503186981e-01 -8.238128292458721802e-01 -2.158358558577357034e+00 -3.741936636963699492e+00 -1.458456956834163876e+01 4.116657998606408242e+00 -2.015175635484061445e+02 7.198088711753309781e+02 -5.392066997141808315e+03 2.374378543508894290e+04 -5.515859594145576921e+03 7.386546053725730872e+02 -2.171819749306911831e+02 1.794618498479234381e+00 -1.746950350895836124e+01 -5.028210516504828753e+00 -2.912123508847074493e+00 -1.185028692997649014e+00 -4.982323568957490734e-01 -1.794040566080451760e-01 -6.206609158399820081e-02 -2.797925419496251342e-02 -2.442234872251476327e-02 -2.704082026769518560e-02 -2.736163052092017295e-02 -2.415843055032186951e-02 -1.890799775251535836e-02 -1.344498830103754879e-02 -9.005514065929517975e-03 -6.042745015297343661e-03 -4.417072801591975274e-03 -3.694591392770870189e-03 -3.406340809012866136e-03 -3.205643329767192927e-03 -2.919114303539273141e-03 -2.521325022492480576e-03 -2.072582760395240160e-03 -1.654783795694511313e-03 -1.327048278749040069e-03 -1.107896490629278882e-03 -9.798911704578350083e-04 -9.065048130236817237e-04 -8.506953596041880606e-04 -7.877853526962489902e-04 -7.097239794911690486e-04 -6.219580276761945987e-04 -5.363146694202799254e-04 -4.637695854591728385e-04 -4.098171536330642069e-04 -3.734029988264437553e-04 -3.488046787246145732e-04 -3.288817783856060224e-04 -3.080668280464108591e-04 -2.839835986308770414e-04 -2.574103526079321819e-04 -2.310204099621394522e-04 -2.076928613242857828e-04 -1.891718262458139772e-04 -1.755182382992032011e-04 -1.653876549227968965e-04 -1.568292729195115470e-04 -1.481628645009207962e-04 -1.385613012302636506e-04 -1.281629912895729392e-04 -1.177693100812806563e-04 -1.083363399226120317e-04 -1.005109489621033945e-04 -9.439260526275400636e-05 -8.957301213589633697e-05 -8.538288673900836932e-05 -8.120325216043400090e-05 -7.669919522811846689e-05 -7.189496113018305028e-05 -6.707893230740178195e-05 -6.264965082927804649e-05 -5.880378354742693921e-05 -5.590519082790403017e-05 -5.330853962257043558e-05 -4.943338936078708716e-05 -4.707503683483544671e-05 -4.433837986867823533e-05 -4.161938429116623348e-05 -3.892018139650145063e-05 -3.641750843886421268e-05 -3.422476682709259737e-05 -3.238545129645696721e-05 -3.079509326791483409e-05 -2.964218990029743724e-05 -2.727508194708413051e-05 -3.318930054851239808e-05
-1.584107816854187824e-04 -5.775557946057529365e-04 -9.279672097635268888e-04 -1.375903127696598673e-03 -2.113254806046415118e-03 -3.413282258156185786e-03 -5.487169527265940185e-03 -8.300421057133348934e-03 -1.138503223312092513e-02 -1.380863725382544017e-02 -1.458433744399244454e-02 -1.402743421647853657e-02 -1.680766748953403319e-02 -3.845610931422505097e-02 -1.155118951337190669e-01 -3.374209486543475189e-01 -8.339000785562616924e-01 -2.179810360995381391e+00 -3.777892013324935849e+00 -1.467474266137799432e+01 4.072953747315334105e+00 -2.022087252648929905e+02 7.214802141544298593e+02 -5.404355274676526278e+03 2.378743326915492798e+04 -5.523709331548858245e+03 7.397447440266423655e+02 -2.172994604901823266e+02 1.851552556664460170e+00 -1.744799410074514512e+01 -5.012856653081136038e+00 -2.903668468364197341e+00 -1.180650038860749929e+00 -4.961929803706395803e-01 -1.785525662351421794e-01 -6.172407438039052840e-02 -2.779829273030795869e-02 -2.425724174921636139e-02 -2.685647046852930250e-02 -2.717016051785335617e-02 -2.398244556154363258e-02 -1.876333287877279821e-02 -1.333615512266753816e-02 -8.927927009769191097e-03 -5.987342956289753645e-03 -4.374572422477952111e-03 -3.658115457007719406e-03 -3.372249768328984109e-03 -3.173033849962147556e-03 -2.888676984290166044e-03 -2.494173452128407766e-03 -2.049440073372170348e-03 -1.635653798812565941e-03 -1.311296372001743852e-03 -1.094562186688022125e-03 -9.680395360401854036e-04 -8.954775996697593703e-04 -8.402013996068689178e-04 -7.778432054394807072e-04 -7.005172495434966538e-04 -6.136765704944185896e-04 -5.290409397978199047e-04 -4.574384774272440674e-04 -4.042452712847643633e-04 -3.683599280857617945e-04 -3.440899215588686636e-04 -3.243770902434996726e-04 -3.037488233604867843e-04 -2.798993216329116133e-04 -2.536318419058236325e-04 -2.275992859410760070e-04 -2.046323651569208972e-04 -1.864240306422397520e-04 -1.730032352796025466e-04 -1.630234476807326956e-04 -1.545586681523534382e-04 -1.459669426271617695e-04 -1.364559020522501502e-04 -1.261820189216485285e-04 -1.159434364354388659e-04 -1.066764153584121271e-04 -9.900228375341643249e-05 -9.300101521856760296e-05 -8.825865444294560356e-05 -8.411482723711263354e-05 -7.997006101052589065e-05 -7.550483963121842131e-05 -7.077514641925223724e-05 -6.599729742343016193e-05 -6.183223937968866538e-05 -5.805615343988131924e-05 -5.344220774864470415e-05 -5.082113061735406392e-05 -4.822570649296153826e-05 -4.578757789000546867e-05 -4.324760171852361419e-05 -4.062114062784753169e-05 -3.801746058907940075e-05 -3.559437242671321933e-05 -3.348455040973285330e-05 -3.167741010633221666e-05 -3.043233136398529196e-05 -2.804149459552510021e-05 -3.432423904448952376e-05
-1.541238071535845178e-04 -5.500690141232310489e-04 -8.342096333925838603e-04 -1.111465369772970122e-03 -1.500859188317724699e-03 -2.233741430881345386e-03 -3.581356488280474596e-03 -5.737479041077560814e-03 -8.636918406042377178e-03 -1.177734201626991391e-02 -1.419901519316840027e-02 -1.490934247369119295e-02 -1.426193286977182721e-02 -1.704209529326226533e-02 -3.902497569372032765e-02 -1.171796700458608564e-01 -3.417332127293024047e-01 -8.433666320500220470e-01 -2.200032826712345901e+00 -3.811871455358140537e+00 -1.476104839577328853e+01 4.033128149590275768e+00 -2.028901978310668142e+02 7.231777471723656845e+02 -5.416884409898243575e+03 2.383296665268838115e+04 -5.532174833161579045e+03 7.409154805408719540e+02 -2.174555078505844392e+02 1.904803119858969218e+00 -1.743179077686884781e+01 -4.999669610494101413e+00 -2.896432995929470788e+00 -1.176832297709364594e+00 -4.944044553591269708e-01 -1.778015793401031552e-01 -6.142189241102748859e-02 -2.763771538674762024e-02 -2.410935512833304109e-02 -2.669020074475679516e-02 -2.699692977916132858e-02 -2.382318378158388913e-02 -1.863271608008724642e-02 -1.323833564556097138e-02 -8.858554064968526473e-03 -5.937888702006178555e-03 -4.336367618337543320e-03 -3.624858701537432212e-03 -3.340781904362539415e-03 -3.142803788092247280e-03 -2.860577584666501409e-03 -2.469367491345860356e-03 -2.028574353631071477e-03 -1.618589202947133196e-03 -1.297263170147766858e-03 -1.082536056401573995e-03 -9.571219810961318665e-04 -8.851321039309086470e-04 -8.302942624395298274e-04 -7.685254316057876138e-04 -6.920343552385924569e-04 -6.061973571030930237e-04 -5.225666250103525251e-04 -4.518074748335694697e-04 -3.992082827161039086e-04 -3.636784236718380468e-04 -3.396121652866966427e-04 -3.200649941705816914e-04 -2.996542197763199739e-04 -2.761092199875469729e-04 -2.502111337107644864e-04 -2.245550143981201818e-04 -2.019104212533769040e-04 -1.839336761336315073e-04 -1.706541284361886960e-04 -1.607572186397169330e-04 -1.523623874403784071e-04 -1.438655625025722911e-04 -1.344901071138457555e-04 -1.243831680147421386e-04 -1.143167478243769077e-04 -1.051983789237998402e-04 -9.763140997935156181e-05 -9.169508847467331596e-05 -8.699155829159790985e-05 -8.287910769185528805e-05 -7.879681037052867914e-05 -7.436231366843339412e-05 -6.989244535095468294e-05 -6.519260312987455697e-05 -5.936700967966489564e-05 -5.558094121018812968e-05 -5.222436174453060455e-05 -4.952776837036248245e-05 -4.712122690517409160e-05 -4.476833526978468833e-05 -4.231719488639476372e-05 -3.976849487998130315e-05 -3.723678847443329392e-05 -3.489247793853068847e-05 -3.281157684795485494e-05 -3.135828794323984933e-05 -2.882718616795164682e-05 -3.538878037182038692e-05
-1.358517266532891193e-04 -4.885766042562015047e-04 -7.452468813075531669e-04 -9.674168064338301096e-04 -1.201865431984813467e-03 -1.591417400416488079e-03 -2.359567446990399903e-03 -3.766278312594096515e-03 -5.990063810602577581e-03 -8.948709957977890594e-03 -1.212158808069685109e-02 -1.453296650568468643e-02 -1.518714170624025327e-02 -1.446902607017851346e-02 -1.726414666868249931e-02 -3.956938746041302468e-02 -1.187556879128582599e-01 -3.457925702176326554e-01 -8.522898782934199557e-01 -2.219188125959216773e+00 -3.844142864030557938e+00 -1.484410107647481247e+01 3.996776439795408642e+00 -2.035651683389927769e+02 7.249055997110214093e+02 -5.429679109047759994e+03 2.388039802930094083e+04 -5.541238545286671069e+03 7.421648069934992691e+02 -2.176478105650010093e+02 1.954821813700254207e+00 -1.742046007996794188e+01 -4.988454245234842155e+00 -2.890310532469727356e+00 -1.173525750997229888e+00 -4.928437354083145538e-01 -1.771403155476076463e-01 -6.115367047247726590e-02 -2.749370298773288687e-02 -2.397611448334858314e-02 -2.654049425561880171e-02 -2.684122648639969411e-02 -2.368028832578052828e-02 -1.851566201369881856e-02 -1.315062121112541872e-02 -8.796073587785672304e-03 -5.892919672844026957e-03 -4.301225727348502274e-03 -3.594098744974753758e-03 -3.311790492407095787e-03 -3.115220957594404521e-03 -2.835202605821029835e-03 -2.447122475714887981e-03 -2.009867149324133170e-03 -1.603153497788264124e-03 -1.284355973129501505e-03 -1.071286370981551538e-03 -9.468375986756028678e-04 -8.754522228602320925e-04 -8.211714069035829736e-04 -7.600928118299691075e-04 -6.844448293881795356e-04 -5.995069602226058307e-04 -5.166980212766550309e-04 -4.465863477665111820e-04 -3.944373955574780803e-04 -3.592073758723493093e-04 -3.353729000609816514e-04 -3.160651038368166173e-04 -2.959400706508131780e-04 -2.727215094557108735e-04 -2.471540154025608175e-04 -2.217895909039244921e-04 -1.993705534553025672e-04 -1.815525071457969278e-04 -1.683871787217797384e-04 -1.585920221577284401e-04 -1.503124742729379461e-04 -1.419540629385287003e-04 -1.327320726720191075e-04 -1.227748499910757886e-04 -1.128357113951363751e-04 -1.038125063935864346e-04 -9.631278986093967014e-05 -9.042532040907800195e-05 -8.578720254920201721e-05 -8.169862978257175798e-05 -7.786071397409928736e-05 -7.349629570420727084e-05 -6.740523815337887646e-05 -6.270491867617738178e-05 -5.812045004109859782e-05 -5.427330983305754623e-05 -5.110917441763993934e-05 -4.849774637157850109e-05 -4.617493427813937237e-05 -4.389232850331677214e-05 -4.150804966980798998e-05 -3.902292810766935842e-05 -3.656566756255987043e-05 -3.424723588933858590e-05 -3.252926399613022013e-05 -2.974652542574477568e-05 -3.645356440881248407e-05
-1.081176455971588575e-04 -3.987379876967638145e-04 -6.360528637491383091e-04 -8.567342366574053156e-04 -1.057589413359217353e-03 -1.294664743007810283e-03 -1.700889923374819231e-03 -2.495811711297024008e-03 -3.938221709460522878e-03 -6.205487794596935107e-03 -9.209221370315191779e-03 -1.241499396274806100e-02 -1.482916511733756507e-02 -1.544653048607197605e-02 -1.467448363245455779e-02 -1.748827781950802740e-02 -4.009307141573884709e-02 -1.202431259276559722e-01 -3.496206462112728675e-01 -8.607338932894517125e-01 -2.237422317602990152e+00 -3.874946908632327158e+00 -1.492443361154725245e+01 3.963546335419997124e+00 -2.042363593335023495e+02 7.266673356225355747e+02 -5.442760888858243561e+03 2.392973997001660246e+04 -5.550885895477358645e+03 7.434910483705142497e+02 -2.178744126285943139e+02 2.001990286194377244e+00 -1.741363344220117426e+01 -4.979042868519076848e+00 -2.885207198064150713e+00 -1.170684704114743235e+00 -4.914888742581567938e-01 -1.765590060562559627e-01 -6.091544227493940478e-02 -2.736492208742253088e-02 -2.385715167307170259e-02 -2.640702021849126307e-02 -2.670226780615882894e-02 -2.355239517618156614e-02 -1.841040400769631061e-02 -1.307121419924437908e-02 -8.739051501527537666e-03 -5.851617966731992131e-03 -4.268963576202968770e-03 -3.566085116766980288e-03 -3.285638829343122836e-03 -3.090467322744784411e-03 -2.812395741881904519e-03 -2.426967865163527117e-03 -1.992700709488726910e-03 -1.588799067970562235e-03 -1.272263781250268727e-03 -1.060788596209624648e-03 -9.373745178020994164e-04 -8.666883659913975687e-04 -8.129925642389168854e-04 -7.525246015791989653e-04 -6.775510483660621098e-04 -5.933140242046751073e-04 -5.111662839911537996e-04 -4.416231258566271863e-04 -3.899313300789809572e-04 -3.550618536669619837e-04 -3.315240281151597560e-04 -3.124813972972208709e-04 -2.926099291899359757e-04 -2.696381187613375112e-04 -2.443053403981483075e-04 -2.191562120270505395e-04 -1.969294455051820729e-04 -1.792824505150260371e-04 -1.662720328545543057e-04 -1.566204033310436951e-04 -1.484748997296955612e-04 -1.402399448678296585e-04 -1.311286837085519818e-04 -1.212685621705109128e-04 -1.114159798251270975e-04 -1.024697894487781023e-04 -9.506109266180873079e-05 -8.921371733024763869e-05 -8.481864449313948010e-05 -8.079282966677992070e-05 -7.536049325405069224e-05 -7.099001306812332125e-05 -6.611325733798763867e-05 -6.136171761658178311e-05 -5.697755422430110300e-05 -5.322526614907784661e-05 -5.015022386826056459e-05 -4.760899798488798921e-05 -4.534773324552270800e-05 -4.312265910236837098e-05 -4.079406349422058555e-05 -3.837814990029272396e-05 -3.594278821691549992e-05 -3.399613653514093161e-05 -3.090613809650034547e-05 -3.764844269717996275e-05
-7.895454440306649423e-05 -3.019366873779186808e-04 -5.139664769496623056e-04 -7.410565274373142296e-04 -9.574718081535100360e-04 -1.160209093550332781e-03 -1.397090018845060632e-03 -1.803125887034617240e-03 -2.605468849542052698e-03 -4.071185644635304940e-03 -6.380094395735819331e-03 -9.435930019835774007e-03 -1.268594722321324773e-02 -1.511405925582409195e-02 -1.570251083627969071e-02 -1.487908366245758486e-02 -1.770527573394204898e-02 -4.058619886966590568e-02 -1.216435942222058308e-01 -3.532444028637495848e-01 -8.687657702016499117e-01 -2.254870262389199187e+00 -3.904493722198449923e+00 -1.500249967423010489e+01 3.933140453017339944e+00 -2.049061086986416456e+02 7.284660588012524158e+02 -5.456148669275872635e+03 2.398100523841577160e+04 -5.561104800114651880e+03 7.448928086377036379e+02 -2.181336464055804072e+02 2.046637249651127366e+00 -1.741099167341764087e+01 -4.971288191773274079e+00 -2.881039990912808602e+00 -1.168269242116549034e+00 -4.903219734461446433e-01 -1.760511065661101993e-01 -6.070557713691387275e-02 -2.725117173704273699e-02 -2.375198736344572709e-02 -2.628846788685335750e-02 -2.657806612811303149e-02 -2.343733723177263487e-02 -1.831512604497761987e-02 -1.299898989289850412e-02 -8.687103164706024699e-03 -5.814125654583742094e-03 -4.239900209985952677e-03 -3.540986445525661809e-03 -3.262164422982943065e-03 -3.068060747472452048e-03 -2.791518957956160788e-03 -2.408329396890001618e-03 -1.976735523748418197e-03 -1.575475362596557823e-03 -1.261154231175138935e-03 -1.051279490061062492e-03 -9.288853286666972188e-04 -8.588175224064814638e-04 -8.055603244739540855e-04 -7.455296752307140990e-04 -6.710825737374628494e-04 -5.874624342839615153e-04 -5.059639358466845507e-04 -4.370260268229238460e-04 -3.858361517111978277e-04 -3.513422569726042046e-04 -3.280681291398340705e-04 -3.092168064192612445e-04 -2.895103553550556954e-04 -2.667133047732862718e-04 -2.415813340044869269e-04 -2.166547393547606183e-04 -1.946537201528594459e-04 -1.772130999716094266e-04 -1.643727166778308278e-04 -1.548493669772877312e-04 -1.467973082268213150e-04 -1.386360353904210680e-04 -1.295966363102319600e-04 -1.198154843135267462e-04 -1.100711084650268470e-04 -1.011911154498988685e-04 -9.404531651999586690e-05 -8.827479052248300684e-05 -8.232299399254958084e-05 -7.828596899478879999e-05 -7.403284110392183452e-05 -6.960696239456380554e-05 -6.492729926652014488e-05 -6.027628343620389999e-05 -5.599053592909852150e-05 -5.231749586564448518e-05 -4.930911393994210148e-05 -4.682452885945648989e-05 -4.461486242108821457e-05 -4.243886468692830360e-05 -4.017398818316327095e-05 -3.777470143167784488e-05 -3.571999302547272464e-05 -3.235335422923080715e-05 -3.910959698626209548e-05
-5.505033291969372856e-05 -2.188409073623456716e-04 -3.980104466186454065e-04 -6.162724132953913570e-04 -8.471842937050734577e-04 -1.062366818407607227e-03 -1.254296745167419319e-03 -1.476225632881049930e-03 -1.873441038371042667e-03 -2.683738392708363840e-03 -4.180071064191413950e-03 -6.539659224715768313e-03 -9.653843394586013663e-03 -1.294976388537184137e-02 -1.539011891614162561e-02 -1.594732288389629285e-02 -1.507102635591599932e-02 -1.790626427394072934e-02 -4.104872433236353424e-02 -1.229706691855471518e-01 -3.566970112667477433e-01 -8.764471767006726255e-01 -2.271645323005496486e+00 -3.932957563935156386e+00 -1.507868280928883920e+01 3.905305579680010464e+00 -2.055764441083708789e+02 7.303044904546966336e+02 -5.469859243301872993e+03 2.403420684771031665e+04 -5.571885263523892718e+03 7.463689330174006500e+02 -2.184240811727668472e+02 2.089049802566424141e+00 -1.741225717162932440e+01 -4.965062320772872795e+00 -2.877738048726751874e+00 -1.166246601886359313e+00 -4.893292496449931916e-01 -1.756118613049836852e-01 -6.052250400559350957e-02 -2.715128350066177074e-02 -2.365893314067116573e-02 -2.618274035950404408e-02 -2.646661640887731232e-02 -2.333365201487248158e-02 -1.822908479626117115e-02 -1.293379922541609307e-02 -8.640359774358421369e-03 -5.780519997628937381e-03 -4.213847827209157675e-03 -3.518325530986347004e-03 -3.240735836999442208e-03 -3.047419600166867155e-03 -2.772208567280133422e-03 -2.391121569621580765e-03 -1.962103119443472238e-03 -1.563390358158738133e-03 -1.251162913608433805e-03 -1.042730533227286286e-03 -9.211746979215659986e-04 -8.515528636390524118e-04 -7.986061632346814045e-04 -7.389491020568916130e-04 -6.650246718019595018e-04 -5.820509672842124433e-04 -5.012283521077071872e-04 -4.328898088010900078e-04 -3.821526681461096431e-04 -3.479528480228869978e-04 -3.248543842700952534e-04 -3.061275305508229520e-04 -2.865575317849084814e-04 -2.639446904609120295e-04 -2.390449904883012382e-04 -2.143710831922315981e-04 -1.926048874875649114e-04 -1.753507146894625656e-04 -1.626377005224141463e-04 -1.531933230614192590e-04 -1.451977073623027237e-04 -1.370938476381698560e-04 -1.281483561834582637e-04 -1.184351952214675861e-04 -1.089659300666122245e-04 -1.001860740256942990e-04 -9.153893247529912769e-05 -8.577179083311437002e-05 -8.097733415595772665e-05 -7.688109321993734184e-05 -7.281300837414294094e-05 -6.848050324059255724e-05 -6.389821891287859174e-05 -5.933185249042323574e-05 -5.512162166362283137e-05 -5.151355657380302279e-05 -4.856061617087693123e-05 -4.612510287123657021e-05 -4.396031846608411013e-05 -4.184352278320202186e-05 -3.958924936471736858e-05 -3.758059354603714483e-05 -3.404642731206879158e-05 -4.091624326094982835e-05
-3.950036541957008246e-05 -1.606869512600951351e-04 -3.041533005067247422e-04 -4.944877354575991698e-04 -7.163627003777482119e-04 -9.423921342848128827e-04 -1.143438608805356915e-03 -1.317870000748555580e-03 -1.527224833240694527e-03 -1.924810017530749311e-03 -2.753675997412330378e-03 -4.287431554598766618e-03 -6.698072806269589514e-03 -9.865388608059048534e-03 -1.319991731868658084e-02 -1.564740316070242082e-02 -1.617318744901512229e-02 -1.524810860761722196e-02 -1.809536139250416537e-02 -4.149044560325532843e-02 -1.242402070782132467e-01 -3.600049023608277721e-01 -8.838249600246124160e-01 -2.287838284581169557e+00 -3.960484583403071301e+00 -1.515331462819435870e+01 3.879818404229907092e+00 -2.062491413230947899e+02 7.321850363731613243e+02 -5.483907646052762175e+03 2.408935811172600734e+04 -5.583219053649657326e+03 7.479184750911110768e+02 -2.187444860999659682e+02 2.129478012649906216e+00 -1.741719026610775245e+01 -4.960255911571594289e+00 -2.875241432535317720e+00 -1.164589154901891410e+00 -4.884985398116493682e-01 -1.752361554908014873e-01 -6.036361509970827877e-02 -2.706330773295185024e-02 -2.357624860956619370e-02 -2.608842106545118320e-02 -2.636698486770925470e-02 -2.324087187467619581e-02 -1.815208554237553173e-02 -1.287546659602744475e-02 -8.598481615413568896e-03 -5.750259558834423801e-03 -4.190164276054570390e-03 -3.497527695980962806e-03 -3.220988973039302927e-03 -3.028440724441449402e-03 -2.754564141994257209e-03 -2.375515872107328980e-03 -1.948908231453356761e-03 -1.552496384037362889e-03 -1.242087503619296665e-03 -1.034856052210222054e-03 -9.139775748751928670e-04 -8.447363543624402272e-04 -7.921114311133014901e-04 -7.328736288642954781e-04 -6.595052136176771584e-04 -5.771664102673598491e-04 -4.969558748486458798e-04 -4.291180243186965048e-04 -3.787318130605700863e-04 -3.447520120617081677e-04 -3.217998185119137376e-04 -3.032098836168843907e-04 -2.838113387081726987e-04 -2.614144270929984063e-04 -2.367547496759689438e-04 -2.123100100109457994e-04 -1.907316112919918796e-04 -1.736109693444887506e-04 -1.609863352541371481e-04 -1.516043877097157395e-04 -1.436877322159190633e-04 -1.356318519742950575e-04 -1.269446425777975677e-04 -1.173323776095687568e-04 -1.064082460518988145e-04 -9.765477988153869928e-05 -9.016233225168265018e-05 -8.435043533147406573e-05 -7.974018533874912792e-05 -7.573067489623822827e-05 -7.175063430736899515e-05 -6.749629240690437299e-05 -6.298882958622264799e-05 -5.849246009550893472e-05 -5.434576095597232919e-05 -5.079351036710309829e-05 -4.788984345550501281e-05 -4.549786138954736605e-05 -4.338990264144518440e-05 -4.127803820454381745e-05 -3.942684313825388755e-05 -3.586452667354342831e-05 -4.304624158909296994e-05
-3.183581569470010127e-05 -1.278643824025202066e-04 -2.387489972198973687e-04 -3.896261567590915062e-04 -5.786891043304069051e-04 -7.932238837961205075e-04 -1.007489168639997450e-03 -1.196573788710028315e-03 -1.362882102735539199e-03 -1.571325367577496804e-03 -1.977919066871387192e-03 -2.827730201031061243e-03 -4.394872266829601137e-03 -6.848630969605840578e-03 -1.006104562581236830e-02 -1.342953329415133221e-02 -1.588476179918486483e-02 -1.638455180053965260e-02 -1.541786448699720806e-02 -1.828021540716046056e-02 -4.191791301002898568e-02 -1.254599647081660607e-01 -3.631842216459751360e-01 -8.909351812491793643e-01 -2.303527069359235568e+00 -3.987204473469804000e+00 -1.522668840429589210e+01 3.856479749612190311e+00 -2.069257637741316387e+02 7.341098462408253909e+02 -5.498307451286460491e+03 2.414647268395727951e+04 -5.595099443490823433e+03 7.495406654834389428e+02 -2.190938027169541158e+02 2.168138642915827585e+00 -1.742558407039424040e+01 -4.956774443178669998e+00 -2.873497654273454049e+00 -1.163271804168868107e+00 -4.878179953591996187e-01 -1.749186041215186338e-01 -6.022636726161884752e-02 -2.698594227521724717e-02 -2.350320808398548289e-02 -2.600506035505743482e-02 -2.627879776631903905e-02 -2.315854298118615040e-02 -1.808351397824880386e-02 -1.282324326117499289e-02 -8.560703853410891670e-03 -5.722715654001366697e-03 -4.168470096226710268e-03 -3.478485181600741733e-03 -3.203012725733585080e-03 -3.011274446103651831e-03 -2.738663019516890829e-03 -2.361438294470529550e-03 -1.936928907317240524e-03 -1.542496607971426429e-03 -1.233658365902036858e-03 -1.027496281888405118e-03 -9.072730243600516265e-04 -8.384542161517242109e-04 -7.861975453765182326e-04 -7.273832563402738349e-04 -6.545151738654720859e-04 -5.727093329913352654e-04 -4.929966555993537704e-04 -4.255694041717333442e-04 -3.754907653546049129e-04 -3.417351144563989689e-04 -3.189621185186674820e-04 -3.005431489066190897e-04 -2.813275765014007610e-04 -2.591256235541999431e-04 -2.346588562459802892e-04 -2.103877072808198526e-04 -1.889540025370265992e-04 -1.719463462247661657e-04 -1.594295895040210860e-04 -1.501002283433285013e-04 -1.424245823707986566e-04 -1.344501675085194947e-04 -1.243259617617311545e-04 -1.147420669686181714e-04 -1.049642755669539466e-04 -9.618825577401677479e-05 -8.889603604783119408e-05 -8.318134792103688553e-05 -7.866013211024006091e-05 -7.472277873552905781e-05 -7.080917333599748460e-05 -6.661888751643830326e-05 -6.217424251346723911e-05 -5.773814330351126442e-05 -5.364714230884376234e-05 -5.014551406168407785e-05 -4.728632305518471607e-05 -4.495140318549248999e-05 -4.284417126405194308e-05 -4.115122292832335666e-05 -3.765888333221947435e-05 -4.537538659070927232e-05
-2.937764377208796238e-05 -1.132702539087758725e-04 -1.987220771537145686e-04 -3.095688133022501736e-04 -4.537168069367638321e-04 -6.350324030063373955e-04 -8.430309144148764302e-04 -1.053616329714269833e-03 -1.241696797033159556e-03 -1.408892791396548685e-03 -1.620289945843780052e-03 -2.034063248048212629e-03 -2.899036664415198007e-03 -4.492676170937336469e-03 -6.984210316345123952e-03 -1.023952525928335106e-02 -1.364323103349616984e-02 -1.611018282828535764e-02 -1.658918524964131738e-02 -1.558501335544168823e-02 -1.846179103947450176e-02 -4.233040506261996627e-02 -1.266323631606540157e-01 -3.662481957860355131e-01 -8.978116280926983217e-01 -2.318783633038125291e+00 -4.013234304730240787e+00 -1.529906301930268597e+01 3.835115133215292182e+00 -2.076076929729036351e+02 7.360808595026296643e+02 -5.513071017057059180e+03 2.420556458535846832e+04 -5.607521002538526773e+03 7.512348861220120853e+02 -2.194711202647967809e+02 2.205221138750978582e+00 -1.743725785059404387e+01 -4.954534229561854630e+00 -2.872459538386854749e+00 -1.162271642300477970e+00 -4.872769564631769246e-01 -1.746548700477564831e-01 -6.010930536365925725e-02 -2.691881684166860800e-02 -2.343960979081520166e-02 -2.593222172542105144e-02 -2.620129415927718516e-02 -2.308568541634208396e-02 -1.802237333842865441e-02 -1.277631988927650959e-02 -8.526532989125333584e-03 -5.697722533318187906e-03 -4.148830712936707119e-03 -3.461338845431536412e-03 -3.186875684328471965e-03 -2.995833576714537500e-03 -2.724266236301997861e-03 -2.348574168041836496e-03 -1.925879650888724344e-03 -1.533218757903796617e-03 -1.225845387195430378e-03 -1.020730823217690271e-03 -9.011775631891705057e-04 -8.327827188440685901e-04 -7.808526436991979590e-04 -7.223764113760389703e-04 -6.499029668439325509e-04 -5.685367524530342536e-04 -4.892658492445402631e-04 -4.222368691825445020e-04 -3.724845398292741302e-04 -3.389789590207788390e-04 -3.163952421484112626e-04 -2.981294773162876280e-04 -2.790543373565280635e-04 -2.569947458516247916e-04 -2.326776126373657867e-04 -2.085563958106376973e-04 -1.872819348224735790e-04 -1.703735629142290949e-04 -1.581212988516822785e-04 -1.488768261831016301e-04 -1.397801315747833697e-04 -1.318172528435421664e-04 -1.228068497021477434e-04 -1.132030149468164423e-04 -1.036352388406480847e-04 -9.497419819836835084e-05 -8.778755116607057951e-05 -8.215490967962855366e-05 -7.770134078713495512e-05 -7.382258405052147308e-05 -6.996403056716115742e-05 -6.582835958686616355e-05 -6.143847698794733961e-05 -5.705594590206536913e-05 -5.301622043112208115e-05 -4.956090991001471196e-05 -4.676110641477926609e-05 -4.442474912430456759e-05 -4.275558896360501118e-05 -3.932659951873141449e-05 -4.772769917013890470e-05
-2.892602697031564673e-05 -1.072862036756917932e-04 -1.755389636255053575e-04 -2.543561866633715159e-04 -3.552733724366218242e-04 -4.931390360829888877e-04 -6.731920786083994950e-04 -8.842514262667216423e-04 -1.099342562934854878e-03 -1.290308178791499394e-03 -1.457490701203867194e-03 -1.667716502947767495e-03 -2.083761194489154329e-03 -2.960257535694066355e-03 -4.578924338355613334e-03 -7.108654610629024616e-03 -1.040827461828472932e-02 -1.384876724817164957e-02 -1.632886535733724109e-02 -1.678839087953294673e-02 -1.574749838894196757e-02 -1.863678466800299666e-02 -4.272653733805076293e-02 -1.277618373194706336e-01 -3.692122322076188401e-01 -9.044873465171922033e-01 -2.333672756458734732e+00 -4.038676510790468299e+00 -1.537066455623254946e+01 3.815573217730710009e+00 -2.082961574062611589e+02 7.380998385531721624e+02 -5.528209689581985913e+03 2.426664822758777518e+04 -5.620479423409615265e+03 7.530006518160039377e+02 -2.198756530378003049e+02 2.240893454749622649e+00 -1.745205224890245788e+01 -4.953460879737536793e+00 -2.872085355018253239e+00 -1.161568884053560513e+00 -4.868667900783015257e-01 -1.744418846108820031e-01 -6.001157277818507801e-02 -2.686156650552399064e-02 -2.338485552832315559e-02 -2.586895415924711505e-02 -2.613335735200611118e-02 -2.302128734000960172e-02 -1.796795916647274394e-02 -1.273436077378552189e-02 -8.495923868279214863e-03 -5.675364455925730779e-03 -4.131294558942924695e-03 -3.445998396812312205e-03 -3.172338031156833431e-03 -2.981796973460556187e-03 -2.711074623724009456e-03 -2.336732849831998395e-03 -1.915711348339367397e-03 -1.524726443311425882e-03 -1.218754169968008479e-03 -1.014630323987007450e-03 -8.956777275935385836e-04 -8.276206744591020062e-04 -7.759255051982884852e-04 -7.177090930072344780e-04 -6.455809268074006639e-04 -5.646374306742207817e-04 -4.858139808017494744e-04 -4.191934784076903581e-04 -3.697648128730949722e-04 -3.364850048425958623e-04 -3.140477336799483619e-04 -2.958861540423747007e-04 -2.769123264177050206e-04 -2.549735778256509607e-04 -2.308193706700277937e-04 -2.068313419725110037e-04 -1.858656148243861285e-04 -1.690844764698211811e-04 -1.554634387038383923e-04 -1.462347789871480035e-04 -1.382197716872011995e-04 -1.302220766088646659e-04 -1.214081887364337628e-04 -1.119190045499420579e-04 -1.024674199841169486e-04 -9.390503957192785018e-05 -8.680166326965366196e-05 -8.123693493010212001e-05 -7.683961347685511840e-05 -7.301037578344556024e-05 -6.919918749308655325e-05 -6.511150381531156657e-05 -6.077072695493187523e-05 -5.643808139112916494e-05 -5.244573361012718512e-05 -4.905287302233942202e-05 -4.625122674303879536e-05 -4.437428888366835568e-05 -4.087461420731326701e-05 -4.996025887722175900e-05
-2.804979687018033100e-05 -1.019562152550821890e-04 -1.598941806871288578e-04 -2.183504026609267589e-04 -2.872026776923345065e-04 -3.842780567219071151e-04 -5.243130471864247905e-04 -7.104927703977410034e-04 -9.280335988201231364e-04 -1.146680359333540969e-03 -1.336802989444948499e-03 -1.499912560762310882e-03 -1.706564070248429077e-03 -2.124835285204002607e-03 -3.014510723480527850e-03 -4.660130846721389358e-03 -7.228919447872498953e-03 -1.057212867250374548e-02 -1.404766309945844512e-02 -1.653939323834588762e-02 -1.697928631093913177e-02 -1.590277565037882118e-02 -1.880455059435993601e-02 -4.310883905257069382e-02 -1.288556566595971953e-01 -3.720915020098214399e-01 -9.109909108966657287e-01 -2.348249474531549197e+00 -4.063619125239181784e+00 -1.544169155843100860e+01 3.797720496045626781e+00 -2.089922586340311739e+02 7.401683959292777217e+02 -5.543733969557983073e+03 2.432973843559284796e+04 -5.633971376310243613e+03 7.548375958079955126e+02 -2.203067222783167551e+02 2.275305167197116063e+00 -1.746982717376713623e+01 -4.953489206760893993e+00 -2.872339044080473691e+00 -1.161146793079992801e+00 -4.865802819100333299e-01 -1.742768961277427475e-01 -5.993200175101056487e-02 -2.681331683399273622e-02 -2.333798237407227680e-02 -2.581427343336983871e-02 -2.607417096318386321e-02 -2.296482355454441612e-02 -1.792002965841498971e-02 -1.269729409196089336e-02 -8.468827226985031417e-03 -5.655505884773108852e-03 -4.115610523204902595e-03 -3.432144943406468651e-03 -3.159101196289853392e-03 -2.968965777888374867e-03 -2.699022154441146643e-03 -2.325956883035155964e-03 -1.906510013468239477e-03 -1.517076305900772609e-03 -1.212364162199274691e-03 -1.009092134491597608e-03 -8.906236373132181503e-04 -8.228252749648005048e-04 -7.713275634510627539e-04 -7.133666256079733035e-04 -6.415944801728375776e-04 -5.610792073523214289e-04 -4.826888089681052830e-04 -4.164387982909019013e-04 -3.672800958077839005e-04 -3.341715210979008012e-04 -3.118412177318033288e-04 -2.937650382660727958e-04 -2.749086335265449495e-04 -2.530758284296744272e-04 -2.292304333695236427e-04 -2.053999642748965200e-04 -1.831354804067074305e-04 -1.664102985309078942e-04 -1.538744733581183521e-04 -1.446156566797816888e-04 -1.367833126255997187e-04 -1.288838311593009907e-04 -1.201750420261848534e-04 -1.107842756575563940e-04 -1.014260229185923450e-04 -9.294707260480539028e-05 -8.591451849274109646e-05 -8.040797904165868884e-05 -7.605907508783277303e-05 -7.227287531661068568e-05 -6.850355363690650650e-05 -6.445917258554370306e-05 -6.016459266623693734e-05 -5.587837808956401363e-05 -5.195067746458618838e-05 -4.855626985371844597e-05 -4.623591725995099163e-05 -4.244043467696591683e-05 -5.204656682990300461e-05
-2.565486192599676429e-05 -9.312510665115851310e-05 -1.450696286599743683e-04 -1.938239306002915465e-04 -2.447307999069765088e-04 -3.120772065582619911e-04 -4.122823162054583363e-04 -5.578423908537494475e-04 -7.492071711408229738e-04 -9.695148549840344049e-04 -1.187676996730010299e-03 -1.374695358083995829e-03 -1.534113143258817929e-03 -1.739654872745135692e-03 -2.163190391180892097e-03 -3.068007273401666523e-03 -4.740444894373157039e-03 -7.346076225578327713e-03 -1.072958752264447681e-02 -1.423734981846485996e-02 -1.673976798510324118e-02 -1.716147956973640420e-02 -1.605221610461188275e-02 -1.896780188115146024e-02 -4.348115142662139360e-02 -1.299197728628291304e-01 -3.748974103703197613e-01 -9.173451704150135111e-01 -2.362560788095717346e+00 -4.088139867469828381e+00 -1.551232166252787437e+01 3.781436877176929556e+00 -2.096969909408972228e+02 7.422880194543058678e+02 -5.559653648112468545e+03 2.439485046795188828e+04 -5.647994388783114118e+03 7.567454560224261968e+02 -2.207637428946382840e+02 2.308588900400948773e+00 -1.749046015218803163e+01 -4.954562325351432150e+00 -2.873189128448757401e+00 -1.160990511724334429e+00 -4.864106369829656051e-01 -1.741569245585772030e-01 -5.986913270553120836e-02 -2.677315366459597640e-02 -2.329830545663408997e-02 -2.576766958021249609e-02 -2.602338457182893153e-02 -2.291604853473704073e-02 -1.787836086229624769e-02 -1.266485005055239740e-02 -8.444911224030716979e-03 -5.637792397480162476e-03 -4.101471272488983397e-03 -3.419579274995629848e-03 -3.147095118862517412e-03 -2.957370657549008696e-03 -2.688177159115729201e-03 -2.316284308946382851e-03 -1.898240118375177539e-03 -1.510156586374078328e-03 -1.206521807988158697e-03 -1.003972957687308473e-03 -8.859267477131512565e-04 -8.183804805196774959e-04 -7.671009556553284696e-04 -7.094123197627799247e-04 -6.379869039300960307e-04 -5.578583659296963183e-04 -4.798372598481326964e-04 -4.138909407642304430e-04 -3.649524796026734240e-04 -3.319906194045950496e-04 -3.097820517721284507e-04 -2.917787864967296926e-04 -2.731859878988797874e-04 -2.514845045154172429e-04 -2.263681524352613114e-04 -2.026223805759177436e-04 -1.814647338783654629e-04 -1.647471041968077304e-04 -1.524123507755535320e-04 -1.432535176735265283e-04 -1.355147957842772234e-04 -1.276985428987920937e-04 -1.190729654544538785e-04 -1.097654500774295530e-04 -1.004873771201138119e-04 -9.208101555167221551e-05 -8.511037698330511741e-05 -7.965483169913864319e-05 -7.534852673888313998e-05 -7.160063558966062007e-05 -6.786930808257650959e-05 -6.386609605861544975e-05 -5.961478722350130674e-05 -5.539342643641188791e-05 -5.146378279680668283e-05 -4.857175409675566779e-05 -4.425197923840358099e-05 -5.411684810672596292e-05
-2.187891006658443892e-05 -8.046594373950312676e-05 -1.281924032196105144e-04 -1.740667231025850084e-04 -2.186211982727363974e-04 -2.694703495624815068e-04 -3.388854792358422861e-04 -4.417578767896034107e-04 -5.894745964005462325e-04 -7.820706605334494955e-04 -1.002707256605579701e-03 -1.220482804960218220e-03 -1.406719006611164375e-03 -1.565715118790470374e-03 -1.772822452472709327e-03 -2.202571210583076974e-03 -3.121423913084105193e-03 -4.818013188455830265e-03 -7.457299448551503798e-03 -1.087857471610240330e-02 -1.441759646629781934e-02 -1.693168536829619056e-02 -1.733778396276753828e-02 -1.619859543889907300e-02 -1.912851166487100976e-02 -4.384497362470669152e-02 -1.309571376232192552e-01 -3.776383875637508991e-01 -9.235699858795251016e-01 -2.376649314832901982e+00 -4.112309533706540066e+00 -1.558271523429868033e+01 3.766614642541821212e+00 -2.104112555080203890e+02 7.444600939662688006e+02 -5.575977921079384942e+03 2.446200003306740109e+04 -5.662546747068312470e+03 7.587240623816663856e+02 -2.212462124444826088e+02 2.340862320737099100e+00 -1.751384370442420746e+01 -4.956629811730175916e+00 -2.874607321186434472e+00 -1.161086322628062772e+00 -4.863514027581549160e-01 -1.740791841522943695e-01 -5.982183352598013232e-02 -2.674062052586378274e-02 -2.326558299883844244e-02 -2.572890589204512163e-02 -2.598067773712388687e-02 -2.287454200719117592e-02 -1.784247098420874492e-02 -1.263655887117629169e-02 -8.423797611890260911e-03 -5.621990738605623164e-03 -4.088794508908217412e-03 -3.408327367959758207e-03 -3.136382026122345231e-03 -2.947039216267908351e-03 -2.678490691390541991e-03 -2.307589975950553093e-03 -1.890737244549336267e-03 -1.503816610684082780e-03 -1.201134137604038593e-03 -9.992539781802059658e-04 -8.816268260881595124e-04 -8.143469770524011967e-04 -7.632860808978912063e-04 -7.058397251226950593e-04 -6.347029462321721613e-04 -5.548915479549763798e-04 -4.771804784918296091e-04 -4.115012735633448177e-04 -3.627872465483802304e-04 -3.299541075810722302e-04 -3.080099581115344309e-04 -2.901065606332715137e-04 -2.702277394872044350e-04 -2.485873280349083021e-04 -2.245619847565992564e-04 -2.008506707674093117e-04 -1.799283863626382693e-04 -1.633430475122100252e-04 -1.511201748523326486e-04 -1.420462280756433612e-04 -1.343802434417148636e-04 -1.266332048997995932e-04 -1.180784254691704917e-04 -1.088432964970259342e-04 -9.963576049455169536e-05 -9.129366799023737832e-05 -8.437801730282013066e-05 -7.896788581640113802e-05 -7.469982963454236432e-05 -7.098692555832907675e-05 -6.729214057178924048e-05 -6.332775306512188366e-05 -5.913940774930205959e-05 -5.491390008284858685e-05 -5.150680460444419229e-05 -4.653556620811270437e-05 -5.642789492866602454e-05
-1.757450617794879708e-05 -6.611470992587378164e-05 -1.096559271207692414e-04 -1.550545881807886437e-04 -1.995533857465693086e-04 -2.443624355887368763e-04 -2.952462437213073353e-04 -3.640412319417514562e-04 -4.660698868568856172e-04 -6.136132353872988943e-04 -8.073208170428642890e-04 -1.030203806117269659e-03 -1.250488652918510610e-03 -1.438503341438689652e-03 -1.598335125933012055e-03 -1.806661774364192764e-03 -2.241013891754720013e-03 -3.171730240670941284e-03 -4.890454792848941690e-03 -7.562031406154060345e-03 -1.102057326221600637e-02 -1.459123706482845333e-02 -1.711815162529932779e-02 -1.751027824407954195e-02 -1.634253943812209384e-02 -1.928619374481843271e-02 -4.420002037395575484e-02 -1.319699694954395153e-01 -3.803227221760129284e-01 -9.296845158226448858e-01 -2.390554517762374598e+00 -4.136192253347878989e+00 -1.565301628414559509e+01 3.753158390536302402e+00 -2.111358728775863369e+02 7.466859178981831064e+02 -5.592715486798222628e+03 2.453120330254507644e+04 -5.677627413479902316e+03 7.607733268945496548e+02 -2.217537006462682427e+02 2.372230869065286019e+00 -1.753988266169621113e+01 -4.959646390998122989e+00 -2.876568096459787505e+00 -1.161421887455230006e+00 -4.863969944809853896e-01 -1.740415406851275881e-01 -5.978945496417580052e-02 -2.671552395822247850e-02 -2.323959217522926501e-02 -2.569757448761470636e-02 -2.594548822520055184e-02 -2.283970393601436263e-02 -1.781184867970586616e-02 -1.261208174499201320e-02 -8.405336288749062218e-03 -5.608092139512202423e-03 -4.077629079939724260e-03 -3.398412801410281847e-03 -3.126909817579510368e-03 -2.937840075517242789e-03 -2.669788739646642740e-03 -2.299711935843974653e-03 -1.883897573722395809e-03 -1.498028684165288432e-03 -1.196234640570937235e-03 -9.949920368698920038e-04 -8.777622082749781318e-04 -8.107172305847902723e-04 -7.598268701264828144e-04 -7.025644422529098891e-04 -6.316622507456683263e-04 -5.521282185255287642e-04 -4.747214593626303421e-04 -4.092799013846918450e-04 -3.609208903343905030e-04 -3.282375931785775952e-04 -3.050336679493536153e-04 -2.871629624475327352e-04 -2.683214778001316754e-04 -2.466940294650852043e-04 -2.229029826673519237e-04 -1.993461327401889157e-04 -1.785683720270975932e-04 -1.620976421331909295e-04 -1.499644502913943572e-04 -1.409612554551544199e-04 -1.333563716276714006e-04 -1.256686895325586045e-04 -1.171756918469160489e-04 -1.080045483439872190e-04 -9.885986032857293257e-05 -9.057530455474544254e-05 -8.370906787810556923e-05 -7.834005310944670299e-05 -7.410716443023339991e-05 -7.042828424741114188e-05 -6.676823881273550524e-05 -6.286382670723658715e-05 -5.866699041105877911e-05 -5.498467413361292643e-05 -4.940844003373668757e-05 -5.926482482399470257e-05
-1.370649771011764899e-05 -5.286747570109768808e-05 -9.156581497292376286e-05 -1.355912659604234538e-04 -1.810778018706888281e-04 -2.252618364523399652e-04 -2.681956725644936163e-04 -3.161692706868153438e-04 -3.823487099574073358e-04 -4.834907294614082638e-04 -6.326208142191829323e-04 -8.300300360293478468e-04 -1.057389491232988039e-03 -1.281226649719762476e-03 -1.470707128984412261e-03 -1.630132389310674692e-03 -1.838205296211007636e-03 -2.276044756839316983e-03 -3.218092050511455349e-03 -4.958849917743610690e-03 -7.662707315065074229e-03 -1.115835260358945431e-02 -1.476038544302309130e-02 -1.730005588343868153e-02 -1.767863716964626630e-02 -1.648303433561950498e-02 -1.944002420856828783e-02 -4.454680633523764449e-02 -1.329616642190330211e-01 -3.829591741404906879e-01 -9.357066287492925571e-01 -2.404311669394220363e+00 -4.159844889271584911e+00 -1.572335382445391794e+01 3.740983447998135425e+00 -2.118715951092785019e+02 7.489667161285022985e+02 -5.609874628905466125e+03 2.460247692420669046e+04 -5.693235955628388183e+03 7.628932362984506881e+02 -2.222858400485322932e+02 2.402789835625369186e+00 -1.756849262450020888e+01 -4.963571668896295641e+00 -2.879048903793812730e+00 -1.161986547692776872e+00 -4.865427807203341337e-01 -1.740422969870737413e-01 -5.977141026395593748e-02 -2.669749922691512858e-02 -2.321986397825412385e-02 -2.567309080515715880e-02 -2.591723374390111911e-02 -2.281107652133754563e-02 -1.778622026785894872e-02 -1.259131103157934417e-02 -8.389512863454304595e-03 -5.596089130997125745e-03 -4.067913099291839765e-03 -3.389703609356252076e-03 -3.118504011047257534e-03 -2.929606407725016473e-03 -2.661957795975667274e-03 -2.292610170313244457e-03 -1.877742605542081491e-03 -1.492840346937880603e-03 -1.191856060789180799e-03 -9.911773640883096183e-04 -8.742766711271015949e-04 -8.074072300885945562e-04 -7.566426706102454729e-04 -6.995344387544623690e-04 -6.288650737583927758e-04 -5.495757707873454717e-04 -4.725924537758473330e-04 -4.073982072523067927e-04 -3.578862734924352640e-04 -3.252816705957581951e-04 -3.031008642272527988e-04 -2.852173432129765296e-04 -2.665737702416797199e-04 -2.450783948734222366e-04 -2.214316708145728499e-04 -1.980095338587374576e-04 -1.773514126785299017e-04 -1.609787076647230069e-04 -1.489221649937821543e-04 -1.399796807205392452e-04 -1.324275537403959686e-04 -1.247917264788457408e-04 -1.163533613541459081e-04 -1.072393298481913302e-04 -9.815110556811221091e-05 -8.991852025957762192e-05 -8.309728630891657821e-05 -7.776628228385862849e-05 -7.356784372904006666e-05 -6.992157982761137698e-05 -6.631909200852907779e-05 -6.240031724872473944e-05 -5.877025671013817422e-05 -5.280671666337896636e-05 -6.281131836878079333e-05
-1.090929682346812791e-05 -4.274960022897014429e-05 -7.610840220185688594e-05 -1.164328057706399619e-04 -1.605853698353293076e-04 -2.048384448590302481e-04 -2.460962747078578169e-04 -2.854400841187149009e-04 -3.305924060169005969e-04 -3.959418211933939070e-04 -4.987339443559281023e-04 -6.515716380525611844e-04 -8.535800953587932864e-04 -1.084955598975899556e-03 -1.311015107973110714e-03 -1.500547687794821393e-03 -1.658739829576134786e-03 -1.866574538844488311e-03 -2.308528339224701943e-03 -3.262594393869114578e-03 -5.025569799532936949e-03 -7.761111321254502392e-03 -1.129265494161156048e-02 -1.492481357923396146e-02 -1.747665803348233404e-02 -1.784218161974052488e-02 -1.661991694250486776e-02 -1.959064465777987304e-02 -4.488711475407027723e-02 -1.339359696379279763e-01 -3.855554798537196293e-01 -9.416516107356029952e-01 -2.417951549372590492e+00 -4.183318020915540281e+00 -1.579384464505868557e+01 3.730013465505251258e+00 -2.126191161652088510e+02 7.513036515816828569e+02 -5.627463285548084968e+03 2.467583803513592284e+04 -5.709372486123415911e+03 7.650838455796042581e+02 -2.228423188178387875e+02 2.432625294858269172e+00 -1.759959921767836732e+01 -4.968370000598620884e+00 -2.882029998090965162e+00 -1.162770990710942476e+00 -4.867846149958409696e-01 -1.740797464039690323e-01 -5.976690993319319634e-02 -2.668600477962792747e-02 -2.320590104561659830e-02 -2.565500897638815433e-02 -2.589557293534986565e-02 -2.278844120940275511e-02 -1.776545794834359648e-02 -1.257415045288093336e-02 -8.376210683155957404e-03 -5.585824716229354989e-03 -4.059465559003067742e-03 -3.382033137135105789e-03 -3.111049656026044531e-03 -2.922291693635377038e-03 -2.655008472021212849e-03 -2.286319838346349571e-03 -1.872294321473182534e-03 -1.488234617668545172e-03 -1.187938771101446946e-03 -9.877252471185485588e-04 -8.710898480153452493e-04 -8.043647553932497000e-04 -7.537321356153667143e-04 -6.967547941224509073e-04 -6.264390892563339967e-04 -5.474005436946229302e-04 -4.693485578934544896e-04 -4.043210995851471154e-04 -3.558923916448113764e-04 -3.233169575042552785e-04 -3.013333344135412208e-04 -2.835557653430084831e-04 -2.650238906998632848e-04 -2.436422842408323644e-04 -2.201147188011251348e-04 -1.968087363258769022e-04 -1.762545346648088291e-04 -1.599674323555596472e-04 -1.479778229926069077e-04 -1.390883334431750019e-04 -1.315824105543857234e-04 -1.239923699831047422e-04 -1.156027008291677521e-04 -1.065399875949468662e-04 -9.750285978255191941e-05 -8.931775612339551602e-05 -8.253826710779364859e-05 -7.724459527603479874e-05 -7.307938078946094008e-05 -6.949038436406383842e-05 -6.586742061392208080e-05 -6.254439166453732617e-05 -5.649155542414041495e-05 -6.704743634240732566e-05
-9.316040992190524687e-06 -3.636216927824376794e-05 -6.447860067921948747e-05 -9.905749699392189822e-05 -1.386357372342960075e-04 -1.808169171666947083e-04 -2.221562272183615495e-04 -2.605633699834977290e-04 -2.980506293536352947e-04 -3.429061340018059890e-04 -4.095919539728523759e-04 -5.150070165723095485e-04 -6.711410186725661961e-04 -8.763958491432060271e-04 -1.110277579856669633e-03 -1.337622971379483694e-03 -1.527206266857392657e-03 -1.684978993931998507e-03 -1.893707730777830509e-03 -2.340603314321468720e-03 -3.306736924248914172e-03 -5.091070178892955628e-03 -7.856792768571575769e-03 -1.142265192571921550e-02 -1.508393033578007449e-02 -1.764800595552930632e-02 -1.800163533468833454e-02 -1.675432592597967535e-02 -1.973932210603120130e-02 -4.522243592288972824e-02 -1.348955094501503305e-01 -3.881176414172149980e-01 -9.475325203556271836e-01 -2.431501777989043767e+00 -4.206657806177098280e+00 -1.586459577318680481e+01 3.720179096467765234e+00 -2.133790796017090656e+02 7.536978360701333486e+02 -5.645489108083183964e+03 2.475130427362148839e+04 -5.726037612104380059e+03 7.673452716423936408e+02 -2.234228751430624698e+02 2.461814805225287728e+00 -1.763313710973898907e+01 -4.974009800898100409e+00 -2.885493763863764993e+00 -1.163766705470294260e+00 -4.871185262441343755e-01 -1.741521483329971365e-01 -5.977517020808637699e-02 -2.668063157516695205e-02 -2.319743469617836784e-02 -2.564311747348915413e-02 -2.588031495687165631e-02 -2.277160200600816461e-02 -1.774934496761955763e-02 -1.256036577876581788e-02 -8.365201558939001913e-03 -5.577110338468944419e-03 -4.052164639205856241e-03 -3.375352994712671039e-03 -3.104553985827952171e-03 -2.915923996208433840e-03 -2.648952960772735666e-03 -2.280813905599355512e-03 -1.867484948802298431e-03 -1.484121532706962881e-03 -1.184399737032773613e-03 -9.845823122364685733e-04 -8.681993629355117762e-04 -8.015937892218935341e-04 -7.512194566542577208e-04 -6.943872479031989228e-04 -6.229604039178444691e-04 -5.440900128352968478e-04 -4.671605548562373918e-04 -4.022412279908336909e-04 -3.540754283249262276e-04 -3.216414252658212074e-04 -2.997694263437072145e-04 -2.820813919832610068e-04 -2.636385514370357492e-04 -2.423534994306455505e-04 -2.189289527494879344e-04 -1.957247631603698987e-04 -1.752621658500437985e-04 -1.590506593205940960e-04 -1.471201014081146403e-04 -1.382773051377171678e-04 -1.308121752008996937e-04 -1.232628290963867464e-04 -1.149168153012220921e-04 -1.059005147039620404e-04 -9.691012332650531782e-05 -8.876914668011597336e-05 -8.203067231867474415e-05 -7.677308321804262366e-05 -7.266765063676675432e-05 -6.905318882408003353e-05 -6.606147126192090182e-05 -6.014611435439898659e-05 -7.173152384107768780e-05
-8.637953544827306574e-06 -3.300099940423876463e-05 -5.658012024053336766e-05 -8.464862046831529675e-05 -1.174157833219599491e-04 -1.547842648854682018e-04 -1.948694581893317386e-04 -2.348292405316001010e-04 -2.727629716909325385e-04 -3.105405668876271095e-04 -3.561803803972892922e-04 -4.239725187248102834e-04 -5.308260595266047583e-04 -6.888236142622465108e-04 -8.963379119014854013e-04 -1.132573330269082915e-03 -1.361854051988546730e-03 -1.552564481439750463e-03 -1.710906573106263720e-03 -1.920998198454757335e-03 -2.372585049260059545e-03 -3.349887405403038573e-03 -5.154313038987440657e-03 -7.948967248869955385e-03 -1.154828279138717280e-02 -1.523849160030334507e-02 -1.781538595918422466e-02 -1.815831875407586046e-02 -1.688717858842779876e-02 -1.988647489345719138e-02 -4.555317812401556837e-02 -1.358419401012362082e-01 -3.906508733559946878e-01 -9.533614950580112657e-01 -2.444988056489459272e+00 -4.229906857623908500e+00 -1.593570546493969964e+01 3.711417832323622434e+00 -2.141520847009323347e+02 7.561503393362976340e+02 -5.663959512171844835e+03 2.482889378965524156e+04 -5.743232392827013427e+03 7.696776878040705014e+02 -2.240272921089513432e+02 2.490428572821557385e+00 -1.766904865230637611e+01 -4.980462698824723589e+00 -2.889424224439306688e+00 -1.164965865873114348e+00 -4.875408801840588335e-01 -1.742580154398732095e-01 -5.979566144278399692e-02 -2.668119771282402228e-02 -2.319433759976292919e-02 -2.563722692432052197e-02 -2.587118832171459576e-02 -2.276023750400716153e-02 -1.773756494190572089e-02 -1.254969937048467515e-02 -8.356320098522959303e-03 -5.569875853272242966e-03 -4.046009357826411447e-03 -3.369688373166455225e-03 -3.099026187380148241e-03 -2.910470959400189139e-03 -2.643716159154479474e-03 -2.275994532112060945e-03 -1.863224471759433298e-03 -1.480442459878296684e-03 -1.181232920672318706e-03 -9.817506019269676715e-04 -8.657265108483760095e-04 -7.992526559090164153e-04 -7.477018828089941225e-04 -6.909413046325708343e-04 -6.205625289009378698e-04 -5.417994111630996959e-04 -4.651776527736648697e-04 -4.004674319599274622e-04 -3.524726105160098130e-04 -3.201595829660497643e-04 -2.983761446993380057e-04 -2.807621962900950651e-04 -2.623944694287317757e-04 -2.411928115463580732e-04 -2.178585109407002039e-04 -1.947442266210394840e-04 -1.743628560609350659e-04 -1.582184463495647938e-04 -1.463402426328896759e-04 -1.375387906248625998e-04 -1.301098513399690047e-04 -1.225968585521050504e-04 -1.142902347845431714e-04 -1.053163820697289288e-04 -9.636948200079776638e-05 -8.827191440826921915e-05 -8.157306794887345634e-05 -7.637999407829253683e-05 -7.224602435941098540e-05 -6.930389175988220269e-05 -6.353293383043229388e-05 -7.649213225253903776e-05
-8.386152716169390775e-06 -3.126323875541629809e-05 -5.135532868906354825e-05 -7.357816851191001188e-05 -9.916163362508002485e-05 -1.300120837517395266e-04 -1.664076473308872791e-04 -2.065367122311817494e-04 -2.471218924858729058e-04 -2.856626295043586373e-04 -3.236241656229424477e-04 -3.690568292001066204e-04 -4.367106889728507063e-04 -5.441309529701799643e-04 -7.038412884076966766e-04 -9.141550541207318133e-04 -1.153648651654678742e-03 -1.385705253517232260e-03 -1.577987692600693256e-03 -1.736828816170142478e-03 -1.947788401227033362e-03 -2.403355194704504937e-03 -3.391105995624877408e-03 -5.215023511172540115e-03 -8.038174955224325346e-03 -1.167069798185748838e-02 -1.538982675288367262e-02 -1.797985068590658361e-02 -1.831271776536589832e-02 -1.701839207483937799e-02 -2.003178912826346705e-02 -4.587950709227159307e-02 -1.367770665791742113e-01 -3.931605165193360896e-01 -9.591501759453210374e-01 -2.458434149130205082e+00 -4.253104046069748456e+00 -1.600726362847670714e+01 3.703673648594662637e+00 -2.149386923926500117e+02 7.586621960383204168e+02 -5.682881722407562847e+03 2.490862525497959723e+04 -5.760958303137857001e+03 7.720813196311315778e+02 -2.246553927832661373e+02 2.518530699765626490e+00 -1.770728279653810233e+01 -4.987703153667333744e+00 -2.893807038292802059e+00 -1.166361532800463729e+00 -4.880485864882386782e-01 -1.743961932639477852e-01 -5.982801961783269784e-02 -2.668754087766468316e-02 -2.319639771387261434e-02 -2.563702472680636293e-02 -2.586782941596363697e-02 -2.275401200216652445e-02 -1.772987186036464533e-02 -1.254201671296681711e-02 -8.349523952636593929e-03 -5.564125616998346138e-03 -4.041001513503209366e-03 -3.365005383952603991e-03 -3.094389919206620883e-03 -2.905831109313538035e-03 -2.639201789562241416e-03 -2.271795457060936472e-03 -1.859499314370219227e-03 -1.477193804124762996e-03 -1.178554392859141112e-03 -9.793843372981993808e-04 -8.622894105324464950e-04 -7.958730836565875181e-04 -7.452776931055078019e-04 -6.885362910429465881e-04 -6.184068644488409068e-04 -5.398473232352755512e-04 -4.634352272817189415e-04 -3.989049717780617215e-04 -3.510510167375279324e-04 -3.188396525554575470e-04 -2.971303297864885326e-04 -2.795789147907885830e-04 -2.612755790605018002e-04 -2.401465250241279338e-04 -2.168916236256567378e-04 -1.938569318630392428e-04 -1.735476970874802927e-04 -1.574629235713170578e-04 -1.456312157339244469e-04 -1.368664625382466637e-04 -1.294697601142040858e-04 -1.219894629252555294e-04 -1.137188413584997137e-04 -1.047845580890489106e-04 -9.588063579500268865e-05 -8.782498159590008057e-05 -8.119597057729623806e-05 -7.597302572335859591e-05 -7.255523002680408138e-05 -6.664523694993788427e-05 -8.100604713081226355e-05
-8.109647647251920280e-06 -2.975783511759271400e-05 -4.741635967691897356e-05 -6.540226619744495473e-05 -8.511247779660681173e-05 -1.094061715280268514e-04 -1.402220826561312750e-04 -1.774919482272213232e-04 -2.186755522333907868e-04 -2.598067293517322880e-04 -2.980613902949429215e-04 -3.350964030065860071e-04 -3.795820009888433919e-04 -4.470427756787969439e-04 -5.556052586230173472e-04 -7.178971814626003726e-04 -9.317533676661201051e-04 -1.174824808451055327e-03 -1.409492818488428762e-03 -1.602861028730103062e-03 -1.761661990375151116e-03 -1.973121223043067946e-03 -2.432540440076393692e-03 -3.430752635300679705e-03 -5.274124271036471738e-03 -8.125534504600601116e-03 -1.179083240006471855e-02 -1.553844889255054547e-02 -1.814146167185929498e-02 -1.846459465820601484e-02 -1.714769108530798947e-02 -2.017527772893889376e-02 -4.620217055684674307e-02 -1.377031259069654290e-01 -3.956517698348256395e-01 -9.649091473849104039e-01 -2.471861451211269323e+00 -4.276284534288022243e+00 -1.607935283683498895e+01 3.696895940899667554e+00 -2.157394308735836148e+02 7.612344116832088048e+02 -5.702262810696337510e+03 2.499051787342702664e+04 -5.779217201727280553e+03 7.745564416103684380e+02 -2.253070360677938311e+02 2.546179923779442245e+00 -1.774779456865124772e+01 -4.995708420361347102e+00 -2.898629562875037813e+00 -1.167947663936739655e+00 -4.886389807288258891e-01 -1.745656450038587659e-01 -5.987182163124644962e-02 -2.669937570444735550e-02 -2.320330735314265341e-02 -2.564218395985955190e-02 -2.586994877582970281e-02 -2.275271859960232082e-02 -1.772614854817161634e-02 -1.253726276661466625e-02 -8.344777487866810589e-03 -5.559807891471130366e-03 -4.037059508029908032e-03 -3.361202322140517153e-03 -3.090548159324512170e-03 -2.901934421637259939e-03 -2.635389425810101723e-03 -2.268205318215771142e-03 -1.856416856772336943e-03 -1.474522394421127732e-03 -1.175000271180261235e-03 -9.760360196980718455e-04 -8.599526625490437138e-04 -7.935405455810931293e-04 -7.431207565330394480e-04 -6.865003901471748108e-04 -6.165266591506100152e-04 -5.381390659704553140e-04 -4.618997263882731433e-04 -3.975218128150452145e-04 -3.497874171480063539e-04 -3.176624135869927468e-04 -2.960159271284448757e-04 -2.785177439308449761e-04 -2.602698700071709448e-04 -2.392041234445422626e-04 -2.160190597603262649e-04 -1.930547519919356117e-04 -1.728094924848503234e-04 -1.567776651796313537e-04 -1.449872418357159081e-04 -1.362551307356975252e-04 -1.288873314177999972e-04 -1.214368963569997946e-04 -1.131999399946102510e-04 -1.043051512025602363e-04 -9.544276627788809194e-05 -8.746092507559638594e-05 -8.080133737683098177e-05 -7.633779714309957363e-05 -6.977495570452994583e-05 -8.519074122139948723e-05
-7.552554535801735579e-06 -2.761597105081668987e-05 -4.363218322425387583e-05 -5.919603804220347523e-05 -7.519855209523528612e-05 -9.428778082476754177e-05 -1.190049394704708198e-04 -1.507695108254435287e-04 -1.888524799616754252e-04 -2.302431561063603257e-04 -2.708602222754365467e-04 -3.081357527691962780e-04 -3.442347078174880638e-04 -3.883961317607217988e-04 -4.565785912014600390e-04 -5.670568203453128656e-04 -7.322465332974105543e-04 -9.494327944117705777e-04 -1.195515489317660251e-03 -1.432183999606180883e-03 -1.626269650795099516e-03 -1.785036073835512185e-03 -1.997299565225985063e-03 -2.460939714913915055e-03 -3.469768111007769194e-03 -5.332351486054105749e-03 -8.211390052930155753e-03 -1.190866482911491150e-02 -1.568415983445127851e-02 -1.830007532991268296e-02 -1.861402035429854732e-02 -1.727540703022415608e-02 -2.031753602746712295e-02 -4.652218110870216805e-02 -1.386221274767868439e-01 -3.981290516196392959e-01 -9.706476510679026282e-01 -2.485289251386497700e+00 -4.299480545854379443e+00 -1.615204971168473946e+01 3.691038513946523825e+00 -2.165548001493281447e+02 7.638679683012350097e+02 -5.722109729212770617e+03 2.507459139127579692e+04 -5.798011303997741379e+03 7.771033739584960358e+02 -2.259821135151522355e+02 2.573429966192702256e+00 -1.779054468167380776e+01 -5.004458357885454234e+00 -2.903880618094837107e+00 -1.169718843172270262e+00 -4.893095762837779694e-01 -1.747653009998721141e-01 -5.992657178993410216e-02 -2.671640075417537966e-02 -2.321482700522544199e-02 -2.565250410114502597e-02 -2.587738822252503776e-02 -2.275623570780733670e-02 -1.772629164802996468e-02 -1.253533295568036443e-02 -8.341966551542505381e-03 -5.556805898619197881e-03 -4.034081920222397540e-03 -3.358208511139625530e-03 -3.087478684399460119e-03 -2.898765306817008627e-03 -2.632378436048390859e-03 -2.265361681302895634e-03 -1.852627350406941447e-03 -1.470997736092596962e-03 -1.172600554710042211e-03 -9.737577085217803165e-04 -8.579025407845651454e-04 -7.915932685799317815e-04 -7.412628985628828653e-04 -6.847391485332194336e-04 -6.148874418004644272e-04 -5.366417481801858021e-04 -4.605472128202979043e-04 -3.962983235337268336e-04 -3.486655955546177845e-04 -3.166140276258821605e-04 -2.950208831053997924e-04 -2.775680285448252588e-04 -2.593678613335312312e-04 -2.383571627535113193e-04 -2.152333074353734413e-04 -1.923310026386021584e-04 -1.721422753439401051e-04 -1.561573228806224149e-04 -1.444035369517675878e-04 -1.357006002154529062e-04 -1.283591618748542958e-04 -1.209367767372971031e-04 -1.127340122590866174e-04 -1.038775650151815144e-04 -9.509034679256158566e-05 -8.707629436220094647e-05 -8.121672494220678570e-05 -7.344521816232538929e-05 -8.931755691763005320e-05
-6.692842085444055952e-06 -2.465826167992925814e-05 -3.945410846941672906e-05 -5.398371237970604140e-05 -6.834686339083969752e-05 -8.419280554489518877e-05 -1.036468438961417722e-04 -1.288114909200446573e-04 -1.607561737274699814e-04 -1.986378076898615420e-04 -2.395433747859802116e-04 -2.796082779047118130e-04 -3.164993794043070505e-04 -3.525772071120236804e-04 -3.972280020966590676e-04 -4.665164966107262731e-04 -5.787638813424856882e-04 -7.463131313783479470e-04 -9.661887955347286819e-04 -1.214835755000758140e-03 -1.453426527193797148e-03 -1.648512294710566045e-03 -1.807716917100713741e-03 -2.021196595840905538e-03 -2.489183931752870886e-03 -3.508357777640857232e-03 -5.389529169499758521e-03 -8.295407096322050464e-03 -1.202397902170233845e-02 -1.582705548361973413e-02 -1.845612515692930319e-02 -1.876162717476592690e-02 -1.740216599725631641e-02 -2.045907929136684886e-02 -4.684014301972438954e-02 -1.395354748052242966e-01 -4.005960680749771075e-01 -9.763740625721331057e-01 -2.498735458394303333e+00 -4.322722119019542397e+00 -1.622542581260509209e+01 3.686059224650508614e+00 -2.173852754959429490e+02 7.665638296214488037e+02 -5.742429339340963452e+03 2.516086610710581590e+04 -5.817343159165043289e+03 7.797224795895031093e+02 -2.266805466351864595e+02 2.600329992349474928e+00 -1.783549891162411072e+01 -5.013934988465364562e+00 -2.909550137319849572e+00 -1.171670080651559642e+00 -4.900580267977191484e-01 -1.749941546320004093e-01 -5.999186051552571342e-02 -2.673843709993316275e-02 -2.323084217722617278e-02 -2.566786852757878615e-02 -2.589000746393786342e-02 -2.276439949489680523e-02 -1.773012698049541286e-02 -1.253606365720070538e-02 -8.340960528846167940e-03 -5.555034842471325701e-03 -4.032041446872346516e-03 -3.356006993972249480e-03 -3.085277504408408689e-03 -2.896455356101820377e-03 -2.628833157821315603e-03 -2.261848622480941689e-03 -1.850124258396515422e-03 -1.468636692637436065e-03 -1.170551693339659484e-03 -9.718967400759818140e-04 -8.561698141342074728e-04 -7.899377236216479498e-04 -7.396693365232577012e-04 -6.832190075141544383e-04 -6.134643085122751683e-04 -5.353347855213466937e-04 -4.593607300927648562e-04 -3.952202183217585129e-04 -3.476732985836858284e-04 -3.156837681811682319e-04 -2.941356473607171715e-04 -2.767211751822001354e-04 -2.585617950664402900e-04 -2.375986524830404141e-04 -2.145280906931620359e-04 -1.916800639766770456e-04 -1.715410213313088063e-04 -1.555974321997954241e-04 -1.438762232592163742e-04 -1.351997809912705334e-04 -1.278831766501261897e-04 -1.204899702535710946e-04 -1.123207263449467084e-04 -1.035382191016365433e-04 -9.471492437429877289e-05 -8.753987927845983280e-05 -7.821193374632860317e-05 -9.397139610793234178e-05
-5.680017689415281557e-06 -2.124878706521349692e-05 -3.492438432792927661e-05 -4.906959502764179698e-05 -6.309626788773187481e-05 -7.745219410075161509e-05 -9.326053285716714774e-05 -1.124491380039053753e-04 -1.371398050981244147e-04 -1.686013085321616729e-04 -2.062103883059253839e-04 -2.471579777699402279e-04 -2.875220075985818820e-04 -3.248161086136353536e-04 -3.612845294019725287e-04 -4.063514408809724087e-04 -4.762988926699610070e-04 -5.897458085695871793e-04 -7.592260922847731373e-04 -9.816671442254697611e-04 -1.233069559713238263e-03 -1.473966221528932950e-03 -1.670441621094109676e-03 -1.830311042710008971e-03 -2.044977475682197531e-03 -2.517026392362603678e-03 -3.546078438772888933e-03 -5.445304321326382806e-03 -8.377548605032106299e-03 -1.213712627748530018e-02 -1.596777540563277045e-02 -1.861032152158229383e-02 -1.890796455901013265e-02 -1.752822714297187084e-02 -2.059995507157337188e-02 -4.715627523139061250e-02 -1.404443460695541379e-01 -4.030563627728487863e-01 -9.820963921636842731e-01 -2.512216929949499189e+00 -4.346037250932226925e+00 -1.629954793849738692e+01 3.681919901789079130e+00 -2.182313105557480242e+02 7.693229452799415640e+02 -5.763228437530471638e+03 2.524936288131634865e+04 -5.837215630645047895e+03 7.824141616552996084e+02 -2.274022842734108565e+02 2.626925281926405287e+00 -1.788262741294825986e+01 -5.024122147940300209e+00 -2.915629038166489551e+00 -1.173796861386776857e+00 -4.908822610965347666e-01 -1.752513907859968578e-01 -6.006741852958811384e-02 -2.676538694140310690e-02 -2.325125244851877424e-02 -2.568811910482410657e-02 -2.590760034163059819e-02 -2.277699375516840583e-02 -1.773746984833412740e-02 -1.253932713296115019e-02 -8.341704541244538904e-03 -5.554464179413059338e-03 -4.031027807798812611e-03 -3.354726058776987332e-03 -3.082626661415942618e-03 -2.893605532485741313e-03 -2.626711969006541129e-03 -2.259647145178147326e-03 -1.848111139430271737e-03 -1.466792829473856970e-03 -1.168881763779743314e-03 -9.703599276894752171e-04 -8.547196916548673723e-04 -7.885403491076160886e-04 -7.383147597798680409e-04 -6.819186085790074998e-04 -6.122393287543656266e-04 -5.342029522579005768e-04 -4.583272975084415660e-04 -3.942763230812268557e-04 -3.468007635338036469e-04 -3.148629540368751709e-04 -2.933523815548598978e-04 -2.759700435631705969e-04 -2.578451573989495415e-04 -2.369226744140175850e-04 -2.138980682504393620e-04 -1.910971537503391104e-04 -1.710015047508924751e-04 -1.550943691765812487e-04 -1.434024908436483533e-04 -1.347509097024427111e-04 -1.274606829165119445e-04 -1.200965201145908921e-04 -1.119988198136975533e-04 -1.031736760407365848e-04 -9.523110178319779294e-05 -8.440555547254380514e-05 -9.984384718266179075e-05
-4.722905468361708541e-06 -1.797804276790788749e-05 -3.045309085932726203e-05 -4.417052743888583280e-05 -5.819996437601946700e-05 -7.209258435267745259e-05 -8.592932616666326847e-05 -1.009037238422851891e-04 -1.192295478416566219e-04 -1.433800337443067461e-04 -1.748415648238148777e-04 -2.129632422080892382e-04 -2.546816322012281455e-04 -2.957290817486079378e-04 -3.333681351611729004e-04 -3.698345336492180058e-04 -4.148248155547001599e-04 -4.850764870513476872e-04 -5.996429260101941456e-04 -7.712410759248722759e-04 -9.965766481694843335e-04 -1.251039902577666049e-03 -1.494396835875029398e-03 -1.692224474774569254e-03 -1.852573259915920104e-03 -2.068178871186567274e-03 -2.544053381923070539e-03 -3.582785783747872814e-03 -5.499889006120292634e-03 -8.458319124368023426e-03 -1.224873438593098926e-02 -1.610687610680149040e-02 -1.876300725088525870e-02 -1.905312013257124543e-02 -1.765350003959926389e-02 -2.074009940950890044e-02 -4.747091172105465107e-02 -1.413501115756505833e-01 -4.055134999294233156e-01 -9.878222207591241810e-01 -2.525749297069351140e+00 -4.369451795729255572e+00 -1.637447846749340030e+01 3.678585963395629932e+00 -2.190933404265543345e+02 7.721462542425642823e+02 -5.784513778215190541e+03 2.534010314582106730e+04 -5.857631878916728965e+03 7.851788616907521146e+02 -2.281473001887865450e+02 2.653257780693033308e+00 -1.793190429245555251e+01 -5.035005399374398394e+00 -2.922109274421314851e+00 -1.176095231872765101e+00 -4.917805182802134079e-01 -1.755363384954443107e-01 -6.015300620504410167e-02 -2.679711041840433794e-02 -2.327588935191612571e-02 -2.571304609710851549e-02 -2.592995370106082609e-02 -2.279384274576496880e-02 -1.774821529231420530e-02 -1.254505310649942432e-02 -8.344261615233961385e-03 -5.555207837308893601e-03 -4.029737497151886748e-03 -3.352985352834493993e-03 -3.081454157069839304e-03 -2.892164558498121901e-03 -2.625225640517282136e-03 -2.258115261294484522e-03 -1.846610952420883311e-03 -1.465370926087582399e-03 -1.167554443018629711e-03 -9.691132036177953300e-04 -8.535267382215531821e-04 -7.873796263609659672e-04 -7.371807794059537710e-04 -6.808219518540006409e-04 -6.111985822288181890e-04 -5.332341764118669371e-04 -4.574364573186160570e-04 -3.934575240648191530e-04 -3.460399404729638004e-04 -3.141443519950051712e-04 -2.926644886585813609e-04 -2.753085682766963577e-04 -2.572123726382432229e-04 -2.363241391635622344e-04 -2.133386528552450533e-04 -1.905782237925473502e-04 -1.705202962875663271e-04 -1.546455671227366785e-04 -1.429808916613557702e-04 -1.343558158615830824e-04 -1.270922324563858279e-04 -1.197981565200688993e-04 -1.116491144081980044e-04 -1.037554436825424459e-04 -9.193057561339062014e-05 -1.074272782560833087e-04
-3.984706879760452004e-06 -1.534360289954171777e-05 -2.651543694143534732e-05 -3.935743436095531469e-05 -5.298750211087388122e-05 -6.661950833679452654e-05 -7.966310589431352678e-05 -9.245091953927400002e-05 -1.065445436232144661e-04 -1.244763421816273718e-04 -1.488383932967340614e-04 -1.809923756049548445e-04 -2.199833854632948392e-04 -2.624026077438702158e-04 -3.037474640407544346e-04 -3.412637985282921706e-04 -3.774138707306812419e-04 -4.222960509649897800e-04 -4.930834268173191811e-04 -6.091243462401198586e-04 -7.831398813890225012e-04 -1.011483459911683043e-03 -1.268907163229858340e-03 -1.514484907417660295e-03 -1.713414749703326238e-03 -1.874094043958647897e-03 -2.090629256674941382e-03 -2.570406954008776397e-03 -3.618873271774119584e-03 -5.553777391494824599e-03 -8.538153406778714594e-03 -1.235907803063212088e-02 -1.624446038460512429e-02 -1.891417441122517432e-02 -1.919706745449153637e-02 -1.777803047128526798e-02 -2.087973295479344724e-02 -4.778464993644793851e-02 -1.422542085789685329e-01 -4.079707714962876874e-01 -9.935584203735751130e-01 -2.539346885637768114e+00 -4.392989680456946822e+00 -1.645027602831864755e+01 3.676025809501512143e+00 -2.199717844352656186e+02 7.750346879792058417e+02 -5.806292093898633539e+03 2.543310891406624069e+04 -5.878595346648184204e+03 7.880170579859330928e+02 -2.289155911081252555e+02 2.679366368271136167e+00 -1.798330739839729731e+01 -5.046572000809875114e+00 -2.928983799984405945e+00 -1.178561718793933899e+00 -4.927512228616461321e-01 -1.758483437203747501e-01 -6.024833120733797537e-02 -2.683341568315140285e-02 -2.330457452753282102e-02 -2.574247952860891225e-02 -2.595693599163438267e-02 -2.281483203003240035e-02 -1.776237932135670342e-02 -1.255331746004645019e-02 -8.347323589501199834e-03 -5.555893479462523619e-03 -4.030066504011748686e-03 -3.352704340043545592e-03 -3.080981128696570325e-03 -2.891497058831326780e-03 -2.624392464310638245e-03 -2.257154329681679023e-03 -1.845583599196547664e-03 -1.464334263684257450e-03 -1.166542782989176330e-03 -9.681344350180021412e-04 -8.525723688233557626e-04 -7.864393465730998593e-04 -7.362530099102458821e-04 -6.799162209829583050e-04 -6.103307223950097705e-04 -5.324184991350127240e-04 -4.566795050900026827e-04 -3.927561785296629143e-04 -3.453840291473157039e-04 -3.135218045417049407e-04 -2.920663088060498555e-04 -2.747315096539021525e-04 -2.566586044514683105e-04 -2.357986423488926989e-04 -2.128459420163641373e-04 -1.901199960435217640e-04 -1.700950370521366582e-04 -1.542498875392982877e-04 -1.426138510785163215e-04 -1.340156539104363752e-04 -1.268233605668188900e-04 -1.194683254957256302e-04 -1.123160336309835097e-04 -1.002393419092558721e-04 -1.167428555244299192e-04
-3.524139886795375704e-06 -1.355501412667966561e-05 -2.340971757662306294e-05 -3.488376935219987210e-05 -4.741487620358426046e-05 -6.040921027268934682e-05 -7.312865192414644321e-05 -8.527639355992779903e-05 -9.746165427462035651e-05 -1.114043060852018817e-04 -1.296237564174328562e-04 -1.545563112599869981e-04 -1.873417371194708702e-04 -2.268235511113423188e-04 -2.694774934674931135e-04 -3.108034243130295489e-04 -3.481677175732214124e-04 -3.842474929177637304e-04 -4.294061043178078792e-04 -5.010665732730845917e-04 -6.187265532781201487e-04 -7.950663667867631599e-04 -1.026152669285975176e-03 -1.286235129276118829e-03 -1.533834231224138556e-03 -1.733847374208123638e-03 -1.895004173016465133e-03 -2.112683725528279564e-03 -2.596510808358444208e-03 -3.654676092357184766e-03 -5.607129982401181864e-03 -8.617052257057306042e-03 -1.246809319528698924e-02 -1.638051648272829952e-02 -1.906394005792577326e-02 -1.934005449178012592e-02 -1.790214380525569082e-02 -2.101922822380959677e-02 -4.809803674969062581e-02 -1.431578121698364736e-01 -4.104310139578474237e-01 -9.993112080629814598e-01 -2.553023014541063507e+00 -4.416673360990094999e+00 -1.652699615069451511e+01 3.674210435312866618e+00 -2.208670483140082013e+02 7.779891735369257049e+02 -5.828570112950721523e+03 2.552840279106163143e+04 -5.900109746079299839e+03 7.909292639765203603e+02 -2.297071751844702590e+02 2.705287050660702519e+00 -1.803681805515676828e+01 -5.058810722161197759e+00 -2.936246383888575284e+00 -1.181193173103461946e+00 -4.937928893966669341e-01 -1.761867541149232108e-01 -6.035310433724801887e-02 -2.687414893263979920e-02 -2.333720730716340452e-02 -2.577630980683760092e-02 -2.598853778661266295e-02 -2.283999563864625229e-02 -1.777863021737889626e-02 -1.256273380020496433e-02 -8.352738305836947957e-03 -5.558402894958694440e-03 -4.031243767209770866e-03 -3.353255982855162139e-03 -3.081224420057584665e-03 -2.891503182584236054e-03 -2.624168958825268821e-03 -2.256723741695520515e-03 -1.844998573884426346e-03 -1.463658139684006392e-03 -1.165826736066372582e-03 -9.674067919613225583e-04 -8.518419758462583919e-04 -7.857064690737633949e-04 -7.355196522890280380e-04 -6.791907535160590995e-04 -6.096262126596436320e-04 -5.317474891259656991e-04 -4.560490303139939743e-04 -3.921657465929300943e-04 -3.448271784680057516e-04 -3.129899812794231773e-04 -2.915529138735289245e-04 -2.742342902092108738e-04 -2.561796421854155639e-04 -2.353424250970708365e-04 -2.124167892607313902e-04 -1.897202917983051838e-04 -1.697248777346505087e-04 -1.539103839647180342e-04 -1.423031272914283027e-04 -1.337804548977947628e-04 -1.265179182031740928e-04 -1.202410681017721357e-04 -1.085361373781253065e-04 -1.272500988964234971e-04
-3.294117309162464670e-06 -1.250690308978175396e-05 -2.115631738583920727e-05 -3.099791694095465797e-05 -4.186747697021612840e-05 -5.366301172383695288e-05 -6.592750876266660609e-05 -7.813288837768650832e-05 -9.007161598934945224e-05 -1.023194536515766387e-04 -1.164825994784969137e-04 -1.349604468469194334e-04 -1.601188330127298407e-04 -1.930897289560656426e-04 -2.327449195526808600e-04 -2.755856717952125156e-04 -3.171155323609170431e-04 -3.547004872680577735e-04 -3.910582038414566895e-04 -4.366721433191744360e-04 -5.091589879994121073e-04 -6.282114833805346483e-04 -8.065853317783838088e-04 -1.040189678710951547e-03 -1.302858695709779987e-03 -1.552572649016515554e-03 -1.753869602313754992e-03 -1.915710175139456913e-03 -2.134644034589247910e-03 -2.622468904867599013e-03 -3.690113569949180806e-03 -5.659785012049469571e-03 -8.694911785227483342e-03 -1.257584145036798329e-02 -1.651529880945696790e-02 -1.921268833079390476e-02 -1.948247501767494394e-02 -1.802613552652921128e-02 -2.115877751658773107e-02 -4.841136433166340347e-02 -1.440618393073651304e-01 -4.128968075301738261e-01 -1.005086455143569646e+00 -2.566790318138654214e+00 -4.440524078977124312e+00 -1.660469157585503197e+01 3.673113341625934058e+00 -2.217795259925052562e+02 7.810106362462851166e+02 -5.851354575739752363e+03 2.562600798331357146e+04 -5.922179048352192694e+03 7.939160268176674435e+02 -2.305220905688078687e+02 2.731053282259090498e+00 -1.809242067889663375e+01 -5.071711600686444221e+00 -2.943891461418373989e+00 -1.183986727753583157e+00 -4.949041647885981665e-01 -1.765510029372033551e-01 -6.046712469832826037e-02 -2.691921491134564165e-02 -2.337380506747830863e-02 -2.581457382319661542e-02 -2.602342314122541717e-02 -2.286792930454056849e-02 -1.779875176821413274e-02 -1.257512742956530538e-02 -8.359726818608951074e-03 -5.562108745998842196e-03 -4.033282662316521085e-03 -3.354541015194198277e-03 -3.082140090936139401e-03 -2.892140484029031774e-03 -2.624521429711883583e-03 -2.256795102050527992e-03 -1.844832501280360346e-03 -1.463323317227761084e-03 -1.165390315909351285e-03 -9.669166345608511950e-04 -8.513235328735757439e-04 -7.851701063386995298e-04 -7.349707389479131050e-04 -6.786364595782550489e-04 -6.090768687220409795e-04 -5.312138755836445401e-04 -4.555386173407027155e-04 -3.916805439586727462e-04 -3.443642799677436479e-04 -3.125442073837190787e-04 -2.911199721780032500e-04 -2.738129063020177138e-04 -2.557718874647871114e-04 -2.349524760963525236e-04 -2.120491809024370618e-04 -1.893785179647729895e-04 -1.694134731266713442e-04 -1.536293105773535103e-04 -1.421035738189823522e-04 -1.335023014990687905e-04 -1.274116840798981325e-04 -1.161660852219006615e-04 -1.380287634915405522e-04
-3.183827352100432298e-06 -1.188817822301479538e-05 -1.953994235326244353e-05 -2.781659057039601171e-05 -3.685529304477673675e-05 -4.705773003695080654e-05 -5.843624767476580207e-05 -7.059624245770877628e-05 -8.291382435384425751e-05 -9.501182615954502028e-05 -1.073201592439875125e-04 -1.214017037566008452e-04 -1.397314570535999174e-04 -1.648198699783230464e-04 -1.979260080067992051e-04 -2.379552476971789920e-04 -2.813255321145706890e-04 -3.233850048173116782e-04 -3.613668984998720610e-04 -3.979779626335797700e-04 -4.438621929674117436e-04 -5.169316459488947297e-04 -6.371847315293121183e-04 -8.175238389653478356e-04 -1.053709045887329422e-03 -1.319111577751893834e-03 -1.571097130499105043e-03 -1.773777423925620555e-03 -1.936307856836759489e-03 -2.156408271621389292e-03 -2.648074481227401071e-03 -3.725008769100683452e-03 -5.711710848449471321e-03 -8.771895251158599166e-03 -1.268264944406177763e-02 -1.664920321450504004e-02 -1.936076871661218668e-02 -1.962454368568340365e-02 -1.815006865838135475e-02 -2.129838786092674158e-02 -4.872484389497094143e-02 -1.449672096636192564e-01 -4.153707113197737666e-01 -1.010889818408782004e+00 -2.580660773226329141e+00 -4.464561841216569960e+00 -1.668341240088338040e+01 3.672710423979727246e+00 -2.227096013501845277e+02 7.841000019385248834e+02 -5.874652249330141785e+03 2.572594830885452757e+04 -5.944807474303790514e+03 7.969779263100607523e+02 -2.313603940090414994e+02 2.756696332452478249e+00 -1.815010245232621955e+01 -5.085265818747270572e+00 -2.951914127103540952e+00 -1.186939856281864047e+00 -4.960839011064647197e-01 -1.769406251584410283e-01 -6.059031862183283240e-02 -2.696866205990158458e-02 -2.341307460863475270e-02 -2.585588969361129336e-02 -2.606333067536102666e-02 -2.290039971619947656e-02 -1.782194184774696030e-02 -1.258985273471369300e-02 -8.368285069700231310e-03 -5.566904689303325479e-03 -4.036136934182411179e-03 -3.356516824522244244e-03 -3.083693944561610115e-03 -2.893378766363657265e-03 -2.625423523166117625e-03 -2.257345747803687908e-03 -1.845066314859357143e-03 -1.463313925732786808e-03 -1.165220211974021683e-03 -9.666525089755158414e-04 -8.510068495480452647e-04 -7.848209501025000222e-04 -7.345976803582839531e-04 -6.782454565246249156e-04 -6.086755597967218176e-04 -5.308113008229616578e-04 -4.551426382349240719e-04 -3.912955674115790937e-04 -3.439908227206694416e-04 -3.121803512770401261e-04 -2.907636816359071498e-04 -2.734639371617755312e-04 -2.554324812769177225e-04 -2.346269446588395823e-04 -2.117427440189389130e-04 -1.890988541635332094e-04 -1.691633948650869777e-04 -1.534662118006500139e-04 -1.418540956806596445e-04 -1.345224419954835183e-04 -1.230373788339537576e-04 -1.482094187334884790e-04
-3.076669081006821245e-06 -1.134951523088459622e-05 -1.824079192521725818e-05 -2.528993044994242635e-05 -3.274563253787580932e-05 -4.130597267099172219e-05 -5.138998464556419275e-05 -6.293394734846002956e-05 -7.533992706533611066e-05 -8.777828376412523327e-05 -9.976264977388341905e-05 -1.117597107453319042e-04 -1.254920128692458951e-04 -1.436373280036819754e-04 -1.688540303032893305e-04 -2.024227386752784229e-04 -2.431304196807435925e-04 -2.871880632542351988e-04 -3.297450022787664714e-04 -3.679472311113564311e-04 -4.045925057640261508e-04 -4.505902865606235450e-04 -5.242084868834146275e-04 -6.457464720281343466e-04 -8.281952380149714419e-04 -1.067088985775478498e-03 -1.335278887706542678e-03 -1.589502192799830153e-03 -1.793472772562188866e-03 -1.956589540211748929e-03 -2.177781581207327219e-03 -2.673251246652786489e-03 -3.759451699408859846e-03 -5.763142434732406068e-03 -8.848311113651138177e-03 -1.278881361599770033e-02 -1.678244894104105253e-02 -1.950829779586441340e-02 -1.976629082946531821e-02 -1.827394182235229925e-02 -2.143812933683345717e-02 -4.903881803591571970e-02 -1.458749375357848432e-01 -4.178552184179314399e-01 -1.016726612983727573e+00 -2.594645594927194487e+00 -4.488805432070408941e+00 -1.676320636484907567e+01 3.672979672113977578e+00 -2.236576499287162392e+02 7.872581989021381332e+02 -5.898469940720763589e+03 2.582824820761160663e+04 -5.967999486467150746e+03 8.001155740669468059e+02 -2.322221596329407021e+02 2.782245518022535613e+00 -1.820985315992441400e+01 -5.099465690208460522e+00 -2.960310163494119795e+00 -1.190050367473256321e+00 -4.973311842508761904e-01 -1.773553378878406361e-01 -6.072132946197308923e-02 -2.702113830731178723e-02 -2.345675304974098249e-02 -2.590200328043789843e-02 -2.610745156968828293e-02 -2.293674039235871209e-02 -1.784816546866206666e-02 -1.260678019903610850e-02 -8.378351783116409421e-03 -5.572740998336734967e-03 -4.039770204184678533e-03 -3.359152952328513155e-03 -3.085859116483306332e-03 -2.895193682662333678e-03 -2.626853422855252723e-03 -2.258356653479911668e-03 -1.845683868027752630e-03 -1.463616454589527311e-03 -1.165305045552153355e-03 -9.666045777474377041e-04 -8.508831235191386885e-04 -7.846509104854239433e-04 -7.343929689866577834e-04 -6.780108225520381417e-04 -6.084160012128864235e-04 -5.305341441514401738e-04 -4.548561030921452366e-04 -3.910063705951567249e-04 -3.437027997235548313e-04 -3.118947757904163968e-04 -2.904807974560794938e-04 -2.731846913957189349e-04 -2.551597436267615958e-04 -2.343656538588585736e-04 -2.115020970512969259e-04 -1.888840261388859262e-04 -1.690384305682459504e-04 -1.532466186578493176e-04 -1.429968186519838739e-04 -1.298694316494006435e-04 -1.574962385827092506e-04
-2.897103482892534604e-06 -1.064734298735986267e-05 -1.697867441559660660e-05 -2.324622777518559164e-05 -2.962507318866639900e-05 -3.682205066521426659e-05 -4.543982854107016733e-05 -5.574617563256054238e-05 -6.747133746580251336e-05 -7.986900823887367140e-05 -9.207662153397342167e-05 -1.036953214080647026e-04 -1.153534335937968447e-04 -1.289373645708212881e-04 -1.472242229061738236e-04 -1.728699773339097124e-04 -2.070539333377060696e-04 -2.484018086099858635e-04 -2.929646858779097474e-04 -3.357980590005332994e-04 -3.740693752286793853e-04 -4.107302834870402587e-04 -4.569496541047372851e-04 -5.312868538311685913e-04 -6.542553221743998594e-04 -8.388677033991176826e-04 -1.080414431040854729e-03 -1.351261736492454565e-03 -1.607585443653430533e-03 -1.812765745813487827e-03 -1.976474649947780691e-03 -2.198831403608611425e-03 -2.698187272943528784e-03 -3.793680218854591363e-03 -5.814291960878963279e-03 -8.924300855701998436e-03 -1.289440519457262652e-02 -1.691507313132722609e-02 -1.965532415565112573e-02 -1.990780617239939695e-02 -1.839789612067305180e-02 -2.157821914687882772e-02 -4.935370065240378412e-02 -1.467859743262662775e-01 -4.203525902211538989e-01 -1.022601729513030966e+00 -2.608755299718053866e+00 -4.513272623302579944e+00 -1.684411925305416347e+01 3.673900862544771773e+00 -2.246240403862769881e+02 7.904861598005919632e+02 -5.922814508756176110e+03 2.593293275202889708e+04 -5.991759782289581381e+03 8.033296127219000482e+02 -2.331074779990112518e+02 2.807728316353017117e+00 -1.827166507670195017e+01 -5.114304592032381080e+00 -2.969076031409584981e+00 -1.193316465925855940e+00 -4.986439338596798665e-01 -1.777935133430230963e-01 -6.086179875544823342e-02 -2.707837646849319685e-02 -2.350406363191581000e-02 -2.595226086654446943e-02 -2.615573537477543578e-02 -2.297679668387074547e-02 -1.787733419832025078e-02 -1.262583844348409354e-02 -8.389876873255494930e-03 -5.579580644579805113e-03 -4.044153579300584916e-03 -3.362424786233960024e-03 -3.088613308633825130e-03 -2.897564658430408328e-03 -2.628792460033826158e-03 -2.259811414984991707e-03 -1.846671179066527915e-03 -1.464219175889714146e-03 -1.165634919086707593e-03 -9.667642603388361573e-04 -8.509446477972864784e-04 -7.846528731253203572e-04 -7.343499743171985616e-04 -6.779264213300123564e-04 -6.082926031378041009e-04 -5.303773919500229554e-04 -4.546745524074842482e-04 -3.908089853937849910e-04 -3.434966736488601026e-04 -3.116843811527793750e-04 -2.902687949306805731e-04 -2.729736712667894718e-04 -2.549536966440813803e-04 -2.341736238232204658e-04 -2.113300738858430795e-04 -1.888016703186404352e-04 -1.688516253104593910e-04 -1.545055920021039806e-04 -1.380937622431275245e-04 -1.665381790336539606e-04
-2.630114382083227232e-06 -9.712099319987255346e-06 -1.560770374276720422e-05 -2.147640160320133624e-05 -2.731119091840832050e-05 -3.359635147040233074e-05 -4.086735452938919719e-05 -4.958087957421018164e-05 -5.987963691399762403e-05 -7.145257388490410921e-05 -8.359586693776684281e-05 -9.554046172090036081e-05 -1.069853775242690820e-04 -1.186242223440208207e-04 -1.323612437053379488e-04 -1.509497126980316884e-04 -1.769960541256869349e-04 -2.116196490819781829e-04 -2.533862134533906808e-04 -2.982961340569889033e-04 -3.413788819245834215e-04 -3.798244230095172399e-04 -4.166795003573828455e-04 -4.632860757730871142e-04 -5.384219966573042943e-04 -6.627859310779685674e-04 -8.494360625319769551e-04 -1.093480749535229212e-03 -1.366870936109180904e-03 -1.625267720062453358e-03 -1.831722211752117180e-03 -1.996141513042278253e-03 -2.219771707415107119e-03 -2.723051962665733790e-03 -3.827773764426105774e-03 -5.865156715993433655e-03 -8.999832406718350983e-03 -1.299943112039429402e-02 -1.704716985374122445e-02 -1.980203204103496428e-02 -2.004932195133561287e-02 -1.852215507672524616e-02 -2.171886139688189790e-02 -4.966979972415981603e-02 -1.477010978952784936e-01 -4.228648619354453131e-01 -1.028519756086718528e+00 -2.622999909129855034e+00 -4.537980400709689555e+00 -1.692619518309717819e+01 3.675455428073530761e+00 -2.256091356591177544e+02 7.937848234939526719e+02 -5.947692875045187975e+03 2.604002765779644687e+04 -6.016093288528651101e+03 8.066207151715077543e+02 -2.340164552968262228e+02 2.833170521953924492e+00 -1.833553283500697972e+01 -5.129776967995866244e+00 -2.978207454483184691e+00 -1.196735228237401305e+00 -5.000231191037086687e-01 -1.782566015686168903e-01 -6.101089707089132202e-02 -2.713974189185919608e-02 -2.355497578942191902e-02 -2.600651348557935644e-02 -2.620808076334895168e-02 -2.302047403278730670e-02 -1.790937338739904960e-02 -1.264697074919164665e-02 -8.402818978243884601e-03 -5.587393026770982526e-03 -4.049262909500111161e-03 -3.366311509819098265e-03 -3.091937415153630988e-03 -2.900473877649076011e-03 -2.631224349518466836e-03 -2.261695658119898620e-03 -1.848015966776954443e-03 -1.465111775593239867e-03 -1.166201119581009764e-03 -9.671239907946008402e-04 -8.511846088108030416e-04 -7.848205272925216957e-04 -7.344627937793440833e-04 -6.779867713230765865e-04 -6.083003568682081481e-04 -5.303365432748764329e-04 -4.545939900914825848e-04 -3.906998990871856097e-04 -3.433694330255419088e-04 -3.115467855134131602e-04 -2.901263685041676442e-04 -2.728311373304407109e-04 -2.548198271553765693e-04 -2.340539392137157423e-04 -2.112982881966648651e-04 -1.886535189056794907e-04 -1.702283578054915585e-04 -1.493621957670550706e-04 -1.769179869129367769e-04
-2.311895333423435324e-06 -8.630580962012283013e-06 -1.413486012560470112e-05 -1.981366896078264720e-05 -2.547137240418953128e-05 -3.127598884382806315e-05 -3.752760068425532199e-05 -4.468250568625217360e-05 -5.318633572647650130e-05 -6.324208131934031516e-05 -7.462343296499624628e-05 -8.668660906371927560e-05 -9.866993030196198470e-05 -1.102331028714012302e-04 -1.220158425994107931e-04 -1.358911426563747134e-04 -1.546232822857034658e-04 -1.808623952073687066e-04 -2.157712787374810857e-04 -2.579223122491774165e-04 -3.032704205076977425e-04 -3.467680881481895508e-04 -3.855496463278987578e-04 -4.226886903452591504e-04 -4.696700458340629389e-04 -5.455061178972410874e-04 -6.711308275874984563e-04 -8.597069261715487541e-04 -1.106203395718811065e-03 -1.382166979498392111e-03 -1.642722882522797785e-03 -1.850551567127199995e-03 -2.015750933402725084e-03 -2.240662999074711018e-03 -2.747807077143340441e-03 -3.861645795645085328e-03 -5.915675766187223489e-03 -9.074933857230196854e-03 -1.310403373496268724e-02 -1.717897217474537164e-02 -1.994868320572561540e-02 -2.019105601001924474e-02 -1.864684926558417624e-02 -2.186013310411303798e-02 -4.998730965169467799e-02 -1.486210064124442176e-01 -4.253939928959106220e-01 -1.034485126304654612e+00 -2.637389058607995995e+00 -4.562945025228066775e+00 -1.700947672040120295e+01 3.677626418748626502e+00 -2.266132940205297359e+02 7.971551366126925586e+02 -5.973112034128634150e+03 2.614955929470941555e+04 -6.041005156604117474e+03 8.099895839953859422e+02 -2.349492126106384262e+02 2.858596322576030690e+00 -1.840145191791103940e+01 -5.145876774689030597e+00 -2.987703548572675505e+00 -1.200306952382254266e+00 -5.014673565813457801e-01 -1.787437485975923168e-01 -6.116853864914471861e-02 -2.720509716990647878e-02 -2.360940725000647278e-02 -2.606467148380667287e-02 -2.626440170891025314e-02 -2.306769489645182913e-02 -1.794421953103774933e-02 -1.267012871201826825e-02 -8.417142654632097515e-03 -5.596151901177611430e-03 -4.055077417446937074e-03 -3.370795100042048211e-03 -3.095814764727618153e-03 -2.903905687877521031e-03 -2.634134713561645316e-03 -2.263996654314511751e-03 -1.849707339770977326e-03 -1.466285101688301774e-03 -1.166995912747924866e-03 -9.676770465652292236e-04 -8.515969405369938107e-04 -7.851482383596251674e-04 -7.347261393391271494e-04 -6.781869455252125976e-04 -6.084347508439414201e-04 -5.304075515014662319e-04 -4.546108695053181553e-04 -3.906761236962533928e-04 -3.433187972073277754e-04 -3.114808809030936263e-04 -2.900540897893408776e-04 -2.727632308292332001e-04 -2.547617984575625957e-04 -2.340831998037138045e-04 -2.111973744003819986e-04 -1.901669250961630529e-04 -1.648088962885844327e-04 -1.906589379939234354e-04
-2.001997985696777617e-06 -7.569316202854528983e-06 -1.267242223307355599e-05 -1.817784883191363816e-05 -2.377549071656617910e-05 -2.936845479724950662e-05 -3.498555829714843226e-05 -4.093613714718225807e-05 -4.775880253762120319e-05 -5.601415735848787607e-05 -6.598708914553248512e-05 -7.745870933118024874e-05 -8.971728053243787791e-05 -1.018957529440057546e-04 -1.135672796391002656e-04 -1.253498151242134022e-04 -1.391725721728046211e-04 -1.579076765305216447e-04 -1.843107749476544164e-04 -2.195917793717266258e-04 -2.622811012860201576e-04 -3.082154952663261898e-04 -3.522089141114419903e-04 -3.913152903384823581e-04 -4.286530340977740060e-04 -4.758968097724554282e-04 -5.523449843957340582e-04 -6.791996082631345357e-04 -8.697310164002931224e-04 -1.118745631246191368e-03 -1.397351256005974251e-03 -1.660107996367397518e-03 -1.869313159399718953e-03 -2.035260683642836025e-03 -2.261404177056454846e-03 -2.772359526524579860e-03 -3.895272343828847308e-03 -5.965925465210753127e-03 -9.149773888327194724e-03 -1.320843383421185444e-02 -1.731069841372085555e-02 -2.009544503183539541e-02 -2.033309979248477603e-02 -1.877200738964030294e-02 -2.200207174946087335e-02 -5.030644762455795810e-02 -1.495464411075306532e-01 -4.279419293495990706e-01 -1.040502112725062878e+00 -2.651931956837983773e+00 -4.588182011344705380e+00 -1.709400499469405332e+01 3.680398379791057106e+00 -2.276368701537142272e+02 8.005980549139469531e+02 -5.999079062915777286e+03 2.626155469782543150e+04 -6.066500758730609050e+03 8.134369509163809653e+02 -2.359058839022143275e+02 2.884029905033305585e+00 -1.846942263653334848e+01 -5.162601729445391641e+00 -2.997561465142959847e+00 -1.204029833968961904e+00 -5.029760749902598693e-01 -1.792546200841356185e-01 -6.133459386971867183e-02 -2.727436289620225468e-02 -2.366728945223217292e-02 -2.612666205256452753e-02 -2.632462476777339133e-02 -2.311839230367298062e-02 -1.798181731410183892e-02 -1.269527005436291850e-02 -8.432816934296389483e-03 -5.605834348794576198e-03 -4.061578936861246283e-03 -3.375859737406616823e-03 -3.100230646535489035e-03 -2.907846210208146417e-03 -2.637510758538344578e-03 -2.266703053502397511e-03 -1.851735577143591568e-03 -1.467730984321843858e-03 -1.168012393993026962e-03 -9.684174221241909162e-04 -8.521762138897859360e-04 -7.856309483963382946e-04 -7.351352480549834967e-04 -6.785224953614614647e-04 -6.086917185068406845e-04 -5.305868179183019810e-04 -4.547221782466171879e-04 -3.907354357842483328e-04 -3.433438571883548249e-04 -3.114876383654946283e-04 -2.900590335236836754e-04 -2.727746108100976923e-04 -2.548631175938990577e-04 -2.340390279503493510e-04 -2.128872921984937638e-04 -1.843777125616924580e-04 -2.093716094320418578e-04
-1.752336899055499565e-06 -6.683187966227046750e-06 -1.135904837194772253e-05 -1.657526588676130100e-05 -2.201404254407085580e-05 -2.745686208934693335e-05 -3.274226024281876268e-05 -3.797748989566418867e-05 -4.359275875531429413e-05 -5.023597958790570816e-05 -5.851125459752694211e-05 -6.866395038432912632e-05 -8.037445984158055772e-05 -9.281766942366159333e-05 -1.050525446138223250e-04 -1.166507790049800731e-04 -1.283024451103858925e-04 -1.420520601613651081e-04 -1.608813132430858821e-04 -1.876017780036309422e-04 -2.233980662857227109e-04 -2.666987644168768569e-04 -3.132006640444087850e-04 -3.576008009788906000e-04 -3.969228327127592259e-04 -4.343825295880765470e-04 -4.818751854302622808e-04 -5.589826720041747143e-04 -6.871445843443388596e-04 -8.796977623979934007e-04 -1.131255194267868783e-03 -1.412478794885502252e-03 -1.677381301295954689e-03 -1.887907720515338448e-03 -2.054574724411658681e-03 -2.281956303393695065e-03 -2.796753023662694980e-03 -3.928770895100144878e-03 -6.016063466013870167e-03 -9.224510616657863663e-03 -1.331276163036271970e-02 -1.744244200134399680e-02 -2.024238183432372842e-02 -2.047550436945827848e-02 -1.889768929665306893e-02 -2.214479208098535726e-02 -5.062750541808128113e-02 -1.504781595046673359e-01 -4.305105247724374529e-01 -1.046574745756584157e+00 -2.666637361823165797e+00 -4.613706193658296151e+00 -1.717981991921185170e+01 3.683757154024474012e+00 -2.286802161563208529e+02 8.041145445892065027e+02 -6.025601129423121165e+03 2.637604157881455467e+04 -6.092585683426041214e+03 8.169635778777446831e+02 -2.368866194719419696e+02 2.909491327174682063e+00 -1.853944475794145674e+01 -5.179948016872674366e+00 -3.007779489174624121e+00 -1.207902740073195424e+00 -5.045487327150456336e-01 -1.797889659618523428e-01 -6.150895328980448412e-02 -2.734747583394233489e-02 -2.372856498581436130e-02 -2.619242288307200087e-02 -2.638868605806773612e-02 -2.317250752796048974e-02 -1.802211801773268701e-02 -1.272235747362518432e-02 -8.449814490204774278e-03 -5.616420153439264339e-03 -4.068751431431127594e-03 -3.381491417851436535e-03 -3.105171986736755124e-03 -2.912283065330959712e-03 -2.641341043139516006e-03 -2.269804689900606961e-03 -1.854091967307405168e-03 -1.469442102035969575e-03 -1.169244375499927649e-03 -9.693397304566219981e-04 -8.529175476464059998e-04 -7.862640947111675712e-04 -7.356858116129746635e-04 -6.789894032633208079e-04 -6.090676396425096688e-04 -5.308712958412075767e-04 -4.549257231321970928e-04 -3.908771255016230692e-04 -3.434460593631805678e-04 -3.115753549102997415e-04 -2.901471969422354542e-04 -2.729581274890305743e-04 -2.548838737427976966e-04 -2.359604848900932576e-04 -2.065882327506617696e-04 -2.333804407351093156e-04
-1.586295977468594166e-06 -6.049577354926008898e-06 -1.028889270901418568e-05 -1.506534997851612367e-05 -2.014257275781876092e-05 -2.533755687255913802e-05 -3.043627032444963114e-05 -3.538078855709681419e-05 -4.037811560601558349e-05 -4.591617091673548214e-05 -5.263547274987520993e-05 -6.107763133059618439e-05 -7.140216878939929204e-05 -8.321758130981073923e-05 -9.566796697643862246e-05 -1.078310014161657057e-04 -1.193364026191039064e-04 -1.309493649366437527e-04 -1.447811626806097009e-04 -1.638505565614820395e-04 -1.909639129200905918e-04 -2.272570543656236527e-04 -2.710774725505620962e-04 -3.180330215674042845e-04 -3.627591267362449126e-04 -4.022834988901211333e-04 -4.399192447457701870e-04 -4.877512116409177083e-04 -5.655995618177899528e-04 -6.951038915055071958e-04 -8.896542712566649471e-04 -1.143685653342997946e-03 -1.427449243125267653e-03 -1.694447928166071529e-03 -1.906296549294479942e-03 -2.073731285651486504e-03 -2.302420250835955206e-03 -2.821113286167483032e-03 -3.962251864634098661e-03 -6.066162288720256847e-03 -9.299182826712713498e-03 -1.341704775154452071e-02 -1.757425591887701311e-02 -2.038958588385579931e-02 -2.061839554157941096e-02 -1.902403620509070942e-02 -2.228845636606527694e-02 -5.095076200234584241e-02 -1.514168372360168158e-01 -4.331014806139176776e-01 -1.052706825412724090e+00 -2.681513672126886405e+00 -4.639531873790821770e+00 -1.726696042037607981e+01 3.687689757192663897e+00 -2.297436824202046637e+02 8.077055834175571363e+02 -6.052685499607115162e+03 2.649304833908022192e+04 -6.119265737002249807e+03 8.205702525556965838e+02 -2.378915802523745811e+02 2.935001800910717051e+00 -1.861152048445301688e+01 -5.197912990251656318e+00 -3.018356245744259425e+00 -1.211924769054970374e+00 -5.061848760352358756e-01 -1.803465773083831325e-01 -6.169152466921998951e-02 -2.742438270523724422e-02 -2.379318471740879404e-02 -2.626189987915817509e-02 -2.645652959091500736e-02 -2.322998879935068636e-02 -1.806507854290946569e-02 -1.275135790876616958e-02 -8.468111086731587578e-03 -5.627891382313615978e-03 -4.076580663001269991e-03 -3.387677678924168583e-03 -3.110627115168981046e-03 -2.917205172245422758e-03 -2.645615305516765998e-03 -2.273292435417023725e-03 -1.856768684686891562e-03 -1.471411877258266623e-03 -1.170686295066356974e-03 -9.704391203216010137e-04 -8.538165319817766358e-04 -7.870435431980607162e-04 -7.363739332486126310e-04 -6.795840932930298809e-04 -6.095594677888177418e-04 -5.312588265406838249e-04 -4.552209955529392359e-04 -3.911031492000822062e-04 -3.436351165307893708e-04 -3.117514670171383172e-04 -2.904229844142834117e-04 -2.730498597987170129e-04 -2.570931313941752301e-04 -2.290015733919538974e-04 -2.612834115278974377e-04
-1.494168670866877537e-06 -5.649299605603303034e-06 -9.475902045596922636e-06 -1.371526746122330268e-05 -1.825163185186793805e-05 -2.304174267559171846e-05 -2.794437593999655260e-05 -3.282804499725428633e-05 -3.767444988868718194e-05 -4.268159986305136895e-05 -4.829080482372584583e-05 -5.508660160115960280e-05 -6.357203907227661720e-05 -7.389847023977432784e-05 -8.569241215253438348e-05 -9.812697801961923192e-05 -1.103044518913132074e-04 -1.218678703031240865e-04 -1.335879172100628990e-04 -1.475820066732686246e-04 -1.668804543871352871e-04 -1.943015961645593373e-04 -2.309801875539721234e-04 -2.752366105721894252e-04 -3.226256417361865925e-04 -3.677249977981818523e-04 -4.075399712511386537e-04 -4.454387698676510608e-04 -4.936577269178244300e-04 -5.722375307427542872e-04 -7.030261914775517377e-04 -8.994958023902250568e-04 -1.155938587731858208e-03 -1.442221463876503873e-03 -1.711344474213210209e-03 -1.924578062616578294e-03 -2.092849464112585961e-03 -2.322891037882561342e-03 -2.845484396375639463e-03 -3.995711249054848674e-03 -6.116199842567354543e-03 -9.373792430275753110e-03 -1.352135182539096828e-02 -1.770626605065834733e-02 -2.053722724559578147e-02 -2.076194485993078029e-02 -1.915118397681370849e-02 -2.243317451550862554e-02 -5.127641698681847243e-02 -1.523630630586991774e-01 -4.357164041127549736e-01 -1.058902017757018088e+00 -2.696569040904761128e+00 -4.665672900748992546e+00 -1.735546461254280004e+01 3.692184205300111710e+00 -2.308276171151908898e+02 8.113721633247889713e+02 -6.080339548961877881e+03 2.661260407758488145e+04 -6.146546936523047407e+03 8.242577932471416489e+02 -2.389209403948706267e+02 2.960581079613065381e+00 -1.868565360211941240e+01 -5.216494705387010988e+00 -3.029290738201249500e+00 -1.216095198393060572e+00 -5.078841317210937012e-01 -1.809272785375628245e-01 -6.188222972761282803e-02 -2.750503797687281482e-02 -2.386110623833667677e-02 -2.633504589286488409e-02 -2.652810621933028232e-02 -2.329079044337975871e-02 -1.811066072958724890e-02 -1.278224201814252316e-02 -8.487685184256859791e-03 -5.640232082454186939e-03 -4.085053949485943810e-03 -3.394407397512348885e-03 -3.116585590389658444e-03 -2.922602595007394756e-03 -2.650324329715204701e-03 -2.277158084359885443e-03 -1.859758690150667935e-03 -1.473634388517031622e-03 -1.172333135995233316e-03 -9.717112020779386863e-04 -8.548691644913829343e-04 -7.879655502865916391e-04 -7.371961498229708367e-04 -6.803035840733845417e-04 -6.101651150741565534e-04 -5.317491083551348493e-04 -4.556104395203030297e-04 -3.914246528727654780e-04 -3.439196807027276761e-04 -3.121331317018851575e-04 -2.905917848855966035e-04 -2.755880908412158478e-04 -2.493642444265528027e-04 -2.903131125815594689e-04
-1.443334694110444707e-06 -5.391902766588558377e-06 -8.860209084393868434e-06 -1.256347706842238093e-05 -1.649057620212521095e-05 -2.075847071055083592e-05 -2.536301585824615775e-05 -3.019577690061535109e-05 -3.509849770900662586e-05 -3.999319199744720533e-05 -4.501860679855565858e-05 -5.058849916785339784e-05 -5.730306790325849964e-05 -6.571205617609518533e-05 -7.601674031726640517e-05 -8.786906332682165976e-05 -1.004301849291825484e-04 -1.127616032764879961e-04 -1.244620358700265555e-04 -1.362827293233468805e-04 -1.503624828670970231e-04 -1.697873112016917414e-04 -1.974377990298851581e-04 -2.344812479370109897e-04 -2.792150861183646392e-04 -3.271173543128471067e-04 -3.726701797644149639e-04 -4.128224630058381769e-04 -4.509816532989479091e-04 -4.995424415338212869e-04 -5.787899395983721069e-04 -7.108093215910453152e-04 -9.091757719832410265e-04 -1.168044634911579935e-03 -1.456888976269947629e-03 -1.728187016479918294e-03 -1.942845077127860641e-03 -2.111968537595209326e-03 -2.343352114499737317e-03 -2.869819040940050411e-03 -4.029111185096021126e-03 -6.166185444408296863e-03 -9.448415724603897656e-03 -1.362581151835744360e-02 -1.783864289696059785e-02 -2.068546874339687383e-02 -2.090627139764167711e-02 -1.927919675942825137e-02 -2.257899617885022678e-02 -5.160464020228251042e-02 -1.533174190865405628e-01 -4.383568919442264455e-01 -1.065163890647104150e+00 -2.711811446693781047e+00 -4.692142803313777755e+00 -1.744536865399004810e+01 3.697230821171503479e+00 -2.319323707972716022e+02 8.151152873677635853e+02 -6.108570764693067758e+03 2.673473860814237560e+04 -6.174435511413576023e+03 8.280270460415638354e+02 -2.399748861229924444e+02 2.986247966534763432e+00 -1.876184945727824172e+01 -5.235691840590327217e+00 -3.040582323596585201e+00 -1.220413468354941466e+00 -5.096461998169762309e-01 -1.815309237026920819e-01 -6.208100224553247254e-02 -2.758940265016076449e-02 -2.393229291179736762e-02 -2.641181988041063633e-02 -2.660337288708315012e-02 -2.335487224178612806e-02 -1.815883084140570286e-02 -1.281498378195905334e-02 -8.508517638542148140e-03 -5.653428050575572648e-03 -4.094159981098147161e-03 -3.401670635129069864e-03 -3.123038064124379273e-03 -2.928466421977694769e-03 -2.655459838017455113e-03 -2.281394257405469726e-03 -1.863055644272097874e-03 -1.476104290433905009e-03 -1.174180353436106916e-03 -9.731519860798144893e-04 -8.560718184193856712e-04 -7.890267981969732161e-04 -7.381496095422148893e-04 -6.811459129772258004e-04 -6.108844965276598229e-04 -5.323450040615918151e-04 -4.561064689523258785e-04 -3.918510248196192054e-04 -3.444294241098025530e-04 -3.123904065846139677e-04 -2.934752215782841680e-04 -2.670599013009398526e-04 -3.175651219670039467e-04
-1.395877144643310875e-06 -5.165618110293771337e-06 -8.344648293129616651e-06 -1.160456471450378930e-05 -1.498563785803758967e-05 -1.871146882948560041e-05 -2.290530963421393416e-05 -2.754325864456134537e-05 -3.244644520187448515e-05 -3.738074893417593815e-05 -4.222368859720120369e-05 -4.712143093961724107e-05 -5.254100055386610682e-05 -5.915389569376224319e-05 -6.756391991949363841e-05 -7.798324783496904757e-05 -9.002678580428655783e-05 -1.027888943946956131e-04 -1.152671104092928121e-04 -1.270313289734996431e-04 -1.388562916320590238e-04 -1.529502505973514138e-04 -1.724860678908379861e-04 -2.004088503127528361e-04 -2.378941930250155637e-04 -2.831797352226482186e-04 -3.316353091667115379e-04 -3.776347779919720705e-04 -4.180801755709247507e-04 -4.564429379067623917e-04 -5.053031032321975537e-04 -5.852070840386705769e-04 -7.184778280065573335e-04 -9.187800580167937436e-04 -1.180112870052217860e-03 -1.471540138695863302e-03 -1.745013381880750883e-03 -1.961080810654295022e-03 -2.131038091789168309e-03 -2.363754241680058373e-03 -2.894102161807985806e-03 -4.062489188746376025e-03 -6.216207931513738176e-03 -9.523175464410327945e-03 -1.373055879728430316e-02 -1.797150491237824166e-02 -2.083440072464563461e-02 -2.105143393261259266e-02 -1.940811508579621050e-02 -2.272598719380548513e-02 -5.193564764524682270e-02 -1.542805027824807607e-01 -4.410245741874609937e-01 -1.071496005130738061e+00 -2.727247471587452399e+00 -4.718953465736921871e+00 -1.753671071394807512e+01 3.702818115686956624e+00 -2.330582920746062427e+02 8.189359757229575507e+02 -6.137386755538196667e+03 2.685948246933322662e+04 -6.202937901808211791e+03 8.318788851433090485e+02 -2.410536154448431319e+02 3.012020437976326015e+00 -1.884011487790735018e+01 -5.255503654977282224e+00 -3.052230690081388698e+00 -1.224879170600426725e+00 -5.114708481545672258e-01 -1.821573939412204912e-01 -6.228778679313463212e-02 -2.767744346151096782e-02 -2.400671320755010107e-02 -2.649218627625023886e-02 -2.668229204860932818e-02 -2.342219892813720422e-02 -1.820955915585403470e-02 -1.284956018632073434e-02 -8.530591463206718336e-03 -5.667466652429853542e-03 -4.103888676422919393e-03 -3.409458515985172317e-03 -3.129976172723132263e-03 -2.934788666535060458e-03 -2.661014399013963104e-03 -2.285994315743489907e-03 -1.866653826805810901e-03 -1.478816740190198832e-03 -1.176223815533488292e-03 -9.747578581813075163e-04 -8.574212913550097008e-04 -7.902245939746414599e-04 -7.392325231884991832e-04 -6.821112265288484158e-04 -6.117208188388594068e-04 -5.330599437614157035e-04 -4.567187074819366961e-04 -3.925230724808803293e-04 -3.447981330473382303e-04 -3.156148111859621288e-04 -2.842065424603839674e-04 -3.417397104055575432e-04
-1.324886960658146437e-06 -4.886231304567992301e-06 -7.839776881398563077e-06 -1.079626503359016849e-05 -1.378608941903188473e-05 -1.704965783376665908e-05 -2.077437718581037445e-05 -2.503067679785039431e-05 -2.971740755552137827e-05 -3.459864019584580182e-05 -3.942691433936111286e-05 -4.411310926269862968e-05 -4.886514406387823870e-05 -5.421104676447641250e-05 -6.085596124299370304e-05 -6.939683511448431767e-05 -8.000301490776190059e-05 -9.222969205819776394e-05 -1.051199450446942688e-04 -1.176500909981036244e-04 -1.294090350643708207e-04 -1.412258578374823135e-04 -1.553800268505451906e-04 -1.751062164318549009e-04 -2.033763316697002616e-04 -2.413422073195559668e-04 -2.871692294032908389e-04 -3.361298017049452755e-04 -3.825163246903359325e-04 -4.232130103457487549e-04 -4.617731082492616173e-04 -5.109615652871363168e-04 -5.915693900083721828e-04 -7.261336985967718023e-04 -9.283900383929403772e-04 -1.192175973817227990e-03 -1.486155831436186030e-03 -1.761773184981018682e-03 -1.979236184054168277e-03 -2.150039475141012329e-03 -2.384122912575466387e-03 -2.918398304354525088e-03 -4.095930629099550462e-03 -6.266353084253981076e-03 -9.598145458592428556e-03 -1.383565546969786272e-02 -1.810491072213727889e-02 -2.098408852886774964e-02 -2.119750633277449337e-02 -1.953803019033343441e-02 -2.287424901031960556e-02 -5.226973907765705002e-02 -1.552530052572692609e-01 -4.437198844115132768e-01 -1.077900571901692750e+00 -2.742886133661481374e+00 -4.746119164279138047e+00 -1.762952615833342307e+01 3.708937627140435289e+00 -2.342057311333795155e+02 8.228352640387663541e+02 -6.166795257583619787e+03 2.698686693777358232e+04 -6.232060758133196941e+03 8.358142128773379227e+02 -2.421573378484220598e+02 3.037915724927658268e+00 -1.892045810291326191e+01 -5.275929954257357224e+00 -3.064235837600719048e+00 -1.229492038691674116e+00 -5.133579078473574642e-01 -1.828065954592106301e-01 -6.250253777487196905e-02 -2.776913229485717186e-02 -2.408434019795009651e-02 -2.657611449980914683e-02 -2.676483119983610881e-02 -2.349273977458415236e-02 -1.826281962726473973e-02 -1.288595096425037244e-02 -8.553891636552169581e-03 -5.682336677145527655e-03 -4.114231066654496470e-03 -3.417763127888157840e-03 -3.137392446589260062e-03 -2.941562180957349795e-03 -2.666981344456168575e-03 -2.290952281443114219e-03 -1.870548064238407868e-03 -1.481767341988293957e-03 -1.178459786067449170e-03 -9.765256402258320990e-04 -8.589150213868033783e-04 -7.915573410414595288e-04 -7.404452929919274349e-04 -6.832030572322331241e-04 -6.126883756173825881e-04 -5.339035956724235647e-04 -4.575976851662165315e-04 -3.930410544531114060e-04 -3.483599514543109167e-04 -3.057105876371151820e-04 -3.646510273560896317e-04
-1.223009155284191461e-06 -4.524898896988262871e-06 -7.296823060440766687e-06 -1.008059362075735570e-05 -1.285392804728456121e-05 -1.579283979685755369e-05 -1.907002122499908242e-05 -2.281666602884033167e-05 -2.705211549002842369e-05 -3.165761620057249966e-05 -3.641528600807080623e-05 -4.111856901829214221e-05 -4.572120182517227507e-05 -5.045768641688503042e-05 -5.585806288024074091e-05 -6.260797520811134582e-05 -7.127404798873286965e-05 -8.199679568104533550e-05 -9.431309476156274916e-05 -1.072621265141507357e-04 -1.198304580616159777e-04 -1.316290523243239335e-04 -1.435174701939371318e-04 -1.578090189513448808e-04 -1.777673689920808485e-04 -2.063772115903275272e-04 -2.447758744558536210e-04 -2.910826898473953153e-04 -3.405025232929699509e-04 -3.872662386852590457e-04 -4.282422061200615135e-04 -4.670502142831983857e-04 -5.166158974100712757e-04 -5.979533074207174894e-04 -7.338044049069947705e-04 -9.379819174657974025e-04 -1.204180148686661948e-03 -1.500685175123259727e-03 -1.778447126436258439e-03 -1.997335518078926370e-03 -2.169032522211630266e-03 -2.404531384950930623e-03 -2.942770324479730779e-03 -4.129474611578828544e-03 -6.316639825375668614e-03 -9.673342561434598169e-03 -1.394113973161949412e-02 -1.823893340971670732e-02 -2.113464594493812479e-02 -2.134459684639456248e-02 -1.966912070989667791e-02 -2.302399400272788291e-02 -5.260607829329703999e-02 -1.562343734944308116e-01 -4.464458219793810412e-01 -1.084382404845791514e+00 -2.758734058066865558e+00 -4.773651762067599336e+00 -1.772385053382644315e+01 3.715581281323812046e+00 -2.353750395754021554e+02 8.268142047524576128e+02 -6.196804140595325407e+03 2.711692404134479511e+04 -6.261810941025373722e+03 8.398339597118526854e+02 -2.432862740386660505e+02 3.063950383979258785e+00 -1.900288872006989749e+01 -5.296971060764407824e+00 -3.076598060981905025e+00 -1.234251939836967571e+00 -5.153072694195695025e-01 -1.834784578457829829e-01 -6.272521866271525692e-02 -2.786444572218937585e-02 -2.416515115696876367e-02 -2.666357855178573891e-02 -2.685096248698152013e-02 -2.356646824426150352e-02 -1.831858960291795138e-02 -1.292413837852556327e-02 -8.578404941001470732e-03 -5.698028217137464206e-03 -4.125179199991699068e-03 -3.426577438789873455e-03 -3.145280231258932874e-03 -2.948780578695259051e-03 -2.673354693154708726e-03 -2.296262767693582185e-03 -1.874733677545359833e-03 -1.484952134983195081e-03 -1.180884993678143124e-03 -9.784528217271751174e-04 -8.605515865341880613e-04 -7.930257396176741171e-04 -7.417918781542876764e-04 -6.844367191471643084e-04 -6.137972886761975484e-04 -5.350363951173549770e-04 -4.583142688446004208e-04 -3.969690723512260305e-04 -3.378842526765597353e-04 -3.916385540129536024e-04
-1.101225316883937403e-06 -4.107630602080456387e-06 -6.717215985429263274e-06 -9.407228771521686513e-06 -1.209204658132142180e-05 -1.484292329870548044e-05 -1.775986430826485843e-05 -2.098162744040836349e-05 -2.463055585069189024e-05 -2.874804040334821525e-05 -3.325145503235331986e-05 -3.795278448087724307e-05 -4.265470809611378935e-05 -4.729795246527833077e-05 -5.209197355178767520e-05 -5.754486920029752234e-05 -6.433476474830279463e-05 -7.303687529319790369e-05 -8.380845286850305493e-05 -9.619913353707104089e-05 -1.092483509034331501e-04 -1.219310774128108167e-04 -1.338449211010770724e-04 -1.458481032896697218e-04 -1.602733159217783771e-04 -1.804207770133670161e-04 -2.093119682023371266e-04 -2.480979454781580252e-04 -2.948716488606792602e-04 -3.447737710061264975e-04 -3.919608911940486331e-04 -4.332638462057524171e-04 -4.723486370061624837e-04 -5.222913123396399687e-04 -6.043322830625186964e-04 -7.414326912324073439e-04 -9.475008491526546502e-04 -1.216102248876688077e-03 -1.515149502215321336e-03 -1.795093116271451661e-03 -2.015450188140537665e-03 -2.188075650621964553e-03 -2.425007981164010139e-03 -2.967216361246086381e-03 -4.163105784892257369e-03 -6.367065762125620303e-03 -9.748799644708676035e-03 -1.404709850898815983e-02 -1.837367963250321687e-02 -2.128627169769996275e-02 -2.149292263306382469e-02 -1.980044784830818638e-02 -2.317422235369289568e-02 -5.294640279981271264e-02 -1.572267046208767616e-01 -4.492031656544041573e-01 -1.090944147056524205e+00 -2.774798352447443772e+00 -4.801563291026000435e+00 -1.781971894698611081e+01 3.722741729191583193e+00 -2.365665709928275362e+02 8.308738680055919303e+02 -6.227421414061092037e+03 2.724968657271395205e+04 -6.292195521617002669e+03 8.439390843238716116e+02 -2.444406557135649223e+02 3.090140361133584701e+00 -1.908741761114261237e+01 -5.318627786805447677e+00 -3.089317934925421394e+00 -1.239158867585819168e+00 -5.173188794114463862e-01 -1.841729326221636376e-01 -6.295580135729114679e-02 -2.796336462996800928e-02 -2.424912723024999842e-02 -2.675455667465699919e-02 -2.694066237298471320e-02 -2.364336169311983746e-02 -1.837684957967094385e-02 -1.296410703655550938e-02 -8.604119827401366521e-03 -5.714532567189490285e-03 -4.136726060704681157e-03 -3.435895224402108882e-03 -3.153633616877906699e-03 -2.956438164087796337e-03 -2.680129084943004732e-03 -2.301920928572246273e-03 -1.879206472019554321e-03 -1.488367668266571409e-03 -1.183496883408150261e-03 -9.805381136798563095e-04 -8.623320560652861450e-04 -7.946344270236572202e-04 -7.432892175359310594e-04 -6.858238813719770392e-04 -6.152211575901285522e-04 -5.360011889859421638e-04 -4.626978931886744219e-04 -3.858418383102459764e-04 -4.302818077374252542e-04
-9.802968438654693005e-07 -3.692147720422597521e-06 -6.139449668854172801e-06 -8.749056806370190695e-06 -1.139144856514305602e-05 -1.404256685728645085e-05 -1.671281884729003484e-05 -1.950227141920564034e-05 -2.257857086976259754e-05 -2.610908111144562426e-05 -3.017054050873383398e-05 -3.468813514100379923e-05 -3.945129008384000435e-05 -4.422258749545810249e-05 -4.890627934687968934e-05 -5.369754876809890582e-05 -5.911926953321472482e-05 -6.588540613280109248e-05 -7.460945932329621189e-05 -8.546946438287844204e-05 -9.800706949920771124e-05 -1.112283328330847552e-04 -1.240665482002095796e-04 -1.360925153868992659e-04 -1.481705455399015417e-04 -1.626755150563804499e-04 -1.829706043481092812e-04 -2.121320405092800611e-04 -2.513271133455125287e-04 -2.986100534177706296e-04 -3.490373486376774966e-04 -3.966732439872546097e-04 -4.383026760364134872e-04 -4.776417219493141902e-04 -5.279298477164991090e-04 -6.106493073870854042e-04 -7.489915450813367957e-04 -9.569631764629245871e-04 -1.227995284420812594e-03 -1.529616616339195528e-03 -1.811767765770310162e-03 -2.033607388949893336e-03 -2.207163704416668492e-03 -2.445527840909939628e-03 -2.991714493185366162e-03 -4.196826047309026343e-03 -6.417678339703751685e-03 -9.824584333451208407e-03 -1.415370349195503932e-02 -1.850936334314275469e-02 -2.143805992219784129e-02 -2.164150306171615940e-02 -1.993361757488081032e-02 -2.332656606283049078e-02 -5.329029428211261993e-02 -1.582300230465389090e-01 -4.519932942124514907e-01 -1.097588792916772471e+00 -2.791085929836384594e+00 -4.829865597033361269e+00 -1.791716620204814703e+01 3.730412332718628488e+00 -2.377806814475382851e+02 8.350153424935273279e+02 -6.258655233035765377e+03 2.738518810319638214e+04 -6.323221782160690054e+03 8.481305737067780228e+02 -2.456207253751638575e+02 3.116501049725062256e+00 -1.917405690324341805e+01 -5.340901410848071684e+00 -3.102396300611984348e+00 -1.244212935319602531e+00 -5.193927373712180495e-01 -1.848899919729084240e-01 -6.319426564277094704e-02 -2.806587390659218140e-02 -2.433625315655506272e-02 -2.684903106130216710e-02 -2.703391134835042217e-02 -2.372340111070654275e-02 -1.843758299284242036e-02 -1.300584373090438693e-02 -8.631026299168058358e-03 -5.731842138583255995e-03 -4.148865499337443634e-03 -3.445711003808647581e-03 -3.162447373758398884e-03 -2.964529869219069587e-03 -2.687299729671397287e-03 -2.307922446874862647e-03 -1.883962817143382349e-03 -1.492011284070289762e-03 -1.186294267044072032e-03 -9.827830605157387815e-04 -8.642621217215081713e-04 -7.964029883666982543e-04 -7.449520725841233962e-04 -6.875581539762157897e-04 -6.164689125019962804e-04 -5.409988888067217977e-04 -4.506226684454825286e-04 -4.874914396584376390e-04
-8.798017945960889277e-07 -3.336122376854336894e-06 -5.613190302164237646e-06 -8.105239877337761634e-06 -1.067445424400740357e-05 -1.324736779722736521e-05 -1.576796103440820165e-05 -1.827602178689638962e-05 -2.091869193095259642e-05 -2.390809550794737137e-05 -2.743073155281672686e-05 -3.154908039913668802e-05 -3.614874942238541602e-05 -4.097377195827392444e-05 -4.575681100937793424e-05 -5.040103062635115344e-05 -5.512925034172406260e-05 -6.050775563241958652e-05 -6.728998370394441821e-05 -7.610720716934716960e-05 -8.712531214355353484e-05 -9.984876636616822198e-05 -1.132376219104927494e-04 -1.261914586020503493e-04 -1.382771660367857923e-04 -1.503911658540522435e-04 -1.649676568684622870e-04 -1.854342663315295574e-04 -2.149087700688841033e-04 -2.545543033301282568e-04 -3.023687660310241110e-04 -3.533172655871043570e-04 -4.013771419980262552e-04 -4.433016902483383074e-04 -4.828727748002005276e-04 -5.335032063319341275e-04 -6.169174427401687751e-04 -7.565290835814456180e-04 -9.664312756960056474e-04 -1.239911276535782562e-03 -1.544110997913962415e-03 -1.828465108645691006e-03 -2.051781887521807266e-03 -2.226271826889520550e-03 -2.466083489722763200e-03 -3.016292814907535827e-03 -4.230672938981595160e-03 -6.468610352210519936e-03 -9.900871740938182661e-03 -1.426003651396681379e-02 -1.864501525433244142e-02 -2.159161604955642591e-02 -2.179195592160984574e-02 -2.006811115334203657e-02 -2.348062387642594478e-02 -5.363795886483713887e-02 -1.592447622733007551e-01 -4.548175018929416225e-01 -1.104319313185211815e+00 -2.807603585574883986e+00 -4.858570334694115367e+00 -1.801622687203708040e+01 3.738587123534831136e+00 -2.390177299202793506e+02 8.392397362824955280e+02 -6.290513903826350543e+03 2.752346299696402275e+04 -6.354897216967331588e+03 8.524094433173908101e+02 -2.468267361718467896e+02 3.143047343224415258e+00 -1.926281992570851287e+01 -5.363793656192049397e+00 -3.115834253725742631e+00 -1.249414370428266530e+00 -5.215288931738271128e-01 -1.856296276248820265e-01 -6.344059871359843117e-02 -2.817196217499212674e-02 -2.442651702778327397e-02 -2.694698760104589572e-02 -2.713069367774609969e-02 -2.380657089297876297e-02 -1.850077603216076366e-02 -1.304933730147278884e-02 -8.659115812830259912e-03 -5.749950384581096335e-03 -4.161592169346404503e-03 -3.456019977221973325e-03 -3.171716888692137012e-03 -2.973051198354476933e-03 -2.694862390339875131e-03 -2.314263621784107272e-03 -1.888999979032017495e-03 -1.495881910113168109e-03 -1.189279299226349979e-03 -9.851948184713583967e-04 -8.663652121619923102e-04 -7.983507338853860266e-04 -7.470034306025504596e-04 -6.890987646941356716e-04 -6.222862083163281611e-04 -5.274697668615214692e-04 -5.659417513138468919e-04
-8.097787422104259914e-07 -3.071607198376480325e-06 -5.173960386579500992e-06 -7.493181034806427160e-06 -9.917041676042967512e-06 -1.237911879289373768e-05 -1.480270563493914827e-05 -1.717418820942315282e-05 -1.957485982879674709e-05 -2.217657601086270433e-05 -2.518844913583808589e-05 -2.876993802796393325e-05 -3.294632770631025494e-05 -3.757282388185267268e-05 -4.238221174144745008e-05 -4.711825775882400833e-05 -5.171143061491048290e-05 -5.641613840397614258e-05 -6.182211664506312074e-05 -6.868976994225973467e-05 -7.763905503797099994e-05 -8.881090264112585060e-05 -1.016803254139382433e-04 -1.151842009128488040e-04 -1.282146200897573763e-04 -1.403520655229192578e-04 -1.525268192072308830e-04 -1.672191157161520461e-04 -1.879001184416539863e-04 -2.177107641054644763e-04 -2.578022434684340623e-04 -3.061215042754410849e-04 -3.575572236185758511e-04 -4.060167651292157735e-04 -4.482328627206841852e-04 -4.880539041176635054e-04 -5.390570459513717352e-04 -6.231952594297858125e-04 -7.640927614798848598e-04 -9.759251786305100061e-04 -1.251840830617212321e-03 -1.558605546374913211e-03 -1.845159710065582583e-03 -2.069965512825457446e-03 -2.245424555236476792e-03 -2.486702995329988491e-03 -3.041064519255881789e-03 -4.264791430952327191e-03 -6.518919988974467179e-03 -9.976669737042849137e-03 -1.436765949328566196e-02 -1.878223183511604569e-02 -2.174644711864309396e-02 -2.194389096508366291e-02 -2.020402925267886923e-02 -2.363641016373099063e-02 -5.398954770575829787e-02 -1.602713873056495764e-01 -4.576770595520966989e-01 -1.111138627243709820e+00 -2.824358012948853691e+00 -4.887688991139657269e+00 -1.811693536402334104e+01 3.747260762262296208e+00 -2.402780787344287603e+02 8.435481776014381694e+02 -6.323005889539434975e+03 2.766454642561584114e+04 -6.387229533636214910e+03 8.567767372601759917e+02 -2.480589517691368258e+02 3.169793683523827621e+00 -1.935372117192764208e+01 -5.387306671851697537e+00 -3.129633133731078765e+00 -1.254763509089907636e+00 -5.237274446220753221e-01 -1.863918498497164344e-01 -6.369479475810717328e-02 -2.828162155974100686e-02 -2.451991007923836133e-02 -2.704841565640982853e-02 -2.723099717698042668e-02 -2.389285864317464148e-02 -1.856641748147693990e-02 -1.309457851574364826e-02 -8.688381189773811478e-03 -5.768851729353404248e-03 -4.174901459709525614e-03 -3.466817956073364217e-03 -3.181438101307428566e-03 -2.981998206642699940e-03 -2.702813485681082248e-03 -2.320941768829129677e-03 -1.894317085585661350e-03 -1.499982451931032709e-03 -1.192460910348542864e-03 -9.878016332288610136e-04 -8.686658861233746741e-04 -8.007392866854321943e-04 -7.488284437057943221e-04 -6.959392426015903119e-04 -6.066986016975155129e-04 -6.615032229528782989e-04
-7.679620337799558973e-07 -2.895137533458685408e-06 -4.828881262478375884e-06 -6.934988107866769495e-06 -9.145212836479261930e-06 -1.144174735456611077e-05 -1.377195597790324237e-05 -1.609548454393668952e-05 -1.841736845242639931e-05 -2.081635456408362778e-05 -2.344371742281404651e-05 -2.648200990294093292e-05 -3.007108466806191963e-05 -3.423126676510865823e-05 -3.882714868808341758e-05 -4.360852575530094877e-05 -4.833506995292107059e-05 -5.294589417292494847e-05 -5.769557684210133646e-05 -6.316860052335429923e-05 -7.011910306244651379e-05 -7.916249371431110463e-05 -9.043660975033025046e-05 -1.034127439506885883e-04 -1.170223284702420053e-04 -1.301525301397239460e-04 -1.423851174780441109e-04 -1.546639513620776921e-04 -1.694968389511842578e-04 -1.903899017865502284e-04 -2.205114759988677123e-04 -2.610148415555384226e-04 -3.098127428130509451e-04 -3.617292386207176190e-04 -4.106037955132948850e-04 -4.531408545431750878e-04 -4.932420634026421502e-04 -5.446365485559835498e-04 -6.294998746579863903e-04 -7.716697877504676137e-04 -9.854142907386618730e-04 -1.263755469893616291e-03 -1.573089990129811211e-03 -1.861874799816791047e-03 -2.088185122312294188e-03 -2.264730554194048246e-03 -2.507520914191784401e-03 -3.065082538139701860e-03 -4.298174847494249350e-03 -6.570115288733233139e-03 -1.005352114310645827e-02 -1.447606362561993341e-02 -1.892062668905057296e-02 -2.190267065661837334e-02 -2.209732776661268647e-02 -2.034142093214582475e-02 -2.379398086651726349e-02 -5.434521404814331852e-02 -1.613103603923335683e-01 -4.605732165070062778e-01 -1.118049605809386948e+00 -2.841355817084025848e+00 -4.917232911054965072e+00 -1.821932598061707509e+01 3.756428500834338990e+00 -2.415620939570457324e+02 8.479418156133151570e+02 -6.356139815520467891e+03 2.780847438311906080e+04 -6.420226654557776783e+03 8.612335285064168602e+02 -2.493176462464779490e+02 3.196754105212466168e+00 -1.944677626563438722e+01 -5.411443015427984449e+00 -3.143794514271446960e+00 -1.260260791585832374e+00 -5.259885352949291715e-01 -1.871766865711528560e-01 -6.395685458877185814e-02 -2.839484748206382719e-02 -2.461642650535845675e-02 -2.715330786695697995e-02 -2.733481301755578616e-02 -2.398225499763335933e-02 -1.863449857756675071e-02 -1.314155995931431085e-02 -8.718816527511287148e-03 -5.788541486165629801e-03 -4.188789412454874996e-03 -3.478101289568709658e-03 -3.191607482437869119e-03 -2.991367627397294258e-03 -2.711150569595264462e-03 -2.327956357848524633e-03 -1.899917902811166202e-03 -1.504323698607861999e-03 -1.195872508417800215e-03 -9.906327669901703482e-04 -8.714702112353513164e-04 -8.028526666098777069e-04 -7.568386573481655040e-04 -6.777844710588452112e-04 -7.635042781472256568e-04
-7.427220621422593804e-07 -2.774739981407667601e-06 -4.557330161917577247e-06 -6.445103669474833114e-06 -8.411802308096613410e-06 -1.050041419036409743e-05 -1.270756985182142132e-05 -1.499752684296681245e-05 -1.732109250783157723e-05 -1.965891983690339992e-05 -2.206306181770546708e-05 -2.466978689820525410e-05 -2.766496797311745044e-05 -3.120681122676724478e-05 -3.533826550522943478e-05 -3.993868295430167580e-05 -4.475761235728193885e-05 -4.954076257796936162e-05 -5.420822433063015569e-05 -5.900166048232577311e-05 -6.450635563887832723e-05 -7.149084665636216062e-05 -8.059060033424447344e-05 -9.195751044411415573e-05 -1.050619126844778555e-04 -1.188183487160693937e-04 -1.320899087893857339e-04 -1.444420703667207481e-04 -1.568239320920615195e-04 -1.717745726121619227e-04 -1.928480081829530885e-04 -2.232555529238312083e-04 -2.641636948080438208e-04 -3.134532036262331124e-04 -3.658767675070587807e-04 -4.151940685207213466e-04 -4.580699496199183121e-04 -4.984535140194229930e-04 -5.502276889215029906e-04 -6.357986537412119079e-04 -7.792286864240194864e-04 -9.948847175839977807e-04 -1.275674799468155818e-03 -1.587588656736720148e-03 -1.878716671413440146e-03 -2.106572753446120730e-03 -2.283251781042291203e-03 -2.527534791954620490e-03 -3.089819053847648288e-03 -4.332320802327382231e-03 -6.621661498520164425e-03 -1.013101212047708664e-02 -1.458534329732958518e-02 -1.906021776377523833e-02 -2.206035235996402569e-02 -2.225232650340777316e-02 -2.048033968595852974e-02 -2.395339848832495067e-02 -5.470511198449961449e-02 -1.623621374041403220e-01 -4.635072017374257669e-01 -1.125055076481513483e+00 -2.858603528712653219e+00 -4.947213320527998448e+00 -1.832343297758660228e+01 3.766086147929666339e+00 -2.428701457796528871e+02 8.524218211696456819e+02 -6.389924474702655971e+03 2.795528370112911944e+04 -6.453896718672189309e+03 8.657809191462134777e+02 -2.506031040177534521e+02 3.223942276258878969e+00 -1.954200193122948903e+01 -5.436205637759514708e+00 -3.158320194575688244e+00 -1.265906758092893325e+00 -5.283123526141954018e-01 -1.879841825643411568e-01 -6.422678531247025258e-02 -2.851163847948885027e-02 -2.471606329897510501e-02 -2.726165997837876054e-02 -2.744213555546383757e-02 -2.407475347032881491e-02 -1.870501287763012138e-02 -1.319027592245469727e-02 -8.750417095691871011e-03 -5.809015757840837665e-03 -4.203252640680456807e-03 -3.489866849926512738e-03 -3.202222195305956965e-03 -3.001157431059704381e-03 -2.719873606929828699e-03 -2.335312060395678020e-03 -1.905814895086307839e-03 -1.508943752413671518e-03 -1.199546306713767784e-03 -9.940386473877729865e-04 -8.739403259435470257e-04 -8.120946258069193817e-04 -7.359092478959136261e-04 -8.588860779208668103e-04
-7.194516511797682447e-07 -2.667789184505314703e-06 -4.323459744170765086e-06 -6.023885436586082575e-06 -7.766881488301397081e-06 -9.639364187123429840e-06 -1.168597830161452025e-05 -1.389776765340500417e-05 -1.621050117109783926e-05 -1.854266080236367724e-05 -2.085443855315997081e-05 -2.319896770361083059e-05 -2.573360604259946902e-05 -2.867416050176372854e-05 -3.220266652907976683e-05 -3.636838040551973494e-05 -4.103682809299129166e-05 -4.593073957012403684e-05 -5.076930550111028432e-05 -5.545950322873655287e-05 -6.025006572221215819e-05 -6.575078283605834606e-05 -7.276096942059378169e-05 -8.193854342946416201e-05 -9.343815181653061515e-05 -1.067105969540131308e-04 -1.206367362933018564e-04 -1.340479322067992878e-04 -1.464973944089639204e-04 -1.589522097636475787e-04 -1.739976546134413421e-04 -1.952458777898012459e-04 -2.259526487130715630e-04 -2.672906334899122715e-04 -3.170971114953786475e-04 -3.700430052753403529e-04 -4.198034578624068483e-04 -4.630061797741603664e-04 -5.036555210003269617e-04 -5.557980380818588811e-04 -6.420754660042971972e-04 -7.867854963429832304e-04 -1.004356830435749982e-03 -1.287700560366176333e-03 -1.602229828908934050e-03 -1.894758256418162820e-03 -2.124137592438760276e-03 -2.302438539905785411e-03 -2.548215387650957283e-03 -3.114730492836017672e-03 -4.366795994270581370e-03 -6.673620358845338760e-03 -1.020912896738386533e-02 -1.469554221101804919e-02 -1.920106287763653774e-02 -2.221956152178405919e-02 -2.240895342821282513e-02 -2.062084195240418069e-02 -2.411472742644592271e-02 -5.506939483089481197e-02 -1.634271675087809739e-01 -4.664802259210392710e-01 -1.132157829575184405e+00 -2.876107617323008014e+00 -4.977641349420719230e+00 -1.842929061780896305e+01 3.776230037353749847e+00 -2.442026088810559941e+02 8.569893875509045529e+02 -6.424368832885442316e+03 2.810501206469893077e+04 -6.488248083470106394e+03 8.704200406718146041e+02 -2.519156197736985803e+02 3.251371535470531704e+00 -1.963941596777408449e+01 -5.461597869188867804e+00 -3.173212191774723578e+00 -1.271702044904901019e+00 -5.306991261077298461e-01 -1.888143987370171639e-01 -6.450460003786001595e-02 -2.863199604918788277e-02 -2.481882011278337477e-02 -2.737347069303961225e-02 -2.755296217664545202e-02 -2.417035030435952733e-02 -1.877795612144784673e-02 -1.324072227176361152e-02 -8.783179219215144634e-03 -5.830271350386395830e-03 -4.218288328224756994e-03 -3.502112232097821364e-03 -3.213280721668813900e-03 -3.011368184071325400e-03 -2.728988152586757365e-03 -2.343022666224326301e-03 -1.912049812523795075e-03 -1.513875585394060513e-03 -1.203871375798316531e-03 -9.970533134449103500e-04 -8.844237739139950219e-04 -7.885907640300948707e-04 -9.397435028669006178e-04
-6.870939944287088679e-07 -2.540285396126847862e-06 -4.093059121103454996e-06 -5.658566312206553327e-06 -7.235070782353978118e-06 -8.919928881076421832e-06 -1.078361151510252902e-05 -1.284963166826588604e-05 -1.507582906319894920e-05 -1.737276988235473543e-05 -1.965248916497487432e-05 -2.188940182620353658e-05 -2.416366963378185784e-05 -2.665938039396927378e-05 -2.960667844566616374e-05 -3.318370705671885547e-05 -3.742010747393955577e-05 -4.215527822821931169e-05 -4.709091583180986216e-05 -5.193933053945755873e-05 -5.661770244039128475e-05 -6.139792016940602548e-05 -6.691652134943308779e-05 -7.399227082295430536e-05 -8.328702652755061377e-05 -9.494152703611207010e-05 -1.083795825387599604e-04 -1.224526268310114664e-04 -1.359732736127787630e-04 -1.484975173588503250e-04 -1.610205975309515032e-04 -1.761751538065918249e-04 -1.976239626636199496e-04 -2.286552832550397022e-04 -2.704373742159955386e-04 -3.207594938688419772e-04 -3.742138616935024439e-04 -4.243995678552051867e-04 -4.679173810696662049e-04 -5.088315543405896608e-04 -5.613620149159571785e-04 -6.483480536757391804e-04 -7.944374814858256532e-04 -1.013953824148527798e-03 -1.298914491466546467e-03 -1.616033045014627018e-03 -1.911430107592351681e-03 -2.142330940488279718e-03 -2.321751628447163603e-03 -2.569127378681719705e-03 -3.139862596621789074e-03 -4.401562943447357053e-03 -6.726004534870802867e-03 -1.028789822218876583e-02 -1.480670806912502517e-02 -1.934322564815400478e-02 -2.238036963467264842e-02 -2.256727629368569452e-02 -2.076298525736023151e-02 -2.427803264604727965e-02 -5.543821454576464136e-02 -1.645058935758033081e-01 -4.694934837158514229e-01 -1.139360623784518189e+00 -2.893874503533643061e+00 -5.008528052273265807e+00 -1.853693322186927261e+01 3.786856999156974712e+00 -2.455598627745204112e+02 8.616457311965129975e+02 -6.459482033964807670e+03 2.825769802839328258e+04 -6.523289327223219516e+03 8.751520542907081790e+02 -2.532554984444396666e+02 3.279054927070323977e+00 -1.973903722632092794e+01 -5.487623407291829736e+00 -3.188472734042157253e+00 -1.277647381044670238e+00 -5.331491258508175290e-01 -1.896674114872174965e-01 -6.479031761795919775e-02 -2.875592451336680955e-02 -2.492469913879929305e-02 -2.748874153415676105e-02 -2.766729314843092979e-02 -2.426904432020868946e-02 -1.885332608506084390e-02 -1.329289632099493919e-02 -8.817100192727123781e-03 -5.852305790999407821e-03 -4.233894465257009333e-03 -3.514836429776881533e-03 -3.224784265029619849e-03 -3.022006293238375246e-03 -2.738509070972783288e-03 -2.351132676997788259e-03 -1.918655168185356931e-03 -1.519539701717274437e-03 -1.207764346643691675e-03 -1.008839808067095532e-03 -8.588547210137057039e-04 -1.011752754086063435e-03
-6.420518032812053409e-07 -2.379169297757615417e-06 -3.846842027863043824e-06 -5.329669841803936074e-06 -6.807819214614652731e-06 -8.356117366067950702e-06 -1.004106419766084486e-05 -1.190881499056805732e-05 -1.395952873740565454e-05 -1.614257965259312182e-05 -1.837667001249624423e-05 -2.059311320759947103e-05 -2.278680124745753084e-05 -2.505036666391239657e-05 -2.756783248749161997e-05 -3.055819275116969499e-05 -3.418324779172528401e-05 -3.845826207148958764e-05 -4.321553467871802693e-05 -4.815867827852524639e-05 -5.300922300288716621e-05 -5.769711789149838913e-05 -6.250649201700153698e-05 -6.808238166165108459e-05 -7.524631727250169152e-05 -8.465636394439966599e-05 -9.644326167479725287e-05 -1.100165945154176611e-04 -1.242134846748313545e-04 -1.378382720966052745e-04 -1.504512908142976242e-04 -1.630686625121869477e-04 -1.783583389997512193e-04 -2.000227381420541023e-04 -2.313775540765118080e-04 -2.735893423894541088e-04 -3.244078648850044614e-04 -3.783572704866433470e-04 -4.289658862277963454e-04 -4.728175084354882605e-04 -5.139984724446656312e-04 -5.670142647893279585e-04 -6.547358028296680187e-04 -8.012751845354544643e-04 -1.022704227496248550e-03 -1.310725562041987818e-03 -1.630429176357074640e-03 -1.928199227231126509e-03 -2.160722346972453276e-03 -2.341233562260654124e-03 -2.590226399336570482e-03 -3.165213129103596791e-03 -4.436624640881408829e-03 -6.778831523865652166e-03 -1.036735293861072195e-02 -1.491889114710480413e-02 -1.948677098762072873e-02 -2.254284862297059946e-02 -2.272736307221332602e-02 -2.090682740787775523e-02 -2.444337915311902212e-02 -5.581172159053905679e-02 -1.655987528150460186e-01 -4.725481560496507250e-01 -1.146666191561435566e+00 -2.911910570698935885e+00 -5.039884427842037162e+00 -1.864639521562775215e+01 3.797964333257480174e+00 -2.469422921411014897e+02 8.663920924265318035e+02 -6.495273405125732097e+03 2.841338103281098665e+04 -6.559029251432881210e+03 8.799781512669519543e+02 -2.546230551807407494e+02 3.307005232678259521e+00 -1.984088559030309185e+01 -5.514286305932125209e+00 -3.204104254488473913e+00 -1.283743585230388673e+00 -5.356626610719493753e-01 -1.905433121315527334e-01 -6.508396242477303140e-02 -2.888343090242376926e-02 -2.503370499954320899e-02 -2.760747671680253632e-02 -2.778513147335713931e-02 -2.437083676629536386e-02 -1.893112244850713236e-02 -1.334679674959088347e-02 -8.852178313373273988e-03 -5.875117590005246929e-03 -4.250070566801515334e-03 -3.528041306669721724e-03 -3.236740179588865150e-03 -3.033087925717965240e-03 -2.748483942601215747e-03 -2.359675510235019914e-03 -1.926081864096060173e-03 -1.524755259534114936e-03 -1.221118592297142091e-03 -9.816733271893391712e-04 -1.099346629326419496e-03
-5.882844257374432773e-07 -2.193701920617359579e-06 -3.585139502533699076e-06 -5.019135663211878754e-06 -6.451094881599560746e-06 -7.914783585308170146e-06 -9.449422240099220486e-06 -1.110572753833811520e-05 -1.292442382024418932e-05 -1.491487252937421482e-05 -1.704335332584751845e-05 -1.924383904466949913e-05 -2.145378171509511011e-05 -2.366307395404787921e-05 -2.595202344917992305e-05 -2.849201759677477002e-05 -3.149538190383147817e-05 -3.512562606168102635e-05 -3.940584642640362326e-05 -4.417713298045123634e-05 -4.914793308621154982e-05 -5.403877741363249915e-05 -5.877482441026729007e-05 -6.363612538387081923e-05 -6.926837833757894572e-05 -7.649929203626339071e-05 -8.599526921493766136e-05 -9.789169808748454887e-05 -1.115943356926518199e-04 -1.259278909756284968e-04 -1.396817496100527479e-04 -1.524090752775065561e-04 -1.651361015654703886e-04 -1.805608055313176669e-04 -2.024273707174793703e-04 -2.340868096014060381e-04 -2.767142317050220383e-04 -3.280253288465622493e-04 -3.824865689410204589e-04 -4.335187855699533586e-04 -4.777996908802048222e-04 -5.192735197129583246e-04 -5.718558333606766015e-04 -6.602773703222708079e-04 -8.086861937826698987e-04 -1.032017413299090355e-03 -1.322605051783672103e-03 -1.644991529878485868e-03 -1.945106733150901582e-03 -2.179267244741388970e-03 -2.360879528255109116e-03 -2.611508249611763349e-03 -3.190785066477853840e-03 -4.471991184521597468e-03 -6.832122161875781377e-03 -1.044752815704226567e-02 -1.503214250127535637e-02 -1.963176384962799989e-02 -2.270707010506326298e-02 -2.288928146102518768e-02 -2.105242613936044935e-02 -2.461083176820424295e-02 -5.619006497520762783e-02 -1.667061774904705362e-01 -4.756454123337979789e-01 -1.154077244180969908e+00 -2.930222175781549865e+00 -5.071721437388559295e+00 -1.875771117506694452e+01 3.809549785322246862e+00 -2.483502871509378451e+02 8.712297361572914269e+02 -6.531752462015649144e+03 2.857210142152825938e+04 -6.595476883488014209e+03 8.848995532900686385e+02 -2.560186153525303325e+02 3.335235000942784467e+00 -1.994498195870949786e+01 -5.541590965538055968e+00 -3.220109385739895469e+00 -1.289991563168658706e+00 -5.382400789090348026e-01 -1.914422063979232813e-01 -6.538556415197110949e-02 -2.901452485270568371e-02 -2.514584464952787299e-02 -2.772968302837947388e-02 -2.790648275526617234e-02 -2.447573119309852385e-02 -1.901134671589513672e-02 -1.340242363758546197e-02 -8.888413157472137283e-03 -5.898707022318906701e-03 -4.266819335540696610e-03 -3.541735587041040627e-03 -3.249167005515763915e-03 -3.044666311882997852e-03 -2.758952065190437529e-03 -2.369146367269421398e-03 -1.933062316320889335e-03 -1.540279726129423600e-03 -1.192242337101107269e-03 -1.243372764993581035e-03
-5.342015547294758168e-07 -2.007205020390512708e-06 -3.323493683753627325e-06 -4.716429745173505457e-06 -6.122540209842742614e-06 -7.535886374240857252e-06 -8.960439851046883737e-06 -1.043437940684589669e-05 -1.202010450876329374e-05 -1.377840791839025625e-05 -1.573557872069981147e-05 -1.786310754190932232e-05 -2.008624554444902836e-05 -2.232476738150226031e-05 -2.455117934339908192e-05 -2.683739721296394759e-05 -2.935927587489286399e-05 -3.234376768802126468e-05 -3.597146341285593874e-05 -4.027624110538274138e-05 -4.509826291685441950e-05 -5.013396531300036045e-05 -5.508717596630276377e-05 -5.987069882991817604e-05 -6.476376658726482050e-05 -7.042438218285410512e-05 -7.770048063773132060e-05 -8.727674753054768489e-05 -9.929499599660892011e-05 -1.131507298643748830e-04 -1.276452486363236492e-04 -1.415427568008247614e-04 -1.543842864805291908e-04 -1.672082574582257886e-04 -1.827501390720280875e-04 -2.048055283343587810e-04 -2.367657032575792332e-04 -2.798244482535405375e-04 -3.316273979191575053e-04 -3.866932303373085450e-04 -4.381737535236374017e-04 -4.819764657105200692e-04 -5.237069952324946995e-04 -5.772547162886043030e-04 -6.663619143910751988e-04 -8.161461124728141723e-04 -1.041469267853894175e-03 -1.334590895405247859e-03 -1.659674312546600885e-03 -1.962146996315984257e-03 -2.197960701479552068e-03 -2.380689906242293083e-03 -2.632975941374993654e-03 -3.216585084358785686e-03 -4.507675242984653281e-03 -6.885898773611888631e-03 -1.052845959082811082e-02 -1.514651319615552098e-02 -1.977826874907456095e-02 -2.287310509798117300e-02 -2.305309868157911016e-02 -2.119983896100584297e-02 -2.478045503788954204e-02 -5.657339238861178177e-02 -1.678285956493569542e-01 -4.787864125731624010e-01 -1.161596476505254660e+00 -2.948815659554449464e+00 -5.104050021833042017e+00 -1.887091586869754778e+01 3.821611524754680467e+00 -2.497842437740996786e+02 8.761599526133585414e+02 -6.568928913910190204e+03 2.873390045847774672e+04 -6.632641479525506838e+03 8.899175128701541553e+02 -2.574425145636884054e+02 3.363756575075409927e+00 -2.005134823184666004e+01 -5.569542124480399536e+00 -3.236490955149160520e+00 -1.296392305144121959e+00 -5.408817633032579897e-01 -1.923642139778384552e-01 -6.569515764562307292e-02 -2.914921852162631610e-02 -2.526112729132743567e-02 -2.785536972334742151e-02 -2.803135508373466589e-02 -2.458373336455879979e-02 -1.909400223372109684e-02 -1.345977875198776930e-02 -8.925806485762041373e-03 -5.923078209187148530e-03 -4.284151823048296115e-03 -3.555942266929577270e-03 -3.262128860764139642e-03 -3.056794875329271136e-03 -2.770487525893604135e-03 -2.378167963539173403e-03 -1.951731020592796734e-03 -1.508466129346791498e-03 -1.488789474970895208e-03
-4.882078330770376230e-07 -1.844264978339141911e-06 -3.082600766200001374e-06 -4.420459009428177832e-06 -5.789289594563273460e-06 -7.160816479878702947e-06 -8.511911278164795575e-06 -9.859180199375994794e-06 -1.126162670206558446e-05 -1.280215545708433283e-05 -1.455102912815165775e-05 -1.652878860326091780e-05 -1.868922299091782489e-05 -2.093674366145571272e-05 -2.317704701442523579e-05 -2.538166960355261485e-05 -2.763471837332740061e-05 -3.013141844058687781e-05 -3.311619867615880989e-05 -3.677724813809358606e-05 -4.114280700519960425e-05 -4.603683786728833815e-05 -5.113648809590798334e-05 -5.613220469818032578e-05 -6.093592942488657970e-05 -6.583983388612642783e-05 -7.152385037973394159e-05 -7.885767457668142765e-05 -8.853776391390256301e-05 -1.007014611153116753e-04 -1.147240426322447885e-04 -1.293787518216156854e-04 -1.434069390122685785e-04 -1.563450505355318222e-04 -1.692531813237061725e-04 -1.849089225220317055e-04 -2.071688910239401834e-04 -2.394288273765932346e-04 -2.830095193601815705e-04 -3.353274556425468148e-04 -3.901011070224633310e-04 -4.419930378144160490e-04 -4.866973112071574484e-04 -5.286694480803169399e-04 -5.826924219634560358e-04 -6.725689951451783001e-04 -8.236897922716038527e-04 -1.051011685679458874e-03 -1.346674936721957774e-03 -1.674470884550348935e-03 -1.979319505838773863e-03 -2.216804894353626917e-03 -2.400668775412713972e-03 -2.654635203013748414e-03 -3.242621692760143306e-03 -4.543690697451367895e-03 -6.940184334318613008e-03 -1.061018308145270615e-02 -1.526205397117707044e-02 -1.992634957121296874e-02 -2.304102391287905088e-02 -2.321888141245493156e-02 -2.134912309896760951e-02 -2.495231321775064764e-02 -5.696185036968653970e-02 -1.689664318399717313e-01 -4.819723093654903479e-01 -1.169226571458409136e+00 -2.967697356188494062e+00 -5.136881117879386061e+00 -1.898604429778570690e+01 3.834148124563914628e+00 -2.512445640824102497e+02 8.811840580376536991e+02 -6.606812668885514540e+03 2.889882034576799197e+04 -6.670532527483180274e+03 8.950333137583915004e+02 -2.588950986818788920e+02 3.392582118458868035e+00 -2.016000729945662684e+01 -5.598144851478242146e+00 -3.253251980581277181e+00 -1.302946883884589901e+00 -5.435881340239280268e-01 -1.933094681392878156e-01 -6.601278276475665285e-02 -2.928752651703004153e-02 -2.537956429324277410e-02 -2.798454840994265766e-02 -2.815975891978900886e-02 -2.469485124239537491e-02 -1.917909449799008390e-02 -1.351886667486147491e-02 -8.964365027376247283e-03 -5.948246132519684377e-03 -4.302098385321583528e-03 -3.570743581461852979e-03 -3.275702616220611558e-03 -3.070180020888819365e-03 -2.781526319513880942e-03 -2.401194813294370376e-03 -1.914391091144800354e-03 -1.864191687756081104e-03
-4.549975945688967538e-07 -1.719579900900958616e-06 -2.877815571724905247e-06 -4.137291355461107217e-06 -5.438902562473154623e-06 -6.755461537720108104e-06 -8.054791917318499374e-06 -9.333296923306388782e-06 -1.062690809463998907e-05 -1.200653633319697045e-05 -1.355392878191377496e-05 -1.532656005951944379e-05 -1.732713100405002736e-05 -1.949488146244884550e-05 -2.172916855364106419e-05 -2.394168028366294853e-05 -2.611767447829159850e-05 -2.835640314117526589e-05 -3.086327568727046967e-05 -3.388409043635293508e-05 -3.759955167773798752e-05 -4.202500079036635328e-05 -4.697141388141590294e-05 -5.210799891090618158e-05 -5.712548596435842112e-05 -6.194456398050719487e-05 -6.687191431189106763e-05 -7.260292022711532746e-05 -8.001813070358305318e-05 -8.981574675580640836e-05 -1.021239421749729526e-04 -1.163000973707279165e-04 -1.310970302800803318e-04 -1.452428491704691198e-04 -1.582741641359871601e-04 -1.712822124482705414e-04 -1.870511889910507909e-04 -2.096052382419597666e-04 -2.421874116607666632e-04 -2.854043078539118036e-04 -3.381993245808542379e-04 -3.940410947611771805e-04 -4.463289989929130372e-04 -4.914505627708062397e-04 -5.337455318146338548e-04 -5.882022763923102065e-04 -6.788492804125396832e-04 -8.313066518582133213e-04 -1.060635287884058482e-03 -1.358854134948981511e-03 -1.689381655022954929e-03 -1.996627400129287293e-03 -2.235804675299239794e-03 -2.420822069995613897e-03 -2.676493121795576503e-03 -3.268904372252693941e-03 -4.580052046895934439e-03 -6.995002070812941612e-03 -1.069273434406639751e-02 -1.537881509843663785e-02 -2.007606951129687831e-02 -2.321089614274812404e-02 -2.338669579073478569e-02 -2.150033549281221701e-02 -2.512647029528123493e-02 -5.735558449772053258e-02 -1.701201078055775417e-01 -4.852042497895215911e-01 -1.176970204236362338e+00 -2.986873602283676821e+00 -5.170225673211181316e+00 -1.910313173462994030e+01 3.847158542972898054e+00 -2.527316565434766176e+02 8.863033954013906168e+02 -6.645413839005211230e+03 2.906690424195729793e+04 -6.709159750343264022e+03 9.002482713926785891e+02 -2.603767238827166466e+02 3.421723638561955827e+00 -2.027098303103203847e+01 -5.627404538928848510e+00 -3.270395666736588325e+00 -1.309656452685255879e+00 -5.463596458182079507e-01 -1.942781153923455184e-01 -6.633848425051773467e-02 -2.942946579961951831e-02 -2.550116905357195304e-02 -2.811723289101758852e-02 -2.829170704086029012e-02 -2.480909534731705335e-02 -1.926663261992831930e-02 -1.357969852961862268e-02 -9.004109832945200384e-03 -5.974251614885231140e-03 -4.320766675473728356e-03 -3.586246509185530510e-03 -3.290787183785282878e-03 -3.082936660429165011e-03 -2.810077232701280354e-03 -2.354695851570854162e-03 -2.360347530387648350e-03
-4.340465446356337555e-07 -1.632883375883613344e-06 -2.712776242636008766e-06 -3.875386350045544985e-06 -5.080025344192319776e-06 -6.319173856309012465e-06 -7.570210442056049373e-06 -8.818637496148488484e-06 -1.007031311769409437e-05 -1.136050361897509004e-05 -1.275023545187922557e-05 -1.430782724217010875e-05 -1.608039158893548415e-05 -1.806771837741706028e-05 -2.021396075663384098e-05 -2.242796892054480751e-05 -2.463067820807797792e-05 -2.681242197593129570e-05 -2.907198939997786041e-05 -3.161012967710116024e-05 -3.466665629184190628e-05 -3.841766626572292625e-05 -4.287656441379947796e-05 -4.785475693062681273e-05 -5.302311944431425895e-05 -5.807445452739683336e-05 -6.293202955228615518e-05 -6.790636379836416511e-05 -7.369830748349419011e-05 -8.119440386597447210e-05 -9.109665548670255143e-05 -1.035314611538862859e-04 -1.178478336387616304e-04 -1.327830595520560278e-04 -1.470615964560313823e-04 -1.601853690489732644e-04 -1.733817474039062742e-04 -1.892863588201415038e-04 -2.112606146329011408e-04 -2.441267770597191692e-04 -2.883209099329480047e-04 -3.415769195025989097e-04 -3.980082159502446536e-04 -4.507716933674080695e-04 -4.962689345050273022e-04 -5.388860740136268554e-04 -5.937727692831509677e-04 -6.851917060276506563e-04 -8.389912284575718479e-04 -1.070337731424952053e-03 -1.371129113888733091e-03 -1.704409703835587514e-03 -2.014075648071831162e-03 -2.254966232251588796e-03 -2.441156722478848330e-03 -2.698557540492662211e-03 -3.295443146065807783e-03 -4.616774104003325621e-03 -7.050375256121208661e-03 -1.077614884651289552e-02 -1.549684633387885500e-02 -2.022749108078552085e-02 -2.338279069890411913e-02 -2.355660745098232464e-02 -2.165353282220795067e-02 -2.530299003522872361e-02 -5.775473958906602451e-02 -1.712900431485717689e-01 -4.884833771867287400e-01 -1.184830046271772241e+00 -3.006350745391948465e+00 -5.204094660855388632e+00 -1.922221375910606511e+01 3.860642106622385494e+00 -2.542459363082056143e+02 8.915193351155951405e+02 -6.684742745537085284e+03 2.923819628079818358e+04 -6.748533109558990873e+03 9.055637333673555531e+02 -2.618877567072962051e+02 3.451193009275999923e+00 -2.038430026816334717e+01 -5.657326897118442943e+00 -3.287925401976613315e+00 -1.316522243772139555e+00 -5.491967876595070797e-01 -1.952703151596975051e-01 -6.667231153252027587e-02 -2.957505548169163737e-02 -2.562595678202909608e-02 -2.825343908571788243e-02 -2.842721500958374226e-02 -2.492648065241690608e-02 -1.935663407040359371e-02 -1.364230367395487080e-02 -9.045094566821546347e-03 -6.001232384660899061e-03 -4.340293810279991817e-03 -3.603588733734000224e-03 -3.305008570525144393e-03 -3.117808804877537573e-03 -2.750741943912189853e-03 -2.919585690480907842e-03
-4.205790229430534730e-07 -1.571112775264302178e-06 -2.579168419782831359e-06 -3.640793356374946311e-06 -4.734199238095864982e-06 -5.878207585166058043e-06 -7.070857501084999150e-06 -8.298656159434919814e-06 -9.543815429410699132e-06 -1.080100528959024351e-05 -1.209231460881711732e-05 -1.347050676618416297e-05 -1.500434934632143516e-05 -1.674922627740663426e-05 -1.871624619049937135e-05 -2.085796989893365890e-05 -2.308470508971053312e-05 -2.531170043116046174e-05 -2.751996769668973942e-05 -2.980054215660892986e-05 -3.235209140379600860e-05 -3.541891640653012006e-05 -3.918547483694116804e-05 -4.367262495854949504e-05 -4.869407960133263769e-05 -5.391653948124001180e-05 -5.902460893079029510e-05 -6.393444032348215874e-05 -6.895558697972508603e-05 -7.479623034013595565e-05 -8.235596106006923430e-05 -9.234977897768689963e-05 -1.049070680351331137e-04 -1.193780215460858870e-04 -1.344502571154127706e-04 -1.489482986810257241e-04 -1.621865302459085233e-04 -1.747093542476720464e-04 -1.907115617228798642e-04 -2.134285192660556000e-04 -2.465623871918391124e-04 -2.912607777340242088e-04 -3.450553868482168535e-04 -4.020344633587000487e-04 -4.552724240886982417e-04 -5.011408620628992174e-04 -5.440796616715355347e-04 -5.993974599157612850e-04 -6.915921994861796247e-04 -8.467417446014594050e-04 -1.080119382867687685e-03 -1.383502362574383707e-03 -1.719559458244674689e-03 -2.031670203869575912e-03 -2.274296494168541894e-03 -2.461680237007786171e-03 -2.720836741887352247e-03 -3.322248345677799621e-03 -4.653871826670799919e-03 -7.106327100980970937e-03 -1.086046175828656382e-02 -1.561619691890927045e-02 -2.038067614984997653e-02 -2.355677587409388957e-02 -2.372868158487245749e-02 -2.180877155056435562e-02 -2.548193603688683750e-02 -5.815945989293119789e-02 -1.724766559621420392e-01 -4.918108328432635457e-01 -1.192808768973949718e+00 -3.026135152089033387e+00 -5.238499092790609879e+00 -1.934332629365928469e+01 3.874598495210027416e+00 -2.557878254927099135e+02 8.968332757455850697e+02 -6.724809924204414529e+03 2.941274159045181659e+04 -6.788662808660556038e+03 9.109810799266267622e+02 -2.634285741324146670e+02 3.481001991843434062e+00 -2.049998481878395395e+01 -5.687917949235264281e+00 -3.305844755600138463e+00 -1.323545566850235833e+00 -5.521000820187790259e-01 -1.962862393626817747e-01 -6.701431840252260186e-02 -2.972431654399752821e-02 -2.575394443716907955e-02 -2.839318566610864181e-02 -2.856630351636137849e-02 -2.504703217397803716e-02 -1.944913808400947422e-02 -1.370674933655409433e-02 -9.087486690199899492e-03 -6.029347093936318798e-03 -4.362066912606230550e-03 -3.619757309608106870e-03 -3.346517290075920557e-03 -3.043405130533579500e-03 -3.449381709758493793e-03
-4.082037792219138568e-07 -1.515734502087231430e-06 -2.461724639491566455e-06 -3.434312557606353628e-06 -4.423704003904714100e-06 -5.468926570980235537e-06 -6.588795833527159369e-06 -7.779836096107768109e-06 -9.015561775434203129e-06 -1.026278312085404383e-05 -1.150582370977417408e-05 -1.276648565369106625e-05 -1.410702685648101710e-05 -1.561045004630451865e-05 -1.734397840229179151e-05 -1.932247244266885094e-05 -2.149258021144347612e-05 -2.375216535641775273e-05 -2.600370223663126296e-05 -2.822133652870784749e-05 -3.049846844858436823e-05 -3.304423862778663607e-05 -3.611652233040836817e-05 -3.990992685191390344e-05 -4.444705932739313975e-05 -4.953395418562808142e-05 -5.482374995841753822e-05 -5.998825134324437642e-05 -6.493838372534459756e-05 -6.998963412791872380e-05 -7.586644261156624889e-05 -8.348597513482833104e-05 -9.358551173281234035e-05 -1.062637579693120123e-04 -1.209743970046979532e-04 -1.362049015129607578e-04 -1.500721561091167993e-04 -1.633868243469777614e-04 -1.765402648550001147e-04 -1.926241392547439844e-04 -2.156170023081602877e-04 -2.490944310626444524e-04 -2.942549546013306866e-04 -3.485862219748301315e-04 -4.061081132549158846e-04 -4.598197354092238434e-04 -5.060597692855971393e-04 -5.493217821286768953e-04 -6.050735663487480896e-04 -6.980494084489202592e-04 -8.545583278571323386e-04 -1.089982006612695174e-03 -1.395977396345549765e-03 -1.734836103267184317e-03 -2.049417586025320277e-03 -2.293802819865216249e-03 -2.482400453901799451e-03 -2.743339268158698826e-03 -3.349330474326397359e-03 -4.691360222102854659e-03 -7.162880699404844745e-03 -1.094570793924424211e-02 -1.573691561047509818e-02 -2.053568600976833983e-02 -2.373291941964754403e-02 -2.390298301160248898e-02 -2.196610797761546288e-02 -2.566337179708925303e-02 -5.856988928237437386e-02 -1.736803634300690402e-01 -4.951877575799066844e-01 -1.200909047269072216e+00 -3.046233215634954750e+00 -5.273450032884343663e+00 -1.946650563693760461e+01 3.889027727463949091e+00 -2.573577534557143167e+02 9.022466447298999128e+02 -6.765626130485205067e+03 2.959058631320104905e+04 -6.829559297038488694e+03 9.165017244815315962e+02 -2.649995636529630474e+02 3.511162254485756140e+00 -2.061806345319756417e+01 -5.719184027112689250e+00 -3.324157475493870972e+00 -1.330727807746584057e+00 -5.550700840790506740e-01 -1.973260718994817586e-01 -6.736456266937133897e-02 -2.987727183927063948e-02 -2.588515157538838138e-02 -2.853649678086814245e-02 -2.870900442951320949e-02 -2.517079901457292337e-02 -1.954422413558420252e-02 -1.377322706529545901e-02 -9.131451632556570122e-03 -6.060197990781367346e-03 -4.382364918016698821e-03 -3.668124416217384380e-03 -3.257653195106798450e-03 -3.868554846171657225e-03
-3.918368822724129018e-07 -1.451286963881808536e-06 -2.345474182991101368e-06 -3.251445175148810119e-06 -4.161150804458414145e-06 -5.119550778099408670e-06 -6.157117113265919664e-06 -7.283253541688755663e-06 -8.478580669687272887e-06 -9.704235983002650328e-06 -1.092357944236561719e-05 -1.212763285061157313e-05 -1.335134812403726018e-05 -1.467012458503367896e-05 -1.617401313279873709e-05 -1.792822350530254806e-05 -1.993782204067511940e-05 -2.213658678159195677e-05 -2.441229743401556067e-05 -2.666453816782148167e-05 -2.887288904039336739e-05 -3.114202770033785376e-05 -3.369330796068485733e-05 -3.679253993283386508e-05 -4.063462555541548933e-05 -4.523467011326345714e-05 -5.038652645334965903e-05 -5.573169684833515142e-05 -6.093606508571145891e-05 -6.591418204900622007e-05 -7.099192760601722438e-05 -7.691906803162083697e-05 -8.459706335310698420e-05 -9.488617182501089733e-05 -1.077061299511822089e-04 -1.218177210059522784e-04 -1.371682000416644248e-04 -1.516902091350840669e-04 -1.650656977712529068e-04 -1.783894426293791290e-04 -1.946296175557217663e-04 -2.178563273762896743e-04 -2.516745615325363065e-04 -2.972913400070156895e-04 -3.521576581688001914e-04 -4.102223546721927281e-04 -4.644089704472093840e-04 -5.110226828980301986e-04 -5.546106105759344073e-04 -6.108002086984161806e-04 -7.045634033605532474e-04 -8.624421779211525769e-04 -1.099928177229113346e-03 -1.408558336552802413e-03 -1.750245272123343489e-03 -2.067324644804683764e-03 -2.313492819892566926e-03 -2.503325411121208079e-03 -2.766073813022975735e-03 -3.376700126087534351e-03 -4.729254293486654694e-03 -7.220059006372685391e-03 -1.103192195170859223e-02 -1.585905072726951845e-02 -2.069258144578361991e-02 -2.391128862936655122e-02 -2.407957625324917000e-02 -2.212559829629577937e-02 -2.584736077553845268e-02 -5.898617143936314006e-02 -1.749015823968071426e-01 -4.986152932596845666e-01 -1.209133562958458308e+00 -3.066651363270817221e+00 -5.308958609224052161e+00 -1.959178849620694152e+01 3.903930148345941209e+00 -2.589561570722331680e+02 9.077608991048522284e+02 -6.807202344964573058e+03 2.977177762565770536e+04 -6.871233273899772939e+03 9.221271141498646102e+02 -2.666011233758158596e+02 3.541685390872665540e+00 -2.073856390172410613e+01 -5.751131767598438138e+00 -3.342867486064180493e+00 -1.338070427108542626e+00 -5.581073809490461057e-01 -1.983900082362037853e-01 -6.772310626223131125e-02 -3.003394715747101373e-02 -2.601960332881089397e-02 -2.868340817309709620e-02 -2.885537460492718434e-02 -2.529787025982585535e-02 -1.964210029357765092e-02 -1.384189673210847911e-02 -9.178745507237658433e-03 -6.089409963454744425e-03 -4.438811618727144144e-03 -3.568635327707263792e-03 -4.183031837295664475e-03
-3.696197964965597228e-07 -1.371317985694179522e-06 -2.221763789212590755e-06 -3.084654694168923845e-06 -3.944899278264901344e-06 -4.838380811538708801e-06 -5.794296476231646649e-06 -6.831529906994378992e-06 -7.947759701527340464e-06 -9.119165730238940225e-06 -1.031085086074510426e-05 -1.149599493346191064e-05 -1.267621343918104822e-05 -1.389291168855996633e-05 -1.522125519588631628e-05 -1.674506283155020755e-05 -1.852055696043716039e-05 -2.054513398662551293e-05 -2.274927796170174649e-05 -2.502275605418392176e-05 -2.727111281201693047e-05 -2.948120409611794038e-05 -3.176353132275200428e-05 -3.434197222249999110e-05 -3.748108967988915473e-05 -4.137153223868408208e-05 -4.602271336524763171e-05 -5.122307006699714719e-05 -5.661126228750785859e-05 -6.185176535403302659e-05 -6.687177996774417658e-05 -7.197482287617546913e-05 -7.803510160011584704e-05 -8.579218437991005660e-05 -9.544408831879955593e-05 -1.083673631845979160e-04 -1.231467143012413955e-04 -1.386016568172319745e-04 -1.533244352743022088e-04 -1.668342351553376754e-04 -1.802866718916814942e-04 -1.966800927149552818e-04 -2.201341803295792077e-04 -2.542906707577685622e-04 -3.003626820570803380e-04 -3.557646388863479640e-04 -4.143739291005342994e-04 -4.690381185516190603e-04 -5.160285021058404935e-04 -5.599457311525241109e-04 -6.165775864346704528e-04 -7.111350944081850462e-04 -8.703951469227527628e-04 -1.109960968442425975e-03 -1.421249676543890434e-03 -1.765792868144408110e-03 -2.085398425429562698e-03 -2.333374250294454905e-03 -2.524463260982772513e-03 -2.789049156997148397e-03 -3.404367938764979538e-03 -4.767569012890060694e-03 -7.277884835229622533e-03 -1.111913808651591833e-02 -1.598265020489152838e-02 -2.085142281503241449e-02 -2.409195042609069831e-02 -2.425852561214348821e-02 -2.228729865212373748e-02 -2.603396646199336931e-02 -5.940845003509100802e-02 -1.761407299128976145e-01 -5.020945842235150502e-01 -1.217485007916870421e+00 -3.087396063187086259e+00 -5.345036025908801669e+00 -1.971921201868846296e+01 3.919306417363858763e+00 -2.605834810043962193e+02 9.133775262359638418e+02 -6.849549778750680161e+03 2.995636375948971545e+04 -6.913695692396656341e+03 9.278587303189286786e+02 -2.682336621248249457e+02 3.572582937539539039e+00 -2.086151485386050908e+01 -5.783768109494177523e+00 -3.361978886483951712e+00 -1.345574959299997708e+00 -5.612125911680810875e-01 -1.994782555889985654e-01 -6.809001646260229301e-02 -3.019437437682110509e-02 -2.615733659733489661e-02 -2.883398116233710021e-02 -2.900551115586372589e-02 -2.542846890866441376e-02 -1.974292517188534074e-02 -1.391463629312279272e-02 -9.224495533446973317e-03 -6.157880271679156726e-03 -4.334146888620787723e-03 -4.570157763819159870e-03
-3.431720011334045403e-07 -1.279572864255293006e-06 -2.090664585064938116e-06 -2.926567164529814836e-06 -3.761294948997627976e-06 -4.612467006085097430e-06 -5.497463838998007882e-06 -6.437544988218821559e-06 -7.448349554771091665e-06 -8.531839378626001081e-06 -9.672800072532930474e-06 -1.084457494399668478e-05 -1.202411843984865615e-05 -1.321089244331614554e-05 -1.443982650972888766e-05 -1.577885383070027543e-05 -1.730735704115124113e-05 -1.908170213353324937e-05 -2.110333416055815264e-05 -2.330817272910072106e-05 -2.558994521265723710e-05 -2.785499464937032840e-05 -3.008806493261631835e-05 -3.239647330876114795e-05 -3.500205566001022574e-05 -3.816975644719900797e-05 -4.209249359225748977e-05 -4.678258829292293499e-05 -5.202755039420956694e-05 -5.747219814285984803e-05 -6.274748299600233859e-05 -6.789092983278390502e-05 -7.303974242273666756e-05 -7.841858583783065995e-05 -8.621657107130338039e-05 -9.647957416797128794e-05 -1.094908987760847088e-04 -1.244903048202694173e-04 -1.401219015248606457e-04 -1.550042272337019428e-04 -1.686451853860044083e-04 -1.822197122603757722e-04 -1.987633906754170327e-04 -2.224430265734634389e-04 -2.569372758901099620e-04 -3.034652411644961378e-04 -3.594047237207663838e-04 -4.185614259034774903e-04 -4.737065557818549537e-04 -5.210771886527874007e-04 -5.653275622986922173e-04 -6.224065631228455986e-04 -7.177659214936729084e-04 -8.784195037936131300e-04 -1.120083772217383370e-03 -1.434056142471415701e-03 -1.781484957849673771e-03 -2.103646085904902364e-03 -2.353454949033296009e-03 -2.545822220620633410e-03 -2.812274129537280665e-03 -3.432344568130345653e-03 -4.806319310794703210e-03 -7.336380867438823013e-03 -1.120739039744204565e-02 -1.610776165588695408e-02 -2.101227012674470110e-02 -2.427497144935342882e-02 -2.443989524976460798e-02 -2.245126520546726276e-02 -2.622325244653575527e-02 -5.983686890796862529e-02 -1.773982237591450739e-01 -5.056267786613483084e-01 -1.225966087145690109e+00 -3.108473831201636450e+00 -5.381693574354853737e+00 -1.984881382197690769e+01 3.935157497926465631e+00 -2.622401779701093005e+02 9.190980445574257374e+02 -6.892679878960214410e+03 3.014439402267152764e+04 -6.956957763924651772e+03 9.336980892309942419e+02 -2.698975995564159120e+02 3.603866390339109937e+00 -2.098694595891223713e+01 -5.817100291153040281e+00 -3.381495949423224179e+00 -1.353243011756707581e+00 -5.643863648654462439e-01 -2.005910342348572462e-01 -6.846536936691387243e-02 -3.035859864542652525e-02 -2.629841712318947353e-02 -2.898832478639173232e-02 -2.915966789192856942e-02 -2.556278928362041777e-02 -1.984878739729319108e-02 -1.398621268969087172e-02 -9.313471037547224260e-03 -6.050873416177246326e-03 -5.431299771649114073e-03
-3.163191883461829831e-07 -1.186649328280552770e-06 -1.959273914798202402e-06 -2.772607847492049190e-06 -3.591705439636913922e-06 -4.415651260986074824e-06 -5.246039640061723345e-06 -6.099387871058585184e-06 -7.002243750162144285e-06 -7.980150785388459409e-06 -9.043887587710780818e-06 -1.018149099542990935e-05 -1.136251054135351435e-05 -1.255521687383881269e-05 -1.375000559928261439e-05 -1.497685878942993701e-05 -1.630515273831481806e-05 -1.782112226774978247e-05 -1.958977290385932393e-05 -2.161860106081144235e-05 -2.384404463772298914e-05 -2.615473295237723180e-05 -2.844906597102968637e-05 -3.070520902111948243e-05 -3.302883239612307455e-05 -3.564603082569091466e-05 -3.883047596151936910e-05 -4.278170574424522573e-05 -4.752380785996299979e-05 -5.281183039279328437e-05 -5.839299467456168254e-05 -6.372313261658221187e-05 -6.818753508014019241e-05 -7.334413127517735488e-05 -7.927143156233783445e-05 -8.709557876869448837e-05 -9.752851135118037137e-05 -1.106988549412552176e-04 -1.258774168619935878e-04 -1.416823163026176594e-04 -1.567175026988627720e-04 -1.704865086807921164e-04 -1.841810222668031785e-04 -2.008738671659247464e-04 -2.247787991619429966e-04 -2.596114832135500432e-04 -3.065971102687512482e-04 -3.630768471444771714e-04 -4.227844846547957843e-04 -4.784144794438340573e-04 -5.261693582955926816e-04 -5.707570510938389822e-04 -6.282884326071634835e-04 -7.244576726124637382e-04 -8.865177924216294768e-04 -1.130300188379240473e-03 -1.446982608296119941e-03 -1.797327706287973892e-03 -2.122074848155619791e-03 -2.373742798903898631e-03 -2.567410543680136940e-03 -2.835757588278772431e-03 -3.460640675849316686e-03 -4.845520076290762632e-03 -7.395569670159292917e-03 -1.129671274081558638e-02 -1.623443243274957232e-02 -2.117518312397927843e-02 -2.446041814429723502e-02 -2.462374926781555132e-02 -2.261755419738945699e-02 -2.641528249332885867e-02 -6.027157223950056070e-02 -1.786744829520533207e-01 -5.092130299263221138e-01 -1.234579521699739280e+00 -3.129891237178124452e+00 -5.418942644179876922e+00 -1.998063202363049484e+01 3.951484647610669310e+00 -2.639267090103359692e+02 9.249240043206348219e+02 -6.936604334282016680e+03 3.033591882127815188e+04 -7.001030962591798016e+03 9.396467425913142506e+02 -2.715933662855782131e+02 3.635547219906310357e+00 -2.111488782818100063e+01 -5.851135848826743313e+00 -3.401423120342574435e+00 -1.361076264937483460e+00 -5.676293850881596326e-01 -2.017285818415409382e-01 -6.884926029981842943e-02 -3.052670481918590487e-02 -2.644298234924961910e-02 -2.914676900066919332e-02 -2.931815501785052860e-02 -2.570344338036036069e-02 -1.995398251323266328e-02 -1.410956426742517554e-02 -9.197816251030841231e-03 -7.360414212901849815e-03
-2.930677784561970193e-07 -1.104222078912548396e-06 -1.837269220035262951e-06 -2.622047088476867878e-06 -3.420655641855628687e-06 -4.221101980142836120e-06 -5.012531772498762144e-06 -5.802628479430264581e-06 -6.618101157727121951e-06 -7.495902593687602788e-06 -8.466662996690015692e-06 -9.538609354531723535e-06 -1.069102798651152011e-05 -1.188289143565950042e-05 -1.307513175981112985e-05 -1.425738938049642746e-05 -1.546561758975665703e-05 -1.677890121636035550e-05 -1.829230333055140848e-05 -2.007470337148376920e-05 -2.213083129151135553e-05 -2.438912278973141587e-05 -2.672876171291692230e-05 -2.904172861055700160e-05 -3.130579075822672691e-05 -3.363314237438777982e-05 -3.625836886977348893e-05 -3.947253256102286663e-05 -4.345074158458196311e-05 -4.832354959130182146e-05 -5.367426853566676092e-05 -5.860148695464547416e-05 -6.394847529157376281e-05 -6.894507419977511991e-05 -7.409527218536135485e-05 -8.013659682923583315e-05 -8.805687741340293166e-05 -9.861933450618517408e-05 -1.119451813573448451e-04 -1.272960544954420900e-04 -1.432709766184081079e-04 -1.584567941672135880e-04 -1.723525917326949809e-04 -1.861664729132756575e-04 -2.030084308082362985e-04 -2.271392440860688566e-04 -2.623117646958397883e-04 -3.097574284327964242e-04 -3.667807611196546424e-04 -4.270433928041337808e-04 -4.831626074023198810e-04 -5.313060507554274742e-04 -5.762354938528412452e-04 -6.342247774395904248e-04 -7.312123717194656111e-04 -8.946927433209519824e-04 -1.140613956054251565e-03 -1.460034043724905669e-03 -1.813327338415676986e-03 -2.140691969796818493e-03 -2.394245706863783359e-03 -2.589236505153670598e-03 -2.859508408861084067e-03 -3.489266925947214285e-03 -4.885186164064346005e-03 -7.455473719036502002e-03 -1.138713881884212582e-02 -1.636270969326954552e-02 -2.134022136665364444e-02 -2.464835685137204552e-02 -2.481015179024465694e-02 -2.278622201704206054e-02 -2.661012061563600498e-02 -6.071270472764909304e-02 -1.799699282332816452e-01 -5.128544978018841904e-01 -1.243328051505917520e+00 -3.151654911228182421e+00 -5.456794733716465728e+00 -2.011470527007884002e+01 3.968289409313598082e+00 -2.656435437555429075e+02 9.308569883528427908e+02 -6.981335080624817238e+03 3.053098968183414763e+04 -7.045927029854786269e+03 9.457062781983020159e+02 -2.733214040220249785e+02 3.667636886131539597e+00 -2.124537203849953926e+01 -5.885882615492924685e+00 -3.421765017248067586e+00 -1.369076473731458909e+00 -5.709423741133666796e-01 -2.028911707102186157e-01 -6.924184891997421654e-02 -3.069889919639921805e-02 -2.659152100617385300e-02 -2.930985903282991648e-02 -2.948471095533768127e-02 -2.584360388608648515e-02 -2.012950435933650445e-02 -1.396275559875675802e-02 -1.097937456442984322e-02
-2.758031005087245373e-07 -1.039665761950282843e-06 -1.732036500550883282e-06 -2.477283450215602370e-06 -3.241444846702372686e-06 -4.012325053144479929e-06 -4.774723770558454579e-06 -5.527699378740982410e-06 -6.288782835192729988e-06 -7.090942171307489828e-06 -7.970686174344630400e-06 -8.952091539849371741e-06 -1.003408814688586367e-05 -1.118833588858539024e-05 -1.237120492533565311e-05 -1.354691583425881970e-05 -1.471248235132521003e-05 -1.591184597176152228e-05 -1.722919839206965938e-05 -1.875980576279129213e-05 -2.056803595765742138e-05 -2.265153894388143287e-05 -2.493221276283747698e-05 -2.728587165977548718e-05 -2.960614297874125718e-05 -3.187460213712948440e-05 -3.421850621590447072e-05 -3.685038822523422871e-05 -4.017179120286128315e-05 -4.419637335559070137e-05 -4.842163965259873383e-05 -5.379699189936418990e-05 -5.926258007307306076e-05 -6.461264535486654892e-05 -6.971370018447465135e-05 -7.492651131292307992e-05 -8.104210829457864139e-05 -8.905502637180226424e-05 -9.974011592556030631e-05 -1.132180052876904100e-04 -1.287387559706498893e-04 -1.448822820587164571e-04 -1.602179881996644735e-04 -1.742403304064075412e-04 -1.881737188005524748e-04 -2.051653380753368954e-04 -2.295231452358054017e-04 -2.650374081315125577e-04 -3.129459836458691499e-04 -3.705167382405397049e-04 -4.313388587534795911e-04 -4.879520012631690328e-04 -5.364885899803116791e-04 -5.817644246327152973e-04 -6.402173795890191794e-04 -7.380322075004295016e-04 -9.029472175811913181e-04 -1.151028910611464826e-03 -1.473215482186120183e-03 -1.829490116054974030e-03 -2.159504727893715378e-03 -2.414971592569575571e-03 -2.611308393419989413e-03 -2.883535480659612810e-03 -3.518233986387888854e-03 -4.925332405900591931e-03 -7.516115424668417914e-03 -1.147870222520372581e-02 -1.649264046610776288e-02 -2.150744431244900126e-02 -2.483885389207073080e-02 -2.499916704095293124e-02 -2.295732526629670409e-02 -2.680783115070275308e-02 -6.116041176010721114e-02 -1.812849825507757417e-01 -5.165523497319634005e-01 -1.252214438087777104e+00 -3.173771549704054618e+00 -5.495261460177451873e+00 -2.025107276488940045e+01 3.985573603204204840e+00 -2.673911606918862844e+02 9.368986128265594289e+02 -7.026884306855276009e+03 3.072965927422437744e+04 -7.091657979324771986e+03 9.518783205962756711e+02 -2.750821657159729057e+02 3.700146852297468314e+00 -2.137843113643139148e+01 -5.921348719994685261e+00 -3.442526432733422848e+00 -1.377245477368490567e+00 -5.743261217935490270e-01 -2.040791816547671278e-01 -6.964349625956159362e-02 -3.087594864625456403e-02 -2.674494450567237516e-02 -2.948331690537405597e-02 -2.964995366038750135e-02 -2.608820843602371528e-02 -1.990866879308983428e-02 -1.662417095153118085e-02
-2.644484804500536527e-07 -9.933262742209329784e-07 -1.645530862113941914e-06 -2.341954108860501780e-06 -3.057248426723854707e-06 -3.788159921705595160e-06 -4.523811540649191179e-06 -5.258353497767690205e-06 -5.995963574393664557e-06 -6.754064029253124905e-06 -7.560495853735854753e-06 -8.444525010117004139e-06 -9.424458847669044690e-06 -1.049747824404510888e-05 -1.163792232417674028e-05 -1.280758571090320905e-05 -1.397611761932857464e-05 -1.514355959563361560e-05 -1.635347187890688096e-05 -1.768691071575763881e-05 -1.923501719763445826e-05 -2.105897059777846336e-05 -2.315523306409808505e-05 -2.544708633487039034e-05 -2.781117292979129072e-05 -3.015124585587896635e-05 -3.242274277101596727e-05 -3.485950862094101132e-05 -3.751729639419492025e-05 -4.018019438052182208e-05 -4.421317963428509273e-05 -4.896421787440436400e-05 -5.435082136303632106e-05 -5.993366881616736237e-05 -6.535473422207605280e-05 -7.052110065844276047e-05 -7.579311154433808115e-05 -8.197618627876377892e-05 -9.007824312065911682e-05 -1.008833823617494432e-04 -1.145116786580587209e-04 -1.302013582277750624e-04 -1.465130984148002601e-04 -1.619987224792544854e-04 -1.761479435227280795e-04 -1.902014350237123152e-04 -2.073436513921521286e-04 -2.319299323321331494e-04 -2.677882235336980399e-04 -3.161629879771112408e-04 -3.742853963549781066e-04 -4.356718732188904759e-04 -4.927839556596264135e-04 -5.417184950672103774e-04 -5.873455432492258451e-04 -6.462681622988384039e-04 -7.449194867660882940e-04 -9.112841701190930186e-04 -1.161548955400234064e-03 -1.486531999724574962e-03 -1.845822322539270467e-03 -2.178520407948049669e-03 -2.435928380596912891e-03 -2.633634505335296760e-03 -2.907847705558796146e-03 -3.547552533731020141e-03 -4.965973624573121782e-03 -7.577517159451221083e-03 -1.157143648758676181e-02 -1.662427170909207622e-02 -2.167691138694241917e-02 -2.503197564290661828e-02 -2.519085941252051375e-02 -2.313092082159392063e-02 -2.700847883833595517e-02 -6.161483959191923349e-02 -1.826200715298345878e-01 -5.203077620033054185e-01 -1.261241467170074460e+00 -3.196247920965208156e+00 -5.534354569457900830e+00 -2.038977429648086570e+01 4.003339319446586053e+00 -2.691700474278785578e+02 9.430505280410779960e+02 -7.073264460635470641e+03 3.093198143519457881e+04 -7.138236101743108520e+03 9.581645317513275586e+02 -2.768761157123250314e+02 3.733088599827719900e+00 -2.151409864330220856e+01 -5.957542590057198773e+00 -3.463712349515643218e+00 -1.385585242215424451e+00 -5.777815946757085541e-01 -2.052933010889215482e-01 -7.005539686199629967e-02 -3.105922443908218020e-02 -2.691186917796307282e-02 -2.965298183132411558e-02 -2.997215682700878417e-02 -2.573355196934820621e-02 -2.393533027067969859e-02
-2.568099850055588455e-07 -9.592253456928979341e-07 -1.573974009707007961e-06 -2.218856554642824948e-06 -2.877894594793096098e-06 -3.560516545510692922e-06 -4.265577274414769815e-06 -4.987404243959497036e-06 -5.718796264544280704e-06 -6.458300344280959179e-06 -7.216321062731868028e-06 -8.015971151590416750e-06 -8.886303384375861914e-06 -9.849744426431366684e-06 -1.090958732756570366e-05 -1.204509955606157651e-05 -1.321945002237129307e-05 -1.439967687484371018e-05 -1.558082816989989625e-05 -1.680178971554969206e-05 -1.814166501470196481e-05 -1.969313212782608131e-05 -2.152188479567818767e-05 -2.362731978426513456e-05 -2.594248787856048814e-05 -2.831553635328827267e-05 -3.075034237975023810e-05 -3.304387460216495764e-05 -3.482038256253942914e-05 -3.746627610717085559e-05 -4.062494380810376929e-05 -4.465349589504088578e-05 -4.951595422256438407e-05 -5.498060884737530641e-05 -6.064209307095866136e-05 -6.613074322097680594e-05 -7.135571182029369121e-05 -7.668346695953031245e-05 -8.293142159493056603e-05 -9.112086829525341465e-05 -1.020449046485462737e-04 -1.158229792468245417e-04 -1.316814194731364036e-04 -1.481615900323819007e-04 -1.637976346780436587e-04 -1.780744392617263203e-04 -1.922489307376871505e-04 -2.095429491820485052e-04 -2.343594582015988794e-04 -2.705643687305521071e-04 -3.194089391370212171e-04 -3.780875875991895072e-04 -4.400436196607101016e-04 -4.976599255629654767e-04 -5.469974210183151759e-04 -5.929806668342715078e-04 -6.523791503958859808e-04 -7.518766019153575722e-04 -9.197066230451925390e-04 -1.172178040046537549e-03 -1.499988697496302528e-03 -1.862330248897177106e-03 -2.197746293477392983e-03 -2.457123993312976436e-03 -2.656223142496493429e-03 -2.932453997957251788e-03 -3.577233257615086356e-03 -5.007124644113362423e-03 -7.639701275563309628e-03 -1.166537509567157696e-02 -1.675765034902000974e-02 -2.184868203520664437e-02 -2.522778859574663357e-02 -2.538529352968991321e-02 -2.330706589808858795e-02 -2.721212890159673339e-02 -6.207613550968268945e-02 -1.839756238949245559e-01 -5.241219208201071122e-01 -1.270411951106627191e+00 -3.219090870881152089e+00 -5.574085945618016957e+00 -2.053085026542387936e+01 4.021588911441337011e+00 -2.709807009620884060e+02 9.493144192165749473e+02 -7.120488254362139742e+03 3.113801119244530128e+04 -7.185673970124254993e+03 9.645666117516416307e+02 -2.787037299122118839e+02 3.766473642483898043e+00 -2.165240906696878653e+01 -5.994472974296343182e+00 -3.485327998045105513e+00 -1.394098002956650095e+00 -5.813101746903135414e-01 -2.065353290229486327e-01 -7.047938428167344060e-02 -3.126081812851138481e-02 -2.707074935087867493e-02 -3.004697742523894377e-02 -2.942297114860152954e-02 -3.151936846343962595e-02
-2.497889351764978600e-07 -9.284123402021218124e-07 -1.510102270992143169e-06 -2.108592642922377599e-06 -2.714307213301748512e-06 -3.346866203258229425e-06 -4.015138142904384254e-06 -4.717698474520377155e-06 -5.442353280422403167e-06 -6.173895695955681476e-06 -6.905239200064298563e-06 -7.646297860976597043e-06 -8.424897041910676642e-06 -9.277511622471379472e-06 -1.023298131838548501e-05 -1.129690784051299350e-05 -1.244576472286840195e-05 -1.363632308297140182e-05 -1.482880900406467632e-05 -1.601438172911061789e-05 -1.723272530336963096e-05 -1.856847671550504900e-05 -2.011986005245634809e-05 -2.196531179081979680e-05 -2.407841275355054826e-05 -2.649040405200050861e-05 -2.889105342397463376e-05 -3.068012127177666923e-05 -3.295795504328373813e-05 -3.520921932388731344e-05 -3.783102576659638029e-05 -4.107807168530619847e-05 -4.516797508293508650e-05 -5.010380973961373074e-05 -5.564307208468893514e-05 -6.137649988182399365e-05 -6.692927265668426756e-05 -7.221025227716918132e-05 -7.759198851036669766e-05 -8.390359081532599694e-05 -9.217962640047436393e-05 -1.032221458125619169e-04 -1.171499614023896642e-04 -1.331774797723052741e-04 -1.498266944260209842e-04 -1.656139818629321064e-04 -1.800193293942501695e-04 -1.943159292846412343e-04 -2.117631531386396935e-04 -2.368118609474343501e-04 -2.733662381082573793e-04 -3.226845299586066779e-04 -3.819243243963382534e-04 -4.444554136172491877e-04 -5.025814764076246043e-04 -5.523271174757952854e-04 -5.986716952116229173e-04 -6.585524405535899935e-04 -7.589060046774969434e-04 -9.282176420189794906e-04 -1.182920139237427209e-03 -1.513590683428061093e-03 -1.879020179152815105e-03 -2.217189655498891330e-03 -2.478566344321180698e-03 -2.679082607384463202e-03 -2.957363281629351963e-03 -3.607286856624531204e-03 -5.048800284652194166e-03 -7.702690101659837550e-03 -1.176055150556633462e-02 -1.689282330103448332e-02 -2.202281576094429136e-02 -2.542635941473733036e-02 -2.558253431321813945e-02 -2.348581810518562615e-02 -2.741884709224805261e-02 -6.254444791724099451e-02 -1.853520717614599855e-01 -5.279960232053005909e-01 -1.279728731111084983e+00 -3.242307328146224243e+00 -5.614467620191090802e+00 -2.067434171153593070e+01 4.040324989555040602e+00 -2.728236279520644985e+02 9.556920073022680526e+02 -7.168568671215639370e+03 3.134780478934112762e+04 -7.233984445066987064e+03 9.710862995328217266e+02 -2.805654959447373358e+02 3.800313531709490267e+00 -2.179339793719077534e+01 -6.032149008790658407e+00 -3.507379012112341155e+00 -1.402786494133462680e+00 -5.849145496032371883e-01 -2.078074568210552808e-01 -7.093079719835583552e-02 -3.144976149905122365e-02 -2.752347925301707257e-02 -2.927336204475919357e-02 -3.702174891204104007e-02
-2.408201486516422616e-07 -8.931456164965467603e-07 -1.446632816843736376e-06 -2.009386367057652423e-06 -2.573310916411413001e-06 -3.161450260539862504e-06 -3.788469005447606017e-06 -4.458665593236890759e-06 -5.162311176184082698e-06 -5.880613671405510469e-06 -6.596386179842370042e-06 -7.305967032546237850e-06 -8.026223175792413951e-06 -8.792025096999790508e-06 -9.643676255510656299e-06 -1.060896760629435835e-05 -1.168823698748226475e-05 -1.285103370175187349e-05 -1.404877396462669518e-05 -1.524020164322166633e-05 -1.641991221306162192e-05 -1.763232393990289335e-05 -1.897568170457627969e-05 -2.052555510427446093e-05 -2.245988621631397634e-05 -2.459898953143960386e-05 -2.638013030339484227e-05 -2.877060761649171869e-05 -3.102933536448447777e-05 -3.327986566691188287e-05 -3.560553859813583307e-05 -3.826809209983166759e-05 -4.156616937349670858e-05 -4.571404694522067673e-05 -5.071661728777722943e-05 -5.632699302019213258e-05 -6.212973034719938565e-05 -6.774483136741042786e-05 -7.308056484457119281e-05 -7.851542536441147562e-05 -8.489013079114541963e-05 -9.325249556145944320e-05 -1.044135338206914586e-04 -1.184914391371086356e-04 -1.346886865641944077e-04 -1.515078411580537987e-04 -1.674474242868524351e-04 -1.819824594284200243e-04 -1.964024324571857921e-04 -2.140044182126747295e-04 -2.392874738105939237e-04 -2.761943882434430425e-04 -3.259905868974052553e-04 -3.857967286505482548e-04 -4.489086607358123960e-04 -5.075502491060899807e-04 -5.577093987528665376e-04 -6.044205840004516659e-04 -6.647901759050708469e-04 -7.660101814873408006e-04 -9.368203127256418154e-04 -1.193779231604632889e-03 -1.527343055169867823e-03 -1.895898378371084275e-03 -2.236857745079386291e-03 -2.500263332854382042e-03 -2.702221195413177703e-03 -2.982584475404996549e-03 -3.637724016159210854e-03 -5.091015335812734341e-03 -7.766505920482157446e-03 -1.185699913357770793e-02 -1.702983748853681770e-02 -2.219937217355652873e-02 -2.562775499672928156e-02 -2.578264702479841561e-02 -2.366723544324007486e-02 -2.762869962957477041e-02 -6.301992627739869124e-02 -1.867498507785054218e-01 -5.319312777905399470e-01 -1.289194679450240466e+00 -3.265904309608135492e+00 -5.655511781480091038e+00 -2.082029034076635909e+01 4.059550415793203193e+00 -2.746993449840540507e+02 9.621850498012800017e+02 -7.217518971320566379e+03 3.156141971024834857e+04 -7.283180680237340312e+03 9.777253736228497019e+02 -2.824619133585722466e+02 3.834619838587110419e+00 -2.193710187738279771e+01 -6.070580355024818076e+00 -3.529871583387172773e+00 -1.411654761877881414e+00 -5.885972080817057916e-01 -2.091269356974775062e-01 -7.136916608414937968e-02 -3.198372897040139412e-02 -2.657232901200992300e-02 -3.817288737490510259e-02
-2.288849749664699259e-07 -8.499862447098726741e-07 -1.379271850754624858e-06 -1.917970205771972610e-06 -2.454949057326880142e-06 -3.009161033186191734e-06 -3.594818734852010389e-06 -4.220614087150054264e-06 -4.884493382017510201e-06 -5.574229915685306534e-06 -6.273101934091961253e-06 -6.969277611965867981e-06 -7.664966120462378570e-06 -8.380644951688182050e-06 -9.151030850982947880e-06 -1.001284238536775798e-05 -1.098870211967203773e-05 -1.207461143984647398e-05 -1.323835828400742683e-05 -1.443318211781064311e-05 -1.562025319542964890e-05 -1.680557558684411305e-05 -1.801069941315449000e-05 -1.943255682363446225e-05 -2.099905950262156304e-05 -2.230769022913811880e-05 -2.443501740215586344e-05 -2.668078986451681553e-05 -2.905001927882425237e-05 -3.138510547169020442e-05 -3.367214864605320843e-05 -3.603559632055751156e-05 -3.873565514828893259e-05 -4.207826991077055886e-05 -4.628066732014777992e-05 -5.134731702514944022e-05 -5.702695522977945051e-05 -6.289768903734514304e-05 -6.857422020339602894e-05 -7.396411897175060840e-05 -7.945175527780244001e-05 -8.588942512090115935e-05 -9.433820055087655508e-05 -1.056180945131098670e-04 -1.198467108921968656e-04 -1.362145834465395969e-04 -1.532047864876903145e-04 -1.692978938350171800e-04 -1.839639024471727768e-04 -1.985086337588139464e-04 -2.162670610849887871e-04 -2.417867659646253504e-04 -2.790494890509335026e-04 -3.293280300477860250e-04 -3.897059992070875238e-04 -4.534048300161378224e-04 -5.125679371433114256e-04 -5.631461228582711285e-04 -6.102293241723261369e-04 -6.710945257822208306e-04 -7.731916343377463969e-04 -9.455177247533567151e-04 -1.204759288643410947e-03 -1.541250894949883600e-03 -1.912971092180223162e-03 -2.256757793824561500e-03 -2.522222840066392496e-03 -2.725647182603644757e-03 -3.008126471303852138e-03 -3.668555381771117316e-03 -5.133784535742401574e-03 -7.831170966902443673e-03 -1.195475138347124912e-02 -1.716873989942532819e-02 -2.237841105713997067e-02 -2.583204252087707709e-02 -2.598569725880231149e-02 -2.385137621367219851e-02 -2.784175305191778291e-02 -6.350272101664061752e-02 -1.881694003334860865e-01 -5.359289057821851054e-01 -1.298812701869742403e+00 -3.289888925731857761e+00 -5.697230783643140839e+00 -2.096873855127637043e+01 4.079268300277034243e+00 -2.766083788430286177e+02 9.687953416126954380e+02 -7.267352698028364102e+03 3.177891470651838608e+04 -7.333276128031470762e+03 9.844856528980022858e+02 -2.843934938410124005e+02 3.869404118661762926e+00 -2.208355870364524520e+01 -6.109777228578612274e+00 -3.552813058140078528e+00 -1.420705895033331334e+00 -5.923753790746422165e-01 -2.104469535772044431e-01 -7.216815063971294963e-02 -3.102892571858180057e-02 -3.573160132056002469e-02
-2.147194027813176771e-07 -8.006177072062747296e-07 -1.308022358460391007e-06 -1.830992709381156190e-06 -2.353109909525092472e-06 -2.884337896104731279e-06 -3.433173844850326209e-06 -4.009571845598845464e-06 -4.620244894474621197e-06 -5.265309333589466414e-06 -5.937235049116884689e-06 -6.623998125450796331e-06 -7.316108779190968563e-06 -8.014773214004818281e-06 -8.736859593832101037e-06 -9.512811430504574946e-06 -1.037653054876341719e-05 -1.135040905241322672e-05 -1.243309573586584714e-05 -1.359448153439233059e-05 -1.479751455441949842e-05 -1.597884160032872198e-05 -1.723928647469292474e-05 -1.845505477847135582e-05 -1.925420214048668730e-05 -2.079962765917537854e-05 -2.255790013822491088e-05 -2.466296781430455699e-05 -2.698720324701773450e-05 -2.939790532637187991e-05 -3.177336457666230521e-05 -3.409377445961734747e-05 -3.648866540407486459e-05 -3.922287760534719724e-05 -4.260742765361708886e-05 -4.686248883705689254e-05 -5.199185523635459260e-05 -5.773979167688139002e-05 -6.367787644039583786e-05 -6.941544540825727260e-05 -7.485931360324567631e-05 -8.039969045876451780e-05 -8.690044752125151344e-05 -9.543594647131174898e-05 -1.068352483987061345e-04 -1.212154017750759341e-04 -1.377549861537663632e-04 -1.549175149123504093e-04 -1.711655152449886614e-04 -1.859638957593568072e-04 -2.006348675089247933e-04 -2.185515197139327394e-04 -2.443103111165320835e-04 -2.819323002859614987e-04 -3.326978563020312521e-04 -3.936534001829083973e-04 -4.579454457050437482e-04 -5.176362806841038099e-04 -5.686391871971565540e-04 -6.160999397996710794e-04 -6.774676869946864638e-04 -7.804528875502401725e-04 -9.543129853569784320e-04 -1.215864295518190091e-03 -1.555319295500284067e-03 -1.930244574293565841e-03 -2.276897039282223256e-03 -2.544452750536530493e-03 -2.749368845316571379e-03 -3.033998159381921279e-03 -3.699791599488614583e-03 -5.177122637258956689e-03 -7.896707525257501761e-03 -1.205384177084865144e-02 -1.730957772232572314e-02 -2.255999249567525178e-02 -2.603928954169563992e-02 -2.619175099811018800e-02 -2.403829906459780882e-02 -2.805807432657946021e-02 -6.399298383545823365e-02 -1.896111642788918805e-01 -5.399901424620673351e-01 -1.308585740403538145e+00 -3.314268386132524835e+00 -5.739637155460277640e+00 -2.111972945902951082e+01 4.099481998265981808e+00 -2.785512667864464333e+02 9.755247158866201289e+02 -7.318083684332368648e+03 3.200034982311773638e+04 -7.384284545426922705e+03 9.913689973486232248e+02 -2.863607614511926727e+02 3.904677862220944373e+00 -2.223280741803312921e+01 -6.149750933841026779e+00 -3.576209618840406446e+00 -1.429956809226500924e+00 -5.962022399126967187e-01 -2.121228826569180881e-01 -7.154654699036611110e-02 -3.964547608729701578e-02
-2.002367973970254121e-07 -7.503406550618942074e-07 -1.236456847444153366e-06 -1.746266939472403132e-06 -2.258730185336587798e-06 -2.774324547525483630e-06 -3.293713683002703402e-06 -3.824819353480288436e-06 -4.380210939994965541e-06 -4.971897212796589849e-06 -5.604913501420220736e-06 -6.273772338629331292e-06 -6.964647380971483810e-06 -7.663416497149351596e-06 -8.366210749485961828e-06 -9.086915984871091800e-06 -9.856403398976793339e-06 -1.071251016013121466e-05 -1.168117252377489584e-05 -1.277144573872023288e-05 -1.392902659003437182e-05 -1.520829388024838095e-05 -1.640151183118212716e-05 -1.704942328401010590e-05 -1.823817817305015330e-05 -1.946952005910098044e-05 -2.098408431507950626e-05 -2.281315774158347047e-05 -2.495761257474697189e-05 -2.732496811035849891e-05 -2.977403976951192261e-05 -3.218364721449728713e-05 -3.453414841763756003e-05 -3.695795538461305447e-05 -3.972451617728543853e-05 -4.314964968015832061e-05 -4.745637638812699955e-05 -5.264775001974621253e-05 -5.846352452399305246e-05 -6.446871201560341186e-05 -7.026724162277899160e-05 -7.576513580357863219e-05 -8.135842539614764502e-05 -8.792257211878041362e-05 -9.654527420228763016e-05 -1.080646999178132425e-04 -1.225973788536021953e-04 -1.393099183898325298e-04 -1.566461916130105104e-04 -1.730505723670283983e-04 -1.879828189773276358e-04 -2.027815972398955822e-04 -2.208583507953567032e-04 -2.468587928436681328e-04 -2.848436836275206508e-04 -3.361011572556206342e-04 -3.976402842273629398e-04 -4.625321161338404822e-04 -5.227571019350601067e-04 -5.741905718950286513e-04 -6.220345407740007077e-04 -6.839119467945890644e-04 -7.877965609002351164e-04 -9.632093018309913256e-04 -1.227098341660688707e-03 -1.569553458882035459e-03 -1.947725195695397581e-03 -2.297282849263065137e-03 -2.566961098540791394e-03 -2.773394635666238603e-03 -3.060208637591947580e-03 -3.731443561893679241e-03 -5.221044688516809744e-03 -7.963138242258922805e-03 -1.215430427022284529e-02 -1.745239873931212979e-02 -2.274417733561815910e-02 -2.624956455674658934e-02 -2.640087532618105859e-02 -2.422806388292432153e-02 -2.827773195393026157e-02 -6.449086907776756250e-02 -1.910755927053963965e-01 -5.441162397312750976e-01 -1.318516777420701169e+00 -3.339050006981667540e+00 -5.782743612312383874e+00 -2.127330692876229890e+01 4.120195099490977952e+00 -2.805285568317033267e+02 9.823750448835180578e+02 -7.369726059428393455e+03 3.222578642592033430e+04 -7.436220000032204553e+03 9.983773088172542884e+02 -2.883642530320548190e+02 3.940452139044111401e+00 -2.238488970130782363e+01 -6.190513542276915970e+00 -3.600086078946199475e+00 -1.439366141354212258e+00 -6.004710844575276152e-01 -2.123003816977193925e-01 -8.135195549481559485e-02
-1.875178574529228464e-07 -7.052056037125083767e-07 -1.169541819818903575e-06 -1.663350736458040317e-06 -2.163855907296486920e-06 -2.665598217281879155e-06 -3.162939411807214517e-06 -3.659761300493372022e-06 -4.169391569549000661e-06 -4.710101170305828683e-06 -5.296821890238638238e-06 -5.933368998079079211e-06 -6.609572878271916504e-06 -7.305798832627788208e-06 -8.003816885064856971e-06 -8.699180800026643729e-06 -9.409333620583156183e-06 -1.016925555065670475e-05 -1.102832232551958560e-05 -1.199034653958646586e-05 -1.315474979223972622e-05 -1.432583942389864911e-05 -1.500744565330279987e-05 -1.617484874673955815e-05 -1.724425371228545013e-05 -1.839693431033347448e-05 -1.968913798591777727e-05 -2.123347187728877092e-05 -2.309872404052939007e-05 -2.527953797822118855e-05 -2.768388324398757399e-05 -3.016808356637822641e-05 -3.260934581406774234e-05 -3.498817293212692908e-05 -3.743958209015482984e-05 -4.023751093405082685e-05 -4.370250062360780442e-05 -4.806037940867632837e-05 -5.331344093715791651e-05 -5.919691235113046284e-05 -6.526921604954513114e-05 -7.112884282300297215e-05 -7.668099439087768204e-05 -8.232751600400200489e-05 -8.895548688507701944e-05 -9.766600065324804116e-05 -1.093063996150158557e-04 -1.239927321392350222e-04 -1.408796096573161443e-04 -1.583911757071074147e-04 -1.749535354555861646e-04 -1.900212337239902101e-04 -2.049494660430595911e-04 -2.231882892625546423e-04 -2.494330727051068228e-04 -2.877846803426027515e-04 -3.395392089341993445e-04 -4.016681978138261820e-04 -4.671666578999904328e-04 -5.279324500483223393e-04 -5.798025049558108105e-04 -6.280355057869820533e-04 -6.904298810311589431e-04 -7.952255827981170476e-04 -9.722102147094924176e-04 -1.238465885205974285e-03 -1.583959007965215528e-03 -1.965419819105117434e-03 -2.317923169396796448e-03 -2.589756588423010753e-03 -2.797733764171233834e-03 -3.086767843166246701e-03 -3.763523085577596180e-03 -5.265566780994320600e-03 -8.030487008050089456e-03 -1.225617442638233211e-02 -1.759725277667643917e-02 -2.293102905737686575e-02 -2.646293931056852705e-02 -2.661314108877580603e-02 -2.442073469143459657e-02 -2.850079904987666210e-02 -6.499653722280727963e-02 -1.925631465833933520e-01 -5.483084733823735402e-01 -1.328608847739048526e+00 -3.364241231210671312e+00 -5.826563086169499250e+00 -2.142951562701246004e+01 4.141411395377199156e+00 -2.825408080654414675e+02 9.893482408381831874e+02 -7.422294255435225750e+03 3.245528722961425228e+04 -7.489096876593662273e+03 1.005512530958296907e+03 -2.904045203917990534e+02 3.976732117625432661e+00 -2.253985608818907593e+01 -6.232123744980492042e+00 -3.624400164757007659e+00 -1.449712275660818284e+00 -6.019958163361308623e-01 -2.328745582980438211e-01
-1.778623662312788909e-07 -6.692012909403651829e-07 -1.111155026187352003e-06 -1.583308084056233504e-06 -2.064705075103282319e-06 -2.549484538298143667e-06 -3.029738255465873990e-06 -3.505270273319661107e-06 -3.985363980845185765e-06 -4.486884481897138450e-06 -5.027946770835666404e-06 -5.619889137254199728e-06 -6.261335943011123372e-06 -6.937835329718115832e-06 -7.628256536724776629e-06 -8.316620556536881404e-06 -9.001530744989579119e-06 -9.711455715115948305e-06 -1.046046239312906697e-05 -1.138759454891527432e-05 -1.236004045486188634e-05 -1.293877268232808922e-05 -1.408557760012326143e-05 -1.518218408908506188e-05 -1.631539913492193367e-05 -1.744257979755327765e-05 -1.861878577526742450e-05 -1.993800723796876031e-05 -2.150922512204872229e-05 -2.340467932807064521e-05 -2.561867237757680074e-05 -2.805753759282157990e-05 -3.057510932729915783e-05 -3.304672519033852011e-05 -3.545291799684585589e-05 -3.793121856777265880e-05 -4.075999697100462685e-05 -4.426448595130228473e-05 -4.867331084247933305e-05 -5.398800258057017608e-05 -5.993925398180623176e-05 -6.607887779598257537e-05 -7.199989746799172750e-05 -7.760667050722897843e-05 -8.330685797601947271e-05 -8.999919530651590428e-05 -9.879824182413212840e-05 -1.105605883623285147e-04 -1.254018402909149214e-04 -1.424645821107973056e-04 -1.601531264996012768e-04 -1.768751837395774568e-04 -1.920800192383623315e-04 -2.071394435452277103e-04 -2.255424083454220273e-04 -2.520343691858498527e-04 -2.907567179544419162e-04 -3.430137152417280172e-04 -4.057391670800144417e-04 -4.718514234902334605e-04 -5.331649636326797614e-04 -5.854778501630958929e-04 -6.341058903958218937e-04 -6.970247889598938078e-04 -8.027436746995945558e-04 -9.813201687425168566e-04 -1.249972451442026358e-03 -1.598542841558466031e-03 -1.983336813557452782e-03 -2.338827668709109273e-03 -2.612849824017495284e-03 -2.822397478783677128e-03 -3.113687902762524422e-03 -3.796044445818729310e-03 -5.310707980879180411e-03 -8.098781553539850450e-03 -1.235949285243289827e-02 -1.774419618796686110e-02 -2.312061909237074844e-02 -2.667949458244659247e-02 -2.682862877303203442e-02 -2.461638561553091201e-02 -2.872736028774301731e-02 -6.551016503425119430e-02 -1.940743147973040816e-01 -5.525681715866953558e-01 -1.338865082517493477e+00 -3.389849689478183770e+00 -5.871108798816058183e+00 -2.158840111000438355e+01 4.163134830039670220e+00 -2.845885909620166672e+02 9.964462567908766459e+02 -7.475803014534221802e+03 3.268891632542792286e+04 -7.542929886146954232e+03 1.012776643916065268e+03 -2.924821469390125799e+02 4.013496610051946689e+00 -2.269789264272715101e+01 -6.274488192957375254e+00 -3.651335550560614429e+00 -1.452463351503701761e+00 -6.609498405185512127e-01
-1.713048704150290870e-07 -6.427111791780333069e-07 -1.062415217344830733e-06 -1.507877283983373135e-06 -1.962551754119401329e-06 -2.425046851419044866e-06 -2.889626242597528747e-06 -3.353686091091323933e-06 -3.819974885110071202e-06 -4.297835065860106261e-06 -4.801293091580040239e-06 -5.344322574665681242e-06 -5.934908158739141145e-06 -6.570549554742685265e-06 -7.238689335813177675e-06 -7.920289476364579653e-06 -8.608989140721883050e-06 -9.282119279829245873e-06 -1.005544494300796929e-05 -1.081038538935770807e-05 -1.116028135692440372e-05 -1.210530663766564444e-05 -1.308921381388680030e-05 -1.420406812267843217e-05 -1.535969203675960983e-05 -1.651721666728537177e-05 -1.766909161270991400e-05 -1.886608881438495272e-05 -2.020654988299885164e-05 -2.180159295133921651e-05 -2.372485432910224565e-05 -2.597030158007422083e-05 -2.844239380284396156e-05 -3.099237958333992966e-05 -3.349364737423983306e-05 -3.592670121638782634e-05 -3.843154210979575247e-05 -4.129094684404338225e-05 -4.483483149890719459e-05 -4.929462179035383728e-05 -5.467108975924415103e-05 -6.069038708214669379e-05 -6.689769504049013443e-05 -7.288054015558525199e-05 -7.854241628514915493e-05 -8.429681147696736201e-05 -9.105416972507766014e-05 -9.994259935632878161e-05 -1.118280210555767706e-04 -1.268256322799243331e-04 -1.440659467583652248e-04 -1.619333276840060514e-04 -1.788169514863560303e-04 -1.941607392584867534e-04 -2.093532214084025571e-04 -2.279225608558986202e-04 -2.546647673035716867e-04 -2.937622082717722622e-04 -3.465275034225770196e-04 -4.098564835945025511e-04 -4.765901567164742051e-04 -5.384587734147297348e-04 -5.912210506678808710e-04 -6.402504382305693230e-04 -7.037018382298583985e-04 -8.103567241708845318e-04 -9.905462066383899106e-04 -1.261626699028187181e-03 -1.613315553461194124e-03 -2.001488734813564214e-03 -2.360010562395794056e-03 -2.636256214172150950e-03 -2.847402156228377636e-03 -3.140986746644869754e-03 -3.829029070311620528e-03 -5.356496741598936427e-03 -8.168062057488208877e-03 -1.246431607046999748e-02 -1.789330437907999879e-02 -2.331304004879357350e-02 -2.689933328478408964e-02 -2.704744183128233309e-02 -2.481511717835679920e-02 -2.895753717643907363e-02 -6.603198889688231821e-02 -1.956096856310551024e-01 -5.568968214165150865e-01 -1.349288848620171732e+00 -3.415883356555258654e+00 -5.916394404659353512e+00 -2.175000993749780065e+01 4.185369437777878510e+00 -2.866724878741318889e+02 1.003671086640213844e+03 -7.530267398709825102e+03 3.292673920298763551e+04 -7.597734089207182478e+03 1.020171621151229260e+03 -2.945978003968957069e+02 4.050352481686210204e+00 -2.285873666584260278e+01 -6.323775173932818738e+00 -3.656635536526525065e+00 -1.618260955958495062e+00
-1.667441155542099195e-07 -6.227438436078215196e-07 -1.021445468246606922e-06 -1.438485441429329546e-06 -1.862338515718336454e-06 -2.298265442941112773e-06 -2.745566145493516050e-06 -3.201636114279217959e-06 -3.663276668110601963e-06 -4.130185038218496391e-06 -4.607711314986796044e-06 -5.107080532138141637e-06 -5.641952434257389994e-06 -6.222852284347395615e-06 -6.849707593808948387e-06 -7.519106183085800857e-06 -8.190522274433037852e-06 -8.941601057990274681e-06 -9.619544912425678361e-06 -9.825841496831770028e-06 -1.054883896560328599e-05 -1.129006090722871020e-05 -1.220080154631103096e-05 -1.324184900843654459e-05 -1.438211993594005232e-05 -1.556442454473862342e-05 -1.674363844603573971e-05 -1.791460893005060383e-05 -1.912947140856809485e-05 -2.048889322723273642e-05 -2.210612306331133999e-05 -2.405595296167974446e-05 -2.633192368482518985e-05 -2.883655254872296591e-05 -3.141845708191536355e-05 -3.394903985990337884e-05 -3.640874658753411925e-05 -3.894002848625279536e-05 -4.183006151990421298e-05 -4.541344876053045890e-05 -4.992442434160325622e-05 -5.536300359778561483e-05 -6.145078535736489132e-05 -6.772629413376956805e-05 -7.377153233550091168e-05 -7.948912102817113853e-05 -8.529840275887316369e-05 -9.212159915760481806e-05 -1.011004605735036971e-04 -1.131103159610954420e-04 -1.282659739504165652e-04 -1.456858109037438369e-04 -1.637341041530884582e-04 -1.807813570879023273e-04 -1.962661059430311839e-04 -2.115937510674124650e-04 -2.303320334547151026e-04 -2.573280175675718819e-04 -2.968054886930314375e-04 -3.500855707442436212e-04 -4.140257990303561971e-04 -4.813890889770155697e-04 -5.438206030230389272e-04 -5.970393136368083113e-04 -6.464770027269510543e-04 -7.104699086486142810e-04 -8.180751930313130780e-04 -9.999009631113076838e-04 -1.273443859567695421e-03 -1.628295052404689618e-03 -2.019895866270377763e-03 -2.381494018283628143e-03 -2.659999584773501020e-03 -2.872773931023008594e-03 -3.168694902249529974e-03 -3.862515596137591940e-03 -5.402984727312797227e-03 -8.238398157391772433e-03 -1.257073495048665820e-02 -1.804468936272920696e-02 -2.350842101424079761e-02 -2.712259527110632770e-02 -2.726972802239300414e-02 -2.501709737970419026e-02 -2.919156648032013648e-02 -6.656243688874989572e-02 -1.971701378907272650e-01 -5.612963021569001842e-01 -1.359883977626736407e+00 -3.442350708667373027e+00 -5.962434028220696014e+00 -2.191438968342511728e+01 4.208118978652962028e+00 -2.887930952737762027e+02 1.011024759939415617e+03 -7.585702813478974349e+03 3.316882274544165557e+04 -7.653524997210336551e+03 1.027699335298612596e+03 -2.967530264090573837e+02 4.088188658248077978e+00 -2.303752693002718388e+01 -6.318911225230698925e+00 -4.063922228945432202e+00
-1.625554899708361985e-07 -6.046213690336939251e-07 -9.845073702339260500e-07 -1.375579457462688706e-06 -1.769937181518040133e-06 -2.178385883412539252e-06 -2.605498760887980670e-06 -3.050676802654779541e-06 -3.507779287690269637e-06 -3.969136581044165426e-06 -4.431183228415050976e-06 -4.898826701932538154e-06 -5.386222827942001537e-06 -5.910064990019983008e-06 -6.490589877185859117e-06 -7.107293141237620816e-06 -7.838351968952479687e-06 -8.515877516728364725e-06 -8.714142086488957094e-06 -9.358931828669043507e-06 -9.943900578942253821e-06 -1.062898543687424251e-05 -1.142172438461055638e-05 -1.235446487114316062e-05 -1.342112616599582537e-05 -1.458432426106377150e-05 -1.578788290194624145e-05 -1.698597949813019197e-05 -1.817388635282504589e-05 -1.940509660727080576e-05 -2.078235872309497245e-05 -2.242095004817776108e-05 -2.439674383596411451e-05 -2.670280902552360906e-05 -2.923969169041407449e-05 -3.185335847503129709e-05 -3.441321254576194631e-05 -3.689963351117177151e-05 -3.945752113824805256e-05 -4.237845394225952757e-05 -4.600172666319691589e-05 -5.056438199976667021e-05 -5.606566925205115647e-05 -6.222261556244766862e-05 -6.856706798336830680e-05 -7.467549670566897178e-05 -8.044967000846830454e-05 -8.631484066561504278e-05 -9.320509086682804531e-05 -1.022758961395329606e-04 -1.144120394624864351e-04 -1.297279178372881330e-04 -1.473296753505160147e-04 -1.655613749604043015e-04 -1.827747622711327390e-04 -1.984030382403340672e-04 -2.138687159501456107e-04 -2.327795323234599313e-04 -2.600340809742398705e-04 -2.998978991385826314e-04 -3.537006101892440539e-04 -4.182610194654472788e-04 -4.862632100959717778e-04 -5.492665875845612706e-04 -6.029503338467928674e-04 -6.528056568378114719e-04 -7.173525469946199400e-04 -8.259271724694170662e-04 -1.009417739859801329e-03 -1.285462436757289426e-03 -1.643524408683934724e-03 -2.038605084722398125e-03 -2.403328752158899548e-03 -2.684136366942218525e-03 -2.898579380244365594e-03 -3.196895913228348790e-03 -3.896612389024471743e-03 -5.450311642513067274e-03 -8.309963523772365829e-03 -1.267895463054771223e-02 -1.819858190666340247e-02 -2.370701532326720956e-02 -2.734956665204234944e-02 -2.749584286910108921e-02 -2.522282703942967802e-02 -2.943021927847491379e-02 -6.710273518503406809e-02 -1.987576198305688047e-01 -5.657697477819955134e-01 -1.370655555816850946e+00 -3.469261307784290871e+00 -6.009242791483781154e+00 -2.208159041428650582e+01 4.231381521261532441e+00 -2.909510402909789946e+02 1.018509299093465984e+03 -7.642125109404974864e+03 3.341523500645715103e+04 -7.710318858026888847e+03 1.035359480459682118e+03 -2.989463047497266643e+02 4.089043566099920923e+00 -2.308165436511062651e+01 -7.322085386929650497e+00
-1.573475673330504479e-07 -5.841671322654033164e-07 -9.477634853672506693e-07 -1.318412962925762498e-06 -1.689278400540280458e-06 -2.073210720719107082e-06 -2.477902952384786886e-06 -2.905554417365020699e-06 -3.350906965198466737e-06 -3.804067214163168193e-06 -4.256110231036627561e-06 -4.705716489159342669e-06 -5.160803969287980290e-06 -5.645221042379599996e-06 -6.156730100440256584e-06 -6.795630350570754494e-06 -7.418182806078395512e-06 -7.611372061730889339e-06 -8.256851921877183154e-06 -8.824419159874278922e-06 -9.430974260104408045e-06 -1.006323962459690180e-05 -1.076560183592644470e-05 -1.157919438080465713e-05 -1.253160666869691971e-05 -1.361863395522971785e-05 -1.480204498189041662e-05 -1.602476539572027131e-05 -1.724028712736537901e-05 -1.844407812418546379e-05 -1.969088867734113333e-05 -2.108546523951913948e-05 -2.274505619437232291e-05 -2.474657729548656099e-05 -2.708260482096222331e-05 -2.965170742371372577e-05 -3.229720428138222138e-05 -3.488650595285525260e-05 -3.739993044630959108e-05 -3.998482466220870077e-05 -4.293716170304704929e-05 -4.660091567873491118e-05 -5.121592548506720058e-05 -5.678066703623620474e-05 -6.300759816932941881e-05 -6.942190386047305119e-05 -7.559455129706418755e-05 -8.142649648049011819e-05 -8.734894768534200301e-05 -9.430788760547813428e-05 -1.034725401277163581e-04 -1.157371403489069957e-04 -1.312156473123455268e-04 -1.490019366522882607e-04 -1.674198401618922098e-04 -1.848023855385095887e-04 -2.005775660065529475e-04 -2.161852284949279256e-04 -2.352733860232715979e-04 -2.627924239171611676e-04 -3.030497774166022356e-04 -3.573835208665551992e-04 -4.225734846128002277e-04 -4.912245981734902987e-04 -5.548103621835024637e-04 -6.089705162023756769e-04 -6.592568086242863367e-04 -7.243749081370427388e-04 -8.339423984473385513e-04 -1.019129732924739691e-03 -1.297717539354527501e-03 -1.659039762712796089e-03 -2.057654686329856136e-03 -2.425559322944966217e-03 -2.708724400119471871e-03 -2.924897946446663316e-03 -3.225697453350555039e-03 -3.931456894199825136e-03 -5.498639199512531106e-03 -8.382933301447632879e-03 -1.278915451102058572e-02 -1.835517031279455813e-02 -2.390905299113778651e-02 -2.758059051444874607e-02 -2.772635086990558884e-02 -2.543321716139485683e-02 -2.967485695446909003e-02 -6.765474136190469112e-02 -2.003744786583970816e-01 -5.703201195997640305e-01 -1.381607748714974937e+00 -3.496623567813108124e+00 -6.056836530835159493e+00 -2.225167082658916229e+01 4.255129116333391082e+00 -2.931470333725937962e+02 1.026126625229513820e+03 -7.699550869785134637e+03 3.366604519261636597e+04 -7.768135668996321328e+03 1.043159682448583226e+03 -3.012469040295691798e+02 4.349145618759891363e+00 -2.497812537912956543e+01
-1.505939270478271115e-07 -5.596664811277273553e-07 -9.092961668791778327e-07 -1.265987213776000047e-06 -1.621473891032098637e-06 -1.986589417770766742e-06 -2.368849941254786118e-06 -2.772662518775357366e-06 -3.196563742862954202e-06 -3.633788691559764687e-06 -4.075810889123033245e-06 -4.515822807454379249e-06 -4.961943170992595968e-06 -5.403316840235955955e-06 -5.942031174711432959e-06 -6.457151472225868032e-06 -6.571309017518293610e-06 -7.161537621612209953e-06 -7.714842298460804703e-06 -8.324306675737620683e-06 -8.938676823498142575e-06 -9.561306420119206588e-06 -1.021139952632591324e-05 -1.092924178487700803e-05 -1.175901838341550933e-05 -1.272887490640231146e-05 -1.383461254400768708e-05 -1.503718817974739583e-05 -1.627844560565905010e-05 -1.751113628516843521e-05 -1.873086971429864151e-05 -1.999359449200209071e-05 -2.140598433757221559e-05 -2.308718942435272693e-05 -2.511512172941827233e-05 -2.748186087746237125e-05 -3.008404197317387382e-05 -3.276241406889639435e-05 -3.538247405107331286e-05 -3.792452135233036442e-05 -4.053833127350197431e-05 -4.352419204735265583e-05 -4.723065027038448200e-05 -5.190026273737322044e-05 -5.753073803699377625e-05 -6.383008265712825677e-05 -7.031702816330230870e-05 -7.655726760354403910e-05 -8.245109790646273635e-05 -8.843568197428512505e-05 -9.546873210878574630e-05 -1.047329506174740063e-04 -1.171318011631923475e-04 -1.327787932529022837e-04 -1.507558413154808259e-04 -1.693671500334452146e-04 -1.869277540599035832e-04 -2.028610041094183801e-04 -2.186242169969510334e-04 -2.379052772507249619e-04 -2.657055734622896766e-04 -3.063736954772834859e-04 -3.612560418381728579e-04 -4.270944185793236416e-04 -4.964167132435097843e-04 -5.606133348407649859e-04 -6.152871599547341972e-04 -6.660517616233402110e-04 -7.317978117734021473e-04 -8.424219511793916426e-04 -1.029374271321846718e-03 -1.310577302765374456e-03 -1.675239702570784127e-03 -2.077486215229303046e-03 -2.448701058507801644e-03 -2.734400949805033780e-03 -2.952544165818310994e-03 -3.256135606590813015e-03 -3.968320151120682815e-03 -5.549446540961706399e-03 -8.458942903050168174e-03 -1.290310020417486346e-02 -1.851643504085653119e-02 -2.411702266425033020e-02 -2.781923234779848375e-02 -2.796671061385607934e-02 -2.565650089820750712e-02 -2.993707645545236329e-02 -6.823326188715150842e-02 -2.020375546512112597e-01 -5.749646076838685893e-01 -1.392758103528654035e+00 -3.524464009787714236e+00 -6.105276669711495074e+00 -2.242482269514635007e+01 4.278967079493673609e+00 -2.953826522593899426e+02 1.033876496755871131e+03 -7.758000392495068809e+03 3.392130864905524504e+04 -7.826982743055116771e+03 1.050868483575789014e+03 -3.027653347804757686e+02 -1.503801907894344980e+00
-1.424722597869116273e-07 -5.312463094087134616e-07 -8.679456438792074514e-07 -1.215016579295505987e-06 -1.561423128510653962e-06 -1.913203504032779498e-06 -2.274853338221682872e-06 -2.651480153506438718e-06 -3.046221350531601156e-06 -3.459001864406806025e-06 -3.884788509825654879e-06 -4.323759612262518839e-06 -4.750568437418401721e-06 -5.248088861373596510e-06 -5.690969515303230885e-06 -5.717122882214243924e-06 -6.196899078023963575e-06 -6.658601908251090014e-06 -7.212880808476058620e-06 -7.812021543720745233e-06 -8.437799755741113154e-06 -9.069527497308946219e-06 -9.705670459934344024e-06 -1.036814664295238552e-05 -1.109835130725746751e-05 -1.194170660943148207e-05 -1.292694497139228852e-05 -1.404966983277743751e-05 -1.526993273300192462e-05 -1.652840004439089529e-05 -1.777699741438580185e-05 -1.901140867169470890e-05 -2.028874795288648151e-05 -2.171762523531118591e-05 -2.341913362336614656e-05 -2.547222749346524082e-05 -2.786850614782556790e-05 -3.050263169674687614e-05 -3.321268688518814576e-05 -3.586213256813842261e-05 -3.843115425069428117e-05 -4.107193970299985545e-05 -4.408917854980471990e-05 -4.783615102468554922e-05 -5.255829174506486114e-05 -5.825260358177208452e-05 -6.462253347415476321e-05 -7.118008134722173029e-05 -7.748530891744123640e-05 -8.343757704969605247e-05 -8.947996741273802701e-05 -9.658220305194223539e-05 -1.059409868560651468e-04 -1.184695405216216769e-04 -1.342811462962952929e-04 -1.524454217084267457e-04 -1.712460194307592544e-04 -1.889787446739384720e-04 -2.050612959457094337e-04 -2.209682711943657270e-04 -2.404284030479412364e-04 -2.684960394732517196e-04 -3.095630512207792496e-04 -3.649852303447071919e-04 -4.314652395065073629e-04 -5.014502395573884304e-04 -5.662421861691172356e-04 -6.214022459863089700e-04 -6.726043136398624942e-04 -7.389280788211895082e-04 -8.505587568949717851e-04 -1.039237851741389804e-03 -1.323037573758514872e-03 -1.691037785426935782e-03 -2.096910187206161170e-03 -2.471392657585612905e-03 -2.759511729078842519e-03 -2.979417134220424535e-03 -3.285522235863000493e-03 -4.003857169996474785e-03 -5.598774206835896439e-03 -8.533556807407144049e-03 -1.301600497303093823e-02 -1.867713548800641055e-02 -2.432462111670329399e-02 -2.805677405443338102e-02 -2.820366683440347563e-02 -2.587236973786950431e-02 -3.018751272124352639e-02 -6.879974259458680741e-02 -2.037021353668040935e-01 -5.796585845005114424e-01 -1.404067733540698359e+00 -3.552744141470543404e+00 -6.154476998683206190e+00 -2.260080040435025595e+01 4.303756294991586628e+00 -2.976564654158686380e+02 1.041766506476793438e+03 -7.817481523447865584e+03 3.418113418616340641e+04 -7.886894232135802667e+03 1.058993772794137840e+03 -3.054272260402906340e+02
-1.354773845224993470e-07 -5.072504571629221910e-07 -8.346927027649312344e-07 -1.177159413751099454e-06 -1.520938267797354385e-06 -1.866844562255843057e-06 -2.215132857889627108e-06 -2.569914561414767830e-06 -2.937849122368013108e-06 -3.324572118527575931e-06 -3.737039663090953504e-06 -4.150743708517572356e-06 -4.643574307285786345e-06 -5.075532948697958987e-06 -5.079274031876301474e-06 -5.488844206933292584e-06 -5.853300200815322807e-06 -6.299823157939331008e-06 -6.808851814222258960e-06 -7.383450390893133928e-06 -8.005669234765176801e-06 -8.651937061479198502e-06 -9.303177670994853564e-06 -9.957890564370982703e-06 -1.063864765800957482e-05 -1.138771644208043549e-05 -1.225148433743947687e-05 -1.325940968680908104e-05 -1.440731186847257616e-05 -1.565486096448992056e-05 -1.694192198854254248e-05 -1.821960405746927638e-05 -1.948324214261159829e-05 -2.079041555452198863e-05 -2.225103685242472469e-05 -2.398797077441414553e-05 -2.608175703993558474e-05 -2.852471489804477445e-05 -3.121098228675672331e-05 -3.397704309598093643e-05 -3.668443530592243527e-05 -3.931218881707659705e-05 -4.201307917205272227e-05 -4.509448393526948760e-05 -4.891389656024172839e-05 -5.372105356987290570e-05 -5.951556092607153680e-05 -6.600044727506237008e-05 -7.268419868681257816e-05 -7.912181733131656305e-05 -8.520889198602239929e-05 -9.138905958939028183e-05 -9.863870672608200695e-05 -1.081665617900615811e-04 -1.208996380279004870e-04 -1.369613382601537793e-04 -1.554227295904520760e-04 -1.745584768086733325e-04 -1.926484241203009343e-04 -2.090960850336064905e-04 -2.253749255091881958e-04 -2.452344617538843052e-04 -2.737727081874393354e-04 -3.154377330219820439e-04 -3.716338251201157443e-04 -4.390813508302179782e-04 -5.102002675983110646e-04 -5.762272058699153101e-04 -6.326537114268696201e-04 -6.851353800557147830e-04 -7.528422807845674579e-04 -8.661880564858362398e-04 -1.057251641816897092e-03 -1.344451117918224210e-03 -1.717068797106115685e-03 -2.128693229690047442e-03 -2.509658721269179913e-03 -2.804439308258183453e-03 -3.030917106912984268e-03 -3.344167205832590875e-03 -4.072456618752651886e-03 -5.684234244334093571e-03 -8.648198050523385125e-03 -1.317714172201240111e-02 -1.890372756145084973e-02 -2.463060569359682220e-02 -2.844291745385643666e-02 -2.865401559427357969e-02 -2.636902851332747350e-02 -3.076910394522069936e-02 -6.971395497866100799e-02 -2.057118462015706528e-01 -5.847841212571730507e-01 -1.416296107586066499e+00 -3.583601476126590857e+00 -6.210494339766921890e+00 -2.279450802939471288e+01 4.291999329866403201e+00 -3.000369817305930269e+02 1.049566591740902595e+03 -7.878026578519660688e+03 3.444274978633668070e+04 -7.938622844255344717e+03 9.951273442195890766e+02
-1.235779265328761227e-07 -4.640993390035316156e-07 -7.678317250078429672e-07 -1.089215147015121107e-06 -1.413919409984390270e-06 -1.739396010358855199e-06 -2.062572517638340226e-06 -2.385705021487025082e-06 -2.715518465624695319e-06 -3.064534788306783088e-06 -3.424729259473369816e-06 -3.884543809800501855e-06 -4.291123483974981551e-06 -4.291710221476962183e-06 -4.673519062542250298e-06 -4.985735759751641139e-06 -5.343012403271472067e-06 -5.732372078665492709e-06 -6.176880397995243421e-06 -6.685745207062027779e-06 -7.256347853215605603e-06 -7.871613228906095144e-06 -8.507394425489177262e-06 -9.145011646356164441e-06 -9.784051677946428870e-06 -1.044858964808582809e-05 -1.118211250685813617e-05 -1.203125281837912015e-05 -1.302440717997668751e-05 -1.415530418343958834e-05 -1.538135577013201018e-05 -1.664111144299302628e-05 -1.788613180885528805e-05 -1.911401847273099490e-05 -2.038551751620796979e-05 -2.181300833694307373e-05 -2.351953316986905011e-05 -2.558277813588902977e-05 -2.798986160923057958e-05 -3.062943940187141592e-05 -3.333490380930231845e-05 -3.596909827808074931e-05 -3.851687593625801090e-05 -4.113907147174945822e-05 -4.414928775850880080e-05 -4.790525461087131624e-05 -5.264888691220946106e-05 -5.836554839601802345e-05 -6.474304813841529169e-05 -7.128104271434648862e-05 -7.753798957355341709e-05 -8.342609295480640623e-05 -8.941271056814845998e-05 -9.649328637986297891e-05 -1.058780214689732243e-04 -1.184702763761595162e-04 -1.343481868926495041e-04 -1.525320272417975045e-04 -1.712641998727582287e-04 -1.888324259155750768e-04 -2.046948965065383333e-04 -2.204094708483315664e-04 -2.397996777467526397e-04 -2.679774477345083492e-04 -3.093084397508083592e-04 -3.650201714750704964e-04 -4.316155176822853790e-04 -5.013526915099990496e-04 -5.654664896660281399e-04 -6.196638656949664562e-04 -6.699914089090178550e-04 -7.360218171574330883e-04 -8.483287311067740522e-04 -1.038659205708043851e-03 -1.324501393509207705e-03 -1.693779868132017953e-03 -2.098795506282304796e-03 -2.469395322399372920e-03 -2.751050524343819342e-03 -2.964338628030120919e-03 -3.268038484225216367e-03 -3.993287828907622974e-03 -5.607781992676670949e-03 -8.572925946009706671e-03 -1.308613344046272858e-02 -1.875838861901354612e-02 -2.437134710773454158e-02 -2.800306816098406537e-02 -2.799234583402360199e-02 -2.552262149484032724e-02 -2.992035261489802561e-02 -6.925798227739567159e-02 -2.062712971434817744e-01 -5.872443318285830438e-01 -1.421120350017970546e+00 -3.593288857147913351e+00 -6.213364489557005932e+00 -2.285557668247891883e+01 4.536037883560929629e+00 -3.016421750128781127e+02 1.057775999468749660e+03 -7.930414643292042456e+03 3.468176320530767407e+04 -7.765686941429299623e+03
-1.525509433353131385e-07 -5.727955251819048916e-07 -9.477610860417047589e-07 -1.345457890084493655e-06 -1.749227518779457291e-06 -2.156173002496137586e-06 -2.561211614637708793e-06 -2.963993417371820850e-06 -3.371620441004371507e-06 -3.789005215480170721e-06 -4.269973134015057644e-06 -4.640274650725641704e-06 -4.720500367293441130e-06 -5.177514546662228164e-06 -5.588243522790878297e-06 -6.037640764666171584e-06 -6.494709145412529056e-06 -6.972503627977308601e-06 -7.488954047317108447e-06 -8.067748724071043188e-06 -8.725875407189026423e-06 -9.464712509231548046e-06 -1.026723210459558372e-05 -1.110467953192687018e-05 -1.195116495810818746e-05 -1.280022656902165100e-05 -1.367508124846138255e-05 -1.462578813626359322e-05 -1.571188918380888821e-05 -1.697643701928214618e-05 -1.842310404257094838e-05 -2.000915702800318418e-05 -2.166167981963333438e-05 -2.331395866719656245e-05 -2.494774469082907599e-05 -2.662061111159789588e-05 -2.846060952364988075e-05 -3.062322242686983166e-05 -3.322415442500747555e-05 -3.627749250132378614e-05 -3.967315123601785422e-05 -4.321555850840540935e-05 -4.671895388970201770e-05 -5.012393510753030280e-05 -5.357972905076029656e-05 -5.743993045859711644e-05 -6.215109451310725573e-05 -6.806405117206542287e-05 -7.524659065466270320e-05 -8.339775931870178850e-05 -9.193872796658592353e-05 -1.002847554863692416e-04 -1.082084029790361993e-04 -1.161292972849366028e-04 -1.251549010051963297e-04 -1.367724781250125748e-04 -1.522479063252723944e-04 -1.719588063468945245e-04 -1.950017741185439103e-04 -2.193834354224113124e-04 -2.428990631660579486e-04 -2.644787546942207026e-04 -2.854452123005788117e-04 -3.099780733771641868e-04 -3.442342925645202017e-04 -3.940820894090696922e-04 -4.621471176279599901e-04 -5.455115495873222005e-04 -6.356571958042277334e-04 -7.217094270873081847e-04 -7.967580738299026447e-04 -8.652786830499755539e-04 -9.481022643846779251e-04 -1.081033961790878184e-03 -1.304595513970874731e-03 -1.646013367408286727e-03 -2.099509911997145175e-03 -2.615535682060411617e-03 -3.111533889785805026e-03 -3.512935802847111724e-03 -3.822892162439381434e-03 -4.202417741737489963e-03 -5.023762941071611456e-03 -6.846838116335474296e-03 -1.026944028167692431e-02 -1.563181748849462246e-02 -2.262159149859429078e-02 -2.993550729939419702e-02 -3.532659182863797515e-02 -3.658829018262888672e-02 -3.439329060266370364e-02 -3.830758732828053875e-02 -7.890246432599959392e-02 -2.266651864094690605e-01 -6.457447929312530865e-01 -1.585610620541714422e+00 -3.997711050447420700e+00 -7.209718712230807292e+00 -2.474416755873411233e+01 -1.284165329497119146e+00 -3.043374268443448045e+02 9.941722336510002833e+02 -7.758113948001739118e+03 3.312212395672699495e+04
