1.990235944050974649e+04 -6.600020744738812937e+03 7.264670435611327548e+02 -3.577006916278556901e+02 -3.970216828933956776e+01 -4.659914210517336386e+01 -1.919604343334397711e+01 -1.043938811279874024e+01 -4.752318031176627322e+00 -2.047802401327147415e+00 -7.417218360679834754e-01 -2.116115710712288545e-01 -4.871918687699860334e-02 -3.652164046224228716e-02 -6.413302572018281245e-02 -8.475371559679303890e-02 -8.629285246167389678e-02 -7.267018353654261520e-02 -5.254650422209530131e-02 -3.345308222977330659e-02 -1.957945406604448199e-02 -1.183045305922348495e-02 -8.925119020232130662e-03 -8.724960022131831444e-03 -9.272278820549215497e-03 -9.339650813985835021e-03 -8.521919757098147391e-03 -7.019367856301810156e-03 -5.305220296735876570e-03 -3.829265199291546472e-03 -2.843673763613476825e-03 -2.366559780618411341e-03 -2.246137793905018162e-03 -2.268285980772287262e-03 -2.253557852636812065e-03 -2.111382043058790663e-03 -1.844845145904873158e-03 -1.518881825746811560e-03 -1.214681720842846792e-03 -9.912569563222280427e-04 -8.666795856725213049e-04 -8.207538032736902064e-04 -8.121662351874872317e-04 -7.997288469457197041e-04 -7.582708633301266966e-04 -6.842908558276485998e-04 -5.916538842371380814e-04 -5.013839717823348257e-04 -4.310561963632260005e-04 -3.880661323854439778e-04 -3.686139363915199359e-04 -3.615173761160402240e-04 -3.542345460908745435e-04 -3.381911876956789336e-04 -3.113650057257384847e-04 -2.776616297897413640e-04 -2.439814827030159256e-04 -2.166459042102786563e-04 -1.987817447789864554e-04 -1.895452785287063944e-04 -1.851627580354099417e-04 -1.810052596008268708e-04 -1.736475476040005015e-04 -1.620553627229255405e-04 -1.475589604537050380e-04 -1.328415820765747087e-04 -1.205339798011186903e-04 -1.120754436219714332e-04 -1.072742204547525872e-04 -1.046352521595069694e-04 -1.021912316439406942e-04 -9.840154328159296656e-05 -9.272823295822741274e-05 -8.569478649825586897e-05 -7.848343349702496590e-05 -7.231416448889585122e-05 -6.790255494879021041e-05 -6.521639950009041893e-05 -6.359020552401613334e-05 -6.209583824392542423e-05 -5.997377066350962835e-05 -5.693067734457268853e-05 -5.319494379992825803e-05 -4.933968512719651541e-05 -4.598149295934860625e-05 -4.350188156755811162e-05 -4.190807987586090251e-05 -4.087519293500208528e-05 -3.992722406522824390e-05 -3.866060067662027287e-05 -3.690785393452934758e-05 -3.477780170150152002e-05 -3.257070538291266526e-05 -3.062057810417987818e-05 -2.914250490585285500e-05 -2.815078669853866608e-05 -2.747489682800905740e-05 -2.685516224004527751e-05 -2.606481036816009114e-05 -2.501474148589171055e-05 -2.373032639876105813e-05 -2.262039671780302465e-05 -2.068476481922837290e-05 -2.555751247957535702e-05
-3.598660004918346658e+03 2.282296116451453781e+04 -6.074537407604686450e+03 7.632852417945210846e+02 -2.922424735633905470e+02 -1.805135363937887050e+01 -3.261004214874008511e+01 -1.212358054913767624e+01 -6.612299833073610245e+00 -2.852796247327340939e+00 -1.180638410031503938e+00 -4.106744209862217554e-01 -1.274608884123135111e-01 -5.581292270588623927e-02 -5.967242690437415953e-02 -7.489914677801531862e-02 -7.905219816605019156e-02 -7.009195240912718949e-02 -5.375737819334935191e-02 -3.659973214154119830e-02 -2.296439161233145010e-02 -1.439343081051730477e-02 -1.030663327147903971e-02 -9.083882024939086974e-03 -9.020418007111778713e-03 -8.908127853898748644e-03 -8.212622885033531855e-03 -6.956970126728453073e-03 -5.464793167983758755e-03 -4.103292516820625062e-03 -3.112876541675281983e-03 -2.548974133187723728e-03 -2.316035927846803004e-03 -2.248145043690150027e-03 -2.190894922529301736e-03 -2.053622266393002448e-03 -1.821659971931983025e-03 -1.536423654311042716e-03 -1.260210460511360054e-03 -1.043576728057447282e-03 -9.069057863880897966e-04 -8.392029037760115415e-04 -8.098927387711110084e-04 -7.854330111795168254e-04 -7.429924697449286552e-04 -6.764855214951254019e-04 -5.944579788332961592e-04 -5.126576293529386003e-04 -4.454944890768152885e-04 -4.001006168266576439e-04 -3.747591941334684775e-04 -3.613519810566377731e-04 -3.499348308462266579e-04 -3.330983589238558479e-04 -3.083848759167107795e-04 -2.781655574225247278e-04 -2.475566347627775640e-04 -2.216273108493378990e-04 -2.031899606085396214e-04 -1.919764347000557430e-04 -1.852686345332790177e-04 -1.794478965418638383e-04 -1.716425377145165026e-04 -1.607657509839447319e-04 -1.476199122446305678e-04 -1.341867131398951241e-04 -1.225460828302840698e-04 -1.139420283626988958e-04 -1.083649634680032493e-04 -1.047407223264560305e-04 -1.015442679608184669e-04 -9.750888075848502699e-05 -9.211270070411722161e-05 -8.567100772062360623e-05 -7.905684299155769988e-05 -7.322630129881711996e-05 -6.878192184621800364e-05 -6.575464983515016222e-05 -6.366537023053878001e-05 -6.179824955605555563e-05 -5.953725064068084052e-05 -5.661230944014110594e-05 -5.316153134094796684e-05 -4.960862760012114758e-05 -4.643395830024127857e-05 -4.395256118402413850e-05 -4.219444032759640253e-05 -4.092496040365563396e-05 -3.977816322110707856e-05 -3.843018888875609341e-05 -3.673224040175724400e-05 -3.475052395405674090e-05 -3.270739460231080533e-05 -3.086192133926054192e-05 -2.938934419853972559e-05 -2.831224321456123557e-05 -2.750716682527267100e-05 -2.677510286090499826e-05 -2.593556803488757131e-05 -2.491285373449981386e-05 -2.371056973153140733e-05 -2.269547267559462040e-05 -2.081846250091219153e-05 -2.572246391745343545e-05
4.895964946389727288e+02 -4.678157841105371517e+03 2.313379848446110191e+04 -5.832935560491504475e+03 7.582432105106410063e+02 -2.632773461816221925e+02 -9.599636445681413832e+00 -2.659342147377712351e+01 -9.217562426171996393e+00 -5.107341978609722943e+00 -2.176440364850003473e+00 -9.176590759241454176e-01 -3.388217079728524372e-01 -1.251716549455387240e-01 -6.598076405224147234e-02 -6.144568568219794386e-02 -6.583900779974703743e-02 -6.389895753887045449e-02 -5.449259278030209319e-02 -4.147339141276251695e-02 -2.892899268881836752e-02 -1.932370422119357792e-02 -1.328967810054758163e-02 -1.019494517673738554e-02 -8.886618390753435459e-03 -8.279629705729544403e-03 -7.669734029733128386e-03 -6.786748943975280321e-03 -5.681625106341374985e-03 -4.552488388675015284e-03 -3.592815084452173624e-03 -2.905234739158052935e-03 -2.484915213507870105e-03 -2.252271872102410387e-03 -2.104293607536353392e-03 -1.958536210025165532e-03 -1.775503495703979057e-03 -1.557695583810247541e-03 -1.333154987349469784e-03 -1.134417522083219516e-03 -9.823755518780395365e-04 -8.797996868027508580e-04 -8.141821843742084921e-04 -7.661585414060500566e-04 -7.185496414017027676e-04 -6.622592753515923331e-04 -5.974494428475842379e-04 -5.307101475380990264e-04 -4.703686332858260486e-04 -4.222697679791887252e-04 -3.876391276402028300e-04 -3.633946884219292823e-04 -3.442105144176510674e-04 -3.250832538293542276e-04 -3.032206028197742282e-04 -2.786197727110043096e-04 -2.533687811573597892e-04 -2.302294763490526041e-04 -2.112398892285229568e-04 -1.969126349540116115e-04 -1.862471020266000395e-04 -1.773873929348403330e-04 -1.685247331957846046e-04 -1.586166453195349106e-04 -1.476516877563233002e-04 -1.364317671290400961e-04 -1.260497301758514623e-04 -1.173384727349296460e-04 -1.105303061286229264e-04 -1.052346525280753177e-04 -1.006899007631184432e-04 -9.613473993143366791e-05 -9.112061191990642372e-05 -8.564046243000899856e-05 -8.004775117287027202e-05 -7.483400580082367039e-05 -7.038213198545868634e-05 -6.680587330221467721e-05 -6.393113266128581430e-05 -6.140584232011215074e-05 -5.887180588059685280e-05 -5.611470161324175313e-05 -5.313066623118309063e-05 -5.009221049040430931e-05 -4.724258530672482606e-05 -4.477443768022895530e-05 -4.274755562072251572e-05 -4.107629610289499503e-05 -3.958257275478460781e-05 -3.808265250866279622e-05 -3.646533993323132088e-05 -3.472847039701787718e-05 -3.296317619718294528e-05 -3.129936242002113789e-05 -2.984124057333920488e-05 -2.862239027834740830e-05 -2.759763174076083908e-05 -2.667128239223109557e-05 -2.574302965404608203e-05 -2.476190952508340709e-05 -2.369601391238499539e-05 -2.284131527710903304e-05 -2.106386270913611160e-05 -2.602860675441517305e-05
-1.078549717097846070e+02 6.142220921835908030e+02 -4.910134525789252621e+03 2.321527732608908264e+04 -5.708989038962127779e+03 7.525015711222854407e+02 -2.484118884730374930e+02 -5.648867833080188028e+00 -2.367518010256216954e+01 -7.881821767067571649e+00 -4.441250776202715578e+00 -1.895686954926043555e+00 -8.145321025862911624e-01 -3.096837178411280256e-01 -1.180501289271489174e-01 -6.017031221554405840e-02 -5.189113109963556375e-02 -5.399514693250156983e-02 -5.262520535481151479e-02 -4.577779059762628056e-02 -3.588470188929877847e-02 -2.594236959568877593e-02 -1.793061468393205432e-02 -1.252476778451989958e-02 -9.430787246836500395e-03 -7.891515539607932977e-03 -7.115483901585745868e-03 -6.528617074943061753e-03 -5.847546070285441003e-03 -5.029605684406458083e-03 -4.167260026780003450e-03 -3.383977075248818280e-03 -2.765189738485281535e-03 -2.332693040475265333e-03 -2.054079067237747375e-03 -1.869928075603890421e-03 -1.722180757378596492e-03 -1.572838204365811831e-03 -1.409270954600441456e-03 -1.238721311801376738e-03 -1.077419904862081780e-03 -9.400672602987618712e-04 -8.334321078603251082e-04 -7.551393642618984712e-04 -6.965412959114881952e-04 -6.473109204018488196e-04 -5.995009606953185339e-04 -5.496191499782089943e-04 -4.984458215705069679e-04 -4.492675999442139845e-04 -4.056185019798803568e-04 -3.695484089851210855e-04 -3.409561326312004624e-04 -3.179835792812236105e-04 -2.980480621843211450e-04 -2.789395473845212485e-04 -2.595265600932493899e-04 -2.398732036704995317e-04 -2.208550676345399488e-04 -2.035407083988088168e-04 -1.886398125712509752e-04 -1.762269627675825930e-04 -1.657923198739047629e-04 -1.565285830092598093e-04 -1.476868707469042492e-04 -1.388404352540273379e-04 -1.299662870676942638e-04 -1.213464321944716988e-04 -1.133644065522312460e-04 -1.063013017835543882e-04 -1.002153335630821053e-04 -9.493959006169581396e-05 -9.017645031247067402e-05 -8.563157993273610448e-05 -8.112409596915706430e-05 -7.663058598016784790e-05 -7.225629736892636551e-05 -6.815782189402503819e-05 -6.445832917551514558e-05 -6.119211055168844262e-05 -5.829681373553174880e-05 -5.564876413299949020e-05 -5.311911048406858733e-05 -5.062379812486808860e-05 -4.814697665733056679e-05 -4.573214499239434738e-05 -4.344977519976972913e-05 -4.135870122042930328e-05 -3.947871830622557972e-05 -3.778426126166667512e-05 -3.621878697010095399e-05 -3.472061159925812177e-05 -3.324746030036013314e-05 -3.178939723292885909e-05 -3.036618858732927908e-05 -2.901248634657360888e-05 -2.775885667149831747e-05 -2.661788828320429216e-05 -2.557875360116771711e-05 -2.462423847539019884e-05 -2.369159924968908631e-05 -2.300556011676541896e-05 -2.133892115009037991e-05 -2.638871457869667911e-05
8.406176119330318386e+00 -1.550741922323958306e+02 6.499715419479662160e+02 -5.021463133663824919e+03 2.326206258356031321e+04 -5.638889476567125712e+03 7.481330506842884915e+02 -2.398704841199649422e+02 -3.577667178782067747e+00 -2.207275300701411069e+01 -7.166897501805915560e+00 -4.079265525602618681e+00 -1.737167064497656677e+00 -7.480489158362348956e-01 -2.826649460015926429e-01 -1.048861418710131249e-01 -5.086928257041685442e-02 -4.365461643274374387e-02 -4.675831758859414627e-02 -4.683453519289342698e-02 -4.157858724680810192e-02 -3.303429432263139259e-02 -2.400402850365496166e-02 -1.648774327924185795e-02 -1.130456294676555028e-02 -8.323179577270129262e-03 -6.899006356257095934e-03 -6.281970521735655982e-03 -5.883402591645286832e-03 -5.380861628075075259e-03 -4.697317590853978923e-03 -3.911812880248464151e-03 -3.156813431361151726e-03 -2.540202411397637829e-03 -2.107420687996968463e-03 -1.841374513583885278e-03 -1.686018370984744942e-03 -1.576914575717021805e-03 -1.465468906890491675e-03 -1.330040279766753165e-03 -1.174068800982497676e-03 -1.015729485188777981e-03 -8.754042899328567853e-04 -7.661586301241890117e-04 -6.898510689125142642e-04 -6.387659073021166979e-04 -6.006019864463645660e-04 -5.640394213276946414e-04 -5.225726140065272730e-04 -4.755608520706232399e-04 -4.267680447642940552e-04 -3.815495909994572879e-04 -3.441102205352654614e-04 -3.158803907426455874e-04 -2.953977237191364631e-04 -2.793981742536355930e-04 -2.644133330422473896e-04 -2.481263504198612485e-04 -2.299889932073293224e-04 -2.110054139851949236e-04 -1.929363883761479707e-04 -1.773610277443714008e-04 -1.650035860814055399e-04 -1.555467929792223839e-04 -1.479154570179691053e-04 -1.408253985826486514e-04 -1.333232332134174063e-04 -1.250957411708750070e-04 -1.164614258170247699e-04 -1.081029362417193810e-04 -1.006957086714851257e-04 -9.460459984172576010e-05 -8.976354212147801307e-05 -8.575789989513961928e-05 -8.204189222212705454e-05 -7.817797041389643639e-05 -7.399383967299458134e-05 -6.960397001660034581e-05 -6.530716695264522057e-05 -6.142243680542708371e-05 -5.814163106037629564e-05 -5.545870536539373530e-05 -5.319432773936797214e-05 -5.109140053546282477e-05 -4.893083058181234003e-05 -4.661519558985179632e-05 -4.418913782363825777e-05 -4.179639921594071179e-05 -3.960043619409848721e-05 -3.770754464271259968e-05 -3.612502701187573844e-05 -3.476783052063705940e-05 -3.350441759891046499e-05 -3.221708905112078650e-05 -3.084890288328584305e-05 -2.941863081853905563e-05 -2.800129140208360367e-05 -2.668736977209414655e-05 -2.553906080014996304e-05 -2.457582658294888813e-05 -2.372281063217460709e-05 -2.315823098476189703e-05 -2.158012342552950488e-05 -2.672807571025033734e-05
-5.511423192577398211e+00 6.480051624863476967e+00 -1.676866817538161740e+02 6.673636130341760690e+02 -5.090821835816838757e+03 2.330045438554976499e+04 -5.596016113037079776e+03 7.449469840979942319e+02 -2.344610744310033965e+02 -2.340420188577144067e+00 -2.106273719115786847e+01 -6.710459218726771979e+00 -3.837311207266054236e+00 -1.623921073044509056e+00 -6.959483444002230179e-01 -2.596126399335340063e-01 -9.416646021116149845e-02 -4.492370344261494008e-02 -3.938306188070760799e-02 -4.311640387512732930e-02 -4.358363404137949315e-02 -3.872659239506676121e-02 -3.062255463855406007e-02 -2.204684605975789150e-02 -1.496493605868289348e-02 -1.016687499514544804e-02 -7.499944725179021575e-03 -6.307929871594061995e-03 -5.841420230038407539e-03 -5.524942752062683531e-03 -5.058334525778253668e-03 -4.389569436974904461e-03 -3.618517032344880160e-03 -2.889504789823837180e-03 -2.312117199058236292e-03 -1.925708653251121316e-03 -1.703812538364991120e-03 -1.582349114609686797e-03 -1.493242551509002406e-03 -1.389328452906000684e-03 -1.254008772086818123e-03 -1.096797217653859829e-03 -9.405014216702860903e-04 -8.072807362301776890e-04 -7.091061059978888892e-04 -6.449793428862437639e-04 -6.041376805585626630e-04 -5.723624173862204003e-04 -5.381392451699121282e-04 -4.962644515440002742e-04 -4.481007884185858928e-04 -3.991856343311176152e-04 -3.557526321567504269e-04 -3.218123799976769757e-04 -2.978215517121039877e-04 -2.811227541163984736e-04 -2.675836016882071275e-04 -2.535079441721155833e-04 -2.369840634573882763e-04 -2.182303550625751558e-04 -1.990020824632599244e-04 -1.814872362253768575e-04 -1.672459028541580287e-04 -1.566219256055665482e-04 -1.487789676933439311e-04 -1.422296969144739480e-04 -1.355459015537974817e-04 -1.279204990245328051e-04 -1.193722378046451382e-04 -1.105692260965560601e-04 -1.024109747258252580e-04 -9.558528332735394251e-05 -9.029082758848381771e-05 -8.621511607965521998e-05 -8.273523075864861235e-05 -7.922045796835426969e-05 -7.529189021794044151e-05 -7.093517797609242518e-05 -6.644102231262162235e-05 -6.222473747497912105e-05 -5.862021829436661662e-05 -5.573999756922323376e-05 -5.345163127961118641e-05 -5.146365818670316998e-05 -4.946841141367784610e-05 -4.727236771814531181e-05 -4.485947261921051691e-05 -4.236945652053913187e-05 -4.001196742780986561e-05 -3.796218819862346057e-05 -3.628556931934434230e-05 -3.492030422400520430e-05 -3.371772271178318935e-05 -3.251554353709946673e-05 -3.120803654663690889e-05 -2.978300977616787093e-05 -2.831359539789386835e-05 -2.691452189278813428e-05 -2.568422921346460145e-05 -2.467296043225758904e-05 -2.381773709128492559e-05 -2.328993016323031739e-05 -2.175070113382631765e-05 -2.699284627994350067e-05
-8.265820657961887585e-01 -9.573183008581487741e+00 6.435323856813503163e+00 -1.748615095570621065e+02 6.781788488177671752e+02 -5.140446565377900697e+03 2.333809704015313400e+04 -5.568863883511839958e+03 7.427579976920726494e+02 -2.307731346022585228e+02 -1.502861197823577299e+00 -2.035454134247635594e+01 -6.383179884596834164e+00 -3.659283487836486159e+00 -1.539006549734840856e+00 -6.571062055308531935e-01 -2.434759142165723589e-01 -8.775239604159895679e-02 -4.190726308537369438e-02 -3.702779245090155602e-02 -4.057452011610664100e-02 -4.086645787709202587e-02 -3.612627970559445512e-02 -2.841510648561823213e-02 -2.037305048272699398e-02 -1.381820706717308729e-02 -9.436845943186493446e-03 -7.034069483029540409e-03 -5.965721639591673245e-03 -5.527574436783966143e-03 -5.198282230540989327e-03 -4.721495677807580928e-03 -4.068609664349418301e-03 -3.342011584493569196e-03 -2.674084215552764189e-03 -2.157318248889054414e-03 -1.817104702212757068e-03 -1.620851373508529203e-03 -1.506662589251352114e-03 -1.414159176602519186e-03 -1.305196536695316448e-03 -1.169848817904993758e-03 -1.020055321217158738e-03 -8.769766903186980520e-04 -7.587479526433434877e-04 -6.731574680532837049e-04 -6.166315500831123873e-04 -5.781649256097172798e-04 -5.452597326233930277e-04 -5.090019427607627139e-04 -4.664532035284235808e-04 -4.200729928990651167e-04 -3.751326761913471365e-04 -3.366330830660565023e-04 -3.070959530346711050e-04 -2.859103885723317056e-04 -2.701466092077509486e-04 -2.561704680755765170e-04 -2.412142550611619002e-04 -2.242663382961156864e-04 -2.060503931638749586e-04 -1.882933750093308746e-04 -1.727291466170512559e-04 -1.603050431128839675e-04 -1.508824344868208941e-04 -1.434587364582956407e-04 -1.367185914565166311e-04 -1.296192661207205192e-04 -1.217569188806831630e-04 -1.133984825460907056e-04 -1.052245956996391874e-04 -9.794342595724298223e-05 -9.196123695107026521e-05 -8.724009695277061202e-05 -8.337188405541209922e-05 -7.980072304135311012e-05 -7.607446499755320210e-05 -7.201242359629247015e-05 -6.773054825645977996e-05 -6.353555430914710641e-05 -5.975356948701077332e-05 -5.657728275087025422e-05 -5.399451967254665188e-05 -5.181695992243850693e-05 -4.978180879826018049e-05 -4.767163242380892391e-05 -4.539793538556637222e-05 -4.301715965835875018e-05 -4.068168360461847454e-05 -3.855602662696318875e-05 -3.673940224669697854e-05 -3.522755109430588424e-05 -3.392512294681461260e-05 -3.269664057648531544e-05 -3.142868340050981158e-05 -3.007470448321504692e-05 -2.866506622632049639e-05 -2.728271486617948717e-05 -2.601752002806285635e-05 -2.493512327862930342e-05 -2.400180803969516877e-05 -2.342038561003977873e-05 -2.185770347255678510e-05 -2.717203183440391795e-05
-6.294501084001540292e-01 -2.033950939853567785e+00 -1.062930217265681065e+01 6.235786584376127983e+00 -1.798218927846601218e+02 6.856894199506152745e+02 -5.179215527775672854e+03 2.337795471581719175e+04 -5.551768838976468942e+03 7.413862257485637883e+02 -2.281358369182780734e+02 -8.862401458484959749e-01 -1.982908231203033367e+01 -6.137650147458853844e+00 -3.525602575670711225e+00 -1.476003257401429236e+00 -6.291943764575753661e-01 -2.325340428826526973e-01 -8.363296820305134160e-02 -3.977266962383795013e-02 -3.497422775574149378e-02 -3.821465424378568676e-02 -3.842940701235440099e-02 -3.395242961497635381e-02 -2.672338917986246884e-02 -1.920506856580111305e-02 -1.307899778042770703e-02 -8.970579080180370382e-03 -6.692973722085147383e-03 -5.651380540530138129e-03 -5.200875473242424184e-03 -4.865917000009351880e-03 -4.411858016783926952e-03 -3.809057688440344470e-03 -3.145042134654788425e-03 -2.534402502735395683e-03 -2.057299603183835191e-03 -1.735893892760060611e-03 -1.542428296089966766e-03 -1.423970758002333740e-03 -1.328713325944175109e-03 -1.223496545848017309e-03 -1.098826085679943188e-03 -9.635864717177616400e-04 -8.345812812146527308e-04 -7.264497678366114552e-04 -6.456388093257665883e-04 -5.894971913536318575e-04 -5.493586015291883383e-04 -5.152350200385608266e-04 -4.798395414377692645e-04 -4.405074598915630123e-04 -3.988003645869432536e-04 -3.585477080885881109e-04 -3.234909901113772255e-04 -2.955810834365128000e-04 -2.744448553249731644e-04 -2.579559794270145680e-04 -2.434131432247912887e-04 -2.286985637964163436e-04 -2.129474215173002370e-04 -1.965577363463537461e-04 -1.806826419429029848e-04 -1.665247787548130838e-04 -1.547659330728799873e-04 -1.453402567599150475e-04 -1.375726930032706305e-04 -1.305510206956856344e-04 -1.235282164785929729e-04 -1.161800517592666613e-04 -1.086374909634082851e-04 -1.013222855916034022e-04 -9.469205722997137977e-05 -8.901893598880526791e-05 -8.428924236046899331e-05 -8.024508991846137740e-05 -7.652462776746825888e-05 -7.282393482285556287e-05 -6.900740299040917559e-05 -6.512800872772315152e-05 -6.136397299560647750e-05 -5.791258157530172149e-05 -5.489393546671611154e-05 -5.230421001325806507e-05 -5.003059044810143655e-05 -4.791167763756903246e-05 -4.581000467184134751e-05 -4.366357041295577300e-05 -4.149711582650551767e-05 -3.939436264330471103e-05 -3.744900429237108512e-05 -3.571876594576225907e-05 -3.420212173458577257e-05 -3.284443635994788960e-05 -3.156676609257062929e-05 -3.030155634982480476e-05 -2.901866629408663835e-05 -2.773219067629755744e-05 -2.648565379450717818e-05 -2.533832222015847040e-05 -2.428773635816203015e-05 -2.358943554734378709e-05 -2.194856992907818864e-05 -2.729903233472677506e-05
-2.157504344028417786e-01 -1.232645743837418095e+00 -2.320762265188264895e+00 -1.134410183535853989e+01 5.978544235278106633e+00 -1.836112204270109771e+02 6.914214343033338537e+02 -5.211538147037391354e+03 2.342136482434851496e+04 -5.541671552406222872e+03 7.406700358834801818e+02 -2.262053351554627625e+02 -4.119734175041227520e-01 -1.942941830158474303e+01 -5.950080153723891208e+00 -3.423915331166987208e+00 -1.428417036210403390e+00 -6.082084451457930863e-01 -2.241670469237065644e-01 -8.019577507545379291e-02 -3.773961697124227771e-02 -3.305814201084086162e-02 -3.621583885879203074e-02 -3.653188016215610373e-02 -3.236175839198755094e-02 -2.552967791360533437e-02 -1.837704465826930575e-02 -1.251522116914730032e-02 -8.558233413496230471e-03 -6.347719199064088928e-03 -5.331180338490473965e-03 -4.899100183475547238e-03 -4.594379556393726229e-03 -4.184025024939424728e-03 -3.629748574904111211e-03 -3.008226553593265108e-03 -2.427027146717320588e-03 -1.965420763794793746e-03 -1.649715511842721367e-03 -1.458357883777420356e-03 -1.343621644154789976e-03 -1.256075363112551255e-03 -1.161932542181034079e-03 -1.049197017642182830e-03 -9.240021719661855888e-04 -8.014775846728667457e-04 -6.962073212672209533e-04 -6.159171871328710532e-04 -5.597686243716511537e-04 -5.205766768194702854e-04 -4.889574767663238362e-04 -4.572875319974351060e-04 -4.219741331322347105e-04 -3.835913356483145560e-04 -3.453740266039282791e-04 -3.110593283533434074e-04 -2.830886983688420014e-04 -2.617824888468219717e-04 -2.455818864146190931e-04 -2.320089354443528569e-04 -2.187922332391510714e-04 -2.046707779936417085e-04 -1.896202063026583779e-04 -1.745364691176226341e-04 -1.606187610057978874e-04 -1.487634330344634291e-04 -1.392123052433821601e-04 -1.315451193102831447e-04 -1.249505464490220197e-04 -1.186093475315165878e-04 -1.120105140416254751e-04 -1.050831134119051350e-04 -9.812335449525553329e-05 -9.158466860579065564e-05 -8.584211840761213428e-05 -8.103310063942922587e-05 -7.702703446004579874e-05 -7.351379342488479263e-05 -7.015364656048115688e-05 -6.671545819724428010e-05 -6.314715574996066861e-05 -5.956016119464388128e-05 -5.614806385039378166e-05 -5.308436565793510549e-05 -5.044545109201401851e-05 -4.818722543246862263e-05 -4.617696414505978279e-05 -4.425833185662605707e-05 -4.231716711043372135e-05 -4.031991973786818665e-05 -3.831249347730119253e-05 -3.638569611165675251e-05 -3.462670267396745041e-05 -3.307922514465348989e-05 -3.172805315324285296e-05 -3.051127589525243097e-05 -2.935111155498118884e-05 -2.818814089141407348e-05 -2.700182872998713548e-05 -2.582382939586128597e-05 -2.466754453086169519e-05 -2.383943819256791063e-05 -2.208635846835445841e-05 -2.745073772825135119e-05
-8.947918373424917915e-02 -4.360182244294954490e-01 -1.392970693995687403e+00 -2.555867663385608779e+00 -1.191104781555644188e+01 5.707800108726666544e+00 -1.866424366397508265e+02 6.961390764562619324e+02 -5.239899193963269681e+03 2.346898897573364229e+04 -5.536788781275625297e+03 7.404822932190945721e+02 -2.247852788017589774e+02 -3.719891682961489615e-02 -1.912048864843852414e+01 -5.803741097866186749e+00 -3.344378242195821027e+00 -1.390851547467574889e+00 -5.913190283703670946e-01 -2.171643753444660596e-01 -7.717741018638431261e-02 -3.599395144948623615e-02 -3.155735456333753908e-02 -3.473882341943528018e-02 -3.514783180057046152e-02 -3.117604644139702549e-02 -2.459109088153439357e-02 -1.767134164892119816e-02 -1.199210336136701319e-02 -8.160831117512387309e-03 -6.030908140990833347e-03 -5.067014561116305223e-03 -4.673587379271820427e-03 -4.401146626439474824e-03 -4.019018165241293808e-03 -3.488661226804060014e-03 -2.886356200334454832e-03 -2.320269509839149435e-03 -1.871119737773396276e-03 -1.566722021217506911e-03 -1.386347478269654362e-03 -1.282167475240200347e-03 -1.204016764687884438e-03 -1.117321491370564142e-03 -1.009761851910916022e-03 -8.878125313122132772e-04 -7.674483305831248953e-04 -6.642106655821054199e-04 -5.864909556119501976e-04 -5.336000953026034423e-04 -4.980168838928905172e-04 -4.697734675823668038e-04 -4.407242968100535084e-04 -4.070518353886570838e-04 -3.694723267552531471e-04 -3.316272596773502893e-04 -2.977207684985617325e-04 -2.705191417080614531e-04 -2.504123325651517822e-04 -2.356686498797409715e-04 -2.235095304148600821e-04 -2.113883576115893105e-04 -1.979139026604737658e-04 -1.831161277171069503e-04 -1.680836132917072645e-04 -1.542464307646196668e-04 -1.426671237784178756e-04 -1.336278857121784181e-04 -1.266245104777795262e-04 -1.206922693210284669e-04 -1.148664264056570072e-04 -1.085618656993895810e-04 -1.017288864429073306e-04 -9.475963085165911115e-05 -8.822765030566249013e-05 -8.259769012351358844e-05 -7.803189247547218598e-05 -7.435749441396367443e-05 -7.118261688006936221e-05 -6.808734983291997076e-05 -6.479729927641989960e-05 -6.126894366257686910e-05 -5.766446589471399802e-05 -5.424350344815558956e-05 -5.123044174950667362e-05 -4.871712731803599130e-05 -4.663711046233554817e-05 -4.481191091713553293e-05 -4.303904579672779827e-05 -4.117834343060927280e-05 -3.919973951477468202e-05 -3.717746895204038086e-05 -3.524044819428692889e-05 -3.350603622734746404e-05 -3.202791041626169686e-05 -3.077857805744206468e-05 -2.966956672748374875e-05 -2.859616611389591872e-05 -2.748234426536834776e-05 -2.631949396179888989e-05 -2.511321109763430855e-05 -2.418876616516378605e-05 -2.234619868126282353e-05 -2.766361408454515928e-05
-2.815993711289008564e-02 -1.693364035825346559e-01 -5.002191397350846946e-01 -1.529801936230225534e+00 -2.760996148526355665e+00 -1.237644109159214878e+01 5.467446152500857970e+00 -1.891537230551105324e+02 7.002480196799415353e+02 -5.265821912401162081e+03 2.352118943262596076e+04 -5.536009232399734174e+03 7.407329391541054520e+02 -2.237504684438156062e+02 2.666997764074863220e-01 -1.887793953805328684e+01 -5.686729201325182892e+00 -3.280380060937473807e+00 -1.360235669084261412e+00 -5.773949067825797643e-01 -2.113716704348415909e-01 -7.476256591564872656e-02 -3.470212162661297228e-02 -3.047681795447130734e-02 -3.363054274052814513e-02 -3.404454711434722058e-02 -3.017403552800763944e-02 -2.376058405688636146e-02 -1.703376526554722242e-02 -1.152864481562651360e-02 -7.830966398344550022e-03 -5.789611424164454491e-03 -4.876275321242170245e-03 -4.507703538222284506e-03 -4.247061186214580106e-03 -3.873560176595668494e-03 -3.354444494727658842e-03 -2.767745569915474463e-03 -2.220365928289254678e-03 -1.790218884420083281e-03 -1.502245660337475598e-03 -1.333861016038393257e-03 -1.236882406639828492e-03 -1.162158902023414887e-03 -1.076912740200884708e-03 -9.706512768958121609e-04 -8.510823327911630834e-04 -7.345226119240963946e-04 -6.360455646405325852e-04 -5.631284905316890320e-04 -5.141845160406705853e-04 -4.811793650935955826e-04 -4.541667467288217769e-04 -4.254681436029398960e-04 -3.919256194032885872e-04 -3.548190930204448410e-04 -3.180544376781945914e-04 -2.857510054448382606e-04 -2.603403052699385231e-04 -2.418118218859600932e-04 -2.281489203728623533e-04 -2.165078513424625157e-04 -2.044931346275279658e-04 -1.909877505498614847e-04 -1.762881552575989899e-04 -1.616335059671945222e-04 -1.484445954956265684e-04 -1.376442686040706251e-04 -1.293244073382763062e-04 -1.228293880058341128e-04 -1.171421707271963887e-04 -1.113543999268456054e-04 -1.050080240082596492e-04 -9.818807666576534563e-05 -9.137124966489885188e-05 -8.513669846592667682e-05 -7.988454974249155609e-05 -7.567972302117619238e-05 -7.226629517909454836e-05 -6.921787018039732785e-05 -6.613786756714877090e-05 -6.281612116335791426e-05 -5.928171326867042883e-05 -5.574563093980807203e-05 -5.247453747260449441e-05 -4.966033591197933938e-05 -4.734197905032101202e-05 -4.540538851497678515e-05 -4.365006221513837949e-05 -4.188392463408306340e-05 -4.000154613867558254e-05 -3.801414803352576441e-05 -3.602515924450210781e-05 -3.416931735668754408e-05 -3.254661802301172385e-05 -3.118053296267674101e-05 -3.001532328786621050e-05 -2.894919987725055408e-05 -2.788161956967554197e-05 -2.676880962417595459e-05 -2.557621373626990099e-05 -2.465394370754132416e-05 -2.265202358615900919e-05 -2.826066271993591241e-05
-7.351197691559676131e-03 -5.213499830858620010e-02 -1.990565076917855114e-01 -5.624206036204232317e-01 -1.646406605073080787e+00 -2.932429743198383232e+00 -1.275735272845678026e+01 5.265222283283418570e+00 -1.913047905483610691e+02 7.039795463339308981e+02 -5.290291403641567740e+03 2.357819037396354179e+04 -5.538600875183131393e+03 7.413606043970137307e+02 -2.230158327193682624e+02 5.194697465509044987e-01 -1.868532150885959808e+01 -5.591517958143260358e+00 -3.228159003765686208e+00 -1.335103582884814344e+00 -5.660098640872774922e-01 -2.067276081680651800e-01 -7.291052379094528635e-02 -3.373476756749473060e-02 -2.961822730687198313e-02 -3.269033456329197007e-02 -3.307701459015851414e-02 -2.929002427925102986e-02 -2.304014882330680802e-02 -1.650135963868934116e-02 -1.116182100436118908e-02 -7.582210695690271701e-03 -5.608146928266417343e-03 -4.722993654613455439e-03 -4.361221918789941893e-03 -4.102230065256176443e-03 -3.735506947437642646e-03 -3.231523089214420608e-03 -2.666018631727757379e-03 -2.140942034807536906e-03 -1.729437997091163659e-03 -1.453762259892584603e-03 -1.291291233102636118e-03 -1.195856019656288882e-03 -1.121142343560942601e-03 -1.036786063218021574e-03 -9.334947792470888297e-04 -8.188194665481881391e-04 -7.079740910153732927e-04 -6.146675624918245505e-04 -5.453836802821469994e-04 -4.982586328650971457e-04 -4.656800528483465216e-04 -4.385232265995294668e-04 -4.099264466230950798e-04 -3.772180472195764129e-04 -3.417038247221228470e-04 -3.069377660673123609e-04 -2.765320209931804076e-04 -2.525014951810932600e-04 -2.346736020615798385e-04 -2.211527193283702110e-04 -2.094038443740013698e-04 -1.973693558463676179e-04 -1.841541855275855759e-04 -1.700878851335514957e-04 -1.562720694709343193e-04 -1.439066453918817702e-04 -1.337190588684959323e-04 -1.257124489534621804e-04 -1.192724410331407999e-04 -1.135175360686437030e-04 -1.076983217171760906e-04 -1.014683086538241229e-04 -9.493622495808602733e-05 -8.851740983950467955e-05 -8.268354508695827110e-05 -7.773454123789609268e-05 -7.368532159168898505e-05 -7.029566960329302358e-05 -6.720557390135566914e-05 -6.410048395383161220e-05 -6.083058190070883016e-05 -5.744042985972807968e-05 -5.411082637725137971e-05 -5.105169238489920064e-05 -4.839991619225814345e-05 -4.616520419552252682e-05 -4.423988227334322464e-05 -4.245863946499008024e-05 -4.067474258686372169e-05 -3.881736256500748102e-05 -3.690779205796875705e-05 -3.503353011787384828e-05 -3.329747494420674195e-05 -3.176782373071709604e-05 -3.045053923507034122e-05 -2.929314317426725761e-05 -2.821485719500608900e-05 -2.714604988530152786e-05 -2.605230590985437052e-05 -2.506898023392815393e-05 -2.350595511449429575e-05 -2.811660105593196790e-05
-1.454525565855354025e-03 -1.488361274852003160e-02 -6.637250966150766429e-02 -2.288232634213126782e-01 -6.141899919154643062e-01 -1.739933035760079960e+00 -3.072119161812321142e+00 -1.307550229526109753e+01 5.093922245031536455e+00 -1.932047303645273644e+02 7.074789578477767691e+02 -5.313970235697950557e+03 2.364014727391357155e+04 -5.544061919354264319e+03 7.423221500091848384e+02 -2.225224613257045405e+02 7.341173178655865383e-01 -1.853190615621039328e+01 -5.513474353835909447e+00 -3.185422099833453480e+00 -1.314476706109580340e+00 -5.567106169862069409e-01 -2.029613116846728238e-01 -7.140336246560617661e-02 -3.291131990457658862e-02 -2.885649670891575827e-02 -3.185884104143614504e-02 -3.224076288058602691e-02 -2.854812459738367836e-02 -2.245385366056492499e-02 -1.607884456546569002e-02 -1.087219962448650670e-02 -7.378777094516330085e-03 -5.448276867527366944e-03 -4.579126087463576515e-03 -4.222605618297785302e-03 -3.970305193908855480e-03 -3.616876681173622921e-03 -3.131863516779734378e-03 -2.586794711892180521e-03 -2.079163883998519109e-03 -1.679505453547156836e-03 -1.409975965483179026e-03 -1.249790420259598361e-03 -1.155340472585190091e-03 -1.082400262999823164e-03 -1.001524409788934287e-03 -9.031234052360901602e-04 -7.936956909917438274e-04 -6.873061646137516075e-04 -5.969581716817852967e-04 -5.291007665391434791e-04 -4.823965774582982544e-04 -4.499933562658711196e-04 -4.233987235307603300e-04 -3.960189401584665830e-04 -3.650499880298138829e-04 -3.314057345517929833e-04 -2.982132063444769589e-04 -2.688199957070899152e-04 -2.452300384073994211e-04 -2.274786551089683811e-04 -2.139732055701780195e-04 -2.024324441956482296e-04 -1.909038074388146467e-04 -1.784293249875237039e-04 -1.651639467541673773e-04 -1.520184530651403569e-04 -1.400731706334150568e-04 -1.300501810707534872e-04 -1.220481934227555084e-04 -1.155939818120973913e-04 -1.099255058932423792e-04 -1.043428601980716928e-04 -9.846805810776613685e-05 -9.232308105586461988e-05 -8.622752948691248518e-05 -8.059218011809241456e-05 -7.571352848966709322e-05 -7.165499897776135476e-05 -6.824916539907737215e-05 -6.519835417290501499e-05 -6.221414333497061273e-05 -5.912999743949878915e-05 -5.594388170881310754e-05 -5.278458616496293717e-05 -4.982843837366261085e-05 -4.720997278128234714e-05 -4.496531367013832583e-05 -4.302711171253977197e-05 -4.126502833075131792e-05 -3.954726209168576273e-05 -3.779369833273429267e-05 -3.599911297833531076e-05 -3.422105902969837566e-05 -3.254298576275489247e-05 -3.103149877744033116e-05 -2.971011828154273814e-05 -2.854429653391487144e-05 -2.751262110683813818e-05 -2.640861459941746612e-05 -2.586057942830385668e-05 -2.395982144425288506e-05 -2.637090203488040750e-05
-1.070137483526756262e-03 -6.167198905045266633e-03 -2.297996515731585629e-02 -7.954566692492057167e-02 -2.511956909808636951e-01 -6.535554701191405025e-01 -1.815030708328630560e+00 -3.189263339775968653e+00 -1.334988662463337050e+01 4.945953232826732382e+00 -1.949267080234577918e+02 7.108451030829797901e+02 -5.337320734122952672e+03 2.370717739714243362e+04 -5.552039092423054171e+03 7.435855583621822689e+02 -2.222290330693018063e+02 9.192280361847352532e-01 -1.841035069234654387e+01 -5.449337985228877024e+00 -3.150381716242709462e+00 -1.297438192353007169e+00 -5.489926551999707582e-01 -1.997934833359196471e-01 -7.009837097350037072e-02 -3.217984451828329734e-02 -2.819449058701136226e-02 -3.116029162039430506e-02 -3.155415004800340983e-02 -2.794539154284883531e-02 -2.197580629303381647e-02 -1.572654231051182766e-02 -1.062001041853518485e-02 -7.192432267779782194e-03 -5.298561047404272591e-03 -4.448074146146557308e-03 -4.103163375710578049e-03 -3.862331274065832626e-03 -3.522499476055321582e-03 -3.052204670940944064e-03 -2.520761108831452799e-03 -2.023933055514202072e-03 -1.631796512361424365e-03 -1.367220078242494018e-03 -1.210674109655057078e-03 -1.119656590754737136e-03 -1.050473761056368435e-03 -9.735946133668640706e-04 -8.789788457367492822e-04 -7.726610878503480974e-04 -6.684959905555693882e-04 -5.796079877800312677e-04 -5.127962649275830597e-04 -4.671079953313046523e-04 -4.359329203109775855e-04 -4.107990062063595314e-04 -3.849480489085583840e-04 -3.553425124295343795e-04 -3.227213390269238194e-04 -2.901743951821822562e-04 -2.611525895198856624e-04 -2.378405902868069690e-04 -2.204422321860749197e-04 -2.074494210231233053e-04 -1.965575706740661983e-04 -1.857107070826234457e-04 -1.738270754126277089e-04 -1.609780020335155163e-04 -1.480649153295415430e-04 -1.362292100623965405e-04 -1.262894264490954069e-04 -1.184296429439165048e-04 -1.122152066921186162e-04 -1.068653749305260799e-04 -1.016205153342642002e-04 -9.603429028607392845e-05 -9.008388016853923299e-05 -8.408536848120678868e-05 -7.848447790654505612e-05 -7.363149987460186250e-05 -6.963679300229789668e-05 -6.635330751082586472e-05 -6.347154064559864595e-05 -6.066828507552871714e-05 -5.773761841131124065e-05 -5.465180197355297127e-05 -5.153774143082370324e-05 -4.859212670689212841e-05 -4.598080532156900328e-05 -4.376723689331314204e-05 -4.189586325332677707e-05 -4.022915874202019051e-05 -3.861451358998237805e-05 -3.694820999906605512e-05 -3.520967259879940439e-05 -3.345525352168874023e-05 -3.178241595405054929e-05 -3.027243392646381627e-05 -2.899262247414973598e-05 -2.782476984673373134e-05 -2.708185921244629543e-05 -2.625428799279846576e-05 -2.223653497283522855e-05 -2.687481985048932031e-05
-1.836284491591483325e-03 -6.453125610333348625e-03 -1.147314923263455938e-02 -2.858566928889326800e-02 -8.749585100518819658e-02 -2.668096126356912512e-01 -6.848057956657763734e-01 -1.878659086471503370e+00 -3.291430549814513551e+00 -1.359280018939604595e+01 4.817040780814212830e+00 -1.965206027248928251e+02 7.141477599036529682e+02 -5.360677501156710605e+03 2.377937536606875437e+04 -5.562278485749668107e+03 7.451264994951313838e+02 -2.221056687408127459e+02 1.080955220151339935e+00 -1.831514556324979281e+01 -5.396520727212412716e+00 -3.121555885326227742e+00 -1.283233796569779983e+00 -5.424980527142604370e-01 -1.970928218136843157e-01 -6.897909089858994536e-02 -3.156606788779289796e-02 -2.765501963333656318e-02 -3.059325995635965925e-02 -3.098954800843600754e-02 -2.743865645975105197e-02 -2.156247051371690260e-02 -1.541303334553206436e-02 -1.039147262335241191e-02 -7.025014363407045340e-03 -5.169348046202552026e-03 -4.340364442200843852e-03 -4.007522608461013686e-03 -3.775046442694200526e-03 -3.443147174732111727e-03 -2.981506647914125650e-03 -2.459245971839353010e-03 -1.971406345004598007e-03 -1.587357167822323490e-03 -1.329529306371454549e-03 -1.178261793529375347e-03 -1.091165488422960340e-03 -1.024817911108636586e-03 -9.500380577653779303e-04 -8.571438311532778107e-04 -7.524685425802207219e-04 -6.500499792932004422e-04 -5.630510106632705732e-04 -4.981770289504876617e-04 -4.543040146794914474e-04 -4.246512664925458690e-04 -4.006496406166094480e-04 -3.755551401919220546e-04 -3.464460441262811707e-04 -3.142282598528243175e-04 -2.821421590327684911e-04 -2.537176647429668181e-04 -2.311260151796547160e-04 -2.144841734766786618e-04 -2.021707959913416036e-04 -1.917943006411030368e-04 -1.812735968490408907e-04 -1.695690137898734338e-04 -1.568373311010378660e-04 -1.440690341618676765e-04 -1.324611743200734902e-04 -1.228357992646376138e-04 -1.153338218186544307e-04 -1.094554928124303375e-04 -1.043642936736144443e-04 -9.927778112472019549e-05 -9.376650148091663056e-05 -8.785299446526481420e-05 -8.190486897133075804e-05 -7.640299026596736234e-05 -7.170340847606090603e-05 -6.789399550223156098e-05 -6.479019188817411391e-05 -6.204824030883383963e-05 -5.932877165422282482e-05 -5.643312888846481516e-05 -5.335880345597696794e-05 -5.026315507753497048e-05 -4.736487183262363455e-05 -4.483477308048363329e-05 -4.272402424528536470e-05 -4.095484419592077051e-05 -3.936846951412256083e-05 -3.780150775117437057e-05 -3.615348219656872307e-05 -3.442017938708957314e-05 -3.267190066073305277e-05 -3.104751546460547760e-05 -2.953416360050908814e-05 -2.856897152826777213e-05 -2.743281232016905758e-05 -2.452276676864258780e-05 -2.262940687319111050e-05 -2.708409732666995420e-05
-2.301130596965934340e-03 -7.658448599649226966e-03 -1.020736085141706051e-02 -1.382291051467444097e-02 -3.069982377317569122e-02 -9.232600799672618930e-02 -2.793241237200424498e-01 -7.119237837925693757e-01 -1.934888364181295950e+00 -3.382449897403426942e+00 -1.381150329653075381e+01 4.704676165336461935e+00 -1.980223658037959922e+02 7.174369336233623926e+02 -5.384290623117246469e+03 2.385682285100706213e+04 -5.574594118234538655e+03 7.469266372150077586e+02 -2.221299579609815851e+02 1.224040244576157566e+00 -1.824200928716791381e+01 -5.353010240963774535e+00 -3.097845090597477036e+00 -1.271367430638429719e+00 -5.370418596021394597e-01 -1.948213939361743974e-01 -6.805284053623619767e-02 -3.107100189649162486e-02 -2.721607677079931897e-02 -3.011768509576596628e-02 -3.050300037358223693e-02 -2.699355259917557426e-02 -2.119609863877662884e-02 -1.513643731388709078e-02 -1.019421622497600384e-02 -6.885557025871789569e-03 -5.064825158094559375e-03 -4.252956726292512687e-03 -3.926905332679392346e-03 -3.697748699332544832e-03 -3.370196737752219340e-03 -2.915678539998009522e-03 -2.402865924940612071e-03 -1.925170443347699835e-03 -1.550179356561331946e-03 -1.299126033246191230e-03 -1.152045312398039274e-03 -1.067047312808113834e-03 -1.001662241382131899e-03 -9.276877217721644529e-04 -8.361073807958911263e-04 -7.334534486072402356e-04 -6.335426789977932800e-04 -5.490859650167001678e-04 -4.863397890529545060e-04 -4.439187910672543055e-04 -4.150433442519449608e-04 -3.913656280318940860e-04 -3.664612059901558140e-04 -3.376861007628081100e-04 -3.060823746127516276e-04 -2.748581030612962084e-04 -2.473875253257936703e-04 -2.256499519327660600e-04 -2.096217225515185131e-04 -1.976445753660463587e-04 -1.873950006144375414e-04 -1.769224572771965071e-04 -1.653179560411463446e-04 -1.528156737878264698e-04 -1.404066070923364821e-04 -1.292232677076412715e-04 -1.199955370959955055e-04 -1.127883214071430655e-04 -1.070729188572820987e-04 -1.020376120895979320e-04 -9.696138727180594148e-05 -9.148230114746882169e-05 -8.566723203296870378e-05 -7.988931123594071343e-05 -7.459904385978409936e-05 -7.010416598301599236e-05 -6.644968766127144538e-05 -6.343179536247917549e-05 -6.071683538955206203e-05 -5.799725739416605378e-05 -5.511177940298459048e-05 -5.208413747766072323e-05 -4.907685236607952831e-05 -4.629302027000676829e-05 -4.387642191461672662e-05 -4.185296347927192209e-05 -4.013246065301407365e-05 -3.856050958911719071e-05 -3.699295743886315760e-05 -3.534665066262480948e-05 -3.365951886432940859e-05 -3.191233850659479324e-05 -3.058943657798022354e-05 -2.914487548640573011e-05 -2.585353578387439104e-05 -2.488602501806146003e-05 -2.265303570803811069e-05 -2.746569787255280187e-05
-2.214166510649053475e-03 -7.600610317437838000e-03 -1.033140017270024746e-02 -1.137885625288525063e-02 -1.414569715286717946e-02 -3.176410430255773715e-02 -9.653562217470088025e-02 -2.906940781932333961e-01 -7.363111383931044696e-01 -1.985223834881990834e+00 -3.464241756287442797e+00 -1.401107144816773165e+01 4.606553286448626494e+00 -1.994592423846618772e+02 7.207493234412746688e+02 -5.408351900217292496e+03 2.393959484437071296e+04 -5.588847600784387396e+03 7.489722604187379602e+02 -2.222847397539566998e+02 1.352137974390760888e+00 -1.818769008711252155e+01 -5.317338639481066664e+00 -3.078488397770100971e+00 -1.261516948772355207e+00 -5.325007705559803295e-01 -1.929323533296006254e-01 -6.728774599644693488e-02 -3.065827032237994701e-02 -2.683886064417857417e-02 -2.970131002647262083e-02 -3.007539801893671649e-02 -2.660471104689009561e-02 -2.088037475754559585e-02 -1.490261945990270162e-02 -1.003058130096351301e-02 -6.770422368256178054e-03 -4.976424039740421149e-03 -4.175629847093579455e-03 -3.853023844672049010e-03 -3.626342746179406738e-03 -3.303943225774290914e-03 -2.857827598170940148e-03 -2.355166431346234022e-03 -1.887170328162338746e-03 -1.519686525433225919e-03 -1.273281750233085097e-03 -1.128407164945711061e-03 -1.044252893164533073e-03 -9.795213387994267887e-04 -9.068086450796526135e-04 -8.173171040616667490e-04 -7.172876634376103419e-04 -6.199906520986168089e-04 -5.376324681148341323e-04 -4.762190902777471940e-04 -4.344295673799791107e-04 -4.057803709517997758e-04 -3.822879370395626227e-04 -3.577993502541081680e-04 -3.297571572557333043e-04 -2.991067685643935430e-04 -2.688542936733144106e-04 -2.421746619375280676e-04 -2.209380934275488779e-04 -2.051360466565339108e-04 -1.932247416650476328e-04 -1.830310648690750669e-04 -1.727219378133658932e-04 -1.614287675421939734e-04 -1.493446444411013793e-04 -1.373691289182981073e-04 -1.265409967711841920e-04 -1.175359856928071803e-04 -1.104231007906136445e-04 -1.047266986986904029e-04 -9.970780675952760396e-05 -9.470398894846938508e-05 -8.937454486658113605e-05 -8.376637809863014740e-05 -7.820595021575471400e-05 -7.309463304748844146e-05 -6.871072174884993301e-05 -6.510019914255609343e-05 -6.208670135595226625e-05 -5.937544073178303915e-05 -5.669091009709854140e-05 -5.388396986343339193e-05 -5.096778934421066940e-05 -4.807909146726081312e-05 -4.539322285611981967e-05 -4.303696024376071232e-05 -4.103614001025094970e-05 -3.931736970689837232e-05 -3.774403266362155301e-05 -3.621588179517093729e-05 -3.456598382592652020e-05 -3.317057259456884869e-05 -3.148352972479284234e-05 -2.794909453980378724e-05 -2.643002090820225562e-05 -2.501331373314655070e-05 -2.288675151469012271e-05 -2.785080119164649705e-05
-1.765356704967531876e-03 -6.349572938650671454e-03 -9.466706379450587350e-03 -1.121008048933814019e-02 -1.160969862710622795e-02 -1.443265527348963975e-02 -3.310484500741637387e-02 -1.006989054723980426e-01 -3.010463325287074943e-01 -7.581411034720839659e-01 -2.030506747411719104e+00 -3.538456542469109678e+00 -1.419573978786307755e+01 4.520401051767417577e+00 -2.008522329216295361e+02 7.241128905060924126e+02 -5.433011755019802877e+03 2.402776336088599419e+04 -5.604934989216677423e+03 7.512530175436587569e+02 -2.225568083264498966e+02 1.467998867598341972e+00 -1.814974468401770480e+01 -5.288422305258676737e+00 -3.062911514564557347e+00 -1.253414288904994622e+00 -5.287425759753308085e-01 -1.913535200764562849e-01 -6.663804759549285528e-02 -3.029825111700067478e-02 -2.650735039513247432e-02 -2.933929421657895109e-02 -2.970852813368657711e-02 -2.627496826109828806e-02 -2.061475822321610918e-02 -1.470595444027452195e-02 -9.891048825442326844e-03 -6.669203358780320841e-03 -4.896011600799656145e-03 -4.104424340730068038e-03 -3.786107770516736280e-03 -3.563667463622338834e-03 -3.247572345882868573e-03 -2.809582735323600759e-03 -2.315387315458847326e-03 -1.854640195475619263e-03 -1.492321280333688566e-03 -1.249029273502926278e-03 -1.105902434409485133e-03 -1.023019371391285575e-03 -9.597591143499490220e-04 -8.889706390044959045e-04 -8.017093160100401345e-04 -7.038565678860037294e-04 -6.083406307971568790e-04 -5.272070759656081757e-04 -4.665255238856485360e-04 -4.251950678149609059e-04 -3.969837631604234774e-04 -3.740769098203266499e-04 -3.503522650509952670e-04 -3.231613260290659728e-04 -2.933041750704239062e-04 -2.636664582012666620e-04 -2.373812222396673932e-04 -2.163641969768463776e-04 -2.007074456252779990e-04 -1.889706464547143594e-04 -1.790413704807187307e-04 -1.690847939690219668e-04 -1.581792893707296532e-04 -1.464460452992897644e-04 -1.347299734302160625e-04 -1.240556660724105825e-04 -1.151269042699191661e-04 -1.080654669833419862e-04 -1.024468852098192790e-04 -9.755951142101440272e-05 -9.273561961151457458e-05 -8.760348149676132053e-05 -8.217072209697800426e-05 -7.673525417581138284e-05 -7.169247576157389929e-05 -6.733759650653567668e-05 -6.374642123480477767e-05 -6.077071310561947196e-05 -5.812992687326794798e-05 -5.554429364805438132e-05 -5.284606068528314873e-05 -5.002551034498448280e-05 -4.720316374830135824e-05 -4.455129903144994583e-05 -4.220847538448881982e-05 -4.021391930838710826e-05 -3.853520132886598245e-05 -3.695528399039832380e-05 -3.570461608801372386e-05 -3.410909457955549947e-05 -3.055982800359474850e-05 -2.883704721364707330e-05 -2.687222848161803447e-05 -2.547939060341583754e-05 -2.323742883994852504e-05 -2.829584503517196652e-05
-1.211354712274471598e-03 -4.601880942812427988e-03 -7.641391474453362864e-03 -1.034754053905497483e-02 -1.181365671245856314e-02 -1.212974734113013084e-02 -1.509731629904082981e-02 -3.456191831212081927e-02 -1.044526355843393567e-01 -3.102070769644076909e-01 -7.777049891566640838e-01 -2.071745011670302450e+00 -3.606729698139456097e+00 -1.436897656041194971e+01 4.444357888891277142e+00 -2.022175652029873163e+02 7.275496595080558109e+02 -5.458390854675616538e+03 2.412139951318385283e+04 -5.622778012757478791e+03 7.537609970420410264e+02 -2.229359431041120843e+02 1.573723475553733042e+00 -1.812627004881612081e+01 -5.265391828618997572e+00 -3.050626714492003622e+00 -1.246813405335240876e+00 -5.256426074095964518e-01 -1.900266177638003651e-01 -6.608132464997365507e-02 -2.998716143218082414e-02 -2.622501933504487598e-02 -2.903461530123363499e-02 -2.940052765237397003e-02 -2.599673763730431936e-02 -2.038788890435478535e-02 -1.453470913087822475e-02 -9.766717507550648492e-03 -6.577569518320240151e-03 -4.823638000285574400e-03 -4.042043147033245326e-03 -3.729191103111423235e-03 -3.511192218348360445e-03 -3.200189498976714533e-03 -2.768091267929114960e-03 -2.279928931333634421e-03 -1.824592453397871211e-03 -1.466613576927828936e-03 -1.226560595614155022e-03 -1.085831996081284721e-03 -1.004851147960777709e-03 -9.432626689923804229e-04 -8.740374016298134256e-04 -7.882354750045697262e-04 -6.916958654334157781e-04 -5.973205541042573034e-04 -5.171714194168526742e-04 -4.573651091566711653e-04 -4.168473951460235157e-04 -3.894061939959236190e-04 -3.672137835581514367e-04 -3.441168167684236705e-04 -3.174422645181974672e-04 -2.879915712590546827e-04 -2.586812301907387836e-04 -2.326917408991644061e-04 -2.119813267119447723e-04 -1.966611102264038166e-04 -1.852800651260307226e-04 -1.756934994440776884e-04 -1.660305704830985943e-04 -1.553480728539406307e-04 -1.437700938558619259e-04 -1.321667158620546876e-04 -1.215975896366231455e-04 -1.127954396113362999e-04 -1.058929035230953935e-04 -1.004554898177166734e-04 -9.574746834231324456e-05 -9.107548612941350269e-05 -8.605268198148118420e-05 -8.068823583231091168e-05 -7.529641889022100460e-05 -7.029541190894503971e-05 -6.599912769537408014e-05 -6.249025278946445706e-05 -5.961384224501860833e-05 -5.707350116699822174e-05 -5.457255935235726395e-05 -5.193320153572488868e-05 -4.914627101261144108e-05 -4.634395664970587683e-05 -4.370883883064708943e-05 -4.141528787718927934e-05 -3.942083697823681822e-05 -3.801315216644069942e-05 -3.648232954314676603e-05 -3.313577588133806662e-05 -3.149226758630558742e-05 -2.949721391701383863e-05 -2.764525527438817614e-05 -2.615189999380453957e-05 -2.377933096143856008e-05 -2.886195474721383117e-05
-7.331478401809732618e-04 -2.968745404199885432e-03 -5.521672441962542990e-03 -8.549044508416377142e-03 -1.124944500544881702e-02 -1.265691402209324912e-02 -1.281568736575549108e-02 -1.573460939924885976e-02 -3.575508000154072746e-02 -1.076586381406258591e-01 -3.183802156140417283e-01 -7.955605890068551123e-01 -2.109915201381130423e+00 -3.670367227018845213e+00 -1.453339144875773314e+01 4.377066401470176338e+00 -2.035679684847945339e+02 7.310773140540201211e+02 -5.484588259762429516e+03 2.422057485018238731e+04 -5.642317884455436797e+03 7.564901954727506563e+02 -2.234141182509753207e+02 1.670996292685667406e+00 -1.811571981297629819e+01 -5.247521276701497150e+00 -3.041225050095495153e+00 -1.241516295052308427e+00 -5.231142570954407933e-01 -1.889238729977029130e-01 -6.561519236926154075e-02 -2.972857176879839872e-02 -2.599153242044675502e-02 -2.878021154479870267e-02 -2.913938359476968276e-02 -2.575693689451663201e-02 -2.018936626235826384e-02 -1.438327410281948701e-02 -9.656735885547017284e-03 -6.497697469569544033e-03 -4.762099620219043331e-03 -3.989895585255717400e-03 -3.681397034796144579e-03 -3.466087559346752583e-03 -3.158182293744440060e-03 -2.730303757334680108e-03 -2.247219437933798553e-03 -1.797100398490028344e-03 -1.443755821875945030e-03 -1.207303603883656037e-03 -1.069047984122030448e-03 -9.896139506301857621e-04 -9.290069493614430988e-04 -8.605698943841784193e-04 -7.756343770541274845e-04 -6.801564688709039195e-04 -5.870073459171472070e-04 -5.081208564592772309e-04 -4.494589391470471497e-04 -4.098507175536996870e-04 -3.830444466672880909e-04 -3.612545874125820439e-04 -3.384260439734849708e-04 -3.119975228962950579e-04 -2.828540110443327382e-04 -2.539418093223565144e-04 -2.284157060215609718e-04 -2.081722561402913891e-04 -1.932558086787850200e-04 -1.821721463223832768e-04 -1.727724561777481014e-04 -1.632185653625056125e-04 -1.526196583249547138e-04 -1.411487789989870998e-04 -1.297024396857801749e-04 -1.193365760525742233e-04 -1.107557789945093124e-04 -1.040553158854907578e-04 -9.877136107037401901e-05 -9.415876343177320435e-05 -8.953675608323030373e-05 -8.454557469744471425e-05 -7.922313165174168343e-05 -7.390188002417692574e-05 -6.900124101811484800e-05 -6.482095697532395560e-05 -6.142209973612286641e-05 -5.863096408593953905e-05 -5.614331359497943939e-05 -5.366774246137419384e-05 -5.104283661433444026e-05 -4.827261864654547161e-05 -4.552436584967150060e-05 -4.289866878523350700e-05 -4.087799822463337323e-05 -3.893674290234346448e-05 -3.549100728037997611e-05 -3.391120945758782450e-05 -3.205913350359239654e-05 -3.032091999445636016e-05 -2.852310237145131688e-05 -2.701603608791287061e-05 -2.451965541336944104e-05 -2.962054777117135917e-05
-4.083089250707456130e-04 -1.770245248941318883e-03 -3.668377559058500024e-03 -6.385852479696038989e-03 -9.520588871270862716e-03 -1.220351484995096415e-02 -1.342322723215876208e-02 -1.331939393852610808e-02 -1.614435486760807878e-02 -3.669809622225458923e-02 -1.105205229814302803e-01 -3.259112375015165708e-01 -8.121704477424451785e-01 -2.145687499278828625e+00 -3.730260091680040802e+00 -1.469093508528213476e+01 4.317472741453042495e+00 -2.049137121661700860e+02 7.347102587077813496e+02 -5.511687074577951535e+03 2.432536238943184435e+04 -5.663510794887346492e+03 7.594361832199513174e+02 -2.239849423433229276e+02 1.761204967572153279e+00 -1.811683317739548471e+01 -5.234224385331875062e+00 -3.034388995017430091e+00 -1.237380994428215919e+00 -5.211023794830613731e-01 -1.880291290878065291e-01 -6.523471547788034508e-02 -2.951628750933945125e-02 -2.579650409657105459e-02 -2.856364100582120535e-02 -2.891414579375403346e-02 -2.554865798861742643e-02 -2.001685070526155671e-02 -1.425256924748424976e-02 -9.563076884333289104e-03 -6.430612318667709021e-03 -4.710455644919129062e-03 -3.945244288215926480e-03 -3.639216618445735400e-03 -3.425330661923129023e-03 -3.119905501427534551e-03 -2.696147870780235111e-03 -2.218285953797648896e-03 -1.773457464247838074e-03 -1.424526026716650120e-03 -1.191112178604667327e-03 -1.054555305963698160e-03 -9.759100434988923940e-04 -9.157565236194013022e-04 -8.479154694267305352e-04 -7.639519061639400178e-04 -6.697887322265612224e-04 -5.780805050578053869e-04 -5.004947283835031258e-04 -4.428002571069758215e-04 -4.037741125249710850e-04 -3.772507326173152645e-04 -3.556111890989996772e-04 -3.329675743538349853e-04 -3.068605144308749594e-04 -2.781837268789159878e-04 -2.498137031766778978e-04 -2.248010745304321507e-04 -2.049546406523691572e-04 -1.902829309687146945e-04 -1.793159333275253864e-04 -1.699706431382226374e-04 -1.604831136997660751e-04 -1.500132615440239348e-04 -1.387439555686015237e-04 -1.275429435822014886e-04 -1.174171007816466228e-04 -1.090260004330780350e-04 -1.024431679340036120e-04 -9.721297121340977468e-05 -9.262129987013292245e-05 -8.802525522113786893e-05 -8.309283116521337979e-05 -7.786910392335625816e-05 -7.267278192573655977e-05 -6.789738090172596301e-05 -6.381750912806409179e-05 -6.048100409306258503e-05 -5.771715815134101184e-05 -5.523942339859936771e-05 -5.277344580895229923e-05 -5.019657177596989890e-05 -4.743569771748406470e-05 -4.495876276338656326e-05 -4.239294068122163460e-05 -3.839492641864853978e-05 -3.641052411634033319e-05 -3.441921390592548073e-05 -3.273391471215680116e-05 -3.110435101616909918e-05 -2.943211244620664159e-05 -2.798471212874845511e-05 -2.542422470841010189e-05 -3.060697398119780225e-05
-2.350481874855558245e-04 -1.059923646723952761e-03 -2.342560654713629273e-03 -4.413914526909233811e-03 -7.232687113917207929e-03 -1.036865842363092309e-02 -1.293240626250194598e-02 -1.394634974063793144e-02 -1.363977690697936937e-02 -1.645685864796182785e-02 -3.757958221428526341e-02 -1.132274401925984497e-01 -3.329846590830601305e-01 -8.277647819849871524e-01 -2.179478294114069570e+00 -3.787067864845004905e+00 -1.484318878351305315e+01 4.264653246666362030e+00 -2.062632692691855709e+02 7.384604758434617224e+02 -5.539758396796612942e+03 2.443583740083034354e+04 -5.686324654824788013e+03 7.625958106553071048e+02 -2.246433087534035451e+02 1.845481195370659133e+00 -1.812860077408022974e+01 -5.225041574616756002e+00 -3.029874184133640735e+00 -1.234297695065685652e+00 -5.195589764271596467e-01 -1.873203803857808880e-01 -6.492609637270331524e-02 -2.933878027290823254e-02 -2.563030490483773904e-02 -2.837833407584933187e-02 -2.872177101965445525e-02 -2.537154914075291992e-02 -1.987100503137276611e-02 -1.414262491023224842e-02 -9.484241456124914774e-03 -6.373391355355337122e-03 -4.665227357190626124e-03 -3.905149666279548147e-03 -3.601031325083487670e-03 -3.388782415897651727e-03 -3.086248898253184277e-03 -2.666761581214562287e-03 -2.193783205849082936e-03 -1.753453442609247299e-03 -1.407922246660899641e-03 -1.176615680873053247e-03 -1.041149458207315517e-03 -9.630984629073357410e-04 -9.035414945136163636e-04 -8.365878276127642005e-04 -7.538252874236093951e-04 -6.609995516820403334e-04 -5.705195072651304171e-04 -4.938666211746989493e-04 -4.367562069729799372e-04 -3.980441604285411784e-04 -3.717187662170563225e-04 -3.503115007862001745e-04 -3.280193682467614038e-04 -3.023801005747956045e-04 -2.742162543293858172e-04 -2.463102455802644759e-04 -2.216428758137948900e-04 -2.020056177514225270e-04 -1.874425669637918180e-04 -1.765491314924625549e-04 -1.673049324242638673e-04 -1.579793787097234249e-04 -1.477267834830776655e-04 -1.366942895394983098e-04 -1.257045622239197922e-04 -1.157319145392231400e-04 -1.074291177107064614e-04 -1.008886431270355274e-04 -9.568810379348194318e-05 -9.114462359147279123e-05 -8.663117946474717195e-05 -8.181141218354918033e-05 -7.671050436945740228e-05 -7.162270910516618685e-05 -6.692426362770001773e-05 -6.288651272243344650e-05 -5.956949868270855616e-05 -5.681721178630947256e-05 -5.438248382263647052e-05 -5.191942297300640766e-05 -4.960304434820032290e-05 -4.690048555399906830e-05 -4.249937512990015285e-05 -3.989884452557591925e-05 -3.732382026526066436e-05 -3.524089154756830314e-05 -3.345557875907589251e-05 -3.186789068676805872e-05 -3.030125401632100172e-05 -2.896815503398125945e-05 -2.641680748361646994e-05 -3.179891120030879236e-05
-1.699108847088936602e-04 -7.314239491039513895e-04 -1.547757442284473451e-03 -2.927563895209981878e-03 -5.040168143830293414e-03 -7.860882693466757568e-03 -1.096006816677821093e-02 -1.344908412001505175e-02 -1.435273931414430583e-02 -1.394208920497050190e-02 -1.680604350154965565e-02 -3.847037606296624390e-02 -1.158036451867389821e-01 -3.396372960237100669e-01 -8.424730536434262840e-01 -2.211630158872693652e+00 -3.841377114521836056e+00 -1.499150532510532052e+01 4.217795744012913239e+00 -2.076236970903677275e+02 7.423381900346105340e+02 -5.568864205068300180e+03 2.455207793837845747e+04 -5.710736755657230788e+03 7.659669439310199550e+02 -2.253851542706391342e+02 1.924740251188758355e+00 -1.815021296196890077e+01 -5.219601703203331056e+00 -3.027477068863259291e+00 -1.232167510735615368e+00 -5.184350413314089412e-01 -1.867732227185669447e-01 -6.467687061648014213e-02 -2.919006222957003932e-02 -2.549074979166482402e-02 -2.822402744406421124e-02 -2.856225613242980785e-02 -2.522462044255663685e-02 -1.974935298701121361e-02 -1.404981388229598581e-02 -9.416364298660604912e-03 -6.322947812862396953e-03 -4.624766722613072450e-03 -3.869458953927085425e-03 -3.567681245087090443e-03 -3.357491959758695903e-03 -3.057764798889411363e-03 -2.641848729179478543e-03 -2.172657119839094524e-03 -1.735698671204074454e-03 -1.392740076563355432e-03 -1.163174873568328244e-03 -1.028851796350056975e-03 -9.516712112059419124e-04 -8.929703705493624447e-04 -8.269676325942779170e-04 -7.452178557458983546e-04 -6.533587101616743003e-04 -5.636966290847733466e-04 -4.876705505724829477e-04 -4.310239050085246603e-04 -3.926849381275608467e-04 -3.667163309954131565e-04 -3.456918168272332605e-04 -3.238067357360721599e-04 -2.985649472949565846e-04 -2.707479293663394757e-04 -2.431136336653688895e-04 -2.186464833710244338e-04 -1.991653076338936821e-04 -1.847498004604386577e-04 -1.740217028306020733e-04 -1.649668974975292634e-04 -1.558411399213016646e-04 -1.457747735150625936e-04 -1.348939634106093434e-04 -1.240136584154033820e-04 -1.141164941513426236e-04 -1.058744597243704795e-04 -9.940039001993883426e-05 -9.428410871076103579e-05 -8.984222579728665505e-05 -8.543625817181762366e-05 -8.071407163341721557e-05 -7.568877975719044140e-05 -7.065148820393933658e-05 -6.598642730715050745e-05 -6.197373640780589395e-05 -5.870742054375315395e-05 -5.595977825455258317e-05 -5.377601813610056010e-05 -5.136414253338210850e-05 -4.716446331521859261e-05 -4.442804457469912469e-05 -4.141879130124604725e-05 -3.872763051096629003e-05 -3.635942322941892031e-05 -3.436371798726079412e-05 -3.267729090294832191e-05 -3.113302429475170463e-05 -2.990579685915462224e-05 -2.741134752033800600e-05 -3.311916542780885431e-05
-1.604160393525150383e-04 -6.253243766724312204e-04 -1.146519334551440077e-03 -1.970345294965519540e-03 -3.330243979081398079e-03 -5.440306498312149144e-03 -8.284543385801333704e-03 -1.141800760766500424e-02 -1.391574571726001894e-02 -1.477373336109693777e-02 -1.428690550052221821e-02 -1.718221397511122961e-02 -3.932389132288989508e-02 -1.182160101095803412e-01 -3.459041040218129304e-01 -8.564460279248089503e-01 -2.242479859912240414e+00 -3.893713472347914983e+00 -1.513701820906606521e+01 4.176233805827184398e+00 -2.090009184796274440e+02 7.463523125471544972e+02 -5.599059556377471381e+03 2.467416520255618161e+04 -5.736732041300411765e+03 7.695482740506678283e+02 -2.262072526421527243e+02 1.999737930889287307e+00 -1.818100287068294563e+01 -5.217589967929904482e+00 -3.027020175253130940e+00 -1.230902402385116501e+00 -5.176888341488944389e-01 -1.863707894130211262e-01 -6.448227097463084256e-02 -2.907017544347750490e-02 -2.537847420413417987e-02 -2.809983693498723303e-02 -2.843267075008815495e-02 -2.510350461430345057e-02 -1.964728337443621270e-02 -1.397046574013564510e-02 -9.357422266694337409e-03 -6.278927896528740255e-03 -4.589821674156300234e-03 -3.839178557683486145e-03 -3.539688001354998181e-03 -3.331129137312250927e-03 -3.033360349262802409e-03 -2.619979576127609740e-03 -2.153664931418251133e-03 -1.719518442024345253e-03 -1.378968682479556106e-03 -1.151253809687874125e-03 -1.018248899341400423e-03 -9.419947072119414953e-04 -8.840001487024829645e-04 -8.186242968655879941e-04 -7.375038167616898869e-04 -6.463004600777987095e-04 -5.573048645952845834e-04 -4.819218241625771696e-04 -4.258597630196159179e-04 -3.880220601666785167e-04 -3.624617255790945399e-04 -3.417588095498776579e-04 -3.201282771259716204e-04 -2.951013975067295512e-04 -2.674873224050100876e-04 -2.400642088626543690e-04 -2.158237905860544369e-04 -1.965782410125195535e-04 -1.823906240419956976e-04 -1.718636913480649415e-04 -1.629702280978065050e-04 -1.539643074167447077e-04 -1.439865614450378949e-04 -1.331809500174354016e-04 -1.223802951354071385e-04 -1.125781054798866035e-04 -1.044465109701746150e-04 -9.808878943805953300e-05 -9.308059245975223409e-05 -8.872640973895511705e-05 -8.438304995768082289e-05 -7.970253806436188178e-05 -7.471010873713757473e-05 -6.970551363465883707e-05 -6.510272244636919499e-05 -6.110672328653489341e-05 -5.809359504881011290e-05 -5.539743843225337775e-05 -5.136883349257138909e-05 -4.891880153012006203e-05 -4.607463983362581939e-05 -4.324920272710512810e-05 -4.044425774380308776e-05 -3.784359286073590351e-05 -3.556504790535288454e-05 -3.365360216932531285e-05 -3.200167566696850868e-05 -3.080079738239462669e-05 -2.835221448442853156e-05 -3.446676833339370544e-05
-1.651648441188518634e-04 -6.021906512304895168e-04 -9.675729862972171687e-04 -1.434681892866438487e-03 -2.203605125997035695e-03 -3.559253998668802238e-03 -5.721779859101852779e-03 -8.655131067918361842e-03 -1.187123032148116979e-02 -1.439787694737600099e-02 -1.520624152167165608e-02 -1.462570178090660117e-02 -1.752736396886210579e-02 -4.010672194515700617e-02 -1.204801763625332062e-01 -3.518672422744287265e-01 -8.698476714055793924e-01 -2.272319253724804256e+00 -3.944502704269421400e+00 -1.528064994766915774e+01 4.139433078343295769e+00 -2.103999819303969900e+02 7.505107307986893375e+02 -5.630394258872744103e+03 2.480218383658067251e+04 -5.764301779092187644e+03 7.733391971597760630e+02 -2.271070402331175728e+02 2.071116859542492250e+00 -1.822041236162377942e+01 -5.218738887216181510e+00 -3.028354843546313457e+00 -1.230432230928738546e+00 -5.172909056200395428e-01 -1.861038449551577489e-01 -6.434069625660904235e-02 -2.897852279882881868e-02 -2.529118080796706469e-02 -2.800159030658572884e-02 -2.832808854050307065e-02 -2.500391334526387913e-02 -1.956209600675597876e-02 -1.390366144189561851e-02 -9.307783483212143938e-03 -6.242138966465810533e-03 -4.560846326742399974e-03 -3.813980253851291784e-03 -3.515977035325673367e-03 -3.308265528938736464e-03 -3.011765036141800939e-03 -2.600427208574481678e-03 -2.136733074133676229e-03 -1.705319213110609950e-03 -1.367153715282727437e-03 -1.141198968024386947e-03 -1.009295854791993812e-03 -9.336465969575337507e-04 -8.760141759552725338e-04 -8.109949746924159653e-04 -7.303699020295936241e-04 -6.398262505028338857e-04 -5.515838106800807035e-04 -4.769316431643421967e-04 -4.214738798413371649e-04 -3.840611588200684733e-04 -3.587577611081106937e-04 -3.382046771959305062e-04 -3.166964455093335172e-04 -2.918295400274141310e-04 -2.644419055329394019e-04 -2.372997173866410101e-04 -2.133542742954239299e-04 -1.943704497602284067e-04 -1.803781585188166169e-04 -1.699732874430657354e-04 -1.611476960434598963e-04 -1.521895257287033038e-04 -1.422727843769006799e-04 -1.315607585296058198e-04 -1.208856939792850814e-04 -1.112237587107646540e-04 -1.032226990038742279e-04 -9.696580620210182636e-05 -9.202140520502244099e-05 -8.770094562208362473e-05 -8.337941019950666146e-05 -7.872375810129350409e-05 -7.379224254517055364e-05 -6.881105796545422982e-05 -6.446740142099353671e-05 -6.053249430546161624e-05 -5.572026736060845355e-05 -5.298816786331756736e-05 -5.028181938841388559e-05 -4.773977884455709675e-05 -4.509143374506509181e-05 -4.235295831468718452e-05 -3.963825003817502226e-05 -3.711190660459458344e-05 -3.491202626235097089e-05 -3.302859545185534036e-05 -3.172751087776810500e-05 -2.924645577605396694e-05 -3.576449261944942887e-05
-1.612586614447571274e-04 -5.755370622158895470e-04 -8.728381170891353919e-04 -1.162955582662724514e-03 -1.570440132310362957e-03 -2.337368926137508088e-03 -3.747538121556782779e-03 -6.003648858715178276e-03 -9.037401422493984704e-03 -1.232309351223124898e-02 -1.485649858581152005e-02 -1.559925530569614138e-02 -1.492200852974694125e-02 -1.783387888173536967e-02 -4.084223292367544778e-02 -1.226471701907667355e-01 -3.576076173086221721e-01 -8.828028504618796735e-01 -2.301366904646698686e+00 -3.994077610540160084e+00 -1.542316655462601460e+01 4.106941851626479512e+00 -2.118252736256468154e+02 7.548205344245932338e+02 -5.662914127752590502e+03 2.493622219621931436e+04 -5.793442528439306443e+03 7.773397249605311572e+02 -2.280824910328769306e+02 2.139427023991036680e+00 -1.826797938182102143e+01 -5.222828268867295343e+00 -3.031362093513107148e+00 -1.230702925850848617e+00 -5.172188525054715047e-01 -1.859640144247196591e-01 -6.424805696390530063e-02 -2.891127562377842838e-02 -2.522454172463511890e-02 -2.792516904109988360e-02 -2.824549643343746141e-02 -2.492433488695732988e-02 -1.949352519230108938e-02 -1.384970121514312279e-02 -9.267589531659254504e-03 -6.212119719805706680e-03 -4.536750504007969892e-03 -3.792465587923919690e-03 -3.495298114616699359e-03 -3.288158069164737966e-03 -2.992853147299177809e-03 -2.583527671733892861e-03 -2.122340896390698117e-03 -1.693401897800115479e-03 -1.357231050104872700e-03 -1.132590077282959054e-03 -1.001388016957940452e-03 -9.260740781063165911e-04 -8.686995659984914683e-04 -8.040703915442882479e-04 -7.240378599795036993e-04 -6.342289026852831026e-04 -5.467305614958627635e-04 -4.727008494857032404e-04 -4.176715874499783575e-04 -3.805006189643472575e-04 -3.553223281016551494e-04 -3.348709804561009890e-04 -3.135153485762209977e-04 -2.888803747987814599e-04 -2.617838096225612375e-04 -2.349409498210714548e-04 -2.112493855115134419e-04 -1.924417952563724286e-04 -1.785485930989400764e-04 -1.681942137843389824e-04 -1.594110637501616257e-04 -1.505209648442897659e-04 -1.407115213528912123e-04 -1.301368427433340633e-04 -1.196047285971128338e-04 -1.100646870762656687e-04 -1.021479011889026733e-04 -9.593718606672757706e-05 -9.101619166134269131e-05 -8.671353414834909504e-05 -8.244219668130119052e-05 -7.780279521989988314e-05 -7.312500526077215309e-05 -6.820974652126152551e-05 -6.211307705405402118e-05 -5.815257713058955631e-05 -5.464053145380205995e-05 -5.181930032528491115e-05 -4.930139773347950750e-05 -4.683961460237708534e-05 -4.427501683248798468e-05 -4.160835151807067232e-05 -3.895953699963927897e-05 -3.650663483143807468e-05 -3.433024373997365075e-05 -3.280669826786816582e-05 -3.017068219250685479e-05 -3.700205491274620733e-05
-1.426601350222347052e-04 -5.130622227846197468e-04 -7.825886480981622366e-04 -1.015888980404875287e-03 -1.262101570380736630e-03 -1.671229916640188220e-03 -2.477980476875075305e-03 -3.955329357870220053e-03 -6.290681089707318187e-03 -9.397604471205057985e-03 -1.272927258965674858e-02 -1.526102057063483119e-02 -1.594747577811278863e-02 -1.519353739716300562e-02 -1.813183984977428248e-02 -4.156248307872797282e-02 -1.247488112929726334e-01 -3.631686809334536692e-01 -8.953918755465988255e-01 -2.329792681380475905e+00 -4.042720199563068384e+00 -1.556523400145447411e+01 4.078360796217687323e+00 -2.132806572752188572e+02 7.592882125769531285e+02 -5.696661942376126717e+03 2.507637258195906907e+04 -5.824155354808925949e+03 7.815504003344980219e+02 -2.291320327385729172e+02 2.205134915928614436e+00 -1.832332693350965513e+01 -5.229678138574913149e+00 -3.035944436731165652e+00 -1.231668404579587817e+00 -5.174511312038604371e-01 -1.859409933433133488e-01 -6.419857023825789599e-02 -2.886461245405873982e-02 -2.517600864874038405e-02 -2.786914005379084736e-02 -2.818430572970931011e-02 -2.486453856391721701e-02 -1.944118181451174113e-02 -1.380772551633189724e-02 -9.235523266182973923e-03 -6.187385064841639110e-03 -4.516275235219071801e-03 -3.773900846202860558e-03 -3.477515918985834079e-03 -3.271104425288481020e-03 -2.977047196774492994e-03 -2.569524857028033290e-03 -2.110382247502225368e-03 -1.683325186368561047e-03 -1.348592454856812825e-03 -1.124878998889968515e-03 -9.942158343436893059e-04 -9.192640706048893799e-04 -8.622666187902372449e-04 -7.981279863260679498e-04 -7.186907186216095035e-04 -6.295005372432461608e-04 -5.425482341505163692e-04 -4.689303700866339708e-04 -4.141746813602529501e-04 -3.771840089756175844e-04 -3.521579355477507290e-04 -3.318838515178554609e-04 -3.107508716231039249e-04 -2.863694101689412061e-04 -2.595218247870324790e-04 -2.328880447223004584e-04 -2.093475408809136523e-04 -1.906384992615980467e-04 -1.768149290820265006e-04 -1.665298936580808086e-04 -1.578359732261385361e-04 -1.490590001801457445e-04 -1.393751616457926574e-04 -1.289193889838873269e-04 -1.184827853851081939e-04 -1.090081282315482204e-04 -1.011332885149518202e-04 -9.495140255589263841e-05 -9.008117166525538206e-05 -8.578831505137759074e-05 -8.175719969510836000e-05 -7.717620324998431501e-05 -7.077861676953430881e-05 -6.584361834030754508e-05 -6.102947754619796045e-05 -5.698992671018950854e-05 -5.366747858704456689e-05 -5.092539443593401281e-05 -4.848631600085061153e-05 -4.608941809923935127e-05 -4.358573303896904710e-05 -4.097621229195966860e-05 -3.839578500873024139e-05 -3.596209475678298540e-05 -3.415500188179097492e-05 -3.124560870324766081e-05 -3.825340585612950755e-05
-1.139669141288578006e-04 -4.203079813813400973e-04 -6.704481191106111604e-04 -9.030483289853981051e-04 -1.114753691512435649e-03 -1.364662044493824850e-03 -1.792912003166510044e-03 -2.630930678967353768e-03 -4.151483080340479144e-03 -6.541465488292814816e-03 -9.707606656361363398e-03 -1.308647109184190270e-02 -1.563066155897021789e-02 -1.628087272886939024e-02 -1.546726311456846775e-02 -1.843648166390125798e-02 -4.227145159323104223e-02 -1.267883559857370668e-01 -3.685728560811387666e-01 -9.076817724673262866e-01 -2.357751143215373713e+00 -4.090686618370180661e+00 -1.570744007238671713e+01 4.053343144210326265e+00 -2.147695665931731810e+02 7.639198097695251590e+02 -5.731678206096439681e+03 2.522273142891531461e+04 -5.856445232044153272e+03 7.859722245966883065e+02 -2.302544798452328507e+02 2.268637474327584336e+00 -1.838614580485057814e+01 -5.239136715425948942e+00 -3.042017393022387051e+00 -1.233286635656879016e+00 -5.179672567961602914e-01 -1.860254764626149693e-01 -6.418841250466701676e-02 -2.883729178116484562e-02 -2.514533542791278983e-02 -2.783331491300270605e-02 -2.814386025438497113e-02 -2.482324340214895828e-02 -1.940333245092100076e-02 -1.377593410756178943e-02 -9.210135916216216981e-03 -6.167111874017592969e-03 -4.499252344643812213e-03 -3.758568511869368398e-03 -3.463033103359347466e-03 -3.257318502148988989e-03 -2.964206050907492677e-03 -2.557945394291368923e-03 -2.100224925103903566e-03 -1.674525604025450809e-03 -1.340918776509873950e-03 -1.118044988581481112e-03 -9.879813813367872063e-04 -9.134848910772498535e-04 -8.568896482343461938e-04 -7.931532434320357058e-04 -7.141278859715560496e-04 -6.253408307634021352e-04 -5.387583659022130095e-04 -4.654628713919341243e-04 -4.109831525955754631e-04 -3.742334283147265880e-04 -3.494259290136646039e-04 -3.293550717892938903e-04 -3.084098372334166498e-04 -2.841967133811225269e-04 -2.574955121681229086e-04 -2.309884663569599446e-04 -2.075620760418038513e-04 -1.889629623028139154e-04 -1.752506840049463830e-04 -1.650782471627924104e-04 -1.564929092070223792e-04 -1.478130419760981370e-04 -1.382094808816662244e-04 -1.278167198957846375e-04 -1.174320799945568193e-04 -1.080029791283301181e-04 -1.001943607858656840e-04 -9.403179074086820508e-05 -8.939852192960055896e-05 -8.515726438521692367e-05 -7.942995818352319506e-05 -7.482391472118803436e-05 -6.968346395489939129e-05 -6.467536109131913108e-05 -6.005446317445292496e-05 -5.609963381289455585e-05 -5.285861896412356143e-05 -5.018021321729463388e-05 -4.779683647522551214e-05 -4.545155296136098116e-05 -4.299718409106892197e-05 -4.045059385712063138e-05 -3.788449458521896959e-05 -3.582945507506385988e-05 -3.258565657674535894e-05 -3.965591272233569129e-05
-8.355299509961013689e-05 -3.195193640496570529e-04 -5.438836582502798011e-04 -7.841745347006901954e-04 -1.013163707438220285e-03 -1.227687659003153789e-03 -1.478371132316233516e-03 -1.908101663666560014e-03 -2.757255695135010874e-03 -4.308416810565647397e-03 -6.751799767410659493e-03 -9.985429731801127168e-03 -1.342428544800428405e-02 -1.599312997551774820e-02 -1.661525740734751816e-02 -1.574411753473778722e-02 -1.873822066018470886e-02 -4.295881439008512187e-02 -1.287673813055603411e-01 -3.738483745087995413e-01 -9.197434110123539064e-01 -2.385386663735066470e+00 -4.138203516581229202e+00 -1.585029595710555661e+01 4.031597721669063716e+00 -2.162950857418624651e+02 7.687210345804977578e+02 -5.768001762576313013e+03 2.537539947435500653e+04 -5.890320574185985606e+03 7.906066067327682276e+02 -2.314489724073406762e+02 2.330279374717252328e+00 -1.845617889180514481e+01 -5.251073231843579769e+00 -3.049507693049037016e+00 -1.235521507561628596e+00 -5.187509114231252383e-01 -1.862115047361912190e-01 -6.421620195686413013e-02 -2.882926589705650175e-02 -2.513216756445247474e-02 -2.781647994935802781e-02 -2.812223396242822041e-02 -2.479831258929962937e-02 -1.937817578765431772e-02 -1.375321910700629154e-02 -9.191072360385729723e-03 -6.151483879707018293e-03 -4.486045270494990259e-03 -3.746672224146156433e-03 -3.451704498360753156e-03 -3.246317092304420483e-03 -2.953678841442879729e-03 -2.548200780580327836e-03 -2.091522966335618468e-03 -1.666958166706427810e-03 -1.334393337531242446e-03 -1.112344226589007459e-03 -9.828529370082140625e-04 -9.087203680976472121e-04 -8.523684532964231246e-04 -7.888460081093882177e-04 -7.100692535286279089e-04 -6.215884618818565046e-04 -5.353551875967283531e-04 -4.624142465715337744e-04 -4.082531895103986078e-04 -3.717576073479019632e-04 -3.471324154356201998e-04 -3.271857002345449007e-04 -3.063333398832490369e-04 -2.822106334618786246e-04 -2.556177090591494781e-04 -2.292427048367367984e-04 -2.059637968787840490e-04 -1.875105155637961623e-04 -1.739246869701159895e-04 -1.638483225696778852e-04 -1.553283762353339177e-04 -1.466926085585910499e-04 -1.371276017283607320e-04 -1.267778627670602780e-04 -1.164671056865283170e-04 -1.070715612198009839e-04 -9.950979399361502243e-05 -9.340607990375176682e-05 -8.710706307709789804e-05 -8.283598952395644210e-05 -7.833536823864410063e-05 -7.365220531152588343e-05 -6.870046110130443977e-05 -6.377912754443290134e-05 -5.924436172956228271e-05 -5.535795896455117181e-05 -5.217484107465195396e-05 -4.954592443228614631e-05 -4.720784012470073427e-05 -4.490538159096779262e-05 -4.250865299385765575e-05 -3.997070895550379867e-05 -3.779316768399445891e-05 -3.424442368630609064e-05 -4.135576005165264368e-05
-5.849257772976702272e-05 -2.325230589960809659e-04 -4.228856512262969152e-04 -6.547751567161463719e-04 -9.000961566816138328e-04 -1.128702459848101962e-03 -1.332614221027935515e-03 -1.568429736012210904e-03 -1.990532417761782351e-03 -2.851578610924437786e-03 -4.441547540150288763e-03 -6.948659641231514326e-03 -1.025735420967875677e-02 -1.375886913535026394e-02 -1.635108005439630044e-02 -1.694249841666104969e-02 -1.601167999863954694e-02 -1.902767447126735983e-02 -4.362445708428080993e-02 -1.307001375869124571e-01 -3.790303541609516547e-01 -9.316427023033970745e-01 -2.412822479379673979e+00 -4.185462102538790141e+00 -1.599424509290361129e+01 4.012878197173624706e+00 -2.178600250285932134e+02 7.736973397252984341e+02 -5.805670290457354895e+03 2.553448192281115189e+04 -5.925792859665143624e+03 7.954553293585469191e+02 -2.327149253210805000e+02 2.390364520878112131e+00 -1.853321347661697871e+01 -5.265377062109139139e+00 -3.058354717976146109e+00 -1.238344344816846743e+00 -5.197900710521053957e-01 -1.864949947145961018e-01 -6.428062473571023727e-02 -2.883947199296456321e-02 -2.513487267848881976e-02 -2.781658051504735246e-02 -2.811746535825429896e-02 -2.478833611091192310e-02 -1.936503114095432590e-02 -1.373949853239640750e-02 -9.178524684959396898e-03 -6.140622303915064216e-03 -4.476487447672098524e-03 -3.737735123023376918e-03 -3.442886678341459863e-03 -3.237505710108444165e-03 -2.945097691440448553e-03 -2.540213986156006180e-03 -2.084426603727845828e-03 -1.660852854785193787e-03 -1.329169191121922161e-03 -1.107755915596455405e-03 -9.786325624621310202e-04 -9.046744985734463682e-04 -8.484247478679800758e-04 -7.850423684062867152e-04 -7.065024023513879039e-04 -6.183507441074062670e-04 -5.324870771299326485e-04 -4.598882508359404910e-04 -4.059894512387380986e-04 -3.696589333827410284e-04 -3.451209214290239854e-04 -3.252258428566459181e-04 -3.044341488569071805e-04 -2.804096180112276068e-04 -2.539559621940625888e-04 -2.277428267578945290e-04 -2.046193483702514969e-04 -1.862896175643836559e-04 -1.727842421439784975e-04 -1.627510822956863661e-04 -1.542566683929747515e-04 -1.456470069102765467e-04 -1.361430092605334216e-04 -1.258239550807781681e-04 -1.157629572313051061e-04 -1.064373849424495093e-04 -9.724958727378428015e-05 -9.112341591680021531e-05 -8.602976027161783645e-05 -8.167801556178234468e-05 -7.735600078573185421e-05 -7.275305387707664128e-05 -6.788477242466062645e-05 -6.303348068114483522e-05 -5.856062394620285247e-05 -5.472755034756232877e-05 -5.159047779378144670e-05 -4.900306653120741461e-05 -4.670326625601099632e-05 -4.445418437133263206e-05 -4.206006643216703242e-05 -3.992247843107563538e-05 -3.618193251741268554e-05 -4.344109386997802019e-05
-4.214490269388973168e-05 -1.714450967571648032e-04 -3.245142040174428359e-04 -5.275848512699528531e-04 -7.642997134468773905e-04 -1.005438976290879511e-03 -1.219920163745491330e-03 -1.406015701096493837e-03 -1.629403374714225765e-03 -2.053669914390271554e-03 -2.938135805077224209e-03 -4.574691103679880307e-03 -7.146765972524321726e-03 -1.052598579412695155e-02 -1.408332391621152681e-02 -1.669395755973799439e-02 -1.725430173046755764e-02 -1.626755790801315271e-02 -1.930916152157049342e-02 -4.427874393661671015e-02 -1.326034846003747991e-01 -3.841471650177005759e-01 -9.434305604995056882e-01 -2.440159274246495258e+00 -4.232625965846089855e+00 -1.613968176801508392e+01 3.996968391955845412e+00 -2.194669805081640845e+02 7.788539925912136823e+02 -5.844720698074204847e+03 2.570008861099534261e+04 -5.962876333189339675e+03 8.005205195980214512e+02 -2.340519923362671193e+02 2.449160528380061930e+00 -1.861707782396034716e+01 -5.281957044496055076e+00 -3.068509355060499377e+00 -1.241731858011073664e+00 -5.210744096399323455e-01 -1.868714776223035778e-01 -6.437926404489927035e-02 -2.886600891317707071e-02 -2.515174729233269138e-02 -2.783226613196439561e-02 -2.812871577734700826e-02 -2.479295297042091034e-02 -1.936380061943163491e-02 -1.373466717692706403e-02 -9.172190314062467209e-03 -6.133993608441248684e-03 -4.469927415163485462e-03 -3.731170692384841100e-03 -3.436212803837165354e-03 -3.230792333442796503e-03 -2.938584490113914025e-03 -2.534182269283862411e-03 -2.079061145965405231e-03 -1.656171712294842802e-03 -1.325042281914820281e-03 -1.103985338624329350e-03 -9.750453586078352804e-04 -9.011844053363694731e-04 -8.450427686221479752e-04 -7.818425482512738472e-04 -7.035672675208523618e-04 -6.157243543831696217e-04 -5.301547569743008618e-04 -4.577866989119654768e-04 -4.040370914401894531e-04 -3.677895203184592559e-04 -3.433050187201797240e-04 -3.234728289418709241e-04 -3.027770870148258509e-04 -2.788824401508837756e-04 -2.525742375993129843e-04 -2.264960095712706368e-04 -2.034762409852150066e-04 -1.852123752940017416e-04 -1.717448496265276214e-04 -1.617363791697169436e-04 -1.532906017487160053e-04 -1.446963980957708784e-04 -1.354273705907949792e-04 -1.251743326102620641e-04 -1.135187171034926821e-04 -1.041809309092432543e-04 -9.618782988005725773e-05 -8.998783243521332113e-05 -8.506960500491893360e-05 -8.079214406436394883e-05 -7.654600689522880860e-05 -7.200719840080876564e-05 -6.719838666105612188e-05 -6.240148971597206655e-05 -5.797771499113728413e-05 -5.418816914230526805e-05 -5.109054459024846696e-05 -4.853881128851136867e-05 -4.628979564672109850e-05 -4.403765688370947371e-05 -4.205893076956587550e-05 -3.827336622692394043e-05 -4.589366765040023922e-05
-3.411239339040000927e-05 -1.370099796212664867e-04 -2.558289732931073954e-04 -4.175029317759156359e-04 -6.200911058226857070e-04 -8.499650168475253800e-04 -1.079539962427463265e-03 -1.282128406308433730e-03 -1.460322267908064449e-03 -1.683699349413051534e-03 -2.119457320729647640e-03 -3.030198325988879560e-03 -4.709612627050782131e-03 -7.339014325904257181e-03 -1.078116391601617423e-02 -1.439025084143326881e-02 -1.702043607435223954e-02 -1.755532184806304213e-02 -1.651974265901334782e-02 -1.959084810284704783e-02 -4.492871841920537818e-02 -1.344858433500281392e-01 -3.892165263061748148e-01 -9.551469814717304940e-01 -2.467485252350122060e+00 -4.279843200453996133e+00 -1.628696514129613959e+01 3.983676405674955845e+00 -2.211183744706905259e+02 7.841961383557536465e+02 -5.885189446778796992e+03 2.587233416642825250e+04 -6.001587774972849729e+03 8.058046214432188208e+02 -2.354600397955281323e+02 2.506902321392621591e+00 -1.870763617837165427e+01 -5.300737736135652689e+00 -3.079930430315764411e+00 -1.245663426673741858e+00 -5.225939176080575121e-01 -1.873361792555210681e-01 -6.450975394973712529e-02 -2.890764824109751455e-02 -2.518215617313749807e-02 -2.786321030521956427e-02 -2.815574349414028815e-02 -2.481182090208753493e-02 -1.937394325272249682e-02 -1.373801001471620757e-02 -9.171310312020040240e-03 -6.130964712120986343e-03 -4.465986344366949801e-03 -3.726884587470218925e-03 -3.431796851393780975e-03 -3.226356569445105755e-03 -2.934240873817035942e-03 -2.530044556101672046e-03 -2.075205173999192330e-03 -1.652610148252613848e-03 -1.321733758589675083e-03 -1.100868320768061707e-03 -9.720738597045637790e-04 -8.983466443870396665e-04 -8.423570249238779154e-04 -7.793374126223512810e-04 -7.012599176927386156e-04 -6.136084912797713916e-04 -5.282026816673819061e-04 -4.559620158828505050e-04 -4.023098645909163303e-04 -3.661459526146728662e-04 -3.417477169294068926e-04 -3.220130267824499641e-04 -3.014238937199979003e-04 -2.776348767755079552e-04 -2.514196970370233286e-04 -2.254148072024054832e-04 -2.024506371947723299e-04 -1.842289716253264049e-04 -1.708187877066567818e-04 -1.608237028110692313e-04 -1.525988565762471797e-04 -1.440563034102758985e-04 -1.332071179676933535e-04 -1.229387951535156303e-04 -1.124622638011056293e-04 -1.030595223952506775e-04 -9.524662254829785457e-05 -8.912395489293168738e-05 -8.427990040063997642e-05 -8.006127183337689846e-05 -7.586797197757559836e-05 -7.137818416195419366e-05 -6.661590117566979809e-05 -6.186285703221724639e-05 -5.747965379990816354e-05 -5.372797084451652334e-05 -5.066467585198643783e-05 -4.816282207061622125e-05 -4.590601763585979041e-05 -4.408811312548010911e-05 -4.036195975643943826e-05 -4.858590268309972607e-05
-3.161764092324451618e-05 -1.219094088477711235e-04 -2.138839643381227544e-04 -3.331957270749136735e-04 -4.883507971442943921e-04 -6.835049132061837753e-04 -9.073677607750247525e-04 -1.134003301576111053e-03 -1.336411970464613857e-03 -1.516355314504679291e-03 -1.743910738637853347e-03 -2.189346898265721354e-03 -3.120480645568132066e-03 -4.835918527807995908e-03 -7.517717766257344184e-03 -1.102139810319653461e-02 -1.468447830668320048e-02 -1.733898797475930814e-02 -1.785385987250213968e-02 -1.677332994242171360e-02 -1.987384532494243516e-02 -4.557370832151423634e-02 -1.363500010001260365e-01 -3.942532312444038678e-01 -9.668300239563569765e-01 -2.494883403976420500e+00 -4.327250383007121393e+00 -1.643642314944044358e+01 3.972835457253253821e+00 -2.228164866439020670e+02 7.897288497422689488e+02 -5.927112825004462138e+03 2.605133816043089973e+04 -6.041946321538801385e+03 8.113103738466647883e+02 -2.369391231939001159e+02 2.563798184860517804e+00 -1.880478210700538000e+01 -5.321655323951714145e+00 -3.092582502905370401e+00 -1.250120753064548174e+00 -5.243398331524397049e-01 -1.878854248181583697e-01 -6.467087867184825867e-02 -2.896415311050442795e-02 -2.522602591394799976e-02 -2.790910509883203286e-02 -2.819789623467208392e-02 -2.484403486258856056e-02 -1.939450454660674589e-02 -1.374873982257562161e-02 -9.175408274949779439e-03 -6.131392283690718752e-03 -4.464759526212167158e-03 -3.725050061480434608e-03 -3.429734543388640762e-03 -3.224127109639028134e-03 -2.931831303777254413e-03 -2.527480977367815070e-03 -2.072566055349362758e-03 -1.649993121469429990e-03 -1.319218319556440160e-03 -1.098495968331531392e-03 -9.698487195457496319e-04 -8.962492362287638762e-04 -8.403614213372163910e-04 -7.774244613401236305e-04 -6.994233398473886356e-04 -6.118540692473123117e-04 -5.265428307036815843e-04 -4.544087008248338792e-04 -4.008685663583644743e-04 -3.648125992310119275e-04 -3.405093151478155201e-04 -3.208515062162108035e-04 -3.003216660169858517e-04 -2.765797377139378932e-04 -2.504086552996289913e-04 -2.244491631610203580e-04 -2.015538943480542865e-04 -1.833581030121222988e-04 -1.701719997321905807e-04 -1.602251942834786601e-04 -1.504338747203774306e-04 -1.418642593578586038e-04 -1.321665488812278711e-04 -1.218305294650942627e-04 -1.115334782669299296e-04 -1.022125060749061871e-04 -9.447841077377785231e-05 -8.841674607814991856e-05 -8.362389970524350250e-05 -7.944952174271804424e-05 -7.529676657084861957e-05 -7.084572921871291028e-05 -6.612114090195125231e-05 -6.140455295139978008e-05 -5.705697835214914942e-05 -5.333847330122026815e-05 -5.032518244455219940e-05 -4.781184281391762168e-05 -4.601126604543269726e-05 -4.233756519470014887e-05 -5.133252851465048330e-05
-3.127455936814776104e-05 -1.159987399087270438e-04 -1.897981260863245963e-04 -2.750250891719392861e-04 -3.841509460461712926e-04 -5.332270661483466158e-04 -7.279125049950000738e-04 -9.561127570112406496e-04 -1.188660857004298277e-03 -1.395119306969443574e-03 -1.575876709547403614e-03 -1.803215914329439357e-03 -2.253164019177005244e-03 -3.201050693504713281e-03 -4.951453068633595092e-03 -7.686899445760173206e-03 -1.125460568615663064e-02 -1.497430269341446310e-02 -1.765521332634766016e-02 -1.815136862770956941e-02 -1.702617730718351124e-02 -2.015466590371339795e-02 -4.621230124766525366e-02 -1.382009381437835360e-01 -3.992746162558383216e-01 -9.785174706512639320e-01 -2.522430184222087313e+00 -4.374970302801788336e+00 -1.658835389965945950e+01 3.964302518410357745e+00 -2.245634842068829187e+02 7.954571639749055976e+02 -5.970527182134658688e+03 2.623722526266599743e+04 -6.083973323015214191e+03 8.170407965283230851e+02 -2.384894656041128940e+02 2.620035744775003117e+00 -1.890843373083148293e+01 -5.344656099367774971e+00 -3.106436070012653872e+00 -1.255088890027139970e+00 -5.263055612883288381e-01 -1.885168958813793483e-01 -6.486206666628871464e-02 -2.903529766306711668e-02 -2.528286174189433438e-02 -2.796909022963614544e-02 -2.825413498370589818e-02 -2.488864758869862789e-02 -1.942483567426170343e-02 -1.376657221498945802e-02 -9.184487371808073772e-03 -6.135403119626388867e-03 -4.466327468698282413e-03 -3.725595224302053008e-03 -3.429791434699353946e-03 -3.223779866242624040e-03 -2.931052202342310838e-03 -2.526301090912151832e-03 -2.071102346788441292e-03 -1.648398187054581814e-03 -1.317617546624848777e-03 -1.096951893703318904e-03 -9.683629268209064354e-04 -8.947904104929221142e-04 -8.388995301646809746e-04 -7.759538718732319389e-04 -6.979671382143652668e-04 -6.104520405624154489e-04 -5.252322033661327872e-04 -4.532080240437307938e-04 -3.997716977337791109e-04 -3.637941036171539943e-04 -3.395374343100047878e-04 -3.199018629180137223e-04 -2.993870985748865602e-04 -2.756665979807006953e-04 -2.495511871681866940e-04 -2.236165433311095366e-04 -2.009490083746118391e-04 -1.828085794822359477e-04 -1.680815567899468770e-04 -1.581047501556629863e-04 -1.494390347131873656e-04 -1.407919397547395491e-04 -1.312622530392266345e-04 -1.210025992470629324e-04 -1.107838273702574291e-04 -1.015266576251543952e-04 -9.384703236482740932e-05 -8.783092369301379130e-05 -8.307685268243235441e-05 -7.893681485657322620e-05 -7.481616671055907743e-05 -7.039653514959229167e-05 -6.570330791728973328e-05 -6.101895051431479683e-05 -5.670266585697354228e-05 -5.303431392051291006e-05 -5.000646129874551491e-05 -4.797280823752039601e-05 -4.420671468666988776e-05 -5.398076637052517452e-05
-3.047142668986084626e-05 -1.107593998853448092e-04 -1.737013102241995015e-04 -2.372093170678472634e-04 -3.120148076537652081e-04 -4.174838920968056751e-04 -5.696227323731403117e-04 -7.718864178484747358e-04 -1.008209392418160178e-03 -1.245722294284125602e-03 -1.452243481085197484e-03 -1.629433597447587072e-03 -1.853969948668756631e-03 -2.308475409523670988e-03 -3.275182022597998739e-03 -5.063174823114907110e-03 -7.854030240807293936e-03 -1.148600556578752672e-02 -1.526139293059267793e-02 -1.796762301364329684e-02 -1.844477581648867187e-02 -1.727556956751041470e-02 -2.043264086899610615e-02 -4.684729913561013620e-02 -1.400467773720782683e-01 -4.042980143137863691e-01 -9.902428150323018263e-01 -2.550192659837890119e+00 -4.423112046707736056e+00 -1.674303101616171929e+01 3.957952866519528712e+00 -2.263614492682518176e+02 8.013861138938843851e+02 -6.015469126136221348e+03 2.643012540157540934e+04 -6.127692229546920316e+03 8.229991800466310679e+02 -2.401114407434241969e+02 2.675785115827239657e+00 -1.901853177073920875e+01 -5.369696486134071023e+00 -3.121467887715307032e+00 -1.260556210360961771e+00 -5.284860506694655236e-01 -1.892286231896116444e-01 -6.508241571722778174e-02 -2.912030727838717248e-02 -2.535177144503859489e-02 -2.804226206757800752e-02 -2.832373646295590144e-02 -2.494523072367043140e-02 -1.946478462105133422e-02 -1.379150880300353613e-02 -9.198549620798910850e-03 -6.142889932252159485e-03 -4.470448572621815546e-03 -3.728200042950719460e-03 -3.431666281530772102e-03 -3.225118832890688618e-03 -2.931848749195809043e-03 -2.526565217115866666e-03 -2.070919469822823499e-03 -1.647897489840409501e-03 -1.316918854078289684e-03 -1.096133545008489297e-03 -9.674616222361898457e-04 -8.938217117099330053e-04 -8.378804498204902576e-04 -7.749138559475598044e-04 -6.969441165576692378e-04 -6.094793693915191192e-04 -5.243261122593273569e-04 -4.523631720439244682e-04 -3.989669985958234377e-04 -3.630050231145600281e-04 -3.387496472506219196e-04 -3.191138055486379861e-04 -2.986292640729356273e-04 -2.749116379544986060e-04 -2.490071412108031787e-04 -2.231221882461496755e-04 -1.989360084068909679e-04 -1.807690686825920879e-04 -1.671522650216656660e-04 -1.570950409661554890e-04 -1.485868506843440696e-04 -1.400054159013757967e-04 -1.305447404418208827e-04 -1.203433664460959300e-04 -1.101775539748689605e-04 -1.009671501290733550e-04 -9.332807481759802445e-05 -8.734667549007859948e-05 -8.262267620521702007e-05 -7.850977134367678691e-05 -7.441507127997226570e-05 -7.002153267069627428e-05 -6.535623319240726743e-05 -6.070017697405541039e-05 -5.643338409116096247e-05 -5.274732429519511016e-05 -5.022219904385153837e-05 -4.611781731396592208e-05 -5.650137173295668595e-05
-2.800648506236110591e-05 -1.016615393206870015e-04 -1.583668755912739457e-04 -2.115903557266198714e-04 -2.671660046956901764e-04 -3.406921380028143324e-04 -4.500927725781530089e-04 -6.090065647608626856e-04 -8.179187661412379599e-04 -1.058416044358280678e-03 -1.296558592457082481e-03 -1.500697777173650577e-03 -1.674721887366549923e-03 -1.899144156951523789e-03 -2.361619931326151313e-03 -3.349583268937394651e-03 -5.175589894441670440e-03 -8.020296096250007639e-03 -1.171399569809804773e-02 -1.554297876018415417e-02 -1.827405703175269402e-02 -1.873366309981808892e-02 -1.752300883076823509e-02 -2.071075075462868592e-02 -4.748298055490418612e-02 -1.418943333498079717e-01 -4.093369216762825502e-01 -1.002033830769786471e+00 -2.578230233143627093e+00 -4.471775259633398392e+00 -1.690071057972854263e+01 3.953675506648508087e+00 -2.282123998201010693e+02 8.075207574349983588e+02 -6.061975692125938622e+03 2.663017392924027445e+04 -6.173128504547806187e+03 8.291890766502938277e+02 -2.418055610727485885e+02 2.731200257352226490e+00 -1.913503808530969152e+01 -5.396742202580021797e+00 -3.137659881427286912e+00 -1.266513183913299700e+00 -5.308767285578525064e-01 -1.900183955253106904e-01 -6.533070452619520185e-02 -2.921835733372214056e-02 -2.543215650994141638e-02 -2.812822537734787146e-02 -2.840648035587036574e-02 -2.501366036517860270e-02 -1.951422189239999591e-02 -1.382333951860102543e-02 -9.217291696919866287e-03 -6.153506598285409489e-03 -4.476816847922944313e-03 -3.732670339301494451e-03 -3.435302733215890233e-03 -3.228195955361598968e-03 -2.934312817928259529e-03 -2.528330887393989961e-03 -2.071993025605895281e-03 -1.648381423723973421e-03 -1.316964793389179553e-03 -1.095892499569337290e-03 -9.670543296864295927e-04 -8.933305768187141177e-04 -8.373545495086277346e-04 -7.743778531672297107e-04 -6.964060534141516823e-04 -6.089366703943202693e-04 -5.237711159688967274e-04 -4.517886963648227983e-04 -3.983725487902539902e-04 -3.623953897541425367e-04 -3.381545384576650271e-04 -3.185027260584900985e-04 -2.982052217308720616e-04 -2.745166180011019384e-04 -2.470979456221681302e-04 -2.211778080970552276e-04 -1.980829667186566551e-04 -1.798352957113760558e-04 -1.663717327828400868e-04 -1.563745611082244767e-04 -1.479270766902945314e-04 -1.393946170041362737e-04 -1.299786084360241597e-04 -1.198183325282208440e-04 -1.096904463716754773e-04 -1.005143506577002035e-04 -9.290560267845188202e-05 -8.695069593915783672e-05 -8.225015605027753826e-05 -7.815900318517417873e-05 -7.408580021053586125e-05 -6.971575044437410169e-05 -6.507498762732644528e-05 -6.046671437090802968e-05 -5.617840350759664236e-05 -5.301673036516216367e-05 -4.832083729216730603e-05 -5.903541832981655383e-05
-2.400499399955409303e-05 -8.828496829296956540e-05 -1.406470454191226292e-04 -1.909760875052865005e-04 -2.398576474901847368e-04 -2.956486950306050354e-04 -3.718144637028570243e-04 -4.846923519615862325e-04 -6.467717571681706962e-04 -8.580845533034727607e-04 -1.100149696826695873e-03 -1.339062118130660874e-03 -1.543366132369709820e-03 -1.717800458940200309e-03 -1.945068998039610258e-03 -2.416689244767893964e-03 -3.425021727047430822e-03 -5.286705439612383005e-03 -8.182627244096430177e-03 -1.193630443855638393e-02 -1.581879345188745914e-02 -1.857635900542614973e-02 -1.902111493125610217e-02 -1.777156437733915309e-02 -2.099122007393903339e-02 -4.812113170755701747e-02 -1.437472429456861100e-01 -4.144017882667991870e-01 -1.013915467605833953e+00 -2.606598527176359426e+00 -4.521053743947034853e+00 -1.706163493511090223e+01 3.951372188959964671e+00 -2.301183050688013623e+02 8.138662039910468593e+02 -6.110084490845591972e+03 2.683751178876998893e+04 -6.220309561304212366e+03 8.356142923027958886e+02 -2.435724682489689599e+02 2.786420956219935796e+00 -1.925793313152388819e+01 -5.425766388149598995e+00 -3.154997698890697144e+00 -1.272951597318286776e+00 -5.334734184977928395e-01 -1.908842134334448049e-01 -6.560606252453433929e-02 -2.932911661980654172e-02 -2.552389947158792069e-02 -2.822688442788253912e-02 -2.850218260927696659e-02 -2.509362542344834718e-02 -1.957273816601131852e-02 -1.386163484536821408e-02 -9.240356199342153812e-03 -6.167035033414372362e-03 -4.485368592787353052e-03 -3.739056381620853558e-03 -3.440789618596466239e-03 -3.233061966093272836e-03 -2.938410483368323473e-03 -2.531478660171192652e-03 -2.074157501713885798e-03 -1.649696141635086880e-03 -1.317661763599250590e-03 -1.096214374886463755e-03 -9.671899169343959506e-04 -8.933887156773983717e-04 -8.373716263748709736e-04 -7.743445471799679462e-04 -6.962979560472766288e-04 -6.087374592269439435e-04 -5.234846501792769042e-04 -4.514341384368998167e-04 -3.979961909806325289e-04 -3.619800267753510068e-04 -3.379069349584066617e-04 -3.182674719432603580e-04 -2.964568244809688037e-04 -2.727149541785733032e-04 -2.463566493770335208e-04 -2.203438792324923824e-04 -1.973915167586823890e-04 -1.791973978079950400e-04 -1.657890531770019266e-04 -1.558348524230014740e-04 -1.474247760811688967e-04 -1.389254210337841468e-04 -1.295398169222098858e-04 -1.194079562200924639e-04 -1.093066261028097886e-04 -1.001549938251745302e-04 -9.256839683813301823e-05 -8.663343724322010084e-05 -8.195127476417904877e-05 -7.787797780971163122e-05 -7.382440818182615179e-05 -6.947508558026625693e-05 -6.487979716058462634e-05 -6.024532925313544731e-05 -5.650247013305584640e-05 -5.106909570322023249e-05 -6.186545417099629412e-05
-1.938222502389975010e-05 -7.291484457289981638e-05 -1.209320398576211372e-04 -1.709959375325485417e-04 -2.200667081803427540e-04 -2.694813385127750116e-04 -3.255995232326758118e-04 -4.014759993876646253e-04 -5.140073736166824326e-04 -6.767328075990875240e-04 -8.903616852154954504e-04 -1.136152146219876783e-03 -1.379062932947182525e-03 -1.586380972365629069e-03 -1.762636811325235227e-03 -1.992425257692523061e-03 -2.471561934457781710e-03 -3.498190724078156354e-03 -5.393903624363440528e-03 -8.340388203969871170e-03 -1.215453368870193264e-02 -1.609193858623602161e-02 -1.887784939379556423e-02 -1.930946410824156689e-02 -1.802199447101921620e-02 -2.127360421543900842e-02 -4.876160101571454242e-02 -1.456083902029068899e-01 -4.195030783378199124e-01 -1.025912329865526385e+00 -2.635350704824603874e+00 -4.571035693402053290e+00 -1.722603357517577649e+01 3.950957513244587549e+00 -2.320810991546356661e+02 8.204276357023055652e+02 -6.159833842426174670e+03 2.705228568583896413e+04 -6.269264717258480232e+03 8.422788817635976102e+02 -2.454129240611549108e+02 2.841575652053430545e+00 -1.938721331949130544e+01 -5.456748270050796101e+00 -3.173470290151190643e+00 -1.279864830967750722e+00 -5.362729206775154189e-01 -1.918247950210068276e-01 -6.590814854147160340e-02 -2.945254434575561228e-02 -2.562690776758526010e-02 -2.833795989837151891e-02 -2.861039607187474201e-02 -2.518461678094322323e-02 -1.963988841519948361e-02 -1.390610473796536142e-02 -9.267632641859794088e-03 -6.183502070721688497e-03 -4.496184800321339006e-03 -3.747408006597291973e-03 -3.448092622146040238e-03 -3.239594381010254751e-03 -2.943970190177980749e-03 -2.535846926504044946e-03 -2.077311532980940720e-03 -1.651820832334673431e-03 -1.319054162008952754e-03 -1.097168315843428596e-03 -9.679170285873155621e-04 -8.939944134449911940e-04 -8.378764387761697885e-04 -7.747269381303546450e-04 -6.965362904885524700e-04 -6.088299237805117970e-04 -5.234728787276390254e-04 -4.513130912145309442e-04 -3.979903979602464922e-04 -3.619551849748633477e-04 -3.363683995761208639e-04 -3.166623422694561023e-04 -2.958841181681996736e-04 -2.720337011490954102e-04 -2.457979181088338770e-04 -2.198212663858366018e-04 -1.969099170187576359e-04 -1.787483619318494847e-04 -1.653697780673247435e-04 -1.554422682541277260e-04 -1.470561904488374013e-04 -1.385784388893852978e-04 -1.292125377029316275e-04 -1.190989641557728428e-04 -1.090148317606388630e-04 -9.987944637891141069e-05 -9.230821619052031752e-05 -8.638799246338512696e-05 -8.172046772858619201e-05 -7.766366720149493123e-05 -7.362756641716453282e-05 -6.932161805978879609e-05 -6.469481334936842058e-05 -6.062882432755689399e-05 -5.450111281644201880e-05 -6.531102849312592099e-05
-1.519654804154634662e-05 -5.861444512014420577e-05 -1.015176650367811891e-04 -1.503253714995599370e-04 -2.007515925540730454e-04 -2.497338576157785532e-04 -2.973322510784810638e-04 -3.505224181213687754e-04 -4.239021302244496943e-04 -5.360474725983258157e-04 -7.013946203114191334e-04 -9.202592383179729807e-04 -1.172314439090010700e-03 -1.420449817951764540e-03 -1.630490746470419179e-03 -1.807230180863596833e-03 -2.037957636307248174e-03 -2.523505823446312111e-03 -3.568147216117041609e-03 -5.498345972785746022e-03 -8.496244199160805921e-03 -1.237174022072038380e-02 -1.636477715805866387e-02 -1.917956648874733286e-02 -1.959842370925546015e-02 -1.827325345375453367e-02 -2.155707271259401162e-02 -4.940511478512463195e-02 -1.474820085549582160e-01 -4.246519621406266154e-01 -1.038048042052785114e+00 -2.664536310535194019e+00 -4.621802971117014103e+00 -1.739412450881659566e+01 3.952357362189222290e+00 -2.341026947915372887e+02 8.272103251173962235e+02 -6.211262896837149128e+03 2.727464826723571241e+04 -6.320025161729202409e+03 8.491871465612180145e+02 -2.473278025360520189e+02 2.896783594428534947e+00 -1.952288957789202328e+01 -5.489672958392247892e+00 -3.193070194112876070e+00 -1.287248216248725097e+00 -5.392731241191013325e-01 -1.928393536354826299e-01 -6.623669737032691907e-02 -2.958841573658826593e-02 -2.574082001814865031e-02 -2.846097743676999706e-02 -2.873064879919430201e-02 -2.528627842852407964e-02 -1.971548661733017738e-02 -1.395671288377484109e-02 -9.299161122538498678e-03 -6.202938265605471499e-03 -4.509226716926303773e-03 -3.757604789342563860e-03 -3.457042085308286924e-03 -3.247629830572453837e-03 -2.950884748594218270e-03 -2.541406627962071191e-03 -2.081491195463555481e-03 -1.654818178888041056e-03 -1.321186929774661144e-03 -1.098751455296861869e-03 -9.691808474084075923e-04 -8.950614572876510518e-04 -8.387856250462149676e-04 -7.754723607074735792e-04 -6.971253340506113278e-04 -6.092257289321183558e-04 -5.238852001682075057e-04 -4.516187484628738573e-04 -3.967352091766722421e-04 -3.605950872383892141e-04 -3.360080360733017882e-04 -3.161830534617482576e-04 -2.955142506906271419e-04 -2.716838165193677379e-04 -2.454690181419337601e-04 -2.195040802918727101e-04 -1.966039989308920801e-04 -1.784549237074266109e-04 -1.650904601762860266e-04 -1.551776727706743705e-04 -1.468056517231922738e-04 -1.383404604153154992e-04 -1.289854899115968582e-04 -1.188816381220469454e-04 -1.088066723541842922e-04 -9.968050656646811525e-05 -9.211906225846909491e-05 -8.620962404903420985e-05 -8.155555387633660130e-05 -7.751349578438778852e-05 -7.351947421224108823e-05 -6.917642775204792390e-05 -6.514643903353886949e-05 -5.855791716628697764e-05 -6.958622251672242211e-05
-1.216082655934459332e-05 -4.765394084206319217e-05 -8.483910153025473583e-05 -1.297881451206385267e-04 -1.790032273370212312e-04 -2.283293237599929790e-04 -2.743166301554224524e-04 -3.181723734759146121e-04 -3.685070876684435909e-04 -4.413608565020015547e-04 -5.559558916295950391e-04 -7.263357400803531656e-04 -9.515179188656423511e-04 -1.209420683324021395e-03 -1.461382306891366488e-03 -1.672622904398686711e-03 -1.848949030601467879e-03 -2.080668097314183982e-03 -2.573449286044868136e-03 -3.637179778156791540e-03 -5.602655456602449215e-03 -8.652188873133948716e-03 -1.258878312081811862e-02 -1.663710855088815915e-02 -1.948075097637960024e-02 -1.988730305049181760e-02 -1.852521908947559262e-02 -2.184240859829167380e-02 -5.005382383997290796e-02 -1.493728013346057870e-01 -4.298586797731936415e-01 -1.050343806082039366e+00 -2.694200884903272364e+00 -4.673432114891872047e+00 -1.756611722277825294e+01 3.955506397687844622e+00 -2.361849952273669828e+02 8.342196518965070027e+02 -6.264411742372178196e+03 2.750475830717778081e+04 -6.372623935819007784e+03 8.563436340727165543e+02 -2.493180842987476069e+02 2.952155775592566478e+00 -1.966498678602840755e+01 -5.524531398100806179e+00 -3.213793411995699234e+00 -1.295098699784632545e+00 -5.424725067370554932e-01 -1.939271106827635260e-01 -6.659122519552521102e-02 -2.973631043519072564e-02 -2.586524110293350609e-02 -2.859561331286410504e-02 -2.886273360299860744e-02 -2.539851907177068796e-02 -1.979950991710208510e-02 -1.401343820094641535e-02 -9.334870948206466790e-03 -6.225209793976020992e-03 -4.524323209696390694e-03 -3.769486088320242890e-03 -3.467532008017188642e-03 -3.257136422943909381e-03 -2.959183829646396067e-03 -2.548212598891298752e-03 -2.086734492900105091e-03 -1.658680805456227807e-03 -1.324003437628181552e-03 -1.100877688007736608e-03 -9.708987752082724526e-04 -8.965375068691902680e-04 -8.401026484344029750e-04 -7.765910508895156701e-04 -6.982113350016224849e-04 -6.101145239886330077e-04 -5.231184517955306083e-04 -4.506436986027739658e-04 -3.966702239829937278e-04 -3.603658972302280173e-04 -3.358651134901137611e-04 -3.160503954393797119e-04 -2.953936816193644351e-04 -2.715604297967572208e-04 -2.453358721343777997e-04 -2.193592085208236260e-04 -1.964504519659701339e-04 -1.782981306153628650e-04 -1.649356265000245802e-04 -1.550280194688649768e-04 -1.466619733753194983e-04 -1.382017742615255400e-04 -1.288501967984655595e-04 -1.187485923052031164e-04 -1.086757915703614216e-04 -9.955292809885000886e-05 -9.199690905700296396e-05 -8.609694276670528973e-05 -8.145468442904033545e-05 -7.745411410543176229e-05 -7.341729816378323305e-05 -6.970720948968535283e-05 -6.298462567083856279e-05 -7.468331955999358218e-05
-1.044234893985480842e-05 -4.075878246066444276e-05 -7.227536916354499721e-05 -1.110361428567462609e-04 -1.554001639504153738e-04 -2.026804984058429141e-04 -2.490156703472054794e-04 -2.920637498204234285e-04 -3.340826474629937323e-04 -3.843653095056278972e-04 -4.591239283477684249e-04 -5.772993034472383416e-04 -7.523256696424474813e-04 -9.824037719240988255e-04 -1.244554559437874210e-03 -1.499362285099759082e-03 -1.711836956023414296e-03 -1.888676258523107592e-03 -2.122692261696228731e-03 -2.623767931660332588e-03 -3.706969878921224058e-03 -5.707364115893970996e-03 -8.807752514973222341e-03 -1.280477686639811680e-02 -1.690831698542600778e-02 -1.978150629329235299e-02 -2.017696558067486740e-02 -1.877922359168418195e-02 -2.213111134422667686e-02 -5.070959390480551249e-02 -1.512843043811671617e-01 -4.351317292873512210e-01 -1.062818753761609170e+00 -2.724387391959500526e+00 -4.725996347637355655e+00 -1.774221536072221994e+01 3.960346708890640333e+00 -2.383299034587418532e+02 8.414611191046333261e+02 -6.319321505356251691e+03 2.774278090039397284e+04 -6.427095924054950956e+03 8.637531369137851698e+02 -2.513848526881829741e+02 3.007795610916283557e+00 -1.981354294472268052e+01 -5.561319702964778067e+00 -3.235638715489376427e+00 -1.303414263776771831e+00 -5.458697983597420311e-01 -1.950872659576123047e-01 -6.697125624270375277e-02 -2.989595324547879990e-02 -2.600002875802340935e-02 -2.874180515996301380e-02 -2.900661341955005496e-02 -2.552127608242453841e-02 -1.989183957811305192e-02 -1.407610768297609151e-02 -9.374567035201735940e-03 -6.250146012779751042e-03 -4.541366834501291659e-03 -3.783021224027640315e-03 -3.479591885214147404e-03 -3.268166003557281506e-03 -2.968900318600270743e-03 -2.556251871001866821e-03 -2.092980252231141716e-03 -1.663319846162695593e-03 -1.327419949640793774e-03 -1.103494460954719276e-03 -9.730740471170179571e-04 -8.984324515004888040e-04 -8.419716426975642825e-04 -7.782696720177515034e-04 -6.982068879637858775e-04 -6.098057637060299956e-04 -5.235836311174139630e-04 -4.508256570532124239e-04 -3.968460667363152197e-04 -3.604978499040938133e-04 -3.359855915386889252e-04 -3.161607102084559645e-04 -2.954885427603675210e-04 -2.716305394343089346e-04 -2.453751521540259114e-04 -2.193676921733296278e-04 -1.964338531505464738e-04 -1.782650463952898875e-04 -1.648942261467271691e-04 -1.549837091088294928e-04 -1.466167229944666977e-04 -1.381549374143319824e-04 -1.288001169669588102e-04 -1.186941805807252581e-04 -1.086175787393100633e-04 -9.949330005208409486e-05 -9.194110167614670212e-05 -8.604876809793791448e-05 -8.144723741190519313e-05 -7.739769152793398723e-05 -7.403788049873836954e-05 -6.743350935127883608e-05 -8.034659549200239470e-05
-9.737345265086359364e-06 -3.720178640862899732e-05 -6.378348979327486286e-05 -9.542713699301413411e-05 -1.323678001810356505e-04 -1.744946157932554174e-04 -2.196821124480584754e-04 -2.647263835130633878e-04 -3.074862895683129482e-04 -3.500725381352651818e-04 -4.015273109544330939e-04 -4.779616141397869853e-04 -5.984357093645268884e-04 -7.765649376165741037e-04 -1.010506407751289972e-03 -1.276809273305326130e-03 -1.535254660620510555e-03 -1.750213674400852466e-03 -1.928705839167560703e-03 -2.165598880076384080e-03 -2.674834965728937856e-03 -3.776832849754774291e-03 -5.811330654040290644e-03 -8.962076255861328028e-03 -1.301967808316676148e-02 -1.717928766419461392e-02 -2.008333086654568930e-02 -2.046896431689679968e-02 -1.903637817543771260e-02 -2.242375630026465644e-02 -5.137310977939496537e-02 -1.532190337616733122e-01 -4.404788935209376644e-01 -1.075491379442174100e+00 -2.755137582310658750e+00 -4.779566533959870078e+00 -1.792261781553320432e+01 3.966827733779300758e+00 -2.405393298952394900e+02 8.489403679358475756e+02 -6.376034444186235305e+03 2.798888766189432135e+04 -6.483477856058788348e+03 8.714206933948407823e+02 -2.535292903846111017e+02 3.063800147422551134e+00 -1.996860791067323149e+01 -5.600038300708686023e+00 -3.258607145052403453e+00 -1.312193811076447059e+00 -5.494641640038032682e-01 -1.963193184341926190e-01 -6.737660200709540137e-02 -3.006732434772062951e-02 -2.614520180752808592e-02 -2.889951971744274262e-02 -2.916216511820320448e-02 -2.565434914112985423e-02 -1.999224593611120121e-02 -1.414452097469927686e-02 -9.418122698351922423e-03 -6.277707294246549427e-03 -4.560384981800670069e-03 -3.798262670802302326e-03 -3.493254932052278564e-03 -3.280704295586102642e-03 -2.979970186347847064e-03 -2.565432015134221436e-03 -2.100141374108845278e-03 -1.668680179335121265e-03 -1.331437938401228453e-03 -1.106610921135507339e-03 -9.758492873991223915e-04 -9.009310212221508787e-04 -8.428209436421539840e-04 -7.788340275604480143e-04 -6.994957176073807008e-04 -6.107097368169011904e-04 -5.243416232340777352e-04 -4.514034512088437945e-04 -3.973081136586661629e-04 -3.608885555951154515e-04 -3.363360378121943071e-04 -3.164813247017844158e-04 -2.957756040469671963e-04 -2.718751582883226973e-04 -2.455713599493450534e-04 -2.195165472665584088e-04 -1.965431682175516014e-04 -1.783461479376186336e-04 -1.649579247882290950e-04 -1.550373654461787028e-04 -1.466633376396779098e-04 -1.381941407368619552e-04 -1.288302230676204442e-04 -1.187143451792908329e-04 -1.086291585686161975e-04 -9.950163426446013472e-05 -9.195103180951258524e-05 -8.609732242344421155e-05 -8.143934399599464383e-05 -7.811591499554784203e-05 -7.163844090101732277e-05 -8.616878231183138295e-05
-9.508788792895278588e-06 -3.544890095058254756e-05 -5.823200101187625256e-05 -8.343230879372635781e-05 -1.124438900157667817e-04 -1.474275080982906513e-04 -1.886974457101017603e-04 -2.341988112418323328e-04 -2.802156506118575201e-04 -3.239142352895793943e-04 -3.669588634568945454e-04 -4.184809106623192535e-04 -4.952071828498664369e-04 -6.170306930158301261e-04 -7.981463812052756908e-04 -1.036632957026259027e-03 -1.308189952927720640e-03 -1.571295968692634900e-03 -1.789295750789096466e-03 -1.969399469454301103e-03 -2.208667100255542245e-03 -2.725405941204985232e-03 -3.845718342971367158e-03 -5.914251024929658741e-03 -9.115780974708987544e-03 -1.323481292084867887e-02 -1.745157352539728618e-02 -2.038749011662789601e-02 -2.076393992873799138e-02 -1.929668450960920004e-02 -2.272010074397117288e-02 -5.204479413311362962e-02 -1.551797243167493401e-01 -4.459082631022669996e-01 -1.088380019563303991e+00 -2.786491971515470567e+00 -4.834210945364404211e+00 -1.810751919652864572e+01 3.974905977762175358e+00 -2.428151999613464511e+02 8.566631905408144121e+02 -6.434594038913764052e+03 2.824325693478048925e+04 -6.541808316051520706e+03 8.793515896539222467e+02 -2.557526762637158413e+02 3.120261394669987531e+00 -2.013024241824260940e+01 -5.640691579105722830e+00 -3.282702047170961812e+00 -1.321437409307190558e+00 -5.532554460801565321e-01 -1.976231630188116650e-01 -6.780726837937972595e-02 -3.025043094587404058e-02 -2.630068817509157234e-02 -2.906858846884984027e-02 -2.932916360136957404e-02 -2.579752185917713603e-02 -2.010057760006713282e-02 -1.421861544322557819e-02 -9.465549732000139507e-03 -6.307938891024307201e-03 -4.581409838588637595e-03 -3.815197998377954734e-03 -3.508458962267260121e-03 -3.294659077809227506e-03 -2.992304593046239605e-03 -2.575694865297494581e-03 -2.108215865669286777e-03 -1.674768333069022539e-03 -1.336197339534217488e-03 -1.110409651714894860e-03 -9.776682342296455584e-04 -9.023753288216351419e-04 -8.450090864475268441e-04 -7.806687227473399363e-04 -7.011483742185955267e-04 -6.120730653849098136e-04 -5.254368285131599901e-04 -4.522755942603806797e-04 -3.980232606842539758e-04 -3.615057643220722966e-04 -3.368935288051847009e-04 -3.169934267186510883e-04 -2.962394028929785355e-04 -2.722812451493724045e-04 -2.459133773278635092e-04 -2.197961981314091684e-04 -1.967700690656913457e-04 -1.785341133456945604e-04 -1.651202190578213798e-04 -1.551831785876117481e-04 -1.467966537587805725e-04 -1.383149117709094012e-04 -1.289369535213360943e-04 -1.188066845353578959e-04 -1.087111368685219514e-04 -9.957778109469940357e-05 -9.206169387264414108e-05 -8.614201001449066386e-05 -8.225954695433874010e-05 -7.558850207982203550e-05 -9.178808489792290273e-05
-9.250529908160446947e-06 -3.394455011238976951e-05 -5.408795651241723757e-05 -7.460559722831634300e-05 -9.709088013114188388e-05 -1.248049916414285376e-04 -1.599587217291568281e-04 -2.024732906088778884e-04 -2.494504325011412567e-04 -2.963662000659411373e-04 -3.400007687670169752e-04 -3.822469897197678236e-04 -4.329981700179973787e-04 -5.099649899866691514e-04 -6.338228783253323098e-04 -8.189704703732693337e-04 -1.062928808138850420e-03 -1.340195776268513633e-03 -1.607858060263276994e-03 -1.828403101410915835e-03 -2.009541325942559072e-03 -2.250816565816104141e-03 -2.775055867312360182e-03 -3.914032585297116777e-03 -6.017178486355964813e-03 -9.270160170172830200e-03 -1.345129084905363412e-02 -1.772583076721682277e-02 -2.069414663168366378e-02 -2.106172108103273113e-02 -1.955992358946527510e-02 -2.302026784898294348e-02 -5.272574091000600122e-02 -1.571696619973917963e-01 -4.514279464203998504e-01 -1.101502223683259896e+00 -2.818489341285978611e+00 -4.889995272284913597e+00 -1.829711096907258039e+01 3.984543925484678617e+00 -2.451594615447750982e+02 8.646355420461150061e+02 -6.495045076561279529e+03 2.850607400729631627e+04 -6.602127759130088634e+03 8.875513629421295718e+02 -2.580563831001346671e+02 3.177267108994374478e+00 -2.029851771915014069e+01 -5.683287924386276835e+00 -3.307929193402796120e+00 -1.331146326040010042e+00 -5.572440450581005456e-01 -1.989988549252950378e-01 -6.826320440752528529e-02 -3.044514504734207108e-02 -2.646630941388221012e-02 -2.924882748281146597e-02 -2.950746802520300138e-02 -2.595072412313285948e-02 -2.021683013209167254e-02 -1.429842024358461521e-02 -9.516869686694495387e-03 -6.340824411347254982e-03 -4.604380182515142687e-03 -3.833737932513544937e-03 -3.525117461358329932e-03 -3.309972513977674658e-03 -3.005899708693222840e-03 -2.587044171539466808e-03 -2.117339772190051251e-03 -1.681763355903446652e-03 -1.340155530991288474e-03 -1.113248020751537700e-03 -9.808659148360608909e-04 -9.051263157176922449e-04 -8.476164423559671068e-04 -7.830281067920248335e-04 -7.032083024287286328e-04 -6.137948421973525191e-04 -5.268361138906629956e-04 -4.534099958138518380e-04 -3.989688132814212993e-04 -3.623309347523054618e-04 -3.376428280574815012e-04 -3.176841029616068405e-04 -2.968688423928905144e-04 -2.728391730235560212e-04 -2.463928058578241645e-04 -2.201992795374696661e-04 -1.971080535043142712e-04 -1.788231587503629177e-04 -1.653759390317783011e-04 -1.554165535579256168e-04 -1.470127024934010098e-04 -1.385141453159438032e-04 -1.291183373628017360e-04 -1.189723363864046105e-04 -1.088637304089208640e-04 -9.975931977178414359e-05 -9.216560518201136567e-05 -8.706679467106476103e-05 -7.961305165173894157e-05 -9.710848414028422446e-05
-8.668145263605651045e-06 -3.169524941972605040e-05 -5.007716114766634592e-05 -6.794014410742338546e-05 -8.630707021218683923e-05 -1.082174162328023185e-04 -1.365875857051811854e-04 -1.730460420186845892e-04 -2.167550625807478559e-04 -2.642584553312963928e-04 -3.108722200587902152e-04 -3.536507769287725142e-04 -3.950818870180517633e-04 -4.457726338936339136e-04 -5.240406517227952279e-04 -6.508583596752375456e-04 -8.404691966407244752e-04 -1.089747613852643047e-03 -1.372172523676431491e-03 -1.643772979451207147e-03 -1.866494114415609591e-03 -2.048704362516085876e-03 -2.292385973878598507e-03 -2.824693993020896497e-03 -3.982857426665065495e-03 -6.120976725316727880e-03 -9.425648433455929148e-03 -1.366914903307331515e-02 -1.800191296940702526e-02 -2.100322934341488160e-02 -2.136248473778792206e-02 -1.982656625939731992e-02 -2.332505123512864514e-02 -5.341737248126925824e-02 -1.591919460362601346e-01 -4.570453435544074572e-01 -1.114874415932850971e+00 -2.851167015171823138e+00 -4.946983473090064365e+00 -1.849158304615794890e+01 3.995708985730182405e+00 -2.475740914107175001e+02 8.728635526587862614e+02 -6.557433733040727020e+03 2.877753133914489445e+04 -6.664478534304256755e+03 8.960258052990111537e+02 -2.604418763749582126e+02 3.234901145343481943e+00 -2.047351537845299418e+01 -5.727839586595397492e+00 -3.334296562372502937e+00 -1.341322745103609160e+00 -5.614306474162870098e-01 -2.004464401269294427e-01 -6.874428443165218894e-02 -3.065132178575062649e-02 -2.664196513878023045e-02 -2.944019805007728682e-02 -2.969708953571077031e-02 -2.611398628873662017e-02 -2.034101825650663428e-02 -1.438391087879909574e-02 -9.572016238887945047e-03 -6.376273603693428590e-03 -4.629211430158312011e-03 -3.853827387674287411e-03 -3.543228308162804131e-03 -3.326648606139650816e-03 -3.020889349142912191e-03 -2.599655632051390153e-03 -2.125982514467598082e-03 -1.688035981197498307e-03 -1.345624456394557038e-03 -1.117464367490324717e-03 -9.845324257325869730e-04 -9.084463076287131213e-04 -8.506861277136403563e-04 -7.858121400749960806e-04 -7.056423542461437350e-04 -6.158429257353238099e-04 -5.285167374815937305e-04 -4.547881832531677640e-04 -4.001297089529150816e-04 -3.633513737539237364e-04 -3.385730316575920741e-04 -3.185438425834983232e-04 -2.976555539717696294e-04 -2.735415464414845928e-04 -2.470030949236913910e-04 -2.207199739001581087e-04 -1.975519366150176872e-04 -1.792086549116828911e-04 -1.657209850850921440e-04 -1.557339768244059709e-04 -1.473088043324638800e-04 -1.387902775731930725e-04 -1.293760138968016267e-04 -1.192118542274814421e-04 -1.091269649730397729e-04 -9.993216941033876226e-05 -9.319957568581408271e-05 -8.431479999263052319e-05 -1.024373034748136062e-04
-7.729866750396917284e-06 -2.847890314126311432e-05 -4.556673315891509256e-05 -6.234684966971407887e-05 -7.893485924262446632e-05 -9.723612738980936957e-05 -1.197055279509144925e-04 -1.487710431941938161e-04 -1.856668648454734419e-04 -2.294180484941015343e-04 -2.766593802869332457e-04 -3.229277813869335439e-04 -3.655305312107557541e-04 -4.071971464358954576e-04 -4.587715405725399263e-04 -5.388090445588495682e-04 -6.684672556189555359e-04 -8.619946681211295347e-04 -1.115944772530436981e-03 -1.403104124414882329e-03 -1.678628782354446569e-03 -1.903901999832307602e-03 -2.087762010848746765e-03 -2.334380476763581354e-03 -2.875057645809908895e-03 -4.052451680914333915e-03 -6.225476552689635130e-03 -9.581905994000812152e-03 -1.388819845599650361e-02 -1.828000757366964046e-02 -2.131532985085362805e-02 -2.166705907957335378e-02 -2.009743448688183429e-02 -2.363517108823530097e-02 -5.412067334357054116e-02 -1.612490487186804544e-01 -4.627672090567520602e-01 -1.128512422339013721e+00 -2.884561676703599087e+00 -5.005238631007840056e+00 -1.869112485504436449e+01 4.008373162357927733e+00 -2.500611005473243438e+02 8.813535395970666286e+02 -6.621807653242549350e+03 2.905782879686001252e+04 -6.728904914051180640e+03 9.047809676458180093e+02 -2.629107136741097861e+02 3.293243941595070279e+00 -2.065532680268896115e+01 -5.774362257465369019e+00 -3.361813986820610722e+00 -1.351969555393481404e+00 -5.658161872512397217e-01 -2.019660642366862546e-01 -6.925048840419818774e-02 -3.086895858698959424e-02 -2.682770078103794906e-02 -2.964276178430994696e-02 -2.989806471742627314e-02 -2.628729472570999828e-02 -2.047307849833861562e-02 -1.447499638970456415e-02 -9.630904000528904205e-03 -6.414232010662958110e-03 -4.655903277070157047e-03 -3.875472762144773538e-03 -3.562926182086618467e-03 -3.344862468343972207e-03 -3.035755864717728635e-03 -2.611912950954837533e-03 -2.136433568442368345e-03 -1.695902324859174717e-03 -1.351702945054718708e-03 -1.122328544920954407e-03 -9.887109373550137699e-04 -9.122366561318169271e-04 -8.541855031873745070e-04 -7.889889416555060818e-04 -7.084277959925486473e-04 -6.181987753170194947e-04 -5.304636074458219481e-04 -4.563975332668086826e-04 -4.014952057620431230e-04 -3.645577738773011622e-04 -3.396759546810443993e-04 -3.195653716705752377e-04 -2.985930366025467235e-04 -2.743825436403314177e-04 -2.477390300667517897e-04 -2.213536130764728145e-04 -1.980975516228171917e-04 -1.796869316096696436e-04 -1.661522520401851406e-04 -1.561331691290156198e-04 -1.476837985736334513e-04 -1.391454674692448154e-04 -1.297109297481134084e-04 -1.195678123342113473e-04 -1.093805421493100507e-04 -1.010859621341381876e-04 -9.034967048584837247e-05 -1.084512163375578217e-04
-6.602339941823993039e-06 -2.469905813527950038e-05 -4.059453951553130836e-05 -5.703540967160529261e-05 -7.333831913991406179e-05 -9.002441084848052544e-05 -1.083997402112887241e-04 -1.307053011413233067e-04 -1.594068632035152160e-04 -1.959780749760265263e-04 -2.396931715130408815e-04 -2.872862196463842380e-04 -3.341988518864720233e-04 -3.775431698405306235e-04 -4.199312477332767788e-04 -4.723207936511921606e-04 -5.536387941491586117e-04 -6.855245078798615031e-04 -8.825394632318039369e-04 -1.141101723633340149e-03 -1.433306506036083772e-03 -1.713278647426442038e-03 -1.941611696949430881e-03 -2.127424312680334471e-03 -2.377007544856645904e-03 -2.925882479800320877e-03 -4.122326334823816184e-03 -6.330297769357782697e-03 -9.738928800312116052e-03 -1.410890320007937224e-02 -1.856093679108596073e-02 -2.163137489492248516e-02 -2.197619578624267905e-02 -2.037294397541524957e-02 -2.395082172597263331e-02 -5.483620372792518544e-02 -1.633432397386540280e-01 -4.686002749910059828e-01 -1.142432044407129421e+00 -2.918709752863415829e+00 -5.064823129874024943e+00 -1.889592575008630249e+01 4.022513042810023975e+00 -2.526225392364475226e+02 8.901120183080970492e+02 -6.688216030365315419e+03 2.934717389877570531e+04 -6.795453129488269951e+03 9.138231647873484462e+02 -2.654645442094324039e+02 3.352373255963381649e+00 -2.084405269003008598e+01 -5.822874742847318430e+00 -3.390493045243658354e+00 -1.363090421666053542e+00 -5.704020072797322261e-01 -2.035581234916115090e-01 -6.978196762915302165e-02 -3.109815128905671355e-02 -2.702358302048659539e-02 -2.985653778450234400e-02 -3.011035878679522992e-02 -2.647057839137999594e-02 -2.061293656609710159e-02 -1.457162740799632789e-02 -9.693534906213678928e-03 -6.454707995013913777e-03 -4.684591862751297589e-03 -3.898850521739774359e-03 -3.582708274567587836e-03 -3.363012451713766077e-03 -3.052768877057974398e-03 -2.626111681132631184e-03 -2.147799915547142589e-03 -1.704638971705631180e-03 -1.358433918861153217e-03 -1.127743250439082077e-03 -9.933696341521008628e-04 -9.164662309366913232e-04 -8.580923158480257629e-04 -7.925402091809560833e-04 -7.115495997865344717e-04 -6.208497652290862921e-04 -5.326660061147365371e-04 -4.582288376103021673e-04 -4.030572897257809237e-04 -3.659430648786614467e-04 -3.409452836633651996e-04 -3.207430043087382775e-04 -2.996761482701383768e-04 -2.753575131617322369e-04 -2.485964161811192604e-04 -2.220964429966117474e-04 -1.987416076740707851e-04 -1.802552516642423846e-04 -1.666678415018273216e-04 -1.566133857353190113e-04 -1.481404335182386967e-04 -1.395811875106327032e-04 -1.301686785195698532e-04 -1.199136485673070533e-04 -1.106729783871755030e-04 -9.812895760866249806e-05 -1.159680884162794909e-04
-5.525837735019045407e-06 -2.103437203684328010e-05 -3.562965838057743993e-05 -5.167806854366689939e-05 -6.809116986597878196e-05 -8.434430638944932475e-05 -1.005327061691444873e-04 -1.180531967759248623e-04 -1.394958525472635852e-04 -1.677537218916232793e-04 -2.045647153825337443e-04 -2.491660249737560743e-04 -2.979727762643461235e-04 -3.459924717720567946e-04 -3.900245981761418573e-04 -4.326884880622904809e-04 -4.853324274994220327e-04 -5.675403863013463298e-04 -7.016017100572907901e-04 -9.023873239785196220e-04 -1.166032105740044764e-03 -1.463733940378246674e-03 -1.748419609208917659e-03 -1.979831052075129404e-03 -2.167423004289524384e-03 -2.419744382582319706e-03 -2.976701392385637870e-03 -4.192328652542397227e-03 -6.435710430476532760e-03 -9.897345064436390352e-03 -1.433206140998139443e-02 -1.884544546671284779e-02 -2.195188388577332117e-02 -2.229012473536091943e-02 -2.065311161375509366e-02 -2.427207150771259342e-02 -5.556467173667895693e-02 -1.654770696652407003e-01 -4.745514689604202196e-01 -1.156648992877722160e+00 -2.953647219547967495e+00 -5.125798544348350916e+00 -1.910617547667498073e+01 4.038109440402418926e+00 -2.552605022661237513e+02 8.991457131632009805e+02 -6.756709684683823980e+03 2.964578207058582484e+04 -6.864171410393324550e+03 9.231589813901731532e+02 -2.681051086088540387e+02 3.412364786040163800e+00 -2.103980277065085858e+01 -5.873398934350387179e+00 -3.420347163383568478e+00 -1.374689903508892197e+00 -5.751899097588231147e-01 -2.052232161345565187e-01 -7.033892037318532908e-02 -3.133895298258893708e-02 -2.722960418960755635e-02 -3.008148919632515003e-02 -3.033393186699209765e-02 -2.666381531661027315e-02 -2.076061233862451852e-02 -1.467382268590400676e-02 -9.760049962371753277e-03 -6.497880569200574843e-03 -4.713789548528198904e-03 -3.922374602527488145e-03 -3.604827480070261873e-03 -3.383376666139277858e-03 -3.071044668539026426e-03 -2.641535611206432231e-03 -2.160124433840879266e-03 -1.714149786299079114e-03 -1.365786242243509667e-03 -1.133678161888925385e-03 -9.984870388341120836e-04 -9.211174011850008529e-04 -8.623920268044764099e-04 -7.964536132065526191e-04 -7.149971995765307424e-04 -6.237867730432678339e-04 -5.351160125419615870e-04 -4.602751673865050001e-04 -4.048098388127698466e-04 -3.675017748486364834e-04 -3.423760752318325126e-04 -3.220722411980924391e-04 -3.009007826359228616e-04 -2.764627185704055944e-04 -2.495718916419822800e-04 -2.229455253883522907e-04 -1.994817099162132681e-04 -1.809120878535052106e-04 -1.672674493558105868e-04 -1.571780705891367004e-04 -1.486808713500031300e-04 -1.401468777490865586e-04 -1.306155051652014675e-04 -1.213704709143166544e-04 -1.075772469662277994e-04 -1.255946052389069563e-04
-4.693293257655207113e-06 -1.807212146999201280e-05 -3.123038727756360591e-05 -4.635558022105351449e-05 -6.240864821173988880e-05 -7.846379535335955909e-05 -9.382600341501613284e-05 -1.088875025277312903e-04 -1.254879660751470984e-04 -1.466101074826556229e-04 -1.753063907197025960e-04 -2.131795239628668276e-04 -2.591035172120819763e-04 -3.090626480828198076e-04 -3.577542536903554563e-04 -4.019367442201918022e-04 -4.445138914236386311e-04 -4.973834042601324272e-04 -5.807735386751073725e-04 -7.174702958824258738e-04 -9.224488328852330872e-04 -1.191402850616908983e-03 -1.494585340300819739e-03 -1.783792615356699163e-03 -2.018051125667697475e-03 -2.207288704637132455e-03 -2.462397512029120775e-03 -3.027688926671920355e-03 -4.262934617045911236e-03 -6.542323265693305960e-03 -1.005771649995060128e-02 -1.455807532029919880e-02 -1.913376248331055338e-02 -2.227697559331557123e-02 -2.260894654214798058e-02 -2.093811452779776455e-02 -2.459932529903649870e-02 -5.630711353344568931e-02 -1.676532333871823821e-01 -4.806275796301047176e-01 -1.171178564022867574e+00 -2.989409511423636090e+00 -5.188225895904073681e+00 -1.932206503479597970e+01 4.055146765096727002e+00 -2.579771339351160009e+02 9.084615682473298648e+02 -6.827341141899906688e+03 2.995387691208810065e+04 -6.935110029977969134e+03 9.327952785294320392e+02 -2.708342393068836600e+02 3.473292470760566797e+00 -2.124269579817095988e+01 -5.925959847096036626e+00 -3.451391618111550041e+00 -1.386773382264602006e+00 -5.801820215470061548e-01 -2.069619980579457952e-01 -7.092149596889846253e-02 -3.159136066604692483e-02 -2.744574806780794574e-02 -3.031762869773431054e-02 -3.056884286427525438e-02 -2.686705863709114642e-02 -2.091627105005847490e-02 -1.478177600738409675e-02 -9.828982236632801892e-03 -6.542181215633483503e-03 -4.745734775003377162e-03 -3.948308005977427086e-03 -3.628410732650876915e-03 -3.405247634639122639e-03 -3.090627656667586064e-03 -2.658090758859363908e-03 -2.173377151330345165e-03 -1.724405394950803217e-03 -1.373739258439230426e-03 -1.140116448729862342e-03 -1.004049377140175774e-03 -9.261785111865284857e-04 -8.670746018756478584e-04 -8.007204082823256904e-04 -7.187629262140124561e-04 -6.270030521035497737e-04 -5.378076733446584146e-04 -4.625312411654985078e-04 -4.067481285567467529e-04 -3.692296342247738256e-04 -3.439644338200021538e-04 -3.235495068840247321e-04 -3.022636613206950806e-04 -2.776951921526493727e-04 -2.506628677687491847e-04 -2.238988018277713243e-04 -2.003167051654600119e-04 -1.816576052990169087e-04 -1.679553267426333978e-04 -1.578302041282456092e-04 -1.493594021073523838e-04 -1.406996301609913841e-04 -1.322647967327930142e-04 -1.180854445736415369e-04 -1.373998666125745790e-04
-4.179085728564379155e-06 -1.607429221402833020e-05 -2.776068316612995788e-05 -4.136748211762550435e-05 -5.622763205616049790e-05 -7.163675549402488717e-05 -8.671953764011521568e-05 -1.011243118776032136e-04 -1.155740773575999824e-04 -1.321089041014369752e-04 -1.537166233169179677e-04 -1.832858521417715246e-04 -2.221670186692908066e-04 -2.689872610000005747e-04 -3.195663928829010404e-04 -3.685683692731831569e-04 -4.128724684551546590e-04 -4.556573034715099028e-04 -5.092163724492783936e-04 -5.942127379335903140e-04 -7.337651764712513954e-04 -9.429026196326866513e-04 -1.216948819021548530e-03 -1.525357201234692293e-03 -1.818938141565579767e-03 -2.056081929127454196e-03 -2.247179536259055147e-03 -2.505392287161541890e-03 -3.079357988942483040e-03 -4.334563618178436870e-03 -6.650365261802595324e-03 -1.022010459578702284e-02 -1.478695526686236647e-02 -1.942598574990735127e-02 -2.260691895039649429e-02 -2.293308899671192211e-02 -2.122846564283763920e-02 -2.493317865928853724e-02 -5.706453260176139880e-02 -1.698741862264740166e-01 -4.868350383796507530e-01 -1.186035697131125222e+00 -3.026031872235796616e+00 -5.252166199873570918e+00 -1.954378754447783706e+01 4.073612636435171019e+00 -2.607746325125389717e+02 9.180667584284842633e+02 -6.900164711738687402e+03 3.027169047521629545e+04 -7.008321354559710926e+03 9.427392005747935855e+02 -2.736538614709757553e+02 3.535228708919416984e+00 -2.145285948338746351e+01 -5.980585483333613617e+00 -3.483643366736447700e+00 -1.399346897411795299e+00 -5.853806890822834674e-01 -2.087751655334089962e-01 -7.152985891783013306e-02 -3.185541986563156930e-02 -2.767209319582947941e-02 -3.056504448789341966e-02 -3.081530031898403396e-02 -2.708054261730415482e-02 -2.107848869649474668e-02 -1.489395152263965974e-02 -9.902565360153206195e-03 -6.589862730032643862e-03 -4.779566464407458519e-03 -3.975952843268736568e-03 -3.653505382007238809e-03 -3.428535109744737085e-03 -3.111490595403492744e-03 -2.675749926433642310e-03 -2.187539018043560633e-03 -1.735390185078433548e-03 -1.382280179790045535e-03 -1.147047322196963551e-03 -1.010047403766982767e-03 -9.316415176085732783e-04 -8.721329621516413092e-04 -8.053343142030900846e-04 -7.228411830205791607e-04 -6.304936029561926608e-04 -5.407365118795620608e-04 -4.649930331346873477e-04 -4.088685132114765739e-04 -3.711233128960327639e-04 -3.457072954460790079e-04 -3.251719796021507202e-04 -3.037622202616217771e-04 -2.790527077791269848e-04 -2.518676343045317704e-04 -2.249555071934107955e-04 -2.012472511911771449e-04 -1.824969425211912029e-04 -1.687353066749492595e-04 -1.586298121657096869e-04 -1.500212813631209994e-04 -1.425659915409157946e-04 -1.287342119936053732e-04 -1.507904011540725368e-04
-3.933469247687131389e-06 -1.493455813497536530e-05 -2.526321228067282228e-05 -3.701579602933980636e-05 -4.999592224289106868e-05 -6.408147682616966584e-05 -7.872648392810158906e-05 -9.330041125645130223e-05 -1.075558718398783771e-04 -1.221810873333886369e-04 -1.390946877402736729e-04 -1.611620146945309784e-04 -1.912075866379505252e-04 -2.305818049361858953e-04 -2.779358690006408024e-04 -3.290908720802184590e-04 -3.786780099206228309e-04 -4.235544888869926606e-04 -4.669697299369001699e-04 -5.214466066506653116e-04 -6.080236641782975002e-04 -7.502138177970048196e-04 -9.632405489161736641e-04 -1.242206461123318171e-03 -1.555855336411013931e-03 -1.854009227822532319e-03 -2.094339572961237232e-03 -2.287586966918305712e-03 -2.549101921699744536e-03 -3.131853650018783571e-03 -4.407149710906221006e-03 -6.759686318975604603e-03 -1.038444662968816302e-02 -1.501886068326757293e-02 -1.972253246038386740e-02 -2.294230813533422453e-02 -2.326316505210957591e-02 -2.152465599977169963e-02 -2.527402816610756220e-02 -5.783765538161119574e-02 -1.721421417523597008e-01 -4.931801479179192538e-01 -1.201235337994884578e+00 -3.063549746489723447e+00 -5.317680794140759559e+00 -1.977153873393987382e+01 4.093497840815609301e+00 -2.636552543872381875e+02 9.279687004075750565e+02 -6.975236567574216679e+03 3.059946355367282376e+04 -7.083859897941310010e+03 9.529981826219799359e+02 -2.765659941365429404e+02 3.598244735495308877e+00 -2.167043028944967276e+01 -6.037306619940517649e+00 -3.517120913963642348e+00 -1.412417112614857029e+00 -5.907885336921459007e-01 -2.106635556885702587e-01 -7.216429064528226411e-02 -3.213125066697715415e-02 -2.790886383969621784e-02 -3.082400584352455036e-02 -3.107193979554906740e-02 -2.730279080520988180e-02 -2.124952107619441921e-02 -1.501261183028147067e-02 -9.979961166755403623e-03 -6.640241847165240588e-03 -4.815336976352933319e-03 -4.005223523149850293e-03 -3.680087931916427128e-03 -3.453215471849813926e-03 -3.133617625787116570e-03 -2.694500156939174610e-03 -2.202599307204881288e-03 -1.747094912988440309e-03 -1.391400938761780002e-03 -1.154463694771999368e-03 -1.016474869604815524e-03 -9.375008827783832361e-04 -8.775621669814911594e-04 -8.102908913104397027e-04 -7.272279569314674379e-04 -6.342547831297712119e-04 -5.438992113955331631e-04 -4.676575117658525807e-04 -4.111682079721522536e-04 -3.731802401836580387e-04 -3.476022878384457562e-04 -3.269375053253754742e-04 -3.053946123093782871e-04 -2.805339234168417631e-04 -2.531858328624998419e-04 -2.261168026315757060e-04 -2.022793967674882550e-04 -1.834347045975868789e-04 -1.696736356705954121e-04 -1.594076197374966186e-04 -1.521221248089597486e-04 -1.387468118928337276e-04 -1.647041451997069135e-04
-3.828797891365414837e-06 -1.429664177054798982e-05 -2.349893523368829456e-05 -3.345309533978887913e-05 -4.432388439972641541e-05 -5.659407502003728849e-05 -7.027819219945929019e-05 -8.490153176576859103e-05 -9.971396053819536818e-05 -1.142624062863650499e-04 -1.290646041633151031e-04 -1.460007028065449198e-04 -1.680472793448174317e-04 -1.982227808462481077e-04 -2.380399967058199038e-04 -2.861808963559300464e-04 -3.383366492949995558e-04 -3.889134316171370589e-04 -4.345865599268097681e-04 -4.786156021673133518e-04 -5.338057443168808510e-04 -6.217005209484851832e-04 -7.663476725750825551e-04 -9.832551516442710783e-04 -1.267311041114000791e-03 -1.586479584149901641e-03 -1.889486586019555915e-03 -2.133190037023797742e-03 -2.328642479798153156e-03 -2.593424512320232234e-03 -3.184951115448841560e-03 -4.480508886415521946e-03 -6.870287957043800207e-03 -1.055099852700797786e-02 -1.525427326731909443e-02 -2.002400062128052716e-02 -2.328371149077315683e-02 -2.359958889926431352e-02 -2.182691058709558193e-02 -2.562205850212401909e-02 -5.862713080340076210e-02 -1.744593779961492730e-01 -4.996693632462382295e-01 -1.216792602754845687e+00 -3.101998830524922646e+00 -5.384831345008792347e+00 -2.000551724190763636e+01 4.114796266372842126e+00 -2.666213183092391432e+02 9.381750636058890223e+02 -7.052614827432053062e+03 3.093744598489080090e+04 -7.161782380083240241e+03 9.635799586913489065e+02 -2.795727514522749289e+02 3.662411062127127526e+00 -2.189555329498835334e+01 -6.096156736471780135e+00 -3.551844345195171115e+00 -1.425991402231291616e+00 -5.964085461643550135e-01 -2.126281698896158034e-01 -7.282523973632892833e-02 -3.241915290255712595e-02 -2.815471913987672298e-02 -3.109308376462141185e-02 -3.134105553031047570e-02 -2.753610538595790622e-02 -2.142858200333040350e-02 -1.513711046191045136e-02 -1.006124073278138673e-02 -6.693244197169483101e-03 -4.853028958084036268e-03 -4.036100770814713204e-03 -3.708146426859442162e-03 -3.479279635039411300e-03 -3.157001691742099356e-03 -2.714335390541224372e-03 -2.218552478740155095e-03 -1.759514373370815819e-03 -1.401096663809633458e-03 -1.162361082703893206e-03 -1.023327713323323026e-03 -9.437529567059760099e-04 -8.833589294241742280e-04 -8.155871526104178969e-04 -7.319205029829521083e-04 -6.382840468245677993e-04 -5.472933974650508009e-04 -4.705224567671126507e-04 -4.136451374865696292e-04 -3.753984898135446363e-04 -3.496476682496224347e-04 -3.288446263303784148e-04 -3.071598805873901068e-04 -2.821389021611031209e-04 -2.546191242994476161e-04 -2.273896128397599921e-04 -2.034183610446150994e-04 -1.845433230207839067e-04 -1.705846476213003287e-04 -1.617546248785960887e-04 -1.480011610233895631e-04 -1.781106709317068805e-04
-3.726818072104893553e-06 -1.374797726200566603e-05 -2.209574254998614384e-05 -3.063500642313462814e-05 -3.966696249128018098e-05 -5.003708617084783034e-05 -6.225272752085414735e-05 -7.623645888201499403e-05 -9.126387453289610239e-05 -1.063301670714211577e-04 -1.208466667326498720e-04 -1.353793731985882226e-04 -1.520154626598638984e-04 -1.739987332536184917e-04 -2.045487218821402805e-04 -2.452152988196616311e-04 -2.945274178221313254e-04 -3.478942756383010971e-04 -3.994406430049773720e-04 -4.457121040893956493e-04 -4.901022450418842085e-04 -5.458308860477233343e-04 -6.350290468674405463e-04 -7.822834791464602922e-04 -1.003321759961659735e-03 -1.292720868124065713e-03 -1.617582230900654287e-03 -1.925498211929035182e-03 -2.172532292600939594e-03 -2.370113467675169939e-03 -2.638142332373737478e-03 -3.238576802434293446e-03 -4.554774758218065739e-03 -6.982494095964785277e-03 -1.072019876148283361e-02 -1.549365114233021597e-02 -2.033079060032451021e-02 -2.363143072874434106e-02 -2.394256272222939144e-02 -2.213538245521879527e-02 -2.597753572275005376e-02 -5.943378500718395074e-02 -1.768283520570332890e-01 -5.063092451685246020e-01 -1.232722635141980216e+00 -3.141414965446009511e+00 -5.453679890619169690e+00 -2.024592509851716571e+01 4.137504609762186369e+00 -2.696752097324697957e+02 9.486937811603229420e+02 -7.132359636416850662e+03 3.128589696511589136e+04 -7.242147789918238232e+03 9.744925705899007653e+02 -2.826763442258952637e+02 3.727797769212791046e+00 -2.212838225038003870e+01 -6.157172073830490255e+00 -3.587835405764101981e+00 -1.440077864773330107e+00 -6.022441319203734045e-01 -2.146702764423003562e-01 -7.351162158977311845e-02 -3.271773871726326582e-02 -2.841194948152326802e-02 -3.137460380712919078e-02 -3.162192693138732996e-02 -2.777990706846577076e-02 -2.161579387673830122e-02 -1.526740988301290153e-02 -1.014640886599602748e-02 -6.748862675702044234e-03 -4.892637090335309573e-03 -4.068579973682272949e-03 -3.737677900499108887e-03 -3.506725763681865175e-03 -3.181641419476041385e-03 -2.735254138731825838e-03 -2.235396653831112686e-03 -1.772646301104292225e-03 -1.411364872892868468e-03 -1.170736992344589443e-03 -1.030603582050733076e-03 -9.503955939311976636e-04 -8.895213042676365818e-04 -8.212213058148374462e-04 -7.369171280925001675e-04 -6.425797616037943550e-04 -5.509174822792261552e-04 -4.735863304740076042e-04 -4.162978414116067730e-04 -3.777767379733869583e-04 -3.518423740391458986e-04 -3.308927791912389857e-04 -3.090585161121214321e-04 -2.838697943445843202e-04 -2.561752512855649806e-04 -2.287796267156113998e-04 -2.047423581207677402e-04 -1.856202752302023729e-04 -1.731912815431118518e-04 -1.573537489725646823e-04 -1.906441990848478229e-04
-3.535340102128427821e-06 -1.299302526507022709e-05 -2.071916304579408605e-05 -2.836756886476919889e-05 -3.615192986413203651e-05 -4.493486748370419413e-05 -5.545174279256871985e-05 -6.802910721870979020e-05 -8.233751094489259118e-05 -9.746607155450618103e-05 -1.123623121108732173e-04 -1.265399793684386718e-04 -1.407665374251063301e-04 -1.573446193039173017e-04 -1.796632924219709871e-04 -2.109629875375925573e-04 -2.526813659760379291e-04 -3.031396494971123011e-04 -3.575178693328992453e-04 -4.097828114152643258e-04 -4.564807660093707820e-04 -5.012183817702726193e-04 -5.576300146462282803e-04 -6.483661668710214961e-04 -7.984566405130880031e-04 -1.023771496286440255e-03 -1.318549694692146930e-03 -1.649057124737766987e-03 -1.961813277451105678e-03 -2.212149957765524068e-03 -2.411915264249551646e-03 -2.683351030469097783e-03 -3.292977277983669820e-03 -4.630264963106064773e-03 -7.096609974198890211e-03 -1.089229431413088652e-02 -1.573719025475425401e-02 -2.064309137720532483e-02 -2.398569255562357089e-02 -2.429236642990199521e-02 -2.245040260994935269e-02 -2.634091293991956684e-02 -6.025855484430393816e-02 -1.792515153441727183e-01 -5.131062641331732843e-01 -1.249040510841184615e+00 -3.181834227735230058e+00 -5.524289124570336718e+00 -2.049296836561598312e+01 4.161622065737520693e+00 -2.728193850003672196e+02 9.595330613042706318e+02 -7.214533250803951887e+03 3.164508537805826563e+04 -7.325017452475043683e+03 9.857443772192043525e+02 -2.858790818834972356e+02 3.794474661123091952e+00 -2.236907970579998661e+01 -6.220391630615739409e+00 -3.625117537451952643e+00 -1.454685418199988423e+00 -6.082974174703548176e-01 -2.167895528253554749e-01 -7.422598067401914301e-02 -3.302935075449347363e-02 -2.867984922972680734e-02 -3.166803127048189309e-02 -3.191474024563527995e-02 -2.803422745162017712e-02 -2.181121938040729569e-02 -1.540354392196599184e-02 -1.023548517470277211e-02 -6.807106170838866759e-03 -4.934165559035357841e-03 -4.102663965793118539e-03 -3.768685286490754214e-03 -3.535556963261886083e-03 -3.207539594671565165e-03 -2.757258381673673413e-03 -2.253132802325753716e-03 -1.786490753587943953e-03 -1.422204993613929462e-03 -1.179590539465994771e-03 -1.038301523542006126e-03 -9.574279000584603322e-04 -8.960484757184106110e-04 -8.271925726709868348e-04 -7.422170355444372789e-04 -6.471410749109161777e-04 -5.547705547181288558e-04 -4.768482003701419048e-04 -4.191254493085618286e-04 -3.803143324177419649e-04 -3.541862419661249658e-04 -3.330828871147759594e-04 -3.110931603831883089e-04 -2.857351396963082467e-04 -2.578603547921845649e-04 -2.303705000135161923e-04 -2.060328356865810608e-04 -1.885129786929078848e-04 -1.685551865384941797e-04 -2.030798833889528880e-04
-3.233800069890420937e-06 -1.194129612554747694e-05 -1.918991561589950776e-05 -2.640538201416309941e-05 -3.357919525458162558e-05 -4.130697917555162913e-05 -5.024718498254114791e-05 -6.096120722408307529e-05 -7.362422326435624710e-05 -8.785343872717088574e-05 -1.027832844948915747e-04 -1.174683302599716810e-04 -1.315390584010937098e-04 -1.458490722809136278e-04 -1.627403703884308672e-04 -1.855982775085636622e-04 -2.176266876332906466e-04 -2.602003224529772247e-04 -3.115538696611975513e-04 -3.667686364655737218e-04 -4.197339646875988340e-04 -4.669979279326185763e-04 -5.123114778151155934e-04 -5.696247509336895996e-04 -6.620276921273952550e-04 -8.149664066191408948e-04 -1.044486252613316618e-03 -1.344558449540465004e-03 -1.680683617394844757e-03 -1.998345217134492140e-03 -2.252134322159359339e-03 -2.454278728174447664e-03 -2.729329076426468843e-03 -3.348383352991022178e-03 -4.707111614880964655e-03 -7.212685332478338193e-03 -1.106732554151639708e-02 -1.598501253638987679e-02 -2.096116663949852341e-02 -2.434689638490044813e-02 -2.464946289547362973e-02 -2.277241295312626077e-02 -2.671264048266220464e-02 -6.110227443405433917e-02 -1.817311780856436521e-01 -5.200668054089235826e-01 -1.265761388529007769e+00 -3.223293195374173248e+00 -5.596722710474235640e+00 -2.074685765504201385e+01 4.187150223884795075e+00 -2.760563753265100218e+02 9.707013990840526958e+02 -7.299200124288610823e+03 3.201529013751226012e+04 -7.410455100427694560e+03 9.973440643374075307e+02 -2.891833747139361890e+02 3.862511477548876915e+00 -2.261781712116896514e+01 -6.285857249945628666e+00 -3.663714191822931454e+00 -1.469821948408625234e+00 -6.145743780732759731e-01 -2.189894697526212630e-01 -7.496790688827573157e-02 -3.335349046084953861e-02 -2.895861107178839336e-02 -3.197343937052594259e-02 -3.221962723553913055e-02 -2.829917533268147198e-02 -2.201494186453067936e-02 -1.554556679451380916e-02 -1.032850150678409594e-02 -6.867992381529700908e-03 -4.977624989787703125e-03 -4.138360743872703668e-03 -3.801175912412069462e-03 -3.565780184341459363e-03 -3.234702347857528262e-03 -2.780352943829708656e-03 -2.271764255708366709e-03 -1.801049725374001412e-03 -1.433618054357839629e-03 -1.188922198084166283e-03 -1.046421778286103603e-03 -9.648500561635412181e-04 -9.029406060619387785e-04 -8.335010567051244837e-04 -7.478202100811379843e-04 -6.519678194910440757e-04 -5.588523165259855251e-04 -4.803077276760633614e-04 -4.221277663510119519e-04 -3.830115353779132764e-04 -3.566806483515790830e-04 -3.354181220349651744e-04 -3.132732331140688814e-04 -2.877417243154338521e-04 -2.597638147096260832e-04 -2.319288559158462883e-04 -2.092606161324180741e-04 -1.836803380360532267e-04 -2.173629581020621482e-04
-2.864414591706692865e-06 -1.069316659396653808e-05 -1.751263042381538587e-05 -2.454816385609272220e-05 -3.155748571685032885e-05 -3.874899802534558971e-05 -4.649466959002376663e-05 -5.535986393825506559e-05 -6.589651246721024930e-05 -7.835575089691194201e-05 -9.245681155366089954e-05 -1.074018959228717224e-04 -1.222475200230941088e-04 -1.365727017222442830e-04 -1.511708875054313197e-04 -1.683633495668922112e-04 -1.915750062212903909e-04 -2.240884258283446450e-04 -2.673425833739579219e-04 -3.195667974660288367e-04 -3.757482699621657080e-04 -4.296341064762016892e-04 -4.776770880210763496e-04 -5.236904161105557839e-04 -5.819084951383371365e-04 -6.758892100680467720e-04 -8.315653805192535150e-04 -1.065234794554281066e-03 -1.370649264392982810e-03 -1.712543374641231197e-03 -2.035318043614213739e-03 -2.292757077717121235e-03 -2.497419894491804265e-03 -2.776173161562553102e-03 -3.404775434675245960e-03 -4.785244917651182602e-03 -7.330698821065706819e-03 -1.124540790475897500e-02 -1.623741057456385556e-02 -2.128545945333152473e-02 -2.471554905131572930e-02 -2.501431070397910558e-02 -2.310175337454056788e-02 -2.709302468221392451e-02 -6.196566197819579347e-02 -1.842696208224830490e-01 -5.271973535377719733e-01 -1.282900699501973829e+00 -3.265829107287976374e+00 -5.671045403649595862e+00 -2.100780845415311759e+01 4.214093077071678906e+00 -2.793887907969553908e+02 9.822075882402721163e+02 -7.386426996796949425e+03 3.239680054454463607e+04 -7.498526949972154398e+03 1.009300654968477488e+03 -2.925917363023522739e+02 3.931978010876462371e+00 -2.287477328485085692e+01 -6.353611778194456328e+00 -3.703653929261798705e+00 -1.485499659903429581e+00 -6.210782945094548424e-01 -2.212707596732633175e-01 -7.573790356966692006e-02 -3.369026327192318343e-02 -2.924837151065651925e-02 -3.229097940843288217e-02 -3.253674500362455785e-02 -2.857488603616357634e-02 -2.222706272316250786e-02 -1.569354590507784225e-02 -1.042549886355333480e-02 -6.931545533455871384e-03 -5.023030953124851990e-03 -4.175682385876508702e-03 -3.835160695602759205e-03 -3.597405601429424626e-03 -3.263138664125026737e-03 -2.804545101889629414e-03 -2.291296391569395789e-03 -1.816326892946914595e-03 -1.445606476081652937e-03 -1.198733627965888711e-03 -1.054965633333622031e-03 -9.726631916958262264e-04 -9.101987230088866765e-04 -8.401476438774659571e-04 -7.537273357023668808e-04 -6.570604601439005224e-04 -5.631630821795394204e-04 -4.839652703394039580e-04 -4.253055489068069514e-04 -3.858702400375412932e-04 -3.593293965085090518e-04 -3.379090138346847066e-04 -3.156065753623759750e-04 -2.899860060382373995e-04 -2.616375228545301818e-04 -2.355653436064680112e-04 -2.042280327997298209e-04 -2.360435617644852881e-04
-2.499856432228278682e-06 -9.451632551757287564e-06 -1.582354294847602546e-05 -2.269764846667761578e-05 -2.968678068465280143e-05 -3.667013000775291479e-05 -4.368386219205780868e-05 -5.111435004638686789e-05 -5.963409680240037015e-05 -6.994287717298478988e-05 -8.239605742478739350e-05 -9.671997623069824245e-05 -1.120257912433581860e-04 -1.272311116273348462e-04 -1.418036125340046624e-04 -1.565157739934696594e-04 -1.737771984037810751e-04 -1.971742109444617609e-04 -2.301467490338210810e-04 -2.742038205509809935e-04 -3.275084613843445847e-04 -3.848611250257386366e-04 -4.397871011491721232e-04 -4.886111568997029888e-04 -5.352324141208837042e-04 -5.942337455942554988e-04 -6.897143328440466124e-04 -8.481444301234347021e-04 -1.086083278913863416e-03 -1.397030440344650126e-03 -1.744896347391740495e-03 -2.072941602081472372e-03 -2.334110851211760283e-03 -2.541307834130055419e-03 -2.823780991478568210e-03 -3.462064571999503258e-03 -4.864670687608530636e-03 -7.450799381358795374e-03 -1.142683539144257257e-02 -1.649478327233828978e-02 -2.161640743396997869e-02 -2.509205454158873819e-02 -2.538722426394984799e-02 -2.343864672303818536e-02 -2.748233165511389589e-02 -6.284948568830867055e-02 -1.868692470204587341e-01 -5.345045757946108589e-01 -1.300474152518363402e+00 -3.309479842307973207e+00 -5.747323073188900899e+00 -2.127604146275555408e+01 4.242456929490992401e+00 -2.828193245420345647e+02 9.940607332986838856e+02 -7.476282986002285725e+03 3.278991666009707842e+04 -7.589301780986312224e+03 1.021623520314151733e+03 -2.961067844835979486e+02 4.002946139231928768e+00 -2.314013950058361146e+01 -6.423704393556098680e+00 -3.744963922198195849e+00 -1.501728583340031786e+00 -6.278135957261079536e-01 -2.236348396387574655e-01 -7.653643929101605625e-02 -3.403985248800760199e-02 -2.954929029617225228e-02 -3.262083052790913651e-02 -3.286627339919795388e-02 -2.886151422541184675e-02 -2.244769827131463946e-02 -1.584755952706135701e-02 -1.052652588328056339e-02 -6.997795292984413870e-03 -5.070403167230441537e-03 -4.214644440294961110e-03 -3.870653660546881022e-03 -3.630446222951211593e-03 -3.292860064505452079e-03 -2.829844323859744774e-03 -2.311736420141011824e-03 -1.832327439699333281e-03 -1.458173927238164613e-03 -1.209027551638642856e-03 -1.063935314759384583e-03 -9.808692878613028184e-04 -9.178246328849969321e-04 -8.471339298443312203e-04 -7.599397503465997981e-04 -6.624201037504518505e-04 -5.677039027200697250e-04 -4.878222053148237422e-04 -4.286613341944681545e-04 -3.888950541215787965e-04 -3.621444970301241511e-04 -3.405649897625578426e-04 -3.181992192556181310e-04 -2.922026568044118347e-04 -2.657721541653126256e-04 -2.302600167420958360e-04 -2.612372849283956487e-04
-2.205493704484459568e-06 -8.411480801266558706e-06 -1.429643234465169238e-05 -2.086139072819152019e-05 -2.770634629278973706e-05 -3.455633744014874586e-05 -4.120825654449283907e-05 -4.779723630338012598e-05 -5.486483716006662631e-05 -6.322649741602591087e-05 -7.364234142124350150e-05 -8.642085124569521886e-05 -1.011594341970862697e-04 -1.168194710422811836e-04 -1.322168240179161529e-04 -1.468130861264072267e-04 -1.614776591400740775e-04 -1.787844613725431445e-04 -2.024862684163158792e-04 -2.361207748052002869e-04 -2.811771180813286996e-04 -3.356755055924237900e-04 -3.941988173782244131e-04 -4.500736798249963715e-04 -4.995575989272348213e-04 -5.467034183351877257e-04 -6.064879097725839373e-04 -7.035589386551886933e-04 -8.648962967804446015e-04 -1.107274413643243895e-03 -1.423897225446478466e-03 -1.777826379022175119e-03 -2.111181971582735874e-03 -2.376091359171522265e-03 -2.585842673608293799e-03 -2.872125021774698042e-03 -3.520330913414875321e-03 -4.945572653826300902e-03 -7.573242593524061490e-03 -1.161189745500526734e-02 -1.675742744512486934e-02 -2.195430404327235185e-02 -2.547669909008234285e-02 -2.576847644336007631e-02 -2.378336162539773299e-02 -2.788093276237907717e-02 -6.375463110366000330e-02 -1.895325546761421898e-01 -5.419952300977373127e-01 -1.318497644518653145e+00 -3.354283917057482967e+00 -5.825622834022400554e+00 -2.155178307037433072e+01 4.272250207913730335e+00 -2.863507569845796183e+02 1.006270262092923986e+03 -7.568839681716747691e+03 3.319494969351094915e+04 -7.682851019881033608e+03 1.034322393176242031e+03 -2.997312492261124817e+02 4.075484726369448474e+00 -2.341411326576747243e+01 -6.496184165294557111e+00 -3.787673784903499374e+00 -1.518519979621298477e+00 -6.347849172076158730e-01 -2.260832886057978219e-01 -7.736402682506444972e-02 -3.440246946359339780e-02 -2.986154796300922662e-02 -3.296319264966909163e-02 -3.320841193897745153e-02 -2.915923158072612070e-02 -2.267697820294141756e-02 -1.600769569005210113e-02 -1.063163802773230311e-02 -7.066776153184767262e-03 -5.119765020939396998e-03 -4.255265544544850446e-03 -3.907671626485712847e-03 -3.664917632127176732e-03 -3.323880390307176313e-03 -2.856262090054943574e-03 -2.333093236046409474e-03 -1.849057932431526826e-03 -1.471325218774111130e-03 -1.219807661959471665e-03 -1.073333903302127208e-03 -9.894711000740087723e-04 -9.258208545653506078e-04 -8.544621807449762291e-04 -7.664594665888213327e-04 -6.680486495075027651e-04 -5.724769491480287669e-04 -4.918819037198891809e-04 -4.322007655525669117e-04 -3.920999126715277909e-04 -3.651374417224727514e-04 -3.435048474645349724e-04 -3.207628644619334494e-04 -2.969231837013926829e-04 -2.600497660213088201e-04 -2.935113033298544414e-04
-2.012633595686931023e-06 -7.675537250314520119e-06 -1.305430469171330579e-05 -1.911461905656375253e-05 -2.555647715231133219e-05 -3.214763117570647674e-05 -3.861652375475248364e-05 -4.488976738451681494e-05 -5.123018126316842473e-05 -5.825698560739575978e-05 -6.678288157818702277e-05 -7.749487091212095818e-05 -9.059499060913105389e-05 -1.055861198036328228e-04 -1.213821223643254976e-04 -1.368129965839385729e-04 -1.514096205387118323e-04 -1.661438031987793489e-04 -1.836950626064328101e-04 -2.078936271755933707e-04 -2.422992103026773371e-04 -2.883510358321981614e-04 -3.439502987934389775e-04 -4.035231088188507187e-04 -4.602638951442654955e-04 -5.104051108470606052e-04 -5.581561046105753838e-04 -6.188556255830430196e-04 -7.176535756203538535e-04 -8.820018970974526258e-04 -1.128878082664427646e-03 -1.451204676427105293e-03 -1.811222677079741801e-03 -2.149936511562474967e-03 -2.418667544479538925e-03 -2.631091439413976024e-03 -2.921354002823635561e-03 -3.579761040038537036e-03 -5.028131250079859518e-03 -7.698183889110551612e-03 -1.180074091266795737e-02 -1.702552236674479205e-02 -2.229939998955302385e-02 -2.586981274004938880e-02 -2.615844299440173853e-02 -2.413627810722204087e-02 -2.828927117291430565e-02 -6.468199508080053894e-02 -1.922620158844653426e-01 -5.496760941645981724e-01 -1.336987284310098723e+00 -3.400280628678852946e+00 -5.906013285374586808e+00 -2.183526586501982436e+01 4.303483358474768039e+00 -2.899859600973913416e+02 1.018845938603836430e+03 -7.664171241752369497e+03 3.361222240967495600e+04 -7.779248833598331657e+03 1.047407374896826695e+03 -3.034679692686353292e+02 4.149666227226339821e+00 -2.369690223490156811e+01 -6.571103459199857610e+00 -3.831814652649850661e+00 -1.535885824489239271e+00 -6.419971808248228218e-01 -2.286177982442192114e-01 -7.822122080230747843e-02 -3.477834667821573522e-02 -3.018534286662973368e-02 -3.331828423773128267e-02 -3.356337831156108731e-02 -2.946822569783006524e-02 -2.291504476867144494e-02 -1.617405155240039111e-02 -1.074089709683141193e-02 -7.138527051871773783e-03 -5.171143266897272085e-03 -4.297567173157680435e-03 -3.946233997287044992e-03 -3.700837810130252169e-03 -3.356215654190115773e-03 -2.883811767934355442e-03 -2.355377312687598548e-03 -1.866526230486646992e-03 -1.485066222916387553e-03 -1.231078546326603131e-03 -1.083165262903960620e-03 -9.984720963397860066e-04 -9.341905857865500165e-04 -8.621353665600240725e-04 -7.732893538802651815e-04 -6.739492423551431913e-04 -5.774866468937120932e-04 -4.961512923790029669e-04 -4.359401081107468667e-04 -3.954986127000436279e-04 -3.684427975096212968e-04 -3.464089846621804403e-04 -3.261375596437808598e-04 -2.906001487442842128e-04 -3.312649182838616076e-04
-1.911321471934817199e-06 -7.226597942499369046e-06 -1.212172865712357406e-05 -1.754499883557549521e-05 -2.334820542916989154e-05 -2.947589467292874397e-05 -3.574732115962419226e-05 -4.199431408395341007e-05 -4.819362516295785714e-05 -5.459878923352972085e-05 -6.177453341818568851e-05 -7.046863082506944417e-05 -8.132436934563138623e-05 -9.453494222586755942e-05 -1.096221417476084985e-04 -1.255279912865012409e-04 -1.411043613277418386e-04 -1.558953631743592084e-04 -1.708878992637883449e-04 -1.887914570251970404e-04 -2.134825954414087447e-04 -2.485656096436904727e-04 -2.954901256583345186e-04 -3.521052811674735988e-04 -4.127233272200565915e-04 -4.704088457623293250e-04 -5.213347075111413953e-04 -5.698156217784008937e-04 -6.315106747772597333e-04 -7.320591446315994136e-04 -8.994056276704308611e-04 -1.150772075817163304e-03 -1.478839669023996380e-03 -1.845046327868180881e-03 -2.189267150127669360e-03 -2.461982525156366456e-03 -2.677226631974951969e-03 -2.971613925738367159e-03 -3.640443049146743250e-03 -5.112386197430887624e-03 -7.825662349236581217e-03 -1.199346961118343512e-02 -1.729928948133623370e-02 -2.265204654252589433e-02 -2.627183497440733345e-02 -2.655756977955991971e-02 -2.449778128119222201e-02 -2.870773710007706522e-02 -6.563240120902927299e-02 -1.950600696106419285e-01 -5.575540406787297121e-01 -1.355959525210713279e+00 -3.447510232590797141e+00 -5.988564674018957312e+00 -2.212672909163412172e+01 4.336168678675522692e+00 -2.937279000472371990e+02 1.031797878129519177e+03 -7.762354497828006970e+03 3.404206954656609014e+04 -7.878572216778507027e+03 1.060888954571431896e+03 -3.073198991812958525e+02 4.225563502294701124e+00 -2.398872347921043158e+01 -6.648517452758840207e+00 -3.877419279965863552e+00 -1.553838765399608413e+00 -6.494555946522044820e-01 -2.312401666337020323e-01 -7.910861493364357289e-02 -3.516773560120187853e-02 -3.052088977885001816e-02 -3.368634127796062139e-02 -3.393140761086484852e-02 -2.978869948929329173e-02 -2.316205229991732256e-02 -1.634673301985829080e-02 -1.085437092177375662e-02 -7.213091122846550240e-03 -5.224567817390821968e-03 -4.341573467690589862e-03 -3.986362617944305339e-03 -3.738227014138423288e-03 -3.389883936113770920e-03 -2.912508522535637440e-03 -2.378600623271370524e-03 -1.884741413056272236e-03 -1.499403803161892743e-03 -1.242845619040115627e-03 -1.093433982535640080e-03 -1.007876429953550191e-03 -9.429377519125960172e-04 -8.701573786831934016e-04 -7.804336609801024388e-04 -6.801275542878994218e-04 -5.827414116426727578e-04 -5.006492218999555877e-04 -4.398953663164022762e-04 -3.992433327969368987e-04 -3.717008518177037030e-04 -3.524805511520490891e-04 -3.190522865896156532e-04 -3.711021079138383458e-04
-1.861748781105069914e-06 -6.955068270269314979e-06 -1.142900898218416269e-05 -1.620618744818490744e-05 -2.127215383834374531e-05 -2.677766269598582624e-05 -3.271724390597432786e-05 -3.895098094977777835e-05 -4.527481488655075498e-05 -5.158834800824127823e-05 -5.807080100027259804e-05 -6.525606681541349925e-05 -7.391834446214266721e-05 -8.476650238955603042e-05 -9.805972514656355495e-05 -1.133485963779193789e-04 -1.295508810368035761e-04 -1.454562602932212738e-04 -1.605479016182378938e-04 -1.757959361617593798e-04 -1.939601468945443728e-04 -2.190213976423891656e-04 -2.546944261844284307e-04 -3.024829166143621251e-04 -3.601883148389135674e-04 -4.219762113584939797e-04 -4.807298223996553724e-04 -5.325173365752153276e-04 -5.817404127551612913e-04 -6.443937799200845102e-04 -7.466468995203947006e-04 -9.169843184292926193e-04 -1.172904939550588809e-03 -1.506851585756422991e-03 -1.879430629100799742e-03 -2.229340235546856987e-03 -2.506176816852746184e-03 -2.724323395778633240e-03 -3.022911566270256034e-03 -3.702349859102109942e-03 -5.198334545694818960e-03 -7.955758413220223937e-03 -1.219028618256996939e-02 -1.757905748298968160e-02 -2.301266332370024981e-02 -2.668320967512089262e-02 -2.696624905144773612e-02 -2.486817599358730202e-02 -2.913665540843303134e-02 -6.660666074343189746e-02 -1.979292239071403781e-01 -5.656361492784015566e-01 -1.375431225609327512e+00 -3.496014072021244701e+00 -6.073349131387725919e+00 -2.242641743002593913e+01 4.370322054490283215e+00 -2.975796465314356283e+02 1.045136555898568531e+03 -7.863469053769237689e+03 3.448483826259562920e+04 -7.980901093771701198e+03 1.074778019166222293e+03 -3.112901119477906491e+02 4.303250502103212582e+00 -2.428980377752865749e+01 -6.728484125657212545e+00 -3.924522062971206537e+00 -1.572392122670962289e+00 -6.571656530885475744e-01 -2.339522969894655413e-01 -8.002684084635831863e-02 -3.557090575670411592e-02 -3.086841919624064984e-02 -3.406761675742230738e-02 -3.431275192743417357e-02 -3.012087085029517899e-02 -2.341816692956857557e-02 -1.652585451116688614e-02 -1.097213316898115743e-02 -7.290515532347750967e-03 -5.280071607585579835e-03 -4.387311121540414527e-03 -4.028081676627282177e-03 -3.777107692974500299e-03 -3.424905309117750717e-03 -2.942369248696465565e-03 -2.402776575662518219e-03 -1.903713713923268179e-03 -1.514345749974749461e-03 -1.255115067265074593e-03 -1.104145357344995561e-03 -1.017689006095653936e-03 -9.520672583680326066e-04 -8.785336103102509312e-04 -7.878994101164943668e-04 -6.865936001350878828e-04 -5.882627297138962822e-04 -5.053935319917864837e-04 -4.442364533481037744e-04 -4.029277782244218347e-04 -3.785018630082466798e-04 -3.445617287754317764e-04 -4.093384231328769116e-04
-1.815885141589966752e-06 -6.719971947093456556e-06 -1.085566253998651709e-05 -1.509669733533799663e-05 -1.949542254141851312e-05 -2.434266262029024624e-05 -2.979865970661307650e-05 -3.583223810538282777e-05 -4.221068397508274554e-05 -4.862951060870300215e-05 -5.492956371239603928e-05 -6.130121732089657707e-05 -6.835218746359144248e-05 -7.695601332111681953e-05 -8.789793249641025038e-05 -1.014535244305985221e-04 -1.171213728332859920e-04 -1.337231317162003994e-04 -1.499549721548975386e-04 -1.652581754306408485e-04 -1.806417173400692562e-04 -1.989792557311524342e-04 -2.243985456589455470e-04 -2.607298817720255305e-04 -3.095004970502864428e-04 -3.684152707240156630e-04 -4.314492883456062713e-04 -4.912843242232733726e-04 -5.438942102470763207e-04 -5.938015153153147546e-04 -6.573785229216391702e-04 -7.613576456384709042e-04 -9.347753136103152281e-04 -1.195395664118839921e-03 -1.535393400919179280e-03 -1.914506557040078624e-03 -2.270225813408229074e-03 -2.551252947892693971e-03 -2.772342541692996137e-03 -3.075211179133618532e-03 -3.765495171173569890e-03 -5.286070981441186485e-03 -8.088658257499888038e-03 -1.239145996046403693e-02 -1.786515799881190428e-02 -2.338161552307801636e-02 -2.710430049032765826e-02 -2.738480702732769279e-02 -2.524774598725329847e-02 -2.957638229012036352e-02 -6.760567087140587073e-02 -2.008720875582888088e-01 -5.739297721432630173e-01 -1.395419784904613492e+00 -3.545833033969315817e+00 -6.160439022187260250e+00 -2.273458634715756688e+01 4.405957719365021674e+00 -3.015443709219758830e+02 1.058872827720853593e+03 -7.967597397689523859e+03 3.494088859330138803e+04 -8.086318420808149313e+03 1.089085868145927861e+03 -3.153818027731050506e+02 4.382802481689738627e+00 -2.460037984949461176e+01 -6.811064299927848786e+00 -3.973159065527388289e+00 -1.591559897204522844e+00 -6.651331392844248569e-01 -2.367561978332490824e-01 -8.097656768971647767e-02 -3.598814428343342225e-02 -3.122817699434150482e-02 -3.446238040810630648e-02 -3.470768014853727740e-02 -3.046497248935114630e-02 -2.368356644101513725e-02 -1.671153882203657917e-02 -1.109426321931035637e-02 -7.370851373992252410e-03 -5.337690505563339426e-03 -4.434809303239560692e-03 -4.071417638434485751e-03 -3.817504427831873437e-03 -3.461301783119194887e-03 -2.973412514260488724e-03 -2.427919953037161512e-03 -1.923454462180603907e-03 -1.529900733216469147e-03 -1.267893843161939111e-03 -1.115305474179159291e-03 -1.027915765253640526e-03 -9.615856138496785971e-04 -8.872724272370129507e-04 -7.956982178299470704e-04 -6.933713986721382972e-04 -5.940698789760865978e-04 -5.105705916340557782e-04 -4.485085736848880831e-04 -4.105187061712785323e-04 -3.698104171622946558e-04 -4.442504612010868530e-04
-1.738489852400874427e-06 -6.411643543360227687e-06 -1.028723618233989369e-05 -1.416673516285459324e-05 -1.809003129843066230e-05 -2.237260116365499785e-05 -2.726032123707420303e-05 -3.284553059176838566e-05 -3.899541332843346601e-05 -4.540034345583423371e-05 -5.173566404450538267e-05 -5.788460191397394833e-05 -6.412021494479549924e-05 -7.113555053248440301e-05 -7.985588557961551264e-05 -9.106427368285978916e-05 -1.049824757724021802e-04 -1.210263548988291048e-04 -1.379400464776540795e-04 -1.543805784443157711e-04 -1.698093540152985890e-04 -1.853154246128107564e-04 -2.038908183157637848e-04 -2.297801604545966975e-04 -2.668820561772940149e-04 -3.167057241275844713e-04 -3.768412826006093557e-04 -4.410837499990627919e-04 -5.019446541882714155e-04 -5.553396894047575279e-04 -6.059381272886933505e-04 -6.704968506322368750e-04 -7.763008069487171070e-04 -9.529187901003547973e-04 -1.218361363369175297e-03 -1.564523015691059084e-03 -1.950268420643473839e-03 -2.311880393248080465e-03 -2.597170923842534365e-03 -2.821284972149331813e-03 -3.128573620915589288e-03 -3.829997378521106735e-03 -5.375755956987348164e-03 -8.224550044769752752e-03 -1.259720471364473779e-02 -1.815784116607357251e-02 -2.375920135825543636e-02 -2.753544966809969713e-02 -2.781359996130657042e-02 -2.563685048592105609e-02 -3.002733217764103762e-02 -6.863046745661244286e-02 -2.038914775592662043e-01 -5.824409336728961772e-01 -1.415941399367721676e+00 -3.597012548772957619e+00 -6.249912250407573922e+00 -2.305149620930955479e+01 4.443094512864097290e+00 -3.056253545712654613e+02 1.073017941530727967e+03 -8.074825013645488980e+03 3.541059393173542048e+04 -8.194910294148276080e+03 1.103824228315572327e+03 -3.195982930365566972e+02 4.464296169068599163e+00 -2.492069861009226628e+01 -6.896321692066787357e+00 -4.023368051073283880e+00 -1.611356781149510420e+00 -6.733641290087259978e-01 -2.396539838975624559e-01 -8.195850214334418626e-02 -3.641975575514787983e-02 -3.160042428076689086e-02 -3.487091861679653126e-02 -3.511647789881520987e-02 -3.082125187479320752e-02 -2.395844020908872649e-02 -1.690391706011763404e-02 -1.122084610169078733e-02 -7.454153606075227152e-03 -5.397463256212036743e-03 -4.484099607094230860e-03 -4.116399200579253480e-03 -3.859443888406955802e-03 -3.499097258432223162e-03 -3.005658509492936149e-03 -2.454046862913181973e-03 -1.943976044216362163e-03 -1.546078307166076854e-03 -1.281189767733691143e-03 -1.126921521562504252e-03 -1.038564341105631438e-03 -9.715024684573067559e-04 -8.963870006723275450e-04 -8.038565531558483114e-04 -7.004816138597266990e-04 -6.003643642324001410e-04 -5.156799080422359198e-04 -4.570264794414058179e-04 -4.012313184153038295e-04 -4.781372054613072624e-04
-1.618962486009559989e-06 -5.989852213113833822e-06 -9.659115305278319271e-06 -1.334403195845579748e-05 -1.701514637034860341e-05 -2.090553375660887867e-05 -2.524382402988746210e-05 -3.020364240065319245e-05 -3.581048050494105701e-05 -4.190701066418886224e-05 -4.820474516040598945e-05 -5.443031669638618945e-05 -6.052268217187142129e-05 -6.679252981893951452e-05 -7.394170137626121693e-05 -8.287781274895080852e-05 -9.435064992570631431e-05 -1.085457207646236833e-04 -1.248494640315827816e-04 -1.419897841902050667e-04 -1.586254710028129440e-04 -1.742424291716730971e-04 -1.899796980635370741e-04 -2.089004745050244743e-04 -2.353251258919374870e-04 -2.732034474045166666e-04 -3.240386528156183115e-04 -3.853386019218366901e-04 -4.507542586956206311e-04 -5.126498287705851496e-04 -5.668842260934070466e-04 -6.182560920021955460e-04 -6.838826694598953114e-04 -7.915843428927746284e-04 -9.714611436733519307e-04 -1.241783933745810699e-03 -1.594185727694515673e-03 -1.986668078793690784e-03 -2.354299875034881161e-03 -2.643986279611880170e-03 -2.871255308722829493e-03 -3.183124919991867693e-03 -3.895976579451084984e-03 -5.467494013133521874e-03 -8.363539568553058495e-03 -1.280766561155661891e-02 -1.845733367575886838e-02 -2.414574748029503157e-02 -2.797707434549491501e-02 -2.825304107615621632e-02 -2.603597579095159181e-02 -3.049008044414669785e-02 -6.968061862628466274e-02 -2.069886539071294496e-01 -5.911792465930721940e-01 -1.437016247968279314e+00 -3.649596397018783467e+00 -6.341846123749316888e+00 -2.337741639501666668e+01 4.481752556254413378e+00 -3.098259926218295846e+02 1.087583553308870478e+03 -8.185240498656115960e+03 3.589434152914700098e+04 -8.306766063302535258e+03 1.119005269320228535e+03 -3.239430344727429087e+02 4.547809925937151831e+00 -2.525101744733382603e+01 -6.984322973362415254e+00 -4.075188519205619642e+00 -1.631798170756810773e+00 -6.818649955658541151e-01 -2.426478775210009764e-01 -8.297338868058475037e-02 -3.686606216496072369e-02 -3.198543738036042222e-02 -3.529353445241471127e-02 -3.553944758479112009e-02 -3.118997126885899793e-02 -2.424298921126580991e-02 -1.710312863436440345e-02 -1.135197246833372781e-02 -7.540481020909262089e-03 -5.459431450070711435e-03 -4.535216023034057201e-03 -4.163057261648958098e-03 -3.902954798803689139e-03 -3.538317487063597378e-03 -3.039129007705058602e-03 -2.481174710934589463e-03 -1.965291921817586326e-03 -1.562889030995941522e-03 -1.295011866978827914e-03 -1.139002493262515105e-03 -1.049645710667915450e-03 -9.818325906891078435e-04 -9.059064483617736488e-04 -8.123970998789486119e-04 -7.081415984014213186e-04 -6.066047534564368441e-04 -5.253743885785110580e-04 -4.473467524155415429e-04 -5.180402043175277339e-04
-1.470804908074275873e-06 -5.486170134326273240e-06 -8.971426608124996808e-06 -1.256402863386047907e-05 -1.614966453020669766e-05 -1.982360192868304783e-05 -2.371947893090080523e-05 -2.802262404392390042e-05 -3.289635261531999761e-05 -3.839579827572530145e-05 -4.441046450276764693e-05 -5.068918787005987698e-05 -5.696852507175490893e-05 -6.316954911203876192e-05 -6.957230014933536244e-05 -7.685559089732105871e-05 -8.592508762018732514e-05 -9.754871571971124842e-05 -1.119359591124715502e-04 -1.284847919958268837e-04 -1.459120886966850284e-04 -1.628491952564061623e-04 -1.787596331181146709e-04 -1.947908835051006464e-04 -2.140594437399855163e-04 -2.409731049494215880e-04 -2.795660556466743069e-04 -3.313732016229151275e-04 -3.938447959528028732e-04 -4.604893010355143486e-04 -5.235034920518773574e-04 -5.786592703925345655e-04 -6.308600958485931828e-04 -6.975773167876593702e-04 -8.071824259382531308e-04 -9.903371525482277272e-04 -1.265602998900346556e-03 -1.624365631189817003e-03 -2.023751912114402085e-03 -2.397582927573407505e-03 -2.691819183956271466e-03 -2.922359829457427463e-03 -3.238935391867409693e-03 -3.963470477506655931e-03 -5.561320334340856021e-03 -8.505707393401689201e-03 -1.302301362312774206e-02 -1.876393433425885965e-02 -2.454163585519284971e-02 -2.842971832910043406e-02 -2.870370311167566926e-02 -2.644413393161078665e-02 -3.096360010117688022e-02 -7.075910848443521528e-02 -2.101684579936052566e-01 -6.001516840708891465e-01 -1.458662283893621847e+00 -3.703630466608241800e+00 -6.436320767007151389e+00 -2.371262480976972498e+01 4.521953734238453926e+00 -3.141497989471383789e+02 1.102581743141734023e+03 -8.298935684257077810e+03 3.639253301730086241e+04 -8.421978449580854431e+03 1.134641619864864651e+03 -3.284196135864429493e+02 4.633423905009401267e+00 -2.559160452212294246e+01 -7.075137837572368582e+00 -4.128661746553000889e+00 -1.652900181143888370e+00 -6.906424155979724588e-01 -2.457402104319967306e-01 -8.402201001864342822e-02 -3.732740302570541208e-02 -3.238350791657081812e-02 -3.573054778289112138e-02 -3.597690852112893356e-02 -3.157140783200772238e-02 -2.453742609569206298e-02 -1.730932128836772110e-02 -1.148773860323242663e-02 -7.629896239241335670e-03 -5.523639511043980897e-03 -4.588194920474810388e-03 -4.211424901245694463e-03 -3.948067912305661988e-03 -3.578990046085482862e-03 -3.073847350482073696e-03 -2.509322229983252089e-03 -1.987416768063565101e-03 -1.580344839376702929e-03 -1.309371158674981503e-03 -1.151561059414926702e-03 -1.061176568471453984e-03 -9.926084822329786679e-04 -9.158569258334670147e-04 -8.215577736555381740e-04 -7.157703474695179067e-04 -6.178355772038697253e-04 -5.153893787635283486e-04 -5.742417005349966224e-04
-1.321184302693893378e-06 -4.976041501388443347e-06 -8.274254880813760156e-06 -1.179113625424489424e-05 -1.535215134567386570e-05 -1.892495897598391264e-05 -2.252366282321664937e-05 -2.628316772190606468e-05 -3.042938641229047707e-05 -3.518777626624763910e-05 -4.066161415786906770e-05 -4.674994945134626809e-05 -5.316896066292850921e-05 -5.959879397918095296e-05 -6.591065673032480939e-05 -7.236789027569799073e-05 -7.967536829753697064e-05 -8.879526090745021901e-05 -1.005540461919966115e-04 -1.151911092324598308e-04 -1.320881923238613042e-04 -1.499055504383387980e-04 -1.672059546893452878e-04 -1.834119558798271105e-04 -1.996896906344750294e-04 -2.192408219655939724e-04 -2.465980085141079295e-04 -2.859058084942283609e-04 -3.387348770328875436e-04 -4.024600795814466765e-04 -4.704174204047874177e-04 -5.346084208541577315e-04 -5.907048573850451779e-04 -6.437223920857832208e-04 -7.115114399625148368e-04 -8.230271252974791446e-04 -1.009519849601965558e-03 -1.289851784938323385e-03 -1.655148721552165188e-03 -2.061630445703205305e-03 -2.441829867751468732e-03 -2.740734425441605868e-03 -2.974622773930761608e-03 -3.296005985637119953e-03 -4.032490813138047900e-03 -5.657294235647792290e-03 -8.651203590679966415e-03 -1.324347201634943488e-02 -1.907806560852528047e-02 -2.494740610579869108e-02 -2.889245683639448531e-02 -2.916456113534048739e-02 -2.686372607539873336e-02 -3.145037675739034005e-02 -7.186612339693354556e-02 -2.134331018655129808e-01 -6.093662577650598156e-01 -1.480898534068948447e+00 -3.759161927254969005e+00 -6.533418754946048068e+00 -2.405740839096885608e+01 4.563721728454401827e+00 -3.186004111704975230e+02 1.118025031869179656e+03 -8.416005762927017713e+03 3.690558495344595576e+04 -8.540643670168785320e+03 1.150746384684991426e+03 -3.330317563060520456e+02 4.721220205564840455e+00 -2.594273908994653510e+01 -7.168839075594200416e+00 -4.183830831740044331e+00 -1.674679662837824212e+00 -6.997033756909628588e-01 -2.489334258668179090e-01 -8.510518771882238931e-02 -3.780413555864831771e-02 -3.279494296737334169e-02 -3.618229546413465059e-02 -3.642919712471636567e-02 -3.196585378653483966e-02 -2.484197529752318195e-02 -1.752265117111392878e-02 -1.162824645875498372e-02 -7.722465725423839460e-03 -5.590134699138724420e-03 -4.643075042709467019e-03 -4.261537367299696871e-03 -3.994815994969695694e-03 -3.621144330338189280e-03 -3.109838483872760188e-03 -2.538509632744557262e-03 -2.010366891367016632e-03 -1.598459973296396377e-03 -1.324282899398685279e-03 -1.164616643238544072e-03 -1.073194207980705545e-03 -1.003861832366647168e-03 -9.265064333418008202e-04 -8.307098926503377664e-04 -7.289530857916813340e-04 -6.073707074904077102e-04 -6.564983945039844270e-04
-1.196662227102740651e-06 -4.537633148908784130e-06 -7.634740352628627817e-06 -1.102421588393644105e-05 -1.451859766753494314e-05 -1.801799504289529574e-05 -2.144626198010616172e-05 -2.485757227335018410e-05 -2.845209289413711657e-05 -3.251832310183988214e-05 -3.730984363650737792e-05 -4.291150892871768686e-05 -4.916761430107916719e-05 -5.572997984768623253e-05 -6.223509809909734338e-05 -6.855149836803626660e-05 -7.498253439293717693e-05 -8.229862709646078181e-05 -9.152451207504752617e-05 -1.035184629514120493e-04 -1.185055436943346484e-04 -1.358112164459481376e-04 -1.540208012980819703e-04 -1.716379653033290340e-04 -1.880746355621085728e-04 -2.045514059777802296e-04 -2.243801745157321230e-04 -2.522230553734442068e-04 -2.923193040236356168e-04 -3.462483440228217410e-04 -4.112841451019911740e-04 -4.805769329042261203e-04 -5.459363045738081354e-04 -6.029512131109168336e-04 -6.567732412390148026e-04 -7.256533622276059147e-04 -8.391432027934963905e-04 -1.029083354954913199e-03 -1.314627243230358017e-03 -1.686622685324235763e-03 -2.100359182837064492e-03 -2.487059385878497789e-03 -2.790727630496813837e-03 -3.028042220213247263e-03 -3.354361062446202437e-03 -4.103117465961466336e-03 -5.755525366639163524e-03 -8.800298952181977163e-03 -1.346941818896925380e-02 -1.939868381136877415e-02 -2.536200408987232188e-02 -2.936774163290474179e-02 -2.963808935848372822e-02 -2.729435305946867341e-02 -3.195021747650689248e-02 -7.300270198302294400e-02 -2.167854267711420979e-01 -6.188311334989506918e-01 -1.503744633885180537e+00 -3.816239383712977773e+00 -6.633225199563649532e+00 -2.441206354391263744e+01 4.607082016390655177e+00 -3.231815958527191697e+02 1.133926398391967723e+03 -8.536549419645119997e+03 3.743392938895778934e+04 -8.662861567940384703e+03 1.167333162298042680e+03 -3.377833328812375839e+02 4.811283028212860913e+00 -2.630471184438712484e+01 -7.265502656963177763e+00 -4.240740744339364099e+00 -1.697154220028512350e+00 -7.090551797376137833e-01 -2.522300809909670538e-01 -8.622378291405471962e-02 -3.829663495342288532e-02 -3.322006528194287184e-02 -3.664913159005824678e-02 -3.689666716787335515e-02 -3.237361663288520347e-02 -2.515687319880098236e-02 -1.774328294152076324e-02 -1.177360371703860958e-02 -7.818259819318974790e-03 -5.658967122537919905e-03 -4.699897504321631954e-03 -4.313432064116317147e-03 -4.043233819008594694e-03 -3.664811591529881091e-03 -3.147129132835007562e-03 -2.568759116306021991e-03 -2.034161378291485852e-03 -1.617253755825649167e-03 -1.339770601204935772e-03 -1.178213326049789168e-03 -1.085737977079134862e-03 -1.015903846477554358e-03 -9.371571545808841030e-04 -8.462223975379038442e-04 -7.175005145529863041e-04 -7.691740504356851067e-04
-1.111706857726379325e-06 -4.216892692047864542e-06 -7.103147952014803704e-06 -1.028714924071176183e-05 -1.361478098570496056e-05 -1.699483125454110199e-05 -2.032199348646998881e-05 -2.357762163389734694e-05 -2.687339096074053241e-05 -3.044529561092119965e-05 -3.458042301563260431e-05 -3.949761306136881264e-05 -4.523144047292205355e-05 -5.158298386117649752e-05 -5.818534011886347906e-05 -6.468683265467383130e-05 -7.099225297948641314e-05 -7.745118220288640574e-05 -8.487347017385495345e-05 -9.430302308874896578e-05 -1.065906078266092157e-04 -1.219291116306697595e-04 -1.395972152230327942e-04 -1.581351613056421591e-04 -1.760223331653339607e-04 -1.926838457788691394e-04 -2.093982521640142956e-04 -2.295716949606400078e-04 -2.579697095001259508e-04 -2.989029954950225484e-04 -3.539492865860839610e-04 -4.202869963628064090e-04 -4.908972501467984704e-04 -5.574169369590194082e-04 -6.153656227531621769e-04 -6.700346496419058240e-04 -7.400716695583990905e-04 -8.556187525086267473e-04 -1.049103574002244622e-03 -1.339971708918120518e-03 -1.718794014753870702e-03 -2.139924678007125349e-03 -2.533263892444039250e-03 -2.841817419457147356e-03 -3.082683705157901813e-03 -3.414074492728117437e-03 -4.175549518797552415e-03 -5.856275126833847440e-03 -8.951800307482469382e-03 -1.369963745133094199e-02 -1.972810627686540086e-02 -2.578786130422276376e-02 -2.985523606684215014e-02 -3.012409293696208593e-02 -2.773644902649078162e-02 -3.246349191375070414e-02 -7.416984248869915031e-02 -2.202284126257102181e-01 -6.285547206957871058e-01 -1.527220813023510315e+00 -3.874912952194764060e+00 -6.735827880085966335e+00 -2.477689658775237902e+01 4.652061871656953507e+00 -3.278972538630258100e+02 1.150299297678575840e+03 -8.660668968849302473e+03 3.797801446272030444e+04 -8.788735747230788547e+03 1.184416063566796538e+03 -3.426783630314722018e+02 4.903698829645607660e+00 -2.667782528258106822e+01 -7.365207818075887758e+00 -4.299438377764186470e+00 -1.720342230486935131e+00 -7.187054570293698319e-01 -2.556328496033653530e-01 -8.737869714907432750e-02 -3.880529468799328446e-02 -3.365921354957215894e-02 -3.713142779720855768e-02 -3.737969008609168253e-02 -3.279501941553841782e-02 -2.548236832930925178e-02 -1.797138990342367695e-02 -1.192392387021944285e-02 -7.917352774881404598e-03 -5.730189745031269433e-03 -4.758705778149107009e-03 -4.367148540034710043e-03 -4.093358203063081173e-03 -3.710025143883006245e-03 -3.185748414146891225e-03 -2.600096266845313298e-03 -2.058825485769846895e-03 -1.636755591357088235e-03 -1.355887385565617258e-03 -1.192399600331565512e-03 -1.099175711324743010e-03 -1.027933958135492359e-03 -9.552515638981076305e-04 -8.330109300606060264e-04 -9.074694371150336713e-04
-1.064294820587879588e-06 -4.012324716420232506e-06 -6.692328909593018790e-06 -9.611270858517128595e-06 -1.267451373194993590e-05 -1.585732131716208391e-05 -1.908670627128741874e-05 -2.230675647254066801e-05 -2.552452218235062796e-05 -2.884923962920207192e-05 -3.249063767098441820e-05 -3.670171781575847267e-05 -4.167620456093728648e-05 -4.744209805875579448e-05 -5.381157429778713857e-05 -6.043781428487508735e-05 -6.698785903514866617e-05 -7.337760382935104824e-05 -7.996021566569941048e-05 -8.754597404518656557e-05 -9.718001255357918984e-05 -1.097148533090034402e-04 -1.253408937984848664e-04 -1.433247770311440030e-04 -1.621853217497273045e-04 -1.803806602245825830e-04 -1.973322728451402399e-04 -2.143497324440203286e-04 -2.349097939909813577e-04 -2.638717185074353471e-04 -3.056250866850655540e-04 -3.617654325362976890e-04 -4.293968695279209860e-04 -5.013442346873270023e-04 -5.690708984625093315e-04 -6.280147888060041116e-04 -6.835915512822018491e-04 -7.548368393788982503e-04 -8.724876946807739748e-04 -1.069575695393652727e-03 -1.365858809882039646e-03 -1.751642802824607010e-03 -2.180336063548811779e-03 -2.580502684913449016e-03 -2.894071474755597045e-03 -3.138731281198571012e-03 -3.475370848003382120e-03 -4.248525683199024655e-03 -5.958215501677313619e-03 -9.107860291894868260e-03 -1.393638545361249037e-02 -2.006586961446436487e-02 -2.622474860681676956e-02 -3.035543414080817473e-02 -3.062293659214213731e-02 -2.819039143035695361e-02 -3.299063953234626645e-02 -7.536857973908114849e-02 -2.237651363807079408e-01 -6.385456844155859013e-01 -1.551347922220279729e+00 -3.935234337510566505e+00 -6.841317379935161647e+00 -2.515222421476853398e+01 4.698690368755355173e+00 -3.327514259451783118e+02 1.167157679508594811e+03 -8.788470497068365148e+03 3.853830502037703263e+04 -8.918373715811259899e+03 1.202009731108188362e+03 -3.477210213532516150e+02 4.998556478177261120e+00 -2.706239409293502973e+01 -7.468037157134733484e+00 -4.359972606083999835e+00 -1.744262867127900574e+00 -7.286621710596221657e-01 -2.591445251107453718e-01 -8.857087332429955384e-02 -3.933052690228088649e-02 -3.411274271666811519e-02 -3.762957362156463259e-02 -3.787865533887275343e-02 -3.323040103654576610e-02 -2.581872160390696197e-02 -1.820715416166732506e-02 -1.207932630418092658e-02 -8.019822785910141888e-03 -5.803858372956703995e-03 -4.819545676655987917e-03 -4.422728532669392872e-03 -4.145228260926420161e-03 -3.756821103525014981e-03 -3.225729510527772931e-03 -2.632554040999674633e-03 -2.084396402958155203e-03 -1.657029647176838346e-03 -1.372691209842405273e-03 -1.207609297513888204e-03 -1.112565845517823546e-03 -1.048720659834893702e-03 -9.394819980062209990e-04 -1.057350715942605201e-03
-1.039231185486439884e-06 -3.882514348091217453e-06 -6.376844366456395626e-06 -9.018427668088055760e-06 -1.177047419848571072e-05 -1.469307692325406353e-05 -1.778146397686415625e-05 -2.098560680933713935e-05 -2.423671433507438176e-05 -2.750780725498946718e-05 -3.087182624072149428e-05 -3.451951085650953945e-05 -3.871092386960806113e-05 -4.366731643910704838e-05 -4.944860339787230150e-05 -5.588580560040829306e-05 -6.262843157788159742e-05 -6.932079673885840800e-05 -7.585138855741669966e-05 -8.255871670524769898e-05 -9.026199098394701074e-05 -1.000365522145412676e-04 -1.127711829760414178e-04 -1.286777615772903820e-04 -1.470145083688309713e-04 -1.662623323639120828e-04 -1.848308359564806915e-04 -2.021131664855449082e-04 -2.194388937322045308e-04 -2.403620760147142309e-04 -2.698558340460779133e-04 -3.124121597123364854e-04 -3.696603728201914478e-04 -4.386318450044372807e-04 -5.119823285753546602e-04 -5.809812910958028981e-04 -6.409674083950143032e-04 -6.974751567670496718e-04 -7.699391385649333739e-04 -8.897155299970746717e-04 -1.090468433691162663e-03 -1.392284353107362720e-03 -1.785215441521078748e-03 -2.221651079713574117e-03 -2.628953022983009005e-03 -2.947707592498787377e-03 -3.194913008361399426e-03 -3.536889252479608493e-03 -4.324117406707426135e-03 -6.063475261340193004e-03 -9.267857921907455762e-03 -1.417926266382182367e-02 -2.041233435628530407e-02 -2.667299275451607415e-02 -3.086877422372701074e-02 -3.113505384847372812e-02 -2.865657665309153182e-02 -3.353212382213380249e-02 -7.659998488330048427e-02 -2.273987708140753072e-01 -6.488129569677345554e-01 -1.576147465005621084e+00 -3.997256913187159810e+00 -6.949787227721470728e+00 -2.553837396347029198e+01 4.746998392636668562e+00 -3.377482984910899972e+02 1.184516007991230708e+03 -8.920064011519050837e+03 3.911528326062804263e+04 -9.051887033319189868e+03 1.220129359582554116e+03 -3.529156429944102342e+02 5.095947410642837738e+00 -2.745874556547443746e+01 -7.574076735803055627e+00 -4.422394344781926279e+00 -1.768936121209836676e+00 -7.389336290295166476e-01 -2.627680237652430528e-01 -8.980129673876598162e-02 -3.987276282346634282e-02 -3.458102435133122987e-02 -3.814397690733201118e-02 -3.839397082151228824e-02 -3.368011661019559844e-02 -2.616620658346057240e-02 -1.845076678023517200e-02 -1.223993636498408102e-02 -8.125751988074943546e-03 -5.880031641861112844e-03 -4.882465414193160567e-03 -4.480216272651723654e-03 -4.198886268163989910e-03 -3.805240288746735821e-03 -3.267114097267753529e-03 -2.666178865996868350e-03 -2.110950624766855330e-03 -1.678142524522118102e-03 -1.390683863922888720e-03 -1.222729160144688616e-03 -1.136130061049246990e-03 -1.029913770976184943e-03 -1.200910150012196153e-03
-1.016523782834317296e-06 -3.769391841617577453e-06 -6.108773774089399893e-06 -8.511451303425727032e-06 -1.097431167008670683e-05 -1.362012977922661601e-05 -1.651193884775255006e-05 -1.963705054692745826e-05 -2.290470954262176998e-05 -2.619978086346215219e-05 -2.946610133214946065e-05 -3.277883538655705940e-05 -3.636037197934621469e-05 -4.051560606116823889e-05 -4.550162473320509262e-05 -5.138784964370412167e-05 -5.798412347976162527e-05 -6.489864090572046364e-05 -7.173477338046050397e-05 -7.836138964754368603e-05 -8.513029866158779060e-05 -9.290334496758849956e-05 -1.028098704151486463e-04 -1.157790653632194660e-04 -1.320287602289445109e-04 -1.507823111252183288e-04 -1.704581729537154363e-04 -1.894055745399588148e-04 -2.069944213036752729e-04 -2.245927400824262175e-04 -2.458546560778802231e-04 -2.758840746712739418e-04 -3.192797027173278532e-04 -3.776954555248162129e-04 -4.480721370688689389e-04 -5.228780846387935362e-04 -5.931779501713832677e-04 -6.542124821760232200e-04 -7.116485677814952688e-04 -7.853423307918524230e-04 -9.072895996015242813e-04 -1.111816263570585125e-03 -1.419292305633007567e-03 -1.819675701134472294e-03 -2.264076985637884960e-03 -2.677340555289611009e-03 -3.001362430610530346e-03 -3.253278042039978342e-03 -3.600714123371327995e-03 -4.401631205770739456e-03 -6.171534480374842556e-03 -9.431989206959048855e-03 -1.442841899280374214e-02 -2.076780187097215444e-02 -2.713298752333669767e-02 -3.139571455705265218e-02 -3.166090146234019909e-02 -2.913541869090355632e-02 -3.408842673352737579e-02 -7.786516455843804640e-02 -2.311325878273645940e-01 -6.593657511465902399e-01 -1.601641631140253486e+00 -4.061035804046302822e+00 -7.061334042024586921e+00 -2.593568470645846347e+01 4.797018653058985116e+00 -3.428922095347263621e+02 1.202389281898467516e+03 -9.055563594961779017e+03 3.970944940980050160e+04 -9.189391466414763272e+03 1.238790716900880852e+03 -3.582667296047528680e+02 5.195965791326054628e+00 -2.786722002530356335e+01 -7.683416187640680128e+00 -4.486756615481248822e+00 -1.794382827173368611e+00 -7.495284920562679254e-01 -2.665063881635550413e-01 -9.107099623246878162e-02 -4.043245324401530116e-02 -3.506444705594277678e-02 -3.867506426483547505e-02 -3.892606331954536619e-02 -3.414453784404439252e-02 -2.652510974042161102e-02 -1.870242792654054284e-02 -1.240588540976161197e-02 -8.235226478964078473e-03 -5.958771117301506909e-03 -4.947515975838561418e-03 -4.539659461323745406e-03 -4.254379713929338364e-03 -3.855332902073579839e-03 -3.309958362072441471e-03 -2.701059936650096905e-03 -2.138562237878737209e-03 -1.700658673980710292e-03 -1.408569075070054046e-03 -1.249394552405480975e-03 -1.114451438821246945e-03 -1.326816509862879757e-03
-9.804531095125074721e-07 -3.624893786220711717e-06 -5.840642119751114551e-06 -8.074584716445290078e-06 -1.032424374721572125e-05 -1.272854869514366474e-05 -1.538804039464425631e-05 -1.833623705421657683e-05 -2.151294138458346221e-05 -2.479052119824742096e-05 -2.804348300993065180e-05 -3.123539093391267802e-05 -3.448072372867851040e-05 -3.804222954886224460e-05 -4.224830124174838979e-05 -4.735303258068668925e-05 -5.339854487260484563e-05 -6.015550312123075556e-05 -6.719818891637007190e-05 -7.411621253263853538e-05 -8.079170192457070618e-05 -8.761300937398765947e-05 -9.548871240131028405e-05 -1.055871209113119725e-04 -1.188522630937065359e-04 -1.354842675164363635e-04 -1.546602459833659325e-04 -1.747409607027058346e-04 -1.940325132041076167e-04 -2.119025597267556180e-04 -2.297729174209892154e-04 -2.514015928505892593e-04 -2.820153867105443810e-04 -3.263049614958009174e-04 -3.859342770094304170e-04 -4.577451694389691106e-04 -5.340188844599513861e-04 -6.056229197652686098e-04 -6.677124949151446668e-04 -7.260964276501034485e-04 -8.010754673309070963e-04 -9.252450307898876704e-04 -1.133770508429466370e-03 -1.447075561946034334e-03 -1.853739944420684316e-03 -2.306244028689406582e-03 -2.727700853033418211e-03 -3.057107391447875730e-03 -3.313120205312420838e-03 -3.666289183364358079e-03 -4.481185824972734599e-03 -6.282417742931612273e-03 -9.600387070174689133e-03 -1.468406645014964061e-02 -2.113258939681000523e-02 -2.760514827757361289e-02 -3.193673209854854672e-02 -3.220095390208461278e-02 -2.962734724293375477e-02 -3.466004754304010532e-02 -7.916526146759980676e-02 -2.349699628920707828e-01 -6.702135743538867318e-01 -1.627853331202157472e+00 -4.126627971154285035e+00 -7.176057680193358657e+00 -2.634450715417242961e+01 4.848785703580083428e+00 -3.481876549794808966e+02 1.220793055854157501e+03 -9.195087567127837247e+03 4.032132242600077734e+04 -9.331007150951978474e+03 1.258010166389471806e+03 -3.637789555732518352e+02 5.298708673485830190e+00 -2.828817128975732587e+01 -7.796148833398357070e+00 -4.553114614702110430e+00 -1.820624689135251106e+00 -7.604557860886175247e-01 -2.703627910108694632e-01 -9.238104542988259671e-02 -4.101006905261359720e-02 -3.556341692414097949e-02 -3.922328156878630151e-02 -3.947537899247510057e-02 -3.462405343269829572e-02 -2.689573072413671551e-02 -1.896234702048617965e-02 -1.257731090377377930e-02 -8.348336487250815688e-03 -6.040141737832133671e-03 -5.014752186659461250e-03 -4.601111419858132379e-03 -4.311766143691773620e-03 -3.907164380464360834e-03 -3.354364028710262770e-03 -2.737278838410848666e-03 -2.167851182841509881e-03 -1.723111154830395510e-03 -1.439244037677242516e-03 -1.225766316314878899e-03 -1.442650783590300901e-03
-9.254161095428530974e-07 -3.429199278309663655e-06 -5.544577870301136106e-06 -7.681787091032114145e-06 -9.812257653385438605e-06 -1.204387826693921103e-05 -1.447251078647771799e-05 -1.716466077674722978e-05 -2.012050638917927715e-05 -2.326702177249420387e-05 -2.648700178633718366e-05 -2.968147486730671054e-05 -3.284316520875233558e-05 -3.610569818524050510e-05 -3.973439020928315528e-05 -4.404487375286766622e-05 -4.927023584052706717e-05 -5.543228141869805135e-05 -6.228911533280680798e-05 -6.941348610464107179e-05 -7.640416715257232374e-05 -8.316052238724765914e-05 -9.009247823182521130e-05 -9.813002243172505384e-05 -1.084572098896261687e-04 -1.220220851060810417e-04 -1.390123496469985185e-04 -1.585763009782505768e-04 -1.790375651740031926e-04 -1.986732871188383483e-04 -2.168510551754767647e-04 -2.350371451891278979e-04 -2.570783177674312858e-04 -2.883111110934914192e-04 -3.335128865918108188e-04 -3.943618065032478397e-04 -4.676109035489779643e-04 -5.453655858340545736e-04 -6.182994956844454180e-04 -6.814947751534290114e-04 -7.408508499210500258e-04 -8.172840065199651676e-04 -9.437653805017581950e-04 -1.155039236984052239e-03 -1.474253981758362128e-03 -1.889423466025395241e-03 -2.350206924625247544e-03 -2.779323685022871970e-03 -3.114381560579871418e-03 -3.374542187295064780e-03 -3.733599776577665660e-03 -4.562835221855603661e-03 -6.396208355932692623e-03 -9.773195841767678277e-03 -1.494643357133090128e-02 -2.150702867052653455e-02 -2.808990643203097132e-02 -3.249232076228462246e-02 -3.275570223694402455e-02 -3.013280719078427830e-02 -3.524750279049393420e-02 -8.050145559939622664e-02 -2.389143800057753342e-01 -6.813662433185294631e-01 -1.654806232217434836e+00 -4.194092299249702727e+00 -7.294061391490676449e+00 -2.676520437575526401e+01 4.902335965078479241e+00 -3.536392950724979869e+02 1.239743462421077311e+03 -9.338758653037304612e+03 4.095144073420244240e+04 -9.476858761466397482e+03 1.277804689953814659e+03 -3.694571745624702430e+02 5.404276163998865457e+00 -2.872196714989567567e+01 -7.912371803290659145e+00 -4.621525786722311402e+00 -1.847684309063202690e+00 -7.717249135423220885e-01 -2.743405391535391757e-01 -9.373256408523759908e-02 -4.160610181450127842e-02 -3.607835803527160295e-02 -3.978909448879756894e-02 -4.004238388260870918e-02 -3.511906947223799452e-02 -2.727838265760824596e-02 -1.923074295800051431e-02 -1.275435669168623401e-02 -8.465176902581058108e-03 -6.124212979173542133e-03 -5.084234996371024724e-03 -4.664636263667141722e-03 -4.371119398445178460e-03 -3.960849334441892376e-03 -3.400423121950495783e-03 -2.775512371359735875e-03 -2.197206192469732151e-03 -1.759565685326475301e-03 -1.415071586077139894e-03 -1.583308013554649007e-03
-8.565819350061712597e-07 -3.194173603406743859e-06 -5.220136425955636652e-06 -7.308030456958953634e-06 -9.392944054000457638e-06 -1.152409458948134689e-05 -1.375862403097523562e-05 -1.617037948898790843e-05 -1.881861488597343505e-05 -2.171688995184434875e-05 -2.481604112526039410e-05 -2.801990939841329407e-05 -3.123746998362645835e-05 -3.445411422027223013e-05 -3.778689884477661772e-05 -4.148544962834498648e-05 -4.585889709037751502e-05 -5.114517535963387668e-05 -5.737769700987242955e-05 -6.432489002650136785e-05 -7.156218829620140216e-05 -7.868283355870260185e-05 -8.557821035857193749e-05 -9.265650896244365781e-05 -1.008581755910521174e-04 -1.113883317438055606e-04 -1.252168104737355571e-04 -1.425399668698450228e-04 -1.624918140181654956e-04 -1.833607969298406740e-04 -2.033847308550018737e-04 -2.219143555406634827e-04 -2.404456813508336289e-04 -2.629084704411829279e-04 -2.947545199355087000e-04 -3.408613092312827528e-04 -4.029364902850376181e-04 -4.776502654364600661e-04 -5.569434494022216641e-04 -6.312381425763008121e-04 -6.957026602231177956e-04 -7.560919605411946199e-04 -8.326743273595787250e-04 -9.614651360059471704e-04 -1.177618715966849677e-03 -1.502861851539665037e-03 -1.926004987837983328e-03 -2.395396165717911773e-03 -2.832304590893947819e-03 -3.173163520307405779e-03 -3.437581620807235363e-03 -3.802688746284834526e-03 -4.646642690315591455e-03 -6.513002713060505114e-03 -9.950569598002650257e-03 -1.521575958677315148e-02 -2.189146394499980400e-02 -2.858770830094092830e-02 -3.306299104019536084e-02 -3.332565408940925400e-02 -3.065225869557689983e-02 -3.585132663697240818e-02 -8.187496575776714858e-02 -2.429694369611732074e-01 -6.928338993259146594e-01 -1.682524794349122166e+00 -4.263489686837575121e+00 -7.415451974944313740e+00 -2.719815233821488221e+01 4.957707753626024783e+00 -3.592519611394837966e+02 1.259257235130508207e+03 -9.486704158546324834e+03 4.160036299369300104e+04 -9.627075688300650654e+03 1.298191912285537910e+03 -3.753064263519085557e+02 5.512771591715243780e+00 -2.916898987706558444e+01 -8.032186166388969539e+00 -4.692049900631084292e+00 -1.875585216663401056e+00 -7.833456656659745221e-01 -2.784430778833748565e-01 -9.512671952806457665e-02 -4.222106439901226332e-02 -3.660971298592941708e-02 -4.037298905728460563e-02 -4.062756446408660044e-02 -3.563000992673202860e-02 -2.767339252285510101e-02 -1.950784451374157000e-02 -1.293717363834213582e-02 -8.585848591972115515e-03 -6.211061469383691996e-03 -5.156037545455470321e-03 -4.730316875422416883e-03 -4.432569580929363560e-03 -4.016497334163221349e-03 -3.448891582382866694e-03 -2.814019599210432643e-03 -2.242081496620508974e-03 -1.736022483553871900e-03 -1.808988510720813602e-03
-7.858811867547043519e-07 -2.952860376807546362e-06 -4.889236714205906625e-06 -6.938332394441500367e-06 -9.006783646929902488e-06 -1.108589779533915683e-05 -1.318155623229768526e-05 -1.534994300449604867e-05 -1.768283729327821982e-05 -2.026961938317252323e-05 -2.314889430901053623e-05 -2.627866843645685222e-05 -2.954897363565314847e-05 -3.284185057373676189e-05 -3.611696609695253662e-05 -3.948023683885626075e-05 -4.319043104715641516e-05 -4.758138158538680041e-05 -5.291860263203158117e-05 -5.925171096170621371e-05 -6.634537902379249749e-05 -7.375298992433898808e-05 -8.103901850743212636e-05 -8.807556200749280285e-05 -9.527383461495031968e-05 -1.036021104805577824e-04 -1.143077212033576968e-04 -1.283974102719318629e-04 -1.460789963470113576e-04 -1.664624380712690992e-04 -1.877840395816745569e-04 -2.082263643602268535e-04 -2.271156266052655958e-04 -2.459812809316685956e-04 -2.688489221151251136e-04 -3.013023710271855744e-04 -3.483287443844115491e-04 -4.116807396367449059e-04 -4.878910491579423192e-04 -5.688933518045488202e-04 -6.446169444856646820e-04 -7.090445798368789606e-04 -7.704347850843480802e-04 -8.492305446182744954e-04 -9.803634910372695938e-04 -1.200777753318872003e-03 -1.532317090826742015e-03 -1.963565855255285878e-03 -2.441779599797597265e-03 -2.886673990522139327e-03 -3.233488907247198448e-03 -3.502284962856426140e-03 -3.873610892423235558e-03 -4.732679070558579865e-03 -6.632904256017820022e-03 -1.013266988317091180e-02 -1.549229295601186468e-02 -2.228625137723891370e-02 -2.909901500170906583e-02 -3.364927023675353540e-02 -3.391133400330981207e-02 -3.118617758000468212e-02 -3.647207143245871641e-02 -8.328705127566557453e-02 -2.471388508575939891e-01 -7.046270239435361571e-01 -1.711034308709264762e+00 -4.334883139154871223e+00 -7.540339942319327804e+00 -2.764374046521587047e+01 5.014941312675270879e+00 -3.650306625947408747e+02 1.279351732501077777e+03 -9.639056153474315579e+03 4.226866889939667453e+04 -9.781792222706353641e+03 1.319190126159159718e+03 -3.813319440028250256e+02 5.624301679950236554e+00 -2.962963675536491337e+01 -8.155697067313639081e+00 -4.764749131687363359e+00 -1.904351901017357518e+00 -7.953282356549237209e-01 -2.826739955200031074e-01 -9.656472821417877439e-02 -4.285549166061339982e-02 -3.715794346666053544e-02 -4.097547228336446273e-02 -4.123142824285420949e-02 -3.615731716984044164e-02 -2.808110170808621534e-02 -1.979389113449615822e-02 -1.312592123030675330e-02 -8.710461715722390280e-03 -6.300778883256783619e-03 -5.230256800100739102e-03 -4.798305777367726718e-03 -4.496255058736302497e-03 -4.074995435584354703e-03 -3.497865854633620559e-03 -2.870420932962706052e-03 -2.219098000543669787e-03 -2.188433267160154721e-03
-7.257406370461397046e-07 -2.741579181304686549e-06 -4.582389572450293120e-06 -6.571124287203872547e-06 -8.605876047523208108e-06 -1.064463088691099254e-05 -1.265303227780965413e-05 -1.465579202019036112e-05 -1.674063285550490758e-05 -1.903078158484150021e-05 -2.163064368618261725e-05 -2.457069587758387532e-05 -2.778219734715207075e-05 -3.112304750082097815e-05 -3.445311595026697647e-05 -3.773019671675399695e-05 -4.107943358085142262e-05 -4.479110122704622085e-05 -4.922851497430859530e-05 -5.467127212654769429e-05 -6.116113132606653693e-05 -6.843621631642478104e-05 -7.601655211037578114e-05 -8.344215619892393100e-05 -9.058250633035991740e-05 -9.787236843501828057e-05 -1.063227729197952539e-04 -1.172264770799991146e-04 -1.316182700918087944e-04 -1.497014877060595878e-04 -1.705466713750292910e-04 -1.923299204461820363e-04 -2.131807822508409954e-04 -2.324116220041392970e-04 -2.516001949399749053e-04 -2.748769495261301019e-04 -3.079749546344259011e-04 -3.559402808446426912e-04 -4.207321925390316436e-04 -4.985082770289268623e-04 -5.799254069152825174e-04 -6.570528174697417298e-04 -7.234964005716420588e-04 -7.858896012867912012e-04 -8.662184368290854700e-04 -9.998710896271427798e-04 -1.224584728277736644e-03 -1.562572817418549217e-03 -2.002122096709872158e-03 -2.489381617485234965e-03 -2.942470845981164009e-03 -3.295405021866673351e-03 -3.568705693984985938e-03 -3.946426886397053253e-03 -4.821020337218187915e-03 -6.756021781529735100e-03 -1.031966479183006255e-02 -1.577629094695282702e-02 -2.269175902119796584e-02 -2.962430276864411530e-02 -3.425170298626867976e-02 -3.451328401781307564e-02 -3.173505586563807324e-02 -3.711030840926249352e-02 -8.473901385935658781e-02 -2.514264638299071319e-01 -7.167564552545874212e-01 -1.740360936370683786e+00 -4.408337864226354874e+00 -7.668839686570832370e+00 -2.810237221671060937e+01 5.074078849412320125e+00 -3.709805942407429029e+02 1.300044963094256445e+03 -9.795951662676052365e+03 4.295696001861849800e+04 -9.941147750277390514e+03 1.340818318867307198e+03 -3.875391613575812357e+02 5.738976723729741103e+00 -3.010432064086376514e+01 -8.283013870412712976e+00 -4.839688147094753035e+00 -1.934009844014572765e+00 -8.076832325338397789e-01 -2.870370282845601251e-01 -9.804785738971463771e-02 -4.350994117164432018e-02 -3.772353086665942296e-02 -4.159707278187985829e-02 -4.185450438471526036e-02 -3.670145265891968517e-02 -2.850186701146263310e-02 -2.008913502775098656e-02 -1.332077207579537848e-02 -8.839146549570518416e-03 -6.393489133937990503e-03 -5.307080837297678717e-03 -4.868783901877083223e-03 -4.563274390136628708e-03 -4.134164902669993508e-03 -3.568563974014768870e-03 -2.845766321035837244e-03 -2.768977813141714275e-03
-6.835456689140889046e-07 -2.583351855568641236e-06 -4.323393129635842155e-06 -6.215538305040418263e-06 -8.170971248233307692e-06 -1.014883807770607320e-05 -1.210080050824843474e-05 -1.402147624511950242e-05 -1.596487875100466961e-05 -1.803756548706131476e-05 -2.036234684397695302e-05 -2.302553174541374371e-05 -2.603111497088684729e-05 -2.928775590408688896e-05 -3.264423816831103591e-05 -3.596793661315860239e-05 -3.923681265653362091e-05 -4.260010252032169170e-05 -4.636647767993722064e-05 -5.090517926499069762e-05 -5.648753012225089603e-05 -6.313634499913758870e-05 -7.056744201424091376e-05 -7.828380908285189970e-05 -8.582100146946333523e-05 -9.306026209015810910e-05 -1.004627919818729473e-04 -1.090735911409462425e-04 -1.202154611459763312e-04 -1.349367928451267336e-04 -1.534292827882022627e-04 -1.747266852327875790e-04 -1.969550219577278864e-04 -2.182040863811651602e-04 -2.377792193447560371e-04 -2.573217736784477760e-04 -2.810161161081021716e-04 -3.149074084456361580e-04 -3.638678538144448499e-04 -4.288018654960441128e-04 -5.081196972453292000e-04 -5.920069169432964212e-04 -6.705486117977085001e-04 -7.383247683228084252e-04 -8.018659554993190107e-04 -8.837004780971913524e-04 -1.019931770742627669e-03 -1.249042549936868517e-03 -1.593638120528555321e-03 -2.041697857458132578e-03 -2.538237901010198354e-03 -2.999740867320183860e-03 -3.358964759121084009e-03 -3.636901891034844542e-03 -4.021201513728597278e-03 -4.911746539728735483e-03 -6.882468785939415204e-03 -1.051172864846497586e-02 -1.606801961713581750e-02 -2.310836709581227597e-02 -3.016406346786575446e-02 -3.487085192457425875e-02 -3.513206436399872457e-02 -3.229940240938660584e-02 -3.776662846201320894e-02 -8.623219953844771246e-02 -2.558362489872703649e-01 -7.292334046269863812e-01 -1.770531748664472049e+00 -4.483921372245503356e+00 -7.801069656217327619e+00 -2.857446569076607190e+01 5.135164575243220675e+00 -3.771071438727165628e+02 1.321355611656991641e+03 -9.957532865442086404e+03 4.366586066488881625e+04 -1.010528695309367322e+04 1.363096199846487934e+03 -3.939337208878633305e+02 5.856910772203913318e+00 -3.059347054859586734e+01 -8.414250311651494840e+00 -4.916934196342677588e+00 -1.964585555640795178e+00 -8.204216958385692759e-01 -2.915360654677681129e-01 -9.957742684218537366e-02 -4.418499394736113972e-02 -3.830697682503202139e-02 -4.223834136070371559e-02 -4.249734445967653929e-02 -3.726289820780747525e-02 -2.893606344010933237e-02 -2.039384729103926874e-02 -1.352192651683938387e-02 -8.972077192745592233e-03 -6.489436211990593818e-03 -5.386746691984296669e-03 -4.943154652648012841e-03 -4.630972980195872078e-03 -4.220726697574224244e-03 -3.537584159242700924e-03 -3.543209624482283882e-03
-6.590789468266439488e-07 -2.479479987034908846e-06 -4.119292866129796632e-06 -5.884743045372059156e-06 -7.714015399592455313e-06 -9.595663006002520072e-06 -1.149531501176019111e-05 -1.339096487844103995e-05 -1.529154458110043935e-05 -1.725065568615539438e-05 -1.936100290760453278e-05 -2.172632559101512548e-05 -2.441811472882089785e-05 -2.743597126712047651e-05 -3.069501940510241985e-05 -3.405682726666076722e-05 -3.740139234918202313e-05 -4.071416153122476704e-05 -4.414529019842492683e-05 -4.799970420382586626e-05 -5.264152832123266177e-05 -5.833799665612868723e-05 -6.510921131327186944e-05 -7.266857072189608288e-05 -8.051624211341034743e-05 -8.818593857864687440e-05 -9.556156008666358704e-05 -1.031151216883105016e-04 -1.119111867551285394e-04 -1.232958952488005116e-04 -1.383346757754961567e-04 -1.572185620035617553e-04 -1.789581744986226133e-04 -2.016357653792035410e-04 -2.233150384928536789e-04 -2.432412960718324942e-04 -2.632798411322955943e-04 -2.874364622497116700e-04 -3.208124256059433012e-04 -3.707300185008144291e-04 -4.378477042359037478e-04 -5.187197215375680343e-04 -6.044050516701268607e-04 -6.845142218281626088e-04 -7.535902449713250718e-04 -8.183047335393346926e-04 -9.016736718695006524e-04 -1.040544911195678823e-03 -1.274161869138424209e-03 -1.625532936163709115e-03 -2.082323596191674661e-03 -2.588389361406442501e-03 -3.058534086949399409e-03 -3.424224849642142250e-03 -3.706935145020757733e-03 -4.098002948546056699e-03 -5.004941335219212362e-03 -7.012363206205426622e-03 -1.070904195538121585e-02 -1.636775398810220994e-02 -2.353646839985663181e-02 -3.071880523048448053e-02 -3.550729845978321114e-02 -3.576825424539347570e-02 -3.287974361080806679e-02 -3.844164299338975049e-02 -8.776800070839350931e-02 -2.603723165629793779e-01 -7.420694740472983941e-01 -1.801574768857943099e+00 -4.561703578499077594e+00 -7.937152536029976169e+00 -2.906045424893073914e+01 5.198244750394672486e+00 -3.834159002040379960e+02 1.343303066404675519e+03 -1.012394730363239978e+04 4.439601881062697794e+04 -1.027436002096901939e+04 1.386044229547337181e+03 -4.005214819064689209e+02 5.978221816777459452e+00 -3.109753226830678940e+01 -8.549524658473746541e+00 -4.996557206265938689e+00 -1.996106611178630308e+00 -8.335551110920670359e-01 -2.961751548334901618e-01 -1.011548106337718661e-01 -4.488125504513329478e-02 -3.890880367871593637e-02 -4.289985175442115328e-02 -4.316052401619144274e-02 -3.784215965495035805e-02 -2.938409217182911398e-02 -2.070833647732679694e-02 -1.372964204654317753e-02 -9.109580564260854121e-03 -6.588924133854872842e-03 -5.471041073163656829e-03 -5.018030728194055982e-03 -4.733457270764468081e-03 -4.177297517791468510e-03 -4.429919868406359020e-03
-6.455889953547106173e-07 -2.411684440098396025e-06 -3.959103013461941858e-06 -5.588793934309686239e-06 -7.267283393151150563e-06 -9.023431367772412565e-06 -1.085419745380267231e-05 -1.273886280205245725e-05 -1.465014590540730903e-05 -1.657991378207286483e-05 -1.856212645309531900e-05 -2.067780705176961996e-05 -2.303250113271484965e-05 -2.571116273642371037e-05 -2.873075654426362818e-05 -3.201838997787236632e-05 -3.543636934764750920e-05 -3.885466780132039064e-05 -4.224427540650218008e-05 -4.574508630755089894e-05 -4.966215165746887061e-05 -5.437044437193925926e-05 -6.015293340929573398e-05 -6.704137120832984610e-05 -7.474956862719819622e-05 -8.276583962532506127e-05 -9.060624146645278256e-05 -9.814250307591948768e-05 -1.058503177583903717e-04 -1.148171162955542095e-04 -1.264237377100847163e-04 -1.417671615304096262e-04 -1.610450571013250117e-04 -1.832590475802999854e-04 -2.063942814105519143e-04 -2.286464972146318457e-04 -2.489668406124146251e-04 -2.681900163169243932e-04 -2.927585798372914130e-04 -3.276393153879268326e-04 -3.785127266478720384e-04 -4.471366282042391668e-04 -5.297175434337141227e-04 -6.171781220137593582e-04 -6.988890681961719724e-04 -7.692880020683811899e-04 -8.352020677924881526e-04 -9.201425592743006860e-04 -1.061720435426662546e-03 -1.299959267223324035e-03 -1.658281981168123259e-03 -2.124033645553349489e-03 -2.639880369450760180e-03 -3.118903772253365115e-03 -3.491245127603580505e-03 -3.778870067971852684e-03 -4.176902421259099350e-03 -5.100691785810833150e-03 -7.145827348629452125e-03 -1.091179148010053279e-02 -1.667577832935585036e-02 -2.397646881809648023e-02 -3.128905316570069345e-02 -3.616164361482479550e-02 -3.642245268203014863e-02 -3.347662417439828397e-02 -3.913598481357181968e-02 -8.934785825962897332e-02 -2.650389202822276413e-01 -7.552766740578086280e-01 -1.833519015307734978e+00 -4.641756910092563970e+00 -8.077215434453179910e+00 -2.956078716650077709e+01 5.263367732533022370e+00 -3.899126611288975255e+02 1.365907447499240106e+03 -1.029534809895920625e+04 4.514810704045097373e+04 -1.044852287222167070e+04 1.409683649606858353e+03 -4.073085291587744337e+02 6.103031985439830720e+00 -3.161696901017124972e+01 -8.688959877905240603e+00 -5.078629880975841893e+00 -2.028601690323443840e+00 -8.470954259973240141e-01 -3.009585081303837173e-01 -1.027814387053782030e-01 -4.559935406026432297e-02 -3.952955516480912562e-02 -4.358220248850895595e-02 -4.384464711739263082e-02 -3.843977644903004420e-02 -2.984640225531557875e-02 -2.103298092790000656e-02 -1.394435940897269244e-02 -9.252035801208202681e-03 -6.694156613871254762e-03 -5.555606833166608881e-03 -5.136073464018279210e-03 -4.672411539093170724e-03 -5.290903188020242183e-03
-6.335176080118982482e-07 -2.352385603228401264e-06 -3.820563525848083303e-06 -5.330054532281992338e-06 -6.865641470971671985e-06 -8.487875951700285532e-06 -1.022593391742376371e-05 -1.207440491950882510e-05 -1.399218629401047366e-05 -1.592779415206476939e-05 -1.785694212408645750e-05 -1.981350988124385302e-05 -2.189414136255259504e-05 -2.422763624045838637e-05 -2.691826322255583154e-05 -2.998900387933949390e-05 -3.335699180924303446e-05 -3.686370517362180262e-05 -4.035785717886042345e-05 -4.379945950759803349e-05 -4.733361787513031433e-05 -5.128500257468975043e-05 -5.605379191966051739e-05 -6.194183012787806753e-05 -6.898393333809652017e-05 -7.687883467154369181e-05 -8.508815029879494417e-05 -9.310273260991724746e-05 -1.007847898071402782e-04 -1.086244866884564448e-04 -1.177465050692590875e-04 -1.295742053338396968e-04 -1.452512517772177496e-04 -1.649299154107737055e-04 -1.877609263791311792e-04 -2.113984409570645749e-04 -2.329174388127972081e-04 -2.535793840243491916e-04 -2.739941044761127174e-04 -2.989611455500145181e-04 -3.346555583049912685e-04 -3.866244755283927215e-04 -4.567239076620498747e-04 -5.410500573159041440e-04 -6.303191237774121011e-04 -7.136675615838458013e-04 -7.854206370476254787e-04 -8.525644927165833449e-04 -9.391174142911098283e-04 -1.083472756463350331e-03 -1.326454804068705412e-03 -1.691912964691601835e-03 -2.166865104247173851e-03 -2.692758008299097911e-03 -3.180905923923356155e-03 -3.560088189396943322e-03 -3.852774062166575489e-03 -4.257974071615135137e-03 -5.199088291831741211e-03 -7.282987921558938850e-03 -1.112017042610342205e-02 -1.699238651301351183e-02 -2.442878789104175122e-02 -3.187535013382503113e-02 -3.683450892684065475e-02 -3.709527940665874324e-02 -3.409060791780028216e-02 -3.985030908670490757e-02 -9.097326379159660636e-02 -2.698404639583528719e-01 -7.688674423359075361e-01 -1.866394546190715431e+00 -4.724156416714393458e+00 -8.221390078205764951e+00 -3.007593030913493592e+01 5.330584029455962991e+00 -3.966034423394797273e+02 1.389189636779984767e+03 -1.047189417986043918e+04 4.592282354704599129e+04 -1.062793738440583002e+04 1.434036514382664109e+03 -4.143011818104319559e+02 6.231467743741305298e+00 -3.215226208160222399e+01 -8.832683813166736897e+00 -5.163227806756055749e+00 -2.062100618167721056e+00 -8.610550672516081860e-01 -3.058905066743487500e-01 -1.044587985153255100e-01 -4.633994608114171826e-02 -4.016979856929156489e-02 -4.428602208651484518e-02 -4.455035693295001514e-02 -3.905634489153592126e-02 -3.032352205526111025e-02 -2.136836474257114080e-02 -1.416654232241679190e-02 -9.402039605114998963e-03 -6.799688773228007577e-03 -5.691559756959542471e-03 -5.056737093362482192e-03 -5.999422093909449576e-03
-6.149282858962536486e-07 -2.277585020465765090e-06 -3.680881585025258729e-06 -5.102685392026063019e-06 -6.530362040193145244e-06 -8.034471299290235071e-06 -9.662824099322008374e-06 -1.143016126551463334e-05 -1.330605286821614342e-05 -1.522950523880057763e-05 -1.714303345282634653e-05 -1.903258371239206773e-05 -2.095305020046470340e-05 -2.302278688385489341e-05 -2.538310398032261341e-05 -2.813628399452167874e-05 -3.129019718006285938e-05 -3.474084897254566169e-05 -3.831211209897037362e-05 -4.184646564745060323e-05 -4.531200070339986533e-05 -4.887314792011213772e-05 -5.287738273900590954e-05 -5.774181803330616819e-05 -6.377213773709910930e-05 -7.099176951826173228e-05 -7.907695109351890999e-05 -8.746500847468620713e-05 -9.563180625110928471e-05 -1.034437112480906753e-04 -1.114126906038325669e-04 -1.207157698453042028e-04 -1.327676314582007489e-04 -1.489172704815104641e-04 -1.690396465312606631e-04 -1.911859836282954798e-04 -2.152747309363341362e-04 -2.380624005661282120e-04 -2.590511133520578260e-04 -2.799614285632671886e-04 -3.054532366013392873e-04 -3.419141899624768125e-04 -3.949996355369378995e-04 -4.665995621104950821e-04 -5.527088739858934847e-04 -6.438283626620782546e-04 -7.288544061519254850e-04 -8.019963833291192303e-04 -8.704029055141742147e-04 -9.586117935275053703e-04 -1.105818978347140663e-03 -1.353670891341460453e-03 -1.726455816603053627e-03 -2.210857311730510429e-03 -2.747071714656807925e-03 -3.244599035039793470e-03 -3.630819236426125612e-03 -3.928717223995990999e-03 -4.341294903714973397e-03 -5.300224604762783336e-03 -7.423976132731008142e-03 -1.133437865862728898e-02 -1.731788241844673532e-02 -2.489385943322332262e-02 -3.247825756822701748e-02 -3.752653739547090472e-02 -3.778737580703878107e-02 -3.472227862135929266e-02 -4.058529432186258612e-02 -9.264576191401792393e-02 -2.747815083327888042e-01 -7.828546629618695629e-01 -1.900232505920457449e+00 -4.808979885696829548e+00 -8.369813014501572113e+00 -3.060636683727453544e+01 5.399946355870996584e+00 -4.034944863153770029e+02 1.413171308807182641e+03 -1.065375051842463836e+04 4.672089317159925849e+04 -1.081277163546737756e+04 1.459125723912874264e+03 -4.215060028492171114e+02 6.363660102979394217e+00 -3.270391159645397750e+01 -8.980829369020959518e+00 -5.250429562024402586e+00 -2.096634408071085254e+00 -8.754469580946147023e-01 -3.109757073446935416e-01 -1.061884374449690027e-01 -4.710371435534665280e-02 -4.083013034040908207e-02 -4.501197995483721681e-02 -4.527835910315348295e-02 -3.969254635197688036e-02 -3.081619987718238474e-02 -2.171505534263712747e-02 -1.439912502418190521e-02 -9.553135108923022437e-03 -6.963781807344363722e-03 -5.601184754894567366e-03 -6.559628646505716656e-03
-5.866423267782481920e-07 -2.176491251057474112e-06 -3.526255252247976843e-06 -4.895764763723261918e-06 -6.261075829006834242e-06 -7.679160975860141304e-06 -9.196367350175209708e-06 -1.084265576239678560e-05 -1.261431521206747146e-05 -1.447351032381652692e-05 -1.636484040425127066e-05 -1.824575310841978912e-05 -2.011885597525175836e-05 -2.204991933332579358e-05 -2.415827760733937327e-05 -2.657695510149950412e-05 -2.939512468156567915e-05 -3.260856205134440730e-05 -3.610685502300845239e-05 -3.971502869598408762e-05 -4.328323910459601180e-05 -4.679077269400818106e-05 -5.041317836835747148e-05 -5.450588314642000197e-05 -5.948874704250470323e-05 -6.566415824644088075e-05 -7.304676235750065972e-05 -8.130051989412553687e-05 -8.985186786339087039e-05 -9.816849866398496833e-05 -1.061353650737083509e-04 -1.142348000087231580e-04 -1.238542468861647614e-04 -1.361693245932695570e-04 -1.514906709301821542e-04 -1.720035642931311292e-04 -1.954610556282457344e-04 -2.199886690507494896e-04 -2.433529777953788280e-04 -2.647926057287931551e-04 -2.861440535554526108e-04 -3.121679826963958499e-04 -3.494030789871580976e-04 -4.036270237537712378e-04 -4.767607926584798783e-04 -5.646957693981050552e-04 -6.577116786208044670e-04 -7.444585829887119185e-04 -8.190266702226075982e-04 -8.887307724780278435e-04 -9.786414049690536632e-04 -1.128778110943202745e-03 -1.381631745374476035e-03 -1.761942302246126846e-03 -2.256051581996642956e-03 -2.802873102819039303e-03 -3.310043983885782668e-03 -3.703506019145459162e-03 -4.006772326600986298e-03 -4.426944803755688239e-03 -5.404197891406631142e-03 -7.568927830120803293e-03 -1.155462296977148584e-02 -1.765258037539635047e-02 -2.537213219175975948e-02 -3.309835634061277648e-02 -3.823839447641971118e-02 -3.849940591228800252e-02 -3.537224091834836187e-02 -4.134164340998137954e-02 -9.436695264174273234e-02 -2.798667781766762674e-01 -7.972516864226409927e-01 -1.935065173356822044e+00 -4.896307961633989514e+00 -8.522625821335216401e+00 -3.115259793989310566e+01 5.471509694245603406e+00 -4.105922717041247552e+02 1.437874963282963108e+03 -1.084108837785588912e+04 4.754306849092031916e+04 -1.100320015580975269e+04 1.484975058368001783e+03 -4.289298089196229853e+02 6.499744836096800427e+00 -3.327243721790382125e+01 -9.133534706194469166e+00 -5.340316832631648580e+00 -2.132235306727553681e+00 -8.902845370818353032e-01 -3.162188497751252103e-01 -1.079719671095696332e-01 -4.789137642164900677e-02 -4.151118718869804824e-02 -4.576081035753253728e-02 -4.602944957097724471e-02 -4.034929831950384571e-02 -3.132514591496862733e-02 -2.207631979700857769e-02 -1.463488801283911213e-02 -9.769382224936002182e-03 -6.878818013479242981e-03 -7.247681285129503950e-03
-5.509186617407164679e-07 -2.054188403502970841e-06 -3.356255261099031466e-06 -4.698132077651167762e-06 -6.038114329263570860e-06 -7.404516460734015878e-06 -8.825259688091659455e-06 -1.033447328246361773e-05 -1.195723949364071145e-05 -1.369666893551736788e-05 -1.552830264075466177e-05 -1.740933770766179447e-05 -1.930280460781510696e-05 -2.120789617206985051e-05 -2.318074932096687626e-05 -2.533045663783810365e-05 -2.778443828877460092e-05 -3.063310816660674412e-05 -3.387868219166070182e-05 -3.741820333189508323e-05 -4.108105131066453397e-05 -4.471695609693139973e-05 -4.830158887745075996e-05 -5.200740945301671767e-05 -5.619064472907640351e-05 -6.127657534360302864e-05 -6.757468652050953577e-05 -7.510444761306218008e-05 -8.352446246607729650e-05 -9.226448617977816809e-05 -1.007323352577567881e-04 -1.089883492398001998e-04 -1.172552594534072328e-04 -1.258911608642093683e-04 -1.384117378196501435e-04 -1.548903265703817421e-04 -1.757801182209762223e-04 -1.998598253016405980e-04 -2.249523283231952882e-04 -2.488406452204883212e-04 -2.707366575064745502e-04 -2.925289873668978388e-04 -3.190927161302292139e-04 -3.571171676892894863e-04 -4.125054984167362366e-04 -4.872102188207809046e-04 -5.770166884490389534e-04 -6.719780150792035609e-04 -7.604915634728127549e-04 -8.365249955547152203e-04 -9.075633432053291849e-04 -9.992235534793335837e-04 -1.152370669006636331e-03 -1.410363097514691832e-03 -1.798405818732446305e-03 -2.302491069990525354e-03 -2.860215889117746595e-03 -3.377304004947819308e-03 -3.778218843316511963e-03 -4.087014852852471729e-03 -4.515006599214156820e-03 -5.511108833159690350e-03 -7.717983674094265091e-03 -1.178111737388098934e-02 -1.799680563914151168e-02 -2.586407054114176970e-02 -3.373624766766602362e-02 -3.897076912019653561e-02 -3.923205742476535557e-02 -3.604112122876113739e-02 -4.212008471114496444e-02 -9.613849389165332604e-02 -2.851011696737485446e-01 -8.120723503983553471e-01 -1.970926011921217524e+00 -4.986224270826867588e+00 -8.679975326312574069e+00 -3.171514359917973991e+01 5.545331359800393045e+00 -4.179035231122639402e+02 1.463323958914708555e+03 -1.103408557097672747e+04 4.839013095345071633e+04 -1.119940419178178672e+04 1.511609214065436163e+03 -4.365796806100436243e+02 6.639862701860045568e+00 -3.385837893658831632e+01 -9.290943445419783231e+00 -5.432974533034228948e+00 -2.168936841951893957e+00 -9.055817787356363890e-01 -3.216248656897750524e-01 -1.098110714875316363e-01 -4.870369713589794980e-02 -4.221367527844816642e-02 -4.653335176443125498e-02 -4.680470349198118801e-02 -4.102752019790946447e-02 -3.185414150884929158e-02 -2.244441712093529773e-02 -1.494481837519526755e-02 -9.712127332317663925e-03 -8.711755251487309989e-03
-5.137060520679127568e-07 -1.927130963372688063e-06 -3.181847996450339688e-06 -4.502655277322734350e-06 -5.832808260214442674e-06 -7.170846241674422398e-06 -8.519380117043385761e-06 -9.905243294345901335e-06 -1.137153774816992542e-05 -1.295971555760327485e-05 -1.468724345529822034e-05 -1.653466660573371449e-05 -1.845253456388703414e-05 -2.038935410515396924e-05 -2.232958722407947782e-05 -2.432198367159840250e-05 -2.647923783835493892e-05 -2.894136844614699462e-05 -3.181386415572212028e-05 -3.510879369297770431e-05 -3.872285110187072895e-05 -4.247516364651855269e-05 -4.620082481794035269e-05 -4.986454462470827639e-05 -5.363811100633777908e-05 -5.788879800194051350e-05 -6.306099092226227754e-05 -6.947850368928349340e-05 -7.718014344959186199e-05 -8.576785914643145475e-05 -9.483068311410096916e-05 -1.034869955374938776e-04 -1.107361252405746977e-04 -1.191101869290730808e-04 -1.287374875772417894e-04 -1.414462212885536304e-04 -1.583920627562541701e-04 -1.797827103926453107e-04 -2.044329157652341759e-04 -2.300981278141919881e-04 -2.545119405523589952e-04 -2.768700384165164114e-04 -2.991102306411162325e-04 -3.262247162926083560e-04 -3.650567230760914570e-04 -4.216379828680763575e-04 -4.979534550638066047e-04 -5.896799628377298640e-04 -6.866382945357288629e-04 -7.769665259026730005e-04 -8.545063721014865528e-04 -9.269172469398956988e-04 -1.020376842140126869e-03 -1.176618451414931195e-03 -1.439892035873056820e-03 -1.835881290504596218e-03 -2.350220715205281370e-03 -2.919155877764023892e-03 -3.446444709615251439e-03 -3.855030617048393459e-03 -4.169523062234186186e-03 -4.605566146765547805e-03 -5.621061750556832076e-03 -7.871289333440285862e-03 -1.201408342791066355e-02 -1.835089489457080933e-02 -2.637015521321792871e-02 -3.439255406007524912e-02 -3.972437485877555047e-02 -3.998604280108770254e-02 -3.672956874007804462e-02 -4.292137319559127806e-02 -9.796210408703101558e-02 -2.904897581006825047e-01 -8.273310013811124852e-01 -2.007849721732235970e+00 -5.078815550838072568e+00 -8.842013834524912852e+00 -3.229454338778555211e+01 5.621471069629859763e+00 -4.254352213274079304e+02 1.489542548791071113e+03 -1.123292673031351478e+04 4.926289206651201675e+04 -1.140157198112656988e+04 1.539053841119818117e+03 -4.444629732134795859e+02 6.784159677531540922e+00 -3.446229788574390085e+01 -9.453204881723189956e+00 -5.528490933741096569e+00 -2.206773873553643295e+00 -9.213532170312712655e-01 -3.271988936117832814e-01 -1.117075268753763284e-01 -4.954153371363560071e-02 -4.293844405194593983e-02 -4.733083053950547930e-02 -4.760534387898112535e-02 -4.173202969028589476e-02 -3.239478644796697088e-02 -2.290437290029554915e-02 -1.493346711868827684e-02 -1.194270113860164927e-02
-4.815330353242368496e-07 -1.814325947445486744e-06 -3.018763395116114341e-06 -4.308187192104163683e-06 -5.620322079490091088e-06 -6.935475141255583145e-06 -8.235825897061093326e-06 -9.534012439603380980e-06 -1.087392443971411189e-05 -1.231626851091004335e-05 -1.391134853312342274e-05 -1.567265198599633149e-05 -1.756612280538947154e-05 -1.952435081497674364e-05 -2.148317550917608500e-05 -2.342562925282670123e-05 -2.541084084391698422e-05 -2.756877913211923208e-05 -3.005561546222999426e-05 -3.298444692058689773e-05 -3.636294199594146398e-05 -4.007343426089806846e-05 -4.391740563339630412e-05 -4.771746318873574974e-05 -5.143724675608645923e-05 -5.526128465526433751e-05 -5.957511118243509626e-05 -6.485691899238550347e-05 -7.139420700220757191e-05 -7.940077039185377736e-05 -8.819350253286535135e-05 -9.628837241284501176e-05 -1.050725875685890384e-04 -1.132817219611025565e-04 -1.217439327287120050e-04 -1.316716494571271634e-04 -1.446877733307970829e-04 -1.620456134584508513e-04 -1.839431614667670102e-04 -2.091661339270626868e-04 -2.354122262753147307e-04 -2.603603207621790869e-04 -2.831893905559624506e-04 -3.058870449478038548e-04 -3.335652565690411003e-04 -3.732249221847897024e-04 -4.310296874691985211e-04 -5.089979871966019906e-04 -6.026955274203202968e-04 -7.017048648424503016e-04 -7.938979519388438379e-04 -8.729870280438705929e-04 -9.468102675427393427e-04 -1.042121003594674924e-03 -1.201544418322367984e-03 -1.470246922908289428e-03 -1.874405124959743069e-03 -2.399287233695811348e-03 -2.979750986291379924e-03 -3.517534139656938470e-03 -3.934016925245168925e-03 -4.254378080943071322e-03 -4.698712440394599114e-03 -5.734164746490189903e-03 -8.028995700583411305e-03 -1.225375057409905204e-02 -1.871519678845339971e-02 -2.689088406336940379e-02 -3.506792031590395126e-02 -4.049995094187926192e-02 -4.076210038277774950e-02 -3.743825643419868010e-02 -4.374629163773335883e-02 -9.983956487396321300e-02 -2.960378058247826183e-01 -8.430425171807034435e-01 -2.045872293891414895e+00 -5.174171785456681327e+00 -9.008899365976372309e+00 -3.289135730038887573e+01 5.699991016137177624e+00 -4.331946139927142099e+02 1.516555917344024010e+03 -1.143780359031250009e+04 5.016219463722311775e+04 -1.160989904095721249e+04 1.567335582807082346e+03 -4.525873279840260466e+02 6.932787200630868618e+00 -3.508477719484633894e+01 -9.620474208993009313e+00 -5.626957795189260203e+00 -2.245782648887357347e+00 -9.376139781819999852e-01 -3.329463156772666244e-01 -1.136632800202204696e-01 -5.040597573677920579e-02 -4.368694955144119402e-02 -4.815489428101189795e-02 -4.843819249888931672e-02 -4.245274972554809872e-02 -3.306256274657884409e-02 -2.293636227160042451e-02 -1.802389580490486309e-02
-4.585463313576021349e-07 -1.728544043169305416e-06 -2.879679045580926368e-06 -4.118731544242109252e-06 -5.389223849645378555e-06 -6.670874972157206140e-06 -7.938413384958685804e-06 -9.190284962293743612e-06 -1.045565393450614505e-05 -1.178934656116867026e-05 -1.325206174388025650e-05 -1.488380995455905955e-05 -1.668277959870054079e-05 -1.860182282216287970e-05 -2.056839280766467791e-05 -2.252302835778129347e-05 -2.446081934591349015e-05 -2.645488448215968096e-05 -2.864523651118739902e-05 -3.119024721463188777e-05 -3.419685836017338770e-05 -3.766105380611684699e-05 -4.145289116216377965e-05 -4.536588253215111512e-05 -4.922326441185431565e-05 -5.299457251908168436e-05 -5.689159455092184967e-05 -6.126780871631432848e-05 -6.679040145793066279e-05 -7.348363841577619125e-05 -8.050887268795385208e-05 -8.944563758209689525e-05 -9.853224148524866559e-05 -1.074262696014528545e-04 -1.159065717907708842e-04 -1.245735556795854091e-04 -1.347428370090154881e-04 -1.480678219895413376e-04 -1.658360232684394375e-04 -1.882467895374674550e-04 -2.140521273524328559e-04 -2.408905787141375982e-04 -2.663844484424557932e-04 -2.896953003750445772e-04 -3.128615494879530756e-04 -3.411178326656192825e-04 -3.816267304244559265e-04 -4.406873249907233966e-04 -5.203526160989721538e-04 -6.160745138359412275e-04 -7.171911974373459302e-04 -8.113013998473758617e-04 -8.919842357238223687e-04 -9.672612147353337568e-04 -1.064476805588244947e-03 -1.227172626712006625e-03 -1.501457359708856763e-03 -1.914015205862816841e-03 -2.449739140951776549e-03 -3.042061296362840502e-03 -3.590642841664893822e-03 -4.015256121583456010e-03 -4.341664007077814316e-03 -4.794537733408461323e-03 -5.850529863737315324e-03 -8.191259123484648935e-03 -1.250035650381649960e-02 -1.909007248920845459e-02 -2.742677287137903347e-02 -3.576301455501217780e-02 -4.129826351774731896e-02 -4.156099557053166693e-02 -3.816788215593133055e-02 -4.459565186351291399e-02 -1.017727239598553990e-01 -3.017507706459806038e-01 -8.592223303782984267e-01 -2.085031067040882924e+00 -5.272386345355781323e+00 -9.180795903050576356e+00 -3.350616662126844147e+01 5.780955944745682196e+00 -4.411892267561711378e+02 1.544390218972868752e+03 -1.164891528228233074e+04 5.108891406967798684e+04 -1.182458846885633830e+04 1.596482116723760328e+03 -4.609606839118209223e+02 7.085902421094584902e+00 -3.572642288240788844e+01 -9.792912755065785291e+00 -5.728470511405709509e+00 -2.286000875094292617e+00 -9.543798518734463165e-01 -3.388728908036789944e-01 -1.156806859775697249e-01 -5.129908277925488563e-02 -4.446143792526065924e-02 -4.901574607734871664e-02 -4.928914655111075321e-02 -4.336242168938396480e-02 -3.309474484013804479e-02 -2.761544361598225125e-02
-4.449508872811254297e-07 -1.671348218588620336e-06 -2.768750576733751117e-06 -3.940574705900034395e-06 -5.144152350500042476e-06 -6.373991912865370969e-06 -7.611779706786892320e-06 -8.847677442600526161e-06 -1.008873542666655314e-05 -1.136429647954461277e-05 -1.272122602527523841e-05 -1.420876548438785042e-05 -1.585769154709296415e-05 -1.766321748923960693e-05 -1.958212812223473172e-05 -2.155012902924844566e-05 -2.351618292440756488e-05 -2.548042482587048281e-05 -2.751622119980795043e-05 -2.975999854452913418e-05 -3.236509111394601107e-05 -3.543435420484469453e-05 -3.896171356087843677e-05 -4.281798628982638776e-05 -4.679558452715576510e-05 -5.073267695946773881e-05 -5.455447492442388422e-05 -5.865430374634928503e-05 -6.312786042376205870e-05 -6.760897879670112718e-05 -7.439543103812706112e-05 -8.239026408071964229e-05 -9.145376392949256070e-05 -1.008468777922704330e-04 -1.099674004602061193e-04 -1.186596014593104334e-04 -1.275304812981240161e-04 -1.379356907347272822e-04 -1.515710474523743623e-04 -1.697550978257794630e-04 -1.926886278448227037e-04 -2.190886882128738561e-04 -2.465330335160929561e-04 -2.725858005541828880e-04 -2.963905350469247342e-04 -3.200376036426580612e-04 -3.488873791268417733e-04 -3.902683437125742285e-04 -4.506187005761146591e-04 -5.320271511737555007e-04 -6.298290189104586382e-04 -7.331117119105667879e-04 -8.291933720498570557e-04 -9.115162126338737436e-04 -9.882898518020490856e-04 -1.087466001281692891e-03 -1.253528201756616469e-03 -1.533554178957932798e-03 -1.954750909602515161e-03 -2.501626792757995384e-03 -3.106149118642274280e-03 -3.665843952687460831e-03 -4.098829430017048893e-03 -4.431468025014873892e-03 -4.893137670496565048e-03 -5.970273254319934803e-03 -8.358241651715924911e-03 -1.275414753829497150e-02 -1.947589626669922122e-02 -2.797835616619717344e-02 -3.647852928201357481e-02 -4.212010684726647664e-02 -4.238352203622234443e-02 -3.891916972486701015e-02 -4.547029606039545979e-02 -1.037634980873596846e-01 -3.076343144983736955e-01 -8.758864527521501575e-01 -2.125364786262861294e+00 -5.373556134668724837e+00 -9.357873648484872575e+00 -3.413957482975744995e+01 5.864433236119622528e+00 -4.494268749181558746e+02 1.573072618411414396e+03 -1.186646864267422643e+04 5.204395972107420675e+04 -1.204585125772650281e+04 1.626522197828677918e+03 -4.695912900392791016e+02 7.243668466150805507e+00 -3.638786479007789154e+01 -9.970688233798862043e+00 -5.833128282889581406e+00 -2.327467850470120947e+00 -9.716675025727171677e-01 -3.449851066193311833e-01 -1.177635862920108356e-01 -5.222406010470793253e-02 -4.527703535084756647e-02 -4.989148658454709007e-02 -5.042170093633421835e-02 -4.329698779968346734e-02 -4.023997989396430747e-02
-4.373548869706038554e-07 -1.633605057821141417e-06 -2.680572145527450248e-06 -3.778884706040141042e-06 -4.901312769607028735e-06 -6.063894489474364176e-06 -7.264661632458258199e-06 -8.493950076605600677e-06 -9.739510545828467802e-06 -1.099889728019255021e-05 -1.228985990375612491e-05 -1.365177625194626013e-05 -1.513411466375438026e-05 -1.677503314593211970e-05 -1.858009194986418421e-05 -2.051394525507390252e-05 -2.251386375972838402e-05 -2.452375109657397345e-05 -2.653524645608831804e-05 -2.861465011060365698e-05 -3.089671969697199109e-05 -3.353926479054646206e-05 -3.665407524206638711e-05 -4.023998675278773422e-05 -4.418289833953272454e-05 -4.822417587050884804e-05 -5.237019414646650360e-05 -5.627711529260784128e-05 -5.930244272093741380e-05 -6.380872972927498167e-05 -6.918913779801398427e-05 -7.605096212116776175e-05 -8.433278100781259963e-05 -9.363957936310840773e-05 -1.032809288888100139e-04 -1.126275494926594269e-04 -1.215253389983213570e-04 -1.305991392497895024e-04 -1.412415374814599586e-04 -1.551917666881868672e-04 -1.737997254126583081e-04 -1.972675468290906013e-04 -2.242763733828689269e-04 -2.523415765056005841e-04 -2.789675556599798619e-04 -3.032792616020528942e-04 -3.274202497014145805e-04 -3.568798577349079982e-04 -3.991568781842398574e-04 -4.608324745614160922e-04 -5.440322282384883962e-04 -6.439719653933058960e-04 -7.494816707551854194e-04 -8.475912370857969277e-04 -9.316020652312786195e-04 -1.009916857276815967e-03 -1.111111306440851123e-03 -1.280637328977673279e-03 -1.566569453286623375e-03 -1.996653132100810035e-03 -2.555002432981676348e-03 -3.172079062317038640e-03 -3.743213289946489136e-03 -4.184821051283892958e-03 -4.523880526353344679e-03 -4.994611427390299729e-03 -6.093515355917494131e-03 -8.530111287332739142e-03 -1.301537901143015076e-02 -1.987305607347170100e-02 -2.854618805639680748e-02 -3.721518246548780745e-02 -4.296630454943990013e-02 -4.323050298042587641e-02 -3.969287010145437083e-02 -4.637109815058226142e-02 -1.058138761207170764e-01 -3.136943124612738831e-01 -8.930515006237516040e-01 -2.166913664325105682e+00 -5.477781743712479390e+00 -9.540309294399079931e+00 -3.479220854558843712e+01 5.950492992620512567e+00 -4.579156756024146375e+02 1.602631332922216416e+03 -1.209067853535054928e+04 5.302827631965858745e+04 -1.227390662504727152e+04 1.657485703459668457e+03 -4.784877183427090586e+02 7.406254716441853958e+00 -3.706975757006627958e+01 -1.015397504091659364e+01 -5.941034369782085989e+00 -2.370224770830718697e+00 -9.894949193007159804e-01 -3.512915826326735713e-01 -1.199171322368236259e-01 -5.320224392148575898e-02 -4.609951477790300012e-02 -5.116612924613209157e-02 -5.011422978504948694e-02 -5.363698757502908393e-02
-4.306372598183673472e-07 -1.600600274264159838e-06 -2.603458635208662033e-06 -3.635302476511830070e-06 -4.679610727295063613e-06 -5.770197440339148886e-06 -6.922336788917987866e-06 -8.133564058797526622e-06 -9.382859604065451914e-06 -1.064402290565308405e-05 -1.190486174967706752e-05 -1.318249151856763779e-05 -1.452489289576372197e-05 -1.599493598597931444e-05 -1.764230625942195157e-05 -1.947661752586152224e-05 -2.145727787381065632e-05 -2.350976000022717122e-05 -2.556553373463525103e-05 -2.760942899821807269e-05 -2.970993378220492339e-05 -3.201300339280026188e-05 -3.468794020580486892e-05 -3.786989751012325453e-05 -4.151318909699447884e-05 -4.567125783307210277e-05 -4.981095030330455269e-05 -5.289479411919443982e-05 -5.682126733275151364e-05 -6.070272742763986856e-05 -6.522328813754414744e-05 -7.082223098390791132e-05 -7.787439267371409467e-05 -8.638469945296075214e-05 -9.593472449351168549e-05 -1.058188042971425409e-04 -1.153910334534230899e-04 -1.244949267054046651e-04 -1.337735226758290040e-04 -1.446567310915196044e-04 -1.589280817210943491e-04 -1.779695086155637720e-04 -2.019845054963521837e-04 -2.296173957770372763e-04 -2.583195525097097683e-04 -2.855340379610511801e-04 -3.103666355841327583e-04 -3.350154014578338581e-04 -3.651020174027255435e-04 -4.083001830739754171e-04 -4.713380162888928886e-04 -5.563791961305198860e-04 -6.585170155739797793e-04 -7.663171155040361063e-04 -8.665131843765544592e-04 -9.522617587495956328e-04 -1.032163806704877815e-03 -1.135436391091800305e-03 -1.308527255483282184e-03 -1.600536507963585316e-03 -2.039764316721179999e-03 -2.609920241112646290e-03 -3.239918105338136702e-03 -3.822829443626191148e-03 -4.273318274500822155e-03 -4.618995235555905382e-03 -5.099061851001508196e-03 -6.220381061089164630e-03 -8.707042220201717878e-03 -1.328431563279356374e-02 -2.028195411106725396e-02 -2.913084306217006425e-02 -3.797371864362179134e-02 -4.383771089655139064e-02 -4.410279244716779068e-02 -4.048976259121100235e-02 -4.729896516644487708e-02 -1.079259221374236632e-01 -3.199368619538667802e-01 -9.107347210461114173e-01 -2.209719445352602119e+00 -5.585167608259536287e+00 -9.728286303164294324e+00 -3.546471851643181594e+01 6.039208129191954377e+00 -4.666640604754867354e+02 1.633095676408475128e+03 -1.232176818851930693e+04 5.404284544745607127e+04 -1.250898235723104335e+04 1.689403680421009312e+03 -4.876588772111932144e+02 7.573837079768247271e+00 -3.777278175786852188e+01 -1.034295464119835906e+01 -6.052296527483720823e+00 -2.414315216740162473e+00 -1.007883000974413523e+00 -3.578020422385944088e-01 -1.221696119959789772e-01 -5.418354458604297125e-02 -4.744280376056869697e-02 -5.048123590245200132e-02 -6.377821339505949927e-02
-4.203505199200820268e-07 -1.558989568882268969e-06 -2.525103472901383737e-06 -3.507401139817532566e-06 -4.491749386393874470e-06 -5.518372012767698234e-06 -6.612859644777043007e-06 -7.782705787065363802e-06 -9.010919996516294212e-06 -1.026469912761055412e-05 -1.151405328724696184e-05 -1.275261104365324623e-05 -1.400983585526425759e-05 -1.534660640990392858e-05 -1.683326435716572838e-05 -1.851828860668390856e-05 -2.040222677964558133e-05 -2.243189336840790225e-05 -2.452248166504135483e-05 -2.660201542078018260e-05 -2.866113406864945090e-05 -3.077743369943019685e-05 -3.312246397040471789e-05 -3.582808939121089449e-05 -3.920451223688056991e-05 -4.293964111315924138e-05 -4.604840716909338065e-05 -5.022040809029747270e-05 -5.416281397680358347e-05 -5.809083108401875761e-05 -6.215040414783675794e-05 -6.679845354010787437e-05 -7.255621764059640990e-05 -7.979743148692731926e-05 -8.853022912265339384e-05 -9.832331761096560431e-05 -1.084514535419650610e-04 -1.182516594996189680e-04 -1.275644828248960721e-04 -1.370513653003205235e-04 -1.481802975927624250e-04 -1.627801397513039096e-04 -1.822656605709492355e-04 -2.068417757192512650e-04 -2.351150699171853915e-04 -2.644712549954004554e-04 -2.922904065535348239e-04 -3.176585610679000531e-04 -3.428296561239221277e-04 -3.735612452816536679e-04 -4.177067224934826318e-04 -4.821453109525116907e-04 -5.690800449638523228e-04 -6.734785182977043750e-04 -7.836348299870240543e-04 -8.859782007560652482e-04 -9.735161035480609758e-04 -1.055053165531965112e-03 -1.160465877051867611e-03 -1.337226292890824177e-03 -1.635489933207259685e-03 -2.084128482478933304e-03 -2.666436383110710150e-03 -3.309735671614932786e-03 -3.904773878328166112e-03 -4.364411594742171642e-03 -4.716909333527466962e-03 -5.206595585802129521e-03 -6.350999862016302490e-03 -8.889215035516314506e-03 -1.356123183238370014e-02 -2.070300740169129378e-02 -2.973291698426852592e-02 -3.875491009242653523e-02 -4.473521217337967509e-02 -4.500127666506227586e-02 -4.131065600092016094e-02 -4.825483850156191135e-02 -1.101017784058747062e-01 -3.263682920810739296e-01 -9.289540189776369639e-01 -2.253825471307151052e+00 -5.695822176041505536e+00 -9.921995200974752294e+00 -3.615778064960061755e+01 6.130654469551134689e+00 -4.756807890403693477e+02 1.664496105539442397e+03 -1.255996954704603195e+04 5.508868709096001112e+04 -1.275131516981196910e+04 1.722308394232744831e+03 -4.971140255687330409e+02 7.746598236363309020e+00 -3.849764495850019586e+01 -1.053781610012615921e+01 -6.167027473457968867e+00 -2.459786661548291065e+00 -1.026853210163469310e+00 -3.645524324645274539e-01 -1.244554860420333947e-01 -5.578403950203017492e-02 -4.639572649918344283e-02 -6.658091803620770632e-02
-4.045552925081247805e-07 -1.502357315019222422e-06 -2.437859044823670157e-06 -3.389994037794601201e-06 -4.339090329635083765e-06 -5.318659188458520296e-06 -6.353825521644820544e-06 -7.459946409121821586e-06 -8.633376505966013979e-06 -9.852488202060165053e-06 -1.108771791542518982e-05 -1.231816156294569807e-05 -1.354774830875477519e-05 -1.481270198504346843e-05 -1.617440356625993674e-05 -1.769774765714810324e-05 -1.942268633922132471e-05 -2.134210307902758281e-05 -2.339902087669712405e-05 -2.551078556073721587e-05 -2.760879346318666864e-05 -2.970375821196885686e-05 -3.183382979674149023e-05 -3.434684347694228954e-05 -3.711701205295302706e-05 -3.943012507395338498e-05 -4.319000429848439101e-05 -4.715951764468484791e-05 -5.134681929020666727e-05 -5.547371755050814945e-05 -5.951578822219837610e-05 -6.369325180187062924e-05 -6.846615259557023133e-05 -7.437517847778737771e-05 -8.180398295809377502e-05 -9.076004351610554620e-05 -1.007988919750532869e-04 -1.111747511171678560e-04 -1.212069343782938314e-04 -1.307327633388973215e-04 -1.404324135649006277e-04 -1.518128395346733368e-04 -1.667493630435709802e-04 -1.866904544406726906e-04 -2.118425348890454456e-04 -2.407735039724580111e-04 -2.708016890580287731e-04 -2.992424705338770177e-04 -3.251615447905007697e-04 -3.508701782823796158e-04 -3.822654742591773537e-04 -4.273855025222378671e-04 -4.932649040046796930e-04 -5.821473664044911475e-04 -6.888714835616484853e-04 -8.014523268836922301e-04 -9.060060656595455078e-04 -9.953867553217264023e-04 -1.078608291783354203e-03 -1.186225343154154351e-03 -1.366763828797528443e-03 -1.671465608858436341e-03 -2.129791270022270405e-03 -2.724609084464836833e-03 -3.381603731029505979e-03 -3.989131052359247073e-03 -4.458194838568700115e-03 -4.817723578197709647e-03 -5.317323191371954409e-03 -6.485505992052870324e-03 -9.076816938445269115e-03 -1.384641215462413533e-02 -2.113664844268898363e-02 -3.035302787482703837e-02 -3.955955808478754665e-02 -4.565972807846353093e-02 -4.592687535434226975e-02 -4.215638969128431002e-02 -4.923969505798242441e-02 -1.123436684230565280e-01 -3.329951734997881330e-01 -9.477279859864864431e-01 -2.299276751882753711e+00 -5.809858081030894184e+00 -1.012163388437763345e+01 -3.687209708904449457e+01 6.224910849601702267e+00 -4.849749625309358407e+02 1.696864267987416497e+03 -1.280552364090098490e+04 5.616686126305923244e+04 -1.300115108424709433e+04 1.756233380630530746e+03 -5.068627876847468201e+02 7.924727863619756008e+00 -3.924508313677421967e+01 -1.073875645980273674e+01 -6.285346135193504047e+00 -2.506686796576984122e+00 -1.046453379310126275e+00 -3.714696322165498832e-01 -1.274270567833783452e-01 -5.482167621255164269e-02 -6.310317301913541399e-02
-3.843548288570718902e-07 -1.433131644297288133e-06 -2.341379548025945116e-06 -3.277477856791895862e-06 -4.212043417650820223e-06 -5.162930450643996894e-06 -6.145360874534447098e-06 -7.177152622080211430e-06 -8.270307192612893642e-06 -9.425009293267373690e-06 -1.062775943963314194e-05 -1.185702950034974076e-05 -1.309584888622877908e-05 -1.434640992348688140e-05 -1.563894248915205233e-05 -1.702796004212315262e-05 -1.857413643602772021e-05 -2.031751099315092543e-05 -2.225561128026014356e-05 -2.433448594561915044e-05 -2.648783314235159919e-05 -2.860226846976062501e-05 -3.085808113645150877e-05 -3.303539262723905487e-05 -3.446584724397526353e-05 -3.723209346153908436e-05 -4.037988634780109070e-05 -4.414813927531123917e-05 -4.830853750983017577e-05 -5.262344855481673771e-05 -5.687515405699346028e-05 -6.102842706340499062e-05 -6.531537888548793265e-05 -7.021021508305453674e-05 -7.626958431424428551e-05 -8.388729244192609481e-05 -9.306969185965738691e-05 -1.033586415837130863e-04 -1.139871790640716129e-04 -1.242563532690794058e-04 -1.340000796760323508e-04 -1.439176678865776654e-04 -1.555559953689599005e-04 -1.708380504980260147e-04 -1.912469238941089545e-04 -2.169906374451686926e-04 -2.465974240431728463e-04 -2.773164357093808462e-04 -3.063965840881851654e-04 -3.328826153979947723e-04 -3.591446387354387698e-04 -3.912231385846398081e-04 -4.373460420265393362e-04 -5.047078861557936736e-04 -5.955943516960464888e-04 -7.047115917722517617e-04 -8.197878657599421337e-04 -9.266173754147508492e-04 -1.017896244105704956e-03 -1.102853470356065721e-03 -1.212741368168075923e-03 -1.397170384079796058e-03 -1.708500782678143816e-03 -2.176800045974394866e-03 -2.784498761609370023e-03 -3.455596953708295945e-03 -4.075988586625342060e-03 -4.554765339717357225e-03 -4.921542486812996268e-03 -5.431359347184531311e-03 -6.624038691502367147e-03 -9.270042142833114299e-03 -1.414015184645825429e-02 -2.158332606399649203e-02 -3.099181719577964733e-02 -4.038849430770737048e-02 -4.661221326598544157e-02 -4.688054320421405907e-02 -4.302783491226978840e-02 -5.025454889672958253e-02 -1.146539008036458612e-01 -3.398243296598749685e-01 -9.670759312168815125e-01 -2.346120038284468468e+00 -5.927392325788878757e+00 -1.032740794020480912e+01 -3.760839734031691250e+01 6.322059226187445091e+00 -4.945560384421453932e+02 1.730233052871319387e+03 -1.305868097054266582e+04 5.727846969968325720e+04 -1.325874582214995826e+04 1.791213499422863833e+03 -5.169151686842151321e+02 8.108422843937166391e+00 -4.001586178784343417e+01 -1.094598200829582524e+01 -6.407373924169504242e+00 -2.555089337300928687e+00 -1.066621296869834978e+00 -3.791857503122487150e-01 -1.279572525578982489e-01 -7.087935888031206277e-02
-3.630461212117268133e-07 -1.360430278630770046e-06 -2.241777781607989713e-06 -3.166070509661912329e-06 -4.095164526203531480e-06 -5.029943192524122692e-06 -5.971623207899746070e-06 -6.934572569313140859e-06 -7.941572491758584673e-06 -9.014376436767096865e-06 -1.016209100820023697e-05 -1.137475192303535612e-05 -1.262729313709384721e-05 -1.389413225498793433e-05 -1.516828952762492388e-05 -1.647497396634528666e-05 -1.787016948032448208e-05 -1.942246320340638142e-05 -2.117882158834007817e-05 -2.315563342319945219e-05 -2.525436911389242127e-05 -2.757336423183519872e-05 -2.973762951533730220e-05 -3.091202034266270600e-05 -3.306690947872110542e-05 -3.529972105230757195e-05 -3.804598077414055111e-05 -4.136256179220738042e-05 -4.525080836285391098e-05 -4.954294723438313551e-05 -5.398298207438276622e-05 -5.835133537163174209e-05 -6.261263706474850502e-05 -6.700721728494537079e-05 -7.202374535391649736e-05 -7.823474148236014088e-05 -8.604423584023084004e-05 -9.545730897785444178e-05 -1.060017335215949493e-04 -1.168887655393935782e-04 -1.274006609222164035e-04 -1.373677776020717914e-04 -1.475090036486637415e-04 -1.594121593938105667e-04 -1.750491688937959322e-04 -1.959387077805838367e-04 -2.222905008740789893e-04 -2.525920930291957259e-04 -2.840215975842180817e-04 -3.137596147216957900e-04 -3.408293111204320556e-04 -3.676612194018332651e-04 -4.004431943037518003e-04 -4.475984072773214664e-04 -5.164859410979139118e-04 -6.094348517969363230e-04 -7.210152661910897674e-04 -8.386605384864487603e-04 -9.478336430946756328e-04 -1.041068090649070960e-03 -1.127814048316043427e-03 -1.240041687447014348e-03 -1.428477793292111516e-03 -1.746634277116241142e-03 -2.225204139393429682e-03 -2.846168292520737716e-03 -3.531793020399445673e-03 -4.165437621368592129e-03 -4.654224349520419760e-03 -5.028474809127069824e-03 -5.548823402686341340e-03 -6.766742859764407307e-03 -9.469092668921662986e-03 -1.444275786675720818e-02 -2.204350673298785881e-02 -3.164995149955873721e-02 -4.124258295899108084e-02 -4.759365981926039907e-02 -4.786327260599327477e-02 -4.392589773210847648e-02 -5.130045476708332275e-02 -1.170348752745960647e-01 -3.468628504723716977e-01 -9.870179156869166581e-01 -2.394403902641042414e+00 -6.048546475549692936e+00 -1.053953098592057103e+01 -3.836743945645182663e+01 6.422184776480461821e+00 -5.044338457449817952e+02 1.764636643497488649e+03 -1.331970191008085385e+04 5.842465763479925954e+04 -1.352436521782626915e+04 1.827284990750865745e+03 -5.272815710888080503e+02 8.297886919335587308e+00 -4.081077984481384391e+01 -1.115970824280938167e+01 -6.533270005373149836e+00 -2.604968032339635364e+00 -1.088077572957991901e+00 -3.844067202513326009e-01 -1.473022875277371913e-01
-3.444080132589380152e-07 -1.295231284678572795e-06 -2.148052279789955661e-06 -3.054997886907449829e-06 -3.974233731251319401e-06 -4.895741637219947073e-06 -5.809174744491412174e-06 -6.721670520163670644e-06 -7.657709351545655349e-06 -8.650842089794242399e-06 -9.728478714770727752e-06 -1.089760924610858744e-05 -1.213954398331472481e-05 -1.341822278176297178e-05 -1.470018255864643091e-05 -1.597728677865690243e-05 -1.728160518543371085e-05 -1.867738482495105040e-05 -2.025532611553719489e-05 -2.202234944259429656e-05 -2.416076233459057756e-05 -2.631266946914169143e-05 -2.756424789640402918e-05 -2.970778743031450748e-05 -3.167192917543405230e-05 -3.378895978546623456e-05 -3.616250133122961925e-05 -3.899925312378176544e-05 -4.242545707950646095e-05 -4.643110905867410911e-05 -5.084705604675403273e-05 -5.540939882599602983e-05 -5.989274266222192346e-05 -6.426153064585544961e-05 -6.876401284915855316e-05 -7.390346865053858355e-05 -8.026854111945561099e-05 -8.827366776444260459e-05 -9.792258765329916602e-05 -1.087286031699492015e-04 -1.198805991908150856e-04 -1.306415100777679177e-04 -1.408379965272776283e-04 -1.512090034807169034e-04 -1.633843689929228660e-04 -1.793862833254148532e-04 -2.007700163157255351e-04 -2.277471031732612077e-04 -2.587633367276815613e-04 -2.909238517657672450e-04 -3.213390207557890901e-04 -3.490097793163089734e-04 -3.764287319989522243e-04 -4.099352548365980020e-04 -4.581533641261619372e-04 -5.286115168939229661e-04 -6.236835735158487290e-04 -7.377999009688440473e-04 -8.580905355893659811e-04 -9.696776064008411685e-04 -1.064927154608740758e-03 -1.153516818912005961e-03 -1.268155608920686636e-03 -1.460719655023915830e-03 -1.785906987547711223e-03 -2.275055413763577439e-03 -2.909683696134174324e-03 -3.610273440708036685e-03 -4.257573790202040694e-03 -4.756678161801320900e-03 -5.138634780561266227e-03 -5.669840739165978201e-03 -6.913770544162364980e-03 -9.674180052315566047e-03 -1.475455100340558254e-02 -2.251767734224953063e-02 -3.232812615157769354e-02 -4.212272555279197861e-02 -4.860510305773210749e-02 -4.887610013254086588e-02 -4.485152583465518150e-02 -5.237851549545011198e-02 -1.194890929192077011e-01 -3.541181119600271265e-01 -1.007574796938903949e+00 -2.444178835989282206e+00 -6.173446884831354176e+00 -1.075822505885898295e+01 -3.915001131873555096e+01 6.525375960455457758e+00 -5.146186008353193984e+02 1.800110572509065378e+03 -1.358885712911605151e+04 5.960661565750948648e+04 -1.379828565047626398e+04 1.864485532486863349e+03 -5.379728153858161477e+02 8.493320942974872167e+00 -4.163068269921887321e+01 -1.138024344099897434e+01 -6.663081149011105708e+00 -2.657780752832714199e+00 -1.105084793388117825e+00 -4.270230002697354421e-01
-3.309671627313822255e-07 -1.245260285366082766e-06 -2.067655561509504894e-06 -2.946250090990841848e-06 -3.842041368391720495e-06 -4.744119886320327065e-06 -5.637770135086473830e-06 -6.522634248701265948e-06 -7.415996996642999997e-06 -8.349249062857656356e-06 -9.356098567470952514e-06 -1.045763257312643654e-05 -1.165127258770443191e-05 -1.291010999171584257e-05 -1.419481944874467945e-05 -1.547568542775657542e-05 -1.675012744338935867e-05 -1.807118540935377410e-05 -1.946500923002211244e-05 -2.119009732734976440e-05 -2.300080160977386993e-05 -2.407762931252766691e-05 -2.621118413161650277e-05 -2.825178648323697998e-05 -3.036026163836052735e-05 -3.245762756025177538e-05 -3.464634948345751366e-05 -3.710139589592991284e-05 -4.002551706712042021e-05 -4.355301522795955351e-05 -4.767312123385290839e-05 -5.221140743632788630e-05 -5.689587058192485843e-05 -6.149467610578160826e-05 -6.597186193261513456e-05 -7.058362897926978910e-05 -7.584812991862769130e-05 -8.237048039203146495e-05 -9.057576685551853150e-05 -1.004663463642585058e-04 -1.115406705069946051e-04 -1.229646511257635332e-04 -1.339813605636078913e-04 -1.444136267120911055e-04 -1.550209602057641192e-04 -1.674763464437478287e-04 -1.838536354922146404e-04 -2.057457464893664312e-04 -2.333661369105224036e-04 -2.651177367133883086e-04 -2.980306788074802414e-04 -3.291431111204404345e-04 -3.574330611174199811e-04 -3.854569246124375619e-04 -4.197099229931484259e-04 -4.690227469246168661e-04 -5.410982492727244800e-04 -6.383565752741766821e-04 -7.550844409695138841e-04 -8.780998097074770893e-04 -9.921739619877217430e-04 -1.089500421647847904e-03 -1.179990851421514574e-03 -1.297114898692115987e-03 -1.493932318511745523e-03 -1.826363043750187185e-03 -2.326409686207228395e-03 -2.975115870259678087e-03 -3.691125618900642068e-03 -4.352499560392467798e-03 -4.862240635293906335e-03 -5.252144758489426905e-03 -5.794545563921303655e-03 -7.065284126763490997e-03 -9.885529371256501774e-03 -1.507587132527247152e-02 -2.300635262168676531e-02 -3.302707493813518413e-02 -4.302987245086001972e-02 -4.964763420948981737e-02 -4.992011943766976739e-02 -4.580572148964236201e-02 -5.348989705293266672e-02 -1.220191794535812474e-01 -3.615978200899775397e-01 -1.028768315541614520e+00 -2.495497410398413773e+00 -6.302225011071796779e+00 -1.098372110488339715e+01 -3.995693204245242214e+01 6.631724554044951425e+00 -5.251209242299216839e+02 1.836691779489774035e+03 -1.386642803464347526e+04 6.082558165375319368e+04 -1.408079450111746337e+04 1.902854290366180521e+03 -5.490001884153354013e+02 8.694883926166030008e+00 -4.247669742481782862e+01 -1.160763732649150271e+01 -6.800944676996864224e+00 -2.697945339807914511e+00 -1.228805447061852574e+00
-3.229992855365806756e-07 -1.211857329718820428e-06 -2.003236984782317143e-06 -2.843197925761844447e-06 -3.700530133126707992e-06 -4.572598876322632953e-06 -5.448580232235247404e-06 -6.323567325594308659e-06 -7.202755570940760818e-06 -8.103778186018110080e-06 -9.053095333874019093e-06 -1.007705402526556773e-05 -1.119069333223787080e-05 -1.238927179493643058e-05 -1.364909256098446872e-05 -1.493424005262253122e-05 -1.623277194177593258e-05 -1.750193269493593699e-05 -1.895983509980320205e-05 -2.038440972666640650e-05 -2.104413690963254365e-05 -2.282575097616331060e-05 -2.468119455495753226e-05 -2.678323920515227903e-05 -2.896212654773296379e-05 -3.114453293495464929e-05 -3.331634228312120957e-05 -3.557338270436096535e-05 -3.810113487404088398e-05 -4.110907953856538611e-05 -4.473593306329009514e-05 -4.897014720035793484e-05 -5.363143737897516891e-05 -5.843930762902270655e-05 -6.315516935251969317e-05 -6.774253519989223329e-05 -7.246567803492145359e-05 -7.785795382420078491e-05 -8.454135323890851739e-05 -9.295188688459045108e-05 -1.030904999545921206e-04 -1.144404018677844741e-04 -1.261439069020225024e-04 -1.374236665927413073e-04 -1.480985435899725858e-04 -1.589491573712710970e-04 -1.716928315960847544e-04 -1.884565381867783318e-04 -2.108719469189266596e-04 -2.391545470796168726e-04 -2.716632355680516147e-04 -3.053510234510515230e-04 -3.371817500127979980e-04 -3.661098378620454108e-04 -3.947572845739716753e-04 -4.297796832358196251e-04 -4.802204841134559269e-04 -5.539621607016376181e-04 -6.534726592070265244e-04 -7.728909555116127931e-04 -8.987137928608657060e-04 -1.015351183222562613e-03 -1.114818908186757627e-03 -1.207269532213951042e-03 -1.326956084753943893e-03 -1.528157633614447191e-03 -1.868053190941653275e-03 -2.379330849910746629e-03 -3.042545429548848112e-03 -3.774448240076965812e-03 -4.450329939175136362e-03 -4.971039097001922133e-03 -5.369141507694372671e-03 -5.923088219961319956e-03 -7.221465747369301691e-03 -1.010339207156288853e-02 -1.540709542958775338e-02 -2.351009701812538724e-02 -3.374759563971509863e-02 -4.396505026742694722e-02 -5.072242793082026163e-02 -5.099650928886310247e-02 -4.678957511779516243e-02 -5.463587949372974983e-02 -1.246279729878236459e-01 -3.693101606222179423e-01 -1.050621334848919730e+00 -2.548414631802903951e+00 -6.435017926997317339e+00 -1.121625962595978265e+01 -4.078905350130911955e+01 6.741325653396032180e+00 -5.359518583560654861e+02 1.874418669731961245e+03 -1.415270723816052487e+04 6.208284282598548452e+04 -1.437219065723023050e+04 1.942431898916089949e+03 -5.603755649098161484e+02 8.902045589180550778e+00 -4.334918484363777935e+01 -1.185360464026121363e+01 -6.901934883792399944e+00 -3.045096704142242316e+00
-3.186229826307450376e-07 -1.189981323349518988e-06 -1.951861631243910492e-06 -2.748801488407262065e-06 -3.558765284766368288e-06 -4.391793299670101711e-06 -5.246536073451992415e-06 -6.118014762102345818e-06 -7.000126931705812730e-06 -7.892312606673496230e-06 -8.804813943167952482e-06 -9.759089905217960628e-06 -1.078123421943341823e-05 -1.189134021268913133e-05 -1.308922692965717701e-05 -1.436838687814456860e-05 -1.565132460502151863e-05 -1.708624271978188049e-05 -1.838266915955232120e-05 -1.877674131430615232e-05 -2.015795909595505031e-05 -2.157464318061669379e-05 -2.331506107157412793e-05 -2.530450103118746594e-05 -2.748342453263384724e-05 -2.974256703660071568e-05 -3.199575177211836047e-05 -3.423323675006072718e-05 -3.655475235350029629e-05 -3.915271636037350724e-05 -4.224349498338141957e-05 -4.596987339934744684e-05 -5.031932778869318542e-05 -5.510543670097503896e-05 -6.003890687350369772e-05 -6.487415276334716784e-05 -6.957409256226370264e-05 -7.441124028328434782e-05 -7.993452983416506443e-05 -8.678326454574976660e-05 -9.540467195411471576e-05 -1.057982513824356390e-04 -1.174315568725860291e-04 -1.294226540656002056e-04 -1.409732016172668748e-04 -1.518979798400299812e-04 -1.629993085415952026e-04 -1.760401102462072931e-04 -1.932020057881756684e-04 -2.161565463843967470e-04 -2.451213356307720896e-04 -2.784099865319974478e-04 -3.128961670083647189e-04 -3.454672568497956279e-04 -3.750534014101651191e-04 -4.043441544778307584e-04 -4.401602474757493528e-04 -4.917642314508244381e-04 -5.672235807949841009e-04 -6.690555112912737476e-04 -7.912468893863063620e-04 -9.199636678221220255e-04 -1.039243814098119671e-03 -1.140920127124160502e-03 -1.235393497095137400e-03 -1.357724218284301265e-03 -1.563447828973729865e-03 -1.911040845527873545e-03 -2.433897856197732908e-03 -3.112070114503135473e-03 -3.860358603830597868e-03 -4.551199608269326097e-03 -5.083221909759634560e-03 -5.489785753973413715e-03 -6.055648962623497687e-03 -7.382537502779749905e-03 -1.032807370063498244e-02 -1.574867077402148513e-02 -2.402956239600148938e-02 -3.449058670896815171e-02 -4.492939478807787129e-02 -5.183077457068597377e-02 -5.210657837330792685e-02 -4.780434800859006961e-02 -5.581801238964641254e-02 -1.273187867185956446e-01 -3.772641868708241919e-01 -1.073158337680180097e+00 -2.602988484832538418e+00 -6.571968862708837733e+00 -1.145609115899237729e+01 -4.164726172457370268e+01 6.854277103576431607e+00 -5.471228895066241193e+02 1.913331165616964881e+03 -1.444799907106206047e+04 6.337973775420719176e+04 -1.467278518993245598e+04 1.983260337772476987e+03 -5.721129301827959353e+02 9.116610838928167482e+00 -4.427754721682791228e+01 -1.200355378205822454e+01 -7.769127967618355335e+00
-3.148385051089052052e-07 -1.171043823820767018e-06 -1.906824626667427310e-06 -2.664285254666635820e-06 -3.428115631541242938e-06 -4.219235935722187701e-06 -5.046493541249832428e-06 -5.908723057358347410e-06 -6.794033655855195262e-06 -7.687581756732781105e-06 -8.582477947083020384e-06 -9.488239870001821178e-06 -1.043229300178724890e-05 -1.144694647924562196e-05 -1.257140859426777854e-05 -1.376588054886916247e-05 -1.518158295608972625e-05 -1.649477439674894050e-05 -1.687857542025438331e-05 -1.812693344977948687e-05 -1.926007902447091874e-05 -2.058700290524274551e-05 -2.212257750000849984e-05 -2.392930846910294317e-05 -2.599537102237046117e-05 -2.824829869858809536e-05 -3.057928483858597896e-05 -3.289963829831039763e-05 -3.520031017430628518e-05 -3.758501841560593404e-05 -4.025282592903105282e-05 -4.342696498246469719e-05 -4.725424991125949122e-05 -5.172106797673445896e-05 -5.663464451966964314e-05 -6.169662328186292994e-05 -6.665421550400110783e-05 -7.146971538567617000e-05 -7.642408782984811593e-05 -8.208225223927703674e-05 -8.910127798764615322e-05 -9.793989619628945987e-05 -1.085961027061455649e-04 -1.205213557768308681e-04 -1.328088093477459606e-04 -1.446385758315453626e-04 -1.558212889995358615e-04 -1.671816343188861241e-04 -1.805294611782898848e-04 -1.981025961922716801e-04 -2.216135755264781533e-04 -2.512821206334927486e-04 -2.853752143974029728e-04 -3.206849041416061016e-04 -3.540199961414463616e-04 -3.842858399638373061e-04 -4.142417434196634827e-04 -4.508785954284498065e-04 -5.036845416305259227e-04 -5.809173999956141268e-04 -6.851448792235567513e-04 -8.101970040255264622e-04 -9.418990791711600273e-04 -1.063906277392172913e-03 -1.167863693478362729e-03 -1.264428993091892741e-03 -1.389494924171698386e-03 -1.599891795567993848e-03 -1.955432495294505500e-03 -2.490238476932006562e-03 -3.183840970477787389e-03 -3.949030926476878797e-03 -4.655304691737239403e-03 -5.199007340623649359e-03 -5.614323907353780709e-03 -6.192519059362556165e-03 -7.548866841966431901e-03 -1.056006433450506696e-02 -1.610126636134298975e-02 -2.456565041175573505e-02 -3.525721499682268889e-02 -4.592433023595735714e-02 -5.297430176323356110e-02 -5.325209318194235736e-02 -4.885200138082847893e-02 -5.703895002505888351e-02 -1.300966225738815762e-01 -3.854713933115656577e-01 -1.096407203342556036e+00 -2.659281634135710615e+00 -6.713228643864532330e+00 -1.170347776262619810e+01 -4.253248123839898653e+01 6.970669036554144604e+00 -5.586459987807653533e+02 1.953470686844610555e+03 -1.475262027696131918e+04 6.471765812720968097e+04 -1.498290244113597873e+04 2.025378994263342747e+03 -5.842211137423581704e+02 9.266049304707770773e+00 -4.497133641517540781e+01 -1.410280002056927984e+01
-3.089364238328960272e-07 -1.146960284797083328e-06 -1.860849179570901718e-06 -2.588592760977441796e-06 -3.316764341838740792e-06 -4.070595864261960893e-06 -4.865187568723182573e-06 -5.704851883902463050e-06 -6.579259911890948007e-06 -7.468986620837147373e-06 -8.356514415007377489e-06 -9.239268796451223438e-06 -1.013279376845074948e-05 -1.108395740630781512e-05 -1.208829659330606072e-05 -1.334255778671528960e-05 -1.456589085407252616e-05 -1.494507260053323264e-05 -1.621191133106622556e-05 -1.732635167732330631e-05 -1.851714715107177309e-05 -1.975856603244490029e-05 -2.113768425180179950e-05 -2.273526872949081345e-05 -2.460542574328698813e-05 -2.673982740613265201e-05 -2.906335422514778579e-05 -3.146394232413730001e-05 -3.385034022336750730e-05 -3.621376221119633362e-05 -3.866182074347665519e-05 -4.140023426929502682e-05 -4.465916657802147799e-05 -4.858948936326390586e-05 -5.317643084105455148e-05 -5.822068514069951334e-05 -6.341460401420423963e-05 -6.849802206365676279e-05 -7.343260258836617938e-05 -7.850797793566759793e-05 -8.430545110146855730e-05 -9.150029207401579913e-05 -1.005630069998419285e-04 -1.114900328733632839e-04 -1.237163193731508157e-04 -1.363094950265388158e-04 -1.484276276530117791e-04 -1.598771778262504163e-04 -1.715058623037936554e-04 -1.851717434380592488e-04 -2.031703430772477034e-04 -2.272562284270084629e-04 -2.576512362546590283e-04 -2.925744454104974197e-04 -3.287341507492415001e-04 -3.628586462808032075e-04 -3.938281017091379492e-04 -4.244738031017101067e-04 -4.619617065078003332e-04 -5.160118398649432472e-04 -5.950775121202500238e-04 -7.017781042635988552e-04 -8.297822877259959607e-04 -9.645653645677107826e-04 -1.089389633919395995e-03 -1.195708379424985325e-03 -1.294444796360758650e-03 -1.422349119777775207e-03 -1.637584177565834954e-03 -2.001337479364265030e-03 -2.548477543053182231e-03 -3.257999902307863981e-03 -4.040627779341924956e-03 -4.762835100458382050e-03 -5.318622929884290508e-03 -5.743034912920629009e-03 -6.334045696460986058e-03 -7.720889156548305446e-03 -1.079991205474838296e-02 -1.646557491564370687e-02 -2.511924110897667539e-02 -3.604860226291928260e-02 -4.695128229752602161e-02 -5.415480268726478863e-02 -5.443528705961679648e-02 -4.993536152833355501e-02 -5.830258518952485119e-02 -1.329678822534402227e-01 -3.939444554257165443e-01 -1.120396485980298174e+00 -2.717357273437095877e+00 -6.858951537537087972e+00 -1.195869284851178804e+01 -4.344568859378116343e+01 7.090543868356055768e+00 -5.705337854874114782e+02 1.994880029544288391e+03 -1.506690109218434191e+04 6.609805093996404321e+04 -1.530288636049845445e+04 2.068843869211591027e+03 -5.968457480866578635e+02 9.920879566089341850e+00 -4.928619171147130373e+01
-2.997803105468623258e-07 -1.114104233377677227e-06 -1.810087271512443212e-06 -2.520124809396841624e-06 -3.227764951364179545e-06 -3.954581038142714297e-06 -4.715537699657282806e-06 -5.519404125069233587e-06 -6.363257522971303258e-06 -7.233620197626734895e-06 -8.113517024028177649e-06 -8.989385125346240811e-06 -9.877444372260421227e-06 -1.075603441542615501e-05 -1.182823575916666253e-05 -1.285466445099053170e-05 -1.308187179900606892e-05 -1.425638589054725259e-05 -1.535795607036870609e-05 -1.657105212109885034e-05 -1.779397116051868974e-05 -1.903333956352986739e-05 -2.032745441002980051e-05 -2.175652378440095985e-05 -2.340848551450896111e-05 -2.533930717682852146e-05 -2.754055377895968753e-05 -2.993444759465316291e-05 -3.240521841576311546e-05 -3.485887857453702618e-05 -3.728680612356591166e-05 -3.980049383381556769e-05 -4.261234924359066939e-05 -4.595951025180585294e-05 -4.999691829191357947e-05 -5.470860280495967433e-05 -5.988864291414905573e-05 -6.522001065721613300e-05 -7.043513070508401633e-05 -7.549510683009993668e-05 -8.069842838646881409e-05 -8.664304927775337681e-05 -9.402269763237071083e-05 -1.033198005539021590e-04 -1.145292041762822595e-04 -1.270691548667867387e-04 -1.399815114981075822e-04 -1.524021867767192491e-04 -1.641336707788458886e-04 -1.760473091726959933e-04 -1.900502822218049111e-04 -2.084967533244161300e-04 -2.331839502254241499e-04 -2.643358463705647071e-04 -3.001229884186239639e-04 -3.371689676778379195e-04 -3.721209492953107432e-04 -4.038344186586040915e-04 -4.352147770790069470e-04 -4.736067451038564408e-04 -5.289666058427221988e-04 -6.099466687429529318e-04 -7.192190259220233167e-04 -8.502887265407204232e-04 -9.882763064049367510e-04 -1.116046766879270468e-03 -1.224861874971181278e-03 -1.325919787678605990e-03 -1.456848873402466840e-03 -1.677173850993285724e-03 -2.049486709957049416e-03 -2.609420905030066396e-03 -3.335430232675029322e-03 -4.136136460167950078e-03 -4.874942903197598473e-03 -5.443479462952593127e-03 -5.877698092421328180e-03 -6.482471174634639281e-03 -7.901355448572400242e-03 -1.105085955552946760e-02 -1.684528104455285807e-02 -2.569446992116502723e-02 -3.686955064788034059e-02 -4.801630854701729317e-02 -5.538066065748039474e-02 -5.566837849455100184e-02 -5.107217873902767519e-02 -5.963368844895652887e-02 -1.359654692851144930e-01 -4.027259703585308048e-01 -1.145184788307566759e+00 -2.777308263441394587e+00 -7.009334397416351337e+00 -1.222211215971820586e+01 -4.438816571402281141e+01 7.213206978501214728e+00 -5.828010807688972363e+02 2.037599273903199446e+03 -1.539119193871290736e+04 6.752239093034896359e+04 -1.563307039812239418e+04 2.113240073862918052e+03 -6.082467660287890112e+02 -1.586836877242937316e+00
-2.875807557476368312e-07 -1.072322544390193906e-06 -1.751935251408227510e-06 -2.452474312997472578e-06 -3.151668132583787235e-06 -3.861717661887993156e-06 -4.591705450331273407e-06 -5.351941151962497347e-06 -6.148747408396417474e-06 -6.981958149629451294e-06 -7.841390732557852354e-06 -8.727452998666325083e-06 -9.588891005285703456e-06 -1.059288955006816269e-05 -1.148776175797578494e-05 -1.154047959847396807e-05 -1.250849825386920158e-05 -1.344065170800930345e-05 -1.455942062010973200e-05 -1.576877160091699534e-05 -1.703182082559363179e-05 -1.830686046006335313e-05 -1.959083435726795858e-05 -2.092803345893948005e-05 -2.240203698879868167e-05 -2.410451010170270732e-05 -2.609338733338985498e-05 -2.835971302372083356e-05 -3.082278918083710491e-05 -3.336284544919734189e-05 -3.588291148065876472e-05 -3.837439799394329863e-05 -4.095271681365009355e-05 -4.383716275773457712e-05 -4.727211752190760811e-05 -5.141679273222136178e-05 -5.625401670656709265e-05 -6.157099300015742417e-05 -6.704086545121394419e-05 -7.238820176511420420e-05 -7.757333866737211128e-05 -8.290382798620678055e-05 -8.899489381057081299e-05 -9.655953859360951212e-05 -1.060927460425095350e-04 -1.175878449903822686e-04 -1.304457051249962901e-04 -1.436811590649215758e-04 -1.564066486081753539e-04 -1.684200278646785451e-04 -1.806168290841324905e-04 -1.949552233384888630e-04 -2.138506205985175835e-04 -2.391450937837427497e-04 -2.710652320981901892e-04 -3.077310543757630053e-04 -3.456773086956620947e-04 -3.814653695405241518e-04 -4.139233423802364271e-04 -4.460323269005390967e-04 -4.853225025271254889e-04 -5.419965704718133354e-04 -6.249153206031182479e-04 -7.368069984585920700e-04 -8.710063261497250813e-04 -1.012262162229999934e-03 -1.143020840805449587e-03 -1.254337760275768673e-03 -1.357690242589421796e-03 -1.491615943993979728e-03 -1.717056292573136732e-03 -2.098067997373523515e-03 -2.671084560152037820e-03 -3.413995922250154681e-03 -4.233227136122776242e-03 -4.988962204149387930e-03 -5.570324562291344324e-03 -6.014160218430102296e-03 -6.632461479237411126e-03 -8.083629879743868193e-03 -1.130509459974966130e-02 -1.723173305044803719e-02 -2.628215816942855096e-02 -3.771018226824665587e-02 -4.910757588877719126e-02 -5.663524156359267536e-02 -5.692546356206615310e-02 -5.222208253235690462e-02 -6.097368828509795724e-02 -1.390138706101083921e-01 -4.117337778267733395e-01 -1.170706048657162768e+00 -2.839114796233072724e+00 -7.164446287281135639e+00 -1.249381710411195456e+01 -4.536033016648759286e+01 7.340545167999740883e+00 -5.954570124610147559e+02 2.081686168701296992e+03 -1.572583021508036290e+04 6.899231685690856830e+04 -1.597383764367979711e+04 2.159570788695621104e+03 -6.218951378323973813e+02
-2.773561444202773453e-07 -1.038469108997493158e-06 -1.708810770130074986e-06 -2.409902637318654361e-06 -3.113675252299241442e-06 -3.821809165749230801e-06 -4.534833912979981081e-06 -5.261168880389616840e-06 -6.014441644997744927e-06 -6.806173166308527107e-06 -7.650614258985408394e-06 -8.497448612738757467e-06 -9.506128047923365987e-06 -1.039129734286984845e-05 -1.039890882811385639e-05 -1.123692267222180406e-05 -1.198324246738356351e-05 -1.289736492018760782e-05 -1.393952811401639372e-05 -1.511587755812281691e-05 -1.638967265930891799e-05 -1.771265619251963540e-05 -1.904580786417953242e-05 -2.038610249263468060e-05 -2.177979116543907336e-05 -2.331341724663467876e-05 -2.508191665944911033e-05 -2.714553192996782796e-05 -2.949562963634191635e-05 -3.204959862628626118e-05 -3.468434167378425169e-05 -3.729984774963462777e-05 -3.988668734372566836e-05 -4.256284700050044100e-05 -4.555337949236441526e-05 -4.910974560176782671e-05 -5.339666099980581586e-05 -5.839820299450186261e-05 -6.389751615550902830e-05 -6.955986810912873357e-05 -7.510200052339981874e-05 -8.048131085610845000e-05 -8.601087712516972171e-05 -9.232009941636772684e-05 -1.001406780457564502e-04 -1.099834228244325106e-04 -1.218469477576304179e-04 -1.351228605494237105e-04 -1.488049251083523299e-04 -1.619826920552821896e-04 -1.744433995917768325e-04 -1.870963032004129771e-04 -2.019408243093261004e-04 -2.214511140627345226e-04 -2.475235864115597545e-04 -2.804089132429110924e-04 -3.182037166793864392e-04 -3.573755396479820620e-04 -3.944045326478623948e-04 -4.280730870410644120e-04 -4.614018805243118933e-04 -5.020698288975612190e-04 -5.605131628347957825e-04 -6.458332170557408479e-04 -7.608967073289828751e-04 -8.989812467947356665e-04 -1.044565220603210949e-03 -1.179713456958982141e-03 -1.295212046837871051e-03 -1.402662102562894858e-03 -1.541329917422587688e-03 -1.773485558133795249e-03 -2.164783172150044638e-03 -2.752882623146274930e-03 -3.515780792204274002e-03 -4.358415075961144525e-03 -5.138170268371745029e-03 -5.741470841911442725e-03 -6.205130862133762491e-03 -6.846900940263245250e-03 -8.339066936806820499e-03 -1.164070734787659399e-02 -1.771103225590986430e-02 -2.698485130773353377e-02 -3.870886719815429255e-02 -5.043058537115470419e-02 -5.822969381240081232e-02 -5.865660999605519510e-02 -5.398286384743239408e-02 -6.303383292918539327e-02 -1.428607924543500163e-01 -4.216879647834418932e-01 -1.197776373485913259e+00 -2.904410473296107575e+00 -7.328868646634085771e+00 -1.278661640781671238e+01 -4.639403874578929532e+01 7.395158949936668336e+00 -6.086567146768625207e+02 2.126711531751274833e+03 -1.607123333239941167e+04 7.050363446550180379e+04 -1.630666912534053517e+04 2.058973637930584573e+03
-2.565020837173470542e-07 -9.633014740018935455e-07 -1.593732024199185728e-06 -2.260795418253786023e-06 -2.934744739713155385e-06 -3.610294867738681012e-06 -4.281074573067668997e-06 -4.951773731390113165e-06 -5.636354334897675023e-06 -6.360807016165173312e-06 -7.108425846604146613e-06 -8.062976893259617782e-06 -8.907811793041303419e-06 -8.908716439812759409e-06 -9.700712346858834481e-06 -1.034883339146864175e-05 -1.109031105989402626e-05 -1.189851915409010939e-05 -1.282123452227199396e-05 -1.387755958372118709e-05 -1.506200136643814393e-05 -1.633907418296746126e-05 -1.765864286803445717e-05 -1.898196580563622091e-05 -2.030825539986966875e-05 -2.168756430844196931e-05 -2.321020822644129412e-05 -2.497296919621055892e-05 -2.703470661619745182e-05 -2.938227724905587436e-05 -3.192716977906359145e-05 -3.454179663756242879e-05 -3.712569046357253494e-05 -3.967405009403089953e-05 -4.231317302753120625e-05 -4.527646063029739900e-05 -4.881928785856351163e-05 -5.310269931435565778e-05 -5.809962869479519230e-05 -6.357865573879302457e-05 -6.919384194858944675e-05 -7.466068191890901519e-05 -7.994820636309409435e-05 -8.539083837451407909e-05 -9.163993462367220517e-05 -9.943801907007595491e-05 -1.092866864979071966e-04 -1.211546235391295761e-04 -1.343928897777826729e-04 -1.479625048013525105e-04 -1.609474291230194427e-04 -1.731668057927352323e-04 -1.855925698780162717e-04 -2.002924324226211744e-04 -2.197786111369935864e-04 -2.459246516851179370e-04 -2.788896992562145557e-04 -3.166367934527837503e-04 -3.555157858483120291e-04 -3.919736274681999530e-04 -4.248903779233234200e-04 -4.575067546307669936e-04 -4.977658128962354073e-04 -5.562807080154405807e-04 -6.421084853606889896e-04 -7.577851411249015559e-04 -8.960363302037326408e-04 -1.040781048713187735e-03 -1.173826499423182056e-03 -1.286280992716765884e-03 -1.390731462581777222e-03 -1.527846264842731968e-03 -1.761113669349964475e-03 -2.156420721903023942e-03 -2.750007382208574311e-03 -3.516706794744441783e-03 -4.357404868736305600e-03 -5.126442791218589062e-03 -5.710731834420516330e-03 -6.153272331359985886e-03 -6.784101958480955041e-03 -8.291069645752014231e-03 -1.164526902490526337e-02 -1.780418910138919369e-02 -2.717649379421311490e-02 -3.895266149384390281e-02 -5.060131615672397443e-02 -5.813168533736508270e-02 -5.809876443107057226e-02 -5.297094045145050306e-02 -6.214631201305753638e-02 -1.439325107919922631e-01 -4.288550302197713382e-01 -1.219946640593849496e+00 -2.955832296594896658e+00 -7.453068558083091766e+00 -1.297527930183292533e+01 -4.717607944601039094e+01 7.989687885071906415e+00 -6.205746473254998818e+02 2.173786753268409029e+03 -1.640853963983085123e+04 7.200699180300990702e+04 -1.617792331039032615e+04
-3.215225255016392065e-07 -1.207252790053474378e-06 -1.997547009749048275e-06 -2.835753151656947332e-06 -3.686755936007205539e-06 -4.544450107041124115e-06 -5.398123193428789884e-06 -6.247041570344234499e-06 -7.106171260586138510e-06 -7.985896197817038376e-06 -8.999522071987821784e-06 -9.780310851334122162e-06 -9.949749164016069743e-06 -1.091243482605826552e-05 -1.177826384435090805e-05 -1.272533680843211943e-05 -1.368866998143843120e-05 -1.469568967018628179e-05 -1.578421569001235944e-05 -1.700415932004309492e-05 -1.839130679921745728e-05 -1.994854045464112950e-05 -2.163995714039417470e-05 -2.340495534848803727e-05 -2.518899142101624000e-05 -2.697848119909185586e-05 -2.882238915680238034e-05 -3.082623289244779163e-05 -3.311548548122666193e-05 -3.578083928842212640e-05 -3.882997903609473200e-05 -4.217280229915978815e-05 -4.565563475421468735e-05 -4.913792410018809538e-05 -5.258129634575964181e-05 -5.610717658935740482e-05 -5.998548247069171712e-05 -6.454386785734715247e-05 -7.002607772146315955e-05 -7.646165809870442262e-05 -8.361848935484649176e-05 -9.108438610939243482e-05 -9.846797507182053152e-05 -1.056442927889040363e-04 -1.129280844477840252e-04 -1.210647020134754864e-04 -1.309952123231455988e-04 -1.434587194170188309e-04 -1.585976882311870872e-04 -1.757775071680225932e-04 -1.937782033791667525e-04 -2.113677405686001072e-04 -2.280674585389285986e-04 -2.447625179734992554e-04 -2.637874525914495885e-04 -2.882766338580720574e-04 -3.208971216468015737e-04 -3.624434372494967000e-04 -4.110103703933083740e-04 -4.623963669593956051e-04 -5.119558170526369465e-04 -5.574362061681408485e-04 -6.016282350318338324e-04 -6.533430900563635393e-04 -7.255571170272089336e-04 -8.306351338633202004e-04 -9.741054774024486941e-04 -1.149812751753024253e-03 -1.339801213470584364e-03 -1.521154782935826453e-03 -1.679320318394169308e-03 -1.823746507259485288e-03 -1.998352224719565119e-03 -2.278606642557554334e-03 -2.749902592622857720e-03 -3.469592408275876724e-03 -4.425457140110992081e-03 -5.513032270015180529e-03 -6.558323419680634446e-03 -7.404236766354499628e-03 -8.057557857184137820e-03 -8.857843037326633764e-03 -1.058983861866831348e-02 -1.443367665417190013e-02 -2.164907622874510593e-02 -3.295258352383784867e-02 -4.768493843113078695e-02 -6.309852416560386701e-02 -7.445753954880929282e-02 -7.711414145228830119e-02 -7.249293041899342038e-02 -8.077999206008956712e-02 -1.664130172155237342e-01 -4.781952672725858222e-01 -1.361347944199735149e+00 -3.346425027661288798e+00 -8.416576913472058052e+00 -1.526833954696950180e+01 -5.186155437530489820e+01 -4.160682430840964230e+00 -6.354510292720236748e+02 2.071586297769275006e+03 -1.628497072439345720e+04 6.976080775667807029e+04
