8.004598692101509187e+03 -8.993982995642375045e+02 1.131555727009941421e+02 -1.814616316083285597e+01 2.343507064948538332e+00 -5.222220297545814294e-01 2.849862409628297830e-02 -2.555876343657077429e-02 -3.484036413884167641e-03 -2.084254416067418594e-03 -4.654398832092357819e-04 -1.219535921958656173e-04 -1.709020179257462462e-05 -1.502126960972020231e-05 -2.567171645503254753e-05 -3.029179082970245279e-05 -2.720865440460975640e-05 -2.027745682439235954e-05 -1.302395383411099623e-05 -7.383827465871577772e-06 -3.854650370142857912e-06 -2.091650149529587581e-06 -1.447604080857905352e-06 -1.321212933830040998e-06 -1.310429035862405069e-06 -1.226669723856826779e-06 -1.037868954542313989e-06 -7.919916955531118207e-07 -5.542339827563217000e-07 -3.704175337738455439e-07 -2.554928568691586694e-07 -1.991814373106089527e-07 -1.787344296301336824e-07 -1.712609207922937227e-07 -1.613421986031308093e-07 -1.431061077484527403e-07 -1.181967143639966904e-07 -9.187149731389941753e-08 -6.933187790369151600e-08 -5.348423293336125370e-08 -4.442020166437052835e-08 -4.018962281089306547e-08 -3.811624957434909824e-08 -3.598316229163625354e-08 -3.267288756015983979e-08 -2.819532921126309411e-08 -2.328225082022669366e-08 -1.883390538519172803e-08 -1.547579052056021615e-08 -1.336001464339819946e-08 -1.221690910646399656e-08 -1.156296355011388938e-08 -1.093857990657517726e-08 -1.007385292139269473e-08 -8.935461057019862478e-09 -7.668313507564530556e-09 -6.482248297190758467e-09 -5.542996146811665417e-09 -4.909771871825343128e-09 -4.532346103303840395e-09 -4.294159831364938436e-09 -4.072593061762676679e-09 -3.787891711346162625e-09 -3.423544551346311049e-09 -3.016314576705872357e-09 -2.626989822010006152e-09 -2.308022506481377441e-09 -2.082017542838263905e-09 -1.937483094785661422e-09 -1.839788492485438072e-09 -1.749578669404706590e-09 -1.639390433900081640e-09 -1.501981589569142989e-09 -1.348599315150850059e-09 -1.199934940921122992e-09 -1.075012687825088620e-09 -9.830200411310321294e-10 -9.209260989329851320e-10 -8.767420610656313360e-10 -8.359730397084210636e-10 -7.879549991950530665e-10 -7.294201848634719239e-10 -6.643129011551997549e-10 -6.006055014317092986e-10 -5.459999156223404080e-10 -5.045279455571255404e-10 -4.753218646340048426e-10 -4.537024234658878221e-10 -4.337148687985219448e-10 -4.107908025068074302e-10 -3.833806596896418001e-10 -3.530313714083117738e-10 -3.231363727953306251e-10 -2.971048099934741247e-10 -2.768282820954760223e-10 -2.620509346424186287e-10 -2.507671887286379746e-10 -2.403191387894715780e-10 -2.285960077026404221e-10 -2.149085760686139755e-10 -1.996747319487478489e-10 -1.863845502735190148e-10 -1.672111039824178376e-10 -2.021548844622475996e-10
-9.353959143109188517e+03 2.191455550682576722e+04 -3.500949911268216056e+03 4.459475499697879854e+02 -8.511628996609380238e+01 8.196087749017443969e+00 -3.201934748789626362e+00 -1.847619693667071072e-01 -2.368591916738495284e-01 -5.815362982263320990e-02 -2.329655502824918775e-02 -6.003809141260790967e-03 -1.621605244297652342e-03 -6.160432475520819526e-04 -6.292191058166493687e-04 -7.013632044812996092e-04 -6.513015906104253298e-04 -5.096901325842679263e-04 -3.468640924242148249e-04 -2.105583133251689098e-04 -1.184027359833984074e-04 -6.711099132850188471e-05 -4.414606647589515578e-05 -3.618140322242737616e-05 -3.341001597634341068e-05 -3.057240679285137548e-05 -2.607386522807379775e-05 -2.043377982830607876e-05 -1.486489732493029100e-05 -1.036019535808068394e-05 -7.329410303214640132e-06 -5.637063055460194818e-06 -4.840171825853979060e-06 -4.447999852277285035e-06 -4.100107297047585074e-06 -3.630783262689251976e-06 -3.040686414444751180e-06 -2.421482074078694027e-06 -1.877508554669239598e-06 -1.473753681286149524e-06 -1.219045792216667411e-06 -1.077742938056007491e-06 -9.954026947667842631e-07 -9.237171974235411026e-07 -8.354479590346608938e-07 -7.267690510489342986e-07 -6.100703494610504142e-07 -5.029103505025739171e-07 -4.184942304648866503e-07 -3.608937397297334507e-07 -3.254176689143709774e-07 -3.024750899483572706e-07 -2.823936143722921661e-07 -2.590034619488360749e-07 -2.309015617332551218e-07 -2.005047084917396644e-07 -1.718527787429328221e-07 -1.483582166908156138e-07 -1.314107759916141813e-07 -1.201791033142723416e-07 -1.123849049715540359e-07 -1.054970989521334502e-07 -9.775736674201143384e-08 -8.865813494804567135e-08 -7.880540583930174333e-08 -6.936163913672569928e-08 -6.139177998098694998e-08 -5.540094681949654496e-08 -5.121077756308532116e-08 -4.815122961682570656e-08 -4.541963369509066629e-08 -4.242290694956873918e-08 -3.896373566653674662e-08 -3.522540975634989848e-08 -3.160249106216211518e-08 -2.847845839214701446e-08 -2.605374889846185493e-08 -2.428569818209857703e-08 -2.294374376860067516e-08 -2.173444079045276027e-08 -2.043036426088324124e-08 -1.894799962365363514e-08 -1.735102758061544241e-08 -1.579129131010340979e-08 -1.442350162874839808e-08 -1.333436209351805732e-08 -1.251356095592171843e-08 -1.187149106362451445e-08 -1.128812483809527369e-08 -1.066685960477428838e-08 -9.969561384789708684e-09 -9.221008136418694007e-09 -8.485855717782034982e-09 -7.832484661718082155e-09 -7.301264746854394607e-09 -6.890108320608879650e-09 -6.560723859083374171e-09 -6.259698264648711934e-09 -5.942649939202446608e-09 -5.593250057435918931e-09 -5.215626602211079691e-09 -4.890223223772726899e-09 -4.401432580234892085e-09 -5.319878022399815056e-09
-6.911790338105372484e+02 -7.672992943623890824e+03 2.284570555073342985e+04 -4.098863138295710996e+03 5.314267689447387966e+02 -1.096213060824786254e+02 9.166051450307586279e+00 -4.624186054762049025e+00 -4.387965033470594967e-01 -3.891310473392714520e-01 -1.068430373779123144e-01 -4.216121724641106600e-02 -1.227062730443841121e-02 -4.025304100230797134e-03 -1.881123161364403129e-03 -1.595259354403307612e-03 -1.514269323112117085e-03 -1.300364125540465210e-03 -9.855236564918026278e-04 -6.703968327766258398e-04 -4.204207687117416303e-04 -2.542928200488406114e-04 -1.599024338498655263e-04 -1.132986417584487630e-04 -9.166089965722743187e-05 -7.921855686239216222e-05 -6.798142036756642454e-05 -5.572596778344729977e-05 -4.327112914740727944e-05 -3.223595386878507093e-05 -2.374183194202530203e-05 -1.800640403989114052e-05 -1.451646844168225203e-05 -1.243676870247720677e-05 -1.098857138356377007e-05 -9.667004252230170734e-06 -8.280534095483592575e-06 -6.866478071201099172e-06 -5.561191955692185949e-06 -4.488064095870272302e-06 -3.697248360865104848e-06 -3.159342579857938024e-06 -2.794944632479995604e-06 -2.515639488990620055e-06 -2.256102184114610513e-06 -1.987723425767168114e-06 -1.714238982030034295e-06 -1.456694319797222116e-06 -1.236857591391359684e-06 -1.065910929802559670e-06 -9.412111360340434587e-07 -8.498843568539633805e-07 -7.757742734025264743e-07 -7.059577527757926601e-07 -6.342966322511866350e-07 -5.614002787100166731e-07 -4.919588054448635822e-07 -4.312127700312114147e-07 -3.821987077825143841e-07 -3.446719501806572068e-07 -3.157093556935514794e-07 -2.913130170690559143e-07 -2.681061653421268198e-07 -2.443974818088950365e-07 -2.203212642558207148e-07 -1.972106558496338917e-07 -1.766352956304264042e-07 -1.595757225575547753e-07 -1.460431316129803847e-07 -1.352007974545672710e-07 -1.258261142392753143e-07 -1.168446946413455942e-07 -1.076976922937125096e-07 -9.842236408265768670e-08 -8.947051742185828998e-08 -8.139423885794618317e-08 -7.455646697057114655e-08 -6.898318758646853281e-08 -6.439076110128572880e-08 -6.034247082224283024e-08 -5.644302379642926864e-08 -5.248096481869717426e-08 -4.846846587884882854e-08 -4.458013368216863704e-08 -4.103526088401410796e-08 -3.798357881560231637e-08 -3.544229132137916043e-08 -3.330210967485558170e-08 -3.138738447823792386e-08 -2.953529718139600480e-08 -2.765683995804397266e-08 -2.575649441949810412e-08 -2.390905205728642236e-08 -2.221050729489297327e-08 -2.072835608612061217e-08 -1.947268845065435861e-08 -1.839712500425039085e-08 -1.742470615951927422e-08 -1.648245889825664472e-08 -1.553589782795084463e-08 -1.456878852792372162e-08 -1.375857036199351885e-08 -1.245080417103713500e-08 -1.505007494454242677e-08
-1.485003530291955713e+03 8.138544155330384910e+02 -6.895042040342003020e+03 2.307649569546116254e+04 -4.396681638925937477e+03 5.754555729071789756e+02 -1.250477458024811028e+02 9.336958922013481654e+00 -5.725392852923352649e+00 -6.928811754306185566e-01 -5.309594479493870978e-01 -1.575772951302133185e-01 -6.251526571373627883e-02 -1.940906297712191586e-02 -6.598954912773716611e-03 -2.993564605590011505e-03 -2.341070399412810768e-03 -2.167928405815061632e-03 -1.881294500342678465e-03 -1.464390282669111301e-03 -1.033425039810388852e-03 -6.767635585265867814e-04 -4.266280696829820090e-04 -2.738927378479888430e-04 -1.908501534012465163e-04 -1.482570282731136683e-04 -1.240830425096523578e-04 -1.056399350117287776e-04 -8.787895434579561459e-05 -7.035256075639694418e-05 -5.441868559088241185e-05 -4.140779698404951442e-05 -3.183048833481109740e-05 -2.534272373812944016e-05 -2.109801791079582241e-05 -1.816465352838167718e-05 -1.582090770524235127e-05 -1.366925492934448747e-05 -1.159938918453214083e-05 -9.673130771173795597e-06 -8.000530902738381878e-06 -6.653794673463101907e-06 -5.633869203675724508e-06 -4.880578071042165389e-06 -4.305616203729212704e-06 -3.826855257479869103e-06 -3.390291371122888072e-06 -2.975143871868665438e-06 -2.585629462383748071e-06 -2.236761271071825566e-06 -1.941317320442094541e-06 -1.702503985147858450e-06 -1.513178041776897602e-06 -1.359813920643795839e-06 -1.228134385125602755e-06 -1.107637878790611410e-06 -9.935333472101908502e-07 -8.860266069627764231e-07 -7.879737288803589340e-07 -7.022597146805484209e-07 -6.299962210804379078e-07 -5.700133238463737345e-07 -5.194828609601503216e-07 -4.751132840761923857e-07 -4.342783895935850468e-07 -3.956349021939817124e-07 -3.591036196912988775e-07 -3.253735734462742359e-07 -2.952419038793511815e-07 -2.690930627071576051e-07 -2.466914608064674240e-07 -2.272964395768671071e-07 -2.099743122407140762e-07 -1.939328510992564150e-07 -1.787339272480462044e-07 -1.643221475501584188e-07 -1.508976609611507215e-07 -1.387178422011391380e-07 -1.279248185677076108e-07 -1.184635008650772444e-07 -1.101042799298944192e-07 -1.025386195423934948e-07 -9.549189271770136360e-08 -8.880289282415584117e-08 -8.244289749511091710e-08 -7.647821043398447646e-08 -7.100256697724032549e-08 -6.607318331175914597e-08 -6.167641019913035946e-08 -5.773139918059456530e-08 -5.412305887324215134e-08 -5.074474491870775018e-08 -4.753079784440720672e-08 -4.446693250372013270e-08 -4.157793172723055734e-08 -3.890189714934199702e-08 -3.646419746843147570e-08 -3.426274725432726980e-08 -3.226656829802773677e-08 -3.044085620321409123e-08 -2.870427013877025165e-08 -2.731202390631933496e-08 -2.486230819471770421e-08 -3.007465687166440646e-08
-7.130698822716134373e+02 -5.745659519705335470e+02 8.232887585216546995e+02 -6.475815600660088421e+03 2.317774126297099428e+04 -4.580695852361840480e+03 6.029705309697540088e+02 -1.360873424581313884e+02 9.213330251106656377e+00 -6.639902107201163695e+00 -9.360846223680254763e-01 -6.624014088441297909e-01 -2.063863927948236532e-01 -8.167487319851608751e-02 -2.573850707086806910e-02 -8.544354516061520438e-03 -3.702940631533536454e-03 -2.890666631531556285e-03 -2.772781858625360685e-03 -2.489987521319937235e-03 -1.991587900551343090e-03 -1.433563957138265892e-03 -9.489288139486251128e-04 -5.971466696707524498e-04 -3.773993599739772719e-04 -2.575653758747521315e-04 -1.984815929465049377e-04 -1.681016031694455241e-04 -1.464949199239206734e-04 -1.248505066903209115e-04 -1.017916565661589864e-04 -7.938615646983118008e-05 -6.017555163484556926e-05 -4.562050202398376517e-05 -3.574986135552022753e-05 -2.955100028621372932e-05 -2.561452399060586840e-05 -2.268993080142974009e-05 -1.998775077864664638e-05 -1.721754865692150176e-05 -1.444853813208450643e-05 -1.190465567407219904e-05 -9.788838464935462305e-06 -8.185957792402920284e-06 -7.049427944732786355e-06 -6.246131249474650548e-06 -5.622048097316930088e-06 -5.057061730575251544e-06 -4.491382287263438800e-06 -3.922389829534642301e-06 -3.381970347864806752e-06 -2.908524209692812622e-06 -2.525726402600739136e-06 -2.233901767654047994e-06 -2.013578627907272400e-06 -1.836264486845335520e-06 -1.676178647809407195e-06 -1.518071759058638253e-06 -1.359066095560867077e-06 -1.205349008414285540e-06 -1.066303791579347190e-06 -9.490141930641917192e-07 -8.551904913347742126e-07 -7.811124322811228423e-07 -7.198646405421460174e-07 -6.644083027323135442e-07 -6.100536885483214027e-07 -5.554699012538637104e-07 -5.021505482633943274e-07 -4.528910031873946175e-07 -4.101060718260955626e-07 -3.747001349232840674e-07 -3.458263566491914454e-07 -3.214395858175413529e-07 -2.992476024982326869e-07 -2.775857583497905709e-07 -2.558693367675829518e-07 -2.345215708054707503e-07 -2.145092210110591397e-07 -1.967538387824413753e-07 -1.816844512744519055e-07 -1.690887040210768775e-07 -1.582666769688529739e-07 -1.483656294410607204e-07 -1.387226596434806313e-07 -1.290699703308628225e-07 -1.195416432734172339e-07 -1.105138725713355996e-07 -1.023745273438457259e-07 -9.533081727326911400e-08 -8.932876008481632893e-08 -8.409922555143270243e-08 -7.928934275748983793e-08 -7.460944769906282623e-08 -6.993069645458207039e-08 -6.529999040210182556e-08 -6.087921800267665926e-08 -5.684746758543735587e-08 -5.330979923881263892e-08 -5.027524793243899596e-08 -4.756986027106223963e-08 -4.551030859180667444e-08 -4.162504821520143162e-08 -5.042850844665481619e-08
-4.938147096210025211e+02 -1.233745245400954786e+02 -4.335601134404018353e+02 8.186293319094750132e+02 -6.240748423842812372e+03 2.324389952356698996e+04 -4.708601261317457102e+03 6.220464741564262567e+02 -1.445452011217435313e+02 8.970836815516355145e+00 -7.416250914703307551e+00 -1.158934676855260859e+00 -7.802350096804330226e-01 -2.504836526567842947e-01 -9.860948469402192051e-02 -3.114423542591922972e-02 -1.014856021678050592e-02 -4.349108540920018813e-03 -3.482759352140123253e-03 -3.435439447650431247e-03 -3.132572197767018608e-03 -2.521939499766670707e-03 -1.815718234493258598e-03 -1.195922651697385814e-03 -7.463140018868041729e-04 -4.686630362837247992e-04 -3.212019263399017209e-04 -2.517290132554659676e-04 -2.173859362707935400e-04 -1.918638074613962920e-04 -1.641508321869102353e-04 -1.333817636095928642e-04 -1.031942514632274804e-04 -7.753723527272958873e-05 -5.853508471005327023e-05 -4.610546138467240421e-05 -3.864074060360404042e-05 -3.402307853252467003e-05 -3.046087738282552798e-05 -2.691116437395227529e-05 -2.309066218237932431e-05 -1.922474648748115759e-05 -1.571627679349732923e-05 -1.288092125987625720e-05 -1.081867154927674715e-05 -9.418981943075499627e-06 -8.450676934394064940e-06 -7.672919870344656990e-06 -6.917959355101186270e-06 -6.122255164936239292e-06 -5.309729928457964771e-06 -4.547776657011133639e-06 -3.900684174914989725e-06 -3.399116337265991705e-06 -3.032549709607079508e-06 -2.761004516409366137e-06 -2.535923015829884227e-06 -2.319346906174645144e-06 -2.094200123110730839e-06 -1.863836214584443757e-06 -1.643781923012146883e-06 -1.450895833073514387e-06 -1.294897345458091391e-06 -1.175051079950889642e-06 -1.082055363117426246e-06 -1.003112626930184938e-06 -9.273530326524823860e-07 -8.493131659996200757e-07 -7.694823087544592210e-07 -6.923394768620160827e-07 -6.232327284960726266e-07 -5.656242330621152103e-07 -5.197491587896187198e-07 -4.829352714502075472e-07 -4.510972481544106443e-07 -4.205410639505348913e-07 -3.892625431116451293e-07 -3.572996444036093289e-07 -3.261779268291029212e-07 -2.978553967272203716e-07 -2.737034588870505618e-07 -2.539406475068999593e-07 -2.376694733330210658e-07 -2.233868046963444004e-07 -2.096643221872895137e-07 -1.956814276778252029e-07 -1.814112067639523709e-07 -1.674426957757896989e-07 -1.545777436458147024e-07 -1.434117241103435565e-07 -1.340782235730898193e-07 -1.262372005141496127e-07 -1.192706069298369128e-07 -1.125670293711670225e-07 -1.057593890284697394e-07 -9.882190099825060693e-08 -9.200730952016726783e-08 -8.567823520829630739e-08 -8.011543744818343300e-08 -7.542657542673518349e-08 -7.137842032329423219e-08 -6.841138711320812778e-08 -6.271534187361925569e-08 -7.613035643554010807e-08
-2.907430488732179015e+02 -1.164041135805808835e+02 -6.506689009330035844e+01 -3.632527472943400539e+02 8.072295810969205831e+02 -6.091868778967450453e+03 2.329744569295880137e+04 -4.804145533241765406e+03 6.362196703150892745e+02 -1.512826856747799411e+02 8.695382760464726246e+00 -8.079192966128111664e+00 -1.358189159295237536e+00 -8.847819722895553518e-01 -2.901571070764845661e-01 -1.139735637298414095e-01 -3.620309905302017406e-02 -1.177833613634697053e-02 -5.080318646058843042e-03 -4.115319371542329116e-03 -4.084666143157358181e-03 -3.730493712694521111e-03 -3.002111982644136649e-03 -2.159082150045261474e-03 -1.421533876468331070e-03 -8.893778614713057553e-04 -5.630590034041299281e-04 -3.909211631549663370e-04 -3.096715937143386214e-04 -2.682139583244614006e-04 -2.359403423923108682e-04 -2.007157773034899846e-04 -1.622902150734113031e-04 -1.253498244977206352e-04 -9.453625842975386495e-05 -7.206874321410373300e-05 -5.749366622178182323e-05 -4.864970400140328325e-05 -4.293724564811690484e-05 -3.828934940887893134e-05 -3.360116719384380422e-05 -2.866472659621157834e-05 -2.381892460019150590e-05 -1.954291747336356504e-05 -1.616073413067703688e-05 -1.372294082259159280e-05 -1.204428294301034025e-05 -1.082762775685548866e-05 -9.795671823911742071e-06 -8.776659677019729431e-06 -7.724673484829421309e-06 -6.686661759134965122e-06 -5.745025136928154740e-06 -4.965057834514803169e-06 -4.366283916872013342e-06 -3.921616994743724032e-06 -3.576551511942529728e-06 -3.274900247898519765e-06 -2.978815476932597663e-06 -2.676541608110991247e-06 -2.377917389125188934e-06 -2.102618420084909445e-06 -1.867691339937488182e-06 -1.679569240342215704e-06 -1.532661077518474906e-06 -1.413426562733399554e-06 -1.306925338725946352e-06 -1.202534146965398721e-06 -1.096659933786376967e-06 -9.920087996076398747e-07 -8.944775208124649537e-07 -8.094775762384741999e-07 -7.393284071227773019e-07 -6.825627904197159970e-07 -6.350171563410575362e-07 -5.918660688585384564e-07 -5.495497012530053216e-07 -5.068030930410989470e-07 -4.645342878065837140e-07 -4.248309523611537644e-07 -3.896821297124208563e-07 -3.600087766751901447e-07 -3.353492531543233004e-07 -3.142061814974402379e-07 -2.947814511539467749e-07 -2.757133699455489311e-07 -2.565025460044850641e-07 -2.375002254689766771e-07 -2.195425378962000969e-07 -2.034482680234207546e-07 -1.896173996063306033e-07 -1.778840682548508147e-07 -1.676419196451126645e-07 -1.581420715520668329e-07 -1.488062981738444448e-07 -1.394185394061150366e-07 -1.301321985384667793e-07 -1.213215901399051476e-07 -1.133585354329164186e-07 -1.064751381753306881e-07 -1.004761746902907859e-07 -9.610389391464825932e-08 -8.804850493737189352e-08 -1.070688695110563017e-07
-1.690867921038445445e+02 -5.941119837209643606e+01 -7.243473212078984602e+01 -3.847089682805734867e+01 -3.270458537494705524e+02 7.975623720746798426e+02 -5.991204668055836919e+03 2.334728246679135555e+04 -4.879483364589267694e+03 6.473444710993325089e+02 -1.568095582465340669e+02 8.423367870450036321e+00 -8.651470205473570374e+00 -1.536533314035291697e+00 -9.786536692063325660e-01 -3.265831291245291923e-01 -1.283712701524393762e-01 -4.110946273174133359e-02 -1.340954329826678400e-02 -5.788079895179991559e-03 -4.682165339500420249e-03 -4.655663012286452226e-03 -4.264739670559870681e-03 -3.444591184130852812e-03 -2.488581224783199559e-03 -1.648138989812975670e-03 -1.038677764651717381e-03 -6.622846411039186136e-04 -4.613586382703279581e-04 -3.646383660763606051e-04 -3.143483801983848122e-04 -2.756821236647101665e-04 -2.345920908545924511e-04 -1.904179386820451685e-04 -1.481165316167990333e-04 -1.127021836141857110e-04 -8.659075438561194432e-05 -6.930037220011525548e-05 -5.849055501356476737e-05 -5.133393586133433521e-05 -4.556411713684273935e-05 -3.994009094415846802e-05 -3.418089321537560706e-05 -2.859752054360874382e-05 -2.366467719513404736e-05 -1.970900430686392432e-05 -1.678188297268855039e-05 -1.469409782183909126e-05 -1.314016516429706233e-05 -1.183151633100947849e-05 -1.058385064985189875e-05 -9.338933796961997183e-06 -8.133003790809790052e-06 -7.040522028520315022e-06 -6.122236205377207865e-06 -5.396361244418428487e-06 -4.836761532498071268e-06 -4.390648952165249837e-06 -4.002851485306683016e-06 -3.634902430084655700e-06 -3.272698667866786978e-06 -2.922672819568283470e-06 -2.601103605560977023e-06 -2.322629309279252702e-06 -2.092756659412935455e-06 -1.906320633169291452e-06 -1.750938520308000885e-06 -1.612767758197286231e-06 -1.481607079854838021e-06 -1.353389454734546868e-06 -1.229655057103752407e-06 -1.114916644126350564e-06 -1.013487662629830241e-06 -9.271945461862802330e-07 -8.547100936696860873e-07 -7.924140182563427193e-07 -7.360734322318225498e-07 -6.824584088489213344e-07 -6.302242540930098432e-07 -5.798427219309042504e-07 -5.328087973177242239e-07 -4.906020878314917581e-07 -4.538893858698389279e-07 -4.222515175023992852e-07 -3.944424709223727594e-07 -3.689638449110080860e-07 -3.446469172916646176e-07 -3.209939468213079064e-07 -2.981776930273347422e-07 -2.767636612184046301e-07 -2.573239649025207094e-07 -2.401261807804855193e-07 -2.250160265251172515e-07 -2.115076056717554536e-07 -1.990055702387981265e-07 -1.870400757159325957e-07 -1.754110575459143258e-07 -1.641980862640513708e-07 -1.536432356883311869e-07 -1.440502609215089673e-07 -1.353637251996225860e-07 -1.288747406242809415e-07 -1.177203075137325763e-07 -1.432230062303759482e-07
-8.950892249546303958e+01 -3.423911273511707520e+01 -3.405241553467782722e+01 -5.244274674609501830e+01 -2.655466095998932730e+01 -3.047551602090525193e+02 7.898744248269782702e+02 -5.920213920489475640e+03 2.339736032752730898e+04 -4.941507509707347708e+03 6.564664839826901925e+02 -1.614584520142488486e+02 8.166461742004415214e+00 -9.152764982078505085e+00 -1.697690607276177266e+00 -1.063964157444149627e+00 -3.603011364710189124e-01 -1.418336795185865251e-01 -4.571535538637090668e-02 -1.489735167695127767e-02 -6.391166052132839920e-03 -5.167380625725406448e-03 -5.173528884457498714e-03 -4.773553119945092744e-03 -3.880841984107158502e-03 -2.820245349975092613e-03 -1.876981074509423593e-03 -1.186403571888221828e-03 -7.561448578911701473e-04 -5.247825915449329422e-04 -4.133710724160480896e-04 -3.565513885464767128e-04 -3.140582881824391013e-04 -2.689588114851879878e-04 -2.197868982444208463e-04 -1.719154214940945332e-04 -1.311854342625288486e-04 -1.006993445833591127e-04 -8.027526819473139680e-05 -6.748715606029668363e-05 -5.917805036850258327e-05 -5.268632714789724271e-05 -4.645126775558209659e-05 -4.001689099358054233e-05 -3.366277792622775233e-05 -2.792773773021094396e-05 -2.323448289098779080e-05 -1.970973775987380576e-05 -1.719156426405394735e-05 -1.535332084540365455e-05 -1.385517457181349902e-05 -1.245630719344404496e-05 -1.105702864228354481e-05 -9.676683835536728303e-06 -8.395450457953790104e-06 -7.292693665345230158e-06 -6.406307952490387202e-06 -5.721881912996123282e-06 -5.186881471920356001e-06 -4.736858704197404029e-06 -4.319844054128968869e-06 -3.909803468258171947e-06 -3.506719736820507097e-06 -3.126819069568580925e-06 -2.789314722314378777e-06 -2.505745548265913339e-06 -2.275418135852032229e-06 -2.087155289558887605e-06 -1.925055180176537382e-06 -1.774938494288272867e-06 -1.628709141967450312e-06 -1.485355388177501425e-06 -1.348952003338249669e-06 -1.225149836256684093e-06 -1.117901294412812260e-06 -1.027683705423884081e-06 -9.516027266382884139e-07 -8.849107847893553365e-07 -8.230105794523011331e-07 -7.630139668456003910e-07 -7.043059295836647689e-07 -6.480860461022489258e-07 -5.962797567900051353e-07 -5.503937370434417760e-07 -5.107939245269961893e-07 -4.766182282692225599e-07 -4.462340764195154160e-07 -4.179432164358400239e-07 -3.905940389902546669e-07 -3.638620872016906983e-07 -3.381432739914936721e-07 -3.141742526174361228e-07 -2.925865503315824625e-07 -2.735923047796255855e-07 -2.569082495119414094e-07 -2.419080559235275521e-07 -2.278984034074675019e-07 -2.143846973148389003e-07 -2.012020187091703575e-07 -1.885719556462507469e-07 -1.765797265674425077e-07 -1.672796250232648610e-07 -1.521375982987378860e-07 -1.849964347474078010e-07
-4.256658092072316890e+01 -1.717270488558303754e+01 -1.944833198204921487e+01 -2.310966817819006991e+01 -4.299111033452729203e+01 -1.979327083536526999e+01 -2.897764753741242316e+02 7.839736273904175050e+02 -5.868986769339322564e+03 2.344965949313930105e+04 -4.994442890388528212e+03 6.642171333884494970e+02 -1.654563620418729215e+02 7.927782951700367953e+00 -9.597662228533810236e+00 -1.844198391964698036e+00 -1.141814900829326573e+00 -3.913909067053029656e-01 -1.542605786163979142e-01 -4.993801860925906055e-02 -1.623096725582012095e-02 -6.929045909065940576e-03 -5.625444827229077183e-03 -5.681529046916744194e-03 -5.278236008893371668e-03 -4.312045688687080047e-03 -3.143472681806938184e-03 -2.094787154238293442e-03 -1.322926768064789597e-03 -8.410405146777040312e-04 -5.827733100149281968e-04 -4.601113141207412724e-04 -3.991046428982230536e-04 -3.536870337004701390e-04 -3.043008615499656708e-04 -2.492631964034357803e-04 -1.949637066188228992e-04 -1.484584492912478630e-04 -1.136352311877643183e-04 -9.047643060038587941e-05 -7.622648396974824095e-05 -6.717561630722162635e-05 -6.014682476656270019e-05 -5.326074987530407848e-05 -4.597439355186390566e-05 -3.865226018313901944e-05 -3.198842796478231838e-05 -2.653862738665439344e-05 -2.248767691660498691e-05 -1.965083680042854409e-05 -1.762615110751041580e-05 -1.598723366182969337e-05 -1.442993905411994760e-05 -1.283058368831663250e-05 -1.122042877972087212e-05 -9.711132589703379151e-06 -8.413639909131182573e-06 -7.383392077760896749e-06 -6.604827867561746568e-06 -6.009791445419887603e-06 -5.512903505159390942e-06 -5.045151461619007861e-06 -4.572859405186118443e-06 -4.098231501832985564e-06 -3.645977057089344194e-06 -3.244767891219309466e-06 -2.912129973607569771e-06 -2.647893076699252767e-06 -2.436669643598150523e-06 -2.256174621586878894e-06 -2.086617119255432537e-06 -1.917095037183200022e-06 -1.747065296553979528e-06 -1.583373065942236880e-06 -1.435016671655661353e-06 -1.308259239959475600e-06 -1.203996973158783485e-06 -1.117974585613151646e-06 -1.043150789495783548e-06 -9.727904098410641896e-07 -9.028514045435933190e-07 -8.328160138304700172e-07 -7.649271049962643082e-07 -7.024524038576548217e-07 -6.478839225352610716e-07 -6.018290213821689098e-07 -5.629219399264540454e-07 -5.285999041224797774e-07 -4.962568196257695978e-07 -4.642222872551141955e-07 -4.321841371737316667e-07 -4.009753683342805075e-07 -3.719251159879220388e-07 -3.461212418671467838e-07 -3.239101689808872021e-07 -3.048036116182932344e-07 -2.877631283144440362e-07 -2.716824542162597566e-07 -2.558141817129718102e-07 -2.400783173684915186e-07 -2.245543614244103576e-07 -2.119904507546316307e-07 -1.922897233642211343e-07 -2.327868145227613840e-07
-1.708031130148092203e+01 -7.888469507258140112e+00 -9.477317531040670318e+00 -1.332300320514700864e+01 -1.806076649632765196e+01 -3.742497643314727895e+01 -1.549561802007746891e+01 -2.790612184422931819e+02 7.795204245468585214e+02 -5.831746811952571079e+03 2.350526385205547922e+04 -5.041024440130210678e+03 6.710029418098051792e+02 -1.689611411766607034e+02 7.708414460193512063e+00 -9.996468464232604489e+00 -1.977760210450727474e+00 -1.212994110687453553e+00 -4.200211038749027126e-01 -1.657368193536504775e-01 -5.385554802095035565e-02 -1.748695576635128299e-02 -7.458030960656213473e-03 -6.083440923454593030e-03 -6.181110294349236901e-03 -5.765527872833127281e-03 -4.721834484836423887e-03 -3.446689586980304382e-03 -2.297631870069392467e-03 -1.450745625309334506e-03 -9.226333198496745923e-04 -6.408530496979804704e-04 -5.081596567917992220e-04 -4.425798473314160428e-04 -3.931254913660657568e-04 -3.384105779559213830e-04 -2.770048449961857269e-04 -2.164025979507999372e-04 -1.646776580467160852e-04 -1.261894378534786745e-04 -1.008125734154199471e-04 -8.532570482686814843e-05 -7.547969580989513465e-05 -6.769778117104953072e-05 -5.992631743690633218e-05 -5.164432068909236251e-05 -4.334221571203672658e-05 -3.584490838416213183e-05 -2.977873076714751367e-05 -2.532130886036618726e-05 -2.222402144046162873e-05 -2.000327437864309494e-05 -1.816857012961788296e-05 -1.638761668005461072e-05 -1.454338424839389234e-05 -1.269382611019728538e-05 -1.097871860275780814e-05 -9.524674714457612954e-06 -8.385633643989927387e-06 -7.531256676692297148e-06 -6.873998413295544855e-06 -6.313064929074794602e-06 -5.772934366637822342e-06 -5.222420720789314381e-06 -4.671563584418094108e-06 -4.153258559208924728e-06 -3.700765407944386447e-06 -3.331112199164307092e-06 -3.039589094928714999e-06 -2.804799884656800595e-06 -2.599665697188153380e-06 -2.402446469285818535e-06 -2.203238741331062152e-06 -2.004288101659076710e-06 -1.815342597825932773e-06 -1.647037801717045234e-06 -1.505451167713619563e-06 -1.389813228428273132e-06 -1.293646897796987448e-06 -1.208132156116361037e-06 -1.125830624339018377e-06 -1.043133068895484829e-06 -9.606560507265598671e-07 -8.818229557806773556e-07 -8.105717018228225895e-07 -7.493184120773413598e-07 -6.979787477889617595e-07 -6.542572610884860385e-07 -6.148439042058806146e-07 -5.768420296354315412e-07 -5.387812808324458707e-07 -5.008574862756606115e-07 -4.644342881570958398e-07 -4.311454515169397163e-07 -4.020473009219145011e-07 -3.771734202773319278e-07 -3.556110119055411201e-07 -3.359865057264949251e-07 -3.170532475713532859e-07 -2.982990834560983105e-07 -2.793595460934444388e-07 -2.639739534179816362e-07 -2.379801907827370769e-07 -2.906672482019720592e-07
-5.304758013683754214e+00 -3.102966913284929351e+00 -4.333235933355961578e+00 -6.445976031142070184e+00 -1.045987192590990489e+01 -1.511914339086543180e+01 -3.377107054992492863e+01 -1.252671373427973300e+01 -2.710780391166993013e+02 7.762219546092784412e+02 -5.804899134963052347e+03 2.356481980086005569e+04 -5.083099033388180942e+03 6.770998311415705757e+02 -1.720852710533378342e+02 7.508502917371125740e+00 -1.035706426993103157e+01 -2.099987805911265770e+00 -1.278395968587880294e+00 -4.465405142611048039e-01 -1.764470891100586303e-01 -5.756078804197062304e-02 -1.870228886871912535e-02 -7.978974096641494942e-03 -6.524384660878398273e-03 -6.652476443686178124e-03 -6.222147314395580671e-03 -5.106427166416865719e-03 -3.733772762612832911e-03 -2.492930513517400883e-03 -1.576804797033277278e-03 -1.004963733394790637e-03 -6.996615260337907130e-04 -5.557164796996900621e-04 -4.843021115311859650e-04 -4.301975187427119272e-04 -3.703342050746740886e-04 -3.032870024315942174e-04 -2.372515261738182568e-04 -1.809730366540756251e-04 -1.391135306394701435e-04 -1.114619242676952794e-04 -9.447979804279760425e-05 -8.355978398169744967e-05 -7.485920537640615804e-05 -6.619800306466068626e-05 -5.704457625224973238e-05 -4.793754339882426110e-05 -3.975332594539563022e-05 -3.314049273843487717e-05 -2.826382541824440205e-05 -2.483956109668086082e-05 -2.234558363442467406e-05 -2.026388068629512968e-05 -1.825084449897080064e-05 -1.619103852158125767e-05 -1.414936950848392298e-05 -1.227082416618900111e-05 -1.068177614804282708e-05 -9.430781855969394816e-06 -8.479860236250589696e-06 -7.734909674878880106e-06 -7.091736704894887300e-06 -6.474703919316390050e-06 -5.854410188372479686e-06 -5.242687602831343707e-06 -4.672847129998245837e-06 -4.176836905423583298e-06 -3.769262031473984893e-06 -3.442958770211250916e-06 -3.174974620062870952e-06 -2.937937606586758893e-06 -2.710807198441428692e-06 -2.484704532657186219e-06 -2.262539120872477784e-06 -2.053975598640961206e-06 -1.868858380216729493e-06 -1.712140259928331928e-06 -1.582074760889421004e-06 -1.471705404458310620e-06 -1.372308131571651453e-06 -1.276927893535738248e-06 -1.182496770803160284e-06 -1.089929235582428957e-06 -1.002561079776829052e-06 -9.239134089664064590e-07 -8.558568051475355033e-07 -7.978656879468345598e-07 -7.474642391217868427e-07 -7.014437740648657220e-07 -6.571851348885987610e-07 -6.135043947837423134e-07 -5.707462309903424331e-07 -5.302220971500168697e-07 -4.933488686750279026e-07 -4.609075750330494327e-07 -4.327195733343799267e-07 -4.077998904800776911e-07 -3.848652950899054107e-07 -3.628566059018225069e-07 -3.413824058282154677e-07 -3.218585100438529534e-07 -2.963779130170198672e-07 -3.468596943754494967e-07
-1.348701971490252172e+00 -1.069931518389542147e+00 -1.759748086129556244e+00 -2.984838325006276882e+00 -5.001119744852261739e+00 -8.768613789104547251e+00 -1.319872647850514547e+01 -3.119510183911782875e+01 -1.036404348095878802e+01 -2.649650425353896139e+02 7.738565844516472225e+02 -5.786085294635761784e+03 2.362874320115872251e+04 -5.121959379976143282e+03 6.827018331285497652e+02 -1.749117270650766045e+02 7.327182051478827951e+00 -1.068598260850877679e+01 -2.212510890679915576e+00 -1.338911603963487629e+00 -4.712807360274787194e-01 -1.865131049778947780e-01 -6.107387374250442674e-02 -1.985901445559448003e-02 -8.467475352979886988e-03 -6.932442681323118180e-03 -7.092098500452007764e-03 -6.653997957494948816e-03 -5.475699516752505908e-03 -4.013585900712724093e-03 -2.685692684692338357e-03 -1.701841066404299755e-03 -1.085809049301594787e-03 -7.559814694243923404e-04 -6.002336344611226750e-04 -5.232300649398937027e-04 -4.653337948593293011e-04 -4.013629271833285919e-04 -3.294929088322539972e-04 -2.584095412770367269e-04 -1.975442809943696093e-04 -1.520325754227567767e-04 -1.217925099660746200e-04 -1.031300668635804787e-04 -9.113907064010002082e-05 -8.167360493242496896e-05 -7.233525043238411747e-05 -6.248758940776437583e-05 -5.266020133473517991e-05 -4.377488895945260382e-05 -3.653731608170527625e-05 -3.115115064065741244e-05 -2.734105310243686420e-05 -2.456607343144474737e-05 -2.227418838229899809e-05 -2.008663387069375422e-05 -1.786223486913168738e-05 -1.565413082404217777e-05 -1.360825990057490881e-05 -1.185957781742259768e-05 -1.046669608899585101e-05 -9.398251802050278762e-06 -8.561012232631669074e-06 -7.846327100765482519e-06 -7.171104788842092888e-06 -6.498459089308916994e-06 -5.835085265395132039e-06 -5.212564030079335685e-06 -4.664140304999872034e-06 -4.207350766067478950e-06 -3.837908369250151169e-06 -3.534376086701538797e-06 -3.269030557796261527e-06 -3.018945867865454280e-06 -2.772710178033583177e-06 -2.531048956760600138e-06 -2.302487642115433480e-06 -2.096950072400055080e-06 -1.920357785883352380e-06 -1.772203560209469286e-06 -1.646426720930175339e-06 -1.534489507622346483e-06 -1.428901853675361222e-06 -1.325628754383945820e-06 -1.224609551701938444e-06 -1.128561842812954006e-06 -1.040910400748403680e-06 -9.638795737793053695e-07 -8.975041680628464184e-07 -8.397859760119660796e-07 -7.877022567278864577e-07 -7.384736906738521505e-07 -6.905103214220905534e-07 -6.436953971169786434e-07 -5.990114005952925960e-07 -5.577886138454810424e-07 -5.209486465446919761e-07 -4.886254702149804896e-07 -4.599786045396405467e-07 -4.345277914807501668e-07 -4.087222260807497135e-07 -3.924873854219877177e-07 -3.567997266021702581e-07 -3.845425613986487510e-07
-1.135100287726714674e+00 -4.788158612531124847e-01 -7.037982380946720129e-01 -1.238489602909635279e+00 -2.306259112160137459e+00 -4.133826765868739983e+00 -7.655935373463036875e+00 -1.185588260317519627e+01 -2.929564957333004216e+01 -8.727667870682878970e+00 -2.601937549102976845e+02 7.722628265474916134e+02 -5.773693897109802492e+03 2.369731899291683658e+04 -5.158539510991075076e+03 6.879488041586887448e+02 -1.775036345446520727e+02 7.162953968085366441e+00 -1.098863131563492423e+01 -2.316746676991822351e+00 -1.395245412733360002e+00 -4.944542095839071227e-01 -1.959808320586985952e-01 -6.438380858114264860e-02 -2.094192061229757304e-02 -8.919901552687589316e-03 -7.315269117178821445e-03 -7.512623858696844056e-03 -7.072435299875856098e-03 -5.836126667464407169e-03 -4.287242700318857729e-03 -2.873357814887535916e-03 -1.822076102360239373e-03 -1.162212368825180173e-03 -8.086761658268990134e-04 -6.423257549755500813e-04 -5.609743324242226969e-04 -5.002154319177900882e-04 -4.325698421365349838e-04 -3.558490203845959083e-04 -2.794219744432658442e-04 -2.136430530434960963e-04 -1.642978414926896460e-04 -1.314971689103829728e-04 -1.113475047667968992e-04 -9.853936804543713052e-05 -8.851732759527480691e-05 -7.860081116280372854e-05 -6.804316227964688608e-05 -5.740614386724762243e-05 -4.771706170819225073e-05 -3.978893742263972917e-05 -3.388675150391731006e-05 -2.973568035169180245e-05 -2.674805944592950762e-05 -2.430610799095288800e-05 -2.197430738794242119e-05 -1.958101393061498376e-05 -1.717805088110208349e-05 -1.493037095841283467e-05 -1.299811000206127243e-05 -1.145851067545495107e-05 -1.028551045982018451e-05 -9.378138010089907115e-06 -8.612475907617382913e-06 -7.889937456012374275e-06 -7.163704815572788151e-06 -6.438423695309618634e-06 -5.750207797531918725e-06 -5.139805923373936987e-06 -4.631241826561355539e-06 -4.223009349256918627e-06 -3.892157063803524650e-06 -3.606463868724249504e-06 -3.337813680903187113e-06 -3.071051367710024094e-06 -2.805748925429136543e-06 -2.551737704723985359e-06 -2.321598178651321212e-06 -2.123811207690097642e-06 -1.959202448546030691e-06 -1.821414622985723303e-06 -1.700340740546921791e-06 -1.586480411640581965e-06 -1.474222879448599968e-06 -1.362912360501866867e-06 -1.255697146720574658e-06 -1.157068569847104437e-06 -1.070364702907855862e-06 -9.962735591310660729e-07 -9.327624377371627106e-07 -8.761897031082954858e-07 -8.229094936757812177e-07 -7.706081705748003386e-07 -7.188615212060657301e-07 -6.688073694476670801e-07 -6.222886227706526775e-07 -5.806468622665132527e-07 -5.449425278801041471e-07 -5.124211291834246120e-07 -4.891001905298342028e-07 -4.646339756901917395e-07 -3.866329147505575863e-07 -4.566327508526673606e-07
-2.128184590267630405e+00 -5.036995592024837709e-01 -3.985169400244589211e-01 -5.047734219717247006e-01 -9.459226000426065317e-01 -1.887850951433509783e+00 -3.562916483330995643e+00 -6.878803919697767277e+00 -1.087441603171389914e+01 -2.784778450388169091e+01 -7.450486293622873291e+00 -2.564203323124540361e+02 7.713213583668325555e+02 -5.766588889262709017e+03 2.377075373285259411e+04 -5.193533012190086993e+03 6.929440126129536566e+02 -1.799098828697116801e+02 7.014256866981433802e+00 -1.126933835412943274e+01 -2.413808774171371407e+00 -1.447924183810964216e+00 -5.162130208176485269e-01 -2.048935687196297706e-01 -6.750418016516777919e-02 -2.196419194832957208e-02 -9.351749445298705374e-03 -7.686431369553324219e-03 -7.922029555879705684e-03 -7.479197889092061187e-03 -6.185076761028027344e-03 -4.550595222454546264e-03 -3.052672726362698485e-03 -1.936344085358208565e-03 -1.235021996758179676e-03 -8.597211868745947144e-04 -6.840113056378431533e-04 -5.988091093634766680e-04 -5.351069537420008850e-04 -4.634185523233347466e-04 -3.814818736804386802e-04 -2.995416364204619682e-04 -2.289284066076865271e-04 -1.760113676031007431e-04 -1.409666263290360716e-04 -1.195796059692446733e-04 -1.060693064122764692e-04 -9.547043862538544885e-05 -8.487186170395778946e-05 -7.348747549503311435e-05 -6.196862641973199077e-05 -5.147251523235823388e-05 -4.290905567429716843e-05 -3.657173914120597007e-05 -3.214975568370982158e-05 -2.898439501124250179e-05 -2.638731104346235559e-05 -2.387870198918751709e-05 -2.127737051458786560e-05 -1.865278730841427076e-05 -1.619853631242232852e-05 -1.409820483060267910e-05 -1.243768155094131760e-05 -1.118382290734561967e-05 -1.021880410097753737e-05 -9.400761968430007239e-06 -8.619241329706350824e-06 -7.824692310402948050e-06 -7.026786627835510002e-06 -6.270180326513532054e-06 -5.602960779037699424e-06 -5.052145394762053103e-06 -4.614273981757489256e-06 -4.261133684978009186e-06 -3.954659862850971544e-06 -3.662750714868719156e-06 -3.369308236687140543e-06 -3.075683059521099860e-06 -2.794807537539831497e-06 -2.542005984410831388e-06 -2.326947781111647107e-06 -2.149790787258852294e-06 -2.002209765709395415e-06 -1.871848632068988752e-06 -1.747640542190187807e-06 -1.623597798587165846e-06 -1.499790574172704012e-06 -1.380655293865690438e-06 -1.271847249579885979e-06 -1.177230357955836273e-06 -1.097229838885258360e-06 -1.028978851206746192e-06 -9.678612858509453281e-07 -9.095444816114218716e-07 -8.515431126613724572e-07 -7.938048983369861360e-07 -7.379294729160068746e-07 -6.869916469460478443e-07 -6.402051826515566750e-07 -6.071409204333744262e-07 -5.713883853368871860e-07 -5.010402802043513061e-07 -4.534023217863349622e-07 -5.310154025549736012e-07
-2.985190893184999084e+00 -6.716918647600891301e-01 -3.943369898887296165e-01 -2.714280348274623056e-01 -3.748695017964681631e-01 -7.606723273817174169e-01 -1.614391049394018340e+00 -3.167901851517501477e+00 -6.312245123541000424e+00 -1.013072553127407538e+01 -2.671386912777334999e+01 -6.427115008610992497e+00 -2.534126392575010129e+02 7.709415926158860657e+02 -5.763948442081730718e+03 2.384920612996621639e+04 -5.227466855996369304e+03 6.977657216011200489e+02 -1.821687579729465369e+02 6.879719678235410640e+00 -1.153156884155449191e+01 -2.504610201161561633e+00 -1.497402963923164743e+00 -5.367189890995870405e-01 -2.133220242282950763e-01 -7.046952326715429094e-02 -2.294521363527576158e-02 -9.772393983237990037e-03 -8.047721299481704060e-03 -8.317378890007404851e-03 -7.869866046966239592e-03 -6.519249170108210902e-03 -4.802707422177586970e-03 -3.224921295631373065e-03 -2.047116018634068547e-03 -1.306663877812926306e-03 -9.106202333100330828e-04 -7.255972227936590899e-04 -6.361102947017109035e-04 -5.690027632357430370e-04 -4.930604263483722143e-04 -4.060191999041191675e-04 -3.189082695823455046e-04 -2.438681998161831887e-04 -1.876988848951276906e-04 -1.505596124617685633e-04 -1.279176920864451891e-04 -1.135858922547848451e-04 -1.022755135195856926e-04 -9.091330649851507356e-05 -7.870179112819263739e-05 -6.636857365491705173e-05 -5.516167780645995507e-05 -4.604527736477366962e-05 -3.931355841721648745e-05 -3.461484807104047437e-05 -3.123440289071976160e-05 -2.843771680565394198e-05 -2.572246664914355709e-05 -2.290865312315666386e-05 -2.008106838163729009e-05 -1.745026409058299033e-05 -1.520908257209209925e-05 -1.344178222690434097e-05 -1.210529982621758663e-05 -1.106928517206654550e-05 -1.018222422280192303e-05 -9.329822813867872156e-06 -8.464252513408143259e-06 -7.599896465706297636e-06 -6.785896851249577644e-06 -6.072285799515347678e-06 -5.484869279114731292e-06 -5.016786894296274418e-06 -4.636003542220715285e-06 -4.301821826097410717e-06 -3.981467521619044014e-06 -3.659890800174379072e-06 -3.340268513820448015e-06 -3.037045997627132803e-06 -2.766019121844932811e-06 -2.536173661497674232e-06 -2.346263912625218997e-06 -2.186529621157862729e-06 -2.043736827486253544e-06 -1.906741981081819808e-06 -1.770131312705934494e-06 -1.634788551419834713e-06 -1.505757836969660862e-06 -1.388819796448483583e-06 -1.287469249694765543e-06 -1.201481937241913743e-06 -1.127373722440780029e-06 -1.060184240814047191e-06 -9.956577771786143597e-07 -9.314761534066711008e-07 -8.687428213325297279e-07 -8.066931829130971573e-07 -7.578737739940705855e-07 -7.075511518655316695e-07 -6.156900755556771023e-07 -5.804561179924168823e-07 -5.187967161735881385e-07 -6.152492412441027787e-07
-3.223664289095428792e+00 -7.657199843380517734e-01 -4.495473679481323259e-01 -2.468367775355592708e-01 -1.924932880062797114e-01 -2.935802714501676292e-01 -6.434430396744255098e-01 -1.427997723516310824e+00 -2.881806520818786854e+00 -5.882858773945430109e+00 -9.549605216866208224e+00 -2.580658092915524904e+01 -5.589427091208923670e+00 -2.510092548091433002e+02 7.710537213103741578e+02 -5.765164562246404785e+03 2.393280560520698418e+04 -5.260749476322587725e+03 7.024746340885820928e+02 -1.843106652330204440e+02 6.758116054881519119e+00 -1.177820078605119569e+01 -2.589969304538429551e+00 -1.544111569169855924e+00 -5.561402877825627478e-01 -2.213374307514121841e-01 -7.330503483885575378e-02 -2.388987815069015114e-02 -1.017827525611986889e-02 -8.393781706538301288e-03 -8.695077955883943888e-03 -8.243876000707646423e-03 -6.840676192907994661e-03 -5.046852770182252285e-03 -3.393153145686111927e-03 -2.156238207128475387e-03 -1.377523684406521979e-03 -9.606575197162221672e-04 -7.659312974133566064e-04 -6.719197566143731391e-04 -6.015025091127518091e-04 -5.216845417407230427e-04 -4.300201356872213119e-04 -3.381373182387474932e-04 -2.588774359429083676e-04 -1.994639377402242144e-04 -1.601106421212150697e-04 -1.360675773773083956e-04 -1.208236006095337245e-04 -1.088022286498422167e-04 -9.675477958420815783e-05 -8.382810832916479582e-05 -7.077691429463315491e-05 -5.890772085381739640e-05 -4.923315598498403147e-05 -4.206535106749785134e-05 -3.703989585935297087e-05 -3.341105687122044974e-05 -3.041047320124743794e-05 -2.751053901448064518e-05 -2.451900436206292327e-05 -2.151971817469300598e-05 -1.872852524018296885e-05 -1.634441991134120400e-05 -1.445511394325556187e-05 -1.301717203856819316e-05 -1.189687024352441940e-05 -1.093804090859026580e-05 -1.002208568522566037e-05 -9.098195825216610867e-06 -8.179301536758994294e-06 -7.314283063492237607e-06 -6.553545998120424591e-06 -5.923394790198491010e-06 -5.417260393984753305e-06 -5.003047894499522103e-06 -4.639650357093899574e-06 -4.293623255117840955e-06 -3.949121596656015166e-06 -3.608556364897660696e-06 -3.285777426793654213e-06 -2.996251033228515243e-06 -2.748917743882577989e-06 -2.542702817844793153e-06 -2.368099053232763902e-06 -2.212054677394946671e-06 -2.063424526939250526e-06 -1.916578781784634146e-06 -1.772031810515930224e-06 -1.634429071095377892e-06 -1.509254241730931435e-06 -1.399894376451218331e-06 -1.306198352546956743e-06 -1.224927412564853271e-06 -1.151153649092965873e-06 -1.081559896357520270e-06 -1.010819864221224020e-06 -9.504168823135159859e-07 -8.837277245492074696e-07 -7.692496809172136371e-07 -7.126430426013736240e-07 -6.612485985942434997e-07 -5.938574361332818140e-07 -7.069575771335618731e-07
-2.873385605447317914e+00 -7.324880594801473910e-01 -4.638700709849534198e-01 -2.737213882248294983e-01 -1.740585911109154560e-01 -1.478973829160146192e-01 -2.460177663351725275e-01 -5.655401289166224199e-01 -1.293548176026352303e+00 -2.665073753277466651e+00 -5.546791394535026676e+00 -9.084617218748741507e+00 -2.506906235578012954e+01 -4.891953438400698850e+00 -2.490943850462431897e+02 7.716037749539613060e+02 -5.769778746968299856e+03 2.402166351164376465e+04 -5.293703360187593717e+03 7.071186588392700969e+02 -1.863601806834666945e+02 6.648286776790301111e+00 -1.201168698108443955e+01 -2.670621947805887686e+00 -1.588431326098730390e+00 -5.746177657396850380e-01 -2.289881752339991139e-01 -7.601928251455335184e-02 -2.479458749544258267e-02 -1.056524043923029281e-02 -8.723876434667883484e-03 -9.057750187187331437e-03 -8.605480541871841221e-03 -7.153331822529797497e-03 -5.285487430992360028e-03 -3.558002574895082707e-03 -2.262980180701525731e-03 -1.446321457151824620e-03 -1.008762234812536455e-03 -8.045830824452006140e-04 -7.064832445396285014e-04 -6.332710759728398106e-04 -5.500114343028267641e-04 -4.539669768056843360e-04 -3.573491933333293501e-04 -2.737675363964193706e-04 -2.109725425863846207e-04 -1.693210830533779777e-04 -1.438866666156550620e-04 -1.278222494105708471e-04 -1.152168826851882500e-04 -1.025932467813691690e-04 -8.900704872041363225e-05 -7.523357665047308883e-05 -6.265694100190055075e-05 -5.236956118462086056e-05 -4.472954025780849963e-05 -3.937356244439747018e-05 -3.552184131084463358e-05 -3.235706962857855327e-05 -2.930808072219859362e-05 -2.615726015151109907e-05 -2.298406460458580610e-05 -2.001541671486148767e-05 -1.746727404453984534e-05 -1.544114473947430207e-05 -1.389885029982184160e-05 -1.270273782278934040e-05 -1.168664542599634450e-05 -1.072069148164702435e-05 -9.745727934888774341e-06 -8.771478651426085904e-06 -7.848521438824219339e-06 -7.031827308377296974e-06 -6.352456973125995561e-06 -5.806636789308131064e-06 -5.362198125448414968e-06 -4.975526085545611738e-06 -4.609569317918513489e-06 -4.245307979914713497e-06 -3.883492227241194359e-06 -3.538109865603476831e-06 -3.226084706491369019e-06 -2.958220559189621076e-06 -2.734806206491945636e-06 -2.546664342743727263e-06 -2.380026263159292335e-06 -2.222406505784427347e-06 -2.066824770274181726e-06 -1.912954488944287379e-06 -1.765342998641420120e-06 -1.629996238482936228e-06 -1.511165886440605950e-06 -1.409199317568012410e-06 -1.322053515349298019e-06 -1.241301586561698160e-06 -1.174780242980804086e-06 -1.099212661345387291e-06 -9.653346005185663151e-07 -8.921978604265554968e-07 -8.151623445483829285e-07 -7.575393988664568214e-07 -6.782122701066591946e-07 -8.079040630708584846e-07
-2.193619509951503233e+00 -6.044003914603086614e-01 -4.197304398424763217e-01 -2.843964688120383943e-01 -1.976977500525255449e-01 -1.363373618789442687e-01 -1.238274939657462159e-01 -2.151592713848671234e-01 -5.091913290209914011e-01 -1.191254172928654320e+00 -2.495284087138706308e+00 -5.277724718325538689e+00 -8.706126647951078823e+00 -2.446263303503103259e+01 -4.302881346318150335e+00 -2.475824729803422883e+02 7.725498356495940016e+02 -5.777439869701220232e+03 2.411587996591772753e+04 -5.326587667687163048e+03 7.117361641321799652e+02 -1.883374693130212165e+02 6.549155625740842090e+00 -1.223410789632761464e+01 -2.747196463697273217e+00 -1.630676065752588277e+00 -5.922592802201793738e-01 -2.363081027938693790e-01 -7.861907526323153039e-02 -2.566102094121824884e-02 -1.093638397572423843e-02 -9.042794677580819410e-03 -9.410143561624608952e-03 -8.957866415616052083e-03 -7.458326478155242328e-03 -5.518076267044758065e-03 -3.718204155477058872e-03 -2.366235140630672425e-03 -1.512631336323763502e-03 -1.055252791513094012e-03 -8.423344246955078492e-04 -7.406373207466973672e-04 -6.648678573784958662e-04 -5.781850776462285797e-04 -4.776509575128929036e-04 -3.761702588854215620e-04 -2.882060391207225017e-04 -2.220698763845525793e-04 -1.782424187382976766e-04 -1.515681323229367159e-04 -1.348075841709451769e-04 -1.216795462377515488e-04 -1.084738019862985410e-04 -9.417775542080459434e-05 -7.962247422651006195e-05 -6.630036846241875090e-05 -5.539831861539289940e-05 -4.731641246468570297e-05 -4.167536807486200848e-05 -3.764103396821573980e-05 -3.433276916997540887e-05 -3.113225726652942932e-05 -2.780315173874039244e-05 -2.443264697478116513e-05 -2.127026262526472377e-05 -1.855513637539382452e-05 -1.640189100897281144e-05 -1.477161084849861920e-05 -1.351492425560095249e-05 -1.244971551236580975e-05 -1.143289024590797562e-05 -1.039916868997320075e-05 -9.359755196078725195e-06 -8.371674718931667436e-06 -7.497250975720469205e-06 -6.772278986203564197e-06 -6.193436519836764243e-06 -5.725206390282453658e-06 -5.318814534827293905e-06 -4.932607787586913769e-06 -4.545211038627813760e-06 -4.157706393197100143e-06 -3.786346340866157712e-06 -3.450840682752081442e-06 -3.163941874045899408e-06 -2.926300789885378177e-06 -2.727579379298150721e-06 -2.552029020223723538e-06 -2.385299007909582256e-06 -2.219393020890796142e-06 -2.054055263231046851e-06 -1.894816286191900869e-06 -1.748679218647656302e-06 -1.621809233878086034e-06 -1.511147603730548568e-06 -1.427136469354526602e-06 -1.341307792890057637e-06 -1.193824680820523213e-06 -1.111153243635856786e-06 -1.020062097945128495e-06 -9.370584189461639989e-07 -8.688743568922111400e-07 -7.755304844825952934e-07 -9.208732978031622079e-07
-1.471789004797802614e+00 -4.415049361326617294e-01 -3.381901815893397778e-01 -2.629633075484280047e-01 -2.099859945217744106e-01 -1.579118387340256169e-01 -1.148266622604349058e-01 -1.076353428732705619e-01 -1.922117420598284943e-01 -4.658710662565196947e-01 -1.110980294083272701e+00 -2.359498145629942645e+00 -5.058853313660237383e+00 -8.393929099865410137e+00 -2.395963779705834540e+01 -3.799043370348798465e+00 -2.464089097495879912e+02 7.738589656187947412e+02 -5.787875802181620202e+03 2.421554828131352042e+04 -5.359614101897800538e+03 7.163583681810870303e+02 -1.902592401883885316e+02 6.459775068439395973e+00 -1.244721241217748720e+01 -2.820220147945967426e+00 -1.671109092191304768e+00 -6.091592698366962155e-01 -2.433331494960689068e-01 -8.111850634653351710e-02 -2.649696534486590399e-02 -1.129714489989312211e-02 -9.354003977220909719e-03 -9.753635546572561599e-03 -9.300745431417472078e-03 -7.754590015684598159e-03 -5.743671967940122691e-03 -3.873488666047796795e-03 -2.466489998286751101e-03 -1.577402333346326554e-03 -1.101103165459495908e-03 -8.798285426645274972e-04 -7.745505830024849818e-04 -6.960639137762882718e-04 -6.057930469785920017e-04 -5.007079990606775862e-04 -3.944368413479779024e-04 -3.022600830036617742e-04 -2.329798651088382105e-04 -1.871322616714278086e-04 -1.592933626207950122e-04 -1.418304737965357394e-04 -1.281218874684692931e-04 -1.142666896107535045e-04 -9.921928998247294339e-05 -8.388248689135231685e-05 -6.985150204991736505e-05 -5.838772024221774971e-05 -4.991013451656471807e-05 -4.400754475175878511e-05 -3.978782304280246713e-05 -3.631480386647282930e-05 -3.293679261970225799e-05 -2.941158351686055974e-05 -2.584091781988945294e-05 -2.249599273471587451e-05 -1.963234273963866642e-05 -1.736901681822526151e-05 -1.565979045131444294e-05 -1.434151745850997932e-05 -1.321865529607557038e-05 -1.214013240316780648e-05 -1.103979412735216002e-05 -9.933374911223302227e-06 -8.884278004373480592e-06 -7.959555986350239014e-06 -7.196110674044086355e-06 -6.588156955008444607e-06 -6.095757018092130802e-06 -5.665907567763213385e-06 -5.254566094521355225e-06 -4.840346684561585806e-06 -4.426115369047992060e-06 -4.030466870376627363e-06 -3.674780903728631110e-06 -3.372112596826874653e-06 -3.122089002640879375e-06 -2.912643662098020833e-06 -2.726426549590684690e-06 -2.548231119797030823e-06 -2.370234468417504099e-06 -2.192768973148601760e-06 -2.023494037533251341e-06 -1.866107400908416330e-06 -1.741119890097322485e-06 -1.623847345043007598e-06 -1.450140838266352484e-06 -1.356812416178091444e-06 -1.256939912413670909e-06 -1.164885792609856925e-06 -1.074145909852829832e-06 -9.971840288730911084e-07 -8.883885062174207147e-07 -1.049929119045441583e-06
-9.078002686128895382e-01 -2.960266228347649964e-01 -2.492180369392174022e-01 -2.183835607789228472e-01 -1.972404076885006796e-01 -1.688379852473227694e-01 -1.327759119454144932e-01 -9.917030322482170424e-02 -9.498546490076600901e-02 -1.743106067151439509e-01 -4.319452378901972867e-01 -1.046997226128845160e+00 -2.249257021856030381e+00 -4.878432961260688927e+00 -8.133466213359833219e+00 -2.353970508449742738e+01 -3.363257739653984668e+00 -2.455241829811249659e+02 7.755049681206885452e+02 -5.800873617503680180e+03 2.432075806508499227e+04 -5.392958217852376038e+03 7.210111029747923794e+02 -1.921394567776541464e+02 6.379326405292313318e+00 -1.265248674478857360e+01 -2.890152535802391842e+00 -1.709967908271418535e+00 -6.254106524771699815e-01 -2.501025841770147529e-01 -8.353324142476882541e-02 -2.730839256474680565e-02 -1.164903798251558723e-02 -9.656986867638953087e-03 -1.008711501822026450e-02 -9.633364586458068035e-03 -8.042189461632711159e-03 -5.963134484001772831e-03 -4.025134017249747294e-03 -2.564955228407075644e-03 -1.641406879962023372e-03 -1.146518047806543029e-03 -9.168128441813675270e-04 -8.077663174130406392e-04 -7.264621650029890127e-04 -6.326665098175488985e-04 -5.232277822766333601e-04 -4.124110382695848811e-04 -3.162249995606284812e-04 -2.439085438758619459e-04 -1.960482090443906478e-04 -1.669859773310542221e-04 -1.487464395408314409e-04 -1.344102908030481820e-04 -1.199058703481662298e-04 -1.041490747886674687e-04 -8.809173680480727813e-05 -7.340539310415753523e-05 -6.140759928274307602e-05 -5.253208998437941551e-05 -4.634463679376938294e-05 -4.191077797415467183e-05 -3.825338305891525691e-05 -3.469502215239818739e-05 -3.098653475500146080e-05 -2.723654392037740834e-05 -2.372818334290281771e-05 -2.072608141175826652e-05 -1.835150044865402496e-05 -1.655380800995473356e-05 -1.516196311248887086e-05 -1.397284234493034514e-05 -1.283074051359608814e-05 -1.166848819112985969e-05 -1.050338805841890245e-05 -9.401182819435360027e-06 -8.430444920002293021e-06 -7.628039424371477661e-06 -6.986792798241118188e-06 -6.464821385944401387e-06 -6.007485362928900931e-06 -5.569935138222330913e-06 -5.130827512194310973e-06 -4.693553521371509185e-06 -4.277223051139066052e-06 -3.903364606912744400e-06 -3.584730140417346497e-06 -3.320362229653099355e-06 -3.097592812434113672e-06 -2.898781987254691877e-06 -2.708428591730323915e-06 -2.520123545122375494e-06 -2.330052306729720932e-06 -2.161641760335528866e-06 -1.995280635076005892e-06 -1.770012021669812774e-06 -1.643492036678107190e-06 -1.522135003303096157e-06 -1.418302475424860522e-06 -1.320707427054943278e-06 -1.224966571513731510e-06 -1.141576387108939665e-06 -1.018009040926754424e-06 -1.198939925565373694e-06
-5.805833550926791098e-01 -1.962632706508190272e-01 -1.755417162423014432e-01 -1.666864995355487045e-01 -1.653842373511636155e-01 -1.583449844585083921e-01 -1.411003598539754822e-01 -1.141020724662948210e-01 -8.703628079260740391e-02 -8.522854687050389344e-02 -1.605280233447336780e-01 -4.051686815530215480e-01 -9.952227390548129549e-01 -2.158413772623001048e+00 -4.727913349309343261e+00 -7.914083636685323775e+00 -2.318767191146562467e+01 -2.982665498008693294e+00 -2.448898358509702007e+02 7.774668981357013990e+02 -5.816265436337967003e+03 2.443159741122881314e+04 -5.426767696980130495e+03 7.257160688420034376e+02 -1.939899153971819601e+02 6.307085061871776865e+00 -1.285122094866902387e+01 -2.957407277392440470e+00 -1.747469829017293863e+00 -6.410994559229846734e-01 -2.566503190813779756e-01 -8.587349655611824228e-02 -2.809653586292223254e-02 -1.199076351195068127e-02 -9.950735938487132240e-03 -1.041077302874844103e-02 -9.957003953688536857e-03 -8.322912714240619791e-03 -6.178108323140651253e-03 -4.174191160939375381e-03 -2.661956762978476450e-03 -1.704402566557395443e-03 -1.191001342290672494e-03 -9.528527213426422112e-04 -8.401080719502193291e-04 -7.561780896992811342e-04 -6.591132738745901238e-04 -5.455518731989866636e-04 -4.303302111895761163e-04 -3.301687198687023412e-04 -2.547723294541190484e-04 -2.048303538589783628e-04 -1.744987513525837828e-04 -1.554842398350806190e-04 -1.405667029529820468e-04 -1.254804969081186542e-04 -1.090743342527004212e-04 -9.232858990905231224e-05 -7.698599413586634267e-05 -6.442969702394512937e-05 -5.512533406058036414e-05 -4.863183044054522353e-05 -4.398100672878599684e-05 -4.015368425032005313e-05 -3.643826537739227434e-05 -3.256784221316645791e-05 -2.864980879150885327e-05 -2.497677984519179275e-05 -2.182571434709916527e-05 -1.932663802989970691e-05 -1.743101392190972996e-05 -1.596361286131363163e-05 -1.471355410321253337e-05 -1.351718610677767296e-05 -1.230182692259400784e-05 -1.108278904193687388e-05 -9.926904676912816285e-06 -8.905483757107004783e-06 -8.058120039262273943e-06 -7.379133672652332645e-06 -6.826441385961547641e-06 -6.343808559784895841e-06 -5.884165248355315566e-06 -5.424176131795796358e-06 -4.966073129540846650e-06 -4.528820790287060291e-06 -4.134597084505667859e-06 -3.797109692604390235e-06 -3.516271171954038023e-06 -3.279432093480152644e-06 -3.070009927652372017e-06 -2.867013315832203044e-06 -2.680357949254396207e-06 -2.480177111377697570e-06 -2.200571991088840085e-06 -2.022393883320991443e-06 -1.853130730796652459e-06 -1.714023890054226488e-06 -1.594391287522172712e-06 -1.488337312281483066e-06 -1.387189638463561154e-06 -1.299797428520294666e-06 -1.163447248802085384e-06 -1.370060946867123316e-06
-4.655666204072874126e-01 -1.459894636607078633e-01 -1.270594011863587780e-01 -1.211668032932114725e-01 -1.265143856761730135e-01 -1.318508188545491344e-01 -1.313659426554367737e-01 -1.208139366081424915e-01 -1.002115997651649992e-01 -7.804759699666620476e-02 -7.799705481580350430e-02 -1.498714429674754267e-01 -3.836074312295456035e-01 -9.525580311439716397e-01 -2.082517033819373253e+00 -4.601124045776905369e+00 -7.727979611903291079e+00 -2.289211672973042155e+01 -2.647469677734867410e+00 -2.444755497307135386e+02 7.797280169338622500e+02 -5.833918204924987549e+03 2.454815441315214048e+04 -5.461168546955784223e+03 7.304917299655483021e+02 -1.958207008856339542e+02 6.242397387406006359e+00 -1.304454497640585053e+01 -3.022352659419118570e+00 -1.783805639879842975e+00 -6.562980306366535954e-01 -2.630020939274245739e-01 -8.814551394121955541e-02 -2.886194790026325174e-02 -1.232252353644636492e-02 -1.023655777675421333e-02 -1.072672137107479225e-02 -1.027378523454721727e-02 -8.598249422114168788e-03 -6.389213622829067324e-03 -4.320557876919998465e-03 -2.757033984873623507e-03 -1.765949333172023121e-03 -1.234377621773660380e-03 -9.880904043853254177e-04 -8.719311060852186776e-04 -7.856041746241080020e-04 -6.854083116933506895e-04 -5.677642728489886359e-04 -4.481074237690329371e-04 -3.439177594470580368e-04 -2.654109694529464629e-04 -2.134024953668372452e-04 -1.818586863352250008e-04 -1.621450187995776039e-04 -1.467116790444927257e-04 -1.310784621620455527e-04 -1.140221651566024108e-04 -9.656210348157250132e-05 -8.053066674995046077e-05 -6.739394138061522127e-05 -5.765865756033420204e-05 -5.087563762037292667e-05 -4.603379459822524186e-05 -4.206016639697278658e-05 -3.820017875187629739e-05 -3.416653569185599767e-05 -3.006897797232630477e-05 -2.621680012834346499e-05 -2.290643739826727119e-05 -2.028075469101324414e-05 -1.829311940624084166e-05 -1.676047195144408697e-05 -1.545922357710493851e-05 -1.421385512690046510e-05 -1.294479065687149199e-05 -1.166669013942854568e-05 -1.045052207250199975e-05 -9.373513645490744173e-06 -8.479918205846316974e-06 -7.765602018753962809e-06 -7.186728426936894395e-06 -6.683225365116399505e-06 -6.203943125178151846e-06 -5.722821595436576197e-06 -5.241481325228292786e-06 -4.780127387285789459e-06 -4.363190138932452422e-06 -4.006022729658881546e-06 -3.710880745396757693e-06 -3.459461341358212275e-06 -3.252505713940497593e-06 -3.039608984034132528e-06 -2.732071134390215548e-06 -2.518741650220582855e-06 -2.299374101819980756e-06 -2.105615528481262741e-06 -1.936612538383819186e-06 -1.793428598318186903e-06 -1.671346406089179420e-06 -1.560924608011599127e-06 -1.469609037480205784e-06 -1.322178898610217488e-06 -1.562743247637729573e-06
-4.808189357197381053e-01 -1.322364733402619508e-01 -1.023416112351185486e-01 -8.862727812999426913e-02 -9.124890239412124238e-02 -9.973915316930892505e-02 -1.086005127564468181e-01 -1.122011118184284700e-01 -1.062345622685622881e-01 -9.013934545389450104e-02 -7.144892659319564132e-02 -7.248449492956077211e-02 -1.413075001336998870e-01 -3.658019330762219967e-01 -9.168597466466708035e-01 -2.018466850682655966e+00 -4.493609768465479881e+00 -7.569327687832543283e+00 -2.264423102293201850e+01 -2.350015253846978069e+00 -2.442570958160692385e+02 7.822749539281256830e+02 -5.853726244413052882e+03 2.467051822129917491e+04 -5.496269792182427409e+03 7.353539960487203189e+02 -1.976405196892343668e+02 6.184680582518304881e+00 -1.323344518120251045e+01 -3.085309627613755268e+00 -1.819139563115021785e+00 -6.710678572374959572e-01 -2.691805053061464004e-01 -9.035655624065234981e-02 -2.960765829474759289e-02 -1.264667363070918864e-02 -1.051669014998911009e-02 -1.103670238606935250e-02 -1.058464375344936141e-02 -8.868371031758973816e-03 -6.596179008880736182e-03 -4.463910727473919399e-03 -2.850088402695068884e-03 -1.826253408529107366e-03 -1.277063031511255350e-03 -1.022972130235472394e-03 -9.035484122149709278e-04 -8.148419045105676417e-04 -7.114641935631176592e-04 -5.896814751941581055e-04 -4.655728427519823832e-04 -3.573938585906248785e-04 -2.758587775920700257e-04 -2.218794432846028666e-04 -1.892008366152560673e-04 -1.688269155067237480e-04 -1.528757960882897338e-04 -1.366662026908496415e-04 -1.189241802440432305e-04 -1.007269297915253591e-04 -8.400601008461036070e-05 -7.030846545080846174e-05 -6.017169530171266644e-05 -5.312551190891635607e-05 -4.810643283469830263e-05 -4.398504717597673442e-05 -3.996789444641030804e-05 -3.575524512918473112e-05 -3.146699263517457103e-05 -2.743351312374221968e-05 -2.397045429125041997e-05 -2.122951160904111144e-05 -1.916055038335402768e-05 -1.756841853874592635e-05 -1.621533398362349558e-05 -1.491538416923311280e-05 -1.358542617214755743e-05 -1.224293067935938690e-05 -1.096510115092590484e-05 -9.835135323436633193e-06 -8.900253326732276534e-06 -8.155427549759868778e-06 -7.553046283150692888e-06 -7.028404013855549403e-06 -6.526867084504249469e-06 -6.021157092915187592e-06 -5.514025469332826368e-06 -5.027667777898811704e-06 -4.590369735485433875e-06 -4.212959589395647387e-06 -3.917751678719160874e-06 -3.654739190895495932e-06 -3.316614694934866748e-06 -3.090589531322715670e-06 -2.849687454215720258e-06 -2.619036964013923611e-06 -2.398662083529398767e-06 -2.198653054439914156e-06 -2.024625443336604678e-06 -1.877568708129113466e-06 -1.750210747001798155e-06 -1.651111613370838483e-06 -1.491854472619847995e-06 -1.774107586929730548e-06
-5.350493826886678628e-01 -1.357910632036126997e-01 -9.343451351471022959e-02 -6.963294628903145267e-02 -6.551185592723808571e-02 -7.096905090906809044e-02 -8.167850074912019753e-02 -9.266057425547039039e-02 -9.875257324573658013e-02 -9.568232447771733706e-02 -8.258725495454237453e-02 -6.629586202648078685e-02 -6.799312969457349531e-02 -1.341823139210848725e-01 -3.508738811941636282e-01 -8.867244990197256094e-01 -1.964057729303265276e+00 -4.402022505548176312e+00 -7.433617510791516558e+00 -2.243705999830860165e+01 -2.084212512477808144e+00 -2.442149316399553243e+02 7.850970221205764119e+02 -5.875605712641518039e+03 2.479877984024266698e+04 -5.532167035750241666e+03 7.403167650696098008e+02 -1.994569462574398813e+02 6.133424342287864484e+00 -1.341878356192477462e+01 -3.146559848535635417e+00 -1.853617574055971717e+00 -6.854660708890262244e-01 -2.752088450396640296e-01 -9.251567227564361229e-02 -3.033759004143187638e-02 -1.296512983188398069e-02 -1.079203074709679869e-02 -1.134096769965256199e-02 -1.088950299163719652e-02 -9.133191492601153150e-03 -6.799131061486570100e-03 -4.604642177985790973e-03 -2.941675177085858496e-03 -1.885853070496751067e-03 -1.319420591323368060e-03 -1.057616383118414535e-03 -9.348688248065484133e-04 -8.436966422578923847e-04 -7.371036666277325277e-04 -6.112276308849805360e-04 -4.827732430102414131e-04 -3.707299414327051021e-04 -2.862683155082650262e-04 -2.303710604261961857e-04 -1.965595706637545184e-04 -1.754934481029743584e-04 -1.589845335518824795e-04 -1.421729665790056978e-04 -1.237450294177809573e-04 -1.048333590732345968e-04 -8.745665330972327955e-05 -7.322827668800249029e-05 -6.270571861065656614e-05 -5.539496182045293887e-05 -5.018484243423977783e-05 -4.589842000568720510e-05 -4.171198692341192553e-05 -3.731817250882946401e-05 -3.284664605249670063e-05 -2.864439899240407312e-05 -2.504034973928315200e-05 -2.219039337344075419e-05 -2.003933058757276434e-05 -1.838158416972914626e-05 -1.696883807913136276e-05 -1.560855577423687766e-05 -1.421628132674447501e-05 -1.281231485387193965e-05 -1.147822547147502479e-05 -1.030052277958485469e-05 -9.327212021942539848e-06 -8.551533537042782990e-06 -7.922771924179324487e-06 -7.373235636764868288e-06 -6.846694199111530362e-06 -6.315449627059875329e-06 -5.785106073522287505e-06 -5.273137553510243885e-06 -4.830933843941374456e-06 -4.436500815856671223e-06 -3.995798565929345613e-06 -3.717751973583180449e-06 -3.453033954347231780e-06 -3.209287148296103969e-06 -2.967991121379173538e-06 -2.730154732211395110e-06 -2.502981335945981810e-06 -2.296160775666928590e-06 -2.116920033943943410e-06 -1.963268005486912012e-06 -1.848559964908321081e-06 -1.672677726869980317e-06 -2.000923361245914115e-06
-5.616418760004319166e-01 -1.399852327631483928e-01 -9.100639455538357681e-02 -6.074760164116836669e-02 -5.037671196946196667e-02 -5.041506280152389247e-02 -5.799293667948229175e-02 -6.974516293793835142e-02 -8.161240298729927067e-02 -8.891928195467120599e-02 -8.757726398838547310e-02 -7.653799059233554192e-02 -6.203296969525834426e-02 -6.422800410452562947e-02 -1.282120495655676984e-01 -3.382961582509287912e-01 -8.611416653404818655e-01 -1.917594405484261300e+00 -4.323732687961856058e+00 -7.317277796641376675e+00 -2.226505210584274863e+01 -1.845185129912414457e+00 -2.443331941033768828e+02 7.881857044920049020e+02 -5.899490393517387020e+03 2.493303276465951421e+04 -5.568945199160377342e+03 7.453923458184857509e+02 -2.012766243575577221e+02 6.088180578378793228e+00 -1.360132276697665077e+01 -3.206357054200696499e+00 -1.887373819018324905e+00 -6.995470046118846819e-01 -2.811095399066544931e-01 -9.463083877427842794e-02 -3.105403338009882219e-02 -1.327813595639297864e-02 -1.106235761668134150e-02 -1.163948188541266346e-02 -1.118872027141287924e-02 -9.393407505891947576e-03 -6.998908596405486494e-03 -4.743500837570195812e-03 -3.032280965923784578e-03 -1.944917377419195289e-03 -1.361363361673141939e-03 -1.091814392314534787e-03 -9.657037883018472404e-04 -8.720947490138712330e-04 -7.623897761370489797e-04 -6.325597320871949964e-04 -4.998845440667564095e-04 -3.840518127071973833e-04 -2.966798652808699550e-04 -2.388383767190363700e-04 -2.038537952123842104e-04 -1.820679477499852119e-04 -1.650004956448613885e-04 -1.476116301292481443e-04 -1.285351105812262930e-04 -1.089427737382111036e-04 -9.092845992422832126e-05 -7.616846078485865355e-05 -6.524543278517239435e-05 -5.765138366778412140e-05 -5.223707055610357045e-05 -4.778336900555314374e-05 -4.343592856322710970e-05 -3.887480598650663535e-05 -3.423289184762575262e-05 -2.986870612609906600e-05 -2.612275379918713056e-05 -2.315700630517929809e-05 -2.091525144073695035e-05 -1.918562950205557154e-05 -1.771173979918560295e-05 -1.629440339059814674e-05 -1.484576774364652903e-05 -1.338603484577035139e-05 -1.199876036419530886e-05 -1.077287614018233577e-05 -9.757938561569019589e-06 -8.947278965971478719e-06 -8.289143339931121036e-06 -7.713716278597482125e-06 -7.165014046012330609e-06 -6.607617071786719801e-06 -6.070836148562274672e-06 -5.536732558233668878e-06 -4.931689434470891175e-06 -4.516545601421548404e-06 -4.152976069213608365e-06 -3.854840367078166240e-06 -3.590366386534622845e-06 -3.339934853837265915e-06 -3.091844654539629628e-06 -2.846223539325180083e-06 -2.611167983248847365e-06 -2.397853275929397124e-06 -2.210472021510561701e-06 -2.070546188701791531e-06 -1.869231261658644387e-06 -2.242595851433438421e-06
-5.329758126957155895e-01 -1.354267865369008228e-01 -8.802302502990644317e-02 -5.717635543229733497e-02 -4.355160761544777520e-02 -3.879659652788392671e-02 -4.136372602844699820e-02 -4.965252457098928013e-02 -6.144194140905952922e-02 -7.337205152067940994e-02 -8.120928553002207395e-02 -8.101103946712923110e-02 -7.154390411205389932e-02 -5.849254657460783990e-02 -6.110887685613926312e-02 -1.232244502253110469e-01 -3.276453837858204210e-01 -8.392886050256881392e-01 -1.877721288532295141e+00 -4.256657032884275438e+00 -7.217477431552130618e+00 -2.212375987900222540e+01 -1.629004866943762453e+00 -2.445989218964419649e+02 7.915342856794673025e+02 -5.925328459299666974e+03 2.507337348283847678e+04 -5.606680673882226074e+03 7.505917759978511867e+02 -2.031054380349845871e+02 6.048549395443061805e+00 -1.378174593734942022e+01 -3.264932036324275089e+00 -1.920530600699329904e+00 -7.133595933518116494e-01 -2.869015596917868782e-01 -9.670766999061389257e-02 -3.175793128587568737e-02 -1.358562486672836717e-02 -1.132794507809713885e-02 -1.193307536998346186e-02 -1.148342623397903030e-02 -9.650089474062789607e-03 -7.196256386595100384e-03 -4.880814803473518433e-03 -3.121889431195157792e-03 -2.003253141191228826e-03 -1.402698632805393555e-03 -1.125492922868008647e-03 -9.961306624189320089e-04 -9.002186543985381175e-04 -7.875262102927490159e-04 -6.538250599027079250e-04 -5.169577277503821641e-04 -3.973210744108330856e-04 -3.070071001524810723e-04 -2.471990452204745302e-04 -2.110439621478707396e-04 -1.885659583263442460e-04 -1.709802978716396730e-04 -1.530506542357053311e-04 -1.333455961141708206e-04 -1.130723581608184447e-04 -9.440516360070927535e-05 -7.909373437571957433e-05 -6.775627636089423154e-05 -5.987669273147619989e-05 -5.426732127885452745e-05 -4.966154572823140126e-05 -4.516724443916879936e-05 -4.044633568976867174e-05 -3.563306893686233142e-05 -3.109953234579148712e-05 -2.720225464539411777e-05 -2.411383438460585265e-05 -2.177974608910490824e-05 -1.998183731732980795e-05 -1.845333895681972912e-05 -1.698521274959259526e-05 -1.548359163603196535e-05 -1.396759793484472248e-05 -1.252361355999356668e-05 -1.124499669259561089e-05 -1.018512437846350175e-05 -9.338375110062355127e-06 -8.653952853296944801e-06 -8.052002437287918778e-06 -7.499336326999913273e-06 -6.919570032631582836e-06 -6.205202501033550099e-06 -5.645028491609271928e-06 -5.118887590340556696e-06 -4.677460479028079143e-06 -4.311336461807112852e-06 -4.005090300918316655e-06 -3.733854514054104557e-06 -3.476010622942782017e-06 -3.219972388199124192e-06 -2.965940396516423125e-06 -2.723521980343719995e-06 -2.500569540448399631e-06 -2.327881285841969768e-06 -2.090526911901519226e-06 -2.503787442268405723e-06
-4.561490952993623171e-01 -1.206338563489897930e-01 -8.125181749045456980e-02 -5.481890432380518569e-02 -4.135585240096695953e-02 -3.399949888818366156e-02 -3.213074147382709300e-02 -3.552536025900940309e-02 -4.368704171022835814e-02 -5.507421130988857799e-02 -6.681174056385720539e-02 -7.495683571554204172e-02 -7.564125769519025599e-02 -6.745021409214271846e-02 -5.559385661949960838e-02 -5.853746306235012992e-02 -1.190227212151181851e-01 -3.185423150550686922e-01 -8.205024283266825202e-01 -1.843379034697653962e+00 -4.199162845966611712e+00 -7.131969302868591321e+00 -2.200958883306859093e+01 -1.432464430144941181e+00 -2.450014499833783930e+02 7.951375669361652854e+02 -5.953079976849052400e+03 2.521990187017371136e+04 -5.645443034748011996e+03 7.559250677747346572e+02 -2.049486483338969265e+02 6.014172271811185411e+00 -1.396066703152180999e+01 -3.322492507822373486e+00 -1.953196993875193632e+00 -7.269464987780243082e-01 -2.926009634021605743e-01 -9.875101021720791850e-02 -3.245069432899115591e-02 -1.388849371743729015e-02 -1.158992823390683248e-02 -1.222298043089108284e-02 -1.177462703928574585e-02 -9.903823626208530309e-03 -7.391350709865242632e-03 -5.016506488753082714e-03 -3.210366557546681654e-03 -2.060817448805026941e-03 -1.443527161561968669e-03 -1.158859912191596061e-03 -1.026379738898262894e-03 -9.282380179527297557e-04 -8.125777857900336101e-04 -6.749899273139952022e-04 -5.339050779574436604e-04 -4.104525252738609265e-04 -3.172100349975721218e-04 -2.554721872601093519e-04 -2.181934028717598135e-04 -1.950633911943638616e-04 -1.769807862502206677e-04 -1.585096773658737420e-04 -1.381595510492804010e-04 -1.171843767323229446e-04 -9.784976176165533250e-05 -8.198498975838936214e-05 -7.024334160843083126e-05 -6.209487771731883447e-05 -5.630586235132531425e-05 -5.155621959810411097e-05 -4.691406356273769969e-05 -4.202537470917062511e-05 -3.703054927853835298e-05 -3.232016698281704124e-05 -2.826971916903388144e-05 -2.506244838789847097e-05 -2.264306805259944420e-05 -2.078365903667724838e-05 -1.920423920997362468e-05 -1.768482546708178592e-05 -1.612642183669461815e-05 -1.454922762121839019e-05 -1.304490972676421192e-05 -1.171230372446761304e-05 -1.061078296729759471e-05 -9.727234765260417339e-06 -9.036191306872015758e-06 -8.411822293775305303e-06 -7.670073863591222435e-06 -7.063783501112791120e-06 -6.433849968883608803e-06 -5.841492189600572020e-06 -5.307639638805016529e-06 -4.852882355175368214e-06 -4.476531630123031543e-06 -4.161339897834911550e-06 -3.881999567506508839e-06 -3.616098947206893812e-06 -3.351603870298353887e-06 -3.089903238366206166e-06 -2.836709328573810022e-06 -2.629647819784368307e-06 -2.347669655455685220e-06 -2.795065299648013816e-06
-3.582438546218905118e-01 -9.964986359111670244e-02 -7.090330032159143647e-02 -5.130235537552164937e-02 -4.039146769834008749e-02 -3.280327592138123499e-02 -2.836612919517136205e-02 -2.759512869113761938e-02 -3.113083733473011316e-02 -3.897753173550714406e-02 -4.997285795958503196e-02 -6.153127250301515527e-02 -6.990337227945750409e-02 -7.127653174643247547e-02 -6.409869321039682322e-02 -5.319629557442026591e-02 -5.637149667026985361e-02 -1.154234938598342475e-01 -3.106956479169887264e-01 -8.042874897179304039e-01 -1.813756090814508948e+00 -4.149960494406603750e+00 -7.058939429116001030e+00 -2.191958999447247436e+01 -1.252905297503672744e+00 -2.455319583124876885e+02 7.989916252557904954e+02 -5.982714974388261908e+03 2.537272151118926195e+04 -5.685296407801520218e+03 7.614014093383273121e+02 -2.068109974151038841e+02 5.984730982152401069e+00 -1.413863788168624502e+01 -3.379224513389951223e+00 -1.985470762623203100e+00 -7.403463673317900451e-01 -2.982230954936038736e-01 -1.007663925226940094e-01 -3.313460194948204124e-02 -1.418807813086008472e-02 -1.184930294784498038e-02 -1.250988428012922253e-02 -1.206268730761499153e-02 -1.015473673380549308e-02 -7.584230451775800762e-03 -5.150659708495199281e-03 -3.297898980940231883e-03 -2.117874617304948102e-03 -1.484115580344177055e-03 -1.192107101620147602e-03 -1.056527260966498008e-03 -9.561232690720471075e-04 -8.374574243288728220e-04 -6.959700437145199250e-04 -5.506903356462643099e-04 -4.234723775301216264e-04 -3.273610911805896885e-04 -2.637424089031630892e-04 -2.253650587009568774e-04 -2.015823333319431113e-04 -1.829842602494676147e-04 -1.639485302080979359e-04 -1.429377370091705613e-04 -1.212590587202511268e-04 -1.012686613451583043e-04 -8.486894801130753189e-05 -7.273993027581980618e-05 -6.433144550113097180e-05 -5.836165288362859507e-05 -5.345948699569975921e-05 -4.865849421731494777e-05 -4.359400091329494189e-05 -3.841566934236425343e-05 -3.353255212954566632e-05 -2.933646031695224447e-05 -2.601756192523707308e-05 -2.351678124199393463e-05 -2.159529111683585053e-05 -1.996085706815798296e-05 -1.838485933476039251e-05 -1.676579546188851385e-05 -1.512605038969872450e-05 -1.356491256408497665e-05 -1.217749343646719986e-05 -1.105548044485070914e-05 -1.013951315458094701e-05 -9.241898676787449520e-06 -8.590725965430945620e-06 -7.943421995567494603e-06 -7.303958285585238837e-06 -6.664537765345182846e-06 -6.053992193477246238e-06 -5.504041019231054476e-06 -5.034980339063380945e-06 -4.646882689486177136e-06 -4.321936987173358517e-06 -4.033977043757965410e-06 -3.759636664404576377e-06 -3.487630498356626450e-06 -3.214538980146519167e-06 -2.979087454309247076e-06 -2.649703545960354373e-06 -3.130571453187012418e-06
-2.691363468873471665e-01 -7.850460709987121255e-02 -5.918077471721117089e-02 -4.605730072631206151e-02 -3.850575796796271155e-02 -3.232257187200759246e-02 -2.735480855817836246e-02 -2.423356913782978919e-02 -2.401817233484163788e-02 -2.761422131587877235e-02 -3.523711557476976591e-02 -4.593053105756118165e-02 -5.731493405412745046e-02 -6.581168349534938233e-02 -6.768404970774379026e-02 -6.129319751226247615e-02 -5.115550337995402458e-02 -5.450412075993846944e-02 -1.123115866821421949e-01 -3.039096511622879637e-01 -7.902745891194661310e-01 -1.788210694887163443e+00 -4.108000285906878268e+00 -6.996892449690289340e+00 -2.185131688777213910e+01 -1.088106062240119742e+00 -2.461831385885520831e+02 8.030936150171577310e+02 -6.014211918164554845e+03 2.553193998312658005e+04 -5.726300566078606607e+03 7.670293326380724466e+02 -2.086967919842361709e+02 5.959944797917498427e+00 -1.431615751455361618e+01 -3.435296965444115447e+00 -2.017441893481722204e+00 -7.535958418057485675e-01 -3.037831671096458130e-01 -1.027594879088735563e-01 -3.381169924186758213e-02 -1.448510728753194324e-02 -1.210636106058454731e-02 -1.279396459812636409e-02 -1.234781191856235485e-02 -1.040312344673433032e-02 -7.775278472281346026e-03 -5.283689118097660391e-03 -3.384850550480370934e-03 -2.174667880960217022e-03 -1.524559719108928204e-03 -1.225207240124837624e-03 -1.086483325458590049e-03 -9.837900668281903457e-04 -8.621349023745032139e-04 -7.168031213258831656e-04 -5.673998039739325738e-04 -4.364777671903180035e-04 -3.375315957116689224e-04 -2.720350989951960535e-04 -2.325404008297015084e-04 -2.080798130614773685e-04 -1.889490307910220450e-04 -1.693469223071403164e-04 -1.476883450546915113e-04 -1.253264796056707830e-04 -1.046987719003605985e-04 -8.777373921278398990e-05 -7.525598940979783555e-05 -6.657795593000902874e-05 -6.041543883958270454e-05 -5.535213482137685579e-05 -5.039034224974481090e-05 -4.515461562321795944e-05 -3.980094441609251520e-05 -3.475280998789924435e-05 -3.041510762758315191e-05 -2.698377010632998930e-05 -2.439703927939846655e-05 -2.240770723648475969e-05 -2.071410780322001686e-05 -1.908013909266564550e-05 -1.740425687489118158e-05 -1.570108126163029586e-05 -1.410587321281548578e-05 -1.266827321064270268e-05 -1.131004442031738654e-05 -1.035696501103142866e-05 -9.559041054086731446e-06 -8.873842376700328581e-06 -8.219350485321277357e-06 -7.561855895590843772e-06 -6.903838751098982087e-06 -6.274001599971953328e-06 -5.706233766533897129e-06 -5.221915326755721779e-06 -4.821376455543905210e-06 -4.486291217271637902e-06 -4.189409821411746968e-06 -3.907785977199315686e-06 -3.624181794500488251e-06 -3.371649289280217141e-06 -2.999421475514794548e-06 -3.523095029602150914e-06
-2.087122041329575739e-01 -6.212059861944599359e-02 -4.862275028320114933e-02 -3.976325579655756726e-02 -3.500745361137819894e-02 -3.081366151982885618e-02 -2.677236437770617178e-02 -2.319175025923546699e-02 -2.096292590033032449e-02 -2.121006777167898025e-02 -2.489610091568727340e-02 -3.233741742893379845e-02 -4.273479432662964650e-02 -5.389754719894884055e-02 -6.241814575447860586e-02 -6.464852415437766231e-02 -5.888956405968784336e-02 -4.939246692984499559e-02 -5.288973058337614191e-02 -1.096236594392133029e-01 -2.980393714442202691e-01 -7.781632482735978407e-01 -1.766210608458799403e+00 -4.072410630210653082e+00 -6.944586686210508120e+00 -2.180273404076995192e+01 -9.362052525494539701e-01 -2.469489330186879670e+02 8.074416167248456304e+02 -6.047556495283710319e+03 2.569766911261082350e+04 -5.768511819969326098e+03 7.728168478842134164e+02 -2.106099757931350211e+02 5.939564310347241083e+00 -1.449368206686648897e+01 -3.490865571928119415e+00 -2.049194153563317577e+00 -7.667292852069507170e-01 -3.092951617148834154e-01 -1.047349918216748527e-01 -3.448318872211358910e-02 -1.477975118831244446e-02 -1.236122631801577464e-02 -1.307558209841806242e-02 -1.263057445701359222e-02 -1.064962976765608700e-02 -7.965061382588716626e-03 -5.415978643754817794e-03 -3.471393690950620638e-03 -2.231199078562198530e-03 -1.564773635800719353e-03 -1.258073854417220963e-03 -1.116220734120731235e-03 -1.011287410179409789e-03 -8.867133476198268234e-04 -7.376034941353393952e-04 -5.841178201388694605e-04 -4.495007591674146175e-04 -3.477039553601354448e-04 -2.803049583390629373e-04 -2.396751109424530984e-04 -2.145347856599957772e-04 -1.948851310354013085e-04 -1.747386929770733139e-04 -1.524525079013077592e-04 -1.294179997925099012e-04 -1.081514617279943279e-04 -9.069058834371294183e-05 -7.777091832362021350e-05 -6.881383718404594416e-05 -6.245644615651498488e-05 -5.723705206625302988e-05 -5.212343495934088587e-05 -4.672490187168296794e-05 -4.120021161487712956e-05 -3.598602604573670458e-05 -3.150158147628377827e-05 -2.795138568640266307e-05 -2.527410374420059350e-05 -2.321541177257089897e-05 -2.146683533861058041e-05 -1.977402676430234672e-05 -1.806585737730718579e-05 -1.630421887269273780e-05 -1.444252880206291536e-05 -1.294969123262897219e-05 -1.168550862181833548e-05 -1.068741119413078877e-05 -9.879333693946608174e-06 -9.176463531556945438e-06 -8.504941127180073581e-06 -7.828219984003144540e-06 -7.149719840679265680e-06 -6.499497604778194133e-06 -5.913077182415284797e-06 -5.412921567325617543e-06 -4.999632121195162645e-06 -4.654163398027439472e-06 -4.349737851123725492e-06 -4.056306762937934184e-06 -3.797062403394553158e-06 -3.391540881364162347e-06 -3.978517252636589740e-06
-1.817669831482348897e-01 -5.260866915076956724e-02 -4.090242022623303414e-02 -3.357387480084250697e-02 -3.032849611208169108e-02 -2.782010186866747115e-02 -2.529587671792174128e-02 -2.256233047255510119e-02 -2.001693743879131085e-02 -1.850499636850700541e-02 -1.911559861463695692e-02 -2.282959370069371358e-02 -3.005061917372336966e-02 -4.012548968519990406e-02 -5.103736035910059338e-02 -5.953363685377277559e-02 -6.204569844649166638e-02 -5.682113797143666795e-02 -4.787685527996190377e-02 -5.150392389570231100e-02 -1.073041939779570131e-01 -2.929547313060665292e-01 -7.676960756254855855e-01 -1.747312063963940121e+00 -4.042470911528379673e+00 -6.900993842908390796e+00 -2.177214515426603469e+01 -7.956337384244237532e-01 -2.478243191458202546e+02 8.120345219466107665e+02 -6.082740639408766583e+03 2.587002520598110641e+04 -5.811983752987209300e+03 7.787715498168101931e+02 -2.125541920575874144e+02 5.923366072474907540e+00 -1.467163153331991765e+01 -3.546073975669613354e+00 -2.080804672650927500e+00 -7.797778546529272603e-01 -3.147712867913742274e-01 -1.066967189721194920e-01 -3.515003316158677588e-02 -1.507238389324499529e-02 -1.261443253504657656e-02 -1.335547852507174525e-02 -1.291173885302865539e-02 -1.089485591597566701e-02 -8.153926856734744488e-03 -5.547642677666123068e-03 -3.557499956161191881e-03 -2.287405114681914306e-03 -1.604740204570654152e-03 -1.290766055282794016e-03 -1.145857254264360560e-03 -1.038746954633142398e-03 -9.112928363142244314e-04 -7.584139977677536093e-04 -6.008317136650690110e-04 -4.624966549658935441e-04 -3.578328544625262184e-04 -2.885308158815301461e-04 -2.467811879836367484e-04 -2.209849056371141537e-04 -2.008381224569503456e-04 -1.801588136977570471e-04 -1.572434697679757386e-04 -1.335249154338800307e-04 -1.116050668289421871e-04 -9.359772071068895541e-05 -8.027343658450407198e-05 -7.104251575444388820e-05 -6.449988101457327326e-05 -5.913357625905640087e-05 -5.387292192848796001e-05 -4.831052706161717954e-05 -4.260921896229322099e-05 -3.722188066280241603e-05 -3.258549882237709498e-05 -2.891459865214791893e-05 -2.615114351136452252e-05 -2.402213419839958325e-05 -2.224499875731212665e-05 -2.049874913106270030e-05 -1.850831151360378461e-05 -1.668284646465538471e-05 -1.491036461492387341e-05 -1.335360832077879263e-05 -1.206484836100736461e-05 -1.103929194584802760e-05 -1.021039705422399639e-05 -9.488562589105116590e-06 -8.797981890407311501e-06 -8.100848164765233518e-06 -7.400921210897003036e-06 -6.729610487127802389e-06 -6.124023172917910897e-06 -5.607774702425319639e-06 -5.181526718465239626e-06 -4.827284566740503788e-06 -4.510267198002187522e-06 -4.245631930006960123e-06 -3.815092027128018964e-06 -4.492608095319551032e-06
-1.800566489251590185e-01 -4.917233058528234363e-02 -3.635962524585689692e-02 -2.846349356385986448e-02 -2.543007497670846107e-02 -2.383623099859617095e-02 -2.265983514213022743e-02 -2.126333347249917752e-02 -1.950415158415591543e-02 -1.772199967175267302e-02 -1.670670701420419110e-02 -1.752374992477688173e-02 -2.117962147382149163e-02 -2.815614976787919263e-02 -3.792152907959171065e-02 -4.860064270086154881e-02 -5.706711595057997743e-02 -5.981663300453790577e-02 -5.504930878595745009e-02 -4.657861438847581137e-02 -5.031137605678219493e-02 -1.052928390361220212e-01 -2.885410002711807365e-01 -7.586613362201192201e-01 -1.731153798359144291e+00 -4.017588996495648601e+00 -6.865258968541660067e+00 -2.175812679581925835e+01 -6.650547302688301077e-01 -2.488051368334522806e+02 8.168719377786695759e+02 -6.119761752624614019e+03 2.604912925877848465e+04 -5.856767834167560977e+03 7.849007055995189148e+02 -2.145328337691551894e+02 5.911150440141001994e+00 -1.485039356344801398e+01 -3.601053988126615479e+00 -2.112344034413756511e+00 -7.927698768212827485e-01 -3.202227438992988895e-01 -1.086484740785677444e-01 -3.581359446463351637e-02 -1.536379659611984173e-02 -1.286672399139403983e-02 -1.363434029198429091e-02 -1.319182003041033391e-02 -1.113909814619020062e-02 -8.341996477461548556e-03 -5.678721020149972258e-03 -3.643214295249952613e-03 -2.343380814037992772e-03 -1.644599544508269697e-03 -1.323432091251318171e-03 -1.175506417341055368e-03 -1.066221872561301650e-03 -9.358676410518484892e-04 -7.791940845364559408e-04 -6.174989541027945620e-04 -4.754472132704126589e-04 -3.679342049067049845e-04 -2.967550820983442367e-04 -2.539089115162102852e-04 -2.274687765891124998e-04 -2.068231514281935199e-04 -1.855988067076018227e-04 -1.620387889233132971e-04 -1.376246025411459201e-04 -1.150481473078150484e-04 -9.649938629238146337e-05 -8.278033112138557679e-05 -7.328510503069667840e-05 -6.656226627585571189e-05 -6.104798277613832894e-05 -5.563439415568051616e-05 -4.990056130712874726e-05 -4.401697745817706789e-05 -3.845430334754968370e-05 -3.367042521196093901e-05 -2.987755495855567089e-05 -2.705614564912094098e-05 -2.486256486737648276e-05 -2.278828653328134385e-05 -2.098299734422098687e-05 -1.909301967278416212e-05 -1.719429870256804275e-05 -1.538311343601914144e-05 -1.378121947438062399e-05 -1.245626086857697131e-05 -1.140176709830477825e-05 -1.054983169037173540e-05 -9.807752204379698805e-06 -9.097101073060380406e-06 -8.378776872297261235e-06 -7.656809417146720367e-06 -6.963949091728354979e-06 -6.338980261937330123e-06 -5.806451543786681316e-06 -5.369096791984406320e-06 -5.000418770075882846e-06 -4.716651679785996423e-06 -4.260093175192343820e-06 -5.052793109471892668e-06
-1.888345872944466319e-01 -4.916000737339604187e-02 -3.421143448431035461e-02 -2.487269252118074619e-02 -2.123433036098021712e-02 -1.976150399235158950e-02 -1.933223692316181352e-02 -1.906921660743210109e-02 -1.844792360572881929e-02 -1.732684552468221131e-02 -1.602418115486290220e-02 -1.530377237436537918e-02 -1.621832977824025357e-02 -1.978860284169657591e-02 -2.654705477008957940e-02 -3.604881976065429233e-02 -4.652854243540764656e-02 -5.496407136359007795e-02 -5.790848913035298584e-02 -5.352552477372429784e-02 -4.545585839578588500e-02 -4.927317287546762598e-02 -1.035394182079506509e-01 -2.847099443314733414e-01 -7.508924632689818468e-01 -1.717442087661472216e+00 -3.997272133298941821e+00 -6.836661309595871927e+00 -2.175947413626212068e+01 -5.433193147701858017e-01 -2.498879550588808627e+02 8.219541042408761768e+02 -6.158622079935627880e+03 2.623510715516857090e+04 -5.902913928143243538e+03 7.912113308945182553e+02 -2.165490838611559070e+02 5.902740492579919618e+00 -1.503032720066710226e+01 -3.655927093141930762e+00 -2.143877724483084890e+00 -8.057320349037940810e-01 -3.256605159151176876e-01 -1.105943079611726859e-01 -3.647541671528459206e-02 -1.565471811565640955e-02 -1.311857511681554893e-02 -1.391251892293483144e-02 -1.347107956209996071e-02 -1.138256425987064710e-02 -8.529466087019646134e-03 -5.809421507721905693e-03 -3.728750239056841023e-03 -2.399316270212584375e-03 -1.684486023349019129e-03 -1.356134211270816972e-03 -1.205166516228903511e-03 -1.093674811301240156e-03 -9.603998053497503394e-04 -7.999320766438746755e-04 -6.341434313162142879e-04 -4.884029571283344650e-04 -3.780651179802112325e-04 -3.050209043014445753e-04 -2.610754330846861045e-04 -2.339779268070274585e-04 -2.128168381832550114e-04 -1.910352888816860587e-04 -1.668272122776115658e-04 -1.417226241518344603e-04 -1.184995561305457674e-04 -9.941884050253137325e-05 -8.530969720342966600e-05 -7.554853936043042547e-05 -6.863900048781991286e-05 -6.296868111997103656e-05 -5.739624551008170353e-05 -5.148872093196620319e-05 -4.542755427878698230e-05 -3.968795725773345643e-05 -3.478654972576763506e-05 -3.087758098653394336e-05 -2.770971472973880116e-05 -2.544560366626935426e-05 -2.348554950204510965e-05 -2.161108692314725558e-05 -1.968393641969957530e-05 -1.773211476204603963e-05 -1.586960104412767290e-05 -1.422083707620023149e-05 -1.285715672829200535e-05 -1.177225863412728492e-05 -1.089615305244499079e-05 -1.013298326606608919e-05 -9.401590595759331780e-06 -8.661540505325862754e-06 -7.917121580252779948e-06 -7.202537760571951203e-06 -6.558013544610505498e-06 -6.011304643627536591e-06 -5.556485455254800578e-06 -5.224916195836684036e-06 -4.726213521921698036e-06 -5.645562934081572032e-06
-1.941373932151736481e-01 -4.955795350635541080e-02 -3.314765650716352402e-02 -2.267808533868515691e-02 -1.826085707247269985e-02 -1.639829009112312580e-02 -1.605004883224609227e-02 -1.634139261242304950e-02 -1.661160462832176471e-02 -1.642135237353652133e-02 -1.566383676209048836e-02 -1.465294968907903013e-02 -1.412652061832207935e-02 -1.510916413820097455e-02 -1.861203681022477463e-02 -2.519225749959122865e-02 -3.446855438329160526e-02 -4.476762148213744158e-02 -5.316136161867818233e-02 -5.625935132694447061e-02 -5.219934177743381504e-02 -4.447360836501298986e-02 -4.836413971624926172e-02 -1.020120526323377158e-01 -2.813962548936504438e-01 -7.442543229755813616e-01 -1.705930183328097982e+00 -3.981101900032342211e+00 -6.814586841392501704e+00 -2.177516396332177706e+01 -4.294367093718038375e-01 -2.510699675545398577e+02 8.272818269587033910e+02 -6.199328200078860391e+03 2.642808986428604840e+04 -5.950470723127644305e+03 7.977102548096370356e+02 -2.186059497464462709e+02 5.897979638205525177e+00 -1.521176758616927316e+01 -3.710806687814090399e+00 -2.175467508045919818e+00 -8.186898450301682839e-01 -3.310952034149063361e-01 -1.125380149034768268e-01 -3.713670681711874616e-02 -1.594551191631302448e-02 -1.337018823732052768e-02 -1.419026845370936936e-02 -1.374985439800138765e-02 -1.162563798102446075e-02 -8.716708624201497876e-03 -5.940050909844945583e-03 -3.814312174630577184e-03 -2.455306713919024574e-03 -1.724408431943573114e-03 -1.388836497791809139e-03 -1.234801115823036055e-03 -1.121099857666634295e-03 -9.849232852978031388e-04 -8.206905200387104495e-04 -6.508332804256282151e-04 -5.014148687408885195e-04 -3.882466520960243367e-04 -3.133204721498101500e-04 -2.682563435434434499e-04 -2.404879261024087664e-04 -2.188080168063617997e-04 -1.964753645666246560e-04 -1.716301465389008681e-04 -1.458449500314414906e-04 -1.219794443737911606e-04 -1.023639711006912840e-04 -8.785684079157338872e-05 -7.782053879523470261e-05 -7.071779608850847657e-05 -6.488914859476111081e-05 -5.916310161525404878e-05 -5.308028168967486143e-05 -4.687355389002022444e-05 -4.096303754053873248e-05 -3.563431810694310146e-05 -3.160264912017859512e-05 -2.852978808695704916e-05 -2.618413481327508806e-05 -2.419037900285415601e-05 -2.226845259630610998e-05 -2.029056695688045788e-05 -1.828372921177731720e-05 -1.636705666648297617e-05 -1.466969727384249378e-05 -1.326594343277796113e-05 -1.214963615270581684e-05 -1.124858949072977390e-05 -1.046372702898187601e-05 -9.711119225014137657e-06 -8.948983151347928705e-06 -8.181986670757241423e-06 -7.445521830664669193e-06 -6.783799222193605574e-06 -6.215797227020909067e-06 -5.801083113552325911e-06 -5.229233150217720527e-06 -6.267265793726046165e-06
-1.878944215136917062e-01 -4.823655740104051959e-02 -3.197015467587016602e-02 -2.138808868657197243e-02 -1.652872412478692196e-02 -1.414974678663894099e-02 -1.342067662248263432e-02 -1.365439830452897310e-02 -1.427880358909667732e-02 -1.478537721916217164e-02 -1.481726701033374109e-02 -1.429065023735511843e-02 -1.349924704257402137e-02 -1.313744639762060018e-02 -1.418645127416887607e-02 -1.763583066991511808e-02 -2.405793292921516377e-02 -3.312676548776618407e-02 -4.325309244189454866e-02 -5.159604395215747208e-02 -5.481867672198634939e-02 -5.103756745403647405e-02 -4.361385771996337257e-02 -4.757206334844592266e-02 -1.006881713873874346e-01 -2.785446717497730984e-01 -7.386299414399070118e-01 -1.696405947952657867e+00 -3.968721228895484732e+00 -6.798512764748696036e+00 -2.180432856610867631e+01 -3.225504689564798744e-01 -2.523489056143318123e+02 8.328564254726850322e+02 -6.241890609117481290e+03 2.662821363402370480e+04 -5.999486095850620586e+03 8.044041734904558325e+02 -2.207062943667588399e+02 5.896728506894803878e+00 -1.539503013683313881e+01 -3.765799412772413479e+00 -2.207171696895519286e+00 -8.316672807794225353e-01 -3.365365269757463196e-01 -1.144828257354995882e-01 -3.779833956506369746e-02 -1.623643702216104323e-02 -1.362185201834324906e-02 -1.446803280485229118e-02 -1.402866799075892963e-02 -1.186880319774282107e-02 -8.904080879801415729e-03 -6.070808940569659938e-03 -3.899966220480354830e-03 -2.511340321270472391e-03 -1.764337995736166200e-03 -1.421537268503509635e-03 -1.264451620215000871e-03 -1.148571143839247077e-03 -1.009519463805400724e-03 -8.415320310730925370e-04 -6.675973844989132027e-04 -5.144787840078708478e-04 -3.984550506996695392e-04 -3.216288927827102456e-04 -2.754405428354182771e-04 -2.470072814590858440e-04 -2.248206956614430616e-04 -2.019480280253115349e-04 -1.764702784912681283e-04 -1.500009145718251332e-04 -1.254834039414991372e-04 -1.053220211350421677e-04 -9.040886510317435105e-05 -8.009434039817157338e-05 -7.280384461231384561e-05 -6.681529683189162973e-05 -6.097015204569817610e-05 -5.471854163041465238e-05 -4.803414975245544604e-05 -4.194543324032339656e-05 -3.666254040573042108e-05 -3.249592850715027570e-05 -2.935898092275405379e-05 -2.695500224710670461e-05 -2.491299568059358857e-05 -2.294160445228028778e-05 -2.090996346779413516e-05 -1.884620266181926752e-05 -1.687379567862190674e-05 -1.512660315189914521e-05 -1.368179839137786120e-05 -1.253332461157418452e-05 -1.160675515603110299e-05 -1.079976215336241719e-05 -1.002562372239500922e-05 -9.241331031684938319e-06 -8.451626388564667007e-06 -7.695912486611534132e-06 -7.009081871994179866e-06 -6.483662640834846121e-06 -5.800996734547340232e-06 -6.933375999005919327e-06
-1.695204976743863723e-01 -4.453117156045730690e-02 -3.001781922463708785e-02 -2.042113542859150255e-02 -1.567507341436910617e-02 -1.296303855537688128e-02 -1.170544643224099256e-02 -1.148137395159317189e-02 -1.193774769662519532e-02 -1.267948534485842209e-02 -1.330143645477986289e-02 -1.348870702921488827e-02 -1.315274170211421824e-02 -1.255141858582824177e-02 -1.233069731587109995e-02 -1.343005163735614196e-02 -1.682079651866032546e-02 -2.309119071454169766e-02 -3.196636964028661682e-02 -4.193267555677612779e-02 -5.022653733961251338e-02 -5.355765167074098831e-02 -5.002272787208671828e-02 -4.286601757044714717e-02 -4.688574064921580825e-02 -9.954469552205438831e-02 -2.761041460513941059e-01 -7.339176249007078878e-01 -1.688689041778696609e+00 -3.959827892163598761e+00 -6.787995146603213570e+00 -2.184623199486437173e+01 -2.219156705658121287e-01 -2.537229640704944416e+02 8.386796920401545776e+02 -6.286323382152452723e+03 2.683562018188529692e+04 -6.050007426819426655e+03 8.112996949341347772e+02 -2.228528629286632565e+02 5.898862928729293742e+00 -1.558041314019392054e+01 -3.821005449242394825e+00 -2.239045001067316409e+00 -8.446865964307274099e-01 -3.419933971930101402e-01 -1.164317134544820415e-01 -3.846125271804035767e-02 -1.652795993433436861e-02 -1.387406051402900915e-02 -1.474636230783856090e-02 -1.430802034995503486e-02 -1.211242123070669155e-02 -9.091784760920982797e-03 -6.201776355677843071e-03 -3.985736487208185394e-03 -2.567441900707116698e-03 -1.804329990170043746e-03 -1.454321147666085912e-03 -1.294210289626403654e-03 -1.176162424929437901e-03 -1.034226979563213382e-03 -8.624595275244942381e-04 -6.844162806172758096e-04 -5.275722284443918990e-04 -4.086810263774237769e-04 -3.299568214343005269e-04 -2.826547818240032371e-04 -2.535679616580559280e-04 -2.308801333790568618e-04 -2.074642800935518451e-04 -1.813438489110218697e-04 -1.541776875296353537e-04 -1.289982790483781957e-04 -1.082862323018458635e-04 -9.297167909333049350e-05 -8.237654405373284977e-05 -7.493504766268435971e-05 -6.879369563004041749e-05 -6.247405532963242153e-05 -5.604606399078163894e-05 -4.939095031620130758e-05 -4.311047228242747978e-05 -3.770225571059974116e-05 -3.342518853963673562e-05 -3.020827569523889858e-05 -2.774373118124117606e-05 -2.565026042966281366e-05 -2.362742284984757030e-05 -2.154036007745895249e-05 -1.941829130861030703e-05 -1.738896758128140373e-05 -1.559095571799295013e-05 -1.410430703551337651e-05 -1.292305655817977020e-05 -1.197052342173613191e-05 -1.114110871625121198e-05 -1.034542431609841992e-05 -9.538883395364325244e-06 -8.729411842839253146e-06 -7.945702413483542493e-06 -7.304382800877403495e-06 -6.480763987720796003e-06 -7.680610915235033527e-06
-1.441968832941094847e-01 -3.911326092003173521e-02 -2.726688103988514356e-02 -1.933913941601499500e-02 -1.518396060394512810e-02 -1.246338981653470623e-02 -1.080567032060725761e-02 -1.002643954880974748e-02 -1.000866863898150667e-02 -1.055657912994795340e-02 -1.136956440413748083e-02 -1.208947411556204367e-02 -1.241295265506866391e-02 -1.223636347942897405e-02 -1.178548196334914047e-02 -1.166838744072895735e-02 -1.279341898736461799e-02 -1.611943805280990905e-02 -2.224945892697068051e-02 -3.095218123397760340e-02 -4.077821206164779916e-02 -4.903011823301799132e-02 -5.245755375931365067e-02 -4.913922636361648527e-02 -4.221649471929340286e-02 -4.629050295329055487e-02 -9.855879560961723629e-02 -2.740309344171311112e-01 -7.300328138491937180e-01 -1.682628642476392988e+00 -3.954166257671184237e+00 -6.782654992493646340e+00 -2.190024774697006293e+01 -1.268792205219304581e-01 -2.551907412791867955e+02 8.447538560875501616e+02 -6.332643899892494119e+03 2.705045688565831369e+04 -6.102081873728212486e+03 8.184033785000317494e+02 -2.250483048409780622e+02 5.904273111240645022e+00 -1.576819959754615574e+01 -3.876518950924887186e+00 -2.271138955374073287e+00 -8.577687999234259175e-01 -3.474744000098420882e-01 -1.183877487711253729e-01 -3.912657851178555357e-02 -1.682066247431586448e-02 -1.412728427500009598e-02 -1.502567249462348833e-02 -1.458823905047081614e-02 -1.235671959649049627e-02 -9.279972795252217424e-03 -6.333071030248686381e-03 -4.071736541337552320e-03 -2.623728719796825527e-03 -1.844494072309705223e-03 -1.487271913813554636e-03 -1.324122924898271745e-03 -1.203882871546109890e-03 -1.059032301612371045e-03 -8.834562486130337171e-04 -7.012861690544058575e-04 -5.407110348065853828e-04 -4.189559835827506634e-04 -3.383400428017564049e-04 -2.899270227154835105e-04 -2.601824882622181699e-04 -2.369831277379337467e-04 -2.130113364359844698e-04 -1.862377714969961837e-04 -1.583689519788181893e-04 -1.325311320669802042e-04 -1.112641975135996841e-04 -9.558617763632809431e-05 -8.471719966583931823e-05 -7.674417301029810021e-05 -7.044217970577242624e-05 -6.419120414598358793e-05 -5.757231079471982485e-05 -5.076280925272509968e-05 -4.431638811583210309e-05 -3.876530950984272849e-05 -3.437493886164906905e-05 -3.107433538671208978e-05 -2.854700534002873550e-05 -2.640031772621970470e-05 -2.432462084389092145e-05 -2.218089511602302507e-05 -1.999939831052501761e-05 -1.791215944408978131e-05 -1.606247785057209946e-05 -1.453330732707913262e-05 -1.331879194422410360e-05 -1.233999332611496031e-05 -1.148818260380216145e-05 -1.067090422930775901e-05 -9.845418490398955642e-06 -9.006529068411581849e-06 -8.272997454582447496e-06 -7.299992446824580970e-06 -8.558410762062572814e-06
-1.193392687384654538e-01 -3.336694963054378377e-02 -2.415592105118509816e-02 -1.796095527671377409e-02 -1.461175657932777677e-02 -1.217508561268891391e-02 -1.039291175705237338e-02 -9.215901120472267880e-03 -8.690985558651867851e-03 -8.809693167369559569e-03 -9.441991724709504485e-03 -1.032718872638890145e-02 -1.113009188642261754e-02 -1.155524033535844895e-02 -1.149223185453102439e-02 -1.114734627198328380e-02 -1.110189363523641191e-02 -1.223925578460705738e-02 -1.550595419489303288e-02 -2.151447874969440385e-02 -3.006826940239355761e-02 -3.977228009685566251e-02 -4.798686792954399288e-02 -5.149760386233612902e-02 -4.836820610176671004e-02 -4.165008211622295980e-02 -4.577325854897713875e-02 -9.771300200840281336e-02 -2.722909064732307871e-01 -7.269061313245096523e-01 -1.678097187419035130e+00 -3.951517271062354286e+00 -6.782165737851233445e+00 -2.196584143599880434e+01 -3.686582374717993493e-02 -2.567511917636657586e+02 8.510815538784473802e+02 -6.380872626628040052e+03 2.727287697767596910e+04 -6.155756609473566641e+03 8.257217704230303070e+02 -2.272951923083848840e+02 5.912862727201676272e+00 -1.595865944226275346e+01 -3.932429108548321839e+00 -2.303502754404622266e+00 -8.709341608843598204e-01 -3.529879866785100018e-01 -1.203540138409510130e-01 -3.979539786714374194e-02 -1.711498040533335208e-02 -1.438180953727447031e-02 -1.530623322581214397e-02 -1.486959476542389774e-02 -1.260196169515694249e-02 -9.468890470981509641e-03 -6.464908025403441616e-03 -4.158136967528586539e-03 -2.680316184283759121e-03 -1.884889328832409705e-03 -1.520403553084215395e-03 -1.354179102860194380e-03 -1.231720510323190991e-03 -1.083938798974039492e-03 -9.045466345606119514e-04 -7.182469280098136011e-04 -5.539379139052087861e-04 -4.293124811380256869e-04 -3.467933389554295589e-04 -2.972546183170932696e-04 -2.668378704117662292e-04 -2.431165305936184478e-04 -2.185834715041762289e-04 -1.911606783146529336e-04 -1.625837932104039880e-04 -1.361264265936169620e-04 -1.143099202569140404e-04 -9.785992218519575946e-05 -8.670795109749227577e-05 -7.878445502735297869e-05 -7.230636178852805913e-05 -6.592755600952439940e-05 -5.914547241424002785e-05 -5.216257068612780275e-05 -4.554669544402004637e-05 -3.984821304005771068e-05 -3.534168344899212211e-05 -3.195521453744273052e-05 -2.936348649709532826e-05 -2.716229112207978007e-05 -2.503261222722915908e-05 -2.283117971843226670e-05 -2.058927013704647918e-05 -1.844321905565600930e-05 -1.654110728100416524e-05 -1.496884383643213411e-05 -1.372070947321199852e-05 -1.271568331573826440e-05 -1.184146133616656519e-05 -1.100632056407949535e-05 -1.015121036613743958e-05 -9.369948809644248374e-06 -8.266956826747016659e-06 -9.611099103463379543e-06
-1.010156280577895194e-01 -2.863643181757637851e-02 -2.127213689125607293e-02 -1.634890389320951473e-02 -1.372683326690025962e-02 -1.172357901093143417e-02 -1.009242817226905370e-02 -8.799724798217814850e-03 -7.944512265314479516e-03 -7.628125056771072575e-03 -7.874663460228673376e-03 -8.581127873983787277e-03 -9.514121699135505081e-03 -1.036302894707337961e-02 -1.084815182405428347e-02 -1.086094980897630430e-02 -1.059460926972990123e-02 -1.060679921835144986e-02 -1.175592984180075934e-02 -1.497364489124949904e-02 -2.087751314728022306e-02 -2.930009033645939939e-02 -3.889459070078075953e-02 -4.707378382978363862e-02 -5.065631264706325215e-02 -4.769310361350020261e-02 -4.115601870562905773e-02 -4.532622543120384817e-02 -9.699538216472690377e-02 -2.708564389054821664e-01 -7.244780819075569145e-01 -1.674983991836844321e+00 -3.951691316487541350e+00 -6.786245367406953832e+00 -2.204255894482375666e+01 4.863211834930057653e-02 -2.584035871431042892e+02 8.576658047230547481e+02 -6.431032929203695858e+03 2.750303974408520298e+04 -6.211079031984185349e+03 8.332614348820171699e+02 -2.295960372416938924e+02 5.924547371001750662e+00 -1.615205198443336343e+01 -3.988821184181441826e+00 -2.336183728334071397e+00 -8.842022243196135944e-01 -3.585422499808821883e-01 -1.223333329691592003e-01 -4.046857016194676387e-02 -1.741119280470380601e-02 -1.463786385353626693e-02 -1.558835264940515615e-02 -1.515245531070287879e-02 -1.284851164938398231e-02 -9.658841082460532801e-03 -6.597497783427115625e-03 -4.245052363245343553e-03 -2.737243886369070903e-03 -1.925514180987427867e-03 -1.553707370919057279e-03 -1.384386658449805350e-03 -1.259707655595157039e-03 -1.108996666624524141e-03 -9.257838180089741518e-04 -7.353394869344251827e-04 -5.672728912996857081e-04 -4.397501703041704338e-04 -3.553041394917869620e-04 -3.046243175663654866e-04 -2.735287550390442407e-04 -2.492905034482414224e-04 -2.241914755668736369e-04 -1.961611632099763847e-04 -1.668808463550604997e-04 -1.393653942363342159e-04 -1.169875513954011365e-04 -1.003853296898674021e-04 -8.893273799000263997e-05 -8.084814354247606464e-05 -7.422376468625426990e-05 -6.769703313415076351e-05 -6.074807275210175551e-05 -5.358667129887319740e-05 -4.679779048838647197e-05 -4.094898485729130230e-05 -3.632405909059436948e-05 -3.285002655035413146e-05 -3.019259485198988214e-05 -2.793581605306092025e-05 -2.575118073626408077e-05 -2.349110093427812630e-05 -2.118787126750935405e-05 -1.898218250739408408e-05 -1.702697575202324673e-05 -1.541118002635776226e-05 -1.412944140744927278e-05 -1.309817660216024746e-05 -1.220576968839126510e-05 -1.134086319283206885e-05 -1.055382104050620103e-05 -9.359832830141699743e-06 -1.085769890237974422e-05
-9.171471381754786600e-02 -2.566786412153487101e-02 -1.905795947704913562e-02 -1.470730290141291849e-02 -1.253540661309967760e-02 -1.094732410381608033e-02 -9.635608652747779806e-03 -8.491890707604634811e-03 -7.567537746631220440e-03 -6.977183802554826064e-03 -6.830678097980072590e-03 -7.167214561250516425e-03 -7.909098397034264663e-03 -8.853664541004035646e-03 -9.718256337371689382e-03 -1.024031627034565489e-02 -1.031277861016045676e-02 -1.011473048561600460e-02 -1.017957081756240556e-02 -1.134074120762535408e-02 -1.451510702023117716e-02 -2.032454928835887922e-02 -2.862831105804874640e-02 -3.812369397341494603e-02 -4.627092098075822474e-02 -4.991802434452275589e-02 -4.710366344032025643e-02 -4.072841022960864421e-02 -4.494438300144516785e-02 -9.639554653972276510e-02 -2.697024590461354343e-01 -7.226958734271127227e-01 -1.673192630653603796e+00 -3.954525005222009337e+00 -6.794651544103883722e+00 -2.213001681932771447e+01 1.300638522318564860e-01 -2.601474822036676642e+02 8.645099929800757081e+02 -6.483150930905972018e+03 2.774111072868081828e+04 -6.268096952204683475e+03 8.410289808219174574e+02 -2.319533066673948554e+02 5.939253104239642589e+00 -1.634862777984912441e+01 -4.045776952450513164e+00 -2.369227340673680349e+00 -8.975916164856361235e-01 -3.641447801176794230e-01 -1.243282748433773011e-01 -4.114687278745372129e-02 -1.770962121423889229e-02 -1.489578202336894544e-02 -1.587244677132683413e-02 -1.543724755760859761e-02 -1.309672467508418356e-02 -9.850064352740569781e-03 -6.730967033505261092e-03 -4.332531032238622071e-03 -2.794526714562346661e-03 -1.966386674819891461e-03 -1.587222283665899692e-03 -1.414803640583480208e-03 -1.287907241373160852e-03 -1.134257003807599478e-03 -9.471964096355941923e-04 -7.525693870264646120e-04 -5.807066646211260985e-04 -4.502573942546333032e-04 -3.638681285759608522e-04 -3.120478704277519864e-04 -2.802674855497875022e-04 -2.555578822177381054e-04 -2.298990144127751613e-04 -2.007928760929812673e-04 -1.707955555468970395e-04 -1.428824067107981695e-04 -1.199219312571557462e-04 -1.029402317292862727e-04 -9.121778279270969885e-05 -8.295026731010881867e-05 -7.617583916313468660e-05 -6.949601345061342584e-05 -6.237645809975912237e-05 -5.503317917094099584e-05 -4.806836777561190687e-05 -4.206678823914627026e-05 -3.732152317952372846e-05 -3.375843927475546377e-05 -3.103415075292561323e-05 -2.872082407952159796e-05 -2.648033831210757703e-05 -2.416073262300559216e-05 -2.179533569994369078e-05 -1.952927325979580866e-05 -1.752043911271490047e-05 -1.586107525788880775e-05 -1.454568576538450325e-05 -1.349295576170536855e-05 -1.256898331136760169e-05 -1.178462212642547715e-05 -1.053512740406601100e-05 -1.227999778029008946e-05
-9.006298672926686677e-02 -2.441770506210368466e-02 -1.764964720542301288e-02 -1.325518371801086975e-02 -1.121188962246588358e-02 -9.900834212895977607e-03 -8.931229530552427243e-03 -8.085662983214914404e-03 -7.313663241960611898e-03 -6.669085935636771129e-03 -6.266942251059442505e-03 -6.225482744556756591e-03 -6.603243101713901150e-03 -7.349296927170171322e-03 -8.288898842848117093e-03 -9.161642803434287205e-03 -9.716088579728275262e-03 -9.842603269133484711e-03 -9.705237689505324603e-03 -9.814986528001995794e-03 -1.098358016050337421e-02 -1.411588575230560139e-02 -1.983878820016563363e-02 -2.803604715228456487e-02 -3.744437148721005415e-02 -4.556572065302584573e-02 -4.927314788865672091e-02 -4.659297565406822494e-02 -4.036199564866629202e-02 -4.462184239368834765e-02 -9.590267272156489942e-02 -2.688060756393725326e-01 -7.215137052870750356e-01 -1.672640538515260289e+00 -3.959878718126643715e+00 -6.807176518597057857e+00 -2.222789271531691568e+01 2.078293795467937854e-01 -2.619826860357719056e+02 8.716178534788869001e+02 -6.537255395942880568e+03 2.798726194162756656e+04 -6.326858764114279438e+03 8.490310859555058869e+02 -2.343694360537772639e+02 5.956915693263287181e+00 -1.654862982708575103e+01 -4.103374871492412979e+00 -2.402677248888704487e+00 -9.111201361641659835e-01 -3.698028519978943662e-01 -1.263413794350317365e-01 -4.183118259126437921e-02 -1.801070409263613725e-02 -1.515596418007505129e-02 -1.615892105883741381e-02 -1.572432707961240322e-02 -1.334686269236294576e-02 -1.004272616464619260e-02 -6.865414391793103407e-03 -4.420641612192515758e-03 -2.852230390470336056e-03 -2.007578610284545002e-03 -1.621019900764513128e-03 -1.445488865122158137e-03 -1.316355713977199584e-03 -1.159732850152240613e-03 -9.687815571770461934e-04 -7.699300898258732437e-04 -5.942388322460526433e-04 -4.608492931237285150e-04 -3.724999415860312979e-04 -3.195825786970865655e-04 -2.871228051167217248e-04 -2.614429104253056420e-04 -2.352112043903434443e-04 -2.057350404442187151e-04 -1.749965762497689202e-04 -1.464404013292413653e-04 -1.229275680548495213e-04 -1.055409495006610074e-04 -9.354340817198852692e-05 -8.508710571446972373e-05 -7.815885483837854285e-05 -7.132263767001025261e-05 -6.402944905202633701e-05 -5.650139937927648294e-05 -4.935800993132143506e-05 -4.320138769065253245e-05 -3.833396712697347680e-05 -3.468044070836558016e-05 -3.188821824903853526e-05 -2.951743953440591017e-05 -2.722026040573379091e-05 -2.484030474845893332e-05 -2.241198225705951275e-05 -2.008494699908419475e-05 -1.802239606213485519e-05 -1.631934695163632962e-05 -1.497565654932401834e-05 -1.388633101248362509e-05 -1.305550794673170645e-05 -1.175211743924163049e-05 -1.382847654117201562e-05
-9.214180358394080672e-02 -2.422812076830879388e-02 -1.687976834235209098e-02 -1.212810588107717837e-02 -9.983373084063404054e-03 -8.773951852333299745e-03 -8.050109220968642426e-03 -7.506850025176176056e-03 -6.993150465722424228e-03 -6.471892597309099673e-03 -6.003857426198983688e-03 -5.711841081754725873e-03 -5.726280186389030337e-03 -6.122093508695833179e-03 -6.867061070595907417e-03 -7.804471403123475030e-03 -8.687741285292954752e-03 -9.271728660491760157e-03 -9.443605075889219269e-03 -9.355125643906014171e-03 -9.499283175524038739e-03 -1.067022351845339084e-02 -1.376307789626098760e-02 -1.940926208071825851e-02 -2.751385042068608955e-02 -3.684787106690261965e-02 -4.494957578227214146e-02 -4.871329543330410461e-02 -4.615339432567854699e-02 -4.005015535377596386e-02 -4.435205796088358826e-02 -9.550706107737398642e-02 -2.681481715505684704e-01 -7.208931825829684170e-01 -1.673257495106651671e+00 -3.967632842281771044e+00 -6.823641468793026910e+00 -2.233591681783334693e+01 2.822868150264812304e-01 -2.639092387629535779e+02 8.789934591452089307e+02 -6.593377639641331371e+03 2.824167207477391639e+04 -6.387413599166217864e+03 8.572745191180925985e+02 -2.368468406936978283e+02 5.977480179098190405e+00 -1.675229470425500011e+01 -4.161690523741546244e+00 -2.436575701384440684e+00 -9.248050791172776064e-01 -3.755236529245851163e-01 -1.283752480098301618e-01 -4.252243231733125045e-02 -1.831486882085787624e-02 -1.541873520690171216e-02 -1.644808005995989156e-02 -1.601396794541964930e-02 -1.359915493860600240e-02 -1.023701220585763842e-02 -7.000991687428689304e-03 -4.509509628072537642e-03 -2.910455255489484763e-03 -2.049162337091106102e-03 -1.655143261232830919e-03 -1.476460260566347764e-03 -1.345055781134568435e-03 -1.185424325956282391e-03 -9.905459749856564567e-04 -7.874437478257942120e-04 -6.078892701536994531e-04 -4.715896118001522744e-04 -3.812743528825236262e-04 -3.267214395511367311e-04 -2.935673941834890757e-04 -2.676722595327473385e-04 -2.408432911040359482e-04 -2.107351319788280204e-04 -1.792864342192678731e-04 -1.500574727349406469e-04 -1.259838607514243496e-04 -1.081837795668932748e-04 -9.590581222681813568e-05 -8.725683949334549151e-05 -8.017174129650723980e-05 -7.317638102453904688e-05 -6.570682646249494129e-05 -5.799128927169041703e-05 -5.066677156713572249e-05 -4.435289595365959577e-05 -3.936154600587654347e-05 -3.561622367861975384e-05 -3.275502729943304626e-05 -3.032593250536680350e-05 -2.797126892369566667e-05 -2.553023217361926291e-05 -2.303837124684716977e-05 -2.065025056393333440e-05 -1.853378398959523859e-05 -1.679298758869871437e-05 -1.540387818316394256e-05 -1.441834933702075677e-05 -1.300532559763834374e-05 -1.544902910462559771e-05
-9.357933906385614009e-02 -2.421451695063186332e-02 -1.640617639423819912e-02 -1.133844141473219075e-02 -9.022333575060442409e-03 -7.778539846768640562e-03 -7.150517582133968965e-03 -6.802317828473928782e-03 -6.525263501662797137e-03 -6.205630924038250604e-03 -5.827618335457375107e-03 -5.463174232870587725e-03 -5.241242911913326225e-03 -5.296890708274849639e-03 -5.711002455368077192e-03 -6.460052316017375444e-03 -7.398130558710949191e-03 -8.289028970791657500e-03 -8.893994509306418772e-03 -9.099556032734502573e-03 -9.048797391460781242e-03 -9.220108529154572019e-03 -1.039226087147553275e-02 -1.345112658069627827e-02 -1.903125003146107636e-02 -2.705596627883965349e-02 -3.632651007794086839e-02 -4.441324541486933730e-02 -4.822899605103463105e-02 -4.577674806121074386e-02 -3.978678246822258541e-02 -4.413006522614286442e-02 -9.520157634431214433e-02 -2.677133896724691042e-01 -7.208017505743721243e-01 -1.674982803099978934e+00 -3.977683980093968508e+00 -6.843892084973192347e+00 -2.245386558736674942e+01 3.537575493897144319e-01 -2.659273927587785806e+02 8.866412113385223392e+02 -6.651551459562877426e+03 2.850452672500418339e+04 -6.449811467800936953e+03 8.657661610105998307e+02 -2.393879260074149045e+02 6.000900191343893297e+00 -1.695985395822111741e+01 -4.220797272647454967e+00 -2.470963957360023500e+00 -9.386634059355397630e-01 -3.813142640572588227e-01 -1.304324142327760172e-01 -4.322146133254928246e-02 -1.862243476423139713e-02 -1.568433406740551289e-02 -1.674019309846984729e-02 -1.630646388176333617e-02 -1.385388565675066755e-02 -1.043316731547108168e-02 -7.137886524569043989e-03 -4.599260373459413548e-03 -2.969270618581237864e-03 -2.091166248054335958e-03 -1.689599257865735237e-03 -1.507721963266507419e-03 -1.374020428382472393e-03 -1.211362243900651527e-03 -1.012518048446552120e-03 -8.051843486846866141e-04 -6.217419579754214108e-04 -4.819398767690349461e-04 -3.896302653154652034e-04 -3.342414520451733617e-04 -3.003656677540078785e-04 -2.739768416639475697e-04 -2.465851963221693077e-04 -2.158134692666219821e-04 -1.836439956267617974e-04 -1.537303434615795239e-04 -1.290872075483195740e-04 -1.108670685893347268e-04 -9.830404991140419193e-05 -8.945908636665036149e-05 -8.221446389542254611e-05 -7.505742487268480102e-05 -6.740888428360426992e-05 -5.950318624055150722e-05 -5.199499529939952195e-05 -4.552164794152961988e-05 -4.040459048644968874e-05 -3.656612630759259469e-05 -3.363494002785561517e-05 -3.114671267612463339e-05 -2.873387255039665201e-05 -2.623118109513075333e-05 -2.367570289190151894e-05 -2.122624176227506530e-05 -1.906240085446455918e-05 -1.726458836312260556e-05 -1.598683817119073706e-05 -1.434989593621777398e-05 -1.712289300562929204e-05
-9.140135577080930884e-02 -2.366873219611202728e-02 -1.588551369902540394e-02 -1.079517905709820834e-02 -8.385949519078065434e-03 -7.053629715316846183e-03 -6.388146562728402866e-03 -6.084905683266955863e-03 -5.935981214945063381e-03 -5.793230171944578275e-03 -5.577880373046196702e-03 -5.289495404332929078e-03 -5.002562859990452443e-03 -4.841951790802529083e-03 -4.938064631164915293e-03 -5.371051521479793325e-03 -6.122477646862212533e-03 -7.056268487820711865e-03 -7.947323715838085917e-03 -8.564780414170499248e-03 -8.796146509169051886e-03 -8.777263920327366825e-03 -8.973046790941506881e-03 -1.014762535401747025e-02 -1.317776226781983834e-02 -1.870041273564592571e-02 -2.665536148436718419e-02 -3.587120003812088731e-02 -4.394707140057545897e-02 -4.781169998914259339e-02 -4.545677243271006168e-02 -3.956797333763829860e-02 -4.395284278294586677e-02 -9.498073130896864114e-02 -2.674884023588214310e-01 -7.212106764699700578e-01 -1.677763282677953605e+00 -3.989942805478670529e+00 -6.867795997490850013e+00 -2.258155724742850623e+01 4.225304815099115152e-01 -2.680375965405190755e+02 8.945658333039542640e+02 -6.711813084379685279e+03 2.877601862588196673e+04 -6.514103391036645007e+03 8.745130230519799852e+02 -2.419950972663173729e+02 6.027137063778690518e+00 -1.717153542177391046e+01 -4.280766718735141474e+00 -2.505882423897750844e+00 -9.527116676375447790e-01 -3.871815262638064747e-01 -1.325152488586922583e-01 -4.392900660788122413e-02 -1.893368430687355705e-02 -1.595302251722596071e-02 -1.703558847753679564e-02 -1.660217058713209237e-02 -1.411137549158779370e-02 -1.063143437188662083e-02 -7.276252104622567968e-03 -4.689971465834472802e-03 -3.028706888661881862e-03 -2.133603977913684033e-03 -1.724405837511817745e-03 -1.539310949873878018e-03 -1.403285795109452229e-03 -1.237632672455003585e-03 -1.034794464441940974e-03 -8.225833896030249667e-04 -6.352027434780294340e-04 -4.927322337408202762e-04 -3.983849287613691896e-04 -3.418558998527782412e-04 -3.072938984296345486e-04 -2.803791788959932680e-04 -2.524153306426239318e-04 -2.209675723847954857e-04 -1.880663220592305735e-04 -1.574579485574037734e-04 -1.322370758003844709e-04 -1.135907105243710846e-04 -1.007382919366398304e-04 -9.169422623819208681e-05 -8.428754371977012288e-05 -7.696636435266284901e-05 -6.913623180049153138e-05 -6.103767154363851956e-05 -5.334321499941033852e-05 -4.670813202216869719e-05 -4.146356080964535797e-05 -3.753060870232673098e-05 -3.452845372484711437e-05 -3.198038032288457008e-05 -2.950884298237848791e-05 -2.694450989956783535e-05 -2.432516215732517711e-05 -2.182155684569727207e-05 -1.958883376369841185e-05 -1.790767128752168358e-05 -1.590337718125428457e-05 -1.890233773429332426e-05
-8.495111597853649554e-02 -2.231011036724213359e-02 -1.511151952993084260e-02 -1.036040215757296629e-02 -8.014905627827634618e-03 -6.621421972103370621e-03 -5.849372472135959920e-03 -5.467397487602792920e-03 -5.316043009997249019e-03 -5.259724990451719248e-03 -5.191735971503902772e-03 -5.051001300234191083e-03 -4.838760118685347250e-03 -4.622144302204188662e-03 -4.516405474980874322e-03 -4.645474023960617475e-03 -5.089290182508710188e-03 -5.835793448687278881e-03 -6.759622572484915229e-03 -7.646800935519037709e-03 -8.273723234510935165e-03 -8.528184502698417033e-03 -8.538612991057133172e-03 -8.757046587406306856e-03 -9.934129848711410055e-03 -1.293862557621603543e-02 -1.841021610269667069e-02 -2.630409278759451505e-02 -3.547371184392689170e-02 -4.354363208230912358e-02 -4.745556782015311614e-02 -4.518946311199401045e-02 -3.939110035865400067e-02 -4.381772820561013332e-02 -9.483914639430141014e-02 -2.674608547927063706e-01 -7.220944861260674141e-01 -1.681552823575246602e+00 -4.004333073783596930e+00 -6.895240759308934209e+00 -2.271884754909463311e+01 4.888663221053759500e-01 -2.702404806768109893e+02 9.027723659702153327e+02 -6.774201138803281538e+03 2.905634788753251269e+04 -6.580341524408861005e+03 8.835222647054246181e+02 -2.446707685230730647e+02 6.056159198744381911e+00 -1.738756414401163042e+01 -4.341668868704128492e+00 -2.541370655060998462e+00 -9.669659627234621357e-01 -3.931320553020562492e-01 -1.346260444786402111e-01 -4.464582149641869308e-02 -1.924896391123339864e-02 -1.622513009948494192e-02 -1.733463333658831138e-02 -1.690144032777734021e-02 -1.437190662023895074e-02 -1.083200390218577031e-02 -7.416199209835033085e-03 -4.781704393189167325e-03 -3.088806217531967196e-03 -2.176524264898968206e-03 -1.759605693387298123e-03 -1.571323099860790981e-03 -1.432960780264172333e-03 -1.263636394829564498e-03 -1.056748892277844642e-03 -8.405349903834867954e-04 -6.491477840674623068e-04 -5.036629512287979765e-04 -4.073007694031740189e-04 -3.495896001321915306e-04 -3.143297395392479474e-04 -2.868774799830183355e-04 -2.583315693097755820e-04 -2.261973490997962199e-04 -1.925537740578148725e-04 -1.612408922230304509e-04 -1.354341370424877954e-04 -1.163554225646731599e-04 -1.032093097591190649e-04 -9.396308751548768990e-05 -8.639184545913227602e-05 -7.890406218353001515e-05 -7.088968908689531080e-05 -6.259549430597309918e-05 -5.471210126965287465e-05 -4.791295442507421568e-05 -4.253903209222271927e-05 -3.851026433121723587e-05 -3.543626313505240049e-05 -3.282781516750408438e-05 -3.029770692860059652e-05 -2.767155005575987165e-05 -2.499630054094151494e-05 -2.241473273412457508e-05 -2.030470431534294950e-05 -1.781482600983382082e-05 -2.092095463681375162e-05
-7.569663698844562860e-02 -2.031150861981097927e-02 -1.406863254829155037e-02 -9.911956828416446097e-03 -7.778647660864349000e-03 -6.400313807317288030e-03 -5.528411131439367639e-03 -5.013748631480590204e-03 -4.765504357407473676e-03 -4.693008284973172045e-03 -4.699404439109129174e-03 -4.695070657457441760e-03 -4.621938738565655597e-03 -4.476010842958198788e-03 -4.316125127704599149e-03 -4.250400686932452425e-03 -4.399649823274395972e-03 -4.845917734557823355e-03 -5.583919829110837833e-03 -6.497649142349870045e-03 -7.381991696410438938e-03 -8.018524955131051471e-03 -8.294306148430448042e-03 -8.330724784232803118e-03 -8.568479561540810752e-03 -9.746733956894492942e-03 -1.272783559981818975e-02 -1.815457604869592442e-02 -2.599631937121674868e-02 -3.512866097644998242e-02 -4.319808713246767878e-02 -4.715638656378506183e-02 -4.497130702846481587e-02 -3.925320032384242708e-02 -4.372153047933882708e-02 -9.477149376399360281e-02 -2.676198213163848982e-01 -7.234313672932002337e-01 -1.686312163341954884e+00 -4.020790316951546650e+00 -6.926131376762990399e+00 -2.286562551120674769e+01 5.530015920391562201e-01 -2.725368461106652944e+02 9.112661651094077797e+02 -6.838756622919061556e+03 2.934572224545656354e+04 -6.648579275475240138e+03 8.928012100120632795e+02 -2.474173705264511796e+02 6.087941768361676331e+00 -1.760816310370421434e+01 -4.403572316849900581e+00 -2.577467499946261231e+00 -9.814420830036452159e-01 -3.991723920025991856e-01 -1.367671312746302770e-01 -4.537272540915606583e-02 -1.956866220007435000e-02 -1.650098368738805651e-02 -1.763765350065129092e-02 -1.720456839025519616e-02 -1.463571472096875971e-02 -1.103504831746281688e-02 -7.557850668135558669e-03 -4.874557908616580261e-03 -3.149637101662850283e-03 -2.220038613095931361e-03 -1.795319026361324880e-03 -1.603123528622315760e-03 -1.462383576825054777e-03 -1.290334574912398256e-03 -1.079322986302850987e-03 -8.587207384172678608e-04 -6.633276132225207362e-04 -5.147609986740191981e-04 -4.163552866134952873e-04 -3.574414497171889528e-04 -3.214716537820583699e-04 -2.934725253552452262e-04 -2.643353307138138469e-04 -2.315045088236353233e-04 -1.971080151805270665e-04 -1.650806717888371900e-04 -1.386797150017452613e-04 -1.191624088179348359e-04 -1.057182482475478233e-04 -9.626679053545525618e-05 -8.852846532445922520e-05 -8.087156646532010459e-05 -7.267022613839066751e-05 -6.417752780161478372e-05 -5.610243420748365430e-05 -4.913683209093510019e-05 -4.363171417543885587e-05 -3.950589573268745364e-05 -3.635936724169700184e-05 -3.369073425895534514e-05 -3.110197716062736243e-05 -2.842292407735289616e-05 -2.566548379073192458e-05 -2.321782314833282929e-05 -2.020702715232262136e-05 -2.336418636584402031e-05
-6.619466183974366535e-02 -1.813558875341674329e-02 -1.289569965025170149e-02 -9.386071039219028370e-03 -7.539855466113318770e-03 -6.257206458076304718e-03 -5.347582296671148615e-03 -4.722138441276483092e-03 -4.349086488244106874e-03 -4.190687953013355962e-03 -4.185370810618406490e-03 -4.250414584746727703e-03 -4.301693776287312740e-03 -4.281426818901683078e-03 -4.183004111654144846e-03 -4.061546024911789725e-03 -4.021972986365747287e-03 -4.183837909539842026e-03 -4.630821621831933410e-03 -5.362259437370643471e-03 -6.268732646128035574e-03 -7.151672307460898298e-03 -7.796682747709763120e-03 -8.090309550854086693e-03 -8.148268950655720988e-03 -8.401860011489296204e-03 -9.580582589027624232e-03 -1.254142280762674672e-02 -1.793012632257507191e-02 -2.572872347634821630e-02 -3.483231727228988661e-02 -4.290620581606829909e-02 -4.690976303777077971e-02 -4.479829819647945799e-02 -3.915098298995431381e-02 -4.366125068432963330e-02 -9.477339794853406607e-02 -2.679563478649040209e-01 -7.252029901012368995e-01 -1.692007866930814064e+00 -4.039260006628794919e+00 -6.960387867481795610e+00 -2.302180990966459717e+01 6.151516284555434977e-01 -2.749276549407590551e+02 9.200528997493564702e+02 -6.905522903840778781e+03 2.964435731936961020e+04 -6.718871415879179949e+03 9.023573636375826936e+02 -2.502373579043674567e+02 6.122466426694768593e+00 -1.783355402443224236e+01 -4.466544610035521501e+00 -2.614211384658493120e+00 -9.961556877416409828e-01 -4.053090759614298988e-01 -1.389408599972297986e-01 -4.611052963461580861e-02 -1.989312405198287448e-02 -1.678085014364013097e-02 -1.794492519280940432e-02 -1.751183017908137379e-02 -1.490304764630744072e-02 -1.124077923933556981e-02 -7.701357059968647056e-03 -4.968697477004801327e-03 -3.211350535951602077e-03 -2.263479399327197276e-03 -1.830844653998141324e-03 -1.635741654086859129e-03 -1.492564144595675971e-03 -1.317394377668800690e-03 -1.102257571643159391e-03 -8.771774231199953474e-04 -6.777223954808665480e-04 -5.260277312495648984e-04 -4.255482224140939092e-04 -3.654131126951128778e-04 -3.287219036170428168e-04 -3.001670356425312994e-04 -2.704294417358862955e-04 -2.368917318720994698e-04 -2.017314212037222068e-04 -1.689793176611098285e-04 -1.419755422683293561e-04 -1.220131928347781736e-04 -1.082665058992729229e-04 -9.860665955687680372e-05 -9.069866507481132254e-05 -8.287006120949088337e-05 -7.447892759254514739e-05 -6.578474914918254067e-05 -5.751510329579612532e-05 -5.038062176234728523e-05 -4.474254387713041812e-05 -4.051864545450084234e-05 -3.729971126833776909e-05 -3.457087870532739581e-05 -3.193359329259649599e-05 -2.917251990252115162e-05 -2.656933236895432871e-05 -2.311468943700832005e-05 -2.640270932861922388e-05
-5.881220846873708163e-02 -1.628057033190332542e-02 -1.179322746689764542e-02 -8.787470503970525385e-03 -7.208747544609705148e-03 -6.070339895513468184e-03 -5.202705900350826189e-03 -4.538988588879677537e-03 -4.076538905985598385e-03 -3.816503718917758827e-03 -3.738556604590717852e-03 -3.791566113550403575e-03 -3.900809799618985482e-03 -3.988530917442989314e-03 -4.001137241381565006e-03 -3.933393014306901456e-03 -3.839109978619340349e-03 -3.820369054717083837e-03 -3.994164871337050823e-03 -4.443669725721884414e-03 -5.170687774884411177e-03 -6.070832314286708602e-03 -6.951391055521585934e-03 -7.602160586019088458e-03 -7.909992872825129251e-03 -7.986118332950754156e-03 -8.253689262238465135e-03 -9.433558847941532835e-03 -1.237784401578692281e-02 -1.773495800088090851e-02 -2.549838150963866859e-02 -3.458063852505075669e-02 -4.266327945230261737e-02 -4.671110956631095018e-02 -4.466671597165318419e-02 -3.908186682127951644e-02 -4.363485145089954914e-02 -9.484162033067980446e-02 -2.684629985920591877e-01 -7.273935584887958328e-01 -1.698611087134694886e+00 -4.059696110113296896e+00 -6.997943639858507758e+00 -2.318734683227432214e+01 6.755127933521718475e-01 -2.774140229002509841e+02 9.291385522426248826e+02 -6.974545717924473138e+03 2.995247688275417750e+04 -6.791274189333840695e+03 9.121984262600230977e+02 -2.531332160422173274e+02 6.159720847567622393e+00 -1.806395828264406589e+01 -4.530652625425672930e+00 -2.651640502235592667e+00 -1.011122331265693841e+00 -4.115485849975445976e-01 -1.411495162445293716e-01 -4.685997753603865501e-02 -2.022264195534368564e-02 -1.706497608477534206e-02 -1.825673796601416307e-02 -1.782354271841133514e-02 -1.517418242216875268e-02 -1.144947899623626787e-02 -7.846956609199286919e-03 -5.063457908342841422e-03 -3.273222229589653823e-03 -2.307953828161076783e-03 -1.867263484406720764e-03 -1.668826279244831458e-03 -1.523231688703131741e-03 -1.344862088427944058e-03 -1.125538585833433993e-03 -8.959124405783164616e-04 -6.923360796593476876e-04 -5.374674932912935780e-04 -4.348833975727400868e-04 -3.735083406089183917e-04 -3.360842691413949376e-04 -3.069647827784744831e-04 -2.766175059607044835e-04 -2.423622845997411073e-04 -2.064268202163970043e-04 -1.729392146129160265e-04 -1.453236326349045229e-04 -1.249095238855737902e-04 -1.108556643457740936e-04 -1.009841689672006038e-04 -9.290383131686898242e-05 -8.490083778368002587e-05 -7.631697838570058719e-05 -6.741824612048558855e-05 -5.895114675354431956e-05 -5.164543183543013073e-05 -4.587284475811861061e-05 -4.155073911834356921e-05 -3.825931452811115777e-05 -3.548181652836448878e-05 -3.276340664696016878e-05 -3.018736621565747710e-05 -2.645220493689446752e-05 -3.011288255330522309e-05
-5.475109532489588759e-02 -1.505957160922980625e-02 -1.092276537267101479e-02 -8.170224913981824488e-03 -6.767891482089598981e-03 -5.775218031643036647e-03 -5.010119745640293810e-03 -4.390872536473760038e-03 -3.909688596209646462e-03 -3.580578292667201297e-03 -3.413233622035485512e-03 -3.394990406037615496e-03 -3.484288512216562449e-03 -3.616889795150355150e-03 -3.724126736738520797e-03 -3.757984844509177236e-03 -3.714379850587721209e-03 -3.644483217799157192e-03 -3.645855981582507913e-03 -3.831529420070004140e-03 -4.283326564777961871e-03 -5.005211015723148339e-03 -5.897838427817257180e-03 -6.774468638554818900e-03 -7.429216276217892080e-03 -7.749418442840562068e-03 -7.842162608648461236e-03 -8.123023348023901413e-03 -9.304917417266328483e-03 -1.223568593235931437e-02 -1.756651556634371628e-02 -2.530161880358204260e-02 -3.436927804512684287e-02 -4.246496649139864382e-02 -4.655675070683169825e-02 -4.457394942523667386e-02 -3.904421821895318057e-02 -4.364091038075235823e-02 -9.497334840966295544e-02 -2.691330666267323646e-01 -7.299891329821002195e-01 -1.706097007897301676e+00 -4.082060444639512120e+00 -7.038744520146639871e+00 -2.336220769821539633e+01 7.342645766201805202e-01 -2.799972128591404044e+02 9.385294199636365420e+02 -7.045873182641306812e+03 3.027031314331268732e+04 -6.865845416886650128e+03 9.223323092552852813e+02 -2.561074677173485838e+02 6.199698270655982668e+00 -1.829959767311500940e+01 -4.595962776007189277e+00 -2.689792850658557555e+00 -1.026357414046452199e+00 -4.178972891592012684e-01 -1.433953173770926015e-01 -4.762178866832836310e-02 -2.055752340557312138e-02 -1.735365345931662653e-02 -1.857341284852701349e-02 -1.814009830425979131e-02 -1.544948922203711293e-02 -1.166054436561821984e-02 -7.993954877603496115e-03 -5.160066437452042951e-03 -3.336427327792450184e-03 -2.353096377986026427e-03 -1.904290700226715692e-03 -1.702430753636659808e-03 -1.554376980188541769e-03 -1.372752717564955458e-03 -1.149177407659716021e-03 -9.149364370817816665e-04 -7.071770134956027699e-04 -5.490868896560604714e-04 -4.443662738840025751e-04 -3.817320218427194974e-04 -3.435633725262670127e-04 -3.138701786587730531e-04 -2.829036263001783705e-04 -2.479198291003268414e-04 -2.111973570407746489e-04 -1.769630025057816400e-04 -1.487262064999482567e-04 -1.278533197253492069e-04 -1.134874439566580770e-04 -1.034009094646862247e-04 -9.514545243611095338e-05 -8.696528589335080059e-05 -7.818567751291669780e-05 -6.907926747439479935e-05 -6.041188475553000369e-05 -5.293281178615758301e-05 -4.702518173901980015e-05 -4.260451465881017147e-05 -3.925369065171414195e-05 -3.639057921461749418e-05 -3.389553251373726830e-05 -3.004039920079742905e-05 -3.442461694321485925e-05
-5.373228785267342850e-02 -1.449658199418906238e-02 -1.034219923470563150e-02 -7.602950654295277493e-03 -6.263507368896109595e-03 -5.378496718556682009e-03 -4.735782028675755359e-03 -4.217639957735395788e-03 -3.787008870803031807e-03 -3.445717262682587538e-03 -3.213157325500759498e-03 -3.105717974628898446e-03 -3.120476527264041521e-03 -3.227174960067942001e-03 -3.371975554247427179e-03 -3.493472806675733660e-03 -3.546582026329153647e-03 -3.525968313828098041e-03 -3.478731005689602099e-03 -3.497621941405354949e-03 -3.692248206358553046e-03 -4.143888116508110536e-03 -4.859208378981738630e-03 -5.743913661818409767e-03 -6.616753346276637963e-03 -7.275493208213520274e-03 -7.607499708122816666e-03 -7.715773702734306065e-03 -8.008947881609924588e-03 -9.193007224064120991e-03 -1.211246362555556955e-02 -1.742166201041300128e-02 -2.513497494990632117e-02 -3.419480778133340143e-02 -4.230817936190635342e-02 -4.644415754309359073e-02 -4.451810527051848487e-02 -3.903661203792021389e-02 -4.367788951740019660e-02 -9.516573459854667238e-02 -2.699604437655874767e-01 -7.329776859796136579e-01 -1.714444810784360840e+00 -4.106322231086581453e+00 -7.082747712503456583e+00 -2.354638720148096453e+01 7.915717684663871045e-01 -2.826786293798147085e+02 9.482321181154841270e+02 -7.119555817587154706e+03 3.059810703468183056e+04 -6.942644600312001785e+03 9.327671490118458451e+02 -2.591626792981052745e+02 6.242397252356843396e+00 -1.854069497489983576e+01 -4.662541121789804954e+00 -2.728706279965564807e+00 -1.041876219750774712e+00 -4.243615148983180818e-01 -1.456804902659685486e-01 -4.839673011583763007e-02 -2.089811018638870060e-02 -1.764725512922597772e-02 -1.889537044220628709e-02 -1.846094551807682740e-02 -1.572834462649002132e-02 -1.187538981369023333e-02 -8.143681797479802517e-03 -5.258179639025893810e-03 -3.400684933590685400e-03 -2.398973148439869762e-03 -1.941920548973463667e-03 -1.736575144201424640e-03 -1.586017989280430474e-03 -1.401084814097879093e-03 -1.173190179557703078e-03 -9.342625342760205003e-04 -7.222553451956569871e-04 -5.608937722163800585e-04 -4.540032331341851035e-04 -3.900897421724329787e-04 -3.511643817534380527e-04 -3.208880723083224373e-04 -2.892922610812915358e-04 -2.535683184146671600e-04 -2.160464149364915633e-04 -1.810535163822382416e-04 -1.521856440599037648e-04 -1.308466296870593854e-04 -1.161636755916895447e-04 -1.058585696406658295e-04 -9.742511450525310828e-05 -8.906491425788845746e-05 -8.008649934089159816e-05 -7.076937726256627911e-05 -6.189913475903545805e-05 -5.424571972073427686e-05 -4.820223329517893493e-05 -4.369768351125429462e-05 -4.024518064639333667e-05 -3.764448040754367564e-05 -3.370030527658877001e-05 -3.913652415506360378e-05
-5.435269948221810310e-02 -1.436207596331369289e-02 -9.996982179898479537e-03 -7.135715838994099829e-03 -5.772949547168157447e-03 -4.940376238703657330e-03 -4.398235701234126660e-03 -3.993066629707725176e-03 -3.652265083786026319e-03 -3.351282204431645789e-03 -3.099850309549711733e-03 -2.924793052899714741e-03 -2.851045856817200925e-03 -2.884677318471097138e-03 -3.003614342032925356e-03 -3.160204341757089433e-03 -3.296461916389665636e-03 -3.367804267234193391e-03 -3.366965481644564918e-03 -3.337711207515659754e-03 -3.369413201420819182e-03 -3.569587275888032839e-03 -4.019642561541404875e-03 -4.728780614403261043e-03 -5.606923762430663510e-03 -6.477234840298919973e-03 -7.140281843936831935e-03 -7.483189555262117001e-03 -7.605298666701141262e-03 -7.909283353817589401e-03 -9.095385602608464098e-03 -1.200572540938169008e-02 -1.729805680899109549e-02 -2.499619637410595632e-02 -3.405497772683388491e-02 -4.219064380343308385e-02 -4.637112260379183670e-02 -4.449720567244665193e-02 -3.905736316213028608e-02 -4.374410347427158674e-02 -9.541618796670561786e-02 -2.709399843475595038e-01 -7.363492589139650768e-01 -1.723637418682561817e+00 -4.132457309737830542e+00 -7.129920534266809717e+00 -2.373990136650552429e+01 8.475863120519455673e-01 -2.854598145788890520e+02 9.582535833315372429e+02 -7.195646573857750809e+03 3.093610852019895174e+04 -7.021733024110654696e+03 9.435113212013524162e+02 -2.623014665007680719e+02 6.287821535504954262e+00 -1.878747449646343526e+01 -4.730453562470557038e+00 -2.768418651370537109e+00 -1.057694036135096605e+00 -4.309476370447931082e-01 -1.480072970399521903e-01 -4.918565545450523380e-02 -2.124485077740524697e-02 -1.794514871203836334e-02 -1.922197323235314351e-02 -1.878768430189769675e-02 -1.601228280545707872e-02 -1.209375511000485015e-02 -8.295915358131102091e-03 -5.357914683358010882e-03 -3.466011931145798666e-03 -2.445614862494503803e-03 -1.980176346787908877e-03 -1.771283350401259239e-03 -1.618177833065312420e-03 -1.429879644517291536e-03 -1.197595043848404808e-03 -9.539052546835676471e-04 -7.375822587003613446e-04 -5.728967732642119238e-04 -4.638012617831951240e-04 -3.985875685620616864e-04 -3.588928574236026369e-04 -3.280236389455709720e-04 -2.957881419399503069e-04 -2.593119344011576561e-04 -2.209775674143082155e-04 -1.852137481888864597e-04 -1.557044546358648965e-04 -1.338916111809474276e-04 -1.188862863470377287e-04 -1.083589365599400291e-04 -9.974452863207985476e-05 -9.120142211629513420e-05 -8.202126696728400627e-05 -7.249068949281651175e-05 -6.341628662779376932e-05 -5.558717883740172370e-05 -4.942405108487715938e-05 -4.478714301148052987e-05 -4.162853851510392385e-05 -3.738763630831457122e-05 -4.401603443420425377e-05
-5.484732081124905206e-02 -1.431013849339476951e-02 -9.760801099993988289e-03 -6.781446110374216713e-03 -5.365889592348536963e-03 -4.538373137685446437e-03 -4.049412083432079451e-03 -3.727364917770842768e-03 -3.474995872887300455e-03 -3.241561308927571033e-03 -3.016197937300559625e-03 -2.817603704024704975e-03 -2.679082913669911161e-03 -2.630465162661583221e-03 -2.681747156799901572e-03 -2.814168227734859754e-03 -2.982812462940710122e-03 -3.131600803720103934e-03 -3.216672414401234529e-03 -3.230116127009654420e-03 -3.213909019996035680e-03 -3.255189660707993437e-03 -3.459787346724265810e-03 -3.908897843641550435e-03 -4.613411441573879446e-03 -5.486483750147542506e-03 -6.354915372554482099e-03 -7.021746763940525139e-03 -7.374061063050791481e-03 -7.508201820539485254e-03 -7.821820875644133753e-03 -9.010354828753829384e-03 -1.191416591963910358e-02 -1.719446322510622890e-02 -2.488377192730004475e-02 -3.394782220257563238e-02 -4.211001975482749765e-02 -4.633523879330653933e-02 -4.450914984169479505e-02 -3.910487046918446202e-02 -4.383820452965292436e-02 -9.572273869785748179e-02 -2.720675668996179741e-01 -7.400956599378744061e-01 -1.733660872419019006e+00 -4.160447261182952161e+00 -7.180239370672811816e+00 -2.394278611567248660e+01 9.024486401843566652e-01 -2.883424451307902814e+02 9.686010782313959453e+02 -7.274200870886285884e+03 3.128457690954428108e+04 -7.103173856714322937e+03 9.545734550142425405e+02 -2.655264999429717250e+02 6.335979848467157005e+00 -1.904016271459022747e+01 -4.799766110172607902e+00 -2.808968020617171657e+00 -1.073826217949360062e+00 -4.376621350626443419e-01 -1.503781170645639986e-01 -4.998834826289486055e-02 -2.159706700423274367e-02 -1.824899572101143161e-02 -1.955488332079437230e-02 -1.912012933709205526e-02 -1.630118421830531808e-02 -1.231587182765945740e-02 -8.450751574291731627e-03 -5.459351375852130109e-03 -3.532456398581294930e-03 -2.493056438257815026e-03 -2.019086961772660008e-03 -1.806582229116750898e-03 -1.650881834725456600e-03 -1.459160056372756651e-03 -1.222411337047977272e-03 -9.738800321472621674e-04 -7.531696427574214366e-04 -5.851050778041130222e-04 -4.737677888609670472e-04 -4.072319315483350841e-04 -3.667546661012677364e-04 -3.352823152358979926e-04 -3.023962245226412791e-04 -2.651550491855018542e-04 -2.259945471990995678e-04 -1.894468215623173514e-04 -1.592852574863609855e-04 -1.369905193724512977e-04 -1.216573046100702718e-04 -1.109039293654116328e-04 -1.021056115927324574e-04 -9.337688948321097181e-05 -8.399240118908740855e-05 -7.424704687980019486e-05 -6.496670896654405580e-05 -5.697963286191070823e-05 -5.064163061305209821e-05 -4.631708164217061450e-05 -4.130904970821966431e-05 -4.896156141299652323e-05
-5.388522598064734992e-02 -1.404130578359161219e-02 -9.500096263463514434e-03 -6.516409245046940121e-03 -5.075766925557806397e-03 -4.230719967882122512e-03 -3.745297700865311396e-03 -3.454378927453849533e-03 -3.256477694437263145e-03 -3.086408977314069203e-03 -2.912760765300085805e-03 -2.734838618749681118e-03 -2.575616095468566836e-03 -2.469242809205319036e-03 -2.445229836373972402e-03 -2.513767573578996450e-03 -2.657567675271076037e-03 -2.834276234660478705e-03 -2.990584430826268882e-03 -3.084539194917394148e-03 -3.108536179783663068e-03 -3.103206109998288970e-03 -3.153378689527149871e-03 -3.362767443283073455e-03 -3.811788113577203613e-03 -4.512495305269834632e-03 -5.380901520920997744e-03 -6.247259037757127084e-03 -6.917096036024130909e-03 -7.277673288360232522e-03 -7.422755107810822400e-03 -7.745547695298634835e-03 -8.937310378505914504e-03 -1.183713771485977659e-02 -1.710979559617195958e-02 -2.479599430776559948e-02 -3.387110277129009445e-02 -4.206385761747988283e-02 -4.633426294580613586e-02 -4.455223482918889422e-02 -3.917803219488666389e-02 -4.395932437920227476e-02 -9.608387602908825820e-02 -2.733397106178695468e-01 -7.442099821138685734e-01 -1.744503839664564016e+00 -4.190278893472706656e+00 -7.233689077984442051e+00 -2.415509627547530513e+01 9.562887844658085612e-01 -2.913283299760034311e+02 9.792821971155510710e+02 -7.355276640179668902e+03 3.164378118876152439e+04 -7.187032251687276585e+03 9.659624472477125892e+02 -2.688405106564780453e+02 6.386885634637792464e+00 -1.929898891693671814e+01 -4.870545091804216575e+00 -2.850392778478129330e+00 -1.090288307814475832e+00 -4.445103745720010435e-01 -1.527941376937182461e-01 -5.080704001294229083e-02 -2.195653177388253580e-02 -1.855855437490120524e-02 -1.989400066096906963e-02 -1.945862058072996004e-02 -1.659526933161615744e-02 -1.254193254910889593e-02 -8.608320352891669913e-03 -5.562574415423425511e-03 -3.600072569398021522e-03 -2.541336066108408186e-03 -2.058683682473867304e-03 -1.842500387854854307e-03 -1.684156673015928165e-03 -1.488949967163511650e-03 -1.247659247813052985e-03 -9.942029777752366647e-04 -7.690299239539538862e-04 -5.975283014747245812e-04 -4.839105953235159547e-04 -4.160295574741911559e-04 -3.747559293459411852e-04 -3.426697604190857534e-04 -3.091216580055792607e-04 -2.711022004231111119e-04 -2.311012259819432229e-04 -1.937559767329091428e-04 -1.629307752875239180e-04 -1.401457165190780050e-04 -1.244788995923962855e-04 -1.134956886920180969e-04 -1.045106932728985755e-04 -9.559404238403893927e-05 -8.600421210192505186e-05 -7.604218596354039871e-05 -6.657529883313719615e-05 -5.836804580035743790e-05 -5.234951584257782349e-05 -4.594888926419702307e-05 -5.416066969759225240e-05
-5.105090269336529096e-02 -1.342064592697261860e-02 -9.130782682085536103e-03 -6.295838217841313346e-03 -4.891217779952226723e-03 -4.034299160765401730e-03 -3.520560754667626836e-03 -3.211717762700475043e-03 -3.021854851518318563e-03 -2.887540031053015700e-03 -2.765634359056512274e-03 -2.634994689799698576e-03 -2.497560266345925147e-03 -2.374681403181712856e-03 -2.297668485138923064e-03 -2.294219866447470314e-03 -2.374858640263108247e-03 -2.524714064456735040e-03 -2.704977809808644090e-03 -2.865657904847887776e-03 -2.966702686806369036e-03 -3.000419946364425022e-03 -3.005594554844834027e-03 -3.064383353238950194e-03 -3.278256028980287146e-03 -3.726905402146859191e-03 -4.423654651030387540e-03 -5.287392683311296568e-03 -6.151709811038606063e-03 -6.824438678536369832e-03 -7.192907437427446815e-03 -7.348412291479720915e-03 -7.680114392503633799e-03 -8.875713280793199808e-03 -1.177364943948687112e-02 -1.704253688432359401e-02 -2.473093168016358284e-02 -3.382271151795875758e-02 -4.205015949758535848e-02 -4.636655485961651418e-02 -4.462530241593153091e-02 -3.927608737261682748e-02 -4.410672425528464058e-02 -9.649817016243768253e-02 -2.747532949003226865e-01 -7.486864507025676740e-01 -1.756157516483048964e+00 -4.221944040015543465e+00 -7.290262539320043089e+00 -2.437690463927197726e+01 1.009227548498424998e+00 -2.944194085610865272e+02 9.903048726439707252e+02 -7.438934375778057074e+03 3.201400036405439096e+04 -7.273375449583409136e+03 9.776874763286350571e+02 -2.722462954981642724e+02 6.440556872536085997e+00 -1.956418578031594890e+01 -4.942857406146344168e+00 -2.892730428913947716e+00 -1.107094673385515371e+00 -4.515003709991753933e-01 -1.552591710799003100e-01 -5.164193623879353295e-02 -2.232314035079255993e-02 -1.887414333084616244e-02 -2.023958840558991515e-02 -1.980345747911747487e-02 -1.689479589099297449e-02 -1.277213610827181677e-02 -8.768758944315618517e-03 -5.667672492967837025e-03 -3.668917533316705306e-03 -2.590493936719438697e-03 -2.098999317195978081e-03 -1.879067646223579096e-03 -1.718030027059738079e-03 -1.519274126336913515e-03 -1.273359650211729676e-03 -1.014890758926103665e-03 -7.851759763451916958e-04 -6.101764220859117209e-04 -4.942377620485145871e-04 -4.249874290269827111e-04 -3.829029935486322157e-04 -3.501918326603030884e-04 -3.159697658591264797e-04 -2.771580755684002837e-04 -2.363016031629344878e-04 -1.981445676037968959e-04 -1.666438475768896514e-04 -1.433597176052811540e-04 -1.273534810295174865e-04 -1.161368064984510446e-04 -1.069628111404804637e-04 -9.785769007375620286e-05 -8.806087575286687902e-05 -7.790368726827297502e-05 -6.818099528228365987e-05 -6.029990163335055434e-05 -5.195628860970274824e-05 -6.015525040596408722e-05
-4.687140194190539400e-02 -1.250713574972086607e-02 -8.644827806156853839e-03 -6.075325994976981357e-03 -4.767442746876454987e-03 -3.923699271010319331e-03 -3.376813734225490513e-03 -3.023444821117770263e-03 -2.804295286537561958e-03 -2.670835636865655140e-03 -2.580402820691072262e-03 -2.499003017296271695e-03 -2.407489007321966020e-03 -2.305973206257428028e-03 -2.212897134099708896e-03 -2.157511852885697374e-03 -2.167299829118849667e-03 -2.254488903287065610e-03 -2.407190663413401929e-03 -2.589827040115697931e-03 -2.754840713333638405e-03 -2.863104904030695785e-03 -2.906175080736957041e-03 -2.920830976717188592e-03 -2.986847686732465104e-03 -3.203959493152901909e-03 -3.651575093692216098e-03 -4.344441531060892411e-03 -5.204135116908028755e-03 -6.067154514022952624e-03 -6.743182677871221303e-03 -7.119372633297895575e-03 -7.284682780882958779e-03 -7.624749209585503576e-03 -8.824472239878127650e-03 -1.172235648287073446e-02 -1.699119735699200495e-02 -2.468705070595627118e-02 -3.380115102361160723e-02 -4.206753268685010927e-02 -4.643089543264718871e-02 -4.472735595324857372e-02 -3.939822326705078731e-02 -4.427954896038105437e-02 -9.696423011358722144e-02 -2.763056668793323900e-01 -7.535205472061924370e-01 -1.768615614452873963e+00 -4.255439278200770836e+00 -7.349960074023476508e+00 -2.460830097582516274e+01 1.061377654306802087e+00 -2.976177497636854241e+02 1.001677383229211614e+03 -7.525237191260336658e+03 3.239552382001907245e+04 -7.362272880831744260e+03 9.897580165155319492e+02 -2.757467224185652412e+02 6.497015851938445330e+00 -1.983598848205389586e+01 -5.016769194228221984e+00 -2.936021675263480901e+00 -1.124262605386446401e+00 -4.586380325859401585e-01 -1.577750452006627946e-01 -5.249384474250869126e-02 -2.269717592754429830e-02 -1.919603831486437970e-02 -2.059195018404412839e-02 -2.015494736536211848e-02 -1.720003085062540502e-02 -1.300668683352596694e-02 -8.932208572288160078e-03 -5.774737021238936230e-03 -3.739050317152472526e-03 -2.640571683029844033e-03 -2.140067822371025281e-03 -1.916314789238610572e-03 -1.752530408494949862e-03 -1.550157998111007613e-03 -1.299534018928354085e-03 -1.035960535671966469e-03 -8.016210727047356523e-04 -6.230597419169541136e-04 -5.047576407318693547e-04 -4.341127627263666644e-04 -3.912024121625906777e-04 -3.578545745295046523e-04 -3.229460340144636710e-04 -2.833275039482859264e-04 -2.415998061211005108e-04 -2.026160792286644543e-04 -1.704274835664045971e-04 -1.466353043841653011e-04 -1.302839625113820109e-04 -1.188306735735417227e-04 -1.094673522986395212e-04 -1.001725842204951038e-04 -9.019321192408108934e-05 -7.976420186397683220e-05 -7.039191836025752080e-05 -5.990182830096273873e-05 -6.774108342740388844e-05
-4.244222838606663550e-02 -1.149674952028770410e-02 -8.100126867073762643e-03 -5.828241242015579082e-03 -4.649488435084059290e-03 -3.848170894312055550e-03 -3.286986047692665343e-03 -2.891850499414711471e-03 -2.629147310995580498e-03 -2.470379472720342449e-03 -2.383360580620380934e-03 -2.332739167631637210e-03 -2.286920719943656786e-03 -2.226683012021307261e-03 -2.151214593459278498e-03 -2.078186230849820692e-03 -2.036765771631788256e-03 -2.055216261571743332e-03 -2.147302793703703694e-03 -2.303099374057464548e-03 -2.488940062422716985e-03 -2.658620952455889759e-03 -2.773424344022364010e-03 -2.824255048969282530e-03 -2.846424628020745393e-03 -2.917994937796353737e-03 -3.137470923242026075e-03 -3.584137002138740400e-03 -4.273949880453056793e-03 -5.130699807418369861e-03 -5.993262330665522809e-03 -6.672795830058756567e-03 -7.056218445036149811e-03 -7.230462681505807516e-03 -7.578258592348668422e-03 -8.782456995809951109e-03 -1.168225325850064805e-02 -1.695484884374087731e-02 -2.466339160051952625e-02 -3.380533965409608654e-02 -4.211477113553203228e-02 -4.652605543841312197e-02 -4.485729240578380239e-02 -3.954354448602378364e-02 -4.447699140853082767e-02 -9.748094164014974028e-02 -2.779948097705975396e-01 -7.587089982091062002e-01 -1.781874123186748093e+00 -4.290765468776307934e+00 -7.412788810703696996e+00 -2.484939120989232109e+01 1.112844635557536543e+00 -3.009255515789263882e+02 1.013408361121121061e+03 -7.614250882946019374e+03 3.278865169315024104e+04 -7.453796270008635474e+03 1.002183852202179310e+03 -2.793447341214474591e+02 6.556290654483446723e+00 -2.011463945867423675e+01 -5.092350324270131345e+00 -2.980305419185638627e+00 -1.141807434946515265e+00 -4.659299755932008180e-01 -1.603440231803629767e-01 -5.336353324225616424e-02 -2.307896552923033306e-02 -1.952452359504544890e-02 -2.095140023149930780e-02 -2.051340483518210647e-02 -1.751124701182246723e-02 -1.324579339919412097e-02 -9.098813600938615576e-03 -5.883861626458057083e-03 -3.810531530378579845e-03 -2.691612133955949976e-03 -2.181924131096073683e-03 -1.954273449694326776e-03 -1.787687081119852198e-03 -1.581627705713238661e-03 -1.326204389065022051e-03 -1.057429930433873531e-03 -8.183788607575253997e-04 -6.361888687920966290e-04 -5.154788386737070745e-04 -4.434129964327015029e-04 -3.996609351107531863e-04 -3.656642041893189642e-04 -3.300561054133316135e-04 -2.896154596104231907e-04 -2.470001118871603847e-04 -2.071741899345728630e-04 -1.742849968366837004e-04 -1.499758375947810496e-04 -1.332741907162487407e-04 -1.215834030337687170e-04 -1.120298363076903435e-04 -1.025737344729155196e-04 -9.232656668663607612e-05 -8.230787459883054261e-05 -6.998885008326523598e-05 -7.769399167843323516e-05
-3.887006940371779545e-02 -1.061621961434966975e-02 -7.583901357414316556e-03 -5.552711881673570195e-03 -4.496019609786274830e-03 -3.756478898491354395e-03 -3.211145714515117530e-03 -2.799977092688984461e-03 -2.504390242902402187e-03 -2.312255560701295762e-03 -2.205962089373203396e-03 -2.158897308180658843e-03 -2.139214149857772852e-03 -2.117904629663907700e-03 -2.077677469298302472e-03 -2.018926863184645169e-03 -1.959807321082310521e-03 -1.929480836750631367e-03 -1.956128489194063416e-03 -2.053765294489808772e-03 -2.213244650919035748e-03 -2.402089598071201551e-03 -2.575294755274161896e-03 -2.694856334713142433e-03 -2.751561976030274422e-03 -2.779771865345736798e-03 -2.856156879901790638e-03 -3.078047215161004019e-03 -3.524414859164849093e-03 -4.212086237151365688e-03 -5.066691417732051110e-03 -5.929187088328776410e-03 -6.612078278731384727e-03 -7.002139532230701457e-03 -7.184598606741191516e-03 -7.539786079548165508e-03 -8.749086473160146149e-03 -1.165287269385602113e-02 -1.693292370989229675e-02 -2.465912314545999975e-02 -3.383414903823067643e-02 -4.219056453229828862e-02 -4.665075747589248617e-02 -4.501407790517542723e-02 -3.971134111373349207e-02 -4.469851452506654749e-02 -9.804754391055212071e-02 -2.798192435683986568e-01 -7.642495297936388043e-01 -1.795930976838246984e+00 -4.327927374470649902e+00 -7.478762276365525707e+00 -2.510029690736679342e+01 1.163727502328682384e+00 -3.043451413858429078e+02 1.025506801360061445e+03 -7.706043999024092045e+03 3.319369526116822817e+04 -7.548019740308787732e+03 1.014975094246589947e+03 -2.830433577257330171e+02 6.618410450109396770e+00 -2.040038346568014305e+01 -5.169669300665905354e+00 -3.025621831933714923e+00 -1.159745141439462390e+00 -4.733828515466546594e-01 -1.629684405042944872e-01 -5.425178518344878770e-02 -2.346884816546138813e-02 -1.985989122028832682e-02 -2.131825986105298151e-02 -2.087915070720279195e-02 -1.782872236446736772e-02 -1.348966848786333980e-02 -9.268721303240561732e-03 -5.995141972279183218e-03 -3.883423224357768471e-03 -2.743659205960656804e-03 -2.224604075089842148e-03 -1.992976056044858460e-03 -1.823530028108587362e-03 -1.613710011117556065e-03 -1.353393342900780730e-03 -1.079317018184324482e-03 -8.354633549236707962e-04 -6.495747084977754066e-04 -5.264102114345899390e-04 -4.528957820492749277e-04 -4.082855020081245078e-04 -3.736271113762659767e-04 -3.373057848008625178e-04 -2.960270877106622230e-04 -2.525070214881867318e-04 -2.118229337297112451e-04 -1.782203818045427729e-04 -1.533857909823648348e-04 -1.363312240454580822e-04 -1.244014953202482541e-04 -1.146907215374520480e-04 -1.049770797210629298e-04 -9.524420430852957879e-05 -8.186683277794043023e-05 -9.040814315027838007e-05
-3.679559430281506560e-02 -1.001927063204373705e-02 -7.169366613330338707e-03 -5.267215570114273937e-03 -4.293730166345786047e-03 -3.618094290385964057e-03 -3.115154800389213427e-03 -2.721818571857726517e-03 -2.420047072349636088e-03 -2.204639659746768492e-03 -2.070157883319732450e-03 -2.003601496449312902e-03 -1.983101807684072536e-03 -1.981709842722546595e-03 -1.974702680727278854e-03 -1.947655117406745743e-03 -1.902052981770068667e-03 -1.855623856007822389e-03 -1.836311810964711593e-03 -1.871171750537360809e-03 -1.973868591701382052e-03 -2.135918845777504561e-03 -2.326262101574234215e-03 -2.501450761699873428e-03 -2.624502594307983813e-03 -2.686248676777142595e-03 -2.720108723851920405e-03 -2.801278679148779677e-03 -3.025799688071725488e-03 -3.472224715995148037e-03 -4.158154634894744260e-03 -5.010961415689678400e-03 -5.873579303113994274e-03 -6.559780495529920347e-03 -6.956201983664588549e-03 -7.146526477838861628e-03 -7.509030253979579426e-03 -8.724115873381383876e-03 -1.163381297764000226e-02 -1.692472483084753176e-02 -2.467323720973118098e-02 -3.388636757193962817e-02 -4.229368670029941268e-02 -4.680396024782492587e-02 -4.519698400068822286e-02 -3.990118036583448213e-02 -4.494377896486764085e-02 -9.866344194598047901e-02 -2.817778013089955458e-01 -7.701406714649345897e-01 -1.810785902795289282e+00 -4.366933511681582836e+00 -7.547900182310934625e+00 -2.536115491258480503e+01 1.214119404987203055e+00 -3.078789766545966131e+02 1.037982071420230113e+03 -7.800687912786298511e+03 3.361097735086710600e+04 -7.645019926680505705e+03 1.028142189973492577e+03 -2.868457040878689668e+02 6.683411013760596653e+00 -2.069347123917799891e+01 -5.248796154402695535e+00 -3.072011704246722097e+00 -1.178091993587337960e+00 -4.810034185776542182e-01 -1.656506750671934702e-01 -5.515939986827284036e-02 -2.386717106906662694e-02 -2.020243982395848389e-02 -2.169285681854348988e-02 -2.125251184661479734e-02 -1.815274006775610682e-02 -1.373852880569756928e-02 -9.442081856667972409e-03 -6.108675730652098762e-03 -3.957788851264602489e-03 -2.796757864518358786e-03 -2.268144357327494566e-03 -2.032455818076431536e-03 -1.860089948024278104e-03 -1.646432316983565888e-03 -1.381124013732812046e-03 -1.101640329486306162e-03 -8.528889371799089781e-04 -6.632284630123476193e-04 -5.375608586352587830e-04 -4.625689800719297610e-04 -4.170832387585497194e-04 -3.817498638249403639e-04 -3.447010707501372943e-04 -3.025677940528221982e-04 -2.581254555394908398e-04 -2.165671507447197686e-04 -1.822389589045227739e-04 -1.568734313461142094e-04 -1.394627256702740616e-04 -1.273321746872266725e-04 -1.173534102240947780e-04 -1.082923213377158078e-04 -9.470001785121392676e-05 -1.056181633778142113e-04
-3.617915572435888294e-02 -9.729704041258023517e-03 -6.884997207817856145e-03 -4.998606391702411882e-03 -4.057986752946577021e-03 -3.432418565784876429e-03 -2.983882197910462959e-03 -2.634512612208458719e-03 -2.355124938087951175e-03 -2.137088500404522168e-03 -1.980401266852625190e-03 -1.884293687265824972e-03 -1.841320000315471630e-03 -1.835523978453514104e-03 -1.845140155246612328e-03 -1.848946571289494844e-03 -1.833935046028304077e-03 -1.801171039215119065e-03 -1.766872376786037761e-03 -1.757327810658835567e-03 -1.798600059066082129e-03 -1.904446875290749346e-03 -2.067497444575014994e-03 -2.258349548109723180e-03 -2.435084165758690748e-03 -2.561516938304616957e-03 -2.628254163179567955e-03 -2.667602609935026351e-03 -2.753273726603732569e-03 -2.980146939847384737e-03 -3.426524903807320454e-03 -4.110881835765684347e-03 -4.962290544332688576e-03 -5.825488930436732195e-03 -6.515296069017583597e-03 -6.918076216430975138e-03 -7.116038229167466998e-03 -7.485733585604249611e-03 -8.707112572892137733e-03 -1.162441693137808083e-02 -1.692939654368798286e-02 -2.470476003819217781e-02 -3.396101015845665039e-02 -4.242324808205313880e-02 -4.698495211532731364e-02 -4.540550706741289938e-02 -4.011271299705075621e-02 -4.521243304299893406e-02 -9.932806240401620412e-02 -2.838695824008177770e-01 -7.763817785116758907e-01 -1.826440437170521847e+00 -4.407796081771651053e+00 -7.620228169969409215e+00 -2.563211702431273054e+01 1.264108135825023460e+00 -3.115296442404496133e+02 1.050843923653267893e+03 -7.898256908509945788e+03 3.404083275627331750e+04 -7.744876080529264982e+03 1.041695944391355397e+03 -2.907549763238665150e+02 6.751331745215225055e+00 -2.099415918389470548e+01 -5.329802167702188065e+00 -3.119516588318544059e+00 -1.196864544859183033e+00 -4.887985531856263166e-01 -1.683931470896596061e-01 -5.608719211114197856e-02 -2.427428901078377069e-02 -2.055247435152029317e-02 -2.207552531952328145e-02 -2.163382136409051221e-02 -1.848358867179608622e-02 -1.399259525347884905e-02 -9.619048444785727181e-03 -6.224562627170080083e-03 -4.033693277058607481e-03 -2.850954125821386891e-03 -2.312582555294918647e-03 -2.072746736267117897e-03 -1.897398269302080429e-03 -1.679822682871591607e-03 -1.409420100311278585e-03 -1.124418860662285222e-03 -8.706703617857865880e-04 -6.771616299344044611e-04 -5.489401199272530641e-04 -4.724406567828707344e-04 -4.260614660053302838e-04 -3.900392461768132117e-04 -3.522482625176651507e-04 -3.092434755912937846e-04 -2.638612785562813399e-04 -2.214132279153937003e-04 -1.863504589927431217e-04 -1.604476915508713949e-04 -1.427237317517158978e-04 -1.302627079367802906e-04 -1.210793032015922892e-04 -1.075663003885044282e-04 -1.224030980275069697e-04
-3.640878232844589613e-02 -9.647837216831904247e-03 -6.707796835125534075e-03 -4.768778538601662828e-03 -3.821523317765175998e-03 -3.224062118567871862e-03 -2.824236910732697524e-03 -2.527112714482415267e-03 -2.287875817877627581e-03 -2.087691720138097184e-03 -1.924429451063503676e-03 -1.803572947164051865e-03 -1.729946074614063843e-03 -1.701442608150381458e-03 -1.706523444057723689e-03 -1.726386559198273517e-03 -1.741147820414460940e-03 -1.737725912115338197e-03 -1.716203417936431469e-03 -1.691534652340703337e-03 -1.689044489301461983e-03 -1.734517652286361733e-03 -1.842225436723480365e-03 -2.005917053924773357e-03 -2.197517425770648299e-03 -2.376164926602288008e-03 -2.506080285441295540e-03 -2.577479757521345706e-03 -2.621652099020160050e-03 -2.711100242379957826e-03 -2.939854756596540619e-03 -3.386172454613181095e-03 -4.069408177953690031e-03 -4.920144263909871814e-03 -5.784615819798724461e-03 -6.478404296800083749e-03 -6.887479863422123032e-03 -7.092714475582918496e-03 -7.469339640636416498e-03 -8.697431956667498951e-03 -1.162400887349501061e-02 -1.694626688716789273e-02 -2.475302985379907242e-02 -3.405742049706295127e-02 -4.257860666701545477e-02 -4.719313866822971715e-02 -4.563914076849447804e-02 -4.034552608051780037e-02 -4.550408919687740777e-02 -1.000409345619582141e-01 -2.860940679384278429e-01 -7.829731114777429557e-01 -1.842897858563122382e+00 -4.450530869488298791e+00 -7.695777695297775445e+00 -2.591334776193376044e+01 1.313778738764764586e+00 -3.152998674346234225e+02 1.064102500969183893e+03 -7.998828261332145303e+03 3.448360868654265505e+04 -7.847670187147082288e+03 1.055647532717919148e+03 -2.947744741375104240e+02 6.822216076717790401e+00 -2.130270990318230773e+01 -5.412759974395925155e+00 -3.168178875278210516e+00 -1.216079660254162809e+00 -4.967752613180652088e-01 -1.711983222570848950e-01 -5.703599286931549522e-02 -2.469056434322723995e-02 -2.091030619073259295e-02 -2.246660634355921934e-02 -2.202341898013225607e-02 -1.882156245144158552e-02 -1.425209317668670213e-02 -9.799777416431872459e-03 -6.342904529388373319e-03 -4.111202827119513070e-03 -2.906295083700629039e-03 -2.357957143973103773e-03 -2.113883626663639811e-03 -1.935487176730307964e-03 -1.713909850163809583e-03 -1.438305886678879156e-03 -1.147672086159431341e-03 -8.888227597089154008e-04 -6.913860011706826885e-04 -5.605575740250641828e-04 -4.825190960760046750e-04 -4.352277463094114587e-04 -3.985023847806811272e-04 -3.599542228372182989e-04 -3.160611090471381491e-04 -2.697221034573255689e-04 -2.263725535154370919e-04 -1.905651113467189163e-04 -1.641719525100925395e-04 -1.459822337823970455e-04 -1.344229593124194406e-04 -1.201127861267308145e-04 -1.395963290391356425e-04
-3.663495124775947159e-02 -9.609454053489922473e-03 -6.579785758694375875e-03 -4.585720601648407904e-03 -3.617639206141003323e-03 -3.028212929185714226e-03 -2.658385082056028293e-03 -2.402831978368679278e-03 -2.204632858492395001e-03 -2.033796511522687964e-03 -1.880946501299315086e-03 -1.750429841890751952e-03 -1.652581632636268864e-03 -1.595803172316900788e-03 -1.580500675497556419e-03 -1.596775774658014749e-03 -1.626784224457707454e-03 -1.651071027596730939e-03 -1.656575910431880901e-03 -1.643111497644275882e-03 -1.625223652672482541e-03 -1.627883720995613581e-03 -1.676774317972962213e-03 -1.786443283372773569e-03 -1.951282098480859898e-03 -2.144048598453508498e-03 -2.324612119368440252e-03 -2.457526738946818473e-03 -2.532780652395061251e-03 -2.580940093625307911e-03 -2.673597721230355165e-03 -2.904124095689331140e-03 -3.350749020080237908e-03 -4.033559681426601706e-03 -4.884391036599745016e-03 -5.750703081233097744e-03 -6.448654299805180526e-03 -6.863807365299987723e-03 -7.075900903699415198e-03 -7.459253156241474510e-03 -8.694592213920151677e-03 -1.163219992164120364e-02 -1.697496332960342705e-02 -2.481760491195946633e-02 -3.417504397373686414e-02 -4.275912206059918202e-02 -4.742788174346324048e-02 -4.589734980859917768e-02 -4.059923659905775167e-02 -4.581847019393979481e-02 -1.008018238729882360e-01 -2.884511336449737118e-01 -7.899158557747358866e-01 -1.860163235806470805e+00 -4.495155037044673563e+00 -7.774583635135457804e+00 -2.620503003194317060e+01 1.363208041224136524e+00 -3.191925008745498076e+02 1.077768355643733457e+03 -8.102482333322415798e+03 3.493966522313274618e+04 -7.953487081888996727e+03 1.070008516935672560e+03 -2.989075991096769940e+02 6.896111491777469737e+00 -2.161939265943057009e+01 -5.497743692230220525e+00 -3.218041871278096266e+00 -1.235754546193464698e+00 -5.049406903635605959e-01 -1.740687155961178623e-01 -5.800665029574789133e-02 -2.511636732085139115e-02 -2.127625348007483944e-02 -2.286644804881047752e-02 -2.242165147363832378e-02 -1.916696180146938017e-02 -1.451725266154607619e-02 -9.984428479975200263e-03 -6.463805562233793794e-03 -4.190385353034575128e-03 -2.962828953249452713e-03 -2.404307532030351691e-03 -2.155902155932925765e-03 -1.974389645109782439e-03 -1.748723271046343343e-03 -1.467806263073701380e-03 -1.171419969919035428e-03 -9.073616424948139454e-04 -7.059136663402870542e-04 -5.724230561182216872e-04 -4.928128562172491437e-04 -4.445900261952357834e-04 -4.071470378502912166e-04 -3.678270186443715695e-04 -3.230295906266616329e-04 -2.757210800329610917e-04 -2.314566542271404535e-04 -1.949546979688477342e-04 -1.678931467270850853e-04 -1.506421234492921963e-04 -1.332128232806011742e-04 -1.565555301512845882e-04
-3.616292034212056916e-02 -9.464528838835847835e-03 -6.437395539244251952e-03 -4.441894224116056493e-03 -3.465653306061302567e-03 -2.873692562968259857e-03 -2.511522191607019287e-03 -2.274959777451651243e-03 -2.103827783777464325e-03 -1.961323385834122524e-03 -1.829828479963958041e-03 -1.707006201421919136e-03 -1.600837708258086431e-03 -1.523123846956917285e-03 -1.482673644813976626e-03 -1.480106290484453678e-03 -1.506032224572507973e-03 -1.543489660032010703e-03 -1.574044501635267533e-03 -1.585443124422855231e-03 -1.577826118217503983e-03 -1.565549755724292237e-03 -1.573078409618974046e-03 -1.625610231849443929e-03 -1.737547050813483722e-03 -1.903613322030379106e-03 -2.097276968274490450e-03 -2.279192136397343270e-03 -2.414411423568113297e-03 -2.492889401675591528e-03 -2.544626663098131011e-03 -2.640388293168504687e-03 -2.872885932315773130e-03 -3.320252950902341342e-03 -4.003188828548691867e-03 -4.854635262754139133e-03 -5.723137562406366806e-03 -6.425341314855429267e-03 -6.846412656117449938e-03 -7.065114464622128908e-03 -7.455171371584080366e-03 -8.698402098965619597e-03 -1.164879315145830874e-02 -1.701517310354449738e-02 -2.489800312241327584e-02 -3.431325679345131191e-02 -4.296412681559503427e-02 -4.768859760302455314e-02 -4.617972563172477451e-02 -4.087363984817504736e-02 -4.615544200170126898e-02 -1.016107939534688781e-01 -2.909411718060301300e-01 -7.972098733760604183e-01 -1.878241014936511188e+00 -4.541693292288257133e+00 -7.856690487556500457e+00 -2.650735747753185123e+01 1.412472332077623793e+00 -3.232105369922463183e+02 1.091852458558550097e+03 -8.209302670517126899e+03 3.540937580062197958e+04 -8.062414570893217387e+03 1.084790862395487693e+03 -3.031578599936439673e+02 6.973069521700546503e+00 -2.194448383381947210e+01 -5.584829057473042369e+00 -3.269149874183308047e+00 -1.255906780991385530e+00 -5.133021415174765512e-01 -1.770068956215277711e-01 -5.900003097866034218e-02 -2.555207654973623912e-02 -2.165064150851005176e-02 -2.327540625280629868e-02 -2.282887317998690685e-02 -1.952009366970853046e-02 -1.478830886059696002e-02 -1.017316492070395942e-02 -6.587372241665351985e-03 -4.271310313895207954e-03 -3.020605125944215551e-03 -2.451674106822013515e-03 -2.198838882497074383e-03 -2.014139476173060044e-03 -1.784293138171867774e-03 -1.497946746099130828e-03 -1.195682977387284383e-03 -9.263029132510414631e-04 -7.207570383338771265e-04 -5.845467253561473491e-04 -5.033309283958900798e-04 -4.541569512500469872e-04 -4.159822860300624444e-04 -3.758767980797170357e-04 -3.301638790109207629e-04 -2.818711204831941125e-04 -2.367457313623982256e-04 -1.993449690796680006e-04 -1.731881785899434345e-04 -1.492586492331373705e-04 -1.740201242798429179e-04
-3.472828915140378780e-02 -9.139462718431003163e-03 -6.239325325068295625e-03 -4.319419013086237512e-03 -3.364313236470931230e-03 -2.771164803514961604e-03 -2.400212741485766542e-03 -2.159216740997596876e-03 -1.994372087429467210e-03 -1.869039384564164007e-03 -1.760201422639719963e-03 -1.657073664000081490e-03 -1.559736467226807742e-03 -1.476060460081210501e-03 -1.416851288277783160e-03 -1.390230852936921724e-03 -1.397037423382936410e-03 -1.429009985695124879e-03 -1.470794914577862105e-03 -1.505449030712687668e-03 -1.521600736908269120e-03 -1.519462823213305535e-03 -1.512794669096286437e-03 -1.525185978610370339e-03 -1.581145281514187992e-03 -1.694909521361186080e-03 -1.861645537831852718e-03 -2.055675946423128966e-03 -2.238541380284159339e-03 -2.375819364548638173e-03 -2.457398325051751535e-03 -2.512665709082565965e-03 -2.611537238345291133e-03 -2.846083111774852948e-03 -3.294376753091658380e-03 -3.977745059619383627e-03 -4.830195544458698413e-03 -5.701258338329487536e-03 -6.407946506019584175e-03 -6.834966391047315667e-03 -7.060180583173678720e-03 -7.456982413803510575e-03 -8.708705408938213766e-03 -1.167350779038338338e-02 -1.706646459320928372e-02 -2.499367553570430722e-02 -3.447147345539452318e-02 -4.319309280398724027e-02 -4.797491353776213441e-02 -4.648602023620141549e-02 -4.116877986830712322e-02 -4.651516016369951212e-02 -1.024658403693138042e-01 -2.935625754369124429e-01 -8.048603781503069765e-01 -1.897141751891977313e+00 -4.590169784464641189e+00 -7.942144522835230092e+00 -2.682053880212021824e+01 1.461643976547339019e+00 -3.273571076867145280e+02 1.106366213302404731e+03 -8.319376106821402573e+03 3.589312770777174592e+04 -8.174543555622474742e+03 1.100006954905260500e+03 -3.075288781063179044e+02 7.053145751409571673e+00 -2.227826738907355875e+01 -5.674093559606230741e+00 -3.321548250562488480e+00 -1.276554345523079004e+00 -5.218670823153664928e-01 -1.800154886128349507e-01 -6.001702127842230283e-02 -2.599807950939403423e-02 -2.203380316918410534e-02 -2.369384495456273304e-02 -2.324544652153312865e-02 -1.988127201592929799e-02 -1.506550233881474507e-02 -1.036615383465284632e-02 -6.713713621494639232e-03 -4.354048868024837891e-03 -3.079674232739147526e-03 -2.500098284922253403e-03 -2.242731300767163757e-03 -2.054771336536941485e-03 -1.820650414534782631e-03 -1.528753501071703543e-03 -1.220482096691286435e-03 -9.456629023805522257e-04 -7.359289326109013252e-04 -5.969392413468238177e-04 -5.140830830179567981e-04 -4.639386280540127162e-04 -4.250195037878253175e-04 -3.841204256060515429e-04 -3.374785836979606220e-04 -2.882616159563400750e-04 -2.420451160182096107e-04 -2.054912510138207332e-04 -1.717569672544459313e-04 -1.946162897779666451e-04
-3.255244426396202567e-02 -8.658545920304046642e-03 -5.981013647542387200e-03 -4.198829357270679463e-03 -3.294801692321838726e-03 -2.710733808062952815e-03 -2.326183221106961629e-03 -2.066347668071330957e-03 -1.889985594125093583e-03 -1.766836321347143917e-03 -1.673343572402658788e-03 -1.592412377942022594e-03 -1.514899860966109277e-03 -1.440294849365714213e-03 -1.375262502751232498e-03 -1.329863471510282997e-03 -1.312421028747706719e-03 -1.324875299204770216e-03 -1.360560400192040555e-03 -1.405667485633172549e-03 -1.444285116084633672e-03 -1.465330439870652637e-03 -1.468615159784344981e-03 -1.467096435025448805e-03 -1.483559612843903192e-03 -1.542064764841220631e-03 -1.656945143294190478e-03 -1.823965493008576763e-03 -2.018299427071668269e-03 -2.202239191736528063e-03 -2.341704701807122407e-03 -2.426382320696388213e-03 -2.485019012607817771e-03 -2.586767555943885345e-03 -2.823207565873260463e-03 -3.272488542696631603e-03 -3.956613301622525884e-03 -4.810582914355875615e-03 -5.684742916261705838e-03 -6.396283714306242631e-03 -6.829344739272764746e-03 -7.060957277225713390e-03 -7.464469710375739621e-03 -8.725192157650780989e-03 -1.170595531210433943e-02 -1.712840744250427455e-02 -2.510418834965810059e-02 -3.464931591250122733e-02 -4.344566638318324292e-02 -4.828674063211718659e-02 -4.681630121297939567e-02 -4.148242490358343415e-02 -4.689539708437771154e-02 -1.033700518937306773e-01 -2.963189773466506360e-01 -8.128693512075391148e-01 -1.916873824316634556e+00 -4.640612735928395516e+00 -8.030997724106624602e+00 -2.714479666354385756e+01 1.510792359969234777e+00 -3.316354874446995495e+02 1.121321470562339755e+03 -8.432792873760943621e+03 3.639132261018708232e+04 -8.289968161613091070e+03 1.115669618380861948e+03 -3.120243928347847486e+02 7.136399836915757078e+00 -2.262103533637971964e+01 -5.765616576119950487e+00 -3.375283513023577431e+00 -1.297715654043286593e+00 -5.306431592838068978e-01 -1.830971829732870038e-01 -6.105852872532776393e-02 -2.645477312009101092e-02 -2.242607944843121384e-02 -2.412213688504071321e-02 -2.367174256131933385e-02 -2.025081828984047830e-02 -1.534907943539476696e-02 -1.056356637513943507e-02 -6.842941450343024111e-03 -4.438673972545658340e-03 -3.140088212794723763e-03 -2.549622566178846514e-03 -2.287617887149201792e-03 -2.096320796740378141e-03 -1.857826866237887982e-03 -1.560253373902509592e-03 -1.245838885119856512e-03 -9.654584600968819106e-04 -7.514427676392950719e-04 -6.096121613425848447e-04 -5.250807565108456471e-04 -4.739478084553574088e-04 -4.342777713045855789e-04 -3.925748438506718738e-04 -3.450746859258084043e-04 -2.946771824924867503e-04 -2.493186277221182091e-04 -2.041327875841193035e-04 -2.225636738979377006e-04
-3.018474408081554122e-02 -8.120225350894750768e-03 -5.691349004478657089e-03 -4.067178453796047033e-03 -3.230766843496629681e-03 -2.668679967191496787e-03 -2.277407105450483804e-03 -1.998050590676488537e-03 -1.802453961058303553e-03 -1.669644226671961008e-03 -1.580031005093807291e-03 -1.514755089079995341e-03 -1.458260405793023167e-03 -1.401469851608933351e-03 -1.343570056666965919e-03 -1.291168855755415621e-03 -1.254740988755795837e-03 -1.243449232772240272e-03 -1.260295624278527779e-03 -1.299644112201682813e-03 -1.348458637084624934e-03 -1.391203695367082419e-03 -1.416751273733441027e-03 -1.424539187500206174e-03 -1.427005912755467849e-03 -1.446494472991082057e-03 -1.506888329563122299e-03 -1.622700992993821425e-03 -1.790187464951481554e-03 -1.985146761552485269e-03 -2.170388386229761806e-03 -2.312028353633081845e-03 -2.399542227888489497e-03 -2.461155153010646281e-03 -2.565443924975250624e-03 -2.803671703220111684e-03 -3.254153107449960468e-03 -3.939533099546674126e-03 -4.795659150108988467e-03 -5.673486023708154517e-03 -6.390200758773493216e-03 -6.829310484893284273e-03 -7.067132692775957535e-03 -7.477288403408286280e-03 -8.747530837956015229e-03 -1.174583856990236465e-02 -1.720075744771829701e-02 -2.522926302413322844e-02 -3.484669200721036975e-02 -4.372183303055773851e-02 -4.862157313440802764e-02 -4.716809534684099359e-02 -4.181772413584024933e-02 -4.729928616442094502e-02 -1.043224633266888607e-01 -2.992104410734117703e-01 -8.212405450446845778e-01 -1.937447708498885035e+00 -4.693053229838551665e+00 -8.123307092384047579e+00 -2.748036779306295330e+01 1.559984274736825993e+00 -3.360490967161301796e+02 1.136730543265744018e+03 -8.549646716276371080e+03 3.690437709558255301e+04 -8.408785871743877578e+03 1.131792133106831898e+03 -3.166482672745129321e+02 7.222895534462987044e+00 -2.297308820788333605e+01 -5.859479507783976970e+00 -3.430403398079745259e+00 -1.319409585206021474e+00 -5.396382107103468995e-01 -1.862547336568197154e-01 -6.212548346136261695e-02 -2.692256434160048006e-02 -2.282781993974402138e-02 -2.456066407873741878e-02 -2.410814157508479189e-02 -2.062906192479220871e-02 -1.563929263874375489e-02 -1.076557801013031807e-02 -6.975170337203824046e-03 -4.525260489374620387e-03 -3.201900386486840507e-03 -2.600290590003411905e-03 -2.333538146873148644e-03 -2.138824371810297935e-03 -1.895855102523348861e-03 -1.592473946944348087e-03 -1.271775577067595260e-03 -9.857071925837991144e-04 -7.673130461836955843e-04 -6.225790328020310059e-04 -5.363386048520456468e-04 -4.842064793168151257e-04 -4.437773242243057319e-04 -4.013571836018927762e-04 -3.527121336254033655e-04 -3.033608024753678628e-04 -2.480601795848780353e-04 -2.623803760423119727e-04
-2.822214932103174825e-02 -7.644466726617487468e-03 -5.415257403433559706e-03 -3.922223239355785047e-03 -3.150241304515969537e-03 -2.619239837443774251e-03 -2.235003059693658600e-03 -1.947422840398032066e-03 -1.736772026722683670e-03 -1.590163542805622839e-03 -1.494288669644057736e-03 -1.433227942875300214e-03 -1.390171692749497681e-03 -1.350990048661043124e-03 -1.307777508308818198e-03 -1.260680787755016951e-03 -1.217014231672636790e-03 -1.187709079196943608e-03 -1.182217310625294964e-03 -1.203782521106047014e-03 -1.247051345009836127e-03 -1.299320045173350596e-03 -1.345362254499638064e-03 -1.374229062401161527e-03 -1.385334032194972601e-03 -1.390902641984741476e-03 -1.412986175537351338e-03 -1.475259890457499869e-03 -1.592250467128886269e-03 -1.760487203758862897e-03 -1.956216209235683238e-03 -2.142680024899893884e-03 -2.286214287230207889e-03 -2.376190641437076444e-03 -2.440455882397878085e-03 -2.547139824389046524e-03 -2.787263239413255607e-03 -3.239303210443037796e-03 -3.926467351376100416e-03 -4.785314148305276627e-03 -5.667255808478467716e-03 -6.389361719873141651e-03 -6.834488353356781877e-03 -7.078368405617376305e-03 -7.495180857942354904e-03 -8.775568957925054467e-03 -1.179299738331226165e-02 -1.728354293238943545e-02 -2.536895425222134362e-02 -3.506090802807633466e-02 -4.401886362089649923e-02 -4.898267324930876548e-02 -4.754466279337418722e-02 -4.217343318957552517e-02 -4.772592132631526401e-02 -1.053234242537895715e-01 -3.022380632978858839e-01 -8.299782312297405706e-01 -1.958875286798563709e+00 -4.747525262844394689e+00 -8.219134533982455082e+00 -2.782750307199263062e+01 1.609284230656556458e+00 -3.406015056235967222e+02 1.152606222530175273e+03 -8.670035014703946217e+03 3.743272324269359524e+04 -8.531097664338703908e+03 1.148388254650251156e+03 -3.214044940153898438e+02 7.312700741124967152e+00 -2.333473553629799113e+01 -5.955765914834509900e+00 -3.486956944782644285e+00 -1.341655513365704655e+00 -5.488602795543325863e-01 -1.894909666609512766e-01 -6.321883971773163691e-02 -2.740187079551441307e-02 -2.323938337691660097e-02 -2.500981846271968165e-02 -2.455503363938521186e-02 -2.101634084600335559e-02 -1.593640097404331116e-02 -1.097236878997816072e-02 -7.110517924885743739e-03 -4.613885296225022671e-03 -3.265165530105704553e-03 -2.652147190177850996e-03 -2.380532658232055974e-03 -2.182319564337531839e-03 -1.934768638104704180e-03 -1.625443665773234790e-03 -1.298315372370555370e-03 -1.006428067302248810e-03 -7.835567412476524820e-04 -6.358574566032499818e-04 -5.478826874200720069e-04 -4.947393190970642094e-04 -4.536579067790588466e-04 -4.101929908845234458e-04 -3.630282595749711582e-04 -3.020578127706162702e-04 -3.168638517223460989e-04
-2.704318206610075576e-02 -7.317119506993999267e-03 -5.191558247114928110e-03 -3.771502714116552711e-03 -3.044194941146927385e-03 -2.545766609123414556e-03 -2.182174626111173157e-03 -1.903049610692117725e-03 -1.689879232010968197e-03 -1.533620361241795236e-03 -1.426715842061733550e-03 -1.359082203134965184e-03 -1.317669506828042687e-03 -1.288478430035282793e-03 -1.259871716708195477e-03 -1.225742183779492643e-03 -1.187142067430720267e-03 -1.151486231851409341e-03 -1.129325902552227867e-03 -1.129665254926627083e-03 -1.155563964994973762e-03 -1.201883790565880065e-03 -1.256450717146966262e-03 -1.304648519481007522e-03 -1.335959647821111920e-03 -1.349887553503072721e-03 -1.358410166900586667e-03 -1.383153859397159586e-03 -1.447428068252936458e-03 -1.565653024596585152e-03 -1.734580531994511267e-03 -1.930915293841272340e-03 -2.118382083709755524e-03 -2.263594375613252156e-03 -2.355868799578643424e-03 -2.422708861234969605e-03 -2.531821953566674045e-03 -2.774002433202592960e-03 -3.227891099368516547e-03 -3.917232196614823039e-03 -4.779232556785049935e-03 -5.665668508749333032e-03 -6.393401915644543639e-03 -6.844597028092484076e-03 -7.094514996827704263e-03 -7.518026231692811340e-03 -8.809426747777529543e-03 -1.184760097958416358e-02 -1.737397760179269779e-02 -2.552038640754882015e-02 -3.529542450218028926e-02 -4.434015909696834012e-02 -4.936861740715823427e-02 -4.794494983998208448e-02 -4.254965609418458194e-02 -4.817528337682087936e-02 -1.063732782721893838e-01 -3.054032610922681190e-01 -8.390872868474434920e-01 -1.981169759153195820e+00 -4.804065712397380672e+00 -8.318546819847428608e+00 -2.818646765498845141e+01 1.658754734188788493e+00 -3.452964380032218514e+02 1.168961794445885744e+03 -8.794058913102846418e+03 3.797680921490168839e+04 -8.657008156411517120e+03 1.165472233471788059e+03 -3.262972010914903080e+02 7.405887546460461657e+00 -2.370629634312512479e+01 -6.054561654530234094e+00 -3.544994574366365114e+00 -1.364473340247351008e+00 -5.583176265287960183e-01 -1.928087835895327118e-01 -6.433957732487811942e-02 -2.789312140679606547e-02 -2.366113818350267309e-02 -2.547000246187239303e-02 -2.501281923588774894e-02 -2.141300199394767165e-02 -1.624067040391363390e-02 -1.118412362502998504e-02 -7.249105068840364444e-03 -4.704627397372573502e-03 -3.329939944597898240e-03 -2.705238440787628620e-03 -2.428643113817555935e-03 -2.226844930700308447e-03 -1.974602043506442153e-03 -1.659192196964603787e-03 -1.325483199338126647e-03 -1.027643154585345352e-03 -8.001959263806565029e-04 -6.494791511612805482e-04 -5.597432271847819704e-04 -5.057158317360875609e-04 -4.635948847403168231e-04 -4.222582317819600613e-04 -3.613452518695979901e-04 -3.851695008828070034e-04
-2.666729861873837204e-02 -7.155806989926926688e-03 -5.036252969789719626e-03 -3.627441122173325622e-03 -2.918541611330044069e-03 -2.446588557137619867e-03 -2.111077723425600506e-03 -1.854437843114445025e-03 -1.652978193197888719e-03 -1.496434054220949824e-03 -1.380265941089665275e-03 -1.300364399305741717e-03 -1.250237689838239880e-03 -1.220439180561823768e-03 -1.200057510452844740e-03 -1.179544534846637934e-03 -1.153699599242672845e-03 -1.123470374009440500e-03 -1.095586082823231952e-03 -1.079841000556534206e-03 -1.084818698982649302e-03 -1.113678288816705901e-03 -1.161835531695276083e-03 -1.217875914324248682e-03 -1.267839351872021526e-03 -1.301523531720941542e-03 -1.318328685659035096e-03 -1.329813042197743348e-03 -1.357093223337375041e-03 -1.423128539630225771e-03 -1.542314593737961282e-03 -1.711716739648418313e-03 -1.908549462195635767e-03 -2.097011681287910389e-03 -2.243942387772540278e-03 -2.338544305096103455e-03 -2.407951021048432283e-03 -2.519472499119226449e-03 -2.763742939210183606e-03 -3.219638463909697476e-03 -3.911471814342708415e-03 -4.777062307943119243e-03 -5.668438818750174031e-03 -6.402159444905588213e-03 -6.859501891324347282e-03 -7.115711988188102785e-03 -7.546046846063538503e-03 -8.846193566954431778e-03 -1.190665841485053986e-02 -1.747583316683813323e-02 -2.568721484002395306e-02 -3.554867302610770219e-02 -4.468450747475415097e-02 -4.977943621135375724e-02 -4.836885440483883886e-02 -4.294643544078756425e-02 -4.864748536372556081e-02 -1.074724693407273640e-01 -3.087076982610730824e-01 -8.485731784847952985e-01 -2.004345614880548965e+00 -4.862714315969746792e+00 -8.421615570371141501e+00 -2.855754113972982111e+01 1.708456543506346348e+00 -3.501377757733657177e+02 1.185811057715271318e+03 -8.921823454110164676e+03 3.853709987969380018e+04 -8.786625752377090976e+03 1.183058835278282231e+03 -3.313306581104826591e+02 7.502532295027551257e+00 -2.408809963697853718e+01 -6.155955020521694188e+00 -3.604568171141504518e+00 -1.387883527076706924e+00 -5.680187433841654698e-01 -1.962111662925688227e-01 -6.548870325417097127e-02 -2.839675706310075196e-02 -2.409346303831983935e-02 -2.594162962152432583e-02 -2.548190987352463854e-02 -2.181940186401882739e-02 -1.655237424114878314e-02 -1.140103256860622305e-02 -7.391056012845097396e-03 -4.797568022934996235e-03 -3.396281509112699173e-03 -2.759611695950944799e-03 -2.477912391387432963e-03 -2.272440260794441301e-03 -2.015391384726517195e-03 -1.693751361931195585e-03 -1.353307818576325421e-03 -1.049380751500700358e-03 -8.172697508193094195e-04 -6.634806977517581023e-04 -5.721254156162873051e-04 -5.167419422289918013e-04 -4.774418392050184634e-04 -4.197505252065587291e-04 -4.622028332456653275e-04
-2.678535987929506895e-02 -7.109603418762759641e-03 -4.937819912963037176e-03 -3.501105341770717212e-03 -2.789563039589285955e-03 -2.333716140168716913e-03 -2.024932306595001678e-03 -1.796277433317401478e-03 -1.615939216646854583e-03 -1.468811472537991797e-03 -1.349903243993113428e-03 -1.258790167793259187e-03 -1.195245111751438776e-03 -1.156281434847524414e-03 -1.135215352656815174e-03 -1.122887066358408065e-03 -1.110465120826601695e-03 -1.092648868726629145e-03 -1.069838244223524039e-03 -1.048159944536527447e-03 -1.037053877717182375e-03 -1.045141338743841870e-03 -1.075982733382096872e-03 -1.125597964840849242e-03 -1.183159952525099845e-03 -1.235084147710483827e-03 -1.271228623858132803e-03 -1.290758236491976532e-03 -1.304830021552673804e-03 -1.334180880300393475e-03 -1.401583242808199627e-03 -1.521525813361711884e-03 -1.691412996475418666e-03 -1.888902154411490134e-03 -2.078547407024910771e-03 -2.227301523801535239e-03 -2.324200423165459061e-03 -2.396036737265254315e-03 -2.509820280468505471e-03 -2.756146642593650716e-03 -3.214220118025497199e-03 -3.908929423087665819e-03 -4.778664148943717778e-03 -5.675436349421822055e-03 -6.415781502694032842e-03 -6.879435440188879855e-03 -7.138849111735733576e-03 -7.576073350512797615e-03 -8.889965129865663035e-03 -1.197414463193805303e-02 -1.758747105833184318e-02 -2.586813548520987271e-02 -3.582062670026357754e-02 -4.505171454048109009e-02 -5.021510566166142997e-02 -4.881641863377556706e-02 -4.336386766761199385e-02 -4.914269967523624688e-02 -1.086215356963090573e-01 -3.121532703886001903e-01 -8.584419485275822659e-01 -2.028418616456432400e+00 -4.923513663714034649e+00 -8.528417260056770033e+00 -2.894101777990053392e+01 1.758448902898037458e+00 -3.551295636304035384e+02 1.203168342176250007e+03 -9.053437720530077058e+03 3.911407745515483111e+04 -8.920062798549019135e+03 1.201163362161824125e+03 -3.365092825782723480e+02 7.602715659478967325e+00 -2.448048492347485094e+01 -6.260036884473484164e+00 -3.665731164885685622e+00 -1.411907127263415607e+00 -5.779723664303848540e-01 -1.997011815935796353e-01 -6.666725319386440640e-02 -2.891323129315742299e-02 -2.453674745912672733e-02 -2.642512524980339741e-02 -2.596272872964377684e-02 -2.223590706032978551e-02 -1.687179356687985507e-02 -1.162329109434521827e-02 -7.536498549099778649e-03 -4.892790709964205641e-03 -3.464249730929189978e-03 -2.815315673265456932e-03 -2.528384769897907853e-03 -2.319147102668459807e-03 -2.057175312695668033e-03 -1.729157545226768294e-03 -1.381825247587531143e-03 -1.071689029865335050e-03 -8.348215962140504830e-04 -6.781059716651028973e-04 -5.845481882302558732e-04 -5.324412390457210773e-04 -4.737430377345559253e-04 -5.404251449323251239e-04
-2.692935703681740428e-02 -7.088595650549160167e-03 -4.865174036996576697e-03 -3.397419076775506138e-03 -2.675485501213457039e-03 -2.225825078234819517e-03 -1.935069141603703137e-03 -1.729878334889412006e-03 -1.571651964522739102e-03 -1.439634933955293060e-03 -1.325743229517533338e-03 -1.229805511322041613e-03 -1.155012596159378556e-03 -1.103762187870739033e-03 -1.074809427230528436e-03 -1.062466010325531637e-03 -1.058011654224564040e-03 -1.052705111459617277e-03 -1.041167932220058486e-03 -1.023688702117469878e-03 -1.006335471564523670e-03 -9.985884327195612611e-04 -1.009222121470258271e-03 -1.042045999168829395e-03 -1.093377380050469805e-03 -1.152663869254170765e-03 -1.206497002059693730e-03 -1.244760169148039245e-03 -1.266489983232510150e-03 -1.282619376929725313e-03 -1.313667584696290649e-03 -1.382303836375581947e-03 -1.503093348161248580e-03 -1.673683138645698032e-03 -1.872045152659300915e-03 -2.062982394004567351e-03 -2.213516454834502968e-03 -2.312546108021942912e-03 -2.386612112197297221e-03 -2.502540511783955205e-03 -2.750977000686316825e-03 -3.211533314014258528e-03 -3.909508267417273128e-03 -4.784225345819870592e-03 -5.686921450718873845e-03 -6.430931216481344977e-03 -6.900996771244702170e-03 -7.168320090372237198e-03 -7.612386818238772376e-03 -8.939027246761226467e-03 -1.204870439024797318e-02 -1.770887807432566796e-02 -2.606291071483445715e-02 -3.611118634418900714e-02 -4.544173980149575354e-02 -5.067566944525234152e-02 -4.928775047741092152e-02 -4.380209790954653348e-02 -4.966114671268661435e-02 -1.098211035185337331e-01 -3.157420974596767960e-01 -8.687002061721688095e-01 -2.053405790265852460e+00 -4.986509202723264700e+00 -8.639033239986947166e+00 -2.933720673924664624e+01 1.808789759117569673e+00 -3.602760140722803044e+02 1.221048528238223071e+03 -9.189014983878283601e+03 3.970824218470362393e+04 -9.057435743758611352e+03 1.219801674571004696e+03 -3.418376464345438421e+02 7.706522724105057343e+00 -2.488380272809239102e+01 -6.366900840360347757e+00 -3.728538614961033115e+00 -1.436565819728595095e+00 -5.881874903326855808e-01 -2.032819861164726349e-01 -6.787629316414811598e-02 -2.944301096737143159e-02 -2.499139240682701421e-02 -2.692092708007342780e-02 -2.645571130665008361e-02 -2.266289485567990827e-02 -1.719921764301294426e-02 -1.185110035831521760e-02 -7.685564163660939599e-03 -4.990381390307811575e-03 -3.533905859888385702e-03 -2.872400714847986574e-03 -2.580106533098422156e-03 -2.367009972019327221e-03 -2.099997684990672405e-03 -1.765455205747755180e-03 -1.411093747534524498e-03 -1.094618458510159854e-03 -8.531337936046904866e-04 -6.927770178356930982e-04 -6.024257523983293696e-04 -5.275040176487209550e-04 -6.144118754319257726e-04
-2.669162483366570304e-02 -7.007309046956001347e-03 -4.783289633134390866e-03 -3.313673283548421340e-03 -2.588236961043659419e-03 -2.139202157281356112e-03 -1.854828699532971035e-03 -1.661556723926012249e-03 -1.518514035439147382e-03 -1.401277790644320665e-03 -1.297858687683374479e-03 -1.205344702927398917e-03 -1.126474049489286505e-03 -1.065831133967721622e-03 -1.026341889823751633e-03 -1.006956270638197440e-03 -1.002200783393102307e-03 -1.003728346988839309e-03 -1.003284934092575761e-03 -9.959523591997955939e-04 -9.823174009172522172e-04 -9.685303806465498690e-04 -9.639866636661912399e-04 -9.773279948050639029e-04 -1.012307469387011081e-03 -1.065330319317013335e-03 -1.126057423464445987e-03 -1.181327762107211785e-03 -1.221193309751417416e-03 -1.244704937506356307e-03 -1.262658410090086942e-03 -1.295365613331729516e-03 -1.365338229265655300e-03 -1.487131245674893449e-03 -1.658551173237493874e-03 -1.857831339984374313e-03 -2.050011448411743955e-03 -2.202206943001219601e-03 -2.303232953710630544e-03 -2.379432139390258352e-03 -2.497545168847102419e-03 -2.748164733956578228e-03 -3.211819564155211568e-03 -3.913524508123745159e-03 -4.790191642125062391e-03 -5.699257706410882154e-03 -6.452315936389161656e-03 -6.928766365955155333e-03 -7.202289331102156716e-03 -7.653552130505411263e-03 -8.993392911103527051e-03 -1.213010432877727196e-02 -1.783994031356328155e-02 -2.627144573241535497e-02 -3.642031165976664098e-02 -4.585461225139239594e-02 -5.116123261948628959e-02 -4.978301114785761705e-02 -4.426131430507320580e-02 -5.020309060458483935e-02 -1.110718831424587355e-01 -3.194765191304577701e-01 -8.793551218326811636e-01 -2.079325423028437925e+00 -5.051749251754838355e+00 -8.753549776820056749e+00 -2.974643238522592270e+01 1.859535961838340690e+00 -3.655815127525858657e+02 1.239467067262765568e+03 -9.328672860128996035e+03 4.032011304140249558e+04 -9.198865306435876846e+03 1.238990214162100074e+03 -3.473204828150496155e+02 7.814043078681268462e+00 -2.529841513344522852e+01 -6.476643351858735187e+00 -3.793047296397470181e+00 -1.461881942970632675e+00 -5.986733822212237932e-01 -2.069568312275143485e-01 -6.911692117765401433e-02 -2.998657702314601325e-02 -2.545781090969442481e-02 -2.742948594938764140e-02 -2.696130609697759348e-02 -2.310075374994204761e-02 -1.753494431642920945e-02 -1.208466745778221177e-02 -7.838388205700907649e-03 -5.090428566037340403e-03 -3.605313207259780266e-03 -2.930919463332549123e-03 -2.633127271690068744e-03 -2.416079139678470843e-03 -2.143911106841494933e-03 -1.802713147065967752e-03 -1.441171578985621805e-03 -1.118488622933974533e-03 -8.715325364078110220e-04 -7.136652925385803198e-04 -5.967033675148725614e-04 -6.871322434711977590e-04
-2.589474159480191842e-02 -6.821397352970050634e-03 -4.668834276119689791e-03 -3.241503001465455974e-03 -2.528873091752753457e-03 -2.080784825922577311e-03 -1.793334590753456947e-03 -1.599087965778378832e-03 -1.460262765761456997e-03 -1.352324512781930867e-03 -1.260479895882062875e-03 -1.177715500723292008e-03 -1.103183175720909596e-03 -1.039972475885252764e-03 -9.923251224306347054e-04 -9.628722317914709247e-04 -9.507087661374249640e-04 -9.509882397298192709e-04 -9.562597829193234412e-04 -9.591200958261403633e-04 -9.551931701005926968e-04 -9.451904319900619354e-04 -9.350376499638202860e-04 -9.337503382135744524e-04 -9.496593390961385883e-04 -9.864340362529067183e-04 -1.040657757387123458e-03 -1.102341678687572676e-03 -1.158685501159614035e-03 -1.199957207326342703e-03 -1.225200079646471133e-03 -1.245008454381891193e-03 -1.279418211158015817e-03 -1.350740095081022279e-03 -1.473510682346650677e-03 -1.645713813181700833e-03 -1.845868156426205831e-03 -2.039267102371140200e-03 -2.193110927887783387e-03 -2.296168072295544892e-03 -2.374430935879177831e-03 -2.495113110569349008e-03 -2.748079001092286911e-03 -3.211298932205997742e-03 -3.917109488182829447e-03 -4.801634293092224039e-03 -5.717362423317136691e-03 -6.477962049695068676e-03 -6.961198385518744570e-03 -7.240769872531566294e-03 -7.699329211217516115e-03 -9.052954493945945119e-03 -1.221824520368035814e-02 -1.798058470652078369e-02 -2.649369936190396069e-02 -3.674801479900672435e-02 -4.629041663048313882e-02 -5.167195482714795340e-02 -5.030241014967429258e-02 -4.474174477040612080e-02 -5.076883679369451063e-02 -1.123746666119858351e-01 -3.233590916108583513e-01 -8.904144242755021033e-01 -2.106197063251774360e+00 -5.119285025647684506e+00 -8.872058107331531218e+00 -3.016903462101219446e+01 1.910743450142584621e+00 -3.710506241696945722e+02 1.258440002924046212e+03 -9.472533472930859716e+03 4.095022846317559743e+04 -9.344476648504611148e+03 1.258746027578097710e+03 -3.529626930563882752e+02 7.925370922562695597e+00 -2.572469633234254260e+01 -6.589363903244899845e+00 -3.859315788174635831e+00 -1.487878529963394314e+00 -6.094395961529640582e-01 -2.107290681065023541e-01 -7.039026894956987301e-02 -3.054442521434686322e-02 -2.593642870434660977e-02 -2.795126648893151919e-02 -2.747997525484086392e-02 -2.354988403309232065e-02 -1.787928043620947913e-02 -1.232420573195697200e-02 -7.995110162448646265e-03 -5.193023706958608578e-03 -3.678537904376141636e-03 -2.990928283222639688e-03 -2.687502938575169441e-03 -2.466414507800363063e-03 -2.188995195156690724e-03 -1.840999372527714903e-03 -1.472418519743117328e-03 -1.142538696525081552e-03 -8.969376699759468944e-04 -7.080918796927420386e-04 -7.753189923545459683e-04
-2.464340443450550172e-02 -6.542434417766413227e-03 -4.518956318030339231e-03 -3.171040136502995942e-03 -2.488197390754324015e-03 -2.046055226374136633e-03 -1.751859404321321791e-03 -1.548010540956712639e-03 -1.403579848191534437e-03 -1.297306008870218602e-03 -1.213873157535289146e-03 -1.142792475825182537e-03 -1.078467459079234967e-03 -1.019957354431465669e-03 -9.698139876535644350e-04 -9.319855875931693000e-04 -9.093517836076185461e-04 -9.017561789251705550e-04 -9.053417696273222039e-04 -9.135643841054714520e-04 -9.195929107456350497e-04 -9.191907490991532183e-04 -9.128436397565366884e-04 -9.060712152424679929e-04 -9.075204180512557069e-04 -9.253583337469940568e-04 -9.633560012619539308e-04 -1.018408017688851846e-03 -1.080908613095997147e-03 -1.138355490186224910e-03 -1.181119691465796085e-03 -1.208132387094774203e-03 -1.229734827425687767e-03 -1.265701446721482224e-03 -1.338204412300590109e-03 -1.461833680672265136e-03 -1.634798020027158991e-03 -1.835889457491568554e-03 -2.030657175953181227e-03 -2.186159488411220774e-03 -2.291652750166377293e-03 -2.372012234973617552e-03 -2.491201094827553541e-03 -2.746593374765955112e-03 -3.215446147952528543e-03 -3.925565221298810657e-03 -4.816451387164930563e-03 -5.739581295282774470e-03 -6.507877776919765087e-03 -6.998027571409382031e-03 -7.283643274459647085e-03 -7.749615196609526899e-03 -9.117635972394521476e-03 -1.231306739033551090e-02 -1.813077316721437710e-02 -2.672967012978008650e-02 -3.709435337712006786e-02 -4.674928781680429829e-02 -5.220804624047989395e-02 -5.084620235193366977e-02 -4.524365497080579807e-02 -5.135873046825554372e-02 -1.137303260338233535e-01 -3.273925857681840301e-01 -9.018864001268075414e-01 -2.134041527289848084e+00 -5.189170668883055448e+00 -8.994654507778465202e+00 -3.060536925507942740e+01 1.962467426692094286e+00 -3.766880976963172429e+02 1.277983993585305598e+03 -9.620723624572832705e+03 4.159914712038412108e+04 -9.494399556454467529e+03 1.279086791205839745e+03 -3.587693539594443450e+02 8.040605179014507442e+00 -2.616303319804594452e+01 -6.705165154206257583e+00 -3.927404563934900228e+00 -1.514579343980026582e+00 -6.204959879662909072e-01 -2.146021529604021649e-01 -7.169750366052823898e-02 -3.111706688517501193e-02 -2.642768489473745416e-02 -2.848674783154714341e-02 -2.801219528653517421e-02 -2.401069837519426847e-02 -1.823254232293970364e-02 -1.256993517448271730e-02 -8.155874168217495945e-03 -5.298262140733588609e-03 -3.753650570869734165e-03 -3.052490928200149705e-03 -2.743300856439400900e-03 -2.518107730161509277e-03 -2.235331706414969612e-03 -1.880727756065195483e-03 -1.503991466402697375e-03 -1.174584626331485592e-03 -8.925976045355861607e-04 -9.103411121281404896e-04
-2.324829525808750491e-02 -6.226685228241571508e-03 -4.350120320293208477e-03 -3.095192674364995785e-03 -2.451730661514681196e-03 -2.022151680972872952e-03 -1.724061180388215472e-03 -1.509394896918656156e-03 -1.354767335651568599e-03 -1.243935181235511023e-03 -1.163384354019444565e-03 -1.101245819053702727e-03 -1.048232156922494817e-03 -9.989253972945409156e-04 -9.523346045744392240e-04 -9.111526858283640774e-04 -8.797844993601160743e-04 -8.618037086053694385e-04 -8.578098058983553865e-04 -8.645831081750593363e-04 -8.759765034706885238e-04 -8.852810958897805145e-04 -8.881555551084105828e-04 -8.848575752022819251e-04 -8.806766920081092855e-04 -8.841288521263905836e-04 -9.034024211891297784e-04 -9.424346275217690546e-04 -9.983703394447951320e-04 -1.061847464338189521e-03 -1.120514443114332525e-03 -1.164751634406391680e-03 -1.193367188236011062e-03 -1.216512264575451930e-03 -1.253798151529727112e-03 -1.327348770882021307e-03 -1.451836796689277452e-03 -1.625725854506987695e-03 -1.827835824051588128e-03 -2.024512678940165820e-03 -2.181788102848640672e-03 -2.285341989057589496e-03 -2.367750124367259609e-03 -2.491705981955101307e-03 -2.749422074142791363e-03 -3.222028448113490370e-03 -3.937137485340319425e-03 -4.834664263595934812e-03 -5.765631685400752875e-03 -6.541929835548674667e-03 -7.039135217647546870e-03 -7.330822713834017797e-03 -7.804343548904941509e-03 -9.187387301195892864e-03 -1.241453685400095187e-02 -1.829049600927445951e-02 -2.697939092220720883e-02 -3.745942634567562407e-02 -4.723140742293063798e-02 -5.276976486297834529e-02 -5.141468599516042098e-02 -4.576734693015842292e-02 -5.197315548702808458e-02 -1.151398125003000178e-01 -3.315799862540668164e-01 -9.137798955267215639e-01 -2.162880909699591570e+00 -5.261463297835362596e+00 -9.121440377445464875e+00 -3.105580840777998120e+01 2.014762521060081468e+00 -3.824988739568379970e+02 1.298116335731894424e+03 -9.773374975010936396e+03 4.226744871724890254e+04 -9.648768629965772561e+03 1.300030836963101137e+03 -3.647457253279953875e+02 8.159849619765926931e+00 -2.661382587312958492e+01 -6.824153098977584264e+00 -3.997376085359749975e+00 -1.542008915434992300e+00 -6.318527305646449710e-01 -2.185796523938478841e-01 -7.303982977941020360e-02 -3.170502977474141254e-02 -2.693203263627073213e-02 -2.903642434382209397e-02 -2.855845776812311956e-02 -2.448362246069554771e-02 -1.859505634107364025e-02 -1.282208310000076956e-02 -8.320830129988434493e-03 -5.406245220457616199e-03 -3.830731201008984611e-03 -3.115685905205296986e-03 -2.800628729745427599e-03 -2.571260844956440011e-03 -2.283419296880594834e-03 -1.920954402270039219e-03 -1.545050611120429070e-03 -1.172074603289749049e-03 -1.131356053913618173e-03
-2.206844867438059743e-02 -5.945386786656414908e-03 -4.188589517992601444e-03 -3.012200457767296325e-03 -2.406426460862422581e-03 -1.994284484457410200e-03 -1.699538338523107553e-03 -1.479855544889743107e-03 -1.317015661188877459e-03 -1.199319974817920952e-03 -1.116412088060016747e-03 -1.057537714823716815e-03 -1.012280020003283919e-03 -9.723170271649082298e-04 -9.330593873971129498e-04 -8.942791433294332770e-04 -8.593227168640529649e-04 -8.330874566352198043e-04 -8.194704985833178466e-04 -8.192638629449152657e-04 -8.293667393994147430e-04 -8.437220622201375541e-04 -8.556979968136202430e-04 -8.610081108997859030e-04 -8.599279352290403917e-04 -8.577273309659456989e-04 -8.628873573661483996e-04 -8.835832987653467318e-04 -9.237922985863166901e-04 -9.807577891333585547e-04 -1.045247264495779678e-03 -1.105019579030871481e-03 -1.150499080490732491e-03 -1.180452249972028774e-03 -1.204932222658116475e-03 -1.243436419886737466e-03 -1.318108059238474279e-03 -1.443477336654925376e-03 -1.618872548005880190e-03 -1.822188531651811527e-03 -2.016165116767992729e-03 -2.175240495587747215e-03 -2.283577788316268342e-03 -2.367789229869054265e-03 -2.494239590242065385e-03 -2.754698783934746847e-03 -3.231089055928396386e-03 -3.951540302199569102e-03 -4.856139360678001123e-03 -5.795386272865667154e-03 -6.580018161124834807e-03 -7.084440983918084168e-03 -7.382247006865253793e-03 -7.863469323778184486e-03 -9.262177920241176574e-03 -1.252264017691757762e-02 -1.845976828701314382e-02 -2.724292588844365662e-02 -3.784337126191487238e-02 -4.773700141036678335e-02 -5.335741458144468985e-02 -5.200820125327085264e-02 -4.631315804736965691e-02 -5.261253364591331194e-02 -1.166041554647784806e-01 -3.359244915338516768e-01 -9.261043197661722459e-01 -2.192738597646168852e+00 -5.336223051363744752e+00 -9.252522335946112619e+00 -3.152074095458290870e+01 2.067682943512896276e+00 -3.884880915606593703e+02 1.318854988502880360e+03 -9.930624229277362247e+03 4.295573482869578584e+04 -9.807723478479963887e+03 1.321597179169533774e+03 -3.708972577991355593e+02 8.283212999928128539e+00 -2.707748837836879474e+01 -6.946437230192820778e+00 -4.069294898442968211e+00 -1.570192579837968561e+00 -6.435203296733881251e-01 -2.226652489560417558e-01 -7.441849095544331161e-02 -3.230885885263091312e-02 -2.744993983412133756e-02 -2.960080636232757453e-02 -2.911927007643838258e-02 -2.496909570829505126e-02 -1.896715977554126395e-02 -1.308088566159036452e-02 -8.490136743419423801e-03 -5.517087192372630358e-03 -3.909880204469412882e-03 -3.180646003287182673e-03 -2.859617774974202494e-03 -2.626505803223916965e-03 -2.332151493454340078e-03 -1.973014096751610127e-03 -1.543721256257343756e-03 -1.470119127749894630e-03
-2.134810493301056780e-02 -5.751525119538041311e-03 -4.057569675575091982e-03 -2.925605371508118498e-03 -2.346062203761898734e-03 -1.952320176155554346e-03 -1.668782716634263381e-03 -1.453511405138353633e-03 -1.289347099522288997e-03 -1.166888543943648627e-03 -1.078862035899206878e-03 -1.017413128668862238e-03 -9.737909566393598360e-04 -9.394443257375407813e-04 -9.077158791965802501e-04 -8.752816923012129904e-04 -8.426501482885567990e-04 -8.133990185400518953e-04 -7.923179849951149422e-04 -7.830880474264922389e-04 -7.863767557933279678e-04 -7.991509023835589257e-04 -8.155947231061117702e-04 -8.293867879132412607e-04 -8.364921391051297452e-04 -8.372906476179700760e-04 -8.369976384665660978e-04 -8.439427482093391896e-04 -8.661527083023058292e-04 -9.075458944572080064e-04 -9.654307544806628189e-04 -1.030732595359313847e-03 -1.091383295378896496e-03 -1.137919341600508337e-03 -1.169094402099417427e-03 -1.194929961675411569e-03 -1.234581964540581740e-03 -1.310903410293235783e-03 -1.437292071436964370e-03 -1.609227650472341105e-03 -1.813841825473924956e-03 -2.012445119329071223e-03 -2.173124812851632160e-03 -2.283791247607686384e-03 -2.370126943597168894e-03 -2.498857794806029747e-03 -2.762131311213153473e-03 -3.242501285269592300e-03 -3.968650601677729990e-03 -4.880775740409735650e-03 -5.828757081605191737e-03 -6.622069449112311969e-03 -7.133887061827920602e-03 -7.437873712302422134e-03 -7.926964100780677092e-03 -9.341993316360198280e-03 -1.263738187793582088e-02 -1.863862750681498023e-02 -2.752036832893879625e-02 -3.824636230775153856e-02 -4.826633831133662900e-02 -5.397134371252355900e-02 -5.262712918388140482e-02 -4.688146040865685121e-02 -5.327732420647755124e-02 -1.181244624988027903e-01 -3.404295147335375527e-01 -9.388696507800016189e-01 -2.223639289168892308e+00 -5.413513149478732522e+00 -9.388012333879215632e+00 -3.200057300586447440e+01 2.121282630433623861e+00 -3.946610942012587770e+02 1.340218599367248771e+03 -1.009261333362577170e+04 4.366462977428546583e+04 -9.971408926119647731e+03 1.343805542556881619e+03 -3.772296009829068453e+02 8.410809203302754611e+00 -2.755444924306137366e+01 -7.072130707879379585e+00 -4.143227732899419813e+00 -1.599156516962624286e+00 -6.555096401146801588e-01 -2.268627468750580300e-01 -7.583477196263035958e-02 -3.292911714268786233e-02 -2.798188979716188796e-02 -3.018042089428546113e-02 -2.969515619607726933e-02 -2.546757239947724030e-02 -1.934920291653252633e-02 -1.334659206628942447e-02 -8.663971012501795951e-03 -5.630930758398523805e-03 -3.991271472528607617e-03 -3.247542199370779398e-03 -2.921092759052599120e-03 -2.682458572270488353e-03 -2.396188194520562902e-03 -1.970471125676421641e-03 -1.931406469870659186e-03
-2.111986140819016936e-02 -5.657912293510499076e-03 -3.967036801817403445e-03 -2.841951142450865452e-03 -2.273134761073957334e-03 -1.894658656404386811e-03 -1.627208030943816299e-03 -1.424803788574435012e-03 -1.267471598844425919e-03 -1.145259308585499635e-03 -1.052672659697606811e-03 -9.851585479504776106e-04 -9.374352610698539123e-04 -9.032155608078512934e-04 -8.760309462529622436e-04 -8.506484704234303171e-04 -8.244081059829783597e-04 -7.978362224323047895e-04 -7.741545037834157966e-04 -7.577384196683864016e-04 -7.520436401753598623e-04 -7.578083140816629188e-04 -7.723234268859794716e-04 -7.902053675336281934e-04 -8.055006574710904923e-04 -8.143537375840666052e-04 -8.171034090761189125e-04 -8.187656469060151368e-04 -8.274319423706197980e-04 -8.509727227928055035e-04 -8.933026451484543055e-04 -9.518730126870896587e-04 -1.017832098887380687e-03 -1.079292053708372310e-03 -1.126943540027189241e-03 -1.159258232273641326e-03 -1.186964884178104418e-03 -1.227823503659043356e-03 -1.300349308697960763e-03 -1.427799455656812190e-03 -1.604163501331666098e-03 -1.809917081092165614e-03 -2.010590724888104870e-03 -2.173286537884111785e-03 -2.286041957405554083e-03 -2.374452087173969418e-03 -2.505432360789098395e-03 -2.771599649785574764e-03 -3.256170005403766915e-03 -3.988384000006148927e-03 -4.908498307335975967e-03 -5.865678555328667637e-03 -6.668029734777041959e-03 -7.187432707911074053e-03 -7.497675501763577388e-03 -7.994813333345016440e-03 -9.426832980904940179e-03 -1.275878268495432566e-02 -1.882713202862825244e-02 -2.781183913819614342e-02 -3.866860878817268005e-02 -4.881972787640979222e-02 -5.461194391802965536e-02 -5.327189097820867608e-02 -4.747266033207658137e-02 -5.396802363734373720e-02 -1.197019193830676231e-01 -3.450986852395623306e-01 -9.520864423948888211e-01 -2.255609015149081298e+00 -5.493399959867731219e+00 -9.528027776604822918e+00 -3.249572842336809231e+01 2.175615382401863140e+00 -4.010234381317458769e+02 1.362226530991919162e+03 -1.025948968077605605e+04 4.439478153095161542e+04 -1.013997522538275007e+04 1.366676391477055631e+03 -3.837486119288310533e+02 8.542757398297775140e+00 -2.804515215829107433e+01 -7.201350533994263614e+00 -4.219243604954906246e+00 -1.628927791323037999e+00 -6.678318826177034317e-01 -2.311760779408408295e-01 -7.729000061887453255e-02 -3.356638644660166204e-02 -2.852838181049070429e-02 -3.077581241722060837e-02 -3.028665810747540460e-02 -2.597952445986886558e-02 -1.974155468053117451e-02 -1.361947700064365489e-02 -8.842548093692913225e-03 -5.748014638929623693e-03 -4.075127313642676503e-03 -3.317447764188703047e-03 -2.983235773869312695e-03 -2.758323162014835166e-03 -2.388547057500973580e-03 -2.478487437826630557e-03
-2.120953906776228137e-02 -5.635119543816792011e-03 -3.910433705359783220e-03 -2.767481726209358294e-03 -2.196797182093438317e-03 -1.827997438925852087e-03 -1.576588539080363977e-03 -1.390838391758710468e-03 -1.245962723123521547e-03 -1.129315651146445016e-03 -1.035358681529870194e-03 -9.618425862385224321e-04 -9.071036639403212655e-04 -8.683705844499311956e-04 -8.412816568175576293e-04 -8.205592607613367874e-04 -8.014436719033583541e-04 -7.812095298328791161e-04 -7.600489872669299223e-04 -7.408473487537767157e-04 -7.278274072171144219e-04 -7.245419950514660158e-04 -7.320287190617356292e-04 -7.479601173721757684e-04 -7.672805692941862951e-04 -7.842123342575474821e-04 -7.948927882149570134e-04 -7.995113524220989190e-04 -8.028806742426033288e-04 -8.129333656256317172e-04 -8.374938321547159299e-04 -8.805651514099974240e-04 -9.397577767956182210e-04 -1.006480267493211093e-03 -1.068711936904692683e-03 -1.118069054688191006e-03 -1.151580235325528950e-03 -1.175231290374088161e-03 -1.217261964205845022e-03 -1.294407641352686910e-03 -1.422684661240521987e-03 -1.600715674277954385e-03 -1.808101976619548796e-03 -2.010668836620593727e-03 -2.175390776984993408e-03 -2.290191556401247573e-03 -2.380637842859955125e-03 -2.513867354231931906e-03 -2.783022746734921306e-03 -3.272024572250938155e-03 -4.010676851777186455e-03 -4.939249994708543555e-03 -5.906101748598588906e-03 -6.717860483278234249e-03 -7.245051375866852147e-03 -7.561638017977138741e-03 -8.067014686029589862e-03 -9.516709041539403793e-03 -1.288687830976069197e-02 -1.902535987869284975e-02 -2.811748561621529169e-02 -3.911035397770710326e-02 -4.939752005078214270e-02 -5.527964941560567502e-02 -5.394294745553127046e-02 -4.808719810333202810e-02 -5.468516553524591789e-02 -1.213377904977761268e-01 -3.499358510030523006e-01 -9.657658332550420610e-01 -2.288675164862315370e+00 -5.575953072138643662e+00 -9.672691660943943504e+00 -3.300664937355104911e+01 2.230734995887683425e+00 -4.075809000289948472e+02 1.384898889353811910e+03 -1.043140632465694580e+04 4.514686268637847388e+04 -1.031357828004986732e+04 1.390230960368227443e+03 -3.904603639376312003e+02 8.679182204599463546e+00 -2.855005665460364739e+01 -7.334217732944981805e+00 -4.297413923750418974e+00 -1.659534394009302583e+00 -6.804986611221675030e-01 -2.356093074432230872e-01 -7.878554959445642492e-02 -3.422126798261318492e-02 -2.908993188836661581e-02 -3.138754449147069386e-02 -3.089433927185249867e-02 -2.650544840458763166e-02 -2.014461753259743498e-02 -1.389986314658207649e-02 -9.026201317014028933e-03 -5.868625208680017420e-03 -4.162803463264297225e-03 -3.387952975701402115e-03 -3.070684678730888507e-03 -2.741622084884702548e-03 -3.037349690502294183e-03
-2.133092034348012603e-02 -5.628283857299212073e-03 -3.869015736630533869e-03 -2.705365739488784383e-03 -2.128128307028543612e-03 -1.763492854690635507e-03 -1.523551286896023807e-03 -1.352286198841135901e-03 -1.220670050738399681e-03 -1.112780949261074973e-03 -1.021538241760621074e-03 -9.451814384366714243e-04 -8.842714677561136320e-04 -8.391615413509790700e-04 -8.083833863945194369e-04 -7.882726870689980674e-04 -7.738088819648578781e-04 -7.602379657123622698e-04 -7.447572154037396296e-04 -7.275140709293629292e-04 -7.114355653401482384e-04 -7.008740893636089455e-04 -6.995681164523514725e-04 -7.087521516474231276e-04 -7.262646648811001658e-04 -7.471551831222666973e-04 -7.656782318645013368e-04 -7.779376749972876943e-04 -7.840486767301252510e-04 -7.887437983488007577e-04 -7.999127506155897117e-04 -8.253734284720483285e-04 -8.692766294869083352e-04 -9.290608411733580719e-04 -9.972230358388648516e-04 -1.060334129689057686e-03 -1.105026921724884190e-03 -1.139697210604489206e-03 -1.168326547753313757e-03 -1.211191453234890508e-03 -1.289891350872816086e-03 -1.419467076996130603e-03 -1.598966115824765203e-03 -1.808042542002020678e-03 -2.012533019352879485e-03 -2.179300781966471943e-03 -2.296136222285695763e-03 -2.388598552188921781e-03 -2.524091613089666716e-03 -2.796339389935933051e-03 -3.290010644314160949e-03 -4.035480209573609478e-03 -4.972987702194735411e-03 -5.949991300751560769e-03 -6.771536278631494488e-03 -7.306728910687487408e-03 -7.629758447614372156e-03 -8.143576879550811984e-03 -9.611645275934771818e-03 -1.302171853467829800e-02 -1.923340784211767171e-02 -2.843748055153296622e-02 -3.957187423931082804e-02 -5.000010421838738811e-02 -5.597493643632557581e-02 -5.464079876481636733e-02 -4.872554787470361609e-02 -5.542932070286155088e-02 -1.230334194870687098e-01 -3.549450815107494939e-01 -9.799195573654104763e-01 -2.322866515029148538e+00 -5.661245379683053081e+00 -9.822132724736166054e+00 -3.353379691829317011e+01 2.286695389403266887e+00 -4.143394852595891962e+02 1.408256553149256888e+03 -1.060852220505535479e+04 4.592157143492648174e+04 -1.049237987776830778e+04 1.414491285542439755e+03 -3.973711557372852212e+02 8.820213870811301149e+00 -2.906963880564350688e+01 -7.470857538467839731e+00 -4.377812601535437054e+00 -1.691005285880187170e+00 -6.935219805136739746e-01 -2.401666401390874506e-01 -8.032283823510996679e-02 -3.489438336293944343e-02 -2.966707459535280686e-02 -3.201620380131236371e-02 -3.151879249888738660e-02 -2.704588175248644547e-02 -2.055885019957474566e-02 -1.418820933204366537e-02 -9.215296957993631896e-03 -5.994403103532451420e-03 -4.251199154176391916e-03 -3.489322418070411620e-03 -3.043486050815689958e-03 -3.532621469855028694e-03
-2.122123155121118793e-02 -5.583559312375439843e-03 -3.821207395462777184e-03 -2.654572852372280838e-03 -2.075034772816459171e-03 -1.711349285494844375e-03 -1.476082342373652521e-03 -1.312621336761129976e-03 -1.190311293293363441e-03 -1.091022474134996541e-03 -1.005562512958122585e-03 -9.308892816008087091e-04 -8.676157986640773302e-04 -8.175313760046725234e-04 -7.815100976184740852e-04 -7.582667382058504591e-04 -7.442530099887205213e-04 -7.346384359160090414e-04 -7.249506563569850688e-04 -7.126972384402193751e-04 -6.982806973914423539e-04 -6.847736429149653631e-04 -6.765636765327098789e-04 -6.773590601293667541e-04 -6.883608264049412805e-04 -7.074174092066273572e-04 -7.296425101454357331e-04 -7.493847751210080347e-04 -7.628288761205620667e-04 -7.701300430199178697e-04 -7.759844762938820093e-04 -7.883162195817325227e-04 -8.145970804192858346e-04 -8.600407162080707813e-04 -9.205403667005782877e-04 -9.832895619447973735e-04 -1.047289474507931070e-03 -1.097107511322394308e-03 -1.132562255909105257e-03 -1.162812107354466509e-03 -1.206941755752642979e-03 -1.286897515348844499e-03 -1.417775385900967673e-03 -1.598765872614663509e-03 -1.809597163241495653e-03 -2.016073505578761318e-03 -2.184923856992067662e-03 -2.303798514168555953e-03 -2.398269183205290530e-03 -2.536050035585821379e-03 -2.811501870350455873e-03 -3.310086005418410790e-03 -4.062756747888585963e-03 -5.009679933315835595e-03 -5.997323542947285806e-03 -6.829043280940513827e-03 -7.372462289608043041e-03 -7.702044495835584301e-03 -8.224518842223405707e-03 -9.711676372280217753e-03 -1.316336651491276620e-02 -1.945139076249891366e-02 -2.877202151733970065e-02 -4.005347836679987172e-02 -5.062790867288889662e-02 -5.669832289559095795e-02 -5.536598426751772328e-02 -4.938821770780841419e-02 -5.620109736800869837e-02 -1.247902301811280451e-01 -3.601306713967472040e-01 -9.945599562101168356e-01 -2.358213262300543622e+00 -5.749353169114600703e+00 -9.976485609196672044e+00 -3.407765164357195431e+01 2.343550724873586066e+00 -4.213054365619163377e+02 1.432321204558360932e+03 -1.079100238261866798e+04 4.671963261812525889e+04 -1.067654793279014484e+04 1.439480238360470366e+03 -4.044875210430519701e+02 8.965988463333573577e+00 -2.960439195929552270e+01 -7.611399587249114695e+00 -4.460516167824941647e+00 -1.723370442169845695e+00 -7.069142648948012475e-01 -2.448524265233832375e-01 -8.190333496824202253e-02 -3.558637686860712662e-02 -3.026036745062452710e-02 -3.266240842557965179e-02 -3.216065686641761401e-02 -2.760142423648254822e-02 -2.098486068970703902e-02 -1.448498451030428083e-02 -9.411744870567870930e-03 -6.121570342507241975e-03 -4.375668649833948029e-03 -3.455863283798681594e-03 -3.960245830213880540e-03
-2.075400436333928525e-02 -5.471782662502898582e-03 -3.752341010250020200e-03 -2.610702099312041998e-03 -2.039023033997919114e-03 -1.676344853646560308e-03 -1.439788013823207775e-03 -1.276215708174304603e-03 -1.156659788860056473e-03 -1.062851362290397192e-03 -9.839832531879394873e-04 -9.147528515126213860e-04 -8.538896231267151943e-04 -8.025060072282370286e-04 -7.623214784331852623e-04 -7.340868085422312195e-04 -7.166272553275640587e-04 -7.067956903799631294e-04 -7.003388254227861133e-04 -6.933481430749586626e-04 -6.837163115462031263e-04 -6.719775774345192881e-04 -6.611157668274857211e-04 -6.553197171124071265e-04 -6.581201893260168806e-04 -6.706571493766079386e-04 -6.908604560811306078e-04 -7.140225111038946961e-04 -7.346914300146560346e-04 -7.491604153188760953e-04 -7.576963554050819690e-04 -7.645902478964921754e-04 -7.788051460830633247e-04 -8.059957162571114529e-04 -8.455390658338272913e-04 -9.067784602165916263e-04 -9.747358079398005769e-04 -1.039254727463114793e-03 -1.090594080482281715e-03 -1.127291635257796337e-03 -1.158794638888661693e-03 -1.204117670594950871e-03 -1.285273433624284020e-03 -1.417465788326628933e-03 -1.600004255149901130e-03 -1.812670710330308412e-03 -2.021208381502163226e-03 -2.192189237230485893e-03 -2.313117979354848038e-03 -2.409598536125140585e-03 -2.549699170262036997e-03 -2.828472812515421108e-03 -3.332218190792346837e-03 -4.092478882009396163e-03 -5.049305242259305958e-03 -6.048085185823741730e-03 -6.890378115553431361e-03 -7.442258693250705312e-03 -7.778513618176882867e-03 -8.309869067368759118e-03 -9.816847363519672770e-03 -1.331189824066951119e-02 -1.967944100338251540e-02 -2.912133034237695400e-02 -4.055550711743081960e-02 -5.128140028652449639e-02 -5.745036825358001975e-02 -5.611908258362470481e-02 -5.007574974811275503e-02 -5.700114153609351503e-02 -1.266097277665086396e-01 -3.654971446792801282e-01 -1.009699992417746106e+00 -2.394747059141823620e+00 -5.840356217273551032e+00 -1.013589103413942283e+01 -3.463871432681226281e+01 2.401355524938522112e+00 -4.284852431599708780e+02 1.457115361425104993e+03 -1.097901828466749612e+04 4.754179881182712415e+04 -1.086625673937008105e+04 1.465221559863321318e+03 -4.118162385217945030e+02 9.116648066839841746e+00 -3.015482749788125005e+01 -7.755978119696030681e+00 -4.545603887839581247e+00 -1.756660898795964876e+00 -7.206883768075099672e-01 -2.496711700313600790e-01 -8.352856119116477962e-02 -3.629792037505848862e-02 -3.087039952995026051e-02 -3.332682558112045473e-02 -3.282063927954344262e-02 -2.817283989990997106e-02 -2.142325504093486530e-02 -1.479238442684732181e-02 -9.611220281418329792e-03 -6.289965273889913146e-03 -4.348074864543831006e-03 -4.484481501279482564e-03
-1.998247500635712617e-02 -5.299088316810036947e-03 -3.660463886194450806e-03 -2.568176186223433948e-03 -2.015064536457172525e-03 -1.656162348782940549e-03 -1.415577270930902173e-03 -1.246257345877589554e-03 -1.123399583445272966e-03 -1.030648008922992881e-03 -9.568004236560277405e-04 -8.944406639162429812e-04 -8.395243417066746957e-04 -7.909129353369807793e-04 -7.494878896934483239e-04 -7.168640106250658223e-04 -6.940252703924170308e-04 -6.803424613199332213e-04 -6.733528396071163623e-04 -6.694134065060486534e-04 -6.649928527274485404e-04 -6.580752295200013565e-04 -6.490563498576720899e-04 -6.406780069020810058e-04 -6.369215424076294816e-04 -6.412418405548024874e-04 -6.548584261733138940e-04 -6.758997123420089348e-04 -6.998562253547352006e-04 -7.215350345652601959e-04 -7.369184150595403746e-04 -7.474654766463674493e-04 -7.554645282543501639e-04 -7.634535705072260795e-04 -7.915478343155393738e-04 -8.366724646658622129e-04 -8.982512649027238642e-04 -9.675441927013407563e-04 -1.033113648980364891e-03 -1.085601505047883563e-03 -1.123458803166762186e-03 -1.156111369628110052e-03 -1.202568796062538151e-03 -1.284906652514646204e-03 -1.418443324244307970e-03 -1.602599382927278769e-03 -1.817190757471889894e-03 -2.027873478978488297e-03 -2.201040760909497764e-03 -2.324046397781099477e-03 -2.422545857187846652e-03 -2.565004736863313057e-03 -2.847223273011385922e-03 -3.356382961882941555e-03 -4.124627490461325700e-03 -5.091851130169974295e-03 -6.102272355400131798e-03 -6.955547038600631664e-03 -7.516134798528635412e-03 -7.859192431669924719e-03 -8.399665118759303342e-03 -9.927213190992819486e-03 -1.346740212363822624e-02 -1.991770804177775758e-02 -2.948565273030774245e-02 -4.107833291112031326e-02 -5.196108435659896330e-02 -5.823167354931509804e-02 -5.690071179036253896e-02 -5.078872052569922968e-02 -5.783013747257293585e-02 -1.284935001998296633e-01 -3.710492596093173390e-01 -1.025353264953261734e+00 -2.432501053096577159e+00 -5.934337895828670995e+00 -1.030049598616220230e+01 -3.521750664384509122e+01 2.460164786768393785e+00 -4.358856503257878217e+02 1.482662410916403815e+03 -1.117274796231207802e+04 4.838885146226739016e+04 -1.106168723635013157e+04 1.491739896932245301e+03 -4.193643421822195592e+02 9.272340996576785344e+00 -3.072147562922202724e+01 -7.904732188497582079e+00 -4.633157885754227046e+00 -1.790908800843121540e+00 -7.348576379545259663e-01 -2.546275359497921498e-01 -8.520009815071834247e-02 -3.702972365411297262e-02 -3.149781347151744959e-02 -3.401020218572271825e-02 -3.349964564480318457e-02 -2.876092118483690799e-02 -2.187665464413238517e-02 -1.510568493641782466e-02 -9.858975468019079078e-03 -6.287350366488078310e-03 -5.522216755176629494e-03
-1.910028840610324130e-02 -5.100983321539173665e-03 -3.555978256120566599e-03 -2.522717320381972529e-03 -1.994323008604628397e-03 -1.642998604217985655e-03 -1.399650766783727771e-03 -1.223421397748938313e-03 -1.094286186712763176e-03 -9.989260096767071592e-04 -9.270735198675400133e-04 -8.702863494521497888e-04 -8.221828056534773860e-04 -7.789666996307120566e-04 -7.395667107999272585e-04 -7.050642841111178080e-04 -6.774907680676795461e-04 -6.583926652357336264e-04 -6.477102494142171615e-04 -6.434255517277779257e-04 -6.421406309835114542e-04 -6.403676131017699584e-04 -6.359911672714699260e-04 -6.292540963411206176e-04 -6.227774354762153405e-04 -6.205071550341859695e-04 -6.259686473585587612e-04 -6.404936326904055004e-04 -6.624746665513280485e-04 -6.871339159791530231e-04 -7.106974447733386451e-04 -7.270831691506409811e-04 -7.308350892279762362e-04 -7.399147185606686937e-04 -7.540884045029176870e-04 -7.826077579893280390e-04 -8.290952013160716311e-04 -8.915917538216914379e-04 -9.618425596144178184e-04 -1.028406770111104816e-03 -1.081954060688845648e-03 -1.120901642107747067e-03 -1.154642785714597979e-03 -1.202196787748796960e-03 -1.285714788877590506e-03 -1.420636319857876157e-03 -1.606487364311935413e-03 -1.823099736568574046e-03 -2.036017267838554495e-03 -2.211433215986074140e-03 -2.336545108555564479e-03 -2.437078815382282167e-03 -2.581940051339221519e-03 -2.867731472200799395e-03 -3.382563244782278537e-03 -4.159190992918056044e-03 -5.137313224704831253e-03 -6.159889860673371104e-03 -7.024565294189508667e-03 -7.594116230147877032e-03 -7.944116257363126668e-03 -8.493953247305102011e-03 -1.004283836841126688e-02 -1.362997868388970621e-02 -2.016635817299106126e-02 -2.986525800913237411e-02 -4.162235968009082160e-02 -5.266750461621966251e-02 -5.904288159844772732e-02 -5.771152976727399880e-02 -5.152774137830837958e-02 -5.868880831199614623e-02 -1.304432198582410052e-01 -3.767920141206346774e-01 -1.041534025822818732e+00 -2.471509929426127794e+00 -6.031385283552646470e+00 -1.047045391997507480e+01 -3.581457191651799832e+01 2.520034093040588452e+00 -4.435136694083764723e+02 1.508986644728343435e+03 -1.137237635939340907e+04 4.926160207333716244e+04 -1.126302728348012170e+04 1.519060840053021138e+03 -4.271391322129671266e+02 9.433222022776483584e+00 -3.130488621049383724e+01 -8.057805875622777947e+00 -4.723263273187483513e+00 -1.826147453566230094e+00 -7.494358522324636729e-01 -2.597263646309017626e-01 -8.691960319167295335e-02 -3.778256902921392490e-02 -3.214336276489285910e-02 -3.471356800062620068e-02 -3.419871992228260688e-02 -2.936909125861671480e-02 -2.233986261164853243e-02 -1.548046217659401237e-02 -9.901130990411887225e-03 -7.753387540966520317e-03
-1.834361593825533862e-02 -4.923919403850588947e-03 -3.455823779265614071e-03 -2.473000274227584155e-03 -1.968307891519276674e-03 -1.627448538337969777e-03 -1.385584077094757696e-03 -1.205795823985936297e-03 -1.071473284427858089e-03 -9.721137029757915453e-04 -8.992300335736255366e-04 -8.448180162368789216e-04 -8.015994566850906302e-04 -7.639430934743906632e-04 -7.287020860559223880e-04 -6.954307917594555527e-04 -6.657778054024178190e-04 -6.422230879506528713e-04 -6.266106286069200899e-04 -6.190375633254192054e-04 -6.175446964054028898e-04 -6.187463091859410520e-04 -6.191600265850278001e-04 -6.166889151384563356e-04 -6.116062864692368940e-04 -6.065779605314863430e-04 -6.055627212337695662e-04 -6.122423536975956640e-04 -6.275618887724069119e-04 -6.514442551605483358e-04 -6.769257636843270271e-04 -6.928300605294413416e-04 -7.102190861381627897e-04 -7.206489760620475409e-04 -7.302568011920912774e-04 -7.459983348516292757e-04 -7.755317901450632960e-04 -8.229517530653260695e-04 -8.863083576619466483e-04 -9.574445327383302329e-04 -1.024960435076879145e-03 -1.079522876908341590e-03 -1.119514246082987810e-03 -1.154301567844797380e-03 -1.202927802659809831e-03 -1.287633914960037906e-03 -1.423988006200721307e-03 -1.611616863290038157e-03 -1.830351047118670971e-03 -2.045597991744551192e-03 -2.223330157030502675e-03 -2.350583311275268421e-03 -2.453172157748446675e-03 -2.600484940344640391e-03 -2.889981893031667946e-03 -3.410748354672475322e-03 -4.196164659329154265e-03 -5.185694652177530103e-03 -6.220950624489044074e-03 -7.097456610490215055e-03 -7.676237129527505726e-03 -8.033328761855501599e-03 -8.592788093295488164e-03 -1.016379672548365330e-02 -1.379974032017883788e-02 -2.042557431244068633e-02 -3.026043899819663360e-02 -4.218802285781525496e-02 -5.340124339896913652e-02 -5.988467734500330097e-02 -5.855223467825522443e-02 -5.229345898790904723e-02 -5.957791678503721045e-02 -1.324606454196278482e-01 -3.827306518764763132e-01 -1.058257198298699020e+00 -2.511809957161334594e+00 -6.131589286386925686e+00 -1.064592497308765218e+01 -3.643047590213683407e+01 2.581019720503386683e+00 -4.513765883483245602e+02 1.536113295910713987e+03 -1.157809559378649283e+04 5.016089344753461774e+04 -1.147047195005428694e+04 1.547210962763455882e+03 -4.351481862922502160e+02 9.599452607411382843e+00 -3.190562960652983904e+01 -8.215348517939592199e+00 -4.816008283131856693e+00 -1.862411377286387060e+00 -7.644373363813208311e-01 -2.649727025564178051e-01 -8.868887141766179649e-02 -3.855742136293294209e-02 -3.280825334804107068e-02 -3.543830433908620042e-02 -3.492279133582672918e-02 -2.999102770939970214e-02 -2.289026239336447097e-02 -1.557491382860284532e-02 -1.198283463106158964e-02
-1.788284333163444109e-02 -4.803510026787270737e-03 -3.375258217496213652e-03 -2.420858421315962711e-03 -1.932517186103998880e-03 -1.602763763518649234e-03 -1.367387498947391505e-03 -1.189962351072206600e-03 -1.054706490946563657e-03 -9.525889565663561622e-04 -8.769426706265535509e-04 -8.213729255552474707e-04 -7.794293704608901488e-04 -7.452137736180927587e-04 -7.143228762393511334e-04 -6.845751540930066761e-04 -6.561360679678538733e-04 -6.309108037708832271e-04 -6.113760490473770090e-04 -5.992591786415742876e-04 -5.945654916837780262e-04 -5.953501788412448974e-04 -5.983559471261957899e-04 -6.002886402868895174e-04 -5.992343656422499058e-04 -5.955408504439344388e-04 -5.920144201356189765e-04 -5.920916898561723969e-04 -6.010069836782718248e-04 -6.172365852864709380e-04 -6.326382680287921233e-04 -6.589788925391124475e-04 -6.819028235718818795e-04 -6.997015181718607268e-04 -7.117871828022888977e-04 -7.225368299789353740e-04 -7.393426736048337332e-04 -7.697924957882093609e-04 -8.180462088417446865e-04 -8.822183436038700090e-04 -9.542141370901722174e-04 -1.022661631523187490e-03 -1.078213858373311190e-03 -1.119217100950167972e-03 -1.155020029299076061e-03 -1.204703477908145026e-03 -1.290612755019539086e-03 -1.428452397062952156e-03 -1.617946077544467473e-03 -1.838906745635236891e-03 -2.056581852542378741e-03 -2.236702453054646884e-03 -2.366136893549738995e-03 -2.470806755190364107e-03 -2.620624953538018293e-03 -2.913964613523649209e-03 -3.440933409508968588e-03 -4.235550077247901904e-03 -5.237005545322514881e-03 -6.285475232041607720e-03 -7.174252797539165671e-03 -7.762539810771610163e-03 -8.126881673353115315e-03 -8.696232454923756572e-03 -1.029017121637809846e-02 -1.397681115201482999e-02 -2.069555588416462782e-02 -3.067151198175654958e-02 -4.277578949370682698e-02 -5.416292194095851525e-02 -6.075778834857623739e-02 -5.942356557288844959e-02 -5.308655601739500213e-02 -6.049826605779107247e-02 -1.345476239739797630e-01 -3.888706689201488764e-01 -1.075538396675686403e+00 -2.553439038590673782e+00 -6.235044765409723411e+00 -1.082707619409315747e+01 -3.706580762598041190e+01 2.643178746763611198e+00 -4.594819826988010050e+02 1.564068577383867023e+03 -1.179010525164717728e+04 5.108760098315880168e+04 -1.168422381646972644e+04 1.576217862867203166e+03 -4.433993713927407043e+02 9.771201154589780558e+00 -3.252429758352553790e+01 -8.377514941749861777e+00 -4.911484412283619427e+00 -1.899736376265558135e+00 -7.798769823722601080e-01 -2.703719104825589303e-01 -9.051002652763141809e-02 -3.935598609545370302e-02 -3.349434710189461845e-02 -3.619188305949194717e-02 -3.566280643603582379e-02 -3.074529781915847498e-02 -2.301428663696759858e-02 -1.879836610080615547e-02
-1.775163837002909431e-02 -4.749402678263001977e-03 -3.321069542152969931e-03 -2.370104189623199135e-03 -1.888029488878982054e-03 -1.567577058127535240e-03 -1.342105008493038858e-03 -1.172633444556714973e-03 -1.041643340353614732e-03 -9.397963095481680351e-04 -8.615450584047124006e-04 -8.025043616536363996e-04 -7.582816561859107019e-04 -7.242677504205913448e-04 -6.961037570253083250e-04 -6.704522463151979311e-04 -6.456600190601330782e-04 -6.219629447785341532e-04 -6.010651255413262690e-04 -5.851875122951103380e-04 -5.759170905904559355e-04 -5.733098974984060341e-04 -5.756351277581309113e-04 -5.799299940393227212e-04 -5.831160157170023036e-04 -5.835494957043177010e-04 -5.810579727502815329e-04 -5.801177664179889715e-04 -5.813773909947191326e-04 -5.811791629446726474e-04 -5.983620944792333168e-04 -6.212800946719896364e-04 -6.478445051441399094e-04 -6.723442273074986281e-04 -6.912314977417104199e-04 -7.044211696351428435e-04 -7.161833995343957040e-04 -7.339120617246807894e-04 -7.651967219253418776e-04 -8.142367330891346188e-04 -8.792040783133811370e-04 -9.520526425958005705e-04 -1.021425696956074084e-03 -1.077954052769852615e-03 -1.119947301546703015e-03 -1.156743840795288652e-03 -1.207476507286294647e-03 -1.294609478221219519e-03 -1.433991861849491208e-03 -1.625440838374146496e-03 -1.848736016446095049e-03 -2.068941757848611045e-03 -2.251527253806637728e-03 -2.383187576374264007e-03 -2.489968894043376613e-03 -2.642350769309260300e-03 -2.939674794894409603e-03 -3.473118872339062396e-03 -4.277354728386593800e-03 -5.291262645696469084e-03 -6.353491562090414317e-03 -7.254993417323536350e-03 -7.853074479885686562e-03 -8.224834554180483065e-03 -8.804357110038307094e-03 -1.042205378287391383e-02 -1.416132692303843921e-02 -2.097651878173909662e-02 -3.109881676862624733e-02 -4.338615846715575958e-02 -5.495320079118384132e-02 -6.166298538130411677e-02 -6.032630309105931760e-02 -5.390775184419924204e-02 -6.145070068976907912e-02 -1.367060933731639449e-01 -3.952178209257274921e-01 -1.093393947538661148e+00 -2.596436762166150825e+00 -6.341850672777270326e+00 -1.101408178477610633e+01 -3.772118025829781374e+01 2.706569155674397820e+00 -4.678377271745850408e+02 1.592879722227977936e+03 -1.200861269520786846e+04 5.204263403046420717e+04 -1.190449328934073856e+04 1.606110205502376402e+03 -4.519008561054051825e+02 9.948643276473639219e+00 -3.316150424038583111e+01 -8.544465712043654904e+00 -5.009786588481031089e+00 -1.938159657532436908e+00 -7.957704345021822112e-01 -2.759299532142520106e-01 -9.238635549471917174e-02 -4.018094554941410712e-02 -3.421288765927878173e-02 -3.695979375364430441e-02 -3.660385377138413582e-02 -3.082943975400550748e-02 -2.804095666614647708e-02
-1.784228858738315035e-02 -4.742879664980465849e-03 -3.289138614923926927e-03 -2.324607809492811993e-03 -1.840521350203229390e-03 -1.526026085844551725e-03 -1.310837486625196545e-03 -1.152071119644776246e-03 -1.029046612844319603e-03 -9.307301707852893950e-04 -8.516301754284038216e-04 -7.889000311640928303e-04 -7.404483703959646550e-04 -7.038159349562723380e-04 -6.758510683689698730e-04 -6.530887568057516584e-04 -6.325507405324891233e-04 -6.125519992969916420e-04 -5.931102024875804053e-04 -5.757198505173391012e-04 -5.625302801633250442e-04 -5.552295378732118643e-04 -5.541154641974095586e-04 -5.576954453396583584e-04 -5.633813485161830951e-04 -5.676394157542721461e-04 -5.707582439692998263e-04 -5.695566352670131810e-04 -5.587808259429102430e-04 -5.612570398954867725e-04 -5.693755069483571020e-04 -5.867964919828656855e-04 -6.113007642060223077e-04 -6.388443901677732639e-04 -6.643398844035982177e-04 -6.841872589977812842e-04 -6.983231664487491407e-04 -7.109880503721148623e-04 -7.295556810584388156e-04 -7.616214108759318882e-04 -8.114212424499040073e-04 -8.771780611438927339e-04 -9.508837939872579088e-04 -1.021185709310686984e-03 -1.078684832396371125e-03 -1.121653746518789727e-03 -1.159428563628629120e-03 -1.211208045808577277e-03 -1.299589695602072553e-03 -1.440575532208533899e-03 -1.634073308749310399e-03 -1.859814086146809086e-03 -2.082656406160959470e-03 -2.267787217525634499e-03 -2.401722264469138661e-03 -2.510649729704552205e-03 -2.665657729728048049e-03 -2.967112273862286195e-03 -3.507310178959524745e-03 -4.321591636664693682e-03 -5.348488967763364438e-03 -6.425034473272928266e-03 -7.339725504774750713e-03 -7.947899002214068795e-03 -8.327254619389974286e-03 -8.917240681746903611e-03 -1.055954525906739605e-02 -1.435343494468682528e-02 -2.126869537134902857e-02 -3.154271680134521083e-02 -4.401966076488417201e-02 -5.577278030366388667e-02 -6.260108312384840556e-02 -6.126127027525971741e-02 -5.475780340031209670e-02 -6.243610770599163778e-02 -1.389380847792313634e-01 -4.017781309600125250e-01 -1.111840912423082361e+00 -2.640844458733296207e+00 -6.452110195715658136e+00 -1.120712335638260448e+01 -3.839723203747991676e+01 2.771249941505272929e+00 -4.764520077526858017e+02 1.622575025827111403e+03 -1.223383338475739401e+04 5.302693730960813991e+04 -1.213149893083844290e+04 1.636917768158524041e+03 -4.606611235073362991e+02 1.013196207353599654e+01 -3.381788698875600119e+01 -8.716367420029101254e+00 -5.111013407659378061e+00 -1.977720096226632585e+00 -8.121344712360140106e-01 -2.816545088123075802e-01 -9.432232102832577292e-02 -4.104846912563046152e-02 -3.494042064221974248e-02 -3.801790464371047201e-02 -3.653115749848404037e-02 -3.825258289917343735e-02
-1.796381744604842387e-02 -4.747320651961361819e-03 -3.267065705236867155e-03 -2.286546057324759067e-03 -1.797348709789141786e-03 -1.485433658853967890e-03 -1.277875382646626121e-03 -1.128679824934439822e-03 -1.014253913936837784e-03 -9.214476687008119971e-04 -8.438982244102097513e-04 -7.792364177729696386e-04 -7.269107769298071555e-04 -6.864616986737104385e-04 -6.564708986770126159e-04 -6.343285857099995734e-04 -6.167532537752196380e-04 -6.007551137257096394e-04 -5.845881455555893176e-04 -5.682573677921133517e-04 -5.533279202956959287e-04 -5.421044164023278329e-04 -5.364142860262702999e-04 -5.368891988187849242e-04 -5.415317268291476929e-04 -5.499428264522606725e-04 -5.553876853021085316e-04 -5.476063200146241358e-04 -5.477461091756741403e-04 -5.461679197305391959e-04 -5.490385804397518834e-04 -5.589727802953756500e-04 -5.774423802634564163e-04 -6.029047360607010233e-04 -6.313036828285857171e-04 -6.576424180882236041e-04 -6.783419414014692055e-04 -6.933293789982675724e-04 -7.068184464411039281e-04 -7.261655808722147732e-04 -7.589756775340855341e-04 -8.095214072028355818e-04 -8.760714473012916770e-04 -9.506464301957711282e-04 -1.021887272621557459e-03 -1.080358121971789018e-03 -1.124294315821656662e-03 -1.163037486578410605e-03 -1.215866012842940595e-03 -1.305525096775091067e-03 -1.448178179109070075e-03 -1.643821037103935330e-03 -1.872121413544418789e-03 -2.097709589259148973e-03 -2.285469911967436939e-03 -2.421732535012815525e-03 -2.532844849895184852e-03 -2.690545461064417464e-03 -2.996281221012454376e-03 -3.543517417258572680e-03 -4.368279059318472962e-03 -5.408713503012876900e-03 -6.500145531516334126e-03 -7.428503332147479155e-03 -8.047078713218042828e-03 -8.434216593481848323e-03 -9.034969531163656795e-03 -1.070275528932792750e-02 -1.455329404236644676e-02 -2.157233449737881378e-02 -3.200359928413526456e-02 -4.467685980942800311e-02 -5.662240121980997853e-02 -6.357294098030133456e-02 -6.222933350092477861e-02 -5.563750609161335903e-02 -6.345541769677964794e-02 -1.412457252626829474e-01 -4.085578975803021984e-01 -1.130897111732332982e+00 -2.686705261097626973e+00 -6.565930908871827398e+00 -1.140639020072309862e+01 -3.909462724139032019e+01 2.837281212208329517e+00 -4.853333343487454954e+02 1.653183889957807651e+03 -1.246599121548125913e+04 5.404149239340640634e+04 -1.236546780294723067e+04 1.668671487738079577e+03 -4.696889846059831370e+02 1.032134841645033418e+01 -3.449410761077882626e+01 -8.893393051527326065e+00 -5.215267526850992930e+00 -2.018458664935049551e+00 -8.289882824029606301e-01 -2.875543520894137672e-01 -9.633993757600196883e-02 -4.192314249111689373e-02 -3.605434310881872745e-02 -3.766340310653389090e-02 -4.653895099782041911e-02
-1.793266297606461307e-02 -4.725854968836988752e-03 -3.240303531820175938e-03 -2.255557997618000410e-03 -1.764127527566852717e-03 -1.452763199980001887e-03 -1.248484058978925268e-03 -1.104593796151473375e-03 -9.962598650422006211e-04 -9.088623652295385342e-04 -8.347660564929589889e-04 -7.709405184287142524e-04 -7.170244003836710126e-04 -6.735535067698437744e-04 -6.405613124731032683e-04 -6.168076077356274799e-04 -5.997639557826886817e-04 -5.862640490570535275e-04 -5.735075633947205346e-04 -5.599802504650745315e-04 -5.459182367896527185e-04 -5.330018885022975213e-04 -5.238014905866503592e-04 -5.194744463294928083e-04 -5.229901229007286349e-04 -5.288238728054223256e-04 -5.250786537273698746e-04 -5.318102546844570826e-04 -5.339859682908376518e-04 -5.345463287629545783e-04 -5.350320553145425069e-04 -5.391544922566243736e-04 -5.501957483049100747e-04 -5.695677757966136805e-04 -5.958257848973535142e-04 -6.249775419467009253e-04 -6.520744078139272589e-04 -6.735517043134003424e-04 -6.893227445314072544e-04 -7.035771242066742861e-04 -7.236592831883582660e-04 -7.571883716674848762e-04 -8.084746772401694330e-04 -8.758284233203620988e-04 -9.512904106616735384e-04 -1.023485458117829672e-03 -1.082934046930003093e-03 -1.127834028472761343e-03 -1.167540159570697915e-03 -1.221423904693131300e-03 -1.312392468505824746e-03 -1.456779383380674923e-03 -1.654666242436132100e-03 -1.885643066087397705e-03 -2.114089646934254416e-03 -2.304567339422453238e-03 -2.443214224988723808e-03 -2.556553913422166500e-03 -2.717017550153637880e-03 -3.027189841006353542e-03 -3.581755041898412959e-03 -4.417440214392469831e-03 -5.471970966524101684e-03 -6.578872786122596204e-03 -7.521388222800112940e-03 -8.150686269809657991e-03 -8.545802589179593914e-03 -9.157637649286837558e-03 -1.085180222774996713e-02 -1.476107448190150558e-02 -2.188770149063133663e-02 -3.248187535791512842e-02 -4.535835188750737129e-02 -5.750284538807843432e-02 -6.457946402555175824e-02 -6.323140347533222350e-02 -5.654769467435295099e-02 -6.450960577349053315e-02 -1.436312402926476217e-01 -4.155637032087982630e-01 -1.150581150048216150e+00 -2.734064167301142323e+00 -6.683424935663817124e+00 -1.161207957681268077e+01 -3.981405720851840613e+01 2.904724293163357896e+00 -4.944905540931004566e+02 1.684736868916427738e+03 -1.270531886986065365e+04 5.508731925801222678e+04 -1.260663582738071455e+04 1.701403509755271671e+03 -4.789935924047790081e+02 1.051700120586332332e+01 -3.519085342094150093e+01 -9.075722480918056334e+00 -5.322656098683955506e+00 -2.060419668601688237e+00 -8.463518040180488811e-01 -2.936585211160251396e-01 -9.839162894760093703e-02 -4.326725677021864974e-02 -3.540450979613088411e-02 -4.969334835785161469e-02
-1.765360893100173176e-02 -4.657793235296725162e-03 -3.198791131492918858e-03 -2.229092908917270233e-03 -1.742347454794155670e-03 -1.431513681280610411e-03 -1.226435508693510170e-03 -1.082536848713533308e-03 -9.759801584576587681e-04 -8.920092788605983808e-04 -8.219638322946827081e-04 -7.614331858773797307e-04 -7.089486840001601575e-04 -6.646972645834314537e-04 -6.292770359126425694e-04 -6.026868900587615662e-04 -5.837818926563473993e-04 -5.703215136351021597e-04 -5.595515160586240393e-04 -5.490997409271498701e-04 -5.377076317750769220e-04 -5.259523445272040699e-04 -5.147357129136177854e-04 -5.091160299978211715e-04 -5.062587433151379468e-04 -4.964447519996989132e-04 -5.036136929274853333e-04 -5.106230242697077509e-04 -5.176307083256772353e-04 -5.219491676560077424e-04 -5.238602008988263448e-04 -5.256161112152153312e-04 -5.308064730500043193e-04 -5.427568524176635059e-04 -5.629095471981230767e-04 -5.898739741018207798e-04 -6.197115351158737073e-04 -6.475093976357880086e-04 -6.697107658328603540e-04 -6.862139447833093915e-04 -7.011879472821939095e-04 -7.219711282048854725e-04 -7.562020051686382848e-04 -8.082299062704560765e-04 -8.764029303495992013e-04 -9.527740939459928941e-04 -1.025942822211931959e-03 -1.086379352082215326e-03 -1.132243766644308158e-03 -1.172911352927756470e-03 -1.227859934090382498e-03 -1.320172970929847905e-03 -1.466362915369171438e-03 -1.666595273734887504e-03 -1.900368243648562416e-03 -2.131789045499739212e-03 -2.325075563135524555e-03 -2.466167099081529885e-03 -2.581780352511749491e-03 -2.745081274224807268e-03 -3.059850124853011420e-03 -3.622041647453709892e-03 -4.469103076799181042e-03 -5.538301619613571203e-03 -6.661270620754419607e-03 -7.618448427066326634e-03 -8.258801541881631222e-03 -8.662102003847515705e-03 -9.285346555199174706e-03 -1.100681305462431273e-02 -1.497695794946938934e-02 -2.221507828514289809e-02 -3.297798043861815964e-02 -4.606476677023923355e-02 -5.841493665495729043e-02 -6.562160404663237856e-02 -6.426843621609118484e-02 -5.748924401245796012e-02 -6.559969240962515435e-02 -1.460969563424832918e-01 -4.228024232433685303e-01 -1.170912443471533004e+00 -2.782968108269538998e+00 -6.804709119123304006e+00 -1.182439701313727909e+01 -4.055624140970572711e+01 2.973641833517159050e+00 -5.039328652324090285e+02 1.717265717783617220e+03 -1.295205818638647906e+04 5.616547790485561563e+04 -1.285524816194330742e+04 1.735147239761821083e+03 -4.885844566351900085e+02 1.071912761631527999e+01 -3.590883852097746853e+01 -9.263542843814029482e+00 -5.433291812341219718e+00 -2.103647951591461229e+00 -8.642657230715840022e-01 -2.999130472697133509e-01 -1.009774727116180687e-01 -4.267750655656563780e-02 -4.814670661195804419e-02
-1.715545794413167111e-02 -4.546669903990710991e-03 -3.141082139447134297e-03 -2.203687712875246427e-03 -1.728990309720630347e-03 -1.420389491554988970e-03 -1.212407653785532637e-03 -1.064525822878590114e-03 -9.556575939938758433e-04 -8.722740236576342595e-04 -8.054138714271884877e-04 -7.492611869494734608e-04 -7.005561374018857328e-04 -6.580757196777160117e-04 -6.219358244394958398e-04 -5.927222438421812095e-04 -5.706473755070922988e-04 -5.549896294720048839e-04 -5.440385093952300423e-04 -5.354438719191564802e-04 -5.273512886457639879e-04 -5.177451455168695068e-04 -5.099964597034623362e-04 -5.005588902653639385e-04 -4.804464357018621633e-04 -4.792248313414273304e-04 -4.812761795119705464e-04 -4.886527290234642194e-04 -4.978430874507152725e-04 -5.061588033288587710e-04 -5.117566405208143774e-04 -5.148116847284847425e-04 -5.176050850042966537e-04 -5.237087759875598070e-04 -5.364520128370519302e-04 -5.573030353502998226e-04 -5.849147630551178615e-04 -6.153926088148463890e-04 -6.438511634948919675e-04 -6.667366226682761195e-04 -6.839319731578279030e-04 -6.995895140313138517e-04 -7.210475580121480411e-04 -7.559692534191526318e-04 -8.087446841611880101e-04 -8.777565800146166749e-04 -9.550626783524669835e-04 -1.029228067461274501e-03 -1.090666312127718104e-03 -1.137499384969513231e-03 -1.179130326225469403e-03 -1.235156426085139885e-03 -1.328851632667693659e-03 -1.476916305896149983e-03 -1.679598238344485236e-03 -1.916289951252646154e-03 -2.150804087136536352e-03 -2.346994450017555588e-03 -2.490594625594340708e-03 -2.608531183205633694e-03 -2.774747446900657690e-03 -3.094277731222241055e-03 -3.664399882660413117e-03 -4.523300320939010674e-03 -5.607751234755197281e-03 -6.747399734464022865e-03 -7.719759115210871742e-03 -8.371511617936923735e-03 -8.783211546742233922e-03 -9.418205365482608393e-03 -1.116792352235932914e-02 -1.520113782172833813e-02 -2.255476386799807123e-02 -3.349237489669739526e-02 -4.679676864514190071e-02 -5.935954201797830759e-02 -6.670036081379435156e-02 -6.534143429263877811e-02 -5.846307024157840898e-02 -6.672674497195243970e-02 -1.486453046286478896e-01 -4.302812369575162443e-01 -1.191911249847287024e+00 -2.833466020299402199e+00 -6.929905202409746501e+00 -1.204355662584157471e+01 -4.132192857295992638e+01 3.044097913307620473e+00 -5.136698316914109910e+02 1.750803442918897645e+03 -1.320646054538368298e+04 5.727707005728216609e+04 -1.311155959415692450e+04 1.769937397107685001e+03 -4.984714591685533378e+02 1.092794333145358543e+01 -3.664880496395937115e+01 -9.457049623306334141e+00 -5.547290000779558028e+00 -2.148209312919836744e+00 -8.826850512471854371e-01 -3.068133958643846637e-01 -1.016836566299854916e-01 -5.520676965759504368e-02
-1.656942355957165963e-02 -4.416837061333276845e-03 -3.074323345023334021e-03 -2.176530991994005907e-03 -1.718167999903549978e-03 -1.414204919816005115e-03 -1.203892080133197196e-03 -1.051009634585217591e-03 -9.377430130767513755e-04 -8.525709803604207505e-04 -7.870656782794038754e-04 -7.346255207648543428e-04 -6.903789887962853656e-04 -6.513584143431652403e-04 -6.164696287497762250e-04 -5.860471291651869231e-04 -5.610467992341628416e-04 -5.421665020033179967e-04 -5.290842393183253344e-04 -5.206946345685683044e-04 -5.138979700853450912e-04 -5.100588826611653775e-04 -5.023202831667793059e-04 -4.785953440286154449e-04 -4.711326762021422689e-04 -4.642846105426610536e-04 -4.634072117938026463e-04 -4.678687550601153163e-04 -4.765869646575608969e-04 -4.870217123644608476e-04 -4.964318299814923655e-04 -5.030609649503132823e-04 -5.070867706788946333e-04 -5.107761160441951984e-04 -5.176835210953538349e-04 -5.311376093276264348e-04 -5.526285489156680143e-04 -5.808464007194957682e-04 -6.119329985707458756e-04 -6.410234569003317017e-04 -6.645628983010795155e-04 -6.824190439167857622e-04 -6.987314169640948319e-04 -7.208443054942969587e-04 -7.564507980553933451e-04 -8.099836505093056154e-04 -8.798573151693217954e-04 -9.581271270036720343e-04 -1.033315176964161785e-03 -1.095772038162313652e-03 -1.143581161654016413e-03 -1.186180400357885519e-03 -1.243299488229699301e-03 -1.338417096932444875e-03 -1.488430648770059598e-03 -1.693668846902664053e-03 -1.933404880106203523e-03 -2.171134828371082143e-03 -2.370327633165138139e-03 -2.516503990585636317e-03 -2.636817075162495218e-03 -2.806030541341401983e-03 -3.130492154563975678e-03 -3.708856652729511892e-03 -4.580069549820813858e-03 -5.680371352919155736e-03 -6.837327439877164022e-03 -7.825402738173344031e-03 -8.488911252857011397e-03 -8.909235793918208676e-03 -9.556331468260792494e-03 -1.133527895649619720e-02 -1.543382010970284317e-02 -2.290707540561815955e-02 -3.402554543831363965e-02 -4.755505784745001074e-02 -6.033757378962960327e-02 -6.781678469565562140e-02 -6.645144982457662497e-02 -5.947013409791847977e-02 -6.789188173510317392e-02 -1.512788275668636162e-01 -4.380076414727115397e-01 -1.213598703125253087e+00 -2.885608924397653929e+00 -7.059140023144456322e+00 -1.226978146061327735e+01 -4.211189787530199169e+01 3.116158135508556803e+00 -5.237113983440707443e+02 1.785384354775203974e+03 -1.346878727278541373e+04 5.842324093555054424e+04 -1.337583495302806841e+04 1.805810071084395076e+03 -5.086648704163441721e+02 1.114367226133601640e+01 -3.741152630029294812e+01 -9.656446955819561140e+00 -5.664797588270642947e+00 -2.194090862838363964e+00 -9.021889912951542856e-01 -3.117638650065407968e-01 -1.172023027585330918e-01
-1.606322079044567724e-02 -4.301022960229396695e-03 -3.010375738821060784e-03 -2.146608867190759676e-03 -1.703912100408022309e-03 -1.406455512942639133e-03 -1.196539299389452618e-03 -1.040784573974123765e-03 -9.237851537955968015e-04 -8.359150135091160351e-04 -7.698456791305653820e-04 -7.191283536025020731e-04 -6.781753092075831942e-04 -6.427544462277075005e-04 -6.104468270683058263e-04 -5.806903365789537527e-04 -5.543341281986053455e-04 -5.326730521321567735e-04 -5.169695274023017794e-04 -5.060046109021426770e-04 -5.022749080608953937e-04 -4.973700161522060003e-04 -4.756569460590133296e-04 -4.700528474140246312e-04 -4.610347761184525775e-04 -4.540655631920588768e-04 -4.500116195597677455e-04 -4.507020227659380425e-04 -4.565318303092026696e-04 -4.663592083568619405e-04 -4.777773943867169451e-04 -4.881047390715040303e-04 -4.956170415759459822e-04 -5.004904234624683521e-04 -5.049730391796722340e-04 -5.126022081330473866e-04 -5.267058362186638996e-04 -5.487939015664829298e-04 -5.775888543661053965e-04 -6.092625536681264917e-04 -6.389645814821878159e-04 -6.631353998617535439e-04 -6.816276773645952658e-04 -6.985720606181751446e-04 -7.213247457589543402e-04 -7.576140732770087968e-04 -8.119175395499612403e-04 -8.826786883868269467e-04 -9.619436373377573740e-04 -1.038183046324565742e-03 -1.101678250016204386e-03 -1.150473690165517999e-03 -1.194048946797984919e-03 -1.252279076705102362e-03 -1.348861749059895952e-03 -1.500900783536222990e-03 -1.708804655702849404e-03 -1.951713721685805402e-03 -2.192785479190014972e-03 -2.395083002915767562e-03 -2.543906676484563537e-03 -2.666653003100993152e-03 -2.838949397200658548e-03 -3.168517479778339922e-03 -3.755443934699477342e-03 -4.639454208821105693e-03 -5.756220350704316542e-03 -6.931128937475277904e-03 -7.935470538746821484e-03 -8.611104606428119160e-03 -9.040289109136193102e-03 -9.699852576378419078e-03 -1.150903643765205375e-02 -1.567522586736744966e-02 -2.327235110768687693e-02 -3.457800875740061480e-02 -4.834037564062457909e-02 -6.134999570274332625e-02 -6.897198399791652779e-02 -6.759959264910959942e-02 -6.051144944559649214e-02 -6.909628095262748682e-02 -1.540001906667398668e-01 -4.459894732248987359e-01 -1.235996860406809450e+00 -2.939450027866957083e+00 -7.192545745713341709e+00 -1.250330389059694802e+01 -4.292696023917582693e+01 3.189889672898291728e+00 -5.340679070438051212e+02 1.821044123143242814e+03 -1.373931006274928404e+04 5.960518111391500861e+04 -1.364834954031091365e+04 1.842802778249768608e+03 -5.191753695646722235e+02 1.136653773192805872e+01 -3.819781994065184705e+01 -9.862018996536329851e+00 -5.785874655713354464e+00 -2.242495165479368779e+00 -9.181612804395188343e-01 -3.468161634773827551e-01
-1.576347905738881283e-02 -4.224980956342582958e-03 -2.960099819729089619e-03 -2.114964969139422786e-03 -1.682803885159812494e-03 -1.392297582152949350e-03 -1.186231308422293611e-03 -1.031658732565703812e-03 -9.138097907845639349e-04 -8.240632252149069324e-04 -7.562577631481335336e-04 -7.049198056868174241e-04 -6.649056052717037743e-04 -6.317381814662543105e-04 -6.021620909806022284e-04 -5.745653081716660003e-04 -5.488407512263365458e-04 -5.264256867288701286e-04 -5.075015689809269813e-04 -4.972525254315284752e-04 -4.884709779481606748e-04 -4.648061485784262632e-04 -4.621590464956645957e-04 -4.566147086574865225e-04 -4.514686141846668919e-04 -4.455493227270911983e-04 -4.403985457044200681e-04 -4.379631102019487300e-04 -4.399451627062339739e-04 -4.468474455100411298e-04 -4.575923871557112366e-04 -4.698424086137454789e-04 -4.809641290892422371e-04 -4.892539056823878504e-04 -4.948825112917620579e-04 -5.000794582601953689e-04 -5.083667474607842440e-04 -5.230727838692762061e-04 -5.457262461853088593e-04 -5.750781268231756850e-04 -6.073246827586094299e-04 -6.376244677686048216e-04 -6.624099987362364874e-04 -6.815191713247503984e-04 -6.990775764118145347e-04 -7.224591536007810228e-04 -7.594327991209665453e-04 -8.145229460901016929e-04 -8.861998308771676901e-04 -9.664937874703950077e-04 -1.043815779881180489e-03 -1.108371691898992883e-03 -1.158166385888829541e-03 -1.202727967334044469e-03 -1.262089649259611011e-03 -1.360182462753007282e-03 -1.514326168487908821e-03 -1.725008099175461777e-03 -1.971222375207346434e-03 -2.215765773079718913e-03 -2.421274201226794511e-03 -2.572820034336999358e-03 -2.698059870816785048e-03 -2.873528918662215936e-03 -3.208384237740788750e-03 -3.804200921392367554e-03 -4.701506154770856115e-03 -5.835366520159296529e-03 -7.028890893275521572e-03 -8.050066507715294972e-03 -8.738209402952498012e-03 -9.176499885082848446e-03 -9.848911115756661325e-03 -1.168936969119166447e-02 -1.592559722814756301e-02 -2.365095820381208497e-02 -3.515032211326894057e-02 -4.915351758800415999e-02 -6.239783857015654411e-02 -7.016714178015599768e-02 -6.878704709354475921e-02 -6.158809985456747960e-02 -7.034119975384624246e-02 -1.568122108573198059e-01 -4.542349593618884573e-01 -1.259128799676724642e+00 -2.995044901806171556e+00 -7.330260194077768077e+00 -1.274436612662305279e+01 -4.376795976514245723e+01 3.265361279473237843e+00 -5.447501134234137226e+02 1.857819834870001387e+03 -1.401831142051516690e+04 6.082412846232055745e+04 -1.392938958621645907e+04 1.880954512833897525e+03 -5.300140906201979760e+02 1.159672541100006171e+01 -3.900875276130950908e+01 -1.007384884430991256e+01 -5.914006581131800999e+00 -2.280621459846919663e+00 -1.021831865078536961e+00
-1.570161411354119990e-02 -4.196312441108564391e-03 -2.928489234269168132e-03 -2.084042746265079172e-03 -1.655296933009945456e-03 -1.370585691712816051e-03 -1.170904488465184705e-03 -1.021505811499316338e-03 -9.064209639715835581e-04 -8.168181580329365345e-04 -7.472847329191152329e-04 -6.936757293678751666e-04 -6.521884796348770058e-04 -6.191551341227981850e-04 -5.913484986355371613e-04 -5.662911714664063028e-04 -5.431949885626980541e-04 -5.207458914585471471e-04 -5.047383005041282183e-04 -4.885431563582139482e-04 -4.562723805739732396e-04 -4.501307532521127853e-04 -4.444080089609184106e-04 -4.421199701965838110e-04 -4.398574312364153245e-04 -4.366324345788911055e-04 -4.324995194461665618e-04 -4.288425185721420128e-04 -4.276779198348629597e-04 -4.307239114840888785e-04 -4.385248041651598956e-04 -4.500556447097565959e-04 -4.630319202277520508e-04 -4.748583011296198691e-04 -4.838456047779887562e-04 -4.901574972722928586e-04 -4.960062313642216256e-04 -5.049011240644711357e-04 -5.201728862902143483e-04 -5.433683626899209760e-04 -5.732638253874218926e-04 -6.060748339959920157e-04 -6.369638138290455425e-04 -6.623522604925880615e-04 -6.820636105589862955e-04 -7.002221512232153925e-04 -7.242253266826076136e-04 -7.618878923866993043e-04 -8.177835152262623569e-04 -8.904068946820183029e-04 -9.717661830949794917e-04 -1.050204483345661133e-03 -1.115846022514718587e-03 -1.166655460712846077e-03 -1.212216190418301687e-03 -1.272732466308440806e-03 -1.372383207520968965e-03 -1.528713873127097653e-03 -1.742289884247030796e-03 -1.991945683240833875e-03 -2.240094927564995498e-03 -2.448924693881256165e-03 -2.603271434557486667e-03 -2.731068848746368016e-03 -2.909804858853630351e-03 -3.250134986829792370e-03 -3.855180716053412029e-03 -4.766293602552049494e-03 -5.917897135193829310e-03 -7.130721246883023161e-03 -8.169317485295247289e-03 -8.870367106038430302e-03 -9.318021117529818459e-03 -1.000367625226115942e-02 -1.187648424480200471e-02 -1.618521753374375233e-02 -2.404331931058827435e-02 -3.574311588406046264e-02 -4.999537058075490675e-02 -6.348223892495831466e-02 -7.140355371515025307e-02 -7.001510975562927341e-02 -6.270128307503040899e-02 -7.162804030889850793e-02 -1.597179675584202152e-01 -4.627529018537706595e-01 -1.283018904973115326e+00 -3.052451886792574953e+00 -7.472427417511460668e+00 -1.299322091088485465e+01 -4.463577529820483392e+01 3.342643261499525842e+00 -5.557692048373356783e+02 1.895750052691725841e+03 -1.430608513074840084e+04 6.208137016606113320e+04 -1.421925275242236421e+04 1.920305731442329488e+03 -5.411927420726823357e+02 1.183380409760978758e+01 -3.984478212341566916e+01 -1.030201627705449319e+01 -6.011428031254910209e+00 -2.576927198854896073e+00
-1.580557602690302668e-02 -4.202199296038051923e-03 -2.912774169877840446e-03 -2.056473163291777737e-03 -1.625239424014789102e-03 -1.344124070753860596e-03 -1.151325427036182375e-03 -1.009205313773130306e-03 -8.995198640658042498e-04 -8.122507101657615216e-04 -7.420528793490973251e-04 -6.858786546849866784e-04 -6.415118729974247751e-04 -6.067595378208438589e-04 -5.790462309848963020e-04 -5.562965426443083547e-04 -5.348587730546651301e-04 -5.189844733833522692e-04 -4.997290371422803256e-04 -4.593098595937517318e-04 -4.463864718806841636e-04 -4.343487713118910211e-04 -4.286549797394800213e-04 -4.265066289655273916e-04 -4.262040652585409898e-04 -4.257733645400149864e-04 -4.241106379520665566e-04 -4.213715539575853979e-04 -4.189411848210346559e-04 -4.188375639490191852e-04 -4.227881632489274020e-04 -4.313655489484575058e-04 -4.435870635914104646e-04 -4.572116531803024453e-04 -4.696746608390400140e-04 -4.792971755764443903e-04 -4.862350350639588529e-04 -4.926851759459902839e-04 -5.021471951499519590e-04 -5.179561976735900337e-04 -5.416769851790476575e-04 -5.721082250244751734e-04 -6.054800639793167820e-04 -6.369540112903056186e-04 -6.629376611543918128e-04 -6.832403764486550150e-04 -7.019888736854693100e-04 -7.266098092762203866e-04 -7.649690658267196183e-04 -8.216918512609227990e-04 -8.952951529783403353e-04 -9.777586210880295434e-04 -1.057349412562327796e-03 -1.124103970963690738e-03 -1.175946221941366740e-03 -1.222521725193906296e-03 -1.284218805764008632e-03 -1.385478926795956920e-03 -1.544083052163602561e-03 -1.760673827776060079e-03 -2.013912327846284489e-03 -2.265806379473551523e-03 -2.478072372846498034e-03 -2.635303097614468890e-03 -2.765727072869088744e-03 -2.947831095249206675e-03 -3.293833634405907065e-03 -3.908461654949187992e-03 -4.833913795216420936e-03 -6.003931414568262209e-03 -7.236761524021004081e-03 -8.293384667828402820e-03 -9.007754813320629356e-03 -9.465045337822107149e-03 -1.016436538390323545e-02 -1.207064858882933231e-02 -1.645445324184311234e-02 -2.444996289883726373e-02 -3.635714716684657760e-02 -5.086696295743940721e-02 -6.460448204631447089e-02 -7.268266892752682506e-02 -7.128524641742349510e-02 -6.385241689757058248e-02 -7.295854685291802699e-02 -1.627211288979725778e-01 -4.715531464525682948e-01 -1.307693448187071672e+00 -3.111732706208366839e+00 -7.619198266534472630e+00 -1.325013199373698214e+01 -4.553132182718240273e+01 3.421806838103977455e+00 -5.671368226745624952e+02 1.934874866327384325e+03 -1.460293677457755803e+04 6.337824478687238297e+04 -1.451824880076367299e+04 1.960898228854771105e+03 -5.527249847946869750e+02 1.207929410246151214e+01 -4.073166470309063669e+01 -1.044837508551306726e+01 -6.764602077272552805e+00
-1.593891748137723705e-02 -4.216520118721171426e-03 -2.904219355615080770e-03 -2.033928093145458312e-03 -1.597960394515521862e-03 -1.318170333720600001e-03 -1.130567259383836532e-03 -9.950806110783671273e-04 -8.912965693508520266e-04 -8.076925721588592904e-04 -7.383710510956567130e-04 -6.806975358595243608e-04 -6.336318347869249754e-04 -5.962314277304112207e-04 -5.676766038099701536e-04 -5.441687548822626407e-04 -5.295026444258626617e-04 -5.115463718500298101e-04 -4.682186889297472975e-04 -4.528318583842521890e-04 -4.353174251817460458e-04 -4.230971462890841363e-04 -4.151825284792425149e-04 -4.117240889908979607e-04 -4.115316201304079899e-04 -4.128220708620885214e-04 -4.137961237734051742e-04 -4.134027314608211632e-04 -4.118197289401938593e-04 -4.104270941944392417e-04 -4.112342645162745118e-04 -4.159722309331006802e-04 -4.252353908585469614e-04 -4.380762293781300678e-04 -4.522899923426263987e-04 -4.653369599755976084e-04 -4.755453811928678676e-04 -4.830631588402737719e-04 -4.900741425282877399e-04 -5.000712715893250752e-04 -5.163961815285707333e-04 -5.406315229124008474e-04 -5.715956780435358601e-04 -6.055289667035015705e-04 -6.375875404502123669e-04 -6.641625255576416110e-04 -6.850498033811662458e-04 -7.043823063014485394e-04 -7.296215097336477195e-04 -7.686894851016342354e-04 -8.262650656018242839e-04 -9.008852153527573603e-04 -9.844947983943717028e-04 -1.065277184213062446e-03 -1.133175315436413906e-03 -1.186072313150240152e-03 -1.233683140549023984e-03 -1.296593323032549025e-03 -1.399521294452911848e-03 -1.560492819811767429e-03 -1.780226304286216437e-03 -2.037195355676873262e-03 -2.292979337090210457e-03 -2.508802832609067709e-03 -2.669008569260502076e-03 -2.802139229757245279e-03 -2.987728017751126782e-03 -3.339621378930602257e-03 -3.964210166812938592e-03 -4.904560946704889478e-03 -6.093691487738744396e-03 -7.347260118565089593e-03 -8.422541483168287033e-03 -9.150673840695603203e-03 -9.617913191330138001e-03 -1.033138261765333479e-02 -1.227236917223238459e-02 -1.673396499894240497e-02 -2.487176152079478147e-02 -3.699355108156750227e-02 -5.176971893062329994e-02 -6.576626806203232645e-02 -7.400641013580375183e-02 -7.259955127648107243e-02 -6.504385862376967087e-02 -7.433591240242240494e-02 -1.658275233588628883e-01 -4.806485786241930791e-01 -1.333182801066267631e+00 -3.172954549612236885e+00 -7.770732121195107034e+00 -1.351537587166565402e+01 -4.645555527702760656e+01 3.502912574907503629e+00 -5.788651159453938817e+02 1.975235868455542686e+03 -1.490918443091067456e+04 6.471614399335083726e+04 -1.482670070676927207e+04 2.002771450635390693e+03 -5.646202035123492351e+02 1.226809890917928314e+01 -4.141409589428365479e+01 -1.230954368521555686e+01
-1.596512182330854859e-02 -4.212292571182775849e-03 -2.892322286017246901e-03 -2.016371112937099218e-03 -1.577729281714336691e-03 -1.297859661406481615e-03 -1.112418681463603429e-03 -9.805957217642101518e-04 -8.809673008787579675e-04 -8.009421017987083686e-04 -7.337669488821921748e-04 -6.764831084327766137e-04 -6.281143806320800375e-04 -5.891475132987984741e-04 -5.571974146759610478e-04 -5.381363121653395159e-04 -5.185925021887064293e-04 -4.728267950537003682e-04 -4.592345253997271847e-04 -4.416999653116769880e-04 -4.271748395829619098e-04 -4.144245219882253099e-04 -4.048580543510147561e-04 -3.992263830321181512e-04 -3.975503722953111028e-04 -3.988381003697959084e-04 -4.014042747964879812e-04 -4.035285684348493239e-04 -4.041993102309091013e-04 -4.036022728098653855e-04 -4.031069938795933433e-04 -4.047113194990489436e-04 -4.101470039746554861e-04 -4.200262874367868219e-04 -4.334315283065079340e-04 -4.481886616403293021e-04 -4.617783305361690556e-04 -4.725335480911097940e-04 -4.805944492509198174e-04 -4.881339609983857100e-04 -4.986412132128844937e-04 -5.154663568110699626e-04 -5.402098566391299022e-04 -5.717074794200937594e-04 -6.062058500834212587e-04 -6.388518838203192983e-04 -6.660180445111395578e-04 -6.874873594587540757e-04 -7.074024472764714900e-04 -7.332646778856979517e-04 -7.730568716644252566e-04 -8.315133565615370021e-04 -9.071889921466258846e-04 -9.919882214337526986e-04 -1.074003629808252015e-03 -1.143079635893772938e-03 -1.197058697256277214e-03 -1.245731986386388072e-03 -1.309894404581386004e-03 -1.414554698090970605e-03 -1.577992052135511469e-03 -1.800999352801351460e-03 -2.061849843383440056e-03 -2.321673698098323732e-03 -2.541184490530508291e-03 -2.704469548557764027e-03 -2.840404640376732043e-03 -3.029614969722905192e-03 -3.387637255816669697e-03 -4.022582491666928765e-03 -4.978405923827540491e-03 -6.187363203445222018e-03 -7.462423992004020741e-03 -8.557029215616778622e-03 -9.299418981147548890e-03 -9.776994762923154128e-03 -1.050519363345151988e-02 -1.248222389345126325e-02 -1.702445808566995303e-02 -2.530956918103179770e-02 -3.765336865420588347e-02 -5.270493030143814234e-02 -6.696922828429528740e-02 -7.537685142484829015e-02 -7.396065530057321924e-02 -6.627897911447601376e-02 -7.576473981650568013e-02 -1.690444698290665959e-01 -4.900531573192643542e-01 -1.359517647653962324e+00 -3.236184623731414245e+00 -7.927191549356408906e+00 -1.378924106404718053e+01 -4.740948660765335632e+01 3.585968701909199030e+00 -5.909668657206631224e+02 2.016876036977159174e+03 -1.522515972655937185e+04 6.609651476642634952e+04 -1.514495044640477863e+04 2.045979889799477633e+03 -5.770104023471691335e+02 1.290629941554579396e+01 -4.529472077177666023e+01
-1.581615370341247009e-02 -4.175800922693899929e-03 -2.871007584310725745e-03 -2.003149884547944081e-03 -1.566665147116713848e-03 -1.286522829850133935e-03 -1.100150719658555881e-03 -9.680658423725443809e-04 -8.694519846238231561e-04 -7.915730274477423807e-04 -7.270006561895187361e-04 -6.716622704701154419e-04 -6.247275209587204413e-04 -5.835064907756265387e-04 -5.561136847770714250e-04 -5.291258681439296556e-04 -4.749757395284030727e-04 -4.605193579898480519e-04 -4.438651616955414437e-04 -4.311172501949470212e-04 -4.188801604173579465e-04 -4.073654993422665105e-04 -3.972761923163781097e-04 -3.898220041052873541e-04 -3.859178478733840765e-04 -3.856591133814487086e-04 -3.881439147087102789e-04 -3.917650396294924779e-04 -3.948593874835921503e-04 -3.964436842880056117e-04 -3.967058297566511556e-04 -3.970024747161246775e-04 -3.993184993655217669e-04 -4.053845575385644768e-04 -4.158277017804864399e-04 -4.297562243491056416e-04 -4.450227909642482499e-04 -4.591254651149446662e-04 -4.704007835801475405e-04 -4.789816090578795566e-04 -4.870315535694545099e-04 -4.980376447753525780e-04 -5.153593854574161585e-04 -5.406144933886072304e-04 -5.726542904066765942e-04 -6.077293386126354302e-04 -6.409754268478886404e-04 -6.687458204008392719e-04 -6.908118581018728123e-04 -7.113283529746106983e-04 -7.378394648757981289e-04 -7.783908509926024556e-04 -8.377726857816545280e-04 -9.145561063600246999e-04 -1.000602211052163118e-03 -1.083909988883695937e-03 -1.154224304805079315e-03 -1.209348975527885749e-03 -1.259156664002730177e-03 -1.324659024627241385e-03 -1.431162236758404043e-03 -1.597202962458647759e-03 -1.823647507550690784e-03 -2.088562436117278112e-03 -2.352619814091066932e-03 -2.576015926251412451e-03 -2.742585546326384380e-03 -2.881554736159563142e-03 -3.074673080179730900e-03 -3.439209252131735992e-03 -4.085032300606677297e-03 -5.057003320567054691e-03 -6.286598438891004281e-03 -7.584045778712147044e-03 -8.698886462084458662e-03 -9.456432688103305964e-03 -9.945309326231692101e-03 -1.068952457459739630e-02 -1.270467831280917836e-02 -1.733105715332396851e-02 -2.576903538851546202e-02 -3.834273709533255609e-02 -5.367950468485180315e-02 -6.822186762201280785e-02 -7.680557847108993030e-02 -7.538523919805384388e-02 -6.758167308335717716e-02 -7.727774572788816132e-02 -1.724142775766810409e-01 -4.998196162471302273e-01 -1.386766890364535598e+00 -3.301526992708114783e+00 -8.088790056751484769e+00 -1.407213484619695087e+01 -4.839447205320803391e+01 3.670158945214180513e+00 -6.034572694391380310e+02 2.059835350355410810e+03 -1.555121512669119329e+04 6.752083176575774269e+04 -1.547333374827332955e+04 2.090132073998399392e+03 -5.882874704296401660e+02 2.265242617013857984e+00
-1.548722218088924643e-02 -4.103511219355223012e-03 -2.835195484117012093e-03 -1.989137652848063566e-03 -1.560589934186365230e-03 -1.281546430288008076e-03 -1.092724356857633500e-03 -9.575095312164767824e-04 -8.570218384856049696e-04 -7.794127323108085079e-04 -7.168202962061809595e-04 -6.651879955892845428e-04 -6.188855427515827260e-04 -5.859789946020043999e-04 -5.510983223425828300e-04 -4.842217273382235150e-04 -4.636087438724903085e-04 -4.428098363422421600e-04 -4.293018948748939553e-04 -4.185187036368594920e-04 -4.090337677777244798e-04 -3.997183895625633300e-04 -3.905894860980607263e-04 -3.825164637842387778e-04 -3.767446980826660375e-04 -3.742380899752303274e-04 -3.751475334552896446e-04 -3.786352701031511043e-04 -3.831545055968219211e-04 -3.870860591220738004e-04 -3.894669228643699260e-04 -3.904837094061894536e-04 -3.914802762430929475e-04 -3.944301982041234999e-04 -4.010641842063757600e-04 -4.120232270976301116e-04 -4.264381972011725588e-04 -4.421833954261637821e-04 -4.567690972256254357e-04 -4.685318796261299140e-04 -4.775968438611678454e-04 -4.861209055719004947e-04 -4.975935293548363909e-04 -5.153879370061857125e-04 -5.411411157105843178e-04 -5.737182879675797658e-04 -6.093688483914234087e-04 -6.432107548500852869e-04 -6.715726314479264448e-04 -6.942126569874762900e-04 -7.153016200090263257e-04 -7.424345256595763463e-04 -7.837290148103455943e-04 -8.440370576818366933e-04 -9.219452421379806424e-04 -1.009262716428007984e-03 -1.093881103070117435e-03 -1.165432556691098701e-03 -1.221676593041334455e-03 -1.272574071479620024e-03 -1.339372422745145662e-03 -1.447700327350002038e-03 -1.616371935506342875e-03 -1.846330175328518607e-03 -2.115414642139604867e-03 -2.383798963459913753e-03 -2.611116956025024468e-03 -2.780924116498050078e-03 -2.922810952682073065e-03 -3.119716079465914126e-03 -3.490742150754828563e-03 -4.147617161561358186e-03 -5.136153317508903790e-03 -6.386988035523597645e-03 -7.707430234181657930e-03 -8.842871883495338065e-03 -9.615492067318822181e-03 -1.011514109564406148e-02 -1.087475926908801696e-02 -1.292811020965470986e-02 -1.764043789019985667e-02 -2.623574021020788627e-02 -3.904663847425804413e-02 -5.467751348943650919e-02 -6.950540975376470754e-02 -7.826684127049288175e-02 -7.683445771035163352e-02 -6.889334973058647282e-02 -7.879244129907002347e-02 -1.758332501858430319e-01 -5.098368768715643151e-01 -1.414839386243437414e+00 -3.368942786853858617e+00 -8.255577155852614979e+00 -1.436409051220527466e+01 -4.941079518320609054e+01 3.757739594156984442e+00 -6.163447470148993261e+02 2.104173343899941756e+03 -1.588768544750223919e+04 6.899073420598094526e+04 -1.581218977588445159e+04 2.136070261514283629e+03 -6.007818108709535636e+02
-1.524532112386891430e-02 -4.059090839389574781e-03 -2.822036433889031030e-03 -1.994974189318154522e-03 -1.573199624873776806e-03 -1.294014400025346630e-03 -1.100975107415318090e-03 -9.602530185730841477e-04 -8.552170961459093978e-04 -7.752000283241085527e-04 -7.134746218160825312e-04 -6.610135265240395458e-04 -6.256725865643263758e-04 -5.866425717650982242e-04 -5.085219819072598789e-04 -4.814263618061493527e-04 -4.529979999283248330e-04 -4.335437913937517933e-04 -4.193381600746598557e-04 -4.093266017571736085e-04 -4.015997086902745841e-04 -3.945943531015251885e-04 -3.874251425672347628e-04 -3.801594478616805522e-04 -3.736905112616114243e-04 -3.692734715959501571e-04 -3.678971764421576016e-04 -3.697601208571633176e-04 -3.740873103057509278e-04 -3.793923293163362878e-04 -3.840960862521512580e-04 -3.872458634010884004e-04 -3.890120880915664799e-04 -3.907104437348036803e-04 -3.942931137635148175e-04 -4.014904904948743240e-04 -4.129675185822721003e-04 -4.278940667926756179e-04 -4.441814835845583919e-04 -4.593588346782332028e-04 -4.717559229760227304e-04 -4.814712387459915352e-04 -4.906316237132794279e-04 -5.027120394737566141e-04 -5.210985877367150946e-04 -5.474662585997807284e-04 -5.807270395426082947e-04 -6.171629419982292957e-04 -6.518929007081882086e-04 -6.812134502534152383e-04 -7.048356659811419889e-04 -7.268989088089685292e-04 -7.550107280175906259e-04 -7.973544299872667223e-04 -8.588813943219096841e-04 -9.382679598695619879e-04 -1.027355164301192204e-03 -1.113982709439595301e-03 -1.187664834826867091e-03 -1.246042098035068718e-03 -1.299044631542472031e-03 -1.368047826859644829e-03 -1.478972106570450003e-03 -1.651001230261584570e-03 -1.885366633094917718e-03 -2.159947602915083479e-03 -2.434628403790219456e-03 -2.668515597288324478e-03 -2.844685509624243422e-03 -2.992704315441429598e-03 -3.196290845482177394e-03 -3.576203791234762192e-03 -4.246318146998935388e-03 -5.254241072072929862e-03 -6.531009889324424812e-03 -7.882211051344687261e-03 -9.049642268171276954e-03 -9.851750440980531001e-03 -1.037776918917400135e-02 -1.116712096443489913e-02 -1.327012053108820970e-02 -1.807817987444555394e-02 -2.684475716987602331e-02 -3.992196265973668723e-02 -5.590546675208334787e-02 -7.111929071173701822e-02 -8.020367788390250774e-02 -7.893494821002523809e-02 -7.102824191467164983e-02 -8.125686783900389065e-02 -1.802768315669801558e-01 -5.210236525821722031e-01 -1.444750439015069388e+00 -3.440412686039879375e+00 -8.432991844332942577e+00 -1.468000032172711578e+01 -5.049482211236678353e+01 3.762404196921965482e+00 -6.298002915665455248e+02 2.149434353937019296e+03 -1.623503530157321256e+04 7.050202456716449524e+04 -1.614353523609337026e+04 2.038707885796316532e+03
-1.436277322495112425e-02 -3.839013018513833322e-03 -2.681503642551783927e-03 -1.907055114054275738e-03 -1.510637723720274035e-03 -1.245248462850004215e-03 -1.058714538810512145e-03 -9.205591915036463214e-04 -8.163773501789255366e-04 -7.378399776712805296e-04 -6.755637440474674196e-04 -6.386514217580535656e-04 -5.975455096700477012e-04 -5.118398135820077972e-04 -4.837649128348292895e-04 -4.515265738186782286e-04 -4.271182834415229506e-04 -4.074211755340912105e-04 -3.929007110812600184e-04 -3.828217518309744161e-04 -3.759828173159841715e-04 -3.708216070632706029e-04 -3.659435953296238443e-04 -3.606030611297079882e-04 -3.549530898418186919e-04 -3.499281263683875977e-04 -3.467895409762438525e-04 -3.465137217291096436e-04 -3.492861696616521620e-04 -3.543338281887110485e-04 -3.601952971358516795e-04 -3.653378499742485118e-04 -3.688653177747070605e-04 -3.709979654159861664e-04 -3.730780946950278554e-04 -3.770517025744141116e-04 -3.846122410440325494e-04 -3.963713131256982932e-04 -4.114515433753762846e-04 -4.277456496951286338e-04 -4.428057752534748600e-04 -4.550232315867945923e-04 -4.645756136035554475e-04 -4.736543084067206823e-04 -4.857530490532488854e-04 -5.042147086761789455e-04 -5.306178737789166719e-04 -5.637595262973291166e-04 -5.998376691199454151e-04 -6.339631043243240021e-04 -6.625185247916211446e-04 -6.853732971270704239e-04 -7.068358491644957230e-04 -7.346130914690074528e-04 -7.768519146969419479e-04 -8.383146095759020679e-04 -9.173882742842538306e-04 -1.005638553848663217e-03 -1.090780347714436849e-03 -1.162452766775929226e-03 -1.218673941178005735e-03 -1.269882572190986821e-03 -1.337869936032770168e-03 -1.448633698387017006e-03 -1.620941203131438194e-03 -1.855155958906747450e-03 -2.128120611099355419e-03 -2.398979252559328354e-03 -2.626876196758098306e-03 -2.795965050215391389e-03 -2.937758227019612693e-03 -3.138098318765357182e-03 -3.518967521352075242e-03 -4.193476536333481768e-03 -5.205926115553548977e-03 -6.482021645558685638e-03 -7.821835617770705323e-03 -8.964395092612865296e-03 -9.731215237688769365e-03 -1.022222761606769205e-02 -1.099400401947008346e-02 -1.311504072567558701e-02 -1.798629871036681177e-02 -2.685012485759865480e-02 -4.001676381784605163e-02 -5.600778793894253121e-02 -7.105627212144446925e-02 -7.973640018440128485e-02 -7.786057499043234909e-02 -6.940599795778464032e-02 -7.981550018775589173e-02 -1.811159253673891023e-01 -5.286428671056986328e-01 -1.468486493297466611e+00 -3.494809771624873829e+00 -8.562120669023450148e+00 -1.487373071503603761e+01 -5.129019280472160602e+01 4.373943189875431514e+00 -6.418474622343111378e+02 2.196914940957525232e+03 -1.657384239817358684e+04 7.200538168608011620e+04 -1.601258686808803395e+04
-1.839555380994335396e-02 -4.919265637060882268e-03 -3.435929435575644890e-03 -2.445605685022888675e-03 -1.940220579935057754e-03 -1.602550476203601186e-03 -1.364808998621731871e-03 -1.187319218141116763e-03 -1.052117955874855596e-03 -9.473004794138206947e-04 -8.737107409530060721e-04 -7.918419125347166783e-04 -6.815708421831381640e-04 -6.416737194364169556e-04 -6.002556445705558436e-04 -5.676789177479740333e-04 -5.389283651069919903e-04 -5.144064604677737410e-04 -4.944536501098744123e-04 -4.794957947339400909e-04 -4.692984154139341461e-04 -4.628196113402223704e-04 -4.584471446474969528e-04 -4.545491145968027515e-04 -4.500851351987456700e-04 -4.450033735170879409e-04 -4.402316714120102113e-04 -4.372420461179998938e-04 -4.373560065033215002e-04 -4.410867808631984679e-04 -4.478173020916059472e-04 -4.559855087150426443e-04 -4.637315156944290498e-04 -4.697464756390689277e-04 -4.739478493790544029e-04 -4.776478156277644271e-04 -4.830842579188031208e-04 -4.924648655560241728e-04 -5.069198627967224030e-04 -5.258491342637601571e-04 -5.470227251003292619e-04 -5.674864624398753138e-04 -5.849489782095198534e-04 -5.990535363298481533e-04 -6.119073118046193093e-04 -6.274987559908318810e-04 -6.501101136565431288e-04 -6.823298329018828452e-04 -7.235641519261616465e-04 -7.698664408294639879e-04 -8.154098516830742297e-04 -8.551998231665773912e-04 -8.879376583697001129e-04 -9.176548785734595960e-04 -9.530558790841316217e-04 -1.004389874935916966e-03 -1.078865046336431469e-03 -1.176554176883477278e-03 -1.288976295931130566e-03 -1.401753419240598340e-03 -1.501059651308101752e-03 -1.581656461374689399e-03 -1.652871672533129214e-03 -1.738936231297429297e-03 -1.871847062834392254e-03 -2.078123423391645824e-03 -2.364380007124104819e-03 -2.708740422984664067e-03 -3.064698445851472743e-03 -3.379947084778593767e-03 -3.626157550401528686e-03 -3.828663966960394079e-03 -4.080550180649805507e-03 -4.527542649246070819e-03 -5.318792364645797202e-03 -6.534430629363040775e-03 -8.117915545799799307e-03 -9.852893223837927081e-03 -1.142332642192839427e-02 -1.257354091826154083e-02 -1.334520452544013525e-02 -1.431458193471216167e-02 -1.670492081528507367e-02 -2.223057411320693982e-02 -3.256056351800917792e-02 -4.840454483968387872e-02 -6.842459436669487416e-02 -8.846875869851024421e-02 -1.020310636341845711e-01 -1.033124427666356621e-01 -9.500553717973972412e-02 -1.036990726643074318e-01 -2.091453394496977647e-01 -5.886512379657334870e-01 -1.637273929470210332e+00 -3.952539572378300559e+00 -9.671511549465327207e+00 -1.746084875810888093e+01 -5.649795098908094815e+01 -8.773835200771531007e+00 -6.580453820571361803e+02 2.091267570175679339e+03 -1.645271288991000984e+04 6.975917635154866730e+04
