5.350261712759480724e+04 -4.741202962874981495e+03 6.229935586851090648e+02 -9.064371520588333908e+01 1.387797081412648659e+01 -2.191420007762689970e+00 3.510096024042606011e-01 -5.796221933579894653e-02 9.244927050555726278e-03 -1.660113405916254772e-03 2.364188903279290698e-04 -4.695347623059725040e-05 1.201818089784632317e-05 3.969449174412467280e-06 3.846933920917996285e-06 1.849718331897305785e-06 6.542391470699652821e-07 -8.650574188845839122e-09 -2.242527339705564773e-07 -2.060639515641602254e-07 -1.020501907519869219e-07 -5.338844972815352801e-09 4.804421003176141020e-08 5.928720255076903741e-08 4.390886516193274754e-08 2.061961235670483159e-08 1.673291832064531349e-09 -7.851507535402885132e-09 -8.664057646617689947e-09 -4.632537788172675401e-09 3.753115306845343098e-10 3.689867260750101434e-09 4.518447451753347301e-09 3.411288380503818686e-09 1.496567799115707172e-09 -1.464635366636498778e-10 -9.676768362763189813e-10 -9.328851155751381891e-10 -3.825964281337434552e-10 2.476893502702513309e-10 6.441216381050408968e-10 6.923162361808325049e-10 4.726806059758889427e-10 1.544652323545812816e-10 -9.932030973360365050e-11 -2.012254667565069918e-10 -1.562459643571079582e-10 -2.954155688638228655e-11 9.577799948168092508e-11 1.615767850525334633e-10 1.521075577019544994e-10 8.921079624001996307e-11 1.340020084670403087e-11 -3.978865474916119970e-11 -5.337150731227185760e-11 -3.211070614031235955e-11 4.999695177203223666e-12 3.677465993685053226e-11 4.939301042926200168e-11 4.108348493983385230e-11 1.986930467789737300e-11 -2.230379747839156945e-12 -1.539226244198125004e-11 -1.602150596008064186e-11 -6.831018955063524634e-12 5.628184263603995304e-12 1.478183635661379192e-11 1.699886675427286566e-11 1.252746608965915051e-11 4.642789654044720184e-12 -2.529149990809120263e-12 -5.997952465885499707e-12 -5.038532963140630011e-12 -1.081204692667530125e-12 3.403658991288508087e-12 6.186854219773042531e-12 6.270961790196600306e-12 4.080013576221995518e-12 9.915836721219121010e-13 -1.458907980817962654e-12 -2.325379306915313460e-12 -1.549551860814380053e-12 1.665342114466231094e-13 1.829102049144811895e-12 2.660503096686776115e-12 2.405032385143824156e-12 1.358585305361189268e-12 1.231467855368057120e-13 -7.195692491695514623e-13 -8.722998174828108240e-13 -4.086863082089457840e-13 3.320909599449737388e-13 9.441289264596641158e-13 1.156524069002614345e-12 9.321664629994753555e-13 4.424129969625608780e-13 -4.754847540989607698e-14 -3.205121178071886111e-13 -2.968834589758993605e-13 -4.817560919922163216e-14 2.625488922161289550e-13 4.751934523015776388e-13 4.951185172592881265e-13 3.844194058839827797e-13
-1.678592752753945388e+04 2.621750448373591644e+04 -3.760374973752543610e+03 5.242128875295361468e+02 -8.425926693896475683e+01 1.226047474086521483e+01 -2.297114894207627600e+00 2.569185433211821357e-01 -8.824524920600008981e-02 -3.793136735324281836e-03 -6.727953412646046731e-03 -1.645283390106872358e-03 -6.347430649745424607e-04 -9.940965290903194394e-05 3.373043921474682468e-05 4.961109037899141024e-05 2.790910516367783848e-05 5.676879831737070301e-06 -7.483223317241962980e-06 -1.171035810628173418e-05 -1.035994207908608944e-05 -6.768357771390909610e-06 -3.198606426798338696e-06 -7.223971539998423554e-07 4.794759937981878123e-07 7.099403808929515746e-07 4.242205836609694220e-07 1.301769439439914984e-08 -2.879400243715561413e-07 -3.988142540323806222e-07 -3.490682009401084979e-07 -2.162199961689891067e-07 -7.751117483875369741e-08 1.790544921897657355e-08 5.524817784650727693e-08 4.587328914767095577e-08 1.340804329981552608e-08 -1.938398810940305957e-08 -3.834965520761546004e-08 -3.994023958815562984e-08 -2.869035227894161177e-08 -1.264818893919760024e-08 8.421342643467539029e-10 7.732286862653547899e-09 7.742474162436156470e-09 3.290615258941982162e-09 -2.260515971784063976e-09 -6.184125631617507845e-09 -7.237449555420923931e-09 -5.704987255177964225e-09 -2.835800503740456780e-09 -7.488960025105236724e-11 1.561874057202374662e-09 1.774900903610209124e-09 9.055502172192088135e-10 -3.673233504040989382e-10 -1.385006706841052437e-09 -1.765993368575521095e-09 -1.486821842400520497e-09 -8.021298050112878720e-10 -7.272501062194203776e-11 4.060963495547741696e-10 5.088330036602019507e-10 2.916302538940037935e-10 -7.254901539123472041e-11 -3.905499680186252048e-10 -5.324966926829498852e-10 -4.708971819829458483e-10 -2.693283402788148613e-10 -3.672185987219872572e-11 1.274967457841908219e-10 1.724907513415437967e-10 1.071180751471768806e-10 -1.584145189350491806e-11 -1.305069192478425003e-10 -1.877706005694531562e-10 -1.725037085770203804e-10 -1.031872267091185544e-10 -1.771907998436160128e-11 4.612384142751179361e-11 6.656512658833297327e-11 4.398612777999602189e-11 -3.221117612448104662e-12 -4.964420213725262985e-11 -7.480308694994549933e-11 -7.090318730682944565e-11 -4.393931148642197137e-11 -8.756296494145466200e-12 1.874339287200784802e-11 2.854143021457332377e-11 1.979368765072111540e-11 -3.249965928680441489e-13 -2.096952096920609282e-11 -3.284771298969129363e-11 -3.193226136287018218e-11 -2.034629366847792304e-11 -4.493785009972159402e-12 8.353807723043708788e-12 1.330488682737003851e-11 9.585261568098072817e-12 2.775325876516380078e-13 -9.722997752407898513e-12 -1.528983589526237985e-11 -1.789575695459766930e-11
3.468972537904352521e+03 -7.659119095474854475e+03 2.418766487583379057e+04 -4.103263980166993861e+03 5.711264063823209653e+02 -1.019856627301216037e+02 1.292782167350916112e+01 -3.304147420567618454e+00 8.909300242155189509e-02 -1.967856830484447095e-01 -4.033095470237093444e-02 -2.168746574309052266e-02 -6.401416515825154342e-03 -1.761136868841615792e-03 -4.256636213979293081e-05 2.909468056626314330e-04 2.120950866220713132e-04 6.143891332083358436e-05 -4.208621743603300174e-05 -8.281563823692305476e-05 -7.931231760605995734e-05 -5.547696329015631625e-05 -2.905492133092621055e-05 -9.338113259482219597e-06 1.236328460938947277e-06 4.302003353435286257e-06 3.003918609129060085e-06 2.839394638010791311e-07 -1.942900801549365990e-06 -2.905451547251692942e-06 -2.683983505688640154e-06 -1.784978697705341671e-06 -7.671908920868289596e-07 -1.671563143501701757e-08 3.234511409261920480e-07 3.101062732240685325e-07 1.031828893229116830e-07 -1.298079826471570021e-07 -2.768445262280774808e-07 -3.014743158671340396e-07 -2.288280349048136243e-07 -1.143513187026273077e-07 -1.222134473605189912e-08 4.497195545449359630e-08 5.186452550891957540e-08 2.383793593782478485e-08 -1.525453863487643116e-08 -4.480585510994189979e-08 -5.442105133934666518e-08 -4.488696684119808729e-08 -2.458203934892897299e-08 -3.978109319031737838e-09 9.108802166315225700e-09 1.190455328753332568e-08 6.437271615024555167e-09 -2.534833523181604630e-09 -1.012549271951862976e-08 -1.330187574864898562e-08 -1.162755320163663456e-08 -6.784742999203742715e-09 -1.370748431418321187e-09 2.380318781483183073e-09 3.423175033823014706e-09 2.052138169673575323e-09 -5.244263990229356125e-10 -2.884664944996005388e-09 -4.022643664693761367e-09 -3.668923504852732469e-09 -2.240228267715270666e-09 -5.184225577747846671e-10 7.512174636590948309e-10 1.162453028806744721e-09 7.473731986378718227e-10 -1.259068140581811352e-10 -9.738012359596131680e-10 -1.421884111672886103e-09 -1.339431002437310323e-09 -8.466063386161990761e-10 -2.156508054450582658e-10 2.724990848371073522e-10 4.480847260318833340e-10 3.037009320800720563e-10 -3.217816887040310142e-11 -3.738075023970138058e-10 -5.668261783953268300e-10 -5.479920764743780216e-10 -3.559723956221208642e-10 -9.730059075395294381e-11 1.105975467139775109e-10 1.912644635667021533e-10 1.349901270937734783e-10 -8.041734703953776504e-12 -1.589757513906432429e-10 -2.485943132970349419e-10 -2.453620497318203946e-10 -1.629022786674926563e-10 -4.701078952401092826e-11 4.902567985027732188e-11 8.849685178278167002e-11 6.447874646641614732e-11 -1.494550533093792888e-12 -7.411439081332707325e-11 -1.152875154452540081e-10 -1.375206369714231909e-10
-8.378782398253935071e+02 1.274720284363042765e+03 -6.722324383314794431e+03 2.373497170700982315e+04 -4.369683902901737383e+03 6.031606940567091897e+02 -1.171746282897724427e+02 1.273918556341895325e+01 -4.409370773183254322e+00 -1.737860570446639052e-01 -3.369199210356977892e-01 -8.944366921835203432e-02 -3.996970562983205577e-02 -1.144912802322989656e-02 -2.441629624591201957e-03 3.663662585378551551e-04 6.476800603661882639e-04 2.898221911619388354e-04 -6.456290393049589403e-05 -2.435434249159407400e-04 -2.674970680525940001e-04 -2.061306986614827325e-04 -1.216314591499534381e-04 -5.122433452869806021e-05 -8.542593123023516915e-06 8.365841056635984815e-06 8.494542256023017822e-06 1.545168777228716229e-06 -5.469709023493379464e-06 -9.159899602669246870e-06 -9.116771158206416305e-06 -6.622649081420072836e-06 -3.404638577028059288e-06 -7.975099691289647292e-07 5.899798327818081998e-07 8.130078445948116949e-07 3.167779573055951496e-07 -3.710223847174008167e-07 -8.608315611977745807e-07 -9.916843261196737573e-07 -8.063546191539724224e-07 -4.616275576099493423e-07 -1.282117411810194612e-07 8.025062540184358519e-08 1.328148039177494138e-07 6.728014102770222533e-08 -4.562405592705006506e-08 -1.395235291253630579e-07 -1.766962453307335415e-07 -1.541234708668662443e-07 -9.434251122343502218e-08 -2.907153847141092145e-08 1.608316629222214401e-08 3.022171920949150782e-08 1.757893037487352773e-08 -8.151452024478939323e-09 -3.175350609968961276e-08 -4.296689008471746421e-08 -3.933761201391065004e-08 -2.523266043179524048e-08 -8.366570151906246857e-09 4.166482371952329342e-09 8.654329713961996596e-09 5.503540498272370379e-09 -1.869741728234890304e-09 -9.120351648170395965e-09 -1.296512906280150794e-08 -1.229640362286115389e-08 -8.159310852068323230e-09 -2.850443458048502718e-09 1.305928060052986191e-09 2.933207823708417213e-09 1.982323080967698648e-09 -5.172623022203810034e-10 -3.103971691171488613e-09 -4.580247203149565161e-09 -4.461228904396776359e-09 -3.038063436699302620e-09 -1.105273246178895669e-09 4.702494573738041028e-10 1.129058883166681686e-09 7.988315730155508074e-10 -1.636459472723805636e-10 -1.200756919720286837e-09 -1.825784439560617794e-09 -1.816471949290623592e-09 -1.262813395124257244e-09 -4.743588722189667271e-10 1.894437900589236916e-10 4.812351311525384615e-10 3.527093597507884289e-10 -5.760469514569968624e-11 -5.141379992132472488e-10 -8.008015966581315529e-10 -8.103109127837657030e-10 -5.727425444946750472e-10 -2.208123751396254950e-10 8.329001768400435415e-11 2.223074006232139559e-10 1.674170694604757401e-10 -2.206308482186564029e-11 -2.415464850673540754e-10 -3.709934505396330291e-10 -4.578272953197458448e-10
1.193968243947720822e+02 -3.764880221405811653e+02 1.014418565023641577e+03 -6.361839947735620626e+03 2.354875492424476033e+04 -4.548252506447845008e+03 6.230423016785529171e+02 -1.290139592838974352e+02 1.214428195005724831e+01 -5.435375620092693261e+00 -4.563339974965959778e-01 -4.770104630916892074e-01 -1.386137017705114383e-01 -5.723717376025646425e-02 -1.581683939883742757e-02 -2.889748657660104469e-03 6.613884988221426127e-04 7.330858404171245292e-04 8.518351140724512516e-05 -4.057968839891965560e-04 -5.731989661828833975e-04 -5.082634464538872150e-04 -3.447245223121306410e-04 -1.811969214611141763e-04 -6.564907422268430814e-05 -6.453282356782830030e-06 9.843488960998301643e-06 3.193198585839383851e-06 -9.534552866664213660e-06 -1.841539056042659921e-05 -2.028299023697642165e-05 -1.646896832896719355e-05 -1.013705902001360240e-05 -4.240064424288138565e-06 -4.725085162754662357e-07 8.663363219103934560e-07 4.453774855345070297e-07 -7.092982799786869963e-07 -1.721457587197518070e-06 -2.126904748025930840e-06 -1.890342464486584022e-06 -1.259004874448795784e-06 -5.646536922197843135e-07 -6.355741354380189589e-08 1.401038392070979344e-07 8.686290366815707921e-08 -9.864340183997949616e-08 -2.818503423634473015e-07 -3.734228731955270844e-07 -3.502473534765231432e-07 -2.444925010439319535e-07 -1.142966870220073293e-07 -1.281075601952292128e-08 3.199638826155885938e-08 2.187424403791096420e-08 -2.026755812874938977e-08 -6.509368793293667616e-08 -9.030063570649246825e-08 -8.777620399462912635e-08 -6.324570434517858613e-08 -3.043172952215468499e-08 -3.430082578288902998e-09 9.204914352690547581e-09 6.700648676255147326e-09 -5.402907443882046378e-09 -1.896740159906640360e-08 -2.719158138680824780e-08 -2.711493648626212438e-08 -1.998675502100399864e-08 -9.819381957297094812e-09 -1.113018172396520352e-09 3.135801480491786009e-09 2.381173473709026487e-09 -1.741710412174315318e-09 -6.540688949534701557e-09 -9.605398624528719550e-09 -9.761392585943870333e-09 -7.319671631468683411e-09 -3.654949927247615631e-09 -4.191746222673398150e-10 1.211838442273588325e-09 9.495543140903356086e-10 -6.468794666261670207e-10 -2.560849506363847194e-09 -3.831623703383779154e-09 -3.952068967584735745e-09 -3.003939003321314994e-09 -1.519638552815177786e-09 -1.764795071766533126e-10 5.181514563464063116e-10 4.159388740476697691e-10 -2.682428880120696079e-10 -1.107940209546552520e-09 -1.682335959430133354e-09 -1.755783182841081485e-09 -1.349140263716889012e-09 -6.898719658517952151e-10 -8.138352611817080338e-11 2.398195425122603511e-10 1.957262348629044135e-10 -1.219153850169061459e-10 -5.264599712021722214e-10 -7.791215511662506019e-10 -1.005247436874500525e-09
-4.944372884048940620e+01 1.848343385179273213e+01 -3.294064097483534397e+02 9.178459430479683760e+02 -6.156617662666156320e+03 2.345211758839313188e+04 -4.673385352653446716e+03 6.364676553811287931e+02 -1.382764065649000429e+02 1.146316939661396539e+01 -6.331149265178077634e+00 -7.211361441253359983e-01 -6.051421459883993270e-01 -1.840978608753061352e-01 -7.323974725528249741e-02 -2.014896207622755495e-02 -3.724417383688957174e-03 5.056667881720017244e-04 4.647829025024413879e-04 -3.367234730078478774e-04 -8.491129496642916066e-04 -9.323554024340256112e-04 -7.461653289068032914e-04 -4.753018136825941983e-04 -2.403456702040827322e-04 -8.911050774439837078e-05 -1.895335273475980671e-05 -3.622284896470060385e-06 -1.363724572771674067e-05 -2.732823782415124824e-05 -3.387333162076462055e-05 -3.138880469586506866e-05 -2.303444741071199121e-05 -1.330670047572027546e-05 -5.630221658898426995e-06 -1.442966617368796577e-06 -4.250778298862991760e-07 -1.290106181550885896e-06 -2.623021766392308066e-06 -3.444259177703164227e-06 -3.400330791345137834e-06 -2.654379134886136499e-06 -1.625256319696670171e-06 -7.261560708084010682e-07 -1.988422934043057189e-07 -7.169829635510954976e-08 -2.155037667144468735e-07 -4.427117779752116497e-07 -5.984769262669040148e-07 -6.107223553837566660e-07 -4.926201127373841709e-07 -3.109452607668949214e-07 -1.426561217248246144e-07 -4.022891970779462051e-08 -1.672605458010593359e-08 -5.096815718020229297e-08 -1.051412408204773249e-07 -1.444225538263283803e-07 -1.502600108533599459e-07 -1.236119966858980257e-07 -7.946186492990921516e-08 -3.701487405809326875e-08 -1.062190763519703245e-08 -4.927900434268802413e-09 -1.518315227819017045e-08 -3.136423075473522395e-08 -4.351833360773131319e-08 -4.586092339508419954e-08 -3.822685383642199834e-08 -2.486957075855452488e-08 -1.169112840542146896e-08 -3.387864518476376942e-09 -1.712058389412592209e-09 -5.334237625087342874e-09 -1.102698821285386025e-08 -1.540477492724353164e-08 -1.637924320858028036e-08 -1.377868260909917226e-08 -9.038646364522199227e-09 -4.274792385183750372e-09 -1.248111452847308275e-09 -6.775722676377300048e-10 -2.124298016989324440e-09 -4.389199521144161221e-09 -6.160694112866853795e-09 -6.593475216603910392e-09 -5.584922251746060066e-09 -3.686378612216092604e-09 -1.751068500485751858e-09 -5.142004146859015619e-10 -2.958849393435512741e-10 -9.321012610920826658e-10 -1.925079420205534567e-09 -2.711921091741074129e-09 -2.917230998745086127e-09 -2.484204460172914847e-09 -1.647530782063442319e-09 -7.852701205339428472e-10 -2.321579615345557856e-10 -1.415734767248610062e-10 -4.436784837503414754e-10 -9.273897319410990174e-10 -1.257072309488010599e-09 -1.703014914457795279e-09
-6.138106732818418898e+00 -3.252685667425709681e+01 1.175667176985093709e+00 -3.067727933753830030e+02 8.664554432354889286e+02 -6.021430193754606080e+03 2.339548974045392606e+04 -4.765190690513037225e+03 6.462325812520749651e+02 -1.456267903527498788e+02 1.081572717195209776e+01 -7.099066043789041380e+00 -9.595982508179206061e-01 -7.206392095331158876e-01 -2.263834824245661292e-01 -8.873873018845220007e-02 -2.487785360717621047e-02 -5.036329177194826499e-03 1.984321060089299670e-05 3.241137714524419856e-05 -8.107349901661585045e-04 -1.292667441552752209e-03 -1.281800702088667625e-03 -9.842825181643594622e-04 -6.193117913222144543e-04 -3.207647169011901256e-04 -1.343209524697191993e-04 -4.834319758775310603e-05 -2.714084613374079193e-05 -3.454675143002705883e-05 -4.557166049710527985e-05 -4.861325227553981733e-05 -4.230286387955392000e-05 -3.058141238677992741e-05 -1.842576532025774983e-05 -9.305512092509571126e-06 -4.396201796371930998e-06 -3.020884823960756287e-06 -3.609543290928652655e-06 -4.609628107060577553e-06 -5.035852102079635107e-06 -4.599394382023475214e-06 -3.533706923384690135e-06 -2.292823052622970359e-06 -1.281166232436003030e-06 -7.026725528715238703e-07 -5.424177790445759552e-07 -6.414961525533431569e-07 -8.038223509333551423e-07 -8.834656890123229941e-07 -8.246677173997052283e-07 -6.540675940144409460e-07 -4.430799519887705722e-07 -2.641039799773265962e-07 -1.597633165395006231e-07 -1.332975352256792639e-07 -1.577999057827164879e-07 -1.951742518009605308e-07 -2.144438234241485761e-07 -2.022558919955058947e-07 -1.634078974347357957e-07 -1.138703717822303565e-07 -7.107949671379315259e-08 -4.614598561947960427e-08 -4.066881896016553301e-08 -4.828593516317213134e-08 -5.916686032131319173e-08 -6.487809217624834907e-08 -6.152902675819905296e-08 -5.030362320112822538e-08 -3.575776569863485559e-08 -2.309982648173630306e-08 -1.580942030448027767e-08 -1.451097302068619202e-08 -1.729851699831001026e-08 -2.106047523665569549e-08 -2.303782667318602417e-08 -2.191058862189436373e-08 -1.805312868144878327e-08 -1.302121027248439821e-08 -8.640892017489125750e-09 -6.165190681388092630e-09 -5.840723816008469864e-09 -6.988427114529009666e-09 -8.465075247957110416e-09 -9.236267425002104761e-09 -8.797105273382143265e-09 -7.288661769917444233e-09 -5.317013726877745872e-09 -3.605678345991004841e-09 -2.659641556602347414e-09 -2.583062518858983370e-09 -3.101230327755859488e-09 -3.742544245488280964e-09 -4.074596667703902362e-09 -3.883820286903023570e-09 -3.230860004793795939e-09 -2.378188383921992766e-09 -1.642215415125965429e-09 -1.247028536668673903e-09 -1.236070166410310130e-09 -1.510170588759900244e-09 -1.739018878614969643e-09 -2.445283889577547918e-09
-8.391235622589606535e+00 -9.768904192237879869e+00 -3.347479216579547767e+01 -4.074027795190860779e+00 -2.916290404905798823e+02 8.350965269636924404e+02 -5.925014691713304273e+03 2.335957194429766969e+04 -4.835132495823098907e+03 6.537200623359758538e+02 -1.515643067835942190e+02 1.023192524136970860e+01 -7.759361619725965831e+00 -1.173607598515033157e+00 -8.254348783461225025e-01 -2.660620217050920222e-01 -1.038025367913507080e-01 -2.977625892268532040e-02 -6.525158108818727987e-03 -5.452103225005334054e-04 -4.100588920582903915e-04 -1.274374712969076782e-03 -1.734982696515122852e-03 -1.646886170256273022e-03 -1.249296965540152606e-03 -7.918644215488994994e-04 -4.238944171206777511e-04 -1.933695350289983033e-04 -8.360247509737881366e-05 -5.160032167606074145e-05 -5.475886096745768717e-05 -6.377333314386367908e-05 -6.485474777341749967e-05 -5.599393129352926355e-05 -4.133152405890086316e-05 -2.631551815024561145e-05 -1.481521468832511578e-05 -8.195785104169954320e-06 -5.762532377895512367e-06 -5.792310452325503554e-06 -6.531123369135884829e-06 -6.813625023505857505e-06 -6.230934783102877654e-06 -4.965222071963324254e-06 -3.474702093883717336e-06 -2.199268115182150111e-06 -1.384730302675259400e-06 -1.046000535945724519e-06 -1.033514708328253987e-06 -1.141065865319357383e-06 -1.200709192656933863e-06 -1.132611579731490810e-06 -9.454730676031049451e-07 -7.030898791905845464e-07 -4.801967519402344625e-07 -3.279857463569777356e-07 -2.594757842834914959e-07 -2.545068650756867652e-07 -2.765954127043871546e-07 -2.915687915311871905e-07 -2.801834181880860706e-07 -2.413689581277300030e-07 -1.874127124917062518e-07 -1.351414254866159668e-07 -9.765318643094842746e-08 -7.974696545688215832e-08 -7.789707837423017186e-08 -8.363394888019984874e-08 -8.811122731972696256e-08 -8.572661853241091148e-08 -7.556634124216721857e-08 -6.060270526209284416e-08 -4.550253825937711110e-08 -3.425657214281172312e-08 -2.863500210788770679e-08 -2.791322364799537662e-08 -2.969147101761074694e-08 -3.123170701515782061e-08 -3.064746769666388953e-08 -2.748823359968634243e-08 -2.260761974185246956e-08 -1.751872927528559789e-08 -1.361171251094096318e-08 -1.158420189068436262e-08 -1.127744997270318224e-08 -1.190456311414007297e-08 -1.249676257980306658e-08 -1.234015468652984978e-08 -1.122164171696950383e-08 -9.418600612911534879e-09 -7.485045735012699334e-09 -5.961614751901775410e-09 -5.145600358157324538e-09 -5.005785145865935391e-09 -5.252094359501032030e-09 -5.502511997512476481e-09 -5.459591189022804693e-09 -5.020565143416989251e-09 -4.285567448132436831e-09 -3.480110973798864878e-09 -2.830307650206822446e-09 -2.504556680207647128e-09 -2.340692425729363669e-09 -3.241957848482280304e-09
-4.393075536729369901e+00 -7.179708228752986088e+00 -1.213083930355324291e+01 -3.246993463546314729e+01 -5.797213054363149709e+00 -2.802832858178077231e+02 8.142580080323672291e+02 -5.852573577232978096e+03 2.333542355515834060e+04 -4.890076522315824150e+03 6.596724017682262229e+02 -1.564486979409261949e+02 9.711867808830376703e+00 -8.332237306668384136e+00 -1.366143870267137350e+00 -9.206922812421963753e-01 -3.029730075084761665e-01 -1.180342352633959174e-01 -3.448353181094816061e-02 -7.969320542357627782e-03 -1.098662940991622762e-03 -8.571115952231920512e-04 -1.758609531854740541e-03 -2.208494749843200634e-03 -2.044512145332996571e-03 -1.540286951594665565e-03 -9.803103695494228258e-04 -5.337223607545461736e-04 -2.533986595085027703e-04 -1.180150581475242043e-04 -7.614414634387257528e-05 -7.705045776284248627e-05 -8.568653542106480388e-05 -8.534677844239483288e-05 -7.336829514053532224e-05 -5.454376185957427744e-05 -3.537396733087561979e-05 -2.056886475033955936e-05 -1.185650925361678600e-05 -8.445685000553110919e-06 -8.236013153881145682e-06 -9.031839719228259552e-06 -9.327642706299919093e-06 -8.551470821827725807e-06 -6.889597430315613224e-06 -4.907181389601625838e-06 -3.175108077799639621e-06 -2.033021748118990729e-06 -1.524946402597488972e-06 -1.471339461651650288e-06 -1.603549364568790146e-06 -1.690354829900027021e-06 -1.611153388505964999e-06 -1.364940260785558243e-06 -1.031407654167257464e-06 -7.130660105741747802e-07 -4.861658431035420223e-07 -3.763798698200176658e-07 -3.614966622907729269e-07 -3.923990081350117525e-07 -4.190541687268784274e-07 -4.100544254787597575e-07 -3.597200434856354793e-07 -2.832607292617994684e-07 -2.049447221999502904e-07 -1.456960274689471405e-07 -1.151642698048314972e-07 -1.102892882197402402e-07 -1.193657103212222817e-07 -1.286659385624177627e-07 -1.283673536627030772e-07 -1.155652905464827043e-07 -9.381233252003685057e-08 -7.014742075789592568e-08 -5.136564450233336303e-08 -4.120359499130378687e-08 -3.938900216719025843e-08 -4.254286136552007930e-08 -4.618017810569106825e-08 -4.676224071429253062e-08 -4.294747446509185458e-08 -3.568894089832905431e-08 -2.736438171317365557e-08 -2.048835636575519481e-08 -1.661725693073376993e-08 -1.586315374948503677e-08 -1.710313010418206418e-08 -1.866635190484068199e-08 -1.912651786070612171e-08 -1.784941357998683099e-08 -1.511180092193663892e-08 -1.181783813180560246e-08 -9.001800063793918406e-09 -7.362933180613458679e-09 -7.021267770964226536e-09 -7.559971030732506214e-09 -8.287947675817240164e-09 -8.575635286445176304e-09 -8.109828276637166386e-09 -6.976563227776437043e-09 -5.546206878307493939e-09 -4.343016606586179038e-09 -3.429149131309160500e-09 -4.488595933020806785e-09
-2.776705363193339160e+00 -3.703519120090123629e+00 -8.058201245908943378e+00 -1.213684917641225169e+01 -3.096821101274880661e+01 -6.054541512990444296e+00 -2.713991400386592545e+02 7.995235581643285059e+02 -5.796097860744929676e+03 2.331842931092206709e+04 -4.934336078631734381e+03 6.645284499453591707e+02 -1.605335552169215418e+02 9.249512223818744161e+00 -8.833054663541922480e+00 -1.539276389571404779e+00 -1.006966101741705311e+00 -3.368821131409668324e-01 -1.312056508934947019e-01 -3.888770355144552382e-02 -9.360137175734480064e-03 -1.678736969789800448e-03 -1.348798472500876543e-03 -2.282889793215826541e-03 -2.709320421454549516e-03 -2.455835711335354297e-03 -1.834630514122884094e-03 -1.166770626160812570e-03 -6.408547197788874803e-04 -3.129289058451150871e-04 -1.549515659679191379e-04 -1.054435037158147866e-04 -1.047915805543608988e-04 -1.123020517347620871e-04 -1.089744250034266885e-04 -9.223645574616356167e-05 -6.808246377728518768e-05 -4.427634613884055251e-05 -2.626580470775057577e-05 -1.586006569344528263e-05 -1.187098068141267196e-05 -1.162053291696478443e-05 -1.241668405720727588e-05 -1.248164908030234186e-05 -1.120791269518765748e-05 -8.905219124164553312e-06 -6.311524154733640435e-06 -4.129209694161981508e-06 -2.743893806304204131e-06 -2.163977057929112184e-06 -2.128233136278307644e-06 -2.283950886541032976e-06 -2.345956016011522373e-06 -2.181493061183575672e-06 -1.811332247056614735e-06 -1.351843771005313207e-06 -9.373988526000392857e-07 -6.588607034763487979e-07 -5.371244318619019896e-07 -5.321784778676662719e-07 -5.742393316174004036e-07 -5.986508858819599386e-07 -5.697786565689626243e-07 -4.872183159536807680e-07 -3.764062160507973650e-07 -2.712676159003287869e-07 -1.977966243778556209e-07 -1.649149448390740405e-07 -1.645075444310153820e-07 -1.784518215087628501e-07 -1.881544558441388620e-07 -1.821480210859153403e-07 -1.590934342152374445e-07 -1.259754459238925194e-07 -9.328049558431749399e-08 -6.977856404401805134e-08 -5.913304870997881391e-08 -5.935088812446422952e-08 -6.470678843254365802e-08 -6.884137415924151341e-08 -6.751046061661206138e-08 -5.991244772756623680e-08 -4.832201138249633001e-08 -3.650855353438705065e-08 -2.783371117139890374e-08 -2.388156372188109103e-08 -2.409504703747253588e-08 -2.638480260324749550e-08 -2.827595195204458694e-08 -2.801477613032439443e-08 -2.517523115683479042e-08 -2.059837323221304355e-08 -1.580595731673361300e-08 -1.222618168565587070e-08 -1.059162878207122810e-08 -1.073479284920783144e-08 -1.180238795554682254e-08 -1.272780747827074425e-08 -1.271969184990793740e-08 -1.155290044412906557e-08 -9.580359510736962381e-09 -7.489021486601636477e-09 -5.840227804887181919e-09 -6.453627835905075537e-09
-1.499201027040323320e+00 -2.032053975638921539e+00 -4.131052439555490174e+00 -7.708295357071299314e+00 -1.153228431347233141e+01 -2.939293557937096324e+01 -5.734335917572741081e+00 -2.642753742883999166e+02 7.885841959541352253e+02 -5.750827923883349285e+03 2.330602065754438809e+04 -4.970732927681775436e+03 6.685710059836974324e+02 -1.639977189026406847e+02 8.838682831583104971e+00 -9.273382607310141523e+00 -1.694847368848328095e+00 -1.084977300091015451e+00 -3.679212016666965623e-01 -1.433906912018767799e-01 -4.305524795918953124e-02 -1.074994276774470479e-02 -2.308007212819703641e-03 -1.877845771466249989e-03 -2.821301367599185483e-03 -3.207159463214640481e-03 -2.856963252082445753e-03 -2.119536265717339614e-03 -1.348754771230317642e-03 -7.491343847153443666e-04 -3.775710854017174300e-04 -1.984518680377189486e-04 -1.405794039543817417e-04 -1.364389265179550875e-04 -1.407483182709723228e-04 -1.329562100669012576e-04 -1.108556351479459648e-04 -8.150689551049696241e-05 -5.357612564738993647e-05 -3.286930383626571049e-05 -2.102661873401268260e-05 -1.639611556644657647e-05 -1.580748616339252243e-05 -1.623058401212520852e-05 -1.576284331681362437e-05 -1.384245955863648350e-05 -1.090366970271933838e-05 -7.799081031420400148e-06 -5.283803049932608337e-06 -3.726451565640967386e-06 -3.073323530376223965e-06 -2.992541215775601224e-06 -3.081782369264734400e-06 -3.039924211823541920e-06 -2.747232207559701772e-06 -2.251329763520213772e-06 -1.692820990490493306e-06 -1.217026697925581405e-06 -9.104642750178157607e-07 -7.795131804366871655e-07 -7.677405512654062380e-07 -7.941400080572780804e-07 -7.912565227696859111e-07 -7.280054108227050937e-07 -6.119647678533376412e-07 -4.755525696825942011e-07 -3.557067919012579911e-07 -2.768871062797514480e-07 -2.434550528967228466e-07 -2.422198883439147245e-07 -2.516861801675482115e-07 -2.526283060575557852e-07 -2.353453912798423841e-07 -2.013675901860426096e-07 -1.601446360357780220e-07 -1.231921725101101846e-07 -9.866514635362101281e-08 -8.851373329362776159e-08 -8.885626441412902237e-08 -9.273519253020753720e-08 -9.361476214089598165e-08 -8.800301773298211099e-08 -7.627432737077458441e-08 -6.170484325654397420e-08 -4.847337630869469976e-08 -3.967133952572041257e-08 -3.615627405560321077e-08 -3.657362820421858579e-08 -3.831898389489326520e-08 -3.885840068602872420e-08 -3.678312676511318777e-08 -3.219704761599655702e-08 -2.639174896381405939e-08 -2.107196775105927806e-08 -1.753924293014712559e-08 -1.618970325981448829e-08 -1.648582201831421124e-08 -1.733748298071365547e-08 -1.765059861985431146e-08 -1.682891190760415364e-08 -1.480086117277674827e-08 -1.263884978620264722e-08 -9.098557873286750346e-09 -1.289982906704250371e-08
-7.119794988705357985e-01 -9.831722279997033853e-01 -2.123199029443459285e+00 -3.816434542836701471e+00 -7.112859676245447460e+00 -1.077885259672190976e+01 -2.796217158263717195e+01 -5.222641979038417759e+00 -2.584702553508009828e+02 7.801432944374231511e+02 -5.713733809018170177e+03 2.329668445423419325e+04 -5.001180611391185266e+03 6.719930923885408447e+02 -1.669702451283573055e+02 8.473332137909553197e+00 -9.662710078972352790e+00 -1.834934119469202152e+00 -1.155725101537799837e+00 -3.964425267412537979e-01 -1.547408572825664241e-01 -4.703338958350226917e-02 -1.213115050715500923e-02 -2.952274905179633896e-03 -2.404943757332417362e-03 -3.343198079772352269e-03 -3.685547771656747136e-03 -3.244350598851490543e-03 -2.399349818262222142e-03 -1.532832516958706993e-03 -8.632464843657989021e-04 -4.484275900494677763e-04 -2.464485209561216887e-04 -1.778988426635532305e-04 -1.684820168194737556e-04 -1.688081888524805294e-04 -1.566820786194177270e-04 -1.298415231246539524e-04 -9.594255895191483379e-05 -6.423335259907968751e-05 -4.078435687752423092e-05 -2.716453130047881772e-05 -2.144993798156027233e-05 -2.015955879579527817e-05 -2.002702798442378555e-05 -1.902895498985810572e-05 -1.658049639468634926e-05 -1.314576808150058137e-05 -9.615930571230365599e-06 -6.766532733456369894e-06 -4.962099919435151868e-06 -4.128008082343289326e-06 -3.907278369470144411e-06 -3.878184282700061651e-06 -3.729790616396767709e-06 -3.340541839200148672e-06 -2.759949704204591411e-06 -2.130232012875119319e-06 -1.596058292171519683e-06 -1.241261805293772329e-06 -1.068968246372665128e-06 -1.020398888851826090e-06 -1.013749246188151693e-06 -9.819568855446361129e-07 -8.946036205686358552e-07 -7.593415321032150615e-07 -6.077282410330284366e-07 -4.751791663967225876e-07 -3.846129887368246307e-07 -3.394557908701398191e-07 -3.264642420789959424e-07 -3.248066140372037590e-07 -3.161564929154149496e-07 -2.914206573028230129e-07 -2.521267808827214507e-07 -2.071228935580566229e-07 -1.670183141343817452e-07 -1.391623306979898951e-07 -1.251160870937214342e-07 -1.211196199199147685e-07 -1.207043344992416036e-07 -1.179047169286643560e-07 -1.095972430062973260e-07 -9.616817591645867016e-08 -8.057476919017622214e-08 -6.651652778813411828e-08 -5.666630320841006112e-08 -5.169073139357853720e-08 -5.031823598997487218e-08 -5.022209930840630392e-08 -4.918695576678219160e-08 -4.601256191505148509e-08 -4.081857459814727737e-08 -3.473287024302798237e-08 -2.920794149576516491e-08 -2.532283293382142258e-08 -2.337365928649542978e-08 -2.286458068885613373e-08 -2.288499154291044597e-08 -2.241337251429904265e-08 -2.145718169351242065e-08 -1.812718360454995965e-08 -2.005595671132052138e-08 -1.138410230379381996e-08
-2.331259883773210695e-01 -4.079705120228132031e-01 -9.285848373305100045e-01 -1.847740372759224536e+00 -3.404447458369169066e+00 -6.522148736149028458e+00 -1.007699538944680562e+01 -2.673757297796902677e+01 -4.681237759550089805e+00 -2.536707716048496479e+02 7.734314279955470965e+02 -5.682786350520595988e+03 2.328948506210862979e+04 -5.027020277987968257e+03 6.749306838643068431e+02 -1.695472345984552760e+02 8.147419822508972231e+00 -1.000909306086285433e+01 -1.961619665269574542e+00 -1.220179822340980991e+00 -4.227484826488021596e-01 -1.653267198683177064e-01 -5.079904605971224257e-02 -1.345800006282152003e-02 -3.573211746557423702e-03 -2.909336440538382029e-03 -3.844066069947935180e-03 -4.149730328850243823e-03 -3.625878779061647572e-03 -2.679559961488785919e-03 -1.720101612950633531e-03 -9.804699159301436678e-04 -5.209158341319447723e-04 -2.945901378851691673e-04 -2.146528258225068042e-04 -2.001292955175719012e-04 -1.971710508308637151e-04 -1.814537338960438837e-04 -1.502974035654580979e-04 -1.118312378266213324e-04 -7.598294140188890293e-05 -4.930119955649777877e-05 -3.349366383887303805e-05 -2.648655802869270907e-05 -2.449747216803642953e-05 -2.394715411362928779e-05 -2.258252502132049124e-05 -1.970685032799576099e-05 -1.577572823473111748e-05 -1.173335001374961146e-05 -8.423655248711093264e-06 -6.260546633583080218e-06 -5.184180602460680889e-06 -4.819953032274643973e-06 -4.709463967338966303e-06 -4.502656945148513770e-06 -4.049496524105707629e-06 -3.387645138426210060e-06 -2.662819630062712201e-06 -2.032269643536015262e-06 -1.593733642713357960e-06 -1.359399817028244877e-06 -1.271942648045105739e-06 -1.244209395039203197e-06 -1.200216489385129740e-06 -1.100958958677370036e-06 -9.487973344535438873e-07 -7.744012350118511350e-07 -6.159232536983842438e-07 -5.006593099224807321e-07 -4.358641843633654581e-07 -4.100580852356994069e-07 -4.017176120630214678e-07 -3.900370067632657388e-07 -3.629162694274773470e-07 -3.195939836211010575e-07 -2.680835818745246943e-07 -2.196409294048056830e-07 -1.831743171870337766e-07 -1.618842068145559058e-07 -1.530160021815973316e-07 -1.501434534958736001e-07 -1.465045792041403488e-07 -1.377907867316103193e-07 -1.233520246605705680e-07 -1.056481496328919326e-07 -8.852578577580946292e-08 -7.527290270859539474e-08 -6.729790793035766108e-08 -6.385840833709272213e-08 -6.274771554768065002e-08 -6.146671647920283418e-08 -5.830231092958751901e-08 -5.287747657825818030e-08 -4.604190626149553445e-08 -3.927177701182667859e-08 -3.390694620143127379e-08 -3.063160378447381530e-08 -2.912136684379098229e-08 -2.908562015104567908e-08 -2.749723089425361977e-08 -3.075548671530069835e-08 -2.606837622820081687e-08 9.377616575612435707e-09
3.300720922481814503e-03 -1.100037857592089385e-01 -3.069375854846538854e-01 -7.332764659438659738e-01 -1.574060094319023273e+00 -3.042128894123605320e+00 -6.026383436587908093e+00 -9.480755548022907320e+00 -2.570990584108652754e+01 -4.167940498471257804e+00 -2.496461096022275683e+02 7.679672356142798435e+02 -5.656574996292692958e+03 2.328381808404458934e+04 -5.049219911157376373e+03 6.774817947850283417e+02 -1.718019364863614840e+02 7.855366880305904687e+00 -1.031916354245551304e+01 -2.076668833427460559e+00 -1.279095939132040449e+00 -4.470285097963432319e-01 -1.751665077459328701e-01 -5.432500325499105970e-02 -1.470898360123042495e-02 -4.165419728351204935e-03 -3.397187089136938579e-03 -4.333443739382559709e-03 -4.606402724865079311e-03 -4.002884765980519420e-03 -2.956838697089633240e-03 -1.904971870535119129e-03 -1.095503950283104868e-03 -5.916796815283825684e-04 -3.418808064162165449e-04 -2.516206023335929758e-04 -2.328876449965380400e-04 -2.271028685397463308e-04 -2.077494126426653368e-04 -1.718665640250080788e-04 -1.282977298571805604e-04 -8.787677201199451716e-05 -5.775798998109655998e-05 -3.979152493617875268e-05 -3.166452557600050679e-05 -2.917045272660009181e-05 -2.831855263834190034e-05 -2.658498924065846259e-05 -2.317976417735578978e-05 -1.860600451133446979e-05 -1.392258046660985396e-05 -1.008265290818653857e-05 -7.557741942986990287e-06 -6.282579234414656139e-06 -5.830962886663172584e-06 -5.677003673229916197e-06 -5.415688166105698001e-06 -4.870744221622479447e-06 -4.083356445568699641e-06 -3.222001585703198658e-06 -2.470826080925953414e-06 -1.945921420294606595e-06 -1.663295715611165657e-06 -1.556284992932911937e-06 -1.521635708010713809e-06 -1.468176865174098112e-06 -1.348237325385932396e-06 -1.163795130174861582e-06 -9.514922557699801398e-07 -7.577671481260852144e-07 -6.164371740407468363e-07 -5.370492766236567294e-07 -5.059874898514493144e-07 -4.968410049648332436e-07 -4.836506821580062196e-07 -4.510104505372745381e-07 -3.976471745759588292e-07 -3.334729083435945159e-07 -2.727493608525024094e-07 -2.269865953751636305e-07 -2.005264782622732885e-07 -1.900482853176215630e-07 -1.873687233442423056e-07 -1.837052206691878121e-07 -1.733427740382272255e-07 -1.553079723635867563e-07 -1.327547733752192873e-07 -1.107596524896115418e-07 -9.375101682915367853e-08 -8.370658719889246190e-08 -7.972287787399524583e-08 -7.887956203913083263e-08 -7.779650759395538788e-08 -7.410813291834620617e-08 -6.725326095610537020e-08 -5.835922717188539454e-08 -4.949054632314540910e-08 -4.240443270507719922e-08 -3.867894062391114061e-08 -3.578036191206474157e-08 -4.074854393674599820e-08 -3.738484381558784816e-08 -1.372794606052915629e-09 -4.205466045108114177e-10
8.849947472389323166e-02 1.729404299499185185e-02 -2.192945027121595905e-02 -1.933190518484122211e-01 -5.819877524867780316e-01 -1.368346705394771101e+00 -2.762802009151231086e+00 -5.630119635989899507e+00 -8.985615214043992438e+00 -2.484571290321834880e+01 -3.698061805611766228e+00 -2.462261348772855172e+02 7.634333184385959612e+02 -5.634090144179171148e+03 2.327927813059458276e+04 -5.068495577171484001e+03 6.797189812298747711e+02 -1.737908703147932385e+02 7.592460658224709391e+00 -1.059821795604726624e+01 -2.181489591931008665e+00 -1.333066602507486209e+00 -4.694431683742824601e-01 -1.843021391628588412e-01 -5.762354528576094093e-02 -1.589536962068366366e-02 -4.740507048338279267e-03 -3.876346162001770637e-03 -4.813007458034178516e-03 -5.051810378790570419e-03 -4.368911799733834339e-03 -3.225005932853522266e-03 -2.083505192055960797e-03 -1.207163681150392413e-03 -6.616113216989723570e-04 -3.900614747329374547e-04 -2.902542937984133216e-04 -2.672802633963649427e-04 -2.581467576889346564e-04 -2.345081187123379182e-04 -1.934094839638546867e-04 -1.445455508963462471e-04 -9.963914557281144068e-05 -6.632901469614995837e-05 -4.645733001302137171e-05 -3.735833380935482250e-05 -3.435905121214698465e-05 -3.308496046272368712e-05 -3.081087987698092462e-05 -2.672697030085340213e-05 -2.143118829118675878e-05 -1.610563833343773269e-05 -1.178824168046421350e-05 -8.968178445971847074e-06 -7.538984949331222579e-06 -7.004776493017740687e-06 -6.775100236402965073e-06 -6.408005957136068011e-06 -5.723351349194563187e-06 -4.782380653591517160e-06 -3.781424774635252047e-06 -2.925446823126824652e-06 -2.336441536629697094e-06 -2.021854768755122567e-06 -1.898473267689485479e-06 -1.846844608769654448e-06 -1.766241268338076167e-06 -1.608199009046480529e-06 -1.380687454004665656e-06 -1.128797071128002096e-06 -9.055110915353393814e-07 -7.467147515641221660e-07 -6.594444252425218302e-07 -6.248764934314701178e-07 -6.113524011811455192e-07 -5.897756164682943508e-07 -5.445502684099561728e-07 -4.765903928282732856e-07 -3.989092743560729874e-07 -3.282198941416259696e-07 -2.768502718616083440e-07 -2.482324844815241529e-07 -2.370774540058862752e-07 -2.331821638024245780e-07 -2.265465300648158472e-07 -2.114020286477356222e-07 -1.876866594943477102e-07 -1.598528075843825723e-07 -1.340178966645771231e-07 -1.149704200510184270e-07 -1.043098940909105622e-07 -1.002892278714595462e-07 -9.911031979405578560e-08 -9.686233179774230709e-08 -9.115665357407525535e-08 -8.188982390549698163e-08 -7.065033108087930854e-08 -6.066053260079526758e-08 -5.142707064708756792e-08 -5.293844654639758528e-08 -4.807402790946866187e-08 -8.316984445475191488e-09 -1.050858950036644912e-08 -7.396942652216245902e-09
8.262355433708881702e-02 4.988522389396911338e-02 6.866874764144872967e-02 2.307257086442023736e-02 -1.321814515040755922e-01 -4.904744824260870995e-01 -1.226525620018739104e+00 -2.551403118085703525e+00 -5.311783404261026575e+00 -8.571436200890525825e+00 -2.411143398239956070e+01 -3.272949424457304524e+00 -2.432860182908360116e+02 7.596108535283241281e+02 -5.614590607686415751e+03 2.327558505700101523e+04 -5.085387823061137169e+03 6.816974874090027470e+02 -1.755580773272573651e+02 7.354841896652164479e+00 -1.085053029326450513e+01 -2.277272707835014121e+00 -1.382630918329040171e+00 -4.901776877489508188e-01 -1.928079496542624560e-01 -6.072570581031905973e-02 -1.703005955995288978e-02 -5.300638247070375321e-03 -4.342296193340034784e-03 -5.275345606351901709e-03 -5.479033738500473788e-03 -4.719659946502400942e-03 -3.482888859937718646e-03 -2.256851397751027249e-03 -1.317511191918741041e-03 -7.323907322439457889e-04 -4.397108542697433808e-04 -3.299887347747506726e-04 -3.020437658006513483e-04 -2.889544588664888719e-04 -2.607856023119944195e-04 -2.145903068277443002e-04 -1.607632620794206032e-04 -1.117209505225716436e-04 -7.543778388542251819e-05 -5.369129654543042154e-05 -4.349549150844448205e-05 -3.979637984866124262e-05 -3.792651407369489723e-05 -3.501843505374829856e-05 -3.025444964634858229e-05 -2.429930220939076794e-05 -1.841140116924095115e-05 -1.367115881828483259e-05 -1.056386580148756711e-05 -8.944988290170335354e-06 -8.269822904485140739e-06 -7.909379567060265679e-06 -7.404084292137681138e-06 -6.575985965516462278e-06 -5.499501581135140026e-06 -4.384536280063451672e-06 -3.442629451224545129e-06 -2.793362568760856628e-06 -2.435463956039430577e-06 -2.275591273824519522e-06 -2.187092385959916182e-06 -2.066977675638326868e-06 -1.868835582278877881e-06 -1.604659450422257505e-06 -1.322923864104110544e-06 -1.077690494102704124e-06 -9.034138213541206043e-07 -8.042036715601627308e-07 -7.583141631321801588e-07 -7.323751592638194886e-07 -6.972159687604629813e-07 -6.384169953120761871e-07 -5.584530357801799446e-07 -4.714188826102058072e-07 -3.941560653833093516e-07 -3.382226571660273751e-07 -3.058428400207221545e-07 -2.906668232565607851e-07 -2.820011884909182523e-07 -2.700239370893982589e-07 -2.495959696491431284e-07 -2.213534293913681369e-07 -1.901659687202257888e-07 -1.621222561617447030e-07 -1.416005045078196239e-07 -1.296367577771414034e-07 -1.240353923299067907e-07 -1.208304794999222017e-07 -1.163035713677623291e-07 -1.082520055138971924e-07 -9.766343941866314366e-08 -8.361012574668798054e-08 -7.885332813123822282e-08 -6.692026011635940067e-08 -1.755600368861971004e-08 -1.873563633621326049e-08 -1.418398110947120850e-08 -1.898541554404605343e-08
3.996270617997658980e-02 3.724388659806043833e-02 6.274867206531919983e-02 6.696874781705487722e-02 2.683387195600834760e-02 -1.111750866529493398e-01 -4.378271071353742050e-01 -1.125646277690213859e+00 -2.385823148051160913e+00 -5.049962039822855964e+00 -8.220201751899725906e+00 -2.348101830586145056e+01 -2.890340277234446198e+00 -2.407331376309939515e+02 7.563441441067997175e+02 -5.597519624970220320e+03 2.327254060419332018e+04 -5.100311922851432428e+03 6.834602915744061420e+02 -1.771383626302434209e+02 7.139267932270515260e+00 -1.107966351777466762e+01 -2.365085335357229201e+00 -1.428295643390899095e+00 -5.094181175444957299e-01 -2.007532086229508184e-01 -6.364960758357035564e-02 -1.811109191308648766e-02 -5.837399762101314407e-03 -4.786995042393946478e-03 -5.715755725917006508e-03 -5.887150136427194910e-03 -5.056857486239985447e-03 -3.733139714335668210e-03 -2.427086325793154347e-03 -1.427255717939498536e-03 -8.033585182734568134e-04 -4.893494717744452816e-04 -3.692489101824527080e-04 -3.360752428786259807e-04 -3.191282015637095281e-04 -2.867888687553261473e-04 -2.359170794873538578e-04 -1.774266869887508580e-04 -1.243417828861769555e-04 -8.499223750364452029e-05 -6.118034492997425223e-05 -4.970408194721281334e-05 -4.520134319733810533e-05 -4.273195781381078281e-05 -3.925912941727183935e-05 -3.390615683869114015e-05 -2.735651911443569281e-05 -2.091925074752975212e-05 -1.571944481901582243e-05 -1.226130864931195986e-05 -1.039155969075394726e-05 -9.538883456292065826e-06 -9.043141102066360894e-06 -8.419789039250002614e-06 -7.477144331470619061e-06 -6.286706218054027775e-06 -5.062433186632719118e-06 -4.022119111015647634e-06 -3.290087857729261437e-06 -2.866491558851902620e-06 -2.656131722437003728e-06 -2.528429125235643182e-06 -2.375961876362003225e-06 -2.148680693772145937e-06 -1.856433460175126350e-06 -1.547115281341287608e-06 -1.275378488792106246e-06 -1.076812974896596717e-06 -9.565880699468671105e-07 -8.934949632038987697e-07 -8.539996268235160475e-07 -8.081567507620268066e-07 -7.404485577701114464e-07 -6.522918541548002227e-07 -5.570712119574201837e-07 -4.714188174338447356e-07 -4.071445640465286486e-07 -3.669878109332897295e-07 -3.451107652221392280e-07 -3.310993264799738504e-07 -3.150694798880067807e-07 -2.915190535692304514e-07 -2.605776200059488352e-07 -2.266647263640519918e-07 -1.956319223322402787e-07 -1.718920792477302010e-07 -1.567171223126837797e-07 -1.482757930620887729e-07 -1.426720834575606918e-07 -1.370802201952609314e-07 -1.261755660080096147e-07 -1.213326856775445008e-07 -1.039292603417652283e-07 -4.160782648105545006e-08 -3.520911362623988722e-08 -2.585734647317275344e-08 -2.332398514981043205e-08 -3.254541222014904799e-08
-4.846990559418862601e-03 1.065691362178690545e-02 2.227650503373138080e-02 3.710293492846804264e-02 4.271192630578419386e-02 1.225941173329630866e-02 -1.065159438253298618e-01 -4.032787065985443675e-01 -1.047968813576000358e+00 -2.250922649980574342e+00 -4.830380210491426851e+00 -7.919297870611314849e+00 -2.293524455174597421e+01 -2.546779973611592585e+00 -2.384970597703042188e+02 7.535198591625559175e+02 -5.582450542288872384e+03 2.327000142608464375e+04 -5.113592096988324556e+03 6.850412810035963957e+02 -1.785596771320574874e+02 6.942941842558814969e+00 -1.128863072931488354e+01 -2.445866988720071245e+00 -1.470501205949711787e+00 -5.273163254574924075e-01 -2.081835787678356087e-01 -6.639958835194824383e-02 -1.913230205222750738e-02 -6.345707880580881560e-03 -5.209510316981169273e-03 -6.136592776823885341e-03 -6.279678702087366886e-03 -5.383294124479571022e-03 -3.976840613284003158e-03 -2.593592837701340619e-03 -1.534754751711637751e-03 -8.727210728043315957e-04 -5.377108202548661455e-04 -4.075739496373007574e-04 -3.696063175543632556e-04 -3.492429579562339112e-04 -3.130540956553289826e-04 -2.576318247985073524e-04 -1.944220668635316144e-04 -1.371371361073620194e-04 -9.456283280082781789e-05 -6.860023097665127157e-05 -5.585431265085026841e-05 -5.062958570145897777e-05 -4.766187651456975025e-05 -4.369577355477676704e-05 -3.776899761657119520e-05 -3.058637673853681224e-05 -2.353215462066602699e-05 -1.780777493201884067e-05 -1.396044229248450442e-05 -1.183617391560321684e-05 -1.082904039372214078e-05 -1.023034693189770691e-05 -9.512957164635482506e-06 -8.461031164318740975e-06 -7.142848039235311596e-06 -5.784368007801253077e-06 -4.620889358362889906e-06 -3.790658464501899285e-06 -3.298883599761116902e-06 -3.046095007649733707e-06 -2.891453932618062938e-06 -2.716237344023658347e-06 -2.462343225209613242e-06 -2.136932144145305068e-06 -1.790184905963701160e-06 -1.481796515218090766e-06 -1.252358833552282979e-06 -1.109833669047874515e-06 -1.032770068346753197e-06 -9.849295950394327510e-07 -9.326638522209069722e-07 -8.573505307027439033e-07 -7.589669143147682445e-07 -6.513274589772133218e-07 -5.527818722320971044e-07 -4.771530669811976315e-07 -4.285600569194108128e-07 -4.014117784146187996e-07 -3.844649386005850141e-07 -3.664253945663496282e-07 -3.404553449479997683e-07 -3.059417724176812315e-07 -2.673495044502209037e-07 -2.311865560054927918e-07 -2.028099802659933407e-07 -1.839985687473747300e-07 -1.740587488046082924e-07 -1.655090509061410762e-07 -1.666754093353996129e-07 -1.524144178735257371e-07 -8.340335380787481840e-08 -7.137449266431107836e-08 -5.252763161660602199e-08 -4.317335832206678217e-08 -3.704508256448072723e-08 -4.959387069392264190e-08
-3.395944072636932626e-02 -1.257308890209781274e-02 -1.747411356459275394e-02 -8.782591524000142938e-03 6.658336499910398609e-03 1.761197975336193516e-02 -2.463512397224249320e-03 -1.045230824580351964e-01 -3.763483945883335791e-01 -9.848183595038149107e-01 -2.138649198680281138e+00 -4.644162083443362121e+00 -7.659641954535220343e+00 -2.245921697730936017e+01 -2.238099138812809308e+00 -2.365230004960420445e+02 7.510537162601091268e+02 -5.569050936745268700e+03 2.326786171758287674e+04 -5.125485231877702063e+03 6.864674771385209624e+02 -1.798447442809501808e+02 6.763466450383567086e+00 -1.147995909955812976e+01 -2.520410032998249950e+00 -1.509609956805656239e+00 -5.439919098242077533e-01 -2.151345807415281919e-01 -6.898263652114423883e-02 -2.009561925330382096e-02 -6.828673028443054717e-03 -5.614030783190506260e-03 -6.541393592813587662e-03 -6.658294458076917041e-03 -5.698654286700810707e-03 -4.212391344720879671e-03 -2.754485831356359715e-03 -1.638643134651698169e-03 -9.399841182665885165e-04 -5.850664159340045493e-04 -4.456167787195325120e-04 -4.032424087972315252e-04 -3.795686783510544143e-04 -3.394469543388979756e-04 -2.793160745066190754e-04 -2.112580723194370895e-04 -1.497360416348524439e-04 -1.039996133158704801e-04 -7.601121619913674664e-05 -6.212507033065778014e-05 -5.626224927444614118e-05 -5.281147783020017104e-05 -4.830693897182960518e-05 -4.173098208059320780e-05 -3.384551185843421726e-05 -2.613577325556654116e-05 -1.988705967925057997e-05 -1.567953211828706223e-05 -1.333866618262834367e-05 -1.220445369821457395e-05 -1.150854316779926749e-05 -1.068141899716927795e-05 -9.492315455591485222e-06 -8.018956199164744352e-06 -6.509464079754136227e-06 -5.220528747947419503e-06 -4.301476966312538965e-06 -3.755435842607781578e-06 -3.471009192243368855e-06 -3.292231540759799209e-06 -3.088542032834308560e-06 -2.797028972293865934e-06 -2.427146811052876136e-06 -2.035664724942162571e-06 -1.689232937269098138e-06 -1.432559665493963953e-06 -1.273560070514063627e-06 -1.187279268779937369e-06 -1.132545257831299218e-06 -1.071587496052155628e-06 -9.839518644276306234e-07 -8.703217535896477788e-07 -7.469011534812260441e-07 -6.347191420807664110e-07 -5.493174493471456096e-07 -4.949631169316813507e-07 -4.648133393920284275e-07 -4.457136268748883767e-07 -4.246954127827991743e-07 -3.941335326444855026e-07 -3.536640549403799422e-07 -3.088071026564906025e-07 -2.670325605825374317e-07 -2.354925397498272329e-07 -2.124523202444565391e-07 -2.096332146884072515e-07 -1.976698018246456963e-07 -1.281806072428862793e-07 -1.197164066605723835e-07 -9.879877328275730003e-08 -8.239373658251579263e-08 -6.926804520223046584e-08 -5.833008326593894763e-08 -7.243413190973597470e-08
-4.216039893928896082e-02 -2.535824339495713203e-02 -4.097189905552871964e-02 -4.218541646601553508e-02 -3.246328190368821809e-02 -1.431187627288271064e-02 9.583738318378973858e-04 -1.181355239859979700e-02 -1.016700150405229763e-01 -3.540525541016467659e-01 -9.326638288073704208e-01 -2.044344044194164933e+00 -4.484901136625971674e+00 -7.433898512845868112e+00 -2.204086993835480257e+01 -1.959976742067411681e+00 -2.347678199817117672e+02 7.488816175938372908e+02 -5.557058113243569096e+03 2.326604191864289169e+04 -5.136197495863568292e+03 6.877607197184834149e+02 -1.810121817785593805e+02 6.598822811715420400e+00 -1.165575757979444305e+01 -2.589380553367499171e+00 -1.545930327024403361e+00 -5.595536291185161382e-01 -2.216463902172434719e-01 -7.141393711130056277e-02 -2.100858208574061387e-02 -7.290693969872162616e-03 -6.002587899272013826e-03 -6.930110251563490267e-03 -7.021600071411785576e-03 -6.001191104557651070e-03 -4.438534441418174638e-03 -2.909383903561016567e-03 -1.739319511510871875e-03 -1.005923047687025266e-03 -6.321099730239946582e-04 -4.836813084220052943e-04 -4.368288865491073460e-04 -4.096311916143786425e-04 -3.654124937021979561e-04 -3.005512054875707282e-04 -2.277649351775956643e-04 -1.622048334939638916e-04 -1.135017211072763182e-04 -8.361446778399841571e-05 -6.862070865326389490e-05 -6.207272967281729655e-05 -5.805276449920263753e-05 -5.292981656336592946e-05 -4.566224888532104820e-05 -3.707752932888354515e-05 -2.874939238521209640e-05 -2.202325414709693140e-05 -1.748942740348726098e-05 -1.494014343721764705e-05 -1.366186434424641782e-05 -1.283748152131288519e-05 -1.186979139875710407e-05 -1.052476900971056168e-05 -8.893986993131708997e-06 -7.244448172080733551e-06 -5.846100645705071425e-06 -4.850679363499881352e-06 -4.253749339966491666e-06 -3.931410534100353554e-06 -3.716246237369549890e-06 -3.471471225945615981e-06 -3.134197935295982343e-06 -2.718317071511153117e-06 -2.286192003768914195e-06 -1.908252169126188888e-06 -1.629679413437244132e-06 -1.455856530400491551e-06 -1.357859184248209574e-06 -1.291000426131970979e-06 -1.215776011906765056e-06 -1.112079800569031128e-06 -9.823710559769420100e-07 -8.449178123487130638e-07 -7.220628018172374959e-07 -6.294051478583668775e-07 -5.701602893137758454e-07 -5.359400057273786230e-07 -5.122846643144042402e-07 -4.856483823030192786e-07 -4.487354054465056239e-07 -4.017720304928755901e-07 -3.522649051595964765e-07 -3.042399082711767117e-07 -2.789935977957039788e-07 -2.512959260714741475e-07 -1.702664176490275887e-07 -1.645076041763265567e-07 -1.483549926003236211e-07 -1.353507019194112040e-07 -1.197990231366808663e-07 -1.051447518244576163e-07 -8.887721162174774660e-08 -1.043309707027317857e-07
-3.463334019222001625e-02 -2.726437511107841771e-02 -4.589281688317234376e-02 -5.451749028366348337e-02 -5.425742061598327198e-02 -4.350675430691338524e-02 -2.484208550835157944e-02 -8.248955239911785406e-03 -1.720601038977009195e-02 -9.867717582630568252e-02 -3.358069525515646192e-01 -8.893652292770217738e-01 -1.964363484185869035e+00 -4.347341045858025055e+00 -7.235976414504143861e+00 -2.167048205006182116e+01 -1.708500004777424808e+00 -2.331973000483414751e+02 7.469538400519370498e+02 -5.546261777799717493e+03 2.326448128845911197e+04 -5.145896199632342359e+03 6.889389067571700025e+02 -1.820773562943459751e+02 6.447308434772772934e+00 -1.181780832535930337e+01 -2.653358146314590993e+00 -1.579740521449610080e+00 -5.741074971532801330e-01 -2.277613362613672421e-01 -7.370892181180060954e-02 -2.187596788032187753e-02 -7.732031786275593566e-03 -6.373712466834951032e-03 -7.301072691787835814e-03 -7.368595294988134967e-03 -6.290870891723724864e-03 -4.656014769626613294e-03 -3.059341756941821866e-03 -1.837655893066796400e-03 -1.070915241123747462e-03 -6.786767031339450756e-04 -5.212356404886220925e-04 -4.697434890939575594e-04 -4.389633465350027924e-04 -3.907635557402913771e-04 -3.214139051800631681e-04 -2.441663873970936044e-04 -1.747677922443361493e-04 -1.231840002430833905e-04 -9.137801700632559268e-05 -7.519612508600603644e-05 -6.787746977534778701e-05 -6.323937634820723239e-05 -5.750028360312247396e-05 -4.958317945518070558e-05 -4.035483836335252897e-05 -3.145086698722799381e-05 -2.426112801338835230e-05 -1.938560872603463777e-05 -1.659506652554980163e-05 -1.513904236777063849e-05 -1.416522670762991037e-05 -1.305420374792689167e-05 -1.156541184906808233e-05 -9.795343027183347440e-06 -8.020151282169779263e-06 -6.516772586612985348e-06 -5.438542653061229612e-06 -4.777456605223047941e-06 -4.403340792148939311e-06 -4.142752140102815390e-06 -3.855139107100668416e-06 -3.476602146687630074e-06 -3.021979956725340317e-06 -2.555191675961626434e-06 -2.147668825790725677e-06 -1.844522458474551080e-06 -1.650152263412164372e-06 -1.534300216084874617e-06 -1.451181212118288791e-06 -1.360752927233110226e-06 -1.242910527963762938e-06 -1.100388673657272976e-06 -9.516865738770591304e-07 -8.191331203537832078e-07 -7.180553855417295567e-07 -6.512810422065546625e-07 -6.100841921429728423e-07 -5.799308381501258975e-07 -5.470786922723956505e-07 -5.055785434494820175e-07 -4.514354899569277620e-07 -4.076196548059939979e-07 -3.529603020692306918e-07 -2.403353776592296547e-07 -2.180733454145392520e-07 -1.952305391421456066e-07 -1.845571748016569410e-07 -1.748014363025813426e-07 -1.628153903793930759e-07 -1.491639575962305954e-07 -1.290182718988645622e-07 -1.480804641983731067e-07
-1.932080326263126840e-02 -2.157388303151052192e-02 -3.725041438105568953e-02 -4.888102821960915029e-02 -5.600650510429455720e-02 -5.576616011861777050e-02 -4.644918681742311872e-02 -2.955234792876314243e-02 -1.375502677401999573e-02 -2.095554266030076954e-02 -9.629031451698842614e-02 -3.208879030220515016e-01 -8.529100735526122801e-01 -1.895620588688800678e+00 -4.227270159574221253e+00 -7.061055382631631794e+00 -2.134038557212192089e+01 -1.480356174504045219e+00 -2.317840164638488147e+02 7.452312400719735024e+02 -5.536491543148828896e+03 2.326313285717391409e+04 -5.154718492438206340e+03 6.900168593347456181e+02 -1.830530713840204271e+02 6.307461063748080576e+00 -1.196764310473630033e+01 -2.712857104545455922e+00 -1.611290946905774346e+00 -5.877491913781267563e-01 -2.335148118084175439e-01 -7.587723720087236057e-02 -2.269835468468002493e-02 -8.151105146939447224e-03 -6.726403719771636980e-03 -7.654548514937378062e-03 -7.700526606029803670e-03 -6.569260357979315838e-03 -4.866093523994863279e-03 -3.204955392879655241e-03 -1.933555471111442171e-03 -1.134401718486706921e-03 -7.240831879448747640e-04 -5.577629358474308578e-04 -5.017820571063031808e-04 -4.676562443653866459e-04 -4.157546294411939409e-04 -3.421573631914010503e-04 -2.605914894153441475e-04 -1.873888598411924979e-04 -1.328837281401848197e-04 -9.909633692194589672e-05 -8.168746171413249538e-05 -7.360430382830303374e-05 -6.839312714553194398e-05 -6.209785084068695311e-05 -5.357919027171678829e-05 -4.372606900171802324e-05 -3.423420794060577210e-05 -2.654937162644906856e-05 -2.129846934817587587e-05 -1.824540470262141657e-05 -1.660913408077776079e-05 -1.549914321308461216e-05 -1.426455261654161895e-05 -1.264790613232178387e-05 -1.074379039658391216e-05 -8.836497970989159209e-06 -7.214145357908560774e-06 -6.038358033154293178e-06 -5.303457103097191158e-06 -4.875722600033918159e-06 -4.574627470251050523e-06 -4.252109254269934389e-06 -3.838879172904782001e-06 -3.347690681223411415e-06 -2.843403477397525662e-06 -2.400119509649565473e-06 -2.065743591327943440e-06 -1.846331255445431958e-06 -1.711605922237767167e-06 -1.614317765555995932e-06 -1.512256143803238116e-06 -1.383318022794291911e-06 -1.229060709730059709e-06 -1.067849931142500308e-06 -9.227221873795438027e-07 -8.100510870359405641e-07 -7.336225652282108603e-07 -6.847937935054563508e-07 -6.500645393311211006e-07 -6.102604812526721626e-07 -5.754436721919655673e-07 -5.137864699540727122e-07 -3.732108235814616608e-07 -3.225048211309735821e-07 -2.719605953089835331e-07 -2.432463352422729204e-07 -2.269725561758132102e-07 -2.177713556256729987e-07 -2.089270906795980231e-07 -1.986396510360057710e-07 -1.771132487791373327e-07 -2.046883874698947176e-07
-4.333016212090587578e-03 -1.267098708554451579e-02 -2.256052725220492050e-02 -3.338542704302732006e-02 -4.389442943142886355e-02 -5.157110885671796485e-02 -5.328858138589707277e-02 -4.662754182043953033e-02 -3.225340519621417573e-02 -1.782212896821976436e-02 -2.398788608478777049e-02 -9.436895472796055784e-02 -3.083200723658485187e-01 -8.216166617101494651e-01 -1.835786081217576138e+00 -4.121540951985488199e+00 -6.905441823267538304e+00 -2.104451499228397537e+01 -1.272723395835733129e+00 -2.305056816822059034e+02 7.436826411975273459e+02 -5.527607858718706666e+03 2.326195985315745202e+04 -5.162777869004786226e+03 6.910069386251133210e+02 -1.839500969699567463e+02 6.178010206121616221e+00 -1.210658462616871667e+01 -2.768327527349309314e+00 -1.640798409981699457e+00 -6.005586734155180517e-01 -2.389341874677020638e-01 -7.792553332570323343e-02 -2.347667078847801014e-02 -8.548511585212364636e-03 -7.062187150699087042e-03 -7.992579094798498568e-03 -8.019185453810048422e-03 -6.837382369297760262e-03 -5.068929462359574901e-03 -3.345768028738187010e-03 -2.026344951921641140e-03 -1.195847076675455147e-03 -7.681189643621228521e-04 -5.933728111608421599e-04 -5.332338442872308756e-04 -4.959970998210469105e-04 -4.405340291390887324e-04 -3.627450522213946185e-04 -2.768616464483219467e-04 -1.998408671986798204e-04 -1.424193182561726834e-04 -1.066891603146453017e-04 -8.811838034135057634e-05 -7.934060813552750010e-05 -7.360775722790462204e-05 -6.677544342415788967e-05 -5.764279419273960956e-05 -4.713373687781893318e-05 -3.702188085007110944e-05 -2.882340408947645766e-05 -2.319796309032873456e-05 -1.989891416000073426e-05 -1.810473230078971118e-05 -1.687593471420467789e-05 -1.552330145440106044e-05 -1.377176470536963182e-05 -1.171871267328721600e-05 -9.663798320413607417e-06 -7.912574424495686043e-06 -6.637762257800175074e-06 -5.834760725804731447e-06 -5.362214454264909774e-06 -5.027798501370356605e-06 -4.672714472420337712e-06 -4.221681723969781195e-06 -3.687221254723263065e-06 -3.138255085917551938e-06 -2.654408922404597481e-06 -2.287786126812331493e-06 -2.045677822483159424e-06 -1.896005329350907002e-06 -1.787880746734414304e-06 -1.675354427577328811e-06 -1.533940352366927780e-06 -1.364812710430980303e-06 -1.187642815426765116e-06 -1.027638537636210095e-06 -9.026755926794466629e-07 -8.186953270657649961e-07 -7.614532764467436568e-07 -7.343959524020789615e-07 -6.873566709384734620e-07 -5.475370494664224846e-07 -4.894644462371367447e-07 -4.153378702390712524e-07 -3.558882408403430949e-07 -3.109488040208108759e-07 -2.827182328811683472e-07 -2.673520183152976747e-07 -2.580955537494917335e-07 -2.511742504601910448e-07 -2.302676872050617636e-07 -2.726459341078836919e-07
5.285557720498489619e-03 -4.344250328548210360e-03 -8.482037498277583687e-03 -1.632266973460735904e-02 -2.658063916291219381e-02 -3.773775306679482550e-02 -4.696262270680900269e-02 -5.082116869502135287e-02 -4.653163440583662352e-02 -3.426594499430098834e-02 -2.096993424107403137e-02 -2.630264469760789509e-02 -9.254595599328105382e-02 -2.974003514884551169e-01 -7.943768343977454238e-01 -1.783249012231119313e+00 -4.027813037355901571e+00 -6.766228530846306377e+00 -2.077794195420473500e+01 -1.083133025155321283e+00 -2.293439639950972264e+02 7.422829136297071955e+02 -5.519495355399907567e+03 2.326093313460522404e+04 -5.170169073132915400e+03 6.919195283401542156e+02 -1.847775557926745194e+02 6.057856144335759474e+00 -1.223577077770671551e+01 -2.820157467299878817e+00 -1.668448816246168587e+00 -6.126046596232564978e-01 -2.440443969431498050e-01 -7.986209731621540797e-02 -2.421449852636976124e-02 -8.926804596451223470e-03 -7.383173477592304933e-03 -8.316562757450119553e-03 -8.325098851738059816e-03 -7.095063620749604040e-03 -5.264030221226962368e-03 -3.481349461192302999e-03 -2.115880991097299820e-03 -1.255415466830759556e-03 -8.111225789582293981e-04 -6.283916437054384071e-04 -5.642688787964349672e-04 -5.239512446203523337e-04 -4.649098242368208348e-04 -3.829305750732041932e-04 -2.927795947300030482e-04 -2.120371297403287399e-04 -1.518176886119201711e-04 -1.142528973955116639e-04 -9.459181551711462964e-05 -8.514408668754286922e-05 -7.887435174585267724e-05 -7.146914419197420028e-05 -6.168811954004676211e-05 -5.050634706588377082e-05 -3.978046747093668425e-05 -3.109141150198384599e-05 -2.511956787278407589e-05 -2.159555827495174190e-05 -1.965013137842569612e-05 -1.829469234319776124e-05 -1.680747497859508055e-05 -1.490410872339906490e-05 -1.269172939309488227e-05 -1.048828835777018761e-05 -8.615182024610509292e-06 -7.251560697406354103e-06 -6.388656819946171889e-06 -5.873975176546924679e-06 -5.502825917896198929e-06 -5.107804958993772111e-06 -4.611125090443613973e-06 -4.028216452483799592e-06 -3.433579285371342386e-06 -2.911864570487315879e-06 -2.517389784592007873e-06 -2.256289673399644142e-06 -2.092970567319866507e-06 -1.972502488922765620e-06 -1.846083130958101197e-06 -1.688428204177205892e-06 -1.501929948865705550e-06 -1.308061760695209074e-06 -1.135489403884784323e-06 -9.974261772781753153e-07 -9.191847048048064688e-07 -8.533097683785342741e-07 -7.125346364510863610e-07 -6.698853152742919502e-07 -6.027237536747795281e-07 -5.346950228995500338e-07 -4.654195806788403212e-07 -4.048322301294534173e-07 -3.592137026046576266e-07 -3.302605223402257998e-07 -3.138716162023948465e-07 -3.067246127813296974e-07 -2.860266992849999226e-07 -3.484967713212396443e-07
8.164735649695933559e-03 1.142965800044921714e-03 9.387587656818981337e-04 -3.423230193977951519e-03 -1.118308181900026961e-02 -2.186975366398763790e-02 -3.372995314158794972e-02 -4.395713473195443644e-02 -4.912844378264882850e-02 -4.638059010807016325e-02 -3.560491628969317951e-02 -2.318494631442890447e-02 -2.788409584878064409e-02 -9.072281617564555145e-02 -2.878120432679056040e-01 -7.705018277903178392e-01 -1.736827019976689535e+00 -3.944226760557206113e+00 -6.641018050217764035e+00 -2.053658002745746458e+01 -9.094286745522531801e-01 -2.282836731462215312e+02 7.410115473543803546e+02 -5.512057851891462633e+03 2.326002935379635528e+04 -5.176971811429537411e+03 6.927634259611581911e+02 -1.855432147614013729e+02 5.946051172494485115e+00 -1.235618255528494558e+01 -2.868684843435635567e+00 -1.694406706542840091e+00 -6.239508833878292249e-01 -2.488708421734566745e-01 -8.169665100554916737e-02 -2.491588470339543143e-02 -9.287777981356878237e-03 -7.690041963743804269e-03 -8.626542492808449494e-03 -8.618048843280533625e-03 -7.342146448027512574e-03 -5.451484274672905445e-03 -3.612041563686825378e-03 -2.202625985368357811e-03 -1.313508493986836802e-03 -8.532984103776633305e-04 -6.627886746877670104e-04 -5.946814505730286561e-04 -5.512537707836656555e-04 -4.886716458494450889e-04 -4.026245284707154030e-04 -3.083792827851222058e-04 -2.240861461730323597e-04 -1.611929424753908325e-04 -1.218509503125383042e-04 -1.010975572547320484e-04 -9.094409589488552665e-05 -8.409831340395074748e-05 -7.610028762641590956e-05 -6.567834437623148753e-05 -5.385268284382595618e-05 -4.254859583755539481e-05 -3.339685969066628083e-05 -2.708953992065450867e-05 -2.333399443455626480e-05 -2.121986989237893920e-05 -1.971917084569680407e-05 -1.808579953247443429e-05 -1.602968406998816361e-05 -1.366606431195511534e-05 -1.132596500001310926e-05 -9.340679805821520845e-06 -7.891773380047258486e-06 -6.965604478852960698e-06 -6.400881335961922530e-06 -5.984439048368280627e-06 -5.543796910485200998e-06 -5.000388341083980320e-06 -4.372036040952014317e-06 -3.736640301310665758e-06 -3.181233541114854007e-06 -2.760444289487335650e-06 -2.478789639430488922e-06 -2.298124945068963972e-06 -2.161217595930670393e-06 -2.018174200424922562e-06 -1.843471596529147089e-06 -1.642114934777553041e-06 -1.430716430105874469e-06 -1.259978683222950584e-06 -1.108686045993936581e-06 -9.046223904659589628e-07 -8.422959414248545325e-07 -7.806481110565828818e-07 -7.279615707660033329e-07 -6.664754684330833345e-07 -5.967829839793665413e-07 -5.255394573475639509e-07 -4.623650557604105793e-07 -4.145582539282793848e-07 -3.833073432343798987e-07 -3.690265319730446945e-07 -3.444733018591107605e-07 -4.287896387159178856e-07
5.701280956210825340e-03 3.203412756945467343e-03 4.598572359523162532e-03 3.019317729373491820e-03 -1.529022732269342925e-03 -9.342794772428105604e-03 -1.987582948610163228e-02 -3.160258655705918546e-02 -4.194941532749108665e-02 -4.766140550398782760e-02 -4.587815660691733910e-02 -3.625401084028292281e-02 -2.464105665259110414e-02 -2.894764248079747387e-02 -8.899645895761194858e-02 -2.793933433853242887e-01 -7.494571746634436371e-01 -1.695540655887133319e+00 -3.869233394080277666e+00 -6.527811751270311547e+00 -2.031704072489630875e+01 -7.497654800373124706e-01 -2.273121473687690184e+02 7.398516228077845653e+02 -5.505214525632674849e+03 2.325922963705848088e+04 -5.183253607246919273e+03 6.935461451562249522e+02 -1.862537237501070706e+02 5.841772744864632827e+00 -1.246867483169370416e+01 -2.914210076240252079e+00 -1.718821141300273858e+00 -6.346567162877525536e-01 -2.534372145824205225e-01 -8.343738631113187254e-02 -2.558311452367909716e-02 -9.631691594222495378e-03 -7.982636879761950341e-03 -8.922564921284474940e-03 -8.898443012874505953e-03 -7.579310489864160214e-03 -5.632036070699728177e-03 -3.738438702315770822e-03 -2.286888072803406041e-03 -1.370130839776869790e-03 -8.944362101981583307e-04 -6.962807700052903994e-04 -6.242475668731922419e-04 -5.778144276344757439e-04 -5.118646493292596357e-04 -4.219524968256846659e-04 -3.237903008432842732e-04 -2.360598268290302348e-04 -1.705348156255727409e-04 -1.294060798087940008e-04 -1.075319311346365148e-04 -9.665447926961506981e-05 -8.923938734441021258e-05 -8.067852523059502155e-05 -6.965566954544704910e-05 -5.722009989629738144e-05 -4.535470450266346150e-05 -3.573799091021400386e-05 -2.907980025204389524e-05 -2.507442543858202531e-05 -2.277963202781625580e-05 -2.113256410423832048e-05 -1.936162574337673076e-05 -1.716575387976761866e-05 -1.466192435223942530e-05 -1.218974114433673679e-05 -1.008940178773744567e-05 -8.547237183712372473e-06 -7.548866901056343731e-06 -6.928055636052036839e-06 -6.465131352280316618e-06 -5.982084373496395860e-06 -5.397282906974359376e-06 -4.728100641602926299e-06 -4.053755033971236656e-06 -3.463117538680321848e-06 -3.012132040165379902e-06 -2.705561144129190798e-06 -2.504618267993725081e-06 -2.350394216682335185e-06 -2.193429063779511408e-06 -2.000795165282909540e-06 -1.800134997416136839e-06 -1.571177236555130673e-06 -1.260057887119758633e-06 -1.108319730231403089e-06 -9.872408699710959245e-07 -9.131199378943853677e-07 -8.579614343116500515e-07 -8.042530972658969595e-07 -7.410352589844884753e-07 -6.681240087041104943e-07 -5.930948713640015167e-07 -5.263628598610045484e-07 -4.748428567768075825e-07 -4.454351382400571731e-07 -4.096451455283319665e-07 -5.127577798595651541e-07
8.763599912919154723e-04 2.527848934940386035e-03 3.650542997709455093e-03 3.642156169467100201e-03 1.854321428518212588e-03 -2.384475098549400027e-03 -9.458917853635827669e-03 -1.911015690796840152e-02 -3.011079716175619689e-02 -4.014108329918664175e-02 -4.608728028729299625e-02 -4.505948174808623724e-02 -3.646404687754056101e-02 -2.564749946179874923e-02 -2.972787622577344191e-02 -8.742740216024057209e-02 -2.719608830830190782e-01 -7.307593811992707522e-01 -1.658564606073052117e+00 -3.801562512000369320e+00 -6.424972409356813685e+00 -2.011652545821751303e+01 -6.025764874571645224e-01 -2.264187497976806185e+02 7.387890688125628458e+02 -5.498896952042221528e+03 2.325851860423457401e+04 -5.189072036895458041e+03 6.942741406055536117e+02 -1.869148143053135414e+02 5.744298384047525907e+00 -1.257399913298814909e+01 -2.957001383344880718e+00 -1.741825462393427504e+00 -6.447746146082182772e-01 -2.577632901069490945e-01 -8.509019714514487465e-02 -2.621740990803196614e-02 -9.958793530457902068e-03 -8.261489287017241903e-03 -9.205585249506336235e-03 -9.167389409468866546e-03 -7.807491113226316080e-03 -5.806243085276508072e-03 -3.860688226051915608e-03 -2.368515160516589026e-03 -1.425009536693829220e-03 -9.343072366143592884e-04 -7.287783479246657701e-04 -6.530247306250221671e-04 -6.037789744237381144e-04 -5.346384585008463796e-04 -4.409994713759557081e-04 -3.390057915097983206e-04 -2.478763086769846446e-04 -1.797313200628434474e-04 -1.368247734091587817e-04 -1.138512842227990283e-04 -1.022859728584812205e-04 -9.434376280976221579e-05 -8.525557401869943098e-05 -7.365107468552824601e-05 -6.060657715239492255e-05 -4.816805385632521235e-05 -3.807130813676405835e-05 -3.105284825833745259e-05 -2.679843247352952211e-05 -2.433293393784681459e-05 -2.255350391586940229e-05 -2.065676178056350223e-05 -1.832618132846038189e-05 -1.567950555864796455e-05 -1.306734352099370149e-05 -1.084305241463557706e-05 -9.201705057265247047e-06 -8.130216521381489027e-06 -7.456934330706597784e-06 -6.953296206821710038e-06 -6.432798071682433212e-06 -5.808570094761243653e-06 -5.096979833807968291e-06 -4.379630856755019419e-06 -3.749206063631552536e-06 -3.264985736619793072e-06 -2.932632949891679286e-06 -2.714356829473320528e-06 -2.541879075872547883e-06 -2.387729621382646507e-06 -2.177212158176927757e-06 -1.823840319801446108e-06 -1.590738517330776037e-06 -1.364812587579170495e-06 -1.196353963625077140e-06 -1.079707205460143234e-06 -1.003578566421917041e-06 -9.468949457171264377e-07 -8.904695661399459560e-07 -8.235636505364205685e-07 -7.461589460662665579e-07 -6.665864174996235103e-07 -5.948113940555719703e-07 -5.447301142153272346e-07 -4.892458359798191750e-07 -6.044372498273769170e-07
-3.523489833516534747e-03 4.548124978571303268e-04 3.586693916200117465e-04 7.667252397227924000e-04 6.969418955168363251e-04 -5.536204163241030150e-04 -3.850043410693707382e-03 -9.808519973684636309e-03 -1.841158929118797208e-02 -2.864912190201867812e-02 -3.836402211741921781e-02 -4.451724463514790398e-02 -4.416596190443532882e-02 -3.649268618371302730e-02 -2.640402682140934390e-02 -3.032263155797552609e-02 -8.598183561273112230e-02 -2.653193555287708949e-01 -7.140085096918926677e-01 -1.625245203656505044e+00 -3.740199283448295553e+00 -6.331164417508190922e+00 -1.993270241377713603e+01 -4.665116308442113779e-01 -2.255944653404828557e+02 7.378120982776924848e+02 -5.493046812057125862e+03 2.325788361850642468e+04 -5.194476500719420073e+03 6.949529829444792313e+02 -1.875314561446747916e+02 5.652990833759934830e+00 -1.267281659880075928e+01 -2.997295806995227352e+00 -1.763536731792620493e+00 -6.543499461911854720e-01 -2.618659577054733290e-01 -8.666044450820928335e-02 -2.682063006598679050e-02 -1.027031593661416504e-02 -8.527890505634115950e-03 -9.476818387432566632e-03 -9.425764649246048954e-03 -8.027110655691041888e-03 -5.974143358355233843e-03 -3.978626136095929529e-03 -2.447333112516895861e-03 -1.478084136097585410e-03 -9.729916756514635787e-04 -7.604501513412959121e-04 -6.811841027957948142e-04 -6.292479869459452046e-04 -5.569930775572573675e-04 -4.596824984530463562e-04 -3.539083310931717056e-04 -2.594366906112954602e-04 -1.887366030427905660e-04 -1.441195790515622133e-04 -1.201063018605381982e-04 -1.078950621659020202e-04 -9.944527607328014311e-05 -8.982934357482628713e-05 -7.763122552270514110e-05 -6.396489511243653688e-05 -5.094791532674365219e-05 -4.037677757065682998e-05 -3.301243002108321042e-05 -2.852613007133307269e-05 -2.590330380328237893e-05 -2.399688044727181336e-05 -2.197127495534684805e-05 -1.949753029091092768e-05 -1.669886928074825944e-05 -1.394107790815165970e-05 -1.159264158958383754e-05 -9.856658362865318218e-06 -8.718663699412657284e-06 -7.998401128650325860e-06 -7.456166278946980016e-06 -6.896473478876926106e-06 -6.228453053499289938e-06 -5.469626094311988607e-06 -4.706144062139835496e-06 -4.035165415727322984e-06 -3.521018726741561037e-06 -3.161980016271395180e-06 -2.944392089847448971e-06 -2.753789727990272472e-06 -2.437287430493183958e-06 -2.222928727973402694e-06 -1.959988107762687132e-06 -1.705495800303289070e-06 -1.480025197549674242e-06 -1.305470524864377480e-06 -1.184628320421652029e-06 -1.104673268155101474e-06 -1.044335666953508266e-06 -9.838263103907226906e-07 -9.121430554671749124e-07 -8.296943997761276962e-07 -7.440816800364430988e-07 -6.734865439527536547e-07 -5.922627291917513555e-07 -7.128486622167719284e-07
-5.750059655067790883e-03 -1.677335362157774106e-03 -3.021943843168250956e-03 -2.951437126998788119e-03 -2.406822536056666805e-03 -1.900467925318562092e-03 -2.346899231422936317e-03 -4.725359535075902145e-03 -9.772807587402655705e-03 -1.758797082479722843e-02 -2.727552431966624724e-02 -3.677974614782212465e-02 -4.312158709794534917e-02 -4.333258240280856571e-02 -3.643038388373478348e-02 -2.696106976621303469e-02 -3.074196601226164213e-02 -8.461248919286135095e-02 -2.593273227116467683e-01 -6.989122586742155807e-01 -1.595077599555848158e+00 -3.684322011800346797e+00 -6.245273112332198728e+00 -1.976359629921919137e+01 -3.403911459808887652e-01 -2.248316001588640347e+02 7.369107595653053977e+02 -5.487614100660948679e+03 2.325731421296749613e+04 -5.199509627489849663e+03 6.955875052436737178e+02 -1.881079770948695966e+02 5.567289490890625636e+00 -1.276570828863962959e+01 -3.035302306770973235e+00 -1.784058486053360815e+00 -6.634235229051983485e-01 -2.657613021382974616e-01 -8.815410582807570172e-02 -2.739535425264971041e-02 -1.056775279931742965e-02 -8.782863091951689447e-03 -9.736896014468572266e-03 -9.673854439440960143e-03 -8.238233360709704481e-03 -6.135740042685250070e-03 -4.092315300841888742e-03 -2.523502877052104937e-03 -1.529574941769075392e-03 -1.010692590894318385e-03 -7.914145044624732546e-04 -7.087328829837280216e-04 -6.541387300139396696e-04 -5.788083435104453408e-04 -4.779006909405926246e-04 -3.684531319796942404e-04 -2.707579064609740406e-04 -1.976075536450710936e-04 -1.513526912836391067e-04 -1.263340761399667548e-04 -1.134796826981547243e-04 -1.045079784242779658e-04 -9.434887938331029613e-05 -8.155222016298035678e-05 -6.727353682899422601e-05 -5.369844885016315279e-05 -4.267618871051602063e-05 -3.498394919731190995e-05 -3.027352321397360778e-05 -2.749069314560008989e-05 -2.544804955126864411e-05 -2.328351259923450996e-05 -2.066059716021129988e-05 -1.771023312885248717e-05 -1.481247932812966087e-05 -1.234783225649029727e-05 -1.052377549074517106e-05 -9.321939824624285407e-06 -8.552958968628719013e-06 -7.967417253325715461e-06 -7.363289096565272225e-06 -6.648116436310201933e-06 -5.841320994832143812e-06 -5.035415428551140363e-06 -4.323101442906485444e-06 -3.798506001969053328e-06 -3.413086980466263026e-06 -3.018740101623489187e-06 -2.824710042976706531e-06 -2.607385521014846061e-06 -2.370889526832513053e-06 -2.107136429400414944e-06 -1.842760057207197613e-06 -1.608496877092478565e-06 -1.425927592276335087e-06 -1.298617835434130378e-06 -1.213352940166090952e-06 -1.148201625077367503e-06 -1.082696888631405425e-06 -1.005853457531187084e-06 -9.168140661514414915e-07 -8.326086183997801804e-07 -7.251805495095949451e-07 -8.495266525578712408e-07
-5.453643254554146197e-03 -2.964322713985139378e-03 -5.000575201893886317e-03 -5.531832163535662858e-03 -5.181137089072015978e-03 -4.188164080635570566e-03 -3.218291945424367126e-03 -3.177622641361028694e-03 -5.041464852117007005e-03 -9.554677582238668004e-03 -1.685991236299769561e-02 -2.614467267365883779e-02 -3.545738615521153853e-02 -4.190667260584873821e-02 -4.254182883370746099e-02 -3.626833255864742728e-02 -2.733082728028719127e-02 -3.100645420707068278e-02 -8.331341449351729878e-02 -2.539022685906990873e-01 -6.852517089846518195e-01 -1.567649785394717998e+00 -3.633238597144811788e+00 -6.166347208830384119e+00 -1.960751897677381450e+01 -2.231855235955351180e-01 -2.241235571650790348e+02 7.360765847217725195e+02 -5.482555701381583276e+03 2.325680165771676548e+04 -5.204208392824114526e+03 6.961819253530694596e+02 -1.886481601789193689e+02 5.486700762606632864e+00 -1.285318729486078482e+01 -3.071207319039115369e+00 -1.803484385632625253e+00 -6.720333445547927997e-01 -2.694648573091847910e-01 -8.957702068428079201e-02 -2.794375768710114991e-02 -1.085193743311971791e-02 -9.026772324899491606e-03 -9.986043399480526786e-03 -9.911889533069980635e-03 -8.441156423531964714e-03 -6.291391013310175355e-03 -4.202117496488068545e-03 -2.597314785132016999e-03 -1.579644639711241067e-03 -1.047433119717985700e-03 -8.215897715827754928e-04 -7.355477271199314547e-04 -6.783494584323966105e-04 -6.000435367525106846e-04 -4.956793017431024642e-04 -3.827070114579969660e-04 -2.819106225745011377e-04 -2.063861059630786154e-04 -1.585226853879325500e-04 -1.324960862624319983e-04 -1.189850093249694262e-04 -1.094847440321177335e-04 -9.879131437572045310e-05 -8.541891648600225689e-05 -7.055630261183354747e-05 -5.644721889283543375e-05 -4.498683335726401416e-05 -3.696729082350371393e-05 -3.202472030667862581e-05 -2.907166100610226404e-05 -2.688623827119268283e-05 -2.458288213096927665e-05 -2.181699650135451927e-05 -1.872396415758180671e-05 -1.569407225381156201e-05 -1.311688472684947622e-05 -1.120352718468445080e-05 -9.933168511089240690e-06 -9.109976683618009887e-06 -8.477511258273127162e-06 -7.828125328263866895e-06 -7.069794004232758207e-06 -6.214306005204305642e-06 -5.386998518304238320e-06 -4.633928252193251628e-06 -3.908686300807560591e-06 -3.512360099718777576e-06 -3.222099647479153962e-06 -3.005246807554844384e-06 -2.789006850134662959e-06 -2.542770514629096885e-06 -2.268287781859223010e-06 -1.992008903244353281e-06 -1.746554017727654975e-06 -1.554409499358057069e-06 -1.419384941613977574e-06 -1.327856660512706013e-06 -1.257112662125380973e-06 -1.186390449413924208e-06 -1.102741874933502632e-06 -1.016059653322036599e-06 -8.884838586652684032e-07 -1.023965712103691219e-06
-3.409473862868518061e-03 -3.105349563695310785e-03 -5.113121602939261871e-03 -6.124981572040169402e-03 -6.342014232725181125e-03 -5.762537013038473814e-03 -4.681765751661588065e-03 -3.671212842581090055e-03 -3.547142401236844621e-03 -5.217688106553525391e-03 -9.412413137636582369e-03 -1.632065333108895927e-02 -2.522985561261617202e-02 -3.431435089443048148e-02 -4.079215714818073407e-02 -4.175243355729747752e-02 -3.601467792840087195e-02 -2.755732609968692889e-02 -3.116543433769573129e-02 -8.209910363570634140e-02 -2.489801173680468716e-01 -6.728381508340188777e-01 -1.542606311763292215e+00 -3.586357115975098875e+00 -6.093574756150544225e+00 -1.946302874688061735e+01 -1.140023638499245706e-01 -2.234646531056832259e+02 7.353023220798035027e+02 -5.477834237176789429e+03 2.325633862904645866e+04 -5.208605022170641860e+03 6.967399426426774198e+02 -1.891553270082048925e+02 5.410786744708492080e+00 -1.293571028793827438e+01 -3.105178986209043757e+00 -1.821899625822755331e+00 -6.802141761481549365e-01 -2.729905189933379273e-01 -9.093392512017799134e-02 -2.846720181198085509e-02 -1.112324410342916021e-02 -9.259917658351823899e-03 -1.022472786013484819e-02 -1.014047102442520477e-02 -8.636486734682757849e-03 -6.441582444144118569e-03 -4.308323474024385903e-03 -2.668858920076159005e-03 -1.628236699137084950e-03 -1.083094289494586663e-03 -8.508740465420821988e-04 -7.615919280336102930e-04 -7.019154214246796624e-04 -6.207788062281021811e-04 -5.131014929736936242e-04 -3.967202546582028738e-04 -2.928964242341358941e-04 -2.150323620987692466e-04 -1.655712366077101948e-04 -1.385419923463629605e-04 -1.243868348218702270e-04 -1.143813053795030178e-04 -1.031827923671520372e-04 -8.926142039868649588e-05 -7.383208284225569991e-05 -5.919422098671701292e-05 -4.729161650638180522e-05 -3.893718790589150656e-05 -3.375732528242699306e-05 -3.063478376339208290e-05 -2.831316905389616139e-05 -2.588051813036346620e-05 -2.298016750421354344e-05 -1.974889756521319511e-05 -1.658630512114036285e-05 -1.389234868989549665e-05 -1.188443573556818527e-05 -1.054205733944612863e-05 -9.663918663856915667e-06 -8.988805508525887490e-06 -8.293369815030730738e-06 -7.514379784197659310e-06 -6.610991644944569289e-06 -5.558748603751729932e-06 -4.781295452898153383e-06 -4.156598747456543927e-06 -3.728912581924473565e-06 -3.437514237641736293e-06 -3.211168298338791415e-06 -2.985364686909918206e-06 -2.727230502563608753e-06 -2.439467688468082474e-06 -2.149649150380243594e-06 -1.891703609612534729e-06 -1.688969821442266979e-06 -1.545439236647348406e-06 -1.446986677620513181e-06 -1.370594284148513538e-06 -1.292856395408244731e-06 -1.213230084446064232e-06 -1.075529199028580006e-06 -1.238894538955450831e-06
-8.605980621686058372e-04 -2.320691223430834758e-03 -3.760644413346613934e-03 -4.939401145249979960e-03 -5.708514998595050870e-03 -5.917118437208656288e-03 -5.526221426438468302e-03 -4.707654047351573535e-03 -3.914319386229155734e-03 -3.869174185824819038e-03 -5.434897760020888403e-03 -9.353339646675309232e-03 -1.588215593056789901e-02 -2.441886047228795931e-02 -3.326351712764211155e-02 -3.973912449407475400e-02 -4.097421821343866233e-02 -3.571321876343767909e-02 -2.769563814621453859e-02 -3.125968077608767826e-02 -8.096956811824820854e-02 -2.444924741976300664e-01 -6.615026703682345133e-01 -1.519644147323161665e+00 -3.543178668087474392e+00 -6.026268506801275571e+00 -1.932889294790420820e+01 -1.206552574697671715e-02 -2.228499629571981586e+02 7.345817297889701649e+02 -5.473417142782976953e+03 2.325591894787957790e+04 -5.212727729900881968e+03 6.972648136645424302e+02 -1.896324080420993141e+02 5.339156250990051866e+00 -1.301368533855878340e+01 -3.137368645398829869e+00 -1.839380716877522914e+00 -6.879968522618287174e-01 -2.763502350711393163e-01 -9.222871862081001570e-02 -2.896689469825813879e-02 -1.138229891866732006e-02 -9.482995814588486214e-03 -1.045374050463709382e-02 -1.036032214192116573e-02 -8.824737743847645838e-03 -6.586571037533706444e-03 -4.410978918950580856e-03 -2.738067950399982083e-03 -1.675271679398622959e-03 -1.117651019463401698e-03 -8.793138707884989814e-04 -7.869594068596706812e-04 -7.249340499208616019e-04 -6.410758880530447942e-04 -5.301753654352431809e-04 -4.104545960440415808e-04 -3.036555516106824297e-04 -2.234939122647402131e-04 -1.724733218166596383e-04 -1.444786514393639541e-04 -1.297138603314279754e-04 -1.192305751872454165e-04 -1.075440955350288750e-04 -9.308009466406206743e-05 -7.708275313482192733e-05 -6.191245013798915195e-05 -4.956655298013128928e-05 -4.088140817535441398e-05 -3.547320838692793647e-05 -3.219202583711457209e-05 -2.974326511721155992e-05 -2.718588462120516752e-05 -2.415055945259676472e-05 -2.077700067637362432e-05 -1.747682625945922545e-05 -1.466314967077235961e-05 -1.256053599024817363e-05 -1.115109860593040108e-05 -1.021733145626386449e-05 -9.523602573690135006e-06 -8.783003695540694987e-06 -7.765718112711418405e-06 -6.831670941974303566e-06 -5.877008624908467148e-06 -5.053699520063843787e-06 -4.416966122287770073e-06 -3.972320576178796964e-06 -3.668418247309591935e-06 -3.430276279749392532e-06 -3.192170416191130817e-06 -2.920387541233053956e-06 -2.617972217063944719e-06 -2.313559976544412472e-06 -2.042286075655006669e-06 -1.828317933639344355e-06 -1.675730593467370140e-06 -1.570479512874705561e-06 -1.486431268940202333e-06 -1.414800167356623172e-06 -1.275191029399256867e-06 -1.487996850476512988e-06
1.067696058472030309e-03 -1.118527270544558130e-03 -1.796185007525983581e-03 -2.828234442224009798e-03 -3.895203812115026563e-03 -4.804051244387270124e-03 -5.312467181207843406e-03 -5.279307728318207403e-03 -4.780065906669045406e-03 -4.191526274580085337e-03 -4.190292264203857552e-03 -5.628597932112964879e-03 -9.276397962415737844e-03 -1.545636452418882797e-02 -2.365959077719934425e-02 -3.229108020340763774e-02 -3.876275183748292136e-02 -4.023838503502398523e-02 -3.539928258997966648e-02 -2.777528049953326833e-02 -3.130297564840126001e-02 -7.990966499413944268e-02 -2.403760386491560486e-01 -6.511056362183383905e-01 -1.498514194626415996e+00 -3.503286077035715262e+00 -5.963843644794966536e+00 -1.920404809370696242e+01 8.330780744959936923e-02 -2.222751938475124120e+02 7.339094076136668718e+02 -5.469275915426820575e+03 2.325553736967678196e+04 -5.216601326511758998e+03 6.977594151256079158e+02 -1.900819987625387739e+02 5.271459554010651694e+00 -1.308747695376654541e+01 -3.167911742459312396e+00 -1.855995990421770880e+00 -6.954088891113394677e-01 -2.795548476006493033e-01 -9.346527582840429005e-02 -2.944440224858243735e-02 -1.163006690505098174e-02 -9.696828361915760600e-03 -1.067375745519089439e-02 -1.057190097546232936e-02 -9.006142966704242664e-03 -6.726432962241425499e-03 -4.510098987810687125e-03 -2.804973438940783995e-03 -1.720829543812931644e-03 -1.151218796977826475e-03 -9.070223511531582588e-04 -8.117235436441691586e-04 -7.474211964631126632e-04 -6.609006607778933036e-04 -5.468428157302382062e-04 -4.238584313031101359e-04 -3.141643424719155957e-04 -2.317801151419949309e-04 -1.792609343672396281e-04 -1.503421248132266535e-04 -1.349889257754936485e-04 -1.240334073905335899e-04 -1.118562066740864356e-04 -9.684635128288223229e-05 -8.028289996923051520e-05 -6.458901853011715264e-05 -5.181379698390114981e-05 -4.281285846360035268e-05 -3.718786014970589811e-05 -3.375353034525559973e-05 -3.117699486480346140e-05 -2.849036046089871904e-05 -2.531492922700301704e-05 -2.179640277352100998e-05 -1.835923937525945691e-05 -1.543193489449073294e-05 -1.323454989884199102e-05 -1.178407545374238983e-05 -1.079584527535227513e-05 -9.851084239858140629e-06 -9.083342734573495659e-06 -8.172463970770612424e-06 -7.185138660263571334e-06 -6.207783413564574522e-06 -5.354227355169059030e-06 -4.693453361562654922e-06 -4.229488275506638192e-06 -3.910195396205646135e-06 -3.658388602574582195e-06 -3.406503059125519373e-06 -3.119940836062783233e-06 -2.801989693974234648e-06 -2.482290063862750059e-06 -2.197172191903001847e-06 -1.971524033184129643e-06 -1.810202818226200256e-06 -1.695889427527617260e-06 -1.619962605611129330e-06 -1.478015815468452586e-06 -1.758143095926301145e-06
1.801073722383279103e-03 -3.011106975968907030e-05 -7.678787994056386320e-05 -7.729813111713962175e-04 -1.822658567774281587e-03 -3.072917286580698504e-03 -4.235222102913580727e-03 -5.016585306089368750e-03 -5.230867203526343504e-03 -4.918482502593370630e-03 -4.427986795483603542e-03 -4.415943757037673299e-03 -5.727993692614861097e-03 -9.148470792767173648e-03 -1.504156905980645782e-02 -2.296694602503213112e-02 -3.141485888125868098e-02 -3.787639610453630984e-02 -3.955319385192102022e-02 -3.507906608646848418e-02 -2.780244950755811004e-02 -3.129829640386345285e-02 -7.890785802797446735e-02 -2.365847331429722089e-01 -6.415374557175965720e-01 -1.479010584676708540e+00 -3.466324002757913192e+00 -5.905793913209692825e+00 -1.908756748341500042e+01 1.727221953460836845e-01 -2.217365878346205079e+02 7.332806572855741933e+02 -5.465385503296848583e+03 2.325518941811857076e+04 -5.220247716998560463e+03 6.982262986500392117e+02 -1.905064047906246572e+02 5.207384307217740371e+00 -1.315741109963120437e+01 -3.196929939489805417e+00 -1.871807244527406766e+00 -7.024756421938981310e-01 -2.826147487968203031e-01 -9.464756835773081856e-02 -2.990135610451180939e-02 -1.186737499897855437e-02 -9.901942311491680054e-03 -1.088514026294177227e-02 -1.077545671081865143e-02 -9.180890825385477558e-03 -6.861342436513174874e-03 -4.605865423980342807e-03 -2.869755462100418569e-03 -1.765060229792941122e-03 -1.183889831576234990e-03 -9.340239371931754672e-04 -8.358540133732334258e-04 -7.693212413364900739e-04 -6.802046534415187844e-04 -5.630846731442526237e-04 -4.369466646949547446e-04 -3.244604285275392934e-04 -2.399316284253274047e-04 -1.859596477934032013e-04 -1.561339475469002407e-04 -1.401921177036042981e-04 -1.287596401006322667e-04 -1.160923976926487227e-04 -1.005468635040441432e-04 -8.343522667073715573e-05 -6.723802376126710584e-05 -5.405009027044816589e-05 -4.474246274827385568e-05 -3.890179798722403468e-05 -3.531007333826741059e-05 -3.260019678103471066e-05 -2.978126414121291872e-05 -2.646645760726572000e-05 -2.280994138702849527e-05 -1.923647264249609453e-05 -1.622405233647327216e-05 -1.393384270747829105e-05 -1.219482852826393276e-05 -1.117115295860903247e-05 -1.034327138211411004e-05 -9.524436057675801488e-06 -8.591492656656678670e-06 -7.567684951452144201e-06 -6.554979027636573392e-06 -5.668842902790991371e-06 -4.981101392783816776e-06 -4.495920665390967027e-06 -4.159700277673208456e-06 -3.893021440743440491e-06 -3.626396321420381409e-06 -3.324302759310642171e-06 -2.990234423055031955e-06 -2.654842643445472177e-06 -2.355531703068912119e-06 -2.118732230989610572e-06 -1.946126376686262553e-06 -1.841413608741881518e-06 -1.683590404326729605e-06 -2.036323423637828768e-06
1.393631030107738995e-03 5.917500208303999500e-04 8.583521684425671292e-04 5.251430097684456517e-04 -2.685563950101228455e-04 -1.451472687005090278e-03 -2.811830236766078503e-03 -4.066057961996057991e-03 -4.930385136125348643e-03 -5.226080158226670616e-03 -4.988517945797130322e-03 -4.546704698214589814e-03 -4.529125874512474753e-03 -5.757041835361653183e-03 -9.008289668190696403e-03 -1.466953805946612753e-02 -2.235466115769327994e-02 -3.063079664243526304e-02 -3.706629924439908130e-02 -3.890574074788244463e-02 -3.474833817229167759e-02 -2.778302176788664465e-02 -3.125508942739774199e-02 -7.796280531428263771e-02 -2.330856183696725648e-01 -6.327069674154301993e-01 -1.460955613826741217e+00 -3.431982949008969275e+00 -5.851676861634300231e+00 -1.897864091280331067e+01 2.567118042234294850e-01 -2.212308442147625271e+02 7.326913700520565271e+02 -5.461723799170475104e+03 2.325487125471066975e+04 -5.223686312390466810e+03 6.986677368824915675e+02 -1.909076805182759244e+02 5.146650626421335417e+00 -1.322378078516339883e+01 -3.224533604351936589e+00 -1.886871076719833118e+00 -7.092206708165323947e-01 -2.855396488889825335e-01 -9.577917246467769485e-02 -3.033900574978427161e-02 -1.209469877176399914e-02 -1.009863388562440636e-02 -1.108819267883500576e-02 -1.097133257036832926e-02 -9.349338134943036352e-03 -6.991624888247091434e-03 -4.698529305593916391e-03 -2.932565373664589546e-03 -1.808016296502481818e-03 -1.215643873586757162e-03 -9.602659181717938808e-04 -8.593050291194694089e-04 -7.906204169339185045e-04 -6.990107915997511526e-04 -5.789474437443773011e-04 -4.497675917039883832e-04 -3.345743445947120033e-04 -2.479519267325626494e-04 -1.925491397399949956e-04 -1.618224510876944023e-04 -1.452953641261846187e-04 -1.333955764876978490e-04 -1.202561374311396651e-04 -1.041972299403348581e-04 -8.655803778788254425e-05 -6.987140699137938218e-05 -5.627612836791849615e-05 -4.666042967651812430e-05 -4.059992477519412093e-05 -3.684813816551818077e-05 -3.400562658018644170e-05 -3.106165870845519210e-05 -2.760831980220985077e-05 -2.384463183930852871e-05 -2.013773034221399998e-05 -1.677730316141124318e-05 -1.441481647874596952e-05 -1.277984664480821367e-05 -1.169555507042315495e-05 -1.084748073986406638e-05 -9.995458336521186900e-06 -9.026964861711055829e-06 -7.964291152882492511e-06 -6.913278833900797653e-06 -5.992724838489474000e-06 -5.276531759438735871e-06 -4.768945583139003251e-06 -4.414811358689057465e-06 -4.132450871831973561e-06 -3.850440552783743649e-06 -3.532321861198273091e-06 -3.181821473514810997e-06 -2.830471171591249722e-06 -2.517699934161054022e-06 -2.266896822093989280e-06 -2.104651248192423562e-06 -1.905415188455677083e-06 -2.318929713150258183e-06
3.327931890562150293e-04 6.566554554792004925e-04 9.053350531911562912e-04 8.349841835419106063e-04 3.928547364075035968e-04 -4.324051398313666101e-04 -1.564741757252726805e-03 -2.836337596468302240e-03 -4.009194627042145416e-03 -4.834364213121716304e-03 -5.145128967688167992e-03 -4.963077701556687510e-03 -4.582870769759861060e-03 -4.590121647600316213e-03 -5.770194847832776398e-03 -8.886776964407667317e-03 -1.434406830091449099e-02 -2.180641174873815952e-02 -2.991453989542360720e-02 -3.631191049297308182e-02 -3.828704477735144635e-02 -3.441158004892504174e-02 -2.773081711292057702e-02 -3.118718423447059546e-02 -7.707478424879626866e-02 -2.298483997469338291e-01 -6.245322282357468335e-01 -1.444192801310818730e+00 -3.399993109651671563e+00 -5.801107112763481233e+00 -1.887656021738399303e+01 3.357480536430113571e-01 -2.207550526438662075e+02 7.321379378839135370e+02 -5.458271218659318947e+03 2.325457957416795398e+04 -5.226934373961206802e+03 6.990857605893112350e+02 -1.912876630638674555e+02 5.089006156445186946e+00 -1.328685073238658632e+01 -3.250823258076982025e+00 -1.901239165522377261e+00 -7.156654081957031233e-01 -2.883381691608583597e-01 -9.686306425972894540e-02 -3.075829591216788089e-02 -1.231244298492557496e-02 -1.028729708563734351e-02 -1.128339159703108628e-02 -1.116002308367568426e-02 -9.511904959901545248e-03 -7.117565854322630177e-03 -4.788231077126611952e-03 -2.993430419389727856e-03 -1.849666020901558723e-03 -1.246443676287839171e-03 -9.857404625684905962e-04 -8.821073421148444048e-04 -8.113751758711719312e-04 -7.173774575103513806e-04 -5.944696653389100818e-04 -4.623293922992901509e-04 -3.444873319664859134e-04 -2.558089338620950768e-04 -1.990004442995620246e-04 -1.673936975989561685e-04 -1.503029774002890662e-04 -1.379584796319892727e-04 -1.243675520121931819e-04 -1.078107002125444538e-04 -8.965245691646014058e-05 -7.247897495862567964e-05 -5.847595902902698057e-05 -4.855243357557945680e-05 -4.227458029035207471e-05 -3.837104017579758025e-05 -3.539673659422941615e-05 -3.236033029299176396e-05 -2.877167505548949356e-05 -2.462152043063077725e-05 -2.080344222638354099e-05 -1.751380693592497373e-05 -1.505306923584301401e-05 -1.337644112130575172e-05 -1.225077798592713660e-05 -1.136814187295040305e-05 -1.048036545139709137e-05 -9.473193113238106993e-06 -8.369797601795053054e-06 -7.279063316276155423e-06 -6.323006924235242633e-06 -5.577464522721127655e-06 -5.046704245239011039e-06 -4.673997083320513202e-06 -4.375411431289941209e-06 -4.077596855719360370e-06 -3.743210422762166931e-06 -3.376077676656503130e-06 -3.009697080973329113e-06 -2.680302090780187381e-06 -2.440172298094286245e-06 -2.169820184973439819e-06 -2.618984237752070106e-06
-7.516531810977363295e-04 3.043133375125003275e-04 3.207514653630245158e-04 3.589373012257271781e-04 2.250991702405405308e-04 -1.468579934188760441e-04 -8.098209955886071561e-04 -1.744104699205209583e-03 -2.837033899824311940e-03 -3.891203840402021174e-03 -4.675614165735102537e-03 -5.016649197321448005e-03 -4.907753466009197318e-03 -4.602399377516349852e-03 -4.643296120962215820e-03 -5.783609073422866197e-03 -8.776547568243673464e-03 -1.404460037707055270e-02 -2.129938841089921292e-02 -2.924915206656790098e-02 -3.560618746869833456e-02 -3.770012487513988569e-02 -3.407912163593456584e-02 -2.765862688765270694e-02 -3.110311355045579720e-02 -7.623901251455057759e-02 -2.268428036588265306e-01 -6.169406025712760311e-01 -1.428587092044703688e+00 -3.370121714168992977e+00 -5.753749772786202143e+00 -1.878070425134336929e+01 4.102494747425221577e-01 -2.203066354701562375e+02 7.316171809451441277e+02 -5.455010349639828746e+03 2.325431151786435294e+04 -5.230007303437622795e+03 6.994821891495274713e+02 -1.916480008895254059e+02 5.034222605921736537e+00 -1.334686043345549855e+01 -3.275890126800128588e+00 -1.914958296698303197e+00 -7.218291224157857844e-01 -2.910179971344048488e-01 -9.790194631405849113e-02 -3.116022736616812228e-02 -1.252119124429045688e-02 -1.046848477668269051e-02 -1.147127336811681539e-02 -1.134196852482081443e-02 -9.668881706274974966e-03 -7.239309459918752583e-03 -4.875015682193751913e-03 -3.052357061067431394e-03 -1.890024768298428264e-03 -1.276333640843807645e-03 -1.010514689886101922e-03 -9.043292935195837955e-04 -8.316329781727847511e-04 -7.353196767440187999e-04 -6.096368524922591734e-04 -4.746021089973600409e-04 -3.541714093668667609e-04 -2.634896049734121838e-04 -2.053192694620168041e-04 -1.728668417281272298e-04 -1.552370273823786093e-04 -1.424630480599346750e-04 -1.284283817047003021e-04 -1.113768904375539984e-04 -9.270187180905813758e-05 -7.504574735522049917e-05 -6.064161456900230772e-05 -5.042212259873671076e-05 -4.392953697902864465e-05 -3.990943356790548898e-05 -3.680674789292503281e-05 -3.338081694221595153e-05 -2.968027582043001342e-05 -2.558958758042248735e-05 -2.163361131057742279e-05 -1.826041387314622535e-05 -1.572253766483666364e-05 -1.398932691914744130e-05 -1.281970696078921289e-05 -1.189918219637367932e-05 -1.097364753018523139e-05 -9.926310087815953616e-06 -8.781139582550126187e-06 -7.649891579419878748e-06 -6.657694793517223594e-06 -5.882249850729442301e-06 -5.327820924395288395e-06 -4.936112788584135377e-06 -4.620961459225781237e-06 -4.307165672386679876e-06 -3.956364331498793383e-06 -3.573718107019408824e-06 -3.188808749251130174e-06 -2.870667788897836646e-06 -2.507660647851029051e-06 -2.966706416533767860e-06
-1.385537356067309154e-03 -2.042346254788812232e-04 -4.664876328875810141e-04 -4.567721267587348394e-04 -4.115147273299270573e-04 -4.136955735454850877e-04 -5.928599966422252879e-04 -1.045935816300899929e-03 -1.794126541793989067e-03 -2.753026890685122442e-03 -3.738942129652810930e-03 -4.519636345225226497e-03 -4.906585983645303864e-03 -4.867457707429450470e-03 -4.623573196991534809e-03 -4.685584108656014324e-03 -5.782775350663271405e-03 -8.661002087346041101e-03 -1.375839115541004770e-02 -2.082677111247887430e-02 -2.863307642673102241e-02 -3.495113431699445328e-02 -3.714905199365624300e-02 -3.375610164515996381e-02 -2.757143538067827540e-02 -3.100489138454020493e-02 -7.544858824226391425e-02 -2.240428160703404892e-01 -6.098713398031943012e-01 -1.414023794471447326e+00 -3.342167421122315574e+00 -5.709311322202132111e+00 -1.869052406960272705e+01 4.805904974508869443e-01 -2.198833007894120044e+02 7.311262857113108566e+02 -5.451925660123904890e+03 2.325406460233372127e+04 -5.232918887462974453e+03 6.998586572175676110e+02 -1.919901770958400959e+02 4.982093523454238948e+00 -1.340402654571326657e+01 -3.299816891921591111e+00 -1.928070940147361689e+00 -7.277294295474739938e-01 -2.935863373964945899e-01 -9.889853537117022919e-02 -3.154592620877751108e-02 -1.272158314864085642e-02 -1.064268719264561611e-02 -1.165222706722675305e-02 -1.151744723716876390e-02 -9.820446932005158849e-03 -7.356970533222136586e-03 -4.958974118175514187e-03 -3.109436798153259775e-03 -1.929186901111994536e-03 -1.305397672945652352e-03 -1.034645555781120614e-03 -9.259923954197990569e-04 -8.513842369941391087e-04 -7.528114879813694368e-04 -6.244245633019960282e-04 -4.865760860298284007e-04 -3.636356128844770125e-04 -2.710161922543992039e-04 -2.115302150871751509e-04 -1.782582316495053367e-04 -1.600999194949595289e-04 -1.468987618790756585e-04 -1.324214812192320225e-04 -1.148803605738732474e-04 -9.569822816536629779e-05 -7.757591476324536496e-05 -6.277733123028254002e-05 -5.230217359077155356e-05 -4.560020090237018999e-05 -4.114854809811705632e-05 -3.794198380039235578e-05 -3.460024045649815844e-05 -3.075969254665857858e-05 -2.656475901210548455e-05 -2.249404338227262956e-05 -1.902215390359872263e-05 -1.640499597491872969e-05 -1.461203328536287269e-05 -1.339646876767868967e-05 -1.243647849345604347e-05 -1.147203672516983576e-05 -1.038371210431229688e-05 -9.196187387796765167e-06 -8.023997504000503995e-06 -6.995308657365982742e-06 -6.189642743203106364e-06 -5.611255077595508581e-06 -5.200303716327359949e-06 -4.868485677458010709e-06 -4.538613136986819908e-06 -4.172719312700500109e-06 -3.770667942934317284e-06 -3.398773253669538286e-06 -2.941140183538589142e-06 -3.401049360297097268e-06
-1.397752483003475692e-03 -6.137001082959368976e-04 -1.061626021536879027e-03 -1.154334396983766522e-03 -1.076779102751620511e-03 -8.952364394043198876e-04 -7.495577914134864822e-04 -7.867968351362252368e-04 -1.117819026382753551e-03 -1.771176224629173509e-03 -2.666765088806254212e-03 -3.623195747153640667e-03 -4.407670788096266015e-03 -4.825929917877312854e-03 -4.832722232940807501e-03 -4.629306563204487086e-03 -4.702490520860919641e-03 -5.760646862255646566e-03 -8.540213007463243189e-03 -1.348917665422833846e-02 -2.039200438634343471e-02 -2.806706174278238153e-02 -3.434477198525594244e-02 -3.663097140032119808e-02 -3.344110008192838907e-02 -2.747023777047066795e-02 -3.089398322195138422e-02 -7.469950315644270644e-02 -2.214286564394108980e-01 -6.032738381929254601e-01 -1.400403673243035607e+00 -3.315953127791807731e+00 -5.667531603445103983e+00 -1.860553188403515534e+01 5.471068049049017112e-01 -2.194830049310003801e+02 7.306627525555461489e+02 -5.449003252024614085e+03 2.325383666145967800e+04 -5.235681503496799451e+03 7.002166382343859823e+02 -1.923155290508990731e+02 4.932432082359107461e+00 -1.345854555708808142e+01 -3.322678932882807246e+00 -1.940616091620875228e+00 -7.333827422145684505e-01 -2.960500384616506220e-01 -9.985544567944935890e-02 -3.191640908194497139e-02 -1.291409287556828829e-02 -1.081021733798564165e-02 -1.182651516916536152e-02 -1.168669743125781875e-02 -9.966820140393970254e-03 -7.470748383716703522e-03 -5.040277500215998088e-03 -3.164800737218431432e-03 -1.967234453892889850e-03 -1.333668853891081200e-03 -1.058128650017535217e-03 -9.470741420876619548e-04 -8.706085731580073123e-04 -7.698484663671850562e-04 -6.388477231096213391e-04 -4.982791804932757253e-04 -3.729089873284140415e-04 -2.784078395664859326e-04 -2.176368474402745037e-04 -1.835573199558593782e-04 -1.648739602212964694e-04 -1.512497582971875760e-04 -1.363388606383541298e-04 -1.183260922301472307e-04 -9.864647997496488771e-05 -8.010446161559080843e-05 -6.492092679055171448e-05 -5.385872309408175476e-05 -4.697469194395089559e-05 -4.259497567101212101e-05 -3.925478086903663478e-05 -3.582310844909722218e-05 -3.186724747920696612e-05 -2.755242382065563341e-05 -2.336537526144697832e-05 -1.979215731312851316e-05 -1.709420100005262360e-05 -1.524017454750238742e-05 -1.397758641936237656e-05 -1.297726062422142768e-05 -1.197326720002505589e-05 -1.084351877544492401e-05 -9.613361544476554699e-06 -8.400044735423681016e-06 -7.334716382140878283e-06 -6.498695124814676103e-06 -5.896232307681421028e-06 -5.466039192290780192e-06 -5.117525017959534311e-06 -4.773142646088311649e-06 -4.387768647169455748e-06 -4.002380727670383452e-06 -3.471557738568134795e-06 -3.954096483842406477e-06
-9.147498117397622874e-04 -7.703518867095881986e-04 -1.246500841475695325e-03 -1.443615456256931414e-03 -1.441494716532208545e-03 -1.271114711205118940e-03 -1.028904744231788800e-03 -8.446600284769582119e-04 -8.531009849239643006e-04 -1.153435868518868116e-03 -1.769589414890084542e-03 -2.625404709044190567e-03 -3.549555125861471663e-03 -4.320019237049077879e-03 -4.747843350382307225e-03 -4.783149188422408313e-03 -4.611753976405526430e-03 -4.697811797446316967e-03 -5.727356405988282342e-03 -8.424267329396543935e-03 -1.324227545822670611e-02 -1.999399188165301017e-02 -2.754500220119232221e-02 -3.377932942284590789e-02 -3.614010111596691055e-02 -3.313270361643597117e-02 -2.735791657900903465e-02 -3.077439707919759487e-02 -7.399040520161580259e-02 -2.189839172491129526e-01 -5.971034048353068835e-01 -1.387638427994317247e+00 -3.291321462141611143e+00 -5.628179446408726250e+00 -1.852529383734265878e+01 6.100989141752889422e-01 -2.191039206684860119e+02 7.302243528807987332e+02 -5.446230651530251635e+03 2.325362579964858014e+04 -5.238306294687981790e+03 7.005574642049703016e+02 -1.926252658559264148e+02 4.885068526777269327e+00 -1.351059645751117166e+01 -3.344545408077436388e+00 -1.952629718166654316e+00 -7.388042651352245693e-01 -2.984153870783236018e-01 -1.007749662719857608e-01 -3.227246465151008964e-02 -1.309905301991567267e-02 -1.097134274264573509e-02 -1.199443823711050620e-02 -1.185003964110681839e-02 -1.010829845587069356e-02 -7.580878175078312187e-03 -5.119079360912906669e-03 -3.218523132042166307e-03 -2.004182674075771949e-03 -1.361132761076229306e-03 -1.080947843577303351e-03 -9.675748576359122829e-04 -8.893273951039460659e-04 -7.864659277937826373e-04 -6.529423175626172587e-04 -5.097357139701529484e-04 -3.819980268848475221e-04 -2.856549889993896399e-04 -2.236213406080586499e-04 -1.887479095468654370e-04 -1.695512359829348702e-04 -1.555219036920250106e-04 -1.401863750245143617e-04 -1.217517009473943594e-04 -1.015871936794592452e-04 -8.227772925098522639e-05 -6.674160475549708064e-05 -5.562927824415746995e-05 -4.853337819621379143e-05 -4.404127533025007518e-05 -4.059359090370397432e-05 -3.705520617022128638e-05 -3.298241603932890013e-05 -2.854532556919093562e-05 -2.424100302898382628e-05 -2.056578230735522526e-05 -1.778646771317690279e-05 -1.587081204150671173e-05 -1.456065546104549276e-05 -1.351953331312715737e-05 -1.247566231994141618e-05 -1.130430820241002686e-05 -1.003144982794383930e-05 -8.777001217404270680e-06 -7.675054323045982043e-06 -6.808709027353902598e-06 -6.182309227214431252e-06 -5.732939411782943592e-06 -5.369609553415057623e-06 -5.005693617444815352e-06 -4.642631894409812431e-06 -4.075082770150252768e-06 -4.634753458621191535e-06
-2.444432100345499234e-04 -6.570433067368731559e-04 -1.021237916563526608e-03 -1.273306183512470718e-03 -1.387798548907449641e-03 -1.358716434485899779e-03 -1.214843080556607131e-03 -1.024736976943719765e-03 -8.902868506034615883e-04 -9.247232190696723581e-04 -1.218053977104321473e-03 -1.798388442664848727e-03 -2.604078475807368887e-03 -3.482633487773024398e-03 -4.228157513859020188e-03 -4.659038846279914964e-03 -4.720667873780952546e-03 -4.582580479904533807e-03 -4.685654956868413532e-03 -5.693383187093444681e-03 -8.316859355626305544e-03 -1.301459976186091980e-02 -1.962520601206840798e-02 -2.705830231857516907e-02 -3.324827401042720898e-02 -3.567394425018486498e-02 -3.283277439914657897e-02 -2.723917786232144672e-02 -3.065024955133977685e-02 -7.331931362185052647e-02 -2.166927074604205194e-01 -5.913193562891413402e-01 -1.375649469280833870e+00 -3.268133231751556345e+00 -5.591050080354837526e+00 -1.844942371877601772e+01 6.698363472452786294e-01 -2.187444089905056330e+02 7.298090940190148785e+02 -5.443596630590707719e+03 2.325343035264634091e+04 -5.240803319955477491e+03 7.008823419894849849e+02 -1.929204837579756315e+02 4.839847959928168741e+00 -1.356034274608802193e+01 -3.365479771405665232e+00 -1.964144808656784758e+00 -7.440078642776066786e-01 -3.006880240424108508e-01 -1.016591010741334095e-01 -3.261479906572431475e-02 -1.327683197289160691e-02 -1.112641673877731024e-02 -1.215637425166769467e-02 -1.200782488061931039e-02 -1.024515247158153293e-02 -7.687528271182277051e-03 -5.195457970091123430e-03 -3.270625383413928305e-03 -2.040033325671172012e-03 -1.387798908291821729e-03 -1.103131307119364912e-03 -9.875369413448727238e-04 -9.075842180940543345e-04 -8.026950962069519897e-04 -6.667200658592206241e-04 -5.209393052622308517e-04 -3.908864057431422206e-04 -2.927420739022470303e-04 -2.294762889666908227e-04 -1.938368981639099100e-04 -1.741385509065431273e-04 -1.597556178726849052e-04 -1.440076078004052260e-04 -1.247830178973693516e-04 -1.041700061808479211e-04 -8.466577336781221704e-05 -6.874918515821612681e-05 -5.739394507511901114e-05 -5.011544678765875367e-05 -4.549365383125194342e-05 -4.193668439472566524e-05 -3.828889327439243993e-05 -3.409824605892971936e-05 -2.953858572159410781e-05 -2.511705084878469984e-05 -2.133993288709361746e-05 -1.847925784976503860e-05 -1.650183643903198297e-05 -1.514390226495170560e-05 -1.406179152684163031e-05 -1.297793592992425617e-05 -1.176497768062870887e-05 -1.044951070741431902e-05 -9.154082014310677633e-06 -8.015698296233889444e-06 -7.119330987967418807e-06 -6.469186189560931073e-06 -6.002917345382586438e-06 -5.618960926263090804e-06 -5.284342416628809392e-06 -4.711542769568825976e-06 -5.420562827294407660e-06
3.029120965376533759e-04 -3.693776462939096631e-04 -5.526733936651016550e-04 -7.933403361782569076e-04 -1.002530529239891669e-03 -1.148794649587410411e-03 -1.199981789947665361e-03 -1.153646538993702893e-03 -1.049366498152951759e-03 -9.687275189034298380e-04 -1.016531304159046679e-03 -1.286253705194482675e-03 -1.818791641900138452e-03 -2.570228258363079551e-03 -3.405599568863861872e-03 -4.131437163883804053e-03 -4.569762999219805638e-03 -4.659239262923567382e-03 -4.553440563000192218e-03 -4.672089755902469020e-03 -5.658800441150022183e-03 -8.213662395999396515e-03 -1.279983049030212518e-02 -1.927955186533327966e-02 -2.660258051590691161e-02 -3.274961540661699283e-02 -3.523292425901201896e-02 -3.254364488256941690e-02 -2.711712572245579891e-02 -3.052324430639717645e-02 -7.268268227657893876e-02 -2.145400475468992596e-01 -5.858858319198203546e-01 -1.364368056560411047e+00 -3.246265893011688330e+00 -5.555961766302710991e+00 -1.837757622463622909e+01 7.265622391787767143e-01 -2.184029948008741542e+02 7.294151891843630438e+02 -5.441091055253199556e+03 2.325324885415244353e+04 -5.243181683125578274e+03 7.011923673486438702e+02 -1.932021791171432312e+02 4.796628879614862839e+00 -1.360793381561222404e+01 -3.385540090339361097e+00 -1.975191524149785272e+00 -7.490062068593376088e-01 -3.028731384973630814e-01 -1.025097712651446558e-01 -3.294417931739694605e-02 -1.344787603291981368e-02 -1.127582280197324781e-02 -1.231266750904080540e-02 -1.216032561432377375e-02 -1.037756547395107809e-02 -7.790805253405190534e-03 -5.269473716440972733e-03 -3.321152447645045989e-03 -2.074834382196271386e-03 -1.413721094666157236e-03 -1.124730375065925150e-03 -1.006998098445989259e-03 -9.253964292856781734e-04 -8.185342924976878477e-04 -6.801682589351215917e-04 -5.318770949683323960e-04 -3.995688267342025206e-04 -2.996780186101064025e-04 -2.352099022024203877e-04 -1.988677381628525982e-04 -1.786826447021625539e-04 -1.635553067100828568e-04 -1.474318624551446599e-04 -1.280243792345296498e-04 -1.069357696837241908e-04 -8.703583207425882819e-05 -7.077327098436533999e-05 -5.915942988973811985e-05 -5.169792866999103518e-05 -4.694407636789694051e-05 -4.327675513311949029e-05 -3.951906409907934864e-05 -3.521069118971408262e-05 -3.052897501094703708e-05 -2.599086760817122672e-05 -2.211239982873987401e-05 -1.917070817708107843e-05 -1.713166293104535112e-05 -1.572596995270619268e-05 -1.460286811120201188e-05 -1.347908318351879998e-05 -1.222466850707987122e-05 -1.086683332870385183e-05 -9.530734149608356183e-06 -8.356385261614073423e-06 -7.430337045031919010e-06 -6.759197126328287490e-06 -6.269304702741840520e-06 -5.921706301321246007e-06 -5.345618189605407403e-06 -6.264823805705739795e-06
5.344805243575302071e-04 -5.305086222311618287e-05 -7.003490895409254953e-05 -2.481239593869431488e-04 -4.923719963559873179e-04 -7.637410171986322395e-04 -9.970220650166641135e-04 -1.138198554135447151e-03 -1.166563828111011640e-03 -1.110704502303742555e-03 -1.048226332238396275e-03 -1.086081196136612836e-03 -1.324645071346150721e-03 -1.814937211412171380e-03 -2.524589894456833513e-03 -3.329428965281417459e-03 -4.043500984935466738e-03 -4.490608364214234392e-03 -4.603871836827065807e-03 -4.524143296807499152e-03 -4.653800901809092283e-03 -5.619507896107008189e-03 -8.111373178650436305e-03 -1.259594173013426320e-02 -1.895592686089281678e-02 -2.617705212871692874e-02 -3.228256675019245542e-02 -3.481642495892516009e-02 -3.226530101043559307e-02 -2.699242074530265600e-02 -3.039361216559239090e-02 -7.207721329128634336e-02 -2.125134299116326619e-01 -5.807721940751706668e-01 -1.353734111438414267e+00 -3.225610715317566601e+00 -5.522751845948001836e+00 -1.830944092839699877e+01 7.804968665453648757e-01 -2.180783469968843633e+02 7.290410311668530312e+02 -5.438704756077696402e+03 2.325308000785651893e+04 -5.245449643745139838e+03 7.014885375869382642e+02 -1.934712592491967769e+02 4.755282042791254327e+00 -1.365350627699431563e+01 -3.404779600154554053e+00 -1.985797618541399689e+00 -7.538110633906583979e-01 -3.049756545670094798e-01 -1.033288705578642580e-01 -3.326137594168442069e-02 -1.361259090556537175e-02 -1.141985842905857140e-02 -1.246356450119469328e-02 -1.230774204197015304e-02 -1.050569542488880535e-02 -7.890835837194349126e-03 -5.341232853082710820e-03 -3.370194438534583180e-03 -2.108657389175347223e-03 -1.438947549348588636e-03 -1.145768253111722470e-03 -1.025960809084814577e-03 -9.427552533419658772e-04 -8.339747826389782778e-04 -6.932857560899078871e-04 -5.425620903773644603e-04 -4.080564846097633537e-04 -3.065103587514282678e-04 -2.408726154801738733e-04 -2.034224939999822017e-04 -1.827915445491545398e-04 -1.675612425255594128e-04 -1.510325932196897878e-04 -1.312297335633646068e-04 -1.097042560389445138e-04 -8.939530481948151203e-05 -7.278970957827420084e-05 -6.091734335719190799e-05 -5.327316845247606516e-05 -4.838720662029072426e-05 -4.460958824721673118e-05 -4.074237003185124693e-05 -3.631701104068634823e-05 -3.151421098945723909e-05 -2.686052376722080463e-05 -2.288153500231134637e-05 -1.985940099583543482e-05 -1.775906654233345221e-05 -1.630579782655781372e-05 -1.514184664710979573e-05 -1.397832154601285593e-05 -1.268273951849171461e-05 -1.128293273515864573e-05 -9.906782665610401449e-06 -8.696958393063065909e-06 -7.744494473513577985e-06 -7.044647251320026677e-06 -6.596927537065036610e-06 -5.972855416300708632e-06 -7.120054100109140795e-06
4.325312747473519814e-04 1.645465219021519272e-04 2.399718024614787325e-04 1.430112435537881570e-04 -7.193127989862493411e-05 -3.743477874870501502e-04 -6.999169764521538054e-04 -9.774295118974121906e-04 -1.150421829910858130e-03 -1.199036336338320588e-03 -1.153180133518921574e-03 -1.090951355176653873e-03 -1.119117927913937079e-03 -1.338443987237822449e-03 -1.802378785235445556e-03 -2.483698064819302165e-03 -3.265313716314915526e-03 -3.968070478878338650e-03 -4.419235036776253574e-03 -4.549410406245065625e-03 -4.489958361563502719e-03 -4.628427358561704695e-03 -5.575739888879296252e-03 -8.011702123373954168e-03 -1.240448791196970858e-02 -1.865445420262157317e-02 -2.578005257021272895e-02 -3.184432073510231470e-02 -3.442176394982202764e-02 -3.199639093312410532e-02 -2.686540265050106971e-02 -3.026220425155150967e-02 -7.150103002809689301e-02 -2.106026827119671652e-01 -5.759516740183715511e-01 -1.343694026722235924e+00 -3.206070060267676602e+00 -5.491273863398136612e+00 -1.824473804270725097e+01 8.318398295991189517e-01 -2.177692618685022978e+02 7.286851699141681138e+02 -5.436429416213120930e+03 2.325292266444870256e+04 -5.247614712416578186e+03 7.017717626787592735e+02 -1.937285519731906334e+02 4.715689176376175240e+00 -1.369718542836438857e+01 -3.423247382608616718e+00 -1.995988825043525372e+00 -7.584334417807705453e-01 -3.070001994205029394e-01 -1.041181480256553327e-01 -3.356704158408109484e-02 -1.377127405720763968e-02 -1.155874247976122413e-02 -1.260928069938730030e-02 -1.245028998802046906e-02 -1.062974322296653812e-02 -7.987790010907987875e-03 -5.410863425696298655e-03 -3.417833605040925243e-03 -2.141542994288948235e-03 -1.463488612203297590e-03 -1.166240132422625845e-03 -1.044419895038734740e-03 -9.596640147518309882e-04 -8.490350645138859242e-04 -7.060887309553353286e-04 -5.530479750693322212e-04 -4.164051306142955381e-04 -3.127986359750334149e-04 -2.460505710749044781e-04 -2.081791576181790475e-04 -1.870728171123683687e-04 -1.715134797047968094e-04 -1.546193937075771648e-04 -1.344073884612669674e-04 -1.124502724019562527e-04 -9.173559858790260823e-05 -7.479059195993227865e-05 -6.266216514053051336e-05 -5.483679564629566231e-05 -4.981957754543075610e-05 -4.593235917322053017e-05 -4.195647147553140951e-05 -3.741523508403199358e-05 -3.249261058697145918e-05 -2.772456606510170123e-05 -2.364607455452226133e-05 -2.054423324662801761e-05 -1.838308468944365644e-05 -1.688255082798087556e-05 -1.567801509682985108e-05 -1.447507525807416234e-05 -1.313877026065501100e-05 -1.169771832218752209e-05 -1.028212981776585865e-05 -9.040612209449417074e-06 -8.053013173272936939e-06 -7.399236308595695636e-06 -6.637843843127094868e-06 -7.970218857907367579e-06
1.216567472424344079e-04 2.212305429445169498e-04 2.988228317271332578e-04 2.685779899646368912e-04 1.255922275161664423e-04 -1.176614819621686175e-04 -4.233600797173421148e-04 -7.360388340612137063e-04 -9.956070512331497997e-04 -1.155432933951132434e-03 -1.200525337633679074e-03 -1.159672697119100990e-03 -1.105241284176686385e-03 -1.136692614937884812e-03 -1.349332802772623512e-03 -1.795549275147549292e-03 -2.452170164239096325e-03 -3.209876913802703173e-03 -3.897914248496743735e-03 -4.348807153176532762e-03 -4.492192696039749161e-03 -4.451093821188022680e-03 -4.598961076953440516e-03 -5.531261037166265715e-03 -7.917229841806325621e-03 -1.222570110590279896e-02 -1.837294980539535411e-02 -2.540787904497623581e-02 -3.143107872016623339e-02 -3.404642523567207035e-02 -3.173646967322327206e-02 -2.673745675860658005e-02 -3.013064659867435366e-02 -7.095281035737073527e-02 -2.087985607862976323e-01 -5.713998847871086806e-01 -1.334199336426904692e+00 -3.187556051938030599e+00 -5.461396043879267026e+00 -1.818321530682122500e+01 8.807719703298231284e-01 -2.174746483783246731e+02 7.283462939089048405e+02 -5.434257474264605662e+03 2.325277580236840367e+04 -5.249683733595987178e+03 7.020428746405906395e+02 -1.939748142660631345e+02 4.677741642488502549e+00 -1.373908656157410313e+01 -3.440988822224758437e+00 -2.005788987288047220e+00 -7.628835292814049041e-01 -3.089510004978006652e-01 -1.048791450193119756e-01 -3.386172148962336009e-02 -1.392418659498859124e-02 -1.169270909731620622e-02 -1.275007349070307952e-02 -1.258822577073881281e-02 -1.074992731920978127e-02 -8.081824873916860358e-03 -5.478457606408933429e-03 -3.464110224745792135e-03 -2.173501269520316213e-03 -1.487346131338662452e-03 -1.186153841704237896e-03 -1.062398847656564503e-03 -9.761441805214204816e-04 -8.637763983030714247e-04 -7.186402582423401545e-04 -5.628724895672748089e-04 -4.241793944532014447e-04 -3.192611901593584117e-04 -2.513874015024539482e-04 -2.128632943438780588e-04 -1.913253790330864948e-04 -1.754213009355071586e-04 -1.581660936720984286e-04 -1.375487151096701068e-04 -1.151658379484193104e-04 -9.405116399478266316e-05 -7.677149422885604275e-05 -6.439036030875848135e-05 -5.638591753783007320e-05 -5.123879550531593044e-05 -4.724306302763247174e-05 -4.315966766002530034e-05 -3.850390099848999623e-05 -3.346290103733945236e-05 -2.858187670986950303e-05 -2.440503252023750076e-05 -2.122433640941630363e-05 -1.900295958591333216e-05 -1.745558342006450219e-05 -1.621085968185552429e-05 -1.496898586147715528e-05 -1.359275284964935077e-05 -1.211115023772868041e-05 -1.066039577053863009e-05 -9.377458272377787535e-06 -8.438456279973098641e-06 -7.432050732152803860e-06 -8.856956904413935280e-06
-2.168988396911523400e-04 1.320017160217902791e-04 1.448619705236422269e-04 1.471030025832496314e-04 8.492691861349860219e-05 -4.790837779069518742e-05 -2.497722038821147974e-04 -4.999628498434583639e-04 -7.604498371663459674e-04 -9.839865382244884773e-04 -1.129361296904666167e-03 -1.179298581426258550e-03 -1.154532427561500525e-03 -1.116935230835848373e-03 -1.156694079997465027e-03 -1.363986866489710469e-03 -1.791668707173031021e-03 -2.422226439781246556e-03 -3.155071403707784827e-03 -3.828001316525218509e-03 -4.278451191130280828e-03 -4.434749221460550402e-03 -4.411653982731441118e-03 -4.569114694141179420e-03 -5.488004845216509948e-03 -7.827617929626254703e-03 -1.205731253936829020e-02 -1.810809205793518367e-02 -2.505720462182041766e-02 -3.104041741111620081e-02 -3.368945037177595997e-02 -3.148611618883900148e-02 -2.661013868383205541e-02 -3.000006602444920886e-02 -7.043068785892399319e-02 -2.070921268503959356e-01 -5.670946224127485502e-01 -1.325206591950745860e+00 -3.169989995833968344e+00 -5.432999963669136179e+00 -1.812464484381216323e+01 9.274576627731223599e-01 -2.171935149656918043e+02 7.280232143325656580e+02 -5.432182040244948439e+03 2.325263851114524732e+04 -5.251662957976879625e+03 7.023026355021290783e+02 -1.942107398474202284e+02 4.641339417232772213e+00 -1.377931588815379449e+01 -3.458045821660932440e+00 -2.015220097125013599e+00 -7.671706857645178568e-01 -3.108319211317477349e-01 -1.056132799227071928e-01 -3.414595561643274380e-02 -1.407163112406075410e-02 -1.182203411183726724e-02 -1.288621530123060070e-02 -1.272178682554804541e-02 -1.086642287839957761e-02 -8.173048847579860929e-03 -5.544072386972932580e-03 -3.509054019445686547e-03 -2.204554918539507538e-03 -1.510551947458716035e-03 -1.205536200538361849e-03 -1.079966108866839284e-03 -9.922665388773946413e-04 -8.777147523034004896e-04 -7.304841246218391013e-04 -5.727979551156819633e-04 -4.320619954634539865e-04 -3.256091953918884658e-04 -2.566711770949207418e-04 -2.174852723130744968e-04 -1.955220177239768841e-04 -1.792760620487578920e-04 -1.616647437971632675e-04 -1.406483052197797067e-04 -1.178466608680400437e-04 -9.633855435869243943e-05 -7.872955908387621149e-05 -6.609953316886267561e-05 -5.791851228720493595e-05 -5.264314623841749770e-05 -4.854023590964858626e-05 -4.435069499528227220e-05 -3.958190402855165670e-05 -3.442410514462642540e-05 -2.943158529361340718e-05 -2.515763415186103463e-05 -2.189902933903091809e-05 -1.961811091887058920e-05 -1.802444266380649144e-05 -1.674008443070281170e-05 -1.546013296284707650e-05 -1.404471628241696124e-05 -1.252730881795419576e-05 -1.103060953425474936e-05 -9.799283392938624559e-06 -8.465929549477983290e-06 -9.883530407938575379e-06
-4.278366718882436245e-04 -3.260421636530421471e-05 -1.061344444740096646e-04 -1.074648598990557961e-04 -1.100559815650828784e-04 -1.324906395111883901e-04 -2.026419038669856928e-04 -3.356918933305300416e-04 -5.263342540821664859e-04 -7.463622589717620924e-04 -9.518632765041254266e-04 -1.098959055442661143e-03 -1.163427914592170525e-03 -1.157101673816451209e-03 -1.133400261519347529e-03 -1.176562612167008411e-03 -1.374658622917159650e-03 -1.782670104844533750e-03 -2.388751319453638611e-03 -3.099801921027259786e-03 -3.760481291873986331e-03 -4.211828650574936730e-03 -4.380498762291786148e-03 -4.373673493284378419e-03 -4.539209684163778361e-03 -5.444895301896584931e-03 -7.741006282838931024e-03 -1.189726453856612687e-02 -1.785801317643646510e-02 -2.472654195001141100e-02 -3.067132796647947801e-02 -3.335040187307879156e-02 -3.124551543777635138e-02 -2.648405029909568428e-02 -2.987064244997390469e-02 -6.993247076232911308e-02 -2.054753080845999336e-01 -5.630162851309800098e-01 -1.316677221210498239e+00 -3.153301375049627708e+00 -5.405978740485688050e+00 -1.806881993560358879e+01 9.720469880638554772e-01 -2.169249582700411736e+02 7.277148510371165457e+02 -5.430196822851596153e+03 2.325250997698823994e+04 -5.253558105676722334e+03 7.025517444555975999e+02 -1.944369655917894875e+02 4.606390390456508221e+00 -1.381797127410459680e+01 -3.474457041429201531e+00 -2.024302464307618177e+00 -7.713035881641900904e-01 -3.126465908752145140e-01 -1.063219379248848823e-01 -3.442030827085899164e-02 -1.421392325710281457e-02 -1.194697200171048433e-02 -1.301792932343882880e-02 -1.285115424573737841e-02 -1.097936305390841485e-02 -8.261555401211033434e-03 -5.607775608440716819e-03 -3.552724980826040338e-03 -2.234745987131771510e-03 -1.533184966635281520e-03 -1.224465862528301271e-03 -1.096614082958216130e-03 -1.007553077600675242e-03 -8.916595388399849425e-04 -7.423455648864478885e-04 -5.825220809648774117e-04 -4.398309070496262134e-04 -3.318549184905635247e-04 -2.618739176858607106e-04 -2.220364922149205961e-04 -1.996547963068660782e-04 -1.830725217086673134e-04 -1.651112922218047631e-04 -1.437029698607022478e-04 -1.204901031278088032e-04 -9.859552665585069858e-05 -8.066285073831399135e-05 -6.778800812951233106e-05 -5.943313234651855572e-05 -5.403138015879180739e-05 -4.982279429235976807e-05 -4.552860425860158543e-05 -4.064840169245671010e-05 -3.537546729259096037e-05 -3.027301279230339314e-05 -2.590327748560583882e-05 -2.256779911600649666e-05 -2.022814912477706488e-05 -1.858890028170912209e-05 -1.726587068729510481e-05 -1.594863850582131225e-05 -1.449929785729689308e-05 -1.293409325584994183e-05 -1.149512618225921894e-05 -9.822192828617773723e-06 -1.118719358964568194e-05
-4.467864076685076902e-04 -1.854739252944260044e-04 -3.232955717690973738e-04 -3.514446740541151142e-04 -3.313132609876635187e-04 -2.841618604111810563e-04 -2.504730885320795883e-04 -2.678350739852041525e-04 -3.588423589981807964e-04 -5.214171025824748890e-04 -7.273972267800802444e-04 -9.307179212785617528e-04 -1.084038122633797056e-03 -1.158988278431283140e-03 -1.163041825362953838e-03 -1.145575893037363265e-03 -1.187814008860524221e-03 -1.376636145200270736e-03 -1.768280151779436354e-03 -2.354646774282687181e-03 -3.048056535297257851e-03 -3.698575582755972771e-03 -4.150423176614724888e-03 -4.329205321092630815e-03 -4.335885028362137551e-03 -4.507803092479672688e-03 -5.400903044818190259e-03 -7.656901871411841802e-03 -1.174532489797858181e-02 -1.762232150783061072e-02 -2.441506688024770722e-02 -3.032261367220567827e-02 -3.302809040518680378e-02 -3.101395842831531843e-02 -2.635913864957683747e-02 -2.974239454168010888e-02 -6.945645291229700369e-02 -2.039413214532429797e-01 -5.591476788798734887e-01 -1.308576689674236571e+00 -3.137426436690759601e+00 -5.380235282699642241e+00 -1.801555240863934060e+01 1.014677238056168385e+00 -2.166681537302134188e+02 7.274202201517409776e+02 -5.428296066032839917e+03 2.325238947064675085e+04 -5.255374421290159262e+03 7.027908443520869923e+02 -1.946540770803489124e+02 4.572809694026145344e+00 -1.385514303568530359e+01 -3.490258273315333781e+00 -2.033054972386776349e+00 -7.752903740483205741e-01 -3.143984560903602676e-01 -1.070064468702291438e-01 -3.468530266587050576e-02 -1.435132369878373663e-02 -1.206771644217910500e-02 -1.314539133133363347e-02 -1.297648903421573692e-02 -1.108888815377369330e-02 -8.347466499149205910e-03 -5.669653161597360685e-03 -3.595231336660934755e-03 -2.264170476867770777e-03 -1.554715667604609532e-03 -1.242441765711356895e-03 -1.113200802589133778e-03 -1.022773551604382871e-03 -9.052952746549474110e-04 -7.539934722735090397e-04 -5.920606728686472406e-04 -4.474585596947529709e-04 -3.379905395952958352e-04 -2.669880101472066553e-04 -2.265119442707742977e-04 -2.037198918092813355e-04 -1.868077770755149805e-04 -1.685034270865268930e-04 -1.467107850253113405e-04 -1.230944953093952756e-04 -1.008205959391826996e-04 -8.257003946407845277e-05 -6.945460126957928092e-05 -6.092873352395529105e-05 -5.540258145418403853e-05 -5.108993294330946430e-05 -4.669268023226826514e-05 -4.170275088458562422e-05 -3.631640612924685315e-05 -3.110564076517877851e-05 -2.664152233398879008e-05 -2.323032623845873595e-05 -2.083292391334208937e-05 -1.914926287476592656e-05 -1.778846542387646444e-05 -1.643986086499544863e-05 -1.494307239063486234e-05 -1.344711964803338039e-05 -1.150978894485164422e-05 -1.288488364888809462e-05
-3.025753441838602005e-04 -2.616633285363974466e-04 -4.166346333951120038e-04 -4.757651441111808432e-04 -4.680540989882407557e-04 -4.086317001895970694e-04 -3.321715340235466577e-04 -2.790922561201381632e-04 -2.848479373914100644e-04 -3.685095569353331294e-04 -5.252801411858734702e-04 -7.260397922756958331e-04 -9.253899113360836235e-04 -1.077266355531885950e-03 -1.153924996834632382e-03 -1.161941958302754093e-03 -1.148225980353509207e-03 -1.190807456285577787e-03 -1.374042979713585664e-03 -1.753680584566926198e-03 -2.323846246749635119e-03 -3.001371538439239449e-03 -3.641546159756882048e-03 -4.092219232239804882e-03 -4.278816569285665873e-03 -4.297114453308869923e-03 -4.474879477601768213e-03 -5.356828491958535651e-03 -7.576215579775356923e-03 -1.160181156247396504e-02 -1.740035418269300638e-02 -2.412121641229433150e-02 -2.999231416705237102e-02 -3.272086287789639086e-02 -3.079067859150477759e-02 -2.623561669431996243e-02 -2.961578481107366920e-02 -6.900150107244779063e-02 -2.024842595243783738e-01 -5.554732577643960445e-01 -1.300873577593807839e+00 -3.122307165074570623e+00 -5.355681199614099164e+00 -1.796467079915785092e+01 1.055473971872272099e+00 -2.164223473974440708e+02 7.271384235044076831e+02 -5.426474493198630626e+03 2.325227633723291001e+04 -5.257116722125508204e+03 7.030205273699986037e+02 -1.948626136518008138e+02 4.540518935791423516e+00 -1.389091475688282529e+01 -3.505482788331055310e+00 -2.041495236876405439e+00 -7.791386589911087901e-01 -3.160907277681576644e-01 -1.076680109848465183e-01 -3.494138071761229702e-02 -1.448404062391611333e-02 -1.218443900482362244e-02 -1.326878206974685045e-02 -1.309797837757876483e-02 -1.119515349739340360e-02 -8.430951644019229335e-03 -5.729845560137294090e-03 -3.636037951821108425e-03 -2.292311822222108542e-03 -1.576055681939908873e-03 -1.260280062487319913e-03 -1.129396200104588457e-03 -1.037687296801134262e-03 -9.186423455894321844e-04 -7.654021360303452873e-04 -6.014082103281973490e-04 -4.549388439522258128e-04 -3.440119945792602819e-04 -2.720101687528418796e-04 -2.309090776927004256e-04 -2.077153097824888312e-04 -1.904802514650243465e-04 -1.718398494951546053e-04 -1.496706183800064569e-04 -1.256588013290907380e-04 -1.030127924303252248e-04 -8.445021979383075220e-05 -7.109848108617696102e-05 -6.240456620916857500e-05 -5.675608191295293227e-05 -5.234105626588600604e-05 -4.784238769743144398e-05 -4.274446781067647730e-05 -3.724649071467804807e-05 -3.192910867666463068e-05 -2.737212896546042677e-05 -2.388655208289635796e-05 -2.143289550408239430e-05 -1.970593206115456045e-05 -1.831415438449102886e-05 -1.691866621516211136e-05 -1.550880153178710389e-05 -1.344445632324336257e-05 -1.501338711905394211e-05
-8.757892045892771331e-05 -2.405738296537264997e-04 -3.654862439766132622e-04 -4.435885289477945500e-04 -4.686203923080616831e-04 -4.448888324114485811e-04 -3.887858615155640732e-04 -3.268757831139255574e-04 -2.905135336145867097e-04 -3.075918962547503368e-04 -3.933756163451455554e-04 -5.435386174738363703e-04 -7.327286716252162527e-04 -9.206543102406893921e-04 -1.065532779954659129e-03 -1.141463674631234019e-03 -1.153867869502167142e-03 -1.146109044240738867e-03 -1.191799897784261760e-03 -1.371857500399785391e-03 -1.741091283513540935e-03 -2.295792921221861439e-03 -2.957452118645768294e-03 -3.586780331556506125e-03 -4.035452959065219738e-03 -4.228951161409768254e-03 -4.258208050741597861e-03 -4.441876538191035124e-03 -5.313916574033077274e-03 -7.499382364887680584e-03 -1.146609521343284165e-02 -1.719056740969994099e-02 -2.384299437652612208e-02 -2.967858259109254146e-02 -3.242756123596993861e-02 -3.057548536225235952e-02 -2.611408876990837027e-02 -2.949139480162944749e-02 -6.856649137445502973e-02 -2.010985197612684128e-01 -5.519786783489486481e-01 -1.293539241106453241e+00 -3.107890859260939997e+00 -5.332236134315786025e+00 -1.791601876855623487e+01 1.094552151192909273e+00 -2.161868484770660075e+02 7.268686396436049790e+02 -5.424727258157805409e+03 2.325216998740701820e+04 -5.258789440833255867e+03 7.032413398420270596e+02 -1.950630729858949621e+02 4.509445503170848468e+00 -1.392536394179754566e+01 -3.520161529448172288e+00 -2.049639643506244280e+00 -7.828555052464138964e-01 -3.177263548074826249e-01 -1.083077188348159359e-01 -3.518894555325868118e-02 -1.461228544469472812e-02 -1.229733819450353101e-02 -1.338829571422364695e-02 -1.321585587364904231e-02 -1.129836816911822077e-02 -8.511498550301494631e-03 -5.787844888503796033e-03 -3.676129133153581679e-03 -2.320042980728132410e-03 -1.596862098946065858e-03 -1.277729805897976625e-03 -1.145224729491308314e-03 -1.052270494344470422e-03 -9.316984615214870527e-04 -7.765683818487846297e-04 -6.105630375702646639e-04 -4.622701529894754488e-04 -3.499177759894775267e-04 -2.769390161976173839e-04 -2.352267278503015417e-04 -2.116401135253105170e-04 -1.940891922434694527e-04 -1.751199175723866443e-04 -1.525818712370092894e-04 -1.281824252591316337e-04 -1.051715135426093431e-04 -8.630279490750855187e-05 -7.271907671626461349e-05 -6.386010166980143161e-05 -5.809140159921506123e-05 -5.357573155723114873e-05 -4.897733759350372519e-05 -4.377321061147092669e-05 -3.816544615814984484e-05 -3.274326658372163140e-05 -2.809514390733622706e-05 -2.453711607474326099e-05 -2.202863559681788341e-05 -2.026631856727996255e-05 -1.882555615373144968e-05 -1.753928886218646878e-05 -1.547590223309256151e-05 -1.749537997034549225e-05
9.497722637416460760e-05 -1.461063912402135799e-04 -2.135455380896500292e-04 -2.911861200679540873e-04 -3.498852404237155788e-04 -3.834192825995911581e-04 -3.872031802390970027e-04 -3.661425398404547470e-04 -3.357980119592086877e-04 -3.198403827388287494e-04 -3.431679840368490378e-04 -4.226330251443659227e-04 -5.587599519772761241e-04 -7.323256352471687030e-04 -9.084239257614568595e-04 -1.048382826362654350e-03 -1.126454797235262872e-03 -1.145516494877985882e-03 -1.144755056986098253e-03 -1.193511513302753999e-03 -1.369880661183756586e-03 -1.728392076049975815e-03 -2.267858361571279627e-03 -2.914351160174500754e-03 -3.533605796204741020e-03 -3.980672994227707311e-03 -4.180873461969283889e-03 -4.220490098248260574e-03 -4.409638713342440251e-03 -5.272256026692832311e-03 -7.425737982418626447e-03 -1.133696279156580153e-02 -1.699149827510810715e-02 -2.357899549759207708e-02 -2.938033776584925497e-02 -3.214762133303707137e-02 -3.036839608315667488e-02 -2.599497257216964660e-02 -2.936941811684642967e-02 -6.815005018110097124e-02 -1.997788034374774757e-01 -5.486509125934438957e-01 -1.286547815720308074e+00 -3.094129779115620149e+00 -5.309826962277655937e+00 -1.786945340412853511e+01 1.132017399248662404e+00 -2.159610226799093766e+02 7.266101159230016719e+02 -5.423049902111982192e+03 2.325206988958431975e+04 -5.260396663157529474e+03 7.034537865145719024e+02 -1.952559150863605737e+02 4.479522068332619789e+00 -1.395856248695150015e+01 -3.534323234678314218e+00 -2.057503404272988501e+00 -7.864474655120424762e-01 -3.193080834420005121e-01 -1.089266071674184072e-01 -3.542841456005421663e-02 -1.473628187605723408e-02 -1.240666071539658737e-02 -1.350418082589495590e-02 -1.332963268295926651e-02 -1.139805381529536248e-02 -8.590194846075574833e-03 -5.844607174451782808e-03 -3.715164069990215413e-03 -2.347109977323491234e-03 -1.617165965841139324e-03 -1.294768892992553778e-03 -1.160686768891512058e-03 -1.066522974673619678e-03 -9.444652625169227145e-04 -7.874936560414538041e-04 -6.195260954487675055e-04 -4.694528255911324362e-04 -3.557077979089006553e-04 -2.817742674917285721e-04 -2.394645841453171831e-04 -2.154940466196669151e-04 -1.976343970730489461e-04 -1.783434414658383830e-04 -1.554443215296943872e-04 -1.306650886769807670e-04 -1.072964265078094005e-04 -8.812739824014435776e-05 -7.431601420432553924e-05 -6.529498031192686517e-05 -5.940820819195382729e-05 -5.479366065196314412e-05 -5.009727566589753040e-05 -4.478879279207110566e-05 -3.907321929684303774e-05 -3.354827531503122145e-05 -2.881140097792642241e-05 -2.518275434469428758e-05 -2.262881254754205870e-05 -2.081021687360378451e-05 -1.950203771023714170e-05 -1.746333487625977403e-05 -2.015915003430419564e-05
1.781642670573083662e-04 -2.877886239172512746e-05 -3.867339931128510144e-05 -9.892343224369672854e-05 -1.766621027169591350e-04 -2.594853409328951423e-04 -3.279720496535910228e-04 -3.678820074984306813e-04 -3.760882962955536387e-04 -3.636190020960001069e-04 -3.531914541961044874e-04 -3.716997695818365370e-04 -4.398387685861495440e-04 -5.626001181721081807e-04 -7.247546799541553517e-04 -8.941005456911617398e-04 -1.032912129789685272e-03 -1.114558684462563535e-03 -1.139533237900634604e-03 -1.143835862943071548e-03 -1.193776195465537111e-03 -1.365577054701552079e-03 -1.713826581340728919e-03 -2.239554521267375989e-03 -2.872689723466256839e-03 -3.483200654077830190e-03 -3.929002077860654571e-03 -4.135235487939160556e-03 -4.184023730454644076e-03 -4.377765231236070698e-03 -5.231208375867087666e-03 -7.354591806133330828e-03 -1.121374289341579150e-02 -1.680246897356000094e-02 -2.332849463716850369e-02 -2.909683918611192383e-02 -3.188042299058686108e-02 -3.016908031976728993e-02 -2.587824898781164798e-02 -2.924975181509913494e-02 -6.775086244412999170e-02 -1.985204291238739094e-01 -5.454783560524457675e-01 -1.279875982234045750e+00 -3.080980500659996846e+00 -5.288386816055452577e+00 -1.782484362094756136e+01 1.167967039949466601e+00 -2.157442865608872751e+02 7.263621613552319332e+02 -5.421438315838104245e+03 2.325197556317080671e+04 -5.261942161255804422e+03 7.036583344628154464e+02 -1.954415657036324490e+02 4.450686198670139149e+00 -1.399057712657116959e+01 -3.547994623850939444e+00 -2.065100696272574421e+00 -7.899206822545001838e-01 -3.208385261777794706e-01 -1.095256747026808614e-01 -3.566024273915437137e-02 -1.485630916909003695e-02 -1.251189096530442094e-02 -1.361595909086625068e-02 -1.344050404516622388e-02 -1.149527271662911798e-02 -8.666727416932447706e-03 -5.899897509613945094e-03 -3.753195504927319109e-03 -2.373499874729320062e-03 -1.636972663523684991e-03 -1.311400032232301572e-03 -1.175786709212165186e-03 -1.080449298790020106e-03 -9.569469812193994286e-04 -7.981813273065675035e-04 -6.282997239256204276e-04 -4.764882845645052696e-04 -3.613828335004271421e-04 -2.865163304564502414e-04 -2.436228999768458748e-04 -2.192773156459826398e-04 -2.011160475072739837e-04 -1.815105534644436704e-04 -1.582580208031882617e-04 -1.331067477684346519e-04 -1.093874007829646243e-04 -8.992383790194329030e-05 -7.588907108440959000e-05 -6.670897625793932909e-05 -6.070629354193227530e-05 -5.599467404069585714e-05 -5.120210264985213498e-05 -4.579125968075915083e-05 -3.997008752658373046e-05 -3.434516452550296668e-05 -2.952177740533178373e-05 -2.583342909432796581e-05 -2.320994248165521361e-05 -2.154416173132476313e-05 -1.937506021138982911e-05 -2.282024561958046581e-05
1.491428150949298138e-04 6.014126906611755703e-05 8.553930989854715400e-05 5.035707134066640572e-05 -2.542082378152207592e-05 -1.291721411229574659e-04 -2.375682999188377708e-04 -3.269424337669750175e-04 -3.808199544579646636e-04 -3.960784334241296062e-04 -3.849508450148202208e-04 -3.717473036273331454e-04 -3.848502002818867274e-04 -4.462324268421163052e-04 -5.620658094169058349e-04 -7.182983180724534936e-04 -8.838153418682998712e-04 -1.021585653617159079e-03 -1.104903277622793422e-03 -1.133187520748109040e-03 -1.140489937750964076e-03 -1.190850024331540497e-03 -1.358749073210600367e-03 -1.698418146806128601e-03 -2.212385132872060015e-03 -2.833707406002982949e-03 -3.436098039107706066e-03 -3.880233044857855570e-03 -4.091375553945298012e-03 -4.148093862880713328e-03 -4.345792921868226084e-03 -5.190643895704607699e-03 -7.286000866500416499e-03 -1.109640796996276546e-02 -1.662312602680034862e-02 -2.309073554376671333e-02 -2.882707132442157219e-02 -3.162500304363861925e-02 -2.997695167810408151e-02 -2.576381641050344909e-02 -2.913240901400414654e-02 -6.736794553186034595e-02 -1.973193477430101317e-01 -5.424505610466074934e-01 -1.273502469485821020e+00 -3.068403237573007925e+00 -5.267854308333472346e+00 -1.778206895994361858e+01 1.202490798398955452e+00 -2.155361026642519846e+02 7.261241403098417777e+02 -5.419888706137638110e+03 2.325188657282918211e+04 -5.263429423133192358e+03 7.038554166303226793e+02 -1.956204194075659757e+02 4.422879927422529001e+00 -1.402146992491436350e+01 -3.561200629738625167e+00 -2.072444802759933591e+00 -7.932809308305609486e-01 -3.223201979051909527e-01 -1.101059314755446494e-01 -3.588406938578374283e-02 -1.497187883267005887e-02 -1.261428840909643335e-02 -1.372477462784229239e-02 -1.354818480300808321e-02 -1.158982786735326953e-02 -8.741195838739158203e-03 -5.953733636444999248e-03 -3.790248094203704701e-03 -2.399225398112020402e-03 -1.656291555733280631e-03 -1.327630774329400078e-03 -1.190531543749082533e-03 -1.094055913586742526e-03 -9.691491828647612978e-04 -8.086357807921831179e-04 -6.368870707028379419e-04 -4.833786161279600316e-04 -3.669442090208966355e-04 -2.911660760474677314e-04 -2.477023166672543569e-04 -2.229904527957442630e-04 -2.045346002005669038e-04 -1.846216206490610280e-04 -1.610232230932681088e-04 -1.355075346564393901e-04 -1.114444593137483707e-04 -9.169205668461840014e-05 -7.743814557975025356e-05 -6.810197831158189567e-05 -6.198557261852461527e-05 -5.717875664976186911e-05 -5.229195937722139453e-05 -4.678100174953537664e-05 -4.085726851010756602e-05 -3.513492708741094923e-05 -3.023748979379808493e-05 -2.646217203400807357e-05 -2.400594271639577566e-05 -2.136615162582171921e-05 -2.540218072461272291e-05
4.633929758090995777e-05 8.990257114658587129e-05 1.194300331138223667e-04 1.062473600611531623e-04 4.996898211878185567e-05 -4.156544356390113031e-05 -1.515309738920672862e-04 -2.585394428169983058e-04 -3.424412833282382274e-04 -3.905272093392787099e-04 -4.021758021627119643e-04 -3.902175240897750447e-04 -3.778913868277528174e-04 -3.917075266154217703e-04 -4.520263054062314038e-04 -5.644669219957608930e-04 -7.157167994429802695e-04 -8.763110866011469954e-04 -1.010969159783333933e-03 -1.093962670110647717e-03 -1.124352447415219577e-03 -1.134499628156043858e-03 -1.186035023925493094e-03 -1.351322442804670171e-03 -1.683794485194718563e-03 -2.187100654233017135e-03 -2.797186834486873382e-03 -3.391433127785498883e-03 -3.833364259561016906e-03 -4.048607636019510569e-03 -4.112548095878056954e-03 -4.314034911367829739e-03 -5.151056054865218482e-03 -7.220280083706168660e-03 -1.098481602054753384e-02 -1.645278193967533026e-02 -2.286461894110496107e-02 -2.856983047647542601e-02 -3.138042018012828643e-02 -2.979160238100150154e-02 -2.565180108981816517e-02 -2.901759851692222239e-02 -6.700049941468085024e-02 -1.961718420463329782e-01 -5.395578814666598388e-01 -1.267407703403231611e+00 -3.056361462735786461e+00 -5.248173082193456018e+00 -1.774101867786404085e+01 1.235671405558586899e+00 -2.153359751318428437e+02 7.258954671063796695e+02 -5.418397565951843717e+03 2.325180252354993354e+04 -5.264861678840714376e+03 7.040454349004027108e+02 -1.957928424286532731e+02 4.396049302048028906e+00 -1.405129873483396175e+01 -3.573964556901964240e+00 -2.079548212601581181e+00 -7.965336972832088858e-01 -3.237546272130157887e-01 -1.106675348863588731e-01 -3.610139372837206651e-02 -1.508421107390434113e-02 -1.271355090577194237e-02 -1.383044186618691794e-02 -1.365282238640174069e-02 -1.168178598035140084e-02 -8.813667724824728739e-03 -6.006158747303100634e-03 -3.826349737788776410e-03 -2.424303885764236312e-03 -1.675134509281087786e-03 -1.343470515109387040e-03 -1.204929542998467570e-03 -1.107350200993730341e-03 -9.810781464231806831e-04 -8.188619785718502259e-04 -6.452917712928833878e-04 -4.901263291582769318e-04 -3.723936186559298673e-04 -2.957246935214148599e-04 -2.517037487274809333e-04 -2.266342239335683833e-04 -2.078907123261686349e-04 -1.876771835437850415e-04 -1.637403337884423893e-04 -1.378677145498048099e-04 -1.134677432928297953e-04 -9.343210536103392595e-05 -7.896324147680720113e-05 -6.947399317168705297e-05 -6.324611431712538387e-05 -5.834614138030076367e-05 -5.336734579912383834e-05 -4.775942038667044915e-05 -4.173586677913973455e-05 -3.593000036824076017e-05 -3.092813444343780685e-05 -2.732965266173693344e-05 -2.378393380823340847e-05 -2.804395289724178391e-05
-6.995081544402859163e-05 5.972816105699240363e-05 6.767971872980376802e-05 6.596809781118763232e-05 3.674165328460083990e-05 -1.921621932126533903e-05 -9.741693264820569824e-05 -1.872979982440036318e-04 -2.743052012208282184e-04 -3.435825276448592740e-04 -3.848947425468320104e-04 -3.970787876225091327e-04 -3.901690298804091797e-04 -3.836944522429594061e-04 -4.009530055401527089e-04 -4.606209658053190929e-04 -5.685326795377322476e-04 -7.131551202294843933e-04 -8.675138414668470341e-04 -9.984815550968223052e-04 -1.081280051264734863e-03 -1.114328005930662795e-03 -1.127974605080760357e-03 -1.181238905862871729e-03 -1.344326595108943966e-03 -1.669935851642341063e-03 -2.162904647769013991e-03 -2.762058684753504294e-03 -3.348352232839602385e-03 -3.788048630507287028e-03 -4.007117330645624739e-03 -4.077909831006411474e-03 -4.283049024035950024e-03 -5.112750523114371372e-03 -7.157306327320678806e-03 -1.087838844521789132e-02 -1.629051582631542774e-02 -2.264909142600355155e-02 -2.832417846686134666e-02 -3.114607132087599331e-02 -2.961287964216596791e-02 -2.554241084505522522e-02 -2.890545909889588247e-02 -6.664764606591072615e-02 -1.950743540649811925e-01 -5.367913923354623584e-01 -1.261573747083677643e+00 -3.044821733510326922e+00 -5.229291432699553432e+00 -1.770159083931747546e+01 1.267585296368042513e+00 -2.151434456710204586e+02 7.256756012950628474e+02 -5.416961647822319719e+03 2.325172305625737135e+04 -5.266241923926168056e+03 7.042287627710335300e+02 -1.959591752166622030e+02 4.370144030866574880e+00 -1.408011758058489704e+01 -3.586308265807236051e+00 -2.086421739520907703e+00 -7.996832917061112989e-01 -3.251451860245956338e-01 -1.112124026280813111e-01 -3.631205811033110659e-02 -1.519312295361183174e-02 -1.280983213220789410e-02 -1.393305183034481039e-02 -1.375452802402100938e-02 -1.177123795815334002e-02 -8.884211907632569294e-03 -6.057219371381555688e-03 -3.861530069186019931e-03 -2.448754152316154949e-03 -1.693514507191872832e-03 -1.358929498602660284e-03 -1.218989607253256977e-03 -1.120340020095292885e-03 -9.927405327128150346e-04 -8.288652103252778375e-04 -6.535177569460620889e-04 -4.967342043341505973e-04 -3.777330044876853394e-04 -3.001935940305340490e-04 -2.556283057447735060e-04 -2.302095646177068004e-04 -2.111851884564712586e-04 -1.906779114231793506e-04 -1.664098718854774295e-04 -1.401876546467651329e-04 -1.154574890182153828e-04 -9.514413098565299742e-05 -8.046447540561798314e-05 -7.082518203586758124e-05 -6.448824672912893186e-05 -5.949744281429100268e-05 -5.442986365647817877e-05 -4.872777097394821955e-05 -4.261963312851496053e-05 -3.669668725266784950e-05 -3.188171519128661370e-05 -2.707185603131768162e-05 -3.113095740054887674e-05
-1.462252909843073318e-04 -5.974620831767272312e-06 -3.036929256235378855e-05 -3.281568230917530194e-05 -3.872819847952478661e-05 -5.345216234848682946e-05 -8.459311114376830989e-05 -1.349238697174536363e-04 -2.006204596776537839e-04 -2.714270896920728082e-04 -3.338196534703833382e-04 -3.762026787055204559e-04 -3.942815385078081306e-04 -3.943826719978258538e-04 -3.928734823346546564e-04 -4.112159167236916261e-04 -4.678730669136334317e-04 -5.698985834324662905e-04 -7.078374865275490488e-04 -8.568836742374935428e-04 -9.854195898503863814e-04 -1.069001639450184622e-03 -1.105074472336988476e-03 -1.122009612616435429e-03 -1.176525581805396925e-03 -1.337065308569384365e-03 -1.655871095254188817e-03 -2.139007721557939761e-03 -2.727976771522942333e-03 -3.306971193707113413e-03 -3.744697961771845714e-03 -3.967373102624478960e-03 -4.044498215385778327e-03 -4.252893254356248515e-03 -5.075511258240286358e-03 -7.096641433865427846e-03 -1.077653889649605318e-02 -1.613566359908450570e-02 -2.244347885424455291e-02 -2.808951159926711266e-02 -3.092152080577631815e-02 -2.944059505167319693e-02 -2.543567043410673370e-02 -2.879592473320893159e-02 -6.630844733724870765e-02 -1.940235970432264423e-01 -5.341429858921683538e-01 -1.255984266094289703e+00 -3.033753426706566003e+00 -5.211161802694208589e+00 -1.766369136679631424e+01 1.298303295676856095e+00 -2.149580900022117191e+02 7.254640433776208965e+02 -5.415577940356939507e+03 2.325164784389220949e+04 -5.267572940396229569e+03 7.044057478063484723e+02 -1.961197347023260136e+02 4.345117122207926563e+00 -1.410797598021506793e+01 -3.598251331334528569e+00 -2.093077554381614025e+00 -8.027356225660839950e-01 -3.264933913749554772e-01 -1.117409360113508915e-01 -3.651637588834601850e-02 -1.529872208033491651e-02 -1.290324729953309241e-02 -1.403271960424943426e-02 -1.385341189431454900e-02 -1.185827573968816981e-02 -8.952896979080126119e-03 -6.106962156017100782e-03 -3.895819043644954422e-03 -2.472595462553793186e-03 -1.711444977707229963e-03 -1.374018340890440296e-03 -1.232720922414054726e-03 -1.133033450175237235e-03 -1.004143187557455987e-03 -8.386509389949067068e-04 -6.615691314802675180e-04 -5.032051946519402411e-04 -3.829644754888906263e-04 -3.045743441841496611e-04 -2.594772373769331422e-04 -2.337175339742368282e-04 -2.144189413731879715e-04 -1.936245689163545796e-04 -1.690324423634991338e-04 -1.424678039373109993e-04 -1.174140192392857806e-04 -9.682838866699789338e-05 -8.194212172534721841e-05 -7.215598481774355207e-05 -6.571272145833600856e-05 -6.063451487932890600e-05 -5.548100904662169378e-05 -4.970144572633489389e-05 -4.347150592389403736e-05 -3.775455106307253842e-05 -3.158824007279298791e-05 -3.520452658755274131e-05
-1.571031019560880661e-04 -7.199664440539686153e-05 -1.229945485721469856e-04 -1.347106756140079248e-04 -1.288551126660079102e-04 -1.136901155079436681e-04 -1.037521589215245865e-04 -1.117127653579354251e-04 -1.441635081606772693e-04 -1.988908264385316922e-04 -2.653787150172804430e-04 -3.285496179836091385e-04 -3.746491216247083080e-04 -3.972096539052626042e-04 -4.007845719947173281e-04 -4.006061176177176685e-04 -4.177340552249823652e-04 -4.709462202316178005e-04 -5.682053955790490217e-04 -7.013210164565364130e-04 -8.467630454228762321e-04 -9.738029460854047458e-04 -1.058155010575131125e-03 -1.096531254038890816e-03 -1.115811864810659472e-03 -1.170914938672179811e-03 -1.328837589289101270e-03 -1.641399923972126224e-03 -2.115661537765430294e-03 -2.695416438144878843e-03 -3.267723230555246057e-03 -3.703522219870212205e-03 -3.929320581248098299e-03 -4.012072800307813283e-03 -4.223267094115999883e-03 -5.039071896525869169e-03 -7.038067553510529359e-03 -1.067903618947642179e-02 -1.598789197807806706e-02 -2.224729806452791989e-02 -2.786524020722989242e-02 -3.070620750022397608e-02 -2.927437685082640018e-02 -2.533145326407009595e-02 -2.868888641453595789e-02 -6.598209656093446951e-02 -1.930166711405811864e-01 -5.316053368194069151e-01 -1.250624317097981608e+00 -3.023128349823151595e+00 -5.193740268930136850e+00 -1.762723323118083840e+01 1.327891127055203624e+00 -2.147795148121546447e+02 7.252603309267014993e+02 -5.414243647232017793e+03 2.325157658802810329e+04 -5.268857315443596235e+03 7.045767137917839591e+02 -1.962748152513602520e+02 4.320925620352070951e+00 -1.413492236633051746e+01 -3.609814048856573532e+00 -2.099525333126179838e+00 -8.056947634145271708e-01 -3.278011567201485899e-01 -1.122538080498753227e-01 -3.671461099529101102e-02 -1.540114039214110150e-02 -1.299391024075058007e-02 -1.412956002625072489e-02 -1.394958174297360881e-02 -1.194298906558254221e-02 -9.019789929070312282e-03 -6.155432869894364618e-03 -3.929246279552040325e-03 -2.495847053938457689e-03 -1.728939443146954979e-03 -1.388747766035792596e-03 -1.246132758308348028e-03 -1.145438633910990031e-03 -1.015293017567354484e-03 -8.482247006405459764e-04 -6.694500894123511488e-04 -5.095423578328999023e-04 -3.880902512772254872e-04 -3.088686188230046234e-04 -2.632518932099738571e-04 -2.371592801169542333e-04 -2.175929621878718717e-04 -1.965179910627677976e-04 -1.716087182861486191e-04 -1.447086874431399673e-04 -1.193377605609591957e-04 -9.848529860228131855e-05 -8.339676537362233509e-05 -7.346733317862370796e-05 -6.692173412746365885e-05 -6.175921911867999039e-05 -5.653841380143199633e-05 -5.063939651396080597e-05 -4.465210817187481720e-05 -3.740868217521731398e-05 -4.075641184523490473e-05
-1.107916159201459167e-04 -1.088433500603090427e-04 -1.697136680848882124e-04 -1.927665009182971613e-04 -1.885229229936996674e-04 -1.642802687169475574e-04 -1.344116205953196789e-04 -1.145380880384923289e-04 -1.170764951975278149e-04 -1.472616369160070077e-04 -2.013516806493508503e-04 -2.677303528656271663e-04 -3.308560505165513690e-04 -3.769847201919362739e-04 -3.997835488583023037e-04 -4.037485829410924760e-04 -4.037507214048954851e-04 -4.203175893436025324e-04 -4.718198508707011573e-04 -5.662292112968975296e-04 -6.958974006592064500e-04 -8.382264436485956918e-04 -9.634323936290970511e-04 -1.047726189902253770e-03 -1.087528929505567499e-03 -1.108603994020007037e-03 -1.164266433969994227e-03 -1.320056330350233287e-03 -1.627188462388715322e-03 -2.093441851360833966e-03 -2.664629173164483143e-03 -3.230487151152732894e-03 -3.664147817787900743e-03 -3.892537691141856153e-03 -3.980343919814601124e-03 -4.194090289689060211e-03 -5.003509295274055808e-03 -6.981670893976437732e-03 -1.058580642374809359e-02 -1.584685712370202670e-02 -2.205994154031987523e-02 -2.765062474527735931e-02 -3.049947097043426147e-02 -2.911383896706713770e-02 -2.522969544407162312e-02 -2.858435109260938981e-02 -6.566795868000874226e-02 -1.920509723973167493e-01 -5.291717072549545486e-01 -1.245480089959263958e+00 -3.012920432976117002e+00 -5.176986195677167224e+00 -1.759213585634169519e+01 1.356409784994921486e+00 -2.146073550537680319e+02 7.250640351923461822e+02 -5.412956168370697924e+03 2.325150901585593965e+04 -5.270097457106959155e+03 7.047419637893486879e+02 -1.964246937681977556e+02 4.297527303983164515e+00 -1.416100023032538680e+01 -3.621013892752547925e+00 -2.105774671419948785e+00 -8.085648551530406625e-01 -3.290702506084127732e-01 -1.127516852322774793e-01 -3.690701765067903872e-02 -1.550050862166521201e-02 -1.308193198831103174e-02 -1.422368438104800771e-02 -1.404314159560301339e-02 -1.202546457639222521e-02 -9.084955570644270145e-03 -6.202675980052392915e-03 -3.961840734684206160e-03 -2.518527881794524557e-03 -1.746011318739610447e-03 -1.403128447494728787e-03 -1.259234343442672006e-03 -1.157563677541269525e-03 -1.026196909340968029e-03 -8.575920379183741811e-04 -6.771648603600155004e-04 -5.157488092816268563e-04 -3.931126218431191385e-04 -3.130781660537141817e-04 -2.669536919433384051e-04 -2.405360129107385206e-04 -2.207082972670543848e-04 -1.993590671871027780e-04 -1.741394381219259126e-04 -1.469109309022728160e-04 -1.212293167520687618e-04 -1.001156365551422148e-04 -8.482957642083307267e-05 -7.476187688512904103e-05 -6.811763276311500186e-05 -6.289221208093341553e-05 -5.755567154860887684e-05 -5.195776530259986080e-05 -4.421715455227829715e-05 -4.797964352983783961e-05
-3.727927527941762837e-05 -1.043208372509269718e-04 -1.562974658339147480e-04 -1.867290255803837659e-04 -1.936492913842024946e-04 -1.805091523550173037e-04 -1.556831992700298593e-04 -1.307828641089171741e-04 -1.178406216560019950e-04 -1.259798663099844906e-04 -1.584880827471073477e-04 -2.113762442193195079e-04 -2.741908396197369115e-04 -3.332267445227898254e-04 -3.764012900171752633e-04 -3.982287391296754700e-04 -4.030095255461295270e-04 -4.045944720868297341e-04 -4.221952045583502312e-04 -4.731766921395215431e-04 -5.652538642862641296e-04 -6.913723815103248443e-04 -8.301138664422633671e-04 -9.529329328527879391e-04 -1.036763428747855152e-03 -1.077845320518898333e-03 -1.100829212467561123e-03 -1.157367163103432527e-03 -1.311459974064517909e-03 -1.613634638933004236e-03 -2.072309682795243999e-03 -2.635236466353704787e-03 -3.194758906377922602e-03 -3.626167982143623826e-03 -3.856855038227221914e-03 -3.949392827209672642e-03 -4.165591988671678118e-03 -4.969033933601504568e-03 -6.927481406609078095e-03 -1.049660147882075338e-02 -1.571203310117213342e-02 -2.188070462937472677e-02 -2.744495070372255166e-02 -3.030077199181255634e-02 -2.895874599342360828e-02 -2.513044623849235853e-02 -2.848237584543979531e-02 -6.536543097147495818e-02 -1.911240370897101803e-01 -5.268358129603035733e-01 -1.240538795693848950e+00 -3.003105587501155860e+00 -5.160862014188164260e+00 -1.755832460897099168e+01 1.383915934754210930e+00 -2.144412714931148116e+02 7.248747580235601617e+02 -5.411713081870544556e+03 2.325144487869245131e+04 -5.271295612812016770e+03 7.049017787156095665e+02 -1.965696269833706822e+02 4.274884294819507602e+00 -1.418625085181715129e+01 -3.631867589749005365e+00 -2.111834551775321867e+00 -8.113498288465689212e-01 -3.303023451867029836e-01 -1.132352028656456039e-01 -3.709383943878095946e-02 -1.559695289195226799e-02 -1.316741945212128971e-02 -1.431519954413909730e-02 -1.413419128953843050e-02 -1.210578550572551787e-02 -9.148456310462739841e-03 -6.248734458764216432e-03 -3.993630537969166359e-03 -2.540656474515527209e-03 -1.762673791517804399e-03 -1.417170909292491277e-03 -1.272034785269786274e-03 -1.169416586259664891e-03 -1.036861676250142071e-03 -8.667584552823245610e-04 -6.847176704951553252e-04 -5.218276882239581728e-04 -3.980339171771573583e-04 -3.172047795029797092e-04 -2.705840960474638021e-04 -2.438489821430692248e-04 -2.237660336650797556e-04 -2.021487418397524181e-04 -1.766254393685194558e-04 -1.490753531488784721e-04 -1.230897014119766502e-04 -1.017208703782562931e-04 -8.624376427398204017e-05 -7.604251959564449297e-05 -6.932487393910713328e-05 -6.397970262627263960e-05 -5.902110373826263229e-05 -5.138312358791609103e-05 -5.659923650994788864e-05
2.745621492303780800e-05 -6.586144205122349167e-05 -9.640971950540628221e-05 -1.271261632880480699e-04 -1.478005428327883370e-04 -1.571629692134980845e-04 -1.551977072248940837e-04 -1.453806873839326452e-04 -1.344280558684734161e-04 -1.308505208067806320e-04 -1.423258442315010626e-04 -1.727599577167699882e-04 -2.202361955367910064e-04 -2.769043599598932899e-04 -3.312798520032274340e-04 -3.724823234668762115e-04 -3.950016924143217017e-04 -4.021034378964766839e-04 -4.061114676898372315e-04 -4.248371590931028529e-04 -4.748820370577769702e-04 -5.640774594774185290e-04 -6.862741595294686919e-04 -8.213678650239999513e-04 -9.420012849252690701e-04 -1.025671500544618042e-03 -1.068276603517837216e-03 -1.093277552706483366e-03 -1.150696476931757856e-03 -1.303101751515360878e-03 -1.600439758936496489e-03 -2.051805911321620025e-03 -2.606827344221651112e-03 -3.160317897227694212e-03 -3.589589146122338856e-03 -3.822445892196658403e-03 -3.919443732951624626e-03 -4.137925723999737529e-03 -4.935640007081459370e-03 -6.875296251054247194e-03 -1.041103423488788648e-02 -1.558290145423170577e-02 -2.170901893035978233e-02 -2.724769843274968406e-02 -3.010973880101876221e-02 -2.880893930245383497e-02 -2.503372722889163696e-02 -2.838293036974422895e-02 -6.507386125004221977e-02 -1.902335273615480271e-01 -5.245918442250101510e-01 -1.235788659338597162e+00 -2.993661601681322004e+00 -5.145332956263199087e+00 -1.752573030292756329e+01 1.410462218789987787e+00 -2.142809472525655110e+02 7.246921303526959264e+02 -5.410512132479278080e+03 2.325138394629164759e+04 -5.272453878362141950e+03 7.050564229982195457e+02 -1.967098555490487115e+02 4.252960762552373097e+00 -1.421071290394981190e+01 -3.642390889151074340e+00 -2.117713428998466707e+00 -8.140533944664687382e-01 -3.314990213346657999e-01 -1.137049635633975431e-01 -3.727530844967147372e-02 -1.569059389136574431e-02 -1.325047495838169685e-02 -1.440420774608192067e-02 -1.422282635966604612e-02 -1.218403160599841953e-02 -9.210352075787492376e-03 -6.293649701615135900e-03 -4.024642903010335927e-03 -2.562250850481723533e-03 -1.778939746568278333e-03 -1.430885463964113018e-03 -1.284543019267496205e-03 -1.181005222351766068e-03 -1.047294023211562492e-03 -8.757293882711162172e-04 -6.921127147162758984e-04 -5.277821315968484047e-04 -4.028564822094142647e-04 -3.212502744970412291e-04 -2.741445910101242322e-04 -2.470994647679244775e-04 -2.267673044588364845e-04 -2.048880584134566015e-04 -1.790677701561990535e-04 -1.512032386646400620e-04 -1.249207220616112301e-04 -1.033048339984005446e-04 -8.764277131008356403e-05 -7.733804399842364886e-05 -7.048003900114578092e-05 -6.559654534506789139e-05 -5.825724111464687909e-05 -6.591046438701297222e-05
5.906765955926071825e-05 -1.438436236977495897e-05 -2.136375852734330111e-05 -4.580443583065436632e-05 -7.607380373412958607e-05 -1.073717520514835870e-04 -1.327468607896334124e-04 -1.474903368612772206e-04 -1.511528791192206090e-04 -1.482490495189451609e-04 -1.469260780029205517e-04 -1.559972758404731070e-04 -1.813667352160219315e-04 -2.232741449519530324e-04 -2.755981564641792319e-04 -3.278009234556207270e-04 -3.690759625142983657e-04 -3.932582063712587945e-04 -4.025341028297917925e-04 -4.081008856750971176e-04 -4.269469896557469345e-04 -4.753973244741292758e-04 -5.616257158195691506e-04 -6.803218897530863198e-04 -8.124270985508743898e-04 -9.314535148080086693e-04 -1.015237056923469841e-03 -1.059285208100478994e-03 -1.085992808514728725e-03 -1.143972827232409136e-03 -1.294571660198451249e-03 -1.587261072578509792e-03 -2.031771120070863766e-03 -2.579435506660053470e-03 -3.127317899535906817e-03 -3.554580804641900311e-03 -3.789410441971724844e-03 -3.890489547712325594e-03 -4.110984130486178105e-03 -4.903148496513274474e-03 -6.824887762501823801e-03 -1.032883149538884292e-02 -1.545913324741198143e-02 -2.154449913653882706e-02 -2.705845928481158055e-02 -2.992601145118216344e-02 -2.866418842292884142e-02 -2.493945245314894282e-02 -2.828590640801610309e-02 -6.479262293103077441e-02 -1.893773156003227265e-01 -5.224345065033138003e-01 -1.231218839463833925e+00 -2.984568005496768262e+00 -5.130366871556141461e+00 -1.749428743067579006e+01 1.436098835624337156e+00 -2.141260896689943536e+02 7.245158062137834349e+02 -5.409351213107794138e+03 2.325132600906009611e+04 -5.273574212937491211e+03 7.052061438357862926e+02 -1.968456047246328922e+02 4.231723067154701035e+00 -1.423442269492181822e+01 -3.652598607789770302e+00 -2.123419266929161608e+00 -8.166790527692661117e-01 -3.326617733599940285e-01 -1.141615382837836840e-01 -3.745164528547299115e-02 -1.578154669537501498e-02 -1.333119615844622491e-02 -1.449080657497986251e-02 -1.430913807974180593e-02 -1.226027918229284815e-02 -9.270700320610374828e-03 -6.337461506034949149e-03 -4.054904088924925383e-03 -2.583328472405262231e-03 -1.794821722999358346e-03 -1.444282174135309111e-03 -1.296767776836118104e-03 -1.192337278237230042e-03 -1.057500523027878232e-03 -8.845101813735716792e-04 -6.993541347181940785e-04 -5.336152517329874074e-04 -4.075826547200235594e-04 -3.252164688305849479e-04 -2.776366751163851011e-04 -2.502887754031751398e-04 -2.297133423742772726e-04 -2.075782872883681542e-04 -1.814679933362083888e-04 -1.532967453547238817e-04 -1.267268420890450527e-04 -1.048714106399030688e-04 -8.905982419940654791e-05 -7.857360268340114534e-05 -7.225226146895821853e-05 -6.461340337904849271e-05 -7.508762652480036406e-05
5.205929497270294476e-05 2.672501548686765353e-05 3.586417248950283864e-05 2.095635026093655098e-05 -1.090268515014971937e-05 -5.386039905874928445e-05 -9.810596444575609657e-05 -1.341188245425391375e-04 -1.557609613965362059e-04 -1.624589717549717195e-04 -1.594685453919201959e-04 -1.560621073205898854e-04 -1.621616807324033024e-04 -1.845384842500038798e-04 -2.239970001350087884e-04 -2.747146962262026252e-04 -3.262422128318792614e-04 -3.676805519236825957e-04 -3.925972723038479903e-04 -4.027549242825722588e-04 -4.088428907302028392e-04 -4.273946436921717161e-04 -4.745018699919925664e-04 -5.584587118115361039e-04 -6.744472450433616892e-04 -8.041384772038763810e-04 -9.217417978459764702e-04 -1.005442494530436838e-03 -1.050517348468412923e-03 -1.078523129303652055e-03 -1.136866243101960269e-03 -1.285775697394683304e-03 -1.574224318622409208e-03 -2.012439763364075058e-03 -2.553266742707670321e-03 -3.095838281957196802e-03 -3.521073407093429711e-03 -3.757578039069910635e-03 -3.862339774754320817e-03 -4.084623795880138603e-03 -4.871480230637793667e-03 -6.776200633914087473e-03 -1.024988621710641937e-02 -1.534050056133609910e-02 -2.138677604921540923e-02 -2.687677408918174096e-02 -2.974915268178379354e-02 -2.852419919195641959e-02 -2.484751397664595671e-02 -2.819122840397975463e-02 -6.452120422203450056e-02 -1.885534804306112644e-01 -5.203590114017557777e-01 -1.226819414518041995e+00 -2.975804554386130896e+00 -5.115932692631006695e+00 -1.746393780440441645e+01 1.460870088127326438e+00 -2.139764234163656909e+02 7.243454650527460217e+02 -5.408228355424080291e+03 2.325127087392115209e+04 -5.274658449467365244e+03 7.053511728679380894e+02 -1.969770856286090179e+02 4.211139620938161521e+00 -1.425741434437322930e+01 -3.662504694317750609e+00 -2.128959572002825595e+00 -8.192301087286507633e-01 -3.337920141453473155e-01 -1.146054678971862167e-01 -3.762305941756854955e-02 -1.586992083321357369e-02 -1.340967609852209905e-02 -1.457508908632633091e-02 -1.439321357829965314e-02 -1.233460118139810720e-02 -9.329556074994494255e-03 -6.380208084881546296e-03 -4.084439389979963725e-03 -2.603906225312430621e-03 -1.810331889184905270e-03 -1.457370829674331124e-03 -1.308717565560645448e-03 -1.203420258992731091e-03 -1.067487599548965155e-03 -8.931060703753910179e-04 -7.064459999213186948e-04 -5.393301168043257345e-04 -4.122147486280880089e-04 -3.291051760648478148e-04 -2.810618755998193054e-04 -2.534183290386080381e-04 -2.326056204834964648e-04 -2.102212520378813612e-04 -1.838285979937775722e-04 -1.553609235332075670e-04 -1.285122646323948062e-04 -1.064580300899199656e-04 -9.040786608784697875e-05 -8.051228799128035021e-05 -7.105149090768339462e-05 -8.370474737419730295e-05
1.820342428402829901e-05 4.196380278472882058e-05 5.482267277564427475e-05 4.853417576877790281e-05 2.295393745565953264e-05 -1.757802684533662949e-05 -6.500068899447949240e-05 -1.098139676518379847e-04 -1.438104669526217723e-04 -1.625590453257048050e-04 -1.668620595340000062e-04 -1.626187879649499692e-04 -1.589846636888687904e-04 -1.652833406274900098e-04 -1.876192094884865966e-04 -2.264134264655493054e-04 -2.758975528243353998e-04 -3.260321181116846291e-04 -3.664334091275439566e-04 -3.910024907074552414e-04 -4.014653162112543847e-04 -4.081018947317282294e-04 -4.268455259461857157e-04 -4.732825648317284806e-04 -5.555569953287698348e-04 -6.691676115841541138e-04 -7.964703474531341582e-04 -9.124408436539479562e-04 -9.957476159056747201e-04 -1.041579513318796699e-03 -1.070763179754115856e-03 -1.129548149094457450e-03 -1.277033513714749243e-03 -1.561628043413992905e-03 -1.993957563588776970e-03 -2.528268442086480019e-03 -3.065673377059394654e-03 -3.488810404074511005e-03 -3.726747686696909711e-03 -3.834911997678314404e-03 -4.058876008907491388e-03 -4.840712982221971779e-03 -6.729260084030077096e-03 -1.017408249361951081e-02 -1.522670647221165997e-02 -2.123540155554257472e-02 -2.670213913185147045e-02 -2.957873480918299727e-02 -2.838872896541646054e-02 -2.475788104354851790e-02 -2.809886768593156808e-02 -6.425923913588910130e-02 -1.877603640157589071e-01 -5.183595985436924014e-01 -1.222579927054034732e+00 -2.967355377715285236e+00 -5.102004185413465009e+00 -1.743462482361461241e+01 1.484819375023350929e+00 -2.138316919597949948e+02 7.241808073291313121e+02 -5.407141718005327675e+03 2.325121836307422200e+04 -5.275708304680456422e+03 7.054917274092474599e+02 -1.971044963290123064e+02 4.191180738537749306e+00 -1.427971994408664713e+01 -3.672122290627185315e+00 -2.134341424845767055e+00 -8.217096844989162374e-01 -3.348910802476403603e-01 -1.150372648722200325e-01 -3.778974967756938697e-02 -1.595582046196142995e-02 -1.348600336516572913e-02 -1.465714396497842277e-02 -1.447513599194477987e-02 -1.240706730985099635e-02 -9.386972018517391117e-03 -6.421926100776546506e-03 -4.113273143163645625e-03 -2.624000409823763931e-03 -1.825482030749501919e-03 -1.470160935095115575e-03 -1.320400657299432116e-03 -1.214261470415120602e-03 -1.077261514460184453e-03 -9.015221672659228793e-04 -7.133922915585792302e-04 -5.449297378040060275e-04 -4.167550516440765920e-04 -3.329182273904023786e-04 -2.844218193486261980e-04 -2.564897921291308335e-04 -2.354461982094473583e-04 -2.128197461906461072e-04 -1.861551830454243809e-04 -1.574002535348594791e-04 -1.303183480130213495e-04 -1.079657921948474412e-04 -9.253910347136037537e-05 -7.912340910900156647e-05 -9.226620407127013681e-05
-2.183977409851116443e-05 2.918329465250876721e-05 3.432542683880973405e-05 3.264527030396771585e-05 1.780319801079326017e-05 -8.952595866566454648e-06 -4.445944472068845941e-05 -8.329457822285370454e-05 -1.190590182246033040e-04 -1.460834728694558355e-04 -1.612549449798928098e-04 -1.653158381929511621e-04 -1.630376604666421429e-04 -1.619778397170567371e-04 -1.700343786566036906e-04 -1.925264947036929336e-04 -2.298933768705410977e-04 -2.770368832496145420e-04 -3.248719781574881268e-04 -3.638280514537194457e-04 -3.881570826835481361e-04 -3.993650344618429344e-04 -4.070696125681735693e-04 -4.264002335296759134e-04 -4.723473569994374676e-04 -5.529268888207775285e-04 -6.640428833564166562e-04 -7.888318467356461540e-04 -9.030957582583731087e-04 -9.859994707733818562e-04 -1.032626447155392171e-03 -1.063053030609317383e-03 -1.122369088177485727e-03 -1.268559202942860266e-03 -1.549483838750295066e-03 -1.976159052038958981e-03 -2.504187858737372610e-03 -3.036590373912255360e-03 -3.457658553333255690e-03 -3.696911017437875136e-03 -3.808291282931148235e-03 -4.033848974903774497e-03 -4.810897069524147467e-03 -6.683994220009578657e-03 -1.010119784423088932e-02 -1.511739334789561490e-02 -2.108994043036279201e-02 -2.653412550953208535e-02 -2.941444080203049413e-02 -2.825759950334622364e-02 -2.467063670213049190e-02 -2.800891896500964581e-02 -6.400498614119036478e-02 -1.869951034020548575e-01 -5.164340143479873024e-01 -1.218493477108550049e+00 -2.959203217179688483e+00 -5.088554796967653893e+00 -1.740629637504734717e+01 1.507986860520796002e+00 -2.136916553382191353e+02 7.240215531398307576e+02 -5.406089576320382548e+03 2.325116831259292667e+04 -5.276725388166587436e+03 7.056280115444471903e+02 -1.972280228342720250e+02 4.171818497372785650e+00 -1.430136970549848030e+01 -3.681463788702261652e+00 -2.139571509611474465e+00 -8.241207315746651441e-01 -3.359602367594688443e-01 -1.154574149481147338e-01 -3.795190479547189133e-02 -1.603934459023185696e-02 -1.356026226753195320e-02 -1.473705571203694394e-02 -1.455498463639624991e-02 -1.247774416635495480e-02 -9.442998566711421904e-03 -6.462650712646194999e-03 -4.141428747056696835e-03 -2.643626745456052838e-03 -1.840283546952687635e-03 -1.482661703526894645e-03 -1.331825081025500134e-03 -1.224868010375066091e-03 -1.086828356747711203e-03 -9.097634488233034573e-04 -7.201968940772177389e-04 -5.504170707732359983e-04 -4.212058525456196753e-04 -3.366575504321677533e-04 -2.877183977577557270e-04 -2.595054613595919584e-04 -2.382381798650290850e-04 -2.153799626547332974e-04 -1.884526484014272538e-04 -1.594602551374110571e-04 -1.320352559775339477e-04 -1.103354547792873285e-04 -9.099485026115156896e-05 -1.024593845162635183e-04
-4.966807578638204548e-05 -1.402588389620857622e-06 -9.928449824264403868e-06 -1.190009052401912911e-05 -1.629973476345057069e-05 -2.504409034466111364e-05 -4.048604908869925635e-05 -6.297773762376257013e-05 -9.040515818217123177e-05 -1.185218703121901259e-04 -1.423374020725646713e-04 -1.580725228760688724e-04 -1.649355177494044717e-04 -1.659197673206486655e-04 -1.671283924759151603e-04 -1.756907230735100503e-04 -1.969345899686218433e-04 -2.319263257687766480e-04 -2.764927687898204684e-04 -3.224074259263143782e-04 -3.605989821466133380e-04 -3.853197652138995845e-04 -3.976184209164431121e-04 -4.063948886271246557e-04 -4.260802476397712243e-04 -4.712531400501819914e-04 -5.499663648229400183e-04 -6.586056808082495521e-04 -7.810586414670291815e-04 -8.938511990621167023e-04 -9.765305183913129249e-04 -1.024007411687737892e-03 -1.055617247419248297e-03 -1.115366486001999509e-03 -1.260226613729471899e-03 -1.537582838056752478e-03 -1.958846016758696625e-03 -2.480903987784779767e-03 -3.008565697085311286e-03 -3.427668776748375289e-03 -3.668146061016586482e-03 -3.782533267421875692e-03 -4.009540053312932867e-03 -4.781954155680487317e-03 -6.640246091697330974e-03 -1.003100335476065502e-02 -1.501227060677453283e-02 -2.095007648830541497e-02 -2.637239001791055401e-02 -2.925609925509105314e-02 -2.813077561897762632e-02 -2.458437819340060851e-02 -2.792006845439893095e-02 -6.376008121925576255e-02 -1.862579987738708087e-01 -5.145775341977985029e-01 -1.214551424353303988e+00 -2.951332737028779629e+00 -5.075560207070069829e+00 -1.737890373030100122e+01 1.530410101543075108e+00 -2.135560888961961439e+02 7.238674406657173677e+02 -5.405070313597622771e+03 2.325112057114955314e+04 -5.277711210603220934e+03 7.057602171220926266e+02 -1.973478399960752370e+02 4.153026609587541884e+00 -1.432239209487848974e+01 -3.690540882961295122e+00 -2.144656141073210343e+00 -8.264660420941908336e-01 -3.370006818756051681e-01 -1.158663787438847098e-01 -3.810970394670740863e-02 -1.612058732328750660e-02 -1.363253303591489309e-02 -1.481490484166404255e-02 -1.463283518409505025e-02 -1.254669538006000090e-02 -9.497683963902566959e-03 -6.502415629285892597e-03 -4.168928687838135104e-03 -2.662800380527186907e-03 -1.854747452642083877e-03 -1.494882054998626641e-03 -1.342998618874288600e-03 -1.235246762893911412e-03 -1.096194035757543182e-03 -9.178347521019606476e-04 -7.268636012517918537e-04 -5.557950492161801634e-04 -4.255695307660417310e-04 -3.403253592071364664e-04 -2.909542102758061596e-04 -2.624688361669127502e-04 -2.409885578012184947e-04 -2.179076053262737650e-04 -1.907719720852760507e-04 -1.614202795091973183e-04 -1.347075687687538791e-04 -1.086313407717928747e-04 -1.168719633055548171e-04
-5.578015867790590251e-05 -3.341736915620469815e-05 -5.451129183234922087e-05 -6.034163405806197884e-05 -5.852524029682648355e-05 -5.287798215815916591e-05 -4.948104014253475262e-05 -5.346052860637324572e-05 -6.723841727481747789e-05 -8.958381826906134076e-05 -1.160641590157671934e-04 -1.407590320715373868e-04 -1.586423537219717333e-04 -1.677439866334990044e-04 -1.702095022175899395e-04 -1.717381617475575420e-04 -1.794820805382252727e-04 -1.991128494853737409e-04 -2.322101440855644985e-04 -2.751236550519918717e-04 -3.200175232481107697e-04 -3.579779398996275203e-04 -3.831419163858847468e-04 -3.962040527456593382e-04 -4.055802772322913800e-04 -4.252480007534637299e-04 -4.695299151628887181e-04 -5.465366618233976530e-04 -6.530368632968349112e-04 -7.735102549682085866e-04 -8.850623272992545840e-04 -9.675508680097011892e-04 -1.015737258274072548e-03 -1.048315990795227514e-03 -1.108339822498759057e-03 -1.251870520777917080e-03 -1.525851922529881857e-03 -1.942039527515284063e-03 -2.458490869686621137e-03 -2.981669836316537450e-03 -3.398865010019409393e-03 -3.640416991673975193e-03 -3.757557218512184820e-03 -3.985850171159359238e-03 -4.753785729126973163e-03 -6.597911451293104156e-03 -9.963377854316836715e-03 -1.491112692261643488e-02 -2.081564844820203014e-02 -2.621675554941125044e-02 -2.910199533019723270e-02 -2.800675055219150125e-02 -2.450123112357519006e-02 -2.783420780196219774e-02 -6.352326405983779734e-02 -1.855469835296570391e-01 -5.127865389790732253e-01 -1.210746193497705514e+00 -2.943729590031655796e+00 -5.062997754737844858e+00 -1.735240132635319554e+01 1.552124287466064789e+00 -2.134247820818572734e+02 7.237182247378168540e+02 -5.404082412536978154e+03 2.325107499887379527e+04 -5.278667191236901999e+03 7.058885246593617921e+02 -1.974641123326504726e+02 4.134780304744347212e+00 -1.434281395717288099e+01 -3.699364618384370473e+00 -2.149601289604252230e+00 -8.287482593133693731e-01 -3.380135511563364670e-01 -1.162645932846250313e-01 -3.826331728909785485e-02 -1.619963811412727939e-02 -1.370289202484071232e-02 -1.489076807908516070e-02 -1.470875984182621644e-02 -1.261398174969431511e-02 -9.551074378535143877e-03 -6.541253166833788449e-03 -4.195794569912291057e-03 -2.681535906612649185e-03 -1.868884384068235024e-03 -1.506830617591245090e-03 -1.353928804222802621e-03 -1.245404394414551886e-03 -1.105364279095735628e-03 -9.257407829331515620e-04 -7.333961540659194017e-04 -5.610666904342796659e-04 -4.298487901471060376e-04 -3.439247089721095990e-04 -2.941333406926562402e-04 -2.653881045941870178e-04 -2.437044214330934429e-04 -2.204617471484136696e-04 -1.929794018576187656e-04 -1.644690281661913170e-04 -1.327617280280472562e-04 -1.381019621090499925e-04
-4.204686368418697121e-05 -5.222098489703527047e-05 -7.934959174758915022e-05 -8.999137227472462351e-05 -8.779043538741481269e-05 -7.656359788639388229e-05 -6.303406144215636887e-05 -5.422966598249071143e-05 -5.538834320435725311e-05 -6.833219658447461941e-05 -9.096282692323251267e-05 -1.180742725339622030e-04 -1.432699939684302002e-04 -1.613625830483322616e-04 -1.704226458385816863e-04 -1.726877105339900791e-04 -1.738951832455274229e-04 -1.811627231889136318e-04 -2.001110872933811236e-04 -2.323329881663747606e-04 -2.743014038901852008e-04 -3.183900996938772779e-04 -3.558911502866447807e-04 -3.810303081733342661e-04 -3.943960996720676741e-04 -4.041108414449500180e-04 -4.237735000336937687e-04 -4.674074352212390722e-04 -5.430589281927507587e-04 -6.477381817616462319e-04 -7.664114357381744290e-04 -8.767259000638833073e-04 -9.588835268322013460e-04 -1.007580307715165956e-03 -1.040970059363017326e-03 -1.101232697540235807e-03 -1.243555618909746724e-03 -1.514420281680390213e-03 -1.925856066480462290e-03 -2.436991946551856757e-03 -2.955853952145319225e-03 -3.371130560188125447e-03 -3.613589736170911074e-03 -3.733261695656550465e-03 -3.962730756949112143e-03 -4.726395253844313180e-03 -6.556953191214338547e-03 -9.898346966068052519e-03 -1.481391546846705376e-02 -2.068486852134955936e-02 -2.606550865987385460e-02 -2.895415551424294909e-02 -2.788740515824218377e-02 -2.442023646579282239e-02 -2.775061919945584488e-02 -6.329417587125492350e-02 -1.848606269122083090e-01 -5.110576075450745659e-01 -1.207070774976037875e+00 -2.936380392348929114e+00 -5.050846265629476584e+00 -1.732674651119849685e+01 1.573162427668874708e+00 -2.132975373560396690e+02 7.235736755353958642e+02 -5.403124447776226589e+03 2.325103146632555945e+04 -5.279594664695797292e+03 7.060131041673074606e+02 -1.975769947803935622e+02 4.117056222344872118e+00 -1.436266062953093936e+01 -3.707945434777377258e+00 -2.154412604201176862e+00 -8.309698872990164409e-01 -3.389999214942539529e-01 -1.166524734379933009e-01 -3.841290647953438109e-02 -1.627658201160923912e-02 -1.377141191391142473e-02 -1.496471855480553843e-02 -1.478282752469762228e-02 -1.267966138083042975e-02 -9.603213998917206964e-03 -6.579194308505485929e-03 -4.222047149664458383e-03 -2.699847375874280062e-03 -1.882704606367871947e-03 -1.518515728625305719e-03 -1.364622918958397890e-03 -1.255347351498045270e-03 -1.114344641829696564e-03 -9.334861607529288448e-04 -7.397983723510744057e-04 -5.662353944124009619e-04 -4.340473722069349374e-04 -3.474605488234415104e-04 -2.972657094836105409e-04 -2.682723557394182381e-04 -2.464566445407375544e-04 -2.228896476569246861e-04 -1.964739525728662495e-04 -1.621048869541438569e-04 -1.674999861426345281e-04
-1.817320321924808054e-05 -5.100714273770261324e-05 -7.578270649779581339e-05 -8.962524904473761491e-05 -9.183456955537236302e-05 -8.458153620653541304e-05 -7.232687161818559813e-05 -6.074484938005173239e-05 -5.523458531685731951e-05 -5.940686873839713759e-05 -7.399894054932180834e-05 -9.660628106599891500e-05 -1.224172201005124046e-04 -1.458200264612975999e-04 -1.624137394085293368e-04 -1.707443206604330923e-04 -1.730803232299583049e-04 -1.748136366928153404e-04 -1.825516792231837270e-04 -2.014921450444863242e-04 -2.330758790503365506e-04 -2.739424399220008466e-04 -3.168524391814582985e-04 -3.535127628720383802e-04 -3.783929832724176618e-04 -3.920347537130837879e-04 -4.022350102211294173e-04 -4.221284482784302397e-04 -4.653452065735211307e-04 -5.398004330676327549e-04 -6.427208711529563577e-04 -7.595712332616396138e-04 -8.685741257225739484e-04 -9.503150832052684920e-04 -9.994595841800975929e-04 -1.033647247538798438e-03 -1.094202242566952483e-03 -1.235443227473443858e-03 -1.503378744413208902e-03 -1.910280935220979529e-03 -2.416300062589580352e-03 -2.930967076848069175e-03 -3.344330988423422930e-03 -3.587587514588246734e-03 -3.709653632796559766e-03 -3.940199189575636571e-03 -4.699930052799036577e-03 -6.517492419980861450e-03 -9.834205795743278938e-03 -1.471896132965698663e-02 -2.055989598724817374e-02 -2.592051765145921005e-02 -2.881137010677294399e-02 -2.777187914730447349e-02 -2.434135956043818882e-02 -2.766915068266277353e-02 -6.307242529367269868e-02 -1.841976488646323851e-01 -5.093875598414869810e-01 -1.203518638116504835e+00 -2.929272642244016289e+00 -5.039085927577517054e+00 -1.730189931338381015e+01 1.593555518605395349e+00 -2.131741692020784456e+02 7.234335774036195517e+02 -5.402195079031374917e+03 2.325098985357773563e+04 -5.280494887202152313e+03 7.061341159049143243e+02 -1.976866333809842615e+02 4.099832313264968775e+00 -1.438195604548906203e+01 -3.716293207503600815e+00 -2.159095433717903134e+00 -8.331332998961641367e-01 -3.399608148009230502e-01 -1.170304132595452462e-01 -3.855862516534040718e-02 -1.635149990056151276e-02 -1.383816190260465581e-02 -1.503682599249795727e-02 -1.485510402488376784e-02 -1.274378982024668323e-02 -9.654145128480992599e-03 -6.616268765298350535e-03 -4.247706370070129453e-03 -2.717748317552647671e-03 -1.896218017653140747e-03 -1.529945430881441424e-03 -1.375087988611109089e-03 -1.265081869920124582e-03 -1.123140561132198335e-03 -9.410755844664899471e-04 -7.460745349818177427e-04 -5.713058438831928503e-04 -4.381714013499155990e-04 -3.509450726022858048e-04 -3.003628104670415504e-04 -2.712081497643051200e-04 -2.490641216617499147e-04 -2.268814091484142167e-04 -1.934448247146418744e-04 -2.040911658506314543e-04
4.141540993031264001e-06 -3.265421501288041418e-05 -4.863460950242779921e-05 -6.264152233179591078e-05 -7.119983338062340196e-05 -7.409842770041557842e-05 -7.200137547490883204e-05 -6.702462661075368235e-05 -6.240640352762650027e-05 -6.173227728371211587e-05 -6.781619266761058733e-05 -8.163732367736929491e-05 -1.017783018446002859e-04 -1.246950135139678832e-04 -1.458613442644443765e-04 -1.614643138245268556e-04 -1.700456179851896218e-04 -1.733973172548304998e-04 -1.762228512305919219e-04 -1.845211755906910121e-04 -2.031815679415851237e-04 -2.337172162522207868e-04 -2.731502046347169936e-04 -3.147519602145901273e-04 -3.506507149893962330e-04 -3.754775597773846391e-04 -3.896142318982344886e-04 -4.004451115069697603e-04 -4.206109486748204219e-04 -4.633750859706588969e-04 -5.365773947306479033e-04 -6.377118815633949899e-04 -7.527625198871036637e-04 -8.605135023975583755e-04 -9.419002452178956491e-04 -9.915282955380608047e-04 -1.026517931485084606e-03 -1.087361760663558413e-03 -1.227550607713636353e-03 -1.492653588010888497e-03 -1.895188038067754585e-03 -2.396288801462159550e-03 -2.906921077343700699e-03 -3.318450123266401559e-03 -3.562406277675312163e-03 -3.686891833000950636e-03 -3.918434851774968419e-03 -4.672701799111895170e-03 -6.477921132527954956e-03 -9.773400550624771269e-03 -1.462835579564195077e-02 -2.043947504280460917e-02 -2.578077151528494065e-02 -2.867342152833960919e-02 -2.765991775604076039e-02 -2.426450712894079320e-02 -2.758971371801861514e-02 -6.285765446436046566e-02 -1.835568656621210937e-01 -5.077734341084866321e-01 -1.200083686041734543e+00 -2.922394646641252258e+00 -5.027698181498764463e+00 -1.727782223403188766e+01 1.613332695083248058e+00 -2.130545032249786175e+02 7.232977277784682428e+02 -5.401293044842504969e+03 2.325095004938739294e+04 -5.281369042245945820e+03 7.062517110691555899e+02 -1.977931659102103765e+02 4.083087749308800696e+00 -1.440072283066074732e+01 -3.724417284997578736e+00 -2.163654846455368652e+00 -8.352407490261136713e-01 -3.408972014287929841e-01 -1.173987872492665702e-01 -3.870061944803746684e-02 -1.642446873153716874e-02 -1.390320789753312324e-02 -1.510715688996216478e-02 -1.492565217494505082e-02 -1.280642018691533456e-02 -9.703908279009481122e-03 -6.652505034274345044e-03 -4.272791390649409264e-03 -2.735251746713817690e-03 -1.909434144040910060e-03 -1.541127464793241213e-03 -1.385330792559140000e-03 -1.274614043059456043e-03 -1.131757562458876078e-03 -9.485142970897527748e-04 -7.522304601262309529e-04 -5.762855790596828559e-04 -4.422357080952367121e-04 -3.543921591509649536e-04 -3.035296898327009721e-04 -2.739749978282658314e-04 -2.535812375802656382e-04 -2.229404115824021966e-04 -2.443967048370784823e-04
1.642827804183957501e-05 -7.151920609729985474e-06 -1.224926860475507885e-05 -2.353421956021742800e-05 -3.715594139934344753e-05 -5.090145808825711858e-05 -6.192153032404281018e-05 -6.839717131645378287e-05 -7.035733245022420066e-05 -6.985290241336252262e-05 -7.027971243980568649e-05 -7.508129613996652075e-05 -8.632488004865053954e-05 -1.037358679666899175e-04 -1.246393495566422145e-04 -1.449248492575415121e-04 -1.607272570125554652e-04 -1.701886609497116462e-04 -1.745494755754740197e-04 -1.780124617992122761e-04 -1.862803157838942715e-04 -2.042197814773143692e-04 -2.335711272842266330e-04 -2.717324136450813016e-04 -3.123576096082631521e-04 -3.478253691976639344e-04 -3.727943058068406475e-04 -3.874377687359288332e-04 -3.987687370830571070e-04 -4.190309376567756061e-04 -4.612220927575321340e-04 -5.331671136726516677e-04 -6.326257706285002983e-04 -7.460465647293055202e-04 -8.526982809852961609e-04 -9.338047580407449677e-04 -9.838936935544148610e-04 -1.019598600325562297e-03 -1.080647633734244453e-03 -1.219773711975236530e-03 -1.482147484228914626e-03 -1.880515611681196500e-03 -2.376956436543706946e-03 -2.883706202871702713e-03 -3.293634829676716363e-03 -3.538215092723643370e-03 -3.663197757551746141e-03 -3.895790467131773471e-03 -4.647394731346144239e-03 -6.440589461595456339e-03 -9.714759669767411565e-03 -1.454114557077721033e-02 -2.032339749425663908e-02 -2.564590782257749821e-02 -2.854004541561267969e-02 -2.755134093750876562e-02 -2.418959898158841090e-02 -2.751223411160681059e-02 -6.264953355511086730e-02 -1.829371758907006873e-01 -5.062124663432513438e-01 -1.196760218754506111e+00 -2.915735455906631302e+00 -5.016665623359423343e+00 -1.725448005834622123e+01 1.632521367858915884e+00 -2.129383753304823585e+02 7.231659362079261655e+02 -5.400417156862987213e+03 2.325091195045446875e+04 -5.282218245773276976e+03 7.063660324269826560e+02 -1.978967224543294492e+02 4.066802840092269555e+00 -1.441898239073928423e+01 -3.732326523344004610e+00 -2.168095648250865093e+00 -8.372943723672400251e-01 -3.418100033481425437e-01 -1.177579515231763907e-01 -3.883902831969447689e-02 -1.649556173982336116e-02 -1.396661269240198275e-02 -1.517577469353086073e-02 -1.499453200534349266e-02 -1.286760329749797593e-02 -9.752542257290722910e-03 -6.687930447727868585e-03 -4.297320605595616495e-03 -2.752370161600903309e-03 -1.922362132167665209e-03 -1.552069283727077744e-03 -1.395357950317077048e-03 -1.283950069035320928e-03 -1.140201795551724949e-03 -9.558093028450123695e-04 -7.582751817567350830e-04 -5.811921136014378420e-04 -4.462560644956764500e-04 -3.579260021472072183e-04 -3.064971042734139354e-04 -2.790325153381757999e-04 -2.485747982969885132e-04 -2.837140313631612148e-04
1.641379359608511446e-05 1.369663040586461941e-05 1.696981468262127011e-05 9.890726849277284180e-06 -5.316516001832883860e-06 -2.562573475224652554e-05 -4.640064983892730775e-05 -6.324068370871153792e-05 -7.344424492490590143e-05 -7.691568511516522037e-05 -7.613811207929701023e-05 -7.521482164417556408e-05 -7.830463447267760389e-05 -8.801795623117638875e-05 -1.043803534491808121e-04 -1.247918361703256526e-04 -1.450564846654321791e-04 -1.611365644766042497e-04 -1.709726477806218698e-04 -1.756147577100303963e-04 -1.791158982979037899e-04 -1.870960310226706374e-04 -2.044288602464253515e-04 -2.329592456231157900e-04 -2.702680238972567811e-04 -3.102177520819653913e-04 -3.453463212702002319e-04 -3.703504350950956162e-04 -3.852837777926861507e-04 -3.969056869933601170e-04 -4.171582895624654152e-04 -4.588127371432995909e-04 -5.296547192980269108e-04 -6.276405956305607711e-04 -7.396023292867440419e-04 -8.452339053408761908e-04 -9.260315838488762663e-04 -9.764761220638952261e-04 -1.012777407785959375e-03 -1.073970385837504571e-03 -1.212074538639926332e-03 -1.471892297499501848e-03 -1.866282389746857975e-03 -2.358472468897280291e-03 -2.861496172075974828e-03 -3.267988857139481670e-03 -3.513259317394138229e-03 -3.641409770120928799e-03 -3.874788875059579155e-03 -4.622864305542146238e-03 -6.404624760698744701e-03 -9.658206797552073772e-03 -1.445705454383139181e-02 -2.021140599604141080e-02 -2.551565162452057445e-02 -2.841100467552654454e-02 -2.744599080406349978e-02 -2.411656414723548428e-02 -2.743664462775572202e-02 -6.244775586054534394e-02 -1.823375518158742437e-01 -5.047020730729875337e-01 -1.193542900705303333e+00 -2.909284805273371521e+00 -5.005971915472621880e+00 -1.723183968425488288e+01 1.651147349134912234e+00 -2.128256309759138674e+02 7.230380234601122993e+02 -5.399566294640104388e+03 2.325087546075009959e+04 -5.283043550935532949e+03 7.064772148952228008e+02 -1.979974259388300766e+02 4.050958956607908945e+00 -1.443675499249934369e+01 -3.740029318184916463e+00 -2.172422399194239073e+00 -8.392962004688639954e-01 -3.427000970964705906e-01 -1.181082449061944678e-01 -3.897398407377643953e-02 -1.656484865486746241e-02 -1.402843614120908092e-02 -1.524273996522769806e-02 -1.506180089338901053e-02 -1.292738778126241786e-02 -9.800084238799923117e-03 -6.722571208174463880e-03 -4.321311651265839424e-03 -2.769115543925220347e-03 -1.935010775974751280e-03 -1.562778161479573980e-03 -1.405176204682562083e-03 -1.293096834588413659e-03 -1.148481329633821565e-03 -9.629710163518008471e-04 -7.642286370349464291e-04 -5.860423852803332964e-04 -4.503742579765197254e-04 -3.612243025773094495e-04 -3.121254407539606293e-04 -2.729713436504460980e-04 -3.188904821657143149e-04
7.273991410914399291e-06 2.166679660451933346e-05 2.788311724470419713e-05 2.464006121920723575e-05 1.172083684535729735e-05 -8.428710484682078147e-06 -3.162432222978376364e-05 -5.314892368677097114e-05 -6.915046531374411970e-05 -7.778612805872974812e-05 -7.975232514787099409e-05 -7.800622615744580977e-05 -7.673484105303642056e-05 -7.988321334898310035e-05 -8.973482591054975435e-05 -1.060576522059542194e-04 -1.261698587942433787e-04 -1.459698930345664598e-04 -1.616051728319844777e-04 -1.711743151445873311e-04 -1.757685734707849668e-04 -1.793445618132561640e-04 -1.873412574898326453e-04 -2.044641931549450408e-04 -2.324949719322032043e-04 -2.690974390797614703e-04 -3.083321418441507117e-04 -3.429581006056200585e-04 -3.678051493564095300e-04 -3.828932603940760743e-04 -3.947757128820551862e-04 -4.150933318463859330e-04 -4.563533823480492714e-04 -5.262478109148037084e-04 -6.228795683064722050e-04 -7.334342283274698174e-04 -8.380277367961812274e-04 -9.184493570432286430e-04 -9.691706179551564391e-04 -1.006013595266890080e-03 -1.067376670321582618e-03 -1.204497930735486414e-03 -1.462097757648727703e-03 -1.852698104779564210e-03 -2.338847444199319055e-03 -2.838436758475580256e-03 -3.244494904254549821e-03 -3.490184978705003667e-03 -3.620320942570491932e-03 -3.854548752724026514e-03 -4.599115931640807009e-03 -6.369859411713646100e-03 -9.603603725790757842e-03 -1.437589217944227303e-02 -2.010327191206000633e-02 -2.538975905913822689e-02 -2.828608406986121704e-02 -2.734372315515741850e-02 -2.404533740519563048e-02 -2.736288255436513175e-02 -6.225203474522542080e-02 -1.817570325932321429e-01 -5.032398363511775274e-01 -1.190426731781710323e+00 -2.903033061908400825e+00 -4.995601705971596473e+00 -1.720986996633511978e+01 1.669234967204549225e+00 -2.127161244854269171e+02 7.229138207088162744e+02 -5.398739400833555010e+03 2.325084049090891858e+04 -5.283845952445249168e+03 7.065853860732444218e+02 -1.980953926142396142e+02 4.035538460840611741e+00 -1.445405983844312203e+01 -3.747533634183123574e+00 -2.176639429089758604e+00 -8.412481633449958585e-01 -3.435683165195287936e-01 -1.184499899526306743e-01 -3.910561269298128834e-02 -1.663239590064758203e-02 -1.408873532362220175e-02 -1.530811053977671095e-02 -1.512751369924981819e-02 -1.298582018027516667e-02 -9.846569827666693323e-03 -6.756452416660475684e-03 -4.344781424533038748e-03 -2.785499404515434912e-03 -1.947388647224994503e-03 -1.573261504761829400e-03 -1.414793036121772801e-03 -1.302063259164266875e-03 -1.156607747064040221e-03 -9.700214735261916211e-04 -7.701085056580595119e-04 -5.909935187702774389e-04 -4.542172209122587330e-04 -3.675115041876791814e-04 -3.051762518294943711e-04 -3.518177650025278332e-04
-4.902141829424139094e-06 1.522094590091799344e-05 1.869441800942592597e-05 1.749039643830269428e-05 9.419996066810127234e-06 -4.625788977631604483e-06 -2.265336888083648866e-05 -4.171448827931214571e-05 -5.865349260830897090e-05 -7.096311187770557732e-05 -7.756112694218487069e-05 -7.920434128799339968e-05 -7.834178696147551895e-05 -7.837671330892753241e-05 -8.252320767031706868e-05 -9.263318049913952569e-05 -1.084362971930287212e-04 -1.275397364925247084e-04 -1.462822624447141743e-04 -1.611985676050331896e-04 -1.705691212809134257e-04 -1.754122232684313652e-04 -1.794168667756564084e-04 -1.876938484322404589e-04 -2.047078925190192660e-04 -2.321877652388297866e-04 -2.679476357326479358e-04 -3.063285047271957734e-04 -3.403713886018751907e-04 -3.650602504122842291e-04 -3.803654346033062726e-04 -3.925986778837215656e-04 -4.130650108782224256e-04 -4.539882303058390199e-04 -5.229646609821109529e-04 -6.182533407049559246e-04 -7.274041675993616523e-04 -8.309621553564338573e-04 -9.110045956673666493e-04 -9.620183386175312898e-04 -9.993545149930658112e-04 -1.061099912866027587e-03 -1.197287803497682672e-03 -1.450689409699912466e-03 -1.837830825182527059e-03 -2.321247094079520457e-03 -2.817318089110876309e-03 -3.221861539463829853e-03 -3.468046302855150916e-03 -3.599939869987654317e-03 -3.834930461213518615e-03 -4.576083472973979313e-03 -6.336207151064490728e-03 -9.550833309977406482e-03 -1.429749449735283687e-02 -1.999878945137653630e-02 -2.526800758852933149e-02 -2.816508538940952835e-02 -2.724440430389789281e-02 -2.397585761047183600e-02 -2.729088855543422565e-02 -6.206210148353404066e-02 -1.811947185201711330e-01 -5.018234904279901265e-01 -1.187407021165137078e+00 -2.896971176908432977e+00 -4.985540555531903451e+00 -1.718854157341103672e+01 1.686807171341555112e+00 -2.126097184233953215e+02 7.227931687886671170e+02 -5.397935476833793473e+03 2.325080695768563965e+04 -5.284626390573171193e+03 7.066906667326428533e+02 -1.981907325028724927e+02 4.020524640887261469e+00 -1.447091513567136722e+01 -3.754847032265125950e+00 -2.180750851770351773e+00 -8.431520965931480482e-01 -3.444154553218376491e-01 -1.187834939008838436e-01 -3.923403421549773867e-02 -1.669826678608822210e-02 -1.414756470036862557e-02 -1.537194166918174308e-02 -1.519172288861965307e-02 -1.304294503907470031e-02 -9.892033115286516173e-03 -6.789598118612525171e-03 -4.367746152939575542e-03 -2.801532937529758495e-03 -1.959504436869975025e-03 -1.583527510567312325e-03 -1.424218112303752117e-03 -1.310862010606823891e-03 -1.164605259427669215e-03 -9.769796804450087135e-04 -7.760874412030394466e-04 -5.956281470354792343e-04 -4.613517421469451709e-04 -3.598690665480358737e-04 -3.920530415946260811e-04
-1.435218511697282602e-05 -6.841269968414629984e-07 -3.516122614454289361e-06 -4.918743060236398366e-06 -7.808790096499327785e-06 -1.303509174065210783e-05 -2.136555045614370581e-05 -3.266388653278194079e-05 -4.575318339657253968e-05 -5.866097837054869748e-05 -6.927488356910300234e-05 -7.617465118176381788e-05 -7.930324967545593817e-05 -8.016433517231293224e-05 -8.139754655999342434e-05 -8.582930271100477578e-05 -9.533825419736401889e-05 -1.099952955768013766e-04 -1.278812760074046122e-04 -1.457488678056985995e-04 -1.603480659712569034e-04 -1.699273338110133104e-04 -1.752705260282898768e-04 -1.797411510937640727e-04 -1.881659856599654697e-04 -2.048731233962442064e-04 -2.316457984917701227e-04 -2.665132263393845324e-04 -3.041007619339541543e-04 -3.376857553847823433e-04 -3.623413623782985034e-04 -3.779370233323184011e-04 -3.905262176676562867e-04 -4.110977626433122965e-04 -4.516327680675525811e-04 -5.196706327225639752e-04 -6.136459938234686265e-04 -7.214577975123291805e-04 -8.240761122598798611e-04 -9.037386945504664697e-04 -9.552588935096744055e-04 -9.930575596281698576e-04 -1.052957407907311859e-03 -1.188425642811614599e-03 -1.441041025187612522e-03 -1.824649347276452189e-03 -2.304316343814513147e-03 -2.797137878064388881e-03 -3.200084393887298387e-03 -3.446682771963837429e-03 -3.580199856729335099e-03 -3.815877643341178144e-03 -4.553717226890375940e-03 -6.303601540712773857e-03 -9.499794032438547281e-03 -1.422171422596947739e-02 -1.989777047197163057e-02 -2.515019193126692004e-02 -2.804782465398462932e-02 -2.714790933005406526e-02 -2.390806681037948439e-02 -2.722060603983906396e-02 -6.187770357233698254e-02 -1.806497660150535034e-01 -5.004509097899932923e-01 -1.184479363666113505e+00 -2.891090641655474691e+00 -4.975774870569849462e+00 -1.716782685842413514e+01 1.703885627956567950e+00 -2.125062830200722885e+02 7.226759175137306102e+02 -5.397153578741043930e+03 2.325077478345500640e+04 -5.285385754822195850e+03 7.067931712682262742e+02 -1.982835498102578811e+02 4.005901651111758000e+00 -1.448733815947296044e+01 -3.761976694824780143e+00 -2.184760578364517869e+00 -8.450097470767760077e-01 -3.452422694416993343e-01 -1.191090495668025995e-01 -3.935936308039061221e-02 -1.676252168535383169e-02 -1.420497625939456943e-02 -1.543428615803834475e-02 -1.525447864885449110e-02 -1.309880499582426194e-02 -9.936506756822408026e-03 -6.822031399391283168e-03 -4.390221573803959783e-03 -2.817227406180117591e-03 -1.971367719245292142e-03 -1.593586905543375445e-03 -1.433465558983706197e-03 -1.319520513848648985e-03 -1.172496356753669443e-03 -9.840403939937814384e-04 -7.817072157292639630e-04 -6.039226944241111051e-04 -4.529984110882077745e-04 -4.566401396746013310e-04
-1.795585192270690594e-05 -1.759860946519851348e-05 -2.699810822008694928e-05 -3.024948687904413568e-05 -2.970549490416547780e-05 -2.736960303106281359e-05 -2.608912701188967391e-05 -2.823371106067319074e-05 -3.485434364989284601e-05 -4.529697342875107249e-05 -5.748207947003674856e-05 -6.874581887814186964e-05 -7.693112800884618441e-05 -8.130171166545760257e-05 -8.290429850078590186e-05 -8.420616367903373256e-05 -8.811599930821573177e-05 -9.675922394093868211e-05 -1.105067645752381793e-04 -1.276936772491853742e-04 -1.452152507072696126e-04 -1.598286495034617984e-04 -1.696698422775774415e-04 -1.753369795509735678e-04 -1.799979462961165172e-04 -1.883374498589201714e-04 -2.046417391334224168e-04 -2.307674771902065063e-04 -2.649091192487350397e-04 -3.018910601360445139e-04 -3.351477460140826433e-04 -3.598003564967590514e-04 -3.756255766249253620e-04 -3.884654949189843233e-04 -4.090527942241702899e-04 -4.491739437122547487e-04 -5.163198754292157733e-04 -6.091077177552581224e-04 -7.156415716976636436e-04 -8.176191846714759258e-04 -8.969156992729523416e-04 -9.465767346080479743e-04 -9.849913094639513745e-04 -1.046529072706536573e-03 -1.181066634913175567e-03 -1.431740767051491690e-03 -1.812114087235525963e-03 -2.288061247442232590e-03 -2.777724575134859087e-03 -3.179081289967910628e-03 -3.426023304978839321e-03 -3.561051641202746254e-03 -3.797352450180204678e-03 -4.531978671980530990e-03 -6.271986276893889121e-03 -9.450395214826896179e-03 -1.414841693427449851e-02 -1.980004144979231884e-02 -2.503612158784002117e-02 -2.793413026212662742e-02 -2.705412093654685490e-02 -2.384190972580297121e-02 -2.715198077931419568e-02 -6.169860333636201927e-02 -1.801213831621552297e-01 -4.991200983698403371e-01 -1.181639618243275347e+00 -2.885383448062985856e+00 -4.966291842240975640e+00 -1.714769973936091674e+01 1.720490808787305204e+00 -2.124056956447527114e+02 7.225619250530694444e+02 -5.396392813669524912e+03 2.325074389576686372e+04 -5.286124887307968493e+03 7.068930081137227717e+02 -1.983739433043729434e+02 3.991654456847240962e+00 -1.450334531211554889e+01 -3.768929449075959504e+00 -2.188672329602477262e+00 -8.468227782081289012e-01 -3.460494792658670993e-01 -1.194269361812965863e-01 -3.948170845528401612e-02 -1.682521821138750762e-02 -1.426101965679993193e-02 -1.549519449351654567e-02 -1.531582900236156709e-02 -1.315344088130230606e-02 -9.980022086374161147e-03 -6.853774592735759758e-03 -4.412223402814437027e-03 -2.832595135335488727e-03 -1.982991291009706270e-03 -1.603456399657479268e-03 -1.442568414367125440e-03 -1.328068518215665215e-03 -1.180513841767918612e-03 -9.906942853654637608e-04 -7.915847256566282270e-04 -5.943505193543493484e-04 -5.656683762560014723e-04
-1.570140699397381217e-05 -2.771770639554430187e-05 -4.100096257380563653e-05 -4.653709481660290469e-05 -4.537722947707168602e-05 -3.966094234371123832e-05 -3.283704217235057011e-05 -2.843744711372657549e-05 -2.899053523987559248e-05 -3.525846424591613755e-05 -4.607893647056767193e-05 -5.886588589663419436e-05 -7.060161285511718345e-05 -7.897722399405465439e-05 -8.326935477843932490e-05 -8.462091993773963221e-05 -8.559990779537727244e-05 -8.917639736852213514e-05 -9.749569723918366689e-05 -1.109318907402619169e-04 -1.278334505615726373e-04 -1.451281803462125565e-04 -1.596099679453455487e-04 -1.694270344631676332e-04 -1.751423202886971328e-04 -1.798410591222402268e-04 -1.881062035628107366e-04 -2.041497300609519726e-04 -2.298240922425271479e-04 -2.634051956122865443e-04 -2.998601904686732690e-04 -3.327685455909730038e-04 -3.573285733736677908e-04 -3.732759949291686264e-04 -3.862946701893427951e-04 -4.068864165021043107e-04 -4.466748574567113057e-04 -5.129725464338557315e-04 -6.049108266531377136e-04 -7.102368354320469411e-04 -8.091368206948470554e-04 -8.882770307214865862e-04 -9.397567788842418586e-04 -9.784907678696947407e-04 -1.040327383827811944e-03 -1.174127523800432785e-03 -1.422815917587151677e-03 -1.800062614964293307e-03 -2.272405327970646212e-03 -2.759001771338821882e-03 -3.158789842067633892e-03 -3.406017621108912898e-03 -3.542457779152721666e-03 -3.779325498585856240e-03 -4.510835870030109086e-03 -6.241311745417712185e-03 -9.402554454026755895e-03 -1.407747881263933000e-02 -1.970544147007824431e-02 -2.492561907774886246e-02 -2.782384162498734159e-02 -2.696292861986923639e-02 -2.377733342150985252e-02 -2.708496066144466460e-02 -6.152457673651275799e-02 -1.796088257208549033e-01 -4.978291797715347911e-01 -1.178883888457851414e+00 -2.879842052295024768e+00 -4.957079390654009821e+00 -1.712813559013622466e+01 1.736642071945486254e+00 -2.123078403217024857e+02 7.224510573574380032e+02 -5.395652336346985066e+03 2.325071422693354180e+04 -5.286844585872345306e+03 7.069902801251945448e+02 -1.984620066655752737e+02 3.977768783284115983e+00 -1.451895217724609921e+01 -3.775711788695190307e+00 -2.192489647241004480e+00 -8.485927748648650626e-01 -3.468377716982003478e-01 -1.197374201801349736e-01 -3.960117455047046375e-02 -1.688641138247844523e-02 -1.431574234606156071e-02 -1.555471495772846671e-02 -1.537581990677564132e-02 -1.320689184153931404e-02 -1.002260936484616026e-02 -6.884849892533632248e-03 -4.433768713313288902e-03 -2.847652814236067888e-03 -1.994396428596031771e-03 -1.613178347145986704e-03 -1.451568295283364902e-03 -1.336802032950251034e-03 -1.188063286844355179e-03 -1.002627059824648783e-03 -7.796185069680440852e-04 -7.337381527721176027e-04
-9.875276893052626218e-06 -2.721837155039632467e-05 -4.027811582359179580e-05 -4.732129185325456599e-05 -4.810748440879022579e-05 -4.395765043442765137e-05 -3.737722563545456628e-05 -3.139155357449337192e-05 -2.871728906723676746e-05 -3.100346406757565536e-05 -3.837001389209997469e-05 -4.940697600124117173e-05 -6.166493425241437436e-05 -7.250431941548169019e-05 -8.003647605746167112e-05 -8.382769319522826476e-05 -8.509327595889005038e-05 -8.627285291624940395e-05 -9.010257691189753901e-05 -9.851086171407173828e-05 -1.117675223374370048e-04 -1.282619402769703907e-04 -1.450715441397664016e-04 -1.591666332122911682e-04 -1.688112795589100047e-04 -1.745701378037386661e-04 -1.794182031915973188e-04 -1.877707530461454057e-04 -2.036956891049770946e-04 -2.289952275585862987e-04 -2.620163467690648585e-04 -2.978898035235335922e-04 -3.303765026481141672e-04 -3.547889162324155453e-04 -3.708366775212164151e-04 -3.840802809779345181e-04 -4.046672259200170081e-04 -4.444328002555395451e-04 -5.099357174586468438e-04 -5.984626292306965360e-04 -7.028585540854111234e-04 -8.026364138249705111e-04 -8.813435022061809733e-04 -9.332161942709409725e-04 -9.724086496295811580e-04 -1.034388634123990314e-03 -1.167451952380394505e-03 -1.414205177761963545e-03 -1.788431864164400460e-03 -2.257292566076718639e-03 -2.740915519544255725e-03 -3.139161310476490125e-03 -3.386625462310906883e-03 -3.524387751310013254e-03 -3.761772414699765879e-03 -4.490261174869812806e-03 -6.211533257100709630e-03 -9.356196078795599169e-03 -1.400878517355724599e-02 -1.961382074513768475e-02 -2.481851857227616170e-02 -2.771680808655849204e-02 -2.687422802756067597e-02 -2.371428708376380895e-02 -2.701949552087430304e-02 -6.135541232923014121e-02 -1.791113935282328540e-01 -4.965763883897597042e-01 -1.176208504653565301e+00 -2.874459341607880525e+00 -4.948126113781601276e+00 -1.710911114048479220e+01 1.752357736447565095e+00 -2.122126072849495415e+02 7.223431876326266092e+02 -5.394931345982890889e+03 2.325068571366130709e+04 -5.287545606954957293e+03 7.070850849353370222e+02 -1.985478288098871644e+02 3.964231068160486871e+00 -1.453417357027809942e+01 -3.782329893914688768e+00 -2.196215904685562936e+00 -8.503212479743670338e-01 -3.476078020983015548e-01 -1.200407559480102387e-01 -3.971786090917957951e-02 -1.694615375863067416e-02 -1.436918966420955984e-02 -1.561289370037154990e-02 -1.543449537086055701e-02 -1.325919564168485942e-02 -1.006429860376284111e-02 -6.915281262502088327e-03 -4.454880485504983043e-03 -2.862428869716720278e-03 -2.005639082339423940e-03 -1.622810060263087627e-03 -1.460853917514223256e-03 -1.344980195153830339e-03 -1.202477672648221601e-03 -9.865048162054678230e-04 -9.599616889933946249e-04
-3.446302472533761633e-06 -1.743944242880634616e-05 -2.665749101349663199e-05 -3.374355358119715710e-05 -3.773915525327869042e-05 -3.865760009006747374e-05 -3.711790289983342157e-05 -3.440163534994719846e-05 -3.221516966517012643e-05 -3.225869468601989213e-05 -3.570371062295993125e-05 -4.276266480324720322e-05 -5.253851111427326433e-05 -6.326317266070700116e-05 -7.289069569810593691e-05 -7.986132676486520671e-05 -8.375151103994148908e-05 -8.553295787071066726e-05 -8.728907701341143306e-05 -9.144276792716316644e-05 -9.976516022819104405e-05 -1.125613843768355314e-04 -1.284067843389610113e-04 -1.446207742145650787e-04 -1.583662311274954871e-04 -1.679752554743576284e-04 -1.739372582251132334e-04 -1.790493624639535994e-04 -1.875266446819680267e-04 -2.033008380865547807e-04 -2.281595904071242542e-04 -2.605621956984388349e-04 -2.958329802778474982e-04 -3.279126573701968248e-04 -3.522467226947651581e-04 -3.683763012361658518e-04 -3.821371178024190280e-04 -4.027241185832852017e-04 -4.397072994642274059e-04 -5.046956924173707192e-04 -5.940188393128432694e-04 -6.972344450853852410e-04 -7.964353362737899150e-04 -8.748936933607341301e-04 -9.269880831627748527e-04 -9.665792907320969966e-04 -1.028655193549853509e-03 -1.160987608833510343e-03 -1.405867507593875449e-03 -1.777181335900037892e-03 -2.242680870767049545e-03 -2.723422840923737844e-03 -3.120155274014804660e-03 -3.367812805336375254e-03 -3.506815521214174183e-03 -3.744672138273351641e-03 -4.470229979635806546e-03 -6.182609987781998925e-03 -9.311250108823349719e-03 -1.394222934078482266e-02 -1.952503944637931296e-02 -2.471466478030974467e-02 -2.761288803327072855e-02 -2.678792043735397574e-02 -2.365272186175559899e-02 -2.695553701690797666e-02 -6.119091034301341742e-02 -1.786284272402166584e-01 -4.953600613218394622e-01 -1.173610007680270684e+00 -2.869228603997728833e+00 -4.939421240607406283e+00 -1.709060438399594517e+01 1.767655150871755065e+00 -2.121198925683379741e+02 7.222381958550417949e+02 -5.394229083380666452e+03 2.325065829671161191e+04 -5.288228668244298206e+03 7.071775152811145517e+02 -1.986314941879655578e+02 3.951028417943457161e+00 -1.454902358511094640e+01 -3.788789650186270563e+00 -2.199854316877706939e+00 -8.520096387935105486e-01 -3.483601960890720384e-01 -1.203371864936350066e-01 -3.983186263343264921e-02 -1.700449550356485789e-02 -1.442140485778479857e-02 -1.566977484041856897e-02 -1.549189783536015358e-02 -1.331038975478655850e-02 -1.010512206558192294e-02 -6.945100274302831375e-03 -4.475596812656142988e-03 -2.876996374125738790e-03 -2.016793348102713986e-03 -1.632857438897340275e-03 -1.469457740609133667e-03 -1.362166509617078946e-03 -1.180283605574319059e-03 -1.221681932969266799e-03
1.312382306268556141e-06 -3.660393923575394787e-06 -7.365897941178953614e-06 -1.309738451663090773e-05 -1.990842507655083205e-05 -2.664223871331265658e-05 -3.201262280844088538e-05 -3.523095594101626605e-05 -3.638970697241368263e-05 -3.650311997176634637e-05 -3.715314268676095421e-05 -3.987044264422683076e-05 -4.549387317316948358e-05 -5.377942518640468791e-05 -6.344351586788714000e-05 -7.265370459686846421e-05 -7.979352418230216458e-05 -8.419466776173459342e-05 -8.651820930291209309e-05 -8.858839697602456187e-05 -9.269835176725665276e-05 -1.006406556802752912e-04 -1.128617933385356689e-04 -1.281318459750630564e-04 -1.439424051066114628e-04 -1.575459876526162499e-04 -1.672555837917971818e-04 -1.734464899175662111e-04 -1.787536696309230053e-04 -1.872451731655888564e-04 -2.027771937191541485e-04 -2.271662482217284634e-04 -2.589839970832625367e-04 -2.937597612510904751e-04 -3.254469034203360048e-04 -3.500313123694352192e-04 -3.662391491478558781e-04 -3.775575854533333182e-04 -3.984006398415644774e-04 -4.370211664203037011e-04 -5.012072997855314014e-04 -5.897980214654821628e-04 -6.920710400204204034e-04 -7.905656001850554270e-04 -8.687469802967573906e-04 -9.210071191478075596e-04 -9.609474429938264905e-04 -1.023090470868497776e-03 -1.154705024418581100e-03 -1.397775289070847310e-03 -1.766281013981290922e-03 -2.228536450751255043e-03 -2.706487645429108205e-03 -3.101736921178916903e-03 -3.349549956832639872e-03 -3.489718197683143452e-03 -3.728005957053479383e-03 -4.450719958407517093e-03 -6.154504278303088785e-03 -9.267651497349881778e-03 -1.387771177855759951e-02 -1.943896674580132197e-02 -2.461391201108194954e-02 -2.751194813808334125e-02 -2.670391231997645137e-02 -2.359259074762180483e-02 -2.689303853872361191e-02 -6.103088184943105537e-02 -1.781593053681744254e-01 -4.941786309852923553e-01 -1.171085134005446893e+00 -2.864143500379817908e+00 -4.930954588109934811e+00 -1.707259449352711655e+01 1.782550756617450993e+00 -2.120295976276091210e+02 7.221359683256481503e+02 -5.393544828272147242e+03 2.325063192059462381e+04 -5.288894451127652246e+03 7.072676593070314084e+02 -1.987130830618171160e+02 3.938148567187530702e+00 -1.456351563749435662e+01 -3.795096665544802406e+00 -2.203407949502262486e+00 -8.536593228831290681e-01 -3.490955512019947027e-01 -1.206269440074622529e-01 -3.994327050628952713e-02 -1.706148438600293971e-02 -1.447242918352233641e-02 -1.572540094529532861e-02 -1.554806953678610978e-02 -1.336051437492163062e-02 -1.014512109587763569e-02 -6.974356187811159118e-03 -4.496009183804663793e-03 -2.891443255455131492e-03 -2.028491081799292921e-03 -1.642049261565535099e-03 -1.489551273327788554e-03 -1.332554839392917053e-03 -1.478589847832571715e-03
3.376127437873561659e-06 7.701321297126112965e-06 8.766876188644854117e-06 5.103864275988990230e-06 -2.861225197657156165e-06 -1.343581701085765373e-05 -2.422733607857783307e-05 -3.298444140902040021e-05 -3.836274746118263260e-05 -4.035415092176711536e-05 -4.022921894299645427e-05 -4.001391292883559395e-05 -4.169616914372963019e-05 -4.645850643343036294e-05 -5.423071211667715051e-05 -6.374222725570930078e-05 -7.306362687542315455e-05 -8.043476894850509914e-05 -8.505050339093307092e-05 -8.747474877562666290e-05 -8.948660032167155432e-05 -9.338393059137801489e-05 -1.010038526987871982e-04 -1.128628130469461389e-04 -1.278086405776288710e-04 -1.433981392896450696e-04 -1.569165130454702294e-04 -1.666630095432002415e-04 -1.729521732957788570e-04 -1.783271223071352740e-04 -1.867674795728648278e-04 -2.020679431448994205e-04 -2.260961550562742286e-04 -2.573601151191050470e-04 -2.920203927346069739e-04 -3.233410166498016476e-04 -3.450514733733097620e-04 -3.616087959996998813e-04 -3.751445062945187319e-04 -3.958903365973978281e-04 -4.344865179660172862e-04 -4.981046273169802358e-04 -5.858386639806587417e-04 -6.871784470298768601e-04 -7.849558252596844235e-04 -8.628404823686380062e-04 -9.152308986568602478e-04 -9.554822116775822660e-04 -1.017671647022738712e-03 -1.148584850301281228e-03 -1.389908466896815076e-03 -1.755707127464426398e-03 -2.214830966262098643e-03 -2.690078660099261536e-03 -3.083875529656458260e-03 -3.331810437129796923e-03 -3.473075224608052156e-03 -3.711756907874907713e-03 -4.431710574573975367e-03 -6.127181142998902423e-03 -9.225339551493303217e-03 -1.381513938279649995e-02 -1.935548000713060296e-02 -2.451612336776642226e-02 -2.741386270476709949e-02 -2.662211496205979869e-02 -2.353384847994396262e-02 -2.683195512700351296e-02 -6.087514801239748974e-02 -1.777034415766685915e-01 -4.930306183680003285e-01 -1.168630802073954644e+00 -2.859198039056846330e+00 -4.922716521712237281e+00 -1.705506174332756686e+01 1.797060146330635710e+00 -2.119416289916580922e+02 7.220363972586585533e+02 -5.392877896854186474e+03 2.325060653328647459e+04 -5.289543602957118310e+03 7.073556008459910345e+02 -1.987926717612199923e+02 3.925579840799687137e+00 -1.457766250531732588e+01 -3.801256286760595238e+00 -2.206879727534666547e+00 -8.552716137552388576e-01 -3.498144383238637189e-01 -1.209102502942092788e-01 -4.005217108120340264e-02 -1.711716593337076972e-02 -1.452230250592794272e-02 -1.577981462477234115e-02 -1.560305582431104933e-02 -1.340961968744622257e-02 -1.018435577353507537e-02 -7.003157236870991877e-03 -4.516213077229112687e-03 -2.906514754238800555e-03 -2.039113919036068551e-03 -1.665158999582201649e-03 -1.452471913956836745e-03 -1.692562350560566356e-03
2.976779905339227673e-06 1.204851869450665125e-05 1.533022958442408732e-05 1.353924892311075508e-05 6.470154236389933223e-06 -4.445046221611532018e-06 -1.688162632731027047e-05 -2.829054624760155281e-05 -3.666822807474840682e-05 -4.113900564664853401e-05 -4.217361568677154883e-05 -4.137008379937953673e-05 -4.086340852793472549e-05 -4.256098374925162113e-05 -4.746673907115203889e-05 -5.533831086986431283e-05 -6.481261162025346904e-05 -7.396682437742215053e-05 -8.111616983454761679e-05 -8.554358345336283032e-05 -8.786291958440335561e-05 -8.984260539480318805e-05 -9.372208744207836668e-05 -1.012696726503160578e-04 -1.129633186813498459e-04 -1.276655515819669279e-04 -1.429948169116576975e-04 -1.563133740093964707e-04 -1.659709979223234280e-04 -1.722794505411451445e-04 -1.777085104670838049e-04 -1.861833076334666094e-04 -2.012620223113739790e-04 -2.253271426954118486e-04 -2.560773157546094247e-04 -2.873303839337691917e-04 -3.186079344079242935e-04 -3.424086664369074416e-04 -3.589287326734973962e-04 -3.728882251096885783e-04 -3.937449570691185807e-04 -4.321487338102309871e-04 -4.951922483920544139e-04 -5.820698282686438295e-04 -6.824917706935766876e-04 -7.795594190815811593e-04 -8.571377274591519477e-04 -9.096320932057575187e-04 -9.501635213597632666e-04 -1.012383483500346477e-03 -1.142613445124766695e-03 -1.382251631719790116e-03 -1.745440036506114333e-03 -2.201539942715691721e-03 -2.674168203352616634e-03 -3.066543519484478137e-03 -3.314570265326366970e-03 -3.456867856082900502e-03 -3.695909385461200979e-03 -4.413182747512523971e-03 -6.100607908998362770e-03 -9.184257471634243303e-03 -1.375442488797867617e-02 -1.927446408917131079e-02 -2.442117004206468406e-02 -2.731851309000421502e-02 -2.654244413406490685e-02 -2.347645146193904839e-02 -2.677224340571791872e-02 -6.072353940498871616e-02 -1.772602822147570922e-01 -4.919146268491730867e-01 -1.166244099799432110e+00 -2.854386552258234122e+00 -4.914697918889363137e+00 -1.703798743723854514e+01 1.811198117846403166e+00 -2.118558979403596823e+02 7.219393804020304515e+02 -5.392227639509982509e+03 2.325058208597364501e+04 -5.290176739148348133e+03 7.074414196799368710e+02 -1.988703329215399549e+02 3.913311118984074355e+00 -1.459147636605768028e+01 -3.807273614339820700e+00 -2.210272443144301491e+00 -8.568477661985755001e-01 -3.505174029965759108e-01 -1.211873172200752524e-01 -4.015864701335110365e-02 -1.717158417532156645e-02 -1.457106504602237451e-02 -1.583306192465616657e-02 -1.565691238945589661e-02 -1.345777429562768600e-02 -1.022294753385835468e-02 -7.031600688548820220e-03 -4.537040694981360651e-03 -2.920259170000380662e-03 -2.065654666098400063e-03 -1.622081512146347944e-03 -1.863742612019025999e-03
9.915896024531000913e-07 8.414524515726568514e-06 1.082842916807830680e-05 1.000492640099752081e-05 5.338947197398826982e-06 -2.595427756234986905e-06 -1.254176719577400054e-05 -2.280413057334031133e-05 -3.168556690455963100e-05 -3.795121742855790187e-05 -4.119121189550287252e-05 -4.195570524459006986e-05 -4.159358603536552566e-05 -4.181746946310536977e-05 -4.412218064345663649e-05 -4.925196708530020067e-05 -5.691811897357818792e-05 -6.589552332600402392e-05 -7.449154753368671361e-05 -8.123342354202130601e-05 -8.551393582141659437e-05 -8.792521618560011128e-05 -9.011097238666428773e-05 -9.415029687981056887e-05 -1.016895864722315725e-04 -1.131730492046872900e-04 -1.275250298827725222e-04 -1.424858965792921207e-04 -1.555444231613990693e-04 -1.651095657524585337e-04 -1.715214461892396354e-04 -1.769925856096335687e-04 -1.858975581581915400e-04 -2.007741783303742568e-04 -2.213702805252064473e-04 -2.519707028876862209e-04 -2.851179939561827555e-04 -3.159607701604484945e-04 -3.399585102711965667e-04 -3.566562267224293050e-04 -3.708353444944562051e-04 -3.917591298886045252e-04 -4.299372781350796111e-04 -4.924070684194396461e-04 -5.784467089665891416e-04 -6.779741810576122869e-04 -7.743461112667049178e-04 -8.516141938456614144e-04 -9.041918000324424649e-04 -9.449774055223145695e-04 -1.007215257074111888e-03 -1.136780709684410843e-03 -1.374792433859113030e-03 -1.735463009781922691e-03 -2.188641793366937101e-03 -2.658731392679288073e-03 -3.049715820946719610e-03 -3.297807475190707351e-03 -3.441078801330870775e-03 -3.680448877944603094e-03 -4.395118618732578135e-03 -6.074753941718373865e-03 -9.144351974409044986e-03 -1.369548636031860285e-02 -1.919581073669040724e-02 -2.432893068966099706e-02 -2.722578718824997246e-02 -2.646481979384526090e-02 -2.342035768992057482e-02 -2.671386152176373485e-02 -6.057589538709665100e-02 -1.768293040586531306e-01 -4.908293365364164162e-01 -1.163922273077298231e+00 -2.849703674559962874e+00 -4.906890135629883076e+00 -1.702135384244355265e+01 1.824978724102271910e+00 -2.117723202066006820e+02 7.218448206866186183e+02 -5.391593438699006583e+03 2.325055853281794043e+04 -5.290794445125911807e+03 7.075251917816306104e+02 -1.989461357045416321e+02 3.901331804649255108e+00 -1.460496883159660264e+01 -3.813153516472186588e+00 -2.213588763036508311e+00 -8.583889794029304632e-01 -3.512049667599143055e-01 -1.214583474603055796e-01 -4.026277801745942186e-02 -1.722478352367525639e-02 -1.461876084866481351e-02 -1.588519973115636724e-02 -1.570971348981416854e-02 -1.350511124497379839e-02 -1.026099743589585327e-02 -7.060592852927965318e-03 -4.556273494878375699e-03 -2.951482162584857967e-03 -2.018701184646237452e-03 -2.074568647428576620e-03
-1.573627471091254963e-06 -5.341689601376070246e-07 -1.252091202166958773e-06 -2.230295674661477500e-06 -4.115477227793107762e-06 -7.346268306370818623e-06 -1.215614507352743883e-05 -1.834273931556109087e-05 -2.522623756530959963e-05 -3.180675406693781132e-05 -3.709630939078108002e-05 -4.050501477179817739e-05 -4.212140552971873844e-05 -4.275208209834573369e-05 -4.367141070101005488e-05 -4.615413836545577669e-05 -5.096364816712141557e-05 -5.800849694800682440e-05 -6.633102343125491440e-05 -7.446565901848202387e-05 -8.105060354763774866e-05 -8.545239914590151923e-05 -8.813159373518631486e-05 -9.056053473895431575e-05 -9.467841635793875779e-05 -1.020740351114011443e-04 -1.132295719779579946e-04 -1.271826567050682170e-04 -1.417961661404909003e-04 -1.547068952556417609e-04 -1.641764373893157738e-04 -1.711070169773879878e-04 -1.766192408154653717e-04 -1.821975366741822712e-04 -1.972490704911291910e-04 -2.200113340260638527e-04 -2.500486116121964373e-04 -2.830964404021879045e-04 -3.137555193307040176e-04 -3.377462254068427016e-04 -3.545700754485681442e-04 -3.689102281227693895e-04 -3.898680735956949425e-04 -4.278091625170671016e-04 -4.897154310757257300e-04 -5.749415715694845960e-04 -6.736015184131161635e-04 -7.692948226378496695e-04 -8.462522346956650576e-04 -8.988962301108178185e-04 -9.399136895533076940e-04 -1.002159107107466422e-03 -1.131078861873435239e-03 -1.367520635083605603e-03 -1.725761455811326969e-03 -2.176117175599414331e-03 -2.643745603352861892e-03 -3.033369432718379527e-03 -3.281501774336297375e-03 -3.425691976520191338e-03 -3.665361782975185782e-03 -4.377501382757992623e-03 -6.049590429341905433e-03 -9.105572976822727885e-03 -1.363824675788830564e-02 -1.911941804205072662e-02 -2.423929087270765975e-02 -2.713557896949514089e-02 -2.638916582059045585e-02 -2.336552669085019060e-02 -2.665676909252765944e-02 -6.043206353884933435e-02 -1.764100122462652076e-01 -4.897734990695806201e-01 -1.161662715225487474e+00 -2.845144323009110465e+00 -4.899284975503379158e+00 -1.700514412826213828e+01 1.838415319323394748e+00 -2.116908157004727116e+02 7.217526259018704877e+02 -5.390974707001901152e+03 2.325053583074138805e+04 -5.291397278128023572e+03 7.076069895394533660e+02 -1.990201460035567322e+02 3.889631793066838483e+00 -1.461815098066511531e+01 -3.818900642076259899e+00 -2.216831235403849742e+00 -8.598964000659617968e-01 -3.518776287593127772e-01 -1.217235358497410630e-01 -4.036464305201628577e-02 -1.727681286937372482e-02 -1.466544703267925846e-02 -1.593630797973678501e-02 -1.576161077868762014e-02 -1.355175431316821104e-02 -1.029953454068407298e-02 -7.087712664004586043e-03 -4.594883749270556317e-03 -2.901070256036367406e-03 -2.522627910584063823e-03
-3.892596145558089363e-06 -1.009747229269939019e-05 -1.453871910802309996e-05 -1.649312441718776736e-05 -1.637984117622496490e-05 -1.534549667751918079e-05 -1.484175592576119466e-05 -1.607594565810085529e-05 -1.956284550683500659e-05 -2.494834916729012891e-05 -3.117222474495305465e-05 -3.690974158896975923e-05 -4.111905167560677039e-05 -4.347631088751021555e-05 -4.452085394458982535e-05 -4.544249073671109023e-05 -4.758938690890113883e-05 -5.189178411329625355e-05 -5.844260098702245019e-05 -6.642343915747753820e-05 -7.442839674557156257e-05 -8.107268075098470242e-05 -8.563958746809817262e-05 -8.848258895609266016e-05 -9.098121414372300608e-05 -9.502391952511302260e-05 -1.022074086721444166e-04 -1.130573925935079131e-04 -1.267460507829068332e-04 -1.410303974359021918e-04 -1.542560410730703683e-04 -1.636357114442076109e-04 -1.670760923383981286e-04 -1.730234607689991951e-04 -1.812545300937870043e-04 -1.960142847793468299e-04 -2.188119994548794699e-04 -2.485616671166184649e-04 -2.813126477839986758e-04 -3.117546132714553984e-04 -3.356883513021299663e-04 -3.525991126272434587e-04 -3.670668527389221031e-04 -3.880382384183543414e-04 -4.257392413683893707e-04 -4.870967611937276919e-04 -5.715361676339849109e-04 -6.693568756397743052e-04 -7.643900988345926281e-04 -8.410385597615152500e-04 -8.937349079555095832e-04 -9.349646776723335474e-04 -9.972090591732227314e-04 -1.125501687256335280e-03 -1.360427506465557200e-03 -1.716322414703277304e-03 -2.163948548149989114e-03 -2.629190083973169563e-03 -3.017483101788923268e-03 -3.265634296243841855e-03 -3.410692326062879712e-03 -3.650635276396201664e-03 -4.360315161226678733e-03 -6.025090208925555114e-03 -9.067873326692538205e-03 -1.358263354455631344e-02 -1.904518996610731624e-02 -2.415214256014713498e-02 -2.704778806365857463e-02 -2.631540977617378638e-02 -2.331191946851305513e-02 -2.660092716071823377e-02 -6.029189914432291769e-02 -1.760019383843385576e-01 -4.887459328487782084e-01 -1.159462957266793603e+00 -2.840703678804346932e+00 -4.891874661105789279e+00 -1.698934230956892932e+01 1.851520601808757105e+00 -2.116113082537392245e+02 7.216627083954540467e+02 -5.390370885305642332e+03 2.325051393922955685e+04 -5.291985768882780576e+03 7.076868819662320220e+02 -1.990924266343756699e+02 3.878201443513862756e+00 -1.463103338920498331e+01 -3.824519433114062394e+00 -2.220002296575994460e+00 -8.613711255756817398e-01 -3.525358679165438991e-01 -1.219830724270542788e-01 -4.046432648138514887e-02 -1.732774039915364883e-02 -1.471121801622377913e-02 -1.598658067018375595e-02 -1.581279403884239612e-02 -1.359902318891829942e-02 -1.033588232443381598e-02 -7.138332524531726050e-03 -4.536038599138424686e-03 -3.514460230445872954e-03
-5.456847028072443256e-06 -1.584568066412477973e-05 -2.287985905969416460e-05 -2.601314794058673534e-05 -2.537534314460690310e-05 -2.223767569245475086e-05 -1.850532970007130095e-05 -1.610695151797698083e-05 -1.638640444931371631e-05 -1.970868260632207124e-05 -2.540884347428870661e-05 -3.209469024670523956e-05 -3.819406143379447383e-05 -4.254874271337786646e-05 -4.483835053197622096e-05 -4.567780680632039137e-05 -4.634916376172732279e-05 -4.826919838334295772e-05 -5.239842011796866822e-05 -5.882903488763029624e-05 -6.672852344700885732e-05 -7.467845276216855568e-05 -8.128795722192903644e-05 -8.583624011480027200e-05 -8.866584126858996614e-05 -9.113939471711814458e-05 -9.510914309083249099e-05 -1.022107816696419901e-04 -1.127735890566532401e-04 -1.267041757237956476e-04 -1.406820713113763656e-04 -1.499632628017609037e-04 -1.596934520764870620e-04 -1.660149698281933664e-04 -1.718740271150745642e-04 -1.804630509710107068e-04 -1.952066802962721022e-04 -2.178237737399144427e-04 -2.472583604249204152e-04 -2.796776581470029736e-04 -3.098807015080651327e-04 -3.337335483413273796e-04 -3.507058029892988981e-04 -3.652783377002231133e-04 -3.862498752142777005e-04 -4.237121430585470759e-04 -4.845378202838048561e-04 -5.682179515810917942e-04 -6.652279084384313647e-04 -7.596201619107550073e-04 -8.359627946556521432e-04 -8.886995980541195295e-04 -9.301243483816753425e-04 -9.923604140626878563e-04 -1.120044059770747540e-03 -1.353505431705792714e-03 -1.707134210414724398e-03 -2.152119856092747988e-03 -2.615045674101501919e-03 -3.002037083817093825e-03 -3.250187413825949504e-03 -3.396065689717018936e-03 -3.636257215469780417e-03 -4.343544906176842295e-03 -6.001227622757645402e-03 -9.031208569657405219e-03 -1.352857834899712924e-02 -1.897303591038523168e-02 -2.406738367868856143e-02 -2.696231938565054123e-02 -2.624348268942906445e-02 -2.325949845515652009e-02 -2.654629815353715810e-02 -6.015526471937143738e-02 -1.756046388132769809e-01 -4.877455186493895867e-01 -1.157320658984578809e+00 -2.836377170397632153e+00 -4.884651807675600033e+00 -1.697393319441911075e+01 1.864306653609176134e+00 -2.115337253828251676e+02 7.215749847949172135e+02 -5.389781441119896954e+03 2.325049282014925848e+04 -5.292560423166023611e+03 7.077649348936110982e+02 -1.991630375130730783e+02 3.867031552705601172e+00 -1.464362615872920514e+01 -3.830014136061864249e+00 -2.223104277336972689e+00 -8.628142078032863260e-01 -3.531801479670524935e-01 -1.222371530961412212e-01 -4.056194418868769302e-02 -1.737770078586488298e-02 -1.475635745982221275e-02 -1.603634153862343315e-02 -1.586520338426691823e-02 -1.364365730021023168e-02 -1.040501530583500152e-02 -7.056733160523413068e-03 -5.390422666147064341e-03
-5.912481989556727151e-06 -1.555143203776810043e-05 -2.299983244750137412e-05 -2.689232433531962098e-05 -2.718548095222416764e-05 -2.469878792820558083e-05 -2.091793809894191419e-05 -1.757135557835566111e-05 -1.614659996750263454e-05 -1.747824844963410040e-05 -2.153252134851296488e-05 -2.746170235830096805e-05 -3.391698464372583285e-05 -3.952502602456515112e-05 -4.337114667904012492e-05 -4.532030422125124476e-05 -4.605588692528707779e-05 -4.681083771608301260e-05 -4.888165275272742135e-05 -5.310393052452187318e-05 -5.949646059097845761e-05 -6.722890159884346297e-05 -7.494781195051235798e-05 -8.134987777769628261e-05 -8.578418183853598613e-05 -8.859547363287165276e-05 -9.116639588999847813e-05 -9.506300355308463287e-05 -1.026115172786426196e-04 -1.129072643906352345e-04 -1.225401206827398727e-04 -1.367124001045382745e-04 -1.488674758523212066e-04 -1.583858468062743349e-04 -1.651319185005690343e-04 -1.711805816090078056e-04 -1.798775190137963224e-04 -1.945600517110122971e-04 -2.169542439649826255e-04 -2.460580439511708900e-04 -2.781370781257481366e-04 -3.080926206249556061e-04 -3.318512503028776860e-04 -3.488675896821884334e-04 -3.635282966771390253e-04 -3.844909077817681314e-04 -4.217182583635731199e-04 -4.820298687556612434e-04 -5.649780229873680283e-04 -6.612052972812698009e-04 -7.549757418752437062e-04 -8.310165882083565478e-04 -8.837836251259072748e-04 -9.253878385673929962e-04 -9.876093521891855537e-04 -1.114701626514787592e-03 -1.346747638556993008e-03 -1.698186205502726347e-03 -2.140616299136375526e-03 -2.601294589472241941e-03 -2.987012956972683216e-03 -3.235144593625205976e-03 -3.381798699503781817e-03 -3.622216064634679704e-03 -4.327176323495328034e-03 -5.977978397776157610e-03 -8.995536746143669576e-03 -1.347601666160339225e-02 -1.890287033215256457e-02 -2.398491770498434664e-02 -2.687908279159522199e-02 -2.617331885550163925e-02 -2.320822746399983649e-02 -2.649284584470968859e-02 -6.002202958219330503e-02 -1.752176930203578342e-01 -4.867711955948054725e-01 -1.155233600680459549e+00 -2.832160457886023774e+00 -4.877609398676232111e+00 -1.695890233551988757e+01 1.876784977367186746e+00 -2.114579980687976786e+02 7.214893757495076443e+02 -5.389205867010624388e+03 2.325047243758392869e+04 -5.293121723251375442e+03 7.078412111528391506e+02 -1.992320358217040166e+02 3.856113330238230219e+00 -1.465593894241688844e+01 -3.835388812513899737e+00 -2.226139410105654637e+00 -8.642266618841552006e-01 -3.538109357638344332e-01 -1.224860235761790206e-01 -4.065772420579041868e-02 -1.742713977548753998e-02 -1.480140300837666338e-02 -1.608863272913870282e-02 -1.591424338649601727e-02 -1.373879909769748150e-02 -1.027491011527772481e-02 -8.364516408864723987e-03
-5.156221643711545496e-06 -9.922598562987390705e-06 -1.560196176010065553e-05 -1.948406942468285889e-05 -2.152531714630076247e-05 -2.177805513610324041e-05 -2.071594003020490223e-05 -1.913804768325633572e-05 -1.800938104804123755e-05 -1.821107087028717340e-05 -2.027656309316935220e-05 -2.420462954582127999e-05 -2.943310844914995018e-05 -3.500669232819798876e-05 -3.990220436634913227e-05 -4.340487375814655786e-05 -4.539448641395397532e-05 -4.641996323439076560e-05 -4.751191770382513573e-05 -4.978694511038504815e-05 -5.398846399114209677e-05 -6.015186240668835341e-05 -6.754681295330682499e-05 -7.495494028973874521e-05 -8.116334614261306213e-05 -8.562257210375282771e-05 -8.840854941739148998e-05 -9.162761367175408737e-05 -9.545169848720553901e-05 -9.857902866465130640e-05 -1.091574027207928966e-04 -1.217909861714910782e-04 -1.355588693717026442e-04 -1.479733219378868861e-04 -1.575819843463286849e-04 -1.644811698836971836e-04 -1.706577912242508612e-04 -1.794000383176994062e-04 -1.939905521417536278e-04 -2.161479484006187564e-04 -2.449186811723296983e-04 -2.766587987741893091e-04 -3.063654150167697144e-04 -3.300223549849711792e-04 -3.470703017522926365e-04 -3.618065319146033447e-04 -3.827539093323480265e-04 -4.197515697647004806e-04 -4.795670551686398095e-04 -5.618099001704165334e-04 -6.572817954267068255e-04 -7.504493317521935712e-04 -8.261930318170682087e-04 -8.789814269668581696e-04 -9.207511025265269081e-04 -9.829526709532513361e-04 -1.109470595312657447e-03 -1.340148011570187073e-03 -1.689468621741830722e-03 -2.129424153922967675e-03 -2.587920251106843716e-03 -2.972393470395811536e-03 -3.220490276178134513e-03 -3.367878695965673044e-03 -3.608500836496862391e-03 -4.311195810987238607e-03 -5.955319542387177423e-03 -8.960818210695329841e-03 -1.342488755868680855e-02 -1.883461238907480420e-02 -2.390465328497422270e-02 -2.679799275459631563e-02 -2.610485564411851173e-02 -2.315807164288767594e-02 -2.644053532355810504e-02 -5.989206946683633265e-02 -1.748407021852715348e-01 -4.858219574391386963e-01 -1.153199675541369373e+00 -2.828049418534750448e+00 -4.870740763134723927e+00 -1.694423598517965601e+01 1.888966530521938747e+00 -2.113840605530386085e+02 7.214058056899884832e+02 -5.388643679144056478e+03 2.325045275767890416e+04 -5.293670129259619898e+03 7.079157707437412910e+02 -1.992994761620689701e+02 3.845438376537169134e+00 -1.466798096924590311e+01 -3.840647351308096535e+00 -2.229109844080718883e+00 -8.656094950842775360e-01 -3.544287677901053479e-01 -1.227300974537052919e-01 -4.075236516758157235e-02 -1.747687246031836769e-02 -1.485102980060154336e-02 -1.613631203719580881e-02 -1.604202308513087011e-02 -1.352568841836056419e-02 -1.229823417814731798e-02
-3.325812840900543809e-06 -1.963571730602672282e-06 -4.617558720595357249e-06 -7.759728972334944004e-06 -1.145426446788370326e-05 -1.504148278515079772e-05 -1.789544913369873870e-05 -1.964461086875083029e-05 -2.037178743072977379e-05 -2.061603769825151014e-05 -2.117957221965542622e-05 -2.280953432521930848e-05 -2.588359867069211091e-05 -3.023483187480662437e-05 -3.519808179534719911e-05 -3.987231505888865320e-05 -4.349969263940749029e-05 -4.580579998838788414e-05 -4.715203694510962878e-05 -4.842017913241000320e-05 -5.066123608610350850e-05 -5.464269758493528787e-05 -6.049427023115968140e-05 -6.758337909548024736e-05 -7.485140044526775757e-05 -8.087441445585805946e-05 -8.595557919315932117e-05 -8.870738570908828812e-05 -8.734538545547989674e-05 -9.168787212979999650e-05 -9.819718548415095575e-05 -1.084008331486709630e-04 -1.212409692156332181e-04 -1.349391770813854609e-04 -1.473349575047539200e-04 -1.569740197926154277e-04 -1.639560186313599778e-04 -1.702155580623154437e-04 -1.789724493731335462e-04 -1.934555219101789032e-04 -2.153731039444518544e-04 -2.438154648648640057e-04 -2.752229936091942592e-04 -3.046832401398043462e-04 -3.282345731563622712e-04 -3.453048874412421821e-04 -3.601067009808155053e-04 -3.810343909613324656e-04 -4.178083669477368803e-04 -4.771454286268554169e-04 -5.587087441177737918e-04 -6.534516101068647571e-04 -7.460346929563535599e-04 -8.214862684178978955e-04 -8.742882513469181884e-04 -9.162106805436540753e-04 -9.783876057316697340e-04 -1.104347586781751975e-03 -1.333700955497404018e-03 -1.680972401409189720e-03 -2.118530629574443339e-03 -2.574907141782836317e-03 -2.958162414965875755e-03 -3.206209774167387977e-03 -3.354293658231221643e-03 -3.595101043426149681e-03 -4.295590404949502054e-03 -5.933229251124218576e-03 -8.927015460027335619e-03 -1.337513343764209703e-02 -1.876818559767883324e-02 -2.382650386918068811e-02 -2.671896805628907676e-02 -2.603803332015712860e-02 -2.310899743478779522e-02 -2.638933296945398035e-02 -5.976526615901012890e-02 -1.744732878077199789e-01 -4.848968490744005044e-01 -1.151216882499277006e+00 -2.824040133289015486e+00 -4.864039554581594871e+00 -1.692992105351762078e+01 1.900861757034275179e+00 -2.113118501473665845e+02 7.213242026057799876e+02 -5.388094415931999720e+03 2.325043374850153486e+04 -5.294206080415870929e+03 7.079886709936874922e+02 -1.993654106978687253e+02 3.834998662283478854e+00 -1.467976107024606414e+01 -3.845793491894005101e+00 -2.232017686259814226e+00 -8.669637949611570527e-01 -3.550343957173338061e-01 -1.229704203520114031e-01 -4.084696774772083455e-02 -1.753357272873469486e-02 -1.489406125676819709e-02 -1.630015870764827193e-02 -1.571280313436168932e-02 -1.649144726998787516e-02
-8.905265844877647338e-07 4.609464169533350831e-06 4.871240353742328875e-06 2.834411955297441316e-06 -1.655356293318573982e-06 -7.591678404393521869e-06 -1.364654256048597915e-05 -1.857488780174879569e-05 -2.164587617321649612e-05 -2.286652761070488593e-05 -2.293303761991894165e-05 -2.293223781692936748e-05 -2.390895610089750818e-05 -2.646408402692567561e-05 -3.053811055037447607e-05 -3.546207727201995972e-05 -4.025618355323595376e-05 -4.405646383448019634e-05 -4.649600549036284037e-05 -4.788179107404037804e-05 -4.908361641794032959e-05 -5.118046451304540027e-05 -5.496703169773658917e-05 -6.069483936307324643e-05 -6.749996573838825114e-05 -7.528706030800160680e-05 -8.112467735693444908e-05 -8.122173808576495149e-05 -8.458917456891107021e-05 -8.700125420144045815e-05 -9.112618759673822772e-05 -9.800812725194403606e-05 -1.081917315393656994e-04 -1.209467166154988246e-04 -1.345228080340280723e-04 -1.468363622831034070e-04 -1.564636344594976848e-04 -1.634928891172406334e-04 -1.698080823350252158e-04 -1.785619365766107948e-04 -1.929305851163450893e-04 -2.146108789011287761e-04 -2.427332077639723625e-04 -2.738171168955069843e-04 -3.030358339018714392e-04 -3.264798977697278243e-04 -3.435655581750473556e-04 -3.584249351389588180e-04 -3.793297567399671029e-04 -4.158864415373115099e-04 -4.747623042306922257e-04 -5.556708477212412645e-04 -6.497099860931767820e-04 -7.417265164111224753e-04 -8.168912215012148672e-04 -8.696999448914595997e-04 -9.117635371114471204e-04 -9.739117029004382056e-04 -1.099329525091791680e-03 -1.327401288035169038e-03 -1.672689092121741865e-03 -2.107923743759645713e-03 -2.562240681519976221e-03 -2.944304511593716193e-03 -3.192289185253850518e-03 -3.341032143844904594e-03 -3.582006652306074599e-03 -4.280347723235076313e-03 -5.911686801522431957e-03 -8.894092953841203214e-03 -1.332669975127528071e-02 -1.870351750177270261e-02 -2.375038736871744327e-02 -2.664193150337485633e-02 -2.597279488114538973e-02 -2.306097253357146035e-02 -2.633920639467443592e-02 -5.964150708953405711e-02 -1.741150903334499345e-01 -4.839949631779668082e-01 -1.149283319517713897e+00 -2.820128874234708150e+00 -4.857499731566425893e+00 -1.691594506977089907e+01 1.912480616725008131e+00 -2.112413070573248035e+02 7.212444978374991251e+02 -5.387557636765514872e+03 2.325041537991228688e+04 -5.294729996220256908e+03 7.080599667074213812e+02 -1.994298892882479493e+02 3.824786503624200140e+00 -1.469128771788469479e+01 -3.850830875063357528e+00 -2.234865101526568143e+00 -8.682908733783112343e-01 -3.556293020084004830e-01 -1.232083004776361873e-01 -4.095011525433023963e-02 -1.758076533828646995e-02 -1.509313981174695111e-02 -1.584130252536008684e-02 -1.967859144072978475e-02
1.373702539640014996e-06 7.096604859981614521e-06 8.981645474239275062e-06 7.930811942431942611e-06 3.805485680927092348e-06 -2.521864034869953791e-06 -9.680035658639122816e-06 -1.619528666130203286e-05 -2.094120112157852654e-05 -2.345918975523237756e-05 -2.405721368133076785e-05 -2.365566970759995667e-05 -2.343587700727897165e-05 -2.441324981605747687e-05 -2.708416201437825895e-05 -3.127286217430976444e-05 -3.623315940034420530e-05 -4.096808727893701220e-05 -4.464708947637138179e-05 -4.695652879952045693e-05 -4.825131896544458139e-05 -4.939706329606001814e-05 -5.153694932343065252e-05 -5.514256999905102578e-05 -6.145846691530109382e-05 -6.798535997950121168e-05 -7.028002184640306182e-05 -7.666689864557284619e-05 -8.075917653418050680e-05 -8.392792161171913482e-05 -8.686712589147612448e-05 -9.113993123318360598e-05 -9.807165197416208013e-05 -1.081767661540987028e-04 -1.207844559162493480e-04 -1.342042285029819621e-04 -1.464083812150190228e-04 -1.560003968713343501e-04 -1.630556516079482662e-04 -1.694092537818546657e-04 -1.781494891712938084e-04 -1.924014892506878990e-04 -2.138500369408372103e-04 -2.416625620183609319e-04 -2.724331814515105945e-04 -3.014165075631790834e-04 -3.247531003930961791e-04 -3.418486525185520600e-04 -3.567589740670177342e-04 -3.776386370555695027e-04 -4.139845640780222464e-04 -4.724158429447044443e-04 -5.526932906789649904e-04 -6.460529189508876485e-04 -7.375201856213138649e-04 -8.124034035213238388e-04 -8.652128022492329429e-04 -9.074069432973497695e-04 -9.695227242137013837e-04 -1.094413551345477112e-03 -1.321244150837209974e-03 -1.664610749367871102e-03 -2.097592217938603915e-03 -2.549907123255256390e-03 -2.930805317772203818e-03 -3.178715316915528034e-03 -3.328083230656867213e-03 -3.569208030590953745e-03 -4.265455892421395057e-03 -5.890672435718558031e-03 -8.862016930696306818e-03 -1.327953475493625149e-02 -1.864053937187955950e-02 -2.367622585071898350e-02 -2.656680967261990448e-02 -2.590908588905781532e-02 -2.301396578429105999e-02 -2.629012428781708766e-02 -5.952068482522795273e-02 -1.737657677569232895e-01 -4.831154370375878582e-01 -1.147397177395601542e+00 -2.816312093087305346e+00 -4.851115539712887781e+00 -1.690229614636401578e+01 1.923832612904365913e+00 -2.111723742167583850e+02 7.211666258855997285e+02 -5.387032920836595622e+03 2.325039762344998962e+04 -5.295242277539558017e+03 7.081297103047288601e+02 -1.994929596199991124e+02 3.814794523662261128e+00 -1.470256908646150329e+01 -3.855763135573477385e+00 -2.237654411825392486e+00 -8.695927364567271889e-01 -3.562148658372011334e-01 -1.234534720384028450e-01 -4.103978124769130237e-02 -1.781404757485099966e-02 -1.453218451551683416e-02 -2.056220867376359548e-02
2.679617550912308763e-06 4.898371196204019418e-06 6.602781850284184354e-06 6.042795615166496033e-06 3.203981979951039811e-06 -1.548096497294919876e-06 -7.403884937671816827e-06 -1.333569282798182256e-05 -1.836506839515707586e-05 -2.183037083345997764e-05 -2.357036411825496979e-05 -2.396364428795678790e-05 -2.380038589704484446e-05 -2.401814833144396951e-05 -2.538356566491250130e-05 -2.822756401885510462e-05 -3.233324648684599294e-05 -3.702565250662760623e-05 -4.143844626940570546e-05 -4.487361331247844922e-05 -4.707093711660127966e-05 -4.847100584346051899e-05 -4.955964481933021904e-05 -5.249564805817136048e-05 -5.591174237622460172e-05 -5.634201152347635677e-05 -6.341888442973944153e-05 -6.989665703328050742e-05 -7.594450028048602705e-05 -8.053826051360951177e-05 -8.389482727446940765e-05 -8.700365720953608063e-05 -9.134961494567033575e-05 -9.825602824723806078e-05 -1.082443167846943582e-04 -1.206811289518061072e-04 -1.339295510313617322e-04 -1.460115982399221816e-04 -1.555552543290841978e-04 -1.626231531409709377e-04 -1.690038561184014666e-04 -1.777241450999056231e-04 -1.918600594480000126e-04 -2.130840327126669071e-04 -2.405978745137285772e-04 -2.710661453036740235e-04 -2.998209167381772990e-04 -3.230507891672514229e-04 -3.401519121261119619e-04 -3.551076074114115468e-04 -3.759604538993672551e-04 -4.121021394765403086e-04 -4.701047715952882023e-04 -5.497737064471304317e-04 -6.424769585996903008e-04 -7.334116118583977172e-04 -8.080187803458619041e-04 -8.608234573022552349e-04 -9.031383901553391869e-04 -9.652185754040473265e-04 -1.089596959038459942e-03 -1.315224944340772934e-03 -1.656729866243791772e-03 -2.087525401794927422e-03 -2.537893475583982185e-03 -2.917651153944128117e-03 -3.165475620285110661e-03 -3.315436457403723568e-03 -3.556695886502751758e-03 -4.250903474587751363e-03 -5.870167257831394175e-03 -8.830755262156125829e-03 -1.323358931165666448e-02 -1.857918596833167332e-02 -2.360394528071024095e-02 -2.649353266317689901e-02 -2.584685425873698220e-02 -2.296794700198085196e-02 -2.624205618132532600e-02 -5.940269656177860069e-02 -1.734249943904128399e-01 -4.822574497867067045e-01 -1.145556734267265231e+00 -2.812586410699114747e+00 -4.844881495005230576e+00 -1.688896294500231576e+01 1.934926819121057129e+00 -2.111049971320990721e+02 7.210905242333947172e+02 -5.386519866032966092e+03 2.325038045222042638e+04 -5.295743307631822063e+03 7.081979519406477266e+02 -1.995546673437582399e+02 3.805015605068721829e+00 -1.471361312478674144e+01 -3.860593924882468997e+00 -2.240388436811494799e+00 -8.708707799251382831e-01 -3.568007526633119597e-01 -1.236799130607948299e-01 -4.132286611364666823e-02 -1.722983517768748515e-02 -1.945759525061363515e-02
2.472890578947825198e-06 -4.388292940887608995e-07 -4.130113978171862615e-07 -1.090249525034402597e-06 -2.335011955950553867e-06 -4.399569946293011795e-06 -7.331564152275914008e-06 -1.095463472503237252e-05 -1.485648632741683257e-05 -1.849114009950426302e-05 -2.135847331115955390e-05 -2.319690940809671933e-05 -2.410864225820121570e-05 -2.455424371236044519e-05 -2.520319885186734449e-05 -2.668700098440169840e-05 -2.934845776095855793e-05 -3.309015187302779518e-05 -3.740512984413290096e-05 -4.154277191495518311e-05 -4.496640240041472990e-05 -4.705458123161226534e-05 -4.936774264611850743e-05 -5.036913254775216426e-05 -4.710050720777917408e-05 -5.124543759745560096e-05 -5.622309949275695597e-05 -6.287313151972973751e-05 -6.977348405568523505e-05 -7.590525178313543711e-05 -8.061877871676355019e-05 -8.407925082043708482e-05 -8.726832212808407303e-05 -9.163603028567872443e-05 -9.848443203239636348e-05 -1.083383312339970909e-04 -1.205956930773257620e-04 -1.336679579084619084e-04 -1.456228424532878582e-04 -1.551110196696931876e-04 -1.621829941862181867e-04 -1.685832080111458330e-04 -1.772798804169996886e-04 -1.913019178711318057e-04 -2.123093052482371852e-04 -2.395358873319256585e-04 -2.697129100139226379e-04 -2.982462846334451808e-04 -3.213708064359396409e-04 -3.384740163984978605e-04 -3.534703164969685957e-04 -3.742951441188859538e-04 -4.102389899585826092e-04 -4.678282078426238022e-04 -5.469101364819194686e-04 -6.389790853425033777e-04 -7.293971291148245275e-04 -8.037336852898756788e-04 -8.565288172452080939e-04 -8.989555424994541064e-04 -9.609972765933724476e-04 -1.084877175181701760e-03 -1.309339311987344021e-03 -1.649039353618457146e-03 -2.077713245085778624e-03 -2.526187466684009630e-03 -2.904829064751666967e-03 -3.152558157075604443e-03 -3.303081804106364639e-03 -3.544461265652006522e-03 -4.236679474036952192e-03 -5.850153234671025097e-03 -8.800277424545885005e-03 -1.318881681302870243e-02 -1.851939540175141438e-02 -2.353347533611830841e-02 -2.642203390383653441e-02 -2.578605011661257163e-02 -2.292288692484999169e-02 -2.619497246953529299e-02 -5.928744401877711345e-02 -1.730924601887614822e-01 -4.814202203182421091e-01 -1.143760350855975938e+00 -2.808948607428144228e+00 -4.838792368080495621e+00 -1.687593464479240524e+01 1.945771904132692631e+00 -2.110391237379667757e+02 7.210161331794655553e+02 -5.386018087914118951e+03 2.325036384079125855e+04 -5.296233453113594805e+03 7.082647396088262894e+02 -1.996150562052703208e+02 3.795442837870978359e+00 -1.472442756024931221e+01 -3.865327220582673640e+00 -2.243069146779399503e+00 -8.721341961384966313e-01 -3.573603949594915119e-01 -1.240864411153238533e-01 -4.081304045857624824e-02 -2.189584459188025078e-02
8.095255714856116627e-07 -6.141895781298400663e-06 -8.376262580944179956e-06 -9.609946060990544783e-06 -9.637045055723881002e-06 -9.153575020882086062e-06 -8.954924233508005193e-06 -9.704900197987982415e-06 -1.167939127652065892e-05 -1.467768226584622279e-05 -1.811995550198259675e-05 -2.129383384894712611e-05 -2.365005460175986638e-05 -2.502891758732676724e-05 -2.572470213180436086e-05 -2.636109473148537228e-05 -2.762469669705726213e-05 -2.997803537622973011e-05 -3.342007892682330374e-05 -3.763280265454906244e-05 -4.151847832953536833e-05 -4.582099679825241091e-05 -4.776272205907512990e-05 -4.340978316757970794e-05 -4.534363763643712956e-05 -4.713209349626533803e-05 -5.091144805404312771e-05 -5.636752670619863217e-05 -6.305049163595091808e-05 -6.997065209056135371e-05 -7.610417810916950468e-05 -8.084503532058916176e-05 -8.435169702785290911e-05 -8.757843770632662195e-05 -9.193997828922836869e-05 -9.871449982099560390e-05 -1.084275001744845773e-04 -1.205045319208191150e-04 -1.334014218949857767e-04 -1.452284565900420195e-04 -1.546576573898485781e-04 -1.617281738178790156e-04 -1.681427197446395429e-04 -1.768138000920902668e-04 -1.907251226910751146e-04 -2.115242392638251047e-04 -2.384749356456922925e-04 -2.683716973841204453e-04 -2.966909187749326607e-04 -3.197118585734922791e-04 -3.368143047521433928e-04 -3.518470708654968145e-04 -3.726430128535322879e-04 -4.083952490981971294e-04 -4.655855811512704125e-04 -5.441009690180265710e-04 -6.355566629104608027e-04 -7.254734629960108046e-04 -7.995448084058035757e-04 -8.523260765797573309e-04 -8.948562785155570517e-04 -9.568570232680899054e-04 -1.080251833753194260e-03 -1.303583215552931926e-03 -1.641532609494204256e-03 -2.068146360156424522e-03 -2.514777608104269355e-03 -2.892326899602698509e-03 -3.139951714310562289e-03 -3.291009852451056913e-03 -3.532495755460010167e-03 -4.222773568130055132e-03 -5.830613423479484234e-03 -8.770554693953904607e-03 -1.314517332859814654e-02 -1.846110925650488663e-02 -2.346474956325770439e-02 -2.635225043324478794e-02 -2.572662629354701205e-02 -2.287875795842887749e-02 -2.614884532856085256e-02 -5.917483428123389289e-02 -1.727678710308143128e-01 -4.806030062407086190e-01 -1.142006467117738344e+00 -2.805395615773497831e+00 -4.832843172279131849e+00 -1.686320091686330613e+01 1.956376148948030247e+00 -2.109747042704501325e+02 7.209433956723644314e+02 -5.385527218761835684e+03 2.325034776508238065e+04 -5.296713064879119884e+03 7.083301192027488469e+02 -1.996741682808433609e+02 3.786069264123384404e+00 -1.473502083411912089e+01 -3.869967235316148724e+00 -2.245709269343592052e+00 -8.733590691552830521e-01 -3.581170420268419696e-01 -1.236336334534490766e-01 -4.609753495047148181e-02
-1.643370204586088701e-06 -9.569742561532243059e-06 -1.357226466149279962e-05 -1.546001169001871186e-05 -1.509474718654318396e-05 -1.326359124921220406e-05 -1.108554739335056350e-05 -9.685851789110900553e-06 -9.834063371256543206e-06 -1.172441729161491974e-05 -1.495959309885278096e-05 -1.873877909497581227e-05 -2.217771718285933540e-05 -2.464163828980664301e-05 -2.597100372322127813e-05 -2.651474761988272655e-05 -2.697642948695869327e-05 -2.807592661206923093e-05 -3.041924232314066376e-05 -3.359309310053157187e-05 -3.868729587108026452e-05 -4.228704271365511943e-05 -3.926088942411646302e-05 -4.221050274132325301e-05 -4.338454391766292039e-05 -4.501776865690280261e-05 -4.743899925376134866e-05 -5.133971214178623951e-05 -5.683762247852737357e-05 -6.347017974342394843e-05 -7.031939181923516741e-05 -7.640065370525248641e-05 -8.112690652863763360e-05 -8.464788236305766458e-05 -8.788871607373255931e-05 -9.222894739615611250e-05 -9.892254529414109838e-05 -1.084941683600562786e-04 -1.203942032347523369e-04 -1.331196325235020107e-04 -1.448206895705833456e-04 -1.541896640402629862e-04 -1.612551641330054321e-04 -1.676804641590535529e-04 -1.763250688527808071e-04 -1.901293620201024623e-04 -2.107285540256767411e-04 -2.374144848787061702e-04 -2.670417040089875880e-04 -2.951539622946934582e-04 -3.180733485909521536e-04 -3.351726766573482718e-04 -3.502382816967697550e-04 -3.710047266150787344e-04 -4.065713831890031458e-04 -4.633766757479133988e-04 -5.413450027520280315e-04 -6.322075269907413827e-04 -7.216378502770914817e-04 -7.954493514272803359e-04 -8.482129068217698995e-04 -8.908389078723311571e-04 -9.527964231688626929e-04 -1.075719023486279482e-03 -1.297953193277587855e-03 -1.634203797581249180e-03 -2.058816340575516778e-03 -2.503653576424349006e-03 -2.880133774250983637e-03 -3.127646348197974779e-03 -3.279212396998820202e-03 -3.520792137848200755e-03 -4.209176780351745265e-03 -5.811532668985882645e-03 -8.741560911544496784e-03 -1.310261852601043650e-02 -1.840427377617728094e-02 -2.339770692534490215e-02 -2.628412485064161516e-02 -2.566854063255386356e-02 -2.283553671592872952e-02 -2.610365134389347128e-02 -5.906478244194055677e-02 -1.724509514674650024e-01 -4.798051069680743796e-01 -1.140293605947953148e+00 -2.801924524138942552e+00 -4.827029167164648804e+00 -1.685075191816274298e+01 1.966747445238733238e+00 -2.109116911625512500e+02 7.208722571460275503e+02 -5.385046906707440030e+03 2.325033220220399744e+04 -5.297182479153224449e+03 7.083941340256930062e+02 -1.997320453888788165e+02 3.776884317222237275e+00 -1.474540624006194989e+01 -3.874546303916011070e+00 -2.248283663013002087e+00 -8.749992911307510335e-01 -3.572457244502418860e-01 -1.347933475829013183e-01
-3.831744061579697219e-06 -9.373079675156241320e-06 -1.389609703654486630e-05 -1.619285297657568689e-05 -1.630524015607779802e-05 -1.475339575779162241e-05 -1.245916500647263462e-05 -1.046724445760417689e-05 -9.649576909857405604e-06 -1.046506260478197516e-05 -1.285070361572563929e-05 -1.627753870267544483e-05 -1.995320014916926538e-05 -2.310544346348256283e-05 -2.524831279922435753e-05 -2.635330057991302723e-05 -2.679790231032904500e-05 -2.739585455130390666e-05 -2.834853879185741962e-05 -3.174865899900109503e-05 -3.460952828230979075e-05 -3.167180607542824361e-05 -3.630835152769847562e-05 -3.920498085345391117e-05 -4.178204613613976340e-05 -4.366691822299897003e-05 -4.551438482982111109e-05 -4.808484095998512303e-05 -5.201041123289057997e-05 -5.745200579597744531e-05 -6.398133966263744928e-05 -7.072278632315087048e-05 -7.672508466444283672e-05 -8.141510161955728419e-05 -8.493260334369438802e-05 -8.817413005726581934e-05 -9.248512562718386014e-05 -9.909575151774558906e-05 -1.085288991604406314e-04 -1.202575928188061267e-04 -1.328172164193778604e-04 -1.443956650695222567e-04 -1.537045745278091749e-04 -1.607628106703429510e-04 -1.671963696915747331e-04 -1.758143244166993904e-04 -1.895155362515911100e-04 -2.099230195119154013e-04 -2.363549561668822237e-04 -2.657230175852642352e-04 -2.936353850821928481e-04 -3.164554269018766876e-04 -3.335496882238304516e-04 -3.486449342058602985e-04 -3.693814778193837836e-04 -4.047683914999616927e-04 -4.612018755337996532e-04 -5.386417460415271344e-04 -6.289303433338947185e-04 -7.178884515300638491e-04 -7.914454818305444259e-04 -8.441879358910604368e-04 -8.869026669555055403e-04 -9.488150140974652624e-04 -1.071277855703127099e-03 -1.292447021278639394e-03 -1.627048647688179427e-03 -2.049716728343416432e-03 -2.492807341521327807e-03 -2.868241318358857178e-03 -3.115634690950095688e-03 -3.267683769825432960e-03 -3.509345753387225954e-03 -4.195883000478085531e-03 -5.792899488212654123e-03 -8.713274982116421194e-03 -1.306111897901491951e-02 -1.834884401836888237e-02 -2.333229662204914720e-02 -2.621761044480540315e-02 -2.561176109231050671e-02 -2.279320911465984936e-02 -2.605937734897781008e-02 -5.895721990398446188e-02 -1.721414580530032379e-01 -4.790258847304077472e-01 -1.138620403244009482e+00 -2.798532613728342167e+00 -4.821345896380484497e+00 -1.683857831273885353e+01 1.976893281571953542e+00 -2.108500389501133157e+02 7.208026653285954808e+02 -5.384576815112839540e+03 2.325031712967659405e+04 -5.297642020185035108e+03 7.084568207007567935e+02 -1.997887399354321758e+02 3.767860167996979648e+00 -1.475568044421357250e+01 -3.879009600966548454e+00 -2.252093291916868356e+00 -8.720595427405112288e-01 -3.897758793581045933e-01
-4.754800961690611564e-06 -5.960371350159461763e-06 -9.612309382864740813e-06 -1.188218727969327830e-05 -1.300586242432529318e-05 -1.303279749874707374e-05 -1.230612236360073665e-05 -1.134012671608791270e-05 -1.071395158691839946e-05 -1.091939530707908157e-05 -1.221749254643327110e-05 -1.455331115610896516e-05 -1.756707293286646513e-05 -2.070530020343041872e-05 -2.342367757654767780e-05 -2.533471312073534660e-05 -2.656611066201925432e-05 -2.691794513124556813e-05 -2.880267204139961751e-05 -2.953019773756754461e-05 -2.425829162986840393e-05 -2.831580445688676480e-05 -3.178741497414730861e-05 -3.591586562942357326e-05 -3.949065020205825378e-05 -4.225328596833874108e-05 -4.431918972469444458e-05 -4.626825230477460513e-05 -4.887367430581932270e-05 -5.276219983583554951e-05 -5.810802337720309349e-05 -6.451045407382484983e-05 -7.112850462682551549e-05 -7.703969265315909127e-05 -8.168255300506229680e-05 -8.518677608138906147e-05 -8.842152479526735472e-05 -9.269962004923397707e-05 -9.922814004893392239e-05 -1.085276175417177537e-04 -1.200918779844229839e-04 -1.324922863379763649e-04 -1.439523566034196247e-04 -1.532022530293750552e-04 -1.602518642157981074e-04 -1.666919443858222091e-04 -1.752835635840922183e-04 -1.888857867917678507e-04 -2.091096113461538150e-04 -2.352979883906595267e-04 -2.644169625914686759e-04 -2.921363884965383481e-04 -3.148594362799044173e-04 -3.319470321022027575e-04 -3.470691148889784106e-04 -3.677755869485136450e-04 -4.029885160857968308e-04 -4.590630049999964079e-04 -5.359923902426686924e-04 -6.257256884262140826e-04 -7.142254965676802852e-04 -7.875335043502907891e-04 -8.402519375889580533e-04 -8.830489687301474157e-04 -9.449146683153685812e-04 -1.066930145002446253e-03 -1.287065774749366221e-03 -1.620066934692682278e-03 -2.040845851242117058e-03 -2.482236220154394359e-03 -2.856646787281166052e-03 -3.103915053905197206e-03 -3.256424067973679587e-03 -3.498158240149410684e-03 -4.182893825826437643e-03 -5.774712632634367189e-03 -8.685689538505238574e-03 -1.302065882629716530e-02 -1.829479582175145419e-02 -2.326849032771133655e-02 -2.615268293320413898e-02 -2.555627742142128206e-02 -2.275178459324149471e-02 -2.601604247528564728e-02 -5.885213168922449889e-02 -1.718392393574087462e-01 -4.782648509751495913e-01 -1.136985716020030956e+00 -2.795217471418962152e+00 -4.815789279213159801e+00 -1.682667131239552916e+01 1.986820719460998586e+00 -2.107897043103733665e+02 7.207345694769775264e+02 -5.384116623764541146e+03 2.325030252004877548e+04 -5.298092012437205995e+03 7.085181798898829584e+02 -1.998443506585381613e+02 3.758733731419200197e+00 -1.476567649592359821e+01 -3.887102125099897165e+00 -2.242665946229537965e+00 -9.657361794351837503e-01
-3.975487868700451276e-06 -1.132033357709582060e-06 -2.997070829183693520e-06 -4.832389440011818137e-06 -6.970078632763999124e-06 -9.014000560801414217e-06 -1.063911471164042385e-05 -1.165834008986537363e-05 -1.213427359551468692e-05 -1.237176354542931873e-05 -1.280684942125818195e-05 -1.383394990838018143e-05 -1.563709272395071627e-05 -1.811602866189841688e-05 -2.086782089705082051e-05 -2.358088423575139988e-05 -2.528414117010512350e-05 -2.790815964217433190e-05 -2.805344842591356273e-05 -2.056281162577721711e-05 -2.278147020617789220e-05 -2.460798869130479408e-05 -2.811199960093532573e-05 -3.226139181456140172e-05 -3.649543411233360698e-05 -4.017819981626845810e-05 -4.300666250858094876e-05 -4.512728908658586338e-05 -4.710493223089390823e-05 -4.969610093607500911e-05 -5.351798976274360240e-05 -5.875154779144745032e-05 -6.501861597078341956e-05 -7.150845549639661658e-05 -7.732435239421995860e-05 -8.191523546339553059e-05 -8.540111023122630516e-05 -8.862521909591488550e-05 -9.286936244227102818e-05 -9.931839160072309443e-05 -1.084900776463518587e-04 -1.198974518844873156e-04 -1.321456874560197523e-04 -1.434920670231111561e-04 -1.526845566578581179e-04 -1.597248104220818504e-04 -1.661702703771323752e-04 -1.747363011866105795e-04 -1.882438054687303626e-04 -2.082919366429098135e-04 -2.342469315054027535e-04 -2.631266129546238806e-04 -2.906599105684307387e-04 -3.132884201269596426e-04 -3.303680990438540022e-04 -3.455147006474283125e-04 -3.661913871260245195e-04 -4.012363496986380671e-04 -4.569646271845209228e-04 -5.334012083781225618e-04 -6.225974393235283099e-04 -7.106525924946470799e-04 -7.837171065885506667e-04 -8.364091522054988362e-04 -8.792830287411338396e-04 -9.411017681309761032e-04 -1.062683282595014260e-03 -1.281817357582936984e-03 -1.613266408757998939e-03 -2.032210767852907132e-03 -2.471946509184073416e-03 -2.845356355873326741e-03 -3.092494841592627070e-03 -3.245443651982889317e-03 -3.487244354276084618e-03 -4.170228740741798411e-03 -5.756994889611368599e-03 -8.658827440964482827e-03 -1.298125691981617813e-02 -1.824214122368402954e-02 -2.320629470728965277e-02 -2.608935207806822865e-02 -2.550211867908820998e-02 -2.271133136829061802e-02 -2.597376574351838163e-02 -5.874966829757440057e-02 -1.715443932604330257e-01 -4.775218509758669128e-01 -1.135388792929829194e+00 -2.791977090172302667e+00 -4.810355606297871844e+00 -1.681502262833763695e+01 1.996536146570417447e+00 -2.107306473893978875e+02 7.206679158225584843e+02 -5.383666039795045435e+03 2.325028831657064802e+04 -5.298532844547161403e+03 7.085781114454669023e+02 -1.998995257110483692e+02 3.750014586777616898e+00 -1.478467799153981410e+01 -3.861905449248187683e+00 -2.474296632544579655e+00
-1.786863925186387163e-06 2.859265270379421104e-06 2.867111627826014647e-06 1.664533950143582486e-06 -1.015333388669519228e-06 -4.551165937538210810e-06 -8.161096863926727569e-06 -1.111211777013100356e-05 -1.297777771748050149e-05 -1.376408304386930956e-05 -1.387517174027519267e-05 -1.393434370254112961e-05 -1.454829775911387779e-05 -1.600866019407696814e-05 -1.846270413202057742e-05 -2.088267395582311321e-05 -2.501250978040806249e-05 -2.637478189837476683e-05 -1.868108300660733801e-05 -2.059052960021369059e-05 -2.100036142211405781e-05 -2.270218530310265259e-05 -2.532655517517571998e-05 -2.894439849727202819e-05 -3.315462978528476920e-05 -3.737282791938108354e-05 -4.103410981179558245e-05 -4.385283121355359375e-05 -4.597356927985380901e-05 -4.794297429690400167e-05 -5.049652289753354652e-05 -5.423921066362373907e-05 -5.935572040428740233e-05 -6.548713190633222972e-05 -7.184987084411713723e-05 -7.757082409976384380e-05 -8.210854328020454943e-05 -8.557397854252026329e-05 -8.878597701540199693e-05 -9.299691781762467870e-05 -9.937029262889280278e-05 -1.084207858994612402e-04 -1.196791947223286245e-04 -1.317825296019891550e-04 -1.430201849345658668e-04 -1.521573288543158898e-04 -1.591881470989953867e-04 -1.656386181728545007e-04 -1.741805495342167861e-04 -1.875981615229387707e-04 -2.074788458612243874e-04 -2.332106612545754268e-04 -2.618607515321401662e-04 -2.892147390499747958e-04 -3.117514862667241293e-04 -3.288227626105175855e-04 -3.439927540312545315e-04 -3.646413653140997383e-04 -3.995257419058820193e-04 -4.549216013071625403e-04 -5.308835698091272969e-04 -6.195610811202633111e-04 -7.071853239557142909e-04 -7.800125109045629715e-04 -8.326775055740632831e-04 -8.756257951294084884e-04 -9.374013904436599666e-04 -1.058566877189578504e-03 -1.276735324635518099e-03 -1.606683135933828239e-03 -2.023848427379151566e-03 -2.461975274619374911e-03 -2.834408396010313150e-03 -3.081417477592133733e-03 -3.234796899697730665e-03 -3.476675834624002540e-03 -4.157981134188278374e-03 -5.739860805733059540e-03 -8.632817885991456511e-03 -1.294304639971782626e-02 -1.819100827652507524e-02 -2.314583490132438026e-02 -2.602776403476116801e-02 -2.544950412344264973e-02 -2.267221724647963677e-02 -2.593313887514230726e-02 -5.865067369247719403e-02 -1.712579301550863076e-01 -4.767977813615716931e-01 -1.133829915380887066e+00 -2.788810328631830426e+00 -4.805041942128066346e+00 -1.680362557864352269e+01 2.006041197014648336e+00 -2.106728437352057313e+02 7.206026158165218476e+02 -5.383224864200130469e+03 2.325027425802982543e+04 -5.298965167855487380e+03 7.086350606091116333e+02 -1.999530441330334440e+02 3.717890876420382629e+00 -1.471874798960573827e+01 -4.453221526775251071e+00
8.473833485192020569e-07 4.359596367254593326e-06 5.530825743396671827e-06 4.882582751429313842e-06 2.350120226073865987e-06 -1.518909586879991231e-06 -5.875897191229027136e-06 -9.821781306935128907e-06 -1.268216942617772122e-05 -1.419757997121467934e-05 -1.456726479968638230e-05 -1.436702974150212117e-05 -1.425397746615162612e-05 -1.501680904702575769e-05 -1.619341872455047442e-05 -2.021312033342970789e-05 -2.214742355171739742e-05 -1.479650495859271650e-05 -1.811748186593682049e-05 -1.911898963794798130e-05 -2.048028278863795224e-05 -2.183245192265871598e-05 -2.373466911959744055e-05 -2.647499872978245318e-05 -3.007556464403027523e-05 -3.421251352851734800e-05 -3.834175261474493719e-05 -4.192987351779431637e-05 -4.470262710214125865e-05 -4.679731461753403732e-05 -4.874074550826613375e-05 -5.124654704470888578e-05 -5.490652199966473122e-05 -5.990736391140424660e-05 -6.590708369577145498e-05 -7.214695567957727371e-05 -7.777583444431833697e-05 -8.226141140253033274e-05 -8.570627581026421732e-05 -8.890631833478907658e-05 -9.308596329429874637e-05 -9.938813620267421148e-05 -1.083241647280094058e-04 -1.194413633513571101e-04 -1.314068817927611867e-04 -1.425408248379499772e-04 -1.516251005740837962e-04 -1.586471522715136363e-04 -1.651031353363037089e-04 -1.736231555152742162e-04 -1.869559823710414622e-04 -2.066772465661996679e-04 -2.321955136001771806e-04 -2.606251368399575569e-04 -2.878064641481976210e-04 -3.102547696258095762e-04 -3.273184483003035625e-04 -3.425124372698994915e-04 -3.631363169740495613e-04 -3.978684365648814739e-04 -4.529456026998694576e-04 -5.284502061631533593e-04 -6.166261945224912151e-04 -7.038329173301138266e-04 -7.764303256391280128e-04 -8.290711232431103965e-04 -8.720965590351300841e-04 -9.338382637542490044e-04 -1.054609536514772034e-03 -1.271849139693918352e-03 -1.600344231044214865e-03 -2.015782104167012072e-03 -2.452343961482751546e-03 -2.823828766184306553e-03 -3.070722589393922678e-03 -3.224546478804700324e-03 -3.466543049288974259e-03 -4.146265036892788844e-03 -5.723434134580093931e-03 -8.607774538480352650e-03 -1.290611538618087646e-02 -1.814146342058915728e-02 -2.308719376720954827e-02 -2.596809736837687663e-02 -2.539881823539661895e-02 -2.263513828493455074e-02 -2.589520846734855511e-02 -5.855643819386335824e-02 -1.709810640712033092e-01 -4.760932368722926578e-01 -1.132308455208549391e+00 -2.785714976112337649e+00 -4.799845759236138321e+00 -1.679247950526320565e+01 2.015318212605210491e+00 -2.106163204322935485e+02 7.205384822015554391e+02 -5.382793172741944545e+03 2.325025985403788218e+04 -5.299391791740484223e+03 7.086924558072171294e+02 -2.000478671188448914e+02 3.845479844953604509e+00 -1.578479923546842123e+01
2.765583405992360596e-06 2.985206719308076197e-06 4.192730350367037888e-06 3.807284980740244641e-06 2.004011625566989801e-06 -9.802180302091283312e-07 -4.610744001322149937e-06 -8.237545157254507695e-06 -1.126510733775328056e-05 -1.331271880080499559e-05 -1.432754359159943239e-05 -1.452094307067937455e-05 -1.463812115016575878e-05 -1.438256567568261649e-05 -1.704930870387447373e-05 -1.773375497024980724e-05 -9.036998376421444712e-06 -1.319214408858936057e-05 -1.538904728151269067e-05 -1.800481748735385096e-05 -1.999768376030372266e-05 -2.159146049544671356e-05 -2.312820890872978541e-05 -2.508150683280334608e-05 -2.778980779708948787e-05 -3.129699203085943652e-05 -3.531192440355821117e-05 -3.932182347810922067e-05 -4.281612395767069794e-05 -4.552819654858680190e-05 -4.758663938034729318e-05 -4.949832465838528516e-05 -5.195513764770173532e-05 -5.553527913214571776e-05 -6.042629534929381651e-05 -6.630147018430876534e-05 -7.242531049448661985e-05 -7.796762280911299209e-05 -8.240513586589578543e-05 -8.583281853787452580e-05 -8.902477199617096239e-05 -9.317848399265364796e-05 -9.941670574200900693e-05 -1.082470015686835059e-04 -1.192322026357422375e-04 -1.310684863369476554e-04 -1.421059820743239446e-04 -1.511434193457285920e-04 -1.581623299475356506e-04 -1.646302513023343032e-04 -1.731366054456926081e-04 -1.863950582173256069e-04 -2.059689931657963794e-04 -2.312864178021152865e-04 -2.595078221966510613e-04 -2.865278200604887701e-04 -3.088986033518803347e-04 -3.259665468312200240e-04 -3.411989579703172981e-04 -3.618161925364513478e-04 -3.964177955931497198e-04 -4.512005089505106590e-04 -5.262728282294622728e-04 -6.139721294885540576e-04 -7.007864354714059057e-04 -7.731819114964376361e-04 -8.258328851425966732e-04 -8.689799038328059914e-04 -9.307436780775706986e-04 -1.051186532259132346e-03 -1.267568639616378258e-03 -1.594683538032441467e-03 -2.008467008545795907e-03 -2.443543751936788719e-03 -2.814181396435517894e-03 -3.061101815614377785e-03 -3.215570186106572054e-03 -3.457949531947735085e-03 -4.136409247528824440e-03 -5.709221867214715404e-03 -8.585310509983986108e-03 -1.287214316155277372e-02 -1.809533029030688592e-02 -2.303262440688406618e-02 -2.591357297353849565e-02 -2.535498817739768526e-02 -2.260746726791683370e-02 -2.587018244363076605e-02 -5.847962291986463779e-02 -1.707274931899619985e-01 -4.754208324796758700e-01 -1.130834849668662878e+00 -2.782703399574840031e+00 -4.794800350786812437e+00 -1.678168607314950833e+01 2.024072092124432842e+00 -2.105617422712441567e+02 7.204737327424088562e+02 -5.382373508864908217e+03 2.325023409173112668e+04 -5.299807752760502808e+03 7.085982226453991188e+02 -1.996175848300174209e+02 9.330217707454104004e-02
3.144632137325313947e-06 -3.241862928784457356e-07 -9.339864652167585393e-08 -5.658133872819533526e-07 -1.409604617012718771e-06 -2.775053895984409044e-06 -4.646464151603820546e-06 -6.887245853259560639e-06 -9.235834584306839204e-06 -1.138806381178627907e-05 -1.301919691897192441e-05 -1.430328172276798307e-05 -1.436155943582417511e-05 -1.672356159098574313e-05 -1.601832167151154179e-05 -4.656422987734014676e-06 -8.031192712747750630e-06 -9.971588154111546163e-06 -1.324938884140820573e-05 -1.642860982608800968e-05 -1.920223847770047789e-05 -2.134763461099530558e-05 -2.300324269759699097e-05 -2.455319605106998101e-05 -2.646605424271034342e-05 -2.908445413428555748e-05 -3.246515216241015574e-05 -3.633921976016688394e-05 -4.021847079292822902e-05 -4.361066782485535003e-05 -4.625461466120657760e-05 -4.826993293532007664e-05 -5.014448685927365326e-05 -5.254963100397955114e-05 -5.605061775204441080e-05 -6.083545604325960249e-05 -6.659128954271082508e-05 -7.260391068135330810e-05 -7.806234124759613830e-05 -8.245150580430441964e-05 -8.585914193998898372e-05 -8.903901442654039218e-05 -9.316357244203071005e-05 -9.933690448992083975e-05 -1.080632333596034494e-04 -1.189199700215578197e-04 -1.306303336745220282e-04 -1.415722397329119268e-04 -1.505597250702983233e-04 -1.575683662136463420e-04 -1.640386705456772017e-04 -1.725220372874416205e-04 -1.856996449759593039e-04 -2.051239569645135806e-04 -2.302416292214852793e-04 -2.582563958635433364e-04 -2.851131396632799976e-04 -3.073975407417036906e-04 -3.244527869092806056e-04 -3.397005872735864404e-04 -3.602868955561432129e-04 -3.947382302564271528e-04 -4.492152917041277458e-04 -5.238524490432552687e-04 -6.110749606081382519e-04 -6.974899061437674725e-04 -7.696595203814406410e-04 -8.222738399266386498e-04 -8.654750302898303127e-04 -9.271845023318400292e-04 -1.047231194021216658e-03 -1.262712671496060181e-03 -1.588433676947034875e-03 -2.000564601902470822e-03 -2.434140065264195525e-03 -2.803851703832314912e-03 -3.050619406731076844e-03 -3.205443796447933740e-03 -3.447845750349740404e-03 -4.124695168843281641e-03 -5.692919834265296880e-03 -8.560713190210523724e-03 -1.283615000084975533e-02 -1.804724709328149254e-02 -2.297575616341411206e-02 -2.585549415455518085e-02 -2.530503535418442834e-02 -2.256977541198828402e-02 -2.583065464394599178e-02 -5.838508076410873354e-02 -1.704571872843829161e-01 -4.747406230831839324e-01 -1.129372494736194055e+00 -2.779733455402761511e+00 -4.789814850201476126e+00 -1.677098521480708726e+01 2.033013203532968216e+00 -2.105073882470369426e+02 7.204124658822494212e+02 -5.381958338217329583e+03 2.325022158024031523e+04 -5.300213287319154915e+03 7.086511849515593440e+02 -1.996477992353877369e+02
1.818861090751740635e-06 -3.906029002488529134e-06 -5.149514984225297773e-06 -5.973819348202906501e-06 -6.056424153998909338e-06 -5.832104783164147062e-06 -5.764487393142670779e-06 -6.242984487521940365e-06 -7.439473832971032253e-06 -9.201818666280542697e-06 -1.142459403472075221e-05 -1.257719883840895583e-05 -1.637396188174490571e-05 -1.590420290498613997e-05 -2.682656731684721968e-06 -5.332112675865260754e-06 -6.029054844991345022e-06 -8.464588474984169843e-06 -1.148007297725314523e-05 -1.486767933044115695e-05 -1.813762332470290447e-05 -2.092343274073113008e-05 -2.307343497271743208e-05 -2.472525769492460793e-05 -2.625218780811021827e-05 -2.810885567781696876e-05 -3.063387751779932675e-05 -3.389419528195120442e-05 -3.764246487144169142e-05 -4.141500197011930125e-05 -4.473686857756171503e-05 -4.734970275194743804e-05 -4.936034060242298324e-05 -5.123385698228514605e-05 -5.361890486369355694e-05 -5.706839978441278528e-05 -6.177430144552984196e-05 -6.744275601427355930e-05 -7.338546093006007346e-05 -7.881250101231394216e-05 -8.321482083169209258e-05 -8.666723339687395979e-05 -8.989626998604675152e-05 -9.404454599933013558e-05 -1.001976637343085795e-04 -1.088626231398039465e-04 -1.196417362876258820e-04 -1.312956969426762549e-04 -1.422358632592509440e-04 -1.512890142089688347e-04 -1.584139579401220178e-04 -1.650092042944318541e-04 -1.735760755432150140e-04 -1.867613126597117293e-04 -2.061184063651263978e-04 -2.311362768324329308e-04 -2.590886394111970958e-04 -2.859884392038350171e-04 -3.084532770540491186e-04 -3.257991402379497138e-04 -3.413634256617981990e-04 -3.621818538322587959e-04 -3.966963220159712184e-04 -4.510594762052848599e-04 -5.254990165993008366e-04 -6.126148297718526144e-04 -6.992028975602419556e-04 -7.719358394435307065e-04 -8.254561593325499946e-04 -8.696790793292850496e-04 -9.321856323959749760e-04 -1.052499596024119959e-03 -1.267633685531227052e-03 -1.592667323269049418e-03 -2.004410131205739288e-03 -2.438714542196935599e-03 -2.810907393489313691e-03 -3.061937094490169847e-03 -3.221931398457456193e-03 -3.468695885798978376e-03 -4.147113112303003717e-03 -5.712923486383055319e-03 -8.575247521295258080e-03 -1.284622184083913585e-02 -1.806106863499457038e-02 -2.301016513216887910e-02 -2.593349052427214307e-02 -2.544751803261451756e-02 -2.278074879328106234e-02 -2.607780967258751734e-02 -5.858141940185267876e-02 -1.704573051871751954e-01 -4.743638000811780109e-01 -1.128529994254467761e+00 -2.778494673561126227e+00 -4.789591855831333511e+00 -1.677174415152340714e+01 2.014153835401994552e+00 -2.105035712698489476e+02 7.201898143204265352e+02 -5.381569417994945070e+03 2.324830161370572023e+04 -5.294523759086390783e+03 6.613677007313376635e+02
-3.255432411516116378e-07 -5.901487892055254364e-06 -8.270405486947735255e-06 -9.425852490189085773e-06 -9.199233626904759677e-06 -8.089480859960424751e-06 -6.778195262095651756e-06 -5.952930525836028171e-06 -6.039539382840544963e-06 -7.318501639903689304e-06 -8.614772781505925504e-06 -1.413017643623495117e-05 -1.442071844361442408e-05 -4.089050521950288310e-07 -3.794658518791594579e-06 -4.090833128070519485e-06 -5.606382695863444027e-06 -7.455736487006193021e-06 -9.937290609107236753e-06 -1.292371444054861509e-05 -1.613728748632538960e-05 -1.919066943134519016e-05 -2.175605012692983177e-05 -2.370844948958007541e-05 -2.519164847393749808e-05 -2.656977392863491938e-05 -2.827938389604126644e-05 -3.064083659347468982e-05 -3.371055068987160005e-05 -3.724293102806364516e-05 -4.078780189944364494e-05 -4.389010352267255262e-05 -4.630945773247122961e-05 -4.816085602941555142e-05 -4.990336921348971022e-05 -5.216675630903390231e-05 -5.547892150802559365e-05 -6.001057284662665716e-05 -6.545945501212746119e-05 -7.114608913550016852e-05 -7.630390003571756305e-05 -8.045231253237271124e-05 -8.368701323850402966e-05 -8.673685029817131446e-05 -9.072410834482270438e-05 -9.669689886445233598e-05 -1.051215556351951336e-04 -1.155739927736317485e-04 -1.268163115655213211e-04 -1.372919301425224630e-04 -1.458793175054163443e-04 -1.525863374084260337e-04 -1.588325770744810554e-04 -1.670951921130858005e-04 -1.799520173262825673e-04 -1.988644983787961980e-04 -2.232434858189383589e-04 -2.503369191690818681e-04 -2.762057954075262099e-04 -2.975799329492862032e-04 -3.139075019375373661e-04 -3.286118869466912512e-04 -3.487062683571388703e-04 -3.824745427105430071e-04 -4.358072809179021367e-04 -5.086573283057737671e-04 -5.934615200101863754e-04 -6.770702503728954786e-04 -7.464560813308226614e-04 -7.967148950063848841e-04 -8.381588968673180226e-04 -8.984425532611826914e-04 -1.016625493697898919e-03 -1.228688389171689798e-03 -1.548353209570275772e-03 -1.951258049120122018e-03 -2.372904482603269312e-03 -2.729568795275411856e-03 -2.964433286380910131e-03 -3.110348149914122541e-03 -3.346712043157815814e-03 -4.016757871149969142e-03 -5.569501022516064673e-03 -8.401845092254545816e-03 -1.261038580766953889e-02 -1.771698148442936785e-02 -2.250923170040110624e-02 -2.524389754813202019e-02 -2.457833584726752674e-02 -2.179740594823631819e-02 -2.508289006328727130e-02 -5.761452938874753876e-02 -1.692424708917121823e-01 -4.717633116560158713e-01 -1.121603418785588113e+00 -2.760219284635975878e+00 -4.747585880065961383e+00 -1.667000629313389481e+01 2.186478617349478792e+00 -2.099128074396914485e+02 7.201904844578084521e+02 -5.374851663209322396e+03 2.322812609118208275e+04 -5.138126991386759073e+03
-3.597096780650759752e-06 -6.777786789724420664e-06 -1.026096772242557996e-05 -1.205306127843833721e-05 -1.230488435797746462e-05 -1.135678820542137998e-05 -9.857544634363820112e-06 -8.530675132698283284e-06 -8.095531741165809750e-06 -8.499730031150486736e-06 -1.224751930684034943e-05 -8.271370363144970830e-06 5.516767276569772533e-06 -3.235862864192236330e-07 -2.721371096024316279e-06 -5.709405686980877286e-06 -8.080945858069888806e-06 -1.031296900370566874e-05 -1.274506594979338039e-05 -1.567247267761511889e-05 -1.913976905559021784e-05 -2.292486349150782537e-05 -2.663145434315948272e-05 -2.986567740363378274e-05 -3.241913988615326153e-05 -3.437833019959000329e-05 -3.610811135820508769e-05 -3.810940074021808586e-05 -4.080640631201924240e-05 -4.435445952271617969e-05 -4.855656370518564611e-05 -5.293547264794808350e-05 -5.694157266186195031e-05 -6.021328030623423881e-05 -6.277506068500154684e-05 -6.507467557551158306e-05 -6.782563362122232562e-05 -7.170682777306242376e-05 -7.704396476575800599e-05 -8.362114332712966959e-05 -9.072820787509488008e-05 -9.745311125908750430e-05 -1.031137609582697447e-04 -1.076431384422423969e-04 -1.117365804694266373e-04 -1.166535504701474065e-04 -1.237147313784478779e-04 -1.336871534745925005e-04 -1.463365962779894166e-04 -1.603961280331351333e-04 -1.740430391692087027e-04 -1.857500503485837434e-04 -1.951676050632063220e-04 -2.036098686714844840e-04 -2.138222708878968986e-04 -2.289866413391377547e-04 -2.512896089381507435e-04 -2.806652047716624463e-04 -3.143870907711004991e-04 -3.479333654573017135e-04 -3.770195442134176332e-04 -4.000995155326241915e-04 -4.201960070408357014e-04 -4.449524025854402769e-04 -4.843550048854511000e-04 -5.465756888412846761e-04 -6.334878485178244319e-04 -7.380481348149400735e-04 -8.455883607824212812e-04 -9.397708071932334064e-04 -1.011915558512282813e-03 -1.070226355500539890e-03 -1.144072682594303230e-03 -1.279113963616901675e-03 -1.521786548870096307e-03 -1.896620568175381863e-03 -2.385190335771579084e-03 -2.919118574672821976e-03 -3.399199487251900603e-03 -3.745739294688614756e-03 -3.972796685106946661e-03 -4.262229864378304367e-03 -4.998345123973765673e-03 -6.718333155705308833e-03 -9.943503616712276102e-03 -1.489251151439663357e-02 -2.114058624614368817e-02 -2.738039186731395028e-02 -3.156836857919986111e-02 -3.188746420604149368e-02 -2.919400993136359035e-02 -3.185167007260509414e-02 -6.495223108741227103e-02 -1.841316689474533086e-01 -5.140535000594297355e-01 -1.240092236137914306e+00 -3.046617339531516144e+00 -5.453501762704640932e+00 -1.793199352509030220e+01 -1.989135162873477025e+00 -2.103238758148101510e+02 6.710420785432355615e+02 -5.217809895545829932e+03 2.201004276693354768e+04
