6.906274115927123057e+04 -1.379570276057234878e+04 2.540490784677666852e+03 -4.927623478544833233e+02 8.370521194304420476e+01 -1.845091683034050689e+01 1.788544993374562075e+00 -1.157185259624882390e+00 -2.409883068763793157e-01 -1.954430645083121976e-01 -8.385638090528088617e-02 -3.726823508379147054e-02 -1.066512106470150420e-02 5.022614349507956979e-04 3.851919916810799243e-03 3.332482785409126951e-03 1.586052241895022146e-03 -2.264961931718940973e-05 -9.565202033150653959e-04 -1.184610407852248071e-03 -9.440889702070010469e-04 -5.152705092720139554e-04 -1.240046655441125927e-04 1.134011704883877377e-04 1.814635311020038814e-04 1.289750734154251378e-04 2.867344850645868885e-05 -5.896972273594620835e-05 -1.014720389181441592e-04 -9.605716229562164942e-05 -5.988260453909281062e-05 -1.644669340582542187e-05 1.539319018888429122e-05 2.732609867682429588e-05 2.142396100357346278e-05 6.062688964921558911e-06 -9.218589977737090280e-06 -1.785166665316782492e-05 -1.794378687013769967e-05 -1.165507805491015027e-05 -3.205987331639879376e-06 3.464524059678892841e-06 6.185541738093021056e-06 4.982846114276554728e-06 1.484614559810817761e-06 -2.181363770680127286e-06 -4.365762814166742441e-06 -4.482872873641722384e-06 -2.958441300672228446e-06 -8.066592205951500462e-07 9.411992543340332969e-07 1.679070315404012843e-06 1.363211289535747392e-06 4.068532312506715536e-07 -6.145857712382354923e-07 -1.238782203943009857e-06 -1.284185418239931785e-06 -8.609286406872520506e-07 -2.488558795663323161e-07 2.559577205317338379e-07 4.748160513981016020e-07 3.912700412261589340e-07 1.194678280914508712e-07 -1.749920259627779821e-07 -3.593316879483368774e-07 -3.794802045218710868e-07 -2.648988836185240724e-07 -9.426798132067177601e-08 5.013848721134781139e-08 1.178825806206572736e-07 1.038110637649401345e-07 3.750936965663689170e-08 -3.824595475921374493e-08 -8.916101975225691165e-08 -1.013262337714425905e-07 -8.069442776697018368e-08 -4.447154535213386387e-08 -1.025209380938736990e-08 1.134265278464416739e-08 1.812780447768770045e-08 1.393469703607198140e-08 4.292685069863241558e-09 -6.479235480648272798e-09 -1.592874667984867943e-08 -2.281438598875560020e-08 -2.579084601972122294e-08 -2.362031949523763999e-08 -1.592091547674200584e-08 -4.265062607187520155e-09 7.594404587205072652e-09 1.513308067157086924e-08 1.494373109623738368e-08 6.844675100232304652e-09 -5.771850723862500411e-09 -1.724355602668014107e-08 -2.220377760436438366e-08 -1.828018855613868132e-08 -7.159946906319389099e-09 6.046164797027370561e-09 1.532209733774821791e-08 1.662730626272370520e-08 9.506198251523673690e-09 -1.369620954737303243e-09 -1.676868644255594982e-08
-9.129880632006930682e+03 2.742184807569319673e+04 -6.234239247178853475e+03 1.020356406036082831e+03 -2.277198617117213075e+02 2.657524401431756189e+01 -1.150639930223949747e+01 -1.110094231273256238e+00 -1.398915397942792183e+00 -5.509988281544585531e-01 -2.935932839644825876e-01 -1.264586035477041348e-01 -4.842200987878903656e-02 -1.153788487787729862e-02 2.322555188055486566e-03 5.163869335078590493e-03 3.515912784898772656e-03 8.935637343766215761e-04 -1.114376245499164222e-03 -2.050757256273909052e-03 -2.061075742600994905e-03 -1.525456888230873739e-03 -8.295493752008085281e-04 -2.463275603186250093e-04 9.859996872651261739e-05 2.038343491749140942e-04 1.435779753042207242e-04 1.502981698430442138e-05 -1.011733476442952566e-04 -1.606414576611333515e-04 -1.567096246604333715e-04 -1.088705719861678546e-04 -4.684122336632008356e-05 3.583098580382000829e-06 2.865422680730321108e-05 2.795248867225149766e-05 1.061632221641341181e-05 -1.083680146365783804e-05 -2.606790634486623015e-05 -3.016138967601990443e-05 -2.397152500944291727e-05 -1.222243547338008094e-05 -6.742548099304017616e-07 6.397987110345621230e-06 7.504054150444413396e-06 3.854640971147094875e-06 -1.756364243523495820e-06 -6.427954656841429784e-06 -8.325446000725572602e-06 -7.172844696464899638e-06 -4.012845957238880750e-06 -4.962963256973783459e-07 1.919205738750861292e-06 2.523753490925928916e-06 1.491214568233305402e-06 -3.697263548726984940e-07 -2.073432626667302193e-06 -2.897334152836676267e-06 -2.628762700985033609e-06 -1.555962525955666106e-06 -2.542656108076527675e-07 7.069041391699962728e-07 1.001123353760471415e-06 6.391976296417551823e-07 -9.441818304462342373e-08 -8.083011046619219828e-07 -1.187322813519364929e-06 -1.113113021209232695e-06 -6.812644149834881795e-07 -1.258040174547131089e-07 3.031098885510976181e-07 4.484294095626410789e-07 2.987057452301974852e-07 -2.953613372757808765e-08 -3.614580382386427304e-07 -5.475381796936527009e-07 -5.240405579956809114e-07 -3.275669617017257704e-07 -6.455811411778020070e-08 1.447021594790455601e-07 2.200752513049406764e-07 1.504623526491796238e-07 -1.095129172617497104e-08 -1.786257528072734337e-07 -2.761421646097107777e-07 -2.681064662177345589e-07 -1.700559676163248466e-07 -3.490877373153890198e-08 7.496034875848631595e-08 1.161595172686719132e-07 8.077485691838249039e-08 -4.688056915955034663e-09 -9.520616996769640696e-08 -1.492387496827746703e-07 -1.464489742531439506e-07 -9.399329794729429702e-08 -2.003679990564172590e-08 4.112721514338256159e-08 6.484292290928093728e-08 4.574040158708146403e-08 -2.039626494840891102e-09 -5.409039786974978934e-08 -8.342940622014890800e-08 -9.729798535270061559e-08
1.435979117556462825e+03 -4.930407691558357328e+03 2.449457351152956107e+04 -5.746715245027684432e+03 8.690322424922834443e+02 -2.183152113229563724e+02 1.561050217939991924e+01 -1.393588408920689936e+01 -2.916065279069054217e+00 -2.194114065185490237e+00 -9.453459476821509666e-01 -4.571379510175154759e-01 -1.812493648679926184e-01 -5.543371191676428611e-02 -3.230370000914131387e-03 1.119209224528386858e-02 9.506740014977761721e-03 3.172860186358834184e-03 -2.348033087359001347e-03 -5.221852256007320295e-03 -5.561109454328205109e-03 -4.301796700712914000e-03 -2.487198424661542836e-03 -8.920859857153998554e-04 1.001104054366999891e-04 4.527964680740919571e-04 3.463023590826241416e-04 3.532669572154114153e-05 -2.618202657434940610e-04 -4.206930659823537280e-04 -4.168028871785680483e-04 -2.971504176163570089e-04 -1.376552674394154307e-04 -5.615931295417625791e-06 6.230618144006758337e-05 6.408316919372707902e-05 2.253744345615316439e-05 -3.041702854146753634e-05 -6.831455864734436404e-05 -7.845840865501571050e-05 -6.282656345478902283e-05 -3.324905863970679167e-05 -4.144636468310981192e-06 1.378983098548733844e-05 1.686014622463744789e-05 8.105632006296163594e-06 -5.524560711696925054e-06 -1.684752911966809334e-05 -2.135781290450856462e-05 -1.840096160417120880e-05 -1.055975190818356700e-05 -1.884789650004319741e-06 4.072829761434945551e-06 5.601862915795375732e-06 3.147321680641025853e-06 -1.314024675329556248e-06 -5.391071607418742555e-06 -7.340909617283878792e-06 -6.658131959045199620e-06 -4.042785490394543874e-06 -8.808034889966328881e-07 1.460854745700056970e-06 2.200913719146379863e-06 1.364723519615933680e-06 -3.685702179442943166e-07 -2.064723341242620913e-06 -2.970089205833011022e-06 -2.797542519082081385e-06 -1.768927697381919224e-06 -4.363919564268556961e-07 6.054170423353020628e-07 9.787439681174484062e-07 6.487867640476208166e-07 -1.152298780804026712e-07 -9.015456742876307370e-07 -1.353213097551633585e-06 -1.311860125956948786e-06 -8.556335261498996044e-07 -2.307105936436746697e-07 2.787986249099683620e-07 4.782092038865819340e-07 3.333477307846484693e-07 -3.727136024359652345e-08 -4.345281756005346711e-07 -6.755174741448157394e-07 -6.702602249746269064e-07 -4.480566515398199516e-07 -1.290214474495679062e-07 1.399042620734867561e-07 2.521569453558233326e-07 1.826529418993500287e-07 -1.161239312238487182e-08 -2.266522626495533113e-07 -3.625413599985761633e-07 -3.664244873602126647e-07 -2.497892903243246612e-07 -7.565924900547035651e-08 7.508125568973802335e-08 1.411636793351609378e-07 1.053507874587577656e-07 -2.779059494822740200e-09 -1.272217309729550879e-07 -2.017762105242377574e-07 -2.467207745266009957e-07
-2.389570403494456343e+02 7.550514313348193127e+02 -4.877168502840920155e+03 2.387982561391557101e+04 -5.633551811634440128e+03 8.173292608558274424e+02 -2.188362066452304759e+02 1.026481147177974229e+01 -1.560875531125651960e+01 -3.929827549355054739e+00 -2.627709770502488329e+00 -1.128297116004037592e+00 -5.129217489169304312e-01 -1.858688804029118014e-01 -4.518037904852682113e-02 5.835665724722310238e-03 1.435723927686280953e-02 7.403173336597724391e-03 -1.720264584462140572e-03 -7.615469851487550318e-03 -9.322368135423539717e-03 -7.947354243359901899e-03 -5.170097655272152745e-03 -2.405592994960935923e-03 -4.686511474074647027e-04 4.267224653876324956e-04 4.857500700240934195e-04 9.715526944953390700e-05 -3.650634331465193007e-04 -6.587313024474809788e-04 -7.038079295931292311e-04 -5.481028450413282177e-04 -3.027516466134159436e-04 -7.864803575233126774e-05 5.496915455680371777e-05 8.324278259607897847e-05 3.458161685905654419e-05 -4.295306514737985481e-05 -1.053869759347412751e-04 -1.282026566172234604e-04 -1.100348729158440023e-04 -6.664132621709978875e-05 -2.003527323924084817e-05 1.188185512421397742e-05 2.136511998735772275e-05 1.138836562307815108e-05 -8.146683071728145486e-06 -2.600733354850100744e-05 -3.442135419855738042e-05 -3.138220963944836410e-05 -2.012284659340356354e-05 -6.617211840213497728e-06 3.467507658187805290e-06 7.029374096007657218e-06 4.266762375658730699e-06 -2.081724867226704141e-06 -8.378600268923756599e-06 -1.176400869544294342e-05 -1.118131387807262687e-05 -7.461783090846000980e-06 -2.615173636797392626e-06 1.231834445940556096e-06 2.748159386485507065e-06 1.813110859973801969e-06 -6.480406379608225122e-07 -3.235986411710115959e-06 -4.748216016854810606e-06 -4.651949034689071552e-06 -3.195434622175514072e-06 -1.172019478213462568e-06 5.069820728183537380e-07 1.219343274102948361e-06 8.512002842286227388e-07 -2.341773252823316530e-07 -1.425483915670028198e-06 -2.162399247717775463e-06 -2.167441723849070526e-06 -1.522086745525197582e-06 -5.784230792194876369e-07 2.318940447397695910e-07 5.950141997573491691e-07 4.333439871146164733e-07 -9.407738264237452600e-08 -6.930596125885736636e-07 -1.079813851625302564e-06 -1.102179896614603646e-06 -7.877415201823482402e-07 -3.078615520478894664e-07 1.156335815125337241e-07 3.134700598781074787e-07 2.358205075176872040e-07 -4.116251780035784946e-08 -3.643359697074933558e-07 -5.798967674666769015e-07 -6.005090851153741838e-07 -4.352728594269038650e-07 -1.740304563545862993e-07 6.162489658830026582e-08 1.753591120379132590e-07 1.352119746592490962e-07 -1.927895062718189369e-08 -2.062682347073921871e-07 -3.226094257431561952e-07 -4.077534289684840542e-07
3.955427456660359553e+01 -1.398138121380453640e+02 7.153407381867118602e+02 -4.971504531607743957e+03 2.363459051552406527e+04 -5.577645122358453591e+03 7.895565456532311828e+02 -2.193192473077846785e+02 7.177426406751154175e+00 -1.655435326191521739e+01 -4.471205919220749614e+00 -2.829882878941535562e+00 -1.195013312681873607e+00 -5.200451958819798381e-01 -1.766367261924462195e-01 -3.703440449184276090e-02 7.823880248268431925e-03 1.105913196119828398e-02 1.563389792544105312e-03 -7.561378937388302073e-03 -1.194902666875488802e-02 -1.172575334238312207e-02 -8.758414180495504783e-03 -5.060148985353549178e-03 -2.026423238574961722e-03 -2.505279452861330154e-04 3.245895243727577994e-04 1.161385802779527960e-04 -3.821863905539879839e-04 -7.935593071570646445e-04 -9.378407571160513913e-04 -8.157254737469933495e-04 -5.378916118761315531e-04 -2.425503076650760740e-04 -3.281100516409211681e-05 5.131933556227042894e-05 2.836620003087931072e-05 -4.951122664210842218e-05 -1.263604351129422074e-04 -1.647116569996979205e-04 -1.544202341593515788e-04 -1.085859358658891296e-04 -5.175757061383856833e-05 -6.983413847975600546e-06 1.307331826809955309e-05 8.590329196796613493e-06 -1.064763965230148505e-05 -3.150625814146670487e-05 -4.357156186120127552e-05 -4.268904595047113404e-05 -3.117002408478038188e-05 -1.534406002823050861e-05 -2.046273726752384197e-06 4.323022849966118295e-06 3.103121931691533394e-06 -3.131841939727903703e-06 -1.029974954511953020e-05 -1.480546185737747174e-05 -1.493201414755046480e-05 -1.118122283323021584e-05 -5.628728603587732120e-06 -7.497622421244422077e-07 1.699128326349489405e-06 1.290454394135456578e-06 -1.132173179297272933e-06 -4.034911307655862422e-06 -5.962172236818410793e-06 -6.138466602135783137e-06 -4.680101262743919403e-06 -2.394222106508447432e-06 -3.190446558775594605e-07 7.581633961278652264e-07 5.979188831449248172e-07 -4.754077109144348509e-07 -1.800515096417897128e-06 -2.714596479328185729e-06 -2.837709750397326596e-06 -2.192997892587309762e-06 -1.136072113230788073e-06 -1.523556199468035408e-07 3.716378327457244005e-07 3.013830129978165480e-07 -2.230284289511605813e-07 -8.857846786764236342e-07 -1.356404153135505340e-06 -1.434903869772917747e-06 -1.120811932033817588e-06 -5.865200485232387237e-07 -7.924101971131842081e-08 1.965468728008453311e-07 1.628314293599589116e-07 -1.140153379843159946e-07 -4.704217502790387471e-07 -7.292070331985772793e-07 -7.786895376569889373e-07 -6.134385547292582188e-07 -3.236785726637554045e-07 -4.417254470865772228e-08 1.102543765452013491e-07 9.262211838044513782e-08 -6.263056961998380538e-08 -2.693403693417734170e-07 -4.055476213790859174e-07 -5.359509368411437774e-07
-6.965119435663603475e+00 1.975823059232864409e+01 -1.483542913801191787e+02 7.092520404853279388e+02 -5.042659755603255689e+03 2.350906688925808339e+04 -5.541672347864589028e+03 7.725080811030069299e+02 -2.192304496586698406e+02 5.366072811052670311e+00 -1.703043614930732019e+01 -4.737535175289451672e+00 -2.908871363833755552e+00 -1.211359042679420517e+00 -5.145442739052534797e-01 -1.703955966797235655e-01 -3.588075866573432054e-02 4.252239011304950571e-03 5.256235645799655666e-03 -4.115773056007079704e-03 -1.174444869637967202e-02 -1.429633565635096519e-02 -1.259888504112174207e-02 -8.803194649943913222e-03 -4.875494365044470528e-03 -1.987360541452069026e-03 -4.781729279777321615e-04 -1.045381172964729574e-04 -3.676581119880116739e-04 -7.846884151992215405e-04 -1.042648496877298173e-03 -1.034587055191922437e-03 -8.121592032674410881e-04 -5.021889759831752289e-04 -2.287215465304280994e-04 -6.490368710527095325e-05 -2.108033469221170112e-05 -6.061779349590206795e-05 -1.284398525076185023e-04 -1.776634864839354887e-04 -1.849386593383060091e-04 -1.522612738678765355e-04 -9.849324938083112396e-05 -4.682082410226302941e-05 -1.407741168411000218e-05 -5.517427369667954478e-06 -1.562652361950320410e-05 -3.302838007856013309e-05 -4.652444408418948961e-05 -4.957003236998379716e-05 -4.178898619533457721e-05 -2.763363035304685733e-05 -1.339019352046133430e-05 -4.130256453357073070e-06 -1.846964440444872744e-06 -5.276129551402377413e-06 -1.110551043235920587e-05 -1.577781643773241432e-05 -1.702369036789011945e-05 -1.454449295513173162e-05 -9.737554530126083999e-06 -4.766703937208653671e-06 -1.493035920791706241e-06 -7.384696918747499417e-07 -2.125607890410754714e-06 -4.454412751072162398e-06 -6.358454582314588859e-06 -6.914709137891432352e-06 -5.958135899016641299e-06 -4.019598098693257613e-06 -1.978422034899967500e-06 -6.250010478965138966e-07 -3.342305777841950382e-07 -9.704672285291283371e-07 -2.026707073791034055e-06 -2.901176156486221656e-06 -3.171266915093996914e-06 -2.747959930357110687e-06 -1.863046481734374326e-06 -9.198814385572617889e-07 -2.924787757652121444e-07 -1.669032193685516282e-07 -4.871402834989848600e-07 -1.013694299689980648e-06 -1.453396844850364028e-06 -1.594419744114196959e-06 -1.387198646226047675e-06 -9.437793785540513627e-07 -4.669204751748573298e-07 -1.491527191633429440e-07 -8.970973642724105865e-08 -2.630016575062596693e-07 -5.457586140306133982e-07 -7.833977720538650005e-07 -8.617225197674507032e-07 -7.519849701118952398e-07 -5.129002615582241341e-07 -2.540980606043559259e-07 -8.160509351406149158e-08 -5.172659848410048678e-08 -1.510299394552700582e-07 -3.167828998563105415e-07 -4.360312569045404203e-07 -6.049183414579895072e-07
1.090176367237770449e+00 -4.883685588921666820e+00 1.618907057129463212e+01 -1.591350210656934223e+02 7.065209691397857341e+02 -5.093016487654803313e+03 2.343606764081128495e+04 -5.515774776573738563e+03 7.612513758470776111e+02 -2.187754816238134481e+02 4.280759837467231321e+00 -1.724932534121318639e+01 -4.864823128961996090e+00 -2.935498020473801706e+00 -1.212797336277007032e+00 -5.101691016196208128e-01 -1.691871318402624058e-01 -3.854628989308029469e-02 -5.503082114862361878e-04 3.099145467204752623e-04 -7.956902531846920743e-03 -1.410312905053996355e-02 -1.541156801571677559e-02 -1.297249451763343199e-02 -8.915415768812107178e-03 -5.032749424111924823e-03 -2.295488597807638070e-03 -8.970526284492643786e-04 -5.319583344259280495e-04 -7.113741388831135290e-04 -1.001528669299343822e-03 -1.142899159824463081e-03 -1.062805076932669219e-03 -8.201202018558902129e-04 -5.271903084440941311e-04 -2.840733254069533116e-04 -1.426427273657684264e-04 -1.022366211511209375e-04 -1.268256222930930655e-04 -1.699377293882729746e-04 -1.955115481554703068e-04 -1.881396395601174130e-04 -1.522943858277206594e-04 -1.041472886498087306e-04 -6.135977684884167695e-05 -3.533534479245643996e-05 -2.819397581926788457e-05 -3.433547302123986239e-05 -4.467945466571952645e-05 -5.120798686748073936e-05 -4.990950682372545017e-05 -4.135898617287322082e-05 -2.929854587919435851e-05 -1.827244961557280756e-05 -1.151223811842960078e-05 -9.863627116473010721e-06 -1.195442049562254525e-05 -1.524902466583956893e-05 -1.735402904965727895e-05 -1.698334523018933521e-05 -1.425322974350718826e-05 -1.032986311566802874e-05 -6.710098416612278299e-06 -4.510801845921698791e-06 -4.062728221395590502e-06 -4.917244447495958214e-06 -6.183272363397727247e-06 -6.988245486642838187e-06 -6.845234444402906599e-06 -5.788534040931047138e-06 -4.262205468554350419e-06 -2.853760378825842883e-06 -2.013501109457367692e-06 -1.881742843113411151e-06 -2.279265743954909227e-06 -2.837094710262210896e-06 -3.186805726971830911e-06 -3.119438607370777782e-06 -2.649764285474904227e-06 -1.973555014061563324e-06 -1.353091483741744139e-06 -9.918334188227451964e-07 -9.539643232649450887e-07 -1.156823786914642456e-06 -1.428511716076119571e-06 -1.595817964190206732e-06 -1.559985765402813742e-06 -1.328986293310812219e-06 -9.986160631236106847e-07 -6.978709675124262949e-07 -5.273813938862704504e-07 -5.188210575847018200e-07 -6.300415181765846078e-07 -7.733399838113287677e-07 -8.599918308260388463e-07 -8.394070275925100673e-07 -7.164499575835027756e-07 -5.420927756639061314e-07 -3.849317001805295274e-07 -2.987743115035955399e-07 -2.994118221089736449e-07 -3.695398010751141721e-07 -4.315207315929971191e-07 -6.205059231462110386e-07
-2.352914776350179538e-01 2.151890059978310010e-01 -6.451345265711056598e+00 1.364758078702963928e+01 -1.673256288049986722e+02 7.050869721832393680e+02 -5.129616343509863327e+03 2.338996135496427814e+04 -5.495955556091873405e+03 7.534039259597523142e+02 -2.181521469633325694e+02 3.606279288864861154e+00 -1.733861247576650300e+01 -4.926419168334625454e+00 -2.942235576359820026e+00 -1.210927166314565762e+00 -5.078113263850001502e-01 -1.698595500882625620e-01 -4.148716175107424603e-02 -4.284412862653977361e-03 -3.038453239978368327e-03 -1.038081012605524510e-02 -1.558956975461909741e-02 -1.622597848115076360e-02 -1.343379853418281110e-02 -9.261141995605053773e-03 -5.377518941359089172e-03 -2.653940935690542440e-03 -1.233391592434375560e-03 -8.060000354358249231e-04 -9.050818891097506301e-04 -1.123856517363765227e-03 -1.219860537070134371e-03 -1.122690416817168210e-03 -8.820418061507590696e-04 -5.968581106296569350e-04 -3.564013327279219883e-04 -2.080719180730838578e-04 -1.530329633718684114e-04 -1.607124964139786648e-04 -1.902646897715761399e-04 -2.088246079662561198e-04 -2.008783113143707227e-04 -1.682587837326319754e-04 -1.236499224996093162e-04 -8.203996338055351853e-05 -5.391867631595305762e-05 -4.224160603651641230e-05 -4.324184485495214655e-05 -4.965638886027022396e-05 -5.447347098879733212e-05 -5.359224457553966203e-05 -4.664490084273278247e-05 -3.613874293587747584e-05 -2.567216722862295520e-05 -1.816862458696786561e-05 -1.481631242966034943e-05 -1.496785552630216811e-05 -1.681110221936697234e-05 -1.835933795962746155e-05 -1.829193916135257006e-05 -1.633657397561665665e-05 -1.314181430322977887e-05 -9.801753515092922000e-06 -7.300007871846367025e-06 -6.117277810038555714e-06 -6.127549784831887526e-06 -6.767266073941055778e-06 -7.352575013452277915e-06 -7.384736472877908943e-06 -6.720196306866171224e-06 -5.560454984901152984e-06 -4.300276846795488674e-06 -3.323460413067503336e-06 -2.840774602982822027e-06 -2.830192104847191947e-06 -3.085778817257277666e-06 -3.335736335470458911e-06 -3.367854743375613609e-06 -3.108353970827095763e-06 -2.629027534760588873e-06 -2.091543606551518615e-06 -1.663054105443709601e-06 -1.443315974724931603e-06 -1.432285506311210254e-06 -1.545446310979610458e-06 -1.662669093333861203e-06 -1.684776882303235831e-06 -1.572456428878768201e-06 -1.353742606110312305e-06 -1.101613948351758122e-06 -8.956577262256999996e-07 -7.866078268101864078e-07 -7.783928182167037732e-07 -8.329373833549299682e-07 -8.923631641889989057e-07 -9.066057581616431695e-07 -8.538683278592273380e-07 -7.460070258565070132e-07 -6.189867601696453060e-07 -5.127730814551827585e-07 -4.611011074584340951e-07 -4.367090872262361684e-07 -6.188384530826873045e-07
1.818873159100731218e-02 -3.136541967688062371e-01 -4.684256954964806652e-01 -8.011304411732171005e+00 1.165530280403604735e+01 -1.733632769649203169e+02 7.044272876710330138e+02 -5.157115667835851127e+03 2.335903828510853418e+04 -5.480209649984323732e+03 7.476790232191531231e+02 -2.174823964077950791e+02 3.167688018544096540e+00 -1.736391390521007949e+01 -4.955521161398984020e+00 -2.940118576042336063e+00 -1.207261759544693280e+00 -5.054815068327670469e-01 -1.702095401076510750e-01 -4.352975455136542937e-02 -6.910979972287093105e-03 -5.460370752897076262e-03 -1.224659840471945330e-02 -1.686707928339891555e-02 -1.704444560878936796e-02 -1.395873612665106574e-02 -9.625797437019856240e-03 -5.662579001487318131e-03 -2.896152622778403862e-03 -1.444049650839984321e-03 -9.870745716460806261e-04 -1.058152387651923286e-03 -1.252432691989405602e-03 -1.328190372812502800e-03 -1.214047563488359705e-03 -9.581548074552246599e-04 -6.586131010875150450e-04 -4.050246748112574136e-04 -2.458996818332577126e-04 -1.834003534199731228e-04 -1.871094204441387334e-04 -2.152928935352485160e-04 -2.335282519566049032e-04 -2.247633260767635207e-04 -1.899328021930632752e-04 -1.417346132153991898e-04 -9.592338301960779356e-05 -6.404589686310934653e-05 -4.988852402040000331e-05 -4.994706246274077807e-05 -5.661018933034150648e-05 -6.213359609703242162e-05 -6.165911841616692781e-05 -5.435462482782361081e-05 -4.270192411482135115e-05 -3.065145205200458210e-05 -2.164366847084511373e-05 -1.729897983465084762e-05 -1.714171492662240983e-05 -1.923306684115226606e-05 -2.125726202423102406e-05 -2.153067297927668149e-05 -1.954289615685992197e-05 -1.591169140921975774e-05 -1.188944147595813216e-05 -8.710723298818269305e-06 -7.077466510834286225e-06 -6.963132399166569647e-06 -7.755158063475373428e-06 -8.613246458727285927e-06 -8.856485699116865704e-06 -8.215094565878407895e-06 -6.866897559052507989e-06 -5.281642163809246936e-06 -3.970860805402396956e-06 -3.263159674599399041e-06 -3.194267810110029128e-06 -3.538289207452895378e-06 -3.944063080746645961e-06 -4.102448677708050263e-06 -3.869417372297257403e-06 -3.300367965705598280e-06 -2.594848568915974354e-06 -1.988884923866715210e-06 -1.648144519142939319e-06 -1.606941384527488503e-06 -1.772155461288759309e-06 -1.980823897995085757e-06 -2.079379880595513942e-06 -1.987688872910138507e-06 -1.722831203518593644e-06 -1.378065329514913765e-06 -1.072029311675384460e-06 -8.939710811685891574e-07 -8.688795142080681042e-07 -9.548844660540122592e-07 -1.069789960442697230e-06 -1.131602900553492653e-06 -1.093801755390254047e-06 -9.612673174601260179e-07 -7.800670370990940882e-07 -6.224258282603171029e-07 -5.007480351810352926e-07 -6.656505765366795525e-07
-1.363652875403758430e-02 -7.003870124576346001e-02 -6.266543738694902999e-01 -1.092931087243930177e+00 -9.254367150616374715e+00 1.016262786248979744e+01 -1.778688553746527248e+02 7.042297028232757157e+02 -5.178421157056342963e+03 2.333730974421981227e+04 -5.467376335371434834e+03 7.433412956739363153e+02 -2.168259328696694297e+02 2.871625031076100232e+00 -1.735546561804909160e+01 -4.965863926030717579e+00 -2.932454537564892494e+00 -1.201720785813903625e+00 -5.024640956848265283e-01 -1.700031858288619524e-01 -4.501775269693563536e-02 -9.061465100306663467e-03 -7.546410318228227547e-03 -1.390594811764638006e-02 -1.801328539383112784e-02 -1.775212643845420005e-02 -1.436522013266175457e-02 -9.866053159496401825e-03 -5.836444762824155065e-03 -3.060051584284821310e-03 -1.617465960797902398e-03 -1.165536703560588264e-03 -1.226802237190293375e-03 -1.396636363515704879e-03 -1.439737009079305845e-03 -1.292951110977435007e-03 -1.011094899910034870e-03 -6.955515506207899388e-04 -4.355605371972193088e-04 -2.765992522318287249e-04 -2.167305363322014088e-04 -2.219626544570946376e-04 -2.485759362623561207e-04 -2.620375887223468179e-04 -2.466346957010823789e-04 -2.052387011771039573e-04 -1.521956594343144885e-04 -1.040270064144277441e-04 -7.202709011241392972e-05 -5.899377010716234162e-05 -6.021310563914521890e-05 -6.715011244144583570e-05 -7.172584872050244214e-05 -6.935308225507422360e-05 -5.985068373616725737e-05 -4.639436068740239341e-05 -3.337692368367257907e-05 -2.428799116138713961e-05 -2.044675890622132998e-05 -2.090549965036753204e-05 -2.330288075712857079e-05 -2.511502818916043372e-05 -2.471469625019368641e-05 -2.184521463917007652e-05 -1.743693425160967200e-05 -1.297211260356083485e-05 -9.747338652024652752e-06 -8.356779810275627489e-06 -8.566269363229030484e-06 -9.557531360798097965e-06 -1.037275088815484500e-05 -1.033843506036781612e-05 -9.295786217484704739e-06 -7.574935656139286790e-06 -5.768094298842647173e-06 -4.430736642727182368e-06 -3.848355588484272149e-06 -3.956337673351620633e-06 -4.421654546565593993e-06 -4.826001237238604287e-06 -4.856660895541456221e-06 -4.422853080387970403e-06 -3.659688960937561773e-06 -2.834958852867252670e-06 -2.213193276457869595e-06 -1.941224486840264554e-06 -2.001020378731001294e-06 -2.240280975159285482e-06 -2.456505968387163252e-06 -2.491049660173554185e-06 -2.291277490679554907e-06 -1.918530149098007137e-06 -1.505789511831107893e-06 -1.189998600758239164e-06 -1.051647631503677454e-06 -1.086712986030606689e-06 -1.218966758114112498e-06 -1.342130252661468227e-06 -1.369868760609581421e-06 -1.270931243417088680e-06 -1.075967492975546666e-06 -8.599552942924705847e-07 -6.792548364865299716e-07 -7.764186390035452032e-07
-2.222718434738794272e-03 -4.284691904671641266e-02 -2.064379559915677231e-01 -9.186926847062560908e-01 -1.589317448995156257e+00 -1.019615950914002767e+01 9.052382116968036740e+00 -1.813126481966262702e+02 7.042914222069548487e+02 -5.195373290478590206e+03 2.332146190405907328e+04 -5.456711707165673033e+03 7.399529950644822520e+02 -2.162060541806280582e+02 2.667596455273629541e+00 -1.732759665496288193e+01 -4.964253808965457537e+00 -2.921237937526622641e+00 -1.195007195575277903e+00 -4.991940786568227484e-01 -1.697042620799992518e-01 -4.637770737167787316e-02 -1.101595117811741270e-02 -9.389794879474269371e-03 -1.530641398879302104e-02 -1.891430753557320210e-02 -1.825411343666466166e-02 -1.462285763173467451e-02 -1.001917401057434397e-02 -5.976364573469663752e-03 -3.224731588126929747e-03 -1.804601993451160607e-03 -1.352582839126967090e-03 -1.389295724846574933e-03 -1.519824583003777331e-03 -1.522268407715438249e-03 -1.344209492302642301e-03 -1.045252094470691022e-03 -7.255095726523811848e-04 -4.690112186230928001e-04 -3.150489257032547288e-04 -2.570403155665665763e-04 -2.591725568156636773e-04 -2.786329750716101086e-04 -2.834286289317134691e-04 -2.605810214059463151e-04 -2.147296613321149220e-04 -1.605159991717688050e-04 -1.134763498567293167e-04 -8.329838349918214575e-05 -7.131888580336103790e-05 -7.205725545331096154e-05 -7.706475490905729598e-05 -7.898529873333466308e-05 -7.416065836016905611e-05 -6.311555833401238697e-05 -4.925313031354505429e-05 -3.670523818519426661e-05 -2.840616626049798934e-05 -2.510663979149492254e-05 -2.551471083036886036e-05 -2.725196581831317055e-05 -2.805371537722179960e-05 -2.667059178253606441e-05 -2.316161648336221676e-05 -1.858584968614741933e-05 -1.434151240063881607e-05 -1.149674123689742934e-05 -1.039161785796627278e-05 -1.062364991464223121e-05 -1.135014922813409996e-05 -1.172109147433672999e-05 -1.123680742718476465e-05 -9.893733485875615282e-06 -8.094224690142104951e-06 -6.400032929952415750e-06 -5.260618293889071458e-06 -4.835758795077464619e-06 -4.972121936484114228e-06 -5.318084343583684915e-06 -5.505370070055554250e-06 -5.309007813298152823e-06 -4.720548018074861054e-06 -3.916817617128328226e-06 -3.153616849404113275e-06 -2.641645120176781308e-06 -2.460601099955626026e-06 -2.542816440244581986e-06 -2.723271938238923320e-06 -2.824680394263943155e-06 -2.735926980587866665e-06 -2.450740878764225255e-06 -2.055456287547478463e-06 -1.678152415720263403e-06 -1.426501619940208972e-06 -1.342920065800946237e-06 -1.394157801549105892e-06 -1.495542547101608787e-06 -1.554116985721728787e-06 -1.512766731181878368e-06 -1.359817465773099702e-06 -1.182288127595418967e-06 -8.782365811996954752e-07 -1.246822511511203965e-06
-1.359116687703930534e-03 -1.540264847505813314e-02 -9.855291432643867311e-02 -3.253802590926573868e-01 -1.144870930610418336e+00 -1.963361971559456132e+00 -1.091207624049511260e+01 8.210165360173654392e+00 -1.840164651854562976e+02 7.044905968983421189e+02 -5.209166493504209029e+03 2.330954839160974007e+04 -5.447706814504657814e+03 7.372416839218067253e+02 -2.156295568989133074e+02 2.525784530837494657e+00 -1.728860368342373732e+01 -4.955340825531726168e+00 -2.908333104770667532e+00 -1.188036455787230716e+00 -4.961170528154369985e-01 -1.695066775399119985e-01 -4.763796934373847741e-02 -1.270891528633361599e-02 -1.090146986571853029e-02 -1.639136891867674917e-02 -1.957275358211689117e-02 -1.860723459274559247e-02 -1.481568084452334830e-02 -1.016343474523706374e-02 -6.130505960245260545e-03 -3.400251550875151886e-03 -1.985257352411840849e-03 -1.514869063248286017e-03 -1.516836907851454959e-03 -1.609082094108003902e-03 -1.580844993449873883e-03 -1.385091692852963340e-03 -1.080615688231147467e-03 -7.626553146541470256e-04 -5.093739635280812453e-04 -3.557721554747417182e-04 -2.937658133686049211e-04 -2.886081895959394109e-04 -2.999398830976809623e-04 -2.981868666751491081e-04 -2.717188852807385304e-04 -2.251169470899848379e-04 -1.718864169906520237e-04 -1.260522929973437861e-04 -9.611876251148937793e-05 -8.298203773113523214e-05 -8.148197071136724584e-05 -8.394881876578411128e-05 -8.383211080485603321e-05 -7.795019307340444309e-05 -6.682913358605109544e-05 -5.348207689856448202e-05 -4.149455223631305395e-05 -3.335712784315325856e-05 -2.964855951214496362e-05 -2.920042676307440483e-05 -2.994712910326290058e-05 -2.995732567918847665e-05 -2.818663970944790042e-05 -2.470168160590180574e-05 -2.039884508030116118e-05 -1.643957839565145875e-05 -1.369417677334789043e-05 -1.242270936494293419e-05 -1.227663045717811765e-05 -1.255713660743407467e-05 -1.257172346769690562e-05 -1.192088156718772645e-05 -1.060798354774811861e-05 -8.958790626049956495e-06 -7.419584514496562497e-06 -6.340889512725627503e-06 -5.840772574334911622e-06 -5.791737324151296430e-06 -5.915075226896592889e-06 -5.924228866751089803e-06 -5.647632568381858883e-06 -5.081977432026092940e-06 -4.364672365516045006e-06 -3.690280439404587761e-06 -3.215920524880039183e-06 -2.997865557943823845e-06 -2.981729938486557476e-06 -3.042165196239076982e-06 -3.047278729552003168e-06 -2.916346667716006603e-06 -2.646769844446299641e-06 -2.303226609088230438e-06 -1.979198886255956016e-06 -1.751494430302112934e-06 -1.648675937881330630e-06 -1.644527968317431430e-06 -1.678876048869312740e-06 -1.679203624936550531e-06 -1.638245808663957135e-06 -1.421747880735344581e-06 -1.588865246501218696e-06 -9.202582999028072413e-07
-2.251318331359406313e-04 -5.590061159222034330e-03 -3.465942293602099905e-02 -1.425036843249148366e-01 -4.127451714103657632e-01 -1.313361935701427008e+00 -2.248735795548900018e+00 -1.147108137849383702e+01 7.552414479519982571e+00 -1.861915644435112540e+02 7.047596563472067146e+02 -5.220599183735161205e+03 2.330036761835974539e+04 -5.440000219879335418e+03 7.350289334516933195e+02 -2.150972682419012756e+02 2.426727313132091890e+00 -1.724401358828559694e+01 -4.942407099725632413e+00 -2.895000032430555148e+00 -1.181256690216869742e+00 -4.932719939955018673e-01 -1.693000882538137353e-01 -4.867625050503143064e-02 -1.407681435866096550e-02 -1.209591335476681642e-02 -1.723658364176696225e-02 -2.009021381523770286e-02 -1.890229462666113622e-02 -1.499927566475735101e-02 -1.031274174067509444e-02 -6.280615014183971515e-03 -3.554405753743129174e-03 -2.131423682882796662e-03 -1.640007067348194913e-03 -1.614767099674480283e-03 -1.681805363184135519e-03 -1.635595979435897507e-03 -1.430065312558596088e-03 -1.121683950658594435e-03 -8.021301229544777278e-04 -5.466578614770576392e-04 -3.890132106605461468e-04 -3.214902700619298097e-04 -3.106340333199949914e-04 -3.173857863509656771e-04 -3.128329191445861556e-04 -2.851868392660604468e-04 -2.382910926619740809e-04 -1.847850112475404156e-04 -1.381075403766107788e-04 -1.066518815312367664e-04 -9.161971388957396601e-05 -8.833989359424124135e-05 -8.954750824756747417e-05 -8.883538921472998397e-05 -8.287841786803139786e-05 -7.188154762146196941e-05 -5.852973336532769536e-05 -4.621849580254369812e-05 -3.744619588387820998e-05 -3.295928504304804430e-05 -3.181415041394095012e-05 -3.211552301571432870e-05 -3.197811459305432231e-05 -3.027560679512773559e-05 -2.691855490324916963e-05 -2.265212770042192197e-05 -1.855692230449215130e-05 -1.551788115193159567e-05 -1.388467394047308583e-05 -1.342256551937870419e-05 -1.351635243056419119e-05 -1.349330325139726786e-05 -1.290899019758793521e-05 -1.168508727469173151e-05 -1.006945955079579330e-05 -8.468010284561142069e-06 -7.241285951467272491e-06 -6.556779770289569800e-06 -6.348811990929405813e-06 -6.383745020904720774e-06 -6.385190950379762002e-06 -6.156352777042740596e-06 -5.648518241237462931e-06 -4.955889501124801185e-06 -4.250803844971078376e-06 -3.696465658946418960e-06 -3.377519482333142298e-06 -3.275037216728528686e-06 -3.289604949670532326e-06 -3.295208527076977859e-06 -3.196471863067588481e-06 -2.964303569264825980e-06 -2.638040328616355543e-06 -2.298170354251944132e-06 -2.024994096165351695e-06 -1.865597831201607655e-06 -1.809637171749096091e-06 -1.841128274088748839e-06 -1.784381187174997284e-06 -2.021282845895895262e-06 -1.757112267740556042e-06 6.581917581140737031e-07
7.305546342153035506e-05 -1.138418543075955499e-03 -9.898878187028958137e-03 -4.655855768025271568e-02 -1.720026457387831553e-01 -4.767374768339994739e-01 -1.443597889987097149e+00 -2.474797438124361815e+00 -1.192048930612067359e+01 7.025585113736273257e+00 -1.879762277397276762e+02 7.050622721794818517e+02 -5.230223114622924186e+03 2.329314452312725552e+04 -5.433329008189200977e+03 7.331924516971887442e+02 -2.146078113993864633e+02 2.357289626023811202e+00 -1.719728184254381276e+01 -4.927392231538526346e+00 -2.881768201091717163e+00 -1.174704009284111450e+00 -4.905314580916248501e-01 -1.689827266354835267e-01 -4.947803046211443623e-02 -1.518599360874131610e-02 -1.308083873687183873e-02 -1.794689844994361294e-02 -2.053763827594233884e-02 -1.916585298260592429e-02 -1.516372637230453159e-02 -1.043903924380202436e-02 -6.399718165443700826e-03 -3.674104156982151755e-03 -2.247247294625187488e-03 -1.744565552652081221e-03 -1.703150765144890652e-03 -1.753140356515371081e-03 -1.692143872455861581e-03 -1.475443564619578849e-03 -1.159348009000687931e-03 -8.345980431049915618e-04 -5.754223859403718045e-04 -4.148337081004917389e-04 -3.447428879117724683e-04 -3.315415446601636257e-04 -3.361026812478512234e-04 -3.294548334305551131e-04 -2.997655008423749114e-04 -2.508876344038955038e-04 -1.955427926817779295e-04 -1.472966941935560669e-04 -1.146500780881052180e-04 -9.883012303545049440e-05 -9.508307021711022704e-05 -9.598015660071655155e-05 -9.493483073074401066e-05 -8.849961998603025513e-05 -7.685875888961480652e-05 -6.277561981192593995e-05 -4.977799217634494962e-05 -4.048539496071940612e-05 -3.570046429519464434e-05 -3.445055277501927045e-05 -3.474531925966117498e-05 -3.458464533184948790e-05 -3.275790628298919804e-05 -2.915387531291879262e-05 -2.456000046413980311e-05 -2.013692395170853673e-05 -1.684766402102396373e-05 -1.508355648204678438e-05 -1.460041555954235796e-05 -1.473168113285681245e-05 -1.473788102050926938e-05 -1.412281117919655708e-05 -1.279185117328712309e-05 -1.101488556545418185e-05 -9.243977363534013693e-06 -7.886861712644094711e-06 -7.138252594992831562e-06 -6.929772234348015336e-06 -6.999416497206547585e-06 -7.031793485675676632e-06 -6.798555979981158170e-06 -6.239790576146671878e-06 -5.461461281791793460e-06 -4.662918154650245450e-06 -4.036043501330209993e-06 -3.682950678568462186e-06 -3.584364363331365159e-06 -3.624625109026725496e-06 -3.654303678506982148e-06 -3.558426967450878798e-06 -3.300429983385667877e-06 -2.926050515133267494e-06 -2.533605727884713100e-06 -2.216005711673852940e-06 -2.059300629761845549e-06 -1.949799235471091595e-06 -2.251367030575788641e-06 -2.115165865159563050e-06 -6.292292854115290291e-08 -3.602254018437380388e-08
1.434146134985777243e-04 2.911170712239238650e-04 -4.249676595764469524e-04 -1.050505147579276766e-02 -5.317688972504085870e-02 -1.937029242081186042e-01 -5.276162930236594217e-01 -1.549419937043958972e+00 -2.659536872153174247e+00 -1.228949064000204494e+01 6.595983534050643193e+00 -1.894640354752086466e+02 7.053780038856668853e+02 -5.238432086064130999e+03 2.328736009081728116e+04 -5.427497585741793955e+03 7.316458501104718835e+02 -2.141585384370442569e+02 2.308767901976634729e+00 -1.715028124400253162e+01 -4.911294797292353742e+00 -2.868799821981125042e+00 -1.168347335671899856e+00 -4.878575043273777889e-01 -1.685833225670146929e-01 -5.012680100700867003e-02 -1.613586790906184829e-02 -1.393557454828766098e-02 -1.856349125709978731e-02 -2.091960445815251035e-02 -1.938048624060229388e-02 -1.528772175094816888e-02 -1.053071254550682657e-02 -6.490957171939237477e-03 -3.774200584164167250e-03 -2.351630902816576659e-03 -1.843620702288428174e-03 -1.788526815531853121e-03 -1.820813560353591988e-03 -1.742723524539315904e-03 -1.512760391790417963e-03 -1.188432550052771893e-03 -8.599037960161901072e-04 -5.997643274659305917e-04 -4.391515244946530964e-04 -3.685166622998304773e-04 -3.535478043526263966e-04 -3.551804633503981680e-04 -3.450319168216514046e-04 -3.120323859551779838e-04 -2.606434336032318428e-04 -2.038421002232153919e-04 -1.550661282815622211e-04 -1.224204717890366135e-04 -1.066618859727562740e-04 -1.026771146069612296e-04 -1.029004477720604451e-04 -1.008387130553552120e-04 -9.328675930743889272e-05 -8.069519319001160814e-05 -6.600449982556643401e-05 -5.277130183069735797e-05 -4.350535963503071048e-05 -3.882517092758546221e-05 -3.758422404084814768e-05 -3.769654543436240231e-05 -3.717086282946536487e-05 -3.488959101479078857e-05 -3.086691077253760052e-05 -2.599028190222519281e-05 -2.145591711559089208e-05 -1.819125497861502359e-05 -1.650491435789751572e-05 -1.606352410932546364e-05 -1.614293645272193184e-05 -1.599750389345221837e-05 -1.517181733033895730e-05 -1.363525367433901732e-05 -1.171432039581343982e-05 -9.886749925922543690e-06 -8.547581214397482018e-06 -7.850409920265325267e-06 -7.678246871342394336e-06 -7.734643689859480105e-06 -7.696935256698545468e-06 -7.356464673911713933e-06 -6.688184687948729219e-06 -5.831128593399154769e-06 -5.001683594860491770e-06 -4.387054375028684011e-06 -4.067340777069422830e-06 -3.995349208189052974e-06 -4.034335394843399944e-06 -4.029109261317110207e-06 -3.874801869536708502e-06 -3.556402711788589940e-06 -3.134669759587856029e-06 -2.745717197935839530e-06 -2.381263608133101157e-06 -2.488252862322474194e-06 -2.311075150444593249e-06 -3.919986572207216073e-07 -5.327763060319167612e-07 -3.800810759136289354e-07
1.032512014395076843e-04 5.173311165808954339e-04 1.813095806255508782e-03 1.463425289399348204e-03 -1.034269192501418438e-02 -5.884570932064620702e-02 -2.124233443081362804e-01 -5.706160542858498275e-01 -1.637716693709901028e+00 -2.812976107919558100e+00 -1.259677815777672372e+01 6.240786734252647072e+00 -1.907214114912721072e+02 7.056944895002658313e+02 -5.245514678064346299e+03 2.328265613834277246e+04 -5.422356987690069218e+03 7.303268991218269548e+02 -2.137460375534901402e+02 2.275408584811604129e+00 -1.710398795218817014e+01 -4.894702658560256658e+00 -2.856215734006696927e+00 -1.162238186501119319e+00 -4.853030314437644099e-01 -1.681705716028371600e-01 -5.068672902358339200e-02 -1.696832170851623328e-02 -1.467501275405568885e-02 -1.908195491321043602e-02 -2.122565483682172308e-02 -1.954115720921662316e-02 -1.537685801796398986e-02 -1.060237636886905872e-02 -6.572013241538804396e-03 -3.868864242126137352e-03 -2.451110414945160965e-03 -1.935740554821881176e-03 -1.864375704007810094e-03 -1.877500877885483537e-03 -1.782857098750835305e-03 -1.542033763567497804e-03 -1.212826945871165428e-03 -8.836273373054973372e-04 -6.244367486469757072e-04 -4.641622302862412537e-04 -3.920896055799538921e-04 -3.739281436931108922e-04 -3.714713443457005079e-04 -3.574590141127707604e-04 -3.216829913885458020e-04 -2.689103870537104513e-04 -2.118615539095089278e-04 -1.633737350273016336e-04 -1.309158554909182885e-04 -1.148315598549725069e-04 -1.099334926688503157e-04 -1.088777399122135652e-04 -1.055346549624263991e-04 -9.702265258368112451e-05 -8.394548110259080018e-05 -6.919046073301215994e-05 -5.611121473385976118e-05 -4.697368483927603987e-05 -4.221929930136035817e-05 -4.065299574309274645e-05 -4.026662604857711198e-05 -3.921845104883425135e-05 -3.653609484460502657e-05 -3.231250443833681631e-05 -2.742316675861121070e-05 -2.297957471168895588e-05 -1.979806737371830124e-05 -1.810067216485604496e-05 -1.752509132369699303e-05 -1.737974405079916726e-05 -1.699001816372631624e-05 -1.597369619273488812e-05 -1.434324202789943405e-05 -1.242322562863173593e-05 -1.065093620077147251e-05 -9.364785272518979248e-06 -8.672026777507468642e-06 -8.438266210706571371e-06 -8.382362061079963204e-06 -8.218794812549956691e-06 -7.778878097339710852e-06 -7.062451195085357867e-06 -6.209166189515540514e-06 -5.414262151059789949e-06 -4.833746574680135007e-06 -4.521218973413207357e-06 -4.418788022638445905e-06 -4.397398921674639964e-06 -4.324128341903984928e-06 -4.112471362950360904e-06 -3.788117871962539781e-06 -3.317160430963420790e-06 -3.183036953216257211e-06 -2.761538141423659963e-06 -7.254726717017532955e-07 -8.106342174016003938e-07 -6.195133068143954394e-07 -8.524256564502584507e-07
4.466655605553458680e-05 3.212564042414503334e-04 1.427083941550935956e-03 3.059706759151052929e-03 2.275037917930999160e-03 -1.155727925060969635e-02 -6.508197074251965975e-02 -2.293003874540743559e-01 -6.073193227474283917e-01 -1.711938586913809068e+00 -2.941656154453416327e+00 -1.285579244500680751e+01 5.943235428870353942e+00 -1.917971036227845900e+02 7.060042291631459648e+02 -5.251686660740794650e+03 2.327877936473702721e+04 -5.417791407519949644e+03 7.291898800594132126e+02 -2.133667361538302316e+02 2.253224036654160489e+00 -1.705899825852802465e+01 -4.878062974186968326e+00 -2.844149316168045338e+00 -1.156445223258130373e+00 -4.829044856058614110e-01 -1.677648066878383304e-01 -5.116468957261852135e-02 -1.768212924308758607e-02 -1.529739260725079299e-02 -1.950645533149496930e-02 -2.146821367373808256e-02 -1.966618296378252334e-02 -1.545005033200741625e-02 -1.066815766369132515e-02 -6.649157991930203064e-03 -3.956760596443104246e-03 -2.539720358418575720e-03 -2.014394397996710755e-03 -1.926952779044049111e-03 -1.923686834985072159e-03 -1.816591614566826244e-03 -1.568788256445289046e-03 -1.237169743418633280e-03 -9.079190992721989468e-04 -6.487953185186749478e-04 -4.873162478725459558e-04 -4.125142990400845798e-04 -3.907290112289683631e-04 -3.847329323242376035e-04 -3.680656217085751859e-04 -3.308289397891484365e-04 -2.775853659325252273e-04 -2.205357925414951070e-04 -1.719702902687320870e-04 -1.390173151110923172e-04 -1.219824818299688801e-04 -1.158894355656325131e-04 -1.137061909714090545e-04 -1.095551104436445495e-04 -1.006440761917718119e-04 -8.749176756662357555e-05 -7.279224424814206048e-05 -5.969943058228101745e-05 -5.035991972030969384e-05 -4.521317300028726159e-05 -4.315931647744660301e-05 -4.232340397273482899e-05 -4.096892072464653373e-05 -3.815760589924403344e-05 -3.394029492278140411e-05 -2.910334651799999583e-05 -2.466768111196234541e-05 -2.139721273214513053e-05 -1.951686547873154656e-05 -1.871302674609981315e-05 -1.836029869405036280e-05 -1.783569848885334990e-05 -1.677283221941531025e-05 -1.516158851992046921e-05 -1.328027085972143320e-05 -1.151949367269156546e-05 -1.019109055171307454e-05 -9.404904400896136528e-06 -9.053377667552914298e-06 -8.891441475265092414e-06 -8.661633243036185879e-06 -8.203678514270647037e-06 -7.504639263334597415e-06 -6.678231940219829715e-06 -5.893533678990373760e-06 -5.291820364886910899e-06 -4.928332678382723426e-06 -4.762206211132351960e-06 -4.680694643670092927e-06 -4.591994209287371910e-06 -4.322073171987319249e-06 -4.235387626512993581e-06 -3.708735608719943864e-06 -1.504233128212570576e-06 -1.314601447679464142e-06 -9.799554987696951028e-07 -9.019234472827957428e-07 -1.286084602160871148e-06
4.042466556414716292e-07 7.333001519795039221e-05 4.450508724754752244e-04 1.469071838707451108e-03 2.853324398593485006e-03 1.467662039715218096e-03 -1.393118466151298251e-02 -7.128958488448487729e-02 -2.440159891715339702e-01 -6.384340307674876147e-01 -1.774723757173252592e+00 -3.050782123276003066e+00 -1.307682826950158272e+01 5.690778514352539119e+00 -1.927273664406533271e+02 7.063030586983431931e+02 -5.257112172708626531e+03 2.327554669667020062e+04 -5.413709454865268526e+03 7.282004089995250524e+02 -2.130173183137577553e+02 2.239297951275796894e+00 -1.701570928868819266e+01 -4.861699671387194499e+00 -2.832674796710489495e+00 -1.150979915513381968e+00 -4.806457126754556386e-01 -1.673489687145871541e-01 -5.155346406521299496e-02 -1.828377697838463531e-02 -1.582105036015652930e-02 -1.986151362245107410e-02 -2.167094945872178810e-02 -1.977259213283563341e-02 -1.551500157417346447e-02 -1.072730748632350073e-02 -6.716686970650257577e-03 -4.031583214716289061e-03 -2.613984732480410713e-03 -2.080349567123248103e-03 -1.980551847616690911e-03 -1.965086325055652970e-03 -1.848713870065825469e-03 -1.595308600856672285e-03 -1.260954762417783965e-03 -9.303678639651549297e-04 -6.700112903481649776e-04 -5.067378173005678780e-04 -4.295770634064229043e-04 -4.052700221919295015e-04 -3.970526137805987263e-04 -3.787362645647252848e-04 -3.404207714486505356e-04 -2.864635633577814161e-04 -2.288048336732572861e-04 -1.795523892505992058e-04 -1.457932052806672663e-04 -1.279121014622267407e-04 -1.210592911378634181e-04 -1.182974429482925563e-04 -1.137651768438990819e-04 -1.046100446699418208e-04 -9.125347453825733736e-05 -7.630675327541437290e-05 -6.289196263868643342e-05 -5.318117323933605525e-05 -4.767470170062207126e-05 -4.533325248484235408e-05 -4.431167946750295608e-05 -4.286078684516646242e-05 -3.999715941292963754e-05 -3.571819428201725139e-05 -3.077375454321312618e-05 -2.617963311900382901e-05 -2.272423465015827336e-05 -2.067142124132792739e-05 -1.974093684603529268e-05 -1.932000053704871227e-05 -1.877359143203194793e-05 -1.770643441853999930e-05 -1.607736418036798974e-05 -1.414555523040080768e-05 -1.230161821961930243e-05 -1.087430743525096081e-05 -9.997705147490092568e-06 -9.583927928030725623e-06 -9.394438706802797298e-06 -9.163412133308112553e-06 -8.712472492791232715e-06 -8.009863717423934646e-06 -7.158305720700720849e-06 -6.327551181162528716e-06 -5.671271347717989757e-06 -5.255460429245900698e-06 -5.075364392648109950e-06 -4.932737535608497996e-06 -5.064772160781248136e-06 -4.733994557656375533e-06 -2.634321495840211014e-06 -2.316343008066986655e-06 -1.735581863427827781e-06 -1.457409434089344966e-06 -1.272603461088256024e-06 -1.741182911775545593e-06
-2.118308012380468267e-05 -9.353155469756999074e-05 -3.150471292179294822e-04 -3.341720489469284178e-04 3.656145484968219088e-04 1.565395310718794468e-03 -7.429176840891781833e-05 -1.645210985066783080e-02 -7.675812229579583035e-02 -2.565491630222127561e-01 -6.649492301843838993e-01 -1.828497032937420830e+00 -3.144528252657194045e+00 -1.326764344998091794e+01 5.474177090183057537e+00 -1.935394133351449852e+02 7.065889628057369691e+02 -5.261918223163664152e+03 2.327282307122656130e+04 -5.410038167417728801e+03 7.273320689004051474e+02 -2.126948191025850292e+02 2.231481992704540396e+00 -1.697433013321873219e+01 -4.845790968698009848e+00 -2.821789459417295642e+00 -1.145811536732043168e+00 -4.784987141431729651e-01 -1.669158592318090439e-01 -5.186628302327826040e-02 -1.879905248823339134e-02 -1.627409968235660198e-02 -2.016922900223222861e-02 -2.184577316489210927e-02 -1.986244215907416108e-02 -1.556749457793557383e-02 -1.077406361693637217e-02 -6.771155118762664689e-03 -4.093966884543894826e-03 -2.678121474651514160e-03 -2.139395989321498954e-03 -2.030183833384332972e-03 -2.004297905990547711e-03 -1.879041371447718418e-03 -1.619446948497274509e-03 -1.281515471363162476e-03 -9.491546224278974309e-04 -6.878494779142815341e-04 -5.236914240847709463e-04 -4.453209177499859502e-04 -4.194312561617962050e-04 -4.094228981544428521e-04 -3.893401734509898001e-04 -3.494786577951473623e-04 -2.943024710811527941e-04 -2.357639599776704888e-04 -1.859107440400884523e-04 -1.517305062449532513e-04 -1.335027567114871418e-04 -1.262929243166777387e-04 -1.231166187393597611e-04 -1.181086362894889541e-04 -1.084494868759475764e-04 -9.461376209186731108e-05 -7.926442021733928365e-05 -6.555414989607465440e-05 -5.565378722064623156e-05 -5.003244280502151624e-05 -4.760292413442401035e-05 -4.647454763625732174e-05 -4.487188475064335174e-05 -4.181264399949768284e-05 -3.731914928262394787e-05 -3.217701199561440889e-05 -2.743227250680733921e-05 -2.388548129921270975e-05 -2.179066243095878019e-05 -2.084152298449292384e-05 -2.039520802598007533e-05 -1.979541633436323779e-05 -1.864233314728347426e-05 -1.690708603394050296e-05 -1.487087827512505453e-05 -1.294548313527443645e-05 -1.147073753941608634e-05 -1.057773544992657073e-05 -1.016401496818583955e-05 -9.972159599458469800e-06 -9.721641292481317671e-06 -9.229533631605765800e-06 -8.470375399326257241e-06 -7.561706840402891424e-06 -6.682889039479728700e-06 -6.019025826120867974e-06 -5.549001369212256220e-06 -5.583150277099765355e-06 -5.379278847641784507e-06 -3.550963328005437452e-06 -3.400404037212877394e-06 -2.860926649896035077e-06 -2.437028357518692035e-06 -2.090479766895695639e-06 -1.793005256545333400e-06 -2.274980935605433538e-06
-2.461301137891330401e-05 -1.588444003451899410e-04 -6.605998834617416923e-04 -1.365996150679414005e-03 -1.754837762622529123e-03 -1.179315592058787854e-03 1.005709977433535615e-04 -1.538755897081715927e-03 -1.862464842903246987e-02 -8.143416052343616096e-02 -2.673600899669709707e-01 -6.879252289970420042e-01 -1.875184886154949160e+00 -3.225964455900615313e+00 -1.343393976897165487e+01 5.286624207808168663e+00 -1.942540459863126046e+02 7.068611174070591687e+02 -5.266204704007774126e+03 2.327050699402569444e+04 -5.406718619588445108e+03 7.265642689353431933e+02 -2.123965596754782723e+02 2.228227519445681981e+00 -1.693491325567038075e+01 -4.830413670862978570e+00 -2.811462586119666263e+00 -1.140915336012430004e+00 -4.764569097634446249e-01 -1.664789945276148042e-01 -5.212692493601639443e-02 -1.925143560006416579e-02 -1.667264076800776054e-02 -2.043631760915325460e-02 -2.199219855405233626e-02 -1.993226497824458071e-02 -1.560506092249715378e-02 -1.080916099566502087e-02 -6.816505966724592351e-03 -4.149444213938896509e-03 -2.737108312887229396e-03 -2.194352010723856806e-03 -2.076047149077386422e-03 -2.039578676535612044e-03 -1.905220020022866615e-03 -1.639546688595426311e-03 -1.298637218730830378e-03 -9.654775121104299754e-04 -7.042700793994460069e-04 -5.400139992568883836e-04 -4.607591342083706921e-04 -4.331572455391928598e-04 -4.209622855732592529e-04 -3.987201316172791729e-04 -3.571452403600012811e-04 -3.008966094160117817e-04 -2.418728515860141530e-04 -1.918914703904926668e-04 -1.576550925981946090e-04 -1.392194859088711871e-04 -1.315570377662210325e-04 -1.277277072743089224e-04 -1.220013018400152078e-04 -1.117116214224674812e-04 -9.743888890181459336e-05 -8.186864503575992235e-05 -6.809684602320892040e-05 -5.819299458702413617e-05 -5.252735220765713701e-05 -4.995509105033126105e-05 -4.858528476334489951e-05 -4.669018798831934397e-05 -4.335555418747873830e-05 -3.866031812062701477e-05 -3.341278957440508267e-05 -2.864257549112630546e-05 -2.510649278348638989e-05 -2.300919253876615285e-05 -2.201056675218767910e-05 -2.146142135597702594e-05 -2.072543535516146930e-05 -1.943699891657250733e-05 -1.759908305912409143e-05 -1.550886909223325675e-05 -1.357315299659292399e-05 -1.211032541047016551e-05 -1.122458604385336658e-05 -1.079320163503528438e-05 -1.055304073841959279e-05 -1.023288298818379388e-05 -9.669794196962768837e-06 -8.852869937255892973e-06 -7.932795508525322952e-06 -7.003818683883569586e-06 -6.553038235619478900e-06 -6.030034535004595463e-06 -4.161185736405312039e-06 -4.117031033672419596e-06 -3.785977933393665488e-06 -3.527786788692239220e-06 -3.186490438197186036e-06 -2.854413277650603813e-06 -2.458200113259132275e-06 -2.948862384053669882e-06
-1.803731497550297566e-05 -1.498054906783212231e-04 -6.676454864565356659e-04 -1.584066850096072822e-03 -2.621937762471709867e-03 -3.161996534488887428e-03 -2.542772414129913956e-03 -1.116924532977368227e-03 -2.763483642102130752e-03 -2.052702027814965954e-02 -8.558887987533515818e-02 -2.769119849855691817e-01 -7.081113032264916285e-01 -1.916104698151595453e+00 -3.297279475109317737e+00 -1.357999615616714806e+01 5.122924536796304551e+00 -1.948875335588087410e+02 7.071193280741600802e+02 -5.270051266308656523e+03 2.326852101805980783e+04 -5.403702647366484598e+03 7.258807918391244129e+02 -2.121201078403103963e+02 2.228415153846776686e+00 -1.689743179617846991e+01 -4.815609093186156819e+00 -2.801674100602791206e+00 -1.136285231591891876e+00 -4.745259621424913754e-01 -1.660516631264661869e-01 -5.234854524528780723e-02 -1.964949035917486209e-02 -1.702008934621403874e-02 -2.066322842063463699e-02 -2.211060189312548038e-02 -1.998431103099169992e-02 -1.563210551173795093e-02 -1.083802551160304578e-02 -6.857491048892850986e-03 -4.200764290956696297e-03 -2.791310002824258594e-03 -2.243808722372876274e-03 -2.116158453993914005e-03 -2.069562517036242430e-03 -1.927187639609900111e-03 -1.656829602769726564e-03 -1.314229738311685101e-03 -9.811153016501903551e-04 -7.202688998072556519e-04 -5.556887750649754532e-04 -4.750897464397333108e-04 -4.453792143698568056e-04 -4.308799851332310187e-04 -4.066989628654642686e-04 -3.638725332323347540e-04 -3.070648973075971620e-04 -2.479315736434608121e-04 -1.979508570476225281e-04 -1.635467275063848692e-04 -1.446549909023142231e-04 -1.362994096362973937e-04 -1.317030186024513894e-04 -1.253170732699487085e-04 -1.145930077183526823e-04 -1.001253082009429104e-04 -8.452165876503957450e-05 -7.075620981163426460e-05 -6.079099867626111255e-05 -5.494549891751692258e-05 -5.209205110905262712e-05 -5.040547760148748186e-05 -4.823553138053468867e-05 -4.472126226539394626e-05 -3.995078582686287293e-05 -3.469959412616241249e-05 -2.994240190943810902e-05 -2.638564468610295595e-05 -2.420896385165454223e-05 -2.307961311168509622e-05 -2.238018017189547540e-05 -2.151311545217395987e-05 -2.014047116209382405e-05 -1.827090498650660780e-05 -1.618544901957484327e-05 -1.426258194028127059e-05 -1.279398516490323591e-05 -1.187022587995708607e-05 -1.137207340689492104e-05 -1.105477077898355444e-05 -1.066441385428506680e-05 -1.007562622894617857e-05 -9.199818311318830430e-06 -8.482999539980145076e-06 -7.506682419019481251e-06 -5.211335276424388110e-06 -4.837956408207607290e-06 -4.416630342448504309e-06 -4.262684515182926630e-06 -4.120213456464112708e-06 -3.916371604188742033e-06 -3.661777017139975784e-06 -3.227432162105112338e-06 -3.786227561588278130e-06
-8.732612732046909597e-06 -1.041486890677262517e-04 -4.914039409508406389e-04 -1.284009911590267700e-03 -2.445866598780132781e-03 -3.655629079572898701e-03 -4.273810717809657482e-03 -3.640266485236501662e-03 -2.164552461075990464e-03 -3.907141690020004936e-03 -2.232833946642170941e-02 -8.938557562840530879e-02 -2.854288881481362172e-01 -7.259429542768635057e-01 -1.952180744973342597e+00 -3.360147876662371580e+00 -1.370918719113412543e+01 4.978968919823929085e+00 -1.954528065132944619e+02 7.073637975154720152e+02 -5.273522133546857731e+03 2.326680526778678905e+04 -5.400950463058298737e+03 7.252687118414354472e+02 -2.118632914859265952e+02 2.231202726335212549e+00 -1.686183666847743723e+01 -4.801408841067281053e+00 -2.792410326043261115e+00 -1.131915083580697479e+00 -4.727033516631778398e-01 -1.656343425517254331e-01 -5.253262769994841014e-02 -1.999545069775038666e-02 -1.731997709655209647e-02 -2.085516237407328277e-02 -2.220741164442654320e-02 -2.002503706107271880e-02 -1.565370954144561927e-02 -1.086341378876727257e-02 -6.894452911075960033e-03 -4.246606100645184886e-03 -2.838946331026253895e-03 -2.286649494073420604e-03 -2.150672873696224483e-03 -2.095610311031263599e-03 -1.946913290054422740e-03 -1.673084512212256580e-03 -1.329289131180898600e-03 -9.960699528157803025e-04 -7.350885212155052785e-04 -5.697064857860021465e-04 -4.875775854325642400e-04 -4.559562828000923544e-04 -4.396400914548791910e-04 -4.140897099060149669e-04 -3.704493933119506793e-04 -3.132591891247746827e-04 -2.539283868769275196e-04 -2.037014759957610699e-04 -1.688772040659991818e-04 -1.494011379690361133e-04 -1.404032873401832402e-04 -1.352376302760347523e-04 -1.284442036078079332e-04 -1.174873172191815139e-04 -1.029057173197248369e-04 -8.721954778851403209e-05 -7.332801690354721967e-05 -6.316154120700039900e-05 -5.705718411976983808e-05 -5.393684195862303335e-05 -5.202813471439982952e-05 -4.971143435777853741e-05 -4.612294495741522368e-05 -4.132017144363282703e-05 -3.603772773270730041e-05 -3.121884143567563039e-05 -2.756051433603826485e-05 -2.525596378666269213e-05 -2.399947434063293608e-05 -2.319977675522859117e-05 -2.227252710713608936e-05 -2.087541502830701212e-05 -1.899908933095491103e-05 -1.690255495151086709e-05 -1.494863064944844467e-05 -1.342571013849634964e-05 -1.243478964945849213e-05 -1.186858284934326783e-05 -1.151817571035389066e-05 -1.105736257053175348e-05 -1.065258756459562814e-05 -9.723066985988877204e-06 -7.208675694225080620e-06 -6.371884222390780848e-06 -5.482364354584032913e-06 -5.005757198021322736e-06 -4.765816157839074462e-06 -4.665859624358010914e-06 -4.567113820415743694e-06 -4.431185684707331145e-06 -4.026143171472763274e-06 -4.756756311687606468e-06
-1.262857469684271964e-06 -5.277223521356863600e-05 -2.706293707628163771e-04 -7.956103323322328939e-04 -1.740961561336282432e-03 -3.070045507176733749e-03 -4.448799726343813030e-03 -5.204548124980697479e-03 -4.643874978949236003e-03 -3.191861430019613498e-03 -5.048524362948499794e-03 -2.403976819601232051e-02 -9.282382266974999185e-02 -2.930022035988695261e-01 -7.417420240888652483e-01 -1.984174230819486073e+00 -3.415950253519261626e+00 -1.382423987441321067e+01 4.851484345674909271e+00 -1.959602195226896697e+02 7.075950104543139787e+02 -5.276669618770221859e+03 2.326531287386722033e+04 -5.398428925432517644e+03 7.247175829674280294e+02 -2.116242021685507666e+02 2.235937494969554074e+00 -1.682806574999023042e+01 -4.787825985866755119e+00 -2.783647087903567297e+00 -1.127787156758595311e+00 -4.709770238603777082e-01 -1.652225260198333379e-01 -5.268107493671220914e-02 -2.029585045862051379e-02 -1.758113908454693106e-02 -2.102085600593281769e-02 -2.228933215628321751e-02 -2.005811362951421400e-02 -1.567061029005250780e-02 -1.088412472626111398e-02 -6.925646269111612047e-03 -4.285903728712703656e-03 -2.880264866664909978e-03 -2.324354335229325032e-03 -2.181680411513062419e-03 -2.119616702129567976e-03 -1.965478694014376453e-03 -1.688381181316418993e-03 -1.343111723694732310e-03 -1.009373592115938353e-03 -7.480226657853975046e-04 -5.819429236532126229e-04 -4.986939187544701035e-04 -4.657044767400236505e-04 -4.480363519105047695e-04 -4.213553051539155846e-04 -3.768819442392126696e-04 -3.191135147401533796e-04 -2.593548449651055855e-04 -2.087484428394430138e-04 -1.735343757457709325e-04 -1.536503439141374242e-04 -1.442510563643542359e-04 -1.387209190037214297e-04 -1.316160491288875171e-04 -1.203969214928473909e-04 -1.055857728917253377e-04 -8.968598686773837278e-05 -7.558922599815149192e-05 -6.522938212509112673e-05 -5.895277603904045677e-05 -5.568830796108682730e-05 -5.366260898149222315e-05 -5.124667273537295286e-05 -4.756357245584001307e-05 -4.266062482361702139e-05 -3.727012725580118672e-05 -3.234150328266746801e-05 -2.858270911031928331e-05 -2.619669201693593339e-05 -2.488116332642203592e-05 -2.404026602657456557e-05 -2.307935522344623595e-05 -2.164504910518904506e-05 -1.972128891693815378e-05 -1.756724377977922352e-05 -1.555349750718575580e-05 -1.397389459397168012e-05 -1.295759227439307831e-05 -1.232268868387581461e-05 -1.214349941956276824e-05 -1.161946426205534730e-05 -9.451989091914528570e-06 -8.642589686362165156e-06 -7.488204646148834552e-06 -6.552934006124094861e-06 -5.843664199436359924e-06 -5.421393379247603087e-06 -5.230298941704426480e-06 -5.150589577637367795e-06 -5.114495129754653334e-06 -4.777529506540122934e-06 -5.783600473321769509e-06
2.687931155098406769e-06 -1.370530068053512050e-05 -9.207903810919426419e-05 -3.522645722348901427e-04 -9.594790570389797203e-04 -2.048223696946146252e-03 -3.576687955602057822e-03 -5.173100825642637512e-03 -6.106906384556403701e-03 -5.637351409116973452e-03 -4.200757237957203696e-03 -6.131052489917975662e-03 -2.559492682011056675e-02 -9.588934845366522963e-02 -2.997415209228861399e-01 -7.558253351839233636e-01 -2.012746886766297649e+00 -3.465818252553329426e+00 -1.392733749662582099e+01 4.737881666051291241e+00 -1.964181254591685502e+02 7.078136155829430436e+02 -5.279536768898928131e+03 2.326400670206194627e+04 -5.396110231052919517e+03 7.242188642106203815e+02 -2.114011609964614422e+02 2.242119505115442113e+00 -1.679603614352180685e+01 -4.774849976408712671e+00 -2.775349953129384595e+00 -1.123879859613388099e+00 -4.693367689545281385e-01 -1.648167483849764803e-01 -5.280116955549301466e-02 -2.056045498961781362e-02 -1.781229936621372620e-02 -2.116596643155204890e-02 -2.235856747442570291e-02 -2.008319104124992732e-02 -1.568142098835149933e-02 -1.089915584557214594e-02 -6.951268393252145288e-03 -4.320095453852482864e-03 -2.917379025589955828e-03 -2.358911102325970607e-03 -2.210399877387419273e-03 -2.141796299051090813e-03 -1.982301606483705386e-03 -1.701831954499078954e-03 -1.355027941035361798e-03 -1.020905527898846067e-03 -7.595300065121922753e-04 -5.932025349271622750e-04 -5.092336478849665907e-04 -4.751041850359352062e-04 -4.561045108085011110e-04 -4.281627517400603895e-04 -3.826887888504693276e-04 -3.242480829531470808e-04 -2.641010638068245543e-04 -2.132775221395279011e-04 -1.778915717189663397e-04 -1.577867052895766701e-04 -1.480780209473500566e-04 -1.421641782378171273e-04 -1.346508561043662107e-04 -1.230572065518345938e-04 -1.079495594983977455e-04 -9.184686423565210586e-05 -7.762652589092971275e-05 -6.718784611272693918e-05 -6.083754326790597649e-05 -5.747474311134814393e-05 -5.531527751929046104e-05 -5.273921804355040979e-05 -4.889193816871219441e-05 -4.384549750830602752e-05 -3.834901047824961049e-05 -3.335478699420927517e-05 -2.955994402771033901e-05 -2.714853445181987190e-05 -2.579964137546669157e-05 -2.490638527983022078e-05 -2.387427840679108565e-05 -2.235963723206315788e-05 -2.036179131855987318e-05 -1.814828365134744576e-05 -1.611491126828262300e-05 -1.447721449547819989e-05 -1.363377507806262902e-05 -1.293819078156757685e-05 -1.103397148077833903e-05 -1.060902322806039977e-05 -9.749910669935337910e-06 -8.836714726013363512e-06 -7.854814134654770422e-06 -6.974826155463176908e-06 -6.315489667338882455e-06 -5.923609963350449883e-06 -5.741887171603080022e-06 -5.724542126098275009e-06 -5.438399885092901515e-06 -6.775023084033349194e-06
3.420188699849921404e-06 7.207648107654573032e-06 1.106843498538891512e-05 -6.361825380367302422e-05 -3.655675535067137347e-04 -1.083990199316881529e-03 -2.352028542479391200e-03 -4.099637291153256612e-03 -5.906570291000065066e-03 -6.989295172790071717e-03 -6.574362823995883072e-03 -5.122007312667333466e-03 -7.097430071252449311e-03 -2.697764057534397797e-02 -9.863095896415284558e-02 -3.057900686916560362e-01 -7.684783776305521563e-01 -2.038432427127499835e+00 -3.510642796664941390e+00 -1.402021698950435891e+01 4.636097075191550232e+00 -1.968333457019791979e+02 7.080203193807453772e+02 -5.282159346095451838e+03 2.326285701177403462e+04 -5.393970880501257852e+03 7.237655179661321654e+02 -2.111926749913684205e+02 2.249373957483302711e+00 -1.676564977915658261e+01 -4.762458125276066490e+00 -2.767486164176025554e+00 -1.120177561793622267e+00 -4.677788798086701116e-01 -1.644214588315664471e-01 -5.290033623415928143e-02 -2.079591844270618772e-02 -1.801751434060322801e-02 -2.129192155213974549e-02 -2.241499172495145520e-02 -2.009993439399115206e-02 -1.568654775095689943e-02 -1.090990476463862303e-02 -6.973330939065111936e-03 -4.351125249013421820e-03 -2.951562489106526136e-03 -2.390668957516573281e-03 -2.236414213369605775e-03 -2.161407185067921663e-03 -1.996807137027521457e-03 -1.713353511797482140e-03 -1.365491375320860689e-03 -1.031447861121275204e-03 -7.703894994036223102e-04 -6.039698916453641953e-04 -5.192578923313185017e-04 -4.838600632543196074e-04 -4.634001274721995592e-04 -4.341577162261319074e-04 -3.877694457871085553e-04 -3.288444494546363889e-04 -2.685297624720551558e-04 -2.176639976798383405e-04 -1.821827446100491275e-04 -1.618288749910533906e-04 -1.517155921395585980e-04 -1.453166434606729170e-04 -1.373424577695088369e-04 -1.253972626114277132e-04 -1.100810201041402546e-04 -9.388976106702168201e-05 -7.964015318663461790e-05 -6.916368776772768606e-05 -6.272061675043458684e-05 -5.919992698874420201e-05 -5.684133983499778891e-05 -5.406698555440900506e-05 -5.006161722955441436e-05 -4.491750884717341923e-05 -3.937881071663732466e-05 -3.437311780924649351e-05 -3.056605556133757263e-05 -2.811743944980057635e-05 -2.669852566844578814e-05 -2.571175226009833129e-05 -2.458397118448033808e-05 -2.298863380783926813e-05 -2.095696942980193714e-05 -1.868307551869920815e-05 -1.682300623596084239e-05 -1.513547684612515531e-05 -1.261551891369853543e-05 -1.201038405908113486e-05 -1.137025796288825124e-05 -1.083317460820906732e-05 -1.013097697045270964e-05 -9.264558059536215687e-06 -8.329614701332588029e-06 -7.479362457935666891e-06 -6.841938096410871756e-06 -6.452117971585162222e-06 -6.336586319084007516e-06 -6.024924910169590876e-06 -7.667852309586786733e-06
2.227402392726921394e-06 1.235864576370147014e-05 4.431965368087252007e-05 5.992003125332656205e-05 -4.051667147029712604e-05 -4.214794862182887156e-04 -1.271834121407562721e-03 -2.710041773004114116e-03 -4.639509844938384878e-03 -6.605840191599599877e-03 -7.791623757014370585e-03 -7.405440543186583499e-03 -5.933924656581961686e-03 -7.958182442460513817e-03 -2.822783093167642934e-02 -1.011187417788209364e-01 -3.112664217170194036e-01 -7.799136420806996872e-01 -2.061636979174518824e+00 -3.551126278726203456e+00 -1.410428773832247806e+01 4.544445921772526376e+00 -1.972115243617768101e+02 7.082158319846531640e+02 -5.284567301948493878e+03 2.326183976659410473e+04 -5.391990863292637187e+03 7.233517064505066401e+02 -2.109974119947898146e+02 2.257416332314990726e+00 -1.673680839320014613e+01 -4.750627925636259796e+00 -2.760029806622246173e+00 -1.116669616898438244e+00 -4.663009855609178689e-01 -1.640387819660417967e-01 -5.298167469600259527e-02 -2.100465797355192607e-02 -1.819829197814422025e-02 -2.139986427494460983e-02 -2.245998957742675189e-02 -2.011020448224955584e-02 -1.568810672371150419e-02 -1.091825980162221266e-02 -6.993047611747034605e-03 -4.379356697556252391e-03 -2.982493904563844524e-03 -2.419025812470929938e-03 -2.259283986254368055e-03 -2.178462030919848646e-03 -2.009494527812143942e-03 -1.723734186495412849e-03 -1.375269989093789438e-03 -1.041478284252839994e-03 -7.806715107568996991e-04 -6.139752941910659335e-04 -5.283558438648975480e-04 -4.916482450275948051e-04 -4.698418121153352428e-04 -4.395273289147503572e-04 -3.924824356153035817e-04 -3.332708366163313735e-04 -2.728714667847980399e-04 -2.219300766993177526e-04 -1.862491638362955080e-04 -1.655385851381814381e-04 -1.549682461339852205e-04 -1.481130379965250442e-04 -1.397748206861947637e-04 -1.276009412434319214e-04 -1.121760494590137258e-04 -9.593933725268701722e-05 -8.164075337202136731e-05 -7.106529171984534029e-05 -6.446299084567202477e-05 -6.074651587170085696e-05 -5.819652083645629649e-05 -5.527201942569498884e-05 -5.117455540221635955e-05 -4.598844165488379473e-05 -4.043205787025130389e-05 -3.540315949998599956e-05 -3.154707389997926344e-05 -2.902007070941562100e-05 -2.750690245610293020e-05 -2.642681552213787171e-05 -2.524390014447402286e-05 -2.356849206726026175e-05 -2.169228719498306448e-05 -1.936747402573235884e-05 -1.587614470735615278e-05 -1.427949606938047562e-05 -1.299400634982694606e-05 -1.227875771221250277e-05 -1.178457126497865822e-05 -1.128306462400499836e-05 -1.061685206366461954e-05 -9.773395816359761531e-06 -8.855653318532503399e-06 -8.019598886143061993e-06 -7.379269274208786787e-06 -7.061199697789789937e-06 -6.613819027822546691e-06 -8.463453642280434526e-06
4.878291764100958422e-07 7.975473307003366075e-06 3.245014459811004543e-05 6.442446278093360190e-05 5.662235269793081891e-05 -9.544063320460141749e-05 -5.558828090637279616e-04 -1.510947396812764186e-03 -3.073631782530526768e-03 -5.136090371724856898e-03 -7.224404896044255529e-03 -8.496173420611924723e-03 -8.142544315114299061e-03 -6.667875612776386247e-03 -8.750440000402608456e-03 -2.938074747958707364e-02 -1.033925048076175107e-01 -3.162420825838633265e-01 -7.902839724258964305e-01 -2.082684568733036201e+00 -3.587849811930987176e+00 -1.418072465550741690e+01 4.461529539092619068e+00 -1.975573697368834587e+02 7.084008551879976494e+02 -5.286785896163386496e+03 2.326093538020885535e+04 -5.390153030007993038e+03 7.229725460974742646e+02 -2.108141895767427627e+02 2.266022759027462197e+00 -1.670942080582234368e+01 -4.739338138306533388e+00 -2.752957234767482664e+00 -1.113344339151601137e+00 -4.648975801970152699e-01 -1.636672924409438012e-01 -5.304593905250384878e-02 -2.118866800515405852e-02 -1.835735442520256694e-02 -2.149283022487424519e-02 -2.249643913411279034e-02 -2.011625241260348029e-02 -1.568741245093992903e-02 -1.092457639840058690e-02 -7.010088028578819255e-03 -4.404224190665349814e-03 -3.009813175472685499e-03 -2.444089835228888206e-03 -2.279592542612552970e-03 -2.193806951762447034e-03 -2.021163358777557442e-03 -1.733467100188251829e-03 -1.384445313358118306e-03 -1.050741759809925265e-03 -7.899848002163795731e-04 -6.229159140787760311e-04 -5.364637532624844411e-04 -4.986669870186654068e-04 -4.757928174141236939e-04 -4.446409873794265367e-04 -3.970596320882235127e-04 -3.375536220829079034e-04 -2.769748858907671919e-04 -2.258465721429146755e-04 -1.899034429525522428e-04 -1.688556359586688190e-04 -1.579213232937997930e-04 -1.507358877770649010e-04 -1.421418315616278043e-04 -1.297922048790036483e-04 -1.142469665736034809e-04 -9.790777499225240268e-05 -8.349395647970114158e-05 -7.277917600878133666e-05 -6.602232137724070951e-05 -6.215633869471695898e-05 -5.948113601323351481e-05 -5.646430944466968363e-05 -5.230248444992190480e-05 -4.706571145958296282e-05 -4.145685137412623869e-05 -3.636413538025270943e-05 -3.243412604664041183e-05 -2.982777473210733552e-05 -2.825954257809422087e-05 -2.708741508226755856e-05 -2.603538273011754746e-05 -2.429143392073683763e-05 -2.080998427713541627e-05 -1.856648754400060198e-05 -1.628124569614313060e-05 -1.458419670904510438e-05 -1.344554049638551328e-05 -1.276444166549997133e-05 -1.229930479030293110e-05 -1.181087639214073006e-05 -1.115272363847493683e-05 -1.031439249237407618e-05 -9.403400454852491857e-06 -8.559667425071771927e-06 -7.996737811708487227e-06 -7.314920403086695990e-06 -9.237834238764042132e-06
-8.438458037400810596e-07 4.832889331250275447e-07 3.236999309416888887e-06 1.228788532871299745e-05 1.928756422050460041e-05 -1.955916515969150944e-05 -2.085059182652650384e-04 -7.169518658834664500e-04 -1.739499046002568761e-03 -3.394447594048225630e-03 -5.569354683284528235e-03 -7.772280097850767754e-03 -9.133310453629236991e-03 -8.821289822673305733e-03 -7.351412153646063631e-03 -9.487965010509212538e-03 -3.044144770001303360e-02 -1.054654188896910066e-01 -3.207678662507933431e-01 -7.997198668756191342e-01 -2.101855729547802643e+00 -3.621308861184397099e+00 -1.425051422503500831e+01 4.386186811016314913e+00 -1.978748271940445989e+02 7.085760761867870769e+02 -5.288836575052167973e+03 2.326012776110948835e+04 -5.388442605560684569e+03 7.226239148106739094e+02 -2.106419607156354630e+02 2.275015586652894051e+00 -1.668339994783991642e+01 -4.728564360668086941e+00 -2.746242940293754931e+00 -1.110187741760094271e+00 -4.635617822825519041e-01 -1.633056017253834702e-01 -5.309515089517665570e-02 -2.135165914850612953e-02 -1.849867962295614898e-02 -2.157405579606997206e-02 -2.252631629986084905e-02 -2.011877296777296945e-02 -1.568425136436970083e-02 -1.092829795835373839e-02 -7.024078812596206908e-03 -4.425844137685021329e-03 -3.034142851091362406e-03 -2.466767371578006997e-03 -2.298205295846774809e-03 -2.207994165759376293e-03 -2.031941246173037032e-03 -1.742329308176954802e-03 -1.392646334936195303e-03 -1.058947102336985644e-03 -7.982720115044327587e-04 -6.309941281159296049e-04 -5.439491704310934518e-04 -5.052918497664886724e-04 -4.814936739492590772e-04 -4.495356402606192465e-04 -4.013606615765683418e-04 -3.414729361135681175e-04 -2.806588197559948378e-04 -2.293558601759828394e-04 -1.932306506051311486e-04 -1.719610980338527259e-04 -1.607679223336264671e-04 -1.533103115192859336e-04 -1.444591392793908842e-04 -1.318879249028663916e-04 -1.161640405633065871e-04 -9.968484278555411651e-05 -8.515859040795736011e-05 -7.434646845609755824e-05 -6.749728576880371575e-05 -6.353801081180147361e-05 -6.076673198890963126e-05 -5.765255587166882037e-05 -5.339583733010580470e-05 -4.807105937313805314e-05 -4.238611347088691946e-05 -3.722800748921730498e-05 -3.326113546882165185e-05 -3.057576727119216292e-05 -2.913393844721555049e-05 -2.788248160896825316e-05 -2.524263315140493514e-05 -2.355564711591477204e-05 -2.123757754300114193e-05 -1.889335733322576006e-05 -1.675553094658607580e-05 -1.509872696069165781e-05 -1.399313680438703731e-05 -1.332443302966346748e-05 -1.286139521310412630e-05 -1.236952389044638801e-05 -1.170626606878361241e-05 -1.086701119170296443e-05 -9.942735184428911491e-06 -9.181369993676505501e-06 -8.224110515790474741e-06 -1.011735712067336514e-05
-1.382919611124846320e-06 -5.588650953641725523e-06 -2.263137100586863951e-05 -4.482565040376786320e-05 -6.047618613744550590e-05 -7.091187532057523083e-05 -1.202978102045639517e-04 -3.213904262714356412e-04 -8.572065727271289655e-04 -1.934925685547920181e-03 -3.677498993671265027e-03 -5.964172350642933315e-03 -8.281089183549052851e-03 -9.728949730413346750e-03 -9.454621106179618775e-03 -7.984272064233237376e-03 -1.016346247475277687e-02 -3.140655958961118682e-02 -1.073528147045481052e-01 -3.248982212771602263e-01 -8.083435667206266828e-01 -2.119393771325313480e+00 -3.651919501866892848e+00 -1.431447883500439744e+01 4.317455865419415062e+00 -1.981672230867634994e+02 7.087421525509122375e+02 -5.290737669989454844e+03 2.325940358359447055e+04 -5.386846796593240470e+03 7.223023096045742477e+02 -2.104797929977165722e+02 2.284257538567227019e+00 -1.665865969814300840e+01 -4.718278736044720034e+00 -2.739861320150746238e+00 -1.107186922848993893e+00 -4.622887211935740037e-01 -1.629543710652190114e-01 -5.313263599586536684e-02 -2.149744804616946989e-02 -1.862521641899987992e-02 -2.164511924658217221e-02 -2.255000469283197778e-02 -2.011751055684315656e-02 -1.567833789087368090e-02 -1.092952079485847057e-02 -7.035600288068593645e-03 -4.445108331113141811e-03 -3.056376529640727514e-03 -2.487672525390653526e-03 -2.315325410314951309e-03 -2.220869943190869906e-03 -2.041506948473358670e-03 -1.750056056298766698e-03 -1.399822835435630183e-03 -1.066293140130323853e-03 -8.058957029219132161e-04 -6.385857798470570470e-04 -5.510607571076477605e-04 -5.115742985782479463e-04 -4.868208692748364702e-04 -4.540060757394241892e-04 -4.052135875403098321e-04 -3.449742161651404826e-04 -2.840067223642204737e-04 -2.326356388609715552e-04 -1.964217222813026745e-04 -1.749809863225049069e-04 -1.635278248516824895e-04 -1.557592451055360167e-04 -1.466029847935701404e-04 -1.337819542426161841e-04 -1.178874569858646141e-04 -1.013106487146630055e-04 -8.673118064134368720e-05 -7.587400965501448489e-05 -6.895914173282834266e-05 -6.490172240914997748e-05 -6.200646655826881442e-05 -5.876141916951093189e-05 -5.438960050981166020e-05 -4.897713760539137816e-05 -4.325284701008792071e-05 -3.802918056679375380e-05 -3.420176664270334734e-05 -3.144973776868409979e-05 -2.845441576599705197e-05 -2.724246497145391198e-05 -2.571832526745301711e-05 -2.391554936691339767e-05 -2.173053344713567734e-05 -1.942351258899879750e-05 -1.732247339325404816e-05 -1.568454238636492778e-05 -1.458555057034448809e-05 -1.391293795641837357e-05 -1.343972066760651111e-05 -1.293509427276271634e-05 -1.226389083034681044e-05 -1.140484874511880120e-05 -1.056761113925619624e-05 -9.376478885651431323e-06 -1.122676802246583939e-05
-1.218849335657862758e-06 -8.237601385581157736e-06 -3.513245625600530246e-05 -7.792306011426583892e-05 -1.211093910301953201e-04 -1.466294452263160555e-04 -1.569244387402953867e-04 -2.041043835054045261e-04 -4.130898276359513109e-04 -9.790545267722042342e-04 -2.116765851258051081e-03 -3.948312447649881402e-03 -6.341462525930693928e-03 -8.761090976714730819e-03 -1.028245547593734793e-02 -1.003531067934545704e-02 -8.558892912884561582e-03 -1.077501394723812470e-02 -3.228501389344731742e-02 -1.090806827942450985e-01 -3.286878704365579495e-01 -8.162599506054647458e-01 -2.135499252519239555e+00 -3.680024603048418275e+00 -1.437330567775988399e+01 4.254531600903741939e+00 -1.984373868997923580e+02 7.088996995084938817e+02 -5.292504946396577907e+03 2.325875173562091732e+04 -5.385354467381458562e+03 7.220047395930450875e+02 -2.103268504173788074e+02 2.293644273984711823e+00 -1.663511703404001452e+01 -4.708453875467660588e+00 -2.733789974772385722e+00 -1.104331947336826047e+00 -4.610754914131809934e-01 -1.626147060735647909e-01 -5.316079829422584724e-02 -2.162816415387279825e-02 -1.873823169721067564e-02 -2.170654479466665315e-02 -2.256772242566765924e-02 -2.011278989613328114e-02 -1.567029229768391804e-02 -1.092909321426830706e-02 -7.045501007035143322e-03 -4.462626820493221895e-03 -3.076760193948985776e-03 -2.506723629345978307e-03 -2.330707560944422860e-03 -2.232228712846950035e-03 -2.049843413366550602e-03 -1.756855633028407996e-03 -1.406332962609622593e-03 -1.073149070229507344e-03 -8.131042193937216547e-04 -6.457513872343632454e-04 -5.576911999247862774e-04 -5.173272215967511913e-04 -4.916171088429981649e-04 -4.580057486559516210e-04 -4.087032067236075314e-04 -3.482323504823023829e-04 -2.872061548893475240e-04 -2.358109633623187173e-04 -1.994991386545865732e-04 -1.778438971518388873e-04 -1.660838964256342455e-04 -1.579819176811327346e-04 -1.485362540540278173e-04 -1.355142920073555961e-04 -1.195118595435872136e-04 -1.028899759647678612e-04 -8.828214494695961955e-05 -7.737298576392560997e-05 -7.036356347090321395e-05 -6.617519124899931256e-05 -6.313777965043301528e-05 -5.976469776243204088e-05 -5.531621556351714718e-05 -4.981765072479295953e-05 -4.422693445651864046e-05 -3.894999287643587614e-05 -3.361849087270427571e-05 -3.091129803785735611e-05 -2.900283470627128333e-05 -2.766564606210478167e-05 -2.625393894287581632e-05 -2.447146175539723442e-05 -2.231274346039051305e-05 -2.002257369663418016e-05 -1.793248471245774620e-05 -1.629721354084323146e-05 -1.519233183669832199e-05 -1.450695898935657839e-05 -1.401676815451408853e-05 -1.349911180160075557e-05 -1.280154373139034972e-05 -1.203519580782890911e-05 -1.072235082042367734e-05 -1.263069892722151612e-05
-6.767085718590602663e-07 -7.590082827118640556e-06 -3.363676437892022054e-05 -8.035774565575704573e-05 -1.381784101019274105e-04 -1.881706254202273351e-04 -2.138409225232374062e-04 -2.227930483749239053e-04 -2.743276404727544669e-04 -5.008900455272354479e-04 -1.103893687787440171e-03 -2.301244509695099093e-03 -4.212963011076564269e-03 -6.697664587929530455e-03 -9.203724115384094573e-03 -1.078619522649886669e-02 -1.056111787689213710e-02 -9.080001279391441277e-03 -1.133351929827859650e-02 -3.309306329895301407e-02 -1.106732434296296280e-01 -3.321793606069446958e-01 -8.235508359167309500e-01 -2.150335425639715581e+00 -3.705911128472596072e+00 -1.442757892038057577e+01 4.196729210128272491e+00 -1.986877442876573809e+02 7.090492888531454128e+02 -5.294152034214896048e+03 2.325816289569271612e+04 -5.383955876284849182e+03 7.217286381069066010e+02 -2.101823826482222159e+02 2.303094630551053346e+00 -1.661269543604819177e+01 -4.699065141386798317e+00 -2.728009654052703681e+00 -1.101614221881223488e+00 -4.599189147507755648e-01 -1.622863668189609698e-01 -5.318046611500371057e-02 -2.174483852539760634e-02 -1.883871119892111326e-02 -2.175930982702231273e-02 -2.258049198323716297e-02 -2.010562788363973521e-02 -1.566098389683115433e-02 -1.092759104492378210e-02 -7.054002909620358391e-03 -4.478331516917497847e-03 -3.095096413312707715e-03 -2.523778034353978388e-03 -2.344391932357198748e-03 -2.242317580227219751e-03 -2.057327211034238549e-03 -1.763101502355495301e-03 -1.412424530379162478e-03 -1.079577733212818335e-03 -8.197986756313706746e-04 -6.523171520260840186e-04 -5.636975683368474670e-04 -5.225155395960573781e-04 -4.959736152327385910e-04 -4.617112501766774003e-04 -4.120162298372553682e-04 -3.513716862881205785e-04 -2.902809467877619253e-04 -2.388142554536384205e-04 -2.023510834045521190e-04 -1.804541916795541503e-04 -1.684024998552694310e-04 -1.600195532397976836e-04 -1.503530008664355196e-04 -1.371884536233388178e-04 -1.211069506387290202e-04 -1.044346050017851981e-04 -8.976906778112274258e-05 -7.877369718241906819e-05 -7.165031185385135665e-05 -6.733359177337304847e-05 -6.419301870889385000e-05 -6.069584443916711786e-05 -5.634219871462712041e-05 -5.077172894277811981e-05 -4.370722102960827860e-05 -3.848203469216015724e-05 -3.422579000314501926e-05 -3.140488015381042260e-05 -2.960460955308527980e-05 -2.827603000865155087e-05 -2.687388270457094451e-05 -2.509304334171470662e-05 -2.293623504869985247e-05 -2.064738855800319679e-05 -1.855590536117436082e-05 -1.691404530666322425e-05 -1.579665661081802359e-05 -1.509349144653290240e-05 -1.458812701733976630e-05 -1.403869887380290125e-05 -1.344199835056358476e-05 -1.214141453508683720e-05 -1.429601122576470258e-05
-1.070269702787145036e-07 -4.965618094783286239e-06 -2.318035256537436125e-05 -6.044330631912928607e-05 -1.161267194323909726e-04 -1.804364126050218094e-04 -2.359301781043129541e-04 -2.679096660809335046e-04 -2.857067733160916011e-04 -3.507464461437604774e-04 -5.986920973942517956e-04 -1.235246680243649343e-03 -2.482243007974685445e-03 -4.460483056064210028e-03 -7.023124351535596152e-03 -9.605378021787040407e-03 -1.124416493734361859e-02 -1.104193663532928096e-02 -9.559808341983356064e-03 -1.185034993857543746e-02 -3.384100742708087695e-02 -1.121445897514689038e-01 -3.354027176827308332e-01 -8.302825581378970865e-01 -2.164041798678849382e+00 -3.729827019224324580e+00 -1.447780212993704652e+01 4.143462240825701137e+00 -1.989203838097604944e+02 7.091914540140459167e+02 -5.295690773610143879e+03 2.325762919920168133e+04 -5.382642464924432716e+03 7.214717884717182415e+02 -2.100457174976972397e+02 2.312543756864051669e+00 -1.659132489592031945e+01 -4.690089388358051004e+00 -2.722502041996711863e+00 -1.099024677658430038e+00 -4.588148260515136356e-01 -1.619682921902932116e-01 -5.319223798926268898e-02 -2.184887718908923304e-02 -1.892832312339004508e-02 -2.180497640410332394e-02 -2.258951918957841434e-02 -2.009674674993269794e-02 -1.565066252577531486e-02 -1.092492912122877344e-02 -7.060895912011341639e-03 -4.492091475882232197e-03 -3.111459226485124938e-03 -2.539126309453436457e-03 -2.356795491198894563e-03 -2.251540125512579722e-03 -2.064225121816063574e-03 -1.768867599180313794e-03 -1.418006208194097463e-03 -1.085412424497893442e-03 -8.258437893944902460e-04 -6.582556481202058926e-04 -5.691777143691302858e-04 -5.273208761581412232e-04 -5.000807634891458976e-04 -4.652500051787976636e-04 -4.151797616704043232e-04 -3.543284349957668915e-04 -2.931232982136422623e-04 -2.415534530346737769e-04 -2.049464289451247124e-04 -1.828543135536323666e-04 -1.705779251115613750e-04 -1.619755970290044883e-04 -1.521232605283861573e-04 -1.388173624129293202e-04 -1.226322032982245962e-04 -1.058770059817536831e-04 -9.113352897100165440e-05 -8.005237331260417596e-05 -7.285164648254383285e-05 -6.841038468723786533e-05 -6.533584955215012877e-05 -6.173122700009270943e-05 -5.590146455838308716e-05 -5.036003351237913642e-05 -4.434396502884118579e-05 -3.901787699075475228e-05 -3.488094249992933676e-05 -3.207690997117325143e-05 -3.028468600272739522e-05 -2.894724142338714025e-05 -2.753186976359016120e-05 -2.573848082350334735e-05 -2.357215354805268785e-05 -2.127575605455932011e-05 -1.917592890068695884e-05 -1.752255507816212428e-05 -1.638886985665070494e-05 -1.567143428218003776e-05 -1.513110209504901646e-05 -1.469422283025015242e-05 -1.349404741452934238e-05 -1.609660581712459812e-05
2.610800498088746672e-07 -1.943190095407616023e-06 -1.036004883140962653e-05 -3.221274862466201312e-05 -7.398784655477202402e-05 -1.369524283666412030e-04 -2.122328702049938894e-04 -2.814698773130983739e-04 -3.277783182992073359e-04 -3.587227119342062615e-04 -4.362375646832995411e-04 -6.997227819940853239e-04 -1.361121717729744853e-03 -2.648480503427732159e-03 -4.685117149676348500e-03 -7.319589588446203700e-03 -9.974140543673867473e-03 -1.166747145369097238e-02 -1.148809518510614074e-02 -1.000527803087249840e-02 -1.232895586397779811e-02 -3.453177100568332464e-02 -1.135036881453837659e-01 -3.383841319585970120e-01 -8.365151557316197195e-01 -2.176742093083536833e+00 -3.751988084821562541e+00 -1.452440923099861081e+01 4.094229545774333623e+00 -1.991371098724012256e+02 7.093266923616830582e+02 -5.297131499548607280e+03 2.325714397153492246e+04 -5.381406686432902461e+03 7.212322649433052675e+02 -2.099162517068175475e+02 2.321940682022875624e+00 -1.657093971556071565e+01 -4.681503400976131601e+00 -2.717248993370493526e+00 -1.096554198528081558e+00 -4.577593128030077452e-01 -1.616599980311881901e-01 -5.319741487046124317e-02 -2.194220226393022236e-02 -1.900883300375412824e-02 -2.184474720222645897e-02 -2.259535732356760668e-02 -2.008619864819269005e-02 -1.563914680893443293e-02 -1.092095845734707138e-02 -7.066233674354493142e-03 -4.504196001532937213e-03 -3.126286256000253370e-03 -2.553206900772986288e-03 -2.368223483701913622e-03 -2.260003820420579575e-03 -2.070470007493392661e-03 -1.774001586962136324e-03 -1.422949409738286227e-03 -1.090627996068547568e-03 -8.313383990484907995e-04 -6.637504434384443363e-04 -5.743259909420542035e-04 -5.318766207436922619e-04 -5.039727343949020879e-04 -4.685651463631461009e-04 -4.180915869833672863e-04 -3.570140766408115432e-04 -2.957035537106496217e-04 -2.440710070687864756e-04 -2.073789780495488263e-04 -1.851476784555897311e-04 -1.726812202633551039e-04 -1.638650633002150222e-04 -1.538092088651047133e-04 -1.403360810962104687e-04 -1.240310092757932468e-04 -1.071941701167476648e-04 -9.240735956536233226e-05 -8.124225165390132309e-05 -7.412849276146485724e-05 -6.957946510082629356e-05 -6.503417801771230731e-05 -6.141999868151745028e-05 -5.658322072378395323e-05 -5.092529729045834164e-05 -4.502445118576697147e-05 -3.972509490500545471e-05 -3.560927071802705383e-05 -3.280476102795855321e-05 -3.099846475481796745e-05 -2.963888968252670938e-05 -2.819998220536607062e-05 -2.638616373450479674e-05 -2.420400053605202485e-05 -2.189501175365440514e-05 -1.978330877575854271e-05 -1.811558903448096951e-05 -1.697059398777018259e-05 -1.621749551317804662e-05 -1.580477951397771613e-05 -1.469073628826010448e-05 -1.786506826875891097e-05
3.609347437597909788e-07 3.071000453014020578e-07 -3.409347040698672879e-07 -7.952613107468204344e-06 -3.213873348686271491e-05 -8.185572245482443409e-05 -1.585162053601686335e-04 -2.509026082061423008e-04 -3.368719850424217971e-04 -3.962189797149521164e-04 -4.355503856688789830e-04 -5.193079568247577649e-04 -7.926389011152773631e-04 -1.474793699690810133e-03 -2.799841194769013379e-03 -4.892565549868250520e-03 -7.595849785375839019e-03 -1.031866370338041863e-02 -1.206223454256999394e-02 -1.190237030953039850e-02 -1.041669585013720555e-02 -1.276932789681124551e-02 -3.516838449608729322e-02 -1.147614360315623028e-01 -3.411502144710550355e-01 -8.423034526125113830e-01 -2.188543995167239409e+00 -3.772579328223666817e+00 -1.456777280862635315e+01 4.048602100736830245e+00 -1.993394897368467866e+02 7.094554641860884203e+02 -5.298483275733362461e+03 2.325670151665912272e+04 -5.380241860763927434e+03 7.210083876548932267e+02 -2.097934409553555497e+02 2.331246958076839348e+00 -1.655147763946172645e+01 -4.673284434139529431e+00 -2.712233662878851703e+00 -1.094194910259374431e+00 -4.567495692691380671e-01 -1.613616909695247958e-01 -5.319742877381691132e-02 -2.202634218872594543e-02 -1.908130132214829605e-02 -2.187910875840708841e-02 -2.259809552154534024e-02 -2.007394977667560643e-02 -1.562650353369031755e-02 -1.091593878514368621e-02 -7.070425645758647050e-03 -4.515078743003932311e-03 -3.139903948891581507e-03 -2.566165183680368684e-03 -2.378650228516622674e-03 -2.267590454948756502e-03 -2.075954590605832983e-03 -1.778486986895412309e-03 -1.427353141284638631e-03 -1.095405252606596264e-03 -8.364758577913270540e-04 -6.689381127605671575e-04 -5.791838366637110103e-04 -5.361352830935184376e-04 -5.075562080519400868e-04 -4.715744870200960673e-04 -4.207249918002132789e-04 -3.594711421455333957e-04 -2.981141870689113450e-04 -2.464692471726748256e-04 -2.097201048926990912e-04 -1.873513445183442347e-04 -1.746777874529644153e-04 -1.656264089530804277e-04 -1.553567885887071330e-04 -1.417227977041846587e-04 -1.253348470901568385e-04 -1.084188878191399464e-04 -9.374853199762939150e-05 -8.251460746014429605e-05 -7.398143110439002869e-05 -6.941782376009659680e-05 -6.581919293989945058e-05 -6.205718612153989812e-05 -5.730332610931421835e-05 -5.165523463319754107e-05 -4.577423795017497099e-05 -4.048449898918706099e-05 -3.636770081357240902e-05 -3.354940738987136290e-05 -3.171902086165874691e-05 -3.033009653434632198e-05 -2.886217558697161766e-05 -2.702363729001094989e-05 -2.482221708683610755e-05 -2.249835644011429522e-05 -2.037278242050101593e-05 -1.869699249629448178e-05 -1.751744524284809575e-05 -1.690913163639677015e-05 -1.574867000500601734e-05 -1.947341690820392118e-05
2.540489961608519134e-07 1.297503135567516847e-06 4.506072721412761252e-06 5.711845438386446889e-06 -3.962988652908591834e-06 -3.593859832577558304e-05 -9.865448438109351121e-05 -1.910704092869743194e-04 -2.986153516765714493e-04 -3.962774919619014473e-04 -4.626833180487379825e-04 -5.056976594981114426e-04 -5.934987283787291051e-04 -8.767509559960871227e-04 -1.580564307926885827e-03 -2.943142628708752748e-03 -5.089345861714169965e-03 -7.856187951569160860e-03 -1.064054075437066010e-02 -1.242823152110802444e-02 -1.228426423493113664e-02 -1.079477749459240715e-02 -1.317451970248150611e-02 -3.575741412831640736e-02 -1.159303147689719204e-01 -3.437250587728533091e-01 -8.476939040100852640e-01 -2.199538507741084281e+00 -3.791758694002056007e+00 -1.460821496337146108e+01 4.006208755594722781e+00 -1.995288933979465469e+02 7.095781932096151650e+02 -5.299754084397376573e+03 2.325629695065350461e+04 -5.379142052212373528e+03 7.207986862964909278e+02 -2.096767922863219269e+02 2.340433856438532079e+00 -1.653288078874260236e+01 -4.665411544652886100e+00 -2.707441264533326564e+00 -1.091940231562325225e+00 -4.557832962345334527e-01 -1.610733610223000212e-01 -5.319305595202675208e-02 -2.210208787882721182e-02 -1.914627416517643288e-02 -2.190840803220805641e-02 -2.259802724863372789e-02 -2.006034599708699656e-02 -1.561314101127744478e-02 -1.091027174798860945e-02 -7.073774919879976565e-03 -4.524887328810747733e-03 -3.152312820406602458e-03 -2.577921254156954976e-03 -2.388005413625081570e-03 -2.274309990193033003e-03 -2.080791094981662964e-03 -1.782507442385771477e-03 -1.431408853648384301e-03 -1.099879561376445117e-03 -8.413002613598535850e-04 -6.737779777933433330e-04 -5.836669944647381427e-04 -5.400232823986051952e-04 -5.108104839450847406e-04 -4.743232329135835669e-04 -4.231724824628482436e-04 -3.618009207607650085e-04 -3.004260727630533542e-04 -2.487662382234452391e-04 -2.119377522245899500e-04 -1.894070979915491175e-04 -1.765166204805554873e-04 -1.672398026193833522e-04 -1.567978653765097596e-04 -1.430102726685820232e-04 -1.266988776913277235e-04 -1.097196604815781730e-04 -9.368879364371865729e-05 -8.247327532305125802e-05 -7.488614394703764022e-05 -7.017468285979142669e-05 -6.663414013115392660e-05 -6.284994423769077031e-05 -5.808767028106195837e-05 -5.243393582662264683e-05 -4.655162640022441039e-05 -4.125826692666378654e-05 -3.713020301832158071e-05 -3.429070032134342948e-05 -3.243087073536806466e-05 -3.100876791711563681e-05 -2.950904834133295912e-05 -2.764371480583806831e-05 -2.542190064314073407e-05 -2.308198063734562014e-05 -2.094999729836528836e-05 -1.924109465779377733e-05 -1.822369667209948688e-05 -1.680545954187782678e-05 -2.090823138687337326e-05
6.189603633678724688e-08 1.157510602552028584e-06 4.484047356007521671e-06 8.250995581736804557e-06 6.679749383878818560e-06 -9.699949691213085562e-06 -5.146783640242283306e-05 -1.254175093428599986e-04 -2.287350386050596444e-04 -3.454911314765597989e-04 -4.500513467591156481e-04 -5.213454021811720360e-04 -5.686356520623674863e-04 -6.627167615443851044e-04 -9.579662788545305948e-04 -1.683642728415512537e-03 -3.081129903282337108e-03 -5.275497175752460847e-03 -8.099053145813141230e-03 -1.093837462902014397e-02 -1.276570347791742242e-02 -1.263626278940335745e-02 -1.114391882000215737e-02 -1.355011890639396324e-02 -3.630560774162729792e-02 -1.170202345994635490e-01 -3.461274423244837251e-01 -8.527246461422027801e-01 -2.209803451087759552e+00 -3.809663639021402481e+00 -1.464601777588599418e+01 3.966725297264642069e+00 -1.997065239356820143e+02 7.096952702419202978e+02 -5.300950981250868608e+03 2.325592606803728995e+04 -5.378101967841379519e+03 7.206018685138195679e+02 -2.095658592342759334e+02 2.349479248161789879e+00 -1.651509622181256987e+01 -4.657865686963210905e+00 -2.702858417699880444e+00 -1.089783934198082616e+00 -4.548578924837434201e-01 -1.607944244040805104e-01 -5.318459594561916054e-02 -2.217005787989717591e-02 -1.920444286676584525e-02 -2.193331533917132828e-02 -2.259574882521559608e-02 -2.004585745196905272e-02 -1.559936031628476188e-02 -1.090408089656402790e-02 -7.076267404425397485e-03 -4.533548178244873814e-03 -3.163466274915465587e-03 -2.588515774749467705e-03 -2.396428857568866973e-03 -2.280364900874092340e-03 -2.085180577831381547e-03 -1.786201808171274325e-03 -1.435162165814709862e-03 -1.104012906192806910e-03 -8.457322407465205647e-04 -6.782028561551467060e-04 -5.877610942360099585e-04 -5.435906951199756228e-04 -5.138309403595270677e-04 -4.769139469768401843e-04 -4.255055634132640270e-04 -3.640224038726773046e-04 -3.026088565658025540e-04 -2.509061297335047139e-04 -2.139833822215656239e-04 -1.912971065247914782e-04 -1.782305112802869129e-04 -1.687387162499961720e-04 -1.582855238346039014e-04 -1.443646468455797734e-04 -1.266849078394228947e-04 -1.097262036818038309e-04 -9.465037602976918163e-05 -8.332311445769083119e-05 -7.581194036491973156e-05 -7.107593122190299431e-05 -6.750543470084316379e-05 -6.368570110148204352e-05 -5.889598708542442910e-05 -5.322474322547961808e-05 -4.733138329142694967e-05 -4.202687475763075889e-05 -3.788180253571191592e-05 -3.501695741919345060e-05 -3.312488727966079875e-05 -3.166783777866240252e-05 -3.013527020716706809e-05 -2.824299912730124002e-05 -2.600039415508565048e-05 -2.365302726181348880e-05 -2.148801978272569792e-05 -1.995722801606985745e-05 -1.807602067564524170e-05 -2.230218670709711049e-05
-1.041342806341042775e-07 3.795997500032977416e-07 1.540046614154583277e-06 3.319236178158253780e-06 3.560672767102301733e-06 -3.004863900769104368e-06 -2.506999669106255472e-05 -7.272005450515396587e-05 -1.527231713083795721e-04 -2.624881575928359823e-04 -3.861656208550021748e-04 -4.978416045357463926e-04 -5.760087840723406146e-04 -6.299513667409142349e-04 -7.316819239882066698e-04 -1.038370758893454636e-03 -1.783207497728419005e-03 -3.211183671423286593e-03 -5.448422604385933302e-03 -8.323531503104414364e-03 -1.121375247315551521e-02 -1.307847385522655816e-02 -1.296333238963017984e-02 -1.146893346159814572e-02 -1.390008384768302158e-02 -3.681676598024594127e-02 -1.180376761036428523e-01 -3.483724488476686587e-01 -8.574289617266928065e-01 -2.219407918392219514e+00 -3.826415902195678509e+00 -1.468142968108320723e+01 3.929868124415017760e+00 -1.998734406379947757e+02 7.098070570741326719e+02 -5.302080225237708873e+03 2.325558523165984661e+04 -5.377116873630862756e+03 7.204167929052637191e+02 -2.094602373983327936e+02 2.358366040042828349e+00 -1.649807511245407099e+01 -4.650628816629177820e+00 -2.698472288690671572e+00 -1.087719740292985238e+00 -4.539705903890370320e-01 -1.605242554678051603e-01 -5.317251094185823646e-02 -2.223115517604309574e-02 -1.925674892338489347e-02 -2.195458339519322857e-02 -2.259172696916700654e-02 -2.003067092390545950e-02 -1.558514937707975931e-02 -1.089727379174883909e-02 -7.077843070846120098e-03 -4.541104143131537672e-03 -3.173520319262683551e-03 -2.598174288534972360e-03 -2.404144270144855690e-03 -2.285911740449477619e-03 -2.089180197680305228e-03 -1.789538620045650697e-03 -1.438537372355626950e-03 -1.107740740479920072e-03 -8.497601112435735661e-04 -6.822658755855063760e-04 -5.915648046712950262e-04 -5.469433774502272536e-04 -5.166922147470795132e-04 -4.793685189418608731e-04 -4.276964878937375425e-04 -3.660819671083730738e-04 -3.046157189153171391e-04 -2.528722779816977334e-04 -2.158902760814522634e-04 -1.930556193553960721e-04 -1.799710354194277687e-04 -1.702876456207482196e-04 -1.584111440315905670e-04 -1.444411030952889603e-04 -1.276638717635184971e-04 -1.106003295590269914e-04 -9.562720130287947400e-05 -8.430780112198117628e-05 -7.678572702176180743e-05 -7.201233343658865714e-05 -6.839439444718949329e-05 -6.452910905751035550e-05 -5.970392149502299522e-05 -5.400875259025127623e-05 -4.809897982614192043e-05 -4.277898614803925492e-05 -3.861365006514556403e-05 -3.572129611402530063e-05 -3.379581775922327005e-05 -3.230345093670515056e-05 -3.073867190083807077e-05 -2.881979142974855934e-05 -2.656618509847531742e-05 -2.418337378917458883e-05 -2.221063745458410897e-05 -1.976389034017997999e-05 -2.389907997346533587e-05
-1.815830858394700641e-07 -4.823342719990634367e-07 -1.991263808197234905e-06 -4.005241297039445037e-06 -5.936965041529161600e-06 -8.856009544523230353e-06 -1.759294110355905558e-05 -4.132805032089344963e-05 -9.132767714826174024e-05 -1.755701851309780673e-04 -2.919914218056799196e-04 -4.242111771768692263e-04 -5.449268785977268463e-04 -6.311366856551877064e-04 -6.915523789485584138e-04 -7.993904061928736905e-04 -1.115013920096599590e-03 -1.876052147698171416e-03 -3.331464194530561924e-03 -5.608565268440897367e-03 -8.532303659510697552e-03 -1.147074815774797203e-02 -1.337081316064657986e-02 -1.326891358982863756e-02 -1.177200241664993520e-02 -1.422577790355226100e-02 -3.729295594735490549e-02 -1.189883041149656789e-01 -3.504743509632463616e-01 -8.618375511377697196e-01 -2.228413820330243933e+00 -3.842122901719090766e+00 -1.471466890965278473e+01 3.895389497846740934e+00 -2.000305790523373162e+02 7.099138884003835983e+02 -5.303147388587916794e+03 2.325527128198688297e+04 -5.376182523408517227e+03 7.202424474937471359e+02 -2.093595593480729065e+02 2.367081860078720013e+00 -1.648177172456239603e+01 -4.643683495747657375e+00 -2.694270653846057684e+00 -1.085741791585429716e+00 -4.531190469905092000e-01 -1.602626182956989331e-01 -5.315752684222284363e-02 -2.228633732940076689e-02 -1.930396869548455310e-02 -2.197265470125452785e-02 -2.258610062860675477e-02 -2.001475133983758592e-02 -1.557044779308727582e-02 -1.088987173312617671e-02 -7.078640361869085670e-03 -4.547778310951318230e-03 -3.182711305924006140e-03 -2.607075006690639293e-03 -2.411232051418890545e-03 -2.290938211803140740e-03 -2.092726722958700332e-03 -1.792459328045343430e-03 -1.441524336153670021e-03 -1.111115906667309349e-03 -8.534826324297904200e-04 -6.860746042338393457e-04 -5.951562735226624242e-04 -5.501078843751660728e-04 -5.193713487741137818e-04 -4.816372694337771386e-04 -4.297009540010310953e-04 -3.679640592444549663e-04 -3.064798128921941678e-04 -2.546990148464279018e-04 -2.178081864515893557e-04 -1.948456043804518221e-04 -1.803586003357861116e-04 -1.705671509953061787e-04 -1.594968515956553408e-04 -1.453600796784395232e-04 -1.286531933624884860e-04 -1.116025921365753612e-04 -9.664641815016551717e-05 -8.532116816119439298e-05 -7.777035489414656385e-05 -7.294993945369770527e-05 -6.927770775750355858e-05 -6.536204097999412615e-05 -6.049748325142609236e-05 -5.477498868727600487e-05 -4.884581096482224996e-05 -4.350788992048704867e-05 -3.932058444114109523e-05 -3.639988006249791490e-05 -3.444099038051117134e-05 -3.291446674117046970e-05 -3.131839104956869019e-05 -2.938394248101650215e-05 -2.708988427824782189e-05 -2.491290632055915102e-05 -2.196273851073141375e-05 -2.595795288042133925e-05
-1.658055342252305336e-07 -1.032581144266116649e-06 -4.369339692615650038e-06 -9.555235796513256491e-06 -1.477586600871276954e-05 -1.837875982396173027e-05 -2.141689082431605981e-05 -2.971914658815724637e-05 -5.402831915287008486e-05 -1.070104166636287775e-04 -1.972298832236475848e-04 -3.220906743181438858e-04 -4.637352899573289849e-04 -5.930485409103345264e-04 -6.857361347067571916e-04 -7.505587123779327045e-04 -8.625976283217495506e-04 -1.185756873974720552e-03 -1.961982238827218120e-03 -3.443710088040161099e-03 -5.758900985840735391e-03 -8.728611122884125453e-03 -1.171205702966720413e-02 -1.364449797071329643e-02 -1.355398464467006021e-02 -1.205381188696341525e-02 -1.452838168377997875e-02 -3.773701347747106249e-02 -1.198785695542922414e-01 -3.524469419117881586e-01 -8.659779644082470362e-01 -2.236875411850715256e+00 -3.856878463525631684e+00 -1.474592721118059480e+01 3.863072018792627293e+00 -2.001787692266356373e+02 7.100160728691647591e+02 -5.304157449148598062e+03 2.325498146352459662e+04 -5.375295097283817995e+03 7.200779326389978223e+02 -2.092634899018764258e+02 2.375618479950884154e+00 -1.646614328754898082e+01 -4.637013336489497206e+00 -2.690242412866053812e+00 -1.083845028081877437e+00 -4.523014159194204686e-01 -1.600094309429557493e-01 -5.314022620308424261e-02 -2.233623624555030815e-02 -1.934652413304196669e-02 -2.198772516686058401e-02 -2.257894207048016452e-02 -1.999816543567846036e-02 -1.555538672192364850e-02 -1.088207298376227088e-02 -7.078877398174960797e-03 -4.553747443000344224e-03 -3.191133909335563956e-03 -2.615228441810504671e-03 -2.417652023512754413e-03 -2.295403119705800941e-03 -2.095819469831352276e-03 -1.795019479717963398e-03 -1.444220846375417417e-03 -1.114244641550790485e-03 -8.569785388281126555e-04 -6.896587966207411635e-04 -5.985176395712932945e-04 -5.530400625845347537e-04 -5.218285372992416708e-04 -4.837073202529596177e-04 -4.315527487364420730e-04 -3.697030196511517258e-04 -3.083485669737818439e-04 -2.565471993098621074e-04 -2.183852784892387807e-04 -1.953724180675308968e-04 -1.816687637667073322e-04 -1.716581478672591157e-04 -1.605829975955674752e-04 -1.463985609730330032e-04 -1.296802265393065382e-04 -1.126296054296608407e-04 -9.767216235290585469e-05 -8.633050216486288283e-05 -7.874353837403575633e-05 -7.387150495008669242e-05 -7.014209020558244488e-05 -6.617404004437808535e-05 -6.126841118625313406e-05 -5.551694498444655074e-05 -4.956682136125438708e-05 -4.420976204908900928e-05 -3.999988183588587613e-05 -3.705099109587323022e-05 -3.506014384811085861e-05 -3.350077266229481031e-05 -3.188579387765468558e-05 -2.990442078620483051e-05 -2.783161034094011624e-05 -2.459524347862592004e-05 -2.863294738007763591e-05
-9.211652125275238130e-08 -1.127637427723538020e-06 -4.890922607910475289e-06 -1.131156766753622688e-05 -1.875196696177762717e-05 -2.476856801094474086e-05 -2.801473035530184416e-05 -3.053322024249859631e-05 -3.938029865531874317e-05 -6.626577035923421116e-05 -1.242100507321153996e-04 -2.214030527099313168e-04 -3.542695811025704062e-04 -5.036837825770195667e-04 -6.394143030289965767e-04 -7.366908235032375209e-04 -8.048738302191138375e-04 -9.209581778214209324e-04 -1.251931798568088356e-03 -2.043309975871361248e-03 -3.550306747062618833e-03 -5.901202984747942401e-03 -8.913407408374950103e-03 -1.193808010932081824e-02 -1.389990135331199694e-02 -1.381938412029187074e-02 -1.231594538894896507e-02 -1.481035329061909309e-02 -3.815263382016160360e-02 -1.207146706165103667e-01 -3.543021163650697525e-01 -8.698737189028867833e-01 -2.244839749106758653e+00 -3.870764986016708598e+00 -1.477537445447730136e+01 3.832723231896265847e+00 -2.003187508517080460e+02 7.101138950673383761e+02 -5.305114867193595273e+03 2.325471336498203164e+04 -5.374451148836809807e+03 7.199224463309333260e+02 -2.091717227688151297e+02 2.383970597481423592e+00 -1.645115032023418067e+01 -4.630603350656151029e+00 -2.686377601928845671e+00 -1.082024920352451014e+00 -4.515159259667076430e-01 -1.597643829482140732e-01 -5.312086058973300440e-02 -2.238122214624061954e-02 -1.938474148506658806e-02 -2.200006414283362660e-02 -2.257049441122854425e-02 -1.998114568575562119e-02 -1.554017392234030223e-02 -1.087403162819449917e-02 -7.078634695355319646e-03 -4.559023838620657881e-03 -3.198762996142212513e-03 -2.622614221705569376e-03 -2.423422664227522106e-03 -2.299375042297414039e-03 -2.098562367851069480e-03 -1.797326580407220247e-03 -1.446705136315108676e-03 -1.117157036647208838e-03 -8.602323590196132462e-04 -6.929784929673607442e-04 -6.016139131415159345e-04 -5.557311975256784943e-04 -5.241000511923128670e-04 -4.856144631254331206e-04 -4.333977074720317207e-04 -3.714575565032248545e-04 -3.088965113028642700e-04 -2.571457986349031288e-04 -2.198519421223596383e-04 -1.966787540607403250e-04 -1.829642238261340646e-04 -1.728539023882084752e-04 -1.616975148173017518e-04 -1.474560295674963114e-04 -1.307103311458783241e-04 -1.136497026425664674e-04 -9.868297246740773587e-05 -8.731931972235100654e-05 -7.969270076232441128e-05 -7.476720213233198798e-05 -7.097978926866421842e-05 -6.695896173163437158e-05 -6.201186438869853027e-05 -5.623088392364295477e-05 -5.025924729114632195e-05 -4.488276170689183735e-05 -4.065059447350912082e-05 -3.767512536263406580e-05 -3.565383029582905826e-05 -3.407545129146777958e-05 -3.240751902003775322e-05 -3.066732015617940256e-05 -2.742666776466406439e-05 -3.188425798617524400e-05
-8.410887897073093211e-09 -8.487946455266252458e-07 -3.816175658192957906e-06 -9.449847595074249739e-06 -1.711781814240457490e-05 -2.510887167377834483e-05 -3.140679058578656473e-05 -3.527630271470921477e-05 -3.927877134982616720e-05 -5.074720662829964213e-05 -8.142285551307157940e-05 -1.441807784629168957e-04 -2.469444245405657060e-04 -3.857605172363675803e-04 -5.410189135888104949e-04 -6.819915228913090918e-04 -7.836489951308871606e-04 -8.557152262520541491e-04 -9.765359708234781951e-04 -1.315526066069722414e-03 -2.121258821886094770e-03 -3.651532514157977347e-03 -6.035141263950504625e-03 -9.086390302045036296e-03 -1.214915194240714230e-02 -1.413829787225575826e-02 -1.406721956821896033e-02 -1.256095241448160031e-02 -1.507434990123479070e-02 -3.854280487588531562e-02 -1.215012901064033979e-01 -3.560495145879700174e-01 -8.735450807035681775e-01 -2.252348531760921091e+00 -3.883856039498870594e+00 -1.480316235825140936e+01 3.804171964752614432e+00 -2.004511848877813236e+02 7.102076182388309462e+02 -5.306023650299678593e+03 2.325446486930914398e+04 -5.373647560611303561e+03 7.197752710240124543e+02 -2.090839780452065781e+02 2.392134850332446661e+00 -1.643675647794182026e+01 -4.624439663926095179e+00 -2.682666928971413789e+00 -1.080277060959787816e+00 -4.507606753483255901e-01 -1.595269873217950440e-01 -5.309960099428581715e-02 -2.242171861552239367e-02 -1.941908756594565993e-02 -2.201008091168909359e-02 -2.256106209021387435e-02 -1.996387551224321905e-02 -1.552488151896421094e-02 -1.086574159699549465e-02 -7.077875988718445623e-03 -4.563588885267392745e-03 -3.205629141857818665e-03 -2.629317315855987137e-03 -2.428662962705003658e-03 -2.302972095826520682e-03 -2.101039470126343095e-03 -1.799413248824188391e-03 -1.448962997400267448e-03 -1.119814659632216913e-03 -8.632114714565274766e-04 -6.960279951313229352e-04 -6.044842189624925278e-04 -5.582199278768296136e-04 -5.263318684372588450e-04 -4.875165946418525353e-04 -4.339364985139204114e-04 -3.719795686361369131e-04 -3.103099710556880483e-04 -2.584999242830643439e-04 -2.212920693573793994e-04 -1.980736389067571431e-04 -1.842738001639491671e-04 -1.740570936114470757e-04 -1.628073014254069072e-04 -1.485020067340231246e-04 -1.317228314385855659e-04 -1.146470063064227660e-04 -9.966680963397882851e-05 -8.827832405231798992e-05 -8.061061205874648825e-05 -7.563136144148199054e-05 -7.178634333681985127e-05 -6.771331701902278874e-05 -6.272518443776241921e-05 -5.691490685889216331e-05 -5.092196310521017596e-05 -4.552656645425518319e-05 -4.127386613245887507e-05 -3.827339507563304045e-05 -3.623699294748266268e-05 -3.460195601003219525e-05 -3.320121879388725997e-05 -3.016092812228971543e-05 -3.547033285899910951e-05
4.809567312045363151e-08 -4.004843148837525424e-07 -1.965190403594251915e-06 -5.564710052839317213e-06 -1.171527460667855967e-05 -2.012957268405602356e-05 -2.944353816026624762e-05 -3.774711334479726208e-05 -4.412105620302923001e-05 -5.081063947301161506e-05 -6.494437910617140272e-05 -9.834016418750918004e-05 -1.642129965866154023e-04 -2.708809450871671443e-04 -4.145514397819235878e-04 -5.753475659122034161e-04 -7.219052318624253175e-04 -8.285508180902471844e-04 -9.049213436407052384e-04 -1.030360017592725800e-03 -1.376536231034518158e-03 -2.195088701526658366e-03 -3.746537670032642087e-03 -6.160412772136766510e-03 -9.248211117222114933e-03 -1.234689233605495810e-02 -1.436192744278681245e-02 -1.429982203174452217e-02 -1.279081393984220563e-02 -1.532194115976457174e-02 -3.890930012945434391e-02 -1.222420133567069522e-01 -3.576976455255835852e-01 -8.770104907100233493e-01 -2.259439535334951898e+00 -3.896217725862559877e+00 -1.482942654777571434e+01 3.777266097349818885e+00 -2.005766631196739809e+02 7.102974864040955936e+02 -5.306887409335780831e+03 2.325423411131930698e+04 -5.372881506266819088e+03 7.196357624841674578e+02 -2.089999996028866462e+02 2.400109563139412483e+00 -1.642292794295274305e+01 -4.618509088220123182e+00 -2.679101522578534844e+00 -1.078597183033137119e+00 -4.500338566216298686e-01 -1.592968799493354182e-01 -5.307676766908238364e-02 -2.245827031856969733e-02 -1.945006640947062257e-02 -2.201811772338837722e-02 -2.255080505335376254e-02 -1.994637638425635073e-02 -1.550946621025660332e-02 -1.085716702846834837e-02 -7.076619923133051042e-03 -4.567526678995174026e-03 -3.211860143532854414e-03 -2.635469631597274140e-03 -2.433470911807639886e-03 -2.306237826765469064e-03 -2.103243437069325043e-03 -1.801244447649401944e-03 -1.450963087713974748e-03 -1.122212407169529249e-03 -8.659556811625811592e-04 -6.988477906557332125e-04 -6.072750906293550429e-04 -5.606646589687495734e-04 -5.272515541629493180e-04 -4.881891571065247681e-04 -4.353133808204431572e-04 -3.732375724637808649e-04 -3.116927665583319167e-04 -2.599333431708386491e-04 -2.227350921228417454e-04 -1.994629097735691652e-04 -1.855661920935870138e-04 -1.752387912989013816e-04 -1.638927697192723242e-04 -1.495213636313286957e-04 -1.327061996159799545e-04 -1.156126170538693487e-04 -1.006168197648115884e-04 -8.920224091211625581e-05 -8.149321441283842319e-05 -7.646086150089760733e-05 -7.255937092427251951e-05 -6.843534941460711603e-05 -6.340719997809438459e-05 -5.756848461755954393e-05 -5.155515993775906482e-05 -4.614286398923983875e-05 -4.187124427255952915e-05 -3.886261023352107830e-05 -3.676913182478280611e-05 -3.543299366846710451e-05 -3.258741504802674789e-05 -3.904103337816897714e-05
6.304359453126774814e-08 4.490651458478760143e-09 -2.302100458576193495e-07 -1.608749821885839909e-06 -5.417544045006499932e-06 -1.266893726419847466e-05 -2.321994705192654469e-05 -3.540345565637287577e-05 -4.669754608331878605e-05 -5.558121634607748201e-05 -6.403118663692702048e-05 -7.940648763796941080e-05 -1.141788592746327877e-04 -1.823492093844716736e-04 -2.927721849242254093e-04 -4.416429780139711440e-04 -6.084594951908518616e-04 -7.608653032743500780e-04 -8.723376710251723237e-04 -9.524207354271985691e-04 -1.081586503036924230e-03 -1.433905797014217503e-03 -2.264138068280786148e-03 -3.835461752576154685e-03 -6.278032788012472346e-03 -9.400525290998005060e-03 -1.253318832369066695e-02 -1.457250699907867292e-02 -1.451849598171571845e-02 -1.300643424567578428e-02 -1.555396067528055232e-02 -3.925363355131598897e-02 -1.229404300241592335e-01 -3.592547229632855887e-01 -8.802869665229859919e-01 -2.266146768064580819e+00 -3.907909007940579382e+00 -1.485428802590366892e+01 3.751870362029063433e+00 -2.006957169644153680e+02 7.103837255706563383e+02 -5.307709406783376835e+03 2.325401944220275618e+04 -5.372150417514259971e+03 7.195033408367761467e+02 -2.089195523359260278e+02 2.407894726503853722e+00 -1.640963303311202282e+01 -4.612799109127362129e+00 -2.675673105878770830e+00 -1.076981424558966616e+00 -4.493339647080755173e-01 -1.590738790212683773e-01 -5.305272830152335528e-02 -2.249134263396682445e-02 -1.947802056037940821e-02 -2.202434137569452693e-02 -2.253975969199996376e-02 -1.992863590490578929e-02 -1.549393753784145990e-02 -1.084837328893521052e-02 -7.074981007047427030e-03 -4.570967187963863657e-03 -3.217562303394630365e-03 -2.641128579645880305e-03 -2.437853420274728889e-03 -2.309148185404508169e-03 -2.105149245320897880e-03 -1.802817321017235108e-03 -1.452744886984621772e-03 -1.124390403829019121e-03 -8.686101480470779807e-04 -7.015959384316650116e-04 -6.087406155164910501e-04 -5.618650259507505969e-04 -5.289640711311015915e-04 -4.895661471847407220e-04 -4.366518004890949088e-04 -3.745694592089901672e-04 -3.130744972453000478e-04 -2.613545218101643512e-04 -2.241512443926449991e-04 -2.008192122527281459e-04 -1.868231604762808878e-04 -1.763849608322008548e-04 -1.649431871436031548e-04 -1.505057331345033788e-04 -1.336539364395619234e-04 -1.165415384384205395e-04 -1.015292219708347350e-04 -9.008825474940377752e-05 -8.233844294974426324e-05 -7.725422140368357038e-05 -7.329787236306020692e-05 -6.912451114261807005e-05 -6.405789452478941905e-05 -5.819223955804008635e-05 -5.216097557488557349e-05 -4.673351161050245852e-05 -4.246125885133421915e-05 -3.939789192132363857e-05 -3.763827644667708131e-05 -3.471550300789078762e-05 -4.230507360669461469e-05
4.348093275850184004e-08 2.299128510808571738e-07 7.903738670047457680e-07 9.794910098551358750e-07 -6.703933345266249807e-07 -5.839455436790134648e-06 -1.546771642706950723e-05 -2.892435444731320147e-05 -4.386524441361791966e-05 -5.721504577545098231e-05 -6.727361866337621603e-05 -7.630163120925047672e-05 -9.230342639512298635e-05 -1.285102366345339633e-04 -1.994956189780697816e-04 -3.142543278317562385e-04 -4.685911493705692717e-04 -6.411871436171198094e-04 -7.987507701119512952e-04 -9.141547944612142930e-04 -9.971357897221391504e-04 -1.129462090957268541e-03 -1.487559889574384267e-03 -2.329061558956161630e-03 -3.919472683523229570e-03 -6.389340594706579418e-03 -9.544543056562777850e-03 -1.270897672822987254e-02 -1.477073381549656207e-02 -1.472385581313962952e-02 -1.320855344234393887e-02 -1.577153157927384600e-02 -3.957775989522642479e-02 -1.236002878235519103e-01 -3.607283505431539972e-01 -8.833896470626594333e-01 -2.272500344269077655e+00 -3.918982302799929318e+00 -1.487785509718474586e+01 3.727863784557912563e+00 -2.008088253971484107e+02 7.104665448792936786e+02 -5.308492597861625654e+03 2.325381940021229093e+04 -5.371451955030676800e+03 7.193774830815026462e+02 -2.088424198814539068e+02 2.415491645860437853e+00 -1.639684223650078820e+01 -4.607298113723748756e+00 -2.672374158735008276e+00 -1.075426361588637691e+00 -4.486596827131889564e-01 -1.588577828051014607e-01 -5.302770239643014166e-02 -2.252121680272061235e-02 -1.950315352986621911e-02 -2.202887038657913577e-02 -2.252800490345476317e-02 -1.991073696593034445e-02 -1.547839851289222433e-02 -1.083947158219861553e-02 -7.073053422147684149e-03 -4.573967258721157308e-03 -3.222751666604548731e-03 -2.646283829579068343e-03 -2.441798553172164991e-03 -2.311709496630191731e-03 -2.106800629181039986e-03 -1.804173090263681356e-03 -1.454451257635749808e-03 -1.126504352644023968e-03 -8.699529952091798312e-04 -7.030949631761011873e-04 -6.109480845387752239e-04 -5.637225517047290014e-04 -5.306130479256363159e-04 -4.910000524557426660e-04 -4.379819009473315977e-04 -3.758861260009348638e-04 -3.144265006741901779e-04 -2.627372519249924522e-04 -2.255234120634978410e-04 -2.021296508037397316e-04 -1.880350189045536203e-04 -1.774880908880047830e-04 -1.659526726020963056e-04 -1.514505213854595682e-04 -1.345625206618736584e-04 -1.174311579587552958e-04 -1.024021616089844952e-04 -9.093512167993362161e-05 -8.314553373272139461e-05 -7.801106656819631758e-05 -7.400183424285127116e-05 -6.978123485523739136e-05 -6.467826444449302969e-05 -5.878868665954693095e-05 -5.274148329840221610e-05 -4.731853028224187422e-05 -4.299469246955685628e-05 -4.030002017378219066e-05 -3.682714644204586584e-05 -4.520298167159300521e-05
8.651631156866996388e-09 2.465515244164190955e-07 9.406049459841336835e-07 1.689559695961207802e-06 1.355843479326379440e-06 -1.676978121983089029e-06 -8.875401867887581971e-06 -2.074284328437024291e-05 -3.619396666956947500e-05 -5.259944838436334588e-05 -6.686490024443007038e-05 -7.752846799828799795e-05 -8.725769381841536716e-05 -1.045053931529775298e-04 -1.428651453214368182e-04 -2.170796796013592508e-04 -3.360491451839398426e-04 -4.952053475678091414e-04 -6.726482052812848920e-04 -8.344805616983786388e-04 -9.532390485748395027e-04 -1.038939974938472410e-03 -1.174514270216689936e-03 -1.538439191023564323e-03 -2.390863885214756981e-03 -3.999357706854615030e-03 -6.494812112699693309e-03 -9.680539359376219913e-03 -1.287456347474525385e-02 -1.495716689242897884e-02 -1.491681828957143463e-02 -1.339841690538284662e-02 -1.597617958835302263e-02 -3.988367413843666581e-02 -1.242248487927579970e-01 -3.621250018955663452e-01 -8.863317124223769605e-01 -2.278527035731218842e+00 -3.929484667377829421e+00 -1.490022541418623625e+01 3.705137515283384086e+00 -2.009164213701880044e+02 7.105461381927170805e+02 -5.309239665547882396e+03 2.325363268606734709e+04 -5.370783983317814091e+03 7.192577163239461697e+02 -2.087684029829388521e+02 2.422902415677668397e+00 -1.638452824586984491e+01 -4.601995393367595000e+00 -2.669197768616620170e+00 -1.073928787726323275e+00 -4.480096770497955516e-01 -1.586482610423877448e-01 -5.300178191871979944e-02 -2.254811555011257407e-02 -1.952569440223422131e-02 -2.203190343293673706e-02 -2.251570333741162791e-02 -1.989280432050887990e-02 -1.546293207110089642e-02 -1.083050227892028324e-02 -7.070843408823331358e-03 -4.576517036671922875e-03 -3.227424779833216670e-03 -2.650953480723177574e-03 -2.445360557663678411e-03 -2.313970416247292539e-03 -2.108342331512275125e-03 -1.805466409455546871e-03 -1.454882783243884687e-03 -1.127397296533660075e-03 -8.720133974457005242e-04 -7.052140990275832400e-04 -6.130609631760871887e-04 -5.656048687639094862e-04 -5.322302999892442391e-04 -4.924049742466465700e-04 -4.392764381524722037e-04 -3.771623692859251407e-04 -3.157324037493631445e-04 -2.640693982877688364e-04 -2.268427628056619730e-04 -2.033876218052349289e-04 -1.891967417056623110e-04 -1.785442905349388706e-04 -1.669182071459178267e-04 -1.523534342620119124e-04 -1.354302952025717203e-04 -1.182803828989526152e-04 -1.032350309836141085e-04 -9.174263472266737320e-05 -8.391461239664581436e-05 -7.873183112158153927e-05 -7.467208276139466734e-05 -7.040685361824153840e-05 -6.527116270555544184e-05 -5.936008273089506571e-05 -5.331802162915553187e-05 -4.784477104188519011e-05 -4.392170462826655727e-05 -3.940401970843090252e-05 -4.800028057043634458e-05
-2.169613040125097475e-08 1.137484324916579309e-07 4.433394593869910838e-07 8.778598871537905454e-07 8.654088137055234942e-07 -6.312291475945716517e-07 -4.988305989554052483e-06 -1.344234126855996355e-05 -2.638746764169328632e-05 -4.277056746130236588e-05 -6.008090812090323104e-05 -7.535041119089962310e-05 -8.720406044446224795e-05 -9.836554373318354323e-05 -1.173582195430886345e-04 -1.578948006651926237e-04 -2.348632358837442094e-04 -3.572467332381466603e-04 -5.203856419334435207e-04 -7.020574069168400303e-04 -8.678936245658002346e-04 -9.900635394552647576e-04 -1.078689695747421561e-03 -1.217617876746609389e-03 -1.587136067842012015e-03 -2.449746674320231639e-03 -4.075041806677347049e-03 -6.594360836479269163e-03 -9.808700654510739067e-03 -1.303058124493080422e-02 -1.513287463088107063e-02 -1.509871060203644803e-02 -1.357737700868013285e-02 -1.616917560259794120e-02 -4.017282465159672383e-02 -1.248166398953619166e-01 -3.634502201120163867e-01 -8.891249800243421486e-01 -2.284251139924127205e+00 -3.939458805045481071e+00 -1.492148737247904045e+01 3.683593484282359221e+00 -2.010188969093786682e+02 7.106226856958863891e+02 -5.309953051014759694e+03 2.325345814176692511e+04 -5.370144549147727957e+03 7.191436117103218066e+02 -2.086973180495651832e+02 2.430129662990224038e+00 -1.637266569862820376e+01 -4.596880898774457158e+00 -2.666137395494279083e+00 -1.072485586944120772e+00 -4.473826053958578908e-01 -1.584449726909953893e-01 -5.297509159990035355e-02 -2.257233024502366264e-02 -1.954594028587516852e-02 -2.203366879208246490e-02 -2.250299125132465203e-02 -1.987489067234220544e-02 -1.544753475246370134e-02 -1.082144097299128811e-02 -7.068338454978175325e-03 -4.578634264975935987e-03 -3.231642275564750120e-03 -2.655196077565786118e-03 -2.448691855985363989e-03 -2.316090367786057501e-03 -2.108600531306245064e-03 -1.805561497147945005e-03 -1.456030758539784888e-03 -1.128905279051224978e-03 -8.739725188775236166e-04 -7.073350486802768402e-04 -6.151130122627516093e-04 -5.674301193479511793e-04 -5.337910162326209729e-04 -4.937574617105207776e-04 -4.405200731237375513e-04 -3.783866900286203213e-04 -3.169838808329959626e-04 -2.653449243092063621e-04 -2.281049577374803566e-04 -2.045899916512060855e-04 -1.903060346437587585e-04 -1.795518620977925564e-04 -1.678385553837940364e-04 -1.532136389092763132e-04 -1.362568045132795270e-04 -1.190891126768511100e-04 -1.040280521281809772e-04 -9.251130615934570099e-05 -8.464647365297381918e-05 -7.941768007715573877e-05 -7.531026416720317668e-05 -7.100456007972765892e-05 -6.583907015990881153e-05 -5.992911503863272167e-05 -5.383396333586473720e-05 -4.879062240998519029e-05 -4.293929771401469922e-05 -5.123742962925106382e-05
-3.562498706894805396e-08 -6.774357686678665373e-08 -2.905436185708276808e-07 -6.117745250021091464e-07 -1.026752779843738811e-06 -1.837713592987453609e-06 -3.914675402320409167e-06 -8.647351601526985442e-06 -1.746190647992715628e-05 -3.100734932161434884e-05 -4.840518127638484153e-05 -6.714165229163972866e-05 -8.407305718234054758e-05 -9.758246992214082043e-05 -1.102386996536408337e-04 -1.306156159294198486e-04 -1.726964244939096561e-04 -2.517476378202873903e-04 -3.770412523019794362e-04 -5.439248307766252196e-04 -7.298242476417881631e-04 -8.997780923316816377e-04 -1.025437456449467119e-03 -1.116908014053658634e-03 -1.258880138211718961e-03 -1.633426271023215694e-03 -2.505395225074661704e-03 -4.146402016374807313e-03 -6.688259796209280149e-03 -9.929747627582429653e-03 -1.317809061572908051e-02 -1.529904607233515887e-02 -1.527062921965751698e-02 -1.374631379018718610e-02 -1.635126540418138305e-02 -4.044623797258066478e-02 -1.253778878163475108e-01 -3.647091765322882928e-01 -8.917804095901372685e-01 -2.289694877658123406e+00 -3.948943434237374817e+00 -1.494172089844159323e+01 3.663143408628808828e+00 -2.011166076413006465e+02 7.106963550092432342e+02 -5.310634980410208300e+03 2.325329473232409509e+04 -5.369531862722568803e+03 7.190347793638228495e+02 -2.086289955973009285e+02 2.437176574498235215e+00 -1.636123084145857831e+01 -4.591945087001619186e+00 -2.663186847836840343e+00 -1.071093830078484688e+00 -4.467772630318838645e-01 -1.582476861837532611e-01 -5.294783002571294694e-02 -2.259417264296055897e-02 -1.956415003317374390e-02 -2.203431398157841212e-02 -2.248991418905344625e-02 -1.985698281668224485e-02 -1.543218450680600672e-02 -1.081229090626107531e-02 -7.065589345638861006e-03 -4.580376238655596739e-03 -3.235560553682504531e-03 -2.659178147263402750e-03 -2.450648956443914235e-03 -2.316959605956359254e-03 -2.109533097912806143e-03 -1.806262984908844254e-03 -1.457092601929041876e-03 -1.130422042858106020e-03 -8.758646414610434233e-04 -7.093793233192259920e-04 -6.170820967366409671e-04 -5.691774219467492712e-04 -5.352818352835646189e-04 -4.950473451136980143e-04 -4.417052560195146435e-04 -3.795535039317047719e-04 -3.181769616730279783e-04 -2.665611440002831718e-04 -2.293082770306123519e-04 -2.057357136438667602e-04 -1.913622919110300586e-04 -1.805104908306490652e-04 -1.687136235380515910e-04 -1.540312486861747647e-04 -1.370423806051139742e-04 -1.198579113182267477e-04 -1.047820323942377514e-04 -9.324221036801493164e-05 -8.534256674011276309e-05 -8.007055660650337127e-05 -7.591994890027552330e-05 -7.157715573693836943e-05 -6.640634680734311174e-05 -6.043575093937199821e-05 -5.479968551295524712e-05 -4.770364428806303265e-05 -5.553140533753388332e-05
-3.164431152651102650e-08 -2.062547874176416231e-07 -8.729540805417861176e-07 -1.911068732570293604e-06 -2.985458068662662230e-06 -3.828847925359883733e-06 -4.697733970382118712e-06 -6.652165498181900765e-06 -1.141753092874477142e-05 -2.073517370565919484e-05 -3.539507791943016080e-05 -5.441656857895436748e-05 -7.498720839794438748e-05 -9.360845448653858872e-05 -1.084245149670776652e-04 -1.220097981709166661e-04 -1.432144728110728335e-04 -1.864742488381919720e-04 -2.674979103641618797e-04 -3.957809812613630532e-04 -5.665335488129893352e-04 -7.566848487373152186e-04 -9.306021227364836201e-04 -1.059430281319962645e-03 -1.153332252262170539e-03 -1.297917193466014470e-03 -1.677055124754589033e-03 -2.557868298047776164e-03 -4.213866624915786792e-03 -6.777234531416952146e-03 -1.004455282934288776e-02 -1.331795336944587363e-02 -1.545642530367106506e-02 -1.543317443411084539e-02 -1.390574872766170596e-02 -1.652306962490763739e-02 -4.070500439201257814e-02 -1.259108869844826617e-01 -3.659068128927238650e-01 -8.943080546541289921e-01 -2.294878334707735945e+00 -3.957973450556335315e+00 -1.496099825580814091e+01 3.643707619468888215e+00 -2.012098770629046953e+02 7.107673019790082662e+02 -5.311287488197507628e+03 2.325314153033661569e+04 -5.368944280876140510e+03 7.189308642254234201e+02 -2.085632787631745089e+02 2.444046868056503730e+00 -1.635020140997654892e+01 -4.587178988773477073e+00 -2.660340397217223707e+00 -1.069750876007470097e+00 -4.461926138310163270e-01 -1.580562284071335422e-01 -5.292016491526906757e-02 -2.261386759206655481e-02 -1.958048238319174197e-02 -2.203391275285720638e-02 -2.247649407998140655e-02 -1.983909260516067766e-02 -1.541692135299173490e-02 -1.080309480125759940e-02 -7.062741419282512340e-03 -4.581906355531063964e-03 -3.238062513474425190e-03 -2.661817731451946237e-03 -2.453162199241573378e-03 -2.318356962547094263e-03 -2.110356235691558582e-03 -1.806977130132560302e-03 -1.458102260701125584e-03 -1.131870871356824250e-03 -8.776689766440626738e-04 -7.113280393673991012e-04 -6.189570767227239347e-04 -5.708387036785666406e-04 -5.366968577514899790e-04 -4.962701304093044934e-04 -4.428286298057824868e-04 -3.806604640156535961e-04 -3.193102069968203503e-04 -2.677173779203691510e-04 -2.304526090671278908e-04 -2.068250449121871142e-04 -1.923659766809054006e-04 -1.814207467753657286e-04 -1.695440552422354703e-04 -1.548069961714922550e-04 -1.377878853582694459e-04 -1.205878218537120546e-04 -1.054982616396443290e-04 -9.393703092692149738e-05 -8.600511660883866107e-05 -8.069446550214198397e-05 -7.650436813839067360e-05 -7.215126005507130271e-05 -6.690890509663162541e-05 -6.143196643540746536e-05 -5.357341521065592043e-05 -6.129663524634042465e-05
-1.635715362189712003e-08 -2.523221269355618745e-07 -1.084284784743461367e-06 -2.474126565201235831e-06 -4.041252378325713394e-06 -5.283464871088062255e-06 -5.998470658958604455e-06 -6.690016646742946081e-06 -8.727340447267439789e-06 -1.406488933858071719e-05 -2.449578066478798322e-05 -4.066795220103433853e-05 -6.132858474151659325e-05 -8.337651500499823783e-05 -1.031259931838282969e-04 -1.187166063212969280e-04 -1.329179512293666250e-04 -1.549219057057572488e-04 -1.995421505083349971e-04 -2.827634707240214511e-04 -4.141313641974366227e-04 -5.886172582217389596e-04 -7.826647124082482514e-04 -9.600776226523009653e-04 -1.091639431067570028e-03 -1.187674558966051288e-03 -1.334714974863235575e-03 -1.718316541823643358e-03 -2.607685406045587555e-03 -4.278040010238792767e-03 -6.861849635123840399e-03 -1.015358630024575971e-02 -1.345057069973656060e-02 -1.560541995166615098e-02 -1.558683774989853311e-02 -1.405631158817986608e-02 -1.668542281338463926e-02 -4.095036642331594673e-02 -1.264178456584621191e-01 -3.670475728818246020e-01 -8.967168692556225507e-01 -2.299819535943536497e+00 -3.966580379763937181e+00 -1.497938508630100074e+01 3.625213829990673098e+00 -2.012990002645989023e+02 7.108356715794371894e+02 -5.311912437281355778e+03 2.325299770298453222e+04 -5.368380292198788084e+03 7.188315423744907093e+02 -2.085000221582465940e+02 2.450744576367378968e+00 -1.633955665242294586e+01 -4.582574282168373259e+00 -2.657592782743785964e+00 -1.068454306703743528e+00 -4.456276792129136854e-01 -1.578703759733595946e-01 -5.289217174741172450e-02 -2.263156053459761119e-02 -1.959506283350380060e-02 -2.203255530091078468e-02 -2.246280908872395204e-02 -1.982126896545604450e-02 -1.540187830299414445e-02 -1.079400038626949707e-02 -7.058689435737222281e-03 -4.582160580980281298e-03 -3.241048813199873604e-03 -2.664870612346168736e-03 -2.455470583574845093e-03 -2.319705307414424676e-03 -2.111106328883909002e-03 -1.807629656993509125e-03 -1.459039457039440664e-03 -1.133233429036951349e-03 -8.793753896507185402e-04 -7.131747107980415321e-04 -6.207339424628755854e-04 -5.724112776712783233e-04 -5.380341490934897842e-04 -4.974243956817629621e-04 -4.438892568086245959e-04 -3.817071538088625746e-04 -3.203837262766317021e-04 -2.688141937582085115e-04 -2.315388515234192859e-04 -2.078590658726245919e-04 -1.933182305021728989e-04 -1.822837652212782320e-04 -1.703309721946739714e-04 -1.555420309606327350e-04 -1.384945734985712430e-04 -1.212803114659219466e-04 -1.061786193565027289e-04 -9.459825593853928754e-05 -8.663861033458065172e-05 -8.129313371509182403e-05 -7.709309136847317351e-05 -7.265729117461873737e-05 -6.795412805867020165e-05 -6.002294464592578172e-05 -6.850846370128747971e-05
6.908244974428399848e-10 -2.071071339985478804e-07 -9.147278714680430820e-07 -2.206345098632796993e-06 -3.874123534533501081e-06 -5.509158102107626094e-06 -6.732315166573759859e-06 -7.532706781068852589e-06 -8.577464274601105651e-06 -1.130401094063186623e-05 -1.762516527943770701e-05 -2.921436831341629034e-05 -4.657576648246620170e-05 -6.833842324041317074e-05 -9.133994260033750597e-05 -1.119019942028215214e-04 -1.282404183933580778e-04 -1.432640694851834652e-04 -1.663518485147390692e-04 -2.125180789553906744e-04 -2.979012451630893665e-04 -4.320761075646768800e-04 -6.098558676377518681e-04 -8.073374838060258258e-04 -9.878956524310010708e-04 -1.122023334421706460e-03 -1.220182514490627829e-03 -1.369713113318087819e-03 -1.757687468978200857e-03 -2.655228511467958626e-03 -4.339160250881506434e-03 -6.942249871709969128e-03 -1.025701699815204614e-02 -1.357625729223147469e-02 -1.574655428007642674e-02 -1.573233094676439528e-02 -1.419882167969252311e-02 -1.683920650357555518e-02 -4.118341345294271316e-02 -1.269006048768529515e-01 -3.681352915705002893e-01 -8.990148466748946188e-01 -2.304534845030324242e+00 -3.974792985767301889e+00 -1.499694132821361059e+01 3.607596236104025245e+00 -2.013842469164667079e+02 7.109015989592746791e+02 -5.312511536546498064e+03 2.325286250079034653e+04 -5.367838504088689660e+03 7.187365176216625287e+02 -2.084390909741892131e+02 2.457273847388241617e+00 -1.632927725308128686e+01 -4.578123205055404377e+00 -2.654939078474954695e+00 -1.067201806917848383e+00 -4.450814702152680047e-01 -1.576898592908980434e-01 -5.286389871899203202e-02 -2.264740669560117575e-02 -1.960806310179469270e-02 -2.203036104785488503e-02 -2.244902468998358561e-02 -1.980366268401421645e-02 -1.538595989076700296e-02 -1.078394931824998813e-02 -7.055292204617566280e-03 -4.582863572684558150e-03 -3.243777937505847465e-03 -2.667777843242702743e-03 -2.457617086202036876e-03 -2.320936825791081355e-03 -2.111766119401398654e-03 -1.808203394134556786e-03 -1.459894272453201051e-03 -1.134503474211579323e-03 -8.809806420555949544e-04 -7.149179973361622503e-04 -6.224124130193345837e-04 -5.738953154221400604e-04 -5.392940216108077110e-04 -4.985105254243968852e-04 -4.448876665497356921e-04 -3.826943505071257030e-04 -3.213985968374570893e-04 -2.698529412059020118e-04 -2.325685341348088925e-04 -2.088393711419428867e-04 -1.942206191212123532e-04 -1.831010406539499270e-04 -1.710758168872487332e-04 -1.562378235932554318e-04 -1.391640798719505226e-04 -1.219374337231515998e-04 -1.068258329195767695e-04 -9.523086807049778891e-05 -8.724725078141989530e-05 -8.189963913499239063e-05 -7.760911222318256472e-05 -7.377207817775098661e-05 -6.632352147275002682e-05 -7.663946224710423702e-05
1.184740751028327214e-08 -1.087117254128842606e-07 -5.133792805334987692e-07 -1.382341305572970247e-06 -2.765998511191323637e-06 -4.543032481649680137e-06 -6.421418111857982748e-06 -8.093094599311889453e-06 -9.532995377091187011e-06 -1.132538854428341465e-05 -1.481057860674785367e-05 -2.184620070271353330e-05 -3.411741895164243331e-05 -5.218918958580994627e-05 -7.475372345569160132e-05 -9.866988552897806679e-05 -1.202266952537705001e-04 -1.375850727908523301e-04 -1.536369314756479338e-04 -1.778348328939682909e-04 -2.253640645786572335e-04 -3.125716207220089892e-04 -4.491672841742982330e-04 -6.299140015672106355e-04 -8.306301825894223763e-04 -1.014268744026774029e-03 -1.150982498928876125e-03 -1.251284354175097747e-03 -1.403223571637242416e-03 -1.795299597604345333e-03 -2.700487931831879133e-03 -4.397194445829541790e-03 -7.018520542452875467e-03 -1.035515069284260493e-02 -1.369555966510323242e-02 -1.588054730678925205e-02 -1.587042221974475226e-02 -1.433398545644196283e-02 -1.698506001090795484e-02 -4.140493584078191319e-02 -1.273606937971180353e-01 -3.691734274992350406e-01 -9.012093507764491473e-01 -2.309039327299563293e+00 -3.982637635256467856e+00 -1.501372176472394493e+01 3.590794954336582023e+00 -2.014658637834456556e+02 7.109652103302288424e+02 -5.313086356437576796e+03 2.325273524773200552e+04 -5.367317631430608344e+03 7.186455185089719180e+02 -2.083803600901269135e+02 2.463638922082629801e+00 -1.631934512808072313e+01 -4.573818414479659644e+00 -2.652374604971588390e+00 -1.065991155636504040e+00 -4.445530442626582368e-01 -1.575144472458303579e-01 -5.283544432164653804e-02 -2.266158436189449898e-02 -1.961973270674911840e-02 -2.202754321109566191e-02 -2.243409576010966383e-02 -1.978523761729232208e-02 -1.537098207281951609e-02 -1.077462458101706259e-02 -7.051815068904009574e-03 -4.583466142139617366e-03 -3.246296841523224445e-03 -2.670479789555022399e-03 -2.459591301957267905e-03 -2.322039244021810705e-03 -2.112328203860241310e-03 -1.808692890800165601e-03 -1.460663492022304475e-03 -1.135679764013898486e-03 -8.824850743348189178e-04 -7.165592453667502144e-04 -6.239942721990473758e-04 -5.752926250181040384e-04 -5.404781169366162583e-04 -4.995300000917374727e-04 -4.458252945506381744e-04 -3.836235748474343390e-04 -3.223564987159093236e-04 -2.708354529501677478e-04 -2.335435720842657934e-04 -2.097678662254490081e-04 -1.950749688648048411e-04 -1.838743063714138562e-04 -1.717802911700113452e-04 -1.568961884319716694e-04 -1.397986274333582314e-04 -1.225621282905124600e-04 -1.074453469641466349e-04 -9.583943325328325409e-05 -8.786784041756409052e-05 -8.242772273902498816e-05 -7.880821938105892757e-05 -7.189907778948525900e-05 -8.484182230029774197e-05
1.408873253037612058e-08 -7.608768038643056874e-09 -8.793826983251754158e-08 -4.401815083542817269e-07 -1.327092968864783873e-06 -2.935190741116766511e-06 -5.205955269644506578e-06 -7.796391839925945238e-06 -1.025390810284841970e-05 -1.238968279310575618e-05 -1.468997634818156927e-05 -1.851400428906372557e-05 -2.584689430712458036e-05 -3.854649687630272306e-05 -5.730902797606567421e-05 -8.084940758060043923e-05 -1.059274740099104962e-04 -1.286616375545720093e-04 -1.470638391297789116e-04 -1.639927403037866544e-04 -1.890310670310671795e-04 -2.376283930435390494e-04 -3.264240506001503893e-04 -4.653028286988914212e-04 -6.489648145438917841e-04 -8.529010861667215291e-04 -1.039586740132220815e-03 -1.178795428796299526e-03 -1.281075840946800052e-03 -1.435183072504713202e-03 -1.831030637497241828e-03 -2.743410784186706402e-03 -4.452262275605313110e-03 -7.090994656779345089e-03 -1.044850351537316910e-02 -1.380909458135159626e-02 -1.600801678854013935e-02 -1.600165272923355711e-02 -1.446224983954652772e-02 -1.712342132003868631e-02 -4.161561871770561721e-02 -1.277995841063374327e-01 -3.701652800608838945e-01 -9.033072443985973310e-01 -2.313346820256372727e+00 -3.990138401374315080e+00 -1.502977640999814568e+01 3.574755476788919584e+00 -2.015440770934401371e+02 7.110266235846023619e+02 -5.313638342813585041e+03 2.325261533266639162e+04 -5.366816486468690528e+03 7.185582958201845258e+02 -2.083237131406062588e+02 2.469844180630275332e+00 -1.630974327048615535e+01 -4.569652956975224889e+00 -2.649894965080079601e+00 -1.064820297918649183e+00 -4.440415751972759395e-01 -1.573439578206857759e-01 -5.280698808152869961e-02 -2.267435902182300331e-02 -1.962912444785804358e-02 -2.202314237585174458e-02 -2.241983386333885192e-02 -1.976765091848358552e-02 -1.535621459298861478e-02 -1.076547587313497062e-02 -7.048297572158079838e-03 -4.583909246272692070e-03 -3.248599559298904517e-03 -2.672970720411854944e-03 -2.461391905818853792e-03 -2.323011353191946002e-03 -2.112791497824149673e-03 -1.809097483065229273e-03 -1.461347366474477494e-03 -1.136763654272948372e-03 -8.838909863834969313e-04 -7.181013045686932515e-04 -6.254824850046236066e-04 -5.766059700418589042e-04 -5.415888688994088774e-04 -5.004849646620418034e-04 -4.467041312638360883e-04 -3.844968027360204095e-04 -3.232594761020579003e-04 -2.717638465936018694e-04 -2.344661026600344323e-04 -2.106466379736265254e-04 -1.958832766520112172e-04 -1.846055018819025043e-04 -1.724464074827613007e-04 -1.575195254687741049e-04 -1.404013442667317532e-04 -1.231602319813087081e-04 -1.080419249409512951e-04 -9.646428277685094289e-05 -8.840378826366983279e-05 -8.371386184863800512e-05 -7.669660745630841161e-05 -9.234364398216455747e-05
9.025783252070546016e-09 5.659410872794553961e-08 1.933508907037979223e-07 2.368886871253557417e-07 -1.629024718286424323e-07 -1.384124870612370324e-06 -3.606456060737987583e-06 -6.645560122041470234e-06 -9.972489324747972915e-06 -1.297743154657328325e-05 -1.541658035962531988e-05 -1.784858249060549589e-05 -2.179976714604152504e-05 -2.944318972241803892e-05 -4.276328796448519416e-05 -6.246637416107771212e-05 -8.715582704166226127e-05 -1.134060765197057106e-04 -1.371590030410121909e-04 -1.563448427417144589e-04 -1.738900246762475400e-04 -1.995920260254250428e-04 -2.491958288890328390e-04 -3.396025140109636131e-04 -4.808010540034862463e-04 -6.673560531895018737e-04 -8.743925706097569134e-04 -1.063918786457535232e-03 -1.205378086328871791e-03 -1.309408639623692739e-03 -1.465491270401650913e-03 -1.864915338999204551e-03 -2.784198417314471055e-03 -4.504705542235630002e-03 -7.160093050872346453e-03 -1.053751099090644884e-02 -1.391727068793395528e-02 -1.612933484935310038e-02 -1.612637524449208118e-02 -1.458398779825534342e-02 -1.725476439667758891e-02 -4.181622606111578405e-02 -1.282187553418665804e-01 -3.711139388374777304e-01 -9.053147917828100466e-01 -2.317469904457313490e+00 -3.997317208993957038e+00 -1.504515100744417921e+01 3.559428011410064041e+00 -2.016190947429215896e+02 7.110859488446775458e+02 -5.314168829099887262e+03 2.325250220202469791e+04 -5.366333969679596521e+03 7.184746204488438934e+02 -2.082690417075910432e+02 2.475894093570408572e+00 -1.630045572295019340e+01 -4.565620319254159121e+00 -2.647496094638341457e+00 -1.063687345217092073e+00 -4.435463780480976559e-01 -1.571783189960538896e-01 -5.277753776281662174e-02 -2.268483873898301251e-02 -1.963809101388353309e-02 -2.201884124234956136e-02 -2.240554738342079646e-02 -1.975036467123100076e-02 -1.534168738644317749e-02 -1.075643468950302113e-02 -7.044727527006557077e-03 -4.584186675317522032e-03 -3.250688632573285261e-03 -2.675255221805071353e-03 -2.463023257455572001e-03 -2.323856258868213336e-03 -2.113158094616523347e-03 -1.809418959176263943e-03 -1.461948034489316591e-03 -1.137757946850891837e-03 -8.852017801820863179e-04 -7.195478716634222827e-04 -6.268806842196752906e-04 -5.778386596669819611e-04 -5.426291706539148121e-04 -5.013779546353291277e-04 -4.475264942371713823e-04 -3.853162745693281249e-04 -3.241097777453793259e-04 -2.726403931747095784e-04 -2.353383832202528693e-04 -2.114778894292351590e-04 -1.966477007643161118e-04 -1.852968457600840605e-04 -1.730767544321964101e-04 -1.581111393768679617e-04 -1.409783881124927914e-04 -1.237365662705828834e-04 -1.086589620000042084e-04 -9.699854006051778594e-05 -8.976653136815393940e-05 -8.138657768795004425e-05 -9.891055346383540391e-05
9.443155836611599757e-10 6.848289574081453405e-08 2.597769397479195321e-07 4.622999273871717758e-07 3.726046980250844407e-07 -4.085963569572926644e-07 -2.199007442941387051e-06 -5.044324967347788942e-06 -8.618133028201999224e-06 -1.230552901010979257e-05 -1.550108061445131853e-05 -1.804908373458675178e-05 -2.064027597087742899e-05 -2.492382999028298256e-05 -3.314116004070109627e-05 -4.726844675553984536e-05 -6.793300735059039353e-05 -9.361800375984670626e-05 -1.207797888473203954e-04 -1.452894700138813013e-04 -1.650889561465702872e-04 -1.832129429153010215e-04 -2.096478494440420770e-04 -2.603589050133219094e-04 -3.524217513913615175e-04 -4.958702173521248313e-04 -6.851269392603435331e-04 -8.949975067503860345e-04 -1.087098998289163024e-03 -1.230612383771884782e-03 -1.336289808231214430e-03 -1.494299755389141577e-03 -1.897212385566117128e-03 -2.823149292477440762e-03 -4.554802633412934239e-03 -7.226050639881976753e-03 -1.062238493212097450e-02 -1.402032449055311443e-02 -1.624480815322739899e-02 -1.624498501623966237e-02 -1.469967523370104695e-02 -1.737965340103039824e-02 -4.200752641760954059e-02 -1.286195467563265304e-01 -3.720221503306187505e-01 -9.072376265722819078e-01 -2.321420034782543329e+00 -4.004194142237777143e+00 -1.505988758922249460e+01 3.544766887267594591e+00 -2.016911081553644181e+02 7.111432891048624469e+02 -5.314679046923976784e+03 2.325239535351293307e+04 -5.365869061670959127e+03 7.183942814244948067e+02 -2.082162447044948124e+02 2.481793105424079826e+00 -1.629146757038473581e+01 -4.561714410160284672e+00 -2.645174270420550311e+00 -1.062590626089842116e+00 -4.430656728781831033e-01 -1.570163430459089460e-01 -5.274885579502079647e-02 -2.269472447439090795e-02 -1.964602083316843370e-02 -2.201416110670288348e-02 -2.239128853223988982e-02 -1.973331333439394195e-02 -1.532737972914623853e-02 -1.074748486457951374e-02 -7.041101373513941261e-03 -4.584302284483618255e-03 -3.252571832253184445e-03 -2.677341631722666114e-03 -2.464492376051859775e-03 -2.324579134355187360e-03 -2.113431745744048362e-03 -1.809660444040925818e-03 -1.462468689457061292e-03 -1.138666251614606738e-03 -8.864214633718684117e-04 -7.209030981356797643e-04 -6.281928555416309940e-04 -5.789942917365948358e-04 -5.436021616547689070e-04 -5.022117169829984915e-04 -4.482948763710230744e-04 -3.860843669699810668e-04 -3.249097513256275424e-04 -2.734674373480593004e-04 -2.361627459882044704e-04 -2.122639492928731473e-04 -1.973706511451747963e-04 -1.859511221881145616e-04 -1.736748220672615849e-04 -1.586774840527859984e-04 -1.415346122445505935e-04 -1.243371936603440264e-04 -1.091803083038614934e-04 -9.842010734928562554e-05 -8.724777839692246636e-05 -1.051539750005202491e-04
-5.748897770179684373e-09 3.722882631011776680e-08 1.434679466552289412e-07 2.746706695256941659e-07 2.610231146717359425e-07 -1.763806959463830844e-07 -1.357627914707252994e-06 -3.513664301150488442e-06 -6.640192801763936481e-06 -1.041658459325496523e-05 -1.427879684032791267e-05 -1.768804107808089591e-05 -2.054122868313406998e-05 -2.355165722968436019e-05 -2.836280180652745730e-05 -3.719507322641002825e-05 -5.200129173293981328e-05 -7.338790998946628796e-05 -9.981646766034135481e-05 -1.277175712345323430e-04 -1.529385640996041911e-04 -1.734191657941618883e-04 -1.922394329826207591e-04 -2.194938582082510403e-04 -2.713043077319304765e-04 -3.648990945297459734e-04 -5.103818699919803305e-04 -7.020911372724723170e-04 -9.145781294721563957e-04 -1.109114612976611547e-03 -1.254627177729011975e-03 -1.361946749204849798e-03 -1.521858664927717118e-03 -1.928125371159589976e-03 -2.860390766632733405e-03 -4.602627104087508338e-03 -7.288949441324132916e-03 -1.070328740814699940e-02 -1.411854446569413973e-02 -1.635485001452997161e-02 -1.635797209403874394e-02 -1.480981577550774878e-02 -1.749858927299604780e-02 -4.219014067248066935e-02 -1.290030796385143452e-01 -3.728923544946588509e-01 -9.090809002063340305e-01 -2.325207775461605841e+00 -4.010787731280991864e+00 -1.507402488572967947e+01 3.530730167477490244e+00 -2.017602938000238169e+02 7.111987408733396023e+02 -5.315170135584259697e+03 2.325229433052440072e+04 -5.365420816058793207e+03 7.183170840908956052e+02 -2.081652278392240589e+02 2.487545595327385950e+00 -1.628276489550486161e+01 -4.557929593453877715e+00 -2.642924880221083850e+00 -1.061527472729775878e+00 -4.426004383143176679e-01 -1.568594113211243812e-01 -5.272028770892719235e-02 -2.270358959897561188e-02 -1.965302741293077637e-02 -2.200908305298784895e-02 -2.237705744804391675e-02 -1.971648208648751205e-02 -1.531327957802729525e-02 -1.073862056596920807e-02 -7.037420959827918494e-03 -4.584263567567484210e-03 -3.254259229531591448e-03 -2.679239885730840594e-03 -2.465807497304107598e-03 -2.325186163190356547e-03 -2.113617066726611576e-03 -1.809825785346057432e-03 -1.462913098179700411e-03 -1.139492605837709189e-03 -8.875543463167795410e-04 -7.221713468728760930e-04 -6.294231392751005070e-04 -5.800765881274068088e-04 -5.445110883287695557e-04 -5.029890906761381661e-04 -4.490118437355602879e-04 -3.868035084194936966e-04 -3.256617814785581731e-04 -2.742473679974596857e-04 -2.369416231026166299e-04 -2.130073798347089352e-04 -1.980551049387329558e-04 -1.865720400088994885e-04 -1.742474231972258663e-04 -1.592235858966057033e-04 -1.421188304483508164e-04 -1.248379140462047574e-04 -1.106468808610376457e-04 -9.571069944073886478e-05 -1.124896286690794543e-04
-8.452188699584251526e-09 -1.281096647989879538e-08 -5.771020867986466758e-08 -1.307349929888840029e-07 -2.524191188513034854e-07 -5.193040190039300396e-07 -1.147809846563289168e-06 -2.442940724305344646e-06 -4.677752488362847680e-06 -7.923013245669984292e-06 -1.192465704408599669e-05 -1.614169220277448654e-05 -2.000507664560485351e-05 -2.334794114348452440e-05 -2.682383467879086064e-05 -3.205515914384700316e-05 -4.129256955098686865e-05 -5.655382392764492049e-05 -7.850755045066206035e-05 -1.056364148705934893e-04 -1.343343351528591381e-04 -1.603714963057056527e-04 -1.816173203360287730e-04 -2.011444979460446649e-04 -2.291375200715209761e-04 -2.818934185559996124e-04 -3.768349513853951516e-04 -5.241802350845800162e-04 -7.182135954798735166e-04 -9.332389938357556333e-04 -1.130169026644505925e-03 -1.277648836299134045e-03 -1.386555230792440967e-03 -1.548254843108280666e-03 -1.957664088693846123e-03 -2.895910074310252200e-03 -4.648215902532745400e-03 -7.348935715315492619e-03 -1.078049735657939448e-02 -1.421232112493174722e-02 -1.645990629932315291e-02 -1.646577063579192715e-02 -1.491478944216044315e-02 -1.761192606324417723e-02 -4.236455852027630475e-02 -1.293703618766940400e-01 -3.737268341562242635e-01 -9.108494287456458949e-01 -2.328842925828416455e+00 -4.017115072326823189e+00 -1.508759856643376907e+01 3.517279364985801848e+00 -2.018268145631157893e+02 7.112523946663620791e+02 -5.315643150582625822e+03 2.325219871717624846e+04 -5.364988353115677455e+03 7.182428485495967152e+02 -2.081159030931401901e+02 2.493155795838057021e+00 -1.627433352204960926e+01 -4.554259478851065523e+00 -2.640746195700170329e+00 -1.060497835506305497e+00 -4.421493266984358184e-01 -1.567068331586050356e-01 -5.269189436721417874e-02 -2.271145571264118063e-02 -1.965916823310578238e-02 -2.200363421105059822e-02 -2.236286076923424751e-02 -1.969986568210025171e-02 -1.529938043278970816e-02 -1.072983997009029772e-02 -7.033690658103284969e-03 -4.584079555081862871e-03 -3.255761813025490493e-03 -2.680960522433311049e-03 -2.466977335487066051e-03 -2.325683968414450024e-03 -2.113719084421873586e-03 -1.809919189857127526e-03 -1.463285308006760004e-03 -1.140241238857731508e-03 -8.886048529102458802e-04 -7.233570387879783561e-04 -6.305757036759800874e-04 -5.810892875294002653e-04 -5.453592113475264286e-04 -5.037129263074503586e-04 -4.496799686964810232e-04 -3.874761315143496372e-04 -3.263682731564634888e-04 -2.749826579933463909e-04 -2.376776771385642902e-04 -2.137113397676777794e-04 -1.987050436453402199e-04 -1.871669330717234860e-04 -1.748000522789120955e-04 -1.598018714421108792e-04 -1.425991047092504201e-04 -1.263520208374227017e-04 -1.077034070836804401e-04 -1.226739273121698779e-04
-7.006084313218898322e-09 -5.541246718221474682e-08 -2.348034155743687384e-07 -5.174798392666547040e-07 -8.203369293841537171e-07 -1.081979128513751600e-06 -1.374779437425559942e-06 -1.962181883884804330e-06 -3.245700982778994253e-06 -5.596077964959970166e-06 -9.134456308470998459e-06 -1.358520518261845721e-05 -1.832456630687421363e-05 -2.267968002300532100e-05 -2.640901419346158217e-05 -3.015710055595525503e-05 -3.560883703684326830e-05 -4.512113053206573746e-05 -6.081251614022548926e-05 -8.339841470679431267e-05 -1.113289524680554374e-04 -1.408977096778172612e-04 -1.677532608943281187e-04 -1.896862985584181678e-04 -2.097881501143014193e-04 -2.383767459274355920e-04 -2.919624874737508126e-04 -3.881785226928394597e-04 -5.373471605913095412e-04 -7.336715683697468595e-04 -9.511813562115443640e-04 -1.150416821072850794e-03 -1.299745983349832705e-03 -1.410103921927038408e-03 -1.573441619293114695e-03 -1.985807981327881826e-03 -2.929765314139553319e-03 -4.691730848346860501e-03 -7.406267512159928415e-03 -1.085433687336555091e-02 -1.430199868787873120e-02 -1.656030676073148855e-02 -1.656867631899975116e-02 -1.501486654018599660e-02 -1.771996656305773257e-02 -4.253126788982849321e-02 -1.297223960254571817e-01 -3.745277671498545291e-01 -9.125476922514648148e-01 -2.332334513147689581e+00 -4.023191878144751321e+00 -1.510064147838848569e+01 3.504379104978474047e+00 -2.018908210695391574e+02 7.113043353869371686e+02 -5.316099071252172507e+03 2.325210813401226187e+04 -5.364570854041419807e+03 7.181714082280929006e+02 -2.080681870549608163e+02 2.498628939496128076e+00 -1.626616267821694350e+01 -4.550700460325698415e+00 -2.638634363835492547e+00 -1.059499714453968400e+00 -4.417117370909401375e-01 -1.565583754317184384e-01 -5.266368454838259161e-02 -2.271838653928295523e-02 -1.966450277055196982e-02 -2.199784772034502414e-02 -2.234870878034914826e-02 -1.968346233296944595e-02 -1.528567851532782254e-02 -1.072114318113743907e-02 -7.029915995976905412e-03 -4.583759847672978435e-03 -3.257090793018200398e-03 -2.682514160924316833e-03 -2.468010675158605755e-03 -2.326079282930579566e-03 -2.113742966229160969e-03 -1.809945000505242636e-03 -1.463589464756903484e-03 -1.140916424706997718e-03 -8.895774014930192888e-04 -7.244645553674963160e-04 -6.316546629843903084e-04 -5.820360742820528078e-04 -5.461497430371282501e-04 -5.043860333432735685e-04 -4.503017935405169989e-04 -3.881046673689327498e-04 -3.270317075188508863e-04 -2.756760255980739887e-04 -2.383742343359135396e-04 -2.143801439400280188e-04 -1.993285520424345784e-04 -1.877421193748214894e-04 -1.753903877067331050e-04 -1.602710547341072451e-04 -1.441870213206318313e-04 -1.230813591564605225e-04 -1.370441869012028590e-04
-3.106240391335488991e-09 -7.351000142512766740e-08 -3.143263003586735684e-07 -7.132510489196173189e-07 -1.158442902376101033e-06 -1.511458881564524669e-06 -1.726782473331193461e-06 -1.953183279059330641e-06 -2.553133268128676311e-06 -4.002153744893709872e-06 -6.686163058508903396e-06 -1.067706195818328870e-05 -1.560883857507673888e-05 -2.076659903960882859e-05 -2.542494377825669976e-05 -2.935055002627097052e-05 -3.325359490920669006e-05 -3.891552766278610090e-05 -4.878188656530147756e-05 -6.501578447854668434e-05 -8.831362146705963720e-05 -1.170478796679796186e-04 -1.474053614548060027e-04 -1.749440397902458704e-04 -1.974262835404218307e-04 -2.180066156756526577e-04 -2.471547192739071168e-04 -3.015797479252401944e-04 -3.990868559396030428e-04 -5.500602411360754106e-04 -7.485965125331408470e-04 -9.684544022084755040e-04 -1.169831590998452082e-03 -1.320858356246337175e-03 -1.432553616027568621e-03 -1.597444394608806733e-03 -2.012663293652653014e-03 -2.962131116542178477e-03 -4.733385547386788350e-03 -7.461168426470423873e-03 -1.092502459413877657e-02 -1.438779330279120645e-02 -1.665627800400863376e-02 -1.666693931654385924e-02 -1.511033251372817521e-02 -1.782306231817570863e-02 -4.269079119716412407e-02 -1.300601471489068184e-01 -3.752971564277227667e-01 -9.141797797737103437e-01 -2.335690811116264420e+00 -4.029032608037300456e+00 -1.511318396018471155e+01 3.491996754517110890e+00 -2.019524528773183647e+02 7.113546427300419737e+02 -5.316538807539708614e+03 2.325202223417664209e+04 -5.364167554644606753e+03 7.181026098001988203e+02 -2.080220041311765158e+02 2.503967744613021296e+00 -1.625824003490872727e+01 -4.547247212058565857e+00 -2.636586414170965842e+00 -1.058531638596832192e+00 -4.412870580805762222e-01 -1.564138622540447721e-01 -5.263567176215690896e-02 -2.272444888957301026e-02 -1.966909010583391820e-02 -2.199175705043576040e-02 -2.233461283693036897e-02 -1.966727174090685676e-02 -1.527217143163565882e-02 -1.071253126355847969e-02 -7.026102961824098880e-03 -4.583314110599211871e-03 -3.258257225352683209e-03 -2.683911210097888068e-03 -2.468916136779628241e-03 -2.326378754389223872e-03 -2.113693855648866686e-03 -1.809907558620443228e-03 -1.463829699085192771e-03 -1.141522389624106265e-03 -8.904763294710396062e-04 -7.254981757327890910e-04 -6.326640226965824735e-04 -5.829205295098833237e-04 -5.468858056639838705e-04 -5.050111531196802180e-04 -4.508798356605273256e-04 -3.886916205907773171e-04 -3.276548423996082171e-04 -2.763309565475524079e-04 -2.390359905209310282e-04 -2.150228543829853288e-04 -1.999330420887940232e-04 -1.883625712580139526e-04 -1.758639081997749945e-04 -1.619802308336927815e-04 -1.404630372634696402e-04 -1.557721925347904505e-04
9.228018457501704148e-10 -6.402695523891169483e-08 -2.800552191389805860e-07 -6.653489689413672985e-07 -1.147037416965711769e-06 -1.601414007849147268e-06 -1.930892084956019502e-06 -2.157881856588538774e-06 -2.490716463442215400e-06 -3.315504244974151416e-06 -5.087471034910714319e-06 -8.140586688049031801e-06 -1.248743094750635100e-05 -1.771954975152807091e-05 -2.311105977801900413e-05 -2.795812537280808484e-05 -3.207146411161052382e-05 -3.621219179915853738e-05 -4.220429295964203030e-05 -5.251605951263788345e-05 -6.930745029468649942e-05 -9.324539349176740109e-05 -1.226525641731520473e-04 -1.536592904333206771e-04 -1.817815240929106983e-04 -2.047788225756370776e-04 -2.258617352630445929e-04 -2.556170798272983926e-04 -3.109073290288615803e-04 -4.096736058589829296e-04 -5.623504873712595418e-04 -7.629451628779109276e-04 -9.849831902944688067e-04 -1.188361054797324422e-03 -1.340997262494298889e-03 -1.453990500463370888e-03 -1.620405017111461012e-03 -2.038391240909793924e-03 -2.993154986581291963e-03 -4.773301021080010760e-03 -7.513746416376682231e-03 -1.099268723198395734e-02 -1.446988318521980586e-02 -1.674806523171732189e-02 -1.676086178660068926e-02 -1.520152188165537106e-02 -1.792157698777014849e-02 -4.284360368138816905e-02 -1.303844608637061975e-01 -3.760367924183312116e-01 -9.157494241314811934e-01 -2.338919456776855199e+00 -4.034650653592666281e+00 -1.512525413924746154e+01 3.480102149873622430e+00 -2.020118395095870767e+02 7.114033915065863312e+02 -5.316963204925562422e+03 2.325194070121592813e+04 -5.363777744288116992e+03 7.180363086519772651e+02 -2.079772813175711406e+02 2.509176811134454343e+00 -1.625055462296954545e+01 -4.543895112065562181e+00 -2.634599504368734912e+00 -1.057592266857725782e+00 -4.408747205576514228e-01 -1.562731354165564357e-01 -5.260787170540969643e-02 -2.272970733952235992e-02 -1.967298675512964973e-02 -2.198539436070570327e-02 -2.232058422145872037e-02 -1.965129421231317369e-02 -1.525885749160564402e-02 -1.070400572697871068e-02 -7.022257623636935127e-03 -4.582751794139822837e-03 -3.259271802791989785e-03 -2.685161705971005324e-03 -2.469702042861771692e-03 -2.326588830683663876e-03 -2.113576773251144361e-03 -1.809811119347424667e-03 -1.464010055734648198e-03 -1.142063253524996371e-03 -8.913058441382520338e-04 -7.264620335221726524e-04 -6.336076404985922133e-04 -5.837460977806691997e-04 -5.475704127444585559e-04 -5.055909756673588511e-04 -4.514166845778137100e-04 -3.892398128820004181e-04 -3.282413281241987682e-04 -2.769525435670146013e-04 -2.396731214193291068e-04 -2.156480237073007229e-04 -2.005925675928912054e-04 -1.888550240273208843e-04 -1.777492922029126317e-04 -1.576801006848799701e-04 -1.775244306389927034e-04
3.309450781515207260e-09 -3.604968310947549795e-08 -1.668416929135683386e-07 -4.353302429127973782e-07 -8.425772642047342092e-07 -1.342578051582861549e-06 -1.855080874786604458e-06 -2.315273062225060461e-06 -2.748704344216301428e-06 -3.336988534395567458e-06 -4.425565915256582110e-06 -6.436687682550629573e-06 -9.694237297240917723e-06 -1.422513954873812512e-05 -1.964856481003859193e-05 -2.526338942363617901e-05 -3.037619847138781814e-05 -3.479308128088588856e-05 -3.926480013813559388e-05 -4.561182727046040149e-05 -5.631271454725144505e-05 -7.354718480073399326e-05 -9.799742908754028312e-05 -1.279814018112848401e-04 -1.595991238232305194e-04 -1.883226010236724714e-04 -2.118821508709750438e-04 -2.335066952502977324e-04 -2.638675978027598085e-04 -3.199654294523883273e-04 -4.198834223487083795e-04 -5.741294032200747795e-04 -7.766505591596756328e-04 -1.000764007304892275e-03 -1.206076514435989403e-03 -1.360288835983832151e-03 -1.474555901269771711e-03 -1.642441183159909675e-03 -2.063066433336540814e-03 -3.022877200184594798e-03 -4.811516046372201275e-03 -7.564080965890385838e-03 -1.105747780492864069e-02 -1.454850341294683207e-02 -1.683596513197782238e-02 -1.685076159688819741e-02 -1.528873677293126655e-02 -1.801580137327506159e-02 -4.299008473020864834e-02 -1.306960725192579387e-01 -3.767483181773699785e-01 -9.172601019108853615e-01 -2.342027572441397254e+00 -4.040058449027875476e+00 -1.513687816439249545e+01 3.468667308249169690e+00 -2.020691002426611931e+02 7.114506530972867040e+02 -5.317373053387906111e+03 2.325186324276177038e+04 -5.363400756959378668e+03 7.179723722346701607e+02 -2.079339507452883709e+02 2.514260212090461799e+00 -1.624309605775935239e+01 -4.540639838194421074e+00 -2.632670962347981813e+00 -1.056680343873169114e+00 -4.404741924182856705e-01 -1.561360480548935059e-01 -5.258029995108807336e-02 -2.273422284798459064e-02 -1.967624586834130357e-02 -2.197878988955708282e-02 -2.230663362473842351e-02 -1.963553020737038302e-02 -1.524573533417799935e-02 -1.069556823316815571e-02 -7.018385912428445547e-03 -4.582081978346711805e-03 -3.260144742322721063e-03 -2.686275224714733054e-03 -2.470376345139944658e-03 -2.326715695360495346e-03 -2.113396558598525966e-03 -1.809659800216655663e-03 -1.464134448775844142e-03 -1.142542990844878665e-03 -8.920699873027448761e-04 -7.273600843864933734e-04 -6.344891993860943486e-04 -5.845160765300333808e-04 -5.482064987608826134e-04 -5.061282600734055229e-04 -4.519152859272830428e-04 -3.897530797117631845e-04 -3.287966311049834458e-04 -2.775520615973939894e-04 -2.402950850290625829e-04 -2.163396465361938485e-04 -2.011095920330045858e-04 -1.909585604752146303e-04 -1.727960046159497838e-04 -1.998296487638787739e-04
3.467457357210385666e-09 -4.445391826127686078e-09 -3.516952197404318133e-08 -1.484427629309895408e-07 -4.147380933794277579e-07 -8.808054916113925230e-07 -1.527559439154538545e-06 -2.265445445903776473e-06 -2.986245791119220815e-06 -3.659682518779545372e-06 -4.427541469845590386e-06 -5.631443368248429438e-06 -7.727291704426607387e-06 -1.109274005278603528e-05 -1.580156456123936825e-05 -2.148993715392954269e-05 -2.743647266650318286e-05 -3.290197392056254643e-05 -3.764632422164839479e-05 -4.239958149807318213e-05 -4.900064394224175855e-05 -5.997933064401611645e-05 -7.757516544361737164e-05 -1.025074265077767548e-04 -1.330857394185290543e-04 -1.653555091370796962e-04 -1.947128466708424738e-04 -2.188337661774403232e-04 -2.409567537257697198e-04 -2.718459759166546143e-04 -3.286586558820831384e-04 -4.296390037640672888e-04 -5.853792994061011697e-04 -7.897676955711208048e-04 -1.015906474969086645e-03 -1.223104179091515087e-03 -1.378836611091000973e-03 -1.494307782642634568e-03 -1.663567855197230867e-03 -2.086686547643211518e-03 -3.051315453009853778e-03 -4.848102084577289583e-03 -7.612315048455038299e-03 -1.111960707513601904e-02 -1.462390982559441666e-02 -1.692024571108895897e-02 -1.693688863662930200e-02 -1.537219785633783461e-02 -1.810595825402094156e-02 -4.313057131882289813e-02 -1.309956831707745073e-01 -3.774333050192874017e-01 -9.187150686081583251e-01 -2.345021842733070905e+00 -4.045267614713027093e+00 -1.514807929880584680e+01 3.457667306787126638e+00 -2.021243483845614435e+02 7.114964924470691585e+02 -5.317769087627904810e+03 2.325178959218875025e+04 -5.363035970350542812e+03 7.179106768285386124e+02 -2.078919486280950650e+02 2.519221867427164252e+00 -1.623585454907106040e+01 -4.537477313675806201e+00 -2.630798272137577332e+00 -1.055794688902472966e+00 -4.400849737380580495e-01 -1.560024622834245422e-01 -5.255297099318179815e-02 -2.273805236105196428e-02 -1.967891700767707835e-02 -2.197197174232998554e-02 -2.229277090957303142e-02 -1.961998009930784187e-02 -1.523280371213875731e-02 -1.068722042554491429e-02 -7.014493500072524305e-03 -4.581313291055012608e-03 -3.260885730063176838e-03 -2.687260841892229885e-03 -2.470946589501092812e-03 -2.326765234086625254e-03 -2.113157837284434116e-03 -1.809457549099412633e-03 -1.464206630722658577e-03 -1.142965400734022047e-03 -8.927726074488964237e-04 -7.281960846671458720e-04 -6.353122055222178068e-04 -5.852336593894269566e-04 -5.487970614367884475e-04 -5.066261496698782002e-04 -4.523796928767545469e-04 -3.902372110083617007e-04 -3.293329645567673542e-04 -2.781394332843345734e-04 -2.409954146202779768e-04 -2.168723290779139866e-04 -2.034418846824403212e-04 -1.853488034581702497e-04 -2.201791106468887940e-04
1.939904894998121763e-09 1.747137342343299905e-08 5.922290337990292502e-08 7.186321125344302848e-08 -5.101343792729974009e-08 -4.206626121298312596e-07 -1.085599487729753584e-06 -1.987130044252666256e-06 -2.972937512906286362e-06 -3.879214941287469373e-06 -4.653773595191029070e-06 -5.460261448458039807e-06 -6.695416028384098525e-06 -8.877922192269716660e-06 -1.242742949064602001e-05 -1.742048631317966005e-05 -2.345641365826090457e-05 -2.975484188509991635e-05 -3.552293986247756139e-05 -4.049780152672085833e-05 -4.542984952310888370e-05 -5.221501359900766282e-05 -6.345358822267941777e-05 -8.143821416226757956e-05 -1.068984824254449616e-04 -1.381030456972333668e-04 -1.710195203909270023e-04 -2.009637828730815950e-04 -2.255716897275488776e-04 -2.481149454216600297e-04 -2.794710651380839404e-04 -3.369614170846610673e-04 -4.389830058225663821e-04 -5.961942496641825344e-04 -8.024063685594647142e-04 -1.030499237190079685e-03 -1.239489744095396279e-03 -1.396644594494424012e-03 -1.513230042975026706e-03 -1.683779828155066924e-03 -2.109284439356978215e-03 -3.078554387132338178e-03 -4.883193429572890362e-03 -7.658619041187564834e-03 -1.117926429753446881e-02 -1.469629644899696740e-02 -1.700109782346004988e-02 -1.701942915923101290e-02 -1.545209555271576281e-02 -1.819227324595427270e-02 -4.326542296067039522e-02 -1.312839743734983966e-01 -3.780932889514726503e-01 -9.201174343565796665e-01 -2.347907487916077951e+00 -4.050287968945997186e+00 -1.515888149894339598e+01 3.447076829580093538e+00 -2.021776874224560174e+02 7.115409725408981103e+02 -5.318151994282309715e+03 2.325171950398971603e+04 -5.362682801730203209e+03 7.178511071282263174e+02 -2.078512150075282818e+02 2.524065577505254065e+00 -1.622882085823060550e+01 -4.534403685973316556e+00 -2.628979060908470444e+00 -1.054934189036975667e+00 -4.397065934971711720e-01 -1.558722478866600702e-01 -5.252589787524413606e-02 -2.274124878700785335e-02 -1.968104617400367670e-02 -2.196496586102993434e-02 -2.227900501611538089e-02 -1.960464404733222935e-02 -1.522006136820652430e-02 -1.067896383115838829e-02 -7.010585734004010951e-03 -4.580453870421592397e-03 -3.261503901440116794e-03 -2.688127120137047670e-03 -2.471419904064305496e-03 -2.326743019620799817e-03 -2.112865001964814391e-03 -1.809208121871855356e-03 -1.464230168211428902e-03 -1.143334083694871753e-03 -8.934173440382076189e-04 -7.289735979431161920e-04 -6.360800446068371264e-04 -5.859020965343763199e-04 -5.493454967940551324e-04 -5.070889524683248537e-04 -4.528159749607555415e-04 -3.907051404358856113e-04 -3.298602824764295251e-04 -2.788163629166264196e-04 -2.415205960572780030e-04 -2.194068321863607625e-04 -1.972396255802526526e-04 -2.375230961373097651e-04
-1.279230021528828784e-10 2.309138828013505689e-08 8.732561628867288550e-08 1.546848357091367730e-07 1.252964047834558145e-07 -1.262403820226760846e-07 -6.913153760687707448e-07 -1.570499136979524230e-06 -2.652860671614182953e-06 -3.754227840848351957e-06 -4.713140763065450644e-06 -5.511568142328364752e-06 -6.362939797690283509e-06 -7.707628221301818483e-06 -1.008406029240150219e-05 -1.390099328207311034e-05 -1.919946067287700542e-05 -2.553405675483935678e-05 -3.208878254682425129e-05 -3.805855864952830330e-05 -4.319706443697646583e-05 -4.829513758578193736e-05 -5.529931659077890220e-05 -6.685275065903101787e-05 -8.526660403406945957e-05 -1.112552791583633409e-04 -1.430406605814777419e-04 -1.765273724170949915e-04 -2.069779872213111901e-04 -2.320139228595436288e-04 -2.549526549288910890e-04 -2.867791238558379391e-04 -3.449577874314333826e-04 -4.480124246783004664e-04 -6.066488612689330132e-04 -8.145987896188749879e-04 -1.044534664801877568e-03 -1.255207360107136105e-03 -1.413697903973776043e-03 -1.531342084647295239e-03 -1.703139187588809719e-03 -2.130957393300339942e-03 -3.104709830853680328e-03 -4.916908985481313957e-03 -7.703109113578791856e-03 -1.123656902800655721e-02 -1.476579922305095056e-02 -1.707868507304785566e-02 -1.709857497221278430e-02 -1.552865275239931689e-02 -1.827498607379552525e-02 -4.339504925904973803e-02 -1.315616649898008195e-01 -3.787287266294531718e-01 -9.214691344142156293e-01 -2.350691659969453617e+00 -4.055130810700245725e+00 -1.516930506699508818e+01 3.436874113092867500e+00 -2.022292144388470660e+02 7.115841523935135911e+02 -5.318522415199175157e+03 2.325165275209253741e+04 -5.362340704893082147e+03 7.177935555708603488e+02 -2.078116934696420515e+02 2.528795026573141591e+00 -1.622198625860105636e+01 -4.531415310586946354e+00 -2.627211088181550469e+00 -1.054097793814816164e+00 -4.393386070772783980e-01 -1.557452814543788810e-01 -5.249909207480669970e-02 -2.274386113151249944e-02 -1.968267594646533683e-02 -2.195779608425094120e-02 -2.226534394373632514e-02 -1.958952193500202582e-02 -1.520750696579538895e-02 -1.067079980694789383e-02 -7.006667606926962090e-03 -4.579511354907014019e-03 -3.262007842984725788e-03 -2.688882113941761052e-03 -2.471803000569347802e-03 -2.326654306627982602e-03 -2.112522200238454214e-03 -1.808915065295905100e-03 -1.464208424398903653e-03 -1.143652432104341017e-03 -8.940076423172777561e-04 -7.296960623975291479e-04 -6.367961559590126514e-04 -5.865250433263101632e-04 -5.498564019154099586e-04 -5.075230258667684296e-04 -4.532376696416930053e-04 -3.911667115882855035e-04 -3.304871119410899920e-04 -2.793041380116403319e-04 -2.442072713975176066e-04 -2.126941190321245503e-04 -2.535084296532289557e-04
-1.657542630129770552e-09 1.387089580045403825e-08 5.331280552874462377e-08 1.001881635722693749e-07 9.316374673971312315e-08 -6.053243609530106227e-08 -4.567199375535705601e-07 -1.151763237291413931e-06 -2.124183741195110358e-06 -3.263856029932882118e-06 -4.407984655913842572e-06 -5.425367015376689170e-06 -6.322908382290170801e-06 -7.323872072409426716e-06 -8.861716648818986457e-06 -1.145689674475369626e-05 -1.549814708038594252e-05 -2.101208571181632155e-05 -2.754796757643792243e-05 -3.429287148380888081e-05 -4.045056099235355094e-05 -4.578713204061690521e-05 -5.110854073251360125e-05 -5.837847589988918057e-05 -7.025662878330611594e-05 -8.906430066612560910e-05 -1.155122578006611910e-04 -1.478003258276572144e-04 -1.817961458765004871e-04 -2.127248829444207748e-04 -2.381930988481404082e-04 -2.615484286360875718e-04 -2.938597705732821507e-04 -3.527133845599221508e-04 -4.567492555671726767e-04 -6.167246151708846366e-04 -8.263082289300912372e-04 -1.057987583922937163e-03 -1.270266718418832383e-03 -1.430048284469377694e-03 -1.548727379556383895e-03 -1.721740166476042402e-03 -2.151790254032409470e-03 -3.129848421981056179e-03 -4.949304467260060361e-03 -7.745850233949758308e-03 -1.129161945198305268e-02 -1.483256342774771745e-02 -1.715320511349410076e-02 -1.717453424456755195e-02 -1.560215101593531890e-02 -1.835440349056213782e-02 -4.351887655538285576e-02 -1.318284838083224608e-01 -3.793423012150117235e-01 -9.227741028570283222e-01 -2.353379061732645106e+00 -4.059804943348420458e+00 -1.517936950296050647e+01 3.427038557897921667e+00 -2.022790200172068467e+02 7.116260876558774271e+02 -5.318880951074240329e+03 2.325158912807241722e+04 -5.362009167340839667e+03 7.177379217028003495e+02 -2.077733308862339641e+02 2.533413783686217613e+00 -1.621534250031773183e+01 -4.528508736908158916e+00 -2.625492236392733769e+00 -1.053284510604401980e+00 -4.389805941890344565e-01 -1.556214457457680000e-01 -5.247256351052752288e-02 -2.274593470520795344e-02 -1.968384567440745539e-02 -2.195048425247833959e-02 -2.225179477504984557e-02 -1.957461334706469061e-02 -1.519513905319082835e-02 -1.066272951354140311e-02 -7.002743748358559658e-03 -4.578492890149811478e-03 -3.262405607000944206e-03 -2.689533384057662870e-03 -2.472102182722901373e-03 -2.326504031558321566e-03 -2.112133327165131337e-03 -1.808581707031235285e-03 -1.464144556076185004e-03 -1.143923651762493833e-03 -8.945468287770837147e-04 -7.303669767815470105e-04 -6.374644007830586713e-04 -5.871074133424112034e-04 -5.503365224352405874e-04 -5.079426640896760959e-04 -4.536548911040949768e-04 -3.917373357331608566e-04 -3.309135491023953968e-04 -2.821014752768966571e-04 -2.370032079842909300e-04 -2.727321460984947696e-04
-2.094935673438699977e-09 -2.914109875202276206e-09 -1.390177899345028138e-08 -3.493733771173955294e-08 -7.836429246974153639e-08 -1.799010373129344092e-07 -4.068869313319969959e-07 -8.449384591469427622e-07 -1.561866217916736120e-06 -2.563048961039196352e-06 -3.766214310307672083e-06 -5.023058607253014364e-06 -6.196808457048361539e-06 -7.272781389937114261e-06 -8.448709464633020460e-06 -1.014196337735074287e-05 -1.287400292078814924e-05 -1.704984363568914156e-05 -2.271775989866733957e-05 -2.944169801950608209e-05 -3.640857500959805622e-05 -4.280818479881196882e-05 -4.838852775972673364e-05 -5.394646757756347481e-05 -6.145472134286031969e-05 -7.359925235402989599e-05 -9.273295118849762852e-05 -1.195856394254123052e-04 -1.523492047407782332e-04 -1.868548312959766053e-04 -2.182784924274655568e-04 -2.441940033135050559e-04 -2.679629730253776715e-04 -3.007297214081872702e-04 -3.602033919348281458e-04 -4.651488586860785942e-04 -6.263867180705054438e-04 -8.375336309395983161e-04 -1.070898855781298505e-03 -1.284740956397042652e-03 -1.445779662919161089e-03 -1.565458119170251615e-03 -1.739630257539480883e-03 -2.171808319845243505e-03 -3.153990156335178922e-03 -4.980419279536659263e-03 -7.786921746570370229e-03 -1.134455202993455737e-02 -1.489675392244467662e-02 -1.722491521867089079e-02 -1.724758328244590036e-02 -1.567191440370813496e-02 -1.842988727453721484e-02 -4.363858980075073501e-02 -1.320862739055130297e-01 -3.799345890753607624e-01 -9.240343182120680510e-01 -2.355974652205221176e+00 -4.064318933161342073e+00 -1.518909295711652518e+01 3.417550948571396408e+00 -2.023271888191031280e+02 7.116668308774247862e+02 -5.319228164694879524e+03 2.325152843952578405e+04 -5.361687707720023354e+03 7.176841116048765343e+02 -2.077360771791819616e+02 2.537925303599852800e+00 -1.620888177822794063e+01 -4.525680695459680436e+00 -2.623820502422952838e+00 -1.052493400514842969e+00 -4.386321570827323990e-01 -1.555006291897629567e-01 -5.244632061110944543e-02 -2.274751136157540654e-02 -1.968459169036370845e-02 -2.194305033432754348e-02 -2.223836372242007225e-02 -1.955991756886247754e-02 -1.518295604834483947e-02 -1.065475390643281020e-02 -6.998818429856590827e-03 -4.577405146092385253e-03 -3.262704733623261917e-03 -2.690088017107145329e-03 -2.472323358411852509e-03 -2.326296816333792497e-03 -2.111702023965118975e-03 -1.808211158701322372e-03 -1.464041539459275554e-03 -1.144150843047370006e-03 -8.950383124970390063e-04 -7.309903102831353866e-04 -6.380900315537593997e-04 -5.876565444417198832e-04 -5.508014285588656552e-04 -5.083591992089619375e-04 -4.541926199228005028e-04 -3.920973856048082804e-04 -3.338280189595547814e-04 -2.742802394497850424e-04 -3.015475584865897566e-04
-1.523243426644004780e-09 -1.832939502350271755e-08 -7.759120372012826578e-08 -1.723533988090655385e-07 -2.771649262822084058e-07 -3.742617284957983338e-07 -4.877348063893282690e-07 -6.989610306428571219e-07 -1.127194256516889260e-06 -1.876726453544795175e-06 -2.974059976857194070e-06 -4.332252541815772890e-06 -5.774889327256204919e-06 -7.127335454549256399e-06 -8.345462989650440276e-06 -9.619852182488152260e-06 -1.138609720842384699e-05 -1.420026439558372929e-05 -1.850168807601371577e-05 -2.435623278792040493e-05 -3.132029675853571879e-05 -3.855184203427054713e-05 -4.520470811311549665e-05 -5.100259209739353217e-05 -5.674385660309413671e-05 -6.443109075249306547e-05 -7.679723390903699987e-05 -9.623816014180722720e-05 -1.235008610458166985e-04 -1.567565538815618464e-04 -1.917833842384167222e-04 -2.236955327200979796e-04 -2.500303935709167862e-04 -2.741688959840122793e-04 -3.073409407438544203e-04 -3.673876042172869328e-04 -4.732021583708215977e-04 -6.356657667159556916e-04 -8.483368480984497485e-04 -1.083341606621616472e-03 -1.298692830033797933e-03 -1.460930819001761199e-03 -1.581548963934362997e-03 -1.756812552706184380e-03 -2.191023060337158723e-03 -3.177172359732026961e-03 -5.010334612490641507e-03 -7.826426947257851194e-03 -1.139556621493649849e-02 -1.495860569322132391e-02 -1.729313370349443504e-02 -1.731707217257038786e-02 -1.573949423101272602e-02 -1.850290196664169245e-02 -4.375386832424325162e-02 -1.323350942308094691e-01 -3.805066928854021202e-01 -9.252519806845140860e-01 -2.358483020852324419e+00 -4.068680813976268240e+00 -1.519849238676067671e+01 3.408393368010212310e+00 -2.023738000580255516e+02 7.117064317201655967e+02 -5.319564583880113787e+03 2.325147050861648313e+04 -5.361375873491709172e+03 7.176320373716122276e+02 -2.076998851051333190e+02 2.542332928034773509e+00 -1.620259670253247819e+01 -4.522928086224464295e+00 -2.622193989903646827e+00 -1.051723574714712228e+00 -4.382929189664422909e-01 -1.553827254736354357e-01 -5.242037041453654483e-02 -2.274862974249244538e-02 -1.968494752687465973e-02 -2.193551255980343007e-02 -2.222505618547841733e-02 -1.954543359884775705e-02 -1.517095623666035210e-02 -1.064687373840503271e-02 -6.994895579081337675e-03 -4.576254340485666657e-03 -3.262912277106433043e-03 -2.690552647745930812e-03 -2.472472053580258584e-03 -2.326036974743905892e-03 -2.111231684971912395e-03 -1.807806343192309116e-03 -1.463902256786906190e-03 -1.144337227655371596e-03 -8.954860713119320789e-04 -7.315716779456648633e-04 -6.386812522375557048e-04 -5.881901185903398504e-04 -5.512649546245010704e-04 -5.089128381352787727e-04 -4.545066554387436190e-04 -3.952121457437610640e-04 -3.250777449462534515e-04 -3.455490912168105344e-04
-4.607850699866375984e-10 -2.581613735625708959e-08 -1.099701664382515958e-07 -2.489151810611803665e-07 -4.034059459913707413e-07 -5.267060662672754822e-07 -6.054150518231214436e-07 -6.913775744694495105e-07 -9.033271098341258307e-07 -1.389157011312695543e-06 -2.259461449873893156e-06 -3.522010611845900004e-06 -5.055041104016812666e-06 -6.647179657680380772e-06 -8.104202205535195763e-06 -9.385998863966436015e-06 -1.070849893851405604e-05 -1.254259510803612048e-05 -1.547427303717349579e-05 -1.995471458069379334e-05 -2.603871615587618240e-05 -3.325361479656165683e-05 -4.072297875713680123e-05 -4.757623959521513454e-05 -5.353453576558302770e-05 -5.941892471124940543e-05 -6.727299555842695933e-05 -7.987361148672202863e-05 -9.964507091222525516e-05 -1.273331381862077654e-04 -1.610748825095838395e-04 -1.965926043090519002e-04 -2.289468786316615947e-04 -2.556529674108886318e-04 -2.801240024823589128e-04 -3.136804882907665904e-04 -3.742902276735320414e-04 -4.809622287925087902e-04 -6.446246449604160203e-04 -8.587703081227289568e-04 -1.095345434765700177e-03 -1.312129335031286120e-03 -1.475497599264236851e-03 -1.597001763920005831e-03 -1.773308340919603010e-03 -2.209488915985128796e-03 -3.199458798857312408e-03 -5.039197389217226625e-03 -7.864542322284699336e-03 -1.144394303976268776e-02 -1.501744688642106529e-02 -1.735936892917998298e-02 -1.738441872021615278e-02 -1.580447817356224124e-02 -1.857318233946580674e-02 -4.386496794667095467e-02 -1.325753475417358329e-01 -3.810596039030532123e-01 -9.264291840319153204e-01 -2.360908462668724006e+00 -4.072898100198134586e+00 -1.520758365086775932e+01 3.399549094298652818e+00 -2.024189279283173164e+02 7.117449371528222173e+02 -5.319890704154455307e+03 2.325141517077422031e+04 -5.361073238806799054e+03 7.175816166392038440e+02 -2.076647100582401606e+02 2.546639887336528130e+00 -1.619648027176079097e+01 -4.520247967916453113e+00 -2.620610902179650203e+00 -1.050974191088820620e+00 -4.379625225872902372e-01 -1.552676331922216435e-01 -5.239471867947360223e-02 -2.274932551905391523e-02 -1.968494412755672149e-02 -2.192788755277815319e-02 -2.221187681309386847e-02 -1.953116016883690159e-02 -1.515913777745477031e-02 -1.063908956983249804e-02 -6.990978799812622504e-03 -4.575046265774527533e-03 -3.263034832532374363e-03 -2.690933478417019929e-03 -2.472553422685610201e-03 -2.325728520068434495e-03 -2.110725484675272066e-03 -1.807370089758659690e-03 -1.463729763304026524e-03 -1.144486747770698774e-03 -8.958961152575269137e-04 -7.321204147055186814e-04 -6.392587875631250372e-04 -5.887256177142266783e-04 -5.518901685183211269e-04 -5.092216182461650059e-04 -4.579809840798479675e-04 -3.850698312706006760e-04 -4.066053555844338467e-04
4.893582031822878923e-10 -2.345096292710583759e-08 -1.019730879914522572e-07 -2.399422945159102715e-07 -4.087578127697184991e-07 -5.638515250300103075e-07 -6.739609913864159833e-07 -7.528431614961051741e-07 -8.768239918931134562e-07 -1.174484482936807612e-06 -1.784847132531766143e-06 -2.795814880845950187e-06 -4.189386549479009291e-06 -5.826166621687109053e-06 -7.492066733729099855e-06 -9.005067727002197953e-06 -1.034621831204352445e-05 -1.175275301425849367e-05 -1.370913041724973016e-05 -1.680295107219097233e-05 -2.147548678255692094e-05 -2.776434869197795798e-05 -3.517869425918261481e-05 -4.282927345524598176e-05 -4.984286940048513820e-05 -5.595031062048672066e-05 -6.199342723366890794e-05 -7.004271330523454482e-05 -8.289990940373049568e-05 -1.030025727574897525e-04 -1.310903875697940954e-04 -1.652731305982437957e-04 -2.012319305766570039e-04 -2.339891337714562996e-04 -2.610468951895983597e-04 -2.858492718605920016e-04 -3.197964915348518958e-04 -3.809674656266487424e-04 -4.884734606382765566e-04 -6.532842585803938203e-04 -8.688324950113971530e-04 -1.106898500603913614e-03 -1.325045464246102670e-03 -1.489494224556152597e-03 -1.611861205590856428e-03 -1.789165943665458171e-03 -2.227326691841536276e-03 -3.220987794772392672e-03 -5.066255879460815348e-03 -7.900557728803440233e-03 -1.149111893471136021e-02 -1.507463945905682806e-02 -1.742320117081752953e-02 -1.744934294197674970e-02 -1.586702702072659635e-02 -1.864082231715712135e-02 -4.397208941699404933e-02 -1.328074476620433597e-01 -3.815942551326872434e-01 -9.275678941342216932e-01 -2.363254999896478470e+00 -4.076977824135661344e+00 -1.521638159569852711e+01 3.391002504612160795e+00 -2.024626419950372167e+02 7.117823916294898936e+02 -5.320206991179390570e+03 2.325136227352260903e+04 -5.360779402567613033e+03 7.175327721569823325e+02 -2.076305098891506304e+02 2.550849302517618877e+00 -1.619052584784519766e+01 -4.517637548070879028e+00 -2.619069535846037411e+00 -1.050244451180992522e+00 -4.376406289457212551e-01 -1.551552555402666012e-01 -5.236936999863929521e-02 -2.274963162094405592e-02 -1.968461004758642954e-02 -2.192019045877797306e-02 -2.219882956668745716e-02 -1.951709576948838440e-02 -1.514749871690912811e-02 -1.063140178424646677e-02 -6.987071393941566080e-03 -4.573786313113033589e-03 -3.263078554403238581e-03 -2.691236288199506423e-03 -2.472572253653949979e-03 -2.325375192295815307e-03 -2.110186487711167465e-03 -1.806905456348353997e-03 -1.463528023059399406e-03 -1.144605854657384505e-03 -8.962790667458493416e-04 -7.326609774231170481e-04 -6.398442153094213150e-04 -5.894563140118040017e-04 -5.522372093731894860e-04 -5.132518307147934450e-04 -4.459509353462235673e-04 -4.808469503912474684e-04
9.311936603535370304e-10 -1.384533995465809812e-08 -6.339804279538514288e-08 -1.619981989937278001e-07 -3.064408575096983917e-07 -4.778597963778687762e-07 -6.495846535882798550e-07 -8.054505650998117031e-07 -9.626632290200954655e-07 -1.187635522582248934e-06 -1.591153092477137891e-06 -2.295697467014580527e-06 -3.381660569995102949e-06 -4.835194475124464147e-06 -6.529476144068841526e-06 -8.264572119842555331e-06 -9.867623365033236014e-06 -1.132077596132828671e-05 -1.285577196154862583e-05 -1.494952615518757024e-05 -1.818466850631381685e-05 -2.300212917211860315e-05 -2.944241296318891044e-05 -3.701732390028564273e-05 -4.483716547053803980e-05 -5.202533628887910595e-05 -5.831000379461321958e-05 -6.453620979754476795e-05 -7.278663861142272611e-05 -8.588210554708832400e-05 -1.062781998210325651e-04 -1.347208597893302922e-04 -1.693065285281215046e-04 -2.056846724989614436e-04 -2.388407977988196663e-04 -2.662571917673424524e-04 -2.913971455397225147e-04 -3.257288279139482906e-04 -3.874347985290677704e-04 -4.957279181354874026e-04 -6.616255127164599953e-04 -8.785107506348618749e-04 -1.118007553339393258e-03 -1.337478729144292921e-03 -1.502961909728926012e-03 -1.626237771592576285e-03 -1.804507877912232394e-03 -2.243776190630260119e-03 -3.241029553821577012e-03 -5.092879096521295973e-03 -7.935764236014308456e-03 -1.153663915154910097e-02 -1.512987983097456059e-02 -1.748477518891185592e-02 -1.751191926653868081e-02 -1.592725349352180561e-02 -1.870594631161893659e-02 -4.407542626613748099e-02 -1.330317890905127476e-01 -3.821115240502008792e-01 -9.286699547807480970e-01 -2.365526401668514023e+00 -4.080926572740838587e+00 -1.522490013336132897e+01 3.382738987570762301e+00 -2.025050075485655441e+02 7.118188372538262456e+02 -5.320513882968350117e+03 2.325131167543087940e+04 -5.360493986655138542e+03 7.174854313977996298e+02 -2.075972447387209741e+02 2.554964187586636459e+00 -1.618472713309621724e+01 -4.515094173877966632e+00 -2.617568274795687877e+00 -1.049533597388053741e+00 -4.373269161212925971e-01 -1.550455000369358183e-01 -5.234432790844546074e-02 -2.274957845148686472e-02 -1.968397164204593180e-02 -2.191243506720775419e-02 -2.218591778405621523e-02 -1.950323867959165985e-02 -1.513603700445097580e-02 -1.062381060341325602e-02 -6.983176376393237551e-03 -4.572479482254992837e-03 -3.263049158019036295e-03 -2.691466433081957012e-03 -2.472532998450043939e-03 -2.324980591058372747e-03 -2.109618035816824069e-03 -1.806416599568007797e-03 -1.463303989364278437e-03 -1.144706431894049279e-03 -8.966632470169688543e-04 -7.332184151783337689e-04 -6.406652814770341783e-04 -5.898625911443773975e-04 -5.569868070659556069e-04 -4.989739927576592772e-04 -5.590875659714507990e-04
8.073894713997021521e-10 -2.196504660682579609e-09 -1.518952526278120182e-08 -5.800354296871511374e-08 -1.536457880724952439e-07 -3.165930969725627128e-07 -5.401193033514378423e-07 -7.962114551477226962e-07 -1.053299747896088831e-06 -1.306546162049999148e-06 -1.604724638955413012e-06 -2.054157205308490502e-06 -2.788055451996803945e-06 -3.907169589023319827e-06 -5.417488925746820233e-06 -7.201960271859504046e-06 -9.056115580403682958e-06 -1.079126936952141789e-05 -1.237102811512333164e-05 -1.401562378861127023e-05 -1.620349636235512544e-05 -1.953108772481372424e-05 -2.445829317154913908e-05 -3.103978843767532834e-05 -3.878908989775662854e-05 -4.680451690219930794e-05 -5.419005240308184118e-05 -6.065812471608535362e-05 -6.705222461754938100e-05 -7.547191858526940968e-05 -8.876812299078068772e-05 -1.094263004767896685e-04 -1.382060826867140409e-04 -1.731909571816649162e-04 -2.099927753725122268e-04 -2.435512482763201568e-04 -2.713209126400380569e-04 -2.967803638997868919e-04 -3.314663832318322147e-04 -3.936688819785519994e-04 -5.027072152333128584e-04 -6.696480759068549216e-04 -8.878346748242556090e-04 -1.128706329263509623e-03 -1.349531702666428900e-03 -1.516015134824159763e-03 -1.639377311597242171e-03 -1.818605345112178249e-03 -2.260162025211878180e-03 -3.260821857059671182e-03 -5.118580845492048947e-03 -7.969820116414146408e-03 -1.158060667483841975e-02 -1.518321478658134389e-02 -1.754418968270304857e-02 -1.757225348286263131e-02 -1.598526877764623599e-02 -1.876867779497205097e-02 -4.417516351134747471e-02 -1.332487442428642033e-01 -3.826122350539761796e-01 -9.297370958044052225e-01 -2.367726202797338697e+00 -4.084750521653234934e+00 -1.523315231353920574e+01 3.374744863600602329e+00 -2.025460859271986749e+02 7.118543139307600995e+02 -5.320811791908465239e+03 2.325126324516440218e+04 -5.360216634306902051e+03 7.174395262035351379e+02 -2.075648768850249155e+02 2.558987452137677643e+00 -1.617907814889199258e+01 -4.512615323682191537e+00 -2.616105584722437705e+00 -1.048840910374376545e+00 -4.370210781949632750e-01 -1.549382782753418175e-01 -5.231959499270965458e-02 -2.274919408855299516e-02 -1.968305324306085513e-02 -2.190463392847522700e-02 -2.217314424262030806e-02 -1.948958699526023505e-02 -1.512475050507042403e-02 -1.061631609116324947e-02 -6.979296471689117737e-03 -4.571130372015610663e-03 -3.262951915651494342e-03 -2.691628885180069597e-03 -2.472439935822186557e-03 -2.324548626046136005e-03 -2.109024720688286968e-03 -1.805911048734811647e-03 -1.463070601985902441e-03 -1.144820130962963733e-03 -8.970755648866113362e-04 -7.340542078707596027e-04 -6.411066508340120202e-04 -5.953887714037432635e-04 -5.403806377084090012e-04 -6.304491369571387123e-04
3.346483514515649925e-10 6.383129437060478913e-09 2.143200617676409451e-08 2.580950318002044951e-08 -1.895230771046193261e-08 -1.523085547243848936e-07 -3.907686782554936382e-07 -7.131166956969895287e-07 -1.066827628726441240e-06 -1.397635865330523845e-06 -1.690781268758512284e-06 -2.002580608546302010e-06 -2.460690861152001538e-06 -3.223386358670632179e-06 -4.408649435646804830e-06 -6.024217037858085595e-06 -7.938950638032090279e-06 -9.925384909964079429e-06 -1.177379930427339074e-05 -1.343855550911350055e-05 -1.514679879452090413e-05 -1.739703268626854738e-05 -2.080988994732216525e-05 -2.586256998226474957e-05 -3.261207566084338655e-05 -4.055785104898293892e-05 -4.877392100398027707e-05 -5.634116577406679104e-05 -6.296198749216872002e-05 -6.948990238562257672e-05 -7.805295728775452275e-05 -9.153850682430145701e-05 -1.124605996324662025e-04 -1.415850156379179427e-04 -1.769726090667298705e-04 -2.141905142494545235e-04 -2.481311272582118485e-04 -2.762253230676933713e-04 -3.019738114293889350e-04 -3.369880397149356923e-04 -3.996650842486959673e-04 -5.094348186733514564e-04 -6.773785594430425288e-04 -8.968982477693338354e-04 -1.139100931475286972e-03 -1.360458365818202056e-03 -1.527933206745209042e-03 -1.652573992951617693e-03 -1.832662388910996599e-03 -2.275987509860603539e-03 -3.280000805287026228e-03 -5.143425658107962303e-03 -8.002730840348559402e-03 -1.162308201106146410e-02 -1.523472390269761841e-02 -1.760154290067727015e-02 -1.763045173310477318e-02 -1.604118080620160758e-02 -1.882913517248841276e-02 -4.427147646301573397e-02 -1.334586637909083162e-01 -3.830971626515894957e-01 -9.307709411925982890e-01 -2.369857721268194162e+00 -4.088455466414044004e+00 -1.524115038888498219e+01 3.367007312494476601e+00 -2.025859348111335407e+02 7.118888595066925973e+02 -5.321101106606238318e+03 2.325121686063470042e+04 -5.359947008630571872e+03 7.173949924618943896e+02 -2.075333706024283060e+02 2.562921904101470361e+00 -1.617357321593896202e+01 -4.510198599093839356e+00 -2.614680008038130943e+00 -1.048165706684670573e+00 -4.367228242559496598e-01 -1.548335056936207266e-01 -5.229517298092607736e-02 -2.274850447319182872e-02 -1.968187732698631343e-02 -2.189679846503451641e-02 -2.216051121762934936e-02 -1.947613865099086239e-02 -1.511363699755238765e-02 -1.060891813833175594e-02 -6.975434094834468378e-03 -4.569743175828583706e-03 -3.262791709792877380e-03 -2.691728427789977923e-03 -2.472297673406357189e-03 -2.324084546050492715e-03 -2.108414734883144216e-03 -1.805402534128532207e-03 -1.462861890530287078e-03 -1.144973814501142398e-03 -8.978058567321541873e-04 -7.344538985360345683e-04 -6.473227356804128361e-04 -5.766806089232442804e-04 -6.886285269936103653e-04
-1.666254203008844306e-10 8.992669952863164624e-09 3.393823002652271561e-08 5.998528697390681882e-08 4.885182279827881190e-08 -4.613042923382031297e-08 -2.570110009435650812e-07 -5.809132772778795419e-07 -9.748940879389584873e-07 -1.372869432869864815e-06 -1.721397137665247857e-06 -2.020176045874951552e-06 -2.346676346590594437e-06 -2.846798482966300904e-06 -3.686328372872115048e-06 -4.977288135792171921e-06 -6.711177211809793813e-06 -8.737731684823851725e-06 -1.081570675673426999e-05 -1.273260597114498624e-05 -1.445196780319277799e-05 -1.621819243779146376e-05 -1.854815918148343705e-05 -2.207473404921987526e-05 -2.727640203257891739e-05 -3.419991616583930823e-05 -4.232684346282037481e-05 -5.071283527338961016e-05 -5.842782448525920104e-05 -6.517656834234614096e-05 -7.182958103523391657e-05 -8.054219321251937752e-05 -9.422997035615417476e-05 -1.154245319303002880e-04 -1.448892278883678593e-04 -1.806599122181704736e-04 -2.182635697222374931e-04 -2.525541424582935287e-04 -2.809480198039700357e-04 -3.069708573809617970e-04 -3.423139124250154392e-04 -4.054454661838855943e-04 -5.159977649735829862e-04 -6.849150126366709227e-04 -9.049627830031356773e-04 -1.148478336821235268e-03 -1.371524800887976648e-03 -1.539893381090994343e-03 -1.665333236171031043e-03 -1.846310847251675163e-03 -2.291298358221791846e-03 -3.298545445661078736e-03 -5.167438803504445163e-03 -8.034536852428324216e-03 -1.166412776467511299e-02 -1.528448890756033476e-02 -1.765693085319395422e-02 -1.768661634413235331e-02 -1.609509268381672034e-02 -1.888743083003341372e-02 -4.436453058612368355e-02 -1.336618776842214418e-01 -3.835670347790691159e-01 -9.317730167485126502e-01 -2.371924074346441813e+00 -4.092046850994473850e+00 -1.524890587464153313e+01 3.359514307577179615e+00 -2.026246084906738645e+02 7.119225098991059895e+02 -5.321382193577547696e+03 2.325117240822780514e+04 -5.359684791239987135e+03 7.173517698113911365e+02 -2.075026920316523160e+02 2.566770252637086358e+00 -1.616820693596368130e+01 -4.507841717651689173e+00 -2.613290159164012749e+00 -1.047507336536088518e+00 -4.364318774861632999e-01 -1.547311013663923152e-01 -5.227106284245706253e-02 -2.274753358713601376e-02 -1.968046467056938989e-02 -2.188893907208817879e-02 -2.214802052864549634e-02 -1.946289142617724233e-02 -1.510269415770888746e-02 -1.060161644114432887e-02 -6.971591351533776987e-03 -4.568321751637368852e-03 -3.262573256857304038e-03 -2.691770193337361325e-03 -2.472112200387588301e-03 -2.323597312903543950e-03 -2.107802496357898125e-03 -1.804926731429138493e-03 -1.462703667505535097e-03 -1.145479214742196276e-03 -8.980512296491175101e-04 -7.411640174505711469e-04 -6.268866806431668296e-04 -7.386372648489490829e-04
-4.490754850188586449e-10 5.761038251235552290e-09 2.217191300251867597e-08 4.120039146436394986e-08 3.780340459402531847e-08 -2.400175965096049477e-08 -1.786016274591068893e-07 -4.426712957828283447e-07 -8.030641095573202785e-07 -1.216633574950796128e-06 -1.626785748574329848e-06 -1.994248609305081300e-06 -2.330784027284382802e-06 -2.718626347245692570e-06 -3.299747609596351587e-06 -4.229895226323574406e-06 -5.609832367291344021e-06 -7.423317144971458777e-06 -9.518457556328003546e-06 -1.165824524061536290e-05 -1.363788313650403726e-05 -1.542896848908055065e-05 -1.728188061953701442e-05 -1.971627439567935429e-05 -2.336459002615974101e-05 -2.870223519129940296e-05 -3.577088287865159359e-05 -4.404584461027037038e-05 -5.257680035995715531e-05 -6.043036571426706600e-05 -6.731350449945676135e-05 -7.410644622373974654e-05 -8.298110257308771601e-05 -9.687205290840551135e-05 -1.183246978355211265e-04 -1.481028788017972825e-04 -1.842252903162294091e-04 -2.221882920174791346e-04 -2.568122243020464802e-04 -2.855071175106079092e-04 -3.117911506483343124e-04 -3.475266817589244537e-04 -4.111024137176378344e-04 -5.216660778351182902e-04 -6.915522638947261755e-04 -9.132659158872674134e-04 -1.157988899675325544e-03 -1.382240347747693129e-03 -1.551529433435090829e-03 -1.677693822941229550e-03 -1.859520122925671735e-03 -2.306102890273847243e-03 -3.316470925652859666e-03 -5.190649876906167776e-03 -8.065283238787315789e-03 -1.170380666954740599e-02 -1.533258942819233812e-02 -1.771044567391841587e-02 -1.774084478964199629e-02 -1.614710218429805597e-02 -1.894367096939734291e-02 -4.445448178941492634e-02 -1.338586963616154035e-01 -3.840225360159509882e-01 -9.327447572070123316e-01 -2.373928193350018034e+00 -4.095529793858732504e+00 -1.525642960305897766e+01 3.352254555744570652e+00 -2.026621581112521255e+02 7.119552992169348045e+02 -5.321655398795024666e+03 2.325112978210973597e+04 -5.359429681001353856e+03 7.173098013716564765e+02 -2.074728090598260053e+02 2.570535111113869231e+00 -1.616297417472443598e+01 -4.505542506002249148e+00 -2.611934720164808876e+00 -1.046865181775154641e+00 -4.361479743160268652e-01 -1.546309878155517903e-01 -5.224726487678776204e-02 -2.274630361825390537e-02 -1.967883449346765484e-02 -2.188106520489760398e-02 -2.213567357370391925e-02 -1.944984294346038811e-02 -1.509191954564417966e-02 -1.059441051075547813e-02 -6.967770122050160643e-03 -4.566869865496774386e-03 -3.262301673674416168e-03 -2.691760758551822990e-03 -2.471893382633349665e-03 -2.323102353746032966e-03 -2.107225685139305429e-03 -1.804509594220439711e-03 -1.462928334849824792e-03 -1.145462915014283396e-03 -9.050706074422599102e-04 -7.191735981397789522e-04 -8.006182418411430428e-04
-4.376784571057811125e-10 -7.500496641315789194e-10 -3.814979791992544183e-09 -1.104667154577755394e-08 -2.883388244801461605e-08 -7.205023962987685407e-08 -1.654085667822024844e-07 -3.376636959977000220e-07 -6.090227689631729357e-07 -9.772937014063925016e-07 -1.411990601482951177e-06 -1.864426102202076989e-06 -2.294686270990169006e-06 -2.706020667723758861e-06 -3.168851123967787341e-06 -3.815969714216710427e-06 -4.800814996833889144e-06 -6.229240683688801147e-06 -8.094291982418641459e-06 -1.025251560766056887e-05 -1.247032681666552621e-05 -1.454018837050038227e-05 -1.642712075693319413e-05 -1.837547504379110407e-05 -2.090336613725499496e-05 -2.464740192092346315e-05 -3.009059451579541058e-05 -3.728106759223029273e-05 -4.569512491472007643e-05 -5.437665845058199768e-05 -6.238264568380884226e-05 -6.941276201365576687e-05 -7.634866477903655532e-05 -8.537518760686197263e-05 -9.944800908315463918e-05 -1.211325906578636483e-04 -1.512011332535116638e-04 -1.876591433437063846e-04 -2.259808424510304056e-04 -2.609231365529212959e-04 -2.899822061012858753e-04 -3.165234064379060953e-04 -3.519073491978927056e-04 -4.159407253382019416e-04 -5.276505850957320144e-04 -6.984141988643399919e-04 -9.213201898075235345e-04 -1.167267953202586351e-03 -1.392638672304016790e-03 -1.562806987749239956e-03 -1.689658226914673165e-03 -1.872295745713141359e-03 -2.320414753453787886e-03 -3.333798552318717034e-03 -5.213090682889315493e-03 -8.095015343232861080e-03 -1.174217978685148864e-02 -1.537910182944655056e-02 -1.776217504529800997e-02 -1.779322943640600577e-02 -1.619730170178224071e-02 -1.899795573487896364e-02 -4.454147687819397933e-02 -1.340494119911415094e-01 -3.844643106170262947e-01 -9.336875127986469236e-01 -2.375872837186704611e+00 -4.098909111781534165e+00 -1.526373177308651741e+01 3.345217442795893614e+00 -2.026986318975159520e+02 7.119872598717364554e+02 -5.321921049106565079e+03 2.325108888359307093e+04 -5.359181392880731437e+03 7.172690334967787749e+02 -2.074436912096443564e+02 2.574219000149550407e+00 -1.615787004622039902e+01 -4.503298893545023773e+00 -2.610612436699538019e+00 -1.046238653984875588e+00 -4.358708636455587704e-01 -1.545330908380861124e-01 -5.222377879900456238e-02 -2.274483511389926299e-02 -1.967700458858785001e-02 -2.187318545728851246e-02 -2.212347136099017744e-02 -1.943699067650732012e-02 -1.508131062568773655e-02 -1.058729976242027936e-02 -6.963972315456313546e-03 -4.565391802463418004e-03 -3.261983714054189458e-03 -2.691711063457825643e-03 -2.471658579057064292e-03 -2.322641549449909470e-03 -2.106714528688949806e-03 -1.804515190905614259e-03 -1.462601606868677061e-03 -1.152797064404598518e-03 -8.810579989300917252e-04 -9.074141864210498714e-04
-2.182047476673462737e-10 -7.060528752208893009e-09 -2.980450723191247214e-08 -6.673340881705173013e-08 -1.087266883853019581e-07 -1.496880511994379141e-07 -1.987525396733535282e-07 -2.854177598667248696e-07 -4.518812482696483541e-07 -7.338494554948276531e-07 -1.138943974168885951e-06 -1.635902199800615873e-06 -2.165013105664053101e-06 -2.670417464593470370e-06 -3.142105552345933101e-06 -3.646101500705736053e-06 -4.321489983547764161e-06 -5.335413983892940642e-06 -6.808144025749645352e-06 -8.740988574294504982e-06 -1.098883902886434402e-05 -1.330761791644249388e-05 -1.547582757396799273e-05 -1.744814200501281019e-05 -1.946757781190603371e-05 -2.206101488985475820e-05 -2.588005395943703273e-05 -3.142180156327869275e-05 -3.874051534459198380e-05 -4.730715871060599736e-05 -5.615087531855325836e-05 -6.431164069182580682e-05 -7.147915396290363554e-05 -7.853918803038909826e-05 -8.769568162697614162e-05 -1.019323888730595395e-04 -1.238374115466901596e-04 -1.541982632625542836e-04 -1.909772701116538263e-04 -2.297177751888053953e-04 -2.649724215656882112e-04 -2.936663189770138461e-04 -3.204841584304476379e-04 -3.566423871902135441e-04 -4.210600383816315967e-04 -5.334682031024303231e-04 -7.051378473354728317e-04 -9.291535927061688122e-04 -1.176277048785521291e-03 -1.402718096694592501e-03 -1.573727454364417860e-03 -1.701234537528096939e-03 -1.884649906158621406e-03 -2.334250757478714255e-03 -3.350551358250864094e-03 -5.234793299281421432e-03 -8.123777440671758193e-03 -1.177930576681274905e-02 -1.542409883730692412e-02 -1.781220207789913426e-02 -1.784385758561328472e-02 -1.624577839258063705e-02 -1.905037946209982638e-02 -4.462565406603761359e-02 -1.342342996769073371e-01 -3.848929653391559569e-01 -9.346025552921275459e-01 -2.377760604751760543e+00 -4.102189341638494469e+00 -1.527082199582934585e+01 3.338392983557392224e+00 -2.027340753585903030e+02 7.120184226810713426e+02 -5.322179453538769849e+03 2.325104962056839940e+04 -5.358939656882558666e+03 7.172294155490961884e+02 -2.074153095368295396e+02 2.577824350649081886e+00 -1.615288989801544517e+01 -4.501108906516402719e+00 -2.609322114259940317e+00 -1.045627192731829247e+00 -4.356003061259427489e-01 -1.544373393506242864e-01 -5.220060382337963351e-02 -2.274314712707538669e-02 -1.967499144614375320e-02 -2.186530763693367990e-02 -2.211141454313124421e-02 -1.942433197578204152e-02 -1.507086484883442094e-02 -1.058028377810124425e-02 -6.960200573862830239e-03 -4.563893924345612495e-03 -3.261631591293792220e-03 -2.691641879896275891e-03 -2.471458083326849922e-03 -2.322256041407355382e-03 -2.106692272619228694e-03 -1.803929943316272657e-03 -1.470615085887397224e-03 -1.125308472789741379e-03 -1.094202445431029583e-03
4.399459033094237589e-11 -1.039581931565339341e-08 -4.414036861113555692e-08 -9.984059565987260058e-08 -1.617846860217359391e-07 -2.116763092558619767e-07 -2.446671507738414834e-07 -2.812696289725252762e-07 -3.668867566809957059e-07 -5.562835536356799362e-07 -8.882658624636471711e-07 -1.362608843252260476e-06 -1.932977587571672353e-06 -2.524349646998897069e-06 -3.072223581132062903e-06 -3.568305492960469095e-06 -4.089626722186639409e-06 -4.790413811412332389e-06 -5.850277478828785697e-06 -7.393871456280175901e-06 -9.417105281990333139e-06 -1.176232935468624110e-05 -1.417151602125534672e-05 -1.641411843734105609e-05 -1.844484863478252124e-05 -2.051613513420397542e-05 -2.316988060536284152e-05 -2.707201944095064748e-05 -3.272706012614836376e-05 -4.018619145129445863e-05 -4.890768364722827605e-05 -5.790358292873112135e-05 -6.620016543675406829e-05 -7.348403136374339272e-05 -8.065250908390418215e-05 -8.993121097389467555e-05 -1.043381083906970961e-04 -1.264533038611220588e-04 -1.571678543185398968e-04 -1.942619720680866305e-04 -2.327040938457624057e-04 -2.682887347194993686e-04 -2.977228783966252325e-04 -3.247506731062255484e-04 -3.612550390020844901e-04 -4.261009073259267423e-04 -5.391424324492134247e-04 -7.116808686813319617e-04 -9.367597572119572063e-04 -1.185013207034969198e-03 -1.412482741869523556e-03 -1.584299060841184038e-03 -1.712434302051346700e-03 -1.896597051263173694e-03 -2.347628894596028807e-03 -3.366752683181181531e-03 -5.255789201708314408e-03 -8.151612198487303770e-03 -1.181524057274433923e-02 -1.546764946438350039e-02 -1.786060538437266032e-02 -1.789281164221106016e-02 -1.629261440163953453e-02 -1.910103097872330527e-02 -4.470714349921291880e-02 -1.344136186070793160e-01 -3.853090720607162956e-01 -9.354910835466366814e-01 -2.379593946293530493e+00 -4.105374760341834239e+00 -1.527770933615921223e+01 3.331771776299981003e+00 -2.027685314762932762e+02 7.120488169644378331e+02 -5.322430904494919560e+03 2.325101190698358187e+04 -5.358704217070558116e+03 7.171908996917624108e+02 -2.073876365352171831e+02 2.581353506869835890e+00 -1.614802929757921746e+01 -4.498970662467989712e+00 -2.608062614675138668e+00 -1.045030263940247783e+00 -4.353360734992528513e-01 -1.543436652537200915e-01 -5.217773874876375367e-02 -2.274125735509160973e-02 -1.967281036260524335e-02 -2.185743881995473592e-02 -2.209950343848886972e-02 -1.941186413453667783e-02 -1.506057993583443701e-02 -1.057336318353611915e-02 -6.956460371303253148e-03 -4.562389920037483726e-03 -3.261271179896519171e-03 -2.691617376038081631e-03 -2.471351146082377635e-03 -2.322470284195537853e-03 -2.106003868355191960e-03 -1.813408889450583575e-03 -1.437190200855742494e-03 -1.382000893322753209e-03
2.076727852184832576e-10 -9.738278653559577776e-09 -4.219147020838847639e-08 -9.865096571666842890e-08 -1.667526879777709082e-07 -2.282027795504500396e-07 -2.712070137744735328e-07 -3.029037964855052017e-07 -3.549078428456728770e-07 -4.772534722438352259e-07 -7.207111329968283713e-07 -1.113538476032618638e-06 -1.643426865111508237e-06 -2.255856911520071397e-06 -2.874888630899304452e-06 -3.442340472825857882e-06 -3.960353141773867487e-06 -4.515899588805729952e-06 -5.268632064722117715e-06 -6.397232083673459746e-06 -8.019929871193588226e-06 -1.012366258016402830e-05 -1.254294618639039351e-05 -1.501604502735101708e-05 -1.731413434871382901e-05 -1.939841115988566865e-05 -2.153029767825003627e-05 -2.426015895726639813e-05 -2.825896757515068694e-05 -3.403096873043367728e-05 -4.162154473329579736e-05 -5.047933354117979215e-05 -5.960626000803737648e-05 -6.802281494147565072e-05 -7.541580094074423800e-05 -8.270071057761713693e-05 -9.209484352039328068e-05 -1.067362847299998342e-04 -1.290596184720810562e-04 -1.594268370183168275e-04 -1.968538940343360453e-04 -2.360804149979645983e-04 -2.719275467619506974e-04 -3.016823637040743473e-04 -3.289685610174336930e-04 -3.657662412176368558e-04 -4.310188579191446601e-04 -5.446633160712075362e-04 -7.180360606189817524e-04 -9.441383265247918705e-04 -1.193480437852406043e-03 -1.421940384066831082e-03 -1.594532502980691236e-03 -1.723270552873671594e-03 -1.908152447390978846e-03 -2.360567409014242661e-03 -3.382425540295811665e-03 -5.276108856120921391e-03 -8.178560450322313810e-03 -1.185003741093901795e-02 -1.550981907208754361e-02 -1.790745924302074299e-02 -1.794016934230379182e-02 -1.633788712561897241e-02 -1.914999392340011389e-02 -4.478606777130650363e-02 -1.345876131322130964e-01 -3.857131702024512721e-01 -9.363542286137591653e-01 -2.381375173834859638e+00 -4.108469403120592389e+00 -1.528440235085214383e+01 3.325344961029053970e+00 -2.028020408778915851e+02 7.120784706323483988e+02 -5.322675678857540333e+03 2.325097566237235515e+04 -5.358474830664842557e+03 7.171534406982559631e+02 -2.073606460487570473e+02 2.584808729432822361e+00 -1.614328401956388603e+01 -4.496882365121764202e+00 -2.606832852864242156e+00 -1.044447358390950598e+00 -4.350779479964603236e-01 -1.542520033127749712e-01 -5.215518203109150569e-02 -2.273918223974540423e-02 -1.967047549198644787e-02 -2.184958535413598218e-02 -2.208773808084540588e-02 -1.939958472298409370e-02 -1.505045501825401193e-02 -1.056654246862752736e-02 -6.952767045915075016e-03 -4.560912047387211642e-03 -3.260985486055232620e-03 -2.691719519938613400e-03 -2.472009816574206095e-03 -2.321880639426670157e-03 -2.118028569018283111e-03 -1.771047395477664708e-03 -1.761059560803712861e-03
2.188849717030788909e-10 -5.952637745701829679e-09 -2.709724835505547641e-08 -6.822442094941873390e-08 -1.269434666023418811e-07 -1.948367618440177146e-07 -2.616782907989461875e-07 -3.229964601595018001e-07 -3.881942289842183190e-07 -4.847901903971865501e-07 -6.544815568079771592e-07 -9.396572676786168276e-07 -1.364143706098916648e-06 -1.916976055912015290e-06 -2.549692030785679825e-06 -3.193950082045645139e-06 -3.797150490292465669e-06 -4.362790800197606489e-06 -4.975008185460227045e-06 -5.788390320219736403e-06 -6.977011224743701199e-06 -8.656944390934740195e-06 -1.081585843661141259e-05 -1.329083897332564150e-05 -1.582287051253381067e-05 -1.818476733458441655e-05 -2.033817420062831544e-05 -2.254466323827116083e-05 -2.535554546337398963e-05 -2.944384795027805692e-05 -3.531607047764302769e-05 -4.301818173839751138e-05 -5.199676978941672109e-05 -6.124711009262307903e-05 -6.979099279418202282e-05 -7.728678747902758878e-05 -8.475293169140354292e-05 -9.426352009698947142e-05 -1.084561429303272482e-04 -1.310091979776094502e-04 -1.620932600077074840e-04 -1.997867809521591701e-04 -2.393843936389888742e-04 -2.755398597349288572e-04 -3.055640943377415340e-04 -3.330926979502024632e-04 -3.701642379644940590e-04 -4.358041105843020002e-04 -5.500270420231123366e-04 -7.242033643413026568e-04 -9.512928225133654263e-04 -1.201685444445011472e-03 -1.431100495940711929e-03 -1.604439512959254322e-03 -1.733756868107357192e-03 -1.919331518088416167e-03 -2.373084332469525565e-03 -3.397592298919721067e-03 -5.295781525873874233e-03 -8.204661118013687610e-03 -1.188374676161943304e-02 -1.555066949956866208e-02 -1.795283380311115187e-02 -1.798600400479564293e-02 -1.638166948801107747e-02 -1.919734706494377954e-02 -4.486254241621966121e-02 -1.347565137706145666e-01 -3.861057689600343457e-01 -9.371930584261601860e-01 -2.383106470737395455e+00 -4.111477080280891094e+00 -1.529090912359509957e+01 3.319104181293377032e+00 -2.028346419949529036e+02 7.121074102693494297e+02 -5.322914039004404003e+03 2.325094081142490541e+04 -5.358251267207358069e+03 7.171169957771174950e+02 -2.073343131899069647e+02 2.588192198333794991e+00 -1.613865003395004649e+01 -4.494842299568634125e+00 -2.605631793823603548e+00 -1.043877990333825112e+00 -4.348257217753179749e-01 -1.541622910197043006e-01 -5.213293178908604691e-02 -2.273693697092736554e-02 -1.966799981743224193e-02 -2.184175290774526337e-02 -2.207611865028531739e-02 -1.938749306324058508e-02 -1.504049422713576306e-02 -1.055983876508219226e-02 -6.949159441597001913e-03 -4.559564365079314327e-03 -3.260878015704140286e-03 -2.692801998209561759e-03 -2.471650569366291676e-03 -2.337487097212472085e-03 -2.064120910130865221e-03 -2.183539268008093115e-03
1.162590058757941159e-10 -1.099439234634191662e-09 -7.110691969947588044e-09 -2.537423452245584241e-08 -6.456996566059161922e-08 -1.299389899682502668e-07 -2.189204138094273514e-07 -3.214975195480555295e-07 -4.270085835955729048e-07 -5.351287971280490727e-07 -6.649252017979890195e-07 -8.551150137769944516e-07 -1.152001706997817716e-06 -1.588211151342472148e-06 -2.162118657272957042e-06 -2.830677404100506858e-06 -3.524646270893614699e-06 -4.184988277443330578e-06 -4.806668521849060449e-06 -5.467522000397865703e-06 -6.321113061208765856e-06 -7.546084470991915650e-06 -9.266175545881056587e-06 -1.147583210203263202e-05 -1.401459893274042070e-05 -1.662047263598140487e-05 -1.905960049464525182e-05 -2.128707098206952770e-05 -2.356188510314521231e-05 -2.643870759625566402e-05 -3.059856479105358020e-05 -3.655717979373042305e-05 -4.436410871980095449e-05 -5.347069108685273728e-05 -6.283773431380666849e-05 -7.157201055475110913e-05 -7.917183338957174015e-05 -8.615106067614278955e-05 -9.580273154891312331e-05 -1.105937611141070590e-04 -1.333144263093340707e-04 -1.647119039147545451e-04 -2.027169057018536591e-04 -2.426337684981735648e-04 -2.790802646254904296e-04 -3.093553983639191988e-04 -3.371121208658271469e-04 -3.744434368455930306e-04 -4.404540746640661164e-04 -5.552338290110835507e-04 -7.301856223443716236e-04 -9.582286983950051183e-04 -1.209636195282330065e-03 -1.439973304841420110e-03 -1.614032190639873516e-03 -1.743906892436557741e-03 -1.930149496278619472e-03 -2.385197236307757141e-03 -3.412274521215688527e-03 -5.314835189148313724e-03 -8.229951211560367422e-03 -1.191641646262424879e-02 -1.559025922521925685e-02 -1.799679530722597676e-02 -1.803038478905459249e-02 -1.642403021271401919e-02 -1.924316461187550176e-02 -4.493667637363892714e-02 -1.349205381414925187e-01 -3.864873493613070754e-01 -9.380085821080212938e-01 -2.384789900490136727e+00 -4.114401392602594854e+00 -1.529723729713572489e+01 3.313041549147606624e+00 -2.028663712095221285e+02 7.121356612112125504e+02 -5.323146233746449070e+03 2.325090728359647983e+04 -5.358033307789844002e+03 7.170815244105349393e+02 -2.073086142638127569e+02 2.591506015848779043e+00 -1.613412349500170961e+01 -4.492848827797413236e+00 -2.604458449823538135e+00 -1.043321696177040181e+00 -4.345791963435070016e-01 -1.540744683694662276e-01 -5.211098569247567258e-02 -2.273453541376349932e-02 -1.966539522821751651e-02 -2.183394704495815117e-02 -2.206464729581009490e-02 -1.937559443846909035e-02 -1.503071668991977881e-02 -1.055329628963625269e-02 -6.945760427169901489e-03 -4.558463495219631373e-03 -3.261988869380233122e-03 -2.692587765099852155e-03 -2.491366178181508243e-03 -2.270910141140442332e-03 -2.575573462681920826e-03
-1.155390278620904841e-11 2.639192041684881968e-09 8.765767308320668494e-09 1.047367717509879441e-08 -8.035443858383702675e-09 -6.279992239031161889e-08 -1.604603492337291772e-07 -2.925124474932061616e-07 -4.382335143695317444e-07 -5.766444419821350962e-07 -7.025161912546127242e-07 -8.378059858614581862e-07 -1.030528892882606963e-06 -1.338287317939901861e-06 -1.801745921982843322e-06 -2.420440381454890990e-06 -3.145273047444323773e-06 -3.896751344760377461e-06 -4.606257890133240589e-06 -5.264289013786650084e-06 -5.951311062889596975e-06 -6.829304134214537301e-06 -8.087157569524797870e-06 -9.855945542263792506e-06 -1.213117802972822199e-05 -1.474675422305223701e-05 -1.743100893866803252e-05 -1.994104234180753784e-05 -2.222802280805721218e-05 -2.455435308573652382e-05 -2.748481354403367363e-05 -3.171108753907601289e-05 -3.776437525638156429e-05 -4.567021142841706609e-05 -5.496656387207675908e-05 -6.445089803729689122e-05 -7.272048344644319192e-05 -8.044932659114257287e-05 -8.796978338823600581e-05 -9.770407046080773253e-05 -1.127013481628646855e-04 -1.356370164286690289e-04 -1.672989658971603736e-04 -2.055985090789524744e-04 -2.458149838953307834e-04 -2.825369642721162634e-04 -3.130497315715121136e-04 -3.410230134477077141e-04 -3.786023205937070362e-04 -4.449691679922737121e-04 -5.602859961188605669e-04 -7.359871555693477813e-04 -9.649523929002374505e-04 -1.217341247859130178e-03 -1.448569305042805063e-03 -1.623322645435679905e-03 -1.753734072772411426e-03 -1.940621231003284439e-03 -2.396923097150942261e-03 -3.426492883191036964e-03 -5.333296518142999383e-03 -8.254465872301377724e-03 -1.194809182042806846e-02 -1.562864354207527812e-02 -1.803940631690578375e-02 -1.807337694847324649e-02 -1.646503408852772327e-02 -1.928751650706327786e-02 -4.500857242480200276e-02 -1.350798918286696404e-01 -3.868583661629114712e-01 -9.388017539416888546e-01 -2.386427414790699419e+00 -4.117245745493606890e+00 -1.530339410286722313e+01 3.307149612984682019e+00 -2.028972629887463484e+02 7.121632476168248331e+02 -5.323372499192201758e+03 2.325087501274911847e+04 -5.357820744339390330e+03 7.170469882057466293e+02 -2.072835266979039091e+02 2.594752209407763743e+00 -1.612970073096754220e+01 -4.490900384505625453e+00 -2.603311877756388615e+00 -1.042778033190614906e+00 -4.343381819091443052e-01 -1.539884775388005722e-01 -5.208934082554091821e-02 -2.273199024319040584e-02 -1.966267326940930246e-02 -2.182617533757402403e-02 -2.205333265389180716e-02 -1.936391045578150782e-02 -1.502116981779730472e-02 -1.054705028195154597e-02 -6.942686355859670720e-03 -4.558804823443436335e-03 -3.261501079931360125e-03 -2.716048666053430278e-03 -2.413158662524948414e-03 -2.874396906497873709e-03
-8.573513291683212792e-11 3.909618499283765738e-09 1.472911502232943888e-08 2.599737035629211069e-08 2.126247701411156419e-08 -1.915456493810581240e-08 -1.082381074644674830e-07 -2.439690225621509181e-07 -4.078766852522883024e-07 -5.728538870701723016e-07 -7.181599165014583605e-07 -8.452253382529477368e-07 -9.858858532536368037e-07 -1.196681855039217465e-06 -1.538609953938710473e-06 -2.049283267756942083e-06 -2.720345590794488973e-06 -3.493629640388056546e-06 -4.283404677545415804e-06 -5.020254417931975271e-06 -5.699484768489504612e-06 -6.409766693630027563e-06 -7.321131882106765449e-06 -8.627016836040512135e-06 -1.045775146912812653e-05 -1.280325679390462288e-05 -1.548943282822157742e-05 -1.823764525707867310e-05 -2.080201943407381811e-05 -2.313667472349979922e-05 -2.551017658268684218e-05 -2.850351023072822724e-05 -3.279173577441041814e-05 -3.900136082406102704e-05 -4.700718738436860023e-05 -5.585164776855589452e-05 -6.547787603714984154e-05 -7.428997967798754395e-05 -8.209043066181033975e-05 -8.976904065644248731e-05 -9.963506673463115798e-05 -1.147939220829034910e-04 -1.379310596345870003e-04 -1.698400402559213857e-04 -2.084189050778089325e-04 -2.489205766585394640e-04 -2.859052465752416508e-04 -3.166446187528552535e-04 -3.448245934385180838e-04 -3.826415419466139669e-04 -4.493514070083903843e-04 -5.651870180960503554e-04 -7.416130810496705719e-04 -9.714708323906610585e-04 -1.224809379405962691e-03 -1.456898982644100294e-03 -1.632322791579783562e-03 -1.763251507432795403e-03 -1.950761079947632790e-03 -2.408278227952897685e-03 -3.440267145087062481e-03 -5.351190894164048820e-03 -8.278238439965468834e-03 -1.197881573408544550e-02 -1.566587473651352355e-02 -1.808072593390968458e-02 -1.811504207440679109e-02 -1.650474222079184247e-02 -1.933046870534762401e-02 -4.507832759877501705e-02 -1.352347691804004493e-01 -3.872192495993819761e-01 -9.395734770228325594e-01 -2.388020860989735539e+00 -4.120013362016716307e+00 -1.530938638806256868e+01 3.301421327969560782e+00 -2.029273500090799303e+02 7.121901925352071885e+02 -5.323593059549169084e+03 2.325084393682755035e+04 -5.357613378956733868e+03 7.170133507578144645e+02 -2.072590289764138447e+02 2.597932734358394669e+00 -1.612537823445127216e+01 -4.488995473144119508e+00 -2.602191176585917365e+00 -1.042246578200689555e+00 -4.341024967107349197e-01 -1.539042626413661130e-01 -5.206799388036541937e-02 -2.272931385667942630e-02 -1.965984743563193096e-02 -2.181845188649391212e-02 -2.204219990600386758e-02 -1.935249013108762683e-02 -1.501199406420678645e-02 -1.054120567059031559e-02 -6.941236013568754561e-03 -4.557283314305232529e-03 -3.287440884467989714e-03 -2.628938134282326512e-03 -3.086974184255126923e-03
-7.622977839581359311e-11 2.625684749265931634e-09 1.012582296460515564e-08 1.866184044829936452e-08 1.694828997422794435e-08 -1.066924764206827741e-08 -7.827807268712839095e-08 -1.915572365845623533e-07 -3.433897445753807767e-07 -5.149915088211755183e-07 -6.837718949495682204e-07 -8.360109963278460010e-07 -9.792696211234848124e-07 -1.147856947217942265e-06 -1.396238578748641856e-06 -1.780017555250782684e-06 -2.330695818674664974e-06 -3.035763177114450196e-06 -3.836422439921690429e-06 -4.649750381517369671e-06 -5.411082055909847615e-06 -6.120341816591128777e-06 -6.868965233069906679e-06 -7.827158413136510389e-06 -9.186292069167075939e-06 -1.107346261725386527e-05 -1.347546275912897188e-05 -1.621607057112112288e-05 -1.901650061299483348e-05 -2.163083303327832522e-05 -2.402235900662543760e-05 -2.643927275077491646e-05 -2.955691602336691019e-05 -3.390927664436781759e-05 -3.964805908676116323e-05 -4.777918598461308399e-05 -5.715851056291677086e-05 -6.686950351332974422e-05 -7.584821177610664349e-05 -8.376869368966402139e-05 -9.156303064314808438e-05 -1.015500536981032981e-04 -1.168565628805551889e-04 -1.401831737192293459e-04 -1.723267776447386047e-04 -2.111724363296863612e-04 -2.519471461413944286e-04 -2.891834401129162032e-04 -3.201397771488510694e-04 -3.485177217618526608e-04 -3.865629876567463347e-04 -4.536037255318199667e-04 -5.699410222307062322e-04 -7.470689328415360420e-04 -9.777911437111746779e-04 -1.232049370006731452e-03 -1.464972653518505736e-03 -1.641044229134309106e-03 -1.772471861344608775e-03 -1.960582853188592468e-03 -2.419278248604313751e-03 -3.453616151522852055e-03 -5.368542443646034425e-03 -8.301300532288582307e-03 -1.200862882375198538e-02 -1.570200226430097309e-02 -1.812081001306864447e-02 -1.815543832805457600e-02 -1.654321226907647449e-02 -1.937208343446121875e-02 -4.514603355181379812e-02 -1.353853540511727738e-01 -3.875704070007384150e-01 -9.403246066320722907e-01 -2.389571988950995873e+00 -4.122707294897959507e+00 -1.531522064098060198e+01 3.295850028841638579e+00 -2.029566632709293117e+02 7.122165179681868494e+02 -5.323808127863399932e+03 2.325081399755826715e+04 -5.357411023301421665e+03 7.169805775227448521e+02 -2.072351005794142509e+02 2.601049476677057104e+00 -1.612115265337592618e+01 -4.487132662160568053e+00 -2.601095484926003731e+00 -1.041726926392426256e+00 -4.338719665498036449e-01 -1.538217699135539240e-01 -5.204694216559244829e-02 -2.272652077354511344e-02 -1.965693770170295548e-02 -2.181080740680043512e-02 -2.203130124772892731e-02 -1.934147834961683077e-02 -1.500328556122289617e-02 -1.053713649002176699e-02 -6.937746169963442469e-03 -4.584166470617345203e-03 -3.193630022290182974e-03 -3.352797935100528502e-03
-8.147713542748441041e-12 -1.968190419744209660e-10 -1.101859709790836948e-09 -3.938077242597614531e-09 -1.203684883301579775e-08 -3.221381511187636684e-08 -7.471807463872350918e-08 -1.505651087105884265e-07 -2.666187845903249722e-07 -4.207136768959769532e-07 -6.002635430983985378e-07 -7.869797460374474872e-07 -9.674386549292117401e-07 -1.145447466973150749e-06 -1.349459348834652375e-06 -1.628858017807856239e-06 -2.037277107060863159e-06 -2.608052728514236780e-06 -3.333129196560086492e-06 -4.158435016619592569e-06 -5.003772115296730062e-06 -5.804122156985263167e-06 -6.556543104781609296e-06 -7.348889644593320509e-06 -8.349081016027553123e-06 -9.748669284650818089e-06 -1.167704882517581243e-05 -1.412437973333027074e-05 -1.691514037881708757e-05 -1.977659397601346682e-05 -2.243704701395712504e-05 -2.494571910003978103e-05 -2.740862824559381532e-05 -3.003773137659058768e-05 -3.448085027536837189e-05 -4.071622608912919030e-05 -4.891679029799995168e-05 -5.846254713532812969e-05 -6.830532118320488714e-05 -7.740866728071821746e-05 -8.543891648479783345e-05 -9.333665315806485396e-05 -1.034353239800796091e-04 -1.188803499437508842e-04 -1.423869371105550231e-04 -1.747548831655471513e-04 -2.138564966230756237e-04 -2.548935056684857223e-04 -2.923715432836471108e-04 -3.235361925223590850e-04 -3.521042280709011968e-04 -3.903692771113458624e-04 -4.577295925396593010e-04 -5.745524935840452558e-04 -7.523604342287204582e-04 -9.839204797191629381e-04 -1.239069871479520904e-03 -1.472800367496363222e-03 -1.649498176635104873e-03 -1.781407321699656973e-03 -1.970099788598236954e-03 -2.429938080966767121e-03 -3.466557849697884421e-03 -5.385374086165350960e-03 -8.323682130533811840e-03 -1.203756955906642827e-02 -1.573707292099069815e-02 -1.815971136527434748e-02 -1.819462066013958351e-02 -1.658049867183356701e-02 -1.941241944112562234e-02 -4.521177692273700699e-02 -1.355318204914494618e-01 -3.879122242886601790e-01 -9.410559533494451401e-01 -2.391082457383438165e+00 -4.125330437600419842e+00 -1.532090301403567167e+01 3.290429404827034610e+00 -2.029852322046293125e+02 7.122422449286443680e+02 -5.324017906705650603e+03 2.325078514017722773e+04 -5.357213498021978921e+03 7.169486357004251431e+02 -2.072117219260368870e+02 2.604104255582026628e+00 -1.611702078256698201e+01 -4.485310581536744223e+00 -2.600023978891107035e+00 -1.041218690415876003e+00 -4.336464247849223241e-01 -1.537409486985555074e-01 -5.202618619074737133e-02 -2.272363287002128820e-02 -1.965398287990510751e-02 -2.180330485594393977e-02 -2.202080098359691929e-02 -1.933099152562358161e-02 -1.499655976209953757e-02 -1.053093106831298927e-02 -6.965150685524601308e-03 -4.481325402250452977e-03 -3.979625179864089424e-03
6.448274926185028844e-11 -3.049346584123657570e-09 -1.282661871675479033e-08 -2.894045096589964260e-08 -4.771892049153646811e-08 -6.678978964378497628e-08 -8.999805355938150132e-08 -1.293974655165560250e-07 -2.019771915437076305e-07 -3.218585501119128311e-07 -4.917951793930949462e-07 -6.992993308148358749e-07 -9.212609696166418384e-07 -1.136813244699170894e-06 -1.343231831615689684e-06 -1.566382094254194799e-06 -1.858096544060333104e-06 -2.278179982148613277e-06 -2.866832597975505611e-06 -3.620299851336581963e-06 -4.484312886529143115e-06 -5.374247225188904266e-06 -6.218720849906968143e-06 -7.009665442927649934e-06 -7.833597567559378880e-06 -8.861487182695766492e-06 -1.029125916383862724e-05 -1.225718099485929589e-05 -1.475870777578836636e-05 -1.759583533090160410e-05 -2.057709768759289137e-05 -2.328591128304001348e-05 -2.531229736943552399e-05 -2.784851234394864370e-05 -3.093715653477864107e-05 -3.541695983241890255e-05 -4.178893264437673322e-05 -5.010550145939079162e-05 -5.977651833223288682e-05 -6.974060835975423513e-05 -7.895616763573678836e-05 -8.708728302376378275e-05 -9.508073048698137397e-05 -1.052840401283213238e-04 -1.208603892313711787e-04 -1.445389783771586581e-04 -1.771222954162598301e-04 -2.164701793136650102e-04 -2.577597703692462421e-04 -2.954705577018784820e-04 -3.268356226460057017e-04 -3.555865305370234050e-04 -3.940634662948127101e-04 -4.617327794349944284e-04 -5.790260920569790734e-04 -7.574933555183092698e-04 -9.898659112883242440e-04 -1.245879328310052188e-03 -1.480391853454215674e-03 -1.657695435924877621e-03 -1.790069578927858162e-03 -1.979324547038142836e-03 -2.440271959023594846e-03 -3.479109318416715932e-03 -5.401707588969377992e-03 -8.345411667053265550e-03 -1.206567438507163276e-02 -1.577113100576831364e-02 -1.819747995085821760e-02 -1.823264101936240833e-02 -1.661665285924483065e-02 -1.945153222349461919e-02 -4.527563966613039337e-02 -1.356743333893154768e-01 -3.882450673632881766e-01 -9.417682859355956948e-01 -2.392553839696025975e+00 -4.127885534557433012e+00 -1.532643934521408013e+01 3.285153476517979954e+00 -2.030130847685109359e+02 7.122673934951144474e+02 -5.324222588807058855e+03 2.325075731317918326e+04 -5.357020632226514863e+03 7.169174941259453817e+02 -2.071888743216293847e+02 2.607098825955455279e+00 -1.611297955599110310e+01 -4.483527919690712515e+00 -2.598975870266206467e+00 -1.040721499876964051e+00 -4.334257131330314650e-01 -1.536617545853836975e-01 -5.200573727659622142e-02 -2.272069872851011779e-02 -1.965107180564282241e-02 -2.179616689485315562e-02 -2.201089904335508385e-02 -1.932292411821989395e-02 -1.498756775604046139e-02 -1.056145037600276539e-02 -6.841495590205669448e-03 -5.413366759357724455e-03
9.490151131849666962e-11 -4.652099003665617988e-09 -1.969412323336034673e-08 -4.454398156577487189e-08 -7.222982501439633680e-08 -9.474702634383375130e-08 -1.100682968690638425e-07 -1.271830767553549375e-07 -1.655851014948465533e-07 -2.483082920315074844e-07 -3.911249881589173168e-07 -5.932083652586075772e-07 -8.349328338263330824e-07 -1.085816545899221431e-06 -1.320749599522025286e-06 -1.537735651590761598e-06 -1.767866789604481635e-06 -2.070209178564374390e-06 -2.510497458959572528e-06 -3.130943300724586615e-06 -3.925113904280966282e-06 -4.832725786013791030e-06 -5.762611589170883924e-06 -6.639322861689526250e-06 -7.454967163292896565e-06 -8.300804040285248979e-06 -9.353324698728719705e-06 -1.082250067708641849e-05 -1.282270510651053445e-05 -1.543614418770161665e-05 -1.832164984569490787e-05 -2.083637205534828984e-05 -2.362087639886000908e-05 -2.609292564443538927e-05 -2.864951821797386618e-05 -3.184601124138913977e-05 -3.640914016807468724e-05 -4.287826851790207142e-05 -5.130107825142639127e-05 -6.108515237438372908e-05 -7.116145656771906164e-05 -8.048137571080634246e-05 -8.870674453103652793e-05 -9.679006456975913959e-05 -1.070923920920355672e-04 -1.227940210031346600e-04 -1.466376444007893741e-04 -1.794282858906668570e-04 -2.190136180043691949e-04 -2.605468653260686754e-04 -2.984821110010816778e-04 -3.300403028126093832e-04 -3.589674028168349218e-04 -3.976488620603371889e-04 -4.656172120597336893e-04 -5.833665356624174016e-04 -7.624734240589736483e-04 -9.956343606375376437e-04 -1.252485931242265389e-03 -1.487756490114928694e-03 -1.665646377138122174e-03 -1.798469823382236547e-03 -1.988269219678737414e-03 -2.450293448112858541e-03 -3.491286803368553668e-03 -5.417563624853460880e-03 -8.366516113012797962e-03 -1.209297784483818854e-02 -1.580421847856494297e-02 -1.823416306330223613e-02 -1.826954854929202510e-02 -1.665172345350076494e-02 -1.948947424933647476e-02 -4.533769936414452223e-02 -1.358130490690814540e-01 -3.885692833926935319e-01 -9.424623340041891062e-01 -2.393987629419370489e+00 -4.130375190645009909e+00 -1.533183517788817873e+01 3.280016574510260519e+00 -2.030402475397335138e+02 7.122919828628076857e+02 -5.324422357650279082e+03 2.325073046808837898e+04 -5.356832262989296396e+03 7.168871231688835906e+02 -2.071665399086241734e+02 2.610034880543038227e+00 -1.610902603955346279e+01 -4.481783420536135765e+00 -2.597950404904404209e+00 -1.040235001827145567e+00 -4.332096860857537202e-01 -1.535841620150016074e-01 -5.198565075549938658e-02 -2.271785367768504663e-02 -1.964854981407027773e-02 -2.178976929778588326e-02 -2.200432426121314358e-02 -1.931218341455989349e-02 -1.502855969406419537e-02 -1.039191376817582418e-02 -8.107878147050237225e-03
6.918053256553240912e-11 -4.464383163259437228e-09 -1.928894686519077355e-08 -4.488897283967009035e-08 -7.544959386312641106e-08 -1.026637568971533694e-07 -1.215186919357483544e-07 -1.357345260253740815e-07 -1.597484530303954970e-07 -2.154093796884258080e-07 -3.238438270710951603e-07 -4.955951999552116731e-07 -7.237746904042032172e-07 -9.846397055911487373e-07 -1.247303040170178999e-06 -1.489971629639493597e-06 -1.716049927275598386e-06 -1.961664798042669912e-06 -2.288416398154408557e-06 -2.761152475488122644e-06 -3.418371871994874383e-06 -4.248840776056317934e-06 -5.188478465207973356e-06 -6.144784651983728322e-06 -7.044267826151096716e-06 -7.881724192652763344e-06 -8.758757778564623528e-06 -9.833162931341135358e-06 -1.139866841966306557e-05 -1.343537722582021081e-05 -1.558784613726749897e-05 -1.854922203810187509e-05 -2.150496456024306809e-05 -2.431269211091941840e-05 -2.688619970840111200e-05 -2.950930295515217066e-05 -3.277583868947212318e-05 -3.741372490646706339e-05 -4.396892041252763042e-05 -5.248952568342092498e-05 -6.237894111696039529e-05 -7.256062309177401480e-05 -8.197888248621751784e-05 -9.029324500882217460e-05 -9.846167437952050672e-05 -1.088582864339336670e-04 -1.246799318929202153e-04 -1.486823488756311537e-04 -1.816729716559736894e-04 -2.214876118733872731e-04 -2.632562324375091424e-04 -3.014082243657182497e-04 -3.331527597846249428e-04 -3.622498243609492208e-04 -4.011289016572919057e-04 -4.693868744391924098e-04 -5.875785250527119788e-04 -7.673062671490131319e-04 -1.001232560712415421e-03 -1.258897591269445438e-03 -1.494903292596935079e-03 -1.673360935700168861e-03 -1.806618751151915477e-03 -1.996945342279310334e-03 -2.460015469415760894e-03 -3.503105756019267002e-03 -5.432961831599837643e-03 -8.387021064842672610e-03 -1.211951269714465693e-02 -1.583637510812984511e-02 -1.826980550034677103e-02 -1.830538977059198089e-02 -1.668575645440701152e-02 -1.952629516014131941e-02 -4.539802952072933412e-02 -1.359481158545221557e-01 -3.888852020176428170e-01 -9.431387905062508237e-01 -2.395385245229098015e+00 -4.132801879939001388e+00 -1.533709577914635069e+01 3.275013319655227129e+00 -2.030667457984761768e+02 7.123160313912416086e+02 -5.324617388016580662e+03 2.325070455924424459e+04 -5.356648234892802066e+03 7.168574946397798158e+02 -2.071447016205989371e+02 2.612914052346438698e+00 -1.610515742389196703e+01 -4.480075880579049041e+00 -2.596946862700723280e+00 -1.039758867459450897e+00 -4.329982314978912394e-01 -1.535082185643425468e-01 -5.196612639796820143e-02 -2.271564362356350356e-02 -1.964706477077659760e-02 -2.178831419559225727e-02 -2.199404561426252999e-02 -1.937626582353278032e-02 -1.477501009596314703e-02 -1.228754876846080424e-02
9.594041306841821807e-12 -2.802907523304739480e-09 -1.271106021939361653e-08 -3.164357057312261964e-08 -5.813722005181903094e-08 -8.813334482957054539e-08 -1.172555545595202771e-07 -1.442468365371371772e-07 -1.741918367700042108e-07 -2.196760158161670296e-07 -2.983811248487035642e-07 -4.270195495372365496e-07 -6.135959894943335075e-07 -8.516778878986986468e-07 -1.120608374532610722e-06 -1.393638230501610862e-06 -1.652218844960591474e-06 -1.900734739618971853e-06 -2.173822069672778107e-06 -2.530060202181739790e-06 -3.031271685351755190e-06 -3.714286518906131036e-06 -4.568047892161841541e-06 -5.530517941772226805e-06 -6.510365146159227739e-06 -7.441632765249383642e-06 -8.298274126631019406e-06 -9.262373632122218909e-06 -1.036107772110377992e-05 -1.146375715129944853e-05 -1.356507411854174138e-05 -1.614414029316458071e-05 -1.912945747887945450e-05 -2.218919614013507895e-05 -2.506514855602058492e-05 -2.770319377893878634e-05 -3.038488134393605697e-05 -3.371140013542358406e-05 -3.841672568480816995e-05 -4.505125904857927886e-05 -5.366341430819260939e-05 -6.365225514478579873e-05 -7.393382354201984195e-05 -8.344547383971668870e-05 -9.184443192715278665e-05 -1.000939216774343301e-04 -1.105807038874122663e-04 -1.265176731641102917e-04 -1.506732006785896708e-04 -1.838570234711994018e-04 -2.238933933279916156e-04 -2.658896438343209281e-04 -3.042511618440399174e-04 -3.361756897028513351e-04 -3.654368814449858102e-04 -4.045070728436518681e-04 -4.730457451018238359e-04 -5.916666940789622967e-04 -7.719973754597586222e-04 -1.006667030357609374e-03 -1.265121925421907418e-03 -1.501840907561349586e-03 -1.680848615604454109e-03 -1.814526574676956746e-03 -2.005363913364624842e-03 -2.469450327481475301e-03 -3.514580874037509257e-03 -5.447920870222112445e-03 -8.406950825384456802e-03 -1.214531002387253707e-02 -1.586763860522182740e-02 -1.830444971757397288e-02 -1.834020874636746110e-02 -1.671879541167421712e-02 -1.956204196549166802e-02 -4.545669984292069477e-02 -1.360796745980870082e-01 -3.891931364668638205e-01 -9.437983140150973949e-01 -2.396748035566646617e+00 -4.135167953789370188e+00 -1.534222615674515566e+01 3.270138604782513170e+00 -2.030926036061444506e+02 7.123395566484624624e+02 -5.324807846496105412e+03 2.325067954360967269e+04 -5.356468399600929843e+03 7.168285817035692844e+02 -2.071233431386848736e+02 2.615737917882728247e+00 -1.610137101736483700e+01 -4.478404148701023324e+00 -2.595964567391985778e+00 -1.039292822806744621e+00 -4.327913501963873144e-01 -1.534341881616735348e-01 -5.194797230532445520e-02 -2.271504097347978521e-02 -1.965295470918236240e-02 -2.178116113399662310e-02 -2.209704609348291798e-02 -1.899484030478743382e-02 -1.764811500487582785e-02
-4.374691837258720445e-11 -5.738247328900969589e-10 -3.567074853481353041e-09 -1.212753194289531759e-08 -2.991500947135756261e-08 -5.906233872856521686e-08 -9.851239538969777576e-08 -1.442898044412055729e-07 -1.923932095408683206e-07 -2.432310234689787371e-07 -3.050695384233374681e-07 -3.937716508145667185e-07 -5.276243999749620588e-07 -7.188130642920674023e-07 -9.656501873951759800e-07 -1.250529118814755161e-06 -1.546686414475411644e-06 -1.832647546078571340e-06 -2.108503827501456872e-06 -2.405360851135809296e-06 -2.780715487855671276e-06 -3.298101755957009944e-06 -3.998251723085083409e-06 -4.872647929809241148e-06 -5.866733579169561627e-06 -6.867452077535226155e-06 -7.884987406637059568e-06 -8.763046019403227454e-06 -9.268545561569148397e-06 -1.042028595221642101e-05 -1.192796909808014065e-05 -1.404287113587715074e-05 -1.671902014388470246e-05 -1.977224611130350319e-05 -2.289967296063757235e-05 -2.583597286049590716e-05 -2.852881684553800943e-05 -3.126237477161573870e-05 -3.464305485559821343e-05 -3.941061447631630292e-05 -4.611948207903932966e-05 -5.481823889934173832e-05 -6.490163922454137563e-05 -7.527846351571039897e-05 -8.487926994215217987e-05 -9.335902336007300252e-05 -1.016860358433592070e-04 -1.122593319689062864e-04 -1.283073711146278013e-04 -1.526107721963360802e-04 -1.859814786510942310e-04 -2.262324759595398861e-04 -2.684490779784768971e-04 -3.070133292776163186e-04 -3.391118756753162345e-04 -3.685317001249542807e-04 -4.077868596544482007e-04 -4.765977537687078689e-04 -5.956355760943410262e-04 -7.765520781299746185e-04 -1.011944057717780506e-03 -1.271166248157848877e-03 -1.508577612284162919e-03 -1.688118495785765043e-03 -1.822203036058318328e-03 -2.013535414409075956e-03 -2.478609737984753276e-03 -3.525726138578094606e-03 -5.462458475192786926e-03 -8.426328471573610313e-03 -1.217039931952594578e-02 -1.589804473624041592e-02 -1.833813596443930119e-02 -1.837404723476210311e-02 -1.675088158895305518e-02 -1.959675922767324316e-02 -4.551377649736455117e-02 -1.362078591489458423e-01 -3.894933845440951004e-01 -9.444415307769394863e-01 -2.398077282852292935e+00 -4.137475648258848615e+00 -1.534723107485934079e+01 3.265387577693559251e+00 -2.031178438782177409e+02 7.123625754528439984e+02 -5.324993891964051727e+03 2.325065538059193568e+04 -5.356292615459369699e+03 7.168003588006000655e+02 -2.071024488492805347e+02 2.618508000306608796e+00 -1.609766424356720904e+01 -4.476767139660157824e+00 -2.595002926738787963e+00 -1.038836750566050737e+00 -4.325893270710702287e-01 -1.533631397678786590e-01 -5.193243132983500071e-02 -2.272490836841430453e-02 -1.965005174522044262e-02 -2.193654572943813663e-02 -2.155416603318668564e-02 -2.312340854598561243e-02
-5.804226608439833987e-11 1.204788197343073723e-09 3.958443832396567365e-09 4.693908177851040743e-09 -3.759284318832515713e-09 -2.863562495644486311e-08 -7.293738880827772685e-08 -1.329300866303782321e-07 -1.995360232626113668e-07 -2.636677930007168736e-07 -3.231533184886674395e-07 -3.874610803166674001e-07 -4.768827883917806584e-07 -6.152652015992585902e-07 -8.188855696247858647e-07 -1.086816583234291252e-06 -1.398614606731002226e-06 -1.722496323191265891e-06 -2.032171057425679095e-06 -2.325365839344915698e-06 -2.634252562005773373e-06 -3.020609683629398004e-06 -3.551899153623228241e-06 -4.277976285451325207e-06 -5.170490306885703466e-06 -6.249332203485510458e-06 -7.272812901642602559e-06 -7.844154563477529046e-06 -8.772689924391121027e-06 -9.667442494241523991e-06 -1.082206525091936199e-05 -1.241296535112217241e-05 -1.458475697514477232e-05 -1.732261838634324862e-05 -2.043601435381770735e-05 -2.362145439114022986e-05 -2.661142939115871732e-05 -2.935348674092222747e-05 -3.213425417426909639e-05 -3.556493076941669352e-05 -4.039074813055079346e-05 -4.716993799236582189e-05 -5.595117071117558305e-05 -6.612496492716011208e-05 -7.659301506179801719e-05 -8.627925679863605835e-05 -9.483644548089862779e-05 -1.032378276560500468e-04 -1.138943352739346231e-04 -1.300495405489252292e-04 -1.544959466480230899e-04 -1.880476155467916493e-04 -2.285065512267513209e-04 -2.709366347287201545e-04 -3.096972046438804544e-04 -3.419641307397827635e-04 -3.715373994942266166e-04 -4.109717039928299526e-04 -4.800467498185440919e-04 -5.994895784916630258e-04 -7.809755232905068968e-04 -1.017069687233819767e-03 -1.277037565509100449e-03 -1.515121316299567616e-03 -1.695179238832320457e-03 -1.829657421527945520e-03 -2.021469828349906159e-03 -2.487504849228919582e-03 -3.536554839737463939e-03 -5.476591487857894111e-03 -8.445175902752510844e-03 -1.219480856245259114e-02 -1.592762742289463226e-02 -1.837090241134247889e-02 -1.840694483383481864e-02 -1.678205411230292154e-02 -1.963048920990981272e-02 -4.556932229590567041e-02 -1.363327967042335109e-01 -3.897862294437726138e-01 -9.450690365278491267e-01 -2.399374207361337330e+00 -4.139727091075496190e+00 -1.535211506882177623e+01 3.260755625226869459e+00 -2.031424884518835370e+02 7.123851039121830127e+02 -5.325175676019592174e+03 2.325063203187639738e+04 -5.356120747121471140e+03 7.167728015746547499e+02 -2.070820038053836640e+02 2.621225766381428901e+00 -1.609403465554088442e+01 -4.475163879237379128e+00 -2.594061542427942513e+00 -1.038390852292768063e+00 -4.323933737078191064e-01 -1.532963726341941280e-01 -5.193063312091842493e-02 -2.272210455917368296e-02 -1.985996224346022951e-02 -2.123123295650041625e-02 -2.696735746401579537e-02
-2.631126173157004165e-11 1.857682997626651179e-09 6.987634415121513776e-09 1.231911303123324867e-08 1.011102953751425691e-08 -8.779849925539601770e-09 -5.021305524773176781e-08 -1.129978888183689233e-07 -1.884617568472167786e-07 -2.642859542678458802e-07 -3.314230136247724118e-07 -3.909933960413737145e-07 -4.574341906497087800e-07 -5.553592668374377073e-07 -7.103352513751016304e-07 -9.370534888112304958e-07 -1.230516628744736653e-06 -1.565631477619706492e-06 -1.907494093952591901e-06 -2.229495939293388269e-06 -2.532243262372260918e-06 -2.851139376325001683e-06 -3.257308185570145576e-06 -3.800286017791382303e-06 -4.604305418143275698e-06 -5.516660424383760622e-06 -6.161078272449153761e-06 -7.236595170813272270e-06 -8.189306761787437354e-06 -9.118681550725781692e-06 -1.008840150780299857e-05 -1.128853874694950546e-05 -1.292843899831707066e-05 -1.514987042512638173e-05 -1.794014191554222908e-05 -2.110716147481033939e-05 -2.434502144125480955e-05 -2.738402080084513046e-05 -3.017132817069283291e-05 -3.299583040068525838e-05 -3.647327710965420772e-05 -4.135414155150573694e-05 -4.820029213657913445e-05 -5.706044326657864726e-05 -6.732096881141024533e-05 -7.787665914402993684e-05 -8.764500386548645461e-05 -9.627660579113300732e-05 -1.047495047929841559e-04 -1.154862038178092675e-04 -1.317449591946377979e-04 -1.563298136937499934e-04 -1.900568667824960637e-04 -2.307174166031420869e-04 -2.733544761153611788e-04 -3.123052893092719321e-04 -3.447352574649821533e-04 -3.744570576359269247e-04 -4.140649763686547204e-04 -4.833964770355814785e-04 -6.032329616735778886e-04 -7.852726623246409320e-04 -1.022049710574981585e-03 -1.282742573535408962e-03 -1.521479566891047403e-03 -1.702039101347965636e-03 -1.836898573345375086e-03 -2.029176649964534174e-03 -2.496146250281478570e-03 -3.547079585881678532e-03 -5.490335875041107115e-03 -8.463513879496517914e-03 -1.221856428343824630e-02 -1.595641884285231224e-02 -1.840278527250422888e-02 -1.843893910434552669e-02 -1.681235006676359833e-02 -1.966327193777784796e-02 -4.562339676608709316e-02 -1.364546080349401391e-01 -3.900719404502670518e-01 -9.456813981992432394e-01 -2.400639970927331834e+00 -4.141924308226626827e+00 -1.535688245886956516e+01 3.256238358736038840e+00 -2.031665581483212293e+02 7.124071574617379383e+02 -5.325353343396753189e+03 2.325060946128195064e+04 -5.355952665198067734e+03 7.167458868034303805e+02 -2.070619936982520244e+02 2.623892606945624095e+00 -1.609047997485432546e+01 -4.473593598620614564e+00 -2.593140311983331170e+00 -1.037956226669890292e+00 -4.322044750439392180e-01 -1.532461323456364710e-01 -5.191249336524823149e-02 -2.296744409504131515e-02 -1.904247550168391631e-02 -2.754919908018659686e-02
3.102464496753154479e-11 1.292753651703382257e-09 4.994664069761740067e-09 9.147831162921150319e-09 8.244793997728971549e-09 -5.168551183523701095e-09 -3.749020359501297995e-08 -9.087078066693664607e-08 -1.614425960986508721e-07 -2.402788540584715349e-07 -3.173453654112424246e-07 -3.872677387840532417e-07 -4.544454915295188336e-07 -5.346793081164741756e-07 -6.514807773048308198e-07 -8.274614385219936898e-07 -1.073921778527139323e-06 -1.383574413679417847e-06 -1.731005801008470331e-06 -2.083292991174911999e-06 -2.415661088679592635e-06 -2.736582306259656426e-06 -3.063448047371168231e-06 -3.540321037912956446e-06 -4.096673005699589397e-06 -4.472988273670924966e-06 -5.434878660827846310e-06 -6.452143081488092912e-06 -7.530411413233200599e-06 -8.557434573911617049e-06 -9.529301459943047384e-06 -1.054071790706094443e-05 -1.177960110655583428e-05 -1.345977840927869438e-05 -1.572476143263405716e-05 -1.856213445579436768e-05 -2.177821634347179715e-05 -2.506450158732807814e-05 -2.814904392664415974e-05 -3.097855442577012608e-05 -3.384404893116734874e-05 -3.736564464929364836e-05 -4.229886359206114400e-05 -4.920907218485957353e-05 -5.814500027746409344e-05 -6.848897434552219136e-05 -7.912906246852048988e-05 -8.897648266416504769e-05 -9.767974411066624330e-05 -1.062215483148121995e-04 -1.170356499842738760e-04 -1.333945814968570719e-04 -1.581135974796978331e-04 -1.920107595765623194e-04 -2.328669264292245974e-04 -2.757047859294874397e-04 -3.148400744435650694e-04 -3.474280193525700511e-04 -3.772936866336319586e-04 -4.170699540058469233e-04 -4.866505553587654694e-04 -6.068698258274039716e-04 -7.894482432217725778e-04 -1.026889667340424687e-03 -1.288287665534557092e-03 -1.527659560120099829e-03 -1.708705944969868230e-03 -1.843934897510832128e-03 -2.036664889673461300e-03 -2.504543974683943065e-03 -3.557312315713224635e-03 -5.503706760440020551e-03 -8.481362083428830786e-03 -1.224169165548544269e-02 -1.598444953909066921e-02 -1.843381891217714744e-02 -1.847006564466189410e-02 -1.684180452171083614e-02 -1.969514519056325338e-02 -4.567605618797266481e-02 -1.365734077436961957e-01 -3.903507737286961432e-01 -9.462791557073907400e-01 -2.401875680552602699e+00 -4.144069230060606124e+00 -1.536153736251120883e+01 3.251831601515907888e+00 -2.031900728292523866e+02 7.124287509016088507e+02 -5.325527032344901272e+03 2.325058763461790295e+04 -5.355788245934435508e+03 7.167195923249777252e+02 -2.070424048442368417e+02 2.626509806713569706e+00 -1.608699814718695720e+01 -4.472055742403688861e+00 -2.592239845380161611e+00 -1.037533168371724157e+00 -4.320342289915560241e-01 -1.531777488697657064e-01 -5.214811136141137005e-02 -2.213225049783593482e-02 -2.550141700535117975e-02
7.997330876435489390e-11 -4.486337642385955117e-11 -3.108287282466858769e-10 -1.545439758972000776e-09 -5.542512282051435159e-09 -1.567897474063444475e-08 -3.664376281212057587e-08 -7.312498841199823918e-08 -1.276864241793668222e-07 -1.988805163550216677e-07 -2.810043074651351146e-07 -3.664275184019840251e-07 -4.501653788705367643e-07 -5.348218495617502433e-07 -6.331224024856256662e-07 -7.657113245410657248e-07 -9.538835291267885029e-07 -1.209642400251943275e-06 -1.528288153536052165e-06 -1.886161501221855758e-06 -2.257211316993526167e-06 -2.597901535977782540e-06 -2.986571283196194890e-06 -3.322928269081223615e-06 -3.378461810220939743e-06 -3.978471145834991468e-06 -4.714189547654882670e-06 -5.676809815730547427e-06 -6.767129362108823798e-06 -7.888692615159871073e-06 -8.957444953742498816e-06 -9.965228832080712376e-06 -1.101000374106097659e-05 -1.228199683594073846e-05 -1.399762386886307258e-05 -1.630200191984707765e-05 -1.918272781999940863e-05 -2.244445861473243363e-05 -2.577607969039018680e-05 -2.890340661031565292e-05 -3.177266278846577327e-05 -3.467689718422731985e-05 -3.824043993183041918e-05 -4.322369192668654283e-05 -5.019539576509414127e-05 -5.920427739929131310e-05 -6.962871503782647957e-05 -8.035023283823801725e-05 -9.027394759562780023e-05 -9.904633380388329757e-05 -1.076546305807033046e-04 -1.185435404333893308e-04 -1.349994825416504763e-04 -1.598486109952791429e-04 -1.939108790602750844e-04 -2.349569626775984766e-04 -2.779897464176171382e-04 -3.173040223629122725e-04 -3.500451261060827162e-04 -3.800502218461736964e-04 -4.199898149865746526e-04 -4.898124811690043314e-04 -6.104041183847634102e-04 -7.935068252860155540e-04 -1.031594865752878069e-03 -1.293678956342156653e-03 -1.533668166204090605e-03 -1.715187261636648072e-03 -1.850774390494375893e-03 -2.043943106712016716e-03 -2.512707547666119794e-03 -3.567264367366559594e-03 -5.516718520283360981e-03 -8.498739237737980290e-03 -1.226421462995280418e-02 -1.601174855701183522e-02 -1.846403596912171013e-02 -1.850035819968067971e-02 -1.687045064328054206e-02 -1.972614466871127487e-02 -4.572735390982304166e-02 -1.366893048732228388e-01 -3.906229734497915773e-01 -9.468628239194991636e-01 -2.403082391873556656e+00 -4.146163696827528611e+00 -1.536608370578623450e+01 3.247531377144583065e+00 -2.032130514504956693e+02 7.124498984291736861e+02 -5.325696874989484968e+03 2.325056651955298003e+04 -5.355627370918590714e+03 7.166938969594382343e+02 -2.070232241761522687e+02 2.629078506210905442e+00 -1.608358731617883919e+01 -4.470550338555810299e+00 -2.591359750535406015e+00 -1.037131811037963924e+00 -4.318477957880610951e-01 -1.533452743663807349e-01 -5.135983816116219958e-02 -2.811155490859513009e-02
9.293632539787421958e-11 -1.441714944601467878e-09 -6.043943216636402377e-09 -1.373004586165430490e-08 -2.287407814310082514e-08 -3.245559173867878690e-08 -4.424467176888419314e-08 -6.366603069542269086e-08 -9.829029488276704029e-08 -1.543426749860473888e-07 -2.329944998061738368e-07 -3.287893540300704709e-07 -4.318062273494329323e-07 -5.333071358873391017e-07 -6.324529607828909730e-07 -7.404526170859651688e-07 -8.789679665094613288e-07 -1.072611663077407553e-06 -1.336031107235465496e-06 -1.671836784138522340e-06 -2.038124536982012814e-06 -2.476098492369975024e-06 -2.826292674985894520e-06 -2.804171752936791969e-06 -3.180824678540060636e-06 -3.581886831569184694e-06 -4.177315538335201477e-06 -4.980102112097394400e-06 -5.983030561802996913e-06 -7.114543824398621296e-06 -8.272900333390091138e-06 -9.375187215856360830e-06 -1.041343324419685724e-05 -1.148703799028292197e-05 -1.278838438946388124e-05 -1.453614554582178457e-05 -1.687687259057769090e-05 -1.979808256264391558e-05 -2.310275838708836506e-05 -2.647720965883644550e-05 -2.964504793421422009e-05 -3.255199950150542624e-05 -3.549306868366632598e-05 -3.909666115743623977e-05 -4.412790232688955735e-05 -5.115880067491735214e-05 -6.023806456890341436e-05 -7.074022247976534069e-05 -8.154042814280577662e-05 -9.153786231571308535e-05 -1.003770228432419647e-04 -1.090495688937321634e-04 -1.200108605940603679e-04 -1.365608318929074862e-04 -1.615362379531039641e-04 -1.957588571829137929e-04 -2.369894302889409836e-04 -2.802115399936492873e-04 -3.196995750846493380e-04 -3.525892498194774911e-04 -3.827295464920046995e-04 -4.228276715877541270e-04 -4.928856691302695115e-04 -6.138396836519239468e-04 -7.974528359166984173e-04 -1.036170446812412693e-03 -1.298922355657445866e-03 -1.539512015632960463e-03 -1.721490277391158220e-03 -1.857424765662820786e-03 -2.051019561626195916e-03 -2.520646165679629822e-03 -3.576946683896672051e-03 -5.529385013828466526e-03 -8.515663365605271456e-03 -1.228615623330677094e-02 -1.603834379916397809e-02 -1.849346779613542102e-02 -1.852984921340043029e-02 -1.689832038330675579e-02 -1.975630483718603808e-02 -4.577734137515306057e-02 -1.368024042003089247e-01 -3.908887735713849620e-01 -9.474328953724845404e-01 -2.404261113756906099e+00 -4.148209466193930162e+00 -1.537052523763922451e+01 3.243333892849413758e+00 -2.032355121195382424e+02 7.124706136609154328e+02 -5.325862997678295869e+03 2.325054608547783937e+04 -5.355469926821991066e+03 7.166687803989332224e+02 -2.070044393567431200e+02 2.631599447668837133e+00 -1.608024687208832404e+01 -4.469077739898407842e+00 -2.590512795446139105e+00 -1.036720429430161738e+00 -4.319237931079275561e-01 -1.524299595927244011e-01 -5.793719460632745094e-02
6.365067354558389341e-11 -2.262590889234549989e-09 -9.555748551247422861e-09 -2.161832084406581220e-08 -3.509253387560657340e-08 -4.615187947876590466e-08 -5.384856692617219035e-08 -6.246607569262789932e-08 -8.117647127707178239e-08 -1.206739874386247538e-07 -1.881165461700717060e-07 -2.829242064214405603e-07 -3.960112161796462923e-07 -5.136377414667927072e-07 -6.248337736489473498e-07 -7.290526868177092318e-07 -8.404337314281614936e-07 -9.834922893555751859e-07 -1.190700284642387523e-06 -1.459901940893678879e-06 -1.859709399765485126e-06 -2.235261818231764940e-06 -2.275137396464122128e-06 -2.666053026495215952e-06 -2.979502275401626084e-06 -3.348644698002937665e-06 -3.810381243619066113e-06 -4.439951473427093804e-06 -5.278834180063621568e-06 -6.315781451532977167e-06 -7.480468418617874318e-06 -8.670232031783704798e-06 -9.801595919695274726e-06 -1.086669209386418672e-05 -1.196607229261600762e-05 -1.329408992098521216e-05 -1.507151542067994052e-05 -1.744622709243670854e-05 -2.040561779218570020e-05 -2.375101165985239483e-05 -2.716619302189144630e-05 -3.037261520560627267e-05 -3.331550803367613092e-05 -3.629176439947992685e-05 -3.993374023669081724e-05 -4.501114282886430225e-05 -5.209914517381999065e-05 -6.124642826236616525e-05 -7.182376762575169325e-05 -8.270011439063179115e-05 -9.276887248962574397e-05 -1.016726192594751720e-04 -1.104073216652012043e-04 -1.214387199177129257e-04 -1.380799071196979781e-04 -1.631779549455519417e-04 -1.975564050419443922e-04 -2.389663019462252543e-04 -2.823724085762125487e-04 -3.220292292352296918e-04 -3.550631147903644683e-04 -3.853345943174580745e-04 -4.255866836761898128e-04 -4.958735760948653620e-04 -6.171804008079473207e-04 -8.012907308008605485e-04 -1.040621578038108085e-03 -1.304023806639524998e-03 -1.545197789537825200e-03 -1.727622293809562889e-03 -1.863893837633771519e-03 -2.057902633366097325e-03 -2.528369144165244341e-03 -3.586370309493179098e-03 -5.541720173453480724e-03 -8.532152544581521683e-03 -1.230753956444283898e-02 -1.606426332355324893e-02 -1.852214606662473673e-02 -1.855857168804041918e-02 -1.692544650002246118e-02 -1.978566106706716732e-02 -4.582607053666782476e-02 -1.369128094322106248e-01 -3.911484028216212772e-01 -9.479898485235922490e-01 -2.405412821686525149e+00 -4.150208233092508081e+00 -1.537486555898830254e+01 3.239235508015188003e+00 -2.032574721622908385e+02 7.124909096437805829e+02 -5.326025521320099870e+03 2.325052630332167246e+04 -5.355315805353209726e+03 7.166442225316499162e+02 -2.069860401422863276e+02 2.634069074056078819e+00 -1.607698178510485576e+01 -4.467671317441183731e+00 -2.589663406729646677e+00 -1.036850996743830189e+00 -4.299949515186617388e-01 -1.659553455274564993e-01
9.152010741159941317e-12 -2.213269861893425052e-09 -9.542501083026337809e-09 -2.213004073610963497e-08 -3.704676487474078960e-08 -5.020286616112639894e-08 -5.925069023525035092e-08 -6.618802947295884171e-08 -7.815003245638733939e-08 -1.055871658546027954e-07 -1.582343365865618594e-07 -2.405066983752123160e-07 -3.486009440324084016e-07 -4.712344072466545288e-07 -5.944311963454052729e-07 -7.092803671501366597e-07 -8.173156066814935509e-07 -9.400209434806204195e-07 -1.085905000878553990e-06 -1.352277212391610735e-06 -1.627888936977553742e-06 -1.640397977996619566e-06 -2.056911200769442743e-06 -2.424336859413490783e-06 -2.808419758343088121e-06 -3.179939553849824819e-06 -3.579338168293324697e-06 -4.071674605036296645e-06 -4.729416801433164440e-06 -5.596709361501776069e-06 -6.662489811429054952e-06 -7.855994291883395628e-06 -9.073592119779849403e-06 -1.023102550043068293e-05 -1.132041290409611566e-05 -1.244333603274584321e-05 -1.379599794008587757e-05 -1.560115735283494336e-05 -1.800794507846522293e-05 -2.100360626575091517e-05 -2.438783380955072369e-05 -2.784194407698105346e-05 -3.108528254564797515e-05 -3.406258852001666925e-05 -3.707258432837293302e-05 -4.075146081173990493e-05 -4.587337484483433684e-05 -5.301657042860931124e-05 -6.222969419032026162e-05 -7.287986241170837627e-05 -8.382998409933128091e-05 -9.396783802986364653e-05 -1.029341343129186437e-04 -1.117290408865072743e-04 -1.228284145006175150e-04 -1.395581703508146391e-04 -1.647754278397997011e-04 -1.993054351209218409e-04 -2.408897696651243487e-04 -2.844748336285166947e-04 -3.242957392523876554e-04 -3.574697168844898293e-04 -3.878685812905381452e-04 -4.282703073385881907e-04 -4.987799827515241235e-04 -6.204305244378757701e-04 -8.050254216837018570e-04 -1.044953988246251483e-03 -1.308989928607855310e-03 -1.550732949243888766e-03 -1.733591470481983272e-03 -1.870190333382346992e-03 -2.064601674502834772e-03 -2.535886897254973661e-03 -3.595547643140638121e-03 -5.553739720753453693e-03 -8.548227247680048602e-03 -1.232839081584690896e-02 -1.608953893375924052e-02 -1.855010667403739558e-02 -1.858656312446968148e-02 -1.695186653876424102e-02 -1.981425428388933555e-02 -4.587360073939154154e-02 -1.370206348885729120e-01 -3.914021043147680734e-01 -9.485341779266719398e-01 -2.406538499137828246e+00 -4.152161678913473430e+00 -1.537910817455753687e+01 3.235232693073899934e+00 -2.032789481892161518e+02 7.125107988292961636e+02 -5.326184561894946455e+03 2.325050714474939014e+04 -5.355164904965710775e+03 7.166201990405064635e+02 -2.069680299437344217e+02 2.636465268784603300e+00 -1.607389255285744767e+01 -4.466253900381118136e+00 -2.590360261957492582e+00 -1.031445467826454188e+00 -4.687445775035724016e-01
-4.084988002159359029e-11 -1.419473819175317181e-09 -6.418581999368406444e-09 -1.584108607996915180e-08 -2.882391663499561995e-08 -4.327735827214353257e-08 -5.715044964448113776e-08 -7.012235717634109813e-08 -8.501092266193858067e-08 -1.080555179954441904e-07 -1.475036601547065239e-07 -2.106650814487640278e-07 -3.004988447414275921e-07 -4.133246653672604423e-07 -5.397623699865345898e-07 -6.673336181489320322e-07 -7.935060117973156059e-07 -9.036800633422083183e-07 -1.081986496279300761e-06 -1.231098532890077177e-06 -1.119269621651240055e-06 -1.433630213352173150e-06 -1.763707002872592735e-06 -2.173856202357645050e-06 -2.598651038605940953e-06 -3.012574795994941747e-06 -3.412850252003551535e-06 -3.836769078635877912e-06 -4.352361486962572776e-06 -5.033393453747137932e-06 -5.924992716173345575e-06 -7.016198995903295954e-06 -8.235591165620001443e-06 -9.478489889508387510e-06 -1.065979650026393165e-05 -1.177155905355414642e-05 -1.291631575794464395e-05 -1.429203181976451842e-05 -1.612336983551016246e-05 -1.856065530459760513e-05 -2.159097209249038086e-05 -2.501241379458313927e-05 -2.850388740922500617e-05 -3.178268216850865379e-05 -3.479305669236708613e-05 -3.783551137421523665e-05 -4.154996726350160594e-05 -4.671490905130051000e-05 -5.391156475577598464e-05 -6.318853934219212875e-05 -7.390937625929292810e-05 -8.493109197280333280e-05 -9.513598316786700071e-05 -1.041629459085965909e-04 -1.130162540583427942e-04 -1.241816391352002587e-04 -1.409975255741447982e-04 -1.663308274946366299e-04 -2.010084406930203490e-04 -2.427626819381251274e-04 -2.865220159560779765e-04 -3.265026239188877446e-04 -3.598128525373123286e-04 -3.903355759201596075e-04 -4.308829525466090259e-04 -5.016098034848603254e-04 -6.235957092185006679e-04 -8.086635492144040368e-04 -1.049175471872523975e-03 -1.313829686791735760e-03 -1.556127487745864128e-03 -1.739408617665795260e-03 -1.876325799953706660e-03 -2.071129270217846475e-03 -2.543213934324285372e-03 -3.604496611533586359e-03 -5.565466835238595984e-03 -8.563917519530559949e-03 -1.234874756025310105e-02 -1.611421488358963719e-02 -1.857739828272618118e-02 -1.861387418263458007e-02 -1.697763353681977158e-02 -1.984214791271756914e-02 -4.592002819333851349e-02 -1.371260544202289045e-01 -3.916502084873678124e-01 -9.490664893143389014e-01 -2.407639243063586232e+00 -4.154071566032066620e+00 -1.538325655885599375e+01 3.231321982281450733e+00 -2.032999562741784700e+02 7.125302924897555386e+02 -5.326340232662235394e+03 2.325048857675729960e+04 -5.355017142216147477e+03 7.165966504986239443e+02 -2.069504618902512902e+02 2.638503433555694055e+00 -1.607075360800821429e+01 -4.469184236467123483e+00 -2.575392774543788121e+00 -1.141005951904951354e+00
-6.058180646673295896e-11 -3.140428093319922426e-10 -1.896949440579066689e-09 -6.221115082725556522e-09 -1.497305458733799101e-08 -2.910768532061998040e-08 -4.815692438995148412e-08 -7.040342232270792675e-08 -9.421282961732937750e-08 -1.199973260143642797e-07 -1.516590303769647849e-07 -1.963642069359165118e-07 -2.621007197487815313e-07 -3.541812148033368690e-07 -4.706929844697513036e-07 -6.083414397124869900e-07 -7.385863221311898893e-07 -9.189110364592102438e-07 -1.031277121383961616e-06 -8.418454466005888521e-07 -1.027233416201925003e-06 -1.221174620275565546e-06 -1.527248910970021639e-06 -1.912155068084340494e-06 -2.351530919211394740e-06 -2.805079949749734321e-06 -3.243221272766488804e-06 -3.665121519560929455e-06 -4.108901925383388130e-06 -4.643909380831054788e-06 -5.345088035381624533e-06 -6.258287442531885707e-06 -7.372534146008434033e-06 -8.615685852394615153e-06 -9.881989793975651650e-06 -1.108549168212232691e-05 -1.221814286190537606e-05 -1.338338883272894108e-05 -1.478088845026241974e-05 -1.663713739627758968e-05 -1.910360583500368166e-05 -2.216720526480532902e-05 -2.562446122840010492e-05 -2.915192932406627483e-05 -3.246489681863786570e-05 -3.550715910927321228e-05 -3.858095486707807979e-05 -4.232984257632269867e-05 -4.753652038226306481e-05 -5.478511247360751303e-05 -6.412416537253283141e-05 -7.491372215482578552e-05 -8.600504557195853394e-05 -9.627509381691080567e-05 -1.053610182553302679e-04 -1.142711326807511964e-04 -1.255008331185327266e-04 -1.424007596230833939e-04 -1.678473624804797623e-04 -2.026690932404054618e-04 -2.445891655644228746e-04 -2.885184903177731228e-04 -3.286547769870725561e-04 -3.620977813561085303e-04 -3.927413196767315915e-04 -4.334310870656709887e-04 -5.043705677019395730e-04 -6.266848776531117179e-04 -8.122156345694946360e-04 -1.053298138313853898e-03 -1.318556561330761845e-03 -1.561395985222990357e-03 -1.745089379836718951e-03 -1.882317480069974330e-03 -2.077505593706285847e-03 -2.550375437164236793e-03 -3.613249787053714971e-03 -5.576943379887525955e-03 -8.579275068552749337e-03 -1.236867010804252980e-02 -1.613835758201434892e-02 -1.860409164826936496e-02 -1.864058252987806780e-02 -1.700284353808565602e-02 -1.986948113780632325e-02 -4.596557601154953321e-02 -1.372294315452127489e-01 -3.918932911289537691e-01 -9.495876528485538426e-01 -2.408716365216750699e+00 -4.155939754583076073e+00 -1.538731414723506674e+01 3.227499717035756444e+00 -2.033205133457475995e+02 7.125493964717155677e+02 -5.326492655941120574e+03 2.325047053732345739e+04 -5.354872517413730748e+03 7.165734179788080382e+02 -2.069339958344991430e+02 2.640820748306694110e+00 -1.607819072752752376e+01 -4.433373132396122962e+00 -2.842234274546378892e+00
-4.153870405808762860e-11 5.931891079051857384e-10 1.931506273324911421e-09 2.271921141375509397e-09 -1.905571249575296576e-09 -1.414623432329471795e-08 -3.593984053766904408e-08 -6.552052812631876784e-08 -9.856360873931340075e-08 -1.307566280860514384e-07 -1.610824120653146825e-07 -1.939696150105208528e-07 -2.391133829335780236e-07 -3.066125915277951690e-07 -4.081871381517130226e-07 -5.267335244692670829e-07 -7.169686758208993918e-07 -8.495196696852801111e-07 -6.747650869295150718e-07 -8.230457175748639263e-07 -9.286767437510820268e-07 -1.103560313591241108e-06 -1.348102292887377031e-06 -1.680493865423472348e-06 -2.092402899340758499e-06 -2.555519556726688763e-06 -3.030853905712281482e-06 -3.488670261874575664e-06 -3.928501225635034420e-06 -4.389197563327485803e-06 -4.941157186271090068e-06 -5.660353566999362887e-06 -6.593248441809066916e-06 -7.728794102805162846e-06 -8.994105168701871091e-06 -1.028235898651576016e-05 -1.150675445465605820e-05 -1.265914039801755461e-05 -1.384383719674914067e-05 -1.526213994069515443e-05 -1.714231058396926163e-05 -1.963691157940606225e-05 -2.273266583432189411e-05 -2.622455944192057930e-05 -2.978685923162288285e-05 -3.313291850217861258e-05 -3.620610669092008785e-05 -3.931037959901199479e-05 -4.309284913263388312e-05 -4.834030556624231364e-05 -5.563965979608935996e-05 -6.503935625865015597e-05 -7.589599324572608144e-05 -8.705522635723648842e-05 -9.738885722711235660e-05 -1.065324223657061737e-04 -1.154982692033206844e-04 -1.267912773955665723e-04 -1.437739856616457345e-04 -1.693320453426649366e-04 -2.042952714535443840e-04 -2.463778617600474253e-04 -2.904735751169754414e-04 -3.307622486477429275e-04 -3.643355822297193259e-04 -3.950984803934659236e-04 -4.359296888668136825e-04 -5.070802294181810978e-04 -6.297193153079720532e-04 -8.157061783560585729e-04 -1.057349186363256604e-03 -1.323199916811884820e-03 -1.566570070922630384e-03 -1.750669068701999872e-03 -1.888207486584368754e-03 -2.083784091062264483e-03 -2.557440998757016994e-03 -3.621896235202222598e-03 -5.588278028194768911e-03 -8.594424640054157058e-03 -1.238829404207737392e-02 -1.616211172397555990e-02 -1.863035036634132224e-02 -1.866690053368976962e-02 -1.702781268619028843e-02 -1.989675028615705069e-02 -4.601100192157465962e-02 -1.373318421087794672e-01 -3.921327489726250670e-01 -9.500993245022451017e-01 -2.409771769163449040e+00 -4.157768541360765013e+00 -1.539128532706601682e+01 3.223758317948317575e+00 -2.033406483859297964e+02 7.125680811159411405e+02 -5.326642027908701493e+03 2.325045276031355024e+04 -5.354731301639531921e+03 7.165487966384351921e+02 -2.069170888800264265e+02 2.616900750769292738e+00 -1.598935671547076787e+01 -5.098768553642367252e+00
4.217650372846543642e-12 9.465718446836795354e-10 3.555971651504985004e-09 6.262367606831471904e-09 5.151956805587722368e-09 -4.363683559437862229e-09 -2.516752054861548756e-08 -5.658272576574924318e-08 -9.423495428178828880e-08 -1.320585864392398786e-07 -1.656829272922623544e-07 -1.960708921469251319e-07 -2.296239458336202113e-07 -2.822832351896310291e-07 -3.500195128580327654e-07 -5.010766524637839591e-07 -6.209128977421859844e-07 -4.688238292714941286e-07 -6.380915037293608713e-07 -7.495321785883415959e-07 -8.870503834888398184e-07 -1.040145806598738090e-06 -1.238134496992667385e-06 -1.506304229223216551e-06 -1.859751868851980110e-06 -2.291924733902447393e-06 -2.774364143980426359e-06 -3.267870728350419853e-06 -3.742492042709643243e-06 -4.197902211012534125e-06 -4.673553002462467292e-06 -5.240775322147691126e-06 -5.976475988595213450e-06 -6.927660573259831370e-06 -8.083174572297859606e-06 -9.369392009406165585e-06 -1.067844553035692941e-05 -1.192271368621379375e-05 -1.309394791418671069e-05 -1.429731338247149151e-05 -1.573567853580943286e-05 -1.763899586983562104e-05 -2.016086212909750928e-05 -2.328779947812938518e-05 -2.681329959003576850e-05 -3.040942849761898553e-05 -3.378769840014180962e-05 -3.689110249606799858e-05 -4.002528374143427600e-05 -4.384079319697651200e-05 -4.912835158385855158e-05 -5.647751676354470404e-05 -6.593658840684499028e-05 -7.685881898308551986e-05 -8.808448146547082330e-05 -9.848048684886529143e-05 -1.076809356606210025e-04 -1.167021815211434483e-04 -1.280583064733338387e-04 -1.451232827100116911e-04 -1.707915005470190606e-04 -2.058939235987518020e-04 -2.481359614894579520e-04 -2.923949193115622791e-04 -3.328337207237264030e-04 -3.665368054812797542e-04 -3.974203032615779589e-04 -4.383951553025969066e-04 -5.097581385435785402e-04 -6.327204510551000900e-04 -8.191575320702012023e-04 -1.061351235506933057e-03 -1.327783432293568912e-03 -1.571677388011551765e-03 -1.756184204980977114e-03 -1.894046922880101690e-03 -2.090034723069518919e-03 -2.564499785613878671e-03 -3.630539317430903513e-03 -5.599579239595788883e-03 -8.609471788605639608e-03 -1.240772416071153801e-02 -1.618560439452156052e-02 -1.865637549509730972e-02 -1.869318181510062210e-02 -1.705313483275618450e-02 -1.992484949747721015e-02 -4.605748331819158742e-02 -1.374346115384247891e-01 -3.923698181135614194e-01 -9.506024562394704835e-01 -2.410806430748379636e+00 -4.159560492155227607e+00 -1.539517967758525963e+01 3.220072320533794663e+00 -2.033604383614869562e+02 7.125862165635808196e+02 -5.326788811488372630e+03 2.325043474985486318e+04 -5.354596127861083005e+03 7.165266455551449098e+02 -2.069474861929977010e+02 2.773092468292089663e+00 -1.718248272445849167e+01
5.164438791479800774e-11 6.777939408083010092e-10 2.620451723896798849e-09 4.772328048338484489e-09 4.265467289674202384e-09 -2.714478857958123483e-09 -1.932190645045706695e-08 -4.644600175993752704e-08 -8.193704416085038065e-08 -1.212264443730759518e-07 -1.596124023200161307e-07 -1.940624121004656182e-07 -2.314627995861733999e-07 -2.641961670079724486e-07 -3.630081183758428868e-07 -4.299353975544036862e-07 -2.502442117478880304e-07 -4.066426794805498728e-07 -5.317241012102147307e-07 -6.910769655493287326e-07 -8.487402618620302569e-07 -1.008102301508368968e-06 -1.182606731371503224e-06 -1.398795256944812950e-06 -1.684273045384331314e-06 -2.054692692029911018e-06 -2.503782718116954343e-06 -3.002882203207431173e-06 -3.512400844686935802e-06 -4.002096893808903583e-06 -4.471715531758696315e-06 -4.961229785181024471e-06 -5.542809603048322279e-06 -6.294203752599820319e-06 -7.262898539061354249e-06 -8.437619713426702320e-06 -9.744042621813840828e-06 -1.107333304860454431e-05 -1.233712453435389234e-05 -1.352710091296046884e-05 -1.474922898557054336e-05 -1.620783948081971372e-05 -1.813443812080542560e-05 -2.068355754279912814e-05 -2.384152056265294824e-05 -2.740045034754692838e-05 -3.103043011117003413e-05 -3.444135426918519983e-05 -3.757595852513605900e-05 -4.074150464530019284e-05 -4.459172191284618695e-05 -4.992090265728380840e-05 -5.732096818667353365e-05 -6.684004916784312700e-05 -7.782838972824667812e-05 -8.912152406341725792e-05 -9.958219184765277764e-05 -1.088435146653858582e-04 -1.179257469001718039e-04 -1.293514133728306101e-04 -1.465047406957303822e-04 -1.722878062872547616e-04 -2.075324768739111186e-04 -2.499364322482046505e-04 -2.943628744570734820e-04 -3.349607554550020267e-04 -3.688095096859477428e-04 -3.998366732002806619e-04 -4.409826991436313626e-04 -5.125850723780443936e-04 -6.358916573216435953e-04 -8.227917922601951824e-04 -1.065544776256062550e-03 -1.332574440332736851e-03 -1.577032951713435620e-03 -1.762029898039812461e-03 -1.900347932704734991e-03 -2.096915647894353595e-03 -2.572363528407208000e-03 -3.640124225229044407e-03 -5.611888530168259760e-03 -8.625535026694405513e-03 -1.242821253051536352e-02 -1.621042041621051019e-02 -1.868447142511697745e-02 -1.872300443935956751e-02 -1.708425504232636075e-02 -1.996147078982694889e-02 -4.611479717122334010e-02 -1.375486671486074453e-01 -3.926151099804188749e-01 -9.511067551455000268e-01 -2.411833218073772933e+00 -4.161348632509894507e+00 -1.539909600143947621e+01 3.216167820635291275e+00 -2.033805375617552329e+02 7.126021737935315059e+02 -5.326935728318651854e+03 2.325040549459098474e+04 -5.354460339599260806e+03 7.163465227401968605e+02 -2.064123903283951051e+02 -1.255842265258080070e+00
7.648124283020414844e-11 -1.137042114472315213e-12 -6.798309441414866284e-11 -6.545853466729890799e-10 -2.769623099274577029e-09 -8.197328326508168369e-09 -1.925656655665766403e-08 -3.812320103934103868e-08 -6.581221619681211215e-08 -1.015725528243539132e-07 -1.419218714279821112e-07 -1.875385944003096558e-07 -2.215733261850633710e-07 -3.029524802643024891e-07 -3.333585845691225628e-07 -1.129119801368777904e-07 -2.151563815108099456e-07 -3.019851581164387387e-07 -4.481536974488841741e-07 -6.179169300654185228e-07 -7.986045852756702343e-07 -9.769151572502786982e-07 -1.153065853160999079e-06 -1.342567104202617865e-06 -1.572732847532551457e-06 -1.872016622493786518e-06 -2.256545950833050914e-06 -2.720116809248934830e-06 -3.233762419021383777e-06 -3.757416975690488206e-06 -4.260480703955422778e-06 -4.742710435385708502e-06 -5.244554088510469535e-06 -5.838992178241830999e-06 -6.604605710170048648e-06 -7.589364137985165761e-06 -8.781874796525377468e-06 -1.010710034354820337e-05 -1.145520272634842528e-05 -1.273701546965895551e-05 -1.394409948003586322e-05 -1.518319093257563289e-05 -1.666009053474446544e-05 -1.860790341268262073e-05 -2.118215828954373250e-05 -2.436901240457391951e-05 -2.795918928057124578e-05 -3.162067884413265916e-05 -3.506159255187416051e-05 -3.822425026262554260e-05 -4.141745627392399135e-05 -4.529817483784441003e-05 -5.066445039009083819e-05 -5.811078775459905773e-05 -6.768527129688939965e-05 -7.873503028160877451e-05 -9.009047106538738072e-05 -1.006095712895296786e-04 -1.099238955818193414e-04 -1.190573092315994557e-04 -1.305409821505087152e-04 -1.477700819678855529e-04 -1.736552501718179845e-04 -2.090297947442408836e-04 -2.515833035062797806e-04 -2.961633107913608579e-04 -3.369022533708842040e-04 -3.708718722558016520e-04 -4.020094996971739854e-04 -4.432856625358693424e-04 -5.150815613612352980e-04 -6.386860996566698151e-04 -8.260057600031201061e-04 -1.069276182807343562e-03 -1.336855185391459637e-03 -1.581808878735114056e-03 -1.767187003473494637e-03 -1.905797333661356230e-03 -2.102725836043164986e-03 -2.578897432285173069e-03 -3.648111792117515999e-03 -5.622356159621789973e-03 -8.639538495706415577e-03 -1.244638861726980045e-02 -1.623248611730815361e-02 -1.870895382606619153e-02 -1.874764871362988652e-02 -1.710772667529589924e-02 -1.998708339944516021e-02 -4.615719842268752732e-02 -1.376439755965957190e-01 -3.928382137039235222e-01 -9.515846941776412438e-01 -2.412822183785597208e+00 -4.163067739219928676e+00 -1.540283966026368923e+01 3.212615234049120083e+00 -2.033995695403763477e+02 7.126195888106973371e+02 -5.327076978607134151e+03 2.325038954949443723e+04 -5.354338354815801722e+03 7.163632608704858740e+02 -2.066904765654258256e+02
6.694523494789495733e-11 -7.380038661624114654e-10 -3.092676815244331879e-09 -7.080907102123499202e-09 -1.193106778522127473e-08 -1.716240479175364631e-08 -2.364559749131827081e-08 -3.400774050135582928e-08 -5.201997893295518017e-08 -8.029014072656738343e-08 -1.222768344921915065e-07 -1.605977327570102331e-07 -2.493928741413358462e-07 -2.812366543915776483e-07 -5.715628862355273884e-08 -1.232399009372327893e-07 -1.592146360729251855e-07 -2.508719577095747210e-07 -3.805765569133716524e-07 -5.478963443135773694e-07 -7.391281940804864885e-07 -9.382768044151036450e-07 -1.133505791280105718e-06 -1.325185592078777526e-06 -1.529276683038806104e-06 -1.773613334484980925e-06 -2.087241385847042466e-06 -2.486806744449269200e-06 -2.966409620915294746e-06 -3.497091639069844007e-06 -4.038527501133553465e-06 -4.559731242620116401e-06 -5.060157834305985140e-06 -5.580238292426780882e-06 -6.193325227042804587e-06 -6.978710134468749207e-06 -7.985204862412157196e-06 -9.202094677022489168e-06 -1.055458431497582027e-05 -1.193252118659194991e-05 -1.324598083351747798e-05 -1.448566694932559219e-05 -1.575783010536831234e-05 -1.726856953636213428e-05 -1.925222799208221216e-05 -2.186627834293026470e-05 -2.509892287893881631e-05 -2.874224464966863377e-05 -3.246426374104309010e-05 -3.597163835385648768e-05 -3.920429982935248698e-05 -4.246891755807279616e-05 -4.642202514191051639e-05 -5.186402735580793682e-05 -5.939467106279515656e-05 -6.906890906379845041e-05 -8.023996072750502599e-05 -9.174083317737556132e-05 -1.024268610314475823e-04 -1.119221765745536203e-04 -1.212416561491484832e-04 -1.329113222437673842e-04 -1.503306840679897592e-04 -1.764273001040400852e-04 -2.120619837916841183e-04 -2.549543897225253005e-04 -2.999724503003411437e-04 -3.412477102278700940e-04 -3.758252428280724157e-04 -4.075984969637528200e-04 -4.495000931151716360e-04 -5.219120585730742607e-04 -6.461925251917197263e-04 -8.343948712106647207e-04 -1.078953245380824934e-03 -1.348409782364901012e-03 -1.595910912333105844e-03 -1.784406800467398194e-03 -1.926418424377714014e-03 -2.126672973850324191e-03 -2.605924936461498972e-03 -3.678360604999212930e-03 -5.657264371885823741e-03 -8.682884379231399843e-03 -1.250500269480195152e-02 -1.631597752849619706e-02 -1.882783034345153136e-02 -1.890965976540938745e-02 -1.731339608939699501e-02 -2.022754852785046964e-02 -4.642108378839237409e-02 -1.379452871217805021e-01 -3.932885481648457637e-01 -9.525368342675151201e-01 -2.415192802426213259e+00 -4.168757979138744574e+00 -1.541634292405707818e+01 3.184288555419173772e+00 -2.034628307470030393e+02 7.124822819538862859e+02 -5.327219808555838426e+03 2.324846653299374520e+04 -5.347966503981439018e+03 6.678462993614780316e+02
3.219658908494065483e-11 -1.152465792662046827e-09 -4.854978079109693355e-09 -1.097490437834720079e-08 -1.780982750674810463e-08 -2.344223742745117511e-08 -2.741994758710714263e-08 -3.199347924288130226e-08 -4.146535062751186536e-08 -6.300352212590001206e-08 -8.943853088383892443e-08 -1.785611536184710383e-07 -2.140462941475390219e-07 -9.396836939967864039e-09 -7.481832917106001530e-08 -9.376539293709787988e-08 -1.450587814328071828e-07 -2.171565573091534448e-07 -3.234371251033211747e-07 -4.674677202647464252e-07 -6.453530778871879569e-07 -8.445192316754702462e-07 -1.048948998889880001e-06 -1.247303911148682662e-06 -1.440736748841083101e-06 -1.646110401651265779e-06 -1.891887630593768469e-06 -2.207124688151857965e-06 -2.607753576532395773e-06 -3.086682157110367114e-06 -3.613820599874776134e-06 -4.148379171510438886e-06 -4.659936745137076872e-06 -5.149415784555464582e-06 -5.658964543167757595e-06 -6.262957465728316385e-06 -7.040216536252929763e-06 -8.037404125209270442e-06 -9.240634497380166362e-06 -1.057226830933323346e-05 -1.192111373025348449e-05 -1.319885855275628814e-05 -1.440007544536618607e-05 -1.563540699050321083e-05 -1.711338184374451720e-05 -1.906670438703962574e-05 -2.164663756405161128e-05 -2.483238365696792535e-05 -2.840795700263392564e-05 -3.203843012130701392e-05 -3.543516562622321480e-05 -3.854948834330576167e-05 -4.170118098112672475e-05 -4.555411515303849003e-05 -5.090349343006310212e-05 -5.832912934969100262e-05 -6.785629608788949915e-05 -7.881048733124515449e-05 -9.001318344268171982e-05 -1.003342282181559942e-04 -1.094368088358269563e-04 -1.183833987609564191e-04 -1.297290448921963556e-04 -1.468562087498025235e-04 -1.726161401484125170e-04 -2.077477988261654414e-04 -2.498469225700932026e-04 -2.937164035561648490e-04 -3.335334660761186780e-04 -3.665088721402321933e-04 -3.967639820482254638e-04 -4.373970430913451217e-04 -5.087388496809105987e-04 -6.317658343511060610e-04 -8.178289023892229602e-04 -1.058530528799110854e-03 -1.321812425757785915e-03 -1.560867019943855882e-03 -1.739593378425821060e-03 -1.872199461153508781e-03 -2.065055848638544522e-03 -2.539120969541843690e-03 -3.605679582274568494e-03 -5.570810774313650349e-03 -8.563552667000954785e-03 -1.232131942724295180e-02 -1.602883203901283790e-02 -1.840335355284300825e-02 -1.833952208102531192e-02 -1.663535477627583678e-02 -1.952810792691101263e-02 -4.578386654278601697e-02 -1.372818064712467145e-01 -3.919319602108318201e-01 -9.484528730840103838e-01 -2.403162796927596823e+00 -4.138533036827221956e+00 -1.533942252106979787e+01 3.325593294980039971e+00 -2.029812008465697204e+02 7.125164724902624585e+02 -5.321190687499220076e+03 2.322828531136463062e+04 -5.191132093631003045e+03
-2.429764334012694767e-11 -1.350662626084790273e-09 -5.861238877043914459e-09 -1.370716698054681490e-08 -2.325566686730405306e-08 -3.213807280477160430e-08 -3.898807522943446996e-08 -4.482522927010754026e-08 -5.468438584504052275e-08 -7.083286878873262969e-08 -1.268580805626685641e-07 -1.023639881811751184e-07 7.855153758379104424e-08 -3.939303921436652584e-09 -5.304268303860811455e-08 -1.272333081913032290e-07 -2.046186491675866710e-07 -2.938952722801628239e-07 -4.059864341500088262e-07 -5.547276261689685767e-07 -7.488481759254535697e-07 -9.868241083127542276e-07 -1.255836274050130783e-06 -1.536689984220962017e-06 -1.813376642908998540e-06 -2.083323871364732291e-06 -2.363119352931932521e-06 -2.685687609209245320e-06 -3.088429164717352904e-06 -3.596472692973380870e-06 -4.208658501925308278e-06 -4.894248946571319458e-06 -5.604621315768174194e-06 -6.297386137339121553e-06 -6.963337582433536085e-06 -7.642833685052557568e-06 -8.420568707368023524e-06 -9.396250489230423039e-06 -1.064066913852106598e-05 -1.215662904739452827e-05 -1.386647113059892706e-05 -1.563960184542266771e-05 -1.735593494627152452e-05 -1.898140623364248224e-05 -2.061928003358280608e-05 -2.250394811876831147e-05 -2.492519585765553270e-05 -2.810392085325771625e-05 -3.207151506021796477e-05 -3.661808414198248547e-05 -4.135695072670292550e-05 -4.590614267831940595e-05 -5.012607777408872444e-05 -5.430491830727248240e-05 -5.917782488068641341e-05 -6.571760462024336545e-05 -7.473678730507096095e-05 -8.645287020268845014e-05 -1.002397758972542019e-04 -1.147658537882777918e-04 -1.285812428764563406e-04 -1.410045744426377653e-04 -1.529405510849121967e-04 -1.671664271593438175e-04 -1.877318678225652559e-04 -2.184537999172066821e-04 -2.609748115641876776e-04 -3.132708904784266063e-04 -3.696510569702019682e-04 -4.229311544268557228e-04 -4.686163521573067747e-04 -5.097750666719437539e-04 -5.602594875491930925e-04 -6.437153240509170668e-04 -7.867445376772550696e-04 -1.006997845876359335e-03 -1.300222469281379998e-03 -1.633289412336532331e-03 -1.951480873119794575e-03 -2.205713566010552434e-03 -2.398627803164275936e-03 -2.637369799361855439e-03 -3.168481364616774609e-03 -4.361807415016025549e-03 -6.611018060590540153e-03 -1.013809184444445718e-02 -1.473240235218802735e-02 -1.952802059713036609e-02 -2.303663363821890214e-02 -2.380083753113315312e-02 -2.227560117863812070e-02 -2.481007591552057689e-02 -5.167952841815088433e-02 -1.495677978107471662e-01 -4.274364370126385038e-01 -1.049759664460555575e+00 -2.651778704989224966e+00 -4.765775191481867346e+00 -1.646729869999562368e+01 -5.622717736595332916e-01 -2.031324102629509412e+02 6.646210854568577133e+02 -5.164571324826072669e+03 2.201019836616420071e+04
