6.906724054251094640e+04 -1.379791550952788748e+04 2.541306318633296542e+03 -4.930370879331805440e+02 8.377472449499521190e+01 -1.847423836401468122e+01 1.791067658422438313e+00 -1.159769650270226826e+00 -2.415605602488067327e-01 -1.959409264233981374e-01 -8.404055638285842789e-02 -3.733439716857670648e-02 -1.066737183258001202e-02 5.164325208093296276e-04 3.862185678983823343e-03 3.332294780835761035e-03 1.577367407664226470e-03 -3.490972231753162758e-05 -9.677805389717523271e-04 -1.192271459012002191e-03 -9.477150913166560754e-04 -5.159257760748346905e-04 -1.233214477435606187e-04 1.140180959879770527e-04 1.812591111500914845e-04 1.278836597925683946e-04 2.708858750874349686e-05 -6.051959395734604928e-05 -1.025907318945710637e-04 -9.660943374741176311e-05 -5.997766862655171360e-05 -1.632745636528629455e-05 1.548420462434956516e-05 2.724360478505386137e-05 2.115102534018032022e-05 5.681064208316385747e-06 -9.590558766123077119e-06 -1.812004420339017100e-05 -1.807409735473989749e-05 -1.167345251908919463e-05 -3.174345789217254015e-06 3.482681634657440080e-06 6.151927973305099636e-06 4.894380517069644365e-06 1.366138597711782613e-06 -2.294555460374147393e-06 -4.445872087091136655e-06 -4.520299414454552121e-06 -2.962182845108975993e-06 -7.966037575142352866e-07 9.450774876077630068e-07 1.665220924974129018e-06 1.331560829779452195e-06 3.662406574033955536e-07 -6.523122278693429226e-07 -1.264687769920241089e-06 -1.295640978723652567e-06 -8.614952920992791433e-07 -2.454760848871255917e-07 2.566648453801215688e-07 4.693391739278442418e-07 3.800204836744050279e-07 1.056976875568371441e-07 -1.872956067474328429e-07 -3.674081555150626927e-07 -3.827755024220956611e-07 -2.648397879227823124e-07 -9.319595190753468803e-08 5.020086172563868601e-08 1.160384569000049150e-07 1.003952314763935088e-07 3.361055317024289763e-08 -4.148887505914611206e-08 -9.110615124728995919e-08 -1.020004192020261439e-07 -8.060112568294553782e-08 -4.422054675812692345e-08 -1.024084473603458382e-08 1.104895664433372888e-08 1.770691745927416572e-08 1.361347061039347013e-08 4.182740944951483731e-09 -6.426161491629936531e-09 -1.584593708574382988e-08 -2.279679847086142394e-08 -2.581303820333225064e-08 -2.354920899352924905e-08 -1.560855374511836734e-08 -3.659469130181169957e-09 8.394275382370695691e-09 1.591428110754628737e-08 1.548916511936175897e-08 7.053736352518544272e-09 -5.822356806992980304e-09 -1.733293777188345976e-08 -2.208000486432470579e-08 -1.779096154961831284e-08 -6.333224578090317388e-09 7.014149911367341579e-09 1.616555596664442293e-08 1.714180505243418456e-08 9.655844409118058814e-09 -1.470639167776778421e-09 -1.677384193378018621e-08
-9.132163504039210238e+03 2.742919738930500898e+04 -6.236767012142207932e+03 1.021053739253014783e+03 -2.279156589888744122e+02 2.662192706719056190e+01 -1.151889332818898026e+01 -1.107704200301982134e+00 -1.399707429278890025e+00 -5.509487052324975043e-01 -2.936701941857585152e-01 -1.264776803047907849e-01 -4.843631493921805170e-02 -1.154290605411794658e-02 2.321788718705719481e-03 5.165543032336617629e-03 3.518332226117671345e-03 8.957030787587630469e-04 -1.113023192688889244e-03 -2.050246836356456239e-03 -2.061180666365242629e-03 -1.525841035871419553e-03 -8.299142480102955242e-04 -2.464970434417236155e-04 9.866324259207186523e-05 2.040630209577732376e-04 1.438598109826624057e-04 1.526385173166188680e-05 -1.010418733538909127e-04 -1.606137498038808376e-04 -1.567483412644383772e-04 -1.089249456260207546e-04 -4.687055164088813747e-05 3.596431666958400289e-06 2.870415090782878984e-05 2.801816736403217061e-05 1.067463126624695411e-05 -1.080112285456802275e-05 -2.605778977405935769e-05 -3.016915215452214139e-05 -2.398450475537641135e-05 -1.222936771007403506e-05 -6.695823218898489206e-07 6.413171056954783901e-06 7.524034055088307269e-06 3.872589916509933571e-06 -1.745204650307554874e-06 -6.424670112288538894e-06 -8.327759348216811256e-06 -7.176790908728867718e-06 -4.014806897796786962e-06 -4.944566357715803289e-07 1.924482168263870312e-06 2.530558200929990036e-06 1.497258638262059008e-06 -3.660304212287716822e-07 -2.072419239410768909e-06 -2.898192101660372388e-06 -2.630117195734131752e-06 -1.556582376713923277e-06 -2.535613361590522778e-07 7.087650425829793472e-07 1.003454860769993980e-06 6.412105389649614288e-07 -9.324473458445062934e-08 -8.080445530270167249e-07 -1.187675634980600510e-06 -1.113598581204498377e-06 -6.814809645145944734e-07 -1.255825085181542296e-07 3.036869289513649749e-07 4.491246519691239300e-07 2.992711202430325912e-07 -2.924472063199657869e-08 -3.614403985442322745e-07 -5.476849438997088430e-07 -5.242099207289106901e-07 -3.276565372926554900e-07 -6.453985184402879572e-08 1.447918148574519859e-07 2.201732665853517873e-07 1.505190032936867148e-07 -1.095120861712207975e-08 -1.786666810836239384e-07 -2.761974403123998621e-07 -2.681587058364945351e-07 -1.701055861804560896e-07 -3.496799722544862674e-08 7.488135283746790745e-08 1.160638455188255537e-07 8.067965034462950873e-08 -4.761455774904011184e-09 -9.524617436473000537e-08 -1.492524465833499979e-07 -1.464601376957734265e-07 -9.403018605312717897e-08 -2.011653596725836335e-08 4.100889426598619213e-08 6.471043401703701006e-08 4.562706497758879836e-08 -2.111864839126391639e-09 -5.410758484980392645e-08 -8.345196183102042721e-08 -9.724026291191213731e-08
1.436812046769740391e+03 -4.933414802329788472e+03 2.451162958177458495e+04 -5.751791887492418937e+03 8.701427943162365182e+02 -2.186208002300517137e+02 1.566486492170774625e+01 -1.395581862583372335e+01 -2.915368615600229418e+00 -2.196133311412935107e+00 -9.458351127860322727e-01 -4.574672783110831920e-01 -1.813630301575749892e-01 -5.547150210850733398e-02 -3.231933212458580878e-03 1.119983827569898636e-02 9.513388859652424992e-03 3.175182096204886423e-03 -2.349501178228322659e-03 -5.225333629345118962e-03 -5.564877376306805352e-03 -4.304746430235779214e-03 -2.488929474089923537e-03 -8.927290063201822083e-04 1.001554454405285304e-04 4.530964277624819031e-04 3.465406258174218092e-04 3.535768787634431206e-05 -2.619929013332057796e-04 -4.209784546127768603e-04 -4.170905893209958179e-04 -2.973599680390006002e-04 -1.377569913719485365e-04 -5.626336143952726730e-06 6.234460302171021431e-05 6.412535781500059730e-05 2.255301289054169098e-05 -3.043702614201763130e-05 -6.836086502677845428e-05 -7.851260138990662012e-05 -6.287102066864361032e-05 -3.327382790199046454e-05 -4.149468782167971167e-06 1.379775975084060413e-05 1.687087460398576424e-05 8.110987087086044353e-06 -5.528192599437237359e-06 -1.685889820038324842e-05 -2.137250076244859537e-05 -1.841393896034654900e-05 -1.056759892660221922e-05 -1.886762503339438622e-06 4.075050977653502544e-06 5.605359468215748268e-06 3.149377760491335095e-06 -1.314861468683204375e-06 -5.394659789198193774e-06 -7.345901917887957675e-06 -6.662781145972274048e-06 -4.045756459806925942e-06 -8.816592284607434396e-07 1.461631928894669549e-06 2.202286991043468460e-06 1.365631003574554325e-06 -3.687691234485432079e-07 -2.066056713252669082e-06 -2.972070008969756944e-06 -2.799465262888374116e-06 -1.770206142836498029e-06 -4.367896377297728716e-07 6.057414066157649357e-07 9.793660689528320656e-07 6.492374785901657249e-07 -1.152592957768615463e-07 -9.020984059847951756e-07 -1.354090448537752798e-06 -1.312743784610010632e-06 -8.562404891841284157e-07 -2.309096422897667612e-07 2.789520610422362970e-07 4.785229344343813934e-07 3.335940124790775003e-07 -3.725385319861247082e-08 -4.347747332895764620e-07 -6.759399607349982983e-07 -6.707020325863293910e-07 -4.483696254604321286e-07 -1.291289461690779212e-07 1.399834076658621662e-07 2.523285487236846849e-07 1.827974857846452167e-07 -1.158519962110340231e-08 -2.267683286093016972e-07 -3.627591452457087162e-07 -3.666614128297810723e-07 -2.499625898281517004e-07 -7.572199566989988514e-08 7.512399529302605851e-08 1.412625907519030284e-07 1.054405846940920934e-07 -2.758576971705223886e-09 -1.272612020417346984e-07 -2.019665807736448312e-07 -2.466975277755347188e-07
-2.392107476840405980e+02 7.558596084488139013e+02 -4.883033241267571611e+03 2.391193198364468844e+04 -5.642465990908625827e+03 8.190398325756176519e+02 -2.193101450658015779e+02 1.032889898061602096e+01 -1.564110155320129536e+01 -3.931989819349345439e+00 -2.631733506619013951e+00 -1.129607823877246453e+00 -5.136130979037794031e-01 -1.861015988221981221e-01 -4.523904627292815034e-02 5.844634929141629548e-03 1.437680584630766228e-02 7.413555636532765357e-03 -1.722028367174795139e-03 -7.625165871263985158e-03 -9.334490432734748183e-03 -7.957799672611346603e-03 -5.176952530650861216e-03 -2.408812543039105195e-03 -4.692881520172419445e-04 4.273049011096864214e-04 4.864381770871457357e-04 9.733827944124379442e-05 -3.655010448617217688e-04 -6.595768522970311704e-04 -7.047330135603707387e-04 -5.488349643584358771e-04 -3.031627660207830417e-04 -7.875855033310014326e-05 5.504298751215739324e-05 8.336069778376642479e-05 3.463818648721099129e-05 -4.300017869268363073e-05 -1.055205568574334618e-04 -1.283708996745891060e-04 -1.101822742682156519e-04 -6.673233044034894965e-05 -2.006364875183277652e-05 1.189770234708693414e-05 2.139539500154961441e-05 1.140640061647400586e-05 -8.154688158961116918e-06 -2.604000664496302362e-05 -3.446644727354475812e-05 -3.142425309261036228e-05 -2.015033621900279881e-05 -6.626565091257541114e-06 3.472111039697698170e-06 7.039301106026370760e-06 4.273373157003163205e-06 -2.083543361557901318e-06 -8.389069666910140016e-06 -1.177938295478250262e-05 -1.119625874377572274e-05 -7.471947394487997874e-06 -2.618854856275875839e-06 1.233447126870425854e-06 2.751999422932708100e-06 1.815852896378103088e-06 -6.485432875893090066e-07 -3.240013038948433771e-06 -4.754396565571697149e-06 -4.658139574905534241e-06 -3.199769893839709712e-06 -1.173669469221773111e-06 5.076219844144411897e-07 1.221014493413195581e-06 8.524530094072438024e-07 -2.343378322855330494e-07 -1.427246776695117300e-06 -2.165195663337153924e-06 -2.170309158766431594e-06 -1.524145314419825946e-06 -5.792446699220903765e-07 2.321658346039402577e-07 5.958072579881733477e-07 4.339642833943704685e-07 -9.413059491435775360e-08 -6.939065782708882028e-07 -1.081196939718305043e-06 -1.103628682640625179e-06 -7.888067256569750714e-07 -3.083079256812240537e-07 1.157528690469326188e-07 3.138737570279631126e-07 2.361503259143478944e-07 -4.117711020338133314e-08 -3.647722260946436282e-07 -5.806302946633142403e-07 -6.012938824077301151e-07 -4.358640078937114673e-07 -1.742910869165732435e-07 6.167686596093038755e-08 1.755763249662143946e-07 1.354001157579286034e-07 -1.928668013032242114e-08 -2.064760350417313248e-07 -3.231405966134823644e-07 -4.079693690561536327e-07
3.962071810599998400e+01 -1.400573534124064849e+02 7.166122608175562618e+02 -4.981521801254947604e+03 2.368680730020678675e+04 -5.591582276679292590e+03 7.920226528129358030e+02 -2.200112346633264906e+02 7.250687835621551613e+00 -1.660358611555076536e+01 -4.477569604027563877e+00 -2.836647322554605388e+00 -1.197414836451711873e+00 -5.211889378263022676e-01 -1.770051121839945896e-01 -3.711245835548501737e-02 7.842988842305508718e-03 1.108405204873211605e-02 1.567333501457048375e-03 -7.577517288358866926e-03 -1.197485966930037123e-02 -1.175120650669700569e-02 -8.777468398794804547e-03 -5.071170350126641933e-03 -2.030828354631947653e-03 -2.510437524897139337e-04 3.253439674590114677e-04 1.164438722530166781e-04 -3.829752829705545115e-04 -7.952612748631643618e-04 -9.398748186200166568e-04 -8.175060385908624553e-04 -5.390714942116574000e-04 -2.430844125488684586e-04 -3.288211396314707347e-05 5.143749499713684201e-05 2.843759131865254011e-05 -4.960984417861296443e-05 -1.266295558301198151e-04 -1.650683527973039702e-04 -1.547577358496307631e-04 -1.088249807786271503e-04 -5.187232860705630718e-05 -6.998978148827409061e-06 1.310325381764780238e-05 8.611618185687485883e-06 -1.066818018274899067e-05 -3.157304049728840856e-05 -4.366581361894184861e-05 -4.278239251676182152e-05 -3.123875776216964345e-05 -1.537819123974021074e-05 -2.050899932752828794e-06 4.332893719320061809e-06 3.110748728727892969e-06 -3.137737470698406424e-06 -1.032151966055459645e-05 -1.483746418039276569e-05 -1.496466690342438210e-05 -1.120589319002639504e-05 -5.641265807250184568e-06 -7.514705278098652980e-07 1.702998696978767506e-06 1.293605883896466050e-06 -1.134264593594558345e-06 -4.043423034668705009e-06 -5.975050260855740620e-06 -6.151886880894532196e-06 -4.690429792265910416e-06 -2.399560940538907398e-06 -3.197790991120250665e-07 7.598839888034971078e-07 5.993716750998257851e-07 -4.762710207583528957e-07 -1.804304276426828879e-06 -2.720453079150974077e-06 -2.843911051351836688e-06 -2.197840024727981911e-06 -1.138611703404300459e-06 -1.527137321839346677e-07 3.724759584984389857e-07 3.021129066450231629e-07 -2.234246519739181470e-07 -8.876410528513939268e-07 -1.359324566207674074e-06 -1.438037885648087495e-06 -1.123289922876852084e-06 -5.878377979419378050e-07 -7.943423895492211277e-08 1.969859340826094954e-07 1.632255000116543211e-07 -1.142112603857163508e-07 -4.714008549740077125e-07 -7.307721046529538571e-07 -7.803893386779858664e-07 -6.147981576702128187e-07 -3.244118483096912975e-07 -4.428604793183999233e-08 1.104968848596319696e-07 9.284906829821117898e-08 -6.274511012899689650e-08 -2.698501512573976057e-07 -4.065975125785941531e-07 -5.366709448142876433e-07
-6.982432996739551534e+00 1.980502560005829693e+01 -1.487519293957754769e+02 7.111675491488325633e+02 -5.058011391532812013e+03 2.358643640226365824e+04 -5.561802826666502369e+03 7.758837541780405900e+02 -2.201877172518634609e+02 5.448403203894566005e+00 -1.710049664971499439e+01 -4.749210897921863683e+00 -2.918983048109532241e+00 -1.215074631189728249e+00 -5.162259162952742564e-01 -1.709299147214690118e-01 -3.599349609632281760e-02 4.268653921301268639e-03 5.274153167756242232e-03 -4.128827935160097641e-03 -1.178253780366787969e-02 -1.434278672927502898e-02 -1.263982638768254042e-02 -8.831781685943954768e-03 -4.891293851396722771e-03 -1.993757543834952413e-03 -4.796609763002753499e-04 -1.048199956020830762e-04 -3.688116385003330938e-04 -7.872164730434659226e-04 -1.046031130250229223e-03 -1.037953193411005190e-03 -8.148049236279139790e-04 -5.038242635290401082e-04 -2.294626689788132831e-04 -6.510764913534839132e-05 -2.113972068328009090e-05 -6.080652422883960518e-05 -1.288519620757258924e-04 -1.782391178610165047e-04 -1.855406340930021338e-04 -1.527581341982701350e-04 -9.881485871423744598e-05 -4.697304997385843802e-05 -1.412169705547695901e-05 -5.532987421503659565e-06 -1.567493884752377091e-05 -3.313409745391891563e-05 -4.667507992029923614e-05 -4.973145020525072632e-05 -4.192551362218971080e-05 -2.772401446939036772e-05 -1.343379302799854622e-05 -4.143208248084640454e-06 -1.852143523688446391e-06 -5.292427893147299662e-06 -1.114101562212393432e-05 -1.582889893270647219e-05 -1.707916017743563302e-05 -1.459205913753463864e-05 -9.769439055262357354e-06 -4.782228609868328677e-06 -1.497689918614313113e-06 -7.405232934123676643e-07 -2.132160051797680283e-06 -4.468647896778507955e-06 -6.379049581489207695e-06 -6.937259432001256852e-06 -5.977641811623519907e-06 -4.032771612290105923e-06 -1.984863509366899015e-06 -6.269345400478813110e-07 -3.351501524961535215e-07 -9.734524528267708329e-07 -2.033182762288476776e-06 -2.910578904804747635e-06 -3.181619631616750433e-06 -2.756966971972729851e-06 -1.869158714493106567e-06 -9.228761172182419157e-07 -2.933769434303592017e-07 -1.673574267704625894e-07 -4.886349168294992534e-07 -1.016931823846222002e-06 -1.458109635521782008e-06 -1.599630086267862078e-06 -1.391751648939887982e-06 -9.468802941818221605e-07 -4.684418325780141776e-07 -1.496083919785715665e-07 -8.995133681122906028e-08 -2.638058041239440055e-07 -5.474996999750901600e-07 -7.859381323996799164e-07 -8.645408107295284716e-07 -7.544567291076950382e-07 -5.145890310735336132e-07 -2.549279475926856666e-07 -8.185503134730923109e-08 -5.186247190758899963e-08 -1.515046367172045634e-07 -3.177352467898981381e-07 -4.376712572320555099e-07 -6.063384758764376319e-07
1.093771383252133633e+00 -4.901647900095666088e+00 1.623876309222357150e+01 -1.597468995177586351e+02 7.092338130619521053e+02 -5.114870893999946929e+03 2.354364554156660597e+04 -5.543267125440591371e+03 7.656916439794359803e+02 -2.200441996846903976e+02 4.372434738332011683e+00 -1.734390413170347145e+01 -4.882832935334499247e+00 -2.949540166442497835e+00 -1.218061056252703001e+00 -5.124930309707785847e-01 -1.699329331333516435e-01 -3.871654918995597050e-02 -5.500119571740899778e-04 3.119627020893615214e-04 -7.992987514846035604e-03 -1.416730370453934962e-02 -1.548164542815001765e-02 -1.303141211168377077e-02 -8.955841783197571876e-03 -5.055511788402341188e-03 -2.305820774814019893e-03 -9.010545641800942265e-04 -5.343298640783723840e-04 -7.145853080392165334e-04 -1.006074445976966976e-03 -1.148094689036457776e-03 -1.067637209044632919e-03 -8.238463175404862416e-04 -5.295812123438009599e-04 -2.853566385076319769e-04 -1.432826873891171720e-04 -1.026943298722716183e-04 -1.273975926577325282e-04 -1.707082272603785585e-04 -1.964001193898305990e-04 -1.889954132734583312e-04 -1.529869390658811289e-04 -1.046201393386225200e-04 -6.163726723851080001e-05 -3.549406569784460105e-05 -2.832031200325518154e-05 -3.449025335296644439e-05 -4.488195696485708136e-05 -5.144074986352486611e-05 -5.013663868290336051e-05 -4.154717908799554591e-05 -2.943161868044836036e-05 -1.835506449347874692e-05 -1.156391663781412873e-05 -9.907815543641615156e-06 -1.200830262075250031e-05 -1.531815430966922072e-05 -1.743295664775429784e-05 -1.706068881735989368e-05 -1.431811810450168554e-05 -1.037677543665144261e-05 -6.740401805880602096e-06 -4.531017073123852205e-06 -4.080915902644375710e-06 -4.939411525544802139e-06 -6.211324000821649871e-06 -7.020060212556626865e-06 -6.876436547509760990e-06 -5.814898070134308082e-06 -4.281552085289537408e-06 -2.866624924111947683e-06 -2.022504331821818311e-06 -1.890159477486388541e-06 -2.289545265615992045e-06 -2.849979968637649364e-06 -3.201332414160532446e-06 -3.133672152326929677e-06 -2.661836819404987118e-06 -1.982506045586986086e-06 -1.359177954618760018e-06 -9.962578512878213606e-07 -9.582281498091251860e-07 -1.162044648573026703e-06 -1.435007934475485128e-06 -1.603101972569898069e-06 -1.567110577843261887e-06 -1.335042476517241361e-06 -1.003141014876314764e-06 -7.010035105596133511e-07 -5.297293038800308947e-07 -5.211392020593242656e-07 -6.328873075294382843e-07 -7.768610385437047738e-07 -8.639216410336967108e-07 -8.432435593544859009e-07 -7.197149913079760214e-07 -5.445468845435863205e-07 -3.866576902419887179e-07 -3.000999968316957011e-07 -3.007668306178152451e-07 -3.711461187094043720e-07 -4.337453865351904830e-07 -6.227053324065983171e-07
-2.364039800279832404e-01 2.153981643685995984e-01 -6.485095922867237128e+00 1.369908949475213866e+01 -1.682005083366717315e+02 7.087506761636401507e+02 -5.159141350967992366e+03 2.353282308553872281e+04 -5.531980336131469812e+03 7.590649505777931836e+02 -2.197780584101411421e+02 3.707755489134116456e+00 -1.746132374153695466e+01 -4.951779116919230894e+00 -2.960804720582926208e+00 -1.217987990576332225e+00 -5.108894430087211891e-01 -1.708621681070890963e-01 -4.173275392662062488e-02 -4.307450410924052592e-03 -3.056392900257008920e-03 -1.044379416169492931e-02 -1.568418174574234131e-02 -1.632431805086287727e-02 -1.351510015491491461e-02 -9.317102237733479453e-03 -5.409948465190193151e-03 -2.669903217239438624e-03 -1.240791662910962004e-03 -8.108485973976249390e-04 -9.105547575497334976e-04 -1.130665267615828251e-03 -1.227251865677519635e-03 -1.129489579889207630e-03 -8.873791357809252293e-04 -6.004655351066780482e-04 -3.585520971089920092e-04 -2.093258014428036207e-04 -1.539558012103747916e-04 -1.616840018439910437e-04 -1.914166065482985105e-04 -2.100894869611517142e-04 -2.020949148525204200e-04 -1.692773382441838950e-04 -1.243978175765692116e-04 -8.253560158945997811e-05 -5.424406076345961668e-05 -4.249656756495551110e-05 -4.350325547019786638e-05 -4.995697646545637889e-05 -5.480340249206362788e-05 -5.391683290267659416e-05 -4.692728776065840728e-05 -3.635734750871259270e-05 -2.582728441442151031e-05 -1.827829906480504211e-05 -1.490577548763406620e-05 -1.505837032123058854e-05 -1.691289647733406145e-05 -1.847056328242532597e-05 -1.840273902642814880e-05 -1.643546532314908639e-05 -1.322128395309147751e-05 -9.860953237291207170e-06 -7.344065403428779603e-06 -6.154224712071570208e-06 -6.164627281758256684e-06 -6.808270622606968613e-06 -7.397140379888423974e-06 -7.429474209814751373e-06 -6.760864988073655848e-06 -5.594058438073162204e-06 -4.326230572832994771e-06 -3.343511657527336120e-06 -2.857938776033671929e-06 -2.847332852853870187e-06 -3.104493706796484481e-06 -3.355966577999450939e-06 -3.388258667588905072e-06 -3.127155739758552686e-06 -2.644902221776956412e-06 -2.104156839835209570e-06 -1.673085776699546074e-06 -1.452042384056417096e-06 -1.440969909185975671e-06 -1.554828791127904373e-06 -1.672757555828875925e-06 -1.694982331043924415e-06 -1.581961258057668038e-06 -1.361909306761590531e-06 -1.108253077523601231e-06 -9.010612251856612509e-07 -7.913684756856907983e-07 -7.831184806334046527e-07 -8.379987565907213070e-07 -8.977788490583137086e-07 -9.120950207691284242e-07 -8.590250351560846924e-07 -7.505046112977883568e-07 -6.227129494958156583e-07 -5.158865422459143097e-07 -4.638264053804203112e-07 -4.396412561701098267e-07 -6.219106456808011419e-07
1.825425281092404872e-02 -3.158883054410869806e-01 -4.735563859482856963e-01 -8.067127472667753096e+00 1.170750658222307017e+01 -1.745473330457742520e+02 7.091971255859239136e+02 -5.195482118541130149e+03 2.354228246138629038e+04 -5.525941598319061086e+03 7.547179406653608567e+02 -2.195112037636031630e+02 3.279474296337467010e+00 -1.751836778103269410e+01 -4.989254481621590465e+00 -2.963814286195817438e+00 -1.216365459893314904e+00 -5.094181456455914025e-01 -1.715060744920971492e-01 -4.386237876421470588e-02 -6.961752106130664891e-03 -5.502558940974424523e-03 -1.234223267118570062e-02 -1.699872697376826614e-02 -1.717728872166031373e-02 -1.406738281012584121e-02 -9.700615427413863956e-03 -5.706523778441407492e-03 -2.918588929334890465e-03 -1.455226312494772899e-03 -9.947338442343200710e-04 -1.066390420886178733e-03 -1.262193472357436147e-03 -1.338540512887487297e-03 -1.223503771299222975e-03 -9.656131868772122040e-04 -6.637359083549092351e-04 -4.081723134747719051e-04 -2.478095270571175528e-04 -1.848255574231219903e-04 -1.885653766686287908e-04 -2.169695349270998376e-04 -2.353473826043692022e-04 -2.265141209143926274e-04 -1.914119949431991184e-04 -1.428380622996772479e-04 -9.666980293140473306e-05 -6.454398718574252969e-05 -5.027645333081809956e-05 -5.033564743283019201e-05 -5.705088566495648491e-05 -6.261748048689769262e-05 -6.213939215079585410e-05 -5.477800705940789124e-05 -4.303449054602186829e-05 -3.089008595896025009e-05 -2.181208820066167959e-05 -1.743354547564712124e-05 -1.727508301157442417e-05 -1.938277650675788216e-05 -2.142279192700738205e-05 -2.169836903963389541e-05 -1.969512003806286060e-05 -1.603562044820773218e-05 -1.198201959876211361e-05 -8.778523866287695445e-06 -7.132538786499275721e-06 -7.017320099877674247e-06 -7.815528855663418360e-06 -8.680315714813025175e-06 -8.925459443515032325e-06 -8.279075581655420861e-06 -6.920375410549074079e-06 -5.322768772698767349e-06 -4.001775363862201665e-06 -3.288561876442788945e-06 -3.219134921343994226e-06 -3.565837478693928377e-06 -3.974772679633576555e-06 -4.134392096469090114e-06 -3.899546286533945935e-06 -3.326066492260933381e-06 -2.615054968003629406e-06 -2.004374692549253347e-06 -1.660981861966757682e-06 -1.619456741736068886e-06 -1.785954301572315876e-06 -1.996244054842177307e-06 -2.095565350475819683e-06 -2.003161041530117863e-06 -1.736244483028656287e-06 -1.388798771215465313e-06 -1.080383415910645271e-06 -9.009393566277628642e-07 -8.756495392048692695e-07 -9.623190936042781709e-07 -1.078114573643629555e-06 -1.140406536201036825e-06 -1.102314113280240076e-06 -9.687471554822433777e-07 -7.861674338365086791e-07 -6.271970410279712161e-07 -5.049812480384471301e-07 -6.700423534296514758e-07
-1.375510812403287278e-02 -7.078800918443491075e-02 -6.325477838821017551e-01 -1.105511548245201814e+00 -9.336663200903796422e+00 1.021556690294141490e+01 -1.794073515154639153e+02 7.102623199145851913e+02 -5.226804854717879607e+03 2.356606126640614457e+04 -5.523995829269077149e+03 7.519161730360084448e+02 -2.193034749365066602e+02 2.994256699336304006e+00 -1.754526946400681098e+01 -5.008984023154201104e+00 -2.961864241510734352e+00 -1.213101762776289672e+00 -5.073555714620188173e-01 -1.716270552034414310e-01 -4.544911757286032583e-02 -9.146510809783653384e-03 -7.619689120080416767e-03 -1.404179902180994512e-02 -1.818912971067593656e-02 -1.792518410563547979e-02 -1.450508140359536326e-02 -9.961986515177531643e-03 -5.893117015253085920e-03 -3.089723369404009500e-03 -1.633145065915615757e-03 -1.176863438925968702e-03 -1.238755721958004034e-03 -1.410255130080676931e-03 -1.453773730234758947e-03 -1.305550596418147448e-03 -1.020941471943244069e-03 -7.023199837887318707e-04 -4.397954844315512830e-04 -2.792874225643997830e-04 -2.188383561296228426e-04 -2.241241494030585799e-04 -2.509984807410423503e-04 -2.645919476029949340e-04 -2.490387503263900870e-04 -2.072387247582517826e-04 -1.536781066111253926e-04 -1.050396083297110763e-04 -7.272775619287974078e-05 -5.956764516362863734e-05 -6.079927313382987609e-05 -6.780431403203441567e-05 -7.242495706112102435e-05 -7.002918982766712477e-05 -6.043412333155211521e-05 -4.684648312692760896e-05 -3.370198714995838228e-05 -2.452434998837421369e-05 -2.064566804946180490e-05 -2.110897094617793547e-05 -2.352986416193622100e-05 -2.535981225490946652e-05 -2.495565918638041156e-05 -2.205821278359969116e-05 -1.760690625503917640e-05 -1.309848192597195549e-05 -9.842208677178411824e-06 -8.438073771259337329e-06 -8.649633093434774209e-06 -9.650617913479121276e-06 -1.047384866381686716e-05 -1.043924117710010374e-05 -9.386436429816812020e-06 -7.648787008297248241e-06 -5.824292852066151777e-06 -4.473863657230887038e-06 -3.885790707124238121e-06 -3.994835346181207831e-06 -4.464716151743527678e-06 -4.873036976836112212e-06 -4.904018854255224547e-06 -4.465988353628421887e-06 -3.695374038419262111e-06 -2.862583988328362342e-06 -2.234737822986635570e-06 -1.960107758044387981e-06 -2.020489426790015286e-06 -2.262095783222997903e-06 -2.480445917399858862e-06 -2.515340219192917018e-06 -2.313625922797376040e-06 -1.937240768604149990e-06 -1.520466058889573486e-06 -1.201585132681757256e-06 -1.061878008587173831e-06 -1.097284685208533467e-06 -1.230833856615633845e-06 -1.355207658886398166e-06 -1.383226232585805679e-06 -1.283326730192599451e-06 -1.086476922521968413e-06 -8.682823424861988330e-07 -6.861367308111167633e-07 -7.832415087068149894e-07
-2.253566318656124307e-03 -4.335364733249152946e-02 -2.090048247062257225e-01 -9.294249034149943967e-01 -1.610648136909319295e+00 -1.030849623685200989e+01 9.106668470998625864e+00 -1.832507072091220266e+02 7.117444925331500372e+02 -5.254956320719339601e+03 2.360087520234142721e+04 -5.525405839944402032e+03 7.502229083237908753e+02 -2.191783692337250216e+02 2.801649253824423536e+00 -1.755634675864002503e+01 -5.017758385724468972e+00 -2.956938687297409718e+00 -1.208894929673563157e+00 -5.051364024617940318e-01 -1.716912124933742123e-01 -4.692242365783570041e-02 -1.114383351551393418e-02 -9.501571195486573432e-03 -1.548934117133455961e-02 -1.914015787839152757e-02 -1.847179066391540364e-02 -1.479701670317769627e-02 -1.013835612744341461e-02 -6.047365887802511920e-03 -3.263001283845094747e-03 -1.826023346441384880e-03 -1.368678561654665393e-03 -1.405863878002446173e-03 -1.537958822459174627e-03 -1.540426467045328098e-03 -1.360234158789584008e-03 -1.057703756945072276e-03 -7.341453109807437186e-04 -4.745899344668115267e-04 -3.187960997908885941e-04 -2.601007036143269382e-04 -2.622621786502262083e-04 -2.819565932292545469e-04 -2.868096247841837648e-04 -2.636886407012864995e-04 -2.172892698187127143e-04 -1.624281815777265390e-04 -1.148272822916838879e-04 -8.428976275471681515e-05 -7.216811819787990047e-05 -7.291607707647181004e-05 -7.798387404115645618e-05 -7.992756109393812588e-05 -7.504529242273965230e-05 -6.386817737275064821e-05 -4.984010570211300060e-05 -3.714236370726207293e-05 -2.874430297064913280e-05 -2.540558480204740255e-05 -2.581877098503930246e-05 -2.757697642676061126e-05 -2.838841944824987916e-05 -2.698880155149290718e-05 -2.343787403374719553e-05 -1.880739218502052408e-05 -1.451232316186855648e-05 -1.163358976268789813e-05 -1.051533691811737274e-05 -1.075024195085705666e-05 -1.148551684819032883e-05 -1.186095392173279664e-05 -1.137090193855750257e-05 -1.001176177996251484e-05 -8.190717105809445746e-06 -6.476256733409536835e-06 -5.323228728115676901e-06 -4.893323758796229829e-06 -5.031366820490882843e-06 -5.381514652034852288e-06 -5.571073417361498770e-06 -5.372374700997176029e-06 -4.776870628778887162e-06 -3.963512993922995978e-06 -3.191173583285689001e-06 -2.673080746242500567e-06 -2.489888401187133546e-06 -2.573113886646650950e-06 -2.755755169285862026e-06 -2.858395776372400526e-06 -2.768587304801476715e-06 -2.479985135812249905e-06 -2.079962063774861205e-06 -1.698136804746434005e-06 -1.443475342191219961e-06 -1.358902678166250543e-06 -1.410768758995285386e-06 -1.513381013682732099e-06 -1.572674171651043714e-06 -1.530806860680883755e-06 -1.376138591108249498e-06 -1.196057265105692092e-06 -8.898010825771283812e-07 -1.259328517349494855e-06
-1.378251866019814280e-03 -1.562927788850313610e-02 -9.997136747666050816e-02 -3.301901225413365615e-01 -1.161037331635992098e+00 -1.994312726834969407e+00 -1.105777737430365626e+01 8.266541239725318846e+00 -1.863994479698975795e+02 7.135227310684996382e+02 -5.281138195225899835e+03 2.364481082422819236e+04 -5.529670284753520718e+03 7.493668401511690718e+02 -2.191429215310158440e+02 2.671877506768705945e+00 -1.755989420698711001e+01 -5.020221937575484183e+00 -2.950901981965547094e+00 -1.204663058825283128e+00 -5.032094958582663535e-01 -1.718946930933619999e-01 -4.831121203235554107e-02 -1.288730606852081344e-02 -1.105752647748530632e-02 -1.662667068629401779e-02 -1.985346738543233153e-02 -1.887375753742238579e-02 -1.502764289649539606e-02 -1.030867192892190309e-02 -6.218015444215570058e-03 -3.448751868700591829e-03 -2.013591764195983742e-03 -1.536539916554757398e-03 -1.538573345326922550e-03 -1.632147256447642877e-03 -1.603496208321783479e-03 -1.404925192239621151e-03 -1.096078067593239495e-03 -7.735603878672037007e-04 -5.166542574156168886e-04 -3.608585693733513435e-04 -2.979703770682012561e-04 -2.927431420662456887e-04 -3.042386979884573119e-04 -3.024599115540957004e-04 -2.756110337381119553e-04 -2.283398321777416575e-04 -1.743458635147330919e-04 -1.278552423351455908e-04 -9.749373799121632453e-05 -8.416993321795419359e-05 -8.264930636310337134e-05 -8.515196091434845585e-05 -8.503354948743593693e-05 -7.906699420714033920e-05 -6.778614909891328758e-05 -5.424755090802723621e-05 -4.208821603545050919e-05 -3.383438691438852360e-05 -3.007300336769564352e-05 -2.961876191142435977e-05 -3.037635150383707287e-05 -3.038671365677038784e-05 -2.859053798791277620e-05 -2.505546981730930696e-05 -2.069083719878713989e-05 -1.667479141295790678e-05 -1.389010957420073877e-05 -1.260055197214051001e-05 -1.245251808116954512e-05 -1.273713487893368874e-05 -1.275194605118222825e-05 -1.209172458389968591e-05 -1.075992687615117989e-05 -9.087026936657314374e-06 -7.525735209155167046e-06 -6.431608286592583569e-06 -5.924389012076537827e-06 -5.874722903740207291e-06 -5.999876662393905238e-06 -6.009169515592959118e-06 -5.728579913678361547e-06 -5.154770453678740672e-06 -4.427144093071914898e-06 -3.743071171239574725e-06 -3.261927747355429868e-06 -3.040784197355158294e-06 -3.024457734093778198e-06 -3.085785819198335808e-06 -3.090975989581157104e-06 -2.958149346976492363e-06 -2.684680664247192222e-06 -2.336189818029871343e-06 -2.007509350214048699e-06 -1.776550998912735152e-06 -1.672279395393805700e-06 -1.668100290878306417e-06 -1.702932469575198448e-06 -1.703355555995247298e-06 -1.661445845613336617e-06 -1.443020613465234872e-06 -1.609064425227492292e-06 -9.375462111348770209e-07
-2.292548355526811325e-04 -5.685982061769208687e-03 -3.525945471630623218e-02 -1.449368581291927138e-01 -4.199320519982027156e-01 -1.335373389503565100e+00 -2.290119724904416731e+00 -1.165351343219267832e+01 7.611577283306989017e+00 -1.890651869571034638e+02 7.155304839287711047e+02 -5.306156966737656148e+03 2.369670293985470198e+04 -5.536436171733188530e+03 7.491707802211843727e+02 -2.191982484718798219e+02 2.585509325276787340e+00 -1.756145342217018879e+01 -5.019661478562633228e+00 -2.945019183487272763e+00 -1.200857198842375739e+00 -5.016145928318129776e-01 -1.721261426398854599e-01 -4.949131195119507720e-02 -1.431156366133893784e-02 -1.230090513564950985e-02 -1.752931464520263855e-02 -2.043109467534887091e-02 -1.922262775359244794e-02 -1.525318186701060848e-02 -1.048713193939211988e-02 -6.386721386821683777e-03 -3.614424250501619643e-03 -2.167441583435455749e-03 -1.667777981285146951e-03 -1.642148992456016849e-03 -1.710328609300739528e-03 -1.663323430801997562e-03 -1.454293436615432559e-03 -1.140675195823979277e-03 -8.157034734236109485e-04 -5.559060555312632899e-04 -3.955971706224674627e-04 -3.269367819710561601e-04 -3.159007456083062510e-04 -3.227679635795125757e-04 -3.181366823606188057e-04 -2.900199024623615436e-04 -2.423275697409958630e-04 -1.879139117346313433e-04 -1.404456970972844118e-04 -1.084579716614506625e-04 -9.317221007691907158e-05 -8.983763668483705481e-05 -9.106599482656565863e-05 -9.034158423771626492e-05 -8.428316482162369480e-05 -7.309944274790139667e-05 -5.952108134725483436e-05 -4.700121447899491397e-05 -3.808048199424434995e-05 -3.351784496713320662e-05 -3.235355512507572250e-05 -3.266013406742139221e-05 -3.252033384758344203e-05 -3.078880758650542464e-05 -2.737468489959142318e-05 -2.303584202869598426e-05 -1.887122557832310334e-05 -1.578076183477338852e-05 -1.411999693140414346e-05 -1.365015897551466752e-05 -1.374557726560985034e-05 -1.372211040028090568e-05 -1.312782094482483694e-05 -1.188309472493373409e-05 -1.024003423626692665e-05 -8.611440419409283376e-06 -7.363965003547327626e-06 -6.667916402081549929e-06 -6.456472987075425200e-06 -6.492016735973920272e-06 -6.493471060639705763e-06 -6.260715278677034902e-06 -5.744232087370333842e-06 -5.039839351086296278e-06 -4.322804369731934301e-06 -3.759094029942415187e-06 -3.434774199745009764e-06 -3.330580269383892516e-06 -3.345402632175578493e-06 -3.351089841419133374e-06 -3.250656749136166242e-06 -3.014530675928710318e-06 -2.682725749705508432e-06 -2.337097155594628550e-06 -2.059309924361822747e-06 -1.897211218887178766e-06 -1.840391220806046409e-06 -1.872130855710245227e-06 -1.815357381626271280e-06 -2.053712733163684299e-06 -1.789509901075663123e-06 6.701304372213535613e-07
7.449870408012455620e-05 -1.161740478917599019e-03 -1.009840283244137563e-02 -4.749936544232553209e-02 -1.754357139245606712e-01 -4.864077619663837448e-01 -1.471912471070739636e+00 -2.527509307283125395e+00 -1.214312015814451406e+01 7.088186298199896207e+00 -1.913865631955474669e+02 7.177325763627072774e+02 -5.330573255137673186e+03 2.375581636862904998e+04 -5.545449878197056023e+03 7.495137693571418822e+02 -2.193433180629214689e+02 2.529426950823516318e+00 -1.756450418299951721e+01 -5.018022921741306597e+00 -2.939822825282646157e+00 -1.197513094452230531e+00 -5.002224477774589451e-01 -1.722818308658771169e-01 -5.044693080484611430e-02 -1.548264168608324068e-02 -1.333988108753245833e-02 -1.830290764399909037e-02 -2.094467740944292583e-02 -1.954526911868973565e-02 -1.546360282241843187e-02 -1.064528299049774182e-02 -6.526053119036383590e-03 -3.746606757855508799e-03 -2.291628525083851814e-03 -1.779082937096007101e-03 -1.736889064965313869e-03 -1.787872655056104007e-03 -1.725653934938411798e-03 -1.504645678126935232e-03 -1.182280787003356327e-03 -8.510993354097469779e-04 -5.867976088059897923e-04 -4.230377101284350273e-04 -3.515665623410733258e-04 -3.381081830875753698e-04 -3.427605844811733174e-04 -3.359797117109369598e-04 -3.057002913595609933e-04 -2.558528605854479992e-04 -1.994115180036635691e-04 -1.502105851359326677e-04 -1.169186670075860531e-04 -1.007866579274742678e-04 -9.696622763490310752e-05 -9.788133523541187909e-05 -9.681509456452767708e-05 -9.025200833261303097e-05 -7.838022296192216415e-05 -6.401800769881202922e-05 -5.076305284893717617e-05 -4.128667988903179676e-05 -3.640728934437547769e-05 -3.513285197557128423e-05 -3.543354502747510124e-05 -3.526964379938420948e-05 -3.340660462444503903e-05 -2.973107211096096447e-05 -2.504614838289368346e-05 -2.053548444481383269e-05 -1.718115594219384051e-05 -1.538220988722556980e-05 -1.488958197171972438e-05 -1.502348345118032869e-05 -1.502979306035593288e-05 -1.440249657687525188e-05 -1.304512693800602149e-05 -1.123293807304606250e-05 -9.426957698261353058e-06 -8.042992265541151677e-06 -7.279596881636030851e-06 -7.067021573478836688e-06 -7.138060522292877783e-06 -7.171072867487186015e-06 -6.933195907524437525e-06 -6.363341663763067167e-06 -5.569583854363264570e-06 -4.755225979734558959e-06 -4.115948794908092614e-06 -3.755880902122446953e-06 -3.655356864740428335e-06 -3.696420909034633295e-06 -3.726683386627954139e-06 -3.628898122206356139e-06 -3.365780305844437269e-06 -2.983984928956599305e-06 -2.583750646563316349e-06 -2.259940115921233979e-06 -2.099862495083172292e-06 -1.989116370382504013e-06 -2.294133807948356414e-06 -2.159886376868246447e-06 -6.258358959117144307e-08 -3.751972687091289035e-08
1.467034030680119722e-04 2.976113790782568833e-04 -4.361559909519494320e-04 -1.075066349173070014e-02 -5.441772696408077314e-02 -1.981701055476794981e-01 -5.399564517071143710e-01 -1.584577911439336573e+00 -2.724536213112503713e+00 -1.255584846615852612e+01 6.662671581332490156e+00 -1.934575134950323161e+02 7.201098374326455769e+02 -5.354790547553155193e+03 2.382167547947368075e+04 -5.556525954777323022e+03 7.503108469593001928e+02 -2.195758718809290428e+02 2.494942261729068189e+00 -1.757094474003770657e+01 -5.016308627045032331e+00 -2.935476026075584777e+00 -1.194598574631622778e+00 -4.989941592006953419e-01 -1.723902755867073866e-01 -5.126207944568538649e-02 -1.650080416594844682e-02 -1.425450975264323447e-02 -1.898894172704754940e-02 -2.139864682185209366e-02 -1.982380579288113912e-02 -1.563708035686987505e-02 -1.077114877603618445e-02 -6.639048342610096368e-03 -3.860285007535177101e-03 -2.405311865222046173e-03 -1.885776371176654115e-03 -1.829466140761548329e-03 -1.862495461961667957e-03 -1.782602327770773515e-03 -1.547358514376088578e-03 -1.215598449034664295e-03 -8.795515856296927523e-04 -6.134665265625560476e-04 -4.491884009092053523e-04 -3.769458190814376614e-04 -3.616394008713399999e-04 -3.633105422294762065e-04 -3.529282624111281116e-04 -3.191711766685059260e-04 -2.666043831422939170e-04 -2.085025968534989197e-04 -1.586110553597222484e-04 -1.252196809434569301e-04 -1.091018980159409442e-04 -1.050269400091112201e-04 -1.052557498808102460e-04 -1.031466469642086241e-04 -9.542139211646972618e-05 -8.254120100823523836e-05 -6.751406254016536590e-05 -5.397806058568918624e-05 -4.450033032067015351e-05 -3.971338583626416737e-05 -3.844433607075178015e-05 -3.855937822665966933e-05 -3.802165284746113688e-05 -3.568804736894965206e-05 -3.157314845263005544e-05 -2.658480257712595159e-05 -2.194664133049273672e-05 -1.860732772310712892e-05 -1.688250772086552514e-05 -1.643113021383959125e-05 -1.651243231126786620e-05 -1.636368289229358491e-05 -1.551905881712214067e-05 -1.394726410314363495e-05 -1.198231181047364377e-05 -1.011289192220750222e-05 -8.743090969955602185e-06 -8.030008904709600467e-06 -7.853957836181410361e-06 -7.911683340990677998e-06 -7.873123110180973915e-06 -7.524845076871750187e-06 -6.841239931506889015e-06 -5.964538954490254076e-06 -5.116095036772333342e-06 -4.487402894677744232e-06 -4.160391995820329265e-06 -4.086778652539703611e-06 -4.126678020477987589e-06 -4.121339258679344709e-06 -3.963498152083446624e-06 -3.637779276916053349e-06 -3.206447157346199497e-06 -2.808319989841776529e-06 -2.436397382686001090e-06 -2.543440657798006751e-06 -2.366659625833872286e-06 -3.995783835157127204e-07 -5.456278675932257594e-07 -3.881928794301927858e-07
1.059817830470677802e-04 5.308964178941029963e-04 1.860482743528455492e-03 1.500098912104437607e-03 -1.061990990890853553e-02 -6.041555815508266314e-02 -2.180290764514968282e-01 -5.858654308190428539e-01 -1.680289928431030644e+00 -2.891236660801997704e+00 -1.291041661585809841e+01 6.312223132223637734e+00 -1.953448489459317727e+02 7.226512691494762066e+02 -5.379107947795155269e+03 2.389396902347730793e+04 -5.569526426238368003e+03 7.515013195774411088e+02 -2.198929217720758231e+02 2.476320125985513432e+00 -1.758177740957756896e+01 -5.015110428552336685e+00 -2.932102072556318717e+00 -1.192166261763490054e+00 -4.979837566391311920e-01 -1.725212761886398272e-01 -5.200174405184709164e-02 -1.740825338612688247e-02 -1.505949081146775760e-02 -1.958249050363333743e-02 -2.178196878597566527e-02 -2.005279897547787918e-02 -1.577909577485574893e-02 -1.087948926677620790e-02 -6.743670030303600127e-03 -3.969896465740221231e-03 -2.515171735634347348e-03 -1.986411381125297981e-03 -1.913224833247068176e-03 -1.926696734124342574e-03 -1.829555275066883620e-03 -1.582403288458263590e-03 -1.244561787021169954e-03 -9.067392808527429109e-04 -6.407680413559216186e-04 -4.763068675251786637e-04 -4.023562203164244818e-04 -3.837246022160350697e-04 -3.812045536066970561e-04 -3.668232815956824354e-04 -3.301072338089020377e-04 -2.759500737330808514e-04 -2.174061851193056659e-04 -1.676490454103581117e-04 -1.343426056241649896e-04 -1.178387193501321471e-04 -1.128135396642826954e-04 -1.117305248599595604e-04 -1.082995744981318613e-04 -9.956395495985549118e-05 -8.614361012709402120e-05 -7.100176343499488871e-05 -5.757996990329699845e-05 -4.820344011397665452e-05 -4.332497716487103954e-05 -4.171802257339820441e-05 -4.132170390315334149e-05 -4.024602113233435413e-05 -3.749320083725291724e-05 -3.315874210535550270e-05 -2.814117258140462550e-05 -2.358115686750035335e-05 -2.031641023174849374e-05 -1.857471829302842514e-05 -1.798421689685940640e-05 -1.783514910482497786e-05 -1.743520893715390258e-05 -1.639218567900249259e-05 -1.471891598476831582e-05 -1.274852238462517965e-05 -1.092978199247609165e-05 -9.609975408365725158e-06 -8.899143864132020182e-06 -8.659336702759785784e-06 -8.602015554569254700e-06 -8.434166112606660630e-06 -7.982688823670151755e-06 -7.247440422407878281e-06 -6.371757673895261108e-06 -5.556013184100864056e-06 -4.960305725770999970e-06 -4.639628974752016053e-06 -4.534555131316945899e-06 -4.512636317597850388e-06 -4.437432608850702911e-06 -4.220277466949408163e-06 -3.887147206900617892e-06 -3.404657041193437452e-06 -3.264711762376411226e-06 -2.836432424668192476e-06 -7.432084049418314222e-07 -8.322708377612956828e-07 -6.359015366127538876e-07 -8.737671148958893129e-07
4.601425708027302096e-05 3.308884553273795811e-04 1.469791611144983818e-03 3.150936150148154775e-03 2.341077779577973791e-03 -1.190818854644776562e-02 -6.705010553031885701e-02 -2.361672530855155605e-01 -6.257175660592090294e-01 -1.762492649987118520e+00 -3.034148534268128916e+00 -1.322029230870711558e+01 6.020083938510372157e+00 -1.970977486151768403e+02 7.253508328973252901e+02 -5.403752585553848803e+03 2.397249424619533238e+04 -5.584347317819881027e+03 7.530411197585440277e+02 -2.202913518557331258e+02 2.469591591315903223e+00 -1.759762914078904927e+01 -5.014882717408392310e+00 -2.929839601495824564e+00 -1.190287580451575788e+00 -4.972292372353310785e-01 -1.726957190535589881e-01 -5.267262306426950813e-02 -1.820317542037675623e-02 -1.575240827683466530e-02 -2.008726632792195640e-02 -2.210693797083308765e-02 -2.025072666707415647e-02 -1.590887606851847449e-02 -1.098472731491876957e-02 -6.846347855866179166e-03 -4.074088598461815709e-03 -2.615091300458247201e-03 -2.074261560251728677e-03 -1.984269832150697618e-03 -1.980908378949787323e-03 -1.870607339110539604e-03 -1.615412613701687440e-03 -1.273920847878465355e-03 -9.348802917572867537e-04 -6.680610874202026544e-04 -5.017932088907130477e-04 -4.247777030711364548e-04 -4.023504355378231413e-04 -3.961768936717346328e-04 -3.790115491079087268e-04 -3.406642319457718507e-04 -2.858349657240944440e-04 -2.270883190313490460e-04 -1.770797030061955644e-04 -1.431487785589348840e-04 -1.256093219611282999e-04 -1.193363232172074852e-04 -1.170884494788647872e-04 -1.128134657229876869e-04 -1.036366477443156182e-04 -9.009254176448543670e-05 -7.495560604180269632e-05 -6.147360751266356025e-05 -5.185683185229780529e-05 -4.655757027305576913e-05 -4.444302468744704772e-05 -4.358237839952927762e-05 -4.218749091579565943e-05 -3.929231095754343571e-05 -3.494932982949430366e-05 -2.996840422478101959e-05 -2.540085636248737945e-05 -2.203328416294928545e-05 -2.009721884603777217e-05 -1.926963371216378697e-05 -1.890647642109114421e-05 -1.836623123797450138e-05 -1.727164653183918208e-05 -1.561237022669944170e-05 -1.367503528272425406e-05 -1.186189737810887286e-05 -1.049405384403323747e-05 -9.684578867358478838e-06 -9.322674297306093093e-06 -9.155953420915508042e-06 -8.919290724184859127e-06 -8.447662062328463545e-06 -7.727774113193344114e-06 -6.876752862654985443e-06 -6.068718006296929420e-06 -5.449141778295543970e-06 -5.074895119810759691e-06 -4.903852370379218751e-06 -4.819995372645141965e-06 -4.728407054271711104e-06 -4.451222035554751776e-06 -4.359719392752681937e-06 -3.821493844696725969e-06 -1.547717585570076433e-06 -1.354174526267193806e-06 -1.008716858477137610e-06 -9.293233630156747511e-07 -1.322718149200216073e-06
4.277942354845003092e-07 7.585614975519716185e-05 4.602620648696846214e-04 1.518917786239369454e-03 2.949519897518429207e-03 1.515155894467068790e-03 -1.440639302986258287e-02 -7.371604183020838419e-02 -2.522487634916815158e-01 -6.602047948156594126e-01 -1.833819099949265619e+00 -3.158485729736646874e+00 -1.349581320936731643e+01 5.773694884796257476e+00 -1.987529335791517724e+02 7.282059372427726203e+02 -5.428900795592582654e+03 2.405712229303065396e+04 -5.600909922385558275e+03 7.548976286650229213e+02 -2.207683398451388541e+02 2.471856208661271204e+00 -1.761893340154564669e+01 -5.015959213517244386e+00 -2.928769026099092621e+00 -1.188976364850490963e+00 -4.967150053499826412e-01 -1.728961502942628903e-01 -5.326683422586104416e-02 -1.889154942749959182e-02 -1.635143661309837460e-02 -2.052795452768033449e-02 -2.239756167505295784e-02 -2.043494467478801022e-02 -1.603430235569723236e-02 -1.108609888081913374e-02 -6.941214517297539244e-03 -4.166341693395242754e-03 -2.701429095964608638e-03 -2.150035237630595550e-03 -2.046945298574462998e-03 -2.030962004926595028e-03 -1.910666187203153470e-03 -1.648744260996871415e-03 -1.303172560831620305e-03 -9.615080213855774693e-04 -6.924371411550163434e-04 -5.237058957734297849e-04 -4.439706595889030471e-04 -4.188549950200498866e-04 -4.103628290432262122e-04 -3.914299078279309891e-04 -3.518267465875720540e-04 -2.960587754568408609e-04 -2.364671925036815586e-04 -1.855653677111690524e-04 -1.506769149598718971e-04 -1.321985605150034001e-04 -1.251173006936835230e-04 -1.222631064277178805e-04 -1.175784001674735169e-04 -1.081156027791917314e-04 -9.431072328744501598e-05 -7.886283353486152629e-05 -6.499867200213601550e-05 -5.496293414860073102e-05 -4.927245207193169297e-05 -4.685288771396885975e-05 -4.579716057211861909e-05 -4.429748660258589536e-05 -4.133761603310693922e-05 -3.691500260070989820e-05 -3.180474269141872961e-05 -2.705669931675574495e-05 -2.348565510289127883e-05 -2.136423093677547469e-05 -2.040269665229218788e-05 -1.996768934759032252e-05 -1.940290966549378123e-05 -1.829987787601059947e-05 -1.661610625642899409e-05 -1.461950051954495753e-05 -1.271377832634967011e-05 -1.123869655806182671e-05 -1.033279591083518229e-05 -9.905210801278965379e-06 -9.709387359012607390e-06 -9.470590959319280104e-06 -9.004486255544168422e-06 -8.278279840221393804e-06 -7.398155130791721937e-06 -6.539567447376480102e-06 -5.861308728445896359e-06 -5.431660598905640453e-06 -5.245329472111585331e-06 -5.098688419017506914e-06 -5.233013358668171019e-06 -4.895090085247775214e-06 -2.721468002061044270e-06 -2.394376271287225805e-06 -1.793558784295703924e-06 -1.505984444949104616e-06 -1.315966545234007739e-06 -1.797411820804524636e-06
-2.197668169508254187e-05 -9.700574145573935938e-05 -3.267003499950179115e-04 -3.462555035100561970e-04 3.801301062782372494e-04 1.624814592571657791e-03 -7.906794723072015107e-05 -1.707906883280491464e-02 -7.968044742552404802e-02 -2.662382935014712682e-01 -6.903135825106467838e-01 -1.896704429822255067e+00 -3.268442864290836969e+00 -1.374478630056064965e+01 5.563811387290731325e+00 -2.003381096426742829e+02 7.312162580556675948e+02 -5.454692632548220899e+03 2.414777604746921497e+04 -5.619154828526055098e+03 7.570463068053254574e+02 -2.213214526084218505e+02 2.480979622259209982e+00 -1.764593915645464861e+01 -5.018528210732013939e+00 -2.928893194115912202e+00 -1.188203424287848975e+00 -4.964131855010647798e-01 -1.731151011574630916e-01 -5.379749194594798944e-02 -1.949932851232997685e-02 -1.688503602719433616e-02 -2.092699945717740179e-02 -2.266594646915432235e-02 -2.060750297574128267e-02 -1.615099086906005357e-02 -1.117761812836132358e-02 -7.024649719485207520e-03 -4.247227714373966352e-03 -2.778456952608710992e-03 -2.219647491436740200e-03 -2.106391908916992878e-03 -2.079534497796897523e-03 -1.949552254213980391e-03 -1.680190143131900238e-03 -1.329563767148978642e-03 -9.847319780512001162e-04 -7.136326651583674730e-04 -5.433291738070437915e-04 -4.620297455564141087e-04 -4.351748230399563153e-04 -4.247915180266684286e-04 -4.039522358661064424e-04 -3.625910245997061138e-04 -3.053416003212571579e-04 -2.446057343105497101e-04 -1.928829350983571865e-04 -1.574222032000550605e-04 -1.385125055085076437e-04 -1.310333776783899091e-04 -1.277381103797375656e-04 -1.225416365774284293e-04 -1.125191340429636705e-04 -9.816347408182416042e-05 -8.223783006187693179e-05 -6.801323377783362659e-05 -5.774182131591314930e-05 -5.191005605500687784e-05 -4.938973124136316717e-05 -4.821910865482194293e-05 -4.655615945202545565e-05 -4.338184656536464735e-05 -3.871947250001090535e-05 -3.338423458828317005e-05 -2.846146087483860529e-05 -2.478170733322498007e-05 -2.260845282150674964e-05 -2.162383076227268781e-05 -2.116081382480980593e-05 -2.053846899964922857e-05 -1.934201312509222889e-05 -1.754154262441899684e-05 -1.542885817088683617e-05 -1.343120550789617273e-05 -1.190116557459590243e-05 -1.097472249678597924e-05 -1.054553532989784203e-05 -1.034650380515429816e-05 -1.008656783881173087e-05 -9.575948151365238858e-06 -8.788255467413012969e-06 -7.845440631027335440e-06 -6.933695078516602359e-06 -6.244720872943830195e-06 -5.757816903612263545e-06 -5.791234278568970418e-06 -5.583565284800137876e-06 -3.683208454062316334e-06 -3.528464693793976401e-06 -2.968074755317312960e-06 -2.528482938418115114e-06 -2.168536492250550964e-06 -1.861214514790206557e-06 -2.357682445085497019e-06
-2.564510234935219826e-05 -1.654773517756369687e-04 -6.881698701370211153e-04 -1.422918972109379985e-03 -1.827724786183645284e-03 -1.227813713905170781e-03 1.053832763621965726e-04 -1.605426828205047587e-03 -1.941359973669090980e-02 -8.488279664995079798e-02 -2.785985985722836955e-01 -7.171139598502735968e-01 -1.953090494133746802e+00 -3.367108768443425770e+00 -1.397295860577243509e+01 5.383627998681425275e+00 -2.018745982362698896e+02 7.343827786527299395e+02 -5.481241901991638770e+03 2.424441574889182812e+04 -5.639037543930418906e+03 7.594685564543632381e+02 -2.219485791221052580e+02 2.495427866081940227e+00 -1.767874056215308443e+01 -5.022676388396224212e+00 -2.930186921887746543e+00 -1.187945865939014078e+00 -4.963179936566311512e-01 -1.733665720057216975e-01 -5.428881368136130592e-02 -2.005035314910889183e-02 -1.736949860472941642e-02 -2.129110315746607016e-02 -2.291143324902313386e-02 -2.076470545051024505e-02 -1.625629739476297519e-02 -1.125996195383719735e-02 -7.100660425011924050e-03 -4.322415956531587035e-03 -2.851292123894006228e-03 -2.285999974481451192e-03 -2.162810195213926007e-03 -2.124817443953430206e-03 -1.984817948558503277e-03 -1.708016771678857884e-03 -1.352849516803430715e-03 -1.005771794557864304e-03 -7.336635679788402423e-04 -5.625607262543271111e-04 -4.800074957487077240e-04 -4.512591414262148931e-04 -4.385553373249266498e-04 -4.153807184502099391e-04 -3.720646290176641484e-04 -3.134629632761059908e-04 -2.519724486259547914e-04 -1.999041167339060589e-04 -1.642396666351502636e-04 -1.450360772428624140e-04 -1.370548893313045956e-04 -1.330658460121706657e-04 -1.270995853896619398e-04 -1.163790212447793647e-04 -1.015091362639135303e-04 -8.528799816316645892e-05 -7.094096652014822597e-05 -6.062383966461078910e-05 -5.472207405284471656e-05 -5.204276521117201558e-05 -5.061585588566390540e-05 -4.864143120165560335e-05 -4.516717020306505780e-05 -4.027546405465080197e-05 -3.480851864990770582e-05 -2.983900566872776892e-05 -2.615532883955660082e-05 -2.397060417482059513e-05 -2.293042036166570896e-05 -2.235839775975803447e-05 -2.159161871141059995e-05 -2.024923394080625668e-05 -1.833439879750431488e-05 -1.615676675779529665e-05 -1.414015910211979993e-05 -1.261626368676622135e-05 -1.169360144124847689e-05 -1.124426995830012552e-05 -1.099411080092551956e-05 -1.066056591796348471e-05 -1.007388533312110821e-05 -9.222820286212040432e-06 -8.264048762998136481e-06 -7.296942723368571606e-06 -6.825380057435117316e-06 -6.284289041009971770e-06 -4.334101029696199208e-06 -4.289523916345052539e-06 -3.944041009057945371e-06 -3.675157684944505057e-06 -3.319606088313650803e-06 -2.973231897860101979e-06 -2.562067945392529549e-06 -3.068759137576783331e-06
-1.887736077943695382e-05 -1.567548833846518297e-04 -6.986073870252731185e-04 -1.657471790167186661e-03 -2.743291112729164243e-03 -3.308047070408504705e-03 -2.659773927971722726e-03 -1.168098069240956511e-03 -2.894130893705177537e-03 -2.148894795529514637e-02 -8.960032370017559367e-02 -2.898009804100183939e-01 -7.413633772859643534e-01 -2.004304352902130493e+00 -3.456684785506126012e+00 -1.418465145827574148e+01 5.227953385318791391e+00 -2.033792219787515592e+02 7.377072261329774392e+02 -5.508643053499531561e+03 2.434702954022252015e+04 -5.660525232615782443e+03 7.621502739173062082e+02 -2.226478895462379910e+02 2.514097534664041955e+00 -1.771735488475546560e+01 -5.028455949771196032e+00 -2.932636811145049371e+00 -1.188200450598353664e+00 -4.964365592575142316e-01 -1.736645702156649207e-01 -5.475423443192568157e-02 -2.055316389260628679e-02 -1.780803826757762498e-02 -2.162046705657044016e-02 -2.313421978970713402e-02 -2.090875631951332608e-02 -1.635471039467106466e-02 -1.133871423409183073e-02 -7.174154221278194847e-03 -4.394747227545296904e-03 -2.920301602450655915e-03 -2.347612595293574640e-03 -2.214115760842689205e-03 -2.165362066874038528e-03 -2.016368965293227882e-03 -1.733469664605243087e-03 -1.374999978164301306e-03 -1.026471845647643428e-03 -7.535678757746383733e-04 -5.813886240126519460e-04 -4.970735598307780920e-04 -4.659952466227381004e-04 -4.508255951303704614e-04 -4.255219817623526147e-04 -3.807090749065335754e-04 -3.212693505060202075e-04 -2.593987666573418713e-04 -2.071065464425591760e-04 -1.711128778633803883e-04 -1.513493608846858541e-04 -1.426086052518604178e-04 -1.377997551780933987e-04 -1.311175668388212543e-04 -1.198961095640708883e-04 -1.047579596957767052e-04 -8.843183311264348238e-05 -7.402956349644203163e-05 -6.360378393867309888e-05 -5.748843582610936907e-05 -5.450339774767956288e-05 -5.273889053990596663e-05 -5.046832694219204757e-05 -4.679106338667881975e-05 -4.179947803714441237e-05 -3.630509081642209647e-05 -3.132777075114031315e-05 -2.760659834548478186e-05 -2.532942354799603036e-05 -2.414799216367078861e-05 -2.341625172239181262e-05 -2.250899385665623933e-05 -2.107267993261730015e-05 -1.911644211494223917e-05 -1.693438232442817331e-05 -1.492252378168489182e-05 -1.338603408655920481e-05 -1.241962795534923119e-05 -1.189851105789100695e-05 -1.156654434171635603e-05 -1.115814662375900948e-05 -1.054184177202275716e-05 -9.626097646056795440e-06 -8.874154678537969908e-06 -7.856265714805753215e-06 -5.451547757234074741e-06 -5.062269226722043678e-06 -4.620917813991437893e-06 -4.460002654023502795e-06 -4.310840393406479858e-06 -4.097659831551154428e-06 -3.830737143517769398e-06 -3.378278306445460334e-06 -3.957344971108226218e-06
-9.182624514037368297e-06 -1.094865042168235688e-04 -5.165788576770372065e-04 -1.349743249133041490e-03 -2.570962422890992177e-03 -3.842368350815162162e-03 -4.491742859195452589e-03 -3.825406061247394688e-03 -2.274541107480644760e-03 -4.109600563985926248e-03 -2.348069036500376530e-02 -9.400096692259786446e-02 -3.000717973950255968e-01 -7.634988814905010468e-01 -2.051275327875364152e+00 -3.538856792182574207e+00 -1.438328510023504236e+01 5.092680386969732353e+00 -2.048655010001116636e+02 7.411918419432565770e+02 -5.536976007580166879e+03 2.445562706712940053e+04 -5.683594343935080360e+03 7.650807703993452833e+02 -2.234178497509140584e+02 2.536162511907652739e+00 -1.776178083471013025e+01 -5.035911086802017600e+00 -2.936236988405235060e+00 -1.188964301066040452e+00 -4.967677329715142198e-01 -1.740099083402423807e-01 -5.519510533517337642e-02 -2.100972470269944423e-02 -1.820398128938799029e-02 -2.192024181536658331e-02 -2.334083634510511832e-02 -2.104629962024408968e-02 -1.645149539559273566e-02 -1.141674247587714033e-02 -7.245483403703023746e-03 -4.462827404136172384e-03 -2.983597580022413071e-03 -2.403279909052050568e-03 -2.260429108369565922e-03 -2.202554925128370842e-03 -2.046239754365516278e-03 -1.758408717274028083e-03 -1.397057153308121783e-03 -1.046839669675746860e-03 -7.725578628716868587e-04 -5.987564376516875527e-04 -5.124519877648701449e-04 -4.792247657772626644e-04 -4.620765163219800291e-04 -4.352186392127367436e-04 -3.893468978813924958e-04 -3.292355403982645903e-04 -2.668770288505850066e-04 -2.140892138779473786e-04 -1.774910164228430645e-04 -1.570238996320151277e-04 -1.475685035358169589e-04 -1.421394753201842562e-04 -1.349986215945976229e-04 -1.234815163675627686e-04 -1.081550080687072255e-04 -9.166817665813902177e-05 -7.706817102751706045e-05 -6.638365975061948359e-05 -5.996855779814897787e-05 -5.668946933824684772e-05 -5.468345976353766415e-05 -5.224831790111359435e-05 -4.847634792499750934e-05 -4.342818584653179275e-05 -3.787606451533937467e-05 -3.281136997556017236e-05 -2.896660224492950079e-05 -2.654472006244695671e-05 -2.522429815498260726e-05 -2.438383879193442219e-05 -2.340919009030371605e-05 -2.194063584563271069e-05 -1.996842653872049430e-05 -1.776484413332718728e-05 -1.571123981738402562e-05 -1.411070461454185064e-05 -1.306932045730443672e-05 -1.247435366103731084e-05 -1.210589594055463939e-05 -1.162217602732092199e-05 -1.119483471027260471e-05 -1.022133295091657707e-05 -7.575543164232225115e-06 -6.697319208255574859e-06 -5.761909169313156935e-06 -5.261157129222824237e-06 -5.008962262815242458e-06 -4.903890976770758531e-06 -4.800238898954248341e-06 -4.656713437096443344e-06 -4.233468630005697272e-06 -4.994391107104403609e-06
-1.336146062218403864e-06 -5.574968492470099853e-05 -2.858846776677479015e-04 -8.404085761434186260e-04 -1.838877100931369862e-03 -3.242508161698214562e-03 -4.698390883472403946e-03 -5.496067707106991329e-03 -4.903457252266269460e-03 -3.370257218430552492e-03 -5.334782563669554327e-03 -2.540061264489778745e-02 -9.808230222224115225e-02 -3.095000759540010304e-01 -7.838423859820260464e-01 -2.094771244483803141e+00 -3.615020093701132087e+00 -1.457163739435630490e+01 4.974536880941932360e+00 -2.063444140706965584e+02 7.448392718569130011e+02 -5.566309688211416869e+03 2.457023499020851159e+04 -5.708228900869440622e+03 7.682519614691034349e+02 -2.242572267327502686e+02 2.560985540473150301e+00 -1.781200773609162979e+01 -5.045068543106705938e+00 -2.940971386398293586e+00 -1.190222705912376222e+00 -4.973004671035535784e-01 -1.743981801164945500e-01 -5.561320149800469403e-02 -2.142651189909225429e-02 -1.856625689561480774e-02 -2.219936373222804182e-02 -2.353819808511928985e-02 -2.118114479400580799e-02 -1.654741976048948807e-02 -1.149278224876148363e-02 -7.312796619777094977e-03 -4.525499723519049028e-03 -3.041391701011221787e-03 -2.454509215434786881e-03 -2.303909939231372616e-03 -2.238366918811664653e-03 -2.075561877898314013e-03 -1.782910658309991769e-03 -1.418285898286601602e-03 -1.065857625605518477e-03 -7.898839750363089753e-04 -6.145213151666279643e-04 -5.266247964080258493e-04 -4.917952396556430445e-04 -4.731378093950059814e-04 -4.449581562134109856e-04 -3.979886516785654388e-04 -3.369811131962972568e-04 -2.738746551921546679e-04 -2.204355104814352529e-04 -1.832519991997210080e-04 -1.622569472995634443e-04 -1.523327466004872487e-04 -1.464930146112754955e-04 -1.389893164167926225e-04 -1.271405496955793440e-04 -1.114988349416368748e-04 -9.470813241051785484e-05 -7.982208238241079827e-05 -6.888264474995073067e-05 -6.225518358934941754e-05 -5.880831695767399796e-05 -5.666922467655945725e-05 -5.411771504864225574e-05 -5.022791922596355461e-05 -4.505000157853330828e-05 -3.935741190401019772e-05 -3.415278260695263254e-05 -3.018365788378139992e-05 -2.766423623626250390e-05 -2.627518829110416261e-05 -2.538722420452926338e-05 -2.437239980242979269e-05 -2.285759853669713871e-05 -2.082593729543200822e-05 -1.855116443128759202e-05 -1.642462257417110424e-05 -1.475666803150308618e-05 -1.368335447230743416e-05 -1.301358140566853050e-05 -1.282259193696540689e-05 -1.227259133369759837e-05 -9.980670436426931620e-06 -9.127058961079456700e-06 -7.907453077524266842e-06 -6.919910498475351697e-06 -6.170888769261500979e-06 -5.725025455330697694e-06 -5.523223188099058550e-06 -5.439250425268374565e-06 -5.400349038995253547e-06 -5.047537838969270593e-06 -6.101417719891920765e-06
2.851916569993266017e-06 -1.455878680225955338e-05 -9.778523621478046933e-05 -3.740192311995013414e-04 -1.018600152795531583e-03 -2.174229470062450081e-03 -3.796436989684262749e-03 -5.490532729486932023e-03 -6.481101187980709520e-03 -5.982206539114901488e-03 -4.457772173468840457e-03 -6.510482750133034409e-03 -2.717828537871591621e-02 -1.018266984607717751e-01 -3.181946480656683285e-01 -8.027140477154864895e-01 -2.135463869477864041e+00 -3.686323492989258543e+00 -1.475194511905870165e+01 4.870936375163224419e+00 -2.078249714467336560e+02 7.486524508105275117e+02 -5.596704686370830132e+03 2.469089379402884515e+04 -5.734419211387680662e+03 7.716577941535595073e+02 -2.251650550632116392e+02 2.588082297327829906e+00 -1.786800693497954740e+01 -5.055931826020975350e+00 -2.946813702553701564e+00 -1.191957019056071543e+00 -4.980256391107257818e-01 -1.748302732241083790e-01 -5.601600328740130585e-02 -2.181349949111098183e-02 -1.890379887103970508e-02 -2.246363895827473492e-02 -2.372855776029982391e-02 -2.131289824566279939e-02 -1.664100608349153299e-02 -1.156575088018315343e-02 -7.376262679145744600e-03 -4.584235883101263863e-03 -3.095872724052483715e-03 -2.503369485719770474e-03 -2.345830141227677260e-03 -2.273020682819170725e-03 -2.103720721162418306e-03 -1.806036163504942671e-03 -1.437971714569361058e-03 -1.083385955503337770e-03 -8.060167216707884519e-04 -6.295213591202335158e-04 -5.404251381208860158e-04 -5.042131280859557876e-04 -4.840499425104585816e-04 -4.543922250593087774e-04 -4.061273571977484266e-04 -3.441032634135531313e-04 -2.802712718300160843e-04 -2.263364037619685981e-04 -1.887859725224035534e-04 -1.674524335338171445e-04 -1.571506874923952590e-04 -1.508747719797407449e-04 -1.429003145751613611e-04 -1.305951950365719951e-04 -1.145610958992386130e-04 -9.747164496570061385e-05 -8.238052275299598162e-05 -7.130311622373547464e-05 -6.456456439402871901e-05 -6.099625572372862741e-05 -5.870459895114172770e-05 -5.597048961160780905e-05 -5.188712910897702889e-05 -4.653119594067375988e-05 -4.069783619709549377e-05 -3.539773146844086470e-05 -3.137063839111860664e-05 -2.881176632679047575e-05 -2.738042613402170413e-05 -2.643249925443371710e-05 -2.533708392661693261e-05 -2.372950452921061834e-05 -2.160911018946750452e-05 -1.925996664193810069e-05 -1.710186057972170928e-05 -1.536451703005677256e-05 -1.446778829377766136e-05 -1.373301545530119169e-05 -1.170930131790889629e-05 -1.125942097814306705e-05 -1.034711159480119737e-05 -9.378006366538437931e-06 -8.335855451210532119e-06 -7.401958860723603176e-06 -6.702274232759642752e-06 -6.286396291634963699e-06 -6.093809475387865451e-06 -6.074498987867953665e-06 -5.774469565346707494e-06 -7.182785749192584743e-06
3.649082993671741134e-06 7.683175660676585977e-06 1.177759363927676803e-05 -6.795985775451256368e-05 -3.901948522760764391e-04 -1.156774305256005322e-03 -2.509687494974738742e-03 -4.374103972304184927e-03 -6.301561741663415372e-03 -7.456102974448312881e-03 -7.012855240789616675e-03 -5.463718847313799205e-03 -7.575483738358921790e-03 -2.879525225190079224e-02 -1.052830185493152104e-01 -3.263013713390650050e-01 -8.204048373583683329e-01 -2.173897550576501025e+00 -3.753674521248606233e+00 -1.492599942421554360e+01 4.779819905984756367e+00 -2.093146869139845876e+02 7.526344976838882985e+02 -5.628215262401497966e+03 2.481765553130553963e+04 -5.762160854477128851e+03 7.752938488830277493e+02 -2.261405930065729706e+02 2.617094554962474895e+00 -1.792973713606020425e+01 -5.068492866706642452e+00 -2.953739805371538463e+00 -1.194154991951285272e+00 -4.989410466807195910e-01 -1.753112965661392797e-01 -5.641126167511895800e-02 -2.217749689948319419e-02 -1.922070167604399832e-02 -2.271445210747221125e-02 -2.391171266730413025e-02 -2.144116600746966833e-02 -1.673265446721182784e-02 -1.163709918792258692e-02 -7.437983652728024850e-03 -4.641070677149977328e-03 -3.148372070317138373e-03 -2.550218602911468943e-03 -2.385738620795821528e-03 -2.305720383605325708e-03 -2.130095131497501508e-03 -1.827683224990992068e-03 -1.456582080687225233e-03 -1.100243383498860587e-03 -8.217761224537218322e-04 -6.442689579564166982e-04 -5.539191361037452922e-04 -5.161668130144337480e-04 -4.943413690496434136e-04 -4.631422178453290612e-04 -4.136515882034434320e-04 -3.507892644254994598e-04 -2.864476042519858534e-04 -2.321883212998557874e-04 -1.943418283027734312e-04 -1.726322880261078028e-04 -1.618456494992881803e-04 -1.550197271663337128e-04 -1.465122489393919504e-04 -1.337682543746749263e-04 -1.174284670310766821e-04 -1.001559500671693784e-04 -8.495542058046852559e-05 -7.378035512877708149e-05 -6.690798153248059287e-05 -6.315279137485034294e-05 -6.063685175763890747e-05 -5.767701834621840115e-05 -5.340381613951241383e-05 -4.791590337965842355e-05 -4.200726583633123252e-05 -3.666746304615496046e-05 -3.260648645286270459e-05 -2.999469021989964844e-05 -2.848125698394697762e-05 -2.742866526581065644e-05 -2.622549177639020321e-05 -2.452351994983310960e-05 -2.235588210266347095e-05 -1.993066693438917875e-05 -1.794475380501522345e-05 -1.614791675321689137e-05 -1.345706701708685685e-05 -1.281270221373462790e-05 -1.212939423688665643e-05 -1.155651502236844566e-05 -1.080730408697831676e-05 -9.882962826034418877e-06 -8.885547711215374911e-06 -7.978546932051826902e-06 -7.298559031106052788e-06 -6.883033923394195074e-06 -6.758773953966233614e-06 -6.430551815049772622e-06 -8.171411906836943949e-06
2.389942969681510105e-06 1.325542683865427484e-05 4.753186830649687688e-05 6.424096475140594149e-05 -4.355120114031346760e-05 -4.522916131621694861e-04 -1.364546983644840178e-03 -2.907319151452789335e-03 -4.976885571204019316e-03 -7.085716647505789154e-03 -8.356998021333465407e-03 -7.942147657943014402e-03 -6.364102544935783951e-03 -8.539915441911962238e-03 -3.029264655596783720e-02 -1.085235761578014629e-01 -3.339418371804731556e-01 -8.371317057514047200e-01 -2.210487585666851107e+00 -3.817791222585323219e+00 -1.509526572046085491e+01 4.699508143545373606e+00 -2.108199344254891798e+02 7.567886630132485379e+02 -5.660890840810890950e+03 2.495058222553798259e+04 -5.791453885162454753e+03 7.791570396497951378e+02 -2.271832978677411745e+02 2.647755172684564950e+00 -1.799715991659632053e+01 -5.082744883379952228e+00 -2.961733259018529019e+00 -1.196809852661760987e+00 -5.000460322158807314e-01 -1.758440031697159345e-01 -5.680222800380592407e-02 -2.252087440010452912e-02 -1.951837934331240171e-02 -2.295288835661658811e-02 -2.408906235515730770e-02 -2.156789311536718573e-02 -1.682460256115046043e-02 -1.170883058143546047e-02 -7.499245687525696834e-03 -4.696382253655262407e-03 -3.198534187402858695e-03 -2.594397921150659245e-03 -2.423147547169651229e-03 -2.336460051702782953e-03 -2.155200664710697853e-03 -1.848680661706341745e-03 -1.474929886783165386e-03 -1.116938046441512790e-03 -8.372383701940454715e-04 -6.584773764489300569e-04 -5.666673238994338318e-04 -5.273067468043800103e-04 -5.039192357625905732e-04 -4.714015340941082226e-04 -4.209391901649171819e-04 -3.574299658479122106e-04 -2.926501666375978025e-04 -2.380170227320824736e-04 -1.997522828570235374e-04 -1.775431226229051609e-04 -1.662081089782184223e-04 -1.588559522943510782e-04 -1.499120232944697439e-04 -1.368538689904402468e-04 -1.203092910388714590e-04 -1.028947834269826507e-04 -8.755971444229177837e-05 -7.621820801147968511e-05 -6.913800435722710464e-05 -6.515257242997827148e-05 -6.241774200323716880e-05 -5.928085481513077035e-05 -5.488577071497813926e-05 -4.932315872017621166e-05 -4.336365761858401626e-05 -3.797016055222391772e-05 -3.383470840581957522e-05 -3.112476206194262490e-05 -2.950206239591578921e-05 -2.834373523293003889e-05 -2.707475990266105498e-05 -2.527821690401358046e-05 -2.326414632239015424e-05 -2.077383477366449892e-05 -1.702664086306399785e-05 -1.531533020213880647e-05 -1.393629056225394487e-05 -1.316935762574833623e-05 -1.263930296768565508e-05 -1.210137957048037111e-05 -1.138676148827717632e-05 -1.048205183013266648e-05 -9.497723956266473818e-06 -8.600987990395323994e-06 -7.914562578109920300e-06 -7.572296883202355462e-06 -7.097269115398191555e-06 -9.067892100683604470e-06
5.269883682203782184e-07 8.605464401002162431e-06 3.501177945995398617e-05 6.950241519426752980e-05 6.106320319357937489e-05 -1.030322026081513650e-04 -5.998227094255437729e-04 -1.630179136594273916e-03 -3.315912907282539748e-03 -5.540567543851460108e-03 -7.792807968666703826e-03 -9.163934030828851940e-03 -8.781818095672121530e-03 -7.191516216995744518e-03 -9.442705791313994387e-03 -3.170729287498676857e-02 -1.115892733364486633e-01 -3.411887885123459085e-01 -8.530504792039413919e-01 -2.245566745779018714e+00 -3.879271195561695418e+00 -1.526097848436320525e+01 4.628607309368891976e+00 -2.123461903986624577e+02 7.611183205835964145e+02 -5.694777149773761266e+03 2.508974471416236702e+04 -5.822302228623630072e+03 7.832453713272404912e+02 -2.282928162370375560e+02 2.679857943690592492e+00 -1.807024742024844244e+01 -5.098683532073213343e+00 -2.970780531841945571e+00 -1.199913927382078915e+00 -5.013366930289062662e-01 -1.764274092133330252e-01 -5.718967618463242919e-02 -2.284556553073513463e-02 -1.979955718103093912e-02 -2.318207779083149289e-02 -2.426363597686715529e-02 -2.169548203716082160e-02 -1.691826906166273362e-02 -1.178133636028383738e-02 -7.559694683327470612e-03 -4.749551270288625109e-03 -3.245950054470832843e-03 -2.635996628273823850e-03 -2.458658198435769836e-03 -2.366129833081525441e-03 -2.179886114450077256e-03 -1.869555624121467573e-03 -1.493104421733633998e-03 -1.133198033938609709e-03 -8.519825829275076310e-04 -6.718169349138093400e-04 -5.785939557995026629e-04 -5.378379159893224718e-04 -5.131673921118949568e-04 -4.795637330163447418e-04 -4.282392113122518939e-04 -3.640557468640085825e-04 -2.987188048210919953e-04 -2.435774375693408979e-04 -2.048151917312242233e-04 -1.821177222168627620e-04 -1.703265319981218744e-04 -1.625768923138006178e-04 -1.533067439718005054e-04 -1.399856612108688492e-04 -1.232183650044105380e-04 -1.055955618186682829e-04 -9.005013785139798742e-05 -7.849472429214444664e-05 -7.120809201597325068e-05 -6.703902835377383018e-05 -6.415378046616876438e-05 -6.089967944217700071e-05 -5.641048507258509626e-05 -5.076199868217465440e-05 -4.471244590277965373e-05 -3.921985019804817194e-05 -3.498144805775778906e-05 -3.217074426701335422e-05 -3.047938918188946799e-05 -2.921577284823469975e-05 -2.807940988371365702e-05 -2.620140652821183229e-05 -2.244372220605898253e-05 -2.002490163897556482e-05 -1.755976169166813540e-05 -1.572961551089492574e-05 -1.450160416181094802e-05 -1.376710045735114274e-05 -1.326544431154024988e-05 -1.273860375517780964e-05 -1.202866735995413729e-05 -1.112442449691077269e-05 -1.014177420335752387e-05 -9.232103903818578947e-06 -8.623700561652958150e-06 -7.893616613754405792e-06 -9.953146057497970817e-06
-9.150566966960357406e-07 5.280638921498351139e-07 3.526837257881808517e-06 1.336119322495728282e-05 2.095897070722851438e-05 -2.121896670869907194e-05 -2.263068094042731634e-04 -7.781031573404439917e-04 -1.887713842029167160e-03 -3.683405646602058627e-03 -6.043044770936182100e-03 -8.432751537077214782e-03 -9.908675636336777143e-03 -9.569426011716938851e-03 -7.975056748214129007e-03 -1.029821936472031900e-02 -3.304396220229691150e-02 -1.144927656227020946e-01 -3.480935536029691191e-01 -8.682949778298068022e-01 -2.279425589690990961e+00 -3.938628178593331253e+00 -1.542418735492916504e+01 4.565961505038082180e+00 -2.138982064668327325e+02 7.656269650023029953e+02 -5.729917122316004679e+03 2.523522179471763593e+04 -5.854713217565745254e+03 7.875577496052466131e+02 -2.294689709309501211e+02 2.713243150849113050e+00 -1.814897920312957069e+01 -5.116302110954263682e+00 -2.980866537074865263e+00 -1.203457218471119861e+00 -5.028076880328008480e-01 -1.770605794917250175e-01 -5.757575678008314268e-02 -2.315538075937199902e-02 -2.006835936729954584e-02 -2.340542253836717934e-02 -2.443754374576510499e-02 -2.182469743226867279e-02 -1.701344516666286957e-02 -1.185402536675091330e-02 -7.618919086422132510e-03 -4.800680617998018956e-03 -3.291263497295684667e-03 -2.675968258805908485e-03 -2.493188645619535612e-03 -2.395319226470459927e-03 -2.204289227483171958e-03 -1.890069462299560476e-03 -1.510705218726774747e-03 -1.148705126086495710e-03 -8.659394943633227709e-04 -6.844974517841688347e-04 -5.900884535848358210e-04 -5.481614903554836741e-04 -5.223446783103255497e-04 -4.876702579517489347e-04 -4.354022375206656145e-04 -3.704302672289885466e-04 -3.044569677374594900e-04 -2.488046792588186648e-04 -2.096189955314111438e-04 -1.865487173982271444e-04 -1.744079988873855789e-04 -1.663179025582532872e-04 -1.567147318270432378e-04 -1.430755366680627673e-04 -1.260166278813272067e-04 -1.081391623998939909e-04 -9.238112116869230314e-05 -8.065274132032405560e-05 -7.322347526608233520e-05 -6.892890524162681779e-05 -6.592260842878198946e-05 -6.254391862545840349e-05 -5.792559270119275710e-05 -5.214868921423019155e-05 -4.598130145864929533e-05 -4.038577044581797030e-05 -3.608251827620538382e-05 -3.317018470162054391e-05 -3.160471770049764903e-05 -3.025018536239392508e-05 -2.738372912089685949e-05 -2.555435423355138623e-05 -2.303903773727779798e-05 -2.049594113212906607e-05 -1.817673167989259083e-05 -1.637948347179307728e-05 -1.518022935835501854e-05 -1.445489171812209144e-05 -1.395259586826390824e-05 -1.341894603420802397e-05 -1.269935091246948044e-05 -1.178874660137234917e-05 -1.078636992469010266e-05 -9.958996873819582992e-06 -8.926278221626515616e-06 -1.096442165811723275e-05
-1.509408512622944098e-06 -6.097203575167750416e-06 -2.469022557481614268e-05 -4.889963406334170133e-05 -6.596690587633848534e-05 -7.735864420351820745e-05 -1.313056608846698426e-04 -3.509072516612608611e-04 -9.359368111080224950e-04 -2.112502988044252360e-03 -4.014719712245175091e-03 -6.510633768679641685e-03 -9.039204600835576073e-03 -1.061879373598500348e-02 -1.031858959890971303e-02 -8.714074080299307606e-03 -1.109809826431346069e-02 -3.429821886194316105e-02 -1.172491186651898887e-01 -3.547120949239835896e-01 -8.829920461154248112e-01 -2.312318693483779608e+00 -3.996297528075904104e+00 -1.558578047916249965e+01 4.510615247590726185e+00 -2.154801540211724387e+02 7.703181996028798721e+02 -5.766351619591755480e+03 2.538709960227613192e+04 -5.888697224850392558e+03 7.920938420165533671e+02 -2.307117408798865199e+02 2.747792153217033295e+00 -1.823333878231593630e+01 -5.135591113429506471e+00 -2.991976458118960736e+00 -1.207431002000777687e+00 -5.044558778570099600e-01 -1.777448235572351154e-01 -5.796408125762306934e-02 -2.345431166635593423e-02 -2.032786307744426785e-02 -2.362458176820010289e-02 -2.461120096348448638e-02 -2.195528178363509789e-02 -1.710983688471886394e-02 -1.192700312055126714e-02 -7.677535752509527869e-03 -4.850718569807338856e-03 -3.335426044057573838e-03 -2.714967038375529738e-03 -2.526953660271442307e-03 -2.423859606626182876e-03 -2.228059962358062713e-03 -1.909931275283932063e-03 -1.527671491401454010e-03 -1.163667368784040805e-03 -8.794954826629541953e-04 -6.969221019421192355e-04 -6.014189252848992041e-04 -5.583338213078778769e-04 -5.313182982699705958e-04 -4.954988784288078072e-04 -4.422405297537598421e-04 -3.764916498840080016e-04 -3.099519162322908711e-04 -2.538887832392484347e-04 -2.143694413484349649e-04 -1.909729477310659080e-04 -1.784751394218940480e-04 -1.699967354777657429e-04 -1.600024665546250836e-04 -1.460080617956673401e-04 -1.286597120811426565e-04 -1.105675610303107097e-04 -9.465614146780862816e-05 -8.280769432073292887e-05 -7.526184795311329379e-05 -7.083422088277746141e-05 -6.767444370903204372e-05 -6.413247782487908519e-05 -5.936056634180648066e-05 -5.345303255092552855e-05 -4.720524708394303371e-05 -4.150478104775754459e-05 -3.732637204976710132e-05 -3.432615199315735492e-05 -3.105483106828542893e-05 -2.973303430521613994e-05 -2.806907058748993279e-05 -2.610139296876334735e-05 -2.371643674966807930e-05 -2.119846821437581209e-05 -1.890542429362529180e-05 -1.711790938531631312e-05 -1.591861601567882460e-05 -1.518463312630564882e-05 -1.466818909992531146e-05 -1.411741213198157629e-05 -1.338469710447140985e-05 -1.244744200315256889e-05 -1.153207145658125846e-05 -1.023833637092399297e-05 -1.224046484935233079e-05
-1.338965795052846728e-06 -9.046637555884270938e-06 -3.858245995285848558e-05 -8.557199276625867049e-05 -1.329910113171017707e-04 -1.610074170158876810e-04 -1.723187255238208166e-04 -2.241855799621979587e-04 -4.538413647324495044e-04 -1.075665521662194733e-03 -2.325516772554084635e-03 -4.337396690340986072e-03 -6.965909009617194357e-03 -9.623126369305639097e-03 -1.129330996292063870e-02 -1.102103975046004464e-02 -9.399817109641776108e-03 -1.183960959841541712e-02 -3.547891811397070605e-02 -1.198852543748332861e-01 -3.611015748058665764e-01 -8.972516009024541495e-01 -2.344458018300001001e+00 -4.052641550286695704e+00 -1.574651317295112385e+01 4.461770743760938629e+00 -2.170957479521578080e+02 7.751957264051238781e+02 -5.804120005795031830e+03 2.554547116984191962e+04 -5.924267365283340951e+03 7.968539749489709720e+02 -2.320212435584729462e+02 2.783420159538875449e+00 -1.832331590638491292e+01 -5.156542384175123672e+00 -3.004099320548831109e+00 -1.211829903939481090e+00 -5.062803294807407539e-01 -1.784820003480855344e-01 -5.835732706046167784e-02 -2.374457415842405258e-02 -2.057935587320689971e-02 -2.384008632546097406e-02 -2.478484550281176771e-02 -2.208760594273459846e-02 -1.720813629397562744e-02 -1.200120187546373229e-02 -7.736468970358754971e-03 -4.900324587641122567e-03 -3.378698676021359842e-03 -2.752896773316772065e-03 -2.559678826476229595e-03 -2.451519775149565289e-03 -2.251172549306148813e-03 -1.929361495142009521e-03 -1.544388497191610419e-03 -1.178484144247514366e-03 -8.929201844878733923e-04 -7.091569614745749355e-04 -6.124685210290141141e-04 -5.681501153095063145e-04 -5.399146342233018684e-04 -5.029957325134586403e-04 -4.488432890832518419e-04 -3.824281167642963977e-04 -3.154070592768251180e-04 -2.589663607588104798e-04 -2.190920993168605580e-04 -1.953136113015845120e-04 -1.824006013998385003e-04 -1.735029189914654389e-04 -1.631281327387553858e-04 -1.488252992708035316e-04 -1.312496673432342787e-04 -1.129946563445694018e-04 -9.695243634691467171e-05 -8.497271897680047138e-05 -7.727580503442851812e-05 -7.267664946724134648e-05 -6.934094248468476176e-05 -6.563618001585783113e-05 -6.075001047252411956e-05 -5.471132974133835849e-05 -4.856978123235626045e-05 -4.277752852341832268e-05 -3.692022404804642434e-05 -3.394828979036271422e-05 -3.185220800198011395e-05 -3.038377245037603283e-05 -2.883320445941797317e-05 -2.687540129055297490e-05 -2.450441767350873266e-05 -2.198917977316390733e-05 -1.969380631600889793e-05 -1.789802287514327103e-05 -1.668475715216868524e-05 -1.593216353927790694e-05 -1.539386864975406875e-05 -1.482522537409669208e-05 -1.405946684879668514e-05 -1.321600081978576947e-05 -1.178110058589535582e-05 -1.385763059432107707e-05
-7.484406784669321745e-07 -8.391134136013124947e-06 -3.718611273749539777e-05 -8.883382370777619000e-05 -1.527459170967070362e-04 -2.079962732360910122e-04 -2.363581114375725648e-04 -2.462554670651048738e-04 -3.032728462858697168e-04 -5.538555003220562616e-04 -1.220672324616287746e-03 -2.544578791765562432e-03 -4.658152164133266479e-03 -7.404924417567076630e-03 -1.017490486363009650e-02 -1.192343048657885929e-02 -1.167374640150878155e-02 -1.003683037847715592e-02 -1.253404774396196103e-02 -3.660313166228745113e-02 -1.224266292745353202e-01 -3.673067405749163017e-01 -9.111600251742770773e-01 -2.376018031856133916e+00 -4.107967089829053897e+00 -1.590704081784318547e+01 4.418750730343937505e+00 -2.187483411569754708e+02 7.802633484607201808e+02 -5.843260605178094920e+03 2.571043612399627455e+04 -5.961439259173520441e+03 8.018390497351301747e+02 -2.333977253667401897e+02 2.820066276181109277e+00 -1.841891030985145150e+01 -5.179151619048225186e+00 -3.017227998995867910e+00 -1.216650183948277508e+00 -5.082799030411713215e-01 -1.792725577852868901e-01 -5.875649039153268971e-02 -2.402720866283764023e-02 -2.082383169615445104e-02 -2.405297145361936020e-02 -2.495960532980898497e-02 -2.222281316080907190e-02 -1.730932728395612880e-02 -1.207727524493848806e-02 -7.795972223972912236e-03 -4.949423189920251938e-03 -3.420856588046933960e-03 -2.789589249392844354e-03 -2.591396483493759936e-03 -2.478561539358646940e-03 -2.274034510225648922e-03 -1.948767844825046195e-03 -1.561128599728593778e-03 -1.193225707282684475e-03 -9.061056615582603613e-04 -7.210101761407909822e-04 -6.230774562293777200e-04 -5.775678605860586545e-04 -5.482298494710078707e-04 -5.103518050500930291e-04 -4.554142881792229577e-04 -3.883765332185917405e-04 -3.208497684765231430e-04 -2.639643636342341019e-04 -2.236645412604910087e-04 -1.994649551619654716e-04 -1.861458755568280222e-04 -1.768799236153248584e-04 -1.661936603062031878e-04 -1.516404450151739402e-04 -1.338634587024331492e-04 -1.154343559875051732e-04 -9.922441026087235017e-05 -8.707180038353523990e-05 -7.919905367399181749e-05 -7.442825794286660993e-05 -7.095675559853342469e-05 -6.709122136394141730e-05 -6.227690646381509921e-05 -5.612197880289758624e-05 -4.831069355609765413e-05 -4.253595729774291252e-05 -3.783129066295223445e-05 -3.471363055358348644e-05 -3.272389443291636124e-05 -3.125537854862561038e-05 -2.970535896165279888e-05 -2.773666954628763479e-05 -2.535243086281830082e-05 -2.282235512134604214e-05 -2.051056867100942000e-05 -1.869587143064632841e-05 -1.746091951211609225e-05 -1.668381211072954135e-05 -1.612513908355424965e-05 -1.551825653348309838e-05 -1.485662020513762306e-05 -1.342677175513096237e-05 -1.578653110219379682e-05
-1.194092097973050437e-07 -5.527615010503784967e-06 -2.580284393194893599e-05 -6.727756514576633900e-05 -1.292481964292091815e-04 -2.008092734198382921e-04 -2.625481790138909852e-04 -2.981156978703581825e-04 -3.179188704263738148e-04 -3.903494201034645068e-04 -6.664178508217200297e-04 -1.375059068871374189e-03 -2.763109262765474448e-03 -4.964896373923732148e-03 -7.816819431960126546e-03 -1.069014056876297671e-02 -1.251301485216205558e-02 -1.228704201112221228e-02 -1.063804509182608021e-02 -1.319346424414324405e-02 -3.768166738283013767e-02 -1.248879339427888258e-01 -3.733592293139763041e-01 -9.247880200728185729e-01 -2.407149942511343621e+00 -4.162543143910474086e+00 -1.606794183140742405e+01 4.380976470459634342e+00 -2.204409920738025619e+02 7.855249790428318875e+02 -5.883811075523659383e+03 2.588210047567740185e+04 -6.000230850446754630e+03 8.070504721648065924e+02 -2.348415554856948404e+02 2.857686466301572636e+00 -1.852013185238237369e+01 -5.203417025296320553e+00 -3.031356828471811315e+00 -1.221887744216352045e+00 -5.104524420047564792e-01 -1.801160699950948296e-01 -5.916233182639112770e-02 -2.430368465419151594e-02 -2.106305629397758547e-02 -2.426494160142649362e-02 -2.513683803010685960e-02 -2.236174749691653349e-02 -1.741372983044297412e-02 -1.215515780404116154e-02 -7.855823559339126724e-03 -4.997865024022730626e-03 -3.461968959508699220e-03 -2.825351829266893253e-03 -2.622557379062819948e-03 -2.505426435633219869e-03 -2.296941014977554180e-03 -1.968234806106575717e-03 -1.577793375290592083e-03 -1.207708161717643445e-03 -9.189000209750189775e-04 -7.324470817266173382e-04 -6.333490600763932521e-04 -5.867840253586869637e-04 -5.564725369693132194e-04 -5.177080678713103217e-04 -4.619848084738227469e-04 -3.942678041585058013e-04 -3.261614549880862660e-04 -2.687803524979558850e-04 -2.280506667759724213e-04 -2.034718618009261038e-04 -1.898135817669294103e-04 -1.802414309062921318e-04 -1.692768061883685011e-04 -1.544687695961295530e-04 -1.364573349430093477e-04 -1.178125973323567984e-04 -1.014073588680238527e-04 -8.907794876400411573e-05 -8.106630301451949480e-05 -7.612539459563578254e-05 -7.270286891663299122e-05 -6.869421324995326236e-05 -6.220422645279946746e-05 -5.603822763754194195e-05 -4.934327747328080051e-05 -4.341684752801063489e-05 -3.881376278193809969e-05 -3.569393885061827968e-05 -3.369987176820896210e-05 -3.221165536113944832e-05 -3.063653890196008057e-05 -2.864069381179322154e-05 -2.622988973632335677e-05 -2.367446475593115542e-05 -2.133791416212985078e-05 -1.949825066226444550e-05 -1.823692883595136912e-05 -1.743860656427587936e-05 -1.683792411762607879e-05 -1.634948709145230859e-05 -1.502278195610515888e-05 -1.789398836927961464e-05
2.924121134975752619e-07 -2.179117442775136770e-06 -1.161602733045976109e-05 -3.611189192041149720e-05 -8.293167228513031195e-05 -1.534891642055341327e-04 -2.378352704271529902e-04 -3.153967674932530471e-04 -3.672629769477637161e-04 -4.019348526775052676e-04 -4.888504598676016643e-04 -7.842533848251045632e-04 -1.525654773986627162e-03 -2.968557784792967297e-03 -5.251032467772501384e-03 -8.203182357459145452e-03 -1.117737869910288492e-02 -1.307394354759449512e-02 -1.287197232644711996e-02 -1.121081155621979700e-02 -1.382130742027667600e-02 -3.871728715568793777e-02 -1.272783683658553489e-01 -3.792869299751941425e-01 -9.382005179218498858e-01 -2.437990137542771052e+00 -4.216607845553295597e+00 -1.622972843004102117e+01 4.347955161667789170e+00 -2.221765183462991047e+02 7.909846480037127776e+02 -5.925808722339354063e+03 2.606057648340395463e+04 -6.040662265497749104e+03 8.124900973706571676e+02 -2.363532179034586704e+02 2.896251256433998833e+00 -1.862699820989924859e+01 -5.229337594958019864e+00 -3.046480752608192066e+00 -1.227538575659795406e+00 -5.127961188652402358e-01 -1.810127728258649482e-01 -5.957641468255862188e-02 -2.457607620030204804e-02 -2.129894062996627591e-02 -2.447733775043541352e-02 -2.531720390298741047e-02 -2.250452439097011537e-02 -1.752118927650964803e-02 -1.223471025623739175e-02 -7.916089204202128582e-03 -5.045965716346861515e-03 -3.502512244920716247e-03 -2.860664129059153297e-03 -2.653497928606062158e-03 -2.532235217450959450e-03 -2.319820397147407190e-03 -1.987595050783390500e-03 -1.594239420157746384e-03 -1.221900621892091365e-03 -9.314089367021162599e-04 -7.436678764371294076e-04 -6.434970645748210039e-04 -5.959464599910709254e-04 -5.646816224117086900e-04 -5.250025739454649383e-04 -4.684418545794814489e-04 -4.000030156608872043e-04 -3.313076219087931584e-04 -2.734595739530453406e-04 -2.323531428629640831e-04 -2.074485528994953897e-04 -1.934829312508405490e-04 -1.836050086414315523e-04 -1.723364892070150512e-04 -1.572386258001346956e-04 -1.389682316488994457e-04 -1.201031004034360656e-04 -1.035357559194587866e-04 -9.102745893535603449e-05 -8.305666751379948292e-05 -7.796318123217448937e-05 -7.286825651514340337e-05 -6.881902679533857803e-05 -6.339868923065086954e-05 -5.705880787584862433e-05 -5.044696401972224891e-05 -4.450944210781401881e-05 -3.989822743756930330e-05 -3.675630863444378566e-05 -3.473269871971002584e-05 -3.320939813724132854e-05 -3.159701585682112132e-05 -2.956447338713775438e-05 -2.711925051151859874e-05 -2.453204763977152042e-05 -2.216603081124803083e-05 -2.029761175109164327e-05 -1.901475015584973855e-05 -1.817167784342661090e-05 -1.770675098539642073e-05 -1.646849570808197252e-05 -1.999721641227018612e-05
4.073519200692283019e-07 3.454525922259127848e-07 -3.897234073990553226e-07 -8.987205320400559270e-06 -3.629203276507983131e-05 -9.240829810559919306e-05 -1.789244886044345914e-04 -2.831757290679356737e-04 -3.801724534822476485e-04 -4.471227048477218477e-04 -4.915084127796110402e-04 -5.860942982307174682e-04 -8.947265193404381521e-04 -1.664857837356896551e-03 -3.160609254120684553e-03 -5.522684728740978946e-03 -8.573561807238557625e-03 -1.164600212275673265e-02 -1.361275853276752712e-02 -1.343132554715846701e-02 -1.175510442934802995e-02 -1.441717017549683753e-02 -3.971288113972083755e-02 -1.296094400727038076e-01 -3.851187149510386654e-01 -9.514578313386006236e-01 -2.468659649230300346e+00 -4.270369344503785136e+00 -1.639285461211778028e+01 4.319266952697755180e+00 -2.239575450789639888e+02 7.966465045420452498e+02 -5.969290764096481325e+03 2.624598257832470699e+04 -6.082755700334297217e+03 8.181601892464542516e+02 -2.379333024541586212e+02 2.935744604060362750e+00 -1.873953399276756215e+01 -5.256913682053236059e+00 -3.062596575033513346e+00 -1.233600194727401789e+00 -5.153104015536068561e-01 -1.819637138843849256e-01 -6.000049033894389733e-02 -2.484605970201035630e-02 -2.153264362123268050e-02 -2.469072448296860331e-02 -2.550085562393383451e-02 -2.265116500050886467e-02 -1.763182654858996834e-02 -1.231625008580973513e-02 -7.977237595000316248e-03 -5.094211077518038394e-03 -3.542849160543973773e-03 -2.895687029806112093e-03 -2.684189373646890791e-03 -2.558856465389220194e-03 -2.342552991957447522e-03 -2.006829268933362897e-03 -1.610575567545737127e-03 -1.236003185013437354e-03 -9.438471678056147181e-04 -7.548248597127372745e-04 -6.535682218462469809e-04 -6.050026943208527573e-04 -5.727529406115023638e-04 -5.321427920089757523e-04 -4.747542017514928738e-04 -4.056281166163721577e-04 -3.363903918966749929e-04 -2.781159097483573792e-04 -2.366520325088359927e-04 -2.114148569827810906e-04 -1.971160126444389097e-04 -1.869022080232640270e-04 -1.753120350209323936e-04 -1.599249233605863239e-04 -1.414305299504422869e-04 -1.223419493535845822e-04 -1.057866893319294349e-04 -9.311385269153372914e-05 -8.348371519247650349e-05 -7.833535055735549779e-05 -7.427424915490483839e-05 -7.002863820995139995e-05 -6.466348230813418689e-05 -5.828940091360305345e-05 -5.165283082331702415e-05 -4.568382418595319874e-05 -4.103864313109303414e-05 -3.785877791277974749e-05 -3.579356083366460527e-05 -3.422627874677873857e-05 -3.256965259241682495e-05 -3.049471228889445506e-05 -2.801031641346486128e-05 -2.538787194491820779e-05 -2.298936903267729344e-05 -2.109835476858897051e-05 -1.976816753878852127e-05 -1.907903586217917760e-05 -1.778070359944314551e-05 -2.195286032661813901e-05
2.889327146723805028e-07 1.474710838793258184e-06 5.120915924293318321e-06 6.487844365236605794e-06 -4.518144682385023989e-06 -4.087942910014913666e-05 -1.121870111525915609e-04 -2.172522412034786851e-04 -3.395040456946803197e-04 -4.505070395641546884e-04 -5.259738277363584054e-04 -5.748728685568900735e-04 -6.747539762704194821e-04 -9.969426288760027156e-04 -1.797373315193840542e-03 -3.346807792293560006e-03 -5.787064536756082907e-03 -8.932633893130688049e-03 -1.209760840312818636e-02 -1.412894331629752261e-02 -1.396420758070106467e-02 -1.227134534080155485e-02 -1.498407069712054916e-02 -4.067538033120621233e-02 -1.318946747889290783e-01 -3.908811889273116624e-01 -9.646120149878784078e-01 -2.499263092494038219e+00 -4.324009383679721985e+00 -1.655772718637839702e+01 4.294550427473513565e+00 -2.257865462708151085e+02 8.025148217303816409e+02 -6.014294554560735378e+03 2.643844334110013369e+04 -6.126535331191510522e+03 8.240633888935016103e+02 -2.395824984304833833e+02 2.976161111244727930e+00 -1.885777188874843091e+01 -5.286148506523534962e+00 -3.079703847562202501e+00 -1.240071736666206181e+00 -5.179954099547646740e-01 -1.829697494946731229e-01 -6.043561287827992068e-02 -2.511451171621853842e-02 -2.176476425412998683e-02 -2.490551895280801106e-02 -2.568818054232219553e-02 -2.280212231666768272e-02 -1.774615432308599555e-02 -1.240026496450584263e-02 -8.039628966965355061e-03 -5.142774582812359267e-03 -3.582981012639888108e-03 -2.930328663190902641e-03 -2.714550283482396447e-03 -2.585299787355085747e-03 -2.365264517833586076e-03 -2.026144538270512052e-03 -1.627018413600273211e-03 -1.250169646060636823e-03 -9.562655926922016122e-04 -7.658728327297680775e-04 -6.634673601825546215e-04 -6.138687191862786168e-04 -5.806615376701058148e-04 -5.391780442295210536e-04 -4.810250052860932826e-04 -4.112569765139678668e-04 -3.414901158304801477e-04 -2.827705930540445715e-04 -2.409119913902125294e-04 -2.153054658929827751e-04 -2.006550159928973775e-04 -1.901098952313237157e-04 -1.782384887030553965e-04 -1.625640038531060640e-04 -1.440195106244562969e-04 -1.247209915597182698e-04 -1.064967697927824742e-04 -9.374965765193709905e-05 -8.512606227187064119e-05 -7.977117298739957074e-05 -7.574653481649324576e-05 -7.144442380738237901e-05 -6.603028787415070853e-05 -5.960293710492819118e-05 -5.291610681422220059e-05 -4.689912986274214120e-05 -4.220702152904924539e-05 -3.897969273065622457e-05 -3.686583773968904785e-05 -3.524932330699827348e-05 -3.354437067765581574e-05 -3.142371739100338689e-05 -2.889786869501684448e-05 -2.623793708429089083e-05 -2.381434040615961598e-05 -2.187268003010766764e-05 -2.071328306800435581e-05 -1.911343425610138603e-05 -2.374344920766791582e-05
7.103364631157128806e-08 1.326174403887046261e-06 5.137237900112040828e-06 9.451893971621201602e-06 7.648872873975644636e-06 -1.112136412689616217e-05 -5.897689605958134459e-05 -1.436952858986747692e-04 -2.620459085876071991e-04 -3.957751958438727059e-04 -5.155188822705722125e-04 -5.971538669890697360e-04 -6.513193956353543687e-04 -7.591521813166088881e-04 -1.097530278823125602e-03 -1.929078159960117070e-03 -3.530247026122438660e-03 -6.044162105586166171e-03 -9.278509814490841848e-03 -1.253038861441380103e-02 -1.462246261144469622e-02 -1.447307760794398941e-02 -1.276414571028560568e-02 -1.552797914056429709e-02 -4.161207525078991498e-02 -1.341449548717405238e-01 -3.965954478057294175e-01 -9.777067140246028520e-01 -2.529892259032090696e+00 -4.377690180942973797e+00 -1.672471667416130003e+01 4.273491434966953051e+00 -2.276658765139227683e+02 8.085940047356831428e+02 -6.060857771547297489e+03 2.663808951843749310e+04 -6.172027247727706708e+03 8.302026877835508003e+02 -2.413015911896355021e+02 3.017502784092432666e+00 -1.898175344327432157e+01 -5.317048313680309946e+00 -3.097804184181268461e+00 -1.246952921377299628e+00 -5.208510072851723072e-01 -1.840311277852167693e-01 -6.088232000576745268e-02 -2.538212870993104484e-02 -2.199607799071513076e-02 -2.512251666537020783e-02 -2.587992282955893508e-02 -2.295800510815061007e-02 -1.786457800486989170e-02 -1.248693849479558249e-02 -8.103270338657384345e-03 -5.191580398445251945e-03 -3.622853877991554124e-03 -2.964631261034101576e-03 -2.744736435236641223e-03 -2.611794795684315926e-03 -2.388185628799222894e-03 -2.045702390260993164e-03 -1.643623614357073333e-03 -1.264359425643100682e-03 -9.685747949554415759e-04 -7.767344760707242451e-04 -6.731761127410618682e-04 -6.225992930889479070e-04 -5.885143707808769727e-04 -5.462245853743102160e-04 -4.873362589089625177e-04 -4.169124443888297935e-04 -3.465734479129657002e-04 -2.873606757809393049e-04 -2.450775770599173862e-04 -2.190992303782337398e-04 -2.041361674170298905e-04 -1.932653966886235190e-04 -1.812900844904935342e-04 -1.653465163821947882e-04 -1.450936993515051750e-04 -1.256705617768198681e-04 -1.084041604688845597e-04 -9.543205671805163228e-05 -8.683051585539841664e-05 -8.140695934402235312e-05 -7.731759408009877290e-05 -7.294221748824446228e-05 -6.745567745525143954e-05 -6.095963339860341373e-05 -5.420955461444231898e-05 -4.813429394506185758e-05 -4.338721988506825250e-05 -4.010646113625958097e-05 -3.793969411490166142e-05 -3.627092331983508203e-05 -3.451544560901223844e-05 -3.234787979454869703e-05 -2.977914760417646443e-05 -2.709036125645189708e-05 -2.461156385897872619e-05 -2.285515245054769006e-05 -2.071385740536264399e-05 -2.551798366857849971e-05
-1.201212936990617423e-07 4.388270291555938001e-07 1.780241766986936968e-06 3.836309562775986972e-06 4.115356408577707671e-06 -3.468124823688649043e-06 -2.895038237347964951e-05 -8.397231256409262484e-05 -1.763414232245349782e-04 -3.030579109195182777e-04 -4.458177148952987114e-04 -5.747055695964243963e-04 -6.649073786413209428e-04 -7.271726819105726013e-04 -8.446784513042469768e-04 -1.198905886351511393e-03 -2.059062544923521195e-03 -3.707914043070106164e-03 -6.290910100601817927e-03 -9.609957211926346832e-03 -1.294589572741866243e-02 -1.509738328685351037e-02 -1.496329986435576687e-02 -1.323870712865833806e-02 -1.605313284185191577e-02 -4.252702971920785391e-02 -1.363674475469469904e-01 -4.022787815893621999e-01 -9.907809250992609673e-01 -2.560630934146598037e+00 -4.431559475755267208e+00 -1.689416385112837915e+01 4.255816891437681271e+00 -2.295977952416263292e+02 8.148885995845967045e+02 -6.109018582180042358e+03 2.684505806999505512e+04 -6.219259405807944859e+03 8.365814055976214831e+02 -2.430914592744266827e+02 3.059777463176773349e+00 -1.911152829469703818e+01 -5.349621401188088043e+00 -3.116900312690636721e+00 -1.254243594440806131e+00 -5.238769401624489008e-01 -1.851480782263282276e-01 -6.134135232025884898e-02 -2.564994905448637202e-02 -2.222766606517276658e-02 -2.534262892341780302e-02 -2.607669875551667238e-02 -2.311911394199578362e-02 -1.798715438648730222e-02 -1.257621057320479699e-02 -8.168115297623103344e-03 -5.240683698291020813e-03 -3.662644821774726448e-03 -2.998850634163637355e-03 -2.775004335973803218e-03 -2.638524513193862570e-03 -2.411387515221764637e-03 -2.065472363752742391e-03 -1.660308143917630297e-03 -1.278499694563979463e-03 -9.807603307521596103e-04 -7.874685625186828280e-04 -6.828056621776909139e-04 -6.313149405803782392e-04 -5.963975063724949628e-04 -5.533089362700821566e-04 -4.936577506405995849e-04 -4.225340960098275468e-04 -3.515868434005559148e-04 -2.918663789541102796e-04 -2.491858542128353609e-04 -2.228345411855059291e-04 -2.077332065304424180e-04 -1.965588731500694699e-04 -1.828467040684101990e-04 -1.667201497131127054e-04 -1.473531856349985807e-04 -1.276572918383776702e-04 -1.103753308252746043e-04 -9.731133023986249177e-05 -8.863033049084448616e-05 -8.312143382577600866e-05 -7.894548620757192215e-05 -7.448346598528474019e-05 -6.891326238019668021e-05 -6.233903272423055254e-05 -5.551747266655840363e-05 -4.937706356122584749e-05 -4.456966756513178088e-05 -4.123163562841081198e-05 -3.900945002874050182e-05 -3.728692812994110215e-05 -3.548059331768466161e-05 -3.326548416136433498e-05 -3.066384173904486069e-05 -2.791424294761736373e-05 -2.563372296871683148e-05 -2.282382170617199563e-05 -2.755802891220442727e-05
-2.112756615058806669e-07 -5.606481787950194491e-07 -2.314587402608227758e-06 -4.655179303504253866e-06 -6.900605086755818164e-06 -1.029801889221511063e-05 -2.047098437637039336e-05 -4.810294757618424708e-05 -1.063015021390016277e-04 -2.043442509272666162e-04 -3.398202482231717897e-04 -4.936612312614969880e-04 -6.340971542305921891e-04 -7.343773646370975678e-04 -8.046730654595707051e-04 -9.302298407162274026e-04 -1.297698320723859270e-03 -2.183606849396741573e-03 -3.877598286714197418e-03 -6.527667104276498912e-03 -9.929867405233504946e-03 -1.334860044283652653e-02 -1.555839260737434601e-02 -1.543860301426543472e-02 -1.369730279617138724e-02 -1.656085220411371989e-02 -4.342237523296673535e-02 -1.385685158973639086e-01 -4.079479121302895805e-01 -1.003871525943490495e+00 -2.591556520297623400e+00 -4.485751833618036422e+00 -1.706638307172316971e+01 4.241290257570875966e+00 -2.315844880710035341e+02 8.214032999418775489e+02 -6.158815790343333902e+03 2.705949224179404700e+04 -6.268261594763576795e+03 8.432031738876183908e+02 -2.449530707607499380e+02 3.102998650689007043e+00 -1.924715315113146019e+01 -5.383877688891559821e+00 -3.136996157211434433e+00 -1.261944262027860697e+00 -5.270735150634164867e-01 -1.863213115909913564e-01 -6.181377974392129188e-02 -2.591910063066388964e-02 -2.246044585600142154e-02 -2.556643174900874102e-02 -2.627876183934676341e-02 -2.328550101480161144e-02 -1.811388620980124153e-02 -1.266815149594319352e-02 -8.234346319777686996e-03 -5.290350171854425743e-03 -3.702628942248460155e-03 -3.033194657500915600e-03 -2.805451105644529621e-03 -2.665480732976977310e-03 -2.434803121804563972e-03 -2.085391158756675582e-03 -1.677062286455435324e-03 -1.292651538883454916e-03 -9.929354370560451292e-04 -7.981987226337882747e-04 -6.924465300036748358e-04 -6.400474772047488404e-04 -6.042859666708864366e-04 -5.603749999707746806e-04 -4.999388731716084867e-04 -4.281037429481093825e-04 -3.565678854918610590e-04 -2.963266711098588965e-04 -2.534098600105218484e-04 -2.267012110858295036e-04 -2.098467115093922801e-04 -1.984551696657039274e-04 -1.855730178607780355e-04 -1.691228568280880114e-04 -1.496830080115800975e-04 -1.298445538457107746e-04 -1.124441215209108161e-04 -9.926884834487729645e-05 -9.048500709622388910e-05 -8.487735323229797903e-05 -8.060483101980341612e-05 -7.604848293748793400e-05 -7.038789288538153271e-05 -6.372926360808442968e-05 -5.683055161849898942e-05 -5.062016910242644489e-05 -4.574876637128663838e-05 -4.235105702878837051e-05 -4.007222947493086358e-05 -3.829617692933240522e-05 -3.643902434561709666e-05 -3.418784264557272670e-05 -3.151942451749501709e-05 -2.898260659477881304e-05 -2.556540442645152257e-05 -3.017178139241349772e-05
-1.945632731451669459e-07 -1.211068867270811015e-06 -5.124574413916736416e-06 -1.120646208580926691e-05 -1.732863282054308241e-05 -2.155389971782776902e-05 -2.511994107291326897e-05 -3.486755353007924533e-05 -6.340103034913283238e-05 -1.255777709998962314e-04 -2.314391435198310067e-04 -3.779301542687081680e-04 -5.440923991288904547e-04 -6.957681240450602853e-04 -8.044710832752615401e-04 -8.805148231391423438e-04 -1.012035601141380702e-03 -1.391374386734407862e-03 -2.302397385656767236e-03 -4.041205632530577366e-03 -6.757761199285717418e-03 -1.024186605840264434e-02 -1.374147982788008308e-02 -1.600737957808149106e-02 -1.589992192738708815e-02 -1.414049954205963237e-02 -1.705225744680798072e-02 -4.430117458921113693e-02 -1.407555782507976250e-01 -4.136193883395927196e-01 -1.017012584630142769e+00 -2.622739346818908857e+00 -4.540389182741015439e+00 -1.724166598804716344e+01 4.229706005381879130e+00 -2.336280866471830109e+02 8.281429530931038698e+02 -6.210288968130155808e+03 2.728154166444284783e+04 -6.319065415729052802e+03 8.500719245678311609e+02 -2.468874799849093620e+02 3.147185034403221948e+00 -1.938869178605726162e+01 -5.419829254222348958e+00 -3.158097455316450475e+00 -1.270056546445939905e+00 -5.304416990341823679e-01 -1.875517616226903550e-01 -6.230053830768089718e-02 -2.619035999938800971e-02 -2.269494362100892004e-02 -2.579422786476742724e-02 -2.648629489115914351e-02 -2.345733992167257226e-02 -1.824500140504571252e-02 -1.276304145559576872e-02 -8.302244832802514740e-03 -5.340799019982672875e-03 -3.742923178698111860e-03 -3.067680393315940293e-03 -2.836034876017074283e-03 -2.692620544487287458e-03 -2.458436172793348248e-03 -2.105526919518069251e-03 -1.694002301769598033e-03 -1.306940359133509965e-03 -1.005193238166246419e-03 -8.089610328546245881e-04 -7.020792823855295491e-04 -6.487465611520980540e-04 -6.121339764762051810e-04 -5.674078496975723095e-04 -5.062187456063477241e-04 -4.336611897198698129e-04 -3.616887249557657578e-04 -3.009306616006307057e-04 -2.561696145404538370e-04 -2.291805852151244049e-04 -2.131082932921042736e-04 -2.013655329086348170e-04 -1.883720181806961165e-04 -1.717306681256421975e-04 -1.521176425419167890e-04 -1.321161523672096630e-04 -1.145712859761962806e-04 -1.012685468893175845e-04 -9.237016226185047925e-05 -8.665590114678573528e-05 -8.228119314919270558e-05 -7.762594221276201132e-05 -7.187064114089829442e-05 -6.512329874956858779e-05 -5.814332628221329278e-05 -5.185947023578224438e-05 -4.692157036999633035e-05 -4.346289272127489223e-05 -4.112784889757971373e-05 -3.929872704758647788e-05 -3.740388174632604663e-05 -3.508036111946319287e-05 -3.264440218450996703e-05 -2.886455817712351007e-05 -3.355478077231070723e-05
-1.090521615218297525e-07 -1.334090885580709627e-06 -5.786288690915517500e-06 -1.338185137513969019e-05 -2.218295869834528784e-05 -2.929882744088434070e-05 -3.313757299687505029e-05 -3.611847634391739017e-05 -4.659256309442923589e-05 -7.841497872736743287e-05 -1.469879521257304517e-04 -2.619942059030152723e-04 -4.191939003811246886e-04 -5.959505112342352142e-04 -7.564972630937495494e-04 -8.715449475126461724e-04 -9.522054163130116468e-04 -1.089624765599200547e-03 -1.481417618776460689e-03 -2.418069006777776378e-03 -4.201462212914649878e-03 -6.983197283792782692e-03 -1.054697768481669892e-02 -1.412487668146072961e-02 -1.644461331648466168e-02 -1.634803328953937304e-02 -1.456992022585256764e-02 -1.752999136320850318e-02 -4.516757360532971943e-02 -1.429359351523295518e-01 -4.193079264004343498e-01 -1.030234252862913369e+00 -2.654243022918779893e+00 -4.595583034927241073e+00 -1.742028640692703689e+01 4.220884055266065360e+00 -2.357306854590050591e+02 8.351125672215310942e+02 -6.263478573362117459e+03 2.751136247307404847e+04 -6.371704270486465248e+03 8.571918809913272526e+02 -2.488958258230006493e+02 3.192359242434984257e+00 -1.953621557427731048e+01 -5.457490786207924494e+00 -3.180211816965451188e+00 -1.278582901437204322e+00 -5.339826428547373993e-01 -1.888401407656367659e-01 -6.280220345913849200e-02 -2.646421475757354189e-02 -2.293158530992166558e-02 -2.602641452187460375e-02 -2.669968833364993327e-02 -2.363500644659618025e-02 -1.838082657405023732e-02 -1.286111783995229525e-02 -8.371938526634077268e-03 -5.392061516755916779e-03 -3.783505810135262635e-03 -3.102288135187853887e-03 -2.866781104272623192e-03 -2.720028963402855091e-03 -2.482413907061371047e-03 -2.126011246670873964e-03 -1.711224942456835135e-03 -1.321405404891530782e-03 -1.017518248191396062e-03 -8.197100205101552845e-04 -7.116632954016870183e-04 -6.574018606150945458e-04 -6.199839575073984050e-04 -5.744496686243412116e-04 -5.126696367153582741e-04 -4.393951560956735813e-04 -3.653876681947696467e-04 -3.041751490660313359e-04 -2.600653178181422170e-04 -2.326586544739545580e-04 -2.164382317440018675e-04 -2.044784404417877399e-04 -1.912792138222894466e-04 -1.744299660394161926e-04 -1.546191192317778438e-04 -1.344370960269378667e-04 -1.167332981937504760e-04 -1.032923898061187932e-04 -9.427208357350307945e-05 -8.844640152427877796e-05 -8.396618733971627894e-05 -7.920922495546651998e-05 -7.335630793917523784e-05 -6.651712937031596033e-05 -5.945283482824240297e-05 -5.309300638281514237e-05 -4.808711089642933692e-05 -4.456782266097252855e-05 -4.217713644962815301e-05 -4.030982189715283777e-05 -3.833769334856649706e-05 -3.627415525148588722e-05 -3.245894679330857581e-05 -3.768038209826632851e-05
-1.009971919919667621e-08 -1.013149965382683102e-06 -4.554956160113700421e-06 -1.127860055745911230e-05 -2.042901177720464934e-05 -2.996332153051377956e-05 -3.747563739164929032e-05 -4.209023410419907122e-05 -4.686682298702560284e-05 -6.055956058340563074e-05 -9.718129877693704600e-05 -1.720938839943793590e-04 -2.947451660177648138e-04 -4.604065226421531981e-04 -6.456668811080028920e-04 -8.138570645698514974e-04 -9.351261500108823963e-04 -1.021117706226092135e-03 -1.165381199504918501e-03 -1.570139778151455508e-03 -2.532042245766101887e-03 -4.358665877520180067e-03 -7.203528798472418233e-03 -1.084474928456602601e-02 -1.449904826483607023e-02 -1.687142708906834432e-02 -1.678523260397187661e-02 -1.498837393645195692e-02 -1.799700148083514112e-02 -4.602498387517500039e-02 -1.451152689216760605e-01 -4.250259299849903916e-01 -1.043563577510532525e+00 -2.686126440429986051e+00 -4.651437302166447019e+00 -1.760250428528258482e+01 4.214666082870674124e+00 -2.378943550156944866e+02 8.423173198236407870e+02 -6.318426056956595858e+03 2.774911744523062953e+04 -6.426213360619847663e+03 8.645675506894502860e+02 -2.509793309882591075e+02 3.238546819254092490e+00 -1.968980349590129109e+01 -5.496879308285286037e+00 -3.203348219412352371e+00 -1.287526146547316896e+00 -5.376974379129688675e-01 -1.901869915564209923e-01 -6.331927399927672617e-02 -2.674122806363985611e-02 -2.317097499687806664e-02 -2.626356739830098749e-02 -2.691941869331979792e-02 -2.381883111508712597e-02 -1.852153813925537865e-02 -1.296243518965525289e-02 -8.443419789565332137e-03 -5.444132460863486227e-03 -3.824420053185467998e-03 -3.137122455322036586e-03 -2.897835460020502674e-03 -2.747852603486723982e-03 -2.506843906922069046e-03 -2.146890655411673975e-03 -1.728719739362890879e-03 -1.336005250519565948e-03 -1.029873703011155309e-03 -8.304392682470780693e-04 -7.212446682133127071e-04 -6.660591715271462062e-04 -6.280099527811039157e-04 -5.816902362910282434e-04 -5.177481056227842314e-04 -4.438174921202318770e-04 -3.702350826651372223e-04 -3.084218746422118132e-04 -2.640334364712094875e-04 -2.363357932771925304e-04 -2.198733516302796764e-04 -2.076831559383571538e-04 -1.942582455267009357e-04 -1.771870366427666301e-04 -1.571648201477386783e-04 -1.367900623818053656e-04 -1.189170645265763158e-04 -1.053302873779218162e-04 -9.618294994559476927e-05 -9.024275197832232426e-05 -8.565504336149475269e-05 -8.079462829476479293e-05 -7.484209301146228744e-05 -6.790877529287978260e-05 -6.075793811327860215e-05 -5.432053476269383172e-05 -4.924683252407219839e-05 -4.566734901923233338e-05 -4.323764774600798774e-05 -4.128808287366757918e-05 -3.961130028987193847e-05 -3.600420685021543947e-05 -4.228114033933999294e-05
5.787102210407652932e-08 -4.825099643426601635e-07 -2.367395381307104987e-06 -6.702550002154509505e-06 -1.410856280397796621e-05 -2.423833610612982642e-05 -3.544890704322260511e-05 -4.544125726331799678e-05 -5.311096554403872271e-05 -6.116482167333175003e-05 -7.818867017937540520e-05 -1.184118111579852246e-04 -1.977411552377863059e-04 -3.261827611778143573e-04 -4.991588361536220160e-04 -6.927290335849095940e-04 -8.691333487256985065e-04 -9.974813776533640250e-04 -1.089417213829808970e-03 -1.240523408425245984e-03 -1.657533426515899735e-03 -2.643418737871577450e-03 -4.511759835205476563e-03 -7.418315961163136907e-03 -1.113584652520127269e-02 -1.486579163981760661e-02 -1.729034436428121199e-02 -1.721414540164759380e-02 -1.539806444462802140e-02 -1.845500875327149917e-02 -4.687544567901887754e-02 -1.472980853568486570e-01 -4.307847603727194552e-01 -1.057026120943531877e+00 -2.718445369975440951e+00 -4.708049738321607336e+00 -1.778856785914538108e+01 4.210913422537460704e+00 -2.401211529565561307e+02 8.497625657309812368e+02 -6.375173963445332447e+03 2.799497615462640533e+04 -6.482629695379294390e+03 8.722037203788828492e+02 -2.531393012341251847e+02 3.285776037117082549e+00 -1.984954159981753818e+01 -5.538013719285549641e+00 -3.227516735320925978e+00 -1.296889492315358439e+00 -5.415873788962720647e-01 -1.915930382332076409e-01 -6.385244573370742194e-02 -2.702212430079332581e-02 -2.341377905887318325e-02 -2.650619983288704865e-02 -2.714580495229540133e-02 -2.400896148478877390e-02 -1.866718018204798976e-02 -1.306701416804247930e-02 -8.516746507671471220e-03 -5.497129494977203226e-03 -3.865826972853200500e-03 -3.172347460310829658e-03 -2.929322949342176314e-03 -2.776153093854472759e-03 -2.531727238881535755e-03 -2.168131610903124753e-03 -1.746454983145645989e-03 -1.350736891479653503e-03 -1.042308412035956172e-03 -8.411976750483880815e-04 -7.309996429278331227e-04 -6.749104945023579267e-04 -6.346873608223323974e-04 -5.876570903826849532e-04 -5.239971109756081562e-04 -4.492671806459722409e-04 -3.751826479762189058e-04 -3.128822903462574571e-04 -2.681119549268792921e-04 -2.401041178450188896e-04 -2.233791369140811776e-04 -2.109475826375669478e-04 -1.972877272977535538e-04 -1.799854806499209521e-04 -1.597423369756087561e-04 -1.391655068017832249e-04 -1.211152503742684590e-04 -1.073766104851987937e-04 -9.809845391674606356e-05 -9.204167181129697690e-05 -8.734529585730216978e-05 -8.238037342155781601e-05 -7.632685659716560950e-05 -6.929780294090024870e-05 -6.205901455025421363e-05 -5.554417145984397175e-05 -5.040279073803542346e-05 -4.678139694747433921e-05 -4.426313795718678446e-05 -4.264891699060590052e-05 -3.924663756916923617e-05 -4.695013507774048608e-05
7.659218348563550488e-08 5.157285343378147312e-09 -2.809332982051345061e-07 -1.957297207710044019e-06 -6.586195351226332615e-06 -1.539649970274097073e-05 -2.821346233978602288e-05 -4.301131076238117249e-05 -5.672709125127555244e-05 -6.751548478925946980e-05 -7.778170309045359394e-05 -9.646962656137831596e-05 -1.387320650364007161e-04 -2.215749960018028870e-04 -3.557469054207446101e-04 -5.366131035834542260e-04 -7.392558656719949934e-04 -9.243665591882853361e-04 -1.059743274894909496e-03 -1.157024699307989107e-03 -1.314035595047308158e-03 -1.742307747588753503e-03 -2.751358050276966373e-03 -4.660844057895963122e-03 -7.628695347620823193e-03 -1.142216679304393183e-02 -1.522727846864293556e-02 -1.770332741539299565e-02 -1.763622703148401069e-02 -1.579994914918572343e-02 -1.890488283564200483e-02 -4.772073062137160981e-02 -1.494890070582240160e-01 -4.365957219565809733e-01 -1.070646416878269669e+00 -2.751252579282576605e+00 -4.765512181770900746e+00 -1.797871512346100786e+01 4.209504954425583811e+00 -2.424131346156985671e+02 8.574538443418753104e+02 -6.433766025910134886e+03 2.824911514054239160e+04 -6.540992106295476333e+03 8.801054535503179750e+02 -2.553771244031706544e+02 3.334077983465850270e+00 -2.001552271096819879e+01 -5.580914816622946972e+00 -3.252728764356779934e+00 -1.306676865981116542e+00 -5.456542202579738321e-01 -1.930592657363124354e-01 -6.440249696575514604e-02 -2.730755374974584010e-02 -2.366048834465954431e-02 -2.675462880854777292e-02 -2.737902713442871491e-02 -2.420550957744170562e-02 -1.881786289197595261e-02 -1.317499919606740337e-02 -8.592094808289473321e-03 -5.551229691360367799e-03 -3.907866710061194161e-03 -3.208042098724711924e-03 -2.961261964635970682e-03 -2.804911807164250578e-03 -2.557043236508177355e-03 -2.189738231009534519e-03 -1.764483566084675079e-03 -1.365652116896376011e-03 -1.055000147933711453e-03 -8.521791226595825785e-04 -7.394220077356675712e-04 -6.824994514609956887e-04 -6.425345425228669608e-04 -5.946687663226342749e-04 -5.303834857983602460e-04 -4.549664836093679997e-04 -3.802694296839522923e-04 -3.174510839586058082e-04 -2.722680524251982863e-04 -2.439331906811108991e-04 -2.269356633042973878e-04 -2.142565695151792550e-04 -2.003562433367281858e-04 -1.828165033539749893e-04 -1.623448980542623868e-04 -1.415582525038104925e-04 -1.233239567741953779e-04 -1.094284781503182996e-04 -1.000165170864734785e-04 -9.384171844419229272e-05 -8.903603367919996504e-05 -8.396605149541764624e-05 -7.781078631461365647e-05 -7.068513375682312742e-05 -6.335876549509532980e-05 -5.676640052075243310e-05 -5.157716032613197287e-05 -4.785826602368313862e-05 -4.571472336044231512e-05 -4.219030765541680907e-05 -5.133745379928743383e-05
5.334207861331968975e-08 2.817759671185757262e-07 9.685150679261642927e-07 1.199396822284461635e-06 -8.251141370753669600e-07 -7.164772327512161526e-06 -1.897136728920660191e-05 -3.547043659348251502e-05 -5.378719643226183267e-05 -7.015149869704400060e-05 -8.248113288431430925e-05 -9.355190441649791002e-05 -1.131823303683742333e-04 -1.575976404630009277e-04 -2.446642285004431362e-04 -3.854021475140292788e-04 -5.746544064325596630e-04 -7.862693437062130437e-04 -9.794258274401070139e-04 -1.120881700210277785e-03 -1.222621479911651559e-03 -1.384972040411528013e-03 -1.824323884242359545e-03 -2.856597649635168358e-03 -4.807276860700636714e-03 -7.836234486193877774e-03 -1.170512088044236426e-02 -1.558458218500797209e-02 -1.811114539203597176e-02 -1.805212415042353399e-02 -1.619480304866400405e-02 -1.934786280294927344e-02 -4.856319137688494547e-02 -1.516929741329881842e-01 -4.424696881423653694e-01 -1.084447394750154503e+00 -2.784597598350239345e+00 -4.823911112952655067e+00 -1.817317590268462979e+01 4.210334486971169632e+00 -2.447723628790087389e+02 8.653968870490188010e+02 -6.494247255721472357e+03 2.851171809259651491e+04 -6.601341267790266102e+03 8.882780898556191005e+02 -2.576942700534306709e+02 3.383486252037563258e+00 -2.018784665008312018e+01 -5.625605617691732618e+00 -3.278997264826678304e+00 -1.316892972676753315e+00 -5.499000522636033894e-01 -1.945866825040585557e-01 -6.497005276646171390e-02 -2.759796134029872741e-02 -2.391143821995933214e-02 -2.700912216153302653e-02 -2.761932361695908222e-02 -2.440870859534046214e-02 -1.897381541461842444e-02 -1.328659628038800916e-02 -8.669622146426204587e-03 -5.606526525290735086e-03 -3.950573338625457294e-03 -3.244204620148260533e-03 -2.993648001050422131e-03 -2.834146321190269754e-03 -2.582854445829962237e-03 -2.211768795455298225e-03 -1.782986345704893824e-03 -1.380946764825658401e-03 -1.066459826742274753e-03 -8.619424647184625865e-04 -7.490072873773486904e-04 -6.911261179551983665e-04 -6.505338878936092360e-04 -6.019588810024481713e-04 -5.369480676972822244e-04 -4.608128620383947194e-04 -3.854642476596199384e-04 -3.220993097847814389e-04 -2.764831669077813807e-04 -2.478091702562075548e-04 -2.305327270477778114e-04 -2.176023745030256041e-04 -2.034578724808916114e-04 -1.856755782519896401e-04 -1.649690975069175510e-04 -1.439658167914484364e-04 -1.255414629813169768e-04 -1.114847895185978839e-04 -1.019365390818860451e-04 -9.564271329613640692e-05 -9.072748398001449939e-05 -8.555240390474424205e-05 -7.929528948553765189e-05 -7.207398532855777194e-05 -6.466001010970890838e-05 -5.801142712276788349e-05 -5.271272902050360510e-05 -4.940257666394642466e-05 -4.517335586801307288e-05 -5.536412504288523316e-05
1.074247479601619922e-08 3.052332883225827075e-07 1.164434141099312170e-06 2.091370629932074709e-06 1.677551951482022435e-06 -2.078097998408603820e-06 -1.099054206196174160e-05 -2.568198032242864558e-05 -4.480769006976804449e-05 -6.511219526110761241e-05 -8.276572646124714006e-05 -9.596130580579449016e-05 -1.080051397315792873e-04 -1.293647851807530201e-04 -1.768687840959360215e-04 -2.687630388000794026e-04 -4.160550224072818949e-04 -6.130762677549820823e-04 -8.327060877230358727e-04 -1.032984803677321119e-03 -1.179938318673058812e-03 -1.286013257791881505e-03 -1.453933435706778301e-03 -1.904691230719663449e-03 -2.960331977032223429e-03 -4.951991200320115735e-03 -8.041484023837091807e-03 -1.198500527935437467e-02 -1.593802345072847446e-02 -1.851441105436984688e-02 -1.846286701872775285e-02 -1.658404076062445012e-02 -1.978571680178942138e-02 -4.940529666141776216e-02 -1.539144686885566826e-01 -4.484164505356166841e-01 -1.098450230822216822e+00 -2.818527299258782648e+00 -4.883328956620179184e+00 -1.837217414857224185e+01 4.213308518947206593e+00 -2.472009165453083881e+02 8.735976255023784915e+02 -6.556664028224922731e+03 2.878297604973054331e+04 -6.663719723948863248e+03 8.967272454414005551e+02 -2.600922898958749556e+02 3.434036403170563023e+00 -2.036662047080627858e+01 -5.672111423060886004e+00 -3.306336614817083852e+00 -1.327543047022165634e+00 -5.543270582708443861e-01 -1.961761858677147363e-01 -6.555560346745691047e-02 -2.789373299313832252e-02 -2.416700542091049925e-02 -2.727005548214456523e-02 -2.786704502836759648e-02 -2.461885253738462301e-02 -1.913525095413224492e-02 -1.340193156853314131e-02 -8.749382814216550078e-03 -5.663033961396442099e-03 -3.993957508622034483e-03 -3.280867865782072148e-03 -3.026557805667971172e-03 -2.863927128407602746e-03 -2.609350023579475042e-03 -2.234424636746282482e-03 -1.800492281783425044e-03 -1.395194633154084492e-03 -1.079161176007034390e-03 -8.727701685079953522e-04 -7.587530332598624522e-04 -7.000357859617044667e-04 -6.587290363916626203e-04 -6.094285557035387067e-04 -5.436619546662469589e-04 -4.667791413580399222e-04 -3.907499100819011384e-04 -3.268143305758680357e-04 -2.807482441112007523e-04 -2.517254365111204961e-04 -2.341654624858175110e-04 -2.209814003329156661e-04 -2.065899701388796003e-04 -1.885608128089179606e-04 -1.676136664830785476e-04 -1.463874618877595050e-04 -1.277674836196343957e-04 -1.135456425916351198e-04 -1.038589558372466401e-04 -9.744543192639970261e-05 -9.242088250096683409e-05 -8.714128425991864797e-05 -8.078406318641232430e-05 -7.346748513441138243e-05 -6.598882679652128122e-05 -5.921691003247457863e-05 -5.435442886971817599e-05 -4.879391395012234848e-05 -5.934974370647050926e-05
-2.709515366728803404e-08 1.423321223717433841e-07 5.547437692932507639e-07 1.098390486114616204e-06 1.082914184599569132e-06 -7.886801155445102984e-07 -6.236755613733173903e-06 -1.680628582603591628e-05 -3.298859744072632272e-05 -5.346583327480821426e-05 -7.509890766737836981e-05 -9.417874380712962256e-05 -1.089896408472547346e-04 -1.229406174888003384e-04 -1.466897115518442515e-04 -1.973783894056444009e-04 -2.936115434817353556e-04 -4.466071186368342043e-04 -6.505264156948030278e-04 -8.775809762101840703e-04 -1.084813394998784342e-03 -1.237460298061082448e-03 -1.348224115771513767e-03 -1.521975127105938252e-03 -1.984123721318540451e-03 -3.062794138278152577e-03 -5.094873253941575864e-03 -8.244305838170255807e-03 -1.226200793157868930e-02 -1.628833210215537355e-02 -1.891438433899209418e-02 -1.887002494628765500e-02 -1.696925169765770361e-02 -2.021994829081889475e-02 -5.024890656594221267e-02 -1.561571865386479352e-01 -4.544449270885363434e-01 -1.112675030692526157e+00 -2.853086895255647182e+00 -4.943845218205449754e+00 -1.857592952107534856e+01 4.218344939993534659e+00 -2.497008973476990263e+02 8.820622002231588112e+02 -6.621064166097643465e+03 2.906308761236887949e+04 -6.728171921247321734e+03 9.054588142370814694e+02 -2.625728185288394911e+02 3.485765731174659265e+00 -2.055195834719759418e+01 -5.720459575826665422e+00 -3.334762359422458466e+00 -1.338632707760720075e+00 -5.589375242085917739e-01 -1.978287024500581248e-01 -6.615969854407295625e-02 -2.819535213150805089e-02 -2.442766350440737227e-02 -2.753785437039452111e-02 -2.812252211588571471e-02 -2.483615680021384470e-02 -1.930228312322395529e-02 -1.352105507315789872e-02 -8.831409453243815877e-03 -5.720800519198715982e-03 -4.038109781686574640e-03 -3.318116176786414361e-03 -3.060192863095556170e-03 -2.894466242350653921e-03 -2.635081103913335891e-03 -2.256297393355329202e-03 -1.819456334594950816e-03 -1.410662035639995322e-03 -1.092116121325535085e-03 -8.839186547540600278e-04 -7.687059679016605739e-04 -7.091338731737577197e-04 -6.670942727884132976e-04 -6.170532574487648915e-04 -5.505099543871125496e-04 -4.728542026435275376e-04 -3.961185726798798542e-04 -3.315905922435977930e-04 -2.850594401018405463e-04 -2.556793941816755031e-04 -2.378321753955929833e-04 -2.243926007649770340e-04 -2.097519705538111929e-04 -1.914720216359716456e-04 -1.702787436860591036e-04 -1.488236166041058764e-04 -1.300027145938712652e-04 -1.156119940424734445e-04 -1.057850140258389935e-04 -9.925155178211075466e-05 -9.411850590338002908e-05 -8.873687715330943083e-05 -8.228060017774771549e-05 -7.489367259236151509e-05 -6.727820293698022415e-05 -6.096757027279551920e-05 -5.368808436978624108e-05 -6.396923697938676739e-05
-4.496625849080965790e-08 -8.533432903732539752e-08 -3.660282472938825773e-07 -7.707056474699105156e-07 -1.293924761794084224e-06 -2.317866098577866122e-06 -4.941300275174769857e-06 -1.091849271241496015e-05 -2.204893761816443431e-05 -3.915040340929462642e-05 -6.111228566555775780e-05 -8.476053537551522332e-05 -1.061276692841101976e-04 -1.231758169321364390e-04 -1.391526960066317216e-04 -1.648863873516294974e-04 -2.180304641047145638e-04 -3.178526874503553000e-04 -4.760467776291096940e-04 -6.867244342355024751e-04 -9.213762718694193474e-04 -1.135868604066154032e-03 -1.294438630977714924e-03 -1.409895687642373366e-03 -1.589222822353466734e-03 -2.062329787582501718e-03 -3.163570915329196216e-03 -5.235739099302148640e-03 -8.445003411238872354e-03 -1.253698983432184784e-02 -1.663679635045827235e-02 -1.931251530758101853e-02 -1.927492554871902339e-02 -1.735147942082442343e-02 -2.065144383967633390e-02 -5.109540262454052850e-02 -1.584245517758525734e-01 -4.605638336205362116e-01 -1.127141432555787581e+00 -2.888320396330234185e+00 -5.005536867388601152e+00 -1.878465826501732749e+01 4.225372131574316015e+00 -2.522744365155478761e+02 8.907969689618645361e+02 -6.687497021461692384e+03 2.935225916765850707e+04 -6.794744246378760181e+03 9.144789706056678824e+02 -2.651375740834284898e+02 3.538713376708282343e+00 -2.074398136324515107e+01 -5.770679324454626169e+00 -3.364291210642979646e+00 -1.350168086610986640e+00 -5.637340233865252292e-01 -1.995453399764698099e-01 -6.678300139696861926e-02 -2.850334399513997433e-02 -2.469385385520289633e-02 -2.781285781641656268e-02 -2.838598363546988856e-02 -2.506076202228805713e-02 -1.947500655945083245e-02 -1.364405355570894908e-02 -8.915815515063752611e-03 -5.779926275123237027e-03 -4.083244157295462008e-03 -3.356173738568438234e-03 -3.093129299236896997e-03 -2.924377271681614411e-03 -2.662489571034046525e-03 -2.279641515393613423e-03 -1.838906074528268066e-03 -1.426616778704591602e-03 -1.105374505445376855e-03 -8.952975501339393563e-04 -7.788438101571903407e-04 -7.183991011650074600e-04 -6.756172388355037757e-04 -6.248242071803908511e-04 -5.574860515400159025e-04 -4.790338986153102208e-04 -4.015675190268648618e-04 -3.364264876232895326e-04 -2.894160008923107158e-04 -2.596709170461510788e-04 -2.415331766186770333e-04 -2.278365788021731605e-04 -2.129446754180594665e-04 -1.944101579329110020e-04 -1.729654205474641978e-04 -1.512755196124550099e-04 -1.322485728215738233e-04 -1.176855040069809213e-04 -1.077167922942619867e-04 -1.010637656942892684e-04 -9.582508108360510612e-05 -9.034316716539747647e-05 -8.381535090074878887e-05 -7.628088103891416890e-05 -6.915820987903692431e-05 -6.023714612302691974e-05 -7.002070220943194291e-05
-4.036387951319856297e-08 -2.628911324107059709e-07 -1.112662538181752102e-06 -2.435769974113048158e-06 -3.805080521899712640e-06 -4.880222855606830379e-06 -5.988826962760491933e-06 -8.483033248309058860e-06 -1.456291451072214837e-05 -2.644816576802217089e-05 -4.514467888227599064e-05 -6.940031204169945208e-05 -9.562789735915991807e-05 -1.193671625418789338e-04 -1.382549918004849553e-04 -1.555794071144256223e-04 -1.826311160735673907e-04 -2.378203859669229695e-04 -3.411748804393072588e-04 -5.047920023511821841e-04 -7.225477372139607005e-04 -9.650088773391444228e-04 -1.186736546296809740e-03 -1.350959294316271975e-03 -1.470691439301171277e-03 -1.655178550712473225e-03 -2.138964252490297042e-03 -3.262704900189084684e-03 -5.375095586882538100e-03 -8.644463356876274859e-03 -1.281103253679976260e-02 -1.698449330293714393e-02 -1.970973419798614790e-02 -1.967830574841133648e-02 -1.773134076594378924e-02 -2.108095360404344323e-02 -5.194628497304448755e-02 -1.607201762293147262e-01 -4.667818628881494347e-01 -1.141868537722438681e+00 -2.924270503603606741e+00 -5.068478468538759607e+00 -1.899857413554961738e+01 4.234327812634177235e+00 -2.549237012592599285e+02 8.998085149881715097e+02 -6.756013556982157752e+03 2.965070512822294768e+04 -6.863485068528388183e+03 9.237941732974252318e+02 -2.677883590085310175e+02 3.592920375334345273e+00 -2.094281756656035043e+01 -5.822801959544642081e+00 -3.394941224899012067e+00 -1.362155971305976321e+00 -5.687194655972916957e-01 -2.013273299460116572e-01 -6.742616155274311351e-02 -2.881814129893321003e-02 -2.496590548882383215e-02 -2.809532287568063114e-02 -2.865763674847230866e-02 -2.529284623813464472e-02 -1.965359870706199705e-02 -1.377106760616514207e-02 -9.002838746633870168e-03 -5.840650876661948945e-03 -4.127961773260915672e-03 -3.393676932858959334e-03 -3.127800027159704198e-03 -2.955907837302454173e-03 -2.690622273374639051e-03 -2.303739121480234252e-03 -1.858896484862475112e-03 -1.442973510404153142e-03 -1.118917664892734925e-03 -9.068888703892035363e-04 -7.891572850196207183e-04 -7.278255880468963114e-04 -6.842945105848608541e-04 -6.327394364168967625e-04 -5.645892655045018456e-04 -4.853179748916940399e-04 -4.070970818100085107e-04 -3.413228339428932257e-04 -2.938191240872065611e-04 -2.637014703520961130e-04 -2.452700908349649445e-04 -2.313150329264050686e-04 -2.161698062514536174e-04 -1.973769533123951453e-04 -1.756754606240992756e-04 -1.537450240586388424e-04 -1.345071028631578971e-04 -1.197686316066052560e-04 -1.096574082524470501e-04 -1.028874311651025559e-04 -9.754523453790923753e-05 -9.199380547290717523e-05 -8.531113082704575392e-05 -7.831757210502701054e-05 -6.833605019698307630e-05 -7.807695890184834884e-05
-2.109434527915073338e-08 -3.250785565205958721e-07 -1.396915637911770398e-06 -3.187375522057206600e-06 -5.206044189919860732e-06 -6.805987173032172523e-06 -7.726925749824146750e-06 -8.618451238951519631e-06 -1.124520799766350254e-05 -1.812538515001619257e-05 -3.156854306013126739e-05 -5.240800800720988911e-05 -7.902788946568570325e-05 -1.074316037627891219e-04 -1.328712440363737730e-04 -1.529532332933408875e-04 -1.712514420818793545e-04 -1.996144412684208681e-04 -2.571309952552876341e-04 -3.643924658850327043e-04 -5.336860188663337468e-04 -7.585159251585803578e-04 -1.008516788989348347e-03 -1.237051551360034097e-03 -1.406501568370579439e-03 -1.530226161433168464e-03 -1.719797655303249720e-03 -2.214371669947547226e-03 -3.360830785507010979e-03 -5.513693193826082854e-03 -8.843395982513673273e-03 -1.308473634061531853e-02 -1.733194200401131854e-02 -2.010656568154134405e-02 -2.008078170024055198e-02 -1.810960658890159794e-02 -2.150952253332089406e-02 -5.280329440323769385e-02 -1.630476743438462606e-01 -4.731073444324610522e-01 -1.156874647201583395e+00 -2.960978661254053623e+00 -5.132742682135531531e+00 -1.921788965675518313e+01 4.245157762976112359e+00 -2.576509008149423039e+02 9.091036558623634392e+02 -6.826666426203158153e+03 2.995864818448040387e+04 -6.934444786111690519e+03 9.334111702234660015e+02 -2.705270613383587488e+02 3.648429467152459083e+00 -2.114860221274993179e+01 -5.876860968280952058e+00 -3.426731850397145340e+00 -1.374603743928477062e+00 -5.738969665129238784e-01 -2.031758924934597421e-01 -6.808973477565817556e-02 -2.914008938075763819e-02 -2.524411561550193861e-02 -2.838553674263496335e-02 -2.893776870609556656e-02 -2.553264238097715383e-02 -1.983836340745209065e-02 -1.390237933705042866e-02 -9.091117953839033053e-03 -5.901637578174507778e-03 -4.174688718574238490e-03 -3.432868491686999653e-03 -3.163273144721949568e-03 -2.988357717862671729e-03 -2.719543307057377401e-03 -2.328513128687881035e-03 -1.879414665250461096e-03 -1.459718595209161295e-03 -1.132739762566473086e-03 -9.186897559224756421e-04 -7.996458052850656051e-04 -7.374140435333232518e-04 -6.931275366138744086e-04 -6.408007692080264477e-04 -5.718216145006126388e-04 -4.917085792397014399e-04 -4.127095292899342913e-04 -3.462820161469641936e-04 -2.982712860886641698e-04 -2.677735729158541478e-04 -2.490454207628747221e-04 -2.348304019175824942e-04 -2.194297179625765055e-04 -2.003746979957225435e-04 -1.784111585798102092e-04 -1.562345602946535776e-04 -1.367811474203813938e-04 -1.218649394871551967e-04 -1.116129447622622392e-04 -1.047279273502052955e-04 -9.931676383050577219e-05 -9.360421759968781436e-05 -8.753350933708699624e-05 -7.735826413639992709e-05 -8.817029099734359000e-05
8.825202590198600321e-10 -2.697429370328463944e-07 -1.191330008494622074e-06 -2.873346277161015171e-06 -5.044931713317782117e-06 -7.173457364413552759e-06 -8.765328056205964408e-06 -9.806827785991600462e-06 -1.116737101784978264e-05 -1.471929822060989648e-05 -2.295340597447676200e-05 -3.804787698643279120e-05 -6.065746811678301997e-05 -8.899511539336541985e-05 -1.189419354317468856e-04 -1.457092991547306881e-04 -1.669777053591433376e-04 -1.865405898496507982e-04 -2.166160875813222004e-04 -2.767569226200797456e-04 -3.879729410299256865e-04 -5.627193296040977491e-04 -7.942247575936006504e-04 -1.051349767666377548e-03 -1.286403519707396241e-03 -1.460990748463179573e-03 -1.588793400547059299e-03 -1.783622131727857904e-03 -2.289147057518693424e-03 -3.458428035020617852e-03 -5.651833234986343955e-03 -9.041989597077863122e-03 -1.335832777777458749e-02 -1.767956199480066534e-02 -2.050369847391738873e-02 -2.048327202382526843e-02 -1.848731690370287659e-02 -2.193828992288453586e-02 -5.366802927444391802e-02 -1.654103003901018498e-01 -4.795480871705152248e-01 -1.172177410968308964e+00 -2.998485529423528639e+00 -5.198400988941576095e+00 -1.944281727762754386e+01 4.257814921066645830e+00 -2.604582917811142693e+02 9.186894527596321041e+02 -6.899510053880913802e+03 3.027631957024017538e+04 -7.007675878161094261e+03 9.433370038124789971e+02 -2.733556563586028005e+02 3.705284915706500204e+00 -2.136147789574807376e+01 -5.932891989587239401e+00 -3.459683799806687166e+00 -1.387519243660895185e+00 -5.792697651268768899e-01 -2.050922395616323612e-01 -6.877426250920896933e-02 -2.946955791680019518e-02 -2.552885155301896913e-02 -2.868383519164086071e-02 -2.922679102719872440e-02 -2.578052598158891290e-02 -2.002802022641120977e-02 -1.403670760467725341e-02 -9.183088628904248832e-03 -5.965130800986023080e-03 -4.222515316227010325e-03 -3.473066437817585051e-03 -3.199623958832465212e-03 -3.021661375946178407e-03 -2.749249286789408244e-03 -2.353957546940863964e-03 -1.900460521989860707e-03 -1.476853452900113439e-03 -1.146843560432392372e-03 -9.307037935855529132e-04 -8.103134867637638503e-04 -7.471688132380615134e-04 -7.021206492533147185e-04 -6.490123670306394144e-04 -5.791870286083198108e-04 -4.982094251424045708e-04 -4.184084088927150389e-04 -3.513074631476359954e-04 -3.027758184976015376e-04 -2.718904509329385052e-04 -2.528622634576216778e-04 -2.383856366383693031e-04 -2.227272286029137092e-04 -2.034061463822641358e-04 -1.811753535838681029e-04 -1.587473775888531319e-04 -1.390747386014791215e-04 -1.239813049436455075e-04 -1.135895520162140973e-04 -1.066280100290152393e-04 -1.010451488251274798e-04 -9.603664852631548139e-05 -8.638667677020566826e-05 -9.968152730659217246e-05
1.558544346407433933e-08 -1.431995029033701726e-07 -6.761675479679937997e-07 -1.820388006043207445e-06 -3.641907590138564874e-06 -5.980698016901217409e-06 -8.452224885708623214e-06 -1.065123726358971444e-05 -1.254540401853800669e-05 -1.490464852204822924e-05 -1.949381082814497681e-05 -2.875794910198064785e-05 -4.491408415473370237e-05 -6.870389181658682909e-05 -9.840391664943616481e-05 -1.298786264616130456e-04 -1.582446864482603876e-04 -1.810854447280142265e-04 -2.022134201355482556e-04 -2.340762432987796959e-04 -2.966634403798284309e-04 -4.114865839311228801e-04 -5.913129629026460518e-04 -8.292311585228553678e-04 -1.093397413214347797e-03 -1.335049331695401442e-03 -1.514929010773398378e-03 -1.646935334755550515e-03 -1.847047386720077717e-03 -2.363454429592194359e-03 -3.555478450851181412e-03 -5.789469505983855721e-03 -9.240357155933262220e-03 -1.363221643372821389e-02 -1.802808775470305866e-02 -2.090209798631641538e-02 -2.088679955001467373e-02 -1.886539854513691328e-02 -2.236811507685246628e-02 -5.454174733099431682e-02 -1.678110043563856568e-01 -4.861116614014034942e-01 -1.187794237566505373e+00 -3.036831433628477850e+00 -5.265524131106615435e+00 -1.967357009419876235e+01 4.272258886413476731e+00 -2.633481830540897590e+02 9.285732199828521516e+02 -6.974600717132087084e+03 3.060395934160053730e+04 -7.083232960169323633e+03 9.535790171453249968e+02 -2.762762083597398828e+02 3.763532547710790155e+00 -2.158159451888426972e+01 -5.990932697219285785e+00 -3.493818973298155495e+00 -1.400910768034443699e+00 -5.848413000389512950e-01 -2.070776843312851223e-01 -6.948037293528615266e-02 -2.980696001707396417e-02 -2.582059574617246236e-02 -2.899069074708033461e-02 -2.952354121347030777e-02 -2.603532137763308815e-02 -2.022506010697063678e-02 -1.417633062404719153e-02 -9.277879975795173123e-03 -6.030473444746846726e-03 -4.271529969451586320e-03 -3.514217507462626209e-03 -3.236860295020181286e-03 -3.055823433762777479e-03 -2.779749452068542518e-03 -2.380081404401096848e-03 -1.922042629332695006e-03 -1.494385995725121914e-03 -1.161236501502966928e-03 -9.429381166071148504e-04 -8.211672049904559590e-04 -7.570964617026501413e-04 -7.112800084850094684e-04 -6.573799164451988447e-04 -5.866907117550575158e-04 -5.048252823434505729e-04 -4.241981352495584399e-04 -3.564033111664883916e-04 -3.073366308903701782e-04 -2.760558100996156295e-04 -2.567241286557817243e-04 -2.419840708302148141e-04 -2.260655650045759874e-04 -2.064745743616132312e-04 -1.839717322415864885e-04 -1.612879969721225633e-04 -1.413955683377435908e-04 -1.261245606877855617e-04 -1.156353503587996843e-04 -1.084806911145398423e-04 -1.037036519467780094e-04 -9.466512663302806784e-05 -1.115445772579578529e-04
1.875045594000342112e-08 -1.022851325799815790e-08 -1.174538859847251347e-07 -5.867296653524921946e-07 -1.767502280034077648e-06 -3.907653918426222532e-06 -6.929024501982004159e-06 -1.037512961538887320e-05 -1.364403016913445695e-05 -1.648519256924551481e-05 -1.954661754819059924e-05 -2.463773560185185965e-05 -3.440016625498914171e-05 -5.130511197629918866e-05 -7.627703347602785965e-05 -1.076036283172878533e-04 -1.409719411865057825e-04 -1.712177692642653630e-04 -1.956996879198084091e-04 -2.182282817709958842e-04 -2.515620548517877048e-04 -3.162630638596170885e-04 -4.344693407597927147e-04 -6.193216753881379284e-04 -8.637481062879523008e-04 -1.135117092087286521e-03 -1.383491756076863808e-03 -1.568676774175716123e-03 -1.704773890110610358e-03 -1.909984957262318012e-03 -2.437124742313405770e-03 -3.651902679197070387e-03 -5.926753085457104817e-03 -9.438941304404825303e-03 -1.390710351677663069e-02 -1.837837181465817871e-02 -2.130262858217227273e-02 -2.129212085592954024e-02 -1.924446472873478017e-02 -2.279961730438741577e-02 -5.542560608650363291e-02 -1.702527557637988354e-01 -4.928056786095045272e-01 -1.203742458254430936e+00 -3.076056449879477572e+00 -5.334182226537502736e+00 -1.991036238387621893e+01 4.288455428547549353e+00 -2.663229407697741067e+02 9.387625345198764535e+02 -7.051996627738266398e+03 3.094181666964680699e+04 -7.161172844008643551e+03 9.641448610386279370e+02 -2.792908724242504945e+02 3.823219885249421690e+00 -2.180910932906969535e+01 -6.051022823063814116e+00 -3.529160542080702623e+00 -1.414787181371618630e+00 -5.906153084277141474e-01 -2.091336594402463389e-01 -7.020882592009551615e-02 -3.015284063949214693e-02 -2.611825951617024674e-02 -2.930502982296148695e-02 -2.983060078255630673e-02 -2.629939119361741559e-02 -2.042869731615461551e-02 -1.432064940684986930e-02 -9.375612531517980852e-03 -6.097632580785091426e-03 -4.321753964505279690e-03 -3.556337556452241616e-03 -3.275002073626410038e-03 -3.090863185298186201e-03 -2.811061636887212788e-03 -2.406900307395043459e-03 -1.944174377637615959e-03 -1.512327777521338922e-03 -1.175928804664610030e-03 -9.554020209859865470e-04 -8.322155692438663183e-04 -7.672049867196260994e-04 -7.206129864136699616e-04 -6.659101376937088916e-04 -5.943387438406310449e-04 -5.115616511219776277e-04 -4.300837211640192847e-04 -3.615741804803504771e-04 -3.119580271373889450e-04 -2.802736916704076263e-04 -2.606348437925654809e-04 -2.456294006523533917e-04 -2.294484558729780008e-04 -2.095841293887411674e-04 -1.868053127116896706e-04 -1.638648960141517381e-04 -1.437509970021073891e-04 -1.283480865100653586e-04 -1.176292267351553445e-04 -1.113749327696421870e-04 -1.020993820880042476e-04 -1.227478719183187504e-04
1.215503853921027779e-08 7.610678790191846152e-08 2.599618314625588471e-07 3.182006338896642185e-07 -2.202712230015800498e-07 -1.864108833291254432e-06 -4.854856021086440046e-06 -8.944217395679201365e-06 -1.342033702666517193e-05 -1.746288783029442381e-05 -2.074446820292909078e-05 -2.401775329925640866e-05 -2.933743850419702115e-05 -3.962781469703253849e-05 -5.755828620231624791e-05 -8.407730221873354736e-05 -1.173031302852324976e-04 -1.526246876475272388e-04 -1.845820512417252479e-04 -2.103941861562149600e-04 -2.340059704028771336e-04 -2.686088068071688581e-04 -3.353939964815266534e-04 -4.571010596895931253e-04 -6.471586323008506753e-04 -8.982322213234520802e-04 -1.176829684764202702e-03 -1.431823273348863763e-03 -1.622121207514150417e-03 -1.762106194553654049e-03 -1.972290531606174253e-03 -2.510190445211269144e-03 -3.747957247590224476e-03 -6.064137325435320011e-03 -9.638318207510682134e-03 -1.418360728158000843e-02 -1.873101750543690672e-02 -2.170585439580237017e-02 -2.169976410939115918e-02 -1.962504796919982766e-02 -2.323348263611681175e-02 -5.632090597921454722e-02 -1.727386343431268623e-01 -4.996377284262089602e-01 -1.220039196052421504e+00 -3.116200357005555421e+00 -5.404444939054796393e+00 -2.015341030826390423e+01 4.306375823393185698e+00 -2.693849932374492937e+02 9.492652459101961995e+02 -7.131758015682785299e+03 3.129015014750081900e+04 -7.241554601834801360e+03 9.750425019216244209e+02 -2.824018964618614405e+02 3.884396157529916849e+00 -2.204418712350217646e+01 -6.113204290238615002e+00 -3.565733057723101229e+00 -1.429157934548730635e+00 -5.965958704143422553e-01 -2.112618045298499392e-01 -7.095883751321396815e-02 -3.050620402348176372e-02 -2.642446553448175861e-02 -2.962929089203733199e-02 -3.014729968367966736e-02 -2.657224398844821103e-02 -2.063913283051632686e-02 -1.446968708290119823e-02 -9.476341936734187718e-03 -6.166644511711577396e-03 -4.373220528319839845e-03 -3.599456637095798436e-03 -3.314077405406549385e-03 -3.126806299965306703e-03 -2.843208502792438173e-03 -2.434433648676506343e-03 -1.966872107529710114e-03 -1.530692639140099733e-03 -1.190932463168787193e-03 -9.681062027701157384e-04 -8.434683290816672938e-04 -7.775033484169874536e-04 -7.301277873516472160e-04 -6.746104738378548788e-04 -6.021378233426359161e-04 -5.184245472496821702e-04 -4.360705976231732156e-04 -3.668250274398727876e-04 -3.166445923631020236e-04 -2.845484058902529676e-04 -2.645985615084142585e-04 -2.493258057341734483e-04 -2.328805167426819622e-04 -2.127403257684704399e-04 -1.896853097994203674e-04 -1.664858312175279296e-04 -1.461992109332949606e-04 -1.305163889059958763e-04 -1.207709184005114944e-04 -1.095638269484358834e-04 -1.329569096056763898e-04
1.295401177927565540e-09 9.322556178005791925e-08 3.536184775087010355e-07 6.292216693161002931e-07 5.068980222495672374e-07 -5.568845832128373529e-07 -2.994459565600000922e-06 -6.867753299028573618e-06 -1.173214099360929687e-05 -1.675049106187463907e-05 -2.109895266501250692e-05 -2.456629464779006185e-05 -2.809371231105273577e-05 -3.392681545883619189e-05 -4.511660260709201995e-05 -6.435189388530954330e-05 -9.248441850317124966e-05 -1.274470660425465007e-04 -1.644149717040807937e-04 -1.977691721016027273e-04 -2.247127154853009560e-04 -2.493833866283479833e-04 -2.853814949304460977e-04 -3.544415892279252850e-04 -4.798017719010776931e-04 -6.751055063905189897e-04 -9.327402347361093927e-04 -1.218393884043750004e-03 -1.479819247818896536e-03 -1.675096318246963555e-03 -1.818929837852908959e-03 -2.034154273344845713e-03 -2.582988280019844589e-03 -3.844040211715019605e-03 -6.202006842542347881e-03 -9.838832986151324275e-03 -1.446206395980748245e-02 -1.908641419854664734e-02 -2.211226799699609821e-02 -2.211033091336483611e-02 -2.000783694070594823e-02 -2.367054221987470106e-02 -5.722899840505967645e-02 -1.752716360519315231e-01 -5.066151979548009221e-01 -1.236701313085818432e+00 -3.157302799821874562e+00 -5.476381873684917245e+00 -2.040293273024599685e+01 4.325996245447634614e+00 -2.725368356179513398e+02 9.600894866539133545e+02 -7.213947214214552332e+03 3.164922811196822659e+04 -7.324439634177032531e+03 9.862802302732275166e+02 -2.856116235974186566e+02 3.947112219882119799e+00 -2.228700049550535311e+01 -6.177521261726826474e+00 -3.603562510345929226e+00 -1.444033155217436137e+00 -6.027857439856317834e-01 -2.134623028074909001e-01 -7.173332805436842541e-02 -3.086954177580768927e-02 -2.673860221616686586e-02 -2.996307460293497205e-02 -3.047394752205814100e-02 -2.685400868160507312e-02 -2.085650670483544036e-02 -1.462353840331366735e-02 -9.580137480863053223e-03 -6.237560359309239980e-03 -4.425971032491412237e-03 -3.643610845764871150e-03 -3.354118925852589157e-03 -3.163682111408090778e-03 -2.876215730434330750e-03 -2.462703292032966500e-03 -1.990154134993945331e-03 -1.549495965605427990e-03 -1.206260668671427271e-03 -9.810623045208588262e-04 -8.549360120660800567e-04 -7.880011755561309181e-04 -7.398332059995536402e-04 -6.834888886630788871e-04 -6.100950965238863830e-04 -5.254203576833482931e-04 -4.421644953050167721e-04 -3.721610569139823465e-04 -3.214011497062323501e-04 -2.888845624281676720e-04 -2.686199040128342606e-04 -2.530783660876450127e-04 -2.363677618382439339e-04 -2.159531025418367676e-04 -1.926198748336767125e-04 -1.692134228198324038e-04 -1.485913512978445476e-04 -1.339313083543325214e-04 -1.188008838740144802e-04 -1.429713179530855017e-04
-7.910386168456392176e-09 5.132188386640515358e-08 1.977794600766973657e-07 3.786431890087308270e-07 3.598846327287207464e-07 -2.427583011001184629e-07 -1.870118384537707613e-06 -4.840035903538056228e-06 -9.146189331793397272e-06 -1.434660546728704467e-05 -1.966434836612213985e-05 -2.435774639357602878e-05 -2.828567175255324560e-05 -3.243154025932033503e-05 -3.905948969184845187e-05 -5.122730219900664580e-05 -7.162299689989901541e-05 -1.010793763270372128e-04 -1.374752087437870881e-04 -1.758936410202152796e-04 -2.106172958529809141e-04 -2.388136796179141834e-04 -2.647317400067907456e-04 -3.022799955671317423e-04 -3.736630864804693685e-04 -5.026010631637079689e-04 -7.029927023046554516e-04 -9.670198918700800188e-04 -1.259618330670060670e-03 -1.527453986752462306e-03 -1.727766917662653052e-03 -1.875544190412890789e-03 -2.095909327504466221e-03 -2.655793027220778191e-03 -3.940330281771734118e-03 -6.340478994427471877e-03 -1.004063198327518822e-02 -1.474275122482359215e-02 -1.944503390001511844e-02 -2.252252378782483924e-02 -2.252457327322462607e-02 -2.039358269986351474e-02 -2.411157021942074430e-02 -5.815107982570411060e-02 -1.778545621673169042e-01 -5.137453113943336591e-01 -1.253745600777394831e+00 -3.199403602656500034e+00 -5.550062964265062071e+00 -2.065915186515391966e+01 4.347297414597236731e+00 -2.757810343388968590e+02 9.712436830651037099e+02 -7.298628746962640435e+03 3.201932898002892034e+04 -7.409891742332316426e+03 9.978666696315511899e+02 -2.889224947764582794e+02 4.011420571043212036e+00 -2.253773004298893667e+01 -6.244020262482180783e+00 -3.642674689858679482e+00 -1.459421997708001628e+00 -6.091915812650904316e-01 -2.157388799606149155e-01 -7.253202358423652130e-02 -3.124252336790093662e-02 -2.706102459190220730e-02 -3.030659477060358015e-02 -3.081079433755557970e-02 -2.714488846822723025e-02 -2.108097622675235427e-02 -1.478231583966532238e-02 -9.687078397496214771e-03 -6.310438029764145820e-03 -4.480051415272296236e-03 -3.688839695242634477e-03 -3.395162059658209108e-03 -3.201522361159940978e-03 -2.910111088105752676e-03 -2.491732859149518430e-03 -2.014040195493865381e-03 -1.568754247677949442e-03 -1.221927462736773200e-03 -9.942826360291342862e-04 -8.666296972971812042e-04 -7.987085788399836189e-04 -7.497384705706504901e-04 -6.925537327875789292e-04 -6.182180431666000914e-04 -5.325557467641793422e-04 -4.483713779813566975e-04 -3.775876980987858929e-04 -3.262328106475145318e-04 -2.932872393050012022e-04 -2.727044240081272436e-04 -2.568936287506343023e-04 -2.399209380394316598e-04 -2.192312103876396443e-04 -1.956763199564880498e-04 -1.718868033689121395e-04 -1.523293084831862183e-04 -1.318442800981167588e-04 -1.547337744593388603e-04
-1.177753600145503119e-08 -1.778428761702621721e-08 -8.014426338573797764e-08 -1.816019137720455597e-07 -3.509471892614756528e-07 -7.229398342511581534e-07 -1.599315891934791093e-06 -3.405050508774564465e-06 -6.520342662047126399e-06 -1.104332233750303744e-05 -1.661949360272204154e-05 -2.249484119475578410e-05 -2.787679882040647843e-05 -3.253378532102456789e-05 -3.737774698236675424e-05 -4.467044567654072061e-05 -5.754818767812501301e-05 -7.882140421187172044e-05 -1.094193372337490407e-04 -1.472248210451556900e-04 -1.872112663877110506e-04 -2.234857319107276009e-04 -2.530842035459012081e-04 -2.802962492092979743e-04 -3.193217639837435244e-04 -3.928741613416464567e-04 -5.252269449482929557e-04 -7.306035879645659484e-04 -1.001016713130276807e-03 -1.300639087358164241e-03 -1.575000566848987682e-03 -1.780440246460434630e-03 -1.932189529433808815e-03 -2.157675597972738557e-03 -2.728620644612581806e-03 -4.036817066074890187e-03 -6.479622565936389751e-03 -1.024395377072193254e-02 -1.502611723709181522e-02 -1.980750638857731519e-02 -2.293734490137570858e-02 -2.294319311044013682e-02 -2.078289205072333945e-02 -2.455716436993020738e-02 -5.908820606813391246e-02 -1.804901540218458444e-01 -5.210353289602910332e-01 -1.271188979697783328e+00 -3.242542949335864844e+00 -5.625558649858852789e+00 -2.092229372754837158e+01 4.370264370923695907e+00 -2.791202314943125202e+02 9.827365663871880770e+02 -7.385869417507309663e+03 3.240074160067218327e+04 -7.497977204970309685e+03 1.009810786356108338e+03 -2.923370515109173766e+02 4.077375310829946642e+00 -2.279656290227374882e+01 -6.312748573439550981e+00 -3.683100390314534955e+00 -1.475337619655840982e+00 -6.158170760127371635e-01 -2.180925330835588316e-01 -7.335562763374707529e-02 -3.162542469639689768e-02 -2.739202316410332960e-02 -3.066013671122520823e-02 -3.115810862088743555e-02 -2.744510757761627409e-02 -2.131271239443881249e-02 -1.494614169228134989e-02 -9.797250365153064439e-03 -6.385339651622278130e-03 -4.535510509029359871e-03 -3.735184921010965744e-03 -3.437244146879517119e-03 -3.240360533225787164e-03 -2.944923911397850317e-03 -2.521547315533340192e-03 -2.038551111972576602e-03 -1.588484815181964716e-03 -1.237947522337425141e-03 -1.007780000652343418e-03 -8.785608726664822805e-04 -8.096360308866379450e-04 -7.598531396188977190e-04 -7.018136546438470767e-04 -6.265144032902814856e-04 -5.398376066573673960e-04 -4.546974342517915357e-04 -3.831106746764953181e-04 -3.311451766645312315e-04 -2.977625150574079375e-04 -2.768592902473294938e-04 -2.607833691558146408e-04 -2.435498044935710126e-04 -2.226479700593455115e-04 -1.986819843643685042e-04 -1.760233526443413864e-04 -1.501263925437089830e-04 -1.707533671504706397e-04
-9.885719062253114681e-09 -7.810491088678416511e-08 -3.309617842123948944e-07 -7.293893045562610535e-07 -1.156278013199829915e-06 -1.525207660550310178e-06 -1.938434180755542215e-06 -2.767610045932065204e-06 -4.578937381864325417e-06 -7.894994577785024130e-06 -1.288617930160940776e-05 -1.916332650868551900e-05 -2.584658419489767710e-05 -3.198737624785367756e-05 -3.724601988426531126e-05 -4.253280690604782334e-05 -5.022507435615427792e-05 -6.364701638332265904e-05 -8.578526067423629885e-05 -1.176462654733605710e-04 -1.570412269976878615e-04 -1.987410239754100092e-04 -2.366097356203135079e-04 -2.675364777198575633e-04 -2.958893616552600732e-04 -3.362290003372373545e-04 -4.118454543004114021e-04 -5.476033798527801116e-04 -7.580454018956105924e-04 -1.034972172419835025e-03 -1.341734251214529022e-03 -1.622675360104014822e-03 -1.833214695294112760e-03 -1.988852463082444073e-03 -2.219388875674342156e-03 -2.801443185927817228e-03 -4.133587313634308827e-03 -6.619682777718504177e-03 -1.044920208264000887e-02 -1.531268736335960473e-02 -2.017441996509793112e-02 -2.335731809473639078e-02 -2.336672314947415077e-02 -2.117623881408959088e-02 -2.500787058887825667e-02 -6.004146678665897574e-02 -1.831812421421707693e-01 -5.284926223279192703e-01 -1.289048504410617912e+00 -3.286761385343908604e+00 -5.702939960023020838e+00 -2.119258859173204002e+01 4.394886166491771107e+00 -2.825571493661269642e+02 9.945771842213083573e+02 -7.475738401550244816e+03 3.279376562281965016e+04 -7.588764858925986118e+03 1.022121899982018704e+03 -2.958579371353060310e+02 4.145033829756246568e+00 -2.306369809918728819e+01 -6.383759220219856978e+00 -3.724868621479616948e+00 -1.491790954232800948e+00 -6.226671098820134587e-01 -2.205249380615790233e-01 -7.420479753347054841e-02 -3.201859051771009657e-02 -2.773190187175993138e-02 -3.102400481880183969e-02 -3.151617417297732093e-02 -2.775490367957697893e-02 -2.155189658670845013e-02 -1.511514562693947600e-02 -9.910743896505676623e-03 -6.462330432597222438e-03 -4.592399216831356303e-03 -3.782689867198721356e-03 -3.480403970795342954e-03 -3.280231480503635350e-03 -2.980684801700886604e-03 -2.552172725013689830e-03 -2.063708594985781165e-03 -1.608705674914454389e-03 -1.254336028414057124e-03 -1.021567587588957226e-03 -8.907413444148074531e-04 -8.207942879900208440e-04 -7.701870335566327096e-04 -7.112775436759485133e-04 -6.349921412900432719e-04 -5.472730634214079126e-04 -4.611491705926695469e-04 -3.887362524211576383e-04 -3.361449779604525545e-04 -3.023183414328656921e-04 -2.810976589781734704e-04 -2.647588707206468715e-04 -2.473361169406511372e-04 -2.260165641295613416e-04 -2.033086033155977288e-04 -1.736385236496513845e-04 -1.930708740613803955e-04
-4.441454477098739588e-09 -1.049473528718716720e-07 -4.487449660818076546e-07 -1.018231736493476078e-06 -1.653717914459969295e-06 -2.157586059416584181e-06 -2.464973506391857706e-06 -2.788461754444402645e-06 -3.645711086876978813e-06 -5.715636063013938793e-06 -9.548988749263164798e-06 -1.524798181265503603e-05 -2.228957743696184223e-05 -2.965288753033012322e-05 -3.630256157596479296e-05 -4.190643192508321214e-05 -4.747979230272336536e-05 -5.556725471873016968e-05 -6.966066642655388194e-05 -9.284719511898246807e-05 -1.261185159617796093e-04 -1.671478339255729959e-04 -2.104888995961846758e-04 -2.498006374098557460e-04 -2.818934146233202892e-04 -3.112797541339748031e-04 -3.529170496639285779e-04 -4.306669713412584165e-04 -5.699468080788358277e-04 -7.855667916168217017e-04 -1.069073538223903842e-03 -1.382977577054768630e-03 -1.670445837877944113e-03 -1.886008130625752835e-03 -2.045477651494544049e-03 -2.281083097351553624e-03 -2.874410612680698262e-03 -4.230896301816458593e-03 -6.760988042538856012e-03 -1.065674743145300293e-02 -1.560285983992191344e-02 -2.054620238083038411e-02 -2.378290412058735315e-02 -2.379564954044999583e-02 -2.157413424063736596e-02 -2.546432297545704951e-02 -6.101203967869479883e-02 -1.859307059340042922e-01 -5.361245807476219261e-01 -1.307341289500382198e+00 -3.332099853481556462e+00 -5.782278713984334573e+00 -2.147027157890987326e+01 4.421155495072178532e+00 -2.860945949660812175e+02 1.006774912478776400e+03 -7.568307341875207385e+03 3.319871187973766791e+04 -7.682326182637082638e+03 1.034809695949619936e+03 -2.994879050199053836e+02 4.214451949638756467e+00 -2.333933999016691985e+01 -6.457104822269930544e+00 -3.768010753143810287e+00 -1.508794104960171856e+00 -6.297467383799144613e-01 -2.230379163501926554e-01 -7.508022222554880387e-02 -3.242238271015177725e-02 -2.808097536879049227e-02 -3.139851541627393383e-02 -3.188528712264022263e-02 -2.807452566720739992e-02 -2.179871910525477130e-02 -1.528946362107720669e-02 -1.002765357080418439e-02 -6.541478089681594492e-03 -4.650770083523887710e-03 -3.831399156965282441e-03 -3.524681498024265051e-03 -3.321171214699304708e-03 -3.017425453498234853e-03 -2.583636107021406326e-03 -2.089535125198706007e-03 -1.629435414340928796e-03 -1.271108586502711591e-03 -1.035658904846690912e-03 -9.031831782935371630e-04 -8.321943373779577867e-04 -7.807501904208527825e-04 -7.209545056505513739e-04 -6.436594664234222222e-04 -5.548695980796702508e-04 -4.677337185427271789e-04 -3.944720150536034243e-04 -3.412411757548824303e-04 -3.069696776276666333e-04 -2.854327901796924714e-04 -2.689134014376125541e-04 -2.510733242183017691e-04 -2.312218865663144627e-04 -2.006069649960789047e-04 -2.221668115420615387e-04
1.329041952882882627e-09 -9.259284755764434089e-08 -4.049888807902233366e-07 -9.621065949937016355e-07 -1.658509005978678844e-06 -2.315281591371148997e-06 -2.791368171690582491e-06 -3.119327990726210085e-06 -3.600602678392664637e-06 -4.793611046536428279e-06 -7.356504097087484669e-06 -1.177183928372623671e-05 -1.805728516737758948e-05 -2.562178171156370582e-05 -3.341565475998335103e-05 -4.042170533112475565e-05 -4.636731568958549411e-05 -5.235428230561916244e-05 -6.102079165115427325e-05 -7.593552186774175331e-05 -1.002198486306664414e-04 -1.348351919352655656e-04 -1.773533605049349533e-04 -2.221779005577536920e-04 -2.628272901976682870e-04 -2.960678945232196667e-04 -3.265502275914725734e-04 -3.695893282860775501e-04 -4.495686240398247681e-04 -5.924213675354112699e-04 -8.132163671011646399e-04 -1.103264054762772726e-03 -1.424266011454444585e-03 -1.718239189383930074e-03 -1.938836423811738730e-03 -2.102186877926339945e-03 -2.342960821385927858e-03 -2.947758284828641984e-03 -4.328970880608431354e-03 -6.903746596732237943e-03 -1.086680777572590802e-02 -1.589691460711157786e-02 -2.092324125340102453e-02 -2.421460606706045404e-02 -2.423055018017896203e-02 -2.197717877046699575e-02 -2.592719672281899521e-02 -6.200107818064320986e-02 -1.887413580394700363e-01 -5.439385560292309130e-01 -1.326084558376661171e+00 -3.378599871294053258e+00 -5.863647809898046681e+00 -2.175558324945438216e+01 4.449068441563706067e+00 -2.897354645472415200e+02 1.019339467729369744e+03 -7.663650444740749663e+03 3.361590279237186769e+04 -7.778735390721566546e+03 1.047884232473415750e+03 -3.032298151184050425e+02 4.285690155975901305e+00 -2.362370258424775571e+01 -6.532841013521037077e+00 -3.812559534425179475e+00 -1.526359825179286034e+00 -6.370612716544038490e-01 -2.256333845829100460e-01 -7.598261992760149686e-02 -3.283717346579447666e-02 -2.843956640567330343e-02 -3.178399490657159848e-02 -3.226575478169603495e-02 -2.840423283222735448e-02 -2.205337855496593280e-02 -1.546923748229749561e-02 -1.014807765964773241e-02 -6.622852560692132733e-03 -4.710677074343776714e-03 -3.881358520990833057e-03 -3.570117742518133606e-03 -3.363216795380740472e-03 -3.055178561929911864e-03 -2.615965358936581022e-03 -2.116053888094502570e-03 -1.650693146261457975e-03 -1.288281178434752278e-03 -1.050067735020670211e-03 -9.158986581898414473e-04 -8.438473622626085826e-04 -7.915528509880156776e-04 -7.308538990082079963e-04 -6.525249870029870740e-04 -5.626354214990000055e-04 -4.744597597535064101e-04 -4.003281879687654236e-04 -3.464509205833812182e-04 -3.117319738874798165e-04 -2.899723147936312606e-04 -2.730126136435890617e-04 -2.569243827324470893e-04 -2.280313612403761666e-04 -2.563737472096384623e-04
4.843895707899062067e-09 -5.283120801744609792e-08 -2.444816644480556837e-07 -6.378132692377167442e-07 -1.234266030016986398e-06 -1.966344958968310651e-06 -2.716483663522292674e-06 -3.389871418720209895e-06 -4.024165154043539994e-06 -4.885606403768547622e-06 -6.480228380486182776e-06 -9.426279764043754900e-06 -1.419764275138225410e-05 -2.083313131516717026e-05 -2.877451965927160007e-05 -3.699496235489614253e-05 -4.447956600631489539e-05 -5.094554201035738023e-05 -5.749370971566046079e-05 -6.679090463951637574e-05 -8.246645261435928771e-05 -1.077105026785440912e-04 -1.435189899917397400e-04 -1.874256350570634568e-04 -2.337179796237304544e-04 -2.757673226074551856e-04 -3.102560458038192527e-04 -3.419213072332819687e-04 -3.863980545057653349e-04 -4.685838641349088750e-04 -6.149515697206968086e-04 -8.408694968213546207e-04 -1.137448453186993679e-03 -1.465594472939482249e-03 -1.766158691959729844e-03 -1.991883193767712227e-03 -2.159187644230492215e-03 -2.405198252310059882e-03 -3.021605194916911728e-03 -4.427890412300532555e-03 -7.048054007483956808e-03 -1.107956647773704340e-02 -1.619517899834386002e-02 -2.130602049854283739e-02 -2.465302045797785474e-02 -2.467204772047240299e-02 -2.238594871220207783e-02 -2.639708655290573178e-02 -6.300963870297703051e-02 -1.916159529798286409e-01 -5.519419531732840944e-01 -1.345295789930595509e+00 -3.426303726328288501e+00 -5.947121420574100981e+00 -2.204877013037055278e+01 4.478624194501485967e+00 -2.934827465000769848e+02 1.032280921737953349e+03 -7.761844586318149595e+03 3.404567278404362878e+04 -7.878069521278139291e+03 1.061355959110064305e+03 -3.070866415150317152e+02 4.358810321462510018e+00 -2.391700878441548284e+01 -6.611025974050944498e+00 -3.858549203509527903e+00 -1.544501478436981046e+00 -6.446162761581405443e-01 -2.283133490156147860e-01 -7.691273593134816122e-02 -3.326334371718428495e-02 -2.880800499410927223e-02 -3.218077927511740766e-02 -3.265789531640746896e-02 -2.874429460491105884e-02 -2.231608161767552334e-02 -1.565461465048407011e-02 -1.027211796124696298e-02 -6.706525872502928053e-03 -4.772175474065541191e-03 -3.932614720989869445e-03 -3.616754706144500314e-03 -3.406406281642415396e-03 -3.093977781599296928e-03 -2.649189219664208842e-03 -2.143288740548276484e-03 -1.672498476538207242e-03 -1.305870129563771161e-03 -1.064808102305721173e-03 -9.289002585836970711e-04 -8.557647367847897148e-04 -8.026055130268336521e-04 -7.409855248434500533e-04 -6.615981511374182311e-04 -5.705805347141596710e-04 -4.813390074958892248e-04 -4.063243622081521515e-04 -3.517917391012119347e-04 -3.167288956505104162e-04 -2.944456536677324135e-04 -2.795486319367722393e-04 -2.530955937502025435e-04 -2.922765721492379858e-04
5.144557976545165983e-09 -6.637554203180955918e-09 -5.234879444733128301e-08 -2.205867632080421469e-07 -6.157918484598441986e-07 -1.307176472055241103e-06 -2.266327533274867316e-06 -3.360410108881606159e-06 -4.429055950110596413e-06 -5.427633478421449740e-06 -6.566761927773979766e-06 -8.353349037571090822e-06 -1.146354499929025520e-05 -1.645710441377259587e-05 -2.344281729780261009e-05 -3.188042420284477991e-05 -4.069970687031280998e-05 -4.880471634840149114e-05 -5.584050314463514137e-05 -6.289153276666009835e-05 -7.268666734957204866e-05 -8.897845215684254024e-05 -1.150871634519395420e-04 -1.520766101254587398e-04 -1.974359984040318218e-04 -2.452975280374696042e-04 -2.888337656851288574e-04 -3.246035584475096664e-04 -3.574201031331556105e-04 -4.032595886191749903e-04 -4.875758863593491641e-04 -6.374247868603259617e-04 -8.684993471899581053e-04 -1.171706571930193098e-03 -1.507124806085797381e-03 -1.814393424188414077e-03 -2.045306969591127212e-03 -2.216573357814371342e-03 -2.467826978839508367e-03 -3.095960750110734409e-03 -4.527702767920828257e-03 -7.194056395007422493e-03 -1.129530658876824918e-02 -1.649807761576184070e-02 -2.169507321346299950e-02 -2.509872457432886506e-02 -2.512068848753027869e-02 -2.280092202663147952e-02 -2.687450877364938248e-02 -6.403875352517447717e-02 -1.945572953084774015e-01 -5.601423430080044730e-01 -1.364992779216560148e+00 -3.475254616589075862e+00 -6.032775248899563181e+00 -2.235008358206729895e+01 4.509826478394484361e+00 -2.973395309738369292e+02 1.045609710052951641e+03 -7.862969410985451759e+03 3.448836872471313836e+04 -7.980408538578105436e+03 1.075235726541765189e+03 -3.110614751038538088e+02 4.433876306865138339e+00 -2.421949072640155975e+01 -6.691720443221516490e+00 -3.906015521196170237e+00 -1.563233044549681816e+00 -6.524175769765894195e-01 -2.310799053677630721e-01 -7.787134221085574570e-02 -3.370128288310534487e-02 -2.918662834726136121e-02 -3.258921412717118854e-02 -3.306203779758089267e-02 -2.909499057446775575e-02 -2.258704303707765801e-02 -1.584574816035089206e-02 -1.039987975722853238e-02 -6.792572103798937520e-03 -4.835321860334070541e-03 -3.985215532791499572e-03 -3.664635368023046787e-03 -3.450778723841203387e-03 -3.133857717557757879e-03 -2.683337257551752109e-03 -2.171264194030984862e-03 -1.694871481992123868e-03 -1.323892083535982943e-03 -1.079894252539992470e-03 -9.422006506485176196e-04 -8.679580997891572433e-04 -8.139191558131610637e-04 -7.513601217263143200e-04 -6.708904074012428907e-04 -5.787182737032962312e-04 -4.883935507459761117e-04 -4.124797717790607910e-04 -3.574032956619147710e-04 -3.216476157135532139e-04 -3.016944216775783549e-04 -2.750215198752033467e-04 -3.262279072366496891e-04
2.918713036036663814e-09 2.623371302535625853e-08 8.890095516759750442e-08 1.077480010113028970e-07 -7.711082923083047717e-08 -6.328091070066534470e-07 -1.632165231860668479e-06 -2.986896253881173886e-06 -4.468095870594972983e-06 -5.829714452120714660e-06 -6.993569441006673613e-06 -8.205892744426310421e-06 -1.006311685778687995e-05 -1.334469247166029755e-05 -1.868090827153949242e-05 -2.618617468178918489e-05 -3.525771103447661569e-05 -4.472249693653796321e-05 -5.338948296524129270e-05 -6.086478521469975800e-05 -6.827783938426415923e-05 -7.847933376827943169e-05 -9.537736565987206972e-05 -1.224159238657820394e-04 -1.606883201127582176e-04 -2.075888962572890661e-04 -2.570552899844193010e-04 -3.020492179172772486e-04 -3.390238020623868669e-04 -3.729060444387144783e-04 -4.200540074216913542e-04 -5.065050034728014496e-04 -6.599021480838888724e-04 -8.962450220395563188e-04 -1.206204130635757637e-03 -1.548995040320692157e-03 -1.863020441489535422e-03 -2.099123901536073707e-03 -2.274329733855076814e-03 -2.530848500866960359e-03 -3.170886067647211981e-03 -4.628556891316287086e-03 -7.341999211058825026e-03 -1.151436333253836458e-02 -1.680601975174949442e-02 -2.209086088365310938e-02 -2.555220236784887938e-02 -2.557694400031598411e-02 -2.322254886599167678e-02 -2.736000268036421074e-02 -6.508952667244685686e-02 -1.975682642944047995e-01 -5.685475238425560240e-01 -1.385193763185706750e+00 -3.525495143955866162e+00 -6.120685091274154388e+00 -2.265978529109863615e+01 4.542678576168975191e+00 -3.013090078978372048e+02 1.059336652057939091e+03 -7.967107444149814000e+03 3.494435038516001077e+04 -8.085835435507869988e+03 1.089534800904965095e+03 -3.151575275464902575e+02 4.510954093311290158e+00 -2.453139005544559836e+01 -6.774987781737895176e+00 -3.954995807575653721e+00 -1.582569132145068780e+00 -6.604712624773848573e-01 -2.339352401661542735e-01 -7.885923784073597953e-02 -3.415138912604791244e-02 -2.957578116559139714e-02 -3.300965498182471120e-02 -3.347852245132718063e-02 -2.945661066925613081e-02 -2.286648573035309634e-02 -1.604279670308782213e-02 -1.053147184621699983e-02 -6.881067407531933806e-03 -4.900174124234235075e-03 -4.039209767620299124e-03 -3.713803705009005064e-03 -3.496374180082916037e-03 -3.174853934570099311e-03 -2.718439870226759154e-03 -2.200005404882746356e-03 -1.717832694945146867e-03 -1.342363992164494505e-03 -1.095340672510482834e-03 -9.558127959185566506e-04 -8.804396092247690530e-04 -8.255057732883705436e-04 -7.619905900660626759e-04 -6.804167389803000062e-04 -5.870731389440561523e-04 -4.956439562839880155e-04 -4.189486801068912562e-04 -3.629290744901851867e-04 -3.296652262797833042e-04 -2.965390293187536029e-04 -3.565776155802615269e-04
-1.916293301806275296e-10 3.517289742021265830e-08 1.330080470743214839e-07 2.355726680354625973e-07 1.907174252467336892e-07 -1.925646113371870039e-07 -1.053423789127332503e-06 -2.392630240113313714e-06 -4.041118231903221625e-06 -5.718337695814467072e-06 -7.178469763649346969e-06 -8.394300098121743593e-06 -9.691221095162215739e-06 -1.174019032058111234e-05 -1.536124708920254381e-05 -2.117657705678913785e-05 -2.924801478733349606e-05 -3.889650798021277968e-05 -4.887895597040895520e-05 -5.796962606635765126e-05 -6.579462588280322682e-05 -7.356018984543659248e-05 -8.423247592024058383e-05 -1.018374240566761476e-04 -1.298935080736135473e-04 -1.694855164954942766e-04 -2.179014160547256104e-04 -2.689013224915767298e-04 -3.152711638239005148e-04 -3.533945350674388541e-04 -3.883346382197317825e-04 -4.368333247191330082e-04 -5.254960104245767543e-04 -6.825303918443049274e-04 -9.242229086878702175e-04 -1.240996870785037896e-03 -1.591203068022027699e-03 -1.912010857907115802e-03 -2.153320990396958689e-03 -2.332494473101293011e-03 -2.594365497713116767e-03 -3.246542115879435218e-03 -4.730655237746927456e-03 -7.492114853287173797e-03 -1.173700333904492861e-02 -1.711932494342812902e-02 -2.249377420982776044e-02 -2.601391416616823452e-02 -2.604131135106663164e-02 -2.365134528407757120e-02 -2.785414945943875953e-02 -6.616318004350613124e-02 -2.006519049371401631e-01 -5.771639454160392146e-01 -1.405915865757306316e+00 -3.577072408705450624e+00 -6.210931802193834450e+00 -2.297814113268423597e+01 4.577189246801920852e+00 -3.053944757358273705e+02 1.073472962218912471e+03 -8.074344204146203083e+03 3.541399091515078180e+04 -8.194436342024308033e+03 1.104264878357911584e+03 -3.193781353597233874e+02 4.590111875760356064e+00 -2.485295822021577550e+01 -6.860894043730078273e+00 -4.005528983506832397e+00 -1.602524993803833064e+00 -6.687836902830717190e-01 -2.368816327862128812e-01 -7.987724979802073022e-02 -3.461406984821758376e-02 -2.997581609536321620e-02 -3.344246770637929883e-02 -3.390770102902532918e-02 -2.982945543736698762e-02 -2.315464098169973256e-02 -1.624592475279665674e-02 -1.066700662771783402e-02 -6.972090072430623363e-03 -4.966791521613237760e-03 -4.094647317814041447e-03 -3.764304731179910889e-03 -3.543233746497028921e-03 -3.217002975398011548e-03 -2.754528290538505158e-03 -2.229538172479071049e-03 -1.741403106326620560e-03 -1.361303149756008714e-03 -1.111162202470658902e-03 -9.697502255433309909e-04 -8.932225050156418749e-04 -8.373796525718530748e-04 -7.728935236538633010e-04 -6.902039926678840004e-04 -5.956670101006906028e-04 -5.032576884920104835e-04 -4.253341171949158580e-04 -3.718503737022659222e-04 -3.240652762789664014e-04 -3.856883676187870531e-04
-2.557389817225034886e-09 2.143852838063386832e-08 8.239967720866379015e-08 1.548502605815318501e-07 1.440227408358325530e-07 -9.338884078698245906e-08 -7.053370591991828817e-07 -1.778764676084790747e-06 -3.280353077910780125e-06 -5.039916209625961213e-06 -6.806050172866863712e-06 -8.376309603531506356e-06 -9.761659985807216543e-06 -1.130718375201900092e-05 -1.368237484021378674e-05 -1.769073354372635627e-05 -2.393199561251678530e-05 -3.244652095238160941e-05 -4.253767619919288117e-05 -5.295010125461862828e-05 -6.245499130749532788e-05 -7.069258162244968576e-05 -7.890901201401922778e-05 -9.013750734747092764e-05 -1.084845589350251488e-04 -1.375322997308031897e-04 -1.783746084282528176e-04 -2.282282179227405872e-04 -2.807108266411608376e-04 -3.284520923258684322e-04 -3.677634411274300578e-04 -4.038240796561828557e-04 -4.537344696575223621e-04 -5.446516742120708840e-04 -7.053480166319455597e-04 -9.524113437739882386e-04 -1.276036317046919024e-03 -1.633718579989708536e-03 -1.961387954618203696e-03 -2.207986197852253134e-03 -2.391205021734569853e-03 -2.658534586203446619e-03 -3.323077926819610443e-03 -4.834133357726983458e-03 -7.644547953799669254e-03 -1.196342455217464830e-02 -1.743829140232166716e-02 -2.290423233672985240e-02 -2.648438966252782828e-02 -2.651433176913189221e-02 -2.408793778104766775e-02 -2.835765748273652229e-02 -6.725946884940722792e-02 -2.038098461848221188e-01 -5.860017082692615675e-01 -1.427179920700313298e+00 -3.630031527208061881e+00 -6.303595428626157293e+00 -2.330542561803222767e+01 4.613369332503150844e+00 -3.095993453652993708e+02 1.088030265739968399e+03 -8.184768319532665373e+03 3.589767734212228970e+04 -8.306300638646878724e+03 1.119438100334300998e+03 -3.237267642167899453e+02 4.671420156395105217e+00 -2.518445678586979497e+01 -6.949508055079269830e+00 -4.057655615928003279e+00 -1.623116543001475565e+00 -6.773614941370585951e-01 -2.399214579159350824e-01 -8.092623397609040314e-02 -3.508974231290504231e-02 -3.038709428195002227e-02 -3.388802903471188621e-02 -3.434993725386269181e-02 -3.021383639448202776e-02 -2.345174869190594369e-02 -1.645530273746586766e-02 -1.080660022041531922e-02 -7.065720610832013603e-03 -5.035234744511435552e-03 -4.151579217686533589e-03 -3.816184548268765700e-03 -3.591399595170895534e-03 -3.260342385474600865e-03 -2.791634602069262370e-03 -2.259888958335917394e-03 -1.765604215522500065e-03 -1.380727322762244228e-03 -1.127374339574857597e-03 -9.840276434719672817e-04 -9.063224858225478681e-04 -8.495590348932637904e-04 -7.840983193934607893e-04 -7.002760194363610510e-04 -6.046812066918665638e-04 -5.108024194434403545e-04 -4.354095655868863443e-04 -3.660160469145930196e-04 -4.206004987610378193e-04
-3.279561243459958298e-09 -4.531183304873934159e-09 -2.163793484682866382e-08 -5.443173072915775179e-08 -1.223134848792334608e-07 -2.812936002674701173e-07 -6.368423046546671296e-07 -1.322949812567906928e-06 -2.445629425492051016e-06 -4.013104251644500617e-06 -5.896422048203677892e-06 -7.863404825138168010e-06 -9.700128348506338100e-06 -1.138396780084132803e-05 -1.322485777257641855e-05 -1.587639619621868391e-05 -2.015477311085669908e-05 -2.669348112399758937e-05 -3.556729179586583109e-05 -4.609287550524541425e-05 -5.699720603744630351e-05 -6.701260177681612378e-05 -7.574604556914341872e-05 -8.444680436907835413e-05 -9.620436981209498477e-05 -1.152233386683782038e-04 -1.451849398541449202e-04 -1.872279546911986153e-04 -2.385179546581064935e-04 -2.925269380911316684e-04 -3.417053184220289063e-04 -3.822622419519029237e-04 -4.194709355424690897e-04 -4.707875225194834280e-04 -5.639384638036135100e-04 -7.282907767168796511e-04 -9.807612751577740855e-04 -1.311326306745984327e-03 -1.676612003309919247e-03 -2.011274581812312265e-03 -2.263261632671844954e-03 -2.450587608605802204e-03 -2.723446592276086708e-03 -3.400556004264383876e-03 -4.939059197904304040e-03 -7.799422627706566712e-03 -1.219385409080185438e-02 -1.776328785818806488e-02 -2.332270093792496862e-02 -2.696427225831806579e-02 -2.699667542305122028e-02 -2.453148339489160182e-02 -2.886978150425081185e-02 -6.838164647862109147e-02 -2.070470720064784831e-01 -5.950680367486018696e-01 -1.449004512585427396e+00 -3.684419686904635061e+00 -6.398758629577841361e+00 -2.364192137813605399e+01 4.651232176688486319e+00 -3.139271451431530977e+02 1.103020614377257061e+03 -8.298471650893141486e+03 3.639581109172707511e+04 -8.421521075251868751e+03 1.135067069542843001e+03 -3.282070134702690325e+02 4.754951841651101851e+00 -2.552615776567113670e+01 -7.040901497279319798e+00 -4.111417966606669694e+00 -1.644360372581966656e+00 -6.862115914915575265e-01 -2.430571883290480184e-01 -8.200707633373456595e-02 -3.557883433728312172e-02 -3.080998597817480658e-02 -3.434672713896080171e-02 -3.480560731976638927e-02 -3.061007641977070426e-02 -2.375805766868724703e-02 -1.667110724242094888e-02 -1.095037260518447186e-02 -7.162041864873038705e-03 -5.105566006024611116e-03 -4.210057714095737959e-03 -3.869490403241119050e-03 -3.640915018466731826e-03 -3.304910746938738170e-03 -2.829791774363968684e-03 -2.291084949989141695e-03 -1.790458176348727701e-03 -1.400655085700115623e-03 -1.143993918415566954e-03 -9.986625089126897545e-04 -9.197597495221907600e-04 -8.620765869267424820e-04 -7.956322508655151032e-04 -7.108326238386324450e-04 -6.136496671118917348e-04 -5.223951304564456019e-04 -4.294368634553988686e-04 -4.714906203314738246e-04
-2.419738617101971706e-09 -2.907307872634239903e-08 -1.230719672482961325e-07 -2.733790262755274207e-07 -4.396434343072292799e-07 -5.937449857717361113e-07 -7.739999488352118007e-07 -1.109612459420968090e-06 -1.789830892702735419e-06 -2.980068411560396504e-06 -4.722212725444782688e-06 -6.878110570058553127e-06 -9.167716149482813378e-06 -1.131400498739521202e-05 -1.324729192368131584e-05 -1.527051457332219945e-05 -1.807539239860149878e-05 -2.254453564122839979e-05 -2.937482970404600461e-05 -3.867001470453750159e-05 -4.972514673832323633e-05 -6.120330148427396402e-05 -7.176187580101442626e-05 -8.096376712511582142e-05 -9.007826999939016924e-05 -1.022858734700247171e-04 -1.219250129810900212e-04 -1.527969991476124027e-04 -1.960838406148028633e-04 -2.488782481920684712e-04 -3.044759477563021102e-04 -3.551228712300360103e-04 -3.969170635827419307e-04 -4.352370071921770234e-04 -4.879210205389685221e-04 -5.832960018387749754e-04 -7.513466672708827123e-04 -1.009324026394442650e-03 -1.346970006259428808e-03 -1.720008089444596561e-03 -2.061783038355086660e-03 -2.319224616870707231e-03 -2.510682996426177437e-03 -2.789125573852288542e-03 -3.479018759227716241e-03 -5.045529883374447362e-03 -7.956933244165437236e-03 -1.242856562383001622e-02 -1.809479728373218979e-02 -2.374977640320685354e-02 -2.745274490171899576e-02 -2.748756648476267245e-02 -2.498461396818342506e-02 -2.939306980792448509e-02 -6.952994998190696607e-02 -2.103659552372534880e-01 -6.043712452750962250e-01 -1.471409264924919080e+00 -3.740285258331181417e+00 -6.496506317233685657e+00 -2.398791970389612516e+01 4.690793592872811502e+00 -3.183815260370570854e+02 1.118456502866202072e+03 -8.415549417487996834e+03 3.690880853121009568e+04 -8.540193895365719072e+03 1.151164866740860134e+03 -3.328226209021177624e+02 4.840782343655166464e+00 -2.587834397118023944e+01 -7.135148996650674036e+00 -4.166860044200704216e+00 -1.666273774659270179e+00 -6.953411917408982568e-01 -2.462913979123646235e-01 -8.312069414025829994e-02 -3.608178502758879747e-02 -3.124487118554421586e-02 -3.481896223713321775e-02 -3.527510042876316754e-02 -3.101851018862054540e-02 -2.407382594888433924e-02 -1.689352123916617460e-02 -1.109844778726124664e-02 -7.261139126562498984e-03 -5.177849134851552661e-03 -4.270136343414270008e-03 -3.924270750180328983e-03 -3.691824478545732355e-03 -3.350747726193475419e-03 -2.869033737504645895e-03 -2.323154225177607914e-03 -1.815988184658279270e-03 -1.421106639111685555e-03 -1.161041051309166577e-03 -1.013677755857261701e-03 -9.335716022101473192e-04 -8.749650310399572891e-04 -8.077229611257825612e-04 -7.213661655960728562e-04 -6.271788768851019021e-04 -5.161238352716849935e-04 -5.479059784260505812e-04
-7.440324315255746148e-10 -4.156078807078496446e-08 -1.770355503964421838e-07 -4.007037708076754013e-07 -6.493806426061067685e-07 -8.478428376401888993e-07 -9.745676415862660096e-07 -1.113093325957423801e-06 -1.454629977270344136e-06 -2.237272588443961983e-06 -3.638977358601474750e-06 -5.672087147504804893e-06 -8.140402327180116149e-06 -1.070356213596277054e-05 -1.304901189420148126e-05 -1.511252334725506431e-05 -1.724218703813667602e-05 -2.019647504218424362e-05 -2.491882552265395286e-05 -3.213518599483921657e-05 -4.193295365168185851e-05 -5.355028012717105999e-05 -6.557570286404918369e-05 -7.660809411704669846e-05 -8.619999660298442918e-05 -9.567546244272648131e-05 -1.083265745907963085e-04 -1.286246202513509926e-04 -1.604710664857711281e-04 -2.050627863827679000e-04 -2.593957839476613366e-04 -3.165798181153216284e-04 -3.686635231728173823e-04 -4.116535962561823376e-04 -4.510576222726260477e-04 -5.051154476686873758e-04 -6.027636925926731833e-04 -7.746025700069847494e-04 -1.038205276258706827e-03 -1.383060607462207464e-03 -1.763967759430913086e-03 -2.112941197402368014e-03 -2.375886545598662834e-03 -2.571512322815551390e-03 -2.855624831368565320e-03 -3.558578541682528434e-03 -5.153688630469981796e-03 -8.117387586261392077e-03 -1.266796272107001062e-02 -1.843184785950826091e-02 -2.418461651556980813e-02 -2.795245588596026454e-02 -2.798951183895631231e-02 -2.544694552791126191e-02 -2.992741671074012136e-02 -7.070553631279176410e-02 -2.137695009232905841e-01 -6.139197835382130819e-01 -1.494414367484245609e+00 -3.797677955185839060e+00 -6.596925759385020349e+00 -2.434372101447964809e+01 4.732071804029355455e+00 -3.229662669141884521e+02 1.134350886031324762e+03 -8.536100329010059795e+03 3.743710153662411176e+04 -8.662418966174565867e+03 1.167745068309006228e+03 -3.375774677079760977e+02 4.928989686458574937e+00 -2.624130938135800051e+01 -7.232328218916266316e+00 -4.224027659604053575e+00 -1.688874761903521815e+00 -7.047578050630777247e-01 -2.496267649184731319e-01 -8.426803729486613548e-02 -3.659904554065766119e-02 -3.169214031603787701e-02 -3.530514722697999236e-02 -3.575881935913136078e-02 -3.143948463629660239e-02 -2.439932114802734892e-02 -1.712273433625201638e-02 -1.125095397457076714e-02 -7.363100268170333189e-03 -5.252149674306998486e-03 -4.331870007528534905e-03 -3.980575308681164048e-03 -3.744173660201665418e-03 -3.397894155340985128e-03 -2.909395570273248278e-03 -2.356126218418388030e-03 -1.842219500581491814e-03 -1.442106256584432811e-03 -1.178542756345052215e-03 -1.029117273575711746e-03 -9.477982737740278836e-04 -8.884926792180700833e-04 -8.198001663533355981e-04 -7.372107090352840149e-04 -6.201228330258195176e-04 -6.539486159211616283e-04
7.979200237191561911e-10 -3.831870024337419573e-08 -1.666170728580563519e-07 -3.920260072081689528e-07 -6.677902363627665645e-07 -9.210804833138037816e-07 -1.100843002688634438e-06 -1.229616692121848905e-06 -1.432178719136735062e-06 -1.918643653107117054e-06 -2.916101050683994898e-06 -4.568024648612400351e-06 -6.844810080114729155e-06 -9.518562703119125583e-06 -1.223950637338359710e-05 -1.471047140449077178e-05 -1.690087876530914436e-05 -1.919872017259605920e-05 -2.239569152325911118e-05 -2.745160103761092521e-05 -3.508674775215729429e-05 -4.536168768809645838e-05 -5.747375453899993534e-05 -6.996999964327785704e-05 -8.142460835238845554e-05 -9.139949402251501824e-05 -1.012719566284433847e-04 -1.144259420591198706e-04 -1.354383850121651479e-04 -1.682890739204189541e-04 -2.141822433112416956e-04 -2.700255300923790265e-04 -3.287612124102962802e-04 -3.822599340495958344e-04 -4.264491052059462997e-04 -4.669671509044692487e-04 -5.224495397959527535e-04 -6.224351207682073507e-04 -7.981357823997190697e-04 -1.067447682859610884e-03 -1.419607817839397363e-03 -1.808486800385281481e-03 -2.164757791761653428e-03 -2.433288234378314530e-03 -2.633166589946534918e-03 -2.923043628681190609e-03 -3.639460539272380401e-03 -5.263807492968995173e-03 -8.279642784879271203e-03 -1.291101480456850921e-02 -1.877692068000663336e-02 -2.462965112450724720e-02 -2.846305219514844512e-02 -2.850237621434493010e-02 -2.591899781247338636e-02 -3.047328795842748142e-02 -7.190951783180526968e-02 -2.172608449289557542e-01 -6.237223254990681420e-01 -1.518040563246877861e+00 -3.856648917826159373e+00 -6.700106724716678563e+00 -2.470963533279211433e+01 4.775087389171527974e+00 -3.276852800029694777e+02 1.150717196615327339e+03 -8.660226722722063641e+03 3.798113808494245313e+04 -8.788299914472601813e+03 1.184821764656043115e+03 -3.424755837236116918e+02 5.019654617175426381e+00 -2.661535953105115127e+01 -7.332519969207355715e+00 -4.282968484607265758e+00 -1.712182090204116935e+00 -7.144692518545071591e-01 -2.530660754287636371e-01 -8.545008970854472974e-02 -3.713107986303156027e-02 -3.215219486823243933e-02 -3.580570834170618971e-02 -3.625718106140264629e-02 -3.187335945055625591e-02 -2.473482083565923390e-02 -1.735894304957978987e-02 -1.140802376704237384e-02 -7.468015873615577171e-03 -5.328534972249519830e-03 -4.395315034846207849e-03 -4.038455114979311485e-03 -3.798009557295920543e-03 -3.446392253794968493e-03 -2.950914073264401284e-03 -2.390032995968207480e-03 -1.869182485571267921e-03 -1.463686856048379168e-03 -1.196551708918870346e-03 -1.045030210154150336e-03 -9.627617595288181151e-04 -9.019936457974354069e-04 -8.382079657409116039e-04 -7.286273564923277657e-04 -7.845958929700177185e-04
1.543263057065771875e-09 -2.297183239043013409e-08 -1.051767179792834391e-07 -2.687115404990293053e-07 -5.082098712215053406e-07 -7.923381205295721150e-07 -1.076862462885480626e-06 -1.335031164085224747e-06 -1.595474660525343594e-06 -1.968413924356803499e-06 -2.637576512271925830e-06 -3.805965385521733088e-06 -5.606681288988864302e-06 -8.016525067721673564e-06 -1.082505354032126387e-05 -1.370079467863269014e-05 -1.635740706114388926e-05 -1.876572328007962821e-05 -2.131039479219634804e-05 -2.478231136122863358e-05 -3.014719004451444530e-05 -3.813535123663733609e-05 -4.881299048805583837e-05 -6.136994668887414477e-05 -7.433108584818828954e-05 -8.624397772006598144e-05 -9.665972407807764497e-05 -1.069813409697247290e-04 -1.206629562934390261e-04 -1.423806483325157411e-04 -1.762027476962669658e-04 -2.233615103590127734e-04 -2.806967301835420862e-04 -3.409940125457716674e-04 -3.959430450641508161e-04 -4.413783994830879683e-04 -4.830538451950297930e-04 -5.399926809028741123e-04 -6.423414909484775588e-04 -8.219408993693622491e-04 -1.097029427405082696e-03 -1.456602587257514085e-03 -1.853590548655569556e-03 -2.217311391011583376e-03 -2.491516535837031473e-03 -2.695849481912682231e-03 -2.991609591518310570e-03 -3.720443786482327975e-03 -5.374728707328276303e-03 -8.445995665581447140e-03 -1.315995001174040391e-02 -1.912950556539363967e-02 -2.508467904345354840e-02 -2.898508436503074298e-02 -2.902659488914437896e-02 -2.640123219666902846e-02 -3.103121657062745190e-02 -7.314303750424595851e-02 -2.208432103541794200e-01 -6.337877819993692485e-01 -1.542309177929674258e+00 -3.917250797279216101e+00 -6.806141633907539124e+00 -2.508598277144439592e+01 4.819863239770066698e+00 -3.325426165407110943e+02 1.167569363863352237e+03 -8.788034706250376985e+03 3.854138287215887976e+04 -8.917944268794135496e+03 1.202409579485015684e+03 -3.475211529021352703e+02 5.112860722244478850e+00 -2.700081191943191783e+01 -7.435808297610049244e+00 -4.343732113912350812e+00 -1.736215282713144514e+00 -7.244836727509994523e-01 -2.566122270189249988e-01 -8.666787074264045709e-02 -3.767836560419091790e-02 -3.262544811615974288e-02 -3.632108582734358548e-02 -3.677061728253040035e-02 -3.232050759276167140e-02 -2.508061293313754506e-02 -1.760235108401573059e-02 -1.156979434270428986e-02 -7.575979352134026845e-03 -5.407074245810349067e-03 -4.460529228595923844e-03 -4.097962616596573411e-03 -3.853380739218978130e-03 -3.496286325395465272e-03 -2.993629302578167204e-03 -2.424912851732044256e-03 -1.896917891836384174e-03 -1.485911877982429513e-03 -1.215126242143147513e-03 -1.061801130035465706e-03 -9.776633113365066317e-04 -9.230650517111670724e-04 -8.273306749879818850e-04 -9.257228378906424190e-04
1.359089135692049370e-09 -3.717022990846628388e-09 -2.564500536616230174e-08 -9.778390647103245486e-08 -2.587958456878477462e-07 -5.329740161633068905e-07 -9.089562410860581014e-07 -1.339619189692203898e-06 -1.771924130128784160e-06 -2.197859195544077274e-06 -2.699613210190246368e-06 -3.456130023395203123e-06 -4.691472589022175623e-06 -6.574960389786070222e-06 -9.116412823995905031e-06 -1.211868344367658608e-05 -1.523773305190062595e-05 -1.815633548065305063e-05 -2.081371792944135203e-05 -2.358093447095521741e-05 -2.726327323069404441e-05 -3.286412396019569408e-05 -4.115661792121588081e-05 -5.223175523084002612e-05 -6.527011165775049981e-05 -7.875431274657142310e-05 -9.117754909515000256e-05 -1.020577717201761410e-04 -1.128164453697767013e-04 -1.269878485408442337e-04 -1.493687038535961313e-04 -1.841384535055817795e-04 -2.325707420129907688e-04 -2.914361496972853356e-04 -3.533489311800872132e-04 -4.097973540033876864e-04 -4.565071098222622174e-04 -4.993441268868731688e-04 -5.577322195136902305e-04 -6.624500603000592997e-04 -8.459940094709246733e-04 -1.126958240223660361e-03 -1.494105562380112877e-03 -1.899350389036479850e-03 -2.270793161513295477e-03 -2.550786475919494117e-03 -2.758323463363468713e-03 -3.060125618470938003e-03 -3.803735056040859815e-03 -5.488540325336247611e-03 -8.615760012334695850e-03 -1.341437295783485042e-02 -1.948999162383602268e-02 -2.555006844828537627e-02 -2.951904787564041746e-02 -2.956267137362469932e-02 -2.689412533411451867e-02 -3.160175463882571728e-02 -7.440726803275637957e-02 -2.245199063055811906e-01 -6.441253134260097601e-01 -1.567242154613643912e+00 -3.979537841772702311e+00 -6.915125713463566193e+00 -2.547309402993782612e+01 4.866424525839527782e+00 -3.375424726205935144e+02 1.184921832898428192e+03 -8.919634306327247032e+03 3.911831795855394739e+04 -9.051463607986235729e+03 1.220523689954207384e+03 -3.527185190513837938e+02 5.208694548978179739e+00 -2.739799643903174342e+01 -7.542280610400643681e+00 -4.406370130589126077e+00 -1.760994655288250943e+00 -7.348095392395601611e-01 -2.602682326260415402e-01 -8.792243670347772710e-02 -3.824139480473475600e-02 -3.311232581314513951e-02 -3.685173464390115172e-02 -3.729957521816116423e-02 -3.278131584278595051e-02 -2.543699612273538427e-02 -1.785316960878228706e-02 -1.173640762087176971e-02 -7.687087023261253600e-03 -5.487838638440601692e-03 -4.527571980989193723e-03 -4.159151994571277586e-03 -3.910338171579101803e-03 -3.547624506139881399e-03 -3.037588578335127104e-03 -2.460815889885220945e-03 -1.925501215862325879e-03 -1.508848015900456649e-03 -1.234714990542753327e-03 -1.078468997943906292e-03 -1.001469760137909054e-03 -9.094463384546956457e-04 -1.059511190330940855e-03
5.727145604618689365e-10 1.088982118788566976e-08 3.655117595398341715e-08 4.395305608214005512e-08 -3.258842027942680091e-08 -2.604248125303116422e-07 -6.677107529619253594e-07 -1.218183138469138801e-06 -1.822144776146563061e-06 -2.386979614856030694e-06 -2.887588689967014787e-06 -3.420272503847038441e-06 -4.203121126055230169e-06 -5.506408507662151028e-06 -7.531469212927747916e-06 -1.029127124942443491e-05 -1.356162712455686024e-05 -1.695399679982191222e-05 -2.011040589379338089e-05 -2.295336439330967717e-05 -2.587136798100806117e-05 -2.971620514617665551e-05 -3.554782406849562188e-05 -4.418064981288077111e-05 -5.571102828500040224e-05 -6.928303972954454493e-05 -8.331476000248617844e-05 -9.623704300323890283e-05 -1.075434246086174960e-04 -1.186941301683722280e-04 -1.333258072673793287e-04 -1.563702850633331770e-04 -1.921192753209056221e-04 -2.418761830294242443e-04 -3.023237727909185634e-04 -3.658876684777837766e-04 -4.238460621533777345e-04 -4.718194650657769082e-04 -5.158009452212341433e-04 -5.756371743888003207e-04 -6.827575410820289903e-04 -8.703406443589574047e-04 -1.157287777143112132e-03 -1.532289776480243214e-03 -1.945965617837892197e-03 -2.323957944299531991e-03 -2.609893766656024103e-03 -2.822767948083297965e-03 -3.130628826871261448e-03 -3.888566874276478454e-03 -5.604714428569320013e-03 -8.789143538069223854e-03 -1.367445304311291215e-02 -1.985871155660183171e-02 -2.602625621999148098e-02 -3.006545648836283710e-02 -3.011112925003334856e-02 -2.739816703079574894e-02 -3.218546731896877039e-02 -7.570341100855385030e-02 -2.282943316039661441e-01 -6.547443441337740255e-01 -1.592862089948950066e+00 -4.043565985189186307e+00 -7.027157152135133700e+00 -2.587131090424251667e+01 4.914798671126227703e+00 -3.426891952517294158e+02 1.202789584925936879e+03 -9.055139623776802182e+03 3.971244344233893207e+04 -9.188973716492870153e+03 1.239179847768602258e+03 -3.580721918414494667e+02 5.307245732574160435e+00 -2.780725582607342261e+01 -7.652027787123671487e+00 -4.470936175049846639e+00 -1.786541343364347112e+00 -7.454556648696433196e-01 -2.640372246209768403e-01 -8.921488239629207784e-02 -3.882067476352668578e-02 -3.361326691352149731e-02 -3.739812518989672763e-02 -3.784451818699524628e-02 -3.325618535514782842e-02 -2.580428025112072726e-02 -1.811161751225465535e-02 -1.190801040417745205e-02 -7.801438211793412618e-03 -5.570901374720376754e-03 -4.596504660128360349e-03 -4.222080090179595145e-03 -3.968937102378364973e-03 -3.600462994906907313e-03 -3.082851945645065025e-03 -2.497830078024602767e-03 -1.955006408698099253e-03 -1.533002319843897350e-03 -1.254184687608678531e-03 -1.105321018606605010e-03 -9.853016360942276966e-04 -1.174860360731949096e-03
-2.880642714215695248e-10 1.559656207982359083e-08 5.885768964166392644e-08 1.040147473123553147e-07 8.466175034397528924e-08 -8.013999388641221310e-08 -4.459525272585464851e-07 -1.007744389994511636e-06 -1.690996568384138156e-06 -2.381089330312203639e-06 -2.985386120903186871e-06 -3.503470498529772440e-06 -4.069824273613367731e-06 -4.937560904847337469e-06 -6.394169769449979944e-06 -8.633762838811767060e-06 -1.164134184855620928e-05 -1.515607642119365328e-05 -1.875951941046844694e-05 -2.208335312908742893e-05 -2.506481278348168522e-05 -2.812832510861944761e-05 -3.217069769801416161e-05 -3.828944341451223963e-05 -4.731376256683132812e-05 -5.932368509505682393e-05 -7.341906462885471366e-05 -8.796171189478115525e-05 -1.013393189634678070e-04 -1.130417389469321718e-04 -1.245812369379032899e-04 -1.396978713619292673e-04 -1.634484104067249189e-04 -2.002211290934630442e-04 -2.513352053677204881e-04 -3.133788136314543727e-04 -3.785911572521118932e-04 -4.380493712821953976e-04 -4.872815281847336336e-04 -5.324165827395502650e-04 -5.937457076901236398e-04 -7.033063751020486023e-04 -8.951384124829174721e-04 -1.188199204534911386e-03 -1.569896584144036622e-03 -1.992221528075725258e-03 -2.378967227757987444e-03 -2.670857387698878215e-03 -2.888397350945377806e-03 -3.202548923116166346e-03 -3.975061783948036047e-03 -5.723283914536086633e-03 -8.966294936062593410e-03 -1.394042515355985862e-02 -2.023601433160009816e-02 -2.651369972813237205e-02 -3.062484010088340619e-02 -3.067250605891262347e-02 -2.791385814056918796e-02 -3.278293172704851988e-02 -7.703269772239056123e-02 -2.321699797679026012e-01 -6.656545777523723562e-01 -1.619192271314479292e+00 -4.109392937361846521e+00 -7.142337260229174589e+00 -2.628098681013941373e+01 4.965015336769747378e+00 -3.479872886459962160e+02 1.221188158305900515e+03 -9.194668995058989822e+03 4.032427816296870151e+04 -9.330594746642149403e+03 1.258394401240165053e+03 -3.635868530932630165e+02 5.408607128797714658e+00 -2.822894613286311838e+01 -7.765144303707417706e+00 -4.537486017649865033e+00 -1.812877330290011413e+00 -7.564312170802851565e-01 -2.679224590938555361e-01 -9.054634274392377169e-02 -3.941672888659816798e-02 -3.412872431131258599e-02 -3.796074404419572113e-02 -3.840592631655882078e-02 -3.374553221523975827e-02 -2.618278672398372670e-02 -1.837792165458737928e-02 -1.208475455750760048e-02 -7.919135473659679944e-03 -5.656338220315377391e-03 -4.667391622121094992e-03 -4.286808374695763590e-03 -4.029241420559750465e-03 -3.654871308464778101e-03 -3.129519727273190333e-03 -2.536036732341313653e-03 -1.985991548688340741e-03 -1.557082894544808884e-03 -1.284983218277370529e-03 -1.087545107200610893e-03 -1.279583952466264432e-03
-7.907101428066549983e-10 1.015890492659760512e-08 3.909769213437625634e-08 7.265384570102150393e-08 6.668033305616103971e-08 -4.223835554658637859e-08 -3.146778249163494689e-07 -7.799721095103593631e-07 -1.414891691843146792e-06 -2.143365505504375305e-06 -2.865683876354792350e-06 -3.512729540654858809e-06 -4.105353831292807886e-06 -4.788564710350712594e-06 -5.812535743823994072e-06 -7.451571202834279470e-06 -9.882967094133010783e-06 -1.307782374040270710e-05 -1.676833675585681497e-05 -2.053696736374767718e-05 -2.402321257126209972e-05 -2.717755044577167006e-05 -3.044160848094194839e-05 -3.473112467510532607e-05 -4.116001640668836442e-05 -5.056499769464878558e-05 -6.301835836320874901e-05 -7.759482437489599994e-05 -9.262006781627651095e-05 -1.064507586684923263e-04 -1.185727184577746533e-04 -1.305390298604632959e-04 -1.461774632503208549e-04 -1.706573138126411045e-04 -2.084596543482027965e-04 -2.609250338301018733e-04 -3.245579583384261427e-04 -3.914223319032806236e-04 -4.523966970200384583e-04 -5.029282036894906554e-04 -5.492288441204097680e-04 -6.122077281591928018e-04 -7.242660594441713675e-04 -9.191177171623617255e-04 -1.218464860269081280e-03 -1.609063863058321194e-03 -2.040115789997983160e-03 -2.435026473009548487e-03 -2.733097756913464502e-03 -2.955313385334490655e-03 -3.275874031295509387e-03 -4.063282211899032700e-03 -5.844344650714588564e-03 -9.147375898786211379e-03 -1.421254115236259170e-02 -2.062226265184397347e-02 -2.701287052324588545e-02 -3.119774263473198972e-02 -3.124735208051917026e-02 -2.844171011410211170e-02 -3.339473707157923632e-02 -7.839639070942001908e-02 -2.361504445380363248e-01 -6.768660130351155102e-01 -1.646256714813224109e+00 -4.177078276360916220e+00 -7.260770632262113722e+00 -2.670248732176330719e+01 5.017106412973084240e+00 -3.534414207461030060e+02 1.240133670535527017e+03 -9.338345160696118910e+03 4.095436043547377631e+04 -9.476451388237832361e+03 1.278184318357203210e+03 -3.692673633594173452e+02 5.512874952568097342e+00 -2.866343722308366182e+01 -7.881728361813863160e+00 -4.606077635029943274e+00 -1.840025477172796631e+00 -7.677457296633771744e-01 -2.719273203612710410e-01 -9.191799447349109642e-02 -4.003009755726808644e-02 -3.465916559202118080e-02 -3.854009472008116527e-02 -3.898429723897350874e-02 -3.424978800532365447e-02 -2.657284892324061898e-02 -1.865231718368816002e-02 -1.226679734068455638e-02 -8.040285142178815042e-03 -5.744228582434562913e-03 -4.740302302146567372e-03 -4.353407606220878294e-03 -4.091329264800449249e-03 -3.710962512727305866e-03 -3.177683627820564790e-03 -2.576046195485537284e-03 -2.017033400058793925e-03 -1.593599260037144175e-03 -1.267020876807927040e-03 -1.408607498382214492e-03
-7.834791203411888169e-10 -1.326424732477616901e-09 -6.762817482390982066e-09 -1.963392141158337118e-08 -5.141198058652764434e-08 -1.287603547628483112e-07 -2.959271310542246130e-07 -6.043468962818582055e-07 -1.090109164526169823e-06 -1.749197111733602022e-06 -2.526986207843425596e-06 -3.336351604193416727e-06 -4.105960970441856252e-06 -4.841792031238838260e-06 -5.670028084474375450e-06 -6.828375939077064529e-06 -8.591333643659976286e-06 -1.114808662263278359e-05 -1.448587131603766608e-05 -1.834773076346385938e-05 -2.231564611892993382e-05 -2.601852422282712173e-05 -2.939432121676955974e-05 -3.288089989862281993e-05 -3.740576007273558397e-05 -4.410791258624161752e-05 -5.385090432620094029e-05 -6.671967456958729158e-05 -8.177603458075570996e-05 -9.730876509929638836e-05 -1.116312791874595167e-04 -1.242082655655853108e-04 -1.366200367966241547e-04 -1.527781855584797754e-04 -1.779716729035398762e-04 -2.167884137107614888e-04 -2.706050497532621539e-04 -3.358469803301016520e-04 -4.044126631803896628e-04 -4.669227691038390867e-04 -5.189058204505296243e-04 -5.664021362247736785e-04 -6.297503549460884646e-04 -7.444024377147939004e-04 -9.443955665696086117e-04 -1.250058526952532896e-03 -1.648981902820203680e-03 -2.089056070033764971e-03 -2.492226010958355047e-03 -2.796591982199296469e-03 -3.023557741629399453e-03 -3.350654441887520284e-03 -4.153302064047416885e-03 -5.968006825092823583e-03 -9.332558193515692532e-03 -1.449106314638080352e-02 -2.101783046651833561e-02 -2.752425291964127191e-02 -3.178472158270966713e-02 -3.183623035801587398e-02 -2.898224527404640732e-02 -3.402148527140722717e-02 -7.979578563520142720e-02 -2.402394257065583738e-01 -6.883889601449896256e-01 -1.674080204125745652e+00 -4.246683542991074312e+00 -7.382565313418484543e+00 -2.713619072677234456e+01 5.071106018067785826e+00 -3.590564300090817369e+02 1.259642841184066128e+03 -9.486295440914620485e+03 4.160324881722373539e+04 -9.626673045779540189e+03 1.298567210905897809e+03 -3.751187688096202919e+02 5.620148922659943480e+00 -2.911111329085756338e+01 -8.001882024651395753e+00 -4.676771290331434905e+00 -1.868009554281874873e+00 -7.794091158822824550e-01 -2.760553257023026785e-01 -9.333105787308190737e-02 -4.066133902833119623e-02 -3.520507380029056638e-02 -3.913669843967607087e-02 -3.958014681375550403e-02 -3.476940041138296134e-02 -2.697481269940815371e-02 -1.893504800746467417e-02 -1.245430206712016055e-02 -8.164998574819075719e-03 -5.834657916155921997e-03 -4.815316725558183020e-03 -4.421965128467857803e-03 -4.155329015668208191e-03 -3.768845812966830841e-03 -3.228028324795308678e-03 -2.616319180617214524e-03 -2.061917725070772003e-03 -1.576645105646110132e-03 -1.621771770033531013e-03
-3.973703387879608985e-10 -1.282411521161840506e-08 -5.413466636693054422e-08 -1.212111990726410888e-07 -1.974997001016503977e-07 -2.719578704246040745e-07 -3.612296062656473327e-07 -5.189517934538230650e-07 -8.218087337596748740e-07 -1.334644912392240599e-06 -2.071231268238147223e-06 -2.974672527002924013e-06 -3.936421023708645385e-06 -4.855019223585554784e-06 -5.712433183598329170e-06 -6.628866539589056388e-06 -7.857269255124975580e-06 -9.701450792030995055e-06 -1.237983935074892139e-05 -1.589449060990307959e-05 -1.998131828371794847e-05 -2.419652376848755571e-05 -2.813768418104475053e-05 -3.172295879350423204e-05 -3.539482390796539895e-05 -4.011161293621421731e-05 -4.705788217520052481e-05 -5.713665750087323512e-05 -7.044537302538177691e-05 -8.602104245248843272e-05 -1.020981411927797552e-04 -1.169320980133886764e-04 -1.299609074730556397e-04 -1.427978048850065264e-04 -1.594519960010966364e-04 -1.853484549468633865e-04 -2.251899081151609110e-04 -2.804028446340881106e-04 -3.472767412145049619e-04 -4.177047158208550348e-04 -4.817884604026165057e-04 -5.339423152153620908e-04 -5.827024700480388413e-04 -6.484776539926062231e-04 -7.656719037316331430e-04 -9.701494265709866612e-04 -1.282372242665546450e-03 -1.689723384579755157e-03 -2.139004959840996953e-03 -2.550596414355680002e-03 -2.861379219420751366e-03 -3.093183405010944704e-03 -3.426954014776469395e-03 -4.245203624611796657e-03 -6.094387938203495517e-03 -9.522020785448517821e-03 -1.477626163501684180e-02 -2.142310214600302853e-02 -2.804834382701995588e-02 -3.238634829192448689e-02 -3.243971721294669486e-02 -2.953599741999326719e-02 -3.466379180581745378e-02 -8.123221336853214680e-02 -2.444407351647998605e-01 -7.002340573573684335e-01 -1.702688330295584418e+00 -4.318272337756678958e+00 -7.507832970296450803e+00 -2.758248859958533927e+01 5.127050504629993455e+00 -3.648373324602537764e+02 1.279733015825586108e+03 -9.638651918860346996e+03 4.227152290862858354e+04 -9.781394023650072995e+03 1.319561359689571191e+03 -3.811463084335657641e+02 5.730532412824108413e+00 -2.957237340453930230e+01 -8.125711359486777141e+00 -4.749629617421292416e+00 -1.896854274064233792e+00 -7.914316822685227848e-01 -2.803101303338751404e-01 -9.478679862680075563e-02 -4.131103034592339962e-02 -3.576694823447773564e-02 -3.975109493928372095e-02 -4.019400988803387142e-02 -3.530483388939034683e-02 -2.738903700056604176e-02 -1.922636761013228612e-02 -1.264743963128859769e-02 -8.293395242806589351e-03 -5.927725016820600476e-03 -4.892536403082714189e-03 -4.492631443663011245e-03 -4.221378509451824065e-03 -3.829331687051984370e-03 -3.278866105903254120e-03 -2.672686828421352856e-03 -2.045940564445963058e-03 -1.987000256933193956e-03
8.069524447666433782e-11 -1.920411434922561369e-08 -8.153860955290923744e-08 -1.844260514127874377e-07 -2.988409653515140685e-07 -3.909940228749204623e-07 -4.519536744103307716e-07 -5.196470543227713063e-07 -6.779747006808950891e-07 -1.028103175653183241e-06 -1.641676395460314251e-06 -2.518204021328165933e-06 -3.572017193844854658e-06 -4.664501094950316681e-06 -5.676563634427305256e-06 -6.593035284228733525e-06 -7.556410638654702288e-06 -8.851740928603420887e-06 -1.081082947646869519e-05 -1.366376935836963963e-05 -1.740267726527082635e-05 -2.173599054877181890e-05 -2.618690049240942231e-05 -3.032970591683892703e-05 -3.408130583225684590e-05 -3.790878183269868324e-05 -4.281384216648085787e-05 -5.002682235406092428e-05 -6.047912256771722117e-05 -7.426407325556157548e-05 -9.037952945026627241e-05 -1.069996116482735843e-04 -1.223260374321203585e-04 -1.357819608466506094e-04 -1.490282949960560627e-04 -1.661796222759644496e-04 -1.928124850965288876e-04 -2.336914721333451515e-04 -2.904567473777876132e-04 -3.590037549296703633e-04 -4.300270385974293242e-04 -4.957615943368276360e-04 -5.501331263170478178e-04 -6.000755477335863956e-04 -6.675619564727199289e-04 -7.874572630218276042e-04 -9.964367370971023881e-04 -1.315351118906520674e-03 -1.731301309829193962e-03 -2.189986885663813224e-03 -2.610179563422448251e-03 -2.927512192173578869e-03 -3.164251515176453016e-03 -3.504843092607271351e-03 -4.339074503552866127e-03 -6.223610665453222987e-03 -9.715948624138973436e-03 -1.506841491004682482e-02 -2.183847239792121100e-02 -2.858565308253246950e-02 -3.300320858686755371e-02 -3.305840299989701303e-02 -3.010351260446119531e-02 -3.532228669282214129e-02 -8.270704217448560103e-02 -2.487583031361972064e-01 -7.124122881943475427e-01 -1.732107532538517347e+00 -4.391910420542136428e+00 -7.636689066430566442e+00 -2.804178639412507934e+01 5.184978472261306592e+00 -3.707893290326232432e+02 1.300422191016621809e+03 -9.795551631748598084e+03 4.295978418932305067e+04 -9.940753719626156453e+03 1.341185740893622778e+03 -3.873554215749590526e+02 5.844132609564467451e+00 -3.004763207624266386e+01 -8.253326587110377588e+00 -4.824717709271857835e+00 -1.926585325828065631e+00 -8.038241431279252724e-01 -2.846955326431919175e-01 -9.628652973943205295e-02 -4.197976830633909362e-02 -3.634530525332051176e-02 -4.038384327504533633e-02 -4.082644106771601833e-02 -3.585657043702929897e-02 -2.781589490807919937e-02 -1.952654106402635162e-02 -1.284639276112851600e-02 -8.425612888965297934e-03 -6.023558373355183612e-03 -4.972146901061730642e-03 -4.565586531563120727e-03 -4.290493406903094810e-03 -3.890472460006191412e-03 -3.349489016215260236e-03 -2.655522200420454542e-03 -2.550488012784358268e-03
3.897897814428410688e-10 -1.829545711833500538e-08 -7.926256681745742910e-08 -1.853185557840049812e-07 -3.132246160733712750e-07 -4.286096658519323714e-07 -5.093295617396224109e-07 -5.688233794172482801e-07 -6.665138468080344179e-07 -8.964064353607703406e-07 -1.353849997769227312e-06 -2.091860267041329498e-06 -3.087229175269624050e-06 -4.237479910509748506e-06 -5.399967249454594178e-06 -6.465496206117659839e-06 -7.438253155411115919e-06 -8.481775997249455342e-06 -9.896031797901303864e-06 -1.201656658540496950e-05 -1.506520310253949372e-05 -1.901705924759990312e-05 -2.356102388620496150e-05 -2.820543904357524002e-05 -3.252081177256094875e-05 -3.643486603651738547e-05 -4.043931016730894785e-05 -4.556830133103912219e-05 -5.308194952348140283e-05 -6.392651602132060095e-05 -7.818593194004645286e-05 -9.482338565140581237e-05 -1.119638342855461364e-04 -1.277684666920589677e-04 -1.416513403416340151e-04 -1.553349582658907380e-04 -1.729863488665918652e-04 -2.004989431454812731e-04 -2.424455621994340746e-04 -2.994954354407889947e-04 -3.697969212206371351e-04 -4.434663560895029896e-04 -5.107787664373596853e-04 -5.666495601892313893e-04 -6.179016295131637294e-04 -6.870533253266105636e-04 -8.096926240795763053e-04 -1.023255293940430848e-03 -1.349001754575837641e-03 -1.773739806420688995e-03 -2.242039731844941344e-03 -2.671025484628945963e-03 -2.995050095416848437e-03 -3.236828273653615581e-03 -3.584396270607958027e-03 -4.435006243729531367e-03 -6.355801968880361690e-03 -9.914532171701462282e-03 -1.536780895843450380e-02 -2.226434652795239791e-02 -2.913670402976057880e-02 -3.363590357372579775e-02 -3.369289299582502867e-02 -3.068535000894132003e-02 -3.599761554637311706e-02 -8.422167999581049724e-02 -2.531961845847495729e-01 -7.249349990193003634e-01 -1.762365140178369760e+00 -4.467665813280789600e+00 -7.769253043055431185e+00 -2.851450405753005057e+01 5.244930786660371602e+00 -3.769178132075940653e+02 1.321729040368756841e+03 -9.957136770338745919e+03 4.366865689150011167e+04 -1.010489682709257431e+04 1.363460053647719178e+03 -3.937517558110804998e+02 5.961060676911260181e+00 -3.053731985817279337e+01 -8.384842238536700521e+00 -4.902103210671472588e+00 -1.957229412171840099e+00 -8.165976357889077608e-01 -2.892154796842009157e-01 -9.783161352784466858e-02 -4.266817038925801997e-02 -3.694067901437567136e-02 -4.103552256935524833e-02 -4.147801557652645160e-02 -3.642511091030977560e-02 -2.825577635712440625e-02 -1.983585088500577909e-02 -1.305136988477773388e-02 -8.561830262447269954e-03 -6.122398768280495895e-03 -5.054383555268739808e-03 -4.642143019319448435e-03 -4.360267465080050128e-03 -3.976899970339079805e-03 -3.326581276873471962e-03 -3.303707579830648684e-03
4.181002763194939236e-10 -1.137839092520355459e-08 -5.179003939365230716e-08 -1.303744060989131628e-07 -2.425377224107825989e-07 -3.721743572661216113e-07 -4.997448431598074749e-07 -6.167335419735576183e-07 -7.411524033449679562e-07 -9.256163533432880588e-07 -1.249789487396177177e-06 -1.794600063523773258e-06 -2.605466222667232791e-06 -3.661333532563641641e-06 -4.869562683673296519e-06 -6.099633503798529400e-06 -7.251200136065399193e-06 -8.331134307209439686e-06 -9.500315008722759379e-06 -1.105406314858661808e-05 -1.332472964473715842e-05 -1.653370685530081927e-05 -2.065706795810651439e-05 -2.538338824054333907e-05 -3.021798060645815794e-05 -3.472731619098611493e-05 -3.883879386583767405e-05 -4.305265943614821142e-05 -4.842218552818078851e-05 -5.623247072719153968e-05 -6.744987681104412376e-05 -8.216081690375041393e-05 -9.930719443201283794e-05 -1.169698979060321308e-04 -1.332818731336213802e-04 -1.475932301462290139e-04 -1.618512017166582077e-04 -1.800220199571964097e-04 -2.071377446814780547e-04 -2.502225752578905076e-04 -3.095964844813470576e-04 -3.815828355949311317e-04 -4.571926496151819961e-04 -5.262192595014262859e-04 -5.835385578254459731e-04 -6.361106308721397457e-04 -7.069423094655011936e-04 -8.323732979464958928e-04 -1.050613806921987716e-03 -1.383343954378145942e-03 -1.817070933796702129e-03 -2.295207726774791887e-03 -2.733189236773104613e-03 -3.064056342074929044e-03 -3.310983506605403876e-03 -3.665691413049136562e-03 -4.533093668653914547e-03 -6.491092711503412133e-03 -1.011796727606279096e-02 -1.567473761331950738e-02 -2.270114088523697213e-02 -2.970203423916915886e-02 -3.428505055476188668e-02 -3.434380837423798433e-02 -3.128208288387111791e-02 -3.669044068622266674e-02 -8.577757680687662922e-02 -2.577585657997189528e-01 -7.378139171272878327e-01 -1.793489415814905952e+00 -4.545608905877315919e+00 -7.905648505598051656e+00 -2.900107666629461178e+01 5.306950604783563286e+00 -3.832283789732055084e+02 1.343672941767070597e+03 -1.012355488712962688e+04 4.439878891211184236e+04 -1.027397354635483862e+04 1.386404748837869192e+03 -4.003411751932089828e+02 6.081431928487099015e+00 -3.104188396689698592e+01 -8.520377319237502078e+00 -4.981856415440110375e+00 -1.988814287221250643e+00 -8.297637365974669388e-01 -2.938740728841842675e-01 -9.942346357861335526e-02 -4.337687555143576040e-02 -3.755362209233599480e-02 -4.170673287414837505e-02 -4.214933088583208698e-02 -3.701097861044673476e-02 -2.870909579219807842e-02 -2.015461475379984671e-02 -1.326263341222653352e-02 -8.702370248859146035e-03 -6.224547503838740239e-03 -5.140932463606090116e-03 -4.719182801126299565e-03 -4.462517954548036146e-03 -3.942248544500030760e-03 -4.164823970794197423e-03
2.261015835763707550e-10 -2.146933435622985958e-09 -1.385785738072050602e-08 -4.938251113376833913e-08 -1.255504988900353699e-07 -2.525050596479213880e-07 -4.252496599398298073e-07 -6.243387464640087197e-07 -8.291105504680159591e-07 -1.039001583821669020e-06 -1.291102279917004561e-06 -1.660624106937670577e-06 -2.237448200404631341e-06 -3.084834522748968305e-06 -4.199505106357939901e-06 -5.497775430381313195e-06 -6.845183733209771399e-06 -8.127201550039438483e-06 -9.334259902540450386e-06 -1.061772668570900313e-05 -1.227592959589677703e-05 -1.465570595872656193e-05 -1.799706824332382083e-05 -2.228883376522132074e-05 -2.721907628722579532e-05 -3.227893583754643843e-05 -3.701461059048372711e-05 -4.133955824299426218e-05 -4.575752156682358698e-05 -5.134613266567536032e-05 -5.942778166402939375e-05 -7.100308875636073848e-05 -8.616685972016689806e-05 -1.038522793187387599e-04 -1.220408667635933031e-04 -1.389982907659542959e-04 -1.537557873609770296e-04 -1.673096192113589524e-04 -1.860601421846745337e-04 -2.147984286093651616e-04 -2.589393084075746745e-04 -3.199279294630644720e-04 -3.937388971234134566e-04 -4.712495078972870266e-04 -5.420104135385077956e-04 -6.007877430926277743e-04 -6.546934947647989290e-04 -7.272302753865768658e-04 -8.555076234800109260e-04 -1.078528678752546394e-03 -1.418403592374617612e-03 -1.861331535556822988e-03 -2.349539159091268686e-03 -2.796729448651255005e-03 -3.134597553603915131e-03 -3.386789966924614020e-03 -3.748809171535565348e-03 -4.633434574670820989e-03 -6.629617519082657041e-03 -1.032645522791506704e-02 -1.598950284620862319e-02 -2.314928341970991579e-02 -3.028219631933940642e-02 -3.495128401645644645e-02 -3.501178723755239003e-02 -3.189429953258605954e-02 -3.740144228598177994e-02 -8.737622703308924044e-02 -2.624497711647423293e-01 -7.510611693743471928e-01 -1.825509599835026808e+00 -4.625812565644929819e+00 -8.046003416387105034e+00 -2.950195508633136043e+01 5.371083405828577462e+00 -3.897268291165762548e+02 1.366274005790134424e+03 -1.029495911370448812e+04 4.515085276576003525e+04 -1.044813980546658604e+04 1.410041059225903382e+03 -4.071297688640044612e+02 6.205366007190949773e+00 -3.156178893679665620e+01 -8.660055481229713692e+00 -5.064050368328573803e+00 -2.021368796694923198e+00 -8.433344775871842725e-01 -2.986755738379414660e-01 -1.010635465631990609e-01 -4.410654490123527144e-02 -3.818470632063895864e-02 -4.239809709816617228e-02 -4.284101116304514512e-02 -3.761472852587188775e-02 -2.917631291402943486e-02 -2.048321654513800966e-02 -1.348061927274206775e-02 -8.847608195887085927e-03 -6.332095875282752785e-03 -5.227731529182894771e-03 -4.836834817961627175e-03 -4.411086155387469211e-03 -4.995863849446406137e-03
-2.251508372066584012e-11 5.205764405265906824e-09 1.728290545864007069e-08 2.061442567952822965e-08 -1.599303307055660401e-08 -1.241972562430988124e-07 -3.170922830484127097e-07 -5.778691707880978564e-07 -8.656079722050996401e-07 -1.138909282769337806e-06 -1.387501303274922349e-06 -1.654806213835204562e-06 -2.035682602779432138e-06 -2.643871376492883957e-06 -3.559603746457113203e-06 -4.781848524933957957e-06 -6.213543004346889244e-06 -7.697673478300264436e-06 -9.098821028621718445e-06 -1.039841993750952933e-05 -1.175562663330431108e-05 -1.349050656857393931e-05 -1.597608626821222662e-05 -1.947098483978304656e-05 -2.396593020327912439e-05 -2.913249273278291474e-05 -3.443399789887278777e-05 -3.939099089188438072e-05 -4.390770923220236401e-05 -4.850326751703600914e-05 -5.429377918741749252e-05 -6.264536654623231184e-05 -7.460638323875690169e-05 -9.022586032263534104e-05 -1.085890863834464165e-04 -1.273231640278450587e-04 -1.436534891689143203e-04 -1.589167642292872696e-04 -1.737731079940487940e-04 -1.930090560326553034e-04 -2.226480725239348964e-04 -2.679715208341475522e-04 -3.305294278699933753e-04 -4.061889578641559749e-04 -4.856213932383364701e-04 -5.581404523442644143e-04 -6.183955380709607163e-04 -6.736541353195900448e-04 -7.479261775643309632e-04 -8.791098238166603854e-04 -1.107020831249912228e-03 -1.454210293451440282e-03 -1.906561739886347695e-03 -2.405085335369842522e-03 -2.861707594945791210e-03 -3.206743051948033295e-03 -3.464322980611811518e-03 -3.833832750456908980e-03 -4.736129606088861771e-03 -6.771514781520895920e-03 -1.054020292739260567e-02 -1.631241514805911036e-02 -2.360921431371511281e-02 -3.087775879160089415e-02 -3.563525667152358384e-02 -3.569748569297575419e-02 -3.252260432821895558e-02 -3.813131955184976413e-02 -8.901917203408672707e-02 -2.672742701233568052e-01 -7.646893013900817326e-01 -1.858455956381213525e+00 -4.708352250547173767e+00 -8.190450294041690782e+00 -3.001760665850036958e+01 5.437377027895212933e+00 -3.964191838682236266e+02 1.389553105387995629e+03 -1.047150838765703338e+04 4.592554658017744805e+04 -1.062755749101531910e+04 1.434391030935821618e+03 -4.141238600689931104e+02 6.332987072891341107e+00 -3.209751730394991398e+01 -8.804005203317801787e+00 -5.148760971704410494e+00 -2.054922919756783983e+00 -8.573223637366156336e-01 -3.036244101564002373e-01 -1.027533840710554702e-01 -4.485786279792820103e-02 -3.883452500319595907e-02 -4.311026611309643625e-02 -4.355371747868789362e-02 -3.823696951143532030e-02 -2.965796267250712936e-02 -2.082223501940888566e-02 -1.370578657101262712e-02 -9.000015056904189792e-03 -6.439925742101318754e-03 -5.363079212767728546e-03 -4.768062178500780124e-03 -5.671189931265129339e-03
-1.721859169663706270e-10 7.856545888770177456e-09 2.959667050078021606e-08 5.223085315051931886e-08 4.269224663817612426e-08 -3.856478073481061508e-08 -2.176214101186487409e-07 -4.903992796653241860e-07 -8.197614079123483443e-07 -1.151232177782123782e-06 -1.443158072807217907e-06 -1.698465684594466518e-06 -1.981187958067607548e-06 -2.404977150893530574e-06 -3.092386366175496033e-06 -4.118917988742489699e-06 -5.467663037445761925e-06 -7.021636396802668886e-06 -8.608546482677784421e-06 -1.008900572404462540e-05 -1.145378955684767600e-05 -1.288131564981083006e-05 -1.471340420752322087e-05 -1.733871227029992626e-05 -2.101885969616461319e-05 -2.573317427776080428e-05 -3.113143056014757061e-05 -3.665361134188517865e-05 -4.180594870922905911e-05 -4.649695942627231229e-05 -5.126717494313763569e-05 -5.728469751732582219e-05 -6.590605142387838205e-05 -7.838866688885066990e-05 -9.448232761822112052e-05 -1.122564715091487863e-04 -1.315989869334198046e-04 -1.493041124375911173e-04 -1.649768421010541178e-04 -1.804091212569297088e-04 -2.002443363333164517e-04 -2.307234434308612912e-04 -2.772398157316616142e-04 -3.413816806550369208e-04 -4.189175879520355152e-04 -5.003035390370189159e-04 -5.746105453234047348e-04 -6.363679334849064399e-04 -6.930023018190932266e-04 -7.690433762913203306e-04 -9.031976686302108830e-04 -1.136114175590036352e-03 -1.490796353709065471e-03 -1.952804197056144013e-03 -2.461900038804613541e-03 -2.928187616490584341e-03 -3.280564599003270732e-03 -3.543660276390548595e-03 -3.920847811897595903e-03 -4.841282238893228687e-03 -6.916926740745394167e-03 -1.075942312156726206e-02 -1.664379397052423437e-02 -2.408138666681424941e-02 -3.148930701291419165e-02 -3.633764054397339849e-02 -3.640157896425539469e-02 -3.316761875831270023e-02 -3.888079192943709461e-02 -9.070800265406114837e-02 -2.722366843585697915e-01 -7.787112974238131757e-01 -1.892359820895415545e+00 -4.793306126507033582e+00 -8.339126420068483370e+00 -3.054851591112861442e+01 5.505881710124768347e+00 -4.033116899162101276e+02 1.413531906877756910e+03 -1.065336768956718151e+04 4.672359513631891605e+04 -1.081239468932567797e+04 1.459477556369702370e+03 -4.213300155799031472e+02 6.464423998430401497e+00 -3.264957032176599228e+01 -8.952359979758270470e+00 -5.236067097158361605e+00 -2.089507812690080346e+00 -8.717403909300031062e-01 -3.087251817057214964e-01 -1.044945551684173940e-01 -4.563153957394995575e-02 -3.950369840567496266e-02 -4.384392920991039833e-02 -4.428817000364140138e-02 -3.887839093733383433e-02 -3.015478791191490010e-02 -2.117223268988739290e-02 -1.394092970987330891e-02 -9.153497891874504827e-03 -6.603163817623240381e-03 -5.284296977909289095e-03 -6.196357437129337495e-03
-1.560054049331017580e-10 5.375563042179837110e-09 2.073057203411469999e-08 3.820779949571762743e-08 3.470999563817785583e-08 -2.179369532269605951e-08 -1.601141712113160444e-07 -3.918445136675808178e-07 -7.023927533830225936e-07 -1.053309711222426521e-06 -1.398387678182682783e-06 -1.709600639821815080e-06 -2.002477582718275984e-06 -2.347255852265054295e-06 -2.855359762226758505e-06 -3.640472877615248622e-06 -4.766919640335564103e-06 -6.208980942604141040e-06 -7.846307217842739314e-06 -9.509307157018725542e-06 -1.106586051968623035e-05 -1.251604012822490078e-05 -1.404707622361914845e-05 -1.600717516324573912e-05 -1.878761104018979863e-05 -2.264798346989541791e-05 -2.756083896457119914e-05 -3.316542912927237808e-05 -3.889156691957008325e-05 -4.423670157704427062e-05 -4.912653056196598082e-05 -5.406951809680175482e-05 -6.044666108551048167e-05 -6.935267845588462211e-05 -8.109208569772088091e-05 -9.772300552049890650e-05 -1.169045535464675650e-04 -1.367611344541603711e-04 -1.551183623849300484e-04 -1.713123801473986831e-04 -1.872529215900732731e-04 -2.076848024820952864e-04 -2.390025283956533357e-04 -2.867253396618860638e-04 -3.524761087945820176e-04 -4.319222504338799621e-04 -5.152987184404670285e-04 -5.914276814413560891e-04 -6.547153070954787619e-04 -7.127512367446070659e-04 -7.905980957066349952e-04 -9.277913725756513959e-04 -1.165834818229599451e-03 -1.528196161161144437e-03 -2.000103661166738583e-03 -2.520039235665744691e-03 -2.996235724339373942e-03 -3.356136276203013167e-03 -3.624881924340401032e-03 -4.009942466719562150e-03 -4.948998833657834197e-03 -7.065999635446807911e-03 -1.098433469045983872e-02 -1.698396821082470004e-02 -2.456626722192661871e-02 -3.211744413886562233e-02 -3.705912809211969056e-02 -3.712476253649058672e-02 -3.382998249628894893e-02 -3.965060034039616377e-02 -9.244436184618018415e-02 -2.773417952062445790e-01 -7.931406008771417770e-01 -1.927253649357264065e+00 -4.880755189079004630e+00 -8.492174053113803467e+00 -3.109518530115834523e+01 5.576650140237195075e+00 -4.104108298091282450e+02 1.438232902319830828e+03 -1.084070829050654538e+04 4.754575095515669091e+04 -1.100282593856954190e+04 1.485324408619774204e+03 -4.287550555489884800e+02 6.599810574477257497e+00 -3.321846870975203103e+01 -9.105258517707355281e+00 -5.326050702310183738e+00 -2.125155854702614810e+00 -8.866020651038952760e-01 -3.139826679883103711e-01 -1.062887007608547818e-01 -4.642831751820999248e-02 -4.019288438014319287e-02 -4.459983680618912621e-02 -4.504517417940419322e-02 -3.953990505228043711e-02 -3.066749420024736036e-02 -2.153632255221755651e-02 -1.417923425554769301e-02 -9.368645234069047228e-03 -6.530870647487572490e-03 -6.848057066508935788e-03
-1.719127600118300150e-11 -4.006433372610866674e-10 -2.256871425879235422e-09 -8.120578444631137101e-09 -2.494883875052827524e-08 -6.695536998742122837e-08 -1.554877040831035215e-07 -3.134623059338071839e-07 -5.551270060721584327e-07 -8.759231247705031773e-07 -1.249614971316186875e-06 -1.638136192704463148e-06 -2.013595846564841007e-06 -2.384003749219962075e-06 -2.808668484088503002e-06 -3.390418667656687098e-06 -4.240850496794308872e-06 -5.429234377506763845e-06 -6.938650670035070704e-06 -8.656437568103547814e-06 -1.041566181618640024e-05 -1.208112948674488910e-05 -1.364696599094522994e-05 -1.529629573210668778e-05 -1.737876968854290376e-05 -2.029300001535274696e-05 -2.430797530352522048e-05 -2.940274680697997593e-05 -3.521157637180911135e-05 -4.116672595060770419e-05 -4.670310405916441897e-05 -5.192334575095210387e-05 -5.705184974781399017e-05 -6.252570440791058377e-05 -7.177711069697800621e-05 -8.476017965158812921e-05 -1.018324006982831986e-04 -1.217020397995465333e-04 -1.421867462441004596e-04 -1.611304040014062194e-04 -1.778413842438079755e-04 -1.942811909780613330e-04 -2.153096593581307384e-04 -2.474739896546188957e-04 -2.964220690933024385e-04 -3.638116179720040982e-04 -4.452061822687282877e-04 -5.306140620600825492e-04 -6.086023260748031974e-04 -6.734508786534126401e-04 -7.329165673059180770e-04 -8.126086159621451503e-04 -9.529129931042543090e-04 -1.196210610582865586e-03 -1.566445864075153953e-03 -2.048506755874944952e-03 -2.579560922356788875e-03 -3.065920313544441902e-03 -3.433534450999948130e-03 -3.708070344082929626e-03 -4.101207321906747728e-03 -5.059388734750730476e-03 -7.218883885190228999e-03 -1.121516296843456766e-02 -1.733327673077470973e-02 -2.506433712653004589e-02 -3.276279212341066949e-02 -3.780043336876184185e-02 -3.786775333539821320e-02 -3.451035450291890100e-02 -4.044150845390006438e-02 -9.422994738018108940e-02 -2.825945513227697270e-01 -8.079911355733563338e-01 -1.963171069335293506e+00 -4.970783389761656679e+00 -8.649740651428558635e+00 -3.165813598553556218e+01 5.649737507402226022e+00 -4.177233317676415254e+02 1.463679443341775141e+03 -1.103370801058865800e+04 4.839279543340761302e+04 -1.119903249229440917e+04 1.511956277446389777e+03 -4.364060638142340167e+02 6.739285723569469866e+00 -3.380475343701243673e+01 -9.262844944044136497e+00 -5.418796953360689450e+00 -2.161900696378161513e+00 -9.019214231986573127e-01 -3.194018375520671915e-01 -1.081375315506439838e-01 -4.724898337237599250e-02 -4.090280616911871892e-02 -4.537883799530048612e-02 -4.582580010228137074e-02 -4.022242711118001468e-02 -3.119969414517765466e-02 -2.190721169584297287e-02 -1.448786408457369314e-02 -9.325195472390124946e-03 -8.272609662706091604e-03
1.364494139901533864e-10 -6.453837970060152131e-09 -2.714722259462783215e-08 -6.125379597876908106e-08 -1.010099635102817251e-07 -1.414132696017564191e-07 -1.906304031251036029e-07 -2.742044546446862166e-07 -4.281121556643209744e-07 -6.822334916850346663e-07 -1.042357179267021375e-06 -1.481995564167825137e-06 -1.952192172696960841e-06 -2.408788494582652473e-06 -2.846097792873533418e-06 -3.319006511865527821e-06 -3.937375042222033254e-06 -4.827878766325929199e-06 -6.075577743170780640e-06 -7.672363575259420906e-06 -9.503132080953054391e-06 -1.138856962965531758e-05 -1.317756775944946309e-05 -1.485328742122794139e-05 -1.659931935385774521e-05 -1.877807825856474434e-05 -2.180886405679105058e-05 -2.597582320522946861e-05 -3.127733642770686557e-05 -3.728922306939794293e-05 -4.360512642157677302e-05 -4.934550646542712194e-05 -5.363784574816191493e-05 -5.901190473472810226e-05 -6.555905504961414589e-05 -7.505553415646614823e-05 -8.856219026106907624e-05 -1.061882981942037388e-04 -1.266817652380750167e-04 -1.477929902976703885e-04 -1.673160363246063633e-04 -1.845421041358239562e-04 -2.014812629506666840e-04 -2.231108977281996903e-04 -2.561339270210577046e-04 -3.063296985124051310e-04 -3.753914139193064207e-04 -4.587760475381971606e-04 -5.462595088935317004e-04 -6.261473088087640086e-04 -6.925898974856026192e-04 -7.535156953027672506e-04 -8.350948084222222694e-04 -9.785860754249931133e-04 -1.227270882382687674e-03 -1.605583179818292254e-03 -2.098061849973153949e-03 -2.640525059748750555e-03 -3.137311947051675629e-03 -3.512837800116498654e-03 -3.793310359264588389e-03 -4.194735566088875212e-03 -5.172564401801655470e-03 -7.375734303172291201e-03 -1.145214009317894500e-02 -1.769206890495566425e-02 -2.557609272668941169e-02 -3.342599275575076218e-02 -3.856229322097504131e-02 -3.863129094471277891e-02 -3.520941416167339133e-02 -4.125430399689921507e-02 -9.606651464031898402e-02 -2.880000766265091716e-01 -8.232773278167883069e-01 -2.000146932978398961e+00 -5.063477767256951090e+00 -8.811979104043079047e+00 -3.223790862462806928e+01 5.725201560302744852e+00 -4.252561799254028756e+02 1.489895776477972277e+03 -1.123255148908624869e+04 4.926554003050871688e+04 -1.140120259490789613e+04 1.539398806895135067e+03 -4.442903986764464435e+02 6.882993723541262376e+00 -3.440898654230417009e+01 -9.425269022184748380e+00 -5.514394353785491809e+00 -2.199777311114038625e+00 -9.177130568093977425e-01 -3.249878625261088949e-01 -1.100428473943831503e-01 -4.809441180436352381e-02 -4.163432414766048834e-02 -4.618215351054521384e-02 -4.663126641146419366e-02 -4.093058914407927268e-02 -3.174347936643674706e-02 -2.236571880825530267e-02 -1.449159230350358270e-02 -1.145536876910467280e-02
2.047341205982776104e-10 -1.003464996189505104e-08 -4.247958378468669340e-08 -9.607757524315465316e-08 -1.557902004095094388e-07 -2.043571097475138880e-07 -2.374189795244064818e-07 -2.743843865911783086e-07 -3.573155265824826898e-07 -5.358956222768366534e-07 -8.441233565168546492e-07 -1.280176768415970728e-06 -1.801686479530203259e-06 -2.342891955161923247e-06 -2.849664252142078693e-06 -3.317774263838488233e-06 -3.814382934258944314e-06 -4.466965212891952989e-06 -5.417309696082880708e-06 -6.756376749966887745e-06 -8.470136056545138489e-06 -1.042840498239843375e-05 -1.243447554635187796e-05 -1.432570236621921236e-05 -1.608531474666960399e-05 -1.791049307987942674e-05 -2.018217305298395810e-05 -2.335332554921798638e-05 -2.767038276142883230e-05 -3.330966760064544245e-05 -3.953738298169521696e-05 -4.496185910933178913e-05 -5.096803166770485968e-05 -5.630105278087159414e-05 -6.181760678043264287e-05 -6.871689893245643737e-05 -7.856669298404867754e-05 -9.252964713434264868e-05 -1.107068561086114859e-04 -1.318184195754442843e-04 -1.535571379030426301e-04 -1.736616956920025441e-04 -1.914055489796304328e-04 -2.088478848530500045e-04 -2.310861922558310499e-04 -2.649826929186118981e-04 -3.164512903116578342e-04 -3.872214477448984336e-04 -4.726408191643420727e-04 -5.622469884257461688e-04 -6.440772085121711319e-04 -7.121491722901509246e-04 -7.745674334252435978e-04 -8.580778539155217927e-04 -1.004835437410656670e-03 -1.259046284429464783e-03 -1.645647290650181305e-03 -2.148819002919552350e-03 -2.702993564287641676e-03 -3.210483385958291889e-03 -3.594127370838791878e-03 -3.880689283452851135e-03 -4.290623081440193484e-03 -5.288641564274780722e-03 -7.536710330984714747e-03 -1.169550537814041842e-02 -1.806070519634674076e-02 -2.610204639427680939e-02 -3.410770873601282754e-02 -3.934546853145756695e-02 -3.941613886276085915e-02 -3.592786244784818700e-02 -4.208980010351028728e-02 -9.795587951878970134e-02 -2.935636785340346444e-01 -8.390141293007579160e-01 -2.038217372081669421e+00 -5.158928583989130345e+00 -8.979047971208492740e+00 -3.283506421935539521e+01 5.803102670430253518e+00 -4.330166250205383562e+02 1.516907080097574408e+03 -1.143743046668365787e+04 5.016482750929536269e+04 -1.160953176968811567e+04 1.567678634630565057e+03 -4.524157041706886275e+02 7.031084440838563765e+00 -3.503175199215844771e+01 -9.592686378955797011e+00 -5.612934879302091673e+00 -2.238822051069375707e+00 -9.339921448535538628e-01 -3.307461547528792734e-01 -1.120066135689756215e-01 -4.896570278025220296e-02 -4.238888655275777073e-02 -4.701142438341288088e-02 -4.746818618556894465e-02 -4.165485230138677580e-02 -3.240965889831756014e-02 -2.241438328490950524e-02 -1.747041109063101477e-02
1.521547651952380605e-10 -9.813149476222239601e-09 -4.239711493270366843e-08 -9.866011909134950523e-08 -1.658151029986781084e-07 -2.256013893138202190e-07 -2.670078571799853049e-07 -2.982264345953461853e-07 -3.510057155892076441e-07 -4.733739520813558193e-07 -7.117509808270437758e-07 -1.089274820534246153e-06 -1.590760992225476396e-06 -2.163996807792621152e-06 -2.741103327452224325e-06 -3.274234422966019118e-06 -3.770954702458440262e-06 -4.310740972161114188e-06 -5.029004813596589904e-06 -6.068213982798879004e-06 -7.512850306128142151e-06 -9.338065363250515327e-06 -1.140291455972120504e-05 -1.350411527849828805e-05 -1.548031895162147280e-05 -1.732034796975513903e-05 -1.924779433696830643e-05 -2.160957174624077796e-05 -2.505053323580324948e-05 -2.952928034339613939e-05 -3.425970940709046979e-05 -4.076691718218820561e-05 -4.726148706242012032e-05 -5.343006014163842948e-05 -5.908441214564431253e-05 -6.484913283985241491e-05 -7.202985607348839480e-05 -8.222600439477788519e-05 -9.663616376125355506e-05 -1.153641898131456314e-04 -1.370973123433655598e-04 -1.594691937298037927e-04 -1.801612172856180991e-04 -1.984283965454272506e-04 -2.163800351333979390e-04 -2.392365509856297456e-04 -2.740233341877325291e-04 -3.267921507129939083e-04 -3.993095909423923862e-04 -4.868111567988976760e-04 -5.785899440272654435e-04 -6.624079839931839740e-04 -7.321467831153806276e-04 -7.960917806084119672e-04 -8.815800694826593986e-04 -1.031687040586101636e-03 -1.291568700472919351e-03 -1.686678795512346150e-03 -2.200829955974613339e-03 -2.767030336337589040e-03 -3.285509650208390427e-03 -3.677486667282714970e-03 -3.970297026877196017e-03 -4.388968573792322719e-03 -5.407739393403800804e-03 -7.701976291886803057e-03 -1.194550570661754088e-02 -1.843955775834496894e-02 -2.664272738591157152e-02 -3.480862478686230777e-02 -4.015074549695413220e-02 -4.022308579324659211e-02 -3.666642312830044326e-02 -4.294883670557440858e-02 -9.989992141723143260e-02 -2.992908565208947658e-01 -8.552170409296475651e-01 -2.077419855356716472e+00 -5.257229468184553056e+00 -9.151111734622384475e+00 -3.345018498391505091e+01 5.883503900634001305e+00 -4.410121955605034714e+02 1.544739502998496391e+03 -1.164854408045002310e+04 5.109153323295999871e+04 -1.182422311991405331e+04 1.596823433067644373e+03 -4.607899218550801947e+02 7.183713574965389093e+00 -3.567365657777420296e+01 -9.765258741742281146e+00 -5.714514122413949515e+00 -2.279072719456035845e+00 -9.507745240333793646e-01 -3.366824966353048065e-01 -1.140311950843667793e-01 -4.986490377751209152e-02 -4.316872763978588101e-02 -4.787661067892210603e-02 -4.832305057654774638e-02 -4.256265043069795001e-02 -3.246070134482317154e-02 -2.696647521240066320e-02
2.166925986331206843e-11 -6.281094962470382798e-09 -2.848100449952259950e-08 -7.089069886193458514e-08 -1.302179135227156359e-07 -1.973588479066818691e-07 -2.625099583115264287e-07 -3.228709618873503099e-07 -3.898561768125499417e-07 -4.916755434598168099e-07 -6.679316872594680603e-07 -9.560252267712034462e-07 -1.373829911094246877e-06 -1.906883278312807169e-06 -2.508894126121334399e-06 -3.119977696220282111e-06 -3.698666217078600429e-06 -4.254874817670623235e-06 -4.866242450426902624e-06 -5.663955483405873501e-06 -6.786368033701679895e-06 -8.315792751819000954e-06 -1.022729656162901770e-05 -1.238186657559079825e-05 -1.457502253094963023e-05 -1.665930296616459445e-05 -1.857668370536653575e-05 -2.073458802118020809e-05 -2.319660240796531084e-05 -2.566576828810310861e-05 -3.037060593535640716e-05 -3.614520000162217732e-05 -4.282810139068187860e-05 -4.967673388592329462e-05 -5.611341116030713191e-05 -6.201792114652659516e-05 -6.802157996852602228e-05 -7.547087570574552841e-05 -8.600869572798513130e-05 -1.008659541679880062e-04 -1.201491165867715863e-04 -1.425111315262349494e-04 -1.655248150693555513e-04 -1.868126546816668290e-04 -2.056106437658226916e-04 -2.240793642306318685e-04 -2.475651883423496836e-04 -2.832607619963716222e-04 -3.373592006795623978e-04 -4.116651507095333640e-04 -5.012990293348800917e-04 -5.953030375132934045e-04 -6.811567425932771617e-04 -7.526019006543530586e-04 -8.181097822799014707e-04 -9.056248030949233009e-04 -1.059167915958324994e-03 -1.324871203458775687e-03 -1.728719697600859763e-03 -2.254148151985344538e-03 -2.832701311328575736e-03 -3.362468097565329481e-03 -3.763001751875852136e-03 -4.062226216816153951e-03 -4.489873716199531233e-03 -5.529980688387038656e-03 -7.871701659713277108e-03 -1.220239594313035289e-02 -1.882901105593906554e-02 -2.719868272334191941e-02 -3.552944878942054102e-02 -4.097893693397961640e-02 -4.105294696595454540e-02 -3.742584399535955203e-02 -4.383228197535844056e-02 -1.019005863713085130e-01 -3.051873110246959286e-01 -8.719021375825701803e-01 -2.117793247983618787e+00 -5.358477561744423134e+00 -9.328341057915162438e+00 -3.408387525587995981e+01 5.966471078845517084e+00 -4.492507094839773458e+02 1.573420204746519630e+03 -1.186609917214871166e+04 5.204656652097738697e+04 -1.204548764374233178e+04 1.626861952387879910e+03 -4.694213031394219229e+02 7.341042916256453665e+00 -3.633533085284304320e+01 -9.943154192332576358e+00 -5.819231465711397711e+00 -2.320568701080307772e+00 -9.680768972181331700e-01 -3.428033882743717342e-01 -1.161204155864990206e-01 -5.079519945807101089e-02 -4.398867982685026462e-02 -4.875648413498841899e-02 -4.945313791766499378e-02 -4.251914561358149935e-02 -3.945673274101355044e-02
-9.965979054636388700e-11 -1.316080910547266404e-09 -8.166145002430006863e-09 -2.772654596449423994e-08 -6.832868250266421207e-08 -1.348163396528786424e-07 -2.247648513091524973e-07 -3.291116694571531905e-07 -4.387563511539887808e-07 -5.546699026301831341e-07 -6.957421413943162230e-07 -8.981661038048239194e-07 -1.203628206440969206e-06 -1.639865347457807479e-06 -2.202961615847294796e-06 -2.852713004406737569e-06 -3.528080985998423249e-06 -4.180151831117420456e-06 -4.809243502853548418e-06 -5.486410627642617013e-06 -6.342844854832175080e-06 -7.523408288715823558e-06 -9.120864088307729142e-06 -1.111558008721954439e-05 -1.338300881341976847e-05 -1.566525343879447671e-05 -1.798524329571918456e-05 -1.998939551378585739e-05 -2.114201375599829546e-05 -2.376927871151155450e-05 -2.720967995473759846e-05 -3.203498439118074385e-05 -3.814011603077718072e-05 -4.510440471095294258e-05 -5.223694684529859011e-05 -5.893300440301412651e-05 -6.507417166549263300e-05 -7.130971061528301172e-05 -7.902349336448535237e-05 -8.990266580321512645e-05 -1.052105872867057615e-04 -1.250560836416888069e-04 -1.480567639587813879e-04 -1.717229625648970857e-04 -1.936167200240737813e-04 -2.129544783696208060e-04 -2.319493620298631849e-04 -2.560768919675073885e-04 -2.927012611209124106e-04 -3.481605905456554273e-04 -4.242985654354623228e-04 -5.161174742120878565e-04 -6.124019597424002924e-04 -7.003415923537301352e-04 -7.735346722502632524e-04 -8.406434442975597564e-04 -9.302363716224086023e-04 -1.087306124345103564e-03 -1.358988038698061458e-03 -1.771813412342880230e-03 -2.308828770340378041e-03 -2.900074522482540187e-03 -3.441438512438188893e-03 -3.850761356552784547e-03 -4.156572328344638675e-03 -4.593443303065390497e-03 -5.655492071865886317e-03 -8.046061334120497080e-03 -1.246643934763970105e-02 -1.922946248816460521e-02 -2.777047807822805719e-02 -3.627091293263923211e-02 -4.183088361139579436e-02 -4.190656549692046290e-02 -3.820689814755417330e-02 -4.474103382317463906e-02 -1.039598902780245610e-01 -3.112589526442887111e-01 -8.890860937724995861e-01 -2.159377873457655195e+00 -5.462773674161641502e+00 -9.510913057981587926e+00 -3.473676244582385664e+01 6.052072876879718955e+00 -4.577402863447683217e+02 1.602977397844510278e+03 -1.209031061053169287e+04 5.303087206686004356e+04 -1.227354456349130669e+04 1.657824065532959594e+03 -4.783184221784336501e+02 7.503240615570367922e+00 -3.701743012422896584e+01 -1.012654746386800575e+01 -5.927190334288946261e+00 -2.363351265122697775e+00 -9.859172770423008103e-01 -3.491174267158439481e-01 -1.182793953524040320e-01 -5.177756290396363925e-02 -4.481530121708971609e-02 -5.002756876788056611e-02 -4.917175548377083344e-02 -5.267865007423015722e-02
-1.349514198159325928e-10 2.795910332478316802e-09 9.181391935964372560e-09 1.086502053333241235e-08 -8.812689786236291600e-09 -6.665452629908611416e-08 -1.696260123065986665e-07 -3.090413515398997506e-07 -4.638088612038477097e-07 -6.128293585180604544e-07 -7.510863387370950471e-07 -9.006160126883136503e-07 -1.108591965867667342e-06 -1.430420855368339739e-06 -1.903887019286751275e-06 -2.526774800255909149e-06 -3.251523974247102861e-06 -4.004263225347796641e-06 -4.723946498369763446e-06 -5.405397283482637196e-06 -6.123500830197503255e-06 -7.021911049904856720e-06 -8.257375973732584295e-06 -9.945674565552391983e-06 -1.202068530322050947e-05 -1.452805975490646945e-05 -1.690853007200315161e-05 -1.823562514201075254e-05 -2.039314382168751639e-05 -2.247337101871902293e-05 -2.515809818118062874e-05 -2.885764782617042569e-05 -3.390764305929499448e-05 -4.027306367309207302e-05 -4.751049355194158916e-05 -5.491435300381629207e-05 -6.186328020544131553e-05 -6.823633404965364962e-05 -7.470093420326188104e-05 -8.267858071000076694e-05 -9.390142193395178808e-05 -1.096658077855217826e-04 -1.300828181574781328e-04 -1.537337337660452932e-04 -1.780647699158173741e-04 -2.005759495166296934e-04 -2.204636434917240512e-04 -2.399948640721691687e-04 -2.647776327393794489e-04 -3.023521787988792207e-04 -3.592054506819797191e-04 -4.372212052887222266e-04 -5.312804392632559458e-04 -6.299033069580738846e-04 -7.199815471211730910e-04 -7.949661506676164360e-04 -8.637156810359635515e-04 -9.554400251902017043e-04 -1.116130735982090710e-03 -1.393954620170930218e-03 -1.816004783991808291e-03 -2.364928768254490488e-03 -2.969220169874009670e-03 -3.522503202481225976e-03 -3.940857002905085761e-03 -4.253433822904504127e-03 -4.699785407287286089e-03 -5.784404180315162909e-03 -8.225235902010772510e-03 -1.273790797129468848e-02 -1.964132299630729286e-02 -2.835869865802755768e-02 -3.703377488726655037e-02 -4.270745562918883131e-02 -4.278481380070264101e-02 -3.901038530231947660e-02 -4.567602139068673017e-02 -1.060799221211627119e-01 -3.175119115127895686e-01 -9.067862101296870758e-01 -2.202215577821412751e+00 -5.570222442890366388e+00 -9.699011587969057047e+00 -3.540949802878332520e+01 6.140380894256315614e+00 -4.664893600433416054e+02 1.633440391820484365e+03 -1.232140162829603105e+04 5.404543142072833871e+04 -1.250862167002008937e+04 1.689740815270852863e+03 -4.874901893611847754e+02 7.670481452253468113e+00 -3.772063552704999978e+01 -1.031562032767107517e+01 -6.038498627276127628e+00 -2.407464045078413495e+00 -1.004316542613024943e+00 -3.556342968709959029e-01 -1.205359751173461225e-01 -5.276285476551513531e-02 -4.615337209606928254e-02 -4.937399884012617923e-02 -6.261435994220782009e-02
-6.251450479309083357e-11 4.401502864190437914e-09 1.655478334156224616e-08 2.918096434064421613e-08 2.393502903568540367e-08 -2.084666628165437395e-08 -1.190411956966473756e-07 -2.678159178285300262e-07 -4.466117572739259233e-07 -6.262401768106955295e-07 -7.852789626442230260e-07 -9.264113338959100967e-07 -1.083875140563067204e-06 -1.316006197176249886e-06 -1.683368521450523590e-06 -2.220726874423419115e-06 -2.916179661749061668e-06 -3.710223691655164455e-06 -4.520155380323226788e-06 -5.282985322191979149e-06 -6.000260964041454030e-06 -6.755961577614529230e-06 -7.718707537259066742e-06 -9.005789729411969443e-06 -1.091101430886290469e-05 -1.307484956063142404e-05 -1.460129863243678565e-05 -1.714882293491786820e-05 -1.940596128199093944e-05 -2.160770614519578529e-05 -2.390567640401810537e-05 -2.675031926014378672e-05 -3.063760243967837558e-05 -3.590300404949614928e-05 -4.251583468792122006e-05 -5.002040620403804254e-05 -5.769175321689290335e-05 -6.489130514862160735e-05 -7.149490188828119689e-05 -7.818825403179091409e-05 -8.643116771561323408e-05 -9.800173000785444431e-05 -1.142299730087279852e-04 -1.352291947956718642e-04 -1.595433655021923146e-04 -1.845529063673910161e-04 -2.076942078001223452e-04 -2.281430457812073172e-04 -2.482217376961256151e-04 -2.736743111105251550e-04 -3.122217188291947945e-04 -3.705037247616760755e-04 -4.504452386829094841e-04 -5.468026779258383912e-04 -6.478245007945570514e-04 -7.400964672050861252e-04 -8.169182509705074247e-04 -8.873502844020040832e-04 -9.812619258060760984e-04 -1.145671819072128497e-03 -1.429807532747445287e-03 -1.861340107937470767e-03 -2.422506929919166462e-03 -3.040210700151518581e-03 -3.605747106759228920e-03 -4.033383130517581745e-03 -4.352912286503680603e-03 -4.809011525040699474e-03 -5.916851831190287486e-03 -8.409411872231393331e-03 -1.301708303458266533e-02 -2.006501767727166680e-02 -2.896395012731641655e-02 -3.781881903913667659e-02 -4.360955385635036791e-02 -4.368859502311709525e-02 -3.983713305472992572e-02 -4.663820641467470579e-02 -1.082628470787576624e-01 -3.239525468147604337e-01 -9.250204408526324640e-01 -2.246349796658751341e+00 -5.680932500854952494e+00 -9.892827532770798626e+00 -3.610275857950357192e+01 6.231469747979169860e+00 -4.755066921311839678e+02 1.664839639331758235e+03 -1.255960417442048856e+04 5.509126453983631654e+04 -1.275095568293921315e+04 1.722644463425478079e+03 -4.969458654425713462e+02 7.842947075016370562e+00 -3.844565521143601927e+01 -1.051056212076067453e+01 -6.153269177014518476e+00 -2.452954514374418249e+00 -1.023296121288424176e+00 -3.623894104284698381e-01 -1.228257870110119609e-01 -5.435605559975971446e-02 -4.514358857833682820e-02 -6.520422036628611973e-02
7.474116047497005715e-11 3.126874684780971737e-09 1.208087688809153360e-08 2.212756550479063652e-08 1.995021820700287802e-08 -1.247023886857651220e-08 -9.059238111792302747e-08 -2.195998912017926652e-07 -3.901267380647800599e-07 -5.805858030260487596e-07 -7.667296984217291816e-07 -9.355922301869901115e-07 -1.097840199044330445e-06 -1.291688451382315296e-06 -1.573961585074402712e-06 -1.999272605818308903e-06 -2.594868977794860313e-06 -3.343072631163766355e-06 -4.182428916195483600e-06 -5.033399741613248221e-06 -5.836178668082361498e-06 -6.611393683384668138e-06 -7.401133454194450577e-06 -8.553108283275889624e-06 -9.899337919070888442e-06 -1.080850701487783802e-05 -1.313206635693074389e-05 -1.558984713337417679e-05 -1.819437866499154304e-05 -2.067505142218116406e-05 -2.302263320863741410e-05 -2.546631629410883065e-05 -2.846027812274490884e-05 -3.252098994991921949e-05 -3.799470733946009839e-05 -4.485079164359928551e-05 -5.262078702514073121e-05 -6.055926079364509616e-05 -6.800972944876001352e-05 -7.484451667075018688e-05 -8.176791913515426321e-05 -9.027888005979236663e-05 -1.022024815781702266e-04 -1.189032150705633380e-04 -1.404965969563419341e-04 -1.654882875671455909e-04 -1.911911844340953624e-04 -2.149763742383736581e-04 -2.359985019400944817e-04 -2.566366756077017555e-04 -2.827745883090700390e-04 -3.223188040164711170e-04 -3.820660592733307885e-04 -4.639835459372314633e-04 -5.626996843523800499e-04 -6.661837415639575806e-04 -7.607070267868434746e-04 -8.394137278281075783e-04 -9.115719079729125854e-04 -1.007729137983287082e-03 -1.175960440267733061e-03 -1.466584549263733614e-03 -1.907867172378741863e-03 -2.481623938537589301e-03 -3.113120908885951346e-03 -3.691257920824533249e-03 -4.128437231811390822e-03 -4.455112563170277561e-03 -4.921236709769414089e-03 -6.052974184640063683e-03 -8.598781924557465095e-03 -1.330425535080624611e-02 -2.050098647428618553e-02 -2.958685962372396491e-02 -3.862685780440617417e-02 -4.453811140099039889e-02 -4.461884442996937039e-02 -4.068799802362266932e-02 -4.762858447879728119e-02 -1.105109096808667007e-01 -3.305874568102993849e-01 -9.438074226628642149e-01 -2.291825625455838011e+00 -5.795016651635545912e+00 -1.009255911730463851e+01 -3.681724685271860409e+01 6.325417170052535454e+00 -4.848013857153036383e+02 1.697206784382814249e+03 -1.280515928263082787e+04 5.616943141036493034e+04 -1.300079262743034269e+04 1.756568542359092362e+03 -5.066950763614606785e+02 8.020826224277017857e+00 -3.919322562943207089e+01 -1.071157011490970667e+01 -6.271620962415594747e+00 -2.499870353336030693e+00 -1.042903235727047795e+00 -3.693110835622394061e-01 -1.257880049502263509e-01 -5.343706854064637912e-02 -6.153169205326804864e-02
1.969015373243437885e-10 -1.048491723120310534e-10 -7.427665699184574998e-10 -3.759557950832582888e-09 -1.358916091547025289e-08 -3.856847820314680869e-08 -9.025871608414763108e-08 -1.802027040427114517e-07 -3.146928530974431405e-07 -4.901315863592093003e-07 -6.924458580424188209e-07 -9.028377567137275531e-07 -1.109056188556965451e-06 -1.317566656111365197e-06 -1.559769599981434442e-06 -1.886547527393678247e-06 -2.350341488407623077e-06 -2.980656649787684608e-06 -3.765835822352073204e-06 -4.647511087609567323e-06 -5.561546124421926649e-06 -6.400699394376405030e-06 -7.357741229206998161e-06 -8.188116559788253136e-06 -8.324774233852441597e-06 -9.802911725268497435e-06 -1.161623752170894615e-05 -1.398811356641303215e-05 -1.667436047080141507e-05 -1.943719700658733048e-05 -2.206976228148050303e-05 -2.455230630800110366e-05 -2.712655228554065865e-05 -3.026137077579179712e-05 -3.448982829239969646e-05 -4.016898029491536412e-05 -4.726759993710846899e-05 -5.530385516653976350e-05 -6.351112970217632212e-05 -7.121444249558139502e-05 -7.828240838269383902e-05 -8.543829440081784237e-05 -9.422110395974740444e-05 -1.065040575976133468e-04 -1.236869466942095374e-04 -1.458875272564951451e-04 -1.715721220156130435e-04 -1.979843110172356546e-04 -2.224281420875906003e-04 -2.440365761236254428e-04 -2.652470644367078446e-04 -2.920867812164754562e-04 -3.326529941922186893e-04 -3.939037424252379046e-04 -4.778496769512585837e-04 -5.789876673372061026e-04 -6.849999954274451621e-04 -7.818347113583821615e-04 -8.624761812725036678e-04 -9.364060812453054924e-04 -1.034869654425304205e-03 -1.207028707182234827e-03 -1.504324696225648340e-03 -1.955635352167424835e-03 -2.542342499427594285e-03 -3.188028088943698195e-03 -3.779126262393775384e-03 -4.226120027371900630e-03 -4.560142939687586959e-03 -5.036579781977230594e-03 -6.192915016554938201e-03 -8.793545307908164077e-03 -1.359972592660681039e-02 -2.094968505129106776e-02 -3.022807694026313427e-02 -3.945873308049361455e-02 -4.549409519780951705e-02 -4.557653094213023892e-02 -4.156386725471204052e-02 -4.864818673909006991e-02 -1.128264377825950737e-01 -3.374234901848612300e-01 -9.631665059561170805e-01 -2.338689893751955573e+00 -5.912592052591910452e+00 -1.029841222799874778e+01 -3.755369291103621521e+01 6.422304110815876932e+00 -4.943828999975983152e+02 1.730574712750449635e+03 -1.305831745680142194e+04 5.728103374392961996e+04 -1.325838822849842472e+04 1.791547908814904758e+03 -5.167478287559447381e+02 8.204314941855718857e+00 -3.996411270004055893e+01 -1.091885074972542213e+01 -6.393675438563441560e+00 -2.548284619426219866e+00 -1.063077387465199974e+00 -3.770164073660470239e-01 -1.263671853027338865e-01 -6.912966355493133097e-02
2.335797754481302301e-10 -3.618147008711790355e-09 -1.516796824188097864e-08 -3.445901781833005117e-08 -5.741639757030835566e-08 -8.149115384613012667e-08 -1.111432763533509113e-07 -1.600052693902246696e-07 -2.470871486245099293e-07 -3.880062932102435743e-07 -5.856787486543385091e-07 -8.263781513766582752e-07 -1.085182768114286095e-06 -1.340169609259430389e-06 -1.589280049583340493e-06 -1.860725777262012325e-06 -2.208954622552603317e-06 -2.695792332041740741e-06 -3.357958922257309274e-06 -4.201980133744358574e-06 -5.122428342451611681e-06 -6.222518775622123842e-06 -7.103949527699300720e-06 -7.047754455260871062e-06 -7.993705060032734803e-06 -9.002093499893099672e-06 -1.049884819191962385e-05 -1.251684733461727624e-05 -1.503759277835477349e-05 -1.788111519712103144e-05 -2.079171332068497475e-05 -2.356123019771577841e-05 -2.617000576401633789e-05 -2.886822617114053057e-05 -3.213956733001500986e-05 -3.653343357666063545e-05 -4.241762008801962518e-05 -4.976006165650601629e-05 -5.806506636179002614e-05 -6.654420171685221136e-05 -7.450345042405726590e-05 -8.180756864563990514e-05 -8.919923326531062943e-05 -9.825850140554019555e-05 -1.109079486698979550e-04 -1.285835614082217894e-04 -1.514053701799653127e-04 -1.777992970857674956e-04 -2.049377405695379105e-04 -2.300559054280684095e-04 -2.522644954972757332e-04 -2.740609250125646077e-04 -3.016198243153437805e-04 -3.432344674006688827e-04 -4.060287026656519103e-04 -4.920578657535797833e-04 -5.956835803245949740e-04 -7.042930401386247787e-04 -8.035018802762606063e-04 -8.861301377173650198e-04 -9.618793110471998350e-04 -1.062712519789081513e-03 -1.238909916535895417e-03 -1.543068428762701646e-03 -2.004695813920287419e-03 -2.604727579931139392e-03 -3.265012311065465349e-03 -3.869445999253731411e-03 -4.326535848258240835e-03 -4.668115590816944438e-03 -5.155163850690507553e-03 -6.336823340808010394e-03 -8.993908606840475550e-03 -1.390380693972718094e-02 -2.141158606767815456e-02 -3.088827618000259539e-02 -4.031531832302431145e-02 -4.647850846860725194e-02 -4.656265986031658116e-02 -4.246566114101772010e-02 -4.969808343925332522e-02 -1.152118485393423264e-01 -3.444677597092511423e-01 -9.831177891517464129e-01 -2.386991244769372855e+00 -6.033780409534451827e+00 -1.051060075443113995e+01 -3.831285531337285022e+01 6.522214833672028256e+00 -5.042610654978937532e+02 1.764977604709123170e+03 -1.331933907413613997e+04 5.842721675247365056e+04 -1.352400832352170073e+04 1.827618800165647144e+03 -5.271145265042769097e+02 8.393616231321864518e+00 -4.075911567423159454e+01 -1.113261965345099469e+01 -6.519591076521440876e+00 -2.598173008522820737e+00 -1.084522376810557853e+00 -3.822917248952624747e-01 -1.453050407363083163e-01
1.633675634702771447e-10 -5.798985321554837632e-09 -2.449061296536462736e-08 -5.540488435303288502e-08 -8.993617875526911935e-08 -1.182810404897463884e-07 -1.380185253637527777e-07 -1.601377216065386360e-07 -2.081541907808435428e-07 -3.094757755268169746e-07 -4.824347504039509504e-07 -7.255227866437851109e-07 -1.015433164241714057e-06 -1.316946091267157002e-06 -1.601966151262706426e-06 -1.869134457396356339e-06 -2.154747260990597628e-06 -2.521652410424655189e-06 -3.053126123252033848e-06 -3.743499467225132572e-06 -4.768290898920198342e-06 -5.732707082845134154e-06 -5.834324915669294144e-06 -6.835682315325241967e-06 -7.639356537853275012e-06 -8.585739227787559283e-06 -9.769919899139322225e-06 -1.138460475874667809e-05 -1.353598759060793731e-05 -1.619497871298971546e-05 -1.918109189875884759e-05 -2.223109920023502636e-05 -2.513119081155124550e-05 -2.786158240901027050e-05 -3.068048400682706691e-05 -3.408641331787424833e-05 -3.864526456769248826e-05 -4.473566699872303585e-05 -5.232457510995023188e-05 -6.090200487738322020e-05 -6.965709636751258975e-05 -7.787626809528154113e-05 -8.542028734977179011e-05 -9.305172094014604271e-05 -1.023927345423445432e-04 -1.154165432607839545e-04 -1.335962738833240194e-04 -1.570542767505493751e-04 -1.841749709264015359e-04 -2.120576338309928784e-04 -2.378667490924597360e-04 -2.606901672842338279e-04 -2.830869524437567230e-04 -3.113833296243125287e-04 -3.540740986620343920e-04 -4.184536083088124473e-04 -5.066231560173939819e-04 -6.128052794645799618e-04 -7.240836615108130724e-04 -8.257320042596379183e-04 -9.104013266642833240e-04 -9.880193924240228843e-04 -1.091288171512109573e-03 -1.271638927068791808e-03 -1.582858049017580931e-03 -2.055102005629875529e-03 -2.668847003637049662e-03 -3.344157153540573864e-03 -3.962315130504685291e-03 -4.429793662823808438e-03 -4.779147728048452337e-03 -5.277117563817227720e-03 -6.484854779180770218e-03 -9.200087324409142800e-03 -1.421682372324902660e-02 -2.188718182670115753e-02 -3.156815933211992720e-02 -4.119752319593334572e-02 -4.749239636140147047e-02 -4.757827915931071849e-02 -4.339434001243412664e-02 -5.077939106534353625e-02 -1.176696583918920708e-01 -3.517276616196614025e-01 -1.003682163098323921e+00 -2.436780233258654338e+00 -6.158708203446775720e+00 -1.072934697921035330e+01 -3.909552239739450386e+01 6.625236974033655635e+00 -5.144461000091740743e+02 1.800450990166814790e+03 -1.358849480701913308e+04 5.960917100524672423e+04 -1.379792929446226663e+04 1.864818891810958348e+03 -5.378059912798887581e+02 8.588930377060025378e+00 -4.157908017866449768e+01 -1.135318430282958602e+01 -6.649416734459029144e+00 -2.650974000978148837e+00 -1.101591525593274223e+00 -4.244416043989638343e-01
2.417310853680737573e-11 -5.792182295833758494e-09 -2.497177942069227973e-08 -5.790869072825327193e-08 -9.693414752502211296e-08 -1.313445313244870280e-07 -1.550003674478021849e-07 -1.731384947324772637e-07 -2.044399100487341075e-07 -2.762548009144458083e-07 -4.140488817702414126e-07 -6.293552158099582346e-07 -9.121965467797930299e-07 -1.233033112229517060e-06 -1.555296835879615569e-06 -1.855705416513962049e-06 -2.138298184779253907e-06 -2.459384505188066858e-06 -2.841163162027705171e-06 -3.537914292528168458e-06 -4.260760912488814684e-06 -4.293175628494077636e-06 -5.382182217568133035e-06 -6.343484023007501831e-06 -7.348000149477686988e-06 -8.319853025204965792e-06 -9.364853775730803549e-06 -1.065331521489677290e-05 -1.237476027031436925e-05 -1.464449279917851639e-05 -1.743331726832911887e-05 -2.055590226204142239e-05 -2.374110553668899880e-05 -2.676870494903723651e-05 -2.961848441472435023e-05 -3.255663764893350348e-05 -3.609672113453798380e-05 -4.082140149288865963e-05 -4.712031846687724830e-05 -5.495935087978024819e-05 -6.381380629991944382e-05 -7.284978294706977360e-05 -8.133360136470309948e-05 -8.912191853772407453e-05 -9.699770582465492804e-05 -1.066263513366337280e-04 -1.200330617723954475e-04 -1.387291002442639593e-04 -1.628391902873162764e-04 -1.907051010205048388e-04 -2.193509666354146619e-04 -2.458685902003267601e-04 -2.693223461172999759e-04 -2.923347055935291848e-04 -3.213878011724635134e-04 -3.651837102528117949e-04 -4.311921703342708862e-04 -5.215617735706256633e-04 -6.303719764413700469e-04 -7.443941851918795200e-04 -8.485502625948843124e-04 -9.353173247637204361e-04 -1.014856089282653931e-03 -1.120629169826805552e-03 -1.305252983728218911e-03 -1.623738697383967635e-03 -2.106910896245688374e-03 -2.734772997251566813e-03 -3.425551563477860061e-03 -4.057837907194728096e-03 -4.536009363514761396e-03 -4.893363984157190170e-03 -5.402577634454870138e-03 -6.637174463295781104e-03 -9.412309604720048989e-03 -1.453911988775902740e-02 -2.237699132544911790e-02 -3.226846547754975286e-02 -4.210630465417083274e-02 -4.853685812503199387e-02 -4.862449184011072290e-02 -4.435091650929719187e-02 -5.189328676201822310e-02 -1.202025056207651071e-01 -3.592109186303990009e-01 -1.024881396629878871e+00 -2.488109486555198036e+00 -6.287507003025559094e+00 -1.095488206575885215e+01 -3.990251368505409602e+01 6.731461571096623686e+00 -5.249486252974814988e+02 1.837031806258890583e+03 -1.386606606492703577e+04 6.082813437043232989e+04 -1.408043852477660585e+04 1.903187347348531148e+03 -5.488335107998447029e+02 8.790416078799479394e+00 -4.242513209029409182e+01 -1.158059655438260549e+01 -6.787264293864960329e+00 -2.691217290937993223e+00 -1.224704865747237914e+00
-1.089277331150602631e-10 -3.794761958273392281e-09 -1.715696351021995807e-08 -4.233651489396569401e-08 -7.701797129008273407e-08 -1.156094049663106540e-07 -1.526297516201536181e-07 -1.872308873183507203e-07 -2.269575515514938335e-07 -2.884937974091567974e-07 -3.938761386626889817e-07 -5.626168549534449167e-07 -8.025901674897245517e-07 -1.103929036753805758e-06 -1.441561692520827056e-06 -1.782143971408619071e-06 -2.119001770286278314e-06 -2.413113679028542037e-06 -2.888936359646471911e-06 -3.288790081527545334e-06 -2.989961529228411178e-06 -3.828939787873965526e-06 -4.710683886130517455e-06 -5.805782271441145053e-06 -6.939960400365400665e-06 -8.045026109944920101e-06 -9.113748247994225124e-06 -1.024584800997508082e-05 -1.162306196331035279e-05 -1.344230505170256791e-05 -1.582388393949725884e-05 -1.873826766832654883e-05 -2.199453468571434736e-05 -2.531313768460152284e-05 -2.846706167512325742e-05 -3.143549294834567607e-05 -3.449269030559286037e-05 -3.816753581982899250e-05 -4.305982160025179686e-05 -4.957042186486006994e-05 -5.766406579382550200e-05 -6.680093334475544333e-05 -7.612344935998950168e-05 -8.487728813650023544e-05 -9.291488087309612972e-05 -1.010401549859515035e-04 -1.109628989951085389e-04 -1.247617349003675912e-04 -1.439871075169745331e-04 -1.687661674643851765e-04 -1.973968294923215288e-04 -2.268259662871061543e-04 -2.540706531733040300e-04 -2.781711448808231219e-04 -3.018151677337710826e-04 -3.316452773960045907e-04 -3.765768382878033164e-04 -4.442600713784258261e-04 -5.368922352641824526e-04 -6.484055140264429482e-04 -7.652498796171145704e-04 -8.719850299881778824e-04 -9.609091129973773224e-04 -1.042422810861397871e-03 -1.150772118418250025e-03 -1.339794063057929809e-03 -1.665761302815576411e-03 -2.160186635858598984e-03 -2.802586530007125567e-03 -3.509294705155552047e-03 -4.156129960973153209e-03 -4.645311053666984109e-03 -5.010902043322143853e-03 -5.531695452678150708e-03 -6.793965706731862168e-03 -9.630828236544980783e-03 -1.487107365501689517e-02 -2.288158110766709552e-02 -3.298999520983567774e-02 -4.304269307010314544e-02 -4.961307323363943478e-02 -4.970248245777947327e-02 -4.533648751613537919e-02 -5.304105744875264178e-02 -1.228132359686420344e-01 -3.669257271501288886e-01 -1.046738373023992974e+00 -2.541034053356357791e+00 -6.420313972368397515e+00 -1.118744670102015171e+01 -4.073468140274871274e+01 6.840983075037097016e+00 -5.357796848900673012e+02 1.874758456116700927e+03 -1.415234546152297662e+04 6.208539403479302564e+04 -1.437183490394142063e+04 1.942764799820134840e+03 -5.602089600040878850e+02 8.997545429706704567e+00 -4.329763436420567757e+01 -1.182653007365019704e+01 -6.888373814909483528e+00 -3.037393142892935494e+00
-1.651575690418029298e-10 -8.609192774173805779e-10 -5.191195070185177390e-09 -1.700238175079773372e-08 -4.088132551437165115e-08 -7.941747291013328268e-08 -1.313262094748266703e-07 -1.919294476733072354e-07 -2.567891192810798291e-07 -3.270542568112518276e-07 -4.133843473887049605e-07 -5.353219028462582522e-07 -7.146245391324556013e-07 -9.657454052745265378e-07 -1.283408330227277581e-06 -1.658663970353305336e-06 -2.013611750911361008e-06 -2.504767146154392267e-06 -2.812536972147446028e-06 -2.295739182260699310e-06 -2.800562547978610734e-06 -3.329693569484209278e-06 -4.164203376495813538e-06 -5.213653493639731283e-06 -6.411412950410644858e-06 -7.647664814999619273e-06 -8.841849583366953905e-06 -9.991854786034737765e-06 -1.120176000604410249e-05 -1.266068800173075540e-05 -1.457287854735627905e-05 -1.706311495280246734e-05 -2.010120785974369890e-05 -2.349027713174150911e-05 -2.694200907438115998e-05 -3.022231844970907987e-05 -3.330970145510002152e-05 -3.648662823529585318e-05 -4.029765105828018128e-05 -4.536008650473994828e-05 -5.208629369092310528e-05 -6.043978121212628782e-05 -6.986516587997774563e-05 -7.948054494512631443e-05 -8.851038734680489063e-05 -9.680279983764537410e-05 -1.051832668390063479e-04 -1.154072262264091892e-04 -1.296082058283275229e-04 -1.493769093615116570e-04 -1.748429439006894388e-04 -2.042590868658212687e-04 -2.344927309334796399e-04 -2.624841095606322166e-04 -2.872487372954849036e-04 -3.115415857293769245e-04 -3.421703883635669307e-04 -3.882700622804817372e-04 -4.576765641684300313e-04 -5.526371467259010972e-04 -6.669322539330096739e-04 -7.866808445207560578e-04 -8.960697693716974162e-04 -9.872131231204129762e-04 -1.070759103729990429e-03 -1.181760957822455696e-03 -1.375313246785125291e-03 -1.708988088058340828e-03 -2.215006935072587769e-03 -2.872384066911500174e-03 -3.595502589300804321e-03 -4.257324691972470473e-03 -4.757845828335408207e-03 -5.131921359030831332e-03 -5.664649953459273239e-03 -6.955449185255342150e-03 -9.855947216486155710e-03 -1.521313083644736455e-02 -2.340160142196621995e-02 -3.373364560542101848e-02 -4.400782332056130119e-02 -5.072233171957108572e-02 -5.081355985421787819e-02 -4.635231450734783598e-02 -5.422425229180022344e-02 -1.255051613935119492e-01 -3.748811397668039280e-01 -1.069277579924391430e+00 -2.595611940603035350e+00 -6.557272404725436488e+00 -1.142729156670338853e+01 -4.159291187216101804e+01 6.953898782411926938e+00 -5.469507660151776918e+02 1.913670860289456868e+03 -1.444763732993009398e+04 6.338228856490066391e+04 -1.467242950395996922e+04 1.983593228863894183e+03 -5.719463190772588632e+02 9.212120753697609743e+00 -4.422591170825720042e+01 -1.197669042768229275e+01 -7.753717201884695598e+00
-1.157939710413992844e-10 1.648067908636237532e-09 5.362980190923625159e-09 6.293204204918977823e-09 -5.353823682133766860e-09 -3.943747066150480814e-08 -1.000962549523659875e-07 -1.824122062914301412e-07 -2.743541111300710165e-07 -3.639340085506302159e-07 -4.483412183647569785e-07 -5.399170996281153680e-07 -6.656568993538407813e-07 -8.536331152130890563e-07 -1.136496899508814935e-06 -1.466492155878098602e-06 -1.995705421688464443e-06 -2.366083064621581224e-06 -1.879118800185881747e-06 -2.291089745158681814e-06 -2.585356455334010465e-06 -3.072198963339269033e-06 -3.753168329430429226e-06 -4.678671048017155589e-06 -5.825443966265297268e-06 -7.114595577026148732e-06 -8.437593782865496577e-06 -9.711760112741118321e-06 -1.093595865227922730e-05 -1.221850157954200018e-05 -1.375543165188790502e-05 -1.575816414897892204e-05 -1.835581622057544501e-05 -2.151734872777213750e-05 -2.503965252156617396e-05 -2.862534905058371923e-05 -3.203305901998590959e-05 -3.524054782546749286e-05 -3.853869278483200667e-05 -4.248810119547899547e-05 -4.772403537731233225e-05 -5.467058977084268050e-05 -6.328996344648937355e-05 -7.301075194178381622e-05 -8.292606177327521428e-05 -9.223861736639196989e-05 -1.007921549219813103e-04 -1.094343895097020899e-04 -1.199677238474533022e-04 -1.345821123721249041e-04 -1.549095697792073805e-04 -1.810821135147364818e-04 -2.113060089020451701e-04 -2.423668960252733093e-04 -2.711260884583407559e-04 -2.965738901669048768e-04 -3.215347458591653385e-04 -3.529865688307573025e-04 -4.002902447441073364e-04 -4.714726828681057181e-04 -5.688322188023559175e-04 -6.859927336392339587e-04 -8.087323121088996463e-04 -9.208542997764465349e-04 -1.014284161737578904e-03 -1.099926171519898964e-03 -1.213665986559877468e-03 -1.411893758348713255e-03 -1.753519477890888361e-03 -2.271493072120300480e-03 -2.944309721306145010e-03 -3.684342075338118295e-03 -4.361610454104742664e-03 -4.873823746184477272e-03 -5.256659600779037093e-03 -5.801722957588103906e-03 -7.121981966615519716e-03 -1.008814508711885875e-02 -1.556594762856649064e-02 -2.393793988885452306e-02 -3.450056844907777726e-02 -4.500310376075161017e-02 -5.186624454979587434e-02 -5.195947251065917427e-02 -4.740033802812504415e-02 -5.544550023310051978e-02 -1.282832518313260228e-01 -3.830886119335631390e-01 -1.092526854369511913e+00 -2.651905778776023404e+00 -6.698533122370306181e+00 -1.167467878606002962e+01 -4.247812980492665957e+01 7.070298446776904555e+00 -5.584738503968508212e+02 1.953810437300815238e+03 -1.475225841436997507e+04 6.472020963993344049e+04 -1.498254666432590420e+04 2.025712033459150462e+03 -5.840544200938186350e+02 9.361770087385391292e+00 -4.492009728746445774e+01 -1.407219866630769545e+01
1.175250544098584468e-11 2.690851229431631760e-09 1.010773992220067405e-08 1.779741391919174999e-08 1.463155498314659076e-08 -1.243371880162300486e-08 -7.159024565092393183e-08 -1.609070700133944119e-07 -2.679426098893072932e-07 -3.754533888949275236e-07 -4.710222916272024774e-07 -5.574103076148611784e-07 -6.528094810405238598e-07 -8.026110454156014709e-07 -9.952300372365816232e-07 -1.424478092763055369e-06 -1.766678244101012515e-06 -1.333875349620841792e-06 -1.814284925106833502e-06 -2.131199808923144539e-06 -2.521966205237445644e-06 -2.957253735905925491e-06 -3.520284322234406285e-06 -4.282955372563235205e-06 -5.288088612890928749e-06 -6.516946202082107893e-06 -7.888539128769800061e-06 -9.291423260191240328e-06 -1.064054346809242797e-05 -1.193514587290111160e-05 -1.328756551050999524e-05 -1.490068114793317177e-05 -1.699306980816459432e-05 -1.969814455143637937e-05 -2.298389489791559761e-05 -2.664076949449894861e-05 -3.036207604338793075e-05 -3.389895870158868301e-05 -3.722843979836751381e-05 -4.065001133907015059e-05 -4.474071621875778558e-05 -5.015417092470235801e-05 -5.732644672836138811e-05 -6.621835195474419327e-05 -7.624203371107353042e-05 -8.646499450105972766e-05 -9.606772802696225645e-05 -1.048895881174963582e-04 -1.138011920063454648e-04 -1.246531810727538375e-04 -1.396933933466877739e-04 -1.605961552607884028e-04 -1.874958486439680394e-04 -2.185509275767562082e-04 -2.504631507944935138e-04 -2.800130022761621322e-04 -3.061652296613313006e-04 -3.318159966920910088e-04 -3.641182864203492699e-04 -4.126651687378705123e-04 -4.856795399034503262e-04 -5.855118777501576444e-04 -7.056249069924021549e-04 -8.314464762172039166e-04 -9.463864201089616313e-04 -1.042177583749411473e-03 -1.129989153434122475e-03 -1.246564189378852145e-03 -1.449625951251159615e-03 -1.799460138672309651e-03 -2.329764847970545137e-03 -3.018500069966466998e-03 -3.775970159808166721e-03 -4.469171322696019293e-03 -4.993466122775072451e-03 -5.385388846486137762e-03 -5.943253813582234472e-03 -7.293990340525102235e-03 -1.032795944040964392e-02 -1.593020502000784891e-02 -2.449146395356855896e-02 -3.529187245821208130e-02 -4.602994666029083803e-02 -5.304659036222906382e-02 -5.314243619385505824e-02 -4.848336074884837532e-02 -5.670866106492197106e-02 -1.311538646066117419e-01 -3.915607650891384517e-01 -1.116514694757724913e+00 -2.709978719835782091e+00 -6.844250386429034272e+00 -1.192988182123125718e+01 -4.339131186048437883e+01 7.190224360751128252e+00 -5.703615372963037089e+02 1.995219983599331272e+03 -1.506653894849099197e+04 6.610060425127632334e+04 -1.530253031286054829e+04 2.069177204173081009e+03 -5.966785904749488054e+02 1.001583927552328745e+01 -4.922753063567486720e+01
1.498018650534555645e-10 1.970959301188537534e-09 7.619952093937007009e-09 1.387827020210466713e-08 1.240915267458605476e-08 -7.872439800587851307e-09 -5.612900903842082431e-08 -1.349353906356026930e-07 -2.380341858125493975e-07 -3.521427875897699568e-07 -4.636066819247799684e-07 -5.636033589997780770e-07 -6.722289026639017959e-07 -7.672560832002964863e-07 -1.054011544429300798e-06 -1.249908908013527337e-06 -7.277554780200254546e-07 -1.181288667155993499e-06 -1.544742624315867099e-06 -2.007328607401153896e-06 -2.465115067754013946e-06 -2.927858909312940849e-06 -3.434706673510830196e-06 -4.062758735290744280e-06 -4.892155592244152368e-06 -5.968263679345908939e-06 -7.272753555076781243e-06 -8.722302819995440392e-06 -1.020193120171603898e-05 -1.162391376175268538e-05 -1.298769132158449290e-05 -1.440953749732613461e-05 -1.609914111805826149e-05 -1.828223233793834304e-05 -2.109649002013866539e-05 -2.450886000813891835e-05 -2.830324236338195760e-05 -3.216352889825396593e-05 -3.583334399818288561e-05 -3.928902850124749391e-05 -4.283886556914586402e-05 -4.707658344408799963e-05 -5.267438976825435825e-05 -6.008045850533288382e-05 -6.925415937917540974e-05 -7.959098694992674801e-05 -9.013259196094336814e-05 -1.000371258007743975e-04 -1.091397589152094840e-04 -1.183345973969219655e-04 -1.295214061345006322e-04 -1.450068256091363009e-04 -1.665080938098093119e-04 -1.941619528185219309e-04 -2.260784007516670666e-04 -2.588743567305951793e-04 -2.892488558078052437e-04 -3.161415774532610784e-04 -3.425225193979413211e-04 -3.757233885928903494e-04 -4.255737480715849285e-04 -5.004959145011599097e-04 -6.028934728875549225e-04 -7.260656653667741777e-04 -8.550853076724129406e-04 -9.729642843294321677e-04 -1.071243096335244187e-03 -1.161365219707243641e-03 -1.280951637746959417e-03 -1.489087872926798169e-03 -1.847464890152264450e-03 -2.390546483409178042e-03 -3.095751094917530751e-03 -3.871280837371128113e-03 -4.581059520116509930e-03 -5.118076217404207533e-03 -5.519771446299549106e-03 -6.091356184946083649e-03 -7.474082756222696390e-03 -1.057847475286412611e-02 -1.630941284008358833e-02 -2.506611749393940214e-02 -3.611215093586823272e-02 -4.709418092847095227e-02 -5.427149729109046611e-02 -5.437437532708751242e-02 -4.961878220433584008e-02 -5.803807779418077711e-02 -1.341493827022784135e-01 -4.003395784506916244e-01 -1.141299000977387124e+00 -2.769922860212552962e+00 -6.994620229441808945e+00 -1.219327544908211181e+01 -4.433373853097970141e+01 7.312984626199809490e+00 -5.826286522068481872e+02 2.037939591738415857e+03 -1.539082933149508062e+04 6.752494719434920989e+04 -1.563271388027118519e+04 2.113574514416584861e+03 -6.080809234398557237e+02 -1.477259466537141019e+00
2.269253320333908825e-10 5.636599754297378261e-13 -1.857431658271570456e-10 -1.909056824969290344e-09 -8.172511218716706202e-09 -2.428251579584692231e-08 -5.712644979257437243e-08 -1.131562680201928323e-07 -1.953673540966537306e-07 -3.015119241794393200e-07 -4.212265259133450537e-07 -5.566055904709549208e-07 -6.574900915494605378e-07 -8.986787404921376101e-07 -9.903041581919676451e-07 -3.358210835615407140e-07 -6.385711723676702643e-07 -8.965333995378938106e-07 -1.330202564270815038e-06 -1.833945443894396403e-06 -2.370010107200087919e-06 -2.899005445325445157e-06 -3.421637017862815194e-06 -3.984004066640000756e-06 -4.667190605498038945e-06 -5.555598454787708786e-06 -6.696989820431351871e-06 -8.072831922268990126e-06 -9.597075578296560753e-06 -1.115082264527247770e-05 -1.264337591897115889e-05 -1.407420286135560896e-05 -1.556352474358628043e-05 -1.732800752939632041e-05 -1.960076800451275393e-05 -2.252391225787443312e-05 -2.606330491070833660e-05 -2.999601336500133802e-05 -3.399605827332629341e-05 -3.779910634516406770e-05 -4.138062715962706082e-05 -4.505791546897183476e-05 -4.944200545486353564e-05 -5.522449451885339607e-05 -6.286626206898987220e-05 -7.232527650220255935e-05 -8.297968254792829868e-05 -9.384402359966165837e-05 -1.040528215607134884e-04 -1.134364440477767552e-04 -1.229130866546857535e-04 -1.344335280395072391e-04 -1.503657939296645387e-04 -1.724721598456506434e-04 -2.008921342798357455e-04 -2.336852106510778218e-04 -2.673793270242026828e-04 -2.985874698638600112e-04 -3.262216638474906157e-04 -3.533274345570041101e-04 -3.874219625827108487e-04 -4.385814238201042907e-04 -5.154368897859650444e-04 -6.204482954308100304e-04 -7.467445316688007054e-04 -8.790264389445644894e-04 -9.998867389161229108e-04 -1.100659054600710597e-03 -1.193065712075774094e-03 -1.315636982698499850e-03 -1.528875360006599687e-03 -1.895936816612428261e-03 -2.452085184862818311e-03 -3.174174504366320503e-03 -3.968209091521265712e-03 -4.694892139667011452e-03 -5.244705232392224067e-03 -5.655982570519388179e-03 -6.241055211010716405e-03 -7.656020066653470429e-03 -1.083231916828284423e-02 -1.669540750632128590e-02 -2.565325906195832159e-02 -3.695211240139075620e-02 -4.818461153688778642e-02 -5.552503165670360369e-02 -5.563017375051001329e-02 -5.076714967190337768e-02 -5.937628426834714451e-02 -1.371956469755950814e-01 -4.093445379066697476e-01 -1.166815651357924866e+00 -2.831720567420574319e+00 -7.149714013128909862e+00 -1.246494339335414558e+01 -4.530582969825902495e+01 7.440463192772070578e+00 -5.952843261110826916e+02 2.082026999143879948e+03 -1.572546694581744669e+04 6.899487706482326030e+04 -1.597347958682060380e+04 2.159902527902759630e+03 -6.217033716642889658e+02
2.031432331610789562e-10 -2.235140419883711234e-09 -9.366685869336458927e-09 -2.144764582530293626e-08 -3.614536622730383376e-08 -5.201192994164790720e-08 -7.169527262350100718e-08 -1.031623172122052115e-07 -1.578410445006505673e-07 -2.436185126132313224e-07 -3.710062390753469163e-07 -4.870623094012008943e-07 -7.560765347001591861e-07 -8.539657136979095441e-07 -1.740235499542430478e-07 -3.737166860181011832e-07 -4.831221953161949863e-07 -7.610993744924387619e-07 -1.154605506245668768e-06 -1.662129566695444155e-06 -2.242122574391430477e-06 -2.846068382709242737e-06 -3.438116930306782164e-06 -4.019461486856320305e-06 -4.638572118502191241e-06 -5.379889237612540101e-06 -6.331465647452956660e-06 -7.543691317170580611e-06 -8.998559970115574226e-06 -1.060816935970991001e-05 -1.225022989079246777e-05 -1.383087991628205561e-05 -1.534865024649003761e-05 -1.692633798421363164e-05 -1.878648672992527769e-05 -2.116949007342279503e-05 -2.422314733075746235e-05 -2.791465871852627948e-05 -3.201696049160741175e-05 -3.619597899220312908e-05 -4.017927349263999607e-05 -4.393914900202443064e-05 -4.779835894109059406e-05 -5.238223568432696822e-05 -5.840132452954469527e-05 -6.633257205549764534e-05 -7.613931023158103579e-05 -8.719024092210591128e-05 -9.847841497085055708e-05 -1.091149334566533628e-04 -1.189191195660088180e-04 -1.288227477464253326e-04 -1.408180490623788536e-04 -1.573322279200861423e-04 -1.801823149821258892e-04 -2.095319895738100718e-04 -2.434169096195348749e-04 -2.782968642320645812e-04 -3.107024436585942317e-04 -3.394989973919993755e-04 -3.677712871476553438e-04 -4.031856626963625984e-04 -4.560527981856041225e-04 -5.352452096612794969e-04 -6.433613842400537916e-04 -7.734718276273746954e-04 -9.100042738788696262e-04 -1.035166631961549621e-03 -1.140020422704982831e-03 -1.236410673000735722e-03 -1.363597456299444439e-03 -1.583414711555647955e-03 -1.960618445908353553e-03 -2.531698697216785369e-03 -3.273611411061395915e-03 -4.090862912943068162e-03 -4.841343682438728480e-03 -5.412824145717785168e-03 -5.843600910314793173e-03 -6.451767435292959409e-03 -7.907316951902139748e-03 -1.116335197401745714e-02 -1.716965588786061384e-02 -2.635036391324798929e-02 -3.794452956809375027e-02 -4.950042378175776442e-02 -5.711099611800467962e-02 -5.735111473706134416e-02 -5.251560778205140168e-02 -6.142171604822272563e-02 -1.410253287735491468e-01 -4.192786752921079940e-01 -1.193861825379189945e+00 -2.896983806555311070e+00 -7.314085069134600658e+00 -1.275764949505988355e+01 -4.633935833140502325e+01 7.495429695046348151e+00 -6.084833702727330547e+02 2.127053711911113624e+03 -1.607086829072348155e+04 7.050620344353171822e+04 -1.630631331759209752e+04 2.059360784109994256e+03
1.001160025765920668e-10 -3.570086455794839144e-09 -1.503885883543819872e-08 -3.399436713019170466e-08 -5.516221349817227639e-08 -7.260476460451634829e-08 -8.492776915641027213e-08 -9.911187950678222656e-08 -1.284912473532871769e-07 -1.952750766438012263e-07 -2.771728868474964065e-07 -5.535706843704917275e-07 -6.648009662236183731e-07 -2.991723257702135985e-08 -2.318024945304776422e-07 -2.905941372815651158e-07 -4.493629047082420404e-07 -6.728212006283115414e-07 -1.002256965655496542e-06 -1.448705819609373324e-06 -2.000009566332390645e-06 -2.617144152084378426e-06 -3.250462674727683003e-06 -3.864884621828296635e-06 -4.464090883782831476e-06 -5.100454005968977354e-06 -5.862241886488659311e-06 -6.839464500365785129e-06 -8.081358562649167390e-06 -9.565755562896052772e-06 -1.119925061846842096e-05 -1.285540300574381053e-05 -1.444007422585503997e-05 -1.595639868826123907e-05 -1.753529809670610311e-05 -1.940743988737040439e-05 -2.181702693274428822e-05 -2.490832684943136287e-05 -2.863780705252044184e-05 -3.276442420809899339e-05 -3.694346496485789781e-05 -4.090157799218275463e-05 -4.462267847904334106e-05 -4.845051096241332272e-05 -5.303187969737751828e-05 -5.908784258430543310e-05 -6.708627313100356019e-05 -7.696128503738019773e-05 -8.804217223266017631e-05 -9.929044736950803592e-05 -1.098124366574184464e-04 -1.194594529475252943e-04 -1.292252756385519241e-04 -1.411693527581075450e-04 -1.577561405961437212e-04 -1.807799337818493952e-04 -2.103143510602576251e-04 -2.442640933034172430e-04 -2.789742683731398216e-04 -3.109445392685426454e-04 -3.391384761873195066e-04 -3.668594113764521414e-04 -4.020350572494010974e-04 -4.551505706909819162e-04 -5.350340648724613395e-04 -6.439569539821760231e-04 -7.744451780281046442e-04 -9.103763545946092764e-04 -1.033708620066501769e-03 -1.135828696507964336e-03 -1.229563719330926345e-03 -1.355566763263827681e-03 -1.576880538021261128e-03 -1.958491520764280361e-03 -2.535481281420136779e-03 -3.281669927622447250e-03 -4.097551971198674925e-03 -4.838013302690106869e-03 -5.391332760012252333e-03 -5.801983665509005683e-03 -6.400304394953123047e-03 -7.871795034118016579e-03 -1.118154280294697892e-02 -1.727765764868571113e-02 -2.655829924765104946e-02 -3.820659811696159452e-02 -4.969232165046736510e-02 -5.703828384921175859e-02 -5.682401591668032742e-02 -5.154086855057413846e-02 -6.057799355462660518e-02 -1.421465885899287906e-01 -4.264996107757637045e-01 -1.216090309511153489e+00 -2.948474077491295198e+00 -7.438383303610848429e+00 -1.294648751783745766e+01 -4.712174101204810484e+01 8.089270424686468175e+00 -6.204025349230468009e+02 2.174126317292467775e+03 -1.640817686759433491e+04 7.200954614725559077e+04 -1.617750876527017681e+04
-7.696236985955782123e-11 -4.286085092037520672e-09 -1.859912451597230338e-08 -4.349492217756104345e-08 -7.379102359733578001e-08 -1.019709556123046088e-07 -1.237005255820902011e-07 -1.422202670596490674e-07 -1.735009084690441737e-07 -2.247823205733141479e-07 -4.024217598772853124e-07 -3.252136281483093977e-07 2.484594327482077541e-07 -1.240324287308663814e-08 -1.684336127313580318e-07 -4.036712157454546132e-07 -6.492010621713758393e-07 -9.324694998992789655e-07 -1.288180637599515699e-06 -1.760207997427972288e-06 -2.376222001037986342e-06 -3.131353637681972963e-06 -3.984908723107110009e-06 -4.875990056035860748e-06 -5.753838752993521198e-06 -6.610345408742716202e-06 -7.498188174181909786e-06 -8.521849412426404403e-06 -9.799967444968191949e-06 -1.141220281578079870e-05 -1.335479326482515974e-05 -1.553015717383055599e-05 -1.778402946007443306e-05 -1.998199717448097536e-05 -2.209498454592147312e-05 -2.425116865408425776e-05 -2.671932650556249514e-05 -2.981575424276677899e-05 -3.376488584060540870e-05 -3.857540156304631307e-05 -4.400074330741924239e-05 -4.962656032390011431e-05 -5.507204232131086136e-05 -6.022946398057893528e-05 -6.542682879865876523e-05 -7.140801040903430280e-05 -7.909232196077074155e-05 -8.918018043087868989e-05 -1.017705642220469690e-04 -1.161970125103655994e-04 -1.312325937008164618e-04 -1.456659115018051412e-04 -1.590551453616520917e-04 -1.723157630426107648e-04 -1.877810385755543008e-04 -2.085373081480774884e-04 -2.371612654654227034e-04 -2.743409382716343573e-04 -3.180880130293152106e-04 -3.641768042988120313e-04 -4.080086905558329082e-04 -4.474254618608460563e-04 -4.853022329516449088e-04 -5.304543490146730383e-04 -5.957309765003859130e-04 -6.932382344917838385e-04 -8.281794876047997040e-04 -9.941238345664588777e-04 -1.173009959553374722e-03 -1.342048190907400764e-03 -1.486993327318026888e-03 -1.617605913135182092e-03 -1.777861692791823196e-03 -2.042796385850892404e-03 -2.496799476631391974e-03 -3.195829047720178794e-03 -4.126326603435695115e-03 -5.183123799262949645e-03 -6.192608580634281594e-03 -6.999146925264730645e-03 -7.611340270171465354e-03 -8.369467585855820679e-03 -1.005608522931254051e-02 -1.384478756159887233e-02 -2.098435947419748787e-02 -3.217826007176130543e-02 -4.675680921008510543e-02 -6.197111633401876374e-02 -7.309873217332128748e-02 -7.551957094170304308e-02 -7.068776869714168964e-02 -7.878729229223500885e-02 -1.641583799127102061e-01 -4.753074600982939435e-01 -1.356803463550227073e+00 -3.337971035456732682e+00 -8.399837460894953978e+00 -1.523545157922776916e+01 -5.179919071092085403e+01 -4.045526740155692025e+00 -6.352516155310747763e+02 2.071983105621069626e+03 -1.628454711820159901e+04 6.976372301698727824e+04
