8.004476543555476383e+03 -8.993145359381360322e+02 1.131265329841611873e+02 -1.813816199168772769e+01 2.341518340731435277e+00 -5.217600371811498272e-01 2.839631499675945164e-02 -2.553636668703320248e-02 -3.488537013873641273e-03 -2.083219505984454292e-03 -4.656084500457311013e-04 -1.219095466966983022e-04 -1.710150687664932745e-05 -1.502442546451803321e-05 -2.567526085761629042e-05 -3.029314354519508821e-05 -2.720878083093305802e-05 -2.027697308587940198e-05 -1.302339725144616697e-05 -7.383455846487629073e-06 -3.854516400552312378e-06 -2.091688499467466597e-06 -1.447716567389407288e-06 -1.321320693621352402e-06 -1.310492287298981734e-06 -1.226684416817336027e-06 -1.037851876140372810e-06 -7.919648609562753222e-07 -5.542138385448322746e-07 -3.704108949908474486e-07 -2.554982115630558347e-07 -1.991928635337276180e-07 -1.787457005823174445e-07 -1.712681105217038156e-07 -1.613444174978347433e-07 -1.431047636249901924e-07 -1.181941227034481294e-07 -9.186963147928975469e-08 -6.933168364391331153e-08 -5.348559755441725024e-08 -4.442235802851188403e-08 -4.019168590578244674e-08 -3.811762724822689077e-08 -3.598371099515359214e-08 -3.267283535671067521e-08 -2.819506723714923082e-08 -2.328212190274008254e-08 -1.883407677833977912e-08 -1.547623751721188189e-08 -1.336058981808652869e-08 -1.221744188742473683e-08 -1.156334056280438952e-08 -1.093877754085241866e-08 -1.007392245863514257e-08 -8.935486464710454934e-09 -7.668367125341113955e-09 -6.482364081733478896e-09 -5.543166619985664377e-09 -4.909963489580952686e-09 -4.532521351886781187e-09 -4.294294650227879055e-09 -4.072683656157843053e-09 -3.787950746797453383e-09 -3.423591410721459111e-09 -3.016365531440837101e-09 -2.627052299803419132e-09 -2.308094787729022442e-09 -2.082092360273950184e-09 -1.937552481297368352e-09 -1.839847432421476467e-09 -1.749626352936115800e-09 -1.639429371059278889e-09 -1.502015620385149437e-09 -1.348631762715755244e-09 -1.199967623820007843e-09 -1.075045882860069792e-09 -9.830530502644696722e-10 -9.209579095520544922e-10 -8.767718038268710926e-10 -8.360001568111457371e-10 -7.879792472788787097e-10 -7.294416199424254328e-10 -6.643318858228954462e-10 -6.006226977593289923e-10 -5.460161670817464432e-10 -5.045440362964745857e-10 -4.753382328824890076e-10 -4.537189699840594263e-10 -4.337309909719001265e-10 -4.108056641976976969e-10 -3.833935920240935606e-10 -3.530422099774572854e-10 -3.231455618302289088e-10 -2.971132186976099090e-10 -2.768368141425188574e-10 -2.620601290040473829e-10 -2.507769737687008719e-10 -2.403289962262139427e-10 -2.286047604435909570e-10 -2.149172518136055082e-10 -1.996753312113119746e-10 -1.864106625316145170e-10 -1.671317228090218988e-10 -2.023664480022213026e-10
-9.351861102026332446e+03 2.190917306350258150e+04 -3.499634905200848607e+03 4.456614368161675657e+02 -8.504774829690921933e+01 8.182158019394648818e+00 -3.198506688241856910e+00 -1.853248402901445102e-01 -2.366815187568980516e-01 -5.816762294924696097e-02 -2.328615591714545963e-02 -6.003648367999200874e-03 -1.621095650324726059e-03 -6.160047709388733611e-04 -6.291107123468849286e-04 -7.012326423796257134e-04 -6.511674847194453761e-04 -5.095800156760309316e-04 -3.467865730596158972e-04 -2.105104627725314927e-04 -1.183760626894480401e-04 -6.709664210717943477e-05 -4.413739474373067810e-05 -3.617459762640093173e-05 -3.340357686338929662e-05 -3.056621507898599839e-05 -2.606833335092742992e-05 -2.042929381651922762e-05 -1.486158018695000426e-05 -1.035790445416967661e-05 -7.327852549160777332e-06 -5.635929449708566886e-06 -4.839230017600505826e-06 -4.447127734143863647e-06 -4.099277229879938653e-06 -3.630021366226164760e-06 -3.040030515011810558e-06 -2.420953390130263395e-06 -1.877102178556082906e-06 -1.473443931720297293e-06 -1.218798934975314002e-06 -1.077529565451382850e-06 -9.952049586265007230e-07 -9.235297114527106511e-07 -8.352739159844299515e-07 -7.266145505231241674e-07 -6.099396134368460128e-07 -5.028033907384429970e-07 -4.184071027166610988e-07 -3.608204713323912255e-07 -3.253525879512409217e-07 -3.024144757310374495e-07 -2.823361859222213129e-07 -2.589498131926056400e-07 -2.308530454871893833e-07 -2.004623619619748661e-07 -1.718167038110114853e-07 -1.483275438637785369e-07 -1.313840701184067849e-07 -1.201549277656382487e-07 -1.123622705526992259e-07 -1.054756368247826763e-07 -9.773721947308343611e-08 -8.863967535099817526e-08 -7.878893810931532433e-08 -6.934720907711808421e-08 -6.137914545482620591e-08 -5.538968361541989077e-08 -5.120044471158970336e-08 -4.814151132593088793e-08 -4.541040355558974222e-08 -4.241420339974103338e-08 -3.895567796284915295e-08 -3.521810123565692785e-08 -3.159595244454191430e-08 -2.847261229848344715e-08 -2.604845093617485731e-08 -2.428079216751783903e-08 -2.293911269386088949e-08 -2.173003314868274780e-08 -2.042618935101512965e-08 -1.894409965589261326e-08 -1.734744261383815450e-08 -1.578803266988317545e-08 -1.442054326025069318e-08 -1.333164990278231871e-08 -1.251103290789441579e-08 -1.186909769540276175e-08 -1.128584150035889882e-08 -1.066468684885001230e-08 -9.967515297577166146e-09 -9.219106331675874551e-09 -8.484105443116292046e-09 -7.830877513355795255e-09 -7.299779033522946735e-09 -6.888716926339589246e-09 -6.559402739652980898e-09 -6.258435544216060726e-09 -5.941433757718874125e-09 -5.592129476980597165e-09 -5.214404965033538240e-09 -4.889765910139636297e-09 -4.398327384402583158e-09 -5.324182607105851743e-09
-6.904695799739744189e+02 -7.668396248291168376e+03 2.283019966960838428e+04 -4.095331240201841865e+03 5.307748093158411393e+02 -1.094696915437948093e+02 9.140609083836068294e+00 -4.616888436288085096e+00 -4.394707198550953375e-01 -3.886873708977133801e-01 -1.068171619437041642e-01 -4.212657823400447338e-02 -1.226474559631567963e-02 -4.022548989878613895e-03 -1.880060238733051578e-03 -1.594260568219748936e-03 -1.513314753067057693e-03 -1.299532200284969326e-03 -9.848895153526623144e-04 -6.699639356906557982e-04 -4.201492507047782047e-04 -2.541292422832620488e-04 -1.598004194210821290e-04 -1.132269481836474051e-04 -9.160302357004139625e-05 -7.916834245162689555e-05 -6.793805426608735029e-05 -5.569020364308109388e-05 -4.324324057758364439e-05 -3.221515190859947141e-05 -2.372655131117763812e-05 -1.799488241624863977e-05 -1.450723658530526796e-05 -1.242888191934571382e-05 -1.098159340407678378e-05 -9.660840468469066253e-06 -8.275229590910235965e-06 -6.862063886090143350e-06 -5.557612966059888379e-06 -4.485181347398429953e-06 -3.694883689629553424e-06 -3.157330872212688282e-06 -2.793168968432494472e-06 -2.514040083471598525e-06 -2.254663632513167699e-06 -1.986451538608961338e-06 -1.713139182542205480e-06 -1.455759096272455728e-06 -1.236064779805946492e-06 -1.065229884805446137e-06 -9.406116768989920078e-07 -8.493439015839688363e-07 -7.752806272134557331e-07 -7.055075279439970951e-07 -6.338910406650337119e-07 -5.610406308371337879e-07 -4.916435575472635530e-07 -4.309368513657613517e-07 -3.819547626876813981e-07 -3.444524563124296438e-07 -3.155084904143925781e-07 -2.911275359860784269e-07 -2.679351424513667670e-07 -2.442412688842689019e-07 -2.201802675418222993e-07 -1.970844635459827786e-07 -1.765224291073948492e-07 -1.594739633763893213e-07 -1.459501520426445376e-07 -1.351147563926454753e-07 -1.257459677608208809e-07 -1.167701461507298104e-07 -1.076288716683928375e-07 -9.835942314034416113e-08 -8.941332519710881096e-08 -8.134228236450352139e-08 -7.450895664888856300e-08 -6.893927960942591091e-08 -6.434977817240634923e-08 -6.030402535491791549e-08 -5.640700785116970632e-08 -5.244743413044838680e-08 -4.843748526608807286e-08 -4.455165603442025951e-08 -4.100908415489397075e-08 -3.795938503933386379e-08 -3.541973570812414345e-08 -3.328091227942508220e-08 -3.136738407876620477e-08 -2.951644987284735688e-08 -2.763917189086942198e-08 -2.574003605244534105e-08 -2.389378490876950218e-08 -2.219634376468208721e-08 -2.071515532264411435e-08 -1.946029581440255305e-08 -1.838541197929226244e-08 -1.741360309668444222e-08 -1.647191711171945049e-08 -1.552604688842816303e-08 -1.455906927066300275e-08 -1.375134242291924593e-08 -1.243666178911244746e-08 -1.505567035221142693e-08
-1.483099159643132680e+03 8.131721729712238584e+02 -6.886797301840379077e+03 2.304588586742129701e+04 -4.389814510847166275e+03 5.742888355279256984e+02 -1.247759084906188605e+02 9.298214489682713690e+00 -5.712190214269906363e+00 -6.932924897587775526e-01 -5.300221770813476896e-01 -1.574341303643161660e-01 -6.242576477998020013e-02 -1.938708014367110377e-02 -6.590327817709763607e-03 -2.989908949009917848e-03 -2.338081603953381330e-03 -2.165156965566080328e-03 -1.878879354123699731e-03 -1.462509161345779693e-03 -1.032097044681734924e-03 -6.758939887709233211e-04 -4.260801620575786330e-04 -2.735413129624475990e-04 -1.906055335821674320e-04 -1.480670924334685573e-04 -1.239240157258313373e-04 -1.055044079126020098e-04 -8.776607213021935883e-05 -7.026208553401061888e-05 -5.434864547348585399e-05 -4.135449480278607600e-05 -3.178954035937821786e-05 -2.531015998264099921e-05 -2.107093733047621275e-05 -1.814134763188603029e-05 -1.580060126157306288e-05 -1.365169424778559434e-05 -1.158447238890866815e-05 -9.660681879496205149e-06 -7.990232882238293893e-06 -6.645234289957838093e-06 -5.626627490415417177e-06 -4.874309882555173476e-06 -4.300088448423112593e-06 -3.821941054938888425e-06 -3.385935014075260375e-06 -2.971318224511596753e-06 -2.582303085776606289e-06 -2.233883572991197137e-06 -1.938820682835585540e-06 -1.700315787744436755e-06 -1.511234160519407660e-06 -1.358067354255025442e-06 -1.226556643295219773e-06 -1.106214351978860878e-06 -9.922559570787393532e-07 -8.848872104775665678e-07 -7.869604975253155437e-07 -7.013569527493536201e-07 -6.291866151798536697e-07 -5.692809436294398238e-07 -5.188153958240098051e-07 -4.745027221381204693e-07 -4.337201883381074837e-07 -3.951263122259655014e-07 -3.586420052626975355e-07 -3.249553789852443011e-07 -2.948624986957484591e-07 -2.687472863012515785e-07 -2.463744517764953269e-07 -2.270043115908818747e-07 -2.097044117901082750e-07 -1.936835644116942056e-07 -1.785042035726566252e-07 -1.641109883492716427e-07 -1.507037852157590497e-07 -1.385396218127103220e-07 -1.277604430716799707e-07 -1.183112463742516995e-07 -1.099627388545731875e-07 -1.024067959429392413e-07 -9.536914523723666536e-08 -8.868877549270821150e-08 -8.233698339971333497e-08 -7.637997285096610905e-08 -7.091135464386078483e-08 -6.598827892333839764e-08 -6.159712839003831038e-08 -5.765717213425899697e-08 -5.405347286765749072e-08 -5.067951974756205997e-08 -4.746972693371827880e-08 -4.440981561833743554e-08 -4.152452920038194410e-08 -3.885192101846725126e-08 -3.641733138028416090e-08 -3.421869955740436786e-08 -3.222503002081534036e-08 -3.040186279868091076e-08 -2.866655853185702603e-08 -2.728003341622797087e-08 -2.481802568171055114e-08 -3.006624799647956465e-08
-7.114541961557164313e+02 -5.734456455728264928e+02 8.219980111916045189e+02 -6.462830886840488347e+03 2.312701783597524627e+04 -4.569353296031345053e+03 6.011357818955959829e+02 -1.356549285870210610e+02 9.159669457375986923e+00 -6.618330626616764079e+00 -9.357280698809224972e-01 -6.606684048374518170e-01 -2.060207526146838053e-01 -8.148948743656664329e-02 -2.568741084358841867e-02 -8.525980462047633504e-03 -3.695263805403663747e-03 -2.884492991451507050e-03 -2.766852674323473562e-03 -2.484652804998618066e-03 -1.987321438199824743e-03 -1.430493072014343186e-03 -9.468962178231026764e-04 -5.958676218032758938e-04 -3.765910980060449163e-04 -2.570139070521710581e-04 -1.980567207402183778e-04 -1.677417257370008284e-04 -1.461811455867022551e-04 -1.245828931915829321e-04 -1.015732862571099601e-04 -7.921572538329739390e-05 -6.004630973826359590e-05 -4.552253344822874140e-05 -3.567314243855613712e-05 -2.948763910255390293e-05 -2.555963184916748706e-05 -2.264130222991295996e-05 -1.994488848571605104e-05 -1.718059698727171511e-05 -1.441750629465554568e-05 -1.187907733976565550e-05 -9.767808602447242255e-06 -8.168381741974128706e-06 -7.034303408285585005e-06 -6.232736889903012444e-06 -5.609992411557924688e-06 -5.046213268166290696e-06 -4.481741450625134900e-06 -3.913965581708669803e-06 -3.374704576534482170e-06 -2.902276065910616361e-06 -2.520302812769919775e-06 -2.229107361577380739e-06 -2.009258715845552153e-06 -1.832325237065740322e-06 -1.672581959959758817e-06 -1.514813005251284121e-06 -1.356147518979761131e-06 -1.202759949185995973e-06 -1.064013449204960031e-06 -9.469762836602373436e-07 -8.533546924113273799e-07 -7.794361171360495251e-07 -7.183199079753183862e-07 -6.629824134752065431e-07 -6.087441290175354675e-07 -5.542771904489101857e-07 -5.010721198869476114e-07 -4.519183252297694378e-07 -4.092253858287195724e-07 -3.738956563331058689e-07 -3.450840321907529631e-07 -3.207496966456838115e-07 -2.986053378663471755e-07 -2.769899071550238915e-07 -2.553199908257606704e-07 -2.340179614437559973e-07 -2.140485362219063772e-07 -1.963312946919247974e-07 -1.812943258775635845e-07 -1.687256994583110435e-07 -1.579269653990502585e-07 -1.480471926838666981e-07 -1.384248998385009180e-07 -1.287928796984249260e-07 -1.192849513364096237e-07 -1.102765256462806723e-07 -1.021546525240328135e-07 -9.512609466157349308e-08 -8.913697006956304045e-08 -8.391870472869022559e-08 -7.911916760249890842e-08 -7.444930998181951646e-08 -6.978057100106067073e-08 -6.515976790507197334e-08 -6.074845415211555157e-08 -5.672536503239522565e-08 -5.319522700263403799e-08 -5.016754379929238980e-08 -4.746638059294147780e-08 -4.541781635979211808e-08 -4.151505204176734836e-08 -5.037079270755797569e-08
-4.921932392836355348e+02 -1.229202623927888425e+02 -4.323064043657184357e+02 8.165760762967754545e+02 -6.221846191813705445e+03 2.316802285329269580e+04 -4.691630879890645701e+03 6.193889455380317486e+02 -1.439101307867893809e+02 8.900888308986381503e+00 -7.383573650369410935e+00 -1.157209539984004554e+00 -7.773561496030317874e-01 -2.497730991849360926e-01 -9.828130138795579396e-02 -3.104944806489129058e-02 -1.011602582318496188e-02 -4.335473229954314549e-03 -3.471584231505053190e-03 -3.424398642346679691e-03 -3.122494561425916571e-03 -2.513830055219816451e-03 -1.809882316400449097e-03 -1.192080532040872389e-03 -7.439171486115251850e-04 -4.671581436930892896e-04 -3.201703947833303677e-04 -2.509202147948773223e-04 -2.166870578379716293e-04 -1.912466178843967286e-04 -1.636225192842968639e-04 -1.329523009290854534e-04 -1.028618974191149892e-04 -7.728750546384298913e-05 -5.834660390784194694e-05 -4.595706934791178594e-05 -3.851641798349412507e-05 -3.391361546534257538e-05 -3.036284410336151669e-05 -2.682451130148664649e-05 -2.301627276060065695e-05 -1.916278926096075998e-05 -1.566562277187345879e-05 -1.283941608331183460e-05 -1.078382749134014374e-05 -9.388658452976259735e-06 -8.423474381490238144e-06 -7.648216047291758141e-06 -6.895677097772699170e-06 -6.102527088559526695e-06 -5.292614804707057225e-06 -4.533116706950017005e-06 -3.888112858876047152e-06 -3.388165673756450302e-06 -3.022783341255524551e-06 -2.752113784140654381e-06 -2.527755952122382766e-06 -2.311874982484819565e-06 -2.087451173688410504e-06 -1.857828213028488242e-06 -1.638483052864720052e-06 -1.446219564505169651e-06 -1.290725110215509760e-06 -1.171266009810105441e-06 -1.078570207788905059e-06 -9.998814092623501977e-07 -9.243651251458897876e-07 -8.465759576722702502e-07 -7.670019203336906437e-07 -6.901076936941569727e-07 -6.212239933018517108e-07 -5.638016046514409707e-07 -5.180747120058026251e-07 -4.813795603914794958e-07 -4.496439909260453614e-07 -4.191859864470058432e-07 -3.880079749124305092e-07 -3.561479107022786810e-07 -3.251264829179705774e-07 -2.968953572842639500e-07 -2.728214369892580889e-07 -2.531224624676069374e-07 -2.369037776870441996e-07 -2.226670860916957492e-07 -2.089887078356343608e-07 -1.950507484209886657e-07 -1.808264341821009334e-07 -1.669029298013363961e-07 -1.540794928059416560e-07 -1.429495447009656953e-07 -1.336461994181649840e-07 -1.258304796983184194e-07 -1.188863195942472824e-07 -1.122042896782893658e-07 -1.054185216401046465e-07 -9.850334343458636590e-08 -9.171069475876807241e-08 -8.540205816234802367e-08 -7.985710942446448548e-08 -7.518388943102397922e-08 -7.114637199184752634e-08 -6.819877851514994324e-08 -6.248208372960576537e-08 -7.596122951224325220e-08
-2.894008378599564253e+02 -1.158822928332966740e+02 -6.471384574040527582e+01 -3.617880043307056326e+02 8.042831207548698558e+02 -6.065881226039872672e+03 2.319136092907539569e+04 -4.780388751044455603e+03 6.325839039965303527e+02 -1.504019496876779556e+02 8.607931662411106188e+00 -8.032510426729503550e+00 -1.354432701279570495e+00 -8.803741681162745580e-01 -2.889649489786831893e-01 -1.134490527166429064e-01 -3.604694661805202954e-02 -1.172562675341945297e-02 -5.057893403759566517e-03 -4.096810928194002770e-03 -4.066269038409089237e-03 -3.713686181724563679e-03 -2.988596970496821843e-03 -2.149369937295960830e-03 -1.415143960177822451e-03 -8.853819100575925161e-04 -5.605291671426331076e-04 -3.891635799321907984e-04 -3.082779167400309770e-04 -2.670059052150993936e-04 -2.348772069978385284e-04 -1.998112338972762912e-04 -1.615588529311100046e-04 -1.247849959517738415e-04 -9.411034110240214777e-05 -7.174409002397514126e-05 -5.723467414293241030e-05 -4.843051967021074888e-05 -4.274374775649538848e-05 -3.811674804842880225e-05 -3.344966321361995905e-05 -2.853546233669629196e-05 -2.371151061340114735e-05 -1.945479572482959827e-05 -1.608787585937951009e-05 -1.366108205243795422e-05 -1.198999221120011513e-05 -1.077881487290809363e-05 -9.751501333630490040e-06 -8.737075105788599076e-06 -7.689828335475750904e-06 -6.656498186998822641e-06 -5.719111962651353931e-06 -4.942666754521521169e-06 -4.346596225432694276e-06 -3.903935058141762739e-06 -3.560423813093845026e-06 -3.260129949142383311e-06 -2.965377907797775466e-06 -2.664466108627570469e-06 -2.367189118528850195e-06 -2.093133257162536053e-06 -1.859267397255109098e-06 -1.671994832337366377e-06 -1.525749373919148395e-06 -1.407051934893788283e-06 -1.301030010103712548e-06 -1.197108789505046523e-06 -1.091711778274174206e-06 -9.875329217564168967e-07 -8.904421807310449057e-07 -8.058262828320069230e-07 -7.359939138004206925e-07 -6.794843444968851725e-07 -6.321528541139899180e-07 -5.891959709930926627e-07 -5.470701427070546383e-07 -5.045162516512846655e-07 -4.624382548200980635e-07 -4.229143004279932022e-07 -3.879243108168286122e-07 -3.583849651547768694e-07 -3.338366588783269272e-07 -3.127888061718268739e-07 -2.934514996195286412e-07 -2.744692871037333223e-07 -2.553450880503596452e-07 -2.364285646173829252e-07 -2.185520249570491250e-07 -2.025304904700045055e-07 -1.887620840158767526e-07 -1.770816689483051168e-07 -1.668856456652606419e-07 -1.574285546872958177e-07 -1.481348247506259529e-07 -1.387893994547448887e-07 -1.295449792579818732e-07 -1.207742089361215766e-07 -1.128469680446800294e-07 -1.059953429328003936e-07 -1.000200124829197235e-07 -9.568132645315194587e-08 -8.760737748042580095e-08 -1.066930327523399426e-07
-1.680517256685326402e+02 -5.904455405537361656e+01 -7.200557826356507007e+01 -3.817631120210051421e+01 -3.252825862806851092e+02 7.935730784378838507e+02 -5.956960938069786607e+03 2.320591460790375277e+04 -4.847775860609667689e+03 6.425742018057921996e+02 -1.556395307356745832e+02 8.317292810998775821e+00 -8.587765818221352987e+00 -1.530031181965959997e+00 -9.723030764740381304e-01 -3.247574454174247949e-01 -1.275895240997887148e-01 -4.087119428975823088e-02 -1.332963752303694543e-02 -5.753888676742481036e-03 -4.654075865484641125e-03 -4.627700456186026670e-03 -4.239127900655018967e-03 -3.423925057336313187e-03 -2.473664292914693353e-03 -1.638267182681721855e-03 -1.032458776352821210e-03 -6.583182716185992161e-04 -4.585929799114048027e-04 -3.624500563633276345e-04 -3.124605861786568023e-04 -2.740262462371857201e-04 -2.331831944772971203e-04 -1.892746016203748197e-04 -1.472273681201656623e-04 -1.120256737228133225e-04 -8.607092906401869140e-05 -6.888423421016761727e-05 -5.813921625582347695e-05 -5.102551103332690912e-05 -4.529032845931880698e-05 -3.970009612247153702e-05 -3.397551768722114051e-05 -2.842570589245162123e-05 -2.352250588398265642e-05 -1.959059548443824238e-05 -1.668105057747954688e-05 -1.460579757828789071e-05 -1.306119230713933494e-05 -1.176040225183179302e-05 -1.052023405329264761e-05 -9.282801641908143626e-06 -8.084122845996134457e-06 -6.998209470988160514e-06 -6.085443028777259477e-06 -5.363928979944198417e-06 -4.807689725259561852e-06 -4.364255658081480080e-06 -3.978787375463727214e-06 -3.613049761857785981e-06 -3.253024161998195613e-06 -2.905103792084759760e-06 -2.585468711076350874e-06 -2.308668690214660753e-06 -2.080177288642264630e-06 -1.894860872210302612e-06 -1.740411700071479182e-06 -1.603070879650093214e-06 -1.472698660983681710e-06 -1.345252343534116618e-06 -1.222262509486159202e-06 -1.108214418129166206e-06 -1.007395347651317558e-06 -9.216207313969719646e-07 -8.495715210285168615e-07 -7.876494544822143945e-07 -7.316473103461366255e-07 -6.783546630450579278e-07 -6.264348327029741200e-07 -5.763565660732340364e-07 -5.296056785155989417e-07 -4.876527740013534594e-07 -4.511606384091232757e-07 -4.197127153529211937e-07 -3.920706187124987122e-07 -3.667450618042910318e-07 -3.425743825059559043e-07 -3.190637870599546058e-07 -2.963849046220163809e-07 -2.750997491546977675e-07 -2.557769451995762755e-07 -2.386824698454478575e-07 -2.236630236618256859e-07 -2.102357020320581936e-07 -1.978087866705350369e-07 -1.859152709768968434e-07 -1.743562507473738928e-07 -1.632108257523773780e-07 -1.527192611401000168e-07 -1.431848779993832563e-07 -1.345459387908485166e-07 -1.281145032906813553e-07 -1.169536881040084422e-07 -1.425053006513242585e-07
-8.880490052897374653e+01 -3.397135322890253661e+01 -3.378160288089599561e+01 -5.204674324597085899e+01 -2.628056764078374385e+01 -3.026329229610309426e+02 7.846897719455228071e+02 -5.876540114360415828e+03 2.321561122073965817e+04 -4.900679100020623082e+03 6.504046037095575912e+02 -1.599550125599293153e+02 8.040719870073443687e+00 -9.068921423706703067e+00 -1.687681188567260016e+00 -1.055229551177158998e+00 -3.576774408886966850e-01 -1.407287934706901722e-01 -4.537294549202122718e-02 -1.478331552603093582e-02 -6.342528680893065075e-03 -5.127532234892311948e-03 -5.133595046578480134e-03 -4.736718650286237189e-03 -3.850925973262408868e-03 -2.798524371539276492e-03 -1.862534832592109731e-03 -1.177275007073519050e-03 -7.503248702495500695e-04 -5.207394517411359156e-04 -4.101829332178094363e-04 -3.537999269819596358e-04 -3.116345999926780231e-04 -2.668835822610535397e-04 -2.180914866456903618e-04 -1.705895032374422937e-04 -1.301736526228591307e-04 -9.992254159679416934e-05 -7.965582246287743477e-05 -6.696623641964899009e-05 -5.872119549504470191e-05 -5.227958376153865269e-05 -4.609268427618019794e-05 -3.970800236981097855e-05 -3.340294538999624393e-05 -2.771216435342610686e-05 -2.305511774279111852e-05 -1.955756194247635605e-05 -1.705881552424139765e-05 -1.523475979153624614e-05 -1.374818285276708827e-05 -1.236012130922894681e-05 -1.097165102487514822e-05 -9.601965504651567332e-06 -8.330623266879209852e-06 -7.236377923770622463e-06 -6.356832988121644604e-06 -5.677689621897881410e-06 -5.146819872004557552e-06 -4.700273162369887823e-06 -4.286480435388170453e-06 -3.879607781746988450e-06 -3.479637521230097085e-06 -3.102670398507108822e-06 -2.767771557542137136e-06 -2.486391228325092489e-06 -2.257841827335848997e-06 -2.071032743371278715e-06 -1.910184931620015004e-06 -1.761228327960367989e-06 -1.616129019623124441e-06 -1.473882801653883981e-06 -1.338532866147316793e-06 -1.215686505476614987e-06 -1.109265817849384416e-06 -1.019744678697216562e-06 -9.442512447770705282e-07 -8.780746163206079423e-07 -8.166528801670485708e-07 -7.571200234284482403e-07 -6.988656316495944815e-07 -6.430799607028407013e-07 -5.916736273388853140e-07 -5.461417863334553901e-07 -5.068476741641025704e-07 -4.729359337214260235e-07 -4.427866004859683828e-07 -4.147144697338836898e-07 -3.875767297620441229e-07 -3.610513531752348692e-07 -3.355311706743755478e-07 -3.117471790826353231e-07 -2.903260961436658465e-07 -2.714784885504244166e-07 -2.549233127155985860e-07 -2.400390707765502095e-07 -2.261377346429513148e-07 -2.127285497262252739e-07 -1.996474319486136011e-07 -1.871160894862479964e-07 -1.752104814555577611e-07 -1.660062757203697870e-07 -1.508861213519876721e-07 -1.837529092232467880e-07
-4.214857156362660362e+01 -1.700427998076591507e+01 -1.925877121621483568e+01 -2.287989259034017664e+01 -4.258735029162745178e+01 -1.952707878940457675e+01 -2.872415317699980051e+02 7.774383435959348390e+02 -5.814704139897528876e+03 2.322240459603884665e+04 -4.943316955777542717e+03 6.567056562131062947e+02 -1.635749378847409048e+02 7.781398340266850511e+00 -9.490477883003935133e+00 -1.829883101632784559e+00 -1.130235314664979729e+00 -3.877967962652081324e-01 -1.527640194180199251e-01 -4.946891599982043697e-02 -1.607578768492082602e-02 -6.863068542181409958e-03 -5.571252218974809267e-03 -5.626749048791880592e-03 -5.227365384403810308e-03 -4.270527107602471728e-03 -3.113231331735994735e-03 -2.074647618760520028e-03 -1.310211510862513678e-03 -8.329543470673290940e-04 -5.771650805258535981e-04 -4.556790535476621935e-04 -3.952580096793412070e-04 -3.502779597655537825e-04 -3.013683519853949241e-04 -2.468616332757044658e-04 -1.930855965794871037e-04 -1.470283464404478920e-04 -1.125404002812745874e-04 -8.960447795668035546e-05 -7.549166307945343166e-05 -6.652794679915476528e-05 -5.956690807195356752e-05 -5.274724937557985976e-05 -4.553116705036069467e-05 -3.827963270574147461e-05 -3.168003396933400691e-05 -2.628275334104244418e-05 -2.227083810757542138e-05 -1.946133589748862833e-05 -1.745616689714525380e-05 -1.583305326765411448e-05 -1.429077807599308411e-05 -1.270684728086743842e-05 -1.111221931394342292e-05 -9.617475966168619790e-06 -8.332493217917121231e-06 -7.312178715829122467e-06 -6.541121788886999123e-06 -5.951823769834975918e-06 -5.459728308194528094e-06 -4.996487890343341680e-06 -4.528751060066834795e-06 -4.058700656536140136e-06 -3.610807782133549857e-06 -3.213467906298801529e-06 -2.884038096078872701e-06 -2.622349801983423032e-06 -2.413163824276826559e-06 -2.234409945698986961e-06 -2.066488062583843434e-06 -1.898601176367430768e-06 -1.730211449602695171e-06 -1.568098071530268416e-06 -1.421172632176790472e-06 -1.295637887153237192e-06 -1.192381402561650280e-06 -1.107188911269527866e-06 -1.033087000210706822e-06 -9.634054188054297834e-07 -8.941410935611382898e-07 -8.247812662814303406e-07 -7.575471979756122844e-07 -6.956751297285579779e-07 -6.416330594214671713e-07 -5.960224916248584777e-07 -5.574908206766744064e-07 -5.234999625659082346e-07 -4.914689347917003518e-07 -4.597434397885168875e-07 -4.280143287740903963e-07 -3.971065896284674788e-07 -3.683365633968839059e-07 -3.427816342036266686e-07 -3.207848802108602875e-07 -3.018627102448736398e-07 -2.849866525181506914e-07 -2.690611837237146961e-07 -2.533456162618875071e-07 -2.377629753170751354e-07 -2.223814613490920984e-07 -2.099684688472997575e-07 -1.903400758662202583e-07 -2.307721117075361788e-07
-1.687521451028583286e+01 -7.794129748079023479e+00 -9.363865828167908134e+00 -1.316491193150415384e+01 -1.784139098728301676e+01 -3.699682461580012216e+01 -1.523123770686560263e+01 -2.760634355775856648e+02 7.714775478779112063e+02 -5.765670472580054593e+03 2.322734901017523953e+04 -4.978417247731616044e+03 6.618829302451956664e+02 -1.666567373144321209e+02 7.540455927942446124e+00 -9.862676701840396021e+00 -1.958314450437282250e+00 -1.198094551556715626e+00 -4.152781889249443914e-01 -1.637773726889708015e-01 -5.323588842872208765e-02 -1.728278350213990552e-02 -7.371197853969850035e-03 -6.011870373084870177e-03 -6.108332946321339170e-03 -5.697674849587388950e-03 -4.666316385096747239e-03 -3.406197797429210469e-03 -2.270656589468208857e-03 -1.433718146757073783e-03 -9.118012111926807007e-04 -6.333223799889481495e-04 -5.021822864599570979e-04 -4.373710584042752149e-04 -3.884984613978341439e-04 -3.344283010556455319e-04 -2.737459937012072454e-04 -2.138572064416383836e-04 -1.627407745617793838e-04 -1.247050365173970634e-04 -9.962634559102443701e-05 -8.432139839392267724e-05 -7.459110582159904671e-05 -6.690076051535757148e-05 -5.922082082178520778e-05 -5.103637328716646059e-05 -4.283203209510485262e-05 -3.542298278521525652e-05 -2.942819193777968241e-05 -2.502320944044560193e-05 -2.196235418445507419e-05 -1.976773228427419247e-05 -1.795462179379243042e-05 -1.619463922202028062e-05 -1.437212750657154018e-05 -1.254435291710422900e-05 -1.084944319639165389e-05 -9.412519761804736450e-06 -8.286887415109547617e-06 -7.442566255908030113e-06 -6.793043316569193452e-06 -6.238712645652140093e-06 -5.704942012802928514e-06 -5.160912247024827449e-06 -4.616543880930404399e-06 -4.104344206685615025e-06 -3.657180640434120454e-06 -3.291880482090103462e-06 -3.003789565711567911e-06 -2.771764147574242116e-06 -2.569044789650637812e-06 -2.374147813347336840e-06 -2.177286452109135832e-06 -1.980679630093246846e-06 -1.793960222799021653e-06 -1.627638196068704698e-06 -1.487719238112302459e-06 -1.373442965624985117e-06 -1.278408764833942199e-06 -1.193900747344367148e-06 -1.112568339103093835e-06 -1.030844884530073979e-06 -9.493396118473347767e-07 -8.714354253645264530e-07 -8.010236934280819925e-07 -7.404919757375926373e-07 -6.897569200630419636e-07 -6.465501935469466850e-07 -6.076008537152159182e-07 -5.700464727874744206e-07 -5.324340562849329429e-07 -4.949571026516922760e-07 -4.589631203927119139e-07 -4.260665491931818825e-07 -3.973112129511347835e-07 -3.727302929563952010e-07 -3.514217416009670391e-07 -3.320283612526966358e-07 -3.133175157605366834e-07 -2.947863603533397798e-07 -2.760597646720733579e-07 -2.608963447526237000e-07 -2.350509791105151760e-07 -2.875456582120112114e-07
-5.228203875720971006e+00 -3.058411698761882125e+00 -4.271213905357083895e+00 -6.353603031121780376e+00 -1.031138555290148595e+01 -1.489900707867692908e+01 -3.330853364580290332e+01 -1.226119011185940799e+01 -2.675687543655390641e+02 7.665132173629477847e+02 -5.725836979288535076e+03 2.323105789995186205e+04 -5.007819041136957821e+03 6.662112849298812307e+02 -1.693124925652728336e+02 7.318063569006714175e+00 -1.019334564275489008e+01 -2.074565774020232567e+00 -1.259688476970230564e+00 -4.404638028662183902e-01 -1.739500271662787478e-01 -5.676495263775189343e-02 -1.844047697330099961e-02 -7.867488160392205332e-03 -6.432362488293636923e-03 -6.558580095327658580e-03 -6.134368765418236023e-03 -5.034454428195589935e-03 -3.681189559491265893e-03 -2.457844373759745203e-03 -1.554618756504876336e-03 -9.908195365809532688e-04 -6.898054041843093261e-04 -5.478803488196163588e-04 -4.774694097410438882e-04 -4.241279238019087764e-04 -3.651103716715171639e-04 -2.990101407783501844e-04 -2.339066214154131111e-04 -1.784217432461119321e-04 -1.371520644259313637e-04 -1.098898344411720614e-04 -9.314677495132772395e-05 -8.238058348057071100e-05 -7.380274180051053963e-05 -6.526384099058155162e-05 -5.623968020327676875e-05 -4.726121466330946038e-05 -3.919248175237740429e-05 -3.267291317264989123e-05 -2.786499440801701273e-05 -2.448899363194137797e-05 -2.203017746439239139e-05 -1.997784542878993489e-05 -1.799323043168920774e-05 -1.596251295331905268e-05 -1.394967314174492007e-05 -1.209764574853936554e-05 -1.053102055719441649e-05 -9.297672154729443955e-06 -8.360160556676213167e-06 -7.625716426706422699e-06 -6.991618856061363203e-06 -6.383297517663906684e-06 -5.771764060024405580e-06 -5.168680874153387534e-06 -4.606886658300297302e-06 -4.117877794417158343e-06 -3.716053731045750222e-06 -3.394353193029918467e-06 -3.130149145283698627e-06 -2.896456975052553758e-06 -2.672533340680200129e-06 -2.449624159548874266e-06 -2.230596930960908437e-06 -2.024978983350252129e-06 -1.842475295248432643e-06 -1.687968810924483646e-06 -1.559738190903290878e-06 -1.450925783945434868e-06 -1.352931169015755327e-06 -1.258897635089001061e-06 -1.165800385028539866e-06 -1.074540583515274689e-06 -9.884065231508254208e-07 -9.108693617909147525e-07 -8.437732764962666675e-07 -7.866003157398995787e-07 -7.369099055398197339e-07 -6.915388968414690286e-07 -6.479051948312286552e-07 -6.048415067245762479e-07 -5.626874569352705410e-07 -5.227357859339029431e-07 -4.863832452577898292e-07 -4.543998333921296898e-07 -4.266095260363842019e-07 -4.020414092055004050e-07 -3.794303046060017757e-07 -3.577331744391446422e-07 -3.365568206365837961e-07 -3.173353155036783021e-07 -2.920911651901946386e-07 -3.422410612863601443e-07
-1.325797263491292455e+00 -1.051811510892716406e+00 -1.729986885681805475e+00 -2.934504319864320809e+00 -4.916600821157869561e+00 -8.621903794786025088e+00 -1.297194276457864071e+01 -3.069104777764392011e+01 -1.009574078533396069e+01 -2.608961647015398739e+02 7.623225021322730299e+02 -5.692837098128187790e+03 2.323391072549297678e+04 -5.032806520258685850e+03 6.698835727233019952e+02 -1.716247815540140493e+02 7.113369989957190498e+00 -1.048896805186628001e+01 -2.180246034260963750e+00 -1.315895062440461283e+00 -4.636786390359416421e-01 -1.834006202180059053e-01 -6.007516495135212936e-02 -1.953076747694482140e-02 -8.327690628055064992e-03 -6.817016573884338015e-03 -6.973937561732293858e-03 -6.543194466965083361e-03 -5.384598062046902327e-03 -3.946862337365829483e-03 -2.641071423428691025e-03 -1.673573360021383613e-03 -1.067768346618075143e-03 -7.434098190717291664e-04 -5.902424983672280648e-04 -5.145164541151480645e-04 -4.575843043709794584e-04 -3.946803836727178459e-04 -3.240085775365802241e-04 -2.541093124843582431e-04 -1.942570841448441215e-04 -1.495022809088883333e-04 -1.197648274980014503e-04 -1.014125088082085081e-04 -8.962092243097567745e-05 -8.031310550133229499e-05 -7.113042645592731214e-05 -6.144692869038608863e-05 -5.178329112301930249e-05 -4.304594895476108974e-05 -3.592884176209766659e-05 -3.063229061248872533e-05 -2.688557970469701726e-05 -2.415678662564174411e-05 -2.190308028976013452e-05 -1.975198957767099805e-05 -1.756467210126561265e-05 -1.539336802160834225e-05 -1.338157912295579049e-05 -1.166201579600819973e-05 -1.029232046491636707e-05 -9.241660419579785220e-06 -8.418360956372604689e-06 -7.715582662810752278e-06 -7.051615606519074950e-06 -6.390183925979133937e-06 -5.737867613692130829e-06 -5.125719281676708030e-06 -4.586430167355466368e-06 -4.137246527997057590e-06 -3.773955009672608482e-06 -3.475477480531546692e-06 -3.214553072134481855e-06 -2.968637270917525288e-06 -2.726507093591311441e-06 -2.488874589856562116e-06 -2.264122327716194995e-06 -2.062008728907880212e-06 -1.888357244725568540e-06 -1.742669966969531444e-06 -1.618987932244483497e-06 -1.508915945474951910e-06 -1.405088563445049764e-06 -1.303537507482631427e-06 -1.204202564272045205e-06 -1.109755675373735699e-06 -1.023564499841590446e-06 -9.478165650738816083e-07 -8.825464821271297673e-07 -8.257896737388696091e-07 -7.745739125129234314e-07 -7.261661121965497883e-07 -6.790025728523385412e-07 -6.329682241954910211e-07 -5.890289945670607430e-07 -5.484930149691790005e-07 -5.122664938248451882e-07 -4.804820540828355984e-07 -4.523104095327117853e-07 -4.272911655922432669e-07 -4.018879866622469997e-07 -3.860143373520457490e-07 -3.506578861442389104e-07 -3.785250427821898784e-07
-1.113149612749575690e+00 -4.694540840716971974e-01 -6.899675540112865102e-01 -1.214125028462499589e+00 -2.261001854839850278e+00 -4.052490703572200204e+00 -7.506868151817915447e+00 -1.161864110795962013e+01 -2.874417104739253404e+01 -8.455620260193420279e+00 -2.555173814081321098e+02 7.587426313247660801e+02 -5.665050481849895732e+03 2.323615254231015206e+04 -5.054304433579004581e+03 6.730383650666565245e+02 -1.736563166339021507e+02 6.924889523895896737e+00 -1.075490289361682628e+01 -2.276752939042510082e+00 -1.367407078482859584e+00 -4.851300426284614331e-01 -1.921732130015636753e-01 -6.315513389935865918e-02 -2.053850479175433133e-02 -8.748205114126311049e-03 -7.173350663785270018e-03 -7.366790374277933963e-03 -6.935219807384022765e-03 -5.722993539678479860e-03 -4.204196488051540476e-03 -2.817731037803562332e-03 -1.786810299958882173e-03 -1.139711637533109053e-03 -7.930068563212341534e-04 -6.298684707839534956e-04 -5.500898428218186547e-04 -4.905098756953249310e-04 -4.241787711410203326e-04 -3.489481282021852167e-04 -2.740043214441852354e-04 -2.095009480511320077e-04 -1.611119121294555937e-04 -1.289464685206901350e-04 -1.091869688020990852e-04 -9.662702183853328242e-05 -8.679946586835053603e-05 -7.707554876246957784e-05 -6.672293694731826306e-05 -5.629240116248088828e-05 -4.679130096959534219e-05 -3.901692025535968177e-05 -3.322915274451727365e-05 -2.915855094202044053e-05 -2.622887173462621642e-05 -2.383431672498208294e-05 -2.154779857151956215e-05 -1.920098256806387807e-05 -1.684467133435246845e-05 -1.464061205512505283e-05 -1.274583741070380643e-05 -1.123609976019232377e-05 -1.008585066036980064e-05 -9.196082808200649642e-06 -8.445283655909483793e-06 -7.736776439329185761e-06 -7.024647415439003829e-06 -6.313448579391549150e-06 -5.638591294844624486e-06 -5.040034232942555082e-06 -4.541336932983208496e-06 -4.141024681947486706e-06 -3.816592929452074284e-06 -3.536446157503161045e-06 -3.273013164297615766e-06 -3.011431669073086747e-06 -2.751280842019643952e-06 -2.502200680970590786e-06 -2.276527644524652678e-06 -2.082578636572434375e-06 -1.921164055821696151e-06 -1.786050545291051321e-06 -1.667327400757274964e-06 -1.555678354806192436e-06 -1.445601078882705178e-06 -1.336452085708653571e-06 -1.231318348309717630e-06 -1.134604088475287248e-06 -1.049582850366953434e-06 -9.769296060363154263e-07 -9.146513244522183303e-07 -8.591770930416007373e-07 -8.069316938338576016e-07 -7.556461815796317764e-07 -7.049044270383891055e-07 -6.558219505468769079e-07 -6.102064928658246275e-07 -5.693714879773226187e-07 -5.343650254257793144e-07 -5.024599336326093981e-07 -4.796251809335281397e-07 -4.556082395717618036e-07 -3.789685227219506358e-07 -4.481931929878236174e-07
-2.080741990630802452e+00 -4.924503941759075243e-01 -3.895552998029174763e-01 -4.933580171546113613e-01 -9.244995340106002546e-01 -1.845208080230390957e+00 -3.482199489990625896e+00 -6.724631891605242551e+00 -1.062384504502787763e+01 -2.724364965137617745e+01 -7.174164963589579003e+00 -2.510885635851064137e+02 7.556529085055940413e+02 -5.641331281292630592e+03 2.323794651579062702e+04 -5.072996292163325961e+03 6.757775433440490360e+02 -1.754555529695815892e+02 6.751068467463047895e+00 -1.099543192049575602e+01 -2.365183606061450394e+00 -1.414741923600614237e+00 -5.049662667805960847e-01 -2.003096069070449403e-01 -6.601790293690995570e-02 -2.147656163127400000e-02 -9.144218136195330152e-03 -7.514614559399218109e-03 -7.744849138743586763e-03 -7.312010138604239061e-03 -6.046929724195916275e-03 -4.449027524523055561e-03 -2.984575332954494432e-03 -1.893159506270071599e-03 -1.207471025247810895e-03 -8.405271119083970299e-04 -6.687268676495747126e-04 -5.854227023918460136e-04 -5.231446461622441717e-04 -4.530611749861237808e-04 -3.729580868974140175e-04 -2.928500636805965928e-04 -2.238145388517652598e-04 -1.720789825000667791e-04 -1.378162441043319863e-04 -1.169063682097127964e-04 -1.036976825450612756e-04 -9.333576552064409436e-05 -8.297433466633970722e-05 -7.184466917632056904e-05 -6.058344221371061549e-05 -5.032196421979584614e-05 -4.194984723273198349e-05 -3.575408358469367442e-05 -3.143086309234466660e-05 -2.833622541764828010e-05 -2.579721022701593103e-05 -2.334472174972261851e-05 -2.080158934745396268e-05 -1.823571259541016364e-05 -1.583634057061475523e-05 -1.378295927380845819e-05 -1.215954580850644391e-05 -1.093370682054451067e-05 -9.990257648811351243e-06 -9.190508132455097031e-06 -8.426470044595138785e-06 -7.649696949493113411e-06 -6.869640319620547014e-06 -6.129955550115813628e-06 -5.477654830320061486e-06 -4.939153085247021953e-06 -4.511069667045054606e-06 -4.165824294134078779e-06 -3.866204162545696735e-06 -3.580824919193661757e-06 -3.293947477995376459e-06 -3.006891110024085068e-06 -2.732298200679100523e-06 -2.485150207912502081e-06 -2.274900653456397189e-06 -2.101704514104904815e-06 -1.957423325506011876e-06 -1.829977639260193425e-06 -1.708548060721858087e-06 -1.587280489133055201e-06 -1.466243130172926439e-06 -1.349772886057110650e-06 -1.243398469163778355e-06 -1.150897481043750029e-06 -1.072685854837919562e-06 -1.005961095630952716e-06 -9.462104620985163727e-07 -8.891982351807450235e-07 -8.324944087345042108e-07 -7.760483927007815464e-07 -7.214212171223009480e-07 -6.716290577411702467e-07 -6.258683345658040562e-07 -5.935995025588066025e-07 -5.585373083695473983e-07 -4.899077354354061297e-07 -4.430379776462707291e-07 -5.196493180621339286e-07
-2.909024576024652919e+00 -6.545668641795647780e-01 -3.842645912037632727e-01 -2.644620997312639443e-01 -3.651999483080118902e-01 -7.410277614258367063e-01 -1.572816243638977207e+00 -3.086060665420276461e+00 -6.150935304368474021e+00 -9.864536537209673384e+00 -2.605229622911349452e+01 -6.146303737314910087e+00 -2.473774351985046849e+02 7.529612966017657527e+02 -5.620847013716343099e+03 2.323940441528115116e+04 -5.089398184884914372e+03 6.781778749197834486e+02 -1.770603219671195063e+02 6.590537462590662976e+00 -1.121397694986601223e+01 -2.446436781386402082e+00 -1.458346117601426517e+00 -5.233452719861962921e-01 -2.078785892209938646e-01 -6.869703294322035414e-02 -2.236378353034148073e-02 -9.524801037697002912e-03 -7.842445475710767624e-03 -8.105116378708452501e-03 -7.669129256203708646e-03 -6.353092250784714463e-03 -4.680383909884304819e-03 -3.142826743822069516e-03 -1.995016212108543033e-03 -1.273400379864829965e-03 -8.874208837506706096e-04 -7.070961038578286355e-04 -6.198840525758319425e-04 -5.544883999645644056e-04 -4.804860326461998375e-04 -3.956673895659350033e-04 -3.107790935835691849e-04 -2.376521900683102736e-04 -1.829139040241309062e-04 -1.467202736626789484e-04 -1.246547288029647310e-04 -1.106879932166992940e-04 -9.966612723225305780e-05 -8.859401309810720627e-05 -7.669427440857905177e-05 -6.467581325843914809e-05 -5.375478525735574969e-05 -4.487081402127045661e-05 -3.831065776051100641e-05 -3.373168122845985863e-05 -3.043740775990139217e-05 -2.771206801444289192e-05 -2.506612869331755543e-05 -2.232415099259312525e-05 -1.956873909258087854e-05 -1.700506219706978452e-05 -1.482104556223981870e-05 -1.309880893289139763e-05 -1.179640042534753465e-05 -1.078680428340429409e-05 -9.922374734854823219e-06 -9.091730670713242611e-06 -8.248257879931945107e-06 -7.405966508575945096e-06 -6.612741162994406773e-06 -5.917336857909863575e-06 -5.344903163218016112e-06 -4.888757963114503369e-06 -4.517686421466895298e-06 -4.192031008314213318e-06 -3.879853505709110691e-06 -3.566486585838181885e-06 -3.255024122506609357e-06 -2.959541377504435075e-06 -2.695430624077055199e-06 -2.471448783833240072e-06 -2.286382986418930791e-06 -2.130723143782754982e-06 -1.991573703904069735e-06 -1.858075557555237511e-06 -1.724952617344840839e-06 -1.593065331534606500e-06 -1.467328474792889616e-06 -1.353374853920700650e-06 -1.254610207089588020e-06 -1.170816388192633316e-06 -1.098598690348451424e-06 -1.033123506257882187e-06 -9.702445317260773932e-07 -9.076996784247149244e-07 -8.465748241521153834e-07 -7.860875328308974601e-07 -7.385717363666058912e-07 -6.894331910736966655e-07 -5.999846705266182268e-07 -5.656870195914870952e-07 -5.053134476804103699e-07 -6.001361889545101671e-07
-3.130420970369910183e+00 -7.435948625751168661e-01 -4.365559001609655709e-01 -2.397027631375410195e-01 -1.869033655787276649e-01 -2.850169560300152005e-01 -6.246547891701823563e-01 -1.386421162063059764e+00 -2.797620149406563339e+00 -5.712866037035261968e+00 -9.265907683426060970e+00 -2.508307891562434122e+01 -5.304114233099742393e+00 -2.442223089546649533e+02 7.505964589487367675e+02 -5.602978175610986909e+03 2.324060511395428694e+04 -5.103906844183027715e+03 6.802984518123447515e+02 -1.785005527191523242e+02 6.442066966218436441e+00 -1.141337314205521203e+01 -2.521316731313410830e+00 -1.498640563360106537e+00 -5.404309525244838097e-01 -2.149492657201070855e-01 -7.121681168633886561e-02 -2.320476473995792752e-02 -9.886368153202146694e-03 -8.151533379513074482e-03 -8.444014766648681725e-03 -8.005963758915877679e-03 -6.643407333731387622e-03 -4.901409182995032122e-03 -3.295416415656812151e-03 -2.094143622794810214e-03 -1.337844472661429019e-03 -9.329654453235085472e-04 -7.438346072843523291e-04 -6.525274410937309533e-04 -5.841427027674564844e-04 -5.066316951393574344e-04 -4.176155244401190229e-04 -3.283851901306297674e-04 -2.514116271113216888e-04 -1.937107433923800027e-04 -1.554911577296162121e-04 -1.321405853766340933e-04 -1.173359559520969553e-04 -1.056615507248364114e-04 -9.396212844582368538e-05 -8.140887479208592809e-05 -6.873453258678232985e-05 -5.720787953566516132e-05 -4.781237624877454309e-05 -4.085124297967472997e-05 -3.597067125530852900e-05 -3.244649300837223219e-05 -2.953252172015294086e-05 -2.671634674748577570e-05 -2.381122584624619428e-05 -2.089855592637029878e-05 -1.818793851163525227e-05 -1.587262910158513277e-05 -1.403782327433531242e-05 -1.264135669321566573e-05 -1.155337675727105104e-05 -1.062222632874417893e-05 -9.732725506113398220e-06 -8.835523394338568696e-06 -7.943168753059013710e-06 -7.103126235348002851e-06 -6.364346385199058896e-06 -5.752377800933237307e-06 -5.260845842200876140e-06 -4.858585937803295207e-06 -4.505679353406834873e-06 -4.169646119904345706e-06 -3.835096155870785080e-06 -3.504368084197362188e-06 -3.190910109846368822e-06 -2.909741649961890675e-06 -2.669546166559704113e-06 -2.469281628864317577e-06 -2.299716827526264885e-06 -2.148177548971416674e-06 -2.003840192756911908e-06 -1.861236571467999532e-06 -1.720865097557582975e-06 -1.587236305175387179e-06 -1.465675329642492043e-06 -1.359471846231165677e-06 -1.268479607919834202e-06 -1.189554826696208610e-06 -1.117909069307467766e-06 -1.050332853430996815e-06 -9.816123930330306966e-07 -9.230191337216643891e-07 -8.581396830294288312e-07 -7.470679076567253532e-07 -6.920304196763523356e-07 -6.422250008662191123e-07 -5.764262424537367105e-07 -6.872235106988479305e-07
-2.779929771750863310e+00 -7.086885530082470686e-01 -4.488024228806368199e-01 -2.648412646716677976e-01 -1.684099688801716233e-01 -1.430763075940259255e-01 -2.379645242325381105e-01 -5.470078104727347235e-01 -1.251282045373735885e+00 -2.577690156807808108e+00 -5.366885697690061185e+00 -8.781763006705491037e+00 -2.427930189081319767e+01 -4.602251750754716042e+00 -2.415070319306637998e+02 7.485027987970046297e+02 -5.587253901824696186e+03 2.324160574687250846e+04 -5.116832223645072190e+03 6.821854559910916578e+02 -1.798003184397820462e+02 6.304492556415908666e+00 -1.159602892234453719e+01 -2.590544810961993072e+00 -1.535997541892449414e+00 -5.563601015727086541e-01 -2.215682985323899068e-01 -7.358529824073985204e-02 -2.399587701737089865e-02 -1.022483053023804170e-02 -8.441132234426619238e-03 -8.764054829252866316e-03 -8.326591396509638865e-03 -6.921671403042669451e-03 -5.114424995672971382e-03 -3.442905124984524043e-03 -2.189790910744758307e-03 -1.399533423821090316e-03 -9.761057733273040011e-04 -7.785163155603619508e-04 -6.835859523145336632e-04 -6.127469472987676991e-04 -5.321896302063174392e-04 -4.392610901881923444e-04 -3.457754190037903115e-04 -2.649012360067276193e-04 -2.041389719785700343e-04 -1.638350564634435459e-04 -1.392233541027351491e-04 -1.236789046799536217e-04 -1.114821184025491593e-04 -9.926799993595247676e-05 -8.612252180308300120e-05 -7.279564587204240939e-05 -6.062658556926999213e-05 -5.067242818420549796e-05 -4.327978660532084742e-05 -3.809721779629061684e-05 -3.437025484541329090e-05 -3.130807400383106380e-05 -2.835797994745337312e-05 -2.530936280387402465e-05 -2.223906802954753924e-05 -1.936665010056401578e-05 -1.690107476909888444e-05 -1.494057935388060394e-05 -1.344824276597480561e-05 -1.229088603769279798e-05 -1.130773481962178016e-05 -1.037311053717192847e-05 -9.429771817328470542e-06 -8.487118289835765059e-06 -7.594083950742842249e-06 -6.803858902255885669e-06 -6.146501607863667769e-06 -5.618366239086362101e-06 -5.188330856577876436e-06 -4.814195453338110061e-06 -4.460108132220112668e-06 -4.107662542049323933e-06 -3.757581567578130878e-06 -3.423397932071359805e-06 -3.121486910516008920e-06 -2.862303512735149777e-06 -2.646129071360100027e-06 -2.464085273569829652e-06 -2.302850281828815774e-06 -2.150342887285891210e-06 -1.999807965362763765e-06 -1.850928379788979494e-06 -1.708103414142433353e-06 -1.577144100194975334e-06 -1.462165687568663505e-06 -1.363501645128499224e-06 -1.279188794095988925e-06 -1.201029209734267654e-06 -1.136736406945993910e-06 -1.063492987843935280e-06 -9.340613634014990254e-07 -8.632546263062114132e-07 -7.887104845474692453e-07 -7.330518307893417290e-07 -6.558999988990705583e-07 -7.824831480612947853e-07
-2.113954723296942451e+00 -5.824726372767649041e-01 -4.045090986755113249e-01 -2.740965244421803004e-01 -1.905445060173253102e-01 -1.314034462618496879e-01 -1.193264339837617621e-01 -2.073072529562980104e-01 -4.905886366700106804e-01 -1.147858654546538126e+00 -2.404060557970679302e+00 -5.086847519460854450e+00 -8.382600617035626200e+00 -2.360236817633917639e+01 -4.008987814160779095e+00 -2.391456265861266104e+02 7.466366585593023046e+02 -5.573309843926514077e+03 2.324244848468718192e+04 -5.128420098551223418e+03 6.838754143066353208e+02 -1.809792511269615432e+02 6.176731611979699998e+00 -1.176397903877237638e+01 -2.654735183707514157e+00 -1.570722424948847618e+00 -5.712371214387614859e-01 -2.277681954985826263e-01 -7.580891738834028004e-02 -2.473868768867743678e-02 -1.054316879898082975e-02 -8.715853748283836772e-03 -9.069779614183591174e-03 -8.634021805176811046e-03 -7.188879661117106822e-03 -5.318845331445631354e-03 -3.584020122281902313e-03 -2.280859051412777345e-03 -1.458041723750236373e-03 -1.017143499714943120e-03 -8.118918659147046548e-04 -7.138603805811689820e-04 -6.408307034868505891e-04 -5.572862135946853859e-04 -4.603902912353673941e-04 -3.625793164964666478e-04 -2.777937357385236276e-04 -2.140458628515504104e-04 -1.718002383436988915e-04 -1.460884972243721913e-04 -1.299331314630349204e-04 -1.172797598480674008e-04 -1.045518802127742592e-04 -9.077312377689786326e-05 -7.674428838209661360e-05 -6.390378570709500869e-05 -5.339566855419807217e-05 -4.560568986781336174e-05 -4.016838900438417112e-05 -3.627982374674491791e-05 -3.309118515200195113e-05 -3.000646657545442318e-05 -2.679781294846363392e-05 -2.354922670714132849e-05 -2.050119163500173361e-05 -1.788420776615283378e-05 -1.580877447669220835e-05 -1.423740460592253823e-05 -1.302614033584823826e-05 -1.199945247415547568e-05 -1.101941325870191284e-05 -1.002309217904110346e-05 -9.021278976268278519e-06 -8.068932115134014668e-06 -7.226122727854143057e-06 -6.527356193721006494e-06 -5.969435994225458032e-06 -5.518133217225194141e-06 -5.126438578281426407e-06 -4.754203531583429033e-06 -4.380822887579376637e-06 -4.007336707920180180e-06 -3.649408135477748311e-06 -3.326034271007053581e-06 -3.049507756188910324e-06 -2.820457739346866393e-06 -2.628921436624144889e-06 -2.459720255167079609e-06 -2.299022008601787826e-06 -2.139118584513031397e-06 -1.979762168431831443e-06 -1.826283579722858796e-06 -1.685428960344887475e-06 -1.563155030886098371e-06 -1.456466143802567162e-06 -1.375570228330967545e-06 -1.292705858876151607e-06 -1.150673755573812764e-06 -1.070941706596117516e-06 -9.831718922918348948e-07 -9.031376640936288208e-07 -8.375362857155557962e-07 -7.471160814608648105e-07 -8.884467115070234123e-07
-1.412481114057472675e+00 -4.237312634147906154e-01 -3.245825741456832003e-01 -2.523947078415009204e-01 -2.015548168110407878e-01 -1.515772533752581253e-01 -1.102191594984401057e-01 -1.032979557896131495e-01 -1.844372566622629328e-01 -4.470075096711056961e-01 -1.066125201307396964e+00 -2.263890397615919703e+00 -4.856038343832841164e+00 -8.048298046193655964e+00 -2.302467106255085483e+01 -3.501223165649326230e+00 -2.370730139807386934e+02 7.449632473482309933e+02 -5.560859775497578084e+03 2.324316490707621051e+04 -5.138867917242303520e+03 6.853975872208782221e+02 -1.820534960728163867e+02 6.057827984916333897e+00 -1.191892603807441908e+01 -2.714401678474553936e+00 -1.603070521742449683e+00 -5.851531761102510831e-01 -2.335834625330517611e-01 -7.790115428458513347e-02 -2.544065721322759030e-02 -1.084659104436076424e-02 -8.978987253953168296e-03 -9.362443553556859879e-03 -8.927897784395087688e-03 -7.443931106267275347e-03 -5.513706700202629547e-03 -3.718471049400440872e-03 -2.367800341916320109e-03 -1.514273363742726485e-03 -1.057007079264949637e-03 -8.445686994011610861e-04 -7.434989038866441236e-04 -6.681592412356178370e-04 -5.815122407692846756e-04 -4.806440003975313608e-04 -3.786341812106738336e-04 -2.901509980315140186e-04 -2.236450872769957070e-04 -1.796324590666316769e-04 -1.529075298751732574e-04 -1.361438269252393302e-04 -1.229848410536715049e-04 -1.096855714014812703e-04 -9.524191279008500433e-05 -8.052021300285907928e-05 -6.705168804240491652e-05 -5.604724311076890269e-05 -4.790921955929587265e-05 -4.224302700501605029e-05 -3.819236444260878461e-05 -3.485859298931196155e-05 -3.161609567309944449e-05 -2.823231628452187826e-05 -2.480487099149650848e-05 -2.159406581651115658e-05 -1.884519820448941844e-05 -1.667256704881857449e-05 -1.503182575330080887e-05 -1.376638509313779961e-05 -1.268854584522821006e-05 -1.165328616268690336e-05 -1.059709144513325346e-05 -9.535054031856094709e-06 -8.528028961798698543e-06 -7.640380541386804556e-06 -6.907535795347246105e-06 -6.323947938395557362e-06 -5.851285505590101206e-06 -5.438672352640903023e-06 -5.043830672203149183e-06 -4.646228829983665240e-06 -4.248614451705098473e-06 -3.868834374580296859e-06 -3.527410618701647442e-06 -3.236876056610157905e-06 -2.996874735063077265e-06 -2.795825867956434351e-06 -2.617076122692509886e-06 -2.446028292974901138e-06 -2.275173124923103878e-06 -2.104824430495848905e-06 -1.942348632007156832e-06 -1.791242840259250179e-06 -1.671350702711976614e-06 -1.558626400055902737e-06 -1.392011228152407528e-06 -1.302371856324657132e-06 -1.206525657539648939e-06 -1.118165828946794866e-06 -1.031036554850502811e-06 -9.572916172381927657e-07 -8.523478486159703081e-07 -1.008819348603226233e-06
-8.674521486433607320e-01 -2.828799201809980013e-01 -2.381549933235315719e-01 -2.086978739716447984e-01 -1.884993368541229009e-01 -1.613622440273102254e-01 -1.269015543165294968e-01 -9.478155250195578752e-02 -9.076466308452493803e-02 -1.665379126852212510e-01 -4.126642739968052753e-01 -1.000395699894391033e+00 -2.148778478602562547e+00 -4.662780158796100416e+00 -7.764359924786541356e+00 -2.252586784043965906e+01 -3.061831255237738691e+00 -2.352391612484919392e+02 7.434544040629310757e+02 -5.549675778710580744e+03 2.324377903222525492e+04 -5.148336094612828674e+03 6.867757286685221061e+02 -1.830364222902996403e+02 5.946951741482553011e+00 -1.206230882579175478e+01 -2.769990411743949998e+00 -1.633271119688815887e+00 -5.981976183257113888e-01 -2.390516754198338534e-01 -7.987692886439423656e-02 -2.610743709504069823e-02 -1.113648748441958304e-02 -9.229973257763724251e-03 -9.640916686415127237e-03 -9.207438272326291806e-03 -7.686842278175065601e-03 -5.699798489269784253e-03 -3.847457838199511843e-03 -2.451755587214932836e-03 -1.568951312220321715e-03 -1.095875922084150631e-03 -8.762889626562967143e-04 -7.720502703780565690e-04 -6.943416372982096595e-04 -6.046987618456458984e-04 -5.001034138730909694e-04 -3.941875912313829691e-04 -3.022524997681374972e-04 -2.331300475093668416e-04 -1.873824455869613063e-04 -1.596028532029789785e-04 -1.421687662361136462e-04 -1.284665287539944322e-04 -1.146039758270181355e-04 -9.954444478285004439e-05 -8.419738546414726199e-05 -7.016036213616730496e-05 -5.869277464454081424e-05 -5.020934776094762250e-05 -4.429519842084870970e-05 -4.005725602459180571e-05 -3.656159110959444322e-05 -3.316067040031220298e-05 -2.961627902919361283e-05 -2.603218199603724646e-05 -2.267897099860835693e-05 -1.980958201940569589e-05 -1.753994265212111440e-05 -1.582168919910711659e-05 -1.449136353216583563e-05 -1.335482860033702002e-05 -1.226325567899304567e-05 -1.115243040816562493e-05 -1.003887636011045939e-05 -8.985421394756922911e-06 -8.057605794442459726e-06 -7.290670420066657454e-06 -6.677767042851448024e-06 -6.178870580605558934e-06 -5.741759979442327813e-06 -5.323567402220126356e-06 -4.903889317510211849e-06 -4.485962259641975070e-06 -4.088048033648087500e-06 -3.730722559844675558e-06 -3.426175497326633972e-06 -3.173494549522238807e-06 -2.960574099524474158e-06 -2.770556627565392052e-06 -2.588621960732727245e-06 -2.408659242947045171e-06 -2.226964880639539202e-06 -2.066095852778585267e-06 -1.906925127871494936e-06 -1.691755106637463693e-06 -1.570771365027851559e-06 -1.454804350610971993e-06 -1.355557037649241961e-06 -1.262289512992812862e-06 -1.170748813991304264e-06 -1.091195972300380148e-06 -9.725151145116919550e-07 -1.147041010342403425e-06
-5.522953565750038374e-01 -1.867020135035299955e-01 -1.669901068444038517e-01 -1.585699209525050779e-01 -1.573352991950145441e-01 -1.506440016363274625e-01 -1.342436161069943956e-01 -1.085615429998681158e-01 -8.280897614584646627e-02 -8.107267390331955592e-02 -1.526748873236610793e-01 -3.853272938205605236e-01 -9.466240628385953482e-01 -2.052629251266952171e+00 -4.498577598601787741e+00 -7.520178793734645595e+00 -2.209080318229565876e+01 -2.677993014934464178e+00 -2.336050408580689748e+02 7.420871051064616495e+02 -5.539574077287667933e+03 2.324430943464066513e+04 -5.156956270849233988e+03 6.880293375169983392e+02 -1.839391996202069492e+02 5.843365341150595249e+00 -1.219536814271159386e+01 -2.821901002954624538e+00 -1.661532852224384404e+00 -6.104527219938942206e-01 -2.442050679314148598e-01 -8.174585369470771523e-02 -2.674011359463792856e-02 -1.141156174948950233e-02 -9.467808695641077160e-03 -9.905342306319070075e-03 -9.473824962972677774e-03 -7.919279449160324807e-03 -5.878652229626191161e-03 -3.971949704304506001e-03 -2.533007642430129373e-03 -1.621822233138844362e-03 -1.133260597535728446e-03 -9.066269304392375952e-04 -7.993386012674688883e-04 -7.194823879946302602e-04 -6.271341875876620953e-04 -5.190887465919913693e-04 -4.094598331732171429e-04 -3.141568188646700331e-04 -2.424153787865247723e-04 -1.948931716993349992e-04 -1.660308827596823904e-04 -1.479379893436701967e-04 -1.337444267285452259e-04 -1.193909534352707234e-04 -1.037815964108046283e-04 -8.784882156766152077e-05 -7.325071752664633962e-05 -6.130342955714886295e-05 -5.245018893922751170e-05 -4.627149098945803235e-05 -4.184622231801267834e-05 -3.820465708863763336e-05 -3.466966411229914632e-05 -3.098720602538295176e-05 -2.725940266960639988e-05 -2.376464385469080314e-05 -2.076645950311004852e-05 -1.838859759150414115e-05 -1.658491124378835182e-05 -1.518869732611987442e-05 -1.399931342063700936e-05 -1.286103917875512374e-05 -1.170470205158533350e-05 -1.054485538773089170e-05 -9.445079677632786414e-06 -8.473225020439798305e-06 -7.666971165521769689e-06 -7.020923474870513767e-06 -6.495048276047974109e-06 -6.035842557495663338e-06 -5.598518459116251880e-06 -5.160868058798130313e-06 -4.725009724370729156e-06 -4.308984425290328477e-06 -3.933893623434779461e-06 -3.612781715957263495e-06 -3.345569912858800682e-06 -3.120220937359413266e-06 -2.920975547280746094e-06 -2.727800525168509217e-06 -2.550308772487675848e-06 -2.359666798768857402e-06 -2.093783694522397093e-06 -1.924192836609992462e-06 -1.763169036929672051e-06 -1.630807176249286352e-06 -1.516981298799576198e-06 -1.416084027506833872e-06 -1.319807232913417912e-06 -1.236826433240248213e-06 -1.106438819710711892e-06 -1.304837072379911214e-06
-4.408346724375644121e-01 -1.382292197564823355e-01 -1.203004649930549119e-01 -1.147199745535906340e-01 -1.197840459181406664e-01 -1.248399168399373649e-01 -1.243854778420528245e-01 -1.143993043294458112e-01 -9.489484329692481068e-02 -7.390582744882805144e-02 -7.384216657836309428e-02 -1.418632417809905788e-01 -3.630890538100131626e-01 -9.017500014628109239e-01 -1.971033745330724507e+00 -4.357298229999442718e+00 -7.307980175083552687e+00 -2.170804268755062338e+01 -2.339939508272607771e+00 -2.321397183393227124e+02 7.408424127669575228e+02 -5.530404800292973050e+03 2.324477067978770719e+04 -5.164837492632218527e+03 6.891745515692310846e+02 -1.847712522869069005e+02 5.746401263340763954e+00 -1.231918221476223252e+01 -2.870487187858351330e+00 -1.688037678539580311e+00 -6.219872274989743932e-01 -2.490679102494300912e-01 -8.351372490845047902e-02 -2.733914620631648293e-02 -1.167197842361870040e-02 -9.693713434754298169e-03 -1.015769468448160170e-02 -9.729029126745069450e-03 -8.142607537133136203e-03 -6.050809481091395763e-03 -4.091811093387208442e-03 -2.611092167043367173e-03 -1.672451910307874148e-03 -1.168985507352450623e-03 -9.357120473159531325e-04 -8.256958673572095892e-04 -7.439474113886825708e-04 -6.490713649390045595e-04 -5.376709992428947748e-04 -4.243603876859292404e-04 -3.256930293875609072e-04 -2.513448040378278244e-04 -2.020898933555026879e-04 -1.722158248442135788e-04 -1.535462553830157161e-04 -1.389313401973084631e-04 -1.241277741214943367e-04 -1.079766022328928517e-04 -9.144272461323547235e-05 -7.626129295289228499e-05 -6.382078521916320505e-05 -5.460127511551608341e-05 -4.817758485582024380e-05 -4.359232962686052776e-05 -3.982943306088058673e-05 -3.617425850880935954e-05 -3.235465357472805864e-05 -2.847447200557834209e-05 -2.482658182434709605e-05 -2.169171311496902868e-05 -1.920519102047459127e-05 -1.732289334360529554e-05 -1.587149110090558569e-05 -1.463925567035619862e-05 -1.345996285786108028e-05 -1.225823692760172249e-05 -1.104794344008208571e-05 -9.896279143219527071e-06 -8.876377473440633491e-06 -8.030153414755384400e-06 -7.353702610138000662e-06 -6.805520433434941471e-06 -6.328722619792490867e-06 -5.874869179457225391e-06 -5.419276463614889803e-06 -4.963473754602995424e-06 -4.526591281851475660e-06 -4.131765043582964831e-06 -3.793531673388356761e-06 -3.514048993692838961e-06 -3.275923340007705261e-06 -3.080051213178263915e-06 -2.878252700814451807e-06 -2.587190466155939948e-06 -2.385114733782230497e-06 -2.177410688444743458e-06 -1.993922182649017268e-06 -1.833884249519994865e-06 -1.698290331056027926e-06 -1.582692108696381431e-06 -1.478081118399655334e-06 -1.391800379961745727e-06 -1.251445032904456570e-06 -1.481310565002268995e-06
-4.530583484329291366e-01 -1.245974038641814441e-01 -9.642304438128580790e-02 -8.349780182636734605e-02 -8.596585131094491850e-02 -9.396554415951284545e-02 -1.023169889341403599e-01 -1.057135854273055231e-01 -1.000967911201869343e-01 -8.493522567053646277e-02 -6.732296228718616382e-02 -6.828331550708612030e-02 -1.330935145073169068e-01 -3.445171198232297449e-01 -8.636575292655570557e-01 -1.900917425743838374e+00 -4.234507009515343867e+00 -7.121949855818942687e+00 -2.136875164416896666e+01 -2.040038470324248010e+00 -2.308183083992476554e+02 7.397046329870210002e+02 -5.522044513175349493e+03 2.324517430123342274e+04 -5.172070882998062189e+03 6.902248274915290267e+02 -1.855405906931363802e+02 5.655461790403730760e+00 -1.243468356397037944e+01 -2.916055209663289016e+00 -1.712941052195649627e+00 -6.328591413354491824e-01 -2.536613741673865441e-01 -8.518730115101154354e-02 -2.790735555606493543e-02 -1.191994346823055557e-02 -9.909774283483541862e-03 -1.039957549425917296e-02 -9.973878727280399356e-03 -8.356933052656733557e-03 -6.215968318809841908e-03 -4.206705100554265254e-03 -2.685897808133923519e-03 -1.721025388540189981e-03 -1.203437342312310351e-03 -9.639589662883065336e-04 -8.514088469370308197e-04 -7.678221629736900261e-04 -6.704173415201215109e-04 -5.556681084821533207e-04 -4.387226296732323430e-04 -3.367834528447351304e-04 -2.599486222221302368e-04 -2.090795274793605732e-04 -1.782834547910545073e-04 -1.590838425057164451e-04 -1.440532344632678634e-04 -1.287797601143802464e-04 -1.120623060688356935e-04 -9.491551151550643326e-05 -7.915939108653849844e-05 -6.625185948487523834e-05 -5.669953818183130794e-05 -5.005957109499293401e-05 -4.532994206543395521e-05 -4.144640447074127881e-05 -3.766120427631376407e-05 -3.369180920504276258e-05 -2.965111955633082985e-05 -2.585041787227703176e-05 -2.258715117624393305e-05 -2.000429967609588597e-05 -1.805466263419945074e-05 -1.655437547520585646e-05 -1.527938254103175343e-05 -1.405448688975305469e-05 -1.280132266520558262e-05 -1.153633381874775777e-05 -1.033225904679317186e-05 -9.267495989515922214e-06 -8.386548376540127735e-06 -7.684689566127688457e-06 -7.117063607935572269e-06 -6.622701801839128646e-06 -6.150120854494614981e-06 -5.673610631139356725e-06 -5.195759244715295021e-06 -4.737472757816180750e-06 -4.325423827955484771e-06 -3.969749809017848708e-06 -3.691688093700050347e-06 -3.443639129994699914e-06 -3.125202122564501747e-06 -2.912157993538771636e-06 -2.685193949117820275e-06 -2.467854287926088649e-06 -2.260204166815494153e-06 -2.071739403263841763e-06 -1.907752222540462375e-06 -1.769191998029174485e-06 -1.649131208771347733e-06 -1.555967302447607344e-06 -1.405057829027074689e-06 -1.673353947199364301e-06
-5.015572642471053388e-01 -1.272901955018768128e-01 -8.758055702750011662e-02 -6.526679556382175562e-02 -6.140096556860933502e-02 -6.651465278018110772e-02 -7.655301115064316875e-02 -8.684877829392241566e-02 -9.256264083169336854e-02 -8.968925128010973857e-02 -7.741789759454767439e-02 -6.214530630862877963e-02 -6.372120328732816530e-02 -1.257285836331042683e-01 -3.287463734726113196e-01 -8.309555956327929760e-01 -1.840087481811263359e+00 -4.126866611294051523e+00 -6.957583004010275296e+00 -2.106594191775597125e+01 -1.772220718782266502e+00 -2.296205716532986401e+02 7.386606294984197802e+02 -5.514390658734170756e+03 2.324552951230358667e+04 -5.178733182701196711e+03 6.911914804862323081e+02 -1.862540574039527996e+02 5.570020177502780889e+00 -1.254267839913708649e+01 -2.958871818877454096e+00 -1.736379997410000486e+00 -6.431219767137120735e-01 -2.580071569419212785e-01 -8.677498322441065670e-02 -2.844837673881105491e-02 -1.215722043103398611e-02 -1.011679103069131058e-02 -1.063116824984059079e-02 -1.020824738890306789e-02 -8.562127955697216783e-03 -6.374212616432919226e-03 -4.316977306329770198e-03 -2.757931257991362139e-03 -1.768037285616442036e-03 -1.236946587802503989e-03 -9.914677221575449173e-04 -8.763803882742397539e-04 -7.909133316928984841e-04 -6.909972845598000377e-04 -5.730029985342851781e-04 -4.525867159723065544e-04 -3.475502839984833856e-04 -2.683676597954507922e-04 -2.159624211354784222e-04 -1.842627766939076268e-04 -1.645130992766000990e-04 -1.490370790275474756e-04 -1.332781082718948341e-04 -1.160039207358845424e-04 -9.827584682236333393e-05 -8.198619229268543421e-05 -6.864753896317910811e-05 -5.878275402314244092e-05 -5.192894908273638005e-05 -4.704458888189292092e-05 -4.302635892242950849e-05 -3.910199760350982750e-05 -3.498325467244045800e-05 -3.079160279736652383e-05 -2.685229050667160865e-05 -2.347367224145728749e-05 -2.080193216222411839e-05 -1.878537050937110909e-05 -1.723130185454737793e-05 -1.590695231889698879e-05 -1.463181758480591847e-05 -1.332670230655707443e-05 -1.201061520141092048e-05 -1.076001056139948274e-05 -9.655986084203462699e-06 -8.743552983843473544e-06 -8.016386915116957559e-06 -7.426955273120096632e-06 -6.911805015915336545e-06 -6.418222543078685075e-06 -5.920231075579475405e-06 -5.423098097306694524e-06 -4.943127300995491227e-06 -4.528713916713358042e-06 -4.158725266797618372e-06 -3.745776085909445889e-06 -3.485052000459382222e-06 -3.236929418164354535e-06 -3.008433090241305961e-06 -2.782245809514917535e-06 -2.559297411995092433e-06 -2.346343178397098382e-06 -2.152461557453336615e-06 -1.984446953745905230e-06 -1.840348076668328365e-06 -1.733058780623711179e-06 -1.567229471704503639e-06 -1.877563637729160210e-06
-5.236381413759665371e-01 -1.305149340579124240e-01 -8.484725002633869417e-02 -5.663501361321995192e-02 -4.696371546167812938e-02 -4.699737573809533581e-02 -5.406075649583007292e-02 -6.501713273640631618e-02 -7.608242377930868328e-02 -8.289781697542683570e-02 -8.165080938672966693e-02 -7.136191565671964887e-02 -5.783693499877168992e-02 -5.986862022696735897e-02 -1.194871443367716279e-01 -3.152525583812821885e-01 -8.026397600137765709e-01 -1.786857955721347535e+00 -4.031755530055637138e+00 -6.811310678232566751e+00 -2.079402223692434859e+01 -1.531627312801278062e+00 -2.285299059296109476e+02 7.376993085238335652e+02 -5.507357325764676716e+03 2.324584375018887658e+04 -5.184889469325376012e+03 6.920841032491071019e+02 -1.869175278021038480e+02 5.489610443537173978e+00 -1.264387122507801564e+01 -2.999175229885792771e+00 -1.758479240932833587e+00 -6.528261837497786324e-01 -2.621259650891962223e-01 -8.828409001837615733e-02 -2.896427610929986490e-02 -1.238398842471473242e-02 -1.031451217259953500e-02 -1.085239522390278773e-02 -1.043242607514933452e-02 -8.758805481748782942e-03 -6.526295218039638961e-03 -4.423302643925858431e-03 -2.827627543910269346e-03 -1.813629259706833708e-03 -1.269418258319747342e-03 -1.018031806245705802e-03 -9.004251540204368659e-04 -8.131450489454402925e-04 -7.108646438597537778e-04 -5.898178296604102188e-04 -4.661128065060329904e-04 -3.581068336740977085e-04 -2.766353041522406756e-04 -2.226981614065658350e-04 -1.900745970189534088e-04 -1.697597483642699528e-04 -1.538460562675662260e-04 -1.376335170151482654e-04 -1.198474327056724061e-04 -1.015799379472009028e-04 -8.478323034553450770e-05 -7.102046021612240740e-05 -6.083518170939632537e-05 -5.375398680930770816e-05 -4.870544054738865791e-05 -4.455281907087955105e-05 -4.049942523528426752e-05 -3.624682044066354571e-05 -3.191881848946749497e-05 -2.784966696146293680e-05 -2.435687031746425061e-05 -2.159149931186610179e-05 -1.950119350493694962e-05 -1.788844804879484844e-05 -1.651420120957375708e-05 -1.519272215399484658e-05 -1.384207026261042098e-05 -1.248105771902499538e-05 -1.118757923517205060e-05 -1.004455605293109564e-05 -9.098205795299243545e-06 -8.342324597489928005e-06 -7.728669327542302277e-06 -7.192142261370787001e-06 -6.680562808385739455e-06 -6.160821133912188264e-06 -5.660474676642551032e-06 -5.162238248828228960e-06 -4.598294067931353654e-06 -4.211133675965902672e-06 -3.872168089293628769e-06 -3.594177676798145330e-06 -3.347588939026301793e-06 -3.114094281069009335e-06 -2.882784695879272101e-06 -2.653776464776859730e-06 -2.434612607233877703e-06 -2.235733160629399317e-06 -2.060951759356615128e-06 -1.930754302519549935e-06 -1.741981610221387733e-06 -2.093042412654579248e-06
-4.941128469518057398e-01 -1.255552158662840978e-01 -8.160625398719842383e-02 -5.300887358563292212e-02 -4.037620391856513308e-02 -3.596617170976153938e-02 -3.834419643173816311e-02 -4.602715478475525451e-02 -5.695658142420899350e-02 -6.801805763836436813e-02 -7.528679315864833521e-02 -7.510695265305530888e-02 -6.633301561980867178e-02 -5.423137926737503500e-02 -5.664240074160789562e-02 -1.141956135892333440e-01 -3.036153604827918073e-01 -7.778947626481604871e-01 -1.739882504878362601e+00 -3.947096097096940426e+00 -6.680299522263751122e+00 -2.054849756849890596e+01 -1.314343529202737892e+00 -2.275325683822208305e+02 7.368112467832793300e+02 -5.500871990632214874e+03 2.324612308213894357e+04 -5.190595286764446428e+03 6.929108810419828615e+02 -1.875360797002611264e+02 5.413813799810655247e+00 -1.273888425417782422e+01 -3.037179951055123617e+00 -1.779351234462572373e+00 -6.620167086224471031e-01 -2.660350907181687208e-01 -8.971967395617277963e-02 -2.945585197687914866e-02 -1.260014469326966279e-02 -1.050316066412114099e-02 -1.106399311189780292e-02 -1.064742628418993524e-02 -8.947920334824251490e-03 -6.672871472245927617e-03 -4.525955385245443094e-03 -2.894948143703694830e-03 -1.857605319497391888e-03 -1.300662215350665857e-03 -1.043575587116708477e-03 -9.236091009010890650e-04 -8.346812106051401930e-04 -7.302027177171853791e-04 -6.062431373107025380e-04 -4.793420548256759062e-04 -3.684118913611246883e-04 -2.846669381432801707e-04 -2.292070803823997003e-04 -1.956800562563818196e-04 -1.748367352444865142e-04 -1.585314324734159966e-04 -1.419080965590260716e-04 -1.236386278703065797e-04 -1.048418398936233538e-04 -8.753355313505047542e-05 -7.333629262881632407e-05 -6.282356695037467312e-05 -5.551712006118309948e-05 -5.031588751556837033e-05 -4.604545548800270644e-05 -4.187854304600667574e-05 -3.750154773422263472e-05 -3.303884358519628333e-05 -2.883538998276366665e-05 -2.522177873358777428e-05 -2.235809597815225998e-05 -2.019384256531276504e-05 -1.852678434377705264e-05 -1.710958046123501502e-05 -1.574839322458395960e-05 -1.435616001447579692e-05 -1.295058486170474938e-05 -1.161174756320009035e-05 -1.042621094876130699e-05 -9.443479955668981232e-06 -8.658352008805241562e-06 -8.023764001814026944e-06 -7.465596806308290130e-06 -6.953325960732077159e-06 -6.415527120526175111e-06 -5.753399219964560113e-06 -5.233940071132027205e-06 -4.746139715709924928e-06 -4.336839139941626538e-06 -3.997369410962638377e-06 -3.713418167729050823e-06 -3.461934332754535542e-06 -3.222871395748456296e-06 -2.985485132219832477e-06 -2.749953425885338597e-06 -2.525204947998917210e-06 -2.318412555932164864e-06 -2.158597038784410129e-06 -1.937336132080678466e-06 -2.323770236796896767e-06
-4.204154705271121450e-01 -1.111874842228529753e-01 -7.488984668915038556e-02 -5.052831821056846112e-02 -3.811925646707598619e-02 -3.133797082659497968e-02 -2.961391134629223071e-02 -3.274091421407414326e-02 -4.026210992846163822e-02 -5.075727565843886346e-02 -6.157692089492662613e-02 -6.908707958707363539e-02 -6.972172489072930857e-02 -6.217484531091207328e-02 -5.124492830821396339e-02 -5.394365258409514891e-02 -1.096602256620285015e-01 -2.934616986297333696e-01 -7.560653484421481219e-01 -1.698108403107098319e+00 -3.871256489308976700e+00 -6.562294608499109394e+00 -2.032571849431101896e+01 -1.117173157142411721e+00 -2.266170709633384490e+02 7.359884022430030655e+02 -5.494873001075884531e+03 2.324637249732115379e+04 -5.195898334538171184e+03 6.936788345290372035e+02 -1.881141286566906956e+02 5.342251992167809327e+00 -1.282826770092214375e+01 -3.073076808353556011e+00 -1.799094953466366942e+00 -6.707322334565081201e-01 -2.697489678618371078e-01 -9.108603839973573868e-02 -2.992433960185260020e-02 -1.280648770789693039e-02 -1.068375652008328111e-02 -1.126706173175338541e-02 -1.085413087762493976e-02 -9.129966683747426509e-03 -6.814063130061220018e-03 -4.624833014467817638e-03 -2.959748980768735216e-03 -1.899913731252880983e-03 -1.330764101297612564e-03 -1.068285155734662994e-03 -9.461384045944545244e-04 -8.556708567894655455e-04 -7.490631239402353609e-04 -6.222400203187383695e-04 -4.921870529131995879e-04 -3.783821937080353672e-04 -2.924227137605742177e-04 -2.355049840393517264e-04 -2.011361477369424781e-04 -1.798124868350102446e-04 -1.631436276451149784e-04 -1.461176148786259854e-04 -1.273595125083883605e-04 -1.080246840854418792e-04 -9.020149300096363325e-05 -7.557641452318450469e-05 -6.475199086597495401e-05 -5.724000048526184918e-05 -5.190330206256588575e-05 -4.752500956105779316e-05 -4.324597399587482200e-05 -3.873970839000423136e-05 -3.413552376788271409e-05 -2.979342229521924446e-05 -2.605956076707588399e-05 -2.310291316803275035e-05 -2.087257581531505888e-05 -1.915848660873817582e-05 -1.770255916152947110e-05 -1.630198910024780013e-05 -1.486548864690261516e-05 -1.341164983863698508e-05 -1.202496052867562908e-05 -1.079652501471686112e-05 -9.781112378759889401e-06 -8.966565485790126621e-06 -8.329686010476912501e-06 -7.753852521317393864e-06 -7.070339207802811385e-06 -6.511391755078700249e-06 -5.930763249597404737e-06 -5.384720621071016547e-06 -4.892610479504962892e-06 -4.473401794233929924e-06 -4.126469472459114319e-06 -3.835918206294807446e-06 -3.578421070467432062e-06 -3.333318597181884165e-06 -3.089508992597311784e-06 -2.848294539252692478e-06 -2.614819562250695028e-06 -2.424281467893254292e-06 -2.163033691036332005e-06 -2.579063247729434056e-06
-3.281817689640372238e-01 -9.129113761377248559e-02 -6.495686330322472668e-02 -4.700177867431222511e-02 -3.700642557393377108e-02 -3.005439063032723859e-02 -2.598836451456949456e-02 -2.528051800926046921e-02 -2.851807735488295914e-02 -3.570550212583326055e-02 -4.577851307825989147e-02 -5.636887543903590370e-02 -6.404170124617382387e-02 -6.530342282385419306e-02 -5.873017241234696623e-02 -4.874003376700264401e-02 -5.163468743895240770e-02 -1.057028422695364400e-01 -2.845054163827787641e-01 -7.366602051616975011e-01 -1.660726412927823636e+00 -3.802943563073783562e+00 -6.455470283821729716e+00 -2.012267586334643354e+01 -9.374680723892327983e-01 -2.257737292932525293e+02 7.352238700210623392e+02 -5.489307618212019406e+03 2.324659612238586124e+04 -5.200839810322359881e+03 6.943940180974943814e+02 -1.886555311461658277e+02 5.274585988968301109e+00 -1.291250697844210471e+01 -3.107034464186833489e+00 -1.817797803795276890e+00 -6.790073320219193187e-01 -2.732812315093872124e-01 -9.238808510764004445e-02 -3.037176368125124593e-02 -1.300420835159563082e-02 -1.085717603553716312e-02 -1.146218389853156071e-02 -1.105282203299948370e-02 -9.305012614362374868e-03 -6.949867967670941837e-03 -4.719986522449971973e-03 -3.022185242940559312e-03 -1.940786854865584688e-03 -1.359960508427249422e-03 -1.092328137125509564e-03 -9.680738370554126809e-04 -8.760774425465165305e-04 -7.673574539212655709e-04 -6.377244130828195728e-04 -5.046098347625317150e-04 -3.880387280481546958e-04 -2.999668988248175064e-04 -2.416674649166796330e-04 -2.064982894296681125e-04 -1.847045888334112554e-04 -1.676636253932658170e-04 -1.502227032150003222e-04 -1.309721076480844897e-04 -1.111089604825286426e-04 -9.279203340269597574e-05 -7.776467484154304878e-05 -6.665032439684617099e-05 -5.894519083328717327e-05 -5.347490558497905168e-05 -4.898317881104685619e-05 -4.458434432010556828e-05 -3.994410361932622269e-05 -3.519947036351109970e-05 -3.072520377088080594e-05 -2.688033358343187024e-05 -2.383916796583294352e-05 -2.154764280897181490e-05 -1.978696817071243770e-05 -1.828938427898149996e-05 -1.684539105019328364e-05 -1.536195183458229029e-05 -1.385954062197305017e-05 -1.242914297806531300e-05 -1.115781824183928992e-05 -1.012987345138886407e-05 -9.290261833668505244e-06 -8.468024256267488737e-06 -7.871290744459530424e-06 -7.278239850846825816e-06 -6.692333713533818873e-06 -6.106474374418693790e-06 -5.547058016353163576e-06 -5.043152379176558511e-06 -4.613357483563686649e-06 -4.257746227710957096e-06 -3.960003553044786723e-06 -3.696157386315856546e-06 -3.444790663423865181e-06 -3.195587714016911075e-06 -2.945279591329277036e-06 -2.729916415568643123e-06 -2.426654760992526311e-06 -2.871267331515995651e-06
-2.450134165496851424e-01 -7.147042211663975908e-02 -5.387881131091347420e-02 -4.193266392167330214e-02 -3.505835541855171350e-02 -2.942938815568334893e-02 -2.490634881057901193e-02 -2.206383531278227964e-02 -2.186640764038164791e-02 -2.513887146569718581e-02 -3.207782563918053914e-02 -4.181318786518353758e-02 -5.217905716185047144e-02 -5.991745757005077777e-02 -6.162573735489262905e-02 -5.580992839766812930e-02 -4.657828938329851287e-02 -4.961274804537366134e-02 -1.022107740550429328e-01 -2.765523892816358908e-01 -7.193112274248933957e-01 -1.627094616518461878e+00 -3.741102166981593591e+00 -6.358317703330944148e+00 -1.993685890643099867e+01 -7.730168189244168708e-01 -2.249943281869976488e+02 7.345116813375608444e+02 -5.484130467120548929e+03 2.324679739262231669e+04 -5.205455479744157856e+03 6.950616837230252258e+02 -1.891636672006681579e+02 5.210513016445508683e+00 -1.299203192257596839e+01 -3.139203801984620235e+00 -1.835538972033860183e+00 -6.868743407820820934e-01 -2.766452385400130498e-01 -9.363078405445242336e-02 -3.079990638577476125e-02 -1.319392452686962355e-02 -1.102363982098209308e-02 -1.164947150732066963e-02 -1.124363670703809777e-02 -9.473283479431838724e-03 -7.080601605488366646e-03 -4.811770050995561876e-03 -3.082571713956571910e-03 -1.980433443795877411e-03 -1.388327539573033786e-03 -1.115669230694377569e-03 -9.893238560303287219e-04 -8.958158430891669487e-04 -7.850515919844362322e-04 -6.527257228658647640e-04 -5.166852458032287002e-04 -3.974667781564720581e-04 -3.073613637455456472e-04 -2.477144616197600024e-04 -2.117464329578129544e-04 -1.894710034981799383e-04 -1.720510689660493392e-04 -1.542030970887612392e-04 -1.344825980748988003e-04 -1.141210755252264000e-04 -9.533785831446664580e-05 -7.992565973071888506e-05 -6.852646562830568878e-05 -6.062380207701159113e-05 -5.501205617338985438e-05 -5.040156731853006537e-05 -4.588371890017017520e-05 -4.111647057255174762e-05 -3.624173263978466267e-05 -3.164506443123941628e-05 -2.769517628116839207e-05 -2.457054632896644170e-05 -2.221501138426059616e-05 -2.040351665036671912e-05 -1.886138386369437894e-05 -1.737359577479800001e-05 -1.584767848720620965e-05 -1.429681576010333257e-05 -1.284445311806655560e-05 -1.153507652288495468e-05 -1.029853303528809055e-05 -9.430566703060757664e-06 -8.704024413143271761e-06 -8.080101382588721014e-06 -7.484167476502617946e-06 -6.885500971320567034e-06 -6.286354110023286040e-06 -5.712855197367644458e-06 -5.195862761093541664e-06 -4.754849438581438742e-06 -4.390122228266770765e-06 -4.085000882111690063e-06 -3.814668103130147988e-06 -3.558259729889419552e-06 -3.299929022201439664e-06 -3.070401779458900917e-06 -2.729847434144162055e-06 -3.211149105758123486e-06
-1.887877942389973862e-01 -5.619095211773560139e-02 -4.398144480762194303e-02 -3.596838953113951770e-02 -3.166708615986642272e-02 -2.787413237233256694e-02 -2.421883121873981762e-02 -2.097980245157846438e-02 -1.896300832641923187e-02 -1.918540129639727948e-02 -2.251827645269909722e-02 -2.924829847912933586e-02 -3.865310181706670123e-02 -4.875159278392503931e-02 -5.646160989283855597e-02 -5.848267263422466528e-02 -5.327593243402843626e-02 -4.468328741662776910e-02 -4.783257538118725061e-02 -9.912029683794842949e-02 -2.694577052235920256e-01 -7.037184760216760315e-01 -1.596680385917774725e+00 -3.684854517249928296e+00 -6.269580069408529077e+00 -1.976616323480307713e+01 -6.219667998362440331e-01 -2.242718590334862938e+02 7.338466488529883236e+02 -5.479302292977165052e+03 2.324697918990203834e+04 -5.209776539669584054e+03 6.956864115214947333e+02 -1.896415117931967416e+02 5.149760523636293108e+00 -1.306722640861437057e+01 -3.169721663299378545e+00 -1.852390897211810605e+00 -6.943631013518190009e-01 -2.798530552194582466e-01 -9.481815272212629209e-02 -3.120976042943185078e-02 -1.337573978250292117e-02 -1.118321682968803459e-02 -1.182920590036349619e-02 -1.142704866090619650e-02 -9.635322561202785616e-03 -7.206742245686385655e-03 -4.900503875819906680e-03 -3.141043796714962713e-03 -2.018839609240158893e-03 -1.415775562875104358e-03 -1.138220934006835315e-03 -1.009856408896127843e-03 -9.149241551890264623e-04 -8.022333356097979427e-04 -6.673422790836258060e-04 -5.284847224059349485e-04 -4.066907777113849538e-04 -3.145860755486054030e-04 -2.536015223224501029e-04 -2.168377548490242406e-04 -1.940906455548322806e-04 -1.763134758971682888e-04 -1.580880808348921601e-04 -1.379268750398914239e-04 -1.170879776999687541e-04 -9.784774816749711255e-05 -8.204996029180180615e-05 -7.036048177188328938e-05 -6.225619775880739863e-05 -5.650426181873045302e-05 -5.178225199954732111e-05 -4.715616155175348159e-05 -4.227234330762240637e-05 -3.727428818068174017e-05 -3.255699334989862537e-05 -2.849977225484521162e-05 -2.528771779942272791e-05 -2.286541955766260441e-05 -2.100283121581382687e-05 -1.942091037638173933e-05 -1.788942126619090772e-05 -1.634428711188136985e-05 -1.475023323822782000e-05 -1.306623787584383943e-05 -1.171554968494000172e-05 -1.057184012399507325e-05 -9.668813371066364165e-06 -8.937729174551792993e-06 -8.301845286828558339e-06 -7.694339884829966516e-06 -7.082136698154623595e-06 -6.468318398131037274e-06 -5.880070726596981771e-06 -5.349532071569707757e-06 -4.897029456587678231e-06 -4.523115537563893420e-06 -4.210558143919778114e-06 -3.935168920720033855e-06 -3.669597115631725431e-06 -3.435529361819181304e-06 -3.066850556719905182e-06 -3.602883533698287328e-06
-1.633322586631219819e-01 -4.727244337088327975e-02 -3.675251907139749641e-02 -3.016732478335012665e-02 -2.725132172873283298e-02 -2.499788532997633886e-02 -2.273028888198957639e-02 -2.027444157080326992e-02 -1.798725996277469527e-02 -1.662814935591923338e-02 -1.717573679362066272e-02 -2.051160196945821246e-02 -2.699888356578736964e-02 -3.605124821668259649e-02 -4.585701083160607927e-02 -5.349377594667252545e-02 -5.575445397954705007e-02 -5.106257347940651448e-02 -4.302389899530351808e-02 -4.626874586162522951e-02 -9.637573386547775012e-02 -2.630922255862041537e-01 -6.896257382906508804e-01 -1.569039322916102597e+00 -3.633472354942471672e+00 -6.188211496638312603e+00 -1.960881846119475824e+01 -4.827566849854827424e-01 -2.236003040152300230e+02 7.332242473861348344e+02 -5.474788958920002187e+03 2.324714394851176985e+04 -5.213830325192246164e+03 6.962722122583717237e+02 -1.900916958583653695e+02 5.092081003789367344e+00 -1.313843491863841173e+01 -3.198711987717552052e+00 -1.868418934578481183e+00 -7.015001362342941915e-01 -2.829149765790419102e-01 -9.595336165698611919e-02 -3.160209303744122150e-02 -1.354994487367330858e-02 -1.133634837547728424e-02 -1.200200978779161938e-02 -1.160369656195599751e-02 -9.791623045656609736e-03 -7.328562672561670689e-03 -4.986260164450854147e-03 -3.197554322414247231e-03 -2.055934359024607933e-03 -1.442279744096738522e-03 -1.160029382810246097e-03 -1.029771046022608756e-03 -9.335142094724460963e-04 -8.189858201420914400e-04 -6.816058668838512191e-04 -5.399908423929366142e-04 -4.156656543706287133e-04 -3.215966920865350018e-04 -2.593071104873429238e-04 -2.217812352174711751e-04 -1.985958095690641082e-04 -1.804901686628170314e-04 -1.619072501652743534e-04 -1.413148692572389388e-04 -1.199999285692681631e-04 -1.003005789021226349e-04 -8.411673758063371452e-05 -7.214134601017286479e-05 -6.384483556137637611e-05 -5.796467041772043261e-05 -5.314205509664119163e-05 -4.841462274791072834e-05 -4.341605921847741759e-05 -3.829254709693404556e-05 -3.345102936304587138e-05 -2.928425190337960443e-05 -2.598507731740525467e-05 -2.350146115227677300e-05 -2.158800978918262842e-05 -1.999111989867412121e-05 -1.842148835198496838e-05 -1.663307733676013244e-05 -1.499252470209283657e-05 -1.339968250966561689e-05 -1.200062093617325430e-05 -1.084239612983553996e-05 -9.920706360005442965e-06 -9.175773219024123325e-06 -8.527077878071511252e-06 -7.906488490409559054e-06 -7.280016291508591280e-06 -6.651027776119797034e-06 -6.047742851522838963e-06 -5.503508457430192351e-06 -5.039554411289194735e-06 -4.656474528167804155e-06 -4.338142845184990630e-06 -4.053120728796961455e-06 -3.815822623807096579e-06 -3.426884143022195584e-06 -4.041360737502665931e-06
-1.606928478863137444e-01 -4.388332107664041221e-02 -3.244720290681426395e-02 -2.539995368078076798e-02 -2.269261371368563873e-02 -2.127045688380264921e-02 -2.022111528832418875e-02 -1.897545105955244366e-02 -1.740598711997248457e-02 -1.581564815453157663e-02 -1.490911722095425267e-02 -1.563721221912938927e-02 -1.889832254039634091e-02 -2.512285238859875494e-02 -3.383680809495670516e-02 -4.336743685270650489e-02 -5.092508176634753803e-02 -5.338210184047084694e-02 -4.913050083876516899e-02 -4.156970425970628324e-02 -4.488643334407108054e-02 -9.391804188995120373e-02 -2.573428092276711654e-01 -6.768220240301767721e-01 -1.543808144704449825e+00 -3.586353766828530798e+00 -6.113336927568741253e+00 -1.946332232520393291e+01 -3.540571389914329292e-01 -2.229744626596704791e+02 7.326405141632300229e+02 -5.470560638233347163e+03 2.324729373448093611e+04 -5.217640891572605142e+03 6.968226113353183564e+02 -1.905165553062632000e+02 5.037249783325361108e+00 -1.320596635390814733e+01 -3.226286143006649620e+00 -1.883681509223166906e+00 -7.083090280111491444e-01 -2.858402462946640910e-01 -9.703953125405118119e-02 -3.197802145104631372e-02 -1.371720112580978451e-02 -1.148365693931857612e-02 -1.216844538264301098e-02 -1.177398512248927984e-02 -9.942398111574430111e-03 -7.446129868951140325e-03 -5.069044769378388236e-03 -3.252124281771687480e-03 -2.091790451345543027e-03 -1.467956903587139218e-03 -1.181219546880034376e-03 -1.049161296112636641e-03 -9.516251395383402978e-04 -8.352957914612726097e-04 -6.954732019492469849e-04 -5.511601555275389558e-04 -4.243712842049424507e-04 -3.284048171570638796e-04 -2.648671127364328839e-04 -2.266198625686110537e-04 -2.030188351052065175e-04 -1.845923128204595559e-04 -1.656506546771225599e-04 -1.446244117511806125e-04 -1.228350415443202424e-04 -1.026849354948654596e-04 -8.612896001356060323e-05 -7.388340006854464176e-05 -6.540791248493672372e-05 -5.940726566426555874e-05 -5.448569565721968623e-05 -4.965424999741637315e-05 -4.453702420901291118e-05 -3.928602979254960167e-05 -3.432126986007586015e-05 -3.005147634638604599e-05 -2.666602532670861751e-05 -2.414790855042673389e-05 -2.218962914074607546e-05 -2.033861455214550144e-05 -1.872734426093670523e-05 -1.704064707709334678e-05 -1.534607082734454046e-05 -1.372958974826200539e-05 -1.229985740603117551e-05 -1.111727195342837300e-05 -1.017608191398527105e-05 -9.415698470529990284e-06 -8.753389235833831871e-06 -8.119150291685468517e-06 -7.478069829445882545e-06 -6.833731260191440245e-06 -6.215356405809649114e-06 -5.657562253854130262e-06 -5.182255007264265251e-06 -4.791926862479036149e-06 -4.462729300390232785e-06 -4.210044263923951669e-06 -3.800294481292626643e-06 -4.514067711577560409e-06
-1.673345973777052020e-01 -4.356252588776781537e-02 -3.031464876966293714e-02 -2.203885185740763614e-02 -1.881437677733718838e-02 -1.750919846663958473e-02 -1.712901767037480066e-02 -1.689638491520461736e-02 -1.634637410089982354e-02 -1.535338987859104741e-02 -1.419916593796803628e-02 -1.356036619159868388e-02 -1.436974676940707026e-02 -1.753194332531317345e-02 -2.351915785317794036e-02 -3.193778078902212436e-02 -4.122417297687444582e-02 -4.870081127754079253e-02 -5.131309814504825262e-02 -4.743219832476028297e-02 -4.028031827578196916e-02 -4.364830472116407872e-02 -9.169836305316363123e-02 -2.521219304514028536e-01 -6.651401317302026994e-01 -1.520689586671707394e+00 -3.542994611224287826e+00 -6.044213805035330012e+00 -1.932838712689643401e+01 -2.347268253201533206e-01 -2.223898175835891493e+02 7.320919623450940890e+02 -5.466591157383582868e+03 2.324743030856452606e+04 -5.221229492578046120e+03 6.973407204901924388e+02 -1.909181700715767249e+02 4.985063777582865008e+00 -1.327009776158096344e+01 -3.252544408329483883e+00 -1.898231488338942397e+00 -7.148115122466237592e-01 -2.886377669727267503e-01 -9.807995281465424486e-02 -3.233880634489934985e-02 -1.387810165811910988e-02 -1.162551310217406486e-02 -1.232876740720809799e-02 -1.193808809863165787e-02 -1.008778070161931058e-02 -7.559577816504870276e-03 -5.149014373831986568e-03 -3.304924817749769692e-03 -2.126563905723572682e-03 -1.492916095458051351e-03 -1.201837135493696428e-03 -1.068016303387133966e-03 -9.692150505138016339e-04 -8.511220410460492098e-04 -7.089279896158222696e-04 -5.620094512341798285e-04 -4.328491824507107511e-04 -3.350583549016630195e-04 -2.703171548344459989e-04 -2.313661303688341027e-04 -2.073494824303327255e-04 -1.885966470693661010e-04 -1.692954322345626740e-04 -1.478438869256559253e-04 -1.255970423258944682e-04 -1.050165914257273877e-04 -8.810637924912364161e-05 -7.560176365111784225e-05 -6.695056392857111815e-05 -6.082692540093139079e-05 -5.580192812405309976e-05 -5.086394760921199580e-05 -4.562905417342597838e-05 -4.025790718540739289e-05 -3.517145567180076727e-05 -3.082792501586730400e-05 -2.736319404611902234e-05 -2.455598649015597597e-05 -2.254935544177721804e-05 -2.081242328027860835e-05 -1.915135718921615577e-05 -1.744363139946294525e-05 -1.571401153473559850e-05 -1.406348808521184547e-05 -1.260234268014528759e-05 -1.139381251934840611e-05 -1.043233972961731471e-05 -9.655919474617976895e-06 -8.979610415138350709e-06 -8.331483512279639554e-06 -7.675691823426994954e-06 -7.016021122115686491e-06 -6.382776241363704731e-06 -5.811592821202237247e-06 -5.327122922547218149e-06 -4.923894251957577513e-06 -4.630697515546156646e-06 -4.186216517612104473e-06 -5.007931537037568765e-06
-1.707739094969205895e-01 -4.359429403309135476e-02 -2.915788172243844595e-02 -1.994809926489371846e-02 -1.606206288412472677e-02 -1.442340390937045004e-02 -1.411697721915655505e-02 -1.437338245437347513e-02 -1.461140045936307717e-02 -1.444447647274492603e-02 -1.377848913864259013e-02 -1.288933493005323117e-02 -1.242585076343790361e-02 -1.328925420971565838e-02 -1.636911997100195387e-02 -2.215587475421460992e-02 -3.031471384140686093e-02 -3.937438587577440918e-02 -4.675966064602269517e-02 -4.948795028221574660e-02 -4.591946214837135803e-02 -3.912231270818459367e-02 -4.252993736283211534e-02 -8.968493723357547076e-02 -2.473638697918990881e-01 -6.544434652314771172e-01 -1.499432755714859011e+00 -3.502964312298340932e+00 -5.980205095355735523e+00 -1.920290276542418795e+01 -1.237824755553807721e-01 -2.218424286238739285e+02 7.315755096957489059e+02 -5.462857454072192013e+03 2.324755517928122208e+04 -5.224614975496330771e+03 6.978292980400968872e+02 -1.912983974472467139e+02 4.935339067718312656e+00 -1.333107886216810378e+01 -3.277578081725261328e+00 -1.912117453849064841e+00 -7.210279070431910853e-01 -2.913159462942272460e-01 -9.907763260945944006e-02 -3.268538707063569498e-02 -1.403290584050886740e-02 -1.176204134656277239e-02 -1.248314185605363391e-02 -1.209624492553354295e-02 -1.022805846358246923e-02 -7.669195292483959106e-03 -5.226410131119850130e-03 -3.356115327658787048e-03 -2.160323540312931567e-03 -1.517153230475672869e-03 -1.221840520301579460e-03 -1.086295258332152904e-03 -9.862711743903265511e-04 -8.664880531123393985e-04 -7.220199148423809546e-04 -5.725941337300511757e-04 -4.411402028574558441e-04 -3.415722011474235350e-04 -2.756470622353378807e-04 -2.359956436628315773e-04 -2.115637922542200529e-04 -1.924913495885227730e-04 -1.728462282663715622e-04 -1.509907765317273370e-04 -1.283075312690248968e-04 -1.073120314701067721e-04 -9.005467364489315213e-05 -7.729107910112734342e-05 -6.846087449743471734e-05 -6.221191289095299396e-05 -5.708428582844534853e-05 -5.204723498572679798e-05 -4.669627730146596402e-05 -4.123647533468833404e-05 -3.603639306533915960e-05 -3.134874483101790618e-05 -2.780164478308697954e-05 -2.509821686802785837e-05 -2.303457521825485376e-05 -2.128062807081911769e-05 -1.958993923761531372e-05 -1.785004146423364456e-05 -1.608464544180396736e-05 -1.439851865587844336e-05 -1.290527965529025227e-05 -1.167030827085090519e-05 -1.068821443438150624e-05 -9.895515020130986252e-06 -9.205056315555345506e-06 -8.542995979797544318e-06 -7.872560690354381792e-06 -7.197843876420132851e-06 -6.549960099908753873e-06 -5.967856439450774124e-06 -5.467980748391284367e-06 -5.103843917769576141e-06 -4.597955436328645800e-06 -5.518873036994105634e-06
-1.640340269854058675e-01 -4.211199932563841619e-02 -2.791057477120729297e-02 -1.867233611485214981e-02 -1.442972893343450781e-02 -1.235254049875745067e-02 -1.171576760296606096e-02 -1.191966819363566958e-02 -1.246484457856274555e-02 -1.290735332721546468e-02 -1.293556752492772480e-02 -1.247614028064260132e-02 -1.178528459927564824e-02 -1.146903093903103334e-02 -1.238391470641213993e-02 -1.539396736856098527e-02 -2.099921606968623011e-02 -2.891562783525375782e-02 -3.775640581653307709e-02 -4.504183329865739382e-02 -4.785843591654150714e-02 -4.456025433364048383e-02 -3.807783702074211962e-02 -4.151874243281553772e-02 -8.785472752516211570e-02 -2.430128613404012317e-01 -6.446136924203080820e-01 -1.479821292883504835e+00 -3.465892941806195893e+00 -5.920763506116706765e+00 -1.908591017976421256e+01 -2.037484694450088576e-02 -2.213288443110338619e+02 7.310884223030474232e+02 -5.459339126830221176e+03 2.324766964649190413e+04 -5.227814111497909835e+03 6.982907977222599811e+02 -1.916589016845648814e+02 4.887907890905222708e+00 -1.338913601668812525e+01 -3.301470733591071571e+00 -1.925383966003597180e+00 -7.269767853269389901e-01 -2.938822593927680193e-01 -1.000350267088412903e-01 -3.301839518433838383e-02 -1.418177824294952934e-02 -1.189344134878079356e-02 -1.263189956096891740e-02 -1.224885478057318247e-02 -1.036360141356508502e-02 -7.775250983031053303e-03 -5.301374273535436679e-03 -3.405730783771921972e-03 -2.193043260822247903e-03 -1.540631926221398829e-03 -1.241219504036657683e-03 -1.104026810544391727e-03 -1.002851285319579511e-03 -8.814582701077867261e-04 -7.347974476404540338e-04 -5.829338325571992857e-04 -4.492359268568998009e-04 -3.479217333686714054e-04 -2.808320810249803558e-04 -2.404963815896097191e-04 -2.156673076531980904e-04 -1.962956977977862181e-04 -1.763266991857475533e-04 -1.540831910925873733e-04 -1.309729627942667356e-04 -1.095658175602187690e-04 -9.196132955617580167e-05 -7.893898577819989551e-05 -6.993209609914371897e-05 -6.356611783278345526e-05 -5.833731421231475061e-05 -5.323433173157324011e-05 -4.777580372034352944e-05 -4.194008549240323136e-05 -3.662379745832742547e-05 -3.201107011491803784e-05 -2.837286256291114762e-05 -2.563372576776663160e-05 -2.353465697041683480e-05 -2.175174767267346040e-05 -2.003057108281978987e-05 -1.825680958514311870e-05 -1.645497391055056593e-05 -1.473284640754398668e-05 -1.320730748576088175e-05 -1.194576302393971810e-05 -1.094295469290024658e-05 -1.013392111174480338e-05 -9.429324656576913453e-06 -8.753438223285871261e-06 -8.068696105765084297e-06 -7.379209725281007443e-06 -6.719432429918875099e-06 -6.119549226801529569e-06 -5.661563606209802907e-06 -5.062408122637055640e-06 -6.059603435009299830e-06
-1.468438372016221960e-01 -3.857543062387975424e-02 -2.600318443275862965e-02 -1.769044548828849900e-02 -1.357906358876847727e-02 -1.122952997263621140e-02 -1.013980672332174052e-02 -9.945403773971657826e-03 -1.034057531595647915e-02 -1.098314834576015996e-02 -1.152215643452569709e-02 -1.168473302195650182e-02 -1.139400212804884613e-02 -1.087314966050439285e-02 -1.068156815833316495e-02 -1.163301961570086147e-02 -1.456903769643105168e-02 -1.999956100958068250e-02 -2.768703935555717754e-02 -3.632086792786641538e-02 -4.350746439820060707e-02 -4.639628209477714149e-02 -4.333686460635809146e-02 -3.713581927479708833e-02 -4.060321351523060035e-02 -8.618465714691905810e-02 -2.390178098871920120e-01 -6.355478696654223159e-01 -1.461670192564038961e+00 -3.431464235638525651e+00 -5.865418785188707851e+00 -1.897657745093897930e+01 7.623391267777313018e-02 -2.208460267988506303e+02 7.306282684257415667e+02 -5.456018061058738567e+03 2.324777483521346949e+04 -5.230841874486323832e+03 6.987274086858010378e+02 -1.920011791869410160e+02 4.842616646043238937e+00 -1.344447472651482123e+01 -3.324298535893762008e+00 -1.938071468470136782e+00 -7.326748388760633279e-01 -2.963433248232474893e-01 -1.009543196497171280e-01 -3.333850628252098963e-02 -1.432506182711196230e-02 -1.202008782529514520e-02 -1.277545703124262008e-02 -1.239628790731616380e-02 -1.049466509283611231e-02 -7.877873390770940426e-03 -5.373943067942457165e-03 -3.453769567242031321e-03 -2.224730040054649118e-03 -1.563390103239669857e-03 -1.260039287581985693e-03 -1.121283080133732811e-03 -1.019011317573848300e-03 -8.960583358596010137e-04 -7.472560019653460336e-04 -5.930057876312347202e-04 -4.571123909594341215e-04 -3.540956620245902216e-04 -2.858790528533279476e-04 -2.448895260775587192e-04 -2.196857706537794067e-04 -2.000294989294507109e-04 -1.797442147694386350e-04 -1.571157894012170718e-04 -1.335803957651733511e-04 -1.117651003468081314e-04 -9.381940981237109486e-05 -8.054981115929567498e-05 -7.136922599107070619e-05 -6.492177646887290605e-05 -5.960054261548418668e-05 -5.412603344094188624e-05 -4.855723294773785725e-05 -4.279166798923583558e-05 -3.735039592214589815e-05 -3.266466129843591704e-05 -2.895884736874802446e-05 -2.617156530082728457e-05 -2.403622667572636785e-05 -2.222249845257549128e-05 -2.047004741212779454e-05 -1.866197483551262909e-05 -1.682354242522924608e-05 -1.506540419229662052e-05 -1.350761549065563244e-05 -1.221955676367887641e-05 -1.119609189078989153e-05 -1.037080983269987619e-05 -9.652228703519806472e-06 -8.962898936020769817e-06 -8.264160016061450776e-06 -7.562926867866970611e-06 -6.883741031822554673e-06 -6.328970556003644159e-06 -5.612000909031571064e-06 -6.660824300726557213e-06
-1.239121819820594300e-01 -3.361218126794595501e-02 -2.343217330363157186e-02 -1.661996619445033074e-02 -1.304925380751963127e-02 -1.071120875752714155e-02 -9.286366949423176254e-03 -8.616402166418892991e-03 -8.600846931436367804e-03 -9.071553830064150656e-03 -9.770251218309834382e-03 -1.038915166166025882e-02 -1.066747693411267649e-02 -1.051600850663180105e-02 -1.012857709554299337e-02 -1.002758059904794614e-02 -1.099355836454504569e-02 -1.385065176165990036e-02 -1.911742358531397928e-02 -2.659564582077439052e-02 -3.504035402118533399e-02 -4.213382205279084941e-02 -4.508248844875337863e-02 -4.223352481140702636e-02 -3.628278487290340082e-02 -3.976906923433345259e-02 -8.465231880051425628e-02 -2.353348986820371913e-01 -6.271597053788483533e-01 -1.444823107487239078e+00 -3.399407239361783351e+00 -5.813763957905775825e+00 -1.887417773223174322e+01 1.666896100299702088e-01 -2.203912906525286814e+02 7.301928780077624879e+02 -5.452878118005492070e+03 2.324787172215941246e+04 -5.233711676383440135e+03 6.991410898706784565e+02 -1.923265789815450262e+02 4.799324969279076036e+00 -1.349728144252296680e+01 -3.346130716276728201e+00 -1.950216704772693266e+00 -7.381373127506232201e-01 -2.987053368621679361e-01 -1.018377345664588374e-01 -3.364654960931256350e-02 -1.446319117104278261e-02 -1.214232632531375700e-02 -1.291410492419902897e-02 -1.253875775333343663e-02 -1.062138457437434257e-02 -7.977146432437796572e-03 -5.444184808929311906e-03 -3.500307795843272170e-03 -2.255470614127143107e-03 -1.585511594528231935e-03 -1.278362581425777000e-03 -1.138094223911278275e-03 -1.034750126632593813e-03 -9.102683937028306378e-04 -7.593743296056018697e-04 -6.028014973055164597e-04 -4.647793748229283001e-04 -3.601180834060728844e-04 -2.908162526424474918e-04 -2.491966752158868690e-04 -2.236274286981078342e-04 -2.036874930233451345e-04 -1.830854773665496771e-04 -1.600753850401660122e-04 -1.361228922743589137e-04 -1.139148308690400400e-04 -9.563449067851314698e-05 -8.215795111773806865e-05 -7.281433750244780767e-05 -6.596131456909267181e-05 -6.054462793073080390e-05 -5.517229373912467788e-05 -4.948373285760978950e-05 -4.363120221898237288e-05 -3.809049569956563967e-05 -3.331914232902212085e-05 -2.954533744302532061e-05 -2.670822843056307229e-05 -2.453586431584095574e-05 -2.269079054846668688e-05 -2.090682059555138176e-05 -1.906440284593709881e-05 -1.718948756498875311e-05 -1.539552566465423824e-05 -1.380568754996827243e-05 -1.249129941740808952e-05 -1.144736191698385862e-05 -1.060605155090840195e-05 -9.873926332202222171e-06 -9.171496072042102966e-06 -8.462079396846507000e-06 -7.740854405892111576e-06 -7.111341588588812075e-06 -6.271313572893216670e-06 -7.363150773907350288e-06
-1.017147052014700515e-01 -2.843997252442202056e-02 -2.058924426009814748e-02 -1.530950314672235510e-02 -1.245498703833776248e-02 -1.037813196261377219e-02 -8.858975494495185954e-03 -7.855519231476098749e-03 -7.407828226200233873e-03 -7.508766358378522222e-03 -8.047583998054120766e-03 -8.802134693513267300e-03 -9.486714926145089696e-03 -9.849411855225023368e-03 -9.795977238375745341e-03 -9.502049741152615234e-03 -9.462950356482244252e-03 -1.043157570656848797e-02 -1.321482062357360980e-02 -1.833508928013521944e-02 -2.562538021333881505e-02 -3.389721063818251778e-02 -4.090102468655137935e-02 -4.389666548240939159e-02 -4.123199582865975932e-02 -3.550416813805849781e-02 -3.900369324626978829e-02 -8.324035915579668099e-02 -2.319293819023160175e-01 -6.193774620304868250e-01 -1.429146282384246458e+00 -3.369486658626032138e+00 -5.765443171551406287e+00 -1.877807205265256840e+01 2.515599723617882866e-01 -2.199622539184896652e+02 7.297803073815668995e+02 -5.449904873376746764e+03 2.324796115822620777e+04 -5.236435565443234736e+03 6.995336000073853029e+02 -1.926363198556432508e+02 4.757904729840350733e+00 -1.354772567177125175e+01 -3.367030552966369328e+00 -1.961853475699269600e+00 -7.433784544270138905e-01 -3.009742276646698023e-01 -1.026874524138072509e-01 -3.394329050326637398e-02 -1.459646505937487251e-02 -1.226033642850623065e-02 -1.304800290063777742e-02 -1.267642493905568948e-02 -1.074392337409843870e-02 -8.073232237929323443e-03 -5.512249581512018541e-03 -3.545468469040687336e-03 -2.285347789361466021e-03 -1.607034713521186603e-03 -1.296190786245134553e-03 -1.154441661379612292e-03 -1.050048719761766287e-03 -9.240837556459564200e-04 -7.711670956348619117e-04 -6.123500569163793823e-04 -4.722693260484158470e-04 -3.660133524185198704e-04 -2.956531728217984267e-04 -2.534126554264287939e-04 -2.274785228197932698e-04 -2.072561161338949090e-04 -1.863436360268635832e-04 -1.629677532948946696e-04 -1.386068284377651864e-04 -1.160518270591751511e-04 -9.745141052772565043e-05 -8.342665501888996864e-05 -7.391828430358763627e-05 -6.716297482675106460e-05 -6.164041077401819315e-05 -5.620286461829511346e-05 -5.042158121718044017e-05 -4.446893658477658705e-05 -3.882892810902686237e-05 -3.397078694956585026e-05 -3.012869539437591922e-05 -2.724149317345221278e-05 -2.503192655463976014e-05 -2.315542257267758864e-05 -2.133997835211722942e-05 -1.946338890688804719e-05 -1.755225779760509553e-05 -1.572278075264070684e-05 -1.410120074788462177e-05 -1.276078391545629417e-05 -1.169668953096847386e-05 -1.083987712953033803e-05 -1.009459880909885394e-05 -9.382731037443107293e-06 -8.653540923360939939e-06 -7.988598189699811151e-06 -7.044199210940045350e-06 -8.201399911371492709e-06
-8.537948318973571926e-02 -2.420412917839783948e-02 -1.797961238582197405e-02 -1.381867386670774210e-02 -1.160257724966422266e-02 -9.909500082421418554e-03 -8.530841882039627913e-03 -7.438144811366431339e-03 -6.715127462502388372e-03 -6.447482493230636061e-03 -6.655650794770649401e-03 -7.252654709261052539e-03 -8.041281635393976099e-03 -8.758999539098392614e-03 -9.169336217549632975e-03 -9.180412909647482980e-03 -8.955334660284485632e-03 -8.965293702650247928e-03 -9.935773862950693716e-03 -1.265433559975708520e-02 -1.764329938600765410e-02 -2.476167118741557163e-02 -3.287171199604239924e-02 -3.978700303954750550e-02 -4.281827957774626825e-02 -4.031640477032548409e-02 -3.478951314480362156e-02 -3.829925410934938157e-02 -8.193647106672220792e-02 -2.287726848757123399e-01 -6.121390721045422145e-01 -1.414522583673003986e+00 -3.341495963753701393e+00 -5.720143834666857607e+00 -1.868769724174158497e+01 3.313449178918018712e-01 -2.195567973602091740e+02 7.293888101664792885e+02 -5.447085395343495293e+03 2.324804388800683955e+04 -5.239024394656854383e+03 6.999065229420515379e+02 -1.929315056560045605e+02 4.718238496724630693e+00 -1.359596222999745763e+01 -3.387056316468863404e+00 -1.973013066861651454e+00 -7.484115271143493286e-01 -3.031554728314395653e-01 -1.035053803236108821e-01 -3.422928707262989922e-02 -1.472504211301561665e-02 -1.237424402871595969e-02 -1.317733985647637565e-02 -1.280952909870025462e-02 -1.086252667136196857e-02 -8.166337899785016535e-03 -5.578279581387279688e-03 -3.589323785948659619e-03 -2.314377889808942081e-03 -1.627945433344680885e-03 -1.313506237058759867e-03 -1.170322998110852114e-03 -1.064926302454861614e-03 -9.375395942986368154e-04 -7.826728369189194651e-04 -6.216805635891026844e-04 -4.795944902357587424e-04 -3.717772256533590099e-04 -3.003758802280323591e-04 -2.575235061519649663e-04 -2.312322068355799655e-04 -2.107419815835524161e-04 -1.895259874541356158e-04 -1.658324115990889394e-04 -1.410801229491084928e-04 -1.178194265501043923e-04 -9.890040790344206700e-05 -8.486382675333001215e-05 -7.518087461893830379e-05 -6.834579580634914683e-05 -6.274576443473097950e-05 -5.722866121443659880e-05 -5.135468377364576701e-05 -4.530094191524256306e-05 -3.956185088040444755e-05 -3.461724991179800651e-05 -3.070718533909033010e-05 -2.777009110806345275e-05 -2.552345232644536203e-05 -2.361565442449627296e-05 -2.176894154016717083e-05 -1.985847628570839139e-05 -1.791149655950523341e-05 -1.604690603279739714e-05 -1.439400098919592449e-05 -1.302798868070120442e-05 -1.194438439091927455e-05 -1.107253814910950662e-05 -1.031819067878351650e-05 -9.586778458697703420e-06 -8.922650664826344910e-06 -7.908741957460418975e-06 -9.187635502119818908e-06
-7.685744331344328273e-02 -2.150970514901839187e-02 -1.597022079995616753e-02 -1.232442133430449067e-02 -1.050442646469323775e-02 -9.173760681375013257e-03 -8.074689168776539097e-03 -7.116346042268921826e-03 -6.341731348199733560e-03 -5.846898126619880058e-03 -5.723930310020605879e-03 -6.005738829237933576e-03 -6.627298397498888188e-03 -7.418845001586633903e-03 -8.143534132420833863e-03 -8.581291369473491304e-03 -8.642266110417934355e-03 -8.476350037733773254e-03 -8.530352013513100087e-03 -9.502602364178361696e-03 -1.216151378927570088e-02 -1.702853480279283016e-02 -2.398624637037367890e-02 -3.194362510584956849e-02 -3.877279141715084948e-02 -4.183219365336349194e-02 -3.947655234293472037e-02 -3.413268520617591256e-02 -3.765039494491478900e-02 -8.072987211311562217e-02 -2.258389077502666042e-01 -6.053892312466220282e-01 -1.400848908349137556e+00 -3.315254011751670227e+00 -5.677591498394400027e+00 -1.860255603605956054e+01 4.064859403484530898e-01 -2.191730289740065132e+02 7.290168135270657785e+02 -5.444408055698281714e+03 2.324812056576433315e+04 -5.241487966339158447e+03 7.002612885795581406e+02 -1.932131389303209232e+02 4.680218116402864226e+00 -1.364213294886545924e+01 -3.406261684665026657e+00 -1.983724262797224691e+00 -7.532486512403695489e-01 -3.052539744612567385e-01 -1.042931595073732925e-01 -3.450501405889840750e-02 -1.484911291389761322e-02 -1.248426218577869916e-02 -1.330239049590019491e-02 -1.293835309633660502e-02 -1.097742546982335109e-02 -8.256611394826330122e-03 -5.642342792838361647e-03 -3.631888390428301017e-03 -2.342556243393344520e-03 -1.648246821406723801e-03 -1.330331911254622459e-03 -1.185778137109682944e-03 -1.079427212179499438e-03 -9.506707468397108734e-04 -7.939083021748252712e-04 -6.307915108193248941e-04 -4.867421381838670414e-04 -3.773961362939048762e-04 -3.049778345386274436e-04 -2.615367182949915044e-04 -2.348966555921691568e-04 -2.141874037303495137e-04 -1.926837498874353486e-04 -1.682920137820457975e-04 -1.431516281122968736e-04 -1.197567398865561668e-04 -1.005117034188244499e-04 -8.627732861653845486e-05 -7.645119023211366176e-05 -6.952138505402340272e-05 -6.384362659261261284e-05 -5.824555503473612361e-05 -5.227900709255534897e-05 -4.612477037432508319e-05 -4.028745396852543908e-05 -3.525720789945185663e-05 -3.127980319981420469e-05 -2.829324901762507457e-05 -2.600983757623788023e-05 -2.407100958369882859e-05 -2.219333323246298147e-05 -2.024937251500255378e-05 -1.826699440280785979e-05 -1.636779789251850930e-05 -1.468412042737617435e-05 -1.329330766944256374e-05 -1.219077158459884771e-05 -1.130848932891572103e-05 -1.053377893842955104e-05 -9.877736285279617974e-06 -8.825423780665078092e-06 -1.030202243671907196e-05
-7.481308770306124845e-02 -2.028294077197344628e-02 -1.466038054424458059e-02 -1.100996302511452439e-02 -9.312630106319256043e-03 -8.223690052901841407e-03 -7.418444292131079476e-03 -6.716241556004914383e-03 -6.075092160222147000e-03 -5.539686052075097102e-03 -5.205544035811306494e-03 -5.170917886881348444e-03 -5.484493393159469397e-03 -6.104050330670264361e-03 -6.884508235950140623e-03 -7.609588820477115531e-03 -8.070390076877976410e-03 -8.175722088051246700e-03 -8.061670349424834500e-03 -8.152503935768761270e-03 -9.122374593406604171e-03 -1.172296696949273395e-02 -1.647529736048085336e-02 -2.328334520714834405e-02 -3.109842236724059267e-02 -3.784604152198101784e-02 -4.092867239654147948e-02 -3.870524153162221981e-02 -3.352819000455817267e-02 -3.705112914864685386e-02 -7.960962669158723470e-02 -2.231044705118512550e-01 -5.990794887759949283e-01 -1.388035511363237440e+00 -3.290602367990505428e+00 -5.637544668584037133e+00 -1.852220747603567830e+01 4.773750435830073635e-01 -2.188092535957570703e+02 7.286628976265495794e+02 -5.441862369560146362e+03 2.324819176801095819e+04 -5.243835156704775727e+03 7.005991907678334201e+02 -1.934821324524024817e+02 4.643743902714651206e+00 -1.368636778045256897e+01 -3.424695927196537593e+00 -1.994013420264403758e+00 -7.579008943685839883e-01 -3.072742270674050924e-01 -1.050523602666343509e-01 -3.477101567254378689e-02 -1.496895995444515008e-02 -1.259065207894564942e-02 -1.342341266711782714e-02 -1.306311219667959100e-02 -1.108876648265434001e-02 -8.344135125472190717e-03 -5.704482075616674683e-03 -3.673193669392288505e-03 -2.369920791598247208e-03 -1.667986649045718854e-03 -1.346717271497035887e-03 -1.200846335731596158e-03 -1.093572322818695724e-03 -9.634792790109845051e-04 -8.048635546725899309e-04 -6.396714292976479624e-04 -4.937073846044954086e-04 -3.828792773328370115e-04 -3.094684214412577318e-04 -2.654975316543275055e-04 -2.385264527440212007e-04 -2.171933520324793854e-04 -1.954034691474970274e-04 -1.709184944411650594e-04 -1.453835677612698701e-04 -1.216600722349058932e-04 -1.021252687403829496e-04 -8.767953366843416309e-05 -7.771116232974674659e-05 -7.068540023606877955e-05 -6.492976381919078632e-05 -5.925100322944735500e-05 -5.319268612192908308e-05 -4.693906725752520467e-05 -4.100471099299110800e-05 -3.588986874100423861e-05 -3.184592792288742431e-05 -2.881047556836098766e-05 -2.649069188004600796e-05 -2.452117933753814445e-05 -2.261291733728993731e-05 -2.063591753624751250e-05 -1.861869614542741624e-05 -1.668554189916209268e-05 -1.497204040577230506e-05 -1.355713695682138478e-05 -1.244086556797385570e-05 -1.153551177233779405e-05 -1.084677435837360210e-05 -9.758265021090719221e-06 -1.149910907409589369e-05
-7.585150862265852001e-02 -1.994458426153664782e-02 -1.389486523328450733e-02 -9.983198030883828900e-03 -8.217554963404616677e-03 -7.221991853714372286e-03 -6.626233427847441973e-03 -6.179181525242572262e-03 -5.756463315034046450e-03 -5.327472100990229831e-03 -4.942201618284201847e-03 -4.701721767094997617e-03 -4.713427439119544614e-03 -5.039046845303453252e-03 -5.652133873370926952e-03 -6.423757316354242707e-03 -7.150965967102924231e-03 -7.631926762474421089e-03 -7.773644280495419986e-03 -7.700859235974045862e-03 -7.819200437054085739e-03 -8.782269389157368322e-03 -1.132696152302366949e-02 -1.597332700653491394e-02 -2.264375731649292608e-02 -3.032726833284154697e-02 -3.699794452748622620e-02 -4.009917508482825632e-02 -3.799480835260821143e-02 -3.296952085565703350e-02 -3.649505645620045036e-02 -7.856596004744485773e-02 -2.205493822247085733e-01 -5.931684119245594911e-01 -1.376004400264856375e+00 -3.267401604785439950e+00 -5.599789289774893319e+00 -1.844625838063536349e+01 5.443619628143469003e-01 -2.184639478840208255e+02 7.283257771797213991e+02 -5.439438858685119158e+03 2.324825800394736871e+04 -5.246074022893525580e+03 7.009214031707839467e+02 -1.937393188111439599e+02 4.608724111332314521e+00 -1.372878583194142088e+01 -3.442404316308205203e+00 -2.003904822196141744e+00 -7.623785517937244904e-01 -3.092205096278077825e-01 -1.057845546579292417e-01 -3.502786522427053795e-02 -1.508484756965010505e-02 -1.269360452337348066e-02 -1.354057299014769199e-02 -1.318394796260415926e-02 -1.119666521238827164e-02 -8.429005555185961271e-03 -5.764783036555201461e-03 -3.713317017528766899e-03 -2.396536806854374004e-03 -1.687211555315528680e-03 -1.362686577112994651e-03 -1.215531847335527644e-03 -1.107354026497749588e-03 -9.759565732351002752e-04 -8.155369008268790803e-04 -6.483329099532352110e-04 -5.005021663100903736e-04 -3.882757048493888619e-04 -3.139060259956777507e-04 -2.689842075581263918e-04 -2.416847124865141897e-04 -2.203660962959579669e-04 -1.982809300414078253e-04 -1.734961958927671026e-04 -1.476065421252636489e-04 -1.235427403642381551e-04 -1.037220738195581261e-04 -8.906591654825846106e-05 -7.895635469061214806e-05 -7.183519345458762805e-05 -6.600225281655345460e-05 -6.024362971318187324e-05 -5.409469300817119452e-05 -4.774304628807952316e-05 -4.171300610214051996e-05 -3.651474242744925382e-05 -3.240516636139557162e-05 -2.932145542575374916e-05 -2.696576607511494840e-05 -2.496597747995872913e-05 -2.302757885009646150e-05 -2.101810217891227105e-05 -1.896673938131099624e-05 -1.700070667811711290e-05 -1.525822092944669033e-05 -1.382507457663842746e-05 -1.268098535520069486e-05 -1.187121768623350405e-05 -1.070150693315327612e-05 -1.273104128191414156e-05
-7.632325039178043669e-02 -1.974948454243141346e-02 -1.338056378198575029e-02 -9.247278873404029056e-03 -7.358143290374560483e-03 -6.343665669632278514e-03 -5.831463467108455485e-03 -5.547544788850952181e-03 -5.321692370503323596e-03 -5.061118849763724531e-03 -4.752892697276412705e-03 -4.455656707875426358e-03 -4.274560071493642768e-03 -4.319777547328660164e-03 -4.657327986088117579e-03 -5.268095758791636711e-03 -6.033146983992159970e-03 -6.759865152837359406e-03 -7.253492480713373027e-03 -7.421370410663889229e-03 -7.380019241723306984e-03 -7.519416994883292189e-03 -8.474596154068829781e-03 -1.096810181195544652e-02 -1.551773823387889856e-02 -2.206150789682593399e-02 -2.962239284170139694e-02 -3.621935972360460637e-02 -3.933446095072481996e-02 -3.733733359093568960e-02 -3.245074550476795272e-02 -3.597722206511681786e-02 -7.759140714038963160e-02 -2.181571209853126192e-01 -5.876201010786011869e-01 -1.364686703083414665e+00 -3.245527698624208757e+00 -5.564134429072224108e+00 -1.837435698334591905e+01 6.077593741534046412e-01 -2.181357395821148089e+02 7.280042854775535943e+02 -5.437128933671667255e+03 2.324831972475036309e+04 -5.248211895061337600e+03 7.012289931922064170e+02 -1.939854588336313554e+02 4.575074204165289871e+00 -1.376949658481377980e+01 -3.459428704835309176e+00 -2.013421038250147621e+00 -7.666912871823041709e-01 -3.110968674505255605e-01 -1.064912067780221933e-01 -3.527604049109454160e-02 -1.519694294286291596e-02 -1.279323381437048532e-02 -1.365400394377987853e-02 -1.330101355672329635e-02 -1.130127847190202581e-02 -8.511364382173520690e-03 -5.823357680521983742e-03 -3.752333021136381331e-03 -2.422441978109860904e-03 -1.705930678519017264e-03 -1.378233746396720014e-03 -1.229827538034550249e-03 -1.120773385533443967e-03 -9.881193924909288401e-04 -8.259443369686162101e-04 -6.568305492529080865e-04 -5.071900779925571021e-04 -3.931406252489111244e-04 -3.178295052783282337e-04 -2.726389661185590289e-04 -2.450022615295931443e-04 -2.234774072344955574e-04 -2.011369766692973099e-04 -1.760395573670951719e-04 -1.498006769885007494e-04 -1.254001670215339583e-04 -1.052975607101800195e-04 -9.043375950503470346e-05 -8.018478914449949247e-05 -7.296936007607189036e-05 -6.706006269549725672e-05 -6.122266496263124088e-05 -5.498443859723147809e-05 -4.853624460274371717e-05 -4.241196736078283125e-05 -3.713152610559310548e-05 -3.295727224280739547e-05 -2.982599354413375820e-05 -2.743491893548476233e-05 -2.540533006347378702e-05 -2.343735175130218096e-05 -2.139611388426120291e-05 -1.931177810073180775e-05 -1.731380911325607549e-05 -1.554884827044868953e-05 -1.408187749513298926e-05 -1.304135809685667453e-05 -1.169900130778203578e-05 -1.398039701686609054e-05
-7.384108286378004982e-02 -1.912178935697012375e-02 -1.283359156255459328e-02 -8.721247844707498073e-03 -6.774775322662619087e-03 -5.698337664547483382e-03 -5.160637799945163966e-03 -4.915633441466070279e-03 -4.795353628402353185e-03 -4.680106278812049686e-03 -4.506222149470730763e-03 -4.273306757405518665e-03 -4.041498786437412727e-03 -3.911658934173146106e-03 -3.989150054074330418e-03 -4.338770937167195016e-03 -4.945697399452301732e-03 -5.700063586844743811e-03 -6.420046090772773412e-03 -6.919101683114050119e-03 -7.106239370926741017e-03 -7.091030354537043723e-03 -7.248885238754052170e-03 -8.197013870416637593e-03 -1.064378180195593368e-02 -1.510405458861136495e-02 -2.152971230559108315e-02 -2.897506427198495021e-02 -3.550102824896379794e-02 -3.862626332257024925e-02 -3.672663924365265897e-02 -3.196786083670702383e-02 -3.549435648702223278e-02 -7.667998724408403577e-02 -2.159131205467241521e-01 -5.824023971691577595e-01 -1.354020801199269375e+00 -3.224869891479830386e+00 -5.530409591410813341e+00 -1.830618815712660563e+01 6.678472099284975538e-01 -2.178233894358703537e+02 7.276973611276828251e+02 -5.434924791872952483e+03 2.324837733163293888e+04 -5.250255456360036987e+03 7.015229337666603442e+02 -1.942212492748759018e+02 4.542715966562288266e+00 -1.380860101912001525e+01 -3.475807921731460581e+00 -2.022583042791955332e+00 -7.708480718289161260e-01 -3.129070022268926610e-01 -1.071735963053685875e-01 -3.551591931464288809e-02 -1.530537734251898214e-02 -1.288966861584446219e-02 -1.376388107587651552e-02 -1.341450692852738311e-02 -1.140278703146813469e-02 -8.591346729522698900e-03 -5.880286217887996901e-03 -3.790275050602986279e-03 -2.447641187772926080e-03 -1.724140896942352730e-03 -1.393361849490296111e-03 -1.243753093182710899e-03 -1.133850069943866503e-03 -1.000028705911642102e-03 -8.361562303900018983e-04 -6.646968819926476384e-04 -5.132857629469850377e-04 -3.981546100090437219e-04 -3.219066294477580803e-04 -2.762203948763244368e-04 -2.482896341970542548e-04 -2.265428555081339666e-04 -2.039509041376919582e-04 -1.785440774288286924e-04 -1.519614442945300579e-04 -1.272296976006548114e-04 -1.068497823096584121e-04 -9.178166712976020155e-05 -8.139543712915893589e-05 -7.408714131587334779e-05 -6.810262998143002528e-05 -6.218768442740351169e-05 -5.586159425150672580e-05 -4.931839911359933845e-05 -4.310137828661410287e-05 -3.774004063110275191e-05 -3.350210271543292576e-05 -3.032399114250543468e-05 -2.789811473750457516e-05 -2.583931176820641982e-05 -2.384247174989067707e-05 -2.177069178665593749e-05 -1.965438551697022351e-05 -1.763163199415061400e-05 -1.582708392698915065e-05 -1.447060410676061469e-05 -1.284329898316616726e-05 -1.528775304935827103e-05
-6.796547173681204146e-02 -1.784977288945648055e-02 -1.209033399598312755e-02 -8.289271023099131080e-03 -6.412670669052852705e-03 -5.297711452105658553e-03 -4.679912338462185843e-03 -4.374217378578673307e-03 -4.253081439513750617e-03 -4.208040956588006420e-03 -4.153712116589864875e-03 -4.041199874566364300e-03 -3.871453392087388992e-03 -3.698144622830347190e-03 -3.613464743436745584e-03 -3.716580127616342984e-03 -4.071494946040752835e-03 -4.668627198728979300e-03 -5.407742684248659573e-03 -6.117673254427674796e-03 -6.619483819436383122e-03 -6.823292394731779280e-03 -6.831681785572976499e-03 -7.006137258397260141e-03 -7.947121581606651428e-03 -1.034976295621705712e-02 -1.472614115590008266e-02 -2.104093107005684804e-02 -2.837746867676039716e-02 -3.483572538755544401e-02 -3.796869739718703590e-02 -3.615850678918029054e-02 -3.151797267311803874e-02 -3.504353908882484187e-02 -7.582591824368964395e-02 -2.138038706527791433e-01 -5.774863361117461569e-01 -1.343951782364469327e+00 -3.205329541560069551e+00 -5.498462548053067778e+00 -1.824146898154086927e+01 7.248769156758054777e-01 -2.175257751587314488e+02 7.274040367837493477e+02 -5.432819329108373495e+03 2.324843118238817988e+04 -5.252210812912361689e+03 7.018041133740697433e+02 -1.944473296082092588e+02 4.511576848287568886e+00 -1.384619239122284462e+01 -3.491577925436373686e+00 -2.031410220648176335e+00 -7.748571543847506682e-01 -3.146542885643144327e-01 -1.078328908492913740e-01 -3.574787803180945467e-02 -1.541032818510693590e-02 -1.298308688045453178e-02 -1.387040436965345826e-02 -1.352461584103842838e-02 -1.150133409000095308e-02 -8.669040739239292429e-03 -5.935611874177453874e-03 -3.827162285898514336e-03 -2.472148500638851089e-03 -1.741867294201522760e-03 -1.408093557599973374e-03 -1.257374758660480697e-03 -1.146660968119737889e-03 -1.011193826307342286e-03 -8.456631230038835247e-04 -6.726540680205236357e-04 -5.194968074986315880e-04 -4.030630983312459233e-04 -3.259373764225227568e-04 -2.797452336060981962e-04 -2.515251642064245553e-04 -2.295579751687926108e-04 -2.067182653784782479e-04 -1.810072928440196874e-04 -1.540870819002953737e-04 -1.290300789220003399e-04 -1.083777987399935891e-04 -9.310892980390446047e-05 -8.258776687328648540e-05 -7.518814534507649533e-05 -6.912966856740892195e-05 -6.313847640736554724e-05 -5.672599666010047471e-05 -5.008937678076461606e-05 -4.378112723975958803e-05 -3.834019648548684571e-05 -3.403960185802452914e-05 -3.081545020942073746e-05 -2.835546835119220522e-05 -2.626820769198334212e-05 -2.424376905406830691e-05 -2.214247693611677572e-05 -2.000198500496031800e-05 -1.793572878722360356e-05 -1.624939435384499241e-05 -1.424841676135122216e-05 -1.675718557526522309e-05
-5.996263490030395021e-02 -1.609012588551775313e-02 -1.114478969900953471e-02 -7.852234407324194809e-03 -6.162314611984495531e-03 -5.070401309560369947e-03 -4.379608861922702594e-03 -3.971797986414915896e-03 -3.775057568215499891e-03 -3.717588879833747927e-03 -3.722674860879065118e-03 -3.719307652000784347e-03 -3.661456684395833841e-03 -3.545914566899870633e-03 -3.419255125272960359e-03 -3.367110562299453509e-03 -3.485198610065533796e-03 -3.838558467061571871e-03 -4.423069094229250230e-03 -5.146894471198761381e-03 -5.847575693194685502e-03 -6.352049136759086063e-03 -6.570735919072332419e-03 -6.599631566744472433e-03 -6.787672733757767023e-03 -7.720303359577009202e-03 -1.008071260428365125e-02 -1.437839367564107060e-02 -2.058960165583456972e-02 -2.782425957816535983e-02 -3.421845693964842283e-02 -3.735730501115398089e-02 -3.562919485229265604e-02 -3.109797444304374450e-02 -3.462148600804448167e-02 -7.502357735109928261e-02 -2.118172617586400741e-01 -5.728463871505364846e-01 -1.334431078066137477e+00 -3.186818742873415822e+00 -5.468156858970682599e+00 -1.817994441359136104e+01 7.790753325355437298e-01 -2.172418777092978814e+02 7.271234290031238743e+02 -5.430806063353557875e+03 2.324848159668990047e+04 -5.254083554970089608e+03 7.020733449138693913e+02 -1.946642877619655678e+02 4.481589587027790422e+00 -1.388235681760635210e+01 -3.506771966873673207e+00 -2.039920495127456768e+00 -7.787261839613236480e-01 -3.163418975439145631e-01 -1.084702391918030834e-01 -3.597232968384493634e-02 -1.551199894013026263e-02 -1.307365717604450778e-02 -1.397373300154688622e-02 -1.363147536499758478e-02 -1.159702023827821789e-02 -8.744516617337218592e-03 -5.989385614337887700e-03 -3.863042619004585995e-03 -2.495998175611914040e-03 -1.759183861654868650e-03 -1.422511769908278625e-03 -1.270176160940622188e-03 -1.158670816375161798e-03 -1.022380984224077272e-03 -8.552154930413110017e-04 -6.804351109306204428e-04 -5.256132113948056017e-04 -4.078846920802053867e-04 -3.298993060418433233e-04 -2.832090379174971909e-04 -2.547043989437246464e-04 -2.325204588981248253e-04 -2.094375382729849486e-04 -1.834282196989731181e-04 -1.561768902712895536e-04 -1.308007815587080322e-04 -1.098811952230111379e-04 -9.441522655942058038e-05 -8.376154093803515541e-05 -7.627220653679534748e-05 -7.014106809624917117e-05 -6.407496693021022668e-05 -5.757759173465393297e-05 -5.084913370294478010e-05 -4.445118073353748902e-05 -3.893198370964679795e-05 -3.456981196933364827e-05 -3.130052873563437870e-05 -2.880731995169261243e-05 -2.669295451290392245e-05 -2.464197743914268919e-05 -2.251964049518584874e-05 -2.033444780582806212e-05 -1.839754190594680952e-05 -1.600270053163631108e-05 -1.852964955464290350e-05
-5.190731529121718479e-02 -1.422160497342420289e-02 -1.011263797720890131e-02 -7.360658977082105286e-03 -5.912936335332816783e-03 -4.907104853812404265e-03 -4.193734232645755268e-03 -3.703181552505253188e-03 -3.410544698114263175e-03 -3.286257969964200432e-03 -3.282058859765950732e-03 -3.333086862151294662e-03 -3.373361587985957300e-03 -3.357544262794426044e-03 -3.280414955081258598e-03 -3.185164838930525186e-03 -3.154055275496444894e-03 -3.280850777099835521e-03 -3.631215932789426566e-03 -4.204692400099283023e-03 -4.915535178821555176e-03 -5.608055259880688828e-03 -6.114091835186740397e-03 -6.344568583582657975e-03 -6.390065207425253517e-03 -6.588630499194408734e-03 -7.512229666750918841e-03 -9.832962454762976187e-03 -1.405750617274030036e-02 -2.017229290276852452e-02 -2.731152032208954833e-02 -3.364481913216532671e-02 -3.678758107837854646e-02 -3.513465419363558800e-02 -3.070457201031051575e-02 -3.422514097871127287e-02 -7.426821358402778406e-02 -2.099429724716098955e-01 -5.684602077058749092e-01 -1.325415471103474685e+00 -3.169258565094483782e+00 -5.439369497153829336e+00 -1.812138368389896570e+01 8.306476708765904160e-01 -2.169707698304363248e+02 7.268547291138113451e+02 -5.428879068298810125e+03 2.324852886076889627e+04 -5.255878810232953583e+03 7.023313736984297293e+02 -1.948726650626922208e+02 4.452691842040433556e+00 -1.391717392448117963e+01 -3.521420894996117212e+00 -2.048130557963998566e+00 -7.824623501680463278e-01 -3.179728538261760162e-01 -1.090867551051319245e-01 -3.618966276096988177e-02 -1.561054988271705184e-02 -1.316149364896703269e-02 -1.407398029666247045e-02 -1.373519905770100372e-02 -1.168995116576669428e-02 -8.817872219831646846e-03 -6.041677839394816313e-03 -3.898014416560006534e-03 -2.519287427084278795e-03 -1.775549404502753522e-03 -1.436053395385081298e-03 -1.282968415632316540e-03 -1.170674471898175721e-03 -1.033310600503103364e-03 -8.645940118484291351e-04 -6.880618472097945176e-04 -5.316127612189841057e-04 -4.126155834744304118e-04 -3.337881838897370523e-04 -2.866096476173953184e-04 -2.578259785324564447e-04 -2.354295597283391972e-04 -2.121083181206042908e-04 -1.858066327392454144e-04 -1.582307196294471590e-04 -1.325416834587063409e-04 -1.113598664886355377e-04 -9.570047526556633131e-05 -8.491670810717040475e-05 -7.733930534938316108e-05 -7.113683339988823538e-05 -6.499717387836933212e-05 -5.841640121460912069e-05 -5.159769444663656919e-05 -4.511157916979991031e-05 -3.951549034322024797e-05 -3.509294105956720870e-05 -3.177963271693173315e-05 -2.925473758099103277e-05 -2.711441207565756421e-05 -2.504619268356474211e-05 -2.288014866962990193e-05 -2.084114222105893738e-05 -1.812129407924694468e-05 -2.072849837573748742e-05
-4.564508522150188818e-02 -1.263578759431783702e-02 -9.153000722575172984e-03 -6.820288077969920322e-03 -5.595045293603630003e-03 -4.711534265198409101e-03 -4.038140485958584963e-03 -3.522978021768882664e-03 -3.163997280177364806e-03 -2.962105770320264640e-03 -2.901550073747929774e-03 -2.942666256441667846e-03 -3.027470503464114136e-03 -3.095607757840420412e-03 -3.105460777100730110e-03 -3.052932113739493039e-03 -2.979753727127291019e-03 -2.965136028483593249e-03 -3.099891488818402006e-03 -3.448612485855693122e-03 -4.012760247538431357e-03 -4.711377267493595082e-03 -5.394922732465165689e-03 -5.900221062450759606e-03 -6.139351216769948702e-03 -6.198479322180908482e-03 -6.405851798618088060e-03 -7.320836090305313411e-03 -9.604836474123213189e-03 -1.376138893303652071e-02 -1.978595757124790647e-02 -2.683517832829551697e-02 -3.311013723289200905e-02 -3.625497649680961554e-02 -3.467115719000898877e-02 -3.033510505968943852e-02 -3.385226899511765281e-02 -7.355605986853883116e-02 -2.081720548313512331e-01 -5.643078033184395492e-01 -1.316865970095683958e+00 -3.152577665958459452e+00 -5.411989196951567216e+00 -1.806557763389627524e+01 8.797797714771925515e-01 -2.167116061637231326e+02 7.265971953726823358e+02 -5.427032915005774157e+03 2.324857323165286289e+04 -5.257601290563700786e+03 7.025788844406580438e+02 -1.950729607419677052e+02 4.424825695061449515e+00 -1.395071754861116275e+01 -3.535553461291674804e+00 -2.056056017805384606e+00 -7.860724024929146569e-01 -3.195499855811743117e-01 -1.096834488333988528e-01 -3.640019471859840677e-02 -1.570609297407521421e-02 -1.324668916342009242e-02 -1.417126441328200523e-02 -1.383592736706873265e-02 -1.178025016364597950e-02 -8.889256032315388106e-03 -6.092623470236477497e-03 -3.931525875574470516e-03 -2.541431620177772230e-03 -1.791824092078733765e-03 -1.449559027976117737e-03 -1.295457484001419531e-03 -1.182442278854377868e-03 -1.044008321981346882e-03 -8.737777768736506483e-04 -6.955323654634595247e-04 -5.374924467524422062e-04 -4.172543569725901459e-04 -3.376030352676080747e-04 -2.899465471141898548e-04 -2.608897192213256592e-04 -2.382853254829495385e-04 -2.147307727339992371e-04 -1.881427288936167441e-04 -1.602487405593276616e-04 -1.342529105531625343e-04 -1.128139018557228922e-04 -9.696474752714204942e-05 -8.605333885705233280e-05 -7.838951866938335988e-05 -7.211704647762548720e-05 -6.590517953690938722e-05 -5.924250706341961312e-05 -5.233515328929823969e-05 -4.576246296556872714e-05 -4.009098413955759131e-05 -3.560947507105721119e-05 -3.225399162794080296e-05 -2.969873849411145347e-05 -2.754282308886004746e-05 -2.543205808630744140e-05 -2.343549764542313547e-05 -2.052462139237029026e-05 -2.339811945060231804e-05
-4.204895013301096496e-02 -1.156578366608897353e-02 -8.388534145928626395e-03 -6.274621999728104312e-03 -5.197648164873248759e-03 -4.435330025384996537e-03 -3.847784913143654801e-03 -3.372232960221491476e-03 -3.002679653887888565e-03 -2.749885533110863704e-03 -2.621307491837228734e-03 -2.607241667502227696e-03 -2.675792713097616300e-03 -2.777639837196188392e-03 -2.860044529052357433e-03 -2.886111945073851874e-03 -2.852672804277081239e-03 -2.798992957722450103e-03 -2.799978859019309953e-03 -2.942444240009555421e-03 -3.289265805976105284e-03 -3.843547285458038826e-03 -4.529054000008655642e-03 -5.202402878910249336e-03 -5.705449134341412584e-03 -5.951568136353467542e-03 -6.022838908943484691e-03 -6.238239571830921613e-03 -7.145166173894637075e-03 -9.394792319725271332e-03 -1.348749772199316077e-02 -1.942704189487110336e-02 -2.639102952256589668e-02 -3.261014032958403641e-02 -3.575576202293286737e-02 -3.423592433291278853e-02 -2.998770579017670870e-02 -3.350115459055953704e-02 -7.288374715199620602e-02 -2.064962808301135100e-01 -5.603709366081421894e-01 -1.308747258770374122e+00 -3.136711569642030462e+00 -5.385915352221704921e+00 -1.801233648194213544e+01 9.266402225937505621e-01 -2.164636143610519241e+02 7.263501463340500095e+02 -5.425262620632167454e+03 2.324861494078802571e+04 -5.259255333281565072e+03 7.028165072254365668e+02 -1.952656360581342199e+02 4.397937170084750491e+00 -1.398305630130821520e+01 -3.549196479655370773e+00 -2.063711426009445127e+00 -7.895626108789338682e-01 -3.210758890709220492e-01 -1.102612264063555780e-01 -3.660420830161666833e-02 -1.579874561685264481e-02 -1.332936639711119683e-02 -1.426572153431468828e-02 -1.393385187531408047e-02 -1.186810572038452145e-02 -8.958128294913740228e-03 -6.141636780208503503e-03 -3.964503237856442305e-03 -2.563326529061854108e-03 -1.807700610877477050e-03 -1.462787438573663612e-03 -1.307671783898995896e-03 -1.193954170468989511e-03 -1.054474618388940221e-03 -8.827660828450289033e-04 -7.028472070639232329e-04 -5.432526523261436589e-04 -4.218013071276092291e-04 -3.413441146301027631e-04 -2.932200529034949678e-04 -2.638960349628751605e-04 -2.410882413322756488e-04 -2.173053986625226111e-04 -1.904369578749873541e-04 -1.622313219492986405e-04 -1.359347464907485455e-04 -1.142435168470853094e-04 -9.820821583942934295e-05 -8.717158405177319509e-05 -7.942298792363058338e-05 -7.308184385211009642e-05 -6.679911941660958484e-05 -6.005605807252832872e-05 -5.306170832778364687e-05 -4.640416938416149384e-05 -4.065904482698105349e-05 -3.612083243768689000e-05 -3.272479744983443166e-05 -3.015092926152931912e-05 -2.795092640000705533e-05 -2.603791541253303252e-05 -2.306388599490654650e-05 -2.646757156383275445e-05
-4.082603616277828695e-02 -1.101449689913091071e-02 -7.857734775420881917e-03 -5.776436290698411767e-03 -4.758715304703088449e-03 -4.086334809331170284e-03 -3.598071532846512568e-03 -3.204458005523943154e-03 -2.877310847019225269e-03 -2.618006104389268909e-03 -2.441277820966599333e-03 -2.359591705245904936e-03 -2.370749602408190292e-03 -2.451785178774151894e-03 -2.561808216158796645e-03 -2.654163003089008831e-03 -2.694576363147816248e-03 -2.678963161322706413e-03 -2.643074842228416814e-03 -2.657361241573844707e-03 -2.805103854985317550e-03 -3.148091242225999672e-03 -3.691447200606773858e-03 -4.363589960756053023e-03 -5.026843956920945718e-03 -5.527533457423307837e-03 -5.779984490685439492e-03 -5.862291122536367714e-03 -6.084737968755718658e-03 -6.983587519805298932e-03 -9.200506042302929177e-03 -1.323291341117970032e-02 -1.909225435569955609e-02 -2.597568538699761287e-02 -3.214162559748608844e-02 -3.528717399072497929e-02 -3.382678498486865748e-02 -2.966070129911535166e-02 -3.317002453404516160e-02 -7.224794188254844707e-02 -2.049080262231423311e-01 -5.566331216757072209e-01 -1.301027561801485932e+00 -3.121602113597460093e+00 -5.361056888642051099e+00 -1.796148758884101326e+01 9.713824651833192769e-01 -2.162260871886483926e+02 7.261129549725746983e+02 -5.423563603508600863e+03 2.324865419696973186e+04 -5.260844937768129967e+03 7.030448227460361750e+02 -1.954511178905090389e+02 4.371975922307467677e+00 -1.401425395881426361e+01 -3.562374910011493423e+00 -2.071110310488492701e+00 -7.929387952895908809e-01 -3.225529797371514684e-01 -1.108209507265774385e-01 -3.680200648430988902e-02 -1.588864450212035956e-02 -1.340970315255382052e-02 -1.435755594738660768e-02 -1.402843630705691638e-02 -1.195294410674889451e-02 -9.025506438583628596e-03 -6.189691757291276332e-03 -3.996639145980113161e-03 -2.584725667715667002e-03 -1.823212079222265303e-03 -1.475718716639243169e-03 -1.319613103013264881e-03 -1.205211331303044763e-03 -1.064712449862165091e-03 -8.915617120575897820e-04 -7.100086417773240292e-04 -5.488950085725203881e-04 -4.262575777611393138e-04 -3.450122923833841694e-04 -2.964309342249697157e-04 -2.668456785759725771e-04 -2.438390499304653961e-04 -2.198328916927277856e-04 -1.926899265692155977e-04 -1.641789587252709512e-04 -1.375875768659829020e-04 -1.156490093535424531e-04 -9.943111882324225158e-05 -8.827164795283641433e-05 -8.043990045172119566e-05 -7.403140939169539937e-05 -6.767919403853220404e-05 -6.085731169317047727e-05 -5.377777273511172133e-05 -4.703738118914342544e-05 -4.122129685988006563e-05 -3.662837574249952851e-05 -3.320517466459580017e-05 -3.058051480173229844e-05 -2.860802345609234174e-05 -2.559630515534638587e-05 -2.976809081839060586e-05
-4.084677672936101733e-02 -1.079325770278962912e-02 -7.512571516744098038e-03 -5.362268771415046320e-03 -4.338098870491914963e-03 -3.712436257823341617e-03 -3.305066207403312140e-03 -3.000647255483781650e-03 -2.744594950768490787e-03 -2.518442596715010813e-03 -2.329493487895767379e-03 -2.197906426717301590e-03 -2.142432818823576321e-03 -2.167653698420415106e-03 -2.257002796804652347e-03 -2.374683635351102721e-03 -2.477120316444611156e-03 -2.530791998419364228e-03 -2.530208080400829593e-03 -2.508224971233355763e-03 -2.531982893504233605e-03 -2.682281415524842300e-03 -3.020331521102430535e-03 -3.553105264622785902e-03 -4.212972333609617086e-03 -4.867078482829286477e-03 -5.365533560751869005e-03 -5.623418360989961701e-03 -5.715222413815625700e-03 -5.943360463288890720e-03 -6.833917393138482822e-03 -9.019749413521847489e-03 -1.299540481814398865e-02 -1.877930661880803861e-02 -2.558673429751597006e-02 -3.170207983807633856e-02 -3.484675110475402016e-02 -3.344154837544430214e-02 -2.935225565349137977e-02 -3.285703132116316733e-02 -7.164557151886735697e-02 -2.034005305445703571e-01 -5.530796886134957679e-01 -1.293678337712146798e+00 -3.107196650737886312e+00 -5.337330999148965915e+00 -1.791287337546724956e+01 1.014146583658918299e+00 -2.159983757801812487e+02 7.258850432887621764e+02 -5.421931643681919923e+03 2.324869118884483760e+04 -5.262373797805257709e+03 7.032643670649929390e+02 -1.956298018173201001e+02 4.346895021139876469e+00 -1.404436982356361518e+01 -3.575112002792291577e+00 -2.078265294223478943e+00 -7.962064176382013247e-01 -3.239835615206729802e-01 -1.113634598243907481e-01 -3.699393981818678567e-02 -1.597599823168751459e-02 -1.348711102871309395e-02 -1.444616818065756064e-02 -1.412078495807645405e-02 -1.203583366184203009e-02 -9.091103719247369680e-03 -6.236555688257445357e-03 -4.027984835616658411e-03 -2.605615836344028248e-03 -1.838363375417147866e-03 -1.488355333540589262e-03 -1.331285801384020535e-03 -1.216218543385854571e-03 -1.074726500067449712e-03 -9.001686654496383368e-04 -7.170197587384099375e-04 -5.544217444737854989e-04 -4.306247605679986118e-04 -3.486087805806175385e-04 -2.995802222562722258e-04 -2.697396043924688664e-04 -2.465386501833558616e-04 -2.223140705904939126e-04 -1.949023404350424323e-04 -1.660922259095525748e-04 -1.392118525302851696e-04 -1.170307301319313916e-04 -1.006337382774879146e-04 -8.935377308135275531e-05 -8.144048601178380275e-05 -7.496599094699926019e-05 -6.854571766654649924e-05 -6.164675776379315920e-05 -5.448413426129746222e-05 -4.766393174214368606e-05 -4.177925077290523648e-05 -3.714680506393588510e-05 -3.366027866581026181e-05 -3.129027774342289933e-05 -2.808630996237575171e-05 -3.311393125830252752e-05
-4.075882980543306389e-02 -1.063439599187473647e-02 -7.253407649127668194e-03 -5.039340659833691817e-03 -3.987347048882520888e-03 -3.372386909484323576e-03 -3.009040380169652855e-03 -2.769754935552883567e-03 -2.582259964734772914e-03 -2.408832117511931249e-03 -2.241384125454413696e-03 -2.093801503459069742e-03 -1.990833042927791108e-03 -1.954655684100860182e-03 -1.992715911178971622e-03 -2.091091807838884545e-03 -2.216418858900219991e-03 -2.327023881781221503e-03 -2.390297230923159495e-03 -2.400331236586874129e-03 -2.388287911217820605e-03 -2.418900002326134380e-03 -2.570813052412764584e-03 -2.904396721469932469e-03 -3.427799675011708458e-03 -4.076547612370538635e-03 -4.721970017129373254e-03 -5.217684455175906726e-03 -5.479686953639431417e-03 -5.579409215196481746e-03 -5.812163073398331214e-03 -6.694599671826840549e-03 -8.851217942782003273e-03 -1.277362646992816035e-02 -1.848652121959136474e-02 -2.522203187742783417e-02 -3.128899615579490423e-02 -3.443193754766833009e-02 -3.307798174640145389e-02 -2.906063880448084627e-02 -3.256062219594209328e-02 -7.107408891387857752e-02 -2.019679128169758753e-01 -5.496974953809778963e-01 -1.286673705549992164e+00 -3.093447209390876473e+00 -5.314662089029451586e+00 -1.786634968913698174e+01 1.055060649804777873e+00 -2.157798838648012634e+02 7.256658774962477310e+02 -5.420362847965560832e+03 2.324872608721491997e+04 -5.263845330146841661e+03 7.034756359046621128e+02 -1.958020548732495456e+02 4.322650680514356303e+00 -1.407345914160800859e+01 -3.587429498105773717e+00 -2.085188226494639530e+00 -7.993706256000266963e-01 -3.253698657224636248e-01 -1.118896255347598262e-01 -3.717954149632841238e-02 -1.606016875806903429e-02 -1.356273274008954616e-02 -1.453268917022543238e-02 -1.421062419147986131e-02 -1.211656766452377278e-02 -9.155009920956663771e-03 -6.282240708135464896e-03 -4.058560963224419615e-03 -2.626007088738487125e-03 -1.853161953558702356e-03 -1.500703497996233376e-03 -1.342695998316008723e-03 -1.226981790926413157e-03 -1.084522218436728865e-03 -9.085914807765180321e-04 -7.238840443025823784e-04 -5.598353984917494273e-04 -4.349046936886623478e-04 -3.521349875932997149e-04 -3.026691029426667998e-04 -2.725788877129016593e-04 -2.491880356939257476e-04 -2.247498292021642336e-04 -1.970749654471123827e-04 -1.679717477698499685e-04 -1.408080644748976407e-04 -1.183890633333030195e-04 -1.018163871717388719e-04 -9.041824011177329254e-05 -8.242503780908669688e-05 -7.588595499104039898e-05 -6.939925255790990602e-05 -6.242528475536437494e-05 -5.518282811990166028e-05 -4.828545372486178896e-05 -4.234916244974656365e-05 -3.763695544268235170e-05 -3.442706660583982908e-05 -3.068638290929819919e-05 -3.642446631769688840e-05
-3.958812956754896584e-02 -1.031596535059302495e-02 -6.979484676034095232e-03 -4.787460826283619977e-03 -3.729009639587229676e-03 -3.108144259049306496e-03 -2.751493461448022409e-03 -2.537758906698900190e-03 -2.392381805991798758e-03 -2.267466539500407122e-03 -2.139923379177261376e-03 -2.009228184298701356e-03 -1.892248595480245862e-03 -1.814071204625040869e-03 -1.796384979194834202e-03 -1.846692687243935626e-03 -1.952311658249825718e-03 -2.082138824235883409e-03 -2.197010325244727093e-03 -2.266089409054133225e-03 -2.283761664017295613e-03 -2.279846401841119710e-03 -2.316644840861123867e-03 -2.470354555765129790e-03 -2.800086080348994193e-03 -3.314750633754027544e-03 -3.952704977040634622e-03 -4.589275839450219704e-03 -5.081570899092130271e-03 -5.346670345588119301e-03 -5.453298941366354312e-03 -5.690147683632150455e-03 -6.564930972946294782e-03 -8.694125577181492301e-03 -1.256637436517230554e-02 -1.821211346539675438e-02 -2.487928296726392430e-02 -3.089984807506286971e-02 -3.404036181415066864e-02 -3.273420093640189849e-02 -2.878453034867882454e-02 -3.227963113225656988e-02 -7.053133084615709203e-02 -2.006048556939925842e-01 -5.464745201869944946e-01 -1.279989994900655681e+00 -3.080309957390306330e+00 -5.292981089042625875e+00 -1.782178454011324931e+01 1.094241857665386508e+00 -2.155700626029502303e+02 7.254549638956698345e+02 -5.418853618835234556e+03 2.324875904711061594e+04 -5.265262699948581030e+03 7.036790883849861302e+02 -1.959682181126104865e+02 4.299201942379833774e+00 -1.410157350355986239e+01 -3.599347763856131532e+00 -2.091890276104938717e+00 -8.024363366180294888e-01 -3.267131487935788225e-01 -1.123993890129302009e-01 -3.736016079635325060e-02 -1.614234181230071383e-02 -1.363625844034422815e-02 -1.461690487578264433e-02 -1.429807603688558817e-02 -1.219519567662489222e-02 -9.217280748540329985e-03 -6.326782189246470470e-03 -4.088390151285055570e-03 -2.645913066671821880e-03 -1.867616986490955441e-03 -1.512770627406014815e-03 -1.353850562062787347e-03 -1.237507543075835924e-03 -1.094105377956465334e-03 -9.168349308928328131e-04 -7.306051717296706879e-04 -5.651386664222581664e-04 -4.390993490684842195e-04 -3.555924332411202859e-04 -3.056988522392965215e-04 -2.753646747711079685e-04 -2.517882554494854262e-04 -2.271411048624420660e-04 -1.992086021392344773e-04 -1.698181764717663917e-04 -1.423767274286843933e-04 -1.197244173144925946e-04 -1.029794126002312344e-04 -9.146539287762781619e-05 -8.339397260283731763e-05 -7.679193131998006936e-05 -7.024078319296817995e-05 -6.319512562246371913e-05 -5.587560407219367697e-05 -4.891974238826482594e-05 -4.288753326301452729e-05 -3.846977033297414048e-05 -3.374603924852081366e-05 -3.983515846576656460e-05
-3.707086657125810425e-02 -9.745704522570420095e-03 -6.630495605133087875e-03 -4.571932734648192879e-03 -3.551925078663309854e-03 -2.929628714375959956e-03 -2.556525675442258144e-03 -2.332219151135165973e-03 -2.194331127415764457e-03 -2.096803202533849449e-03 -2.008303724223603742e-03 -1.913466728232289743e-03 -1.813685635184391839e-03 -1.724453080666628032e-03 -1.668502743028556093e-03 -1.665955733657551591e-03 -1.724469375019588475e-03 -1.833263374526958398e-03 -1.964169464523483032e-03 -2.080885855115499877e-03 -2.154313668621349407e-03 -2.178839910012855558e-03 -2.182598592300109570e-03 -2.225229120070457926e-03 -2.380417929607215981e-03 -2.706066565174893891e-03 -3.211904316903606890e-03 -3.839089982738764020e-03 -4.466816777944300314e-03 -4.955518878045604876e-03 -5.223284163022000326e-03 -5.336248959904695693e-03 -5.576825696002731675e-03 -6.444269320265422554e-03 -8.547450796815975887e-03 -1.237215853329702575e-02 -1.795418157636038611e-02 -2.455634890509875157e-02 -3.053250479235247727e-02 -3.367015145354354533e-02 -3.240876256074518708e-02 -2.852288502887179861e-02 -3.201300621560697335e-02 -7.001522734750403876e-02 -1.993063827946178479e-01 -5.433997149973306406e-01 -1.273605601553543298e+00 -3.067744910027151661e+00 -5.272224897660868770e+00 -1.777905690922796467e+01 1.131797671045678522e+00 -2.153684058816148479e+02 7.252518452790412766e+02 -5.417400626816527620e+03 2.324879020952714927e+04 -5.266628843545072414e+03 7.038751502778076201e+02 -1.961286089319659141e+02 4.276510434766414015e+00 -1.412876117890977312e+01 -3.610885967292426724e+00 -2.098381028248435420e+00 -8.054072424198251978e-01 -3.280164765548587158e-01 -1.128945770543079707e-01 -3.753560663279717491e-02 -1.622228535598027946e-02 -1.370779668423735900e-02 -1.469887125991593303e-02 -1.438322507584713014e-02 -1.227178983315945285e-02 -9.277972254273066793e-03 -6.370218061733946488e-03 -4.117496120941423546e-03 -2.665348348019255451e-03 -1.881738304767941340e-03 -1.524564592650101040e-03 -1.364756645202141018e-03 -1.247802438806710048e-03 -1.103481857103138803e-03 -9.249038667208051836e-04 -7.371868848864448522e-04 -5.703343133789098764e-04 -4.432107649614236661e-04 -3.589826965948909681e-04 -3.086707953763966734e-04 -2.780981504447891197e-04 -2.543403876049276811e-04 -2.294888565904077587e-04 -2.013040675161923397e-04 -1.716321783498734297e-04 -1.439183731155024024e-04 -1.210372303071526756e-04 -1.041232246834108662e-04 -9.249570482636784415e-05 -8.434798931410517639e-05 -7.768500437464579984e-05 -7.107275688994763561e-05 -6.395818536445307555e-05 -5.658190552898174680e-05 -4.951905126731618245e-05 -4.380028397808965405e-05 -3.771779687250268148e-05 -4.373272621306180022e-05
-3.363426512608319596e-02 -8.975193740340906001e-03 -6.203599390444285155e-03 -4.359827194864535245e-03 -3.421290567682565460e-03 -2.815797134575325801e-03 -2.423304609576338014e-03 -2.169676688296898366e-03 -2.012376429731897818e-03 -1.916589227532044647e-03 -1.851701721711069464e-03 -1.793313136991142110e-03 -1.727670531475329401e-03 -1.654840200545271665e-03 -1.588045340157155649e-03 -1.548274377431787738e-03 -1.555256539183825929e-03 -1.617782090960164431e-03 -1.727337576176705318e-03 -1.858404394297588419e-03 -1.976855506086872515e-03 -2.054598712145075910e-03 -2.085547536558522968e-03 -2.096065865215212230e-03 -2.143381408314952354e-03 -2.299067095852447198e-03 -2.620138339041913622e-03 -3.117231569832454047e-03 -3.734127434524817449e-03 -4.353529609942887943e-03 -4.838844253232363161e-03 -5.108997997475292138e-03 -5.227669132111326979e-03 -5.471411734153705519e-03 -6.331589149735579285e-03 -8.409946013399253670e-03 -1.218955234949418986e-02 -1.771116547739838565e-02 -2.425158881430876032e-02 -3.018532459783994024e-02 -3.331977926421925834e-02 -3.210036786101588824e-02 -2.827463810373015071e-02 -3.175962925073473608e-02 -6.952377107287514846e-02 -1.980679279381042657e-01 -5.404630634856696370e-01 -1.267500905809839651e+00 -3.055715584699142617e+00 -5.252335730613241438e+00 -1.773805554744634705e+01 1.167826911519207478e+00 -2.151744461642002193e+02 7.250560976372199775e+02 -5.416000786015070844e+03 2.324881970285664647e+04 -5.267946488827470603e+03 7.040642169598237388e+02 -1.962835231259524278e+02 4.254540103534600881e+00 -1.415506637761153108e+01 -3.622061102084150885e+00 -2.104671461871535421e+00 -8.082887942519111357e-01 -3.292811932933693009e-01 -1.133754886420341446e-01 -3.770612144767022250e-02 -1.630005233109341894e-02 -1.377741751218089158e-02 -1.477866777549854092e-02 -1.446615483181754903e-02 -1.234642314583228248e-02 -9.337140022523929619e-03 -6.412586085539059844e-03 -4.145902611315060993e-03 -2.684327667395625550e-03 -1.895535912681291929e-03 -1.536093388131574066e-03 -1.375421457120639237e-03 -1.257873124769295871e-03 -1.112657521126621642e-03 -9.328031279832704184e-04 -7.436329297353697857e-04 -5.754251205192004821e-04 -4.472410041885408675e-04 -3.623073830121840066e-04 -3.115862804323573298e-04 -2.807805165306623773e-04 -2.568455211549907562e-04 -2.317940497060525711e-04 -2.033621834824650431e-04 -1.734144291231099204e-04 -1.454335583635989703e-04 -1.223280037439697051e-04 -1.052483719846694594e-04 -9.350995898968605794e-05 -8.528829370845916562e-05 -7.856788813947959834e-05 -7.189732375155843242e-05 -6.473590189625706834e-05 -5.724961586080503474e-05 -5.052892258748961456e-05 -4.297516254742788418e-05 -4.866773840508364641e-05
-3.009070552710032403e-02 -8.151169565374307910e-03 -5.742990126608654017e-03 -4.132337645772858614e-03 -3.296624217842304694e-03 -2.728489765769002203e-03 -2.330581549883501118e-03 -2.050389805451659480e-03 -1.864092333143580566e-03 -1.751496589405207105e-03 -1.689789775121485144e-03 -1.653908623872216198e-03 -1.621446579337645476e-03 -1.578763820022427520e-03 -1.525272320853619324e-03 -1.473491265969588317e-03 -1.444098668402702106e-03 -1.457140195400207297e-03 -1.522389860036753697e-03 -1.632826945075627331e-03 -1.764594205592902266e-03 -1.884933504148920405e-03 -1.966379965147977901e-03 -2.002459265802446729e-03 -2.018178505672042246e-03 -2.068864435539268833e-03 -2.224359839661898142e-03 -2.540908006705610168e-03 -3.029875388968370983e-03 -3.637286732150018121e-03 -4.248937956874449841e-03 -4.730919547520948815e-03 -5.002963371547946951e-03 -5.126546276489705317e-03 -5.372843287701727436e-03 -6.225870134862796813e-03 -8.280644785921097498e-03 -1.201757156477517574e-02 -1.748195550390726702e-02 -2.396369734411274086e-02 -2.985683435642696656e-02 -3.298774165211169895e-02 -3.180766768621589441e-02 -2.803868719967724313e-02 -3.151843894477366487e-02 -6.905518710464615684e-02 -1.968854411624321177e-01 -5.376555349904937886e-01 -1.261658028915428442e+00 -3.044188537232428882e+00 -5.233260466363867991e+00 -1.769867793452491966e+01 1.202420625165558699e+00 -2.149877509236102640e+02 7.248673271325721998e+02 -5.414651232310231535e+03 2.324884764419441854e+04 -5.269218173458870297e+03 7.042466560040023751e+02 -1.964332356403293431e+02 4.233258156940780559e+00 -1.418053258004602135e+01 -3.632891201025348682e+00 -2.110770266840458209e+00 -8.110846230972651449e-01 -3.305090102923083917e-01 -1.138426922582595618e-01 -3.787189989296007447e-02 -1.637572066369731572e-02 -1.384519074362401160e-02 -1.485637450662838539e-02 -1.454694699910868624e-02 -1.241916673795272902e-02 -9.394838126761033067e-03 -6.453923095087105155e-03 -4.173632906619880768e-03 -2.702865585340549943e-03 -1.909019754771690107e-03 -1.547364963534915558e-03 -1.385852141466656449e-03 -1.267726164638193322e-03 -1.121638153688787063e-03 -9.405374905876270246e-04 -7.499470131349956353e-04 -5.804138523761549024e-04 -4.511921279312656238e-04 -3.655681027379094144e-04 -3.144466603609798920e-04 -2.834129762015379301e-04 -2.593047425734385804e-04 -2.340576457406720330e-04 -2.053837734603274241e-04 -1.751656243737199838e-04 -1.469229040970902842e-04 -1.235973906731398643e-04 -1.063557528906379572e-04 -9.450952473349000281e-05 -8.621795745475675896e-05 -7.944310428979411780e-05 -7.273853905813797822e-05 -6.547111309558783707e-05 -5.837390206221476554e-05 -4.961105799746543535e-05 -5.514905208156802491e-05
-2.722244519619550565e-02 -7.435125481241767684e-03 -5.311396392458487062e-03 -3.888917683899012923e-03 -3.148877385082873587e-03 -2.630951609771428959e-03 -2.249021767345322619e-03 -1.961040828837005371e-03 -1.753998265379264456e-03 -1.619407018293671273e-03 -1.544941975677489084e-03 -1.511971839909335633e-03 -1.498194540648334913e-03 -1.483290282146312346e-03 -1.455139851324443274e-03 -1.414007959428735355e-03 -1.372600114074195915e-03 -1.351337428389364544e-03 -1.369962662197789834e-03 -1.438304719641427237e-03 -1.549973893568171559e-03 -1.682236764654959291e-03 -1.803574747304341084e-03 -1.887358697848275915e-03 -1.927111700081380035e-03 -1.946869515184065707e-03 -2.000309308968211287e-03 -2.155598367170320079e-03 -2.468074446550379795e-03 -2.949574383933735878e-03 -3.548070548684872233e-03 -4.152210723312024787e-03 -4.630663080596035194e-03 -4.904038031998530014e-03 -5.031866603972342047e-03 -5.280331348515819589e-03 -6.126511617559470858e-03 -8.158987777151051335e-03 -1.185551036831346619e-02 -1.726555743326731174e-02 -2.369136459580209464e-02 -2.954551974334488143e-02 -3.267253444755637004e-02 -3.152939178234829415e-02 -2.781408502961409471e-02 -3.128858555653059315e-02 -6.860797715520101925e-02 -1.957552978416016443e-01 -5.349688733749222713e-01 -1.256060531784044088e+00 -3.033132972768133317e+00 -5.214950168103196226e+00 -1.766082948212984860e+01 1.235662758391086413e+00 -2.148079194997231980e+02 7.246851674418682023e+02 -5.413349303827629228e+03 2.324887414043382159e+04 -5.270446260062220972e+03 7.044228107536600874e+02 -1.965780054588185521e+02 4.212631609254287035e+00 -1.420519882952485702e+01 -3.643391626767922276e+00 -2.116686081613613268e+00 -8.137984493694481181e-01 -3.317015047846654241e-01 -1.142967538944031636e-01 -3.803312967205010192e-02 -1.644936914862503083e-02 -1.391118510732940357e-02 -1.493206927593985871e-02 -1.462568042934109594e-02 -1.249008915364669542e-02 -9.451118722283241569e-03 -6.494264713556702900e-03 -4.200709625746070798e-03 -2.720976327499670996e-03 -1.922199592986621698e-03 -1.558387131003866879e-03 -1.396055706644077450e-03 -1.277367986974270279e-03 -1.130429417198547696e-03 -9.481116357688177624e-04 -7.561327782392898147e-04 -5.853032367474605199e-04 -4.550661787921604488e-04 -3.687664560762881445e-04 -3.172532795358258355e-04 -2.859967218986133198e-04 -2.617191264659214948e-04 -2.362805999876835673e-04 -2.073696754883934098e-04 -1.768865259617486145e-04 -1.483872010896489344e-04 -1.248464480256910810e-04 -1.074469580211362451e-04 -9.549794654837492891e-05 -8.713999828004993992e-05 -8.033814458589368861e-05 -7.353275689496296529e-05 -6.672373333272316426e-05 -5.732296588111017113e-05 -6.339073858716061665e-05
-2.545063829421764789e-02 -6.930117880601008307e-03 -4.958804870597765570e-03 -3.643159117485975790e-03 -2.969828984871420406e-03 -2.502532314245417902e-03 -2.154682196514319786e-03 -1.882633092858149214e-03 -1.673902982566327028e-03 -1.524895849761845812e-03 -1.431856179707223509e-03 -1.385801005493923765e-03 -1.371612548923927064e-03 -1.370654928508322542e-03 -1.365825751073360171e-03 -1.347139425868586291e-03 -1.315612610583468843e-03 -1.283497453494523597e-03 -1.270118524197692833e-03 -1.294193897400980038e-03 -1.365187865282319881e-03 -1.477248601034178389e-03 -1.608904926933259509e-03 -1.730107452479866552e-03 -1.815264632810427350e-03 -1.858010227637676938e-03 -1.881431011098111178e-03 -1.937517218307003479e-03 -2.092697788597522486e-03 -2.401333359110664669e-03 -2.875649600652010422e-03 -3.465470201858930621e-03 -4.062193976824160155e-03 -4.536996507158551004e-03 -4.811378195237736403e-03 -4.943060444785455851e-03 -5.193497124811458088e-03 -6.033162095788045798e-03 -8.044472787467654012e-03 -1.170258783912946424e-02 -1.706087700682566363e-02 -2.343325461231494239e-02 -2.924996193725660359e-02 -3.237285340860598243e-02 -3.126451069033173852e-02 -2.760009588132427555e-02 -3.106937032127410694e-02 -6.818077673838736363e-02 -1.946741263317049442e-01 -5.323954317064070185e-01 -1.250693254802771381e+00 -3.022520533720554514e+00 -5.197359757130235458e+00 -1.762442286018456983e+01 1.267630812182109157e+00 -2.146345802629972752e+02 7.245092773160183697e+02 -5.412092522226572328e+03 2.324889929054700769e+04 -5.271632954304031955e+03 7.045929990023164464e+02 -1.967180729385488576e+02 4.192631121804374139e+00 -1.422910224918482314e+01 -3.653577140882358076e+00 -2.122426997498354950e+00 -8.164338102000472386e-01 -3.328601688842271478e-01 -1.147382136111830819e-01 -3.818999107280247191e-02 -1.652107439014312631e-02 -1.397546712430728852e-02 -1.500582693879288533e-02 -1.470243078305554993e-02 -1.255925615550697143e-02 -9.506031910061489565e-03 -6.533645242699001772e-03 -4.227154626578871581e-03 -2.738673702528193667e-03 -1.935084939484816224e-03 -1.569167512779372784e-03 -1.406038986400565474e-03 -1.286804855881746668e-03 -1.139036830608773773e-03 -9.555301326159363609e-04 -7.621937899748394349e-04 -5.900959518387465007e-04 -4.588651686608654170e-04 -3.719040214270804830e-04 -3.200074622167025490e-04 -2.885329261499429052e-04 -2.640897338773409622e-04 -2.384638778185542657e-04 -2.093207978404264106e-04 -1.785780881646837075e-04 -1.498277082156805726e-04 -1.260770459189175594e-04 -1.085261135450389961e-04 -9.647881151326425481e-05 -8.808616328783984320e-05 -8.118076237715903443e-05 -7.492216447309600277e-05 -6.548474523891929333e-05 -7.313600136233437091e-05
-2.470909904900215129e-02 -6.645030026409081206e-03 -4.702057904973061704e-03 -3.413722054816291807e-03 -2.771308004795755911e-03 -2.344093997311518743e-03 -2.037794671626686448e-03 -1.799221527937075503e-03 -1.608431568245276364e-03 -1.459525340034393149e-03 -1.352502553338178880e-03 -1.286844333712452949e-03 -1.257475165919005617e-03 -1.253506507506009374e-03 -1.260078083335830186e-03 -1.262694492435503151e-03 -1.252463962331720488e-03 -1.230103152732196867e-03 -1.206678311002681815e-03 -1.200139353824799344e-03 -1.228290229800101845e-03 -1.300538998196735076e-03 -1.411867583167388755e-03 -1.542208468576840514e-03 -1.662935821221841548e-03 -1.749326341332151178e-03 -1.794940748597677414e-03 -1.821814109204588457e-03 -1.880266052528560073e-03 -2.035092984243844910e-03 -2.339798007204513600e-03 -2.807049061795977452e-03 -3.388465597374365913e-03 -3.978050309360064811e-03 -4.449320837719305047e-03 -4.724581979722608863e-03 -4.859817716739408926e-03 -5.111999251972247638e-03 -5.945347238920421773e-03 -7.936433732648190062e-03 -1.155793478262615200e-02 -1.686687321473013049e-02 -2.318822201531524352e-02 -2.896900795152424282e-02 -3.208764932243263895e-02 -3.101216867394486140e-02 -2.739605235283597631e-02 -3.086009444686712427e-02 -6.777225157311478343e-02 -1.936387677959173215e-01 -5.299281653511165313e-01 -1.245542277505156781e+00 -3.012325146534072573e+00 -5.180447664908899519e+00 -1.758937736227423088e+01 1.298396363277187548e+00 -2.144673868000058405e+02 7.243393397728758600e+02 -5.410878580571042221e+03 2.324892318284514477e+04 -5.272780313730542730e+03 7.047575191300761617e+02 -1.968536635859068724e+02 4.173228762064376873e+00 -1.425227766277024521e+01 -3.663461667900529406e+00 -2.128000639833517393e+00 -8.189940475753398896e-01 -3.339864145038580756e-01 -1.151675841378161091e-01 -3.834265620877319591e-02 -1.659091005029078233e-02 -1.403810069654302245e-02 -1.507771919116878377e-02 -1.477727046166310391e-02 -1.262673070070681469e-02 -9.559625716012138882e-03 -6.572097631967189352e-03 -4.252988966964828602e-03 -2.755971061716756994e-03 -1.947685020765319366e-03 -1.579713512656866345e-03 -1.415808618687265435e-03 -1.296042855740626868e-03 -1.147465757978994531e-03 -9.627974285667030042e-04 -7.681335259627824954e-04 -5.947946165569890009e-04 -4.625910679116607680e-04 -3.749823439935236029e-04 -3.227105033918441375e-04 -2.910227409206713259e-04 -2.664176326611036481e-04 -2.406085206892565065e-04 -2.112382659476137162e-04 -1.802418001004113914e-04 -1.512466148169906753e-04 -1.272939600419676113e-04 -1.095973621300287102e-04 -9.748869782595905790e-05 -8.897324316169987184e-05 -8.271081619904267789e-05 -7.344073180965016579e-05 -8.368864589599005579e-05
-2.454695832850391571e-02 -6.504605269689949301e-03 -4.522270813978191382e-03 -3.214969661211774816e-03 -2.576310739957890592e-03 -2.173516742931587680e-03 -1.903982774014023908e-03 -1.703696192963317837e-03 -1.542432620887730817e-03 -1.407486059263461653e-03 -1.297416294097036241e-03 -1.215922443969636585e-03 -1.166263233066016421e-03 -1.147027516438649556e-03 -1.150443717948616698e-03 -1.163839681323268482e-03 -1.173807869573311163e-03 -1.171521552288252478e-03 -1.157025925205571121e-03 -1.140393655354355815e-03 -1.138694505859698522e-03 -1.169316319960317244e-03 -1.241892341916782947e-03 -1.352223789579350089e-03 -1.481395436109868204e-03 -1.601861939980741894e-03 -1.689490718846627278e-03 -1.737662353527634962e-03 -1.767442644245162788e-03 -1.827690167392074898e-03 -1.981796793097218186e-03 -2.282547602651827535e-03 -2.743041768187598917e-03 -3.316538197783619295e-03 -3.899410677303718608e-03 -4.367315200689981212e-03 -4.643287848345551208e-03 -4.781690408701067679e-03 -5.035301380962069889e-03 -5.862462486216279620e-03 -7.834212253148044314e-03 -1.142083225713432480e-02 -1.668274496191012035e-02 -2.295537224926463490e-02 -2.870169718312232457e-02 -3.181597171142322433e-02 -3.077152169422842087e-02 -2.720125345896413915e-02 -3.066004484118061910e-02 -6.738115322786679406e-02 -1.926463472614909633e-01 -5.275606615191326121e-01 -1.240594820564718814e+00 -3.002522847526824190e+00 -5.164175587360277930e+00 -1.755561699274525012e+01 1.328026986309696067e+00 -2.143060194129517981e+02 7.241750563428518035e+02 -5.409705324572637437e+03 2.324894590021364274e+04 -5.273890262250354681e+03 7.049166496292476722e+02 -1.969849886728516424e+02 4.154398196885495942e+00 -1.427475781050497083e+01 -3.673058329826443646e+00 -2.133414200250847159e+00 -8.214823186281531298e-01 -3.350815775270715724e-01 -1.155853517594780944e-01 -3.849128897289407630e-02 -1.665894663975093712e-02 -1.409914699469263025e-02 -1.514781456419016584e-02 -1.485026865577200594e-02 -1.269257299444137913e-02 -9.611946124690304641e-03 -6.609653488051456943e-03 -4.278232896673451503e-03 -2.772881282744865759e-03 -1.960008760638204828e-03 -1.590032302136192054e-03 -1.425371035903915621e-03 -1.305087884577147772e-03 -1.155721403221724201e-03 -9.699178437623284972e-04 -7.739553691565325983e-04 -5.994017809376346031e-04 -4.662457945780926725e-04 -3.780029271194577608e-04 -3.253636699351495731e-04 -2.934673228755319756e-04 -2.687039740190088591e-04 -2.427158113621848861e-04 -2.131238010015922154e-04 -1.818801774752893882e-04 -1.526493524093430352e-04 -1.285017912039625849e-04 -1.107022806092774982e-04 -9.843148894827645923e-05 -9.064765098479203381e-05 -8.095194182550769749e-05 -9.421870040178260399e-05
-2.437678723972993081e-02 -6.394139038627878746e-03 -4.378076279655531214e-03 -3.051229584482498779e-03 -2.407048494338397213e-03 -2.014847301094107278e-03 -1.768776803857403067e-03 -1.598753896238103113e-03 -1.466897134530326541e-03 -1.353243862086192864e-03 -1.251549260522433291e-03 -1.164702949586741802e-03 -1.099583027935441618e-03 -1.061784763771124983e-03 -1.051585840828424094e-03 -1.062406953489392807e-03 -1.082378396181154665e-03 -1.098553501373580182e-03 -1.102235380730912746e-03 -1.093289622213460769e-03 -1.081385980310076416e-03 -1.083136158910494957e-03 -1.115632796525907596e-03 -1.188567001965474407e-03 -1.298221854364233234e-03 -1.426483157454119929e-03 -1.546651635917537610e-03 -1.635131767285704111e-03 -1.685238975478012312e-03 -1.717283326763115918e-03 -1.778879751025007295e-03 -1.932153217403044174e-03 -2.229181693664565676e-03 -2.683380865468846729e-03 -3.249453800641633958e-03 -3.825942629024527489e-03 -4.290510650405705839e-03 -4.566926704513683301e-03 -4.708086791218813773e-03 -4.962858937964740279e-03 -5.784032261639901300e-03 -7.737362190786947237e-03 -1.129078113334249650e-02 -1.650785701394081109e-02 -2.273389709813866330e-02 -2.844708816752391720e-02 -3.155685788363316729e-02 -3.054172124472289210e-02 -2.701503066005837839e-02 -3.046859391754924706e-02 -6.700640530917693904e-02 -1.916942699837845265e-01 -5.252871244417194330e-01 -1.235839225279218301e+00 -2.993090208478313752e+00 -5.148506731144731674e+00 -1.752307393453591544e+01 1.356582685668942467e+00 -2.141501782067634565e+02 7.240161500105090226e+02 -5.408570742546835390e+03 2.324896751849357315e+04 -5.274964600272702228e+03 7.050706510141101262e+02 -1.971122463853723161e+02 4.136114605320148740e+00 -1.429657350178282371e+01 -3.682379499949970825e+00 -2.138674465853667606e+00 -8.239016073695052400e-01 -3.361469223291486674e-01 -1.159919776446563106e-01 -3.863604527671833655e-02 -1.672525150604675659e-02 -1.415866447134292785e-02 -1.521617849861878376e-02 -1.492149144587670388e-02 -1.275684058002898857e-02 -9.663037140638239958e-03 -6.646343106398967630e-03 -4.302905867239627431e-03 -2.789416767981911429e-03 -1.972064774894634505e-03 -1.600130815771368814e-03 -1.434732462068076487e-03 -1.313945652168617678e-03 -1.163808807440364686e-03 -9.768955660724330456e-04 -7.796625999618345300e-04 -6.039199165776020818e-04 -4.698312071990016982e-04 -3.809672362804183130e-04 -3.279682313283677447e-04 -2.958679196336162797e-04 -2.709501721617462301e-04 -2.447876794594550619e-04 -2.149802209961860101e-04 -1.834992641788209353e-04 -1.540408559134250782e-04 -1.297469176392782042e-04 -1.117309109910270289e-04 -1.002609419331496483e-04 -8.860831741993751870e-05 -1.042864730826867511e-04
-2.374287993660807727e-02 -6.214056667265375686e-03 -4.226483848225084418e-03 -2.916343315074100551e-03 -2.275365790573236763e-03 -1.886699731068811319e-03 -1.648906812668124097e-03 -1.493591171568517265e-03 -1.381242367137398798e-03 -1.287694338626758396e-03 -1.201374454560749996e-03 -1.120742814596424044e-03 -1.051035825740901947e-03 -1.000001355572040273e-03 -9.734269187258743489e-04 -9.717255923704745018e-04 -9.887392488173733698e-04 -1.013335353523182273e-03 -1.033409844654343320e-03 -1.040911376019702838e-03 -1.035922982650443538e-03 -1.027861691208976913e-03 -1.032785743243924996e-03 -1.067242589586118572e-03 -1.140698598553676127e-03 -1.249704635788271125e-03 -1.376853095332718213e-03 -1.496314390065669976e-03 -1.585133556197965143e-03 -1.636692720633694132e-03 -1.670661032304113962e-03 -1.733478136454416878e-03 -1.886011951849078227e-03 -2.179586195998828562e-03 -2.627840885091357187e-03 -3.186807275668442335e-03 -3.757086697637450172e-03 -4.218285400236826757e-03 -4.494922328446461154e-03 -4.638548928211948426e-03 -4.894338724773517925e-03 -5.709786989010669049e-03 -7.645575060211336725e-03 -1.116733211008857744e-02 -1.634156016881598353e-02 -2.252295909074084057e-02 -2.820424091167038003e-02 -3.130940054376072507e-02 -3.032201889819587798e-02 -2.683684482474815031e-02 -3.028521701699149818e-02 -6.664713586941427292e-02 -1.907802878446205330e-01 -5.231008664783958206e-01 -1.231263319015523106e+00 -2.984008384917540280e+00 -5.133409813157544299e+00 -1.749168295960751252e+01 1.384121238670999565e+00 -2.139995840903618216e+02 7.238623611967597071e+02 -5.407472953239315757e+03 2.324898810747067182e+04 -5.276005014505580220e+03 7.052197672741099268e+02 -1.972356228205170510e+02 4.118354575318837085e+00 -1.431775375415736029e+01 -3.691436854522169853e+00 -2.143787846686822540e+00 -8.262547360025834786e-01 -3.371836462343366092e-01 -1.163878992599691742e-01 -3.877707339481890891e-02 -1.678988890638127146e-02 -1.421670893202736305e-02 -1.528287345651021048e-02 -1.499100192749459534e-02 -1.281958844661267721e-02 -9.712940863795416907e-03 -6.682195514768442431e-03 -4.327026552272542244e-03 -2.805589451720890120e-03 -1.983861373277552922e-03 -1.610015752058734963e-03 -1.443898913632938501e-03 -1.322621679899142581e-03 -1.171732846417598969e-03 -9.837346455680863987e-04 -7.852583889990335554e-04 -6.083514121630446102e-04 -4.733491125152905661e-04 -3.838767353861323689e-04 -3.305255546269495891e-04 -2.982260617801117480e-04 -2.731583345869982604e-04 -2.468272130752855245e-04 -2.168141410756027393e-04 -1.851042808003564727e-04 -1.554720655150165667e-04 -1.309057601260914185e-04 -1.137404979971345291e-04 -9.796632746326414999e-05 -1.143833301406910766e-04
-2.249299253026934564e-02 -5.919622329333981345e-03 -4.041182236065310462e-03 -2.797715336491289357e-03 -2.179088933253966760e-03 -1.794896083380277327e-03 -1.554611968894048122e-03 -1.398503793436333721e-03 -1.291727400341764189e-03 -1.210553141844824578e-03 -1.140069997977656959e-03 -1.073287103167915209e-03 -1.010250157767693087e-03 -9.560525731577644007e-04 -9.176925778622413562e-04 -9.004343278696120808e-04 -9.048272342476931579e-04 -9.255273451412313404e-04 -9.525940872721461823e-04 -9.750524908661396340e-04 -9.855311943774449062e-04 -9.841589092789353004e-04 -9.798390253193543960e-04 -9.878466371928060208e-04 -1.024059305527309739e-03 -1.097708895612526173e-03 -1.205679299142331214e-03 -1.331351241424594224e-03 -1.449817626039313868e-03 -1.538773005581318184e-03 -1.591645846567208084e-03 -1.627442868247722628e-03 -1.691427358327815891e-03 -1.843231134086268643e-03 -2.133447336945207534e-03 -2.575938903678966132e-03 -3.128020753232398348e-03 -3.692272524610803498e-03 -4.150161374347592289e-03 -4.426924881698861974e-03 -4.572834221439467037e-03 -4.829540397116759837e-03 -5.639485034706774418e-03 -7.558493354690035484e-03 -1.104996800778906482e-02 -1.618317669279995680e-02 -2.232176516448830875e-02 -2.797232692386285649e-02 -3.107284789632984434e-02 -3.011178338617551478e-02 -2.666632517711130940e-02 -3.010958094555651193e-02 -6.630113005206886290e-02 -1.899008560934809242e-01 -5.209987081080945659e-01 -1.226858817334254725e+00 -2.975257577620492810e+00 -5.118853648071506335e+00 -1.746138401101034177e+01 1.410695987249800387e+00 -2.138539764102305583e+02 7.237134467224955188e+02 -5.406410195470301915e+03 2.324900773147290602e+04 -5.277013086790970192e+03 7.053642271667303021e+02 -1.973552928931448207e+02 4.101096006497639834e+00 -1.433832592113526694e+01 -3.700241420700256079e+00 -2.148760401263035025e+00 -8.285443755307935199e-01 -3.381928837520460918e-01 -1.167735317643078252e-01 -3.891451434519534874e-02 -1.685292011994663636e-02 -1.427333363432470130e-02 -1.534795904997127841e-02 -1.505886034668958359e-02 -1.288086914424950262e-02 -9.761697571416715763e-03 -6.717238523115442832e-03 -4.350612873854248740e-03 -2.821410812862330288e-03 -1.995406565804833023e-03 -1.619693577234860996e-03 -1.452876201676350180e-03 -1.331121300752025711e-03 -1.179498227935944603e-03 -9.904389904015814452e-04 -7.907457960085693136e-04 -6.126985850959942859e-04 -4.768013070843205958e-04 -3.867329906069105023e-04 -3.330373122484830408e-04 -3.005440309950925342e-04 -2.753318208688514861e-04 -2.488416409679769081e-04 -2.186312041909363501e-04 -1.867509929604250238e-04 -1.568065623487151499e-04 -1.331393546992195676e-04 -1.112189237505117705e-04 -1.261981026597732878e-04
-2.079464866597270298e-02 -5.531258719230229895e-03 -3.820799473159894669e-03 -2.682370459924378423e-03 -2.104862771197596981e-03 -1.731739211283565014e-03 -1.486057710608657033e-03 -1.320045111398771660e-03 -1.207362976928700064e-03 -1.128685015402984592e-03 -1.068963378224363969e-03 -1.017273821848588278e-03 -9.677695440750216319e-04 -9.201176910536754648e-04 -8.785720286757146792e-04 -8.495592780369654691e-04 -8.384003198521896520e-04 -8.463409710079566623e-04 -8.691293972602634824e-04 -8.979478860758988113e-04 -9.226307851417269367e-04 -9.360921281607683699e-04 -9.382026916453684333e-04 -9.372315340157043361e-04 -9.477307762795580308e-04 -9.850740704998239231e-04 -1.058428359559041975e-03 -1.165102134975544304e-03 -1.289247332933790222e-03 -1.406778084048731538e-03 -1.495913101767115325e-03 -1.550041694548640221e-03 -1.587501032755021845e-03 -1.652447073756473182e-03 -1.803381643992552812e-03 -2.090253884363125515e-03 -2.527169151297644235e-03 -3.072662185007334415e-03 -3.631167980957986097e-03 -4.085889932978058192e-03 -4.362726031750826725e-03 -4.510725737587046279e-03 -4.768199480270764873e-03 -5.572790914304537671e-03 -7.475699468956780239e-03 -1.093818634676480689e-02 -1.603212025020680706e-02 -2.212967388235839022e-02 -2.775064629200790431e-02 -3.084664222174906406e-02 -2.991059260255761812e-02 -2.650164287197435964e-02 -2.993982964133399746e-02 -6.596950577551216610e-02 -1.890558403870376825e-01 -5.189752589807254957e-01 -1.222615791185344580e+00 -2.966820071174171236e+00 -5.104809669342838419e+00 -1.743212108451127662e+01 1.436356576264797402e+00 -2.137131115018289620e+02 7.235691785631565836e+02 -5.405380818704732519e+03 2.324902644987839085e+04 -5.277990302128914664e+03 7.055042453885423583e+02 -1.974714211628965188e+02 4.084318020297291518e+00 -1.435831580945616359e+01 -3.708803620767527232e+00 -2.153597860155341159e+00 -8.307730556183704484e-01 -3.391757105495060709e-01 -1.171492693443530325e-01 -3.904850227636689347e-02 -1.691440357842658934e-02 -1.432858939989375448e-02 -1.541149217623971959e-02 -1.512512423818244446e-02 -1.294073290064886098e-02 -9.809345802161303224e-03 -6.751498776474667424e-03 -4.373682032352413547e-03 -2.836891890786178566e-03 -2.006708071493497163e-03 -1.629170530392498682e-03 -1.461669934453132787e-03 -1.339449659437615342e-03 -1.187109490656089103e-03 -9.970123686778673434e-04 -7.961277846670559294e-04 -6.169637281259407208e-04 -4.801896926823235072e-04 -3.895379054216024602e-04 -3.355060204159735545e-04 -3.028255390230950406e-04 -2.774786779372359733e-04 -2.508374108180617631e-04 -2.204933347778100113e-04 -1.882901586069998768e-04 -1.593253184536349188e-04 -1.303810313450837796e-04 -1.423456254275806221e-04
-1.901402884396301632e-02 -5.115226858872992319e-03 -3.585192516936771233e-03 -2.562132013119760438e-03 -2.035255350921352877e-03 -1.681174749427198373e-03 -1.434681537628515208e-03 -1.258682966605362708e-03 -1.135448663313602018e-03 -1.051772722271487491e-03 -9.953174499198864066e-04 -9.542024266129608013e-04 -9.186248478610646064e-04 -8.828613126019245732e-04 -8.463940330555272699e-04 -8.133821203679195968e-04 -7.904240125187279907e-04 -7.832953026018589764e-04 -7.938930690216902154e-04 -8.186729576236187467e-04 -8.494264464475244792e-04 -8.763660361832342023e-04 -8.924759982920376809e-04 -8.973936040236000361e-04 -8.989463688582824278e-04 -9.112054892802642003e-04 -9.492195353331191491e-04 -1.022141418572780451e-03 -1.127625789934973057e-03 -1.250438889749571529e-03 -1.367155637257152102e-03 -1.456421185903165102e-03 -1.511583950230426616e-03 -1.550397287636147555e-03 -1.616040167015079078e-03 -1.766001515038401366e-03 -2.049640093391969647e-03 -2.481270090191532024e-03 -3.020536657741563786e-03 -3.573587931111506938e-03 -4.025249155938138111e-03 -4.302049238291555389e-03 -4.451903575338990969e-03 -4.709977533358794370e-03 -5.509365807197606942e-03 -7.396846297824454658e-03 -1.083161622441240410e-02 -1.588791648128529480e-02 -2.194623688604704567e-02 -2.753872366882829936e-02 -3.062870337223238745e-02 -2.971642650720006038e-02 -2.634444419498022105e-02 -2.977755833400246716e-02 -6.565071828158987322e-02 -1.882427491581035173e-01 -5.170262281128017445e-01 -1.218525475491454513e+00 -2.958679339546084641e+00 -5.091251325446084941e+00 -1.740384194431903708e+01 1.461149297805695912e+00 -2.135767613266047533e+02 7.234293426905021533e+02 -5.404383274495125988e+03 2.324904431756594931e+04 -5.278938055976120268e+03 7.056400236393820933e+02 -1.975841625891337401e+02 4.068000877217812672e+00 -1.437774778671890274e+01 -3.717133312870876338e+00 -2.158305647773872238e+00 -8.329431737305497130e-01 -3.401331471560518627e-01 -1.175154864776010166e-01 -3.917916484720961739e-02 -1.697439500324349551e-02 -1.438252473094487303e-02 -1.547352715296607811e-02 -1.518984856167492764e-02 -1.299922773636388341e-02 -9.855922439955070238e-03 -6.785001808955085784e-03 -4.396250538103651899e-03 -2.852043303096114899e-03 -2.017773328325650137e-03 -1.638452628921308355e-03 -1.470285519637959610e-03 -1.347611712901816867e-03 -1.194571007157114919e-03 -1.003458424844548688e-03 -8.014072744900585781e-04 -6.211492423300836105e-04 -4.835165575857606817e-04 -3.922943767680388684e-04 -3.379359297978739305e-04 -3.050798504237190595e-04 -2.796067442103180515e-04 -2.528852992841855440e-04 -2.222360673998517635e-04 -1.911641049190463662e-04 -1.562412115245860925e-04 -1.654788573352463787e-04
-1.752715323337854236e-02 -4.747614207005338045e-03 -3.363136752016032856e-03 -2.435930668845248497e-03 -1.956499067994625553e-03 -1.626726855013007657e-03 -1.388093053543881534e-03 -1.209481391075704036e-03 -1.078642731011895430e-03 -9.875776237524410903e-04 -9.280246666618423247e-04 -8.900997848968924793e-04 -8.633636886838757900e-04 -8.390387308348987421e-04 -8.122109468090913656e-04 -7.829667815290300339e-04 -7.558455823580622701e-04 -7.376358961923095391e-04 -7.342109193261725942e-04 -7.475905076303018511e-04 -7.744556309326767205e-04 -8.069200180962031715e-04 -8.355265210663058353e-04 -8.534699643494550372e-04 -8.603779114486158602e-04 -8.638351894480143225e-04 -8.775331085319804970e-04 -9.161783393319563283e-04 -9.888026064720902095e-04 -1.093263949379221639e-03 -1.214821366493207570e-03 -1.330649509784644340e-03 -1.419831475100034488e-03 -1.475745008897872768e-03 -1.515657707491804623e-03 -1.581861158179181069e-03 -1.730882049413054371e-03 -2.011483377700217564e-03 -2.438127175054862969e-03 -2.971470578988105217e-03 -3.519271325861492335e-03 -3.967907474530162244e-03 -4.244539849351561603e-03 -4.396041754763818123e-03 -4.654601960781968271e-03 -5.448993309396256944e-03 -7.321681591890541810e-03 -1.073006460281720337e-02 -1.575030624864772258e-02 -2.176938986903444173e-02 -2.733440330833303636e-02 -3.042062891348368617e-02 -2.953090817323094155e-02 -2.619353229761953519e-02 -2.962174854932391604e-02 -6.534408074110882592e-02 -1.874597493185407304e-01 -5.151475764186198569e-01 -1.214579769044590529e+00 -2.950820002464938252e+00 -5.078153873957355735e+00 -1.737649781048971676e+01 1.485117372971614280e+00 -2.134447122375416086e+02 7.232937380164395336e+02 -5.403416108709019682e+03 2.324906138531938996e+04 -5.279857660894948822e+03 7.057717515911315331e+02 -1.976936632208811773e+02 4.052125900588325003e+00 -1.439664488019579558e+01 -3.725239828555574118e+00 -2.162888902461179264e+00 -8.350570035977878947e-01 -3.410661624098235700e-01 -1.178725391188241989e-01 -3.930662359208936946e-02 -1.703294754288095167e-02 -1.443518592617681721e-02 -1.553411585029062028e-02 -1.525308583409036058e-02 -1.305639957689944293e-02 -9.901462796562761695e-03 -6.817772098005197429e-03 -4.418334244081610282e-03 -2.866875264006151641e-03 -2.028609502630042850e-03 -1.647545671866575221e-03 -1.478728164124380653e-03 -1.355612231758409735e-03 -1.201887000051075254e-03 -1.009780738244428966e-03 -8.065873000306278320e-04 -6.252579864293808260e-04 -4.867853988555046634e-04 -3.950074723208728505e-04 -3.403380668548112715e-04 -3.073168197740096578e-04 -2.817994429069470698e-04 -2.547995849705481271e-04 -2.255309099165376694e-04 -1.875679081830301104e-04 -1.970199410209394670e-04
-1.655488686825523637e-02 -4.479312463998119491e-03 -3.178052389617417543e-03 -2.308761448946397305e-03 -1.863530737119850796e-03 -1.558422378982352507e-03 -1.335853928701898063e-03 -1.164988896104695269e-03 -1.034492273351073684e-03 -9.388289921023512848e-04 -8.733758789976842291e-04 -8.319643623441868056e-04 -8.066092953621643207e-04 -7.887422502658394561e-04 -7.712379802565391641e-04 -7.503541961789659273e-04 -7.267304560062974768e-04 -7.049023445496746879e-04 -6.913281331917494645e-04 -6.915223986187721836e-04 -7.073632805469556991e-04 -7.357109947438866425e-04 -7.691166915872796588e-04 -7.986324461697718842e-04 -8.178148335337215779e-04 -8.263518596387960363e-04 -8.315680935728007438e-04 -8.466984292101809636e-04 -8.860147306828826527e-04 -9.583540652258949093e-04 -1.061741392180705389e-03 -1.181927769509810624e-03 -1.296710237439039097e-03 -1.385641740008947522e-03 -1.442161144493963850e-03 -1.483078243489600965e-03 -1.549819768567034907e-03 -1.697963693804523631e-03 -1.975674673485673660e-03 -2.397536552465353871e-03 -2.925167883814396453e-03 -3.467871691316056458e-03 -3.913527054290964063e-03 -4.189913533277604338e-03 -4.342941575174108330e-03 -4.601892468337563831e-03 -5.391629588653093497e-03 -7.250158934133059570e-03 -1.063161076323353507e-02 -1.561723970101393071e-02 -2.160093807196490981e-02 -2.713937286538052607e-02 -3.022102908415351050e-02 -2.935291037100000791e-02 -2.604858342385807726e-02 -2.947195882881135931e-02 -6.504889758948681489e-02 -1.867051887344395589e-01 -5.133355563358160678e-01 -1.210771140072693486e+00 -2.943227726901430419e+00 -5.065494226131421307e+00 -1.735004307632231502e+01 1.508301203104190691e+00 -2.133167638607337722e+02 7.231621754306250978e+02 -5.402477954455104737e+03 2.324907770018792507e+04 -5.280750352618086254e+03 7.058996077709795145e+02 -1.978000608281771520e+02 4.036675406291446500e+00 -1.441502886765307601e+01 -3.733132007370203453e+00 -2.167352495045790750e+00 -8.371167030529509390e-01 -3.419756766594126973e-01 -1.182207658098782949e-01 -3.943099426761940973e-02 -1.709011190654030968e-02 -1.448661719352581194e-02 -1.559330781816405977e-02 -1.531488625703454967e-02 -1.311229236146692345e-02 -9.946000692590934236e-03 -6.849833118129848401e-03 -4.439948377613631321e-03 -2.881397599924776041e-03 -2.039223493140479137e-03 -1.656455236817186991e-03 -1.487002871322179410e-03 -1.363455815155206535e-03 -1.209061609966844385e-03 -1.015983017598028537e-03 -8.116714450004998025e-04 -6.292942951250701843e-04 -4.900024050822290606e-04 -3.976905308208525738e-04 -3.427247218839707659e-04 -3.096365247400940024e-04 -2.838401955070830635e-04 -2.585640461688885092e-04 -2.211636432615805272e-04 -2.360593911373960697e-04
-1.608791390936949520e-02 -4.316973708714250471e-03 -3.038198945136789779e-03 -2.188291841517525996e-03 -1.760622276609192464e-03 -1.475916101837211917e-03 -1.273527046712783373e-03 -1.118718653243262100e-03 -9.971931335881125281e-04 -9.027556861612908573e-04 -8.326686082734149853e-04 -7.844563210318923662e-04 -7.542072333710144729e-04 -7.362264412238249270e-04 -7.239331406133322393e-04 -7.115659681347347556e-04 -6.959838079480974845e-04 -6.777536889747473852e-04 -6.609315001136847499e-04 -6.514248910013602060e-04 -6.544144955756392001e-04 -6.718111473873061585e-04 -7.008549708665125048e-04 -7.346636620314227206e-04 -7.648152807095109354e-04 -7.851502938373595844e-04 -7.952989706837271374e-04 -8.022261457024438842e-04 -8.186666965069730939e-04 -8.584736987500558685e-04 -9.303408618953584557e-04 -1.032511073296179952e-03 -1.151250209791611747e-03 -1.264964276532319328e-03 -1.353639577114822525e-03 -1.410741530501950607e-03 -1.452612087720164943e-03 -1.519835570916266716e-03 -1.667085059335265875e-03 -1.941967003154173059e-03 -2.359196709934399065e-03 -2.881321139772389031e-03 -3.419115156375811520e-03 -3.861904945711151522e-03 -4.137983878896108261e-03 -4.292584236524588440e-03 -4.551878563041687580e-03 -5.335394329433158084e-03 -7.180324798538394344e-03 -1.053839575897703301e-02 -1.549070196353970891e-02 -2.143952602000616034e-02 -2.695242252625594873e-02 -3.002944575393318855e-02 -2.918191912960077863e-02 -2.590923580961445108e-02 -2.932783168380183325e-02 -6.476453029750835200e-02 -1.859775412704456898e-01 -5.115866849939059158e-01 -1.207092572884304271e+00 -2.935889137889772016e+00 -5.053250809978628411e+00 -1.732443505382519433e+01 1.530738596185313938e+00 -2.131927280799586413e+02 7.230344769221914021e+02 -5.401567525637064136e+03 2.324909330581196991e+04 -5.281617295589221612e+03 7.060237603681443943e+02 -1.979034854805135240e+02 4.021632637968344248e+00 -1.443292036090730157e+01 -3.740818228799726253e+00 -2.171701045983359002e+00 -8.391243212899667236e-01 -3.428625647375509455e-01 -1.185604887152560127e-01 -3.955238717944027649e-02 -1.714593649240660905e-02 -1.453686075885630979e-02 -1.565115040893055864e-02 -1.537529783984386764e-02 -1.316694814841300708e-02 -9.989568535730849325e-03 -6.881207390908324235e-03 -4.461107565794807453e-03 -2.895619755540781298e-03 -2.049621924595826719e-03 -1.665186672525831605e-03 -1.495114455863748304e-03 -1.371146972097033899e-03 -1.216099131620379525e-03 -1.022069623681064925e-03 -8.166650514759056251e-04 -6.332657060489015706e-04 -4.931835971940960522e-04 -4.003582695286759803e-04 -3.452155718374869293e-04 -3.117801882676614431e-04 -2.881012022257250691e-04 -2.531648509466007850e-04 -2.791517659576377543e-04
-1.592096558524932343e-02 -4.225882368560410739e-03 -2.934904383154098191e-03 -2.080933584415936739e-03 -1.657991064101287798e-03 -1.387050526474398931e-03 -1.203529597779717276e-03 -1.067639301056008466e-03 -9.604647293316606691e-04 -8.730230819925087092e-04 -8.023464335322042819e-04 -7.481840169178398956e-04 -7.104044381829043324e-04 -6.872368903299047767e-04 -6.747122176864928014e-04 -6.673873979690342177e-04 -6.600118429882905619e-04 -6.494313546583233357e-04 -6.358791954839666891e-04 -6.229934898171598850e-04 -6.163842427921360995e-04 -6.211781083317466845e-04 -6.394961797483848277e-04 -6.689782718191772783e-04 -7.031926769795414887e-04 -7.340648779313039196e-04 -7.555621291278968388e-04 -7.671803060013893854e-04 -7.755430763410257975e-04 -7.929717566428777552e-04 -8.330039588769600585e-04 -9.042604615134314672e-04 -1.005211617321586856e-03 -1.122589208588269929e-03 -1.235328984621529439e-03 -1.323780119641060392e-03 -1.381405159418303691e-03 -1.424102066726831099e-03 -1.491677764039808915e-03 -1.637975676604189190e-03 -1.910095170406383557e-03 -2.322877379721325665e-03 -2.839761629282735404e-03 -3.372829548433610956e-03 -3.813028009470790462e-03 -4.088785868061757187e-03 -4.243010432199371094e-03 -4.502571619179059938e-03 -5.282681849340769599e-03 -7.114464363828224523e-03 -1.044920597963933107e-02 -1.536960617503112594e-02 -2.128477334819890016e-02 -2.677299182980485276e-02 -2.984539033190618251e-02 -2.901751324170468230e-02 -2.577516151677301109e-02 -2.918904502689539243e-02 -6.449039064280073785e-02 -1.852753906202738998e-01 -5.098977195985684441e-01 -1.203537523253994879e+00 -2.928791739126692661e+00 -5.041403447335558674e+00 -1.729963374363069661e+01 1.552464971598195298e+00 -2.130724281132473266e+02 7.229104747777214470e+02 -5.400683611070833649e+03 2.324910824271444653e+04 -5.282459588030732448e+03 7.061443679713339634e+02 -1.980040600774532038e+02 4.006981707176308305e+00 -1.445033888277247058e+01 -3.748306441750071549e+00 -2.175938941204161203e+00 -8.410818055890022515e-01 -3.437276587221802515e-01 -1.188920145872253281e-01 -3.967090748949043261e-02 -1.720046751057012144e-02 -1.458595697123349876e-02 -1.570768889591870124e-02 -1.543436651814854288e-02 -1.322040721538688020e-02 -1.003219739179556785e-02 -6.911916524624423484e-03 -4.481825847521069862e-03 -2.909550787228439017e-03 -2.059811138749380842e-03 -1.673745117362451275e-03 -1.503067642493112390e-03 -1.378690400007598132e-03 -1.223004612448700887e-03 -1.028046927005670484e-03 -8.215770637731161126e-04 -6.371909671590323754e-04 -4.963456272296281864e-04 -4.031507717165417042e-04 -3.474998584186702677e-04 -3.165526898715601608e-04 -2.815023463814300925e-04 -3.215800713641830846e-04
-1.576690836984535188e-02 -4.150335295994025953e-03 -2.848459904955610682e-03 -1.989103264227580666e-03 -1.566405053399459648e-03 -1.303135160496686658e-03 -1.132908079165885831e-03 -1.012783362982361355e-03 -9.201567152171175089e-04 -8.428727528292923304e-04 -7.761957000569449537e-04 -7.200243124702948539e-04 -6.762278913150449391e-04 -6.462130827921848657e-04 -6.292545876865135923e-04 -6.220249424007910774e-04 -6.194197279028590408e-04 -6.163198968876050293e-04 -6.095732395833638627e-04 -5.993446796181907442e-04 -5.891837702966203939e-04 -5.846401676427054762e-04 -5.908533855619810130e-04 -6.100583863869547862e-04 -6.401042621231152691e-04 -6.748163091000762212e-04 -7.063439797639572580e-04 -7.287597394950201708e-04 -7.414920325478118390e-04 -7.509342490027441815e-04 -7.690958603580147794e-04 -8.092514074935357486e-04 -8.799374063174667752e-04 -9.797891515384890126e-04 -1.095921228464747906e-03 -1.207730402254773719e-03 -1.295900222543712845e-03 -1.353910648068880731e-03 -1.397274011645044736e-03 -1.465093647454803524e-03 -1.610436411799324920e-03 -1.879935601141286168e-03 -2.288450689534737934e-03 -2.800517199665217283e-03 -3.329074441854886022e-03 -3.764833860644629764e-03 -4.040224993500886840e-03 -4.196771999299922506e-03 -4.456449179786484659e-03 -5.232333831270087957e-03 -7.051606286662233207e-03 -1.036384009753815554e-02 -1.525353638487092142e-02 -2.113626043090990891e-02 -2.660062028854297267e-02 -2.966841850840398753e-02 -2.885931260243512764e-02 -2.564606160800090434e-02 -2.905530352853451237e-02 -6.422593413794994155e-02 -1.845974193631964300e-01 -5.082656363609849848e-01 -1.200099879001759851e+00 -2.921923841686486778e+00 -5.029933242919897296e+00 -1.727560162647172248e+01 1.573513545701424210e+00 -2.129556976717130681e+02 7.227900108475016623e+02 -5.399825069107798299e+03 2.324912254856515574e+04 -5.283278266585235542e+03 7.062615802440175230e+02 -1.981019008359789098e+02 3.992707538112677312e+00 -1.446730293800924194e+01 -3.755604191807277115e+00 -2.180070346777151169e+00 -8.429910075519267965e-01 -3.445717505014148641e-01 -1.192156356660988986e-01 -3.978665550560738645e-02 -1.725374910186208352e-02 -1.463394440547699862e-02 -1.576296658747487062e-02 -1.549213626524022051e-02 -1.327270814910830148e-02 -1.007391704203719658e-02 -6.941981238467485188e-03 -4.502116673808713269e-03 -2.923199359601724723e-03 -2.069797222968996087e-03 -1.682135619216384298e-03 -1.510867382417476965e-03 -1.386091636093219432e-03 -1.229785300328163546e-03 -1.033925138588535604e-03 -8.264286843229776613e-04 -6.410879214568119319e-04 -4.996475521906304420e-04 -4.057005423715142863e-04 -3.528138968187172686e-04 -3.087519292774100802e-04 -3.601366823766334385e-04
-1.539020333728364533e-02 -4.040418112279543783e-03 -2.758001530584615682e-03 -1.910640189830326713e-03 -1.492345708061331962e-03 -1.233429877082764135e-03 -1.069458437444022322e-03 -9.580201154788729571e-04 -8.755475605751442039e-04 -8.079570381415853656e-04 -7.483328979301809378e-04 -6.949934935846011205e-04 -6.495161847733775268e-04 -6.145446147308455086e-04 -5.917679126040539458e-04 -5.805836764741433790e-04 -5.778387303985866707e-04 -5.787215298490458546e-04 -5.784720011457488743e-04 -5.742514845330428264e-04 -5.663945140001882357e-04 -5.584442030001725071e-04 -5.558169223073953797e-04 -5.634974144161045573e-04 -5.836540564272525928e-04 -6.142192112133807108e-04 -6.492349030520142960e-04 -6.811125193851854612e-04 -7.041118095237678927e-04 -7.176781775286166128e-04 -7.280288757093323357e-04 -7.468714757171120502e-04 -7.871881247488271257e-04 -8.573798470614329504e-04 -9.561946577886073833e-04 -1.071093525286351484e-03 -1.181922492196358721e-03 -1.269712398272380234e-03 -1.327993777355044236e-03 -1.371929019688662840e-03 -1.439978472880436376e-03 -1.584372623745194724e-03 -1.851567430719768589e-03 -2.256028588918888682e-03 -2.761447346922018663e-03 -3.285659768955921742e-03 -3.720024495842642713e-03 -3.994920469556136923e-03 -4.152666977158093325e-03 -4.412546424171827700e-03 -5.184250949177353525e-03 -6.991473623717403899e-03 -1.028204015993873684e-02 -1.514216916528479846e-02 -2.099360776675429294e-02 -2.643489262756439778e-02 -2.949812431202531587e-02 -2.870696870459290423e-02 -2.552166126392006393e-02 -2.892633463162062185e-02 -6.397065526190393037e-02 -1.839423999587594671e-01 -5.066876119696623881e-01 -1.196773924691447721e+00 -2.915274499708474298e+00 -5.018822483903954357e+00 -1.725230347383441298e+01 1.593915500344767588e+00 -2.128423801923020733e+02 7.226729358737898110e+02 -5.398990822716370531e+03 2.324913625841857356e+04 -5.284074310572099421e+03 7.063755385435121070e+02 -1.981971177386405145e+02 3.978795816481573766e+00 -1.448383007879978557e+01 -3.762718646453964144e+00 -2.184099222491009407e+00 -8.448536888884449203e-01 -3.453955941591138057e-01 -1.195316305214763064e-01 -3.989972695597354679e-02 -1.730582345318250337e-02 -1.468085996091062287e-02 -1.581702493338379631e-02 -1.554864919162587088e-02 -1.332388792035025908e-02 -1.011475602595673928e-02 -6.971421379349604895e-03 -4.521992919636019966e-03 -2.936573791484286145e-03 -2.079586153057613913e-03 -1.690363483134363527e-03 -1.518519540073651024e-03 -1.393358565772222831e-03 -1.236452431528750964e-03 -1.039727568418627544e-03 -8.312384934251516345e-04 -6.451324268923726638e-04 -5.026669979913631894e-04 -4.116413464242614268e-04 -3.439665087081208408e-04 -3.966536403151773573e-04
-1.470058182209223532e-02 -3.872620472705578035e-03 -2.650556291797353300e-03 -1.840270759019923272e-03 -1.435696178503027224e-03 -1.181303775652845422e-03 -1.018103739420312326e-03 -9.078187953177775790e-04 -8.290019887627661076e-04 -7.677254972762773653e-04 -7.155893760614607082e-04 -6.686090352745255099e-04 -6.262998319247364311e-04 -5.904137414613364748e-04 -5.633587764798806330e-04 -5.466305450022878633e-04 -5.397183015750017451e-04 -5.398735494273705290e-04 -5.428678031728756924e-04 -5.444973792749362336e-04 -5.422751725389551771e-04 -5.366013025145234625e-04 -5.308367784065753329e-04 -5.300988556972317193e-04 -5.391189746535368036e-04 -5.599845874102135938e-04 -5.907610127117896058e-04 -6.257809011699912117e-04 -6.577772829095070335e-04 -6.812209181430672845e-04 -6.955614270524612414e-04 -7.068059710136970946e-04 -7.263251829183900660e-04 -7.667873024377339303e-04 -8.364536342798380934e-04 -9.341922243520593130e-04 -1.047819128860640004e-03 -1.157634655248211426e-03 -1.245009702344443067e-03 -1.303547692657005923e-03 -1.347978252275075506e-03 -1.416439549880792181e-03 -1.559939273637810748e-03 -1.822773593613796978e-03 -2.223342894984209686e-03 -2.725442644721365066e-03 -3.245370936048325682e-03 -3.677335549333107540e-03 -3.951856869679425815e-03 -4.110610386470314737e-03 -4.370627018136545409e-03 -5.138265382031774638e-03 -6.933874649185956321e-03 -1.020357670370081703e-02 -1.503521699720036450e-02 -2.085647024500534435e-02 -2.627542852619831060e-02 -2.933413421281912126e-02 -2.856016009450241741e-02 -2.540170659882875007e-02 -2.880188585631563575e-02 -6.372408366003198821e-02 -1.833091869470792612e-01 -5.051610070655943030e-01 -1.193554309837516758e+00 -2.908833452204996117e+00 -5.008054548827135299e+00 -1.722970617573354701e+01 1.613700136145127750e+00 -2.127323281368790049e+02 7.225591088748221864e+02 -5.398179854972972862e+03 2.324914940492766982e+04 -5.284848645895477603e+03 7.064863764891927076e+02 -1.982898149460780814e+02 3.965232942159414797e+00 -1.449993696523808673e+01 -3.769656618422853711e+00 -2.188029334443805762e+00 -8.466715267910408516e-01 -3.461999081967102598e-01 -1.198402648403422699e-01 -4.001021324944180335e-02 -1.735673090814556646e-02 -1.472673895379563412e-02 -1.586990362102460445e-02 -1.560394563203141780e-02 -1.337398194828907406e-02 -1.015474168263464164e-02 -7.000255957538026666e-03 -4.541466952485265218e-03 -2.949682222214147602e-03 -2.089184171752441702e-03 -1.698435005975599014e-03 -1.526032518940750047e-03 -1.400503345011557292e-03 -1.243031477438933568e-03 -1.045474086382942045e-03 -8.361994003915593525e-04 -6.488533515125003304e-04 -5.094156425701129370e-04 -4.019306037387975579e-04 -4.406807821910770345e-04
-1.377168244026754328e-02 -3.656250380833050637e-03 -2.525424383677156090e-03 -1.772181070869803792e-03 -1.390575433002319344e-03 -1.143478884830816545e-03 -9.790543690254083567e-04 -8.651195916987984872e-04 -7.843941132292933443e-04 -7.249986002186127945e-04 -6.783737902418937506e-04 -6.386558864931113572e-04 -6.027139666617592657e-04 -5.700190901830333012e-04 -5.419954655125684652e-04 -5.208496861276036127e-04 -5.081930688339108930e-04 -5.039413071513759940e-04 -5.059417679247925348e-04 -5.105385995886180641e-04 -5.139134090254507273e-04 -5.136957582098072156e-04 -5.101533864843101106e-04 -5.063679080615695943e-04 -5.071707851148087075e-04 -5.171281408578737044e-04 -5.383516780693410825e-04 -5.691108554801948801e-04 -6.040408151076659578e-04 -6.361545022681564226e-04 -6.600665300798270975e-04 -6.751724301996590242e-04 -6.872441717625212476e-04 -7.073288477794773856e-04 -7.478196051871036001e-04 -8.168787378177406544e-04 -9.135177439297579400e-04 -1.025895650953654887e-03 -1.134763144934518601e-03 -1.221702116656553849e-03 -1.280689839077259716e-03 -1.325595795383051030e-03 -1.392154028957179801e-03 -1.534773179333026854e-03 -1.796651637149480766e-03 -2.193377334403257082e-03 -2.691198234813063205e-03 -3.207152728616302281e-03 -3.636682689052625744e-03 -3.910788235524565240e-03 -4.070443651679776093e-03 -4.330540338756367486e-03 -5.094231409475420864e-03 -6.878644262151322950e-03 -1.012824395734657559e-02 -1.493241848684162716e-02 -2.072453141886338931e-02 -2.612187762583625603e-02 -2.917610310309161001e-02 -2.841858922942010895e-02 -2.528596231665384414e-02 -2.868172270764156317e-02 -6.348578093524802346e-02 -1.826967100539377831e-01 -5.036833513987665212e-01 -1.190436020170736464e+00 -2.902591070289233244e+00 -4.997613824819889139e+00 -1.720777858381322645e+01 1.632895012097456577e+00 -2.126254023511108073e+02 7.224483965791905575e+02 -5.397391204926938372e+03 2.324916201853983148e+04 -5.285602148637549362e+03 7.065942204847548282e+02 -1.983800911772850952e+02 3.952005985334821503e+00 -1.451563942127340745e+01 -3.776424587346284500e+00 -2.191864266726734289e+00 -8.484461189332946907e-01 -3.469853776047717719e-01 -1.201417921658064630e-01 -4.011820172210913554e-02 -1.740651007237451614e-02 -1.477161520371028137e-02 -1.592164066401111425e-02 -1.565806422662463504e-02 -1.342302416696343134e-02 -1.019390021197361801e-02 -7.028503237776245055e-03 -4.560550822843558068e-03 -2.962533036330539972e-03 -2.098598635380124078e-03 -1.706359405244207940e-03 -1.533419754074579529e-03 -1.407554632841486559e-03 -1.249545738415011337e-03 -1.051381304954805435e-03 -8.407946935959779208e-04 -6.567096654493195665e-04 -4.988087756171532931e-04 -5.093635103471370364e-04
-1.278658173826239912e-02 -3.424759162168289958e-03 -2.392621892315377995e-03 -1.702435520623406121e-03 -1.348528128451584535e-03 -1.112253098843712191e-03 -9.482898595857850929e-04 -8.302081482680708120e-04 -7.451493356002173926e-04 -6.841825297714115026e-04 -6.398762276177484857e-04 -6.057018448541454580e-04 -5.765491042412835589e-04 -5.494351501980645168e-04 -5.238122823221652308e-04 -5.011601716666511152e-04 -4.839018478286505613e-04 -4.740048316235850293e-04 -4.718017100748784988e-04 -4.755242056753128366e-04 -4.817925147642936209e-04 -4.869158107715768112e-04 -4.885036066597627305e-04 -4.866940994983830291e-04 -4.843937238765577170e-04 -4.862855409716882187e-04 -4.968751567901862239e-04 -5.183322292072071796e-04 -5.490911726512926003e-04 -5.840059551912515782e-04 -6.162829177960916279e-04 -6.406269780854177134e-04 -6.563755795400269197e-04 -6.691048599838173494e-04 -6.895974698714277002e-04 -7.300240282019692046e-04 -7.984632884105482805e-04 -8.940826500205252894e-04 -1.005243553560835690e-03 -1.113441037138795464e-03 -1.199977525710506452e-03 -1.256966349371549472e-03 -1.302292874447831669e-03 -1.370418505648120146e-03 -1.512058717764410993e-03 -1.771858683976671595e-03 -2.165053569319991007e-03 -2.658654137140963394e-03 -3.170761805629866443e-03 -3.597903769148059865e-03 -3.871559100958298257e-03 -4.032030283523957599e-03 -4.292160001643387408e-03 -5.052021072991377121e-03 -6.825634691713568930e-03 -1.005585492668025112e-02 -1.483353403325235638e-02 -2.059749971486349654e-02 -2.597391604384154465e-02 -2.902371123822137730e-02 -2.828198000562388501e-02 -2.517420982899540652e-02 -2.856562694433151944e-02 -6.325533785996863279e-02 -1.821039680349922363e-01 -5.022523304400974276e-01 -1.187414351607039897e+00 -2.896538309230768604e+00 -4.987485632267050661e+00 -1.718649136820457457e+01 1.651526072956962299e+00 -2.125214714772390323e+02 7.223406729060194493e+02 -5.396623963801572245e+03 2.324917412767300266e+04 -5.286335648364728513e+03 7.066991901987162237e+02 -1.984680400603766657e+02 3.939102645826903171e+00 -1.453095248649766980e+01 -3.783028719843242182e+00 -2.195607432275866078e+00 -8.501789881227738155e-01 -3.477526557967360876e-01 -1.204364545910851514e-01 -4.022377587250174774e-02 -1.745519791627678924e-02 -1.481552111738231904e-02 -1.597227248713702433e-02 -1.571104200092708972e-02 -1.347104710232816492e-02 -1.023225678116044743e-02 -7.056180957422269508e-03 -4.579256773276009496e-03 -2.975135944629176809e-03 -2.107840558615832124e-03 -1.714152516386497835e-03 -1.540715503177290642e-03 -1.414542951352683016e-03 -1.256251634525968122e-03 -1.056876446765896626e-03 -8.501644872456139059e-04 -6.446753186759112244e-04 -6.230272147404438072e-04
-1.194337544084723632e-02 -3.217677937486289070e-03 -2.266872387129416702e-03 -1.630234196819276308e-03 -1.302390973282710994e-03 -1.079341492259503280e-03 -9.198211875663447543e-04 -8.009220797025890654e-04 -7.127847022466769853e-04 -6.490799561817171348e-04 -6.042049382064722599e-04 -5.723405921554966871e-04 -5.478492151738055234e-04 -5.262255553110398382e-04 -5.049836400950181948e-04 -4.839978839222744129e-04 -4.650780377649824473e-04 -4.508746853063811213e-04 -4.434985921795796932e-04 -4.433809318345657271e-04 -4.488459344007353509e-04 -4.566166833077864588e-04 -4.631033204906570447e-04 -4.659835449154214339e-04 -4.654031299436929884e-04 -4.642113422805276154e-04 -4.669972823187455583e-04 -4.781871841350689894e-04 -4.999374450013600825e-04 -5.307608579259665092e-04 -5.656639939730975092e-04 -5.980218665824596665e-04 -6.226481069711838155e-04 -6.388682490181938787e-04 -6.521159929901731468e-04 -6.729395322384317153e-04 -7.133248663632107620e-04 -7.811439463679949137e-04 -8.760472663622224498e-04 -9.860759421808904836e-04 -1.091078572554022522e-03 -1.177206988924043001e-03 -1.235870334444834481e-03 -1.281446095594500735e-03 -1.349829476844730024e-03 -1.490682879750017745e-03 -1.748365318112700666e-03 -2.138148555680431662e-03 -2.627665996960604298e-03 -3.136049310853824580e-03 -3.560859796198113936e-03 -3.834039536906664550e-03 -3.995251378473686429e-03 -4.255374392694378019e-03 -5.011519646491448786e-03 -6.774711846866210939e-03 -9.986238407117171284e-03 -1.473834299082598005e-02 -2.047510561363153139e-02 -2.583124361789241805e-02 -2.887666172883830706e-02 -2.815007569746575192e-02 -2.506624567357100541e-02 -2.845339509924357801e-02 -6.303237191724508914e-02 -1.815300231465511172e-01 -5.008657732680948937e-01 -1.184484886613854204e+00 -2.890666664817592491e+00 -4.977656156126363918e+00 -1.716581688672793859e+01 1.669617765581546731e+00 -2.124204114155180889e+02 7.222358184866856163e+02 -5.395877271500620736e+03 2.324918575887479165e+04 -5.287049931174850826e+03 7.068013990070502359e+02 -1.985537504566257496e+02 3.926511215327123772e+00 -1.454589046413590125e+01 -3.789474888171846523e+00 -2.199262082960968367e+00 -8.518715866362658318e-01 -3.485023664183281578e-01 -1.207244834155417335e-01 -4.032701558883074189e-02 -1.750282987435543280e-02 -1.485848776323756525e-02 -1.602183399584583556e-02 -1.576291443585806432e-02 -1.351808198015702622e-02 -1.026983577914508325e-02 -7.083306979840549994e-03 -4.597598713672397704e-03 -2.987505514365574981e-03 -2.116930148458631179e-03 -1.721857933158747354e-03 -1.547962172837988445e-03 -1.421789998464570914e-03 -1.262485940316110172e-03 -1.068214328112725630e-03 -8.354919433154230080e-04 -7.966105419495320226e-04
-1.136627999399023731e-02 -3.062285440643708681e-03 -2.160334445836496926e-03 -1.557659103331094416e-03 -1.249095172445393665e-03 -1.039463146321207773e-03 -8.885054697795628439e-04 -7.738922252305154275e-04 -6.864861603071648272e-04 -6.212823261709707855e-04 -5.744096596739003665e-04 -5.416884060295863853e-04 -5.184611299535818668e-04 -5.001755731055990573e-04 -4.832863980903239235e-04 -4.660219787824743435e-04 -4.486508009168430826e-04 -4.330762156671959739e-04 -4.218481917595689481e-04 -4.169279386305644285e-04 -4.186732611197800896e-04 -4.254716167334993051e-04 -4.342278805618933414e-04 -4.415758838871159373e-04 -4.453650244234211601e-04 -4.457942945282097175e-04 -4.456376247737976683e-04 -4.493289034896437548e-04 -4.611433247780733174e-04 -4.831709406873124389e-04 -5.139833168256039211e-04 -5.487521745663662522e-04 -5.810522801852191889e-04 -6.058412073025562809e-04 -6.224486174520324835e-04 -6.362030753877191865e-04 -6.572993834399828593e-04 -6.979085534603552505e-04 -7.651651799139353631e-04 -8.566855685877164481e-04 -9.656232609339949861e-04 -1.071383064935541507e-03 -1.156967198247651216e-03 -1.215918675340902852e-03 -1.261885378391783752e-03 -1.330371891529193683e-03 -1.470435074708601689e-03 -1.726050253700101966e-03 -2.112536408552822577e-03 -2.598111891673626599e-03 -3.102892322854957068e-03 -3.525430148024123744e-03 -3.798115127494709579e-03 -3.960000922629914287e-03 -4.220083125996591106e-03 -4.972623073105270769e-03 -6.725753148112944765e-03 -9.919236917126558403e-03 -1.464664151870344495e-02 -2.035709937476977080e-02 -2.569358160316152426e-02 -2.873467840563271453e-02 -2.802263718775028709e-02 -2.496188015163332968e-02 -2.834483719071641261e-02 -6.281652511129570682e-02 -1.809739961585087042e-01 -4.995216415831123524e-01 -1.181643472714555720e+00 -2.884968133583715844e+00 -4.968112383231645168e+00 -1.714572906524934481e+01 1.687193145392674509e+00 -2.123221048297200468e+02 7.221337202240832767e+02 -5.395150313391507552e+03 2.324919693697007096e+04 -5.287745742507400792e+03 7.069009544013354116e+02 -1.986373067600258366e+02 3.914220542310212103e+00 -1.456046696555372755e+01 -3.795768687573241706e+00 -2.202831318977100938e+00 -8.535253002689924262e-01 -3.492351050455046457e-01 -1.210060997639170050e-01 -4.042799735713352438e-02 -1.754943991736908696e-02 -1.490054490543099922e-02 -1.607035860966233437e-02 -1.581371556127040071e-02 -1.356415903196290726e-02 -1.030666168290645703e-02 -7.109901309598115442e-03 -4.615597026270798833e-03 -2.999668864193229603e-03 -2.125924656662527695e-03 -1.729533852858589635e-03 -1.555576721723769861e-03 -1.428480052900027008e-03 -1.276205073286968599e-03 -1.049093216327688692e-03 -1.029568439432778162e-03
-1.106010850508386788e-02 -2.962958480407250350e-03 -2.077419496495090754e-03 -1.488235531614405353e-03 -1.190353763948726875e-03 -9.921609950303555969e-04 -8.521124718700835102e-04 -7.461271756806561869e-04 -6.637416772350647129e-04 -5.997430098194030156e-04 -5.512545192199592818e-04 -5.158938751922325034e-04 -4.908977350101316559e-04 -4.729756986667632687e-04 -4.587411604649240405e-04 -4.454529949678768500e-04 -4.317162607263937742e-04 -4.178043046332099606e-04 -4.054025903267210107e-04 -3.968021847760054501e-04 -3.938140498053568136e-04 -3.968271222017622055e-04 -4.044252110932804742e-04 -4.137904531363152888e-04 -4.218047546086318360e-04 -4.264468276416175422e-04 -4.278908583875866488e-04 -4.287607219007354056e-04 -4.332926364843100249e-04 -4.456096119739717917e-04 -4.677653855140191772e-04 -4.984298614668825241e-04 -5.329709703384105483e-04 -5.651636092507801796e-04 -5.901290166234876350e-04 -6.070599338784510952e-04 -6.215694029883173967e-04 -6.429464605603339364e-04 -6.808999860048652129e-04 -7.476105832859273768e-04 -8.399428145279495264e-04 -9.476847631913053616e-04 -1.052789539516979424e-03 -1.138022087189056574e-03 -1.197098265133337983e-03 -1.243395203361692290e-03 -1.311932396139110909e-03 -1.451205437348870126e-03 -1.704813425607336385e-03 -2.088116192258065475e-03 -2.569887442312853744e-03 -3.071183338528203199e-03 -3.491507605295569774e-03 -3.763683213984936847e-03 -3.926183167589913058e-03 -4.186195035429690625e-03 -4.935236313308844110e-03 -6.678645998770734935e-03 -9.854705113701262009e-03 -1.455824083336942042e-02 -2.024324912094885645e-02 -2.556067069319236523e-02 -2.859750396396271155e-02 -2.789944142218200515e-02 -2.486093613544833672e-02 -2.823977558591252157e-02 -6.260746200472944167e-02 -1.804350618406010687e-01 -4.982180197220533180e-01 -1.178886202902839075e+00 -2.879435176494942183e+00 -4.958842044968972296e+00 -1.712620328805089542e+01 1.704273973855881419e+00 -2.122264406925226012e+02 7.220342708862627887e+02 -5.394442317340929549e+03 2.324920768519223566e+04 -5.288423789738643791e+03 7.069979583655770057e+02 -1.987187891745464299e+02 3.902219999411995932e+00 -1.457469495158505879e+01 -3.801915452408582752e+00 -2.206318097599457850e+00 -8.551414521190610074e-01 -3.499514407688952833e-01 -1.212815151440580497e-01 -4.052679440876192501e-02 -1.759506055279541278e-02 -1.494172098147385566e-02 -1.611787833308780601e-02 -1.586347833334574020e-02 -1.360930862705695722e-02 -1.034276167494890125e-02 -7.135992221010520505e-03 -4.633288148186582092e-03 -3.011700443864234831e-03 -2.134899222131671562e-03 -1.737717586518691204e-03 -1.562509507934655177e-03 -1.444866132591907885e-03 -1.250662145782890792e-03 -1.299453208548157152e-03
-1.092216905499799641e-02 -2.901893417118600518e-03 -2.013681228566789865e-03 -1.425101750744441021e-03 -1.131213962800844963e-03 -9.413018232148000035e-04 -8.118456404914178815e-04 -7.162028571134394523e-04 -6.416068567223676047e-04 -5.815433356029150449e-04 -5.331595746644103052e-04 -4.952983357667477661e-04 -4.671050241382887470e-04 -4.471549496002155807e-04 -4.332038421588933004e-04 -4.225345049992418225e-04 -4.126950022748909742e-04 -4.022799550784895094e-04 -3.913861235635086237e-04 -3.814977913796153324e-04 -3.747893371811019335e-04 -3.730916313289189216e-04 -3.769413204909694785e-04 -3.851422326716877364e-04 -3.950922884273942639e-04 -4.038157999872710028e-04 -4.093215109772884558e-04 -4.117038023200323771e-04 -4.134381601212521623e-04 -4.186084328648493258e-04 -4.312452539740742699e-04 -4.534136695097304827e-04 -4.838877202394183553e-04 -5.182465297098015058e-04 -5.503000834845740577e-04 -5.757294060048667467e-04 -5.929901615480225171e-04 -6.051696690865654687e-04 -6.267989831367956318e-04 -6.664972601416271512e-04 -7.325213492242371770e-04 -8.241736194412813479e-04 -9.309611830689198389e-04 -1.035290042475032948e-03 -1.120146400466981874e-03 -1.179292040766236494e-03 -1.225866179856835957e-03 -1.294418962528528757e-03 -1.432908644858943035e-03 -1.684571039583361053e-03 -2.064801028613200574e-03 -2.542900724539898412e-03 -3.040826376839036484e-03 -3.458995578826840056e-03 -3.730650764527939506e-03 -3.893710962950560749e-03 -4.153626813840276960e-03 -4.899272147709359156e-03 -6.633286606380556401e-03 -9.792508505217458262e-03 -1.447296573642528270e-02 -2.013333918669495473e-02 -2.543226929122629348e-02 -2.846489833093229782e-02 -2.778028004405641918e-02 -2.476324801294257569e-02 -2.813804398860625736e-02 -6.240486794977235380e-02 -1.799124448659442654e-01 -4.969531055654354823e-01 -1.176209397771547538e+00 -2.874060685753538902e+00 -4.949833564804423602e+00 -1.710721629729034277e+01 1.720880807928300893e+00 -2.121333138671007248e+02 7.219373687312415768e+02 -5.393752550979027546e+03 2.324921802530481364e+04 -5.289084744580472034e+03 7.070925077244086197e+02 -1.987982739710080295e+02 3.890499453062649327e+00 -1.458858677093869183e+01 -3.807920271199562112e+00 -2.209725241345624980e+00 -8.567213061042369127e-01 -3.506519176301357565e-01 -1.215509318930284854e-01 -4.062347676728782220e-02 -1.763972276857740315e-02 -1.498204316410245776e-02 -1.616442422600011808e-02 -1.591223604302257136e-02 -1.365356441605831972e-02 -1.037817280432363001e-02 -7.161626771548586234e-03 -4.650764963121693449e-03 -3.023689374113945963e-03 -2.144520909227332333e-03 -1.745046905622201676e-03 -1.581701504545785604e-03 -1.411496949198315365e-03 -1.565914370605812596e-03
-1.079928445711157529e-02 -2.849467901990227793e-03 -1.958743182383916332e-03 -1.369619980473608858e-03 -1.077372518918958636e-03 -8.927694453714977822e-04 -7.712988001019587675e-04 -6.845998248385860331e-04 -6.179741645619212485e-04 -5.633590171351218106e-04 -5.171682775636636011e-04 -4.785103695845732566e-04 -4.476701090692090696e-04 -4.248279807776042223e-04 -4.092425399080610584e-04 -3.990600864024631102e-04 -3.917392778967261364e-04 -3.848725226879676936e-04 -3.770391909238364936e-04 -3.683119893128082882e-04 -3.601714225418084048e-04 -3.548208162128515869e-04 -3.541540567137360543e-04 -3.587982961851617536e-04 -3.676614423884953862e-04 -3.782385006313098244e-04 -3.876203401688046155e-04 -3.938323959229634609e-04 -3.969299297850228123e-04 -3.993061629371575153e-04 -4.049543159840569124e-04 -4.178337223580708701e-04 -4.400493138062690299e-04 -4.703085309323932215e-04 -5.048180567333200586e-04 -5.367715103567211998e-04 -5.594106732504511422e-04 -5.769723871539709148e-04 -5.914649388243025741e-04 -6.131508802200757785e-04 -6.529661383797302505e-04 -7.185333150581521338e-04 -8.093821731879641702e-04 -9.152236019544313442e-04 -1.018766331240098010e-03 -1.103227199405773821e-03 -1.162405455990648921e-03 -1.209214448071124380e-03 -1.277755728108448743e-03 -1.415472564520393840e-03 -1.665250401554225048e-03 -2.042514182821067361e-03 -2.517069487310639141e-03 -3.011734796564897662e-03 -3.427806351313004984e-03 -3.698932932006079345e-03 -3.862504563159353029e-03 -4.122301996982074244e-03 -4.864650245772534146e-03 -6.589579027783085650e-03 -9.732522371236035363e-03 -1.439065334768781582e-02 -2.002716867464021319e-02 -2.530815198401328500e-02 -2.833663721542728151e-02 -2.766495817810488839e-02 -2.466866074596040306e-02 -2.803948653145392142e-02 -6.220844748784881001e-02 -1.794054160851172031e-01 -4.957252022435917893e-01 -1.173609589180963253e+00 -2.868837954409416469e+00 -4.941076010186426615e+00 -1.708874610065701560e+01 1.737033082153856212e+00 -2.120426247215312117e+02 7.218429171601666212e+02 -5.393080319171727751e+03 2.324922797771049227e+04 -5.289729245299853574e+03 7.071846944652676257e+02 -1.988758337252616002e+02 3.879049235177249422e+00 -1.460215419593198227e+01 -3.813788000638306031e+00 -2.213055445558691936e+00 -8.582660701836883899e-01 -3.513370558724710491e-01 -1.218145435031576795e-01 -4.071811126755371657e-02 -1.768345614075108457e-02 -1.502153794619814214e-02 -1.621002804473688566e-02 -1.596002577702919714e-02 -1.369697096839572747e-02 -1.041295212000276083e-02 -7.186914441330338570e-03 -4.668124163367903465e-03 -3.036420389292483844e-03 -2.153069483449410789e-03 -1.767158365935437127e-03 -1.540404598565137768e-03 -1.790521878564358847e-03
-1.056000784369914673e-02 -2.778497468504086219e-03 -1.901482349764317464e-03 -1.320954188022549838e-03 -1.032559414454086669e-03 -8.515813775476467010e-04 -7.345073256728250994e-04 -6.531676038953339834e-04 -5.923072387388294115e-04 -5.429036074553856509e-04 -5.003809809682849318e-04 -4.632242301656229791e-04 -4.317377379440438335e-04 -4.068121796627417633e-04 -3.888836686232831743e-04 -3.773142345750722703e-04 -3.703395455846848175e-04 -3.655564148233742807e-04 -3.607387658758282392e-04 -3.546448501165755927e-04 -3.474731679036484485e-04 -3.407513600241438836e-04 -3.366625320190271909e-04 -3.370530522153420490e-04 -3.425226018943339050e-04 -3.520026680587688087e-04 -3.630630159908813655e-04 -3.728911196353168760e-04 -3.795864344584861218e-04 -3.832232446736837930e-04 -3.861358199326341738e-04 -3.922661707496625659e-04 -4.053335336213220600e-04 -4.279377600061783581e-04 -4.580311947320393241e-04 -4.892577671984321653e-04 -5.211133436998875842e-04 -5.459143548842233448e-04 -5.635657345877221691e-04 -5.786172952731928523e-04 -6.005618527169882728e-04 -6.403215795957499859e-04 -7.054162282120614953e-04 -7.954549365994164224e-04 -9.003613981363685131e-04 -1.003123696896771489e-03 -1.087178494028388136e-03 -1.146360978478332127e-03 -1.193369685399010014e-03 -1.261877612033401180e-03 -1.398834267310256020e-03 -1.646787167992540919e-03 -2.021186941605660967e-03 -2.492319430271195627e-03 -2.983829836623774941e-03 -3.397859822710213792e-03 -3.668451979064228652e-03 -3.832490709737440722e-03 -4.092150161433901097e-03 -4.831296410510600887e-03 -6.547434371792820035e-03 -9.674630837077166298e-03 -1.431115199955505790e-02 -1.992455018050917973e-02 -2.518810818396689452e-02 -2.821251081214029219e-02 -2.755329334058597562e-02 -2.457702902481927534e-02 -2.794395695800118082e-02 -6.201792289791451668e-02 -1.789132891316348173e-01 -4.945327105624999220e-01 -1.171083505316560469e+00 -2.863760648509912965e+00 -4.932559048406413460e+00 -1.707077188646409027e+01 1.752749184159605234e+00 -2.119542787731491558e+02 7.217508243964387020e+02 -5.392424961684318077e+03 2.324923756155296724e+04 -5.290357898775283502e+03 7.072746060366902157e+02 -1.989515375393217198e+02 3.867860116774755497e+00 -1.461540845574502079e+01 -3.819523278614310069e+00 -2.216311285417243315e+00 -8.597768992863950022e-01 -3.520073530552787489e-01 -1.220725349708366020e-01 -4.081076183131241569e-02 -1.772628956207752959e-02 -1.506023294100459695e-02 -1.625472579351886285e-02 -1.600689605025206255e-02 -1.373959271997204912e-02 -1.044722188844730837e-02 -7.211953474377313586e-03 -4.686241960347991078e-03 -3.047827157967477555e-03 -2.178505397667378045e-03 -1.719362321908886370e-03 -1.973006363223069482e-03
-1.014865727208754363e-02 -2.675737441525128605e-03 -1.834904952037962186e-03 -1.276658700465613206e-03 -9.971023289679263948e-04 -8.197477183733112597e-04 -7.040643827614681506e-04 -6.240719941655022227e-04 -5.656064106050386498e-04 -5.197344843599180537e-04 -4.811705506307865747e-04 -4.473199404014367394e-04 -4.175596413426457842e-04 -3.924325880026681619e-04 -3.727796288617474555e-04 -3.589689442736815274e-04 -3.504276914522057654e-04 -3.456183759153321844e-04 -3.424617842491838905e-04 -3.390461707142537881e-04 -3.343396084990434827e-04 -3.286015403012796624e-04 -3.232896894395329577e-04 -3.204521265865716158e-04 -3.218164379402754034e-04 -3.279420660917298116e-04 -3.378188274424403408e-04 -3.491459598944304126e-04 -3.592571544589658874e-04 -3.663378658360053768e-04 -3.705156337853783175e-04 -3.738859993879312593e-04 -3.808329262207129219e-04 -3.941139800041056161e-04 -4.134421137517200421e-04 -4.433828645530529322e-04 -4.766142445835686091e-04 -5.081718850842901168e-04 -5.332882114797681938e-04 -5.512419840035068805e-04 -5.666460208743664398e-04 -5.887944476144586423e-04 -6.284530279016592360e-04 -6.930642665796431972e-04 -7.823024103291170575e-04 -8.862918424551722348e-04 -9.882851204451041822e-04 -1.071928523153447199e-03 -1.131092376107801145e-03 -1.178270912390160744e-03 -1.246727488733139671e-03 -1.382937923137454164e-03 -1.629123696935296265e-03 -2.000757236982952502e-03 -2.468583000908476741e-03 -2.957039539847808665e-03 -3.369082548241487170e-03 -3.639136431423150089e-03 -3.803601894202718586e-03 -4.063106269157520413e-03 -4.799141948904407998e-03 -6.506770119740371526e-03 -9.618726069593056330e-03 -1.423432026255049693e-02 -1.982530865906070514e-02 -2.507194091434018085e-02 -2.809232263776535385e-02 -2.744511445843608038e-02 -2.448821650682656351e-02 -2.785131788437604852e-02 -6.183303287864955894e-02 -1.784354173274222410e-01 -4.933741220788406268e-01 -1.168628057001434684e+00 -2.858822781540720115e+00 -4.924272906039887765e+00 -1.705327394548716313e+01 1.768046524145532317e+00 -2.118681863600950805e+02 7.216610031886202705e+02 -5.391785851017969435e+03 2.324924679480886698e+04 -5.290971282402577344e+03 7.073623256247645941e+02 -1.990254512468078190e+02 3.856923283351154641e+00 -1.462836026737302220e+01 -3.825130536335092035e+00 -2.219495222449062055e+00 -8.612548980657611652e-01 -3.526632852277715724e-01 -1.223250834654293628e-01 -4.090149040629664084e-02 -1.776825317892559083e-02 -1.509816052084410158e-02 -1.629856556495061157e-02 -1.605291558114093145e-02 -1.378156283649815093e-02 -1.048108358266838618e-02 -7.237698706914571893e-03 -4.702770969779414105e-03 -3.077794700337096491e-03 -2.126292731272655390e-03 -2.195641463286334121e-03
-9.600157529706139850e-03 -2.545891426166554516e-03 -1.758627680405322382e-03 -1.233877245106052402e-03 -9.681418497732113783e-04 -7.957084833857303204e-04 -6.801142745931710101e-04 -5.987582021109663253e-04 -5.397264174788666104e-04 -4.951623832265053798e-04 -4.596840774672450469e-04 -4.297271967096372137e-04 -4.033467237438499633e-04 -3.799938678861265371e-04 -3.600911164295681811e-04 -3.444144325230082669e-04 -3.334377239909536270e-04 -3.268603646774753354e-04 -3.235006091258726827e-04 -3.216088236108635115e-04 -3.194879018652200088e-04 -3.161678351058495005e-04 -3.118369858678929243e-04 -3.078112731067340706e-04 -3.060032414307151051e-04 -3.080738022860771618e-04 -3.146108540200624575e-04 -3.247172882305772923e-04 -3.362278527635772867e-04 -3.466472570314869722e-04 -3.540431697393991431e-04 -3.591158435062006171e-04 -3.629526883378500338e-04 -3.667869528991681764e-04 -3.802761669684265821e-04 -4.019453576522913157e-04 -4.315240436339674488e-04 -4.648155882367288995e-04 -4.963253784547949979e-04 -5.215538868213151795e-04 -5.397505984928340416e-04 -5.554372479990852315e-04 -5.777427789643621017e-04 -6.172746806145852118e-04 -6.814002653115294478e-04 -7.698529917307908197e-04 -8.729466642464290063e-04 -9.741852304449876614e-04 -1.057415303588430137e-03 -1.116541719313084114e-03 -1.163864291676154281e-03 -1.232254519702735175e-03 -1.367733471274443181e-03 -1.612207931215588197e-03 -1.981168658782859159e-03 -2.445798489434629006e-03 -2.931297913491810649e-03 -3.341406968360976365e-03 -3.610920387687201454e-03 -3.775775748939419908e-03 -4.035110118801683507e-03 -4.768123136742751650e-03 -6.467509537891164527e-03 -9.564707571029900865e-03 -1.416002608030727736e-02 -1.972928041014270634e-02 -2.495946571812769285e-02 -2.797588848292269226e-02 -2.734026098507689670e-02 -2.440209513027015095e-02 -2.776144013348005174e-02 -6.165353135243607785e-02 -1.779711908587855163e-01 -4.922480127617654411e-01 -1.166240325142998691e+00 -2.854018690944258640e+00 -4.916208331639382756e+00 -1.703623359893440892e+01 1.782941598914415948e+00 -2.117842623376998858e+02 7.215733705349821321e+02 -5.391162390406462691e+03 2.324925569437196100e+04 -5.291569945863931025e+03 7.074479324096091659e+02 -1.990976376039658078e+02 3.846230311883303443e+00 -1.464101986450254600e+01 -3.830614009688558141e+00 -2.222609610714979755e+00 -8.627011236688028051e-01 -3.533053083956422813e-01 -1.225723596444850821e-01 -4.099035921068001215e-02 -1.780938267514644083e-02 -1.513536754282213299e-02 -1.634162034479156450e-02 -1.609823524980603243e-02 -1.382300470176936816e-02 -1.051561934703971503e-02 -7.261585199572186990e-03 -4.739880155265338915e-03 -3.021519185867238555e-03 -2.656571785499247176e-03
-9.013726993962386039e-03 -2.407286868997971473e-03 -1.678155100062645420e-03 -1.190559452006493320e-03 -9.411994801532239151e-04 -7.753998300250682834e-04 -6.605516872022398813e-04 -5.773768519355339419e-04 -5.164276101949043371e-04 -4.714201884384103388e-04 -4.375098974178521496e-04 -4.107121669413414818e-04 -3.880140065821813624e-04 -3.676222011233752358e-04 -3.490297010757525140e-04 -3.327461564170639007e-04 -3.197304954123429883e-04 -3.107136943312841502e-04 -3.056690967595112685e-04 -3.036456546476763566e-04 -3.030402757222759830e-04 -3.022063840049919346e-04 -3.001442882403272954e-04 -2.969668761910066465e-04 -2.939098329581191671e-04 -2.928351710474381736e-04 -2.954076319272995227e-04 -3.022576651042025104e-04 -3.126285923490073173e-04 -3.242667161804581744e-04 -3.353928628194020292e-04 -3.431248985159481035e-04 -3.449009680153268401e-04 -3.491867869139023400e-04 -3.558697148207081362e-04 -3.693194669687503489e-04 -3.912481233777729151e-04 -4.207356289312111906e-04 -4.538893593493918406e-04 -4.853103390446647666e-04 -5.105919141652515451e-04 -5.289808311147011161e-04 -5.449032640615104070e-04 -5.673309207899743288e-04 -6.067190037541332105e-04 -6.703615462680016053e-04 -7.580466387776448869e-04 -8.602673813719181580e-04 -9.607671438768372683e-04 -1.043584295897720133e-03 -1.102657614124679438e-03 -1.150101747081522675e-03 -1.218413041723145993e-03 -1.353175689333015229e-03 -1.595992580620298872e-03 -1.962369702283008055e-03 -2.423909315867256095e-03 -2.906544250628766059e-03 -3.314770774284861790e-03 -3.583742942792486012e-03 -3.748954532989725794e-03 -4.008105877863365855e-03 -4.738180756855453132e-03 -6.429581163623971328e-03 -9.512481554243076495e-03 -1.408814599779507036e-02 -1.963631216916950084e-02 -2.485050967610567124e-02 -2.786303546729934633e-02 -2.723858210317713774e-02 -2.431854449668199164e-02 -2.767420213463808037e-02 -6.147918637876158277e-02 -1.775200341966359230e-01 -4.911530371847176446e-01 -1.163917549206910707e+00 -2.849343016525555328e+00 -4.908356561378438343e+00 -1.701963313200358741e+01 1.797450050902583252e+00 -2.117024257975690205e+02 7.214878474279973943e+02 -5.390554011956801332e+03 2.324926427613032865e+04 -5.292154412770966701e+03 7.075315018035138337e+02 -1.991681564675679397e+02 3.835773149234248613e+00 -1.465339702457883675e+01 -3.835977749994612829e+00 -2.225656702756297456e+00 -8.641165886233921345e-01 -3.539338606017057853e-01 -1.228145307502746253e-01 -4.107743710170184970e-02 -1.784973462518866030e-02 -1.517194026462574501e-02 -1.638408256933266208e-02 -1.614304368280145355e-02 -1.386529625277447761e-02 -1.054799326909282992e-02 -7.310310225220560502e-03 -4.674439122907032493e-03 -3.664025274153451250e-03
-8.501564382001707693e-03 -2.282086985761783409e-03 -1.601656345777405970e-03 -1.146168543432320988e-03 -9.122619793215131379e-04 -7.542865555480052307e-04 -6.421883041435196395e-04 -5.588584660397845306e-04 -4.965995862754791395e-04 -4.505453524336527947e-04 -4.167634011782863994e-04 -3.915445941744394851e-04 -3.715155606939685726e-04 -3.540655416621274021e-04 -3.377348390493986607e-04 -3.223157493697832330e-04 -3.085717144387390147e-04 -2.976522879825034334e-04 -2.904130263859133103e-04 -2.869002677019169838e-04 -2.862071476084881148e-04 -2.867649752705887420e-04 -2.869593216432290202e-04 -2.858170528428659925e-04 -2.834632682869690497e-04 -2.811322716905174327e-04 -2.806586671740876051e-04 -2.837496750236088105e-04 -2.908450573323092809e-04 -3.019132790919096926e-04 -3.137175504468901407e-04 -3.210944642699191799e-04 -3.291603760524494334e-04 -3.339974234489888664e-04 -3.384500501390923818e-04 -3.457401305566483170e-04 -3.594185064445677810e-04 -3.813861264138993109e-04 -4.107434603793086035e-04 -4.437130824243461420e-04 -4.750118272137387066e-04 -5.003107062716146639e-04 -5.188537693792465112e-04 -5.349755812349853059e-04 -5.574978892978221280e-04 -5.967300646735921796e-04 -6.598950386834150561e-04 -7.468315888310932517e-04 -8.482028721170400921e-04 -9.479806125243529216e-04 -1.030386942076124031e-03 -1.089394026614767938e-03 -1.136940003091446065e-03 -1.205161764519483694e-03 -1.339223499032039929e-03 -1.580434492638601056e-03 -1.944313171985626075e-03 -2.402863450365815261e-03 -2.882722566999511467e-03 -3.289116373400081603e-03 -3.557547696814051651e-03 -3.723084690231092970e-03 -3.982041677509561006e-03 -4.709259695598175775e-03 -6.392918352095281788e-03 -9.461960386882222601e-03 -1.401856447058422682e-02 -1.954626028971372803e-02 -2.474491052173691599e-02 -2.775360118627142811e-02 -2.713993600377751642e-02 -2.423745131208612097e-02 -2.758948937973288579e-02 -6.130977916481243628e-02 -1.770814037377673456e-01 -4.900879232006820629e-01 -1.161657116629944753e+00 -2.844790680576603670e+00 -4.900709287396310287e+00 -1.700345573252795361e+01 1.811586722705965657e+00 -2.116225998073906567e+02 7.214043586168446609e+02 -5.389960174924217426e+03 2.324927255503747801e+04 -5.292725182192712055e+03 7.076131056721013692e+02 -1.992370649607660766e+02 3.825544091842388195e+00 -1.466550109413217307e+01 -3.841225634044043158e+00 -2.228638655277492830e+00 -8.655022644007540622e-01 -3.545493669756314414e-01 -1.230517715002610868e-01 -4.116282632663326863e-02 -1.788943456334939064e-02 -1.520816047355257744e-02 -1.642627457721530446e-02 -1.618934625884059855e-02 -1.390500091270116360e-02 -1.061465973406604778e-02 -7.221148224732683134e-03 -5.561257734960302693e-03
-8.137878677452305490e-03 -2.185936720263449012e-03 -1.535954722926283255e-03 -1.101647690413469320e-03 -8.794192015203719948e-04 -7.293631501160052549e-04 -6.222540268497028359e-04 -5.415152869265595602e-04 -4.799643966667091781e-04 -4.334920010885152941e-04 -3.990650778685406511e-04 -3.737748126913049886e-04 -3.546868117212489176e-04 -3.391172828626794048e-04 -3.250619758167223720e-04 -3.115271102124988773e-04 -2.985868215795865798e-04 -2.871073267989617938e-04 -2.782156582680023952e-04 -2.726986459541751152e-04 -2.705599388570555444e-04 -2.709156994763135579e-04 -2.722842177291873514e-04 -2.731661040249638611e-04 -2.726892150337069907e-04 -2.710103260371852282e-04 -2.694051351408599418e-04 -2.694372180796161895e-04 -2.734916945120730697e-04 -2.808658081146628489e-04 -2.878740726804908867e-04 -2.998632252671317019e-04 -3.102983432400148911e-04 -3.184030715467790610e-04 -3.239062435052209770e-04 -3.287974903962820436e-04 -3.364396318614960228e-04 -3.502867866574308191e-04 -3.722352145376925728e-04 -4.014310249400872125e-04 -4.341937114545128514e-04 -4.653486572331091671e-04 -4.906391130637102662e-04 -5.093063465769294331e-04 -5.255978468670395370e-04 -5.481924904321646861e-04 -5.872601058779350390e-04 -6.499547725227063999e-04 -7.361624564229518998e-04 -8.367078681321984089e-04 -9.357807956853318471e-04 -1.017779649807179325e-03 -1.076709435659714163e-03 -1.124339872543944456e-03 -1.192463161039913335e-03 -1.325839425926143410e-03 -1.565494150587640838e-03 -1.926955694517160740e-03 -2.382612929510966992e-03 -2.859781123010132504e-03 -3.264390429621915994e-03 -3.532282328622256013e-03 -3.698116463231225504e-03 -3.956869256573186319e-03 -4.681308586557977013e-03 -6.357458873759326903e-03 -9.413062095024092579e-03 -1.395117324450323437e-02 -1.945899000562612349e-02 -2.464251583855769576e-02 -2.764743293396621296e-02 -2.704418922803232886e-02 -2.415870887666210845e-02 -2.750719392853961942e-02 -6.114510316598215089e-02 -1.766547856511620496e-01 -4.890514670604987901e-01 -1.159456553083257013e+00 -2.840356869557090214e+00 -4.893258628567239477e+00 -1.698768543424217015e+01 1.825365707476442889e+00 -2.115447111696743718e+02 7.213228323866944720e+02 -5.389380364109465518e+03 2.324928054517753844e+04 -5.293282730077003180e+03 7.076928125399048213e+02 -1.993044176277260249e+02 3.815535766923288552e+00 -1.467734101205754804e+01 -3.846361373387179761e+00 -2.231557535784247648e+00 -8.668590900954610268e-01 -3.551522582810743289e-01 -1.232843088303115647e-01 -4.124674434470105427e-02 -1.792892672580726626e-02 -1.524456517960529230e-02 -1.647131443493951228e-02 -1.623235165134092814e-02 -1.399695041207156890e-02 -1.047565985420864133e-02 -8.565864206919482707e-03
-7.930118346152250849e-03 -2.121690211767739923e-03 -1.483577123613196097e-03 -1.058759628994155634e-03 -8.434023577877535665e-04 -7.002532937043664564e-04 -5.995356584550248780e-04 -5.238346560681336707e-04 -4.653220932467339033e-04 -4.198255779465005257e-04 -3.848673777937019211e-04 -3.584897429932625392e-04 -3.387319329891060504e-04 -3.235361115738097349e-04 -3.109554901856926754e-04 -2.994987011553361411e-04 -2.884261138163759673e-04 -2.778418382739013281e-04 -2.685062794469519139e-04 -2.614115102749924751e-04 -2.572672243030591334e-04 -2.560997155497222598e-04 -2.571370279911580582e-04 -2.590562169279042094e-04 -2.604818438256885924e-04 -2.606783109439437434e-04 -2.595670789100628815e-04 -2.591489203412276053e-04 -2.597014171143091155e-04 -2.596104434345833942e-04 -2.672838055723014607e-04 -2.775186169275923806e-04 -2.893862663392516351e-04 -3.003342251873657989e-04 -3.087762719513236290e-04 -3.146716410824158686e-04 -3.199254215396257262e-04 -3.278395025086127540e-04 -3.418053851274154573e-04 -3.637021655424514731e-04 -3.927173232101376370e-04 -4.252596681726256156e-04 -4.562563705750240532e-04 -4.815188523560376996e-04 -5.002858452200454817e-04 -5.167222047531928658e-04 -5.393706870359730966e-04 -5.782675783703984879e-04 -6.405003425489854980e-04 -7.259989890882377964e-04 -8.257419166862027017e-04 -9.241273792137279751e-04 -1.005723039617007408e-03 -1.064566189208320966e-03 -1.112265704353626724e-03 -1.180282985827142738e-03 -1.312989164234826993e-03 -1.551135260773476524e-03 -1.910257309434325226e-03 -2.363113442309897495e-03 -2.837672008504472151e-03 -3.240543459781464880e-03 -3.507898218901605789e-03 -3.674003550621285450e-03 -3.932543645319299015e-03 -4.654279493542855771e-03 -6.323144554414051287e-03 -9.365709915625179682e-03 -1.388587079155418832e-02 -1.937437475527771166e-02 -2.454318232124869104e-02 -2.754438698589713186e-02 -2.695121605986916871e-02 -2.408221661765055574e-02 -2.742721396212366089e-02 -6.098496327126429889e-02 -1.762396939069860446e-01 -4.880425289165265523e-01 -1.157313513478703593e+00 -2.836037017144829697e+00 -4.885997103451027002e+00 -1.697230706424241475e+01 1.838800395546816402e+00 -2.114686901979958407e+02 7.212432003533111811e+02 -5.388814088368207194e+03 2.324928825982288618e+04 -5.293827510574669759e+03 7.077706877821809712e+02 -1.993702665771589579e+02 3.805741115756004156e+00 -1.468892533115941568e+01 -3.851388525287303910e+00 -2.234415337365118770e+00 -8.681880015053941024e-01 -3.557430384193182582e-01 -1.235125415656687514e-01 -4.132988875991362027e-02 -1.796902743288811277e-02 -1.528592152547401418e-02 -1.651183692813698242e-02 -1.635615646686838093e-02 -1.377313626735324724e-02 -1.254239158282116628e-02
-7.822746345037649707e-03 -2.079466368015583152e-03 -1.442049175810898327e-03 -1.019163086694446557e-03 -8.069174273890555556e-04 -6.690351371290036890e-04 -5.746949955806628834e-04 -5.050933716339807205e-04 -4.511609091031926113e-04 -4.080587026163474702e-04 -3.733787347739534889e-04 -3.458736670765071106e-04 -3.246279172754409003e-04 -3.085647140530080692e-04 -2.963032894471648434e-04 -2.863247138217317770e-04 -2.773226455534645650e-04 -2.685571891135746236e-04 -2.600348914505972299e-04 -2.524102249088713704e-04 -2.466255237395705295e-04 -2.434216697225527915e-04 -2.429304556987745662e-04 -2.444987435087900198e-04 -2.469921873335944066e-04 -2.488612552838129297e-04 -2.502337547949317308e-04 -2.497009314100082544e-04 -2.449784470577185064e-04 -2.460634738251190386e-04 -2.496178149664172595e-04 -2.572515090977904074e-04 -2.679922519869303368e-04 -2.800686425527203031e-04 -2.912499438040491717e-04 -2.999561801753317255e-04 -3.061569588498119689e-04 -3.117089375174553830e-04 -3.198438803420990172e-04 -3.338928615709038346e-04 -3.557161815247203386e-04 -3.845387582138837918e-04 -4.168527865000474890e-04 -4.476813770014398982e-04 -4.729006216791593257e-04 -4.917470855568203698e-04 -5.083072103653525761e-04 -5.309939957029664783e-04 -5.697158687804429206e-04 -6.314958638014966236e-04 -7.163051842181064610e-04 -8.152686171517498038e-04 -9.129839080410941630e-04 -9.941813609232734873e-04 -1.052929995473581796e-03 -1.100684939847184664e-03 -1.168589881779122418e-03 -1.300641214959650507e-03 -1.537324402119108480e-03 -1.894181115022694484e-03 -2.344323966037051721e-03 -2.816350773537285024e-03 -3.217529472674758063e-03 -3.484350112511996021e-03 -3.650702800444044840e-03 -3.909022882100159253e-03 -4.628127624319650774e-03 -6.289920945577676115e-03 -9.319831881190711320e-03 -1.382256178232477671e-02 -1.929229554815952569e-02 -2.444677508472305888e-02 -2.744432793253784308e-02 -2.686089796799602178e-02 -2.400787966626644065e-02 -2.734945337793824593e-02 -6.082917504786396201e-02 -1.758356684322893715e-01 -4.870600286187042327e-01 -1.155225773584197313e+00 -2.831826788491230040e+00 -4.878917605218044962e+00 -1.695730619433696162e+01 1.851903517498059815e+00 -2.113944705092785057e+02 7.211653972712172163e+02 -5.388260879223030315e+03 2.324929571149201001e+04 -5.294359957273210966e+03 7.078467938049197983e+02 -1.994346616150726561e+02 3.796153378050036498e+00 -1.470026224205793319e+01 -3.856310515187440835e+00 -2.237214019778056784e+00 -8.694900204713887915e-01 -3.563224320666105727e-01 -1.237375126486130461e-01 -4.141336350170105041e-02 -1.801652484361091627e-02 -1.532079044090481866e-02 -1.667102564359272676e-02 -1.601391609890797166e-02 -1.679146007958307041e-02
-7.728121383972907411e-03 -2.042331677158024626e-03 -1.405481727182685036e-03 -9.836597330161681724e-04 -7.731999709856045505e-04 -6.390144705736371632e-04 -5.497256900425467972e-04 -4.855463477686721525e-04 -4.363249525493823945e-04 -3.964031236563133579e-04 -3.630427775687155223e-04 -3.352246314124126040e-04 -3.127120418652861236e-04 -2.953083244391994499e-04 -2.824044288516717733e-04 -2.728783794292556457e-04 -2.653186122737029393e-04 -2.584383961985344783e-04 -2.514856169677414581e-04 -2.444613981684618680e-04 -2.380384209574276752e-04 -2.332081152603095371e-04 -2.307574710383858950e-04 -2.309591317739482889e-04 -2.329550457489206784e-04 -2.365765607020742949e-04 -2.389127306880798988e-04 -2.355702899537018865e-04 -2.356346598586519321e-04 -2.349548199725750826e-04 -2.361874000736865619e-04 -2.404566632754233304e-04 -2.483978597783737950e-04 -2.593491057566503716e-04 -2.715666657913613281e-04 -2.829007809421277969e-04 -2.918101468694823280e-04 -2.982608337206317105e-04 -3.040631196229964914e-04 -3.123806172795054112e-04 -3.264859630280569870e-04 -3.482203263407881565e-04 -3.768429182025016702e-04 -4.089241836188263783e-04 -4.395779591340293838e-04 -4.647418696419562266e-04 -4.836507139243949901e-04 -5.003164855470118837e-04 -5.230284042491430922e-04 -5.615724054160404566e-04 -6.229092121798932794e-04 -7.070486267490191630e-04 -8.052550327422018000e-04 -9.023172602018307044e-04 -9.831220233752371949e-04 -1.041769508158897671e-03 -1.089567745497654764e-03 -1.157355048853487330e-03 -1.288766574746845386e-03 -1.524030718792811082e-03 -1.878692952735571374e-03 -2.326206439108819551e-03 -2.795776096075335872e-03 -3.195305644784647830e-03 -3.461595815543533350e-03 -3.628173933651694313e-03 -3.886267753486871528e-03 -4.602811060909913453e-03 -6.257737007152626776e-03 -9.275360417996085516e-03 -1.376115658007379117e-02 -1.921264036664979691e-02 -2.435316702234312930e-02 -2.734712806925361506e-02 -2.677312309790502373e-02 -2.393560846305263154e-02 -2.727382138537926340e-02 -6.067756397545805147e-02 -1.754422733029374903e-01 -4.861029417083653770e-01 -1.153191222170595109e+00 -2.827722065612539915e+00 -4.872013378489516100e+00 -1.694266909607369342e+01 1.864687183940545223e+00 -2.113219888306858820e+02 7.210893608556817753e+02 -5.387720289571641842e+03 2.324930291199980275e+04 -5.294880484344543220e+03 7.079211902141275914e+02 -1.994976503695262977e+02 3.786766071634571684e+00 -1.471135961063839837e+01 -3.861130687101259618e+00 -2.239955610773889383e+00 -8.707664013012365034e-01 -3.568919099140869244e-01 -1.239605328729230099e-01 -4.150589302379226186e-02 -1.805462452337224313e-02 -1.551476184100891546e-02 -1.619642245239069286e-02 -2.004433235898853138e-02
-7.568113154220104145e-03 -1.994472709619551660e-03 -1.367496637550506475e-03 -9.519103155607886932e-04 -7.445071388378098932e-04 -6.131009304319568441e-04 -5.268883593485461326e-04 -4.661632371271423191e-04 -4.204450407804290863e-04 -3.835631318185738652e-04 -3.522943622850658370e-04 -3.253590842929448028e-04 -3.026044769261513408e-04 -2.842568875428690437e-04 -2.703311314104346825e-04 -2.603046858584123747e-04 -2.531111889308182384e-04 -2.474146017975874571e-04 -2.420327419526070354e-04 -2.363257421561621937e-04 -2.303922713759774614e-04 -2.249409723749421462e-04 -2.210562565750101452e-04 -2.192274377351699770e-04 -2.207112948954034336e-04 -2.231630748201811018e-04 -2.215855521124970515e-04 -2.244313566208280895e-04 -2.253515592131857587e-04 -2.255902114515524889e-04 -2.257949008890882910e-04 -2.275320588188826151e-04 -2.321874840606405477e-04 -2.403587016566896778e-04 -2.514377798535127385e-04 -2.637410565462457212e-04 -2.751799259676526678e-04 -2.842483882259464736e-04 -2.909073133002274751e-04 -2.969224068323856247e-04 -3.053921346125529086e-04 -3.195330131682887166e-04 -3.411671548522927401e-04 -3.695854130217671976e-04 -4.014319025786243066e-04 -4.319064533321711943e-04 -4.570053602415171377e-04 -4.759620499631921336e-04 -4.927177787935727547e-04 -5.154435919022585209e-04 -5.538079961394665055e-04 -6.147114472659291444e-04 -6.981999738631942303e-04 -7.956712234434920811e-04 -8.920972219578849130e-04 -9.725152123554310591e-04 -1.031055980701381554e-03 -1.078886701157689889e-03 -1.146551957119977885e-03 -1.277338461402451443e-03 -1.511225645942514259e-03 -1.863761125001664638e-03 -2.308725469792133767e-03 -2.775909487609346579e-03 -3.173832032924350441e-03 -3.439595923644082377e-03 -3.606379289059188746e-03 -3.864241544816410332e-03 -4.578290492686839727e-03 -6.226544793405287305e-03 -9.232231958607691955e-03 -1.370157076857968399e-02 -1.913530362239115531e-02 -2.426223823024856521e-02 -2.725266684401772554e-02 -2.668778578887524150e-02 -2.386531833794860308e-02 -2.720023203057854097e-02 -6.052996460655060695e-02 -1.750590949466211688e-01 -4.851702956437585756e-01 -1.151207853771643030e+00 -2.823718933988062840e+00 -4.865277998033845641e+00 -1.692838269905439930e+01 1.877162922690074565e+00 -2.112511848191676620e+02 7.210150316180993286e+02 -5.387191892477992951e+03 2.324930987250795079e+04 -5.295389487617443592e+03 7.079939339716136146e+02 -1.995592784148592500e+02 3.777572957843496226e+00 -1.472222503722709064e+01 -3.865852397224432302e+00 -2.242642307663506251e+00 -8.720191115719672093e-01 -3.574528444783042214e-01 -1.241915039934008286e-01 -4.158505550698195219e-02 -1.828251133347529728e-02 -1.493513853311160579e-02 -2.099628732952342480e-02
-7.307159787850181498e-03 -1.927981115516788461e-03 -1.324051200127396126e-03 -9.226837953194446220e-04 -7.212062960316507508e-04 -5.925428227868587659e-04 -5.076523722043645897e-04 -4.480863108493464723e-04 -4.039785469519389135e-04 -3.692214142373075763e-04 -3.402296216918976671e-04 -3.151765035248400067e-04 -2.934531370251977178e-04 -2.751362953584985532e-04 -2.604735781950016406e-04 -2.494651446253058017e-04 -2.416379990573735634e-04 -2.360655385943594977e-04 -2.316080725140864873e-04 -2.272833735663946681e-04 -2.225698422303130962e-04 -2.177050876057351426e-04 -2.130620231974208730e-04 -2.107369555323754696e-04 -2.095419589673839817e-04 -2.054798706651114618e-04 -2.084491648946168777e-04 -2.113503701308766731e-04 -2.142535944866937286e-04 -2.160437109475118176e-04 -2.168365093627134209e-04 -2.175630445123045314e-04 -2.197088465311457641e-04 -2.246511834847192543e-04 -2.329886412133966148e-04 -2.441474055695287042e-04 -2.564983462448183218e-04 -2.680077817174088056e-04 -2.772018823106565878e-04 -2.840360400658100879e-04 -2.902335194943781089e-04 -2.988307662300731344e-04 -3.129905651640041615e-04 -3.345162354405377598e-04 -3.627279683984045147e-04 -3.943394053183530519e-04 -4.246320329157964274e-04 -4.496581767810643661e-04 -4.686502630837031860e-04 -4.854822773704185962e-04 -5.082123462548571082e-04 -5.463963238360994203e-04 -6.068763649351952439e-04 -6.897325493010282495e-04 -7.864898728252404936e-04 -8.822961431493368638e-04 -9.623335719441651007e-04 -1.020762976229003163e-03 -1.068616534402321754e-03 -1.136156099889862152e-03 -1.266332077834299557e-03 -1.498882676058739798e-03 -1.849356157668910830e-03 -2.291848092317097952e-03 -2.756715044882752756e-03 -3.153071326421323477e-03 -3.418313579390720378e-03 -3.585283586945849435e-03 -3.842909804475329490e-03 -4.554528968374106125e-03 -6.196299174190440448e-03 -9.190386613151716941e-03 -1.364372476037905776e-02 -1.906018570135534565e-02 -2.417387550631318674e-02 -2.716083034211959693e-02 -2.660478607780759550e-02 -2.379692903827018008e-02 -2.712860367333510755e-02 -6.038621975725107227e-02 -1.746857405476458514e-01 -4.842611664898396895e-01 -1.149273762235505592e+00 -2.819813670344107681e+00 -4.858705348976898541e+00 -1.691443455174520594e+01 1.889341714317503973e+00 -2.111820008919258953e+02 7.209423527135669474e+02 -5.386675280045541513e+03 2.324931660357117289e+04 -5.295887345582998933e+03 7.080650795315924597e+02 -1.996195894008759808e+02 3.768567997074767195e+00 -1.473286592944907269e+01 -3.870479038512241843e+00 -2.245276829413908715e+00 -8.732495124374598516e-01 -3.580150858663042057e-01 -1.244039156058569656e-01 -4.186200778011187756e-02 -1.767668975161045333e-02 -1.995451618386148013e-02
-6.963037710513349590e-03 -1.845436127165428139e-03 -1.274921478352793614e-03 -8.944641436010216783e-04 -7.017912632342630580e-04 -5.765325996973195153e-04 -4.921105432110048535e-04 -4.320820365909918206e-04 -3.878899501860600275e-04 -3.540440114038101611e-04 -3.269069124655070327e-04 -3.041172074627304959e-04 -2.843505669609500846e-04 -2.671094985307353770e-04 -2.524404651356841893e-04 -2.405813530527679486e-04 -2.316190814002316270e-04 -2.252617602450066069e-04 -2.208158851401273101e-04 -2.173280367441650872e-04 -2.140448109365594796e-04 -2.101476751692665974e-04 -2.070066467300735234e-04 -2.031653055646238395e-04 -1.950028583822862043e-04 -1.945079422098208927e-04 -1.953374467259777058e-04 -1.983309259197971945e-04 -2.020618116871226414e-04 -2.054392117474155503e-04 -2.077138748904031203e-04 -2.089555705534591680e-04 -2.100890915003041331e-04 -2.125639380373846429e-04 -2.177321416975491969e-04 -2.261911979550207462e-04 -2.373960946394503176e-04 -2.497671953250096616e-04 -2.613214270266966781e-04 -2.706147739248668683e-04 -2.775972573832813871e-04 -2.839518860271249387e-04 -2.926561361356969787e-04 -3.068214065143117235e-04 -3.282325878966716359e-04 -3.562371711393605206e-04 -3.876145443763954080e-04 -4.177238539315875489e-04 -4.426710066992387157e-04 -4.616877710549689099e-04 -4.785840989021284005e-04 -5.013101289228811966e-04 -5.393135684298994278e-04 -5.993801601094150356e-04 -6.816220347695123565e-04 -7.776860006730557757e-04 -8.728886683449683936e-04 -9.525519554317300915e-04 -1.010866139653219782e-03 -1.058733915310656765e-03 -1.126144809243039696e-03 -1.255724442644841300e-03 -1.486977196163206776e-03 -1.835450634858755165e-03 -2.275543593020771475e-03 -2.738159266008945766e-03 -3.132988657838313516e-03 -3.397714286650168041e-03 -3.564853756472139909e-03 -3.822240188726034119e-03 -4.531491752488119029e-03 -6.166957684871954976e-03 -9.149767985007831866e-03 -1.358754354953487647e-02 -1.898719263723161466e-02 -2.408797195323341897e-02 -2.707151086028980122e-02 -2.652402930875754142e-02 -2.373036442702376389e-02 -2.705885875175327235e-02 -6.024618014115776243e-02 -1.743218370571673059e-01 -4.833746763556623360e-01 -1.147387135133409730e+00 -2.816002731466118014e+00 -4.852289608289439116e+00 -1.690081278476721494e+01 1.901234025229828983e+00 -2.111143820691737858e+02 7.208712697961523190e+02 -5.386170062368574690e+03 2.324932311516943446e+04 -5.296374420344463942e+03 7.081346789588931188e+02 -1.996786251781937551e+02 3.759745298022219462e+00 -1.474328950713470121e+01 -3.875014361862018752e+00 -2.247861049530912592e+00 -8.744669779914862051e-01 -3.585514766036053680e-01 -1.248014645886036111e-01 -4.132733469660563458e-02 -2.245043039497936557e-02
-6.593220217611280888e-03 -1.757562453631951070e-03 -1.223340845381949401e-03 -8.661073359200570365e-04 -6.837159271561270421e-04 -5.627616621902390044e-04 -4.790693730636991178e-04 -4.182289724433612224e-04 -3.731531071301152002e-04 -3.392583915742072463e-04 -3.131915994193828806e-04 -2.923254933005295657e-04 -2.747207238598866350e-04 -2.591953297039241433e-04 -2.453130495626813117e-04 -2.332066050656039465e-04 -2.232566066091942096e-04 -2.157413968011134310e-04 -2.105339273338529616e-04 -2.071946018725831940e-04 -2.044907194850583256e-04 -2.029677559780941945e-04 -1.998787738620851030e-04 -1.904418623645673034e-04 -1.874758633811548624e-04 -1.847483400523423371e-04 -1.843973911983785310e-04 -1.861705528555896653e-04 -1.896387700840158452e-04 -1.937916429760890805e-04 -1.975381986588190550e-04 -2.001785823628523251e-04 -2.017821855721450668e-04 -2.032499739057217392e-04 -2.059960687186750757e-04 -2.113457180284868098e-04 -2.198934221449895413e-04 -2.311196509537441219e-04 -2.434902650719493228e-04 -2.550692719938491763e-04 -2.644405533144329095e-04 -2.715490155217087538e-04 -2.780395360075269906e-04 -2.868335321725691512e-04 -3.009932749221394120e-04 -3.222856474261085553e-04 -3.500836171166098773e-04 -3.812288521901411025e-04 -4.111544581900286165e-04 -4.360176402540543329e-04 -4.550498208215233943e-04 -4.719999417477451268e-04 -4.947147820573557717e-04 -5.325381554947935170e-04 -5.922012046025989596e-04 -6.738462676871527978e-04 -7.692367765465487088e-04 -8.638515675172031604e-04 -9.431472780121543959e-04 -1.001343077657575057e-03 -1.049217365892909145e-03 -1.116497191573571825e-03 -1.245494343032517524e-03 -1.475486446552102399e-03 -1.822019153931229768e-03 -2.259783458592084029e-03 -2.720210998533096735e-03 -3.113551565879086637e-03 -3.377765906565855392e-03 -3.545058978013345026e-03 -3.802202550503770359e-03 -4.509146443388505933e-03 -6.138480642163967813e-03 -9.110323250149472349e-03 -1.353295673505900028e-02 -1.891623609212441173e-02 -2.400442697219200977e-02 -2.698460700436731280e-02 -2.644542643128407547e-02 -2.366555303147668821e-02 -2.699092451300738951e-02 -6.010970501999852306e-02 -1.739670312394764606e-01 -4.825099919692010797e-01 -1.145546249686378859e+00 -2.812282745460509492e+00 -4.846025230321173716e+00 -1.688750608112362173e+01 1.912849832025488084e+00 -2.110482758358126034e+02 7.208017308741807483e+02 -5.385675866562508418e+03 2.324932941673150708e+04 -5.296851058521536288e+03 7.082027820032304817e+02 -1.997364260299395937e+02 3.751098862404760759e+00 -1.475350375113078449e+01 -3.879462364035616062e+00 -2.250407847155122099e+00 -8.756469037889300644e-01 -3.592907328189238747e-01 -1.243187507141790826e-01 -4.673173204815765647e-02
-6.265127422336411178e-03 -1.677553937749047498e-03 -1.174144807812838769e-03 -8.372597046256306580e-04 -6.645938733216993520e-04 -5.485767452903118338e-04 -4.667008364924778922e-04 -4.059486223027102274e-04 -3.603118144341417497e-04 -3.260368090520936917e-04 -3.002659000591491995e-04 -2.804841273206314209e-04 -2.645119214839609023e-04 -2.506980647573109951e-04 -2.380983375341925274e-04 -2.264928600145529663e-04 -2.162124451294070713e-04 -2.077625017780621692e-04 -2.016354601696931524e-04 -1.973573048109240609e-04 -1.959053036957998336e-04 -1.939804478310174776e-04 -1.855159922021788722e-04 -1.833361663211834503e-04 -1.798188501139311461e-04 -1.771010786183339133e-04 -1.755184045153270736e-04 -1.757854768387920557e-04 -1.780571851712121781e-04 -1.818891768655349871e-04 -1.863432378395094816e-04 -1.903732153405940180e-04 -1.933056840559762852e-04 -1.952080594192812275e-04 -1.969561348909534175e-04 -1.999292716841036027e-04 -2.054261530112800596e-04 -2.140372201185328682e-04 -2.252658898198569497e-04 -2.376201697391336831e-04 -2.492081083271605046e-04 -2.586398439162532464e-04 -2.658554818798257099e-04 -2.724637896019550787e-04 -2.813328753529197837e-04 -2.954780361180912168e-04 -3.166485998904277461e-04 -3.442413688043394573e-04 -3.751570981065713013e-04 -4.048994152375030874e-04 -4.296746871090043030e-04 -4.487142700913460038e-04 -4.657089209334559126e-04 -4.884064071956460565e-04 -5.260506677578976080e-04 -5.853199846343402598e-04 -6.663852032746506084e-04 -7.611215099001545628e-04 -8.551637600890548861e-04 -9.340985794375479241e-04 -9.921734601723568737e-04 -1.040047395002370112e-03 -1.107194286932173047e-03 -1.235622510557422100e-03 -1.464389711452666496e-03 -1.809038539579449273e-03 -2.244541631649704400e-03 -2.702841758497271166e-03 -3.094730394940512115e-03 -3.358439141138428157e-03 -3.525871237523674206e-03 -3.782769540054140359e-03 -4.487463599036484174e-03 -6.110831796534102293e-03 -9.072003876354726992e-03 -1.347989938838093510e-02 -1.884723447841894772e-02 -2.392314773482974791e-02 -2.690002555461072989e-02 -2.636889622091749541e-02 -2.360243050411948984e-02 -2.692473557501523160e-02 -5.997666478461943090e-02 -1.736209923244803610e-01 -4.816663275477930384e-01 -1.143749475959554562e+00 -2.808650514437816437e+00 -4.839906948226672334e+00 -1.687450366623739129e+01 1.924198626405427381e+00 -2.109836320265353322e+02 7.207336861647163460e+02 -5.385192335873063712e+03 2.324933551709337917e+04 -5.297317592290726679e+03 7.082694356178626549e+02 -1.997930320844492371e+02 3.742619002861518052e+00 -1.476352153229380271e+01 -3.883855481017391753e+00 -2.252891302999565859e+00 -8.772494830423042123e-01 -3.583785223325430258e-01 -1.356140509536208349e-01
-6.025143095892845045e-03 -1.614896591052518557e-03 -1.131407295678409997e-03 -8.083843746657211815e-04 -6.432020380965135188e-04 -5.321664094555116379e-04 -4.534049399129789072e-04 -3.943247789585595893e-04 -3.492800091069073296e-04 -3.149756146483004629e-04 -2.890571913479216730e-04 -2.694333245425912810e-04 -2.541385102977292555e-04 -2.414616964258397918e-04 -2.301583103779207128e-04 -2.196115065525417831e-04 -2.097799502565017397e-04 -2.012119697522640001e-04 -1.939777701800346737e-04 -1.900622373788028502e-04 -1.866908091055133453e-04 -1.776481183672426337e-04 -1.766416622364389770e-04 -1.745228188820188145e-04 -1.725582821069579758e-04 -1.702969021081480940e-04 -1.683281350149856876e-04 -1.673958499753335036e-04 -1.681512098099830637e-04 -1.707872923266712142e-04 -1.748931693126678567e-04 -1.795758820577439169e-04 -1.838286970417443136e-04 -1.869995470127109010e-04 -1.891524500882303249e-04 -1.911385151643863140e-04 -1.943035959073468233e-04 -1.999205354392302497e-04 -2.085750947151828144e-04 -2.197915651034990125e-04 -2.321171953883765127e-04 -2.437013867422974241e-04 -2.531790864765387354e-04 -2.604859295647847625e-04 -2.671964784416342191e-04 -2.761281211411832897e-04 -2.902512284941014572e-04 -3.112980438344483325e-04 -3.386877163588285981e-04 -3.693771343605415703e-04 -3.989372405262554128e-04 -4.236215542473138989e-04 -4.426616135809810092e-04 -4.596926346048530853e-04 -4.823674694857439942e-04 -5.198339912361600286e-04 -5.787192977879702807e-04 -6.592211716245975454e-04 -7.533219715304265759e-04 -8.468066962342328877e-04 -9.253874522506287193e-04 -9.833394798206222115e-04 -1.031206979922902160e-03 -1.098219579721044711e-03 -1.226092188341614464e-03 -1.453668985954560807e-03 -1.796488655446899828e-03 -2.229795494533784710e-03 -2.686026880575551057e-03 -3.076499570095593897e-03 -3.339708873554362353e-03 -3.507266691395717357e-03 -3.763918016485694532e-03 -4.466418311912388923e-03 -6.083980278820884033e-03 -9.034768189989822798e-03 -1.342831543514385294e-02 -1.878011719223120213e-02 -2.384405408634533013e-02 -2.681768668449428794e-02 -2.629437048234541802e-02 -2.354094483402415991e-02 -2.686023990076302076e-02 -5.984694941390543421e-02 -1.732834254981366617e-01 -4.808429659143890755e-01 -1.141995306851605552e+00 -2.805103050909941054e+00 -4.833929810503846625e+00 -1.686179532644200663e+01 1.935289406623454056e+00 -2.109204027228934137e+02 7.206670879186665388e+02 -5.384719129041143788e+03 2.324934142382661594e+04 -5.297774342074233573e+03 7.083346798635280948e+02 -1.998484942057521323e+02 3.734278661233871865e+00 -1.477343958541116464e+01 -3.888138010258434196e+00 -2.256620626498679005e+00 -8.742431729262739593e-01 -3.910806301227647830e-01
-5.880085493029681490e-03 -1.571482123475263348e-03 -1.096667289387147880e-03 -7.804340393040213979e-04 -6.198717389103256415e-04 -5.132539351152384712e-04 -4.384797158552260362e-04 -3.825356381649012765e-04 -3.394402935692488149e-04 -3.058858406991441870e-04 -2.798455515917697926e-04 -2.597679804004831227e-04 -2.442300216498907673e-04 -2.318588758594884941e-04 -2.214461566237362858e-04 -2.120641122099294800e-04 -2.034161979180690240e-04 -1.950106087107528012e-04 -1.890197889592183916e-04 -1.829391955832634432e-04 -1.708560795222236774e-04 -1.685600982310621180e-04 -1.664151913107705277e-04 -1.655597214786343684e-04 -1.647138953677294826e-04 -1.635079630591689437e-04 -1.619613627293164080e-04 -1.605917819601837191e-04 -1.601542630529066041e-04 -1.612927334732277922e-04 -1.642119254901092085e-04 -1.685289327525817528e-04 -1.733887568739310837e-04 -1.778193078577756893e-04 -1.811871421918514991e-04 -1.835523171795810417e-04 -1.857422336628695146e-04 -1.890707308154946319e-04 -1.947857348830712521e-04 -2.034679533369409469e-04 -2.146607927884266575e-04 -2.269481669114955125e-04 -2.385184114985401400e-04 -2.480299819401485836e-04 -2.554143762497749657e-04 -2.622137481736185635e-04 -2.711972073398284514e-04 -2.852921450471523814e-04 -3.062141954869942876e-04 -3.334034900484425458e-04 -3.638702946699737760e-04 -3.932498570123036004e-04 -4.178409529062398066e-04 -4.368755310265657991e-04 -4.539357665860446257e-04 -4.765834834550055623e-04 -5.138741179578636305e-04 -5.723851969239102458e-04 -6.523399645362470316e-04 -7.458235982149815160e-04 -8.387656363467778939e-04 -9.169993568127702416e-04 -9.748271940010617932e-04 -1.022682978083701939e-03 -1.089560575124209158e-03 -1.216890995640847748e-03 -1.443311234994292327e-03 -1.784355096590497592e-03 -2.215528936784964299e-03 -2.669748818136193341e-03 -3.058840970437884301e-03 -3.321557546594591792e-03 -3.489229182809523537e-03 -3.745633091512299423e-03 -4.445995376503173585e-03 -6.057907517582452120e-03 -8.998590432215495052e-03 -1.337816874733529712e-02 -1.871483705506976278e-02 -2.376709129429321540e-02 -2.673753623944245122e-02 -2.622180629074793989e-02 -2.348107117125841289e-02 -2.679742152820275766e-02 -5.972050658485346386e-02 -1.729541328849573401e-01 -4.800393460434933535e-01 -1.140282467433978653e+00 -2.801637691713210643e+00 -4.828089272934692033e+00 -1.684937144864886349e+01 1.946130656848720442e+00 -2.108585422855136073e+02 7.206018896670725553e+02 -5.384255921489799221e+03 2.324934713793392802e+04 -5.298221628763618355e+03 7.083985185240924238e+02 -1.999029098581371784e+02 3.725814598649767717e+00 -1.478308992281930578e+01 -3.896068231590007258e+00 -2.247069931523075326e+00 -9.681885956383667891e-01
-5.797960760285258801e-03 -1.541498353296970325e-03 -1.068468822031126480e-03 -7.543533507138915550e-04 -5.961613502785537751e-04 -4.930429164215823510e-04 -4.223231580132664814e-04 -3.701943375662157163e-04 -3.299625263658442992e-04 -2.979518815294949835e-04 -2.722015633438926575e-04 -2.515940746737032056e-04 -2.353173912480087599e-04 -2.225678718824432355e-04 -2.124017545704716457e-04 -2.040570047395754056e-04 -1.961949689977672377e-04 -1.903775782453212648e-04 -1.832990575732583840e-04 -1.684759590607413210e-04 -1.637404062913696353e-04 -1.593217883486658631e-04 -1.572327766975693938e-04 -1.564442260516607020e-04 -1.563339184511591026e-04 -1.561773609113965454e-04 -1.555690649726461741e-04 -1.545653515642830377e-04 -1.536737191884912895e-04 -1.536343263793604275e-04 -1.550813168944054391e-04 -1.582255918948109795e-04 -1.627075944737431802e-04 -1.677057678639476456e-04 -1.722791705560545853e-04 -1.758110908091828199e-04 -1.783574812297111095e-04 -1.807231847445189561e-04 -1.841915818557797024e-04 -1.899866726395504565e-04 -1.986838764854735909e-04 -2.098441738297065616e-04 -2.220858222381677830e-04 -2.336338994690683097e-04 -2.431692026567403768e-04 -2.506194418005371202e-04 -2.574960712476735756e-04 -2.665222292033813658e-04 -2.805841621819968454e-04 -3.013813404117331239e-04 -3.283735870328876000e-04 -3.586219478279090351e-04 -3.878231480104738079e-04 -4.123194607760568165e-04 -4.313435094619258729e-04 -4.484268446773374936e-04 -4.710439776733753997e-04 -5.081613473065104032e-04 -5.663083963647942438e-04 -6.457323570191648727e-04 -7.386170181501869802e-04 -8.310311047370566801e-04 -9.089250203212751421e-04 -9.666280062449536395e-04 -1.014467923409013983e-03 -1.081211159336954979e-03 -1.208014005804780794e-03 -1.433312152076228300e-03 -1.772633374493793419e-03 -2.201736577748413057e-03 -2.654001070866075177e-03 -3.041747528146837489e-03 -3.303978890975880697e-03 -3.471755069344495837e-03 -3.727915308198530547e-03 -4.426199875873625816e-03 -6.032621515053363838e-03 -8.963477809281158656e-03 -1.332946091209173504e-02 -1.865138639930529960e-02 -2.369224325233407549e-02 -2.665955804735992141e-02 -2.615120423789057610e-02 -2.342284791944875683e-02 -2.673636924099336704e-02 -5.959745500925706096e-02 -1.726331728247204600e-01 -4.792552501226340911e-01 -1.138610088129963449e+00 -2.798252200733153838e+00 -4.822381195547243316e+00 -1.683722297158657000e+01 1.956730102245775038e+00 -2.107980086806448128e+02 7.205380416629914180e+02 -5.383802416278685996e+03 2.324935262952608900e+04 -5.298659837906706343e+03 7.084608539811251831e+02 -1.999569277527374993e+02 3.717737889052370015e+00 -1.480178118370420037e+01 -3.870631511698483962e+00 -2.479203530292961588e+00
-5.725969421556704499e-03 -1.514770531918749634e-03 -1.043306844722734173e-03 -7.306615857498905027e-04 -5.740393698884788251e-04 -4.735277821114845798e-04 -4.061350911103169502e-04 -3.574658919589956572e-04 -3.201855030415897319e-04 -2.901537413375546832e-04 -2.652514873956373438e-04 -2.445323956295448000e-04 -2.276230821217252042e-04 -2.141860409638634850e-04 -2.039264900179209327e-04 -1.954817914034720874e-04 -1.902183397098258083e-04 -1.837513200031440830e-04 -1.681916079686631414e-04 -1.626717628789723974e-04 -1.563782654364103319e-04 -1.519883673667866042e-04 -1.491437619010258767e-04 -1.479002677364559340e-04 -1.478306827841519434e-04 -1.482948106360951017e-04 -1.486460678028888997e-04 -1.485062854110595501e-04 -1.479385957869858734e-04 -1.474381702885780589e-04 -1.477267707639092007e-04 -1.494266870600559588e-04 -1.527522983683865336e-04 -1.573641066147959369e-04 -1.624705848671070916e-04 -1.671592076518707722e-04 -1.708285857235206681e-04 -1.735306589677113444e-04 -1.760489202853454801e-04 -1.796378179855279329e-04 -1.854983925052510710e-04 -1.942005884568919426e-04 -2.053215617934308213e-04 -2.175118069993683023e-04 -2.290311773428264691e-04 -2.385818149142815881e-04 -2.460880521608819430e-04 -2.530322937991156098e-04 -2.620938650821827811e-04 -2.761195323290378551e-04 -2.967929338892819199e-04 -3.235922986118978375e-04 -3.536269932654962788e-04 -3.826526292567019563e-04 -4.070534685120717972e-04 -4.260632375543093025e-04 -4.431652780982101264e-04 -4.657503177637750008e-04 -5.026989201345357207e-04 -5.604936079700224318e-04 -6.394039518688798092e-04 -7.317082381628457494e-04 -8.236094173337539211e-04 -9.011715642159554051e-04 -9.587509142526508743e-04 -1.006574050093709226e-03 -1.073187958232725558e-03 -1.199482657657490944e-03 -1.423697360158190407e-03 -1.761351748629264025e-03 -2.188447526532753644e-03 -2.638812677249826894e-03 -3.025249312353622821e-03 -3.287007774470133200e-03 -3.454890050633567609e-03 -3.710827781323292832e-03 -4.407116734835489318e-03 -6.008228413512557535e-03 -8.929550772473869233e-03 -1.328231529351881629e-02 -1.858988165515294486e-02 -2.361962100429267075e-02 -2.658388162909729527e-02 -2.608276518218234641e-02 -2.336662423105623568e-02 -2.667765731627692871e-02 -5.947862203682877796e-02 -1.723215346178230967e-01 -4.784915344082942279e-01 -1.136978360317032255e+00 -2.794945243241239385e+00 -4.816802259646331130e+00 -1.682534250919523799e+01 1.967090605174915519e+00 -2.107387754623019873e+02 7.204754590168913637e+02 -5.383358410856911178e+03 2.324935766217484343e+04 -5.299089618981777676e+03 7.085201299953545231e+02 -2.000093249462233871e+02 3.686185476480238421e+00 -1.473538834172361867e+01 -4.462963393787988231e+00
-5.615517509451099787e-03 -1.481633383412750546e-03 -1.017329939269912909e-03 -7.092300667700018922e-04 -5.549402831198660619e-04 -4.564992632069761469e-04 -3.912725412829915362e-04 -3.449062253257074409e-04 -3.098645491977283914e-04 -2.817182913495865212e-04 -2.580916243517566077e-04 -2.379432676316899033e-04 -2.209302403610736423e-04 -2.072226950436496036e-04 -1.959840321043883067e-04 -1.892834353199735603e-04 -1.823892205569037188e-04 -1.662965180853102974e-04 -1.615246027434132255e-04 -1.553565974833703367e-04 -1.502496042664527973e-04 -1.457649032962362538e-04 -1.423993474220403043e-04 -1.404172096103207396e-04 -1.398265323515980650e-04 -1.402789930207512677e-04 -1.411820897031067093e-04 -1.419305420219053502e-04 -1.421679333413224783e-04 -1.419588738013671174e-04 -1.417845192270302099e-04 -1.423474744607074009e-04 -1.442572944882914571e-04 -1.477301533551407845e-04 -1.524441520746562864e-04 -1.576350940296601070e-04 -1.624166788894851809e-04 -1.662017537677605464e-04 -1.690384363066522013e-04 -1.716900051671067643e-04 -1.753833617153223380e-04 -1.812974569347472779e-04 -1.899966070483267012e-04 -2.010729302649863558e-04 -2.132073393919043172e-04 -2.246927878373899674e-04 -2.342519479029239770e-04 -2.418061833321057444e-04 -2.488103118651317260e-04 -2.579017102689582820e-04 -2.718890616280031955e-04 -2.924403980743029981e-04 -3.190512003265799689e-04 -3.488770456558698053e-04 -3.777302787946594542e-04 -4.020359828585800275e-04 -4.210294857100499899e-04 -4.381480576219664636e-04 -4.607016186534438414e-04 -4.974873709282737894e-04 -5.549417099132336519e-04 -6.333550036970769835e-04 -7.250965803065269506e-04 -8.164996806712684170e-04 -8.937395850788030626e-04 -9.512001658839499413e-04 -9.990109705345798317e-04 -1.065506284480024959e-03 -1.191316421821340650e-03 -1.414487398534316738e-03 -1.750528472683125824e-03 -2.175676066812599375e-03 -2.624195796778727805e-03 -3.009362539651999537e-03 -3.270673913133853236e-03 -3.438686828279066254e-03 -3.694451102960846951e-03 -4.388850516215869225e-03 -5.984842638460470890e-03 -8.896913259843925240e-03 -1.323680904591580804e-02 -1.853037617596843198e-02 -2.354929169229248720e-02 -2.651066751492599238e-02 -2.601685461158147195e-02 -2.331307836170330716e-02 -2.662231760735240746e-02 -5.936528576851154287e-02 -1.720204164165667349e-01 -4.777487579836768306e-01 -1.135386569339265739e+00 -2.791714419874793407e+00 -4.811349569942732884e+00 -1.681372874893407143e+01 1.977195603925709255e+00 -2.106808680256199295e+02 7.204139574915442381e+02 -5.382923978684832036e+03 2.324936176755280030e+04 -5.299513786043226901e+03 7.085797809197293873e+02 -2.001031609990549214e+02 3.814654222204825640e+00 -1.580346087211191985e+01
-5.445613538930067429e-03 -1.437781210142035455e-03 -9.885153036431706432e-04 -6.897123008546889120e-04 -5.394244404749977753e-04 -4.429672280161641666e-04 -3.787949113814915482e-04 -3.333147530484774444e-04 -2.993600152690449059e-04 -2.725457057173903013e-04 -2.503136853740451696e-04 -2.312617832046287222e-04 -2.151017962203422213e-04 -2.009096133120613311e-04 -1.914824359655899167e-04 -1.821670484120324455e-04 -1.635258511443550057e-04 -1.585568803887048815e-04 -1.528211515852867552e-04 -1.484343880883227040e-04 -1.442223518664260539e-04 -1.402587408870973706e-04 -1.367849340050751963e-04 -1.342175676463057258e-04 -1.328720331156004017e-04 -1.327817831076218277e-04 -1.336368465753974501e-04 -1.348840992865145752e-04 -1.359507361759776519e-04 -1.364976402409395740e-04 -1.365887928899145193e-04 -1.366907618990897109e-04 -1.374868639193857684e-04 -1.395734148738765590e-04 -1.431671296411925090e-04 -1.479618322071544817e-04 -1.532186534520816386e-04 -1.580759874290754425e-04 -1.619602751423932451e-04 -1.649161057410129826e-04 -1.676874397097855864e-04 -1.714745691971013904e-04 -1.774348011085854430e-04 -1.861265033895214186e-04 -1.971557737196491598e-04 -2.092327200181460492e-04 -2.206824726493068582e-04 -2.302480169567401656e-04 -2.378483149312858331e-04 -2.449116578184946089e-04 -2.540345032252413040e-04 -2.679879368400310828e-04 -2.884240823229828644e-04 -3.148547345924925119e-04 -3.444806021126809847e-04 -3.731701460558829167e-04 -3.973895218726129406e-04 -4.163767631996337934e-04 -4.335245541614093250e-04 -4.560631571154293777e-04 -4.927066311505211510e-04 -5.498444046753692398e-04 -6.277862497458093971e-04 -7.189915411655499683e-04 -8.099241779970031566e-04 -8.868727876693364683e-04 -9.442522854380888805e-04 -9.920984951725972216e-04 -1.058534553277528040e-03 -1.183929842284380711e-03 -1.406133623767072231e-03 -1.740641091013373507e-03 -2.163923130277680025e-03 -2.610689258080283078e-03 -2.994700867142989671e-03 -3.255721293648691349e-03 -3.424079088237848897e-03 -3.679949348219075603e-03 -4.372796175557414067e-03 -5.964043403430727662e-03 -8.867256411139204722e-03 -1.319470448591784223e-02 -1.847478094556257583e-02 -2.348360055170313487e-02 -2.644323627780893748e-02 -2.595851261954969930e-02 -2.326971743715403051e-02 -2.658072218177612300e-02 -5.927030580930185005e-02 -1.717437445809718577e-01 -4.770397749284525091e-01 -1.133845368108505669e+00 -2.788572245886616230e+00 -4.806056466872634658e+00 -1.680248331707941389e+01 1.986749988938359079e+00 -2.106249515818078635e+02 7.203517534643829094e+02 -5.382501668068388426e+03 2.324935393337365531e+04 -5.299927379899731022e+03 7.084875178852790896e+02 -1.996713286450416263e+02 5.847185260279136321e-02
-5.218855031077307936e-03 -1.382821784215961056e-03 -9.554144694649623721e-04 -6.703197472750759695e-04 -5.259062149538566103e-04 -4.318718821631293420e-04 -3.682384084835201824e-04 -3.226695397894931432e-04 -2.888040489648847540e-04 -2.626497539549124444e-04 -2.415577097071096952e-04 -2.241581974326255233e-04 -2.085573350568504852e-04 -1.974749001907554066e-04 -1.856959667129438158e-04 -1.631637471114944654e-04 -1.562263488058600140e-04 -1.492141380990964468e-04 -1.446633462743430012e-04 -1.410301536647599766e-04 -1.378352331783767512e-04 -1.346974338758464391e-04 -1.316220206868539712e-04 -1.289015946260556203e-04 -1.269558128412961908e-04 -1.261098423898492635e-04 -1.264151104268198980e-04 -1.275898638265586787e-04 -1.291131386976251169e-04 -1.304391530931011734e-04 -1.312428552313049657e-04 -1.315864254515006053e-04 -1.319221616032805367e-04 -1.329149881431171713e-04 -1.351485170851258035e-04 -1.388395424153099366e-04 -1.436960371986780718e-04 -1.490021940284356734e-04 -1.539189058071038698e-04 -1.578848569255044949e-04 -1.609410565975192089e-04 -1.638133237660361285e-04 -1.676771598796418885e-04 -1.736698147198698766e-04 -1.823442616723456851e-04 -1.933197166111383868e-04 -2.053334355502214122e-04 -2.167402743311510726e-04 -2.263017088248376251e-04 -2.339339544184401384e-04 -2.410401757960342064e-04 -2.501785592804895309e-04 -2.640853609314814288e-04 -2.843983567372051482e-04 -3.106450579074269730e-04 -3.400684601535338856e-04 -3.685889984295526731e-04 -3.927101694599572420e-04 -4.116712044895050912e-04 -4.288219977166942212e-04 -4.513179622571921292e-04 -4.877960250059889006e-04 -5.446030674505813107e-04 -6.220684238656591864e-04 -7.127361610421079812e-04 -8.031910872791450402e-04 -8.798245837242320072e-04 -9.370760918276420728e-04 -9.848895461309109707e-04 -1.051188458572638188e-03 -1.176099309141070276e-03 -1.397291488310248081e-03 -1.730251992533638102e-03 -2.151673010766309065e-03 -2.596674330417317409e-03 -2.979458206820463466e-03 -3.240014212362701471e-03 -3.408432167961734233e-03 -3.664049212654820354e-03 -4.354994853435153329e-03 -5.941267094647224162e-03 -8.835587447853635035e-03 -1.315072076962827373e-02 -1.841741243825394808e-02 -2.341583368726627562e-02 -2.637252185807291774e-02 -2.589435439623163568e-02 -2.321665174605272788e-02 -2.652492573397530543e-02 -5.915789314096438212e-02 -1.714507255063681124e-01 -4.763237488413318843e-01 -1.132317139713094889e+00 -2.785475450072087522e+00 -4.800830811012035682e+00 -1.679134461158423619e+01 1.996466330050254756e+00 -2.105693020315284514e+02 7.202929529745869104e+02 -5.382083945556086292e+03 2.324935884503062698e+04 -5.300330913548613353e+03 7.085436611975908363e+02 -1.997086190823958987e+02
-5.026022311322715652e-03 -1.338213426136465730e-03 -9.303731401776273906e-04 -6.577183475590799933e-04 -5.186674719144371065e-04 -4.266246306571302104e-04 -3.629802247927542869e-04 -3.165833936077515906e-04 -2.819520988055636930e-04 -2.555704004445544090e-04 -2.352194963803512636e-04 -2.179287945324282307e-04 -2.062855939548305850e-04 -1.933914867654039772e-04 -1.676401998403896935e-04 -1.587186050307676948e-04 -1.493424960725108495e-04 -1.429293814131176962e-04 -1.382453462652008947e-04 -1.349448825153461075e-04 -1.323981658317968776e-04 -1.300897251180502202e-04 -1.277272039100619638e-04 -1.253323734259396104e-04 -1.231994734069239838e-04 -1.217423762786057681e-04 -1.212874659759564081e-04 -1.219007087021949874e-04 -1.233270437133772717e-04 -1.250765734445459510e-04 -1.266284635740458711e-04 -1.276680809407595995e-04 -1.282509973887769293e-04 -1.288105619122717396e-04 -1.299903853589590380e-04 -1.323614147322145290e-04 -1.361436206253666917e-04 -1.410640297876183523e-04 -1.464343686075925566e-04 -1.514397405141796097e-04 -1.555286998894133169e-04 -1.587326848005369119e-04 -1.617520907866950891e-04 -1.657324274000642383e-04 -1.717907318973793793e-04 -1.804805303309599263e-04 -1.914445039633913960e-04 -2.034576761290990659e-04 -2.149105266388087482e-04 -2.245806170235763784e-04 -2.323705709833511217e-04 -2.396432032775552932e-04 -2.489059688931200345e-04 -2.628579485478111191e-04 -2.831343187967454481e-04 -3.093020475964905112e-04 -3.386736044626782629e-04 -3.672398174121264828e-04 -3.915405078618054615e-04 -4.107923131819214159e-04 -4.282633833780355513e-04 -4.509978218380989497e-04 -4.875430974095200159e-04 -5.442311041696751110e-04 -6.214784246573441893e-04 -7.120015657768910241e-04 -8.025776394055665359e-04 -8.797166547318533737e-04 -9.378202508781702511e-04 -9.866117043561860919e-04 -1.053672492196277731e-03 -1.178812563693309914e-03 -1.399597908502040562e-03 -1.731771265187556381e-03 -2.152653668623313431e-03 -2.598188191298803160e-03 -2.983235027781533464e-03 -3.247844886486072648e-03 -3.421261251743319860e-03 -3.681106257831643584e-03 -4.373479923746868489e-03 -5.957105835940794750e-03 -8.845519659232397441e-03 -1.315545133318994989e-02 -1.842482735882541856e-02 -2.344254332244898389e-02 -2.644153434414944076e-02 -2.602688861846845503e-02 -2.341724904420295142e-02 -2.676162523858444803e-02 -5.934298498001890076e-02 -1.714355413875533474e-01 -4.759194856628784498e-01 -1.131418971464273948e+00 -2.784124281187184025e+00 -4.800391872747784561e+00 -1.679171031430294647e+01 1.978296672887089214e+00 -2.105643453120733568e+02 7.200724531338134966e+02 -5.381692878400775953e+03 2.324745454923249781e+04 -5.294638208767703873e+03 6.612449283621084533e+02
-4.635236151616858868e-03 -1.238968870722246705e-03 -8.653956554347906746e-04 -6.154678270112267204e-04 -4.875331899876172276e-04 -4.018856202391435112e-04 -3.416852166835300519e-04 -2.970970104405618994e-04 -2.634724362715076904e-04 -2.381239820495371733e-04 -2.180258495363046395e-04 -2.061066776237768414e-04 -1.928098248471656442e-04 -1.651651647964624413e-04 -1.561192605855690199e-04 -1.457141546790979478e-04 -1.378395016451895326e-04 -1.314823790716305432e-04 -1.267953929574667724e-04 -1.235415840525667963e-04 -1.213340002613667076e-04 -1.196688016872629140e-04 -1.180958540967119751e-04 -1.163739794947058761e-04 -1.145518711376139031e-04 -1.129305082365576616e-04 -1.119167757563474557e-04 -1.118260960049215517e-04 -1.127190450607715231e-04 -1.143469391262110207e-04 -1.162386740002624154e-04 -1.178995857923495548e-04 -1.190398646805223296e-04 -1.197296508781557395e-04 -1.204012556579455530e-04 -1.216823036071681789e-04 -1.241196423412148136e-04 -1.279116281534184430e-04 -1.327763418852770372e-04 -1.380346352862115626e-04 -1.428966531793034189e-04 -1.468423942912055623e-04 -1.499276362637006648e-04 -1.528580000713084300e-04 -1.567601133767350938e-04 -1.627131657115790740e-04 -1.712282389722128621e-04 -1.819194014875546864e-04 -1.935616188919386186e-04 -2.045775989885961397e-04 -2.137985684004583891e-04 -2.211793278919299208e-04 -2.281067738360399255e-04 -2.370657306349335575e-04 -2.506856035804963501e-04 -2.705065560368730138e-04 -2.960134223092329123e-04 -3.244894460658602638e-04 -3.519722766662956512e-04 -3.751156878379414733e-04 -3.932726176547675671e-04 -4.098018654523920994e-04 -4.317277610964085212e-04 -4.674386445301860374e-04 -5.229987640347606931e-04 -5.985412574908053306e-04 -6.866110648088392335e-04 -7.740348868768767840e-04 -8.476240477312785120e-04 -9.022410407629538002e-04 -9.480164063643868946e-04 -1.012612390440484171e-03 -1.135373102449207172e-03 -1.352818207246477347e-03 -1.679307554148192936e-03 -2.090961283182853590e-03 -2.523349565278079805e-03 -2.892278220175627159e-03 -3.140050908665628117e-03 -3.298668781108689274e-03 -3.547378541149673586e-03 -4.230629134880852654e-03 -5.800356485091687740e-03 -8.657742740576134660e-03 -1.290378392441045123e-02 -1.806284873818916198e-02 -2.292094707999071945e-02 -2.572786376453838411e-02 -2.512985470456530548e-02 -2.240233660336504382e-02 -2.573171799117169103e-02 -5.833743903757446225e-02 -1.701757517443707179e-01 -4.732593551008190125e-01 -1.124398406754681501e+00 -2.765681221460075445e+00 -4.758072990467842267e+00 -1.668939394389316178e+01 2.151674331988792321e+00 -2.099717921823240943e+02 7.200766073816643029e+02 -5.374971610633998353e+03 2.322730215202393811e+04 -5.138257343346580456e+03
-5.797551246939335913e-03 -1.550377156899208388e-03 -1.082866254365559685e-03 -7.707612599628484639e-04 -6.114821229839002966e-04 -5.050626485555099934e-04 -4.301361306602215369e-04 -3.741983347539467415e-04 -3.315880800272382649e-04 -2.985522330867463529e-04 -2.753632253324940233e-04 -2.495482040752531054e-04 -2.147850248726605694e-04 -2.022292027823584552e-04 -1.891720542231383601e-04 -1.789079564640911290e-04 -1.698472822922828809e-04 -1.621192078473873157e-04 -1.558305805340806909e-04 -1.511159925982600747e-04 -1.479018204272512609e-04 -1.458599331115407538e-04 -1.444822783415965737e-04 -1.432544145812210184e-04 -1.418481854379495836e-04 -1.402469694268049835e-04 -1.387430123534643441e-04 -1.378002608632937368e-04 -1.378354250703285155e-04 -1.390105840978922717e-04 -1.411315537101748665e-04 -1.437061472300390965e-04 -1.461480714095824546e-04 -1.480444947656862735e-04 -1.493690061808706203e-04 -1.505348733252684314e-04 -1.522473727145614111e-04 -1.552025632343814797e-04 -1.597571248224311815e-04 -1.657223910025088637e-04 -1.723957955104072411e-04 -1.788461472711212437e-04 -1.843507876444008277e-04 -1.887966167655319839e-04 -1.928472035011250820e-04 -1.977594396530465146e-04 -2.048833453300046058e-04 -2.150355350932218242e-04 -2.280297827822552292e-04 -2.426227999450670375e-04 -2.569780225284325073e-04 -2.695204335869803196e-04 -2.798393607023870011e-04 -2.892041476490887471e-04 -3.003576269290003154e-04 -3.165306655945412137e-04 -3.399967747777832869e-04 -3.707810673557975206e-04 -4.062122241997302664e-04 -4.417588428701190719e-04 -4.730615217898808235e-04 -4.984657451228028877e-04 -5.209075898399437386e-04 -5.480216718644818994e-04 -5.898933101304882102e-04 -6.548849631035118723e-04 -7.450881150155934905e-04 -8.536142208421220855e-04 -9.658080838908064854e-04 -1.065179434566808402e-03 -1.142787958773102070e-03 -1.206602285439091395e-03 -1.285946161720447414e-03 -1.426745140835575937e-03 -1.676020466170515238e-03 -2.059056686127976130e-03 -2.558070455499479676e-03 -3.104899542538552219e-03 -3.599930951689987984e-03 -3.962523572285064737e-03 -4.205693403482044582e-03 -4.510913204026063481e-03 -5.263588758264129037e-03 -7.004015060391017428e-03 -1.025839410262046301e-02 -1.525080589195544969e-02 -2.156018398284490281e-02 -2.787849544124518936e-02 -3.215520330976484598e-02 -3.256079461024475458e-02 -2.993949628556288531e-02 -3.265673006197147149e-02 -6.584362073346722299e-02 -1.852493278200807725e-01 -5.157756498126710998e-01 -1.243229416928850695e+00 -3.052700987130584132e+00 -5.465209579381682836e+00 -1.795374614322111029e+01 -2.028488340588084249e+00 -2.103907185202772610e+02 6.709119113767928866e+02 -5.217946978084869443e+03 2.200912303471572886e+04
