5.350345370304648532e+04 -4.741425038583266542e+03 6.230558104760575588e+02 -9.065992138489843910e+01 1.388182490444373229e+01 -2.192317507098324292e+00 3.511997338048163941e-01 -5.800623902763395873e-02 9.252664797417608361e-03 -1.662330333887497352e-03 2.366339047674830031e-04 -4.706514219380074457e-05 1.203333714386055689e-05 3.975222068683861024e-06 3.853376824606159672e-06 1.851014515836276869e-06 6.526553108087174147e-07 -1.133505672104272052e-08 -2.266599146669939222e-07 -2.076212940385136992e-07 -1.027479183417578575e-07 -5.453554152666198878e-09 4.818722143791748388e-08 5.944759983476778303e-08 4.397097182712014679e-08 2.057160718312561249e-08 1.559989784376464513e-09 -7.973354081687807812e-09 -8.754456376474922240e-09 -4.677749782777228874e-09 3.675764952620431519e-10 3.701560113695404633e-09 4.532043420441012926e-09 3.416231751700310321e-09 1.490642109290955280e-09 -1.595142644279613088e-10 -9.819869753438135941e-10 -9.437195632934492101e-10 -3.879903061185789046e-10 2.470128983223969147e-10 6.459053677183178697e-10 6.941770327059483691e-10 4.731163202943213685e-10 1.531732259012025434e-10 -1.017160452609323504e-10 -2.037464027736888310e-10 -1.580964984174702066e-10 -3.040229903829464518e-11 9.574829001646713737e-11 1.619450271127263117e-10 1.524269090182577145e-10 8.921213349093814779e-11 1.305230974445735999e-11 -4.033771265385147178e-11 -5.391253700571339657e-11 -3.248412554958249906e-11 4.846437626302823943e-12 3.679254186525332209e-11 4.947986340396671747e-11 4.114243616899039830e-11 1.984867487438914617e-11 -2.327810751435702394e-12 -1.552640461398484130e-11 -1.614370058262956490e-11 -6.908427735434821810e-12 5.602018862377254701e-12 1.479127428932641388e-11 1.701909141760299346e-11 1.253787479469516847e-11 4.634693261294883252e-12 -2.552442038789520394e-12 -6.026425692164293088e-12 -5.062229267649851513e-12 -1.094812294597960464e-12 3.399841316416016940e-12 6.188894903608368120e-12 6.274356431976433906e-12 4.081925949679549746e-12 9.914538970155551810e-13 -1.460181364761815245e-12 -2.326721767119925105e-12 -1.550540524590118552e-12 1.656538241882411943e-13 1.827992843026206054e-12 2.659305243501165842e-12 2.404477681019430214e-12 1.359566064404340801e-12 1.260491476667588801e-13 -7.152860571864184557e-13 -8.679768313517454283e-13 -4.058171288160105376e-13 3.326597424778070945e-13 9.426898409339294454e-13 1.154405430304386464e-12 9.310697680577215773e-13 4.435441557974045962e-13 -4.409797737399455104e-14 -3.158102336486329619e-13 -2.926114130479072012e-13 -4.578430846892171919e-14 2.625486958513235842e-13 4.734581304877208706e-13 4.930685559038297734e-13 3.839247888170546326e-13
-1.678725162143509442e+04 2.621982351193184877e+04 -3.760894415445446157e+03 5.243285994391380882e+02 -8.428559562384640458e+01 1.226616068356560874e+01 -2.298369997320050206e+00 2.571695594669774487e-01 -8.830279383681650940e-02 -3.783736463677733145e-03 -6.730809335467431535e-03 -1.645070662707858421e-03 -6.348933743077490562e-04 -9.939662464960081112e-05 3.373659180601370328e-05 4.961921886759892427e-05 2.791138403122431244e-05 5.675621531333906944e-06 -7.486018567472146433e-06 -1.171306115888378195e-05 -1.036181939166246974e-05 -6.769315963028554456e-06 -3.198894002723363634e-06 -7.223442381223494781e-07 4.796086946418897385e-07 7.100115446841469553e-07 4.241954459650449066e-07 1.292469466404083110e-08 -2.880524147822354665e-07 -3.989069842574958269e-07 -3.491237203670513913e-07 -2.162403273558346809e-07 -7.750952025803874368e-08 1.791410640076693371e-08 5.525326152499555928e-08 4.587073222383897296e-08 1.339913683023303483e-08 -1.939536586963057514e-08 -3.835965896727864199e-08 -3.994667998843776621e-08 -2.869302078769232764e-08 -1.264827331275367047e-08 8.429831937111974778e-10 7.732757566043618098e-09 7.741973992778839736e-09 3.289243066196958483e-09 -2.262265391003587450e-09 -6.185710385913686843e-09 -7.238526354489385358e-09 -5.705494338620117372e-09 -2.835894981826922341e-09 -7.481731255439477935e-11 1.561903189633615544e-09 1.774782621883416671e-09 9.052900917224727980e-10 -3.676503810395608419e-10 -1.385311586493635250e-09 -1.766215126013430692e-09 -1.486944208803289863e-09 -8.021744376389225023e-10 -7.273138435085792515e-11 4.060913072259916905e-10 5.088077024218943758e-10 2.915811356879072617e-10 -7.261265596362606726e-11 -3.906139534643228020e-10 -5.325491171734277855e-10 -4.709321351494210212e-10 -2.693462838927169553e-10 -3.672777863469460045e-11 1.274961744580551164e-10 1.724895324311399300e-10 1.071125388676415031e-10 -1.585212286939462406e-11 -1.305210457059822201e-10 -1.877849969513671623e-10 -1.725150831551723889e-10 -1.031934073249733003e-10 -1.771981332421152169e-11 4.612690904389934674e-11 6.656921442539414244e-11 4.398850864864139943e-11 -3.221970914783568976e-12 -4.964808034850095125e-11 -7.480827454062332501e-11 -7.090737526246645760e-11 -4.394072271233901376e-11 -8.754488648773640338e-12 1.874738578034964252e-11 2.854567845783996202e-11 1.979632730534986329e-11 -3.248864473853038563e-13 -2.097154674598664809e-11 -3.285045378064854761e-11 -3.193402590413789412e-11 -2.034596397800824278e-11 -4.491326405898417698e-12 8.357397107324504039e-12 1.330810950591566095e-11 9.586927838969693344e-12 2.770801487993706684e-13 -9.724244886805159972e-12 -1.529358867999019091e-11 -1.789186609693233966e-11
3.469626069742735126e+03 -7.660728070864554866e+03 2.419349186333577381e+04 -4.104530199118737983e+03 5.713694496579331599e+02 -1.020384119627416908e+02 1.293781712435385600e+01 -3.306472991280349216e+00 8.945379522917304427e-02 -1.969022634241970049e-01 -4.032561417172462331e-02 -2.169549985021886410e-02 -6.402309605160157353e-03 -1.761656600537814255e-03 -4.254219158524584385e-05 2.910181615787770350e-04 2.121494891784160813e-04 6.145390971080944530e-05 -4.209700289098382579e-05 -8.283656247827820575e-05 -7.933223329719840558e-05 -5.549081935597384891e-05 -2.906211564236892156e-05 -9.340370020164911021e-06 1.236691151282235757e-06 4.303097111108326767e-06 3.004656930963551270e-06 2.839805621935668870e-07 -1.943419383836152392e-06 -2.906203806749634593e-06 -2.684669557759395847e-06 -1.785430562080588191e-06 -7.673827396798247420e-07 -1.671841976885197408e-08 3.235321574223833308e-07 3.101818627628042757e-07 1.032051991126187716e-07 -1.298442920153459424e-07 -2.769169578170622682e-07 -3.015517747380724024e-07 -2.288862785882830744e-07 -1.143802952436767218e-07 -1.222459257900002279e-08 4.498290038423205937e-08 5.187701372026760715e-08 2.384332337541806263e-08 -1.525887658353073629e-08 -4.481743545380090574e-08 -5.443487666612186126e-08 -4.489830411325230237e-08 -2.458827370241389941e-08 -3.979219509234402080e-09 9.110928690416086993e-09 1.190737416068294133e-08 6.438763528980516451e-09 -2.535520304250044103e-09 -1.012801628224177890e-08 -1.330516216629898047e-08 -1.163042854628113233e-08 -6.786442993912031044e-09 -1.371135098348083272e-09 2.380847582852990681e-09 3.423971349758254534e-09 2.052623336802725538e-09 -5.245445873873458014e-10 -2.885341908172754630e-09 -4.023595677739703985e-09 -3.669800728339980889e-09 -2.240775781282543549e-09 -5.185665326340643776e-10 7.513767224877387784e-10 1.162718728405507855e-09 7.475529340970831578e-10 -1.259228862316105603e-10 -9.740125138721937929e-10 -1.422203075906675418e-09 -1.339737790077944243e-09 -8.468059078008596645e-10 -2.157082732397078965e-10 2.725550503068892926e-10 4.481857728066758336e-10 3.037749828164482754e-10 -3.217619736930135107e-11 -3.738819050575461928e-10 -5.669463507329739083e-10 -5.481119389597745131e-10 -3.560528407264567023e-10 -9.732498632745982994e-11 1.106201078085443290e-10 1.913073455704189895e-10 1.350233910934305046e-10 -8.038108202027602786e-12 -1.590050556736480558e-10 -2.486445420673949332e-10 -2.454136036918193049e-10 -1.629376419712296025e-10 -4.702176260568348615e-11 4.903590163018162862e-11 8.851670730591552160e-11 6.449492244198234976e-11 -1.492958397460327739e-12 -7.412377976365024845e-11 -1.153247844926488990e-10 -1.375132989845041638e-10
-8.381874449831171887e+02 1.275171039784508821e+03 -6.725156916696299959e+03 2.374613946308349477e+04 -4.372114976756843134e+03 6.035886997597967820e+02 -1.172678699780351792e+02 1.275452406294739305e+01 -4.413477381603335914e+00 -1.734061474719805762e-01 -3.371666853331263813e-01 -8.946440148652660962e-02 -3.999166106338500337e-02 -1.145348227631287109e-02 -2.442855074021028743e-03 3.665910004990839428e-04 6.479869905003216544e-04 2.899651650812375180e-04 -6.458871855128088004e-05 -2.436542745352069273e-04 -2.676206095563322105e-04 -2.062265449754539792e-04 -1.216883019649482763e-04 -5.124836889659040005e-05 -8.546580373351141214e-06 8.369888262599498675e-06 8.498723479139016514e-06 1.546094883619077403e-06 -5.472124792287894454e-06 -9.164119822534199297e-06 -9.121034440744502992e-06 -6.625777807731853210e-06 -3.406264379249673509e-06 -7.979001837077040147e-07 5.902589856504568927e-07 8.134056729761184913e-07 3.169478661788816892e-07 -3.711787799956853604e-07 -8.612259178046334445e-07 -9.921483414517549813e-07 -8.067369225661565452e-07 -4.618494001043941807e-07 -1.282753394483589584e-07 8.028794782227663953e-08 1.328794728848155134e-07 6.731532148545500748e-08 -4.564214253465319662e-08 -1.395869778199395798e-07 -1.767786709966318482e-07 -1.541964230148596965e-07 -9.438781288948223254e-08 -2.908596190024494732e-08 1.609053679892254055e-08 3.023633439577419328e-08 1.758797754887427702e-08 -8.154444898888875713e-09 -3.176780398264188686e-08 -4.298679210341629692e-08 -3.935611137720054413e-08 -2.524470088331290270e-08 -8.370694771645892676e-09 4.168357352801116708e-09 8.658469763719535446e-09 5.506329550949990268e-09 -1.870360147711625709e-09 -9.124400494215213096e-09 -1.297106543395896217e-08 -1.230212458062969645e-08 -8.163166215461150546e-09 -2.851838583586689702e-09 1.306499111996542841e-09 2.934589427993628385e-09 1.983312394128928220e-09 -5.174079599377110107e-10 -3.105322458210376116e-09 -4.582311442946109913e-09 -4.463276306173573556e-09 -3.039483326466971892e-09 -1.105812435547593897e-09 4.704454354813345336e-10 1.129580245625063680e-09 7.992248633691595694e-10 -1.636797179978470582e-10 -1.201265684115396963e-09 -1.826591746036671356e-09 -1.817293530497415183e-09 -1.263398315336480779e-09 -4.745915271908067556e-10 1.895169539068226224e-10 4.814523924322412775e-10 3.528814897485704342e-10 -5.760971890572511532e-11 -5.143487547119212443e-10 -8.011485896903864980e-10 -8.106727797828468195e-10 -5.730067958370900928e-10 -2.209225427067724853e-10 8.331874920525364835e-11 2.224053098666092207e-10 1.674992836187592963e-10 -2.206434418369070571e-11 -2.416291074841654127e-10 -3.712025072202260860e-10 -4.579060553672989811e-10
1.194580158542517552e+02 -3.767264699930362326e+02 1.015024233985519459e+03 -6.366352124664092116e+03 2.356704336764119216e+04 -4.552258341269946868e+03 6.237096447361947185e+02 -1.291623066988461517e+02 1.216556643646776514e+01 -5.442132678728648365e+00 -4.561005368244966940e-01 -4.774873365322264140e-01 -1.386931794554517594e-01 -5.728491473353481550e-02 -1.582762270266878726e-02 -2.892017176710664529e-03 6.619863863728002234e-04 7.336646612039523499e-04 8.526285929540182657e-05 -4.061012368957711408e-04 -5.736348513264391980e-04 -5.086517740905971158e-04 -3.449885158913771005e-04 -1.813358038502775182e-04 -6.569920457193661599e-05 -6.457777730119178943e-06 9.851625230790566430e-06 3.196204678744707789e-06 -9.541462637594809332e-06 -1.842930738929515234e-05 -2.029850285380273037e-05 -1.648164720771837428e-05 -1.014489975776374750e-05 -4.243352438966500538e-06 -4.728613177105059798e-07 8.670454330721792526e-07 4.457761043178483335e-07 -7.097943093070314097e-07 -1.722750837771282059e-06 -2.128530387201716916e-06 -1.891800632994185442e-06 -1.259982653030634507e-06 -5.650947231382848187e-07 -6.360640831755268331e-08 1.402178149955412277e-07 8.693919231805424446e-08 -9.871022359588885969e-08 -2.820611316197189494e-07 -3.737079165087452332e-07 -3.505175112913629908e-07 -2.446825301144623783e-07 -1.143861322835380902e-07 -1.282075460051114202e-08 3.202230571214915269e-08 2.189323207797964387e-08 -2.028095445927018099e-08 -6.514219040708046394e-08 -9.036941563990760019e-08 -8.784379037353276315e-08 -6.329478488342728877e-08 -3.045551612850771223e-08 -3.432771671652948112e-09 9.212332430244681309e-09 6.706405433304740730e-09 -5.406407429234284774e-09 -1.898147531306328357e-08 -2.721222208902393737e-08 -2.713574837464441428e-08 -2.000222045668087741e-08 -9.827041523150724915e-09 -1.113899442331892496e-09 3.138308983857086635e-09 2.383200214277814691e-09 -1.742815196225340262e-09 -6.545512693664255288e-09 -9.612654033581691901e-09 -9.768853625840486378e-09 -7.325317963919850624e-09 -3.657799325549280720e-09 -4.195157063247564387e-10 1.212796451157178006e-09 9.503567680343596450e-10 -6.472775580533892987e-10 -2.562720964895960195e-09 -3.834499251512296380e-09 -3.955076063239066171e-09 -3.006251457686811260e-09 -1.520826822979698860e-09 -1.766307205304751310e-10 5.185548751499848396e-10 4.162891910038847723e-10 -2.684002750765223837e-10 -1.108739699072321024e-09 -1.683588950736824831e-09 -1.757113743542413854e-09 -1.350178954318906290e-09 -6.904157569649345524e-10 -8.145863937647475598e-11 2.400024079792591625e-10 1.958928997224529115e-10 -1.219901941595443274e-10 -5.268036641830208721e-10 -7.798186916303728402e-10 -1.005712621750449960e-09
-4.949191072766299015e+01 1.848682159632042143e+01 -3.297284818428713606e+02 9.186898148671727995e+02 -6.163227103865514437e+03 2.347930369883444655e+04 -4.679375394783050069e+03 6.374284259146609202e+02 -1.384949512090395274e+02 1.149084370697610069e+01 -6.341528664291150363e+00 -7.212554616130559815e-01 -6.059674974504269951e-01 -1.842758250052309865e-01 -7.332788418908814387e-02 -2.017026451723406832e-02 -3.728673010267156106e-03 5.063799853309588041e-04 4.653406217730298323e-04 -3.370943004341544103e-04 -8.500804013937762011e-04 -9.334208461404278154e-04 -7.470186812511526130e-04 -4.758451447986009205e-04 -2.406197940829949919e-04 -8.921129322908097369e-05 -1.897381244473055338e-05 -3.625392371072507726e-06 -1.365214319424772485e-05 -2.735914973570158725e-05 -3.391200127824011063e-05 -3.142477670793152164e-05 -2.306089030683993219e-05 -1.332196913739050321e-05 -5.636640147287607077e-06 -1.444542737754499275e-06 -4.254716917379845531e-07 -1.291504029903122140e-06 -2.625976794617865037e-06 -3.448187092321256358e-06 -3.404230645208138489e-06 -2.657432501244482733e-06 -1.627126793662245456e-06 -7.269867061173345399e-07 -1.990594984303209168e-07 -7.176514156599299023e-08 -2.157362694114703317e-07 -4.432094205538791554e-07 -5.991589746819625943e-07 -6.114229595233157403e-07 -4.931872352335939652e-07 -3.113035097907235851e-07 -1.428193970909245804e-07 -4.027263957543543271e-08 -1.674162110131139423e-08 -5.102304628677013901e-08 -1.052592950689769645e-07 -1.445870618754280915e-07 -1.504323603462157859e-07 -1.237543022132708735e-07 -7.955340101267683720e-08 -3.705718884824301912e-08 -1.063336229389169437e-08 -4.932470872264961940e-09 -1.519948526348381093e-08 -3.139941679857410206e-08 -4.356787553928337154e-08 -4.591350245630304458e-08 -3.827084159687606458e-08 -2.489819962056455353e-08 -1.170447025771910584e-08 -3.391487777974933519e-09 -1.713636888535429876e-09 -5.339965175777099199e-09 -1.103934250724124375e-08 -1.542229531266032408e-08 -1.639800872249095164e-08 -1.379452961905369782e-08 -9.049046801942576290e-09 -4.279666290304864636e-09 -1.249438026146476021e-09 -6.781927100157398900e-10 -2.126570644301163395e-09 -4.394105374873816505e-09 -6.167690199636924673e-09 -6.601022895158884638e-09 -5.591344346648028400e-09 -3.690622728424515184e-09 -1.753067402992185477e-09 -5.147460232062108449e-10 -2.961535779299201118e-10 -9.330923589797087984e-10 -1.927223015340098803e-09 -2.714994061392383448e-09 -2.920567519727956522e-09 -2.487062398181319586e-09 -1.649431628058601915e-09 -7.861703504180623479e-10 -2.324063935950904901e-10 -1.416985675091309522e-10 -4.441613893714008782e-10 -9.283608629012954591e-10 -1.258718516365381205e-09 -1.704411732359173871e-09
-6.150889252917200345e+00 -3.257499755613811487e+01 1.158389916978888712e+00 -3.072006600299504839e+02 8.675985979165010349e+02 -6.030548538718613599e+03 2.343335267034027129e+04 -4.773574497244331724e+03 6.475410350335827161e+02 -1.459308633114003158e+02 1.085016786463341099e+01 -7.114100250955085691e+00 -9.603037373183642700e-01 -7.219461737991784700e-01 -2.267067417408019647e-01 -8.888535925420353034e-02 -2.491543602813663105e-02 -5.044309667205588814e-03 2.004873295755108304e-05 3.249058041055653297e-05 -8.120225758433717101e-04 -1.294736214164383600e-03 -1.283852068576159982e-03 -9.858565617456593357e-04 -6.203006854510292227e-04 -3.212754608025640102e-04 -1.345335309714497450e-04 -4.841873542450020432e-05 -2.718310566343104547e-05 -3.460143377037022531e-05 -4.564438406660935213e-05 -4.869104957825122514e-05 -4.237061506243031762e-05 -3.063036693960514181e-05 -1.845519929501707239e-05 -9.320299011109286154e-06 -4.403115819870419663e-06 -3.025615418213867467e-06 -3.615252716855731058e-06 -4.616976557916033514e-06 -5.043910074700064277e-06 -4.606765002917452281e-06 -3.539369399524486618e-06 -2.296489757588826770e-06 -1.283203928265756280e-06 -7.037791518600909232e-07 -5.432686404412293190e-07 -6.425107749849468544e-07 -8.051033807149996832e-07 -8.848794314811596271e-07 -8.259897034189371302e-07 -6.551160316522025659e-07 -4.437885174245141718e-07 -2.645237458219784223e-07 -1.600147538647797941e-07 -1.335067201639844626e-07 -1.580495465864034339e-07 -1.954853548548736866e-07 -2.147870810495335129e-07 -2.025801975330153391e-07 -1.636698093409080017e-07 -1.140523266080372005e-07 -7.119227202742111722e-08 -4.621848410358011161e-08 -4.073262503351357433e-08 -4.836234914756257121e-08 -5.926121619176529441e-08 -6.498199057108883929e-08 -6.162770669326890561e-08 -5.038422318875412362e-08 -3.581483021347015541e-08 -2.313638869112698181e-08 -1.583419928839096054e-08 -1.453372388361487156e-08 -1.732590038212015732e-08 -2.109408113349644849e-08 -2.307474095861255736e-08 -2.194573683593379345e-08 -1.808204243238777348e-08 -1.304196018574768050e-08 -8.654533216500973243e-09 -6.174829461968179425e-09 -5.849872997749978890e-09 -6.999491364473158298e-09 -8.478589887542702316e-09 -9.251074780833624947e-09 -8.811220712026709296e-09 -7.300331214078875133e-09 -5.325475908535838904e-09 -3.611357729661943533e-09 -2.663790683397405404e-09 -2.587105107968459413e-09 -3.106139859403037799e-09 -3.748520910910342371e-09 -4.081131369959463654e-09 -3.890053616900171073e-09 -3.236032280343198337e-09 -2.381970525577039497e-09 -1.644799913127292128e-09 -1.248967124614026352e-09 -1.238027484776572911e-09 -1.512470142841979847e-09 -1.742155960310302646e-09 -2.448326700824238481e-09
-8.408798013371468372e+00 -9.791461522558405406e+00 -3.354257340291049871e+01 -4.104096263401897815e+00 -2.921791686066511033e+02 8.365970110455183431e+02 -5.937052358124682542e+03 2.340989374627921279e+04 -4.846319931277571413e+03 6.554306742921876321e+02 -1.519693781306057190e+02 1.027346884648524927e+01 -7.780127909151207000e+00 -1.175155669726463126e+00 -8.273700985821447196e-01 -2.665840674663708110e-01 -1.040288182461261562e-01 -2.983704812166314280e-02 -6.538922056321274864e-03 -5.461632998742804723e-04 -4.109081994997916629e-04 -1.277089934671461454e-03 -1.738688723484632832e-03 -1.650400824705737946e-03 -1.251960030213349496e-03 -7.935497969028844486e-04 -4.247946360710090543e-04 -1.937787777761388773e-04 -8.377867009297870087e-05 -5.170924804483609071e-05 -5.487521696444050575e-05 -6.390928859851249322e-05 -6.499313221868271799e-05 -5.611339404590549342e-05 -4.141963897078318989e-05 -2.637154040315234393e-05 -1.484668048713338114e-05 -8.213142589746243218e-06 -5.774734228790143699e-06 -5.804616007362016397e-06 -6.545036957135333982e-06 -6.828158890154694331e-06 -6.244229389853788946e-06 -4.975811595786238528e-06 -3.482104285384040779e-06 -2.203944014029509334e-06 -1.387667532422210592e-06 -1.048218165428623777e-06 -1.035710825898094081e-06 -1.143496330468911686e-06 -1.203269997800071842e-06 -1.135027925409655742e-06 -9.474892749663877076e-07 -7.045874501738300065e-07 -4.812176383575855187e-07 -3.286816807018975660e-07 -2.600262539515012196e-07 -2.550479197978981203e-07 -2.771847089018657605e-07 -2.921906745059737357e-07 -2.807810701103293440e-07 -2.418834436688651669e-07 -1.878116221127161763e-07 -1.354285315762987782e-07 -9.786034175956034148e-08 -7.991621928819444967e-08 -7.806279388316870203e-08 -8.381223433787114408e-08 -8.829920016273514585e-08 -8.590943640397817495e-08 -7.572729864308024753e-08 -6.073156148828528451e-08 -4.559910640424678271e-08 -3.432920963092855097e-08 -2.869580338473861484e-08 -2.797265834169445933e-08 -2.975481346095986023e-08 -3.129835337341450468e-08 -3.071280250287826762e-08 -2.754672959382556815e-08 -2.265562823881096538e-08 -1.755586680426905174e-08 -1.364056436714784663e-08 -1.160881370358475106e-08 -1.130148752242957932e-08 -1.192998006513140423e-08 -1.252343469118065190e-08 -1.236644822265882977e-08 -1.124549651161124201e-08 -9.438576282748481567e-09 -7.500898491129026793e-09 -5.974250583262680152e-09 -5.156541776726623938e-09 -5.016466253448712627e-09 -5.263315388821530998e-09 -5.514255885651722073e-09 -5.471216379704458766e-09 -5.031226277050293973e-09 -4.294649102667689295e-09 -3.487472226555517319e-09 -2.836342668179497328e-09 -2.509760614208146385e-09 -2.346202230152393378e-09 -3.247627633039341025e-09
-4.405513545754249805e+00 -7.199411826040718942e+00 -1.216599227010203954e+01 -3.255518046853373448e+01 -5.836906856227028761e+00 -2.809708882867843727e+02 8.161728072208579761e+02 -5.867940925164957662e+03 2.339998940333648352e+04 -4.904477962633289280e+03 6.618398321402287365e+02 -1.569703437798270045e+02 9.760818399748869112e+00 -8.359848935211285692e+00 -1.368809565908803760e+00 -9.234127588097001960e-01 -3.037519252693313687e-01 -1.183630388509752246e-01 -3.457486870596317846e-02 -7.990941273074404771e-03 -1.101428735806000980e-03 -8.594399067202655295e-04 -1.763438070803546604e-03 -2.214563860346458260e-03 -2.050124378714055732e-03 -1.544510113328401157e-03 -9.829945048557310605e-04 -5.351811958715881794e-04 -2.540897008811065561e-04 -1.183362753232814802e-04 -7.635181621991054960e-05 -7.726145287471122012e-05 -8.592161761398388743e-05 -8.558101926793363603e-05 -7.356961414590240038e-05 -5.469334073631852065e-05 -3.547088490191958692e-05 -2.062514256004939421e-05 -1.188890233225361457e-05 -8.468760022081413583e-06 -8.258555831431431553e-06 -9.056599322942696540e-06 -9.353232847839954201e-06 -8.574936644340534558e-06 -6.908499913916039885e-06 -4.920637630473811888e-06 -3.183806118863828631e-06 -2.038583939782811044e-06 -1.529116110084821133e-06 -1.475366165965606198e-06 -1.607943489757302500e-06 -1.694990788895596641e-06 -1.615573858470653300e-06 -1.368685241579426285e-06 -1.034236493315022259e-06 -7.150201833867632724e-07 -4.874967212479843087e-07 -3.774095282771927209e-07 -3.624861123026030400e-07 -3.934741367119245321e-07 -4.202032099630089742e-07 -4.111792086830592724e-07 -3.607067817235267307e-07 -2.840374974879026976e-07 -2.055063710672843631e-07 -1.460949718333882387e-07 -1.154794616329756407e-07 -1.105912512414539659e-07 -1.196927693040520264e-07 -1.290186722197390078e-07 -1.287193474449396218e-07 -1.158821656036399171e-07 -9.406949384553992773e-08 -7.033962735852783444e-08 -5.150632281821263949e-08 -4.131642260290397626e-08 -3.949689251263229208e-08 -4.265943727029976293e-08 -4.630674763310063603e-08 -4.689040689557857140e-08 -4.306517196619873737e-08 -3.578673102571220629e-08 -2.743935250523116954e-08 -2.054448860557853130e-08 -1.666279002349957679e-08 -1.590662553870605676e-08 -1.714999637876367324e-08 -1.871749154082587397e-08 -1.917890821764066524e-08 -1.789830122085999215e-08 -1.515319380645433051e-08 -1.185021862619049573e-08 -9.026477268557325539e-09 -7.383124966947262291e-09 -7.040517736453020029e-09 -7.580683413188357763e-09 -8.310640404652487571e-09 -8.599107957683462605e-09 -8.132031143547359716e-09 -6.995659186295087944e-09 -5.561465237273068126e-09 -4.354725235486357681e-09 -3.439359765493245410e-09 -4.498998290671787194e-09
-2.786354588473941796e+00 -3.716500697619864013e+00 -8.085988926032282365e+00 -1.218050299662141356e+01 -3.107028781732502054e+01 -6.101580761138031939e+00 -2.722393462069155703e+02 8.019091071587844226e+02 -5.815205754238221743e+03 2.339902775192529589e+04 -4.952362591191532374e+03 6.672075165512086414e+02 -1.611874394395521506e+02 9.306150409027740267e+00 -8.868650730901142865e+00 -1.543347231197355729e+00 -1.010635399125838108e+00 -3.379786819216861748e-01 -1.316608371979684222e-01 -3.901728159025399933e-02 -9.391908175993540081e-03 -1.684207294776339471e-03 -1.353406537641967111e-03 -2.290735402895933536e-03 -2.718633129194073222e-03 -2.464267415173914365e-03 -1.840922145182581713e-03 -1.170766789149047709e-03 -6.430462936121776303e-04 -3.139971493411132021e-04 -1.554800200813677977e-04 -1.058039145665913534e-04 -1.051508687933617775e-04 -1.126875868735698017e-04 -1.093485974242727288e-04 -9.255305596970394850e-05 -6.831601404206140589e-05 -4.442809537202891394e-05 -2.635571943718795579e-05 -1.591430443008045247e-05 -1.191159451875937037e-05 -1.166035349328370178e-05 -1.245928563163116951e-05 -1.252449800927654692e-05 -1.124639295345110833e-05 -8.935786169649713418e-06 -6.333175404827423202e-06 -4.143360534068891933e-06 -2.753286633003943860e-06 -2.171382927370375832e-06 -2.135523913591710490e-06 -2.291784312697354678e-06 -2.354008237246150690e-06 -2.188983236309540875e-06 -1.817551132021992095e-06 -1.356482935387239628e-06 -9.406127533744547743e-07 -6.611169632372611561e-07 -5.389628725788916900e-07 -5.340012971040557051e-07 -5.762084327987532066e-07 -6.007054269824512956e-07 -5.717349534740085499e-07 -4.888911969600153135e-07 -3.776980957771997118e-07 -2.721978086898988113e-07 -1.984740771613670779e-07 -1.654794359145488437e-07 -1.650709660291896474e-07 -1.790636575976394958e-07 -1.888001162110602755e-07 -1.827733658724628537e-07 -1.596396681650809565e-07 -1.264078149462788080e-07 -9.360037770018785669e-08 -7.001757720068878627e-08 -5.933546569825641526e-08 -5.955414413341586639e-08 -6.492860757838092588e-08 -6.907756855606992959e-08 -6.774220518545914878e-08 -6.011813668505150130e-08 -4.848786128016491129e-08 -3.663376229168914203e-08 -2.792906443883667454e-08 -2.396331812599635243e-08 -2.417755551152752162e-08 -2.647523111026475525e-08 -2.837294315785696141e-08 -2.811092566395078122e-08 -2.526165591025999361e-08 -2.066907633042529194e-08 -1.586017744807299564e-08 -1.226807805179678548e-08 -1.062789151123993143e-08 -1.077154563847126818e-08 -1.184282444532480664e-08 -1.277145139270852099e-08 -1.276333850048715503e-08 -1.159255794268334646e-08 -9.613278860714235724e-09 -7.514587434253127923e-09 -5.860939935644753836e-09 -6.473740006812789828e-09
-1.505606581446935710e+00 -2.040689457556092101e+00 -4.148722872494798430e+00 -7.740806937607034754e+00 -1.158281811627143121e+01 -2.951167747025962029e+01 -5.787175864766346045e+00 -2.652834923982072155e+02 7.914965571148962908e+02 -5.774088019702980091e+03 2.340444394427817315e+04 -4.992796401935984250e+03 6.718166813340660610e+02 -1.647995754835913829e+02 8.903276490723087022e+00 -9.318119207917826330e+00 -1.700618886436737531e+00 -1.089763575452185718e+00 -3.693984540216367352e-01 -1.439973094933559017e-01 -4.323144027930441585e-02 -1.079459276437363079e-02 -2.317360386235382732e-03 -1.885711531813883063e-03 -2.833163907264152782e-03 -3.220641477762760125e-03 -2.868959111760781971e-03 -2.128425593168392638e-03 -1.354404479489357965e-03 -7.522680805777558948e-04 -3.791483529460493358e-04 -1.992807200726865932e-04 -1.411679135983083186e-04 -1.370114961202049562e-04 -1.413394839461040665e-04 -1.335146124601366930e-04 -1.113209991555376828e-04 -8.184881348401085892e-05 -5.380067103540092421e-05 -3.300693112153229626e-05 -2.111462255957740163e-05 -1.646479944352965234e-05 -1.587379963945070583e-05 -1.629873350431101684e-05 -1.582904685853020612e-05 -1.390058886011044397e-05 -1.094943709609498165e-05 -7.831793165174641048e-06 -5.305945362643667436e-06 -3.742058446484751834e-06 -3.086200010323989703e-06 -3.005092909582672524e-06 -3.094720237466842023e-06 -3.052691994091471916e-06 -2.758770830460320498e-06 -2.260782217619188066e-06 -1.699923550417971059e-06 -1.222128238433728792e-06 -9.142781150370523940e-07 -7.827791706589491546e-07 -7.709603828117872435e-07 -7.974737636325406984e-07 -7.945799714740054203e-07 -7.310634636006603898e-07 -6.145345290654894133e-07 -4.775480528174591219e-07 -3.571979010623895930e-07 -2.780469243024979024e-07 -2.444750032896015785e-07 -2.432356687246214482e-07 -2.527427418255014381e-07 -2.536894686440957311e-07 -2.363340740815732244e-07 -2.022132334440644180e-07 -1.608166276177355435e-07 -1.237085502155897589e-07 -9.907838376591654112e-08 -8.888452038269142847e-08 -8.922887363255012344e-08 -9.312449309100565224e-08 -9.400801484115606222e-08 -8.837274531370016880e-08 -7.659465564363696166e-08 -6.196376070295628362e-08 -4.867654055498886326e-08 -3.983747335251466793e-08 -3.630771712350712049e-08 -3.672698539278511950e-08 -3.847984444876145785e-08 -3.902164106884020562e-08 -3.693767262949079654e-08 -3.233227138229713557e-08 -2.650249145735189857e-08 -2.116028236371594039e-08 -1.761268758734317706e-08 -1.625750851271096970e-08 -1.655494428824736372e-08 -1.741025612383228011e-08 -1.772477267888106342e-08 -1.689953035716684582e-08 -1.486342347446309301e-08 -1.269054293512220213e-08 -9.141057262305606792e-09 -1.294497651196382445e-08
-7.156299315518682702e-01 -9.882053683675314781e-01 -2.134042650789675477e+00 -3.836013459156684124e+00 -7.148864141615103307e+00 -1.083542927939103251e+01 -2.809801364501313614e+01 -5.280273182530091702e+00 -2.596618318052548489e+02 7.836383062183504080e+02 -5.741558705490465400e+03 2.341472894193563479e+04 -5.027693859390370562e+03 6.758605135153088668e+02 -1.679358656520875286e+02 8.546143171803507244e+00 -9.717755911186737094e+00 -1.842708370977254040e+00 -1.161800855812363364e+00 -3.983659481146608061e-01 -1.555253119902877679e-01 -4.726524281242779763e-02 -1.219169476809985747e-02 -2.966777126754602343e-03 -2.417055341849734702e-03 -3.360079569522101545e-03 -3.704149768691672711e-03 -3.260706717504512336e-03 -2.411432405712636909e-03 -1.540542621534770262e-03 -8.675834370883189935e-04 -4.506783280028090876e-04 -2.476858708384483744e-04 -1.787939946523746317e-04 -1.693314100769164297e-04 -1.696596851169934750e-04 -1.574722224705066428e-04 -1.304959450745430142e-04 -9.642577852178553033e-05 -6.455661388726802879e-05 -4.098948085528923805e-05 -2.730116196448814181e-05 -2.155793421506253476e-05 -2.026117401475837406e-05 -2.012803066992070576e-05 -1.912492472051722579e-05 -1.666409029313831421e-05 -1.321200996476136321e-05 -9.664354634796076856e-06 -6.800589151597781520e-06 -4.987072787823419932e-06 -4.148796379943219131e-06 -3.926972409182398402e-06 -3.897742427265088096e-06 -3.748602415671006334e-06 -3.357386418482581245e-06 -2.773860017537134449e-06 -2.140961922239048009e-06 -1.604093208149141488e-06 -1.247509902944200379e-06 -1.074351944299611428e-06 -1.025542165020825710e-06 -1.018861925225125000e-06 -9.869099600702861072e-07 -8.991150661630254825e-07 -7.631689322926897080e-07 -6.107894402334658504e-07 -4.775713409511908926e-07 -3.865490274288689224e-07 -3.411654609445657991e-07 -3.281098677822451824e-07 -3.264448792881783636e-07 -3.177513802387177334e-07 -2.928903781943229823e-07 -2.533976010677068496e-07 -2.081661167076168132e-07 -1.678590417911137753e-07 -1.398627951129955027e-07 -1.257462453866847896e-07 -1.217302062880822035e-07 -1.213132188214946317e-07 -1.184995637386628492e-07 -1.101499974564615482e-07 -9.665287842150701316e-08 -8.098055311464294028e-08 -6.685131056824521518e-08 -5.695151061148835968e-08 -5.195108404884696080e-08 -5.057192421450136632e-08 -5.047547070827078357e-08 -4.943513214508087657e-08 -4.624462945661411965e-08 -4.102429206160590837e-08 -3.490776762350674851e-08 -2.935493124043758953e-08 -2.545028263283338958e-08 -2.349138598483433070e-08 -2.297988840149632221e-08 -2.300035165657945870e-08 -2.252683772180274721e-08 -2.156397704476625673e-08 -1.822294311010179485e-08 -2.014516765918746602e-08 -1.145974367085941375e-08
-2.345492209042467635e-01 -4.104424219668199592e-01 -9.342114549651980848e-01 -1.858896247216863973e+00 -3.425084901464168219e+00 -6.561162187630894316e+00 -1.013942915127763378e+01 -2.689137093407605761e+01 -4.743008410359818683e+00 -2.550615368785940120e+02 7.775648421164185038e+02 -5.715589679489849914e+03 2.342895162658980189e+04 -5.058397129614172627e+03 6.794751611290197388e+02 -1.706924644286168586e+02 8.228705919679013547e+00 -1.007562823435533694e+01 -1.971704901615104033e+00 -1.227721651205424758e+00 -4.251857101696842611e-01 -1.663163990709814466e-01 -5.109592662897152748e-02 -1.353748273806359460e-02 -3.594087659655837916e-03 -2.926674710846878958e-03 -3.867020622982183294e-03 -4.174496412227521845e-03 -3.647494147009803893e-03 -2.695516996245003391e-03 -1.730334207626038579e-03 -9.862966786151033515e-04 -5.240094671930326095e-04 -2.963406083959728410e-04 -2.159308391209194787e-04 -2.013226713395752207e-04 -1.983471861539877360e-04 -1.825357828091310475e-04 -1.511931643223232322e-04 -1.124973166974631256e-04 -7.643522447335468126e-05 -4.959455197397536993e-05 -3.369300700015541694e-05 -2.664434100603454782e-05 -2.464353241232809300e-05 -2.408998008319252003e-05 -2.271719731841990024e-05 -1.982433255471663922e-05 -1.586973250197509493e-05 -1.180323492793318984e-05 -8.473813184363824841e-06 -6.297829267851815767e-06 -5.215070830665793848e-06 -4.848690633498454387e-06 -4.737551077276811694e-06 -4.529509476656357007e-06 -4.073640078531515887e-06 -3.407834946731211500e-06 -2.678683425131048052e-06 -2.044374003877709619e-06 -1.603226978306666994e-06 -1.367501017245590870e-06 -1.279526597800227191e-06 -1.251629989424540594e-06 -1.207374438308050103e-06 -1.107523248088317409e-06 -9.544522656707495993e-07 -7.790150276937791271e-07 -6.195920766156876209e-07 -5.036419049391618624e-07 -4.384619397950639979e-07 -4.125032492705319484e-07 -4.041136386423770802e-07 -3.923632151312539127e-07 -3.650800929839459238e-07 -3.214987404231085700e-07 -2.696807447999851531e-07 -2.209492573056668023e-07 -1.842656177471726108e-07 -1.628491365024199964e-07 -1.539285260160311599e-07 -1.510390417115925873e-07 -1.473783588526958253e-07 -1.386123075796414799e-07 -1.240871381135335854e-07 -1.062775272090528122e-07 -8.905309831073139789e-08 -7.572138736726184700e-08 -6.769909201718552339e-08 -6.423927590317635765e-08 -6.312202091821049640e-08 -6.183331059024751902e-08 -5.864988878065945522e-08 -5.319256732881800107e-08 -4.631617429048184802e-08 -3.950569982476739900e-08 -3.410901140455737299e-08 -3.081412929238170332e-08 -2.929545632535653691e-08 -2.925773171253221163e-08 -2.766546103759412927e-08 -3.092840156334259751e-08 -2.623812697136255444e-08 9.437732995991695300e-09
3.311399445348132096e-03 -1.107891914466982430e-01 -3.091161481265255473e-01 -7.384653243454495364e-01 -1.585148519346410101e+00 -3.063640782513620486e+00 -6.068435993404440509e+00 -9.549220596126783533e+00 -2.588274867215286434e+01 -4.233391227797830503e+00 -2.512519078752539201e+02 7.727948204331887609e+02 -5.694771510392669370e+03 2.344651253763772547e+04 -5.085875314915357194e+03 6.827588171967880726e+02 -1.731426761273409625e+02 7.945381769248240467e+00 -1.039837859347917437e+01 -2.089378528890522446e+00 -1.288283598202225821e+00 -4.500486063041870266e-01 -1.763893192344588301e-01 -5.469638904041712602e-02 -1.481045959818329261e-02 -4.193936103756697349e-03 -3.420830536676049225e-03 -4.363651202506431404e-03 -4.638493667032155682e-03 -4.030741499273566945e-03 -2.977395362857192945e-03 -1.918202960741573898e-03 -1.103106144948376617e-03 -5.957835670281236848e-04 -3.442535829223642265e-04 -2.533700659307641526e-04 -2.345089637084788478e-04 -2.286843021704854865e-04 -2.091956282854345482e-04 -1.730623721866798631e-04 -1.291898888759482279e-04 -8.848753560180504902e-05 -5.815931498659447543e-05 -4.006808949086461218e-05 -3.188478091052048783e-05 -2.937350402988854028e-05 -2.851572284403690931e-05 -2.677006816514657838e-05 -2.334108780692558175e-05 -1.873544763702945655e-05 -1.401940620483768597e-05 -1.015275956035335871e-05 -7.610299246291351194e-06 -6.326288960152136089e-06 -5.871549845387215075e-06 -5.716527742623636767e-06 -5.453391542952995266e-06 -4.904646926548436669e-06 -4.111770560203144863e-06 -3.244415649520971562e-06 -2.488011595878914809e-06 -1.959456949153151228e-06 -1.674869027944629175e-06 -1.567117662239057376e-06 -1.532229292085202067e-06 -1.478398178302954315e-06 -1.357622147855767666e-06 -1.171894164700972661e-06 -9.581122373965007908e-07 -7.630385026374964260e-07 -6.207255904096735373e-07 -5.407863801988065849e-07 -5.095095295613000406e-07 -5.002999794667429239e-07 -4.870178003957361649e-07 -4.541498760628682681e-07 -4.004145462129853725e-07 -3.357931689688700293e-07 -2.746468816262502123e-07 -2.285658351807911825e-07 -2.019219526078345862e-07 -1.913711949457755111e-07 -1.886731654418129422e-07 -1.849841270713887257e-07 -1.745493649716733760e-07 -1.563888126726659919e-07 -1.336784908122040295e-07 -1.115302616230246162e-07 -9.440333990270205744e-08 -8.428914746609978296e-08 -8.027783550743629888e-08 -7.942870162900868169e-08 -7.833807950363494292e-08 -7.462395611481497811e-08 -6.772128343958702684e-08 -5.876533414682593289e-08 -4.983478875200864985e-08 -4.269994854709805306e-08 -3.894656913074747919e-08 -3.603429955699733484e-08 -4.101996769484370414e-08 -3.766336791381271282e-08 -1.372425620998136217e-09 -4.281854781464956870e-10
8.921039129902297304e-02 1.742624992613171775e-02 -2.212204739284220900e-02 -1.949083027341901586e-01 -5.867422252999173748e-01 -1.379467729241001361e+00 -2.785341584685013139e+00 -5.675451872746387849e+00 -9.060429703172703242e+00 -2.503878018546453177e+01 -3.766819502462127822e+00 -2.480628842767698075e+02 7.690109198704974460e+02 -5.678095814941301796e+03 2.346701163370993527e+04 -5.110845703486045750e+03 6.857842227431115134e+02 -1.753430770834138173e+02 7.691455427840347525e+00 -1.069131210142122690e+01 -2.197141046809064413e+00 -1.344082091130156309e+00 -4.731161963937847159e-01 -1.857864321514117456e-01 -5.807913063056461406e-02 -1.602205249249099087e-02 -4.778077306938697047e-03 -3.907501939390629377e-03 -4.851742429525538434e-03 -5.092442216853843018e-03 -4.404015522295677901e-03 -3.250894192734026921e-03 -2.100215285789742894e-03 -1.216837735714603732e-03 -6.669113631090733659e-04 -3.931883011684756193e-04 -2.925848675823869297e-04 -2.694288120655787856e-04 -2.602222844589655547e-04 -2.363930084832431859e-04 -1.949632769900606997e-04 -1.457061674377736651e-04 -1.004388148344348734e-04 -6.686123575442368269e-05 -4.683021386219557550e-05 -3.765841034011808991e-05 -3.463521409106675678e-05 -3.335094134006399410e-05 -3.105855101486011601e-05 -2.694175122978909094e-05 -2.160334994182885066e-05 -1.623497478361743206e-05 -1.188288984314127904e-05 -9.040193734109172171e-06 -7.599550008296191297e-06 -7.061075239293916730e-06 -6.829565067552593523e-06 -6.459518679368679819e-06 -5.769351771552040854e-06 -4.820807693933534840e-06 -3.811800352481605655e-06 -2.948942089037980053e-06 -2.355207165974413961e-06 -2.038098569210056352e-06 -1.913731354482997257e-06 -1.861691090576050352e-06 -1.780440210562710133e-06 -1.621125769616694635e-06 -1.391782902927684438e-06 -1.137865882502137915e-06 -9.127845849559073367e-07 -7.527127085374830076e-07 -6.647426158407553397e-07 -6.298985866464077425e-07 -6.162669410777836374e-07 -5.945169898189321947e-07 -5.489276320350558536e-07 -4.804206540031522860e-07 -4.021143999735862488e-07 -3.308565078935405296e-07 -2.790741656539764479e-07 -2.502268872831078139e-07 -2.389828130833071461e-07 -2.350566604304919447e-07 -2.283678286412932057e-07 -2.131014416990886723e-07 -1.891951342117388121e-07 -1.611372535373490330e-07 -1.350945293902305588e-07 -1.158939919142102295e-07 -1.051479696309278197e-07 -1.010952274184106343e-07 -9.990703326089571307e-08 -9.764103701220420540e-08 -9.188948241855526725e-08 -8.254788445668428056e-08 -7.121852623257295822e-08 -6.114613046253352977e-08 -5.184560355755353048e-08 -5.335015114431764207e-08 -4.848083784823065198e-08 -8.373582662941031784e-09 -1.059767190800417479e-08 -7.452445204323256955e-09
8.338823138834546012e-02 5.034375896143435808e-02 6.929814971559453141e-02 2.327376409238111551e-02 -1.334256865827423977e-01 -4.950534074349921543e-01 -1.237916252108232085e+00 -2.575189778456048018e+00 -5.360668745326700346e+00 -8.652945742503055371e+00 -2.432593015244317414e+01 -3.344682925195969325e+00 -2.453697032053446776e+02 7.659944283284183939e+02 -5.664822727925876279e+03 2.349017453280666814e+04 -5.133850164815160497e+03 6.886068168650518828e+02 -1.773377660780022609e+02 7.463066888043481839e+00 -1.095870996239149697e+01 -2.296186236262372837e+00 -1.395658202556621097e+00 -4.945747585514285727e-01 -1.945826703017537740e-01 -6.127552419796618299e-02 -1.718535572527519692e-02 -5.348776994091568142e-03 -4.382215346379854555e-03 -5.323896305349754866e-03 -5.529427787786951078e-03 -4.763027731973532540e-03 -3.514863772504807967e-03 -2.277553281240868137e-03 -1.329588035281226762e-03 -7.391022194293070261e-04 -4.437431639198361161e-04 -3.330194664208463808e-04 -3.048206408274870753e-04 -2.916113750663947143e-04 -2.631827535606036622e-04 -2.165618831664430425e-04 -1.622395438363880894e-04 -1.127464424041601750e-04 -7.613012646778862511e-05 -5.418422561759481918e-05 -4.389510322857067610e-05 -4.016222049171393665e-05 -3.827522776549580367e-05 -3.534036670791439080e-05 -3.053250085981077077e-05 -2.452254260177448214e-05 -1.858049474614260522e-05 -1.379669978654272137e-05 -1.066089044801918439e-05 -9.027181201322386286e-06 -8.345844472657927928e-06 -7.982101437153340292e-06 -7.472156602313374368e-06 -6.636431747013044909e-06 -5.550037504889212545e-06 -4.424815161445162204e-06 -3.474250692430908736e-06 -2.819022859197992729e-06 -2.457844139477307007e-06 -2.296510038733487063e-06 -2.207201667165564901e-06 -2.085982375247630222e-06 -1.886015459456792892e-06 -1.619406790260449684e-06 -1.335078558200064389e-06 -1.087590391893013021e-06 -9.117133222719075645e-07 -8.115939344762780568e-07 -7.652851733000958378e-07 -7.391091900942284238e-07 -7.036268272752330190e-07 -6.442862661369960004e-07 -5.635857681912116863e-07 -4.757504254522132765e-07 -3.977770299205407180e-07 -3.413299310504625844e-07 -3.086534326949315154e-07 -2.933388982339107732e-07 -2.845942081873608299e-07 -2.725069045540662625e-07 -2.518907383542666511e-07 -2.233879711618788908e-07 -1.919133248241628360e-07 -1.636116415550580873e-07 -1.429014139435580488e-07 -1.308280898009683480e-07 -1.251756471179620685e-07 -1.219415820558025439e-07 -1.173729173109789003e-07 -1.092478213479946843e-07 -9.855919997641550599e-08 -8.438435113924873491e-08 -7.956263335936828753e-08 -6.755787969030707596e-08 -1.770646523113842925e-08 -1.891121366700389774e-08 -1.431555519402332835e-08 -1.915230518096629589e-08
4.038515353922880746e-02 3.763495814778778509e-02 6.340700391716727613e-02 6.766842146156178128e-02 2.710643430810275034e-02 -1.123593119011278285e-01 -4.424578615710498264e-01 -1.137492901989804794e+00 -2.411031979046110330e+00 -5.102647313831615961e+00 -8.308749013276585771e+00 -2.371816091993027342e+01 -2.964749913559549199e+00 -2.430798127948447416e+02 7.635897849255641177e+02 -5.654396907578581704e+03 2.351580916009160865e+04 -5.155305392990183464e+03 6.912697847063893732e+02 -1.791616070731566026e+02 7.256973767857075153e+00 -1.120414192407122655e+01 -2.387584182724687309e+00 -1.443520733465768924e+00 -5.146114692213441533e-01 -2.028478968518936665e-01 -6.430394815257278740e-02 -1.829848026329695260e-02 -5.897615167515790451e-03 -4.836909270216004433e-03 -5.775411187623225376e-03 -5.948556504942222392e-03 -5.109554932843105371e-03 -3.772009851766210727e-03 -2.452337891094370347e-03 -1.442095547499568043e-03 -8.117097336860733519e-04 -4.944401756255909636e-04 -3.730956263333458020e-04 -3.395794996209891754e-04 -3.224560774948317769e-04 -2.897785546059281070e-04 -2.383753020223593319e-04 -1.792745698962662916e-04 -1.256363105984325136e-04 -8.587701801990633185e-05 -6.181747555778769655e-05 -5.022204964634383387e-05 -4.567263002620819125e-05 -4.317755488268818821e-05 -3.966844678207699957e-05 -3.425955612354168598e-05 -2.764155592960077705e-05 -2.113715653720151679e-05 -1.588317460906673808e-05 -1.238904789516073391e-05 -1.049986660692593177e-05 -9.638340143909655935e-06 -9.137441205680049122e-06 -8.507580568688887979e-06 -7.555088948676711588e-06 -6.352222926113293495e-06 -5.115178901178193893e-06 -4.064022554045774340e-06 -3.324370328236381307e-06 -2.896370259579065737e-06 -2.683826426632450250e-06 -2.554795794695572732e-06 -2.400736953732561369e-06 -2.171081256323437029e-06 -1.875782241436369307e-06 -1.563236591094397993e-06 -1.288667179731636244e-06 -1.088034261487556063e-06 -9.665595262920498880e-07 -9.028114785824049093e-07 -8.629055293922726806e-07 -8.165841077898456165e-07 -7.481683270705225616e-07 -6.590907500380749534e-07 -5.628763180377353238e-07 -4.763309721924047084e-07 -4.113875530753414604e-07 -3.708134430503010173e-07 -3.487093872942673491e-07 -3.345523143605470032e-07 -3.183551023522945225e-07 -2.945584590979372121e-07 -2.632936988776717616e-07 -2.290267903971774110e-07 -1.976704511410088742e-07 -1.736834795358364286e-07 -1.583509049740177002e-07 -1.498218338461039171e-07 -1.441606055150662425e-07 -1.385076457690633208e-07 -1.274976345193845001e-07 -1.225806316054178206e-07 -1.050377418956346828e-07 -4.202921797911279819e-08 -3.558073094218719859e-08 -2.612343620649136121e-08 -2.357222430870864147e-08 -3.287061092288268809e-08
-4.900019096878393578e-03 1.078502989448602498e-02 2.254297900659729334e-02 3.754368160112108582e-02 4.321595732066842860e-02 1.239765382698856597e-02 -1.077891904585967786e-01 -4.080758725734213166e-01 -1.060377054454758383e+00 -2.277681665022134538e+00 -4.887093273974385532e+00 -8.015229398333762134e+00 -2.319626829322004014e+01 -2.623592868722792737e+00 -2.411228514853827107e+02 7.616838198604327772e+02 -5.646393215589260762e+03 2.354377877960203114e+04 -5.175537126256250303e+03 6.938072321288930198e+02 -1.808426126782872245e+02 7.070379490602278771e+00 -1.143062798277772352e+01 -2.472277314980921403e+00 -1.488112039491080063e+00 -5.333791372472327375e-01 -2.106281699172243282e-01 -6.716884013145138499e-02 -1.935525058661184683e-02 -6.419489691115083142e-03 -5.270667429749732909e-03 -6.208693680212887256e-03 -6.353415924108318791e-03 -5.446450472517905261e-03 -4.023459232460979348e-03 -2.623974172322941344e-03 -1.552722575552336996e-03 -8.829368615081435419e-04 -5.440096764636554111e-04 -4.123545818903047422e-04 -3.739450802634828566e-04 -3.533429556916292203e-04 -3.167281005857483967e-04 -2.606540691157209879e-04 -1.967018120533785058e-04 -1.387446539385774947e-04 -9.567124524608147163e-05 -6.940462001881076294e-05 -5.650965217431797862e-05 -5.122389050252923356e-05 -4.822139820993492725e-05 -4.420865144932960793e-05 -3.821218393235855369e-05 -3.094517325835813651e-05 -2.380813935875939871e-05 -1.801661691877086454e-05 -1.412420111047994773e-05 -1.197506826656459468e-05 -1.095615570948016390e-05 -1.035044544329020516e-05 -9.624622374631311645e-06 -8.560327566465383045e-06 -7.226654746382005658e-06 -5.852223599149523558e-06 -4.675094503688781357e-06 -3.835131803027961603e-06 -3.337598429235520629e-06 -3.081851982292046552e-06 -2.925398504866202206e-06 -2.748122455129716987e-06 -2.491242777625898507e-06 -2.162007293367018842e-06 -1.811187951561875851e-06 -1.499180895286354548e-06 -1.267053441478898977e-06 -1.122859139346409778e-06 -1.044893694120628226e-06 -9.964925264794817430e-07 -9.436124278379819037e-07 -8.674133252918561083e-07 -7.678732518169973115e-07 -6.589695611846488146e-07 -5.592675664331109907e-07 -4.827521373660166755e-07 -4.335900538544652251e-07 -4.061240610408936924e-07 -3.889785837881179689e-07 -3.707269417898965575e-07 -3.444513673191343533e-07 -3.095320363251417165e-07 -2.704864601226570993e-07 -2.338992055737404648e-07 -2.051897831605092297e-07 -1.861588660745411061e-07 -1.760998257621726031e-07 -1.674592984527180800e-07 -1.686136047312735301e-07 -1.542314704404902040e-07 -8.436923557288171903e-08 -7.221660107970689811e-08 -5.314206373506526063e-08 -4.367733010630023333e-08 -3.748689042829369456e-08 -5.015505385305875467e-08
-3.440428576510620035e-02 -1.273620326140166570e-02 -1.770029964308520234e-02 -8.893478522089168573e-03 6.750384962836051238e-03 1.784563076983211594e-02 -2.501136794769251003e-03 -1.059171705918659362e-01 -3.813514073657357506e-01 -9.978526882692246858e-01 -2.167069809052968310e+00 -4.705129877399474303e+00 -7.763314046546001990e+00 -2.274537217637544728e+01 -2.317060620782680047e+00 -2.394441044344307556e+02 7.601924357562111254e+02 -5.640480840677368178e+03 2.357398462368582841e+04 -5.194803868325303483e+03 6.962464102786244666e+02 -1.824035716266878353e+02 6.900887261098831438e+00 -1.164070209804405920e+01 -2.551060577965289067e+00 -1.529796056903591550e+00 -5.509980463126182837e-01 -2.179592727590504986e-01 -6.987726673891769824e-02 -2.035763300723314462e-02 -6.917561753343541217e-03 -5.687747725631190493e-03 -6.627351523867791236e-03 -6.745736638027216570e-03 -5.773431273763379896e-03 -4.267623819200378442e-03 -2.790577730716367003e-03 -1.660102996369085216e-03 -9.522930878585121302e-04 -5.927332557491656788e-04 -4.514633228883562269e-04 -4.085368497391840526e-04 -3.845525457224142256e-04 -3.439026770489099797e-04 -2.829809814299012196e-04 -2.140288691383258218e-04 -1.516993650362084129e-04 -1.053632114773099619e-04 -7.700819547257853153e-05 -6.294038171551826085e-05 -5.700091923527354212e-05 -5.350489899753152294e-05 -4.894111758254734101e-05 -4.227868716400873651e-05 -3.428960109843804294e-05 -2.647863437101239157e-05 -2.014794078658038208e-05 -1.588526103511043571e-05 -1.351374185240720821e-05 -1.236468680615894760e-05 -1.165965209595737923e-05 -1.082165508568710857e-05 -9.616916587802184583e-06 -8.124195258010883129e-06 -6.594879386364001960e-06 -5.289028849325625333e-06 -4.357925712120865160e-06 -3.804731100198257719e-06 -3.516580806806115293e-06 -3.335459447203465404e-06 -3.129093111399367914e-06 -2.833747259544215793e-06 -2.459003880679613685e-06 -2.062379776030917818e-06 -1.711400771193698836e-06 -1.451361081090565978e-06 -1.290278037884773781e-06 -1.202867498532498909e-06 -1.147416044984790557e-06 -1.085657320327221759e-06 -9.968694452406394702e-07 -8.817458024904356593e-07 -7.567039147734604098e-07 -6.430492380282031461e-07 -5.565273205628729684e-07 -5.014606824981564651e-07 -4.709161145342769598e-07 -4.515660730780409655e-07 -4.302717060458687353e-07 -3.993079645002565135e-07 -3.583065764255251104e-07 -3.128601091966199402e-07 -2.705379817646304265e-07 -2.385810687534075559e-07 -2.152490934311338050e-07 -2.123654199777653563e-07 -2.002963052714196149e-07 -1.298500333070366869e-07 -1.212935251382557599e-07 -1.000930613014986822e-07 -8.347523075362752577e-08 -7.017284663232446787e-08 -5.910591209142913179e-08 -7.335568490602580465e-08
-4.277730260209374608e-02 -2.572797218655358681e-02 -4.156936303631678792e-02 -4.279956063537020128e-02 -3.293434539437582742e-02 -1.451740078788294093e-02 9.741308488400445042e-04 -1.199126518655536239e-02 -1.031753602946411247e-01 -3.592823875685045021e-01 -9.463828406492420520e-01 -2.074537889010105829e+00 -4.550353491037776088e+00 -7.545673083602693509e+00 -2.235341610174201321e+01 -2.040841963916027346e+00 -2.380005007826891017e+02 7.590517394026121565e+02 -5.636398798273465218e+03 2.360635459853550856e+04 -5.213313505260321108e+03 6.986094002776601428e+02 -1.838631702032563169e+02 6.746479001832768496e+00 -1.183647965586606965e+01 -2.624602253048321288e+00 -1.568882580133974525e+00 -5.675775781004465115e-01 -2.248816884713039643e-01 -7.244457412218915926e-02 -2.131327004283440144e-02 -7.396305688455482447e-03 -6.090234255136317380e-03 -7.031367546056251604e-03 -7.124134936609762686e-03 -6.088755395094708200e-03 -4.503250943645352271e-03 -2.951777141966485489e-03 -1.764651329032058437e-03 -1.020572624265641756e-03 -6.413220245616676378e-04 -4.907382499769270736e-04 -4.432065212629103025e-04 -4.156119772055525633e-04 -3.707461308278363885e-04 -3.049363872898038061e-04 -2.310868623243466703e-04 -1.645699428579311505e-04 -1.151566744893334785e-04 -8.483406054331100034e-05 -6.962214290157473396e-05 -6.297894721816961515e-05 -5.890035586117661493e-05 -5.370249683568340909e-05 -4.632866838958798100e-05 -3.761851735128321717e-05 -2.916878844832813015e-05 -2.234452338831732039e-05 -1.774460994431210028e-05 -1.515820243600737758e-05 -1.386131881326996985e-05 -1.302491562124037295e-05 -1.204308215031697984e-05 -1.067839583146883774e-05 -9.023783430698696444e-06 -7.350155313944345544e-06 -5.931401102318176546e-06 -4.921464994608063018e-06 -4.315838926630073293e-06 -3.988807305460088351e-06 -3.770506343428662173e-06 -3.522154917320183714e-06 -3.179950985641052762e-06 -2.757992189387557002e-06 -2.319555289513004773e-06 -1.936098800160823042e-06 -1.653463145286834324e-06 -1.477107614300863241e-06 -1.377683540083768345e-06 -1.309850376912286175e-06 -1.233527103232269227e-06 -1.128314930451039340e-06 -9.967102954370225140e-07 -8.572489926110474237e-07 -7.326004064100506342e-07 -6.385911956694738211e-07 -5.784830890753371331e-07 -5.437646638828013693e-07 -5.197646547821479849e-07 -4.927393922222900544e-07 -4.552865169517565642e-07 -4.076375247295175359e-07 -3.574036224119427947e-07 -3.086885122423156342e-07 -2.830435946701480490e-07 -2.549982822331220575e-07 -1.727377862302433935e-07 -1.669155678047631459e-07 -1.505187696253340196e-07 -1.373260135800507720e-07 -1.215473428805924385e-07 -1.066739556311688126e-07 -9.018867128769131152e-08 -1.058136661383205099e-07
-3.519528947350526737e-02 -2.770543713938047187e-02 -4.663537167156352886e-02 -5.539887752987927849e-02 -5.513356880057950632e-02 -4.420787142196715147e-02 -2.524085580341376908e-02 -8.380912918808165746e-03 -1.748907541147334127e-02 -1.002911779755638055e-01 -3.412902536881569082e-01 -9.038292428939664891e-01 -1.996440708754074977e+00 -4.417505292666541017e+00 -7.356215115841781227e+00 -2.201068386519635212e+01 -1.791030153054958163e+00 -2.367578944855755481e+02 7.582122285055115753e+02 -5.633938605127933442e+03 2.364083586166610257e+04 -5.231235165664455963e+03 7.009143542297081240e+02 -1.852368466801229374e+02 6.605453637661127253e+00 -1.201974909620736653e+01 -2.693484030467322210e+00 -1.605651202850153725e+00 -5.832244481898876121e-01 -2.314381222692282747e-01 -7.488637875061925075e-02 -2.222701944273721558e-02 -7.856007306997706691e-03 -6.476658402887725506e-03 -7.419068698177604289e-03 -7.487615726263803853e-03 -6.392406060398899206e-03 -4.731111340372396584e-03 -3.108655604860750560e-03 -1.867264138714006851e-03 -1.088169236461441949e-03 -6.896186451460961826e-04 -5.296482351648697500e-04 -4.773297103896920277e-04 -4.460526660230525230e-04 -3.970726720262763112e-04 -3.266013684128285500e-04 -2.481056889606022566e-04 -1.775867528715209076e-04 -1.251709436843790896e-04 -9.285243729707491904e-05 -7.641006337340970525e-05 -6.897364251440965609e-05 -6.426070921769929626e-05 -5.842879033835248582e-05 -5.038364571867274736e-05 -4.100616039027171566e-05 -3.195839336433278712e-05 -2.465263153595908759e-05 -1.969850006981422195e-05 -1.686300295935885354e-05 -1.538353066647419470e-05 -1.439400377794366606e-05 -1.326501795183029182e-05 -1.175214964363239255e-05 -9.953469605439778064e-06 -8.149602430545637024e-06 -6.621956406576227115e-06 -5.526335857983648223e-06 -4.854596392855846863e-06 -4.474454139954810981e-06 -4.209661812276730401e-06 -3.917399713867774333e-06 -3.532741058077344842e-06 -3.070769313552127267e-06 -2.596439345769982312e-06 -2.182337070321758863e-06 -1.874300529715939678e-06 -1.676797741084902286e-06 -1.559079480388730023e-06 -1.474619869882738992e-06 -1.382730044678577836e-06 -1.262981747134842333e-06 -1.118155453430178836e-06 -9.670504199255372893e-07 -8.323566133808366199e-07 -7.296482565293266636e-07 -6.617977556891368664e-07 -6.199374218682640329e-07 -5.892975600684968604e-07 -5.559154366560015325e-07 -5.137403180326858188e-07 -4.587336929140925767e-07 -4.141765631832525539e-07 -3.586957468975133876e-07 -2.441999413673531342e-07 -2.216010257505769231e-07 -1.983810296045440183e-07 -1.875377388816005181e-07 -1.776230599737331718e-07 -1.654447881719936485e-07 -1.515654855705627234e-07 -1.311214138336578629e-07 -1.504165260788554758e-07
-1.966702110566213163e-02 -2.195890711714459584e-02 -3.791524693133144913e-02 -4.975279814796770839e-02 -5.700445178622916970e-02 -5.675861532461272396e-02 -4.727438849697166573e-02 -3.007596645568049593e-02 -1.399862238577970729e-02 -2.133325703681031998e-02 -9.802228686903213806e-02 -3.266529938990532789e-01 -8.681746867824781111e-01 -1.929684505930134630e+00 -4.302368190524628488e+00 -7.190118575733408512e+00 -2.170951343689005242e+01 -1.564318029130703724e+00 -2.356889377845733407e+02 7.576349960042681460e+02 -5.632931784674729897e+03 2.367738977767531105e+04 -5.248707916914859197e+03 7.031763604274901809e+02 -1.865374795422258956e+02 6.476350525030408534e+00 -1.219204866519910624e+01 -2.758222387005373033e+00 -1.640353784222105649e+00 -5.980350419359802272e-01 -2.376642989046696686e-01 -7.721244171460980854e-02 -2.309947346010304131e-02 -8.295069390985390298e-03 -6.846011498487642594e-03 -7.790736018757079585e-03 -7.837457402674557691e-03 -6.685989641215786886e-03 -4.952502142162518856e-03 -3.261833834489246808e-03 -1.967856293502151434e-03 -1.154525583541350436e-03 -7.369367146048359102e-04 -5.676740173438640834e-04 -5.107035067771454684e-04 -4.759710839604930181e-04 -4.231446560955873367e-04 -3.482370048514473620e-04 -2.652202502047218348e-04 -1.907166255408291320e-04 -1.352436150476390455e-04 -1.008567804463886654e-04 -8.313933324911601064e-05 -7.491292938433273454e-05 -6.960915957683220731e-05 -6.320178931013010744e-05 -5.453146563177627007e-05 -4.450304194622007453e-05 -3.484242785160148132e-05 -2.702106531886052377e-05 -2.167694941350833531e-05 -1.856972790239327237e-05 -1.690443687275413484e-05 -1.577472489241499957e-05 -1.451815850501527614e-05 -1.287273102720839849e-05 -1.093473374660876926e-05 -8.993525166350302730e-06 -7.342343166924248555e-06 -6.145677320177711090e-06 -5.397735930808879730e-06 -4.962412854032997394e-06 -4.655968403133339740e-06 -4.327710203460924771e-06 -3.907123256609793327e-06 -3.407193563589735055e-06 -2.893937587189773940e-06 -2.442775239607878490e-06 -2.102460968946754624e-06 -1.879154763354577794e-06 -1.742038980084837714e-06 -1.643022445836936718e-06 -1.539144462796102910e-06 -1.407910613919194184e-06 -1.250907764893974413e-06 -1.086829497759591486e-06 -9.391221994814936462e-07 -8.244500903342052234e-07 -7.466649190124370841e-07 -6.969708014193901731e-07 -6.616206536933593637e-07 -6.211210890659623985e-07 -5.856482574791564633e-07 -5.229602340123576490e-07 -3.798277084538354136e-07 -3.282435281854656652e-07 -2.767918309714622460e-07 -2.475701657762152777e-07 -2.310069157717088033e-07 -2.216419668398298613e-07 -2.126424800594047499e-07 -2.021622560677200554e-07 -1.802897529419897963e-07 -2.082526807721332211e-07
-4.419342830990769834e-03 -1.291948925645566675e-02 -2.300285839941328472e-02 -3.403928388414667605e-02 -4.475316541282436250e-02 -5.257887699588194991e-02 -5.432858889302628197e-02 -4.753610373179616849e-02 -3.288057813388973322e-02 -1.816872364278818847e-02 -2.446052291838594558e-02 -9.622789457431109306e-02 -3.143890103851838536e-01 -8.377296304216785838e-01 -1.871933632081278942e+00 -4.201791467601389662e+00 -7.043690827898993589e+00 -2.144384669934057897e+01 -1.357888814017621959e+00 -2.347714229321608741e+02 7.572891181715490347e+02 -5.633240797053614187e+03 2.371598834894979518e+04 -5.265847272960158080e+03 7.054080602117355738e+02 -1.877759174317803001e+02 6.357900754189202530e+00 -1.235470780198799723e+01 -2.819269613098844385e+00 -1.673208512951699589e+00 -6.120899239446121465e-01 -2.435878284532001226e-01 -7.942947388515643470e-02 -2.393156480519401802e-02 -8.714095943506838457e-03 -7.199845842778604572e-03 -8.148453012265475040e-03 -8.175495453358530909e-03 -6.970563258842464756e-03 -5.167601458386532690e-03 -3.410861179690513178e-03 -2.065753251236753657e-03 -1.219104121040027111e-03 -7.830671371348422484e-04 -6.049312848366002280e-04 -5.436263998337594874e-04 -5.056640061872258235e-04 -4.491177198171117488e-04 -3.698106167355936233e-04 -2.822526483177839867e-04 -2.037313535831462602e-04 -1.451920189164912186e-04 -1.087669144950084146e-04 -8.983524336102257355e-05 -8.088690616810875484e-05 -7.504238212575848948e-05 -6.807672048971488991e-05 -5.876585236164797550e-05 -4.805184926441313906e-05 -3.774292921627393896e-05 -2.938478758639630632e-05 -2.364986970489891513e-05 -2.028666083341520941e-05 -1.845758843350340351e-05 -1.720485593405606071e-05 -1.582583172042335642e-05 -1.404011683873013386e-05 -1.194702247272235342e-05 -9.852053618647038484e-06 -8.066716346072565306e-06 -6.767087521569051050e-06 -5.948463507436072638e-06 -5.466724752722447640e-06 -5.125795090699510185e-06 -4.763784214008853762e-06 -4.303950513700098305e-06 -3.759065171886326074e-06 -3.199397158527313885e-06 -2.706124391653072443e-06 -2.332363394347592555e-06 -2.085543991100762402e-06 -1.932959459637204213e-06 -1.822728879068961161e-06 -1.708007586575338432e-06 -1.563834039776760852e-06 -1.391407211516470013e-06 -1.210783212247528013e-06 -1.047661061178930452e-06 -9.202659658183577010e-07 -8.346472532739280338e-07 -7.763051047202067790e-07 -7.486824181392648040e-07 -7.007979392046262890e-07 -5.581905913119490763e-07 -4.990094841698837872e-07 -4.234273630820774829e-07 -3.628215902572718710e-07 -3.170060530550494457e-07 -2.882265010468783441e-07 -2.725608586314382755e-07 -2.631273788742968391e-07 -2.560583744417520962e-07 -2.347934900573334442e-07 -2.778603915811208933e-07
5.397320247608375365e-03 -4.437883758939015037e-03 -8.664508947206736242e-03 -1.667268160123005702e-02 -2.714941459853786876e-02 -3.854403994910797493e-02 -4.796474020409267208e-02 -5.190429201925054331e-02 -4.752194183679057243e-02 -3.499399916192864890e-02 -2.141562939429947354e-02 -2.686753698286049874e-02 -9.453496853280718426e-02 -3.037893128616184213e-01 -8.113815048981714018e-01 -1.821574750380726471e+00 -4.113434543231766050e+00 -6.914026917948907780e+00 -2.120876279272649612e+01 -1.169277267947774979e+00 -2.339871006672198632e+02 7.571497338794467851e+02 -5.634752385021705777e+03 2.375661165016075756e+04 -5.282750099093283097e+03 7.076201303942119694e+02 -1.889613656935427457e+02 6.249006283738028245e+00 -1.250887122426510878e+01 -2.877015832856326671e+00 -1.704402558517892796e+00 -6.254583375360670550e-01 -2.492338663806284993e-01 -8.154584902510385314e-02 -2.472692333775299012e-02 -9.115683045915125293e-03 -7.540314307322622429e-03 -8.493653453681582199e-03 -8.502280273126872762e-03 -7.245964784993412858e-03 -5.375920303668948672e-03 -3.555308958618630302e-03 -2.160815830719267638e-03 -1.282077302426331330e-03 -8.283595636463724973e-04 -6.417575070964098545e-04 -5.762768650717193597e-04 -5.351012928376711704e-04 -4.748009395354162577e-04 -3.910748813796725777e-04 -2.990046537637544620e-04 -2.165446097654815348e-04 -1.550451499184088270e-04 -1.166825288427037648e-04 -9.660420152404292169e-05 -8.695598066835199505e-05 -8.055288406481179195e-05 -7.298988002619239584e-05 -6.300045859660916014e-05 -5.158059017227720926e-05 -4.062647156427540124e-05 -3.175264078618267728e-05 -2.565389096760691614e-05 -2.205504058571098496e-05 -2.006829997798943106e-05 -1.868403232017457825e-05 -1.716513479378419633e-05 -1.522121809633471063e-05 -1.296172549232328247e-05 -1.071138785849108879e-05 -8.798439340666583898e-06 -7.405831082817458140e-06 -6.524594827491970441e-06 -5.998979926590695258e-06 -5.619937236308513271e-06 -5.216503315330171967e-06 -4.709242317951710796e-06 -4.113919519119456934e-06 -3.506624743603738499e-06 -2.973810950343112642e-06 -2.570949138523339279e-06 -2.304300937363379694e-06 -2.137512057937740307e-06 -2.014482104066949305e-06 -1.885370634415053103e-06 -1.724357160485535787e-06 -1.533886467712985935e-06 -1.335892273504156359e-06 -1.159643669128376097e-06 -1.018659391486283155e-06 -9.387142234745850817e-07 -8.715176783074300845e-07 -7.276814247438535271e-07 -6.841497239607623632e-07 -6.155465798545613307e-07 -5.460711495791413121e-07 -4.753196511643392167e-07 -4.134431771481904906e-07 -3.668548655140473005e-07 -3.372858832196636674e-07 -3.205531498463107289e-07 -3.132380528460962799e-07 -2.921639044894068662e-07 -3.557853524296689096e-07
8.354061087836730376e-03 1.168824058357660449e-03 9.595155193528702572e-04 -3.504065152706609728e-03 -1.144421454514750643e-02 -2.237885668676558096e-02 -3.451388400005991897e-02 -4.497755430126890164e-02 -5.026765182782449992e-02 -4.745475215696679655e-02 -3.642837850836249530e-02 -2.372136305026910710e-02 -2.853489912979259233e-02 -9.284280639065803364e-02 -2.945361503132793990e-01 -7.884410475300537291e-01 -1.777425264666959492e+00 -4.035438062070058507e+00 -6.798730954951814454e+00 -2.100018190079204672e+01 -9.963288521443999235e-01 -2.333208664536441006e+02 7.571966167467422792e+02 -5.637372581705788434e+03 2.379924599582516748e+04 -5.299498326445195744e+03 7.098216748777016392e+02 -1.901016775581465765e+02 6.148721343202207201e+00 -1.265552681316840378e+01 -2.931800965615176668e+00 -1.734101709228044408e+00 -6.382045697397974449e-01 -2.546280849251208456e-01 -8.357141752567788517e-02 -2.548966148076059479e-02 -9.501659056139590345e-03 -7.868113485842355426e-03 -8.826388017383404727e-03 -8.817598101209234845e-03 -7.512042272065568016e-03 -5.577557141860864549e-03 -3.695533181378333337e-03 -2.253522266013007185e-03 -1.343860952891476768e-03 -8.730283735167321691e-04 -6.781268346776588365e-04 -6.084499782846666555e-04 -5.640168284927968029e-04 -4.999830029095283720e-04 -4.119412040325700600e-04 -3.155130790218537980e-04 -2.292690743750298334e-04 -1.649213658797947795e-04 -1.246702327701214124e-04 -1.034376127794320879e-04 -9.304968630602802285e-05 -8.604546895632813653e-05 -7.786203153197292259e-05 -6.719851163975956070e-05 -5.509889625357322884e-05 -4.353310460795549496e-05 -3.416962991775453163e-05 -2.771647759975032999e-05 -2.387415106301297155e-05 -2.171117473800265822e-05 -2.017574754707333485e-05 -1.850452323161247059e-05 -1.640075088087543424e-05 -1.398236957227688608e-05 -1.158808332676348663e-05 -9.556854276555153523e-06 -8.074437690863801940e-06 -7.126860407571983092e-06 -6.549084547913829609e-06 -6.123005896663216497e-06 -5.672153818010830651e-06 -5.116150389046357013e-06 -4.473238782169205076e-06 -3.823127778051054536e-06 -3.254865544056001488e-06 -2.824342677737972711e-06 -2.536176588528093862e-06 -2.351335720665854528e-06 -2.211260695181508304e-06 -2.064902934084255820e-06 -1.886152357093035887e-06 -1.680124920460888195e-06 -1.463845725609049537e-06 -1.289111243618863119e-06 -1.134402912939559725e-06 -9.255470396582183235e-07 -8.618071924706699415e-07 -7.987212036969277151e-07 -7.448164715340957565e-07 -6.819038890823321422e-07 -6.105962682094267155e-07 -5.377023015328070565e-07 -4.730657525331015028e-07 -4.241521535449583643e-07 -3.921841052073784645e-07 -3.775531972337511223e-07 -3.525126403284373620e-07 -4.385586716971272011e-07
5.845245401811742514e-03 3.283790156737510964e-03 4.713954140954114934e-03 3.094661450732400475e-03 -1.568464626635791533e-03 -9.579140856006978719e-03 -2.037730044529423648e-02 -3.239886229901541015e-02 -4.300531737152923917e-02 -4.885989925030629483e-02 -4.703052760189239956e-02 -3.716354490832344398e-02 -2.525947391051767271e-02 -2.967967980783773468e-02 -9.125033911471065740e-02 -2.864688959993276773e-01 -7.683737518032711655e-01 -1.738504869035703670e+00 -3.966252652357289410e+00 -6.695805063362029408e+00 -2.081472197552572467e+01 -8.372000709213424097e-01 -2.327601483499141466e+02 7.574131452747653839e+02 -5.641022882386757374e+03 2.384388262427715017e+04 -5.316161806441737099e+03 7.120205274837875322e+02 -1.912035929188414798e+02 6.056225526036774554e+00 -1.279553652039080092e+01 -2.983927494568874295e+00 -1.762456342374144169e+00 -6.503885937630169423e-01 -2.597944639571619918e-01 -8.551448782639271828e-02 -2.622209943575874724e-02 -9.872285303721556327e-03 -8.183082662819318037e-03 -9.146705171591506395e-03 -9.121869113590506256e-03 -7.769496344585570882e-03 -5.773280279647176501e-03 -3.832149173873243466e-03 -2.344194931593181902e-03 -1.404466376876825802e-03 -9.168640774755810541e-04 -7.137542145945358638e-04 -6.399202894063862109e-04 -5.923213154954855677e-04 -5.247127436105834689e-04 -4.325405362737004978e-04 -3.319129277089074323e-04 -2.419806877378848271e-04 -1.748123870989916069e-04 -1.326529562586183000e-04 -1.102310134150083845e-04 -9.908113291196226117e-05 -9.147993439176697276e-05 -8.270387338958832386e-05 -7.140396173700591805e-05 -5.865600652778652613e-05 -4.649273366731344014e-05 -3.663474617909771966e-05 -2.980961349904447935e-05 -2.570386546850446759e-05 -2.335156195230085193e-05 -2.166315813852866539e-05 -1.984771550266430703e-05 -1.759665395396933747e-05 -1.502992081768628251e-05 -1.249566278373051324e-05 -1.034261580062880043e-05 -8.761773708423841348e-06 -7.738376809308879396e-06 -7.102003153419358220e-06 -6.627461430314548783e-06 -6.132277072414351978e-06 -5.532777719007350505e-06 -4.846782105123357332e-06 -4.155501887160129914e-06 -3.550040288793029438e-06 -3.087742376412849870e-06 -2.773485485647546493e-06 -2.567504549120376371e-06 -2.409411576861933342e-06 -2.248497605347510346e-06 -2.051038868682128653e-06 -1.845288720548105164e-06 -1.610671656870780132e-06 -1.291666453420897682e-06 -1.136150446998774713e-06 -1.012023061526070688e-06 -9.360463029868448937e-07 -8.795023353102580114e-07 -8.244445572076079370e-07 -7.596375073176729314e-07 -6.848939068499619026e-07 -6.079805555726977396e-07 -5.395722927797021489e-07 -4.867662035221510792e-07 -4.565968302899278248e-07 -4.200073005932211259e-07 -5.254399889397804955e-07
9.009753970382784879e-04 2.596772443612838099e-03 3.750112399110067368e-03 3.741339922408908579e-03 1.904561659162230585e-03 -2.449948170255204002e-03 -9.717209302653594116e-03 -1.963116402462831284e-02 -3.093086148003332952e-02 -4.123333533619452651e-02 -4.734018780696403611e-02 -4.628319020777381387e-02 -3.745325008199772848e-02 -2.634351124554256199e-02 -3.054007904290040668e-02 -8.981990846504098180e-02 -2.794041080824116174e-01 -7.506947445963879639e-01 -1.703986556150668408e+00 -3.904607092831844817e+00 -6.603613097479468230e+00 -2.064959162362250211e+01 -6.903254034513459647e-01 -2.322944034731777094e+02 7.577855609963554571e+02 -5.645637284272124816e+03 2.389051672134150067e+04 -5.332800547788730910e+03 7.142234768985475739e+02 -1.922729372422790561e+02 5.970798541588227870e+00 -1.292965925643873071e+01 -3.033665792048181764e+00 -1.789601152201107492e+00 -6.620634520333223971e-01 -2.647530285763443625e-01 -8.738102933744952561e-02 -2.692546754803507025e-02 -1.022780533656701164e-02 -8.485758979201826757e-03 -9.455580861786824082e-03 -9.416230669004210796e-03 -8.019291290449580625e-03 -5.963668786525027493e-03 -3.965315877237878331e-03 -2.432684799032023767e-03 -1.463619096226399666e-03 -9.596361219389032415e-04 -7.485508365659491710e-04 -6.707494175235154338e-04 -6.201668930777222465e-04 -5.491464427328407623e-04 -4.529629807139786183e-04 -3.481999949868876316e-04 -2.545979783556899891e-04 -1.846053607559490245e-04 -1.405363028578389840e-04 -1.169407649415479990e-04 -1.050622592887573534e-04 -9.690453603804873907e-05 -8.756937835664698529e-05 -7.564956712000832383e-05 -6.225082724881541077e-05 -4.947472066833708692e-05 -3.910411227761644780e-05 -3.189539797206420368e-05 -2.752571096605748211e-05 -2.499340413239446623e-05 -2.316569141640701391e-05 -2.121741971817308619e-05 -1.882351735601457503e-05 -1.610496064729357912e-05 -1.342189222593653579e-05 -1.113725649401509415e-05 -9.451403992251047778e-06 -8.350874737121362991e-06 -7.659343296069899719e-06 -7.142039716214700879e-06 -6.607402858864121450e-06 -5.966214916163152150e-06 -5.235297232870519264e-06 -4.498473770006208471e-06 -3.850943427111344951e-06 -3.353591127558639047e-06 -3.012230430610835473e-06 -2.788031883043750906e-06 -2.610891922759788539e-06 -2.452504283876561994e-06 -2.236365134710935331e-06 -1.873316199426346753e-06 -1.633915448249242053e-06 -1.401845666777747265e-06 -1.228820744835483719e-06 -1.109010365334822280e-06 -1.030818085429023462e-06 -9.725964576100394543e-07 -9.146384233184145476e-07 -8.459144164466900383e-07 -7.664073010483159191e-07 -6.846727386236365655e-07 -6.109573205625038126e-07 -5.594887393817194418e-07 -5.026159488093831820e-07 -6.206168550533707863e-07
-3.626132581435968609e-03 4.685375021591425457e-04 3.697830900492892533e-04 7.897942000745470119e-04 7.177663962493123322e-04 -5.698323301412200684e-04 -3.963377068969112238e-03 -1.009700256449307804e-02 -1.895257132209018230e-02 -2.949016559699049397e-02 -3.948932341105941546e-02 -4.582191349899890354e-02 -4.545909440269410573e-02 -3.756009875354887617e-02 -2.717660153002584428e-02 -3.121527789122522517e-02 -8.851732652830374137e-02 -2.731450685061512229e-01 -7.350024287887353402e-01 -1.673215489691997737e+00 -3.849486653570179495e+00 -6.520821337562741071e+00 -2.050246693133527032e+01 -5.543559683226301216e-01 -2.319147144776471521e+02 7.583024044614473951e+02 -5.651159994868282411e+03 2.393914667418532918e+04 -5.349466488645576646e+03 7.164364416098917445e+02 -1.933147782332278553e+02 5.891805341345654590e+00 -1.305856381517875775e+01 -3.081255074160023977e+00 -1.815654523547227450e+00 -6.732750514788164997e-01 -2.695208847999194801e-01 -8.917647125704501743e-02 -2.760164723278467694e-02 -1.056947005834047229e-02 -8.777460306500119505e-03 -9.754260358634988734e-03 -9.701585879972786028e-03 -8.261867001712419264e-03 -6.148768840168405102e-03 -4.094871164758797678e-03 -2.518817790376181621e-03 -1.521260433098866422e-03 -1.001429560546422941e-03 -7.826926628499911295e-04 -7.011161309452472673e-04 -6.476601491841369298e-04 -5.732874350535360720e-04 -4.731263601679373950e-04 -3.642561431977183622e-04 -2.670212168425081865e-04 -1.942545478786033121e-04 -1.483342404817671154e-04 -1.236199427434284039e-04 -1.110521623371996927e-04 -1.023551867906371350e-04 -9.245756449583179164e-05 -7.990215394684329166e-05 -6.583573857205202336e-05 -5.243790352277651377e-05 -4.155764956578516156e-05 -3.397807906617557561e-05 -2.936072664725908424e-05 -2.666127418052575753e-05 -2.469908345433177507e-05 -2.261415566376289636e-05 -2.006795775052803464e-05 -1.718735850691584845e-05 -1.434886551947431889e-05 -1.193174221349194675e-05 -1.014501106734193182e-05 -8.973762930462007717e-06 -8.232452008287707374e-06 -7.674355796812047848e-06 -7.098274051756679385e-06 -6.410688712248550820e-06 -5.629643842514696888e-06 -4.843817074972856303e-06 -4.153212358565651608e-06 -3.624027607758964213e-06 -3.254514164890570501e-06 -3.030513227693503834e-06 -2.834440431112448431e-06 -2.508587102035696101e-06 -2.287981351342174372e-06 -2.017328061010791815e-06 -1.755389634837306514e-06 -1.523321389206295371e-06 -1.343662781402543652e-06 -1.219288642660586178e-06 -1.136996936698585744e-06 -1.074894596248283523e-06 -1.012613439529244179e-06 -9.388309318632441906e-07 -8.539661126917416270e-07 -7.658559753716386844e-07 -6.931613220226103523e-07 -6.096979141385948299e-07 -7.334415461465908884e-07
-5.931015686104077617e-03 -1.729802066147788538e-03 -3.116604761024806790e-03 -3.043783018970293644e-03 -2.482056128130823505e-03 -1.959954596813296129e-03 -2.420824058424601768e-03 -4.874718921836206434e-03 -1.008171949819987659e-02 -1.814351022586029732e-02 -2.813637246524216748e-02 -3.793965295765867191e-02 -4.448039722133165230e-02 -4.469681846388380564e-02 -3.757628218699701761e-02 -2.780938439604348569e-02 -3.171463374787424766e-02 -8.729429539719185671e-02 -2.675493826784031692e-01 -7.210038550165747129e-01 -1.645686685641911229e+00 -3.800070465478368131e+00 -6.446317284443747297e+00 -2.037138064320499353e+01 -4.281126028053408583e-01 -2.316134889735400861e+02 7.589540664991054655e+02 -5.657543641718878462e+03 2.398977350196407497e+04 -5.366204902116314770e+03 7.186646165383482412e+02 -1.943335457605613783e+02 5.818687645737493419e+00 -1.318283910874859544e+01 -3.126906460815642053e+00 -1.840721299640222464e+00 -6.840647392571864716e-01 -2.741143518532572210e-01 -9.090688700585995707e-02 -2.825326443897241066e-02 -1.089880388701497047e-02 -9.059232630351280249e-03 -1.004339235689206966e-02 -9.978231075749494083e-03 -8.497293812802753435e-03 -6.328588215603393220e-03 -4.220883690175160873e-03 -2.602762813791776372e-03 -1.577620053170032677e-03 -1.042456396011655090e-03 -8.163047481212473613e-04 -7.310312746564776162e-04 -6.747192402921983051e-04 -5.970149370668625683e-04 -4.929291559411067307e-04 -3.800370478429824584e-04 -2.792692293204984211e-04 -2.038197363223983932e-04 -1.561120175780936561e-04 -1.303080160795877344e-04 -1.170500235648121694e-04 -1.077961090907711617e-04 -9.731703343890408793e-05 -8.411736490991983460e-05 -6.938922745880029869e-05 -5.538707078171819766e-05 -4.401824627084038812e-05 -3.608427780782559445e-05 -3.122589052802684232e-05 -2.835563667036250667e-05 -2.624874442681592306e-05 -2.401605003633624830e-05 -2.131053558834464443e-05 -1.826729436462712529e-05 -1.527836297406490629e-05 -1.273620489396213455e-05 -1.085481172101988609e-05 -9.615212987047292033e-06 -8.822068135389048925e-06 -8.218109498998537151e-06 -7.594961261314300996e-06 -6.857267306219850962e-06 -6.025073970634634718e-06 -5.193801765713165833e-06 -4.459102690695055354e-06 -3.917957552981890525e-06 -3.520538437904073409e-06 -3.113701437043032623e-06 -2.913601214216543020e-06 -2.689420869175082378e-06 -2.445480265383338326e-06 -2.173421520144104389e-06 -1.900724793225915663e-06 -1.659092398653272551e-06 -1.470783118172690880e-06 -1.339472520133883615e-06 -1.251528275546468362e-06 -1.184327975120211105e-06 -1.116761554076134208e-06 -1.037496106180318573e-06 -9.456632044517831686e-07 -8.587671864426329643e-07 -7.481188895725890823e-07 -8.759413908417495332e-07
-5.638130741630659540e-03 -3.064279182443334793e-03 -5.169275760939177206e-03 -5.718368466148684472e-03 -5.355757250717588236e-03 -4.329247580323713172e-03 -3.326752728243805197e-03 -3.285017245461080600e-03 -5.212286778225750337e-03 -9.878507319685132446e-03 -1.743100344634226917e-02 -2.702963404769334957e-02 -3.665670389678705315e-02 -4.332306252337031482e-02 -4.397848080876625571e-02 -3.749210369233012957e-02 -2.825330523829242685e-02 -3.205837223149581722e-02 -8.614486239581028992e-02 -2.625346652885439114e-01 -7.084802203935810505e-01 -1.620988318234721559e+00 -3.755667225758921646e+00 -6.379151598952875979e+00 -2.025465265711539331e+01 -3.105660002934521602e-01 -2.313842353577374524e+02 7.597324362173560530e+02 -5.664747848087224156e+03 2.404240042736282703e+04 -5.383055515601050502e+03 7.209125956723298714e+02 -1.953331288946783957e+02 5.750954344385971417e+00 -1.330300630365131731e+01 -3.170808591199501869e+00 -1.864896493556027268e+00 -6.944710897802852667e-01 -2.785492284640511684e-01 -9.257822587872956144e-02 -2.888253732875142171e-02 -1.121665501029609803e-02 -9.331446288548893297e-03 -1.032320598991495232e-02 -1.024640375650281987e-02 -8.725879747839055192e-03 -6.503498713634057148e-03 -4.343729865022840850e-03 -2.684822838963757310e-03 -1.632869340100299820e-03 -1.082744007415973068e-03 -8.493061813000730206e-04 -7.603705529548759109e-04 -7.012417097059475647e-04 -6.202890233323530818e-04 -5.123991862881435190e-04 -3.956132351706919022e-04 -2.914164567028952992e-04 -2.133457130546241739e-04 -1.638696466951605020e-04 -1.369666099135063671e-04 -1.230004594133637778e-04 -1.131796443944746650e-04 -1.021249593167407099e-04 -8.830084702558940258e-05 -7.293642786780942780e-05 -5.835123901527463795e-05 -4.650433732803631347e-05 -3.821446841605743771e-05 -3.310535930770445502e-05 -3.005278285294213920e-05 -2.779362554803168167e-05 -2.541247466457008684e-05 -2.255316384997699825e-05 -1.935569284745905207e-05 -1.622354203336646042e-05 -1.355941718161267217e-05 -1.158154683253797057e-05 -1.026837112020631867e-05 -9.417431335082217771e-06 -8.763627062344588628e-06 -8.092312908667392750e-06 -7.308361321861119917e-06 -6.424006255791554999e-06 -5.568712532298798363e-06 -4.790355512464284481e-06 -4.040555277490378063e-06 -3.630902741366218008e-06 -3.330841277391264066e-06 -3.106674921062813656e-06 -2.883131191083994476e-06 -2.628577572669713035e-06 -2.344825259736045606e-06 -2.059220094107806075e-06 -1.805483428432841180e-06 -1.606859104442964889e-06 -1.467282981429425489e-06 -1.372669359554458794e-06 -1.299539522611013372e-06 -1.226426868676795073e-06 -1.139964658746593905e-06 -1.050306870491407926e-06 -9.186137137669143910e-07 -1.058148506448686762e-06
-3.533206247021804594e-03 -3.217645069334948253e-03 -5.298068375772833384e-03 -6.346437528486880905e-03 -6.571205849548344101e-03 -5.970661532759815801e-03 -4.850761181442524508e-03 -3.803746034752801975e-03 -3.675436142956235632e-03 -5.406794634172558574e-03 -9.753689871354267668e-03 -1.691215773704262196e-02 -2.614368401609638501e-02 -3.555639370843301228e-02 -4.226762322874718508e-02 -4.326143918813592920e-02 -3.731529607402492288e-02 -2.855280229535845857e-02 -3.229663252100541809e-02 -8.508423928096928157e-02 -2.580371795121669809e-01 -6.972427660598282673e-01 -1.598764815480787638e+00 -3.715685583602415853e+00 -6.318514223509293259e+00 -2.015084965072098200e+01 -2.008239202137254154e-01 -2.312213801379631661e+02 7.606306336447552212e+02 -5.672738084811220688e+03 2.409703255058834839e+04 -5.400053414720358887e+03 7.231844690343272077e+02 -1.963169593657022745e+02 5.688170111677559149e+00 -1.341953044528755079e+01 -3.213131906667106463e+00 -1.888266716245958543e+00 -7.045294661439753803e-01 -2.828396726450802534e-01 -9.419531553991185302e-02 -2.949084890642788420e-02 -1.152339757232840635e-02 -9.594401777423095315e-03 -1.059417841061009030e-02 -1.050672286884662791e-02 -8.948252894476871333e-03 -6.674005795041074857e-03 -4.463714159234898407e-03 -2.765095001760254235e-03 -1.686953421026369301e-03 -1.122172334021925410e-03 -8.815939759477228787e-04 -7.890980158420821079e-04 -7.272658503634130914e-04 -6.431944118958505792e-04 -5.316243389397852731e-04 -4.110386073660757993e-04 -3.034663493806624333e-04 -2.227928282097406203e-04 -1.715481508380917099e-04 -1.435447301693113594e-04 -1.288792850068621698e-04 -1.185124463593368140e-04 -1.069090681365954081e-04 -9.248443976751502397e-05 -7.649760146669336855e-05 -6.133111672076892737e-05 -4.899889486660219303e-05 -4.034307089257788983e-05 -3.497640936071382293e-05 -3.174124225225241055e-05 -2.933579554295507593e-05 -2.681521645796620902e-05 -2.381002416921258134e-05 -2.046199102454524990e-05 -1.718516921520062742e-05 -1.439395638057709997e-05 -1.231358784485309060e-05 -1.092278536991542453e-05 -1.001296736828422179e-05 -9.313469986302382324e-06 -8.592922920505369983e-06 -7.785709010445707171e-06 -6.849803584383618175e-06 -5.759447966170302757e-06 -4.953958717876415232e-06 -4.306700062569128430e-06 -3.863586129617584986e-06 -3.561671759792543183e-06 -3.327152706872416679e-06 -3.093188566273040765e-06 -2.825723408537237530e-06 -2.527560856975287755e-06 -2.227272454539792994e-06 -1.960012794477114081e-06 -1.749962058407483393e-06 -1.601253149848173063e-06 -1.499249431366180002e-06 -1.420096194296517570e-06 -1.339563372890580991e-06 -1.257000790824315206e-06 -1.114551069422798770e-06 -1.283190873814627460e-06
-8.942862343969259099e-04 -2.410477128304883056e-03 -3.906153752595053000e-03 -5.130409849088212772e-03 -5.929124846188459606e-03 -6.145626820436359862e-03 -5.739475148984141822e-03 -4.889204107605753594e-03 -4.065273163383666295e-03 -4.018598913970028094e-03 -5.645167388950710595e-03 -9.715401438318367958e-03 -1.649676130217653594e-02 -2.536329864325002209e-02 -3.454923841238734250e-02 -4.127411172810340617e-02 -4.255572496287150785e-02 -3.709065265040141501e-02 -2.876412793129497908e-02 -3.247107069120694356e-02 -8.411277793267862846e-02 -2.539883555298250717e-01 -6.871221515750766118e-01 -1.578712915817731322e+00 -3.679627378612945421e+00 -6.263720126614807704e+00 -2.005874790144802944e+01 -9.811038393783962086e-02 -2.311201122576810292e+02 7.616428035191454455e+02 -5.681484743621342204e+03 2.415367659271508819e+04 -5.417229783533423870e+03 7.254838984429336506e+02 -1.972880819557711050e+02 5.629946377804538216e+00 -1.353282830417676585e+01 -3.254030122535307878e+00 -1.910909919665928269e+00 -7.142712884089934544e-01 -2.869978722313175634e-01 -9.576213034758770948e-02 -3.007942461363595152e-02 -1.181966503479562995e-02 -9.848810240088799045e-03 -1.085712288885790251e-02 -1.075993578663039102e-02 -9.164946758364215379e-03 -6.840378846803880745e-03 -4.580887729346286991e-03 -2.843512832267211608e-03 -1.739792469487518077e-03 -1.160717257734773323e-03 -9.132179986341380784e-04 -8.173127321858848901e-04 -7.528946209712505944e-04 -6.657972650002591313e-04 -5.506151954950264842e-04 -4.262754836872396143e-04 -3.153585977430221378e-04 -2.321080113341864590e-04 -1.791225455837797164e-04 -1.500502726071248501e-04 -1.347170051263205830e-04 -1.238294302081813583e-04 -1.116917535226136482e-04 -9.666937401893337036e-05 -8.005474774311458104e-05 -6.429937272803264452e-05 -5.147757393611530343e-05 -4.245780203463602842e-05 -3.684130485042969852e-05 -3.343372486523824374e-05 -3.089053108738778260e-05 -2.823443667081529512e-05 -2.508194052149824709e-05 -2.157819773461919799e-05 -1.815072721591789982e-05 -1.522856892911205190e-05 -1.304492604300610452e-05 -1.158118139310340316e-05 -1.061145789595613948e-05 -9.890907685525908633e-06 -9.121862952859496334e-06 -8.065204307428469859e-06 -7.095146775101940419e-06 -6.103640493524129299e-06 -5.248587344946125496e-06 -4.587309765951260201e-06 -4.125530985859236777e-06 -3.809917517804338733e-06 -3.562592141786525749e-06 -3.315296977388360570e-06 -3.033022763185467712e-06 -2.718936040135605106e-06 -2.402779807425370008e-06 -2.121045068686558009e-06 -1.898829500226918647e-06 -1.740363747139215147e-06 -1.631053818862751884e-06 -1.543782000892909601e-06 -1.469316897292956983e-06 -1.324593325368509964e-06 -1.544851811805114370e-06
1.111353312816699664e-03 -1.164799205558964164e-03 -1.870476048737262096e-03 -2.945037030029289994e-03 -4.055870494133724871e-03 -5.001996988554396201e-03 -5.531163752126134342e-03 -5.496468587094491091e-03 -4.976575952740599530e-03 -4.363841397931878668e-03 -4.362756916194956459e-03 -5.860627867718524835e-03 -9.659028223540184685e-03 -1.609376878281667742e-02 -2.463480238756935586e-02 -3.362129042463730955e-02 -4.035853538105003274e-02 -4.189373341493424913e-02 -3.685454940292838544e-02 -2.891741832015875743e-02 -3.259560223904763021e-02 -8.321509405244043034e-02 -2.503244821022561628e-01 -6.779784282777091553e-01 -1.560583622272144311e+00 -3.647076576818569116e+00 -6.214187039345918429e+00 -1.997729327268059762e+01 -1.742549142409738870e-03 -2.310762569008764729e+02 7.627639472585848353e+02 -5.690962389035240449e+03 2.421234069054197971e+04 -5.434612512989557217e+03 7.278141805952068353e+02 -1.982492107411682980e+02 5.575936094505134832e+00 -1.364327337277017271e+01 -3.293641102135370424e+00 -1.932895882451217018e+00 -7.237246488764855767e-01 -2.910349079960835583e-01 -9.728262964900026566e-02 -3.064986375128262580e-02 -1.210644438866505593e-02 -1.009551516510705065e-02 -1.111273648432984686e-02 -1.100651712245741438e-02 -9.376205362480799152e-03 -7.002699572454818173e-03 -4.695268878500569870e-03 -2.920111177709390146e-03 -1.791471196334913163e-03 -1.198500317353360517e-03 -9.442975396036645689e-04 -8.450930386039288587e-04 -7.781467855867747361e-04 -6.880643764382003312e-04 -5.693133522840179315e-04 -4.412718126351839951e-04 -3.270698038536193385e-04 -2.413019218958462823e-04 -1.866269146057630715e-04 -1.565215727090709915e-04 -1.405382834222092606e-04 -1.291324452397121878e-04 -1.164541700199709685e-04 -1.008267372959076357e-04 -8.358209318067153957e-05 -6.724310154085458855e-05 -5.394300199795202394e-05 -4.457242723877471947e-05 -3.871650791158580949e-05 -3.514116465500009839e-05 -3.245872687604222571e-05 -2.966156632698939625e-05 -2.635549071032809555e-05 -2.269224984114969024e-05 -1.911378034699983888e-05 -1.606617488539221084e-05 -1.377855321359405057e-05 -1.226844407572807229e-05 -1.123977358320719521e-05 -1.025606303444514747e-05 -9.456777951707811210e-06 -8.508408154339580876e-06 -7.480475735970190227e-06 -6.462933557698099206e-06 -5.574297160912667844e-06 -4.886376889656216590e-06 -4.403356717571888337e-06 -4.070949427379903700e-06 -3.808793023580351462e-06 -3.546546780468893004e-06 -3.248194984819724709e-06 -2.917165456551917612e-06 -2.584320395977262515e-06 -2.287483838120832365e-06 -2.052566431353002608e-06 -1.884615796088453792e-06 -1.765627950718586797e-06 -1.686497875373907966e-06 -1.539040600623453626e-06 -1.829781241053223387e-06
1.879888021244226128e-03 -3.163014437644586440e-05 -8.044086475509941902e-05 -8.071815275235680364e-04 -1.902826399045874509e-03 -3.207773094269178969e-03 -4.420853976444968046e-03 -5.236273874672465155e-03 -5.459784342422483241e-03 -5.133627309605363030e-03 -4.621680735431280516e-03 -4.609298865162551363e-03 -5.979148682931871746e-03 -9.549842374956820160e-03 -1.570138344102433789e-02 -2.397395613295763561e-02 -3.279151582501298179e-02 -3.953519576047711398e-02 -4.128424830385708788e-02 -3.661330315118834638e-02 -2.901873243873349592e-02 -3.267297567623160537e-02 -8.237945016002411192e-02 -2.469993771445373187e-01 -6.697020754725465652e-01 -1.544171489206505710e+00 -3.617679178665162087e+00 -6.169411322313059109e+00 -1.990556862589373210e+01 8.888442404391025398e-02 -2.310861783569010299e+02 7.639897833253754698e+02 -5.701149148142269951e+03 2.427303423542870223e+04 -5.452226700519060614e+03 7.301783020394123014e+02 -1.992027742043060812e+02 5.525829707862487616e+00 -1.375120086872214031e+01 -3.332088970681153395e+00 -1.954287881652044145e+00 -7.329155018126045640e-01 -2.949614335410696841e-01 -9.876088781754070733e-02 -3.120384032497905760e-02 -1.238458323919586906e-02 -1.033505680893063126e-02 -1.136139081408991426e-02 -1.124672448342868558e-02 -9.582225077379375247e-03 -7.161150599480818960e-03 -4.807048449285073084e-03 -2.995079260194083610e-03 -1.842147554329859284e-03 -1.235619525471478913e-03 -9.748602033472544273e-04 -8.724095279010868733e-04 -8.029664537979651438e-04 -7.099470273146207778e-04 -5.877002937191762874e-04 -4.560443135974008816e-04 -3.386402160815146301e-04 -2.504179239963178383e-04 -1.940889298341728225e-04 -1.629612736384003101e-04 -1.463233761920390422e-04 -1.343909622377156062e-04 -1.211692153044296175e-04 -1.049432397951687761e-04 -8.708293905271903860e-05 -7.017742292865367581e-05 -5.641304971157578814e-05 -4.669877398869163215e-05 -4.060301368885148196e-05 -3.685438898392004914e-05 -3.402601616707733652e-05 -3.108371230411614936e-05 -2.762382422108364301e-05 -2.380731027684260753e-05 -2.007757490129979139e-05 -1.693338067993770216e-05 -1.454324389930218752e-05 -1.272812359405488603e-05 -1.165975815761037479e-05 -1.079565732897586500e-05 -9.940992421132414670e-06 -8.967214681273355834e-06 -7.898607942695950510e-06 -6.841604900730567028e-06 -5.916723938844191836e-06 -5.198923993467970882e-06 -4.692543965681767178e-06 -4.341631653856613328e-06 -4.063291969510159162e-06 -3.784999919695286143e-06 -3.469684672674741242e-06 -3.120998040038717815e-06 -2.770934988093565681e-06 -2.458537824206821555e-06 -2.211383672713873623e-06 -2.031260048059281144e-06 -1.921874809861375509e-06 -1.757534551673262001e-06 -2.124635589342421736e-06
1.458591605583058060e-03 6.191677756059296364e-04 8.981378754255416519e-04 5.493710795059530321e-04 -2.812845164599510578e-04 -1.519227825169888746e-03 -2.942815804392331491e-03 -4.255283540006272666e-03 -5.159676391074748299e-03 -5.468986812801472294e-03 -5.220289631375741105e-03 -4.757951566063411269e-03 -4.739729130999374360e-03 -6.025076523566227568e-03 -9.427941002498618078e-03 -1.535283807902980760e-02 -2.339549547316724376e-02 -3.205622410264557381e-02 -3.879020226532824828e-02 -4.071401455104210060e-02 -3.636237641078020333e-02 -2.907383028912937858e-02 -3.271271504998592844e-02 -8.160468731303338608e-02 -2.439802957865565558e-01 -6.622021462482016174e-01 -1.529299240300658225e+00 -3.591126979037241540e+00 -6.128953113446220513e+00 -1.984277357735531311e+01 1.743050994230785911e-01 -2.311467025161915956e+02 7.653166348158008532e+02 -5.712026205497491901e+03 2.433576774837253834e+04 -5.470095062748409873e+03 7.325789855208610106e+02 -2.001509538869241851e+02 5.479350235508233524e+00 -1.385691335448222539e+01 -3.369486644052526181e+00 -1.975144054882372657e+00 -7.418680380913255101e-01 -2.987874351358144054e-01 -1.002005835172502801e-01 -3.174263647039800296e-02 -1.265456548197863539e-02 -1.056773555214052772e-02 -1.160339700910010229e-02 -1.148091302419425482e-02 -9.783377622748529179e-03 -7.316072526246603439e-03 -4.916490344156738621e-03 -3.068577251288150294e-03 -1.891878615598506681e-03 -1.272055804339048942e-03 -1.004852811670163895e-03 -8.992160346118149242e-04 -8.273407131977334860e-04 -7.314705013423502449e-04 -6.058258710230529946e-04 -4.706446901879978340e-04 -3.501029763794281848e-04 -2.594608518055998908e-04 -2.014884731979837734e-04 -1.693372637200347237e-04 -1.520437684393226253e-04 -1.395913400022123644e-04 -1.258410827019335889e-04 -1.090357024131885559e-04 -9.057692955243560251e-05 -7.311534358701290634e-05 -5.888897238378300666e-05 -4.882710940168301703e-05 -4.248548505932501942e-05 -3.855963623266868277e-05 -3.558512192322615275e-05 -3.250431753756006094e-05 -2.889049160094332938e-05 -2.495183502969280733e-05 -2.107292089299082807e-05 -1.755633999564441025e-05 -1.508424871071844256e-05 -1.337339929207386224e-05 -1.223879389132157394e-05 -1.135133317775800854e-05 -1.045971466070655700e-05 -9.446205695002786196e-06 -8.334150430232744052e-06 -7.234316030887433291e-06 -6.271017008498316729e-06 -5.521580914642645387e-06 -4.990440781122224444e-06 -4.619871870843407900e-06 -4.324399238247714401e-06 -4.029284002088586833e-06 -3.696379613065180815e-06 -3.329591135032883923e-06 -2.961920391322930389e-06 -2.634619625895097070e-06 -2.372202421225106332e-06 -2.202316063099215089e-06 -1.994274302005920196e-06 -2.425778404099063615e-06
3.494522447532258662e-04 6.890482808330308144e-04 9.500153164712998128e-04 8.761557291759669922e-04 4.121634572753009079e-04 -4.538571464742178476e-04 -1.642073777892696191e-03 -2.976368760403296388e-03 -4.206996204980193582e-03 -5.072741621364533146e-03 -5.398701839642262509e-03 -5.207585642142566369e-03 -4.808644556643031955e-03 -4.816413474802498824e-03 -6.054985494728565981e-03 -9.325642164164477457e-03 -1.505238029022725257e-02 -2.288280299729241254e-02 -3.139042844289618994e-02 -3.810242518291919595e-02 -4.017377182342023179e-02 -3.610632133910555291e-02 -2.909684576662816338e-02 -3.272902600600156864e-02 -8.089136140171877820e-02 -2.412370653217390803e-01 -6.553967672899138064e-01 -1.515810707415499392e+00 -3.567151458873366376e+00 -6.092429739739976036e+00 -1.978821020221122851e+01 2.549912987475894677e-01 -2.312550500663807611e+02 7.667413408564090105e+02 -5.723577382576957461e+03 2.440055278108908533e+04 -5.488238280969049811e+03 7.350187272647393684e+02 -2.010957184330124505e+02 5.436248291243749087e+00 -1.396068544505492426e+01 -3.405937289251132594e+00 -1.995517673668001368e+00 -7.506043346568121999e-01 -3.025218036255651333e-01 -1.016047824814111100e-01 -3.226721959828315889e-02 -1.291680140529033981e-02 -1.079395385054420821e-02 -1.183924753951294713e-02 -1.170959708524948496e-02 -9.980102275642993917e-03 -7.467765671471670273e-03 -5.023743800095027343e-03 -3.140635913133859453e-03 -1.940633052458121816e-03 -1.307771639756201898e-03 -1.034268393980957747e-03 -9.255459342116954726e-04 -8.513299475589262413e-04 -7.526973444554015732e-04 -6.237319368460944981e-04 -4.850829789089132547e-04 -3.614397686470520606e-04 -2.683982265920922448e-04 -2.087960971632456546e-04 -1.756356558291943858e-04 -1.577045872456135937e-04 -1.447522458357422515e-04 -1.304914603886264137e-04 -1.131186379287088100e-04 -9.406587413118331861e-05 -7.604677280727777620e-05 -6.135456394234569809e-05 -5.094283434076880439e-05 -4.435622238799732009e-05 -4.026065062628301068e-05 -3.713992518801204930e-05 -3.395380664172119003e-05 -3.018847853449662150e-05 -2.583373139647092623e-05 -2.182766654780649493e-05 -1.837607408731561277e-05 -1.579425112724620704e-05 -1.403513748108247433e-05 -1.285408823370715253e-05 -1.192799238032798966e-05 -1.099647322048155976e-05 -9.939668522100034430e-06 -8.781910900422222084e-06 -7.637457069899461059e-06 -6.634332199178918524e-06 -5.852098832288622503e-06 -5.295224424267223872e-06 -4.904177801894191330e-06 -4.590890903366027597e-06 -4.278403508681650614e-06 -3.927538993120002945e-06 -3.542319454375028075e-06 -3.157887072127354351e-06 -2.812305966036197522e-06 -2.560230658455775831e-06 -2.277076171904091455e-06 -2.746982262868936741e-06
-7.906598211955468726e-04 3.202999508232695831e-04 3.376545087942144454e-04 3.778248180815092392e-04 2.369464904255636623e-04 -1.545123702485013057e-04 -8.521730093034836709e-04 -1.835291594630887244e-03 -2.985284524239994238e-03 -4.094429997181728807e-03 -4.919679405439274754e-03 -5.278389670489342517e-03 -5.163718911397259179e-03 -4.842432874033696794e-03 -4.885616044147752038e-03 -6.085752779588642601e-03 -9.235309091371306928e-03 -1.477869418228337263e-02 -2.241228723010314089e-02 -3.077670892877459180e-02 -3.746474783639015815e-02 -3.966680089262782788e-02 -3.585589096671749215e-02 -2.910096754247757517e-02 -3.273068213717492819e-02 -8.023473736759496877e-02 -2.387393344929734373e-01 -6.492132892892408247e-01 -1.503571202729665712e+00 -3.545521309487491113e+00 -6.059509243271898882e+00 -1.974126803894900561e+01 3.313620084655586329e-01 -2.314087787873320110e+02 7.682611843078558422e+02 -5.735788788506583842e+03 2.446740183529295973e+04 -5.506675292727197302e+03 7.374998276101044894e+02 -2.020388522965075708e+02 5.396298608674892527e+00 -1.406276685936355797e+01 -3.441534853942536110e+00 -2.015457146662276600e+00 -7.591443020689933041e-01 -3.061724899088600904e-01 -1.029762753891900057e-01 -3.277861863596079339e-02 -1.317188975263245895e-02 -1.101428218942672455e-02 -1.206949936965369570e-02 -1.193323638104300949e-02 -1.017270409595202874e-02 -7.616382927962682924e-03 -5.128857897081754054e-03 -3.211263629640935969e-03 -1.988428183844282229e-03 -1.342814617101912222e-03 -1.063178445130828157e-03 -9.514722420022673740e-04 -8.749854996483769250e-04 -7.736449685185017074e-04 -6.414048552826260132e-04 -4.993290816510900397e-04 -3.726222868630737388e-04 -2.772171742803213068e-04 -2.160184637170970334e-04 -1.818771864704997064e-04 -1.633296620108869808e-04 -1.498898208459296672e-04 -1.351229028123044056e-04 -1.171818315614412624e-04 -9.753292639474711514e-05 -7.895646154556583928e-05 -6.380183497011184478e-05 -5.305008888231798443e-05 -4.621948118107694324e-05 -4.198993215664225369e-05 -3.872570717336226725e-05 -3.512092923406631701e-05 -3.122738173586024553e-05 -2.692333469943567392e-05 -2.276112545319930978e-05 -1.921214057681183370e-05 -1.654205812094582928e-05 -1.471858010290870628e-05 -1.348803658003369878e-05 -1.251952994906346676e-05 -1.154572031949722101e-05 -1.044374764017475018e-05 -9.238851123326885696e-06 -8.048623230124776523e-06 -7.004715510845134506e-06 -6.188870549231300924e-06 -5.605563238673075259e-06 -5.193450250238211996e-06 -4.861872470687855411e-06 -4.531710295957637587e-06 -4.162611278109866321e-06 -3.760000527729747159e-06 -3.355057705999154626e-06 -3.020191018063222679e-06 -2.638835555591933682e-06 -3.120260544666937256e-06
-1.461868485802818828e-03 -2.153701973923294712e-04 -4.920327040034772536e-04 -4.817628765333286669e-04 -4.340368241873306370e-04 -4.364064452352032749e-04 -6.255499138502302811e-04 -1.103718779710830466e-03 -1.893258413587271946e-03 -2.905082044867570833e-03 -3.945347782148873536e-03 -4.769015016408717847e-03 -5.177191679579375670e-03 -5.135814353574466411e-03 -4.878477748593296713e-03 -4.944056210295665922e-03 -6.102080160996924303e-03 -9.139500617178237390e-03 -1.451848748260804040e-02 -2.197698774516559928e-02 -3.021370675124068067e-02 -3.687954444599603199e-02 -3.919754417145051434e-02 -3.561648138560632310e-02 -2.909128242354022675e-02 -3.271966766142877375e-02 -7.962781580667759040e-02 -2.364610205507034213e-01 -6.435910768160260087e-01 -1.492466586873441914e+00 -3.526036844432850259e+00 -6.029901202118100656e+00 -1.970140916663760322e+01 4.037922548992582961e-01 -2.316057366158188984e+02 7.698738300377866608e+02 -5.748648529362217232e+03 2.453632829718135326e+04 -5.525423537717647378e+03 7.400244178569995483e+02 -2.029819790778345521e+02 5.359297846780675556e+00 -1.416338479292219610e+01 -3.476364802903706419e+00 -2.035006598321776217e+00 -7.675062113816799592e-01 -3.097469738432786501e-01 -1.043178798470938001e-01 -3.327799876743346014e-02 -1.342049111782032608e-02 -1.122922807209401214e-02 -1.229455709362304965e-02 -1.215212196405844949e-02 -1.036137111039626621e-02 -7.762046173307206136e-03 -5.231929608702372975e-03 -3.280557784035641449e-03 -2.035364331626968084e-03 -1.377274150589359505e-03 -1.091644231569781267e-03 -9.770191211331362684e-04 -8.982988712312994090e-04 -7.942875446279143480e-04 -6.588201790096180665e-04 -5.133738648308061635e-04 -3.836608756235337730e-04 -2.859418511956807315e-04 -2.231821901840590043e-04 -1.880798212611317047e-04 -1.689223059645342869e-04 -1.549937491579696529e-04 -1.397180418233101888e-04 -1.212095981928558159e-04 -1.009700652787466185e-04 -8.184919837650575557e-05 -6.623558986550346609e-05 -5.518363306218466118e-05 -4.811298050871908776e-05 -4.341609407572718105e-05 -4.003289185414789822e-05 -3.650686644555261315e-05 -3.245454219343038246e-05 -2.802834880796602787e-05 -2.373330633622598962e-05 -2.007016304036159953e-05 -1.730888695250989233e-05 -1.541721437727101954e-05 -1.413471840036780140e-05 -1.312183355479403986e-05 -1.210421800126604760e-05 -1.095588179183048797e-05 -9.702889026246723432e-06 -8.466097769154104079e-06 -7.380736585521977656e-06 -6.530700242195589892e-06 -5.920466207591328339e-06 -5.486885374800519431e-06 -5.136784652532914495e-06 -4.788728074482030755e-06 -4.402650628367183120e-06 -3.978473987088586815e-06 -3.585918641404282485e-06 -3.103714874906647115e-06 -3.587206505868333205e-06
-1.479183347483086376e-03 -6.493373778265515602e-04 -1.123314106290838367e-03 -1.221390128988952264e-03 -1.139315838378082571e-03 -9.472283947311443009e-04 -7.931238399504154978e-04 -8.326105431117568605e-04 -1.182992577389581357e-03 -1.874460733179262413e-03 -2.822223532766694049e-03 -3.834313984783804200e-03 -4.664382429834107446e-03 -5.106884506715282483e-03 -5.113985007163942761e-03 -4.898724749059321648e-03 -4.976311833952955059e-03 -6.096385008114896080e-03 -9.038218828769480767e-03 -1.427576383263817576e-02 -2.158074508992513865e-02 -2.970251125212325372e-02 -3.634502458426610433e-02 -3.876318155835272589e-02 -3.538661291405471171e-02 -2.906870605619885778e-02 -3.269740225143181328e-02 -7.906660165208401203e-02 -2.343824383545843604e-01 -6.384797928514507337e-01 -1.482398275398533194e+00 -3.508522678409412787e+00 -6.003348607286784322e+00 -1.966815711199985373e+01 4.726184426195223498e-01 -2.318440242425722886e+02 7.715772726144776925e+02 -5.762146463414892423e+03 2.460734638586653091e+04 -5.544499165106236433e+03 7.425944840135686036e+02 -2.039265811779455646e+02 5.325062393494951252e+00 -1.426274658961475694e+01 -3.510505378161705714e+00 -2.054206732473984331e+00 -7.757071595476350279e-01 -3.132523975130678817e-01 -1.056323194189177223e-01 -3.376641575003393875e-02 -1.366309497291170322e-02 -1.143911422342647026e-02 -1.251469297270957348e-02 -1.236650297550879497e-02 -1.054633452057129536e-02 -7.904966348823304692e-03 -5.333140606210028459e-03 -3.348658005567237660e-03 -2.081529409144939648e-03 -1.411186535705458546e-03 -1.119662499232332124e-03 -1.002164185221323788e-03 -9.212498270086555288e-04 -8.146215480610752204e-04 -6.759946831559393359e-04 -5.272476655663963776e-04 -3.945870820973646138e-04 -2.945933366549486048e-04 -2.302918931395605542e-04 -1.942332323482803000e-04 -1.744645682341785576e-04 -1.600479119172382224e-04 -1.442689722196330282e-04 -1.252076535386401253e-04 -1.043829423536842666e-04 -8.476234852333028509e-05 -6.869626244447413308e-05 -5.699098472929125430e-05 -4.970701879948604654e-05 -4.507275750737765044e-05 -4.153828810801243074e-05 -3.790687441814458738e-05 -3.372075085761224036e-05 -2.915483783404761232e-05 -2.472422376303457618e-05 -2.094322541870028296e-05 -1.808843900942808436e-05 -1.612666302545078683e-05 -1.479068696228165162e-05 -1.373217930756207921e-05 -1.266975475494848483e-05 -1.147424835993134741e-05 -1.017250315615389448e-05 -8.888600970564266069e-06 -7.761318255494771811e-06 -6.876694046339323466e-06 -6.239214038009426430e-06 -5.784013540752817902e-06 -5.415231518207431201e-06 -5.050798413678021979e-06 -4.643040179230652589e-06 -4.235035500812146762e-06 -3.674070655132405719e-06 -4.182647717083591742e-06
-9.710408364913563793e-04 -8.176085653935957070e-04 -1.322988863042704778e-03 -1.532176033148909509e-03 -1.529899926251007247e-03 -1.349044964072959683e-03 -1.091972149198962511e-03 -8.964508679759848392e-04 -9.054690412568064568e-04 -1.224311362911668227e-03 -1.878348763401417121e-03 -2.786724631931638933e-03 -3.767577945116521755e-03 -4.585258581627331409e-03 -5.039238460618124076e-03 -5.076626163204193964e-03 -4.894707692477567353e-03 -4.986184426647974170e-03 -6.079222596053192491e-03 -8.942094628148421556e-03 -1.405626233165837430e-02 -2.122264270844673520e-02 -2.923697176214687388e-02 -3.585325108966289087e-02 -3.835776766981550262e-02 -3.516479907341350103e-02 -2.903616163071586279e-02 -3.266801542928051555e-02 -7.854989261835082504e-02 -2.324873410961872111e-01 -6.338350075698224728e-01 -1.473278587483496382e+00 -3.492823156336818169e+00 -5.979623501089307069e+00 -1.964108969008969297e+01 5.381418563926956278e-01 -2.321219634343002269e+02 7.733697936054908268e+02 -5.776273992964585887e+03 2.468047111304988357e+04 -5.563917209853999339e+03 7.452118868024087988e+02 -2.048740173239550870e+02 5.293425795061367900e+00 -1.436104244219973936e+01 -3.544028700386264941e+00 -2.073095285961198631e+00 -7.837630604716827598e-01 -3.166953473281231002e-01 -1.069219878759844755e-01 -3.424468930418830825e-02 -1.390004286165339928e-02 -1.164421602035686266e-02 -1.273022005027232839e-02 -1.257671622216845198e-02 -1.072790843869933682e-02 -8.045393290490365779e-03 -5.432654908648039925e-03 -3.415644487922071468e-03 -2.126940993661624677e-03 -1.444537729206853615e-03 -1.147217237665388960e-03 -1.026908769144101261e-03 -9.438620267142081672e-04 -8.346854051131094489e-04 -6.929675426284016924e-04 -5.409773116808477920e-04 -4.054088072433224854e-04 -3.031624339819344771e-04 -2.373294909902921965e-04 -2.003209328676917378e-04 -1.799486314548833963e-04 -1.650590238765898123e-04 -1.487823808842459361e-04 -1.292163405721173056e-04 -1.078151085375654881e-04 -8.732147117761710484e-05 -7.083314854471228804e-05 -5.903995756386723047e-05 -5.150940544438613778e-05 -4.674208421607305364e-05 -4.308299671269197995e-05 -3.932749931394281069e-05 -3.500479220978546874e-05 -3.029550223232026012e-05 -2.572721828697213588e-05 -2.182669798621511827e-05 -1.887706225963476021e-05 -1.684403649990538966e-05 -1.545359626645829941e-05 -1.434863597132753523e-05 -1.324072028467448854e-05 -1.199749147946662030e-05 -1.064654530763284941e-05 -9.315162253664856020e-06 -8.145656706930960432e-06 -7.226214186343204149e-06 -6.561430405618887639e-06 -6.084524501443384247e-06 -5.698905944860011337e-06 -5.312717960063016612e-06 -4.927158659955809854e-06 -4.325655762775441063e-06 -4.917270976320203950e-06
-2.604040373652684814e-04 -6.995452450243090951e-04 -1.087308626409174686e-03 -1.355655169893837811e-03 -1.477514891095000173e-03 -1.446510152111341345e-03 -1.293301182843231180e-03 -1.090893454463464371e-03 -9.477708445195199768e-04 -9.844813474048218650e-04 -1.296836991829901191e-03 -1.914740651581016201e-03 -2.772533524685399063e-03 -3.707849995185976636e-03 -4.501484940080207296e-03 -4.960111732840040075e-03 -5.025638904958418772e-03 -4.878622000995058196e-03 -4.988490052632878029e-03 -6.061639402733108757e-03 -8.855082746330341509e-03 -1.385685082330252553e-02 -2.089492228497482132e-02 -2.880823294313391084e-02 -3.539752876618269817e-02 -3.797879596848591222e-02 -3.495302620060038862e-02 -2.899854413241515633e-02 -3.263579832280361082e-02 -7.807582186206576957e-02 -2.307599170020625257e-01 -6.296162290796233352e-01 -1.465029536335896942e+00 -3.478800873454362730e+00 -5.958524474496973866e+00 -1.961983278429602606e+01 6.006328124842698069e-01 -2.324380688406296542e+02 7.752499267122807396e+02 -5.791023887315855063e+03 2.475571825055129011e+04 -5.583691744339298566e+03 7.478783781457312898e+02 -2.058255380693539394e+02 5.264236524363338887e+00 -1.445844741277242029e+01 -3.577001281491621221e+00 -2.091707066224051115e+00 -7.916884999132337564e-01 -3.200817610093114607e-01 -1.081889887788623078e-01 -3.471355509880535983e-02 -1.413171533139553383e-02 -1.184490078250516679e-02 -1.294153487552229115e-02 -1.278313253292822152e-02 -1.090638045539029342e-02 -8.183507186836160713e-03 -5.530557321936025762e-03 -3.481541420865337261e-03 -2.171602048972254544e-03 -1.477338659165169845e-03 -1.174339128022016754e-03 -1.051298777288834415e-03 -9.661827412784040024e-04 -8.545134733416092851e-04 -7.097524299179544440e-04 -5.545571601583475316e-04 -4.161096713753520242e-04 -3.116333750907460229e-04 -2.442877278832551757e-04 -2.063507743408055616e-04 -1.853822351923424842e-04 -1.700705782131872127e-04 -1.533052323157948127e-04 -1.328383543363490036e-04 -1.108940404401830617e-04 -9.013056662494055033e-05 -7.318679700261219588e-05 -6.109900763081779057e-05 -5.335106895269196988e-05 -4.843112554130939461e-05 -4.464451215518175061e-05 -4.076105783170129936e-05 -3.629966200621570071e-05 -3.144548772879709553e-05 -2.673845906600924986e-05 -2.271754351764208651e-05 -1.967228387571823116e-05 -1.756729519103496250e-05 -1.612174510271151157e-05 -1.496977211934502997e-05 -1.381590154077260693e-05 -1.252457955920508487e-05 -1.112414234157036329e-05 -9.745063056473844538e-06 -8.533194196063385601e-06 -7.578981657714526121e-06 -6.886892703471029490e-06 -6.390524163588474167e-06 -5.981842658558715216e-06 -5.625351420671053302e-06 -5.016563467457817178e-06 -5.768566539179736987e-06
3.233864035469363155e-04 -3.945613867174561592e-04 -5.903564102175923138e-04 -8.473847558929951864e-04 -1.070768154982394259e-03 -1.226926524037228253e-03 -1.281537634161525286e-03 -1.232007082364480494e-03 -1.120618288565762089e-03 -1.034511611762702022e-03 -1.085610609054137726e-03 -1.373731112250144073e-03 -1.942526599410699653e-03 -2.745069003505691118e-03 -3.637201348656399821e-03 -4.412302833994441974e-03 -4.880320299507047259e-03 -4.975793565309773007e-03 -4.862797501504471931e-03 -4.989639790713549898e-03 -6.043703232321680219e-03 -8.772623213352728072e-03 -1.367091582041948805e-02 -2.059127336037632969e-02 -2.841184738831032189e-02 -3.497594742685790348e-02 -3.762685984256054078e-02 -3.475381162323091383e-02 -2.895909516714184270e-02 -3.260251594516465345e-02 -7.764084573635661457e-02 -2.291852055976771607e-01 -6.257878008492162580e-01 -1.457583063855796723e+00 -3.466335211328863686e+00 -5.939873317130742514e+00 -1.960405358273037280e+01 6.603353161166038987e-01 -2.327910237068891490e+02 7.772164279485338056e+02 -5.806390132695509237e+03 2.483310430380334219e+04 -5.603836009115556408e+03 7.505956154077347264e+02 -2.067822988322232050e+02 5.237356524353798726e+00 -1.455512280669773872e+01 -3.609484327850822627e+00 -2.110074092734588014e+00 -7.994968755072953126e-01 -3.234171296070349477e-01 -1.094353487577461731e-01 -3.517381715189199509e-02 -1.435857779999988142e-02 -1.204157000395702712e-02 -1.314900040363303595e-02 -1.298604109450960872e-02 -1.108194652869449667e-02 -8.319423005199326482e-03 -5.626913581836283894e-03 -3.546397767864187343e-03 -2.215564466381637031e-03 -1.509647352157629041e-03 -1.201083704544885465e-03 -1.075375442750030374e-03 -9.882317260081787107e-04 -8.741052288402578535e-04 -7.263369611100985775e-04 -5.679744705782168628e-04 -4.266847875321444603e-04 -3.200162803572835111e-04 -2.511759044645884230e-04 -2.123696423706992618e-04 -1.908158916959981492e-04 -1.746612309952550151e-04 -1.574421949150404487e-04 -1.367159890974640427e-04 -1.141949628815808491e-04 -9.294388154683037374e-05 -7.557757810615008023e-05 -6.317578620156147210e-05 -5.520816636654989420e-05 -5.013179348902939078e-05 -4.621547085671516694e-05 -4.220247885336624754e-05 -3.760137580468094799e-05 -3.260164270465870071e-05 -2.775537715463895525e-05 -2.361363532781834848e-05 -2.047232226723158394e-05 -1.829493515973880851e-05 -1.679385684298655387e-05 -1.559449986071261249e-05 -1.439437119039661437e-05 -1.305472908981841476e-05 -1.160465687716339371e-05 -1.017782414956288772e-05 -8.923751006254133973e-06 -7.934858084033263864e-06 -7.218163207094620175e-06 -6.695099331816604849e-06 -6.323600029318985731e-06 -5.709565215247041460e-06 -6.687917129454899616e-06
5.726140247282348033e-04 -5.691844021041073934e-05 -7.514817394796584663e-05 -2.659680849968216456e-04 -5.276457809373785463e-04 -8.183586902154166547e-04 -1.068248433253207339e-03 -1.219453342960245172e-03 -1.249802568709880131e-03 -1.189937172128211927e-03 -1.123011933776455395e-03 -1.163613809605155676e-03 -1.419273277688653297e-03 -1.944630712231229215e-03 -2.704982323121379786e-03 -3.567268751007593962e-03 -4.332256519941114076e-03 -4.811188346695405987e-03 -4.932455272762228254e-03 -4.847027112675548859e-03 -4.986068347950071283e-03 -6.021009936350664449e-03 -8.691196612923784634e-03 -1.349636629651981660e-02 -2.031066589095201561e-02 -2.804718019634973650e-02 -3.458787753421769390e-02 -3.730145803273855060e-02 -3.456719531505367954e-02 -2.891847763554662373e-02 -3.256837629576941201e-02 -7.724165825066320323e-02 -2.277507715913115738e-01 -6.223193786064361577e-01 -1.450879871428853329e+00 -3.455319467465145067e+00 -5.923511006432519821e+00 -1.959345449682870210e+01 7.174706177808449770e-01 -2.331796600181342569e+02 7.792682495142714743e+02 -5.822367804335911387e+03 2.491264649099416420e+04 -5.624362525377685415e+03 7.533651742729242642e+02 -2.077453707837399577e+02 5.212660092699207048e+00 -1.465121749131415996e+01 -3.641534295951716516e+00 -2.128226027406742826e+00 -8.072007116348887124e-01 -3.267066945279981094e-01 -1.106630770423567695e-01 -3.562628809799187057e-02 -1.458105525235316689e-02 -1.223453575289513463e-02 -1.335287702688129491e-02 -1.318565511797947093e-02 -1.125477611012138529e-02 -8.453277334521955635e-03 -5.721838413422279841e-03 -3.610310840771441439e-03 -2.258905613679243127e-03 -1.541516290969447258e-03 -1.227476820446284610e-03 -1.099142566519123064e-03 -1.010000765370982568e-03 -8.934524157808837724e-04 -7.427208528579976477e-04 -5.812439381483054104e-04 -4.371468150794893814e-04 -3.283626400587832212e-04 -2.580486991460593312e-04 -2.179309714230580374e-04 -1.958302425636781552e-04 -1.795135800404036889e-04 -1.618050833397908790e-04 -1.405887489710160693e-04 -1.175273801896618993e-04 -9.576990605625072188e-05 -7.798038221163700989e-05 -6.526184834006534818e-05 -5.707297506423614507e-05 -5.183878751989859108e-05 -4.779172961945240384e-05 -4.364850923957922223e-05 -3.890729762386488301e-05 -3.376178968363025180e-05 -2.877614391899500446e-05 -2.451342080773090260e-05 -2.127585052900270149e-05 -1.902581883591657419e-05 -1.746895586022236682e-05 -1.622198595651429400e-05 -1.497542813075041358e-05 -1.358737947051578291e-05 -1.208768562553443137e-05 -1.061336396664209147e-05 -9.317265323886085639e-06 -8.296878868263914423e-06 -7.547230433472810503e-06 -7.067248145723612113e-06 -6.400027839250911916e-06 -7.625291916044834697e-06
4.649911347624180154e-04 1.768259478272186502e-04 2.578888354281018143e-04 1.536450195437907634e-04 -7.740865536422995418e-05 -4.024766763637869452e-04 -7.524165471914212979e-04 -1.050686392634422265e-03 -1.236599821089103077e-03 -1.288822961403411323e-03 -1.239515972658354528e-03 -1.172636955525016870e-03 -1.202953724892500287e-03 -1.438769826474623013e-03 -1.937519287812111994e-03 -2.669914072131943442e-03 -3.510074174514322878e-03 -4.265417478306127858e-03 -4.750288308460270427e-03 -4.890134452549167385e-03 -4.826220246088861951e-03 -4.975187408292103090e-03 -5.993755824372827730e-03 -8.612628381371872227e-03 -1.333493845303592232e-02 -2.005338473200934946e-02 -2.771265645299213903e-02 -3.423052403938225963e-02 -3.699987286930258440e-02 -3.439178457997100341e-02 -2.887701692822546712e-02 -3.253425591875901135e-02 -7.687645343494890759e-02 -2.264465893958385878e-01 -6.191845362832549826e-01 -1.444867158807222163e+00 -3.445658069849721894e+00 -5.909294795943471179e+00 -1.958776893096738902e+01 7.722393634065225498e-01 -2.336029420026123375e+02 7.814045175630368476e+02 -5.838952956245929272e+03 2.499436272744924645e+04 -5.645283191971358974e+03 7.561885601272018675e+02 -2.087157504494091427e+02 5.190032594116544828e+00 -1.474686938051823937e+01 -3.673203586819524080e+00 -2.146190573665217816e+00 -8.148117986897182030e-01 -3.299554130133560692e-01 -1.118740406814508065e-01 -3.607165937238715481e-02 -1.479945917669641536e-02 -1.242402735699574788e-02 -1.355339291734560664e-02 -1.338220526595957673e-02 -1.142508523296400721e-02 -8.585253711912248925e-03 -5.815470524325082151e-03 -3.673370144052274036e-03 -2.301670239715963677e-03 -1.572957615755972080e-03 -1.253514311095112622e-03 -1.122595554314278826e-03 -1.031494354957302037e-03 -9.125757714198594111e-04 -7.589223179550437862e-04 -5.944240003296190084e-04 -4.475564676944920710e-04 -3.362003438395175540e-04 -2.644619047804474101e-04 -2.237598442673070223e-04 -2.010755397075663666e-04 -1.843516083237227454e-04 -1.661920814565024155e-04 -1.444662119703171352e-04 -1.208650870494407104e-04 -9.860002484451901807e-05 -8.038724702126065263e-05 -6.735171995801560814e-05 -5.894120316798164857e-05 -5.354874582646641220e-05 -4.937058411912437672e-05 -4.509693626033249006e-05 -4.021558298527905712e-05 -3.492436565496024215e-05 -2.979941770937964891e-05 -2.541573928428260854e-05 -2.208186194273765779e-05 -1.975907522101717789e-05 -1.814629572874485957e-05 -1.685160540711185109e-05 -1.555858376916748582e-05 -1.412219985773257665e-05 -1.257324214993054750e-05 -1.105168988154800960e-05 -9.717243122313077189e-06 -8.655854169957217194e-06 -7.952782924667235599e-06 -7.135969405254688228e-06 -8.563820913409671734e-06
1.313093017527921320e-04 2.386033273499622333e-04 3.222976669118878912e-04 2.896637215226219851e-04 1.354300132755581660e-04 -1.269458604722462157e-04 -4.566620010503265868e-04 -7.938917817618304203e-04 -1.073824271816935412e-03 -1.246170887199495514e-03 -1.294774136099874264e-03 -1.250696619671998753e-03 -1.191998471051619038e-03 -1.225955287369650355e-03 -1.455350011698329157e-03 -1.936665808223511729e-03 -2.644887081309081709e-03 -3.462089583723796521e-03 -4.204101877085293301e-03 -4.690313612349451301e-03 -4.844878859363055922e-03 -4.800543081213692886e-03 -4.960145147063484659e-03 -5.965945972920209082e-03 -8.539708329581743862e-03 -1.318697111621263893e-02 -1.981724005161062188e-02 -2.740449495012645814e-02 -3.389999871002388060e-02 -3.671954015887777395e-02 -3.422715087043129434e-02 -2.883616972499995421e-02 -3.250187836693888693e-02 -7.654401361728072062e-02 -2.252635549359808809e-01 -6.163592056626884252e-01 -1.439497255088164840e+00 -3.437265250553042328e+00 -5.897096729281936511e+00 -1.958675821892186164e+01 8.248234777047265265e-01 -2.340599514899181770e+02 7.836245138135187744e+02 -5.856142525793461573e+03 2.507827161399615215e+04 -5.666609369926832187e+03 7.590672176709895211e+02 -2.096943684430209771e+02 5.169369111167790187e+00 -1.484220675982334825e+01 -3.704541009264782581e+00 -2.163993605468133463e+00 -8.223411268762579329e-01 -3.331678461762157539e-01 -1.130698955066780920e-01 -3.651051103465725173e-02 -1.501406346436766348e-02 -1.261029152637527066e-02 -1.375082234497136680e-02 -1.357596693822911600e-02 -1.159311005614246590e-02 -8.715522946612425451e-03 -5.907910893879919460e-03 -3.735620518154298807e-03 -2.343870315857360734e-03 -1.603974179050363276e-03 -1.279205350835114921e-03 -1.145760456118168416e-03 -1.052736457454241667e-03 -9.315422004238425001e-04 -7.750103482408850436e-04 -6.070176748240172556e-04 -4.574449950794909673e-04 -3.443001658403982922e-04 -2.711066134251847960e-04 -2.295639539190844948e-04 -2.063379960883943165e-04 -1.891860330087385793e-04 -1.705759397058334234e-04 -1.483397842750163397e-04 -1.242001007084883525e-04 -1.014287825945158215e-04 -8.279385984993463963e-05 -6.944199140636360813e-05 -6.081009199684588701e-05 -5.525941605846194834e-05 -5.095017470588955117e-05 -4.654620355780441287e-05 -4.152490815686596311e-05 -3.608822694399304822e-05 -3.082419888217870571e-05 -2.631971276083949890e-05 -2.288958802157520551e-05 -2.049404143320546611e-05 -1.882532343664886608e-05 -1.748293767312552574e-05 -1.614357683279916514e-05 -1.465929762655606024e-05 -1.306140254023186289e-05 -1.149678076744356488e-05 -1.011330548537721141e-05 -9.100221162420700966e-06 -8.016617037269377130e-06 -9.548592929129255975e-06
-2.346466498138096704e-04 1.428966178923595605e-04 1.568369057260160114e-04 1.592583315607836423e-04 9.194850018047701426e-05 -5.184228629189838042e-05 -2.703391257140458641e-04 -5.411272630736668797e-04 -8.230410545631779195e-04 -1.064946634995931913e-03 -1.222248556844936695e-03 -1.276262060387313652e-03 -1.249440533658350682e-03 -1.208756539806003132e-03 -1.251818361375013925e-03 -1.476213298686627606e-03 -1.939125520011516146e-03 -2.621577632782708979e-03 -3.414687263295902893e-03 -4.142905038044228903e-03 -4.630312116135596075e-03 -4.799384275694752039e-03 -4.774379341166045537e-03 -4.944910953908129847e-03 -5.939657788798475418e-03 -8.472107164516783431e-03 -1.305010665654044062e-02 -1.959879013457459587e-02 -2.711928128641101846e-02 -3.359386064240602043e-02 -3.645955573131558908e-02 -3.407397244694294197e-02 -2.879759666711494137e-02 -3.247245054252981961e-02 -7.624252891077537564e-02 -2.241928242317470232e-01 -6.138214822016854200e-01 -1.434727533889502249e+00 -3.430064514475446025e+00 -5.886802348308909139e+00 -1.959020849810516296e+01 8.753884664862879861e-01 -2.345498747567216355e+02 7.859276599720294598e+02 -5.873934251432199744e+03 2.516439242814003956e+04 -5.688351956661530494e+03 7.620025391202678975e+02 -2.106820971360705812e+02 5.150573418661032576e+00 -1.493734921445147457e+01 -3.735591987321765561e+00 -2.181659195715437871e+00 -8.297988732962946479e-01 -3.363481941459129376e-01 -1.142521755066608358e-01 -3.694342084580033714e-02 -1.522518825597361097e-02 -1.279362141085327483e-02 -1.394545756434738097e-02 -1.376719695489261007e-02 -1.175904151945158203e-02 -8.844204287698572906e-03 -5.999222958679221313e-03 -3.797095422905596724e-03 -2.385531263251338460e-03 -1.634601041385908005e-03 -1.304579587954005516e-03 -1.168712049335532974e-03 -1.073804651649686286e-03 -9.498296162623989835e-04 -7.904922163859328874e-04 -6.198457929823463983e-04 -4.675480017575547984e-04 -3.523535660270665998e-04 -2.777568184173189294e-04 -2.353552644257309577e-04 -2.115892053333176331e-04 -1.940082756836812767e-04 -1.749487577920431111e-04 -1.522042254604726334e-04 -1.275283128985937430e-04 -1.042529165612177556e-04 -8.519753779547584063e-05 -7.153043362685243046e-05 -6.267778258378959720e-05 -5.696924563860864541e-05 -5.252919741698071685e-05 -4.799520264774030762e-05 -4.283431477452179985e-05 -3.725253114379612916e-05 -3.184973939540115400e-05 -2.722467779480899959e-05 -2.369845083775390807e-05 -2.123023610582284892e-05 -1.950568541802810425e-05 -1.811579133378451266e-05 -1.673061369036057077e-05 -1.519882976446226658e-05 -1.355665967681425107e-05 -1.193707826660589470e-05 -1.060409885397231061e-05 -9.163144125855037688e-06 -1.069198002226669598e-05
-4.646071054558000902e-04 -3.535405535785155672e-05 -1.151873956552576143e-04 -1.166266113836477737e-04 -1.194540425044937111e-04 -1.438474108383865112e-04 -2.200708738371960150e-04 -3.646031066776771277e-04 -5.716716799633248447e-04 -8.106363837375691684e-04 -1.033805169130376858e-03 -1.193529883223835245e-03 -1.263515903908151447e-03 -1.256626873634430477e-03 -1.230890791083668516e-03 -1.277799303904856611e-03 -1.492993992793908466e-03 -1.936170476855281902e-03 -2.594440233962046292e-03 -3.366670733309344663e-03 -4.084146881306391884e-03 -4.574244671557965367e-03 -4.757348976766845143e-03 -4.749925562987366255e-03 -4.929825810374280359e-03 -5.913729131990139685e-03 -8.407840263690350563e-03 -1.292218863308479404e-02 -1.939613216569003110e-02 -2.685556166232231159e-02 -3.331118188122755147e-02 -3.621957734953896307e-02 -3.393251366931113178e-02 -2.876194606313779711e-02 -3.244616833426518243e-02 -7.596982337462025725e-02 -2.232264156200236549e-01 -6.115521007004734999e-01 -1.430520314032513118e+00 -3.423987648471635392e+00 -5.878308869280103544e+00 -1.959792745860148955e+01 9.240856219482432854e-01 -2.350719913033994146e+02 7.883135039435297813e+02 -5.892326601843065873e+03 2.525274511770950630e+04 -5.710521451042865920e+03 7.649958716042910964e+02 -2.116797571381283660e+02 5.133557295728258474e+00 -1.503240835828833610e+01 -3.766398794359161695e+00 -2.199209786359643815e+00 -8.371945520195444024e-01 -3.395004343859700513e-01 -1.154223893373607923e-01 -3.737099683966853270e-02 -1.543317002729503382e-02 -1.297428913947748855e-02 -1.413753951944181700e-02 -1.395609272889185987e-02 -1.192302608364789220e-02 -8.971401253340460097e-03 -6.089482011913116555e-03 -3.857861104956835513e-03 -2.426699519988309399e-03 -1.664924517328443456e-03 -1.329723255274965115e-03 -1.190900768038040446e-03 -1.094180828658387070e-03 -9.683126022214682584e-04 -8.061521426819471788e-04 -6.325845718239639934e-04 -4.776280913053884496e-04 -3.603747142298883966e-04 -2.843832650226889931e-04 -2.411252587260567662e-04 -2.168212946801620160e-04 -1.988133123432193991e-04 -1.793067418623903739e-04 -1.560566167386936824e-04 -1.308473412622762936e-04 -1.070704151563107808e-04 -8.759655276713090247e-05 -7.361556136020695469e-05 -6.454300747330398032e-05 -5.867715931852468227e-05 -5.410673801089476695e-05 -4.944314631224384259e-05 -4.414311183176672100e-05 -3.841666123620471318e-05 -3.287548569626668615e-05 -2.813014689346647967e-05 -2.450804504121319061e-05 -2.196737642446865737e-05 -2.018726597395562337e-05 -1.875048724602368472e-05 -1.731995854734803044e-05 -1.574591170341682161e-05 -1.404621844224083186e-05 -1.248296791974258949e-05 -1.066837682349168621e-05 -1.214484887244099542e-05
-4.869885562212020115e-04 -2.021112047600981626e-04 -3.523150453159004094e-04 -3.829852358883947209e-04 -3.610454475319894909e-04 -3.096674752080909917e-04 -2.729732939657164917e-04 -2.919268347085533311e-04 -3.911477779791968528e-04 -5.683638033480214666e-04 -7.928741414726527643e-04 -1.014469346107657122e-03 -1.181554688455436564e-03 -1.263218735291142840e-03 -1.267619829899307906e-03 -1.248587557050875917e-03 -1.294655925497338296e-03 -1.500514018634992956e-03 -1.927441941976225761e-03 -2.566589049876068316e-03 -3.322368031290865321e-03 -4.031350158795694860e-03 -4.523756300356120488e-03 -4.718541234847850076e-03 -4.725810576302356091e-03 -4.913311929233798482e-03 -5.887032104245123326e-03 -8.346386345175054247e-03 -1.280302374719370466e-02 -1.920895229470181292e-02 -2.661259389410661202e-02 -3.305082653538395782e-02 -3.599844670411816994e-02 -3.380207279484940402e-02 -2.872916234313172348e-02 -3.242305539049561425e-02 -7.572423096446716240e-02 -2.223576824657225171e-01 -6.095342548413343886e-01 -1.426842002658732955e+00 -3.418973272407010544e+00 -5.871523398160848117e+00 -1.960974171413260336e+01 9.710535257417399757e-01 -2.356256645425102647e+02 7.907817076635907370e+02 -5.911318714421764525e+03 2.534335029702754764e+04 -5.733128010353928403e+03 7.680485239365489178e+02 -2.126881229099305415e+02 5.118239863728416772e+00 -1.512748863500009477e+01 -3.797000934099764358e+00 -2.216666454121047902e+00 -8.445371655565357960e-01 -3.426283757077422942e-01 -1.165819946168834415e-01 -3.779380695107190796e-02 -1.563828808124178779e-02 -1.315250263595312691e-02 -1.432725908821078781e-02 -1.414283087733556217e-02 -1.208521865059319564e-02 -9.097248783613776785e-03 -6.178783344670659393e-03 -3.918036724384085442e-03 -2.467480745774653598e-03 -1.694369172429910884e-03 -1.354091128768316514e-03 -1.213256806573323118e-03 -1.114700220071300528e-03 -9.866522654990402593e-04 -8.217424161689614688e-04 -6.452522950969165425e-04 -4.876565435415595204e-04 -3.683560234620372937e-04 -2.909784661963241170e-04 -2.468691819815316073e-04 -2.220307404657573269e-04 -2.035985738279726717e-04 -1.836479205220464990e-04 -1.598953589952278452e-04 -1.341558106896398274e-04 -1.098800525323398181e-04 -8.998980295321953426e-05 -7.569639598572191618e-05 -6.640491374057443867e-05 -6.038242398730330688e-05 -5.568216678376302904e-05 -5.088948598869734441e-05 -4.545081123817827732e-05 -3.958017746174392573e-05 -3.390104809886348752e-05 -2.903579921922292269e-05 -2.531816789526331567e-05 -2.270543479037972202e-05 -2.087052670855623745e-05 -1.938743234619936138e-05 -1.791753188671129149e-05 -1.628629566376222406e-05 -1.465521024413293609e-05 -1.254619222499914397e-05 -1.403815030432432876e-05
-3.310583954740696846e-04 -2.862283796616602624e-04 -4.557585980493464371e-04 -5.204339814530368384e-04 -5.119910985241677174e-04 -4.469834707685891770e-04 -3.633454830287385332e-04 -3.052938172647229028e-04 -3.116110415265598553e-04 -4.031543681631079333e-04 -5.746691105860050712e-04 -7.942934654507544968e-04 -1.012361225119085082e-03 -1.178483664279342605e-03 -1.262318800952155415e-03 -1.271072595032076390e-03 -1.256071885203795995e-03 -1.302683066168045228e-03 -1.503183202616978050e-03 -1.918542355192928315e-03 -2.542312214106401142e-03 -3.283489492276107577e-03 -3.983759401037686478e-03 -4.476689708875969051e-03 -4.680739825501880128e-03 -4.700745127725673017e-03 -4.895329648980035857e-03 -5.860423994498422003e-03 -8.288753829419284389e-03 -1.269302166324006408e-02 -1.903664208585866685e-02 -2.638882551329440815e-02 -3.281081610061634818e-02 -3.579448900179236365e-02 -3.368187914754116469e-02 -2.869948077808699358e-02 -3.240362211704785750e-02 -7.550469895804495790e-02 -2.215808788829156661e-01 -6.077527973485061796e-01 -1.423662132915066270e+00 -3.414965790128727363e+00 -5.866361842284440797e+00 -1.962549499104017414e+01 1.016419080333227587e+00 -2.362103337070240343e+02 7.933320367679921219e+02 -5.930910341446742677e+03 2.543622924532212710e+04 -5.756181500492321902e+03 7.711617725622467105e+02 -2.137079278902015744e+02 5.104546815159909379e+00 -1.522268815136959752e+01 -3.827435498632798971e+00 -2.234049073308621125e+00 -8.518352208630529665e-01 -3.457356007751110072e-01 -1.177323255093495474e-01 -3.821233470339364946e-02 -1.584076631708705718e-02 -1.332844695158040028e-02 -1.451481363993067583e-02 -1.432761759529832882e-02 -1.224579145174326325e-02 -9.221934648553340580e-03 -6.267282763845063477e-03 -3.977039333079187416e-03 -2.507311027372324808e-03 -1.723926758071060326e-03 -1.378571752569109120e-03 -1.235424312662338018e-03 -1.135104045173985273e-03 -1.004872126770123665e-03 -8.372364937857211791e-04 -6.578440833577407255e-04 -4.976276579520976960e-04 -3.762938601360227200e-04 -2.975395271291485840e-04 -2.525848705952110271e-04 -2.272159416574763449e-04 -2.083628802134122166e-04 -1.879713802906436140e-04 -1.637196773075807576e-04 -1.374530033796097161e-04 -1.126811358824150483e-04 -9.237662423583560046e-05 -7.777232144642439652e-05 -6.826295071252237040e-05 -6.208455991690427461e-05 -5.725506802516251557e-05 -5.233385649816929905e-05 -4.675708721065787094e-05 -4.074279402364796985e-05 -3.492620048277540458e-05 -2.994152548775433725e-05 -2.612889713595373974e-05 -2.344504632743787115e-05 -2.155605123196014655e-05 -2.003358262233109988e-05 -1.850721031479319337e-05 -1.696419304271141968e-05 -1.470883639396547683e-05 -1.641721876064514306e-05
-9.623331305513151232e-05 -2.641751658516840141e-04 -4.013469078954853700e-04 -4.871015222858183645e-04 -5.145753384289940020e-04 -4.885012271169836577e-04 -4.268847650916741390e-04 -3.589002402990491012e-04 -3.189794504936991444e-04 -3.377484800259364459e-04 -4.319632837391862781e-04 -5.968659340339101376e-04 -8.046113606814127945e-04 -1.010954104136386686e-03 -1.170016939167069052e-03 -1.253368136850787793e-03 -1.266971972251593453e-03 -1.258455163652878045e-03 -1.308653621724161853e-03 -1.506414029057686569e-03 -1.911904822610277933e-03 -2.521031869921843294e-03 -3.247565673955995613e-03 -3.938551144977438245e-03 -4.431133207172363760e-03 -4.643525913389495025e-03 -4.675639199787159569e-03 -4.877433962247710794e-03 -5.835263081307650972e-03 -8.235445124695654068e-03 -1.259156176125952008e-02 -1.887762293231666152e-02 -2.618221335096375738e-02 -3.258927578899256661e-02 -3.560655521706235921e-02 -3.357178712739011112e-02 -2.867357080904907665e-02 -3.238851827043520704e-02 -7.531017945749911291e-02 -2.208905450317996955e-01 -6.061937692019087054e-01 -1.420953025396172631e+00 -3.411914987766286878e+00 -5.862748272240049907e+00 -1.964504657142323296e+01 1.060298636041300036e+00 -2.368255064630215827e+02 7.959643518936049986e+02 -5.951101803019848376e+03 2.553140390675124945e+04 -5.779691540632908072e+03 7.743368666553570847e+02 -2.147398691689215013e+02 5.092409709633575865e+00 -1.531809933983695871e+01 -3.857737360878183086e+00 -2.251376349044157177e+00 -8.590966916023039524e-01 -3.488254350395671999e-01 -1.188746001093219512e-01 -3.862702467456914646e-02 -1.604083361823213996e-02 -1.350233782337336742e-02 -1.470041661723803933e-02 -1.451071146506407485e-02 -1.240497712994328636e-02 -9.344900262706568039e-03 -6.354424982120694676e-03 -4.035944473691427739e-03 -2.547144509957309771e-03 -1.753226325114377350e-03 -1.402894249795372554e-03 -1.257431310161089997e-03 -1.155367837752026847e-03 -1.022971015406899838e-03 -8.526321063860978254e-04 -6.703591509460304519e-04 -5.075405369390871687e-04 -3.841872988882587877e-04 -3.040655692496079107e-04 -2.582716197487965742e-04 -2.323764070956678169e-04 -2.131059137741567102e-04 -1.922768932280896517e-04 -1.675293519545495175e-04 -1.407386580764056583e-04 -1.154733520815414766e-04 -9.475667066566365547e-05 -7.984298957093799529e-05 -7.011679409025290842e-05 -6.378327983696053854e-05 -5.882519224014036468e-05 -5.377604191709248595e-05 -4.806175986601342656e-05 -4.190438786532302718e-05 -3.595094078551191200e-05 -3.084752664984414145e-05 -2.694107253652857373e-05 -2.418699113776140742e-05 -2.225205502596578502e-05 -2.067034331259012838e-05 -1.925714949957437380e-05 -1.699484655095183293e-05 -1.920297626114666456e-05
1.046399147919069240e-04 -1.610800761495556784e-04 -2.354322763421795182e-04 -3.210123867300792981e-04 -3.857019324999671215e-04 -4.226445433480659902e-04 -4.267927759056368352e-04 -4.035609400460254698e-04 -3.701063426912184844e-04 -3.525223045014609083e-04 -3.782509019469142966e-04 -4.658614873162514021e-04 -6.159241012717142204e-04 -8.072427918506747731e-04 -1.001338724667047778e-03 -1.155587910765951826e-03 -1.241618214650485425e-03 -1.262612204956730169e-03 -1.261775097593623640e-03 -1.315543612064739350e-03 -1.509993631420069281e-03 -1.905215571776802154e-03 -2.499878618889329624e-03 -3.212474025723058985e-03 -3.894999125150083990e-03 -4.387696084862703627e-03 -4.608288882163295852e-03 -4.651943580096980398e-03 -4.860549497391031606e-03 -5.811654229980048325e-03 -8.185760252957807737e-03 -1.249737401976922652e-02 -1.873038698081503847e-02 -2.599134180532765639e-02 -3.238515411466111327e-02 -3.543414013716539301e-02 -3.347188202643368998e-02 -2.865190742578706956e-02 -3.237797708522324042e-02 -7.513934291621264527e-02 -2.202815070352161231e-01 -6.048445356005098805e-01 -1.418689822658323552e+00 -3.409775704655964468e+00 -5.860614130636627728e+00 -1.966826959235296357e+01 1.102799267518575821e+00 -2.374707523225326611e+02 7.986786010462296872e+02 -5.971893946141446577e+03 2.562889689169060148e+04 -5.803667543085640318e+03 7.775750326534655414e+02 -2.157846115557335054e+02 5.081765482991972505e+00 -1.541380943036566009e+01 -3.887939291885320170e+00 -2.268665869430675830e+00 -8.663290617125863902e-01 -3.519010096557982359e-01 -1.200099894721394361e-01 -3.903834054873778214e-02 -1.623873413519518610e-02 -1.367444574711533870e-02 -1.488434322726957075e-02 -1.469157773931149651e-02 -1.256225214290506917e-02 -9.467340268388810612e-03 -6.441260305293667818e-03 -4.094383324070582919e-03 -2.586706594378254329e-03 -1.782303310389090787e-03 -1.427035909883060064e-03 -1.279279536914460945e-03 -1.175492713646153443e-03 -1.040951957608667738e-03 -8.679319488265473418e-04 -6.827994856839251451e-04 -5.173963545621423866e-04 -3.920369209486590338e-04 -3.105568672477748140e-04 -2.639296233342308977e-04 -2.375123595749052230e-04 -2.178279329149834646e-04 -1.965647034413180638e-04 -1.713245553957025338e-04 -1.440128430872925005e-04 -1.182566671137792985e-04 -9.712983365523343918e-05 -8.190825449682128387e-05 -7.196629284155231260e-05 -6.547844743718825116e-05 -6.039242775746223041e-05 -5.521596563253828460e-05 -4.936481259781411412e-05 -4.306507379721763337e-05 -3.697560639611272357e-05 -3.175486782444121608e-05 -2.775566847030455265e-05 -2.494090030238448432e-05 -2.293682751000122183e-05 -2.149400414489440681e-05 -1.925082032527760607e-05 -2.221131434318426894e-05
1.971345187016212736e-04 -3.188338031533688726e-05 -4.284742836755466938e-05 -1.095229005639949309e-04 -1.955385316132506100e-04 -2.871707504268987388e-04 -3.629331310236248004e-04 -4.070738664957133262e-04 -4.161387424018800764e-04 -4.023353088385872209e-04 -3.908028925296940762e-04 -4.112989134255906360e-04 -4.867175549023338896e-04 -6.225748714330940669e-04 -8.020123020341166347e-04 -9.893935301415305878e-04 -1.142975438930425493e-03 -1.233297534228355950e-03 -1.260916758259116683e-03 -1.265679919706423672e-03 -1.320967492458093766e-03 -1.511119946232161422e-03 -1.896527321892630888e-03 -2.478307374958349431e-03 -3.178901763511941640e-03 -3.854414529831355022e-03 -4.347633466832999394e-03 -4.575762844606982155e-03 -4.629736373899932464e-03 -4.844237439307708636e-03 -5.788899641488844811e-03 -8.138960611053668373e-03 -1.240977119637149025e-02 -1.859427683432611153e-02 -2.581553263275584986e-02 -3.219776752204108611e-02 -3.527667496975245981e-02 -3.338186945055823807e-02 -2.863449084894878482e-02 -3.237190855200179629e-02 -7.499091295635763876e-02 -2.197492254136411138e-01 -6.036939212836046620e-01 -1.416850264732214315e+00 -3.408507180619515964e+00 -5.859897238543630316e+00 -1.969504943349243931e+01 1.144019825428667758e+00 -2.381456970635140351e+02 8.014748127256742691e+02 -5.993288109046865429e+03 2.572873147931154381e+04 -5.828118748777680594e+03 7.808774784694276150e+02 -2.168427910785016763e+02 5.072556067877688868e+00 -1.550990089676488992e+01 -3.918072148774014885e+00 -2.285934249189842671e+00 -8.735394308805011221e-01 -3.549653361186079770e-01 -1.211396327967848852e-01 -3.944679154055812098e-02 -1.643477569526369253e-02 -1.384420096918458770e-02 -1.506606635083496473e-02 -1.487153460545633313e-02 -1.271878957265711214e-02 -9.588917321696121751e-03 -6.527536029197104385e-03 -4.152416443829685597e-03 -2.625985087098956037e-03 -1.811165070106696921e-03 -1.451000979662339999e-03 -1.300975050187933675e-03 -1.195484910466547554e-03 -1.058820779764503431e-03 -8.831407887235478765e-04 -6.951685775487147136e-04 -5.271974429110009262e-04 -3.998442205544958388e-04 -3.170144289199080655e-04 -2.695596700744601099e-04 -2.426245089894878593e-04 -2.225295990314406452e-04 -2.008353923793491837e-04 -1.751057457449418171e-04 -1.472758707619928266e-04 -1.210312564693523613e-04 -9.949618483561699714e-05 -8.396812608888745222e-05 -7.381143313031000809e-05 -6.717005414434193248e-05 -6.195679670146605794e-05 -5.665371525721220374e-05 -5.066647953028440341e-05 -4.422533045303191974e-05 -3.800149341990999654e-05 -3.266469625252020143e-05 -2.858378434444717642e-05 -2.568142767973885965e-05 -2.383724866158503172e-05 -2.144167721181292004e-05 -2.524131068876406085e-05
1.657121253490029754e-04 6.678884055676406956e-05 9.499764172970072244e-05 5.590435155043699386e-05 -2.828223058735570907e-05 -1.435394077609148322e-04 -2.639505528010139407e-04 -3.632251298628453098e-04 -4.230643882297757067e-04 -4.400039169559501434e-04 -4.276377721266364168e-04 -4.129749943735663777e-04 -4.275455696218937482e-04 -4.957556405487184093e-04 -6.244551688596995491e-04 -7.980267082455020332e-04 -9.819001062567206135e-04 -1.134937194291692252e-03 -1.227476132615286505e-03 -1.258882706094814358e-03 -1.266997248742745327e-03 -1.322970172356627803e-03 -1.509543021444894381e-03 -1.886949817867904873e-03 -2.457977510834171049e-03 -3.148235040093286859e-03 -3.817413998066677451e-03 -4.310744071403752736e-03 -4.545234905107116419e-03 -4.608232724524167524e-03 -4.827982809475655536e-03 -5.766856022561742297e-03 -8.095127815873964447e-03 -1.232877333424527155e-02 -1.846898972028580138e-02 -2.565406853394495632e-02 -3.202612288447517774e-02 -3.513320675597490089e-02 -3.330116963614285219e-02 -2.862123090407782400e-02 -3.237035147390670414e-02 -7.486397069008669802e-02 -2.192898207178063663e-01 -6.027319338761443213e-01 -1.415414169844075420e+00 -3.408072355301044798e+00 -5.860541006281024146e+00 -1.972528252084971001e+01 1.184051626894767839e+00 -2.388500179744364118e+02 8.043530899001598300e+02 -6.015286089865018766e+03 2.583093162148189731e+04 -5.853054258898662738e+03 7.842453973421689852e+02 -2.179150181359005103e+02 5.064727966754721145e+00 -1.560645195980036171e+01 -3.948165114034339229e+00 -2.303197277924637465e+00 -8.807345595796731708e-01 -3.580213458998596221e-01 -1.222646924902137527e-01 -3.985198629061788289e-02 -1.662841561312250818e-02 -1.401299439604711955e-02 -1.524685278518665178e-02 -1.505027554824944595e-02 -1.287438004191573254e-02 -9.709746395336102398e-03 -6.613275776038505215e-03 -4.210073721012532605e-03 -2.664995860832670201e-03 -1.839823301700542783e-03 -1.474798991427936096e-03 -1.322526749290475886e-03 -1.215352729133825421e-03 -1.076584766580158947e-03 -8.982645029525340762e-04 -7.074707928901856650e-04 -5.369468486280646897e-04 -4.076112835560515208e-04 -3.234397547645337140e-04 -2.751629598559250135e-04 -2.477139095088271297e-04 -2.272118637942062782e-04 -2.050897886145715005e-04 -1.788735935022962929e-04 -1.505282371605953947e-04 -1.237974550982300233e-04 -1.018559350952875041e-04 -8.602273868243897150e-05 -7.565231976277745447e-05 -6.885822035924995502e-05 -6.351848623108062380e-05 -5.808964014767752082e-05 -5.196737749941979765e-05 -4.538667936787376078e-05 -3.902989750191279044e-05 -3.358955021480995181e-05 -2.939618370401929630e-05 -2.666652794847879356e-05 -2.373922534668875881e-05 -2.820882558802722796e-05
5.173052424741082371e-05 1.002791517578041381e-04 1.332183292130597241e-04 1.185078843499726825e-04 5.572522136632714393e-05 -4.638295795357744254e-05 -1.690462113106604104e-04 -2.884052998624032330e-04 -3.819846551283273810e-04 -4.356103023779362869e-04 -4.485933065518483108e-04 -4.352497649380718888e-04 -4.215043290673923214e-04 -4.369273721515476829e-04 -5.042260716432663860e-04 -6.296621640372533071e-04 -7.983797449767690698e-04 -9.775084400270167562e-04 -1.127695535553642188e-03 -1.220248952092738799e-03 -1.254131710596437504e-03 -1.265451893618040361e-03 -1.322961769378469240e-03 -1.507376727016391908e-03 -1.878284730047460232e-03 -2.439735412047422392e-03 -3.120258169075576342e-03 -3.783065964879621899e-03 -4.275938269034785730e-03 -4.515954246002339134e-03 -4.587263068254405010e-03 -4.812128348192368753e-03 -5.746073294160780782e-03 -8.054633741239269895e-03 -1.225427585520496611e-02 -1.835384979951532047e-02 -2.550584379157561782e-02 -3.186900742696471139e-02 -3.500279700170034342e-02 -3.322939615234511701e-02 -2.861229139351710929e-02 -3.237356489515171715e-02 -7.475779398419807320e-02 -2.188997483834175251e-01 -6.019493833630995550e-01 -1.414363068325502626e+00 -3.408437489717952573e+00 -5.862493996729970291e+00 -1.975887543978590344e+01 1.222979046824221427e+00 -2.395834395548776570e+02 8.073136049002941945e+02 -6.037890118990921110e+03 2.593552194774888267e+04 -5.878483063374863377e+03 7.876799712193432015e+02 -2.190018804315245973e+02 5.058231795084312310e+00 -1.570353705928832255e+01 -3.978245857858449863e+00 -2.320470024346616977e+00 -8.879209535214678262e-01 -3.610709001436197552e-01 -1.233853906006648765e-01 -4.025559793798142577e-02 -1.682100818955346855e-02 -1.418049661487074710e-02 -1.542650428220046326e-02 -1.522797040743706365e-02 -1.302910415577544084e-02 -9.829907822809782689e-03 -6.698531383138180660e-03 -4.267388755166373442e-03 -2.703759927673119335e-03 -1.868292488418627720e-03 -1.498441529027768736e-03 -1.343944959251484146e-03 -1.235105519136479911e-03 -1.094252004152769910e-03 -9.133096129568177421e-04 -7.197110375848360083e-04 -5.466480803470134949e-04 -4.153405938244800308e-04 -3.298346870537443958e-04 -2.807409845702257757e-04 -2.527818644297593178e-04 -2.318758922247233958e-04 -2.093289047463676674e-04 -1.826289290607855526e-04 -1.537705781295263887e-04 -1.265557213981720851e-04 -1.042094076228054550e-04 -8.807233670302869178e-05 -7.748918212314720043e-05 -7.054323244690055962e-05 -6.507795596236112432e-05 -5.952449078615311998e-05 -5.326925029435355616e-05 -4.655056257005949969e-05 -4.007477281634188205e-05 -3.449632602220718608e-05 -3.048146100249981728e-05 -2.653249454723110139e-05 -3.126862648873288624e-05
-7.830955987786570650e-05 6.691673115505492465e-05 7.583286585795898235e-05 7.391396477999311412e-05 4.116981336337256276e-05 -2.151932341928718259e-05 -1.091213903400199919e-04 -2.098014155477709362e-04 -3.072551535713436148e-04 -3.848430327808543671e-04 -4.311038306168090122e-04 -4.447395926992732721e-04 -4.369943383848080322e-04 -4.297448733553886841e-04 -4.490862580497830014e-04 -5.159334019298333776e-04 -6.368149343490217421e-04 -7.988066987152936263e-04 -9.716917520623249635e-04 -1.118366443599183189e-03 -1.211084148643952908e-03 -1.248084189514148731e-03 -1.263370260862136567e-03 -1.323053418917152519e-03 -1.505765470394237072e-03 -1.870518190244289773e-03 -2.422709293102348269e-03 -3.093798554242810535e-03 -3.750437040141666595e-03 -4.242842569450520733e-03 -4.488134620913015842e-03 -4.567412327922953409e-03 -4.797296712660293998e-03 -5.726900543941084061e-03 -8.017366997169846424e-03 -1.218568598879012956e-02 -1.824791275617878780e-02 -2.536979119877679975e-02 -3.172549163316640969e-02 -3.488487571661789272e-02 -3.316644511000239187e-02 -2.860793149093819598e-02 -3.238173506610760727e-02 -7.467156891117854300e-02 -2.185756094428844554e-01 -6.013378010547578700e-01 -1.413680155609620570e+00 -3.409572010558230559e+00 -5.865709563640059798e+00 -1.979574403985495579e+01 1.260880220358342241e+00 -2.403457295622395122e+02 8.103565950174838690e+02 -6.061102834871008781e+03 2.604252777113384946e+04 -5.904414066673788511e+03 7.911823737438473927e+02 -2.201039456306222348e+02 5.053021928053422762e+00 -1.580122724784615329e+01 -4.008340730950123110e+00 -2.337765845074245341e+00 -8.951038682956624637e-01 -3.641179370698209294e-01 -1.245039190787134292e-01 -4.065746912328806889e-02 -1.701235593341350258e-02 -1.434688211739716321e-02 -1.560512815977174901e-02 -1.540475004782953725e-02 -1.318306994228209822e-02 -9.949483840082538541e-03 -6.783358724311783043e-03 -4.324397263853497868e-03 -2.742300041406904847e-03 -1.896588411407805009e-03 -1.521941159887472798e-03 -1.365240740985076886e-03 -1.254753192713109521e-03 -1.111831029474318359e-03 -9.282830225597022778e-04 -7.318945558215081458e-04 -5.563049511967337697e-04 -4.230349083459405946e-04 -3.362013098521024197e-04 -2.862954473947739473e-04 -2.578298602980239550e-04 -2.365230081664453966e-04 -2.135538916205554705e-04 -1.863727041072323683e-04 -1.570036376242105799e-04 -1.293066140108922724e-04 -1.065570272171113126e-04 -9.011728513355696105e-05 -7.932241783542249506e-05 -7.222566384780981959e-05 -6.663609487818982174e-05 -6.096025210127830154e-05 -5.457373124324664640e-05 -4.773246746026228130e-05 -4.109927628919605124e-05 -3.570517848473493092e-05 -3.032470815428345290e-05 -3.485387640156737950e-05
-1.644489667548353735e-04 -6.692104685318163155e-06 -3.411862567913963025e-05 -3.686787173440960396e-05 -4.352496413843832870e-05 -6.009973186768143672e-05 -9.514264793477629880e-05 -1.517677312271467301e-04 -2.256698214131634640e-04 -3.053113782379385873e-04 -3.754814437403231780e-04 -4.231409423609826140e-04 -4.434642375829627651e-04 -4.435719889068260278e-04 -4.418768480990551860e-04 -4.625185046316362611e-04 -5.262601176294007602e-04 -6.410293474660162371e-04 -7.961851230910731766e-04 -9.638223201917713468e-04 -1.108379222298121799e-03 -1.202368667035370832e-03 -1.242926814652132311e-03 -1.261975872479053013e-03 -1.323317469890928104e-03 -1.503931687255772708e-03 -1.862566054963039723e-03 -2.406021086011677322e-03 -3.068478026012762608e-03 -3.719669580343820843e-03 -4.211931686554466411e-03 -4.462312212911411988e-03 -4.549045913416566167e-03 -4.783559090728215467e-03 -5.709106397810319658e-03 -7.982861166845708206e-03 -1.212239464547915091e-02 -1.815051100108582352e-02 -2.524525714892563236e-02 -3.159501201762846684e-02 -3.477905646598071498e-02 -3.311217397567369630e-02 -2.860821015562088274e-02 -3.239482239525313251e-02 -7.460440727559253249e-02 -2.183142767953147600e-01 -6.008895559591079794e-01 -1.413350274278434737e+00 -3.411448252492438549e+00 -5.870145344705642643e+00 -1.983581248015608978e+01 1.297827741865674067e+00 -2.411366955430666508e+02 8.134823585406214761e+02 -6.084927262871625317e+03 2.615197509467982673e+04 -5.930856111189479634e+03 7.947537730316572606e+02 -2.212217637194465567e+02 5.049056134225860859e+00 -1.589958939820195027e+01 -4.038473805483050683e+00 -2.355099766277311435e+00 -9.022904099114420484e-01 -3.671643588955976756e-01 -1.256207935300299172e-01 -4.105796709205952050e-02 -1.720258378045111392e-02 -1.451228385324750993e-02 -1.578285942119508206e-02 -1.558074520172774390e-02 -1.333638742946629749e-02 -1.006855703636354987e-02 -6.867814206405059574e-03 -4.381135560797472239e-03 -2.780639593379206995e-03 -1.924727431701047081e-03 -1.545310927649083460e-03 -1.386425526284108031e-03 -1.274305953636116354e-03 -1.129330623626758527e-03 -9.431918565055021726e-04 -7.440268017500607182e-04 -5.659214754995669583e-04 -4.306971733994430381e-04 -3.425418805140930875e-04 -2.918282062801749602e-04 -2.628595196652542404e-04 -2.411546542334232299e-04 -2.177660042602215312e-04 -1.901059635707048174e-04 -1.602282476151805008e-04 -1.320507844433694851e-04 -1.088993358206587588e-04 -9.215812272156603065e-05 -8.115273583465099473e-05 -7.390656768842271212e-05 -6.819518753157263443e-05 -6.239885049037529111e-05 -5.589822260601941869e-05 -4.889170759999770312e-05 -4.246013400309017603e-05 -3.553207850281010571e-05 -3.958036619087509185e-05
-1.774652017614597758e-04 -8.130164980001988956e-05 -1.388997350636021354e-04 -1.521292381062697336e-04 -1.455172177913147775e-04 -1.283955202405891399e-04 -1.171825151484760861e-04 -1.261886799279580442e-04 -1.628562390790851567e-04 -2.246817386461134164e-04 -2.997848569713795893e-04 -3.711347443358504030e-04 -4.231973490386159290e-04 -4.486712292149609097e-04 -4.527041573102559210e-04 -4.525051063212438200e-04 -4.718628940742545489e-04 -5.319854206821849523e-04 -6.418616139602450294e-04 -7.922333801041172782e-04 -9.565175898377300265e-04 -1.100004307231303028e-03 -1.195266708217517567e-03 -1.238600822691592876e-03 -1.260380823830798249e-03 -1.322647908427938271e-03 -1.501078922301804248e-03 -1.854196423747525146e-03 -2.389954030388494795e-03 -3.044840620374004818e-03 -3.691267767540248618e-03 -4.183461340450726068e-03 -4.438442480331483697e-03 -4.531903804668955052e-03 -4.770583215759688876e-03 -5.692399146006097733e-03 -7.950891816542789842e-03 -1.206418567620490961e-02 -1.806134267380703207e-02 -2.513179718595657738e-02 -3.147701637799810853e-02 -3.468480900606671358e-02 -3.306623369372136551e-02 -2.861301772139165922e-02 -3.241273943573245997e-02 -7.455556081012648661e-02 -2.181130292252542735e-01 -6.005978271511421829e-01 -1.413359697833592721e+00 -3.414041057353641495e+00 -5.875762735605794873e+00 -1.987901241820640053e+01 1.333889175105081204e+00 -2.419561818868822911e+02 8.166912511906049303e+02 -6.109366796756909935e+03 2.626389061884165858e+04 -5.957817998457456270e+03 7.983953341561115167e+02 -2.223558679213795983e+02 5.046296444132995163e+00 -1.599869001276671909e+01 -4.068670239839834224e+00 -2.372484177678875650e+00 -9.094856968287183818e-01 -3.702125327290462509e-01 -1.267368395096387934e-01 -4.145740708426689375e-02 -1.739184500914766132e-02 -1.467683436225408582e-02 -1.595983395258988857e-02 -1.575608498765670995e-02 -1.348916510049760244e-02 -1.018720887490538740e-02 -6.951953689437036406e-03 -4.437639847075852337e-03 -2.818802101177184279e-03 -1.952726116056489620e-03 -1.568564072092652967e-03 -1.407510904949836042e-03 -1.293774132547483979e-03 -1.146759682004921087e-03 -9.580433563379458064e-04 -7.561133547313196113e-04 -5.755017990720897106e-04 -4.383304667673433770e-04 -3.488587813217672263e-04 -2.973412329496407627e-04 -2.678725658258954687e-04 -2.457723613780952044e-04 -2.219665765835570855e-04 -1.938298279411579514e-04 -1.634453238838855227e-04 -1.347889990110634061e-04 -1.112370597583388538e-04 -9.419573822447223593e-05 -8.298140570252452374e-05 -7.558863142434299627e-05 -6.975759664451499297e-05 -6.386029281021581374e-05 -5.719747869912037005e-05 -5.043257644848622896e-05 -4.225901635317768561e-05 -4.601861377764723614e-05
-1.257167225569551054e-04 -1.234727110036667628e-04 -1.925288498547021796e-04 -2.186776504624789576e-04 -2.138607411862662679e-04 -1.863575576661962937e-04 -1.524753271672559668e-04 -1.299360136632657066e-04 -1.328250724934868703e-04 -1.670789120447835026e-04 -2.284496807022802761e-04 -3.037567290963902192e-04 -3.753678142621463560e-04 -4.276921143691614097e-04 -4.535485847856133949e-04 -4.580420807359482848e-04 -4.580466721222930279e-04 -4.768514693756295965e-04 -5.352953155965661097e-04 -6.424168249897850742e-04 -7.895329753222747821e-04 -9.510021397891608779e-04 -1.093034472590656385e-03 -1.188646709718728031e-03 -1.233788412908483649e-03 -1.257699038578397564e-03 -1.320871688260338633e-03 -1.497660377517383724e-03 -1.846156365613743763e-03 -2.375164360109427875e-03 -3.023186562074568068e-03 -3.665116433665380462e-03 -4.157030499091655083e-03 -4.416063598111925892e-03 -4.515666027006265057e-03 -4.758281195891348771e-03 -5.676871836354634854e-03 -7.921576602031668926e-03 -1.201101964660237532e-02 -1.798009191834881726e-02 -2.502882231821726075e-02 -3.137077759088857665e-02 -3.460148545400520970e-02 -3.302825575794134799e-02 -2.862231505723742894e-02 -3.243553012147599307e-02 -7.452446913089463831e-02 -2.179694546882797179e-01 -6.004563944889103055e-01 -1.413695857671284140e+00 -3.417327457303722227e+00 -5.882526544651838663e+00 -1.992528242885271084e+01 1.369127415771534073e+00 -2.428040672327566654e+02 8.199836830581997447e+02 -6.134425182404823317e+03 2.637830174952475136e+04 -5.985308507218877821e+03 8.021082226925277610e+02 -2.235067803168362843e+02 5.044705460500437333e+00 -1.609859087667107147e+01 -4.098952295425265291e+00 -2.389931521954884452e+00 -9.166949800177897067e-01 -3.732646877899725157e-01 -1.278528837532596774e-01 -4.185609649268146742e-02 -1.758029295911941667e-02 -1.484066423650966249e-02 -1.613618487169040175e-02 -1.593089549488365883e-02 -1.364150890401417439e-02 -1.030551906666932194e-02 -7.035832029296918734e-03 -4.493945863735865874e-03 -2.856810936838405455e-03 -1.980601023461461743e-03 -1.591713861662990984e-03 -1.428508493253925976e-03 -1.313168082755173565e-03 -1.164127130515001628e-03 -9.728448118121736351e-04 -7.681598622964572491e-04 -5.850501511513370428e-04 -4.459379566922690619e-04 -3.551544838965466338e-04 -3.028365815267626288e-04 -2.728707950676121513e-04 -2.503777254751769266e-04 -2.261570055471276951e-04 -1.975454924707981976e-04 -1.666558963086997417e-04 -1.375222249606559814e-04 -1.135713297840766888e-04 -9.623169191310258536e-05 -8.481165164648790786e-05 -7.727479766047278117e-05 -7.134684355915750780e-05 -6.529321176509775314e-05 -5.894008365007790735e-05 -5.016794902425690799e-05 -5.441068790714857138e-05
-4.250988307627747635e-05 -1.188836327890401272e-04 -1.781179009429381893e-04 -2.127932028901417469e-04 -2.206734844190288763e-04 -2.056928963706656762e-04 -1.773974281372024035e-04 -1.490209874779478065e-04 -1.342758887999198907e-04 -1.435576206916169947e-04 -1.806098860942696054e-04 -2.408838852270294871e-04 -3.124648881864026625e-04 -3.797345483439535838e-04 -4.289256244443803495e-04 -4.537902591442809891e-04 -4.592330540697430667e-04 -4.610407139968880521e-04 -4.811063213872758667e-04 -5.392154194658640683e-04 -6.441543047278025340e-04 -7.878782901349501303e-04 -9.459760946061706189e-04 -1.085919154368596975e-03 -1.181428048871143669e-03 -1.228227790665688008e-03 -1.254419452221244716e-03 -1.318869563780728123e-03 -1.494508152942035633e-03 -1.838900680939750416e-03 -2.361619817500817172e-03 -3.003104133429502186e-03 -3.640662873899885420e-03 -4.132193970656550079e-03 -4.394994101054564180e-03 -4.500430009965500355e-03 -4.746916453208488429e-03 -5.662771896406505918e-03 -7.894972164452566249e-03 -1.196265980793427552e-02 -1.790623279185282052e-02 -2.493562640550389328e-02 -3.127558858134985714e-02 -3.452856854754822458e-02 -3.299803954365371217e-02 -2.863619257839738683e-02 -3.246329762847350447e-02 -7.451060463874263629e-02 -2.178812777464207151e-01 -6.004594942151422199e-01 -1.414347230416155288e+00 -3.421286542061482194e+00 -5.890404785547929123e+00 -1.997456751234775751e+01 1.403601089608296215e+00 -2.436802621213319640e+02 8.233601158588853650e+02 -6.160106502179259223e+03 2.649523660813120659e+04 -6.013336415042828776e+03 8.058936032257834086e+02 -2.246750086858643556e+02 5.044250454577838383e+00 -1.619935209473009152e+01 -4.129341650229267024e+00 -2.407453695511662772e+00 -9.239233326889794151e-01 -3.763229689792664812e-01 -1.289697265726558462e-01 -4.225433382661895193e-02 -1.776807724674070790e-02 -1.500390065234162400e-02 -1.631204157392920559e-02 -1.610529926041149446e-02 -1.379352191320406922e-02 -1.042356531871995590e-02 -7.119502868974256909e-03 -4.550088711782388981e-03 -2.894689172993238861e-03 -2.008368577157765116e-03 -1.614773489645257186e-03 -1.449429850755727710e-03 -1.332498113377907209e-03 -1.181441870961394457e-03 -9.876035152456893052e-04 -7.801720010592874070e-04 -5.945708101257367794e-04 -4.535228711022566651e-04 -3.614315209746919917e-04 -3.083163626429829109e-04 -2.778560544172622992e-04 -2.549723930401693781e-04 -2.303387543780835900e-04 -2.012542677672791828e-04 -1.698612172853659072e-04 -1.402519000569752219e-04 -1.159040763867047349e-04 -9.826987646375106732e-05 -8.664708641746373297e-05 -7.899301437853775601e-05 -7.290311935611077277e-05 -6.724991092813379257e-05 -5.855733180940451895e-05 -6.447040067509759032e-05
3.140730008642737267e-05 -7.540843152501592282e-05 -1.103850005312394077e-04 -1.455458867970668127e-04 -1.692055577511227839e-04 -1.799124033799092358e-04 -1.776517449266036888e-04 -1.664058838867034699e-04 -1.538651705519131056e-04 -1.497723800350302483e-04 -1.629147984929388759e-04 -1.977605743217400989e-04 -2.521122650032569428e-04 -3.169811388558198338e-04 -3.792200644801909802e-04 -4.263759160798933625e-04 -4.521447789677526872e-04 -4.602687221178680568e-04 -4.648579128930536292e-04 -4.863014744803289603e-04 -5.436004379427598421e-04 -6.457141168282036102e-04 -7.855975881136411949e-04 -9.402336130766150366e-04 -1.078306719788143164e-03 -1.174063468277219448e-03 -1.222818109043597151e-03 -1.251436713147973051e-03 -1.317185781524784355e-03 -1.491684961410703718e-03 -1.832095088479672104e-03 -2.348806992822482370e-03 -2.984137607413122392e-03 -3.617669584986579583e-03 -4.108972234469376872e-03 -4.375442078044780060e-03 -4.486458993210325208e-03 -4.736670929158001524e-03 -5.650104108491649235e-03 -7.870870648437375272e-03 -1.191870781253135878e-02 -1.783924122202845686e-02 -2.485165023479613683e-02 -3.119095668959245490e-02 -3.446572713133752575e-02 -3.297547129563579288e-02 -2.865471192383699586e-02 -3.249604828982610022e-02 -7.451337913759946419e-02 -2.178463443223853657e-01 -6.006018483880696257e-01 -1.415303343525122992e+00 -3.425899367298912424e+00 -5.899368415533406740e+00 -2.002681861241651617e+01 1.437364849271985934e+00 -2.445847054655085913e+02 8.268210619402074144e+02 -6.186415166581259655e+03 2.661472403709622085e+04 -6.041910509413657564e+03 8.097526459037770792e+02 -2.258610510361293962e+02 5.044900812404522483e+00 -1.630103163062291927e+01 -4.159859134383976809e+00 -2.425062140529186117e+00 -9.311756362401754084e-01 -3.793894420787936594e-01 -1.300881399926633319e-01 -4.265240770702534434e-02 -1.795534282915055291e-02 -1.516666684424902017e-02 -1.648752945792715183e-02 -1.627941513255740796e-02 -1.394530423822899247e-02 -1.054142325227394594e-02 -7.203018549768481008e-03 -4.606102759981755418e-03 -2.932459495029236460e-03 -2.036044987172742730e-03 -1.637756009456594990e-03 -1.470286427713648255e-03 -1.351774446593107361e-03 -1.198712745451616882e-03 -1.002326730702801216e-03 -7.921554488270666659e-04 -6.040680772298864711e-04 -4.610884721229032324e-04 -3.676924619594964020e-04 -3.137827221459759102e-04 -2.828302292139866863e-04 -2.595580693907542755e-04 -2.345134047691995718e-04 -2.049577109416684064e-04 -1.730630787970923790e-04 -1.429803862862766100e-04 -1.182399509154875373e-04 -1.003145716143617083e-04 -8.852072776496095179e-05 -8.067243131771388814e-05 -7.507951095972103053e-05 -6.669159471342037148e-05 -7.541531134992763305e-05
6.791757175710500666e-05 -1.656187095317904643e-05 -2.459589127866892497e-05 -5.270384238881358461e-05 -8.750800752587373969e-05 -1.234899587598922070e-04 -1.526584084174267375e-04 -1.696016254321381180e-04 -1.738058153018324148e-04 -1.704642883212888541e-04 -1.689460822292578046e-04 -1.793844428136897305e-04 -2.085658816660572663e-04 -2.567628031105717037e-04 -3.169335610034693562e-04 -3.769595526954422089e-04 -4.244154404174167641e-04 -4.522150569102913729e-04 -4.628766512715890447e-04 -4.692794157278036538e-04 -4.909596954307795993e-04 -5.466877274487150001e-04 -6.458579139311386745e-04 -7.823579256708383927e-04 -9.342672254845109641e-04 -1.071126385706879132e-03 -1.167453264537151670e-03 -1.218091269995570094e-03 -1.248803712532561101e-03 -1.315499503467592842e-03 -1.488721939929261518e-03 -1.825348620827451154e-03 -2.336548016193335658e-03 -2.966334774123981222e-03 -3.596325885843221735e-03 -4.087574343850668493e-03 -4.357535976843089111e-03 -4.473755482350837490e-03 -4.727430211419711946e-03 -5.638674604306033802e-03 -7.849032728850652285e-03 -1.187889066430136004e-02 -1.777880406212048806e-02 -2.477653833613640416e-02 -3.111651172205474186e-02 -3.441264109525957182e-02 -3.296035503290853375e-02 -2.867781344708147939e-02 -3.253370019705995042e-02 -7.453222829595314292e-02 -2.178627197669804894e-01 -6.008787183226922402e-01 -1.416554697835537890e+00 -3.431148826817102648e+00 -5.909391166017212704e+00 -2.008199066474817229e+01 1.470471139828440688e+00 -2.455173670597117734e+02 8.303670781535122387e+02 -6.213355897858124990e+03 2.673679361469217474e+04 -6.071039605858970390e+03 8.136865257875293764e+02 -2.270653963143246585e+02 5.046628219597476317e+00 -1.640368556236600028e+01 -4.190524773682875015e+00 -2.442767882843455141e+00 -9.384565921971155245e-01 -3.824660984824906351e-01 -1.312088687356825489e-01 -4.305059681660412807e-02 -1.814222978102005349e-02 -1.532908198504537127e-02 -1.666276991221066553e-02 -1.645335830470009281e-02 -1.409695305652269859e-02 -1.065916640662451995e-02 -7.286430087732490533e-03 -4.662021603471569291e-03 -2.970144153288934580e-03 -2.063646204540807612e-03 -1.660674295092072743e-03 -1.491089532478833074e-03 -1.371007190667181954e-03 -1.215948512980843900e-03 -1.017021672097340569e-03 -8.041158626722207624e-04 -6.135462538655437909e-04 -4.686380333144847510e-04 -3.739398931010993131e-04 -3.192378313593097292e-04 -2.877952571127247519e-04 -2.641365825707426705e-04 -2.386828079171383172e-04 -2.086579810687133607e-04 -1.762642977832885925e-04 -1.457131168081170582e-04 -1.205838058421717534e-04 -1.024040530607693783e-04 -9.034854313126714376e-05 -8.307667737332033290e-05 -7.430825680335767980e-05 -8.631008889700121590e-05
6.015263037516641617e-05 3.086136300356286566e-05 4.141537475538415055e-05 2.418871701958106478e-05 -1.261794132368950939e-05 -6.224339020383173676e-05 -1.133537407199292513e-04 -1.549513115122354821e-04 -1.799468101297616160e-04 -1.876798193814261024e-04 -1.842237100926463192e-04 -1.802912552865079557e-04 -1.873443062763848290e-04 -2.132033949097540118e-04 -2.587951857489345490e-04 -3.173906566459583334e-04 -3.769168781563120795e-04 -4.247834350144054404e-04 -4.535618939191224299e-04 -4.652922684011944615e-04 -4.723270115880574783e-04 -4.937680643510051082e-04 -5.482039882845160007e-04 -6.452122431272956822e-04 -7.792209514201190769e-04 -9.290504132403504169e-04 -1.064904467788169076e-03 -1.161585510662613242e-03 -1.213646174340906160e-03 -1.246001666434094378e-03 -1.313427877554801870e-03 -1.485506517100185740e-03 -1.818804372243749317e-03 -2.325117057034676703e-03 -2.949943651324468327e-03 -3.576739314331355436e-03 -4.067937739865168031e-03 -4.341094291997876602e-03 -4.462110532358560915e-03 -4.719036415894384273e-03 -5.628401678833191805e-03 -7.829414582271057577e-03 -1.184312378774554642e-02 -1.772472146826196276e-02 -2.470995045422537048e-02 -3.105182182721536940e-02 -3.436889835853759734e-02 -3.295241988287082868e-02 -2.870541221626772208e-02 -3.257620894145353552e-02 -7.456671478506501916e-02 -2.179286877766263564e-01 -6.012859025081910280e-01 -1.418092766409708938e+00 -3.437017928934393840e+00 -5.920447807095087889e+00 -2.014004684275907664e+01 1.502966192389149080e+00 -2.464782400960235123e+02 8.339987691707372051e+02 -6.240933723814137920e+03 2.686147566292279589e+04 -6.100732561076855745e+03 8.176964249512585639e+02 -2.282885257742271108e+02 5.049406529565724000e+00 -1.650736826688843806e+01 -4.221357855626986399e+00 -2.460581566650120955e+00 -9.457707360410130271e-01 -3.855548604814886815e-01 -1.323326318084140918e-01 -4.344917024102240566e-02 -1.832887334175616056e-02 -1.549126124320230301e-02 -1.683788042029965917e-02 -1.662724043119160819e-02 -1.424856270365568167e-02 -1.077686629019149883e-02 -7.369787188068847861e-03 -4.717878053350166301e-03 -3.007764940574026661e-03 -2.091187896100297258e-03 -1.683541018147058062e-03 -1.511850312005112414e-03 -1.390206322964567583e-03 -1.233157833066216621e-03 -1.031695485734660835e-03 -8.160588596179943390e-04 -6.230096214364718322e-04 -4.761748224739840453e-04 -3.801764115964227707e-04 -3.246839075515028971e-04 -2.927532027841222109e-04 -2.687100498715032154e-04 -2.428494678387431471e-04 -2.123583333966428961e-04 -1.794710548230096336e-04 -1.484553934694074744e-04 -1.229789564367847932e-04 -1.044400928219957049e-04 -9.300536827247242152e-05 -8.209391813370777542e-05 -9.666382824145897037e-05
2.114713805074276245e-05 4.870884269612412603e-05 6.363578730025420212e-05 5.633341673189182393e-05 2.663734667874399312e-05 -2.041370587508312880e-05 -7.546138464196906097e-05 -1.274775546530727106e-04 -1.669355693253175485e-04 -1.886931700479522046e-04 -1.936836137384625534e-04 -1.887564242836704191e-04 -1.845399196261385624e-04 -1.918563221956808755e-04 -2.177896694208008807e-04 -2.628262862658703502e-04 -3.202680037856804455e-04 -3.784602173890457347e-04 -4.253506452433749641e-04 -4.538624970344227604e-04 -4.660028426076315918e-04 -4.737075361428353380e-04 -4.954725809981468934e-04 -5.493883180290608150e-04 -6.449035097772599576e-04 -7.767875871970454649e-04 -9.245554245575497883e-04 -1.059158864844597561e-03 -1.155841540949504925e-03 -1.209028029990258553e-03 -1.242904137392837746e-03 -1.311162741029388507e-03 -1.482404149579758402e-03 -1.812808884171177200e-03 -2.314690811423264841e-03 -2.934917513630319261e-03 -3.558689185844938693e-03 -4.049782215064284992e-03 -4.325897353623632535e-03 -4.451437064824904921e-03 -4.711531758538534641e-03 -5.619384677574806863e-03 -7.812065836728424376e-03 -1.181131218439846614e-02 -1.767671199244279581e-02 -2.465145130108575486e-02 -3.099639864031033046e-02 -3.433409325958864527e-02 -3.295145186464584069e-02 -2.873751244283110837e-02 -3.262358495889616100e-02 -7.461656668347507737e-02 -2.180428208795542611e-01 -6.018180310280769607e-01 -1.419908318140218118e+00 -3.443494597235867705e+00 -5.932518506212241860e+00 -2.020095205294498442e+01 1.534895708929413516e+00 -2.474673431591524491e+02 8.377167831276557308e+02 -6.269153968766985599e+03 2.698880125899810446e+04 -6.130998285914933149e+03 8.217835341168566856e+02 -2.295309141797289101e+02 5.053211616289169150e+00 -1.661213258906871815e+01 -4.252376992993535332e+00 -2.478513487374987001e+00 -9.531224506566331467e-01 -3.886575865494591442e-01 -1.334601242366976193e-01 -4.384838796236645991e-02 -1.851540408243566166e-02 -1.565331592453201789e-02 -1.701297472398785593e-02 -1.680116978509039669e-02 -1.440022479646011627e-02 -1.089459245810622118e-02 -7.453138282120165548e-03 -4.773704145626308029e-03 -3.045343186068090457e-03 -2.118685432904859021e-03 -1.706368635742985590e-03 -1.532579740603416977e-03 -1.409381678661276831e-03 -1.250349252926815334e-03 -1.046355235182620021e-03 -8.279900003421695629e-04 -6.324624281418196083e-04 -4.837021005874380893e-04 -3.864046526709831453e-04 -3.301232982775989468e-04 -2.977064375635739280e-04 -2.732812865158434955e-04 -2.470170460241907350e-04 -2.160656599022190902e-04 -1.826890624198752974e-04 -1.512553127401872774e-04 -1.253132649004297958e-04 -1.074042337458259213e-04 -9.185313898162070288e-05 -1.070557697068581977e-04
-2.545669094499694498e-05 3.404840270494311914e-05 4.005085548947729746e-05 3.809030152158503983e-05 2.077436587762653025e-05 -1.043954080376047005e-05 -5.186020795967079337e-05 -9.716048757581538650e-05 -1.388755470829668745e-04 -1.703930190391079568e-04 -1.880834588919526708e-04 -1.928150449993633830e-04 -1.901553206213107083e-04 -1.889203078748247829e-04 -1.983217724789663192e-04 -2.245621741517656088e-04 -2.681511801447909044e-04 -3.231400422995958188e-04 -3.789310678314437983e-04 -4.243621351032130277e-04 -4.527315526504896610e-04 -4.657994431439181843e-04 -4.747867307933318183e-04 -4.973410238058591877e-04 -5.509449277718174226e-04 -6.449434557899952998e-04 -7.745535616887421577e-04 -9.201018044028940043e-04 -1.053363755769191456e-03 -1.150042524475982167e-03 -1.204412791958410283e-03 -1.239901761757608665e-03 -1.309108540675900986e-03 -1.479664260873683008e-03 -1.807380832166186795e-03 -2.305086716406025242e-03 -2.920975749818620088e-03 -3.541919447310417583e-03 -4.032966539088912207e-03 -4.311946417654058568e-03 -4.441842042169383102e-03 -4.705049297942955240e-03 -5.611693259875119751e-03 -7.796924579651780783e-03 -1.178323609314745578e-02 -1.763442008077044723e-02 -2.460061504807608060e-02 -3.094983480785999663e-02 -3.430794430418866725e-02 -3.295731016191484619e-02 -2.877425209535079687e-02 -3.267598432943930736e-02 -7.467990791496144365e-02 -2.182022709937180560e-01 -6.024737550509789985e-01 -1.421996172203346509e+00 -3.450565057478610864e+00 -5.945582922607878018e+00 -2.026467631354253385e+01 1.566302160215423456e+00 -2.484847180170169452e+02 8.415218106933104991e+02 -6.298022246515643019e+03 2.711880224695588549e+04 -6.161845757431694437e+03 8.259490541565426156e+02 -2.307930309113480973e+02 5.058021237247422697e+00 -1.671802999795373168e+01 -4.283600182988360316e+00 -2.496573622367755707e+00 -9.605159790192527858e-01 -3.917760764136250518e-01 -1.345920188014029795e-01 -4.424850140954073030e-02 -1.870194812925363159e-02 -1.581535365567231927e-02 -1.718816301531521373e-02 -1.697525143645336673e-02 -1.455202837265437074e-02 -1.101241260439883400e-02 -7.536530577806088184e-03 -4.829531162453833126e-03 -3.082899760059305914e-03 -2.146153887625399000e-03 -1.729169385406170321e-03 -1.553288613614212501e-03 -1.428542942712661499e-03 -1.267531197207575700e-03 -1.061007889835552127e-03 -8.399147808301574581e-04 -6.419088930934432283e-04 -4.912231552670666152e-04 -3.926273838008223884e-04 -3.355586782118107287e-04 -3.026580888378600570e-04 -2.778543633522989457e-04 -2.511932005302059171e-04 -2.197862545469994448e-04 -1.859715253055569187e-04 -1.539877479464881523e-04 -1.286754259530351833e-04 -1.061415257522986430e-04 -1.194553976420960090e-04
-5.820585593313323114e-05 -1.628108651365201500e-06 -1.161471514997717675e-05 -1.392444384107477283e-05 -1.908511570651390043e-05 -2.934181877518081278e-05 -4.745002963417740369e-05 -7.381987711504230543e-05 -1.059715099194442943e-04 -1.389268174021051402e-04 -1.668370444818182417e-04 -1.852743584711182695e-04 -1.933131920867647857e-04 -1.944642251443766531e-04 -1.958819983563589179e-04 -2.059223540608029045e-04 -2.308281819775663503e-04 -2.718467243667608679e-04 -3.240843001184334510e-04 -3.778976393408203338e-04 -4.226551754481735926e-04 -4.516227669757503192e-04 -4.660330822800820279e-04 -4.763206651407946761e-04 -4.994010285223080079e-04 -5.523597490550706708e-04 -6.446309195788915355e-04 -7.719727418278278996e-04 -9.154957575515171786e-04 -1.047685854836469862e-03 -1.144575185265985602e-03 -1.200207937453995517e-03 -1.237257484549765399e-03 -1.307310658600200097e-03 -1.477142402696614201e-03 -1.802280989294418158e-03 -2.296080519888522679e-03 -2.907987074157586220e-03 -3.526414785591621987e-03 -4.017563107886448076e-03 -4.299344504371947068e-03 -4.433400399521396536e-03 -4.699595090432273636e-03 -5.605248056200960727e-03 -7.783828711397776205e-03 -1.175866518686722630e-02 -1.759756379212049776e-02 -2.455714967841855431e-02 -3.091181847392496934e-02 -3.429033772152885462e-02 -3.297002126550861723e-02 -2.881403262199305065e-02 -3.273191463200286755e-02 -7.475878660064763648e-02 -2.184078577633536411e-01 -6.032488380967038211e-01 -1.424349076293793592e+00 -3.458217662538425774e+00 -5.959623168141478189e+00 -2.033119354523222100e+01 1.597225471793896734e+00 -2.495304284777707267e+02 8.454145839254085786e+02 -6.327544454268137997e+03 2.725151124974660706e+04 -6.193284030203857583e+03 8.301941975043871480e+02 -2.320753409878580271e+02 5.063814907784709440e+00 -1.682511073090043752e+01 -4.315044861970697809e+00 -2.514771659403274739e+00 -9.679554360516275935e-01 -3.949120758461888703e-01 -1.357289677198808830e-01 -4.464975402349306843e-02 -1.888862741268046083e-02 -1.597747858706510468e-02 -1.736355214088843024e-02 -1.714958743903313362e-02 -1.470406003772082443e-02 -1.113039266167009829e-02 -7.620010117960850267e-03 -4.885389661207444230e-03 -3.120455085828693388e-03 -2.173608037921501927e-03 -1.751955284485308710e-03 -1.573987544343288542e-03 -1.447699644512117061e-03 -1.284711961391243754e-03 -1.075660321062372202e-03 -8.518386408986572227e-04 -6.513532458636993230e-04 -4.987414081201994474e-04 -3.988477322423926680e-04 -3.409935772915997161e-04 -3.076127363466390130e-04 -2.824379450876326309e-04 -2.553852601312331318e-04 -2.235800013984646747e-04 -1.891803741616319089e-04 -1.578674682042361353e-04 -1.273312781076277789e-04 -1.369255430612664824e-04
-6.570480800827659953e-05 -3.934848341267328429e-05 -6.419017560956141841e-05 -7.105534720408030911e-05 -6.891750977008582145e-05 -6.227068103949584663e-05 -5.827667829877215312e-05 -6.297176412852208507e-05 -7.920690253192022557e-05 -1.055307648864796892e-04 -1.367216216625063790e-04 -1.658063198119471930e-04 -1.868661301331879672e-04 -1.975824758409409432e-04 -2.004845353537607934e-04 -2.022865288939861505e-04 -2.114126731741284887e-04 -2.345419459383665123e-04 -2.735326510129684101e-04 -3.240828048196256624e-04 -3.769613823087601006e-04 -4.216694345814532389e-04 -4.513033813181244408e-04 -4.666848525845911761e-04 -4.777300733577596404e-04 -5.009042920488509642e-04 -5.530766417629172241e-04 -6.437963825279952555e-04 -7.692517040792959350e-04 -9.111567875568205282e-04 -1.042543294300117855e-03 -1.139689964734685087e-03 -1.196435237139580358e-03 -1.234810277451168841e-03 -1.305535099891996830e-03 -1.474645251616808241e-03 -1.797425384511136754e-03 -2.287702058810701065e-03 -2.896047735727476456e-03 -3.512270883323312561e-03 -4.003614488755269721e-03 -4.288063026254526275e-03 -4.426028282928427468e-03 -4.695062016317436832e-03 -5.599944729237710944e-03 -7.772675663613686295e-03 -1.173749265818850064e-02 -1.756595085400425305e-02 -2.452094207373256216e-02 -3.088223043231820217e-02 -3.427934329027643168e-02 -3.298787877980130512e-02 -2.885937877923775222e-02 -3.279363341734956722e-02 -7.485188507364375077e-02 -2.186576397540268835e-01 -6.041402934348499842e-01 -1.426960956509187195e+00 -3.466441833084542790e+00 -5.974623173191117687e+00 -2.040048136996393069e+01 1.627703270319372564e+00 -2.506045593076787270e+02 8.493958752518401525e+02 -6.357726767492737054e+03 2.738696168181288158e+04 -6.225322246970105880e+03 8.345201894897817283e+02 -2.333783060116134038e+02 5.070573786263241622e+00 -1.693342392665430651e+01 -4.346727956044878383e+00 -2.533117023114553668e+00 -9.754448196713284558e-01 -3.980672811626932428e-01 -1.368716042507786557e-01 -4.505238181627911620e-02 -1.907555992538694650e-02 -1.613979160262543622e-02 -1.753924580903091709e-02 -1.732427701825169433e-02 -1.485640411364336569e-02 -1.124859690407133302e-02 -7.703621843262761608e-03 -4.941309508761788406e-03 -3.158029156550178334e-03 -2.201062373984428219e-03 -1.774738132560802276e-03 -1.594686962986189378e-03 -1.466861154703833154e-03 -1.301899710491765056e-03 -1.090319313386645811e-03 -8.637670102787125452e-04 -6.607998541626717995e-04 -5.062606954161390834e-04 -4.050698478913209908e-04 -3.464333240304730754e-04 -3.125805261890691696e-04 -2.870410904267810584e-04 -2.596629513155805321e-04 -2.272931527654017492e-04 -1.937049468320387990e-04 -1.563870457435349284e-04 -1.626027410801387965e-04
-4.978611011967533519e-05 -6.181581623422471752e-05 -9.393054118376520411e-05 -1.065264469461641231e-04 -1.039198892907250763e-04 -9.062965409473332169e-05 -7.461525399616663159e-05 -6.419627286919710662e-05 -6.557275334638537037e-05 -8.090053171748211129e-05 -1.076941787630139022e-04 -1.397898727711178275e-04 -1.696151809618747658e-04 -1.910300277133177710e-04 -2.017519735670585275e-04 -2.044316312485072772e-04 -2.058622933710565486e-04 -2.144700953723625392e-04 -2.369077984615557033e-04 -2.750587289095316997e-04 -3.247452360274234446e-04 -3.769378234981709533e-04 -4.213281421964182164e-04 -4.510826493813549520e-04 -4.669014190428311768e-04 -4.784031053216436253e-04 -5.016881187085600428e-04 -5.533565199590982035e-04 -6.429297248481996747e-04 -7.668627618619885261e-04 -9.073534412201340622e-04 -1.037938495360417584e-03 -1.135184205473815065e-03 -1.192820372057572719e-03 -1.232349274046762484e-03 -1.303713759153145258e-03 -1.472247810479346058e-03 -1.792967989269990924e-03 -2.280094992060649212e-03 -2.885220094592042071e-03 -3.499444558920806764e-03 -3.990998104284322438e-03 -4.277956924414474948e-03 -4.419615954241988380e-03 -4.691400858287817638e-03 -5.595797909540760860e-03 -7.763440985374702764e-03 -1.171978421317984922e-02 -1.753958204777561827e-02 -2.448995490179786336e-02 -3.085913081738357253e-02 -3.427742125511287069e-02 -3.301315713640579075e-02 -2.890921681578304328e-02 -3.286035345023000792e-02 -7.495892988370185528e-02 -2.189504015538661641e-01 -6.051453384060714313e-01 -1.429826349534309538e+00 -3.475228043689280621e+00 -5.990568510464759910e+00 -2.047252086584745356e+01 1.657771072909848709e+00 -2.517072152633236044e+02 8.534664965942695289e+02 -6.388575635608810444e+03 2.752518776214932223e+04 -6.257969648690745089e+03 8.389282696029264343e+02 -2.347023850455638296e+02 5.078280569069227646e+00 -1.704301774835809269e+01 -4.378665927852832596e+00 -2.551618899514015659e+00 -9.829880210753199066e-01 -4.012433434336226123e-01 -1.380205442133925764e-01 -4.545661391259929462e-02 -1.926285997907884601e-02 -1.630239052855228521e-02 -1.771534479425531869e-02 -1.749941675645375755e-02 -1.500914278655881076e-02 -1.136708805140669229e-02 -7.787409658066142722e-03 -4.997319919437348372e-03 -3.195641555418994584e-03 -2.228531107809913082e-03 -1.797529513603621622e-03 -1.615397114249125321e-03 -1.486036683316053087e-03 -1.319102490857564178e-03 -1.104991618853462228e-03 -8.757054669265897920e-04 -6.702535836485257713e-04 -5.137861234576231563e-04 -4.113001841570078625e-04 -3.518902107480846131e-04 -3.175730035849763677e-04 -2.917478391652942975e-04 -2.638498923897191146e-04 -2.325692605014274383e-04 -1.919157880161018019e-04 -1.982122246929813626e-04
-2.163619181877323458e-05 -6.069812944629250531e-05 -9.018127268299988748e-05 -1.066515162174907296e-04 -1.092775422071620126e-04 -1.006434975619696312e-04 -8.605873343696302696e-05 -7.227629850497536014e-05 -6.572108062643973187e-05 -7.068908145545776272e-05 -8.805627940005312745e-05 -1.149599684552132626e-04 -1.456735002502751496e-04 -1.735190905071761251e-04 -1.932607204745052270e-04 -2.031697702121781132e-04 -2.059473947401515616e-04 -2.080107147585687200e-04 -2.172220915054785025e-04 -2.397651297117958484e-04 -2.773521807184735756e-04 -3.259823930550966053e-04 -3.770402258684545094e-04 -4.206579689617774131e-04 -4.502570696100598180e-04 -4.664853512123176278e-04 -4.786235961831526655e-04 -5.023023616806867458e-04 -5.537389965204241385e-04 -6.423477803389834612e-04 -7.648232897980229055e-04 -9.038652126677385696e-04 -1.033559233552187005e-03 -1.130807840729539972e-03 -1.189272297109767026e-03 -1.229953220908870833e-03 -1.302031251982352453e-03 -1.470141665563462745e-03 -1.789020434239810449e-03 -2.273250082461901554e-03 -2.875388946248801092e-03 -3.487770646539531828e-03 -3.979568184222309450e-03 -4.268946730785863272e-03 -4.414180685174814642e-03 -4.688640204356611489e-03 -5.592993803389959689e-03 -7.756289082879046053e-03 -1.170355016658259500e-02 -1.751652029747327588e-02 -2.446680559583309239e-02 -3.084480768473640139e-02 -3.428323514929196986e-02 -3.304491500891388461e-02 -2.896355171449352742e-02 -3.293194639575846433e-02 -7.507960672855581996e-02 -2.192850933193845608e-01 -6.062614484132352599e-01 -1.432940309561824499e+00 -3.484567742679881341e+00 -6.007446272364238560e+00 -2.054729634615697620e+01 1.687462455474014744e+00 -2.528385202278055033e+02 8.576272986227708088e+02 -6.420097778436182125e+03 2.766622452783963308e+04 -6.291235584093347825e+03 8.434196927007138811e+02 -2.360480354289491061e+02 5.086919394620134760e+00 -1.715393949746489000e+01 -4.410874819905668431e+00 -2.570286258759531872e+00 -9.905888343150319741e-01 -4.044418724222614836e-01 -1.391763874195743600e-01 -4.586267306787464304e-02 -1.945063845461315194e-02 -1.646537033710819900e-02 -1.789194713627936806e-02 -1.767510077372842769e-02 -1.516235625227731372e-02 -1.148592737347815633e-02 -7.871416497790620359e-03 -5.053449494090549513e-03 -3.233311474732981222e-03 -2.256028178257623272e-03 -1.820340791925977421e-03 -1.636128052045919155e-03 -1.505235291133140982e-03 -1.336328296210446487e-03 -1.119684156877229870e-03 -8.876601963162625850e-04 -6.797208823776106253e-04 -5.213257125569614606e-04 -4.175538848996736426e-04 -3.573788100799778081e-04 -3.226932794190933676e-04 -2.963480182771428091e-04 -2.699418949572007374e-04 -2.301955003865202923e-04 -2.427509691585850820e-04
4.944735466102598530e-06 -3.906892696446837915e-05 -5.818788717557182052e-05 -7.494199183240099905e-05 -8.517536477910741611e-05 -8.863670952049934311e-05 -8.612223736911801342e-05 -8.016478649863977522e-05 -7.463895750075919412e-05 -7.383380153123036754e-05 -8.111432935312645981e-05 -9.765017749598449198e-05 -1.217442512882868422e-04 -1.491560982555231632e-04 -1.744716548177603621e-04 -1.931309647395734817e-04 -2.033913611598791617e-04 -2.073981709101700450e-04 -2.107784872015727934e-04 -2.207078251001785558e-04 -2.430330858709115935e-04 -2.795620732772568931e-04 -3.267306606657349667e-04 -3.764894529029508535e-04 -4.194233376975259613e-04 -4.491126831695428472e-04 -4.660173689376382461e-04 -4.789729904902966960e-04 -5.031006391637013811e-04 -5.542633651888514241e-04 -6.418344530992826837e-04 -7.628110027540416357e-04 -9.004237875438010283e-04 -1.029295338800376592e-03 -1.126626394077382635e-03 -1.185973482201619451e-03 -1.227825267934383978e-03 -1.300623667584925158e-03 -1.468350154216166740e-03 -1.785499981864458949e-03 -2.267024877324914402e-03 -2.866413969604371132e-03 -3.477156094810342213e-03 -3.969317788892177262e-03 -4.261038759555721249e-03 -4.409921792841593399e-03 -4.687003800700869673e-03 -5.589528651008735492e-03 -7.749317785382636020e-03 -1.169172310933916381e-02 -1.749929799953276952e-02 -2.445008473783461672e-02 -3.083815253318932317e-02 -3.429660936499411006e-02 -3.308291814754192595e-02 -2.902231942178700938e-02 -3.300835815625376840e-02 -7.521363815823542409e-02 -2.196607690482924591e-01 -6.074863339394740436e-01 -1.436298362792695960e+00 -3.494453279849341065e+00 -6.025244964417895588e+00 -2.062479516129731749e+01 1.716809205148803308e+00 -2.539986164398664243e+02 8.618791701292982452e+02 -6.452300183338182251e+03 2.781010784807134041e+04 -6.325129518767668742e+03 8.479957301601939434e+02 -2.374157135382417891e+02 5.096475755518508954e+00 -1.726623571942426238e+01 -4.443370294761237460e+00 -2.589127876320192811e+00 -9.982509652178531701e-01 -4.076644402658435862e-01 -1.403397190195770639e-01 -4.627077616022652606e-02 -1.963900304263637916e-02 -1.662882334366568363e-02 -1.806914833295514972e-02 -1.785142090418024088e-02 -1.531612285926898381e-02 -1.160517479298428870e-02 -7.955684393982795366e-03 -5.109726253858457891e-03 -3.271057725666706804e-03 -2.283567244980579461e-03 -1.843183102839238184e-03 -1.656889651756513491e-03 -1.524465972107357306e-03 -1.353585316727267925e-03 -1.134404578098562391e-03 -8.996393002100700571e-04 -6.892117185979788766e-04 -5.288979882443605460e-04 -4.238486172491518541e-04 -3.630248562342340535e-04 -3.276841038166022489e-04 -3.032802170159496543e-04 -2.666796836021219298e-04 -2.922040852756283653e-04
1.975038804269575653e-05 -8.612137496308040213e-06 -1.474621307787121855e-05 -2.831707523012926532e-05 -4.469393976671186470e-05 -6.121675594154286080e-05 -7.446103180959180289e-05 -8.224138823788587833e-05 -8.459423486987620300e-05 -8.398653955536962662e-05 -8.450152160356545750e-05 -9.027883230499990949e-05 -1.038026042569811010e-04 -1.247410210943374759e-04 -1.498765678787834256e-04 -1.742664990984081792e-04 -1.932641408586925332e-04 -2.046370820773107133e-04 -2.098785724074594700e-04 -2.140433010719180443e-04 -2.239883993672323428e-04 -2.455645637032506179e-04 -2.808622517520388074e-04 -3.267506712431112793e-04 -3.755979462406800243e-04 -4.182403610165602408e-04 -4.482574333194039328e-04 -4.658608332833113455e-04 -4.794861749099572825e-04 -5.038569873391715841e-04 -5.546007248339869218e-04 -6.411222397055110203e-04 -7.607224006113592158e-04 -8.971020292817375071e-04 -1.025332331129831130e-03 -1.122840410449201702e-03 -1.183055095099372735e-03 -1.225987884868796939e-03 -1.299417277043228829e-03 -1.466751294101257966e-03 -1.782293872000811734e-03 -2.261351473571064294e-03 -2.858302103040625142e-03 -3.467600582673359150e-03 -3.960435978720023426e-03 -4.254448538223945531e-03 -4.404715140554462185e-03 -4.684521430504886598e-03 -5.588611717998310385e-03 -7.745348340214254328e-03 -1.168294999259716568e-02 -1.748683891615514588e-02 -2.443961449560862198e-02 -3.083881630663334872e-02 -3.431731042018353744e-02 -3.312701880395155923e-02 -2.908547121794293269e-02 -3.308955169375017713e-02 -7.536077769622773204e-02 -2.200765715581882997e-01 -6.088179198001988368e-01 -1.439896470818186724e+00 -3.504877842653022491e+00 -6.043954410007234657e+00 -2.070500752058507032e+01 1.745841459043776522e+00 -2.551876638063116616e+02 8.662230375093670318e+02 -6.485190102997521535e+03 2.795687443862202417e+04 -6.359661043864455678e+03 8.526576709864166332e+02 -2.388058754989655768e+02 5.106936418114783827e+00 -1.737995230193126162e+01 -4.476167672338843495e+00 -2.608152352678631658e+00 -1.005978039707101868e+00 -4.109125849176479828e-01 -1.415111107658476863e-01 -4.668113465624500191e-02 -1.982805847442500879e-02 -1.679283939739112039e-02 -1.824704152763836559e-02 -1.802846686730001646e-02 -1.547051924665312182e-02 -1.172488898162515718e-02 -8.040254528993961633e-03 -5.166177659802233778e-03 -3.308898734026899813e-03 -2.311161678705240825e-03 -1.866067370427946246e-03 -1.677691714089843932e-03 -1.543737952985946770e-03 -1.370882593061229166e-03 -1.149162748151174489e-03 -9.116548789416179703e-04 -6.987481719723302688e-04 -5.365232331931893807e-04 -4.303338084033876080e-04 -3.685124455906310008e-04 -3.354802814310342725e-04 -2.989183983803896712e-04 -3.410033348283452131e-04
1.984441806626778375e-05 1.654898927762590084e-05 2.050273948355264028e-05 1.194307864648697098e-05 -6.440143111703771484e-06 -3.098887346765043097e-05 -5.609897226161584578e-05 -7.645166130225220641e-05 -8.878222119258886741e-05 -9.297609005102296597e-05 -9.203567037777059755e-05 -9.092130278963485583e-05 -9.465974152116260444e-05 -1.064053946950927935e-04 -1.261878268482330466e-04 -1.508630287801404027e-04 -1.753584998941493740e-04 -1.947938790335116874e-04 -2.066810162781558611e-04 -2.122908484680205215e-04 -2.165240286595868319e-04 -2.261744230536895937e-04 -2.471325740196873648e-04 -2.816266902610032393e-04 -3.267302503740165064e-04 -3.750226796037122020e-04 -4.174836318844124842e-04 -4.477041945107037625e-04 -4.657524238260112828e-04 -4.798024480237197791e-04 -5.042920738581619256e-04 -5.546586285121906171e-04 -6.403100106138975107e-04 -7.587703504294778358e-04 -8.941167407968966200e-04 -1.021800832785125374e-03 -1.119458066406378051e-03 -1.180425249188221410e-03 -1.224308925229229076e-03 -1.298305538249973270e-03 -1.465300378210504691e-03 -1.779443204903435709e-03 -2.256258096372562409e-03 -2.851267411314358218e-03 -3.459326535320014859e-03 -3.950648036912124579e-03 -4.247068348564061839e-03 -4.401969723450633969e-03 -4.684225938833285613e-03 -5.588894584872514636e-03 -7.743364215245883593e-03 -1.167717333661629810e-02 -1.747886459084083827e-02 -2.443515564348986563e-02 -3.084655033363995977e-02 -3.434513477794209901e-02 -3.317709434076774461e-02 -2.915296937352399032e-02 -3.317549849468046791e-02 -7.552080447393118290e-02 -2.205317235937738207e-01 -6.102543279479560878e-01 -1.443730998674240151e+00 -3.515835399196065136e+00 -6.063565664565305546e+00 -2.078792633150441205e+01 1.774587830876657391e+00 -2.564058392897175054e+02 8.706598643423791373e+02 -6.518775053773108993e+03 2.810656187681825031e+04 -6.394839884448753764e+03 8.574068228804998171e+02 -2.402189778535939126e+02 5.118289348806594141e+00 -1.749513456644658405e+01 -4.509281964629415107e+00 -2.627368131702235932e+00 -1.013773611570190969e+00 -4.141878133684101515e-01 -1.426911222004684510e-01 -4.709395505263184317e-02 -2.001790674420887706e-02 -1.695750606624579770e-02 -1.842571769022756725e-02 -1.820632643115179319e-02 -1.562562047108602414e-02 -1.184512744154385226e-02 -8.125167273875582782e-03 -5.222830619402379568e-03 -3.346852538830279861e-03 -2.338824592195636910e-03 -1.889004437062828537e-03 -1.698544309873370852e-03 -1.563061410169550372e-03 -1.388231605859552385e-03 -1.163972819319179655e-03 -9.237323625210458683e-04 -7.083523735802340054e-04 -5.443730123103796177e-04 -4.366291485509886318e-04 -3.772724695580610015e-04 -3.300164270685599656e-04 -3.853351179017625136e-04
8.846917662637360808e-06 2.633355972131013313e-05 3.388888706059761576e-05 2.994565128502855482e-05 1.424160036149607679e-05 -1.024997521715593570e-05 -3.844277133086358288e-05 -6.460322915123054759e-05 -8.404967667004285522e-05 -9.454301333679903773e-05 -9.693065159858626719e-05 -9.480767507925766087e-05 -9.326346703106116792e-05 -9.709263240477879729e-05 -1.090696486829158225e-04 -1.289112857503269102e-04 -1.533569529219231732e-04 -1.774211514206524187e-04 -1.964218688305214796e-04 -2.080493825373931735e-04 -2.136315751840261014e-04 -2.179785852020092935e-04 -2.277012991188566307e-04 -2.485179713508973054e-04 -2.825921245884090551e-04 -3.270822704010501532e-04 -3.747681420117989002e-04 -4.168490857364162911e-04 -4.470430949117668094e-04 -4.653775536864422353e-04 -4.798205274114998868e-04 -5.045220811129160583e-04 -5.546827449897722643e-04 -6.396476694415836797e-04 -7.571057568279977289e-04 -8.914773840027212255e-04 -1.018593648523766736e-03 -1.116324532708780001e-03 -1.177959359376103219e-03 -1.222739810507108074e-03 -1.297345073716964486e-03 -1.464052554963652048e-03 -1.777205947790218071e-03 -2.252006578041869551e-03 -2.842906576563005751e-03 -3.450093834504422592e-03 -3.943557146193321650e-03 -4.242097881411277527e-03 -4.400253993962594326e-03 -4.685075774154573262e-03 -5.590397185110214037e-03 -7.743185107191031744e-03 -1.167426010840814238e-02 -1.747519586661937935e-02 -2.443650038539550359e-02 -3.086114027517224134e-02 -3.437990289093571794e-02 -3.323303748916398015e-02 -2.922478316969131379e-02 -3.326617578200011943e-02 -7.569351997726453396e-02 -2.210255209640756002e-01 -6.117938626148722303e-01 -1.447798686410749047e+00 -3.527320646955263594e+00 -6.084070938068054879e+00 -2.087354705453501680e+01 1.803075526810614448e+00 -2.576533363641328833e+02 8.751906510619735400e+02 -6.553062814591547976e+03 2.825920861696808788e+04 -6.430675907552341414e+03 8.622445132731509148e+02 -2.416554781900395028e+02 5.130523646470520838e+00 -1.761182735363601637e+01 -4.542727908034561501e+00 -2.646783517800519459e+00 -1.021641169723375819e+00 -4.174916046663580405e-01 -1.438803017732146194e-01 -4.750943929642856278e-02 -2.020864732369134081e-02 -1.712290881509876198e-02 -1.860526578836356817e-02 -1.838508556200473681e-02 -1.578150011727080110e-02 -1.196594657081414236e-02 -8.210462218043064475e-03 -5.279711505591945346e-03 -3.384936845368867204e-03 -2.366568997914640128e-03 -1.912005445829620875e-03 -1.719458539278833492e-03 -1.582449130094601853e-03 -1.405648300428291196e-03 -1.178863247293027898e-03 -9.358953007250212300e-04 -7.182156139110188299e-04 -5.520046562812236293e-04 -4.466227497515683730e-04 -3.709508032885194058e-04 -4.274310607824373864e-04
-5.984832371438692414e-06 1.860810232905377141e-05 2.285559623064704196e-05 2.138368601324904368e-05 1.151799145147527198e-05 -5.651625031906214377e-06 -2.768738367894994036e-05 -5.098490596615527066e-05 -7.168689919665646975e-05 -8.672926270439838511e-05 -9.479021481277258299e-05 -9.679588965348165917e-05 -9.574045586291755211e-05 -9.578371994865818599e-05 -1.008535222376388807e-04 -1.132122241797388725e-04 -1.325281681801107093e-04 -1.558759138473725923e-04 -1.787805170909071947e-04 -1.970073928871226491e-04 -2.084563046919539161e-04 -2.143732996751682683e-04 -2.192679912751561294e-04 -2.293866669534625261e-04 -2.501848420431243298e-04 -2.837734215543176799e-04 -3.274789832391020324e-04 -3.743842056955029064e-04 -4.159845365535710980e-04 -4.461516720556687023e-04 -4.648524585488606397e-04 -4.798036588105642625e-04 -5.048229417517249287e-04 -5.548482031318510048e-04 -6.391592747720124725e-04 -7.556231193142741442e-04 -8.890195236569786805e-04 -1.015570759503167534e-03 -1.113376823658245897e-03 -1.175708726676495805e-03 -1.221338704081230148e-03 -1.296821715171308544e-03 -1.463308249782227207e-03 -1.773056162864704863e-03 -2.246244233372492009e-03 -2.837060607129193463e-03 -3.443293758793010244e-03 -3.937624748182694430e-03 -4.238414800025187834e-03 -4.399590251312427563e-03 -4.686914066550681122e-03 -5.593052782774247597e-03 -7.744726697200510386e-03 -1.167410091619794019e-02 -1.747568331708785477e-02 -2.444346587547562011e-02 -3.088239495392469322e-02 -3.442145380042620911e-02 -3.329475278068370903e-02 -2.930088698779162448e-02 -3.336156521509930223e-02 -7.587874579962762545e-02 -2.215573267977515304e-01 -6.134349971877415264e-01 -1.452096623580997115e+00 -3.539328966505177476e+00 -6.105463524876657999e+00 -2.096186757196052497e+01 1.831330451552385830e+00 -2.589303645325520620e+02 8.798164347090180399e+02 -6.588061426331421899e+03 2.841485400626860428e+04 -6.467179129965098582e+03 8.671720903283347752e+02 -2.431158357348550112e+02 5.143629480465008896e+00 -1.773007510330300462e+01 -4.576519993553710641e+00 -2.666406691976662913e+00 -1.029584145017677921e+00 -4.208254127534954425e-01 -1.450791878970582038e-01 -4.792778518539748261e-02 -2.040037736763343143e-02 -1.728913117425506449e-02 -1.878577294588119895e-02 -1.856482855959598263e-02 -1.593823039677048220e-02 -1.208740172754963101e-02 -8.296178220060101624e-03 -5.336846238849360553e-03 -3.423169212164803733e-03 -2.394408228036683500e-03 -1.935082657765904322e-03 -1.740448332504337774e-03 -1.601918701838479829e-03 -1.423164261436994866e-03 -1.193859755890849285e-03 -9.483552410278661866e-04 -7.278400406712906600e-04 -5.637424731399263240e-04 -4.398263152904614229e-04 -4.789349231622740881e-04
-1.763420474164872540e-05 -8.309473961637499345e-07 -4.307564650703260480e-06 -6.030631166716144431e-06 -9.584797386289387700e-06 -1.601231621725503638e-05 -2.625547385939101472e-05 -4.014523312361607647e-05 -5.623402185892125939e-05 -7.209728901533490972e-05 -8.513935750467934251e-05 -9.361584340130080185e-05 -9.745799680867254968e-05 -9.851489995073715433e-05 -1.000311018450404356e-04 -1.054798869882429563e-04 -1.171690656366961811e-04 -1.351844660210563514e-04 -1.571664375143685174e-04 -1.791237353281707756e-04 -1.970627304878056797e-04 -2.088321172797577595e-04 -2.153967651698027045e-04 -2.208914569512224896e-04 -2.312483219421660201e-04 -2.517854528211230214e-04 -2.846925120439857348e-04 -3.275454503155936746e-04 -3.737377719090183292e-04 -4.150078448729750268e-04 -4.453027115735817007e-04 -4.644649897905572312e-04 -4.799371420528054412e-04 -5.052254209948822813e-04 -5.550529527611366932e-04 -6.386814960263637476e-04 -7.541819403944398717e-04 -8.866780164635627284e-04 -1.012781502166691617e-03 -1.110667311013578467e-03 -1.173969394671757049e-03 -1.220424017742670949e-03 -1.294060397451009476e-03 -1.460590942118312075e-03 -1.771103703370617826e-03 -2.242593506184182867e-03 -2.832102954579791051e-03 -3.437729545399554124e-03 -3.932859514969495353e-03 -4.235838057349164930e-03 -4.399909062305436443e-03 -4.689683079634290527e-03 -5.596813667661672438e-03 -7.747927617458147918e-03 -1.167660388983455741e-02 -1.748019585074963439e-02 -2.445588837535657076e-02 -3.091014183683710170e-02 -3.446964206522304397e-02 -3.336215462565252088e-02 -2.938125931316602421e-02 -3.346165218506073208e-02 -7.607632192020134798e-02 -2.221265665655594301e-01 -6.151763624885147053e-01 -1.456622226254526531e+00 -3.551856379673929087e+00 -6.127737740145752454e+00 -2.105288806925612377e+01 1.859377305732247576e+00 -2.602371489005581111e+02 8.845382887604397411e+02 -6.623779191667044870e+03 2.857353830119790655e+04 -6.504359725801456079e+03 8.721909239215461866e+02 -2.446005119149247946e+02 5.157598033723099995e+00 -1.784992192933775002e+01 -4.610672495015081473e+00 -2.686245726876656637e+00 -1.037605916625965463e+00 -4.241906691351439718e-01 -1.462883099455992708e-01 -4.834918674925669374e-02 -2.059319191026846158e-02 -1.745625489923932280e-02 -1.896732459213973376e-02 -1.874563818608521518e-02 -1.609588224958015054e-02 -1.220954731637552242e-02 -8.382353519963473693e-03 -5.394260505163609408e-03 -3.461567528024665254e-03 -2.422356888930836134e-03 -1.958251621462324572e-03 -1.761533346215233154e-03 -1.621506080613592179e-03 -1.440810045904897339e-03 -1.209202484535656756e-03 -9.605629021421501369e-04 -7.420736594939225748e-04 -5.567184489054288797e-04 -5.609472140188027965e-04
-2.219120397380787391e-05 -2.174166032816554392e-05 -3.335530960837407592e-05 -3.737236819039574127e-05 -3.670125630318399844e-05 -3.381760919478827480e-05 -3.223958722066385302e-05 -3.489470151706660657e-05 -4.308075166514032159e-05 -5.598859612620061480e-05 -7.104790881202530908e-05 -8.496683537597584496e-05 -9.508037030812137021e-05 -1.004796616200613342e-04 -1.024593335487147876e-04 -1.040691469198847555e-04 -1.089037078685034889e-04 -1.195889424961419842e-04 -1.365820896582694980e-04 -1.578244164026284819e-04 -1.794783899500536166e-04 -1.975366152128088385e-04 -2.096965098437530918e-04 -2.166988178808815961e-04 -2.224599093980424310e-04 -2.327699111714167941e-04 -2.529253491122160596e-04 -2.852190957826438822e-04 -3.274176506678883156e-04 -3.731231258533262399e-04 -4.142212453703893616e-04 -4.446840805172292636e-04 -4.642386657822172359e-04 -4.801083142840891827e-04 -5.055592047917707157e-04 -5.551573207793705387e-04 -6.381570207717358759e-04 -7.528438536989126703e-04 -8.845109763469204394e-04 -1.010536341025919556e-03 -1.108525639128399689e-03 -1.169888343391805880e-03 -1.217365533177781640e-03 -1.293443865658887477e-03 -1.459767399497817475e-03 -1.769639459489609924e-03 -2.239801413807826144e-03 -2.828052182829480024e-03 -3.433205422090902965e-03 -3.929174507195901285e-03 -4.234293385128874189e-03 -4.401161253915986983e-03 -4.693346887217280695e-03 -5.601645150531722218e-03 -7.752738068224409966e-03 -1.168168918185452827e-02 -1.748861634041872989e-02 -2.447361991087949537e-02 -3.094422435314773262e-02 -3.452433577628399863e-02 -3.343516608224359615e-02 -2.946588215975748035e-02 -3.356642539737306197e-02 -7.628610530297995351e-02 -2.227327236918752451e-01 -6.170167362496813412e-01 -1.461373216246023121e+00 -3.564899511644920249e+00 -6.150888862139467506e+00 -2.114661092782165497e+01 1.887239675393317384e+00 -2.615739298010714720e+02 8.893573230285746831e+02 -6.660224675338636189e+03 2.873530268438537314e+04 -6.542228033874346693e+03 8.773024065963869589e+02 -2.461099708908103310e+02 5.172421450499721907e+00 -1.797141169015278095e+01 -4.645199495521980637e+00 -2.706308600921280672e+00 -1.045709818048487394e+00 -4.275887853958219020e-01 -1.475081891985484950e-01 -4.877383461533017772e-02 -2.078718405663762189e-02 -1.762436012665026877e-02 -1.915000460694066264e-02 -1.892759579327036798e-02 -1.625452545657252168e-02 -1.233243692389284114e-02 -8.469025993779494277e-03 -5.451980338265252114e-03 -3.500151256188872590e-03 -2.450433788951705306e-03 -1.981535564938423279e-03 -1.782756875665544990e-03 -1.641251352635872797e-03 -1.458874360335269847e-03 -1.224278057187486602e-03 -9.781798080682913444e-04 -7.345539226393260363e-04 -6.988118471140273907e-04
-1.951909799583171568e-05 -3.444953642395493979e-05 -5.095925715459461325e-05 -5.783937499354032226e-05 -5.639726997424088868e-05 -4.929257681180640959e-05 -4.081219614915741073e-05 -3.534602556714368151e-05 -3.603628199355587156e-05 -4.382961807986737409e-05 -5.728066317209052591e-05 -7.317461820440825234e-05 -8.776063625802982369e-05 -9.816938238098312051e-05 -1.035026062318628048e-04 -1.051817904930121345e-04 -1.063993932826908602e-04 -1.108470664905532749e-04 -1.211906829513379217e-04 -1.378941579809108559e-04 -1.589036812458226181e-04 -1.804000938254265345e-04 -1.983985718145950435e-04 -2.105984515969964977e-04 -2.177008880261611023e-04 -2.235419674069385261e-04 -2.338185948778421120e-04 -2.537654387398840844e-04 -2.856833693679528994e-04 -3.274273564049584237e-04 -3.727402410936976715e-04 -4.136414019755607131e-04 -4.441641293498573614e-04 -4.639829162716559781e-04 -4.801658321074063159e-04 -5.057682403379250985e-04 -5.552373555563934471e-04 -6.376590882540012764e-04 -7.519476370107164081e-04 -8.828707805008671793e-04 -1.005793948476288229e-03 -1.104149677368832265e-03 -1.168126024527636015e-03 -1.216272926430022553e-03 -1.293159326196003690e-03 -1.459520942058483697e-03 -1.768703432145350045e-03 -2.237677843909601904e-03 -2.824824982228280566e-03 -3.429639717090675419e-03 -3.926505726308532687e-03 -4.233730957895183965e-03 -4.403311460975630094e-03 -4.697879481633257873e-03 -5.607520187919142439e-03 -7.759115823985521763e-03 -1.168928605777331056e-02 -1.750083916714277599e-02 -2.449652610101228645e-02 -3.098450002102029130e-02 -3.458541511837934235e-02 -3.351371798188705620e-02 -2.955474071309869763e-02 -3.367587661088725787e-02 -7.650796871580935188e-02 -2.233753356471090412e-01 -6.189550336259584951e-01 -1.466347602311261822e+00 -3.578455556597329945e+00 -6.174913079845274488e+00 -2.124304062800847248e+01 1.914940114324518605e+00 -2.629409624659895144e+02 8.942746836253577385e+02 -6.697406704818942671e+03 2.890018928197614878e+04 -6.580794564905891093e+03 8.825079545029198016e+02 -2.476446800648356259e+02 5.188092788346806650e+00 -1.809458805503083312e+01 -4.680114912277626438e+00 -2.726603211604697208e+00 -1.053899142770857944e+00 -4.310211555794627447e-01 -1.487393397441776066e-01 -4.920191636378614536e-02 -2.098244516857981912e-02 -1.779352551809647298e-02 -1.933389544580353669e-02 -1.911078143520045930e-02 -1.641422878304986399e-02 -1.245612362222677481e-02 -8.556233916911406071e-03 -5.510033854853545708e-03 -3.538945586433175396e-03 -2.478668630662109618e-03 -2.004989916888804454e-03 -1.804174423847513913e-03 -1.661523498920869498e-03 -1.476637915948551209e-03 -1.246099953034386079e-03 -9.690551824909199698e-04 -9.116432433247091899e-04
-1.234994416532293229e-05 -3.403182831565085791e-05 -5.036047794444678836e-05 -5.916542214694263320e-05 -6.014670975208483909e-05 -5.495647087999422408e-05 -4.672789786949927180e-05 -3.924399733733479890e-05 -3.590140982938348383e-05 -3.876148256826306989e-05 -4.797344352133685427e-05 -6.177368644966233717e-05 -7.709927886149447161e-05 -9.065004050650896225e-05 -1.000651590759920419e-04 -1.048032268258718527e-04 -1.063845380187835264e-04 -1.078597451987203565e-04 -1.126496317208246700e-04 -1.231645009626191950e-04 -1.397406474503974541e-04 -1.603634447778060936e-04 -1.813785298423852140e-04 -1.989983859525783628e-04 -2.110537502823588922e-04 -2.182519722259063978e-04 -2.243136370728542875e-04 -2.347591926147945770e-04 -2.546736798348769979e-04 -2.863085878412932584e-04 -3.275952870654646304e-04 -3.724447591967731432e-04 -4.130567628497733919e-04 -4.435725648887858547e-04 -4.636321043496392899e-04 -4.801903149638577515e-04 -5.059356335511406948e-04 -5.556632276079336626e-04 -6.375723243776159005e-04 -7.482604564653838781e-04 -8.787804051496649147e-04 -1.003516965737220965e-03 -1.101903585515014508e-03 -1.166743322682949622e-03 -1.215743494156937190e-03 -1.293256322598602135e-03 -1.459664409017559679e-03 -1.768225978653655515e-03 -2.236152707484332335e-03 -2.822361946815440080e-03 -3.426977224228891419e-03 -3.924805035594121361e-03 -4.234112586698533451e-03 -4.406332378743174627e-03 -4.703260715900783005e-03 -5.614416714093932968e-03 -7.767024209820493422e-03 -1.169933117090494849e-02 -1.751676859038630435e-02 -2.452448458285398994e-02 -3.103083901741962233e-02 -3.465277125133752606e-02 -3.359774826530921576e-02 -2.964782309770281482e-02 -3.379000046781563404e-02 -7.674179971100263120e-02 -2.240539904446504083e-01 -6.209902986162101346e-01 -1.471543663095860488e+00 -3.592522246523192297e+00 -6.199807445386023019e+00 -2.134218366145210055e+01 1.942500219967870034e+00 -2.643385167405976404e+02 8.992915529867940450e+02 -6.735334371354697396e+03 2.906824118148812340e+04 -6.620070008601544941e+03 8.878090083211590127e+02 -2.492051105665916566e+02 5.204605973985427347e+00 -1.821949456675844203e+01 -4.715432519934135591e+00 -2.747137388037039329e+00 -1.062177149610653348e+00 -4.344891584492265313e-01 -1.499822693406827334e-01 -4.963361685953972952e-02 -2.117906501643864250e-02 -1.796382835271542397e-02 -1.951907821736401788e-02 -1.929527400194768968e-02 -1.657506035197541666e-02 -1.258066100156328242e-02 -8.644018377935880348e-03 -5.568457005424305717e-03 -3.577990866444078454e-03 -2.507134901353141702e-03 -2.028690816422554222e-03 -1.826272940217800412e-03 -1.681421167472224674e-03 -1.503199914722089942e-03 -1.233367793379945695e-03 -1.199659160192985668e-03
-4.337428000523899301e-06 -2.193890157993633058e-05 -3.353421760074798874e-05 -4.244588389974804929e-05 -4.746872781697041531e-05 -4.862027468234777523e-05 -4.668017981851696301e-05 -4.326132305782262442e-05 -4.051042573810572929e-05 -4.056580496468413776e-05 -4.490025119544732349e-05 -5.378000844789087529e-05 -6.607594040630460639e-05 -7.956380423855174196e-05 -9.167046669124646083e-05 -1.004348539571719919e-04 -1.053251940518786905e-04 -1.075644506066595859e-04 -1.097733139422473148e-04 -1.149987985683441274e-04 -1.254676128729054576e-04 -1.415624356519376722e-04 -1.614906185266892585e-04 -1.818805659753259456e-04 -1.991646097752994195e-04 -2.112462419760464082e-04 -2.187423470412029722e-04 -2.251717471934974800e-04 -2.358356645572462224e-04 -2.556778832987088054e-04 -2.869448622094716481e-04 -3.276970414295220886e-04 -3.720529530140049461e-04 -4.123924864674447010e-04 -4.429896478358573571e-04 -4.632704051919970352e-04 -4.805760167759610740e-04 -5.064748433769424235e-04 -5.529960934595143677e-04 -6.347386788125781217e-04 -7.470812676605356880e-04 -8.768863365039395201e-04 -1.001632448188740591e-03 -1.100286218261331767e-03 -1.165786927659673939e-03 -1.215577342463841377e-03 -1.293667583909150279e-03 -1.460137204565016425e-03 -1.768161447287734276e-03 -2.235182819860590062e-03 -2.820620008146957746e-03 -3.425175483873641163e-03 -3.924033888059453613e-03 -4.235407266465287396e-03 -4.410201904694135457e-03 -4.709474324137851928e-03 -5.622316190427067810e-03 -7.776430898277252902e-03 -1.171176741559126940e-02 -1.753631755888789348e-02 -2.455738378795808280e-02 -3.108312302792940601e-02 -3.472630540035255564e-02 -3.368720145469891736e-02 -2.974512021883434984e-02 -3.390879437831223475e-02 -7.698749973079105358e-02 -2.247683234851277356e-01 -6.231216962922300207e-01 -1.476959931656734337e+00 -3.607097822908573725e+00 -6.225569830760837142e+00 -2.144404845188364206e+01 1.969940703441368068e+00 -2.657668768374382466e+02 9.044091499542689689e+02 -6.774017031359354405e+03 2.923950245017729685e+04 -6.660065240612595517e+03 8.932070341726115430e+02 -2.507917377183188421e+02 5.221955762751596453e+00 -1.834617470092401703e+01 -4.751165972599379117e+00 -2.767918902805880155e+00 -1.070547067780770467e+00 -4.379941596248665969e-01 -1.512374802071812241e-01 -5.006911850931178992e-02 -2.137713183970704062e-02 -1.813534454483847064e-02 -1.970563279758409322e-02 -1.948115168916745091e-02 -1.673708901538148788e-02 -1.270610634885263948e-02 -8.732430707444107862e-03 -5.627305443741873955e-03 -3.617384204771043835e-03 -2.535931593593457756e-03 -2.053275390519077384e-03 -1.847868009558492793e-03 -1.712881388740947284e-03 -1.484380295043771086e-03 -1.535734383095246685e-03
1.658185526200746673e-06 -4.638825461626743699e-06 -9.329872124138738405e-06 -1.658176873427050387e-05 -2.519699613348325661e-05 -3.371269183470467613e-05 -4.050267431479340132e-05 -4.457041198995570258e-05 -4.603386700372914342e-05 -4.617668920348919401e-05 -4.700013861656398450e-05 -5.044005222297863879e-05 -5.755672379743655284e-05 -6.804051870829939551e-05 -8.026696923324121255e-05 -9.191779544444615875e-05 -1.009485115678202465e-04 -1.065145197405161317e-04 -1.094530460013792166e-04 -1.120725013170796526e-04 -1.172738713989641084e-04 -1.273242964165476954e-04 -1.427875957528584904e-04 -1.621068209763658785e-04 -1.821080993893382566e-04 -1.993158725226755142e-04 -2.115969205820607886e-04 -2.194274120754606257e-04 -2.261420003803583467e-04 -2.368875438348150959e-04 -2.565417875804718094e-04 -2.874011577129798913e-04 -3.276566896352616659e-04 -3.716511666317132254e-04 -4.117350697052212915e-04 -4.428310381498369434e-04 -4.633338168736544026e-04 -4.776526664095391648e-04 -5.040277266607229040e-04 -5.528988914933586447e-04 -6.341147557329592519e-04 -7.462013711469161993e-04 -8.755890165183022105e-04 -1.000186375627712659e-03 -1.099078797179596717e-03 -1.165180281757734583e-03 -1.215709613548278520e-03 -1.294350963470645814e-03 -1.460906278808661151e-03 -1.768480192886111172e-03 -2.234737380300732840e-03 -2.819565767066429911e-03 -3.424199969230697603e-03 -3.924160155065649011e-03 -4.237588954719181782e-03 -4.414901581457786155e-03 -4.716506799007640950e-03 -5.631202731981334135e-03 -7.787307122962879719e-03 -1.172654310422032060e-02 -1.755940679105363889e-02 -2.459512195017178604e-02 -3.114124429012295886e-02 -3.480592809320730979e-02 -3.378202821865743111e-02 -2.984662564953787997e-02 -3.403225843774403819e-02 -7.724498331181954558e-02 -2.255180147032465887e-01 -6.253485057459771124e-01 -1.482595181394303019e+00 -3.622181011007541418e+00 -6.252198888519508557e+00 -2.154864528364258192e+01 1.997281454255486643e+00 -2.672263411263324429e+02 9.096287299083227254e+02 -6.813464308138080924e+03 2.941401815390862612e+04 -6.700791329407849844e+03 8.987035245223285074e+02 -2.524050414822876292e+02 5.240137701297400419e+00 -1.847467192216700127e+01 -4.787328824634915492e+00 -2.788955483204518249e+00 -1.079012101664501566e+00 -4.415375135548188501e-01 -1.525054696804083731e-01 -5.050860139159682460e-02 -2.157673233035112964e-02 -1.830814875449846696e-02 -1.989363842347735556e-02 -1.966849372548608657e-02 -1.690038821099005759e-02 -1.283252940644906415e-02 -8.821545615182101521e-03 -5.686703250292895334e-03 -3.657245049605397855e-03 -2.565859303310132414e-03 -2.077177171243264724e-03 -1.884241142043377752e-03 -1.685944113965347560e-03 -1.869788776530976289e-03
4.296429535233580505e-06 9.796574881735845664e-06 1.115047199561113550e-05 6.487165149416133747e-06 -3.650151462822387373e-06 -1.710737856120886344e-05 -3.083975299260635833e-05 -4.198250034134430304e-05 -4.882526401886239689e-05 -5.135834587707873290e-05 -5.119919581774477968e-05 -5.092629336680501044e-05 -5.306932396635409213e-05 -5.913261769094373859e-05 -6.902607245778728752e-05 -8.113209523955522385e-05 -9.299496556414453335e-05 -1.023748996842226762e-04 -1.082479112232933628e-04 -1.113325315455966386e-04 -1.138936085970549561e-04 -1.188557258950902928e-04 -1.285564655817061572e-04 -1.436521730180877036e-04 -1.626754953167110511e-04 -1.825163860925476886e-04 -1.997198510570916922e-04 -2.121222314700323499e-04 -2.201252019111001415e-04 -2.269666501551170215e-04 -2.377120162487094941e-04 -2.571902898389641584e-04 -2.877769111143676042e-04 -3.275710725150629359e-04 -3.716839464083979789e-04 -4.115458417029917875e-04 -4.391718713544652802e-04 -4.602410456980616680e-04 -4.774694022384018259e-04 -5.038804538803754026e-04 -5.530159993933460912e-04 -6.340000133395845517e-04 -7.456740478155267013e-04 -8.746563576235994852e-04 -9.990944219660420362e-04 -1.098207247377528534e-03 -1.164874282480542851e-03 -1.216104964419720486e-03 -1.295280899979443616e-03 -1.461950739564344282e-03 -1.769161577934426442e-03 -2.234792928921345428e-03 -2.819172135236322572e-03 -3.424021662739885289e-03 -3.925156359590069484e-03 -4.240635278858976252e-03 -4.420415658270196620e-03 -4.724346698009826082e-03 -5.641062544559745026e-03 -7.799627132445393143e-03 -1.174361134577451074e-02 -1.758596403556508814e-02 -2.463760627717907423e-02 -3.120510477861022577e-02 -3.489155850588132601e-02 -3.388218500324132604e-02 -2.995233554547421101e-02 -3.416039536375099078e-02 -7.751417737164575938e-02 -2.263027859815311960e-01 -6.276701136822494531e-01 -1.488448413260915482e+00 -3.637770996458907113e+00 -6.279694016006184043e+00 -2.165598623724832450e+01 2.024541600176602785e+00 -2.687172219579364310e+02 9.149515849525985232e+02 -6.853686093927194634e+03 2.959183437655038870e+04 -6.742259543075904730e+03 9.042999990741291185e+02 -2.540455068923062356e+02 5.259148093271162949e+00 -1.860502973769699508e+01 -4.823934550322930725e+00 -2.810254821849491602e+00 -1.087575435265339063e+00 -4.451205652737350027e-01 -1.537867307229679459e-01 -5.095224334449209580e-02 -2.177795180690714552e-02 -1.848231513234827733e-02 -2.008317572439811960e-02 -1.985738465039354680e-02 -1.706504535887577723e-02 -1.296002512894949346e-02 -8.911514072966640262e-03 -5.746784077681488419e-03 -3.698524392591021667e-03 -2.594910567801054623e-03 -2.119053510011997127e-03 -1.848805469896374872e-03 -2.153317854197798076e-03
3.812643961184147340e-06 1.542824405304020989e-05 1.963011954183362267e-05 1.733579986842268559e-05 8.282562707110506081e-06 -5.695492354033039305e-06 -2.162111816583631301e-05 -3.623001939007390089e-05 -4.695668003122176572e-05 -5.268019283847714436e-05 -5.400390351370155007e-05 -5.297461177937288655e-05 -5.232644841176907426e-05 -5.450170537569665327e-05 -6.078542530565589548e-05 -7.086659350556553060e-05 -8.299920313217583020e-05 -9.472086217471261977e-05 -1.038744570821936567e-04 -1.095424323448045861e-04 -1.125116213037522010e-04 -1.150470953948705492e-04 -1.200165874081483516e-04 -1.296839553208858865e-04 -1.446603325636723343e-04 -1.634882223414675206e-04 -1.831174517861753129e-04 -2.001704999564521902e-04 -2.125351095801122881e-04 -2.206118206786491218e-04 -2.275644095376001808e-04 -2.384195928163329646e-04 -2.577331717981867407e-04 -2.885535848726923647e-04 -3.279356617540560770e-04 -3.679553908707801292e-04 -4.080036778662620811e-04 -4.384765816037008361e-04 -4.596274449796640058e-04 -4.775038733137672211e-04 -5.042186824496285632e-04 -5.534086680234288078e-04 -6.341527645642676056e-04 -7.454139156242023260e-04 -8.740107720882584960e-04 -9.983020761921300359e-04 -1.097629599229478243e-03 -1.164838017838228145e-03 -1.216741111289865694e-03 -1.296440974181481843e-03 -1.463256557252316141e-03 -1.770190496817364203e-03 -2.235330846013177265e-03 -2.819416476149385047e-03 -3.424615632563995319e-03 -3.926998583921733135e-03 -4.244526713523035129e-03 -4.426730486017584933e-03 -4.732984192293154466e-03 -5.651883545798042953e-03 -7.813367794441371944e-03 -1.176292955848684194e-02 -1.761592345948161456e-02 -2.468475224361846299e-02 -3.127461549835924837e-02 -3.498312389146540635e-02 -3.398763371200476391e-02 -3.006224857718631238e-02 -3.429321044560842968e-02 -7.779502056562673240e-02 -2.271223988030393603e-01 -6.300860085942819877e-01 -1.494518844126425883e+00 -3.653867404039514266e+00 -6.308055322853097557e+00 -2.176608513139298040e+01 2.051739562713329246e+00 -2.702398455183183614e+02 9.203790441444753014e+02 -6.894692552235672338e+03 2.977299823989910510e+04 -6.784481356076285920e+03 9.099980056611963164e+02 -2.557136244711565780e+02 5.278983967772751029e+00 -1.873729174830648248e+01 -4.860996562468683280e+00 -2.831824586683490796e+00 -1.096240236334017570e+00 -4.487446520025153429e-01 -1.550817524568978145e-01 -5.140022036172696429e-02 -2.198087514794595104e-02 -1.865791956326020434e-02 -2.027433113529106615e-02 -2.004792373787123161e-02 -1.723117319546887266e-02 -1.308876859497874919e-02 -9.002478411261080268e-03 -5.808618847128961364e-03 -3.738786074875378486e-03 -2.644672980030100731e-03 -2.077284559645359123e-03 -2.385602934715603217e-03
1.279137356035872000e-06 1.084617126046655501e-05 1.395777264871683922e-05 1.289646926211975584e-05 6.882771239402593857e-06 -3.342994221768840912e-06 -1.616108993060818051e-05 -2.938555612093922357e-05 -4.082947926980359056e-05 -4.890182746151984055e-05 -5.307499048014333178e-05 -5.405856433250564230e-05 -5.359123755735519147e-05 -5.388002815365317499e-05 -5.685087664629142674e-05 -6.346221064084997380e-05 -7.334132367441008381e-05 -8.490908566724387064e-05 -9.598435370172903286e-05 -1.046697656748917725e-04 -1.101836024398453228e-04 -1.132896033770439316e-04 -1.161062196036919910e-04 -1.213123890585737893e-04 -1.310289562460034620e-04 -1.458273704624142293e-04 -1.643207455136284228e-04 -1.835970699229908432e-04 -2.004208727724500233e-04 -2.127430123009547351e-04 -2.210030661631693153e-04 -2.280530223173044240e-04 -2.395289769692119655e-04 -2.587041748370489812e-04 -2.852456283103968720e-04 -3.246761107849311214e-04 -3.673856867497598904e-04 -4.071225340749676236e-04 -4.380381806454907226e-04 -4.595491900666427232e-04 -4.778194356785047617e-04 -5.047862491253099146e-04 -5.539904569504852357e-04 -6.344959231061208420e-04 -7.453672628190856483e-04 -8.736089985630415009e-04 -9.977745975681255076e-04 -1.097318323140695747e-03 -1.165050737190143505e-03 -1.217603147756313306e-03 -1.297820229533000556e-03 -1.464813976292062524e-03 -1.771555491345126439e-03 -2.236335912223053491e-03 -2.820279466189456151e-03 -3.425960118590874130e-03 -3.929665745725536598e-03 -4.249246027488720427e-03 -4.433834110556800039e-03 -4.742410763467540778e-03 -5.663655101896492190e-03 -7.828508298753410546e-03 -1.178445907605117811e-02 -1.764922513066157633e-02 -2.473648297819154573e-02 -3.134969586401543246e-02 -3.508055907577975474e-02 -3.409834142453650047e-02 -3.017636587483652974e-02 -3.443071150354939935e-02 -7.808746270736326156e-02 -2.279766521213457409e-01 -6.325957754675920475e-01 -1.500805896191697908e+00 -3.670470278354251992e+00 -6.337283601441538572e+00 -2.187895747082809805e+01 2.078893108563869774e+00 -2.717945517121722219e+02 9.259124737704141808e+02 -6.936494120471630595e+03 2.995755792413701056e+04 -6.827468455955639001e+03 9.157991211339651727e+02 -2.574098906355361009e+02 5.299643050343608941e+00 -1.887150169708732506e+01 -4.898528230019329577e+00 -2.853672430461918985e+00 -1.105009660314387299e+00 -4.524111048328417484e-01 -1.563910210915039345e-01 -5.185270780627958265e-02 -2.218558922127038258e-02 -1.883504421099900170e-02 -2.046720661677663491e-02 -2.024023617812283765e-02 -1.739896935784863638e-02 -1.321891481775118796e-02 -9.095616225307509572e-03 -5.869422855138435764e-03 -3.802066046078479353e-03 -2.601031962744073441e-03 -2.671881936396071876e-03
-2.038649204506206403e-06 -6.860896902272806037e-07 -1.614522209271648072e-06 -2.882398840324932588e-06 -5.328280032827595944e-06 -9.520271408664320080e-06 -1.576014563160714742e-05 -2.378451190827242219e-05 -3.271118853455020085e-05 -4.124346621646920308e-05 -4.810060425416659726e-05 -5.251843075193342482e-05 -5.461256322700495014e-05 -5.542950410002470390e-05 -5.662186451396383991e-05 -5.984226678011113224e-05 -6.607991447365772970e-05 -7.521550806886491056e-05 -8.600677909678752125e-05 -9.655331795215467167e-05 -1.050897512492111917e-04 -1.107954388004930510e-04 -1.142683046036177579e-04 -1.174179076031244283e-04 -1.227586051071482187e-04 -1.323498706670100087e-04 -1.468159794389379766e-04 -1.649082387532745163e-04 -1.838551854006685257e-04 -2.005929909048627272e-04 -2.128686291775924678e-04 -2.218522884808945032e-04 -2.290022518499821539e-04 -2.362366776255617749e-04 -2.557559351786922773e-04 -2.852735940119781734e-04 -3.242218541502612334e-04 -3.670704756478283012e-04 -4.068187130470783393e-04 -4.379193596831158579e-04 -4.597289824642930935e-04 -4.783227040219144343e-04 -5.055029151140313318e-04 -5.547085680414834278e-04 -6.349886954284305121e-04 -7.455012293637499742e-04 -8.734231871001099439e-04 -9.974883629824526227e-04 -1.097254181893703639e-03 -1.165497860485943931e-03 -1.218680760757632868e-03 -1.299411191925389526e-03 -1.466616052679108701e-03 -1.773247626312369086e-03 -2.237795406385447317e-03 -2.821744348569719691e-03 -3.428035912488661303e-03 -3.933139096168844148e-03 -4.254777897647429863e-03 -4.441715990871417628e-03 -4.752618994671757406e-03 -5.676367839671644586e-03 -7.845029927563166791e-03 -1.180816482177899328e-02 -1.768581457277928343e-02 -2.479272872624395385e-02 -3.143027315018656620e-02 -3.518380600904941896e-02 -3.421428014797010114e-02 -3.029469098419432585e-02 -3.457290885819783860e-02 -7.839146424846490935e-02 -2.288653804284159210e-01 -6.351990909652771577e-01 -1.507309187358160329e+00 -3.687580066297700743e+00 -6.367380300063797627e+00 -2.199462039968089755e+01 2.106019397403935844e+00 -2.733816940729419684e+02 9.315532776634584025e+02 -6.979101512845349134e+03 3.014556268884707606e+04 -6.871232750047282025e+03 9.217049522476341963e+02 -2.591348080901761364e+02 5.321123736319818498e+00 -1.900770351614119846e+01 -4.936542894899133671e+00 -2.875805999928267020e+00 -1.113886854347270861e+00 -4.561212507882818623e-01 -1.577150216571285291e-01 -5.230988325439062808e-02 -2.239218828296801397e-02 -1.901378970443061769e-02 -2.066193611334432925e-02 -2.043454960385454600e-02 -1.756862643254659267e-02 -1.335181386249529450e-02 -9.187874870831867075e-03 -5.956171445748955663e-03 -3.761080544625480544e-03 -3.269260987388524636e-03
-5.077679702713919133e-06 -1.316962077037769351e-05 -1.896226330998137863e-05 -2.151157213880135706e-05 -2.136464258411324986e-05 -2.001728346237239477e-05 -1.936301773879839009e-05 -2.097639682419015291e-05 -2.552838436590063590e-05 -3.255646610573665364e-05 -4.067715175637248682e-05 -4.816223253148246299e-05 -5.365290222146275567e-05 -5.672730268240764901e-05 -5.808970976148668377e-05 -5.929280324096575981e-05 -6.209547184489282298e-05 -6.771095770983205316e-05 -7.625983250120557536e-05 -8.667371856510318665e-05 -9.711802774553557913e-05 -1.057861690254473046e-04 -1.117436338988336559e-04 -1.154523834855649230e-04 -1.187129612761918094e-04 -1.239894814898870453e-04 -1.333648434794558696e-04 -1.475240958658449448e-04 -1.653862495070404406e-04 -1.840241627365978776e-04 -2.012784258230749005e-04 -2.135175296619031861e-04 -2.180039956856474632e-04 -2.257638841617163347e-04 -2.365067273598521057e-04 -2.557697281897915436e-04 -2.855210214238260440e-04 -3.243415553696824428e-04 -3.670751314358677419e-04 -4.067927001371772423e-04 -4.380166843701182493e-04 -4.600783208237121014e-04 -4.789566586911184133e-04 -5.063272009941686752e-04 -5.555321872556678604e-04 -6.356063618972396462e-04 -7.457945465431808658e-04 -8.734342999896472452e-04 -9.974265499852539955e-04 -1.097423194571104819e-03 -1.166168814707102324e-03 -1.219966655106044778e-03 -1.301208699901915383e-03 -1.468657759177473656e-03 -1.775259776167011474e-03 -2.239698511102004071e-03 -2.823796423384693569e-03 -3.430825921101990882e-03 -3.937401859948577720e-03 -4.261108631132421061e-03 -4.450366798398929305e-03 -4.763602423221476555e-03 -5.690013508916652585e-03 -7.862915873120235669e-03 -1.183401503393946910e-02 -1.772564237841188148e-02 -2.485342637540824060e-02 -3.151628200292624915e-02 -3.529281336727780466e-02 -3.433542659858893065e-02 -3.041722983371380681e-02 -3.471981530982463926e-02 -7.870699581170444159e-02 -2.297884520014263632e-01 -6.378957190484551010e-01 -1.514028522466195570e+00 -3.705197601131782648e+00 -6.398347498582158011e+00 -2.211309265974659866e+01 2.133135026325962968e+00 -2.750016396978933244e+02 9.373028975614286082e+02 -7.022525723538757120e+03 3.033706289458317042e+04 -6.915786372165268403e+03 9.277171365504391360e+02 -2.608888862124821912e+02 5.343425066199641194e+00 -1.914594137160582932e+01 -4.975053888236984356e+00 -2.898232944791661936e+00 -1.122874961456675535e+00 -4.598764156696301675e-01 -1.590542420031562654e-01 -5.277193464194226274e-02 -2.260079353833814239e-02 -1.919430749630651398e-02 -2.085880466379081907e-02 -2.063114957937426525e-02 -1.774188804031353109e-02 -1.348407925800610210e-02 -9.312107522655052941e-03 -5.917856806013893634e-03 -4.583506228246591978e-03
-7.165095921138264725e-06 -2.080624298290758840e-05 -3.004228423893010668e-05 -3.415614720354942881e-05 -3.331843875453350027e-05 -2.919862992841581312e-05 -2.429855427617489484e-05 -2.115068186032272341e-05 -2.151939714359759833e-05 -2.588357831344176435e-05 -3.336967152672989196e-05 -4.214930439702322518e-05 -5.015805795120658087e-05 -5.587536328695694350e-05 -5.888101591955727216e-05 -5.998298789063240553e-05 -6.086507810284443742e-05 -6.338766081676902944e-05 -6.881163150719206846e-05 -7.725748971312836153e-05 -8.763148678694746355e-05 -9.807077080114116386e-05 -1.067491085515296669e-04 -1.127205448457030916e-04 -1.164356033181379807e-04 -1.196842117240148813e-04 -1.248987626563059425e-04 -1.342268451460628190e-04 -1.481000295058515601e-04 -1.663938431650371973e-04 -1.847520918556893373e-04 -1.969372367307695377e-04 -2.097118554055631536e-04 -2.180119058827775607e-04 -2.257062683962252178e-04 -2.369880721822560914e-04 -2.563538170585955489e-04 -2.860592020676735407e-04 -3.247156209859818174e-04 -3.672884695773453892e-04 -4.069477512289758413e-04 -4.382663541261182217e-04 -4.605506454091683297e-04 -4.796879955727870962e-04 -5.072347140272375800e-04 -5.564425706673491873e-04 -6.363332325038023379e-04 -7.462329267207284695e-04 -8.736288498957075132e-04 -9.975767852455684568e-04 -1.097814903726543377e-03 -1.167055744980276212e-03 -1.221455587933330689e-03 -1.303209171754793382e-03 -1.470935412499270239e-03 -1.777586155635529691e-03 -2.242035907893934806e-03 -2.826422687610205629e-03 -3.434314848965016286e-03 -3.942438968804659258e-03 -4.268225958980921206e-03 -4.459778269815197274e-03 -4.775355433744188360e-03 -5.704584878719304308e-03 -7.882151089750459236e-03 -1.186198103137925397e-02 -1.776866387074904630e-02 -2.491851903596467577e-02 -3.160766400513791846e-02 -3.540753619710593214e-02 -3.446176200866042649e-02 -3.054399070891996790e-02 -3.487144612378133973e-02 -7.903403777165404764e-02 -2.307457673138141041e-01 -6.406855070006098885e-01 -1.520963885337925259e+00 -3.723324088058384884e+00 -6.430187886367179750e+00 -2.223439455339491744e+01 2.160256071163045632e+00 -2.766547692065752244e+02 9.431628135038123446e+02 -7.066778030129789840e+03 3.053211002501442636e+04 -6.961141689310384209e+03 9.338373432750418033e+02 -2.626726414291591141e+02 5.366546702875089281e+00 -1.928625970707343029e+01 -5.014074545853228315e+00 -2.920960926464922114e+00 -1.131977125635921899e+00 -4.636779307470794698e-01 -1.604091869529962189e-01 -5.323909488459373229e-02 -2.281161619093434456e-02 -1.937700016098669112e-02 -2.105827838770741450e-02 -2.083260866896677679e-02 -1.791461319231174923e-02 -1.366130771438576336e-02 -9.265708692092965507e-03 -7.075301937608646959e-03
-7.814767864296142641e-06 -2.055687738848113779e-05 -3.040210161598937375e-05 -3.554662185609328625e-05 -3.593310155293151308e-05 -3.264512035139698998e-05 -2.764687931310449949e-05 -2.322329334795720712e-05 -2.134064703121184495e-05 -2.310183511851155301e-05 -2.846177446777239811e-05 -3.629951102092403509e-05 -4.483192495599080593e-05 -5.224376051471923515e-05 -5.732631589590588911e-05 -5.990158282010290348e-05 -6.087331953926898489e-05 -6.187145135018773845e-05 -6.460956523610529405e-05 -7.019172464856761166e-05 -7.864219837641633773e-05 -8.886298149389972175e-05 -9.906495961465763259e-05 -1.075256843574510639e-04 -1.133853824158312330e-04 -1.171003847895280540e-04 -1.204987886017419834e-04 -1.256505875094925443e-04 -1.356290222871497312e-04 -1.492425715129737243e-04 -1.619746365461405095e-04 -1.807054713284330413e-04 -1.967697761099534710e-04 -2.093482203986402989e-04 -2.182632892444531846e-04 -2.262584324834899260e-04 -2.377562521609982368e-04 -2.571672354799321974e-04 -2.867712801226981047e-04 -3.252420364682782135e-04 -3.676422128416114701e-04 -4.072324915283659082e-04 -4.386304166890895033e-04 -4.611180184379885479e-04 -4.804964407294416728e-04 -5.082105879687723446e-04 -5.574281219175050662e-04 -6.371591792029470671e-04 -7.468065610806889952e-04 -8.739970384040180850e-04 -9.979297363467717983e-04 -1.098421302620907532e-03 -1.168152698406540058e-03 -1.223143748821094211e-03 -1.305410130119613338e-03 -1.473446296186337393e-03 -1.780222002509720004e-03 -2.244799493325689340e-03 -2.829611572647815990e-03 -3.438488959305763693e-03 -3.948236856809548591e-03 -4.276118876671076638e-03 -4.469943094367660914e-03 -4.787873177607797175e-03 -5.720075657203379203e-03 -7.902722172023165723e-03 -1.189203701218356085e-02 -1.781483880618247098e-02 -2.498795566670311205e-02 -3.170436728511887015e-02 -3.552793559300872900e-02 -3.459327194893474511e-02 -3.067498422821346785e-02 -3.502781902041530310e-02 -7.937257988170265399e-02 -2.317372576031858922e-01 -6.435683818252254662e-01 -1.528115431554122550e+00 -3.741961091144561102e+00 -6.462904742314837137e+00 -2.235854791069468561e+01 2.187398125079490274e+00 -2.783414767213646996e+02 9.491345442659479659e+02 -7.111869997268268889e+03 3.073075670965542304e+04 -7.007311308398476285e+03 9.400672742338009584e+02 -2.644865975857713920e+02 5.390488911025647312e+00 -1.942870328500369226e+01 -5.053618222939892490e+00 -2.943997628143737000e+00 -1.141196503662854411e+00 -4.675271572378837948e-01 -1.617804369505551620e-01 -5.371175022792061549e-02 -2.302528238128761021e-02 -1.956262181212738843e-02 -2.126440085393522389e-02 -2.103305493611410878e-02 -1.815655154274498084e-02 -1.357960262688433922e-02 -1.105056617833577969e-02
-6.860924387278447134e-06 -1.320635924337220571e-05 -2.076413219746962871e-05 -2.592926326695472685e-05 -2.864371198703516907e-05 -2.897767497626978618e-05 -2.756210883578805987e-05 -2.546091117365876147e-05 -2.395847387097837272e-05 -2.422718849367889730e-05 -2.697645478474540622e-05 -3.220404455571260655e-05 -3.916139947105416974e-05 -4.657710316087380979e-05 -5.308979981656462166e-05 -5.774882202766479938e-05 -6.039476665902076429e-05 -6.175848988128483012e-05 -6.321149300121470997e-05 -6.623930823423287008e-05 -7.183062062516610852e-05 -8.003192638980713024e-05 -8.987103232121618614e-05 -9.972674106020030594e-05 -1.079855111417517581e-04 -1.139169683095957934e-04 -1.176227932350525871e-04 -1.219048655214274683e-04 -1.269974116256298528e-04 -1.311590468768305650e-04 -1.452340657792769354e-04 -1.620436280356048653e-04 -1.803604841163851239e-04 -1.968754987821073334e-04 -2.096570523878002359e-04 -2.188345542872104218e-04 -2.270525940353642139e-04 -2.386863759928762902e-04 -2.581027031082604325e-04 -2.875865944955432281e-04 -3.258675192589664208e-04 -3.680959834057195737e-04 -4.076157957855044479e-04 -4.390852047401252187e-04 -4.617629476023457137e-04 -4.813694372045394907e-04 -5.092457641876918257e-04 -5.584817317591798296e-04 -6.380776691800879932e-04 -7.475086287328615905e-04 -8.745316041388924563e-04 -9.984782141506526321e-04 -1.099236137336766055e-03 -1.169455086757655764e-03 -1.225028349415424947e-03 -1.307809885631613022e-03 -1.476188406154100609e-03 -1.783163356961159568e-03 -2.247982172576826025e-03 -2.833352744571736217e-03 -3.443335885349484322e-03 -3.954783294905505307e-03 -4.284777514230285120e-03 -4.480854823268732093e-03 -4.801151510036473155e-03 -5.736480428284415276e-03 -7.924617252584987767e-03 -1.192415987649636348e-02 -1.786413110510319535e-02 -2.506169073014535148e-02 -3.180634615101331913e-02 -3.565397839238045041e-02 -3.472994615901889293e-02 -3.081022332054873109e-02 -3.518895417507448414e-02 -7.972262095012902505e-02 -2.327628835795773066e-01 -6.465443469660576703e-01 -1.535483481861241950e+00 -3.761110521437525556e+00 -6.496501916720385239e+00 -2.248557606041553214e+01 2.214576334549220871e+00 -2.800621698687066896e+02 9.552196478293570863e+02 -7.157813480594252724e+03 3.093305674719040326e+04 -7.054308083023231120e+03 9.464086647206631824e+02 -2.663312863093277656e+02 5.415252539400746912e+00 -1.957331722648526906e+01 -5.093698311095574027e+00 -2.967350775739338697e+00 -1.150536304068589200e+00 -4.714255757863531349e-01 -1.631688081002015678e-01 -5.419092024088732751e-02 -2.324293466743620681e-02 -1.975740860214388050e-02 -2.146796910419380977e-02 -2.134096429912314685e-02 -1.799470903049399731e-02 -1.635474233223568885e-02
-4.455845956533511346e-06 -2.635300647671796559e-06 -6.192028335178377669e-06 -1.040098905873215912e-05 -1.534809271833008335e-05 -2.015023094300102228e-05 -2.396978688831019819e-05 -2.630992390029435513e-05 -2.728220729872290310e-05 -2.760892408399484132e-05 -2.836440206096783691e-05 -3.054886655707322217e-05 -3.466752199270451188e-05 -4.049620661880814267e-05 -4.714372600685522575e-05 -5.340332067095528097e-05 -5.826035103201172106e-05 -6.134782949578094894e-05 -6.315029976197617694e-05 -6.484901616646159049e-05 -6.785153594162194473e-05 -7.318535504095141642e-05 -8.102362809781212352e-05 -9.051858776753656270e-05 -1.002523074322337520e-04 -1.083178504024859111e-04 -1.151207495342739440e-04 -1.188091368940646811e-04 -1.169839389349779866e-04 -1.228001649895279839e-04 -1.315204550542146749e-04 -1.451881052448095373e-04 -1.623860534661272098e-04 -1.807317577127221029e-04 -1.973318133270158148e-04 -2.102392818773723320e-04 -2.195888592668102915e-04 -2.279726943121957144e-04 -2.397035570598684401e-04 -2.591052831194263746e-04 -2.884643538475585079e-04 -3.265604730673307417e-04 -3.686248063655955657e-04 -4.080779380761177235e-04 -4.396155672968132832e-04 -4.624743477993141874e-04 -4.822992690642838179e-04 -5.103348868745388517e-04 -5.595992023263731373e-04 -6.390845573298704549e-04 -7.483343520075737190e-04 -8.752270732593150785e-04 -9.992165763713658187e-04 -1.100254436451191540e-03 -1.170959321776246986e-03 -1.227107344207588498e-03 -1.310407320580666158e-03 -1.479160273027705893e-03 -1.786406900535189102e-03 -2.251577700064399945e-03 -2.837636941950042856e-03 -3.448844471867859411e-03 -3.962067249824241695e-03 -4.294193025913190832e-03 -4.492507794643165256e-03 -4.815186939445736426e-03 -5.753794597956747928e-03 -7.947825907613349436e-03 -1.195832905612106804e-02 -1.791650858996020682e-02 -2.513968385685160303e-02 -3.191356073681645561e-02 -3.578563688383606944e-02 -3.487177839026681797e-02 -3.094972321249914171e-02 -3.535487422647076022e-02 -8.008416853835022275e-02 -2.338226342117076528e-01 -6.496134792452177287e-01 -1.543068516074139085e+00 -3.780774626108018399e+00 -6.530983814854434577e+00 -2.261550380469667942e+01 2.241805432818921417e+00 -2.818172698002086918e+02 9.614197218865991772e+02 -7.204620630892243753e+03 3.113906512940977700e+04 -7.102145120264560319e+03 9.528632844222656786e+02 -2.682072473641898682e+02 5.440839004725924966e+00 -1.972014705475540097e+01 -5.134328270858719456e+00 -2.991028194203858348e+00 -1.159999906899177091e+00 -4.753749861098097163e-01 -1.645759787205382241e-01 -5.467820258873200279e-02 -2.347352904284945654e-02 -1.994682856147848155e-02 -2.182957841992525655e-02 -2.104538080446682891e-02 -2.207755581610863077e-02
-1.202543919528596941e-06 6.211509890083355490e-06 6.562696127233066094e-06 3.815623333606456304e-06 -2.237802377988449790e-06 -1.024073545606688503e-05 -1.840289589284393741e-05 -2.504598195340178125e-05 -2.918506481039429419e-05 -3.082999385911728386e-05 -3.091964572092523633e-05 -3.091933824728239664e-05 -3.223751312113172182e-05 -3.568390370364621437e-05 -4.117782509643627220e-05 -4.781703652875103882e-05 -5.428045909633950569e-05 -5.940347589837464959e-05 -6.269182962037401282e-05 -6.455988438668819383e-05 -6.618065578593890534e-05 -6.900892126125355002e-05 -7.411576929914622750e-05 -8.183992494167472472e-05 -9.101595374038008333e-05 -1.015140201006252564e-04 -1.093878977173672143e-04 -1.095160990824608230e-04 -1.140545301466140026e-04 -1.173072989946169682e-04 -1.228702263048290914e-04 -1.321514145028231265e-04 -1.458842499193733241e-04 -1.630832598580759585e-04 -1.813879664646303610e-04 -1.979890507109270258e-04 -2.109676367547243616e-04 -2.204439528773150198e-04 -2.289593153418860276e-04 -2.407650982276379813e-04 -2.601432325832687856e-04 -2.893801488352156881e-04 -3.273014388010120216e-04 -3.692128691175437230e-04 -4.086062061676648061e-04 -4.402117351076522984e-04 -4.632452476427499893e-04 -4.832813566495786951e-04 -5.114750152415586167e-04 -5.607782563735517860e-04 -6.401773079746607680e-04 -7.492803729845608348e-04 -8.760792540085540845e-04 -1.000140318302513744e-03 -1.101472184603485534e-03 -1.172662560566608203e-03 -1.229379234522253025e-03 -1.313201734424355917e-03 -1.482360829882229400e-03 -1.789949828704138612e-03 -2.255580546066392276e-03 -2.842455835664244208e-03 -3.455004636964417643e-03 -3.970078761916127560e-03 -4.304357496036818366e-03 -4.504897069216634922e-03 -4.829976579459116688e-03 -5.772014334266503156e-03 -7.972339049052966711e-03 -1.199452632944347785e-02 -1.797194271468652293e-02 -2.522189951359160576e-02 -3.202597666641120167e-02 -3.592288854133388054e-02 -3.501876626768077316e-02 -3.109350140952124933e-02 -3.552560424374498482e-02 -8.045723859521142218e-02 -2.349165254790602231e-01 -6.527759259095544664e-01 -1.550871167394551442e+00 -3.800955978593918871e+00 -6.566355382250832484e+00 -2.274835739729835993e+01 2.269099771055845594e+00 -2.836072112322404450e+02 9.677364043808095175e+02 -7.252303898479325653e+03 3.134883806577664654e+04 -7.150835787551996873e+03 9.594329383394260731e+02 -2.701150290049953924e+02 5.467250269578286748e+00 -1.986923875753157631e+01 -5.175521702256506984e+00 -3.015037945465217195e+00 -1.169591064619985188e+00 -4.793782087487986621e-01 -1.660040420097405878e-01 -5.518523773861802595e-02 -2.369546308307236490e-02 -2.034853232065831838e-02 -2.136228861499615134e-02 -2.652224883581406553e-02
1.863372367715867406e-06 9.633551051230349732e-06 1.219192671462461674e-05 1.076485636642135099e-05 5.164092041399740748e-06 -3.425734571692400964e-06 -1.314301642106719804e-05 -2.198706351517988253e-05 -2.842886357048365287e-05 -3.184614293380162150e-05 -3.265729337341611877e-05 -3.211202929637362936e-05 -3.181409010709377401e-05 -3.314176881096131822e-05 -3.676857093824507038e-05 -4.245552499715541474e-05 -4.918938076427586216e-05 -5.561668314666533958e-05 -6.061014718725049675e-05 -6.374439558511967930e-05 -6.550167337816957156e-05 -6.705725354624964755e-05 -6.996315615883328136e-05 -7.485910404413873833e-05 -8.343298504114348487e-05 -9.229809345332929305e-05 -9.541126535032225264e-05 -1.040791338978473902e-04 -1.096335081107218989e-04 -1.139341436455079611e-04 -1.179243802566140023e-04 -1.237260926865926412e-04 -1.331380730473226512e-04 -1.468579418234104597e-04 -1.639742080206997587e-04 -1.821914781170539278e-04 -1.987572197826885032e-04 -2.117764285917309529e-04 -2.213526406705576121e-04 -2.299781706043830913e-04 -2.418458929078777628e-04 -2.611976954332835099e-04 -2.903192244147403001e-04 -3.280783644870126597e-04 -3.698501288845773452e-04 -4.091924056752840096e-04 -4.408674570764056473e-04 -4.640713830853801861e-04 -4.843131857087936624e-04 -5.126647985386915745e-04 -5.620178907234019876e-04 -6.413544771311485140e-04 -7.503443305634252764e-04 -8.770848876750947593e-04 -1.001245786122429956e-03 -1.102886091251610622e-03 -1.174562522999963304e-03 -1.231842924838547028e-03 -1.316192725863718624e-03 -1.485789305587233416e-03 -1.793789743413482960e-03 -2.259985782490536287e-03 -2.847801909790035474e-03 -3.461807256493738480e-03 -3.978808843636515158e-03 -4.315263857997670045e-03 -4.518018366712394339e-03 -4.845518087588567523e-03 -5.791136483801731863e-03 -7.998148792722831885e-03 -1.203273562388462725e-02 -1.803040830323685700e-02 -2.530830670372497676e-02 -3.214356476141357055e-02 -3.606571578963553570e-02 -3.517091114086801085e-02 -3.124157760210244730e-02 -3.570117155818527260e-02 -8.084185494194828792e-02 -2.360445990578331488e-01 -6.560319018381367551e-01 -1.558892217280444692e+00 -3.821657469884121028e+00 -6.602622091713588937e+00 -2.288416452505638432e+01 2.296473347856224034e+00 -2.854324425020175795e+02 9.741713740807789463e+02 -7.300876037818817167e+03 3.156243300862932665e+04 -7.200393719591804256e+03 9.661194677152809618e+02 -2.720551883364815922e+02 5.494488801042199277e+00 -2.002063887982451007e+01 -5.217292474643869582e+00 -3.039388471970436267e+00 -1.179314547302018124e+00 -4.834380151793409852e-01 -1.674664721950930024e-01 -5.568294903395918510e-02 -2.417217774828109636e-02 -1.973085815585123512e-02 -2.790215733401285939e-02
3.662198568259779238e-06 6.698407508860594604e-06 9.028858001624913459e-06 8.263304485946554456e-06 4.381917842727570444e-06 -2.115182495125325105e-06 -1.012088246062717989e-05 -1.822995705773791851e-05 -2.510471692240395227e-05 -2.984082858641681047e-05 -3.221822824941444094e-05 -3.275487432685032519e-05 -3.253125253179920057e-05 -3.282909306792465760e-05 -3.469620542846239586e-05 -3.858459686039383379e-05 -4.419736733629433444e-05 -5.061158739701760302e-05 -5.664296789896323215e-05 -6.133761176426886716e-05 -6.434015755129438214e-05 -6.625344850666414450e-05 -6.774164251963691555e-05 -7.175441630355120653e-05 -7.642963356974490888e-05 -7.701725383853725096e-05 -8.668938179310460091e-05 -9.554362223701395190e-05 -1.038089540683034384e-04 -1.100867967155039299e-04 -1.146740004220533768e-04 -1.189235872285089693e-04 -1.248652760427812350e-04 -1.343075066065073549e-04 -1.479622255338124549e-04 -1.649628824782553170e-04 -1.830715049742164501e-04 -1.995845424557766870e-04 -2.126274066627906363e-04 -2.222869157049633048e-04 -2.310089282377322513e-04 -2.429311482255259785e-04 -2.622576056211932839e-04 -2.912728341648526697e-04 -3.288839221742442223e-04 -3.705303005635395431e-04 -4.098313310770431003e-04 -4.415788300349063463e-04 -4.649502982093495738e-04 -4.853936132893167167e-04 -5.139039352431915009e-04 -5.633179478989801476e-04 -6.426153657478441469e-04 -7.515245739697763803e-04 -8.782414092763286308e-04 -1.002529977567771140e-03 -1.104493427021857122e-03 -1.176657359459613774e-03 -1.234497615903809705e-03 -1.319380103368153218e-03 -1.489445144140854466e-03 -1.797924574052590192e-03 -2.264789001584918953e-03 -2.853668378104384784e-03 -3.469244081462106392e-03 -3.988249401687484624e-03 -4.326905822891412810e-03 -4.531867998307780379e-03 -4.861809593747994269e-03 -5.811158484678759228e-03 -8.025248343434803616e-03 -1.207294286414772877e-02 -1.809188335912626303e-02 -2.539887874554964259e-02 -3.226630080474084117e-02 -3.621410577336896253e-02 -3.532821787161569832e-02 -3.139397345753530688e-02 -3.588160548502420527e-02 -8.123804874269696663e-02 -2.372069211943679257e-01 -6.593816872303922549e-01 -1.567132591127981645e+00 -3.842882300967480180e+00 -6.639789931674423329e+00 -2.302295429163968876e+01 2.323939838309147632e+00 -2.872934256385755134e+02 9.807263511902494884e+02 -7.350350112358189108e+03 3.177990867903858089e+04 -7.250832825380181021e+03 9.729247509633362370e+02 -2.740282916878936135e+02 5.522557515720303734e+00 -2.017439463643807329e+01 -5.259654767653090701e+00 -3.064089068709875630e+00 -1.189174425422987458e+00 -4.875684454455041505e-01 -1.689288175858483787e-01 -5.645183613696119762e-02 -2.354553129789276403e-02 -2.658410685781167557e-02
3.404416583347203126e-06 -5.994679411782320401e-07 -5.622838314009154144e-07 -1.494132730978649959e-06 -3.208534021827776421e-06 -6.052281664583189844e-06 -1.009028680771483046e-05 -1.507911822284701135e-05 -2.045078680921237640e-05 -2.545362990945149872e-05 -2.939946053667518892e-05 -3.192869653862655081e-05 -3.318254279022615858e-05 -3.379536835211807851e-05 -3.468883074787362688e-05 -3.673198398392021408e-05 -4.039629528807345011e-05 -4.554721409964791870e-05 -5.148664733782443858e-05 -5.718126220911894000e-05 -6.189277868365569203e-05 -6.476600433872002616e-05 -6.794802036845215803e-05 -6.933152804935752644e-05 -6.483174539125908164e-05 -7.053630059774288136e-05 -7.738896254195689066e-05 -8.654223010581980067e-05 -9.603948356763190722e-05 -1.044781647642660716e-04 -1.109646334612241934e-04 -1.157268675518029622e-04 -1.201165199394528202e-04 -1.261295372052577337e-04 -1.355576939971134829e-04 -1.491225723118412420e-04 -1.659946993248459534e-04 -1.839870650351884556e-04 -2.004401762619900012e-04 -2.134975980184940106e-04 -2.232300450892673238e-04 -2.320396861541494410e-04 -2.440124547735754543e-04 -2.633168134024182669e-04 -2.922360958391393305e-04 -3.297138797285917647e-04 -3.712496053316282295e-04 -4.105197975915430815e-04 -4.423435489217998769e-04 -4.658807658785034172e-04 -4.865224211328202141e-04 -5.151928278378777124e-04 -5.646788459776313617e-04 -6.439598034762152945e-04 -7.528199849512514762e-04 -8.795467984955119374e-04 -1.003990417024683843e-03 -1.106291921881322931e-03 -1.178945572381174828e-03 -1.237342749147109580e-03 -1.322763849657709661e-03 -1.493327983641070528e-03 -1.802352563357604827e-03 -2.269986301066092942e-03 -2.860049162934761528e-03 -3.477307709338525645e-03 -3.998393204601149650e-03 -4.339277851271331962e-03 -4.546442851501072274e-03 -4.878849703771625385e-03 -5.832078386345853835e-03 -8.053632018321644354e-03 -1.211513597744678580e-02 -1.815634902861661126e-02 -2.549359317842768424e-02 -3.239416539559747399e-02 -3.636805019500632258e-02 -3.549069471137884790e-02 -3.155071258878690971e-02 -3.606693737916966125e-02 -8.164585851036888775e-02 -2.384035823096367079e-01 -6.628256261644837055e-01 -1.575593354874646357e+00 -3.864633976265625659e+00 -6.677865395625798506e+00 -2.316475720367597901e+01 2.351512621405720704e+00 -2.891906364509988521e+02 9.874030979860932575e+02 -7.400739499599635565e+03 3.200132509332672635e+04 -7.302167295312419810e+03 9.798507045950667589e+02 -2.760349149903723287e+02 5.551459716365496178e+00 -2.033055393563692803e+01 -5.302623500485166730e+00 -3.089148089740537451e+00 -1.199185464597217976e+00 -4.917346330769312157e-01 -1.706625651735089733e-01 -5.614829771578660339e-02 -3.011709357353030761e-02
1.123811993395120679e-06 -8.509318061682796832e-06 -1.160460001879767940e-05 -1.331406660951043352e-05 -1.335228858997449028e-05 -1.268378051957920596e-05 -1.241055852800818206e-05 -1.345216561042949664e-05 -1.619051053632073446e-05 -2.034707964639551403e-05 -2.511816147231732429e-05 -2.951657440887182977e-05 -3.278141047385570769e-05 -3.469176819239263562e-05 -3.565588267664042096e-05 -3.653834709568917386e-05 -3.829068461841636148e-05 -4.155367473617254716e-05 -4.632537781915243674e-05 -5.216491797246990641e-05 -5.755035390641530523e-05 -6.351182522105697031e-05 -6.620784634119603073e-05 -6.017196054377542961e-05 -6.285070321576760903e-05 -6.533089082177753596e-05 -7.057028174487974274e-05 -7.813394084027915738e-05 -8.739757136343585635e-05 -9.698921059922020792e-05 -1.054898501420596608e-04 -1.120599459225531688e-04 -1.169197828305137472e-04 -1.213925782054880114e-04 -1.274393930796240777e-04 -1.368315429547538483e-04 -1.502966696930852603e-04 -1.670377061725463082e-04 -1.849137611135742210e-04 -2.013056040460423090e-04 -2.143732994420488364e-04 -2.241723081028748046e-04 -2.330638759779293952e-04 -2.450854992509190642e-04 -2.643723686505435998e-04 -2.932066849992024456e-04 -3.305660956163152865e-04 -3.720059926689562170e-04 -4.112560404015282406e-04 -4.431604482515529063e-04 -4.668624448050219880e-04 -4.877000654223410296e-04 -5.165324038973892690e-04 -5.661014513399945190e-04 -6.453880566883925815e-04 -7.542299099633063440e-04 -8.809995314120304139e-04 -1.005625128155596387e-03 -1.108279763598625728e-03 -1.181426045440519363e-03 -1.240378067828407918e-03 -1.326344210263585323e-03 -1.497437762402089277e-03 -1.807072379150172041e-03 -2.275574392538331527e-03 -2.866938999220449303e-03 -3.485991693104578421e-03 -4.009234014861185608e-03 -4.352375329002203426e-03 -4.561740624072249499e-03 -4.896637791264368822e-03 -5.853895181087210783e-03 -8.083295586405019051e-03 -1.215930520956339488e-02 -1.822378988099465635e-02 -2.559243203202545697e-02 -3.252714427718797485e-02 -3.652754580395161516e-02 -3.565835405381619083e-02 -3.171182161848358494e-02 -3.625720194328092144e-02 -8.206533142734492858e-02 -2.396346979240225883e-01 -6.663641265677928693e-01 -1.584275713445598033e+00 -3.886916300034796379e+00 -6.716855476477403109e+00 -2.330960516549281536e+01 2.379204797112682179e+00 -2.911245646434297214e+02 9.942034194754133978e+02 -7.452057896403268387e+03 3.222674359025304511e+04 -7.354411608407977837e+03 9.868992841126175790e+02 -2.780756443084342209e+02 5.581198743114678784e+00 -2.048916668536275409e+01 -5.346214262992807775e+00 -3.114588838638891133e+00 -1.209317552209130398e+00 -4.962442149500037036e-01 -1.712417721790489566e-01 -6.385001071700195652e-02
-2.292050620196127156e-06 -1.335746446881221299e-05 -1.894377142797153197e-05 -2.157850899779609289e-05 -2.106857679614649209e-05 -1.851283017534815839e-05 -1.547327968540682870e-05 -1.352053138385374441e-05 -1.372859517079212424e-05 -1.636833508280933198e-05 -2.088489703796835928e-05 -2.616031603497052230e-05 -3.096031987861898305e-05 -3.439906304399667291e-05 -3.625416785568185058e-05 -3.701299227639163233e-05 -3.765781952641638995e-05 -3.919335019091304032e-05 -4.246553637469758781e-05 -4.689669593180438486e-05 -5.400672358764924152e-05 -5.903744049581289834e-05 -5.481029340491201180e-05 -5.892484928416360525e-05 -6.056375519632440339e-05 -6.284347975243914511e-05 -6.622419853126057206e-05 -7.167054370044018932e-05 -7.934644673014305339e-05 -8.860572552185801468e-05 -9.816667103639297777e-05 -1.066549375593297183e-04 -1.132514764463331009e-04 -1.181659290366372030e-04 -1.226902535303476822e-04 -1.287503692620487936e-04 -1.380964182833764825e-04 -1.514600662475208866e-04 -1.680732468723372447e-04 -1.858372760404336510e-04 -2.021700275175627971e-04 -2.152467437255513511e-04 -2.251085529159177359e-04 -2.340784546651176795e-04 -2.461487155097362195e-04 -2.654235078774621281e-04 -2.941840715552603751e-04 -3.314399458465331445e-04 -3.727987182441863797e-04 -4.120394166575099839e-04 -4.440293078741069325e-04 -4.678957707510675345e-04 -4.889276353168389624e-04 -5.179241248419929819e-04 -5.675871240684642006e-04 -6.469009031754966886e-04 -7.557542641702484762e-04 -8.825987196802611949e-04 -1.007432816072083986e-03 -1.110455827754870933e-03 -1.184098319596175010e-03 -1.243603930242507183e-03 -1.330122031679500374e-03 -1.501775073241252371e-03 -1.812083486397675315e-03 -2.281551007113885154e-03 -2.874333901226874127e-03 -3.495291099484076121e-03 -4.020767259373446076e-03 -4.366195350472203141e-03 -4.577760698068541502e-03 -4.915174928350027513e-03 -5.876609767810521412e-03 -8.114237278956128868e-03 -1.220544425227714815e-02 -1.829419527926188366e-02 -2.569538359278006681e-02 -3.266523062380170123e-02 -3.669259724192292654e-02 -3.583121575574012979e-02 -3.187733379778811410e-02 -3.645244097771780517e-02 -8.249652724143552440e-02 -2.409004130778912567e-01 -6.699976659859829820e-01 -1.593181019044616731e+00 -3.909733388242196739e+00 -6.756767682409822839e+00 -2.345753150055013947e+01 2.407029177829586253e+00 -2.930957139640731839e+02 1.001129164070398701e+03 -7.504319324533931649e+03 3.245622685882440783e+04 -7.407580539906326521e+03 9.940724841535292171e+02 -2.801510780325758105e+02 5.611773007827703275e+00 -2.065029068842192572e+01 -5.390482008764389654e+00 -3.140383428853945169e+00 -1.220202011070277592e+00 -4.985732148710240730e-01 -1.879989492304884047e-01
-5.386050835043859832e-06 -1.318004020958907719e-05 -1.953952504886262691e-05 -2.276858133112922688e-05 -2.292594965425602850e-05 -2.074325545917269010e-05 -1.751694205138364422e-05 -1.471611048288895189e-05 -1.356679082126437160e-05 -1.471406786942897442e-05 -1.806908518807218540e-05 -2.288780642243375653e-05 -2.805594072315630616e-05 -3.248768338290969804e-05 -3.549993759393270257e-05 -3.705296457485614237e-05 -3.767769412172203319e-05 -3.851874297969159089e-05 -3.985871392396308902e-05 -4.463854852120946676e-05 -4.866817099571432161e-05 -4.453577724197513955e-05 -5.105202660159939392e-05 -5.512449899280098679e-05 -5.874668478576395816e-05 -6.139634791136423450e-05 -6.399399323886952365e-05 -6.760883971228735486e-05 -7.312936074854296017e-05 -8.078134152126032581e-05 -8.996215750391591914e-05 -9.944043853607264583e-05 -1.078788221872914883e-04 -1.144719322565774860e-04 -1.194168963998750192e-04 -1.239747637399848316e-04 -1.300373814938751477e-04 -1.393340266279097749e-04 -1.525991595167603223e-04 -1.690910229471040264e-04 -1.867498199524572199e-04 -2.030277833150496438e-04 -2.161142090462539651e-04 -2.260368120899406655e-04 -2.350828948251731433e-04 -2.472025571068181657e-04 -2.664711446975117346e-04 -2.951691842981404076e-04 -3.323361320711966686e-04 -3.736282719645365926e-04 -4.128704320498129414e-04 -4.449509570952915843e-04 -4.689821192339144120e-04 -4.902070610555422318e-04 -5.193702357514229503e-04 -5.691380163808022708e-04 -6.484999935521816887e-04 -7.573939705800375411e-04 -8.843446342125453434e-04 -1.009413468817459917e-03 -1.112820337518642417e-03 -1.186963287486815684e-03 -1.247022025102360052e-03 -1.334099508019399600e-03 -1.506341981938715902e-03 -1.817387101228376978e-03 -2.287916051062024916e-03 -2.882232560048706826e-03 -3.505204139566077057e-03 -4.032991832252755086e-03 -4.380738606271246220e-03 -4.594506052250556249e-03 -4.934465854329731817e-03 -5.900227145795669016e-03 -8.146460510738251504e-03 -1.225355385363128755e-02 -1.836756416420970081e-02 -2.580244841765222397e-02 -3.280843202139011039e-02 -3.686322447307717465e-02 -3.600931452395247923e-02 -3.204729636550131266e-02 -3.665271179657945966e-02 -8.293953027861696026e-02 -2.422009218162718691e-01 -6.737268227965111933e-01 -1.602310816874386701e+00 -3.933089727561382976e+00 -6.797610101745493516e+00 -2.360857101247950141e+01 2.434998261983746914e+00 -2.951046023730120282e+02 1.008182224242285315e+03 -7.557538136705366924e+03 3.268983896593648387e+04 -7.461689171365886978e+03 1.001372333558972741e+03 -2.822618423879617353e+02 5.643156482228862458e+00 -2.081410161370531853e+01 -5.435363472218714520e+00 -3.168354796603353396e+00 -1.224877527730710236e+00 -5.477741905712359971e-01
-6.733809710006177919e-06 -8.444814296871472600e-06 -1.361796007732542394e-05 -1.683280914806213892e-05 -1.842328937438438192e-05 -1.845984458297587004e-05 -1.742897404663449755e-05 -1.605956892570526947e-05 -1.517217963073433541e-05 -1.546337150105938453e-05 -1.730260989171659552e-05 -2.061169243099221970e-05 -2.488066754374710187e-05 -2.932538107265518634e-05 -3.317495686122915810e-05 -3.588065620239980669e-05 -3.762406972497098624e-05 -3.812178449108256494e-05 -4.078943102786430512e-05 -4.182756532339197177e-05 -3.435975465540260198e-05 -4.010405553852950544e-05 -4.502150416311030229e-05 -5.086762182208916672e-05 -5.592963349668793408e-05 -5.984134130814593562e-05 -6.276668228473451696e-05 -6.552715829719919912e-05 -6.921782672402354737e-05 -7.472604153370289817e-05 -8.229805489600728588e-05 -9.136594874613459616e-05 -1.007384531853416806e-04 -1.091092272981204314e-04 -1.156835491500842215e-04 -1.206457006349775604e-04 -1.252271278077195932e-04 -1.312872426962758961e-04 -1.405352213126657935e-04 -1.537075387087878621e-04 -1.700865093215799852e-04 -1.876483099861001329e-04 -2.038770764661907331e-04 -2.169751610003487700e-04 -2.269577552753339355e-04 -2.360788859692843176e-04 -2.482494105138758505e-04 -2.675179728002546778e-04 -2.961646846805662770e-04 -3.332571021114028270e-04 -3.744969135803517097e-04 -4.137513569614571004e-04 -4.459279444389451690e-04 -4.701245211091328283e-04 -4.915418933204835196e-04 -5.208746489253783312e-04 -5.707581089337624954e-04 -6.501890759502824317e-04 -7.591523768761166031e-04 -8.862402792841202973e-04 -1.011570027678895464e-03 -1.115376573501999750e-03 -1.190024929371837330e-03 -1.250637192767861975e-03 -1.338282222070701988e-03 -1.511144464076903497e-03 -1.822989176268424456e-03 -2.294675197428583825e-03 -2.890640460289296571e-03 -3.515736608474624627e-03 -4.045914629192481383e-03 -4.396013911279854358e-03 -4.611987967893778698e-03 -4.954524409390102628e-03 -5.924763424896501221e-03 -8.179983363898720231e-03 -1.230365434169859891e-02 -1.844392048737827569e-02 -2.591365671130824513e-02 -3.295678830412820948e-02 -3.703947995148561961e-02 -3.619271698645321056e-02 -3.222179120548469833e-02 -3.685811903629727937e-02 -8.339450314012583632e-02 -2.435365537486721410e-01 -6.775524015661837929e-01 -1.611667003648548091e+00 -3.956990344924526060e+00 -6.839391547191093323e+00 -2.376276007673913071e+01 2.463124191220266379e+00 -2.971517624031945388e+02 1.015364536376151477e+03 -7.611729025352413373e+03 3.292764537818230019e+04 -7.516752914547627370e+03 1.008800854594499015e+03 -2.844086433648250818e+02 5.674990875760902220e+00 -2.098041491499324707e+01 -5.486139940677095872e+00 -3.178181524767207389e+00 -1.366138362841473608e+00
-5.672936786792947951e-06 -1.618915746604030862e-06 -4.281308575301654974e-06 -6.900105235885073036e-06 -9.949105817803108773e-06 -1.286345493196332025e-05 -1.517994643755779059e-05 -1.663224315030900589e-05 -1.731009921834181337e-05 -1.764863959588392340e-05 -1.826986838330190918e-05 -1.973617667971813298e-05 -2.230965899027429524e-05 -2.584695978373978539e-05 -2.977282207712892364e-05 -3.364319561919922757e-05 -3.607217236871638290e-05 -3.981318787725674098e-05 -4.002802593037847392e-05 -2.933907591767502407e-05 -3.250176430822571052e-05 -3.510902311117062983e-05 -4.010817381806887528e-05 -4.602811045235922078e-05 -5.206824257574447481e-05 -5.732155667381994403e-05 -6.135602422605472897e-05 -6.438098315673303098e-05 -6.720254571752516258e-05 -7.090000944878474727e-05 -7.635364167838100901e-05 -8.382115408892749941e-05 -9.276260686995007579e-05 -1.020211270354291641e-04 -1.103175256800362246e-04 -1.168660561050362956e-04 -1.218385283476090797e-04 -1.264384580305827387e-04 -1.324946750229607140e-04 -1.416972202495672098e-04 -1.547840545138706183e-04 -1.710596240050784201e-04 -1.885334602465266868e-04 -2.047193723557851378e-04 -2.178318824751972009e-04 -2.278745358191931671e-04 -2.370704009848816432e-04 -2.492938856407127170e-04 -2.685689650142440862e-04 -2.971756294113008564e-04 -3.342078082661847699e-04 -3.754094583748035507e-04 -4.146870004227863268e-04 -4.469653136812339967e-04 -4.713285118653544889e-04 -4.929383327949502912e-04 -5.224442532328266902e-04 -5.724548433718006915e-04 -6.519759075848257117e-04 -7.610373202038671087e-04 -8.882934534691592100e-04 -1.013910337252930255e-03 -1.118132736873493193e-03 -1.193292283142436674e-03 -1.254459832078636764e-03 -1.342682342878082254e-03 -1.516196613590278450e-03 -1.828905570231157893e-03 -2.301845657628415545e-03 -2.899575702406044075e-03 -3.526907284498967052e-03 -4.059555472060958313e-03 -4.412043301516771661e-03 -4.630232675751866540e-03 -4.975383517029503301e-03 -5.950260660137688187e-03 -8.214858696453152323e-03 -1.235580972764221790e-02 -1.852333839715757102e-02 -2.602909117137797504e-02 -3.311039032283630279e-02 -3.722146609695588249e-02 -3.638154756335101186e-02 -3.240098609947646147e-02 -3.706891242195408526e-02 -8.386184854204739580e-02 -2.449080023556661767e-01 -6.814757028101535719e-01 -1.621252080481328850e+00 -3.981440964763626855e+00 -6.882121567563582509e+00 -2.392013660720145651e+01 2.491418389391695243e+00 -2.992377433699032849e+02 1.022678075205623031e+03 -7.666907045526634647e+03 3.316971295705929515e+04 -7.572787609702942063e+03 1.016359968748622805e+03 -2.865929814861390241e+02 5.707988683001863350e+00 -2.116242329532552802e+01 -5.490623907532651060e+00 -3.531037361048885881e+00
-2.570381868579359384e-06 4.106956565966255916e-06 4.116831483005331310e-06 2.387919087593326179e-06 -1.463488146118951413e-06 -6.544462627640141589e-06 -1.173152198027523313e-05 -1.597148684345664152e-05 -1.865178360727229252e-05 -1.978129994537585810e-05 -1.994098610234494733e-05 -2.002656770869645675e-05 -2.090985123893074590e-05 -2.300944000552226828e-05 -2.653725589374527380e-05 -3.001507748158383518e-05 -3.594828092534916767e-05 -3.791430484464491891e-05 -2.685307116174560278e-05 -2.959350486911289197e-05 -3.018343103397820611e-05 -3.262937123799001068e-05 -3.640197206808771840e-05 -4.160226582820105080e-05 -4.765362778362455663e-05 -5.371594806695160828e-05 -5.897747063397297020e-05 -6.302796004912330737e-05 -6.607558100948308553e-05 -6.890627260450278070e-05 -7.257712670066777277e-05 -7.795742758667263813e-05 -8.531217915420805575e-05 -9.412508913135584439e-05 -1.032697333026217398e-04 -1.114913342120740791e-04 -1.180121284651830928e-04 -1.229921784436193008e-04 -1.276088741843391767e-04 -1.336623486637727076e-04 -1.428245071902269916e-04 -1.558343669230095397e-04 -1.720167483143893367e-04 -1.894121554060926391e-04 -2.055620745258236986e-04 -2.186924772843100960e-04 -2.287961917692517332e-04 -2.380675760935632441e-04 -2.503472210461281725e-04 -2.696362834119364615e-04 -2.982147981351593508e-04 -3.352013346245834454e-04 -3.763791182290105483e-04 -4.156907745829214302e-04 -4.480770300389152160e-04 -4.726091661906331150e-04 -4.944131515598936205e-04 -5.240979252892383027e-04 -5.742492583319767788e-04 -6.538833565948193880e-04 -7.630729135569988770e-04 -8.905289775946872988e-04 -1.016459806443217482e-03 -1.121115410923737747e-03 -1.196794452051640634e-03 -1.258523395591593227e-03 -1.347339414343043515e-03 -1.521545040094063285e-03 -1.835189674407821129e-03 -2.309486081787803444e-03 -2.909100150791456545e-03 -3.538780021266044965e-03 -4.073981359786442782e-03 -4.428901561282384998e-03 -4.649330792778638873e-03 -4.997159360896479517e-03 -5.976868838039874239e-03 -8.251273403188560604e-03 -1.241023949568366598e-02 -1.860605940002803965e-02 -2.614900470705280172e-02 -3.326950297536424711e-02 -3.740948548768040921e-02 -3.657620887856357500e-02 -3.258548578988443994e-02 -3.728603044729147248e-02 -8.434298066663323268e-02 -2.463172967237078070e-01 -6.854995791072212574e-01 -1.631070103879008304e+00 -4.006448701258784162e+00 -6.925811056627223294e+00 -2.408074169491458960e+01 2.519885658957575991e+00 -3.013631289654789498e+02 1.030124808799076163e+03 -7.723087719002427548e+03 3.341610973648958316e+04 -7.629809825824228028e+03 1.024049555864810600e+03 -2.888137674103788299e+02 5.708132660597761365e+00 -2.122622415102653548e+01 -6.379772251044159681e+00
1.224897023603917356e-06 6.312746761587210078e-06 8.008159471016831270e-06 7.069125115572620054e-06 3.401670643286749342e-06 -2.201012582158336593e-06 -8.510007162088000142e-06 -1.422341465606564068e-05 -1.836477706555000394e-05 -2.055853847282915333e-05 -2.109341752708105097e-05 -2.080344604973225259e-05 -2.063988145632074514e-05 -2.174535944224041277e-05 -2.344937432586618038e-05 -2.926834578440998412e-05 -3.207911212767043218e-05 -2.143122471057837353e-05 -2.623541253139330135e-05 -2.768589587029861296e-05 -2.965613449065011143e-05 -3.161420980651299603e-05 -3.436912879267018219e-05 -3.833793332945597334e-05 -4.355229869071763920e-05 -4.954299846733337722e-05 -5.552204938461151383e-05 -6.071716806169635637e-05 -6.473153257063254680e-05 -6.776432574467669925e-05 -7.057865280628979282e-05 -7.420790557548003071e-05 -7.950879903980360020e-05 -8.675124870498633015e-05 -9.543961152932127360e-05 -1.044749913022144578e-04 -1.126249966461017997e-04 -1.191192513123750537e-04 -1.241069028018796077e-04 -1.287409320547828724e-04 -1.347945063490994604e-04 -1.439223078355949550e-04 -1.568640504582942755e-04 -1.729634126079499401e-04 -1.902898348886478878e-04 -2.064108144333012330e-04 -2.195632368302017831e-04 -2.297301026234220057e-04 -2.390790503030017873e-04 -2.514191146911002716e-04 -2.707301603474374812e-04 -2.992923175762785275e-04 -3.362472431634204104e-04 -3.774148736436404110e-04 -4.167716050951194347e-04 -4.492729018373564382e-04 -4.739781772193979101e-04 -4.959805579826698663e-04 -5.258523087537285770e-04 -5.761595841029706596e-04 -6.559299352876153417e-04 -7.652768095270934268e-04 -8.929633692236970625e-04 -1.019234875410468663e-03 -1.124343293099822278e-03 -1.200555309812562825e-03 -1.262859268800581476e-03 -1.352292889601674824e-03 -1.527235404432530268e-03 -1.841889527120523212e-03 -2.317642765214652460e-03 -2.919256473336418953e-03 -3.551396638150650011e-03 -4.089241761380931796e-03 -4.446658650260267541e-03 -4.669385817949768536e-03 -5.019996320432546476e-03 -6.004769495156371713e-03 -8.289429819813960709e-03 -1.246714309186320625e-02 -1.869226241673410671e-02 -2.627356359214037818e-02 -3.343433248960185622e-02 -3.760389052855786507e-02 -3.677734690421365082e-02 -3.277637703809530012e-02 -3.751108141254085038e-02 -8.483997777335466894e-02 -2.477667879402847551e-01 -6.896264879561410099e-01 -1.641123880970027704e+00 -4.032019257013256919e+00 -6.970471719775707342e+00 -2.424462602678984879e+01 2.548503059603554721e+00 -3.035285900787090441e+02 1.037706606083060706e+03 -7.780287303890557268e+03 3.366690490854749078e+04 -7.687839583688041785e+03 1.031876592527541334e+03 -2.911332156580044739e+02 5.937713382179290456e+00 -2.292215922494727565e+01
4.033901108889377639e-06 4.357617795288438298e-06 6.119857529450954457e-06 5.557414480071054574e-06 2.925649335466802311e-06 -1.429519408151147658e-06 -6.727628763976828058e-06 -1.201993767977233384e-05 -1.643739633666278782e-05 -1.942455873338720632e-05 -2.090462762001310822e-05 -2.118593822152588585e-05 -2.135695710781296717e-05 -2.098372833009071512e-05 -2.487272230387445904e-05 -2.588289418216113642e-05 -1.319115007483085797e-05 -1.924898850045434176e-05 -2.245500543474502494e-05 -2.627016350843668682e-05 -2.917717829413436501e-05 -3.150211290802579483e-05 -3.374434709058033122e-05 -3.659475868188429330e-05 -4.054695024945354734e-05 -4.566463251264528921e-05 -5.152276162020025555e-05 -5.737306781078321447e-05 -6.247073592604738624e-05 -6.642704471817061963e-05 -6.942998173559116598e-05 -7.221934611931942458e-05 -7.580464550956864361e-05 -8.102925222262024403e-05 -8.816638113411798196e-05 -9.673892134198081158e-05 -1.056735431950313840e-04 -1.137590769581152341e-04 -1.202324838809887682e-04 -1.252329167329751451e-04 -1.298903029668162581e-04 -1.359519539915002848e-04 -1.450556686279903492e-04 -1.579412862380550524e-04 -1.739701545493793600e-04 -1.912394309947150722e-04 -2.073419734523614089e-04 -2.205258363435021369e-04 -2.307652599357908996e-04 -2.402025599179459807e-04 -2.526162938920643256e-04 -2.719652899607824244e-04 -3.005291045646283949e-04 -3.374712582436049891e-04 -3.786473102479791849e-04 -4.180671583657360460e-04 -4.507018793860633377e-04 -4.756008058533288505e-04 -4.978261910057209380e-04 -5.279148753866016270e-04 -5.784133215812363102e-04 -6.583590760302097597e-04 -7.679045290719251852e-04 -8.958639480289587193e-04 -1.022520539958536503e-03 -1.128131512346296781e-03 -1.204936496803921554e-03 -1.267890608435413412e-03 -1.358035047422439948e-03 -1.533825553744054679e-03 -1.849615242035627201e-03 -2.326963012632494044e-03 -2.930725445908796776e-03 -3.565492634356578951e-03 -4.106180446181988998e-03 -4.466346899192683365e-03 -4.691704576399377546e-03 -5.045534978453188220e-03 -6.035938825590285613e-03 -8.331574535415543076e-03 -1.252893628883731611e-02 -1.878447776431740879e-02 -2.640552913816850492e-02 -3.360828745317210459e-02 -3.780952080755534128e-02 -3.699230852922964774e-02 -3.298460027781499604e-02 -3.775920311481768821e-02 -8.537172390846332892e-02 -2.492772964277572834e-01 -6.938766928652797539e-01 -1.651432627965123467e+00 -4.058179938246595064e+00 -7.016168137909748914e+00 -2.441199168669983521e+01 2.576839790439133804e+00 -3.057357501344288835e+02 1.045423036999368378e+03 -7.838526063372640238e+03 3.392215381691055518e+04 -7.746886419323121117e+03 1.039622030994000852e+03 -2.927301219129545871e+02 5.065040434365347677e-01
4.623707903722373268e-06 -4.732622014056438476e-07 -1.327149669068077348e-07 -8.270136145652549692e-07 -2.068342656457353644e-06 -4.077330666030095057e-06 -6.830413596413147570e-06 -1.012627656506481787e-05 -1.357999587932687126e-05 -1.674429453419733560e-05 -1.914166051837722546e-05 -2.102943590106943922e-05 -2.111365454509661654e-05 -2.458332390549824634e-05 -2.355883964092940635e-05 -6.851155734681716981e-06 -1.180788484779895349e-05 -1.466222829712902052e-05 -1.948048384656341428e-05 -2.415419471418418139e-05 -2.823125615385040402e-05 -3.138476193244682614e-05 -3.381845585202932197e-05 -3.609725275215410969e-05 -3.891000393815917765e-05 -4.276025417572773752e-05 -4.773114698565147500e-05 -5.342703275162339607e-05 -5.913006273170298178e-05 -6.411664945279709079e-05 -6.800307029772554603e-05 -7.096555090841938352e-05 -7.372161638334472262e-05 -7.725833488041564557e-05 -8.240651577804630030e-05 -8.944215560190816412e-05 -9.790486442112810491e-05 -1.067443742034513267e-04 -1.147684720806677798e-04 -1.212203104010746028e-04 -1.262294720516046200e-04 -1.309046488098470403e-04 -1.369697414956162057e-04 -1.460476744588073592e-04 -1.588790512036687545e-04 -1.748417576831232893e-04 -1.920581130385285394e-04 -2.081433611767316864e-04 -2.213546205657080279e-04 -2.316571743745378614e-04 -2.411700256301077875e-04 -2.536448066442924037e-04 -2.730229398006990028e-04 -3.015854028035517913e-04 -3.385167100832298147e-04 -3.797042064362809066e-04 -4.191857521271828333e-04 -4.519430913229550094e-04 -4.770135832711953211e-04 -4.994312644187197175e-04 -5.297043839757168728e-04 -5.803682287762779212e-04 -6.604766177379338410e-04 -7.702210948793811228e-04 -8.984593082327517119e-04 -1.025498286850479905e-03 -1.131585103010069281e-03 -1.208923019582823846e-03 -1.272437223008722560e-03 -1.363190579203932880e-03 -1.539743791543140596e-03 -1.856627395235151698e-03 -2.335581687291803966e-03 -2.941538333165323073e-03 -3.578958323988812047e-03 -4.122421924266230636e-03 -4.485115889484340805e-03 -4.712714812806577044e-03 -5.069280721645383868e-03 -6.064898343610045789e-03 -8.371372684301365760e-03 -1.258869342335798905e-02 -1.887539954152819485e-02 -2.653704304549140205e-02 -3.378202359842251423e-02 -3.801358857053602908e-02 -3.720196300336254397e-02 -3.318148294565252676e-02 -3.798996860406980008e-02 -8.588651452037494860e-02 -2.507903453032802044e-01 -6.981928888145123580e-01 -1.661946040166801586e+00 -4.084877154604922289e+00 -7.062780270570059749e+00 -2.458250363692162921e+01 2.605957149556591190e+00 -3.079827006940731167e+02 1.053282407720646461e+03 -7.897809510784893973e+03 3.418196530690685177e+04 -7.806963124645434618e+03 1.047710111735039618e+03 -2.949426821892354837e+02
2.696275614004433978e-06 -5.784484130555591865e-06 -7.625602093804692483e-06 -8.846596182096271276e-06 -8.969532151142372371e-06 -8.638395054495648330e-06 -8.539740296190311586e-06 -9.250119771257247716e-06 -1.102386590759432800e-05 -1.363529949410214348e-05 -1.692883642587051515e-05 -1.863379930649598356e-05 -2.425573186767096635e-05 -2.357323405092046938e-05 -3.980088187102810154e-06 -7.899518059036965257e-06 -8.934070864821695563e-06 -1.254226365358765827e-05 -1.701044028598102184e-05 -2.202952574555181852e-05 -2.687403195250070444e-05 -3.100105598768427987e-05 -3.418610906749247884e-05 -3.663331891537458391e-05 -3.889586928780240513e-05 -4.164730105819970793e-05 -4.538911608365005256e-05 -5.022022852372262679e-05 -5.577394774798964899e-05 -6.136320122745051657e-05 -6.628443777563546241e-05 -7.015514220229817656e-05 -7.313392017858998779e-05 -7.591004346512797776e-05 -7.944456160710335849e-05 -8.455644392073850173e-05 -9.152971587099357120e-05 -9.992863457971593261e-05 -1.087332334717704173e-04 -1.167732986853630518e-04 -1.232950217171885311e-04 -1.284097816789863875e-04 -1.331944330175585222e-04 -1.393419691888062701e-04 -1.484604863549479853e-04 -1.613004911709915918e-04 -1.772720437367213229e-04 -1.945385491494599681e-04 -2.107463948880178653e-04 -2.241580656969334527e-04 -2.347136341720871047e-04 -2.444861445946150662e-04 -2.571819611727317275e-04 -2.767219667159083419e-04 -3.054064143167779170e-04 -3.424763268685687570e-04 -3.838911329076111060e-04 -4.237435442856203431e-04 -4.570237505648423520e-04 -4.827211596169875166e-04 -5.057835235339162979e-04 -5.366367885154556781e-04 -5.877877694090784299e-04 -6.683486354872541059e-04 -7.786512333422874370e-04 -9.077264133482640125e-04 -1.036009253018497275e-03 -1.143757635776375360e-03 -1.223043569881546080e-03 -1.288570481503872531e-03 -1.381213566973912106e-03 -1.559533974475165374e-03 -1.878359065646295926e-03 -2.360006346901236032e-03 -2.970086313746501255e-03 -3.613535492940508475e-03 -4.164906431711468994e-03 -4.536755191584416688e-03 -4.773812084789248213e-03 -5.139634629275713698e-03 -6.145305085493720822e-03 -8.466068861095334130e-03 -1.270794408273578056e-02 -1.903673981749968991e-02 -2.676334481810399915e-02 -3.409510871540395033e-02 -3.842433010581186581e-02 -3.770239267763259711e-02 -3.375272394158182476e-02 -3.865241866465818354e-02 -8.684452970021992735e-02 -2.527344764712466940e-01 -7.030404652176146518e-01 -1.673575076686055096e+00 -4.114639292020607186e+00 -7.117333908735067105e+00 -2.477317138340525204e+01 2.594168046964985042e+00 -3.103453050009287608e+02 1.061042068393079035e+03 -7.958191333077436866e+03 3.444356834492212511e+04 -7.859089007612541536e+03 9.856089154957775236e+02
-4.827631484706764100e-07 -8.809582013648968883e-06 -1.234513928472725186e-05 -1.406966142280838133e-05 -1.373111358215987160e-05 -1.207450108083099933e-05 -1.011739831345687689e-05 -8.886170880823511661e-06 -9.016369276010967082e-06 -1.092654362914878397e-05 -1.286129753023325015e-05 -2.109838068390011036e-05 -2.154627550575391549e-05 -6.180519254779435818e-07 -5.664670892413126795e-06 -6.107422060843432362e-06 -8.368774189760139751e-06 -1.113002254915932235e-05 -1.483528090513249941e-05 -1.929430632690990518e-05 -2.409209317304877027e-05 -2.865023717947716078e-05 -3.247943221216406754e-05 -3.539338207298465801e-05 -3.760710012442642383e-05 -3.966446916469979812e-05 -4.221728834895845198e-05 -4.574362512156020071e-05 -5.032732724912765903e-05 -5.560134290944474780e-05 -6.089336271663057653e-05 -6.552407135170924097e-05 -6.913494150626697105e-05 -7.189813776267447271e-05 -7.449944514199676935e-05 -7.787920178251606118e-05 -8.282531014300601108e-05 -8.959209376789682721e-05 -9.772768201208880702e-05 -1.062172307076274572e-04 -1.139162940974930611e-04 -1.201078912961157230e-04 -1.249356827029578416e-04 -1.294885749418232400e-04 -1.354424438976130525e-04 -1.443617768548755898e-04 -1.569418799368756568e-04 -1.725484318818014959e-04 -1.893323883110400974e-04 -2.049696905713376579e-04 -2.177867809923991207e-04 -2.277970094102193632e-04 -2.371214985483392713e-04 -2.494595676341559314e-04 -2.686594700286094352e-04 -2.969012293338006703e-04 -3.333024947540657885e-04 -3.737520503519267115e-04 -4.123682437130526479e-04 -4.442704545352219340e-04 -4.686388223372871947e-04 -4.905893211992345699e-04 -5.205960928202646183e-04 -5.710268637749129012e-04 -6.506715171436219976e-04 -7.594513051354881287e-04 -8.860656714386719226e-04 -1.010877624836378037e-03 -1.114440709026657443e-03 -1.189446104911272631e-03 -1.251309430405065683e-03 -1.341337219143250376e-03 -1.517852647339547941e-03 -1.834562021837414557e-03 -2.311917399858362272e-03 -2.913498315393692542e-03 -3.542968024992367623e-03 -4.075322231938125969e-03 -4.425789066296950854e-03 -4.643541620763586529e-03 -4.996597701212379151e-03 -5.997564852549664913e-03 -8.316870062576909445e-03 -1.254691425742762712e-02 -1.883144356404171937e-02 -2.645586028919340998e-02 -3.360930036105430618e-02 -3.768887224455234192e-02 -3.669138282382306687e-02 -3.253925830889309312e-02 -3.746000705188590879e-02 -8.607151022765800741e-02 -2.528875200272394097e-01 -7.046331400265816169e-01 -1.676267372412161727e+00 -4.119332231915183051e+00 -7.110039862224673435e+00 -2.481329487859702354e+01 2.870055744900209760e+00 -3.118702642204953008e+02 1.069286856668847577e+03 -8.010182188329090422e+03 3.468256518851511646e+04 -7.686171668947057697e+03
-5.414201640086855389e-06 -1.020425156165710425e-05 -1.544801182185310591e-05 -1.814586766665203792e-05 -1.852474417889427263e-05 -1.709715455521932984e-05 -1.483991187901835986e-05 -1.284237226723403896e-05 -1.218733910560839757e-05 -1.279661512576934915e-05 -1.843687464499669897e-05 -1.245793726533143187e-05 8.296415003628580811e-06 -4.861545777293427771e-07 -4.098066568884757730e-06 -8.595051503067085042e-06 -1.216529972573865675e-05 -1.552555404374961093e-05 -1.918729071668957701e-05 -2.359476894193509696e-05 -2.881496260427973910e-05 -3.451340515304671824e-05 -4.009345379342218866e-05 -4.496223227406559631e-05 -4.880615235634964326e-05 -5.175556540847214582e-05 -5.435984650642305564e-05 -5.737309371330871386e-05 -6.143382101472696748e-05 -6.677570444192208212e-05 -7.310202347442427387e-05 -7.969424369170246419e-05 -8.572501003846284189e-05 -9.065014549640379199e-05 -9.450668873473343581e-05 -9.796887582799528689e-05 -1.021108795038600230e-04 -1.079546046962060347e-04 -1.159901439091979186e-04 -1.258922214787104056e-04 -1.365916011215249058e-04 -1.467153028924727480e-04 -1.552367235562704569e-04 -1.620553204695652789e-04 -1.682181819359169150e-04 -1.756214544625250579e-04 -1.862531681534137129e-04 -2.012676276143040969e-04 -2.203117456551795543e-04 -2.414779090352210450e-04 -2.620221651511276837e-04 -2.796457219517360475e-04 -2.938230550883994679e-04 -3.065332593354046058e-04 -3.219097523695235046e-04 -3.447423270634557865e-04 -3.783219673440996644e-04 -4.225482128994325335e-04 -4.733158071401743355e-04 -5.238171440423738294e-04 -5.676030964492454747e-04 -6.023478978364077982e-04 -6.326041504839034855e-04 -6.698798808374127351e-04 -7.292086559500576869e-04 -8.228906183715688520e-04 -9.537425346180727296e-04 -1.111157596554654620e-03 -1.273052228012919087e-03 -1.414833056217248844e-03 -1.523439104934786251e-03 -1.611229269675485114e-03 -1.722425446051190859e-03 -1.925767942096562975e-03 -2.291158022835045223e-03 -2.855509283406268937e-03 -3.591062884661955570e-03 -4.394865372970817828e-03 -5.117569812397503200e-03 -5.639231949197909266e-03 -5.981078569971228984e-03 -6.416970134307390002e-03 -7.525533595191365860e-03 -1.011550123657952403e-02 -1.497159392604697353e-02 -2.242276765904998442e-02 -3.182922159498206838e-02 -4.122251809652939525e-02 -4.752617013142673014e-02 -4.800563587505188995e-02 -4.395243340075226379e-02 -4.796558560523572073e-02 -9.782208616387352840e-02 -2.773518950960652263e-01 -7.740182134302663330e-01 -1.868260051547618428e+00 -4.584115799985746698e+00 -8.230515321876005430e+00 -2.691664631141282271e+01 -3.390538752356326846e+00 -3.150294298813250293e+02 1.003913106764795657e+03 -7.837861913453330999e+03 3.312308244179102621e+04
