8.004519822101909995e+03 -8.993442137538113457e+02 1.131368214650270545e+02 -1.814099654707662523e+01 2.342222822220922485e+00 -5.219236750027528293e-01 2.843254822274119895e-02 -2.554429746539193039e-02 -3.486943656581581365e-03 -2.083585862093319252e-03 -4.655488076487900050e-04 -1.219251341510215587e-04 -1.709750654248593391e-05 -1.502330631824807822e-05 -2.567400506770454169e-05 -3.029266392583899290e-05 -2.720873581302018167e-05 -2.027714433757857052e-05 -1.302359440486748852e-05 -7.383587521043472977e-06 -3.854563894256631512e-06 -2.091674934137894998e-06 -1.447676719328070114e-06 -1.321282505619138645e-06 -1.310469861169615416e-06 -1.226679195249573455e-06 -1.037857916388616666e-06 -7.919743643139064582e-07 -5.542209764250596510e-07 -3.704132500184292431e-07 -2.554963169110800814e-07 -1.991888159763991925e-07 -1.787417061865808895e-07 -1.712655610278920162e-07 -1.613436291181484928e-07 -1.431052383365162900e-07 -1.181950403932686559e-07 -9.187029278797827525e-08 -6.933175305026516424e-08 -5.348511455149217570e-08 -4.442159416354832624e-08 -4.019095472018161494e-08 -3.811713869523306335e-08 -3.598351614404218558e-08 -3.267285356480802812e-08 -2.819515997984123796e-08 -2.328216766951696025e-08 -1.883401620953315429e-08 -1.547607926692677756e-08 -1.336038606341280311e-08 -1.221725306211410299e-08 -1.156320687658009867e-08 -1.093870741262844291e-08 -1.007389775899787656e-08 -8.935477455752483078e-09 -7.668348162725646525e-09 -6.482323106618345041e-09 -5.543106255750750226e-09 -4.909895607246609657e-09 -4.532459244246176792e-09 -4.294246854263373624e-09 -4.072651531299753430e-09 -3.787929816094595977e-09 -3.423574809285718085e-09 -3.016347489751192775e-09 -2.627030178330233933e-09 -2.308069188719166845e-09 -2.082065855160801295e-09 -1.937527893549918740e-09 -1.839826542510400244e-09 -1.749609451696514298e-09 -1.639415571819746088e-09 -1.502003563245311530e-09 -1.348620269233872767e-09 -1.199956047871717061e-09 -1.075034124770256200e-09 -9.830413565032798777e-10 -9.209466388457359743e-10 -8.767612646569511702e-10 -8.359905474471254094e-10 -7.879706544888965159e-10 -7.294340242533014490e-10 -6.643251589671305554e-10 -6.006166052094023369e-10 -5.460104098770439714e-10 -5.045383363104371284e-10 -4.753324344176144344e-10 -4.537131077648482558e-10 -4.337252782512486010e-10 -4.108003972913951624e-10 -3.833890083183164733e-10 -3.530383683108913786e-10 -3.231423053213053981e-10 -2.971102395757420672e-10 -2.768337920062751798e-10 -2.620568723163837903e-10 -2.507735073740590270e-10 -2.403255029777423088e-10 -2.286016589988620828e-10 -2.149141722185791314e-10 -1.996751311174655045e-10 -1.864013686236012390e-10 -1.671599367758894785e-10 -2.022914162018166084e-10
-9.352604410031854059e+03 2.191107997732640069e+04 -3.500100773956338799e+03 4.457627917977330867e+02 -8.507202724064620725e+01 8.187091603429371034e+00 -3.199720732750712227e+00 -1.851255577894852788e-01 -2.367444296702898299e-01 -5.816267478897453602e-02 -2.328983789203661545e-02 -6.003705904441121628e-03 -1.621276069622866337e-03 -6.160184360858513182e-04 -6.291491083317609506e-04 -7.012788996261318936e-04 -6.512149954986118242e-04 -5.096190281863753266e-04 -3.468140369897130268e-04 -2.105274157291988539e-04 -1.183855129268688921e-04 -6.710172606404779939e-05 -4.414046714910211029e-05 -3.617700878802917216e-05 -3.340585812264392304e-05 -3.056840866878670043e-05 -2.607029318306576917e-05 -2.043088314002334651e-05 -1.486275541842734346e-05 -1.035871611665686054e-05 -7.328404465050296394e-06 -5.636331085678580684e-06 -4.839563690601138016e-06 -4.447436708637369994e-06 -4.099571303712368556e-06 -3.630291290360275040e-06 -3.040262890449146198e-06 -2.421140699073257690e-06 -1.877246157602573773e-06 -1.473553676933220935e-06 -1.218886396237712895e-06 -1.077605161104359589e-06 -9.952750127260055055e-07 -9.235961335145149040e-07 -8.353355759628217721e-07 -7.266692879666812636e-07 -6.099859324794090925e-07 -5.028412866932062859e-07 -4.184379723487582280e-07 -3.608464302301333713e-07 -3.253756454789708181e-07 -3.024359502599583552e-07 -2.823565316190524524e-07 -2.589688199502405233e-07 -2.308702341865804245e-07 -2.004773651199259981e-07 -1.718294851857348257e-07 -1.483384113180663475e-07 -1.313935319686197999e-07 -1.201634929463827917e-07 -1.123702895710471625e-07 -1.054832404556525093e-07 -9.774435730613852854e-08 -8.864621536175747257e-08 -7.879477252781298237e-08 -6.935232163429821147e-08 -6.138362187786414308e-08 -5.539367414857139367e-08 -5.120410556447852890e-08 -4.814495438929788166e-08 -4.541367364424456158e-08 -4.241728692896052205e-08 -3.895853270499488703e-08 -3.522069058636969024e-08 -3.159826905360796002e-08 -2.847468356230366914e-08 -2.605032799308652072e-08 -2.428253034020665615e-08 -2.294075343533794744e-08 -2.173159471418749133e-08 -2.042766845747503304e-08 -1.894548135955361412e-08 -1.734871272879090608e-08 -1.578918718410244898e-08 -1.442159139989474340e-08 -1.333261082526560748e-08 -1.251192858442481793e-08 -1.186994564604013566e-08 -1.128665045818885215e-08 -1.066545662238743137e-08 -9.968240193209656942e-09 -9.219780114343839783e-09 -8.484725547895416517e-09 -7.831446916981069328e-09 -7.300305417570995980e-09 -6.889209892435279033e-09 -6.559870804707383804e-09 -6.258882904257345476e-09 -5.941864657235947104e-09 -5.592526374545474183e-09 -5.214838128123279287e-09 -4.889926865768445703e-09 -4.399429771913561977e-09 -5.322655797636372145e-09
-6.907208768749475212e+02 -7.670024601523618912e+03 2.283569238834046337e+04 -4.096582292812336163e+03 5.310057213775340870e+02 -1.095233864258210588e+02 9.149617793378261865e+00 -4.619472419010650199e+00 -4.392321867300743032e-01 -3.888444621803390788e-01 -1.068263471323135233e-01 -4.213884427636226809e-02 -1.226683023305607904e-02 -4.023524736264016445e-03 -1.880436832021960530e-03 -1.594614368445115404e-03 -1.513652901902149414e-03 -1.299826899261205884e-03 -9.851141521675303540e-04 -6.701172842541299130e-04 -4.202454329484200880e-04 -2.541871881332556757e-04 -1.598365572152622997e-04 -1.132523450980249915e-04 -9.162352568512828086e-05 -7.918613040217069386e-05 -6.795341621573527610e-05 -5.570287266208439589e-05 -4.325311977315781639e-05 -3.222252077332781286e-05 -2.373196432541456506e-05 -1.799896385215223862e-05 -1.451050689390586758e-05 -1.243167574140009507e-05 -1.098406528229561498e-05 -9.663023919927460958e-06 -8.277108649977221331e-06 -6.863627560978417757e-06 -5.558880785498954406e-06 -4.486202533946030883e-06 -3.695721354141514427e-06 -3.158043502481689134e-06 -2.793797980946870306e-06 -2.514606656324229848e-06 -2.255173223342846308e-06 -1.986902090129438647e-06 -1.713528774452886247e-06 -1.456090389834120875e-06 -1.236345626180836920e-06 -1.065471139279470712e-06 -9.408240301594882414e-07 -8.495353527696494960e-07 -7.754554962072936887e-07 -7.056670150532243376e-07 -6.340347169152589380e-07 -5.611680322549651721e-07 -4.917552310640727644e-07 -4.310345931511905113e-07 -3.820411782244085515e-07 -3.445302101343692795e-07 -3.155796450337090064e-07 -2.911932407077713101e-07 -2.679957253990525952e-07 -2.442966055676310863e-07 -2.202302141440927876e-07 -1.971291659689522302e-07 -1.765624111021584452e-07 -1.595100107281418545e-07 -1.459830892548016152e-07 -1.351452356193302572e-07 -1.257743588079578087e-07 -1.167965541243257692e-07 -1.076532506113448897e-07 -9.838171931022294516e-08 -8.943358499792100599e-08 -8.136068750018925999e-08 -7.452578678172971767e-08 -6.895483362639949996e-08 -6.436429598257430374e-08 -6.031764425924403232e-08 -5.641976610271569833e-08 -5.245931200724184745e-08 -4.844845982312555037e-08 -4.456174396518753156e-08 -4.101835702598287635e-08 -3.796795547386156608e-08 -3.542772583150769329e-08 -3.328842125203898645e-08 -3.137446901220536179e-08 -2.952312632663357919e-08 -2.764543061036999475e-08 -2.574586625505844000e-08 -2.389919314402178935e-08 -2.220136106190633999e-08 -2.071983157234289412e-08 -1.946468578929398499e-08 -1.838956120785745182e-08 -1.741753622339550520e-08 -1.647565150013577460e-08 -1.552953619004920432e-08 -1.456251320017120797e-08 -1.375389992529860911e-08 -1.244167760965435544e-08 -1.505368406897683321e-08
-1.483773619954587275e+03 8.134138483848487340e+02 -6.889717391708140894e+03 2.305672665616004451e+04 -4.392246401786030219e+03 5.747019657022091224e+02 -1.248721558571668311e+02 9.311928325999899059e+00 -5.716863981014586038e+00 -6.931473726677123137e-01 -5.303539919071603714e-01 -1.574848675711330581e-01 -6.245745566491247430e-02 -1.939486757309431819e-02 -6.593382906727496100e-03 -2.991203764776846890e-03 -2.339140120089973091e-03 -2.166138518431735219e-03 -1.879734713161005386e-03 -1.463175388293053679e-03 -1.032567373895223670e-03 -6.762019602952952946e-04 -4.262742123985815024e-04 -2.736657760570958406e-04 -1.906921699423925521e-04 -1.481343614389224266e-04 -1.239803376267941326e-04 -1.055524069063987479e-04 -8.780605103302561683e-05 -7.029412866033858307e-05 -5.437345123089471995e-05 -4.137337260493190595e-05 -3.180404275627301863e-05 -2.532169298450904745e-05 -2.108052836985593940e-05 -1.814960178995745415e-05 -1.580779310060327766e-05 -1.365791362403590192e-05 -1.158975539210948870e-05 -9.665090842107619383e-06 -7.993880087752760829e-06 -6.648266089498976589e-06 -5.629192263739603573e-06 -4.876529864951506562e-06 -4.302046191264957848e-06 -3.823681495235354690e-06 -3.387477883041034610e-06 -2.972673134588710440e-06 -2.583481172829312819e-06 -2.234902755312154428e-06 -1.939704907832275884e-06 -1.701090774046354615e-06 -1.511922617823324567e-06 -1.358685928426569390e-06 -1.227115424767451571e-06 -1.106718515426645267e-06 -9.927083640917452036e-07 -8.852907453633981092e-07 -7.873193495700459268e-07 -7.016766806244369183e-07 -6.294733503940086651e-07 -5.695403279254511234e-07 -5.190517891101244048e-07 -4.747189620219471515e-07 -4.339178837861288503e-07 -3.953064371410215127e-07 -3.588054932236764445e-07 -3.251034892443542582e-07 -2.949968712042216153e-07 -2.688697486306999754e-07 -2.464867255984474224e-07 -2.271077732950719160e-07 -2.098000011924307875e-07 -1.937718531126856294e-07 -1.785855637620836538e-07 -1.641857736967975546e-07 -1.507724494043764763e-07 -1.386027414294785274e-07 -1.278186592896722664e-07 -1.183651697165719722e-07 -1.100128678408667735e-07 -1.024534833141168905e-07 -9.541261815758367656e-08 -8.872919192224166899e-08 -8.237449453989846866e-08 -7.641476524464604548e-08 -7.094365893776351008e-08 -6.601834915545837684e-08 -6.162520729071439387e-08 -5.768346080591115417e-08 -5.407811783936862636e-08 -5.070262026106431461e-08 -4.749135615103246543e-08 -4.443004445507308538e-08 -4.154344253834193957e-08 -3.886962084184417028e-08 -3.643392974454774535e-08 -3.423429970261466359e-08 -3.223974159892275924e-08 -3.041567236806210720e-08 -2.867991659410747892e-08 -2.729135776197225820e-08 -2.483372009872641086e-08 -3.006922005683365432e-08
-7.120262369433452250e+02 -5.738423308153885500e+02 8.224551278058505659e+02 -6.467428560647027552e+03 2.314497705566882360e+04 -4.573368903910482004e+03 6.017852351611438735e+02 -1.358079800612941312e+02 9.178654483476471171e+00 -6.625964689203271973e+00 -9.358552442130084748e-01 -6.612817898890498425e-01 -2.061502670712118401e-01 -8.155511564760818677e-02 -2.570550531669058350e-02 -8.532485671253356094e-03 -3.697982089908642862e-03 -2.886678859274884913e-03 -2.768952009525329182e-03 -2.486541649105906710e-03 -1.988832050671845465e-03 -1.431580370745014989e-03 -9.476158935745664048e-04 -5.963204913851244404e-04 -3.768772778842218894e-04 -2.572091647461752489e-04 -1.982071544379920120e-04 -1.678691466359796326e-04 -1.462922426958051451e-04 -1.246776461794161942e-04 -1.016506038586542193e-04 -7.927606934286424612e-05 -6.009207002994795246e-05 -4.555722093327581535e-05 -3.570030613337309377e-05 -2.951007325060435029e-05 -2.557906736180288315e-05 -2.265851999402092795e-05 -1.996006458689461141e-05 -1.719368033127267106e-05 -1.442849363028824614e-05 -1.188813378169732261e-05 -9.775254589497648530e-06 -8.174604851203560194e-06 -7.039658514933131923e-06 -6.237479392686669908e-06 -5.614260928972983689e-06 -5.050054344832466226e-06 -4.485154947022775872e-06 -3.916948326481815952e-06 -3.377277145957838665e-06 -2.904488329177969468e-06 -2.522223129364414866e-06 -2.230804904234712293e-06 -2.010788254367232234e-06 -1.833719994262072645e-06 -1.673855426587132388e-06 -1.515966820720172075e-06 -1.357180889643005715e-06 -1.203676649504851869e-06 -1.064824384369485403e-06 -9.476978408140695440e-07 -8.540046886704844501e-07 -7.800296449978142448e-07 -7.188668463697936453e-07 -6.634872731675824792e-07 -6.092078002410855355e-07 -5.546994896256179094e-07 -5.014539557070499865e-07 -4.522627185211159119e-07 -4.095372078671675354e-07 -3.741804957758876078e-07 -3.453468647666520732e-07 -3.209939634803305141e-07 -2.988327423460205065e-07 -2.772008781699832362e-07 -2.555144959294788362e-07 -2.341962728227091476e-07 -2.142116495019957537e-07 -1.964809036473669691e-07 -1.814324564390135959e-07 -1.688542273922553867e-07 -1.580472460067306608e-07 -1.481599405449678083e-07 -1.385303266565115751e-07 -1.288909882518299051e-07 -1.193758374106354722e-07 -1.103605623235087005e-07 -1.022325029345417406e-07 -9.519858019085216942e-08 -8.920487659159270245e-08 -8.398262118502422923e-08 -7.917942097562924978e-08 -7.450600940838406970e-08 -6.983372540657526894e-08 -6.520941600202921174e-08 -6.079475328896691796e-08 -5.676859743956123399e-08 -5.323579348518500306e-08 -5.020567737487192665e-08 -4.750302238295886752e-08 -4.545055595909980834e-08 -4.155401451244916323e-08 -5.039122275647719320e-08
-4.927671356377915686e+02 -1.230810276553492031e+02 -4.327501893868428624e+02 8.173030084297453186e+02 -6.228536944301844414e+03 2.319487851040001260e+04 -4.697636711556230694e+03 6.203292666588349675e+02 -1.441348229585098295e+02 8.925622472352532810e+00 -7.395133731817392864e+00 -1.157821594471321713e+00 -7.783747832386422871e-01 -2.500246764213506223e-01 -9.839744489838155028e-02 -3.108300207223853653e-02 -1.012754065979669903e-02 -4.340299637617174924e-03 -3.475539581760223040e-03 -3.428306476231895820e-03 -3.126061474998297063e-03 -2.516700343155931375e-03 -1.811947905153338950e-03 -1.193440429196517775e-03 -7.447655027142907570e-04 -4.676907933605840319e-04 -3.205355005428742318e-04 -2.512064848587648117e-04 -2.169344218438774364e-04 -1.914650682850234527e-04 -1.638095121960698487e-04 -1.331043064234262835e-04 -1.029795319954051035e-04 -7.737589579779796992e-05 -5.841331559629216674e-05 -4.600959188024307230e-05 -3.856042126981260287e-05 -3.395235926179945076e-05 -3.039754235781300524e-05 -2.685518158001053504e-05 -2.304260239451856568e-05 -1.918471860968917094e-05 -1.568355143957369689e-05 -1.285410658837089547e-05 -1.079616034043244229e-05 -9.399391272366444932e-06 -8.433102556885972901e-06 -7.656959804970848841e-06 -6.903563752801338984e-06 -6.109509707100082311e-06 -5.298672588386745784e-06 -4.538305501878516074e-06 -3.892562398539666694e-06 -3.392041595052122696e-06 -3.026240087901582474e-06 -2.755260602768984926e-06 -2.530646630632024139e-06 -2.314519619322562584e-06 -2.089839918397704043e-06 -1.859954704995959967e-06 -1.640358553696479721e-06 -1.447874700586046065e-06 -1.292201847327444640e-06 -1.172605711996850704e-06 -1.079803756304913743e-06 -1.001025077407409130e-06 -9.254226747702427895e-07 -8.475447739293830063e-07 -7.678798371968998053e-07 -6.908976188333579852e-07 -6.219349724587559505e-07 -5.644467126755963236e-07 -5.186673719948142734e-07 -4.819301943587683657e-07 -4.501583617192650541e-07 -4.196656069655343860e-07 -3.884520207871733237e-07 -3.565555590983716487e-07 -3.254986345922016203e-07 -2.972351571186200174e-07 -2.731336231078998460e-07 -2.534120539211593151e-07 -2.371747907537258993e-07 -2.229218257497577940e-07 -2.092278369791462244e-07 -1.952739730476337846e-07 -1.810334104793113367e-07 -1.670939763874512330e-07 -1.542558454693143492e-07 -1.431131301729718976e-07 -1.337991116397603304e-07 -1.259744359271997221e-07 -1.190223355747764438e-07 -1.123326789523737372e-07 -1.055391693263207471e-07 -9.861609470598779816e-08 -9.181567958011508449e-08 -8.549980912754338890e-08 -7.994854330989575863e-08 -7.526978526740271563e-08 -7.122850835958951812e-08 -6.827401757321119215e-08 -6.256466492485160136e-08 -7.602109247361379307e-08
-2.898756901312429477e+02 -1.160669108046967182e+02 -6.483872519291095671e+01 -3.623062986448336460e+02 8.053258937115940626e+02 -6.075076254702167716e+03 2.322889268795147655e+04 -4.788792636486166884e+03 6.338697555713673637e+02 -1.507134152307556008e+02 8.638835295362786937e+00 -8.049017818255459034e+00 -1.355763872108346924e+00 -8.819331740100461170e-01 -2.893868483898791588e-01 -1.136346029446858863e-01 -3.610219962280676598e-02 -1.174427460064061957e-02 -5.065827780784518813e-03 -4.103359125605929303e-03 -4.072777869279758066e-03 -3.719632614144760714e-03 -2.993378531424636165e-03 -2.152806086494245090e-03 -1.417404695218394284e-03 -8.867956686802648146e-04 -5.614242180451699564e-04 -3.897854087631651035e-04 -3.087709954161812174e-04 -2.674333099185630070e-04 -2.352533399165741823e-04 -2.001312574971794613e-04 -1.618176057850707059e-04 -1.249848300378760999e-04 -9.426102907619804405e-05 -7.185895119776785148e-05 -5.732630465377077728e-05 -4.850806629071244546e-05 -4.281220654092808071e-05 -3.817781366771635812e-05 -3.350326464132717056e-05 -2.858119544846516810e-05 -2.374951321220110200e-05 -1.948597283534486788e-05 -1.611365283151372133e-05 -1.368296744953235945e-05 -1.200920005923098466e-05 -1.079608466749734919e-05 -9.767128656853740415e-06 -8.751079944347453805e-06 -7.702156387726516259e-06 -6.667169922901150980e-06 -5.728279932709410750e-06 -4.950588627356910902e-06 -4.353561651988028393e-06 -3.910190854972683850e-06 -3.566129723429369867e-06 -3.265355613709611943e-06 -2.970132056717151008e-06 -2.668738363653041542e-06 -2.370984731745529630e-06 -2.096489066545059456e-06 -1.862247753075184383e-06 -1.674674626789480975e-06 -1.528194705613615227e-06 -1.409307250154517274e-06 -1.303115750179880602e-06 -1.199028255282960442e-06 -1.093462412317499514e-06 -9.891164667992810387e-07 -8.918698663221012671e-07 -8.071180949867900599e-07 -7.371736435782303330e-07 -6.805734854886241389e-07 -6.331662314526453386e-07 -5.901406391970498315e-07 -5.479473987240935968e-07 -5.053253252940358621e-07 -4.631798216212777374e-07 -4.235924033789029091e-07 -3.885462195934332061e-07 -3.589594627584324937e-07 -3.343718081663404787e-07 -3.132902671768562283e-07 -2.939220302618564035e-07 -2.749094376874816793e-07 -2.557545911776677297e-07 -2.368077132554569344e-07 -2.189024639922433216e-07 -2.028551961659040770e-07 -1.890646909726230713e-07 -1.773655542981385227e-07 -1.671532119735150427e-07 -1.576809936200369272e-07 -1.483723888538910071e-07 -1.390119861705186939e-07 -1.297527347213346328e-07 -1.209678697926785548e-07 -1.130279587658581978e-07 -1.061650905809710778e-07 -1.001814063325968365e-07 -9.583081312426444787e-08 -8.776346943263095551e-08 -1.068260202630983062e-07
-1.684177357257719052e+02 -5.917420181908322263e+01 -7.215733919065733915e+01 -3.828044653487996385e+01 -3.259062369323411872e+02 7.949842963680256389e+02 -5.969071499886480524e+03 2.325590478581173375e+04 -4.858986625364631436e+03 6.442603822318616267e+02 -1.560530810080486503e+02 8.354750797859674449e+00 -8.610280784698939982e+00 -1.532333543056545677e+00 -9.745481683009001861e-01 -3.254032176276172583e-01 -1.278659430901581684e-01 -4.095546164782203763e-02 -1.335789364680456566e-02 -5.765980105574266754e-03 -4.664008946346526185e-03 -4.637588681042146936e-03 -4.248184821461130356e-03 -3.431233099362954609e-03 -2.478939290621182817e-03 -1.641758105381126024e-03 -1.034657971879216452e-03 -6.597208827034988692e-04 -4.595709867288142901e-04 -3.632238960998439336e-04 -3.131281549512144853e-04 -2.746118033334261107e-04 -2.336814133112699620e-04 -1.896789126641679364e-04 -1.475417976032718703e-04 -1.122649039537598216e-04 -8.625475188562535284e-05 -6.903139062090471901e-05 -5.826345798960450749e-05 -5.113457728092086260e-05 -4.538714649224836280e-05 -3.978496384682347079e-05 -3.404814324246816285e-05 -2.848646356982886008e-05 -2.357278100845059060e-05 -1.963246764543906368e-05 -1.671670729421786446e-05 -1.463702261500263955e-05 -1.308911894325984299e-05 -1.178554982848711677e-05 -1.054273034262466651e-05 -9.302651263620357420e-06 -8.101408279807786647e-06 -7.013172177914837314e-06 -6.098453957724674682e-06 -5.375397787636645148e-06 -4.817970192606008608e-06 -4.373588935772828763e-06 -3.987296996049822940e-06 -3.620777364721116597e-06 -3.259981517976814802e-06 -2.911316605119385448e-06 -2.590997572509805765e-06 -2.313605490267872450e-06 -2.084625646825933338e-06 -1.898913308823128126e-06 -1.744134225437335301e-06 -1.606499917267016769e-06 -1.475848880906135926e-06 -1.348129812029599562e-06 -1.224876684289203341e-06 -1.110584480263133784e-06 -1.009549731571877379e-06 -9.235917614256019839e-07 -8.513886387111183433e-07 -7.893343132810571419e-07 -7.332124878596774627e-07 -6.798058409503935667e-07 -6.277748586171022630e-07 -5.775893508115894859e-07 -5.307383752271429306e-07 -4.886957195639702168e-07 -4.521255864860044121e-07 -4.206104940953107919e-07 -3.929093598177325886e-07 -3.675296739933464419e-07 -3.433072779520599411e-07 -3.197463355941817880e-07 -2.970188757014298803e-07 -2.756881467545497081e-07 -2.563240070150685955e-07 -2.391929992353297207e-07 -2.241414764627071277e-07 -2.106854761638278880e-07 -1.982319965645394488e-07 -1.863130275133418303e-07 -1.747292545207339628e-07 -1.635599434998026119e-07 -1.530460003062602265e-07 -1.434908949816029346e-07 -1.348351337529125342e-07 -1.283833220045082226e-07 -1.172248030231156144e-07 -1.427591469284860061e-07
-8.905370869417731683e+01 -3.406598319776217210e+01 -3.387730877525496709e+01 -5.218670646075544539e+01 -2.637738720294298034e+01 -3.033831538150530491e+02 7.865229171552592788e+02 -5.891977347898131484e+03 2.327984508786246806e+04 -4.915106431429257100e+03 6.525460361876723709e+02 -1.604860876038948732e+02 8.085086836358787110e+00 -9.098536911804858462e+00 -1.691222973777170013e+00 -1.058315758776490867e+00 -3.586049539678532461e-01 -1.411192592066395635e-01 -4.549397638879909556e-02 -1.482361869554041020e-02 -6.359719284352768551e-03 -5.141615692907170430e-03 -5.147708727565244134e-03 -4.749736928334431091e-03 -3.861499113950653608e-03 -2.806201180376583816e-03 -1.867640553954102263e-03 -1.180501310575429123e-03 -7.523818242604436365e-04 -5.221684123781021982e-04 -4.113097089829656538e-04 -3.547723670564668702e-04 -3.124911957431404197e-04 -2.676170236160111066e-04 -2.186906907403785320e-04 -1.710581187612015576e-04 -1.305312438743724390e-04 -1.001970849389017404e-04 -7.987475131214489101e-05 -6.715034331278764174e-05 -5.888266006481885929e-05 -5.242333755492153762e-05 -4.621941709453803826e-05 -3.981717174948783638e-05 -3.349477708679915271e-05 -2.778835371085910380e-05 -2.311851015162085218e-05 -1.961134490474731600e-05 -1.710573242111559475e-05 -1.527666236731964753e-05 -1.378599651211433660e-05 -1.239411590346080989e-05 -1.100182570109198461e-05 -9.628372917919417754e-06 -8.353534897644058867e-06 -7.256281386134541352e-06 -6.374318737324049180e-06 -5.693308330755222750e-06 -5.160978681775850278e-06 -4.713203439917742747e-06 -4.298272001503898597e-06 -3.890279720204250099e-06 -3.489209080612289087e-06 -3.111205168675463108e-06 -2.775385474247036913e-06 -2.493231549197341418e-06 -2.264053750931609397e-06 -2.076730867977392810e-06 -1.915440460942408995e-06 -1.766073854299955267e-06 -1.620575159949798358e-06 -1.477937511069287171e-06 -1.342215259868188884e-06 -1.219031092464279956e-06 -1.112317819226470431e-06 -1.022550535974083856e-06 -9.468494479215035453e-07 -8.804906941526093913e-07 -8.188998547519166601e-07 -7.592030950541903880e-07 -7.007883735942417789e-07 -6.448492409029530597e-07 -5.933015527271796023e-07 -5.476445355849577095e-07 -5.082423807510336819e-07 -4.742373513206971189e-07 -4.440050270820863630e-07 -4.158555918619449758e-07 -3.886431245768578867e-07 -3.620447391041848572e-07 -3.364543554260168557e-07 -3.126049694899548850e-07 -2.911249988818322377e-07 -2.722255655618092687e-07 -2.556248403700178624e-07 -2.406996181248950829e-07 -2.267600002850691504e-07 -2.133138746943000621e-07 -2.001968636127559775e-07 -1.876306272782216478e-07 -1.756944158821200510e-07 -1.664562898303364269e-07 -1.513284372034730508e-07 -1.841925039053334416e-07
-4.229620585130784605e+01 -1.706376530033350747e+01 -1.932572243701041259e+01 -2.296104350719744147e+01 -4.272996872823775050e+01 -1.962102721969096564e+01 -2.881371370827072269e+02 7.797476983332200007e+02 -5.833879528038806711e+03 2.330267075191950426e+04 -4.961371428493984240e+03 6.593573773825442004e+02 -1.642390846454750601e+02 7.833002649022189345e+00 -9.528313174070220271e+00 -1.834944924400812694e+00 -1.134324200665930205e+00 -3.890665603754934199e-01 -1.532925755628732067e-01 -4.963462484510670902e-02 -1.613059802957740943e-02 -6.886373280836718784e-03 -5.590393296650245959e-03 -5.646097612259717846e-03 -5.245333144454702133e-03 -4.285191726814258778e-03 -3.123912792693144154e-03 -2.081761063018449515e-03 -1.314702646348027025e-03 -8.358104474057017697e-04 -5.791459473479117995e-04 -4.572445543670209181e-04 -3.966166605964484455e-04 -3.514820618817448661e-04 -3.024041296451205805e-04 -2.477098785652718941e-04 -1.937489558450824351e-04 -1.475334671715693993e-04 -1.129271008983723647e-04 -8.991245642938280338e-05 -7.575120559237777146e-05 -6.675670681168805853e-05 -5.977173738696750022e-05 -5.292862017876034188e-05 -4.568771678175876901e-05 -3.841124655998147229e-05 -3.178896026337820065e-05 -2.637312932560271003e-05 -2.234742663187378167e-05 -1.952826851128492631e-05 -1.751620609723151834e-05 -1.588751047213227585e-05 -1.433993035100616577e-05 -1.275055153219128237e-05 -1.115043938642254021e-05 -9.650555914211523967e-06 -8.361154602311941854e-06 -7.337331600161595568e-06 -6.563623061162169374e-06 -5.972298206549083212e-06 -5.478510016149727531e-06 -5.013676070924472694e-06 -4.544330315831046696e-06 -4.072663121543290678e-06 -3.623229723460786586e-06 -3.224523198383495310e-06 -2.893960270150766605e-06 -2.631371796960268640e-06 -2.421466179422763726e-06 -2.242097320162343723e-06 -2.073597728831398575e-06 -1.905133284755697823e-06 -1.736164298858418424e-06 -1.573493264105176264e-06 -1.426062405792241657e-06 -1.300095802572639450e-06 -1.196484070996945204e-06 -1.110998456258045351e-06 -1.036641571885343696e-06 -9.667202358802777420e-07 -8.972176108829422695e-07 -8.276191720183827419e-07 -7.601538115758394619e-07 -6.980688910554567861e-07 -6.438408902096274983e-07 -5.980733819127986403e-07 -5.594091142357966281e-07 -5.253012826217084890e-07 -4.931600350195543625e-07 -4.613253867245797836e-07 -4.294871218900214594e-07 -3.984730579033198937e-07 -3.696040547369300621e-07 -3.439611972200072445e-07 -3.218887449200945442e-07 -3.029014485146724695e-07 -2.859673149942098020e-07 -2.699870266947462792e-07 -2.542175241536711269e-07 -2.385807600932429886e-07 -2.231489468734976161e-07 -2.106826207032209201e-07 -1.910286937608667283e-07 -2.314838886657855791e-07
-1.694759962823023969e+01 -7.827425729476737537e+00 -9.403907059644568633e+00 -1.322070960982287957e+01 -1.791881332447371733e+01 -3.714795705094246614e+01 -1.532445655825658726e+01 -2.771218737503555190e+02 7.743177967777820641e+02 -5.788996121209082048e+03 2.332543974599133071e+04 -5.000510384696240180e+03 6.651000921658620655e+02 -1.674695920701445573e+02 7.599607416572421670e+00 -9.909870064958861136e+00 -1.965185287468932396e+00 -1.203352110033091504e+00 -4.169526431660424692e-01 -1.644689350229733837e-01 -5.345462895307806495e-02 -1.735484866065348242e-02 -7.401848005410691794e-03 -6.037131809124683321e-03 -6.134020335703768180e-03 -5.721624179440934141e-03 -4.685912068159264234e-03 -3.420489836631595247e-03 -2.280177848287713929e-03 -1.439728214284006049e-03 -9.156245400774552790e-04 -6.359804154828009072e-04 -5.042920586754505007e-04 -4.392095477196626772e-04 -3.901316128078821796e-04 -3.358338820322589254e-04 -2.748962362012784852e-04 -2.147556273870057772e-04 -1.634244169454703228e-04 -1.252289706496277188e-04 -1.000450359958083527e-04 -8.467587743919351248e-05 -7.490474137941875265e-05 -6.718207575588719448e-05 -5.946983188412213056e-05 -5.125095359583046556e-05 -4.301210590468092010e-05 -3.557190519307724811e-05 -2.955191774772332551e-05 -2.512842625478202104e-05 -2.205471189119873678e-05 -1.985086884163558463e-05 -1.803013662374053120e-05 -1.626275219993081583e-05 -1.443257398707825004e-05 -1.259711072839521966e-05 -1.089507204238398386e-05 -9.452105803864884671e-06 -8.321740730101244608e-06 -7.473870277908317681e-06 -6.821617079444051788e-06 -6.264955882533102204e-06 -5.728940457565372486e-06 -5.182622155672620549e-06 -4.635963530249811837e-06 -4.121608927448801616e-06 -3.672564243113868113e-06 -3.305727639341191178e-06 -3.016425301053207453e-06 -2.783424375954364211e-06 -2.579852681196719849e-06 -2.384136046178063547e-06 -2.186446516641138834e-06 -1.989012427304431487e-06 -1.801507303437758009e-06 -1.634485443577105153e-06 -1.493977865946537586e-06 -1.379220981133864925e-06 -1.283787184473875956e-06 -1.198923834308181215e-06 -1.117249365596484944e-06 -1.035182094614404991e-06 -9.533338374557799284e-07 -8.751017862812388816e-07 -8.043937389977605798e-07 -7.436073368047690710e-07 -6.926588793150803413e-07 -6.492704634581833899e-07 -6.101573445447766046e-07 -5.724450169053592590e-07 -5.346743580515044626e-07 -4.970396887366796311e-07 -4.608942117840217647e-07 -4.278591877178191134e-07 -3.989828525363494273e-07 -3.742985296016972334e-07 -3.529003772044062899e-07 -3.334254185158070035e-07 -3.146360718056183353e-07 -2.960261989819560944e-07 -2.772244567923687838e-07 -2.619825935480757953e-07 -2.360848236766470083e-07 -2.886477595701278754e-07
-5.255200759784321107e+00 -3.074124513124968594e+00 -4.293086856768818294e+00 -6.386179618226448973e+00 -1.036375309919776200e+01 -1.497663670914499257e+01 -3.347168238809355501e+01 -1.235471056128550060e+01 -2.688068963732773682e+02 7.699392872707086326e+02 -5.753725818865957081e+03 2.334876959519917727e+04 -5.034363378348661172e+03 6.700491700226658622e+02 -1.702897660357960774e+02 7.385060666118792305e+00 -1.025104949212008520e+01 -2.083541124068579276e+00 -1.266284676603926185e+00 -4.426075006144672974e-01 -1.748306641681274254e-01 -5.704566888193131347e-02 -1.853281654883052673e-02 -7.906810106673432467e-03 -6.464817590055053735e-03 -6.591696182183663308e-03 -6.165327229497594499e-03 -5.059838480270613739e-03 -3.699735190575559243e-03 -2.470218983686804908e-03 -1.562443613489655292e-03 -9.958080876036360871e-04 -6.932815694381208073e-04 -5.506440682863363110e-04 -4.798792239570445371e-04 -4.262685982910531393e-04 -3.669527577750932501e-04 -3.005185428774560406e-04 -2.350863339677116044e-04 -1.793215579419570125e-04 -1.378438528547578593e-04 -1.104442931372880181e-04 -9.361691665292948446e-05 -8.279647324649903428e-05 -7.417534358530891323e-05 -6.559330861203968479e-05 -5.652355743501465899e-05 -4.749974788360710197e-05 -3.939028499558953358e-05 -3.283782304133600963e-05 -2.800565737472500511e-05 -2.461263451329762767e-05 -2.214141730319095519e-05 -2.007872647426904036e-05 -1.808408768294311549e-05 -1.604311108175100105e-05 -1.402010359900685658e-05 -1.215872366976448995e-05 -1.058419022141961189e-05 -9.344618313037198414e-06 -8.402377141627923518e-06 -7.664227503103710458e-06 -7.026929142010370703e-06 -6.415535386336022270e-06 -5.800912299013110009e-06 -5.194782116075740561e-06 -4.630150093779321410e-06 -4.138671939136954038e-06 -3.734819632614919526e-06 -3.411495764469755746e-06 -3.145958515204829508e-06 -2.911086657143954255e-06 -2.686032034438086861e-06 -2.461996555038822266e-06 -2.241862533375569765e-06 -2.035205722236041630e-06 -1.851780276086334916e-06 -1.696493774385945955e-06 -1.567616013016044069e-06 -1.458254486990704074e-06 -1.359765170888386533e-06 -1.265256671692102187e-06 -1.171688983201238189e-06 -1.079967962636484347e-06 -9.933986540723028144e-07 -9.154698307118655437e-07 -8.480349822521260510e-07 -7.905734669912929194e-07 -7.406322813751644956e-07 -6.950322170693032754e-07 -6.511781078047084054e-07 -6.078967940449040233e-07 -5.655296818908254141e-07 -5.253761112913450666e-07 -4.888399309532822052e-07 -4.566950298104826552e-07 -4.287644602718976437e-07 -4.040723498301084767e-07 -3.813471547813327403e-07 -3.595401378488778606e-07 -3.382587495010685614e-07 -3.189305685319769847e-07 -2.936030048017531864e-07 -3.438703341774970928e-07
-1.333867833409364767e+00 -1.058196277989433165e+00 -1.740473636335833518e+00 -2.952240424608654656e+00 -4.946382386617208304e+00 -8.673601630791910821e+00 -1.305184784761059724e+01 -3.086869635630001341e+01 -1.019012607700638462e+01 -2.623306052459023476e+02 7.663895062954554760e+02 -5.725703018371386861e+03 2.337304426680487450e+04 -5.064215676364282444e+03 6.743976102151282248e+02 -1.727822509539309124e+02 7.188502875950297799e+00 -1.055834727621116542e+01 -2.191627612512370593e+00 -1.324003828946921368e+00 -4.663582121930513469e-01 -1.844973855991877965e-01 -6.042714753818984041e-02 -1.964644218992749394e-02 -8.376952611326289946e-03 -6.857691881274317371e-03 -7.015576567249307352e-03 -6.582240852236504076e-03 -5.416701747039132271e-03 -3.970375480424742469e-03 -2.656795849424803489e-03 -1.683534848750231324e-03 -1.074125848729801493e-03 -7.478400186756843128e-04 -5.937633160580626157e-04 -5.175870704385083414e-04 -4.603151706868003463e-04 -3.970352682279368328e-04 -3.259412231320291315e-04 -2.556246894550002840e-04 -1.954154747854855022e-04 -1.503939425381440990e-04 -1.204793701857703259e-04 -1.020177643945107646e-04 -9.015590669419289074e-05 -8.079253536527471701e-05 -7.155499764329142356e-05 -6.181365022292613311e-05 -5.209230833373194804e-05 -4.330282253264175604e-05 -3.614326396473405248e-05 -3.081513319344953095e-05 -2.704608512831196347e-05 -2.430101613465697846e-05 -2.203385588435668782e-05 -1.986991563867092494e-05 -1.766953096719943748e-05 -1.548525889950148912e-05 -1.346145976463730668e-05 -1.173163519026529792e-05 -1.035376911308580609e-05 -9.296842000215414423e-06 -8.468630126579920178e-06 -7.761655948923020722e-06 -7.093722636534464133e-06 -6.428339238421524429e-06 -5.772126358715232373e-06 -5.156322702164249488e-06 -4.613814618935434457e-06 -4.161950710442169254e-06 -3.796491659873395908e-06 -3.496232867771466158e-06 -3.233750489370329299e-06 -2.986365607879093752e-06 -2.742788686274757645e-06 -2.503736499787249578e-06 -2.277641960385251093e-06 -2.074321780607363711e-06 -1.899633977751300540e-06 -1.753077363243517673e-06 -1.628657133327055094e-06 -1.517927855026622922e-06 -1.413480168714247565e-06 -1.311322281008409854e-06 -1.211393820594682122e-06 -1.116382816736203285e-06 -1.029677054709961470e-06 -9.534770376941298259e-07 -8.878174462980588950e-07 -8.307218529815104504e-07 -7.792002302105982018e-07 -7.305031994256778839e-07 -6.830578076633258102e-07 -6.367483914957583991e-07 -5.925467125393038455e-07 -5.517687074409836082e-07 -5.153260123770969328e-07 -4.833517249775590343e-07 -4.550126171023172520e-07 -4.298412897470852369e-07 -4.042963074044275650e-07 -3.882954317085436946e-07 -3.528219959833006857e-07 -3.806462077414209775e-07
-1.120878017555239303e+00 -4.727499497141012808e-01 -6.948365652411513382e-01 -1.222702385633925859e+00 -2.276934539176741268e+00 -4.081124501524461934e+00 -7.559349071980065560e+00 -1.170215312516752348e+01 -2.893836254376247652e+01 -8.551195565981357660e+00 -2.571645673293061236e+02 7.635058681979791118e+02 -5.703308441298578146e+03 2.339851374459621366e+04 -5.090993191034101073e+03 6.782841432005407114e+02 -1.750098239593129392e+02 7.008440988166454666e+00 -1.083713404312164563e+01 -2.290848088215126754e+00 -1.377205666701554421e+00 -4.884136372837536988e-01 -1.935137168663360885e-01 -6.358777415927700793e-02 -2.068054102448936907e-02 -8.808658457981803983e-03 -7.223316302354016415e-03 -7.418134322797974821e-03 -6.983529736004352555e-03 -5.762824930410108057e-03 -4.233435156935774074e-03 -2.837316026160317719e-03 -1.799226650238846615e-03 -1.147633660668224672e-03 -7.985236535457206726e-04 -6.342543629929719463e-04 -5.539219821312462008e-04 -4.939269433962663802e-04 -4.271330478689577717e-04 -3.513777563811688463e-04 -2.759117416695047232e-04 -2.109592803587517144e-04 -1.622335977291994866e-04 -1.298445041794068003e-04 -1.099476360309085466e-04 -9.730030718282561060e-05 -8.740427836505636617e-05 -7.761255255755686755e-05 -6.718775309869476668e-05 -5.668452054407212905e-05 -4.711723692550876284e-05 -3.928872702844202734e-05 -3.346067561074236076e-05 -2.936174250147437269e-05 -2.641166347232390662e-05 -2.400042144713592865e-05 -2.169796062750078625e-05 -1.933478124739378159e-05 -1.696204522699463937e-05 -1.474262831476172074e-05 -1.283465573364182011e-05 -1.131440455624149041e-05 -1.015614536797878382e-05 -9.260179394199750995e-06 -8.504147401360457334e-06 -7.790700184732268069e-06 -7.073605683134069956e-06 -6.357448875952498558e-06 -5.677888395420306037e-06 -5.075161095630234156e-06 -4.572989957067317075e-06 -4.169889201408372146e-06 -3.843196949515836871e-06 -3.561097434368869184e-06 -3.295827615292518775e-06 -3.032422103505247739e-06 -2.770457540306727694e-06 -2.519641291583996130e-06 -2.292395726432949265e-06 -2.097095474564139293e-06 -1.934556308511165730e-06 -1.798501243652424984e-06 -1.678950469499549476e-06 -1.566522893950505950e-06 -1.455678012801409805e-06 -1.345768008461077607e-06 -1.239901441883771749e-06 -1.142513203777511027e-06 -1.056899557615789540e-06 -9.837400676315060206e-07 -9.210277367954833449e-07 -8.651667531547635981e-07 -8.125570269139169218e-07 -7.609138770107359679e-07 -7.098183277850379230e-07 -6.603937518316885755e-07 -6.144602710913911374e-07 -5.733412286039914860e-07 -5.380890702378758997e-07 -5.059669662354770943e-07 -4.829611314369387741e-07 -4.587858439585183145e-07 -3.816667874834920118e-07 -4.511653243159953961e-07
-2.097429288526311275e+00 -4.964070814466778891e-01 -3.927072295539101865e-01 -4.973727985969418897e-01 -9.320339257017827839e-01 -1.860205631337034315e+00 -3.510587328911328520e+00 -6.778857074872673749e+00 -1.071196088280672676e+01 -2.745618054697168731e+01 -7.271099968726703722e+00 -2.529648523991181150e+02 7.611678686465137389e+02 -5.685397416428006181e+03 2.342534653838714075e+04 -5.115380687643794772e+03 6.818108198890419089e+02 -1.770210051873681891e+02 6.843315242807671339e+00 -1.109170170995177962e+01 -2.382304083458412602e+00 -1.426410042064968575e+00 -5.089230641654783893e-01 -2.019218586249084124e-01 -6.654074095643242037e-02 -2.164808163122969656e-02 -9.217217491944321855e-03 -7.575047455576526707e-03 -7.807168462328332482e-03 -7.370814961039794458e-03 -6.095520377397785870e-03 -4.484752264831848995e-03 -3.008527553134670001e-03 -1.908349053258633554e-03 -1.217161660779886344e-03 -8.472782963722723468e-04 -6.741028695576811681e-04 -5.901310928617552101e-04 -5.273521386912242244e-04 -4.567041725944694748e-04 -3.759561623041330681e-04 -2.952036973957001208e-04 -2.256132457221088621e-04 -1.734621237016101129e-04 -1.389243283172488625e-04 -1.178466241325720233e-04 -1.045318508272956542e-04 -9.408659121970912851e-05 -8.364174968844047134e-05 -7.242249209028544989e-05 -6.107065227532013801e-05 -5.072664697291096313e-05 -4.228722900126923815e-05 -3.604167675792416492e-05 -3.168371818192887939e-05 -2.856420502698791004e-05 -2.600476535328953410e-05 -2.353253772625367901e-05 -2.096893513779921707e-05 -1.838240971522453758e-05 -1.596373520570665741e-05 -1.389384015865392812e-05 -1.225737405749582341e-05 -1.102167970314219781e-05 -1.007064384179514359e-05 -9.264460283872763278e-06 -8.494273099776614088e-06 -7.711247730988625613e-06 -6.924913103873028562e-06 -6.179276562145010099e-06 -5.521728465764605871e-06 -4.978895654192279443e-06 -4.547369507986058476e-06 -4.199347257453077475e-06 -3.897316486404031141e-06 -3.609640494987378114e-06 -3.320453952635359890e-06 -3.031087156935038902e-06 -2.754284480508697987e-06 -2.505147972128737055e-06 -2.293207077989537416e-06 -2.118617790764119729e-06 -1.973175954932755042e-06 -1.844704822815087963e-06 -1.722297965050334655e-06 -1.600054290371051182e-06 -1.478042695103533315e-06 -1.360635085222683742e-06 -1.253404694102224616e-06 -1.160159482852492188e-06 -1.081318651671735800e-06 -1.014057074058778465e-06 -9.538256519504940631e-07 -8.963545691564979728e-07 -8.391943618778964220e-07 -7.822938449591252842e-07 -7.272276248939616874e-07 -6.770325100229752601e-07 -6.309109729453146648e-07 -5.983624742387908635e-07 -5.630572334603772651e-07 -4.938234698494325335e-07 -4.466830306351679908e-07 -5.236482475472928168e-07
-2.935786364756392874e+00 -6.605839407625627713e-01 -3.878035934082564307e-01 -2.669095259474728032e-01 -3.685971206577460801e-01 -7.479293648596619937e-01 -1.587422764098523675e+00 -3.114813464812339561e+00 -6.207611651845724943e+00 -9.958044206148077393e+00 -2.628479570076297378e+01 -6.244656864880279379e+00 -2.494991385979761560e+02 7.592836639805968844e+02 -5.671138750022161730e+03 2.345366017810515768e+04 -5.137895602224682079e+03 6.850545895762376176e+02 -1.788536907532807447e+02 6.691752346924493722e+00 -1.132548066818407229e+01 -2.466897826003151994e+00 -1.472065536430820609e+00 -5.280454633212952054e-01 -2.097911329147213733e-01 -6.931990379878698316e-02 -2.256808368777480159e-02 -9.611801066546380931e-03 -7.914571178832478793e-03 -8.179696766487779686e-03 -7.739660255481250507e-03 -6.411473639731130915e-03 -4.723364113776774321e-03 -3.171672030382865441e-03 -2.013322384992828531e-03 -1.285088064730099087e-03 -8.955723092269269117e-04 -7.135966913622390946e-04 -6.255853136897320758e-04 -5.595881738757061200e-04 -4.849041859848482136e-04 -3.993046219131919086e-04 -3.136353820381217747e-04 -2.398362647972602352e-04 -1.845951665841080974e-04 -1.480692697532924520e-04 -1.258012056038688477e-04 -1.117061991319361780e-04 -1.005829610377370820e-04 -8.940892044778166886e-05 -7.739963660374395832e-05 -6.527058303468210112e-05 -5.424911241096329784e-05 -4.528347441315487874e-05 -3.866303733491948384e-05 -3.404199066843543672e-05 -3.071743964890268964e-05 -2.796703160806431559e-05 -2.529673933098145595e-05 -2.252952154259005717e-05 -1.974875110797583903e-05 -1.716148837070059693e-05 -1.495738624850575852e-05 -1.321931595485602491e-05 -1.190493516428586453e-05 -1.088605656278814852e-05 -1.001367523615811554e-05 -9.175386538357610894e-06 -8.324149611549544098e-06 -7.474105637998215786e-06 -6.673581070738746651e-06 -5.971779647165032206e-06 -5.394081574574377300e-06 -4.933742107238545911e-06 -4.559258210705811739e-06 -4.230606993796063640e-06 -3.915556499868864483e-06 -3.599305001224166243e-06 -3.284975520301816923e-06 -2.986773342150137440e-06 -2.720232545203267176e-06 -2.494190461906069662e-06 -2.307422688928534730e-06 -2.150331243966623750e-06 -2.009901675053207492e-06 -1.875174932439585932e-06 -1.740826551516462445e-06 -1.607725157986342728e-06 -1.480830977795440068e-06 -1.365828754545303534e-06 -1.266155526262443497e-06 -1.181591000160631761e-06 -1.108709049029151881e-06 -1.042631529524691066e-06 -9.791736956379880307e-07 -9.160537481125982510e-07 -8.543637539624637821e-07 -7.933274740585295725e-07 -7.453537905848865974e-07 -6.957989025372238814e-07 -6.055029898055867836e-07 -5.708762770616377753e-07 -5.100504515754573887e-07 -6.054478464169566072e-07
-3.163145645364789704e+00 -7.513599734020023346e-01 -4.411154241707323509e-01 -2.422065347113356859e-01 -1.888651275946338082e-01 -2.880220878483394920e-01 -6.312481135764451690e-01 -1.401011895941772778e+00 -2.827163524954421359e+00 -5.772526467140365547e+00 -9.365451816449558819e+00 -2.533706475875461805e+01 -5.403870958447833495e+00 -2.466057298094524697e+02 7.577821128984631969e+02 -5.659914334563775810e+03 2.348353971888481101e+04 -5.158936106838937121e+03 6.880747403779895421e+02 -1.805378745723566283e+02 6.552520415217323091e+00 -1.154131391982770971e+01 -2.545436842681231493e+00 -1.514595160329977652e+00 -5.459458512262443941e-01 -2.171912371424420674e-01 -7.194981716870012256e-02 -2.344522869071077181e-02 -9.988824959946046578e-03 -8.236554495209347584e-03 -8.532129388962070293e-03 -8.089463225821593925e-03 -6.712642803217023710e-03 -4.952455857436486968e-03 -3.329719474407368939e-03 -2.115937262389590116e-03 -1.351770848202753011e-03 -9.426845767758834042e-04 -7.515898566124527272e-04 -6.593335116944181850e-04 -5.902354287710934351e-04 -5.119147645742264455e-04 -4.219691590261207882e-04 -3.318078922507286944e-04 -2.540319020112795194e-04 -1.957299394459169827e-04 -1.571124515285701718e-04 -1.335188319738944587e-04 -1.185600037040242732e-04 -1.067638243909375348e-04 -9.494225711150417921e-05 -8.225794724210255435e-05 -6.945134301884654533e-05 -5.780446947356018350e-05 -4.831102417837936303e-05 -4.127735522287846731e-05 -3.634593355694279486e-05 -3.278502251868752233e-05 -2.984065311897481887e-05 -2.699508159917029339e-05 -2.405963255107375711e-05 -2.111656334665814311e-05 -1.837766663392815055e-05 -1.603821206938809660e-05 -1.418427837636305462e-05 -1.277325521411976677e-05 -1.167393130934063527e-05 -1.073306649859233862e-05 -9.834281105046433901e-06 -8.927712545590313529e-06 -8.026043425238581420e-06 -7.177235203317130387e-06 -6.430749094881528051e-06 -5.812398987823463685e-06 -5.315742029036666872e-06 -4.909287142603715002e-06 -4.552698582608579397e-06 -4.213157850400970943e-06 -3.875115197653868283e-06 -3.540934633054762382e-06 -3.224205324079315975e-06 -2.940103509480675468e-06 -2.697402887046947851e-06 -2.495049951862339546e-06 -2.323716636292068056e-06 -2.170596219445693878e-06 -2.024752242805918658e-06 -1.880659788265136220e-06 -1.738822864283741547e-06 -1.603799355556603658e-06 -1.480970039562777731e-06 -1.373658769357780273e-06 -1.281717589111741970e-06 -1.201969382969416493e-06 -1.129576764149274464e-06 -1.061292478769317183e-06 -9.918631618696896698e-07 -9.326349441897445868e-07 -8.671199674526598443e-07 -7.548530617965301423e-07 -6.992646577814077280e-07 -6.489017389223282456e-07 -5.825433248634346431e-07 -6.941515577287348323e-07
-2.812689447590694503e+00 -7.170312409110086715e-01 -4.540842573024998496e-01 -2.679541575680822185e-01 -1.703900638232770937e-01 -1.447662274780128766e-01 -2.407872760034715509e-01 -5.535035375421301085e-01 -1.266097067755129535e+00 -2.608318781020593224e+00 -5.429950228755506814e+00 -8.887899731371760481e+00 -2.455622550387673897e+01 -4.703353009202071000e+00 -2.441684893858801217e+02 7.566078224087186754e+02 -5.651254802466150068e+03 2.351504890389259890e+04 -5.178813688151459246e+03 6.909176642016424239e+02 -1.820976963272638045e+02 6.424453248902526781e+00 -1.174161768242834114e+01 -2.618645742796424702e+00 -1.554373256734177033e+00 -5.627620280994752866e-01 -2.241692686521450650e-01 -7.443866074073395012e-02 -2.427587981462596065e-02 -1.034416959198570726e-02 -8.540247986886007753e-03 -8.867009213663705133e-03 -8.424355988727526626e-03 -7.002880611100571577e-03 -5.174391824060159059e-03 -3.483253352480539505e-03 -2.215447991290077530e-03 -1.415935300461420611e-03 -9.875536386561127589e-04 -7.876540568382112660e-04 -6.916125952681838980e-04 -6.199416785141120215e-04 -5.384370764142490688e-04 -4.444162640125887500e-04 -3.498326344435657791e-04 -2.680093417746168423e-04 -2.065344953570201036e-04 -1.657581893200579836e-04 -1.408580782904737935e-04 -1.251313514166550853e-04 -1.127913373136435541e-04 -1.004336639722670657e-04 -8.713369304434135125e-05 -7.365026371949294059e-05 -6.133832787179778750e-05 -5.126735870837918481e-05 -4.378799742928076322e-05 -3.854463939577152683e-05 -3.477394214068135503e-05 -3.167579813456950031e-05 -2.869103678078817289e-05 -2.560659257105714934e-05 -2.250022618184137154e-05 -1.959407493187739649e-05 -1.709955557091293393e-05 -1.511605207555462860e-05 -1.360620265111464235e-05 -1.243526004677378777e-05 -1.144056132852996363e-05 -1.049495452092584818e-05 -9.540529824352381955e-06 -8.586800491985432072e-06 -7.683276736633352032e-06 -6.883772957806971787e-06 -6.218698973409226862e-06 -5.684364171243714140e-06 -5.249279711826208287e-06 -4.870749606052535911e-06 -4.512501484009339681e-06 -4.155913923937025214e-06 -3.801719358204041004e-06 -3.463610031291855615e-06 -3.158153506466627704e-06 -2.895927069953663305e-06 -2.677214673616131488e-06 -2.493033199346523655e-06 -2.329904163435402343e-06 -2.175604645053529717e-06 -2.023300580269629386e-06 -1.872671521971485815e-06 -1.728168650621505789e-06 -1.595671321994798343e-06 -1.479342613626637370e-06 -1.379520866044060932e-06 -1.294214945562369034e-06 -1.215146543100847086e-06 -1.150072771633053599e-06 -1.076014146992500072e-06 -9.450242710719067538e-07 -8.734005399711627889e-07 -7.979831180436922728e-07 -7.416360316709146452e-07 -6.637206338326156889e-07 -7.913970916110404510e-07
-2.141844471030379893e+00 -5.901493924162779514e-01 -4.098380129384683879e-01 -2.777025408365511594e-01 -1.930488894922858800e-01 -1.331308282877805560e-01 -1.209021859411078675e-01 -2.100559876391166481e-01 -4.971007624201002617e-01 -1.163050309052878095e+00 -2.435994517278159410e+00 -5.153673870437676996e+00 -8.495836007421130986e+00 -2.390364162422984862e+01 -4.111344277453684803e+00 -2.421014700256495473e+02 7.557173514135132564e+02 -5.644797402834451532e+03 2.354823693996199654e+04 -5.197775750556959792e+03 6.936201106616424568e+02 -1.835528572459811585e+02 6.306466728437771785e+00 -1.192843437584368971e+01 -2.687141664951910425e+00 -1.591706959816332922e+00 -5.785991555545171305e-01 -2.307580194109392913e-01 -7.679293118081996494e-02 -2.506162292527585461e-02 -1.068084667143850627e-02 -8.830318131180098229e-03 -9.188943120952983504e-03 -8.747402432188289972e-03 -7.283215985131684563e-03 -5.388598811502552308e-03 -3.631000060735158769e-03 -2.310750640040078532e-03 -1.477154404114950107e-03 -1.030486049965142646e-03 -8.225500975262379708e-04 -7.232352009003074813e-04 -6.492463036852877704e-04 -5.646030919441368760e-04 -4.664334227774066008e-04 -3.673376523791599944e-04 -2.814391983291650214e-04 -2.168551544229217255e-04 -1.740557059637195842e-04 -1.480069620457279177e-04 -1.316397135673068504e-04 -1.188201574887669048e-04 -1.059249754055478874e-04 -9.196511345898213650e-05 -7.775196620281990870e-05 -6.474285034854216172e-05 -5.409681332973041994e-05 -4.620462737566982734e-05 -4.069599337692636032e-05 -3.675639285732184707e-05 -3.352587222098204654e-05 -3.040061381603300896e-05 -2.714978942024138896e-05 -2.385851881845731966e-05 -2.077044924684654710e-05 -1.811910487492394140e-05 -1.601642880164050710e-05 -1.442443382653354267e-05 -1.319726677425474665e-05 -1.215709247399647513e-05 -1.116417426678800345e-05 -1.015475910249770284e-05 -9.139781836895343370e-06 -8.174924404672737578e-06 -7.321046585614152019e-06 -6.613105290481194940e-06 -6.047860012851353176e-06 -5.590630825634383422e-06 -5.193790589718321839e-06 -4.816663975572923192e-06 -4.438376226159751775e-06 -4.059982109429601019e-06 -3.697351094313367676e-06 -3.369729802006491669e-06 -3.089571863403875188e-06 -2.857514041581677182e-06 -2.663462175885050860e-06 -2.492038105309596552e-06 -2.329228105273151464e-06 -2.167223155157948785e-06 -2.005772640994873007e-06 -1.850277308053467417e-06 -1.707573262141125388e-06 -1.583690244930325668e-06 -1.475610373095269547e-06 -1.393624093703640360e-06 -1.309721311563572149e-06 -1.165781306610875582e-06 -1.085019906640227935e-06 -9.960873911541866580e-07 -9.150134668920591661e-07 -8.485081383541273108e-07 -7.570629642535407138e-07 -8.998029157316208270e-07
-1.433216173304924457e+00 -4.299453286191710633e-01 -3.293401247142824784e-01 -2.560898054258007872e-01 -2.045026472025106012e-01 -1.537920700902377369e-01 -1.118301143968552236e-01 -1.048143797411404260e-01 -1.871552069717660749e-01 -4.536021098325527801e-01 -1.081806838095871193e+00 -2.297314235872494947e+00 -4.926949775318964164e+00 -8.169105984714484237e+00 -2.335167882336155643e+01 -3.604721016706776027e+00 -2.403396325791730135e+02 7.550761380098695099e+02 -5.640257608155659909e+03 2.358314287231268099e+04 -5.216021469505480127e+03 6.962115757771433664e+02 -1.849195746516174665e+02 6.197603835251633164e+00 -1.210347382636254032e+01 -2.751441004909740862e+00 -1.626853083653793108e+00 -5.935490566550540859e-01 -2.369922968588601686e-01 -7.902625876137550631e-02 -2.581001035746857686e-02 -1.100413549500501957e-02 -9.110108438254563290e-03 -9.499219802502002069e-03 -9.058260930422321056e-03 -7.552551458759727485e-03 -5.594113556565321124e-03 -3.772672955752551672e-03 -2.402307275114437101e-03 -1.536346405934707789e-03 -1.072425136843247135e-03 -8.568970717472081285e-04 -7.543558659639511103e-04 -6.779158798919112478e-04 -5.900018477587626493e-04 -4.876592547434618809e-04 -3.841594988933373059e-04 -2.943848798006003936e-04 -2.269089409193343393e-04 -1.822547143134620250e-04 -1.551402846752609934e-04 -1.381321126716059707e-04 -1.247809635068359289e-04 -1.112873203681451597e-04 -9.663257110277816576e-05 -8.169580684342592973e-05 -6.803062234866134536e-05 -5.686557297322598578e-05 -4.860882287806435304e-05 -4.285997483128253408e-05 -3.875020156827932032e-05 -3.536774333321179864e-05 -3.207786510799701677e-05 -2.864463650050968005e-05 -2.516711575229845752e-05 -2.190941679328287011e-05 -1.912041638641489015e-05 -1.691607435850680106e-05 -1.525138763461890414e-05 -1.396747449049328668e-05 -1.287389337751182528e-05 -1.182350718866632163e-05 -1.075187819366920379e-05 -9.674323180750135425e-06 -8.652588114726494063e-06 -7.751977230249897853e-06 -7.008433221584508441e-06 -6.416326005872296635e-06 -5.936762499954386833e-06 -5.518122831963190884e-06 -5.117512177964193002e-06 -4.714100197278186875e-06 -4.310675897265674633e-06 -3.925347593878469395e-06 -3.578937189150422740e-06 -3.284160162706252207e-06 -3.040654629660145308e-06 -2.836670002490125143e-06 -2.655309361793096202e-06 -2.481762450770352381e-06 -2.308410348057066357e-06 -2.135573339422110710e-06 -1.970720329325940379e-06 -1.817418382369747813e-06 -1.695745057361528687e-06 -1.581429778413532320e-06 -1.412335821716551162e-06 -1.321406307562683850e-06 -1.224152484103576748e-06 -1.134500959706794876e-06 -1.046109228780114215e-06 -9.712398681750943144e-07 -8.649475746201055816e-07 -1.023197362193061430e-06
-8.815386309590705904e-01 -2.874698007188123405e-01 -2.420174362400510371e-01 -2.120794855624691944e-01 -1.915511864294197064e-01 -1.639723525339221721e-01 -1.289525740599844761e-01 -9.631386867019298137e-02 -9.223824905032997068e-02 -1.692514054583717509e-01 -4.193952882767145174e-01 -1.016664975124232706e+00 -2.183855510121137211e+00 -4.738074601352654902e+00 -7.893188658468895724e+00 -2.287997313958496548e+01 -3.166336870310538565e+00 -2.388329936341563666e+02 7.546562612023429892e+02 -5.637409301868986404e+03 2.361979861685031210e+04 -5.233713085568043425e+03 6.987160625594301564e+02 -1.862112921677268673e+02 6.097034528155330868e+00 -1.226818194311089805e+01 -2.811992264835160960e+00 -1.660042401462656692e+00 -6.077018070649866655e-01 -2.429100545436249092e-01 -8.115375099786979740e-02 -2.652678128839743021e-02 -1.131545926710362561e-02 -9.379065159591982656e-03 -9.796706353217594573e-03 -9.356150990306096385e-03 -7.810913411048105333e-03 -5.791744261919729540e-03 -3.909495239229119831e-03 -2.491280483641848589e-03 -1.594249891544239749e-03 -1.113557953336234436e-03 -8.904379943672868607e-04 -7.845205674343933401e-04 -7.055565569175684636e-04 -6.144637627258679128e-04 -5.081773672761078116e-04 -4.005503887819689720e-04 -3.071310644346027653e-04 -2.368934040650938402e-04 -1.904081209452412459e-04 -1.621806809475150859e-04 -1.444653642958291324e-04 -1.305417959646641029e-04 -1.164551370833102477e-04 -1.011521583921088058e-04 -8.555710613175131717e-05 -7.129337172968267661e-05 -5.964066066594475395e-05 -5.102033590297607764e-05 -4.501076070848770847e-05 -4.070441313529886814e-05 -3.715228005098203081e-05 -3.369638945894015859e-05 -3.009470443613051130e-05 -2.645268587455307208e-05 -2.304530438700900328e-05 -2.012957840525514226e-05 -1.782329828746530688e-05 -1.607730836266696290e-05 -1.472550305465100088e-05 -1.357060774949794122e-05 -1.246139275732737454e-05 -1.133261187455172869e-05 -1.020106062239745680e-05 -9.130584534963601934e-06 -8.187782573158525581e-06 -7.408462719687050721e-06 -6.785663208978493776e-06 -6.278710073571594064e-06 -5.834537760668639728e-06 -5.409586496205856942e-06 -4.983124641263179605e-06 -4.558442649475589804e-06 -4.154098415955137680e-06 -3.791000452234391113e-06 -3.481534750240740839e-06 -3.224773272770823329e-06 -3.008414038377900110e-06 -2.815326369029505766e-06 -2.630452309170074221e-06 -2.447576931391242760e-06 -2.262957658906046696e-06 -2.099455966669342070e-06 -1.937773843692481182e-06 -1.719078653585989830e-06 -1.596161573457710250e-06 -1.478312781115519819e-06 -1.377464499016321917e-06 -1.282686055453717794e-06 -1.189678790821289235e-06 -1.108786621603585450e-06 -9.883973207542188380e-07 -1.165167042538126768e-06
-5.621569153345326031e-01 -1.900351986624127798e-01 -1.699713162505883113e-01 -1.613994941025947705e-01 -1.601413165341794564e-01 -1.533287462557379466e-01 -1.366340713592034684e-01 -1.104931531478648699e-01 -8.428274639918599542e-02 -8.252144532066765792e-02 -1.554124020278153384e-01 -3.922436859794968256e-01 -9.635654840981258129e-01 -2.089503802658756015e+00 -4.578531576094457378e+00 -7.657456470603749565e+00 -2.247335484045680332e+01 -2.783358453410186950e+00 -2.375425844883461934e+02 7.544349490083869796e+02 -5.636070610869775919e+03 2.365823108190326093e+04 -5.250984163507804624e+03 7.011533328451365605e+02 -1.874392570981054860e+02 6.004021604073028762e+00 -1.242380654008278640e+01 -2.869197496082607213e+00 -1.691485096751908834e+00 -6.211404305220492583e-01 -2.485438825110695416e-01 -8.318515244835701650e-02 -2.721304706539223045e-02 -1.161350910917433900e-02 -9.636174166494442320e-03 -1.008155256983589779e-02 -9.642278750359221592e-03 -8.060002157005760962e-03 -5.983055544304119282e-03 -4.042460292697355392e-03 -2.577965324829310356e-03 -1.650613498380586359e-03 -1.153391446428810724e-03 -9.227430035903050939e-04 -8.135523146931580808e-04 -7.322758413178088273e-04 -6.382832935818812592e-04 -5.283148184836336221e-04 -4.167360778888304384e-04 -3.197392101494632433e-04 -2.467234994383096271e-04 -1.983576510525751581e-04 -1.689830906580903468e-04 -1.505688809635290541e-04 -1.361229147712350747e-04 -1.215139878284463476e-04 -1.056268392441729983e-04 -8.941063575933650559e-05 -7.455297466993148848e-05 -6.239336219096399880e-05 -5.338284162471939790e-05 -4.709438913861895861e-05 -4.259048291820838279e-05 -3.888415606742496352e-05 -3.528626077781258659e-05 -3.153827207380787535e-05 -2.774414819609694204e-05 -2.418723811765837028e-05 -2.113575366840064087e-05 -1.871563166104445693e-05 -1.687989215086860821e-05 -1.545885966036497815e-05 -1.424832235480847686e-05 -1.308979472796485655e-05 -1.191288062354709479e-05 -1.073239795782322967e-05 -9.613060835087727877e-06 -8.623925577088223200e-06 -7.803339267280860595e-06 -7.145807889010271518e-06 -6.610583250897336416e-06 -6.143210021915005369e-06 -5.698104713314910935e-06 -5.252666322064892183e-06 -4.809052772470963484e-06 -4.385627006578176976e-06 -4.003865793183695834e-06 -3.677044785478013564e-06 -3.405082200216867574e-06 -3.175727341900196029e-06 -2.972934023967926798e-06 -2.776334697040442830e-06 -2.595648750611962032e-06 -2.401680173724071916e-06 -2.131014008366133382e-06 -1.958428928614796071e-06 -1.794532769411130207e-06 -1.659819315850460518e-06 -1.543969021955835941e-06 -1.441273961441137680e-06 -1.343298896042016788e-06 -1.258780759132697558e-06 -1.126311399214251979e-06 -1.327583361891179983e-06
-4.494435025896809099e-01 -1.409304159607686069e-01 -1.226530933376715204e-01 -1.169639571983767806e-01 -1.221267184335298739e-01 -1.272802678202077098e-01 -1.268152640353346905e-01 -1.166321661154768458e-01 -9.674557213050805071e-02 -7.534754420819418652e-02 -7.528834877650170121e-02 -1.446504758832110882e-01 -3.702303190384493847e-01 -9.194341391398639374e-01 -2.009834329143706189e+00 -4.442172748530017756e+00 -7.454121576131318427e+00 -2.212038168404648530e+01 -2.446006764019025947e+00 -2.364375368741984005e+02 7.543935283057945753e+02 -5.636093668857707598e+03 2.369846360643042499e+04 -5.267945774519545012e+03 7.035398010707509684e+02 -1.886129745126677335e+02 5.917898029159692541e+00 -1.257143311354892923e+01 -2.923412876226298529e+00 -1.721364628169917754e+00 -6.339343271312994910e-01 -2.539183177502452038e-01 -8.512633058454688317e-02 -2.786927168573245100e-02 -1.189845064263701790e-02 -9.882675408568629069e-03 -1.035576976883510920e-02 -9.918657244943765786e-03 -8.301216974203214777e-03 -6.168609451287073060e-03 -4.171439440391894703e-03 -2.661895699224531633e-03 -1.704999010359519894e-03 -1.191748710146573560e-03 -9.539449053903869841e-04 -8.417902180139144597e-04 -7.584480126732024395e-04 -6.617201968065102979e-04 -5.481464619416027062e-04 -4.326267526036105910e-04 -3.320370806128398414e-04 -2.562412437039180368e-04 -2.060277986173860462e-04 -1.755724795907399568e-04 -1.565394544603661493e-04 -1.416396482192255467e-04 -1.265472873978350156e-04 -1.100810485898506136e-04 -9.322477132381754776e-05 -7.774745499120844596e-05 -6.506459362988359775e-05 -5.566554133257515705e-05 -4.911676719960472362e-05 -4.444219344993377818e-05 -4.060594193176055770e-05 -3.687947337048985740e-05 -3.298536335783912093e-05 -2.902951444536424391e-05 -2.531051249454196214e-05 -2.211455458157249039e-05 -1.957959064354105474e-05 -1.766062486335153565e-05 -1.618094122088877597e-05 -1.492468265335693130e-05 -1.372238934537056834e-05 -1.249722335728279411e-05 -1.126332666941162951e-05 -1.008920890479415354e-05 -9.049428527335538503e-06 -8.186714549404762372e-06 -7.497082834378189159e-06 -6.938217033910932448e-06 -6.452123237524702961e-06 -5.989418195922148495e-06 -5.524939083266981220e-06 -5.060246916107737292e-06 -4.614846050626536956e-06 -4.212323050294485260e-06 -3.867498768784420702e-06 -3.582565172692518985e-06 -3.339811789448236360e-06 -3.140082183263702184e-06 -2.934419206282505201e-06 -2.637622972348981238e-06 -2.431629418190448506e-06 -2.219865574294820799e-06 -2.032802048835206312e-06 -1.869643430291613174e-06 -1.731407438912453260e-06 -1.613552195500438726e-06 -1.506918324413563312e-06 -1.418885806154832807e-06 -1.276063943399270912e-06 -1.509665663376504221e-06
-4.627059840239471922e-01 -1.272521794745496981e-01 -9.847985535966223558e-02 -8.528036126919125159e-02 -8.780176725417894457e-02 -9.597194129443864519e-02 -1.045006088098970470e-01 -1.079681295246516376e-01 -1.022298215648873992e-01 -8.674381465555654203e-02 -6.875685248869245481e-02 -6.974323743200069869e-02 -1.359477264434224286e-01 -3.519130914869300630e-01 -8.821449402350316493e-01 -1.941762672652409094e+00 -4.324553694637600643e+00 -7.277361495116650758e+00 -2.181221513595649242e+01 -2.146641409936654643e+00 -2.354930372802195677e+02 7.545165832820075593e+02 -5.637357148036276158e+03 2.374051694013884116e+04 -5.284691167479286378e+03 7.058892140085639539e+02 -1.897405392680247189e+02 5.838066766526044837e+00 -1.271200152896918567e+01 -2.974946967747627014e+00 -1.749837825630886856e+00 -6.461420753459434785e-01 -2.590547666939706506e-01 -8.698412990091175523e-02 -2.849831877557560539e-02 -1.217252909031308825e-02 -1.012069734329043222e-02 -1.062099684450098190e-02 -1.018614029493643616e-02 -8.534677155524807504e-03 -6.348107284665797413e-03 -4.296095404513112885e-03 -2.742961485834447682e-03 -1.757596764653507337e-03 -1.229025224700972798e-03 -9.844681549681410290e-04 -8.695291028585582210e-04 -7.841631132896672999e-04 -6.846825629841037141e-04 -5.674889987579189235e-04 -4.480540932893607503e-04 -3.439463550010704541e-04 -2.654779961833634671e-04 -2.135279559651221434e-04 -1.820776167995690733e-04 -1.624698827592886198e-04 -1.471193661040200639e-04 -1.315205639114028311e-04 -1.144470431629507633e-04 -9.693518254074314736e-05 -8.084376136813162521e-05 -6.766167084122398949e-05 -5.790623040883295425e-05 -5.112508672711231755e-05 -4.629486274797532967e-05 -4.232866503779997459e-05 -3.846285448721041864e-05 -3.440892151023273803e-05 -3.028219621425634221e-05 -2.640059659473719252e-05 -2.306789510492069671e-05 -2.043010106279703948e-05 -1.843899437159246397e-05 -1.690678786141674230e-05 -1.560465552135227569e-05 -1.435367629327489075e-05 -1.307382398474854403e-05 -1.178189923860113653e-05 -1.055219233353928088e-05 -9.464769106349653455e-06 -8.565077384546985578e-06 -7.848286006366764577e-06 -7.268581363419662059e-06 -6.763696111099933910e-06 -6.281052084147787054e-06 -5.794394082198766741e-06 -5.306366940383046575e-06 -4.838324813468335553e-06 -4.417501055512522450e-06 -4.054272736284415530e-06 -3.770252869914650482e-06 -3.517002095796577772e-06 -3.191724290924310827e-06 -2.974168327015183306e-06 -2.742360636815800862e-06 -2.520395008145705906e-06 -2.308322666724921973e-06 -2.115845897219674266e-06 -1.948369326317335136e-06 -1.806856309797533214e-06 -1.684259289548053964e-06 -1.589033749357847362e-06 -1.435218370703102965e-06 -1.708379943753244596e-06
-5.131770920679468162e-01 -1.302394982446162808e-01 -8.961150076630711170e-02 -6.678154088467004590e-02 -6.282712975355481122e-02 -6.805997986071762873e-02 -7.833116279474493238e-02 -8.886504727691757477e-02 -9.471012572899922821e-02 -9.176847294601163385e-02 -7.921136787876253971e-02 -6.358530315428972957e-02 -6.520319369423908940e-02 -1.286611174269843005e-01 -3.364221038130040808e-01 -8.503020727573701310e-01 -1.883090562962254078e+00 -4.222330955150693121e+00 -7.122665303559025496e+00 -2.154186506864913753e+01 -1.879185954953917159e+00 -2.346889233704480091e+02 7.547912692368256558e+02 -5.639760701272122787e+03 2.378440995834716887e+04 -5.301299311337182189e+03 7.082131906697456998e+02 -1.908288818975793220e+02 5.764002103970710778e+00 -1.284632534449653463e+01 -3.024068735994314583e+00 -1.777043048220882770e+00 -6.578177706817076587e-01 -2.639752033148339838e-01 -8.876708114942997996e-02 -2.910389175720114185e-02 -1.243754723548174367e-02 -1.035106207216040554e-02 -1.087742840546584121e-02 -1.044460656262479609e-02 -8.760258799555763545e-03 -6.521639887841359541e-03 -4.416784678604565757e-03 -2.821682754418398248e-03 -1.808914305625102491e-03 -1.265561184389783506e-03 -1.014417893132291961e-03 -8.966727260044061662e-04 -8.092263050315819366e-04 -7.069937845695343928e-04 -5.862650058128567997e-04 -4.630599463015558728e-04 -3.555924864077905168e-04 -2.745782938683282034e-04 -2.209614749047803916e-04 -1.885291069937113052e-04 -1.683226821690375315e-04 -1.524883033185573582e-04 -1.363641444231221541e-04 -1.186896743143840357e-04 -1.005509595033941551e-04 -8.388415616804114380e-05 -7.023681342773616175e-05 -6.014381244154260651e-05 -5.313146647913668689e-05 -4.813408377270842582e-05 -4.402280556503470157e-05 -4.000752061273668239e-05 -3.579334407209207395e-05 -3.150459174479598100e-05 -2.747405549983355128e-05 -2.401722446149565562e-05 -2.128365227290045586e-05 -1.922042537441787159e-05 -1.763038582256929278e-05 -1.627536750630676794e-05 -1.497069147784898957e-05 -1.363533707603363393e-05 -1.228876089767514191e-05 -1.100919170900260280e-05 -9.879604844685358525e-06 -8.946050354987519185e-06 -8.202052959122723991e-06 -7.598975871582665321e-06 -7.071895548444991670e-06 -6.566878213646297389e-06 -6.057349844123404631e-06 -5.548694804863870394e-06 -5.057622311013485413e-06 -4.633568084013333824e-06 -4.255096795594838681e-06 -3.832520215198982758e-06 -3.565785536619365594e-06 -3.311905521801007738e-06 -3.078118089974421290e-06 -2.846688988435784545e-06 -2.618575322021419621e-06 -2.400687852729528436e-06 -2.202317125923291578e-06 -2.030407703639740017e-06 -1.882994107360473847e-06 -1.773132234343224156e-06 -1.603809079890260222e-06 -1.920376000585690715e-06
-5.367998285267377989e-01 -1.337947613714889905e-01 -8.698031305404040070e-02 -5.805929298491037394e-02 -4.814569014197926655e-02 -4.818095760038827724e-02 -5.542250652708444192e-02 -6.665450132155031904e-02 -7.799753706544827747e-02 -8.498316895980458086e-02 -8.370329146159805056e-02 -7.315454958119940732e-02 -5.929014265831984709e-02 -6.137827775091964089e-02 -1.225083911658463448e-01 -3.232319141123211614e-01 -8.228984669068323266e-01 -1.832127730977092694e+00 -4.132877714532814828e+00 -6.986458901055378590e+00 -2.130373975612376825e+01 -1.638775394464192958e+00 -2.340086756387684659e+02 7.552067970407194935e+02 -5.643220731546658499e+03 2.383016020999852117e+04 -5.317837614910419688e+03 7.105216416156811192e+02 -1.918839692468185660e+02 5.695239412975466209e+00 -1.297511654010327575e+01 -3.071018636570192584e+00 -1.803106412796347646e+00 -6.690124939209560750e-01 -2.687006368435478909e-01 -9.048263025213727773e-02 -2.968810085616497424e-02 -1.269369196220826446e-02 -1.057351590425312064e-02 -1.112498807447903811e-02 -1.069435701383294503e-02 -8.978593004041662828e-03 -6.689981547136574988e-03 -4.534201993738340604e-03 -2.898508706413671209e-03 -1.859100363289937228e-03 -1.301262668788862042e-03 -1.043585430678328155e-03 -9.230333943050575418e-04 -8.335613702309413063e-04 -7.287096539846577882e-04 -6.046209636525189416e-04 -4.778092783116394057e-04 -3.670926038347739184e-04 -2.835775100619559140e-04 -2.282881120360546621e-04 -1.948468142496792490e-04 -1.740224940465915282e-04 -1.577092152953139023e-04 -1.410892809865032203e-04 -1.228562821343789739e-04 -1.041299528396613308e-04 -8.691154551295331306e-05 -7.280339656039681222e-05 -6.236260492814882958e-05 -5.510378692831411458e-05 -4.992856108034672812e-05 -4.567166533449434364e-05 -4.151643443033815255e-05 -3.715698095904587385e-05 -3.272026153294228069e-05 -2.854892976961633446e-05 -2.496845612214125944e-05 -2.213368701802481602e-05 -1.999092845239676186e-05 -1.833770428538400066e-05 -1.692894777396888647e-05 -1.557427041784969671e-05 -1.418968387865152591e-05 -1.279448147262919617e-05 -1.146851838317831299e-05 -1.029679753238844187e-05 -9.326692962006795411e-06 -8.551839949768343566e-06 -7.922779527596325317e-06 -7.372780076634844516e-06 -6.848343972773358009e-06 -6.315560817542849645e-06 -5.802597041102196959e-06 -5.291936643704937390e-06 -4.713760181229482354e-06 -4.316907445670939798e-06 -3.969420929146975952e-06 -3.684453425753070283e-06 -3.431670478239137687e-06 -3.192310064040782939e-06 -2.955188862137021696e-06 -2.720427094468488479e-06 -2.495759430890338671e-06 -2.291880635622473693e-06 -2.112735107241134706e-06 -1.979170029662029576e-06 -1.786046086154382156e-06 -2.144853978309367901e-06
-5.075471832830341645e-01 -1.289676974566278389e-01 -8.382444827620139094e-02 -5.444952315552017280e-02 -4.147389463339899024e-02 -3.694459289841092731e-02 -3.938797115081844186e-02 -4.728034637107270122e-02 -5.850705556213603442e-02 -6.986881675971065575e-02 -7.733410013907354719e-02 -7.714793236159862844e-02 -6.813439282923265672e-02 -5.570443417585077550e-02 -5.818629819823725735e-02 -1.173163460903276639e-01 -3.119209479716792965e-01 -7.991158105748963347e-01 -1.787523516592438133e+00 -4.054111752227432142e+00 -6.865905183677971202e+00 -2.109334573033116556e+01 -1.421490374135951251e+00 -2.334386393630632313e+02 7.557540615403177071e+02 -5.647667133972067859e+03 2.387778432807084027e+04 -5.334364057190152380e+03 7.128230841418105683e+02 -1.929109742905451697e+02 5.631361412648094422e+00 -1.309900505972379392e+01 -3.116013497324052306e+00 -1.828141800316491983e+00 -6.797718150951531646e-01 -2.732486292028889485e-01 -9.213591699987755401e-02 -3.025175868531235907e-02 -1.294085736245710952e-02 -1.078828647234423253e-02 -1.136443092173335112e-02 -1.093643059195789982e-02 -9.190662721550302630e-03 -6.853809615590866246e-03 -4.648634085431748927e-03 -2.973404497726782336e-03 -1.907957324263235025e-03 -1.335936827201063531e-03 -1.071894501447894377e-03 -9.486797085913058723e-04 -8.573374292884813983e-04 -7.500194693089852179e-04 -6.226923100430435329e-04 -4.923459256478005322e-04 -3.784059101750056830e-04 -2.923900008419653973e-04 -2.354269233981036999e-04 -2.009913455374005321e-04 -1.795829005588900904e-04 -1.628349801539058126e-04 -1.457600639584187346e-04 -1.269943228567689997e-04 -1.076871326135865354e-04 -8.990907226068858534e-05 -7.532664025476170061e-05 -6.452879971389784868e-05 -5.702421549388162457e-05 -5.168188763436276943e-05 -4.729552798340659544e-05 -4.301543931412228524e-05 -3.851955552408300125e-05 -3.393566364420330488e-05 -2.961810106704638434e-05 -2.590642611645987549e-05 -2.296505092559396693e-05 -2.074208495945347621e-05 -1.902979146810010433e-05 -1.757411334557205178e-05 -1.617595792885594507e-05 -1.474591005047144198e-05 -1.330216380352157110e-05 -1.192697749328954370e-05 -1.070926310176281075e-05 -9.699864267895736658e-06 -8.893433690874172175e-06 -8.241618078876655106e-06 -7.668314748647206492e-06 -7.142080685461011985e-06 -6.589771610816165508e-06 -5.909586658363415906e-06 -5.376051771820599312e-06 -4.874997501584059768e-06 -4.454590711663272073e-06 -4.105906627578855061e-06 -3.814248048925052370e-06 -3.555936033841798568e-06 -3.310380626693240479e-06 -3.066546501590299597e-06 -2.824619340356615573e-06 -2.593762520121271867e-06 -2.381383188754142421e-06 -2.217119626449365970e-06 -1.990286139731207584e-06 -2.386021332334898604e-06
-4.327442628187139206e-01 -1.144467020250116152e-01 -7.708487957708065608e-02 -5.200868994001017070e-02 -3.923597464374556365e-02 -3.225626774871193092e-02 -3.048226831548318111e-02 -3.370158758104475211e-02 -4.144375252794792186e-02 -5.224667731160579504e-02 -6.338302585724728266e-02 -7.111228014785248019e-02 -7.176413632870735915e-02 -6.399503161443063914e-02 -5.274545118816053452e-02 -5.552852719906205964e-02 -1.128900871913376125e-01 -3.021137936655607370e-01 -7.782957048704980396e-01 -1.748221759762963456e+00 -3.984398237290831979e+00 -6.758747214342655241e+00 -2.090703696047731341e+01 -1.224130980651551903e+00 -2.329674194578223876e+02 7.564253528413929644e+02 -5.653040780266607726e+03 2.392729832551430445e+04 -5.350928877802357420e+03 7.151248850667205943e+02 -1.939144116573213523e+02 5.571991448812801728e+00 -1.321854909560238056e+01 -3.159246480475056185e+00 -1.852249588185476359e+00 -6.901349925356886628e-01 -2.776338476438775515e-01 -9.373131855621345820e-02 -3.079612336361239183e-02 -1.317985970906416539e-02 -1.099641971582619553e-02 -1.159688760239359871e-02 -1.117173807932814525e-02 -9.396981354405453332e-03 -7.013255149561851975e-03 -4.759980496643964262e-03 -3.046225297764324109e-03 -1.955433777428027247e-03 -1.369672611200177005e-03 -1.099537195713763162e-03 -9.738247821228624389e-04 -8.807093600065283049e-04 -7.709782619166043616e-04 -6.404409797356291466e-04 -5.065816046665360057e-04 -3.894478815690205421e-04 -3.009754171082445204e-04 -2.423944970444015382e-04 -2.070215723336501135e-04 -1.850746313159627743e-04 -1.679179752893119422e-04 -1.503933581678946433e-04 -1.310859560674910139e-04 -1.111851498204892262e-04 -9.284045761493049925e-05 -7.778763103975052968e-05 -6.664672231708107845e-05 -5.891511834773114530e-05 -5.342235039758914261e-05 -4.891592783682188126e-05 -4.451160351742135566e-05 -3.987338927023899749e-05 -3.513441988186454689e-05 -3.066524752738234480e-05 -2.682215074625907125e-05 -2.377902727652488085e-05 -2.148346175254156192e-05 -1.971923108942181101e-05 -1.822069409786980878e-05 -1.677911889566899216e-05 -1.530055777793952400e-05 -1.380415707585501723e-05 -1.237688156245509795e-05 -1.111250308815430748e-05 -1.006737971343793716e-05 -9.229024010459382945e-06 -8.573457136798820358e-06 -7.980874342748557317e-06 -7.277270071372626034e-06 -6.701986867531435524e-06 -6.104346811709515266e-06 -5.542323694043637490e-06 -5.035810869539103081e-06 -4.604336497439842028e-06 -4.247253640280541065e-06 -3.948200443819046736e-06 -3.683166600559475552e-06 -3.430888052907328048e-06 -3.179941246252032693e-06 -2.931658459877137348e-06 -2.691379188086052693e-06 -2.495142398250740709e-06 -2.226730838974480969e-06 -2.653615622300159692e-06
-3.385330768447579186e-01 -9.416934144552809027e-02 -6.700444141330957892e-02 -4.848264688615900458e-02 -3.817204624700405724e-02 -3.100095644295608119e-02 -2.680712926643520275e-02 -2.607752083640342902e-02 -2.941772719671852110e-02 -3.683215054857545689e-02 -4.722274704312878074e-02 -5.814645930583464684e-02 -6.606010082189538168e-02 -6.736023319955508626e-02 -6.057882763027949702e-02 -5.027454193727513843e-02 -5.326565096462947124e-02 -1.090495926022181927e-01 -2.935223203623719135e-01 -7.599448292707748909e-01 -1.713411241696900955e+00 -3.922442423649706633e+00 -6.663158459097792807e+00 -2.074180874083990744e+01 -1.044045708078566337e+00 -2.325854290009581007e+02 7.572141123519262464e+02 -5.659291561848092897e+03 2.397871781489252317e+04 -5.367575920721718830e+03 7.174334591346473644e+02 -1.948982408348175284e+02 5.516792255670733169e+00 -1.333424221497248574e+01 -3.200888558960682584e+00 -1.875518557733751646e+00 -7.001371630625404796e-01 -2.818701708670027783e-01 -9.527383519278083412e-02 -3.132326766732762557e-02 -1.341192255930209569e-02 -1.119881847177514947e-02 -1.182296107992621657e-02 -1.140057451184297264e-02 -9.597623911669248345e-03 -7.168320029497243784e-03 -4.868296629237260642e-03 -3.117132683983608356e-03 -2.001770223202496354e-03 -1.402714932672686479e-03 -1.126687788456042991e-03 -9.985332173442988245e-04 -9.036416405035887014e-04 -7.914968604084005998e-04 -6.577818107100496256e-04 -5.204781323754862233e-04 -4.002406888367293592e-04 -3.094003594479807513e-04 -2.492691435399018492e-04 -2.129951668680402760e-04 -1.905165136273372800e-04 -1.729393520352200857e-04 -1.549492612625030157e-04 -1.350925448445936905e-04 -1.146042165195398894e-04 -9.571102021540220676e-05 -8.021107781988777636e-05 -6.874731346907902009e-05 -6.079997095122356162e-05 -5.515767474964040543e-05 -5.052461140125357885e-05 -4.598729388720709669e-05 -4.120096226838280620e-05 -3.630698456097222754e-05 -3.169192857633583763e-05 -2.772611266568936460e-05 -2.458930704216143867e-05 -2.222572251286721436e-05 -2.040966967457082939e-05 -1.886496086737167238e-05 -1.737551184595221453e-05 -1.584537038206816357e-05 -1.429566813478353683e-05 -1.282024986668461177e-05 -1.150894685182326251e-05 -1.044861052485366337e-05 -9.582702030990808867e-06 -8.734510448180072187e-06 -8.119029642226561257e-06 -7.507297094602696914e-06 -6.902948340708426199e-06 -6.298645244879849905e-06 -5.721622431198803862e-06 -5.201860817894981544e-06 -4.758544506352881264e-06 -4.391746338125076252e-06 -4.084636144208528144e-06 -3.812486327565211088e-06 -3.553208586470782756e-06 -3.296153481792237975e-06 -3.037999208000957205e-06 -2.815721623037755410e-06 -2.503451413863688240e-06 -2.960587903819554702e-06
-2.533025782737171605e-01 -7.388754575287925785e-02 -5.570070840812313406e-02 -4.335001788575625764e-02 -3.624300125168059689e-02 -3.042359250128723672e-02 -2.574773027471274900e-02 -2.280942894165226623e-02 -2.260581176292186453e-02 -2.598945234867801671e-02 -3.316341550100430219e-02 -4.322799023546110286e-02 -5.394387063839718721e-02 -6.194289219951402969e-02 -6.370759721360973182e-02 -5.769421555552577130e-02 -4.815120653146377772e-02 -5.129346129301307761e-02 -1.056812410656049334e-01 -2.859516516216513704e-01 -7.436941741908467129e-01 -1.682448873367464959e+00 -3.867188111752098312e+00 -6.577629603919557866e+00 -2.059515538974259385e+01 -8.790199572126017324e-01 -2.322845548891392298e+02 7.581147316378230698e+02 -5.666376841567998781e+03 2.403205818394053495e+04 -5.384343705080233121e+03 7.197544331277659921e+02 -1.958659487749056609e+02 5.465463039691883296e+00 -1.344652259553119400e+01 -3.241092948044140165e+00 -1.898029304505872705e+00 -7.098112602163504370e-01 -2.859712300588456713e-01 -9.676855257992264536e-02 -3.183502226480842273e-02 -1.363768385420888532e-02 -1.139571232060667544e-02 -1.204276915716623493e-02 -1.162308381237526014e-02 -9.792825574013929932e-03 -7.319332405211211381e-03 -4.973950156605991615e-03 -3.186453599513095099e-03 -2.047184205895700732e-03 -1.435144495358534099e-03 -1.153311966068719342e-03 -1.022712438715878570e-03 -9.260479604625218445e-04 -8.115412082373879869e-04 -6.747459999197949997e-04 -5.341134468531564877e-04 -4.108730339804255913e-04 -3.177294341328299929e-04 -2.560722519080080545e-04 -2.188922352288066658e-04 -1.958658567963994090e-04 -1.778579946116544993e-04 -1.594072318539003098e-04 -1.390207315568080585e-04 -1.179718037602232129e-04 -9.855473093307054477e-05 -8.262264342682628705e-05 -7.083905127214510289e-05 -6.266992647928718854e-05 -5.686890597337812379e-05 -5.210280865793413655e-05 -4.743240262364631235e-05 -4.250416605054509097e-05 -3.746484604765822068e-05 -3.271303314078084025e-05 -2.862987276103265045e-05 -2.539984202024955778e-05 -2.296485584688745871e-05 -2.109224711890667452e-05 -1.949806338629257502e-05 -1.796004142009339968e-05 -1.638259017904637730e-05 -1.477938566318651632e-05 -1.327793670381833823e-05 -1.192449277856595839e-05 -1.064613503458920909e-05 -9.748918448266810253e-06 -8.997846380300752347e-06 -8.352866131252144091e-06 -7.736809269605882496e-06 -7.117927003670434922e-06 -6.498549835176961439e-06 -5.905690610761737239e-06 -5.371249379328373500e-06 -4.915354312781200544e-06 -4.538320447230474677e-06 -4.222902069332897113e-06 -3.943445947118273043e-06 -3.678372612612037607e-06 -3.411356049073055940e-06 -3.173926939702380690e-06 -2.822472194526770014e-06 -3.318381929582620021e-06
-1.956197496194641006e-01 -5.822419814701101926e-02 -4.557292429205524881e-02 -3.726963848034748478e-02 -3.281249620216272755e-02 -2.888210322477387931e-02 -2.509444879171313439e-02 -2.173828970094730459e-02 -1.964878282557705122e-02 -1.987964820718366235e-02 -2.333360380854486091e-02 -3.030751335830417920e-02 -4.005266405732418183e-02 -5.051610033738785505e-02 -5.850409461039961234e-02 -6.059697339645079422e-02 -5.520090951557064113e-02 -4.629810657426874226e-02 -4.956654527947063071e-02 -1.027213665338607279e-01 -2.792566566050799781e-01 -7.292430695816756181e-01 -1.654800890149012993e+00 -3.817756600448899640e+00 -6.500903724502811620e+00 -2.046497839610569969e+01 -7.271984421916608543e-01 -2.320578953699682074e+02 7.591223978589223407e+02 -5.674260210797236141e+03 2.408733473829495051e+04 -5.401266289432092890e+03 7.220927766338770653e+02 -1.968206213403703373e+02 5.417733386737645596e+00 -1.355578272170751042e+01 -3.279998902145556894e+00 -1.919855735983986067e+00 -7.191877486970773559e-01 -2.899493674532783727e-01 -9.821958888380147301e-02 -3.233240768512830182e-02 -1.385725074286971864e-02 -1.158717270628375692e-02 -1.225660286311009914e-02 -1.183975677039742803e-02 -9.983150127312725997e-03 -7.466789627641255526e-03 -5.077275478825679644e-03 -3.254331134429794617e-03 -2.091663966266164420e-03 -1.466870618642504521e-03 -1.179320706406960682e-03 -1.046330389877915589e-03 -9.479686360884247587e-04 -8.312030177407658642e-04 -6.914362363382065176e-04 -5.475625016923828681e-04 -4.213712582338133218e-04 -3.259428877947758091e-04 -2.627586268535822057e-04 -2.246690542708917762e-04 -2.011012450093032896e-04 -1.826819717396050368e-04 -1.637978364988972263e-04 -1.429079582707205116e-04 -1.213161599003537291e-04 -1.013810757724241531e-04 -8.501298110286728820e-05 -7.290163981928235231e-05 -6.450490974745269547e-05 -5.854534970591823814e-05 -5.365277936673639071e-05 -4.885951142143749439e-05 -4.379919293670496146e-05 -3.862054873780861649e-05 -3.373286278257419356e-05 -2.952913897419159550e-05 -2.620112873939445215e-05 -2.369139100294462898e-05 -2.176155483793850627e-05 -2.012248557097059642e-05 -1.853567768670271547e-05 -1.693463932471736021e-05 -1.528311474216744714e-05 -1.353818869534247448e-05 -1.213875397811111745e-05 -1.095373249493860755e-05 -1.001810405142316944e-05 -9.260617553553021400e-06 -8.601763139982985729e-06 -7.972305642542268611e-06 -7.337978646236781839e-06 -6.701980273144897129e-06 -6.092480745208596727e-06 -5.542779389096236693e-06 -5.073935740724777588e-06 -4.686519252941001829e-06 -4.362675972984504111e-06 -4.077329981564699217e-06 -3.802203898027587597e-06 -3.559507360607440772e-06 -3.178175456185550854e-06 -3.731734388740125115e-06
-1.696396280342914176e-01 -4.909820369766386416e-02 -3.817237136953401111e-02 -3.133284361933012796e-02 -2.830414894562997136e-02 -2.596348684101956392e-02 -2.360809381658414072e-02 -2.105723877625302956e-02 -1.868171182483609194e-02 -1.727030429879262280e-02 -1.783943808152933103e-02 -2.130466032655849162e-02 -2.804297185389658872e-02 -3.744517389347289116e-02 -4.762939452278674296e-02 -5.556026607355250835e-02 -5.790699729921666011e-02 -5.303289810961540202e-02 -4.468435287219297419e-02 -4.805979253078120073e-02 -1.001142689911241335e-01 -2.733076630035990995e-01 -7.163343346197954542e-01 -1.630021793678875897e+00 -3.773419085542029094e+00 -6.431935428744466776e+00 -2.034951419937513961e+01 -5.870175952822014320e-01 -2.318995441391168129e+02 7.602329748097499760e+02 -5.682910488216087288e+03 2.414456281225463317e+04 -5.418373979880715524e+03 7.244529046483665979e+02 -1.977650044676042285e+02 5.373358013118098242e+00 -1.366237598899116712e+01 -3.317732848006289981e+00 -1.941064703356765841e+00 -7.282937636182736929e-01 -2.938151319576347564e-01 -9.963019660217499462e-02 -3.281621173437204025e-02 -1.407092239399291601e-02 -1.177365552818063731e-02 -1.246510723083469122e-02 -1.205125679792627344e-02 -1.016911183597803484e-02 -7.610978286665660841e-03 -5.178351052526313468e-03 -3.320719230493440494e-03 -2.135137781828301377e-03 -1.497868688849442404e-03 -1.204762632986948944e-03 -1.069491106139552113e-03 -9.695206745359170051e-04 -8.505697880736443409e-04 -7.078868741381450251e-04 -5.608085267919850217e-04 -4.316896609497777849e-04 -3.339954593883978900e-04 -2.693063869858405889e-04 -2.303352370952670267e-04 -2.062564476945921038e-04 -1.874524102253214656e-04 -1.681522082667587367e-04 -1.467650204748846814e-04 -1.246276683760823289e-04 -1.041685504948300280e-04 -8.736076849242954071e-05 -7.492382726047537372e-05 -6.630758903989535189e-05 -6.020074856971582985e-05 -5.519210478464847664e-05 -5.028222857568424961e-05 -4.509074845018149407e-05 -3.976954023388142489e-05 -3.474126497967953373e-05 -3.041380635720828472e-05 -2.698743995447736070e-05 -2.440807243705065172e-05 -2.242086410026568430e-05 -2.076230392573527540e-05 -1.913223698567984493e-05 -1.727470541614567370e-05 -1.557088276704093893e-05 -1.391657602850397248e-05 -1.246355736448058056e-05 -1.126066828992897754e-05 -1.030343908786071710e-05 -9.529777414046127114e-06 -8.856056913366282124e-06 -8.211519663276397791e-06 -7.560870366997769419e-06 -6.907609931815318624e-06 -6.281049502899583591e-06 -5.715822611515407208e-06 -5.233975414932022705e-06 -4.836124966232854748e-06 -4.505506337865914909e-06 -4.209535526594687866e-06 -3.962889358413221991e-06 -3.559693399292487963e-06 -4.195807818324239879e-06
-1.673031251588678880e-01 -4.568883370492511642e-02 -3.378276788100598171e-02 -2.644572924731234884e-02 -2.362707293590354460e-02 -2.214631061671517090e-02 -2.105360353298260309e-02 -1.975645639648871202e-02 -1.812223509541007957e-02 -1.646641845774029361e-02 -1.552275336170687650e-02 -1.628119799342741744e-02 -1.967704730848087932e-02 -2.615826561844851461e-02 -3.523113224469251459e-02 -4.515382246667438981e-02 -5.302173980842300738e-02 -5.557865399215701496e-02 -5.115104025531082288e-02 -4.327961361119082861e-02 -4.673816647847407746e-02 -9.780037768758405303e-02 -2.679907690224945238e-01 -7.047561430386476422e-01 -1.607747628655185279e+00 -3.733573708745031805e+00 -6.369850776166955164e+00 -2.024726813513735024e+01 -4.571460429474531462e-01 -2.318044166924374565e+02 7.614429034311785927e+02 -5.692300913120418954e+03 2.420375785306907346e+04 -5.435693913291174795e+03 7.268387616450188489e+02 -1.987015532705811438e+02 5.332114563719843048e+00 -1.376662048468222643e+01 -3.354408675153894848e+00 -1.961716129952570276e+00 -7.371534871240428277e-01 -2.975780158160359345e-01 -1.010035845980512548e-01 -3.328758664911436044e-02 -1.427938342297674010e-02 -1.195580691797894744e-02 -1.266886748586136882e-02 -1.225800712703559864e-02 -1.035093584428777372e-02 -7.751971551871254286e-03 -5.277185744035979738e-03 -3.385641510755480008e-03 -2.177682358284857740e-03 -1.528260949743284053e-03 -1.229768603041830454e-03 -1.092293084437701662e-03 -9.907462847485782632e-04 -8.696293050071236342e-04 -7.240542768639590763e-04 -5.738073619959843663e-04 -4.418079734112232153e-04 -3.418996162659930439e-04 -2.757531562334026264e-04 -2.359358379359242030e-04 -2.113655565161309553e-04 -1.921814760771343479e-04 -1.724605725521515085e-04 -1.505693683847574330e-04 -1.278839468666991919e-04 -1.069055294435104162e-04 -8.966924377457945953e-05 -7.692064669327945475e-05 -6.809702877276793632e-05 -6.184983415437320304e-05 -5.672592352005939977e-05 -5.169574929642855259e-05 -4.636803021402027825e-05 -4.090108491659138438e-05 -3.573220907857596119e-05 -3.128691572259785904e-05 -2.776237635047732204e-05 -2.514072186578258954e-05 -2.310210870715356601e-05 -2.117488054371499380e-05 -1.949737562850186107e-05 -1.774128441157798666e-05 -1.597701800371295426e-05 -1.429406917506340186e-05 -1.280556401517724108e-05 -1.157437463202620463e-05 -1.059450440102903559e-05 -9.802866662894473747e-06 -9.113325536643434118e-06 -8.453001355912146216e-06 -7.785551880324067587e-06 -7.114712730934368030e-06 -6.470910196071909169e-06 -5.890183929431495092e-06 -5.395342193218961291e-06 -4.988960215934693445e-06 -4.646283199289704355e-06 -4.382994038314464348e-06 -3.957236751278658597e-06 -4.698035879906604755e-06
-1.746568653846842234e-01 -4.546885988588873079e-02 -3.164175673087871871e-02 -2.300394703718743050e-02 -1.963850885635993332e-02 -1.827623392846610892e-02 -1.787933888282618872e-02 -1.763636344075750206e-02 -1.706208390663630295e-02 -1.602548121360887826e-02 -1.482070456843696295e-02 -1.415410511028761427e-02 -1.499929056166275816e-02 -1.830044309164436181e-02 -2.455029319246028116e-02 -3.333778372892067660e-02 -4.303058733880772008e-02 -5.083381833727786125e-02 -5.355926445831907245e-02 -4.950742014115029621e-02 -4.204295334591844763e-02 -4.556375485421750721e-02 -9.573030484215934444e-02 -2.632179858223281932e-01 -6.943409099475829072e-01 -1.587680925032601165e+00 -3.697716794449831923e+00 -6.313908658208783997e+00 -2.015696059912186300e+01 -3.364404500383463281e-01 -2.317681160666496396e+02 7.627491154212982565e+02 -5.702408489740013465e+03 2.426493548906546130e+04 -5.453250536886042937e+03 7.292538934589553037e+02 -1.996324711004704113e+02 5.293802414835208303e+00 -1.386880269166058532e+01 -3.390129219499570468e+00 -1.981864405574716770e+00 -7.457892720147248911e-01 -3.012471905589151899e-01 -1.023431508056721340e-01 -3.374783874640275433e-02 -1.448325103961481050e-02 -1.213401394574177734e-02 -1.286815091788828108e-02 -1.246019134439196180e-02 -1.052876338416563508e-02 -7.889911422740737701e-03 -5.373944678471271642e-03 -3.449277740520253349e-03 -2.219461545136019488e-03 -1.558162393808162601e-03 -1.254387764657331414e-03 -1.114726605081561590e-03 -1.011603301892097283e-03 -8.883398610318453577e-04 -7.399223796444459340e-04 -5.865771491723924475e-04 -4.517699560413802082e-04 -3.497057570377237008e-04 -2.821365972713103147e-04 -2.414844791988737588e-04 -2.164185173175491364e-04 -1.968454854858380713e-04 -1.766995464913965932e-04 -1.543092115315422173e-04 -1.310890949808306868e-04 -1.096086247896975295e-04 -9.195917437312534613e-05 -7.890807621037619613e-05 -6.987883667418479279e-05 -6.348753185003575667e-05 -5.824275260764311281e-05 -5.308869518649020564e-05 -4.762472361235245508e-05 -4.201857494970297636e-05 -3.670967629206055120e-05 -3.217614646983669833e-05 -2.856010917914817221e-05 -2.563007153225640631e-05 -2.353574580301437844e-05 -2.172282422533810663e-05 -1.998908116918771219e-05 -1.820662585046060620e-05 -1.640133020154628264e-05 -1.467860808999048514e-05 -1.315356379728493808e-05 -1.189219237542378690e-05 -1.088868311901323647e-05 -1.007831200611480966e-05 -9.372420266002907729e-06 -8.695935361049045629e-06 -8.011447713860327802e-06 -7.322914130422109577e-06 -6.661967281121961860e-06 -6.065805552548529467e-06 -5.560138639123803616e-06 -5.139337384433393038e-06 -4.833079711467656347e-06 -4.370098532765998217e-06 -5.225163044717351093e-06
-1.787114425795719996e-01 -4.562039968386166072e-02 -3.051336214052470172e-02 -2.087557513832396378e-02 -1.680906492125053969e-02 -1.509433148319197157e-02 -1.477369723256239525e-02 -1.504197445378030289e-02 -1.529093511962240429e-02 -1.511609224908254910e-02 -1.441901463283257016e-02 -1.348850394632854222e-02 -1.300362846356489799e-02 -1.390752740765361511e-02 -1.713108347455466127e-02 -2.318738692250154471e-02 -3.172585526919945859e-02 -4.120660142572381973e-02 -4.893451927089321335e-02 -5.178845949893150225e-02 -4.805302639150468846e-02 -4.094037970827822670e-02 -4.451184120644062492e-02 -9.387216952338436893e-02 -2.589235059496287072e-01 -6.849519155809921100e-01 -1.569570733351428826e+00 -3.665418348445014463e+00 -6.263473643793986412e+00 -2.007749004667057946e+01 -2.239156533498469492e-01 -2.317868271061275607e+02 7.641489619773101367e+02 -5.713213446551828383e+03 2.432811158814562441e+04 -5.471066004464260914e+03 7.317015077606874911e+02 -2.005597429018462492e+02 5.258240250838593255e+00 -1.396918204773146321e+01 -3.424988409257434974e+00 -2.001559690632295219e+00 -7.542220855039485361e-01 -3.048313489585674496e-01 -1.036520099872673822e-01 -3.419794490964607470e-02 -1.468279673797640190e-02 -1.230840773635646229e-02 -1.306313206641468785e-02 -1.265806100138425032e-02 -1.070289673426966411e-02 -8.025101594225522716e-03 -5.468881869025078550e-03 -3.511796470864213260e-03 -2.260549136487492901e-03 -1.587570463646650757e-03 -1.278578113765383448e-03 -1.136750269314947687e-03 -1.032079391407796131e-03 -9.067268237956134904e-04 -7.555438327082782124e-04 -5.991764944130961680e-04 -4.616190277083302858e-04 -3.574301829486655467e-04 -2.884467755876042681e-04 -2.469562748319741258e-04 -2.213907741778198528e-04 -2.014324431760106246e-04 -1.808742559014636241e-04 -1.580030545379767669e-04 -1.342659314926745008e-04 -1.122953410747353712e-04 -9.423679621471712055e-05 -8.088081526170192272e-05 -7.164082331155402202e-05 -6.510178175750559867e-05 -5.973598263960630420e-05 -5.446484989916463497e-05 -4.886524598867107678e-05 -4.315168235710907665e-05 -3.771022320152425580e-05 -3.280477361710304923e-05 -2.909303595186215125e-05 -2.626409078295660984e-05 -2.410463391071877265e-05 -2.226921191028309997e-05 -2.049996131082061385e-05 -1.867920868577343328e-05 -1.683178393543536752e-05 -1.506732953229398789e-05 -1.350474019099270647e-05 -1.221242413861450489e-05 -1.118473050255188489e-05 -1.035521969963025855e-05 -9.632687381489188607e-06 -8.939863968909373199e-06 -8.238273884837442091e-06 -7.532205505771550056e-06 -6.854226400982658596e-06 -6.245072537157205445e-06 -5.722048498198457252e-06 -5.340737263736073883e-06 -4.812398485482462539e-06 -5.773220823950766416e-06
-1.721199764661517917e-01 -4.418754030285868689e-02 -2.928631297870034136e-02 -1.959267074509586648e-02 -1.514104788660900272e-02 -1.296158233411839021e-02 -1.229352652260015839e-02 -1.250753076370486258e-02 -1.307955775960972095e-02 -1.354378153609148497e-02 -1.357324747947416359e-02 -1.309105581553150766e-02 -1.236612677232182614e-02 -1.203443132120331042e-02 -1.299475186404350398e-02 -1.615366484285363571e-02 -2.203571195841126651e-02 -3.034264996082534568e-02 -3.961908851571391277e-02 -4.726292770150950645e-02 -5.021718077350264403e-02 -4.675538719756427292e-02 -3.995395456748360163e-02 -4.356992617688905389e-02 -9.220300986030779966e-02 -2.550514989610573324e-01 -6.764706447036205050e-01 -1.553200605763157549e+00 -3.636309115061560515e+00 -6.218000282754474028e+00 -2.000790655217306835e+01 -1.187207041180654704e-01 -2.318572279923396025e+02 7.656401577232287536e+02 -5.724698787075435575e+03 2.439330230705721624e+04 -5.489160508030074197e+03 7.341845230769109776e+02 -2.014851649001761587e+02 5.225263010757886128e+00 -1.406799495454358429e+01 -3.459072536806800713e+00 -2.020848176184839140e+00 -7.624711633383822740e-01 -3.083382461838831134e-01 -1.049327141537569480e-01 -3.463856326573505617e-02 -1.487819279897093644e-02 -1.247919744327638698e-02 -1.325415776171358882e-02 -1.285203540130618743e-02 -1.087372561855222582e-02 -8.157826241574479137e-03 -5.562149096362839322e-03 -3.573236766981109733e-03 -2.300919667856631771e-03 -1.616448377361230952e-03 -1.302329925982744548e-03 -1.158394888518646986e-03 -1.052235890175176516e-03 -9.248586153599031977e-04 -7.709704123445440885e-04 -6.116269665764469078e-04 -4.713472780178326041e-04 -3.650478359471510904e-04 -2.946583005301616257e-04 -2.523390121322372968e-04 -2.262884232554111601e-04 -2.059628173424419011e-04 -1.850097917556258278e-04 -1.616702266400000772e-04 -1.374215997245825606e-04 -1.149603457113610789e-04 -9.648930736718951151e-05 -8.282614528546614887e-05 -7.337608073034795409e-05 -6.669677533013407928e-05 -6.121049317027546944e-05 -5.585600064993900750e-05 -5.012869520987574978e-05 -4.400537094125734814e-05 -3.842730525752509140e-05 -3.358745696590982301e-05 -2.977016908219839829e-05 -2.689621091449864964e-05 -2.469380643274106260e-05 -2.282308922115431737e-05 -2.101711631926545369e-05 -1.915596124625011727e-05 -1.726536045144477923e-05 -1.545841364048331236e-05 -1.385775587479012709e-05 -1.253410360922002004e-05 -1.148192841173651798e-05 -1.063306148855319293e-05 -9.893762941695707303e-06 -9.184579406854072805e-06 -8.466100262678915149e-06 -7.742650317119683726e-06 -7.050360825316708966e-06 -6.421008474033282518e-06 -5.940180517487756988e-06 -5.312676430264707349e-06 -6.355819829752572707e-06
-1.545087055919403818e-01 -4.058853264461527444e-02 -2.736017323750076363e-02 -1.861345553651572171e-02 -1.428754390297173708e-02 -1.181547737373121049e-02 -1.066900704871404613e-02 -1.046457030709527745e-02 -1.088042596804806444e-02 -1.155651833973026649e-02 -1.212356619347744295e-02 -1.229449573199839323e-02 -1.198848035947880537e-02 -1.144042878027171257e-02 -1.123899107940361936e-02 -1.224042002976610810e-02 -1.533011891677172472e-02 -2.104450556785072632e-02 -2.913342676635117742e-02 -3.821765434344093909e-02 -4.577855251258323294e-02 -4.881692699567180549e-02 -4.559683091169330904e-02 -3.907273368408215042e-02 -4.272656576929717565e-02 -9.069966156804491753e-02 -2.515506408262901394e-01 -6.687939099283920497e-01 -1.538385538445830258e+00 -3.610073747322024129e+00 -6.177020509874716403e+00 -1.994738792983971720e+01 -2.011617144775710783e-02 -2.319764151136528199e+02 7.672207348216347782e+02 -5.736849917184063088e+03 2.446052413105298547e+04 -5.507552558029677130e+03 7.367056089181012339e+02 -2.024103698945561973e+02 5.194719874487610412e+00 -1.416545727814115985e+01 -3.492460568832114642e+00 -2.039771966084272581e+00 -7.705538582140185611e-01 -3.117747731275823941e-01 -1.061875402567649535e-01 -3.507039969313596045e-02 -1.506979859476626285e-02 -1.264677652215872271e-02 -1.344166638033509296e-02 -1.304250559804590905e-02 -1.104152151637776379e-02 -8.288223593209262038e-03 -5.653787245453714173e-03 -3.633598942788225563e-03 -2.340581753302519320e-03 -1.644836821989005072e-03 -1.325712449446275927e-03 -1.179737121663173172e-03 -1.072132663564345995e-03 -9.427634047895129977e-04 -7.861984920174610583e-04 -6.239056573192473289e-04 -4.809302693390901662e-04 -3.725473464575233514e-04 -3.007786928174621720e-04 -2.576552313240677286e-04 -2.311388361540732623e-04 -2.104578182433201536e-04 -1.891143494014586857e-04 -1.653055653478064963e-04 -1.405428911363335183e-04 -1.175904308587001488e-04 -9.870961855563369482e-05 -8.474874746495207091e-05 -7.508998676369104731e-05 -6.830651807392920834e-05 -6.270805407454496856e-05 -5.694788053931782676e-05 -5.108865574956882456e-05 -4.502240509637413967e-05 -3.929745948929805072e-05 -3.436750412956302372e-05 -3.046858723407653115e-05 -2.753607491465963193e-05 -2.528945413749096385e-05 -2.338116576726745476e-05 -2.153731859511435817e-05 -1.963494202365516930e-05 -1.770063455919014628e-05 -1.585082897903232290e-05 -1.421183805908919693e-05 -1.285664972079058309e-05 -1.177984822457626603e-05 -1.091155147752741598e-05 -1.015550579738479877e-05 -9.430225962021623786e-06 -8.695047729018522489e-06 -7.957228322132700262e-06 -7.242707966062687653e-06 -6.658694621335447233e-06 -5.905619976580409299e-06 -7.005649535544342450e-06
-1.307502723386670673e-01 -3.546664783739324200e-02 -2.472489435651454431e-02 -1.753663980674161765e-02 -1.376889932299921529e-02 -1.130189917720574901e-02 -9.798547053620982120e-03 -9.091741603144524314e-03 -9.075434224904742678e-03 -9.572164577760567880e-03 -1.030939052352279617e-02 -1.096234663402915858e-02 -1.125589981156170302e-02 -1.109596816274015067e-02 -1.068714774487783230e-02 -1.058071758051868164e-02 -1.160029868480446681e-02 -1.461545042993996589e-02 -2.017321165311877773e-02 -2.806421530593121438e-02 -3.697459279904761337e-02 -4.445862111031977093e-02 -4.756874559280138692e-02 -4.456160378048023424e-02 -3.828316437244235620e-02 -4.196730582548936078e-02 -8.933948560740820333e-02 -2.483768876730392816e-01 -6.618353146957833832e-01 -1.524969413815073338e+00 -3.586442482148886945e+00 -6.140129814142636810e+00 -1.989521754497837591e+01 7.254532004069665085e-02 -2.321418418261472993e+02 7.688890026787548777e+02 -5.749654335491499296e+03 2.452979390641063947e+04 -5.526259220082880347e+03 7.392672203276432583e+02 -2.033368477818036411e+02 5.166473362102096623e+00 -1.426176613673645299e+01 -3.525224584629556013e+00 -2.058369492031687287e+00 -7.784860854975688138e-01 -3.151474059689330365e-01 -1.074188154276571883e-01 -3.549432468410440578e-02 -1.525807185080620305e-02 -1.281151004862507263e-02 -1.362596619550591678e-02 -1.322969936326407608e-02 -1.120642991700988335e-02 -8.416384918007622021e-03 -5.743870443082037085e-03 -3.692964683967505865e-03 -2.379627840759390104e-03 -1.672825086648308066e-03 -1.348792842422496261e-03 -1.200810000279789284e-03 -1.091769833479322915e-03 -9.604215028051186522e-04 -8.012066860114452948e-04 -6.360043358019396584e-04 -4.903788073663882356e-04 -3.799544865546140371e-04 -3.068381179239450013e-04 -2.629281188407316355e-04 -2.359511928839363667e-04 -2.149124101548838977e-04 -1.931743788486312084e-04 -1.688955455088707563e-04 -1.436227614453401994e-04 -1.201909967285469741e-04 -1.009037646082892598e-04 -8.668501960305687677e-05 -7.682713027283094923e-05 -6.959651828511343754e-05 -6.388136704429077449e-05 -5.821282478840034244e-05 -5.221062924655366978e-05 -4.603548082999501698e-05 -4.018943199561812848e-05 -3.515520733563025704e-05 -3.117353536293942639e-05 -2.818016469198897356e-05 -2.588812911490757452e-05 -2.394137276323651066e-05 -2.205905501404478933e-05 -2.011505986614670082e-05 -1.813678872250082782e-05 -1.624395517686142050e-05 -1.456651574659217635e-05 -1.317971712569981816e-05 -1.207827181124736027e-05 -1.119060961567329452e-05 -1.041813508965474626e-05 -9.676986675410250986e-06 -8.928441250223857531e-06 -8.167545221022816287e-06 -7.502980277935103537e-06 -6.618058098810336561e-06 -7.766236795207043684e-06
-1.076398042303537000e-01 -3.009635988916942173e-02 -2.178831970395692791e-02 -1.620090087674026444e-02 -1.318008143372336252e-02 -1.098226110951635616e-02 -9.374678798317614276e-03 -8.312870996117426373e-03 -7.839212522768864572e-03 -7.946119838730879639e-03 -8.516362345969847800e-03 -9.314835907114635619e-03 -1.003919938433140563e-02 -1.042289807756889390e-02 -1.036625009295936463e-02 -1.005519172660097708e-02 -1.001394943948883190e-02 -1.103928647762609551e-02 -1.398504107335434704e-02 -1.940391000345087144e-02 -2.711896500050521575e-02 -3.587229041209841901e-02 -4.328319416594791913e-02 -4.645206771718485284e-02 -4.363121364411923220e-02 -3.757042631447540110e-02 -4.127932772804440015e-02 -8.810499863608256543e-02 -2.454954413332665619e-01 -6.555232021012235011e-01 -1.512818865168086724e+00 -3.565181358759033525e+00 -6.106974952343526830e+00 -1.985076703559372646e+01 1.598330763229913187e-01 -2.323512696034426597e+02 7.706435127778506740e+02 -5.763101373434206835e+03 2.460112886915826311e+04 -5.545296314734823682e+03 7.418716281072954644e+02 -2.042659627217003333e+02 5.140398349331325889e+00 -1.435710201102692629e+01 -3.557430785993357159e+00 -2.076676292113571076e+00 -7.862827902495970189e-01 -3.184623768095896090e-01 -1.086288339401224740e-01 -3.591114606199825865e-02 -1.544332968408999168e-02 -1.297358979673008533e-02 -1.380722832433694224e-02 -1.341378909180670695e-02 -1.136862625805000991e-02 -8.542483902437577811e-03 -5.832559252762071003e-03 -3.751465601735444726e-03 -2.418146883771129553e-03 -1.700455042781035247e-03 -1.371573938033151868e-03 -1.221595166179447172e-03 -1.111128455766866377e-03 -9.778288835546370371e-04 -8.160112291403833753e-04 -6.479543520941947934e-04 -4.997277253894729298e-04 -3.872955350377530999e-04 -3.128471634573307819e-04 -2.681527572592528794e-04 -2.407114557247791550e-04 -2.193126782359128702e-04 -1.971829665185115027e-04 -1.724465179848306553e-04 -1.466681686124238269e-04 -1.228011571431012036e-04 -1.031194280808825906e-04 -8.827926343727461199e-05 -7.821827449303907285e-05 -7.107020037873726642e-05 -6.522637935491971235e-05 -5.947238118310855154e-05 -5.335462888266609427e-05 -4.705560854393398332e-05 -4.108750591045492160e-05 -3.594683131067842146e-05 -3.188134467778714113e-05 -2.882628009368374208e-05 -2.648822520617866136e-05 -2.450255747661166043e-05 -2.258146695677380156e-05 -2.059566508322818103e-05 -1.857332534192630510e-05 -1.663741404567294752e-05 -1.492151630545761924e-05 -1.350314945536381831e-05 -1.237717809095263317e-05 -1.147053439912850048e-05 -1.068190408582755929e-05 -9.928592418690247498e-06 -9.157063578636993106e-06 -8.453032269807701245e-06 -7.455238567806002707e-06 -8.675504302392708116e-06
-9.062139620727840961e-02 -2.569003548064276859e-02 -1.908341290325257789e-02 -1.466692501113551692e-02 -1.231473048711012076e-02 -1.051767045979479058e-02 -9.054365932073144344e-03 -7.894616204327289596e-03 -7.127277531270313771e-03 -6.843287291753046182e-03 -7.064314629395560333e-03 -7.698012253940234896e-03 -8.535038280927963183e-03 -9.296740923515820626e-03 -9.732155467234101381e-03 -9.743814538969974501e-03 -9.504904082787491923e-03 -9.515603903910254888e-03 -1.054595941834437188e-02 -1.343183664494336342e-02 -1.872749452767939748e-02 -2.628308271040327368e-02 -3.489079254216480991e-02 -4.222984268819330450e-02 -4.544599043996320337e-02 -4.278951101510724414e-02 -3.692392289003498113e-02 -4.065477423941949581e-02 -8.698392592410628121e-02 -2.428777779102899437e-01 -6.497956278577166067e-01 -1.501817164383134617e+00 -3.546085234620297122e+00 -6.077246070750170759e+00 -1.981348427656943301e+01 2.422485461177228405e-01 -2.326027273711427483e+02 7.724830297520204567e+02 -5.777181974737619385e+03 2.467454667108172725e+04 -5.564678587319690450e+03 7.445209443686859458e+02 -2.051989684956088809e+02 5.116380518795127230e+00 -1.445163102574452374e+01 -3.589140460972329638e+00 -2.094725449088986391e+00 -7.939579584277254298e-01 -3.217254683766928580e-01 -1.098196125403722162e-01 -3.632145652394665192e-02 -1.562574215772832842e-02 -1.313315106219019139e-02 -1.398565496114928010e-02 -1.359503108502772839e-02 -1.152837298887685567e-02 -8.666742679212715433e-03 -5.920006847896822424e-03 -3.809180358770553314e-03 -2.456157952126169185e-03 -1.727713245050216525e-03 -1.394038156700890549e-03 -1.242091032026750247e-03 -1.130229726695422543e-03 -9.950236217310956879e-04 -8.306537526146557000e-04 -6.597873253804977228e-04 -5.089907493007464132e-04 -3.945666699753613794e-04 -3.187916330794002815e-04 -2.733148045694446296e-04 -2.454127226319480692e-04 -2.236659180350655091e-04 -2.011481208416072346e-04 -1.760006406588052446e-04 -1.497302735088369349e-04 -1.250431096404101697e-04 -1.049644399455957754e-04 -9.006765852812966748e-05 -7.979138270343423252e-05 -7.253737306256352103e-05 -6.659391461778261048e-05 -6.073832701658708847e-05 -5.450395552234748052e-05 -4.807886076883595178e-05 -4.198781304894043235e-05 -3.674006034122162024e-05 -3.259032218637192637e-05 -2.947320639069973797e-05 -2.708884069076348983e-05 -2.506404215457065911e-05 -2.310403816378505369e-05 -2.107636240980916616e-05 -1.900994682623917767e-05 -1.703099885442855923e-05 -1.527674212657937765e-05 -1.382698492287404405e-05 -1.267695194375350333e-05 -1.175165741391307194e-05 -1.095102463623602812e-05 -1.017485227925405735e-05 -9.469538073202676424e-06 -8.395167628436847493e-06 -9.747727351523437220e-06
-8.182396240378403407e-02 -2.289970080196638072e-02 -1.700238663249032875e-02 -1.312096772276657476e-02 -1.118333996584047231e-02 -9.766627775479352555e-03 -8.596476524068979649e-03 -7.576168048963176707e-03 -6.751498481011103218e-03 -6.224731921473652431e-03 -6.093891569396931232e-03 -6.393990088117652501e-03 -7.055768809762863122e-03 -7.898467013149319468e-03 -8.669926508346977034e-03 -9.135870448952877407e-03 -9.200690720013931373e-03 -9.024034517963106655e-03 -9.081652259207375136e-03 -1.011703742985502197e-02 -1.294822943210557735e-02 -1.813025629265982083e-02 -2.553790917319319342e-02 -3.400941952221311210e-02 -4.127922791396804875e-02 -4.453515558351850423e-02 -4.202623336462397302e-02 -3.633756113274840688e-02 -4.008835716927415527e-02 -8.596551957016962398e-02 -2.404979959535565870e-01 -6.445973613363320531e-01 -1.491861619548683571e+00 -3.528974457227844752e+00 -6.050671658049525448e+00 -1.978288354284802963e+01 3.202346908328077002e-01 -2.328944760525490381e+02 7.744065078874723440e+02 -5.791888508050574274e+03 2.475006540241405310e+04 -5.584419854091050183e+03 7.472171436692871112e+02 -2.061370222374955574e+02 5.094314914720479592e+00 -1.454550667373158390e+01 -3.620410398028034216e+00 -2.112547593192670270e+00 -8.015244441641807827e-01 -3.249418870809426818e-01 -1.109928962197558183e-01 -3.672576276464546707e-02 -1.580551349607355049e-02 -1.329042190280547986e-02 -1.416154023171803562e-02 -1.377372888902710611e-02 -1.168591901116406394e-02 -8.789321888835155763e-03 -6.006288392727941565e-03 -3.866126743842187175e-03 -2.493657637461359992e-03 -1.754604031476938346e-03 -1.416210767272788051e-03 -1.262340834719967225e-03 -1.149121684525986802e-03 -1.012043747149783679e-03 -8.451530735637830666e-04 -6.715025812968454392e-04 -5.181551099959845041e-04 -4.017540401915918515e-04 -3.246649837242670915e-04 -2.784225351765837251e-04 -2.500639826234692131e-04 -2.280174309508353292e-04 -2.051247333736206714e-04 -1.791570435067121143e-04 -1.523930181769791168e-04 -1.274876804723273785e-04 -1.070005520437018336e-04 -9.184771742354643626e-05 -8.138761860284253284e-05 -7.401060641273543377e-05 -6.796623454333641898e-05 -6.200654451532114050e-05 -5.565455990699763703e-05 -4.910283628466330993e-05 -4.288860196128071463e-05 -3.753363727449456262e-05 -3.329953226282130239e-05 -3.012023996129424279e-05 -2.768944157082698387e-05 -2.562541997837335662e-05 -2.362645995690828177e-05 -2.155692529688657126e-05 -1.944650735698099891e-05 -1.742466930946007331e-05 -1.563229209623671982e-05 -1.415170193505545048e-05 -1.297800778508951852e-05 -1.203874570202191148e-05 -1.121413156813378301e-05 -1.051521868284391961e-05 -9.396885125673330117e-06 -1.096346562388684737e-05
-7.989582736367313587e-02 -2.166103819327212104e-02 -1.565667601143936466e-02 -1.175826945812592610e-02 -9.945628420597790731e-03 -8.782660848030077877e-03 -7.922638949961717872e-03 -7.172657843878306461e-03 -6.487899470085592077e-03 -5.916107604241359515e-03 -5.559298764514270311e-03 -5.522390804980626712e-03 -5.857353863657927331e-03 -6.519067878514331511e-03 -7.352566908599830406e-03 -8.126865816230776154e-03 -8.618883897409673409e-03 -8.731281486130703859e-03 -8.609460537352311288e-03 -8.706590877265140901e-03 -9.742675729120161068e-03 -1.252045575372145308e-02 -1.759623928656943448e-02 -2.486727888256159980e-02 -3.321337586561434740e-02 -4.041888711820684765e-02 -4.370982827474768906e-02 -4.133423375629339397e-02 -3.580588400822231482e-02 -3.957407656134501184e-02 -8.503878114347399042e-02 -2.383324572137405228e-01 -6.398800419220843638e-01 -1.482862991056433266e+00 -3.513692252432447649e+00 -6.027013377167381059e+00 -1.975853588114927817e+01 3.941849758498849887e-01 -2.332249781750176396e+02 7.764130708186658012e+02 -5.807214608222971037e+03 2.482770361130257152e+04 -5.604533128423276139e+03 7.499620810876069754e+02 -2.070811960359669683e+02 5.074105136297515806e+00 -1.463887091228665049e+01 -3.651293055884203387e+00 -2.130170965302937258e+00 -8.089940579471169846e-01 -3.281164352539890916e-01 -1.121503636451468139e-01 -3.712464778756985329e-02 -1.598294679453427999e-02 -1.344568301867288436e-02 -1.433516215494283486e-02 -1.395011585707234790e-02 -1.184142475957523748e-02 -8.910312956323364342e-03 -6.091452335292455063e-03 -3.922340115330727461e-03 -2.530687652357165463e-03 -1.781179291004666466e-03 -1.438145439961005176e-03 -1.282387483286160940e-03 -1.167827747376788466e-03 -1.028892624250557497e-03 -8.594996276540155722e-04 -6.830887036579132848e-04 -5.272161853514401985e-04 -4.088678649924016402e-04 -3.304775739913241709e-04 -2.835245405221145393e-04 -2.547239252174945175e-04 -2.319420192788504442e-04 -2.086716947135148863e-04 -1.825231768873558375e-04 -1.552539004228809763e-04 -1.299196302696780693e-04 -1.090588881855590207e-04 -9.363289572002698633e-05 -8.298815597385880043e-05 -7.548556927601498591e-05 -6.933909264383313780e-05 -6.327455370186722480e-05 -5.680465705270267202e-05 -5.012626894610005792e-05 -4.378893419345824227e-05 -3.832685448887594964e-05 -3.400843476514052547e-05 -3.076696761629785383e-05 -2.828971355314465109e-05 -2.618645653342889228e-05 -2.414856855843556128e-05 -2.203726426106414809e-05 -1.988302258770365222e-05 -1.781858587064614357e-05 -1.598874299228919739e-05 -1.447779654991369421e-05 -1.328572455673349861e-05 -1.231904370468271052e-05 -1.158297851529229920e-05 -1.042272477197607369e-05 -1.227575232385794042e-05
-8.126451854360791649e-02 -2.136793385063041201e-02 -1.488668663747086049e-02 -1.069590025931448259e-02 -8.804289444295282721e-03 -7.737665539070551560e-03 -7.099349436366108636e-03 -6.620333243488419478e-03 -6.167387238360374710e-03 -5.707739910028413605e-03 -5.294968439822814177e-03 -5.037361623486053333e-03 -5.049971219009069881e-03 -5.398909774552334943e-03 -6.055814478462194853e-03 -6.882524963109600859e-03 -7.661592673020784124e-03 -8.176792887560719800e-03 -8.328537214595694085e-03 -8.250538382288459538e-03 -8.377449962753028695e-03 -9.409570727330087564e-03 -1.213637587889956730e-02 -1.711492705889541485e-02 -2.426187441683133258e-02 -3.249381701589402344e-02 -3.964003348544603567e-02 -4.296146910790269585e-02 -4.070580643976275115e-02 -3.532230503047212311e-02 -3.910543640553346828e-02 -8.419385737188837815e-02 -2.363611639569129785e-01 -6.356024252069886193e-01 -1.474743912772204624e+00 -3.500100994169172530e+00 -6.006060487634413469e+00 -1.974006052301503900e+01 4.644506353857442704e-01 -2.335928729017631724e+02 7.785019932765601425e+02 -5.823155041274309951e+03 2.490748032134754976e+04 -5.625030729497470929e+03 7.527575083241381435e+02 -2.080324865733691126e+02 5.055662830914972261e+00 -1.473185519128621124e+01 -3.681836974069328861e+00 -2.147621779204967662e+00 -8.163778595432874541e-01 -3.312537141133544139e-01 -1.132937052146174711e-01 -3.751872927135547348e-02 -1.615832784522141033e-02 -1.359914181673428472e-02 -1.450670289501654678e-02 -1.412434767734565763e-02 -1.199501780912280713e-02 -9.029822407846247942e-03 -6.175592754478652878e-03 -3.977905063455874565e-03 -2.567319193039018562e-03 -1.807490130283314223e-03 -1.459869341788695360e-03 -1.302236765927147029e-03 -1.186340965361028232e-03 -1.045562078512750001e-03 -8.736924470159383943e-04 -6.945598094280782493e-04 -5.361872680045042579e-04 -4.159610834988820816e-04 -3.362924145528861848e-04 -2.881700060777751381e-04 -2.589249679322684649e-04 -2.360856066466796412e-04 -2.124241622291238633e-04 -1.858705476581321763e-04 -1.581336878677953286e-04 -1.323535269641660270e-04 -1.111195971930119790e-04 -9.541868975021438270e-05 -8.458854558250716133e-05 -7.695968531830966227e-05 -7.071066118618592633e-05 -6.454108931042731694e-05 -5.795333275084215828e-05 -5.114848221250819035e-05 -4.468829625943655532e-05 -3.911931649324799389e-05 -3.471672451369082004e-05 -3.141315730617227138e-05 -2.888948764735715387e-05 -2.674704373562285025e-05 -2.467032604909848948e-05 -2.251744860590468349e-05 -2.031971394026297047e-05 -1.821342508221234619e-05 -1.634666660664702719e-05 -1.481128985268354288e-05 -1.358577173994473702e-05 -1.271763439630827748e-05 -1.146692665514604551e-05 -1.363450193511823182e-05
-8.203925445559694107e-02 -2.122851054577921948e-02 -1.438277703784232413e-02 -9.939958518946544197e-03 -7.909387217566376735e-03 -6.818948627568146778e-03 -6.268381858718963077e-03 -5.963172207936201334e-03 -5.720362244588914763e-03 -5.440228670893020903e-03 -5.108888102183013584e-03 -4.789389820588530085e-03 -4.594764596777307572e-03 -4.643432793059467344e-03 -5.006338800778747065e-03 -5.662907951926819498e-03 -6.485272501095887265e-03 -7.266377251611586680e-03 -7.796890390818238779e-03 -7.977256454237571445e-03 -7.932790274241303605e-03 -8.082750966416392749e-03 -9.109780558155205696e-03 -1.179052625605122619e-02 -1.668146883697318311e-02 -2.371576569419202654e-02 -3.184296360900370354e-02 -3.893344611274100753e-02 -4.228070973368213553e-02 -4.013289956078933823e-02 -3.488079107106751425e-02 -3.867743050042382613e-02 -8.342328616241477535e-02 -2.345676729621854195e-01 -6.317288690649516258e-01 -1.467436192795718908e+00 -3.488078531151332484e+00 -5.987625483482180933e+00 -1.972711851324542209e+01 5.313458640633339503e-01 -2.339969553878677857e+02 7.806726853047962322e+02 -5.839705588294110385e+03 2.498941504825849188e+04 -5.645924376075173313e+03 7.556050878771046655e+02 -2.089918236029062371e+02 5.038906961245405824e+00 -1.482458168668880916e+01 -3.712087366331993099e+00 -2.164924595432182741e+00 -8.236863051264857738e-01 -3.343581043624733740e-01 -1.144245065167945191e-01 -3.790852657882485405e-02 -1.633184013596612749e-02 -1.375092476187146466e-02 -1.467630872515237640e-02 -1.429659294509424104e-02 -1.214687040800492904e-02 -9.148005707198498399e-03 -6.258832586034858425e-03 -4.032903780817082874e-03 -2.603594425400744018e-03 -1.833547796665090926e-03 -1.481377205080926501e-03 -1.321882146304474964e-03 -1.204663470874398415e-03 -1.062070970574072095e-03 -8.877494776245389461e-04 -7.059751953032059697e-04 -5.451373564133604223e-04 -4.225567777841273439e-04 -3.416143891747772695e-04 -2.930453254706495334e-04 -2.633417594864704029e-04 -2.402056811968042948e-04 -2.161920621610564192e-04 -1.892150528965103702e-04 -1.610116523736103943e-04 -1.347848638056709425e-04 -1.131781340996259276e-04 -9.720247309058321038e-05 -8.618691903988610903e-05 -7.843167619519600940e-05 -7.208004324791589680e-05 -6.580551700698583162e-05 -5.910012820108729214e-05 -5.216913457048015398e-05 -4.558642684980849017e-05 -3.991082091887833487e-05 -3.542424765166300970e-05 -3.205870090687696191e-05 -2.948870649098310950e-05 -2.730719073595086225e-05 -2.519185217785579445e-05 -2.299775872717950000e-05 -2.075735682371328503e-05 -1.860982835516431227e-05 -1.671273651292809440e-05 -1.513616006783998490e-05 -1.401709576777472557e-05 -1.257698451793907629e-05 -1.502170830911093936e-05
-7.963917171372911219e-02 -2.062311823869794614e-02 -1.384128296942179100e-02 -9.406024679341049369e-03 -7.306755103634203496e-03 -6.145827426602158521e-03 -5.565933918631364892e-03 -5.301700301241939715e-03 -5.171963417539744874e-03 -5.047636917089753407e-03 -4.860064010907609762e-03 -4.608835257346304351e-03 -4.358826082339340748e-03 -4.218823833641668734e-03 -4.302459355015030192e-03 -4.679601439295725911e-03 -5.334235567838548422e-03 -6.147843995372056537e-03 -6.924314839364400023e-03 -7.462470382068155453e-03 -7.664217395514719144e-03 -7.647796617994512443e-03 -7.818166266052114025e-03 -8.841043667936053507e-03 -1.148039741307821729e-02 -1.629141244560117913e-02 -2.322198918416651728e-02 -3.125192659181749710e-02 -3.828968632064826128e-02 -4.165913803072618382e-02 -3.960925700758489293e-02 -3.447732829341755567e-02 -3.828682191421372422e-02 -8.272113982752050954e-02 -2.329375087674109279e-01 -6.282274644627094951e-01 -1.460878897298947265e+00 -3.477516039026311123e+00 -5.971541432528968407e+00 -1.971940797584809602e+01 5.951521024543114935e-01 -2.344361587732301189e+02 7.829246792378040709e+02 -5.856862945066672182e+03 2.507352781553550813e+04 -5.667225268214373500e+03 7.585064050735990122e+02 -2.099600777176588053e+02 5.023762907567604685e+00 -1.491716444458959678e+01 -3.742086524830146477e+00 -2.182102438741934325e+00 -8.309291792952013811e-01 -3.374336470937818189e-01 -1.155441652630855576e-01 -3.829445475977012736e-02 -1.650362935282341514e-02 -1.390117417786304772e-02 -1.484417283127899799e-02 -1.446706929783613677e-02 -1.229718161945328285e-02 -9.265012285266022163e-03 -6.341261411609287399e-03 -4.087374649153997438e-03 -2.639520401250229891e-03 -1.859350255894414881e-03 -1.502673392750659195e-03 -1.341345762975961137e-03 -1.222817374297167654e-03 -1.078485891201768536e-03 -9.017475183768198198e-04 -7.168321789123024371e-04 -5.535437547418787857e-04 -4.293847737398982095e-04 -3.471600047456045745e-04 -2.978932025880786120e-04 -2.677726877313213244e-04 -2.443194674966796633e-04 -2.199537957643131947e-04 -1.925523376280934202e-04 -1.638833449047588902e-04 -1.372111367708777295e-04 -1.152327033094159792e-04 -9.898300397018881271e-05 -8.778240139747365731e-05 -7.990093741875574243e-05 -7.344682864912936357e-05 -6.706756097126650930e-05 -6.024485482786346406e-05 -5.318809132389862472e-05 -4.648322527963085556e-05 -4.070129303906204612e-05 -3.613095709096934550e-05 -3.270359020711094216e-05 -3.008742349280889720e-05 -2.786706489614648006e-05 -2.571348454614821638e-05 -2.347906931360323079e-05 -2.119666269254424370e-05 -1.901513620471349301e-05 -1.706919307205361660e-05 -1.560554939250583404e-05 -1.385356501880092107e-05 -1.648166942904035525e-05
-7.355537239065701449e-02 -1.931766372585770608e-02 -1.308460128554314074e-02 -8.970882018126537932e-03 -6.939967854634492526e-03 -5.733344762655398497e-03 -5.064779242653236202e-03 -4.733978237961440280e-03 -4.602896286957027135e-03 -4.554144897141787496e-03 -4.495322398333769995e-03 -4.373524595551328900e-03 -4.189794904263548746e-03 -4.002233844280272436e-03 -3.910621231433650431e-03 -4.022273599614148085e-03 -4.406440939728233780e-03 -5.052727458160264848e-03 -5.852631466624138266e-03 -6.620897420878775995e-03 -7.163888371650100652e-03 -7.384372810470659493e-03 -7.393434512753102074e-03 -7.582354492662470198e-03 -8.601017091880127502e-03 -1.120169489496776645e-02 -1.593846948633840035e-02 -2.277290940216273804e-02 -3.071271584448371714e-02 -3.770141662064026289e-02 -4.109083173258445271e-02 -3.913068021862405044e-02 -3.410906529679430532e-02 -3.793072364168747351e-02 -8.208165462742086915e-02 -2.314572117780551164e-01 -6.250694831146474950e-01 -1.455017833430654939e+00 -3.468316915881963780e+00 -5.957659841543159196e+00 -1.971665969789112438e+01 6.561223075059907650e-01 -2.349095381854672837e+02 7.852576186950385591e+02 -5.874624635552797372e+03 2.515983916884031350e+04 -5.688944159063798907e+03 7.614629783125600397e+02 -2.109380672279910129e+02 5.010161801834445150e+00 -1.500971016320470497e+01 -3.771873966761700725e+00 -2.199176794594058126e+00 -8.381155579076219331e-01 -3.404840588200271911e-01 -1.166539674252715514e-01 -3.867692963201290607e-02 -1.667389167542403239e-02 -1.405008641675999266e-02 -1.501051607228483936e-02 -1.463598489248736471e-02 -1.244611131372049505e-02 -9.380941805934819161e-03 -6.422929339997362694e-03 -4.141340779457932525e-03 -2.675113922949810558e-03 -1.884925760516313522e-03 -1.523783400403757151e-03 -1.360700221498408868e-03 -1.240886961319796842e-03 -1.094277590836138748e-03 -9.151362817102706585e-04 -7.279079717135496534e-04 -5.621683706408767568e-04 -4.361730074650650647e-04 -3.527157944239035325e-04 -3.027322308102807199e-04 -2.721951103189203724e-04 -2.484226996454669289e-04 -2.237050639539749422e-04 -1.958801771364774441e-04 -1.667472384937206164e-04 -1.396313141559923769e-04 -1.172825664108430663e-04 -1.007597585264619397e-04 -8.937463679976938454e-05 -8.136724721489835505e-05 -7.481089599312752160e-05 -6.832716660466438881e-05 -6.138749556119701815e-05 -5.420535242349637842e-05 -4.737869926987746839e-05 -4.149075091466908626e-05 -3.683689636820509548e-05 -3.334792343786919882e-05 -3.068585333829289925e-05 -2.842706212965605863e-05 -2.623620381096953308e-05 -2.396217487434609513e-05 -2.164569204807266365e-05 -1.940982660763485260e-05 -1.758410175160108848e-05 -1.542199136464098320e-05 -1.812799470917289730e-05
-6.512319104227633215e-02 -1.747470092651500634e-02 -1.210378553157013051e-02 -8.527813342024442161e-03 -6.692466435223707114e-03 -5.506608589236059760e-03 -4.756410738350921180e-03 -4.313550238167571799e-03 -4.099914419129254382e-03 -4.037515733519674889e-03 -4.043032005637529729e-03 -4.039349699591962724e-03 -3.976489110418160444e-03 -3.850982404550932440e-03 -3.713424949015224370e-03 -3.656823968999009522e-03 -3.785128402850597082e-03 -4.168956598726847318e-03 -4.803807791402467213e-03 -5.589919891650889892e-03 -6.350844268728610999e-03 -6.898638920597797118e-03 -7.136058621353436396e-03 -7.167423054221601190e-03 -7.371760999183300973e-03 -8.384932159058573059e-03 -1.094888995921290513e-02 -1.561685687994673714e-02 -2.236284314844854196e-02 -3.021993318917929119e-02 -3.716364474508909027e-02 -4.057135924555680534e-02 -3.869345023633945224e-02 -3.377289562951985707e-02 -3.760582887398183916e-02 -8.149918647355629264e-02 -2.301147198773499936e-01 -6.222296690473749781e-01 -1.449805229585204858e+00 -3.460395417921179551e+00 -5.945848166153964165e+00 -1.971863277266105996e+01 7.144848707261757248e-01 -2.354162570625305477e+02 7.876712486868761971e+02 -5.892988937436594824e+03 2.524837018936285313e+04 -5.711091417903136971e+03 7.644762681833093438e+02 -2.119265639696957635e+02 4.998040161584516916e+00 -1.510231877130266120e+01 -3.801486591124825676e+00 -2.216167736536225341e+00 -8.452539359260407004e-01 -3.435128626942084984e-01 -1.177551874975248103e-01 -3.905640959405034390e-02 -1.684285295987957010e-02 -1.419784919592199240e-02 -1.517551674320126269e-02 -1.480349221481704058e-02 -1.259377413133581057e-02 -9.495874925764801258e-03 -6.503894944266811091e-03 -4.194856359697762306e-03 -2.710413712174735909e-03 -1.910355799753910965e-03 -1.544798426456505530e-03 -1.379386668869962695e-03 -1.258292180188663517e-03 -1.110273720165463667e-03 -9.287268498993495177e-04 -7.389165452197500421e-04 -5.707865531423103773e-04 -4.429422873132777042e-04 -3.582582998285979009e-04 -3.075582102374377954e-04 -2.766047600568781223e-04 -2.525133760432781132e-04 -2.274446685505717954e-04 -1.991979067907871225e-04 -1.696029258384689669e-04 -1.420451249052579162e-04 -1.193275358266776694e-04 -1.025326198421600346e-04 -9.096357709251819829e-05 -8.283061993709738935e-05 -7.617230706411949452e-05 -6.958442260804963250e-05 -6.252814675627073207e-05 -5.522101027978845982e-05 -4.827293777090255206e-05 -4.227929601070762398e-05 -3.754221347838880281e-05 -3.399196694902585425e-05 -3.128445681916349115e-05 -2.898828609731835627e-05 -2.676091498338249182e-05 -2.445597750648616776e-05 -2.208307011693657446e-05 -1.997869599460561787e-05 -1.738155379184413052e-05 -2.011594841657690170e-05
-5.657726925308045884e-02 -1.550093889151931380e-02 -1.102231790260682805e-02 -8.022698185889588426e-03 -6.444724636175711702e-03 -5.348411892118733885e-03 -4.570891546467048365e-03 -4.036245235046032054e-03 -3.717320765622317367e-03 -3.581881925700131867e-03 -3.577316474665227352e-03 -3.632926380021324168e-03 -3.676799969742577598e-03 -3.659530544692736042e-03 -3.575442814937833651e-03 -3.471626142973243713e-03 -3.437747818124606801e-03 -3.576002019901425993e-03 -3.957943505337317355e-03 -4.583048413398120580e-03 -5.357835510227694324e-03 -6.112600717845948634e-03 -6.664069694525039805e-03 -6.915194540918542972e-03 -6.964766152228631449e-03 -7.181308175048098374e-03 -8.188275049044587903e-03 -1.071820097444088973e-02 -1.532322853002657768e-02 -2.198836708979469770e-02 -2.976968282407506036e-02 -3.667197322071075877e-02 -4.009619609158010523e-02 -3.829347749657941585e-02 -3.346547796532135105e-02 -3.730904517200760162e-02 -8.096898546059072554e-02 -2.288998062024220626e-01 -6.196860130899679575e-01 -1.445198729637735102e+00 -3.453674864903018893e+00 -5.935987397829408430e+00 -1.972511097428095184e+01 7.704465995443491311e-01 -2.359555757736262649e+02 7.901654067123414507e+02 -5.911954817605921562e+03 2.533914250680211262e+04 -5.733677085377735239e+03 7.675476857300803886e+02 -2.129262983097764277e+02 4.987339533417610049e+00 -1.519508408224033502e+01 -3.830958991034498773e+00 -2.233094165676282827e+00 -8.523523757046759242e-01 -3.465234497946182435e-01 -1.188490715411584520e-01 -3.943332991863599674e-02 -1.701069392859230409e-02 -1.434459247743504438e-02 -1.533930444679602184e-02 -1.496972119085558141e-02 -1.274029077390330389e-02 -9.609922702524868049e-03 -6.584238231623336900e-03 -4.248030880121785209e-03 -2.745527502839002418e-03 -1.935052767317112232e-03 -1.565106129030946870e-03 -1.398284325954437992e-03 -1.275895194421272465e-03 -1.126174032569183863e-03 -9.422841121478940998e-04 -7.498825735513924701e-04 -5.793752413396572720e-04 -4.496892348335036326e-04 -3.637835614729375438e-04 -3.123693461694850080e-04 -2.810006604198576896e-04 -2.565911473792982424e-04 -2.311725940598230097e-04 -2.025056632015733164e-04 -1.724505792819180515e-04 -1.444527266990235396e-04 -1.213677491743043855e-04 -1.043017215688510867e-04 -9.254936923261292028e-05 -8.429122279339904174e-05 -7.753124398697684911e-05 -7.083951348039119937e-05 -6.366698378386076820e-05 -5.623522886202879465e-05 -4.916610774374814431e-05 -4.306713481798717720e-05 -3.824723615216852078e-05 -3.463625948034465969e-05 -3.188448868909064034e-05 -2.955178951052740165e-05 -2.729756002917147750e-05 -2.493699892381653793e-05 -2.271364947550966957e-05 -1.975330865080900802e-05 -2.258390985965213932e-05
-4.993377780125079352e-02 -1.382294355044824501e-02 -1.001295769638801611e-02 -7.461029617348336612e-03 -6.120654960799485657e-03 -5.154121795723782228e-03 -4.417461301717258079e-03 -3.853911389545943041e-03 -3.461227421682893778e-03 -3.240395429151654398e-03 -3.174173223541338403e-03 -3.219162400944919865e-03 -3.311927470786850142e-03 -3.386445212430901075e-03 -3.397197230573772552e-03 -3.339714229008802510e-03 -3.259661669316088733e-03 -3.243698650327263549e-03 -3.391165851010886998e-03 -3.772708674948952682e-03 -4.389902002870997924e-03 -5.154159030974753315e-03 -5.901878304798297871e-03 -6.454565626356778725e-03 -6.716079839369766200e-03 -6.780745632664783758e-03 -7.007716021905545725e-03 -8.008953197902273641e-03 -1.050798091357941534e-02 -1.505553283656117965e-02 -2.164644386843872503e-02 -2.935786032113831337e-02 -3.622166420553746269e-02 -3.966072295913368462e-02 -3.792698081026094070e-02 -3.318412809797520457e-02 -3.703814558375853605e-02 -8.048733104225033741e-02 -2.278036506075730161e-01 -6.174188752274641923e-01 -1.441160226152144119e+00 -3.448086225030978724e+00 -5.927970406743189535e+00 -1.973590011216555595e+01 8.241949581689881343e-01 -2.365268418257428209e+02 7.927400151670759669e+02 -5.931521875763156459e+03 2.543217831219209256e+04 -5.756710922177606335e+03 7.706785997180817276e+02 -2.139379637290418827e+02 4.978005989321640179e+00 -1.528809451060254787e+01 -3.860323768813704870e+00 -2.249973964732288501e+00 -8.594185258959289309e-01 -3.495190242790060520e-01 -1.199367625574985496e-01 -3.980805177230058167e-02 -1.717754387629397486e-02 -1.449042377276469132e-02 -1.550201476238203917e-02 -1.513483182281251567e-02 -1.288580190681504374e-02 -9.723252272736591928e-03 -6.664110483156201678e-03 -4.300264267747327604e-03 -2.779817807798764476e-03 -1.959952575819877939e-03 -1.585621565489999611e-03 -1.417076430395702771e-03 -1.293449176897630342e-03 -1.142007740284631994e-03 -9.557866956025061781e-04 -7.608050260302551314e-04 -5.879320172466188411e-04 -4.564130032223201114e-04 -3.692911023088023791e-04 -3.171655929883556877e-04 -2.853830854645386054e-04 -2.606565082257231766e-04 -2.348894323350033623e-04 -2.058040303295091916e-04 -1.752907101620158198e-04 -1.468545392154643530e-04 -1.234035493388149264e-04 -1.060673593007427492e-04 -9.413228819731022691e-05 -8.574932429395393599e-05 -7.888796983998263407e-05 -7.209269126402640770e-05 -6.480424543965939874e-05 -5.724824639439054542e-05 -5.005848424760746783e-05 -4.385467002866157225e-05 -3.895259902946989676e-05 -3.528224189060150779e-05 -3.248718554772821941e-05 -3.012880427698662070e-05 -2.782009315463414412e-05 -2.563487032179504905e-05 -2.245514695767791046e-05 -2.558605699690190373e-05
-4.617136434337450190e-02 -1.269967422107839972e-02 -9.210999803968215882e-03 -6.889825706260723978e-03 -5.707258837885586210e-03 -4.870182008357763076e-03 -4.225014683960910504e-03 -3.702828229184308272e-03 -3.297045677557698933e-03 -3.019482303589882382e-03 -2.878320843550955833e-03 -2.862897426624121978e-03 -2.938180818128148433e-03 -3.050009353057942917e-03 -3.140474784830701600e-03 -3.169072786213471705e-03 -3.132336029452789921e-03 -3.073393132371694553e-03 -3.074502285579794846e-03 -3.230986175645793410e-03 -3.611871664473151854e-03 -4.220543550054601037e-03 -4.973269109450697417e-03 -5.712595081591269330e-03 -6.264881895929531007e-03 -6.535051001036394115e-03 -6.613292264112627383e-03 -6.849927509794103211e-03 -7.846067469525397700e-03 -1.031671418224462851e-02 -1.481119995058242586e-02 -2.133344890396324939e-02 -2.898017248958604727e-02 -3.580837074337287623e-02 -3.926116927389049910e-02 -3.759117829633496638e-02 -3.292700333641451066e-02 -3.679145153564374049e-02 -8.005090467619974115e-02 -2.268181410773587869e-01 -6.154103639127422865e-01 -1.437655304146421065e+00 -3.443567408976164756e+00 -5.921700865649063061e+00 -1.975082582332657211e+01 8.759001772110855955e-01 -2.371294810453357229e+02 7.953950749930709208e+02 -5.951690295153279294e+03 2.552750037036558570e+04 -5.780202452366812395e+03 7.738703428749316799e+02 -2.149622210341293851e+02 4.969989637826919271e+00 -1.538143364759517695e+01 -3.889611696707936606e+00 -2.266824019448539840e+00 -8.664595756731556797e-01 -3.525025632009061716e-01 -1.210192986070116605e-01 -4.018090098528970255e-02 -1.734353884805768867e-02 -1.463548390940868152e-02 -1.566380396705349676e-02 -1.529904138197850719e-02 -1.303052097159359927e-02 -9.835277242098264955e-03 -6.742872692585415682e-03 -4.352569303923989850e-03 -2.814263941136283930e-03 -1.984723293340236519e-03 -1.606084666931549510e-03 -1.435795488439456542e-03 -1.310933849979962519e-03 -1.157776728482526373e-03 -9.692350284286504244e-04 -7.716854880916527428e-04 -5.964581100812917525e-04 -4.631145756609626220e-04 -3.747817597194103489e-04 -3.219477936354464228e-04 -2.897529473232890950e-04 -2.647104200494785221e-04 -2.385961261828673408e-04 -2.090938618745839209e-04 -1.781240411821157865e-04 -1.492511499657512002e-04 -1.254354132637243424e-04 -1.078299356191219461e-04 -9.571269407678575881e-05 -8.720526119922272182e-05 -8.024280538424953448e-05 -7.334426462142231665e-05 -6.594024245767285788e-05 -5.826041432635667211e-05 -5.095055866338689860e-05 -4.464265071958970009e-05 -3.965996275084180458e-05 -3.593135696595146624e-05 -3.310531674478032257e-05 -3.069007007366553121e-05 -2.858826181059710201e-05 -2.532784749263158070e-05 -2.905096389486380238e-05
-4.499932795416141523e-02 -1.214044151986550489e-02 -8.661085968932211165e-03 -6.367036332954176779e-03 -5.245284859509146379e-03 -4.504151408900154696e-03 -3.965948208279799179e-03 -3.532070404117743610e-03 -3.171462961397971542e-03 -2.885647765119975054e-03 -2.690865084645028583e-03 -2.600849683224558222e-03 -2.613169916588108620e-03 -2.702502487324607173e-03 -2.823771103808520033e-03 -2.925550660129908487e-03 -2.970071410261565514e-03 -2.952842991944277379e-03 -2.913285018779769673e-03 -2.929057956531215447e-03 -3.091955851036699409e-03 -3.470070516253504801e-03 -4.069026704884151809e-03 -4.809900369946949576e-03 -5.540927143259492989e-03 -6.092729082746276698e-03 -6.370911403519421805e-03 -6.461616049468874197e-03 -6.706922028163329018e-03 -7.697967147921920376e-03 -1.014200878495627282e-02 -1.458721784252292944e-02 -2.104600418659756736e-02 -2.863317473946855318e-02 -3.542887323972426089e-02 -3.889478702056144849e-02 -3.728393009384420309e-02 -3.269245807865536063e-02 -3.656720538731320080e-02 -7.965639515470189502e-02 -2.259357527047615999e-01 -6.136443489521237193e-01 -1.434653135848310113e+00 -3.440062741635289356e+00 -5.917092133334008963e+00 -1.976973133672352745e+01 9.257173776967140277e-01 -2.377629897405559234e+02 7.981306600895387646e+02 -5.972460799717277041e+03 2.562513203196521135e+04 -5.804161002096745506e+03 7.771242174004895560e+02 -2.159997020390952116e+02 4.963244315310036292e+00 -1.547518065191048819e+01 -3.918851794894640861e+00 -2.283660248142632909e+00 -8.734822834360292942e-01 -3.554768705317410404e-01 -1.220976788744062430e-01 -4.055222816423943027e-02 -1.750883715572498084e-02 -1.477997555498202810e-02 -1.582490482542917368e-02 -1.546176758957242860e-02 -1.317382280196048583e-02 -9.947117086485360651e-03 -6.821595832387496346e-03 -4.404614458180048861e-03 -2.848600055684014001e-03 -2.009403052445374750e-03 -1.626475442378525144e-03 -1.454445014644262105e-03 -1.328351970707402664e-03 -1.173485565100827830e-03 -9.826333157356265634e-04 -7.825274142658950093e-04 -6.049560954972952112e-04 -4.697958509513440136e-04 -3.802570342639745803e-04 -3.267172783524612207e-04 -2.941115231857922732e-04 -2.687541221237541521e-04 -2.422938336386497348e-04 -2.123761813515954847e-04 -1.809514310610691053e-04 -1.516432562395350137e-04 -1.274639063627236934e-04 -1.095899239589869677e-04 -9.729100408249143929e-05 -8.865941942261453825e-05 -8.159612238734065509e-05 -7.459461302638351900e-05 -6.707540517250313715e-05 -5.927232201714261042e-05 -5.184320815494851002e-05 -4.543298055062167746e-05 -4.037097622734478610e-05 -3.659809373378584702e-05 -3.370569979273384134e-05 -3.153018956512840368e-05 -2.821645493202818455e-05 -3.279852286838796379e-05
-4.519755881745521342e-02 -1.194291138973899505e-02 -8.312885889573060072e-03 -5.933553325683619227e-03 -4.800307179317229653e-03 -4.107991602587572795e-03 -3.657208791824315217e-03 -3.320336916230576772e-03 -3.036985954852119106e-03 -2.786729255281409669e-03 -2.577652205247003576e-03 -2.432060633461203408e-03 -2.370698502222984630e-03 -2.398626795392260792e-03 -2.497506084998188207e-03 -2.627721130333541232e-03 -2.741054203973938581e-03 -2.800420380341958095e-03 -2.799756055978270663e-03 -2.775430682902057557e-03 -2.801745253628923436e-03 -2.968105679980913552e-03 -3.342230689467501174e-03 -3.931812632848847786e-03 -4.661992382571845082e-03 -5.385748591488360992e-03 -5.937231220044501129e-03 -6.222511968570081792e-03 -6.324079796610935882e-03 -6.576639573898059726e-03 -7.562373239508889990e-03 -9.981548718270501913e-03 -1.438129793074088836e-02 -2.078180059515120914e-02 -2.831446341391743657e-02 -3.508067984941767165e-02 -3.855913428893652933e-02 -3.700305288844586010e-02 -3.247865017751237066e-02 -3.636354928837266798e-02 -7.930074580549764662e-02 -2.251498409817781488e-01 -6.121065542701983331e-01 -1.432126185655873574e+00 -3.437522158213694556e+00 -5.914065971891201201e+00 -1.979247537441947813e+01 9.737883784230959572e-01 -2.384269280311768000e+02 8.009469121936797364e+02 -5.993834616787118648e+03 2.572509724529126106e+04 -5.828595734108741453e+03 7.804415000217244369e+02 -2.170510127207838309e+02 4.957727378575145671e+00 -1.556941061175283991e+01 -3.948071476492090337e+00 -2.300497724459936055e+00 -8.804930746794044083e-01 -3.584446523785067007e-01 -1.231728838170599721e-01 -4.092243955870844552e-02 -1.767367824275479019e-02 -1.492325633683900567e-02 -1.598466251495640061e-02 -1.562423252320669330e-02 -1.331688972608351118e-02 -1.005846519839689868e-02 -6.900030890292213788e-03 -4.456459548901615421e-03 -2.882814335242444084e-03 -2.033999160854353151e-03 -1.646798261410361555e-03 -1.473031318290577351e-03 -1.345710223328522954e-03 -1.189140707769521365e-03 -9.959871017791799633e-04 -7.933351597777227836e-04 -6.134292054425136663e-04 -4.764592177357215830e-04 -3.857187995138349748e-04 -3.314756634995972445e-04 -2.984603109302547000e-04 -2.727890254627659086e-04 -2.459838483068587517e-04 -2.156521210321235744e-04 -1.837738267451775572e-04 -1.540316269627629321e-04 -1.294896518497378086e-04 -1.113478448061119776e-04 -9.886767709496779497e-05 -9.011223129887818337e-05 -8.294836318576143260e-05 -7.584424229559484361e-05 -6.821042265871168539e-05 -6.028497955672907981e-05 -5.273858718577421499e-05 -4.622749445029561107e-05 -4.110192746453678254e-05 -3.724475462851907422e-05 -3.462084076635446345e-05 -3.108224137897040528e-05 -3.662720050528770681e-05
-4.527980346434976044e-02 -1.181393824512193443e-02 -8.058019903423857891e-03 -5.598372816485536196e-03 -4.429710651498833945e-03 -3.746541325371056854e-03 -3.342885931725441025e-03 -3.077043855299456052e-03 -2.868732764288708850e-03 -2.676050579343502555e-03 -2.490018661469771410e-03 -2.326066463542593964e-03 -2.211688201249395035e-03 -2.171516907966608654e-03 -2.213818103534775147e-03 -2.323117878395877713e-03 -2.462345425019051535e-03 -2.585204774551094070e-03 -2.655475208872846125e-03 -2.666605044041088328e-03 -2.653225587222832367e-03 -2.687258709409310036e-03 -2.856073192278231303e-03 -3.226722925762963261e-03 -3.808238489899314072e-03 -4.528969449452482053e-03 -5.245957551288231088e-03 -5.796589653411009756e-03 -6.087580168575124767e-03 -6.198348685296286090e-03 -6.457040280810397333e-03 -7.437672321235386588e-03 -9.834013880558418672e-03 -1.419210736154672033e-02 -2.053918121903618860e-02 -2.802190584343822871e-02 -3.476127955260695929e-02 -3.825163839163629037e-02 -3.674629311427573403e-02 -3.228383450988633191e-02 -3.617893187168288310e-02 -7.898145095074919630e-02 -2.244546714260299836e-01 -6.107842630324716859e-01 -1.430049616036314086e+00 -3.435900340866800740e+00 -5.912551476432637898e+00 -1.981893051953906237e+01 1.020243033758456042e+00 -2.391209141728842837e+02 8.038440363462905225e+02 -6.015813444345454627e+03 2.582742056823231542e+04 -5.853515678518345339e+03 7.838234465935837534e+02 -2.181167360563284205e+02 4.953399437974686847e+00 -1.566419497261268567e+01 -3.977296754765808906e+00 -2.317350816074285280e+00 -8.874980882954767170e-01 -3.614085598697625024e-01 -1.242459407332876520e-01 -4.129103819277271659e-02 -1.783736295614281667e-02 -1.506659504366518812e-02 -1.614433443263956630e-02 -1.578614622429709569e-02 -1.345950449281051176e-02 -1.016942774625861912e-02 -6.978196687042615386e-03 -4.508131037235051271e-03 -2.916920433186040787e-03 -2.058521764460584467e-03 -1.667061603872853045e-03 -1.491562659753191845e-03 -1.363016637016092750e-03 -1.204749480235584340e-03 -1.009302541557243610e-03 -8.041135315323660448e-04 -6.218810217973261148e-04 -4.831073415592151911e-04 -3.911691488727364802e-04 -3.362247389386169316e-04 -3.028009447557332683e-04 -2.768166485559612013e-04 -2.496675494989086352e-04 -2.189228824017707949e-04 -1.865922313643630980e-04 -1.564170765984574795e-04 -1.315133105591915488e-04 -1.131042535433335653e-04 -1.004432145973908967e-04 -9.156420006350076573e-05 -8.430010305916156273e-05 -7.709393614681665687e-05 -6.934643447573807110e-05 -6.130078814283295157e-05 -5.363869245072286362e-05 -4.704427490605560746e-05 -4.181027113583715840e-05 -3.824282499232669556e-05 -3.409474891237250163e-05 -4.044909500198556554e-05
-4.415797023550890876e-02 -1.150671819056484080e-02 -7.785158315743211446e-03 -5.340092512573113570e-03 -4.159478092081028006e-03 -3.466955405266908437e-03 -3.069143926023493434e-03 -2.830738511674528012e-03 -2.668573545677020969e-03 -2.529226890682844189e-03 -2.386948249442682069e-03 -2.241158492074150563e-03 -2.110676503319058872e-03 -2.023485637490418741e-03 -2.003775392440529466e-03 -2.059908238199188724e-03 -2.177730115971906241e-03 -2.322542333492614523e-03 -2.450659847638963357e-03 -2.527692156361856842e-03 -2.547387691977472200e-03 -2.543020225504367352e-03 -2.584091012650386546e-03 -2.755592742924317402e-03 -3.123447065741691720e-03 -3.697572127782735880e-03 -4.409185102617312578e-03 -5.119206819642824376e-03 -5.668257631909227531e-03 -5.963882704081401032e-03 -6.082803850368841657e-03 -6.347111215518365206e-03 -7.323180999862523820e-03 -9.698646842851937552e-03 -1.401845678197642664e-02 -2.031635196149095615e-02 -2.775317774971148427e-02 -3.446811099812105428e-02 -3.796990241482121886e-02 -3.651175964581297728e-02 -3.210670253071917779e-02 -3.601221585161958061e-02 -7.869640718705839255e-02 -2.238450809615289139e-01 -6.096658841506416016e-01 -1.428400819900421448e+00 -3.435156179423656475e+00 -5.912484398101763183e+00 -1.984898197357918903e+01 1.065200356437417284e+00 -2.398446194847865627e+02 8.068222970671735084e+02 -6.038399422177559245e+03 2.593212718025699360e+04 -5.878929760523265941e+03 7.872712961479251135e+02 -2.191974346791652977e+02 4.950224035600644612e+00 -1.575960195217836457e+01 -4.006552385448935105e+00 -2.334233283275023219e+00 -8.945032685292672037e-01 -3.643701840765239952e-01 -1.253168484496082480e-01 -4.165954167200607711e-02 -1.800121550941156945e-02 -1.520966033349003058e-02 -1.630369614214008389e-02 -1.594765445119804281e-02 -1.360173162872645516e-02 -1.028007392245243110e-02 -7.056137833796068300e-03 -4.559657708131767580e-03 -2.950936036330693586e-03 -2.082982955168264511e-03 -1.687275324194353670e-03 -1.510048166981907631e-03 -1.380279817016808038e-03 -1.220319600540460767e-03 -1.022586079956765408e-03 -8.148675652672052660e-04 -6.303153156615533183e-04 -4.897430462270251951e-04 -3.966103064406582617e-04 -3.409664002373073276e-04 -3.071351429843836574e-04 -2.808385764944142690e-04 -2.533463694600351533e-04 -2.221897092429993422e-04 -1.894076820826906733e-04 -1.588004481936962787e-04 -1.335355717949616408e-04 -1.148597447343533480e-04 -1.020181896655206731e-04 -9.301596864500066559e-05 -8.565221423119105432e-05 -7.834495831130634769e-05 -7.048608627901155267e-05 -6.232190366969273410e-05 -5.456340057358261079e-05 -4.783587558149614695e-05 -4.290659638837491559e-05 -3.764604950411296546e-05 -4.441584483627411387e-05
-4.152138113273816378e-02 -1.091562403979404704e-02 -7.426462126404609863e-03 -5.120741751785433220e-03 -3.978291960507054220e-03 -3.281302415500898274e-03 -2.863426361120904526e-03 -2.612206231775121828e-03 -2.457771365455793753e-03 -2.348532641423975963e-03 -2.249399327653850249e-03 -2.143165775752984246e-03 -2.031398554348158754e-03 -1.931454622477199977e-03 -1.868797931642427433e-03 -1.865962118260821147e-03 -1.931517479190643762e-03 -2.053382290672844598e-03 -2.200001566150959053e-03 -2.330715279094606063e-03 -2.412937124180344374e-03 -2.440391059385541711e-03 -2.444600537476332002e-03 -2.492372545507544161e-03 -2.666238416187910985e-03 -3.031038241253576366e-03 -3.597647687576458267e-03 -4.300138390429771203e-03 -5.003187321117475578e-03 -5.550482125589170819e-03 -5.850314438656248166e-03 -5.976823574001138319e-03 -6.246397755941723168e-03 -7.218277829442244428e-03 -9.574419126470503152e-03 -1.385882348459284083e-02 -2.011136634313169178e-02 -2.750610185727618215e-02 -3.419902479579514654e-02 -3.771205964644488290e-02 -3.629803306420274767e-02 -3.194623952196820604e-02 -3.586238018754884377e-02 -7.844359432544618926e-02 -2.233162361198995083e-01 -6.087408020766745809e-01 -1.427159286555513384e+00 -3.435252496888294704e+00 -5.913806602681907165e+00 -1.988252637697664937e+01 1.108769669533835822e+00 -2.405977637226132515e+02 8.098820150792454342e+02 -6.061595106583079541e+03 2.603924289433594822e+04 -5.904846825532495131e+03 7.907862744587262114e+02 -2.202936533006152047e+02 4.948167402384217262e+00 -1.585569688638907948e+01 -4.035862048474903041e+00 -2.351157264055628637e+00 -9.015132485336828649e-01 -3.673331524825987349e-01 -1.263877133868333558e-01 -4.202776579265853768e-02 -1.816499202965150828e-02 -1.535258326200717241e-02 -1.646282132209914845e-02 -1.610886248570245205e-02 -1.374366122437180662e-02 -1.039047382208934008e-02 -7.133902105173952138e-03 -4.611069764732573031e-03 -2.984879985240184753e-03 -2.107395628813252091e-03 -1.707449838860243844e-03 -1.528497337932772232e-03 -1.397508608378960704e-03 -1.235858949282817986e-03 -1.035844285510123313e-03 -8.256024028530707139e-04 -6.387359547714037324e-04 -4.963692430123665001e-04 -4.020445724448909160e-04 -3.457026062414153902e-04 -3.114646745545047676e-04 -2.848564338350617858e-04 -2.570217708116538896e-04 -2.254538689151774650e-04 -1.922212359751376116e-04 -1.611826068599988876e-04 -1.355571606271546335e-04 -1.166149855895356763e-04 -1.035933232336038189e-04 -9.446850009741607874e-05 -8.700608865581420316e-05 -7.960021855940223551e-05 -7.163173763816912552e-05 -6.337013606718754457e-05 -5.546042147174310008e-05 -4.905344073907345128e-05 -4.225017423078890517e-05 -4.896288909918442917e-05
-3.783097957810651474e-02 -1.009497470497337616e-02 -6.977577051011129780e-03 -4.903721725314452370e-03 -3.848086318962210071e-03 -3.167056354540132620e-03 -2.725612537111301269e-03 -2.440360243625590547e-03 -2.263449433226545193e-03 -2.155717728427211047e-03 -2.082731568042812433e-03 -2.017048472243711168e-03 -1.943204721843830828e-03 -1.861280612172331803e-03 -1.786153321739702548e-03 -1.741430797887904376e-03 -1.749300717850114061e-03 -1.819643881177383576e-03 -1.942877589557978147e-03 -2.090294485137510379e-03 -2.223509553014017207e-03 -2.310931512975789460e-03 -2.345725127960989354e-03 -2.357555290678603043e-03 -2.410797388106448134e-03 -2.585952872139662007e-03 -2.947138167630139124e-03 -3.506295284462503450e-03 -4.200167624858052763e-03 -4.896811275341320102e-03 -5.442598848188886194e-03 -5.746379279394423639e-03 -5.879838886866788419e-03 -6.154107725906749447e-03 -7.121903472467461596e-03 -9.460035358672670008e-03 -1.371173633926197483e-02 -1.992263706524866756e-02 -2.727903332109005846e-02 -3.395239560978659948e-02 -3.747661018362935526e-02 -3.610384122114367739e-02 -3.180139845662710574e-02 -3.572831876341392432e-02 -7.822104110472440086e-02 -2.228637140490176416e-01 -6.079994539866364622e-01 -1.426306537137212560e+00 -3.436155712506991033e+00 -5.916465418224720274e+00 -1.991947060379713363e+01 1.151051708997955947e+00 -2.413801110098361846e+02 8.130235643345996550e+02 -6.085403448304954509e+03 2.614879416883959129e+04 -5.931275661969815701e+03 7.943695973200046865e+02 -2.214059208645542753e+02 4.947198182533036892e+00 -1.595254137461323651e+01 -4.065247244194412524e+00 -2.368136594858642585e+00 -9.085346863580545662e-01 -3.702992031478202217e-01 -1.274589523160955806e-01 -4.239600897072914182e-02 -1.832876454591114701e-02 -1.549545299904033988e-02 -1.662181048748628126e-02 -1.626987531704273543e-02 -1.388538509842696111e-02 -1.050069758825752236e-02 -7.211537463284813793e-03 -4.662397660009412990e-03 -3.018771432320169635e-03 -2.131772964857391994e-03 -1.727595772904509013e-03 -1.546919797823424194e-03 -1.414711923689344116e-03 -1.251375444045924046e-03 -1.049083756364195584e-03 -8.363232203960421643e-04 -6.471468477849339710e-04 -5.029888871571186037e-04 -4.074742890192745051e-04 -3.504353517431430909e-04 -3.157913366072498309e-04 -2.888718656960095128e-04 -2.606952306778844244e-04 -2.287166405174240766e-04 -1.950339656284178305e-04 -1.635644498173857806e-04 -1.375788764853444165e-04 -1.183708027335781158e-04 -1.051696895282469818e-04 -9.592333965967192607e-05 -8.836496006271937016e-05 -8.086238267463811123e-05 -7.280753815811218544e-05 -6.438818148334139691e-05 -5.682701578376851475e-05 -4.834121858606678520e-05 -5.471724587702492867e-05
-3.399026431936651854e-02 -9.207427765520576415e-03 -6.487180320486451990e-03 -4.667769883802833433e-03 -3.723753799180292475e-03 -3.081999262965043167e-03 -2.632540424880319349e-03 -2.316057033676782988e-03 -2.105635066990666718e-03 -1.978460646603879842e-03 -1.908761890021021214e-03 -1.868227402543020266e-03 -1.831549551768242232e-03 -1.783325543020179704e-03 -1.722896239099635943e-03 -1.664406848382216694e-03 -1.631215687974744109e-03 -1.645963122844764379e-03 -1.719683878523041920e-03 -1.844440747578265927e-03 -1.993280240055508943e-03 -2.129199166414600438e-03 -2.221179299026636560e-03 -2.261917695575410645e-03 -2.279673460783330184e-03 -2.336950365940756395e-03 -2.512640480539970241e-03 -2.870262973898957300e-03 -3.422635920692198522e-03 -4.108766826899679613e-03 -4.799639501806046878e-03 -5.344000436174605774e-03 -5.651217412012161413e-03 -5.790796942622892900e-03 -6.069125832075911511e-03 -7.032989957956065075e-03 -9.354499763898307951e-03 -1.357620408043420934e-02 -1.974906529678663661e-02 -2.707068647492008248e-02 -3.372676991411964476e-02 -3.726206416512439779e-02 -3.592784104661579658e-02 -3.167107800894417707e-02 -3.560897692332311987e-02 -7.802701658040121779e-02 -2.224836275860523904e-01 -6.074332925639686076e-01 -1.425825877733064795e+00 -3.437835366562619122e+00 -5.920412967598421616e+00 -1.995973071675449617e+01 1.192139494343692929e+00 -2.421914663690112661e+02 8.162473693039089540e+02 -6.109827773199036528e+03 2.626080811961811560e+04 -5.958225021977978940e+03 7.980224734638982227e+02 -2.225347512614061429e+02 4.947288525071995124e+00 -1.605019699202183148e+01 -4.094730891644279502e+00 -2.385182695593402791e+00 -9.155722649136165403e-01 -3.732705045968161550e-01 -1.285312886730702875e-01 -4.276451890930296762e-02 -1.849263376358816630e-02 -1.563835928113325655e-02 -1.678076577726106758e-02 -1.643079682820438800e-02 -1.402699376363913952e-02 -1.061081427643777858e-02 -7.289091236693762826e-03 -4.713671585731247365e-03 -3.052629485839039852e-03 -2.156128176223900267e-03 -1.747723780377285216e-03 -1.565325168939729400e-03 -1.431898647244051999e-03 -1.266876967526296607e-03 -1.062311065262497040e-03 -8.470351853740233118e-04 -6.555519104506429221e-04 -5.096049508451625703e-04 -4.129018182083279368e-04 -3.551666490302401633e-04 -3.201169385049504128e-04 -2.928865239927328987e-04 -2.643682303952104651e-04 -2.319793120051795823e-04 -1.978469718833125463e-04 -1.659469515755204066e-04 -1.396016951172272813e-04 -1.201284242989391764e-04 -1.067490391533091118e-04 -9.738415089475348078e-05 -8.973194650492200453e-05 -8.215866196546425023e-05 -7.395038509453301205e-05 -6.593106648104568764e-05 -5.604421990963413678e-05 -6.226975420295481894e-05
-3.088410970354835139e-02 -8.435171594391733738e-03 -6.025806393846284449e-03 -4.411969771231282790e-03 -3.572383964295727625e-03 -2.984789437955427845e-03 -2.551490062791763984e-03 -2.224781603506365869e-03 -1.989901960008788693e-03 -1.837219335086173180e-03 -1.752747310059196446e-03 -1.715345840165330817e-03 -1.699712279227072811e-03 -1.682795326088802178e-03 -1.650849385297405115e-03 -1.604179340849829546e-03 -1.557203286731966355e-03 -1.533090099447318626e-03 -1.554235590511837510e-03 -1.631785289447323711e-03 -1.758483557306255536e-03 -1.908534441822616612e-03 -2.046179542806586538e-03 -2.141213238380483205e-03 -2.186297492636428853e-03 -2.208712434489214400e-03 -2.269362882127279237e-03 -2.445584193712731398e-03 -2.800145439113240972e-03 -3.346454498684816106e-03 -4.025462660368490410e-03 -4.710826591030670141e-03 -5.253557469978294842e-03 -5.563624364178497775e-03 -5.708629177698623831e-03 -5.990630750203792577e-03 -6.950930035933714467e-03 -9.257264863117608059e-03 -1.345153891808115697e-02 -1.958967028988900516e-02 -2.687975570973468245e-02 -3.352063056796674573e-02 -3.706691342289766822e-02 -3.576876272624116004e-02 -3.155433925563103092e-02 -3.550352728953005965e-02 -7.786008415667505789e-02 -2.221725306722719395e-01 -6.070345615677890105e-01 -1.425702082612195776e+00 -3.440263720967028593e+00 -5.925605689403972143e+00 -2.000323118258663868e+01 1.232118996336652339e+00 -2.430316726849554811e+02 8.195539026512331020e+02 -6.134871765244572998e+03 2.637531253214916796e+04 -5.985703639010257575e+03 8.017461086394860104e+02 -2.236806487244598429e+02 4.948410209636060486e+00 -1.614872111478605632e+01 -4.124333160570791357e+00 -2.402307062157945872e+00 -9.226308203540407593e-01 -3.762490978807286890e-01 -1.296054507287174029e-01 -4.313353801569123902e-02 -1.865670236204525906e-02 -1.578139148915965254e-02 -1.693978776476139439e-02 -1.659172868265613651e-02 -1.416857566778945143e-02 -1.072089140945517785e-02 -7.366609810250544267e-03 -4.764921245659036603e-03 -3.086473037532309460e-03 -2.180474378200648704e-03 -1.767844445726643498e-03 -1.583722997197412616e-03 -1.449077580351712221e-03 -1.282371326266185541e-03 -1.075532727712233275e-03 -8.577434314463227910e-04 -6.639550451233535485e-04 -5.162204059844406872e-04 -4.183295268583678045e-04 -3.598985140841790779e-04 -3.244432893313944520e-04 -2.969020578668219953e-04 -2.680422536166361214e-04 -2.352431959321406806e-04 -2.006614376645054760e-04 -1.683312861968070827e-04 -1.416270585546618426e-04 -1.218898804309942214e-04 -1.083356033849989868e-04 -9.885465252228429242e-05 -9.113827428638449242e-05 -8.341850757204088214e-05 -7.569063837952530991e-05 -6.503828909573860964e-05 -7.188764075453426812e-05
-2.900167587092802521e-02 -7.897042059653403695e-03 -5.650719951104727322e-03 -4.151495931202149083e-03 -3.384215765611574885e-03 -2.851708904241924067e-03 -2.455315934946513887e-03 -2.145303842927119477e-03 -1.907451134567349780e-03 -1.737659593634676694e-03 -1.631647236394950448e-03 -1.579174102646676778e-03 -1.563009741848945307e-03 -1.561916423854801733e-03 -1.556406380294389708e-03 -1.535104003355539830e-03 -1.499172264741513655e-03 -1.462576688101952091e-03 -1.447339619237070435e-03 -1.474788846809116198e-03 -1.555704098461829386e-03 -1.683410602281378617e-03 -1.833436306276516221e-03 -1.971538211838764088e-03 -2.068558843843480190e-03 -2.117253518596878045e-03 -2.143941874275391568e-03 -2.207876646092479973e-03 -2.384755549845840854e-03 -2.736512904652344761e-03 -3.277059368562788930e-03 -3.949193976683602197e-03 -4.629147670912736080e-03 -5.170127692844275931e-03 -5.482717635930565818e-03 -5.632757135836284450e-03 -5.918256851038585301e-03 -6.875392524340929318e-03 -9.167842026392309177e-03 -1.333695970679401287e-02 -1.944334562902816366e-02 -2.670488954106109078e-02 -3.333255009744007930e-02 -3.688985850429706004e-02 -3.562559491072479767e-02 -3.145047293862406751e-02 -3.541130509100728907e-02 -7.771894414873664614e-02 -2.219272288965598583e-01 -6.067961186148842501e-01 -1.425921231579512893e+00 -3.443415554187684524e+00 -5.932004023592755360e+00 -2.004990421622113317e+01 1.271069789576614317e+00 -2.439006079731833552e+02 8.229436831263594740e+02 -6.160539450273337934e+03 2.649233587537347194e+04 -6.013720248987870946e+03 8.055417041895423154e+02 -2.248441047468384681e+02 4.950538993696062207e+00 -1.624816972284286010e+01 -4.154073781755308836e+00 -2.419520709367569467e+00 -9.297150370599489566e-01 -3.792369507172001497e-01 -1.306821453781968623e-01 -4.350330289067517314e-02 -1.882107160698086659e-02 -1.592463741749992195e-02 -1.709897467602724402e-02 -1.675276993689926719e-02 -1.431021696869915968e-02 -1.083099482759430562e-02 -7.444138505501198509e-03 -4.816175752799602833e-03 -3.120320675023440134e-03 -2.204824517114189336e-03 -1.787968228543941173e-03 -1.602122710909365758e-03 -1.466257411009883570e-03 -1.297866228049842632e-03 -1.088755184445865760e-03 -8.684530439993367679e-04 -6.723601279551081993e-04 -5.228382119815458938e-04 -4.237597743574683987e-04 -3.646329545906129240e-04 -3.287721883825771318e-04 -3.009201125690669546e-04 -2.717188057446219595e-04 -2.385096940390225178e-04 -2.034787742648200292e-04 -1.707191715339792168e-04 -1.436573556483867412e-04 -1.236601068032598856e-04 -1.099337976889869190e-04 -1.003710529210055549e-04 -9.250351565906681623e-05 -8.536812662252378601e-05 -7.462850173388568462e-05 -8.330709861754381231e-05
-2.828339869897457740e-02 -7.606275400919322062e-03 -5.382297730341621678e-03 -3.907596124894099562e-03 -3.172255047646152341e-03 -2.683231280887620786e-03 -2.332609832005913195e-03 -2.059512021119109387e-03 -1.841114352642703915e-03 -1.670666017473118777e-03 -1.548166239255596363e-03 -1.473018368449943065e-03 -1.439408764615627417e-03 -1.434870149124161135e-03 -1.442390692119623324e-03 -1.445378782728428931e-03 -1.433659504933201476e-03 -1.408057652915534674e-03 -1.381244304715800340e-03 -1.373767704333768956e-03 -1.406005604051321434e-03 -1.488722124297673331e-03 -1.616166836631196440e-03 -1.765364011189984221e-03 -1.903545561119811182e-03 -2.002416148492574058e-03 -2.054614631956287393e-03 -2.085375459380213112e-03 -2.152306470406325101e-03 -2.329578398843617972e-03 -2.678423663507112622e-03 -3.213322130585456304e-03 -3.878870318009148936e-03 -4.553721111226330387e-03 -5.093099970153600921e-03 -5.408107528375800249e-03 -5.562891751440708632e-03 -5.851677297491262100e-03 -6.805902317766926446e-03 -9.085549349206120673e-03 -1.323157419996508904e-02 -1.930903111214811799e-02 -2.654493664004096629e-02 -3.316138668610382062e-02 -3.672987547976717254e-02 -3.549751295400913748e-02 -3.135884003327778918e-02 -3.533163839121360172e-02 -7.760231721619714751e-02 -2.217447366149531141e-01 -6.067114352988930426e-01 -1.426470681666608176e+00 -3.447268020729184368e+00 -5.939572068619890288e+00 -2.009968916008801187e+01 1.309065562829858864e+00 -2.447981814898105881e+02 8.264172753006068888e+02 -6.186835187006377964e+03 2.661190731014246558e+04 -6.042283601261684453e+03 8.094104641036346948e+02 -2.260256022663218687e+02 4.953652111665481250e+00 -1.634859696012178176e+01 -4.183971777280968141e+00 -2.436834258915479001e+00 -9.368294331852294876e-01 -3.822359625564285546e-01 -1.317620564484756340e-01 -4.387404346046063636e-02 -1.898584051358558067e-02 -1.606818281612948721e-02 -1.725842217221243771e-02 -1.691401696000475324e-02 -1.445200150434184337e-02 -1.094118866446791918e-02 -7.521721547146322483e-03 -4.867463587865980545e-03 -3.154190639174539977e-03 -2.229191332657066982e-03 -1.808105433865455670e-03 -1.620533599151689156e-03 -1.483446698676970472e-03 -1.313369270833918221e-03 -1.101984792386131616e-03 -8.791690514336300988e-04 -6.807709992795841309e-04 -5.294613046689498502e-04 -4.291949007846381078e-04 -3.693719603227339971e-04 -3.331054251442738877e-04 -3.049423535544577325e-04 -2.753994907324188498e-04 -2.417804682927366527e-04 -2.063010184184173063e-04 -1.731134151335907460e-04 -1.456983214475587971e-04 -1.254442173747914529e-04 -1.115855184052395762e-04 -1.018402989446451351e-04 -9.466809444439193205e-05 -8.407380225361567783e-05 -9.575745592260384055e-05
-2.822662705890402815e-02 -7.479670073109703950e-03 -5.200236946213645205e-03 -3.696969814133125535e-03 -2.962580106668697127e-03 -2.499399089266012789e-03 -2.189448918278167136e-03 -1.959124129592839519e-03 -1.773674003636335197e-03 -1.618491007474058812e-03 -1.491920462883241164e-03 -1.398215255712983735e-03 -1.341119975255301855e-03 -1.319008323291009184e-03 -1.322940423563716099e-03 -1.338342790536686854e-03 -1.349798691923233046e-03 -1.347161195118779138e-03 -1.330486541384877115e-03 -1.311361233513428899e-03 -1.309415631691853961e-03 -1.344642578925657255e-03 -1.428114699835143905e-03 -1.554997475456402567e-03 -1.703534881873495490e-03 -1.842050914509811869e-03 -1.942799528217056294e-03 -1.998178472360071390e-03 -2.032423281613146213e-03 -2.101726051503667592e-03 -2.278982910581204332e-03 -2.624881821246481759e-03 -3.154465173571705146e-03 -3.813960545341160170e-03 -4.484190397822281939e-03 -5.022174495849462093e-03 -5.339446200234467324e-03 -5.498582478263934654e-03 -5.790337343070241921e-03 -6.741828237023785204e-03 -9.009704143547672336e-03 -1.313465024001282330e-02 -1.918592775305022827e-02 -2.639901885531752146e-02 -3.300620535849745074e-02 -3.658604167962627163e-02 -3.538369617082633145e-02 -3.127875565230196081e-02 -3.526383098699389235e-02 -7.750900783760196477e-02 -2.216223610919774434e-01 -6.067746398951873177e-01 -1.427338973127044719e+00 -3.451800485096154336e+00 -5.948277350932495544e+00 -2.015253038524163642e+01 1.346176249511986001e+00 -2.457243358720222659e+02 8.299752836283108763e+02 -6.213763650423381478e+03 2.673405670706788442e+04 -6.071402476198141812e+03 8.133535946326010162e+02 -2.272256163138054603e+02 4.957728509503970926e+00 -1.645005536465780338e+01 -4.214045493893636696e+00 -2.454257972892254447e+00 -9.439783710852942544e-01 -3.852479688331688634e-01 -1.328458455619267176e-01 -4.424598289535993517e-02 -1.915110560791559099e-02 -1.621211126118549117e-02 -1.741822333713720014e-02 -1.707556348101597898e-02 -1.459401084778244422e-02 -1.105153538237010034e-02 -7.599402073454575648e-03 -4.918812591300247318e-03 -3.188100807472349970e-03 -2.253587340512472423e-03 -1.828266198294663941e-03 -1.638964802387019156e-03 -1.500653868335141000e-03 -1.328887938289197374e-03 -1.115227819646047100e-03 -8.898964180693519702e-04 -6.891914538086961559e-04 -5.360925848496175773e-04 -4.346372177194664037e-04 -3.741175050894004627e-04 -3.374448090471926336e-04 -3.089705557827129205e-04 -2.790862042988587590e-04 -2.450578821778694595e-04 -2.091314171768211784e-04 -1.755205778264423472e-04 -1.477556762092657576e-04 -1.272900484305904665e-04 -1.131827697122917759e-04 -1.042282203878098275e-04 -9.309860580406982718e-05 -1.083006892812030949e-04
-2.816184696165115187e-02 -7.386961784879468758e-03 -5.057912097058379040e-03 -3.525042471324696652e-03 -2.780846634490019998e-03 -2.327746613614513262e-03 -2.043463137088185558e-03 -1.847031500897343415e-03 -1.694690967505167994e-03 -1.563381915222001022e-03 -1.445892233509333668e-03 -1.345561398039555635e-03 -1.270335019703113747e-03 -1.226675087351463290e-03 -1.214899377079703803e-03 -1.227404112668860868e-03 -1.250474985339816367e-03 -1.269155618080407494e-03 -1.273401439017901420e-03 -1.263061149260797733e-03 -1.249309648652769614e-03 -1.251339693912816280e-03 -1.288896518303994871e-03 -1.373171489675863730e-03 -1.499864421499492919e-03 -1.648043287219218538e-03 -1.786861677392520163e-03 -1.889064374157203895e-03 -1.946938177577675058e-03 -1.983958473885002929e-03 -2.055142768942843246e-03 -2.232263815141212297e-03 -2.575476031847676994e-03 -3.100257846410263418e-03 -3.754254418130080311e-03 -4.420237085053253107e-03 -4.956877263743535850e-03 -5.276141886533356092e-03 -5.439206518060530487e-03 -5.733664469533413313e-03 -6.682678517579988473e-03 -8.939858737132171454e-03 -1.304569933505257684e-02 -1.907341768163041754e-02 -2.626634681853631456e-02 -3.286608186933408227e-02 -3.645740912773921816e-02 -3.528330862416259595e-02 -3.120956376582371267e-02 -3.520727665690958491e-02 -7.743800491726515745e-02 -2.215577030094150190e-01 -6.069805104742136415e-01 -1.428515823803146567e+00 -3.456992737090551771e+00 -5.958088847462180482e+00 -2.020838135319559115e+01 1.382463863619531663e+00 -2.466790396515747261e+02 8.336183564204872027e+02 -6.241329824906986687e+03 2.685881465692901475e+04 -6.101085698080484690e+03 8.173723066267349395e+02 -2.284446152784225603e+02 4.962748763267110341e+00 -1.655259602965490728e+01 -4.244312658679594286e+00 -2.471801784172955152e+00 -9.511660694860667453e-01 -3.882747456532101293e-01 -1.339341535017274099e-01 -4.461933784680924969e-02 -1.931696090605351107e-02 -1.635650416392543313e-02 -1.757846875319840629e-02 -1.723750069441141661e-02 -1.473632440274970888e-02 -1.116209583812868660e-02 -7.677222170756853141e-03 -4.970249974759570304e-03 -3.222068693187128598e-03 -2.278024827640043326e-03 -1.848460486079781147e-03 -1.657425310571435237e-03 -1.517887209620834678e-03 -1.344429598006189339e-03 -1.128490440998034536e-03 -9.006400361341844810e-04 -6.976252304763948080e-04 -5.427349107030571404e-04 -4.400890133668495727e-04 -3.788715828661520704e-04 -3.417922704564461890e-04 -3.130068148833193013e-04 -2.827816091959427843e-04 -2.483456016668659822e-04 -2.119773237295919006e-04 -1.779468610908868339e-04 -1.498830357801431048e-04 -1.290734576794506016e-04 -1.158188724953443323e-04 -1.023795874773617237e-04 -1.204322854881516210e-04
-2.755985672889035148e-02 -7.213009973473497385e-03 -4.905949621243659541e-03 -3.385181944602675286e-03 -2.641168591638051212e-03 -2.190024492099990581e-03 -1.914006897126097799e-03 -1.733722183895282940e-03 -1.603308376394656882e-03 -1.494715658756201257e-03 -1.394513173085718720e-03 -1.300915773509421372e-03 -1.220003188470651732e-03 -1.160768863336719128e-03 -1.129929119593475317e-03 -1.127960749651620194e-03 -1.147712904895566415e-03 -1.176261795474046285e-03 -1.199557924878402780e-03 -1.208258133276463898e-03 -1.202462616815775601e-03 -1.193105861336392478e-03 -1.198829292804647929e-03 -1.238839131821972868e-03 -1.324119146795066891e-03 -1.450659729867877267e-03 -1.598249793092585032e-03 -1.736906047961817110e-03 -1.839987388158438077e-03 -1.899821290017966345e-03 -1.939250421906883563e-03 -2.012189007596048521e-03 -2.189291184870020227e-03 -2.530121346138457065e-03 -3.050491876846133255e-03 -3.699341385729926820e-03 -4.361275369619816052e-03 -4.896550072634640004e-03 -5.217585449962784325e-03 -5.384286543367667981e-03 -5.681322552413572285e-03 -6.628193180689758400e-03 -8.875719163875641152e-03 -1.296428467864404500e-02 -1.897085915497676023e-02 -2.614608722893075818e-02 -3.274008175124913655e-02 -3.634308173903058603e-02 -3.519561953362517620e-02 -3.115074996117292785e-02 -3.516148110675314242e-02 -7.738852275462074215e-02 -2.215487387892498272e-01 -6.073227355904710079e-01 -1.429990248834556610e+00 -3.462829681168506202e+00 -5.968981638863230188e+00 -2.026719829042644605e+01 1.417988563865671958e+00 -2.476622887651708425e+02 8.373471818678201544e+02 -6.269538994879852908e+03 2.698621248437984832e+04 -6.131342147834975549e+03 8.214678173888851234e+02 -2.296830620175692559e+02 4.968694978362889536e+00 -1.665626875096682369e+01 -4.274790432982189969e+00 -2.489475325212494816e+00 -9.583966153122414067e-01 -3.913180144547843686e-01 -1.350276016884612573e-01 -4.499431880391446120e-02 -1.948349798735751759e-02 -1.650144084382757295e-02 -1.773924661896260010e-02 -1.739991739324312295e-02 -1.487901951918018696e-02 -1.127292936478836195e-02 -7.755222921315742431e-03 -5.021802344112784831e-03 -3.256111454298884871e-03 -2.302515855525937623e-03 -1.868698091212536889e-03 -1.675923965177409736e-03 -1.535154877723882020e-03 -1.360001499616305797e-03 -1.141778732406723354e-03 -9.114047181428475879e-04 -7.060760078163516584e-04 -5.493911071447713391e-04 -4.455525952924078081e-04 -3.836363194499220518e-04 -3.461500875473791069e-04 -3.170540540961629236e-04 -2.864897537082134772e-04 -2.516517353279812104e-04 -2.148453775240606991e-04 -1.804514512757278975e-04 -1.519402121299730506e-04 -1.320120601330231904e-04 -1.137280478155141818e-04 -1.327184769004814116e-04
-2.623513998441538361e-02 -6.904413386514668231e-03 -4.713484866309677196e-03 -3.263131596726137531e-03 -2.541592368467318792e-03 -2.093489612577395520e-03 -1.813239484564067167e-03 -1.631167394654029715e-03 -1.506630383097643357e-03 -1.411950441085815583e-03 -1.329737098090214660e-03 -1.251838852602642910e-03 -1.178311631266931335e-03 -1.115098001532149755e-03 -1.070360660495275028e-03 -1.050238021348814856e-03 -1.055368224076397732e-03 -1.079515525495546675e-03 -1.111083998091377681e-03 -1.137273236686180047e-03 -1.149488050377995554e-03 -1.147882328734610522e-03 -1.142844166804388509e-03 -1.152191458956723213e-03 -1.194441757517790978e-03 -1.280358361784261507e-03 -1.406300846172285754e-03 -1.552880208268513518e-03 -1.691044552836906516e-03 -1.794781834867013696e-03 -1.856436481669501747e-03 -1.898188545984325114e-03 -1.972840044564706536e-03 -2.149943989935456604e-03 -2.488499873147362058e-03 -3.004656412071927008e-03 -3.648603364860566068e-03 -4.306697416029589207e-03 -4.840691642645097992e-03 -5.163421980161506282e-03 -5.333589000065224427e-03 -5.633125685697857113e-03 -6.578141662531201798e-03 -8.816930811024947454e-03 -1.288988473173768509e-02 -1.887756851617885395e-02 -2.603744712929655786e-02 -3.262738775737292207e-02 -3.624233267881807330e-02 -3.512002523617938077e-02 -3.110198965703046825e-02 -3.512616781768700819e-02 -7.735820227303547014e-02 -2.215919092040022909e-01 -6.077990129654005091e-01 -1.431755673947523899e+00 -3.469294986406633363e+00 -5.980930713789843978e+00 -2.032894321461336773e+01 1.452806072621817046e+00 -2.486741042030428730e+02 8.411624874496662869e+02 -6.298396737435175964e+03 2.711628226156530582e+04 -6.162180774867500986e+03 8.256413523743489122e+02 -2.309414148795414121e+02 4.975550694579510491e+00 -1.676112216370031405e+01 -4.305495462706762311e+00 -2.507287954964427801e+00 -9.656739748444541638e-01 -3.943794464687894186e-01 -1.361267936473590789e-01 -4.537113049334177972e-02 -1.965080611219921156e-02 -1.664699863343750350e-02 -1.790064288655611804e-02 -1.756290011467134121e-02 -1.502217161764840027e-02 -1.138409386093928305e-02 -7.833444458420877818e-03 -5.073495729258110411e-03 -3.290245908460028360e-03 -2.327072268221883847e-03 -1.888988642686102119e-03 -1.694469462612389465e-03 -1.552464894232051182e-03 -1.375610772454486860e-03 -1.155098666874467342e-03 -9.221951960906905627e-04 -7.145474178842348666e-04 -5.560640149565665782e-04 -4.510304130592607827e-04 -3.884142192137540403e-04 -3.505214405258843939e-04 -3.211167030911768927e-04 -2.902195553410267257e-04 -2.549835270282295105e-04 -2.178007075697535567e-04 -1.828788712713722757e-04 -1.552707423280948770e-04 -1.297329553875760421e-04 -1.471323760133834749e-04
-2.437317706636350778e-02 -6.483068685110011074e-03 -4.478274781099178363e-03 -3.143918823794862941e-03 -2.467032919722250695e-03 -2.029706554606241185e-03 -1.741757971900529918e-03 -1.547188270846719957e-03 -1.415123614737190090e-03 -1.322910057644536121e-03 -1.252910179232112099e-03 -1.192321413842554285e-03 -1.134293401837560382e-03 -1.078438631556066047e-03 -1.029744543312267327e-03 -9.957438545124585108e-04 -9.826714763525987075e-04 -9.919849359212847082e-04 -1.018698063198516472e-03 -1.052474285475930296e-03 -1.081399115349294168e-03 -1.097169740485741569e-03 -1.099638411341729780e-03 -1.098500536352529531e-03 -1.110813850887745671e-03 -1.154595994784526902e-03 -1.240586957305371161e-03 -1.365626240559206445e-03 -1.511133875432522922e-03 -1.648878243119008104e-03 -1.753334211492838055e-03 -1.816762719494554841e-03 -1.860667575157959113e-03 -1.936811441632888984e-03 -2.113763517588436794e-03 -2.450057475231702791e-03 -2.962205342809213614e-03 -3.601582746341704892e-03 -4.256164486062460027e-03 -4.789061610215459598e-03 -5.113457238683239044e-03 -5.286907505303572834e-03 -5.588810752423726234e-03 -6.532180560708327269e-03 -8.763063689701439812e-03 -1.282198759376698693e-02 -1.879295928962173082e-02 -2.593980000332666777e-02 -3.252732220216668357e-02 -3.615465292817380411e-02 -3.505615996641778254e-02 -3.106124749265615909e-02 -3.509927155216847200e-02 -7.734854895086652748e-02 -2.216876014263509942e-01 -6.084044434590798467e-01 -1.433803546172065957e+00 -3.476374602295504879e+00 -5.993913900652875881e+00 -2.039358271751549978e+01 1.486968472158844312e+00 -2.497145306853729494e+02 8.450650390974190032e+02 -6.327908915964140760e+03 2.724905682199300645e+04 -6.193610608167817190e+03 8.298941467792352569e+02 -2.322201286495873376e+02 4.983300798519382013e+00 -1.686720386856898202e+01 -4.336443924983669262e+00 -2.525248783914566975e+00 -9.730020041506127759e-01 -3.974606669266324555e-01 -1.372323164236885773e-01 -4.574997229029905549e-02 -1.981897236101825416e-02 -1.679325299845754391e-02 -1.806274140711866885e-02 -1.772653328942110432e-02 -1.516585431646031226e-02 -1.149564588301854595e-02 -7.911926025138932284e-03 -5.125355617894821088e-03 -3.324488551575403416e-03 -2.351705703058337184e-03 -1.909341611157700999e-03 -1.713070357904508245e-03 -1.569825147922933838e-03 -1.391264424772724719e-03 -1.168456117015600560e-03 -9.330161391359432718e-04 -7.230431015304504246e-04 -5.627566277336434712e-04 -4.565253385775872421e-04 -3.932088052646053565e-04 -3.549112373762989192e-04 -3.252047302415514711e-04 -2.939793156983254853e-04 -2.584136726836608702e-04 -2.206724487806871362e-04 -1.867187148591963573e-04 -1.528265023460410703e-04 -1.667706737132011979e-04
-2.239697655818998628e-02 -6.025270436767874577e-03 -4.223028075944558132e-03 -3.017929492933761875e-03 -2.397312861352965917e-03 -1.980238860542859677e-03 -1.689899081046305216e-03 -1.482597875595264691e-03 -1.337447807234023837e-03 -1.238891125691236276e-03 -1.172393899471584110e-03 -1.123962209395125639e-03 -1.082050691989741532e-03 -1.039919957083506891e-03 -9.969623585004516557e-04 -9.580783714280604116e-04 -9.310403475513339073e-04 -9.226498963262836977e-04 -9.351391050870582833e-04 -9.643305435551836153e-04 -1.000553915385774071e-03 -1.032280905073058386e-03 -1.051250038705652933e-03 -1.057037638939606556e-03 -1.058867117050874213e-03 -1.073314516473798533e-03 -1.118104218152398679e-03 -1.204013210259957320e-03 -1.328273141948660982e-03 -1.472935306947962143e-03 -1.610406022064290272e-03 -1.715535433752024769e-03 -1.780497702632629188e-03 -1.826215804155622039e-03 -1.903558998674417758e-03 -2.080244447870676500e-03 -2.414401622372734993e-03 -2.922870757167005899e-03 -3.558093660514498151e-03 -4.209505877760257378e-03 -4.741447968968358871e-03 -5.067414395432277320e-03 -5.243911799088672374e-03 -5.548023726712135797e-03 -6.489957240556659852e-03 -8.713764144623317373e-03 -1.276022857531847535e-02 -1.871656847611884514e-02 -2.585273802143228314e-02 -3.243946330566030434e-02 -3.607773580441661632e-02 -3.500177047504791222e-02 -3.103054195659507922e-02 -3.508275720022573790e-02 -7.735796910859785158e-02 -2.218334469070068204e-01 -6.091353612623238156e-01 -1.436126588771360124e+00 -3.484055748216573267e+00 -6.007911204391755078e+00 -2.046108769889607260e+01 1.520524555690532686e+00 -2.507836354187311372e+02 8.490556404520402793e+02 -6.358081674740416020e+03 2.738456977470236598e+04 -6.225640766771485687e+03 8.342274470332407645e+02 -2.335196554271556408e+02 4.991931443148584613e+00 -1.697456054883121368e+01 -4.367651571414795875e+00 -2.543366697338464988e+00 -9.803844588146793937e-01 -4.005632590094056478e-01 -1.383447419302392123e-01 -4.613103862504896319e-02 -1.998808178207345590e-02 -1.694027766373515723e-02 -1.822562407758254732e-02 -1.789089939030722928e-02 -1.531013955790731101e-02 -1.160764073798609998e-02 -7.990706034704591829e-03 -5.177406991620706403e-03 -3.358855578591501100e-03 -2.376427602776361777e-03 -1.929766315904896936e-03 -1.731735067877146700e-03 -1.587243395793786534e-03 -1.406969347623807662e-03 -1.181856874636272054e-03 -9.438722153790695107e-04 -7.315668668974008781e-04 -5.694724286512893889e-04 -4.620414492816872693e-04 -3.980257026639162404e-04 -3.593309782710274892e-04 -3.293281976820152768e-04 -2.978525385837267505e-04 -2.617530339019198313e-04 -2.251462683281647435e-04 -1.840467193167691731e-04 -1.948371756127652201e-04
-2.074966504747468785e-02 -5.620470514393588295e-03 -3.981463825019769705e-03 -2.883770023355500603e-03 -2.316190140131545346e-03 -1.925785638214359569e-03 -1.643279742388257516e-03 -1.431833937538910416e-03 -1.276946033750683178e-03 -1.169144151072137221e-03 -1.098646333463367594e-03 -1.053750150994444161e-03 -1.022096867451127320e-03 -9.932959976649855059e-04 -9.615319124030088926e-04 -9.269089099795369772e-04 -8.948022649987491701e-04 -8.732487464597196367e-04 -8.692000803001513880e-04 -8.850452056933384411e-04 -9.168524965394513841e-04 -9.552843452493215738e-04 -9.891452170926165379e-04 -1.010381028722890685e-03 -1.018554321907027800e-03 -1.022647693059859945e-03 -1.038871170943054005e-03 -1.084633973478478812e-03 -1.170624172374924547e-03 -1.294300330338790791e-03 -1.438206502955995244e-03 -1.575319623025027774e-03 -1.680881193250702722e-03 -1.747060460442969709e-03 -1.794310904382818983e-03 -1.872708128307676387e-03 -2.049172174726534169e-03 -2.381420871781176306e-03 -2.886554614947756722e-03 -3.517973116056043442e-03 -4.166459055772887138e-03 -4.697506132786390988e-03 -5.024920017228043205e-03 -5.204259128107136152e-03 -5.510482708308408160e-03 -6.451258262068606912e-03 -8.668785436346904821e-03 -1.270444817838165333e-02 -1.864818190891976563e-02 -2.577393709543957662e-02 -3.236139355259323724e-02 -3.601358374967643383e-02 -3.495887746710223121e-02 -3.100857066796602196e-02 -3.507553586731559231e-02 -7.738585803102240868e-02 -2.220278237001336585e-01 -6.099883584988857743e-01 -1.438718234127400519e+00 -3.492326881196690103e+00 -6.022904597097223700e+00 -2.053143306300663085e+01 1.553520111272482351e+00 -2.518815069843483343e+02 8.531351322341799914e+02 -6.388921434369708550e+03 2.752285551875557576e+04 -6.258280469656190689e+03 8.386425122082503094e+02 -2.348404454413468443e+02 5.001429973911906579e+00 -1.708323807866383959e+01 -4.399133768182151627e+00 -2.561650376914627270e+00 -9.878250030052915243e-01 -4.036887675458036839e-01 -1.394646282219150213e-01 -4.651451937673147657e-02 -2.015821754055777820e-02 -1.708814473969267819e-02 -1.838937098503582931e-02 -1.805607907737333956e-02 -1.545509773204133477e-02 -1.172013257527797399e-02 -8.069822131704608090e-03 -5.229674363436804217e-03 -3.393362905152881928e-03 -2.401249226978226410e-03 -1.950271929250279104e-03 -1.750471871278167207e-03 -1.604727264988144511e-03 -1.422732334139659854e-03 -1.195306720677368623e-03 -9.547682823683584490e-04 -7.401231092159883326e-04 -5.762163761241853458e-04 -4.675854624128293982e-04 -4.028786197755954970e-04 -3.637932583628633349e-04 -3.335860046271271057e-04 -3.016246604894247743e-04 -2.669651486294989293e-04 -2.220634841975830612e-04 -2.331454297554930513e-04
-1.969887365753605554e-02 -5.329979639361444310e-03 -3.781621336077549671e-03 -2.747233566674422631e-03 -2.217447128011106050e-03 -1.854389703932289970e-03 -1.589548496379810608e-03 -1.386231663550499624e-03 -1.230952549550776414e-03 -1.117124561042685989e-03 -1.039245237717336323e-03 -9.899727559195929671e-04 -9.598039820166866763e-04 -9.385426141672981821e-04 -9.177107880468223173e-04 -8.928570591436575752e-04 -8.647443784849276165e-04 -8.387711877796773154e-04 -8.226226133724272435e-04 -8.228594525331811788e-04 -8.417143724406052916e-04 -8.754489137371511799e-04 -9.151980525054234997e-04 -9.503146986344758549e-04 -9.731338237567307373e-04 -9.832875649686866407e-04 -9.894948525428070175e-04 -1.007505750075054270e-03 -1.054301419356363330e-03 -1.140393193323403472e-03 -1.263425299954056696e-03 -1.406437838626856942e-03 -1.543009759689646610e-03 -1.648814637817970713e-03 -1.716054211176526413e-03 -1.764742005357681880e-03 -1.844181230259274830e-03 -2.020506164874058888e-03 -2.351018643110319196e-03 -2.853051745904007074e-03 -3.480910302169997611e-03 -4.126655789577054687e-03 -4.656878358000181295e-03 -4.985678020582250645e-03 -5.167752412030065731e-03 -5.476011133431744199e-03 -6.416072192521882211e-03 -8.628122739602471503e-03 -1.265243134328624362e-02 -1.858545080742217415e-02 -2.570563087563819751e-02 -3.229522616604583313e-02 -3.596069087309090861e-02 -3.492627150760312799e-02 -3.099504593284991075e-02 -3.507718637525800154e-02 -7.743159354788481386e-02 -2.222693053403089480e-01 -6.109603359919394405e-01 -1.441572523364308855e+00 -3.501177598541728386e+00 -6.038877864313071164e+00 -2.060459744521863001e+01 1.585998174583920006e+00 -2.530082543457220368e+02 8.573043917187942498e+02 -6.420434888025774853e+03 2.766394925805518869e+04 -6.291539045140347298e+03 8.431406153531569316e+02 -2.361829478111162075e+02 5.011784860913749640e+00 -1.719328162379162706e+01 -4.430905533288751919e+00 -2.580108320833597535e+00 -9.953272179313333856e-01 -4.068387024726749512e-01 -1.405925206962687912e-01 -4.690060025011071054e-02 -2.032946106489355934e-02 -1.723692484619419873e-02 -1.855406054691756054e-02 -1.822215133882445007e-02 -1.560079779772974989e-02 -1.183317447780454085e-02 -8.149311253194898436e-03 -5.282181814458624183e-03 -3.428026186080721828e-03 -2.426181657256090609e-03 -1.970867473149510735e-03 -1.769288905693764931e-03 -1.622284270542812207e-03 -1.438560160954011806e-03 -1.208811658849084838e-03 -9.657099110449646542e-04 -7.487180374940138579e-04 -5.829967179354644553e-04 -4.731740144787669063e-04 -4.077832460260786282e-04 -3.684172888577552673e-04 -3.377267164578858557e-04 -3.076381298561233564e-04 -2.631821318652266257e-04 -2.807752787071793321e-04
-1.924261040371130424e-02 -5.163493449296605899e-03 -3.633998365966357308e-03 -2.617430196465965909e-03 -2.105899678133879831e-03 -1.765358875339239318e-03 -1.523275183434597089e-03 -1.338102636032462243e-03 -1.192742145812755641e-03 -1.079785131008503948e-03 -9.959566735252810016e-04 -9.382942373816798498e-04 -9.021171855614576072e-04 -8.806121631828639409e-04 -8.659071536567847401e-04 -8.511115220420354581e-04 -8.324697550639205282e-04 -8.106620560068094044e-04 -7.905412201812805082e-04 -7.791737865342860270e-04 -7.827552844865672205e-04 -8.035691275041958580e-04 -8.383118308796762633e-04 -8.787498906919638270e-04 -9.148099262902535276e-04 -9.391265477234824344e-04 -9.512608714355700766e-04 -9.595468824547533993e-04 -9.792185245174230002e-04 -1.026844438337119270e-03 -1.112819239182053204e-03 -1.235035620768226315e-03 -1.377061243350359565e-03 -1.513065953244793933e-03 -1.619115036533970908e-03 -1.687401340885629668e-03 -1.737482883646830883e-03 -1.817911790299522618e-03 -1.994084143446399424e-03 -2.322932331247275044e-03 -2.822036923956968649e-03 -3.446575468423128310e-03 -4.089808239431456764e-03 -4.619362030588917804e-03 -4.949504575919062843e-03 -5.134406536012835025e-03 -5.444681349492304714e-03 -6.382193452600499160e-03 -8.589489173717712589e-03 -1.260677452297195161e-02 -1.853080964081396317e-02 -2.564632364904761985e-02 -3.223965378273887378e-02 -3.591863760837610275e-02 -3.490345539960477972e-02 -3.098963116201837800e-02 -3.508738185408488697e-02 -7.749461377928819339e-02 -2.225565989307320414e-01 -6.120484763736083744e-01 -1.444684052638179672e+00 -3.510598549758182862e+00 -6.055816470496522719e+00 -2.068056296719866438e+01 1.617999256833353661e+00 -2.541640059627632695e+02 8.615643323061912042e+02 -6.452628998401266472e+03 2.780788701651030715e+04 -6.325425939844418281e+03 8.477230447636925419e+02 -2.375476112558955890e+02 5.022985636605406867e+00 -1.730473573508731633e+01 -4.462981571194880814e+00 -2.598748862532651582e+00 -1.002894609734509057e+00 -4.100145420728247281e-01 -1.417289532223700022e-01 -4.728946313342823754e-02 -2.050189218819347195e-02 -1.738668723296527344e-02 -1.871976964716503058e-02 -1.838919362832820009e-02 -1.574730740110876631e-02 -1.194681855066836995e-02 -8.229209686066361190e-03 -5.334953023457448575e-03 -3.462860822585839184e-03 -2.451235789641971995e-03 -1.991561810309012363e-03 -1.788194184954626379e-03 -1.639921912997601046e-03 -1.454459872971537900e-03 -1.222378549630585062e-03 -9.767048505903346087e-04 -7.573618016839015702e-04 -5.898335615547580998e-04 -4.788259734101851903e-04 -4.128828456408454835e-04 -3.729010691971290105e-04 -3.445660137168320126e-04 -3.028351777317394786e-04 -3.337582127368519773e-04
-1.914337672799435938e-02 -5.081202547168336622e-03 -3.528968473637149415e-03 -2.502154080435936481e-03 -1.993611402224764514e-03 -1.667827869113238390e-03 -1.447154858003588725e-03 -1.283751777019313117e-03 -1.154877877393657845e-03 -1.049733865921799719e-03 -9.647516820790351996e-04 -8.996291775169750664e-04 -8.542068259859278076e-04 -8.263535235768619275e-04 -8.112952119784933155e-04 -8.024865693554627741e-04 -7.936148198196236406e-04 -7.808888631899994943e-04 -7.645910721297996494e-04 -7.490974319393373798e-04 -7.411538367171267199e-04 -7.469236250628724779e-04 -7.689551468265989334e-04 -8.044081509854145466e-04 -8.455475267406765624e-04 -8.826644652478776764e-04 -9.085070981095191194e-04 -9.224725553434886703e-04 -9.325285337488523670e-04 -9.534921093282840675e-04 -1.001640107685265908e-03 -1.087334396705968336e-03 -1.208730125762809762e-03 -1.349868455088307478e-03 -1.485419823187089650e-03 -1.591759415213104666e-03 -1.661035327921207708e-03 -1.712374920514899996e-03 -1.793651890485901219e-03 -1.969610047755577381e-03 -2.296872717127084861e-03 -2.793264646259288435e-03 -3.414799711949637745e-03 -4.055745956881591681e-03 -4.584979347173519411e-03 -4.916479862342736790e-03 -5.101906083701352942e-03 -5.414139166001617938e-03 -6.352508096983685605e-03 -8.555651162592508088e-03 -1.256609874163975259e-02 -1.848305020355758485e-02 -2.559566324032884130e-02 -3.219412633915155753e-02 -3.588696228629714019e-02 -3.489003599406020201e-02 -3.099202573626000032e-02 -3.510583353771096898e-02 -7.757441015762676917e-02 -2.228885280841150784e-01 -6.132502193010492819e-01 -1.448047928804702122e+00 -3.520581358490983970e+00 -6.073707438703094930e+00 -2.075931501688967629e+01 1.649561550926156972e+00 -2.553489090013837028e+02 8.659159031804101687e+02 -6.485510995309866303e+03 2.795470565355634972e+04 -6.359950727269846539e+03 8.523911051955211633e+02 -2.389348847619398555e+02 5.035022838543643076e+00 -1.741764443583909738e+01 -4.495376305066134393e+00 -2.617580188174744915e+00 -1.010530616862376219e+00 -4.132177360068350347e-01 -1.428744492012558875e-01 -4.768128643756914392e-02 -2.067558928506635710e-02 -1.753749989729512515e-02 -1.888657376919855926e-02 -1.855728199861024497e-02 -1.589469298916433571e-02 -1.206111600230599934e-02 -8.309553112560966528e-03 -5.388011280505896998e-03 -3.497881953997852063e-03 -2.476422323386899115e-03 -2.012363665829264639e-03 -1.807195718124243820e-03 -1.657648015973411243e-03 -1.470439513708542319e-03 -1.236016765302862903e-03 -9.877653202036399023e-04 -7.660781574972952684e-04 -5.967484796114045460e-04 -4.847099190163592667e-04 -4.178127542634674837e-04 -3.805912364142640899e-04 -3.385153791355599768e-04 -3.865160290758351612e-04
-1.905973753270603574e-02 -5.017099310643576525e-03 -3.443369353355062168e-03 -2.404540388579179833e-03 -1.893569316735932515e-03 -1.575315959967577960e-03 -1.369534481793430831e-03 -1.224316944083736567e-03 -1.112339949815770472e-03 -1.018911011365414418e-03 -9.383064503818502747e-04 -8.704042753608980066e-04 -8.174637076582057325e-04 -7.811839599819006856e-04 -7.606867359378595905e-04 -7.519483693684459900e-04 -7.487978841785171251e-04 -7.450476290030678224e-04 -7.368884317791524674e-04 -7.245213901375329541e-04 -7.122387487381923437e-04 -7.067495703931428799e-04 -7.142658292264441895e-04 -7.374872960506488346e-04 -7.738115993969338965e-04 -8.157729271096071655e-04 -8.538811911784324792e-04 -8.809727858768038938e-04 -8.963600015637893711e-04 -9.077747705592238226e-04 -9.297365446824515031e-04 -9.782913644489504585e-04 -1.063754820654067576e-03 -1.184471652800759504e-03 -1.324860335741591183e-03 -1.460012920210083378e-03 -1.566582195414771561e-03 -1.636695168440085741e-03 -1.689115422033231643e-03 -1.771122542565129300e-03 -1.946868423981172906e-03 -2.272716340568401751e-03 -2.766608855718297698e-03 -3.385648766978925465e-03 -4.024576615629428707e-03 -4.551278506654518434e-03 -4.884109931804126239e-03 -5.073337361806226284e-03 -5.387383666119562216e-03 -6.325672225328832048e-03 -8.525496180149055858e-03 -1.253022047791500435e-02 -1.844175245408719716e-02 -2.555324523788043631e-02 -3.215820601500121029e-02 -3.586525005155060536e-02 -3.488566418850563844e-02 -3.100195988989978488e-02 -3.513228109491591672e-02 -7.767052047367015155e-02 -2.232640217567588847e-01 -6.145632404231406998e-01 -1.451659730453395358e+00 -3.531118552718428116e+00 -6.092539242402721378e+00 -2.084084205038237769e+01 1.680721118466540487e+00 -2.565631286288773936e+02 8.703600890483783132e+02 -6.519088373888194837e+03 2.810444288005055205e+04 -6.395123116044593189e+03 8.571461190276118032e+02 -2.403452182088953464e+02 5.047887956745988447e+00 -1.753205130326421468e+01 -4.528103906867508854e+00 -2.636610352981478389e+00 -1.018238616966897103e+00 -4.164497081546070789e-01 -1.440295225638695831e-01 -4.807624541875497870e-02 -2.085062940525190395e-02 -1.768942970002726836e-02 -1.905454712519419336e-02 -1.872649122812714007e-02 -1.604301991223858539e-02 -1.217611720999196671e-02 -8.390376637483492814e-03 -5.441379486195226101e-03 -3.533104452591718896e-03 -2.501751794510281759e-03 -2.033281771965070057e-03 -1.826301894862528705e-03 -1.675471525956215638e-03 -1.486509901871620144e-03 -1.249740490440597041e-03 -9.989185132721046211e-04 -7.748906028382834994e-04 -6.039339800111302638e-04 -4.903921902567443631e-04 -4.264546816309255244e-04 -3.732748149537417964e-04 -4.351760711660715799e-04
-1.870558688596371533e-02 -4.910788984514718146e-03 -3.352139020204005643e-03 -2.322233741742941310e-03 -1.813835153422647386e-03 -1.499145615602276958e-03 -1.299852768661638675e-03 -1.164407812875601798e-03 -1.064166792882654785e-03 -9.820127615986461167e-04 -9.095414516721816826e-04 -8.447100709898643046e-04 -7.894364122942615792e-04 -7.469334854195795043e-04 -7.192534093648739147e-04 -7.056626995203058505e-04 -7.023277107312356779e-04 -7.033998168994097218e-04 -7.030938908770931368e-04 -6.979609990033515789e-04 -6.884093768767553505e-04 -6.787467447757690887e-04 -6.755566786267792369e-04 -6.848968934245813290e-04 -7.094010007094740580e-04 -7.465537613318757497e-04 -7.891122193905608564e-04 -8.278530360945689877e-04 -8.558012325877939691e-04 -8.722858993260189158e-04 -8.848668539457828957e-04 -9.077755076898518438e-04 -9.567897538230439071e-04 -1.042116624996191135e-03 -1.162228934464140575e-03 -1.301881527289445572e-03 -1.436577163342416712e-03 -1.543263824223728995e-03 -1.614087141756316698e-03 -1.667487269508467892e-03 -1.750219160747713007e-03 -1.925766876210413450e-03 -2.250583811979319730e-03 -2.742233669364647648e-03 -3.356557022391035237e-03 -3.993674085343043405e-03 -4.521542946857973894e-03 -4.855580807605454699e-03 -5.047294180593771620e-03 -5.363293090833121286e-03 -6.301600392084450060e-03 -8.498733544417391012e-03 -1.249888496604043345e-02 -1.840660177635189063e-02 -2.551870780557302307e-02 -3.213150336291894366e-02 -3.585312658256283036e-02 -3.489002429152469192e-02 -3.101918939425483968e-02 -3.516648834021796066e-02 -7.778252393729859215e-02 -2.236821051826309581e-01 -6.159854329899656644e-01 -1.455515473145574390e+00 -3.542203502015100369e+00 -6.112301707938118334e+00 -2.092513541329516258e+01 1.711512059702826383e+00 -2.578068473868527803e+02 8.748979099531858310e+02 -6.553368893346768346e+03 2.825713727454675609e+04 -6.430952957877082554e+03 8.619894273818549664e+02 -2.417790629607667938e+02 5.061573385289083404e+00 -1.764799954482417021e+01 -4.561178325481948903e+00 -2.655847296524205259e+00 -1.026021933368408634e+00 -4.197118592839075846e-01 -1.451946787126322802e-01 -4.847451248744481106e-02 -2.102708840483756905e-02 -1.784254247853557171e-02 -1.922376277790928054e-02 -1.889689493513333970e-02 -1.619235250983256519e-02 -1.229187176830158837e-02 -8.471714806256032404e-03 -5.495080164144848164e-03 -3.568542977859287101e-03 -2.527234748995885877e-03 -2.054325294027020254e-03 -1.845522334357538883e-03 -1.693404375629760502e-03 -1.502686902712233779e-03 -1.263580014805725047e-03 -1.010189396143386853e-03 -7.840132885559914552e-04 -6.108888914092084612e-04 -5.002544338828971652e-04 -4.181026545021532693e-04 -4.819040084707886451e-04
-1.796601837456735656e-02 -4.732811296455912732e-03 -3.239308805179533495e-03 -2.249026961278114290e-03 -1.754589010673846547e-03 -1.443692958145544785e-03 -1.244246976853005887e-03 -1.109468844524211803e-03 -1.013146650194536374e-03 -9.382585575144100458e-04 -8.745394815776264333e-04 -8.171210518339661272e-04 -7.654123328239922528e-04 -7.215553242212791908e-04 -6.884929454610430816e-04 -6.680521971593892175e-04 -6.596075617571534782e-04 -6.597987727729579975e-04 -6.634574602462291497e-04 -6.654465195284397843e-04 -6.627276070868274227e-04 -6.557913494659652499e-04 -6.487466704337533936e-04 -6.478479102650277479e-04 -6.588766473531110831e-04 -6.843821471381252323e-04 -7.219978208058524779e-04 -7.647959771059735772e-04 -8.038955098143063310e-04 -8.325408412791893186e-04 -8.500624734238851170e-04 -8.638050980236583508e-04 -8.876667684401274563e-04 -9.371287175096321836e-04 -1.022283516052609849e-03 -1.141742300216192461e-03 -1.280609893051695355e-03 -1.414809225597966685e-03 -1.521576808328604750e-03 -1.593104008723769021e-03 -1.647403771270411011e-03 -1.731094265368685655e-03 -1.906517321346446348e-03 -2.227794753798390415e-03 -2.717395717737608983e-03 -3.331048278230770536e-03 -3.966440160067137392e-03 -4.494284147873731788e-03 -4.829704484765265891e-03 -5.023704816937217890e-03 -5.341613006515361431e-03 -6.280122476639878569e-03 -8.475171446853491802e-03 -1.247186811394889426e-02 -1.837732243444540128e-02 -2.549172556840242215e-02 -3.211366580262194070e-02 -3.585025170731431787e-02 -3.490282913679958188e-02 -3.104349216927587349e-02 -3.520824040557874596e-02 -7.791003730130822980e-02 -2.241418920774161661e-01 -6.175148915164184737e-01 -1.459611578213332095e+00 -3.553830361012546568e+00 -6.132985926432199086e+00 -2.101218917957874410e+01 1.741966668223934089e+00 -2.590802646341757622e+02 8.795304211559957821e+02 -6.588360576229755679e+03 2.841282829996807413e+04 -6.467450255258467223e+03 8.669223912052281094e+02 -2.432368724250536900e+02 5.076072377772373301e+00 -1.776553206983205868e+01 -4.594613313036523650e+00 -2.675298857065960156e+00 -1.033883841124996428e+00 -4.230055695623739509e-01 -1.463704154128133428e-01 -4.887625750480616149e-02 -2.120504107377691599e-02 -1.799690315369248741e-02 -1.939429275176453998e-02 -1.906856567790655294e-02 -1.634275418429361956e-02 -1.240842853585951908e-02 -8.553601645535025694e-03 -5.549135542550751032e-03 -3.604212179248079788e-03 -2.552882209295948869e-03 -2.075504744238833472e-03 -1.864869905220251090e-03 -1.711463940858169459e-03 -1.519003987997139286e-03 -1.277562499464689324e-03 -1.021814394743816856e-03 -7.928842387204083431e-04 -6.224768991625086179e-04 -4.912362149122124133e-04 -5.383402122597365875e-04
-1.692491997882172861e-02 -4.493367286896343335e-03 -3.103633812205613702e-03 -2.177913414196359573e-03 -1.708936301423986557e-03 -1.405267786150740184e-03 -1.203202976622117166e-03 -1.063188138355081582e-03 -9.639845743241552689e-04 -8.909919903413739519e-04 -8.336914224250337657e-04 -7.848774435239675665e-04 -7.407037305230702038e-04 -7.005216324576895833e-04 -6.660822579947110137e-04 -6.400973597751729314e-04 -6.245462895704242999e-04 -6.193240904380940609e-04 -6.217840275457291611e-04 -6.274326269386826423e-04 -6.315776096241537034e-04 -6.313070357410724334e-04 -6.269515636574518169e-04 -6.222996834065035740e-04 -6.232894354426272293e-04 -6.355315383469058426e-04 -6.616193289695288188e-04 -6.994239081802813189e-04 -7.423506507548426102e-04 -7.818128343205663034e-04 -8.111939008591000826e-04 -8.297540994830581145e-04 -8.445900805306087548e-04 -8.692799161073338013e-04 -9.190532722622588241e-04 -1.003937465814419257e-03 -1.122712216215800141e-03 -1.260820649699123663e-03 -1.394604663120077321e-03 -1.501432967568528797e-03 -1.573912010944114983e-03 -1.629100742313044446e-03 -1.710919866595284012e-03 -1.886239080278139012e-03 -2.208137189753632719e-03 -2.695749897549682902e-03 -3.307572193265665133e-03 -3.941630168603844214e-03 -4.469430817681476278e-03 -4.806213850119819310e-03 -5.002406322434134987e-03 -5.322189448541799796e-03 -6.261092579137513339e-03 -8.454647541664484997e-03 -1.244897129078273608e-02 -1.835366642736567175e-02 -2.547200334543646416e-02 -3.210437224323505617e-02 -3.585631514967654171e-02 -3.492381678596787054e-02 -3.107466583736865837e-02 -3.525734157994308421e-02 -7.805271161930692203e-02 -2.246425777812133817e-01 -6.191498971611009150e-01 -1.463944844661599243e+00 -3.565994018354096795e+00 -6.154584174114222428e+00 -2.110200000597379244e+01 1.772115572027902930e+00 -2.603835960535072331e+02 8.842587130811263023e+02 -6.624071708142879288e+03 2.857155632068380510e+04 -6.504625168948264218e+03 8.719463923189640582e+02 -2.447191025833051867e+02 5.091379006347571234e+00 -1.788469155678692601e+01 -4.628422449595867683e+00 -2.694972785038114438e+00 -1.041827572741907959e+00 -4.263322009264159940e-01 -1.475572236378472901e-01 -4.928164806696538891e-02 -2.138456125882870137e-02 -1.815257583105907985e-02 -1.956620813623687061e-02 -1.924157504907284683e-02 -1.649428747769590003e-02 -1.252583570669229748e-02 -8.636070772374543694e-03 -5.603567787743435856e-03 -3.640127222671197399e-03 -2.578706732819061129e-03 -2.096834388588214668e-03 -1.884363907554132984e-03 -1.729688112307224560e-03 -1.535493162393380398e-03 -1.291955107395127526e-03 -1.033174111814066888e-03 -8.069397615843636141e-04 -6.130228998107558128e-04 -6.257155686356886612e-04
-1.580327032580596328e-02 -4.232715533933349532e-03 -2.957081077110013112e-03 -2.104050820816055420e-03 -1.666648634669047960e-03 -1.374632882791884930e-03 -1.171992218953665484e-03 -1.026058549175647714e-03 -9.209380635953386823e-04 -8.455915500724618932e-04 -7.908336712613068566e-04 -7.485958439326572756e-04 -7.125631010985762756e-04 -6.790501528868274914e-04 -6.473812579186314807e-04 -6.193858068421289904e-04 -5.980583306746056977e-04 -5.858296630124201982e-04 -5.831096020278951500e-04 -5.877115701488637607e-04 -5.954578919425836765e-04 -6.017873844675438507e-04 -6.037467870439777902e-04 -6.015084489761782314e-04 -5.986657415186894026e-04 -6.010068966422458690e-04 -6.140996360806866066e-04 -6.406236669510222918e-04 -6.786419656667975120e-04 -7.217930471123100173e-04 -7.616805773486927649e-04 -7.917620956058313026e-04 -8.112218127326192591e-04 -8.269544926672085404e-04 -8.522882610367973032e-04 -9.022640349667163237e-04 -9.868627172099659218e-04 -1.105049842153518454e-03 -1.242436400210646498e-03 -1.376149531168111353e-03 -1.483086966182197612e-03 -1.553506005451680194e-03 -1.609525365063487574e-03 -1.693745582399575804e-03 -1.868847890079300498e-03 -2.190000103475882049e-03 -2.676010598580008410e-03 -3.286081926347220444e-03 -3.918976429171614276e-03 -4.446814692910801108e-03 -4.784948393159525575e-03 -4.983260124338591279e-03 -5.304895656994520863e-03 -6.244384229663729399e-03 -8.437018172165770477e-03 -1.243001582666136869e-02 -1.833540873435932084e-02 -2.545927209553318360e-02 -3.210332941731723622e-02 -3.587103334850595682e-02 -3.495274797410431733e-02 -3.111252578513648559e-02 -3.531361354107228484e-02 -7.821022944766048424e-02 -2.251834331605951089e-01 -6.208889045840930709e-01 -1.468512423808611356e+00 -3.578690050539970802e+00 -6.177089840193040082e+00 -2.119456700052907649e+01 1.801987862347722791e+00 -2.617170732155468045e+02 8.890839113202350745e+02 -6.660510837920516678e+03 2.873336262001089926e+04 -6.542488025274250504e+03 8.770628344398944591e+02 -2.462262124962010716e+02 5.107488123977526051e+00 -1.800552051685293264e+01 -4.662619166371384516e+00 -2.714876755730325719e+00 -1.049856323552983639e+00 -4.296930993204438054e-01 -1.487555883734209272e-01 -4.969084977997186015e-02 -2.156572198546281155e-02 -1.830962390052547420e-02 -1.973957918617803495e-02 -1.941599376946840858e-02 -1.664701416261810465e-02 -1.264414093851481784e-02 -8.719155663198301098e-03 -5.658399638658104421e-03 -3.676305147250599238e-03 -2.604725599229733117e-03 -2.118336954587475215e-03 -1.904049641969645735e-03 -1.748118463279847105e-03 -1.552472535190492237e-03 -1.306067997364092305e-03 -1.050571582118438449e-03 -7.967567757882814067e-04 -7.696735510489226533e-04
-1.484576695252822973e-02 -3.999591012060074550e-03 -2.817741924183142684e-03 -2.026383830933245478e-03 -1.618870652234953664e-03 -1.341617114287129700e-03 -1.143333383790747513e-03 -9.955435728863384036e-04 -8.859916326823686619e-04 -8.068094409471181401e-04 -7.510316604473390566e-04 -7.114246326940344223e-04 -6.809806846575726900e-04 -6.541003579449601460e-04 -6.276945397144558913e-04 -6.016081014175851628e-04 -5.780911690455765601e-04 -5.604383843520026071e-04 -5.512727303837212803e-04 -5.511290450566982014e-04 -5.579232772696473370e-04 -5.675816719876875536e-04 -5.756423111345096650e-04 -5.792196446065974412e-04 -5.784963428328244789e-04 -5.770152988113139668e-04 -5.804811852332362890e-04 -5.943950768449242535e-04 -6.214356503812088926e-04 -6.597522455609968785e-04 -7.031365682967568058e-04 -7.433537269407886885e-04 -7.739587848311500935e-04 -7.941164060311277579e-04 -8.105838431785845986e-04 -8.364742869984982373e-04 -8.866855371137471542e-04 -9.709988938046588015e-04 -1.088973744237748710e-03 -1.225743120440692851e-03 -1.356252547117034251e-03 -1.463294824817657717e-03 -1.536200211996804161e-03 -1.592851103211071579e-03 -1.677875033289764287e-03 -1.853004405314467645e-03 -2.173367932551946088e-03 -2.657927495152703594e-03 -3.266425362451097231e-03 -3.898323295899770811e-03 -4.426293182532298719e-03 -4.765776390255936287e-03 -4.966147022642712974e-03 -5.289620996067708435e-03 -6.229885223612728271e-03 -8.422154265578275789e-03 -1.241483974042300112e-02 -1.832234427909903637e-02 -2.545328595775339653e-02 -3.211026902477819023e-02 -3.589414687941513971e-02 -3.498940400070408435e-02 -3.115690354941248741e-02 -3.537689385627222627e-02 -7.838230239052110249e-02 -2.257637991521468657e-01 -6.227305301006269556e-01 -1.473311796357122283e+00 -3.591914680149547401e+00 -6.200497361478739755e+00 -2.128989160381865275e+01 1.831611211504391656e+00 -2.630809431959268636e+02 8.940071766915766602e+02 -6.697686778199190485e+03 2.889828941814200880e+04 -6.581049323277026815e+03 8.822731441779309307e+02 -2.477586647857733624e+02 5.124395329738250737e+00 -1.812806135382989581e+01 -4.697216767572197860e+00 -2.735018381262886322e+00 -1.057973256803330875e+00 -4.330895968206296409e-01 -1.499659893883067419e-01 -5.010402652963204251e-02 -2.174859557763107049e-02 -1.846811012610133015e-02 -1.991447540439562902e-02 -1.959189177099334919e-02 -1.680099537269386101e-02 -1.276339166819608767e-02 -8.802890472018983642e-03 -5.713656265396820956e-03 -3.712769306182613863e-03 -2.630967862962828481e-03 -2.140069997297288241e-03 -1.923984214538712861e-03 -1.767156177631171252e-03 -1.569139474090916909e-03 -1.327616456601074220e-03 -1.038512108151524744e-03 -9.897620765251494319e-04
-1.421046197358507256e-02 -3.828549192812341715e-03 -2.700923364854852533e-03 -1.947435573314737446e-03 -1.561659860719957511e-03 -1.299568838887876776e-03 -1.110834854866241811e-03 -9.675407461949661917e-04 -8.582634169488934399e-04 -7.767453003829848882e-04 -7.181459503061206904e-04 -6.772387581582924769e-04 -6.482000837227865509e-04 -6.253382840652084440e-04 -6.042212220399924586e-04 -5.826347918664031298e-04 -5.609156328684599411e-04 -5.414440567030668044e-04 -5.274081909112879069e-04 -5.212594000897723383e-04 -5.234439665519390267e-04 -5.319447715369322307e-04 -5.428916047838713019e-04 -5.520761925739087281e-04 -5.568108005894574974e-04 -5.573456593623700396e-04 -5.571500790622086743e-04 -5.617678933570894933e-04 -5.765433887158562688e-04 -6.040879239813388198e-04 -6.426135825090643081e-04 -6.860824346465785708e-04 -7.264613967902885288e-04 -7.574479635529296788e-04 -7.782070517067602366e-04 -7.954037511006692646e-04 -8.217858196512292743e-04 -8.725682770547730019e-04 -9.566704395642416274e-04 -1.071101942897031154e-03 -1.207300938056756747e-03 -1.339516894034185673e-03 -1.446501609600395113e-03 -1.520191289785676738e-03 -1.577660507788305154e-03 -1.663307899718701821e-03 -1.838467964142787405e-03 -2.158110416991524186e-03 -2.641366477328440689e-03 -3.248475520115678625e-03 -3.879544584644441328e-03 -4.407744026279825436e-03 -4.748583115998360020e-03 -4.950961797069375163e-03 -5.276266916061625803e-03 -6.217494751787783561e-03 -8.409938952858013461e-03 -1.240329552210693055e-02 -1.831428566691774285e-02 -2.545381989199818618e-02 -3.212494536812013357e-02 -3.592541827628795842e-02 -3.503358493149787145e-02 -3.120764543646498482e-02 -3.544703468498672932e-02 -7.856866892393431223e-02 -2.263830818588898619e-01 -6.246735409785283410e-01 -1.478340751634380723e+00 -3.605664737983919288e+00 -6.224802163104632413e+00 -2.138797748160428114e+01 1.861011980845494129e+00 -2.644754682402033836e+02 8.990297053508564886e+02 -6.735608606374265946e+03 2.906637989052509147e+04 -6.620319741723316838e+03 8.875787720132185541e+02 -2.493169260973185146e+02 5.142096936838310484e+00 -1.825235642094849808e+01 -4.732228451024757199e+00 -2.755405221910339542e+00 -1.066181508465703809e+00 -4.365230136573405861e-01 -1.511889019729162897e-01 -5.052134073253294888e-02 -2.193325374586660784e-02 -1.862809668653862480e-02 -2.009096558022052323e-02 -1.976933830986990145e-02 -1.695629198379428049e-02 -1.288363620173578993e-02 -8.887312581281343882e-03 -5.769371347002447310e-03 -3.749559219125388806e-03 -2.657509324342734701e-03 -2.162111483259818862e-03 -1.944690220878823265e-03 -1.785808743261787894e-03 -1.595366491940398545e-03 -1.311624167668061025e-03 -1.286648274639713143e-03
-1.390903465276677013e-02 -3.726171178226123440e-03 -2.612555183170168181e-03 -1.871604027178827784e-03 -1.496993237484897047e-03 -1.247744978795975544e-03 -1.071617152959125152e-03 -9.383269536885214526e-04 -8.347171547425252282e-04 -7.542325364434227485e-04 -6.932551949599269348e-04 -6.487882314950773081e-04 -6.173553474413305759e-04 -5.948176384358983123e-04 -5.769157841400227721e-04 -5.602029052638970346e-04 -5.429256035151604643e-04 -5.254286626121403795e-04 -5.098324450446650681e-04 -4.990182941138904130e-04 -4.952630765396251336e-04 -4.990548529076622173e-04 -5.086115395215789559e-04 -5.203887890811554435e-04 -5.304654910457429510e-04 -5.363006815749964996e-04 -5.381148574972738352e-04 -5.392090612596914592e-04 -5.449112164862672004e-04 -5.604057372933695172e-04 -5.882737265893976403e-04 -6.268404195484084205e-04 -6.702790638349460884e-04 -7.107608977102509214e-04 -7.421520731107557767e-04 -7.634404673004268650e-04 -7.816873794786468417e-04 -8.085797252522290658e-04 -8.563215629513268876e-04 -9.402304977122089187e-04 -1.056358045579335958e-03 -1.191856203417526565e-03 -1.324027596788746432e-03 -1.431200778185320530e-03 -1.505481611776254792e-03 -1.563704831257131450e-03 -1.649920689529083603e-03 -1.825119352009552413e-03 -2.144121391107154610e-03 -2.626222152927692750e-03 -3.232125044305105346e-03 -3.862531127604801502e-03 -4.391059559786561831e-03 -4.733266540895313644e-03 -4.937610245574998967e-03 -5.264744714560803777e-03 -6.207121587126030425e-03 -8.400265921280907974e-03 -1.239524845772696331e-02 -1.831106136658940120e-02 -2.546066770845093266e-02 -3.214713333323740430e-02 -3.596463014900432020e-02 -3.508510803661388233e-02 -3.126461132048308222e-02 -3.552390164041020065e-02 -7.876909245340281418e-02 -2.270407481287922413e-01 -6.267168457522657166e-01 -1.483597368771553349e+00 -3.619937628736791702e+00 -6.250000604710581165e+00 -2.148883042788930098e+01 1.890215319802497795e+00 -2.659009254728616156e+02 9.041527289505087310e+02 -6.774285665915495883e+03 2.923767818669324333e+04 -6.660310146011801407e+03 8.929811932566594805e+02 -2.509014675431136538e+02 5.160589943207373409e+00 -1.837844807479693543e+01 -4.767667327673613009e+00 -2.776044796837856765e+00 -1.074484191814066847e+00 -4.399946601319248973e-01 -1.524247976142102112e-01 -5.094295351532386606e-02 -2.211976758651633748e-02 -1.878964514489427778e-02 -2.026911787481359625e-02 -1.994840243930313256e-02 -1.711296604589176637e-02 -1.300492704690619193e-02 -8.972470404546892264e-03 -5.825599435825320159e-03 -3.786774538515532210e-03 -2.684451123855115424e-03 -2.185138448371760390e-03 -1.964882731677320554e-03 -1.816873551726190224e-03 -1.572895230126102138e-03 -1.633499517222618963e-03
-1.381750623501153998e-02 -3.671148888942974298e-03 -2.547508852752301042e-03 -1.802903629146492080e-03 -1.431112038045285464e-03 -1.190853401323542287e-03 -1.027075178768481695e-03 -9.060732382992416371e-04 -8.116982917523586204e-04 -7.357101203340643157e-04 -6.745000471682778250e-04 -6.266036002314340995e-04 -5.909386769798320553e-04 -5.657018217109500936e-04 -5.480530066794461188e-04 -5.345544725780030076e-04 -5.221046828087279757e-04 -5.089265668755735402e-04 -4.951435173304606684e-04 -4.826339774332582991e-04 -4.741488229931212716e-04 -4.720036901316774190e-04 -4.768764464179307177e-04 -4.872527578205495613e-04 -4.998401420912126957e-04 -5.108742502065340141e-04 -5.178369264492658618e-04 -5.208489892998893755e-04 -5.230434283653582128e-04 -5.295871961265086799e-04 -5.455787994878940868e-04 -5.736290897294186444e-04 -6.121850704217437480e-04 -6.556524123241242287e-04 -6.962001029946850552e-04 -7.283649974266335906e-04 -7.501997258862161573e-04 -7.656078540820528740e-04 -7.929775663479080722e-04 -8.432124008968129017e-04 -9.267539665495492683e-04 -1.042714475589954712e-03 -1.177814241596736007e-03 -1.309793157896616640e-03 -1.417130332611211312e-03 -1.491942555174144078e-03 -1.550864069167878128e-03 -1.637614354612245077e-03 -1.812867949233047974e-03 -2.131313154134787963e-03 -2.612404853095366079e-03 -3.217280279909973551e-03 -3.847186277967074974e-03 -4.376143569181421486e-03 -4.719734945459400609e-03 -4.926007338536516136e-03 -5.254974046708809493e-03 -6.198682791248781403e-03 -8.393038161383769430e-03 -1.239057528280682920e-02 -1.831251419059124613e-02 -2.547364037958024796e-02 -3.217662663462044631e-02 -3.601158353448189603e-02 -3.514380641723157533e-02 -3.132767358537001667e-02 -3.560737278048656945e-02 -7.898335957008641162e-02 -2.277363215579244482e-01 -6.288594854423601443e-01 -1.489079999624802531e+00 -3.634731299842210106e+00 -6.276089931594250437e+00 -2.159245827735705348e+01 1.919245256848791881e+00 -2.673576066466648058e+02 9.093775148446594585e+02 -6.813727568021154184e+03 2.941222944956714127e+04 -6.701031594994587977e+03 8.984819089969577135e+02 -2.525127651300690559e+02 5.179872004419385334e+00 -1.850637872665051731e+01 -4.803546440068451773e+00 -2.796944594296291164e+00 -1.082884401745233705e+00 -4.435058383823288208e-01 -1.536741445416444085e-01 -5.136902476930309269e-02 -2.230820750747884024e-02 -1.895281652210250439e-02 -2.044900041346561781e-02 -2.012915480139282690e-02 -1.727108481309872975e-02 -1.312733009850413322e-02 -9.058437096853061074e-03 -5.882467361199211764e-03 -3.824537201699132038e-03 -2.712638886484322002e-03 -2.207472393406284365e-03 -2.000809158811578566e-03 -1.785822252725685708e-03 -1.980218451835543542e-03
-1.374468949956017365e-02 -3.626626866595664134e-03 -2.492989332939570153e-03 -1.743187222569056059e-03 -1.371235266455573696e-03 -1.136282386179669150e-03 -9.816792818520764588e-04 -8.713303388288211413e-04 -7.865294769443501206e-04 -7.170157256785925125e-04 -6.582255149200565928e-04 -6.090242287563046994e-04 -5.697739889108326518e-04 -5.407037560616228308e-04 -5.208690050571230992e-04 -5.079098037304230007e-04 -4.985914851828612783e-04 -4.898501533878155860e-04 -4.798784744145520110e-04 -4.687698590947372542e-04 -4.584092264619835056e-04 -4.516009182843552664e-04 -4.507548221755235595e-04 -4.566681687405525899e-04 -4.679500003269488262e-04 -4.814115216531106843e-04 -4.933503199303287956e-04 -5.012542114840091469e-04 -5.051949023865039958e-04 -5.082195832495005295e-04 -5.154110999287469337e-04 -5.318080544375316729e-04 -5.600879048215175356e-04 -5.986036334337136453e-04 -6.425249564348078750e-04 -6.831925335602544646e-04 -7.120007379470880528e-04 -7.343481604246120814e-04 -7.527941992821340781e-04 -7.804017372517411131e-04 -8.310890584012722328e-04 -9.145542322828765667e-04 -1.030193359674297067e-03 -1.164905884658145934e-03 -1.296682368357987948e-03 -1.404165300380178600e-03 -1.479471455325569781e-03 -1.539048175763432129e-03 -1.626308380062943927e-03 -1.801638085391573090e-03 -2.119610387302871702e-03 -2.599836066236673165e-03 -3.203858083579400745e-03 -3.833423446332547609e-03 -4.362909334537872115e-03 -4.707905333881743509e-03 -4.916075918809203853e-03 -5.246881828437123703e-03 -6.192102720658194254e-03 -8.388166962126885826e-03 -1.238916306149363648e-02 -1.831849999530633585e-02 -2.549256457135443132e-02 -3.221323627249728788e-02 -3.606609643814188276e-02 -3.520952778709315889e-02 -3.139671618436343931e-02 -3.569733770664468980e-02 -7.921127847911242637e-02 -2.284693788701322448e-01 -6.311006255886609795e-01 -1.494787253265165816e+00 -3.650044213193687881e+00 -6.303068230334861077e+00 -2.169887082639090892e+01 1.948124783216143241e+00 -2.688458179292811678e+02 9.147053663374523467e+02 -6.853944193594198623e+03 2.959007983524053270e+04 -6.742495347732996379e+03 9.040824470369756227e+02 -2.541513001730814949e+02 5.199941408765123008e+00 -1.863619089146489571e+01 -4.839878779906689132e+00 -2.818112081281457293e+00 -1.091385218807446877e+00 -4.470578439452918551e-01 -1.549374081287810678e-01 -5.179971316761770861e-02 -2.249864335821387396e-02 -1.911767203767860898e-02 -2.063068338725081857e-02 -2.031167209928223111e-02 -1.743073062087908270e-02 -1.325093803984715886e-02 -9.145366448632206297e-03 -5.940111495175191304e-03 -3.863849054862762266e-03 -2.739939029149152973e-03 -2.248860673839149504e-03 -1.960731670228597293e-03 -2.277945534394748041e-03
-1.352255036818401056e-02 -3.557971984671380941e-03 -2.434934937758815622e-03 -1.691540168515963611e-03 -1.322241629814280197e-03 -1.090492546502507074e-03 -9.405748654738209846e-04 -8.364153711622125849e-04 -7.584796726854717243e-04 -6.952143568405084106e-04 -6.407606689350996794e-04 -5.931790191250530973e-04 -5.528594848234222401e-04 -5.209424850177663338e-04 -4.979859576510966028e-04 -4.831722383552360762e-04 -4.742414104644555851e-04 -4.681158467703892801e-04 -4.619452141451791923e-04 -4.541400688798216180e-04 -4.449554148370653858e-04 -4.363480692852438601e-04 -4.311136995312344288e-04 -4.316161706580311187e-04 -4.386224801850709619e-04 -4.507633800073065130e-04 -4.649262758335521257e-04 -4.775097530347970467e-04 -4.860809791774871476e-04 -4.907364215568279370e-04 -4.944664083452855827e-04 -5.023193618291277350e-04 -5.190574042511445635e-04 -5.480072854670858286e-04 -5.865487363099374961e-04 -6.265349913031790716e-04 -6.673237049265698557e-04 -6.990775823598510859e-04 -7.216770582569164306e-04 -7.409517912435413913e-04 -7.690595685361165113e-04 -8.199860961182893048e-04 -9.033572280359614560e-04 -1.018667024708103845e-03 -1.153007228539611661e-03 -1.284591336364489939e-03 -1.392212517581436354e-03 -1.467985267849145851e-03 -1.528182563185226861e-03 -1.615934402744257726e-03 -1.791364342751312075e-03 -2.108946962738591537e-03 -2.588446011194192597e-03 -3.191783885001286351e-03 -3.821164481954740597e-03 -4.351278255674892806e-03 -4.697702268081896740e-03 -4.907745714228924083e-03 -5.240401380381879207e-03 -6.187312228711472871e-03 -8.385571078858086377e-03 -1.239090823249968353e-02 -1.832888655235438702e-02 -2.551728135137349210e-02 -3.225678916509248928e-02 -3.612800253478389012e-02 -3.528213338440644442e-02 -3.147163379901417313e-02 -3.579369675486433755e-02 -7.945267757976579026e-02 -2.292395466345366062e-01 -6.334395490150879215e-01 -1.500717981885361541e+00 -3.665875319462913229e+00 -6.330934388481598951e+00 -2.180807976186195773e+01 1.976875930017861105e+00 -2.703658797242039782e+02 9.201376229728294902e+02 -6.894945695525129850e+03 2.977127653325994834e+04 -6.784712870206068146e+03 9.097843628218754475e+02 -2.558175596957750031e+02 5.220797054313450758e+00 -1.876792723471244173e+01 -4.876677304676118929e+00 -2.839554712651467749e+00 -1.099989712932042840e+00 -4.506519671717403308e-01 -1.562150513279867425e-01 -5.223517650798844419e-02 -2.269114535825591736e-02 -1.928427543176919681e-02 -2.081424368162314992e-02 -2.049604705256116016e-02 -1.759201292212360726e-02 -1.337592859555751697e-02 -9.233403486668319629e-03 -5.999659847688965965e-03 -3.902131190375952071e-03 -2.789168691518833804e-03 -2.201868216664357083e-03 -2.525463509578287913e-03
-1.307648779723433186e-02 -3.447650206763770188e-03 -2.364255846786174169e-03 -1.644953040393459407e-03 -1.284749291077934069e-03 -1.056231553286314257e-03 -9.071777065127702763e-04 -8.041106735855722181e-04 -7.287794837938810786e-04 -6.696736908917418985e-04 -6.199831939183115875e-04 -5.763655551713118240e-04 -5.380188141416459430e-04 -5.056430165437962370e-04 -4.803215776968587452e-04 -4.625284145621949301e-04 -4.515246904930065989e-04 -4.453286932818657155e-04 -4.412610783614125489e-04 -4.368587956704783810e-04 -4.307928736402989842e-04 -4.233984257000451617e-04 -4.165543414027824787e-04 -4.128996675624905751e-04 -4.146599089736655985e-04 -4.225549903873277108e-04 -4.352823323449448562e-04 -4.498768485213501208e-04 -4.629031745106303619e-04 -4.720241599637264884e-04 -4.774054940178943827e-04 -4.817485231415559498e-04 -4.907014818517430391e-04 -5.078209226917560892e-04 -5.327289804098628853e-04 -5.713098269774949346e-04 -6.141280912164960798e-04 -6.547862605711676992e-04 -6.871432517950151536e-04 -7.102725866114427628e-04 -7.301209887817604717e-04 -7.586656942441763083e-04 -8.097775971909211947e-04 -8.930427385570258994e-04 -1.008035959353307089e-03 -1.142027561955487238e-03 -1.273436716677740126e-03 -1.381195165363590435e-03 -1.457413759400038146e-03 -1.518203128886634308e-03 -1.606432902421222686e-03 -1.781989120412963770e-03 -2.099264061312056985e-03 -2.578172089536822503e-03 -3.180990354073365972e-03 -3.810338495902217213e-03 -4.341178811606428121e-03 -4.689056959682894390e-03 -4.900952552724093143e-03 -5.235471734936861590e-03 -6.184248006037962493e-03 -8.385176029212014145e-03 -1.239571578448874813e-02 -1.834355255806380605e-02 -2.554764504391798460e-02 -3.230712692895434945e-02 -3.619715000581265330e-02 -3.536149699607370883e-02 -3.155233108468561559e-02 -3.589636026869177932e-02 -7.970740418288670137e-02 -2.300464982889555421e-01 -6.358756492593728993e-01 -1.506871267990472996e+00 -3.682224034777905608e+00 -6.359688057936308425e+00 -2.192009859704500840e+01 2.005519839384614755e+00 -2.719181265234297484e+02 9.256756608634668737e+02 -6.936742501265473948e+03 2.995586778741456510e+04 -6.827695841988052052e+03 9.155892403615744115e+02 -2.575120368202373129e+02 5.242438427850764526e+00 -1.890163061726916638e+01 -4.913954953463216313e+00 -2.861279939791411042e+00 -1.108700947012578375e+00 -4.542894947424715446e-01 -1.575075355233037655e-01 -5.267557291957123550e-02 -2.288578661466214581e-02 -1.945269774671346680e-02 -2.099977517788318912e-02 -2.068240033040485981e-02 -1.775513155150916164e-02 -1.350245912972470631e-02 -9.323789276947136093e-03 -6.058166332744654992e-03 -3.964799548446389620e-03 -2.739674080531448799e-03 -2.827819178577257227e-03
-1.244747191784494056e-02 -3.300952375430591789e-03 -2.280203554443609257e-03 -1.599809794699079326e-03 -1.255261949618477740e-03 -1.031689445436667065e-03 -8.818157903453871039e-04 -7.763348357334980826e-04 -6.997981785475408580e-04 -6.420184899132118372e-04 -5.960175664095131599e-04 -5.571745930842582611e-04 -5.229685873151829895e-04 -4.926888249367665984e-04 -4.668835513054839259e-04 -4.465587977633308212e-04 -4.323284871037801069e-04 -4.238020662167863730e-04 -4.194466392714775731e-04 -4.169933868226108321e-04 -4.142421157719627586e-04 -4.099358058817569408e-04 -4.043195119789537960e-04 -3.991000474393935024e-04 -3.967572945493114513e-04 -3.994442767576736829e-04 -4.079223371626878670e-04 -4.210273489632905346e-04 -4.359513021425717727e-04 -4.494590363348284099e-04 -4.590460734754893738e-04 -4.656206992671129406e-04 -4.705983295069421000e-04 -4.755715915979286763e-04 -4.930652879234826867e-04 -5.211659398806726138e-04 -5.595199286397186918e-04 -6.026848651883068807e-04 -6.435363297206976845e-04 -6.762419371926360568e-04 -6.998314944920510814e-04 -7.201709195058288030e-04 -7.490984653163420062e-04 -8.003668985487219197e-04 -8.835249690628548154e-04 -9.982216461711600729e-04 -1.131892932595506690e-03 -1.263148466259947280e-03 -1.371047463874486587e-03 -1.447695979091195633e-03 -1.509053690869357383e-03 -1.597751279104660943e-03 -1.773461119509069789e-03 -2.090508916685180490e-03 -2.568957790407334820e-03 -3.171416410709244644e-03 -3.800880953634393211e-03 -4.332545736286825926e-03 -4.681906536883704596e-03 -4.895637719420535723e-03 -5.232037060914423825e-03 -6.182852023945019544e-03 -8.386913487882931284e-03 -1.240349853549079819e-02 -1.836238675759523445e-02 -2.558352220977270358e-02 -3.236410478715276429e-02 -3.627340049576577297e-02 -3.544750408166260497e-02 -3.163872199427732873e-02 -3.600524794768079906e-02 -7.997532335386317581e-02 -2.308899514412329768e-01 -6.384084246017353026e-01 -1.513246412751835912e+00 -3.699090219540731805e+00 -6.389329621686940186e+00 -2.203494261401323229e+01 2.034076830183620288e+00 -2.735029067896213064e+02 9.313208930575008253e+02 -6.979345315682980072e+03 3.014390291704456831e+04 -6.871456162911191313e+03 9.214986931498382319e+02 -2.592352311469709321e+02 5.264865585517721769e+00 -1.903734413857287322e+01 -4.951724662110921216e+00 -2.883295219024882172e+00 -1.117521980572305340e+00 -4.579717115933983340e-01 -1.588153222433344725e-01 -5.312106380344631257e-02 -2.308264878223570057e-02 -1.962303015263873809e-02 -2.118740603062173669e-02 -2.087096115956538211e-02 -1.792028088532594127e-02 -1.363194978610779602e-02 -9.413289946228347443e-03 -6.144145906821522549e-03 -3.917262919383544470e-03 -3.442857975710719807e-03
-1.176138024937115577e-02 -3.141075558654235836e-03 -2.189691679053511891e-03 -1.553454699995145951e-03 -1.228083455563768172e-03 -1.011745027289309143e-03 -8.618916521305285518e-04 -7.533669966895506585e-04 -6.738424429894723788e-04 -6.151179353712070159e-04 -5.708716855355753855e-04 -5.359047306669489528e-04 -5.062862635489338674e-04 -4.796772448941256169e-04 -4.554167440192359150e-04 -4.341700916968796887e-04 -4.171883863947125357e-04 -4.054248929254503087e-04 -3.988441222223622004e-04 -3.962045342292315887e-04 -3.954141580975049962e-04 -3.943247663011867181e-04 -3.916325943073267063e-04 -3.874857249653420113e-04 -3.834970825845058617e-04 -3.820963478167594524e-04 -3.854552383510502565e-04 -3.943954638697061226e-04 -4.079288093440511438e-04 -4.231141026193614555e-04 -4.376289916862349393e-04 -4.477182803091167909e-04 -4.500332150333625548e-04 -4.556250157782062451e-04 -4.643478076304982769e-04 -4.819015968766396049e-04 -5.105191557822187989e-04 -5.489979253326776306e-04 -5.922573185928158707e-04 -6.332525247871031516e-04 -6.662352400158579307e-04 -6.902255135923077200e-04 -7.110018285821515177e-04 -7.402724941796796432e-04 -7.916789723799596244e-04 -8.747350958750874572e-04 -9.891589099386003444e-04 -1.122540540544797070e-03 -1.253666101826360129e-03 -1.361711937087467777e-03 -1.438778210576488687e-03 -1.500684403011041598e-03 -1.589842589709631118e-03 -1.765734296576710813e-03 -2.082633907131624124e-03 -2.560751866011742785e-03 -3.163006453425069517e-03 -3.792732948740148557e-03 -4.325319345563086171e-03 -4.676193437088751841e-03 -4.891747418101457211e-03 -5.230046176479947323e-03 -6.183071057198515075e-03 -8.390720760174363510e-03 -1.241417649811816029e-02 -1.838528716643267336e-02 -2.562479073441758376e-02 -3.242759059040829783e-02 -3.635662817567175686e-02 -3.554005098767599319e-02 -3.173072917327127845e-02 -3.612028826427952227e-02 -8.025631686894249550e-02 -2.317696654213391994e-01 -6.410374726396947942e-01 -1.519842925418443569e+00 -3.716474159202228567e+00 -6.419860163622393756e+00 -2.215262881202002632e+01 2.062566458793652746e+00 -2.751205828657103325e+02 9.370747699413977898e+02 -7.022765124184326851e+03 3.033543233888802934e+04 -6.916005959727810477e+03 9.275143650818476999e+02 -2.609876491266649055e+02 5.288079134927207825e+00 -1.917511117837966950e+01 -4.989999377900158350e+00 -2.905608019896684713e+00 -1.126455873664250928e+00 -4.616999036891334396e-01 -1.601388772535378147e-01 -5.357182227115123152e-02 -2.328184235083603434e-02 -1.979541726025609016e-02 -2.137742242967206538e-02 -2.106201647241986649e-02 -1.808928220979288959e-02 -1.376081225109609951e-02 -9.536474100818051469e-03 -6.098452664767758068e-03 -4.778579341878390861e-03
-1.116437189524680483e-02 -2.996850194386237263e-03 -2.103310657285790627e-03 -1.505151589851699964e-03 -1.197982696497449989e-03 -9.905272547403990747e-04 -8.433198261737889214e-04 -7.338921899728679350e-04 -6.521355355924009179e-04 -5.916587435594878588e-04 -5.472972876808721542e-04 -5.141800293361311128e-04 -4.878771069680625048e-04 -4.649604470404849186e-04 -4.435137390176178062e-04 -4.232647660059239659e-04 -4.052163785136066523e-04 -3.908780998194939186e-04 -3.813730222173583877e-04 -3.767613837053159268e-04 -3.758517432578881959e-04 -3.765838599542687608e-04 -3.768378669458635516e-04 -3.753364292647188086e-04 -3.722445597648522367e-04 -3.691837225259406402e-04 -3.685632110147559360e-04 -3.726245735155954766e-04 -3.819444847050622750e-04 -3.964795880185188423e-04 -4.119836482391253988e-04 -4.216683781264515254e-04 -4.322574971043851265e-04 -4.386080894085907732e-04 -4.444554470558835903e-04 -4.540314481277961324e-04 -4.719983844353422327e-04 -5.008510895777429752e-04 -5.394063532880054909e-04 -5.827021811447400963e-04 -6.238005413503508153e-04 -6.570181335603170929e-04 -6.813651406706913152e-04 -7.025368876651691494e-04 -7.321200479608641794e-04 -7.836523176102276394e-04 -8.666153629132735932e-04 -9.807919985238037434e-04 -1.113915870799160688e-03 -1.244936536912080206e-03 -1.353137724990679819e-03 -1.430612628503040570e-03 -1.493050667094076699e-03 -1.582664647486462569e-03 -1.758767092273654051e-03 -2.075595864629521149e-03 -2.553507685097993092e-03 -3.155709738098895403e-03 -3.785840605359417493e-03 -4.319444974360797315e-03 -4.671864892989777140e-03 -4.889232311380472921e-03 -5.229452129770470296e-03 -6.184856269212220953e-03 -8.396540319742577113e-03 -1.242767631731721452e-02 -1.841216037654438975e-02 -2.567133901203289686e-02 -3.249746393875399542e-02 -3.644671890128452912e-02 -3.563904424108970542e-02 -3.182828341623133300e-02 -3.624141793968006786e-02 -8.055028227245017436e-02 -2.326854390617248969e-01 -6.437624853609984488e-01 -1.526660513699422905e+00 -3.734376546825862064e+00 -6.451281441151119012e+00 -2.227317586135794159e+01 2.091007575367009874e+00 -2.767715309100956347e+02 9.429387796778953543e+02 -7.067013196101304857e+03 3.053050758947905706e+04 -6.961357592785878296e+03 9.336379313722641200e+02 -2.627698044248581937e+02 5.312080218587879266e+00 -1.931497543716458765e+01 -5.028792073613961300e+00 -2.928225833288782276e+00 -1.135505691748240453e+00 -4.654753647766752822e-01 -1.614786850430952880e-01 -5.402806863412646515e-02 -2.348357090957535823e-02 -1.997026295115066075e-02 -2.157029215915706039e-02 -2.125822669707000401e-02 -1.825777054120341497e-02 -1.393657188806033884e-02 -9.481624448691322940e-03 -7.299547864095870357e-03
-1.075621900423929383e-02 -2.889245912424071982e-03 -2.030149331302697271e-03 -1.456101393651797584e-03 -1.162371899577979966e-03 -9.640340322181865668e-04 -8.224615861963393247e-04 -7.157446913334100441e-04 -6.343902076228888007e-04 -5.729664515378027562e-04 -5.274640941286549067e-04 -4.940378552584206301e-04 -4.688087658532330191e-04 -4.482293929226284284e-04 -4.296508466412295711e-04 -4.117600885231012314e-04 -3.946556503711900576e-04 -3.794828123267748529e-04 -3.677312381657592971e-04 -3.604405625694587483e-04 -3.576150290864363681e-04 -3.580858753484461913e-04 -3.598943859720631013e-04 -3.610589012290975732e-04 -3.604272275892780137e-04 -3.582072679473877284e-04 -3.560858125835846921e-04 -3.561296592436251894e-04 -3.614898590700937019e-04 -3.712419258213504837e-04 -3.805053257841046121e-04 -3.963508208903810726e-04 -4.101419078964280021e-04 -4.208519015990254452e-04 -4.281241142700187362e-04 -4.345893651538815065e-04 -4.446929807852672417e-04 -4.629998834485484372e-04 -4.920149398793088576e-04 -5.306075917102951248e-04 -5.739116652123513228e-04 -6.150874469757085629e-04 -6.485101157665254176e-04 -6.731797137011649940e-04 -6.947135212200890222e-04 -7.245847725544374285e-04 -7.762348352278648387e-04 -8.591160949535058249e-04 -9.730723427148958065e-04 -1.105970938978893944e-03 -1.236912669122024666e-03 -1.345279426126377029e-03 -1.423156341736602198e-03 -1.486112335123283661e-03 -1.576179345113325973e-03 -1.752521837458197998e-03 -2.069355529294947000e-03 -2.547182709525188868e-03 -3.149479863611322813e-03 -3.780154574288391994e-03 -4.314872495426087286e-03 -4.668872488567007289e-03 -4.888047120478504308e-03 -5.230211831897036735e-03 -6.188162847349380422e-03 -8.404319400072236129e-03 -1.244393077057623712e-02 -1.844292093599821103e-02 -2.572306521191640438e-02 -3.257361538801968603e-02 -3.654356944941086066e-02 -3.574439990661216343e-02 -3.193132317277422999e-02 -3.636858147084593568e-02 -8.085713202829916679e-02 -2.336371086920450146e-01 -6.465832446774538722e-01 -1.533699075030045877e+00 -3.752798467278003258e+00 -6.483595860365407582e+00 -2.239660406222006728e+01 2.119418376024583939e+00 -2.784561408558228095e+02 9.489144486779129011e+02 -7.112101088327343859e+03 3.072918134810455740e+04 -7.007523662728956879e+03 9.398710994751936596e+02 -2.645822182804756721e+02 5.336870499049830130e+00 -1.945698097474251398e+01 -5.068115760917008217e+00 -2.951156180981897581e+00 -1.144674517465091856e+00 -4.692994212350307670e-01 -1.628353085605683537e-01 -5.449018040175065969e-02 -2.368846294500804792e-02 -2.014832461977159039e-02 -2.177016182637702552e-02 -2.145346937623745023e-02 -1.849771180473984075e-02 -1.384494488494141841e-02 -1.131658232206879389e-02
-1.055053379787216153e-02 -2.822774050797515182e-03 -1.973822550033847104e-03 -1.408627425951602084e-03 -1.122108776034144413e-03 -9.316552369791570925e-04 -7.976535220284505789e-04 -6.969350083607012180e-04 -6.190857049611524004e-04 -5.585548278348536786e-04 -5.120457240498381326e-04 -4.769531416467575951e-04 -4.506677140974822910e-04 -4.304510468018662994e-04 -4.137128500204467155e-04 -3.984691633951879331e-04 -3.837364740355451651e-04 -3.696538875334572159e-04 -3.572334821966406215e-04 -3.477951895767009897e-04 -3.422828618115285673e-04 -3.407308871889587172e-04 -3.421116413336103821e-04 -3.446647402556285021e-04 -3.465603424757272366e-04 -3.468204003414529306e-04 -3.453411268006663609e-04 -3.447839190253215919e-04 -3.455237928801998420e-04 -3.454038988173075688e-04 -3.556141063924121064e-04 -3.692324285449764603e-04 -3.850213051504435815e-04 -3.995853368856823722e-04 -4.108147857984665663e-04 -4.186567020881051533e-04 -4.256468683253760224e-04 -4.361787856840308123e-04 -4.547641455197378867e-04 -4.839014915834739198e-04 -5.225078816278091315e-04 -5.658039408718576685e-04 -6.070403375644737578e-04 -6.406458955914474821e-04 -6.656106783313694465e-04 -6.874789985195932287e-04 -7.176185322426068122e-04 -7.693814916232901173e-04 -8.521938918484215069e-04 -9.659571095370913466e-04 -1.098663097930769337e-03 -1.229552377607275168e-03 -1.338096248949757067e-03 -1.416370673848194386e-03 -1.479833096924366596e-03 -1.570352125023260527e-03 -1.746964279029603832e-03 -2.063877104129170983e-03 -2.541738057386878219e-03 -3.144274333733420093e-03 -3.775629596674759912e-03 -4.311555897587751422e-03 -4.667171767043196660e-03 -4.888150270653754577e-03 -5.232285731737339705e-03 -6.192949679600893466e-03 -8.414009630552990102e-03 -1.246287831866846330e-02 -1.847749078577460777e-02 -2.577987660689746302e-02 -3.265594571898745163e-02 -3.664708681243097205e-02 -3.585604299411523227e-02 -3.203979409771207099e-02 -3.650173070895328109e-02 -8.117679276221087536e-02 -2.346245463247913499e-01 -6.494996183572917525e-01 -1.540958688603823123e+00 -3.771741382845219981e+00 -6.516806453493548368e+00 -2.252293530815984113e+01 2.147816451324274123e+00 -2.801748163923333550e+02 9.550033421051969071e+02 -7.158040649202059285e+03 3.093150746034552867e+04 -7.054517017234123159e+03 9.462156100089180200e+02 -2.664254198583119546e+02 5.362452146489077975e+00 -1.960117224746569775e+01 -5.107983506256760009e+00 -2.974406636300337858e+00 -1.153965489986388926e+00 -4.731735229368009277e-01 -1.642095514998634653e-01 -5.495918095750756960e-02 -2.389766741424973959e-02 -2.033596401968114017e-02 -2.196754180333526651e-02 -2.175884567803575489e-02 -1.832392666760288003e-02 -1.667944007625757688e-02
-1.047696454161635080e-02 -2.785016256757398296e-03 -1.931346161891786886e-03 -1.364976322605381378e-03 -1.080718455050056273e-03 -8.960512469739784084e-04 -7.696987345614229479e-04 -6.764779953176386189e-04 -6.042435705533167993e-04 -5.465153389985713149e-04 -5.000683884792748958e-04 -4.632318240617605445e-04 -4.347787687918915609e-04 -4.132664144887234240e-04 -3.968450121935508017e-04 -3.834801407951827037e-04 -3.714224881076825776e-04 -3.596816460963557114e-04 -3.482669525057644367e-04 -3.380553063568189024e-04 -3.303087797703773061e-04 -3.260192633725468450e-04 -3.253626933708361085e-04 -3.274637172634340906e-04 -3.308029254115538056e-04 -3.333051297949396019e-04 -3.351409006356470544e-04 -3.344301341907454108e-04 -3.281043638369025156e-04 -3.295578370009651895e-04 -3.343205726437616576e-04 -3.445463980675274990e-04 -3.589327851216704340e-04 -3.751065376754444741e-04 -3.900801298234379214e-04 -4.017382681648944327e-04 -4.100414903754888451e-04 -4.174776028582231685e-04 -4.283754517476599409e-04 -4.471958637906579283e-04 -4.764288716516076492e-04 -5.150344789520742246e-04 -5.583131609277369083e-04 -5.995991162339903450e-04 -6.333706553434017943e-04 -6.586081930901075765e-04 -6.807879400866689639e-04 -7.111795095424903838e-04 -7.630528239984483161e-04 -8.458104141972449782e-04 -9.594081862187028116e-04 -1.091954168495582302e-03 -1.222817770651880159e-03 -1.331551359414624193e-03 -1.410220599153991835e-03 -1.474179992015533678e-03 -1.565151549983563551e-03 -1.742063187903804353e-03 -2.059127878611120496e-03 -2.537138125476218805e-03 -3.140054171626506171e-03 -3.772224115419393897e-03 -4.309452907864282090e-03 -4.666721879290350143e-03 -4.889503573839801970e-03 -5.235637524836428240e-03 -6.199179062696597020e-03 -8.425566702374475206e-03 -1.248446268642464975e-02 -1.851579872919141903e-02 -2.584168893927422939e-02 -3.274436525005100518e-02 -3.675718754117184017e-02 -3.597390691558978448e-02 -3.215364864776878301e-02 -3.664082448234053102e-02 -8.150920456334412312e-02 -2.356476579628545009e-01 -6.525115562426040405e-01 -1.548439608014851032e+00 -3.791207120095918537e+00 -6.550916858420682942e+00 -2.265219305386114712e+01 2.176218831167434864e+00 -2.819279749686941727e+02 9.612070644131053996e+02 -7.204844022634808425e+03 3.113754096220782230e+04 -7.102350757796435573e+03 9.526732376878634341e+02 -2.682999465954588914e+02 5.388827827516067259e+00 -1.974759414943230240e+01 -5.148408462585696732e+00 -2.997984880722090129e+00 -1.163381926464591265e+00 -4.770994458060026644e-01 -1.656030957376324331e-01 -5.543667803857183635e-02 -2.412029704450131817e-02 -2.051830972523377775e-02 -2.232622465754282443e-02 -2.144867022740221466e-02 -2.247919201446215570e-02
-1.041999124337014172e-02 -2.753714047588130473e-03 -1.895053366251342681e-03 -1.326300649840567300e-03 -1.042535495273527301e-03 -8.616094259740396215e-04 -7.412176422362158840e-04 -6.546807275548712076e-04 -5.883119912175859825e-04 -5.344826884079367443e-04 -4.895013601265927597e-04 -4.519937131128063073e-04 -4.216403885333174254e-04 -3.981756963083344118e-04 -3.807779142769796487e-04 -3.679338911027256009e-04 -3.577403103311303681e-04 -3.484624879374173707e-04 -3.390867945166950556e-04 -3.296152396671949520e-04 -3.209551242897916131e-04 -3.144432270464261729e-04 -3.111402716281139419e-04 -3.114134408560101938e-04 -3.141052065449850697e-04 -3.189867333107734306e-04 -3.221396182531054359e-04 -3.176304785782738051e-04 -3.177152464904463161e-04 -3.167990321205086052e-04 -3.184620877684060831e-04 -3.242205656722759030e-04 -3.349300077581051868e-04 -3.496971369778925664e-04 -3.661702417803253877e-04 -3.814508085364175889e-04 -3.934614281460978454e-04 -4.021575843095757052e-04 -4.099813000096935917e-04 -4.211986975954191081e-04 -4.402218780924082729e-04 -4.695318750008350538e-04 -5.081279393305459992e-04 -5.513843959027487675e-04 -5.927128533028744447e-04 -6.266373688805046849e-04 -6.521290880420986666e-04 -6.746007267659480128e-04 -7.052309356023282998e-04 -7.572139009825926397e-04 -8.399315085969059425e-04 -9.533914248019848686e-04 -1.085809775178315714e-03 -1.216674597185649293e-03 -1.325611360960591472e-03 -1.404674285816604829e-03 -1.469123007579136884e-03 -1.560548942467700380e-03 -1.737790022120377269e-03 -2.055077897672035869e-03 -2.533350251381777992e-03 -3.136783571699406324e-03 -3.769899923832743110e-03 -4.308524650943216204e-03 -4.667485267885980622e-03 -4.892071941993719579e-03 -5.240233884947256490e-03 -6.206816423631001355e-03 -8.438950040920847190e-03 -1.250863244923346856e-02 -1.855777991482416775e-02 -2.590842581549390733e-02 -3.283879319611148623e-02 -3.687379714478850046e-02 -3.609793299413253942e-02 -3.227284570549448367e-02 -3.678582821001021019e-02 -8.185432025328846783e-02 -2.367063819109135048e-01 -6.556190866327212818e-01 -1.556142254422335558e+00 -3.811197857933167121e+00 -6.585931300272179101e+00 -2.278440228705034443e+01 2.204642026390916332e+00 -2.837160478166999837e+02 9.675272599131236575e+02 -7.252523652462430618e+03 3.134733810486708171e+04 -7.151038246569547482e+03 9.592457922636078820e+02 -2.702063445455530086e+02 5.416000687498647714e+00 -1.989629207300568581e+01 -5.189403939849542624e+00 -3.021898843693380243e+00 -1.172927526378273688e+00 -4.810800066957000021e-01 -1.670180457516972916e-01 -5.593450685165918257e-02 -2.433433373869556618e-02 -2.091695841025831629e-02 -2.184112668511821800e-02 -2.701517904944108692e-02
-1.027385271932952475e-02 -2.707522584909902164e-03 -1.856405234395463316e-03 -1.292236582655164343e-03 -1.010685368027413548e-03 -8.322996367788902455e-04 -7.152648456801650708e-04 -6.328289848713860438e-04 -5.707647703312550280e-04 -5.206957395580832319e-04 -4.782468193418991115e-04 -4.416812111173731240e-04 -4.107916119963732609e-04 -3.858851861288849108e-04 -3.669817148239407642e-04 -3.533714395207285708e-04 -3.436064111889822669e-04 -3.358728186297617693e-04 -3.285660017578643870e-04 -3.208177184390007160e-04 -3.127623865275640908e-04 -3.053622527536195693e-04 -3.000895817402188964e-04 -2.976082138255414615e-04 -2.996225138920063534e-04 -3.029557715097789573e-04 -3.008127795558649753e-04 -3.046736679069366144e-04 -3.059219054309797719e-04 -3.062448384883175194e-04 -3.065228527306510550e-04 -3.088823419017662996e-04 -3.152042404046310705e-04 -3.262989109477445766e-04 -3.413402033067792162e-04 -3.580419481542829749e-04 -3.735688888049526631e-04 -3.858773721891034492e-04 -3.949155028758314398e-04 -4.030814265187663897e-04 -4.145818991881274605e-04 -4.337829158580980889e-04 -4.631565639239788520e-04 -5.017382451243572808e-04 -5.449707768319183264e-04 -5.863376022700885447e-04 -6.204050932200628338e-04 -6.461355042142279256e-04 -6.688823991012815204e-04 -6.997401837848443501e-04 -7.518335591728038001e-04 -8.345265479527859409e-04 -9.478760586945320392e-04 -1.080198822311052029e-03 -1.211091774483135470e-03 -1.320245870331366710e-03 -1.399702716604624662e-03 -1.464634737782968430e-03 -1.556518071785769610e-03 -1.734118628176830202e-03 -2.051699664390228741e-03 -2.530344409545116913e-03 -3.134429588554222493e-03 -3.768621854222053980e-03 -4.308735347729072268e-03 -4.669427383476702949e-03 -4.895823120456405803e-03 -5.246044201222586391e-03 -6.215830036211816845e-03 -8.454122472367190180e-03 -1.253534062606307710e-02 -1.860337534929383183e-02 -2.598001815656790850e-02 -3.293915709801894381e-02 -3.699684955152843929e-02 -3.622806999273300854e-02 -3.239735015817476332e-02 -3.693671340794380670e-02 -8.221210453332467027e-02 -2.378006870533418693e-01 -6.588223128807707552e-01 -1.564067210360926552e+00 -3.831716116965981911e+00 -6.621854575028288004e+00 -2.291958950416455920e+01 2.233102067913777411e+00 -2.855394799918791477e+02 9.739656133766619632e+02 -7.301092287036573907e+03 3.156095638004101420e+04 -7.200593113274585448e+03 9.659351194711451853e+02 -2.721451687306939107e+02 5.443974312929470649e+00 -2.004731200074792596e+01 -5.230983536573701187e+00 -3.046156849726191052e+00 -1.182607031647510354e+00 -4.851179809487431438e-01 -1.684681094288324466e-01 -5.642307205324363639e-02 -2.480805382150950977e-02 -2.027791087922476213e-02 -2.849118156735687760e-02
-9.988042284270987753e-03 -2.635311137217977422e-03 -1.809819244594373239e-03 -1.261192125890787550e-03 -9.857978313789561922e-04 -8.099314623042860612e-04 -6.938983358465035780e-04 -6.124802161928086545e-04 -5.521909507423873077e-04 -5.046819764360311938e-04 -4.650529047788535424e-04 -4.308073899651623318e-04 -4.011135985575029123e-04 -3.760767633130704477e-04 -3.560353093292734474e-04 -3.409891550357581954e-04 -3.302913274029599671e-04 -3.226748825081734800e-04 -3.165818303370718559e-04 -3.106697471798081133e-04 -3.042259863458178287e-04 -2.975759548582765498e-04 -2.912295619525850508e-04 -2.880509699267153685e-04 -2.864235084269637298e-04 -2.808710524796416462e-04 -2.849287959659568760e-04 -2.888944529639116479e-04 -2.928615592032503831e-04 -2.953071701494641493e-04 -2.963899684187904556e-04 -2.973831875844871369e-04 -3.003175026060138060e-04 -3.070751148144932772e-04 -3.184734510849405033e-04 -3.337273144327380643e-04 -3.506093249391459472e-04 -3.663397561286956027e-04 -3.789048303671960671e-04 -3.882447914460514823e-04 -3.967162897455111950e-04 -4.084702980069661337e-04 -4.278294649566071373e-04 -4.572572421989379104e-04 -4.958224996723582150e-04 -5.390316890218147926e-04 -5.804349545163404317e-04 -6.146377953107859957e-04 -6.405939310773541701e-04 -6.636018591682734096e-04 -6.946780980413168240e-04 -7.468838265389029108e-04 -8.295679247540160058e-04 -9.428342476512424283e-04 -1.075093079532054609e-03 -1.206041008564784226e-03 -1.315427170520333186e-03 -1.395279372421926118e-03 -1.460690094178048988e-03 -1.553034885069226254e-03 -1.731024984516902959e-03 -2.048967887972529336e-03 -2.528092957963544440e-03 -3.132961880256964621e-03 -3.768357519171525605e-03 -4.310052058047238871e-03 -4.672516431607370326e-03 -4.900727438114456727e-03 -5.253040325568695754e-03 -6.226190754081623036e-03 -8.471049927474360794e-03 -1.256454433957928524e-02 -1.865253150450196795e-02 -2.605640375273597653e-02 -3.304539233684998523e-02 -3.712628660403428232e-02 -3.636427361104167116e-02 -3.252713239242203958e-02 -3.709345711378101568e-02 -8.258253314626590180e-02 -2.389305713556957589e-01 -6.621214105275800010e-01 -1.572215214461117450e+00 -3.852764750216480127e+00 -6.658692034778432856e+00 -2.305778268879002724e+01 2.261614544650821568e+00 -2.873987304305216526e+02 9.805238506693565341e+02 -7.350562984037866045e+03 3.177845454599856384e+04 -7.251029262192444548e+03 9.727431019729792752e+02 -2.741169835089748403e+02 5.472752679014871724e+00 -2.020070061894699265e+01 -5.273161183844911726e+00 -3.070768106365492134e+00 -1.192424490301304596e+00 -4.892276718905576582e-01 -1.699181901497691938e-01 -5.718864907705599465e-02 -2.415636607169348998e-02 -2.726305498921416035e-02
-9.584043708856423635e-03 -2.540070732690192547e-03 -1.754812595305555627e-03 -1.231139154328346561e-03 -9.659424992970358070e-04 -7.935363481708562544e-04 -6.773396228848008139e-04 -5.947184844297597004e-04 -5.338940726909248207e-04 -4.873090733632711390e-04 -4.499570971673420589e-04 -4.185882361627399286e-04 -3.913802616760812315e-04 -3.676489538435403267e-04 -3.474585454639916621e-04 -3.311364061682514257e-04 -3.188018260550337418e-04 -3.100525609898213339e-04 -3.039336936934157983e-04 -2.991327001910021517e-04 -2.946129381550906994e-04 -2.892479777007524069e-04 -2.849226653202718645e-04 -2.796406573913052911e-04 -2.684053491684342809e-04 -2.677236938390622524e-04 -2.688669491297463517e-04 -2.729874714929422168e-04 -2.781223790039739343e-04 -2.827700042199416211e-04 -2.858996118232228845e-04 -2.876078646618148034e-04 -2.891681888969483425e-04 -2.925758345960211958e-04 -2.996913919791311070e-04 -3.113364994523229261e-04 -3.267601446517403425e-04 -3.437875551790650673e-04 -3.596892872130020842e-04 -3.724785535926541740e-04 -3.820877749145722103e-04 -3.908346054700877008e-04 -4.028177775144457600e-04 -4.223193428976029914e-04 -4.517945692981237705e-04 -4.903434267406783483e-04 -5.335315540881358995e-04 -5.749710369201442095e-04 -6.093035202372277040e-04 -6.354745129119667183e-04 -6.587312890816898660e-04 -6.900185006055821945e-04 -7.423394984124891864e-04 -8.250306771459866694e-04 -9.382407396936686371e-04 -1.070466870338084757e-03 -1.201496505286036133e-03 -1.311129944317368295e-03 -1.391379990142213325e-03 -1.457266089053671151e-03 -1.550077314671044612e-03 -1.728487027778425082e-03 -2.046859320496391844e-03 -2.526570475928920090e-03 -3.132352539398695120e-03 -3.769077132906439344e-03 -4.312444495481437476e-03 -4.676723189655390168e-03 -4.906757637072161823e-03 -5.261196422311086376e-03 -6.237871878457792486e-03 -8.489701312658691143e-03 -1.259620466411840757e-02 -1.870520011164086838e-02 -2.613752698137846581e-02 -3.315744177705584605e-02 -3.726205766242223633e-02 -3.650650611149248298e-02 -3.266216800594312630e-02 -3.725604168730010241e-02 -8.296559261986669043e-02 -2.400960611544688816e-01 -6.655166253827730083e-01 -1.580587157205828985e+00 -3.874346934989724378e+00 -6.696449574337753674e+00 -2.319901129292015085e+01 2.290194639040299851e+00 -2.892942720251189712e+02 9.872037394119375904e+02 -7.400949115521782005e+03 3.199989265421906020e+04 -7.302360879257591478e+03 9.796716603015589726e+02 -2.761223629464926717e+02 5.502340086808575670e+00 -2.035650534329869288e+01 -5.315951591247367602e+00 -3.095740884824597750e+00 -1.202394940251317879e+00 -4.933734311744720213e-01 -1.716464419281517051e-01 -5.685617620674235373e-02 -3.088010300548776899e-02
-9.138963028426004553e-03 -2.436165807444612592e-03 -1.695680668595200228e-03 -1.200508244315441663e-03 -9.476936915145175175e-04 -7.800385316364256798e-04 -6.640341632045022998e-04 -5.797054013063731356e-04 -5.172277048836502415e-04 -4.702474403054825300e-04 -4.341164804184053229e-04 -4.051933520202804194e-04 -3.807903349715572650e-04 -3.592696259391359778e-04 -3.400269464423436049e-04 -3.232464505827014820e-04 -3.094555856581255497e-04 -2.990398460969067511e-04 -2.918225985001273999e-04 -2.871943887043366776e-04 -2.834461949291858804e-04 -2.813329041832507015e-04 -2.770559695174951045e-04 -2.639735572500033858e-04 -2.598606157739441458e-04 -2.560812209858014522e-04 -2.555956577357984517e-04 -2.580545219808354196e-04 -2.628623073108952556e-04 -2.686183090103960291e-04 -2.738104212280520412e-04 -2.774690437818084967e-04 -2.796909994417491694e-04 -2.817256488180569832e-04 -2.855332624643742686e-04 -2.929504241118667117e-04 -3.048004234085914272e-04 -3.203622897889211378e-04 -3.375089973892796006e-04 -3.535571265232879436e-04 -3.665445494133386692e-04 -3.763961070945954319e-04 -3.853929192751848632e-04 -3.975848909898084971e-04 -4.172161545237058271e-04 -4.467343289702117035e-04 -4.852683690922603523e-04 -5.284390045104213470e-04 -5.699158271149420149e-04 -6.043738237497838341e-04 -6.307505811838272098e-04 -6.542457674780720019e-04 -6.857378763509627828e-04 -7.381778731060613169e-04 -8.208922607205018694e-04 -9.340726680872047912e-04 -1.066296889300371404e-03 -1.197434809062771464e-03 -1.307331140051462949e-03 -1.387982461477190290e-03 -1.454341770139264264e-03 -1.547625245282667613e-03 -1.726484642706456116e-03 -2.045352756779053767e-03 -2.525753763067719627e-03 -3.132576088101172388e-03 -3.770753509956187906e-03 -4.315885047318140932e-03 -4.682021069691423391e-03 -4.913888994788959477e-03 -5.270489151348740561e-03 -6.250849384629855905e-03 -8.510048746310264547e-03 -1.263028683545456936e-02 -1.876133832533366519e-02 -2.622333894351942113e-02 -3.327525594093228012e-02 -3.740411992114039963e-02 -3.665473688847184497e-02 -3.280243868863026713e-02 -3.742445594443961215e-02 -8.336128141467051555e-02 -2.412972118671623534e-01 -6.690082731364166424e-01 -1.589184078679163559e+00 -3.896466167915681122e+00 -6.735133623091432042e+00 -2.334330622730078630e+01 2.318857151503322722e+00 -2.912265917276697564e+02 9.940070896579175042e+02 -7.452264373202738170e+03 3.222533207671168202e+04 -7.354602439267014233e+03 9.867227537643112782e+02 -2.781618913461559828e+02 5.532740813004680014e+00 -2.051477564465744408e+01 -5.359370150874697813e+00 -3.121098745424689014e+00 -1.212487358337780208e+00 -4.978704207112862323e-01 -1.721912763640326971e-01 -6.472866383286632330e-02
-8.745995498035209759e-03 -2.341818292936444917e-03 -1.639078303506006761e-03 -1.168788671178424068e-03 -9.277510888316913397e-04 -7.657936073578383573e-04 -6.514976368533582571e-04 -5.666903642043174313e-04 -5.029840521743583065e-04 -4.551383335083607445e-04 -4.191636026826460427e-04 -3.915488957154532237e-04 -3.692516708713444447e-04 -3.499671444294568030e-04 -3.323775815179650945e-04 -3.161763501169509373e-04 -3.018254474344759489e-04 -2.900302274139606958e-04 -2.814780880940682180e-04 -2.755066155475626973e-04 -2.734783232777155911e-04 -2.707970980399483684e-04 -2.589787676345852233e-04 -2.559328344612524318e-04 -2.510227335676191345e-04 -2.472285654926902163e-04 -2.450199337479596695e-04 -2.453938520247171641e-04 -2.485661453444581266e-04 -2.539160131853639060e-04 -2.601334825464597785e-04 -2.657582585356842880e-04 -2.698507155571935488e-04 -2.725055959263073587e-04 -2.749460110859237708e-04 -2.790976696202200733e-04 -2.867731608704385390e-04 -2.987959848028073646e-04 -3.144720806846189732e-04 -3.317181144200039597e-04 -3.478930304932722388e-04 -3.610573692501159123e-04 -3.711287213036160398e-04 -3.803540353412489272e-04 -3.927376415455129392e-04 -4.124883329858526756e-04 -4.420466672625957927e-04 -4.805686798392941371e-04 -5.237263997844341474e-04 -5.652427759264518677e-04 -5.998234873824919832e-04 -6.263984496293560069e-04 -6.501231308577731403e-04 -6.818152862900111241e-04 -7.343787055677502163e-04 -8.171325353299405689e-04 -9.303095709365845085e-04 -1.062562259817711151e-03 -1.193834906507295615e-03 -1.304010126509706985e-03 -1.385067038452771158e-03 -1.451898468946041364e-03 -1.545660793663966928e-03 -1.724999964356214088e-03 -2.044429359671274486e-03 -2.525622201907028793e-03 -3.133609903831299608e-03 -3.773362583806271278e-03 -4.320349407095051483e-03 -4.688386866881984714e-03 -4.922100168340126126e-03 -5.280898575746330835e-03 -6.265102869127067882e-03 -8.532068556861983899e-03 -1.266676136607385733e-02 -1.882091007723804207e-02 -2.631379920425078872e-02 -3.339879525991523712e-02 -3.755244121269192548e-02 -3.680894575026259080e-02 -3.294793581549577965e-02 -3.759869890035464485e-02 -8.376961382331114814e-02 -2.425341123873925031e-01 -6.725967449840761780e-01 -1.598007176429620868e+00 -3.919126275836013029e+00 -6.774751158856993527e+00 -2.349069987922295510e+01 2.347616498208751068e+00 -2.931961906884833979e+02 1.000935754587356769e+03 -7.504522773981873797e+03 3.245483553394275805e+04 -7.407768713465658038e+03 9.938983805952015018e+02 -2.802361654445816725e+02 5.563954112945590502e+00 -2.067556893352960756e+01 -5.403472053711890766e+00 -3.146812786782066773e+00 -1.223341812200566148e+00 -5.001540923696859986e-01 -1.891440108592298830e-01
-8.471460193252521725e-03 -2.270565174317536097e-03 -1.590782600769257479e-03 -1.136603580979837508e-03 -9.043547309268003221e-04 -7.482355456051792897e-04 -6.374947345075601939e-04 -5.544265469372343337e-04 -4.910929598175481879e-04 -4.428610142015366080e-04 -4.064200924230265363e-04 -3.788292721397966607e-04 -3.573247461691673164e-04 -3.395006708300270107e-04 -3.236072898220054860e-04 -3.087776527466609103e-04 -2.949538449452578917e-04 -2.829073366858796362e-04 -2.727364135072664450e-04 -2.672301748934986917e-04 -2.624973205691416437e-04 -2.497818795218376565e-04 -2.483641298509621184e-04 -2.453848397879977890e-04 -2.426214627982109615e-04 -2.394413729876848597e-04 -2.366732645087927871e-04 -2.353631563862235133e-04 -2.364263135813483635e-04 -2.401337493769305307e-04 -2.459072214387756435e-04 -2.524909570923827406e-04 -2.584695693561886551e-04 -2.629266870745890867e-04 -2.659529460582165934e-04 -2.687455485511026834e-04 -2.731969545248176577e-04 -2.810964786103479617e-04 -2.932669807276576477e-04 -3.090387643866139328e-04 -3.263686759579204457e-04 -3.426547860177834291e-04 -3.559785444012816629e-04 -3.662506508303026674e-04 -3.756861284404471014e-04 -3.882468200188409391e-04 -4.081086578080101194e-04 -4.377057595133101390e-04 -4.762195164297576837e-04 -5.193697298669714335e-04 -5.609288035130905164e-04 -5.956305901478032259e-04 -6.223975457159939976e-04 -6.463441540906004991e-04 -6.782325950943072406e-04 -7.309244896920557687e-04 -8.137341167933934095e-04 -9.269338269807025693e-04 -1.059245060745482320e-03 -1.190678837267533869e-03 -1.301149368842170057e-03 -1.382617051199816786e-03 -1.449920547239999568e-03 -1.544169094317512101e-03 -1.724018243488449577e-03 -2.044073668785198212e-03 -2.526158975914777945e-03 -3.135435687081964459e-03 -3.776885115867907074e-03 -4.325818464490273872e-03 -4.695802743650865502e-03 -4.931375213235682578e-03 -5.292410246986430436e-03 -6.280617870502752838e-03 -8.555744141806190597e-03 -1.270560780445616732e-02 -1.888389102116826840e-02 -2.640888198060132447e-02 -3.352803724359003368e-02 -3.770700764240446368e-02 -3.696913052976093239e-02 -3.309866805378211541e-02 -3.777878846367700022e-02 -8.419063229458259578e-02 -2.438069049037174252e-01 -6.762825391512045092e-01 -1.607057851362061474e+00 -3.942331474604793495e+00 -6.815309771782399828e+00 -2.364122617116544944e+01 2.376486689513238382e+00 -2.952035844156653752e+02 1.007991631176557348e+03 -7.557738665976837183e+03 3.268846712258554180e+04 -7.461874779643966576e+03 1.001200573008979291e+03 -2.823458099865492841e+02 5.595954665729785837e+00 -2.083906116520211071e+01 -5.448192926502878564e+00 -3.174717493069592500e+00 -1.227946580667536924e+00 -5.496075735754269997e-01
-8.327591442286508272e-03 -2.225586122350145090e-03 -1.553150440644408001e-03 -1.105287943475438336e-03 -8.778945670685043981e-04 -7.268967941377046937e-04 -6.209966895077736462e-04 -5.417645795385445670e-04 -4.807300296766507989e-04 -4.332085712920136179e-04 -3.963297504057187439e-04 -3.678959530787649168e-04 -3.458912473075151503e-04 -3.283710376443298639e-04 -3.136238809236023637e-04 -3.003358574741475575e-04 -2.880876845089331184e-04 -2.761827001752160710e-04 -2.676963555990461872e-04 -2.590926645775319952e-04 -2.419791411260513241e-04 -2.387254829977886715e-04 -2.356886944512796411e-04 -2.344764555413985849e-04 -2.332778285952188555e-04 -2.315690427964869945e-04 -2.293781227708254053e-04 -2.274385088911680831e-04 -2.268195753922560426e-04 -2.284330328988644322e-04 -2.325683822999794067e-04 -2.386828721407614003e-04 -2.455653578413616290e-04 -2.518392136604872644e-04 -2.566077665615086644e-04 -2.599566910150706740e-04 -2.630583163267393126e-04 -2.677735315157111769e-04 -2.758693890107120276e-04 -2.881675901120951829e-04 -3.040206477789038201e-04 -3.214224736397096197e-04 -3.378073447194304907e-04 -3.512760354411662532e-04 -3.617327253759544236e-04 -3.713626470254937566e-04 -3.840880938014031541e-04 -4.040545183539104041e-04 -4.336902371384243247e-04 -4.722004118041799340e-04 -5.153493024013804276e-04 -5.569550703909117778e-04 -5.917773380751901666e-04 -6.187312923239063692e-04 -6.428935036178910550e-04 -6.749755377516221703e-04 -7.278016885364881668e-04 -8.106838077302284907e-04 -9.239322918025608773e-04 -1.056332133513320729e-03 -1.187953610738955125e-03 -1.298736397545687980e-03 -1.380620915161966111e-03 -1.448397501760037087e-03 -1.543140637475507631e-03 -1.723530596231151717e-03 -2.044276917764903390e-03 -2.527355015264071483e-03 -3.138043956354724228e-03 -3.781311537726492113e-03 -4.332283265000033343e-03 -4.704261203783369032e-03 -4.941708755429692276e-03 -5.305021128098497997e-03 -6.297393399803772641e-03 -8.581076014150354481e-03 -1.274682787608091838e-02 -1.895028464696869516e-02 -2.650859426514665454e-02 -3.366299512207557992e-02 -3.786784161115035185e-02 -3.713532505648357851e-02 -3.325468298181866178e-02 -3.796479431167745083e-02 -8.462446237558288176e-02 -2.451158729635601885e-01 -6.800663880559729702e-01 -1.616337868287368140e+00 -3.966086540639195857e+00 -6.856817810033394522e+00 -2.379492065255647404e+01 2.405481289329499006e+00 -2.972493031310426090e+02 1.015176660062655174e+03 -7.611926737291254540e+03 3.292629233739714982e+04 -7.516936046076456478e+03 1.008631356269721778e+03 -2.844915298329115103e+02 5.628383598963021761e+00 -2.100506655867281225e+01 -5.498832828325613598e+00 -3.184416210002366299e+00 -1.369609353371874727e+00
-8.271623991279144356e-03 -2.199166213273262126e-03 -1.524336593367779007e-03 -1.076204989293455408e-03 -8.505226338824519935e-04 -7.034077894746935955e-04 -6.025135772743824263e-04 -5.281417416550378231e-04 -4.707432046937419664e-04 -4.250742550094131116e-04 -3.883375454309103358e-04 -3.589385545574499807e-04 -3.357183427240185850e-04 -3.175299875828024171e-04 -3.030265828612201942e-04 -2.911213356059719746e-04 -2.799040080261137181e-04 -2.716017488453747108e-04 -2.615108235911992084e-04 -2.403615873954168371e-04 -2.336030422639881054e-04 -2.273006812457926290e-04 -2.243205855769166753e-04 -2.231958436853585890e-04 -2.230381296064857014e-04 -2.228140519496054229e-04 -2.219454002597825428e-04 -2.205129202570816846e-04 -2.192409286275342388e-04 -2.191854271036857479e-04 -2.212508829972086738e-04 -2.257377391249272753e-04 -2.321325751426859651e-04 -2.392630545742685012e-04 -2.457868638537098185e-04 -2.508245978239138766e-04 -2.544566942014652106e-04 -2.578319127687850668e-04 -2.627813710061769692e-04 -2.710509863584884319e-04 -2.834609682066679156e-04 -2.993841501970283497e-04 -3.168486950584492720e-04 -3.333224300316620721e-04 -3.469240301764096846e-04 -3.575515554934187933e-04 -3.673625005450581850e-04 -3.802424115906869709e-04 -4.003085280872531156e-04 -4.299839711442338705e-04 -4.684961614756019276e-04 -5.116506651840467285e-04 -5.533078953851852189e-04 -5.882509909425233646e-04 -6.153881151558634934e-04 -6.397609348743699348e-04 -6.720352100594072318e-04 -7.250025649424647525e-04 -8.079747265490768013e-04 -9.212985995754012373e-04 -1.053817397380221255e-03 -1.185653424234912011e-03 -1.296765950336253989e-03 -1.379074389854890873e-03 -1.447326672874380644e-03 -1.542574788215706578e-03 -1.723538562141166018e-03 -2.045042588194576766e-03 -2.529215189932619134e-03 -3.141440325718669168e-03 -3.786647831180322676e-03 -4.339750432787540038e-03 -4.713770702065703255e-03 -4.953113173476724612e-03 -5.318750153826636018e-03 -6.315457423964964713e-03 -8.608102658289398107e-03 -1.279047044708092259e-02 -1.902014843302643823e-02 -2.661299971399873343e-02 -3.380373769540836321e-02 -3.803502039089116937e-02 -3.730762617867909581e-02 -3.341611965568056647e-02 -3.815693732287140510e-02 -8.507147679611044844e-02 -2.464616727732938384e-01 -6.839495317963204535e-01 -1.625849612950424294e+00 -3.990396972038372514e+00 -6.899284394238263118e+00 -2.395182046729608416e+01 2.434613054344854532e+00 -2.993338939820755513e+02 1.022492819965653894e+03 -7.667102038963534142e+03 3.316837806638316397e+04 -7.572968350138853566e+03 1.016192654080087777e+03 -2.866748269559143978e+02 5.661955096766004836e+00 -2.118681349800186098e+01 -5.503068396803046269e+00 -3.538033323319081713e+00
-8.229620942735734954e-03 -2.177091991931478284e-03 -1.499496796086377494e-03 -1.050147867582543323e-03 -8.250449954543555937e-04 -6.805844703344323451e-04 -5.837232913702252238e-04 -5.137718740716181419e-04 -4.601890580918695933e-04 -4.170247757091090314e-04 -3.812335623073763620e-04 -3.514552503345666902e-04 -3.271530429324704075e-04 -3.078413077150559058e-04 -2.930965250992906691e-04 -2.809592349392932308e-04 -2.733916896202787951e-04 -2.641053070281135381e-04 -2.417393773899058492e-04 -2.338020369068443836e-04 -2.247575229497014357e-04 -2.184480751817888472e-04 -2.143603539259078148e-04 -2.125736923344673430e-04 -2.124739069467880396e-04 -2.131406975149102332e-04 -2.136448610393193285e-04 -2.134431743887196743e-04 -2.126267581192967712e-04 -2.119075893609076542e-04 -2.123230767817728816e-04 -2.147673790932475284e-04 -2.195481814162541362e-04 -2.261770877935496786e-04 -2.335162156139701647e-04 -2.402541157786092143e-04 -2.455268628860281265e-04 -2.494097149691707513e-04 -2.530292746658415501e-04 -2.581886808265045096e-04 -2.666138297699004308e-04 -2.791231659139567175e-04 -2.951081206705205942e-04 -3.126285435916362383e-04 -3.291834275095258089e-04 -3.429081399140258986e-04 -3.536951189789231298e-04 -3.636761295759541931e-04 -3.767026144554317117e-04 -3.968656648534744555e-04 -4.265836597485480751e-04 -4.651047426671101937e-04 -5.082727707390978034e-04 -5.499871747172746560e-04 -5.850526754289819180e-04 -6.123709012469990068e-04 -6.369516828002913175e-04 -6.694196043987299394e-04 -7.225379074429105113e-04 -8.056200711591779981e-04 -9.190476853344750272e-04 -1.051716885425083145e-03 -1.183795201376311099e-03 -1.295256381009741390e-03 -1.377998611487380549e-03 -1.446733858555992970e-03 -1.542503810291813654e-03 -1.724081876849427623e-03 -2.046417569270733011e-03 -2.531791908116432996e-03 -3.145680512103419223e-03 -3.792951632699560413e-03 -4.348280586344498502e-03 -4.724399508530074607e-03 -4.965672593019656786e-03 -5.333707260246419064e-03 -6.334954084992177638e-03 -8.637005474951957654e-03 -1.283674948242370835e-02 -1.909371764512049485e-02 -2.672234342811360269e-02 -3.395051982981571459e-02 -3.820883426368520963e-02 -3.748642285493814647e-02 -3.358356955040595060e-02 -3.835614496309992794e-02 -8.553308098718873098e-02 -2.478463219403122808e-01 -6.879347939522871824e-01 -1.635597064553249380e+00 -4.015269702965353460e+00 -6.942720048513513653e+00 -2.411196601729503897e+01 2.463887992959815865e+00 -3.014579387115280156e+02 1.029942082508975318e+03 -7.723280089423145910e+03 3.341479236757931358e+04 -7.629988259660062795e+03 1.023884342796634428e+03 -2.888946099884796013e+02 5.662578404579851288e+00 -2.125013184803758648e+01 -6.393765105389697112e+00
-8.131498434515315246e-03 -2.145457391020793355e-03 -1.473138141523995352e-03 -1.026994798817949112e-03 -8.035786431064599004e-04 -6.610323564752352719e-04 -5.665815798022277427e-04 -4.994409343673625367e-04 -4.486984994805135146e-04 -4.079407839508672495e-04 -3.737277434661882120e-04 -3.445518612452276564e-04 -3.199162914333559681e-04 -3.000679615842180114e-04 -2.837942473474880053e-04 -2.740895220186823338e-04 -2.641166438030667423e-04 -2.408113077548370857e-04 -2.338967669010434951e-04 -2.249654832905718807e-04 -2.175693078918655981e-04 -2.110752514800730067e-04 -2.062021373528022297e-04 -2.033325740497272114e-04 -2.024778461071115993e-04 -2.031332744087393919e-04 -2.044407496863093567e-04 -2.055238926339657843e-04 -2.058668922901065726e-04 -2.055636827962969569e-04 -2.053112852000576756e-04 -2.061271569550379831e-04 -2.088937362282789238e-04 -2.139236277325438473e-04 -2.207502626228527985e-04 -2.282667955071591417e-04 -2.351899042544420366e-04 -2.406697842794166609e-04 -2.447767136601201377e-04 -2.486164741270258409e-04 -2.539658504306568703e-04 -2.625317142243456655e-04 -2.751305135370657397e-04 -2.911707868285733167e-04 -3.087418711490422436e-04 -3.253719130545911615e-04 -3.392120030060744788e-04 -3.501494621806826258e-04 -3.602921025732174561e-04 -3.734595333266213946e-04 -3.937184152931331484e-04 -4.234826930554807709e-04 -4.620198578721430968e-04 -5.052094884190677301e-04 -5.469873710250973365e-04 -5.821783299070589553e-04 -6.096780564453522979e-04 -6.344672668997701839e-04 -6.671332861292856133e-04 -7.204144584165928303e-04 -8.036273891695543386e-04 -9.171866532744998813e-04 -1.050036864696042051e-03 -1.182385338354008429e-03 -1.294216517619640018e-03 -1.377407796126658935e-03 -1.446641083511081109e-03 -1.542958178167292208e-03 -1.725197633130963384e-03 -2.048441672774918478e-03 -2.535123411907194355e-03 -3.150799083832571661e-03 -3.800256430696627788e-03 -4.357914574413549770e-03 -4.736208797102379325e-03 -4.979481844110940879e-03 -5.350028598802515113e-03 -6.356057311829511024e-03 -8.667979657892767309e-03 -1.288585716524181385e-02 -1.917116288749399003e-02 -2.683678134708446933e-02 -3.410353490515419250e-02 -3.838962076945671292e-02 -3.767234594424093141e-02 -3.375810679708446393e-02 -3.856401784458573373e-02 -8.601135026617458268e-02 -2.492721669519376571e-01 -6.920246086984267464e-01 -1.645582955677436621e+00 -4.040710257959037932e+00 -6.987136121529986532e+00 -2.427540735541363759e+01 2.493284208740045749e+00 -3.036221066537090678e+02 1.037526319331078412e+03 -7.780477145157437008e+03 3.366560445377236465e+04 -7.688015803636971214e+03 1.031713405925797360e+03 -2.912132356034006193e+02 5.893088294017584161e+00 -2.294916486713296777e+01
-7.945342986781261940e-03 -2.097761583337785264e-03 -1.442275159468059441e-03 -1.006307616440503365e-03 -7.870338979142255283e-04 -6.463005637453881963e-04 -5.526724753486897011e-04 -4.863165563890301012e-04 -4.367760592118237516e-04 -3.976530504098788900e-04 -3.652153817601817951e-04 -3.374172100489181581e-04 -3.138392270610191855e-04 -2.931320634287410852e-04 -2.793752331763716583e-04 -2.657957872786732823e-04 -2.385960320200830815e-04 -2.313417481255253488e-04 -2.229739341159014726e-04 -2.165722314912564474e-04 -2.104260602900025038e-04 -2.046425105191443166e-04 -1.995740963182370475e-04 -1.958286501136637992e-04 -1.938661426427296629e-04 -1.937350675990135189e-04 -1.949828794450421648e-04 -1.968024207772899547e-04 -1.983580455964026714e-04 -1.991552641234383574e-04 -1.992877965064246502e-04 -1.994366592406706447e-04 -2.005988831053895350e-04 -2.036442871076789979e-04 -2.088886440468101693e-04 -2.158847952296786654e-04 -2.235544595692952926e-04 -2.306406118675065320e-04 -2.363068313094350103e-04 -2.406187728360421299e-04 -2.446624112717703118e-04 -2.501891791316393715e-04 -2.588873150669240104e-04 -2.715707863937723157e-04 -2.876640506871614746e-04 -3.052845583379625201e-04 -3.219886598839904351e-04 -3.359430591041559825e-04 -3.470307118655163660e-04 -3.573367040805618469e-04 -3.706499027746992564e-04 -3.910129509123990506e-04 -4.208348915228476007e-04 -4.594014710059737133e-04 -5.026268775769119051e-04 -5.444827932196642101e-04 -5.798147266691550811e-04 -6.075139423594462908e-04 -6.325338697201834687e-04 -6.654258896236186745e-04 -7.189036272452812258e-04 -8.022858035363477237e-04 -9.160184440226662884e-04 -1.049093712104728340e-03 -1.181759480473352835e-03 -1.294013816155292328e-03 -1.377717848194062603e-03 -1.447528112999434688e-03 -1.544489581908147337e-03 -1.727506265960012007e-03 -2.051790952390494978e-03 -2.539926248457070965e-03 -3.157549185402644138e-03 -3.809373130897785245e-03 -4.369574869134119043e-03 -4.750313690590368676e-03 -4.995935960333996312e-03 -5.369449986719198632e-03 -6.380846991315323145e-03 -8.703384705027794599e-03 -1.294033120755582432e-02 -1.925514455313570225e-02 -2.695921228457121704e-02 -3.426633735653019514e-02 -3.858237779540251572e-02 -3.787292128808193714e-02 -3.395088308155085749e-02 -3.879594946653187881e-02 -8.652547614500898099e-02 -2.507603832164290725e-01 -6.962396207260169723e-01 -1.655826871714792592e+00 -4.066746257657686492e+00 -7.032597440232287056e+00 -2.444234682192524488e+01 2.522370347036790861e+00 -3.058280227409164809e+02 1.045245096685450562e+03 -7.838713478233344176e+03 3.392086965844063525e+04 -7.747060526622285579e+03 1.039460482872336570e+03 -2.928084933580518054e+02 4.557123194071053263e-01
-7.672764808800410646e-03 -2.033010951632995087e-03 -1.404642973529898840e-03 -9.854921862065160569e-04 -7.731765084534450222e-04 -6.349286042923870613e-04 -5.413769991922848896e-04 -4.743839202561198846e-04 -4.245965870455503124e-04 -3.861454199223969953e-04 -3.551357569754955991e-04 -3.295552671039675093e-04 -3.066177952811813181e-04 -2.903210920371772645e-04 -2.730166630981745168e-04 -2.398878360027457783e-04 -2.296839165434642015e-04 -2.193763533005668568e-04 -2.126852062224894981e-04 -2.073434205260260804e-04 -2.026455710602772132e-04 -1.980317097580519070e-04 -1.935098037464752659e-04 -1.895102280779117204e-04 -1.866499667659246337e-04 -1.854068965864209579e-04 -1.858563241210270866e-04 -1.875837275751122014e-04 -1.898230437281789166e-04 -1.917719434003033565e-04 -1.929528160311629493e-04 -1.934574459031136826e-04 -1.939510896029012302e-04 -1.954113858418014241e-04 -1.986961526644772204e-04 -2.041237075205536839e-04 -2.112642690348735233e-04 -2.190651926239261182e-04 -2.262928870913164274e-04 -2.321225112011555958e-04 -2.366149542373071539e-04 -2.408378442086530821e-04 -2.465195979990350041e-04 -2.553319158729391468e-04 -2.680870794784472847e-04 -2.842244205362498880e-04 -3.018868642430018868e-04 -3.186557196837569157e-04 -3.327108111658807262e-04 -3.439301544181183699e-04 -3.543778811866102373e-04 -3.678156455527212656e-04 -3.882658826970971614e-04 -4.181350104608595351e-04 -4.567263961187344569e-04 -4.999850575506437122e-04 -5.419128537009853088e-04 -5.773706632463210470e-04 -6.052430108910648431e-04 -6.304584021025567368e-04 -6.635390781104328261e-04 -7.171827318445910242e-04 -8.007169472239830969e-04 -9.146198763211190559e-04 -1.047923738413587087e-03 -1.180902682326560871e-03 -1.293552481309134805e-03 -1.377707955729595875e-03 -1.448002966164979935e-03 -1.545503695718583159e-03 -1.729208559103476064e-03 -2.054488968826270225e-03 -2.544088251886159838e-03 -3.163704944499390413e-03 -3.817924780656158090e-03 -4.380608057033352244e-03 -4.763573567837833291e-03 -5.011157172541796413e-03 -5.387151750147800393e-03 -6.403495387488761063e-03 -8.736508427999336093e-03 -1.299283846093405789e-02 -1.933791901918427772e-02 -2.708131075370107110e-02 -3.442908513967713607e-02 -3.877378240903905232e-02 -3.806842950525864133e-02 -3.413255702981449202e-02 -3.901072900846104530e-02 -8.702281953524634850e-02 -2.522513835557770867e-01 -7.005212354103376171e-01 -1.666277060082207440e+00 -4.093322536115024057e+00 -7.078982249262371518e+00 -2.461244740491913774e+01 2.552210450239170481e+00 -3.080737747828661668e+02 1.053106730362677126e+03 -7.897994604642611193e+03 3.418069692759543250e+04 -7.807135624339590322e+03 1.047551995009388747e+03 -2.950320231383205964e+02
-7.446836377299519832e-03 -1.982757824215447117e-03 -1.378485444613303029e-03 -9.745005704526329363e-04 -7.684759237884982970e-04 -6.321011752471642582e-04 -5.378041086629998385e-04 -4.690621061757875793e-04 -4.177522409572193137e-04 -3.786646683660534933e-04 -3.485124128330237205e-04 -3.228911917640532136e-04 -3.056358533621436006e-04 -2.865453006110065481e-04 -2.483890523276372419e-04 -2.351644349668571290e-04 -2.212743452922439984e-04 -2.117720612876408334e-04 -2.048323399950017771e-04 -1.999421302401306014e-04 -1.961684273963313892e-04 -1.927475559369555449e-04 -1.892465875339401570e-04 -1.856980104670449654e-04 -1.825379137864213718e-04 -1.803794709580391843e-04 -1.797060691775682862e-04 -1.806151708896859651e-04 -1.827286342488852397e-04 -1.853205264218441798e-04 -1.876192784140222043e-04 -1.891589979243812664e-04 -1.900223458802093523e-04 -1.908516072868494083e-04 -1.926003809648893473e-04 -1.961143636189507044e-04 -2.017190801050349890e-04 -2.090097093053744359e-04 -2.169663054533225977e-04 -2.243816226805106745e-04 -2.304390390801845981e-04 -2.351856770401730625e-04 -2.396596888801747773e-04 -2.455583808209512125e-04 -2.545364407747864924e-04 -2.674133102964143592e-04 -2.836588442880398717e-04 -3.014576504274490802e-04 -3.184251550580665399e-04 -3.327509082531155500e-04 -3.442917476448026089e-04 -3.550678605693627669e-04 -3.687947362590009029e-04 -3.894708356495046680e-04 -4.195174459640583814e-04 -4.582912038768567967e-04 -5.018089105283756422e-04 -5.441304587389316980e-04 -5.801307693847230227e-04 -6.086520617285441507e-04 -6.345395426625386479e-04 -6.682316561854475916e-04 -7.223917042627875894e-04 -8.063974609474867071e-04 -9.208605870612368788e-04 -1.054984622780590032e-03 -1.189176567009083470e-03 -1.303453290045153250e-03 -1.389529933528244098e-03 -1.461825653590969037e-03 -1.561216518574511493e-03 -1.746687905566962152e-03 -2.073887057437882528e-03 -2.566114211909162075e-03 -3.189737308510701575e-03 -3.849826738026737149e-03 -4.420243258976741876e-03 -4.812212756287071770e-03 -5.069155766855164974e-03 -5.454358963269744648e-03 -6.480709775707063115e-03 -8.827874830014643265e-03 -1.310841435014927989e-02 -1.949494201606646535e-02 -2.730235059374795312e-02 -3.473579033209206468e-02 -3.917711923835538040e-02 -3.856085207373106255e-02 -3.469581763058531693e-02 -3.966562619760268665e-02 -8.797300846328713619e-02 -2.541841949184024396e-01 -7.053462167785389259e-01 -1.677857169579227925e+00 -4.122983542355289188e+00 -7.133341353403232610e+00 -2.480276431866928988e+01 2.541027116535227393e+00 -3.104353954991774458e+02 1.060868218168004205e+03 -7.958374677882990909e+03 3.444231336959325563e+04 -7.859258167025977855e+03 9.854270182250699008e+02
-6.919879319362606113e-03 -1.849628390620399170e-03 -1.291934186391464554e-03 -9.188169209363007770e-04 -7.278253817603331762e-04 -5.999631268985936450e-04 -5.100913722148149110e-04 -4.435272783803551012e-04 -3.933308975694571846e-04 -3.554898254009018809e-04 -3.254856003139867580e-04 -3.076951259546365598e-04 -2.878607774288769426e-04 -2.465826548791024081e-04 -2.330704294365627425e-04 -2.175373116896347830e-04 -2.057800119549784822e-04 -1.962897436313094067e-04 -1.892930610414584464e-04 -1.844360604112000028e-04 -1.811406450074803053e-04 -1.786544520573923748e-04 -1.763055272937035466e-04 -1.737340913798075164e-04 -1.710132136170822723e-04 -1.685925334767456225e-04 -1.670795850886234286e-04 -1.669450906409764089e-04 -1.682791081298291120e-04 -1.707099575639486335e-04 -1.735340555288918780e-04 -1.760129324251285849e-04 -1.777142485628263949e-04 -1.787432145224786717e-04 -1.797456888161317180e-04 -1.816588540344330860e-04 -1.852989184992670415e-04 -1.909614897451347086e-04 -1.982250434591668008e-04 -2.060751995643182581e-04 -2.133327250342399988e-04 -2.192217590163716935e-04 -2.238263831153145325e-04 -2.282008522102999589e-04 -2.340275630739804412e-04 -2.429174332670384223e-04 -2.556325878443825410e-04 -2.715956526955323508e-04 -2.889767515151977616e-04 -3.054208616996728653e-04 -3.191838645185052963e-04 -3.301998890467639294e-04 -3.405412858600869353e-04 -3.539188791533849610e-04 -3.742579685849617118e-04 -4.038561255236404902e-04 -4.419414349381075593e-04 -4.844553279642717434e-04 -5.254812163419382391e-04 -5.600248872045764104e-04 -5.871242930301977204e-04 -6.117990414670382467e-04 -6.445400279187920396e-04 -6.978710251315591332e-04 -7.808412786319007554e-04 -8.936411878596939784e-04 -1.025131470194125694e-03 -1.155639577872647709e-03 -1.265478168698951512e-03 -1.346989929909614631e-03 -1.415319379319965147e-03 -1.511784949150325567e-03 -1.695134890461701387e-03 -2.019880480153794268e-03 -2.507426127646838945e-03 -3.122070721261300478e-03 -3.767579314431372933e-03 -4.318244543933002534e-03 -4.687982384245641641e-03 -4.924698628771792368e-03 -5.296185391953543535e-03 -6.316867626847388548e-03 -8.661534613621044848e-03 -1.292897619105125295e-02 -1.926950718812645708e-02 -2.697227432773362243e-02 -3.422403423343799850e-02 -3.841147351850304759e-02 -3.751482285770491726e-02 -3.344241812946768116e-02 -3.842870097286797682e-02 -8.715087796126640141e-02 -2.542812118922690434e-01 -7.068675922196668848e-01 -1.680442243388088563e+00 -4.127490782407686964e+00 -7.125704180723754000e+00 -2.484225331164712358e+01 2.818075204497662245e+00 -3.119583796791609416e+02 1.069116859591752927e+03 -8.010361687614969014e+03 3.468133493843221368e+04 -7.686365727700748721e+03
-8.728125191555821324e-03 -2.334059021428924480e-03 -1.630240195535840588e-03 -1.160367730407875714e-03 -9.205763375978854007e-04 -7.603630153671834483e-04 -6.475621774212769613e-04 -5.633486946916729755e-04 -4.991996905678371555e-04 -4.494655382464686293e-04 -4.145529340699114764e-04 -3.756958632737419338e-04 -3.233658131005440802e-04 -3.044535072259377858e-04 -2.847982099254747421e-04 -2.693442699705870928e-04 -2.557033700859124106e-04 -2.440687321876515545e-04 -2.346014543912941215e-04 -2.275039611950899318e-04 -2.226652668283076147e-04 -2.195912497109579308e-04 -2.175170120424880984e-04 -2.156681397314856282e-04 -2.135507412317603647e-04 -2.111399456725476743e-04 -2.088758171812013910e-04 -2.074568070965334191e-04 -2.075101473347216226e-04 -2.092796695416555570e-04 -2.124728770238575981e-04 -2.163487296719089365e-04 -2.200246417588056630e-04 -2.228792802404272640e-04 -2.248730959968222535e-04 -2.266284062651938082e-04 -2.292070026877729807e-04 -2.336566406549586358e-04 -2.405140413681586221e-04 -2.494949215083312375e-04 -2.595414568300389267e-04 -2.692518346433791783e-04 -2.775383754479743845e-04 -2.842311670689233894e-04 -2.903294849395910110e-04 -2.977256196003636238e-04 -3.084517786670716360e-04 -3.237369157684297618e-04 -3.433001877255531433e-04 -3.652695579419561341e-04 -3.868801987269423277e-04 -4.057614414681537341e-04 -4.212957585790213458e-04 -4.353947856069880721e-04 -4.521880549215296329e-04 -4.765392039386711254e-04 -5.118700205380969292e-04 -5.582171513135486714e-04 -6.115581397802684165e-04 -6.650710441867154193e-04 -7.121939325580786814e-04 -7.504378444842819398e-04 -7.842249655100050950e-04 -8.250501726019931602e-04 -8.880961452965140807e-04 -9.859499632983695274e-04 -1.121756698442462298e-03 -1.285142533065316900e-03 -1.454043368742498690e-03 -1.603636115343591746e-03 -1.720467775782769234e-03 -1.816543370628670873e-03 -1.936016081338421280e-03 -2.148027020470865290e-03 -2.523358086786945970e-03 -3.100058598618549849e-03 -3.851336559937204151e-03 -4.674561976441061507e-03 -5.419774621939281792e-03 -5.965603984587672555e-03 -6.331707375884359015e-03 -6.791365631851818858e-03 -7.924861887649240627e-03 -1.054560274059053622e-02 -1.544567467432161369e-02 -2.296220020462088826e-02 -3.246095308552379710e-02 -4.197244353265895678e-02 -4.840967797074024331e-02 -4.901935503188759036e-02 -4.507477599302867760e-02 -4.917762594441197482e-02 -9.916415407955972428e-02 -2.790347716870723582e-01 -7.766114931217300565e-01 -1.872984305444425068e+00 -4.593277081979524112e+00 -8.248145530076600451e+00 -2.694940268508034009e+01 -3.449792776587733645e+00 -3.151301045273946215e+02 1.003717213375527876e+03 -7.838068788623969340e+03 3.312169832050821424e+04
