,RADeg,decDeg,z,fluxmJy_1.4GHz,fluxmJy_30GHz,fluxmJy_90GHz,fluxmJy_148GHz,fluxmJy_219GHz,fluxmJy_277GHz,fluxmJy_350GHz
0,26.976861,6.537250999999996,0.06463,3.10366,0.266765,0.108956,0.0730727,0.0533915,0.0442405,0.0366894
1,26.037395,5.033661999999994,0.0652,6.94108,0.596249,0.247547,0.166281,0.121533,0.100709,0.0835212
7,26.815968,5.427972000000002,0.1215,14.4553,1.25344,0.520263,0.348574,0.254293,0.210549,0.174519
10,25.982709,6.295445999999998,0.1383,1.56022,0.134225,0.0552084,0.0370789,0.0271006,0.0224569,0.0186243
12,26.585251,6.156462000000004,0.1386,0.536284,0.0503493,0.0265428,0.0205577,0.0163921,0.0139941,0.0116968
14,26.691787,7.110305,0.1422,1.67595,0.191597,0.0568914,0.0367407,0.0266941,0.0221041,0.0183282
19,25.477725000000003,5.901464000000002,0.1836,2.77908,0.593299,0.190657,0.092311,0.0542499,0.0413682,0.0326891
20,25.485952,5.919215000000001,0.1836,1.61269,0.132429,0.0539822,0.0362302,0.0264775,0.0219403,0.0181957
21,25.503603,5.943418000000003,0.1836,2.51567,0.217113,0.0898687,0.0603503,0.0441079,0.0365498,0.030312
23,26.399409,5.828422000000001,0.1866,1.18234,0.0963275,0.0374078,0.0250038,0.0182595,0.0151287,0.0125462
24,26.440372,5.797075999999999,0.1866,0.292184,0.0258273,0.0104259,0.00698353,0.00510216,0.00422771,0.00350614
25,26.845877,5.748901999999996,0.1861,2.13742,0.175655,0.0728955,0.048965,0.0357882,0.0296559,0.0245946
30,25.177403,5.258411000000005,0.2023,0.382264,0.0320617,0.0132707,0.00891398,0.00651517,0.0053988,0.00447741
31,25.226962,5.228639000000006,0.2023,0.59126,0.0508134,0.0208149,0.0139645,0.0102041,0.00845532,0.00701218
35,25.291033,4.8795630000000045,0.2054,1.44736,0.12224,0.0507181,0.034068,0.0249001,0.0206335,0.017112
36,26.340958,5.036294999999998,0.2075,0.142906,0.0122825,0.0050924,0.00342056,0.00250006,0.00207168,0.00171811
38,24.823159,6.5960869999999945,0.2215,0.377473,0.0312173,0.0129565,0.00870307,0.00636102,0.00527106,0.00437147
41,26.776422,6.650729000000001,0.2435,0.249883,0.0217141,0.00896154,0.00600512,0.00438482,0.00363243,0.00301205
42,26.759676,6.6685019999999975,0.2435,0.773253,0.0671465,0.0277795,0.018611,0.0135832,0.0112498,0.00932681
43,26.760725,6.666972999999995,0.2435,0.106595,0.00935462,0.00377687,0.00252398,0.00184205,0.00152589,0.00126528
45,26.330694,6.570532000000003,0.2458,5.73612,0.493047,0.204558,0.137401,0.100425,0.0832175,0.0690151
46,26.347388,6.573950999999997,0.2458,0.733798,0.0606459,0.0250316,0.0168137,0.012289,0.0101833,0.00844536
49,25.190457,6.133721999999998,0.2537,0.563397,0.192067,0.132285,0.081407,0.0466995,0.0312005,0.0200363
50,25.359316,6.1853,0.2555,0.25314,0.0279033,0.0104738,0.00644359,0.00451025,0.0036874,0.00303686
54,26.683119,5.5946269999999965,0.2611,7.11311,0.619013,0.253346,0.169985,0.124222,0.102935,0.0853669
55,26.054274,6.815208000000004,0.2603,1.02967,0.0900764,0.036357,0.0242958,0.0177301,0.0146864,0.0121778
56,26.081730000000004,6.848368999999995,0.2603,4.85625,0.488781,0.184717,0.118261,0.0845662,0.0695923,0.0574985
57,26.087531,6.830421000000006,0.2603,0.236405,0.0207139,0.00863876,0.00576683,0.00418901,0.00346012,0.00286253
58,26.109307,6.531773000000001,0.2609,0.318962,0.123491,0.309866,0.426447,0.495969,0.515389,0.512531
59,26.170757,7.108945000000005,0.2616,0.102799,0.0126611,0.00420414,0.00253822,0.00178245,0.00146219,0.00120722
60,26.163581,7.1077689999999984,0.2616,1.80987,0.15535,0.0644974,0.0433238,0.0316651,0.0262393,0.0217611
63,24.912204,6.644572000000006,0.2632,0.336716,0.0293663,0.0119582,0.00801807,0.00585869,0.00485462,0.00402606
64,24.848888,6.609004000000001,0.2644,0.143311,0.0123582,0.00511779,0.00343738,0.00251234,0.00208185,0.00172655
65,24.828959,6.589558999999997,0.2644,0.176691,0.0154475,0.00610434,0.00409424,0.00299214,0.00247942,0.00205627
66,24.854766,6.5697329999999985,0.2673,0.139977,0.0123774,0.00499988,0.00333476,0.00243125,0.00201326,0.00166909
67,24.855359,6.558904000000004,0.2673,0.375106,0.0330193,0.0133852,0.0089765,0.00655975,0.00543566,0.00450796
68,26.83484,7.115229000000005,0.2651,0.724691,0.0550265,0.0223727,0.0150253,0.0109818,0.00910005,0.00754698
69,26.830161,7.069458,0.2651,0.527947,0.044421,0.0184405,0.0123868,0.0090534,0.00750211,0.00622175
70,25.971793000000005,6.634973000000002,0.2654,0.111399,0.00966254,0.00397182,0.00266548,0.00194791,0.00161411,0.00133863
71,25.969708,6.651892999999998,0.2654,0.258258,0.0219242,0.00909811,0.00611132,0.00446673,0.00370136,0.00306966
74,24.989817,6.255785000000005,0.2701,0.462089,0.0382455,0.0158562,0.0106508,0.00778459,0.0064507,0.00534979
75,24.997099,6.267715999999994,0.2701,0.326456,0.0279084,0.0115879,0.00778376,0.0056891,0.00471428,0.00390971
76,24.857366000000003,6.422342999999998,0.2684,0.0917458,0.00783011,0.00324501,0.0021796,0.00159305,0.00132008,0.00109479
77,24.869176,6.4221629999999985,0.2684,0.361831,0.0316428,0.0129492,0.00866346,0.00632294,0.00523742,0.00434269
78,24.86026,6.459926999999997,0.2684,0.524176,0.0409555,0.0169692,0.0113984,0.00833098,0.00690347,0.00572528
79,24.863238,6.381160999999995,0.2684,0.218412,0.017715,0.00734436,0.00493329,0.00360571,0.00298787,0.00247794
80,24.871095,6.422724000000002,0.2684,0.188267,0.0152434,0.0063257,0.00424907,0.00310561,0.00257347,0.00213427
81,25.482076,7.137137000000004,0.2701,1.05403,0.0893279,0.0370578,0.0248922,0.0181936,0.0150761,0.0125031
82,26.488022,5.208663,0.2704,0.161772,0.014634,0.00582341,0.00387089,0.00282092,0.00233611,0.00193694
83,25.34279,5.695593999999997,0.2756,0.773462,0.068205,0.0276629,0.0185099,0.0135177,0.0111999,0.00928806
84,25.728143,6.126278000000003,0.2746,0.56288,0.0483072,0.0200588,0.0134738,0.00984788,0.00816045,0.00676774
85,25.365284,5.596736000000003,0.2757,0.507382,0.042933,0.0177954,0.0119533,0.00873659,0.00723958,0.00600403
86,25.367352,5.604828000000002,0.2757,0.126635,0.0139374,0.00450161,0.00284615,0.00204398,0.00168716,0.00139696
87,25.376195000000003,5.575919000000004,0.2757,0.132322,0.0117996,0.00476952,0.00317456,0.00231227,0.00191422,0.00158677
89,25.638607,4.990175,0.2792,1.27619,0.115428,0.0412368,0.0271558,0.0197602,0.0163607,0.0135642
90,25.475288,5.264681000000001,0.2792,0.278336,0.0238633,0.00979305,0.00657172,0.00480237,0.00397937,0.0033002
91,25.474495,5.287344999999999,0.2792,0.105395,0.00899775,0.00373601,0.00250953,0.0018342,0.00151991,0.00126051
92,25.453525,5.249566999999997,0.2792,0.229228,0.019765,0.00817252,0.00548843,0.00401136,0.00332401,0.00275671
94,25.510922,5.151681999999995,0.2833,0.488412,0.0439128,0.0176105,0.011715,0.00853818,0.00707083,0.00586263
95,25.536426,5.119808999999995,0.2833,0.41651,0.0357527,0.0148402,0.00996835,0.0072858,0.00603738,0.00500701
96,25.524752,5.1494580000000045,0.2833,0.312479,0.0259083,0.0107211,0.0072012,0.0052633,0.00436143,0.00361708
97,25.528849,5.161917999999998,0.2833,0.402282,0.028197,0.0115971,0.00778974,0.00569347,0.00471789,0.00391271
98,25.168152000000003,4.966311000000002,0.2841,0.835764,0.0709716,0.0292777,0.0196633,0.0143717,0.0119091,0.00987659
99,26.525491,4.982860999999998,0.2859,1.28505,0.110528,0.0458951,0.0308284,0.0225323,0.0186714,0.0154848
100,25.340522,5.089614000000002,0.2847,0.844007,0.103701,0.092195,0.0907035,0.0844703,0.0778163,0.0691804
101,25.338571,5.092733000000006,0.2847,0.615584,0.142583,0.112309,0.0801631,0.0530859,0.0388255,0.0271408
102,25.339447,5.093396999999999,0.2847,0.0813793,0.0100062,0.00552141,0.00359238,0.00233531,0.00175584,0.00131353
103,26.03304,5.079776999999998,0.2844,0.281148,0.0241292,0.00999549,0.00671336,0.00490668,0.00406592,0.003372
104,26.69544,5.066358000000004,0.2881,0.201187,0.0171963,0.00713487,0.00479256,0.00350285,0.00290264,0.00240725
105,25.475744,6.241087000000004,0.2872,0.624847,0.0589037,0.0221664,0.0147581,0.0107742,0.00892697,0.00740323
106,25.470821,6.229784999999996,0.2872,0.121383,0.0103032,0.00424906,0.00285367,0.0020857,0.00172832,0.00143335
107,25.474823,6.241692999999996,0.2872,0.572401,0.0488224,0.0202584,0.0136078,0.00994588,0.00824166,0.00683509
110,26.774336,5.228407000000004,0.2882,9.00297,0.769333,0.314477,0.211034,0.154221,0.127793,0.105983
111,26.770302000000004,5.231329999999997,0.2882,0.165693,0.0142303,0.00590488,0.00396633,0.00289896,0.00240223,0.00199225
112,25.242888,6.791542000000001,0.2906,0.259598,0.0224699,0.00924299,0.00620671,0.00453634,0.00375904,0.0031175
113,25.25648,6.767327000000002,0.2906,0.107253,0.00895509,0.00369939,0.0024848,0.00181612,0.00150493,0.00124809
114,27.114487,6.099034,0.2926,0.124397,0.0106497,0.00442155,0.00297002,0.00217077,0.00179881,0.00149181
115,26.245522,5.631467999999996,0.2917,0.128247,0.0111267,0.00455374,0.00305596,0.00223331,0.00185061,0.00153477
116,26.262008,5.634505999999999,0.2917,3.17196,0.271024,0.112356,0.0754677,0.0551586,0.0457072,0.0379065
117,25.662782,6.395076000000005,0.2934,0.723097,0.0624059,0.0255914,0.0171585,0.0125348,0.0103858,0.0086129
118,25.650307,6.384815000000003,0.2934,0.0842432,0.00760357,0.00300922,0.00200985,0.00146765,0.00121603,0.00100846
119,25.660562,6.3875649999999995,0.2934,0.762855,0.0649197,0.0268726,0.0180499,0.0131925,0.010932,0.00906625
121,25.671878,4.890706999999998,0.2957,0.388732,0.0350766,0.0140919,0.00935554,0.00681165,0.00563936,0.00467509
122,25.710160000000002,4.895367000000002,0.2957,0.157831,0.0139681,0.00568628,0.00378876,0.00275919,0.00228372,0.0018927
123,25.650203,4.895898000000002,0.2957,1.47595,0.274858,0.514231,0.691367,0.806194,0.844064,0.848699
124,25.506104,5.8103210000000045,0.2959,0.113714,0.00965519,0.00372433,0.00248796,0.00181682,0.00150532,0.00124836
126,25.193829,5.3225089999999975,0.2954,0.12389,0.0105745,0.00437918,0.00294151,0.00214993,0.00178154,0.00147749
127,25.17695,5.290936,0.2954,0.0809885,0.0119657,0.00450138,0.00252704,0.00160972,0.00125282,0.00099446
128,24.909422,4.8461000000000025,0.2942,0.292579,0.0249149,0.0103248,0.00693524,0.00506892,0.00420037,0.0034835
129,24.976494,6.758540000000003,0.2952,0.672103,0.067618,0.0246368,0.0160116,0.011601,0.00959671,0.00795382
132,25.421335,6.571822000000002,0.2964,0.46471,0.040033,0.0163475,0.0109642,0.00801132,0.00663827,0.00550525
133,25.416967,6.5923350000000065,0.2964,1.13909,0.0980754,0.0407197,0.027352,0.0199914,0.0165659,0.0137386
135,25.12629,5.812902999999998,0.2967,0.381903,0.0339776,0.0135709,0.00908465,0.00663678,0.00549928,0.00456067
136,25.114726,5.804098999999995,0.2967,0.857221,0.0753806,0.0305023,0.0204562,0.0149488,0.0123872,0.0102731
137,25.113933,5.798442999999996,0.2967,2.86729,0.249569,0.102751,0.0688584,0.0502926,0.0416683,0.0345546
138,25.505088,5.883018999999994,0.2967,2.53492,0.219298,0.0906769,0.0608749,0.0444888,0.0368652,0.0305735
139,25.498616,5.882652000000006,0.2967,0.078915,0.0129994,0.00379022,0.00204202,0.00133385,0.00106509,0.000865599
141,24.87012,6.631335000000006,0.2981,0.244297,0.0203573,0.00843555,0.00566625,0.00414142,0.00343179,0.0028461
142,25.090599,6.563058000000004,0.2994,0.252162,0.0210973,0.00871219,0.0058519,0.00427711,0.00354423,0.00293935
143,25.067694,6.564419999999996,0.2994,0.07187,0.00584453,0.00239649,0.00160955,0.0011764,0.000974824,0.000808455
144,25.069832,6.568039000000005,0.2994,0.182115,0.0154603,0.00641532,0.00430924,0.0031496,0.00260992,0.00216449
145,25.426269,6.473481999999994,0.3001,0.215073,0.0184945,0.00767886,0.005158,0.00376995,0.00312397,0.00259081
146,25.423845,6.475029999999996,0.3001,0.431367,0.0369756,0.015321,0.0102904,0.0075211,0.00623235,0.0051687
147,26.498234,4.929754999999997,0.3021,0.3052,0.0256352,0.0106351,0.00714376,0.00522132,0.00432665,0.00358824
148,26.551149000000002,4.920712000000003,0.3021,0.066057,0.00562614,0.00233533,0.00156867,0.00114653,0.000950073,0.000787928
149,26.156598,5.406508000000003,0.3008,0.102073,0.0470566,0.057581,0.0481758,0.0352531,0.0269201,0.0192696
151,27.177589,7.080321000000002,0.2999,0.563321,0.0566208,0.0210145,0.0135701,0.0097907,0.00808842,0.00669931
152,26.278531,5.402296999999994,0.3018,0.0958486,0.00825077,0.00342463,0.00230037,0.00168132,0.00139323,0.00115545
156,26.098408,6.144419999999996,0.3035,0.952589,0.0842375,0.0333567,0.0222872,0.0162728,0.0134822,0.0111806
157,25.899608,6.033584000000006,0.3045,0.118572,0.0101703,0.0042228,0.00283652,0.00207319,0.00171795,0.00142475
158,25.912023,6.040981999999996,0.3045,0.546445,0.0496319,0.0180415,0.0119637,0.00872464,0.00722727,0.00599319
159,25.867889,6.071786999999996,0.3045,0.0657229,0.00562628,0.00233619,0.00156925,0.00114696,0.000950426,0.000788221
162,26.827534000000004,6.941005000000005,0.3073,0.0631364,0.00538541,0.00221277,0.00148552,0.00108568,0.000899637,0.000746098
163,25.115295,4.832200000000002,0.3202,0.094315,0.00761598,0.00312979,0.00210171,0.00153608,0.00127287,0.00105563
164,25.093338,4.817319000000002,0.3202,0.773133,0.0663128,0.027272,0.0183126,0.0133841,0.0110908,0.00919793
166,25.220051,6.8449900000000055,0.3258,0.322078,0.0273125,0.0109889,0.00736685,0.0053828,0.00446028,0.00369902
167,25.229479,6.869153999999994,0.3258,0.0838121,0.007457,0.00296554,0.00198637,0.00145136,0.00120264,0.00099738
168,26.624889,7.0944409999999944,0.3306,0.587528,0.0505105,0.020971,0.0140865,0.0102957,0.00853156,0.00707551
169,26.393472,6.178180000000002,0.3283,0.258168,0.0201005,0.00830996,0.00558177,0.00407968,0.00338063,0.00280367
170,26.373027,6.191878999999997,0.3283,0.145798,0.0124174,0.00507907,0.00341094,0.00249301,0.00206583,0.00171327
189,26.068396,6.045296000000006,0.3359,0.123246,0.0105906,0.00438612,0.00294613,0.0021533,0.00178433,0.00147981
190,26.069445000000005,6.024408999999999,0.3359,0.133944,0.0113949,0.00473101,0.00317788,0.00232269,0.0019247,0.00159622
200,26.412395,6.324113999999996,0.3364,0.485535,0.039344,0.0162374,0.010906,0.00797109,0.00660525,0.00547796
201,25.982425,5.865099000000002,0.3377,0.602693,0.0516578,0.0214251,0.0143913,0.0105185,0.00871618,0.00722862
204,25.098535,5.374250999999999,0.3433,0.0798166,0.00688082,0.00285235,0.00191584,0.00140027,0.00116033,0.000962303
207,26.895478,5.108850999999999,0.3443,1.77746,0.149407,0.0619736,0.0416282,0.0304258,0.0252124,0.0209095
208,26.88016,5.080570000000004,0.3443,0.867095,0.0749662,0.0292274,0.0196036,0.0143269,0.0118719,0.00984579
209,26.887243,5.101237999999998,0.3443,0.0500449,0.00635732,0.00275004,0.0016203,0.00104365,0.00081017,0.000639558
210,25.703099,5.699598000000003,0.3427,0.380186,0.0400363,0.0149979,0.00944662,0.00669695,0.00549578,0.00453404
211,25.684873,5.724400999999998,0.3427,2.43196,0.201741,0.0833506,0.0559864,0.0409201,0.0339085,0.0281214
217,25.843572,6.166415999999999,0.3494,6.33107,0.542127,0.224854,0.151036,0.110391,0.0914755,0.0758637
218,25.843953,6.168688000000001,0.3494,0.338856,0.0267903,0.0111155,0.0074664,0.00545714,0.00452207,0.0037503
219,25.859122,6.163894000000002,0.3494,0.117563,0.0099095,0.00410553,0.00275764,0.00201554,0.00167018,0.00138513
223,25.144342,6.994989000000005,0.3544,0.109182,0.00976065,0.00387093,0.00257375,0.0018749,0.0015523,0.00128685
224,25.907195,6.075141000000001,0.3556,0.228363,0.0385956,0.0199023,0.0114784,0.00675612,0.0048476,0.0035225
225,25.911566,6.083032999999999,0.3556,0.0545853,0.00463576,0.00192375,0.0012922,0.000944462,0.000782629,0.000649061
226,25.701808,6.6499779999999955,0.3586,0.0687614,0.00590362,0.00245141,0.00164665,0.00120353,0.000997302,0.000827096
227,25.725181,6.6725689999999975,0.3586,0.0841953,0.00834394,0.00307947,0.00200528,0.00145283,0.00120167,0.000995864
228,27.149835,7.039275999999995,0.3588,0.0995837,0.00868688,0.00357846,0.0023946,0.00174706,0.00144682,0.00119948
232,26.397124,7.161297000000001,0.3709,0.0758527,0.0112088,0.00573873,0.00339836,0.00206513,0.00151438,0.00112373
234,24.969778,7.149878000000002,0.3731,1.93783,0.160935,0.0667133,0.0448122,0.0327529,0.0271407,0.0225087
235,24.97805,7.150879999999995,0.3731,0.200377,0.0161817,0.00665946,0.00447245,0.00326883,0.00270872,0.00224643
236,24.973542,7.158125999999995,0.3731,0.176601,0.0151771,0.00630206,0.00423318,0.00309401,0.00256385,0.00212629
240,26.713252,7.184641000000004,0.3874,0.104475,0.0087226,0.00362164,0.00243271,0.00177805,0.00147338,0.00122193
241,25.755144,6.856492000000002,0.3913,0.410427,0.0470203,0.0158805,0.00967978,0.00674322,0.00549484,0.00451174
242,25.228292,5.3694060000000015,0.3948,0.0942251,0.00798386,0.00331482,0.00222661,0.00162742,0.00134856,0.00111841
243,25.083748,5.202579000000002,0.3956,0.791986,0.0677215,0.0281182,0.0188874,0.0138047,0.0114393,0.00948698
244,24.8836,5.741974000000005,0.3971,0.186664,0.0160559,0.00666703,0.00447834,0.00327319,0.00271233,0.00224943
245,24.908556,5.724351999999995,0.3971,0.216531,0.0184318,0.00762128,0.00511911,0.00374152,0.00310041,0.00257128
246,24.916389,5.729891000000001,0.3971,0.151984,0.0130808,0.00543057,0.00364778,0.00266614,0.0022093,0.00183224
247,24.887415,5.737446000000002,0.3971,0.302303,0.0253504,0.0105061,0.00705689,0.00515782,0.00427403,0.0035446
250,25.561235,5.176997999999996,0.3993,1.31731,0.113426,0.0470872,0.031629,0.0231174,0.0191563,0.0158869
251,26.019569,4.976865000000004,0.4097,0.0894869,0.00769945,0.00319705,0.00214751,0.0015696,0.00130065,0.00107867
252,26.010779,4.975693000000001,0.4097,0.111845,0.00920474,0.00382052,0.0025663,0.00187569,0.00155429,0.00128903
253,26.025725,4.977019000000002,0.4097,0.11147,0.00825252,0.00341375,0.00229304,0.00167597,0.00138879,0.00115177
255,25.884906000000004,5.7095980000000015,0.4111,0.0822706,0.00781255,0.00298478,0.00197101,0.00143534,0.0011887,0.000985646
256,25.690744,5.453308999999997,0.4141,0.112573,0.00943898,0.00391574,0.00263024,0.00192243,0.00159302,0.00132115
257,25.161729,5.392913,0.4191,0.382937,0.0329845,0.013678,0.009187,0.00671465,0.00556409,0.00461449
258,25.159115,5.391972999999998,0.4191,0.515912,0.0389189,0.0157579,0.0105768,0.00772993,0.00640536,0.00531217
259,25.161594,5.391077000000005,0.4191,1.71457,0.144452,0.0599654,0.0402796,0.0294401,0.0243956,0.0202321
260,26.870406,5.2916900000000044,0.4208,0.199956,0.0167334,0.0069477,0.00466687,0.00341099,0.00282652,0.00234412
261,26.878163,5.283350999999995,0.4208,1.6405,0.143143,0.0571414,0.0382507,0.027941,0.0231513,0.0191997
262,25.406001000000003,5.208108000000006,0.4232,0.37096,0.0373712,0.0154741,0.00975263,0.00679925,0.00552328,0.00452208
263,25.386426,5.179577000000003,0.4232,0.0739722,0.00636582,0.00263836,0.00177219,0.00129528,0.00107333,0.000890151
264,25.627841,5.654138999999997,0.4242,0.327624,0.0277987,0.0115426,0.00775336,0.00566688,0.00469587,0.00389444
267,26.076886,5.497842999999997,0.4236,0.10357,0.0214791,0.0193201,0.0149403,0.0105005,0.00792018,0.00567238
268,26.081299,5.511960000000003,0.4236,0.138738,0.0199991,0.0181057,0.0165248,0.014096,0.0122081,0.0101533
269,26.097853,5.502327999999995,0.4236,0.0970798,0.00833342,0.00345436,0.00232031,0.0016959,0.00140531,0.00116547
270,26.078961,5.507250999999996,0.4236,0.26701,0.0478333,0.0239064,0.0134551,0.00779563,0.00556477,0.00403965
271,26.075816000000003,5.505377000000003,0.4236,0.0712436,0.00617662,0.00255291,0.00171204,0.00125061,0.00103617,0.000859277
272,26.079154,5.511307000000003,0.4236,0.232042,0.0291544,0.017144,0.0118736,0.00810564,0.00621033,0.00466335
273,26.07642,5.5047869999999985,0.4236,0.120171,0.0103286,0.0042887,0.00288078,0.00210554,0.00174476,0.00144699
274,25.892819,5.884502999999997,0.4224,0.273362,0.0254564,0.00957238,0.00634539,0.00462552,0.00383128,0.00317695
282,26.1013,5.004330999999995,0.4222,0.423059,0.0346046,0.0143021,0.00960673,0.00702149,0.00581837,0.00482537
283,26.088075,4.9988719999999995,0.4222,0.0589175,0.00508008,0.00209536,0.00140682,0.00102817,0.000851984,0.000706577
284,26.967705,5.524354000000002,0.422,0.0767532,0.00660078,0.00273774,0.00183896,0.00134408,0.00111377,0.00092369
287,25.033493,5.8831509999999945,0.4254,0.408607,0.0351366,0.0145794,0.00979314,0.00715774,0.00593127,0.004919
288,25.189284,6.847619999999997,0.4262,0.192486,0.0165285,0.00686311,0.00461005,0.00336945,0.0027921,0.00231558
289,25.194462,6.842460000000002,0.4262,0.0530188,0.0045509,0.00188947,0.00126918,0.000927639,0.000768689,0.000637499
290,25.179715,6.835755000000003,0.4262,0.48768,0.0414776,0.0172193,0.0115664,0.00845384,0.00700528,0.00580971
291,25.81715,6.519073000000001,0.4246,0.144626,0.0128845,0.00490661,0.00325141,0.00236789,0.0019606,0.00162544
292,25.826211,6.540494999999998,0.4246,0.172348,0.0156496,0.00623453,0.00413558,0.00301029,0.002492,0.00206579
293,25.499607,7.149444999999995,0.4254,1.30116,0.112227,0.0464938,0.031229,0.022825,0.0189139,0.015686
294,25.845498,6.312025999999998,0.4248,0.1825,0.0153698,0.00638205,0.00428691,0.00313328,0.00259639,0.00215328
295,25.837865,6.332948000000004,0.4248,0.127971,0.0122765,0.00481431,0.00312594,0.00225064,0.0018566,0.00153619
296,25.822736,6.336986999999994,0.4248,0.0727142,0.00644688,0.0025688,0.00172231,0.00125862,0.00104294,0.000864947
298,24.836993,6.480820000000002,0.4297,0.0643674,0.00485576,0.00189936,0.00127463,0.000931567,0.000771941,0.000640197
299,25.664012,5.767383999999997,0.4281,0.0800574,0.00674727,0.00278547,0.00187092,0.00136744,0.00113313,0.000939743
300,25.709897,5.7557789999999995,0.4281,0.291216,0.0247291,0.0102665,0.00689615,0.00504035,0.00417669,0.00346387
301,25.689567,5.763876999999997,0.4281,0.0564413,0.00485154,0.00200348,0.00134504,0.000982967,0.000814519,0.000675503
302,25.666195,5.754850999999994,0.4281,0.121894,0.0123122,0.00514742,0.00327221,0.00227841,0.00184313,0.00150124
303,25.104839,6.454021000000002,0.4283,0.228418,0.019757,0.00815916,0.00547774,0.00400331,0.00331731,0.00275115
304,25.08299,6.448934999999993,0.4283,0.143683,0.0120884,0.00496717,0.00333503,0.00243742,0.00201976,0.00167505
305,25.085691,6.447731999999995,0.4283,0.103299,0.0089118,0.00366556,0.00246166,0.00179919,0.0014909,0.00123645
306,25.195085,6.346226000000001,0.4305,0.325647,0.0278179,0.0115442,0.00775437,0.00566762,0.00469647,0.00389495
307,25.158368,6.585435,0.4281,0.163321,0.0138591,0.00575221,0.00386383,0.00282405,0.00234015,0.00194077
308,25.168695,6.590063000000004,0.4281,0.0704283,0.00705795,0.00257236,0.00166596,0.00120352,0.000994522,0.000823777
309,26.799528,5.1351260000000005,0.4322,0.130017,0.0140512,0.00501944,0.00314946,0.00223221,0.00183163,0.00151079
310,26.809398,5.122025000000004,0.4322,0.385539,0.0329744,0.0136902,0.00919591,0.00672123,0.00556955,0.00461902
313,26.156968,7.063948999999997,0.453,0.0584609,0.00509048,0.00207692,0.00138963,0.0010143,0.000840182,0.000696658
314,25.317626,7.029516999999994,0.4536,0.183748,0.015604,0.00641866,0.00430953,0.00314961,0.00260991,0.00216448
315,25.328278000000005,7.005056000000002,0.4536,0.12144,0.00922139,0.00380442,0.00255539,0.00186771,0.00154768,0.00128355
316,25.344591,7.025671000000003,0.4536,12.4174,1.05166,0.425354,0.285647,0.208776,0.173002,0.143477
317,24.825244,4.820390999999999,0.4551,0.0668418,0.00575953,0.00238359,0.00160097,0.00117014,0.000969633,0.00080415
318,24.83855,4.831857999999998,0.4551,0.781812,0.0666763,0.0276856,0.0185968,0.0135923,0.0112633,0.00934102
319,24.840597,4.818635000000002,0.4551,0.518798,0.043384,0.0179852,0.0120808,0.0088298,0.00731682,0.00606809
320,24.846238,4.849296999999997,0.4551,0.131613,0.0110379,0.00455625,0.00306026,0.00223671,0.00185345,0.00153713
321,24.847882,4.819137000000003,0.4551,0.0911943,0.00797683,0.00289719,0.00192941,0.00140857,0.00116705,0.000967838
322,24.905041,5.187184000000006,0.4593,0.0770987,0.00698334,0.0030529,0.00204344,0.00146452,0.00119428,0.000974297
323,24.893313,5.196136999999999,0.4593,0.0681988,0.00584616,0.00241954,0.00162516,0.00118782,0.000984284,0.0008163
326,26.443452,4.978243999999998,0.4623,0.064157,0.00521894,0.00215849,0.00144982,0.00105966,0.000878088,0.000728228
327,26.449244,4.982213999999997,0.4623,0.13929,0.0118575,0.00492321,0.00330699,0.00241706,0.0020029,0.00166107
328,25.885559,6.008976999999996,0.4645,0.216853,0.0186395,0.00773219,0.00519377,0.00379609,0.00314563,0.00260878
329,25.647884,5.900866000000004,0.464,0.41555,0.0357427,0.0148388,0.00996743,0.00728513,0.00603683,0.00500655
330,25.654021,5.876252999999997,0.464,0.203597,0.0172993,0.00717905,0.00482227,0.00352456,0.00292063,0.00242218
331,25.63865,5.899991000000004,0.464,0.585919,0.0525249,0.0214831,0.0142447,0.0103281,0.00852999,0.00705827
333,25.429725,6.560520999999998,0.4688,0.171247,0.0144159,0.0057608,0.00386034,0.00282049,0.00233709,0.0019382
334,26.615238,5.387498000000001,0.4733,0.12542,0.0104415,0.00433228,0.00291005,0.00212694,0.00176249,0.00146169
335,26.264642,5.539998000000003,0.4724,0.131429,0.0113006,0.00469131,0.00315122,0.0023032,0.00190855,0.00158283
336,26.27059,5.536450999999999,0.4724,0.0719568,0.00626381,0.00255878,0.00171714,0.00125491,0.00103987,0.000862401
337,25.283804,6.858026,0.4707,0.0915889,0.0078416,0.00325487,0.00218634,0.00159798,0.00132417,0.00109818
338,26.171581,5.634188000000001,0.4722,0.147657,0.0153939,0.0059741,0.00374489,0.00263848,0.00215966,0.00177902
339,26.17758,5.645199000000003,0.4722,0.346578,0.0297388,0.0123147,0.0082716,0.00604564,0.00500972,0.00415473
344,26.910186,5.493291,0.4748,0.113675,0.00979148,0.00406275,0.00272898,0.00199459,0.00165282,0.00137074
345,26.894643,5.49601,0.4748,0.0619257,0.00484487,0.00200247,0.00134506,0.000983092,0.00081464,0.000675608
346,26.900665000000004,5.494914000000005,0.4748,0.151562,0.0130319,0.00541136,0.00363489,0.00265672,0.00220149,0.00182577
347,25.543025,6.216968000000003,0.4742,0.0625401,0.00542943,0.00213391,0.00142864,0.00104373,0.000864843,0.000717234
348,25.541962,6.208648999999997,0.4742,0.0624567,0.00507833,0.00208113,0.00139757,0.00102146,0.000846432,0.000701975
354,25.887363,7.077223000000004,0.4772,0.0547625,0.00476175,0.00195587,0.00131183,0.000958515,0.000794234,0.000658674
362,25.299021,5.197599000000005,0.4805,17.1002,1.39068,0.576513,0.387251,0.283039,0.234541,0.194513
363,25.379303,7.018995999999995,0.4788,0.0989341,0.0086292,0.00356612,0.00238512,0.00173926,0.00144008,0.00119375
364,25.343736,5.211045999999995,0.4796,1.26004,0.107699,0.0446174,0.0299684,0.0219036,0.0181505,0.0150528
365,25.34219,5.209867999999994,0.4796,0.0745446,0.00644883,0.00266447,0.00178896,0.00130746,0.00108342,0.000898515
366,25.336713,5.219131000000005,0.4796,74.9857,6.43495,2.6547,1.78304,1.30321,1.07991,0.895603
367,25.606769,7.081600999999999,0.4792,0.150596,0.0129422,0.00533298,0.00357933,0.00261563,0.00216737,0.00179745
372,24.952139,6.442891,0.4834,0.207844,0.0177327,0.00736036,0.00494406,0.00361358,0.00299439,0.00248335
373,24.933899,6.4426039999999976,0.4834,0.202147,0.0172961,0.00718192,0.0048242,0.00352597,0.0029218,0.00242315
374,24.952155,6.438075999999994,0.4834,0.297167,0.0249901,0.0103224,0.00693229,0.00506663,0.00419846,0.00348192
375,25.026182,5.022313999999995,0.4831,0.766869,0.0661206,0.0273292,0.0183546,0.0134151,0.0111164,0.0092192
376,25.037169,5.030044000000001,0.4831,0.053917,0.0064562,0.0053868,0.0050015,0.00438402,0.00387081,0.00328529
380,24.936239,6.588905999999997,0.4816,0.0585141,0.0049711,0.00206416,0.00138652,0.0010134,0.000839756,0.000696438
381,24.953908,6.596565000000002,0.4816,0.062133,0.0052036,0.00215401,0.00144686,0.0010575,0.000876296,0.000726742
382,24.899708,7.163644999999998,0.4878,0.160915,0.0147008,0.00585439,0.00387353,0.00281647,0.00233086,0.00193195
383,25.133258,6.988646,0.4873,0.0679116,0.00583355,0.00241424,0.00162151,0.00118514,0.000982066,0.00081446
384,25.148960000000002,6.991189999999996,0.4873,0.0769578,0.00957179,0.00263364,0.0016525,0.00119181,0.000985593,0.000816872
393,25.137905,6.877182000000007,0.4927,0.255064,0.0214457,0.00890377,0.00598079,0.00437132,0.0036223,0.0030041
394,25.121574,6.870852000000003,0.4927,0.328346,0.0265692,0.0110123,0.00739709,0.00540649,0.00448009,0.00371549
395,25.01534,6.840681000000003,0.4927,0.907009,0.0779687,0.0323752,0.0217469,0.0158947,0.0131711,0.0109233
396,25.002313,6.840759000000006,0.4927,0.0911533,0.00860617,0.00383974,0.00253438,0.00178396,0.00143947,0.00116419
397,25.007086,6.8373770000000045,0.4927,0.170529,0.105122,0.0567382,0.028037,0.0131503,0.00781671,0.0045714
398,25.00916,6.840958000000004,0.4927,0.0529247,0.00444454,0.00184312,0.00123804,0.000904878,0.000749828,0.000621858
399,25.026322,6.843039000000001,0.4927,1.64233,0.1413,0.0586589,0.039402,0.0287986,0.023864,0.0197912
400,26.737974,6.173059999999999,0.4958,0.178677,0.338273,0.655031,0.678939,0.596765,0.512064,0.413422
401,26.715699,6.175095000000004,0.4958,0.0802185,0.00848278,0.00340927,0.00211367,0.00146532,0.00118946,0.000974069
402,25.470436,6.814970000000004,0.4949,0.230489,0.0190736,0.00791838,0.00531889,0.00388754,0.00322141,0.00267163
404,26.573878,5.949194000000005,0.4969,0.0806404,0.00692947,0.00287448,0.00193082,0.00141122,0.00116941,0.00096983
405,26.598649,5.954909999999999,0.4969,0.19128,0.0190599,0.00623416,0.00410897,0.00299575,0.00248174,0.00205805
406,26.617031,5.955143000000004,0.4969,0.0645767,0.00553032,0.00229304,0.00154025,0.00112576,0.000932863,0.000773655
407,26.923356,6.032735999999998,0.4949,1.55525,0.132707,0.0550931,0.0370068,0.027048,0.0224134,0.0185882
408,26.467488000000003,6.3622020000000035,0.4965,0.158055,0.0113452,0.0039909,0.00265189,0.00193496,0.00160301,0.00132932
409,26.45414,6.360397000000003,0.4965,0.159682,0.0138072,0.00567365,0.00380731,0.00278224,0.00230544,0.00191196
410,26.466934,6.362481,0.4965,0.156201,0.013248,0.00541953,0.00363605,0.00265697,0.00220161,0.00182585
411,25.7966,5.198409000000002,0.4976,3.6983,0.316712,0.131449,0.0882963,0.0645352,0.0534771,0.0443504
412,26.855813,6.054877000000002,0.4953,0.0619701,0.00527035,0.00218825,0.00146988,0.00107433,0.000890242,0.000738307
413,25.000699,5.445705999999998,0.4994,0.0894761,0.00732193,0.0030396,0.00204174,0.00149229,0.00123659,0.00102555
414,25.028871,5.4434320000000005,0.4994,0.110732,0.00871442,0.00361781,0.00243013,0.00177617,0.00147182,0.00122063
415,26.682793,5.783199,0.5019,0.227719,0.022325,0.00808336,0.00532413,0.00387696,0.00321085,0.00266242
416,26.674997,5.787961,0.5019,0.412742,0.0354429,0.0146991,0.00987348,0.00721646,0.00597992,0.00495935
417,26.682819,5.778214999999999,0.5019,0.0583407,0.00501323,0.00208162,0.00139825,0.00102197,0.000846858,0.000702328
424,26.491100000000003,5.9641100000000025,0.5023,0.170376,0.0164008,0.00658186,0.00426148,0.00303981,0.00249279,0.0020525
425,26.495111,5.962772999999996,0.5023,0.397098,0.0321763,0.0126177,0.00843715,0.00616144,0.00510495,0.00423349
426,26.906243,5.833343999999998,0.5043,0.194074,0.0245753,0.00731972,0.00456016,0.00327816,0.00270916,0.00224488
427,26.861106,5.832310000000006,0.5043,0.762468,0.0656012,0.0272392,0.0182969,0.0133731,0.0110816,0.00919038
428,25.38101,5.250148999999995,0.5087,0.0579561,0.00562596,0.00200735,0.00133524,0.000974909,0.000807784,0.00066991
433,26.502186,6.857439999999998,0.5185,0.181399,0.017045,0.00664895,0.00437345,0.00317672,0.00262894,0.00217916
434,26.482668,6.860676999999998,0.5185,0.28176,0.0242168,0.0100558,0.00675462,0.00493691,0.00409097,0.00339278
435,26.481508,6.862008999999998,0.5185,0.0999727,0.0131562,0.00374291,0.00231733,0.00166424,0.00137521,0.0011395
436,26.493334,6.858395999999999,0.5185,0.259677,0.0211632,0.00846261,0.00567242,0.00414464,0.00343431,0.00284815
440,25.751247,5.516776,0.5199,0.178559,0.0151967,0.00630946,0.00423815,0.00309764,0.00256686,0.00212878
441,25.733274,5.528623,0.5199,0.0687721,0.00623848,0.00240643,0.00160495,0.0011717,0.000970776,0.000805061
442,24.908343,7.134981999999994,0.5234,0.172561,0.0148279,0.00601293,0.00402715,0.00294131,0.00243695,0.00202092
443,24.910642,7.130085999999999,0.5234,0.15529,0.0133533,0.00554439,0.00372424,0.00272203,0.00225561,0.00187065
444,24.903877,7.131477000000002,0.5234,0.941643,0.0809356,0.03348,0.0224857,0.0164344,0.0136184,0.0112942
448,25.733507,5.985178,0.5264,0.0512187,0.00507367,0.00185201,0.00121557,0.000884154,0.000732083,0.000606989
454,27.018155,6.297909000000004,0.525,0.0848706,0.00727573,0.00301464,0.00202488,0.00147997,0.00122637,0.00101707
455,27.018758,6.292176999999998,0.525,0.0574119,0.0057122,0.00190296,0.0012655,0.000924173,0.00076577,0.000635072
456,27.028671,6.310833000000001,0.525,0.405986,0.0339089,0.0139134,0.00934165,0.00682741,0.0056575,0.00469195
457,26.997791,7.011231999999995,0.528,0.24256,0.0298363,0.00859162,0.00515822,0.00362339,0.00297147,0.00245218
458,26.986375,7.008547000000002,0.528,0.235421,0.0202067,0.00837665,0.00562665,0.00411248,0.00340781,0.00282621
459,26.729147,5.275027999999999,0.5308,0.208648,0.0180746,0.00735498,0.00492495,0.00359649,0.00297963,0.00247089
460,26.701651,5.286973000000004,0.5308,0.70724,0.0557998,0.0195472,0.0129088,0.00940241,0.00778649,0.00645613
461,26.129794,5.682079999999996,0.5297,0.217985,0.0206493,0.0078889,0.00515775,0.00372911,0.00308002,0.00254985
462,26.432042,4.999321000000006,0.5301,0.15044,0.0360908,0.0160741,0.00843307,0.00464077,0.00322514,0.0022901
463,26.430713,4.999176000000006,0.5301,0.509993,0.0495053,0.0200412,0.0128804,0.00915061,0.00749789,0.00617427
468,26.2107,5.358181000000005,0.5278,0.0542555,0.00461654,0.00191004,0.00128279,0.000937558,0.000776906,0.000644314
469,26.209802,5.357932000000001,0.5278,0.129644,0.0109169,0.00452674,0.00304063,0.00222237,0.00184157,0.00152728
470,24.967541,5.267440999999999,0.5306,0.698058,0.0755812,0.0262774,0.0166071,0.0118778,0.00978762,0.00809612
471,24.970596,5.252677000000004,0.5306,0.0566284,0.00619854,0.00268985,0.00170533,0.00116424,0.000924942,0.000738493
472,26.289865,5.965494999999996,0.5304,1.77239,0.15301,0.0633125,0.0425224,0.0310791,0.0257537,0.0213584
475,25.035527,5.310037999999998,0.5315,103.893,14.2452,4.02546,2.3945,1.68512,1.38461,1.1443
478,27.100151000000004,5.479932000000001,0.5365,0.145994,0.026338,0.00508475,0.00277362,0.00192094,0.00157592,0.0013023
479,27.100231,5.480715000000005,0.5365,0.313725,0.0584852,0.063092,0.058449,0.0491414,0.041774,0.0338659
480,26.690483,5.785372999999995,0.5358,0.141271,0.0118272,0.00490743,0.00329638,0.00240931,0.00199647,0.00165574
488,25.453969,6.823757000000004,0.5419,0.200437,0.0169949,0.00703032,0.00472155,0.00345086,0.00285955,0.00237152
489,25.468752,6.835394000000001,0.5419,0.126935,0.0108136,0.0044818,0.00301041,0.00220029,0.00182327,0.0015121
490,25.455093,6.823078000000003,0.5419,0.0699999,0.00639907,0.00265077,0.0017398,0.00124992,0.00102805,0.000848324
494,27.074135,4.897321000000005,0.5561,0.0987998,0.00855409,0.00352872,0.00236942,0.00173173,0.00143499,0.00119009
495,27.070401,4.895130000000006,0.5561,0.183195,0.0157857,0.00654473,0.00439603,0.00321303,0.00266248,0.00220808
496,27.064455,4.905252999999996,0.5561,0.0782975,0.00655976,0.00270356,0.00181578,0.00132713,0.00109972,0.000912039
497,27.075259,4.891982000000001,0.5561,0.111872,0.00991441,0.00401745,0.00267878,0.00195256,0.00161675,0.0013403
500,24.849104,5.128672000000003,0.5602,0.157953,0.013393,0.00554093,0.00372169,0.00272015,0.00225405,0.00186936
501,24.836911,5.146613000000002,0.5602,0.167432,0.0140344,0.00578598,0.00388587,0.00284012,0.00235346,0.00195181
502,25.743496,5.0534499999999944,0.5568,0.0844933,0.00674364,0.00279806,0.00187949,0.00137371,0.00113832,0.000944051
503,24.824693,6.658956,0.5592,0.163703,0.0139139,0.00577555,0.00387952,0.00283551,0.00234965,0.00194865
506,25.380731,5.151952999999997,0.558,0.374327,0.0320789,0.0132491,0.00889555,0.00650111,0.00538707,0.00446765
508,25.640376,5.822651999999997,0.5587,0.191038,0.0164276,0.00682138,0.00458202,0.00334897,0.00277513,0.00230151
509,25.639073,5.828449000000005,0.5587,0.101773,0.00853133,0.00349042,0.00234252,0.0017119,0.00141854,0.00117643
513,25.462918,5.2116359999999995,0.5578,0.0958074,0.00824277,0.0034224,0.00229888,0.00168023,0.00139233,0.0011547
514,25.449897,5.2061209999999996,0.5578,0.105044,0.00808223,0.00335464,0.00225336,0.00164697,0.00136476,0.00113184
515,25.449595,5.208912000000005,0.5578,0.107026,0.00918497,0.00375368,0.00252007,0.00184182,0.00152622,0.00126575
516,27.166917,6.190723999999997,0.5587,0.058608,0.00664043,0.00218927,0.00137218,0.000980806,0.000808462,0.000668945
519,26.227415,6.849752999999997,0.5641,0.109815,0.00938819,0.00388901,0.00261218,0.00190922,0.00158208,0.00131207
520,26.237479000000004,6.853771000000006,0.5641,0.129969,0.0112565,0.00464279,0.00311748,0.00227847,0.00188805,0.00156582
521,26.374679,7.142047000000003,0.5631,0.0959339,0.0080945,0.00334706,0.0022482,0.00164319,0.00136163,0.00112925
522,26.378567,7.142388999999994,0.5631,0.559241,0.0692173,0.0298014,0.0178694,0.0116643,0.00909405,0.00718667
523,26.813679,5.738540000000002,0.5609,0.0562519,0.00496356,0.00200003,0.00134076,0.00097973,0.000811836,0.00067328
524,26.814208,5.738715999999998,0.5609,0.175162,0.0359056,0.0156283,0.00852718,0.00493937,0.00354809,0.00259225
525,26.819253,5.7325,0.5609,0.0929583,0.00776554,0.00322443,0.0021659,0.00158304,0.00131179,0.00108791
526,26.142860000000002,6.9322099999999995,0.5644,0.106155,0.00892268,0.00369225,0.00247982,0.00181246,0.00150189,0.00124557
527,26.613747,6.565819000000006,0.5619,0.132429,0.0121372,0.00474274,0.00315766,0.00230402,0.00190874,0.00158286
528,26.613528,6.565484000000004,0.5619,0.0853822,0.00731363,0.00303607,0.00203937,0.00149056,0.00123515,0.00102436
529,25.845626,6.388692999999995,0.5612,0.46544,0.0402717,0.0166564,0.0111784,0.00816829,0.00676833,0.0056131
530,25.927568,6.923193000000007,0.5636,0.100463,0.0128548,0.00718522,0.00481834,0.00322543,0.00245634,0.00184451
531,25.927381,6.927252000000001,0.5636,0.212717,0.0187622,0.00754873,0.00506019,0.00369757,0.00306392,0.002541
532,26.651608,5.667942999999999,0.5678,0.101484,0.00824639,0.00336991,0.00226233,0.00165341,0.00137009,0.00113626
535,26.841994,5.0824669999999985,0.5673,0.212236,0.018001,0.00746702,0.00501569,0.00366594,0.00303778,0.00251933
536,26.835534,5.0813320000000015,0.5673,0.114199,0.00975543,0.00405024,0.0027206,0.00198847,0.00164775,0.00136653
537,26.840231,5.087041999999998,0.5673,0.0512559,0.00438235,0.00181851,0.0012215,0.000892789,0.00073981,0.000613549
538,26.821323,5.082082000000003,0.5673,0.0606097,0.0054362,0.00217795,0.00144774,0.00105413,0.000872588,0.000723287
542,25.971207,5.282913999999998,0.5658,0.132058,0.0108039,0.00447911,0.00300866,0.00219901,0.00182221,0.00151122
543,25.969694,5.2841819999999995,0.5658,0.0556329,0.00474349,0.00195587,0.0013134,0.000959918,0.000795434,0.000659679
544,25.967590000000005,5.265792000000006,0.5658,0.0510681,0.00440481,0.00179652,0.001206,0.000881411,0.000730378,0.000605727
545,25.972038,5.282526000000003,0.5658,0.125924,0.010817,0.00449148,0.00301699,0.0022051,0.00182726,0.00151541
546,26.46172,5.770926999999999,0.568,0.123175,0.0143358,0.004607,0.00292565,0.00211243,0.00174704,0.00144798
547,26.451771,5.768245000000005,0.568,0.0736956,0.00622333,0.00258147,0.001734,0.00126737,0.00105021,0.000870972
550,25.696271,5.1389840000000016,0.5644,0.107774,0.00924933,0.00383926,0.00257888,0.00188489,0.00156191,0.00129535
551,25.668251,5.132582999999996,0.5644,0.077943,0.00657853,0.00271936,0.0018263,0.0013348,0.00110608,0.000917307
552,25.665254,5.142698000000005,0.5644,0.251102,0.0224059,0.00917447,0.00608758,0.00442153,0.0036562,0.00302865
553,26.501309,5.9657789999999995,0.5675,0.0846807,0.00720834,0.00299297,0.00201042,0.0014694,0.00121762,0.00100982
554,26.498179,5.952630999999995,0.5675,1.47519,0.126945,0.0526992,0.0353986,0.0258726,0.0214394,0.0177804
558,26.752212,5.471847000000004,0.5693,0.173591,0.0128179,0.00531615,0.00357093,0.00260997,0.00216275,0.00179364
559,26.512235,5.312034000000002,0.5725,0.060484,0.00847426,0.00361676,0.00206162,0.00129251,0.000991035,0.000775973
560,26.510895,5.311092999999997,0.5725,0.0771755,0.00664605,0.00275669,0.00185163,0.00135334,0.00112144,0.000930051
561,26.513001000000003,5.312775999999998,0.5725,0.112761,0.00959476,0.00397747,0.00267167,0.0019527,0.00161811,0.00134195
562,24.804724,6.368004000000006,0.5794,0.209503,0.0161816,0.00671627,0.00451141,0.00329736,0.00273236,0.00226604
563,24.802513,6.369641000000003,0.5794,0.125583,0.0107619,0.00446851,0.00300156,0.00219382,0.00181791,0.00150765
564,24.808406,6.3810660000000015,0.5794,0.0505253,0.00449988,0.00177268,0.00118206,0.000862539,0.000714525,0.000592513
565,24.927136,4.856014999999997,0.5819,0.0635344,0.0054694,0.00226974,0.00152461,0.00111433,0.000923387,0.000765796
566,24.930609,4.873309999999999,0.5819,0.0591371,0.00766163,0.00462344,0.00319877,0.00216566,0.00164639,0.00122496
576,26.580521000000005,6.427965000000001,0.587,0.0717416,0.00604838,0.00250954,0.00168569,0.00123206,0.00102095,0.000846705
577,26.586513,6.437077,0.587,0.0537996,0.00471045,0.00191132,0.00128176,0.000936638,0.000776128,0.000643666
581,26.534976,6.599760000000002,0.5867,1.37371,0.11859,0.048842,0.0327936,0.0239674,0.0198605,0.016471
582,26.532254,6.5965660000000055,0.5867,0.150134,0.0128376,0.00532992,0.00358018,0.00261673,0.00216836,0.00179829
587,26.782573,5.012468000000007,0.5885,0.0507185,0.00436232,0.00180912,0.0012152,0.000888183,0.000735993,0.000610384
588,26.783913,5.0073399999999975,0.5885,0.0894472,0.0262749,0.0107669,0.00522256,0.00270671,0.00183615,0.00129071
589,26.797107,5.003024000000005,0.5885,0.101462,0.00872856,0.00362446,0.0024346,0.00177943,0.00147453,0.00122288
590,26.761345,5.036320999999999,0.5885,0.060131,0.00516502,0.00214469,0.00144062,0.00105294,0.000872518,0.000723609
591,26.785948,5.015353999999994,0.5885,0.0983683,0.00859644,0.00350936,0.002351,0.00171725,0.00142283,0.00117995
592,26.794163,5.012574999999997,0.5885,0.155816,0.0128883,0.00527979,0.00354579,0.00259156,0.0021475,0.00178099
593,26.787654000000003,5.015388000000001,0.5885,0.0590015,0.0042867,0.00175613,0.0011794,0.000862007,0.000714302,0.000592395
599,26.483247,5.181736000000003,0.591,0.0524245,0.0129871,0.0102126,0.00734246,0.00492853,0.00364494,0.0025792
608,25.122783,5.3848340000000015,0.5991,0.0727398,0.00668279,0.00275864,0.00181393,0.0013035,0.00107137,0.000883105
609,25.122907,5.386681000000001,0.5991,0.0689276,0.00586203,0.00242907,0.00163162,0.00119254,0.000988197,0.000819545
610,25.117562,5.39188,0.5991,0.352616,0.0303305,0.0125707,0.00844249,0.00617036,0.00511304,0.00424041
611,25.124461,5.37623,0.5991,0.116062,0.0102588,0.00425504,0.00283093,0.00205399,0.00169641,0.00140362
612,26.910571,5.951282000000004,0.5979,0.150446,0.0129253,0.00536632,0.00360463,0.0026346,0.00218316,0.00181057
613,27.161286,4.822799000000004,0.6007,0.304542,0.0257669,0.0105926,0.00711018,0.00519613,0.00430568,0.00357082
614,25.220973,6.374297000000005,0.5999,0.0708752,0.00613264,0.00253252,0.00170049,0.00124282,0.00102986,0.000854097
615,25.225094,6.386572000000005,0.5999,0.101944,0.00866025,0.0035945,0.00241448,0.00176473,0.00146234,0.00121277
616,25.221237,6.375729000000005,0.5999,0.258766,0.0221726,0.00906975,0.00608741,0.00444879,0.00368645,0.00305729
617,25.221557,6.378271000000006,0.5999,0.0840933,0.00718355,0.00294425,0.00197658,0.00144457,0.00119704,0.000992744
618,25.227271,6.367730999999996,0.5999,1.17685,0.100633,0.0417807,0.0280647,0.0205123,0.0169975,0.0140966
619,25.218584,6.3752110000000055,0.5999,0.145719,0.0126037,0.00514402,0.00344968,0.00252058,0.00208858,0.0017321
620,27.169111,4.896126000000001,0.6022,0.126953,0.0108186,0.00439513,0.00294912,0.00215522,0.0017859,0.0014811
621,27.164821,4.878365,0.6022,0.156924,0.0135011,0.00560557,0.00376533,0.00275205,0.00228049,0.00189129
622,27.183522,5.262671000000005,0.6063,0.067252,0.00577861,0.00239939,0.0016117,0.00117798,0.000976137,0.000809544
623,27.165221,5.2490769999999936,0.6063,0.120443,0.0100931,0.00419058,0.00281488,0.00205737,0.00170484,0.00141389
624,25.549634,6.673346000000004,0.6035,0.0681357,0.0127589,0.00529872,0.00278574,0.00161481,0.00118713,0.000900256
625,25.548775,6.670930000000006,0.6035,0.169442,0.0280683,0.0115313,0.00625253,0.00376535,0.0028326,0.00218867
626,25.630985000000003,7.025877000000003,0.6035,0.641174,0.057706,0.0232735,0.0154504,0.0112456,0.00930892,0.00771658
627,25.63041,7.034834,0.6035,0.188813,0.0161678,0.00662414,0.00444553,0.00324875,0.00269202,0.00223257
628,25.632724,7.031554999999999,0.6035,0.067868,0.00569517,0.00236354,0.00158763,0.00116038,0.000961554,0.000797449
629,25.618561,7.035774000000002,0.6035,0.476536,0.0405478,0.0168245,0.0113012,0.00825998,0.00684464,0.00567649
630,25.630249000000003,7.027405000000002,0.6035,11.3268,1.38897,0.501061,0.299281,0.20418,0.164826,0.134504
635,26.54899,5.889824000000006,0.61,0.133332,0.0134631,0.00462767,0.00302778,0.00220156,0.00182281,0.00151132
636,26.844381,5.725268000000004,0.6115,0.142671,0.0122225,0.00506884,0.00340474,0.0024885,0.00206209,0.00171016
637,26.846268,5.722942000000005,0.6115,0.101616,0.00835088,0.00346099,0.00232478,0.00169916,0.00140801,0.00116771
638,26.848823,5.7042320000000055,0.6115,0.114197,0.00981687,0.00407583,0.00273779,0.00200104,0.00165816,0.00137517
639,26.831582,5.710209000000001,0.6115,0.314177,0.0285657,0.012004,0.00794169,0.00570723,0.00468298,0.0038511
640,25.678267,6.7553299999999945,0.6079,0.134007,0.0113763,0.00472359,0.00317291,0.00231906,0.00192169,0.00159372
641,25.665748,6.760590000000004,0.6079,3.92192,0.33545,0.139259,0.0935422,0.0683693,0.0566543,0.0469853
642,27.068354,5.398536999999998,0.6087,0.215917,0.0188447,0.00773145,0.00517718,0.00378014,0.00313163,0.00259687
643,27.064264,5.402747999999995,0.6087,0.109694,0.00923584,0.00375984,0.00252429,0.00184492,0.00152879,0.00126787
644,27.038256,5.362827000000006,0.6087,0.169645,0.0145544,0.00604289,0.00405909,0.00296676,0.00245841,0.00203884
645,25.904629,5.831192,0.611,0.459216,0.0393713,0.0161963,0.0108783,0.00795084,0.00658847,0.00546404
647,27.101658,6.118485000000003,0.6152,0.253587,0.021726,0.00902026,0.00605903,0.00442851,0.00366969,0.0030434
650,27.154167,4.990109999999997,0.6125,0.082121,0.00672404,0.00273674,0.00183602,0.00134165,0.00111172,0.000921977
651,27.16366,4.995748000000001,0.6125,0.139144,0.0122293,0.00493913,0.00331263,0.00242081,0.00200598,0.00166362
652,27.14997,4.986579999999996,0.6125,0.549724,0.0447278,0.0185238,0.0124424,0.00909407,0.0075358,0.0062497
653,26.661135,4.9880110000000055,0.6125,0.0666186,0.00505642,0.00207462,0.00139322,0.00101828,0.000843794,0.000699786
654,26.800306000000003,5.556671000000002,0.612,1.2179,0.108321,0.0437654,0.0292352,0.0213416,0.0176811,0.0146625
655,25.800156,5.653127000000003,0.6172,0.235696,0.0202589,0.00838423,0.00563098,0.00411557,0.00341037,0.00282833
656,25.780229,5.657602000000001,0.6172,0.156059,0.0132111,0.00548147,0.00368196,0.00269112,0.00223,0.00184941
657,25.677654,5.650000999999996,0.6157,0.0566257,0.00488127,0.00202338,0.00135909,0.000993346,0.000823136,0.000682655
667,26.320426,6.484246,0.6175,0.183687,0.0142534,0.00587702,0.00394753,0.00288522,0.00239084,0.0019828
671,26.195529,5.462268000000003,0.6212,0.0824612,0.00711715,0.00294356,0.00197681,0.0014448,0.00119723,0.000992906
672,26.152688,5.541421999999998,0.6196,0.0970886,0.00806858,0.00334702,0.00224824,0.00164322,0.00136166,0.00112927
673,26.158197,5.541974000000005,0.6196,0.064387,0.00569175,0.00231667,0.00154535,0.00112643,0.000932684,0.000773195
674,26.144499,5.537772000000006,0.6196,0.12462,0.0105901,0.00439541,0.00295245,0.00215793,0.00178817,0.00148299
675,26.546795,6.794278999999996,0.6193,0.130909,0.0106664,0.00428385,0.00287551,0.00210159,0.00174148,0.00144427
676,26.149765,5.495976000000006,0.6233,0.345896,0.0248941,0.0102871,0.00690984,0.00505035,0.00418498,0.00347074
677,26.790507,6.072999000000005,0.6264,0.148989,0.0129355,0.00529114,0.00355161,0.00259566,0.00215088,0.0017838
678,26.824234,6.073401999999995,0.6264,0.135268,0.0113296,0.00466469,0.00313285,0.00228976,0.00189741,0.00157358
686,26.91686,5.537782999999998,0.6304,0.106306,0.00887995,0.00368399,0.00247458,0.00180866,0.00149874,0.00124296
687,26.912869,5.529614,0.6304,0.243288,0.0212666,0.00870489,0.00583653,0.00426456,0.00353368,0.00293057
688,26.383977,5.190652000000004,0.6315,0.053595,0.00428296,0.00177586,0.00119287,0.00087186,0.000722467,0.000599167
692,25.395278000000005,5.628691999999999,0.6312,0.158413,0.0116742,0.00482384,0.00324017,0.00236822,0.00196242,0.0016275
693,25.392966,5.631368999999999,0.6312,0.383812,0.0326649,0.0135633,0.00911069,0.00665895,0.00551794,0.00457621
694,25.652344000000003,6.105524,0.6291,0.0595221,0.00550799,0.00220037,0.00144531,0.00104693,0.000865436,0.000716919
695,26.968547,4.986189000000002,0.6339,0.262481,0.022635,0.00937051,0.00629372,0.00460001,0.0038118,0.00316125
696,25.51695,6.585491999999997,0.6398,0.0756173,0.00650314,0.00270009,0.00181369,0.00132561,0.00109847,0.000910998
697,25.477062,5.016805000000006,0.6382,0.194334,0.0308178,0.0152687,0.00915214,0.00565155,0.00416416,0.00307997
698,26.734778000000002,5.650369,0.6395,0.107288,0.00916434,0.00379265,0.00254748,0.00186193,0.00154289,0.00127957
700,25.472481,5.174748999999996,0.6382,0.0802535,0.00689847,0.00285675,0.00191871,0.00140236,0.00116206,0.000963737
701,25.473227,5.177322000000005,0.6382,0.0819351,0.00666917,0.00276328,0.00185612,0.00135663,0.00112417,0.000932313
702,25.470564,5.186393999999999,0.6382,0.0627863,0.00690511,0.00335719,0.0022113,0.00151368,0.0011881,0.000929368
703,25.473785,5.1801980000000025,0.6382,0.159148,0.0131893,0.00547012,0.00367435,0.00268556,0.00222539,0.00184559
709,26.127177000000003,6.968630000000002,0.6417,0.150421,0.012903,0.00535665,0.00359814,0.00262985,0.00217923,0.00180731
719,26.81052,5.622405,0.6406,0.178389,0.0140297,0.00581733,0.00390757,0.00285601,0.00236664,0.00196273
720,25.490721000000004,6.737648000000001,0.6422,0.0517949,0.00411416,0.00170654,0.00114631,0.000837827,0.000694266,0.000575778
721,25.498319,6.742978999999999,0.6422,0.0920008,0.0079057,0.00328172,0.00220438,0.00161117,0.00133509,0.00110724
722,25.993744,6.964183,0.6411,0.0777369,0.00669344,0.00277919,0.00186682,0.00136445,0.00113065,0.000937688
723,26.587858,7.139281999999999,0.6438,0.106501,0.00894915,0.00369971,0.00248508,0.00181632,0.0015051,0.00124823
727,25.471063,5.769442000000005,0.6474,0.0897328,0.0060252,0.00249047,0.00167287,0.00122269,0.00101318,0.000840268
728,26.814358,7.0023649999999975,0.6452,0.0663176,0.00770316,0.00189515,0.00115964,0.000829114,0.000684193,0.000566542
729,26.808919,7.002138000000003,0.6452,0.0904003,0.00761691,0.00315784,0.00212115,0.00155033,0.00128468,0.00106543
734,26.61538,6.188911000000004,0.6523,0.066322,0.00573191,0.00236743,0.00158985,0.00116198,0.000962878,0.000798547
735,26.601115,6.206066,0.6523,0.0536584,0.00460991,0.00191396,0.00128563,0.000939662,0.000778651,0.000645762
736,26.593149000000004,6.194121000000006,0.6523,0.676783,0.159736,0.151091,0.124075,0.0937661,0.0746111,0.0566441
737,26.687599,5.959622000000005,0.6506,0.0726777,0.00614484,0.00255053,0.00171323,0.00125219,0.00103762,0.000860537
738,26.670312000000003,5.9730469999999976,0.6506,0.196605,0.0159825,0.00663371,0.00445595,0.00325683,0.00269877,0.00223818
739,26.684489,5.964191000000005,0.6506,0.0830023,0.00855677,0.0031921,0.00203284,0.00145584,0.00120001,0.000992815
740,25.718451,5.082439999999994,0.6542,0.061016,0.00519307,0.00209952,0.00140898,0.00102973,0.000853277,0.000707651
741,25.718336,5.084865000000002,0.6542,0.099698,0.00857705,0.00353888,0.00237693,0.00173728,0.00143959,0.0011939
749,25.116766,5.705409000000003,0.6539,0.0555836,0.00472518,0.00190834,0.00127826,0.000933708,0.000773629,0.000641568
750,25.091615,5.708537000000005,0.6539,0.073193,0.00631561,0.00261062,0.00175342,0.00128155,0.00106196,0.000880719
751,26.605135,5.790855000000005,0.6561,0.105874,0.00920732,0.00377809,0.0025349,0.0018524,0.00153496,0.00127299
752,26.605845000000002,5.790282000000004,0.6561,0.131962,0.0128191,0.00484363,0.00315325,0.00227912,0.00188309,0.00155956
753,25.326397,5.6799689999999945,0.6528,0.0558524,0.00463305,0.00192368,0.00129216,0.000944434,0.000782606,0.000649041
754,26.842344,6.132778000000005,0.6558,0.150772,0.0183746,0.00859925,0.00537924,0.00354255,0.0027362,0.00212299
755,26.84601,6.135240999999999,0.6558,0.237316,0.0203985,0.00842542,0.00565887,0.00413601,0.0034273,0.00284238
756,27.018498,5.370640999999999,0.658,0.0904289,0.00767671,0.00318732,0.00214097,0.00156482,0.00129669,0.00107539
757,27.03298,5.372673999999997,0.658,0.0732325,0.00627791,0.00256272,0.00172006,0.00125707,0.00104166,0.000863885
759,26.623126,5.171929999999994,0.6627,0.108276,0.00929881,0.00386044,0.00259311,0.00189529,0.00157053,0.00130249
760,26.62336,5.171743999999997,0.6627,0.0727989,0.0062438,0.00259028,0.00173992,0.00127169,0.00105379,0.000873943
762,26.174841,7.018998000000003,0.6616,0.0553169,0.00471658,0.00195519,0.00131325,0.000959843,0.000795374,0.000659631
763,25.894894000000004,5.856740000000002,0.6652,0.0751166,0.00611176,0.00252924,0.00169891,0.00124172,0.00102895,0.000853346
768,27.043485,7.145837000000003,0.6685,0.404576,0.0358669,0.0147811,0.00981963,0.00713223,0.00589699,0.00488429
769,27.040719,7.139043999999999,0.6685,0.085054,0.00739749,0.00301431,0.00202357,0.00147895,0.00122553,0.00101637
770,27.038585,7.153231999999994,0.6685,0.051542,0.0042215,0.00162656,0.00108746,0.000794255,0.000658096,0.000545765
774,26.4725,5.195772999999998,0.668,0.0606308,0.00515986,0.00210935,0.00141481,0.00103376,0.000856576,0.000710372
775,26.475353000000002,5.187656000000001,0.668,0.0992382,0.00817231,0.00337788,0.00226876,0.00165821,0.00137408,0.00113957
780,26.567431,5.238050000000004,0.6685,0.115256,0.00981864,0.00407597,0.00273788,0.0020011,0.00165821,0.00137521
781,27.127547,5.388368000000005,0.6702,0.116365,0.0100827,0.00414785,0.0027853,0.00203571,0.00168689,0.001399
782,27.123601,5.379913999999999,0.6702,0.139786,0.012443,0.00508269,0.00337897,0.00245749,0.00203312,0.00168464
783,27.132201,5.363972999999994,0.6702,0.211809,0.0181768,0.00751778,0.00504842,0.00368968,0.00305744,0.00253563
786,26.993803,6.314457999999996,0.6716,0.116662,0.0101169,0.00416167,0.0027944,0.00204234,0.00169239,0.00140355
787,27.040408000000003,5.339146000000006,0.6702,0.218608,0.0218505,0.00990295,0.00645063,0.00446661,0.00356644,0.00285646
805,26.84094,6.543161000000006,0.6741,0.11563,0.0121973,0.00386172,0.00244821,0.00176015,0.0014532,0.00120331
806,26.860462000000002,6.539942,0.6741,0.127981,0.010997,0.00456566,0.00306682,0.00224152,0.00185744,0.00154043
807,26.846977,6.533589999999998,0.6741,0.209806,0.0884544,0.138059,0.143197,0.130727,0.116641,0.0991714
808,26.847656,6.532801999999999,0.6741,0.255229,0.021965,0.00911469,0.00612243,0.00447484,0.00370808,0.00307524
813,26.877777,5.981726999999994,0.6758,1.20774,0.102955,0.0426102,0.0286207,0.0209186,0.0173342,0.0143759
818,25.024713,5.204877000000004,0.6803,0.073549,0.00619828,0.00256547,0.00172316,0.00125944,0.00104363,0.000865521
819,24.939453,4.990659000000005,0.6789,0.134144,0.0117128,0.00478244,0.0032101,0.0023461,0.00194409,0.0016123
820,25.305074,5.511918000000002,0.6857,0.130067,0.0112788,0.00464987,0.00311799,0.00227758,0.00188702,0.00156485
821,25.301889,5.509509999999997,0.6857,0.192436,0.0163594,0.00677835,0.00455305,0.0033278,0.00275758,0.00228696
822,25.170365,6.204462999999997,0.6837,0.11949,0.0102209,0.00417066,0.00279821,0.00204482,0.0016944,0.00140521
823,25.166372,6.192158999999997,0.6837,0.142057,0.0163633,0.00756538,0.00475926,0.00316823,0.00246922,0.00193524
824,25.162999,6.200623999999995,0.6837,0.0677592,0.0071902,0.00231478,0.00149758,0.00108631,0.000899062,0.000745321
836,25.411458,5.464388000000001,0.6837,0.118123,0.0105045,0.00411927,0.00275237,0.00200992,0.00166531,0.00138105
837,26.929608,5.6008119999999995,0.6885,0.529213,0.0454735,0.0188611,0.0126692,0.00925982,0.00767316,0.00636361
838,26.921804,5.602432999999997,0.6885,0.168504,0.0144115,0.00598424,0.0040197,0.00293797,0.00243455,0.00201906
839,26.926461,5.608143999999997,0.6885,0.279445,0.027413,0.0107367,0.00692099,0.00493852,0.00405358,0.00334086
840,25.354664,6.644906999999995,0.6877,0.0875387,0.00742633,0.00307868,0.00206797,0.00151146,0.00125248,0.00103872
841,25.375015,6.621151999999996,0.6877,0.104474,0.00901987,0.00371796,0.002497,0.00182502,0.00151231,0.00125421
842,25.696383,5.514222000000003,0.6942,0.118913,0.00990852,0.00411403,0.00276345,0.00201979,0.0016737,0.00138806
843,25.695005,5.517669999999998,0.6942,0.0625554,0.00575306,0.00225366,0.00148708,0.00107961,0.000892899,0.000739781
845,24.897402,4.803390000000002,0.7,0.701159,0.0587446,0.0239286,0.0160659,0.0117421,0.00973005,0.00806946
849,25.714601000000002,5.801639000000001,0.6965,0.051008,0.00437246,0.00181551,0.0012195,0.000891327,0.000738599,0.000612545
850,24.852338,5.074707000000002,0.6977,0.0647678,0.00562772,0.00230772,0.00154918,0.00113222,0.000938211,0.00077809
851,26.761073,5.059785000000006,0.698,0.213749,0.018003,0.00744036,0.00499755,0.00365267,0.00302679,0.00251022
852,26.756756,5.068877000000002,0.698,0.208382,0.0207777,0.00817107,0.00523495,0.00371203,0.00303669,0.00249619
853,26.382769,5.478161999999999,0.6997,0.0527163,0.00428363,0.00177368,0.0011914,0.000870783,0.000721575,0.000598426
854,26.393373,5.4688469999999985,0.6997,0.055237,0.00473473,0.00196575,0.00132042,0.000965086,0.000799719,0.000663234
855,26.242622,6.550499000000001,0.6965,0.127681,0.0110179,0.00455404,0.00305785,0.00223482,0.00185187,0.00153581
856,26.254319,6.560185000000005,0.6965,0.292379,0.0241134,0.0100112,0.00672465,0.004915,0.00407282,0.00337773
857,26.330849,5.6569599999999935,0.6965,0.12905,0.0105392,0.00437447,0.00293839,0.00214765,0.00177965,0.00147593
858,26.312741,5.662033000000002,0.6965,2.33199,0.200454,0.0832361,0.0559109,0.0408649,0.0338627,0.0280835
859,26.680266,6.514595999999995,0.6968,0.850389,0.0693235,0.027616,0.0185026,0.0135181,0.0112011,0.00928929
867,25.732063,5.314592999999994,0.7131,0.117509,0.0119015,0.00475965,0.00301362,0.00212134,0.00173209,0.00142324
868,25.744169000000003,5.3276059999999985,0.7131,0.0941255,0.00810654,0.00336494,0.00226025,0.001652,0.00136893,0.0011353
871,25.696179,5.5021479999999965,0.7134,0.0761678,0.00647237,0.0026866,0.00180462,0.00131899,0.00109298,0.000906445
872,25.677293,5.4831060000000065,0.7134,0.114886,0.00957004,0.00397145,0.00266768,0.00194979,0.00161569,0.00133995
876,26.98444,6.991855000000005,0.7122,0.178193,0.0153627,0.00633187,0.004252,0.00310768,0.00257517,0.00213568
877,26.926329,7.117439999999994,0.7108,0.106167,0.00951232,0.00350059,0.00233613,0.00170622,0.00141376,0.00117246
878,26.92742,7.114894999999994,0.7108,0.0747675,0.00641068,0.00265736,0.00178496,0.00130461,0.00108107,0.000896567
879,27.197227,6.208048,0.7172,0.180249,0.0154932,0.00642878,0.00431825,0.00315618,0.00261537,0.00216902
880,27.191853,6.2018900000000015,0.7172,0.0856278,0.00718831,0.00298413,0.00200448,0.00146506,0.00121403,0.00100683
881,27.054248000000005,6.3150269999999935,0.7172,0.111667,0.00940224,0.00389255,0.00261459,0.00191098,0.00158354,0.00131328
882,27.087977,6.318514000000003,0.7172,0.0803079,0.00688594,0.002859,0.00192043,0.00140363,0.00116312,0.000964614
883,27.072717,6.2989640000000025,0.7172,0.0892722,0.00768099,0.00318915,0.00214219,0.00156572,0.00129743,0.001076
888,25.314639,5.605058999999999,0.7172,0.0562411,0.00448511,0.00185779,0.00124788,0.000912069,0.000755786,0.000626799
889,25.307565,5.593063999999999,0.7172,0.195975,0.0168096,0.00697381,0.00468436,0.00342377,0.00283711,0.00235291
890,26.980318,6.986167999999998,0.7143,0.116339,0.00990048,0.00411045,0.00276104,0.00201803,0.00167224,0.00138685
892,25.119535,5.1801120000000065,0.7211,2.19869,0.189327,0.0784575,0.052696,0.0385148,0.0319152,0.0264684
893,27.078902000000003,6.633271000000002,0.719,0.0660062,0.00563862,0.00233545,0.00156869,0.00114654,0.000950082,0.000787935
894,27.08169,6.619805,0.719,0.105323,0.00905628,0.00375842,0.00252458,0.0018452,0.00152902,0.00126807
895,27.0792,6.632238000000002,0.719,0.0726271,0.00612612,0.00254373,0.00170866,0.00124885,0.00103486,0.000858243
896,27.07966,6.6100999999999965,0.719,0.104061,0.00894861,0.00371398,0.00249469,0.00182335,0.00151092,0.00125305
897,27.036546,6.817318000000001,0.7217,0.0699736,0.00600912,0.0024951,0.00167599,0.00122497,0.00101507,0.000841836
902,26.985783,5.786897000000004,0.7211,0.232332,0.0196994,0.0081784,0.00549355,0.0040152,0.0033272,0.00275936
903,27.022242,6.727903000000005,0.7199,0.0602803,0.00539967,0.00214693,0.00143055,0.00104332,0.00086415,0.000716533
904,27.024007,5.836820000000001,0.7211,0.160526,0.0135544,0.00557065,0.00374112,0.00273432,0.0022658,0.0018791
905,25.167011,5.477808,0.7205,0.138217,0.0103757,0.00429106,0.0028823,0.00210665,0.00174568,0.00144775
906,25.084005,5.502949999999999,0.7255,0.146557,0.0126169,0.00523739,0.00351802,0.0025713,0.00213071,0.00176707
907,27.186148,7.138814000000006,0.7252,0.0807696,0.00698147,0.00287009,0.00192748,0.00140877,0.00116738,0.000968145
910,25.939236000000005,5.644788999999998,0.7276,0.0898067,0.00755776,0.0031288,0.00210156,0.00153601,0.00127282,0.00105559
911,25.918359,5.653192000000005,0.7276,0.119847,0.0125924,0.00478312,0.0030031,0.00212653,0.00174524,0.00144027
912,25.917412,5.6564129999999935,0.7276,0.252535,0.0262399,0.0101888,0.00639211,0.00450985,0.00369435,0.003045
913,25.584114,5.583599999999994,0.7267,0.281454,0.0235868,0.00979186,0.00657733,0.00480733,0.0039836,0.00330373
914,25.345215,5.219089000000005,0.7258,0.0609244,0.00520122,0.00215936,0.00145047,0.00106014,0.000878485,0.000728557
915,25.340385,5.206103000000004,0.7258,0.0688163,0.00588242,0.0024396,0.0016387,0.00119772,0.00099249,0.000823106
916,25.345354,5.2124049999999995,0.7258,0.116417,0.0100101,0.00415652,0.00279199,0.00204065,0.00169099,0.00140239
917,25.826087,5.741652999999996,0.7276,0.0851672,0.00729521,0.00302833,0.00203417,0.00148676,0.001232,0.00102174
918,25.831647,5.742131000000003,0.7276,0.0579512,0.00490013,0.0020346,0.00136667,0.000998889,0.00082773,0.000686465
919,25.881173,6.330728999999995,0.7309,0.0577088,0.00353108,0.00145801,0.00097935,0.0007158,0.000593148,0.000491918
920,25.894165,6.327897000000005,0.7309,0.311556,0.0266505,0.0110662,0.00743333,0.00543297,0.00450204,0.00373369
921,25.879855,6.327008000000002,0.7309,0.0625852,0.00537127,0.0022303,0.00149812,0.00109497,0.000907346,0.000752493
922,25.878163,6.330248000000002,0.7309,0.05753,0.0127833,0.00517488,0.00257714,0.00142269,0.00102164,0.000763029
923,25.87041,6.018642000000006,0.7285,0.0766088,0.00646751,0.00268537,0.0018038,0.00131838,0.00109248,0.000906031
924,25.890236000000005,6.031219999999996,0.7285,0.0513004,0.00440219,0.00182746,0.00122753,0.000897191,0.000743458,0.000616575
925,25.770829,5.661393999999994,0.7276,0.0839121,0.0071798,0.00298129,0.00200257,0.00146367,0.00121287,0.00100587
926,25.551782,5.502999000000003,0.7285,0.083349,0.00707113,0.00293512,0.00197156,0.001441,0.00119409,0.000990296
927,25.542837,5.497108000000003,0.7285,0.130674,0.0145319,0.00523214,0.00324601,0.00228097,0.001865,0.00153483
929,25.032623,5.401927999999997,0.7294,0.0694834,0.00611588,0.00247156,0.00165187,0.00120565,0.00099875,0.000828186
930,25.54416,6.056863000000005,0.7318,0.20113,0.0179559,0.00717195,0.00477337,0.0034783,0.00288007,0.00238766
931,25.539671,6.058876000000001,0.7318,0.0635835,0.00537835,0.00223297,0.00149992,0.00109628,0.000908435,0.000753396
932,25.508249,6.288835000000002,0.7312,0.0656016,0.00556976,0.00231114,0.00155242,0.00113466,0.000940233,0.000779767
933,25.509202,6.2956010000000004,0.7312,0.0628766,0.00733869,0.0026225,0.00159537,0.00110528,0.000898354,0.000736438
934,25.514916,6.2953320000000055,0.7312,0.294843,0.027019,0.0105164,0.0070069,0.005114,0.00423687,0.00351357
935,25.509936000000003,6.297599,0.7312,0.0587113,0.00567191,0.0020673,0.00137149,0.00100066,0.000829024,0.000687502
936,25.543701,5.464737999999998,0.73,0.0886963,0.00772531,0.00316025,0.00211675,0.00154581,0.00128067,0.00106201
937,25.55825,5.472146999999994,0.73,0.282874,0.0243865,0.0100875,0.00677516,0.00495188,0.00410338,0.00340307
938,25.700301,5.632423999999998,0.7312,0.0639071,0.00546158,0.00225753,0.00151638,0.00110831,0.000918402,0.000761662
939,25.703927,5.621129000000005,0.7312,0.0738205,0.00630958,0.0026188,0.00175908,0.0012857,0.0010654,0.00088357
940,25.699336,5.628828999999994,0.7312,0.0925422,0.00795869,0.00326301,0.00219075,0.00160113,0.00132677,0.00110033
941,25.698692,5.6254639999999965,0.7312,0.0893414,0.00760697,0.00315023,0.00211599,0.00154656,0.00128156,0.00106284
942,25.980321,6.812808000000006,0.7363,0.0796057,0.00732548,0.00289721,0.0019159,0.00139373,0.00115373,0.000956437
948,25.841021,6.399358000000002,0.7321,0.13421,0.0121614,0.0048943,0.0032405,0.0023556,0.00194917,0.00161544
949,25.82574,6.3870890000000005,0.7321,0.147908,0.0127368,0.00528884,0.00355259,0.00259656,0.00215164,0.00178443
950,25.825183,6.390944000000002,0.7321,7.10517,0.606618,0.251263,0.168766,0.12335,0.102214,0.0847692
953,25.663957,6.895380000000005,0.7396,0.743633,0.0697812,0.0282756,0.0184677,0.0132467,0.0108878,0.00897838
954,25.663717000000002,6.901989999999997,0.7396,0.158896,0.0131937,0.00547824,0.00367981,0.00268955,0.0022287,0.00184833
955,25.666064,6.895384999999999,0.7396,0.126124,0.010858,0.00450776,0.00302793,0.00221309,0.00183388,0.0015209
963,25.642623,6.738489000000006,0.7381,0.111207,0.00923743,0.00383201,0.00257401,0.00188132,0.00155896,0.0012929
964,25.635084,6.747961999999995,0.7381,0.102154,0.00814639,0.00335545,0.00225348,0.00164703,0.00136481,0.00113188
968,26.639511,6.573731999999997,0.7381,0.0813256,0.00681792,0.00282711,0.001899,0.00138797,0.00115014,0.00095385
969,26.63802,6.578599999999996,0.7381,7.93864,0.681416,0.28261,0.189821,0.138737,0.114965,0.095344
970,25.691907,7.043085000000005,0.739,0.221474,0.01922,0.00791769,0.00531304,0.00388252,0.00321716,0.00266808
971,25.669403,7.0368430000000055,0.739,0.0820687,0.00704795,0.00288821,0.00193946,0.00141751,0.00117462,0.000974153
972,25.671323,7.010347999999999,0.739,0.0775228,0.00662096,0.00274895,0.00184651,0.0013496,0.00111835,0.000927483
973,25.690464,7.018696999999996,0.739,0.216141,0.0191733,0.0075925,0.00506816,0.00369913,0.0030645,0.00254125
974,26.418447,6.573985999999996,0.7445,0.149887,0.0124094,0.00515277,0.00346119,0.00252976,0.00209629,0.00173852
975,26.417827,6.5780030000000025,0.7445,0.262401,0.0226272,0.00936675,0.00629125,0.00459821,0.00381031,0.00316002
976,24.882608,5.288199000000005,0.7433,0.0667196,0.00575783,0.00237889,0.00159769,0.00116773,0.000967636,0.000802493
977,24.868425,5.293321000000003,0.7433,0.214173,0.0290565,0.0128648,0.00763596,0.00486701,0.00372179,0.00288288
978,24.873,5.2919180000000035,0.7433,0.0519256,0.00447102,0.0018561,0.00124676,0.000911252,0.00075511,0.000626238
980,25.0674,4.9219510000000035,0.7436,0.141762,0.0120144,0.00493534,0.00331474,0.00242271,0.00200758,0.00166495
981,25.062217,4.915422000000001,0.7436,0.150867,0.0127078,0.00522153,0.00350593,0.00256234,0.00212327,0.0017609
982,25.272444,4.8188540000000035,0.75,0.138266,0.011584,0.00479912,0.00322353,0.00235605,0.00195234,0.00161915
991,26.247922000000003,4.861181000000004,0.7485,0.0794553,0.00682759,0.00280603,0.0018843,0.00137719,0.00114121,0.000946444
992,26.194332,5.52546,0.75,0.206133,0.017491,0.0072475,0.00486822,0.00355815,0.00294846,0.00244526
993,26.196403,5.522849000000006,0.75,0.155341,0.0181967,0.00620959,0.00381358,0.00268838,0.00220535,0.00181998
994,25.59258,5.188267000000001,0.7546,0.0681783,0.00578736,0.00240309,0.00161419,0.0011798,0.000977643,0.000810792
995,26.639894,6.142633000000004,0.7546,0.0743085,0.00657935,0.00263763,0.00175897,0.00128279,0.00106241,0.000880877
996,26.626435,6.139254000000002,0.7546,0.0837738,0.00631464,0.00260582,0.00175026,0.00127925,0.00106005,0.000879137
998,26.675481,6.224041999999998,0.7521,0.0642021,0.00552162,0.00229281,0.00154011,0.00112566,0.000932777,0.000773584
999,26.665484,6.208252000000004,0.7521,0.0730325,0.00629812,0.00261017,0.00175284,0.00128107,0.00106155,0.000880374
1000,26.584692,6.2794229999999995,0.7537,0.413121,0.0359103,0.0148175,0.00992997,0.00725183,0.006008,0.00498217
1001,25.887791,5.238153999999995,0.7543,0.051556,0.00443068,0.00183962,0.0012357,0.000903165,0.000748408,0.00062068
1002,25.877319,5.207786999999997,0.7543,0.225883,0.0180558,0.00713612,0.00479098,0.00350163,0.00290163,0.00240642
1003,25.900622,5.235733000000002,0.7543,0.0565155,0.00484345,0.00201117,0.00135093,0.000987385,0.000818197,0.000678559
1004,26.207806,5.735008999999997,0.7534,0.0596815,0.00507115,0.00210151,0.00141159,0.00103172,0.000854938,0.000709029
1005,26.206896,5.721085999999994,0.7534,2.55675,0.220493,0.0910173,0.0611289,0.0446783,0.0370227,0.0307042
1006,26.028902,5.895805000000005,0.7515,0.0533364,0.00453738,0.00187777,0.0012613,0.000921875,0.000763913,0.000633539
1007,26.041646,5.882533000000007,0.7515,0.0742771,0.00627572,0.00260582,0.00175037,0.00127933,0.00106012,0.000879193
1008,26.023353,5.9048609999999995,0.7515,0.715842,0.0630233,0.0254511,0.0170482,0.0124547,0.01032,0.00855854
1009,25.823512,5.092365000000002,0.7571,0.0937746,0.00800876,0.00331868,0.00222916,0.00162928,0.0013501,0.00111968
1010,25.806113,5.086217999999996,0.7571,0.0520652,0.00433187,0.00176732,0.00118644,0.000867107,0.000718525,0.000595896
1011,25.816493,5.096005000000005,0.7571,0.0603965,0.00596681,0.00221032,0.00143722,0.00103966,0.00085941,0.000711977
1012,26.062799,7.012322999999996,0.7561,0.486074,0.103788,0.0772509,0.0527508,0.0335443,0.0239769,0.0164723
1013,26.060396,7.0099519999999975,0.7561,0.0797563,0.00472735,0.00195947,0.0013162,0.000962003,0.000797164,0.000661115
1014,26.06657,6.999327999999999,0.7561,0.0645425,0.0054974,0.00226207,0.00151904,0.00111023,0.000919991,0.000762979
1015,26.046566,7.020546999999996,0.7561,2.05604,0.180305,0.073679,0.0492438,0.0359211,0.0297485,0.0246637
1016,26.286657,5.947195000000002,0.7611,0.0983281,0.00581593,0.00229324,0.00153997,0.00112555,0.000932684,0.000773507
1017,26.269232,6.667071000000001,0.7633,0.868573,0.0768327,0.0311059,0.0208168,0.0152044,0.0125979,0.0104475
1018,26.259238,6.663866,0.7633,0.180597,0.0153641,0.00637958,0.00428525,0.00313206,0.00259539,0.00215244
1019,25.467407,6.091166999999999,0.7648,0.39213,0.0337217,0.0140021,0.00940544,0.00687437,0.00569645,0.00472426
1020,25.470627,6.086950999999995,0.7648,0.0707222,0.0060844,0.0025265,0.00169708,0.00124039,0.00102785,0.000852429
1021,25.480234,6.094074999999997,0.7648,0.102519,0.0102311,0.00408975,0.00261068,0.0018461,0.00150924,0.00124063
1022,25.453956,5.934216999999995,0.7633,0.119836,0.0104966,0.00425682,0.00285249,0.00208401,0.00172681,0.00143208
1023,26.400612,6.953839999999993,0.7623,0.254464,0.0204717,0.00843054,0.00566167,0.00413798,0.00342894,0.00284373
1024,26.44932,6.923707999999995,0.7623,0.0718953,0.00616684,0.00255931,0.00171912,0.00125649,0.00104119,0.000863497
1025,26.426576,6.936118999999999,0.7623,0.0851152,0.0058694,0.00225588,0.00151369,0.00110629,0.000916723,0.000760269
1026,26.462793,6.943585000000003,0.7623,0.0735324,0.00623719,0.00258945,0.00173937,0.00127129,0.00105346,0.000873669
1027,26.198084,6.634613999999995,0.7626,0.0652156,0.00551846,0.00228819,0.00153699,0.00112338,0.000930889,0.000772017
1028,26.20241,6.633236999999995,0.7626,0.216734,0.018528,0.00769301,0.00516751,0.0037769,0.00312973,0.00259559
1029,25.221307,6.013235000000001,0.7633,0.0798029,0.00593004,0.00245586,0.00164963,0.0012057,0.000999104,0.000828591
1030,25.218359,6.017421000000001,0.7633,0.0745852,0.00644041,0.0026628,0.00178801,0.00130677,0.00108285,0.000898043
1031,26.267645,6.750377000000002,0.7614,0.312976,0.0255996,0.0106171,0.00713162,0.00521245,0.0043193,0.00358214
1032,26.269121,6.745133999999996,0.7614,0.34341,0.0290325,0.0120549,0.00809746,0.00591838,0.00490427,0.00406728
1033,26.59392,7.131275000000005,0.7608,0.0625667,0.0053829,0.00223521,0.00150142,0.00109738,0.000909344,0.00075415
1034,26.314900000000005,6.866097000000005,0.7611,0.0549971,0.00478429,0.00188916,0.00126553,0.000924669,0.0007662,0.00063543
1035,26.328183,6.856403999999998,0.7611,0.0624595,0.00552766,0.00219151,0.00146948,0.00107388,0.000889863,0.000737992
1036,26.433454,5.935162999999996,0.7608,0.0686118,0.00585023,0.00242918,0.00163172,0.00119261,0.000988258,0.000819596
1037,26.730975,5.896165000000003,0.7639,0.147286,0.0126455,0.0052451,0.00352312,0.00257502,0.00213379,0.00176963
1038,25.221541,5.750529999999995,0.7608,0.0598326,0.00508556,0.00211173,0.00141848,0.00103676,0.000859111,0.00071249
1039,25.221478,5.749310999999997,0.7608,0.0527126,0.00446089,0.00184297,0.00123771,0.000904614,0.000749607,0.000621674
1040,25.203756,5.748474999999999,0.7608,0.102261,0.0120836,0.0061552,0.00390402,0.00254355,0.00193958,0.00148425
1041,25.379458,5.882272000000005,0.7626,0.106385,0.00939392,0.00385132,0.00256693,0.00186961,0.00154759,0.00128275
1042,25.380121,5.882793000000004,0.7626,0.355024,0.0301828,0.0125172,0.00840786,0.00614525,0.00509226,0.00422319
1043,26.887751,5.676293000000001,0.7608,3.02973,0.253702,0.105245,0.0706946,0.0516702,0.0428165,0.0355092
1045,25.72899,7.196031999999994,0.7626,0.156316,0.0142954,0.00504336,0.00336754,0.00246013,0.00203852,0.0016906
1049,26.841777,5.7517119999999995,0.7611,0.135678,0.0109955,0.00443642,0.00297686,0.00217552,0.00180272,0.00149506
1050,24.918581,6.0681129999999985,0.7623,0.0787083,0.00674294,0.00279242,0.00187567,0.00137091,0.00113601,0.000942131
1051,24.908112,6.414726999999997,0.763,0.0513161,0.00452222,0.00185892,0.0012396,0.000902227,0.000746405,0.000618358
1052,26.06996,6.305474999999998,0.7636,3.24264,0.283069,0.116496,0.0779812,0.0569295,0.0471615,0.0391079
1053,26.161005,6.602502000000005,0.7623,0.148647,0.0133711,0.00528779,0.00353131,0.00257831,0.00213619,0.00177153
1054,26.172591,6.589150999999999,0.7623,0.160777,0.0137369,0.00569995,0.00382872,0.00279838,0.00231888,0.00192313
1055,26.169814,6.585303,0.7623,0.0709894,0.00616903,0.00253025,0.00169671,0.00123964,0.00102716,0.000851834
1056,26.271139,6.473281000000001,0.7695,0.0532126,0.00460059,0.00189767,0.00127319,0.000930244,0.000770782,0.000639211
1057,26.27805,6.466294999999999,0.7695,0.124282,0.0106949,0.00443856,0.00298143,0.0021791,0.00180572,0.00149754
1058,25.034438,6.855200999999999,0.7698,0.0870353,0.00749363,0.00310872,0.00208815,0.00152621,0.0012647,0.00104886
1059,25.296144,6.995778999999999,0.7661,0.0743064,0.00661186,0.00260751,0.00174461,0.00127443,0.00105599,0.000875752
1060,25.287628,7.004854999999996,0.7661,0.194557,0.0165752,0.00685332,0.00460311,0.00336436,0.00278788,0.00231208
1065,25.758847,6.940880999999998,0.7683,0.107184,0.00918405,0.00378637,0.0025432,0.00185881,0.0015403,0.00127742
1068,25.307933,6.817914999999996,0.7679,0.0714208,0.00609692,0.00252855,0.00169846,0.00124139,0.00102868,0.000853118
1069,25.908587,6.721429000000003,0.7654,0.0926726,0.0080474,0.00331104,0.00222231,0.0016241,0.00134579,0.00111611
1070,25.904739,6.727101000000001,0.7654,0.0517398,0.0044861,0.0018378,0.00123189,0.000899884,0.000745598,0.000618318
1071,25.914119,6.724438999999997,0.7654,0.0734764,0.00624017,0.00256449,0.00172212,0.00125866,0.00104299,0.000864984
1072,25.520381,6.946896999999995,0.7692,0.137323,0.0116522,0.00479621,0.00322147,0.00235455,0.0019511,0.00161811
1073,26.084899,6.6315690000000025,0.7658,0.0576984,0.00565876,0.00165381,0.00109981,0.000803356,0.000665679,0.000552067
1074,26.085899,6.6403509999999955,0.7658,0.0664696,0.00539633,0.00223816,0.0015034,0.00109882,0.000910542,0.000755143
1077,27.0072,6.528309000000006,0.7733,0.110467,0.00950266,0.00394533,0.00265013,0.00193696,0.00160507,0.00133114
1078,27.011108,6.5550720000000045,0.7733,0.0697017,0.00614443,0.00243667,0.0016335,0.00119369,0.000989139,0.000820324
1079,27.008775,6.535236000000005,0.7733,0.255912,0.0201424,0.00834355,0.0056044,0.00409621,0.00339433,0.00281503
1080,25.48383,6.619893000000005,0.7701,0.0591231,0.00534855,0.00210369,0.00140618,0.00102707,0.000851021,0.000705767
1081,25.467299,6.610533999999996,0.7701,0.065496,0.00611973,0.00238759,0.00157238,0.0011417,0.000944543,0.000782778
1082,25.467616,6.609568999999997,0.7701,0.181384,0.0154414,0.00641109,0.00430642,0.00314754,0.00260821,0.00216307
1083,25.386708,6.694267000000006,0.7711,0.0718457,0.00577692,0.00239816,0.00161088,0.00117738,0.000975637,0.000809129
1084,25.392321,6.689550999999997,0.7711,0.0753611,0.00628121,0.00260733,0.00175138,0.00128007,0.00106073,0.000879702
1085,25.724650000000004,6.978911000000005,0.7742,0.0962547,0.00813256,0.00337566,0.00226748,0.00165728,0.00137331,0.00113893
1086,25.716869,7.000543000000007,0.7742,0.0924552,0.00790901,0.00328343,0.00220553,0.001612,0.00133579,0.00110781
1087,25.71901,6.999007000000002,0.7742,19.1419,1.82302,0.713393,0.464687,0.334329,0.275464,0.227648
1089,26.732674,6.372237000000001,0.7723,0.0535927,0.00436841,0.00181264,0.00121757,0.000889915,0.000737429,0.000611575
1090,26.74183,6.3676729999999955,0.7723,0.0614667,0.00535418,0.00218442,0.00146646,0.00107178,0.000888132,0.000736557
1091,26.743829,6.3741979999999945,0.7723,2.59093,0.205026,0.0829144,0.0556882,0.0407021,0.0337278,0.0279716
1092,27.044347,5.893495999999996,0.7745,0.169796,0.0150037,0.00607183,0.00406383,0.00296816,0.0024593,0.00203951
1093,27.048624,5.884569999999995,0.7745,0.18566,0.0159039,0.00658003,0.00441973,0.00323035,0.00267683,0.00221999
1099,25.351016,6.306513999999996,0.772,0.0733604,0.00617596,0.00255992,0.00171951,0.00125678,0.00104143,0.000863691
1100,25.348301,6.295508000000002,0.772,0.0564368,0.00493027,0.00201777,0.00135321,0.000988807,0.000819349,0.000679508
1101,26.889597000000002,6.635367999999999,0.7723,0.0724697,0.00619799,0.00257136,0.00172721,0.00126241,0.0010461,0.000867563
1103,25.820835,5.082008999999994,0.7793,0.120174,0.0105378,0.00427497,0.00286714,0.00209519,0.00173615,0.00143984
1105,25.459905,5.2125150000000025,0.7793,0.0625867,0.00531237,0.0022059,0.00148173,0.00108299,0.00089742,0.000744261
1106,26.129867,6.479759000000005,0.7761,0.0577251,0.00466197,0.00192275,0.0012914,0.000943871,0.000782139,0.000648654
1107,26.1374,6.507253999999996,0.7761,0.0662779,0.00569811,0.00235424,0.00158107,0.00115557,0.000957561,0.000794137
1109,24.872425,6.470916000000001,0.7764,0.064335,0.00545258,0.00226411,0.00152084,0.00111157,0.000921103,0.000763902
1110,24.854096000000002,6.472729000000006,0.7764,0.115072,0.164494,0.193257,0.150867,0.103466,0.0757379,0.0518412
1111,26.92676,4.850953000000006,0.779,0.0519172,0.00359608,0.00148295,0.000996098,0.000728041,0.000603292,0.00050033
1112,26.255435,5.203606000000004,0.7844,0.149329,0.0274326,0.00953381,0.00494767,0.00299975,0.0022955,0.00180765
1113,26.254364,5.205462000000002,0.7844,0.322114,0.0311267,0.0114988,0.00755143,0.00548783,0.00454233,0.00376547
1116,25.632629000000005,6.364651000000006,0.7847,0.118621,0.0100259,0.00415819,0.0027931,0.00204146,0.00169165,0.00140295
1117,25.641414,6.372154999999995,0.7847,0.0669653,0.00559546,0.00231228,0.00155299,0.00113506,0.000940566,0.000780043
1118,25.89416,5.469058000000007,0.7821,0.734728,0.0546525,0.0226522,0.0152158,0.0111211,0.00921552,0.00764274
1119,25.532934,6.043578999999998,0.7837,0.12427,0.0105432,0.00437782,0.00294064,0.0021493,0.00178102,0.00147706
1126,25.576671,6.409951000000006,0.7859,0.0655942,0.004831,0.00200478,0.00134664,0.000984252,0.000815601,0.000676405
1127,25.580956,6.414808,0.7859,0.121715,0.0124845,0.00514007,0.00325586,0.00226733,0.00183537,0.0014959
1128,25.576328,6.416110999999999,0.7859,0.0860699,0.00734862,0.00305144,0.0020497,0.00149811,0.00124141,0.00102954
1129,25.579773,6.4111549999999955,0.7859,0.157503,0.0131541,0.00546157,0.00366862,0.00268137,0.00222192,0.00184271
1132,26.316347,5.081806999999997,0.7863,5.1605,0.444549,0.184104,0.123656,0.0903787,0.0748923,0.0621107
1133,26.291477,5.686185000000006,0.7859,0.0699217,0.00550937,0.00224842,0.00151003,0.00110366,0.000914547,0.000758465
1140,26.303204,5.182498000000001,0.7888,0.054878,0.00471104,0.00195621,0.00131401,0.000960404,0.000795839,0.000660017
1141,26.314283,5.200929000000004,0.7888,0.0669536,0.0058228,0.00238907,0.00160311,0.00117153,0.00097077,0.000805088
1145,25.417706,6.257303000000002,0.7879,0.225408,0.0184549,0.00766078,0.00514586,0.00376107,0.00311661,0.00258471
1146,25.41554,6.258432000000001,0.7879,0.131866,0.0112382,0.0045806,0.0030751,0.00224746,0.00186235,0.00154451
1149,26.804134,5.050534999999995,0.7872,0.101748,0.0102081,0.00383567,0.00246999,0.00177703,0.00146644,0.00121382
1150,26.804127,5.0550380000000015,0.7872,0.095346,0.00805828,0.00333807,0.00224218,0.00163879,0.00135799,0.00112623
1151,26.801303,5.058154999999998,0.7872,0.147441,0.0123144,0.00511087,0.00343304,0.00250919,0.00207924,0.00172438
1152,25.27009,5.607795000000003,0.7891,0.101551,0.00857726,0.00353726,0.00237582,0.00173646,0.00143892,0.00119335
1153,25.260113,5.612262999999999,0.7891,0.0772505,0.00974627,0.00231117,0.0014907,0.00108494,0.000898698,0.000745263
1154,25.265882,5.608393000000001,0.7891,0.0604368,0.00521098,0.00214087,0.00143776,0.00105084,0.000870775,0.000722163
1155,25.259933000000004,5.617306999999994,0.7891,0.0807793,0.00706659,0.00287467,0.00192887,0.00140965,0.00116809,0.000968739
1156,25.271345,5.60596,0.7891,0.0534517,0.00458527,0.00190362,0.00127869,0.000934585,0.000774444,0.000642273
1157,26.011176000000003,5.633725000000003,0.7891,0.0799152,0.00688121,0.00285714,0.00191918,0.00140272,0.00116236,0.000963986
1158,26.000472,5.641605000000003,0.7891,0.0752124,0.00655109,0.0026829,0.00179932,0.00131473,0.00108941,0.000903469
1159,26.755272,5.014362000000003,0.7927,0.0800086,0.0102163,0.00350098,0.00206723,0.00141113,0.00114172,0.000933822
1160,26.760065,5.01171,0.7927,0.732571,0.0682936,0.0270809,0.0177687,0.012868,0.0106366,0.00881102
1161,24.917758,5.165793999999994,0.792,0.0664951,0.00567938,0.00235831,0.00158411,0.00115782,0.000959425,0.000795683
1163,25.805124,5.044444999999998,0.7907,0.0500456,0.00456695,0.00181078,0.00119583,0.000867506,0.000717098,0.000593874
1164,25.799165,5.044624000000006,0.7907,0.261134,0.0224336,0.00931445,0.00625665,0.00457294,0.00378937,0.00314265
1165,25.795593,5.032162999999995,0.7907,0.136127,0.0116534,0.00483823,0.00324991,0.00237534,0.00196832,0.0016324
1166,26.069864,5.176061000000006,0.7927,0.0979857,0.0103774,0.00314655,0.00205035,0.00149188,0.00123556,0.00102454
1167,26.22768,5.119576999999993,0.792,0.122898,0.0104969,0.00435688,0.00292657,0.00213901,0.00177249,0.00146999
1168,25.781701,5.238037000000004,0.7991,1.04763,0.0900922,0.0374089,0.0251281,0.0183659,0.0152189,0.0126216
1169,25.782279,5.247847000000003,0.7991,0.998433,0.0914763,0.0370467,0.0243861,0.0176237,0.0145428,0.0120297
1171,26.864458,5.441232000000004,0.7962,0.55931,0.0478458,0.0198674,0.0133452,0.00975395,0.00808261,0.00670319
1174,25.860791,5.285986999999999,0.7975,0.0982568,0.00829392,0.00344349,0.00231304,0.00169059,0.00140091,0.00116182
1175,25.861594,5.287150999999996,0.7975,0.130948,0.0108042,0.0041711,0.00279481,0.00204224,0.00169227,0.00140345
1176,25.859993,5.287096999999998,0.7975,0.0988907,0.00829217,0.00343797,0.00230933,0.00168787,0.00139866,0.00115995
1178,27.161978,5.438719999999995,0.7985,0.0539659,0.00465999,0.0019197,0.00128781,0.000940891,0.000779599,0.00064652
1184,26.267797,6.3351260000000025,0.8007,0.0668744,0.00586946,0.00241018,0.00161002,0.00117382,0.000971916,0.00080569
1185,26.265335,6.336731,0.8007,0.282653,0.0237143,0.00984238,0.00661126,0.00483213,0.00400415,0.00332077
1186,26.264895,6.333924999999999,0.8007,0.116308,0.00995957,0.00404688,0.00271618,0.00198509,0.00164493,0.0013642
1187,26.59352,7.020302999999998,0.7994,0.0815117,0.00694545,0.00288363,0.00193697,0.00141572,0.00117314,0.000972923
1188,26.611278,7.022043999999999,0.7994,0.238946,0.0203801,0.0084625,0.00568438,0.00415468,0.00344278,0.00285521
1189,25.005041,7.109051999999995,0.8004,0.162044,0.013996,0.00577641,0.00387878,0.00283486,0.0023491,0.00194819
1192,26.47799,6.827634000000003,0.803,0.152962,0.0133264,0.00523135,0.00350665,0.00256251,0.0021234,0.001761
1193,26.502274,6.811203999999999,0.803,1.24803,0.107171,0.0445019,0.0298926,0.0218483,0.0181046,0.0150148
1194,26.613011,5.934751999999999,0.804,0.0737657,0.0144908,0.00790323,0.00474497,0.00284053,0.00202039,0.00142679
1195,26.598678,5.928308999999993,0.804,0.0743079,0.00627041,0.00260359,0.00174887,0.00127824,0.00105921,0.000878439
1196,26.533887,6.911579,0.8007,0.0542901,0.00458445,0.00190324,0.00127843,0.000934398,0.00077429,0.000642145
1197,26.463617,6.893626999999994,0.8001,0.125301,0.0105903,0.00437561,0.00293896,0.00214806,0.00177999,0.00147621
1198,26.454076,6.895927999999996,0.8001,0.050951,0.00474393,0.00202875,0.00132217,0.000936297,0.000763243,0.000625181
1199,26.451173,6.907184,0.8001,0.135285,0.0116284,0.00482756,0.00324273,0.00237009,0.00196398,0.00162879
1204,25.322064,7.013281000000005,0.8053,0.0543555,0.00467825,0.00194149,0.00130412,0.000953169,0.000789844,0.000655045
1205,26.732048000000002,6.831818999999999,0.8099,0.052467,0.00449958,0.00186814,0.00125486,0.000917166,0.00076001,0.000630302
1206,26.717884,6.832231,0.8099,0.119701,0.0101436,0.00420694,0.00282582,0.00206537,0.00171147,0.00141938
1207,26.720809,6.8242300000000045,0.8099,0.0546347,0.00470144,0.00195121,0.00131065,0.000957948,0.000793804,0.000658329
1208,26.725189,6.828184000000003,0.8099,0.0564131,0.00484719,0.00201276,0.001352,0.000988169,0.000818847,0.000679097
1214,26.64938,6.843249999999996,0.8135,0.131742,0.0112634,0.00466211,0.00313153,0.00228881,0.00189662,0.00157293
1217,26.540768,6.2674499999999975,0.8168,0.110905,0.00988992,0.0039667,0.00265389,0.00193849,0.0016062,0.00133205
1218,26.7855,6.231106000000003,0.8217,0.0560816,0.00477653,0.00197726,0.00132808,0.00097068,0.000804355,0.000667079
1219,26.779317,6.218311999999999,0.8217,0.0726672,0.0135829,0.00343327,0.00182537,0.00122451,0.000994055,0.000817283
1220,26.799571,6.198805000000004,0.8217,0.128157,0.0110143,0.00457211,0.00307115,0.00224468,0.00186006,0.00154261
1221,25.629948,5.2014549999999975,0.8204,0.594389,0.0462423,0.019171,0.0128774,0.00941199,0.00779925,0.00646818
1226,26.79092,5.143158000000005,0.8237,0.0637681,0.00432364,0.00179468,0.00120551,0.000881101,0.000730125,0.000605517
1227,26.791537,5.1454009999999935,0.8237,0.229214,0.0157037,0.00651961,0.00437931,0.00320081,0.00265236,0.00219969
1234,26.109498,6.216917999999996,0.8261,0.938821,0.0785786,0.032629,0.0219174,0.0160193,0.0132744,0.0110089
1235,26.113659,6.215695999999999,0.8261,0.109319,0.0105008,0.00381439,0.00252536,0.00184134,0.00152533,0.00126489
1236,25.495595000000005,6.176478000000002,0.8287,0.0648245,0.00861865,0.00350225,0.00202783,0.00130932,0.00102293,0.000813399
1237,25.47233,6.185674000000003,0.8287,0.0709456,0.00533217,0.00221273,0.00148632,0.00108634,0.000900197,0.000746564
1238,25.476339000000003,6.180440999999998,0.8287,0.108454,0.00910069,0.00377893,0.00253836,0.00185527,0.00153737,0.00127499
1239,26.180798,6.263487000000001,0.8261,0.11536,0.0120017,0.00435235,0.00278655,0.00200394,0.00165407,0.00136941
1240,26.162987,6.258729999999996,0.8261,0.0576996,0.00496491,0.00201007,0.00134609,0.000983131,0.00081455,0.000675492
1241,26.229096,6.364461999999996,0.8301,0.506916,0.0435157,0.0180668,0.0121357,0.0088699,0.00735005,0.00609564
1242,26.253953,5.762901999999997,0.8321,0.0500199,0.00304524,0.00126229,0.000847899,0.000619724,0.000513535,0.000425892
1243,26.245995,5.774442000000004,0.8321,0.200735,0.0173428,0.00715229,0.00480295,0.00351036,0.00290885,0.00241241
1244,26.023636,6.411496999999999,0.8331,0.0615069,0.00594068,0.00229363,0.0014925,0.00107776,0.000890207,0.000737154
1246,27.005293000000005,6.2543289999999985,0.8321,0.136608,0.0116902,0.00483485,0.00324733,0.00237344,0.00196675,0.00163109
1247,27.002345,6.254887000000004,0.8321,0.0767086,0.00656073,0.00272031,0.00182726,0.00133553,0.00110669,0.000917815
1248,25.628206,4.828226000000001,0.8307,0.0852429,0.00732626,0.00302479,0.00203101,0.00148437,0.00123001,0.00102009
1249,26.36608,6.367154999999996,0.8318,0.0913185,0.00785734,0.00325168,0.00218411,0.00159635,0.00132282,0.00109706
1250,26.387852,6.377807999999995,0.8318,0.0609943,0.00546928,0.00219335,0.00146197,0.00106644,0.000883366,0.000732501
1253,26.632567,6.512385999999997,0.8361,0.0570974,0.00491371,0.00199716,0.00134123,0.00098029,0.000812318,0.000673683
1254,26.632632,6.496433999999999,0.8361,0.0554101,0.00466051,0.00193431,0.0012993,0.000949652,0.00078693,0.000652627
1255,26.625336,6.504035999999995,0.8361,2.80603,0.236224,0.0980889,0.0658877,0.0481569,0.0399053,0.0330948
1261,26.67026,6.395739999999996,0.8392,0.0576415,0.0049609,0.00205998,0.00138372,0.00101135,0.000838057,0.000695029
1262,26.662861,6.387138000000004,0.8392,0.129034,0.0111057,0.00460649,0.00309412,0.00226146,0.00187396,0.00155414
1264,26.636931,6.393437,0.8385,0.162297,0.0137955,0.00572365,0.00384464,0.00281002,0.00232853,0.00193113
1265,26.648040000000005,6.399234999999999,0.8385,0.198047,0.052961,0.0507811,0.0396761,0.0280956,0.0212811,0.0152835
1266,26.630002,6.393984,0.8385,0.100373,0.00850377,0.00352526,0.00236792,0.0017307,0.00143414,0.00118938
1267,26.636835,6.388291999999999,0.8385,0.0560945,0.00521864,0.00203404,0.00133969,0.00097228,0.000804154,0.000666298
1271,25.640513,7.111386,0.8483,0.0544956,0.00466659,0.00193775,0.00130161,0.000951341,0.000788329,0.000653788
1272,25.630021,7.103848000000003,0.8483,0.0520452,0.00348819,0.00144196,0.000968568,0.000707919,0.000586618,0.000486502
1273,25.627192000000004,7.105968000000002,0.8483,0.100209,0.00892145,0.00356469,0.00238549,0.00174253,0.00144384,0.0011974
1279,25.103101000000002,4.866619999999997,0.8559,0.280186,0.0638987,0.0413222,0.027439,0.017598,0.0128167,0.0090477
1280,25.101892,4.874917000000004,0.8559,0.254214,0.0217865,0.00897481,0.00602415,0.00440237,0.00364793,0.00302532
1281,25.098903,4.863910000000006,0.8559,0.0749428,0.00643562,0.00266367,0.00178916,0.00130768,0.00108361,0.000898675
1282,25.312629,7.113874000000004,0.8528,0.302333,0.0234546,0.00945617,0.00634843,0.00463986,0.00384481,0.00318863
1283,25.311794000000003,7.104405000000004,0.8528,0.0557872,0.0050282,0.00196944,0.00131194,0.000957127,0.000792861,0.000657468
1284,25.33159,7.088327000000005,0.8542,0.078712,0.00684566,0.00282493,0.00189219,0.00138113,0.00114395,0.000948453
1285,25.33197,7.095776999999997,0.8542,0.0664303,0.0057654,0.00236986,0.00159082,0.00116263,0.000963404,0.000798982
1286,25.167214,6.622737000000003,0.8549,0.101082,0.00786624,0.00326312,0.00219188,0.00160203,0.00132753,0.00110096
1290,26.811792,5.182966999999998,0.8542,0.094135,0.00986198,0.00308674,0.00197448,0.00142605,0.00117895,0.000976872
1291,26.808456,5.171173999999995,0.8542,0.0853881,0.00734098,0.00304419,0.00204475,0.00149449,0.00123841,0.00102705
1292,25.275159,6.895794,0.86,0.143261,0.0123311,0.00511971,0.00343898,0.00251353,0.00208284,0.00172737
1294,25.275065,6.8740930000000064,0.8587,0.126345,0.0108243,0.00449399,0.00301867,0.00220633,0.00182828,0.00151625
1295,25.2717,6.868462999999997,0.8587,0.0614378,0.00510504,0.00210895,0.0014165,0.0010353,0.000857905,0.00071149
1296,25.195875,4.837059999999995,0.8569,0.0857599,0.00716968,0.00296784,0.0019934,0.00145695,0.0012073,0.00100126
1297,25.583376,5.3453330000000046,0.859,0.0591789,0.00501267,0.00206265,0.00138525,0.00101246,0.000838974,0.00069579
1307,25.737985,5.961133,0.8614,0.57261,0.0492432,0.0204477,0.013735,0.0100388,0.00831868,0.00689896
1317,25.606837,5.971002999999994,0.8618,0.068426,0.00583792,0.00242407,0.00162828,0.0011901,0.000986179,0.000817872
1318,25.607694,5.965600000000004,0.8618,0.244293,0.0295574,0.0159099,0.0106698,0.00722328,0.00556411,0.00423728
1319,25.7519,4.864720999999994,0.8656,0.109923,0.00946025,0.00392604,0.00263717,0.00192749,0.00159721,0.00132462
1320,26.497382,5.726008000000004,0.8649,0.0933114,0.00790052,0.00325588,0.00218676,0.00159827,0.00132441,0.00109838
1321,26.517385,5.740876000000003,0.8649,0.0579323,0.00496731,0.00206251,0.00138542,0.00101259,0.000839086,0.000695883
1322,26.519888000000005,5.7350710000000005,0.8649,0.378068,0.0321772,0.0133573,0.00897229,0.00655779,0.00543411,0.00450669
1326,25.844743,5.224434999999998,0.8691,0.104924,0.0116028,0.00473937,0.00295532,0.00202266,0.00161922,0.00130617
1327,25.877477,4.951157000000005,0.8701,0.203102,0.0250547,0.00819846,0.00490946,0.00339364,0.00275935,0.0022634
1328,25.872943,4.947031000000001,0.8701,0.0647645,0.00508772,0.00210063,0.00141101,0.0010313,0.000854583,0.000708735
1329,25.873708000000004,4.947605999999997,0.8701,0.0712659,0.0058809,0.00243964,0.00163874,0.00119774,0.000992511,0.000823123
1330,25.761777,5.273749999999996,0.8694,0.0737502,0.0072125,0.00259319,0.00170221,0.0012378,0.00102477,0.00084961
1333,24.995672,5.913166000000001,0.8708,0.0577814,0.00392323,0.00162823,0.0010937,0.000799382,0.000662408,0.000549357
1334,24.989937000000005,5.921645000000004,0.8708,0.0607523,0.00514934,0.00212324,0.00142565,0.00104194,0.000863392,0.000716038
1335,24.98746,5.923238000000005,0.8708,0.0589256,0.00519287,0.0021075,0.00141099,0.00103062,0.000853936,0.000708176
1341,25.411591,6.610799,0.8754,0.0900467,0.00687886,0.00277481,0.00186219,0.00136094,0.00112773,0.000935262
1344,26.996861,5.403255000000003,0.8729,0.0684872,0.00559945,0.00232485,0.00156163,0.00114139,0.000945813,0.000784394
1345,27.152963,5.404990999999997,0.875,1.05425,0.0905745,0.0376099,0.0252631,0.0184646,0.0153007,0.0126894
1346,26.753272,4.864406999999999,0.8726,0.472811,0.0405178,0.0168009,0.0112849,0.00824801,0.00683471,0.00566826
1347,26.765862,4.8732280000000054,0.8726,0.17866,0.0159997,0.0062901,0.00418326,0.00304892,0.00252487,0.00209337
1348,26.754494,4.877382000000006,0.8733,0.233821,0.0191627,0.00783955,0.00526463,0.00384782,0.0031885,0.00264433
1349,26.759768,4.893372000000001,0.8733,0.151141,0.0126581,0.00525604,0.00353056,0.00258046,0.0021383,0.00177336
1350,25.32885,6.273246000000002,0.8779,0.0548412,0.00471628,0.00195447,0.00131282,0.000959532,0.000795117,0.000659417
1351,26.263603,6.583574999999999,0.8757,0.150801,0.017337,0.00943496,0.00642009,0.00439131,0.00339886,0.00259756
1352,25.193965,6.130373,0.8779,0.515829,0.0835688,0.023355,0.0126204,0.0082365,0.00656067,0.00531704
1353,27.099729,6.837067,0.8779,0.0579582,0.00627505,0.00254405,0.00156281,0.00107306,0.000866873,0.000707463
1354,27.126463,6.508949999999998,0.8796,0.0531698,0.00408913,0.00169731,0.00114011,0.000833297,0.000690512,0.000572665
1355,27.132963,6.500178999999998,0.8796,0.0704033,0.0105907,0.00518588,0.0031283,0.00195423,0.00145342,0.00108597
1356,27.131281,6.502430999999997,0.8796,0.490605,0.0417645,0.017342,0.0116489,0.00851408,0.0070552,0.00585111
1361,27.160663,4.916728,0.88,4.14288,0.348861,0.144392,0.0969847,0.0708852,0.0587391,0.0487143
1365,25.887389,5.831414,0.8881,0.741079,0.062178,0.0257333,0.0172849,0.0126334,0.0104687,0.00868205
1366,25.879841,5.831615999999997,0.8881,0.0586194,0.00503236,0.00208959,0.00140361,0.00102589,0.000850104,0.00070502
1370,25.504694000000004,6.506484000000006,0.8889,1.33401,0.114167,0.0473253,0.0317887,0.0232342,0.019253,0.0159672
1371,25.601881,6.570831000000002,0.8867,0.0994114,0.00852347,0.00353834,0.00237675,0.00173715,0.00143949,0.00119382
1372,25.608636,6.576727999999999,0.8867,0.0596811,0.00512873,0.00212046,0.00142421,0.00104094,0.000862578,0.000715365
1373,25.602859,6.561392999999998,0.8867,0.0825715,0.00704149,0.00290946,0.00195388,0.00142804,0.00118334,0.000981382
1380,26.935609,7.0169139999999945,0.8839,0.675298,0.0556616,0.0231126,0.0155251,0.0113472,0.00940284,0.0077981
1381,26.941195000000004,7.021277999999999,0.8839,0.1527,0.029593,0.0127411,0.00703232,0.00413822,0.00300408,0.0022159
1386,27.199893,7.167015999999994,0.8849,0.823371,0.0707406,0.0293685,0.0197272,0.0144185,0.0119479,0.00990878
1389,26.927633,6.854887999999995,0.8853,0.0601088,0.0052159,0.00214226,0.00143836,0.00105125,0.000871118,0.000722447
1390,26.858835,6.742900000000004,0.8881,0.218151,0.0174789,0.00720895,0.00484146,0.00353852,0.00293219,0.00243177
1391,26.862408,6.748025000000002,0.8881,0.0647587,0.0056976,0.00221498,0.00148519,0.00108538,0.000899398,0.0007459
1392,26.85881,6.7379329999999955,0.8881,0.0979807,0.00891846,0.00339739,0.00225881,0.00164764,0.00136487,0.00113181
1393,26.921504,6.932115999999997,0.8846,0.169948,0.210854,0.120237,0.0619507,0.029738,0.017514,0.00975519
1394,26.923802000000002,6.931562999999999,0.8846,0.293631,0.0253012,0.0104631,0.00702669,0.00513564,0.00425564,0.00352934
1397,25.358796,6.63402,0.8928,0.0792631,0.00609952,0.00253148,0.00170043,0.00124284,0.00102988,0.000854111
1398,24.837986,5.070290999999996,0.891,0.0625244,0.00487698,0.0008594,0.000531622,0.000384011,0.000317744,0.000263409
1399,24.847966,5.072398999999997,0.891,0.0717255,0.00613067,0.00254375,0.00170867,0.00124886,0.00103487,0.000858249
1400,25.703387,6.3234590000000015,0.8949,0.0630572,0.00543831,0.00224757,0.0015096,0.00110335,0.000914292,0.000758253
1401,25.341695,6.924136999999999,0.8921,0.0554351,0.0090537,0.0038552,0.0020791,0.00124164,0.00093124,0.000719105
1402,25.330364,6.9046970000000005,0.8921,0.148394,0.012826,0.00529748,0.00355789,0.00260041,0.00215483,0.00178708
1403,25.342694,6.917903000000005,0.8921,0.0506725,0.00435889,0.00180998,0.00121579,0.000888611,0.000736348,0.000610678
1404,24.938215,5.014967999999994,0.8942,0.058354,0.0100055,0.00294355,0.00157472,0.00103581,0.000832328,0.000679982
1405,24.924959,5.026489000000002,0.8942,0.26621,0.232002,0.230502,0.164738,0.104592,0.0729222,0.0475352
1406,24.970834,6.942469999999997,0.8906,0.0638084,0.00553361,0.00227623,0.00152802,0.00111673,0.000925372,0.000767441
1407,24.970076,6.9397760000000055,0.8906,0.187398,0.0160966,0.00666706,0.00447798,0.0032729,0.00271209,0.00224923
1408,25.093446,6.879450000000006,0.8921,0.104797,0.00904137,0.0037469,0.00251653,0.00183929,0.00152413,0.00126401
1409,25.778999,6.176877000000002,0.8975,0.0689634,0.00566231,0.00235077,0.00157905,0.00115412,0.000956358,0.00079314
1410,25.778547000000003,6.177605000000005,0.8975,0.0635351,0.00546275,0.00226775,0.00152328,0.00111335,0.00092258,0.000765127
1412,25.953052,6.214600999999995,0.8978,0.0858675,0.0228646,0.0120014,0.00664187,0.00365805,0.0024726,0.00167076
1416,25.771469,6.292368000000002,0.8967,0.125311,0.00754677,0.00313309,0.00210454,0.0015382,0.00127463,0.00105709
1417,25.837567,6.155927,0.8989,0.0539087,0.0045291,0.00188065,0.00126326,0.000923306,0.000765098,0.000634522
1418,25.827737,6.1527750000000045,0.8989,0.0846194,0.00702881,0.00291852,0.00196041,0.00143285,0.00118733,0.000984695
1419,26.197654,6.401981999999996,0.8982,0.138932,0.0155112,0.00530932,0.00330694,0.00234401,0.00192506,0.00158918
1420,26.301213,6.156909999999994,0.8975,0.0530806,0.00453618,0.00187526,0.0012594,0.000920469,0.000762745,0.00063257
1421,26.307271,6.160906999999997,0.8975,0.066524,0.0149462,0.0164833,0.0142515,0.0109831,0.00874861,0.00659101
1422,26.320323,6.1482770000000055,0.8975,0.290743,0.0248715,0.0102856,0.00690809,0.00504901,0.00418386,0.00346982
1424,26.116173000000003,6.352560999999999,0.8989,0.0784215,0.00710001,0.00231773,0.00153483,0.00111992,0.000927855,0.000769469
1430,26.982367,5.389056999999995,0.9047,0.109006,0.00935617,0.00388031,0.00260639,0.00190499,0.00157857,0.00130916
1431,26.974961,5.389176999999998,0.9047,0.0875465,0.010203,0.00334956,0.00209523,0.00149952,0.00123701,0.00102407
1432,25.853839,6.390571999999994,0.9007,0.120546,0.017614,0.0113077,0.00812424,0.00568895,0.00440103,0.00330885
1433,25.853384,6.400189999999997,0.9007,0.0524949,0.00456292,0.00185015,0.00124207,0.000907789,0.000752239,0.000623857
1434,25.840749,6.401385000000002,0.9007,0.0566822,0.00561924,0.00220567,0.00141493,0.00100735,0.000826502,0.000681222
1435,25.926932000000004,6.442725999999997,0.9054,0.0686103,0.00610409,0.00239355,0.00160093,0.00116941,0.00096896,0.000803576
1436,26.067861,6.861897000000001,0.9047,0.144939,0.0141493,0.00548568,0.00354629,0.00254873,0.00210138,0.00173821
1439,25.765854,6.5459080000000025,0.9087,0.0742725,0.00622992,0.00257428,0.00172904,0.00126374,0.0010472,0.000868477
1440,25.773974,6.5450159999999995,0.9087,0.0968358,0.00806887,0.00293972,0.0019508,0.00142254,0.00117833,0.000977094
1441,25.772015,6.541530999999998,0.9087,0.0579022,0.00492208,0.00201886,0.00135566,0.000990816,0.000821039,0.000680915
1442,25.764824,6.539242000000006,0.9087,0.114073,0.00977915,0.00405904,0.00272651,0.00199279,0.00165132,0.0013695
1443,25.504875,5.132848000000001,0.9094,0.0569977,0.00490649,0.00203735,0.00136852,0.00100024,0.000828851,0.000687394
1444,25.994321,6.341182000000004,0.9083,0.0554795,0.00557978,0.00194713,0.00128291,0.000934776,0.000774289,0.000642072
1445,25.999856,6.337121999999994,0.9083,0.0532886,0.00462316,0.00191019,0.00128067,0.000935331,0.000774894,0.000642574
1446,25.994582000000005,6.342653999999998,0.9083,0.502319,0.0430187,0.0178553,0.0119936,0.00876607,0.00726401,0.00602429
1447,25.941852,6.358714000000003,0.9061,0.776255,0.0619693,0.0252619,0.016961,0.0123962,0.0102721,0.00851898
1448,26.107097,6.557494000000001,0.909,0.0781677,0.00670228,0.0027478,0.00184545,0.00134882,0.0011177,0.000926946
1453,25.6068,6.574831999999995,0.908,0.0540101,0.00450924,0.00186782,0.00125461,0.000916987,0.000759862,0.000630179
1454,25.606451,6.581933999999999,0.908,0.106097,0.00907992,0.00366517,0.00245908,0.00179711,0.00148916,0.00123501
1455,25.605417,6.579956000000002,0.908,0.14963,0.0127218,0.00528199,0.00354799,0.0025932,0.00214886,0.00178212
1456,26.123768,5.581868999999995,0.9083,0.363103,0.0343122,0.0135166,0.00883074,0.00637772,0.00526618,0.00435947
1458,25.878014,5.0362130000000045,0.9149,0.113723,0.00980722,0.00403842,0.00271063,0.0019809,0.00164144,0.00136129
1459,25.432108,6.979841000000006,0.9153,0.153646,0.013104,0.00543357,0.00364972,0.00266756,0.00221047,0.00183322
1460,25.433853,6.9811679999999985,0.9153,0.0844651,0.00805179,0.00317603,0.0020658,0.00148804,0.00122759,0.00101573
1461,25.201261,6.692365000000004,0.9153,3.73243,0.339773,0.133584,0.0887768,0.0647092,0.053592,0.0444362
1462,25.498587,7.104276999999994,0.9145,0.121181,0.010439,0.00418192,0.00279726,0.0020425,0.00169218,0.00140327
1463,25.205691000000005,6.730397999999997,0.9171,0.0634416,0.00542194,0.00225134,0.00151226,0.0011053,0.000915908,0.000759593
1464,25.200491,6.7311650000000025,0.9171,0.0597848,0.00501356,0.00208166,0.00139828,0.00102199,0.000846877,0.000702343
1465,26.836764000000002,6.270064000000003,0.9167,0.0558239,0.00460232,0.00190981,0.00128284,0.000937623,0.000776962,0.000644361
1466,26.837923,6.2581530000000045,0.9167,0.16307,0.014049,0.00582502,0.00391266,0.00285974,0.00236972,0.00196529
1467,25.86213,4.84488,0.916,0.228628,0.0191881,0.00792781,0.00532457,0.00389165,0.00322481,0.00267445
1468,25.874702,4.845916,0.916,0.355916,0.0289347,0.0120024,0.00806214,0.00589256,0.00488288,0.00404953
1469,25.857927,4.838485999999997,0.916,0.0516405,0.00442842,0.00183873,0.0012351,0.000902728,0.000748046,0.00062038
1470,25.86949,4.8431210000000045,0.916,0.0579314,0.00493107,0.00204624,0.00137448,0.0010046,0.00083246,0.000690387
1471,26.307032,5.916285999999997,0.9223,0.057239,0.00478619,0.00198523,0.00133349,0.000974639,0.000807635,0.000669799
1472,26.300101,5.914036000000006,0.9223,0.275341,0.0238861,0.0098416,0.00660487,0.00482671,0.00399957,0.00331696
1473,26.301952,5.916307000000003,0.9223,0.119741,0.0167778,0.00489965,0.00289073,0.00202534,0.00166227,0.00137313
1474,26.294123,5.9130679999999955,0.9223,0.096831,0.00804784,0.00334015,0.00224363,0.00163985,0.00135886,0.00112695
1477,25.429324,5.010920999999997,0.9175,0.0850038,0.0180335,0.00517008,0.00253376,0.00156044,0.00122331,0.000985748
1478,25.427145000000003,5.011451999999998,0.9175,0.402454,0.0346408,0.0143836,0.00966164,0.00706163,0.00585163,0.00485295
1480,26.345851,4.946893000000002,0.9223,0.579246,0.0496346,0.0205828,0.0138257,0.0101051,0.00837358,0.0069445
1481,25.251858,6.697536000000006,0.9215,0.206982,0.0177734,0.00737928,0.00495677,0.00362287,0.00300209,0.00248974
1482,25.253122,6.692638000000002,0.9215,0.205281,0.0150694,0.00625694,0.00420287,0.00307185,0.00254549,0.00211106
1483,25.263739,6.697970000000004,0.9215,2.51266,0.210854,0.0874799,0.0587612,0.0429482,0.035589,0.0295152
1484,26.326396,5.019275000000001,0.9189,0.113666,0.00976581,0.00404565,0.0027174,0.00198612,0.0016458,0.00136492
1485,26.334615,5.0121499999999966,0.9189,0.141938,0.0120029,0.00498321,0.00334729,0.00244651,0.0020273,0.00168131
1486,26.110601,5.657808000000001,0.9219,0.051026,0.00435218,0.00180689,0.00121371,0.000887093,0.00073509,0.000609635
1487,26.100333,5.661914999999993,0.9219,0.452805,0.0388896,0.0161444,0.0108444,0.0079261,0.00656797,0.00544704
1488,25.217905,6.8668330000000015,0.9189,0.0834177,0.00712095,0.0029544,0.0019845,0.00145046,0.00120193,0.000996798
1489,25.220554,6.864318999999997,0.9189,0.202503,0.0174101,0.00722943,0.00485611,0.0035493,0.00294113,0.00243918
1490,25.227479,6.865858000000001,0.9189,0.138272,0.0116184,0.00480992,0.00323081,0.00236137,0.00195675,0.0016228
1491,27.136379,6.372714999999996,0.9212,0.200431,0.0211027,0.00836218,0.00524911,0.00366001,0.0029714,0.00242976
1492,26.384181,4.8773420000000005,0.9226,1.63882,0.140933,0.0585213,0.0393096,0.0287311,0.0238081,0.0197448
1493,26.638816,5.930026000000001,0.9186,0.128615,0.0106071,0.00439016,0.00294885,0.0021553,0.00178599,0.00148118
1494,27.135802,6.421462,0.9223,0.0906739,0.00665742,0.00264384,0.00177236,0.00129505,0.00107311,0.000889956
1495,27.182349,6.618333999999998,0.9175,0.052115,0.00448804,0.00186194,0.00125068,0.000914117,0.000757483,0.000628207
1496,27.178067,6.621251000000005,0.9175,0.0708556,0.00630904,0.00247029,0.00165324,0.0012078,0.0010008,0.000829989
1499,26.633895,6.3423099999999994,0.9178,0.0614247,0.00892396,0.00552116,0.00379612,0.00254748,0.00192261,0.00141687
1500,26.626746,6.333791000000003,0.9178,0.127345,0.0108992,0.00452513,0.00303959,0.00222162,0.00184095,0.00152676
1501,26.893678,5.534487999999998,0.9271,0.0557921,0.00456132,0.00189361,0.00127197,0.000929672,0.000770373,0.000638897
1506,26.335868000000005,6.24894,0.9263,0.0884717,0.00737986,0.00302852,0.00203355,0.00148625,0.00123158,0.00102139
1507,26.320838,6.256930000000003,0.9263,0.0518458,0.00427548,0.0017688,0.00118808,0.00086836,0.000719567,0.000596761
1508,26.331923,6.265672000000003,0.9263,17.4611,1.49204,0.619416,0.41607,0.304103,0.251995,0.208988
1509,26.272884,6.113967000000001,0.9304,0.447028,0.038347,0.0159232,0.0106959,0.00781754,0.00647801,0.00537243
1510,26.830468,5.848352999999994,0.9289,0.0981475,0.00844895,0.00350463,0.00235392,0.00172044,0.00142564,0.00118233
1511,25.531527,4.877064999999999,0.9372,0.227174,0.0649716,0.0954442,0.0974754,0.0873667,0.076799,0.0641211
1516,25.479899,4.833427000000006,0.936,0.0806237,0.00684044,0.00283909,0.00190705,0.00139385,0.00115502,0.000957895
1517,25.44092,4.835608000000004,0.936,0.0593388,0.0051134,0.002095,0.0014068,0.0010282,0.000852016,0.000706606
1518,25.902553,5.691664000000005,0.9398,0.0563372,0.00440679,0.00182499,0.00122585,0.000895966,0.000742443,0.000615733
1519,25.224215,4.855242999999997,0.9394,0.0800584,0.006846,0.00283913,0.00190706,0.00139386,0.00115502,0.000957899
1522,24.936651,5.418008999999996,0.9436,0.0534608,0.00850458,0.00248211,0.00137839,0.000936455,0.000762057,0.00062708
1533,26.421622,6.011080999999995,0.955,0.0502044,0.00414112,0.00171938,0.00115493,0.000844133,0.000699491,0.000580112
1547,25.411634000000003,6.1266529999999975,0.9584,0.148848,0.0130525,0.00533751,0.00357164,0.00260748,0.00216012,0.00179126
1548,25.411455,6.138195,0.9584,0.0745019,0.00632285,0.0026248,0.00176312,0.00128865,0.00106784,0.000885597
1549,25.411563,6.132346000000002,0.9584,23.9497,2.05009,0.848762,0.570113,0.416691,0.345291,0.286362
1551,25.633807,5.325542000000005,0.9665,0.0816531,0.0070217,0.00291137,0.00195558,0.00142932,0.00118441,0.000982269
1552,25.621915,5.328242999999999,0.9665,0.051051,0.00448316,0.00182703,0.00122232,0.000892353,0.000739256,0.000613022
1553,26.935271,6.1106950000000015,0.9688,0.0673703,0.00577885,0.00239857,0.00161115,0.00117758,0.000975804,0.000809267
1554,25.393716,5.259177999999998,0.9696,0.102092,0.00876587,0.00363811,0.00244377,0.00178613,0.00148008,0.00122748
1555,25.390602,5.263587000000001,0.9696,0.478605,0.0391786,0.0162264,0.010899,0.007966,0.00660103,0.00547446
1556,25.521161,5.309158999999996,0.9696,0.120195,0.0103497,0.00429602,0.00288569,0.00210913,0.00174773,0.00144945
1558,25.331294,5.078591999999994,0.9677,0.054002,0.00462985,0.00192251,0.00129137,0.000943857,0.000782128,0.000648645
1559,27.140291000000005,5.746185000000002,0.9665,0.0581872,0.0115861,0.0206577,0.0257497,0.0278034,0.0276215,0.0262448
1560,27.138494,5.725774999999999,0.9665,0.0722726,0.00526358,0.00214501,0.00144073,0.00105302,0.000872586,0.000723665
1561,27.138003,5.743454000000005,0.9665,0.0696593,0.00505998,0.00207879,0.00139632,0.00102056,0.000845687,0.000701357
1564,25.553775,5.320300000000003,0.9669,1.41538,0.117312,0.0487055,0.0327162,0.0239121,0.0198147,0.016433
1568,24.857069,6.311528000000001,0.9638,0.194441,0.01738,0.00668337,0.00447076,0.00326617,0.00270639,0.00224448
1569,24.86778,6.305753999999994,0.9638,0.101598,0.00865809,0.0035948,0.00241468,0.00176487,0.00146246,0.00121287
1570,27.051186,4.851592000000001,0.9743,0.069021,0.005942,0.00245733,0.00164995,0.00120583,0.000999194,0.00082866
1574,26.607107,4.959226999999994,0.9727,0.0762043,0.00639499,0.00258905,0.00173629,0.00126872,0.00105128,0.000871855
1575,26.597994,4.9686679999999965,0.9727,0.118832,0.01017,0.00421586,0.00283179,0.00206973,0.00171508,0.00142238
1578,25.600015,5.284646000000002,0.9708,0.110565,0.00945955,0.00392649,0.00263748,0.00192772,0.0015974,0.00132478
1579,25.595825000000005,5.298653999999997,0.9708,0.382355,0.0326053,0.0135377,0.00909347,0.00664636,0.00550751,0.00456756
1580,24.949545,4.843314999999995,0.9743,0.0831005,0.00728557,0.00297563,0.00199264,0.00145534,0.00120581,0.000999968
1581,24.962475,4.8567779999999985,0.9743,0.185516,0.0161953,0.00649194,0.00434666,0.00317513,0.00263085,0.00218179
1582,24.964929,4.853426000000001,0.9743,0.0600716,0.00463276,0.0018944,0.00127189,0.000929566,0.000770281,0.000638819
1583,26.755905,5.073701999999997,0.9727,0.164206,0.0140884,0.00583285,0.00391789,0.00286355,0.00237289,0.00196792
1584,24.871236,4.891446999999998,0.9731,2.2904,0.17524,0.0727139,0.0488429,0.035699,0.029582,0.0245333
1585,25.603645,6.125854999999997,0.9727,0.143358,0.0120507,0.00499935,0.00335812,0.00245443,0.00203386,0.00168675
1591,26.917424,4.867303,0.9778,0.123606,0.0108123,0.0043718,0.00293124,0.00214191,0.00177484,0.00147193
1593,26.559182,4.850030999999999,0.9758,0.0693889,0.0058648,0.00243532,0.00163584,0.00119562,0.000990753,0.000821665
1594,26.558829,4.843947000000001,0.9758,0.053322,0.0045821,0.00190212,0.00127768,0.000933848,0.000773834,0.000641767
1595,25.20759,5.401557999999998,0.9801,0.0768292,0.00647577,0.00268877,0.00180608,0.00132005,0.00109386,0.000907178
1596,26.387512,5.222626999999999,0.9778,0.385864,0.0339753,0.0139918,0.00933276,0.00679155,0.00561757,0.00465303
1598,26.42251,5.127769999999998,0.9766,0.16876,0.0133718,0.00554136,0.0037222,0.00272053,0.00225437,0.00186962
1599,26.411938,5.122083000000004,0.9766,0.0666856,0.0057274,0.00237263,0.00159367,0.0011648,0.000965215,0.000800486
1600,25.53195,4.981331000000004,0.9809,0.0783241,0.00649606,0.00259178,0.00173674,0.00126892,0.00105144,0.000871981
1602,26.970755,4.819291000000001,0.9856,0.252614,0.0120742,0.00351155,0.00231241,0.00168556,0.00139625,0.00115784
1605,25.103226,5.601167999999995,0.9829,0.107486,0.00941091,0.00384236,0.0025746,0.00188078,0.00155838,0.00129238
1606,27.060898000000005,4.990900000000004,0.9841,0.0518258,0.00666692,0.00272074,0.00161972,0.00106196,0.000831421,0.000659333
1607,27.061922,4.989171,0.9841,0.087676,0.00691823,0.00286615,0.00192522,0.00140713,0.00116602,0.000967018
1608,27.059001,4.9917219999999975,0.9841,2.04565,0.127688,0.0518243,0.0348038,0.0254376,0.0210789,0.0174814
1609,26.425738,5.307379999999997,0.9821,0.0510104,0.00443964,0.00181665,0.00121922,0.000891031,0.000738347,0.000612335
1610,26.417408,5.327112999999996,0.9821,0.0501591,0.00415927,0.00172627,0.00115956,0.000847513,0.000702292,0.000582435
1611,26.740779,6.0371529999999956,0.9868,0.180111,0.00962047,0.00388848,0.00261116,0.00190844,0.00158143,0.00131153
1612,25.597366,6.485776999999997,0.9825,0.112209,0.00937618,0.00387042,0.00259938,0.00189984,0.0015743,0.00130562
1613,27.053636,4.8484219999999985,0.9848,0.0534194,0.00552363,0.00180716,0.00117882,0.00085705,0.000709639,0.000588385
1614,27.035106,4.843558000000002,0.9848,0.0742795,0.00629599,0.00261376,0.0017557,0.00128323,0.00106335,0.000881872
1615,27.03906,4.851998000000004,0.9848,0.0653285,0.00565127,0.00232956,0.00156433,0.00114332,0.000947415,0.000785723
1616,27.033566,4.8459300000000045,0.9848,1.80953,0.155279,0.064441,0.0432854,0.0316369,0.026216,0.0217418
1619,25.375943,6.750516999999996,0.9821,0.0915586,0.00780627,0.00323851,0.00217532,0.00158993,0.0013175,0.00109264
1620,25.37428,6.753390999999999,0.9821,0.113047,0.0085122,0.00353403,0.00237386,0.00173504,0.00143774,0.00119237
1622,27.137768,5.14066,0.9864,0.0888538,0.00625694,0.0025942,0.00174256,0.00127362,0.00105539,0.000875271
1626,26.601185,6.263858000000005,0.9868,0.232358,0.020193,0.0082526,0.00553558,0.00404498,0.00335176,0.0027797
1627,25.022243,5.5959819999999985,0.9848,0.925926,0.079532,0.0328829,0.0220871,0.0161433,0.0133772,0.0110941
1628,26.455640000000002,5.098231999999995,0.9825,0.0535082,0.00354145,0.00145467,0.00097706,0.000714125,0.00059176,0.000490767
1629,26.457823,5.082900000000006,0.9825,1.00285,0.0860332,0.0357242,0.0239965,0.0175389,0.0145336,0.0120532
1630,27.095084,7.189992000000005,0.9936,0.0565864,0.00460151,0.00190959,0.0012827,0.000937514,0.000776871,0.000644286
1632,27.157811,5.716049000000001,0.992,0.0842292,0.0100027,0.00420113,0.00254749,0.00169373,0.0013362,0.0010667
1633,27.160103,5.712417999999995,0.992,0.608226,0.0522189,0.0216701,0.0145561,0.0106389,0.00881595,0.00731137
1636,26.094793000000003,7.137568000000003,0.9936,0.408401,0.0355398,0.0145044,0.00972149,0.00710196,0.00588452,0.00488007
1637,26.106086,7.127294000000002,0.9936,0.0530177,0.00456385,0.00189492,0.00127285,0.000930315,0.000770906,0.000639338
1639,26.948753,5.824997999999999,0.99,0.142147,0.0114228,0.00474274,0.00318577,0.00232846,0.00192948,0.00160018
1645,26.156341,5.101715000000001,0.988,0.153144,0.0132261,0.00545071,0.00365758,0.00267264,0.00221457,0.00183658
1646,27.056944,5.251165000000005,0.9884,0.0576198,0.00496009,0.00205777,0.00138223,0.00101026,0.000837152,0.000694279
1650,24.835616000000005,5.135005000000006,0.992,0.0923298,0.00774534,0.00321487,0.00215947,0.00157834,0.0013079,0.00108468
1655,26.801634,5.828538000000002,0.9912,0.13619,0.0116763,0.0048473,0.003256,0.00237979,0.00197201,0.00163546
1656,26.178568,5.151469000000005,0.9884,0.0724633,0.00619867,0.00257367,0.00172877,0.00126355,0.00104704,0.000868345
1657,27.081299,5.551928000000001,0.9896,0.107614,0.00908495,0.00377017,0.00253248,0.00185097,0.00153381,0.00127204
1668,25.316426,6.293095000000002,0.9991,0.0892903,0.00781673,0.00317706,0.00213048,0.00155679,0.00129,0.00106983
1669,26.748576000000003,5.613459999999999,0.9955,0.217928,0.0118601,0.00488267,0.00327964,0.00239707,0.00198633,0.00164733
1674,24.911465,6.403378999999998,0.9947,3.86447,2.42007,3.00442,2.52589,1.86999,1.44437,1.04937
1678,26.828364,5.6048869999999935,0.9955,1.50411,0.125634,0.0521023,0.0349976,0.0255795,0.0211965,0.0175789
1679,26.828907,5.628117999999994,0.9955,0.102414,0.00860891,0.00355466,0.00238765,0.00174512,0.00144609,0.00119929
1682,26.644648,5.563580000000006,0.9939,0.058293,0.00499846,0.00202432,0.00135857,0.00099289,0.000822754,0.000682337
1683,26.652223000000003,5.561944,0.9939,0.0747315,0.00783859,0.00301576,0.00189019,0.00133349,0.00109229,0.000900221
1685,26.022339,7.199329000000003,0.9987,0.0894406,0.00791303,0.00320026,0.00213747,0.00155968,0.00129194,0.00107128
1688,26.800811,5.826650000000004,0.9979,0.617015,0.0530888,0.0220109,0.0147848,0.0108061,0.00895449,0.00742626
1689,24.894775,6.321793999999996,1.001,29.0857,2.4236,1.00634,0.675972,0.494064,0.409406,0.339534
1690,24.929946,6.305177000000002,1.001,0.272708,0.0234019,0.00969508,0.00651207,0.00475962,0.00394406,0.00327095
1693,25.313653,5.899192,1.006,0.0541078,0.022082,0.0323543,0.0308179,0.0255459,0.0212325,0.0166555
1694,26.330763,5.149915000000005,1.002,0.0664267,0.00526012,0.00218065,0.00146476,0.00107058,0.000887139,0.000735735
1695,25.375901,6.163859999999994,1.005,0.296294,0.0254901,0.0105299,0.00707181,0.00516865,0.004283,0.00355204
1699,26.726167,5.020553000000004,1.004,0.0828614,0.00713607,0.00295499,0.00198452,0.00145043,0.00120189,0.000996771
1700,26.645027,5.466566,1.002,0.0766301,0.00740596,0.00362906,0.00250077,0.00177803,0.0014222,0.00112818
1701,26.595959,5.0771660000000045,1.005,0.0698153,0.00597822,0.00248233,0.00166741,0.0012187,0.00100988,0.000837526
1702,26.597572,5.0745609999999965,1.005,0.0568133,0.0046201,0.00191833,0.00128857,0.000941807,0.000780429,0.000647236
1703,25.650073,5.177942000000001,1.012,0.229312,0.0275002,0.0108329,0.00657008,0.00442401,0.00352118,0.00283196
1704,26.460527,5.3603000000000005,1.012,0.389607,0.0327146,0.0135548,0.00910491,0.00665472,0.00551443,0.00457331
1705,25.662597,5.114602999999995,1.008,0.0726049,0.00614898,0.00255321,0.00171503,0.0012535,0.00103872,0.000861443
1706,26.335998,5.476928000000005,1.007,0.0590876,0.00509664,0.00211164,0.00141831,0.00103662,0.000858999,0.000712397
1707,26.142637,5.156337999999995,1.01,44.3215,3.72876,1.54833,1.04003,0.760154,0.629902,0.522399
1708,26.199934,6.515821000000004,1.013,0.0684385,0.00587921,0.00244073,0.00163947,0.00119828,0.000992952,0.000823489
1709,26.20538,6.523372000000002,1.013,0.150195,0.0114352,0.00474381,0.00318648,0.00232898,0.00192991,0.00160054
1710,26.007094,5.459550999999997,1.009,0.391927,0.0321754,0.0133278,0.00895228,0.00654316,0.00542199,0.00449664
1711,25.759019,5.244675000000004,1.014,0.121821,0.0104736,0.00433053,0.00290815,0.00212547,0.00176127,0.00146068
1712,26.945779,5.152598999999995,1.014,0.0826242,0.00699174,0.0029031,0.00195006,0.00142528,0.00118106,0.000979495
1713,26.941323,5.152010999999998,1.014,0.0905315,0.0080892,0.00296953,0.00198829,0.00145293,0.00120396,0.000998479
1715,25.938697,4.847645000000004,1.018,0.144894,0.0123888,0.00513333,0.00344784,0.00251998,0.00208818,0.0017318
1716,25.964809,4.838771000000005,1.018,0.252079,0.0190863,0.00754428,0.00505461,0.00369298,0.00306002,0.00253774
1720,26.03907,4.987691,1.016,0.0663817,0.00569818,0.00236016,0.0015853,0.00115868,0.000960142,0.000796278
1721,26.028152,4.996489000000005,1.016,0.167099,0.0145139,0.00593816,0.00398518,0.00291243,0.00241336,0.00200148
1722,26.032347,4.999018000000005,1.016,0.755657,0.0649724,0.0269785,0.0181218,0.0132451,0.0109756,0.00910242
1723,25.843693,5.188087000000001,1.016,0.0944466,0.0152623,0.00497515,0.00269738,0.00174258,0.00138172,0.00111724
1724,25.844884,5.1889929999999955,1.016,0.0611666,0.00525163,0.00218024,0.0014645,0.00107039,0.000886982,0.000735604
1725,25.839838,5.188371999999996,1.016,0.0580526,0.00499971,0.00207601,0.00139448,0.00101922,0.000844576,0.000700435
1726,25.95137,4.929502000000001,1.018,0.140529,0.012005,0.00485371,0.00325474,0.00237826,0.00197068,0.00163433
1727,25.952879,4.931137000000003,1.018,0.167123,0.022449,0.0101272,0.00595451,0.00376194,0.00287037,0.00222573
1728,26.060883,5.036805000000005,1.015,1.17651,0.10124,0.042037,0.0282369,0.0206381,0.0171018,0.0141831
1730,26.936492,5.218816000000007,1.016,0.140398,0.0120857,0.00501846,0.00337097,0.00246382,0.00204165,0.00169321
1731,26.967372,5.2676659999999975,1.017,0.174313,0.0149908,0.00622373,0.00418057,0.00305555,0.00253198,0.00209986
1732,26.972722,5.274311000000001,1.017,0.0565275,0.00487537,0.0020164,0.00135424,0.000989793,0.000820191,0.000680212
1739,25.083031,5.818609000000003,1.025,0.223366,0.019184,0.00796596,0.00535085,0.0039109,0.00324077,0.00268768
1740,25.087537,5.830205000000003,1.025,0.196897,0.0169465,0.0070319,0.00472339,0.0034523,0.00286075,0.00237251
1741,26.568917,6.354088999999997,1.022,0.068153,0.00577514,0.00239395,0.00160802,0.00117529,0.000973903,0.00080769
1742,26.061945,5.495669,1.023,0.112633,0.0107345,0.00434757,0.00282823,0.00201996,0.00165605,0.00136262
1743,26.060006,5.493424000000004,1.023,0.184375,0.0158294,0.00656988,0.00441307,0.00322548,0.0026728,0.00221664
1744,25.165269,5.865067000000002,1.025,0.126833,0.0110298,0.00452491,0.00303743,0.00221989,0.0018395,0.00152556
1745,25.165516,5.863977999999996,1.025,0.0657766,0.00567185,0.00235261,0.00158008,0.00115484,0.000956959,0.000793638
1746,26.068983,5.221496999999997,1.021,0.0721475,0.00529347,0.00183397,0.00121122,0.000882266,0.000730642,0.000605807
1747,26.073145,5.235956999999998,1.021,0.439962,0.0385191,0.0155863,0.0104602,0.00764479,0.00633483,0.00525368
1748,25.373347,5.832783999999997,1.025,0.0775426,0.00667654,0.00277186,0.00186189,0.00136084,0.00112766,0.00093521
1750,25.11458,5.914879000000006,1.022,0.0591112,0.00524554,0.00200877,0.00134297,0.000981008,0.000812863,0.000674124
1751,25.126717,5.9135959999999965,1.022,0.114285,0.00984127,0.0040787,0.00273962,0.00200237,0.00165927,0.00137608
1752,25.45414,7.1336,1.027,0.112754,0.0329753,0.0290878,0.0221635,0.0156086,0.0118682,0.00860343
1753,25.453694,7.136406000000001,1.027,0.152343,0.0131121,0.00544417,0.00365693,0.00267282,0.00221484,0.00183684
1754,25.925624,6.175363999999999,1.028,0.147469,0.0115817,0.0048062,0.00322839,0.00235961,0.00195529,0.00162159
1755,25.684976,5.260982999999998,1.028,0.0517331,0.00444874,0.00184689,0.00124058,0.000906734,0.000751366,0.000623133
1756,25.666516,5.270193000000003,1.028,0.0514367,0.0043077,0.00178685,0.00120024,0.000877245,0.000726929,0.000602867
1758,25.29235,6.087496,1.03,0.927921,0.0811143,0.033155,0.0222286,0.0162412,0.0134576,0.0111607
1759,25.334252,5.823362000000006,1.028,0.0612075,0.00523668,0.00217431,0.00146051,0.00106748,0.000884567,0.000733601
1761,25.415084,5.109936000000002,1.038,0.0533833,0.00538887,0.00178873,0.00115663,0.000837409,0.000692599,0.000573965
1762,25.401193000000003,5.108727999999996,1.038,0.0576696,0.00502506,0.00203375,0.00136343,0.000996229,0.000825495,0.000684603
1767,26.057287,5.609034999999996,1.036,0.0998047,0.00855493,0.00355232,0.00238615,0.00174402,0.00144518,0.00119854
1768,27.078612,6.357980000000001,1.036,0.0542096,0.00452985,0.00188066,0.00126326,0.000923311,0.000765102,0.000634525
1769,27.081927,6.358888999999995,1.036,0.115968,0.00997374,0.00414094,0.00278153,0.002033,0.00168465,0.00139713
1770,27.055085,5.344522000000004,1.044,0.135815,0.0100693,0.00417867,0.00280687,0.00205152,0.0017,0.00140986
1771,25.401608,5.214382000000006,1.041,5.43815,0.454518,0.188734,0.126775,0.0926593,0.0767822,0.0636781
1772,25.506317,5.168703999999999,1.041,0.0544723,0.00473001,0.00194631,0.00130621,0.000954572,0.000790993,0.000655994
1773,25.493505,5.159288999999998,1.041,0.0888067,0.00763858,0.00317183,0.00213056,0.00155722,0.00129039,0.00107016
1774,25.687922,4.959441,1.043,0.226859,0.0193531,0.00803029,0.00539405,0.00394247,0.00326693,0.00270938
1775,25.695825,4.952984999999994,1.043,0.0599731,0.00516542,0.00214434,0.00144037,0.00105276,0.000872367,0.000723484
1776,25.699751,4.951481000000001,1.043,0.166405,0.014303,0.00593186,0.00398446,0.00291221,0.00241321,0.00200136
1777,25.705081,4.991653000000005,1.043,0.0782774,0.00664629,0.00274545,0.00184378,0.00134757,0.00111666,0.000926085
1778,25.700056,5.004194,1.043,1.17466,0.0869804,0.0360714,0.0242297,0.0177093,0.0146748,0.0121703
1779,25.686861,5.009890000000004,1.043,0.0500226,0.00539573,0.00161778,0.000999037,0.000709575,0.000583585,0.000482228
1780,25.565893,5.120567000000002,1.044,0.167166,0.018547,0.00687716,0.00426087,0.00297304,0.00242001,0.00198436
1781,25.574234,5.124657999999996,1.044,0.872828,2.54215,2.8827,2.33867,1.71068,1.32274,0.968251
1782,25.949524,5.078254999999998,1.05,0.134567,0.0144373,0.00505254,0.00320369,0.00229319,0.00188976,0.0015631
1783,26.920317,5.4699539999999995,1.047,0.0557442,0.0039539,0.001603,0.00107628,0.000786617,0.000651829,0.000540583
1784,26.914718,5.463968999999998,1.047,0.0619002,0.00507088,0.00210538,0.00141422,0.00103364,0.000856528,0.000710348
1785,26.908925,5.471007000000003,1.047,0.0631996,0.005381,0.00223432,0.00150083,0.00109694,0.000908983,0.000753851
1786,25.620262000000004,6.549187000000003,1.05,0.0857763,0.0072064,0.0029887,0.00200753,0.00146729,0.00121587,0.00100836
1787,25.61861,6.550890999999998,1.05,0.0673223,0.00578004,0.00239942,0.00161172,0.001178,0.000976149,0.000809553
1788,25.618424,6.549392,1.05,0.0610608,0.00519933,0.00215897,0.00145021,0.00105995,0.00087833,0.000728428
1789,26.805056,5.521803999999996,1.047,0.944025,0.0812485,0.0337375,0.022662,0.0165635,0.0137254,0.0113829
1790,25.606945,6.540692000000001,1.049,0.069665,0.00593103,0.00246254,0.00165412,0.00120899,0.00100183,0.00083085
1791,25.666533,6.4474789999999995,1.052,2.4129,0.206629,0.0857553,0.0576029,0.0421016,0.0348875,0.0289334
1792,25.383167,4.920423000000005,1.053,0.455407,0.0382822,0.015832,0.0106344,0.00777258,0.00644075,0.00534153
1793,25.390436,4.921539999999995,1.053,0.123014,0.0100832,0.00409793,0.0027503,0.00200998,0.00166555,0.00138129
1797,25.394668,5.850939000000003,1.06,0.475935,0.0406539,0.0168708,0.0113323,0.00828274,0.0068635,0.00569213
1798,25.502135,5.708234000000003,1.064,0.491245,0.0414365,0.0172057,0.0115573,0.00844716,0.00699974,0.00580512
1799,25.434711,5.7446530000000005,1.063,0.0810119,0.0561014,0.0495893,0.03383,0.0208416,0.0143379,0.00927344
1800,25.431267,5.764802000000003,1.063,0.0951844,0.0165864,0.00771428,0.00443148,0.00266705,0.00194969,0.00144067
1801,25.425913,5.747816000000001,1.063,0.0611289,0.00519071,0.00215182,0.00144536,0.0010564,0.00087539,0.000725991
1802,25.425632,5.759505,1.063,0.249023,0.0213833,0.00887919,0.00596428,0.00435925,0.0036123,0.0029958
1803,25.441347,5.768203000000003,1.063,0.0824797,0.00698117,0.00289731,0.00194616,0.00142244,0.0011787,0.000977537
1805,25.340747,5.804458999999993,1.064,0.0511079,0.00424682,0.00172312,0.00115608,0.000844834,0.000700058,0.000580578
1806,25.34814,5.804062000000001,1.064,0.0698998,0.00601147,0.00249514,0.00167602,0.00122499,0.00101509,0.000841847
1807,26.490651,5.211772000000003,1.064,0.0916771,0.0078835,0.00327056,0.00219686,0.00160567,0.00133054,0.00110346
1812,24.980964,6.1605580000000035,1.063,0.0591746,0.00502471,0.00208572,0.001401,0.00102399,0.000848526,0.000703711
1817,26.475857,5.5770809999999935,1.064,0.102462,0.00888692,0.00365747,0.00245436,0.00179355,0.00148618,0.00123253
1818,26.480399000000002,5.551896000000002,1.064,0.0544728,0.00465615,0.00193236,0.00129799,0.000948691,0.000786134,0.000651967
1821,25.086412,6.630603,1.067,0.107645,0.00904992,0.00375772,0.00252412,0.00184486,0.00152874,0.00126784
1824,25.3871,6.947437999999997,1.074,0.0505913,0.00417697,0.00173442,0.00116503,0.000851514,0.000705608,0.000585184
1825,25.377286,6.945657000000003,1.074,0.0887255,0.00781826,0.00313841,0.00210548,0.00153873,0.00127506,0.00105745
1826,25.571811,7.005854000000002,1.074,0.0559825,0.00410737,0.00166924,0.00112106,0.000819369,0.00067897,0.000563093
1827,25.584789,7.007373000000004,1.074,0.0541327,0.00451572,0.00187419,0.00125892,0.000920136,0.000762472,0.000632343
1828,25.401401,7.015028000000005,1.075,0.10224,0.00878928,0.00364826,0.00245058,0.00179112,0.00148421,0.0012309
1829,25.385911,7.019645999999995,1.075,15.0154,1.2513,0.519569,0.349002,0.255083,0.211375,0.1753
1830,25.381045,7.025865000000007,1.075,4.83347,0.409606,0.170085,0.114248,0.0835033,0.069195,0.0573858
1831,25.396254000000003,7.030556999999996,1.075,0.0594415,0.00511901,0.00212493,0.00142734,0.00104323,0.000864475,0.000716938
1832,25.398633,7.047001999999997,1.076,0.104761,0.00885268,0.00367599,0.00246921,0.00180473,0.00149549,0.00124026
1833,25.253171,6.885502000000004,1.072,0.110729,0.00937493,0.00388606,0.0026103,0.00190785,0.00158094,0.00131113
1834,25.256199,6.885831999999999,1.072,0.234836,0.0199605,0.00825935,0.00554723,0.00405437,0.00335965,0.00278627
1835,25.254954,6.884653000000006,1.072,0.146352,0.0126137,0.00521624,0.0035032,0.00256042,0.00212169,0.00175959
1836,25.094017,5.571212999999997,1.076,1.1128,0.0980311,0.0395632,0.0264325,0.0192895,0.0159785,0.0132494
1837,25.461374,6.955783999999996,1.075,0.333595,0.0287407,0.0119133,0.00800191,0.00584852,0.00484638,0.00401926
1838,26.584628,5.295013000000002,1.072,0.857756,0.0712605,0.0295894,0.0198756,0.0145269,0.0120378,0.00998332
1839,26.265223,5.131816000000004,1.073,0.0590577,0.00509232,0.00210322,0.00141261,0.00103246,0.000855549,0.000709536
1840,26.263578,5.122566000000006,1.073,0.0650202,0.00557769,0.00231581,0.00155556,0.00113695,0.000942133,0.000781343
1841,25.038322,5.543062999999998,1.076,0.622155,0.0707215,0.0293487,0.0181995,0.0123377,0.00981343,0.00786942
1842,25.317258,7.090956999999997,1.073,0.154726,0.0133873,0.00551909,0.00370567,0.00270831,0.00224423,0.00186121
1846,25.289537,7.151211999999997,1.079,0.0593743,0.00508063,0.00210781,0.0014158,0.00103479,0.000857482,0.000711139
1847,25.278052,7.141423000000004,1.079,0.0619522,0.00607647,0.00232598,0.00150212,0.0010771,0.000886665,0.000732471
1848,25.270617,7.152399999999999,1.079,0.0976557,0.00818351,0.00339172,0.00227825,0.00166516,0.00137984,0.00114435
1849,26.34743,6.376891999999998,1.08,0.268145,0.0229936,0.00954789,0.00641346,0.00468755,0.00388434,0.00322142
1850,26.340691,6.376767,1.08,0.167119,0.0144617,0.00597374,0.00400991,0.00293041,0.00242824,0.0020138
1851,26.344634,6.378780999999999,1.08,0.140376,0.0119079,0.00493186,0.00331267,0.0024212,0.00200633,0.00166392
1857,24.931011,6.798764999999999,1.079,0.0777893,0.00659868,0.00273145,0.00183466,0.00134094,0.00111117,0.00092153
1858,25.915273,7.003991000000002,1.084,0.0649094,0.00555575,0.00230698,0.00154963,0.00113262,0.000938543,0.000778365
1859,25.901912000000003,6.999565999999999,1.084,0.201298,0.0172542,0.007131,0.00478837,0.00349958,0.00289991,0.00240498
1862,24.97058,5.415045999999998,1.079,0.577977,0.0494435,0.0205306,0.0137907,0.0100796,0.00835243,0.00692695
1868,25.127759,7.022279,1.086,0.0532464,0.00458022,0.0019019,0.00127753,0.000933741,0.000773745,0.000641693
1871,26.817551,5.780906000000004,1.096,6.7662,0.581506,0.233235,0.156578,0.114439,0.0948298,0.0786455
1872,26.813535,5.781698999999997,1.096,0.0807071,0.00693281,0.00287505,0.00193117,0.00141148,0.00116962,0.000970009
1873,26.640578,6.406214,1.102,0.116653,0.00992591,0.00411592,0.00276461,0.00202062,0.00167439,0.00138863
1874,27.148229,6.036654000000007,1.1,0.313111,0.0268632,0.0111528,0.00749152,0.0054755,0.00453728,0.00376292
1875,26.278339,6.089779999999998,1.104,0.141542,0.0121859,0.00505962,0.00339862,0.00248403,0.00205839,0.00170709
1876,26.28962,6.086889999999996,1.104,1.79174,0.150028,0.0622979,0.0418464,0.0305853,0.0253445,0.0210191
1877,27.017402000000004,5.9368849999999975,1.103,0.52051,0.0446216,0.0185286,0.0124459,0.00909664,0.00753794,0.00625147
1878,27.016611,5.946321999999998,1.103,0.0565588,0.0102143,0.00491137,0.0026962,0.0015513,0.00111358,0.000818399
1879,27.102058000000003,5.985597999999995,1.103,0.0815105,0.00703895,0.0029104,0.00195443,0.00142843,0.00118367,0.000981654
1880,27.103979,5.975439000000003,1.103,0.130075,0.0106703,0.00441477,0.0029654,0.00216739,0.00179601,0.00148949
1886,26.947987,6.952855000000004,1.112,0.0615575,0.00528711,0.00219404,0.00147375,0.00107716,0.000892585,0.000740251
1887,26.946013,6.9468129999999935,1.112,0.219697,0.0243706,0.00997367,0.00615063,0.00419086,0.00335799,0.00271715
1888,26.951845,6.9556220000000035,1.112,0.0641576,0.0055915,0.00228919,0.00153617,0.00112264,0.000930267,0.000771499
1889,26.948311,6.940505,1.112,0.331907,0.0279756,0.0115642,0.00776733,0.00567707,0.0047043,0.00390144
1890,26.457731,6.3835220000000055,1.106,0.0549935,0.00476119,0.00196716,0.00132061,0.000965139,0.000799753,0.00066326
1895,26.871896,6.905490000000007,1.125,0.565497,0.0489888,0.0200874,0.0134872,0.00985733,0.00816826,0.00677421
1896,26.867792,6.9007270000000025,1.125,0.167386,0.0143649,0.00596481,0.00400665,0.00292843,0.00242665,0.0020125
1898,25.758692,4.840190000000005,1.13,0.0634197,0.00519602,0.00214551,0.00144098,0.00105319,0.000872724,0.000723779
1899,25.754287,4.841780999999998,1.13,0.138426,0.0117467,0.00487448,0.00327425,0.00239313,0.00198307,0.00164462
1900,25.755207,4.842333999999997,1.13,0.100342,0.00576996,0.00239511,0.00160883,0.00117588,0.000974395,0.000808099
1901,24.849613,5.9014399999999965,1.133,0.0765214,0.00627024,0.00260324,0.00174863,0.00127806,0.00105907,0.000878321
1902,24.840604,5.904377999999998,1.133,0.0826293,0.00648407,0.00268694,0.00180484,0.00131915,0.00109311,0.000906554
1903,24.842066,5.905389,1.133,0.0513026,0.00440208,0.00182697,0.00122719,0.000896944,0.000743253,0.000616405
1904,26.388577,5.777300999999999,1.128,0.12222,0.0194213,0.00897334,0.00504348,0.00302076,0.00223236,0.00168599
1905,26.377590000000005,5.777222999999996,1.128,0.10503,0.0118305,0.00660429,0.00455244,0.00312717,0.00241872,0.00184311
1908,26.078065,4.831071000000003,1.132,0.103071,0.00883885,0.00366882,0.0024644,0.00180121,0.00149258,0.00123784
1909,26.073924,4.840488,1.132,0.0740645,0.00635894,0.00264049,0.00177366,0.00129635,0.00107422,0.000890891
1910,26.072789,4.834021000000001,1.132,0.116105,0.00994892,0.00413047,0.0027745,0.00202786,0.00168039,0.0013936
1911,26.081091,4.830991999999996,1.132,0.0830935,0.00652031,0.00247796,0.00165665,0.00121007,0.00100264,0.000831506
1912,26.073929,4.823140999999995,1.132,1.46815,0.103957,0.0430816,0.0289385,0.021151,0.0175268,0.0145355
1913,25.039304000000005,5.619936999999999,1.128,0.0555966,0.00491364,0.00204161,0.00135709,0.000984076,0.00081267,0.00067243
1915,24.921107,6.608999999999998,1.133,0.0641961,0.00552023,0.0022385,0.00150219,0.00109783,0.000909713,0.000754454
1916,24.931104,6.607107999999998,1.133,0.244675,0.0210625,0.00874605,0.00587485,0.00429389,0.00355813,0.00295088
1917,25.9535,4.861864999999998,1.141,0.0634521,0.00539365,0.0022372,0.00150275,0.00109835,0.000910151,0.000754819
1918,25.966452,4.853793000000001,1.141,0.133252,0.0108407,0.00449583,0.00301989,0.00220722,0.00182901,0.00151686
1919,26.479978,4.815993000000001,1.137,0.122992,0.0103583,0.00430104,0.00288907,0.0021116,0.00174978,0.00145115
1920,26.485067,4.818503000000002,1.137,0.21115,0.0194289,0.00629351,0.004053,0.00292798,0.00241981,0.00200446
1922,25.51008,5.320207999999996,1.143,0.0672491,0.00576819,0.00236954,0.00159093,0.00116275,0.000963505,0.000799066
1924,24.996815,7.163412000000005,1.142,0.0553677,0.00464058,0.00192691,0.00129433,0.000946018,0.000783919,0.00065013
1925,24.97178,7.154387000000006,1.142,0.350494,0.0300029,0.0124285,0.00834817,0.00610162,0.00505611,0.0041932
1936,25.365869,5.161794000000004,1.149,0.0500552,0.00514303,0.00191814,0.00122154,0.000870818,0.00071572,0.00059084
1937,25.458783,5.276712999999995,1.155,0.0705776,0.00680821,0.00249594,0.00165887,0.00121078,0.00100317,0.00083193
1938,25.458071,5.266059999999996,1.155,6.55448,0.49842,0.206691,0.138837,0.101475,0.0840873,0.0697364
1939,25.463544,5.278173000000004,1.155,0.71794,0.0607799,0.0252247,0.0169437,0.0123841,0.0102621,0.00851068
1945,26.86049,4.859232999999998,1.153,0.0668604,0.00471576,0.00185722,0.00124583,0.000910459,0.000754445,0.000625685
1947,26.932166,6.204443999999998,1.156,0.0999922,0.00895454,0.00361774,0.00240676,0.00175343,0.00145186,0.00120366
1948,26.931712,6.201009999999995,1.156,0.173912,0.0137195,0.00569261,0.0038238,0.00279479,0.0023159,0.00192066
1949,26.927593,6.212624000000002,1.156,0.299733,0.0236922,0.00983547,0.00660662,0.00482874,0.00400134,0.00331844
1950,26.937746,6.209024000000004,1.156,0.057743,0.00616325,0.00168435,0.00107071,0.00077424,0.000640469,0.000530859
1951,26.933255,6.204394000000004,1.156,0.760853,0.0652203,0.0270764,0.0181876,0.0132932,0.0110154,0.00913544
1952,25.467816,5.349740000000001,1.161,0.115543,0.00954503,0.00396176,0.00266117,0.00194503,0.00161175,0.00133668
1953,25.110162,5.239172000000001,1.161,0.457683,0.0394688,0.0163506,0.0109821,0.00802671,0.00665134,0.00551618
1960,25.273289,5.742291,1.162,0.119075,0.00555843,0.0023035,0.00154729,0.00113091,0.000937126,0.000777191
1961,25.281038,5.7495470000000015,1.162,7.25363,0.65431,0.26137,0.174056,0.12694,0.105145,0.0871867
1965,25.763162,5.9811619999999985,1.166,0.121785,0.00739806,0.00305028,0.00204882,0.00149746,0.00124087,0.0010291
1966,25.764088,5.981949000000006,1.166,0.11334,0.0133366,0.00501763,0.00301189,0.00206478,0.00167276,0.00136951
1971,26.548935,5.948036999999998,1.163,0.121415,0.0104527,0.00434011,0.00291532,0.00213079,0.00176568,0.00146434
1972,26.537421,5.938302999999994,1.163,0.254577,0.0218283,0.00906387,0.00608833,0.00444992,0.00368743,0.00305811
1973,25.073839,5.1659630000000005,1.164,0.097928,0.0080468,0.00332777,0.00223508,0.00163359,0.00135367,0.00112264
1974,25.365922,5.341005000000003,1.163,0.0812926,0.00674048,0.00277627,0.00186477,0.00136295,0.00112941,0.000936655
1977,25.210193,4.945680000000002,1.164,0.0553969,0.00448038,0.00185918,0.00124884,0.000912766,0.000756364,0.000627278
1978,25.207905,4.940892000000001,1.164,0.347232,0.029834,0.012386,0.00831987,0.00608094,0.00503898,0.00417899
1979,26.781659,5.005369000000003,1.166,0.18473,0.0151984,0.00600903,0.00402785,0.00294322,0.00243884,0.0020226
1980,26.78967,5.023945999999998,1.166,2.20987,0.198768,0.0788424,0.0527346,0.0385203,0.0319176,0.0264699
1981,25.98245,6.383457000000003,1.167,0.0906689,0.00915787,0.00346875,0.00222012,0.00158392,0.00130141,0.00107384
1982,25.976676,6.390790999999995,1.167,0.303979,0.0264912,0.0108771,0.00729331,0.00532863,0.0044153,0.00366168
1983,26.990098,4.990672000000006,1.171,0.773741,0.0673478,0.0272891,0.0183153,0.0133856,0.011092,0.00919893
1984,26.712018,5.203818999999994,1.171,0.0684035,0.0115728,0.00984867,0.0077829,0.00566981,0.00440303,0.0032635
1985,26.640034,5.5462940000000005,1.175,0.0567575,0.00470013,0.00195106,0.00131055,0.000957875,0.000793744,0.000658279
1986,26.646875,5.537441999999999,1.175,0.202941,0.0178533,0.00726717,0.00486025,0.0035479,0.00293915,0.00243725
1987,26.637422,5.542293999999998,1.175,1.86187,0.144998,0.0602018,0.0404384,0.0295562,0.0244917,0.0203118
1989,26.769461,5.156370999999998,1.171,0.194514,0.021115,0.00721712,0.00452876,0.00321923,0.00264528,0.00218396
1990,26.757933000000005,5.153788000000001,1.171,0.350876,0.013222,0.00536617,0.00360419,0.00263427,0.00218289,0.00181035
1991,25.717841,6.2512719999999975,1.174,0.0941133,0.00890899,0.00351928,0.00229547,0.00165714,0.00136837,0.00113289
1992,25.698497,6.252384000000005,1.174,0.39286,0.0337861,0.0139578,0.00937508,0.00685217,0.00567805,0.004709
1995,26.254944,5.260207999999999,1.175,0.325907,0.0276637,0.0114867,0.00771581,0.00563943,0.00467312,0.00387558
1996,26.586605,5.439497000000001,1.173,0.0971067,0.00861282,0.00343024,0.00229062,0.00167193,0.00138509,0.00114859
1997,26.585364,5.440287999999999,1.173,0.0874836,0.00750481,0.00310967,0.00208865,0.00152657,0.00126499,0.0010491
1998,24.885165,6.582922,1.177,0.058206,0.00496241,0.00198386,0.00133141,0.000973062,0.000806325,0.000668712
1999,24.883635,6.583936000000001,1.177,0.0578924,0.0052894,0.00211548,0.00139715,0.00101324,0.00083745,0.000693493
2000,24.873177,6.5849910000000005,1.177,0.428081,0.0363507,0.0149721,0.0100552,0.00734917,0.00608989,0.00505055
2001,26.844199,4.948026999999995,1.185,0.510408,0.130819,0.160423,0.148568,0.122674,0.102516,0.0813552
2004,26.648445,6.625800999999995,1.178,0.293045,0.0249812,0.0103731,0.00696773,0.00509267,0.00422004,0.00349982
2005,26.596581,6.582010999999998,1.181,0.793658,0.0680454,0.0282554,0.0189796,0.013872,0.0114951,0.00953326
2006,26.539645000000004,6.695062999999998,1.195,0.222114,0.0188123,0.00781164,0.00524719,0.00383514,0.00317799,0.00263561
2010,26.476903,6.724881000000002,1.195,0.124703,0.0088506,0.00364826,0.00245048,0.00179104,0.00148415,0.00123085
2012,26.490853,6.0580620000000005,1.203,0.0511141,0.00398551,0.00160484,0.00107629,0.000786472,0.000651688,0.000540461
2013,26.720229,5.419012999999997,1.203,0.163521,0.0133446,0.00549528,0.00369075,0.00269752,0.0022353,0.00185381
2014,26.610791,6.016067000000002,1.203,3.04706,0.262741,0.108963,0.0731798,0.0534849,0.04432,0.036756
2015,26.883557,5.418076999999998,1.207,0.0988616,0.0102282,0.00349141,0.00228381,0.00166106,0.00137544,0.00114044
2016,26.890664,5.421907000000003,1.207,0.0849279,0.0214334,0.0146842,0.0096853,0.00607506,0.00433595,0.00298732
2017,26.880608000000002,5.422364000000003,1.207,1.78675,0.161585,0.0640671,0.0426879,0.0311425,0.0257976,0.0213923
2018,26.363999,6.335827000000001,1.203,0.0953559,0.0108714,0.00422493,0.00258672,0.00177068,0.00142548,0.00115863
2019,26.360786,6.333019999999996,1.203,0.148309,0.0128138,0.00525577,0.00352763,0.00257804,0.00213627,0.00177167
2020,26.983698,5.595105999999995,1.211,0.268931,0.0231663,0.00960661,0.00645257,0.00471612,0.00390802,0.00324105
2021,26.990993,5.591288,1.211,1.27953,0.110007,0.045565,0.0306042,0.0223682,0.0185354,0.0153721
2022,26.981177,5.595949999999998,1.211,0.132066,0.0108808,0.00451688,0.00303405,0.00221757,0.00183759,0.00152398
2023,26.590813,5.433411999999999,1.21,0.0587459,0.00501915,0.00208299,0.00139917,0.00102264,0.000847412,0.000702787
2024,26.857177,5.958892000000007,1.208,0.0779878,0.00682218,0.00277668,0.00186111,0.00135974,0.00112668,0.00093438
2026,26.580174000000003,6.401048999999997,1.213,0.401643,0.0346305,0.014296,0.00960125,0.00701741,0.00581497,0.00482255
2027,26.595409,6.397885999999996,1.213,0.175269,0.0150669,0.00624788,0.00419677,0.00306739,0.00254179,0.00210799
2028,26.593881,6.401292999999995,1.213,0.130499,0.0110799,0.00457382,0.00307181,0.00224513,0.00186043,0.00154292
2029,26.58478,6.395266000000005,1.213,0.0596953,0.0037485,0.00155618,0.00104531,0.00076401,0.000633098,0.000525049
2032,26.161044,5.588761999999999,1.214,0.0674836,0.00574843,0.00237834,0.00159741,0.00116753,0.00096747,0.000802356
2033,26.148849,5.603632999999997,1.214,0.959898,0.0826372,0.034314,0.0230492,0.0168465,0.0139599,0.0115774
2034,26.15521,5.598538000000003,1.214,0.33167,0.0287426,0.01186,0.00796164,0.00581858,0.00482152,0.00399864
2035,26.890098,6.117887000000005,1.209,0.522301,0.0444878,0.0184527,0.0123948,0.00905924,0.00750695,0.00622577
2036,26.890583,6.112804999999999,1.209,0.0966226,0.00830009,0.00343927,0.00231006,0.0016884,0.00139909,0.00116031
2037,26.894936,6.112086000000006,1.209,0.0875923,0.0076458,0.00313887,0.00210145,0.00153406,0.00127077,0.00105371
2040,26.767634,6.008005999999998,1.221,0.743956,0.0638976,0.0264666,0.0177753,0.0129916,0.0107654,0.00892813
2041,26.757478,6.01606,1.221,0.053851,0.00460961,0.00191371,0.00128547,0.000939538,0.000778549,0.000645677
2042,26.667528,4.801348999999997,1.218,0.734453,0.0536335,0.0221879,0.0149038,0.0108931,0.00902655,0.00748602
2043,26.786142,5.2003180000000055,1.218,0.151008,0.012856,0.00532107,0.00357375,0.00261198,0.00216442,0.00179502
2044,26.244594,5.020411000000003,1.229,0.0613978,0.00525574,0.00218239,0.00146594,0.00107145,0.000887854,0.000736328
2046,26.525911000000004,5.0033829999999995,1.227,0.112811,0.00962221,0.0039953,0.0026837,0.0019615,0.0016254,0.001348
2047,26.537457000000003,5.010610000000002,1.227,0.0506291,0.00480377,0.00184859,0.00120942,0.000874668,0.000722518,0.000598211
2048,26.679612,5.497442000000001,1.229,0.110394,0.00898005,0.00368186,0.00247182,0.00180651,0.00149695,0.00124147
2049,26.108307,4.8557790000000045,1.229,1.88852,0.161685,0.0669707,0.0449812,0.0328761,0.0272428,0.0225934
2051,26.590582,5.605166000000002,1.226,0.113293,0.0097988,0.00384319,0.0025781,0.00188416,0.0015613,0.00129484
2052,26.242696,4.968213999999995,1.228,0.330905,0.027283,0.0113261,0.00760791,0.00556057,0.00460777,0.00382138
2055,26.37,4.965864999999995,1.23,0.0636034,0.00539676,0.00223661,0.00150232,0.00109803,0.000909886,0.000754599
2056,26.370669,4.968429999999997,1.23,0.0625636,0.00558267,0.00221379,0.00148127,0.00108204,0.000896575,0.000743547
2060,26.475219,5.014838000000002,1.228,1.57948,0.162073,0.0644639,0.0406446,0.0285498,0.0232951,0.0191343
2061,26.470452,5.011434999999993,1.228,12.049,1.03599,0.430052,0.288872,0.211135,0.174957,0.145098
2062,26.483345000000003,5.029176000000004,1.228,1.57596,0.127093,0.0525275,0.0352827,0.0257879,0.0213691,0.0177222
2066,25.97301,6.846390000000007,1.231,0.141409,0.0118728,0.00491,0.00329781,0.00241033,0.00199732,0.00165645
2067,25.975483,6.842875000000001,1.231,0.0901092,0.00768549,0.0031913,0.00214364,0.00156677,0.00129831,0.00107673
2068,24.999823,5.072407000000004,1.231,0.337028,0.02923,0.0119429,0.00801548,0.00585791,0.00485411,0.00402567
2069,25.008986,5.071323999999996,1.231,0.16086,0.0138419,0.00574277,0.00385745,0.00281938,0.00233628,0.00193756
2070,25.076598,5.528958000000001,1.235,1.21681,0.103864,0.0431003,0.0289508,0.0211599,0.0175342,0.0145417
2071,25.689221,4.879605999999996,1.237,0.180326,0.0148568,0.00613972,0.00412357,0.00301384,0.00249742,0.00207119
2072,25.686551,4.882337000000006,1.237,0.0551116,0.00483245,0.00197269,0.00131929,0.000962815,0.000797522,0.000661286
2075,26.586042,4.963290999999995,1.237,6.09507,2.52962,1.53956,0.864212,0.460297,0.296008,0.185167
2076,26.566902,4.964845999999998,1.237,0.174172,0.0149977,0.00622738,0.00418302,0.00305734,0.00253347,0.00210109
2081,26.772131,7.003793999999999,1.237,26.778,2.21944,0.921438,0.618943,0.452382,0.374866,0.310889
2082,26.757007,5.144716999999998,1.244,0.133531,0.0113357,0.00470633,0.00316131,0.00231058,0.00191466,0.0015879
2083,26.754045,5.151774000000002,1.244,0.089542,0.00753721,0.00310314,0.0020838,0.00152298,0.00126202,0.00104663
2084,26.772232000000002,5.148316999999997,1.244,0.0629574,0.0054023,0.00224198,0.00150596,0.0011007,0.000912095,0.000756431
2088,25.664297,6.629559999999998,1.241,0.0854374,0.007589,0.00301519,0.0020206,0.00147649,0.00122347,0.00101466
2089,25.412749,6.569183,1.246,0.168241,0.0143316,0.00595103,0.00399739,0.00292167,0.00242104,0.00200785
2095,25.465203,6.276924999999995,1.247,1.39629,0.120177,0.0498944,0.0335148,0.0244957,0.0202984,0.0168342
2105,26.101871,5.803452000000006,1.258,0.201096,0.0172255,0.00715244,0.0048044,0.0035115,0.00290981,0.0024132
2106,26.105448,5.801597,1.258,0.136803,0.011635,0.00482899,0.0032437,0.0023708,0.00196456,0.00162928
2107,26.106401000000005,5.8081059999999995,1.258,0.230874,0.0560457,0.0409746,0.0275516,0.0173611,0.0123599,0.00846075
2113,26.468709,6.625733000000006,1.265,1.31941,0.106482,0.0442146,0.0296996,0.0217072,0.0179877,0.0149178
2114,26.210308,5.360813000000006,1.271,0.101016,0.00864673,0.00359041,0.00241173,0.00176272,0.00146068,0.00121139
2118,26.1919,5.651400999999997,1.263,0.349447,0.0306114,0.0123089,0.00825899,0.00603593,0.00500165,0.00414803
2119,26.196666,5.654161999999999,1.263,0.0656852,0.00555867,0.00230778,0.00155017,0.00113301,0.000938868,0.000778635
2124,26.069552,5.567417,1.274,0.0749699,0.00581232,0.00233712,0.00156945,0.00114709,0.000950534,0.00078831
2125,27.038322,6.190199999999999,1.277,0.96336,0.116103,0.0598887,0.0396872,0.0268971,0.0208365,0.0160072
2126,26.147241,4.803072999999995,1.277,0.167356,0.0191807,0.00604049,0.00374888,0.00266673,0.00219437,0.00181385
2128,26.019969,5.384871999999999,1.276,0.0595003,0.00511532,0.00212404,0.00142675,0.0010428,0.00086412,0.000716644
2129,26.032653,5.388177000000001,1.276,0.174515,0.0150046,0.00622175,0.00417914,0.0030545,0.00253111,0.00209914
2130,27.0345,6.124836000000001,1.274,0.22462,0.0188639,0.00783308,0.00526159,0.00384566,0.00318671,0.00264285
2131,27.031928,6.115004000000004,1.274,0.317797,0.0266582,0.0108946,0.00731464,0.005346,0.00442995,0.00367391
2132,24.999538,5.515168999999994,1.287,0.0508742,0.00430989,0.00178672,0.00120012,0.00087716,0.000726859,0.000602809
2133,26.081205,5.028038999999999,1.285,0.140047,0.012055,0.00499474,0.00335492,0.00245208,0.00203192,0.00168514
2134,26.088081,5.026679000000003,1.285,0.212575,0.0180995,0.00750326,0.00504001,0.00368371,0.00305251,0.00253155
2138,26.956897,7.138501999999994,1.283,0.174257,0.0113777,0.00449824,0.00301686,0.00220463,0.00182683,0.00151505
2139,27.144291,4.857126,1.283,0.0702352,0.00603736,0.00250697,0.00168397,0.0012308,0.0010199,0.000845841
2140,27.089726,5.237876999999995,1.28,0.0716761,0.00620034,0.00256146,0.00171992,0.00125701,0.00104162,0.000863849
2141,27.098996,5.234788000000006,1.28,0.153443,0.0130866,0.00543344,0.00364972,0.00266756,0.00221047,0.00183322
2142,26.850922,7.052940000000003,1.281,0.943557,0.0724941,0.0301014,0.0202196,0.0147783,0.0122461,0.0101561
2143,27.030981,5.227526999999998,1.281,0.0862497,0.0072441,0.00297619,0.00199903,0.00146108,0.00121072,0.00100409
2146,25.212234,5.919725999999999,1.284,4.32112,0.380161,0.146162,0.0977836,0.0714362,0.0591928,0.04909
2147,25.213579,5.908939999999996,1.284,0.385297,0.0329575,0.0136812,0.00918983,0.00671679,0.00556587,0.00461597
2148,25.214499,5.909177000000004,1.284,0.206521,0.0598714,0.0344835,0.0189813,0.0101357,0.00665926,0.00435984
2149,27.009095,6.899588000000003,1.294,0.0598176,0.00516667,0.00213934,0.0014363,0.00104965,0.000869768,0.00072132
2150,26.254969,5.138531000000004,1.29,0.416946,0.0421472,0.0157916,0.0101553,0.00730404,0.00602726,0.00498898
2151,26.026413,5.932421000000006,1.293,0.0794988,0.00681512,0.00282407,0.00189688,0.00138641,0.00114885,0.000952783
2152,26.031997,5.934616999999999,1.293,0.0525911,0.00445306,0.00184902,0.00124202,0.000907782,0.000752234,0.000623853
2157,25.816886,5.882635000000002,1.289,0.51166,0.0456879,0.0180113,0.0120348,0.00878799,0.00728117,0.00603826
2158,25.830069,5.876763000000003,1.289,3.98651,0.341812,0.141931,0.0953369,0.0696811,0.0577413,0.0478868
2167,25.949323,5.295484999999998,1.3,0.0820219,0.00703086,0.00291773,0.00195988,0.00143246,0.00118701,0.000984427
2197,25.116566,5.217242999999995,1.318,0.156155,0.014396,0.00590466,0.00386354,0.00277748,0.00228692,0.00188918
2198,25.108952,5.2308639999999995,1.318,0.0539929,0.00458675,0.00190015,0.00127625,0.00093279,0.000772956,0.000641038
2199,25.072877,7.180068,1.321,0.076128,0.00626433,0.00260118,0.00174725,0.00127705,0.00105823,0.000877627
2206,24.811215,5.1266580000000035,1.328,0.306305,0.0259463,0.0107259,0.00720426,0.00526553,0.00436328,0.00361862
2207,24.841043,7.187337000000003,1.325,0.0793412,0.00650814,0.00269898,0.00181294,0.00132507,0.00109802,0.000910623
2208,24.842832,7.185306,1.325,0.147338,0.012675,0.00526318,0.00353535,0.00258397,0.0021412,0.00177577
2210,27.002285,5.972035999999995,1.328,0.0825857,0.00709476,0.00294484,0.00197809,0.00144577,0.00119804,0.000993575
2211,26.998183,5.966675999999997,1.328,0.456293,0.032772,0.0135207,0.00908194,0.00663793,0.00550053,0.00456177
2212,24.980278000000002,6.874327000000003,1.328,0.225876,0.0194355,0.00801958,0.00538471,0.00393542,0.00326107,0.00270451
2216,26.690056,5.855894000000003,1.327,0.06944,0.00595922,0.0024639,0.0016549,0.00120955,0.00100229,0.000831235
2222,24.982538,6.500962000000003,1.337,0.145715,0.0125434,0.00520855,0.00349866,0.00255714,0.00211898,0.00175734
2223,25.541712,4.934574999999997,1.335,0.143928,0.0123581,0.00512904,0.00344523,0.0025181,0.00208662,0.00173051
2224,25.540723,4.934448999999995,1.335,0.0949481,0.00840692,0.00325751,0.00218,0.00159267,0.00131971,0.00109447
2225,25.061818,5.397669000000001,1.334,0.0541234,0.00360787,0.00144427,0.000969031,0.000708168,0.000586815,0.000486663
2226,25.073398,5.397389000000001,1.334,110.713,9.37766,3.894,2.61565,1.91176,1.58418,1.31382
2227,26.47314,5.970471999999994,1.334,0.143109,0.0108196,0.00449245,0.00301764,0.00220557,0.00182765,0.00151573
2228,25.659455,5.495217999999999,1.334,3.96418,0.336182,0.139585,0.0937612,0.0685294,0.0567869,0.0470953
2233,25.074788,5.451167000000001,1.334,0.947507,0.0815129,0.0338264,0.0227216,0.0166071,0.0137615,0.0114129
2234,25.638589,6.0798710000000025,1.338,0.0766955,0.00650774,0.00269369,0.00180934,0.00132243,0.00109584,0.000908814
2235,25.604174,4.974400999999994,1.337,0.155839,0.0138506,0.00568363,0.00377865,0.00274553,0.00226996,0.00187989
2245,24.881171,5.216651999999999,1.345,0.163795,0.0140362,0.00575324,0.00386356,0.00282381,0.00233995,0.0019406
2246,24.88987,5.211309000000004,1.345,0.616116,0.052788,0.0219198,0.0147239,0.0107616,0.00891759,0.00739566
2247,25.608838,6.074147999999994,1.339,0.379448,0.0324833,0.0134854,0.00905834,0.00662068,0.00548623,0.00454992
2251,25.004639,5.2218620000000024,1.343,0.160224,0.0135734,0.00563532,0.00378532,0.00276667,0.0022926,0.00190133
2252,25.012135,5.222523999999999,1.343,0.635649,0.0549111,0.0220251,0.0147827,0.010804,0.00895271,0.00742478
2253,25.00268,5.225260000000003,1.343,0.156612,0.0137559,0.00560186,0.00374508,0.002733,0.0022638,0.0018771
2258,27.035918,6.247461000000004,1.349,0.0619498,0.00523933,0.00217549,0.00146131,0.00106806,0.00088505,0.000734002
2259,24.989521,5.724860000000007,1.353,0.122076,0.0105111,0.00435821,0.00292737,0.00213959,0.00177298,0.00147039
2262,25.706302000000004,5.744065999999996,1.353,0.112907,0.00934994,0.00387932,0.00260579,0.00190456,0.00157821,0.00130886
2264,26.337698,5.163123000000005,1.348,0.409773,0.0342571,0.0142244,0.00955471,0.00698348,0.00578686,0.00479924
2265,26.335636,5.162934999999999,1.348,1.22176,0.139943,0.0520461,0.0316914,0.0219823,0.0178944,0.0146933
2266,26.341718000000004,5.1655339999999965,1.348,0.0928787,0.00796022,0.0033054,0.00222028,0.00162279,0.00134473,0.00111523
2267,25.387008,5.941842000000006,1.358,0.107616,0.00918149,0.00380532,0.00255605,0.0018682,0.00154808,0.00128388
2268,25.384206,5.932958000000005,1.358,0.227283,0.0195586,0.0081213,0.00545519,0.00398716,0.00330396,0.00274009
2269,25.382384,5.934830000000002,1.358,0.0582508,0.00474038,0.00196714,0.00132135,0.000965766,0.000800283,0.000663702
2270,25.4837,5.240234000000001,1.362,0.0553815,0.00476561,0.00195854,0.00131536,0.000961377,0.000796645,0.000660685
2271,25.490135,5.247236999999995,1.362,0.0560659,0.00482685,0.00200401,0.00134612,0.000983872,0.000815286,0.000676145
2272,25.476349,5.235805999999998,1.362,0.636113,0.0528691,0.021784,0.0146289,0.0106919,0.00885983,0.00734775
2274,25.078709000000003,7.111004999999995,1.358,0.751104,0.0604378,0.0246886,0.016579,0.0121173,0.010041,0.00832733
2275,25.086928,7.110196000000002,1.358,0.199646,0.0171652,0.00712748,0.00478763,0.00349925,0.00289966,0.00240478
2276,25.336975,5.216685000000003,1.364,0.083195,0.0071591,0.00296942,0.00199459,0.00145783,0.00120803,0.00100186
2277,25.027464,7.136523000000006,1.358,0.197978,0.0172658,0.00708241,0.00474634,0.00346698,0.00287256,0.0023822
2278,25.022874,7.135712000000005,1.358,5.38651,0.461385,0.191582,0.128688,0.0940575,0.0779408,0.064639
2280,25.532286,4.848993000000004,1.362,0.0753055,0.0064147,0.00266366,0.00178922,0.00130773,0.00108365,0.000898706
2281,25.535454000000005,4.839340999999994,1.362,0.0562119,0.00481947,0.00200108,0.00134415,0.000982432,0.000814093,0.000675155
2282,25.520491,4.845921999999998,1.362,0.074722,0.00637566,0.00263755,0.00177161,0.00129485,0.00107298,0.00088986
2283,25.522502,4.841911999999994,1.362,0.384015,0.0278137,0.0112458,0.00755119,0.005519,0.00457332,0.00379281
2284,24.814961,5.576575999999994,1.362,0.193119,0.0166518,0.00668226,0.00447004,0.00326392,0.00270411,0.00224243
2285,24.823279,5.575005999999995,1.362,25.3186,2.14545,0.890839,0.598389,0.437359,0.362418,0.300565
2291,24.983818,5.3608749999999965,1.363,0.917439,0.07665,0.0318275,0.021379,0.0156258,0.0129483,0.0107385
2292,24.986792,5.349272999999998,1.363,0.183031,0.01575,0.00653999,0.004393,0.00321082,0.00266065,0.00220656
2293,25.065129,5.189500999999994,1.364,2.24413,0.204669,0.0794644,0.0530997,0.0387842,0.0321362,0.0266512
2299,25.085012,5.285566000000001,1.371,0.0648941,0.00559513,0.0023147,0.00155441,0.00113607,0.000941397,0.000780732
2306,24.951072,5.348673000000005,1.38,12.9398,1.10962,0.460763,0.309501,0.226213,0.187451,0.15546
2307,24.955534,5.362279000000001,1.38,0.166375,0.0143227,0.00594739,0.00399495,0.00291988,0.00241956,0.00200662
2308,25.183573,5.394179999999997,1.38,0.101431,0.00861692,0.00357779,0.00240325,0.00175652,0.00145554,0.00120713
2309,25.179425,5.390623000000003,1.38,0.0615716,0.00516034,0.002089,0.00140129,0.001024,0.000848516,0.000703698
2310,25.182781,5.400029999999999,1.38,0.468814,0.0403502,0.0167552,0.0112547,0.00822598,0.00681646,0.00565312
2311,27.197967,5.856467999999995,1.375,0.117522,0.009821,0.00407799,0.00273925,0.0020021,0.00165904,0.0013759
2316,27.010449000000005,5.352512999999998,1.383,0.0633971,0.00551625,0.00225888,0.00151592,0.00110784,0.000918005,0.00076133
2317,27.020668,5.355237999999997,1.383,0.0525749,0.0059226,0.00193778,0.00123365,0.000889529,0.000735197,0.000609141
2318,27.013702,5.348415000000003,1.383,0.122435,0.0104494,0.00433808,0.00291395,0.00212979,0.00176485,0.00146365
2322,26.667894,6.302571999999994,1.385,0.0515869,0.00683219,0.00281743,0.00166695,0.00108271,0.000842398,0.00066429
2323,26.665914,6.3190840000000055,1.385,0.31395,0.0268463,0.0111352,0.00747966,0.00546684,0.0045301,0.00375696
2324,26.665071,6.302935999999996,1.385,0.109689,0.00940935,0.00390711,0.00262446,0.0019182,0.00158952,0.00131824
2325,26.674301,6.305142000000004,1.385,1.96048,0.166955,0.0692943,0.0465459,0.0340201,0.0281908,0.0233796
2333,26.984893,4.896455999999994,1.385,0.0610349,0.00522864,0.00217111,0.00145836,0.00106591,0.000883267,0.000732523
2335,25.222862,7.1187430000000065,1.391,0.0716111,0.00615852,0.00239869,0.00160952,0.00117633,0.000974763,0.000808404
2336,25.85769,6.163305000000001,1.391,0.39689,0.0377522,0.0138645,0.00903533,0.00653405,0.00539861,0.0044706
2340,26.940641,4.818751000000003,1.386,0.256248,0.0219976,0.00904485,0.00607428,0.00443959,0.00367887,0.00305101
2342,25.130307,4.937884000000003,1.396,0.0603796,0.00516029,0.00214278,0.00143933,0.001052,0.00087174,0.000722964
2343,25.135508,4.939951999999999,1.396,0.128958,0.0118439,0.00464843,0.00307299,0.00223349,0.00184802,0.00153151
2344,25.129628,4.937943999999998,1.396,1.05949,0.0886222,0.0367986,0.0247182,0.0180663,0.0149707,0.0124157
2345,26.723046,6.622020000000005,1.401,0.186442,0.0158173,0.00653839,0.00439115,0.0032094,0.00265946,0.00220558
2350,26.3457,6.138669999999995,1.4,0.236689,0.01875,0.00775286,0.00520766,0.00380625,0.00315405,0.00261576
2351,26.336556,6.128225999999996,1.4,3.12305,0.268198,0.111366,0.0748064,0.0546755,0.0453069,0.0375745
2352,26.33628,6.1324799999999975,1.4,0.121655,0.0102562,0.00425842,0.00286044,0.00209068,0.00173244,0.00143677
2353,26.324806,6.128228000000004,1.398,1.98724,0.19069,0.0718975,0.0473175,0.0344043,0.02848,0.0236103
2354,25.81251,6.199860000000002,1.401,0.111532,0.013811,0.00551705,0.00325394,0.00215603,0.00171125,0.00137857
2355,25.804418,6.116237999999998,1.397,0.0736907,0.00630211,0.00261683,0.00175776,0.00128474,0.0010646,0.000882908
2356,25.804707,6.127649999999996,1.397,0.0929542,0.00804093,0.00326283,0.00218745,0.00159825,0.00132432,0.00109829
2357,26.638951,6.609937000000001,1.409,0.63306,0.0540248,0.0224117,0.0150542,0.011003,0.00911768,0.0075616
2358,27.010178,6.852503999999997,1.409,0.0657765,0.00665151,0.0026407,0.00167881,0.0011848,0.000968013,0.000795472
2359,27.006057,6.8516799999999956,1.409,0.0966498,0.00821924,0.00340831,0.00228939,0.0016733,0.00138658,0.00114994
2361,25.333716000000003,5.432609999999995,1.407,0.0532491,0.0044478,0.0018469,0.00124059,0.000906738,0.000751369,0.000623136
2362,25.111778,4.838159000000002,1.409,6.23923,0.537179,0.222578,0.149489,0.109258,0.0905368,0.0750852
2363,27.04083,6.760642999999997,1.414,0.0959742,0.00819063,0.00340103,0.00228452,0.00166974,0.00138363,0.00114749
2369,25.073640000000005,4.890581999999999,1.412,0.363474,0.0306194,0.0127117,0.00853859,0.0062408,0.00517144,0.00428885
2370,25.074336,4.892388999999994,1.412,0.101573,0.00870991,0.00361641,0.00242919,0.00177548,0.00147125,0.00122016
2371,24.939901,5.985958999999998,1.413,0.185215,0.0159587,0.00662038,0.00444687,0.00325018,0.00269327,0.00223362
2372,26.554224,6.695496999999997,1.412,3.40207,0.290713,0.120697,0.0810741,0.0592565,0.0491029,0.0407227
2373,26.546412,6.687159999999995,1.412,0.270484,0.0231535,0.0096099,0.00645507,0.00471797,0.00390955,0.00324232
2381,25.031217,4.933956000000005,1.428,14.6125,1.24709,0.511569,0.343517,0.251068,0.208047,0.17254
2385,24.850780000000004,6.585333999999995,1.431,0.668611,0.0565454,0.0234796,0.0157716,0.0115274,0.00955216,0.00792193
2386,24.847494,6.574567999999995,1.431,0.090306,0.00636302,0.00247467,0.00165749,0.00121099,0.00100344,0.000832177
2387,24.849604,6.578370000000003,1.431,0.108033,0.00930873,0.00385241,0.00258738,0.00189108,0.00156704,0.0012996
2389,25.746806,7.188511000000001,1.432,0.0573831,0.00958239,0.00573385,0.00368746,0.00232251,0.00169084,0.00121073
2396,25.519817,5.810366000000005,1.447,0.072423,0.0062669,0.00257019,0.00172446,0.00126013,0.00104418,0.000865962
2397,25.590518,6.172965999999995,1.449,0.148446,0.0127973,0.00530372,0.00356227,0.00260361,0.00215748,0.00178927
2398,25.753369,6.650508999999996,1.447,0.369628,0.0318205,0.0132132,0.00887552,0.00648706,0.00537551,0.00445809
2399,24.887448,7.126589,1.44,0.192838,0.016755,0.00685364,0.00460107,0.00336273,0.00278652,0.00231095
2403,25.866729,5.139332000000003,1.454,0.315459,0.0270269,0.0112184,0.00753555,0.00550768,0.00456394,0.00378503
2404,25.448048000000004,5.187206999999995,1.453,0.137147,0.0117504,0.00487903,0.00327731,0.00239537,0.00198492,0.00164616
2405,25.572347,5.003133999999995,1.455,0.0694731,0.00597905,0.00248276,0.00166771,0.00121892,0.00101006,0.000837673
2406,26.955177,6.410474,1.457,0.0986293,0.0178745,0.00785449,0.00440303,0.00262903,0.00192585,0.00143248
2413,26.610372,5.029057999999996,1.464,0.0647761,0.00687411,0.0026952,0.00167808,0.00117234,0.000955376,0.000784483
2414,26.611957,5.021589999999995,1.464,0.252083,0.0206776,0.00858587,0.00576725,0.00421525,0.00349297,0.00289684
2417,26.780437,4.910394999999997,1.462,0.130602,0.0112392,0.00466523,0.00313369,0.00229039,0.00189793,0.00157402
2418,26.464671,5.003533999999998,1.473,0.0921142,0.00789069,0.0032709,0.00219701,0.00160578,0.00133063,0.00110353
2419,25.752412,6.840012000000003,1.471,0.0517469,0.00444883,0.00184669,0.00124045,0.000906635,0.000751284,0.000623065
2420,25.765609,6.8409909999999945,1.471,0.278684,0.0277333,0.0104682,0.00676158,0.00486767,0.00401677,0.00332445
2421,25.757786,6.838607999999999,1.471,0.139552,0.011996,0.00497785,0.00334362,0.00244383,0.00202508,0.00167947
2422,25.901162,6.497925000000004,1.475,0.496105,0.0647529,0.0442174,0.0332556,0.0239947,0.0188031,0.0142502
2423,25.685128,4.901176999999998,1.47,0.269043,0.0228824,0.00950009,0.00638135,0.00466409,0.0038649,0.00320529
2424,26.357925,4.903045000000005,1.476,1.61352,0.139504,0.0574249,0.0385584,0.028181,0.0233521,0.0193667
2425,25.638757,5.944747999999995,1.489,0.167785,0.0135626,0.00543962,0.00364708,0.0026649,0.00220819,0.00183131
2426,26.961719,7.170242000000002,1.493,0.155025,0.0138976,0.00556712,0.00371296,0.002709,0.00224406,0.00186084
2427,26.955311,7.165544000000001,1.493,0.0850901,0.00727476,0.00301676,0.00202636,0.00148105,0.00122727,0.00101782
2431,26.531256,6.454031999999994,1.498,0.0592887,0.00422338,0.00174901,0.00117482,0.000858664,0.000711533,0.000590098
2432,26.530332,6.460859000000005,1.498,0.0885814,0.00754301,0.00313209,0.00210387,0.0015377,0.00127422,0.00105675
2433,26.531013,6.454423000000001,1.498,0.065605,0.0111608,0.0112576,0.00996729,0.00800729,0.006598,0.00517438
2435,25.382175,5.705426999999998,1.499,0.05973,0.00451501,0.00187476,0.0012593,0.000920414,0.000762702,0.000632534
2436,25.3797,5.709007999999997,1.499,34.8374,3.01884,1.2331,0.827239,0.604504,0.50091,0.415418
2439,26.952394000000005,7.0753920000000035,1.507,0.336132,0.0291891,0.0120805,0.00809396,0.00590679,0.00489162,0.0040551
2440,26.276416,4.978451000000003,1.507,7.57216,0.610209,0.252264,0.169439,0.123841,0.102621,0.085107
2442,26.134858,4.989530999999998,1.514,0.0770667,0.00643631,0.00267235,0.00179506,0.001312,0.00108719,0.000901641
2443,26.138055,4.988277000000001,1.514,4.89382,0.41734,0.173295,0.116405,0.0850793,0.070501,0.0584689
2452,24.955972000000003,5.225566000000005,1.51,0.314637,0.0269433,0.0111876,0.00751488,0.00549257,0.00455143,0.00377465
2453,24.968311,5.222764999999998,1.51,0.58928,0.0426429,0.0177048,0.0118926,0.00869221,0.0072028,0.00597353
2454,24.960554,5.221254000000003,1.51,0.0609847,0.00496111,0.00205538,0.00138062,0.00100909,0.000836181,0.000693473
2455,26.80423,5.4744630000000045,1.524,0.15294,0.0122531,0.00499189,0.00335236,0.00245019,0.00203035,0.00168384
2456,26.805474,5.472493000000001,1.524,0.41628,0.0331832,0.0137371,0.00922724,0.00674412,0.00558852,0.00463475
2457,26.803834,5.466586000000002,1.524,1.71397,0.144815,0.0571188,0.0382596,0.0279533,0.0231625,0.0192092
2458,26.274079,6.515156999999999,1.526,0.13424,0.0115264,0.00478611,0.0032149,0.00234975,0.00194712,0.00161481
2462,24.933956,5.808356999999999,1.521,0.0559065,0.00483745,0.00198873,0.00133508,0.000975731,0.000808534,0.000670543
2463,24.937741,5.811202999999994,1.521,0.0833364,0.00717989,0.00295216,0.00198256,0.00144902,0.00120073,0.000995805
2464,26.7914,6.031669000000003,1.531,0.108578,0.00928523,0.00385371,0.00258859,0.00189198,0.00156779,0.00130022
2465,26.788525,6.034153999999995,1.531,0.274171,0.0231998,0.00958654,0.0064386,0.00470588,0.00389953,0.00323401
2466,25.574782,4.837767999999995,1.537,1.12454,0.091914,0.0381653,0.0256362,0.0187373,0.0155267,0.0128768
2467,25.673726,6.554370000000002,1.537,0.110682,0.00949212,0.00394149,0.00264756,0.00193508,0.00160351,0.00132984
2468,25.668615,6.553692999999996,1.537,0.353727,0.0304528,0.0126452,0.00849398,0.0062082,0.00514442,0.00426645
2469,25.677196,6.542785999999999,1.537,0.375141,0.0321246,0.0133393,0.00896019,0.00654894,0.00542679,0.00450062
2470,25.705122,6.052751999999996,1.537,0.131115,0.0112274,0.00465704,0.00312818,0.00228637,0.0018946,0.00157126
2472,25.853007,5.542457999999998,1.537,0.117857,0.0101048,0.00419566,0.00281828,0.00205987,0.00170691,0.0014156
2473,25.85206,5.542826999999994,1.537,0.155949,0.0130121,0.00528439,0.00354817,0.00259327,0.00214891,0.00178217
2474,24.97475,5.426821999999997,1.532,0.0700639,0.00602848,0.00247678,0.00166198,0.00121448,0.00100634,0.00083458
2475,25.278162,6.732842999999996,1.533,0.37756,0.032441,0.0134668,0.00904581,0.00661152,0.00547864,0.00454363
2478,25.635317000000004,5.307944000000001,1.546,0.0582005,0.00499589,0.00206867,0.0013895,0.00101557,0.000841556,0.000697931
2479,25.633052,5.3121630000000035,1.546,0.266071,0.0225471,0.00936182,0.00628847,0.0045962,0.00380864,0.00315864
2480,25.62931,5.307289999999997,1.546,0.298187,0.0290484,0.011871,0.00765043,0.00541971,0.00442698,0.00363358
2481,25.645377,5.311571999999995,1.546,0.172253,0.0146736,0.0060931,0.00409282,0.00299142,0.00247884,0.00205579
2482,25.635203,5.311176999999998,1.546,1.12621,0.110343,0.041602,0.0268627,0.0192766,0.0158743,0.0131167
2483,25.462011,5.999374000000001,1.547,0.492644,0.0403681,0.016744,0.0112471,0.00822045,0.00681188,0.00564932
2484,25.455664,5.131687000000003,1.562,1.21368,0.109705,0.043091,0.0288044,0.0210383,0.017432,0.0144566
2486,25.33577,5.782814000000004,1.557,0.128554,0.0110301,0.00458013,0.00307654,0.00224862,0.00186332,0.00154532
2487,25.16447,7.191056000000001,1.552,0.975849,0.0821237,0.0341012,0.0229063,0.0167421,0.0138733,0.0115056
2488,25.172553,7.195848000000005,1.552,0.103154,0.00884234,0.00367092,0.00246581,0.00180224,0.00149343,0.00123855
2489,25.169162,7.190332000000001,1.552,0.0866156,0.00743026,0.00308522,0.00207239,0.0015147,0.00125515,0.00104094
2490,25.164069,7.189194999999995,1.552,0.484755,0.0400345,0.0166239,0.0111665,0.00816154,0.00676307,0.00560884
2491,25.159688,7.1852569999999965,1.552,0.0545484,0.00468401,0.00194468,0.00130627,0.000954741,0.000791147,0.000656125
2492,25.096954,6.598082999999999,1.554,0.0684745,0.00584261,0.00242609,0.00162964,0.00119109,0.000987,0.000818552
2493,24.950442,5.490970999999999,1.558,0.050463,0.00551675,0.00174655,0.0011437,0.000833037,0.000690028,0.000572209
2494,25.07329,4.867456999999998,1.57,0.222499,0.0167824,0.00696827,0.00468069,0.00342109,0.00283489,0.00235107
2495,25.060004,4.859167000000005,1.57,0.0525215,0.00412906,0.00171437,0.00115157,0.000841672,0.000697452,0.000578421
2496,25.10551,4.845897000000001,1.565,0.0524222,0.00431526,0.00179164,0.00120347,0.000879609,0.000728889,0.000604492
2497,25.299623,5.169249000000004,1.571,0.0523983,0.00450112,0.00186906,0.00125547,0.000917616,0.000760383,0.000630611
2498,25.201891,4.8548720000000065,1.565,0.0847275,0.00726876,0.00301793,0.00202719,0.00148166,0.00122778,0.00101824
2499,25.20204,4.860673000000006,1.565,0.428174,0.0361829,0.015013,0.0100844,0.00737064,0.00610769,0.00506531
2501,26.941435000000002,5.502417000000004,1.567,0.0585219,0.00486123,0.00201702,0.00135486,0.000990256,0.000820576,0.000680531
2502,25.862197,6.873504999999997,1.565,0.223831,0.0226972,0.00827827,0.00536942,0.00388571,0.00321316,0.00266258
2503,25.860261,6.872860999999995,1.565,0.0831486,0.00761136,0.0026861,0.00179292,0.00130973,0.00108526,0.000900036
2505,25.126054,4.839832000000001,1.564,0.0886127,0.00749595,0.00311257,0.00209076,0.00152812,0.00126628,0.00105017
2506,25.123904,4.840688000000002,1.564,0.486564,0.0414081,0.0171943,0.0115497,0.00844158,0.00699512,0.00580129
2507,25.125479000000002,4.847523999999997,1.564,0.0635686,0.00471129,0.00194044,0.00130336,0.000952616,0.000789386,0.000654664
2510,25.191269,5.307048999999998,1.576,0.0640593,0.00543717,0.00225774,0.00151656,0.00110844,0.00091851,0.000761751
2513,24.965102,6.997717000000003,1.578,0.123279,0.010607,0.00439671,0.00295316,0.00215843,0.00178859,0.00148333
2514,24.969146,7.0003639999999985,1.578,0.0699678,0.00594258,0.00246573,0.00165626,0.00121055,0.00100312,0.000831925
2515,25.247202,5.252806000000005,1.574,0.0737983,0.00635499,0.00262337,0.00176141,0.00128732,0.00106672,0.000884668
2516,25.253857,5.242625000000003,1.574,0.103866,0.00892437,0.00370579,0.00248923,0.00181936,0.00150762,0.00125032
2517,26.985761,5.4295140000000055,1.574,0.114942,0.00894274,0.00371149,0.00249306,0.00182216,0.00150993,0.00125224
2518,26.581958,5.670871,1.575,0.0566339,0.00485434,0.0019656,0.00131954,0.000964403,0.000799151,0.000662763
2521,25.940816000000005,6.467439000000005,1.588,0.150122,0.0124211,0.00515748,0.00346435,0.00253207,0.0020982,0.00174011
2522,26.3452,6.074306999999999,1.584,1.3471,0.116511,0.0479628,0.0322061,0.0235385,0.0195051,0.0161762
2523,26.349114,6.0750689999999965,1.584,0.123908,0.0106602,0.00441282,0.00296378,0.00216618,0.001795,0.00148866
2526,26.322492,6.099898000000006,1.586,0.0571239,0.00487181,0.00202088,0.00135744,0.000992143,0.00082214,0.000681829
2527,25.618923,5.163039000000004,1.591,0.0158925,0.0431492,0.116791,0.148275,0.157617,0.1538,0.142804
2531,26.794219000000002,5.447507999999998,1.598,0.179008,0.0153157,0.00635974,0.00427193,0.00312233,0.00258732,0.00214575
2533,26.676595,6.277719999999996,1.603,0.125712,0.0108868,0.00449199,0.00301404,0.00220231,0.00182483,0.00151335
2534,26.777891,5.294039999999997,1.605,1.24589,0.106982,0.0439925,0.0295422,0.0215917,0.017892,0.0148384
2535,26.720862,5.251802000000005,1.605,0.232085,0.0198327,0.00823069,0.00552866,0.00404086,0.00334846,0.00277699
2536,26.721955,5.246583000000005,1.605,1.14407,0.0949555,0.0394258,0.0264829,0.0193561,0.0160395,0.0133021
2537,25.293189,6.066862,1.601,5.32384,0.448815,0.186332,0.125162,0.09148,0.075805,0.0628676
2538,26.922849,5.329038,1.599,0.0506125,0.00493265,0.00204462,0.00131209,0.000925058,0.000754047,0.000618171
2539,26.778537,5.408497999999996,1.603,0.142542,0.0122567,0.00508953,0.00341871,0.00249871,0.00207056,0.00171719
2540,26.796035,5.413310999999995,1.603,0.103059,0.0107058,0.00413901,0.00261397,0.00184327,0.0015067,0.00123894
2543,25.102368,7.121737,1.598,11.5927,1.01558,0.414907,0.278031,0.203113,0.168296,0.13957
2545,26.716745,6.155734000000001,1.609,0.0908194,0.00753377,0.0031262,0.00209991,0.00153481,0.00127182,0.00105476
2546,26.596741,5.368188999999998,1.607,1.38437,0.11879,0.0493266,0.0331334,0.024217,0.0200674,0.0166426
2547,26.946527,5.276303999999993,1.616,0.0758821,0.00648273,0.00268815,0.00180566,0.00131974,0.00109361,0.000906964
2548,26.951176,5.273305000000005,1.616,0.150776,0.018916,0.00865455,0.00529337,0.00344414,0.00265511,0.00206505
2549,26.802142,5.212037999999999,1.606,0.0679555,0.00570731,0.00234336,0.00157322,0.00114977,0.000952749,0.000790145
2551,26.653249,5.364217999999997,1.609,0.109856,0.00949251,0.00392086,0.00263281,0.00192422,0.0015945,0.00132237
2554,26.756137000000003,5.178159999999997,1.609,5.12504,0.440017,0.182026,0.122261,0.089359,0.0740474,0.06141
2555,26.752897,5.178336999999997,1.609,0.0721871,0.00613459,0.00254721,0.001711,0.00125056,0.00103627,0.000859418
2556,26.761711,5.180585999999997,1.609,0.353904,0.0292025,0.0121252,0.00814466,0.00595288,0.00493286,0.00409099
2558,26.139149,6.2250299999999985,1.607,0.0924266,0.00795249,0.00326855,0.00219482,0.00160414,0.00132927,0.0011024
2559,26.140266,6.220846999999998,1.607,0.0775172,0.00661849,0.00274671,0.00184499,0.00134849,0.00111743,0.000926721
2563,24.980792,6.463115000000007,1.623,0.072546,0.00615144,0.00255417,0.00171567,0.00125397,0.00103911,0.000861767
2564,24.988879,6.460235999999997,1.623,0.0700437,0.00535059,0.00221518,0.00148794,0.00108752,0.000901178,0.000747377
2573,26.105804,6.450903000000001,1.629,0.38487,0.0317456,0.0131231,0.00881412,0.00644212,0.00533827,0.0044272
2574,26.150549000000005,5.195414999999994,1.633,0.295582,0.0242069,0.0100491,0.00675015,0.00493364,0.00408827,0.00339054
2575,26.156275,5.200842000000003,1.633,0.252591,0.0213074,0.00884584,0.00594188,0.00434288,0.00359873,0.00298455
2577,26.107413,6.1856780000000064,1.639,0.0793166,0.00619258,0.00257024,0.00172647,0.00126186,0.00104564,0.000867188
2578,26.099278,6.181997000000005,1.639,0.301229,0.0256399,0.0106467,0.00715153,0.00522701,0.00433136,0.00359215
2579,26.327369,5.219369999999996,1.63,1.15116,0.0906388,0.0373999,0.0251205,0.0183604,0.0152143,0.0126177
2586,26.711684000000005,5.059022999999995,1.644,0.0885112,0.00764787,0.00315342,0.00211684,0.00154701,0.00128191,0.00106312
2587,26.709269,5.054286000000005,1.644,0.0816268,0.00693036,0.00287523,0.00193129,0.00141157,0.0011697,0.000970069
2588,26.709833,5.053098000000002,1.644,0.307876,0.0263264,0.0109317,0.00734297,0.00536693,0.00444731,0.00368831
2589,26.716855,5.057684999999997,1.644,0.217508,0.0187138,0.00776948,0.00521887,0.00381444,0.00316083,0.00262139
2591,26.210168,6.131607999999997,1.647,0.0558776,0.00463254,0.00192363,0.00129213,0.000944409,0.000782585,0.000649024
2594,26.635683,4.917788000000006,1.642,0.664469,0.137627,0.0419069,0.0208875,0.0126615,0.00977603,0.00777498
2595,26.641243,4.917518000000007,1.642,0.457176,0.0422879,0.0143543,0.00939478,0.0068277,0.00565186,0.00468545
2596,25.527661,6.3004030000000055,1.66,0.188665,0.0161663,0.00671273,0.00450904,0.00329563,0.00273092,0.00226485
2599,26.786845,5.541279999999997,1.662,0.0249546,0.0931291,0.0588856,0.0331871,0.0173921,0.0107932,0.00625505
2600,26.479332,5.640007999999999,1.654,1.46724,0.184775,0.0980672,0.063934,0.0422536,0.0321805,0.0243432
2601,26.475966,5.646090000000002,1.654,29.9331,2.42431,1.00615,0.675843,0.493969,0.409328,0.33947
2603,25.614607,6.320889999999996,1.661,0.490975,0.0418881,0.0173832,0.0116765,0.00853427,0.00707192,0.00586499
2604,25.615431000000005,6.326169000000005,1.661,0.154153,0.0127686,0.00529902,0.00355942,0.00260156,0.00215578,0.00178786
2605,27.03689,5.892107,1.674,0.0723611,0.00619684,0.0025732,0.00172845,0.00126332,0.00104685,0.000868186
2606,27.038461,5.892874000000005,1.674,0.0562557,0.0062232,0.00203947,0.0013098,0.000947534,0.00078374,0.000649567
2607,25.683061000000002,6.180587000000003,1.665,0.213782,0.0145799,0.00587463,0.00394385,0.00288241,0.0023885,0.00198086
2608,24.959568,5.010868999999995,1.665,0.170438,0.0144891,0.00601106,0.00403766,0.0029511,0.00244543,0.00202808
2611,26.499581,5.193963000000004,1.666,0.559844,0.0467729,0.0187618,0.0125875,0.00919903,0.0076227,0.00632175
2612,25.581907,5.413192999999999,1.675,0.453729,0.0382785,0.0158908,0.0106741,0.00780163,0.00646482,0.0053615
2614,25.211368000000004,4.801943000000005,1.681,0.23397,0.0205123,0.00812067,0.00542694,0.00396246,0.00328292,0.00272247
2615,25.412683,5.472072999999994,1.677,0.0836407,0.00719163,0.00298627,0.00200592,0.00146612,0.0012149,0.00100756
2619,25.551385,6.307983000000004,1.681,0.0534859,0.00467571,0.0019171,0.00128234,0.000935609,0.000774861,0.000642417
2621,26.239621,5.522648,1.692,0.0675128,0.00596427,0.00239394,0.00160397,0.00117193,0.000971078,0.000805339
2622,26.190359,5.178824000000002,1.692,0.0613067,0.00525418,0.00217676,0.00146213,0.00106866,0.000885548,0.000734415
2624,25.439849,6.967118000000003,1.688,0.0687079,0.00587543,0.00241198,0.00161989,0.00118395,0.000981083,0.000813646
2625,25.440503,6.967298000000002,1.688,0.251283,0.0505037,0.0160631,0.00817118,0.00494255,0.00378698,0.0029861
2626,26.922971,6.077310000000003,1.69,0.472081,0.0415168,0.0169456,0.0113378,0.00827823,0.00685838,0.00568746
2627,26.214948,5.154609999999995,1.692,0.0675845,0.0761414,0.11614,0.10556,0.0828493,0.0661887,0.0496635
2628,26.215927,5.145319,1.692,0.0843759,0.00725573,0.00301003,0.00202184,0.00147775,0.00122454,0.00101555
2629,25.758207000000002,5.709312000000003,1.699,1.51342,0.107925,0.0367812,0.0244593,0.0178547,0.0147931,0.0122679
2630,25.759395,5.712581000000003,1.699,0.0864734,0.0256727,0.0291271,0.0247792,0.0188144,0.0148589,0.0111047
2631,26.00988,6.749331000000001,1.707,0.563069,0.0485049,0.0200873,0.0134912,0.00986046,0.00817086,0.00677637
2634,25.121487,5.149605000000001,1.71,1.82188,0.155223,0.0643551,0.0432277,0.0315948,0.0261811,0.0217128
2636,26.111466,5.756311000000004,1.71,0.183325,0.0155272,0.0064383,0.00432459,0.00316081,0.00261921,0.0021722
2637,25.481866,7.011357000000006,1.717,0.273425,0.0240743,0.00975652,0.00652213,0.00476035,0.0039434,0.00326993
2642,25.197546,5.0698479999999995,1.711,0.0694691,0.00541728,0.00224536,0.00150823,0.00110236,0.000913468,0.00075757
2643,25.543249,7.137362999999994,1.711,0.0838464,0.00862298,0.00316471,0.00203102,0.00146058,0.00120531,0.000997702
2647,26.106468000000003,6.143136999999999,1.713,0.591965,0.0488752,0.0201536,0.0135342,0.00989176,0.00819679,0.00679787
2652,25.662884,5.6421309999999965,1.717,0.0556442,0.00473014,0.00196416,0.00131936,0.000964308,0.000799074,0.000662699
2655,26.968364,6.5609349999999935,1.719,0.0569988,0.00422645,0.00171173,0.00114902,0.000839757,0.000695861,0.0005771
2658,26.138306,6.425543000000005,1.73,0.381233,0.0296343,0.0113307,0.00759651,0.00555147,0.00460019,0.00381508
2659,26.969241,6.003821000000003,1.723,0.37143,0.0319249,0.0132557,0.00890404,0.0065079,0.00539278,0.00447241
2660,25.250189,6.308115999999995,1.751,0.0635149,0.00513656,0.00213093,0.00143137,0.00104618,0.000866918,0.000718965
2661,25.243275000000004,6.304199000000003,1.751,4.29174,0.537128,0.22715,0.135465,0.0885595,0.0692428,0.0548999
2663,26.421558,6.520664000000006,1.756,0.0543438,0.00466763,0.00193754,0.00130147,0.000951234,0.000788241,0.000653715
2664,26.423744,6.529942000000001,1.756,0.0622689,0.00529609,0.00219821,0.00147657,0.00107921,0.00089429,0.000741665
2667,24.828169,6.596460999999998,1.762,0.0776395,0.00632459,0.00260868,0.00175221,0.00128067,0.00106123,0.000880115
2668,24.975084,6.112224000000004,1.771,0.117541,0.0101027,0.00419486,0.00281774,0.00205947,0.00170658,0.00141533
2670,26.169301,6.375543999999999,1.784,0.0697626,0.00566661,0.00234176,0.0015728,0.00114953,0.000952562,0.000789991
2671,24.847884,6.614899999999994,1.773,0.77155,0.0662385,0.0274995,0.0184718,0.0135009,0.0111876,0.00927821
2672,25.264989,4.803494999999997,1.778,0.0822627,0.00704466,0.00292524,0.00196492,0.00143615,0.00119007,0.000986963
2676,25.968845,7.196012000000004,1.792,0.0832687,0.00645313,0.00267914,0.00179962,0.00131533,0.00108995,0.00090393
2677,26.070552000000003,5.869453999999995,1.791,2.48244,0.213431,0.0886195,0.059527,0.0435079,0.0360528,0.0298998
2678,26.147167,6.315701,1.786,0.0617214,0.00790026,0.00290454,0.00170019,0.00114335,0.000918285,0.000747371
2683,26.335739000000004,6.078321000000006,1.8,5.17743,0.417472,0.173179,0.116327,0.0850223,0.0704538,0.0584297
2684,26.335597,6.084894000000004,1.8,0.129634,0.011053,0.00458969,0.00308296,0.00225332,0.00186721,0.00154854
2685,26.339911,6.082551000000001,1.8,0.0597619,0.00495883,0.00205267,0.00137876,0.00100773,0.000835053,0.000692538
2689,25.66057,6.509804999999995,1.824,0.0674984,0.00507579,0.00210713,0.00141539,0.0010345,0.000857237,0.000710935
2690,25.657951,6.5099629999999955,1.824,0.471889,0.0387412,0.0160868,0.0108058,0.00789786,0.00654457,0.00542763
2691,25.493958,6.687152000000002,1.813,0.297545,0.025573,0.0104926,0.00703775,0.00514199,0.00426059,0.00353333
2694,26.354659,7.087853000000001,1.848,30.2618,2.58075,1.07162,0.719824,0.526115,0.435965,0.361561
2696,24.839176,6.702597999999996,1.841,0.0596824,0.00499207,0.00207271,0.00139227,0.0010176,0.000843235,0.000699324
2697,24.840024,6.713199000000006,1.841,0.0587487,0.00350061,0.00145357,0.000976382,0.000713631,0.000591351,0.000490427
2698,24.890201,6.795948000000005,1.842,0.076982,0.00659073,0.00273595,0.00183777,0.00134321,0.00111305,0.000923092
2699,24.893390000000004,6.798454000000003,1.842,0.102908,0.0088391,0.00366962,0.00246494,0.00180161,0.0014929,0.00123811
2700,24.893941,6.794901,1.842,2.15165,0.185404,0.0755124,0.050637,0.0369987,0.0306574,0.0254248
2701,27.157206,5.431303000000005,1.851,0.693509,0.0582671,0.0241747,0.0162384,0.0118686,0.00983489,0.00815641
2702,26.941277,6.924956999999997,1.859,0.0526402,0.00461357,0.00187334,0.00125206,0.000913575,0.000756689,0.000627405
2703,26.956441,6.915635999999998,1.859,0.214524,0.0183982,0.00754537,0.00506579,0.00370236,0.00306795,0.00254435
2705,24.994425,6.6558810000000035,1.866,0.117693,0.00985721,0.00409314,0.00274942,0.00200953,0.0016652,0.00138101
2707,25.684321,7.067046000000005,1.867,0.786824,0.0676141,0.0280761,0.0188591,0.013784,0.0114221,0.00947275
2708,25.689681,7.0710269999999955,1.867,0.0668013,0.00572795,0.0023782,0.00159747,0.00116758,0.000967514,0.000802392
2713,25.208868,6.343103999999997,1.868,0.28015,0.0240559,0.00998906,0.0067098,0.00490415,0.00406382,0.00337027
2715,26.577833,5.431155000000006,1.885,0.0593607,0.00510177,0.00211845,0.001423,0.00104006,0.000861845,0.000714757
2716,26.575351,5.436969000000005,1.885,0.225313,0.0316478,0.0084712,0.0051927,0.0037205,0.00307294,0.00254579
2717,25.795329,6.028673000000001,1.907,0.129426,0.0110982,0.00460842,0.00309554,0.00226251,0.00187483,0.00155486
2719,25.648303,7.071638999999998,1.905,0.0765843,0.00649734,0.00269798,0.00181227,0.00132458,0.00109761,0.000910286
2720,25.644795,7.078211000000005,1.905,0.165178,0.0143766,0.00579983,0.00388485,0.00283789,0.00235142,0.00195005
2722,26.788684,5.219844,1.904,1.78777,0.153892,0.0639026,0.0429243,0.0313731,0.0259973,0.0215604
2723,25.863758,6.120188000000007,1.907,0.0740329,0.00637091,0.00264548,0.00177701,0.0012988,0.00107625,0.000892573
2724,24.927160000000004,7.028705000000002,1.896,0.13555,0.0115596,0.00480003,0.00322425,0.00235658,0.00195278,0.00161951
2725,26.625551,5.436003999999993,1.922,0.111149,0.00826929,0.00343375,0.0023065,0.0016858,0.00139694,0.00115853
2726,26.6227,5.4295610000000005,1.922,0.0953514,0.00786284,0.00326475,0.00219298,0.00160284,0.00132819,0.00110151
2727,26.342108000000003,5.174699000000002,1.923,0.109584,0.00946669,0.00391709,0.00263017,0.00192225,0.00159285,0.001321
2729,26.350783,5.1858160000000035,1.925,0.0552087,0.00395138,0.00164019,0.00110174,0.000805253,0.000667273,0.000553392
2730,26.347405,5.187752,1.925,17.6895,1.47968,0.612159,0.411184,0.300532,0.249036,0.206534
2731,26.138856,6.270502999999996,1.931,0.405769,0.0349814,0.0143987,0.00966975,0.00706746,0.00585645,0.00485695
2732,25.320395,6.668690999999995,1.937,24.5536,2.10121,0.872505,0.586074,0.428358,0.354959,0.294379
2733,25.319945,6.664009000000005,1.937,0.0677601,0.00580439,0.00240593,0.00161606,0.00118116,0.000978771,0.000811728
2734,26.551889,4.904252999999998,1.937,0.142013,0.0120159,0.00498558,0.00334889,0.00244768,0.00202827,0.00168211
2736,24.909858,6.216460000000005,1.931,0.05076,0.00409691,0.00170116,0.0011427,0.000835188,0.000692079,0.000573965
2737,24.914588,6.216450999999995,1.931,0.210092,0.0186898,0.00748777,0.00500384,0.00365319,0.00302662,0.0025099
2738,25.87239,4.810839000000003,1.931,5.4687,0.458305,0.190283,0.127816,0.0934198,0.0774124,0.0642007
2739,26.337057,6.420296999999999,1.943,0.0560779,0.00463342,0.00192371,0.00129218,0.000944448,0.000782618,0.000649051
2740,25.964646000000002,6.912755999999997,1.945,0.11732,0.00999837,0.00415059,0.002788,0.00203773,0.00168857,0.00140039
2741,25.958170000000003,6.9731760000000005,1.944,0.16156,0.0142805,0.00466954,0.00302742,0.00219289,0.00181365,0.0015029
2742,26.948893,6.596199000000005,1.948,0.193725,0.0166074,0.00689606,0.00463218,0.00338563,0.00280551,0.0023267
2743,25.509208,4.8403589999999985,1.941,0.0901805,0.0562239,0.0382747,0.0222719,0.0120068,0.0076558,0.00464912
2744,25.509850000000004,4.840322999999996,1.941,198.575,16.9813,7.04091,4.72946,3.45673,2.86442,2.37556
2745,26.712437,5.241251000000003,1.948,3.06477,0.262394,0.108956,0.0731872,0.0534921,0.0443262,0.0367613
2746,26.738911,6.2422810000000055,1.948,0.361221,0.0311619,0.0128511,0.00863101,0.0063083,0.00522737,0.00433524
2749,26.939048,6.565786000000003,1.949,0.28821,0.0248811,0.0102885,0.00690936,0.00504988,0.00418457,0.00347041
2750,25.526102,6.753343,1.95,1.71141,0.147015,0.061047,0.0410062,0.0299711,0.0248356,0.020597
2751,26.577941,6.460322000000006,1.968,0.60776,0.0495233,0.020563,0.0138125,0.0100954,0.00836559,0.00693787
2752,26.579092000000003,6.461197999999997,1.968,0.645186,0.0532111,0.02189,0.0146974,0.0107415,0.00890091,0.0073818
2753,26.90036,5.0891990000000025,2.007,0.101912,0.00872034,0.00362105,0.00243231,0.00177776,0.00147314,0.00122173
2754,26.897784000000005,5.097574000000001,2.007,0.0594033,0.00510419,0.00211948,0.00142369,0.00104056,0.000862263,0.000715104
2755,26.271306,5.395526000000001,2.025,0.279412,0.0237389,0.00985742,0.00662137,0.00483952,0.00401027,0.00332585
2756,25.429003,5.1121430000000005,2.016,0.132054,0.0110467,0.00444278,0.00297982,0.00217753,0.00180437,0.00149642
2757,26.54203,5.255760999999998,2.036,0.0604966,0.00499108,0.00207143,0.00139141,0.00101697,0.000842715,0.000698892
2758,26.548619,5.254856999999999,2.036,0.711407,0.060892,0.025273,0.0169761,0.0124077,0.0102817,0.00852695
2759,26.551536,5.2466389999999965,2.036,0.221334,0.0189585,0.00786533,0.00528323,0.00386148,0.00319982,0.00265372
2760,26.56939,5.815198000000001,2.047,0.0677119,0.00568464,0.00235716,0.00158333,0.00115725,0.000958952,0.000795291
2761,25.37448,4.985466999999997,2.092,0.193362,0.0162291,0.00673904,0.00452671,0.00330854,0.00274163,0.00227372
2762,25.374201,4.981473999999997,2.092,1.92898,0.16393,0.0680238,0.0456924,0.0333963,0.0276738,0.0229508
2763,25.378773000000002,4.983610999999999,2.092,0.0506691,0.00444206,0.00171262,0.00114796,0.000838909,0.000695155,0.000576514
2764,25.382608,4.9872389999999935,2.092,0.112223,0.00955181,0.00396633,0.00266424,0.00194728,0.00161361,0.00133822
2765,25.051713,6.175446999999997,2.114,0.0820457,0.00816511,0.00307541,0.0019812,0.00142048,0.00116958,0.000966397
2766,25.313758,5.966504000000003,2.159,0.0585135,0.00487979,0.00202626,0.00136107,0.000994795,0.000824337,0.000683651
2767,25.549156,5.3736039999999985,2.162,0.0547148,0.00470991,0.00195565,0.00131364,0.000960128,0.000795611,0.000659827
2770,26.385107000000005,5.207103000000002,2.171,0.019701,0.0545306,0.0591612,0.0448189,0.0303177,0.022129,0.0151702
2771,25.537733,5.405083999999996,2.18,0.141633,0.0120228,0.0049923,0.0033534,0.00245098,0.002031,0.00168438
2772,25.185121,6.963560999999997,2.177,0.0944939,0.00788362,0.00326666,0.00219424,0.00160375,0.00132895,0.00110214
2773,25.490332,5.3696470000000005,2.188,0.675292,0.0647965,0.0245784,0.016185,0.011771,0.0097449,0.00807899
2774,25.497605,5.3721290000000055,2.188,29.854,11.9995,13.0393,10.457,7.50316,5.70932,4.10398
2775,24.823816,7.046202000000002,2.197,4.61788,0.395495,0.164227,0.110313,0.0806273,0.0668119,0.0554094
2776,26.032818000000002,5.005768000000002,2.195,1.31011,0.111925,0.0464733,0.0312168,0.0228162,0.0189066,0.0156799
2780,26.568535,6.198995999999996,2.2,0.0958761,0.00891023,0.00345241,0.00227583,0.00165238,0.00136678,0.0011325
2781,26.550273,4.911657,2.202,0.126633,0.0104102,0.00432001,0.00290181,0.00212091,0.0017575,0.00145755
2787,26.840279,5.123342999999999,2.232,0.266942,0.02508,0.00956389,0.00633371,0.00461441,0.00382151,0.00316866
2789,25.612960000000005,5.6539809999999955,2.266,0.0824899,0.00698259,0.00289838,0.00194688,0.00142296,0.00117914,0.000977898
2790,26.683368,5.622017000000005,2.323,0.0572722,0.00489933,0.00202375,0.00135917,0.000993392,0.000823174,0.000682686
2793,25.190809000000005,7.015217000000002,2.384,0.0914548,0.00798235,0.00277368,0.00185476,0.00135523,0.00112299,0.000931331
2795,26.192323,5.492308999999997,2.408,0.339119,0.0290068,0.0120449,0.00809073,0.00591346,0.0049002,0.0040639
2796,25.642638000000005,6.529897000000001,2.432,0.139086,0.0118196,0.004908,0.00329678,0.00240959,0.00199671,0.00165594
2797,24.908771,6.4970730000000065,2.474,0.00491272,0.047178,0.0689102,0.0610812,0.0472792,0.0375855,0.0281411
2800,26.24174,5.021886999999999,2.666,0.196314,0.016738,0.00695033,0.00466864,0.00341228,0.00282759,0.00234501
2801,25.543993,5.2243310000000065,2.742,0.0528741,0.00452014,0.00187695,0.00126078,0.000921494,0.000763597,0.000633276
2803,25.952073,7.164297000000006,0.06313,2.57918,0.232559,0.0929958,0.0618019,0.0450233,0.037281,0.0309089
2807,26.303914,6.492307999999995,0.12981,11.1391,0.984113,0.396711,0.265738,0.19415,0.160875,0.133418
2808,26.281627000000004,6.770723999999999,0.13121,3.22733,0.359178,0.131818,0.0811031,0.0570218,0.046733,0.0385524
2809,27.032168,6.057651000000004,0.13179,1.04577,0.0899164,0.0372703,0.0250344,0.0182975,0.0151622,0.0125745
2810,24.800776,5.157546000000001,0.13547,3.72678,0.320595,0.133117,0.0894163,0.0653538,0.0541555,0.044913
2812,26.148642,5.146758999999994,0.14376,2.63802,0.227285,0.0943517,0.0633767,0.0463216,0.0383844,0.0318335
2813,26.359337,6.431058999999996,0.14422,2.57084,0.231328,0.0919157,0.0613586,0.0447954,0.0371136,0.0307781
2814,26.429187,6.846604000000001,0.14524,0.547161,0.0529927,0.0195446,0.0127954,0.00928817,0.00768584,0.00637063
2815,25.712328,5.729580999999997,0.15123,0.691855,0.0650626,0.0262077,0.0170643,0.0122526,0.0100873,0.00833317
2816,26.648696,5.332900000000003,0.1563,1.75657,0.146476,0.0606422,0.0407336,0.0297719,0.0246705,0.0204601
2820,27.054707,5.692984999999998,0.18638,7.68535,0.66237,0.274434,0.184277,0.134674,0.111595,0.0925485
2823,26.481738,5.446596000000005,0.19012,0.216091,0.0376114,0.014092,0.00740131,0.00446111,0.00339305,0.0026581
2829,26.546036,5.209745999999995,0.20672,0.162767,0.0139853,0.00579622,0.00389327,0.00284556,0.00235797,0.00195555
2830,26.927527,6.344273,0.20759,6.9059,0.593798,0.246246,0.1654,0.12089,0.100175,0.0830787
2831,26.983819,6.505466,0.20781,1.30641,0.112072,0.0464395,0.0311934,0.022799,0.0188924,0.0156681
2832,24.949351,5.964026000000001,0.2087,1.30967,0.111814,0.0464255,0.0311846,0.0227927,0.0188871,0.0156638
2835,25.125764,7.096605000000002,0.22126,1.24184,0.109888,0.0417065,0.0278168,0.0203089,0.0168265,0.0139542
2836,27.053017,5.513232999999998,0.22233,0.582058,0.0499198,0.0206267,0.013852,0.010124,0.00838926,0.00695749
2837,26.513495,6.850250000000003,0.22326,1.72452,0.155885,0.0605091,0.0402546,0.029359,0.0243189,0.0201657
2838,25.666491,5.360999000000003,0.2309,0.310658,0.0560089,0.0556382,0.0482886,0.0380028,0.0308616,0.0238148
2839,25.683193,5.367515999999997,0.2309,30.6398,2.63129,1.0925,0.733846,0.536363,0.444458,0.368604
2842,26.336252,6.862941999999998,0.24272,0.252237,0.0212098,0.0088035,0.00591343,0.00432209,0.0035815,0.00297026
2851,25.099172,6.123347999999996,0.25286,0.239609,0.0191896,0.00795994,0.00534679,0.00390794,0.00323831,0.00268564
2852,26.81058,5.005555,0.25315,3.22649,0.277502,0.115099,0.0773105,0.0565055,0.0468233,0.0388321
2853,27.090809,6.760320999999997,0.25627,2.39314,0.207607,0.0846719,0.0568223,0.0415268,0.0344109,0.028538
2854,26.451203,4.848015999999996,0.25819,0.989191,0.092101,0.0357812,0.0235366,0.0170723,0.0141178,0.0116965
2855,26.450384,4.840705999999997,0.25819,0.497141,0.0423632,0.0175721,0.0118033,0.00862697,0.00714874,0.0059287
2856,26.457988,4.845969999999998,0.25819,0.485576,0.0473491,0.0185479,0.0119613,0.00854696,0.00702277,0.00579367
2857,25.172251,6.958103000000005,0.25858,0.178288,0.0153916,0.00632849,0.00424962,0.00310595,0.00257374,0.00213449
2858,25.978974,6.925370000000002,0.25946,1.17098,0.13447,0.0691081,0.0443494,0.029086,0.0222214,0.0170124
2859,25.987807,6.912510999999995,0.25946,0.855745,0.0730964,0.0303514,0.0203875,0.0149011,0.0123478,0.0102404
2860,25.177439,6.255241000000004,0.26055,0.123652,0.010561,0.0043389,0.00291381,0.00212965,0.00176474,0.00146356
2862,26.20485,6.3274,0.26141,0.675898,0.184154,0.1034,0.0634381,0.0383907,0.0271493,0.0187416
2863,26.216224,6.341134999999997,0.26141,0.253358,0.0313813,0.00931943,0.00556193,0.00387912,0.00317127,0.00261185
2864,26.183787,6.310313000000005,0.26141,0.862315,0.0746288,0.0302716,0.0203161,0.0148478,0.0123036,0.0102037
2865,26.218058,6.346056999999994,0.26141,0.143058,0.0122602,0.00508306,0.00341432,0.0024955,0.0020679,0.00171498
2866,26.196633,6.322783,0.26141,0.707213,0.0608946,0.0252813,0.0169818,0.0124119,0.0102851,0.00852978
2868,26.759013,7.069964000000003,0.26462,1.10114,0.351546,0.222956,0.137736,0.0812691,0.0558026,0.0370361
2869,26.755736,7.107932999999997,0.26462,0.539854,0.0462399,0.0191241,0.0128432,0.00938678,0.00777833,0.00645083
2870,26.751421,7.073377,0.26462,1.29395,0.108368,0.0449742,0.0302098,0.0220801,0.0182967,0.0151741
2871,25.704803,5.853532000000001,0.26477,0.402549,0.0323678,0.0133608,0.00897389,0.00655892,0.00543506,0.00450747
2872,26.227234000000003,7.031608000000005,0.26618,0.0966941,0.00833071,0.00345803,0.00232278,0.0016977,0.0014068,0.00116671
2873,26.223807,7.0357829999999995,0.26618,0.111388,0.00954815,0.00396468,0.00266314,0.00194647,0.00161294,0.00133767
2874,26.23117,7.031505999999996,0.26618,1.03355,0.08479,0.0351871,0.0236357,0.0172752,0.0143151,0.011872
2875,26.245278,7.027882999999996,0.26618,0.404126,0.03236,0.0130365,0.00874336,0.00638904,0.00529411,0.00439055
2876,25.206621,7.056788999999994,0.26652,1.63873,0.1373,0.056904,0.038223,0.0279369,0.0231499,0.019199
2877,25.210285000000002,7.011660999999999,0.26652,3.99644,0.314425,0.126136,0.0846318,0.0618496,0.0512511,0.0425042
2878,25.339768,6.005154999999998,0.26855,0.385846,0.0329652,0.013669,0.00918142,0.00671062,0.00556076,0.00461173
2879,25.336965000000003,5.986285000000001,0.26855,0.187178,0.0293207,0.031283,0.0307936,0.02772,0.0247144,0.0210928
2880,26.589745,5.286239999999994,0.26869,0.921571,0.0782326,0.0323922,0.021757,0.015902,0.0131772,0.0109283
2882,26.502626,5.007891000000001,0.27058,0.441383,0.0368397,0.0148965,0.00999913,0.00730788,0.00605566,0.00502216
2883,26.495673,5.020092000000001,0.27058,0.928905,0.0799892,0.0331088,0.0222364,0.0162522,0.0134674,0.0111689
2884,26.492983,5.018790000000005,0.27058,1.24544,0.111783,0.0470026,0.0312372,0.0225331,0.018523,0.0152531
2887,25.061308,5.999780999999995,0.27512,1.43767,0.121853,0.0505018,0.0339223,0.0247935,0.0205452,0.0170388
2888,25.576816,5.141546000000004,0.28113,0.227964,0.0195358,0.00810961,0.00544734,0.00398142,0.00329921,0.00273615
2889,25.287505,5.101144999999999,0.28462,0.0855143,0.0072197,0.00299568,0.00201223,0.00147073,0.00121872,0.00101073
2890,25.609204,7.174296000000002,0.28526,0.0994901,0.032484,0.00755536,0.00311104,0.00173247,0.00131885,0.0010495
2891,25.588146,7.177946000000007,0.28526,0.625854,0.0537383,0.0223025,0.0149808,0.0109494,0.00907321,0.00752472
2892,25.807207000000002,5.024083999999997,0.28702,0.599688,0.0513303,0.0213052,0.014311,0.0104598,0.0086675,0.00718825
2893,25.298661,6.018592,0.28787,0.223381,0.0191943,0.00796124,0.00534762,0.00390854,0.00323881,0.00268606
2894,25.305426,5.995881999999997,0.28787,0.269371,0.0228268,0.00947298,0.00636312,0.00465077,0.00385386,0.00319614
2895,25.303668,5.996778999999995,0.28787,0.109154,0.00943014,0.00386513,0.0025956,0.00189709,0.00157202,0.00130373
2896,27.139983,6.645276999999995,0.28835,0.26149,0.0225673,0.00933274,0.00626791,0.00458111,0.00379614,0.00314827
2897,27.155479,6.639832999999995,0.28835,0.117038,0.0140844,0.00479458,0.00290985,0.00204943,0.0016831,0.00139054
2898,25.568583,6.6080599999999965,0.28887,0.131056,0.0123311,0.00416819,0.0027532,0.00200745,0.00166298,0.00137905
2899,25.850577,4.915589000000001,0.28907,0.411229,0.034458,0.0138752,0.00931115,0.00680487,0.00563882,0.00467645
2900,27.122689,6.593215,0.2892,0.501612,0.0384564,0.0143536,0.00959738,0.00701102,0.00580936,0.00481783
2901,26.000908000000003,4.963445000000005,0.29032,0.505783,0.043592,0.0180589,0.012127,0.00886294,0.00734418,0.00609075
2902,25.991148,4.9645520000000065,0.29032,0.38414,0.0330668,0.0137265,0.00922022,0.006739,0.00558427,0.00463123
2903,24.957736,5.535191999999995,0.29109,34.9034,3.01047,1.23658,0.830424,0.606943,0.502943,0.417108
2904,24.974072,5.520433999999999,0.29109,0.123563,0.010129,0.00396124,0.00265098,0.00193649,0.00160455,0.00133068
2905,24.97294,5.520162999999996,0.29109,12.2183,10.7736,16.3156,15.7894,13.3955,11.3472,9.10467
2906,26.013301,5.055714000000003,0.29171,1.0311,0.0894613,0.0364644,0.0244371,0.0178518,0.0147915,0.0122667
2907,27.010181,7.104772000000005,0.2918,0.165595,0.0136187,0.00564735,0.0037934,0.00277257,0.00229749,0.00190539
2908,26.789969,6.768624999999995,0.293,0.205388,0.0174581,0.00722789,0.00485498,0.00354847,0.00294044,0.00243861
2909,26.788329,6.769541000000003,0.293,0.210722,0.0186637,0.0074448,0.00497678,0.00363415,0.00301101,0.00249701
2910,27.090512000000004,6.436501000000001,0.29366,1.83949,0.158189,0.0655042,0.043993,0.0321534,0.0266439,0.0220966
2911,27.069252,6.443217000000004,0.29366,0.27663,0.0234606,0.00974116,0.00654328,0.00478244,0.00396297,0.00328663
2912,27.083499,6.449080000000007,0.29366,0.209295,0.0177504,0.00737035,0.00495077,0.00361849,0.00299846,0.00248672
2913,26.40124,5.467468000000004,0.29431,0.0774868,0.00685756,0.00278794,0.00185743,0.00135251,0.00111934,0.000927614
2916,24.825630000000004,6.838333999999997,0.29647,0.0757891,0.00651278,0.00270075,0.00181404,0.00132587,0.00109868,0.000911172
2917,25.058593,6.708997999999998,0.29822,2.30515,0.198381,0.0823448,0.055312,0.0404272,0.0335,0.0277827
2918,25.044259,6.694222999999997,0.29822,0.0855859,0.0601295,0.0410574,0.023703,0.0125653,0.00788046,0.00468001
2919,25.747653,5.827972999999994,0.29839,0.17223,0.0141587,0.00586942,0.00394256,0.00288159,0.00238783,0.00198031
2920,25.742437000000002,5.832692000000002,0.29839,0.17902,0.0152568,0.00633019,0.00425207,0.00310781,0.00257529,0.00213577
2922,26.032332,6.183374999999996,0.30016,0.670278,0.0505122,0.0208535,0.0140074,0.0102379,0.00848366,0.00703579
2923,26.03578,6.183157,0.30016,0.194529,0.0163356,0.00678128,0.00455508,0.00332928,0.00275881,0.00228797
2924,26.112153,6.250010999999998,0.30126,0.486792,0.0384228,0.0158936,0.0106757,0.00780281,0.0064658,0.00536231
2925,26.101789000000004,6.227355999999998,0.30126,0.59173,0.0689949,0.0263171,0.0157482,0.0107732,0.00872537,0.00714513
2926,26.101931,6.227714000000001,0.30126,0.216975,0.018615,0.00772487,0.00518884,0.00379249,0.00314265,0.0026063
2927,26.118824,6.232763999999994,0.30126,0.0650826,0.0075176,0.00370792,0.00233066,0.00152162,0.001168,0.000902851
2928,26.346143,6.735217999999998,0.30152,0.343682,0.028173,0.0115398,0.00774893,0.00566348,0.00469304,0.00389209
2929,26.36345,6.723156,0.30152,0.507562,0.0423706,0.0174769,0.0117381,0.00857921,0.00710916,0.00589587
2930,26.361857,6.724096000000002,0.30152,0.134897,0.0115655,0.0047877,0.00321589,0.00235047,0.00194772,0.00161531
2934,26.716713,7.074787999999994,0.30406,0.862512,0.0751893,0.0308591,0.0206968,0.0151233,0.0125315,0.0103927
2935,26.995977,6.926760000000002,0.30474,0.105804,0.0188959,0.00600928,0.00316085,0.001946,0.00149509,0.00117684
2939,25.438265,5.605571000000001,0.31082,0.0864609,0.00683884,0.0028129,0.00188937,0.00138093,0.00114431,0.000949013
2940,25.665219,5.813230999999997,0.31107,0.39735,0.0338625,0.0140494,0.00943718,0.00689758,0.00571568,0.00474021
2941,26.092255,6.519961,0.31453,0.0884411,0.00761145,0.0031521,0.00211711,0.00154737,0.00128222,0.00106339
2942,26.086930000000002,6.535623999999999,0.31453,0.664146,0.0566924,0.0235276,0.0158037,0.0115508,0.00957161,0.00793806
2943,26.089521,6.549483000000004,0.31453,0.467437,0.0404904,0.016642,0.0111719,0.00816492,0.00676582,0.00561111
2944,26.65699,5.324216999999995,0.31764,0.241851,0.0198701,0.00824759,0.00554002,0.00404917,0.00335534,0.0027827
2948,24.842119,7.0142409999999975,0.32401,0.0564122,0.00480316,0.00199224,0.00133821,0.000978087,0.000810492,0.000672169
2949,24.847994,7.007006000000002,0.32401,0.341479,0.0296517,0.0122396,0.00820589,0.00599427,0.00496656,0.00411874
2950,26.785052,5.021321,0.32414,0.0849737,0.00731698,0.0030367,0.00203976,0.00149085,0.00123539,0.00102455
2951,26.78416,5.022298999999999,0.32414,0.893963,0.0945525,0.0377413,0.0237663,0.0165209,0.0133611,0.0108777
2952,25.272217,5.063186999999997,0.32416,0.63591,0.0559805,0.0226845,0.0152047,0.0111098,0.00920588,0.00763469
2953,25.288172,5.056966000000004,0.32416,0.604148,0.0520299,0.0215977,0.0145075,0.0106034,0.00878652,0.00728696
2954,25.282607,5.0535970000000034,0.32416,0.297281,0.0253029,0.0102895,0.00690986,0.00505032,0.00418495,0.00347072
2958,26.830978000000005,4.987827000000003,0.32493,0.501271,0.0436186,0.0175432,0.0117596,0.00859266,0.00712008,0.00590488
2959,26.014603,5.685827000000003,0.32551,0.219092,0.0217352,0.00765479,0.00509079,0.00371732,0.00308013,0.00255442
2960,26.022002,5.700071999999993,0.32551,0.160339,0.0184501,0.00807567,0.00487546,0.00321529,0.00253025,0.00202044
2961,26.014278,5.6848889999999965,0.32551,0.276905,0.0215036,0.00891883,0.0059909,0.00437871,0.00362842,0.00300917
2962,25.948839,5.673034000000003,0.32659,0.402549,0.0353208,0.0144359,0.0096656,0.0070595,0.00584917,0.00485073
2963,25.957513,5.657445999999994,0.32659,0.116253,0.0107988,0.00461395,0.0030405,0.0021666,0.00176713,0.00144494
2964,26.679486,4.953570999999996,0.3276,0.105725,0.00821867,0.00340279,0.00228568,0.00167059,0.00138434,0.00114808
2965,26.785637,6.967325999999998,0.32798,0.45603,0.0377724,0.0155725,0.0104589,0.00764427,0.00633442,0.00525335
2968,26.520558,4.9189910000000046,0.32878,0.142246,0.0166412,0.00638553,0.00385106,0.00261979,0.00210798,0.00171522
2969,26.539954,4.942005,0.32878,0.0852792,0.00734575,0.00304892,0.00204796,0.00149684,0.00124036,0.00102867
2973,26.245436,5.111860000000001,0.33064,25.7171,2.27144,0.94021,0.624995,0.453795,0.3751,0.310617
2974,26.252087,5.1079900000000045,0.33064,0.204652,0.0198462,0.0075885,0.00491344,0.00352855,0.00290621,0.00240152
2975,26.244472,5.111696000000002,0.33064,0.372435,0.0316215,0.012335,0.00824833,0.00602435,0.00499157,0.00413955
2976,26.248561,5.111925000000004,0.33064,0.364403,0.0307582,0.0127455,0.00856121,0.00625733,0.00518514,0.00430021
2977,26.247469,5.111024999999994,0.33064,0.0875347,0.0077138,0.0031963,0.00212862,0.0015462,0.00127785,0.00105786
2978,26.205892,5.241184000000005,0.3311,0.327936,0.0282013,0.011691,0.00785266,0.00573944,0.00475599,0.0039443
2979,26.234456,5.255987000000001,0.3311,0.513843,0.0607031,0.0177645,0.0114988,0.0083629,0.00692623,0.00574344
2981,26.401823,5.136112999999997,0.33258,0.126765,0.0109082,0.00450973,0.00302906,0.00221391,0.00183456,0.00152146
2983,24.938008,5.600790000000002,0.33434,0.577527,0.0498674,0.020366,0.0136764,0.0099959,0.0082831,0.00686946
2984,25.466365,6.045659000000003,0.33473,0.185766,0.0161674,0.00651952,0.00435854,0.00318144,0.00263551,0.00218542
2985,24.84033,5.126668999999995,0.33539,0.0663437,0.00448224,0.00185461,0.00124576,0.000910521,0.000754503,0.000625735
2988,25.763733,6.0779879999999995,0.33664,0.0959451,0.0254964,0.0118625,0.00617746,0.00331298,0.00224851,0.00155516
2991,26.646883,6.606209000000006,0.33824,1.80846,0.153718,0.0636439,0.0427483,0.0312444,0.0258907,0.021472
2992,26.648166,6.622212000000001,0.33824,0.22185,0.0177679,0.00713274,0.00478752,0.00349897,0.00289941,0.00240458
2993,25.592868,7.093654,0.339,0.201379,0.0169756,0.00704841,0.00473452,0.00346043,0.00286749,0.0023781
2994,26.537023000000005,5.7471820000000005,0.33916,0.0563882,0.00477626,0.00197546,0.00132681,0.000969744,0.000803579,0.000666435
2995,26.542841,5.745708,0.33916,0.163776,0.0132979,0.00551967,0.00370764,0.00270989,0.00224555,0.00186231
2999,25.669191,5.895622999999998,0.33996,0.153443,0.0176212,0.00959059,0.00647594,0.00438574,0.00337411,0.00256704
3000,25.673726,5.897356999999997,0.33996,0.119163,0.0109514,0.0044086,0.00290021,0.002095,0.00172818,0.00142908
3001,25.674386,5.895544000000003,0.33996,0.190197,0.0153753,0.00604453,0.00405761,0.0029656,0.00245745,0.00203804
3002,25.203674,6.877201999999997,0.34085,0.451703,0.0402341,0.0157696,0.0105575,0.00771352,0.00639159,0.00530072
3003,25.198115,6.897973000000004,0.34085,0.402112,0.0328491,0.0134536,0.00903554,0.00660397,0.00547238,0.00453843
3004,25.203133,6.888246999999994,0.34085,0.259789,0.0227391,0.00933221,0.00624362,0.00455743,0.00377534,0.00313059
3005,25.202968,6.880698000000004,0.34085,0.148289,0.0136483,0.00503664,0.00331261,0.00240681,0.00199168,0.00165077
3013,25.776996,6.311297000000003,0.34706,0.860532,0.0668475,0.0277456,0.0186371,0.0136217,0.0112877,0.00936124
3016,25.690923000000005,4.973442999999997,0.34922,0.0802052,0.00685102,0.00284462,0.00191077,0.00139657,0.00115727,0.000959762
3017,25.711924,4.9717769999999994,0.34922,0.391074,0.0335258,0.0138974,0.00933499,0.00682288,0.00565378,0.00468887
3018,25.717244,4.984031999999997,0.34922,0.086901,0.00764948,0.00311444,0.00208359,0.00152137,0.00126045,0.00104526
3020,25.944068,5.006103000000004,0.35013,0.211878,0.0182329,0.00754611,0.00506821,0.00370428,0.00306955,0.00254568
3021,25.510574,5.780088000000001,0.35132,0.240017,0.0402788,0.0505209,0.0533539,0.0504228,0.0461383,0.0403023
3022,26.090774,5.9832169999999945,0.35313,0.0527852,0.0045244,0.00187698,0.00126078,0.000921493,0.000763596,0.000633276
3023,25.772984,6.108311000000002,0.35627,0.42166,0.0377365,0.0153434,0.0101852,0.00740063,0.00612001,0.00506941
3024,25.775228,6.095293000000003,0.35627,0.138148,0.0129924,0.00517903,0.00338239,0.00243113,0.00200085,0.00165174
3025,25.475385000000003,7.183553999999993,0.35654,0.320374,0.0273697,0.0113586,0.00762968,0.00557648,0.00462096,0.00383231
3026,25.443645,6.537163999999995,0.3587,0.136193,0.0111881,0.00463704,0.00311474,0.00227654,0.00188646,0.00156451
3027,24.822175,6.3433850000000005,0.35968,0.622941,0.0527591,0.0219008,0.0147111,0.0107522,0.00890983,0.00738923
3028,24.820386,6.354062000000005,0.35968,0.0528708,0.00453845,0.00188331,0.00126504,0.000924606,0.000766175,0.000635415
3031,27.170021,6.0823629999999955,0.36116,1.20854,0.104956,0.0424796,0.028433,0.0207632,0.0172022,0.0142653
3032,27.187803,6.077993999999998,0.36116,1.18838,0.100359,0.0416689,0.0279896,0.0204574,0.016952,0.0140589
3033,27.185469,6.086465999999999,0.36116,0.267109,0.0230235,0.00942979,0.00633076,0.00462688,0.00383405,0.0031797
3036,27.037468,5.3454659999999965,0.36883,0.0956543,0.00837428,0.00342428,0.00229536,0.00167707,0.00138964,0.00115246
3037,27.031708,5.343033000000006,0.36883,0.202402,0.0170889,0.00709503,0.00476583,0.00348332,0.00288645,0.00239383
3039,26.401494,6.035186000000004,0.38295,1.12657,0.119052,0.0520162,0.0332534,0.0228603,0.0182324,0.0146079
3041,26.268607,7.111956000000002,0.38642,0.355266,0.0714183,0.0420365,0.0262459,0.0160345,0.0114296,0.0080017
3042,26.258524,7.097536999999997,0.38642,0.0906014,0.0226859,0.016353,0.0113919,0.00752245,0.00553506,0.00391384
3043,26.266172,7.097828000000003,0.38642,0.142179,0.0125034,0.00500202,0.0033449,0.00244252,0.00202368,0.00167822
3044,26.249683,7.106120000000004,0.38642,6.8306,0.589494,0.244205,0.164012,0.119874,0.0993332,0.0823803
3045,26.656897,5.594532000000003,0.38784,0.0760154,0.00708423,0.00277224,0.00181898,0.00131598,0.00108696,0.000899832
3046,25.257109,5.392792000000005,0.39153,0.143475,0.0119405,0.00495797,0.00333034,0.00243413,0.00201704,0.0016728
3047,25.515283,7.123349,0.39246,0.0615472,0.00519589,0.00215262,0.0014459,0.0010568,0.000875717,0.000726262
3048,25.521886,7.115615999999996,0.39246,1.25654,0.107738,0.044652,0.0299911,0.0219201,0.0181641,0.0150641
3057,25.575196,5.157929000000001,0.39477,0.0549947,0.00459567,0.00177554,0.00119045,0.000869979,0.000720903,0.000597868
3058,25.55251,5.168278999999998,0.39477,0.32009,0.0263437,0.0108764,0.00730565,0.00533965,0.0044247,0.00366956
3059,27.185746,6.871312000000002,0.39592,0.0899682,0.0076725,0.00317871,0.00213507,0.0015605,0.00129311,0.00107242
3062,26.089253,4.875384999999998,0.39693,0.188252,0.0160655,0.00667026,0.00448051,0.00327477,0.00271364,0.00225052
3063,26.088031,4.8972309999999935,0.39693,0.326839,0.029288,0.0115188,0.00769639,0.00562038,0.00465678,0.00386189
3064,26.090039,4.873328999999997,0.39693,0.464081,0.0396645,0.0162333,0.0108984,0.00796519,0.00660033,0.00547387
3065,26.094707,4.8760240000000055,0.39693,0.931903,0.0800906,0.0332452,0.0223312,0.0163217,0.013525,0.0112167
3066,26.080943,4.880348000000004,0.39693,0.32976,0.0296506,0.0119344,0.00793034,0.00577508,0.00478123,0.00396367
3067,25.653325,5.380552999999995,0.3991,0.100622,0.00953526,0.0039313,0.00254673,0.00181245,0.00148465,0.00122173
3069,25.123654,7.031576999999997,0.40687,0.0999485,0.00845604,0.00350748,0.00235601,0.00172199,0.00142693,0.0011834
3070,25.146489,7.015054999999998,0.40687,0.0570235,0.0120386,0.00281045,0.0014176,0.000933829,0.000755608,0.000620682
3071,25.144597,6.876699000000006,0.4071,0.506543,0.049153,0.0208874,0.0135424,0.00952924,0.00772831,0.00629519
3072,26.156995,5.533136999999999,0.40711,0.0518955,0.0044586,0.00184787,0.00124117,0.000907156,0.000751715,0.000623423
3073,26.15656,5.535835999999997,0.40711,0.0686427,0.00588197,0.00244226,0.0016405,0.00119903,0.000993577,0.000824007
3074,26.689653,6.410038000000006,0.40845,0.144902,0.0124223,0.0051367,0.00345019,0.00252172,0.00208962,0.00173299
3075,26.688985000000002,6.410791999999997,0.40845,0.293046,0.0248903,0.0103296,0.00693851,0.00507131,0.00420234,0.00348515
3076,26.702629000000005,6.409742000000006,0.40845,0.543797,0.0462999,0.0192237,0.0129129,0.00943793,0.00782075,0.00648601
3077,26.710757,6.416076,0.40845,0.737338,0.0632332,0.0262552,0.017636,0.01289,0.0106813,0.00885839
3078,26.74183,6.452658999999998,0.40858,0.604976,0.0503655,0.0208765,0.014023,0.0102493,0.00849309,0.0070436
3079,25.775347,4.856483999999994,0.41007,0.154914,0.0147366,0.00566714,0.00372639,0.00270869,0.00224227,0.00185892
3080,24.960369000000004,6.258752999999998,0.41497,0.342933,0.0300869,0.0123049,0.00823423,0.00601216,0.00498094,0.00413053
3081,24.940947,6.257290000000002,0.41497,0.177206,0.0171769,0.00661094,0.00428545,0.00308286,0.00254186,0.0021023
3082,24.934251,5.3285690000000026,0.42027,0.140912,0.0118078,0.00489694,0.00328931,0.00240413,0.00199219,0.00165219
3083,24.922816,5.323965000000004,0.42027,0.135142,0.0111046,0.00459836,0.00308874,0.00225754,0.00187071,0.00155144
3084,26.230559,5.942279999999995,0.42068,0.0580516,0.00483319,0.00200663,0.00134788,0.000985158,0.000816352,0.000677028
3085,26.222332,5.924068999999996,0.42068,0.230077,0.0195529,0.00811811,0.00545305,0.0039856,0.00330267,0.00273902
3087,26.7093,5.269312999999997,0.42231,0.454625,0.0381305,0.0158326,0.010635,0.00777305,0.00644114,0.00534186
3088,26.577476,5.170472999999997,0.42256,0.168236,0.0177191,0.00593808,0.00387804,0.00282081,0.00233593,0.0019369
3089,26.580735,5.170302999999999,0.42256,0.123366,0.0211992,0.00791527,0.0042666,0.00260198,0.00197567,0.00153754
3090,25.415451,5.363717,0.423,0.562456,0.0480008,0.0199307,0.0133877,0.00978501,0.00810835,0.00672453
3091,26.301401,5.528669000000003,0.42431,0.243655,0.0196311,0.00813847,0.00546671,0.00399558,0.00331094,0.00274588
3092,25.378046,5.743219000000005,0.42459,0.200807,0.0171345,0.00709089,0.00476273,0.00348103,0.00288456,0.00239226
3093,25.744379,6.5547510000000075,0.42463,0.133404,0.0109119,0.00450299,0.00302465,0.0022107,0.0018319,0.00151925
3094,25.713151,6.005661000000001,0.42489,0.0780634,0.00666725,0.00274011,0.00183965,0.0013445,0.00111412,0.000923972
3095,25.617398,5.684141000000003,0.42544,0.0801357,0.00687922,0.00284218,0.00190876,0.00139507,0.00115603,0.000958732
3096,25.610282,5.674984000000004,0.42544,0.706183,0.0597614,0.0248045,0.0166615,0.0121778,0.0100911,0.00836893
3097,25.614604,5.669896,0.42544,0.115133,0.0112365,0.00425208,0.00276964,0.00200467,0.00165748,0.00137333
3098,25.15668,6.779258999999994,0.42654,0.222353,0.0246348,0.0100324,0.00622555,0.00425375,0.00340713,0.00275248
3099,25.154812,6.7899590000000005,0.42654,0.290416,0.0283508,0.0110242,0.00711787,0.00509781,0.00419416,0.00346358
3100,25.602351,6.423343999999999,0.42736,0.150628,0.0234619,0.0121545,0.00715932,0.00430534,0.00312865,0.00229788
3101,25.396395,6.9519060000000055,0.42745,0.0532952,0.00692261,0.00199883,0.00115622,0.000789693,0.000640201,0.000524462
3102,25.396824,6.95222,0.42745,0.0989558,0.00860376,0.00348364,0.0023374,0.0017082,0.00141549,0.00117391
3103,25.387598,6.968508000000003,0.42745,0.460379,0.0376526,0.0146488,0.00978865,0.00714772,0.00592205,0.0049111
3104,25.393514,6.9545470000000025,0.42745,0.805729,0.068862,0.0285422,0.0191716,0.0140124,0.0116113,0.00962968
3105,26.370106,5.2124779999999955,0.42747,0.257528,0.0213839,0.00887819,0.00596361,0.00435876,0.00361189,0.00299546
3106,26.392472000000005,5.208349999999997,0.42747,0.936329,0.0809059,0.0334962,0.022488,0.0164344,0.0136181,0.0112938
3107,26.163694,5.291288999999997,0.42771,0.0829046,0.0071376,0.00296247,0.00198989,0.00145439,0.00120518,0.000999497
3108,25.533636,6.561340999999996,0.42872,0.0864237,0.00738962,0.00303624,0.00203925,0.00149047,0.00123508,0.00102429
3109,25.474009,6.5462,0.42872,0.09858,0.00848718,0.00352357,0.00236683,0.0017299,0.00143348,0.00118883
3110,25.478598,6.5423040000000015,0.42872,0.574761,0.0495288,0.0200115,0.0134255,0.00981131,0.00813004,0.0067425
3111,26.264672,5.544049000000004,0.43005,0.223136,0.0196351,0.00800434,0.00535091,0.00390531,0.00323508,0.00268259
3112,26.276853,5.529103000000002,0.43005,0.173261,0.0146812,0.00609316,0.00409285,0.00299143,0.00247885,0.0020558
3113,26.277706,5.535899000000004,0.43005,1.05241,0.0890354,0.0369693,0.0248328,0.0181501,0.0150401,0.0124733
3114,26.280567,5.539882000000003,0.43005,0.844392,0.0788782,0.0306097,0.0202549,0.0147535,0.0122184,0.0101312
3115,25.224968,6.800285999999995,0.43034,0.265233,0.022789,0.00945836,0.00635328,0.00464357,0.0038479,0.00319119
3116,25.223035,6.804404999999997,0.43034,0.380864,0.034308,0.0142302,0.00938673,0.00677039,0.00557894,0.0046098
3117,26.607233,5.2730899999999945,0.43184,0.310999,0.0266803,0.0110561,0.00742634,0.00542785,0.00449779,0.00373017
3118,26.622466,5.277577000000002,0.43184,0.0594463,0.00517814,0.00210422,0.00141235,0.00103222,0.000855345,0.000709366
3119,26.90659,4.992167000000001,0.43191,0.118746,0.0296934,0.0382893,0.0374247,0.0325898,0.0282191,0.0232485
3120,26.914744,4.994368999999994,0.43191,0.156092,0.0153461,0.00597142,0.00384369,0.00275195,0.00226515,0.00187166
3121,25.092818,6.809217999999996,0.4334,0.056365,0.00608973,0.00227498,0.00141673,0.000998725,0.000818312,0.000674651
3122,25.079967,6.799314999999998,0.4334,0.435077,0.0377768,0.015522,0.0104126,0.00760849,0.0063045,0.00522846
3128,26.499556,6.635131000000004,0.43922,0.642877,0.0613085,0.0236418,0.0154483,0.0111736,0.00923251,0.00764612
3129,26.493881,6.635797999999995,0.43922,0.708988,0.0612496,0.025336,0.0170151,0.012436,0.0103051,0.00854635
3131,25.252097,7.110312999999993,0.44894,0.262859,0.152485,0.232874,0.230273,0.199698,0.171775,0.140194
3145,25.201129,7.012145999999996,0.45202,0.120369,0.0103391,0.00429315,0.00288377,0.00210773,0.00174657,0.00144849
3149,24.858886,6.895934999999999,0.45267,0.0961603,0.00804936,0.00331324,0.00222521,0.00162638,0.0013477,0.00111769
3150,24.8559,6.869164999999999,0.45267,0.0516812,0.00437985,0.00181685,0.0012204,0.000891981,0.00073914,0.000612994
3151,24.853665,6.886146000000006,0.45267,0.0863155,0.00735373,0.00304537,0.00204559,0.00149511,0.00123892,0.00102748
3159,26.251195,6.609208999999998,0.45602,0.0677108,0.0054831,0.00223748,0.00150222,0.00109791,0.000909783,0.000754513
3160,26.257538000000004,6.614603999999995,0.45602,0.0525996,0.00464886,0.00186228,0.00124686,0.000910856,0.000754731,0.000625912
3161,26.252478,6.611093999999996,0.45602,71.4914,6.13486,2.53988,1.70603,1.24693,1.03327,0.856923
3162,25.990900000000003,6.426218000000001,0.45624,0.106891,0.00892041,0.00368413,0.0024744,0.0018085,0.00149862,0.00124285
3167,25.159439,4.893643000000004,0.45691,0.252145,0.0212799,0.00880146,0.00591121,0.00432039,0.00358008,0.00296908
3168,25.162179,4.8912840000000015,0.45691,0.0788648,0.00735749,0.00247897,0.00161732,0.0011743,0.000971875,0.000805631
3169,25.160416,4.8916239999999975,0.45691,1.13185,0.0956638,0.0396594,0.0266396,0.0194707,0.0161344,0.0133808
3172,27.121221,6.419825999999994,0.45946,0.120304,0.0104187,0.00425103,0.00285234,0.00208446,0.00172726,0.00143247
3173,25.169323000000002,4.935095000000005,0.46082,0.122588,0.00982074,0.00405847,0.00272604,0.00199245,0.00165104,0.00136926
3174,25.847647,6.820784999999995,0.4613,0.937587,0.0811469,0.0335514,0.0225201,0.0164573,0.0136371,0.0113096
3175,25.715253,6.923733000000005,0.46154,0.0601848,0.00543914,0.00205523,0.00136387,0.000994237,0.000823486,0.000682828
3176,25.708496,6.935509000000003,0.46154,0.346533,0.0297538,0.0123523,0.00829721,0.00606438,0.00502525,0.00416761
3177,24.968833,4.910018999999998,0.46198,0.2574,0.0217891,0.00904266,0.00607407,0.0044395,0.00367879,0.00305095
3179,27.088235,6.339923000000001,0.46406,0.211023,0.0168878,0.00697959,0.0046881,0.00342649,0.00283936,0.00235478
3180,27.147906,6.351571999999994,0.46406,0.0943901,0.00801035,0.0033144,0.00222621,0.00162712,0.00134831,0.0011182
3181,27.144905000000005,6.350414999999999,0.46406,3.06057,0.346572,0.170895,0.113154,0.0775295,0.0607342,0.0473034
3188,26.354148,4.880561999999998,0.4651,0.293403,0.0253132,0.0104729,0.00703246,0.00513969,0.00425897,0.0035321
3189,25.7122,5.977417,0.46738,0.202864,0.0301319,0.0204157,0.0148956,0.01045,0.00805061,0.0060028
3190,25.08553,6.123360000000004,0.468,0.191749,0.0153625,0.00628188,0.00421765,0.0030825,0.0025543,0.00211837
3191,25.094018,6.125624,0.468,0.582358,0.0489166,0.0203071,0.0136405,0.00996978,0.00826147,0.00685152
3192,25.145784,6.139943000000003,0.46854,1.01099,0.0846683,0.0351472,0.0236089,0.0172556,0.0142988,0.0118585
3193,25.157628,6.130801,0.46854,0.908813,0.0788122,0.0317165,0.0212938,0.0155632,0.0128964,0.0106954
3194,25.287494,6.148750000000006,0.46921,0.111354,0.00948475,0.0039219,0.00263425,0.00192535,0.00159544,0.00132315
3195,25.287395,6.1459700000000055,0.46921,0.216678,0.027194,0.0137429,0.00880296,0.00579288,0.00442545,0.00337264
3196,25.29057,6.162949000000006,0.46921,2.11834,0.184031,0.0757551,0.0507841,0.0370944,0.0307335,0.0254865
3199,27.050725,6.399384000000003,0.4698,0.256017,0.0223099,0.00917025,0.00614203,0.00448468,0.00371526,0.0030808
3200,27.059392,6.401205999999994,0.4698,0.999643,0.0875623,0.0360391,0.0240818,0.0175584,0.0145384,0.012052
3206,25.162605,6.726832000000006,0.47135,0.208623,0.0183304,0.00732511,0.00490232,0.00358078,0.00296694,0.00246051
3207,25.163178,6.729792000000006,0.47135,0.0526263,0.00448455,0.00186181,0.00125061,0.000914059,0.000757436,0.000628167
3208,25.590001,6.113572000000004,0.47421,0.34236,0.0288953,0.011927,0.00801055,0.00585481,0.00485159,0.00402358
3209,24.814444,6.299325000000005,0.47421,0.113354,0.0105713,0.0041078,0.00270862,0.00196845,0.00162902,0.00135025
3210,24.824,6.325110000000003,0.47421,0.120749,0.0103061,0.00427621,0.00287238,0.0020994,0.00173967,0.00144277
3211,24.819889,6.336908,0.47421,0.288473,0.0245587,0.0101829,0.00683975,0.00499911,0.00414251,0.00343553
3212,24.822418,6.3186049999999945,0.47421,0.106779,0.00983868,0.00458549,0.00318838,0.00232556,0.00189741,0.0015353
3213,25.504993,6.310789000000005,0.47454,0.101353,0.0086733,0.00360064,0.0024186,0.00176774,0.00146484,0.00121484
3215,27.174993000000004,5.495979999999997,0.47515,0.139929,0.0116234,0.00482589,0.00324162,0.00236928,0.00196331,0.00162824
3216,27.181957,5.520063999999999,0.47515,0.422719,0.0358935,0.014747,0.0099032,0.00723804,0.0059978,0.00497418
3217,27.175143,5.5041540000000015,0.47515,0.198894,0.0171511,0.00710413,0.00477162,0.00348753,0.00288994,0.00239673
3220,26.445315,6.511825999999996,0.47551,0.0763774,0.00682299,0.00225416,0.00147114,0.00106848,0.000884353,0.0007331
3221,26.95592,5.525056999999996,0.47579,0.0557213,0.00491012,0.00201174,0.00134232,0.000978612,0.000810391,0.000671881
3222,26.97015,5.517841,0.47579,0.190876,0.0156912,0.00647043,0.00434613,0.00317655,0.00263225,0.00218302
3223,25.030139,7.106267000000001,0.4769,0.191315,0.0164506,0.0068264,0.00458536,0.00335141,0.00277714,0.00230318
3224,25.031246,7.107829999999997,0.4769,0.0670016,0.00561316,0.00233067,0.00156554,0.00114424,0.000948179,0.000786357
3225,25.094315,6.644154999999999,0.47713,0.101741,0.0115304,0.0057022,0.00370704,0.00249086,0.00193234,0.00149685
3226,25.11696,6.651057,0.47713,7.50741,0.650078,0.267957,0.179778,0.131359,0.108844,0.0902653
3227,25.102004,6.639118999999996,0.47713,0.219616,0.0185326,0.0076706,0.00515225,0.00376574,0.00312048,0.00258792
3233,25.874253,7.126010000000001,0.48071,0.106419,0.00907929,0.00377003,0.00253238,0.0018509,0.00153375,0.00127199
3237,25.572458,7.150766000000002,0.48209,0.183021,0.0152265,0.00515244,0.00337537,0.00245314,0.00203057,0.00168331
3238,25.585033,7.138749999999995,0.48209,0.117175,0.0100319,0.00415696,0.00279203,0.00204065,0.00169099,0.00140239
3239,25.130385,5.089289000000002,0.48282,0.0663173,0.00565093,0.00232934,0.00156416,0.00114319,0.000947301,0.000785628
3240,25.135062,5.075496000000005,0.48282,0.636346,0.0536594,0.0222572,0.0149503,0.010927,0.0090547,0.00750937
3241,25.12802,5.089119000000004,0.48282,2.15571,0.203517,0.0881676,0.0583641,0.0415474,0.0337818,0.0274934
3242,25.113784,5.088750999999999,0.48282,0.108299,0.00964189,0.00378298,0.00251458,0.00183229,0.00151724,0.00125789
3243,25.173372000000004,5.062781999999999,0.48398,0.055375,0.0059356,0.00213915,0.00135101,0.00096621,0.000796435,0.000659005
3244,25.182748,6.872824000000001,0.48563,0.0507693,0.00432338,0.00178111,0.00119578,0.000873912,0.000724158,0.000600566
3245,25.183309,6.875016999999996,0.48563,0.12468,0.0114258,0.00462478,0.00304101,0.00219889,0.00181565,0.00150283
3246,25.189812,6.886856999999994,0.48563,0.920594,0.0794668,0.0322398,0.0215871,0.015765,0.0130613,0.0108314
3247,24.966402,6.624617999999998,0.48677,0.216805,0.0182455,0.00757086,0.00508545,0.00371692,0.00308003,0.00255437
3248,24.965631,6.607036999999997,0.48677,0.215347,0.0177715,0.00736455,0.00494678,0.00361556,0.00299604,0.00248472
3249,24.970222,6.618947000000005,0.48677,0.145893,0.0125112,0.00513365,0.00344588,0.00251832,0.00208678,0.00173063
3250,24.970925,6.606904000000005,0.48677,2.22812,0.19612,0.0804497,0.0536882,0.0391261,0.0323924,0.0268511
3255,25.970788,5.146295000000004,0.49004,0.057054,0.00483897,0.00199552,0.0013402,0.000979528,0.000811686,0.000673158
3262,26.1995,7.066109000000002,0.49533,0.234357,0.0201124,0.00821076,0.00551401,0.00403011,0.00333955,0.00276961
3263,26.211196,7.068121999999997,0.49533,0.186397,0.0162143,0.00656614,0.00439593,0.00321039,0.00265986,0.00220577
3264,26.211522,7.074073000000004,0.49533,0.0645319,0.00536359,0.00222482,0.00149444,0.00109228,0.000905117,0.000750644
3265,26.858194,6.239846999999999,0.49915,0.063185,0.00610397,0.00218668,0.00144298,0.00105127,0.000870716,0.000722007
3266,26.861745,6.237303999999995,0.49915,0.0634868,0.00543595,0.00225188,0.00151253,0.00110549,0.000916068,0.000759726
3267,26.709412,5.226740999999994,0.49918,0.191175,0.0182591,0.00707467,0.00460779,0.00331894,0.00273652,0.00226281
3269,24.969055000000004,6.045015000000001,0.49977,0.591355,0.0483404,0.0200621,0.013476,0.0098495,0.00816179,0.00676885
3270,24.971363,6.049658000000002,0.49977,0.149103,0.0128069,0.00531793,0.00357213,0.00261085,0.00216348,0.00179425
3271,24.968632,6.043278999999995,0.49977,0.182023,0.0153156,0.0063021,0.00423175,0.00309284,0.00256287,0.00212547
3272,27.048634,5.106128999999999,0.5001,0.148075,0.0124926,0.00490848,0.00329046,0.00240452,0.00199248,0.00165242
3273,27.046511,5.110037999999998,0.5001,0.194698,0.0166146,0.00689573,0.00463195,0.00338546,0.00280537,0.00232658
3274,25.622094,5.591624999999996,0.50078,0.525386,0.0598422,0.0185044,0.0117179,0.00844409,0.00697886,0.00578232
3281,24.831126,7.125670000000005,0.50122,0.0643036,0.0862668,0.180877,0.205361,0.198996,0.183132,0.159956
3282,24.841038,7.127163000000006,0.50122,0.0569499,0.00490144,0.00203505,0.00136697,0.000999112,0.000827914,0.000686617
3283,24.828233,7.1161719999999935,0.50122,0.352505,0.030815,0.0122862,0.00823505,0.00601751,0.0049863,0.00413529
3284,24.842419000000003,7.1216830000000035,0.50122,0.246264,0.0211817,0.0086188,0.00578492,0.00422786,0.00350339,0.00290548
3285,26.707034,5.823381000000005,0.50149,0.0590855,0.00506258,0.00210128,0.00141146,0.00103163,0.000854858,0.000708963
3286,26.694941000000004,5.815295000000003,0.50149,0.205454,0.0177754,0.00724084,0.00485413,0.00354643,0.00293854,0.00243697
3287,26.697446,5.813674000000006,0.50149,0.225467,0.0188458,0.00780761,0.00524438,0.00383308,0.00317628,0.0026342
3288,24.809872,7.024005000000005,0.50154,0.43303,0.0905125,0.0322731,0.0165442,0.00960938,0.00709565,0.00539694
3290,25.631284,5.585606,0.50222,0.0862258,0.00755512,0.00306182,0.00205187,0.00149913,0.00124219,0.00103017
3297,25.309697,4.888090000000006,0.50413,0.172807,0.0148325,0.00601467,0.00403726,0.00295064,0.00244504,0.00202776
3300,26.187161,6.229818,0.50451,0.0951353,0.00812958,0.00336657,0.00226131,0.00165278,0.00136958,0.00113583
3301,27.055195,5.540050999999997,0.50465,0.126004,0.0107978,0.00438274,0.00294137,0.00214964,0.00178129,0.00147728
3302,26.115843,6.172833000000004,0.50494,0.0656491,0.00741653,0.00294759,0.00179619,0.00122419,0.000984477,0.000800294
3303,26.090238,6.178814999999994,0.50494,0.0939259,0.00795787,0.00329803,0.00221522,0.00161908,0.00134165,0.00111268
3306,26.17725,6.481130999999998,0.50544,0.059903,0.00501661,0.00205999,0.00138354,0.00101121,0.000837942,0.000694934
3307,26.185095,6.486357000000001,0.50544,0.223892,0.030088,0.019715,0.0143645,0.0101031,0.0078095,0.00585479
3308,27.158024,5.526938999999995,0.50573,0.177342,0.015252,0.0063332,0.0042541,0.0031093,0.00257652,0.0021368
3309,27.018923,7.1512040000000034,0.506,0.0500991,0.00510428,0.00219773,0.00138534,0.000952771,0.000765851,0.000621066
3310,27.009999,7.1390299999999955,0.506,0.0519736,0.00448109,0.00184564,0.00123861,0.000905111,0.000749992,0.000621985
3311,27.013654,7.148015000000002,0.506,0.111143,0.00902705,0.00373996,0.00251216,0.00183612,0.0015215,0.00126183
3312,27.021178,7.147813999999996,0.506,0.258567,0.0223258,0.0092618,0.00621657,0.00454151,0.00376258,0.00312
3313,25.375919,5.836284000000007,0.50635,0.10325,0.00888833,0.00368603,0.00247587,0.0018096,0.00149952,0.0012436
3314,25.410888,5.7254779999999945,0.50714,0.0967529,0.00990497,0.00549908,0.0040069,0.00291505,0.00232981,0.0018224
3315,26.318776,6.083320000000001,0.50724,0.401221,0.0342017,0.0141946,0.00953469,0.00696884,0.00577474,0.00478918
3316,26.309841,6.093266000000003,0.50724,0.0969098,0.00835483,0.00345707,0.00232121,0.0016964,0.0014057,0.00116579
3317,26.310415,6.087929999999998,0.50724,0.130187,0.0111717,0.00463888,0.00311601,0.00227747,0.00188723,0.00156514
3318,26.309253,6.0902689999999975,0.50724,0.0558357,0.00425195,0.00174778,0.00117383,0.000857933,0.000710927,0.000589595
3319,26.973427000000004,6.549033999999997,0.50756,0.0738377,0.00629015,0.00261101,0.00175385,0.00128188,0.00106223,0.000880941
3328,26.150851,6.271773000000005,0.51031,0.111633,0.0101864,0.00399839,0.00265813,0.00193802,0.00160521,0.00133103
3329,26.161327,6.288088,0.51031,0.349092,0.0254855,0.0103943,0.00697964,0.00510124,0.00422713,0.0035057
3330,26.151172,6.275879000000007,0.51031,0.163551,0.014036,0.00581548,0.00390628,0.00285508,0.00236586,0.00196209
3331,25.507239,5.282495999999999,0.51047,0.121276,0.0104527,0.00433576,0.00291205,0.00212835,0.00176365,0.00146265
3332,25.506182,5.281301999999998,0.51047,0.108229,0.0107696,0.00451424,0.00286555,0.00199903,0.00162157,0.00132511
3333,26.326063,6.596234999999995,0.51156,0.20858,0.0178862,0.00742691,0.00498876,0.00364625,0.00302147,0.00250581
3334,26.324365,6.5980650000000045,0.51156,0.0797872,0.00693081,0.00282435,0.00189474,0.00138461,0.00114733,0.000951518
3335,26.327116,6.599742999999998,0.51156,0.0622588,0.005423,0.00223362,0.00149644,0.00109288,0.000905464,0.000750881
3336,25.567103000000003,5.250145000000005,0.51176,0.270642,0.0262437,0.00957077,0.00629877,0.00458387,0.00379567,0.00314711
3337,25.568849,5.252555000000005,0.51176,0.155237,0.0134315,0.00554271,0.00372189,0.00272022,0.0022541,0.0018694
3338,25.577763,5.232470000000001,0.51176,1.0951,0.108093,0.0402353,0.026218,0.0189959,0.0157118,0.0130208
3339,25.597569,5.233253999999997,0.51254,0.802321,0.0635044,0.0263635,0.0177087,0.0129432,0.0107254,0.00889493
3340,25.685288,5.249669000000006,0.51278,0.0975335,0.00878239,0.00349225,0.00232152,0.00169128,0.00140038,0.00116098
3341,25.691793,5.268031000000003,0.51278,0.124278,0.0106764,0.00441536,0.00296547,0.00216742,0.00179603,0.00148951
3343,25.764991,5.240653999999996,0.51372,0.219438,0.0187758,0.00778662,0.00523027,0.00382276,0.00316773,0.00262711
3344,25.773334,5.248092000000004,0.51372,0.082952,0.00697404,0.00289569,0.00194507,0.00142164,0.00117804,0.000976992
3345,24.838958,6.316082000000005,0.51487,0.0782558,0.00689853,0.0027874,0.00186849,0.00136532,0.00113134,0.000938256
3346,24.836592000000003,6.316722999999995,0.51487,0.231003,0.0479891,0.0344785,0.0249357,0.0172279,0.0130994,0.00959889
3347,25.574792,6.655771000000001,0.51506,0.0752109,0.00647995,0.00268926,0.00180639,0.00132028,0.00109405,0.000907334
3348,25.552609,6.648977999999998,0.51506,0.0558161,0.00475945,0.00197202,0.00132458,0.00096812,0.000802233,0.000665319
3349,25.548975,6.6618050000000055,0.51506,0.0505479,0.00474165,0.00180139,0.0011949,0.000871228,0.000721675,0.000598439
3350,26.474257,6.450534999999997,0.51574,0.0667506,0.00598341,0.00240601,0.00160173,0.00116748,0.000966826,0.000801609
3351,26.477286,6.453758000000006,0.51574,0.180806,0.0150441,0.00622083,0.00417815,0.00305375,0.00253049,0.00209862
3352,26.474906,6.451714000000002,0.51574,0.247735,0.022427,0.00882445,0.00584468,0.00425018,0.00351689,0.00291454
3353,24.959259,4.9837319999999945,0.51598,0.0686183,0.0120099,0.016354,0.0176278,0.0167623,0.0153313,0.0133456
3354,26.531853,6.2820750000000025,0.51617,0.123362,0.0105939,0.0042924,0.00288048,0.00210513,0.0017444,0.00144669
3355,26.516968,6.291816999999999,0.51617,0.070772,0.00596671,0.00247702,0.00166385,0.0012161,0.00100772,0.000835736
3356,26.514485,6.275810000000001,0.51617,0.0594542,0.00512348,0.00212493,0.00142727,0.00104318,0.00086443,0.000716901
3366,24.850369,6.5500270000000045,0.51768,0.453821,0.0386027,0.0160219,0.0107621,0.00786595,0.00651812,0.0054057
3367,25.836353,5.288674,0.51809,0.143765,0.0121802,0.00503539,0.00338228,0.00247208,0.00204849,0.00169888
3368,25.842513,5.258893000000003,0.51809,0.313761,0.0281561,0.011588,0.00766297,0.0055472,0.00457993,0.00378982
3369,25.702297,5.518953999999999,0.51954,0.254087,0.0218729,0.00907931,0.00609866,0.00445747,0.00369369,0.0030633
3370,25.806908,5.442018999999998,0.52017,0.135002,0.0115916,0.00481206,0.00323233,0.00236249,0.00195768,0.00162357
3371,26.606079,7.013878,0.52065,0.110653,0.0083585,0.00346911,0.00233025,0.00170317,0.00141133,0.00117046
3372,26.640152,5.926662999999999,0.52077,0.079471,0.0122265,0.00690321,0.00449001,0.00290567,0.00216247,0.00158554
3373,26.647335,5.935741999999995,0.52077,1.00827,0.0875406,0.0355779,0.0238572,0.0174324,0.0144449,0.0119795
3374,26.634349,5.934252999999997,0.52077,0.152567,0.0132219,0.00543952,0.00365106,0.00266825,0.00221102,0.00183367
3375,26.644468000000003,5.931339999999993,0.52077,0.0886251,0.00828525,0.00308347,0.00205141,0.00149728,0.00124051,0.00102875
3376,26.418456,4.856735999999997,0.52192,0.687805,0.0586601,0.0243449,0.0163528,0.0119521,0.00990414,0.00821384
3377,26.694763,6.728488000000002,0.52218,0.0746749,0.00640804,0.00265901,0.00178609,0.00130544,0.00108176,0.000897137
3378,26.68965,6.72054,0.52218,0.159449,0.0136903,0.00551884,0.00370232,0.00270563,0.00224199,0.00185935
3385,26.277172,5.26868,0.52384,0.129935,0.0111173,0.00461267,0.00309839,0.00226459,0.00187655,0.00155629
3386,26.276337,5.270351000000004,0.52384,0.0706594,0.00605443,0.0025136,0.00168842,0.00123405,0.0010226,0.000848076
3392,27.018097,6.319414,0.52466,0.40026,0.0428376,0.0143811,0.00936383,0.00680655,0.005636,0.00467313
3393,26.999794,6.316793999999996,0.52466,0.17592,0.0153543,0.00626031,0.00420233,0.00307131,0.00254503,0.00211068
3394,27.022405,6.3129869999999935,0.52466,0.330995,0.0284878,0.0118292,0.00794587,0.00580759,0.00481246,0.00399114
3395,26.308464,5.304295,0.52481,0.171645,0.0146364,0.00606988,0.00407717,0.00297998,0.00246936,0.00204792
3402,25.150667,5.660739,0.52572,0.158257,0.0135718,0.0056348,0.00378498,0.00276641,0.00229239,0.00190116
3403,25.03857,7.099193000000006,0.52572,0.392044,0.039939,0.0145004,0.00940525,0.00681322,0.00563639,0.00467169
3404,25.038303,7.099373000000005,0.52572,0.143229,0.0138171,0.00532849,0.00346921,0.00250683,0.00207119,0.00171541
3405,25.047477,7.095178999999999,0.52572,0.170599,0.0145879,0.00605749,0.0040689,0.00297394,0.00246435,0.00204377
3410,27.099689,6.823342000000004,0.52706,0.0871868,0.00750624,0.00311267,0.00209072,0.00152809,0.00126625,0.00105014
3411,27.096788,6.821528999999998,0.52706,0.168646,0.014483,0.00601352,0.00403937,0.00295235,0.00244647,0.00202894
3412,27.100041,6.830114000000001,0.52706,0.186031,0.0166565,0.00641223,0.0042495,0.00309375,0.00256123,0.0021232
3415,25.210416000000002,5.9037859999999975,0.52732,0.13548,0.0115112,0.00475167,0.00319154,0.00233267,0.00193297,0.00160307
3416,25.210726,5.907622000000001,0.52732,0.285583,0.0245595,0.0101856,0.00684169,0.00500055,0.00414371,0.00343651
3417,25.207779,5.902075000000001,0.52732,0.171784,0.014817,0.00611954,0.0041083,0.00300239,0.00248789,0.00206328
3418,25.202669,5.906832000000007,0.52732,0.0600931,0.00591344,0.00213726,0.00139635,0.00101327,0.000838419,0.000694934
3419,25.744619,5.471631000000002,0.52747,0.111806,0.00958781,0.00398119,0.00267423,0.00195457,0.00161966,0.00134324
3420,25.748606,5.456374999999996,0.52747,0.128504,0.0110392,0.00455149,0.00305677,0.00223415,0.00185132,0.00153537
3421,27.165642,6.238684000000006,0.52748,0.145834,0.0151541,0.00555338,0.00353473,0.00252606,0.0020793,0.00171847
3422,25.463678,5.343618000000005,0.52751,0.0586227,0.00499262,0.00206863,0.00138951,0.00101558,0.000841563,0.000697937
3423,25.465857,5.328244000000002,0.52751,0.201503,0.0177644,0.00699337,0.00466493,0.00340418,0.00282003,0.00233848
3424,25.458347,5.331817999999999,0.52751,0.128852,0.0112017,0.00445369,0.00298886,0.00218443,0.00181013,0.0015012
3425,25.458911,5.329516999999997,0.52751,0.0635711,0.00550425,0.00227602,0.00152686,0.00111546,0.000924215,0.000766438
3426,25.068075,5.705748999999999,0.52754,0.0833976,0.00720692,0.00297621,0.00199839,0.00146053,0.00121026,0.00100371
3427,25.061725,5.696163999999999,0.52754,0.369191,0.0318229,0.0130903,0.008791,0.0064252,0.00532424,0.00441557
3429,25.362437,6.874678000000004,0.52792,0.255149,0.0210785,0.00875209,0.00587891,0.00429685,0.00356059,0.00295292
3432,25.296016,5.978039000000003,0.52805,0.21952,0.0196209,0.00817684,0.00541147,0.00390725,0.00321974,0.00265988
3433,25.995756,6.170718,0.52806,0.14666,0.0110628,0.00447213,0.00300329,0.00219506,0.00181894,0.00150851
3434,26.010980000000004,6.168531999999995,0.52806,0.221021,0.0186909,0.00775459,0.00520886,0.00380712,0.00315478,0.00261636
3436,25.384536,6.496043999999996,0.5283,0.139208,0.0119145,0.00489653,0.0032881,0.00240319,0.0019914,0.00165154
3437,25.377628,6.491838000000007,0.5283,0.108864,0.00915174,0.00379033,0.00254588,0.00186076,0.00154192,0.00127876
3438,26.277704,5.342816000000001,0.52834,0.177928,0.0113029,0.0045781,0.00307379,0.00224653,0.00186158,0.00154387
3447,25.293078,6.0851199999999945,0.52869,0.0615766,0.00526588,0.00218531,0.0014679,0.00107288,0.000889041,0.000737312
3451,25.715232,5.800688000000006,0.52938,0.0540914,0.00467499,0.00193389,0.00129873,0.000949216,0.000786567,0.000652326
3452,25.314773,6.135066000000006,0.52949,0.0704282,0.0182033,0.0121065,0.00791698,0.00494393,0.00352215,0.00242352
3453,25.31184,6.144975000000002,0.52949,0.154192,0.0130379,0.00530435,0.00355905,0.00260088,0.00215518,0.00178735
3454,26.886499,6.982263000000002,0.52989,0.204431,0.0175722,0.00728682,0.00489442,0.00357728,0.00296431,0.0024584
3455,26.88365,6.988577999999999,0.52989,0.0773837,0.0101064,0.00331138,0.00194292,0.00132836,0.00107663,0.000881897
3456,25.442362,6.926551000000003,0.53031,0.0735297,0.0062746,0.00259869,0.00174555,0.00127581,0.0010572,0.000876774
3457,26.301041,6.036099000000001,0.53037,0.0905292,0.00759836,0.00315472,0.00211907,0.00154882,0.00128343,0.00106439
3458,27.11051,7.168499999999997,0.53043,0.0536861,0.00400408,0.00165395,0.00111096,0.000811996,0.000672861,0.000558026
3459,27.111554,7.168846000000004,0.53043,0.141625,0.0112091,0.00451831,0.00303111,0.00221504,0.00183546,0.0015222
3460,26.007543,5.933357000000004,0.53052,0.13138,0.0108678,0.00450938,0.00302901,0.00221388,0.00183453,0.00152144
3461,26.006343,5.932282000000003,0.53052,0.144419,0.0302331,0.00398058,0.00215206,0.00151745,0.00125188,0.00103702
3462,26.79144,5.964406000000003,0.53069,0.308388,0.0265124,0.0110069,0.00739352,0.00540387,0.00447792,0.00371369
3463,26.7896,5.973422000000005,0.53069,1.38799,0.117323,0.0479722,0.032211,0.0235421,0.0195081,0.0161787
3464,25.055224,4.862320999999995,0.53071,0.159401,0.0136409,0.00563416,0.00378441,0.002766,0.00229204,0.00190087
3465,25.048714,4.861571000000007,0.53071,0.167179,0.0143872,0.00597372,0.00401263,0.00293281,0.00243027,0.00201551
3466,26.894699,7.165101000000004,0.53072,0.0602623,0.00543904,0.00213722,0.00142875,0.00104359,0.000864706,0.000717117
3469,25.553739,6.795339000000002,0.53142,0.683443,0.0596908,0.0244318,0.0163794,0.0119672,0.0099161,0.00822362
3470,27.029049,7.193560000000003,0.53144,0.126963,0.0121292,0.00669371,0.00517273,0.00401696,0.00334083,0.00270536
3474,26.72098,5.774850000000002,0.53176,0.169104,0.0145135,0.00602628,0.00404794,0.00295861,0.00245165,0.00203324
3475,26.274551,6.575771999999997,0.53186,0.740634,0.0607929,0.0252354,0.016951,0.0123894,0.0102665,0.00851432
3476,26.281983,6.584047999999999,0.53186,0.0781178,0.00670234,0.00278207,0.00186875,0.00136586,0.00113182,0.000938656
3478,25.015099,5.885464000000005,0.53216,0.107382,0.00913998,0.00370859,0.00248886,0.00181892,0.00150724,0.00125
3479,25.176055,6.576781000000005,0.53294,0.105061,0.00895783,0.0037176,0.00249716,0.00182516,0.00151242,0.0012543
3480,25.190635,6.5787010000000015,0.53294,0.44534,0.0229208,0.00943849,0.00633985,0.00463376,0.00383976,0.00318445
3485,26.888074,5.434002000000003,0.53379,0.105123,0.00956824,0.00392096,0.00258639,0.00186629,0.00153759,0.00126987
3486,26.498028,5.807479000000001,0.53386,0.0564289,0.00468412,0.00192539,0.00129319,0.000945179,0.000783223,0.000649553
3494,26.681721,5.791476000000006,0.535,0.0672298,0.00575303,0.00238646,0.00160301,0.00117163,0.000970871,0.000805176
3495,26.678747,5.798737000000002,0.535,0.106011,0.030226,0.00542549,0.00236725,0.00145755,0.00115845,0.000944097
3499,26.797221,5.809607000000006,0.53653,0.0891704,0.0076831,0.0031879,0.00214132,0.00156508,0.0012969,0.00107557
3500,26.970317,5.562151999999996,0.53698,0.592874,0.051789,0.0210615,0.0141314,0.0103274,0.00855771,0.00709719
3504,25.994073,4.835399000000005,0.53846,0.221753,0.0193422,0.0079322,0.00530887,0.00387473,0.00320943,0.00266108
3505,25.842119,6.489446000000001,0.53885,0.0885288,0.0317058,0.0351858,0.0287897,0.0209452,0.0160374,0.0115755
3506,25.841148,6.487780999999995,0.53885,0.103835,0.00927638,0.00384681,0.00255284,0.00184713,0.00152303,0.00125832
3507,25.839886,6.4851489999999945,0.53885,0.108385,0.0144247,0.0077012,0.00508254,0.00339577,0.00259544,0.00196104
3511,26.894508,5.277217999999994,0.53958,0.12705,0.0104808,0.004348,0.00292061,0.00213466,0.00176888,0.001467
3512,25.156407,7.004204999999995,0.54091,0.0658366,0.00563284,0.00233893,0.00157109,0.0011483,0.000951541,0.000789145
3513,25.048308,7.092796000000004,0.54092,0.0774445,0.00668915,0.00277141,0.00186027,0.0013593,0.0011263,0.000934042
3514,24.994557,7.193743000000002,0.54126,0.117827,0.0100311,0.00416517,0.0027978,0.0020449,0.0016945,0.00140531
3515,25.010713,7.1822259999999964,0.54126,0.0597927,0.0055239,0.00211096,0.00140902,0.00102905,0.000852657,0.000707125
3516,25.005079,7.191183000000007,0.54126,0.119715,0.0102685,0.00425779,0.00286,0.00209035,0.00173217,0.00143655
3517,25.012081,7.181826000000005,0.54126,0.146689,0.0125979,0.00523094,0.0035137,0.00256814,0.00212809,0.0017649
3518,25.097358,7.099662000000003,0.54151,0.0657758,0.00594753,0.0022995,0.00153171,0.00111769,0.000925931,0.000767838
3519,25.087221,7.102626000000005,0.54151,0.18951,0.0168781,0.00681782,0.00454508,0.00331416,0.00274477,0.00227579
3520,26.852968,5.187325000000003,0.5417,0.079523,0.00697706,0.00288489,0.00192393,0.00140028,0.00115858,0.000959989
3522,25.546006,7.130997,0.54214,0.0585,0.00794109,0.00298674,0.00171973,0.00112429,0.000887276,0.000711844
3523,25.50938,7.139757999999999,0.54214,0.066132,0.00561456,0.00232894,0.00156438,0.0011434,0.000947476,0.000785774
3524,25.51568,7.133240000000002,0.54214,0.193636,0.0162823,0.00670797,0.00450524,0.00329283,0.0027286,0.00226292
3526,26.051756,5.922987000000005,0.54479,0.401029,0.0331866,0.0137504,0.00923622,0.00675069,0.00559397,0.00463927
3527,25.711471,6.776427000000004,0.5452,0.119963,0.00971172,0.00402968,0.00270679,0.00197838,0.00163938,0.0013596
3528,26.829454,4.997895000000004,0.54616,0.16393,0.0133133,0.00551866,0.00370695,0.00270938,0.00224513,0.00186196
3529,25.782682,6.762077999999997,0.54617,0.0788721,0.00775798,0.00305844,0.0019591,0.0013989,0.00115074,0.000950704
3530,26.478403,7.118655999999993,0.54673,0.0767264,0.00669419,0.00274707,0.00184095,0.00134478,0.00111423,0.000924034
3531,26.480747,7.115422999999996,0.54673,0.144141,0.0121076,0.00502642,0.00337632,0.00246773,0.00204489,0.00169589
3532,25.691195,6.605762000000007,0.54723,175.722,15.0405,6.24544,4.19515,3.06621,2.54082,2.10718
3535,27.099634000000002,5.0798390000000015,0.54769,0.18114,0.0146343,0.00607418,0.00408011,0.00298213,0.00247114,0.0020494
3536,27.105822,5.083164000000006,0.54769,0.0839482,0.0064469,0.00267648,0.00179783,0.00131402,0.00108887,0.000903034
3537,26.950836000000002,5.6698529999999945,0.54864,0.151657,0.01298,0.00538943,0.00362016,0.00264595,0.00219257,0.00181837
3538,26.486399,5.861180000000001,0.54895,0.171946,0.0280043,0.025235,0.0209072,0.0158515,0.0125978,0.00953346
3539,24.989785000000005,7.189304999999998,0.54915,1.76006,0.179119,0.0642637,0.0418731,0.030398,0.0251608,0.020859
3540,24.999538,7.176362000000003,0.54915,0.217998,0.015574,0.00636631,0.00427518,0.00312464,0.00258923,0.00214734
3545,25.563343,6.581395000000005,0.54947,0.0726172,0.00636521,0.00261322,0.00174703,0.00127478,0.00105592,0.000875557
3546,25.563181000000004,6.580102999999998,0.54947,0.149874,0.0133052,0.00542314,0.00361129,0.00262993,0.00217697,0.00180445
3547,24.94542,7.157279999999996,0.55032,0.12413,0.010597,0.00434478,0.00291502,0.00213004,0.00176498,0.00146373
3548,24.951588,7.1578130000000035,0.55032,0.103956,0.0104156,0.00384464,0.00247939,0.00178511,0.00147323,0.0012194
3549,25.243962,5.382711999999994,0.55282,0.0701395,0.00599363,0.00248809,0.00167129,0.00122153,0.00101222,0.000839472
3550,26.23903,6.376379999999997,0.55312,0.0735708,0.00628382,0.0026039,0.00174897,0.0012783,0.00105927,0.000878485
3551,26.240230000000004,6.377920000000005,0.55312,0.695799,0.0592936,0.0246091,0.0165303,0.0120819,0.0100117,0.008303
3552,26.243901,6.380732999999995,0.55312,0.0653075,0.00565423,0.00231708,0.00155429,0.00113571,0.000941066,0.000780446
3553,26.239844,6.377122000000004,0.55312,0.0604044,0.00502143,0.00206673,0.0013879,0.00101438,0.000840563,0.000697107
3557,26.470322,7.192977000000001,0.55477,0.110319,0.00944111,0.00392032,0.00263333,0.00192469,0.00159489,0.0013227
3563,25.805952,6.111233000000004,0.55739,0.0913214,0.0078333,0.00324864,0.00218214,0.00159491,0.00132162,0.00109607
3564,25.81019,6.116213000000001,0.55739,0.329375,0.0387295,0.011965,0.00728965,0.00513461,0.00421115,0.00347448
3565,26.981517,4.807110000000003,0.55751,0.0582582,0.00496024,0.00205135,0.00137784,0.00100705,0.000834497,0.000692076
3569,26.65835,6.039726000000004,0.55887,0.232777,0.0201423,0.0082928,0.00556933,0.00407055,0.00337306,0.00279739
3571,25.498656,6.096377000000002,0.55923,0.0728273,0.00565684,0.00230032,0.00154434,0.00112869,0.000935286,0.000775664
3572,25.657475000000005,5.497185000000003,0.55986,0.190975,0.0519482,0.0206378,0.0101142,0.00537355,0.00371898,0.0026661
3573,25.657643,5.494341999999995,0.55986,0.181474,0.0156241,0.00648721,0.00435755,0.00318491,0.00263918,0.00218876
3574,26.679096,6.412998000000005,0.55995,0.0961041,0.00823608,0.00341982,0.00229714,0.00167897,0.00139128,0.00115383
3575,26.679718,6.424591999999997,0.55995,0.263349,0.0225696,0.00935866,0.00628626,0.00459458,0.0038073,0.00315753
3576,26.683998,6.405214999999994,0.55995,0.0565268,0.00480413,0.00199396,0.00133937,0.000978935,0.000811195,0.000672751
3577,26.945349,5.978706999999999,0.56069,0.207459,0.0177738,0.00737926,0.00495675,0.00362286,0.00300208,0.00248973
3578,26.944022,5.974970000000006,0.56069,1.46783,0.128936,0.0521747,0.0350016,0.0255794,0.0211962,0.0175787
3579,26.668601,6.423635000000004,0.56069,0.245672,0.0374276,0.0124445,0.00687849,0.00449279,0.00357531,0.00289632
3580,26.668802,6.425711999999998,0.56069,1.14013,0.100373,0.0421145,0.0281841,0.0204656,0.016881,0.0139371
3582,26.67485,7.188441999999995,0.56087,0.205863,0.0176672,0.00731734,0.00491505,0.00359237,0.00297682,0.00246878
3583,26.66687,7.1858039999999965,0.56087,0.230181,0.020896,0.00819737,0.0054745,0.00399782,0.00331245,0.00274705
3588,26.831014,6.363836000000002,0.56216,0.124345,0.0107037,0.00444343,0.00298471,0.00218151,0.00180771,0.00149919
3589,26.832006,6.364336999999998,0.56216,0.0829706,0.00718182,0.00294632,0.00197739,0.00144508,0.00119745,0.000993083
3591,25.151138,5.107774999999994,0.56235,0.0704859,0.00607597,0.00251863,0.00169165,0.0012364,0.00102454,0.000849688
3598,25.765692,6.157930000000007,0.56284,0.0543422,0.00358441,0.00144835,0.000972626,0.000710877,0.000589068,0.000488534
3599,26.408573,7.050055999999999,0.56328,0.117435,0.0099633,0.0040016,0.00268347,0.00196093,0.00162489,0.00134757
3600,27.002063,6.6168059999999995,0.56345,0.0915867,0.00732004,0.00300653,0.00201919,0.0014758,0.00122292,0.00101421
3601,26.401451,6.861875999999993,0.56377,0.185205,0.0150711,0.00625768,0.00420338,0.00307222,0.0025458,0.00211132
3602,26.430758,6.846428000000005,0.56377,3.56968,0.300814,0.124827,0.0838477,0.0612838,0.0507828,0.0421159
3605,25.740076000000002,7.089051000000005,0.56417,0.0664855,0.00563726,0.00232861,0.00156399,0.0011431,0.000947234,0.000785573
3606,25.744106,7.069832999999994,0.56417,0.320805,0.0273332,0.011284,0.00757931,0.00553966,0.00459045,0.00380701
3609,26.282836,7.145786999999996,0.56444,0.159509,0.0137013,0.00568921,0.00382152,0.00279313,0.00231452,0.00191951
3610,26.290002,7.149882000000004,0.56444,0.135423,0.0113496,0.00471041,0.00316404,0.00231258,0.00191632,0.00158927
3611,26.288052,7.147553999999998,0.56444,0.0577333,0.00503345,0.00202944,0.00136015,0.000993792,0.000823469,0.000682922
3612,25.488776,5.050445999999999,0.56446,0.336439,0.0284787,0.0118159,0.00793684,0.00580098,0.00480699,0.0039866
3613,24.853225,6.849366000000006,0.56478,0.154647,0.0132661,0.00547132,0.00367391,0.00268512,0.00222502,0.00184528
3614,24.845752,6.840872999999998,0.56478,0.0615971,0.00822534,0.00237992,0.00137535,0.000939501,0.00076189,0.000624352
3615,24.84363,6.838886000000004,0.56478,0.166595,0.0141896,0.00588767,0.00395482,0.00289055,0.00239526,0.00198647
3616,26.710042,5.420836000000004,0.56487,0.141033,0.0119127,0.00494572,0.00332211,0.00242811,0.00201205,0.00166866
3617,26.672337,5.425090000000005,0.56487,0.174862,0.0152334,0.00625338,0.00418692,0.00305645,0.00253182,0.00209933
3618,26.677795,5.419704999999998,0.56487,0.362545,0.0311054,0.0129033,0.00866715,0.00633475,0.00524929,0.00435342
3619,26.324135,6.644867000000002,0.565,0.11274,0.00865132,0.0035784,0.00240362,0.00175679,0.00145576,0.00120731
3620,26.317592,6.625453999999996,0.565,0.070023,0.00728241,0.00315933,0.00200246,0.0013737,0.0010984,0.000884638
3621,24.881918,6.856300000000006,0.5656,0.261845,0.0224326,0.00928854,0.0062389,0.00455995,0.00377861,0.00313373
3622,24.860105,6.866451000000005,0.5656,0.187599,0.0113505,0.00433736,0.00290586,0.00212329,0.00175942,0.00145913
3623,25.918879,5.626984000000001,0.56574,0.0664465,0.0216542,0.00545837,0.00226383,0.00125118,0.000948001,0.000752227
3624,25.911265,5.621797,0.56574,0.119907,0.0104845,0.00424123,0.00284426,0.00207844,0.00172227,0.00142833
3625,25.910711,5.624880000000003,0.56574,0.121299,0.0095609,0.00385873,0.00258926,0.00189225,0.00156799,0.00130039
3626,26.634175,5.448800000000005,0.56575,0.100982,0.00864481,0.00355996,0.00239023,0.0017469,0.00144756,0.00120051
3627,26.631775,5.459306999999999,0.56575,0.13831,0.0118889,0.0049344,0.0033145,0.00242254,0.00200744,0.00166484
3628,26.620963,5.445006999999994,0.56575,0.147605,0.0131961,0.00532568,0.00354405,0.0025817,0.00213744,0.00177191
3629,26.636725,5.447306000000001,0.56575,0.0871302,0.00772041,0.00311125,0.00207588,0.00151406,0.00125398,0.00103972
3630,26.636813,5.443974000000006,0.56575,0.259794,0.0218308,0.00906134,0.00608662,0.00444867,0.00368639,0.00305725
3631,26.496823,6.252638000000004,0.56678,0.0596746,0.00503359,0.002086,0.00140116,0.0010241,0.000848619,0.000703789
3632,26.452581,6.202422999999997,0.56701,0.0746247,0.00699662,0.00273747,0.00179555,0.00129953,0.0010737,0.000889089
3633,26.486183000000004,6.203359999999999,0.56701,0.143311,0.0120873,0.00488003,0.00327082,0.00238968,0.00198008,0.00164211
3634,26.491357,6.186141999999996,0.56701,0.09545,0.00863999,0.00340091,0.00226847,0.00165585,0.00137185,0.00113765
3635,26.485871,6.1954249999999975,0.56701,0.252854,0.0217458,0.00902591,0.0060628,0.00443126,0.00367197,0.00304528
3636,26.485307,6.201002000000002,0.56701,0.145369,0.0139207,0.00592799,0.00386118,0.00272689,0.00221533,0.00180674
3637,26.586249,5.469859999999997,0.56726,0.108725,0.00951992,0.00388121,0.00260241,0.00190157,0.00157569,0.00130676
3638,26.59592,5.479874000000001,0.56726,0.0508542,0.00436796,0.00181258,0.00121753,0.000889882,0.000737401,0.000611552
3640,26.020155,5.148254000000002,0.56763,0.0625355,0.00555204,0.00225307,0.0015004,0.00109262,0.000904355,0.000749536
3643,25.769565,5.2979749999999965,0.56844,0.0926367,0.00795799,0.00330149,0.00221764,0.00162086,0.00134313,0.0011139
3647,26.680626,5.418824,0.57069,0.183628,0.0165848,0.00701357,0.00463414,0.00332514,0.00272757,0.00224382
3648,26.481541,5.7992,0.5708,0.170204,0.0133306,0.00538258,0.00361384,0.00264125,0.00218867,0.00181514
3649,26.487449,5.798287000000003,0.5708,0.120088,0.0103189,0.00424902,0.00285254,0.00208472,0.00172749,0.00143266
3662,25.488798,5.288942999999995,0.57347,0.21533,0.0176146,0.0073129,0.00491218,0.00359028,0.00297509,0.00246734
3665,26.940903,5.712157000000006,0.57528,0.113236,0.00953799,0.00395951,0.00265966,0.00194393,0.00161084,0.00133592
3666,26.951649,5.718563000000005,0.57528,0.0872232,0.00744606,0.00309088,0.00207619,0.00151747,0.00125746,0.00104285
3667,26.4452,4.853104,0.57672,0.122922,0.0115655,0.00422741,0.00276379,0.00200283,0.00165607,0.00137203
3668,26.447466,4.8565090000000035,0.57672,1.69597,0.144794,0.0600647,0.0403454,0.0294881,0.0244353,0.0202651
3671,27.046177,6.103520000000002,0.5777,0.147565,0.0127396,0.00527481,0.00354207,0.00258874,0.00214514,0.00177903
3672,27.041532,6.110261999999994,0.5777,0.066408,0.00565285,0.00234605,0.00157587,0.00115179,0.000954434,0.000791544
3673,25.668048000000002,5.441531999999994,0.57788,0.0901955,0.00781418,0.00321935,0.00216192,0.0015801,0.00130935,0.00108589
3674,25.652773,5.443617999999998,0.57788,0.0783183,0.00664337,0.002758,0.00185259,0.00135404,0.00112203,0.000930536
3675,26.433745,4.954519000000004,0.57792,0.0574831,0.00659423,0.00254943,0.00155859,0.00106604,0.000857872,0.000697047
3676,26.427889000000004,4.954364000000002,0.57792,0.214988,0.0191605,0.00764431,0.00512068,0.00374151,0.00310031,0.00257118
3677,26.424457,4.955876,0.57792,0.115489,0.00977261,0.00405476,0.00272363,0.00199069,0.00164958,0.00136806
3678,26.431938,4.953976999999997,0.57792,0.0689506,0.00589027,0.00242123,0.00162524,0.00118774,0.000984205,0.00081623
3681,25.394461,5.753808999999996,0.57968,0.276634,0.0238592,0.00987005,0.0066291,0.00484513,0.00401492,0.0033297
3682,24.877665,6.412457000000003,0.58103,0.0713158,0.00806951,0.00308581,0.0018789,0.00129583,0.00105117,0.000860875
3683,25.411945,4.843609,0.58134,0.100938,0.00857038,0.00355818,0.00239008,0.00174689,0.00144756,0.00120051
3684,25.089674,4.810930999999998,0.58141,0.0502781,0.00378065,0.00156972,0.00105441,0.000770658,0.000638606,0.000529618
3685,25.195029,4.861101000000005,0.58329,0.49275,0.0431456,0.0176963,0.0118387,0.00864079,0.00715771,0.00593519
3686,25.200504,4.869068999999998,0.58329,0.0552809,0.00516217,0.00197484,0.00130291,0.000947307,0.000784047,0.000649901
3687,26.910169,6.126227999999997,0.5833,0.146259,0.0125912,0.0052256,0.00351009,0.0025655,0.0021259,0.00176308
3688,26.917788,6.1318549999999945,0.5833,0.0700892,0.00599056,0.00248752,0.0016709,0.00122125,0.00101199,0.000839279
3689,25.244698,4.820447999999995,0.58335,0.164536,0.014025,0.00581747,0.00390765,0.00285607,0.00236669,0.00196277
3690,25.240253,4.822429999999995,0.58335,0.7676,0.0653766,0.027136,0.0182276,0.0133224,0.0110397,0.00915556
3691,25.198904,4.90676,0.584,0.0968571,0.0090613,0.00351337,0.0023195,0.00168744,0.001397,0.00115817
3692,26.041126,4.944194000000004,0.58415,0.339731,0.0290165,0.0120483,0.00809299,0.00591511,0.00490156,0.00406503
3694,26.691902,5.668321000000006,0.58459,0.0593574,0.00500219,0.00207693,0.0013951,0.00101967,0.00084495,0.000700746
3695,26.687011,5.661297000000006,0.58459,0.423383,0.0587843,0.0233704,0.0133927,0.00858114,0.00667635,0.0052903
3696,26.689873000000002,5.828020000000001,0.5853,0.246529,0.024498,0.00923228,0.00597137,0.00430807,0.00355863,0.00294723
3697,26.714043,5.751871000000005,0.58539,0.139019,0.010287,0.0042387,0.00284706,0.0020809,0.00172434,0.00143005
3702,27.159606,5.225289999999995,0.58652,0.115564,0.0109294,0.00484502,0.00321585,0.00227887,0.00184436,0.00149356
3704,25.553115,5.256317999999999,0.58679,0.104986,0.00903527,0.00374751,0.00251723,0.00183983,0.00152457,0.00126438
3705,25.55414,5.254832000000001,0.58679,0.0565688,0.00479162,0.00198738,0.00133494,0.0009757,0.000808514,0.000670528
3706,25.547357,5.250889999999999,0.58679,0.167556,0.0141092,0.00584783,0.00392805,0.00287099,0.00237905,0.00197302
3709,26.881865,5.1118760000000005,0.58712,0.0951498,0.00790648,0.0032671,0.00219439,0.00160386,0.00132904,0.00110222
3710,26.893983,5.1137850000000045,0.58712,0.0563759,0.00420714,0.00173864,0.00116785,0.000853574,0.000707315,0.0005866
3711,26.888082,5.104396000000004,0.58712,0.0600765,0.00495102,0.00204031,0.00137019,0.00100144,0.000829843,0.000688216
3712,26.885314,5.106739999999998,0.58712,0.121077,0.0104042,0.00426223,0.00285985,0.00208984,0.00173169,0.00143614
3713,26.062743,4.933148000000004,0.58714,0.0763696,0.00623247,0.00257027,0.0017264,0.00126181,0.0010456,0.000867151
3717,26.736381,5.0522870000000015,0.58753,0.14615,0.0144723,0.00698276,0.00466768,0.00323919,0.00256632,0.00202905
3718,26.733217000000003,5.052147999999999,0.58753,0.0544012,0.00677722,0.00223579,0.00134835,0.000946301,0.000776066,0.000640628
3719,27.05034,5.1694569999999995,0.58773,0.116202,0.0100081,0.00412972,0.00277205,0.00202576,0.00167859,0.0013921
3720,27.031512,5.172591,0.58773,0.0622626,0.00525856,0.00218354,0.00146671,0.00107201,0.000888324,0.000736717
3721,27.125728,6.247902000000005,0.5886,0.172662,0.015141,0.00622654,0.00415932,0.00303319,0.0025119,0.00208259
3724,25.882065,5.344648000000006,0.5892,0.221915,0.0195692,0.00788996,0.00527339,0.0038493,0.00318885,0.00264433
3725,26.552164000000005,5.1748340000000015,0.58994,0.0532597,0.00418798,0.0017187,0.00115434,0.000843695,0.000699128,0.000579811
3726,26.176042,5.327505000000007,0.5901,0.0563487,0.00479155,0.0019896,0.00133644,0.000976797,0.000809423,0.000671282
3730,26.343437,6.418033999999995,0.59042,0.089753,0.00725625,0.00298134,0.00200253,0.00146363,0.00121284,0.00100585
3731,26.345446,6.422548999999997,0.59042,0.0697468,0.00652064,0.00272021,0.00177043,0.00126097,0.00103251,0.00084913
3732,26.34621,6.417599000000005,0.59042,0.0814562,0.00696037,0.00288996,0.00194123,0.00141883,0.00117571,0.00097506
3733,25.977476,5.4864139999999955,0.59052,0.0764761,0.00662175,0.00262587,0.00175967,0.00128578,0.00106543,0.000883595
3734,25.980752,5.486619999999996,0.59052,0.215615,0.0185202,0.00768355,0.00516095,0.00377209,0.00312574,0.00259228
3735,27.079831,5.304599000000006,0.59054,0.150358,0.0129413,0.00537351,0.00360946,0.00263813,0.00218609,0.001813
3739,26.874383,5.3402,0.5915,0.054612,0.00799838,0.00473271,0.00318938,0.00211849,0.00159514,0.00117715
3740,27.066331,5.499059999999999,0.59165,0.0722531,0.00619889,0.002574,0.00172899,0.00126371,0.00104717,0.000868457
3752,26.904897,6.480225999999995,0.59325,0.156721,0.0134767,0.00556995,0.00374123,0.00273444,0.00226589,0.00187918
3753,26.893447,6.4867709999999965,0.59325,0.280937,0.0231835,0.00955515,0.00641713,0.00469016,0.0038865,0.0032232
3754,26.893322,6.479869999999999,0.59325,0.0578726,0.00489711,0.00203035,0.00136379,0.000996787,0.000825988,0.00068502
3755,26.893734000000002,6.478697000000005,0.59325,0.193954,0.0166243,0.00687387,0.00461664,0.00337423,0.00279606,0.00231886
3756,26.899305,6.467004000000003,0.59325,0.155611,0.0109477,0.00453457,0.00304593,0.00222625,0.00184478,0.00152994
3757,26.239181,4.909786999999997,0.5935,0.136601,0.0116728,0.0048461,0.00325519,0.0023792,0.00197153,0.00163505
3758,26.238359,4.886004000000002,0.5935,3.27908,0.292495,0.117205,0.0784014,0.0572652,0.0474489,0.0393501
3759,26.217365,4.862223000000002,0.59474,0.428491,0.0412449,0.0162189,0.0105124,0.00754359,0.00621107,0.00513175
3760,26.945006,5.579066999999997,0.59522,0.783302,0.0626134,0.0250671,0.0168277,0.0122988,0.0101914,0.00845205
3763,27.152307,5.755307000000004,0.59566,0.164811,0.0137542,0.00569767,0.00382706,0.00279716,0.00231787,0.00192229
3764,25.891806,6.157784999999993,0.5965,0.109698,0.0094345,0.00390497,0.0026229,0.00191706,0.00158857,0.00131746
3765,26.814321000000003,7.113336,0.59656,0.0739031,0.00630857,0.00261942,0.0017595,0.00128601,0.00106565,0.000883781
3769,26.750416000000005,7.053838000000004,0.59738,0.0838059,0.00689985,0.00285201,0.00191551,0.00140001,0.00116012,0.000962127
3770,26.74346,7.056615000000005,0.59738,0.125818,0.0194271,0.00704947,0.00386824,0.00245384,0.00191687,0.00153043
3777,25.972198,6.009095999999996,0.59819,0.10287,0.00882636,0.0036617,0.0024596,0.0017977,0.00148967,0.00123543
3779,25.904547,6.4682760000000075,0.59851,0.14261,0.011981,0.00496383,0.00333424,0.00243697,0.0020194,0.00167476
3780,25.921961,6.542502999999999,0.59952,0.0650606,0.00790763,0.0034937,0.00209401,0.00136141,0.00105955,0.000836903
3781,25.69133,5.5231670000000035,0.59967,0.592095,0.0509308,0.0211447,0.0142032,0.010381,0.00860222,0.00713411
3788,26.909070000000003,5.900892999999996,0.60052,0.334019,0.287681,0.638667,0.750841,0.747577,0.698949,0.619915
3796,26.189198,6.518045000000007,0.60095,0.135098,0.0115583,0.00479367,0.00321992,0.00235342,0.00195016,0.00161733
3797,24.888013,4.831830000000002,0.60105,0.0717531,0.00558016,0.00229242,0.00153943,0.00112513,0.000932337,0.000773218
3798,24.880493,4.827314999999999,0.60105,0.0845862,0.0067581,0.00279548,0.00187772,0.00137241,0.00113725,0.00094316
3799,26.173285,4.949076999999999,0.60131,0.210434,0.0180005,0.00719409,0.00481323,0.00351498,0.00291223,0.00241506
3800,25.228221,6.450337000000003,0.60163,0.279445,0.0203739,0.0083874,0.00563376,0.00411767,0.00341211,0.00282978
3801,25.230236,6.457500999999997,0.60163,0.449568,0.0386667,0.0158676,0.0106518,0.00778473,0.00645076,0.00534982
3802,25.223364,6.463175999999994,0.60163,0.498096,0.0428945,0.0177197,0.0119016,0.00869878,0.00720825,0.00597805
3805,24.931633,5.237912000000006,0.60282,0.18082,0.0150603,0.0062534,0.0042005,0.00307012,0.00254405,0.00210987
3806,26.812154000000003,5.969201000000006,0.60285,0.180902,0.0245878,0.0159003,0.0110366,0.00734935,0.00549002,0.00399793
3807,26.794341,5.9597319999999945,0.60285,0.105315,0.00862054,0.00355526,0.00238764,0.00174507,0.00144605,0.00119926
3808,26.300078,7.186201000000001,0.60357,5.0033,0.397658,0.164855,0.110735,0.0809355,0.0670672,0.0556211
3818,25.392596,6.407276,0.60577,0.09543,0.00829166,0.00324113,0.00217371,0.00158859,0.00131637,0.00109171
3820,25.259619,7.048809999999996,0.60753,0.0683296,0.00554615,0.00230234,0.00154651,0.00113034,0.000936654,0.000776799
3821,25.630353,6.494585999999995,0.60755,0.116482,0.0100106,0.00415682,0.0027922,0.0020408,0.00169111,0.00140249
3822,25.628706,6.484685000000005,0.60755,0.0856941,0.00710465,0.00294729,0.00197973,0.00144697,0.00119903,0.000994398
3824,25.428293,5.958686999999998,0.60869,0.0927865,0.00804157,0.0033128,0.00222199,0.00162335,0.00134506,0.00111546
3825,26.565929,5.512540000000006,0.6088,0.125993,0.0112896,0.00454553,0.00302514,0.00220453,0.00182552,0.00151351
3826,25.747064,6.773763999999996,0.60912,0.0731963,0.00629094,0.00261225,0.00175469,0.00128249,0.00106274,0.000881363
3827,25.749139,6.775468999999996,0.60912,0.107983,0.00904937,0.00375726,0.0025238,0.00184463,0.00152856,0.00126768
3828,25.747865,6.758103000000005,0.60912,0.10172,0.00924689,0.00353921,0.00234915,0.00171217,0.00141802,0.00117577
3829,25.747501,6.774754999999996,0.60912,0.138967,0.0108919,0.00452233,0.00303772,0.00222025,0.00183981,0.00152582
3830,25.731616,5.800307000000001,0.60915,0.0685616,0.0082815,0.00419154,0.00273763,0.0018366,0.0014176,0.00108833
3831,26.924774,5.576636999999994,0.61003,0.164851,0.0141991,0.00589029,0.00395652,0.00289179,0.00239628,0.00198732
3835,26.041958,5.880657000000006,0.61174,0.0787078,0.00674307,0.00279975,0.00188063,0.00137454,0.00113901,0.000944623
3836,26.039108,5.879691999999994,0.61174,0.0682379,0.00582894,0.00242023,0.0016257,0.00118822,0.000984617,0.000816576
3837,26.11775,5.896120000000003,0.61184,0.0817577,0.01015,0.00287241,0.00177119,0.00126578,0.00104416,0.000864444
3838,26.119078,5.894614999999994,0.61184,0.0793033,0.00688153,0.00283088,0.00189981,0.00138836,0.00115044,0.000954097
3840,26.230316,5.407680000000006,0.61212,0.113714,0.00560758,0.00221593,0.00148791,0.00108748,0.000901144,0.000747349
3841,26.39448,5.772968000000003,0.61247,0.169745,0.0211159,0.00751983,0.00443592,0.00304671,0.00247806,0.00203617
3842,26.390051,5.776681000000003,0.61247,0.170141,0.0147108,0.00607154,0.00407673,0.00297951,0.00246896,0.00204759
3843,26.387481,5.783968,0.61247,0.227238,0.0196508,0.00810187,0.0054409,0.00397665,0.00329525,0.00273286
3845,26.998424,6.633216000000001,0.61338,0.309447,0.0265601,0.0110286,0.00740805,0.00541449,0.00448672,0.00372099
3846,26.995720000000002,6.627570999999996,0.61338,0.0793542,0.00679068,0.00281226,0.00188895,0.00138062,0.00114405,0.000948801
3847,26.996884,6.630334999999996,0.61338,0.150782,0.0127889,0.00530778,0.0035653,0.00260585,0.00215934,0.00179082
3848,26.983618,6.634732000000003,0.61338,0.172788,0.0151322,0.00607515,0.00406026,0.00296386,0.00245535,0.00203609
3849,27.004116,6.631853000000006,0.61338,0.25466,0.0825286,0.0638853,0.04243,0.0259501,0.0179596,0.0118474
3850,26.488654,5.371141000000005,0.61345,0.238065,0.0230298,0.00868088,0.00570382,0.00414742,0.00343368,0.00284681
3851,25.039121,5.878653999999999,0.61355,0.0753395,0.00636813,0.0026295,0.00176586,0.00129062,0.00106947,0.000886943
3856,25.757467,5.675881,0.61497,0.0740986,0.00635832,0.00263713,0.00177138,0.00129469,0.00107284,0.000889746
3857,26.7986,5.714540000000001,0.61535,0.281592,0.0239214,0.00992969,0.00666991,0.00487499,0.00403967,0.00335023
3858,27.047288,5.836319999999996,0.61562,0.194352,0.0180378,0.00689426,0.00460108,0.00336029,0.0027843,0.00230907
3859,27.040601,5.850788999999995,0.61562,0.224668,0.0189966,0.00772879,0.00518401,0.00378803,0.00313883,0.00260311
3860,25.828716000000004,7.177517000000003,0.61592,0.0840181,0.00721506,0.00298925,0.00200786,0.00146753,0.00121607,0.00100853
3861,27.089492,6.032579000000001,0.61597,0.155789,0.0133533,0.0055378,0.00371976,0.00271875,0.00225289,0.0018684
3865,26.386483,6.353592000000004,0.61666,0.214785,0.018702,0.00768562,0.00515171,0.00376324,0.00311805,0.00258578
3866,27.12477,5.615375000000001,0.61666,0.157023,0.0201936,0.00759574,0.00448522,0.00298082,0.00236431,0.00189992
3872,26.589,5.756993000000003,0.61679,0.101342,0.00819588,0.00337192,0.00226444,0.00165503,0.00137144,0.00113738
3873,26.58844,5.757988000000006,0.61679,0.0531135,0.00451397,0.0018567,0.00124708,0.00091148,0.000755298,0.000626394
3874,27.129045,6.2290989999999935,0.61679,0.111268,0.00953579,0.00395965,0.00265976,0.001944,0.00161089,0.00133597
3875,27.136819,6.2341159999999975,0.61679,0.101395,0.00846423,0.00346995,0.00233056,0.00170339,0.00141151,0.00117062
3876,26.714011,5.7312840000000005,0.61688,0.388186,0.0323862,0.0133635,0.00897482,0.00655952,0.00543554,0.00450788
3877,26.710992000000005,5.738134,0.61688,0.0798326,0.00687369,0.00285404,0.0019171,0.0014012,0.0011611,0.000962941
3878,26.707461,5.738322999999997,0.61688,0.129141,0.0110169,0.00457307,0.0030718,0.00224516,0.00186045,0.00154293
3879,26.649762,5.700544999999994,0.61729,0.0638186,0.0705017,0.179024,0.230416,0.25087,0.249584,0.237089
3881,25.945281,5.615199000000005,0.61858,0.118734,0.010212,0.00423662,0.00284572,0.00207991,0.00172352,0.00142937
3882,25.039368,5.569612000000002,0.61872,0.0988134,0.00842185,0.00349386,0.00234685,0.00171529,0.00142138,0.0011788
3884,27.027341,6.459141999999997,0.61905,0.059566,0.00594676,0.00246842,0.00157868,0.00110603,0.000897371,0.000732369
3885,26.023117,5.577068999999997,0.61917,0.590018,0.0501056,0.0208057,0.0139755,0.0102146,0.00846435,0.00701977
3886,26.031605,5.589693000000003,0.61917,0.183655,0.0173343,0.00680115,0.00445107,0.00322239,0.00266378,0.00220677
3887,26.030243,5.577839000000001,0.61917,0.0732889,0.033359,0.0366646,0.0311456,0.0240353,0.019324,0.0147858
3888,25.825947,5.724698000000002,0.61979,0.0894773,0.0088173,0.00361311,0.00230797,0.00162643,0.00132674,0.00108878
3889,25.827081,5.723898999999998,0.61979,0.145105,0.0124862,0.0051848,0.0034827,0.00254549,0.00210932,0.00174933
3890,25.824456,5.727227000000002,0.61979,0.0686455,0.0146622,0.00588048,0.00305134,0.00173445,0.00125241,0.000930796
3891,25.823829,5.726085999999994,0.61979,0.0609998,0.00526378,0.00213767,0.00143368,0.00104763,0.000868091,0.000719931
3892,26.16295,5.733895000000007,0.61998,0.411791,0.0352777,0.0146422,0.00983537,0.00718861,0.00595685,0.00494021
3893,24.956687000000002,5.599687000000005,0.62016,0.147189,0.011837,0.00490592,0.00329536,0.00240856,0.00199585,0.00165523
3894,25.685359,6.649365000000001,0.62032,0.0587183,0.0052775,0.00213149,0.00141372,0.00102701,0.000849232,0.000703408
3895,25.792857,6.570883999999995,0.62033,0.0556722,0.00476442,0.00197204,0.00132462,0.000968153,0.00080226,0.000665342
3899,26.350302,5.448723999999997,0.62047,0.153016,0.0128776,0.00534537,0.00359056,0.00262432,0.00217464,0.00180351
3900,25.041653,6.481548000000005,0.62075,0.145996,0.0121432,0.00500172,0.00335923,0.00245522,0.00203452,0.00168729
3901,25.037164,6.474865999999996,0.62075,0.0799262,0.00659287,0.00263818,0.00177114,0.00129448,0.00107267,0.000889599
3904,26.000273,5.715306000000002,0.62088,0.250312,0.0212835,0.00883549,0.00593492,0.00433779,0.00359451,0.00298105
3905,27.181639,4.919323999999998,0.62125,0.0782609,0.00682962,0.00278682,0.00186674,0.00136344,0.00112966,0.00093681
3906,27.179181,4.920026,0.62125,0.0573951,0.00488828,0.0020266,0.00136126,0.000994936,0.000824454,0.000683748
3907,27.172043,4.921385000000005,0.62125,0.0768153,0.00656804,0.00270795,0.00181882,0.00132936,0.00110157,0.000913571
3908,25.021017,6.634424000000007,0.62164,0.0648557,0.00557946,0.00231681,0.00155623,0.00113744,0.000942541,0.000781681
3909,26.024224,5.664225000000005,0.6223,0.0800848,0.00725237,0.00294816,0.00194859,0.0014106,0.00116438,0.000963187
3910,26.037817,5.670395000000001,0.6223,0.111239,0.0093643,0.00388383,0.00260882,0.00190677,0.00158004,0.00131038
3911,25.261477,6.183512999999995,0.62366,0.0545072,0.00467867,0.00194208,0.00130451,0.000953461,0.000790086,0.000655245
3917,25.642291000000004,5.760285999999996,0.62394,0.113908,0.00980167,0.00405514,0.00272365,0.00199069,0.00164958,0.00136806
3918,26.21966,6.4110579999999935,0.62421,0.0805483,0.00660953,0.00273944,0.00184011,0.00134492,0.00111447,0.00092427
3919,26.211283,6.407965000000003,0.62421,0.129406,0.0111588,0.00462131,0.00310392,0.00226862,0.00187989,0.00155906
3920,26.952328000000005,6.934564999999998,0.62429,0.113403,0.00962071,0.00399094,0.00268076,0.00195935,0.00162362,0.00134652
3921,26.955638,6.9257090000000066,0.62429,0.0690068,0.00586996,0.00243592,0.00163623,0.00119591,0.000990992,0.000821863
3922,26.953677,6.922845999999996,0.62429,0.107451,0.00921588,0.00382665,0.00257042,0.0018787,0.00155679,0.0012911
3923,25.026075,6.916603999999996,0.62503,0.0903561,0.00737814,0.00298381,0.00200364,0.00146443,0.0012135,0.00100639
3924,25.028734000000004,6.923582000000006,0.62503,0.14753,0.0126783,0.00526218,0.00353467,0.00258347,0.00214079,0.00177543
3925,25.576988,5.565107,0.62516,0.129458,0.0101005,0.00418645,0.00281208,0.00205533,0.00170315,0.00141248
3926,25.574285,5.543133999999999,0.62516,0.0861368,0.0109569,0.00306859,0.00194136,0.00140424,0.00116199,0.000963298
3927,25.577016,5.549892000000003,0.62516,0.116876,0.0100534,0.00417361,0.00280346,0.00204903,0.00169793,0.00140815
3932,26.30373,7.066574999999999,0.62551,0.313232,0.0283996,0.0110101,0.00735501,0.00537169,0.00445087,0.00369118
3933,26.302767,7.066826,0.62551,0.0814255,0.00679178,0.00281986,0.00189414,0.00138442,0.0011472,0.000951409
3934,26.326849,5.349345999999994,0.62552,0.0821326,0.00675661,0.00279753,0.00187912,0.00137344,0.0011381,0.000943863
3935,26.093726,7.014407000000005,0.62579,0.111647,0.00988742,0.00394365,0.00264233,0.00193069,0.00159982,0.00132677
3936,26.096724,7.015729999999994,0.62579,0.112814,0.0097004,0.00401484,0.0026966,0.00197092,0.0016332,0.00135447
3937,26.092316,7.013029000000001,0.62579,0.130671,0.00952699,0.00394314,0.00264862,0.00193586,0.00160415,0.00133038
3938,26.093393,7.017177999999995,0.62579,2.31786,0.201808,0.0824916,0.0553653,0.0404627,0.0335292,0.0278069
3952,26.957033,5.091554000000001,0.62965,0.130046,0.011076,0.00436998,0.00292075,0.00213258,0.00176684,0.0014652
3970,26.530961,5.121590000000002,0.63114,0.0817478,0.00724652,0.00286788,0.0019172,0.00140009,0.00116003,0.000962017
3971,26.524063,5.121237000000005,0.63114,0.578134,0.050113,0.0206569,0.0138702,0.0101373,0.00840022,0.00696658
3972,26.536436,5.125828999999995,0.63114,0.117037,0.0106196,0.0041561,0.00277678,0.00202801,0.00168037,0.00139355
3973,25.513934,5.710667000000005,0.63123,0.451781,0.0387045,0.0160717,0.0107956,0.00789044,0.00653841,0.00542253
3976,25.288813,5.609500999999994,0.63139,0.109445,0.00938238,0.00389592,0.00261694,0.00191271,0.00158497,0.00131447
3978,25.135875,6.438243000000005,0.63156,0.145816,0.0130638,0.00567433,0.00380363,0.0027348,0.00223561,0.0018284
3979,25.13231,6.447233999999997,0.63156,0.146524,0.0132603,0.00524457,0.00350216,0.00255729,0.00211884,0.00175717
3984,25.494552,5.181437999999995,0.63251,0.0863655,0.00741183,0.003076,0.00206618,0.00151016,0.00125139,0.00103782
3985,25.500897,5.171559000000003,0.63251,0.194571,0.016623,0.00689426,0.00463085,0.00338465,0.00280469,0.00232602
3986,25.402602,6.155159000000004,0.63281,0.10535,0.00767932,0.00264203,0.00176105,0.0012861,0.00106565,0.00088376
3987,25.407525,6.155567000000001,0.63281,0.0791176,0.00698745,0.00283688,0.00189752,0.00138557,0.00114796,0.000951991
3988,25.40724,6.157235999999998,0.63281,0.435492,0.0369449,0.0152692,0.0102562,0.00749615,0.00621169,0.00515156
3989,25.401245,6.157896,0.63281,0.0543326,0.00469135,0.00191769,0.00128561,0.000939211,0.000778206,0.000645369
3990,26.785354,5.422882999999994,0.63284,0.170962,0.0142596,0.0059198,0.00397641,0.00290633,0.00240834,0.00199731
3991,25.263779,6.334142999999996,0.6332,0.138201,0.0134609,0.00547922,0.00351122,0.00248747,0.00203572,0.00167507
3992,25.257407,6.333132000000006,0.6332,0.110328,0.0130653,0.00403912,0.00253868,0.00182493,0.00150749,0.00124879
3993,25.2617,6.331575999999998,0.6332,0.0674701,0.00678259,0.00254259,0.00163436,0.00117284,0.000966609,0.000799384
3994,25.573035,6.3523920000000045,0.63361,0.119663,0.010222,0.00424401,0.00285076,0.00208361,0.00172658,0.00143191
3995,25.569855,6.343048000000004,0.63361,0.589613,0.0456283,0.0189044,0.0126982,0.00928103,0.00769073,0.00637818
3996,25.570685,6.353342999999999,0.63361,0.188658,0.0192663,0.00913807,0.00614567,0.00432429,0.00345509,0.00274659
3997,26.395421,4.998339999999995,0.63398,0.162915,0.0138368,0.00569292,0.00382262,0.00279381,0.00231508,0.00191997
3998,26.397117,4.999883000000002,0.63398,0.130712,0.0111626,0.00462434,0.003106,0.00227014,0.00188115,0.0015601
3999,26.991300000000003,4.972425000000005,0.63398,0.0678607,0.005827,0.00241882,0.00162475,0.00118752,0.000984036,0.000816094
4003,25.770849,6.703275000000001,0.63476,0.237803,0.0207806,0.00847153,0.00568158,0.00415171,0.00344023,0.00285308
4004,27.047332,5.748509999999998,0.63556,0.0800812,0.00677332,0.00281012,0.00188759,0.00137963,0.00114323,0.000948119
4005,27.048942000000004,5.749635000000006,0.63556,0.238241,0.0150122,0.0061816,0.00415215,0.00303478,0.00251477,0.00208558
4007,27.031318,6.765401999999998,0.63612,0.0867609,0.0111976,0.00423825,0.00246496,0.00163565,0.00130354,0.00105472
4008,27.180879,6.173753000000003,0.63623,0.0841937,0.0124703,0.00629836,0.00393902,0.00252528,0.00189381,0.00141462
4009,25.480992,4.916806000000004,0.63694,1.33142,0.115594,0.0472051,0.0316781,0.0231507,0.0191836,0.0159096
4014,24.804764,5.981169000000001,0.63832,0.138051,0.0116888,0.00485347,0.00326015,0.00238282,0.00197453,0.00163754
4015,24.807155,5.980017000000001,0.63832,0.165173,0.0134828,0.0055953,0.00375844,0.00274702,0.00227632,0.00188783
4016,26.294169000000004,5.596734999999998,0.63868,0.0830403,0.006703,0.00274444,0.0018427,0.00134676,0.00111599,0.000925528
4017,25.851963,5.5443719999999965,0.63876,0.0745834,0.00540468,0.00224224,0.00150615,0.00110083,0.000912205,0.000756523
4018,25.853616,5.547090000000006,0.63876,0.201604,0.0169412,0.00703458,0.00472523,0.00345364,0.00286186,0.00237344
4020,26.031096,7.115261000000004,0.63964,0.0893678,0.0052222,0.00214226,0.00143895,0.00105172,0.000871505,0.000722768
4021,26.033129,7.125210999999997,0.63964,0.0634643,0.00537722,0.00222962,0.00149765,0.00109462,0.000907056,0.000752253
4022,26.982837,5.750766,0.64043,0.0692335,0.0121567,0.0101527,0.00809351,0.00601499,0.0047527,0.0035949
4023,25.286844,6.527700000000003,0.64078,0.110655,0.00766803,0.00306694,0.002058,0.00150403,0.0012463,0.0010336
4024,25.862481,6.946345000000001,0.64083,0.159889,0.0133276,0.00550907,0.00369996,0.00270423,0.00224085,0.00185841
4025,25.857733,6.948209999999996,0.64083,0.293213,0.028473,0.0108527,0.00707769,0.00512672,0.00423999,0.00351366
4026,26.94579,5.164188999999996,0.64117,0.174852,0.0150398,0.00623557,0.00418802,0.00306093,0.00253643,0.00210354
4027,26.960555,5.160639999999996,0.64117,0.166939,0.0122702,0.00489781,0.00328855,0.00240353,0.00199169,0.00165177
4028,26.961031,5.167853999999997,0.64117,0.0977936,0.00836205,0.00347115,0.00233162,0.00170417,0.00141216,0.00117115
4030,27.152138,6.067478000000007,0.64177,0.112197,0.00973849,0.00400706,0.00269017,0.00196612,0.00162922,0.00135117
4031,27.151539,6.067539999999997,0.64177,1.57615,0.129087,0.0487657,0.032577,0.0237922,0.0197135,0.0163486
4032,25.904968,7.049478999999995,0.64209,0.085965,0.00688934,0.00285953,0.00192079,0.00140389,0.00116333,0.000964792
4033,25.909538,7.044022999999999,0.64209,0.0540226,0.00445444,0.00184183,0.00123708,0.000904168,0.000749239,0.000621369
4036,26.424793,7.147946999999999,0.6433,0.48077,0.0375622,0.0139396,0.00932407,0.00681206,0.0056446,0.00468121
4037,26.431833,7.1396939999999995,0.6433,0.242324,0.0205326,0.00852469,0.00572616,0.00418521,0.00346808,0.0028762
4039,25.728028,6.208008999999998,0.64383,0.0627362,0.00672176,0.00262635,0.00162925,0.00113517,0.000924047,0.000758211
4040,25.728508,6.208114999999998,0.64383,0.0800967,0.00687497,0.00285406,0.0019171,0.00140119,0.0011611,0.00096294
4041,25.727662,6.208272999999998,0.64383,0.238524,0.0201759,0.00834655,0.00560586,0.00409724,0.00339517,0.00281573
4043,26.296664,6.709878999999995,0.6448,0.128357,0.010688,0.00442663,0.00297342,0.00217325,0.00180087,0.00149352
4044,26.345752,6.829095999999995,0.64523,0.082441,0.00859873,0.00434949,0.00298869,0.00210764,0.00167334,0.00131471
4045,26.342881,6.835542,0.64523,0.0651197,0.00579026,0.00234265,0.00156082,0.00113742,0.000941768,0.000780733
4046,25.513245,6.132707000000004,0.64531,0.191854,0.0162042,0.00670822,0.00450588,0.00329331,0.002729,0.00226326
4047,26.354833,6.884009000000004,0.64556,0.141117,0.0434799,0.0137644,0.00598297,0.00313492,0.00225745,0.00171731
4048,26.346007000000004,6.891122,0.64556,0.0975805,0.00575833,0.00235217,0.00157991,0.00115475,0.000956882,0.000793575
4052,26.417553,5.671230000000007,0.6459,0.136639,0.0116002,0.00480189,0.00322541,0.00235743,0.00195348,0.00162009
4053,26.418144,5.675287000000006,0.6459,0.0505336,0.00403674,0.00167204,0.00112312,0.000820883,0.000680226,0.000564134
4055,25.709177,5.418706999999995,0.64659,0.0751622,0.0064783,0.00268506,0.00180349,0.00131815,0.00109228,0.000905869
4056,25.708529,5.408792000000002,0.64659,0.0607938,0.00524957,0.00217342,0.00145948,0.00106667,0.000883893,0.000733041
4058,26.908983,6.574641000000003,0.64724,0.125407,0.0107874,0.00447935,0.00300884,0.00219914,0.00182232,0.00151131
4059,26.915598,6.566942000000006,0.64724,0.129953,0.0108802,0.00450645,0.00302686,0.0022123,0.00183322,0.00152035
4062,24.830703,5.329349999999999,0.64933,0.11041,0.0104902,0.00415525,0.00270493,0.00194269,0.00159908,0.00132055
4063,27.066839,6.380770000000002,0.64996,0.0766523,0.00658315,0.00273109,0.00183449,0.00134082,0.00111107,0.000921446
4064,27.060888,6.392424000000002,0.64996,0.351306,0.0277179,0.010944,0.0073404,0.00536435,0.00444512,0.00368648
4065,27.062768,6.3983060000000025,0.64996,0.0743492,0.00648229,0.00265204,0.00177978,0.0013007,0.00107782,0.000893871
4066,25.443103,6.543811999999997,0.6502,0.205206,0.0176298,0.00719137,0.00482657,0.00352738,0.00292293,0.00242408
4067,25.440018,6.544435999999997,0.6502,32.2591,2.77977,1.14989,0.77214,0.564318,0.467618,0.38781
4068,25.155371000000002,7.081921999999997,0.65024,0.323423,0.0281023,0.0115683,0.00775795,0.00566788,0.0046963,0.00389467
4072,26.669867,6.055096000000003,0.65075,0.15475,0.0132941,0.00551052,0.00370145,0.00270536,0.0022418,0.0018592
4073,26.663621,6.055370000000005,0.65075,0.0748984,0.00670688,0.00270442,0.00179834,0.00130949,0.001084,0.000898549
4075,26.803255,4.867590999999994,0.65083,0.124116,0.0108613,0.00435504,0.00292075,0.00213444,0.00176868,0.00146682
4076,26.802567,4.867451,0.65083,0.142694,0.0117698,0.00488051,0.0032783,0.00239609,0.00198552,0.00164666
4077,25.820431,5.385285000000003,0.65099,0.155004,0.0135827,0.0055638,0.00372027,0.0027143,0.00224805,0.00186389
4078,25.027465,4.8565350000000045,0.65133,0.0502964,0.00427105,0.00176137,0.00118296,0.000864612,0.000716461,0.000594185
4079,25.03063,4.864155999999999,0.65133,0.694757,0.207141,0.393063,0.473141,0.492421,0.477526,0.442492
4080,25.029367,4.8564979999999975,0.65133,0.092964,0.00798027,0.00330582,0.00222049,0.00162294,0.00134485,0.00111533
4081,24.859334,5.6432820000000055,0.65164,0.0558897,0.0046938,0.00192463,0.00129267,0.000944798,0.000782908,0.000649292
4088,26.598197,5.233160999999998,0.65369,0.0955719,0.00861593,0.00348315,0.00230819,0.00167688,0.00138693,0.00114905
4091,27.177803,4.814478000000003,0.65442,0.0701645,0.0059938,0.00248884,0.00167179,0.0012219,0.00101253,0.000839725
4092,26.738303,6.2261389999999945,0.65463,0.0525002,0.00559244,0.00213017,0.00133555,0.000935097,0.000761192,0.000623725
4093,26.743019,6.221608000000004,0.65463,0.0689793,0.00598395,0.00245001,0.0016423,0.00119972,0.000994041,0.000824355
4096,24.948739,5.7575520000000004,0.6549,0.121598,0.0396366,0.0336798,0.0245365,0.0164798,0.0121239,0.00848397
4097,27.010424,5.6608360000000015,0.65587,0.0559932,0.00487103,0.00203211,0.00136147,0.000991524,0.000819791,0.000678534
4098,27.018545,5.658945999999997,0.65587,0.0858826,0.007814,0.00309416,0.00204604,0.00148584,0.00122879,0.00101796
4099,27.008608000000002,5.664305999999995,0.65587,0.296473,0.025123,0.0104316,0.00700705,0.0051214,0.00424386,0.00351957
4100,25.734092,4.876873999999995,0.65591,0.0687583,0.00788564,0.0029135,0.00177469,0.00123019,0.00100076,0.000821242
4101,25.735132,4.878746999999996,0.65591,0.0836673,0.00925068,0.0031565,0.00199204,0.00142682,0.00117671,0.000973877
4102,26.475813,6.527739000000005,0.65664,0.153821,0.0216309,0.00817789,0.00464599,0.00300167,0.00235637,0.00188405
4103,26.483528,6.525760999999995,0.65664,0.0599833,0.00515289,0.00213969,0.00143726,0.00105049,0.000870486,0.000721924
4104,26.580037,6.544306000000004,0.65675,0.0662237,0.00575704,0.00235651,0.00158177,0.00115602,0.000957935,0.000794447
4105,26.846097,6.761835999999994,0.65702,0.100468,0.00979262,0.00379533,0.00245308,0.0017571,0.00144529,0.00119315
4106,26.847536,6.776199999999998,0.65702,0.0618725,0.00496853,0.00205355,0.00137939,0.00100819,0.000835435,0.000692855
4115,26.868767,6.920155999999996,0.65803,0.260839,0.0343933,0.0327207,0.0315584,0.0281898,0.0250774,0.0213893
4116,26.869307,6.931472999999999,0.65803,0.0940993,0.00967144,0.00352482,0.00226524,0.00163183,0.0013476,0.00111597
4117,27.073948,4.9301240000000055,0.65814,0.100176,0.00841386,0.0034929,0.00234623,0.00171484,0.00142101,0.00117849
4118,27.072734,4.919277000000003,0.65814,0.117173,0.0100885,0.00418201,0.00280905,0.00205312,0.00170132,0.00141096
4119,27.066249,5.065776000000005,0.65815,0.242301,0.0205176,0.00851412,0.00571905,0.00418001,0.00346377,0.00287262
4122,27.176234,6.923849999999996,0.65861,0.101822,0.00877533,0.00363868,0.00244407,0.00178635,0.00148026,0.00122763
4123,27.175562,6.924620000000001,0.65861,0.079407,0.0162888,0.0102414,0.00659287,0.00409911,0.00293472,0.00204877
4124,27.177427,5.552660999999999,0.65905,0.116516,0.00976317,0.00403801,0.00271219,0.00198231,0.00164265,0.0013623
4125,27.182512000000003,5.553723,0.65905,0.121217,0.0101244,0.00420376,0.00282373,0.00206384,0.00171021,0.00141833
4128,25.969234,5.331781000000006,0.66043,0.296477,0.0264505,0.0109083,0.00724503,0.00525106,0.00433411,0.00358381
4129,25.970616,5.335610999999997,0.66043,0.833531,0.0693072,0.0282008,0.0189194,0.0138253,0.011456,0.00950074
4130,26.966435,6.905820000000001,0.66053,0.0675364,0.00609192,0.00246264,0.00163169,0.00118596,0.000981211,0.000813128
4133,26.233827,6.955265000000004,0.66108,0.140002,0.0118753,0.00493015,0.00331165,0.00242046,0.00200572,0.00166341
4134,26.23999,6.952215999999996,0.66108,0.278644,0.0236035,0.00980099,0.00658347,0.00481181,0.00398731,0.00330681
4135,24.84808,5.242016,0.66153,0.0837354,0.0175853,0.00995487,0.00587564,0.00341372,0.00237517,0.0016422
4136,26.660611,5.283441999999999,0.66195,0.0783567,0.00825766,0.00311105,0.0019576,0.00137642,0.00112285,0.000921536
4137,26.162113,6.732321999999997,0.66243,0.12236,0.0105633,0.00422725,0.00283491,0.00207168,0.00171667,0.00142369
4138,26.17604,7.047656,0.66328,0.0885576,0.00791116,0.00312799,0.00208055,0.00151614,0.00125544,0.00104083
4140,26.574044000000004,5.301014999999994,0.66359,0.290661,0.0249492,0.0103316,0.00693829,0.00507091,0.00420198,0.00348483
4141,26.992105,6.874777000000001,0.6637,0.0597543,0.0050657,0.00210231,0.00141215,0.00103213,0.000855276,0.000709309
4142,26.199485000000003,5.020215000000004,0.66388,0.53953,0.0462413,0.0191929,0.0128921,0.00942274,0.00780816,0.00647557
4147,26.21554,4.952888999999996,0.66421,0.0616425,0.00533557,0.00220395,0.00147983,0.00108154,0.000896217,0.000743262
4148,26.213025000000002,4.959336000000005,0.66421,1.13462,0.0971611,0.0403391,0.0270963,0.0198045,0.016411,0.0136102
4149,26.215423,4.954471000000004,0.66421,0.0644311,0.00460271,0.00189517,0.00127294,0.000930381,0.00077096,0.000639384
4152,25.031171,5.319603999999999,0.66518,0.296005,0.0249542,0.0103537,0.00695465,0.00508311,0.00421212,0.00349326
4153,25.738668,5.127897000000004,0.6652,0.116934,0.00831116,0.00344945,0.00231704,0.00169351,0.00140333,0.00116383
4154,25.974258,5.411311,0.66523,0.0911798,0.00783234,0.00325053,0.00218342,0.00159585,0.0013224,0.00109671
4155,25.969783,5.421403999999998,0.66523,0.275655,0.0218693,0.00866772,0.00580423,0.00424002,0.00351319,0.00291352
4158,26.198829,6.243668999999997,0.66548,0.251314,0.0250975,0.0102843,0.00657408,0.00461963,0.00375721,0.00307339
4159,26.225104,5.826850999999998,0.66638,0.113153,0.00980908,0.0040234,0.00270065,0.00197372,0.00163551,0.00135638
4160,25.180906,7.155970000000006,0.66639,0.245384,0.0263569,0.00709473,0.00429346,0.00303273,0.00249123,0.00205748
4161,25.174241,7.1633619999999985,0.66639,0.0919853,0.00749699,0.00311254,0.00209074,0.00152811,0.00126627,0.00105016
4162,25.969921,5.358737000000003,0.66693,0.0937302,0.00803049,0.00333299,0.00223881,0.00163633,0.00135595,0.00112453
4163,25.973534,5.3632339999999985,0.66693,0.0630226,0.00932895,0.00555142,0.00359049,0.00227319,0.00166376,0.00120202
4164,27.017299,4.829228000000006,0.66697,0.47319,0.0453725,0.0160833,0.0106827,0.00779725,0.00646026,0.00535753
4165,27.01946,4.839263000000003,0.66697,5.22636,0.437206,0.181355,0.121818,0.0890363,0.07378,0.0611882
4166,27.044924,6.753768000000001,0.66731,0.350895,0.02969,0.0123111,0.00826952,0.00604414,0.00500848,0.0041537
4167,26.251106000000004,5.211940000000006,0.66896,0.705825,0.0898467,0.0284967,0.0169932,0.0118175,0.00965195,0.00794629
4173,27.060609,6.343588000000001,0.67026,0.1162,0.00873657,0.00257722,0.0016781,0.00121984,0.00100996,0.000837361
4174,26.449711,5.342456999999994,0.67033,0.0663437,0.00554231,0.00228999,0.00153803,0.00112412,0.000931505,0.000772528
4175,26.515502,5.304744000000007,0.67036,24.6871,4.32754,3.81324,3.1441,2.40132,1.92727,1.47843
4176,27.07169,6.267629999999997,0.67066,0.0747423,0.00629917,0.0026102,0.00175325,0.00128143,0.00106186,0.000880638
4177,26.65177,6.533682000000005,0.67072,0.159079,0.0136512,0.00566446,0.00380489,0.00278097,0.00230445,0.00191116
4178,27.186754,5.512997999999998,0.67075,0.0685057,0.00538585,0.00223531,0.00150149,0.00109743,0.000909387,0.000754185
4179,27.184789,5.510776999999994,0.67075,0.43617,0.0372521,0.0154089,0.0103495,0.00756432,0.00626817,0.00519841
4180,27.188838,5.506494999999997,0.67075,0.324262,0.0270362,0.0112169,0.00753452,0.00550693,0.00456332,0.00378452
4181,26.117647,6.121555000000004,0.67109,0.247207,0.0606527,0.0889112,0.0916428,0.0824498,0.072463,0.0603566
4186,27.145075,6.325641000000004,0.67125,0.0720801,0.00620517,0.00257581,0.00173017,0.00126457,0.00104789,0.000869047
4187,27.144577,6.330419999999995,0.67125,0.104615,0.00844733,0.00348679,0.00234181,0.0017116,0.00141831,0.00117625
4188,27.143841,6.325647000000002,0.67125,0.131883,0.0110988,0.00460504,0.00309326,0.00226084,0.00187345,0.00155372
4189,27.155477,6.321584999999996,0.67125,0.108119,0.0101237,0.00518936,0.00384904,0.00292276,0.00241589,0.00195772
4194,25.472291,5.499840000000005,0.67215,0.0917214,0.00790201,0.00327955,0.0022029,0.00161008,0.0013342,0.00110649
4195,25.470135,5.498527999999995,0.67215,0.149287,0.0128699,0.00533562,0.00358306,0.00261864,0.0021699,0.00179955
4196,27.108447000000005,5.9794359999999935,0.67225,0.101042,0.00854222,0.0035459,0.00238183,0.00174087,0.00144257,0.00119637
4197,25.155092,4.983825000000006,0.6725,0.0547382,0.080789,0.0810022,0.0598765,0.0398058,0.0287703,0.0195427
4198,25.147798,4.9906650000000035,0.6725,0.0905047,0.0281163,0.0201001,0.0138173,0.00902774,0.00659856,0.00463015
4199,25.343053,4.987577999999998,0.67259,0.0650459,0.00556672,0.00231031,0.00155187,0.00113425,0.000939895,0.000779487
4200,26.679379,5.961803999999994,0.67263,0.0567826,0.00513699,0.00194868,0.00130361,0.000952441,0.000789217,0.000654521
4201,26.926422000000002,6.388881,0.67265,0.0886643,0.00762638,0.00313928,0.00210777,0.00154047,0.00127651,0.00105865
4202,26.931082,6.3906330000000064,0.67265,0.116252,0.0100048,0.00398575,0.00266844,0.00194926,0.00161512,0.00133944
4203,26.93362,6.386028000000003,0.67265,0.122699,0.025297,0.00735081,0.00364896,0.0022228,0.0017227,0.00137414
4204,26.726772,5.584136000000002,0.67274,0.134179,0.0115503,0.0047898,0.00321732,0.00235152,0.00194859,0.00161603
4205,26.893475000000002,6.098469000000004,0.6729,0.0637229,0.00936889,0.00303772,0.00170012,0.00114202,0.000923507,0.000756911
4206,26.864759,6.490824000000004,0.67325,0.0938509,0.00802453,0.00331999,0.00222986,0.00162978,0.00135051,0.00112003
4207,26.877839,6.494724000000006,0.67325,0.130349,0.0115342,0.00467945,0.00312693,0.00228242,0.00189084,0.00156799
4212,24.973492,5.085297999999997,0.67329,0.176649,0.0153811,0.00628798,0.00422073,0.00308471,0.00255613,0.00211989
4214,26.34069,5.910332000000004,0.6734,0.0527072,0.0117167,0.00740789,0.00461424,0.00275882,0.00192513,0.00131304
4215,26.32897,5.915751000000006,0.6734,0.183253,0.0151484,0.00629003,0.0042251,0.0030881,0.00255896,0.00212223
4216,25.224985,5.593174999999993,0.67352,0.18721,0.0536132,0.0659458,0.0576368,0.0441118,0.0347524,0.0257504
4217,25.22216,5.590717999999998,0.67352,0.0707111,0.00691499,0.003016,0.00194137,0.0013507,0.00108877,0.000883088
4218,25.226019,5.593628999999995,0.67352,0.0721846,0.00689203,0.00259191,0.00171168,0.00124651,0.0010323,0.000855945
4219,26.281007,5.869306999999999,0.67378,0.124928,0.00912514,0.00360539,0.00241722,0.00176634,0.00146364,0.00121384
4220,26.495385,6.690596999999998,0.67384,0.103404,0.0102464,0.00349472,0.0023076,0.00168255,0.00139385,0.00115588
4221,26.505841,6.685025000000001,0.67384,0.0643768,0.00542852,0.00225088,0.00151194,0.00110507,0.000915714,0.000759433
4222,26.505794,6.690012,0.67384,0.228404,0.01966,0.00815759,0.00547941,0.00400485,0.00331862,0.00275225
4223,26.509347,6.684602999999999,0.67384,0.255315,0.0220004,0.00912474,0.0061289,0.00447955,0.00371198,0.00307847
4224,26.571663,6.7012590000000065,0.6739,0.209933,0.017769,0.00737627,0.00495474,0.00362139,0.00300087,0.00248872
4225,26.110417,6.995089000000005,0.67397,0.170874,0.014688,0.00609713,0.0040955,0.00299337,0.00248046,0.00205713
4226,26.109104,6.998055999999995,0.67397,1.17098,0.128556,0.0462303,0.0288982,0.0205232,0.0168738,0.0139421
4228,25.054952,5.280177999999994,0.67421,0.216552,0.011425,0.00464153,0.00311751,0.00227856,0.00188813,0.00156589
4229,25.054082,5.279028000000001,0.67421,0.0994276,0.00786082,0.00320067,0.00214854,0.00157024,0.00130117,0.00107911
4230,25.053395,5.280264999999995,0.67421,8.89855,0.764137,0.316314,0.212462,0.155287,0.128679,0.106718
4231,26.233356,5.871518000000001,0.67432,0.15594,0.0134229,0.00555549,0.00373117,0.00272704,0.00225976,0.0018741
4232,26.911439,5.941536999999996,0.67439,0.0721446,0.00620151,0.00257488,0.00172959,0.00126414,0.00104753,0.000868755
4233,26.911522,5.943167999999995,0.67439,0.0590136,0.00519587,0.00211214,0.00141231,0.00103092,0.000854028,0.00070819
4234,26.913463,5.944844999999997,0.67439,0.121815,0.0104751,0.00433694,0.00291293,0.00212902,0.00176422,0.00146312
4237,26.429710000000004,6.0515500000000015,0.67532,0.110393,0.00900253,0.00319986,0.00211814,0.00154377,0.00127863,0.00106023
4238,26.415506,6.0530509999999955,0.67532,0.765527,0.094924,0.0312672,0.0186339,0.0127994,0.0103713,0.00848465
4242,25.33983,7.108858000000004,0.67591,0.182623,0.0158488,0.0065359,0.00438465,0.00320375,0.00265464,0.00220154
4243,25.345265,7.112925999999995,0.67591,0.058207,0.00470457,0.00192431,0.00129242,0.000944615,0.000782756,0.000649166
4244,26.859589,6.0130629999999945,0.67608,0.129871,0.011177,0.00464089,0.00311735,0.00227845,0.00188804,0.00156582
4245,26.861649,6.014863,0.67608,0.108737,0.00980202,0.00392018,0.00260996,0.00190336,0.00157656,0.0013073
4246,25.305503,7.119877,0.67622,0.0834896,0.00717365,0.00297508,0.00199835,0.00146058,0.00121031,0.00100375
4247,25.305816,7.122908,0.67622,0.147671,0.0121281,0.00503564,0.00338251,0.00247225,0.00204864,0.001699
4257,25.018671,5.358119000000002,0.67677,0.0799222,0.00686658,0.00284904,0.00191373,0.00139873,0.00115906,0.00096125
4262,26.815873,6.297752999999998,0.67757,0.078662,0.00999015,0.00558897,0.00372237,0.00247233,0.00187487,0.00140428
4263,26.814171,6.297072000000003,0.67757,0.146787,0.0121814,0.005056,0.00339618,0.00248225,0.00205692,0.00170587
4264,26.815322,6.296757000000004,0.67757,0.372437,0.0962647,0.161139,0.183245,0.181761,0.17094,0.153404
4265,26.816524,6.298262,0.67757,0.486778,0.0418887,0.0173627,0.0116615,0.00852322,0.00706276,0.00585738
4281,25.043562,5.260570999999997,0.67933,0.0612245,0.00517085,0.002119,0.00142315,0.00104016,0.000861933,0.00071483
4282,25.046419,5.258510000000003,0.67933,0.161832,0.0278595,0.00912772,0.00486505,0.00305366,0.00237832,0.00189555
4283,25.041966,5.262480000000001,0.67933,0.360864,0.0305465,0.0126474,0.00849511,0.00620901,0.0051451,0.004267
4285,25.379772,5.943586999999997,0.67988,0.0845094,0.00730754,0.00301028,0.00202147,0.00147744,0.00122428,0.00101534
4290,26.880436,5.512508999999998,0.68058,0.0763349,0.00656674,0.00272675,0.0018316,0.0013387,0.00110932,0.000919995
4291,26.884713,5.517587000000001,0.68058,0.0529838,0.00486415,0.00188332,0.00125414,0.000915215,0.000758221,0.000628775
4296,24.952715,5.473742000000003,0.68148,0.0824837,0.00703311,0.00290679,0.00195236,0.00142696,0.00118245,0.000980648
4297,24.830075,5.157949000000004,0.68157,0.100053,0.00839436,0.00346095,0.00232461,0.00169904,0.00140791,0.00116762
4300,26.846113,7.184544999999993,0.68171,0.0509469,0.00437049,0.00177188,0.00118946,0.000869328,0.000720367,0.000597425
4301,26.85837,7.190671000000005,0.68171,0.0972542,0.00830052,0.00344503,0.00231407,0.00169134,0.00140153,0.00116234
4306,24.885706,5.704862999999994,0.68212,0.143667,0.0123272,0.00503108,0.00337275,0.00246398,0.00204159,0.0016931
4307,26.231963,6.096084000000001,0.68236,0.31615,0.0271516,0.0112743,0.00757313,0.00553515,0.0045867,0.00380391
4308,25.121296000000005,6.743531999999997,0.68269,0.0650281,0.00557248,0.00231267,0.00155344,0.0011354,0.00094085,0.000780279
4309,25.119104,6.739438000000005,0.68269,0.173423,0.0176613,0.00808286,0.00523736,0.00359877,0.00285958,0.00228068
4310,24.916623,7.052483000000003,0.68281,0.0694167,0.00594625,0.0024688,0.00165833,0.00121206,0.00100437,0.000832962
4311,24.917161,7.0362329999999975,0.68281,0.0753952,0.00631236,0.00262021,0.00176003,0.0012864,0.00106597,0.000884048
4312,24.914784,7.044401000000005,0.68281,9.6657,0.822538,0.341211,0.229195,0.167517,0.138813,0.115123
4313,25.080137,5.648446999999996,0.68283,0.0561689,0.00481708,0.00199774,0.0013419,0.000980787,0.00081273,0.000674024
4314,25.126121,5.661342000000006,0.68294,0.129841,0.010935,0.00454048,0.00304991,0.00222916,0.00184719,0.00153194
4315,25.122199,5.660444999999996,0.68294,0.438373,0.0376974,0.0156454,0.0105092,0.00768108,0.00636493,0.00527865
4316,27.156609,7.169454999999995,0.68299,0.0661539,0.00562188,0.00233363,0.00156753,0.00114569,0.000949381,0.000787354
4317,27.142198000000004,7.166870000000002,0.68299,0.0724385,0.00618487,0.00256401,0.00172226,0.00125879,0.00104309,0.000865073
4318,27.147566,7.171107,0.68299,0.10987,0.00936589,0.00388741,0.00261123,0.00190853,0.0015815,0.00131159
4319,27.152254,7.165052000000002,0.68299,0.123192,0.0134448,0.00455253,0.00287835,0.00206154,0.00169968,0.00140636
4320,24.845673,7.001804000000006,0.68306,0.112879,0.00968792,0.00402265,0.00270207,0.00197493,0.00163652,0.00135722
4322,25.505819,5.263810000000006,0.68368,0.0949995,0.0113866,0.00388475,0.00236328,0.00166021,0.00136109,0.00112313
4323,25.518607,5.261957999999998,0.68368,0.0523157,0.00432426,0.00179183,0.00120358,0.000879689,0.000728955,0.000604547
4324,25.524984,5.268297,0.68368,0.109874,0.00941409,0.0038991,0.00261864,0.00191389,0.00158594,0.00131527
4329,26.878668,7.1665109999999945,0.68383,0.0658403,0.00562115,0.00233372,0.00156759,0.00114574,0.000949419,0.000787385
4330,25.058919,5.259540000000004,0.68406,0.0972905,0.0082877,0.00343619,0.00230806,0.00168694,0.00139788,0.00115931
4332,27.061536,7.121909000000007,0.68442,0.089551,0.00779321,0.00319634,0.00214487,0.00156745,0.00129885,0.00107718
4333,27.054924,7.128568000000001,0.68442,0.077547,0.00751247,0.00291871,0.00189093,0.00135663,0.00111668,0.000922323
4340,25.502852000000004,5.368940000000004,0.68506,0.0879675,0.00757666,0.00314416,0.00211196,0.00154362,0.00127912,0.00106082
4341,26.417712,6.380964000000005,0.68543,0.0705876,0.00603358,0.00250403,0.00168199,0.00122936,0.00101871,0.000844849
4342,26.42144,6.381048999999998,0.68543,0.127528,0.0124459,0.00454855,0.00301157,0.0021963,0.00181948,0.00150885
4343,25.288697,5.957185,0.68562,0.0575982,0.00488417,0.00201965,0.00135651,0.000991459,0.000821573,0.000681358
4344,25.282655,5.967933000000005,0.68562,0.101537,0.0086148,0.00356324,0.00239344,0.00174935,0.0014496,0.0012022
4345,25.282323,5.968756000000003,0.68562,0.0615943,0.00530557,0.00219947,0.00147728,0.00107972,0.000894708,0.000742011
4346,25.172129,7.121340999999999,0.68575,0.137824,0.0118443,0.00491495,0.00330139,0.00241296,0.0019995,0.00165825
4347,25.172025,7.118648,0.68575,0.0564475,0.00482884,0.00199653,0.00134075,0.000979903,0.000811992,0.000673411
4348,25.172797,7.123646000000004,0.68575,0.0636987,0.00635557,0.00265934,0.00169386,0.00118276,0.000958742,0.000782431
4349,25.166842,7.118241999999998,0.68575,2.25353,0.194244,0.0805729,0.0541179,0.039554,0.0327765,0.0271826
4352,25.978075000000004,6.530606999999996,0.68611,0.051187,0.00437455,0.00181392,0.00121843,0.000890541,0.000737947,0.000612005
4353,25.972862,6.5367779999999955,0.68611,0.0921564,0.00790689,0.00327682,0.00220106,0.00160874,0.00133308,0.00110557
4354,25.394239000000002,6.851540000000002,0.68626,0.0570587,0.00582634,0.00196256,0.00124805,0.000894896,0.000737733,0.000610263
4362,26.314339,6.225048999999998,0.68709,0.0881777,0.00761294,0.00314787,0.00211423,0.00154527,0.00128049,0.00106195
4365,25.02536,5.982798000000004,0.68744,0.140215,0.0168511,0.00652311,0.00393792,0.002656,0.00212001,0.00171086
4366,25.19045,6.435669000000006,0.68774,0.163527,0.0140242,0.00581005,0.00390256,0.00285235,0.0023636,0.00196022
4367,25.444205,6.5524070000000005,0.68808,0.0521851,0.00451229,0.00186583,0.00125238,0.000915189,0.000758344,0.000628911
4368,25.447528,6.561530999999997,0.68808,0.0638534,0.00548725,0.00226594,0.00152155,0.00111203,0.000921482,0.000764215
4369,25.542998,6.481753999999993,0.68837,0.41538,0.0360878,0.0148129,0.00994084,0.00726474,0.00601984,0.00499244
4370,25.542575,6.490100000000004,0.68837,0.12551,0.0111509,0.00449283,0.00299208,0.00217977,0.00180454,0.00149581
4371,25.837426,5.298807000000004,0.68861,0.123965,0.012081,0.00551389,0.00366983,0.00258383,0.00207598,0.00166614
4372,24.956086,5.989413000000003,0.6907,0.0534709,0.00454143,0.00187817,0.00126152,0.000922032,0.000764042,0.000633646
4373,24.953922,5.990710999999996,0.6907,0.085766,0.0121966,0.0140634,0.0148645,0.0141799,0.0130769,0.0115263
4374,26.55656,5.698103999999998,0.6911,0.0733611,0.00632595,0.00261596,0.00175663,0.00128384,0.00106385,0.000882286
4375,26.554579,5.684582999999995,0.6911,0.0569504,0.00489734,0.0020335,0.00136593,0.000998349,0.000827282,0.000686093
4376,26.552255,5.675457000000003,0.6911,0.12582,0.0101804,0.00419775,0.0028195,0.00206075,0.00170764,0.0014162
4377,26.518151,5.669955999999995,0.69126,0.189335,0.0149614,0.00620899,0.00417066,0.00304831,0.00252598,0.00209488
4378,26.517830000000004,5.673362000000002,0.69126,0.809426,0.0693129,0.0287729,0.0193271,0.0141261,0.0117056,0.00970783
4380,25.091025,4.948216000000004,0.69144,0.106088,0.00910591,0.00378013,0.00253916,0.00185586,0.00153786,0.0012754
4381,25.086934,4.950603000000003,0.69144,0.122127,0.0101994,0.00423466,0.00284448,0.00207901,0.00172278,0.00142876
4382,25.086709,4.947453999999994,0.69144,0.449156,0.0487826,0.0174084,0.0109784,0.00785676,0.00647899,0.00536247
4383,25.085811,4.951694000000003,0.69144,0.574457,0.0481452,0.0199576,0.0134056,0.00979809,0.00811919,0.00673352
4384,25.095857,4.942147000000001,0.69144,0.0547743,0.0052933,0.00177787,0.00117968,0.000861087,0.000713452,0.000591674
4386,25.028495,4.941845000000003,0.69172,0.0522663,0.00452943,0.00186979,0.00125448,0.000916606,0.000759496,0.000629859
4390,25.337936,6.4680189999999955,0.6925,0.503342,0.0387901,0.0159894,0.0107391,0.00784906,0.00650412,0.00539409
4391,25.348389,6.479616,0.6925,0.265269,0.0122859,0.0050934,0.00342131,0.00250061,0.00207213,0.00171849
4401,26.344554,5.594334999999999,0.69609,0.123777,0.0105936,0.00439866,0.00295464,0.00215953,0.00178949,0.00148409
4402,26.341975,5.586822,0.69609,0.0502114,0.00409866,0.00170165,0.00114303,0.00083543,0.00069228,0.000574131
4403,26.556182,6.643226000000002,0.69628,0.0610562,0.00521064,0.00216258,0.00145264,0.00106172,0.000879796,0.000729645
4404,26.545803,6.646103000000004,0.69628,0.053966,0.00455668,0.00188733,0.00126769,0.000926547,0.000767783,0.000636749
4405,25.759951,5.707891999999999,0.69635,0.0715276,0.00694859,0.00392936,0.00305599,0.0023769,0.001976,0.00159789
4406,25.762775000000005,5.713591000000002,0.69635,0.192836,0.0165224,0.00684999,0.00460121,0.00336299,0.00278675,0.00231114
4407,25.211732,5.5361780000000005,0.69641,0.0726627,0.0055422,0.00229067,0.00153864,0.00112458,0.000931888,0.000772846
4408,25.800237,5.7507340000000005,0.69641,0.0716663,0.0052704,0.00217498,0.00146088,0.00106774,0.000884787,0.000733784
4409,25.716423,6.823893999999998,0.69644,0.150686,0.0129223,0.00533976,0.00358607,0.00262098,0.00217187,0.00180121
4410,25.714709000000003,6.824728000000001,0.69644,0.113678,0.00966165,0.00400663,0.00269125,0.00196702,0.00162997,0.00135179
4411,25.715932,6.823644999999994,0.69644,0.597715,0.04962,0.0206012,0.0138381,0.0101142,0.00838115,0.00695077
4412,26.765663,5.099743999999994,0.69701,0.0672846,0.00558504,0.00230733,0.00154977,0.00113272,0.000938626,0.000778435
4413,25.297665,5.814574999999993,0.69709,0.0998706,0.00918671,0.00353638,0.00233589,0.00169829,0.00140544,0.00116487
4414,25.298989,5.819170999999999,0.69709,0.084474,0.00777077,0.00300808,0.00200561,0.00146422,0.00121316,0.00100608
4418,26.56323,5.066850000000002,0.6972,0.0567592,0.00487017,0.00202225,0.00135837,0.000992825,0.000822705,0.000682297
4419,26.571211,5.060025,0.6972,0.089324,0.00763343,0.00315771,0.002121,0.00155022,0.00128459,0.00106536
4420,26.565383,5.074334000000002,0.6972,0.0804905,0.00691549,0.00287084,0.00192838,0.00140944,0.00116793,0.000968607
4421,24.842185,5.207621000000002,0.69726,0.118369,0.0065555,0.00255336,0.00171286,0.00125179,0.00103728,0.000860252
4422,24.856678,5.205785999999998,0.69726,0.0613115,0.00524428,0.00217755,0.00146269,0.00106907,0.000885888,0.000734697
4423,24.844381,5.205211000000002,0.69726,0.0840077,0.00703427,0.00291986,0.00196131,0.00143351,0.00118788,0.000985149
4424,24.843239,5.208542999999996,0.69726,0.127045,0.0115076,0.00459882,0.00304728,0.00221495,0.00183237,0.00151829
4425,25.353525,5.610328000000006,0.6973,0.0692619,0.00603759,0.00248313,0.00166315,0.00121436,0.00100601,0.000834214
4426,25.361009,5.5973030000000055,0.6973,0.289894,0.0247705,0.0102813,0.00690607,0.0050476,0.0041827,0.00346885
4427,25.365684,5.600481000000001,0.6973,0.0783872,0.00841563,0.0037024,0.00231012,0.00156023,0.00123845,0.000992779
4428,25.367008,5.614317000000003,0.6973,0.0608681,0.00520122,0.00215756,0.00144922,0.00105922,0.000877726,0.000727928
4429,24.961739,6.202174000000005,0.69821,0.0767673,0.00749406,0.00341946,0.00224521,0.00156214,0.00124961,0.00100201
4430,26.98994,6.291667000000005,0.69836,0.333873,0.0288021,0.0118949,0.00798698,0.00583731,0.00483706,0.00401153
4431,25.459984000000002,6.069782999999998,0.69837,0.0935949,0.00787891,0.00326883,0.00219572,0.00160483,0.00132985,0.00110289
4432,25.440918,6.074852999999995,0.69837,0.117132,0.0247157,0.0175826,0.0115372,0.00708176,0.00496762,0.00337025
4433,25.446001,6.070582000000003,0.69837,0.102359,0.0082994,0.00344582,0.00231461,0.00169173,0.00140185,0.00116261
4437,26.566222,5.6481500000000056,0.69885,0.0679481,0.00576179,0.00237885,0.00159767,0.00116772,0.000967628,0.000802486
4438,26.568145,5.650964,0.69885,0.159285,0.013818,0.0055845,0.00374848,0.00273961,0.00227017,0.00188273
4442,24.850574,4.868411999999996,0.69893,0.0696128,0.00997823,0.00397646,0.00226199,0.00143695,0.00111227,0.000877569
4443,24.851453,4.865052000000005,0.69893,0.0630982,0.0212366,0.0158661,0.0105565,0.00654461,0.00458884,0.00307401
4444,27.188053,5.7164889999999975,0.69905,0.0599486,0.00353587,0.00144471,0.000970318,0.000709195,0.000587675,0.000487379
4445,27.188866,5.717282999999995,0.69905,0.0500426,0.00379807,0.00157653,0.00105898,0.000773998,0.000641374,0.000531913
4446,25.75022,6.1930659999999955,0.69909,0.651866,0.0560537,0.0232739,0.0156334,0.0114263,0.00946843,0.00785249
4448,25.269183000000005,5.540638000000002,0.69945,0.10223,0.00881139,0.00363934,0.00244444,0.00178662,0.00148048,0.00122781
4449,25.248553,5.546810999999996,0.69945,0.0800602,0.00687735,0.00284858,0.00191333,0.00139843,0.00115881,0.000961042
4450,25.258887,5.540696999999994,0.69945,0.455909,0.0394249,0.0158913,0.0106574,0.00778794,0.00645335,0.00535196
4451,25.257292000000003,5.544828000000005,0.69945,0.12683,0.010701,0.00441243,0.00296366,0.00216611,0.00179495,0.00148861
4452,25.261772,5.544169999999999,0.69945,0.105965,0.0129034,0.00493248,0.0029666,0.00199849,0.00159484,0.00128699
4453,26.017686,7.100341999999995,0.69962,0.057793,0.00475135,0.00197006,0.00132331,0.000967196,0.000801467,0.000664684
4454,26.003604,7.102992000000002,0.69962,0.0780129,0.00672171,0.00276913,0.00185911,0.00135871,0.00112589,0.000933735
4455,25.993857,7.103691999999997,0.69962,0.106878,0.00914579,0.00379569,0.00254961,0.00186349,0.00154419,0.00128065
4456,25.35179,5.987724999999996,0.69976,0.0758501,0.00619092,0.00257011,0.00172638,0.0012618,0.00104559,0.000867143
4457,25.352999,5.982546000000001,0.69976,0.0662756,0.00563528,0.00233444,0.00156806,0.00114608,0.000949702,0.00078762
4461,26.175705,7.125293000000003,0.70072,0.202125,0.0170034,0.00705441,0.00473853,0.00346336,0.00286992,0.00238012
4462,26.515918,6.220192999999995,0.70083,0.0610394,0.00525249,0.00218101,0.00146501,0.00107077,0.000887294,0.000735863
4463,26.51049,6.218319000000002,0.70083,0.0537186,0.00465891,0.00191163,0.00128361,0.000938158,0.000777404,0.000644728
4465,26.500326,5.323907000000004,0.70096,0.0891042,0.00807353,0.0032449,0.00215009,0.00156418,0.00129472,0.00107324
4466,26.495351,5.321137999999996,0.70096,0.0692561,0.00582934,0.00242019,0.00162568,0.0011882,0.000984601,0.000816563
4472,26.56888,5.209060999999996,0.70199,0.0760133,0.00639334,0.00264632,0.0017775,0.00129916,0.00107655,0.00089282
4473,26.570085,5.206708000000005,0.70199,0.113172,0.0104241,0.00402471,0.00268376,0.00195943,0.00162347,0.00134635
4474,26.575032,5.200289000000005,0.70199,0.0999236,0.00851224,0.00350781,0.00235558,0.00172163,0.00142662,0.00118315
4475,26.575254,5.2068710000000005,0.70199,0.111668,0.00949814,0.00394386,0.00264915,0.00193624,0.00160447,0.00133064
4476,25.004915,5.927090999999999,0.70241,0.105073,0.00907281,0.00372651,0.00250148,0.00182815,0.00151489,0.00125634
4479,26.302858,5.791794999999994,0.70357,0.0828393,0.010098,0.00380118,0.00224549,0.00152067,0.00122595,0.00100077
4480,26.304189,5.789285999999997,0.70357,0.0758165,0.00651519,0.00270395,0.00181626,0.0013275,0.00110003,0.000912292
4481,24.875326,5.165755000000005,0.70362,0.674712,0.0707317,0.0317531,0.0204682,0.0140671,0.0111862,0.00892431
4482,26.940608,6.353107999999999,0.70444,0.107319,0.00916906,0.00380693,0.00255717,0.00186902,0.00154877,0.00128444
4483,26.947622,6.356426000000002,0.70444,0.349311,0.0297926,0.0123711,0.00830984,0.00607361,0.0050329,0.00417395
4488,26.603005,6.642841000000006,0.70489,0.0670131,0.00575305,0.00238332,0.00160084,0.00117004,0.000969554,0.000804084
4489,26.600256,6.633664999999995,0.70489,0.107658,0.0092685,0.00384765,0.00258452,0.00188901,0.00156533,0.00129818
4501,26.079269,6.4342010000000025,0.70982,0.0584882,0.00464923,0.00192522,0.00129317,0.000945169,0.000783214,0.000649546
4503,26.854275,7.127063000000004,0.71014,0.122302,0.010361,0.00430211,0.00288979,0.00211213,0.00175021,0.00145151
4506,26.120805,5.775835999999995,0.71051,0.149044,0.0129753,0.00530588,0.00356075,0.00260226,0.00215634,0.00178832
4507,26.111899,5.766082000000001,0.71051,0.0961632,0.00825982,0.00341425,0.00229329,0.00167615,0.00138894,0.0011519
4511,25.420409,5.687686,0.71198,0.233661,0.0207571,0.00837514,0.00559612,0.00408516,0.00338442,0.00280659
4512,25.438289,5.677558000000003,0.71198,0.134897,0.0168237,0.00525258,0.0032344,0.00230657,0.00190184,0.00157429
4513,25.433647,5.678665000000004,0.71198,0.0618011,0.0179515,0.00921867,0.00482008,0.00251471,0.00165626,0.00110552
4514,25.430686,5.683842999999995,0.71198,0.469723,0.0429609,0.0168339,0.0111597,0.00812552,0.00672747,0.00557731
4517,25.883794,5.334851999999999,0.71241,0.090296,0.00785313,0.003183,0.00212912,0.00155424,0.00128754,0.00106765
4518,25.355785,5.1506399999999966,0.71276,0.341322,0.029111,0.0120584,0.00809969,0.00592001,0.00490562,0.00406839
4519,25.350011,5.153692999999994,0.71276,0.0710156,0.00608583,0.00252708,0.00169747,0.00124067,0.00102808,0.000852624
4520,26.921696,7.085502000000004,0.71286,0.059395,0.00490428,0.0018003,0.0012059,0.000881231,0.000730225,0.000605599
4521,26.924862000000005,7.085303999999998,0.71286,0.0862758,0.00727656,0.00302144,0.00202954,0.00148338,0.0012292,0.00101942
4522,26.92327,7.086862000000001,0.71286,0.0696739,0.00581649,0.00240006,0.00161199,0.00117819,0.000976305,0.000809683
4523,26.86747,7.132626000000004,0.71298,0.146985,0.0124397,0.00512159,0.0034399,0.00251419,0.00208338,0.00172782
4524,24.971948,7.166349000000003,0.71309,0.593417,0.0500286,0.0207734,0.0139538,0.0101988,0.0084512,0.00700887
4525,25.537281,5.271850000000002,0.71408,0.128845,0.0120494,0.00489883,0.00319313,0.00229137,0.00188544,0.00155689
4526,25.510903,5.6483980000000065,0.71438,0.144211,0.012325,0.00493609,0.00330213,0.00241125,0.00199772,0.00165665
4527,26.16284,5.8416679999999985,0.71447,0.131876,0.0115951,0.00471502,0.00316042,0.00230922,0.00191347,0.00158689
4530,27.093843,6.832071999999995,0.71474,0.207153,0.0181953,0.00730697,0.00489751,0.00357857,0.00296529,0.0024592
4531,26.081565,6.687252999999994,0.71493,0.162047,0.0143661,0.00577849,0.00385153,0.00280761,0.00232487,0.00192742
4532,24.959584,6.970584000000005,0.71495,0.0511275,0.0173081,0.0220143,0.0206971,0.0174144,0.0147678,0.0119206
4533,25.572364,5.617541000000004,0.71502,0.316283,0.0270055,0.0112041,0.00752575,0.0055005,0.00455799,0.0037801
4534,25.601873,5.617085999999999,0.71502,0.188642,0.0162094,0.00672983,0.00452052,0.00330402,0.00273788,0.00227061
4535,26.744901,6.160459999999998,0.71511,0.752962,0.0598766,0.024603,0.0165221,0.0120756,0.0100065,0.0082987
4536,27.097138,6.5925910000000005,0.71553,0.0620912,0.00533604,0.00221276,0.00148622,0.00108625,0.000900119,0.000746499
4537,27.064313,6.882088999999995,0.71567,0.118196,0.0100473,0.00417195,0.00280236,0.00204823,0.00169726,0.0014076
4538,27.055119,6.881899999999998,0.71567,0.0571592,0.00485456,0.00200998,0.00135011,0.000986786,0.0008177,0.000678147
4539,27.062812,6.88997,0.71567,0.171361,0.0146868,0.00603814,0.00405282,0.00296178,0.00245423,0.00203536
4540,27.09158,6.271899999999998,0.71568,0.0944,0.00814196,0.00337526,0.002267,0.00165692,0.00137301,0.00113868
4541,27.096819,6.260598000000003,0.71568,0.090127,0.00793417,0.0031672,0.00212077,0.00154934,0.00128378,0.00106467
4542,27.102014000000004,6.270139999999998,0.71568,0.0580017,0.0411758,0.0543766,0.0464515,0.0346018,0.0267405,0.0193859
4543,27.101728,6.265412999999996,0.71568,2.24686,0.206735,0.0808036,0.0533275,0.0387286,0.0320362,0.0265456
4544,26.972504,6.341056000000003,0.71616,0.0628827,0.00541282,0.00224723,0.00150948,0.00110327,0.000914224,0.000758197
4545,26.977413,6.343089000000001,0.71616,0.0974774,0.00806856,0.00322161,0.00216184,0.00157995,0.00130922,0.00108578
4546,26.963425,6.331719000000004,0.71616,0.263718,0.0207831,0.00862537,0.00579378,0.00423464,0.00350904,0.00291016
4547,25.872528,5.459975999999998,0.7162,0.204216,0.0174832,0.00725396,0.00487253,0.00356129,0.00295107,0.00244742
4548,25.87897,5.452731000000002,0.7162,0.217587,0.0187753,0.00777215,0.00521849,0.00381379,0.00316024,0.00262087
4552,26.224247,5.866297999999997,0.71749,0.299997,0.0273118,0.01082,0.00719358,0.00524464,0.00434398,0.00360203
4553,26.222056,5.868384000000001,0.71749,0.0513667,0.00423822,0.00175575,0.00117935,0.000861983,0.000714282,0.000592379
4554,26.223791000000002,5.865369,0.71749,0.164127,0.0146377,0.00587978,0.00392036,0.00285929,0.00236824,0.00196368
4555,26.229491,5.864630999999996,0.71749,0.124572,0.0107881,0.00444375,0.0029837,0.00218068,0.00180701,0.00149862
4556,26.223564,5.871023000000003,0.71749,0.0960317,0.0119092,0.00524045,0.00320775,0.00210809,0.00163816,0.00128398
4557,26.47163,6.775644000000001,0.71761,0.0838951,0.0106189,0.0066768,0.00491381,0.0035408,0.0027938,0.00214415
4558,26.471065,6.773826,0.71761,0.110478,0.00949215,0.00394032,0.00264676,0.0019345,0.00160302,0.00132944
4559,26.470456000000002,6.7746489999999975,0.71761,0.0671757,0.0057713,0.00238931,0.0016047,0.00117284,0.000971872,0.000806006
4560,26.4821,6.776530999999996,0.71761,0.407413,0.0346754,0.0143767,0.00965673,0.00705802,0.00584863,0.00485047
4561,25.177423000000005,5.285702000000004,0.71774,0.0812835,0.00679037,0.00281792,0.00189283,0.00138346,0.0011464,0.000950751
4562,26.57914,7.032084999999995,0.71813,0.0619751,0.00502621,0.00208633,0.00140142,0.00102429,0.000848777,0.00070392
4567,26.014927,5.308404,0.71883,0.0595646,0.00506475,0.00210289,0.00141254,0.00103242,0.000855512,0.000709505
4568,26.014917,5.308472000000002,0.71883,0.0918849,0.00781279,0.0032353,0.00217318,0.00158836,0.0013162,0.00109157
4569,24.836252,5.0084650000000055,0.71887,0.0672173,0.00567157,0.00234939,0.0015781,0.00115342,0.000955786,0.000792665
4570,24.838910000000002,5.022349999999998,0.71887,0.586503,0.0508536,0.0207325,0.0138841,0.0101389,0.00839987,0.00696563
4575,26.04349,5.746973000000001,0.71946,0.112292,0.0169452,0.0069455,0.00384693,0.00238027,0.00182127,0.00142754
4576,26.51881,6.885550000000004,0.72008,0.234338,0.0215958,0.00826944,0.00544991,0.0039581,0.00327443,0.0027134
4577,26.51031,6.8846140000000045,0.72008,0.0919261,0.0145044,0.00457363,0.00249358,0.00165433,0.00133338,0.0010913
4578,26.843372,7.034751000000003,0.7201,0.416287,0.0354826,0.0147252,0.00989106,0.00722931,0.00599057,0.00496818
4579,27.124713,6.487736999999999,0.72011,0.24676,0.0179314,0.00736763,0.004948,0.0036164,0.00299673,0.00248529
4580,27.12024,6.481226000000005,0.72011,0.0809081,0.00684313,0.00282914,0.00190008,0.00138873,0.00115077,0.00095437
4583,26.868800000000004,7.050306999999999,0.72077,0.241161,0.0204564,0.00849,0.00570283,0.00416816,0.00345395,0.00286448
4584,25.120592,5.253440999999997,0.72092,0.104647,0.00900609,0.00373899,0.00251152,0.00183565,0.00152111,0.00126151
4585,27.101771,6.947582999999998,0.72107,0.0598524,0.00514046,0.00213322,0.00143291,0.0010473,0.000867849,0.000719736
4586,27.099979,6.944779999999996,0.72107,0.0555559,0.00494083,0.00198365,0.00132618,0.0009684,0.000802348,0.000665384
4587,26.953926,5.707176999999996,0.72112,0.133953,0.0120961,0.00488233,0.00323474,0.0023506,0.00194449,0.00161122
4588,26.997479,6.776893000000003,0.72131,3.01376,0.250877,0.104168,0.0699714,0.0511416,0.0423785,0.035146
4589,24.930348,4.806879999999998,0.72174,0.108283,0.00726004,0.00297818,0.00200037,0.00146206,0.00121153,0.00100477
4593,27.070156,6.962260999999996,0.72202,0.0793881,0.0850314,0.138387,0.137828,0.119705,0.102916,0.0838725
4594,27.064564,6.9600810000000015,0.72202,0.0786525,0.00605725,0.00247905,0.00166503,0.00121696,0.00100843,0.000836327
4595,25.696918,5.493144999999995,0.72223,0.0759575,0.00509406,0.00211514,0.00142077,0.00103843,0.000860497,0.00071364
4596,25.683706,5.491332000000002,0.72223,0.116124,0.00930981,0.00373058,0.00250073,0.00182718,0.00151402,0.00125561
4597,26.947366,5.724093000000002,0.72232,0.0824736,0.00729118,0.00295177,0.00197388,0.00144117,0.00119399,0.000990145
4598,26.955578,5.7275959999999975,0.72232,0.102094,0.00877019,0.00363134,0.0024391,0.00178272,0.00147725,0.00122513
4600,25.187082,5.606212000000004,0.72309,0.0554848,0.0047552,0.00195538,0.00131308,0.000959701,0.000795256,0.000659532
4601,25.193269,5.610665999999995,0.72309,0.0800332,0.00686909,0.00284662,0.00191202,0.00139748,0.00115802,0.000960385
4602,25.194737,5.617011999999998,0.72309,0.108895,0.00937862,0.00388346,0.00260819,0.00190627,0.00157963,0.00131004
4603,25.192751,5.611135999999996,0.72309,0.0721821,0.00616187,0.00255768,0.00171803,0.0012557,0.00104053,0.00086295
4604,27.088597,5.221110000000006,0.7231,0.0552914,0.00479149,0.00192057,0.00128874,0.000941858,0.000780467,0.000647267
4606,26.79899,6.5243419999999945,0.72361,0.0639427,0.00560751,0.00225921,0.00151491,0.00110701,0.000917309,0.000760752
4607,26.801269,6.524100000000005,0.72361,0.0919874,0.00824981,0.00330632,0.00219779,0.00160022,0.00132462,0.00109797
4608,26.009792,5.147788000000005,0.72411,0.0587811,0.00480673,0.00199082,0.00133722,0.000977364,0.000809893,0.000671672
4609,26.009337,5.145217000000003,0.72411,0.126612,0.0153803,0.00453864,0.00290862,0.00210991,0.00174672,0.00144825
4610,27.123001,6.814339000000003,0.72435,0.0849528,0.00793485,0.00307915,0.00203299,0.00147856,0.0012239,0.00101458
4611,27.125777,6.8155439999999965,0.72435,0.0517285,0.00461093,0.00182964,0.0012227,0.000892833,0.000739743,0.000613467
4612,27.112341,6.816501999999994,0.72435,0.081369,0.016713,0.0116327,0.00777785,0.00491579,0.00352349,0.00244221
4613,27.128731,6.810616000000002,0.72435,0.652417,0.0567868,0.022041,0.0147183,0.0107465,0.00890372,0.00738379
4614,25.26777,4.894279,0.72451,0.0691481,0.00596697,0.00246941,0.0016586,0.00121225,0.00100453,0.000833094
4615,25.205506,5.416374999999999,0.72478,0.0738346,0.00633136,0.00262898,0.00176592,0.0012907,0.00106954,0.000887007
4616,25.025434,4.920272999999997,0.72484,0.0956249,0.00820693,0.00340735,0.00228876,0.00167284,0.0013862,0.00114962
4617,25.034165,4.929992999999996,0.72484,0.154814,0.0133363,0.00552078,0.00370812,0.00271023,0.00224583,0.00186254
4620,27.133376,5.634707999999996,0.7252,0.0613731,0.00522555,0.00212999,0.00143005,0.00104518,0.000866084,0.000718273
4621,27.130143,5.635228000000004,0.7252,0.100697,0.00863403,0.00355522,0.00238761,0.00174507,0.00144605,0.00119926
4622,27.126312,5.640125000000004,0.7252,0.0872275,0.00788162,0.00316988,0.00210261,0.00153012,0.00126659,0.00104993
4623,27.128665,5.633806000000004,0.7252,0.144265,0.0128095,0.00532881,0.00354187,0.00256506,0.00211587,0.00174871
4624,25.257849,5.333981000000002,0.72523,0.0576035,0.00483222,0.00200608,0.00134751,0.000984887,0.000816127,0.000676842
4625,25.262794000000003,5.340095000000005,0.72523,0.0814608,0.00701643,0.00289484,0.00194394,0.00142077,0.00117732,0.000976387
4626,25.296225,5.571955999999996,0.72526,0.0659583,0.0056921,0.00232289,0.00155858,0.00113898,0.000943799,0.00078272
4627,25.28149,5.563670999999997,0.72526,0.288395,0.0379842,0.0314447,0.0270264,0.021693,0.0180149,0.0143257
4628,25.366492,4.871381999999996,0.72545,0.0939791,0.0080717,0.00334816,0.00224899,0.00164377,0.00136211,0.00112965
4629,27.024616,5.667024000000004,0.72546,0.25564,0.0220306,0.00913088,0.00613314,0.00448267,0.00371456,0.00308061
4630,27.025515,5.667465000000005,0.72546,0.124794,0.0110437,0.00448241,0.00299553,0.0021866,0.00181148,0.00150219
4631,27.020738000000005,5.664647999999999,0.72546,2.05954,0.175356,0.072438,0.0486505,0.0355579,0.029465,0.0244363
4633,26.729341,6.694788000000004,0.72565,0.118634,0.0100367,0.00416618,0.00279848,0.00204539,0.00169491,0.00140565
4634,26.741854,6.692297999999994,0.72565,1.19013,0.101738,0.0422448,0.0283765,0.0207402,0.0171863,0.0142532
4638,25.727083,5.694312999999996,0.72614,0.0975363,0.00799967,0.00332141,0.00223104,0.00163065,0.00135124,0.00112063
4642,25.093805,6.998355000000006,0.72618,0.0683588,0.00596736,0.0024456,0.00164008,0.0011984,0.000993019,0.000823536
4643,26.849134,5.083497,0.72628,0.370924,0.0316334,0.0131267,0.00881733,0.00644452,0.00534026,0.00442886
4644,26.844604000000004,5.085467999999995,0.72628,0.10647,0.00492078,0.00184776,0.0012403,0.000906505,0.000751175,0.000622975
4645,25.457479,5.0250670000000035,0.72655,0.103388,0.00881705,0.00366112,0.00245922,0.00179743,0.00148944,0.00123524
4646,25.450503,5.014581000000003,0.72655,0.0838185,0.00700723,0.00290966,0.00195446,0.0014285,0.00118373,0.000981708
4647,25.459547,5.023739999999997,0.72655,0.248121,0.0213402,0.00885411,0.00594735,0.00434688,0.00360204,0.0029873
4648,25.885834,5.289134,0.72697,0.0830938,0.00686961,0.00284929,0.0019139,0.00139886,0.00115916,0.000961333
4649,25.885429000000002,5.288620999999995,0.72697,0.190168,0.0402342,0.0600219,0.0663527,0.0646974,0.0603158,0.053712
4650,26.676357,5.51101,0.72706,0.117564,0.0132492,0.00385775,0.00245984,0.00177917,0.00147181,0.00121993
4651,26.690014,5.514483999999996,0.72706,0.082845,0.00703411,0.00292083,0.00196196,0.00143399,0.00118827,0.000985476
4652,26.761056,5.511137999999996,0.72707,0.657079,0.0553017,0.0228939,0.0153774,0.0112392,0.00931338,0.0077239
4653,25.670881,5.645557999999998,0.72714,0.188498,0.0152207,0.00630386,0.00423432,0.00309484,0.00256454,0.00212686
4654,25.852748,5.664263000000003,0.7278,0.0825221,0.0109097,0.00309163,0.00188471,0.00134308,0.00110753,0.000916865
4655,25.880707,5.612254000000001,0.72843,0.288974,0.0244764,0.0101621,0.00682601,0.00498909,0.00413421,0.00342864
4656,26.062456,5.3096809999999985,0.72855,0.0616098,0.00520584,0.00211451,0.00141994,0.00103782,0.000859986,0.000713215
4657,26.763154000000004,5.471393000000003,0.7289,0.0914787,0.00787175,0.00326868,0.00219562,0.00160477,0.00132979,0.00110284
4663,26.688964,5.116131000000006,0.72929,0.0788138,0.00692853,0.00283161,0.00189235,0.00138061,0.0011435,0.000948127
4664,26.332791,6.063867000000003,0.72942,0.100167,0.00792176,0.00320792,0.00215431,0.00157455,0.00130476,0.00108208
4665,26.340108,6.0578739999999955,0.72942,0.0505752,0.00397146,0.0016465,0.00110598,0.000808351,0.000669841,0.000555521
4666,26.198412,7.131694999999999,0.72949,0.0621489,0.00506841,0.00209641,0.00140816,0.00102921,0.000852858,0.000707304
4667,26.863424,6.366926999999997,0.72949,0.0892537,0.00766198,0.00318159,0.00213712,0.00156201,0.00129436,0.00107345
4668,26.701832,5.188991000000001,0.72955,0.0699379,0.00992782,0.00257367,0.00153648,0.00108868,0.000896677,0.000741962
4669,26.260514,6.087324999999998,0.73058,0.156511,0.0132094,0.005477,0.00367893,0.00268891,0.00222816,0.00184789
4670,26.256058,6.170124000000005,0.73066,0.199851,0.0171678,0.00712751,0.00478765,0.00349926,0.00289966,0.00240479
4671,27.026046,6.997724999999996,0.73079,0.0517299,0.00443861,0.00183701,0.0012339,0.000901852,0.00074732,0.000619778
4672,27.029945,7.001704000000005,0.73079,0.0611771,0.00526232,0.00218407,0.00146706,0.00107226,0.000888531,0.000736889
4673,26.089573,6.256473000000002,0.7308,0.0619096,0.00532888,0.00220421,0.00148027,0.00108189,0.000896505,0.000743501
4674,26.093537,6.262860000000003,0.7308,0.0661267,0.00566181,0.00234993,0.00157848,0.0011537,0.000956012,0.000792853
4675,26.152425,7.136777000000005,0.73087,0.0757629,0.00653172,0.00270749,0.00181824,0.00132887,0.00110116,0.000913224
4676,26.15267,7.144512000000005,0.73087,0.052056,0.00443694,0.00184229,0.00123749,0.000904476,0.000749495,0.000621582
4677,26.770871,6.807752000000001,0.73091,0.0695325,0.0059627,0.00247519,0.00166262,0.0012152,0.00100697,0.000835117
4678,26.666914,5.265010000000005,0.73094,0.286173,0.024437,0.0101449,0.00681446,0.00498065,0.00412722,0.00342284
4679,26.668272,5.262848000000005,0.73094,0.0773195,0.00659846,0.00273933,0.00184005,0.00134488,0.00111443,0.000924238
4680,26.21065,6.262024999999997,0.73103,0.0671962,0.00572112,0.00237525,0.00159549,0.00116613,0.000966317,0.0008014
4681,26.204043,6.246576999999995,0.73103,1.04899,0.0959843,0.0383791,0.0253493,0.0184126,0.015233,0.0126239
4682,26.613889,5.183095999999999,0.73142,0.0714786,0.00606991,0.00252042,0.001693,0.0012374,0.00102538,0.000850378
4683,26.127205,6.361492999999999,0.73169,0.0852476,0.00804994,0.00296399,0.00198031,0.00144676,0.00119882,0.000994214
4684,26.128186,6.361852999999997,0.73169,0.0678375,0.00582135,0.00238432,0.00160127,0.00117035,0.000969809,0.000804295
4685,26.124481,6.360485999999999,0.73169,0.0962368,0.0083011,0.00343501,0.00230721,0.00168632,0.00139737,0.00115888
4686,26.628677000000003,5.126359000000004,0.73199,0.153932,0.0128511,0.00533609,0.00358433,0.00261976,0.00217087,0.00180037
4687,26.628947,5.125700000000006,0.73199,0.0521777,0.00474645,0.00193182,0.00127487,0.000921456,0.000759997,0.000628269
4693,26.002798,5.323601000000002,0.73233,0.0620325,0.00525084,0.00217997,0.00146432,0.00107026,0.000886873,0.000735514
4694,26.001981,5.325690000000005,0.73233,0.0522837,0.00441379,0.00178518,0.00119853,0.000875974,0.000725875,0.000601993
4695,26.00449,5.323531000000005,0.73233,0.201926,0.0262418,0.00735162,0.00447542,0.00318433,0.00262427,0.00217178
4696,26.045115,6.453674000000004,0.7324,0.097222,0.00788672,0.00327301,0.00219853,0.00160689,0.00133155,0.0011043
4700,26.222607,6.506461000000003,0.73251,0.114233,0.00979566,0.00406736,0.0027321,0.00199687,0.00165471,0.00137231
4701,26.221727,6.504347999999994,0.73251,0.0788059,0.00676568,0.00280814,0.00188626,0.00137866,0.00114242,0.000947451
4702,26.222154,6.502819000000004,0.73251,0.0808775,0.00693564,0.00280421,0.00188244,0.00137581,0.00114006,0.000945489
4703,26.220697,6.5005509999999935,0.73251,0.831793,0.0725754,0.0295362,0.0198127,0.0144784,0.0119973,0.00994971
4704,26.828109,7.029764000000004,0.73262,0.359693,0.0630471,0.0184792,0.00978144,0.00634849,0.00506798,0.00412234
4705,26.83301,7.031701999999995,0.73262,0.124125,0.0105901,0.00438954,0.00294848,0.00215502,0.00178576,0.00148099
4706,26.837595,7.0331550000000025,0.73262,0.739601,0.0635357,0.0263396,0.0176924,0.0129312,0.0107155,0.00888669
4711,26.032801,5.461595,0.73275,0.0504985,0.0043385,0.00180023,0.00120924,0.000883825,0.000732382,0.00060739
4712,26.032445,5.458504000000005,0.73275,0.100727,0.137198,0.187253,0.163327,0.12483,0.0984116,0.0730172
4713,26.03198,5.462101000000003,0.73275,0.0618595,0.00768512,0.00256623,0.00154091,0.00107486,0.000879082,0.00072443
4714,26.555994,7.040285000000002,0.73276,0.0577485,0.00579347,0.00218036,0.0014043,0.00101087,0.000834434,0.000690823
4715,26.046242,4.905728999999995,0.73284,0.0512089,0.00552653,0.00225058,0.00138772,0.000952695,0.000768687,0.000626418
4716,26.038655,4.907559999999996,0.73284,2.93671,0.251217,0.104242,0.07002,0.0511771,0.042408,0.0351704
4717,26.028943,4.90176,0.73284,0.144329,0.0119969,0.00497493,0.00334172,0.00244244,0.00202393,0.00167852
4718,26.31544,7.0187969999999975,0.73296,0.135875,0.0114676,0.00473675,0.00318137,0.00232522,0.0019268,0.00159796
4719,26.314366,7.020302999999998,0.73296,0.0697864,0.00809681,0.00259087,0.0015906,0.00112187,0.000920042,0.000758924
4720,26.313159,7.018287999999995,0.73296,0.175658,0.0147197,0.00610078,0.0040979,0.00299512,0.00248191,0.00205833
4721,26.155827,5.560320999999995,0.73298,0.0543701,0.00467171,0.0019375,0.00130143,0.000951209,0.00078822,0.000653697
4722,26.048458,6.496358999999995,0.73301,0.128597,0.0110389,0.00451211,0.00303009,0.00221464,0.00183516,0.00152196
4723,26.035225,6.5024469999999965,0.73301,0.095601,0.0101693,0.00336218,0.00216059,0.00156189,0.0012915,0.00107022
4724,26.354841,6.5484110000000015,0.73303,0.0687751,0.00523345,0.00215968,0.00145064,0.00106027,0.00087859,0.000728644
4725,26.035568,6.595207000000001,0.73311,0.194077,0.0157858,0.00654995,0.00439969,0.0032157,0.0026647,0.00220992
4726,26.023983,6.597821000000007,0.73311,0.0532233,0.00456086,0.00189275,0.00127138,0.000929242,0.000770017,0.000638601
4729,25.980098,5.3144589999999985,0.7334,0.0548664,0.0046775,0.0019401,0.00130319,0.000952491,0.000789282,0.000654578
4730,25.978896,5.321578000000005,0.7334,0.158645,0.008829,0.00365801,0.00245713,0.0017959,0.00148818,0.00123419
4731,25.971441,6.526799999999994,0.73352,0.105144,0.00856638,0.00355623,0.00238877,0.00174594,0.00144677,0.00119986
4732,25.98022,6.529287000000006,0.73352,0.114855,0.0151121,0.0062694,0.00363462,0.00233999,0.00182436,0.0014483
4737,26.493561,6.534817999999993,0.73366,3.68008,0.315352,0.129622,0.0869882,0.063567,0.052673,0.043683
4738,26.506870000000003,5.508959999999998,0.73382,0.141363,0.0129885,0.00471453,0.00310267,0.00225616,0.00186759,0.00154819
4739,26.304484,6.6911300000000065,0.734,0.0707937,0.00538353,0.00223438,0.00150087,0.00109697,0.000909008,0.000753871
4740,26.031934,6.605996000000003,0.73405,0.114325,0.00982705,0.00408055,0.00274096,0.00200335,0.00166008,0.00137676
4742,26.512887,4.965453000000006,0.73433,0.089015,0.00766787,0.00318024,0.00213611,0.00156126,0.00129374,0.00107294
4743,26.510044,4.955420000000004,0.73433,0.0745414,0.00642511,0.0026627,0.00178811,0.00130684,0.0010829,0.000898082
4744,26.511473,4.967258999999998,0.73433,0.0997152,0.00882954,0.00362716,0.00241386,0.00175537,0.00145194,0.00120284
4745,26.506903,4.969204999999995,0.73433,0.129487,0.0111366,0.00462403,0.00310603,0.00227017,0.00188118,0.00156013
4746,26.101442000000002,5.284881000000002,0.73437,0.0577685,0.00497285,0.00206478,0.00138694,0.00101371,0.00084001,0.000696648
4747,26.105855,5.277906000000005,0.73437,0.0873606,0.00920704,0.00377896,0.00237685,0.00164417,0.00132593,0.00107727
4748,26.896168,7.019890000000006,0.73443,7.99942,0.639505,0.265539,0.178366,0.130367,0.108029,0.0895917
4749,26.135517000000004,5.172801000000003,0.73451,0.122601,0.0116149,0.0048963,0.00320525,0.00227855,0.00185785,0.0015194
4753,26.835975,5.065521000000002,0.73485,0.304957,0.110954,0.0341242,0.0146838,0.00729961,0.0049923,0.00360536
4754,26.830502000000003,5.063841,0.73485,0.0862113,0.00731942,0.00301613,0.00202576,0.0014806,0.0012269,0.00101751
4755,25.94004,5.401537000000004,0.73486,0.0969746,0.00833807,0.003462,0.00232547,0.00169967,0.00140844,0.00116806
4756,25.945224,5.393287999999994,0.73486,0.246451,0.0212214,0.00879486,0.00590713,0.00431744,0.00357765,0.00296706
4757,25.944349000000003,5.392319000000005,0.73486,0.146006,0.00927288,0.00382104,0.00256657,0.00187589,0.00155445,0.00128916
4758,26.945267000000005,7.016547000000006,0.735,0.105958,0.00903176,0.00375035,0.00251917,0.00184124,0.00152575,0.00126535
4759,26.938557,7.018014000000005,0.735,0.0834276,0.00713316,0.0029556,0.00198516,0.00145093,0.00120231,0.000997118
4760,26.290534,5.206167999999995,0.73512,0.0546332,0.00469176,0.00194213,0.00130452,0.000953461,0.000790086,0.000655245
4764,26.566802,6.551150999999996,0.73533,0.0860676,0.00695926,0.00279944,0.00187719,0.00137168,0.0011366,0.00094261
4771,24.802157,5.008478000000006,0.73591,0.0628315,0.00540538,0.00224076,0.00150511,0.00110007,0.000911574,0.000755999
4778,26.460318000000004,7.027785999999994,0.73623,0.134076,0.0115463,0.00479045,0.00321777,0.00235185,0.00194886,0.00161626
4779,26.456595,7.033238,0.73623,0.0696577,0.00604149,0.00248514,0.00166808,0.00121907,0.00101017,0.000837765
4780,24.81136,7.033238,0.73638,0.0639829,0.0101307,0.00262094,0.00149228,0.00103487,0.000847599,0.000699623
4781,26.149216,6.753997999999994,0.73685,0.170691,0.0146117,0.0060627,0.00407233,0.00297644,0.00246643,0.00204549
4782,26.145451,6.762103999999998,0.73685,0.0706066,0.00606606,0.00250569,0.00168288,0.00122999,0.00101923,0.000845285
4783,25.826815,5.5478659999999955,0.73686,0.273214,0.022181,0.00904876,0.00607725,0.00444179,0.00368069,0.00305252
4785,24.858025,7.0286979999999994,0.73728,0.0983951,0.00888901,0.00357909,0.00237189,0.00172375,0.00142593,0.0011815
4786,24.857807,7.029423999999995,0.73728,0.103495,0.00896811,0.00370906,0.0024874,0.00181683,0.00150523,0.00124821
4787,24.866772,7.034639000000005,0.73728,0.361334,0.0310684,0.0129009,0.00866571,0.00633371,0.00524844,0.00435271
4791,25.978388,6.970619000000004,0.73768,0.197544,0.0169573,0.00704136,0.00472978,0.00345697,0.00286462,0.00237572
4797,24.955634,7.031861,0.73808,0.0528325,0.0045587,0.00188274,0.00126447,0.000924186,0.000765827,0.000635126
4798,24.95596,7.036942999999994,0.73808,0.0858465,0.00716453,0.00294187,0.00197509,0.00144348,0.00119613,0.000991992
4800,26.021462,6.800716000000004,0.73871,0.0587517,0.00487333,0.00189098,0.00126869,0.000927216,0.000768336,0.000637206
4801,25.72763,5.315246000000006,0.73872,0.166683,0.0139229,0.00572525,0.00384487,0.00281014,0.00232862,0.0019312
4804,25.631142,6.786684000000003,0.73898,0.0772286,0.0160998,0.00819373,0.00472488,0.0027594,0.00194813,0.00137642
4805,25.631763,6.787981999999995,0.73898,4.58474,0.393152,0.161838,0.108691,0.0794404,0.0658283,0.0545937
4806,25.63309,6.785954000000004,0.73898,0.209626,0.0179286,0.00744082,0.00499809,0.00365307,0.00302712,0.00251049
4807,26.719213,7.174154,0.73907,0.142903,0.028845,0.0106575,0.00544207,0.00316718,0.00235491,0.00180907
4808,26.163981000000003,6.709656000000003,0.73941,0.0653893,0.00533994,0.00221694,0.00148915,0.00108841,0.000901911,0.000747985
4809,26.168386,6.713108000000002,0.73941,0.177875,0.015314,0.00635669,0.00426986,0.00312081,0.00258606,0.00214471
4810,26.170119,6.7127079999999975,0.73941,0.12009,0.0102801,0.00426573,0.00286534,0.00209426,0.00173541,0.00143924
4811,26.168314000000002,6.711737,0.73941,0.0506741,0.00717037,0.00274234,0.00155704,0.0010021,0.000784437,0.000625616
4812,26.21448,5.023078000000001,0.73945,0.141718,0.0118901,0.00493605,0.00331561,0.00242336,0.00200812,0.0016654
4813,25.61662,6.8231179999999965,0.73953,0.0952553,0.00783155,0.00325038,0.00218333,0.00159578,0.00132234,0.00109666
4814,25.613629,6.832444000000002,0.73953,0.303706,0.0255072,0.0105863,0.00711098,0.00519737,0.0043068,0.00357178
4815,26.089769,7.075076,0.7398,0.132801,0.0115348,0.00470095,0.00315383,0.00230474,0.00190979,0.00158384
4820,26.170166,4.996299000000004,0.74081,0.144689,0.0200609,0.0100913,0.00637351,0.00413689,0.00313041,0.00236073
4821,26.781735,4.9928020000000055,0.74083,0.0677451,0.00651893,0.00263151,0.00170374,0.0012144,0.000995411,0.000819297
4822,26.788801,5.000523000000001,0.74083,0.0763072,0.00657042,0.00272715,0.00183185,0.00133889,0.00110947,0.00092012
4824,26.11733,5.037777999999997,0.74144,0.277255,0.0236483,0.00824129,0.00546867,0.00398996,0.00330553,0.00274121
4825,26.124058,5.037259999999997,0.74144,0.102977,0.0137654,0.00914111,0.00670409,0.00473509,0.00366688,0.00275211
4830,24.965632,5.375152,0.74173,0.173797,0.0141477,0.00586463,0.00393933,0.00287923,0.00238588,0.00197869
4831,24.964737,5.377644999999997,0.74173,0.180941,0.0165136,0.00652414,0.00432834,0.00315197,0.00260973,0.00216359
4833,26.741836,4.968954999999999,0.74189,0.127567,0.0109355,0.00450789,0.00302611,0.00221149,0.00183251,0.00151975
4834,26.871241,6.7505550000000065,0.74198,0.0998912,0.00903867,0.00353863,0.00234951,0.00171161,0.00141728,0.00117502
4836,25.01929,4.863675999999996,0.74252,0.106043,0.00870748,0.00334518,0.00223298,0.00163021,0.00135062,0.00112005
4837,25.020685,4.8664909999999955,0.74252,0.133677,0.0114203,0.00462557,0.00310332,0.00226787,0.00187925,0.00155852
4838,25.902345000000004,6.510074000000002,0.74261,0.201389,0.0190199,0.00771441,0.00501998,0.00359385,0.00295264,0.00243482
4839,24.943598,4.820390999999999,0.74282,0.0586394,0.00516783,0.00205735,0.0013785,0.00100724,0.000834621,0.000692174
4840,26.428704,6.615941000000001,0.74303,0.0773016,0.00638719,0.00265185,0.00178128,0.00130193,0.00107884,0.000894722
4841,26.419492,6.620697000000003,0.74303,0.0961909,0.00786899,0.00326143,0.00219072,0.00160118,0.00132682,0.00110038
4842,25.747547000000004,6.780221999999998,0.74306,0.0639043,0.00517662,0.00210145,0.00141104,0.0010313,0.000854583,0.000708735
4846,25.298203,5.072584999999995,0.74374,0.0733123,0.00580905,0.00241075,0.00161933,0.00118356,0.000980758,0.000813376
4847,25.295192,5.0862669999999985,0.74374,1.79037,0.154141,0.064006,0.0429937,0.0314238,0.0260394,0.0215953
4850,25.9763,6.978657000000006,0.74425,0.167319,0.511407,1.42021,1.88627,2.1104,2.13778,2.07074
4851,25.985378,6.980424999999999,0.74425,0.0539878,0.00462482,0.00191956,0.00128939,0.000942408,0.000780927,0.000647649
4852,25.037558,5.095611,0.74431,0.0773103,0.00632129,0.00262443,0.00176287,0.00128847,0.00106769,0.000885471
4853,26.117633,7.070663999999997,0.74466,0.370714,0.0305363,0.0123435,0.00828596,0.00605585,0.00501817,0.00416173
4862,25.089895,5.1833359999999935,0.74559,0.164904,0.0141106,0.00585851,0.00393524,0.00287624,0.0023834,0.00197663
4863,25.088324,5.180302999999998,0.74559,0.066631,0.00723357,0.00272156,0.00169278,0.00118645,0.000968521,0.000796147
4864,26.248787000000004,7.026888000000006,0.74561,0.389295,0.0326303,0.0133958,0.00899514,0.00657429,0.00544777,0.00451802
4865,26.249958000000003,7.025697999999995,0.74561,0.0943401,0.0083281,0.00336018,0.00224406,0.0016374,0.0013563,0.00112464
4866,26.246201,7.022739,0.74561,0.0819039,0.00703647,0.00291885,0.00196061,0.001433,0.00118745,0.000984795
4867,27.137896,6.395514000000006,0.74567,0.134865,0.0125799,0.00442136,0.00295336,0.00215773,0.00178796,0.00148281
4868,27.124006,6.378498,0.74567,0.0666504,0.00607761,0.00199104,0.00131646,0.000960257,0.000795536,0.000659727
4869,27.180508,6.376323,0.74606,0.0620991,0.00396096,0.00158977,0.00106762,0.000780312,0.000646606,0.000536252
4870,25.788311,7.111227999999999,0.74666,0.246981,0.0213231,0.0088274,0.00592684,0.00433143,0.00358917,0.00297659
4871,25.779868000000004,7.1117760000000025,0.74666,0.0633818,0.00544328,0.00226,0.00151807,0.00110955,0.000919429,0.000762513
4873,25.746862,6.7661419999999985,0.74685,0.0658119,0.00567015,0.00235074,0.00157898,0.00115406,0.000956315,0.000793104
4875,25.907641,6.909087000000006,0.74717,0.503416,0.0424636,0.0175069,0.0117592,0.0085947,0.00712201,0.00590652
4876,25.899755,6.902066999999996,0.74717,0.0947416,0.00814722,0.00338223,0.00227189,0.00166051,0.00137598,0.00114115
4877,25.904849,6.9085810000000025,0.74717,0.105836,0.0058247,0.00223436,0.00149701,0.00109384,0.000906386,0.00075169
4878,25.880735,4.893991000000006,0.74729,0.0573588,0.00493478,0.00204162,0.00137115,0.00100215,0.000830427,0.000688701
4879,25.601899,6.511017000000003,0.74743,0.0625604,0.00853976,0.00275806,0.00158725,0.0010625,0.000851313,0.000691165
4883,25.256184,4.894421000000001,0.74919,0.0867469,0.00746692,0.00309906,0.00208165,0.00152146,0.00126076,0.00104559
4884,26.878464,6.664415999999999,0.7492,0.0764918,0.00667125,0.00272218,0.00182567,0.00133404,0.00110542,0.000916754
4885,26.868359,6.658314000000005,0.7492,0.0928003,0.00887136,0.00346818,0.0022566,0.00162389,0.00133851,0.00110663
4886,26.877885,6.662129000000002,0.7492,0.0883994,0.00761767,0.00315874,0.00212171,0.00155074,0.00128502,0.00106571
4887,26.436393,6.007312000000002,0.74925,0.1264,0.0105133,0.00436508,0.00293209,0.00214304,0.00177583,0.00147276
4888,26.370509000000002,5.2207949999999945,0.74951,0.0655197,0.00561893,0.00233014,0.00156516,0.00114397,0.000947947,0.000786165
4889,26.368262,5.219799,0.74951,0.225721,0.0176644,0.00717599,0.00481889,0.00352204,0.00291854,0.00242045
4890,26.382724000000003,5.217291999999998,0.74951,0.190403,0.0151994,0.00609983,0.00409644,0.00299404,0.00248102,0.00205759
4891,26.936637,6.6366869999999984,0.74954,0.0812029,0.00850868,0.00302525,0.0019424,0.00140079,0.00115738,0.000958727
4892,26.038549,5.894399000000005,0.74986,0.159545,0.0135195,0.0056122,0.00376979,0.00275532,0.0022832,0.00189353
4893,26.04234,5.893874000000003,0.74986,0.970663,0.0833419,0.0346069,0.0232459,0.0169903,0.014079,0.0116762
4894,25.855546,5.0002920000000035,0.74994,0.0720511,0.00612361,0.0025404,0.00170642,0.00124721,0.0010335,0.000857117
4895,25.850192,4.995952999999997,0.74994,0.0662172,0.00547614,0.00227381,0.00152735,0.00111633,0.000925047,0.000767173
4896,25.285067,4.854003000000005,0.75021,0.140042,0.0119439,0.00491974,0.00330436,0.00241513,0.0020013,0.00165974
4897,25.321037,4.916503000000001,0.75038,0.344424,0.028534,0.0118465,0.00795747,0.00581607,0.00481949,0.00399696
4899,26.393248,5.797364000000005,0.75083,0.109999,0.00970893,0.00395001,0.00263831,0.00192478,0.00159425,0.0013219
4900,26.386854,5.4999509999999985,0.75102,0.0547137,0.00455474,0.00188014,0.00126274,0.000922921,0.000764779,0.000634257
4902,26.986348,6.612322000000004,0.75123,0.0653295,0.00560342,0.00232573,0.00156222,0.00114182,0.000946167,0.000784688
4903,26.866848,6.418751000000006,0.75133,0.10629,0.0139475,0.0116194,0.0103003,0.00861169,0.00737724,0.00607577
4904,26.869969000000005,6.424327000000005,0.75133,0.0623278,0.00401029,0.00166441,0.00111801,0.000817146,0.000677129,0.000561566
4906,26.160307,5.760355000000002,0.75153,0.0784431,0.0102166,0.00448919,0.00274013,0.00179067,0.00138363,0.0010767
4911,26.693408,6.2169390000000035,0.75205,0.0813461,0.00952348,0.00525304,0.0035352,0.0023791,0.00182186,0.00137957
4912,26.696041,6.2195089999999995,0.75205,0.0620081,0.00527795,0.00217719,0.00146228,0.00106876,0.000885629,0.000734482
4915,26.581491,5.858443000000006,0.75233,0.101458,0.00802085,0.00322376,0.00216346,0.00158112,0.00131019,0.00108658
4916,26.764939,5.034426,0.75346,0.0578584,0.00498795,0.00206912,0.00138975,0.00101575,0.000841703,0.000698053
4917,25.456109,6.598113000000003,0.75376,0.0803166,0.00682149,0.0028096,0.00188695,0.00137915,0.00114283,0.000947787
4918,25.457957,6.597585000000002,0.75376,0.441109,0.0347754,0.0138701,0.00931287,0.0068066,0.00564029,0.00467768
4919,25.460898,6.5979420000000015,0.75376,0.0847273,0.00710791,0.00295004,0.00198158,0.00144833,0.00120016,0.00099533
4920,25.463833,6.599697999999998,0.75376,0.0864625,0.00731048,0.00303143,0.00203624,0.00148827,0.00123326,0.00102278
4921,25.834129,5.202656,0.7538,0.0589186,0.0046182,0.00191761,0.00128809,0.000941455,0.000780137,0.000646994
4922,25.457915,5.399014000000002,0.7539,0.114507,0.00997683,0.0041093,0.00275251,0.00200991,0.00166514,0.00138082
4923,25.451388,5.404298999999996,0.7539,0.163537,0.0166758,0.00617633,0.00392918,0.00279415,0.00229264,0.00188988
4924,25.45596,5.399417999999996,0.7539,0.071995,0.00619534,0.0025714,0.00172724,0.00126243,0.00104611,0.000867574
4925,25.461546,5.405530000000004,0.7539,0.0511583,0.00444968,0.00181426,0.00121793,0.000890136,0.000737609,0.000611724
4926,25.641341,6.415536000000003,0.75418,0.221981,0.0190077,0.00787756,0.00529134,0.0038674,0.00320472,0.00265778
4927,26.847096,6.406482000000004,0.75433,0.125282,0.0107284,0.0044315,0.0029762,0.00217526,0.00180252,0.00149489
4928,26.843664,6.405198999999994,0.75433,0.06963,0.00585281,0.00242592,0.00162952,0.001191,0.000986925,0.000818491
4929,26.247224,5.7573039999999995,0.7547,0.11029,0.0183002,0.00610612,0.00330899,0.00208867,0.00162576,0.00129279
4931,26.386084,5.2104880000000025,0.75504,0.13086,0.011728,0.00468159,0.00312075,0.00227637,0.00188554,0.00156348
4932,26.386574,5.210620000000003,0.75504,0.18378,0.0157268,0.0065209,0.00438016,0.00320143,0.00265286,0.00220011
4933,26.042723,7.111005999999999,0.75509,0.151264,0.0115682,0.00480339,0.00322651,0.00235823,0.00195415,0.00162064
4934,26.051114,7.124389999999995,0.75509,0.074996,0.00627504,0.00258209,0.00173412,0.00126744,0.00105027,0.000871021
4935,25.724826,6.6339359999999985,0.75577,0.0711309,0.0111506,0.00402473,0.00219447,0.00138879,0.00108491,0.000866725
4936,25.039544000000003,5.450006999999994,0.75582,0.0540311,0.00468676,0.00190308,0.00127461,0.000930954,0.000771325,0.000639648
4938,26.408205,5.478479999999998,0.75599,0.0550606,0.00847663,0.00242336,0.00137585,0.000948309,0.000775186,0.000639281
4939,26.404772,5.484080999999994,0.75599,0.129038,0.0110841,0.00460257,0.00309161,0.00225964,0.00187245,0.00155289
4940,26.401232,5.485585,0.75599,3.95619,0.34073,0.141468,0.0950258,0.0694537,0.0575529,0.0477306
4941,25.645216000000005,5.244282000000003,0.75617,0.0810867,0.00707003,0.00287926,0.00192742,0.00140737,0.00116596,0.000966873
4942,24.917406,5.639790999999994,0.75626,0.173566,0.0142286,0.00586842,0.00394158,0.00288086,0.00238723,0.00197981
4943,24.915594000000002,5.638378999999995,0.75626,0.0540933,0.00424084,0.00169271,0.00113466,0.000829061,0.000686973,0.000569722
4947,26.622980000000002,6.118251000000006,0.75644,0.229088,0.0183483,0.00761698,0.00511643,0.00373957,0.0030988,0.00256994
4948,26.631097,6.124933999999994,0.75644,0.948246,0.0854041,0.0358808,0.0236911,0.0170315,0.0139962,0.0115357
4950,25.133484,6.169283,0.75686,0.0505142,0.00430149,0.00178612,0.00119976,0.000876896,0.000726641,0.000602628
4951,26.621503,6.059459000000003,0.75775,0.0651897,0.00553535,0.002298,0.0015436,0.00112821,0.000934888,0.000775335
4952,26.622744,6.070282,0.75775,0.232024,0.019713,0.00816217,0.00548255,0.00400716,0.00332053,0.00275383
4955,25.902278,6.411546000000002,0.75785,0.117036,0.0194683,0.0228024,0.0231897,0.0213378,0.0192586,0.0166319
4956,25.899256,6.424955999999999,0.75785,0.0952985,0.00817029,0.00339254,0.00227882,0.00166557,0.00138018,0.00114463
4957,26.907896,5.865907000000003,0.75787,0.0828799,0.00678769,0.00281314,0.0018896,0.0013811,0.00114445,0.00094913
4958,26.90993,5.865283000000003,0.75787,0.0728664,0.00621307,0.00257869,0.00173214,0.00126601,0.00104908,0.000870037
4959,26.907331,5.8655690000000025,0.75787,0.0705263,0.00602432,0.00250149,0.00168029,0.00122811,0.00101768,0.000843994
4961,26.338053,5.834193999999999,0.75847,0.0594535,0.00477905,0.00196482,0.00131966,0.000964523,0.000799253,0.000662847
4962,26.383963,5.695853999999994,0.7587,0.132623,0.0107486,0.00442208,0.00297029,0.00217096,0.00179897,0.00149195
4963,25.75548,6.7369190000000065,0.75879,0.061723,0.00528294,0.00218235,0.0014655,0.00107108,0.000887547,0.000736072
4964,25.746979,6.734123999999998,0.75879,0.11958,0.0125788,0.00417596,0.0027044,0.00196101,0.00162277,0.00134518
4965,25.749882,6.729547000000004,0.75879,0.0929588,0.0081229,0.00330046,0.00221288,0.00161693,0.00133982,0.00111115
4966,25.760496,6.739184000000005,0.75879,0.418546,0.0354371,0.0140202,0.00939305,0.00686303,0.00568683,0.00471623
4967,26.017868,5.164864999999997,0.75883,0.0970136,0.00828514,0.00344033,0.00231092,0.00168904,0.00139962,0.00116075
4968,26.02551,5.167541000000006,0.75883,0.06826,0.00569055,0.002353,0.00158045,0.00115514,0.000957207,0.000793844
4973,26.570904000000002,4.878643999999996,0.75893,0.254365,0.0216946,0.00899941,0.006045,0.00441825,0.00366118,0.00303634
4974,26.358337,5.742572000000004,0.75893,0.0890325,0.00742803,0.00308236,0.00207047,0.00151329,0.00125399,0.00103998
4975,24.922222,5.552607000000001,0.75899,0.0770858,0.00663598,0.0027552,0.00185071,0.00135267,0.00112089,0.000929593
4976,24.933225,5.557933999999996,0.75899,0.796061,0.182798,0.383466,0.516338,0.596032,0.61832,0.61498
4977,24.922218,5.549721000000002,0.75899,0.0516508,0.00440638,0.00181098,0.00121625,0.00088894,0.00073662,0.000610904
4986,25.767321,5.363762,0.75935,0.0837461,0.00732411,0.00297719,0.00199663,0.00145902,0.00120898,0.00100265
4987,26.991804,4.875660999999995,0.75936,0.0648044,0.00557608,0.0023081,0.0015503,0.0011331,0.000938946,0.0007787
4988,26.998912,4.876909000000006,0.75936,0.631518,0.0435391,0.0178527,0.0119906,0.00876383,0.00726215,0.00602275
4994,25.699762000000003,5.450943000000006,0.75968,0.078068,0.00669354,0.00269462,0.00180814,0.00132144,0.001095,0.000908121
4996,26.152321,5.119428000000003,0.76007,0.307174,0.0261868,0.0108738,0.00730409,0.00533851,0.00442376,0.00366878
4997,25.109929,5.733656999999995,0.76025,0.0552046,0.00704432,0.00240952,0.00142422,0.000973317,0.000787923,0.00064469
4998,25.111786,5.724325999999994,0.76025,0.134486,0.00753393,0.00271213,0.00181377,0.00132511,0.00109801,0.000910606
5000,24.970034,5.594629999999996,0.76036,0.131111,0.0114525,0.0046876,0.00314382,0.00229725,0.00190356,0.00157867
5001,24.969587,5.594819999999996,0.76036,0.161667,0.0763751,0.0301384,0.013486,0.00629234,0.00394769,0.00256719
5002,26.863856,5.791969999999999,0.76037,0.0933834,0.00796309,0.00329098,0.00221048,0.00161562,0.00133878,0.0011103
5003,26.861113,5.7880829999999985,0.76037,0.11631,0.00994975,0.00412009,0.00276743,0.00202269,0.00167611,0.00139005
5005,26.935516,5.660337000000001,0.76089,0.0577859,0.00486122,0.00201836,0.00135576,0.000990918,0.000821125,0.000680987
5006,26.923867,5.651220999999998,0.76089,0.150981,0.0298887,0.00928152,0.00469804,0.00284803,0.00218904,0.00173174
5007,26.935422,5.655491,0.76089,0.0624338,0.00532473,0.00221104,0.00148518,0.00108551,0.00089951,0.000745994
5008,26.951975,5.663597999999994,0.76089,0.264447,0.0225994,0.00912802,0.00611231,0.00446422,0.00369874,0.0030673
5009,26.103884,5.077246000000003,0.76107,0.172653,0.0143575,0.00595725,0.00400156,0.00292472,0.00242357,0.00200995
5010,26.100932,5.081658000000006,0.76107,0.0829702,0.00696987,0.0028532,0.0019152,0.00139967,0.00115983,0.000961881
5011,25.987015,7.025932999999995,0.76115,0.0573213,0.00485253,0.00197573,0.00132686,0.000969786,0.000803613,0.000666464
5012,25.984914,7.027866000000005,0.76115,0.0934168,0.00797801,0.00330618,0.00222075,0.00162313,0.00134501,0.00111546
5013,24.963565,5.868034999999995,0.76116,0.0840642,0.0074073,0.00302912,0.00202075,0.00147197,0.00121828,0.00100962
5014,26.04561,6.954798000000003,0.76131,0.223291,0.0233322,0.00883604,0.00557262,0.00394952,0.00324027,0.00267269
5015,26.04088,6.956745000000004,0.76131,0.120874,0.0580311,0.030281,0.0166005,0.00889674,0.00578565,0.00366164
5016,26.045119,6.9544839999999954,0.76131,0.202799,0.121298,0.0301634,0.0107168,0.00462988,0.00301949,0.00214964
5017,26.585307,5.659765000000004,0.7614,0.0571452,0.00487619,0.00202399,0.00135954,0.000993678,0.000823412,0.000682883
5018,26.579562,5.665438999999997,0.7614,0.114393,0.0108943,0.0041422,0.00272608,0.00198148,0.00164008,0.00135957
5019,26.598317,5.6505820000000035,0.7614,0.230108,0.15696,0.217553,0.202623,0.167274,0.139684,0.110729
5021,27.145007,5.883682999999999,0.76164,0.124198,0.0109424,0.00446036,0.00298115,0.00217559,0.00180218,0.00149439
5027,26.257121,5.992054000000001,0.76236,0.251073,0.0270628,0.00869275,0.00556167,0.00401614,0.00332012,0.00275101
5028,24.934138,6.396698999999997,0.76251,0.122372,0.0104852,0.0043527,0.00292377,0.00213696,0.00177079,0.00146858
5029,24.932446,6.3964309999999935,0.76251,0.869569,0.0679588,0.028198,0.018941,0.0138438,0.0114717,0.00951387
5034,24.800933,6.523608999999997,0.76291,0.126721,0.0111789,0.00435089,0.00291817,0.00213269,0.00176724,0.00146563
5036,25.331489,5.840525999999999,0.76304,0.109994,0.00940303,0.00379628,0.00254285,0.00185745,0.00153901,0.0012763
5037,25.337421,5.846013999999995,0.76304,0.166246,0.0265642,0.010574,0.00584674,0.0036028,0.00274058,0.00213204
5038,26.219589,6.575526000000004,0.76319,0.0896086,0.00762271,0.00316419,0.00212543,0.00155346,0.00128728,0.00106758
5039,25.824126,5.734992000000006,0.76327,0.0830379,0.00719093,0.00288173,0.00193406,0.00141352,0.00117131,0.000971405
5040,25.692128,4.905412000000001,0.76328,0.0566324,0.00485112,0.00201438,0.00135309,0.000988962,0.000819504,0.000679642
5041,25.927704,5.112331000000006,0.76331,0.0820168,0.00712938,0.00290855,0.00194813,0.00142276,0.00117876,0.00097751
5042,25.948602,5.119252000000007,0.76331,2.06107,0.17383,0.0689234,0.0462498,0.0338015,0.0280095,0.0232292
5043,24.911941,6.321339000000004,0.76346,0.221495,0.0183104,0.0074832,0.00502538,0.00367297,0.00304361,0.00252417
5044,24.907411,6.322211999999995,0.76346,0.0561043,0.0048269,0.00200414,0.00134621,0.000983936,0.000815339,0.000676188
5045,25.948678,5.228536000000005,0.76351,0.0759546,0.00649512,0.00269548,0.00181058,0.00132334,0.00109659,0.000909438
5046,25.950864,5.223835000000005,0.76351,0.133762,0.0111322,0.00454633,0.00305247,0.00223095,0.00184867,0.00153316
5047,25.259636,5.9827370000000055,0.76368,2.60067,0.440248,0.173746,0.0958966,0.0585246,0.044058,0.0338609
5048,26.733406,5.900497999999999,0.76381,0.135401,0.0116189,0.00482257,0.00323938,0.00236764,0.00196195,0.00162711
5049,26.73209,5.890373000000002,0.76381,0.0504024,0.00433892,0.0018017,0.00121023,0.000884548,0.000732981,0.000607886
5050,25.995506,6.415257999999998,0.76395,0.0562684,0.00416716,0.00171627,0.00115272,0.000842509,0.000698145,0.000578995
5051,26.262678,6.125783999999997,0.76407,0.117503,0.00984266,0.00407905,0.00273994,0.0020026,0.00165946,0.00137624
5052,26.763373,5.289534999999995,0.7641,0.0981916,0.00839669,0.0034836,0.00233997,0.00171027,0.00141722,0.00117534
5053,26.763998000000004,5.2882489999999995,0.7641,0.0727127,0.00623953,0.00259086,0.00174032,0.00127199,0.00105403,0.000874146
5054,25.623731,5.553236999999998,0.76424,0.568745,0.0488904,0.0202988,0.013635,0.00996574,0.00825811,0.00684873
5055,25.623669,5.558643000000001,0.76424,0.353953,0.029316,0.0121714,0.00817568,0.00597555,0.00495165,0.00410657
5056,25.627561000000004,5.553276,0.76424,0.0635813,0.0055869,0.00228374,0.00152745,0.00111504,0.000923736,0.000766007
5057,25.624784,5.556546000000004,0.76424,0.584002,0.0492238,0.0204317,0.0137242,0.0100309,0.00831215,0.00689355
5058,25.652607,5.496017000000003,0.76451,0.11899,0.00895947,0.00371375,0.00249456,0.00182326,0.00151084,0.00125299
5061,26.108414,6.133807000000003,0.76486,0.0826921,0.0151336,0.00540472,0.00277425,0.00167428,0.00128343,0.00101445
5062,25.775548,6.144560999999994,0.76491,0.239407,0.0205263,0.00850979,0.00571568,0.0041775,0.00346168,0.00287089
5063,25.887393,5.078270999999997,0.76494,0.0621498,0.0053679,0.00220735,0.00148233,0.0010834,0.000897763,0.000744545
5064,25.890569,5.077082999999995,0.76494,2.52774,0.217842,0.0861357,0.0575591,0.0420234,0.0348157,0.0288716
5067,26.311078,6.313202000000004,0.76514,0.0561631,0.0047088,0.00194701,0.00130771,0.000955792,0.000792017,0.000656846
5068,26.70115,6.157128000000004,0.76516,0.185856,0.016139,0.0064657,0.00433732,0.00316975,0.00262659,0.00217831
5069,26.699124,6.149361000000004,0.76516,0.0659487,0.00559244,0.00232097,0.00155902,0.00113948,0.000944232,0.000783083
5070,26.695981000000003,6.1537739999999985,0.76516,0.524028,0.0445618,0.0185033,0.0124289,0.00908423,0.00752765,0.00624293
5071,26.054368,6.0879099999999955,0.76519,0.0527541,0.0043343,0.00179633,0.0012066,0.000881898,0.000730786,0.000606065
5072,26.035623,6.088591999999995,0.76519,0.116551,0.0124148,0.00872643,0.00744653,0.00607894,0.00513227,0.00416427
5073,26.027673,6.089551999999999,0.76519,0.060211,0.00519635,0.00214747,0.00144189,0.00105379,0.000873218,0.000724187
5074,26.039423000000003,6.0900130000000035,0.76519,0.0585255,0.00500011,0.0020726,0.00139218,0.00101754,0.000843183,0.00069928
5075,26.034112,6.092339000000003,0.76519,0.0827727,0.00704376,0.00292118,0.00196219,0.00143416,0.00118841,0.000985592
5076,26.231982,6.4270979999999955,0.76524,0.0741655,0.00640195,0.00264714,0.00177763,0.00129921,0.00107658,0.000892847
5077,26.270584,6.424124000000004,0.76524,0.0784481,0.00664884,0.00276032,0.00185415,0.00135518,0.00112297,0.00093132
5078,25.675182,6.5051960000000015,0.76531,0.0584727,0.00500547,0.00196933,0.00131796,0.000962754,0.000797726,0.000661566
5079,25.671555,6.497755000000006,0.76531,0.0905188,0.00777304,0.00322606,0.00216698,0.00158383,0.00131244,0.00108845
5080,25.673591,6.499560999999997,0.76531,0.559552,0.0481971,0.0200089,0.0134402,0.00982332,0.0081401,0.00675086
5083,25.286388,7.041652,0.76557,0.0622084,0.00534721,0.00221994,0.00149117,0.00108988,0.000903134,0.000748999
5084,25.962496,4.871803999999998,0.76567,0.142167,0.0110476,0.00458609,0.00308054,0.00225155,0.00186575,0.00154733
5085,25.955789,4.865222000000003,0.76567,0.174386,0.0149608,0.00621218,0.00417281,0.00304988,0.00252729,0.00209596
5086,25.528045,6.004271000000001,0.76576,0.374145,0.0329915,0.0133455,0.00894048,0.00653179,0.00541228,0.00448852
5087,26.063545,5.420939000000004,0.76584,0.129612,0.0151839,0.00701409,0.00429122,0.00280101,0.00217256,0.00170574
5088,26.062744,5.421331000000002,0.76584,0.159847,0.0136471,0.00566664,0.00380637,0.00278205,0.00230535,0.0019119
5089,26.067780000000003,5.4209589999999945,0.76584,0.0973443,0.0085109,0.00347141,0.00232928,0.00170226,0.00141057,0.00116983
5090,26.061526,5.426447000000002,0.76584,0.153341,0.0131955,0.00533051,0.00357462,0.00261208,0.00216445,0.00179504
5091,26.394738,6.656747999999997,0.76601,0.0828461,0.00671335,0.00277698,0.0018653,0.00136333,0.00112973,0.00093692
5092,26.077616,6.395066999999995,0.76601,0.0932343,0.00786194,0.00326442,0.00219276,0.00160267,0.00132806,0.0011014
5093,26.078941,6.398255999999996,0.76601,0.0948183,0.00821481,0.00339588,0.00227808,0.00166436,0.00137905,0.00114365
5094,26.060259,6.023786999999994,0.76617,0.0930607,0.00726195,0.00301517,0.00202533,0.0014803,0.00122665,0.00101731
5095,26.058914,6.023851000000006,0.76617,0.348512,0.0300268,0.0123708,0.00830845,0.00607255,0.00503202,0.00417322
5096,26.055966,6.020354999999999,0.76617,0.190329,0.0175098,0.00713947,0.00468638,0.00337656,0.00278219,0.00229901
5097,25.534773,7.0388349999999935,0.7664,0.0569951,0.00497683,0.00203491,0.00136466,0.00099716,0.000826268,0.000685245
5098,25.599407,5.925960000000005,0.76653,0.0502874,0.0042969,0.00178155,0.00119665,0.000874617,0.000724752,0.000601061
5099,26.842327,5.169438,0.76666,0.524953,0.07584,0.0303643,0.0173288,0.010994,0.00848612,0.00667154
5100,25.65785,5.180886,0.76671,0.0803951,0.00601309,0.00249345,0.00167488,0.00122416,0.0010144,0.000841276
5101,25.660558,5.185581999999994,0.76671,0.0571371,0.00460519,0.00191223,0.00128447,0.00093881,0.000777946,0.000645177
5102,25.664591,5.186633000000002,0.76671,0.0885975,0.00746774,0.00309613,0.00207971,0.00152004,0.00125959,0.00104462
5103,25.65918,5.185723000000005,0.76671,0.090631,0.00755349,0.0031291,0.00210182,0.00153621,0.00127298,0.00105573
5104,25.343306,6.99668,0.7669,0.141881,0.0121509,0.00503065,0.00337857,0.00246931,0.00204619,0.00169697
5105,26.215713,6.309077000000004,0.76694,0.14166,0.0159265,0.00578132,0.00356295,0.00250353,0.00204999,0.00168977
5106,26.182524,6.316745000000006,0.76694,0.0747055,0.00640375,0.00265909,0.00178615,0.00130549,0.00108179,0.000897166
5107,26.415543000000003,6.502114000000003,0.76704,0.090196,0.0762619,0.0419637,0.0236715,0.012878,0.00834665,0.00516306
5108,25.930659000000002,5.178663000000002,0.76722,0.0822904,0.00708689,0.00285506,0.00191214,0.00139675,0.0011573,0.000959748
5109,25.912241,5.179980999999997,0.76722,0.0544786,0.00462017,0.00191719,0.0012878,0.000941241,0.00077996,0.000646847
5110,25.845521,5.998055000000003,0.76728,0.0615902,0.00556215,0.00210005,0.00138629,0.00100801,0.000834239,0.000691463
5111,25.913299,6.480129000000005,0.76729,0.0537785,0.00457152,0.0018893,0.00126903,0.000927528,0.000768597,0.000637423
5113,25.871721,5.079652,0.76816,0.0998104,0.0194492,0.00459329,0.00234315,0.00152537,0.00122429,0.00100008
5114,25.871637,5.081689000000001,0.76816,0.0596861,0.00770678,0.00719442,0.00683517,0.0059918,0.00525167,0.00440135
5115,25.475312,6.366809000000002,0.76832,0.0522738,0.00449772,0.00186763,0.00125451,0.000916915,0.000759802,0.00063013
5116,25.466879,6.362660999999999,0.76832,0.0597428,0.00513394,0.00212983,0.00143063,0.00104564,0.000866466,0.00071859
5117,25.494364,6.973293999999996,0.76838,0.0640744,0.00540364,0.00224372,0.00150714,0.00110156,0.000912806,0.000757021
5118,25.496922,6.976829000000004,0.76838,0.0824484,0.00722893,0.00288448,0.0019277,0.00140733,0.00116593,0.000966862
5119,25.973774,6.012895999999996,0.76859,0.0547377,0.00421921,0.00174417,0.00117157,0.00085629,0.000709565,0.000588466
5120,26.578209,5.7383090000000045,0.76913,0.0703808,0.00600741,0.00246069,0.00165242,0.00120772,0.00100078,0.000829978
5121,26.559059,5.734245999999995,0.76913,0.130555,0.010283,0.00424106,0.00284847,0.00208191,0.00172518,0.00143075
5122,26.57064,5.747997000000004,0.76913,0.089332,0.00765893,0.00317984,0.00213594,0.00156115,0.00129365,0.00107286
5123,26.553464000000005,5.748020999999998,0.76913,0.058067,0.00538335,0.00213444,0.00140187,0.00101306,0.000836038,0.000691601
5124,26.561664,5.735689000000002,0.76913,0.0936011,0.00803545,0.00333658,0.00224123,0.0016381,0.00135741,0.00112575
5125,26.550649000000003,5.651859000000002,0.7694,0.341507,0.0288781,0.0119604,0.00803391,0.00587193,0.00486578,0.00403535
5126,26.280768,6.430170999999996,0.76952,0.0566771,0.00486712,0.00202036,0.0013571,0.000991893,0.000821933,0.000681656
5127,26.28151,6.426376000000003,0.76952,0.0771832,0.00639144,0.00265232,0.0017816,0.00130216,0.00107904,0.000894881
5130,26.142289,6.128404,0.76977,0.0596304,0.00508026,0.00210735,0.0014155,0.00103458,0.000857301,0.000710989
5131,26.652325,6.328311000000001,0.77027,0.0724228,0.00623603,0.00258901,0.00173908,0.00127108,0.00105328,0.000873521
5132,26.648414,6.333173000000002,0.77027,0.0547988,0.00456678,0.00187216,0.00125678,0.000918492,0.0007611,0.000631204
5133,25.959055,5.061373,0.77028,0.133424,0.011469,0.00473758,0.00318168,0.00232543,0.00192696,0.00159809
5134,25.958752,5.0619270000000025,0.77028,0.182182,0.0180879,0.0068454,0.00441945,0.0031814,0.00262545,0.00217311
5135,25.95914,5.0617719999999995,0.77028,0.233516,0.017573,0.0072117,0.00484323,0.00353983,0.00293328,0.00243267
5136,26.632331,6.643660000000001,0.77033,0.13011,0.011099,0.0046064,0.00309418,0.00226151,0.001874,0.00155418
5140,25.865761,6.880993,0.77061,0.116108,0.00876163,0.00361866,0.00243063,0.00177653,0.00147212,0.00122088
5141,26.69577,6.825012999999996,0.77077,0.0876238,0.00759881,0.00310103,0.00208092,0.00152075,0.00126015,0.00104509
5147,25.917656,5.835330000000001,0.77082,0.0835689,0.00727495,0.00297366,0.00199632,0.00145904,0.00120903,0.00100269
5148,25.922641,5.843320999999995,0.77082,0.103112,0.0138065,0.00441951,0.00258355,0.00177174,0.00143951,0.0011815
5149,25.928421,5.849350000000005,0.77082,5.36996,0.477442,0.19167,0.128243,0.0936689,0.0776116,0.0643642
5150,26.170705,6.415727999999999,0.77108,0.0584003,0.00502114,0.00208167,0.00139827,0.00102199,0.000846871,0.000702339
5153,24.99224,6.818287999999995,0.77123,0.0567446,0.00513634,0.00207762,0.00137441,0.000997329,0.000824497,0.000682891
5154,26.150522,5.812042999999994,0.77134,0.109456,0.0094202,0.00390934,0.00262595,0.00191929,0.00159042,0.00131899
5155,25.284774,6.174110000000002,0.77138,0.0549399,0.00473006,0.00195665,0.00131375,0.000960121,0.00079559,0.000659804
5156,25.28673,6.181637000000007,0.77138,0.0584151,0.00500542,0.00207781,0.00139569,0.0010201,0.000845307,0.000701042
5157,25.286549,6.184194999999995,0.77138,0.101803,0.00868368,0.00360584,0.00242209,0.00177029,0.00146695,0.00121659
5158,26.483106,5.613695,0.77142,0.338973,0.0295483,0.0121456,0.00813712,0.00594269,0.00492353,0.00408294
5162,26.740885,6.31453,0.77222,0.0631967,0.00539796,0.00224144,0.00150561,0.00110044,0.000911879,0.000756252
5168,24.881533,6.651643000000002,0.77307,0.0500122,0.00431964,0.00178487,0.00119871,0.00087612,0.000725997,0.000602094
5169,24.885716,6.655939000000004,0.77307,0.16059,0.0137626,0.00571367,0.00383795,0.00280514,0.00232448,0.00192777
5170,24.887498,6.655983,0.77307,2.48125,0.212142,0.0880396,0.0591373,0.043223,0.0358168,0.0297041
5171,24.802741,6.668218999999998,0.77315,0.251282,0.0215811,0.00895877,0.0060177,0.00439829,0.00364465,0.00302263
5174,25.859658,6.997215000000002,0.77326,0.129653,0.0114608,0.00461308,0.00309343,0.0022606,0.00187322,0.00155352
5175,25.111634,6.5389200000000045,0.77363,0.0529846,0.00450592,0.00187092,0.00125672,0.000918531,0.000761142,0.000631241
5176,25.116014,6.527520999999995,0.77363,0.114418,0.00810648,0.00336458,0.00226004,0.00165185,0.0013688,0.00113519
5177,25.113341,6.538594000000001,0.77363,0.0957812,0.00823988,0.00342139,0.0022982,0.00167974,0.00139192,0.00115436
5178,25.118338,6.537443999999995,0.77363,0.273013,0.0239803,0.00964652,0.00644382,0.00470244,0.0038953,0.00323001
5179,26.023171,6.663403000000001,0.77364,0.235617,0.0199437,0.00827734,0.00556,0.00406377,0.00336744,0.00279273
5180,26.027654,6.662886000000005,0.77364,0.118334,0.0100139,0.003995,0.00267393,0.001953,0.00161816,0.00134194
5181,26.02227,6.6716039999999985,0.77364,0.105394,0.00900942,0.00369041,0.00247575,0.00180904,0.00149899,0.00124314
5182,26.024642,6.666908999999997,0.77364,0.435149,0.0371454,0.0154038,0.0103466,0.00756224,0.00626645,0.00519698
5183,25.734427,5.575403,0.77367,0.0605535,0.0052085,0.00215972,0.0014507,0.00106031,0.000878623,0.000728672
5184,25.09172,6.317244999999998,0.77374,0.20117,0.0722955,0.0414074,0.0228212,0.0121068,0.00784142,0.00499723
5185,25.095128,6.315849,0.77374,0.474426,0.0378059,0.0156965,0.0105436,0.00770624,0.00638578,0.00529594
5187,26.081315,6.618677999999997,0.77378,0.153991,0.0133754,0.00545545,0.00365808,0.00267281,0.00221471,0.00183671
5188,26.067944,6.613477999999995,0.77378,0.088565,0.00716979,0.00296817,0.00199372,0.0014572,0.00120751,0.00100143
5189,26.071132,6.608194999999996,0.77378,0.10945,0.00945633,0.00391363,0.00262727,0.00191995,0.00159092,0.00131938
5190,25.234222000000003,6.969801000000001,0.77383,0.0514523,0.00443416,0.00183813,0.00123463,0.000902382,0.000747759,0.000620142
5191,25.357413000000005,6.327034000000003,0.77471,0.255818,0.0216185,0.00891365,0.00598714,0.00437596,0.00362614,0.00300728
5192,25.358647000000005,6.326680999999994,0.77471,0.184468,0.0167115,0.00659873,0.00440443,0.00321566,0.00266426,0.00220947
5193,25.789021,6.120574000000006,0.77472,0.0563,0.00466208,0.00193534,0.00129999,0.000950157,0.000787348,0.000652975
5194,25.791991,6.1163409999999985,0.77472,0.0926141,0.00810252,0.00332194,0.00222444,0.00162447,0.00134589,0.00111612
5196,25.464872,6.305805000000005,0.77522,0.0559921,0.00481234,0.00199603,0.00134075,0.000979945,0.000812032,0.000673446
5197,25.470842,6.305027999999998,0.77522,0.120507,0.0102284,0.00424566,0.00285187,0.00208441,0.00172725,0.00143247
5201,26.756237,6.4463199999999965,0.77655,0.0581285,0.00497726,0.00206536,0.00138733,0.00101399,0.000840243,0.000696842
5202,25.671518,5.858089000000005,0.77681,0.0566067,0.00261603,0.00105608,0.000709321,0.000518437,0.000429603,0.000356284
5203,25.67052,5.857728999999994,0.77681,2.00012,0.172012,0.0713704,0.0479403,0.0350392,0.0290353,0.0240799
5204,25.653823,7.0696119999999985,0.77687,0.142279,0.0121716,0.00505412,0.00339493,0.00248133,0.00205616,0.00170524
5208,25.570942,7.098958999999997,0.77737,0.193335,0.0164046,0.00679798,0.00456619,0.00333739,0.00276553,0.00229355
5209,25.570856,7.099801000000006,0.77737,0.0966665,0.00826629,0.00343228,0.00230551,0.00168508,0.00139635,0.00115804
5211,26.509495,6.435067999999996,0.77806,0.181608,0.0155323,0.00644952,0.00433224,0.0031664,0.00262384,0.00217604
5212,26.502453,6.441223999999999,0.77806,0.0769038,0.00768832,0.00288941,0.00186116,0.0013379,0.00110348,0.000913043
5216,26.660865000000005,6.398146000000006,0.77838,0.0956595,0.00800187,0.00330103,0.00221702,0.00162039,0.00134273,0.00111357
5217,25.893512,5.586250999999994,0.77841,0.112388,0.01221,0.00405316,0.00262038,0.00190046,0.00157291,0.00130397
5218,25.920266,5.181761,0.77869,0.329773,0.0284028,0.0117701,0.00790592,0.00577838,0.00478826,0.00397107
5219,25.900322,5.180340000000005,0.77869,0.0684667,0.0074735,0.00341557,0.00212951,0.00141985,0.00111532,0.000885167
5220,26.413393,6.4374860000000025,0.77882,0.0742863,0.0063874,0.00265228,0.00178157,0.00130214,0.00107902,0.000894867
5221,26.423133,6.4422490000000066,0.77882,13.813,1.07888,0.440819,0.29598,0.216321,0.179254,0.148661
5226,25.866517,5.322926999999996,0.7792,0.0517844,0.00448055,0.00181537,0.00121855,0.000890581,0.000737978,0.00061203
5228,26.500068000000002,5.024935000000003,0.77993,0.448313,0.0443549,0.0157779,0.0103955,0.00757221,0.00627166,0.00520055
5229,25.377989,7.174339999999997,0.78036,0.103856,0.00879903,0.00364976,0.00245159,0.00179185,0.00148482,0.00123141
5230,25.3834,7.167469000000004,0.78036,0.391928,0.0327018,0.0135519,0.00910292,0.00665326,0.00551323,0.00457231
5231,25.37561,7.172492999999997,0.78036,0.148209,0.0122583,0.0050887,0.00341815,0.0024983,0.00207022,0.0017169
5232,25.798721,4.984008999999995,0.78133,0.213973,0.0184951,0.00760766,0.00510599,0.00373142,0.00309198,0.00256427
5233,25.99185,5.511819999999997,0.78141,0.0512913,0.00416622,0.00161854,0.0010842,0.000792195,0.000656432,0.000544397
5234,25.986215,5.509615999999997,0.78141,0.0556984,0.00458474,0.00190371,0.00127875,0.000934632,0.000774483,0.000642305
5235,25.977577000000004,5.507712,0.78141,0.0548288,0.00468616,0.00192494,0.00129267,0.000944783,0.000782894,0.00064928
5236,25.741732,6.548668,0.78145,0.0656981,0.00929509,0.00138523,0.000596654,0.000357259,0.00027895,0.000224402
5237,25.422817,7.176794999999998,0.78161,0.0957344,0.00731622,0.0027412,0.00183405,0.00133994,0.0011103,0.000920797
5238,25.428944,7.171445,0.78161,0.421813,0.0336513,0.013968,0.00938248,0.0068576,0.00568255,0.00471273
5239,25.955681,5.411463000000003,0.7817,0.181503,0.015417,0.006398,0.00429761,0.00314109,0.00260287,0.00215865
5240,25.961452,5.416197999999998,0.7817,0.0675868,0.00583436,0.00241665,0.00162304,0.00118625,0.000982984,0.000815221
5241,26.364515,5.171495999999996,0.78209,0.0570142,0.00623897,0.00195164,0.00126547,0.000919336,0.000761165,0.000631104
5242,26.381337,5.170591000000005,0.78209,0.587113,0.0499742,0.0206971,0.013902,0.0101609,0.0084198,0.00698283
5246,25.743535,6.551456000000006,0.78232,0.0646471,0.00545954,0.00226677,0.00152262,0.00111287,0.000922183,0.000764797
5247,26.417340000000003,5.2684200000000025,0.78276,0.231246,0.019818,0.0082241,0.00552418,0.00403758,0.00334575,0.00277474
5248,26.431005,5.2644910000000005,0.78276,0.241195,0.0205628,0.00853512,0.00573316,0.00419033,0.00347232,0.00287971
5252,24.965114,5.594336999999995,0.78297,0.118122,0.00954503,0.0039416,0.00264731,0.00193488,0.00160334,0.0013297
5253,25.652953,5.8508599999999955,0.78366,0.105104,0.00955505,0.00409851,0.00271663,0.00194407,0.00158905,0.00130171
5256,26.436139,5.515088000000005,0.78393,0.0526875,0.00451773,0.00187534,0.00125969,0.000920698,0.000762937,0.00063273
5257,26.429923,5.516626999999996,0.78393,0.0689062,0.00595604,0.00245997,0.00165185,0.00120728,0.00100041,0.000829672
5258,26.433207,5.505344,0.78393,0.200022,0.0172067,0.00714318,0.00479817,0.00350695,0.00290604,0.00241007
5262,26.295937,4.910518,0.78513,0.09209,0.00794823,0.00329132,0.0022105,0.00161561,0.00133878,0.00111029
5263,26.294182,4.911780000000003,0.78513,0.0851185,0.00717508,0.0029736,0.00199736,0.00145986,0.00120971,0.00100325
5264,26.295334,4.908618000000006,0.78513,0.0551733,0.00454985,0.00182734,0.00122636,0.000896276,0.000742695,0.000615942
5266,26.932034,6.303424000000005,0.78529,0.0655153,0.00554095,0.00230071,0.00154542,0.00112954,0.000935992,0.00077625
5267,26.944889,6.292784999999998,0.78529,0.192958,0.0167584,0.00690467,0.00463054,0.00338296,0.00280303,0.00232456
5270,26.341322,5.456193000000002,0.78572,0.124882,0.0107522,0.00445078,0.00298946,0.00218497,0.00181057,0.00150157
5271,26.345329,5.463604999999997,0.78572,0.0668282,0.00570003,0.00236679,0.0015898,0.00116198,0.000962873,0.000798543
5272,26.94298,6.577752000000002,0.78626,0.0601518,0.00418146,0.00162161,0.0010859,0.000793346,0.000657372,0.000545172
5273,26.939707,6.574225,0.78626,0.0594135,0.00486984,0.00200709,0.00134784,0.000985098,0.000816299,0.000676984
5274,26.939925,6.575504999999998,0.78626,0.0962057,0.00794961,0.00330096,0.0022173,0.00162061,0.00134292,0.00111373
5275,26.012761,5.455694,0.78652,0.0880789,0.0075045,0.0031123,0.00209055,0.00152797,0.00126615,0.00105006
5276,25.72274,5.408455999999996,0.787,0.14274,0.0121532,0.00504651,0.00338981,0.00247759,0.00205306,0.00170267
5277,25.724879,5.404973999999994,0.787,0.0611245,0.00569393,0.00223428,0.00146927,0.00106509,0.000880548,0.000729425
5278,25.715402,5.411845,0.787,0.610496,0.0531208,0.0212235,0.0142226,0.010392,0.00861103,0.00714135
5279,25.37239,7.179220999999997,0.78704,0.123344,0.010414,0.00430503,0.00289147,0.00211334,0.00175122,0.00145234
5284,25.375774,6.635102999999995,0.78766,0.0707992,0.0069827,0.00267697,0.00172472,0.00123537,0.00101669,0.000839842
5285,26.99855,7.140400999999996,0.78769,0.170772,0.0145841,0.00605541,0.0040675,0.00297291,0.0024635,0.00204307
5286,26.999136,7.159399000000002,0.78769,0.105165,0.00898999,0.00372032,0.00249892,0.00182644,0.00151348,0.00125518
5287,26.990246,7.148637000000005,0.78769,0.0628541,0.00541344,0.00224188,0.00150546,0.00110026,0.000911723,0.000756119
5288,24.906731,5.543464999999998,0.7879,0.0645746,0.0059858,0.00232366,0.00153917,0.00112095,0.000928221,0.000769599
5289,24.900591,5.551935000000003,0.7879,0.0556395,0.0046703,0.00192558,0.00129316,0.000945142,0.000783191,0.000649526
5290,24.906005,5.543932,0.7879,4.23239,0.796041,0.345541,0.191521,0.11327,0.0825661,0.0611897
5295,24.95073,5.526279999999997,0.78838,0.0805314,0.00724186,0.00292265,0.00194104,0.00141329,0.00117006,0.000969998
5296,24.870999,5.592361999999997,0.78871,0.0544837,0.00466025,0.00193498,0.00129975,0.000949982,0.000787204,0.000652855
5298,26.042833,5.5718900000000025,0.78911,0.068533,0.00589532,0.00242072,0.00162573,0.00118822,0.00098462,0.000816579
5305,25.174032,5.554815999999995,0.78959,0.0841202,0.00701352,0.00290659,0.00195236,0.00142696,0.00118245,0.000980649
5306,25.126461,5.554117999999996,0.78959,0.199491,0.0416518,0.0456467,0.0401794,0.0316383,0.0256008,0.0196271
5309,25.057384,5.511687999999996,0.7901,0.0579438,0.00497423,0.00205666,0.00138139,0.00100964,0.000836642,0.000693856
5310,25.055225,5.513788999999996,0.7901,0.725242,0.0516196,0.0214177,0.0143866,0.0105151,0.00871332,0.00722625
5311,24.877792,5.465604,0.79039,0.0584932,0.00501766,0.0020835,0.00139951,0.0010229,0.000847624,0.000702963
5312,24.888878,5.462243000000005,0.79039,0.500708,0.0381014,0.0144234,0.00964241,0.00704307,0.00583577,0.00483969
5313,26.179251000000004,5.454124000000001,0.79054,0.0600999,0.00514372,0.00211967,0.00142372,0.00104058,0.00086228,0.000715118
5314,26.182661,5.443443999999997,0.79054,0.0636539,0.00420072,0.0016459,0.00110412,0.000806906,0.000668637,0.000554522
5315,24.870163,5.413577999999995,0.79059,0.096569,0.00830583,0.00344394,0.00231314,0.00169064,0.00140095,0.00116185
5326,25.290642,4.809401999999995,0.79128,0.0500696,0.00422842,0.00175526,0.00117904,0.00086175,0.000714089,0.000592218
5327,25.296327,4.804862999999999,0.79128,0.0897934,0.00769305,0.00318948,0.00214238,0.00156585,0.00129755,0.0010761
5328,25.296267,4.807225000000001,0.79128,2.82272,0.248767,0.101467,0.067816,0.0494945,0.041001,0.0339994
5329,24.974397,5.405050000000001,0.7913,0.0962453,0.00816838,0.00338282,0.00227225,0.00166077,0.0013762,0.00114133
5330,24.971531,5.414925000000003,0.7913,0.12911,0.0110898,0.00460279,0.00309172,0.00225971,0.00187251,0.00155294
5331,26.495611,5.307474,0.79164,0.0892621,0.00892652,0.00330683,0.00214581,0.00155234,0.0012835,0.0010635
5332,26.49331,5.313295000000001,0.79164,0.055194,0.0048606,0.00195838,0.0013084,0.000954878,0.000790995,0.000655905
5333,26.479407,4.841020000000005,0.79199,0.123247,0.0110136,0.00443551,0.00295742,0.00215726,0.0017869,0.00148171
5334,26.472192,4.840525000000007,0.79199,0.116909,0.00980642,0.00406881,0.00273307,0.00199758,0.0016553,0.00137279
5335,25.017852,5.031561999999998,0.79237,0.0724987,0.00623996,0.00259105,0.00174045,0.00127208,0.00105411,0.000874209
5336,25.024563,5.023311999999998,0.79237,0.114873,0.00920082,0.00379741,0.00255074,0.00186432,0.00154487,0.00128121
5337,25.017401,5.031534000000002,0.79237,1.35305,0.115429,0.04793,0.0321953,0.0235313,0.0194992,0.0161714
5338,25.070185,4.956019000000006,0.79245,0.210468,0.0179549,0.00745387,0.00500687,0.00365949,0.00303244,0.0025149
5339,25.068985,4.954590000000004,0.79245,0.0980609,0.0097348,0.00403097,0.00258809,0.00181863,0.0014771,0.00120601
5341,27.159293,4.9412760000000056,0.79271,0.0818899,0.00623041,0.00258673,0.00173754,0.00126996,0.00105235,0.000872751
5342,26.475904,5.431760999999997,0.7928,0.0924445,0.00723594,0.00300364,0.00201759,0.00147464,0.00122196,0.00101342
5343,26.474437,5.419877000000003,0.7928,0.0657995,0.00561202,0.00232139,0.00155923,0.00113963,0.000944356,0.000783186
5344,26.074549,5.356443000000004,0.79331,0.0637533,0.00553921,0.00227851,0.00152926,0.00111761,0.000926093,0.000768038
5345,26.407446,5.404198999999995,0.79336,0.108951,0.00932621,0.00387235,0.00260111,0.00190114,0.00157538,0.00130652
5346,25.621477,5.179162999999994,0.79341,0.106448,0.00902017,0.00373756,0.00251043,0.00183485,0.00152045,0.00126096
5347,25.619515,5.181373999999996,0.79341,0.159544,0.0131645,0.00545718,0.00366566,0.0026792,0.00222012,0.00184122
5348,26.510887,5.606437000000002,0.79358,0.085945,0.00731035,0.00302981,0.00203514,0.00148747,0.00123259,0.00102223
5349,26.255518,7.180297000000002,0.79398,0.0657269,0.00562466,0.00232429,0.00156085,0.00114078,0.0009453,0.000783968
5350,26.257775,7.176739999999996,0.79398,0.0634915,0.00544502,0.00224362,0.00150687,0.00110135,0.000912635,0.000756879
5351,26.261667,7.1775449999999985,0.79398,0.162699,0.0708784,0.0439299,0.0265014,0.015281,0.0103126,0.00669613
5352,26.259906,4.963458999999998,0.79405,0.0822999,0.00709079,0.00289561,0.00194073,0.00141768,0.00117462,0.000974106
5353,27.163463,5.558112,0.7943,0.169398,0.0154116,0.00605573,0.0040197,0.00292786,0.00242427,0.00200985
5358,25.880499,5.550977999999998,0.79465,0.0824739,0.00704975,0.00292715,0.00196621,0.00143709,0.00119085,0.000987608
5359,25.875765000000005,5.543244000000001,0.79465,0.0566352,0.00481561,0.00199848,0.00134241,0.000981156,0.000813036,0.000674278
5360,25.876959,5.547347999999995,0.79465,0.289683,0.0244216,0.0101377,0.00680964,0.00497712,0.00412429,0.00342042
5361,25.874899,5.5479420000000035,0.79465,0.102242,0.00912476,0.0036652,0.00244488,0.00178367,0.00147748,0.00122515
5362,25.876183,5.544328,0.79465,0.0560492,0.00488575,0.0019465,0.00130385,0.000952604,0.000789338,0.000654617
5363,25.874452,5.547274999999999,0.79465,0.134702,0.0115816,0.00480799,0.00322959,0.00236049,0.00195602,0.00162219
5364,25.986495,5.2249659999999984,0.79474,0.266697,0.0228621,0.00946799,0.00635939,0.00464802,0.00385158,0.00319425
5371,25.367501,5.102046,0.79495,0.0518827,0.00450468,0.00185423,0.00124441,0.000909404,0.000753565,0.000624954
5372,25.367065,5.101977999999997,0.79495,0.0507371,0.00436224,0.00174302,0.0011688,0.000854106,0.000707742,0.000586952
5375,25.064878,4.849289999999995,0.79505,0.118529,0.0101613,0.00421213,0.0028291,0.00206774,0.00171343,0.001421
5378,26.763565,5.022951999999999,0.79515,0.0867528,0.00507134,0.00209505,0.00140726,0.00102855,0.000852313,0.000706852
5379,26.762567,5.0210130000000035,0.79515,0.0854033,0.00720269,0.00294986,0.00197971,0.00144674,0.00119882,0.000994211
5384,25.242358,4.941578999999995,0.79548,0.0645181,0.00551946,0.00229191,0.00153951,0.00112522,0.000932411,0.00077328
5385,26.262363,4.866610999999999,0.79566,0.117916,0.00966897,0.00401491,0.00269687,0.00197113,0.00163337,0.00135461
5386,26.254396,4.862822999999995,0.79566,0.0755501,0.00648474,0.0026927,0.00180873,0.00132199,0.00109547,0.000908507
5387,26.252544,4.864888000000005,0.79566,0.10155,0.0087996,0.00362172,0.00243179,0.00177732,0.00147277,0.00122142
5391,27.047349,6.9359969999999995,0.79574,0.0968911,0.00986859,0.00353856,0.00230489,0.00167286,0.00138455,0.00114779
5392,27.052051,6.932958999999997,0.79574,0.0531592,0.00459918,0.00185831,0.001246,0.000910462,0.000754432,0.00062567
5396,26.90219,5.444492999999998,0.79632,0.126089,0.0108501,0.00450263,0.00302443,0.00221053,0.00183176,0.00151914
5397,24.993452,5.166463999999997,0.79632,0.08152,0.00701477,0.00291283,0.00195659,0.00143006,0.00118502,0.000982776
5398,25.998905,5.171453999999995,0.79641,0.0566159,0.0047963,0.00197707,0.00132797,0.0009706,0.000804288,0.000667024
5399,25.991232,5.179204999999995,0.79641,0.221985,0.0192866,0.00759284,0.00507953,0.00371023,0.00307421,0.00254948
5400,25.988577,5.169589,0.79641,0.125194,0.00927413,0.00374503,0.0025141,0.00183746,0.0015226,0.00126274
5401,25.989132,5.168547000000002,0.79641,0.0652317,0.00552676,0.00229327,0.00154042,0.00112588,0.000932963,0.000773738
5403,26.109423,5.0232,0.79656,0.0996141,0.00853316,0.0035404,0.00237813,0.00173816,0.00144033,0.00119451
5404,26.111018,5.016483999999997,0.79656,0.218124,0.0219267,0.0089127,0.00565764,0.00397205,0.00323537,0.00265255
5405,26.112202,5.015131000000003,0.79656,0.0548418,0.00471307,0.00195138,0.0013107,0.000957982,0.000793832,0.000658352
5406,26.111939,5.016756999999994,0.79656,0.080845,0.00698045,0.00287425,0.00192944,0.00141007,0.00116844,0.000969023
5407,26.784665000000004,5.4774959999999995,0.79715,0.155587,0.0131291,0.00542495,0.00364361,0.00266307,0.00220675,0.00183013
5408,24.953259,5.197593999999998,0.79744,187.846,16.1823,6.71441,4.51009,3.29639,2.73155,2.26537
5409,26.944034000000002,5.485130999999999,0.79777,0.148436,0.0119987,0.00495357,0.00332717,0.0024318,0.00201511,0.0016712
5410,26.9433,5.485152000000006,0.79777,0.059778,0.00941181,0.00350674,0.00195443,0.0012284,0.000945747,0.000742532
5411,26.568395,6.9847570000000045,0.79821,0.0633634,0.00538136,0.00223385,0.00150051,0.00109671,0.000908791,0.000753691
5412,26.556425,6.988187999999996,0.79821,0.131762,0.0115107,0.00471272,0.00315783,0.00230668,0.00191122,0.00158497
5413,26.273943,4.974803000000006,0.79861,0.0631086,0.00537057,0.00222989,0.00149785,0.00109477,0.000907182,0.000752357
5414,26.274594,4.9745000000000035,0.79861,0.112347,0.00957968,0.00397769,0.00267187,0.00195285,0.00161823,0.00134205
5415,25.858968,5.234176000000004,0.79872,0.0849737,0.00726995,0.00301155,0.00202277,0.00147842,0.0012251,0.00101601
5416,26.5984,7.008747000000004,0.79894,0.132031,0.0112275,0.00466016,0.00313029,0.00228791,0.00189588,0.00157232
5417,26.595746,7.0080499999999954,0.79894,1.23015,0.104353,0.0432431,0.0290453,0.0212289,0.0175913,0.0145891
5418,26.543658,5.7542409999999995,0.79936,0.0854993,0.00734484,0.00304919,0.00204818,0.001497,0.00124049,0.00102878
5419,26.540329,5.744792000000003,0.79936,260.244,22.3619,9.23905,6.20406,4.5343,3.75732,3.11607
5420,26.4991,6.385516000000002,0.79936,0.15283,0.0131706,0.00545666,0.00366501,0.00267871,0.00221972,0.00184089
5421,26.500376,6.3769939999999945,0.79936,0.165418,0.0142699,0.00590712,0.00396741,0.00289972,0.00240286,0.00199277
5422,26.796931,5.175012000000005,0.79993,0.0640513,0.0060457,0.00241368,0.00157445,0.00113092,0.000930635,0.000768257
5423,26.795731,5.175939999999998,0.79993,0.074382,0.00587854,0.00244091,0.0016396,0.00119837,0.00099303,0.000823553
5424,25.866556,5.226310999999999,0.79998,0.0673958,0.00574181,0.00238395,0.00160133,0.0011704,0.000969855,0.000804333
5425,25.861873,5.219524999999998,0.79998,0.148804,0.0127425,0.00529086,0.00355395,0.00259756,0.00215247,0.00178511
5426,25.857564,5.209491999999996,0.79998,0.303316,0.0265192,0.0107612,0.00722211,0.00527821,0.00437377,0.00362731
5427,25.861109,5.2197329999999935,0.79998,0.7775,0.0850824,0.031439,0.0195181,0.0137783,0.0113034,0.00932825
5428,26.070974,6.354460000000001,0.80001,0.744461,0.0595884,0.0246689,0.01657,0.0121109,0.0100357,0.00832296
5429,26.521409,6.066277999999994,0.80036,0.107562,0.00916543,0.00380467,0.00255565,0.00186791,0.00154784,0.00128368
5430,26.135919,6.050948000000001,0.80043,0.0692892,0.0059503,0.00247003,0.00165916,0.00121267,0.00100488,0.000833378
5431,26.148129,6.0507049999999944,0.80043,0.0518354,0.00428932,0.00174025,0.00116875,0.00085423,0.000707858,0.00058705
5432,27.030078,7.088115000000006,0.80118,0.0715787,0.00614813,0.00255196,0.00171418,0.00125288,0.0010382,0.000861017
5433,26.076309,6.291879999999995,0.80158,0.0568262,0.00490521,0.00203102,0.00136397,0.000996886,0.000826067,0.000685085
5434,25.715116,6.892065000000001,0.80169,0.0943982,0.00826154,0.00336488,0.00225651,0.00164889,0.00136631,0.00113312
5435,25.524488,4.956476999999998,0.80174,0.0865473,0.00745701,0.00309217,0.00207701,0.00151807,0.00125795,0.00104326
5436,25.525242,4.957341000000004,0.80174,0.134277,0.0115648,0.00478815,0.0032161,0.00235062,0.00194784,0.00161541
5437,27.037272,5.329257,0.80231,0.0923298,0.00793526,0.00329412,0.00221271,0.00161725,0.00134014,0.00111142
5438,26.38208,5.126886000000002,0.80279,0.0748908,0.00638045,0.00264856,0.00177907,0.00130031,0.00107751,0.000893612
5439,26.386474,5.127463999999997,0.80279,0.0559857,0.00387937,0.00150374,0.00100822,0.000736784,0.000610527,0.000506329
5440,27.087441,5.237941999999997,0.80313,0.0898849,0.00771019,0.00320091,0.0021501,0.00157149,0.00130222,0.00107997
5441,27.08996,5.242444,0.80313,0.0743015,0.00619572,0.00253408,0.00170181,0.00124383,0.0010307,0.000854792
5442,25.196362,7.077188999999997,0.80348,0.0618464,0.00530199,0.00220159,0.00147884,0.00108088,0.000895668,0.000742808
5443,25.192223,7.0717620000000005,0.80348,0.333584,0.0287275,0.0118503,0.00795665,0.00581512,0.00481867,0.00399627
5444,25.645949,6.906419000000003,0.80352,0.256777,0.0210109,0.00858323,0.00576457,0.00421326,0.00349132,0.00289547
5445,25.648627,6.907932999999997,0.80352,0.0646869,0.00555155,0.00230495,0.00154827,0.00113162,0.000937718,0.000777681
5446,24.806115,7.113691000000005,0.80376,0.132388,0.0177954,0.0133493,0.010429,0.0076534,0.00601106,0.00453305
5447,24.807735,7.1218920000000026,0.80376,0.0658525,0.00567028,0.00235448,0.00158154,0.00115594,0.000957867,0.000794392
5448,25.632789,6.912545000000002,0.80439,0.0786881,0.00695632,0.00279075,0.00187103,0.00136726,0.00113296,0.000939598
5449,25.625665,6.914195,0.80439,0.0682242,0.00583338,0.00241866,0.00162462,0.00118743,0.000983961,0.000816032
5450,25.625465,6.911750000000001,0.80439,0.253619,0.0221047,0.00877451,0.00586627,0.00428356,0.00354899,0.00294312
5451,26.877581,5.797885000000004,0.80543,0.0525455,0.00449161,0.0018651,0.00125281,0.000915672,0.000758772,0.000629275
5452,26.877594,5.797270000000002,0.80543,0.06843,0.0058967,0.00243591,0.00163506,0.00119483,0.000990059,0.000821075
5453,25.511916,5.4499909999999945,0.80543,0.0601227,0.00504115,0.00208883,0.00140308,0.0010255,0.00084978,0.000704752
5454,25.512855,5.450518000000004,0.80543,0.0750915,0.00644351,0.00267531,0.00179705,0.00131345,0.00108839,0.000902639
5455,25.516296,5.454160999999995,0.80543,0.0629061,0.00533071,0.00213786,0.00143549,0.00104917,0.000869397,0.00072102
5456,25.512818000000003,5.447657000000002,0.80543,0.0540685,0.00487955,0.0019137,0.00127426,0.000929457,0.0007699,0.000638413
5457,25.512645000000003,5.450421000000002,0.80543,0.0811146,0.00689234,0.00286158,0.00192216,0.0014049,0.00116417,0.000965485
5458,25.512321,5.449827999999998,0.80543,17.6962,1.52385,0.630865,0.423744,0.309711,0.256642,0.212842
5459,26.535295,5.782402000000004,0.80593,0.0661632,0.0112793,0.0095411,0.00759427,0.00560247,0.00439612,0.00329748
5462,26.983643,6.686101999999997,0.80731,0.0409815,0.0641684,0.193155,0.269205,0.313451,0.325412,0.32315
5463,26.972217,6.682033999999994,0.80731,0.0873391,0.00759341,0.00310689,0.00208471,0.00152348,0.00126241,0.00104695
5464,26.977619,6.684914999999998,0.80731,0.157205,0.011993,0.00497523,0.00334193,0.00244259,0.00202406,0.00167862
5465,26.985581000000003,6.697867000000004,0.80731,0.0507076,0.00428055,0.0017765,0.0011933,0.000872172,0.000722726,0.000599381
5466,26.97794,6.691699000000004,0.80731,0.0702775,0.00603853,0.00250744,0.00168428,0.00123103,0.0010201,0.000846
5467,26.930437,6.749667999999998,0.80797,4.39686,4.51939,7.11895,6.62691,5.30524,4.28806,3.25327
5468,26.644163,6.9428879999999955,0.80799,0.167178,0.0150265,0.00599504,0.00398772,0.00290573,0.00240608,0.0019948
5469,26.65058,6.939405000000002,0.80799,0.0590136,0.00631977,0.00294092,0.0019198,0.00131994,0.00104418,0.000825693
5470,26.644962,6.936382999999999,0.80799,0.101243,0.00874709,0.0036076,0.00242275,0.00177074,0.00146733,0.0012169
5476,26.709285,6.017220999999998,0.80936,0.1498,0.0131194,0.00538381,0.00359983,0.00262597,0.00217468,0.00180294
5477,26.854468,5.944393999999995,0.80954,0.0559977,0.00474324,0.00191899,0.00128841,0.000941669,0.000780313,0.00064714
5478,26.852809,5.95686,0.80954,0.0750596,0.00613337,0.00252579,0.00169639,0.00123987,0.00102742,0.000852075
5479,26.816173,6.730254,0.81034,0.0887485,0.00762425,0.00315134,0.00211661,0.00154701,0.00128193,0.00106315
5480,26.984001000000003,6.482793999999996,0.81046,0.159942,0.0141532,0.00567407,0.00379222,0.00276854,0.00229366,0.00190206
5481,25.436081,5.808042,0.81064,0.0506917,0.00451692,0.00184126,0.00122407,0.000890865,0.000737334,0.000611139
5482,25.436547,5.811591000000001,0.81064,0.0750388,0.00632373,0.00262421,0.00176271,0.00128836,0.0010676,0.000885394
5489,26.157609,7.152989,0.8113,1.73064,0.151682,0.0617252,0.0412719,0.0301195,0.0249486,0.0206867
5490,26.143362,7.103556000000006,0.81162,0.298562,0.0250253,0.0103897,0.00697891,0.00510084,0.00422682,0.00350544
5491,26.132172,7.096117000000006,0.81162,1.24282,0.0879271,0.0364336,0.0244729,0.0178871,0.0148221,0.0122925
5492,26.986042,6.468767999999994,0.81245,0.575928,0.0462444,0.0191984,0.0128958,0.00942549,0.00781044,0.00647746
5493,26.986026,6.469871999999994,0.81245,0.166259,0.0142748,0.00587947,0.0039469,0.00288446,0.00239017,0.00198223
5494,26.426076,7.049199999999999,0.81333,0.0793123,0.0117958,0.00898181,0.0069549,0.00507217,0.00397361,0.00299111
5495,26.428038,7.048808000000001,0.81333,0.203793,0.025974,0.0113429,0.0066644,0.00427793,0.00331558,0.0026148
5496,26.420128,7.045634999999999,0.81333,0.05665,0.00483792,0.00199973,0.00134318,0.000981718,0.000813501,0.000674664
5497,26.416688,7.055700000000001,0.81333,0.0628276,0.00540967,0.00224476,0.00150783,0.00110206,0.000913222,0.000757366
5498,26.435512,7.053275999999996,0.81333,0.11451,0.0116826,0.0044768,0.0028495,0.00202244,0.00165782,0.00136574
5499,26.767053000000004,6.874550000000006,0.81354,0.070434,0.00596052,0.00247486,0.0016624,0.00121503,0.00100684,0.000835006
5500,25.155758,5.562527000000003,0.81367,0.0846159,0.00719782,0.00298677,0.00200625,0.00146635,0.0012151,0.00100772
5501,25.146999,5.559216000000002,0.81367,0.177684,0.0152822,0.0063342,0.00425435,0.00310943,0.00257663,0.00213688
5504,24.954762,6.955957000000005,0.8142,0.184912,0.0236327,0.00835995,0.00489773,0.00333302,0.00269773,0.00220905
5505,25.159938,5.495770000000006,0.81432,0.071469,0.00613947,0.00254914,0.00171229,0.0012515,0.00103706,0.000860069
5506,24.850316,7.054704999999998,0.81441,0.281906,0.0237815,0.00987345,0.00663214,0.00484738,0.00401679,0.00333126
5509,26.493816,6.468765999999998,0.81455,0.827246,0.0689394,0.0285583,0.0191829,0.0140206,0.0116182,0.00963537
5510,26.489859,6.465200999999999,0.81455,0.109094,0.0238335,0.0076187,0.00368633,0.00216499,0.00164944,0.00130205
5511,26.390658,6.474035999999996,0.81462,0.0539479,0.00466919,0.00192267,0.00129077,0.000943344,0.000781696,0.000648286
5512,26.384727,6.462857000000005,0.81462,0.0918474,0.00800082,0.00330147,0.00221012,0.00161254,0.00133538,0.00110704
5513,26.389775,6.473320000000003,0.81462,0.0803663,0.00729153,0.00293576,0.00194239,0.00141158,0.00116796,0.000967967
5514,26.793896,5.044098,0.81476,0.0524813,0.00446391,0.00185354,0.00124505,0.000909997,0.000754069,0.000625375
5515,26.796909,5.049837999999999,0.81476,0.456691,0.0424416,0.016039,0.0107033,0.00781693,0.006477,0.0053715
5516,25.785546,6.9906250000000005,0.8148,0.0512113,0.00440873,0.00183003,0.00122924,0.00089844,0.000744493,0.000617433
5517,25.778305,6.987328000000005,0.8148,0.057626,0.00485218,0.00200384,0.00134587,0.000983677,0.000815124,0.00067601
5518,25.777865,6.985883999999995,0.8148,0.0677645,0.00578156,0.00240026,0.00161229,0.00117841,0.00097649,0.000809836
5520,24.858106,6.858468999999995,0.8158,1.01515,0.0849709,0.0352656,0.0236884,0.0173137,0.014347,0.0118984
5521,24.858674,6.860366000000003,0.8158,0.103035,0.00938825,0.00369987,0.00246338,0.00179717,0.00148879,0.00123459
5522,25.051802,5.770749999999999,0.81585,0.0730017,0.00633609,0.00253091,0.00169404,0.00123737,0.00102524,0.000850239
5523,25.052358,5.768688,0.81585,0.0815339,0.00698022,0.00279694,0.00187576,0.00137075,0.00113585,0.000941998
5524,25.049428,5.771233,0.81585,0.0619393,0.00750691,0.00417895,0.00277896,0.00184382,0.00139965,0.00105192
5525,25.074536,5.841029000000003,0.81599,0.0687601,0.00586252,0.00243329,0.00163447,0.00119462,0.000989925,0.000820978
5526,25.081062,5.838491999999997,0.81599,0.317003,0.0269436,0.0111761,0.00750699,0.0054868,0.00454664,0.00377068
5527,25.083928,5.841709999999999,0.81599,0.0892888,0.00656381,0.00268625,0.00180408,0.00131858,0.00109264,0.000906164
5528,26.419866,6.442345000000004,0.81616,0.0663845,0.00548081,0.00227552,0.0015285,0.00111717,0.000925745,0.000767752
5529,26.418239,6.440849999999996,0.81616,0.07772,0.00613582,0.00254692,0.0017108,0.00125041,0.00103616,0.000859319
5530,26.940512,5.080345999999996,0.81635,0.190484,0.0161363,0.00637293,0.00426852,0.00311863,0.00258413,0.00214308
5531,27.152119000000003,5.919657999999997,0.81639,0.815734,0.0705347,0.0291591,0.0195804,0.0143106,0.0118585,0.00983462
5533,26.876075,5.928997000000003,0.81653,0.782202,0.0719709,0.0285268,0.0188153,0.0136487,0.0112844,0.0093473
5534,25.054429,6.333160000000002,0.81657,0.0770236,0.00678054,0.00274731,0.00184143,0.00134548,0.00111489,0.000924609
5535,25.399165,6.285917999999994,0.81667,0.0514302,0.00442052,0.00183559,0.00123299,0.000901186,0.000746769,0.00061932
5536,26.873961,5.857047999999999,0.81732,0.0715446,0.00697172,0.0032979,0.00220942,0.00154661,0.00123376,0.000982058
5537,26.863781,5.818158,0.81743,0.054708,0.00552475,0.00206802,0.00132859,0.000954024,0.000786633,0.000650781
5538,26.879107,5.822528000000003,0.81743,0.0901141,0.00779185,0.00309466,0.00207528,0.00151658,0.0012567,0.00104222
5542,27.039154,6.5048110000000054,0.8191,0.0632906,0.0057957,0.00231234,0.00152712,0.00110882,0.000917147,0.000759943
5543,24.954694000000003,5.645286999999995,0.81916,0.0596649,0.00511683,0.00211786,0.00142256,0.00103974,0.000861578,0.000714536
5544,26.690333,5.349216000000002,0.81921,0.0672146,0.00574134,0.00238404,0.00160139,0.00117045,0.000969892,0.000804364
5545,26.687781,5.3596489999999966,0.81921,0.0718619,0.00616194,0.00255856,0.00171862,0.00125613,0.00104089,0.000863249
5546,26.680963,5.361899,0.81921,0.0781441,0.0066846,0.00277504,0.00186404,0.00136241,0.00112896,0.000936288
5550,26.355849,5.888093999999998,0.81961,0.0897369,0.00762195,0.00316492,0.00212592,0.00155382,0.00128758,0.00106783
5551,26.355863000000003,5.888633000000004,0.81961,0.0887719,0.00773442,0.00311126,0.00208221,0.00152069,0.00125994,0.00104486
5552,25.360714,4.871161,0.81965,0.30732,0.0392554,0.019093,0.0121578,0.00804293,0.00618286,0.00474433
5553,26.157795,6.460901999999997,0.82003,0.216643,0.0241305,0.00814255,0.00518275,0.00373618,0.00308798,0.0025586
5554,26.159016,6.461950999999997,0.82003,0.0555924,0.00470904,0.00195521,0.00131334,0.000959915,0.000795434,0.000659681
5555,25.568992,5.177450000000002,0.82029,0.0651399,0.00559104,0.00232141,0.00155932,0.0011397,0.000944413,0.000783234
5556,26.934844,6.362247999999995,0.82048,0.0621439,0.00534942,0.00222125,0.00149205,0.00109053,0.000903666,0.000749441
5558,25.280026,6.896954999999998,0.82066,0.0507602,0.0043023,0.00178513,0.00119909,0.000876404,0.000726232,0.000602289
5559,25.283132,6.887577999999994,0.82066,0.878829,0.066214,0.0274908,0.018466,0.0134967,0.011184,0.00927528
5560,25.285146,6.893758999999995,0.82066,0.0958416,0.00781815,0.00324233,0.00217791,0.00159182,0.00131906,0.00109394
5562,24.812606,5.730117999999996,0.82077,0.440386,0.0426836,0.0166114,0.0107644,0.00773497,0.00637399,0.00526974
5563,24.808774,5.728347000000003,0.82077,0.144346,0.0122348,0.00507943,0.00341192,0.00249375,0.00206645,0.00171378
5564,25.286455,6.905428000000003,0.82114,0.0474076,0.065392,0.0904142,0.0793007,0.0607879,0.0479629,0.0355846
5565,25.287113,6.907777999999995,0.82114,0.0619185,0.00535064,0.00221547,0.00148706,0.00108662,0.00090037,0.000746687
5567,26.735711,6.118272,0.82127,0.0723732,0.00619926,0.00255327,0.00171476,0.00125329,0.00103854,0.000861298
5568,26.73964,6.117342,0.82127,0.0564757,0.00485722,0.00201692,0.0013548,0.000990213,0.00082054,0.000680502
5569,26.74698,6.120007000000003,0.82127,0.26433,0.0226346,0.00936124,0.0062879,0.00459578,0.0038083,0.00315835
5570,26.736911,6.119370999999995,0.82127,0.106968,0.00913368,0.00378161,0.00253975,0.00185624,0.00153817,0.00127565
5571,26.797684000000004,6.054852999999996,0.82211,0.0853169,0.00731206,0.00298599,0.00200397,0.00146452,0.00121356,0.00100644
5572,26.800716000000005,6.052246000000006,0.82211,0.0506068,0.0283939,0.0265036,0.0187714,0.0119439,0.00838372,0.00553384
5573,26.796104,6.052400000000004,0.82211,0.124738,0.0104413,0.00433056,0.00290889,0.00212609,0.00176178,0.00146111
5574,26.735173,5.088508999999997,0.82212,0.0526359,0.00451262,0.00186431,0.0012522,0.000915223,0.0007584,0.000628967
5575,26.735097,5.087530999999997,0.82212,0.0636774,0.0371683,0.0371951,0.0281015,0.0190949,0.0140149,0.00969228
5576,26.727736000000004,5.084641999999999,0.82212,0.126385,0.0137192,0.0030858,0.00194304,0.00140626,0.00116382,0.000964857
5577,26.737206,5.075569000000001,0.82212,0.10897,0.00932073,0.00384142,0.00258,0.00188569,0.00156258,0.0012959
5578,26.717889,5.038549000000005,0.82216,0.0963136,0.00821649,0.00341104,0.00229124,0.00167465,0.0013877,0.00115087
5579,25.448848000000005,6.702317999999996,0.82282,0.0712306,0.0060565,0.00251434,0.00168892,0.00123442,0.0010229,0.000848328
5580,25.257243,6.066879999999996,0.82424,0.133674,0.0176906,0.0104413,0.00707724,0.0047205,0.00356631,0.00264596
5583,26.82499,6.223973999999996,0.82451,0.0882945,0.00759377,0.0031195,0.00209489,0.00153111,0.00126876,0.00105222
5584,26.827831,6.217965000000001,0.82451,7.50183,0.637528,0.264522,0.177683,0.129867,0.107615,0.0892485
5585,25.571514,4.882347999999999,0.82453,0.0550378,0.00470641,0.00195413,0.00131261,0.000959381,0.000794992,0.000659313
5588,26.273187,6.120840000000002,0.82532,0.0651138,0.0055792,0.00226302,0.00151932,0.00111042,0.00092015,0.000763111
5589,26.283816,6.123215999999995,0.82532,0.279238,0.0240459,0.00996484,0.00669325,0.00489204,0.00405379,0.00336195
5590,26.37814,7.038563,0.82536,0.0874014,0.00742271,0.00308102,0.00206956,0.00151263,0.00125344,0.00103952
5591,26.370385,7.038950000000003,0.82536,0.0594756,0.00509817,0.00211674,0.00142185,0.00103922,0.000861148,0.000714179
5592,26.370801,7.046942000000001,0.82536,0.152097,0.013608,0.005433,0.00363349,0.00265387,0.00219894,0.00182361
5593,25.333367,6.071641999999995,0.82544,0.134224,0.00965048,0.00400643,0.00269118,0.00196696,0.00162993,0.00135175
5594,26.862623,6.220761000000001,0.82578,0.0717275,0.00614918,0.00254304,0.00170778,0.00124816,0.00103428,0.000857766
5595,26.220225,5.573190999999994,0.82619,0.14792,0.0126455,0.005231,0.00351349,0.00256798,0.00212795,0.00176478
5596,26.219174,5.5741970000000025,0.82619,0.154413,0.0132287,0.00547376,0.00367669,0.00268726,0.0022268,0.00184676
5597,26.227988,5.490190000000003,0.82653,0.0693914,0.00596911,0.00247805,0.00166454,0.0012166,0.00100814,0.000836084
5605,25.646536000000005,4.856241,0.82736,0.114083,0.0101861,0.00387583,0.00257836,0.00188086,0.00155807,0.00129201
5606,25.647256,4.857284000000002,0.82736,0.0989048,0.0084204,0.00349456,0.00234734,0.00171566,0.00142168,0.00117905
5607,24.82188,6.987965999999996,0.82745,0.0624654,0.00517502,0.00214434,0.00144037,0.00105276,0.000872369,0.000723485
5608,24.812226,6.989835000000007,0.82745,0.0887963,0.102883,0.037905,0.0153783,0.00616405,0.00334859,0.00181013
5609,24.820815,6.986295999999996,0.82745,1.16068,0.188761,0.0608808,0.0328473,0.021288,0.0169377,0.013738
5610,26.830559,5.681718000000002,0.82756,0.0678748,0.00650948,0.00247223,0.00162753,0.00118394,0.000980257,0.000812732
5611,26.843755,5.813744999999994,0.82767,6.55546,0.542065,0.22505,0.151169,0.110489,0.0915565,0.0759309
5612,27.035748,7.134460000000003,0.82785,0.0515046,0.00423635,0.00174419,0.00117136,0.000856124,0.000709427,0.000588352
5614,25.718824,6.047078999999995,0.82845,0.0843332,0.00713178,0.00295923,0.00198776,0.00145284,0.0012039,0.000998431
5615,26.215116,4.9578219999999975,0.82857,0.0556415,0.00443781,0.00182395,0.00122509,0.000895412,0.000741984,0.000615352
5616,26.21614,4.965626999999995,0.82857,0.123539,0.0102665,0.00425694,0.00285944,0.00208995,0.00173184,0.00143627
5617,26.211629,4.967328000000003,0.82857,0.475418,0.0408535,0.016964,0.011395,0.00832851,0.00690142,0.00572358
5618,26.907230000000002,5.5512920000000054,0.82904,0.0631384,0.00539659,0.00224022,0.00150479,0.00109984,0.000911381,0.000755839
5619,26.917998,5.542379999999995,0.82904,0.0889579,0.00763963,0.00316695,0.00212714,0.0015547,0.0012883,0.00106843
5620,26.906017000000002,5.552106999999996,0.82904,0.171471,0.0146714,0.00609194,0.00409204,0.00299085,0.00247837,0.00205539
5621,26.901601,5.545274000000001,0.82904,0.0730217,0.00628966,0.00260229,0.00174763,0.00127729,0.00105843,0.000877788
5622,26.895436,5.546328999999999,0.82904,0.101986,0.00873704,0.00362623,0.00243576,0.00178028,0.00147523,0.00122346
5623,25.453785,6.235566999999997,0.82944,0.0630471,0.00924803,0.00459541,0.00288031,0.0018593,0.00140197,0.0010529
5624,25.461328,6.233832999999998,0.82944,0.0914743,0.00742809,0.00308398,0.00207155,0.00151408,0.00125465,0.00104052
5625,25.455081,6.234021999999994,0.82944,0.0616249,0.00500036,0.00207614,0.00139457,0.00101928,0.000844629,0.00070048
5626,25.626394,6.255235000000006,0.83108,0.221325,0.0189596,0.00786537,0.00528325,0.0038615,0.00319983,0.00265373
5627,25.681709,4.863478000000002,0.83181,0.115287,0.00615209,0.00255412,0.00171564,0.00125395,0.00103908,0.000861748
5628,25.684651,4.864827999999997,0.83181,0.0652321,0.00567703,0.00230106,0.00154457,0.00112886,0.00093543,0.000775783
5629,24.904908,5.561108999999994,0.83192,0.0619282,0.00523638,0.00217293,0.00145959,0.0010668,0.000884006,0.000733136
5630,24.90415,5.561517999999995,0.83192,0.0774297,0.00664561,0.00275046,0.00184742,0.00135026,0.00111889,0.000927936
5631,24.901774,5.561923000000006,0.83192,0.258939,0.0222337,0.00922296,0.00619513,0.00452798,0.00375211,0.00311175
5632,26.306711,5.715368999999996,0.83259,0.0829858,0.00693835,0.00288094,0.00193517,0.0014144,0.00117204,0.000972016
5633,26.14433,6.421753999999996,0.83314,0.0601299,0.00523431,0.00215573,0.00144482,0.00105537,0.000874424,0.000725155
5634,25.698074,6.536906000000005,0.83373,0.0840289,0.00718406,0.00298309,0.00200379,0.00146455,0.0012136,0.00100648
5635,25.699612,6.535560000000001,0.83373,0.0586647,0.00503677,0.00208558,0.00140083,0.00102385,0.000848415,0.00070362
5636,25.705737,6.544837999999996,0.83373,0.0581365,0.0049621,0.00205996,0.0013837,0.00101134,0.000838046,0.00069502
5637,25.708123000000004,6.534039999999996,0.83373,0.0929501,0.00840292,0.00333686,0.00222586,0.00162469,0.00134603,0.00111624
5640,27.058055,6.218175000000005,0.8347,0.0518533,0.00438669,0.00182149,0.00122352,0.000894264,0.000741032,0.000614563
5641,27.059254000000003,6.217302000000001,0.8347,0.0565427,0.00485588,0.00201283,0.00135204,0.000988194,0.000818867,0.000679114
5642,27.057739,6.218396000000001,0.8347,0.490054,0.0429354,0.0169384,0.0113113,0.00825713,0.00684075,0.00567281
5653,26.763138,6.377428000000005,0.83893,0.0758119,0.00644235,0.00267506,0.00179688,0.00131333,0.00108829,0.000902554
5654,26.759918,6.3694049999999995,0.83893,0.0573433,0.00491702,0.00199584,0.00133969,0.000979114,0.00081134,0.000672871
5655,26.762767,6.381440999999996,0.83893,0.145678,0.0126601,0.00515804,0.0034619,0.00253009,0.00209655,0.00173873
5657,26.445671,6.304730999999994,0.83954,0.304346,0.0261192,0.0108109,0.00726155,0.00530741,0.00439799,0.0036474
5658,25.651264,6.1344470000000015,0.83973,0.0639826,0.00677142,0.00268698,0.00167702,0.0011673,0.000948173,0.000776252
5659,25.646808,6.128357000000005,0.83973,0.0909712,0.00786495,0.00321075,0.00215206,0.00157212,0.00130261,0.00108025
5660,25.647232000000002,6.128615999999998,0.83973,0.0759363,0.00649761,0.00269416,0.00180966,0.00132267,0.00109603,0.000908974
5661,26.47222,6.842373000000001,0.83985,0.108645,0.00908717,0.00377002,0.00253237,0.00185089,0.00153374,0.00127198
5667,26.751432,6.530383000000001,0.84115,0.0746478,0.00579785,0.00239809,0.00161082,0.00117734,0.000975601,0.000809099
5670,26.487065,5.917790000000003,0.84154,0.0591911,0.0051316,0.00207785,0.00139481,0.00101942,0.000844738,0.00070057
5671,26.478717,5.918308000000002,0.84154,11.2449,1.04969,0.417311,0.273496,0.19727,0.162655,0.134467
5675,25.810889000000003,6.255006000000003,0.84262,0.105669,0.00807619,0.00332535,0.0022335,0.00163244,0.00135273,0.00112186
5676,25.81161,6.255628999999999,0.84262,0.0614218,0.00529068,0.00219475,0.00147423,0.00107751,0.000892876,0.000740492
5677,26.39696,6.895583999999998,0.84301,0.0839026,0.00721073,0.00299417,0.00201123,0.00146999,0.00121811,0.00101022
5680,26.852899000000004,6.787039999999998,0.84335,0.0655797,0.00555625,0.00229771,0.00154322,0.00112791,0.000934645,0.000775132
5681,26.842426,6.799372999999998,0.84335,0.0910108,0.00775624,0.00311928,0.00209304,0.00152965,0.00126754,0.00105121
5682,26.788412000000005,7.070718999999999,0.84358,0.0856922,0.00729957,0.00303087,0.00203588,0.00148801,0.00123304,0.0010226
5683,26.7918,7.073079999999996,0.84358,0.211627,0.018172,0.00754391,0.00506734,0.00370369,0.00306906,0.00254528
5684,26.792229,7.073542000000003,0.84358,0.149661,0.011953,0.00493106,0.00331214,0.00242082,0.00200601,0.00166365
5685,26.800025,7.066814999999994,0.84358,0.072299,0.00628254,0.0025828,0.00173333,0.00126671,0.00104965,0.000870504
5686,26.862175,7.000176000000006,0.84362,0.0608458,0.0051752,0.0021484,0.00144311,0.00105476,0.000874027,0.000724861
5687,25.971728,6.680042999999996,0.84383,0.0785928,0.00727711,0.00248188,0.00162757,0.00118373,0.000980056,0.000812548
5688,25.972944000000002,6.680418000000003,0.84383,0.12615,0.0111133,0.00445854,0.00299041,0.00218539,0.0018109,0.00150184
5693,24.873865,6.785716999999996,0.84568,0.0646521,0.00556643,0.00231141,0.00155261,0.00113479,0.000940344,0.000779859
5694,26.267406,6.463478999999996,0.84598,0.0863516,0.00922947,0.0034608,0.00216776,0.00152723,0.0012493,0.00102826
5695,25.448032,6.802427000000001,0.84606,0.051115,0.00426145,0.0017052,0.00114431,0.000836312,0.000693007,0.000574733
5696,25.464324,7.150191999999996,0.84622,0.0672032,0.0057568,0.00238764,0.00160379,0.0011722,0.000971345,0.000805569
5699,26.122362,7.114405999999995,0.84669,0.0763054,0.00717678,0.00285303,0.00186428,0.00134366,0.00110804,0.000916327
5700,26.122997,7.115965000000002,0.84669,0.0558746,0.0221129,0.0212109,0.0161207,0.0111102,0.00826227,0.00581413
5701,26.122373,7.116706000000005,0.84669,0.0742922,0.00385657,0.00159207,0.0010694,0.00078162,0.00064769,0.000537151
5702,26.125551000000005,7.1237750000000055,0.84669,0.2249,0.0183349,0.00761152,0.00511276,0.00373689,0.00309657,0.00256809
5709,24.946928,5.230168999999999,0.84784,0.0558564,0.00516182,0.00199228,0.00132323,0.000964811,0.000799162,0.000662679
5710,25.079119,5.242243999999998,0.84784,0.12556,0.010235,0.00423204,0.00284254,0.00207758,0.00172159,0.00142777
5711,25.077227,5.240385000000001,0.84784,0.0682497,0.00585513,0.00242881,0.00163139,0.00119236,0.00098805,0.000819423
5712,25.073794,5.247938000000006,0.84784,0.0784437,0.0617104,0.0276228,0.0133064,0.00629111,0.00377195,0.00220571
5716,27.105852,6.570394000000004,0.84819,0.0522479,0.0161977,0.00797026,0.00430715,0.00233998,0.00156953,0.00105101
5717,27.092876,6.578643000000001,0.84819,0.0605665,0.00518412,0.00215151,0.0014452,0.00105628,0.000875291,0.000725908
5718,26.90479,5.5305209999999985,0.8484,0.0543481,0.00517178,0.00257583,0.00182424,0.00132718,0.00107256,0.000855312
5720,25.882481,7.016589999999998,0.84926,0.0585549,0.00495014,0.00201023,0.00134786,0.000984802,0.000816009,0.000676729
5721,25.877146,7.018776999999995,0.84926,0.080645,0.00844866,0.00326072,0.00205253,0.001443,0.00117773,0.000967315
5724,27.18026,5.378252000000005,0.84947,0.0899172,0.00774837,0.00316412,0.0021245,0.00155274,0.00128668,0.00106709
5725,27.172081,5.382974,0.84947,0.0678751,0.00584877,0.00242609,0.00162943,0.00119091,0.00098684,0.000818418
5726,25.974469,5.391440000000002,0.8501,0.127734,0.0103783,0.00430128,0.00288922,0.00211171,0.00174987,0.00145123
5727,25.981177,5.392132999999995,0.8501,0.321406,0.0307945,0.0115324,0.00763081,0.00556167,0.00460677,0.00382008
5728,25.978191,5.389040999999994,0.8501,0.23984,0.0206189,0.00855898,0.00574918,0.00420204,0.00348202,0.00288776
5729,27.081526,6.537787999999995,0.85053,0.240181,0.0205914,0.00855032,0.00574337,0.00419779,0.0034785,0.00288484
5731,25.61166,7.198329999999997,0.85088,0.0571162,0.00482088,0.0020015,0.00134443,0.000982637,0.000814263,0.000675296
5732,27.119059,6.492073000000007,0.85094,0.903716,0.0752629,0.0312423,0.0209859,0.0153385,0.0127102,0.010541
5733,24.999745,5.009565000000004,0.85118,0.0630879,0.0053459,0.00221932,0.00149075,0.00108958,0.000902881,0.00074879
5734,25.003233,5.0128010000000005,0.85118,0.060461,0.00518858,0.00215444,0.00144717,0.00105772,0.000876484,0.000726898
5741,27.093827,5.540175999999995,0.85168,0.221893,0.0184051,0.00763969,0.00513168,0.00375071,0.00310803,0.0025776
5746,25.926546,5.396567999999999,0.85285,0.116738,0.0143241,0.00597198,0.00363108,0.00240921,0.00189204,0.00150068
5747,25.610256,7.097017000000002,0.8529,0.0542805,0.00493349,0.00190905,0.0012732,0.000929468,0.000770076,0.000638619
5748,25.617165,7.107790999999996,0.8529,0.206515,0.0176338,0.0071138,0.00477464,0.00348954,0.0028916,0.0023981
5750,25.178788000000004,5.665067000000001,0.85332,0.587103,0.0502751,0.0208758,0.0140225,0.010249,0.00849283,0.00704339
5751,25.603661,7.0900510000000025,0.85371,0.1332,0.0113574,0.00470452,0.0031599,0.00230954,0.0019138,0.00158718
5752,25.597496,7.0835669999999995,0.85371,0.0578313,0.0145134,0.00234784,0.00101362,0.000619763,0.000490706,0.000398854
5753,25.606342,7.086522999999996,0.85371,0.458632,0.039158,0.0162518,0.0109165,0.00797882,0.00661165,0.00548327
5754,25.130943,6.341495999999999,0.85375,0.0666171,0.00582007,0.00235563,0.00157775,0.00115249,0.000954917,0.000791918
5755,25.128752,6.348129999999997,0.85375,0.110135,0.00743679,0.00308768,0.00207404,0.0015159,0.00125615,0.00104177
5756,25.132985,6.343993,0.85375,1.0011,0.0860772,0.0357427,0.0240089,0.0175479,0.0145411,0.0120594
5759,25.348791,5.890619999999998,0.85435,0.41993,0.0348201,0.0144586,0.00971208,0.00709849,0.00588217,0.00487828
5760,25.34942,5.877713999999997,0.85435,0.147011,0.0134514,0.00532249,0.00351289,0.00254837,0.0021067,0.00174485
5761,25.347605,5.884839000000002,0.85435,0.0881505,0.0073455,0.00304998,0.00204872,0.00149739,0.00124082,0.00102905
5763,26.584249,4.858534999999999,0.85467,0.0602195,0.00532128,0.00215491,0.00144122,0.00105231,0.000871832,0.00072299
5764,26.583914,4.859823999999994,0.85467,0.0630164,0.00516623,0.00214453,0.00144051,0.00105286,0.000872453,0.000723555
5765,26.594061,4.858463000000007,0.85467,0.0529917,0.00455216,0.00189024,0.0012697,0.000928017,0.000769002,0.000637759
5766,26.585994,4.8630099999999965,0.85467,2.38426,0.24201,0.0866779,0.0556686,0.0400204,0.0330109,0.0273139
5768,25.228519,6.884415999999998,0.85551,0.450287,0.038645,0.0159927,0.0107412,0.00785058,0.00650538,0.00539513
5769,25.227402,6.883252000000001,0.85551,0.0550147,0.00473621,0.0019656,0.00132031,0.000965009,0.000799656,0.000663181
5770,25.227834,6.887793999999996,0.85551,3.92777,0.33678,0.137463,0.0921818,0.0673521,0.0558079,0.0462824
5772,25.568319,5.492263999999998,0.85575,0.599902,0.041047,0.016999,0.0114184,0.00834562,0.0069156,0.00573534
5776,25.651928,7.1248130000000005,0.85603,0.0974824,0.00838496,0.0034815,0.00233857,0.00170925,0.00141637,0.00117464
5777,25.654436,7.122297000000001,0.85603,0.0615679,0.00657173,0.00239096,0.00150492,0.00106603,0.000874038,0.000720416
5781,25.354244,5.600553999999997,0.85622,0.0881822,0.00775423,0.00316537,0.00211684,0.00154518,0.00128004,0.00106146
5792,25.801226000000003,5.245331999999994,0.85691,0.0771584,0.00688059,0.00272636,0.00182431,0.00133265,0.00110423,0.000915761
5793,25.800122,5.245898999999997,0.85691,0.0808354,0.00694758,0.0028811,0.00193521,0.00141443,0.00117207,0.000972035
5794,25.128749000000003,5.958637000000003,0.85698,0.108847,0.00960577,0.00379561,0.00253873,0.00185427,0.00153639,0.00127415
5795,25.734823,5.211589999999996,0.85701,0.811806,0.0685992,0.0284834,0.0191327,0.013984,0.0115878,0.00961019
5796,25.520543,5.475410999999999,0.85711,0.0745208,0.00629556,0.00261403,0.00175588,0.00128336,0.00106346,0.000881962
5803,25.270011,6.841251000000004,0.85791,0.0926825,0.00790412,0.00328004,0.00220324,0.00161034,0.00133441,0.00110667
5808,25.241977000000002,6.807618999999996,0.85863,0.0582952,0.00466771,0.00193718,0.00130123,0.000951059,0.000788096,0.000653595
5809,25.236411,6.811219999999999,0.85863,0.097872,0.00696184,0.00272957,0.00183171,0.0013387,0.00110931,0.000919989
5812,25.697633,5.615978999999998,0.85913,0.064812,0.0054249,0.00225199,0.00151269,0.00110562,0.00091617,0.000759811
5813,26.800906,5.106214000000004,0.85924,0.0866689,0.00743115,0.00308501,0.00207225,0.00151459,0.00125507,0.00104087
5814,26.796856,5.097925000000002,0.85924,0.0756286,0.0396997,0.0236147,0.0127151,0.00645811,0.00401349,0.00242121
5817,25.774106000000003,4.835183999999995,0.85964,0.0741802,0.00850352,0.00609941,0.0050423,0.00397232,0.00327818,0.00260193
5818,25.788116,4.834045999999998,0.85964,0.599726,0.0510362,0.0211578,0.0142118,0.0103873,0.00860744,0.00713844
5819,25.778841,4.832036000000002,0.85964,0.108427,0.00927477,0.00384906,0.00258546,0.0018897,0.0015659,0.00129865
5821,26.782824,5.378815999999996,0.85986,0.148331,0.0194557,0.00827458,0.00487003,0.00313472,0.00242875,0.00191133
5829,27.110135,5.034172000000001,0.86156,0.0933921,0.00859101,0.0031146,0.00208233,0.00152142,0.00126069,0.00104553
5830,27.114894,5.039961999999994,0.86156,0.121598,0.0104633,0.00432492,0.00290492,0.00212318,0.00175938,0.00145911
5831,26.992414,5.266142999999993,0.86159,0.109235,0.00936427,0.00388737,0.0026112,0.00190851,0.00158149,0.00131158
5832,26.990028,5.260062999999998,0.86159,0.0604328,0.00819467,0.00311141,0.00181235,0.00118551,0.000931734,0.000743093
5833,26.996944,5.263045999999999,0.86159,0.130937,0.0112477,0.00467053,0.00313726,0.00229301,0.0019001,0.00157582
5834,26.785797,5.918524000000004,0.86176,0.0537101,0.0046133,0.00191443,0.00128594,0.000939888,0.000778839,0.000645917
5835,25.360974,7.183556000000001,0.86187,0.0948895,0.00774591,0.00321636,0.00216047,0.00157908,0.0013085,0.00108519
5838,25.813126,4.917032999999997,0.86287,0.0701448,0.00604493,0.00247409,0.00166076,0.00121375,0.00100577,0.000834115
5840,25.252158,6.067620999999999,0.86308,0.0603401,0.00499447,0.00206804,0.00138909,0.00101528,0.000841311,0.000697728
5841,25.728932,6.410868000000005,0.86333,0.73889,0.064646,0.0264232,0.0176831,0.012909,0.0106938,0.00886747
5847,25.786394,4.8650369999999965,0.86404,0.277416,0.023881,0.009914,0.00665937,0.00486729,0.00403328,0.00334494
5848,25.790979,4.863169000000002,0.86404,0.0572057,0.00508793,0.0020435,0.00136632,0.000997732,0.000826654,0.000685541
5849,26.045124,5.078620999999995,0.86406,0.0514775,0.00666647,0.00226859,0.00133124,0.000916167,0.000746232,0.000613748
5850,26.220697,5.075174999999994,0.86428,0.062934,0.00590995,0.00227624,0.00150495,0.00109581,0.000907421,0.000752374
5852,26.496443,5.728874,0.86491,0.10502,0.00911637,0.00375737,0.00252001,0.00184108,0.00152547,0.00126508
5853,26.498847,5.725512000000002,0.86491,0.121381,0.0104365,0.00419521,0.00281681,0.00205875,0.00170599,0.00141483
5854,26.497376,5.726610000000005,0.86491,0.0543171,0.00466882,0.00192987,0.00129613,0.000947322,0.000784999,0.000651026
5855,26.499234,5.728401,0.86491,0.0517063,0.00438411,0.00182015,0.00122262,0.000893605,0.000740487,0.000614111
5857,25.094851,7.1479640000000035,0.86516,0.122585,0.0101172,0.00419924,0.00282069,0.00206162,0.00170836,0.0014168
5859,25.777553,4.800219999999999,0.86519,0.0522088,0.00442158,0.00183496,0.00123257,0.000900876,0.000746511,0.000619107
5872,25.749759,4.805328000000006,0.86609,0.0516118,0.00444447,0.00183933,0.00123524,0.000902797,0.000748101,0.000620424
5873,25.753005000000005,4.801213999999998,0.86609,0.0552736,0.0047388,0.0019672,0.00132139,0.000965797,0.000800309,0.000663723
5874,25.751202,4.802802999999996,0.86609,0.102217,0.00875,0.00363319,0.00244046,0.00178372,0.00147808,0.00122582
5876,25.837515,6.8692519999999995,0.86638,0.061476,0.00526311,0.00218134,0.00146522,0.00107092,0.000887417,0.000735965
5877,25.839133,6.8746160000000005,0.86638,0.199942,0.0174622,0.0071419,0.00478918,0.00349938,0.00289965,0.00240475
5878,25.835249,6.870521999999996,0.86638,0.0629248,0.00539192,0.00223892,0.00150391,0.0010992,0.000910853,0.000755402
5879,24.98499,6.035653000000005,0.86671,0.164165,0.0136508,0.00566805,0.00380731,0.00278274,0.00230592,0.00191238
5880,24.977208,6.039893000000003,0.86671,0.220757,0.0189949,0.00788751,0.00529815,0.00387239,0.00320886,0.00266121
5882,25.699033,5.072551000000001,0.86708,0.135528,0.0116308,0.00482863,0.00324346,0.00237062,0.00196442,0.00162916
5884,26.012130000000003,5.504196000000003,0.86737,0.15635,0.0133271,0.00552411,0.00371053,0.00271199,0.0022473,0.00186376
5885,26.010955,5.510956000000002,0.86737,0.0510675,0.00433814,0.00180131,0.00120996,0.000884354,0.000732821,0.000607753
5886,26.01314,5.510743,0.86737,0.14614,0.0125161,0.00518762,0.00348442,0.00254673,0.00211035,0.00175018
5893,26.000409000000005,5.440952000000004,0.8687,0.331005,0.13662,0.0657342,0.0326511,0.0161603,0.0102331,0.00653516
5894,25.99947,5.438890000000005,0.8687,0.0613616,0.00522354,0.00215292,0.00144539,0.00105632,0.00087531,0.000725921
5895,26.004065,5.444894000000006,0.8687,0.0710725,0.00609379,0.00252879,0.00169859,0.00124149,0.00102876,0.000853184
5904,25.865067,5.050193999999995,0.86997,0.0747812,0.00874802,0.00262443,0.00165678,0.00119337,0.000986233,0.000817126
5905,25.861511,5.048664000000001,0.86997,0.0670106,0.00477458,0.00193118,0.00129669,0.000947717,0.000785325,0.000651296
5908,25.157897,6.1275450000000005,0.87023,0.0531896,0.00455965,0.00188518,0.00126623,0.000925478,0.000766898,0.000636014
5909,26.062097,5.442293,0.8703,0.0732019,0.00625113,0.00258137,0.0017337,0.00126714,0.00105001,0.000870812
5914,26.364806,5.730381000000005,0.87097,0.0537552,0.00460941,0.00190981,0.00128273,0.000937529,0.000776883,0.000644295
5915,26.353794,5.731295000000006,0.87097,0.063228,0.00571862,0.0022796,0.0015169,0.00110606,0.000916122,0.000759646
5916,26.369787,5.735072999999995,0.87097,0.108442,0.11255,0.176689,0.167102,0.136863,0.1127,0.0874489
5917,25.107155,5.489833999999995,0.87107,0.0555717,0.00480086,0.00198771,0.00133474,0.0009755,0.000808343,0.000670385
5918,24.931775,5.936121000000005,0.87138,0.122551,0.0102803,0.0042673,0.00286641,0.00209504,0.00173606,0.00143977
5919,24.931499,5.927428999999999,0.87138,0.295707,0.0263848,0.0106916,0.00711855,0.00518759,0.00429566,0.00356144
5926,25.555647,5.406418999999995,0.87314,0.0566696,0.0050907,0.00201335,0.0013415,0.000978529,0.000810534,0.000672098
5927,25.547093,5.405952999999997,0.87314,0.0941953,0.0081444,0.00335152,0.00225045,0.00164479,0.00136295,0.00113034
5928,25.560995000000002,5.404427999999998,0.87314,0.0576263,0.00495433,0.00205718,0.00138184,0.00100998,0.000836917,0.000694083
5929,25.551335,5.408886000000004,0.87314,0.085704,0.00734733,0.00303308,0.0020369,0.00148873,0.00123363,0.00102309
5930,25.559481,5.400756000000007,0.87314,1.15948,0.0995062,0.0404605,0.0271456,0.0198374,0.016438,0.0136325
5931,25.512894,5.4270469999999955,0.87334,0.120927,0.0418153,0.049363,0.044283,0.0357965,0.0296125,0.0233149
5932,25.523527,5.423205999999999,0.87334,0.184236,0.0139906,0.00580926,0.00390216,0.00285206,0.00236336,0.00196002
5933,25.51692,5.419906999999995,0.87334,0.0523218,0.00455684,0.00187702,0.00125711,0.000917719,0.0007602,0.000630343
5934,25.147764,5.751819999999994,0.87338,0.10366,0.00899896,0.00370483,0.00248621,0.00181686,0.0015055,0.00124856
5935,25.002090000000003,6.201629,0.87372,0.077064,0.00662597,0.00275138,0.00184814,0.00135079,0.00111934,0.000928303
5936,26.774002,4.971478,0.87376,0.0620207,0.00554065,0.00217663,0.00145517,0.00106281,0.000880615,0.000730305
5937,24.978668,6.065993,0.87377,6.36913,0.540758,0.196713,0.131162,0.0957768,0.0793572,0.0658118
5938,25.129872,6.227709999999997,0.87386,0.0744417,0.00632889,0.00262698,0.00176458,0.00128972,0.00106872,0.000886329
5939,25.12897,6.229967999999995,0.87386,0.09156,0.00818497,0.00329664,0.00219602,0.00160094,0.00132584,0.00109928
5942,27.159047,5.518750000000007,0.8747,0.602046,0.0519416,0.0215303,0.0144581,0.0105666,0.00875587,0.0072615
5943,25.265473,6.184014999999995,0.87486,0.164069,0.014108,0.00584927,0.00392891,0.00287161,0.00237956,0.00197345
5944,25.265642,6.182247000000002,0.87486,9.24153,0.799945,0.329253,0.220892,0.161401,0.133737,0.11091
5947,24.994488,6.0010410000000025,0.87597,4.29911,0.33575,0.12991,0.0871819,0.063718,0.0527998,0.0437887
5948,24.996383,5.9937730000000045,0.87597,0.100655,0.0109619,0.00417112,0.00259114,0.00180839,0.00147222,0.00120752
5952,26.593492,5.435894999999995,0.87656,0.110961,0.00954377,0.00396298,0.00266199,0.00194563,0.00161225,0.00133709
5954,24.816096,5.223011000000003,0.87685,0.0912618,0.00733417,0.0030224,0.00202994,0.00148366,0.00122943,0.00101961
5955,26.542895,6.920033000000005,0.87689,0.0790134,0.00675314,0.00280419,0.00188362,0.00137672,0.00114082,0.000946122
5956,26.530923,6.484015000000002,0.87693,0.054799,0.00471968,0.00192139,0.00128967,0.00094255,0.00078104,0.000647742
5957,26.532879,6.488311999999995,0.87693,5.31156,0.464396,0.190368,0.127531,0.0931519,0.0771815,0.0640066
5958,25.889061,6.0122469999999995,0.87752,0.307602,0.026456,0.0109744,0.00737144,0.00538772,0.00446454,0.00370259
5962,25.415217,6.558341000000004,0.87803,0.149103,0.0162789,0.00666234,0.00414257,0.00283897,0.00227935,0.00184595
5964,25.055782,6.004960000000002,0.87823,0.0647093,0.00579816,0.00217777,0.00144008,0.0010482,0.000867808,0.000719425
5966,24.980271,6.0010749999999975,0.87838,0.139874,0.0122189,0.00493695,0.00331299,0.00242125,0.00200636,0.00166394
5967,24.970468,6.008831999999995,0.87838,0.0656148,0.00562004,0.0023334,0.00156738,0.00114559,0.000949291,0.000787279
5969,26.974583,4.844102000000003,0.87899,0.0701604,0.00608381,0.00243923,0.00163557,0.00119519,0.000990375,0.000821347
5970,27.131585,4.935282999999997,0.87916,0.076734,0.0436113,0.0336094,0.0230582,0.0148145,0.0106312,0.00726314
5978,26.015302,6.069515999999998,0.88069,0.106457,0.00915944,0.00365979,0.00245711,0.00179585,0.00148813,0.00123416
5979,26.881541,6.484382000000003,0.88078,0.0518032,0.0040306,0.0016645,0.00111806,0.000817182,0.000677158,0.00056159
5980,25.812385,4.992374000000005,0.88085,0.0771248,0.00658145,0.00273037,0.00183402,0.00134047,0.00111078,0.00092121
5981,25.768399,6.098360000000006,0.88124,0.0683058,0.00570151,0.00236455,0.0015883,0.00116088,0.000961961,0.000797787
5982,25.720381,6.811491000000001,0.88135,0.0538907,0.00465195,0.00190147,0.00127662,0.000933034,0.000773157,0.000641205
5983,25.717669,6.812833000000002,0.88135,0.139865,0.0120239,0.00499286,0.00335378,0.00245125,0.00203123,0.00168457
5984,25.716988,6.8136739999999945,0.88135,0.0910208,0.00766293,0.00317941,0.00213564,0.00156092,0.00129346,0.00107271
5985,25.717979000000003,6.8129239999999935,0.88135,0.054304,0.00466812,0.00193839,0.00130205,0.000951657,0.000788591,0.000654005
5991,27.176916,6.960873000000004,0.88167,0.069897,0.00600861,0.00249503,0.00167595,0.00122494,0.00101505,0.000841813
5992,27.177249,6.959878000000001,0.88167,0.108586,0.0086814,0.00359625,0.00241564,0.00176558,0.00146305,0.00121335
5993,24.989542,6.017650000000002,0.88168,0.0517896,0.00445167,0.00184688,0.00124054,0.0009067,0.000751338,0.00062311
5994,24.98067,6.017348000000005,0.88168,0.0834559,0.00801005,0.00284081,0.00189112,0.00138092,0.00114421,0.000948913
5995,24.97979,6.020029999999998,0.88168,0.078734,0.00650324,0.00269787,0.00181219,0.00132452,0.00109756,0.000910247
6001,27.156225,4.859720999999994,0.882,0.0538312,0.004608,0.00191307,0.00128503,0.000939222,0.000778287,0.00064546
6006,25.400849,6.315889999999997,0.88221,0.0529493,0.00440444,0.00182855,0.00122826,0.000897729,0.000743904,0.000616945
6007,25.403227,6.316909000000005,0.88221,0.280878,0.0248691,0.0100526,0.00671131,0.00489613,0.00405538,0.0033626
6014,25.961357,5.972811999999997,0.88378,0.100977,0.00872869,0.00358715,0.00240877,0.00176051,0.00145885,0.00120987
6022,26.158434,6.415199999999998,0.8843,0.0592407,0.00522121,0.00211739,0.00141521,0.00103285,0.000855581,0.000709457
6023,26.163649,6.406414000000002,0.8843,0.0634534,0.00544902,0.00226156,0.00151911,0.00111031,0.000920056,0.000763033
6024,27.182969,5.198925000000006,0.88431,0.0693669,0.00559564,0.00232198,0.00155971,0.00113998,0.000944644,0.000783425
6025,27.171447,5.197940999999996,0.88431,0.521924,0.0619959,0.0258676,0.015622,0.0103871,0.00820826,0.00656828
6026,25.616227,6.4717570000000055,0.88458,0.194627,0.0164857,0.00683571,0.00459155,0.00335593,0.00278089,0.00230629
6027,26.794537,5.876657000000003,0.88486,0.0756574,0.00649388,0.00268867,0.00180592,0.00131993,0.00109376,0.000907094
6028,26.795285,5.874354999999998,0.88486,0.0938571,0.0120675,0.00393178,0.00231157,0.00157432,0.00127151,0.00103814
6030,25.627054,6.405285000000004,0.88571,0.0731729,0.00619472,0.00257225,0.00172782,0.00126285,0.00104646,0.000867865
6031,25.621827,6.405858999999996,0.88571,0.0760825,0.00655562,0.00271957,0.00182672,0.00133514,0.00110636,0.000917544
6032,25.309708,6.110892000000004,0.88571,0.27135,0.025195,0.00856277,0.00554139,0.00400598,0.00331083,0.00274247
6035,25.488811,6.366659999999998,0.88621,0.0588659,0.00480583,0.00196524,0.00131986,0.000964671,0.000799375,0.000662949
6036,25.481477,6.369165000000004,0.88621,0.115512,0.00978313,0.00405996,0.00272713,0.00199324,0.0016517,0.00136981
6037,25.487202,6.3672600000000035,0.88621,0.0669447,0.00580498,0.00237662,0.00159534,0.00116595,0.000966156,0.000801265
6038,25.481439,6.371237000000004,0.88621,0.156049,0.0129445,0.0053678,0.00360559,0.0026353,0.00218375,0.00181105
6039,25.6561,6.555924000000002,0.8865,0.0578702,0.00497245,0.00206394,0.00138637,0.00101329,0.000839663,0.000696361
6040,25.651512,6.567463000000005,0.8865,8.5516,0.537089,0.222309,0.149327,0.109142,0.0904408,0.0750056
6051,25.504256,6.310532999999998,0.88719,0.103714,0.0087765,0.00364412,0.00244781,0.00178909,0.00148253,0.00122951
6052,25.501407,6.306850000000002,0.88719,0.212613,0.0652601,0.0976446,0.102315,0.0947654,0.0854719,0.0735609
6053,25.505068,6.445761,0.88751,0.924334,0.079432,0.0329701,0.0221465,0.0161867,0.0134131,0.011124
6055,25.467296,6.597985999999997,0.88862,0.0806501,0.00695732,0.00288356,0.00193672,0.00141552,0.00117297,0.000972785
6056,25.47198,6.610585000000007,0.88862,0.417414,0.0346791,0.0143002,0.00960531,0.00702045,0.0058175,0.00482465
6057,25.820367,5.843755000000006,0.88916,0.0840702,0.00718031,0.00297931,0.00200124,0.00146269,0.00121206,0.0010052
6058,25.813544,5.8516140000000005,0.88916,0.459205,0.039166,0.016203,0.0108833,0.0079545,0.0065915,0.00546656
6059,25.811591,5.849759000000006,0.88916,0.139204,0.0116029,0.00481654,0.00323534,0.00236469,0.0019595,0.00162508
6060,25.759484000000004,6.054379000000005,0.88962,0.109324,0.00906098,0.00376128,0.0025265,0.0018466,0.00153019,0.00126904
6061,25.76166,6.064408000000005,0.88962,0.0613165,0.00525912,0.00218307,0.00146639,0.00107178,0.00088813,0.000736556
6062,26.990852,6.316150000000007,0.89019,0.08859,0.00765069,0.00314961,0.00211452,0.00154538,0.00128057,0.00106202
6063,25.489012000000002,5.834352000000001,0.89042,0.291993,0.0228397,0.00944353,0.00634319,0.00463619,0.00384178,0.00318612
6064,25.498183,5.830003999999997,0.89042,0.176587,0.0152062,0.00631086,0.00423908,0.00309831,0.00256742,0.00212925
6066,24.912267,7.005536000000005,0.89076,0.0692399,0.00616142,0.00244106,0.00163326,0.00119304,0.000988544,0.000819817
6067,25.841135,6.073260999999998,0.89095,0.102819,0.0126722,0.0042549,0.00257001,0.00180732,0.00148372,0.00122561
6068,25.852057,6.062111999999997,0.89095,0.514351,0.0415155,0.017226,0.0115709,0.00845713,0.007008,0.00581198
6072,25.445254000000002,6.671454000000003,0.89111,0.0520539,0.00445399,0.00184941,0.00124228,0.000907971,0.000752391,0.000623983
6073,25.444416,6.668915000000002,0.89111,0.26587,0.0218662,0.00889288,0.00596936,0.00436266,0.0036151,0.00299812
6079,25.727609,6.124781,0.89197,0.0622375,0.0167543,0.0154717,0.0118791,0.00830848,0.00625292,0.00446705
6080,25.730748,6.119139000000006,0.89197,0.336511,0.029244,0.012028,0.00807195,0.00589892,0.00488806,0.00405382
6081,25.732774,6.119479000000002,0.89197,0.217711,0.0183917,0.00759888,0.00510308,0.00372968,0.00309059,0.00256313
6082,25.729299,6.10749,0.89197,0.877858,0.0674664,0.0279547,0.0187773,0.0137242,0.0113726,0.00943168
6085,25.167474,6.835012999999996,0.89244,0.117053,0.00979477,0.00406714,0.00273196,0.00199677,0.00165463,0.00137224
6086,25.167528,6.835367999999999,0.89244,0.157645,0.0135408,0.00562109,0.00377576,0.00275968,0.00228681,0.00189653
6087,25.707133,6.692403000000001,0.89253,0.066314,0.00567958,0.00235646,0.00158286,0.0011569,0.000958667,0.000795055
6088,26.120781,5.592183000000002,0.89263,5.40223,0.464718,0.192797,0.129501,0.0946512,0.0784328,0.065047
6089,26.294641,5.161592999999998,0.89283,0.0710888,0.00858565,0.00289245,0.00175808,0.00123428,0.00101152,0.000834435
6090,26.298227,5.160227000000004,0.89283,0.175736,0.0167111,0.00662352,0.00431196,0.00309744,0.00254994,0.00210605
6091,26.293937,5.158043000000007,0.89283,0.0543855,0.00467964,0.00194301,0.00130515,0.000953923,0.000790469,0.000655563
6092,26.293795,5.158502999999993,0.89283,0.0647564,0.00532693,0.00217184,0.00145826,0.0010658,0.000883172,0.000732444
6093,25.394447,6.651084000000005,0.89289,0.0662626,0.00570474,0.00235676,0.00158247,0.00115655,0.000958365,0.000794802
6097,25.303534,6.793261000000004,0.89298,0.0726977,0.00473431,0.0019648,0.00131978,0.000964622,0.000799334,0.000662915
6098,25.302342,6.798363,0.89298,0.131442,0.0112798,0.00468358,0.00314603,0.00229941,0.00190541,0.00158022
6104,24.921843,5.704634999999996,0.89361,0.0771604,0.00662358,0.00274213,0.00184167,0.00134604,0.0011154,0.000925036
6105,24.930433,5.7025450000000015,0.89361,0.0513583,0.00438495,0.00181999,0.00122251,0.000893524,0.000740419,0.000614055
6106,24.925735,5.695499000000003,0.89361,0.268913,0.0244637,0.00978202,0.0064722,0.0047008,0.0038879,0.0032211
6114,25.633113,6.726317000000005,0.89521,0.283157,0.0240098,0.00993613,0.00667393,0.00487792,0.00404209,0.00335224
6115,25.632576,6.730021999999999,0.89521,0.290216,0.0243228,0.00984981,0.00660389,0.00482512,0.00399812,0.00331572
6117,25.419603,6.533633999999994,0.89552,0.378442,0.033174,0.0135254,0.0090453,0.00660137,0.0054681,0.00453402
6118,25.410138,6.536175000000003,0.89552,0.0591969,0.00511547,0.00211492,0.00141938,0.00103712,0.000859352,0.000712666
6120,24.977057,6.705042000000003,0.89582,0.0784482,0.00673948,0.00279835,0.00187969,0.00137385,0.00113844,0.00094415
6121,25.371309,5.967955000000003,0.89639,0.140056,0.0117654,0.00484878,0.00325669,0.00238028,0.00197242,0.0016358
6128,26.424813000000004,6.022782000000003,0.89723,0.0931401,0.00789934,0.00327829,0.00220207,0.00160948,0.0013337,0.00110608
6129,26.419498,6.019211000000005,0.89723,3.0801,0.26101,0.108311,0.0727541,0.0531755,0.0440639,0.0365437
6130,26.250935,6.438037000000006,0.89729,0.0508026,0.0046551,0.00176676,0.00117587,0.000858078,0.000710885,0.00058952
6131,25.752314000000002,6.352627000000005,0.89757,0.141154,0.0119904,0.00480979,0.00322012,0.00235195,0.0019487,0.00161605
6132,25.751552,6.352739000000003,0.89757,0.297242,0.0255443,0.0106058,0.00712405,0.00520692,0.00431472,0.00357834
6133,25.75517,6.364689000000003,0.89757,0.672888,0.0578365,0.0240157,0.0161317,0.0117905,0.00977023,0.00810279
6136,25.200423,4.909799999999998,0.8979,0.0506967,0.00405359,0.00167409,0.00112444,0.000821839,0.000681018,0.000564791
6137,25.198239000000004,4.914780999999999,0.8979,0.197267,0.00890638,0.00332189,0.00222647,0.00162703,0.00134822,0.00111812
6138,24.976324,4.806952000000003,0.89796,0.883706,0.0749574,0.0310294,0.0208419,0.0152332,0.012623,0.0104687
6139,25.140047,7.171471000000001,0.89828,0.0745236,0.00640735,0.00262086,0.00175923,0.00128571,0.0010654,0.000883567
6141,24.86322,6.652963000000005,0.89842,0.0759319,0.00619578,0.00256699,0.00172425,0.00126024,0.0010443,0.000866072
6142,24.863816,6.653406,0.89842,1.55276,0.134648,0.0553091,0.037088,0.027095,0.02245,0.0186178
6143,24.862569,6.6558179999999965,0.89842,0.227233,0.0200248,0.00810751,0.00542378,0.00396036,0.00328114,0.00272097
6146,26.006141,6.164589000000001,0.89905,0.0579666,0.0077722,0.00451057,0.00300107,0.00197164,0.0014793,0.00109367
6147,25.993294,6.151877999999995,0.89905,0.0519094,0.00438536,0.00181377,0.0012183,0.000890444,0.000737867,0.000611938
6148,25.99214,6.1555860000000004,0.89905,0.0980589,0.00830208,0.00344736,0.00231564,0.00169249,0.00140248,0.00116313
6149,25.995924,6.155871999999999,0.89905,0.893893,0.0753264,0.0312726,0.0210062,0.0153533,0.0127225,0.0105512
6150,25.814587,6.349040999999999,0.89915,0.370538,0.0313231,0.0130067,0.00873676,0.00638564,0.00529147,0.00438839
6151,25.815793,6.349196000000001,0.89915,0.090693,0.00773558,0.0032066,0.00215388,0.00157425,0.00130451,0.00108187
6152,25.6107,7.1660010000000005,0.89934,0.0712394,0.00704262,0.00269711,0.00173886,0.00124723,0.0010273,0.000849144
6154,24.971843,4.868315000000006,0.89949,0.0507393,0.00431166,0.00179028,0.00120255,0.000878939,0.000728333,0.000604032
6155,24.976242,4.865042000000003,0.89949,0.283554,0.0242378,0.00991605,0.00665751,0.00486572,0.00403197,0.00334384
6159,25.229158,5.941432,0.89987,0.0734657,0.004438,0.00183888,0.0012352,0.000902802,0.000748107,0.000620431
6168,25.427271,7.004977999999999,0.90054,0.508145,0.0429934,0.0178497,0.0119899,0.00876331,0.00726173,0.0060224
6169,25.424095,7.0055430000000065,0.90054,0.0922875,0.00786216,0.0032618,0.00219097,0.00160136,0.00132697,0.0011005
6170,26.085630000000002,6.121385000000006,0.90064,0.225708,0.0195378,0.00807713,0.00541882,0.00395884,0.0032801,0.00272013
6171,25.804717,6.445234000000003,0.90065,0.0589651,0.00520214,0.00211935,0.00141327,0.00102952,0.000852154,0.000706248
6174,24.807727,5.167223999999999,0.90081,0.24607,0.0211433,0.00877958,0.00589737,0.00431035,0.00357177,0.00296219
6187,27.022371,6.8838399999999975,0.90236,0.264898,0.023116,0.00937711,0.00628837,0.00459509,0.00380763,0.00315777
6189,26.596708,4.841975000000002,0.90263,0.0603674,0.00519173,0.00215578,0.00144807,0.00105838,0.00087703,0.000727351
6190,25.456744,5.436445999999998,0.90285,0.321672,0.18029,0.28539,0.284925,0.247888,0.213213,0.173736
6191,25.456888,5.445536,0.90285,0.0580309,0.00498724,0.00206668,0.00138817,0.0010146,0.00084075,0.000697263
6192,24.826358,4.881851999999997,0.90298,0.0560943,0.00447775,0.00185885,0.00124861,0.000912603,0.000756229,0.000627167
6193,24.826023,4.881068000000001,0.90298,0.513375,0.04417,0.0183386,0.0123183,0.00900335,0.00746063,0.00618735
6194,25.442306,5.354354000000001,0.90368,0.0555323,0.0047772,0.00195337,0.00131019,0.00095733,0.000793252,0.000657859
6195,25.604722,7.186440999999997,0.90374,0.0542833,0.00463274,0.00192366,0.00129215,0.000944423,0.000782597,0.000649034
6196,25.605167,7.1929669999999994,0.90374,1.96187,0.167872,0.0697074,0.0468235,0.034223,0.0283589,0.023519
6197,26.133906,5.6173169999999955,0.90406,0.0783594,0.00674384,0.00280025,0.00188097,0.00137479,0.00113922,0.000944792
6198,26.122346000000004,5.620273999999996,0.90406,0.0500871,0.00519116,0.00189168,0.00120553,0.000861754,0.000709274,0.000586099
6199,26.038604,6.053948999999997,0.90457,0.0684309,0.00627849,0.0024776,0.00164001,0.00119308,0.000987543,0.000818604
6202,24.805546,7.078407000000004,0.90519,0.147677,0.012117,0.00503099,0.00337939,0.00246997,0.00204674,0.00169743
6203,24.806199,7.080485000000001,0.90519,0.0641381,0.00570536,0.00234695,0.00155906,0.00113177,0.000935325,0.000774357
6204,25.86767,5.238970999999995,0.90519,0.333781,0.0287078,0.0118843,0.00798237,0.00583424,0.00483454,0.00400945
6205,25.936781,5.3244760000000015,0.90524,0.100259,0.0113809,0.00387641,0.00242703,0.00173323,0.00142844,0.00118191
6210,26.122622,6.5986400000000005,0.90641,0.545723,0.0317572,0.013158,0.00883843,0.00645995,0.00535304,0.00443946
6211,26.116386,6.585362000000004,0.90641,0.0723544,0.00622944,0.00258572,0.00173686,0.00126946,0.00105194,0.000872408
6212,26.117668000000002,6.579808000000002,0.90641,0.439084,0.0360044,0.0137347,0.00917647,0.00670175,0.00555282,0.004605
6213,26.676296,7.032754999999998,0.90666,0.27607,0.0278114,0.0112117,0.00713998,0.00502263,0.00409198,0.00335358
6214,26.667915,7.032759000000001,0.90666,0.0662152,0.00568488,0.0022906,0.00153783,0.00112396,0.000931368,0.000772414
6215,26.96492,6.091441000000001,0.90666,0.117835,0.00993837,0.00412309,0.00276952,0.00202422,0.00167737,0.0013911
6219,24.883204,6.295175999999999,0.90681,0.0598942,0.00514749,0.00213746,0.00143576,0.00104939,0.000869577,0.000721169
6221,25.554942,5.125410000000005,0.90739,0.0507846,0.004342,0.00180007,0.00120913,0.000883743,0.000732315,0.000607333
6222,24.85514,6.289737999999998,0.90769,0.0802636,0.00569576,0.00231372,0.00155353,0.00113543,0.000940874,0.000780298
6223,24.856743,6.287025999999999,0.90769,0.0624722,0.00534369,0.00220707,0.00148243,0.0010835,0.000897842,0.000744611
6224,24.846015,6.284138000000005,0.90769,0.882123,0.0766917,0.0314952,0.0211158,0.0154259,0.0127813,0.0105996
6225,26.692772,7.0108440000000005,0.90773,0.0591321,0.00496533,0.00204377,0.00137273,0.00100332,0.0008314,0.000689508
6226,26.694585,7.007869000000006,0.90773,0.0593806,0.00950843,0.00441796,0.00264365,0.0016565,0.00123597,0.000925305
6227,26.690231,7.012724999999995,0.90773,0.221658,0.0187543,0.00778406,0.00522866,0.0038216,0.00316677,0.00262631
6228,26.069964,5.152704999999994,0.90842,0.0921803,0.00792394,0.00328969,0.00220973,0.00161508,0.00133834,0.00110993
6230,26.924188,6.9590510000000005,0.90917,0.151503,0.0131419,0.00540477,0.00362334,0.00264661,0.00219276,0.00181839
6231,26.927102,6.957639000000002,0.90917,0.0792499,0.00681642,0.00281523,0.00189084,0.001382,0.00114519,0.000949747
6233,26.183631,7.091158999999994,0.90928,0.0529359,0.00441534,0.00183184,0.00123047,0.000899344,0.000745242,0.000618054
6234,26.185016,7.088017000000001,0.90928,0.0606941,0.00529947,0.0021705,0.00145598,0.00106396,0.000881628,0.00073116
6236,26.672296,6.275936000000003,0.91003,0.0519573,0.00442812,0.00183867,0.00123506,0.000902699,0.000748022,0.00062036
6237,26.67065,6.269878999999997,0.91003,0.0718424,0.00618031,0.00256597,0.0017236,0.00125977,0.00104391,0.000865748
6238,26.123759,6.771025000000006,0.91057,0.0712046,0.0201853,0.0110945,0.00596243,0.00314668,0.00206983,0.0013693
6239,26.157485,6.885329999999999,0.9112,0.0768875,0.00604633,0.00193655,0.00128041,0.000933894,0.000773676,0.000641592
6240,25.195116,5.656772000000001,0.91147,0.21281,0.0166082,0.00687911,0.00462076,0.00337728,0.00279859,0.00232096
6241,25.196804,5.6573759999999975,0.91147,1.6185,0.146776,0.0573622,0.0381329,0.0277978,0.0230223,0.0190891
6242,26.093848,5.702873,0.91148,0.202404,0.0469603,0.0118701,0.00566649,0.0034476,0.00268823,0.00215765
6258,26.15421,5.567219000000006,0.91461,0.0598952,0.00508821,0.00211175,0.00141849,0.00103677,0.000859119,0.000712496
6259,26.579939,5.9429339999999975,0.91464,0.079239,0.00689287,0.00283017,0.0018984,0.00138716,0.00114942,0.00095324
6260,26.302724,5.084875000000004,0.91465,0.0960471,0.00814945,0.00337766,0.0022688,0.00165825,0.00137411,0.0011396
6261,26.763408,6.8342379999999965,0.91468,0.20973,0.0182575,0.00749511,0.00502202,0.00366768,0.00303863,0.00251981
6262,25.910674,5.0943930000000055,0.91472,0.303486,0.0213748,0.008736,0.0058678,0.00428873,0.00355386,0.00294734
6263,25.908039,5.0894289999999955,0.91472,0.0592303,0.0050539,0.0020921,0.00140527,0.0010271,0.000851111,0.000705855
6264,25.903272,5.094917000000004,0.91472,0.0634037,0.00544565,0.00226125,0.00151892,0.00111017,0.00091994,0.000762937
6266,25.776475,4.872318999999999,0.9149,0.126432,0.0219886,0.0135121,0.00889275,0.00570397,0.0041824,0.00299827
6267,25.197266000000003,6.669041000000004,0.91527,0.709636,0.0606712,0.0249729,0.0167732,0.0122594,0.0101587,0.00842498
6269,25.37057,7.020835999999994,0.91593,0.136942,0.0118322,0.00482973,0.00324211,0.0023695,0.00196348,0.00162838
6271,25.380622,6.8930039999999995,0.9162,0.0514747,0.00401169,0.0016653,0.0011186,0.000817581,0.000677489,0.000561864
6272,25.390293,6.890295,0.9162,0.756593,0.0648116,0.0268881,0.0180605,0.0132002,0.0109384,0.00907157
6273,25.543673,7.0348890000000015,0.91623,0.13175,0.00933073,0.00379166,0.00254606,0.00186086,0.001542,0.00127883
6274,25.535434000000002,7.031575000000002,0.91623,0.257579,0.0220356,0.00915004,0.00614621,0.00449223,0.00372249,0.00308718
6275,26.612346,6.021624999999995,0.91626,0.724873,0.0609805,0.0248053,0.016633,0.0121527,0.0100697,0.00835091
6278,27.16102,6.422313999999997,0.91689,0.0503818,0.00417557,0.00173291,0.00116402,0.000850776,0.000704996,0.000584677
6279,27.179012,6.4257219999999995,0.91689,0.206424,0.0177792,0.00737279,0.00495232,0.00361961,0.0029994,0.0024875
6281,27.174578,6.363187000000005,0.91758,1.2175,0.104518,0.0433488,0.0291177,0.0212819,0.0176353,0.0146255
6282,24.939275,6.750992000000004,0.91778,0.354469,0.0383285,0.0263879,0.0220314,0.017694,0.0148219,0.0119594
6283,25.922377,4.843072000000001,0.91831,0.0614801,0.00528398,0.00219412,0.00147382,0.00107721,0.000892628,0.000740286
6284,25.861687,5.947621999999998,0.91873,0.0612593,0.0176607,0.00394079,0.00172415,0.00101426,0.000787462,0.000632711
6285,25.857156,5.942746999999996,0.91873,1.06001,0.170419,0.109718,0.0738169,0.0478345,0.0351609,0.025206
6286,27.099943,6.478273999999999,0.91917,0.0870746,0.00705744,0.00289744,0.00194617,0.00142244,0.00117871,0.000977541
6287,26.06374,5.8084719999999965,0.91922,0.0610956,0.00479179,0.0019895,0.00133638,0.000976749,0.000809384,0.000671249
6288,26.064599,5.811760999999999,0.91922,0.0510579,0.00437669,0.00181736,0.00122075,0.000892236,0.000739352,0.00061317
6289,26.651411,6.295052999999996,0.91932,0.175468,0.017161,0.00668038,0.00431108,0.00308993,0.00254392,0.00210209
6290,26.070928,5.066993999999999,0.91953,0.0536601,0.00459652,0.00190858,0.00128202,0.00093702,0.000776462,0.000643946
6291,26.083573,5.059948000000001,0.91953,0.0624754,0.00537261,0.00223008,0.00149797,0.00109486,0.000907256,0.000752418
6292,26.076393,5.059073999999993,0.91953,0.136999,0.0123875,0.00456647,0.00303745,0.00221668,0.00183648,0.00152296
6293,25.23386,6.766661000000002,0.91958,0.052857,0.00445411,0.00182691,0.00122668,0.000896541,0.000742917,0.000616126
6294,27.16295,6.282494999999996,0.91961,0.0803457,0.00780791,0.00301679,0.00195604,0.00140945,0.00116332,0.000962917
6297,25.271773,6.712285000000005,0.91995,2.45647,0.215943,0.0890961,0.0594281,0.0432537,0.035784,0.0296464
6298,25.693595,6.014607999999997,0.92005,0.14525,0.0124664,0.00517639,0.00347705,0.00254135,0.0021059,0.00174649
6299,25.699616,6.010742999999994,0.92005,0.0745522,0.00914718,0.00321815,0.00192017,0.00132876,0.00108335,0.000891202
6300,25.704188,6.009744,0.92005,0.0843745,0.00709643,0.00294553,0.00197856,0.00144611,0.00119832,0.00099381
6301,25.70231,6.013272999999998,0.92005,0.0574774,0.00493917,0.0020509,0.00137762,0.00100689,0.000834363,0.000691966
6303,26.336998,5.508747999999999,0.92023,0.0757604,0.00642364,0.00266723,0.00179161,0.00130948,0.0010851,0.00089991
6304,25.012731,6.401283999999997,0.92029,0.070374,0.0059478,0.00246959,0.00165886,0.00121245,0.0010047,0.000833229
6305,25.02042,6.406553999999995,0.92029,0.379791,0.0324346,0.0134253,0.00901703,0.00659042,0.00546115,0.00452911
6306,26.666095,5.716729000000005,0.9206,1.51092,0.130153,0.05401,0.0362787,0.0265158,0.0219723,0.0182224
6310,26.686827,5.833300000000001,0.92139,0.0529271,0.00455186,0.00188456,0.00126585,0.0009252,0.000766668,0.000635823
6311,26.06966,5.563693999999999,0.9215,0.0630647,0.00527396,0.00218981,0.00147093,0.00107509,0.000890874,0.000738832
6312,26.063253,5.552956999999998,0.9215,0.181162,0.0156685,0.00644389,0.00432721,0.00316267,0.00262074,0.00217347
6313,26.112548,5.704582000000002,0.9218,0.168704,0.0145441,0.00602939,0.00404973,0.0029599,0.00245272,0.00203412
6314,26.370493,4.916987999999998,0.92227,0.0569022,0.00482437,0.00200316,0.00134555,0.000983457,0.000814942,0.000675859
6315,26.760325,7.109322999999998,0.92275,0.333908,0.0287306,0.0119273,0.00801172,0.00585571,0.00485234,0.00402421
6316,25.418327000000005,6.421691000000002,0.92377,0.0512297,0.00498422,0.00194176,0.00125508,0.000902904,0.000744927,0.000616508
6317,26.33381,5.266217000000006,0.92408,0.0619941,0.00533745,0.002216,0.00148852,0.00108795,0.000901531,0.00074767
6322,26.308825,5.248600000000002,0.92483,0.0541839,0.00436957,0.00146916,0.000962446,0.000699459,0.00057896,0.000479938
6323,26.305542000000003,5.2508660000000065,0.92483,0.0536255,0.00454241,0.00188426,0.00126568,0.000925077,0.000766565,0.000635739
6328,26.240074,5.308025000000002,0.92659,0.0666173,0.0057489,0.00237774,0.00159699,0.00116722,0.000967215,0.000802144
6329,26.239097,5.312446999999994,0.92659,0.280942,0.024161,0.0100324,0.00673889,0.00492541,0.00408144,0.00338488
6330,26.618217,6.453909999999996,0.92666,0.076661,0.00662182,0.00272673,0.00183042,0.00133771,0.00110848,0.000919295
6331,26.615193,6.453346000000005,0.92666,0.0541533,0.00464776,0.00192987,0.00129632,0.000947472,0.000785124,0.00065113
6332,26.613726,6.457471000000005,0.92666,1.89299,0.162288,0.0673405,0.0452335,0.0330608,0.0273959,0.0227203
6334,26.316975,6.194529000000004,0.92743,0.104927,0.00906868,0.00374767,0.00251521,0.00183791,0.00152291,0.00126297
6335,26.316289,6.194538000000001,0.92743,0.0975961,0.00735374,0.00305191,0.00205001,0.00149834,0.0012416,0.0010297
6336,26.317419,6.193136000000005,0.92743,0.0563443,0.00554326,0.00194167,0.0012851,0.000937361,0.000776562,0.000643991
6337,26.315713,6.195421999999998,0.92743,0.14359,0.0119982,0.00498138,0.00334607,0.00244562,0.00202656,0.0016807
6342,26.850287,5.8652500000000005,0.92922,0.25897,0.0218435,0.00907022,0.0060926,0.00445304,0.00369002,0.00306025
6343,26.893682,5.933031000000001,0.92924,0.0504712,0.00483209,0.00188673,0.0012281,0.000885133,0.000730286,0.000604245
6344,26.115682,4.897121000000003,0.92964,2.47642,0.0850207,0.0300412,0.0201114,0.0146953,0.012177,0.0100987
6345,26.119356000000003,4.894924000000006,0.92964,0.0503605,0.00383279,0.00159125,0.00106887,0.000781227,0.000647364,0.000536881
6346,26.113165,4.905593000000004,0.92964,0.43074,0.0375494,0.0153779,0.0103164,0.00753878,0.00624687,0.00518071
6347,26.135414,4.839228999999996,0.93002,0.117675,0.00983012,0.00408047,0.00274091,0.00200331,0.00166005,0.00137673
6348,26.123116,4.8445829999999965,0.93002,0.0982264,0.00830287,0.00344761,0.00231581,0.00169261,0.00140258,0.00116321
6349,26.091505,4.815794000000003,0.93099,0.112167,0.00921629,0.00380209,0.00255366,0.00186644,0.00154663,0.00128267
6350,26.092605000000002,4.815537000000004,0.93099,0.169481,0.0149468,0.00523801,0.00347511,0.00253536,0.00210044,0.00174185
6353,26.460761,6.591425999999999,0.93315,0.0578193,0.00614188,0.00263344,0.0016691,0.00114616,0.000916156,0.000736829
6354,26.468909,6.5976249999999945,0.93315,0.0609983,0.0136108,0.00316209,0.00156115,0.00101095,0.000813066,0.000665767
6358,25.230831,4.902328999999998,0.93448,0.0565955,0.00553611,0.00195496,0.00126932,0.000918326,0.000759124,0.000628878
6359,25.231045,4.903305000000003,0.93448,0.0573792,0.00492654,0.00204319,0.00137243,0.0010031,0.000831217,0.000689357
6360,25.232785,4.8990200000000055,0.93448,0.0678324,0.00582401,0.00241836,0.00162445,0.0011873,0.000983855,0.000815945
6361,25.344576,4.8833989999999945,0.93465,0.0656162,0.00549309,0.00227873,0.00153064,0.00111874,0.000927041,0.000768826
6362,25.344313,4.881590999999995,0.93465,0.0728978,0.00656381,0.00243766,0.00162919,0.00119019,0.000986206,0.000817887
6363,25.348127,4.879361999999998,0.93465,0.247918,0.0210354,0.00873221,0.00586555,0.00428709,0.0035525,0.00294621
6364,25.946794,6.164994,0.93483,0.166653,0.0141974,0.00587993,0.00394955,0.0028867,0.00239206,0.00198382
6365,25.460455,4.811785000000003,0.93506,1.15969,0.0998917,0.0414774,0.027861,0.0203634,0.0168742,0.0139943
6366,25.46422,4.810185,0.93506,0.0512389,0.0042821,0.0017757,0.00119276,0.000871781,0.000722401,0.000599112
6367,26.021671,4.856899000000006,0.9366,0.0821728,0.00709628,0.00291303,0.00195607,0.00142964,0.00118467,0.000982489
6368,25.320772,5.353255999999997,0.9369,0.0797027,0.00657426,0.00264801,0.00177744,0.00129905,0.00107646,0.000892742
6369,25.310357,5.355622000000002,0.9369,0.286595,0.0214026,0.00852617,0.00572626,0.00418527,0.00346813,0.00287624
6370,25.312832000000004,5.3544390000000055,0.9369,0.0531203,0.00455612,0.00188909,0.0012689,0.000927433,0.000768518,0.000637358
6371,26.107952,4.956543000000004,0.93723,0.0721634,0.00633345,0.00249998,0.00167663,0.00122529,0.00101533,0.000842046
6372,26.966544,6.189140999999997,0.93736,0.181727,0.0149611,0.00615484,0.00413282,0.00302052,0.00250294,0.00207577
6373,26.966643,6.185514000000007,0.93736,0.0507983,0.00435781,0.00180853,0.0012148,0.000887887,0.000735748,0.000610181
6374,27.095858,5.095265999999997,0.93764,0.0592694,0.00510338,0.00211861,0.0014231,0.00104013,0.000861907,0.000714809
6375,26.002385,7.199748999999997,0.93772,0.122603,0.0104863,0.00435431,0.00292485,0.00213775,0.00177145,0.00146912
6377,25.155803,5.261445000000005,0.93789,0.137825,0.0122677,0.00485904,0.00325358,0.00237709,0.00196969,0.00163352
6378,25.077463,5.608618000000001,0.9381,0.056252,0.00484036,0.0020093,0.00134967,0.000986467,0.000817436,0.000677928
6379,25.814666,4.843675999999998,0.93818,0.0703544,0.00610486,0.00251245,0.00168653,0.00123257,0.00102136,0.00084705
6380,25.818641,4.841259999999999,0.93818,0.0588123,0.00604545,0.00301893,0.00200441,0.00136853,0.0010712,0.000837007
6381,25.96917,6.918603,0.93832,0.0758452,0.00647031,0.00268401,0.00180287,0.0013177,0.00109192,0.000905563
6382,25.963528,6.909656000000004,0.93832,0.893926,0.0769074,0.031917,0.0214389,0.0156695,0.0129846,0.0107685
6383,25.193239,5.250984000000002,0.93837,0.203167,0.0177293,0.00690473,0.00460508,0.00336081,0.00278419,0.0023088
6384,25.228567,5.994561000000004,0.93869,0.234683,0.0183448,0.00760995,0.00511171,0.00373611,0.00309593,0.00256756
6385,25.155208,5.808596000000003,0.93889,0.0582335,0.0084587,0.00378523,0.00219011,0.00136103,0.00102766,0.000789192
6386,25.150883,5.808329000000003,0.93889,0.0511006,0.00436798,0.00181364,0.00121824,0.000890407,0.000737837,0.000611913
6387,25.145329,5.806708999999997,0.93889,0.128073,0.0159074,0.00780055,0.00478501,0.00306281,0.00232893,0.00178829
6388,25.086987,5.782865000000002,0.9389,0.0609908,0.00607997,0.00222646,0.00144839,0.00104873,0.000867231,0.000718607
6389,25.775653,5.440652000000001,0.93894,0.052631,0.00439066,0.00172977,0.00115738,0.000845361,0.000700437,0.000580877
6390,25.7765,5.441548000000006,0.93894,0.205429,0.115652,0.0746574,0.044559,0.0250923,0.0165661,0.0104533
6391,25.356981,4.828211999999996,0.94014,0.175326,0.0131609,0.00545509,0.00366425,0.00267817,0.00221927,0.00184052
6392,25.352648000000002,4.830685999999995,0.94014,0.0843534,0.00712763,0.00295887,0.00198752,0.00145266,0.00120375,0.000998311
6396,25.682504,4.861268999999996,0.94178,0.107309,0.00915499,0.00380007,0.00255256,0.00186565,0.00154597,0.00128213
6397,25.683326,4.866058000000001,0.94178,0.426022,0.0364317,0.0151241,0.0101591,0.00742521,0.0061529,0.00510281
6398,25.674934,4.860588,0.94178,0.706434,0.0614536,0.0253734,0.0169943,0.012407,0.010278,0.00852266
6400,25.282285,6.349486999999994,0.94202,0.075067,0.0116535,0.00662204,0.00426065,0.00272269,0.00201149,0.00146678
6401,25.282789,6.344342000000006,0.94202,0.0939134,0.00756668,0.00296739,0.00198422,0.00144901,0.00120055,0.000995599
6402,24.800757,6.586141999999996,0.94207,0.0999411,0.00876139,0.00353985,0.00237071,0.00173177,0.00143491,0.00118999
6403,26.020665,5.012439999999998,0.94213,0.0589124,0.00497236,0.00206165,0.00138483,0.00101216,0.000838729,0.000695586
6407,25.814293,5.687488999999997,0.94261,0.144624,0.0117662,0.00485987,0.00326412,0.00238571,0.00197692,0.00163952
6408,25.810795,5.688832000000002,0.94261,0.0812075,0.00690971,0.00286891,0.00192709,0.0014085,0.00116715,0.000967959
6409,26.733496,6.2170170000000065,0.94263,0.0976672,0.00839731,0.00348563,0.00234133,0.00171126,0.00141804,0.00117603
6410,26.015479,5.007352000000006,0.94287,0.0557477,0.00475321,0.0019669,0.00132103,0.000965517,0.000800075,0.000663529
6411,26.012776,5.008146999999995,0.94287,0.0523268,0.00444083,0.00184398,0.00123863,0.000905304,0.000750181,0.00062215
6413,26.022836,4.978303999999994,0.94419,0.052342,0.00455608,0.00188069,0.00125922,0.000918773,0.000760843,0.000630726
6414,26.022688,4.978844999999996,0.94419,0.0907586,0.00764036,0.00317234,0.00213091,0.00155747,0.0012906,0.00107033
6419,25.756209,5.513968000000004,0.94485,0.0915025,0.00851596,0.00319881,0.0021273,0.00155233,0.00128606,0.00106651
6420,25.444598,5.464546000000002,0.9449,0.0608035,0.00733898,0.00257776,0.00155381,0.00107718,0.000877476,0.000720991
6421,25.566669000000005,5.175681999999996,0.94535,0.0672239,0.00577116,0.00239617,0.00160954,0.0011764,0.000974829,0.000808458
6422,25.708934,5.480830000000002,0.94537,6.58305,0.558383,0.231798,0.155702,0.113801,0.0943016,0.0782075
6424,26.139695,6.143399999999996,0.94677,0.228706,0.01967,0.0081553,0.00547791,0.00400376,0.00331772,0.0027515
6425,24.833266,7.072068000000002,0.94799,0.118138,0.0100184,0.00415976,0.00279417,0.00204224,0.0016923,0.00140348
6426,25.088055,5.408165000000003,0.94823,0.0696357,0.00591096,0.00245378,0.00164824,0.00120469,0.000998266,0.000827896
6429,26.430455,7.067724000000001,0.94855,0.0840945,0.00726004,0.00300181,0.0020154,0.0014729,0.0012205,0.0010122
6430,25.361262,5.470057,0.94859,0.0941665,0.00803944,0.00333824,0.00224234,0.00163891,0.00135809,0.00112631
6431,25.353249,5.465889999999998,0.94859,0.222968,0.0192293,0.00788518,0.00529481,0.00386985,0.00320675,0.00265946
6432,25.508228,6.695071000000004,0.94942,0.0544814,0.059864,0.0465297,0.0305195,0.0185045,0.0126907,0.00821452
6433,26.232277,5.906657000000002,0.94977,0.0716097,0.00626378,0.00252189,0.00169093,0.00123563,0.00102388,0.000849134
6434,26.996505,5.736214999999994,0.95019,1.02319,0.0878917,0.0364919,0.0245121,0.0179158,0.0148459,0.0123122
6435,25.486142,6.7242160000000055,0.9508,0.370638,0.0373623,0.0133182,0.00858096,0.00618387,0.00510565,0.00422701
6436,25.483045,6.7176019999999985,0.9508,0.823508,0.0733789,0.0290537,0.0194642,0.0142223,0.011785,0.00977363
6437,25.474674,6.727066000000002,0.9508,0.167032,0.0143443,0.00595617,0.00400084,0.00292419,0.00242313,0.00200959
6438,25.602297,6.928826999999995,0.95095,0.0744256,0.00600465,0.00248058,0.00166622,0.00121783,0.00100915,0.000836924
6439,25.596777,6.936114000000004,0.95095,0.0666892,0.00570127,0.0023674,0.00159021,0.00116228,0.000963122,0.000798749
6440,25.603486,6.929924000000006,0.95095,0.0661837,0.00567556,0.00235669,0.00158302,0.00115702,0.000958765,0.000795136
6443,27.197761000000003,7.043338,0.95134,0.0545902,0.00480893,0.00194424,0.00129706,0.000945628,0.000783025,0.000649141
6446,27.162794,7.005163000000005,0.95202,0.16742,0.0143118,0.00594096,0.00399061,0.00291671,0.00241693,0.00200444
6447,27.163499,7.0106480000000015,0.95202,0.0626716,0.00534489,0.00221917,0.00149065,0.00108951,0.00090282,0.000748739
6448,26.923678,6.089772000000004,0.95233,0.251865,0.0216907,0.00900609,0.00604951,0.00442155,0.00366392,0.00303861
6450,27.084059,6.974744999999995,0.953,0.220452,0.0161833,0.00671577,0.00451107,0.00329712,0.00273216,0.00226587
6451,26.75604,6.667726999999999,0.95316,0.0952767,0.0080637,0.00334832,0.00224912,0.00164387,0.00136219,0.00112971
6452,26.295122,6.200195999999995,0.95333,155.669,14.0094,5.46081,3.64725,2.66336,2.20673,1.83005
6455,25.196385,6.298315999999998,0.95465,0.117709,0.0093813,0.00389177,0.00261415,0.00191067,0.00158328,0.00131306
6456,25.204819,6.3012209999999955,0.95465,0.957025,0.0657918,0.0269224,0.0180832,0.0132169,0.0109522,0.00908299
6457,26.729311,6.004763,0.95476,0.256258,0.0220743,0.00914451,0.00614227,0.00448933,0.00372009,0.0030852
6462,27.11411,6.823388999999999,0.9554,0.0550363,0.00469129,0.00194513,0.00130655,0.000954947,0.000791318,0.000656267
6463,27.121936,6.8299600000000025,0.9554,0.0529358,0.00456347,0.00189169,0.00127046,0.000928538,0.000769429,0.000638113
6464,25.667772,5.398252000000004,0.95579,0.117125,0.00977239,0.00405773,0.00272564,0.00199215,0.0016508,0.00136906
6465,25.668138,5.401521000000004,0.95579,0.0925354,0.00795667,0.00329722,0.00221469,0.0016187,0.00134133,0.00111241
6466,25.664183,5.402560999999994,0.95579,0.123374,0.013553,0.00476116,0.00299745,0.00214077,0.00176363,0.00145879
6467,26.088918,4.802390000000004,0.95587,0.0595868,0.00368847,0.00152914,0.00102714,0.000750732,0.000622094,0.000515924
6468,26.091918,4.806695000000004,0.95587,0.39024,0.0306882,0.0123632,0.0082975,0.00606412,0.005025,0.00416739
6469,26.092396,4.804800000000005,0.95587,0.22848,0.0196636,0.00816212,0.00548259,0.00400719,0.00332056,0.00275385
6470,26.905658,6.617663999999995,0.95594,0.115773,0.0100268,0.00412205,0.00276754,0.00202268,0.00167609,0.00139004
6471,24.930101,6.617704000000001,0.95622,0.287738,0.0258974,0.0091167,0.00604829,0.00441262,0.00365566,0.00303156
6472,25.612926,5.410325000000007,0.95625,0.130736,0.0460813,0.0270004,0.0146476,0.00760746,0.00486832,0.00308209
6478,26.724331,6.575007,0.9575,0.11146,0.00843026,0.00350042,0.00235128,0.00171854,0.00142407,0.00118103
6482,25.157306,6.471612999999996,0.95855,0.188219,0.015088,0.00625051,0.00419851,0.00306866,0.00254285,0.00210887
6483,27.011876,6.6046160000000045,0.95855,0.0617615,0.00478639,0.00198715,0.00133479,0.000975593,0.000808426,0.000670455
6484,26.138495,5.755414000000007,0.95899,0.0858925,0.018843,0.00664111,0.00326147,0.00186452,0.00138466,0.00106788
6485,25.176839,6.449379000000006,0.95906,0.127605,0.0111692,0.00455908,0.00305523,0.002232,0.00184941,0.00153374
6486,25.173711,6.4591219999999945,0.95906,0.513299,0.0479596,0.0185144,0.0122142,0.00887836,0.00734763,0.00609024
6490,26.575683,6.136864999999996,0.95968,0.300479,0.0274839,0.0113391,0.00744244,0.0053529,0.00440616,0.00363826
6494,25.158612,6.352443000000003,0.95982,1.03754,0.0902301,0.0370982,0.0248909,0.0181892,0.0150721,0.0124997
6496,26.686924000000005,5.559773000000003,0.96018,0.0691873,0.00595147,0.00247081,0.00165968,0.00121305,0.00100519,0.00083364
6497,24.956155,5.452139000000002,0.96033,4.3068,2.47478,1.39781,0.738822,0.371052,0.229292,0.137583
6498,25.186948,6.408220000000005,0.96066,0.688044,0.0578702,0.0238995,0.0160527,0.0117328,0.00972238,0.0080631
6499,24.96672,5.5269749999999975,0.96155,0.0624829,0.00475747,0.00197498,0.00132662,0.000969617,0.000803474,0.000666348
6500,26.23185,6.044627999999998,0.96209,0.100936,0.00813084,0.00337286,0.00226559,0.00165591,0.00137217,0.00113799
6501,26.231955,6.050389999999996,0.96209,0.0708184,0.00591269,0.00245474,0.00164888,0.00120516,0.000998655,0.000828219
6503,25.602838,5.261124999999999,0.96248,0.255413,0.023218,0.00923491,0.00613809,0.0044745,0.003706,0.00307298
6504,24.988309,5.642960999999996,0.96264,0.0574635,0.00576446,0.00220204,0.00141185,0.00101168,0.000833547,0.000689318
6512,24.928629,5.612573000000003,0.96421,0.0660722,0.0198516,0.0055993,0.00245944,0.00132671,0.000969662,0.00074394
6513,24.939068,5.6064300000000005,0.96421,0.863018,0.073409,0.0304815,0.0204748,0.0149649,0.0124007,0.0102843
6514,25.609443,5.252262000000004,0.96464,0.105905,0.00910476,0.00377653,0.00253672,0.00185407,0.00153638,0.00127417
6515,24.953112000000004,6.348990000000001,0.96527,0.0729014,0.00613216,0.0025459,0.00171012,0.00124992,0.00103574,0.000858977
6518,25.63682,7.049614999999998,0.96646,0.529092,0.0460497,0.0190133,0.0127313,0.00929012,0.0076937,0.00637831
6520,25.484082,5.350475999999997,0.96661,0.552548,0.04595,0.0190797,0.0128161,0.00936723,0.00776216,0.00643742
6521,25.717735,5.401469000000002,0.96685,0.0590299,0.0050827,0.00211054,0.00141768,0.00103617,0.000858623,0.000712085
6524,25.714732,5.343843000000003,0.96699,0.0932097,0.00961783,0.00386153,0.00242222,0.00169329,0.00137885,0.0011312
6525,25.709879,5.34714,0.96699,0.0843695,0.00726651,0.00301569,0.00202567,0.00148055,0.00122686,0.00101747
6526,24.823725000000003,6.1620830000000035,0.9672,15.3833,1.29075,0.525858,0.353007,0.257995,0.213787,0.1773
6527,25.666406,7.132212999999999,0.96757,0.166934,0.0127943,0.00531167,0.00356792,0.00260777,0.00216093,0.00179213
6528,25.284467,5.069563999999996,0.96768,0.165326,0.0142159,0.00585888,0.00393209,0.00287335,0.0023809,0.00197453
6529,26.882517,5.648146000000002,0.96773,0.282366,0.0241815,0.0100242,0.00673307,0.00492113,0.0040779,0.00338194
6530,25.123345,4.954831000000003,0.96815,0.116459,0.0102183,0.00414026,0.0027733,0.00202591,0.00167864,0.00139211
6531,26.421692,5.603522999999995,0.9683,0.0570554,0.00488081,0.00202672,0.00136137,0.000995019,0.000824523,0.000683805
6532,25.482155,6.386634999999999,0.96843,0.177305,0.0151995,0.00631077,0.00423903,0.00309828,0.00256739,0.00212922
6534,27.001599,6.7071850000000035,0.96884,0.167103,0.017969,0.00636957,0.0040084,0.00284832,0.0023397,0.0019312
6535,27.003028,6.708456999999996,0.96884,0.0522731,0.00429986,0.0017846,0.00119874,0.000876152,0.000726024,0.000602116
6536,26.974813000000005,6.151443000000005,0.96891,0.0735042,0.00549692,0.0022824,0.00153312,0.00112055,0.000928545,0.000770074
6537,25.624285,5.290229999999995,0.96898,0.0892773,0.00760122,0.00314565,0.0021129,0.0015443,0.00127969,0.00106129
6538,25.616874,5.289562,0.96898,0.0707714,0.00608969,0.00252857,0.00169848,0.00124141,0.00102869,0.000853129
6540,27.10486,6.073527000000007,0.96906,0.0952179,0.00793445,0.00328869,0.00220899,0.00161453,0.00133788,0.00110955
6541,25.354183,5.018223999999994,0.9692,1.38131,0.130999,0.0520939,0.0339222,0.024386,0.0200875,0.0165999
6542,26.617176,4.814127000000002,0.96971,0.0539665,0.00413703,0.00171078,0.00114912,0.000839882,0.000695969,0.00057719
6543,27.016301,5.923499999999998,0.96976,0.0540214,0.00479158,0.00188586,0.00126436,0.000923972,0.000765642,0.000634972
6544,25.818398,5.498421999999996,0.96977,0.184324,0.0319975,0.0150804,0.00884323,0.00540304,0.00396675,0.00292733
6545,26.931498,5.799587999999995,0.9704,0.106328,0.00911139,0.00377994,0.00253903,0.00185576,0.00153778,0.00127533
6546,26.935909,5.801955999999994,0.9704,0.0789046,0.00676132,0.00280586,0.00188472,0.00137753,0.00114149,0.000946675
6547,26.942928,5.803631000000002,0.9704,0.11938,0.0102647,0.00425933,0.00286099,0.00209107,0.00173277,0.00143704
6548,25.447595,5.275267999999993,0.97044,0.0671798,0.0123807,0.00370892,0.00193102,0.00120161,0.000933432,0.000742757
6549,26.489342,5.586543000000003,0.9705,0.114299,0.00817778,0.00335306,0.0022521,0.00164604,0.00136399,0.00113121
6553,27.006413,6.196666999999998,0.97059,0.103177,0.0088678,0.00367496,0.00246849,0.0018042,0.00149505,0.0012399
6554,27.071,6.082593000000002,0.97065,0.193748,0.0169545,0.0068888,0.00461284,0.00336903,0.00279136,0.00231484
6556,26.589618000000005,5.734886999999998,0.9708,0.147775,0.0126179,0.00523447,0.00351604,0.00256985,0.00212951,0.00176607
6557,26.590001,5.736311000000005,0.9708,0.707596,0.060241,0.0250142,0.0168024,0.0122807,0.0101764,0.00843967
6558,25.563864,5.288472000000003,0.9711,0.130556,0.0108517,0.00447649,0.00300685,0.00219769,0.00182112,0.00151031
6559,25.821856,5.498894999999996,0.97115,0.135488,0.0470664,0.0298014,0.0188427,0.0114701,0.00804845,0.00544946
6560,25.820533,5.500370000000001,0.97115,0.790981,0.066121,0.0273813,0.0183923,0.0134428,0.0111394,0.00923826
6564,25.641289,5.313904999999996,0.97168,0.195806,0.0189045,0.00663894,0.00432614,0.00313624,0.00259425,0.00214991
6565,25.776627,5.567656000000003,0.97181,0.35179,0.0297244,0.0123413,0.00828981,0.00605897,0.00502077,0.00416389
6568,25.889866,5.512703000000002,0.97187,0.138943,0.0119435,0.00495164,0.00332568,0.00243066,0.00201416,0.00167041
6569,26.744062,5.827290000000003,0.97208,0.084301,0.00716773,0.00297435,0.00199791,0.00146026,0.00121004,0.00100353
6570,26.743485000000003,5.818329999999994,0.97208,0.116325,0.0100769,0.00412361,0.00276344,0.00201846,0.00167235,0.00138684
6576,26.70807,4.889319999999997,0.97443,0.644163,0.0549727,0.0228129,0.0153236,0.0111999,0.0092808,0.00769688
6580,25.970975,5.427922999999999,0.97474,0.134374,0.011516,0.00476336,0.00319903,0.0023381,0.00193746,0.0016068
6581,26.225774,5.424439000000001,0.97481,0.0519385,0.0237236,0.0231021,0.018053,0.0129074,0.00987686,0.00718147
6583,27.00235,5.692189999999997,0.9749,0.0943765,0.00809922,0.00336311,0.00225905,0.00165112,0.0013682,0.0011347
6584,27.010919,5.695471999999998,0.9749,0.0791388,0.00691702,0.00284009,0.00189954,0.00138566,0.00114747,0.000951267
6585,26.328348,5.453298000000005,0.97499,0.275521,0.0234753,0.00974495,0.00654582,0.00478429,0.00396451,0.0032879
6586,27.04543,4.892929000000005,0.9751,0.226279,0.0193547,0.00803625,0.00539806,0.00394541,0.00326937,0.0027114
6589,26.332354,6.929358999999999,0.97533,0.0558237,0.0131824,0.00567323,0.00293065,0.00161335,0.00113122,0.000814986
6592,26.551908,4.9387229999999995,0.97661,0.0799611,0.00636444,0.00261737,0.00175783,0.00128477,0.00106462,0.000882928
6593,26.55541,4.930642999999996,0.97661,0.0677342,0.00583231,0.00242126,0.0016264,0.00118872,0.000985035,0.000816923
6594,26.438178000000004,5.083475000000003,0.97666,0.056674,0.00481544,0.0019964,0.00134096,0.000980092,0.000812154,0.000673547
6595,26.224457,5.3196850000000016,0.9768,1.86303,2.80806,6.24154,7.16577,6.97032,6.41856,5.60381
6600,26.296741,5.366337999999995,0.9776,0.457072,0.0387649,0.0160878,0.0108063,0.00789828,0.00654492,0.00542792
6601,26.418604,5.601708000000006,0.97778,0.0684121,0.00585195,0.00242547,0.00162909,0.00119068,0.000986654,0.000818265
6602,26.422823,5.596865000000004,0.97778,0.168994,0.0144832,0.00600382,0.00403281,0.00294756,0.00244249,0.00202564
6603,25.516099,6.986075,0.97787,0.177801,0.0151808,0.00630032,0.00423201,0.00309315,0.00256314,0.0021257
6604,25.512355,6.985752999999998,0.97787,0.0970898,0.0083047,0.00344844,0.00231636,0.00169302,0.00140292,0.00116349
6607,27.117021,5.191454999999998,0.97833,0.0819008,0.00643019,0.00265766,0.00178517,0.00130477,0.0010812,0.000896673
6608,25.518759,6.780333000000004,0.97891,0.0653022,0.00557569,0.00231518,0.00155514,0.00113664,0.000941879,0.000781132
6609,25.904114,5.870940000000005,0.97923,0.0801265,0.00704772,0.0028821,0.00192616,0.00140542,0.00116411,0.000965255
6610,25.901336,5.871863000000004,0.97923,0.0704366,0.00590519,0.00244893,0.00164497,0.0012023,0.000996287,0.000826254
6611,25.562132,5.016097999999997,0.97963,0.158043,0.0141861,0.00589752,0.00390885,0.00282346,0.00232561,0.00191964
6614,25.074702000000002,5.144441000000001,0.98001,0.432118,0.0365513,0.0151771,0.0101947,0.0074512,0.00617445,0.00512068
6615,25.070186,5.139458000000006,0.98001,0.25734,0.0222065,0.00917589,0.00616193,0.00450357,0.00373187,0.00309497
6617,26.657412,5.024250999999995,0.98021,0.0572311,0.00416529,0.00166846,0.0011197,0.000818309,0.000678087,0.00056236
6618,25.354876,6.946754999999993,0.98028,0.0798592,0.00599367,0.00242771,0.00162958,0.00119096,0.000986886,0.000818456
6619,25.353595,6.948991000000006,0.98028,0.267425,0.0228773,0.00949905,0.00638065,0.00466358,0.00386447,0.00320494
6620,27.031076,6.355877999999998,0.98066,0.0688748,0.00566424,0.00235197,0.00157985,0.0011547,0.000956845,0.000793544
6628,25.625254,6.459842999999995,0.98098,0.0841409,0.00718422,0.00297753,0.00200003,0.00146181,0.00121133,0.0010046
6629,25.625824,6.459456000000005,0.98098,0.0997652,0.00853864,0.00354539,0.00238149,0.00174061,0.00144236,0.0011962
6630,25.540087,4.983545999999997,0.98108,0.147655,0.0142897,0.00537232,0.0035182,0.00255263,0.00211186,0.0017503
6631,25.542196,4.982657000000006,0.98108,0.0748814,0.00639918,0.00265479,0.00178326,0.00130337,0.00108004,0.000895712
6634,26.408344,5.294300999999998,0.98155,0.194838,0.0165795,0.00688104,0.00462209,0.00337826,0.00279939,0.00232163
6635,25.096690000000002,5.4003869999999985,0.98168,0.0656476,0.0055977,0.00232423,0.00156122,0.00114108,0.00094556,0.000784185
6636,25.097729,5.394689,0.98168,0.103207,0.00871898,0.00362023,0.00243176,0.00177736,0.00147281,0.00122145
6637,25.099397000000003,5.391327000000001,0.98168,0.310125,0.0265111,0.0109993,0.00738826,0.00540003,0.00447473,0.00371105
6638,25.099853,5.3966729999999945,0.98168,0.118975,0.0101608,0.00421839,0.00283356,0.00207103,0.00171616,0.00142327
6640,24.849331,5.012106,0.98205,0.172477,0.014823,0.00615092,0.00413165,0.0030198,0.00250236,0.00207529
6641,25.40602,6.876721999999995,0.9821,0.0576337,0.00496006,0.00205963,0.00138348,0.00101118,0.000837914,0.000694911
6644,26.662459,5.8025219999999935,0.9828,0.213805,0.0181675,0.00754392,0.00506736,0.0037037,0.00306907,0.00254529
6646,26.43842,5.059090999999997,0.98364,0.18525,0.0154032,0.00639602,0.0042963,0.00314014,0.00260208,0.00215799
6648,25.559846000000004,6.441591,0.98396,0.0514381,0.00436184,0.0018085,0.00121475,0.00088785,0.000735717,0.000610155
6649,27.027703,6.241422000000005,0.98428,0.0528601,0.00480284,0.00189246,0.00125747,0.000916363,0.000758868,0.000629195
6650,27.022763,6.237290000000003,0.98428,0.0658416,0.00569964,0.00234841,0.00157706,0.00115264,0.000955138,0.000792128
6651,27.032975,6.232452999999999,0.98428,249.157,21.2971,8.84127,5.9388,4.34063,3.59687,2.983
6652,26.424599,6.0044399999999944,0.98439,0.191415,0.0164022,0.00681086,0.00457495,0.0033438,0.00277085,0.00229796
6653,26.413228,6.000807000000006,0.98439,0.328619,0.0281104,0.0116002,0.00779143,0.00569469,0.0047189,0.00391355
6654,26.603677000000005,6.031672000000002,0.98448,0.152491,0.0132443,0.0054547,0.003658,0.00267243,0.0022143,0.00183633
6656,26.243371,6.041454000000004,0.98513,0.0751111,0.0056351,0.00230859,0.00155039,0.00113316,0.000938989,0.000778735
6659,25.507548,5.1327929999999995,0.98541,0.0713115,0.00596513,0.00247436,0.00166205,0.00121478,0.00100663,0.000834829
6660,25.508812,5.1352959999999985,0.98541,0.168704,0.0149191,0.00620302,0.00412525,0.00299076,0.00246898,0.00204211
6664,26.520197,5.3017670000000034,0.98593,0.126009,0.0108498,0.00410526,0.00274271,0.00200326,0.00165987,0.00137656
6665,25.949223000000003,6.814535000000002,0.98595,0.0574449,0.00483751,0.00200595,0.00134742,0.000984821,0.000816073,0.000676797
6666,26.501196,6.846614000000002,0.98603,0.322701,0.0273972,0.0113595,0.00762999,0.00557668,0.00462112,0.00383245
6667,26.104743,6.9036949999999955,0.98667,0.0972293,0.00834784,0.00346633,0.00232839,0.0017018,0.0014102,0.00116953
6668,24.871978,5.528096999999994,0.98679,0.0880392,0.0075647,0.00314117,0.00210997,0.00154216,0.00127791,0.00105982
6669,26.322509,5.117488000000003,0.98707,0.0574421,0.00666263,0.00194468,0.00122706,0.000884263,0.000730903,0.000605625
6670,25.368431,5.060982000000006,0.98722,0.0974888,0.00811564,0.00335977,0.00225663,0.00164934,0.00136673,0.00113347
6671,26.294655,6.726176999999999,0.98728,2.60028,0.186125,0.0769332,0.0516758,0.0377694,0.0312977,0.0259562
6672,26.295027,6.726094000000002,0.98728,0.0660011,0.00564831,0.00234538,0.00157542,0.00115147,0.000954163,0.00079132
6673,26.026511,5.1444339999999995,0.98777,0.108736,0.0117836,0.00325222,0.0021054,0.00153077,0.00126767,0.00105114
6674,26.566003,6.3199520000000025,0.98785,0.096394,0.0126937,0.00496879,0.00287082,0.00187544,0.00147998,0.001188
6676,24.822022,5.513672999999995,0.98797,0.0780627,0.00670652,0.0027718,0.00186139,0.00136043,0.00112732,0.000934924
6677,24.822292,5.51667,0.98797,0.0533922,0.00454443,0.00188572,0.00126666,0.000925791,0.000767157,0.000636229
6678,25.268068,6.907188000000003,0.98802,0.0653966,0.00561203,0.0023303,0.0015653,0.00114407,0.000948031,0.000786234
6682,26.094882,5.097326,0.98862,0.0722059,0.00619914,0.00256642,0.00172369,0.00125982,0.00104395,0.00086578
6684,26.899414,5.9327269999999945,0.98883,0.0859639,0.00714582,0.00289756,0.00194335,0.00142002,0.00117666,0.00097583
6686,26.149223,7.065816000000001,0.98959,0.0819189,0.0070666,0.00291924,0.00196069,0.00143304,0.00118749,0.000984827
6687,26.145581,7.061634999999995,0.98959,0.0829645,0.00744148,0.00295433,0.00197288,0.00144031,0.00119329,0.000989581
6688,25.730042,6.976678999999996,0.98965,0.067246,0.00597172,0.00227643,0.00150584,0.00109556,0.000906806,0.000751645
6690,26.515663,6.772849999999996,0.99042,0.110867,0.00970051,0.00393887,0.00263918,0.00192805,0.00159756,0.00132488
6692,26.181675,5.2194170000000035,0.99061,0.326816,0.0278307,0.0115549,0.00776162,0.00567292,0.00470087,0.00389859
6693,26.614481,6.642905000000005,0.99082,0.0612368,0.00500045,0.00207632,0.00139469,0.00101937,0.000844703,0.000700541
6694,26.615904,6.648335,0.99082,3.12805,0.284171,0.114561,0.0757224,0.0549305,0.0454072,0.0376066
6696,26.07062,6.0404040000000006,0.99119,0.231299,0.0193536,0.00802298,0.00538911,0.00393887,0.00326394,0.0027069
6697,26.025145,5.943739,0.9913,0.0795872,0.00929124,0.00539019,0.00369337,0.00249209,0.0018997,0.00142587
6698,26.033991,5.9447259999999975,0.9913,0.210989,0.0181264,0.007521,0.00505192,0.00369241,0.00305972,0.00253753
6705,27.078948,5.690181000000005,0.99333,0.0984354,0.00741758,0.00307118,0.00206294,0.00150779,0.00124943,0.00103619
6707,26.601423,5.512035999999998,0.99339,0.515817,0.0518745,0.0185846,0.0122056,0.00888298,0.00735621,0.00609958
6708,26.608407,5.505869999999994,0.99339,0.0550205,0.00469802,0.00193715,0.00130083,0.000950733,0.000787823,0.000653367
6710,26.753562,4.831167000000001,0.99358,0.0564874,0.0048671,0.00199461,0.00133947,0.000978996,0.000811245,0.000672793
6712,25.452759,6.472905000000003,0.99422,0.728526,0.0624963,0.0259499,0.0174309,0.0127401,0.0105571,0.00875538
6717,27.072934,5.749155000000004,0.99498,0.161518,0.0144315,0.00567434,0.00379759,0.00277435,0.00229885,0.00190649
6718,27.066203,5.756990999999996,0.99498,0.432145,0.0367244,0.0150259,0.0100819,0.0073673,0.00610472,0.00506279
6720,26.302074,4.860759000000002,0.9952,0.112348,0.0097816,0.00404246,0.00270556,0.00197419,0.00163508,0.00135568
6724,26.987444000000004,5.696430999999999,0.99544,0.249617,0.0226048,0.0090957,0.00602513,0.00438078,0.00362515,0.00300454
6725,26.9885,5.702851000000003,0.99544,0.0674006,0.00927349,0.00363923,0.00208839,0.00134764,0.0010542,0.000839495
6726,26.988330000000005,5.699663000000005,0.99544,0.0885935,0.0108457,0.00354366,0.00216657,0.00153394,0.00126162,0.00104299
6727,27.011411,5.734722999999998,0.99547,0.0600606,0.00506367,0.00210259,0.00141234,0.00103227,0.00085539,0.000709404
6729,26.137601,7.126358999999994,0.99603,0.05946,0.0212539,0.0115851,0.00655646,0.00363617,0.00243022,0.00159186
6734,26.400472,5.289978999999995,0.99621,0.338077,0.0290099,0.0120431,0.00808949,0.00591255,0.00489944,0.00406327
6735,26.939611,5.420044999999994,0.99637,0.184244,0.014878,0.00617745,0.00414948,0.00303283,0.00251316,0.00208424
6738,25.444095,6.165829999999998,0.99646,0.0726441,0.00623851,0.00250772,0.00168356,0.00123047,0.00101963,0.000845613
6740,26.908975,5.853506,0.99681,0.0929728,0.00799934,0.00332139,0.00223102,0.00163064,0.00135123,0.00112062
6741,26.91237,5.853641,0.99681,0.162345,0.0137557,0.00570668,0.00383324,0.00280169,0.00232162,0.0019254
6742,26.268753,4.9627940000000015,0.99694,0.123841,0.0106155,0.00440798,0.0029609,0.0021641,0.00179329,0.00148723
6743,26.507419,5.387131,0.99722,0.0728324,0.00598644,0.00248579,0.00166974,0.00122041,0.00101129,0.000838697
6747,26.889192,5.758358999999998,0.99735,0.082323,0.00707652,0.00291237,0.00195562,0.0014293,0.00118439,0.000982253
6748,25.39785,6.446763999999996,0.99744,0.0691202,0.0105163,0.00398753,0.00222376,0.00140388,0.00108668,0.000858691
6749,25.403259,6.449346999999994,0.99744,0.0556169,0.00484432,0.00195937,0.00131468,0.000960791,0.000796153,0.000660276
6750,25.592538,6.568666999999995,0.99751,0.0905357,0.00781115,0.00323741,0.00217413,0.00158899,0.00131671,0.00109199
6751,25.594437,6.565301999999997,0.99751,0.136379,0.0116068,0.00480295,0.00322609,0.00235793,0.0019539,0.00162043
6756,25.452726,6.296796999999996,0.99767,0.132775,0.0113013,0.00468883,0.00314952,0.00230196,0.00190752,0.00158197
6758,25.456315,6.452744999999995,0.99791,0.464562,0.0401341,0.0166117,0.0111555,0.0081532,0.00675613,0.00560308
6759,24.819973,7.013187000000003,0.99798,0.0501923,0.00471823,0.00180566,0.0011961,0.000871659,0.000721953,0.000598646
6760,27.015899,5.048063999999995,0.99815,0.0558498,0.00518385,0.002009,0.00133057,0.000969004,0.000802392,0.00066527
6761,25.655028000000005,6.843548000000003,0.9984,0.0984258,0.00844782,0.003499,0.00235007,0.00171763,0.00142331,0.0011804
6762,25.523321,6.669745000000002,0.99856,0.0607839,0.00523641,0.00215999,0.00145052,0.00106015,0.000878492,0.000728563
6763,26.687237,6.189136000000003,0.99867,0.0728906,0.00631948,0.00260656,0.00174965,0.00127867,0.00105955,0.00087872
6764,25.192032,5.513264999999998,0.99889,0.202949,0.0166108,0.00689457,0.00463118,0.0033849,0.0028049,0.0023262
6766,24.965438000000002,6.341745000000004,0.99891,0.208406,0.0174884,0.00712413,0.00478289,0.00349563,0.00289665,0.00240229
6767,25.900937,6.934869000000004,0.99914,0.053057,0.00442828,0.00183878,0.00123514,0.000902754,0.000748067,0.000620397
6768,25.013892,6.331805,0.99915,0.0598514,0.00514499,0.00212082,0.00142439,0.00104107,0.00086268,0.00071545
6769,25.014083,6.333087999999997,0.99915,0.0677526,0.00567841,0.00235767,0.00158368,0.0011575,0.000959163,0.000795466
6770,25.963522,7.145187999999994,0.99934,0.0619624,0.00474778,0.00197111,0.00132402,0.000967718,0.0008019,0.000665043
6771,25.970314,7.146150999999997,0.99934,0.0560638,0.00506737,0.00203896,0.00135208,0.00098365,0.000814136,0.000674826
6773,25.594909,6.8343609999999995,0.99943,0.181629,0.015419,0.00640193,0.00430027,0.00314304,0.00260448,0.00215998
6774,25.974667,5.077375000000004,0.99972,0.163216,0.0143266,0.0058224,0.00390359,0.00285234,0.00236352,0.00196013
6775,25.971331,5.074537999999995,0.99972,0.0190465,0.0564146,0.0361472,0.0196763,0.00979349,0.00582996,0.00321895
6776,25.970507,5.0760650000000025,0.99972,0.056834,0.00488525,0.00202746,0.00136187,0.000995384,0.000824826,0.000684056
6777,27.016828,6.167849000000004,0.99977,0.604626,0.0520978,0.0213596,0.0143401,0.0104805,0.00868463,0.00720245
6783,25.07781,5.629436999999994,1.00036,0.242562,0.0208122,0.00864051,0.00580395,0.00424207,0.00351519,0.00291527
6784,25.708859000000004,6.457677000000006,1.00037,0.126626,0.00953695,0.00392268,0.00263438,0.00192541,0.00159549,0.0013232
6785,25.710655,6.4609450000000015,1.00037,1.37198,0.0946156,0.0385126,0.0258638,0.0189035,0.0156644,0.012991
6786,26.908009000000003,5.6056089999999985,1.00054,0.0938142,0.00810121,0.00327238,0.00219529,0.0016043,0.00132938,0.0011025
6787,26.905156,5.6046230000000055,1.00054,0.18874,0.016244,0.0067452,0.00453085,0.00331157,0.00274413,0.0022758
6788,26.841354,5.288733999999995,1.00074,0.109867,0.0163829,0.00604364,0.00339988,0.00217433,0.00169508,0.00134646
6789,26.839516,5.288675999999995,1.00074,0.0606255,0.00521208,0.00216428,0.00145378,0.00106256,0.000880489,0.000730219
6790,25.773589,6.905898999999995,1.00089,0.107348,0.00909713,0.00377722,0.00253721,0.00185443,0.00153667,0.00127442
6802,26.092599,5.261438999999994,1.00199,0.0628418,0.00540968,0.00224626,0.00150884,0.0011028,0.00091384,0.000757878
6803,24.80367,6.461380000000004,1.002,0.0918976,0.00740176,0.00307251,0.00206385,0.00150846,0.00124998,0.00103665
6804,24.800775,6.467021000000006,1.002,0.0503179,0.00387947,0.0016092,0.00108092,0.000790038,0.000654665,0.000542936
6805,24.801104,6.464431999999999,1.002,0.358992,0.0301168,0.0125057,0.00840025,0.00613969,0.00508765,0.00421936
6806,26.800890000000003,5.027908999999994,1.00209,0.0546153,0.00469649,0.00195018,0.00130997,0.000957446,0.000793388,0.000657984
6807,26.802752000000005,5.033294000000002,1.00209,0.0868714,0.00745903,0.00309616,0.00207973,0.00152006,0.0012596,0.00104463
6808,26.93546,5.922086000000005,1.00216,0.0672176,0.00473948,0.00194716,0.00130789,0.000955927,0.00079213,0.00065694
6809,26.934661,5.9197809999999995,1.00216,0.282928,0.0489485,0.0246616,0.0140416,0.00823043,0.00591263,0.00431173
6810,25.375819,6.181431999999998,1.00217,0.050655,0.00441151,0.00182205,0.0012196,0.000889967,0.000737108,0.00061115
6811,25.374339,6.181424000000004,1.00217,0.0650609,0.0056007,0.00232563,0.00156216,0.00114177,0.000946129,0.000784657
6812,26.459595,6.621662000000002,1.00219,0.661776,0.0645948,0.0242212,0.0158382,0.0114868,0.00950271,0.00787562
6813,25.574716,6.122185000000002,1.00222,0.272825,0.0224653,0.00910466,0.00611461,0.0044691,0.00370333,0.00307129
6814,25.573311,6.120216000000003,1.00222,0.530782,0.0461547,0.0188232,0.0126174,0.00921797,0.0076379,0.00633419
6815,25.577227,6.118798000000006,1.00222,0.671779,0.0531203,0.0214406,0.0143909,0.0105175,0.0087153,0.00722788
6816,25.801653,6.77029,1.00239,0.0727009,0.0066197,0.00238962,0.00158935,0.00116008,0.000961145,0.000797076
6817,25.793138,6.771620999999996,1.00239,3.21302,0.225534,0.0924636,0.0621003,0.0453884,0.0376111,0.0311921
6818,26.667567,5.498955000000004,1.00245,0.0543447,0.00465955,0.00191844,0.0012881,0.000941414,0.000780099,0.000646961
6819,26.67068,5.497909999999994,1.00245,0.273234,0.0220082,0.00909045,0.00610606,0.00446288,0.00369817,0.00306701
6822,26.91067,6.635579999999997,1.00278,0.378309,0.0318775,0.0131965,0.00886388,0.00647853,0.00536844,0.00445223
6823,27.181108,5.831984000000001,1.00314,0.0540001,0.00347628,0.00143605,0.00096461,0.000705027,0.000584221,0.000484514
6824,25.529174,6.044482999999997,1.00336,0.148832,0.0127944,0.00530039,0.00356004,0.00260199,0.00215614,0.00178816
6825,25.520295,6.045775000000004,1.00336,0.107919,0.00965189,0.00381335,0.00253837,0.00185066,0.0015327,0.00127082
6826,25.523026,6.045389000000005,1.00336,0.0747575,0.0119349,0.00771481,0.00514112,0.0032888,0.00239726,0.00170669
6827,26.59326,5.2682780000000005,1.00344,0.175959,0.0139436,0.00573105,0.00384867,0.0028129,0.00233091,0.0019331
6828,26.59652,5.270055000000005,1.00344,2.93285,0.248869,0.103246,0.0693515,0.0506886,0.0420031,0.0348346
6829,27.127637,5.613320000000005,1.00371,0.0598588,0.00676994,0.0029912,0.00188714,0.00127595,0.0010065,0.000797964
6830,26.971032,5.998251000000001,1.00374,11.3168,0.984218,0.398303,0.266797,0.194887,0.161477,0.133913
6831,25.39702,6.040318000000004,1.00444,0.0610674,0.00494161,0.00205125,0.00137785,0.00100706,0.000834504,0.000692083
6832,25.395674,6.044096999999997,1.00444,0.0876477,0.00749878,0.00311378,0.00209157,0.00152872,0.00126677,0.00105058
6833,25.398347,6.040058000000006,1.00444,0.154815,0.013298,0.00551922,0.00370731,0.00270965,0.00224535,0.00186215
6834,24.911392000000003,5.678832999999994,1.00458,0.0832503,0.00690999,0.00285275,0.00191619,0.00140053,0.00116055,0.000962485
6835,25.73452,6.959586000000004,1.00464,0.309338,0.0266513,0.0110623,0.00743065,0.00543101,0.00450041,0.00373234
6836,25.217969,5.352295000000002,1.00489,0.283529,0.0242585,0.0100667,0.00676192,0.00494224,0.00409539,0.00339645
6837,26.273036,5.235710000000001,1.0049,0.0782149,0.00704066,0.00283677,0.00188408,0.00137154,0.00113536,0.00094115
6838,26.288448,5.238420000000004,1.0049,0.327874,0.0281554,0.0115737,0.00776786,0.00567664,0.00470384,0.00390102
6839,26.124654,5.451136000000005,1.0049,0.101359,0.00861678,0.00357727,0.0024029,0.00175627,0.00145533,0.00120695
6840,26.122027,5.450141000000002,1.0049,0.164228,0.0141573,0.00586148,0.00393705,0.00287756,0.00238449,0.00197754
6841,25.833322,6.2971520000000005,1.00495,0.0589401,0.00486297,0.00201223,0.00135158,0.000987855,0.000818587,0.000678882
6842,25.832354,6.2845590000000024,1.00495,0.101435,0.00942447,0.00428721,0.00286724,0.0020273,0.00163456,0.0013182
6844,27.074933,5.576440000000003,1.00538,0.116831,0.00937806,0.0038815,0.00260719,0.00190558,0.00157906,0.00130957
6845,26.570776,5.525513999999997,1.00576,0.0886021,0.00759411,0.00313514,0.002105,0.00153841,0.00127479,0.00105722
6846,26.553615,5.121923999999999,1.00586,0.0568803,0.00406619,0.00168493,0.00113179,0.000827215,0.000685473,0.000568486
6847,26.559227000000003,5.128508999999994,1.00586,4.65263,0.390704,0.161982,0.108805,0.079525,0.0658985,0.0546518
6850,25.344286000000004,5.441981000000001,1.00596,0.0523175,0.00494216,0.00201715,0.00130711,0.000934166,0.000767537,0.000633267
6851,25.343457,5.438720999999998,1.00596,0.0859636,0.00736253,0.00305696,0.0020534,0.00150082,0.00124366,0.00103141
6852,25.34322,5.441764999999999,1.00596,0.0815099,0.00684845,0.00281086,0.00188715,0.00137922,0.00114289,0.000947831
6854,25.787909,6.617579000000003,1.00629,0.167889,0.0131609,0.00546471,0.00367073,0.00268291,0.00222319,0.00184377
6855,25.792412000000002,6.613309000000001,1.00629,0.0510821,0.00630196,0.00217974,0.00130151,0.000889518,0.000718346,0.000586083
6856,25.790276,6.613229000000003,1.00629,0.0561101,0.00481514,0.00199931,0.00134296,0.000981564,0.000813374,0.000674558
6857,24.834539,6.059250000000003,1.00633,0.0928051,0.0106212,0.00375505,0.00231344,0.00163446,0.00134238,0.00110876
6860,25.410513,5.9897719999999985,1.00681,0.0768467,0.00964262,0.00320187,0.00191905,0.00133541,0.00109078,0.000898078
6861,25.299055,6.172710000000001,1.00716,0.543492,0.041331,0.0170917,0.0114803,0.00839084,0.00695307,0.00576642
6862,26.191934,5.189144999999999,1.00721,0.085545,0.0072304,0.00300086,0.00201571,0.00147327,0.00122083,0.00101247
6864,26.105598,7.189441999999993,1.00756,0.0749563,0.00999442,0.00373301,0.00213148,0.00140761,0.00112336,0.000911391
6866,26.577675,5.340639999999998,1.00778,0.138705,0.0119428,0.0049584,0.00333062,0.00243433,0.00201721,0.00167294
6867,26.576212,5.339410000000006,1.00778,0.0547402,0.00470145,0.00195224,0.00131135,0.000958454,0.000794224,0.000658677
6868,26.439016,5.142717000000004,1.00788,0.0847639,0.0120622,0.00299804,0.0016305,0.00108257,0.000869804,0.000709078
6870,24.977701,5.592139000000006,1.00812,0.116111,0.00984596,0.00408838,0.00274622,0.0020072,0.00166326,0.0013794
6872,26.197616,5.348396000000005,1.00889,0.0659012,0.00577812,0.00230988,0.00154797,0.00113107,0.000937233,0.000777273
6873,26.195336,5.355664000000003,1.00889,0.0579189,0.00494187,0.00205177,0.0013782,0.00100732,0.000834717,0.000692259
6874,25.948578,4.817422999999994,1.00922,0.0690291,0.00576814,0.00236806,0.00158965,0.00116175,0.000962669,0.00079837
6875,26.004068,6.942700000000003,1.00938,0.23866,0.0455708,0.0248302,0.0149497,0.00898601,0.00641341,0.00454777
6876,25.982297,6.640642000000001,1.0096,0.150795,0.0130199,0.00538353,0.00361373,0.00264077,0.00218818,0.0018147
6877,25.958776,4.844668000000001,1.00971,0.0571226,0.00483591,0.00200561,0.00134718,0.000984643,0.000815925,0.000676674
6878,25.955544,4.847213000000001,1.00971,0.0559733,0.00413983,0.00171619,0.00115279,0.000842565,0.000698192,0.000579035
6879,25.954534,4.851664000000006,1.00971,0.121799,0.0120476,0.00441602,0.00290181,0.00211141,0.00174838,0.00144967
6882,27.064461,5.388747000000003,1.00987,0.166781,0.0143036,0.00593942,0.00398959,0.00291597,0.00241632,0.00200393
6883,25.881551,6.620629000000002,1.00994,2.71648,0.232228,0.0950934,0.06384,0.0466575,0.0386625,0.0320641
6884,27.027293,5.346980999999994,1.01038,0.269248,0.0231768,0.00962397,0.00646456,0.0047249,0.00391529,0.00324709
6885,26.849935,5.339364999999994,1.01069,0.0659286,0.00566077,0.00234423,0.00157455,0.00115083,0.000953633,0.00079088
6886,26.053996,5.409581000000004,1.01079,0.100464,0.0041219,0.00169959,0.00114162,0.000834403,0.000691429,0.000573425
6887,25.422102,4.8117690000000035,1.01092,0.0640591,0.00547642,0.00227367,0.00152726,0.00111626,0.000924992,0.000767127
6888,25.41042,4.8085309999999994,1.01092,0.0641457,0.0051162,0.00212434,0.00142695,0.00104295,0.00086424,0.000716743
6889,26.107629,6.499681000000001,1.01137,0.0649155,0.00559901,0.00231656,0.00155595,0.00113723,0.000942365,0.000781535
6890,26.105727,6.503559999999996,1.01137,0.058975,0.00469613,0.00194997,0.00130983,0.000957343,0.000793303,0.000657913
6891,26.226835,5.3991660000000055,1.01149,3.35622,0.28828,0.118924,0.0798787,0.0583827,0.0483789,0.0401222
6894,26.132019,6.602071999999996,1.01158,0.0733411,0.00626887,0.00260301,0.00174848,0.00127795,0.00105897,0.000878244
6895,26.129837,6.601051000000004,1.01158,0.0724714,0.00624524,0.00259057,0.00173999,0.00127174,0.00105382,0.000873972
6896,26.3194,6.743521000000005,1.01164,0.084475,0.00734418,0.00293741,0.00196321,0.00143314,0.00118727,0.00098454
6897,26.311199,6.746099999999998,1.01164,0.119677,0.0101359,0.0042048,0.00282437,0.00206431,0.00171059,0.00141865
6898,26.978537,6.957521999999997,1.01169,0.130425,0.0110484,0.00458401,0.0030791,0.00225049,0.00186487,0.0015466
6899,25.771932,5.418323999999995,1.01177,0.0594744,0.00697494,0.00257305,0.00156077,0.00107396,0.000869585,0.000710826
6900,25.771561,5.425817999999996,1.01177,0.152846,0.0152287,0.00516419,0.00334444,0.00242121,0.00200231,0.00165923
6901,26.359564,5.228987999999998,1.01188,1.12663,0.0926311,0.0381856,0.0256488,0.0187466,0.0155343,0.0128832
6902,26.165015,6.551877999999996,1.01204,0.0660905,0.00582026,0.00235687,0.00157869,0.00115329,0.000955607,0.000792501
6903,26.158553,6.549357000000001,1.01204,0.109504,0.00935855,0.00388588,0.0026102,0.00190778,0.00158088,0.00131108
6904,27.000545,5.202304999999999,1.01211,0.0722312,0.00661045,0.00212608,0.00140093,0.00102112,0.000845858,0.000701431
6905,27.001453,5.207290000000003,1.01211,0.0624576,0.00512571,0.00212641,0.00142834,0.00104396,0.00086508,0.00071744
6906,26.994239,5.200691000000004,1.01211,0.0676764,0.00462896,0.00192108,0.00129042,0.000943157,0.000781547,0.000648164
6907,26.994744000000004,5.192913,1.01211,0.0527526,0.00447713,0.00182981,0.00122867,0.000898002,0.000744128,0.000617131
6908,26.993244,5.204992000000001,1.01211,0.111029,0.00944429,0.00389909,0.0026189,0.00191413,0.00158615,0.00131545
6909,26.994052,5.188930000000001,1.01211,0.32297,0.0280436,0.0110487,0.00741126,0.00541633,0.00448822,0.00372223
6911,26.169049000000005,5.132536000000001,1.01251,0.0711632,0.00661349,0.00260302,0.00171406,0.00124363,0.00102852,0.000852184
6914,25.892012000000005,5.425756000000005,1.01275,0.082976,0.00698367,0.00289017,0.00194134,0.00141891,0.00117578,0.000975118
6916,25.979624,6.562526,1.0132,0.0716405,0.00617721,0.00255974,0.00171932,0.00125663,0.00104131,0.000863592
6921,26.945969,5.153715999999997,1.014,0.0620621,0.00525965,0.00218281,0.00146622,0.00107165,0.000888025,0.000736469
6922,26.955534,5.142936999999995,1.014,0.0535294,0.0067921,0.001848,0.00107792,0.000745507,0.000608019,0.000500139
6931,26.812118,4.936810999999996,1.01517,0.0552693,0.00470828,0.00194845,0.00130878,0.000956575,0.000792666,0.000657385
6932,26.813622,4.937736000000003,1.01517,0.0560499,0.00446858,0.00185011,0.00124274,0.000908309,0.000752671,0.000624215
6933,26.816589,5.086774999999998,1.01575,0.083766,0.00718346,0.00298223,0.0020032,0.00146413,0.00121325,0.00100619
6941,26.885789,5.211579000000003,1.01654,0.156824,0.0132865,0.00551681,0.00370572,0.00270849,0.00224439,0.00186135
6943,25.574781,5.307624999999999,1.01656,0.153463,0.014003,0.00557695,0.00369612,0.00269071,0.00222775,0.00184693
6944,25.58465,5.308994999999996,1.01656,0.100361,0.00862756,0.00357467,0.00240104,0.0017549,0.0014542,0.00120601
6946,25.65526,5.498829000000002,1.01736,0.0513264,0.00440219,0.00182774,0.00122772,0.000897331,0.000743574,0.000616671
6947,25.741328,5.402408,1.01774,0.129188,0.0111155,0.00461493,0.00309992,0.00226571,0.00187748,0.00155706
6948,26.000374,4.9924199999999965,1.01816,0.110074,0.00946238,0.00392916,0.00263928,0.00192903,0.00159849,0.00132568
6951,24.89398,5.866931000000006,1.01831,0.5329,0.0424132,0.0175847,0.0118118,0.00863319,0.0071539,0.00593297
6952,25.938393,5.007161000000002,1.01833,0.596935,0.0629832,0.0232177,0.0146697,0.0104149,0.00854763,0.00705027
6953,25.947853,5.012616999999998,1.01833,3.73454,0.321008,0.132813,0.0891829,0.0651789,0.0540099,0.044792
6954,26.60919,5.6573290000000025,1.01854,0.138999,0.0119554,0.00496378,0.00333424,0.00243697,0.0020194,0.00167476
6956,25.869329,5.0393880000000015,1.01886,0.155471,0.012726,0.00524213,0.00352109,0.00257354,0.00213256,0.00176861
6957,25.869747,5.042693999999996,1.01886,0.181488,0.0153849,0.00638817,0.00429103,0.00313628,0.00259888,0.00215534
6958,25.868406,5.031926,1.01886,0.632868,0.0534053,0.0221761,0.014896,0.0108874,0.00902183,0.00748211
6960,25.596089,5.831547000000004,1.01974,0.244097,0.0209417,0.00867299,0.00582531,0.00425765,0.0035281,0.00292597
6963,25.580399,5.717234000000005,1.0203,0.425874,0.0365715,0.0151708,0.0101902,0.00744795,0.00617175,0.00511844
6964,25.596857,5.975783000000002,1.02079,0.190059,0.0162872,0.006757,0.00453873,0.00331733,0.00274891,0.00227976
6965,26.804302,5.112843999999999,1.02098,0.199695,0.0171309,0.00711332,0.00477812,0.0034923,0.0028939,0.00240001
6967,25.289028000000002,6.5905009999999935,1.0212,0.0994732,0.0085555,0.00355225,0.00238609,0.00174398,0.00144515,0.00119851
6968,25.000409,5.057593999999994,1.02131,0.102826,0.00895051,0.00365584,0.00244841,0.001788,0.00148133,0.00122841
6969,25.000968,5.063568000000002,1.02131,0.0741278,0.00636096,0.0026318,0.00176776,0.00129204,0.00107065,0.000887925
6970,25.656493,6.061732999999999,1.02132,0.605294,0.063577,0.0231521,0.0147267,0.01055,0.00869707,0.00719564
6971,25.140924000000002,6.007110000000005,1.02142,0.159098,0.0137934,0.00541056,0.00361414,0.00263869,0.00218615,0.00181293
6972,26.420375,4.938534000000002,1.02151,0.587028,0.0494012,0.0204606,0.0137432,0.0100448,0.00832364,0.00690307
6977,25.059473000000004,5.888066000000002,1.02245,0.187449,0.0159902,0.00662684,0.00445114,0.0032533,0.00269585,0.00223576
6981,25.706102,6.082908000000001,1.02304,0.139303,0.0114364,0.00474636,0.0031882,0.00233023,0.00193095,0.0016014
6982,25.197622,6.741720999999999,1.02354,0.0834318,0.00748863,0.00301945,0.00200737,0.00146199,0.00121041,0.00100344
6984,26.208822,5.558799999999998,1.02443,0.103298,0.0088398,0.00366523,0.00246187,0.00179936,0.00149104,0.00123657
6985,25.814261,4.891712000000002,1.02445,0.0699351,0.00601053,0.00249579,0.00167646,0.00122531,0.00101536,0.000842068
6986,26.55181,6.395918000000001,1.02455,0.0596657,0.00546456,0.00212737,0.00141046,0.00102717,0.000850484,0.000705101
6987,26.623384,6.264823000000004,1.02486,0.0865042,0.0301984,0.0156936,0.00867436,0.00473928,0.00315363,0.00206929
6988,26.867912000000004,4.8007369999999945,1.02574,0.0807573,0.00671049,0.00278635,0.00187163,0.00136796,0.00113356,0.000940102
6991,25.249466,5.929638999999997,1.02614,1.29369,0.111062,0.0461096,0.0309725,0.0226376,0.0187586,0.0155572
6992,26.490381,4.873768000000004,1.02658,0.0520392,0.00443374,0.00182979,0.00122875,0.000898056,0.000744171,0.000617166
6993,26.488265,4.873830999999998,1.02658,0.0648459,0.00503823,0.00198582,0.00133303,0.000974277,0.000807334,0.000669549
6994,26.495431,4.877601999999998,1.02658,0.693061,0.0580131,0.0238643,0.0160277,0.0117145,0.00970719,0.0080505
6998,25.828164,5.435775999999995,1.02682,0.0505859,0.00429246,0.0017824,0.00119726,0.000875073,0.00072513,0.000601375
6999,25.823267,5.440296999999997,1.02682,0.0661275,0.00611084,0.00231231,0.00152887,0.0011129,0.000921415,0.000763895
7000,25.823731,5.437814,1.02682,0.241144,0.0346897,0.0112251,0.00636198,0.00420354,0.00334778,0.00270659
7005,25.294891,6.687449000000006,1.02749,0.0956551,0.0078285,0.00324979,0.00218293,0.00159549,0.0013221,0.00109646
7006,25.298201,6.6749359999999935,1.02749,0.251309,0.0216108,0.00896823,0.00602404,0.00440293,0.00364849,0.00302582
7007,25.875503,6.3128860000000016,1.02786,0.0659776,0.00570699,0.00235583,0.00158088,0.00115515,0.000957161,0.000793787
7008,25.884536,6.3257549999999965,1.02786,0.066494,0.00576163,0.0023737,0.00159351,0.00116459,0.000965033,0.000800332
7012,25.370128000000005,6.371825,1.02814,0.117368,0.0102486,0.0041554,0.00278359,0.00203339,0.00168481,0.00139722
7013,25.551575,5.523721999999998,1.02829,0.0633939,0.00493041,0.00204109,0.00137101,0.00100206,0.00083036,0.000688646
7014,25.659825,5.2221049999999964,1.02874,0.208107,0.0179616,0.00740064,0.00496903,0.00363165,0.00300935,0.00249576
7015,25.07539,5.969445999999995,1.02888,0.0605472,0.00513981,0.00212836,0.00142961,0.00104489,0.00086585,0.000718078
7016,26.738395000000004,7.163820000000003,1.02961,0.0667349,0.00566387,0.00235184,0.00157976,0.00115464,0.000956793,0.0007935
7017,26.735832,7.164435999999996,1.02961,0.0765596,0.00650233,0.00269989,0.00181356,0.00132552,0.00109839,0.000910931
7025,25.308752,6.306950999999994,1.03001,0.0661896,0.0056827,0.00235947,0.00158489,0.00115839,0.000959898,0.000796076
7026,26.018406,5.982351000000006,1.03015,0.052908,0.00432916,0.00177244,0.00118998,0.000869702,0.000720675,0.000597679
7027,26.01027,5.986646000000004,1.03015,2.2079,0.189664,0.0786138,0.052803,0.0385931,0.0319802,0.0265223
7030,26.436802,6.9274919999999955,1.03041,0.100488,0.0084957,0.00352776,0.00236965,0.00173196,0.00143519,0.00119025
7034,25.183091,6.105332000000004,1.03074,0.0655247,0.0129607,0.00517382,0.00279192,0.00164285,0.00120288,0.000898904
7036,26.726522,7.156214000000004,1.03109,0.0776918,0.00711905,0.00275254,0.00183189,0.00133651,0.00110719,0.000918143
7037,26.72314,7.155635000000005,1.03109,0.316884,0.0266783,0.0110743,0.00743878,0.00543695,0.00450533,0.00373643
7038,26.718132,7.153118000000001,1.03109,0.124038,0.0106659,0.00442789,0.00297428,0.00217388,0.00180139,0.00149395
7039,27.160431,5.580362000000003,1.03133,0.10965,0.010215,0.00429026,0.00280859,0.0020023,0.00163751,0.00134395
7043,26.942887,5.595157000000006,1.03159,0.0883626,0.00760793,0.00315909,0.00212201,0.00155096,0.00128521,0.00106586
7044,26.103572,7.191075,1.03168,0.0815265,0.00675666,0.00279419,0.00187682,0.00137175,0.0011367,0.000942704
7048,26.18397,6.056239999999997,1.032,0.0678885,0.0057999,0.0024061,0.00161621,0.00118127,0.000978864,0.000811805
7049,26.181912,6.056657000000005,1.032,0.127419,0.0116386,0.00452487,0.00298876,0.00217124,0.00179611,0.00148826
7050,25.951666,6.155236000000003,1.03205,0.779689,0.0662996,0.0275148,0.0184821,0.0135084,0.0111938,0.00928338
7052,25.082588,6.4303509999999955,1.03253,0.249394,0.0202847,0.0083266,0.00559093,0.0040862,0.00338601,0.00280813
7053,26.957195,5.065908000000006,1.03277,0.128128,0.0101788,0.00422457,0.00283771,0.00207406,0.00171867,0.00142535
7054,27.138511,5.564181999999994,1.03282,0.0628787,0.0138326,0.00528809,0.00277614,0.00159585,0.00115281,0.000851346
7055,26.222044,6.112449999999995,1.03296,0.173632,0.0152942,0.00620235,0.00415709,0.00303745,0.00251689,0.00208733
7057,24.91639,6.309876999999999,1.03326,0.0528951,0.00434593,0.00180083,0.00120963,0.000884109,0.000732618,0.000607585
7058,24.911829,6.312080999999999,1.03326,0.641486,0.0561807,0.0230972,0.0154399,0.0112608,0.00932502,0.00773074
7059,25.275515,6.171637999999999,1.0333,0.0828901,0.00715593,0.00294421,0.00197612,0.00144413,0.00119666,0.000992423
7060,26.727989,5.572496999999998,1.03337,0.0709973,0.0103963,0.00482966,0.00291805,0.00185351,0.00139843,0.00106044
7061,25.364836,7.013558999999998,1.03345,0.0639609,0.00549668,0.00227399,0.0015274,0.00111637,0.000925077,0.000767197
7062,24.806807000000003,6.447769000000001,1.03357,0.0558204,0.00447786,0.00185915,0.00124882,0.000912755,0.000756355,0.000627271
7063,25.356656,5.641419000000005,1.03363,0.0756497,0.00639253,0.0026543,0.00178293,0.00130313,0.00107984,0.000895549
7064,25.343599,7.069533000000003,1.03367,0.517392,0.0443543,0.0184036,0.0123619,0.00903524,0.00748706,0.00620927
7065,27.115594,5.546485000000005,1.03372,0.0957723,0.00823392,0.00341721,0.00229538,0.00167767,0.00139021,0.00115295
7066,26.587347,6.351329,1.03391,0.381654,0.0327029,0.0135694,0.00911474,0.0066619,0.00552039,0.00457825
7067,26.585478,6.3486389999999995,1.03391,0.230299,0.0198493,0.00823693,0.0055326,0.00404372,0.00335083,0.00277895
7068,25.312821,6.200336000000002,1.03401,0.293784,0.0250742,0.0104089,0.00699178,0.00511024,0.00423461,0.0035119
7069,25.262393,5.894882999999997,1.03447,0.105502,0.00906526,0.00376418,0.00252845,0.00184803,0.00153137,0.00127002
7070,26.171044000000002,6.392853999999997,1.03455,0.056247,0.00420864,0.00174413,0.00117155,0.000856281,0.000709558,0.00058846
7071,26.170134,6.383779999999995,1.03455,0.533078,0.0422768,0.0168675,0.0113054,0.00826034,0.00684462,0.00567639
7072,25.355979,6.239977999999995,1.03476,0.233405,0.0200168,0.00831177,0.00558314,0.00408068,0.00338146,0.00280436
7073,27.102854,6.402154000000002,1.03517,0.0814471,0.00500806,0.00202324,0.00135857,0.000992948,0.000822806,0.000682381
7074,27.102559,6.403335000000003,1.03517,0.057171,0.00855896,0.00403397,0.00240476,0.00150318,0.0011243,0.000847541
7075,25.532391,5.075641000000005,1.03522,0.0539501,0.00447673,0.00185353,0.00124503,0.000909985,0.00075406,0.000625367
7076,26.812194,5.595781000000005,1.03534,0.286954,0.0230022,0.0095449,0.00641144,0.00468608,0.00388312,0.0032204
7077,26.958663,5.528119000000005,1.03547,0.0535066,0.00451929,0.00187419,0.0012589,0.000920122,0.00076246,0.000632334
7079,26.986598000000004,6.8637069999999945,1.03558,27.9286,3.02956,1.31909,0.815543,0.549411,0.436602,0.350854
7080,26.931369,5.3966469999999935,1.0362,0.0590131,0.00490332,0.00203514,0.00136703,0.000999154,0.00082795,0.000686647
7081,26.931062,5.396730999999995,1.0362,3.96735,0.485213,0.165099,0.0995505,0.0693772,0.0566805,0.0466684
7082,25.539144,5.113203999999998,1.0363,0.394856,0.0326756,0.0135393,0.00909445,0.00664707,0.0055081,0.00456806
7083,26.889872,5.763373000000002,1.03636,0.0674051,0.00576508,0.00239391,0.00160802,0.00117529,0.000973908,0.000807695
7084,27.196094000000002,6.343100000000006,1.03682,0.0686881,0.00463087,0.00184448,0.00123836,0.000905086,0.000749999,0.000622
7085,27.199932,6.338222000000005,1.03682,0.238382,0.0244594,0.0133411,0.00977634,0.00723444,0.00586671,0.00466163
7086,26.126133,5.527253999999994,1.03707,0.0749605,0.00636103,0.0026409,0.00177393,0.00129655,0.00107439,0.000891028
7087,25.294084,6.041776000000006,1.03712,0.0530669,0.00456068,0.00189339,0.00127182,0.000929565,0.000770284,0.000638823
7088,25.293465,6.047915000000005,1.03712,0.417773,0.0357992,0.014865,0.00998506,0.00729801,0.0060475,0.0050154
7091,26.865727,5.286989000000005,1.03715,0.223027,0.0191909,0.00796863,0.00535264,0.00391221,0.00324186,0.00268858
7092,26.853716,5.293199000000005,1.03715,0.0755836,0.00639982,0.00265743,0.00178504,0.00130467,0.00108112,0.000896607
7097,26.204252,5.716430999999997,1.0375,0.0927079,0.00747299,0.00310271,0.00208413,0.00152328,0.00126227,0.00104684
7099,26.797993,5.679604000000002,1.03782,0.0544911,0.00515332,0.00115524,0.000717203,0.0005164,0.000426887,0.000353748
7100,25.180686,7.0009740000000065,1.03785,20.315,1.73122,0.718383,0.482543,0.352687,0.292254,0.242376
7102,26.543039,5.662819999999997,1.0379,0.0789973,0.00689847,0.00282194,0.00189269,0.00138303,0.00114602,0.000950422
7103,26.537867,5.666767999999998,1.0379,0.296491,0.0303652,0.0117424,0.00745681,0.00527532,0.00431675,0.00355152
7105,26.930087,5.271451999999994,1.03818,0.0537475,0.00422163,0.0015863,0.00106471,0.00077817,0.000644831,0.00053478
7106,26.929184,6.421292000000002,1.03931,0.372252,0.036078,0.0127692,0.00846814,0.00617877,0.00511906,0.0042452
7109,25.691574000000003,5.224678000000004,1.04042,1.01594,0.07807,0.0324064,0.0217678,0.01591,0.0131838,0.0109338
7110,26.23155,5.374248,1.0408,0.443094,0.0388121,0.0156264,0.0104873,0.00766463,0.00635128,0.00526733
7111,26.45011,6.409368000000003,1.04098,0.102853,0.00856342,0.00355464,0.0023877,0.00174515,0.00144612,0.00119932
7112,26.445610000000002,6.4176779999999995,1.04098,0.169114,0.0129493,0.005373,0.00360912,0.00263788,0.00218588,0.00181283
7113,25.382260000000002,5.603545999999996,1.04128,0.088399,0.00760239,0.00315636,0.00212017,0.00154962,0.0012841,0.00106494
7116,25.361654,5.3095449999999955,1.04193,0.101454,0.009296,0.00374019,0.00246476,0.0017839,0.0014731,0.00121915
7117,26.721943,5.631689999999996,1.04202,0.053376,0.00454075,0.00188539,0.00126644,0.000925635,0.000767028,0.000636122
7118,26.717392,5.633578000000006,1.04202,0.0526533,0.00452018,0.0018764,0.00126041,0.000921222,0.000763371,0.000633089
7121,26.922897,5.483566999999997,1.0427,0.138035,0.0119854,0.00489947,0.00328972,0.00240437,0.00199238,0.00165235
7122,25.31348,5.483748000000001,1.04304,0.629879,0.0523192,0.021722,0.014591,0.0106644,0.00883709,0.0073289
7123,25.312675,5.495731999999995,1.04304,0.109526,0.0576685,0.0634773,0.0507766,0.036257,0.0274577,0.0196035
7124,27.039236,6.441369,1.04308,0.074912,0.00591932,0.00244711,0.00164374,0.0012014,0.000995542,0.000825637
7125,25.421655,5.213934000000003,1.04341,4.90803,0.415773,0.172645,0.115968,0.0847603,0.0702367,0.0582497
7126,24.969259,6.724139999999998,1.04347,0.0501951,0.00429818,0.00176046,0.00118169,0.000863613,0.000715626,0.000593491
7127,26.192925,7.129171999999998,1.04381,0.191021,0.0179063,0.00639252,0.00425842,0.00310972,0.00257667,0.00213688
7128,26.198743,7.1308959999999955,1.04381,0.0762948,0.00650988,0.0026989,0.00181287,0.00132501,0.00109797,0.000910585
7129,26.196891,7.129064000000003,1.04381,0.0582069,0.00500772,0.00207644,0.00139474,0.0010194,0.00084473,0.000700563
7130,26.196339,7.129866999999997,1.04381,0.155557,0.0133778,0.00555158,0.00372906,0.00272555,0.00225853,0.00187307
7131,25.233037,5.462886000000004,1.04395,0.0527373,0.00561004,0.0019974,0.00127423,0.000916618,0.000756891,0.000626822
7133,25.499428,5.608354,1.04517,0.294814,0.0252412,0.010481,0.00704023,0.00514566,0.00426395,0.00353624
7134,24.830784,6.824362000000004,1.04559,0.0645076,0.00552475,0.0022809,0.00153185,0.0011196,0.000927756,0.000769419
7135,24.833578,6.823368000000006,1.04559,0.405367,0.034339,0.0141197,0.00947858,0.00692714,0.00574009,0.00476043
7136,26.163848,7.093259000000002,1.04583,1.14149,0.0952969,0.0395688,0.0265789,0.0194264,0.0160977,0.0133503
7137,27.035712,5.327891999999998,1.04637,0.0896846,0.00755219,0.00313541,0.0021061,0.00153934,0.00127557,0.00105787
7138,27.034991000000005,5.322482000000005,1.04637,0.394041,0.033799,0.0139822,0.00939125,0.00686397,0.00568783,0.00471711
7140,26.84211,5.507196999999999,1.04738,0.0531974,0.00770707,0.0021636,0.00127326,0.000893803,0.000734259,0.000606862
7141,26.612968,6.675495999999994,1.04814,0.3589,0.0308281,0.0127843,0.00858717,0.00627629,0.00520085,0.00431324
7142,26.611154,6.675747999999998,1.04814,0.0509152,0.00434774,0.00180402,0.00121177,0.00088567,0.000733911,0.000608657
7144,26.68948,5.584520999999998,1.04889,0.0695595,0.00608932,0.00248829,0.00166744,0.00121813,0.00100932,0.000837045
7145,26.69012,5.578110000000004,1.04889,0.11365,0.0107845,0.00473273,0.00309745,0.00217807,0.00176137,0.00142976
7146,25.628879,5.7166589999999955,1.04928,0.0817094,0.00574738,0.00238526,0.00160221,0.00117104,0.000970387,0.000804775
7147,25.630985000000003,5.720969000000003,1.04928,0.0995983,0.00857513,0.00354328,0.00237951,0.00173912,0.00144112,0.00119517
7148,25.660676,4.906394000000003,1.05046,0.0956052,0.00792605,0.00328165,0.00220431,0.00161112,0.00133505,0.00110721
7149,25.656142,4.912449000000001,1.05046,5.44761,0.455103,0.188509,0.126618,0.092544,0.0766867,0.0635988
7151,25.691481,6.717015000000005,1.05151,0.0691924,0.00593346,0.00245635,0.00164983,0.00120584,0.000999219,0.000828686
7152,25.690625,6.7161290000000005,1.05151,0.59258,0.0431445,0.0178029,0.0119584,0.00874029,0.00724265,0.00600657
7153,25.620335,5.784030000000003,1.05195,0.117778,0.0101795,0.00419301,0.0028149,0.00205722,0.0017047,0.00141376
7157,25.932312,5.360255,1.05339,0.0692161,0.00592671,0.00243375,0.00163459,0.0011947,0.000989992,0.000821034
7159,25.541517,5.0736349999999995,1.05364,6.31623,0.543361,0.225619,0.151551,0.110768,0.0917879,0.0761228
7161,27.190637,5.809863,1.05404,0.0750362,0.00621148,0.00257232,0.00172779,0.00126283,0.00104644,0.000867849
7162,26.027891,5.135667000000002,1.0542,0.0619314,0.00474576,0.00182697,0.00122196,0.000892564,0.000739561,0.000613328
7163,26.026016000000002,5.134759,1.0542,0.0689096,0.00576799,0.00235205,0.00157876,0.00115381,0.0009561,0.000792924
7170,25.899215,6.371516000000001,1.05631,0.122821,0.0120874,0.00489189,0.00311958,0.00220782,0.00180753,0.00148823
7172,26.157326,7.031579000000005,1.05655,0.0924941,0.00796067,0.00330002,0.00221663,0.00162012,0.00134251,0.00111339
7173,25.475526,5.018153000000005,1.05673,0.218069,0.018751,0.00776351,0.00521464,0.00381134,0.00315827,0.00261926
7174,26.068469,7.062576000000001,1.05682,0.22315,0.0190556,0.00789987,0.00530642,0.00387843,0.00321386,0.00266537
7175,26.06352,7.054764000000002,1.05682,0.0583395,0.00500845,0.00207951,0.00139684,0.00102094,0.000846002,0.000701618
7176,26.307909,5.764599000000002,1.05695,1.27793,0.107299,0.0445471,0.0299229,0.0218705,0.018123,0.01503
7180,26.23266,5.155256999999996,1.05761,0.269824,0.0229211,0.00951742,0.00639299,0.0046726,0.00387195,0.00321114
7183,26.812186,5.600781999999995,1.05828,0.0718731,0.00638895,0.00252588,0.00168944,0.00123399,0.00102245,0.000847935
7184,26.817781,5.604388999999996,1.05828,0.147326,0.0129446,0.00528902,0.00353865,0.00258362,0.00214046,0.00177501
7185,26.975308,6.8072830000000035,1.0583,0.0539202,0.00455736,0.00188885,0.00126873,0.000927308,0.000768415,0.000637272
7186,25.38697,5.812043999999998,1.05948,0.204137,0.0179096,0.00720083,0.0048256,0.00352585,0.00292158,0.00242294
7187,24.961614,6.722625,1.05949,0.0660673,0.00592842,0.00239613,0.00159024,0.00115555,0.000955599,0.000791532
7188,26.379564,6.468397000000002,1.05967,0.07716,0.00662933,0.00274828,0.00184584,0.00134908,0.00111791,0.000927122
7189,24.945402,6.302176999999998,1.05969,0.201603,0.0176166,0.0072249,0.00483731,0.00353191,0.00292599,0.00242635
7190,24.950268,6.3125740000000015,1.05969,0.0686344,0.00589383,0.0024466,0.00164342,0.00120116,0.000995345,0.000825473
7192,25.052883,6.200723999999997,1.06006,0.0864146,0.00739575,0.00307103,0.00206286,0.00150773,0.00124938,0.00103615
7193,27.092242,6.879645,1.06009,0.176808,0.0151555,0.0062931,0.00422716,0.00308961,0.0025602,0.00212326
7196,26.741706,5.401933999999996,1.06087,0.0873417,0.0047668,0.00193972,0.00130276,0.000952172,0.000789018,0.000654359
7197,26.752545,5.401678000000001,1.06087,0.134592,0.0116039,0.00480685,0.00322846,0.00235963,0.00195531,0.0016216
7198,24.837885,6.308999000000001,1.06144,0.0896941,0.00824712,0.00315432,0.002107,0.00153898,0.00127519,0.00105754
7199,26.210653,5.402994000000001,1.06148,0.0504,0.00432282,0.00179368,0.00120482,0.000880598,0.000729708,0.000605171
7200,25.893762,5.490123000000005,1.0618,0.123179,0.0782995,0.0986842,0.0851697,0.0651223,0.0515632,0.0385603
7201,26.489339,5.065084999999995,1.06189,0.052127,0.00450873,0.00184841,0.00124111,0.000907089,0.000751658,0.000623376
7202,26.490697,5.0655799999999935,1.06189,0.151121,0.0132405,0.00539055,0.00361295,0.00263967,0.00218724,0.00181392
7203,25.502001,5.957967,1.06239,0.184317,0.015788,0.00655545,0.00440339,0.00321841,0.00266694,0.00221178
7204,26.355366000000004,6.392505999999995,1.06291,0.219235,0.0167326,0.00668747,0.00448751,0.00327959,0.00271761,0.00225381
7205,25.477837,5.709270000000003,1.06297,0.0547229,0.00445934,0.00179539,0.00120385,0.000879645,0.00072889,0.000604485
7208,25.258725,5.547605000000006,1.06359,0.08677,0.00724039,0.00298564,0.0020051,0.00146548,0.00121437,0.00100712
7209,25.263523,5.553238999999994,1.06359,0.100355,0.00935107,0.00375876,0.00246252,0.00177362,0.00146119,0.0012072
7210,26.287284,6.6794370000000045,1.06392,0.0644371,0.00533188,0.00221374,0.001487,0.00108684,0.000900611,0.000746907
7211,26.283294000000005,6.676843000000002,1.06392,0.298454,0.0254967,0.0105859,0.00711069,0.00519716,0.00430663,0.00357163
7214,26.422020000000003,5.544484999999998,1.06411,0.129055,0.0110155,0.00457323,0.0030719,0.00224523,0.00186051,0.00154299
7217,26.300634,6.380802000000001,1.06457,0.924807,0.0785704,0.0326248,0.0219146,0.0160172,0.0132727,0.0110075
7218,25.270601,5.463458,1.0649,0.272774,0.0234769,0.00960882,0.00644878,0.00471281,0.00390522,0.00323872
7219,26.957391,4.877742000000005,1.06504,0.207641,0.0178884,0.00738155,0.00495659,0.00362258,0.00300184,0.00248952
7220,25.377346,5.783117000000006,1.06518,0.116304,0.00722603,0.00300002,0.00201516,0.00147287,0.00122049,0.0010122
7221,25.379737,5.784628000000001,1.06518,0.0635482,0.005453,0.00226429,0.00152096,0.00111166,0.000921176,0.000763963
7222,25.039069,5.976114,1.06531,0.0605779,0.00520304,0.00216041,0.00145118,0.00106066,0.000878914,0.000728913
7223,25.037468,5.97252,1.06531,0.370996,0.0335551,0.0134113,0.00891527,0.00649678,0.00538017,0.00446084
7225,25.33863,5.7589799999999975,1.06588,3.06046,0.262825,0.109136,0.0733081,0.0535804,0.0443994,0.036822
7226,26.524458,5.605762000000006,1.06639,1.15785,0.097529,0.0399839,0.0268411,0.0196164,0.0162549,0.0134807
7227,26.682059,5.815320000000001,1.06731,0.104829,0.00906153,0.00373635,0.00250755,0.00183239,0.00151835,0.0012592
7228,25.634755000000002,5.7980660000000075,1.06765,0.576963,0.0487027,0.0199391,0.0133893,0.00978591,0.00810909,0.00672514
7229,25.222428,7.167446000000003,1.06773,0.360256,0.0712366,0.0312309,0.0166099,0.0094831,0.00682846,0.00505173
7233,26.080437,6.149950999999996,1.06854,0.113291,0.0101918,0.00402276,0.00268813,0.00196308,0.00162652,0.00134888
7234,26.804642,6.3610489999999995,1.06949,0.0560773,0.00478024,0.00198415,0.00133278,0.000974118,0.000807204,0.000669441
7235,25.251712,6.619670000000001,1.06962,0.2236,0.0190763,0.00790896,0.00531229,0.00388269,0.00321739,0.00266829
7236,25.252995,6.628371999999995,1.06962,0.0656634,0.0042304,0.00175611,0.0011796,0.000862163,0.000714432,0.000592503
7239,25.696691,7.057838999999998,1.06984,0.155477,0.013642,0.00553618,0.00370287,0.00270315,0.00223935,0.00185695
7240,26.580263000000002,5.8887610000000015,1.06985,1.67064,0.143839,0.0597144,0.040111,0.0293169,0.0242934,0.0201474
7243,26.604315,5.918840999999998,1.07045,0.116964,0.0100598,0.00415481,0.00279015,0.00203924,0.00168982,0.00140142
7244,26.604739,5.920032,1.07045,0.197548,0.0169713,0.00704656,0.00473327,0.00345952,0.00286673,0.00237748
7245,25.187379,6.851480000000006,1.07049,0.0522852,0.00439409,0.00180365,0.00121091,0.000884986,0.000733339,0.000608181
7246,25.185216,6.8520880000000055,1.07049,0.0507824,0.0043606,0.00181063,0.00121623,0.000888931,0.000736614,0.000610899
7251,26.514844,5.949219000000002,1.07138,0.136732,0.0131571,0.0054689,0.0035533,0.00251905,0.00205376,0.00168092
7252,27.058683,4.905018999999999,1.07161,0.303063,0.0232681,0.00954698,0.00641215,0.00468658,0.00388354,0.00322075
7253,27.060571,4.9035519999999995,1.07161,0.0681037,0.00562965,0.00225463,0.0015127,0.00110551,0.000916069,0.000759725
7254,25.926804,6.017254000000001,1.07207,2.11511,0.181377,0.0752851,0.05057,0.0369613,0.030628,0.0254008
7255,27.172821,6.307542000000002,1.07228,0.105688,0.00909564,0.00377684,0.00253696,0.00185425,0.00153652,0.00127429
7257,25.32045,7.0376869999999965,1.07233,0.215982,0.0188601,0.00773274,0.00517877,0.00378168,0.00313301,0.00259806
7258,25.347414,6.4899750000000065,1.07241,0.0649311,0.00557218,0.00231381,0.00155422,0.00113597,0.000941321,0.000780669
7259,26.433419,5.326947000000001,1.07242,0.138206,0.015925,0.00849201,0.00581869,0.00404252,0.00316544,0.00244564
7262,26.64413,5.216811999999996,1.07256,0.141267,0.0121549,0.00504399,0.00338808,0.00247633,0.00205201,0.0017018
7264,25.265741000000002,7.1337290000000015,1.07265,0.0622931,0.00531698,0.00220756,0.00148285,0.00108381,0.000898096,0.000744821
7265,26.07719,7.193085999999999,1.07297,0.136815,0.0137105,0.00541044,0.00346218,0.00245126,0.0020036,0.00164585
7266,26.07139,7.194703999999998,1.07297,0.054446,0.0046495,0.00192607,0.00129365,0.000945509,0.000783496,0.000649779
7267,26.130678,6.764773999999996,1.07322,0.152664,0.0129481,0.00535805,0.00359888,0.00263039,0.00217967,0.00180768
7268,26.127347,6.762536000000002,1.07322,0.174863,0.0149112,0.00613175,0.00411847,0.00301016,0.00249437,0.00206866
7269,25.363927,6.932059000000001,1.07328,0.0503898,0.00394302,0.00142272,0.000943434,0.000687795,0.000569685,0.00047238
7270,25.367343,6.930712000000005,1.07328,0.250648,0.0213975,0.00887904,0.00596413,0.00435914,0.0036122,0.00299572
7271,27.064057,4.955498000000007,1.0734,0.0769005,0.00650548,0.002701,0.0018143,0.00132606,0.00109884,0.000911305
7272,25.056381,6.539004999999997,1.07353,0.0816427,0.00695242,0.00288555,0.00193826,0.00141666,0.00117392,0.000973568
7273,25.060819,6.5398460000000025,1.07353,0.284917,0.0245092,0.0101228,0.00679853,0.00496894,0.00411751,0.00341479
7276,24.88656,5.486306000000001,1.07453,0.0553566,0.00477536,0.00197546,0.00132655,0.000969524,0.000803391,0.000666278
7279,25.273612,6.856853999999996,1.07511,0.511529,0.0444917,0.018019,0.012054,0.00879989,0.00729001,0.00604509
7281,25.259573,7.125817000000001,1.07589,0.137875,0.0117448,0.00487661,0.00327569,0.00239418,0.00198394,0.00164535
7282,25.265413,7.129499000000005,1.07589,0.065091,0.00542659,0.00224652,0.00150896,0.00110288,0.000913905,0.000757932
7283,24.942374,6.579944000000006,1.07622,0.0547448,0.00476481,0.00192588,0.00129203,0.000944217,0.000782417,0.000648883
7284,24.946793,6.579412000000001,1.07622,1.51423,0.130478,0.053603,0.0359982,0.0263105,0.0218022,0.0180813
7285,26.637107,6.452995999999995,1.07634,0.0684802,0.00540801,0.00215929,0.0014487,0.00105873,0.000877304,0.000727577
7287,26.147737,5.159031999999999,1.07689,0.236845,0.0203908,0.0084671,0.00568747,0.00415694,0.00344465,0.00285676
7288,26.142829,5.1616759999999955,1.07689,0.0976048,0.0084612,0.00347628,0.00233331,0.00170522,0.00141302,0.00117186
7291,27.146231,6.430534999999998,1.07701,0.105034,0.0114077,0.00389484,0.00248118,0.00178542,0.00147444,0.0012211
7292,26.171895,4.969726999999998,1.07703,0.0575828,0.00485887,0.00201752,0.00135519,0.000990503,0.000820781,0.000680702
7296,26.952065,6.275200999999997,1.07757,0.0854093,0.00714705,0.00292457,0.0019626,0.00143422,0.00118843,0.0009856
7297,26.921108,6.202013999999996,1.07764,0.58261,0.0500695,0.0207722,0.0139529,0.0101981,0.00845064,0.0070084
7298,27.12218,6.598593999999997,1.07777,0.124448,0.0105351,0.00427699,0.00287055,0.00209789,0.00173841,0.00144172
7301,26.8559,5.2965000000000035,1.0779,0.110074,0.00944439,0.00392133,0.00263402,0.00192519,0.00159531,0.00132304
7302,26.100886,5.135914,1.07808,0.0555251,0.00465611,0.00191981,0.00128913,0.000942174,0.000780728,0.000647483
7303,26.104371,5.143619999999999,1.07808,0.39272,0.0353473,0.0142402,0.00945484,0.00688008,0.00569429,0.00471968
7304,25.296164,7.140171000000003,1.07862,0.231101,0.0202171,0.00825617,0.00552506,0.00403339,0.00334126,0.00277062
7306,25.160631,5.640528999999998,1.07873,0.0694656,0.00604201,0.00247528,0.00166144,0.00121424,0.00100617,0.000834451
7307,25.183048,7.106599000000003,1.07875,0.145042,0.017788,0.0098576,0.0065803,0.00439208,0.00334554,0.00251962
7308,25.471904,7.091940000000004,1.07896,0.0782389,0.00670784,0.0027812,0.00186816,0.00136542,0.00113146,0.000938358
7309,25.471931,7.099116000000007,1.07896,6.23037,0.536946,0.222691,0.149578,0.109325,0.0905924,0.0751314
7310,25.475073,6.950062999999995,1.07961,0.498561,0.0409207,0.0169879,0.011411,0.00834024,0.00691114,0.00573165
7311,25.188712,5.593889000000004,1.07961,0.0593401,0.00503886,0.00208778,0.00140237,0.00102499,0.000849355,0.000704399
7312,25.178479,5.594562000000007,1.07961,0.0597366,0.00259283,0.00105449,0.000708221,0.000517631,0.000428935,0.000355731
7313,25.190887,5.586301000000001,1.07961,0.0628274,0.00543885,0.00222098,0.00149039,0.00108918,0.000902533,0.000748498
7314,25.190166,5.5982829999999995,1.07961,14.2377,2.03633,0.579934,0.338369,0.235358,0.192658,0.158913
7315,25.187697,5.593255000000004,1.07961,0.633709,0.0531935,0.0220823,0.014833,0.0108413,0.00898367,0.00745046
7317,27.150242,6.909415999999997,1.08002,0.0949945,0.00790088,0.00327202,0.00219779,0.00160635,0.0013311,0.00110393
7318,27.151137,6.909894999999994,1.08002,0.0976643,0.00834782,0.00346586,0.00232807,0.00170157,0.00141001,0.00116937
7319,27.157136,6.907440999999999,1.08002,0.41585,0.0351886,0.0146055,0.0098107,0.00717058,0.00594191,0.00492782
7322,25.256388,7.187093000000004,1.08055,0.22772,0.0197241,0.00809614,0.00543568,0.00397273,0.00329199,0.00273016
7323,25.257103,7.183975999999995,1.08055,0.0828705,0.00695604,0.00288841,0.00194019,0.00141807,0.00117508,0.000974537
7324,25.258031,7.183714000000003,1.08055,0.0657105,0.00568143,0.00232359,0.00156012,0.00114025,0.000944867,0.00078361
7325,26.004715,5.1052330000000055,1.08085,0.0592797,0.00390978,0.00162333,0.00109041,0.000796977,0.000660415,0.000547705
7326,25.08182,6.260151000000004,1.08093,0.116681,0.0100242,0.00414586,0.0027846,0.00203523,0.0016865,0.00139867
7327,25.003768,6.709776999999999,1.08124,0.113299,0.00843126,0.00350086,0.00235158,0.00171875,0.00142425,0.00118117
7328,25.006571,6.707879,1.08124,0.0653944,0.00561717,0.0023176,0.00155597,0.00113714,0.000942279,0.00078146
7329,25.259114,5.3386660000000035,1.082,0.363055,0.0308354,0.0127929,0.00859307,0.00628061,0.00520443,0.00431621
7330,27.091757,6.577205000000002,1.08211,0.064143,0.00552804,0.00229279,0.00154004,0.0011256,0.00093273,0.000773544
7331,24.91304,5.318608999999996,1.08213,0.0732049,0.00624894,0.0025948,0.00174297,0.00127392,0.00105564,0.000875475
7332,24.922593,5.320433999999999,1.08213,0.105665,0.00908857,0.00376996,0.00253232,0.00185086,0.00153371,0.00127196
7333,25.266849,7.124483999999997,1.0823,0.0997163,0.00883793,0.00347977,0.00232248,0.0016952,0.0014044,0.00116461
7334,25.159195,5.979307999999996,1.08259,0.653332,0.0556375,0.0230863,0.0155073,0.0113342,0.00939205,0.00778915
7336,27.153426,6.468559999999997,1.08264,0.0675378,0.0219138,0.00746188,0.00331768,0.00169484,0.00118022,0.000866843
7337,25.055718,5.2839019999999985,1.08275,0.10415,0.008879,0.00368678,0.00247647,0.00181003,0.00149988,0.0012439
7340,26.359973,6.380754000000002,1.08317,0.0571693,0.00497033,0.00204472,0.00137172,0.00100234,0.00083056,0.000688804
7342,25.145313,5.3082660000000015,1.08348,0.208031,0.0163389,0.00668759,0.00449082,0.00328223,0.00271982,0.00225564
7343,25.976356,7.007630000000002,1.08372,0.0502933,0.00418878,0.00173148,0.00116293,0.000849966,0.000704324,0.00058412
7344,27.189507,6.454038999999997,1.08385,0.536493,0.0621884,0.0249853,0.0153736,0.0104228,0.0083065,0.0066777
7345,27.1732,6.449163999999995,1.08385,0.736928,0.0632493,0.0262627,0.0176411,0.0128937,0.0106844,0.00886093
7346,25.088069,5.251703999999999,1.08413,0.0971131,0.00836365,0.00345692,0.00232191,0.00169706,0.00140627,0.00116627
7347,26.04291,6.998888000000002,1.08444,0.0721835,0.00622295,0.00257888,0.00173198,0.00126585,0.00104895,0.000869925
7348,26.042835,6.997566999999995,1.08444,0.0807943,0.016726,0.00827088,0.00474509,0.0027829,0.00197716,0.00140858
7349,25.14472,5.273418000000007,1.08445,0.0747656,0.00639489,0.00264588,0.00177708,0.00129884,0.00107628,0.000892597
7350,25.770501,5.876908999999995,1.08446,0.0667908,0.00475445,0.00197401,0.00132597,0.000969144,0.000803082,0.000666023
7351,25.947021,7.018606999999997,1.08448,0.233127,0.020013,0.00831026,0.00558212,0.00407993,0.00338084,0.00280385
7352,25.215588,7.062222000000001,1.08461,0.0935953,0.00802822,0.00330431,0.00221918,0.00162197,0.00134405,0.00111466
7353,27.172303,7.02503,1.08463,11.6394,0.97748,0.405874,0.272632,0.199265,0.165121,0.13694
7355,26.06957,5.573436999999999,1.08501,1.32353,0.120579,0.0480271,0.0318509,0.0231926,0.0192032,0.0159209
7356,25.893035,5.704489000000004,1.08508,0.054488,0.00434741,0.00175214,0.00117628,0.000859704,0.000712392,0.000590811
7357,25.13052,5.212657000000004,1.08582,0.0766777,0.00588821,0.00241246,0.00162007,0.00118407,0.00098118,0.000813726
7358,25.129134,5.2144059999999985,1.08582,0.0644043,0.00541508,0.00224847,0.00151033,0.00110389,0.000914739,0.000758624
7359,26.134093,5.83301,1.08662,0.114922,0.00986785,0.00409616,0.00275144,0.00201101,0.00166642,0.00138202
7360,26.634906,6.4260600000000005,1.08672,0.700288,0.0593139,0.0230024,0.0153432,0.0111978,0.0092766,0.00769262
7361,25.500065,5.015099000000003,1.08689,0.127317,0.0109455,0.00454501,0.00305295,0.00223138,0.00184903,0.00153347
7362,27.126082000000004,7.15463,1.08696,0.073413,0.00630383,0.00261754,0.00175824,0.00128509,0.00106489,0.000883148
7363,27.159158000000005,7.191439000000001,1.08714,0.0592846,0.00878459,0.00218145,0.0013293,0.000953114,0.000787539,0.000652568
7366,26.839598,6.805939999999999,1.08782,0.0714349,0.00725652,0.00352209,0.00233068,0.00160106,0.00126173,0.000993642
7369,26.930404,6.919171000000007,1.08964,0.116029,0.00972441,0.00403758,0.0027121,0.00198226,0.0016426,0.00136226
7370,27.102468,6.245446000000001,1.09098,0.222568,0.0191218,0.00787091,0.00528582,0.00386331,0.00320133,0.00265497
7371,27.120053,6.248250999999998,1.09098,0.106255,0.00908533,0.00377192,0.00253365,0.00185183,0.00153452,0.00127263
7372,27.108228,6.236197999999998,1.09098,0.463957,0.0229548,0.00924816,0.00621061,0.00453924,0.00376144,0.00311949
7373,27.110684,6.246946000000004,1.09098,16.2785,1.39785,0.580249,0.389761,0.284874,0.236061,0.195773
7374,26.291976,7.081178999999998,1.09162,0.147158,0.0121351,0.00503594,0.00338271,0.0024724,0.00204876,0.0016991
7375,26.293638,7.081303000000005,1.09162,0.788057,0.0677314,0.0281197,0.0188884,0.0138054,0.0114398,0.00948745
7378,24.912268,7.083806000000004,1.09492,0.135762,0.0116705,0.00484435,0.00325402,0.00237834,0.00197081,0.00163446
7379,24.912538000000005,7.087055,1.09492,0.0664893,0.00572628,0.00237481,0.00159517,0.0011659,0.000966123,0.000801238
7380,26.10977,6.066100000000003,1.09538,0.0958362,0.0071354,0.00295536,0.00198513,0.00145092,0.0012023,0.000997112
7383,26.861064,5.711269000000006,1.09579,2.13809,0.182995,0.0759821,0.0510383,0.0373036,0.0309116,0.025636
7384,24.861998,5.299527000000001,1.0964,0.0518657,0.004422,0.0018361,0.00123333,0.000901434,0.000746974,0.000619491
7385,25.373526,4.883392000000004,1.09703,0.104031,0.00943949,0.00370045,0.00245997,0.00179314,0.00148506,0.00123134
7388,25.351493,5.596029999999997,1.09757,0.0890678,0.00775228,0.00319143,0.00213949,0.00156294,0.001295,0.00107395
7389,26.582673,5.877458999999994,1.09795,0.241771,0.0219881,0.00868618,0.00578587,0.00422145,0.00349711,0.00290001
7390,26.584077,5.875978000000003,1.09795,0.0719668,0.00590889,0.00236135,0.00158539,0.00115872,0.000960176,0.000796307
7391,26.75838,5.866862,1.09816,1.45957,0.127446,0.0520413,0.0349189,0.0255187,0.0211458,0.0175369
7392,26.571304,5.896237999999999,1.09854,0.0521707,0.00435798,0.00180328,0.00121126,0.0008853,0.000733604,0.000608403
7394,26.916789,5.892272999999995,1.09987,0.315054,0.026971,0.0111926,0.00751816,0.00549497,0.00455341,0.0037763
7395,26.915093000000002,5.885335999999995,1.09987,0.108411,0.0126432,0.00522259,0.00318303,0.00213571,0.00169482,0.00135984
7396,26.923688,5.888668000000003,1.09987,0.113198,0.00974348,0.00404468,0.00271686,0.00198574,0.00164548,0.00136465
7397,26.014712,5.092342,1.10049,0.0792588,0.00679249,0.00281039,0.00188758,0.00137961,0.00114321,0.000948106
7398,26.016821,5.092532,1.10049,0.0982372,0.0845989,0.112641,0.0984147,0.0756414,0.0599534,0.0447984
7399,26.012877,5.093055999999999,1.10049,0.0849594,0.0078338,0.00279845,0.00184464,0.00134278,0.00111187,0.000921865
7400,26.017078,5.091185000000005,1.10049,0.384415,0.0275432,0.0114317,0.00767883,0.00561241,0.00465073,0.003857
7401,26.923404,5.903717999999996,1.1007,4.27709,0.361719,0.147712,0.099203,0.0725064,0.0600824,0.0498284
7403,26.834556,5.654752999999995,1.10117,0.29677,0.0255661,0.01061,0.0071268,0.00520893,0.00431638,0.00357972
7404,26.825092,5.647789000000003,1.10117,1.40806,0.120497,0.0497612,0.0334211,0.0244271,0.0202415,0.016787
7405,26.826152,5.649733000000005,1.10117,2.47346,0.212063,0.0880525,0.0591461,0.0432295,0.0358222,0.0297085
7408,26.654081,6.332794000000005,1.10361,0.0862411,0.00726308,0.0029853,0.00200502,0.00146545,0.00121435,0.0010071
7412,26.347126,6.293489999999999,1.10462,0.0733176,0.00630868,0.00261964,0.00175965,0.00128611,0.00106574,0.000883854
7415,24.834587,5.791344000000005,1.10538,0.152479,0.0139169,0.00560211,0.00369702,0.00268047,0.00221558,0.00183497
7419,26.997402,6.538856000000006,1.10632,0.0551961,0.0046156,0.00191628,0.00128719,0.0009408,0.000779595,0.000646544
7420,26.997687,6.539264999999995,1.10632,0.0508054,0.00433704,0.00180038,0.00120934,0.000883898,0.000732443,0.000607439
7423,25.395106000000002,4.842719999999996,1.10901,40.6704,7.063,6.50209,5.30749,3.94026,3.08219,2.29175
7424,25.545256,4.8853840000000055,1.10939,0.05415,0.00454543,0.00188704,0.00126755,0.000926443,0.000767697,0.000636677
7425,26.361869,6.522684999999995,1.10974,0.0537131,0.00457055,0.00189727,0.00127442,0.000931464,0.000771859,0.000640128
7426,24.995023,5.581665000000003,1.10989,0.0627086,0.00522975,0.00217125,0.00145846,0.00106598,0.000883323,0.00073257
7427,24.993944,5.584094000000001,1.10989,0.126365,0.0109438,0.00451265,0.00302927,0.00221385,0.00183448,0.00152139
7428,24.991097,5.577425999999996,1.10989,0.0724359,0.00619873,0.00257022,0.00172644,0.00126185,0.00104563,0.000867176
7434,26.99387,4.967866999999997,1.11153,0.322776,0.0276748,0.011454,0.00769262,0.00562237,0.00465897,0.00386384
7435,26.992364,4.967718999999997,1.11153,0.274012,0.02256,0.00892847,0.00597491,0.00436402,0.00361583,0.00299861
7446,26.207148,6.010729000000002,1.11489,0.0814965,0.00758921,0.00294935,0.0019368,0.00140217,0.0011584,0.00095908
7447,26.205719,6.015225000000006,1.11489,2.53246,0.217971,0.0905044,0.0607931,0.0444333,0.0368197,0.0305358
7448,26.205977,6.022509000000005,1.11489,41.7702,3.22817,1.33994,0.900054,0.657843,0.545122,0.452088
7449,26.201483,6.008349999999997,1.11489,1.55703,0.133118,0.0552742,0.0371285,0.027137,0.0224871,0.0186493
7450,26.197264,6.016049999999999,1.11489,0.0569474,0.00468326,0.00194457,0.0013062,0.000954691,0.000791105,0.00065609
7452,25.041742,5.757407,1.11645,0.0949784,0.00880161,0.00335177,0.00223519,0.00163209,0.00135228,0.00112146
7453,26.483314,5.452591999999999,1.11686,0.080064,0.00689448,0.00286242,0.00192272,0.00140531,0.00116451,0.000965766
7454,26.490946,5.454243000000001,1.11686,0.0503401,0.00435346,0.00179852,0.00120777,0.00088273,0.000731473,0.000606635
7461,25.219275000000003,7.161462999999996,1.1177,0.180385,0.0136303,0.00565806,0.0038006,0.00277783,0.00230185,0.001909
7466,25.551307,6.291380000000002,1.11815,0.0695398,0.00588422,0.00244228,0.00164051,0.00119904,0.000993585,0.000824014
7468,25.721926,6.635251999999999,1.11849,0.0590925,0.00507327,0.00210289,0.00141252,0.0010324,0.000855502,0.000709497
7469,25.716679,6.636273999999994,1.11849,0.222333,0.0191627,0.00793561,0.00532988,0.00389554,0.00322803,0.00267712
7470,26.537362,6.545779000000001,1.1195,0.117184,0.0100396,0.00416516,0.00279777,0.00204487,0.00169448,0.00140529
7471,26.537384,6.545124000000007,1.1195,0.052487,0.00451176,0.00186892,0.00125522,0.000917415,0.000760215,0.000630472
7472,26.532714000000002,6.582212999999995,1.11969,0.0516921,0.00384415,0.00159224,0.00106952,0.000781708,0.000647763,0.000537212
7475,26.549511,5.532275,1.12044,0.0542904,0.00452322,0.00181658,0.00121832,0.000890292,0.000737725,0.000611816
7476,26.549133,5.530290000000001,1.12044,0.0761894,0.00646924,0.00268559,0.00180395,0.0013185,0.00109257,0.000906107
7477,26.006506,7.168308000000001,1.12073,8.16703,0.702382,0.291657,0.19591,0.14319,0.118654,0.0984038
7478,26.007031,7.169094999999996,1.12073,0.0529199,0.00460823,0.00189745,0.00127166,0.000928875,0.000769617,0.000638239
7479,26.007062,7.168009000000002,1.12073,0.876116,0.0747538,0.031041,0.0208507,0.0152396,0.0126283,0.0104731
7481,25.193953,6.364191000000005,1.12213,0.138749,0.0138549,0.00550906,0.0035205,0.00249244,0.00203863,0.00167625
7482,25.201785,6.363515000000004,1.12213,0.311731,0.0266663,0.011073,0.00743787,0.00543629,0.00450479,0.00373597
7483,26.949542,6.090666999999994,1.12219,0.0644089,0.00461422,0.00178422,0.00119619,0.000874139,0.000724346,0.000600722
7484,26.944736,6.088038000000005,1.12219,0.274265,0.0236705,0.00980253,0.0065834,0.00481167,0.00398719,0.00330671
7485,26.94697,6.090412000000003,1.12219,0.104024,0.00898539,0.00368885,0.00247691,0.0018103,0.0015001,0.00124409
7493,26.113077,7.142196999999999,1.12437,0.0922039,0.00800221,0.00329595,0.00221051,0.00161496,0.00133811,0.0011097
7494,26.286414000000004,6.580082000000004,1.12451,0.0963435,0.00853186,0.00333973,0.00222706,0.00162519,0.00134633,0.00111644
7495,26.292971,6.591132999999999,1.12451,1.23151,0.106566,0.0439109,0.0294823,0.0215473,0.0178551,0.0148078
7496,27.114843,5.389757000000001,1.12478,0.102475,0.00865486,0.00359023,0.00241158,0.0017626,0.00146058,0.00121131
7498,27.011701,5.154950999999994,1.12562,0.0853323,0.00736464,0.00303893,0.00203986,0.00149069,0.00123523,0.00102441
7499,27.010619,5.154787999999999,1.12562,0.896887,0.0768391,0.0319065,0.021432,0.0156645,0.0129804,0.0107651
7500,26.295308,6.425542,1.12572,0.0507313,0.00436624,0.00180817,0.00121453,0.000887693,0.000735588,0.000610048
7501,26.295294,6.428872,1.12572,0.0523106,0.00454371,0.00185092,0.00124234,0.000907951,0.00075237,0.000623965
7502,26.289732,6.418448000000003,1.12572,0.457772,0.0385011,0.0159812,0.0107348,0.00784601,0.0065016,0.005392
7503,26.929507,6.947655999999994,1.12633,0.080104,0.0184507,0.00310294,0.00164252,0.00113857,0.000935663,0.00077398
7504,26.964005000000004,6.377460999999996,1.12661,0.0564006,0.00530282,0.00185221,0.00123225,0.00089971,0.000745471,0.000618231
7505,26.878192,4.929687999999999,1.12676,1.6099,0.183767,0.0595687,0.0368442,0.0260977,0.0214365,0.0176997
7507,26.327064,5.868334999999997,1.12713,0.0401768,0.0515544,0.0489019,0.0366538,0.0251755,0.0187441,0.0132189
7510,26.377148,5.751881000000006,1.12743,0.0548297,0.00455848,0.00188405,0.00126551,0.000924955,0.000766464,0.000635655
7511,24.830686,4.965652000000005,1.12762,0.0768156,0.010224,0.0034462,0.00200823,0.00137099,0.0011122,0.000912222
7512,24.835322,4.974332,1.12762,0.109328,0.00945936,0.00390078,0.00261891,0.00191401,0.00158604,0.00131535
7513,24.835046,4.966718999999999,1.12762,0.0683023,0.00585953,0.00243029,0.00163243,0.00119313,0.00098869,0.000819954
7514,25.502938,6.548080000000003,1.12764,0.150732,0.0128991,0.00535526,0.0035972,0.00262917,0.00217866,0.00180684
7516,26.170949,6.712870999999994,1.12776,0.0545372,0.00456411,0.00189471,0.0012727,0.000930209,0.000770819,0.000639266
7517,25.118384,6.663892000000001,1.12808,0.13886,0.0119351,0.00495587,0.00332893,0.00243309,0.00201618,0.00167209
7518,26.146658,6.130822999999998,1.1281,0.0996906,0.0090548,0.00348661,0.00233492,0.00170616,0.00141379,0.0011725
7524,27.175735,6.580651000000002,1.12876,0.0679511,0.00573192,0.00238013,0.00159876,0.00116853,0.0009683,0.000803044
7526,26.538447,4.904902999999998,1.12928,0.15903,0.0136532,0.00566901,0.00380795,0.00278321,0.00230631,0.0019127
7527,27.005074,5.503225000000006,1.12934,28.4477,2.44976,1.01011,0.678224,0.495681,0.410743,0.340643
7528,25.726305,7.005665999999997,1.12937,0.0560286,0.00483329,0.0020035,0.00134552,0.000983395,0.000814886,0.000675812
7530,25.697115,4.809378999999994,1.12962,0.309038,0.0267151,0.0110471,0.00741769,0.00542124,0.00449228,0.0037256
7532,27.120166000000005,5.593213999999994,1.12986,0.0558865,0.00481046,0.00199711,0.00134149,0.000980485,0.000812479,0.000673817
7533,27.119398,5.592393000000005,1.12986,0.0501766,0.00422116,0.00175269,0.00117731,0.000860486,0.000713043,0.00059135
7534,27.119744,5.5922789999999996,1.12986,0.0552912,0.00467822,0.00194137,0.00130404,0.000953117,0.000789801,0.000655009
7540,25.801858,4.874006000000003,1.13111,0.0531816,0.00694099,0.0025516,0.0014998,0.00099757,0.000792494,0.000637918
7541,27.10216,5.459678999999994,1.13112,0.070443,0.00603687,0.00250667,0.00168377,0.00123066,0.00101978,0.000845741
7542,27.098366,5.464378,1.13112,1.68616,0.141793,0.0588782,0.0395493,0.0289063,0.0239532,0.0198652
7543,24.929663,5.6817029999999935,1.13144,0.071596,0.00616154,0.00255846,0.00171855,0.00125608,0.00104085,0.000863214
7544,25.162389000000005,5.791267999999997,1.13157,0.0781064,0.00669381,0.00277812,0.0018661,0.00136392,0.00113021,0.000937324
7545,25.165882,5.798206000000001,1.13157,0.582994,0.0501103,0.0208058,0.0139755,0.0102146,0.00846435,0.00701977
7547,26.232688,5.562064000000004,1.13179,0.0611063,0.0146114,0.00788617,0.00430655,0.00234173,0.00158244,0.00108084
7548,26.232198,5.562318999999994,1.13179,0.177248,0.0148724,0.00617485,0.00414773,0.00303155,0.0025121,0.00208337
7549,26.346736,4.936092000000003,1.13198,0.0622593,0.005452,0.00223111,0.00149187,0.00108841,0.000901412,0.000747346
7550,25.08256,5.643671999999996,1.13207,0.0772822,0.0056867,0.00236121,0.00158606,0.00115924,0.000960606,0.000796663
7553,25.634603000000002,5.637850000000003,1.13271,0.0723888,0.00623067,0.00257649,0.00173052,0.00126482,0.00104809,0.00086922
7554,25.639111,5.643484999999994,1.13271,0.0771083,0.00615064,0.0025535,0.00171522,0.00125365,0.00103883,0.00086154
7555,26.05289,4.857211999999997,1.13287,0.0815782,0.00698294,0.00289962,0.00194772,0.00142357,0.00117964,0.000978319
7557,25.164818,6.9873140000000005,1.13451,0.126183,0.010794,0.00447958,0.00300897,0.00219924,0.0018224,0.00151138
7558,24.951518,6.698539000000002,1.13522,0.0836903,0.00719714,0.00298856,0.00200746,0.00146724,0.00121583,0.00100833
7559,24.949822,6.694987000000003,1.13522,2.86844,0.249437,0.102595,0.0687462,0.050203,0.041591,0.0344888
7560,24.95699,6.7051659999999975,1.13522,0.247326,0.0201359,0.00834319,0.00560418,0.00409606,0.0033942,0.00281493
7561,25.639878,5.094482000000001,1.13527,0.30385,0.0258862,0.0107439,0.00721679,0.0052747,0.00437088,0.00362492
7562,24.984413000000004,6.705982000000005,1.1353,0.012544,0.0357631,0.089957,0.109867,0.112891,0.10775,0.0977256
7563,24.987281,6.707658999999995,1.1353,0.389045,0.0331988,0.0137478,0.00923437,0.00674934,0.00559284,0.00463833
7564,25.587552000000002,5.698234000000004,1.13547,0.0511947,0.00437264,0.00181557,0.00121954,0.000891357,0.000738623,0.000612565
7570,24.919823,7.0377370000000035,1.13749,0.0859586,0.00913098,0.00332835,0.00210739,0.00150764,0.00124265,0.00102814
7571,26.914416,5.198616000000006,1.13752,0.143778,0.012348,0.00512674,0.00344371,0.00251698,0.0020857,0.00172974
7572,25.18596,4.847034999999997,1.13797,0.663191,0.752035,0.830231,0.65644,0.464922,0.350579,0.249212
7573,25.182702,4.846422000000003,1.13797,0.166889,0.0109451,0.00415531,0.00278095,0.00203166,0.00168344,0.00139612
7574,25.169578,4.849407,1.13797,0.0990741,0.00852577,0.00353981,0.00237774,0.00173787,0.00144009,0.00119432
7575,25.176375,4.8482259999999995,1.13797,0.0812387,0.00699242,0.00290282,0.00194986,0.00142514,0.00118095,0.000979398
7577,25.160306,6.975131999999999,1.13928,0.183582,0.0154884,0.00642972,0.00431893,0.00315667,0.00261578,0.00216936
7579,25.694185,5.102170999999998,1.13997,0.0988721,0.0085017,0.00352849,0.00237013,0.00173231,0.00143548,0.00119049
7580,25.692069,5.1090879999999945,1.13997,0.0674662,0.00592574,0.00242487,0.00162171,0.00118374,0.000980627,0.000813172
7581,25.964995,5.157280000000005,1.14023,0.0623469,0.00557264,0.00223977,0.00149486,0.00109095,0.000903768,0.000749455
7582,25.964156,5.156951000000002,1.14023,0.0961079,0.00970524,0.0032016,0.00210787,0.00153625,0.00127258,0.0010553
7583,25.963361,5.1657800000000025,1.14023,0.182677,0.0158233,0.00652574,0.00438157,0.00320231,0.00265358,0.0022007
7584,25.960214,5.161299999999997,1.14023,1.30295,0.111888,0.0464551,0.0312046,0.0228072,0.0188992,0.0156738
7585,25.94882,5.098066,1.14036,0.0668783,0.00573118,0.00237942,0.00159829,0.00116818,0.000968012,0.000802805
7586,25.950263000000003,5.101188000000004,1.14036,0.185138,0.0158091,0.00656451,0.00440948,0.00322286,0.00267062,0.00221484
7587,25.950613,5.105615000000002,1.14036,0.0657739,0.00543688,0.00225168,0.00151247,0.00110545,0.000916035,0.000759699
7588,25.175559,6.991627999999998,1.14077,0.0756952,0.00813274,0.00290632,0.00184315,0.0013213,0.00108986,0.000902078
7589,25.183491,6.993567000000006,1.14077,0.0553712,0.00456648,0.00188103,0.00126338,0.000923391,0.000765169,0.00063458
7590,25.175607,6.990118999999997,1.14077,0.0744007,0.00729899,0.00294185,0.00189556,0.00134471,0.00109921,0.000902627
7591,27.064345000000003,6.360227999999997,1.14083,0.0512022,0.0106938,0.0105782,0.00872415,0.00650637,0.00509729,0.00379017
7592,27.057845000000004,6.362225999999997,1.14083,0.0824783,0.0070538,0.00292871,0.00196725,0.00143785,0.00119148,0.000988133
7596,25.862814,5.422700999999999,1.14131,0.102553,0.00883496,0.00366329,0.00246046,0.00179831,0.00149017,0.00123585
7597,25.869035,5.4245889999999966,1.14131,0.223528,0.01922,0.00798085,0.00536085,0.00391821,0.00324683,0.0026927
7598,25.860326,5.421605999999995,1.14131,2.31384,0.21081,0.0842259,0.0557697,0.0405545,0.0335617,0.0278171
7599,25.679529,4.900043999999997,1.14148,0.080298,0.0158908,0.00673777,0.00360415,0.00208118,0.00150783,0.00111952
7604,25.091995,4.934119000000001,1.14217,0.321136,0.0293982,0.0115055,0.00763783,0.00556535,0.00460886,0.00382135
7606,27.042768,5.315921999999994,1.14263,0.268102,0.0223011,0.00925491,0.00621665,0.00454371,0.00376515,0.00312256
7607,27.0508,5.324364000000004,1.14263,0.110897,0.00923071,0.00382927,0.00257217,0.00187998,0.00155785,0.00129198
7608,26.988315,5.374226000000002,1.14297,0.0702523,0.00674271,0.00272183,0.00176364,0.00125844,0.00103219,0.000850049
7609,25.749522,5.376322999999998,1.14326,0.0573564,0.00500835,0.00204194,0.00136792,0.000999167,0.000827856,0.000686535
7610,25.750707,5.37808,1.14326,0.180975,0.0326414,0.0191944,0.0122194,0.00764441,0.00554272,0.00395022
7611,25.750742,5.376833999999996,1.14326,0.925154,0.0792315,0.0328204,0.0220439,0.0161116,0.0133508,0.0110723
7612,25.738772,5.3762430000000005,1.14326,0.0656144,0.00564218,0.00234054,0.00157213,0.00114906,0.000952167,0.000789664
7613,25.335264,5.601499000000007,1.14338,0.0770371,0.00876965,0.00299118,0.00187369,0.0013399,0.00110497,0.000914612
7614,25.33787,5.6051459999999995,1.14338,0.292507,0.0253913,0.0104818,0.00702548,0.00513006,0.00424975,0.00352387
7615,25.297813,5.566146,1.14347,0.080243,0.00688617,0.00285547,0.001918,0.00140185,0.00116165,0.000963392
7616,25.299329,5.568522000000005,1.14347,0.197832,0.0169972,0.0070015,0.0046997,0.00343452,0.00284595,0.00236022
7617,27.117367,5.380143000000002,1.14367,0.0537774,0.00460602,0.00191258,0.00128471,0.000938985,0.000778091,0.000645297
7624,25.242121,5.724164000000003,1.14374,0.0601214,0.00372654,0.00154729,0.00103934,0.000759647,0.000629482,0.00052205
7628,25.530822,5.437516999999996,1.14498,4.67375,0.381118,0.155475,0.104385,0.076291,0.0632183,0.0524291
7629,25.531985,5.441750000000003,1.14498,0.0672832,0.00575345,0.00238907,0.00160477,0.00117292,0.000971938,0.000806061
7633,25.46448,5.544093,1.14549,0.0513288,0.00432983,0.00179769,0.00120753,0.000882578,0.000731349,0.000606532
7635,26.231561,4.951212000000006,1.14566,0.0954608,0.00857627,0.00349943,0.00231868,0.00168177,0.00138958,0.00115036
7636,26.23673,4.963508,1.14566,0.425038,0.0366367,0.0151826,0.0101979,0.00745357,0.00617641,0.0051223
7638,26.031384,5.575427999999997,1.14582,0.070406,0.00605989,0.002515,0.00168936,0.00123474,0.00102317,0.000848549
7639,26.036944,5.573528999999994,1.14582,0.177575,0.0152466,0.00629721,0.00422923,0.00309107,0.00256141,0.00212427
7640,25.169387,5.410157999999996,1.14583,0.0633782,0.0054304,0.00225349,0.00151369,0.00110635,0.000916774,0.000760312
7641,25.372917,5.137418000000005,1.14598,0.0883197,0.00758077,0.00314769,0.00211435,0.00154536,0.00128056,0.00106202
7642,27.138056,5.225990000000002,1.14629,0.0548481,0.00467379,0.00193759,0.00130147,0.000951235,0.000788241,0.000653715
7643,27.139774,5.224639000000003,1.14629,0.0678986,0.00561697,0.00232364,0.00156079,0.00114077,0.000945298,0.000783967
7644,27.167702,4.885361000000004,1.14661,0.0599895,0.00629034,0.00208305,0.00136373,0.000992592,0.000822055,0.000681652
7645,27.166283,4.884139999999998,1.14661,0.0753819,0.00641402,0.00266263,0.00178853,0.00130722,0.00108323,0.00089836
7648,25.542184,6.049459000000003,1.14701,0.149932,0.0125938,0.00513729,0.00344941,0.00252108,0.00208909,0.00173255
7649,25.543926,6.0557660000000055,1.14701,0.0572673,0.00471647,0.00195672,0.00131435,0.00096065,0.000796043,0.000660186
7652,27.013935,4.845788000000002,1.14805,0.0694122,0.00595307,0.00242996,0.00163115,0.00119211,0.00098784,0.000819248
7653,25.397167,4.946141000000005,1.14861,0.192052,0.0162844,0.00675007,0.00453398,0.00331385,0.00274602,0.00227737
7654,26.042370000000002,5.394527999999999,1.14869,0.0625379,0.0053147,0.00220426,0.00148061,0.00108217,0.000896739,0.000743696
7655,26.521239,6.219034999999995,1.14942,0.104634,0.00896208,0.00371352,0.00249436,0.00182311,0.00151072,0.00125289
7657,26.775069000000002,5.240888000000004,1.14972,0.0507281,0.0043639,0.00178493,0.00119723,0.000874796,0.000724863,0.000601142
7658,26.212766,5.060339999999999,1.15043,0.0955802,0.00831245,0.00342054,0.00229298,0.00167491,0.00138773,0.00115082
7659,25.976521,5.654349000000001,1.15071,0.0619553,0.005332,0.00221374,0.001487,0.00108684,0.000900608,0.000746905
7669,26.764295,5.123183000000003,1.15304,0.155044,0.0133263,0.0055335,0.00371693,0.00271668,0.00225118,0.00186698
7670,26.733238000000004,5.245591,1.15315,1.49699,0.128106,0.0531671,0.0357129,0.0261023,0.0216297,0.0179382
7671,26.945711,4.818969,1.15321,0.1282,0.0110138,0.00456976,0.0030695,0.00224348,0.00185906,0.00154178
7672,26.688672,6.182522999999999,1.15321,0.0815855,0.00699465,0.00287833,0.00193302,0.00141281,0.00117073,0.000970924
7673,26.681667,6.173881000000001,1.15321,0.110334,0.00931413,0.0038676,0.00259792,0.0018988,0.00157344,0.00130491
7681,26.791380000000004,4.943741000000006,1.15348,0.154571,0.0132102,0.00547855,0.00368001,0.0026897,0.00222882,0.00184843
7682,26.791783,4.944387000000004,1.15348,0.0692185,0.00592763,0.00245956,0.00165211,0.00120752,0.00100061,0.000829838
7691,24.804407,5.478462999999993,1.15459,0.28424,0.0242738,0.0100632,0.00675955,0.00494051,0.00409395,0.00339526
7693,25.409525,6.326879000000001,1.15464,0.291238,0.0248063,0.0102988,0.00691786,0.00505622,0.00418984,0.00347477
7695,26.912184,4.878804000000005,1.15501,0.325416,0.0279621,0.0115988,0.00779103,0.00569441,0.00471868,0.00391336
7696,26.911648000000003,4.890145999999993,1.15501,2.21185,0.189682,0.0785199,0.0527389,0.0385463,0.0319414,0.0264901
7700,25.040555,5.433722000000003,1.15657,0.0589893,0.0050629,0.00210233,0.00141217,0.00103214,0.000855287,0.000709318
7701,25.044345,5.4339229999999965,1.15657,0.170081,0.0146176,0.00606968,0.00407709,0.00297992,0.00246931,0.00204789
7706,25.342344,5.275203000000004,1.15695,0.0745817,0.00616429,0.00255912,0.001719,0.0012564,0.00104112,0.000863436
7707,25.333975,5.264666000000005,1.15695,0.128075,0.0185887,0.00673099,0.00379466,0.00245874,0.00193688,0.00155369
7708,26.404412,5.995156000000002,1.1571,1.13305,0.0980191,0.0405064,0.0271936,0.0198737,0.0164681,0.0136575
7710,25.163297,5.350525,1.15845,0.0949076,0.0078778,0.00327065,0.00219694,0.00160573,0.00133059,0.0011035
7715,25.131309,5.326207000000001,1.15967,0.0550792,0.00429242,0.00177969,0.00119544,0.000873738,0.000724023,0.000600457
7716,26.020094,7.072515000000001,1.16055,0.172596,0.0220902,0.00936018,0.00560784,0.00366028,0.00284946,0.00224535
7717,26.716314,4.889049000000007,1.16072,0.134674,0.010451,0.00433686,0.00291313,0.00212919,0.00176435,0.00146324
7718,26.707028,4.885013000000002,1.16072,0.313626,0.0272103,0.0110633,0.00742685,0.005428,0.0044979,0.00373026
7719,26.720149,4.893823999999994,1.16072,0.287882,0.0246777,0.010247,0.00688306,0.00503078,0.00416876,0.00345729
7720,26.722033,4.893726000000002,1.16072,0.351669,0.034394,0.0127008,0.00830644,0.0060262,0.0049857,0.00413216
7722,26.964219,5.170006999999999,1.16102,0.299065,0.0255893,0.00998197,0.00667896,0.00487893,0.00404264,0.00335263
7725,25.484273,5.158617,1.16194,0.131028,0.0112598,0.0046755,0.0031406,0.00229545,0.00190212,0.00157749
7726,25.490593,5.161698000000007,1.16194,0.236163,0.0193641,0.00802348,0.00538944,0.00393911,0.00326415,0.00270707
7727,25.493797000000004,5.174007000000001,1.16194,0.0931252,0.00797252,0.0033079,0.00222195,0.00162401,0.00134574,0.00111606
7728,25.490799,5.164710999999999,1.16194,0.26198,0.0796754,0.0209158,0.00903646,0.00503106,0.00378811,0.00298282
7729,25.781054,4.878034000000001,1.16224,2.21926,0.184061,0.0764267,0.0513369,0.0375218,0.0310925,0.025786
7730,26.583493,4.9917140000000035,1.16228,0.0637693,0.00542833,0.00225208,0.00151275,0.00110566,0.000916205,0.000759839
7731,26.577322,4.993169000000006,1.16228,7.18835,0.928794,0.254422,0.160854,0.116339,0.096266,0.079804
7732,25.762733000000004,5.390151999999999,1.16235,3.12058,0.307939,0.116445,0.0753132,0.0541785,0.044679,0.0369587
7734,26.713937000000005,5.3028179999999985,1.16282,0.0548763,0.00469569,0.00190433,0.00127682,0.00093293,0.000773036,0.000641095
7735,26.707541,5.305883999999997,1.16282,0.0731065,0.0068524,0.00261566,0.00172876,0.00125829,0.0010418,0.000863713
7736,26.708534,5.303202000000003,1.16282,41.6901,3.5821,1.48686,0.998741,0.729973,0.604893,0.501658
7737,26.718708,5.306390000000001,1.16282,0.10395,0.00890441,0.00369548,0.00248231,0.0018143,0.00150342,0.00124684
7738,26.709249,5.307469999999997,1.16282,2.65112,0.226955,0.0942286,0.0632947,0.0462617,0.0383348,0.0317923
7739,26.636344000000005,4.971082,1.16339,0.405497,0.0338515,0.0140561,0.00944166,0.00690085,0.00571839,0.00474246
7740,25.261381,5.251577999999997,1.1636,0.0586781,0.00518628,0.00211597,0.00141113,0.00102821,0.000851202,0.000705558
7741,25.261262,5.250553000000003,1.1636,0.0527758,0.00469287,0.00190699,0.00127071,0.000926235,0.000767018,0.00063593
7742,25.259449,5.251744000000005,1.1636,0.113642,0.00945328,0.00392516,0.00263659,0.00192706,0.00159686,0.00132433
7744,25.224714,5.202979999999997,1.16371,0.0571797,0.0049192,0.00204221,0.00137178,0.00100262,0.000830824,0.00068903
7745,25.224247,5.201344000000003,1.16371,0.871671,0.071978,0.0298873,0.0200758,0.0146732,0.012159,0.0100839
7746,25.230848,5.212109,1.16371,0.0517938,0.00402793,0.00167161,0.00112285,0.00082068,0.000680057,0.000563994
7747,25.25817,5.158660000000004,1.16381,1.09117,0.0936116,0.0388697,0.0261093,0.0190831,0.0158133,0.0131145
7748,27.097302,4.803677999999995,1.16384,0.0910449,0.0075951,0.00315034,0.00211612,0.00154666,0.00128164,0.0010629
7749,25.633723,4.938711999999994,1.16395,0.0571018,0.00491157,0.0020188,0.00135539,0.000990594,0.000820851,0.000680759
7754,25.302889000000004,5.137980000000001,1.16408,0.205236,0.0174928,0.00723052,0.00485653,0.00354959,0.00294137,0.00243938
7759,25.322882,5.109904000000002,1.1644,0.0655372,0.00549493,0.00225293,0.0015127,0.00110558,0.000916134,0.00075978
7760,25.409861,5.382544999999996,1.16478,0.0594646,0.00510725,0.00211992,0.00142398,0.00104077,0.000862439,0.000715249
7761,25.406203,5.386826000000002,1.16478,0.062905,0.00519905,0.00215818,0.00144968,0.00105956,0.000878006,0.00072816
7763,26.785937,5.284116999999997,1.16585,0.0601931,0.00517696,0.00213653,0.00143477,0.00104864,0.000868951,0.00072065
7765,25.224729,5.064135999999996,1.16638,1.4704,0.130267,0.0520885,0.0349037,0.0255036,0.021133,0.0175262
7766,25.225971,5.072223000000001,1.16638,0.622001,0.0516723,0.0214203,0.0143882,0.0105162,0.00871427,0.00722704
7767,26.289331,5.889537000000004,1.16702,0.552066,0.0474472,0.019651,0.0131974,0.00964554,0.00799274,0.00662864
7768,26.875149,4.9013140000000055,1.16725,0.0636754,0.00512908,0.00212606,0.00142808,0.00104378,0.000864926,0.000717312
7769,25.937366,6.299003000000004,1.16733,0.159574,0.016291,0.00623085,0.00396411,0.00280682,0.00229653,0.00188864
7772,26.612478,5.030096999999994,1.16762,0.0850305,0.00732361,0.00303509,0.00203865,0.00149003,0.00123472,0.00102399
7773,25.553191,4.950710999999997,1.16783,0.241483,0.0211458,0.00855449,0.00574054,0.00419539,0.00347649,0.00288317
7774,26.80809,5.042259000000006,1.16868,0.119445,0.0102855,0.00427059,0.00286862,0.00209665,0.00173739,0.00144088
7775,25.896489,6.261509000000005,1.16875,3.41968,0.280934,0.116654,0.0783584,0.0572716,0.0474582,0.0393587
7780,26.954719,4.998407000000006,1.16935,1.49387,0.128624,0.0533665,0.0358467,0.0262001,0.0217107,0.0180054
7781,26.952857,4.994282999999997,1.16935,0.0982776,0.00756257,0.00307357,0.00206336,0.00150801,0.00124961,0.00103634
7786,24.905009,4.965231999999998,1.1702,0.355345,0.0302759,0.0125544,0.00843296,0.00616359,0.00510746,0.00423579
7787,25.865958,6.253597999999996,1.17021,0.0945113,0.0086583,0.00345501,0.00228129,0.00165557,0.001369,0.00113412
7788,25.864128,6.264431000000006,1.17021,0.0840189,0.00716023,0.00297206,0.00199637,0.00145913,0.00120911,0.00100276
7789,27.0981,4.944052999999994,1.17031,0.0533095,0.00462542,0.00189737,0.0012733,0.000930514,0.000771057,0.000639461
7791,26.882957,5.039102999999995,1.17084,0.718353,0.0614319,0.0255076,0.0171338,0.012523,0.0103772,0.00860617
7792,26.886885,5.035006999999994,1.17084,0.122571,0.0111152,0.00428407,0.00286888,0.00209631,0.00173708,0.00144061
7793,25.219236,5.219008000000002,1.17143,0.080045,0.00686036,0.00284872,0.00191353,0.00139858,0.00115894,0.000961146
7794,26.873078,5.0622219999999984,1.17189,0.794465,0.0681235,0.0282793,0.0189956,0.0138838,0.0115048,0.0095413
7795,26.412216,5.396547999999997,1.172,0.130857,0.0111251,0.00461576,0.00310045,0.0022661,0.0018778,0.00155733
7796,26.411508,5.394697000000006,1.172,27.3309,2.35382,0.977133,0.656353,0.479724,0.397524,0.32968
7797,26.399586,5.395298000000003,1.172,0.113198,0.00970685,0.00395381,0.00265456,0.00194013,0.00160769,0.00133331
7798,26.763764,6.080531999999995,1.17309,0.0855797,0.00735214,0.00304667,0.00204631,0.00149562,0.00123935,0.00102783
7799,25.141465,5.333533,1.17504,0.115412,0.00964122,0.00400345,0.00268917,0.0019655,0.00162871,0.00135075
7800,25.145182,5.333084000000006,1.17504,0.706867,0.0601059,0.0249489,0.0167585,0.0122487,0.0101499,0.00841765
7801,25.144517,5.327761000000001,1.17504,0.32163,0.0316105,0.0117379,0.00769617,0.0055929,0.00462979,0.00383827
7807,27.072712,6.626138999999995,1.1764,0.151502,0.011838,0.00489671,0.00328901,0.0024039,0.001992,0.00165203
7808,25.120643,5.3556209999999975,1.17716,0.0981753,0.00841431,0.00349022,0.00234442,0.00171352,0.00141991,0.00117758
7812,26.473379000000005,6.6422970000000054,1.17975,0.162738,0.0138518,0.00575129,0.00386323,0.00282361,0.00233978,0.00194046
7814,27.150398,6.928412999999998,1.17989,37.893,3.31159,1.35476,0.907893,0.663227,0.549532,0.45573
7815,26.623257,6.603130000000006,1.17998,0.717804,0.048045,0.0189555,0.0127093,0.00928712,0.00769557,0.00638215
7816,26.617209,6.602235000000005,1.17998,0.0684608,0.00588362,0.00244309,0.00164106,0.00119944,0.000993916,0.000824288
7817,26.618825,7.187170000000004,1.18021,0.131476,0.0463748,0.0291423,0.0176266,0.0101814,0.00689652,0.00451759
7818,25.764037,6.377096999999995,1.18027,0.142275,0.0126852,0.005013,0.00333358,0.00242881,0.00201103,0.00166718
7819,26.328085,6.761346000000003,1.18031,0.072591,0.00558433,0.00231874,0.00155753,0.00113839,0.000943328,0.000782334
7820,26.32499,6.761974999999997,1.18031,0.0525807,0.00440999,0.00179912,0.00120789,0.0008828,0.00073153,0.000606682
7824,26.475142,6.654932999999995,1.18053,0.216917,0.0186387,0.00773951,0.00519874,0.00379973,0.00314865,0.00261128
7825,26.674555000000005,6.557958000000004,1.18126,0.0819269,0.00703356,0.00291518,0.00195807,0.00143114,0.00118591,0.000983518
7826,25.276388,4.9352,1.18251,0.0600614,0.00515772,0.00213848,0.00143639,0.00104984,0.000869951,0.00072148
7833,26.522993,6.330187000000002,1.18376,0.0731274,0.00627929,0.00257452,0.00172826,0.00126308,0.00104664,0.000868011
7834,26.927547000000004,6.866374999999997,1.18412,0.027994,0.0603049,0.0915162,0.0849196,0.068856,0.0565267,0.0438413
7835,26.931984,6.864327000000004,1.18412,0.0743562,0.0274301,0.0235364,0.0168656,0.0111009,0.00804738,0.00554057
7836,26.822808,6.466914999999995,1.18429,0.0945236,0.0078792,0.00326923,0.00219598,0.00160503,0.00133001,0.00110302
7837,26.813407,6.466791000000001,1.18429,0.792664,0.0680657,0.0282599,0.0189826,0.0138743,0.0114969,0.00953478
7838,26.555579,6.105204999999998,1.18511,1.0317,0.0848368,0.0350331,0.0235315,0.017199,0.014252,0.0118196
7839,27.173043,5.071854999999997,1.18526,1.15992,0.391783,0.247084,0.149093,0.0858303,0.0580417,0.0380117
7840,25.854032,6.085025,1.18527,0.109574,0.00939799,0.0038675,0.00259763,0.00189858,0.00157326,0.00130476
7841,25.854929000000002,6.091078999999994,1.18527,0.0909332,0.00900937,0.00360651,0.00230931,0.00163593,0.00133821,0.00110036
7842,26.142832,6.076619000000006,1.18542,0.135113,0.0138324,0.00470988,0.00301651,0.0021711,0.00179214,0.00148359
7844,25.288042,5.056175999999997,1.186,0.0565202,0.0048274,0.00200441,0.00134639,0.000984069,0.000815449,0.00067628
7846,25.335968000000005,5.016131,1.18662,0.0664672,0.00569423,0.00236429,0.00158813,0.00116075,0.000961858,0.000797702
7847,26.828722,5.018832999999997,1.18683,0.0970339,0.0303415,0.00911759,0.00406528,0.00214974,0.00153489,0.00115006
7849,25.740236,6.105409000000003,1.1881,0.12954,0.0103055,0.00427886,0.00287417,0.00210071,0.00174076,0.00144367
7850,25.743984,6.094222999999996,1.1881,0.106755,0.00824631,0.00341409,0.00229328,0.00167614,0.00138894,0.00115189
7851,25.471227000000003,4.9705719999999936,1.18957,34.4441,4.21918,1.77848,1.05606,0.692209,0.543896,0.433951
7853,25.736434,5.242336000000005,1.19069,0.0629254,0.00455073,0.0018892,0.00126901,0.000927508,0.00076858,0.00063741
7855,25.201332,4.812291999999998,1.19214,0.207532,0.0184094,0.00727855,0.00486901,0.00355647,0.00294683,0.00244384
7859,25.890716,6.979030999999996,1.19492,0.513969,0.0428987,0.017769,0.0119352,0.00872334,0.0072286,0.00599492
7861,25.922185,6.707890000000005,1.1964,0.0761164,0.00660554,0.00245333,0.0016397,0.00119783,0.00099253,0.00082313
7862,25.391958,5.0980329999999965,1.19667,0.0551049,0.00509344,0.002118,0.00138816,0.000993842,0.000815319,0.000671129
7863,26.612882,6.885644999999998,1.19703,1.39737,0.117462,0.0481563,0.0323418,0.0236382,0.0195878,0.0162448
7864,26.60962,6.888143000000002,1.19703,0.0696422,0.00612625,0.00250116,0.00167179,0.00121987,0.00101042,0.000837809
7865,25.297172000000003,4.9178320000000015,1.1972,0.272289,0.0234041,0.0097171,0.00652711,0.00477063,0.00395318,0.00327851
7866,25.298068,4.924815000000005,1.1972,0.0540209,0.00474825,0.00193435,0.0012931,0.000943607,0.000781597,0.000648077
7867,25.294887,4.917273999999996,1.1972,0.578938,0.0473409,0.0196224,0.0131804,0.00963343,0.00798275,0.00662037
7870,24.931621,5.443488999999997,1.19917,0.158679,0.0115301,0.0047043,0.00315846,0.00230839,0.00191283,0.00158638
7871,26.723888,5.547547999999997,1.19955,0.0592306,0.00483254,0.0019916,0.00133776,0.000977756,0.000810219,0.000671942
7872,26.934055,5.6144689999999935,1.19971,0.160515,0.0124607,0.0051355,0.00344905,0.00252086,0.00208891,0.0017324
7873,27.046505,5.509737999999995,1.20019,0.0650492,0.00540714,0.00224426,0.0015075,0.00110182,0.000913024,0.000757201
7875,25.923488000000003,7.007119999999995,1.20052,0.359997,0.0887275,0.0389145,0.021126,0.0119846,0.00840158,0.00593882
7876,25.649934,5.433141999999999,1.20138,0.567091,0.0487974,0.0202627,0.0136108,0.00994801,0.00824342,0.00683655
7877,25.655114,5.445557000000006,1.20138,3.03986,0.263427,0.108229,0.0726561,0.0531003,0.0440013,0.0364917
7878,26.710271,5.485197000000005,1.20139,0.0905437,0.00777106,0.00320958,0.00215581,0.00157566,0.00130567,0.00108284
7879,26.703967,5.488907999999997,1.20139,0.0556184,0.00466291,0.00193556,0.00130014,0.000950263,0.000787436,0.000653048
7880,26.710047,5.3391270000000075,1.20208,0.0695481,0.0059717,0.00247956,0.00166556,0.00121735,0.00100875,0.000836594
7881,26.718575,5.331176999999997,1.20208,0.520644,0.0440463,0.0181684,0.0122019,0.00891814,0.00739001,0.00612879
7883,26.851438,5.343331000000002,1.20269,5.62237,0.637343,0.24387,0.14981,0.103147,0.0833185,0.0679029
7884,26.850527,5.3440900000000005,1.20269,0.0894596,0.00761948,0.00316276,0.00212447,0.00155276,0.0012867,0.0010671
7887,26.926897000000004,5.7207389999999965,1.20424,0.837017,0.0681474,0.0282373,0.0189673,0.013863,0.0114876,0.00952707
7888,26.92289,5.720565999999999,1.20424,0.112201,0.00910739,0.00377248,0.00253399,0.00185208,0.00153472,0.0012728
7889,25.010417,6.224565999999996,1.20494,0.740314,0.063071,0.02613,0.0175511,0.0128279,0.0106299,0.0088157
7890,26.70558,5.8295770000000005,1.20525,0.369689,0.0317875,0.0131971,0.00886468,0.00647914,0.00536894,0.00445265
7891,25.838854,7.118169000000002,1.20548,0.207232,0.0605867,0.0721546,0.0661771,0.0546777,0.0459003,0.0367099
7892,25.035922,6.160832000000006,1.20564,0.0722831,0.00621349,0.00257965,0.00173278,0.00126648,0.00104947,0.000870359
7893,26.713672,5.390517000000004,1.20606,0.127931,0.0109723,0.00455605,0.00306037,0.0022368,0.00185353,0.00153719
7894,25.043963,6.112633000000006,1.20607,0.0582405,0.00489119,0.00203082,0.00136413,0.000997035,0.000826194,0.00068519
7895,26.759622,5.349191000000006,1.20638,0.0534785,0.00436997,0.00179179,0.00120348,0.000879612,0.000728891,0.000604494
7896,26.75666,5.343551999999998,1.20638,1.06209,0.0886134,0.0365702,0.0245633,0.0179531,0.0148769,0.0123379
7897,24.944426000000004,5.242316000000002,1.20678,0.824452,0.070306,0.0291927,0.0196091,0.0143322,0.0118764,0.00984949
7898,24.945675,5.239543999999996,1.20678,0.0565757,0.00458841,0.00190481,0.00127949,0.000935169,0.000774928,0.000642674
7899,24.945752,5.224472999999996,1.20678,0.141918,0.0140375,0.00526486,0.00340507,0.00245168,0.00202279,0.00167385
7900,26.667181,5.273938000000002,1.2073,0.0838635,0.0126863,0.00514771,0.00294613,0.00185223,0.0014143,0.00109766
7901,26.842563,5.006560000000005,1.20765,0.060113,0.0051689,0.00214635,0.00144173,0.00105375,0.000873194,0.000724169
7904,25.597833,5.483794999999996,1.20793,0.0980311,0.00829824,0.00344569,0.00231452,0.00169167,0.0014018,0.00116256
7905,25.340614,5.875184000000006,1.20793,0.0526669,0.00453163,0.00188143,0.00126378,0.00092369,0.000765417,0.000634786
7906,25.338866,5.874276000000004,1.20793,3.52223,0.238439,0.0989754,0.0664832,0.0485921,0.0402659,0.0333939
7908,26.258692,6.502584000000004,1.20869,26.7455,2.27895,0.938592,0.630212,0.460593,0.381668,0.31653
7909,26.265198,6.498704000000005,1.20869,0.83814,0.0716015,0.0297304,0.0199703,0.0145962,0.0120951,0.0100309
7910,27.022097,6.946153000000005,1.20955,0.136271,0.0102129,0.00424012,0.00284815,0.0020817,0.001725,0.0014306
7911,26.792768000000002,5.395227000000002,1.21012,0.201352,0.0160584,0.00665649,0.00447121,0.00326798,0.00270801,0.00224584
7912,26.490005,5.436236999999998,1.21013,0.632754,0.0541133,0.0224556,0.0150835,0.0110244,0.00913536,0.00757626
7915,26.842824,6.011341999999996,1.21042,1.59658,0.136543,0.0566953,0.038083,0.0278346,0.0230652,0.0191287
7916,26.835665,6.016863999999999,1.21042,1.35721,0.116827,0.0484855,0.0325683,0.0238039,0.0197251,0.0163587
7918,26.746532,5.9804529999999945,1.21055,0.113123,0.0137919,0.00467309,0.00282672,0.0019737,0.00161341,0.00132877
7919,26.740855,5.980655000000004,1.21055,0.0603722,0.00505326,0.00209823,0.00140941,0.00103013,0.000853617,0.000707933
7920,26.746073,5.980230000000003,1.21055,0.225549,0.019356,0.00803436,0.00539679,0.00394448,0.00326859,0.00271075
7921,26.787872,6.044350000000006,1.21079,0.0441185,0.0714479,0.148176,0.165935,0.159028,0.145478,0.126421
7923,27.148614,5.600546999999995,1.21117,0.0992396,0.0217998,0.00758337,0.00375878,0.00216277,0.00160722,0.00123759
7924,27.160062,5.5950090000000055,1.21117,0.0868906,0.00742042,0.0029972,0.00201264,0.00147101,0.00121895,0.00101092
7925,27.158874,5.591344000000005,1.21117,0.193094,0.0166326,0.00690379,0.00463734,0.0033894,0.00280863,0.00232929
7926,26.688971,5.942386000000006,1.21129,0.341851,0.0292243,0.0121041,0.0081302,0.0059423,0.00492409,0.00408371
7928,25.488419,6.393883999999998,1.21157,0.125406,0.00993433,0.00379127,0.00253072,0.00184764,0.00153078,0.00126945
7929,24.817713,6.767769999999998,1.21165,0.0524135,0.00450876,0.00187214,0.00125754,0.000919129,0.000761637,0.000631651
7930,24.823667,6.759519000000005,1.21165,1.48264,0.125442,0.0520885,0.0349886,0.0255729,0.021191,0.0175744
7933,26.757500000000004,5.243172999999994,1.2126,0.0865347,0.00743891,0.00308396,0.00207151,0.00151406,0.00125462,0.0010405
7935,26.987066,6.228179999999998,1.21305,0.274597,0.0229425,0.00952062,0.00639513,0.00467416,0.00387324,0.00321221
7940,26.766058,5.092430000000005,1.21327,0.12971,0.0111791,0.00460596,0.00309064,0.00225832,0.00187125,0.00155185
7941,26.76593,5.093295000000002,1.21327,0.0626733,0.00537014,0.00222935,0.00149748,0.0010945,0.000906956,0.00075217
7942,26.634085,5.987163,1.2134,0.0930109,0.00788609,0.00327464,0.00219962,0.00160769,0.00133221,0.00110485
7943,26.640902,5.990075,1.2134,0.0830101,0.00715586,0.00295316,0.00198299,0.00144929,0.00120095,0.000995988
7944,26.984485,7.000671000000004,1.215,0.0704571,0.00559412,0.0022347,0.00149785,0.00109441,0.00090684,0.000752062
7945,26.568486,6.640360999999997,1.21557,0.112347,0.00949234,0.00393783,0.00264508,0.00193327,0.00160201,0.0013286
7948,27.002884,7.033198999999998,1.21638,0.324709,0.0343514,0.012334,0.00778934,0.00553618,0.00454586,0.00375057
7949,26.564272,7.010028999999997,1.21673,0.0730532,0.0089749,0.00308575,0.00185096,0.00127299,0.00103167,0.000844076
7950,26.568462,7.011765999999994,1.21673,0.0603359,0.0051966,0.00215467,0.00144715,0.00105769,0.000876456,0.000726874
7951,26.558693,7.007570999999998,1.21673,0.249383,0.0214282,0.00889764,0.00597667,0.00436831,0.0036198,0.00300202
7956,27.134086,5.458134999999996,1.21916,0.09603,0.00826022,0.00342585,0.00230113,0.00168188,0.00139369,0.00115583
7957,26.762596,5.083437000000004,1.21919,2.25162,0.196391,0.0763536,0.0508708,0.037111,0.0307406,0.0254904
7958,26.762895000000004,5.085796000000006,1.21919,0.140379,0.0120758,0.00500769,0.00336364,0.00245846,0.0020372,0.00168952
7959,26.704423,5.2919570000000045,1.21995,0.0566814,0.00486819,0.0020182,0.00135563,0.000990824,0.000821047,0.000680922
7960,26.978134,5.0459710000000015,1.22057,6.19528,0.765299,0.39859,0.254128,0.165142,0.125143,0.0948165
7961,26.980321,5.053131999999996,1.22057,0.129021,0.0106769,0.0044201,0.00296882,0.00216988,0.00179807,0.0014912
7969,25.338268,4.919287000000004,1.22148,0.0728721,0.00619297,0.00255817,0.00171829,0.00125588,0.00104069,0.000863079
7970,26.841363,6.749186,1.22241,0.458373,0.0385062,0.0159894,0.0107403,0.00785003,0.00650493,0.00539476
7971,26.833933,6.754409999999995,1.22241,0.294348,0.0255402,0.0102051,0.00681941,0.00497771,0.00412361,0.00341944
7972,26.991111,4.8987949999999945,1.22257,0.881811,0.0668021,0.0275369,0.0184963,0.0135188,0.0112024,0.0092905
7975,26.59635,5.462065000000001,1.22319,0.0810842,0.00675925,0.00271932,0.00182449,0.00133335,0.00110487,0.000916305
7977,26.855545,7.160016,1.22439,0.350003,0.0297469,0.0123511,0.00829643,0.0060638,0.00502478,0.00416722
7978,24.85694,5.140612000000001,1.2244,0.051133,0.00428362,0.00177785,0.00119421,0.000872837,0.000723277,0.000599838
7979,24.856796,5.1427970000000025,1.2244,0.195543,0.0205467,0.00922526,0.00582944,0.00395282,0.00313493,0.00250668
7980,24.858719,5.142527000000003,1.2244,0.180672,0.0155092,0.0064399,0.00432577,0.00316168,0.00261993,0.00217279
7982,26.971845,6.610839999999997,1.22517,0.055001,0.00471334,0.00195417,0.00131261,0.00095938,0.000794991,0.000659313
7983,26.827624,6.604789000000002,1.22524,0.0594519,0.00506797,0.00210437,0.00141354,0.00103314,0.000856116,0.000710006
7984,26.834521,6.611679999999998,1.22524,0.0660216,0.00574372,0.00234683,0.00157328,0.00114942,0.000952393,0.000789831
7985,26.830519,6.604034000000006,1.22524,0.0526405,0.00439222,0.00182361,0.00122494,0.000895304,0.000741894,0.000615278
7986,26.60191,5.569329999999994,1.22538,0.205256,0.018529,0.00740563,0.00492444,0.00358829,0.00297138,0.00246354
7987,25.784149,6.413518000000001,1.22549,0.0515443,0.00422601,0.00172345,0.00115735,0.000845884,0.000700942,0.000581315
7988,24.813703,6.042442000000006,1.22554,0.128891,0.0106832,0.00443267,0.00297748,0.00217622,0.00180333,0.00149556
7991,24.874038,5.1657220000000015,1.22673,0.0530844,0.0199607,0.0346582,0.0377487,0.0356426,0.0323722,0.0279598
7993,26.696315,5.053299999999999,1.22712,0.0580512,0.00496591,0.00206142,0.00138468,0.00101206,0.00083864,0.000695513
7994,26.694754,5.044575000000003,1.22712,0.214232,0.0184224,0.00764954,0.00513831,0.00375556,0.00311204,0.00258092
7995,26.700779,5.048880999999994,1.22712,0.309507,0.0261518,0.0108289,0.00727321,0.00531588,0.004405,0.00365321
7996,26.554232,5.049347999999996,1.22719,0.111042,0.00941964,0.00391116,0.00262718,0.00192019,0.00159117,0.00131961
7997,26.552468000000005,5.0471970000000015,1.22719,0.777507,0.0661393,0.0274638,0.0184478,0.0134834,0.011173,0.00926617
7998,26.560695,5.047593999999994,1.22719,0.118314,0.0100205,0.00415967,0.00279411,0.00204219,0.00169227,0.00140345
8000,25.606191,5.056035,1.22751,0.308238,0.0257282,0.0106387,0.0071453,0.00522238,0.00432753,0.00358896
8001,26.106301,4.986450999999994,1.22759,0.137742,0.0118002,0.00489984,0.00329129,0.00240559,0.00199339,0.00165319
8002,25.341009,5.179857000000003,1.22773,0.0793684,0.00699549,0.00284903,0.00190347,0.00138873,0.00115025,0.000953735
8007,25.350866,5.240634999999997,1.22802,0.0934405,0.0080917,0.00332262,0.00222981,0.00162951,0.00135027,0.00111982
8008,25.950457000000004,6.35723,1.22834,0.0778159,0.00648241,0.00269141,0.00180786,0.00132135,0.00109494,0.000908069
8009,25.947081,6.360593000000002,1.22834,3.91563,0.339696,0.138769,0.0930873,0.0680218,0.0563645,0.0467446
8010,26.185468,5.111452999999995,1.22875,0.0509517,0.00438154,0.00181939,0.00122211,0.000893232,0.000740177,0.000613854
8015,25.118216,5.301050000000005,1.22899,0.997154,0.0845547,0.0350685,0.0235558,0.0172168,0.0142667,0.0118318
8016,25.172772,5.030694000000001,1.22913,0.340885,0.0292944,0.012158,0.00816664,0.00596894,0.00494617,0.00410203
8018,26.08863,4.806290999999996,1.22964,0.119334,0.00993656,0.0041229,0.0027694,0.00202414,0.0016773,0.00139104
8019,27.176279,6.956803000000004,1.22968,0.0627749,0.00537938,0.00223117,0.00149868,0.00109537,0.000907681,0.000752771
8022,26.195392000000002,5.059707000000002,1.22985,0.184668,0.0148775,0.00615621,0.00413495,0.00302219,0.00250434,0.00207693
8023,26.180737,4.972750000000005,1.23027,6.86482,0.591098,0.245431,0.16486,0.120495,0.0998482,0.0828075
8024,26.173159,4.975694000000004,1.23027,0.153921,0.0132462,0.00550023,0.00369458,0.00270034,0.00223764,0.00185575
8025,26.502881,5.313758,1.2307,0.0710386,0.00602846,0.00250312,0.00168138,0.00122891,0.00101834,0.000844542
8026,24.872,4.920737,1.23079,0.422096,0.0361814,0.0150231,0.0100913,0.00737564,0.00611183,0.00506874
8027,25.785473,7.011357999999997,1.23138,0.114724,0.00988087,0.004098,0.00275264,0.00201189,0.00166715,0.00138263
8030,26.50494,5.412107999999996,1.23196,7.7556,0.65018,0.269967,0.18134,0.132541,0.10983,0.0910856
8031,26.506511,5.414926000000007,1.23196,0.0760503,0.00566966,0.00235401,0.00158122,0.00115571,0.000957677,0.000794234
8032,27.182727000000003,6.723150000000002,1.23247,0.414211,0.0346434,0.0140823,0.00945563,0.0069109,0.00572671,0.00474935
8033,27.194,6.772794999999994,1.23256,0.0681917,0.00566515,0.00227239,0.00152482,0.00111438,0.000923428,0.000765829
8034,27.199778,6.781340999999995,1.23256,0.248188,0.0217679,0.00877758,0.00586722,0.00428259,0.0035477,0.00294185
8036,26.872664,6.448969000000001,1.23434,0.0502988,0.00392422,0.00162938,0.00109448,0.000799948,0.000662877,0.000549747
8037,26.679916,5.029629000000002,1.23434,28.6224,2.37339,0.977523,0.656474,0.479803,0.397588,0.329733
8041,26.546718,4.979362999999996,1.23477,0.0976669,0.0082813,0.00343854,0.00230971,0.00168816,0.00139889,0.00116015
8042,26.678071,5.0486490000000055,1.23508,1.80219,0.15402,0.0638546,0.0428914,0.0313491,0.0259774,0.0215439
8043,26.734131,5.080392,1.23519,0.176599,0.0146053,0.00606442,0.00407356,0.00297734,0.00246717,0.00204611
8044,26.812762,5.670786999999998,1.23537,0.0890395,0.00747557,0.00310391,0.00208494,0.00152387,0.00126276,0.00104725
8045,26.809012,5.663047999999995,1.23537,1.03429,0.0869951,0.0358853,0.0241028,0.0176165,0.0145979,0.0121065
8046,25.722664,6.784431,1.23551,0.0651091,0.00506506,0.0021025,0.00141228,0.00103223,0.000855355,0.000709375
8047,25.212798000000003,5.476574999999997,1.23585,0.0808167,0.00681297,0.00282636,0.00189849,0.0013876,0.00114983,0.000953595
8048,25.620972,6.841894999999994,1.23588,0.0722313,0.0061003,0.00251978,0.00169254,0.00123707,0.0010251,0.000850146
8049,26.629299,5.0161960000000025,1.23603,0.197838,0.222177,0.494808,0.573398,0.563368,0.522539,0.459975
8051,25.037282,5.545237000000007,1.2362,0.0602297,0.0051357,0.00213227,0.00143228,0.00104684,0.000867466,0.000719419
8052,26.86766,5.833958999999999,1.23629,2.93886,0.252519,0.104856,0.070433,0.051479,0.0426581,0.0353778
8053,26.87036,5.831470999999996,1.23629,1.89498,0.162302,0.0673888,0.045266,0.0330846,0.0274156,0.0227367
8055,25.108175,5.066773999999994,1.23739,0.0889766,0.00764106,0.00316832,0.00212819,0.00155548,0.00128895,0.00106897
8056,27.120908,5.949650000000002,1.2374,0.0950691,0.00813089,0.00337329,0.00226587,0.00165611,0.00137234,0.00113813
8057,25.51694,4.905744999999994,1.23752,0.0526819,0.00804636,0.00180587,0.00101541,0.000702523,0.000574973,0.000474363
8059,25.512926000000004,4.933399000000004,1.23824,0.06014,0.0075106,0.00258059,0.00154062,0.00106439,0.000866422,0.000711739
8060,25.512889,4.933910000000001,1.23824,0.0512423,0.00438556,0.00181703,0.00122048,0.000892043,0.000739192,0.000613037
8061,26.046039,5.507475999999995,1.2383,0.38243,0.0293008,0.0121494,0.0081609,0.00596475,0.00494269,0.00409914
8062,26.676279,5.026026999999996,1.23834,0.0622689,0.00419611,0.0017305,0.00116238,0.000849576,0.000704002,0.000583852
8063,26.667542,5.031889999999998,1.23834,0.0533185,0.00441822,0.00183452,0.00123227,0.000900658,0.000746331,0.000618958
8064,25.146884,5.279850999999998,1.23863,0.0688894,0.00587309,0.0023935,0.00160658,0.00117415,0.000972953,0.000806901
8068,25.632809,6.748711000000005,1.2392,0.133553,0.0114852,0.00476779,0.00320258,0.00234075,0.00193966,0.00160863
8069,25.633355,6.745423000000006,1.2392,0.0701395,0.00599995,0.00249114,0.00167333,0.00122303,0.00101346,0.000840499
8070,25.633087,6.746938999999996,1.2392,0.0504334,0.00433977,0.00180193,0.00121038,0.000884658,0.000733072,0.000607962
8072,26.754941,7.033854000000005,1.2397,0.0696611,0.00593066,0.00246117,0.0016532,0.00120832,0.00100127,0.000830388
8075,25.267233000000004,5.051132000000002,1.24037,3.4094,0.290576,0.120658,0.0810477,0.0592372,0.049087,0.0407095
8076,26.766552,5.171444999999998,1.24043,0.0648444,0.00551067,0.00228373,0.00153399,0.00112118,0.000929069,0.000770508
8077,26.771307,5.170439000000002,1.24043,0.32389,0.0281214,0.0115955,0.00777823,0.00568321,0.00470912,0.00390535
8078,25.195937,5.113446000000001,1.24108,0.0970385,0.00587739,0.00244049,0.00163931,0.00119816,0.00099286,0.000823412
8079,26.597658,4.990595999999998,1.24154,6.48199,0.557412,0.231387,0.155426,0.1136,0.0941343,0.0780688
8080,26.601706000000004,4.993056000000005,1.24154,0.197029,0.0168347,0.00698734,0.00469349,0.00343044,0.00284263,0.00235749
8081,26.597604,4.9945360000000045,1.24154,0.768759,0.0669352,0.0271227,0.0181545,0.013257,0.0109833,0.00910808
8082,26.606484,4.988847999999995,1.24154,3.28865,0.279806,0.116014,0.0779249,0.0569545,0.0471954,0.0391407
8085,26.638565,4.955017000000001,1.24193,0.112511,0.00960925,0.00398963,0.00267989,0.00195871,0.00162309,0.00134608
8086,26.644484,4.966373000000005,1.24193,2.12295,0.182462,0.0757094,0.0508547,0.0371693,0.0308004,0.0255438
8087,25.734105,6.8355650000000026,1.24277,0.0548181,0.00480632,0.00195764,0.00131128,0.000957815,0.000793608,0.000658141
8089,25.392921,6.610858000000005,1.2448,0.0963767,0.00806324,0.00334712,0.00224831,0.00164327,0.0013617,0.0011293
8090,26.871483,6.111787999999998,1.24495,0.206349,0.0174841,0.00725636,0.0048742,0.00356252,0.00295208,0.00244826
8091,26.879146,6.098643000000005,1.24495,0.462203,0.0444902,0.0170693,0.0111421,0.00805977,0.00666062,0.00551682
8092,25.801816,6.798815000000006,1.245,0.113191,0.00844037,0.00350352,0.00235337,0.00172006,0.00142533,0.00118207
8093,25.796667,6.799094000000002,1.245,0.114858,0.00983958,0.00408579,0.00274449,0.00200593,0.00166221,0.00137853
8095,26.032439,6.114044,1.2464,0.0633839,0.00574343,0.00230287,0.00152663,0.0011104,0.000918935,0.000761631
8098,25.845708,6.561749999999997,1.24724,6.04814,0.51999,0.215923,0.145038,0.106008,0.0878432,0.0728513
8099,25.479491,6.534474999999999,1.24832,0.148112,0.0126837,0.00522844,0.00351108,0.00256616,0.00212645,0.00176353
8100,25.988197,6.603628999999995,1.24838,0.119718,0.0119014,0.00521341,0.00334058,0.00231194,0.00185776,0.00150274
8103,25.194035,5.733035999999994,1.24872,0.128284,0.0549625,0.0165844,0.00706463,0.00339311,0.0022361,0.00154682
8104,25.192212,5.721436999999995,1.24872,0.0764202,0.00674363,0.00251196,0.00168077,0.00122806,0.0010176,0.000843929
8105,25.19221,5.713694000000002,1.24872,0.735899,0.0630022,0.0260977,0.0175293,0.012812,0.0106167,0.00880479
8106,25.188169000000002,5.715426000000006,1.24872,0.138342,0.0117014,0.00485693,0.00326247,0.00238452,0.00197593,0.00163871
8108,24.889743,6.103179000000003,1.24935,0.0561641,0.00442647,0.00182538,0.00122607,0.000896122,0.000742572,0.00061584
8109,24.894094,6.105014999999997,1.24935,0.164205,0.0141186,0.00585958,0.00393596,0.00287676,0.00238383,0.00197699
8110,25.314013,6.166260000000006,1.24977,0.112791,0.0141397,0.00947144,0.00708599,0.00509169,0.00398155,0.00301391
8111,25.321392,6.158045999999994,1.24977,1.78918,0.161115,0.0652543,0.0432518,0.0314161,0.02598,0.0215216
8112,25.304111,5.6824849999999945,1.24981,0.102998,0.00878355,0.00363863,0.00244401,0.0017863,0.00148022,0.0012276
8115,25.300154,5.692803999999995,1.25033,0.0956686,0.00872898,0.00336673,0.00224034,0.00163435,0.00135388,0.0011227
8116,26.486759,5.583303999999995,1.25073,0.0645213,0.00554788,0.00230167,0.00154605,0.00113,0.000936374,0.000776567
8117,24.993082,7.027004000000006,1.25089,0.0697186,0.00595028,0.00247054,0.0016595,0.00121291,0.00100508,0.000833549
8120,27.062697000000004,6.547189999999995,1.25329,2.0832,0.176311,0.0732049,0.0491728,0.0359401,0.0297818,0.024699
8121,27.094417,6.030930999999998,1.25399,0.0599672,0.00515475,0.00213822,0.00143626,0.00104975,0.000869877,0.000721419
8122,27.090288,6.026736000000001,1.25399,0.06696,0.00551647,0.00217802,0.0014569,0.00106399,0.000881553,0.000731066
8125,27.084935,5.866953999999995,1.25555,0.0542436,0.00419445,0.00174154,0.00116982,0.000855014,0.000708508,0.000587589
8130,25.712284,5.521243000000005,1.25632,2.19899,0.197965,0.0795069,0.0528717,0.0385241,0.0319006,0.0264485
8136,26.423947,6.386141999999996,1.25816,0.0646284,0.00555667,0.00229571,0.00154183,0.0011269,0.000933805,0.000774436
8141,24.941711,6.495209999999994,1.2591,0.607372,0.317003,0.214533,0.131151,0.0752305,0.0501857,0.0319621
8142,26.920037,4.849987999999994,1.25946,0.131549,0.0113665,0.00468993,0.00314897,0.00230144,0.00190707,0.0015816
8143,24.87141,5.355323000000003,1.2596,0.0843294,0.00835733,0.00309873,0.00200035,0.00143876,0.00118653,0.000981525
8144,24.879027000000004,5.362235999999997,1.2596,0.194989,0.0153418,0.00636874,0.00427798,0.00312674,0.00259098,0.00214879
8145,24.873167,5.358820000000001,1.2596,0.0740345,0.00769345,0.00273554,0.00174898,0.00125584,0.00103575,0.000857027
8146,24.876788,5.349561000000005,1.2596,0.132291,0.0112851,0.00468114,0.00314435,0.00229818,0.00190439,0.00157937
8149,25.922358,5.380014000000001,1.26151,0.14811,0.00845971,0.00272953,0.00181381,0.00132409,0.00109706,0.000909802
8151,26.141438,5.710936,1.26192,0.182451,0.0157387,0.00650907,0.00437109,0.00319468,0.00264726,0.00219546
8152,26.140019,5.710834999999995,1.26192,0.522641,0.043445,0.0180392,0.0121172,0.00885637,0.00733884,0.00608635
8153,26.287201,5.290319000000004,1.26207,0.470165,0.0404621,0.0168013,0.0112856,0.00824861,0.00683521,0.00566867
8154,26.121766,5.084229999999998,1.26271,0.150776,0.013076,0.00536639,0.00360254,0.0026329,0.00218174,0.00180939
8155,26.99768,6.009256999999996,1.26285,0.0658762,0.00564143,0.00233044,0.00156501,0.00114382,0.000947828,0.000786065
8156,27.039497000000004,6.174908999999994,1.26288,0.201563,0.0169161,0.00701276,0.00471056,0.00344292,0.00285297,0.00236607
8157,27.092699,5.935239999999995,1.26307,0.0514449,0.00425198,0.00170858,0.00114722,0.000838478,0.000694805,0.000576225
8158,27.091767000000004,5.936929000000006,1.26307,0.119002,0.00820119,0.00340401,0.00228652,0.00167121,0.00138485,0.0011485
8159,27.145061,6.019839999999998,1.26316,0.0647831,0.00554388,0.00230206,0.00154632,0.0011302,0.000936539,0.000776704
8163,26.210507,5.502366999999997,1.26467,0.150882,0.0127964,0.005313,0.00356882,0.00260842,0.00216147,0.00179258
8164,27.140346,6.057441000000001,1.26497,0.165713,0.0141264,0.00584895,0.00392862,0.00287139,0.00237938,0.0019733
8165,26.439795,6.8608100000000025,1.26671,0.136576,0.0107385,0.0044589,0.00299511,0.0021891,0.001814,0.00150441
8166,27.142569,6.000209999999999,1.26744,0.0648909,0.00541117,0.00224488,0.00150791,0.00110212,0.000913275,0.00075741
8167,27.143364,6.000333000000002,1.26744,0.0515503,0.00322366,0.00128061,0.000859132,0.000627854,0.000520265,0.000431472
8168,26.974797,6.4211770000000055,1.26782,1.86506,0.172215,0.0692187,0.0454733,0.0328754,0.0271439,0.0224658
8170,26.487159000000002,6.747793000000001,1.26808,0.0514156,0.00417814,0.00173489,0.00116535,0.000851749,0.000705802,0.000585346
8171,26.104856,5.5746730000000015,1.26812,1.00157,0.0851385,0.0353237,0.0237271,0.017342,0.0143704,0.0119179
8174,26.142702,5.527154999999997,1.26882,0.115321,0.0172803,0.00633652,0.00353844,0.00226138,0.00176691,0.00140809
8175,26.139883,5.512296999999999,1.26882,0.163078,0.0133334,0.00553627,0.00371879,0.00271804,0.00225231,0.00186791
8184,26.024792,5.00226,1.27119,0.0800358,0.00685005,0.00284441,0.00191063,0.00139647,0.00115718,0.000959691
8185,26.022429,5.009488000000005,1.27119,0.186077,0.0174831,0.00714211,0.00464639,0.00332503,0.00273175,0.00225301
8186,26.026006,5.0073139999999965,1.27119,0.0837819,0.00720583,0.00298825,0.00200723,0.00146707,0.00121569,0.00100821
8187,26.028051,5.008964999999998,1.27119,0.167224,0.0107978,0.0044825,0.00301096,0.00220069,0.0018236,0.00151238
8188,26.025739,5.006644999999997,1.27119,0.772294,0.0648456,0.0269078,0.0180743,0.0132104,0.0109468,0.00907855
8190,27.02509,4.825952999999995,1.2714,0.220585,0.0271855,0.00941345,0.0056409,0.00389375,0.00316553,0.00259733
8193,25.370278,5.8641169999999985,1.27233,0.117264,0.00846011,0.0034945,0.00234721,0.00171556,0.0014216,0.00117898
8194,26.591003,6.205652999999995,1.27234,0.1054,0.00895601,0.0037178,0.00249729,0.00182526,0.0015125,0.00125437
8195,27.046867,5.036154000000001,1.27398,0.669888,0.057414,0.0238388,0.0160128,0.0117037,0.00969826,0.00804309
8196,27.054979,5.032158000000002,1.27398,0.0875772,0.00744265,0.0030894,0.00207519,0.00151674,0.00125685,0.00104235
8197,27.050813,5.034394000000001,1.27398,0.193319,0.0175586,0.00690644,0.00457533,0.00332792,0.00275405,0.00228252
8201,25.905287,5.256611,1.27418,0.0910369,0.00776738,0.00322535,0.00216652,0.00158349,0.00131216,0.00108822
8202,25.903454,5.261374000000004,1.27418,0.411579,0.0353301,0.0146705,0.00985438,0.0072025,0.00596836,0.00494976
8203,25.816642,5.252541000000001,1.27438,1.12768,0.0952065,0.0394848,0.0265225,0.0193851,0.0160635,0.013322
8204,25.817199,5.259541999999999,1.27438,0.0760827,0.006678,0.00268721,0.00179503,0.00130989,0.00108504,0.000899707
8205,25.816323,5.256261000000003,1.27438,0.2661,0.0229145,0.00951482,0.00639124,0.00467132,0.00387089,0.00321026
8206,26.047172,4.972583000000006,1.27485,0.843527,0.0725452,0.0301239,0.0202346,0.0147894,0.0122552,0.0101637
8207,26.053292,4.960101000000002,1.27485,0.09137,0.00783946,0.00325526,0.0021866,0.00159817,0.00132433,0.00109831
8208,26.057318000000002,5.526085000000003,1.27522,0.0802932,0.0180412,0.00342076,0.00150748,0.000885897,0.000682808,0.000544229
8209,26.053293,5.520565999999999,1.27522,8.04586,0.659357,0.27077,0.181812,0.13288,0.110111,0.0913184
8210,25.208065,5.889094999999999,1.27531,0.0850711,0.0074407,0.00301363,0.00202101,0.00147684,0.00122376,0.0010149
8213,27.059794,5.157187999999998,1.27558,0.17697,0.0152313,0.00627136,0.00421187,0.0030784,0.00255092,0.00211556
8220,26.160588,4.926243000000003,1.27664,0.240799,0.0207482,0.00848046,0.005693,0.00416074,0.00344778,0.00285936
8221,26.835781,5.764522000000003,1.27684,0.0535945,0.0044365,0.00183933,0.00123549,0.000903013,0.000748282,0.000620576
8222,26.008107,5.443773,1.27753,0.0846084,0.00815547,0.00309641,0.00202198,0.0014629,0.00120892,0.00100127
8223,26.044767,4.867104000000001,1.27798,0.103821,0.00787929,0.00327136,0.00219742,0.00160608,0.00133088,0.00110374
8224,26.041805,4.868408000000005,1.27798,0.308108,0.0237552,0.00984215,0.00661098,0.00483192,0.00400397,0.00332063
8227,26.801531,7.068368000000003,1.27859,0.0858344,0.00729827,0.00299892,0.00201353,0.0014716,0.00121944,0.00101132
8233,26.362295,6.497812000000002,1.28103,0.0897176,0.00750626,0.00311582,0.00209294,0.00152972,0.0012676,0.00105126
8234,26.36569,6.485573000000005,1.28103,0.145617,0.0127783,0.00515314,0.00344977,0.0025197,0.00208772,0.00173134
8235,26.943871,5.217496000000003,1.28121,0.0551565,0.00474313,0.00196947,0.00132292,0.000966915,0.000801235,0.000664491
8236,26.305375,4.923181999999999,1.28133,0.118402,0.0101618,0.00421957,0.00283435,0.00207161,0.00171664,0.00142367
8237,26.524027000000004,6.5055749999999986,1.28149,0.0542056,0.00462179,0.00191406,0.00128568,0.000939695,0.000778679,0.000645785
8238,26.987738,5.224163999999996,1.28197,0.197907,0.016849,0.00699618,0.00469944,0.00343479,0.00284624,0.00236048
8239,26.987481,5.2235119999999995,1.28197,0.142756,0.011659,0.00484119,0.00325189,0.00237679,0.00196953,0.0016334
8241,26.863599,7.076798000000003,1.28239,0.124751,0.0035234,0.0014163,0.000951307,0.000695304,0.000576164,0.000477832
8246,26.543562,6.968025000000002,1.28317,0.0872913,0.00745747,0.00309608,0.00207968,0.00152003,0.00125957,0.0010446
8248,25.834036,5.294733000000002,1.28399,0.0712933,0.00616471,0.00251852,0.00168767,0.00123271,0.00102133,0.000846972
8249,25.636039,5.447480000000002,1.28513,25.956,2.08277,0.864749,0.580864,0.42455,0.351803,0.291762
8250,26.04403,5.435740000000005,1.28513,0.102606,0.00523685,0.00216685,0.0014555,0.00106382,0.000881533,0.000731085
8251,27.172789,4.8264410000000035,1.2852,0.0554635,0.00483565,0.00197993,0.00132835,0.000970712,0.000804364,0.000667083
8252,26.742457,5.617979000000005,1.28535,0.20123,0.0172538,0.00715923,0.00480894,0.00351482,0.00291256,0.00241548
8253,25.415675,6.656013000000004,1.28568,0.215198,0.0178887,0.00742288,0.00498605,0.00364427,0.00301983,0.00250445
8254,25.416237,6.656315000000002,1.28568,0.318469,0.0273671,0.0113609,0.00763129,0.00557766,0.00462193,0.00383313
8255,25.40674,6.657072000000006,1.28568,0.0539174,0.00464037,0.00192647,0.00129404,0.000945805,0.000783742,0.000649984
8256,26.981037,7.105158000000005,1.28584,0.148522,0.0130843,0.00525907,0.00352153,0.00257249,0.00213153,0.00176771
8257,26.981768,7.107779,1.28584,0.129647,0.0109652,0.00455307,0.00305836,0.00223534,0.00185231,0.00153619
8258,27.155899,4.924432000000005,1.28601,0.0667582,0.0056768,0.00232384,0.00155903,0.0011392,0.000943961,0.000782846
8259,26.578951,5.092655000000003,1.28621,0.0778973,0.00668451,0.00277509,0.00186407,0.00136243,0.00112898,0.000936303
8260,27.073509,4.873530999999995,1.28627,0.107799,0.00786415,0.00325089,0.00218358,0.00159596,0.00132249,0.00109679
8261,25.160349,5.516630999999999,1.28696,0.0638857,0.00525331,0.00217227,0.00145911,0.00106645,0.000883718,0.000732897
8262,26.289559,5.103080000000004,1.28705,0.106737,0.00943334,0.00383682,0.00256389,0.00187131,0.00155023,0.00128552
8263,26.291125,5.104174000000004,1.28705,0.538374,0.0311493,0.0129337,0.00868775,0.00634982,0.00526179,0.00436378
8264,26.292627,5.100117000000005,1.28705,0.0779496,0.00667667,0.00277243,0.00186228,0.00136113,0.0011279,0.000935407
8266,26.365291,5.070753000000003,1.28775,1.75228,0.150259,0.0623799,0.0419013,0.0306254,0.0253778,0.0210466
8267,26.245478,4.944092999999999,1.28801,0.459992,0.0386406,0.0160442,0.0107771,0.00787693,0.00652723,0.00541325
8268,26.235912,4.941115000000005,1.28801,0.10422,0.0118728,0.00456086,0.00279533,0.00191917,0.00154784,0.00125994
8269,26.137176,5.635071000000006,1.28808,0.0837988,0.00715158,0.00296364,0.00199069,0.00145498,0.00120567,0.000999903
8270,26.159061,5.6530140000000015,1.28816,0.0991447,0.00390878,0.00145479,0.000976087,0.000713376,0.000591137,0.00049025
8271,25.867089,5.7670350000000035,1.28829,0.130279,0.0145158,0.0049202,0.00308985,0.00220443,0.0018151,0.00150077
8272,27.119802,5.512025000000006,1.2883,0.0580995,0.00496955,0.00206347,0.00138606,0.00101306,0.000839477,0.000696206
8273,25.003137,5.441635999999998,1.28856,0.0556906,0.00582758,0.00203085,0.00131888,0.000956709,0.000791747,0.000656334
8274,26.692083,6.078106999999999,1.28879,0.114122,0.00982128,0.00407802,0.00273927,0.00200211,0.00165905,0.00137591
8275,26.686792,6.081590000000006,1.28879,0.628799,0.038193,0.0158577,0.0106518,0.00778537,0.00645135,0.00535032
8277,26.247379,5.696297000000003,1.28968,0.0692598,0.00591999,0.00245438,0.00164857,0.00120493,0.000998464,0.00082806
8278,26.253177,5.6993589999999985,1.28968,0.0987133,0.0092094,0.00358742,0.00236507,0.00171804,0.00142152,0.00117812
8279,26.976462,7.012139000000007,1.29008,0.141306,0.0121458,0.00504301,0.00338746,0.00247587,0.00205163,0.00170149
8283,27.194899,5.737273000000005,1.29125,0.0726169,0.00624202,0.00259183,0.00174097,0.00127246,0.00105443,0.000874473
8284,25.696664000000002,5.875798000000004,1.29151,0.211105,0.0179457,0.00743701,0.00499536,0.00365106,0.00302546,0.00250911
8285,25.692812,5.871187000000003,1.29151,0.132114,0.0122676,0.00465196,0.00308429,0.00224783,0.0018617,0.00154368
8286,25.784892,5.863060000000005,1.29198,0.0577051,0.00488769,0.00202892,0.00136286,0.000996103,0.000825421,0.00068455
8289,25.964148,5.949420999999999,1.29274,0.059598,0.00590074,0.00211416,0.00138495,0.00100638,0.000833035,0.000690592
8290,25.965106,5.952663999999999,1.29274,0.143968,0.0123617,0.00513249,0.00344756,0.0025198,0.00208804,0.00173168
8291,25.972465000000003,5.9485180000000035,1.29274,0.236557,0.0239578,0.00953629,0.00605812,0.00427156,0.00348833,0.00286557
8294,26.969497,4.802608000000001,1.29357,0.130009,0.0113268,0.00460282,0.00308553,0.00225439,0.001868,0.00154917
8295,25.893351,5.8963740000000024,1.29393,0.0510321,0.00437831,0.00181791,0.00122112,0.000892507,0.000739576,0.000613356
8297,26.227884000000003,6.116500999999995,1.29688,0.514766,0.0433666,0.018004,0.0120936,0.00883911,0.00732453,0.00607448
8298,26.227202,6.108279999999994,1.29688,0.0792317,0.00659985,0.00261858,0.00175688,0.00128398,0.00106396,0.000882377
8301,26.736277,6.433948999999998,1.30099,0.212014,0.017348,0.0072015,0.00483735,0.00353559,0.00292977,0.00242976
8304,26.069337,5.1164450000000015,1.30153,0.153699,0.0105812,0.00439083,0.00294938,0.00215568,0.00178631,0.00148145
8305,24.952038,5.640485000000002,1.30175,0.239833,0.0207705,0.00851466,0.00570695,0.00416852,0.00345372,0.00286409
8306,24.962122000000004,5.636345999999997,1.30175,0.601514,0.049794,0.0203555,0.0136715,0.00999239,0.0082802,0.00686705
8307,26.977403,6.234951000000003,1.30187,0.0826638,0.00675491,0.00280142,0.00188175,0.00137536,0.00113969,0.000945183
8308,26.154289,5.007930000000002,1.30216,0.0542001,0.00464365,0.0019282,0.0012952,0.000946653,0.000784445,0.000650566
8309,26.087566,5.965398000000007,1.30259,0.424044,0.0247887,0.0102619,0.00689305,0.00503808,0.00417481,0.00346231
8310,26.080156,5.966899000000001,1.30259,0.0965166,0.00791949,0.00328822,0.00220874,0.00161436,0.00133774,0.00110943
8311,27.014363,6.304473000000005,1.30297,1.80996,0.264248,0.184919,0.136666,0.0964321,0.0743775,0.0554209
8313,24.805832000000002,6.260051000000003,1.3038,0.0551756,0.00450008,0.00186154,0.00125039,0.000913901,0.000757305,0.000628059
8314,24.913228,6.249559000000005,1.30415,0.149441,0.0128422,0.00533259,0.00358198,0.00261805,0.00216944,0.00179919
8315,24.918245,6.244780000000001,1.30415,0.087895,0.00777667,0.00312187,0.00209183,0.00152842,0.00126648,0.00105032
8316,25.972688,5.410378000000001,1.30421,61.0658,5.2635,2.18363,1.46672,1.07201,0.888322,0.736715
8317,25.981037,5.410327000000002,1.30421,0.0511432,0.00438898,0.00181944,0.00122212,0.000893237,0.000740182,0.000613858
8320,25.033934000000002,4.917943999999999,1.30468,0.0890566,0.00762663,0.00316661,0.00212706,0.00155465,0.00128826,0.0010684
8321,25.037599,4.9154019999999985,1.30468,5.47571,0.53183,0.202377,0.13208,0.0956606,0.079104,0.0655463
8322,25.032627,4.920201999999996,1.30468,0.101329,0.00871098,0.00361718,0.00242971,0.00177586,0.00147157,0.00122042
8323,26.130682,5.007014999999997,1.30513,0.0523054,0.00445272,0.00184724,0.00124081,0.000906899,0.000751502,0.000623246
8324,25.894889,5.242062000000003,1.30519,0.0876221,0.00720786,0.00298954,0.0020081,0.00146771,0.00121622,0.00100865
8325,25.890322000000005,5.234617999999996,1.30519,0.0652408,0.00561372,0.00233093,0.00156572,0.00114437,0.000948286,0.000786445
8326,25.150506,5.896387999999995,1.30528,11.1749,0.959911,0.398597,0.267743,0.195692,0.16216,0.134485
8329,26.341610000000003,6.312096999999999,1.30631,66.5942,5.72281,2.34662,1.57459,1.15064,0.953446,0.790717
8330,26.340702,6.311934000000003,1.30631,0.343634,0.0295557,0.0122717,0.00824308,0.00602482,0.00499247,0.00414042
8331,25.123483,5.746761000000003,1.30688,0.0748726,0.00629926,0.00261038,0.00175337,0.00128152,0.00106193,0.000880698
8332,25.131995,5.734614,1.30688,0.077069,0.00659278,0.00273755,0.00183885,0.00134401,0.00111371,0.000923638
8333,25.133789,5.741344999999999,1.30688,0.366634,0.0311463,0.0128234,0.00861109,0.00629359,0.00521518,0.00432512
8334,27.136593,6.481396000000003,1.3072,0.0970669,0.00773618,0.00319648,0.002147,0.00156922,0.00130033,0.00107841
8342,26.143497,6.358492000000003,1.30809,0.0522783,0.00446208,0.00184275,0.00123763,0.000904562,0.000749565,0.00062164
8343,25.269259,5.714673000000006,1.30842,0.133364,0.0108795,0.00451755,0.0030345,0.0022179,0.00183786,0.0015242
8344,25.266656,5.717188000000001,1.30842,0.250254,0.0215029,0.00892843,0.00599735,0.00438343,0.00363233,0.00301241
8348,24.81778,6.055267999999996,1.31357,0.080612,0.00692726,0.00276483,0.00185492,0.00135561,0.00112332,0.000931608
8349,24.809672,6.059276999999995,1.31357,0.138378,0.0111622,0.00455941,0.00306162,0.00223766,0.00185424,0.00153778
8358,27.181431,6.0893619999999995,1.31806,0.0924942,0.00783655,0.00325375,0.00218559,0.00159743,0.00132372,0.0010978
8359,25.801955,5.564367000000001,1.3183,0.0519125,0.00403052,0.00167224,0.00112327,0.00082099,0.000680314,0.000564207
8361,25.092391,5.341099999999997,1.3195,0.0583465,0.00489316,0.00202702,0.00136154,0.000995138,0.000824621,0.000683886
8362,25.980373000000004,5.157853999999998,1.31983,0.111491,0.00947603,0.00393406,0.00264256,0.00193143,0.00160048,0.00132733
8366,26.673263,5.773387999999997,1.32095,0.0817451,0.0068916,0.00285988,0.00192102,0.00140406,0.00116348,0.000964911
8367,26.664413,5.7699280000000055,1.32095,33.3809,2.81536,1.16873,0.785054,0.573791,0.475472,0.394325
8369,25.733262,5.427313000000004,1.32102,0.14481,0.0123642,0.00513416,0.00344869,0.00252062,0.00208872,0.00173224
8372,24.858763,5.873584000000003,1.32138,0.0901906,0.00767075,0.00318522,0.00213956,0.00156379,0.00129583,0.00107468
8373,24.858516,5.871171000000003,1.32138,0.0623879,0.00532675,0.0022118,0.0014857,0.00108589,0.000899821,0.000746252
8378,24.856125,7.159540000000001,1.32218,0.673555,0.0574883,0.02385,0.0160202,0.0117091,0.00970271,0.00804679
8380,25.287325,7.148196999999996,1.32244,0.103174,0.00887496,0.00367188,0.00246608,0.00180242,0.00149357,0.00123867
8384,25.10665,7.158666000000005,1.32251,0.0832275,0.00678684,0.00281775,0.00189273,0.00138338,0.00114634,0.000950698
8385,25.09923,7.1535259999999985,1.32251,0.0649284,0.00579472,0.00232906,0.00155422,0.00113405,0.000939408,0.000778981
8386,25.11006,7.167145999999999,1.32251,2.48633,0.205209,0.085203,0.0572321,0.0418306,0.0346629,0.0287471
8387,25.104777,7.163303999999998,1.32251,0.53003,0.0453886,0.0188242,0.0126443,0.00924163,0.00765808,0.00635111
8389,24.834942,7.117533000000006,1.323,0.0526132,0.00440272,0.00176368,0.00118348,0.000864923,0.000716714,0.000594395
8390,24.834005,7.123370999999999,1.323,3.65102,0.313173,0.129816,0.0871984,0.0637327,0.0528122,0.0437989
8391,24.835346,7.118973,1.323,0.111702,0.00950845,0.00394656,0.00265096,0.00193757,0.00160557,0.00133155
8397,25.345564000000003,7.094353000000003,1.3236,0.138404,0.0115549,0.00479392,0.00322012,0.00235356,0.00195028,0.00161743
8398,25.34947,7.096715000000004,1.3236,0.14873,0.0239266,0.00727686,0.00398182,0.00265435,0.00214276,0.00175495
8399,25.345199,7.0878619999999986,1.3236,0.0712767,0.00603747,0.00249555,0.00167626,0.00122517,0.00101524,0.000841969
8400,25.348145,7.099592000000007,1.3236,0.631051,0.0493332,0.0204721,0.0137514,0.0100508,0.00832859,0.00690718
8404,25.468161,5.826699999999998,1.32427,0.0527767,0.00978028,0.00897851,0.00750263,0.00578845,0.0046742,0.00360698
8410,25.333436,7.1576040000000045,1.32496,0.0545703,0.00475997,0.00195628,0.00130968,0.000955986,0.000791871,0.00065659
8411,25.104856,5.8841399999999995,1.32611,0.641928,0.0551825,0.0229013,0.015383,0.0112434,0.00931682,0.00772675
8412,26.428651,5.160588999999998,1.32637,2.65309,0.226368,0.0938761,0.0630551,0.0460863,0.0381894,0.0316718
8414,25.224888,6.854262000000001,1.32719,1.00778,0.0860255,0.0357215,0.0239946,0.0175375,0.0145325,0.0120523
8415,25.219419,6.846831999999999,1.32719,0.0680072,0.00584349,0.00242644,0.00162987,0.00119126,0.000987142,0.00081867
8418,27.05703,5.597177000000003,1.32752,0.0617646,0.00513188,0.00213096,0.0014314,0.0010462,0.000866933,0.000718977
8428,25.212227,7.148909,1.32821,0.34353,0.0269432,0.0109129,0.00732692,0.00535503,0.00443744,0.00368011
8429,24.819239,5.401560000000005,1.32853,0.0598556,0.00509184,0.0021142,0.00142014,0.00103797,0.000860116,0.000713323
8430,24.816535,5.3883149999999995,1.32853,1.39513,0.119583,0.0496557,0.0333545,0.0243786,0.0202013,0.0167536
8432,25.406651000000004,6.335840000000001,1.32864,0.0854613,0.00733664,0.00304644,0.00204634,0.00149565,0.00123937,0.00102786
8433,24.806906,5.327826999999995,1.32866,0.152387,0.0136072,0.00554122,0.0036814,0.00267558,0.00221263,0.00183275
8435,27.097162000000004,5.252509000000002,1.32892,0.067978,0.00584648,0.00242262,0.00162703,0.00118915,0.000985382,0.000817209
8436,27.094619,5.250694,1.32892,0.816985,0.0700636,0.0290633,0.0195219,0.0142684,0.0118235,0.00980567
8443,25.045905,7.154505000000002,1.32971,0.19334,0.0164516,0.00683141,0.00458876,0.00335389,0.00277921,0.00230489
8445,24.814888,6.696275999999998,1.32986,0.0960563,0.00826449,0.00342999,0.00230394,0.00168393,0.00139539,0.00115724
8446,27.030195,5.269576999999997,1.33012,5.76678,0.456091,0.189289,0.127148,0.0929317,0.077008,0.0638653
8449,24.984701,6.582676999999998,1.33039,0.176185,0.0150714,0.00621871,0.00417703,0.00305296,0.00252983,0.00209808
8450,24.982233,6.586694999999995,1.33039,0.292517,0.0227195,0.00943405,0.00633699,0.00463166,0.00383803,0.00318301
8451,24.804846,7.034934000000002,1.33046,0.098926,0.0083631,0.00347271,0.00233267,0.00170493,0.00141279,0.00117168
8452,24.814381,7.039449999999995,1.33046,0.0590766,0.00496165,0.0020587,0.00138286,0.00101072,0.000837537,0.000694597
8453,24.817939,7.037069999999999,1.33046,0.0563662,0.00471492,0.0019575,0.00131488,0.000961038,0.000796365,0.000660452
8454,24.820393,7.041167000000003,1.33046,0.0536321,0.00451638,0.00187176,0.00125727,0.00091893,0.000761472,0.000631514
8455,24.810014,7.041247000000002,1.33046,0.092238,0.00794631,0.00329591,0.0022137,0.00161795,0.00134072,0.0011119
8456,25.090099,5.659457999999998,1.33057,0.0629593,0.00533638,0.00221583,0.00148841,0.00108787,0.000901461,0.000747612
8457,26.433337,7.0069000000000035,1.33062,0.096883,0.00832971,0.00345424,0.00232024,0.00169585,0.00140527,0.00116544
8458,24.928939,6.856550000000003,1.33063,0.0629235,0.00540172,0.00224258,0.00150637,0.001101,0.000912342,0.000756636
8464,25.092508000000002,5.735027000000004,1.33137,0.0893748,0.00765674,0.00317918,0.0021355,0.00156082,0.00129338,0.00107264
8465,27.198631,5.836194999999998,1.33138,0.0583105,0.00515054,0.00207677,0.00138946,0.0010147,0.000840709,0.000697193
8467,27.152322,5.349982999999995,1.33166,3.40739,0.413652,0.158999,0.0940295,0.0633818,0.0509267,0.0414588
8468,27.157581,5.3425890000000065,1.33166,0.0702684,0.00604636,0.00250513,0.00168266,0.00122984,0.00101911,0.000845179
8469,27.158326,5.344091000000004,1.33166,0.137446,0.0118275,0.00491099,0.00329878,0.00241106,0.00199793,0.00165695
8470,24.999903000000003,6.599853,1.33191,0.0745621,0.00637098,0.0026455,0.00177702,0.00129881,0.00107626,0.000892581
8471,25.00068,6.593715000000005,1.33191,0.146697,0.0120409,0.00499855,0.00335759,0.00245404,0.00203354,0.00168649
8472,24.999620000000004,6.597380999999997,1.33191,0.310537,0.0262273,0.01089,0.00731495,0.00534645,0.00443034,0.00367423
8473,24.999907,6.602521000000003,1.33191,0.0791868,0.00678723,0.00281829,0.00189309,0.00138365,0.00114656,0.00095088
8484,26.359352,6.9483489999999986,1.33332,0.122476,0.00944232,0.00390797,0.00262492,0.00191853,0.00158979,0.00131847
8485,26.356340000000003,6.949785000000002,1.33332,0.129906,0.0111774,0.00464108,0.00311748,0.00227854,0.00188812,0.00156588
8486,25.131054,7.079475999999994,1.3336,0.0997853,0.00771231,0.00310409,0.00208479,0.00152376,0.00126266,0.00104717
8487,25.12843,7.081879000000004,1.3336,0.0713956,0.00648228,0.00252053,0.001686,0.0012317,0.0010206,0.000846407
8489,25.544826,6.298820000000005,1.33383,0.0643012,0.00600095,0.00233212,0.00154307,0.00112364,0.00093047,0.000771483
8490,25.536075,6.297597999999995,1.33383,17.8938,1.44897,0.601676,0.404154,0.295394,0.244778,0.203003
8491,25.534802,6.295944999999999,1.33383,0.131977,0.0165587,0.00743329,0.00452937,0.00295228,0.00228253,0.00178172
8494,25.578437,6.2680540000000065,1.33461,0.478451,0.038767,0.0159046,0.0106816,0.00780705,0.00646932,0.00536522
8495,25.206711000000002,6.425507000000002,1.33476,0.0577741,0.00496401,0.00205605,0.0013809,0.00100927,0.00083633,0.000693596
8497,25.056243,6.134963000000006,1.335,0.0561795,0.00475381,0.00197395,0.00132593,0.000969114,0.000803057,0.000666002
8498,25.056179,6.122140000000003,1.335,0.182702,0.0148973,0.00612026,0.00411004,0.00300394,0.00248921,0.00206439
8499,25.056382,6.126265999999994,1.335,1.03974,0.0832863,0.0329279,0.0220423,0.0161009,0.0133407,0.0110635
8503,26.579248,5.9944450000000025,1.33544,0.0652974,0.00561442,0.00232345,0.00156059,0.00114062,0.000945174,0.000783865
8504,26.580515,5.995909999999994,1.33544,0.0529601,0.00454183,0.00188144,0.0012637,0.000923626,0.000765363,0.000634741
8508,25.716977,6.2927510000000035,1.33614,0.475876,0.0409588,0.0170077,0.0114243,0.00834994,0.00691919,0.00573832
8509,25.723311,6.284845000000002,1.33614,1.27257,0.109282,0.0453786,0.0304815,0.0222787,0.0184613,0.0153105
8510,25.688722,5.337553000000005,1.33659,0.0838404,0.0072303,0.00293402,0.00196518,0.00143534,0.00118922,0.000986203
8512,24.853129,6.552681000000002,1.33706,0.0655083,0.00545713,0.00226442,0.00152104,0.00111172,0.000921226,0.000764003
8513,24.854787000000005,6.551928000000002,1.33706,0.0548449,0.00469857,0.00189742,0.00127065,0.000928076,0.000768949,0.000637683
8514,25.631974,5.582786999999999,1.33753,0.119865,0.0102353,0.00424991,0.00285473,0.0020865,0.00172898,0.0014339
8515,25.047917,5.3407380000000035,1.33757,0.0965417,0.00830439,0.00344834,0.0023163,0.00169297,0.00140288,0.00116345
8531,26.659477,5.538293000000005,1.33944,0.0791633,0.00680745,0.00282596,0.00189823,0.00138741,0.00114967,0.000953464
8532,26.611113,6.351075000000001,1.33944,0.452143,0.0388452,0.0161208,0.0108285,0.00791448,0.00655834,0.00543905
8534,26.588038000000005,5.212732999999999,1.33954,5.31868,0.430199,0.177261,0.119065,0.0870241,0.0721126,0.0598054
8535,25.525769,6.121821000000001,1.33984,0.0883656,0.0118741,0.00411516,0.00237705,0.00160343,0.00129329,0.00105669
8536,26.783066,5.771301000000002,1.34022,6.03621,0.501231,0.20809,0.139777,0.102162,0.0846567,0.0702086
8537,26.726081,5.698064999999997,1.34036,0.120688,0.0104122,0.00431619,0.00289853,0.0021184,0.0017554,0.00145581
8541,26.876623,5.597802999999997,1.34119,0.718291,0.0617221,0.0256274,0.0172143,0.0125818,0.0104259,0.00864657
8542,26.872042,5.598265999999996,1.34119,0.689198,0.0608676,0.0246206,0.0164626,0.0120187,0.00995699,0.00825694
8544,25.628896,5.029188,1.34163,0.234448,0.0199848,0.00829029,0.00556861,0.00407005,0.00337265,0.00279705
8545,26.499978,5.480666000000003,1.3418,6.03122,0.515421,0.214017,0.143758,0.105072,0.087068,0.0722084
8546,26.505464,5.482561000000002,1.3418,0.144459,0.0119905,0.00497542,0.00334205,0.00244268,0.00202413,0.00167868
8548,26.57221,5.325780000000005,1.34241,0.0540062,0.00491335,0.00195693,0.00129828,0.000945222,0.000782552,0.000648747
8549,26.567401,5.322415999999999,1.34241,0.173718,0.0139171,0.00577884,0.00388173,0.00283713,0.00235099,0.00194976
8553,26.570936,5.194350999999998,1.34251,6.4496,0.556011,0.230101,0.154551,0.11296,0.093604,0.077629
8554,26.581329,5.194025999999998,1.34251,1.31433,0.112646,0.046775,0.0314194,0.0229642,0.0190293,0.0157817
8556,25.058516,6.394503000000004,1.34282,0.0507637,0.0045358,0.00186036,0.00123492,0.000895823,0.000739978,0.000612358
8557,26.996173,6.481892999999996,1.34315,0.200035,0.0171971,0.00714097,0.00479669,0.00350587,0.00290514,0.00240933
8558,26.993466,6.484682000000006,1.34315,0.727821,0.658295,0.9908,0.893764,0.694954,0.551135,0.409947
8559,25.297968,5.856976000000007,1.34381,0.0583358,0.00737461,0.00299467,0.00175437,0.00114959,0.000906357,0.000726264
8564,26.93887,6.511755999999999,1.34411,0.273237,0.0252959,0.00983716,0.00647669,0.00469693,0.0038831,0.00321641
8565,26.935327,6.509228000000003,1.34411,0.101236,0.00857537,0.00355443,0.0023875,0.00174501,0.001446,0.00119922
8566,26.937043,6.503861000000002,1.34411,1.10718,0.0940139,0.0390285,0.026216,0.0191611,0.0158778,0.013168
8573,25.740788,5.664620000000003,1.34516,0.120548,0.010205,0.00423055,0.00284169,0.00207697,0.00172108,0.00142735
8579,26.304546000000002,5.192303000000005,1.34723,0.0838954,0.00700899,0.00290481,0.0019512,0.00142612,0.00118175,0.000980067
8580,26.30197,5.190650999999999,1.34723,0.0926671,0.00796293,0.00330505,0.00222004,0.00162262,0.00134458,0.00111511
8581,26.296908,5.189295999999998,1.34723,0.735439,0.0620355,0.0210633,0.0139443,0.0101697,0.00842464,0.00698624
8582,26.293207,5.194847,1.34723,0.423181,0.0358979,0.0148358,0.00996436,0.00728282,0.00603491,0.00500496
8586,25.03271,6.084901999999997,1.34813,0.482441,0.04105,0.0170293,0.0114386,0.00836036,0.00692782,0.00574548
8590,25.814754,5.694165999999999,1.34884,0.0738994,0.0364234,0.0331715,0.0242846,0.0162441,0.0118743,0.00822196
8591,25.551769,4.9995550000000035,1.34988,0.130474,0.0112157,0.00465636,0.00312774,0.00228604,0.00189433,0.00157103
8593,26.988917000000004,4.961845000000002,1.34999,0.501216,0.0429027,0.0174685,0.0117272,0.00857098,0.00710233,0.0058902
8594,26.987256,4.9699519999999975,1.34999,0.0734335,0.00632262,0.00262543,0.00176354,0.00128896,0.0010681,0.000885807
8595,25.132524,5.974889999999995,1.3501,0.673144,0.0579419,0.0240524,0.0161563,0.0118085,0.00978515,0.00811515
8596,25.126254,5.973274000000004,1.3501,0.286717,0.0232414,0.00965078,0.00648257,0.00473807,0.0039262,0.00325613
8597,25.265610000000002,6.619966000000001,1.35085,0.0611632,0.00497172,0.0020581,0.00138242,0.0010104,0.000837266,0.000694373
8602,25.211805,6.446014999999999,1.35255,0.0737214,0.0063192,0.00262392,0.00176252,0.00128822,0.00106748,0.000885299
8604,25.124248,6.483500000000001,1.35328,0.159555,0.013756,0.00569907,0.0038279,0.00279778,0.00231838,0.00192271
8606,25.261881,6.200772999999999,1.35424,0.0600483,0.00505679,0.00209968,0.00141038,0.00103084,0.000854206,0.000708422
8607,25.66851,5.745854000000004,1.35513,0.071552,0.00619435,0.00254984,0.00171146,0.00125074,0.00103641,0.000859524
8609,25.519523,5.089128000000001,1.35559,0.517499,0.046269,0.0181762,0.0121579,0.00888094,0.00735868,0.00610268
8610,25.520897000000005,5.088997000000005,1.35559,0.0530639,0.00411235,0.00169564,0.00113885,0.000832373,0.000689746,0.00057203
8611,24.873301,5.992083000000001,1.35656,0.066858,0.0092257,0.00287761,0.00166052,0.00112562,0.000909315,0.000743245
8612,27.199915,6.285390000000006,1.35702,31.4817,2.86248,1.10202,0.736766,0.538206,0.445961,0.369846
8613,25.189916,5.701844000000003,1.35736,0.0640656,0.00542393,0.00224959,0.00151106,0.00110442,0.000915179,0.000758989
8614,24.887390000000003,6.599178999999994,1.35753,0.0602546,0.00599759,0.00219252,0.00143528,0.00104272,0.000863112,0.000715537
8616,24.856544,5.973386999999994,1.3579,2.76713,0.245568,0.0985532,0.0660179,0.0482345,0.0399679,0.0331464
8617,24.852731000000002,5.9772630000000015,1.3579,0.346355,0.0278949,0.0115412,0.00775238,0.00566616,0.00469527,0.00389394
8618,25.672465,6.846042000000005,1.35833,0.0631801,0.00542267,0.00225112,0.00151211,0.00110519,0.000915819,0.000759519
8619,25.110712,5.088884000000004,1.35875,0.0664579,0.00766476,0.00472553,0.00350917,0.00255213,0.00202512,0.00156325
8620,25.109635,5.088385000000002,1.35875,0.120503,0.00959256,0.00398136,0.00267433,0.00195465,0.00161972,0.00134329
8621,25.45423,4.916504999999996,1.35884,0.400622,0.0387759,0.0133637,0.00884199,0.00644893,0.00534256,0.00443047
8622,24.990263000000002,6.806079000000001,1.35902,0.391566,0.0335934,0.0139348,0.00935998,0.00684113,0.00566891,0.00470142
8624,25.193332,5.044176999999994,1.36018,0.400947,0.0295391,0.012258,0.00823385,0.00601807,0.00498688,0.00413579
8625,25.122906,5.780183999999999,1.36032,0.0679891,0.0055868,0.00230614,0.00154879,0.00113197,0.00093801,0.000777923
8626,25.131407,5.783399000000002,1.36032,0.0710759,0.00617791,0.00241353,0.00161688,0.00118145,0.000978983,0.000811899
8629,25.043164,5.808935999999999,1.36083,0.0778543,0.00657232,0.00272835,0.00183267,0.00133949,0.00110997,0.000920532
8630,25.14555,5.738850999999998,1.36095,0.261792,0.0225082,0.0093334,0.00626926,0.00458216,0.00379701,0.00314899
8632,25.509674,4.843075000000001,1.36143,0.120887,0.0155717,0.00671106,0.00407566,0.00266909,0.00207109,0.00162107
8633,25.511482,4.8457940000000015,1.36143,0.161022,0.0137857,0.00571997,0.00384211,0.00280817,0.00232699,0.00192985
8634,26.267109,4.953001999999998,1.36145,0.137959,0.0130416,0.00477612,0.00317693,0.00231897,0.00192133,0.00159337
8635,24.997398,5.753865000000001,1.36185,0.397582,0.0325952,0.0135339,0.00909095,0.00664451,0.00550598,0.0045663
8636,24.995379,5.750423000000004,1.36185,0.0647069,0.00556392,0.00231037,0.00155191,0.00113428,0.000939923,0.00077951
8637,25.147266,5.714705000000005,1.36285,3.69584,0.272506,0.11312,0.0759841,0.0555363,0.0460202,0.0381661
8638,25.147355000000005,5.713890000000001,1.36285,0.0743983,0.00634928,0.0026365,0.00177097,0.00129439,0.0010726,0.000889543
8641,25.171011000000004,5.708003000000005,1.3634,0.100203,0.00750661,0.0030963,0.00207958,0.00151993,0.00125949,0.00104454
8642,25.558984,4.845308,1.36343,0.167869,0.0137289,0.00570031,0.00382898,0.00279858,0.00231904,0.00192326
8644,26.427963,5.5681239999999965,1.36398,0.588686,0.0539647,0.0214745,0.0141974,0.01032,0.00854006,0.00707827
8648,25.492943,5.322283999999998,1.36479,0.0753303,0.00647608,0.00268879,0.0018061,0.00132007,0.00109387,0.000907187
8654,27.155622,5.559478999999999,1.36658,0.310368,0.024371,0.0100267,0.00673446,0.00492215,0.00407874,0.00338264
8655,25.351166,6.091290000000002,1.36663,0.0508888,0.00437025,0.00181469,0.00121895,0.000890924,0.000738264,0.000612268
8659,27.14298,6.166395999999996,1.36688,0.0965193,0.00824317,0.00341961,0.00229699,0.00167885,0.00139118,0.00115376
8660,27.143327,6.159560000000002,1.36688,0.0985011,0.00845708,0.00350946,0.00235735,0.00172297,0.00142774,0.00118407
8661,25.429692,6.008654999999995,1.36701,0.445502,0.0379408,0.0156967,0.0105435,0.00770621,0.00638575,0.00529592
8662,25.101027,5.351893000000002,1.36703,0.189758,0.0138199,0.00569885,0.00382753,0.00279749,0.00231814,0.00192251
8663,25.099583,5.354696000000004,1.36703,0.0700043,0.00599278,0.00248756,0.00167092,0.00122126,0.001012,0.000839287
8664,27.055469,6.214166999999996,1.36722,0.0716511,0.00606626,0.00251888,0.00169197,0.00123665,0.00102475,0.00084986
8673,27.155808,6.0699250000000005,1.3699,0.0847533,0.00728135,0.00302345,0.0020309,0.00148437,0.00123002,0.0010201
8676,25.324462,5.217122,1.37089,1.19825,0.0995439,0.0413342,0.0277648,0.0202931,0.0168159,0.013946
8677,25.319674,5.214095000000003,1.37089,0.0587435,0.00493442,0.00204564,0.00137405,0.00100428,0.000832199,0.000690171
8680,25.201018,5.415211000000001,1.37237,0.0842876,0.00724542,0.00300824,0.00202068,0.0014769,0.00122383,0.00101497
8681,25.196196,5.413709000000003,1.37237,0.0664288,0.00583648,0.00238304,0.00159375,0.00116327,0.000963636,0.000799062
8682,25.199012,5.421399000000004,1.37237,0.0636145,0.00547991,0.00227192,0.00152605,0.00111538,0.000924262,0.000766522
8684,25.1972,5.553022000000001,1.37276,0.370211,0.031822,0.0132078,0.00887184,0.00648437,0.00537328,0.00445624
8685,25.195601,5.554420999999999,1.37276,0.0845204,0.0073163,0.0030199,0.00202778,0.00148204,0.00122809,0.00101849
8689,25.191423,5.4944769999999945,1.37324,0.441699,0.0374826,0.0155588,0.010451,0.0076386,0.00632973,0.00524946
8691,27.052176,7.1981460000000075,1.37386,0.283613,0.0235393,0.0097646,0.00655897,0.00479391,0.00397248,0.00329451
8693,25.16903,5.419495999999998,1.37518,0.269571,0.0230632,0.00956127,0.00642216,0.0046939,0.0038896,0.00322578
8694,25.664122,5.594996000000005,1.37524,0.140843,0.0116989,0.00479528,0.00322061,0.00235391,0.00195057,0.00161767
8695,25.661717,5.594992000000002,1.37524,0.0771629,0.00580897,0.00241129,0.0016197,0.00118383,0.000980978,0.000813558
8696,26.596443000000004,5.719997000000001,1.37532,0.11793,0.00912781,0.0037899,0.00254573,0.00186066,0.00154184,0.0012787
8697,25.70705,5.836670000000006,1.37568,0.0545446,0.00466772,0.00193468,0.00129948,0.000949777,0.000787033,0.000652713
8704,27.016352,5.5737809999999985,1.37697,0.566714,0.0466549,0.0193556,0.0130014,0.00950265,0.00787438,0.00653049
8705,27.008217,5.572213999999998,1.37697,0.0920947,0.00772917,0.00320942,0.00215582,0.00157567,0.00130568,0.00108285
8706,24.981246,4.864296999999996,1.3776,2.50813,0.212927,0.0884156,0.0593901,0.0434078,0.0359699,0.0298311
8707,24.858718,6.957681000000003,1.37875,0.0618406,0.00526886,0.00218785,0.00146961,0.00107413,0.000890075,0.00073817
8708,25.748036,5.155352000000002,1.37923,0.0607391,0.0052247,0.00212092,0.00142368,0.0010405,0.000862208,0.000715058
8709,25.746349,5.156974999999995,1.37923,0.116126,0.00992346,0.00412044,0.00276776,0.00202294,0.00167631,0.00139022
8710,25.747021,5.147467999999998,1.37923,0.137988,0.0116786,0.00478486,0.00321202,0.00234745,0.0019452,0.00161322
8711,24.893796,6.161305999999997,1.37938,1.63373,0.140956,0.0582486,0.0391157,0.0285885,0.0236898,0.0196467
8712,24.950278,6.148686999999998,1.3794,0.401028,0.034114,0.0141471,0.00950276,0.00694551,0.0057554,0.00477315
8713,25.062431,4.824459999999995,1.37975,0.0528056,0.00440256,0.0018273,0.00122742,0.000897114,0.000743394,0.000616522
8714,25.063071,4.8325420000000054,1.37975,0.169417,0.0155898,0.0061466,0.00406933,0.00296146,0.00245169,0.00203247
8716,25.420679,5.4183719999999935,1.38022,0.137069,0.0807066,0.06592,0.0427971,0.0252273,0.0168996,0.0106751
8717,25.182648,4.84043,1.38049,8.04382,0.525241,0.17384,0.11488,0.083736,0.0693586,0.0575134
8718,24.830871,6.189782,1.3805,0.0563999,0.00488781,0.00200023,0.00134039,0.000979016,0.000811131,0.000672649
8719,24.839388,6.193132000000002,1.3805,0.0641006,0.00550907,0.00228759,0.00153661,0.0011231,0.000930656,0.000771824
8720,24.837174,6.1935679999999955,1.3805,0.13139,0.011324,0.00468751,0.0031485,0.00230121,0.0019069,0.00158146
8721,25.490678,5.743961,1.38059,0.415473,0.0347965,0.0144057,0.00967606,0.00707214,0.00586033,0.00486017
8722,25.494682,5.745815999999994,1.38059,0.100639,0.00873667,0.00355643,0.00238681,0.00174435,0.00144545,0.00119875
8723,25.286005,5.294161000000004,1.38109,0.809893,0.0699258,0.0288753,0.0193893,0.0141709,0.0117427,0.00973858
8724,25.283503000000003,5.284152999999999,1.38109,0.0886828,0.00779101,0.00316657,0.00212228,0.00155059,0.00128484,0.00106554
8726,27.046834,5.441104000000006,1.38191,0.0905969,0.00779983,0.00323848,0.00217533,0.00158993,0.0013175,0.00109265
8727,27.045416,5.442046999999995,1.38191,0.126027,0.0107049,0.00444516,0.00298587,0.00218236,0.00180841,0.00149978
8728,27.047313,5.4393129999999985,1.38191,0.227774,0.0196567,0.00775216,0.00519774,0.00379837,0.00314748,0.00261031
8729,26.012092,5.239331999999997,1.3822,0.595521,0.0512464,0.0212797,0.0142939,0.0104473,0.00865718,0.00717969
8730,25.627454000000004,5.396808999999998,1.38286,0.0699705,0.00623731,0.0024543,0.00163588,0.00119343,0.000988571,0.000819735
8731,26.591368,4.862841000000003,1.38305,0.205674,0.0168237,0.00698569,0.00469239,0.00342963,0.00284197,0.00235694
8732,26.852713,7.120611000000001,1.38326,0.473026,0.0377683,0.0156829,0.0105344,0.00769952,0.00638021,0.00529133
8733,25.921609,5.135276999999999,1.38341,0.232753,0.0199968,0.00830351,0.00557759,0.00407662,0.0033781,0.00280157
8734,25.765149,5.291503999999994,1.3839,0.0533629,0.00459221,0.00190688,0.00128088,0.000936186,0.000775771,0.000643373
8737,26.50613,5.674248000000007,1.3845,1.15584,0.10562,0.0388216,0.0256693,0.0186965,0.0154829,0.0128374
8738,26.571474,6.3816390000000025,1.3845,0.0664984,0.0225171,0.038608,0.0426176,0.0409439,0.0376813,0.0330452
8739,26.566614000000005,6.3791569999999975,1.3845,6.94753,0.564289,0.231418,0.155393,0.113572,0.0941113,0.0780496
8742,26.657422000000004,5.7164030000000015,1.38543,0.0766733,0.00656652,0.00269177,0.00180715,0.00132076,0.00109445,0.00090766
8745,26.8704,6.2747100000000025,1.38565,0.0532763,0.0045829,0.0018709,0.00125504,0.000917091,0.000759921,0.000630221
8746,26.870475,6.2744170000000015,1.38565,0.171866,0.0144834,0.00601113,0.00403775,0.00295116,0.00244548,0.00202812
8747,26.592509,6.294280000000006,1.3859,0.0717979,0.00641103,0.00256256,0.00170694,0.00124439,0.00103052,0.000854408
8748,26.702512,5.807884,1.38616,0.0524552,0.00449321,0.00186554,0.00125311,0.000915887,0.000758951,0.000629424
8749,26.698099,5.795935000000004,1.38616,0.0916077,0.00782667,0.00324845,0.00218201,0.00159481,0.00132154,0.001096
8750,26.616596,6.342871999999995,1.38626,0.0686126,0.00570815,0.0022933,0.00153923,0.00112495,0.000932185,0.000773092
8751,26.618558,6.342706,1.38626,0.123706,0.0120144,0.00460618,0.0029974,0.00216582,0.00178943,0.00148204
8752,26.613578000000004,6.338412999999997,1.38626,0.0614881,0.0052996,0.00219847,0.00147669,0.0010793,0.000894364,0.000741726
8753,26.620148,6.337958999999996,1.38626,1.55341,0.108471,0.0445894,0.029946,0.021887,0.0181366,0.0150413
8763,27.105184,7.161623999999996,1.38757,0.159693,0.017187,0.00781446,0.00495226,0.00334653,0.00264048,0.00209713
8765,26.416526,4.834517999999995,1.38866,0.0621324,0.00528589,0.00219489,0.00147434,0.00107758,0.00089294,0.000740545
8769,26.023101,5.863675999999998,1.38934,2.25786,0.172107,0.0713483,0.0479253,0.0350283,0.0290262,0.0240724
8770,26.024793,5.860029000000004,1.38934,0.0623789,0.00588195,0.00229414,0.00150109,0.001084,0.000894642,0.000740219
8773,24.928763000000004,5.638731,1.39006,0.146794,0.0149664,0.00536026,0.00344071,0.00247265,0.00203928,0.00168719
8774,24.930296,5.638435,1.39006,0.379687,0.0310782,0.012829,0.00861709,0.00629817,0.00521898,0.00432828
8776,24.895174,5.285187000000003,1.39024,3.32353,0.276269,0.114095,0.0766353,0.0560121,0.0464145,0.0384931
8777,26.905275,5.283826000000004,1.39073,0.0696157,0.00597903,0.00247391,0.00166171,0.00121453,0.00100642,0.000834659
8778,26.904417,5.278803000000002,1.39073,0.143614,0.0123014,0.00509872,0.00342485,0.0025032,0.00207428,0.00172027
8779,26.912904000000005,5.281802999999995,1.39073,0.0629067,0.00535725,0.00221034,0.00148457,0.00108506,0.000899134,0.000745682
8780,26.916783000000002,5.28934,1.39073,0.0566648,0.00504097,0.00202919,0.00135685,0.000990827,0.000820935,0.000680799
8781,26.915565,5.278883,1.39073,0.149926,0.0128281,0.00532669,0.00357802,0.00261515,0.00216705,0.0017972
8782,26.418795,6.024491999999996,1.39131,0.139396,0.00945225,0.00390803,0.00262501,0.0019186,0.00158985,0.00131852
8783,26.414813,6.027143999999999,1.39131,0.0823455,0.00698764,0.00290143,0.00194893,0.00142446,0.00118038,0.000978931
8785,25.60405,5.140573,1.39207,0.110345,0.00920906,0.00382287,0.00256788,0.00187684,0.00155525,0.00128982
8786,25.006169,6.9465179999999975,1.39226,0.633698,0.0555813,0.0225577,0.0151191,0.0110465,0.00915321,0.00759096
8787,25.003941,6.948737999999997,1.39226,0.0669868,0.00574211,0.00238437,0.00160162,0.00117061,0.000970027,0.000804476
8788,26.29747,5.6287099999999946,1.39227,0.0818941,0.00702173,0.00289145,0.00194073,0.00141824,0.00117519,0.000974619
8790,25.837158,5.778975000000003,1.39367,0.0653486,0.00567281,0.00228188,0.0015317,0.00111946,0.000927639,0.000769322
8791,25.831059,5.773332000000004,1.39367,0.0515077,0.0044222,0.00183629,0.00123346,0.000901529,0.000747052,0.000619556
8792,26.828383,7.067956000000002,1.39426,0.171934,0.0145993,0.00605949,0.00407024,0.00297491,0.00246516,0.00204444
8793,26.353647,6.009768000000006,1.39426,1.76516,0.154527,0.0628554,0.0421785,0.0308251,0.025543,0.0211837
8795,27.033757000000005,7.164651999999998,1.39503,0.0591665,0.00501398,0.00208137,0.00139809,0.00102185,0.00084676,0.000702247
8796,27.033784,7.163721999999997,1.39503,0.128859,0.0110921,0.00458012,0.00307537,0.00224763,0.00186249,0.00154462
8797,26.345889,6.028436999999997,1.39504,0.121497,0.0107425,0.00433173,0.00290259,0.00212079,0.00175733,0.0014574
8798,26.34417,6.0261499999999995,1.39504,0.129763,0.0114598,0.0046531,0.00311315,0.00227342,0.00188359,0.00156205
8804,25.722179,5.948229000000007,1.39766,0.0845051,0.00725841,0.00301378,0.0020244,0.00147962,0.00122609,0.00101684
8805,25.712094,5.946899000000002,1.39766,0.403792,0.032629,0.0133028,0.00893082,0.00652713,0.00540868,0.0044856
8807,26.260234,5.784485999999999,1.39796,0.625505,0.0534443,0.0219952,0.0147647,0.0107901,0.00894108,0.00741509
8813,26.407694,6.197888000000003,1.39938,1.81812,0.153662,0.062145,0.0417087,0.0304823,0.025259,0.0209481
8814,25.747528,6.0786840000000035,1.40004,0.0504735,0.00435025,0.00179987,0.00120884,0.000883525,0.000732133,0.000607183
8815,25.861568,6.157740999999997,1.40013,0.0695491,0.00585605,0.00235986,0.00158463,0.00115818,0.000959728,0.000795935
8816,25.858683,6.164313000000004,1.40013,1.48388,0.186083,0.0473692,0.0285849,0.0203012,0.0167229,0.013836
8817,25.860538000000002,6.1564260000000015,1.40013,0.119425,0.0104228,0.00428102,0.00286545,0.00209135,0.00173224,0.00143626
8818,26.282829,6.058858000000006,1.4003,0.090345,0.00848295,0.00307818,0.00204119,0.00148871,0.00123325,0.00102268
8819,26.116718,5.708189000000003,1.40033,0.0908225,0.00775208,0.00321843,0.00216186,0.00158009,0.00130934,0.00108588
8820,26.115797,5.707282999999996,1.40033,0.15119,0.0106488,0.00438394,0.00294444,0.00215205,0.0017833,0.00147895
8821,26.108796,5.709263,1.40033,0.122054,0.0104991,0.00435965,0.00292844,0.00214038,0.00177363,0.00147093
8822,25.079723,4.844501000000003,1.40082,141.632,11.6245,4.82542,3.2413,2.36905,1.96311,1.62807
8823,25.082251,4.845763999999997,1.40082,0.161405,0.0139259,0.00567762,0.00380989,0.00278427,0.00230716,0.0019134
8825,27.19055,6.540066999999998,1.40114,3.83173,0.331529,0.136321,0.0915027,0.0668717,0.0554125,0.0459553
8826,27.191796,6.543321000000002,1.40114,0.107022,0.00919041,0.00381589,0.00256319,0.00187342,0.00155241,0.00128746
8827,26.849227,4.9252119999999975,1.4013,0.0647013,0.0054075,0.00224388,0.00150725,0.00110164,0.000912872,0.000757076
8828,26.844453,4.924978000000001,1.4013,0.121283,0.0104663,0.00408203,0.0027376,0.00200068,0.00165785,0.00137491
8829,26.847992,4.915914000000001,1.4013,0.15483,0.0132643,0.00533109,0.00357566,0.00261299,0.00216522,0.00179568
8832,26.122309,4.9304399999999955,1.40182,3.90186,0.32357,0.134333,0.0902337,0.0659512,0.0546505,0.0453235
8833,26.228388,5.039217,1.40197,6.50047,0.559145,0.232174,0.155954,0.113986,0.0944546,0.0783344
8834,26.077475,4.84821,1.40305,1.62023,0.220171,0.189376,0.159218,0.122928,0.0989367,0.075914
8835,26.247865,4.998233999999996,1.40309,0.0588096,0.00481793,0.0019992,0.00134289,0.00098151,0.000813329,0.000674521
8836,26.246536000000003,5.003474999999995,1.40309,0.119296,0.0101209,0.00420239,0.00282281,0.00206317,0.00170965,0.00141787
8837,26.646596,6.564997,1.40331,0.230859,0.0198441,0.00814142,0.00546707,0.00399576,0.00331108,0.00274599
8838,26.648772,6.564841000000007,1.40331,0.070938,0.00609682,0.00252884,0.00169862,0.00124151,0.00102878,0.000853198
8839,26.782192,6.411006999999995,1.40444,0.0622487,0.00535194,0.00222187,0.00149246,0.00109083,0.000903917,0.000749649
8841,26.85397,6.6937529999999965,1.40493,0.31932,0.0274513,0.0113983,0.00765641,0.00559602,0.00463714,0.00384574
8842,25.009130000000003,4.900072000000005,1.40631,0.138851,0.011784,0.00489318,0.00328682,0.00240232,0.00199068,0.00165094
8844,25.15923,4.857857000000003,1.40663,0.124866,0.010253,0.00413227,0.00277502,0.00202823,0.00168069,0.00139385
8845,26.269316,6.198954999999999,1.40687,0.124323,0.0095245,0.00395123,0.00265409,0.00193986,0.00160746,0.00133312
8846,26.265013000000003,6.196956999999999,1.40687,0.051971,0.00439095,0.0018218,0.00122373,0.000894414,0.000741156,0.000614666
8847,25.976111,5.877819000000005,1.40796,0.152768,0.01363,0.0053869,0.00360811,0.00263631,0.00218451,0.00181168
8849,26.44014,6.375343000000005,1.40837,0.0519662,0.00437798,0.00181716,0.00122061,0.000892138,0.000739271,0.000613102
8850,25.36253,5.510303000000003,1.40856,0.101559,0.00870237,0.00361258,0.00242662,0.0017736,0.00146969,0.00121887
8857,26.711625,7.114727999999996,1.4104,0.337054,0.0288196,0.0119178,0.00800466,0.00585052,0.00484803,0.00402064
8861,26.71573,7.032631000000004,1.41162,0.11344,0.00936524,0.00388885,0.0026122,0.00190924,0.00158209,0.00131208
8866,26.519893,6.577206000000006,1.41263,0.0687486,0.00550538,0.00227308,0.00152674,0.00111588,0.000924676,0.000766865
8868,26.996916,6.787836999999994,1.41357,0.193393,0.0148729,0.00608525,0.00408687,0.00298704,0.00247521,0.00205278
8869,26.564405,6.908223,1.41504,0.0504685,0.00434274,0.00179997,0.00120904,0.000883678,0.000732261,0.000607288
8870,26.357904,6.406955999999995,1.41609,0.0638723,0.00545018,0.00225839,0.00151685,0.00110864,0.000918676,0.000761889
8871,26.349726,6.415347999999997,1.41609,0.137532,0.0117568,0.00467764,0.0031331,0.00228898,0.00189665,0.00157293
8872,26.346673,6.4117929999999985,1.41609,0.446073,0.0383703,0.0157171,0.0105491,0.00770941,0.00638832,0.00529803
8873,26.359739,6.4120729999999995,1.41609,0.377033,0.0324669,0.0134616,0.00904222,0.00660889,0.00547646,0.00454182
8874,26.469926,5.542601999999995,1.41677,1.54943,0.15824,0.0574061,0.0368306,0.0264481,0.0218063,0.0180385
8879,26.195573,6.385858999999997,1.41782,0.145994,0.00489055,0.00183676,0.00123091,0.000899467,0.000745327,0.000618122
8880,26.075523,5.650920000000004,1.41908,0.252897,0.021414,0.00888902,0.00597088,0.00436408,0.0036163,0.00299912
8881,25.356563,6.111612000000002,1.4194,1.22274,0.103892,0.0429627,0.0288579,0.021092,0.0174779,0.014495
8882,26.831112,4.810042999999998,1.42046,0.0572857,0.00486502,0.00197516,0.00132519,0.000968423,0.000802469,0.000665512
8883,27.010271,4.890989000000006,1.42078,0.214745,0.0183139,0.00760471,0.00510819,0.00373354,0.0030938,0.0025658
8885,27.055679000000005,5.299720000000001,1.42158,0.083591,0.00710476,0.00294295,0.00197677,0.00144481,0.00119724,0.000992912
8886,24.888044,5.949744999999996,1.42325,0.140634,0.0120968,0.0050231,0.00337409,0.0024661,0.00204354,0.00169477
8887,24.886302,5.950544,1.42325,0.167269,0.037592,0.0602219,0.0658088,0.0621853,0.0563522,0.0484349
8889,25.026223,4.859306000000007,1.42387,0.105846,0.00897524,0.00371332,0.00249426,0.00182304,0.00151066,0.00125284
8891,26.031256,6.485789999999998,1.42461,2.18491,0.483839,0.15728,0.0786906,0.045757,0.0340498,0.026145
8892,25.27136,5.898894999999997,1.42526,0.625577,0.0517492,0.0205117,0.0137355,0.0100342,0.00831428,0.00689515
8893,25.275929,5.896306000000001,1.42526,0.0655177,0.00528518,0.00219014,0.00147113,0.00107524,0.000890997,0.000738934
8895,25.601305,7.163718999999998,1.42654,0.359276,0.0310524,0.0128173,0.00860002,0.00628354,0.00520641,0.00431768
8896,25.612971,7.1753559999999945,1.42654,0.0605908,0.00543863,0.00216462,0.00144595,0.00105574,0.000874702,0.000725385
8899,25.197623,5.822747999999995,1.4279,0.132876,0.0113461,0.00471137,0.00316469,0.00231305,0.00191671,0.0015896
8900,25.195103,5.823445000000003,1.4279,0.59212,0.0506341,0.0209739,0.0140876,0.0102965,0.0085322,0.00707605
8902,26.840308,6.573988000000004,1.42819,0.105068,0.00893642,0.00370371,0.0024878,0.00181832,0.00150675,0.0012496
8903,26.836778,6.569023000000003,1.42819,0.0704108,0.00897237,0.00340853,0.00202092,0.00134638,0.00106904,0.000859685
8904,26.844172,6.568495000000001,1.42819,0.0576253,0.00491148,0.0020388,0.00136949,0.00100095,0.000829439,0.000687882
8907,25.704652,5.076902000000004,1.42947,0.291988,0.0251047,0.0104122,0.00699346,0.0051114,0.00423555,0.00351268
8908,27.10291,4.9350590000000025,1.42983,0.0705259,0.00601813,0.00249192,0.00167365,0.00122324,0.00101364,0.000840644
8909,27.110269000000002,4.940950000000002,1.42983,0.144277,0.0124313,0.005153,0.00346069,0.00252929,0.00209588,0.00173818
8910,27.112238000000005,4.939219000000001,1.42983,0.094138,0.00794219,0.00329784,0.0022152,0.00161908,0.00134165,0.00111268
8911,27.109883,4.936681000000004,1.42983,0.0662695,0.00589502,0.00235722,0.0015789,0.00115359,0.000955887,0.000792742
8913,26.575571,6.907832999999997,1.43064,0.348361,0.0371056,0.0143699,0.00901295,0.00629666,0.00511773,0.00418794
8914,26.571607,6.901428000000001,1.43064,0.0686121,0.00588336,0.0024351,0.00163557,0.00119542,0.000990586,0.000821526
8915,25.692599,5.058011000000001,1.43184,0.0584771,0.00502582,0.00208693,0.00140182,0.00102458,0.00084902,0.000704121
8920,24.834714,5.858989000000002,1.43249,0.064374,0.00642892,0.00252159,0.00161233,0.00114625,0.000940195,0.000774921
8925,24.960866,5.761584000000002,1.43643,0.0776587,0.00578995,0.00239731,0.00161027,0.00117693,0.000975267,0.000808822
8926,24.963615,5.774211000000007,1.43643,0.0690021,0.00582515,0.00241752,0.00162388,0.00118688,0.000983512,0.00081566
8927,24.968486,5.764596999999995,1.43643,0.0958541,0.00795674,0.00322575,0.00216477,0.00158205,0.00131096,0.00108722
8931,27.065813,5.129181000000004,1.43656,0.0546032,0.00470038,0.0019518,0.00131105,0.000958239,0.000794046,0.000658529
8932,26.568427,6.2590920000000025,1.43659,0.291041,0.0250209,0.0103228,0.00693101,0.0050655,0.00419749,0.00348111
8933,25.430542,6.655808999999999,1.43667,0.113871,0.00974993,0.00404745,0.00271873,0.0019871,0.00164661,0.00136559
8936,25.647229,5.083649999999994,1.43807,0.0617149,0.00480125,0.0019935,0.00133906,0.000978712,0.000811011,0.000672599
8940,26.061496000000005,5.800919999999994,1.44026,0.223219,0.0188767,0.00782562,0.00525656,0.00384199,0.00318367,0.00264032
8941,26.051851,5.804040000000003,1.44026,29.8686,2.56132,1.0635,0.714369,0.522128,0.432662,0.358821
8944,26.189184,6.833661999999997,1.44106,0.190788,0.0159655,0.00662891,0.00445274,0.00325448,0.00269682,0.00223657
8945,26.18137,6.843314999999998,1.44106,1.55156,0.131269,0.0539139,0.0362,0.0264572,0.0219237,0.018182
8946,26.184227,6.839095999999995,1.44106,51.1239,4.39114,1.82339,1.2248,0.895198,0.741806,0.615205
8948,27.073574,6.575427999999999,1.44301,0.652117,0.0582186,0.0235752,0.0156823,0.0114159,0.00944829,0.00783069
8949,25.551959,5.528428000000005,1.44382,0.06438,0.00554918,0.0022884,0.00153637,0.00112283,0.000930426,0.000771631
8952,25.166301,6.157685000000005,1.44451,0.20002,0.0170273,0.00706557,0.00474604,0.00346885,0.00287446,0.00238389
8953,25.168518,6.154072000000006,1.44451,0.375472,0.0320366,0.0132997,0.00893361,0.00652952,0.00541069,0.00448727
8954,26.958532,6.540638000000004,1.44459,0.0722484,0.00645826,0.00245791,0.00164639,0.00120308,0.000996917,0.000826775
8955,24.811377000000004,7.054199999999998,1.44465,0.0558671,0.00495903,0.00197443,0.00132245,0.000966221,0.000800627,0.000663981
8962,27.027227,6.540338000000001,1.44579,0.0914006,0.00783585,0.00323799,0.00217472,0.00158948,0.00131712,0.00109233
8963,27.048083,6.565549999999998,1.44594,0.195675,0.0238685,0.00859116,0.00512739,0.00352501,0.00286241,0.00234775
8964,27.043662,6.564200000000003,1.44594,0.112217,0.00954068,0.00395567,0.00265706,0.00194203,0.00160927,0.00133462
8965,27.112919,5.187586000000005,1.44601,0.0749843,0.00452584,0.00174216,0.00116842,0.000853889,0.000707569,0.00058681
8966,27.107172000000002,5.187840999999995,1.44601,0.0797597,0.00778257,0.0028645,0.00188033,0.00136648,0.00113108,0.000937644
8969,26.903903,6.640037,1.44687,0.0935482,0.00770838,0.00320057,0.00214987,0.00157133,0.00130208,0.00107986
8970,26.907141,6.6367059999999976,1.44687,0.133602,0.0113215,0.0047,0.00315706,0.00230747,0.00191209,0.00158576
8971,27.055838,6.548773999999999,1.44758,0.0524502,0.0045078,0.00187183,0.00125733,0.000918976,0.00076151,0.000631546
8972,25.935735,4.827133999999996,1.4477,0.135795,0.0116783,0.00484241,0.00325268,0.00237736,0.00197,0.00163379
8976,25.582913,6.018313000000004,1.44914,0.0883795,0.00902807,0.00384992,0.00242131,0.00166857,0.00134408,0.00109228
8977,25.463729,5.615145999999999,1.44961,0.0738231,0.0475949,0.0465917,0.0326841,0.0203429,0.0140035,0.00902366
8979,25.255975,6.812943000000005,1.4497,0.0673283,0.0057291,0.00237897,0.00159799,0.00116796,0.000967829,0.000802654
8980,25.254476,6.811832000000001,1.4497,0.138712,0.0119245,0.00494917,0.00332438,0.00242976,0.00201342,0.0016698
8982,25.83629,4.864756000000005,1.45018,0.868431,0.0744517,0.0309029,0.0207579,0.0151718,0.0125721,0.0104265
8983,26.15319,5.736394999999994,1.45022,0.0840635,0.00721888,0.00299749,0.00201346,0.00147162,0.00121946,0.00101134
8986,25.606924,6.117437999999998,1.45043,0.131857,0.0122768,0.00490778,0.0032145,0.00232385,0.00191954,0.00158943
8987,25.60825,6.122182000000003,1.45043,0.053093,0.00422375,0.00175386,0.00117809,0.000861061,0.000713518,0.000591745
8988,25.611847,6.119595999999994,1.45043,0.179589,0.0148834,0.00615186,0.00413221,0.0030202,0.00250269,0.00207557
8990,25.086674,7.009236999999994,1.4509,0.508957,0.0890517,0.0585196,0.0390206,0.0249532,0.0181545,0.0128623
8991,25.079962,7.010938999999994,1.4509,0.868695,0.0707368,0.0293729,0.0197302,0.0144206,0.0119497,0.00991027
8992,25.595502000000003,6.299586999999998,1.45123,0.414544,0.0500515,0.017045,0.0103405,0.0072238,0.00590441,0.00486175
8993,25.648304,7.1859869999999955,1.45203,0.062765,0.00512261,0.00212684,0.00142863,0.00104418,0.000865257,0.000717586
8997,25.981385,5.777598999999994,1.45265,3.39439,0.300269,0.121297,0.0809392,0.0590259,0.0488828,0.0405284
8998,25.982273,5.783883999999999,1.45265,0.266067,0.0229898,0.00936327,0.00628047,0.00458933,0.00380283,0.00315379
9001,25.538131,5.071764000000006,1.45425,0.391906,0.0301754,0.0125179,0.00840844,0.00614568,0.00509262,0.00422348
9002,25.216001,6.951002000000005,1.45433,0.0910883,0.00771778,0.00320462,0.00215259,0.00157331,0.00130373,0.00108122
9003,25.219032,6.951065,1.45433,0.0776337,0.00618035,0.00251484,0.00168835,0.00123395,0.00102251,0.000847998
9004,26.734446,6.630296999999999,1.45485,0.439514,0.0371951,0.0154191,0.0103567,0.00756961,0.00627256,0.00520205
9006,24.897954,6.659283999999999,1.45586,0.0640498,0.00546488,0.00226911,0.00152419,0.00111402,0.000923134,0.000765586
9007,25.571191,7.173454999999997,1.45589,0.119217,0.00985533,0.00409233,0.00274888,0.00200914,0.00166487,0.00138073
9008,25.571759,7.172395000000003,1.45589,3.05753,0.260424,0.108104,0.0726149,0.0530737,0.0439796,0.0364738
9009,25.307057,5.2534179999999955,1.4565,0.124342,0.0106745,0.00443235,0.00297727,0.00217607,0.0018032,0.00149546
9010,26.713582,6.149338000000002,1.45703,0.134338,0.0115665,0.00477245,0.00320387,0.00234143,0.00194019,0.00160906
9011,26.712424,6.145290000000001,1.45703,1.96033,0.17719,0.0707256,0.0470171,0.0342579,0.0283678,0.0235194
9014,25.272993,5.268495000000006,1.45803,0.134063,0.0114668,0.00476058,0.00319775,0.00233721,0.00193673,0.0016062
9015,25.259975,6.458320000000003,1.45861,0.0729665,0.00803444,0.00255175,0.00167171,0.00121779,0.00100876,0.000836525
9028,25.563936,5.477816999999996,1.46292,0.0913295,0.00780577,0.00323442,0.00217253,0.00158788,0.0013158,0.00109124
9029,26.656325,7.118343000000003,1.4633,0.0550429,0.00470815,0.00195502,0.00131322,0.00095982,0.000795356,0.000659615
9030,24.883315,6.531677999999995,1.46406,0.2745,0.023001,0.00949275,0.00637629,0.00466039,0.00386183,0.00320275
9033,25.216485,6.433554000000002,1.46446,0.0690806,0.0071506,0.00307197,0.00197034,0.00136578,0.00109603,0.000883461
9034,25.541387,5.5202350000000004,1.46457,0.0625234,0.0048749,0.00202379,0.00135941,0.000993584,0.000823334,0.000682819
9035,25.544616000000005,5.512112999999997,1.46457,0.0927373,0.00795206,0.00330187,0.00221791,0.00162106,0.00134329,0.00111404
9036,26.243739000000005,5.4273009999999955,1.46504,0.0618981,0.00527971,0.00219208,0.00147245,0.00107621,0.000891799,0.000739599
9037,26.230846,5.3981509999999995,1.4651,0.0677166,0.00578248,0.00240086,0.00161269,0.0011787,0.000976734,0.000810039
9038,26.232522,5.3942149999999955,1.4651,0.201159,0.0215592,0.00829805,0.00519509,0.00363098,0.00295343,0.00241892
9039,26.22609,5.396340000000001,1.4651,0.0607353,0.00520232,0.00216016,0.00145101,0.00106053,0.000878811,0.000728828
9040,26.095087,5.243401999999996,1.46561,0.0741846,0.00632892,0.00262724,0.00176475,0.00128984,0.00106883,0.000886417
9041,26.092342,5.239859999999998,1.46561,0.824723,0.0729981,0.0293048,0.0196325,0.0143441,0.0118857,0.00985715
9042,26.094359,5.236978000000002,1.46561,0.137691,0.0117977,0.00489891,0.00329067,0.00240513,0.00199301,0.00165287
9044,26.220207,5.529651999999998,1.46577,0.109595,0.00928393,0.00385444,0.00258908,0.00189234,0.00156809,0.00130047
9049,25.042055000000005,7.108681999999995,1.46762,7.94549,0.719937,0.284319,0.189597,0.138374,0.114637,0.0950655
9053,25.091738,6.904846999999996,1.46901,0.122692,0.0332599,0.0124608,0.00624979,0.00342069,0.00239711,0.0017237
9054,24.972192,7.127832000000004,1.46941,0.0874154,0.00741401,0.0030773,0.00206706,0.0015108,0.00125192,0.00103826
9061,25.153098,6.183394999999999,1.47076,0.636486,0.0547121,0.0226736,0.0152297,0.0111312,0.00922391,0.0076497
9062,25.156752,6.186011,1.47076,2.56975,0.205435,0.0848541,0.0569921,0.0416548,0.0345173,0.0286263
9065,25.996156,4.832027999999996,1.47225,0.95997,0.0948447,0.0464931,0.0321199,0.0229737,0.0184516,0.0146812
9066,25.987351,4.831512000000004,1.47225,0.109603,0.00942822,0.0038901,0.00261272,0.00190961,0.0015824,0.00131233
9067,27.070844,6.727324999999996,1.47239,0.0851149,0.00738681,0.00303316,0.00203614,0.0014881,0.00123311,0.00102265
9073,26.125961,5.164739999999999,1.4749,0.542338,0.0752413,0.0283757,0.0162792,0.0105909,0.00833205,0.00666631
9075,26.622965,5.311867000000004,1.47634,0.0788139,0.0054929,0.00225902,0.00151728,0.00110896,0.000918943,0.000762111
9076,26.625822,5.313395999999994,1.47634,0.609049,0.052336,0.0217317,0.0145975,0.0106692,0.00884104,0.00733217
9079,26.03381,4.803528,1.47801,0.0538151,0.00460716,0.001913,0.00128499,0.000939189,0.000778259,0.000645437
9083,26.962693,6.134483000000004,1.48009,0.177111,0.0181142,0.00607423,0.00400775,0.00292228,0.00242091,0.00200761
9084,26.963404,6.131739000000007,1.48009,0.0659678,0.00567438,0.00235584,0.00158245,0.0011566,0.000958419,0.000794849
9085,26.086815,6.699348999999999,1.48019,0.0546369,0.00468498,0.00193699,0.001301,0.000950886,0.000787952,0.000653475
9089,27.007198,6.051247,1.48228,0.0662853,0.0063604,0.00232197,0.00152568,0.00110898,0.000917934,0.000760942
9091,25.685836,6.850369000000002,1.48379,0.466713,0.0384301,0.0159081,0.0106854,0.00780988,0.00647166,0.00536717
9093,25.393161,6.077700999999997,1.48464,0.0793447,0.0068092,0.00282747,0.00189926,0.00138815,0.00115029,0.000953978
9100,25.31789,5.999272000000005,1.48715,0.057761,0.00577967,0.00225137,0.00144215,0.00102402,0.000838519,0.000689831
9101,25.317614,6.001074000000006,1.48715,0.201119,0.0165542,0.0066494,0.00446341,0.00326212,0.00270315,0.00224181
9103,25.214872,6.068532000000001,1.48883,0.768356,0.0697828,0.0281975,0.018633,0.0135173,0.011175,0.00925627
9104,25.220098000000004,6.070173000000001,1.48883,0.111929,0.00955027,0.00396417,0.00266279,0.00194622,0.00161273,0.00133749
9105,26.893342,6.239999000000003,1.49051,0.0674318,0.00576826,0.00238466,0.00160172,0.00117068,0.000970085,0.000804524
9106,26.898487,6.237864999999999,1.49051,12.1426,0.881115,0.335351,0.224984,0.164429,0.136254,0.113
9111,27.017531000000005,7.134668,1.49293,0.13482,0.00857438,0.00355873,0.00239045,0.00174716,0.00144779,0.0012007
9112,26.396517,5.673327999999995,1.49379,0.316723,0.0257526,0.0106918,0.00718187,0.00524918,0.00434974,0.00360738
9113,26.394942000000004,5.674375,1.49379,3.38522,0.316041,0.11991,0.0795697,0.0580166,0.0480567,0.0398499
9114,26.238273,6.497630999999999,1.49446,0.0522902,0.00437731,0.00181758,0.0012209,0.000892346,0.000739443,0.000613245
9128,25.106052,6.743418000000005,1.49871,1.05304,0.0916386,0.0373872,0.0250953,0.0183407,0.015198,0.0126042
9129,25.100566000000004,6.7438829999999985,1.49871,0.0568757,0.00490446,0.002028,0.00136151,0.000994997,0.000824484,0.000683765
9131,25.887776,7.030909000000002,1.50001,0.17138,0.0140758,0.00581731,0.00390744,0.00285592,0.00236656,0.00196267
9132,25.271625,6.630115000000004,1.50027,0.697535,0.0556157,0.0225464,0.0151315,0.0110584,0.00916347,0.00759956
9134,26.084948,6.757678999999995,1.50084,0.129906,0.011003,0.00456638,0.00306727,0.00224185,0.00185771,0.00154066
9137,25.896713,6.960844999999995,1.50207,0.336054,0.028793,0.0119557,0.0080308,0.00586966,0.0048639,0.0040338
9138,25.831858,5.464113999999999,1.50267,0.184952,0.0159049,0.0066044,0.00443627,0.00324244,0.00268685,0.0022283
9139,25.827056,5.467853,1.50267,0.128341,0.011015,0.00457384,0.00307231,0.00224553,0.00186076,0.00154319
9140,25.305601,5.679298000000001,1.50317,0.0773041,0.00661558,0.00274707,0.00184525,0.00134868,0.00111758,0.000926851
9142,25.086548,6.369072000000005,1.50381,0.0522557,0.0043684,0.00180163,0.00120989,0.000884278,0.000732756,0.000607698
9143,25.086092,6.367904999999997,1.50381,14.9095,1.35225,0.54032,0.358006,0.260226,0.215283,0.178386
9146,25.477084,6.471518000000002,1.50478,2.82886,0.242964,0.100841,0.0677364,0.0495081,0.0410249,0.0340234
9147,25.900037,6.803438999999995,1.50494,0.219691,0.0188015,0.00779211,0.00523382,0.00382535,0.00316988,0.00262888
9151,26.173369,6.972389999999996,1.50596,0.107511,0.00916564,0.00380597,0.00255652,0.00186855,0.00154837,0.00128412
9152,26.174203,6.9737170000000015,1.50596,0.17893,0.0429228,0.0125594,0.00601874,0.00347337,0.00260326,0.00202154
9154,25.610712,6.740519999999996,1.50674,0.0969959,0.00814195,0.00337996,0.00227036,0.00165939,0.00137506,0.00114038
9158,25.501004,6.662934999999996,1.50758,0.646747,0.0557334,0.0228769,0.0153616,0.0112274,0.00930358,0.00771577
9160,27.008374,7.087300000000003,1.50881,0.0625585,0.00520459,0.00216059,0.0014513,0.00106075,0.000878987,0.000728974
9161,27.000087,7.087988,1.50881,0.0614605,0.00525524,0.0021822,0.00146581,0.00107135,0.000887779,0.000736265
9163,26.942398,7.115868,1.50947,0.898948,0.165085,0.251381,0.28874,0.291041,0.276873,0.251559
9164,26.264423,5.019530000000005,1.50974,0.0764133,0.00822474,0.00329418,0.00205182,0.00141882,0.00114692,0.000934796
9168,25.926573,6.285662,1.51093,0.460564,0.0612541,0.0200927,0.0117489,0.00797926,0.00644038,0.00525777
9169,26.167577,6.483047000000004,1.51094,0.0629091,0.00538211,0.00223475,0.00150111,0.00109715,0.000909156,0.000753994
9170,26.167486,6.4811170000000065,1.51094,0.355961,0.0307056,0.0127305,0.00854939,0.00624839,0.00517769,0.00429402
9171,27.141718,7.062521,1.51129,0.141213,0.0120733,0.0050112,0.00336608,0.00246025,0.00203869,0.00169075
9172,27.142656,7.064732000000002,1.51129,0.19919,0.0171452,0.00709827,0.00476709,0.00348413,0.00288712,0.00239438
9173,24.939939,4.973457000000002,1.51208,0.074079,0.00659073,0.00259555,0.0017366,0.00126857,0.00105113,0.000871723
9174,24.945348,4.975780000000001,1.51208,27.7288,2.38531,0.990478,0.665318,0.486277,0.402953,0.334183
9178,25.259811,6.012634000000003,1.51304,0.00609169,0.0379517,0.108341,0.139739,0.15005,0.147153,0.137205
9183,25.268065,5.869765000000004,1.51346,0.127919,0.0119295,0.00470083,0.00308748,0.00223411,0.00184531,0.00152759
9184,25.872078,5.559654999999995,1.51356,23.6472,1.93022,0.801414,0.538321,0.393455,0.326037,0.270394
9185,25.872808,5.5638739999999975,1.51356,0.0942067,0.00808764,0.00335834,0.00225585,0.00164878,0.00136626,0.00113309
9186,25.870131,5.561732000000001,1.51356,0.0502672,0.00512192,0.00170223,0.001077,0.000770155,0.000634261,0.000524343
9187,25.781187,7.129553000000003,1.51411,0.0610862,0.00730492,0.00245482,0.0014855,0.00103089,0.000838982,0.000688404
9188,25.249548,6.8194650000000046,1.51537,0.0735467,0.00632183,0.0026195,0.00175949,0.001286,0.00106565,0.000883776
9189,25.24764,6.818200999999994,1.51537,4.94402,0.418856,0.173917,0.116822,0.0853847,0.0707541,0.0586787
9190,25.245746,6.819503000000003,1.51537,0.843592,0.070972,0.0294699,0.0197954,0.0144683,0.0119892,0.00994303
9194,26.195226,6.087086999999999,1.51678,1.38326,0.118922,0.0493725,0.0331642,0.0242395,0.0200861,0.0166581
9195,26.199728,6.090116000000004,1.51678,0.0562304,0.00471272,0.00195539,0.00131345,0.000959991,0.000795497,0.000659733
9197,25.136558,6.787694000000001,1.51777,0.108968,0.00963871,0.00381975,0.00255706,0.00186804,0.00154786,0.00128368
9198,27.113134,6.100760000000005,1.51828,2.13179,0.18036,0.0748912,0.0503055,0.036768,0.0304678,0.025268
9201,26.370483,6.703273999999997,1.52011,0.0749874,0.0064311,0.00266576,0.00179061,0.00130874,0.00108449,0.000899403
9203,25.504666,5.562186000000002,1.52107,0.149953,0.0126498,0.00525274,0.00352834,0.00257884,0.00213696,0.00177225
9204,26.950219,5.540908000000002,1.522,0.156217,0.0133828,0.00555657,0.00373243,0.00272801,0.00226057,0.00187476
9205,26.944791,5.532205999999994,1.522,0.475768,0.03897,0.0161375,0.0108396,0.00792262,0.00656508,0.00544464
9206,26.138049,6.359312000000001,1.52237,1.59846,0.126156,0.0523554,0.0351678,0.0257039,0.0212996,0.0176644
9207,25.31483,5.356157000000005,1.52249,0.288716,0.0384882,0.0135754,0.00784589,0.0052745,0.0042451,0.00346286
9215,26.202157,6.459167999999998,1.52314,0.0875716,0.00748047,0.0031058,0.00208621,0.0015248,0.00126352,0.00104788
9220,26.436194,6.162595999999996,1.52407,0.0524248,0.00450537,0.00186145,0.00125015,0.000913716,0.00075715,0.00062793
9221,26.432019,6.158531000000004,1.52407,0.11296,0.0101129,0.0040222,0.00267723,0.00195134,0.00161589,0.0013397
9222,26.441098,6.152714999999997,1.52407,2.58365,0.22243,0.0923579,0.0620381,0.0453433,0.0375737,0.0311612
9224,26.764508,7.1070110000000035,1.52427,0.0730737,0.0062579,0.00259838,0.00174537,0.00127568,0.00105709,0.00087668
9225,26.756855,7.118087999999999,1.52427,0.156175,0.0200696,0.0133187,0.00986935,0.00704735,0.00549668,0.00415484
9227,27.014208,6.0035329999999965,1.52453,0.0543206,0.00455986,0.0018934,0.00127182,0.000929565,0.000770285,0.000638823
9228,27.009932,6.0093370000000075,1.52453,0.0502084,0.00426124,0.00176678,0.00118673,0.000867373,0.000718749,0.000596083
9229,24.900242,4.995269999999993,1.52473,0.0857407,0.00741047,0.00305544,0.0020513,0.00149916,0.00124227,0.00103025
9232,26.149018,5.719512000000004,1.5251,0.923067,0.0775916,0.0322183,0.0216415,0.0158176,0.0131073,0.0108703
9233,25.243122,5.822648000000007,1.52564,0.0564988,0.00488579,0.00201861,0.00135497,0.000990181,0.000820489,0.000680452
9234,25.238956,5.818991,1.52564,0.284045,0.0211922,0.00878306,0.00589969,0.00431204,0.00357318,0.00296336
9235,25.952038000000005,5.415476000000006,1.5258,0.051051,0.00439396,0.0018212,0.00122317,0.000893993,0.000740806,0.000614375
9236,25.949628,5.419369999999996,1.5258,0.104015,0.0086664,0.00359804,0.00241685,0.00176646,0.00146378,0.00121396
9238,26.240144000000004,6.473266999999996,1.52615,0.0811691,0.00689366,0.0028561,0.00191846,0.00140219,0.00116192,0.000963622
9239,26.805983,5.392450000000001,1.5264,0.324695,0.0278847,0.0115649,0.00776806,0.00567761,0.00470476,0.00390181
9240,26.800832,5.392267000000003,1.5264,0.407806,0.0879557,0.0240036,0.0117571,0.00695813,0.00527025,0.00411452
9241,26.802964,7.190809999999995,1.52642,0.0522482,0.00465369,0.00189112,0.00125791,0.000915177,0.000757179,0.000627381
9243,25.155983,6.322683,1.52723,0.0598662,0.0050874,0.0020509,0.00137315,0.00100288,0.000830909,0.000689059
9244,25.15344,6.320336999999998,1.52723,1.49533,0.122889,0.0509887,0.0342498,0.025033,0.0207436,0.0172034
9249,26.185554,7.116557000000001,1.52951,0.0611961,0.0346504,0.0295152,0.0196774,0.0118769,0.00807479,0.0051739
9250,26.189362,7.114128000000003,1.52951,0.0771874,0.0429973,0.0115235,0.00438962,0.00195112,0.00125876,0.000872855
9253,25.05764,5.2136629999999995,1.53017,0.059171,0.00557547,0.0021559,0.00141129,0.00102024,0.000842491,0.000697353
9258,26.664155,5.332246,1.53115,0.0511024,0.00436233,0.00181101,0.00121648,0.000889117,0.000736767,0.000611026
9259,24.826976,7.096850000000003,1.53203,0.0656807,0.00558893,0.00232076,0.00155889,0.00113938,0.00094415,0.000783016
9260,24.819539,7.089707999999995,1.53203,0.383609,0.0359593,0.0136016,0.00906135,0.00661529,0.00548103,0.00454545
9271,26.87692,7.182650999999997,1.53239,0.558318,0.0474864,0.0195627,0.0131338,0.00959861,0.00795378,0.00659631
9272,25.920159,5.111403000000001,1.5325,0.0688849,0.0058828,0.00243674,0.00163666,0.00119621,0.000991239,0.000822068
9273,26.309621,6.589590000000005,1.53329,0.188112,0.0157334,0.0065331,0.00438838,0.00320744,0.00265784,0.00220424
9274,26.309463000000004,6.584021999999998,1.53329,89.9916,9.36945,3.75843,2.36371,1.64916,1.33938,1.09568
9278,25.994982,5.397396000000004,1.53355,0.0783438,0.0066318,0.00275368,0.00184968,0.00135192,0.00112027,0.000929079
9279,24.84606,6.940458999999996,1.53376,0.111546,0.00904208,0.00375185,0.00252016,0.00184197,0.00152635,0.00126585
9280,25.953424,6.714290999999998,1.53387,0.0693194,0.00591937,0.00245621,0.00164987,0.00120588,0.000999251,0.000828712
9282,26.013970000000004,5.013359999999997,1.53442,2.60687,0.221281,0.0918842,0.06172,0.0451107,0.037381,0.0310013
9283,26.227142,5.866310999999997,1.53443,0.0830533,0.00718388,0.00296204,0.00198828,0.00145304,0.00120404,0.000998544
9284,26.646364,5.6332,1.53462,0.081885,0.00703708,0.00292209,0.00196281,0.00143461,0.00118879,0.000985902
9285,25.994104,5.760571000000004,1.53496,0.166023,0.0166334,0.00648719,0.0041463,0.00295011,0.00242121,0.00199657
9286,25.999013,5.764217999999997,1.53496,0.15844,0.0122472,0.00487916,0.00327226,0.00239124,0.00198146,0.00164329
9287,26.105191,5.220492000000005,1.53527,0.104408,0.00778726,0.00323173,0.0021708,0.00158662,0.00131475,0.00109037
9288,26.913108,4.8099199999999955,1.53539,0.22269,0.0193503,0.00779639,0.00522403,0.00381663,0.00316246,0.00262269
9292,25.278245,6.137810000000004,1.53629,0.0969203,0.00832757,0.00345415,0.00232013,0.00169576,0.00140519,0.00116537
9295,25.070998000000003,7.127198999999995,1.53641,0.0773562,0.00663994,0.00275643,0.00185153,0.00135327,0.00112139,0.000930006
9296,25.363486,7.048996999999997,1.53643,0.642593,0.0642294,0.0239526,0.0155257,0.0112218,0.00927555,0.00768453
9297,25.108197,7.045830999999998,1.53797,0.12652,0.0107039,0.00444466,0.00298554,0.00218211,0.00180821,0.00149961
9301,25.713316,6.522223,1.53909,0.246579,0.0298957,0.0129985,0.00802633,0.0053355,0.00417406,0.00328904
9302,25.712901,6.5234790000000045,1.53909,0.280412,0.0241236,0.00999954,0.00671662,0.00490912,0.00406795,0.00337369
9308,26.899744,5.705142000000003,1.54035,1.37463,0.118044,0.0489556,0.0328838,0.0240346,0.0199163,0.0165172
9309,26.057181,5.7487520000000005,1.54097,0.16149,0.0136747,0.00567687,0.00381323,0.00278707,0.00230951,0.00191535
9310,26.063156,5.746874999999996,1.54097,27.9157,2.20608,0.91425,0.614111,0.448849,0.371939,0.308462
9311,25.747185,6.183759000000001,1.54184,0.0833464,0.00837786,0.00328914,0.00209969,0.00148919,0.00121975,0.00100416
9312,25.05146,7.0659480000000014,1.54185,0.15789,0.0123571,0.00493631,0.00330972,0.00241845,0.00200398,0.00166196
9313,25.642866,5.929263,1.54187,0.0585063,0.00501882,0.00208402,0.00139987,0.00102315,0.000847837,0.00070314
9314,26.457996,6.386334999999996,1.54196,0.464124,0.0398928,0.0165529,0.0111185,0.00812642,0.00673396,0.0055847
9315,26.446375,6.388599999999996,1.54196,0.161215,0.0138657,0.00575016,0.00386243,0.00282302,0.0023393,0.00194006
9316,25.655187,5.905708000000002,1.54205,0.115541,0.00987278,0.00409909,0.00275342,0.00201246,0.00166762,0.00138302
9317,25.651158,5.899138999999995,1.54205,0.058652,0.00502663,0.00208698,0.00140186,0.00102461,0.000849041,0.000704138
9318,26.680258,6.3306769999999934,1.5423,0.0938301,0.00794809,0.00329908,0.00221603,0.00161968,0.00134215,0.00111309
9323,26.15383,6.736944999999994,1.54297,0.140204,0.0120725,0.00500863,0.0033643,0.00245894,0.00203761,0.00168985
9328,25.774516,5.433963000000002,1.54413,0.107612,0.00925032,0.00383984,0.00257927,0.00188517,0.00156215,0.00129554
9329,25.235747,5.257284000000002,1.5443,0.10359,0.0088912,0.0036914,0.00247956,0.0018123,0.00150176,0.00124546
9330,25.239972,5.251467000000003,1.5443,0.0763194,0.0064311,0.00264024,0.00177308,0.00129591,0.00107385,0.000890584
9333,25.794569,5.145732000000004,1.54483,0.0985625,0.00845706,0.00351154,0.00235875,0.00172399,0.00142859,0.00118478
9336,25.303185,5.287929999999998,1.54641,0.2635,0.0234552,0.00958446,0.00637183,0.00463383,0.00383345,0.00317625
9337,25.302413000000005,5.294263000000001,1.54641,0.109396,0.00932432,0.00387167,0.00260066,0.0019008,0.0015751,0.00130628
9338,25.294316,5.290521000000001,1.54641,0.156606,0.0132057,0.00544654,0.00365808,0.00267365,0.00221552,0.00183741
9340,25.101533,6.375710999999997,1.54679,0.057694,0.00493016,0.00204715,0.0013751,0.00100505,0.000832836,0.000690699
9341,25.670317,5.286468999999997,1.54721,0.116467,0.0100228,0.004161,0.002795,0.00204285,0.00169281,0.0014039
9342,25.672172,5.289190000000005,1.54721,0.0942751,0.00809187,0.00335758,0.00225533,0.00164841,0.00136595,0.00113283
9343,25.669488,5.292034999999995,1.54721,0.0724708,0.00494436,0.00205077,0.00137753,0.00100683,0.00083431,0.000691921
9344,25.088181,6.475293000000005,1.54782,0.05461,0.00492753,0.00197545,0.00130931,0.000951286,0.000786735,0.000651725
9345,25.090002,6.484118000000002,1.54782,0.313031,0.0268766,0.0111593,0.00749586,0.00547868,0.00453991,0.0037651
9346,25.245846,7.098330999999995,1.54788,0.051524,0.00431036,0.00178982,0.00120225,0.000878714,0.000728147,0.000603877
9347,25.238496,7.093385999999996,1.54788,0.141214,0.0126219,0.00493724,0.00329221,0.00240256,0.00199035,0.0016505
9348,25.245213,7.095982999999998,1.54788,1.20848,0.101778,0.0422615,0.0283877,0.0207484,0.0171931,0.0142589
9349,25.24512,7.091165999999997,1.54788,0.411891,0.0346744,0.0143981,0.0096714,0.00706876,0.00585754,0.00485785
9352,25.704872000000005,5.401215000000002,1.54906,0.121756,0.0103871,0.00431299,0.0028971,0.00211747,0.00175464,0.00145518
9353,25.706451,5.406353000000001,1.54906,0.122601,0.0104829,0.00435241,0.00292358,0.00213682,0.00177068,0.00146849
9354,25.334145,5.037394000000005,1.54978,0.0545712,0.00390792,0.00159955,0.00107432,0.000785214,0.000650668,0.000539621
9355,25.031432,7.090897000000002,1.54993,0.0554057,0.00554775,0.00208087,0.00134423,0.000969218,0.000800439,0.000662835
9356,25.019028,7.086934999999997,1.54993,0.490984,0.0426846,0.017577,0.0117817,0.00860515,0.00712939,0.00591214
9358,26.305588,5.363457999999994,1.55026,0.101696,0.00853436,0.00353744,0.00237613,0.0017367,0.00143912,0.00119351
9360,25.090805,7.145120999999996,1.55119,0.314244,0.02657,0.0110279,0.00740757,0.00541414,0.00448643,0.00372075
9365,26.321106,5.356569000000006,1.55298,1.47895,0.125417,0.0519434,0.0348907,0.0255014,0.0211318,0.0175253
9367,26.632723,6.199474000000003,1.55356,0.0293595,0.02707,0.0700404,0.088625,0.0939559,0.0914744,0.0846867
9368,25.240875,5.029804000000007,1.55364,0.0767074,0.00658612,0.00273483,0.00183703,0.00134267,0.00111261,0.000922721
9369,25.234444,5.026611000000002,1.55364,0.155659,0.0128406,0.00533171,0.00358139,0.00261761,0.00216909,0.0017989
9371,25.235312,6.660139999999999,1.55467,0.0191611,0.0559297,0.0464871,0.0304953,0.0182245,0.0122961,0.00777171
9372,25.245055,6.660643999999995,1.55467,0.101128,0.00807825,0.0033544,0.0022532,0.00164685,0.00136466,0.00113176
9373,25.021072,5.7857369999999975,1.55489,0.0650697,0.00914944,0.00921882,0.00892207,0.00792624,0.00701052,0.00593682
9374,25.024906,5.780981999999999,1.55489,0.0542088,0.00458599,0.00190425,0.00127912,0.000934897,0.000774703,0.000642487
9375,25.093951,5.103640000000005,1.55526,0.0872168,0.00745916,0.00309288,0.0020774,0.00151835,0.00125818,0.00104345
9379,26.880944,6.778196000000002,1.55734,0.118844,0.0103814,0.00425638,0.00284779,0.0020781,0.00172116,0.00142703
9380,25.443867000000004,5.5016849999999975,1.55778,0.198123,0.0158033,0.00641059,0.00430576,0.00314705,0.0026078,0.00216274
9382,26.756197,5.3903920000000065,1.55833,0.132688,0.0105684,0.00437737,0.00294028,0.00214903,0.00178079,0.00147687
9384,26.40069,6.461698000000002,1.55931,0.233443,0.0198892,0.00825884,0.00554758,0.00405469,0.00335992,0.0027865
9388,25.680297,5.580597999999995,1.55984,0.0621218,0.00533373,0.00221392,0.00148712,0.00108692,0.00090068,0.000746964
9389,25.679907,5.586167999999996,1.55984,0.979464,0.0837556,0.0347692,0.023355,0.01707,0.0141451,0.011731
9391,25.298227,5.767637000000005,1.56007,0.050418,0.0147461,0.00243715,0.0011215,0.000726628,0.000587479,0.000482774
9392,25.302321,5.7687950000000034,1.56007,0.0520306,0.00551276,0.00219869,0.00136703,0.000950147,0.000771912,0.000632324
9393,25.302968,5.771531999999999,1.56007,0.0566081,0.00464698,0.00191926,0.00128901,0.000942114,0.000780682,0.000647446
9394,24.936326,5.468590000000001,1.56036,0.144918,0.0116157,0.00482323,0.00323984,0.00236797,0.00196222,0.00162734
9395,24.936427,5.469901000000006,1.56036,0.0733929,0.00651971,0.00269183,0.00178982,0.00129856,0.00107244,0.000887255
9396,26.726958000000003,5.8161760000000005,1.56048,0.212638,0.0186328,0.00764433,0.00511142,0.00372898,0.00308831,0.0025605
9397,25.27315,5.182650000000003,1.56051,0.0640572,0.00491669,0.00203998,0.00137028,0.00100153,0.00082992,0.00068828
9398,25.503068,5.150857000000002,1.56056,0.700344,0.0591693,0.0245672,0.0165021,0.0120613,0.00999459,0.00828885
9399,26.743030000000005,5.7982009999999935,1.5606,0.130741,0.0112129,0.00461797,0.0031013,0.00226668,0.00187828,0.00155772
9400,26.742057000000003,5.799085000000003,1.5606,0.172095,0.0151872,0.00610501,0.00407915,0.00297737,0.0024665,0.00204531
9401,26.738221000000003,5.805199000000006,1.5606,0.0650586,0.00557665,0.00231563,0.00155544,0.00113686,0.00094206,0.000781282
9402,25.346698,6.336689,1.56065,0.062082,0.00534411,0.00221907,0.00149058,0.00108946,0.000902778,0.000748704
9403,25.343902,6.337195000000003,1.56065,0.0816043,0.0069588,0.0028896,0.00194098,0.00141865,0.00117557,0.000974938
9404,25.342096,6.3413840000000015,1.56065,0.0524306,0.00433813,0.00179797,0.0012077,0.000882697,0.000731448,0.000606614
9405,25.288619,6.501071000000001,1.56072,0.159286,0.0135466,0.00562515,0.00377849,0.00276167,0.00228846,0.0018979
9406,25.997783,4.954529000000005,1.56093,0.132941,0.0106369,0.00439547,0.0029524,0.00215789,0.00178813,0.00148296
9407,25.99845,4.963930000000002,1.56093,3.87353,0.324409,0.134045,0.0900373,0.0658076,0.0545315,0.0452248
9408,26.35112,5.979191999999996,1.56117,0.367509,0.0318528,0.013085,0.00878573,0.0064212,0.00532092,0.00441281
9409,25.024877,5.451180000000001,1.56125,0.113768,0.00978458,0.00406291,0.00272911,0.00199469,0.0016529,0.00137081
9410,25.027183,5.448552999999995,1.56125,0.0717987,0.00624165,0.00256319,0.00172015,0.00125708,0.00104166,0.000863884
9411,25.523644,6.321404000000006,1.56136,0.0821077,0.00668198,0.00277356,0.00186304,0.00136169,0.00112836,0.000935788
9412,25.713186,5.224755999999995,1.56146,0.0690231,0.00592224,0.00245855,0.00165144,0.00120703,0.00100021,0.000829504
9413,25.715411,5.518685999999995,1.56164,0.0618406,0.00525848,0.00218121,0.00146513,0.00107085,0.00088736,0.000735918
9414,25.411367,6.3508280000000035,1.56247,5.56394,0.471589,0.195781,0.131509,0.0961192,0.0796492,0.0660558
9415,25.409678,6.345674000000006,1.56247,0.413532,0.0351365,0.01457,0.00978678,0.00715309,0.00592741,0.00491581
9416,26.667242,5.870804000000002,1.56251,2.55961,0.219316,0.0910323,0.0611476,0.0446924,0.0370344,0.0307139
9417,25.035739,6.727387,1.56283,0.555315,0.0463219,0.0184837,0.0124066,0.00906751,0.00751378,0.00623143
9420,25.881102,5.297410000000002,1.56344,0.064221,0.00538214,0.00223482,0.00150116,0.00109719,0.000909184,0.000754017
9421,25.877263,5.299596000000006,1.56344,0.150297,0.012915,0.00536285,0.00360231,0.0026329,0.00218176,0.0018094
9422,24.97619,5.384095999999996,1.56361,0.163029,0.0129744,0.00538736,0.00361876,0.00264493,0.00219172,0.00181767
9423,24.977185,5.383907,1.56361,0.0566083,0.00487369,0.00202377,0.00135939,0.000993572,0.000823324,0.00068281
9424,24.983978,5.388358999999995,1.56361,0.12784,0.0109765,0.00455793,0.00306162,0.00223772,0.00185429,0.00153782
9425,25.966505,6.525030999999997,1.5643,0.0522539,0.00447186,0.00185589,0.00124662,0.00091115,0.000755025,0.000626168
9426,25.231666,6.391639000000002,1.56497,6.10787,0.514615,0.213564,0.143454,0.104849,0.0868836,0.0720555
9427,26.437445,5.177274999999997,1.56507,0.115965,0.0106329,0.00413128,0.00275105,0.0020074,0.001663,0.00137907
9428,26.441531,5.172850999999998,1.56507,0.0664715,0.00562346,0.00233067,0.00156551,0.00114422,0.000948157,0.000786338
9430,25.912677,5.291503999999994,1.56526,0.11362,0.00973381,0.00403939,0.0027133,0.00198313,0.00164333,0.00136287
9431,26.09191,6.481196000000001,1.56531,0.0655399,0.00554069,0.00230071,0.00154542,0.00112954,0.000935992,0.00077625
9432,26.431973,5.8270349999999995,1.56559,2.62506,0.233981,0.0879651,0.0588678,0.0430122,0.0356412,0.0295583
9433,26.428087,5.827206999999993,1.56559,0.11458,0.00984044,0.00406927,0.00273314,0.00199762,0.00165533,0.00137282
9434,25.276697,5.076143999999997,1.56567,0.573682,0.049357,0.020495,0.0137668,0.0100621,0.00833793,0.00691493
9435,26.274125,5.827422000000003,1.56577,0.104826,0.00891119,0.00369646,0.00248294,0.00181476,0.0015038,0.00124716
9436,26.277437,5.833536000000006,1.56577,0.050599,0.00435561,0.00180862,0.00121488,0.000887947,0.000735798,0.000610222
9437,26.355215,6.487398999999999,1.56596,0.0604552,0.00560246,0.00222045,0.00146157,0.00105931,0.000875618,0.000725242
9441,25.883334,5.341175000000001,1.56657,0.056157,0.00447847,0.00114158,0.000726306,0.000525358,0.000434584,0.000360198
9442,26.130737,6.1863630000000045,1.56699,2.68576,0.226472,0.0938694,0.0630519,0.0460841,0.0381876,0.0316703
9443,26.130593,6.188762,1.56699,0.155508,0.0132369,0.00549589,0.00369167,0.00269822,0.00223588,0.00185429
9445,25.374327,6.481760999999995,1.56714,0.151395,0.0130304,0.00541071,0.00363445,0.0026564,0.00220122,0.00182555
9446,25.377081,6.477014999999994,1.56714,0.105284,0.0269684,0.0155632,0.0095215,0.00571644,0.00402251,0.00276912
9449,25.41704,6.404456999999999,1.56738,0.0577828,0.00494275,0.00205237,0.00137861,0.00100761,0.00083496,0.00069246
9450,26.432779,6.2654099999999975,1.56825,0.240545,0.0202982,0.00842868,0.00566166,0.00413807,0.00342902,0.0028438
9451,25.890742,5.2648810000000035,1.56859,4.23975,0.363719,0.151021,0.101443,0.074144,0.0614395,0.0509538
9453,26.135125,6.1505879999999955,1.5695,0.108525,0.008941,0.00370937,0.00249163,0.00182112,0.00150907,0.00125152
9455,25.471548,6.290096000000001,1.57127,0.287867,0.0369126,0.0146236,0.00847586,0.00556396,0.0044069,0.00354969
9456,26.385838,6.551767000000002,1.57172,0.163703,0.0136205,0.00564094,0.00378904,0.00276938,0.00229485,0.0019032
9459,27.01953,5.510564999999995,1.57228,5.82779,5.53938,3.8477,2.35532,1.34462,0.889017,0.55606
9460,26.116306,6.157605999999998,1.57235,0.182347,0.0155157,0.0064428,0.00432772,0.00316311,0.00262111,0.00217377
9461,26.735853,5.9928759999999945,1.57244,0.105444,0.00906045,0.00376229,0.00252719,0.0018471,0.0015306,0.00126938
9462,26.714702,5.421599000000006,1.57298,0.0644097,0.00552588,0.00229361,0.00154065,0.00112605,0.000933101,0.000773852
9464,26.716493,5.445550000000004,1.5732,4.78941,0.406983,0.168533,0.113205,0.0827408,0.0685632,0.0568618
9465,26.707025,5.443912999999994,1.5732,0.118495,0.0100547,0.00417415,0.00280383,0.0020493,0.00169815,0.00140834
9466,25.883676,5.009105000000004,1.57344,0.906819,0.0771358,0.0320297,0.0215148,0.0157251,0.0130306,0.0108067
9467,25.887746000000003,5.008767000000004,1.57344,0.21621,0.0185053,0.00765637,0.00514245,0.00375856,0.00311453,0.00258298
9468,26.898461,5.146369999999996,1.57397,0.144247,0.0123894,0.00513836,0.00345147,0.00252265,0.0020904,0.00173364
9469,26.292760000000005,6.0502419999999955,1.5741,0.0759985,0.00650758,0.00270067,0.00181407,0.00132589,0.0010987,0.000911192
9470,26.879480000000004,5.156330000000002,1.5741,1.95471,0.128154,0.0518018,0.0347892,0.025427,0.0210701,0.0174741
9471,25.440339,7.151366999999999,1.57417,0.105329,0.00902829,0.00374335,0.00251426,0.00183764,0.00152276,0.00126287
9472,25.442480000000003,7.153351000000007,1.57417,0.228757,0.0193767,0.00793391,0.00532624,0.00389265,0.00322563,0.00267512
9475,25.708809,6.133197999999999,1.57465,0.0685893,0.00677464,0.00200836,0.00130628,0.000949809,0.000786493,0.000652126
9476,25.706316,6.137125999999997,1.57465,0.0585911,0.00501373,0.00208192,0.00139845,0.00102212,0.000846981,0.00070243
9477,25.477113,7.168594,1.57482,6.45221,0.553928,0.229952,0.154462,0.112895,0.0935509,0.0775849
9478,25.48198,7.169439999999999,1.57482,0.0589728,0.00478824,0.00198225,0.00133148,0.000973167,0.000806415,0.000668788
9479,27.077375,6.337687000000002,1.5753,0.146158,0.0125943,0.00512131,0.0034385,0.00251311,0.00208248,0.00172707
9480,24.89992,5.889077000000004,1.57543,0.118296,0.0101599,0.00421883,0.00283385,0.00207124,0.00171634,0.00142341
9481,24.902935,5.891436999999998,1.57543,0.0983254,0.00850393,0.00340978,0.00228658,0.00167093,0.00138459,0.00114828
9482,25.719789,6.164403999999995,1.5757,0.152791,0.0129893,0.00539371,0.00362303,0.00264805,0.00219431,0.00181981
9483,26.641962,6.294028000000002,1.57675,0.064559,0.00551614,0.00229034,0.00153846,0.00112445,0.000931774,0.000772752
9484,26.583862,5.892790000000004,1.57686,0.0799943,0.00688261,0.00285687,0.00191899,0.00140257,0.00116224,0.000963889
9485,25.482522,6.482795,1.57733,0.0688909,0.00685213,0.00201308,0.00128657,0.000929959,0.000769025,0.000637289
9486,26.299216000000005,6.150763,1.57806,0.321424,0.0417959,0.0152107,0.00882696,0.00592845,0.00476696,0.0038858
9487,26.583511,6.558948,1.57843,0.0569275,0.00490098,0.00203508,0.00136699,0.000999126,0.000827926,0.000686627
9488,26.565409,5.656400999999997,1.57887,0.0808864,0.00506309,0.00207269,0.00139193,0.00101733,0.000843013,0.000699139
9489,26.570346,5.660258999999998,1.57887,1.023,0.0876488,0.0363939,0.0244463,0.0178676,0.014806,0.0122791
9490,26.304845,5.7112219999999985,1.57903,0.448975,0.0372542,0.0154619,0.0103859,0.00759102,0.00629031,0.00521676
9491,26.298471,5.710431000000001,1.57903,0.0593603,0.0051942,0.00211012,0.00141468,0.00103366,0.000856512,0.000710326
9493,26.885274,5.6839759999999995,1.5797,0.101005,0.00857758,0.00356029,0.0023915,0.00174793,0.00144842,0.00120123
9494,26.885316,5.678221999999995,1.5797,0.361047,0.0302376,0.0124564,0.00836653,0.00611502,0.00506722,0.00420242
9495,26.80549,5.131269000000004,1.57979,0.47859,0.0416729,0.0171724,0.0115041,0.00840027,0.00695915,0.00577078
9496,26.228256,5.737064999999997,1.57983,0.348221,0.0313508,0.0125653,0.00836275,0.00609625,0.00504884,0.00418623
9497,25.011897,6.481139000000004,1.58005,0.058321,0.00361497,0.00149995,0.00100754,0.000736403,0.00061022,0.000506076
9498,25.704196,4.830325000000005,1.58085,0.0550299,0.00410012,0.00168143,0.00112941,0.000825475,0.00068403,0.000567289
9501,26.244755,5.704910000000002,1.58123,0.0570052,0.00988011,0.00370656,0.00202471,0.00124088,0.000940233,0.000727925
9505,26.740969,5.2830939999999975,1.58169,0.0785146,0.00671566,0.00278775,0.00187257,0.00136865,0.00113413,0.000940575
9506,26.729332,5.306432000000002,1.58218,0.283939,0.0242859,0.0100815,0.00677189,0.00494953,0.00410143,0.00340146
9507,25.135639,6.338171999999998,1.58224,0.0916666,0.00764827,0.00317582,0.00213324,0.00155917,0.00129201,0.00107151
9508,25.136678,6.342524000000005,1.58224,0.126082,0.0110619,0.00451575,0.00302403,0.00220866,0.00182997,0.00151759
9509,27.118258,6.325088000000005,1.58231,0.333107,0.0286606,0.0119003,0.00799359,0.00584246,0.00484136,0.0040151
9510,26.886411,5.631097999999996,1.58252,0.0976295,0.00838794,0.0034822,0.00233904,0.00170959,0.00141665,0.00117488
9514,25.794478,6.320503000000006,1.58284,0.121314,0.0103191,0.00421302,0.00282608,0.00206503,0.00171111,0.00141906
9515,25.801436,6.322424000000006,1.58284,0.402437,0.0342273,0.0142033,0.00954054,0.00697311,0.00577828,0.00479212
9516,26.609489,6.4834729999999965,1.58393,0.0918117,0.007884,0.00327378,0.00219904,0.00160727,0.00133186,0.00110456
9521,24.975951,6.992544000000006,1.58416,0.262812,0.0181467,0.00753438,0.00506095,0.00369902,0.00306519,0.00254207
9522,24.97541,6.998651999999998,1.58416,0.061273,0.00494972,0.00205522,0.00138052,0.00100901,0.000836119,0.000693422
9523,26.369909,6.073832000000004,1.58459,0.16643,0.0139417,0.00578908,0.00388861,0.00284216,0.00235516,0.00195321
9524,26.368182,6.077503000000003,1.58459,0.0851482,0.00731351,0.00303678,0.00203985,0.00149091,0.00123544,0.0010246
9525,25.448298,6.5975519999999985,1.58491,0.0718088,1.03331,2.05725,2.19938,2.01905,1.79617,1.51609
9529,25.578789,6.961578999999996,1.58614,0.615004,0.0526903,0.0218793,0.0146966,0.0107417,0.0089011,0.00738198
9530,26.670273,5.290017000000005,1.58618,5.68984,0.490387,0.203525,0.136692,0.0999021,0.0827827,0.068654
9532,25.617118,6.2133030000000025,1.58653,0.0533025,0.00455655,0.00188403,0.0012655,0.000924947,0.000766458,0.000635649
9533,26.342388,6.006759000000004,1.58655,0.148364,0.0125741,0.00522013,0.00350644,0.00256283,0.00212369,0.00176125
9534,25.757185,6.339815999999997,1.587,0.0978951,0.00840815,0.0034765,0.00233484,0.00170649,0.00141408,0.00117275
9536,25.084645000000002,5.089667999999999,1.58774,0.111092,0.00953903,0.00396029,0.00266018,0.00194431,0.00161115,0.00133618
9540,26.489661,6.137642000000001,1.58782,0.184174,0.0113781,0.00456056,0.00306104,0.00223714,0.0018538,0.00153742
9545,24.80187,6.806707000000003,1.5889,1.16631,0.10022,0.0416157,0.0279539,0.0204313,0.0169304,0.014041
9547,25.954748000000002,5.103296999999997,1.58904,0.052939,0.00446454,0.00185383,0.00124525,0.000910142,0.00075419,0.000625475
9550,26.285829,5.943235999999996,1.58927,0.431714,0.0359195,0.0147084,0.00987679,0.00721871,0.00598178,0.00496089
9551,26.287699,5.933791000000003,1.58927,0.434526,0.0362645,0.0150571,0.0101141,0.00739232,0.00612565,0.00508021
9554,25.613365,5.146630000000005,1.59067,0.445827,0.0378332,0.0157092,0.0105521,0.00771246,0.00639093,0.00530022
9555,26.688843,6.739592000000003,1.59069,0.1327,0.0201058,0.01477,0.0107181,0.0072892,0.00545739,0.00393679
9557,26.192938,6.290585000000001,1.5914,0.0662123,0.00523485,0.00217135,0.00145852,0.00106603,0.000883363,0.000732603
9558,26.195627000000005,6.289425999999998,1.5914,0.915618,0.0476974,0.0177131,0.0118458,0.0086532,0.00716997,0.00594617
9559,25.244979,5.055014999999999,1.59163,1.36604,0.11595,0.0481169,0.0323206,0.0236229,0.0195752,0.0162343
9562,26.257359,6.2891990000000035,1.5927,0.0533485,0.00372255,0.00154329,0.00103665,0.000757679,0.000627851,0.000520698
9563,25.400675,7.195796000000002,1.59271,0.174715,0.0149905,0.0062247,0.00418122,0.00305603,0.00253238,0.00210019
9564,25.396742,7.196855000000005,1.59271,0.474757,0.0407611,0.0169258,0.0113693,0.00830973,0.00688586,0.00571068
9565,25.396246,7.187865999999995,1.59271,0.107077,0.00889004,0.00367876,0.00247097,0.00180601,0.00149655,0.00124114
9572,26.258783,4.841741000000005,1.59308,0.412398,0.0353087,0.0146606,0.00984772,0.00719764,0.00596432,0.00494642
9573,24.989426,7.178596000000007,1.5934,0.271688,0.0233405,0.00953838,0.00640286,0.00467949,0.00387764,0.00321585
9576,26.423587,6.123673999999999,1.59394,0.427732,0.0368846,0.0152615,0.0102506,0.00749202,0.00620827,0.00514873
9577,26.425823,6.127807999999997,1.59394,0.29676,0.0271646,0.0104525,0.00690357,0.00501842,0.00415274,0.00344174
9578,26.425362,6.128064999999995,1.59394,0.145039,0.0123233,0.00498837,0.00334798,0.00244684,0.00202756,0.00168152
9580,24.996976,7.175848999999998,1.59427,0.246544,0.0209928,0.0087171,0.0058554,0.00427968,0.00354636,0.00294111
9584,25.251721,5.8169059999999995,1.59686,0.0624601,0.00536792,0.00222133,0.00149202,0.0010905,0.000903644,0.000749422
9588,25.522122,5.209150999999996,1.59794,0.630191,0.0560445,0.0229607,0.0152621,0.011095,0.00917682,0.00760251
9589,25.524317,5.207293999999994,1.59794,0.0918287,0.00750596,0.00311298,0.00209103,0.00152832,0.00126644,0.0010503
9590,25.59792,7.177331999999996,1.59911,0.0623122,0.00535085,0.00222043,0.00149148,0.00109012,0.000903326,0.000749158
9591,26.824772,5.423352000000004,1.5992,0.134542,0.011968,0.00397184,0.0026201,0.00190956,0.00158173,0.00131163
9592,25.896942,5.498968999999996,1.6,0.068791,0.00567779,0.00235486,0.00158178,0.00115611,0.000958011,0.000794511
9593,24.993838,5.188484999999997,1.60092,0.105838,0.00989265,0.00407243,0.00266625,0.00190888,0.00156576,0.00128838
9594,25.076785,6.157018000000001,1.60133,5.29539,0.464241,0.189683,0.126924,0.0926577,0.076759,0.0636508
9595,26.798673,5.428487999999994,1.60185,0.0675116,0.00594821,0.00242758,0.00162298,0.00118469,0.000981441,0.000813861
9596,25.279511,6.058195999999996,1.60211,0.214434,0.0188751,0.00756389,0.00506701,0.00370198,0.0030675,0.00254394
9597,26.543506,5.391547999999997,1.60237,0.989573,0.130894,0.0535435,0.0316002,0.0205473,0.0160183,0.0126628
9598,26.53811,5.3941230000000004,1.60237,0.056011,0.00479536,0.00199124,0.00133754,0.000977602,0.00081009,0.000671835
9599,26.545919,5.3845299999999945,1.60237,0.105077,0.00904135,0.0037408,0.00251252,0.00183637,0.00152171,0.00126201
9601,24.974596,5.839710999999995,1.60288,0.0406717,0.0771979,0.169556,0.194938,0.191152,0.177518,0.156782
9602,24.978103,5.845907999999995,1.60288,0.768019,0.0662245,0.027462,0.0184453,0.0134814,0.0111714,0.00926482
9603,25.986432,5.136035999999998,1.60288,0.292162,0.0300531,0.0116545,0.00738761,0.00521851,0.00426753,0.00350959
9604,25.984553,5.145178000000002,1.60288,0.0742113,0.00634542,0.0026343,0.0017695,0.00129331,0.00107171,0.000888801
9605,25.984813000000003,5.141623999999995,1.60288,0.37644,0.0319397,0.0132625,0.0089086,0.00651124,0.00539554,0.0044747
9606,25.985507000000002,5.140365999999995,1.60288,0.0619435,0.00530699,0.00220133,0.00147866,0.00108074,0.000895557,0.000742715
9607,25.236479,6.096761999999997,1.60313,0.0646683,0.00556863,0.00231233,0.00155323,0.00113524,0.00094072,0.000780171
9608,25.236771,6.096867000000006,1.60313,0.17309,0.0120001,0.00464318,0.0031135,0.00227531,0.00188541,0.00156363
9609,26.477723,6.749178999999998,1.60323,0.0864827,0.00747057,0.00308682,0.00207302,0.00151513,0.00125551,0.00104123
9612,25.414495,6.104852000000002,1.6041,0.0511111,0.0471182,0.0179523,0.00742858,0.00308429,0.00174565,0.00100485
9613,25.409191,6.107804999999999,1.6041,0.087011,0.00736055,0.00301805,0.00202638,0.001481,0.00122723,0.00101778
9622,26.69856,5.169552000000007,1.60529,0.0919726,0.0078505,0.00325881,0.00218899,0.00159992,0.00132577,0.00109951
9623,26.700112,5.169026,1.60529,0.311261,0.0265484,0.0110238,0.00740484,0.00541215,0.00448478,0.00371938
9624,26.697663,5.170326,1.60529,0.228053,0.021461,0.00856779,0.00559455,0.00402779,0.00331957,0.00274406
9627,25.501273,5.473060000000004,1.60577,0.0522003,0.00445033,0.00184797,0.00124131,0.000907263,0.000751804,0.000623496
9628,26.218397,5.0762559999999946,1.60627,0.0592929,0.00533603,0.00213941,0.00141998,0.00103276,0.000854504,0.000708081
9629,26.794745,5.345541,1.60631,0.0863715,0.00736728,0.00305834,0.00205433,0.00150149,0.00124421,0.00103187
9631,24.982681000000003,6.138888000000005,1.60632,0.239734,0.0748151,0.0194708,0.00837547,0.00464298,0.00348756,0.00274134
9632,25.004495000000002,6.122308000000005,1.6064,2.09233,0.179454,0.0745121,0.0500508,0.0365818,0.0303136,0.0251401
9633,26.562218,5.377602999999996,1.60641,0.0509147,0.0047484,0.00171817,0.00113773,0.000829411,0.000687017,0.000569693
9634,26.56777,5.380295999999996,1.60641,0.0949272,0.00859105,0.00313537,0.00207472,0.00151172,0.00125201,0.00103813
9635,26.56689,5.383375999999999,1.60641,0.128901,0.0110448,0.0045863,0.00308068,0.00225165,0.00186583,0.0015474
9637,25.275262,6.051078000000006,1.60742,0.0610738,0.00518037,0.00215094,0.00144481,0.00105601,0.00087506,0.000725716
9638,25.271939,6.055463000000004,1.60742,6.79521,0.534672,0.222018,0.149133,0.109,0.0903229,0.0749079
9639,25.732664,6.269611000000006,1.60751,0.0623396,0.00535664,0.00222409,0.00149395,0.00109192,0.000904819,0.000750397
9640,25.730623,6.274019000000005,1.60751,0.0841278,0.00706066,0.00292633,0.00196565,0.00143668,0.00119051,0.000987327
9644,25.716714,6.263633999999998,1.60884,0.240794,0.0206946,0.0085933,0.00577224,0.0042189,0.00349599,0.00289934
9645,26.854132,5.398378999999998,1.6101,0.169087,0.0998186,0.179385,0.185735,0.164642,0.142614,0.116666
9646,26.857689,5.396631999999998,1.6101,0.230217,0.0192473,0.00799011,0.00536707,0.00392276,0.0032506,0.00269583
9647,25.447565,7.081067,1.61068,0.382415,0.0291527,0.012103,0.00812977,0.00594199,0.00492384,0.0040835
9648,25.445125,7.072252000000004,1.61068,0.0607545,0.00517888,0.00214655,0.00144185,0.00105384,0.000873266,0.000724229
9649,26.768396,5.801820000000004,1.61069,0.089821,0.00770184,0.00295575,0.00196834,0.00143593,0.00118946,0.000986318
9650,25.185819,7.002405000000003,1.61096,0.0604779,0.0267396,0.0223792,0.0148576,0.00894863,0.00608834,0.00391779
9651,25.184279,6.993477000000006,1.61096,1.25515,0.0866265,0.0350742,0.0235505,0.0172125,0.0142631,0.0118289
9654,26.525727,5.288646999999996,1.6124,0.483594,0.0416652,0.017092,0.0114657,0.0083778,0.00694189,0.00575702
9655,25.060787,4.882005000000004,1.61296,36.9228,3.16067,1.30898,0.879213,0.642608,0.532498,0.441618
9656,25.061255,4.873719,1.61296,0.0395393,0.144687,0.462623,0.640859,0.734218,0.7514,0.733119
9657,25.061661,4.8746249999999955,1.61296,0.0587936,0.00505565,0.00209903,0.00140995,0.00103052,0.000853944,0.000708204
9660,25.461593,6.558062999999999,1.61475,0.279147,0.0237598,0.00982824,0.00660132,0.00482484,0.00399811,0.00331576
9661,27.161034,6.790288000000004,1.61476,0.257154,0.0220008,0.00912994,0.00613268,0.00448234,0.00371429,0.00308039
9663,27.179144,6.863990999999998,1.61567,0.0514268,0.00442896,0.00182863,0.0012279,0.000897421,0.000743644,0.000616728
9664,26.619237,5.334734999999994,1.61595,1.40069,0.120967,0.0499772,0.0335656,0.0245327,0.020329,0.0168595
9665,26.612727,5.334113999999994,1.61595,13.2947,3.4537,0.413614,0.217966,0.153217,0.126378,0.104687
9666,26.620886,5.332919999999993,1.61595,0.123174,0.0104499,0.00433924,0.00291473,0.00213036,0.00176532,0.00146404
9667,27.083433,6.684553999999996,1.61649,0.0584175,0.00790628,0.00315302,0.0018442,0.00119728,0.000934516,0.000740275
9669,25.245407,6.8402140000000005,1.6172,0.20203,0.0172343,0.0070974,0.00476648,0.00348373,0.0028868,0.00239412
9670,25.156336,6.028642999999997,1.6173,0.180055,0.0154505,0.00641562,0.00430946,0.00314976,0.00261005,0.0021646
9671,25.153592,6.037799000000005,1.6173,0.109395,0.010489,0.00422955,0.00274439,0.00195896,0.00160644,0.00132246
9672,25.157575,6.033176999999999,1.6173,0.963521,0.0825609,0.0341593,0.0229442,0.0167697,0.0138962,0.0115246
9673,25.154977,6.033284000000002,1.6173,0.074078,0.00567539,0.00234152,0.00157266,0.00114944,0.000952483,0.000789926
9674,24.888138,6.625301000000002,1.618,0.0945145,0.0106831,0.00447947,0.00273072,0.00183669,0.00146254,0.00117855
9675,24.890293,6.628236000000005,1.618,0.0642378,0.00553289,0.0022973,0.00154313,0.00112786,0.000934602,0.000775097
9676,25.630128,5.008026,1.61829,0.0860196,0.00756561,0.00286097,0.00191412,0.00139847,0.0011588,0.000961027
9690,25.402464,7.137897999999997,1.62187,0.0623825,0.00550789,0.00224289,0.00149896,0.00109405,0.000906324,0.000751561
9692,26.577676,5.028285999999996,1.62358,0.0610446,0.00525743,0.00218277,0.0014662,0.00107163,0.000888009,0.000736456
9693,25.843087,6.804767000000004,1.62361,0.0831364,0.00698403,0.00289989,0.0019479,0.0014237,0.00117975,0.000978409
9694,25.849498,6.805121000000004,1.62361,0.188425,0.0163163,0.00659645,0.00442287,0.00323178,0.00267792,0.00222087
9697,25.392503,7.1204009999999975,1.62392,0.0604925,0.0179058,0.0135711,0.00906057,0.00561962,0.00394174,0.00264539
9700,27.10891,4.850396000000004,1.62477,9.91995,0.864666,0.355458,0.23807,0.173822,0.143997,0.119405
9701,26.763776,6.059655000000002,1.62495,0.0839348,0.00731061,0.00300564,0.00201506,0.00147211,0.00121976,0.00101155
9702,25.274577000000004,7.173295,1.62504,0.127603,0.0107785,0.00447128,0.00300338,0.00219515,0.00181901,0.00150857
9703,25.277491,7.172441999999998,1.62504,0.569209,0.043616,0.0180079,0.0120956,0.00884059,0.00732576,0.0060755
9711,26.4484,6.779722999999997,1.62584,0.0565205,0.0115803,0.00358401,0.00178298,0.00108567,0.000842287,0.000672946
9712,26.888461,5.237996999999998,1.62618,0.0509066,0.00436189,0.00181055,0.00121617,0.000888894,0.000736583,0.000610873
9713,26.900704,5.240948,1.62618,0.345281,0.0288506,0.0119451,0.0080234,0.00586424,0.0048594,0.00403007
9714,26.891795,5.229668000000003,1.62618,7.08638,0.612294,0.253306,0.17003,0.124249,0.102954,0.0853817
9715,26.633171,7.139093000000003,1.62647,0.681974,0.0600417,0.0235524,0.015788,0.0115373,0.00956029,0.00792865
9716,26.630598,7.143930999999998,1.62647,0.0977473,0.00836359,0.00347287,0.00233278,0.00170501,0.00141286,0.00117173
9718,26.781604,6.158801999999994,1.62711,0.24736,0.0209116,0.00868263,0.00583225,0.00426275,0.00353233,0.00292948
9719,27.014592,6.605021000000003,1.62765,0.067333,0.00395334,0.00163785,0.00110017,0.000804105,0.000666323,0.000552604
9721,26.127466,6.646779999999996,1.62856,0.78008,0.0670736,0.0278424,0.0187021,0.0136693,0.011327,0.00939389
9726,26.679898,5.150021000000004,1.62865,0.909854,0.0709917,0.0294787,0.0198013,0.0144726,0.0119928,0.009946
9727,26.547364,7.037363,1.62875,0.114763,0.0098557,0.00409251,0.002749,0.00200922,0.00166495,0.0013808
9731,26.48802,7.0012319999999955,1.63015,0.0752262,0.00643231,0.0026555,0.00178363,0.00130364,0.00108026,0.000895897
9735,24.991753,5.6357660000000065,1.63078,0.0655695,0.00559046,0.00232033,0.00155859,0.00113916,0.000943969,0.000782865
9737,26.521064,6.949165000000006,1.63178,0.199868,0.0171126,0.00710551,0.00477287,0.00348846,0.00289072,0.00239737
9738,26.517623,6.9490260000000035,1.63178,0.0503329,0.00431608,0.00179218,0.00120383,0.000879875,0.000729109,0.000604675
9739,26.524282,6.947799,1.63178,0.0801109,0.00680806,0.0028261,0.00189833,0.00138747,0.00114973,0.000953511
9740,25.975095,6.196231999999995,1.63198,0.100704,0.00843208,0.00349722,0.00234911,0.00171695,0.00142275,0.00117994
9741,25.641118,7.186414999999996,1.63206,0.0530306,0.00906403,0.00377481,0.00202511,0.0012052,0.000901112,0.000693259
9742,26.750289,7.022135999999994,1.63268,0.299314,0.0285352,0.010481,0.00694317,0.0050622,0.00419327,0.00347723
9743,26.747657,7.027467999999996,1.63268,1.89047,0.162291,0.0673903,0.045267,0.0330854,0.0274162,0.0227372
9744,26.212529,5.922186000000006,1.63303,0.0925181,0.00693273,0.00287416,0.0019306,0.00141107,0.00116928,0.000969724
9745,27.084374,4.867828000000002,1.63322,0.155521,0.0133717,0.00555174,0.00372918,0.00272564,0.0022586,0.00187313
9746,26.950436,5.932330000000002,1.63325,0.231931,0.0207352,0.00776377,0.00517147,0.00377475,0.00312736,0.00259348
9747,26.961927000000003,5.9261439999999945,1.63325,0.0514921,0.00370276,0.00149422,0.00100357,0.000733498,0.000607814,0.000504081
9748,25.886023,5.005558,1.63325,0.0529689,0.0122937,0.00405043,0.00200773,0.00115159,0.000849683,0.000647867
9749,25.888033,5.008236000000004,1.63325,0.0658185,0.00553264,0.00228572,0.00153502,0.00112191,0.000929665,0.000771001
9750,25.891201,5.008802000000002,1.63325,0.0703167,0.00593115,0.00245612,0.00164979,0.00120582,0.000999201,0.000828671
9752,26.662051,5.986766999999999,1.63415,0.190845,0.0163129,0.00676757,0.00454586,0.00332254,0.00275323,0.00228334
9753,25.360842,5.728136999999999,1.63432,0.051242,0.00438238,0.00181946,0.00122215,0.000893263,0.000740203,0.000613875
9754,26.247958,5.202402000000001,1.63443,12.0408,1.02736,0.422252,0.283508,0.207204,0.171699,0.142395
9755,26.63588,5.975076999999996,1.63526,1.79055,0.137377,0.0570449,0.0383179,0.0280063,0.0232074,0.0192467
9756,27.135784,6.926398999999999,1.63599,0.0947787,0.00813022,0.00333814,0.00224113,0.00163793,0.00135726,0.00112562
9757,27.137344,6.919012000000001,1.63599,3.59529,0.309177,0.128384,0.0862372,0.0630302,0.05223,0.0433161
9760,25.986131,6.031435000000006,1.63699,0.0809542,0.00682982,0.00283041,0.00190117,0.00138955,0.00115145,0.00095494
9763,25.723063,5.726406,1.63728,0.485686,0.0379025,0.015711,0.0105532,0.00771326,0.0063916,0.00530077
9764,25.058537,5.37577,1.6373,0.0607226,0.0052112,0.00216386,0.0014535,0.00106235,0.000880317,0.000730077
9765,25.063431,5.376687,1.6373,1.2257,0.105554,0.0418711,0.0280844,0.0205243,0.0170073,0.0141047
9766,26.298029,5.6652480000000045,1.63768,0.433746,0.0403802,0.0155507,0.0102461,0.0074405,0.00615523,0.00510065
9767,26.280405,4.879367000000006,1.63793,0.0513917,0.00414677,0.00171962,0.00115508,0.000844243,0.000699583,0.000580188
9768,26.61063,5.629873,1.63809,0.0544639,0.0046532,0.00193221,0.00129789,0.000948622,0.000786076,0.00065192
9771,25.885626,5.693813999999994,1.63861,0.259679,0.0216355,0.00898356,0.00603439,0.0044105,0.00365476,0.00303102
9772,26.124841,6.2645400000000055,1.63875,0.0708182,0.00577278,0.00239283,0.00160727,0.00117474,0.000973451,0.000807316
9773,26.121075,6.268365999999994,1.63875,0.120653,0.0102925,0.00427387,0.00287082,0.00209826,0.00173873,0.00144198
9774,26.12097,6.262110999999994,1.63875,0.117312,0.00863859,0.00358675,0.00240927,0.00176092,0.00145919,0.00121015
9775,27.184906,6.176146,1.63875,0.0549625,0.00463052,0.00190067,0.00127609,0.000932631,0.00077282,0.000640925
9776,27.189938,6.176761000000002,1.63875,0.102063,0.00874748,0.00362807,0.002437,0.00178119,0.00147598,0.00122408
9777,27.182951,6.175893999999996,1.63875,0.0798931,0.00683992,0.00284023,0.00190782,0.00139442,0.00115548,0.000958282
9781,26.545063,5.784066999999997,1.64058,0.0675289,0.00575286,0.00238839,0.00160431,0.00117258,0.000971661,0.000805831
9782,26.546962,5.782469000000001,1.64058,0.322936,0.0273823,0.0113703,0.00763757,0.00558225,0.00462574,0.00383628
9783,26.289979,7.084256000000002,1.64063,0.375679,0.0314143,0.0130349,0.0087557,0.00639948,0.00530293,0.0043979
9786,25.262893,6.434115999999998,1.64108,0.118967,0.0101985,0.00422589,0.00283841,0.00207456,0.00171909,0.0014257
9788,26.571476,6.960206,1.64138,0.155175,0.0131247,0.00532577,0.00357328,0.0026113,0.00216382,0.00179452
9789,26.575211,6.964039000000003,1.64138,5.18885,0.446748,0.185508,0.124608,0.0910753,0.0754696,0.0625895
9790,26.564005,6.961049,1.64138,0.0647067,0.00519411,0.00215463,0.00144729,0.00105781,0.000876558,0.000726959
9792,26.626376,5.0593270000000015,1.64155,0.0541081,0.0042613,0.0016951,0.00113689,0.000830811,0.000688441,0.000570945
9795,27.099419,6.7394519999999964,1.64195,0.841253,0.0718871,0.0298506,0.0200511,0.0146552,0.012144,0.0100715
9796,27.095367,6.738321999999994,1.64195,0.404659,0.0347145,0.0144146,0.00968246,0.00707685,0.00586423,0.00486341
9797,27.094612,6.7453290000000035,1.64195,0.270334,0.023208,0.00962416,0.00646451,0.00472486,0.00391526,0.00324705
9798,27.100162,6.741118999999998,1.64195,0.0533598,0.00464615,0.00190863,0.00127902,0.000934155,0.000773955,0.000641817
9803,25.235893,5.860351000000006,1.64271,0.385221,0.032749,0.0135988,0.00913452,0.00667636,0.00553237,0.00458818
9804,25.236637,5.859582000000006,1.64271,0.0536422,0.00461077,0.00191457,0.00128605,0.000939963,0.000778901,0.000645969
9805,26.709847,5.0170379999999986,1.64272,0.347813,0.028706,0.0119159,0.00800406,0.00585012,0.0048477,0.00402036
9807,26.127235,6.104814000000005,1.64328,0.186165,0.0159654,0.00662875,0.00445263,0.0032544,0.00269676,0.00223651
9810,25.923261,6.8526240000000005,1.64382,0.0739591,0.0063453,0.00263482,0.00176985,0.00129357,0.00107192,0.000888977
9811,25.921020000000002,6.854984999999997,1.64382,0.074597,0.00635752,0.00263966,0.0017731,0.00129594,0.00107388,0.000890609
9814,25.658461,5.244809,1.64471,0.0876517,0.00729542,0.00302918,0.00203474,0.00148718,0.00123235,0.00102203
9815,26.095479,6.234516000000001,1.64486,0.190808,0.0168232,0.00685707,0.00457529,0.00333431,0.00276035,0.002288
9816,26.103195,6.231548999999999,1.64486,0.154908,0.0166086,0.00556552,0.00355112,0.00255614,0.00211077,0.00174792
9817,26.244965,7.031958000000002,1.64528,0.232462,0.0239467,0.00873632,0.00560875,0.00403544,0.00333076,0.00275734
9819,26.132887,5.731588999999998,1.64621,0.0553371,0.00460975,0.00191173,0.00128413,0.000938563,0.000777741,0.000645007
9820,26.137203,5.733666000000005,1.64621,1.03613,0.0373771,0.0150846,0.0101321,0.00740548,0.00613656,0.00508925
9821,26.544616,6.977215999999995,1.64631,0.120959,0.0102134,0.00421452,0.00283088,0.00206907,0.00171454,0.00142192
9826,25.302799,5.910789999999995,1.64781,0.141003,0.0124557,0.00505106,0.00337807,0.00246641,0.00204338,0.00169452
9828,25.931871000000005,6.053568999999995,1.64831,0.15744,0.0135415,0.00562241,0.00377665,0.00276033,0.00228735,0.00189698
9829,25.192381,5.754503999999996,1.64857,0.0531356,0.0110086,0.0028013,0.00139249,0.000864524,0.000676705,0.000543191
9830,25.193595,5.754303000000003,1.64857,0.299056,0.0260891,0.0104267,0.00698319,0.00510162,0.00422719,0.00350569
9831,26.187492,6.214628,1.64859,0.0733993,0.00628793,0.00261062,0.00175359,0.00128169,0.00106207,0.000880811
9832,25.895746,6.994449000000007,1.64872,0.116807,0.0102158,0.00418095,0.0027995,0.00204422,0.00169358,0.00140442
9833,25.893634,6.994690000000006,1.64872,0.064465,0.00511562,0.00212366,0.00142649,0.00104261,0.000863962,0.000716513
9836,26.091116,4.917083999999996,1.64924,1.51338,0.128318,0.0532773,0.0357871,0.0261566,0.0216747,0.0179755
9837,26.160296,6.149003,1.6493,0.103599,0.00886269,0.00367875,0.00247106,0.00180608,0.00149661,0.00124119
9838,26.153055,6.152234999999995,1.6493,0.0801082,0.00695691,0.00283249,0.00190149,0.00138972,0.00115159,0.000955054
9840,25.647931,6.341961000000006,1.64981,0.518043,0.0864551,0.0362332,0.0198348,0.0119336,0.00892981,0.00684906
9841,25.641544,6.342131000000004,1.64981,0.309065,0.0236225,0.00980788,0.00658809,0.00481519,0.00399011,0.00330914
9842,25.071038,5.110415,1.65007,0.193045,0.0162944,0.00675797,0.00453941,0.00331782,0.00274932,0.0022801
9843,25.072872,5.1126789999999955,1.65007,0.0823047,0.00509002,0.00211321,0.00141947,0.00103748,0.000859712,0.000712989
9845,26.017791,6.201935000000001,1.65072,0.112144,0.00966655,0.00399015,0.00267802,0.00195692,0.00162153,0.00134476
9846,26.017361,6.201328999999997,1.65072,0.271075,0.0231622,0.00961508,0.00645857,0.00472053,0.00391167,0.00324408
9847,26.017561,6.200928000000001,1.65072,0.41025,0.0297667,0.0123596,0.00830209,0.00606794,0.0050282,0.00417006
9848,25.294488,6.5223180000000065,1.651,0.168132,0.014796,0.00603615,0.00403804,0.00294821,0.00244252,0.0020255
9849,25.295244,6.5227179999999985,1.651,0.634307,0.052276,0.021706,0.0145802,0.0106566,0.0088306,0.00732352
9851,26.147406,6.290882999999996,1.65167,0.339896,0.0289891,0.0120374,0.00808572,0.0059098,0.00489716,0.00406138
9852,26.450215,6.2673040000000055,1.65178,0.0536316,0.00463708,0.00191054,0.00128293,0.000937658,0.000776989,0.000644383
9853,26.453074,6.272754999999995,1.65178,0.917036,0.0787723,0.0327046,0.0219681,0.0160564,0.0133051,0.0110344
9854,26.451081,6.264324000000004,1.65178,0.178723,0.0152693,0.00634017,0.00425878,0.00311271,0.00257935,0.00213914
9856,27.046713,5.535838999999996,1.65223,0.332878,0.0277787,0.0115348,0.00774811,0.00566304,0.00469269,0.0038918
9857,26.441536,5.768197000000005,1.65238,0.0520203,0.00771864,0.00284878,0.00157864,0.00101201,0.000795398,0.000638153
9858,25.158652,6.339248000000004,1.65299,0.484901,0.0416382,0.01729,0.0116139,0.00848856,0.00703405,0.00583357
9859,26.226983,4.8641220000000045,1.65331,0.050756,0.00467139,0.00184648,0.0012174,0.000882719,0.000729627,0.00060426
9860,26.067013,5.814311000000005,1.65351,37.1029,3.21297,1.32764,0.890713,0.650759,0.539197,0.447153
9861,26.861661,5.054911999999999,1.65434,38.2914,3.19334,1.32601,0.8907,0.651007,0.539457,0.44739
9862,26.496719,5.465017999999999,1.65464,0.0571981,0.00442428,0.00183691,0.00123388,0.000901832,0.000747304,0.000619764
9863,26.792796,5.0933570000000055,1.65541,0.0790087,0.00648948,0.00262238,0.00176089,0.001287,0.00106647,0.000884461
9864,26.799109,5.10324,1.65541,0.083723,0.00710621,0.00294555,0.00197855,0.00144611,0.00119832,0.000993807
9865,27.065501,5.593091999999996,1.6558,0.127499,0.0109072,0.00452912,0.00304228,0.00222358,0.00184257,0.00152811
9870,26.594227,6.201846000000005,1.65589,0.0638613,0.00549176,0.00228042,0.00153179,0.00111957,0.000927736,0.000769402
9871,26.600985,6.210877000000003,1.65589,0.121671,0.0104401,0.00433518,0.002912,0.00212836,0.00176367,0.00146267
9872,26.597839,6.202335000000005,1.65589,0.0648193,0.00597741,0.0024138,0.00158531,0.00114498,0.000944819,0.000781647
9874,25.221322,7.0498930000000035,1.65696,0.322099,0.0257999,0.0107132,0.00719621,0.00525967,0.00435843,0.00361459
9875,25.218284,7.046312999999995,1.65696,0.09262,0.00858324,0.00323275,0.00214619,0.00156505,0.0012964,0.00107501
9876,27.060261,5.583847000000004,1.65697,0.420651,0.0361827,0.0149817,0.010063,0.00735501,0.00609473,0.00505457
9877,25.427801,6.377451999999999,1.65732,2.27384,0.194003,0.0805315,0.0540941,0.039537,0.0327624,0.0271709
9878,25.071914,4.976505999999997,1.65766,0.0779956,0.00664174,0.00275793,0.00185254,0.00135401,0.001122,0.000930515
9879,25.926458,5.369013,1.65814,0.39087,0.0339455,0.0138455,0.0092778,0.00677718,0.00561526,0.00465671
9880,27.149623,4.869369000000001,1.65826,0.651592,0.0558724,0.0231977,0.0155822,0.0113889,0.00943745,0.0078268
9881,27.14798,4.8702100000000055,1.65826,0.0840395,0.0169819,0.00561151,0.00283747,0.00169907,0.00129562,0.00101876
9882,27.148299,4.871742999999999,1.65826,0.0565001,0.00483081,0.00200596,0.00134743,0.000984829,0.000816079,0.000676802
9886,25.486933,6.340657999999994,1.65927,0.0518469,0.00434496,0.00180193,0.00121038,0.000884657,0.000733072,0.000607961
9887,25.484925,6.343850999999998,1.65927,0.0541413,0.0110456,0.00440978,0.00233501,0.00135491,0.000988161,0.000738807
9891,25.38619,5.911616000000005,1.66115,0.0956717,0.00766427,0.00313907,0.00210816,0.00154083,0.00127681,0.0010589
9892,25.385309,5.918958000000003,1.66115,0.16627,0.0141376,0.00586924,0.00394245,0.00288151,0.00238776,0.00198025
9893,25.385785,5.912307000000001,1.66115,0.114082,0.0232182,0.0052995,0.00279623,0.00189137,0.00154159,0.00127033
9897,26.914258,5.057858999999998,1.66158,1.19826,0.101498,0.0421449,0.0283094,0.0206911,0.0171457,0.0142195
9898,25.426059,6.4424229999999945,1.66188,0.141999,0.0122131,0.00507138,0.00340652,0.0024898,0.00206318,0.00171106
9900,26.468548,6.422290999999995,1.66381,0.713727,0.0613027,0.0254548,0.0170983,0.0124971,0.0103557,0.00858834
9901,26.416762,5.193831999999995,1.66384,0.0636338,0.00543222,0.00225553,0.00151507,0.00110736,0.000917612,0.000761007
9902,26.416643,5.189822000000004,1.66384,0.118673,0.0354593,0.0111946,0.00502323,0.00268224,0.00193395,0.00146445
9903,25.904056000000004,4.9168280000000015,1.66428,1.17701,0.0988448,0.0355565,0.0235731,0.0171875,0.0142367,0.0118053
9904,25.906667,4.913808000000007,1.66428,0.116565,0.00931304,0.00369311,0.00247815,0.00181113,0.00150078,0.00124465
9905,25.910035000000004,4.9127610000000015,1.66428,0.0595894,0.00509418,0.00211517,0.00142079,0.00103845,0.000860511,0.000713651
9906,25.904358,4.915105999999999,1.66428,0.142121,0.0119514,0.00495377,0.00332739,0.00243196,0.00201524,0.00167131
9908,25.328924,6.093832000000003,1.66513,27.8104,2.39635,0.99239,0.666552,0.487176,0.403698,0.334801
9909,25.325729,6.095541000000004,1.66513,2.58014,0.234425,0.0901514,0.0596816,0.0434366,0.035958,0.0298079
9911,26.939198,4.901423000000004,1.66624,0.246739,0.0212068,0.008806,0.00591512,0.00432332,0.00358252,0.00297111
9912,26.383948,5.209247000000007,1.66628,0.0742927,0.00633027,0.0026283,0.00176547,0.00129037,0.00106926,0.000886777
9913,25.789285,7.142246000000002,1.66702,0.0650787,0.0458347,0.0251883,0.0132058,0.00660108,0.00405824,0.00240907
9914,25.789457,7.134033999999999,1.66702,0.0674916,0.0903585,0.063143,0.0365466,0.0193598,0.0120733,0.00705737
9915,26.891615,5.626823000000001,1.66709,1.11634,0.0918966,0.0381594,0.0256322,0.0187344,0.0155243,0.0128748
9916,26.867444,5.505795000000002,1.66748,0.0575847,0.00460201,0.00191065,0.00128341,0.000938037,0.000777305,0.000644645
9917,26.559577,7.143720999999994,1.66765,0.251241,0.0216251,0.00897966,0.00603177,0.00440858,0.00365317,0.0030297
9918,25.754098,6.133125000000003,1.66774,1.88045,0.160757,0.0667488,0.0448361,0.0327704,0.0271552,0.0225207
9919,26.868452000000005,5.626824000000005,1.66849,0.307483,0.0264188,0.0109642,0.00736472,0.00538282,0.00446048,0.00369922
9920,26.495131,5.156492000000006,1.66888,0.0601406,0.00470302,0.00193614,0.0013005,0.000950527,0.000787655,0.000653229
9921,26.492333,5.1597700000000035,1.66888,0.0686012,0.00588455,0.00244307,0.00164105,0.00119943,0.000993909,0.000824282
9923,25.717133,6.187859999999995,1.66901,0.275243,0.0236876,0.009836,0.00660698,0.004829,0.00400155,0.00331862
9924,25.720418,6.183270000000001,1.66901,0.127202,0.017186,0.00734382,0.00430482,0.00275289,0.00212241,0.00166198
9925,25.776597000000002,6.139120999999998,1.66902,0.105314,0.00908366,0.00376525,0.00252846,0.00184791,0.00153125,0.00126991
9926,25.772482,6.0446089999999995,1.66912,0.0541717,0.00433472,0.00179753,0.00120742,0.000882496,0.000731281,0.000606476
9927,25.773023000000002,6.041061000000003,1.66912,0.144043,0.0120804,0.00500399,0.00336116,0.00245664,0.0020357,0.00168827
9928,26.506978000000004,5.138846000000003,1.66933,0.0725676,0.00642031,0.00242377,0.00162386,0.00118666,0.000983315,0.000815495
9929,26.508398,5.1418450000000036,1.66933,0.292564,0.0251743,0.0104476,0.00701762,0.00512912,0.00425024,0.00352487
9930,26.511215,5.1376100000000005,1.66933,0.0966566,0.00830658,0.0034467,0.00231519,0.00169215,0.0014022,0.0011629
9931,26.230233,5.463772999999999,1.66937,0.16835,0.0134829,0.00542954,0.00364434,0.00266346,0.00220707,0.0018304
9936,25.019927,5.031265000000007,1.6705,0.27508,0.0236023,0.0098007,0.00658327,0.00481167,0.00398719,0.00330671
9937,25.724822,6.168397999999999,1.67068,0.153311,0.0130093,0.00538694,0.00361843,0.00264469,0.00219152,0.0018175
9938,25.72948,6.164798000000001,1.67068,0.0733783,0.00610603,0.00253484,0.00170269,0.00124449,0.00103124,0.000855246
9939,25.746099,6.1385980000000036,1.67109,0.111701,0.00698699,0.00289368,0.00194371,0.00142065,0.00117722,0.000976309
9940,25.748715,6.138898000000006,1.67109,1.62383,0.139384,0.0569826,0.0382315,0.0279377,0.0231499,0.0191989
9941,26.642289,5.728121,1.67109,0.126072,0.0126907,0.00578521,0.00376153,0.00259755,0.00207049,0.00165571
9942,25.653836,5.4543430000000015,1.6712,1.98154,0.16519,0.0685458,0.0460431,0.0336526,0.0278862,0.023127
9943,25.658866,5.454090000000006,1.6712,0.164398,0.014152,0.00587597,0.00394697,0.00288482,0.0023905,0.00198253
9947,25.65965,6.9694600000000015,1.67226,3.62902,0.314164,0.129781,0.0871283,0.063676,0.0527645,0.0437593
9948,25.655727,6.9666380000000006,1.67226,0.0914595,0.0080682,0.00330469,0.00220391,0.00160481,0.00132799,0.00110039
9949,25.661003,6.965967000000006,1.67226,0.133521,0.0114663,0.00476123,0.00319819,0.00233753,0.001937,0.00160642
9950,25.583233,6.232196000000001,1.67236,0.092451,0.00794304,0.00329815,0.00221541,0.00161923,0.00134178,0.00111278
9952,25.416381,6.792324000000002,1.67346,0.103681,0.0088383,0.00367003,0.00246521,0.00180181,0.00149307,0.00123825
9953,25.417275,6.792054000000002,1.67346,0.117807,0.0134106,0.00492196,0.00302167,0.0021011,0.00170947,0.00140202
9954,25.419675,6.786970000000001,1.67346,0.0548412,0.0278931,0.0434599,0.0426909,0.0365131,0.0310374,0.0249714
9955,26.954136,5.750655000000005,1.67403,0.198981,0.0171303,0.00711258,0.00477762,0.00349193,0.00289359,0.00239975
9956,26.956806,5.748045000000004,1.67403,1.66461,0.549605,0.134411,0.0565249,0.0315032,0.0238756,0.0189154
9957,25.734133,6.157633000000003,1.67424,0.343024,0.0288219,0.0119672,0.00803855,0.00587532,0.00486859,0.00403769
9959,26.790092,4.803172000000004,1.67443,0.175844,0.0104725,0.00434485,0.0029185,0.00213311,0.0017676,0.00146593
9960,26.609187,5.7257500000000014,1.67478,0.286908,0.0241207,0.0100064,0.00672142,0.00491264,0.00407087,0.00337611
9964,27.072596000000004,5.9044839999999965,1.67532,1.10527,0.0950973,0.0394852,0.0265228,0.0193853,0.0160637,0.0133221
9965,26.363714,5.289833000000003,1.6767,0.0506072,0.00422188,0.00174577,0.00117255,0.000857004,0.000710156,0.000588956
9966,25.908375,5.7961250000000035,1.67671,0.0734719,0.00579214,0.00240054,0.00161246,0.00117853,0.000976594,0.000809922
9967,25.908691000000005,5.7898689999999995,1.67671,0.0518926,0.00439105,0.00181079,0.0012163,0.000888987,0.000736659,0.000610937
9968,26.319888,5.250992999999999,1.67686,0.0561904,0.00502048,0.00202801,0.00134895,0.000981943,0.000812667,0.000673511
9969,26.320335,5.260428000000004,1.67686,0.92846,0.0799133,0.0331768,0.0222853,0.0162881,0.0134972,0.0111937
9970,25.679746,5.8006569999999975,1.67688,0.160124,0.0136858,0.00565292,0.00379661,0.00277488,0.00229941,0.00190698
9976,26.965875,5.811321000000002,1.67735,37.8602,3.20024,1.32887,0.892621,0.652411,0.540621,0.448355
9981,26.911568,5.622220999999997,1.67841,0.374787,0.0308488,0.0127996,0.00859767,0.00628398,0.00520723,0.00431853
9987,26.303116000000003,5.519068000000004,1.6796,4.29579,0.344053,0.119298,0.0791169,0.057712,0.0478098,0.0396469
9988,24.800863,6.747008000000001,1.67964,0.0580976,0.00502513,0.00205404,0.0013785,0.00100742,0.000834787,0.000692315
9989,24.808868,6.7430540000000025,1.67964,0.0698948,0.00601024,0.00236743,0.00158806,0.00116059,0.000961717,0.000797583
9990,26.066588000000003,5.569684999999998,1.67969,0.0824628,0.00700817,0.0028996,0.00194757,0.00142346,0.00117955,0.000978238
9991,26.984039,5.827721999999993,1.67984,35.4972,3.03278,1.2585,0.84535,0.617861,0.511991,0.424611
9992,26.912405,5.642143000000006,1.68013,0.194031,0.0159076,0.00660513,0.00443676,0.0032428,0.00268715,0.00222854
9993,26.904532,5.643815000000002,1.68013,0.172751,0.0149311,0.00599186,0.0040189,0.00293694,0.00243366,0.00201831
9995,25.511988,6.776117,1.68059,0.26006,0.021641,0.00898467,0.00603513,0.00441104,0.00365521,0.00303139
10002,26.578949,5.701619999999995,1.68134,0.0539543,0.00460086,0.00191032,0.00128319,0.000937877,0.000777172,0.000644535
10003,25.121407,6.909879999999999,1.68154,0.334611,0.0283731,0.0114089,0.00764777,0.00558795,0.00463026,0.00383998
10004,24.829289,6.669726999999994,1.68156,0.0534135,0.00462755,0.00191258,0.00128299,0.000937311,0.000776615,0.000644039
10005,24.821012,6.671142000000004,1.68156,0.10976,0.00933854,0.00386913,0.00259892,0.00189953,0.00157405,0.00130541
10009,26.393589,5.529854999999999,1.68169,0.0676393,0.00581153,0.00240879,0.00161796,0.00118255,0.000979924,0.000812684
10010,26.394181,5.531585999999998,1.68169,0.0525799,0.0044954,0.00186656,0.0012538,0.000916391,0.000759368,0.000629769
10012,26.918448000000005,5.656040999999998,1.6826,0.081334,0.0191108,0.00262059,0.00119084,0.000772011,0.000624163,0.0005128
10013,26.91708,5.658173000000007,1.6826,0.058731,0.00504624,0.00209504,0.00140726,0.00102856,0.000852315,0.000706854
10014,25.858065,5.835755000000002,1.68284,0.075927,0.0065238,0.00270624,0.00181779,0.00132861,0.00110096,0.00091306
10016,25.085597000000003,6.6129,1.68307,0.464426,0.0398227,0.0161528,0.0108423,0.00792408,0.00656627,0.00544562
10017,25.613694,6.2792400000000015,1.68364,0.141001,0.0120057,0.00498501,0.0033485,0.0024474,0.00202804,0.00168192
10018,25.612466,6.280686999999998,1.68364,0.0620906,0.00534258,0.00221836,0.0014901,0.00108911,0.000902489,0.000748465
10019,25.981133,7.137205000000005,1.68413,1.28166,0.107767,0.0447473,0.0300574,0.0219688,0.0182044,0.0150975
10020,25.617049,5.337607000000002,1.68431,0.0983588,0.00842176,0.00349658,0.0023487,0.00171665,0.0014225,0.00117973
10021,26.774578,7.133836000000004,1.68443,0.0891578,0.0080179,0.00320002,0.00213287,0.00155585,0.00128875,0.00106865
10022,25.652258,6.279700000000001,1.68474,0.251185,0.0218573,0.00892839,0.00599357,0.00438043,0.00362983,0.00301034
10025,26.978651,5.962248999999998,1.68623,0.766621,0.0654873,0.0270442,0.0181643,0.0132761,0.0110012,0.00912368
10026,25.657174,5.348734000000005,1.6868,0.0626695,0.00539054,0.00223762,0.00150302,0.00109854,0.000910309,0.00075495
10027,25.653204,5.346649999999996,1.6868,0.0649427,0.00553324,0.00229445,0.00154118,0.00112644,0.000933421,0.000774118
10028,25.65568,5.347810000000003,1.6868,1.23888,0.105455,0.0437894,0.0294139,0.0214985,0.0178147,0.0147743
10029,24.907419,4.875976999999998,1.68707,0.0541964,0.00462326,0.00191963,0.00128944,0.000942446,0.000780959,0.000647676
10030,24.906088,4.871043000000005,1.68707,0.468865,0.0391072,0.016239,0.010908,0.00797256,0.00660647,0.00547897
10031,24.913736,4.885117000000006,1.68707,0.394825,0.0338681,0.0140631,0.00944636,0.00690428,0.00572124,0.00474482
10032,26.95893,5.651905999999997,1.68731,0.0629399,0.00539331,0.00223953,0.00150433,0.0010995,0.000911103,0.000755609
10033,25.81452,5.362424000000002,1.68816,0.0688399,0.00585422,0.00242935,0.00163182,0.00119268,0.000988319,0.000819646
10035,26.450295,5.761244999999997,1.68877,0.095235,0.00712887,0.00294242,0.00197639,0.00144453,0.00119701,0.000992723
10036,26.442738,5.756897000000006,1.68877,5.41596,0.482503,0.186321,0.124699,0.0911062,0.0754924,0.0626079
10037,26.445889,5.760800000000006,1.68877,0.112308,0.00987754,0.00401045,0.00267897,0.00195421,0.00161848,0.00134189
10038,26.223405,6.831183999999995,1.68898,0.05161,0.00430817,0.00178873,0.00120152,0.000878182,0.000727706,0.000603511
10041,27.052542,5.639286999999998,1.69048,0.117712,0.00988726,0.00410532,0.0027576,0.00201551,0.00167016,0.00138512
10042,25.789713,5.345468999999995,1.69057,0.187587,0.0160857,0.00667945,0.00448668,0.00327929,0.00271738,0.00225362
10043,25.576192,5.496628000000001,1.6913,0.052713,0.00446643,0.00185465,0.00124579,0.000910541,0.00075452,0.000625749
10048,25.858238,5.601968999999994,1.69197,0.0725853,0.00619635,0.00256433,0.00172236,0.00125885,0.00104315,0.000865117
10050,24.81442,5.056510999999999,1.69314,0.471503,0.0376471,0.0156322,0.0105004,0.00767465,0.0063596,0.00527423
10051,26.027717,5.207843000000002,1.69355,0.0883979,0.00830406,0.00308647,0.00204912,0.00149467,0.0012382,0.00102679
10052,26.02775,5.207518999999993,1.69355,0.125943,0.0109945,0.0044775,0.00300175,0.0021932,0.0018173,0.00150713
10053,26.024965,5.207461999999997,1.69355,0.106247,0.00849812,0.00345936,0.0023226,0.0016975,0.00140663,0.00116657
10054,26.024978,5.202727000000001,1.69355,15.2195,1.20419,0.499865,0.335766,0.245409,0.203358,0.168652
10055,26.024968,5.205974000000003,1.69355,0.214691,0.0184661,0.00766072,0.00514579,0.00376102,0.00311657,0.00258468
10057,25.02644,5.0062259999999945,1.69473,0.0876967,0.00753265,0.00312727,0.00210063,0.00153534,0.00127226,0.00105513
10058,25.919521,5.652310999999996,1.69541,0.286114,0.0244905,0.0101695,0.00683101,0.00499274,0.00413724,0.00343115
10059,26.241239,5.612033999999997,1.69606,0.19272,0.0164274,0.00675615,0.00453773,0.00331658,0.00274829,0.00227925
10060,26.240643000000002,5.609906000000005,1.69606,1.8016,0.154677,0.0641837,0.0431123,0.0315104,0.0261111,0.0216549
10061,25.021107,5.064804000000004,1.69642,0.0589634,0.00475013,0.00197231,0.00132483,0.000968307,0.000802388,0.000665448
10067,26.229897000000005,5.68915,1.6999,1.11363,0.0956971,0.0397355,0.0266909,0.0195082,0.0161655,0.0134066
10069,27.068629,7.013759,1.70167,0.152618,0.0128307,0.00528206,0.00354739,0.00259273,0.00214847,0.00178179
10070,25.482938,6.715853000000004,1.70185,1.01789,0.0785905,0.0326339,0.0219207,0.0160217,0.0132764,0.0110106
10073,27.134853,6.952635,1.70234,0.0716708,0.00561037,0.00217824,0.0014615,0.00106813,0.000885105,0.000734047
10074,25.795427,5.630296999999997,1.70274,0.0525668,0.00506857,0.00180661,0.00118495,0.000861154,0.000712801,0.000590896
10075,26.242932,5.717845000000003,1.70277,0.158052,0.013951,0.00550083,0.00366795,0.00267603,0.00221667,0.00183808
10079,27.16207,6.9267730000000025,1.70319,0.146849,0.0126464,0.00525131,0.00352738,0.00257814,0.00213638,0.00177177
10080,26.853568,6.418814,1.70336,0.0670585,0.00569619,0.00235443,0.00158134,0.00115578,0.000957737,0.000794284
10087,25.985228,6.260045000000005,1.70429,0.119011,0.0103575,0.00414648,0.0027812,0.00203248,0.0016842,0.00139676
10088,25.363046000000004,5.884196000000005,1.7048,0.0712903,0.00666493,0.00277524,0.00181416,0.00129467,0.00105999,0.000870967
10089,25.36192,5.877617999999999,1.7048,0.32742,0.0277609,0.0115266,0.00774259,0.00565901,0.00468934,0.00388903
10090,26.638007,6.1017640000000055,1.70523,0.108711,0.00927927,0.00385162,0.00258719,0.00189096,0.00156694,0.00129952
10092,25.755048,6.788889999999998,1.70626,0.0911866,0.00780652,0.0032416,0.00217743,0.00159147,0.00131877,0.0010937
10093,26.711705,4.938165999999998,1.70744,1.22972,0.104675,0.0434643,0.0291956,0.0213389,0.0176825,0.0146647
10097,26.657014,5.123621999999996,1.70949,0.227912,0.0191803,0.00796003,0.00534686,0.00390799,0.00323836,0.00268568
10098,26.656828,5.1234479999999945,1.70949,0.759909,0.0653672,0.0271261,0.0182209,0.0133175,0.0110356,0.00915216
10099,26.663683000000002,5.128322000000005,1.70949,1.85521,0.145734,0.0604822,0.0406267,0.0296938,0.0246058,0.0204064
10100,25.997281,6.611158999999999,1.71019,0.081475,0.00688976,0.00286024,0.00192127,0.00140424,0.00116362,0.000965033
10101,26.002804,6.622495000000001,1.71019,1.03905,0.0893883,0.0371177,0.0249325,0.018223,0.0151005,0.0125233
10102,25.999243,6.613195999999999,1.71019,0.12015,0.00988827,0.00408116,0.00274113,0.00200347,0.00166017,0.00137684
10103,26.018704,5.693285000000002,1.71067,0.0584824,0.00501071,0.00207905,0.0013965,0.00102069,0.000845798,0.000701449
10104,26.049162,5.7087430000000055,1.7109,0.152692,0.0130956,0.00543446,0.00365038,0.00266804,0.00221087,0.00183355
10105,25.493769,5.464581000000001,1.71113,0.0524531,0.00451635,0.00187297,0.00125807,0.000919514,0.000761956,0.000631916
10106,26.705268,5.1580880000000064,1.71153,0.176508,0.0275392,0.0123109,0.00726737,0.00455393,0.00342023,0.00258943
10107,26.501891,5.899557999999997,1.7119,0.171905,0.0146944,0.0060831,0.00408554,0.00298604,0.00247438,0.00205208
10108,26.48273,5.369977999999999,1.71199,0.147578,0.0203035,0.0115966,0.00743909,0.00473478,0.00350206,0.00257199
10109,25.160781,5.085634000000002,1.71228,0.0769029,0.00661004,0.00273893,0.00183953,0.00134447,0.00111409,0.000923954
10113,25.633132,7.122182999999995,1.71288,0.0945562,0.0073071,0.00303009,0.00203535,0.00148762,0.00123272,0.00102233
10115,26.099024,5.790443000000005,1.71297,0.127089,0.0109826,0.00451066,0.00302484,0.00220982,0.00183098,0.00151842
10116,25.960259,6.753421999999994,1.71366,0.225009,0.0192912,0.0080092,0.00537989,0.00393213,0.00325836,0.00270227
10118,26.171279,5.465252999999999,1.71374,0.271308,0.0231737,0.00961658,0.00645957,0.00472126,0.00391227,0.00324458
10119,25.532285,7.0470580000000025,1.71398,0.130183,0.00810497,0.00333124,0.00223759,0.00163544,0.00135521,0.00112392
10120,26.505695,5.919773000000006,1.71403,10.0422,0.864422,0.356459,0.239313,0.174897,0.144927,0.120192
10121,26.50236,5.917540000000006,1.71403,0.110713,0.00980052,0.00382064,0.00254027,0.00185146,0.00153323,0.00127121
10122,26.511282,5.9207459999999985,1.71403,0.0868256,0.0073855,0.00306358,0.00205784,0.00150406,0.00124634,0.00103363
10127,25.509118,7.069987000000005,1.71574,0.0537073,0.00516069,0.00195977,0.00128186,0.000928356,0.000767462,0.000635771
10128,26.938586,6.028230000000005,1.71612,0.520149,0.0441418,0.0183293,0.012312,0.00899879,0.00745685,0.00618422
10129,26.93547,6.025250999999995,1.71612,0.292788,0.0260983,0.010354,0.00691822,0.00505135,0.00418512,0.00347068
10130,25.61169,6.881187000000003,1.71619,0.147666,0.0126668,0.00525889,0.00353247,0.00258186,0.00213946,0.00177433
10131,25.612001,6.884961999999994,1.71619,0.0714434,0.00612947,0.00254522,0.00170966,0.00124958,0.00103547,0.000858748
10132,25.501441,7.097635000000003,1.71727,0.0702427,0.0055151,0.00228951,0.0015379,0.00112404,0.000931437,0.000772472
10133,26.002214,6.627514,1.71728,0.269673,0.0059062,0.0022648,0.00152072,0.00111147,0.000921019,0.000763832
10134,25.711687,4.940227999999997,1.71734,0.0701896,0.0038105,0.00157831,0.00106017,0.000774872,0.000642098,0.000532514
10135,26.168514,5.536825000000002,1.71745,0.0508126,0.00435911,0.00180966,0.00121557,0.000888451,0.000736215,0.000610568
10136,26.17712,5.534313999999997,1.71745,0.697479,0.084956,0.0278649,0.0170179,0.0120053,0.00985637,0.00813905
10137,26.34283,7.162862999999997,1.71779,1.86899,0.162703,0.0665315,0.0446505,0.0326314,0.0270398,0.022425
10138,25.305036,6.292774999999996,1.71813,0.0961416,0.00812984,0.00337586,0.00226761,0.00165738,0.00137339,0.001139
10139,26.339242,5.727054000000005,1.71826,0.0945047,0.00832323,0.00335714,0.00225086,0.00164478,0.00136291,0.0011303
10140,25.581714,6.521088000000003,1.71832,0.334201,0.0295742,0.0121465,0.00808594,0.0058825,0.00486673,0.00403243
10141,27.147988,6.710609999999997,1.719,0.0543173,0.00464606,0.00192924,0.0012959,0.000947163,0.000784867,0.000650917
10142,27.154234,6.714409999999997,1.719,0.0724834,0.00576744,0.00239377,0.00160793,0.00117523,0.000973852,0.000807648
10143,26.768344,6.218513999999997,1.71906,0.105092,0.0090656,0.0036752,0.00246419,0.00180053,0.00149195,0.0012373
10144,26.771846,6.221858000000001,1.71906,0.0522032,0.00449419,0.00186606,0.00125346,0.000916143,0.000759162,0.000629599
10145,26.772319,6.225797000000004,1.71906,0.118768,0.0243656,0.00793803,0.004081,0.00242866,0.0018253,0.00140949
10146,25.630915,4.966038000000005,1.71976,0.152139,0.012796,0.00530498,0.00356341,0.00260447,0.0021582,0.00178987
10147,25.558785000000004,6.314408000000002,1.71984,0.0819891,0.00688552,0.00285916,0.00192054,0.00140371,0.00116319,0.000964669
10149,26.407156,5.764457000000001,1.72029,0.103469,0.00884783,0.003674,0.00246788,0.00180376,0.00149468,0.00123959
10150,26.412517,5.757505000000005,1.72029,0.39878,0.0336959,0.0139899,0.00939719,0.00686835,0.00569146,0.00472012
10151,26.951605,6.082175999999994,1.7204,0.120455,0.00937618,0.003785,0.00254038,0.0018566,0.00153846,0.0012759
10152,27.061933,5.702220000000001,1.72097,0.558552,0.0467874,0.0194281,0.0130501,0.00953825,0.00790387,0.00655495
10156,26.368927000000003,6.054756999999999,1.72351,0.0572835,0.00486255,0.00197624,0.00132694,0.000969832,0.000803651,0.000666494
10157,25.69351,6.031502000000004,1.72426,0.189009,0.0166267,0.00663061,0.0044285,0.00323227,0.00267767,0.00222043
10158,26.979644,6.0238749999999985,1.72605,0.0822922,0.00714395,0.00292681,0.0019647,0.00143589,0.00118984,0.000986777
10159,26.974839,6.031598999999994,1.72605,0.0627905,0.0053651,0.00222752,0.00149626,0.00109361,0.000906217,0.000751557
10164,25.196038,4.963426999999998,1.72701,0.977323,0.083084,0.0344997,0.0231739,0.0169377,0.0140354,0.01164
10165,25.191387,4.9624769999999945,1.72701,0.141229,0.0118253,0.00491037,0.00329837,0.00241075,0.00199767,0.00165674
10167,25.278157,4.950993000000006,1.72773,1.60093,0.136218,0.0565588,0.0379914,0.0277677,0.0230097,0.0190827
10168,25.880932,6.04218,1.72853,4.00616,0.344555,0.143066,0.0960997,0.0702387,0.0582033,0.04827
10169,25.063856,6.835803000000002,1.72997,1.87436,0.160832,0.066733,0.0448251,0.0327624,0.0271485,0.0225152
10172,24.990174,6.960528000000001,1.73058,0.211433,0.0181162,0.00752262,0.00505305,0.00369324,0.00306041,0.0025381
10174,25.055786,6.939200000000006,1.73086,0.0811917,0.00695949,0.00288988,0.00194117,0.00141879,0.00117568,0.000975034
10175,25.547078,6.0573269999999955,1.73146,0.0746562,0.00638732,0.00265226,0.00178156,0.00130213,0.00107901,0.000894863
10177,24.940109,7.154335000000004,1.73201,0.141216,0.0120944,0.00501914,0.00337142,0.00246415,0.00204192,0.00169343
10178,24.936644,7.1576789999999955,1.73201,0.156027,0.0159939,0.00667736,0.00420511,0.00291405,0.00235547,0.00191934
10179,24.937746,7.155835999999998,1.73201,0.0738113,0.00586307,0.00242563,0.00162927,0.00119082,0.000986774,0.000818365
10180,25.972091,6.5377429999999945,1.73237,14.4263,1.28344,0.514611,0.343724,0.250889,0.207846,0.172357
10185,26.085016,5.438577000000002,1.73801,0.0707258,0.00589657,0.00244851,0.0016447,0.0012021,0.000996121,0.000826117
10186,26.082567,5.441275999999999,1.73801,0.257625,0.0211868,0.00878944,0.00590398,0.00431518,0.00357578,0.00296551
10191,26.897428,4.899611000000002,1.74005,0.245717,0.0199649,0.00828937,0.00556809,0.00406968,0.00337234,0.0027968
10192,25.802951,7.076865000000001,1.74022,0.188407,0.0203541,0.00828221,0.00512339,0.00352046,0.002839,0.00231129
10194,26.999631,6.731474000000003,1.74083,0.109472,0.00918369,0.00381269,0.00256104,0.00187185,0.00155111,0.00128638
10195,25.241521,6.012088999999999,1.74093,0.188057,0.0161866,0.00672033,0.00451414,0.00329935,0.00273401,0.00226741
10196,26.086953,6.602190000000005,1.74228,0.311346,0.026389,0.0109571,0.00736006,0.00537942,0.00445766,0.00369689
10197,26.077196,6.603706999999998,1.74228,0.148869,0.00894976,0.00371108,0.00249279,0.00182196,0.00150977,0.0012521
10198,26.082443000000005,6.6024250000000055,1.74228,0.24967,0.0451443,0.0202331,0.0113726,0.00677552,0.00494975,0.00367039
10199,26.20224,6.350896000000005,1.7449,0.171096,0.0131122,0.0054436,0.00365654,0.00267254,0.0022146,0.00183665
10200,26.201859,6.348995999999999,1.7449,0.134167,0.0142542,0.00600233,0.003728,0.00254928,0.00204717,0.0016603
10201,26.455821,5.865039999999997,1.74572,0.0539026,0.00454462,0.00188675,0.00126736,0.000926304,0.000767582,0.000636582
10202,25.461173,4.912887999999994,1.74704,0.0560515,0.0101791,0.00350373,0.0018287,0.0011212,0.000863992,0.000684118
10203,25.462887000000002,4.913509999999999,1.74704,0.147501,0.0125398,0.00519975,0.0034927,0.00255279,0.00211537,0.00175435
10204,25.462709,4.914457000000002,1.74704,0.184795,0.0152169,0.0062772,0.00421608,0.00308149,0.00255348,0.00211768
10205,26.495354,6.594915000000004,1.74718,0.0959371,0.00816372,0.00336522,0.00226018,0.00165194,0.00136888,0.00113526
10206,26.413074,6.124715999999998,1.74799,0.117269,0.00996602,0.00413809,0.00277962,0.0020316,0.00168349,0.00139617
10210,26.504225000000005,6.515583999999995,1.74988,0.304031,0.0258718,0.0107423,0.00721575,0.00527394,0.00437026,0.0036244
10211,26.521894,6.540175000000005,1.74998,0.0502813,0.00429988,0.00178543,0.0011993,0.00087656,0.000726362,0.000602396
10213,26.172911,6.572298000000001,1.75113,0.173233,0.0143003,0.00593753,0.00398833,0.00291504,0.00241555,0.0020033
10214,26.201225,6.46172,1.75217,0.0570181,0.00480705,0.00198298,0.00133158,0.000973203,0.00080644,0.000668807
10215,27.117403,6.529035000000002,1.75256,0.0582779,0.00497168,0.00204227,0.00137131,0.00100225,0.00083051,0.00068877
10216,27.114381,6.525085999999998,1.75256,0.0850605,0.00665587,0.00276365,0.00185639,0.00135682,0.00112433,0.000932445
10217,26.706618,6.659417000000003,1.75281,0.101944,0.00869743,0.00361155,0.00242593,0.0017731,0.00146928,0.00121852
10219,26.434107000000004,6.018223000000003,1.75491,0.0560701,0.00485726,0.00199767,0.00134124,0.000980254,0.000812284,0.000673654
10221,25.224523,6.370684999999997,1.75715,0.100974,0.00867302,0.00359894,0.00241745,0.0017669,0.00146414,0.00121426
10222,25.221044,6.370610000000005,1.75715,0.190704,0.015794,0.00655618,0.00440388,0.00321877,0.00266723,0.00221203
10225,27.078235,6.566543999999997,1.75944,0.0629138,0.00531991,0.00220905,0.00148385,0.00108454,0.000898703,0.000745325
10226,27.078572,6.562566999999997,1.75944,0.0846534,0.00686151,0.00282977,0.00190067,0.00138918,0.00115115,0.000954684
10231,25.286183,6.380925000000004,1.76173,0.177878,0.0149205,0.00619564,0.0041617,0.00304176,0.00252056,0.00209038
10232,24.906249,5.933711000000005,1.76475,0.160111,0.0137024,0.00568604,0.00381939,0.00279157,0.00231323,0.00191844
10234,26.459516000000004,5.588541000000003,1.76564,4.53168,0.725346,0.47047,0.313419,0.200497,0.146186,0.104117
10236,26.252964,6.408368000000006,1.76662,2.13275,0.176462,0.069264,0.0464895,0.0339776,0.0281555,0.0233503
10237,25.038474,4.948975999999994,1.76668,0.204459,0.017228,0.00715169,0.00480388,0.00351113,0.0029095,0.00241294
10238,24.906727,5.993976999999997,1.76716,0.828321,0.0712,0.0295641,0.0198586,0.0145145,0.0120275,0.00997479
10239,24.913339000000004,5.997950999999998,1.76716,0.0636791,0.00543913,0.00225853,0.00151709,0.00110883,0.000918833,0.000762019
10240,26.719303,6.109892000000007,1.76721,0.112803,0.00967033,0.00401549,0.00269726,0.00197141,0.00163361,0.00135481
10241,26.721585,6.1117459999999975,1.76721,0.251457,0.0290802,0.00798121,0.00485543,0.00344221,0.00283175,0.00234085
10242,26.222906,6.363947999999999,1.76736,0.136157,0.0116478,0.00483665,0.00324885,0.00237456,0.00196768,0.00163187
10243,26.231462,6.359480999999995,1.76736,0.0669522,0.00575415,0.00238854,0.00160441,0.00117265,0.000971721,0.000805881
10245,24.835316,6.072262999999996,1.76888,0.475007,0.0412184,0.0167921,0.0112705,0.00823687,0.00682544,0.00566056
10246,26.097332,6.481111999999999,1.76892,0.05127,0.00440973,0.00183075,0.00122974,0.00089881,0.000744799,0.000617687
10247,26.445588000000004,6.0867749999999985,1.76926,0.0826343,0.00700453,0.00290772,0.00195315,0.00142755,0.00118294,0.000981049
10248,26.446068,6.087736999999999,1.76926,6.09298,0.522191,0.216836,0.145652,0.106456,0.0882148,0.0731595
10249,27.172384,6.937379999999997,1.76934,8.76084,0.724721,0.300935,0.202143,0.147745,0.122429,0.101534
10250,25.903626,5.905553,1.76977,0.0507787,0.00313648,0.00129485,0.000869739,0.000635686,0.000526761,0.000436861
10251,25.906693,5.912995,1.76977,1.36414,0.117229,0.0486733,0.0326945,0.0238962,0.0198016,0.0164222
10255,24.847679,6.242470000000002,1.77019,0.0901969,0.00771662,0.00319872,0.00214857,0.00157037,0.00130129,0.0010792
10259,24.802795,5.879096000000004,1.77133,1.292,0.112609,0.0458551,0.0307478,0.0224669,0.0186164,0.015439
10260,24.802772,5.879771000000001,1.77133,2.14602,0.184942,0.0767388,0.051545,0.0376738,0.0312184,0.0258905
10263,26.608952,6.0563359999999955,1.77203,0.0890977,0.00764404,0.00317131,0.0021302,0.00155695,0.00129017,0.00106998
10265,26.436686,5.874804999999996,1.7724,0.0821846,0.00696771,0.00289242,0.00194288,0.00142004,0.00117672,0.000975891
10266,26.433337,5.8757579999999985,1.7724,0.214751,0.0178269,0.00739643,0.00496828,0.00363128,0.00300906,0.00249552
10270,25.563255,5.717117,1.77308,0.3881,0.0327945,0.0135653,0.00911112,0.0066592,0.00551814,0.00457638
10272,25.024268,6.092311999999997,1.77345,0.0542392,0.0121253,0.00511096,0.0026734,0.0015042,0.00107102,0.000782304
10277,24.958989,6.091415,1.774,0.130585,0.0112271,0.00466195,0.0031315,0.00228879,0.00189661,0.00157292
10278,25.37513,5.383306000000002,1.77413,0.338486,0.026912,0.0111436,0.00748504,0.00547076,0.00453335,0.00375966
10279,26.262229,5.0148670000000015,1.77421,0.0653726,0.0203918,0.0149688,0.00955108,0.00565361,0.00384945,0.00251441
10280,26.25971,5.011289000000001,1.77421,0.0693335,0.00594929,0.00238767,0.00160272,0.00117136,0.000970649,0.000804992
10284,25.913253,5.855229999999998,1.77482,0.0530061,0.00458849,0.00188711,0.0012653,0.000924279,0.000765794,0.000635054
10285,26.415306,5.943653000000004,1.77493,0.469214,0.0400395,0.016624,0.0111665,0.00816156,0.00676308,0.00560885
10286,25.996783,5.860921999999999,1.77518,0.145138,0.0102068,0.00423819,0.00284686,0.00208075,0.00172421,0.00142995
10287,26.004164,5.863191000000001,1.77518,0.102519,0.00880803,0.003655,0.00245511,0.00179442,0.00148695,0.00123318
10288,25.993538,5.863503000000001,1.77518,0.462888,0.0376325,0.0156259,0.0104961,0.00767156,0.00635704,0.00527211
10292,26.040669,5.878160999999996,1.77642,0.0688407,0.00567708,0.00235587,0.00158247,0.00115661,0.000958429,0.000794857
10293,25.37048,4.989472999999998,1.77683,2.66815,0.242078,0.0964535,0.064073,0.0466763,0.03865,0.032044
10294,25.374758,4.988168000000003,1.77683,0.175806,0.0124527,0.00491873,0.00330195,0.0024133,0.00199978,0.00165848
10295,25.248383,5.759664000000005,1.77711,0.104829,0.00865096,0.00358658,0.00240909,0.00176079,0.00145908,0.00121006
10296,25.243248,5.761543000000005,1.77711,0.0770197,0.00654192,0.00271256,0.00182199,0.00133167,0.00110349,0.000915164
10298,26.014491000000003,5.789101000000004,1.77769,0.0794058,0.0067591,0.00280641,0.00188511,0.00137781,0.00114173,0.000946871
10299,26.02039,5.787428000000004,1.77769,0.28455,0.0227847,0.00931978,0.00625965,0.00457512,0.00379118,0.00314415
10301,25.935469,5.791666000000006,1.7778,0.0695799,0.00959221,0.0025918,0.00155871,0.00110446,0.000909278,0.000752152
10302,26.369949,6.504415000000005,1.77799,0.0862118,0.00709415,0.00294566,0.00197864,0.00144618,0.00119837,0.000993852
10303,25.909327,5.715994,1.77813,0.100632,0.00846715,0.00350896,0.00235701,0.00172272,0.00142753,0.0011839
10306,25.842675,5.820637999999998,1.77908,0.834263,0.071764,0.0297978,0.0200156,0.0146293,0.0121226,0.0100537
10307,25.839314,5.815080999999997,1.77908,0.0718689,0.00600985,0.00249552,0.00167627,0.00122518,0.00101524,0.000841976
10310,24.823861,6.447332999999994,1.78008,0.0550828,0.00493338,0.00195134,0.00130676,0.000954767,0.000791141,0.000656115
10312,26.086434,6.233097000000001,1.78053,0.217756,0.0186163,0.00772888,0.0051916,0.00379451,0.00314432,0.00260769
10313,25.144967,5.492836999999999,1.7812,0.139148,0.0113177,0.00469948,0.00315671,0.00230722,0.00191188,0.00158558
10315,24.847245,6.3368260000000065,1.78136,0.962204,0.0823252,0.0341774,0.0229574,0.0167794,0.0139042,0.0115313
10316,26.150384,6.239015000000005,1.78228,0.167725,0.0171421,0.00687278,0.00437137,0.00306933,0.00249663,0.00204261
10317,26.153372,6.2444539999999975,1.78228,0.926874,0.0797371,0.0329924,0.0221558,0.0161929,0.0134182,0.0111281
10319,26.335004,6.542842999999995,1.78328,1.53792,0.132286,0.0549286,0.0368963,0.0269673,0.0223465,0.0185327
10320,26.198423,6.063085000000002,1.78402,0.108427,0.00927146,0.00384982,0.00258598,0.00189007,0.00156621,0.00129891
10324,26.183961,6.137276999999996,1.78509,0.0636773,0.00529744,0.00219964,0.00147753,0.00107992,0.000894873,0.000742148
10325,26.178005,6.133805999999999,1.78509,2.0536,0.174911,0.0726024,0.0487679,0.0356441,0.0295365,0.0244956
10327,26.676136,4.949532000000004,1.7852,0.0923625,0.00785225,0.00325997,0.00218977,0.00160049,0.00132624,0.0010999
10328,26.342827,5.455154000000002,1.78717,0.0636952,0.00532593,0.00220968,0.00148428,0.00108485,0.000898959,0.000745537
10331,25.979953,6.137550000000007,1.78802,0.252977,0.021446,0.00890487,0.00598153,0.00437186,0.00362274,0.00300446
10332,25.118758,5.400331999999997,1.78805,0.402007,0.0775663,0.0217209,0.0111143,0.00692403,0.00540276,0.00431967
10333,25.120723,5.401347999999994,1.78805,0.127234,0.0105782,0.00439184,0.00295006,0.00215618,0.00178672,0.00148179
10334,25.971191,6.246001999999999,1.78891,53.7943,4.59857,1.90911,1.28237,0.937277,0.776675,0.644123
10335,27.07097,7.094981999999996,1.79046,0.198852,0.016938,0.00703327,0.00472435,0.003453,0.00286133,0.002373
10336,26.578548000000005,7.010758999999995,1.79151,1.74493,0.159294,0.0656227,0.0431077,0.0310402,0.0255663,0.0211207
10337,26.147112,5.5265379999999995,1.79222,0.125793,0.0106078,0.00440457,0.00295861,0.00216243,0.0017919,0.00148608
10339,26.504756,5.619469999999997,1.79234,0.1642,0.013867,0.00558233,0.00374225,0.00273434,0.00226571,0.00187901
10340,26.403576,6.049530000000004,1.79261,0.0537028,0.00449331,0.00186528,0.00125293,0.000915761,0.000758846,0.000629336
10342,26.033247,6.879601999999996,1.7935,0.110575,0.0126701,0.00354227,0.00219671,0.00157139,0.00129618,0.00107295
10343,27.128137,5.009279000000006,1.79367,0.0934884,0.00753371,0.00312259,0.00209746,0.00153302,0.00127034,0.00105353
10344,26.01647,6.819166999999997,1.79371,0.20758,0.0178101,0.00739551,0.00496767,0.00363084,0.0030087,0.00249521
10345,26.027358000000003,6.821833000000004,1.79371,0.0502774,0.0043844,0.00179838,0.00120607,0.000881245,0.000730212,0.000605581
10350,25.763031,7.003561999999998,1.7946,0.396451,0.0528013,0.0220045,0.0127931,0.00822435,0.00639341,0.00505667
10351,27.045313,5.072893999999995,1.79463,0.0854512,0.00728602,0.00302547,0.00203225,0.00148536,0.00123084,0.00102078
10356,26.946187,5.098496999999999,1.79614,0.189056,0.016461,0.00672037,0.00450821,0.00329438,0.00272982,0.00226392
10357,26.406497,6.016357999999996,1.79657,0.141998,0.0132932,0.00507795,0.00337455,0.0024617,0.00203932,0.00169114
10358,26.406567,6.015936999999997,1.79657,1.8439,0.15788,0.0654778,0.0439811,0.0321454,0.0266373,0.0220912
10359,26.163232,5.947353000000003,1.79662,0.212277,0.020465,0.00798967,0.00518803,0.00373388,0.00307911,0.00254694
10366,26.700447,5.960657,1.80036,5.03709,0.431749,0.17928,0.120425,0.0880179,0.0729361,0.0604884
10367,25.659755,7.011517000000002,1.80049,0.0552266,0.00506896,0.00194725,0.00129062,0.000940021,0.000778375,0.000645338
10368,26.747562,7.199545000000005,1.80086,0.18134,0.0155642,0.00646172,0.00434043,0.00317239,0.0026288,0.00218016
10370,27.191681,5.139783000000006,1.80208,0.112148,0.00921096,0.00382061,0.00256635,0.00187573,0.00155432,0.00128905
10371,27.192482,5.139933000000001,1.80208,0.0843629,0.00694645,0.00287939,0.00193409,0.00141361,0.00117139,0.000971473
10372,25.546909,7.105403000000006,1.80214,0.128795,0.0106968,0.00444145,0.00298338,0.00218054,0.0018069,0.00149853
10373,26.305404,6.130120000000004,1.80252,0.374526,0.0321451,0.0133419,0.00896194,0.00655022,0.00542785,0.0045015
10374,26.311647,6.137800000000003,1.80252,0.0715008,0.00614459,0.00254223,0.00170735,0.00124787,0.00103404,0.000857566
10375,26.302937,6.132848000000002,1.80252,0.108355,0.00952953,0.00393704,0.00262612,0.0019105,0.00158001,0.00130858
10377,24.996911,7.0027940000000015,1.80318,6.74368,0.573897,0.238281,0.160057,0.116985,0.0969394,0.0803951
10379,25.661654,5.705339000000006,1.80331,0.063964,0.0054393,0.00225666,0.00151582,0.0011079,0.000918064,0.000761381
10380,25.661178,5.710478999999999,1.80331,0.11498,0.00975714,0.00401796,0.00269816,0.00197201,0.0016341,0.00135522
10381,25.417695,6.064350000000005,1.80527,0.132743,0.0122716,0.00498189,0.00326308,0.00235146,0.00193866,0.00160298
10382,26.326683,6.085801000000003,1.80633,0.122014,0.00995455,0.00412837,0.00277307,0.00202682,0.00167952,0.00139289
10383,26.33322,6.084698000000005,1.80633,2.20682,0.186238,0.0773324,0.0519453,0.0379664,0.0314609,0.0260916
10384,25.100503,6.926516999999995,1.80634,0.883301,0.0744138,0.0307922,0.0206825,0.0151167,0.0125265,0.0103886
10385,25.100803,6.926352999999995,1.80634,0.371159,0.0303278,0.0125804,0.00845043,0.00617637,0.00511805,0.00424457
10388,27.021496,5.793886999999997,1.80887,0.476163,0.0406752,0.0168804,0.0113388,0.00828744,0.00686739,0.00569536
10389,25.374319,6.462845999999999,1.80943,0.0683009,0.00557362,0.00231194,0.00155296,0.00113505,0.000940557,0.000780036
10390,26.714863,6.874782999999999,1.81015,0.0915531,0.0388141,0.061099,0.0620034,0.0550279,0.0480636,0.039885
10391,26.715474,6.873545000000003,1.81015,0.639008,0.0546123,0.0226753,0.0152313,0.0111325,0.00922491,0.00765053
10392,26.715836,6.872156000000007,1.81015,0.0662339,0.00564024,0.00234107,0.00157253,0.00114935,0.000952412,0.000789867
10394,26.473909,6.160977999999998,1.81049,0.116029,0.00997871,0.00414359,0.00278331,0.0020343,0.00168573,0.00139803
10395,26.532707,4.901330000000005,1.81051,0.127031,0.0108946,0.00452391,0.00303877,0.00222102,0.00184045,0.00152635
10397,25.385949,6.505550000000001,1.81242,0.490905,0.0421627,0.0175077,0.0117602,0.00859546,0.00712263,0.00590704
10399,25.529069,6.213098999999997,1.813,2.97409,0.202906,0.0841281,0.0565099,0.0413027,0.0342255,0.0283844
10401,26.305127,6.022975999999994,1.81367,0.342389,0.0292552,0.0121337,0.00815024,0.00595695,0.00493623,0.00409378
10402,26.303349,6.022152999999996,1.81367,0.0503531,0.00426026,0.00176898,0.00118825,0.000868483,0.000719669,0.000596846
10405,25.79062,6.4709249999999985,1.81468,0.0654519,0.00562835,0.00233637,0.00156937,0.00114704,0.000950497,0.000788279
10408,25.512841,6.7407229999999965,1.81685,0.416477,0.0353905,0.0146696,0.00985374,0.00720203,0.00596797,0.00494944
10409,25.349337,5.462137999999997,1.81846,5.3913,0.461976,0.191762,0.128809,0.0941455,0.0780138,0.0646994
10412,27.191877,5.445617999999993,1.81887,0.0648764,0.00548275,0.00226925,0.00152425,0.00111406,0.000923167,0.000765613
10413,26.565831,6.477561000000003,1.81892,0.106975,0.00910272,0.0037796,0.00253881,0.0018556,0.00153764,0.00127522
10415,25.441474,6.752366999999995,1.81971,0.0512325,0.00439407,0.00182261,0.00122427,0.000894808,0.000741484,0.000614937
10420,25.275482,5.605825,1.82066,0.107624,0.0100111,0.00413022,0.0026951,0.00192908,0.00158423,0.00130593
10423,26.840842,6.488530000000005,1.82168,0.0510225,0.00436535,0.00181251,0.00121749,0.000889855,0.000737379,0.000611534
10425,25.579057,6.7058880000000025,1.8232,0.0588144,0.00595017,0.00219438,0.00141751,0.00102278,0.00084491,0.000699764
10430,25.649033,6.669839000000004,1.82418,1.28517,0.111472,0.045855,0.0307551,0.0224699,0.0186182,0.0154402
10431,25.641575,6.670988000000006,1.82418,0.0511066,0.00387349,0.00160598,0.00107875,0.000788454,0.000653353,0.000541848
10432,26.875852,6.502031999999997,1.82466,0.19559,0.0167012,0.00693491,0.00465828,0.00340471,0.00282131,0.00233981
10433,25.588644,5.526495999999999,1.82601,0.185163,0.0159208,0.00660135,0.0044338,0.00324059,0.00268531,0.00222702
10441,25.762907000000002,6.599580000000002,1.82838,0.276535,0.0220523,0.00914269,0.00614119,0.00448855,0.00371944,0.00308466
10442,25.287522,7.0394710000000025,1.82902,0.0503868,0.00462444,0.00181386,0.00120636,0.000879832,0.000728811,0.000604355
10443,25.280232,7.039259000000004,1.82902,0.398547,0.0365365,0.0143979,0.00956494,0.00697249,0.00577498,0.00478857
10444,25.850008,6.391308999999994,1.8292,0.18218,0.0155936,0.00646765,0.00434432,0.00317523,0.00263116,0.00218211
10445,25.577609000000002,6.428426000000004,1.82926,0.386915,0.0469254,0.0202992,0.0121068,0.00790985,0.00619223,0.004922
10446,25.573416,6.422454999999995,1.82926,2.98557,0.269973,0.106251,0.0709099,0.0517658,0.042888,0.0355665
10450,26.824015,5.373390999999995,1.83068,0.413524,0.0356743,0.014769,0.00991622,0.0072469,0.006005,0.0049801
10454,26.93222,6.241917999999995,1.83184,0.316002,0.0251505,0.0104183,0.00699798,0.00511477,0.00423836,0.00351502
10455,26.931435,6.242104999999996,1.83184,0.0838904,0.00716823,0.00297607,0.00199907,0.00146111,0.00121075,0.00100411
10458,26.68765,5.2734070000000015,1.83216,0.0621608,0.00533942,0.00221588,0.00148842,0.00108788,0.00090147,0.000747619
10459,26.69576,5.275495,1.83216,0.11848,0.091545,0.0682506,0.0443378,0.0268658,0.0185035,0.01209
10461,26.920346,6.214575999999998,1.83318,0.134789,0.0121581,0.00443786,0.00294843,0.00215117,0.00178212,0.00147786
10465,26.597975,7.069919999999994,1.83455,0.0642513,0.00521587,0.00216081,0.00145139,0.00106081,0.000879042,0.000729019
10466,26.597705,7.065031000000001,1.83455,0.813111,0.0633837,0.0263091,0.0176722,0.0129165,0.0107033,0.00887659
10475,24.841311,6.6701630000000005,1.84217,0.15273,0.0131375,0.00545416,0.00366363,0.00267773,0.0022189,0.00184021
10476,24.844945,6.673464,1.84217,0.136878,0.0107916,0.00448112,0.00301003,0.00220001,0.00182304,0.00151191
10477,24.83949,6.676033999999997,1.84217,9.31753,0.801585,0.33242,0.223284,0.163196,0.135233,0.112153
10480,25.329563,6.730138,1.84469,0.0509551,0.00431536,0.00179189,0.00120364,0.00087973,0.000728989,0.000604575
10481,27.118802,6.145829999999999,1.84477,0.0712544,0.00612761,0.0025444,0.00170911,0.00124918,0.00103513,0.00085847
10482,27.120468,6.138753999999997,1.84477,0.0708436,0.0243435,0.0168686,0.0105534,0.00619744,0.00421414,0.00275482
10483,24.844683,6.754608000000002,1.84525,0.121832,0.0104632,0.00434451,0.00291827,0.00213294,0.00176746,0.00146582
10484,24.845546,6.754380999999995,1.84525,0.605829,0.0521179,0.0216323,0.0145307,0.0106204,0.00880058,0.00729862
10485,24.841218,6.756442000000002,1.84525,0.467393,0.0401277,0.0166196,0.0111619,0.00815799,0.0067601,0.00560637
10486,26.198533,4.891739999999999,1.84588,2.63816,0.226964,0.0942288,0.0632948,0.0462618,0.0383348,0.0317924
10487,26.194668,4.884528000000006,1.84588,0.115321,0.00986064,0.00409456,0.00275038,0.00201023,0.00166578,0.00138149
10491,26.83809,6.753421000000003,1.85011,0.0581619,0.0337816,0.0083702,0.00304358,0.00135318,0.000895393,0.000642726
10495,25.1931,6.3041190000000045,1.8548,0.214494,0.0179501,0.00745266,0.00500606,0.0036589,0.00303195,0.0025145
10496,26.381979,5.761601000000005,1.85522,0.379306,0.0329642,0.0134985,0.00904487,0.00660617,0.0054733,0.00453886
10497,26.872906,6.690419999999998,1.85544,0.0752572,0.00634059,0.00261936,0.00175915,0.00128573,0.00106542,0.000883585
10498,25.482081,6.8439990000000055,1.85551,0.0692253,0.00585161,0.00242311,0.00162762,0.00118961,0.000985775,0.000817536
10499,26.451407,6.139528999999995,1.85655,0.0793942,0.00683077,0.00283643,0.00190527,0.00139255,0.00115394,0.000956999
10500,26.459089,6.140799999999995,1.85655,0.136906,0.0124574,0.00494536,0.00327596,0.00238208,0.00197108,0.00163351
10501,25.681373,6.969013000000002,1.85865,0.480902,0.0732954,0.0204147,0.011761,0.00816804,0.00668958,0.00552097
10502,25.677257,6.9708559999999995,1.85865,0.495637,0.0608522,0.0296795,0.0186138,0.0121582,0.00931695,0.00716789
10503,25.67779,6.971349000000003,1.85865,0.0866501,0.00745084,0.00309341,0.00207789,0.00151872,0.00125849,0.0010437
10506,25.722605,5.874727999999997,1.85961,0.0849253,0.0072962,0.00302965,0.00203506,0.00148741,0.00123255,0.00102219
10508,26.855689,5.441859000000002,1.86254,1.95894,0.223454,0.0630015,0.0392336,0.0281062,0.023192,0.0192008
10510,24.869838,6.9030229999999975,1.86552,0.163968,0.0135581,0.00562856,0.00378078,0.00276335,0.00228985,0.00189905
10511,24.86783,6.900049999999998,1.86552,0.753323,0.0645818,0.0268172,0.0180135,0.0131659,0.01091,0.00904799
10513,27.080669,5.896834000000002,1.86648,0.0595691,0.0117712,0.00757925,0.00482626,0.00294875,0.00208747,0.00144476
10514,27.080155,5.8960369999999935,1.86648,1.0852,0.091809,0.0380449,0.0255551,0.0186781,0.0154776,0.0128361
10515,24.959134000000002,7.033706999999997,1.86681,0.13846,0.0298224,0.0100314,0.00505701,0.00295777,0.00221021,0.00170433
10516,24.961135,7.029516000000003,1.86681,0.0607029,0.00511354,0.00212298,0.00142604,0.00104228,0.000863686,0.000716284
10517,25.246251,6.732005000000003,1.86761,0.0637522,0.00527771,0.00219153,0.00147208,0.00107593,0.000891573,0.000739412
10518,25.253361,6.732713999999995,1.86761,0.0571273,0.00489129,0.00203106,0.00136429,0.000997152,0.00082629,0.000685271
10519,25.799382,7.040407000000001,1.8682,0.10721,0.011707,0.00500914,0.00309106,0.00208946,0.00166524,0.00134166
10520,25.804543,7.041122999999995,1.8682,0.052733,0.00452456,0.00187873,0.00126197,0.000922365,0.000764318,0.000633875
10521,25.109766,6.415877999999994,1.86823,0.0637453,0.00548089,0.00226871,0.00152385,0.00111377,0.000922928,0.000765415
10522,25.111417,6.413671999999999,1.86823,0.0655646,0.00562404,0.0023347,0.00156825,0.00114622,0.000949818,0.000787716
10523,24.918433,5.763094999999997,1.86833,0.0954539,0.00821143,0.00325666,0.00218014,0.00159258,0.00131959,0.00109435
10524,25.661827,7.132121999999995,1.86913,0.174171,0.0147586,0.00611679,0.00410867,0.003003,0.00248844,0.00206375
10525,25.665891,7.133849000000005,1.86913,0.113843,0.00882622,0.00364972,0.0024515,0.00179178,0.00148476,0.00123136
10526,25.664713000000003,7.135403999999996,1.86913,0.0720185,0.00614744,0.00252446,0.00169456,0.00123842,0.0010262,0.000851059
10531,25.60859,6.643977999999999,1.87345,1.47116,0.125812,0.0522416,0.0350915,0.0256481,0.0212533,0.0176261
10532,25.608849,6.6405840000000005,1.87345,0.0827773,0.00712616,0.00295899,0.0019876,0.00145272,0.0012038,0.000998351
10534,26.074972000000002,4.865249999999999,1.87379,0.0514462,0.00442543,0.00183761,0.00123435,0.000902177,0.00074759,0.000620001
10535,27.106033,7.024513999999995,1.87458,28.0667,4.16217,1.75859,0.987653,0.611974,0.466475,0.36358
10536,25.721906,5.314589000000003,1.87462,0.122158,0.0104041,0.00421321,0.00282699,0.00206597,0.00171195,0.00141977
10537,25.706949,6.987755000000001,1.87478,0.110214,0.00967694,0.00387702,0.00259681,0.00189716,0.00157199,0.00130368
10538,26.100304,5.288138999999997,1.87556,0.113566,0.00930488,0.00386361,0.00259524,0.00189684,0.00157182,0.00130356
10543,24.930376,6.466016000000002,1.87754,0.0502642,0.0042801,0.00177728,0.00119382,0.000872558,0.000723046,0.000599646
10544,24.928207,6.465379000000002,1.87754,0.180159,0.0153848,0.00638824,0.00429107,0.00313632,0.00259891,0.00215536
10546,25.226812,5.972137,1.87797,0.0682409,0.00538124,0.00223338,0.00150019,0.00109648,0.000908599,0.000753532
10547,25.22938,5.974487000000004,1.87797,0.850181,0.0405096,0.0168155,0.0112952,0.00825562,0.00684102,0.00567349
10548,27.060336,7.185319,1.87876,0.303486,0.0257315,0.0102799,0.00688432,0.00502901,0.00416694,0.00345568
10549,24.928331000000004,6.540319000000002,1.881,0.0510963,0.00439679,0.00182573,0.00122637,0.000896345,0.000742757,0.000615994
10552,25.742191,5.843350999999999,1.88203,0.129616,0.0107759,0.00445603,0.00299313,0.00218766,0.0018128,0.00150342
10554,25.043054,6.854363999999998,1.88246,0.0948095,0.00813875,0.00337885,0.00226962,0.00165885,0.00137461,0.00114001
10556,24.832055,6.523804999999996,1.88324,1.17904,0.274638,0.0839652,0.0408646,0.0236815,0.0177367,0.0137484
10557,25.045589,5.937027,1.88349,2.79131,0.239552,0.0994716,0.0668165,0.0488357,0.0404678,0.0335613
10560,27.176782,6.077710999999998,1.88557,0.208941,0.0179748,0.00746394,0.00501363,0.00366443,0.00303653,0.0025183
10561,26.567005,5.489569000000003,1.88562,1.01122,0.161475,0.044415,0.024919,0.0169753,0.0138045,0.0113478
10562,26.588301,5.461248000000002,1.88586,0.474815,0.0395402,0.0161518,0.0108484,0.00792901,0.00657038,0.00544904
10569,26.997711,5.245853000000006,1.88731,0.110333,0.00944661,0.00391964,0.00263282,0.00192431,0.00159458,0.00132244
10570,26.996045000000002,5.2488260000000055,1.88731,0.0519163,0.00316651,0.00131288,0.000881879,0.00064456,0.000534115,0.000442959
10573,26.128811,5.324603999999999,1.8901,0.0686842,0.00589253,0.00244673,0.0016435,0.00120123,0.000995397,0.000825516
10574,25.472622,5.183255000000004,1.89157,0.219141,0.145571,0.298233,0.334807,0.320125,0.29177,0.252161
10576,25.947947,6.780816000000006,1.89279,0.0931849,0.00755829,0.0031329,0.00210441,0.0015381,0.00127455,0.00105702
10577,26.800707,5.1658679999999935,1.89334,0.0598948,0.00512827,0.00212948,0.0014304,0.00104547,0.00086633,0.000718476
10580,25.482742,5.1949709999999945,1.89532,0.111016,0.00953267,0.00395836,0.00265889,0.00194336,0.00161037,0.00133553
10581,25.720718,6.9721139999999995,1.89568,14.9188,1.23425,0.512425,0.344203,0.251576,0.208469,0.17289
10582,26.229064,4.965430000000005,1.89572,0.395708,0.034079,0.0140901,0.0094637,0.00691692,0.00573171,0.0047535
10583,26.23542,4.966441999999999,1.89572,0.108928,0.0112501,0.00424107,0.00269462,0.0019215,0.00158048,0.00130573
10584,26.235601,4.959757000000003,1.89572,0.0736817,0.006533,0.00258716,0.00173373,0.00126686,0.00104976,0.0008706
10587,26.577665,5.360751000000002,1.89641,0.191687,0.0207041,0.00750028,0.0047121,0.00334014,0.00274074,0.00226068
10594,25.666956,7.094733999999995,1.89984,0.171884,0.0147809,0.00613761,0.00412272,0.00301327,0.00249695,0.0020708
10595,26.592877,6.649938000000002,1.90004,0.0649119,0.00558198,0.00231788,0.00155695,0.00113797,0.000942976,0.000782042
10596,26.942895,5.331118999999997,1.90097,0.051779,0.00439781,0.00182616,0.00122666,0.000896555,0.000742931,0.000616138
10598,26.608203,6.6215709999999985,1.90172,0.190556,0.015995,0.00664146,0.00446117,0.00326064,0.00270193,0.0022408
10601,26.2959,4.884486000000004,1.904,0.198495,0.0157767,0.00654812,0.00439846,0.00321481,0.00266395,0.00220931
10602,24.953238,6.973171000000006,1.9047,0.135098,0.016213,0.00502718,0.00314752,0.00225735,0.00186336,0.00154305
10603,26.246612,6.2422360000000054,1.90477,0.0581512,0.00567961,0.00236324,0.0015154,0.00106667,0.00086858,0.000711447
10604,26.250807,6.243304000000005,1.90477,0.0924208,0.00794376,0.0032893,0.00220936,0.0016148,0.0013381,0.00110974
10610,26.795374,5.236061000000002,1.90548,0.141712,0.012332,0.00504544,0.0033833,0.00247198,0.00204829,0.00169868
10614,26.571866,5.103047000000001,1.9059,0.0649488,0.00546646,0.00226925,0.00152429,0.00111409,0.000923194,0.000765636
10615,25.724693,7.056631000000006,1.90679,0.0525591,0.00445112,0.00184829,0.00124153,0.000907423,0.000751937,0.000623607
10616,26.860302,5.273275000000001,1.9068,0.079301,0.00677665,0.00280999,0.00188748,0.00137955,0.00114316,0.000948064
10617,26.367478,4.918643999999993,1.90703,1.30371,0.112066,0.0465329,0.0312568,0.0228454,0.0189309,0.0157
10618,26.89505,5.032069000000005,1.90717,0.0537498,0.0046244,0.00191988,0.00128961,0.000942567,0.000781059,0.000647759
10620,26.749546,6.783241000000002,1.90868,0.117871,0.0099244,0.00412104,0.00276816,0.00202323,0.00167655,0.00139042
10621,26.745216,6.785303,1.90868,0.0599618,0.00445944,0.00184858,0.00124172,0.000907562,0.000752052,0.000623702
10622,25.675992,7.057973999999998,1.90935,0.287048,0.0246675,0.0102429,0.00688033,0.00502879,0.00416711,0.00345592
10623,24.977016,6.938174999999998,1.90939,0.0501744,0.00413014,0.00170774,0.0011471,0.000838411,0.000694749,0.000576179
10624,24.978549,6.940928000000006,1.90939,0.482433,0.0412124,0.0171132,0.0114952,0.00840174,0.0069621,0.00577391
10626,25.742194,7.039098000000003,1.91135,3.3393,0.28476,0.118232,0.0794182,0.0580463,0.0481001,0.039891
10629,24.931513,6.906962,1.91277,0.258061,0.0216581,0.0089933,0.00604093,0.00441527,0.00365872,0.0030343
10630,25.148617,4.926620000000005,1.91282,2.22421,0.175379,0.0727917,0.0488952,0.0357372,0.0296136,0.0245596
10634,25.670432,6.296375999999999,1.91429,1.39759,0.116709,0.0484622,0.0325527,0.0237926,0.0197157,0.0163509
10635,25.672312,6.296145000000001,1.91429,0.0984085,0.00773897,0.00320765,0.00215459,0.00157478,0.00130494,0.00108223
10636,26.631792,5.613063999999998,1.91469,0.0599743,0.00512484,0.0021279,0.00142934,0.0010447,0.000865689,0.000717945
10640,26.355467,6.994869000000001,1.91578,0.0938174,0.00872945,0.00337845,0.00224361,0.00163605,0.00135521,0.00112379
10644,25.13139,6.654456000000005,1.91684,0.157503,0.0135042,0.00560732,0.00376652,0.00275292,0.00228121,0.00189189
10647,26.830245,4.827149000000004,1.91814,0.139672,0.0117396,0.0048739,0.00327387,0.00239285,0.00198284,0.00164443
10648,26.831563000000003,4.8288489999999955,1.91814,2.82174,0.342139,0.101958,0.0635579,0.0455439,0.0375889,0.0311252
10649,26.82663,4.832632000000005,1.91814,2.05567,0.173359,0.0719418,0.0483243,0.0353199,0.0292679,0.0242728
10650,26.829905,4.828070999999999,1.91814,0.337417,0.0287842,0.0119445,0.0080232,0.00586409,0.00485929,0.00402997
10651,25.083555,6.949648999999999,1.91834,0.0808291,0.00675724,0.00276991,0.00185955,0.00135903,0.00112615,0.000933955
10652,24.812833,5.661757999999996,1.91949,0.353587,0.0294122,0.0122112,0.00820241,0.00599509,0.00496783,0.00411999
10653,25.915062000000002,7.189384000000005,1.92121,0.0596359,0.00500592,0.00207595,0.00139441,0.00101916,0.000844529,0.000700396
10654,26.95905,5.898476999999998,1.92182,0.11065,0.00962341,0.00385782,0.00258948,0.00189256,0.00156827,0.00130062
10655,26.954207,5.903788000000006,1.92182,0.092681,0.00788783,0.0032677,0.00219494,0.00160427,0.00132938,0.0011025
10656,25.588751,5.768979999999997,1.92385,0.0950563,0.00794144,0.0032971,0.00221471,0.00161872,0.00134135,0.00111243
10659,26.669051,6.238101999999995,1.92418,0.193216,0.0902732,0.194026,0.231798,0.235759,0.224164,0.202875
10660,25.808119,4.8280149999999935,1.92423,0.120201,0.00971109,0.00401592,0.00269751,0.00197159,0.00163376,0.00135493
10661,25.809977,4.819932999999995,1.92423,0.0731952,0.00626924,0.00260326,0.00174864,0.00127807,0.00105908,0.000878328
10662,26.58925,5.403867000000005,1.92471,0.175178,0.014863,0.00617079,0.00414501,0.00302956,0.00251045,0.002082
10663,26.632719,5.530623999999999,1.92477,0.0589699,0.00505926,0.0021008,0.00141113,0.00103139,0.000854661,0.000708799
10664,25.79817,4.837413000000004,1.92484,0.137998,0.0121483,0.00464237,0.0031089,0.00227167,0.00188238,0.00156111
10665,25.795325,4.840145000000005,1.92484,0.0916686,0.00777096,0.00322216,0.00216434,0.0015819,0.00131084,0.00108713
10666,26.180175,6.486780999999998,1.92507,0.0679352,0.00580939,0.00241172,0.00161998,0.00118404,0.000981152,0.000813702
10667,26.637512,5.582479000000002,1.9252,23.8641,2.04603,0.849591,0.570683,0.417108,0.345637,0.286649
10668,25.534068,5.590635000000001,1.92601,0.193633,0.0160917,0.006677,0.00448503,0.00327808,0.00271638,0.00225279
10669,25.535437,5.594597999999996,1.92601,0.0730913,0.00627966,0.00252476,0.00169499,0.00123882,0.00102655,0.00085135
10670,27.025861,6.9060520000000025,1.92667,0.181984,0.0156249,0.00648812,0.00435817,0.00318535,0.00263955,0.00218906
10672,26.544674,6.5504659999999975,1.92825,1.19632,0.101839,0.0422875,0.0284051,0.0207611,0.0172037,0.0142676
10673,26.547273,6.551517999999997,1.92825,0.251958,0.0205951,0.00855161,0.00574424,0.00419843,0.00347903,0.00288528
10674,26.605298,5.480573000000004,1.92847,0.0743639,0.00622332,0.0025839,0.00173564,0.00126857,0.0010512,0.000871798
10675,24.891269,7.065926000000003,1.92893,1.25263,0.105609,0.043844,0.0294506,0.0215253,0.0178369,0.0147928
10676,26.671241,4.866940000000002,1.92896,0.120132,0.0102428,0.00425298,0.00285679,0.00208801,0.00173023,0.00143494
10677,26.679631,4.865545999999999,1.92896,0.0963062,0.0082834,0.00343963,0.00231045,0.00168869,0.00139933,0.00116052
10679,25.897435,5.859656999999997,1.92946,0.681617,0.0584416,0.0241089,0.0161877,0.0118308,0.00980351,0.00813036
10680,26.587358,6.034279000000005,1.9296,0.0598546,0.00475193,0.00196733,0.00132147,0.000965856,0.000800357,0.000663764
10681,26.330463,5.574433000000007,1.93036,0.0630168,0.00528452,0.00219339,0.00147333,0.00107685,0.00089233,0.000740039
10683,25.863953,5.847348000000002,1.93103,0.0707615,0.00602283,0.00250093,0.00167991,0.00122784,0.00101745,0.000843804
10684,25.356755,5.906426999999995,1.93105,0.0631674,0.00544041,0.0022549,0.00151454,0.00110696,0.000917282,0.000760733
10685,26.661827,4.873343000000002,1.93189,0.0520504,0.0318113,0.0224622,0.0140629,0.00823761,0.00555992,0.0035707
10686,26.660785,4.879791999999994,1.93189,0.0509235,0.00423575,0.00175649,0.00117985,0.000862343,0.000714581,0.000592626
10687,26.942389,5.905566,1.93216,0.0634227,0.00542293,0.00225061,0.00151177,0.00110494,0.000915609,0.000759346
10688,27.081731,6.0081019999999965,1.93222,4.35705,0.375575,0.1558,0.104647,0.0764857,0.0633799,0.0525631
10689,26.462251,6.555319000000001,1.93337,0.219393,0.0189032,0.00783495,0.0052626,0.00384638,0.00318731,0.00264334
10691,26.173602,5.217745999999999,1.9347,0.0531659,0.00454605,0.00188772,0.00126801,0.000926777,0.000767974,0.000636907
10692,25.341665000000003,5.848229,1.93524,0.118733,0.0101745,0.00421323,0.00282977,0.00206824,0.00171384,0.00142135
10693,25.20319,6.875076,1.93538,0.0585603,0.00461649,0.00191689,0.0012876,0.0009411,0.000779843,0.00064675
10694,25.793829,5.953959000000005,1.93542,0.0952444,0.00804577,0.00333778,0.00224202,0.00163867,0.00135789,0.00112614
10696,26.076541,5.165353000000006,1.93566,0.0669026,0.00569945,0.00236235,0.00158681,0.00115979,0.000961062,0.000797041
10697,26.079387,5.167312999999995,1.93566,1.42916,0.120068,0.0497084,0.0333893,0.024404,0.0202224,0.0167711
10705,26.429069,7.175713000000006,1.93834,0.517566,0.0444525,0.0184581,0.0123985,0.00906202,0.00750925,0.00622767
10710,25.582003,5.002689999999995,1.94241,0.0843834,0.00723816,0.0030056,0.00201891,0.0014756,0.00122276,0.00101408
10711,25.871670000000005,6.424056000000003,1.94488,0.0526368,0.00438342,0.00181577,0.00121965,0.00089143,0.000738684,0.000612616
10713,26.711872,5.219218999999997,1.94556,0.520985,0.0434647,0.0180327,0.0121128,0.00885317,0.00733619,0.00608415
10718,26.238783,4.937755000000001,1.947,0.426222,0.035678,0.014427,0.00967102,0.00706584,0.00585475,0.00485543
10720,26.692287,5.295624000000001,1.94792,0.109541,0.00936588,0.00388909,0.00261236,0.00190936,0.00158219,0.00131216
10721,26.79936,5.009572999999998,1.94841,0.102506,0.0100487,0.00354391,0.00232906,0.00169463,0.00140318,0.00116339
10723,26.814655,5.655154999999994,1.95105,0.0576105,0.00494622,0.00205389,0.00137963,0.00100836,0.000835577,0.000692973
10725,25.454969,5.5498349999999945,1.95169,0.363685,0.0308973,0.0128299,0.00861801,0.00629885,0.00521954,0.00432874
10726,26.94369,6.6719100000000005,1.95184,0.0766548,0.00623795,0.0025456,0.00170848,0.00124857,0.00103461,0.000858032
10727,26.94962,6.670572000000002,1.95184,0.582887,0.0490144,0.0203529,0.0136713,0.00999229,0.00828012,0.00686698
10729,25.115626,5.655723000000001,1.95322,0.658628,0.0563082,0.0232287,0.0155996,0.0114014,0.00944777,0.00783535
10730,26.970209,6.749905000000006,1.9533,0.167576,0.0146064,0.00599312,0.00401475,0.00293184,0.00242895,0.00201421
10731,26.968465,6.749820000000001,1.9533,0.0809601,0.00783801,0.0029747,0.00193804,0.00139995,0.00115618,0.000957213
10733,25.479987,6.841917999999995,1.9543,0.0619772,0.00529874,0.00219767,0.0014762,0.00107894,0.000894067,0.00074148
10734,26.229178,6.313286999999996,1.95458,1.59842,0.132892,0.0536556,0.0360265,0.026331,0.0218192,0.0180954
10735,26.232245,6.304155999999998,1.95458,1.62394,0.136871,0.0568346,0.0381766,0.0279031,0.0231219,0.0191758
10736,26.231822,6.305261999999995,1.95458,0.834885,0.071502,0.0296883,0.019942,0.0145755,0.012078,0.0100167
10737,26.617871,5.295503000000005,1.95465,0.303935,0.0318787,0.0116824,0.00742539,0.00530595,0.00436821,0.00361078
10742,25.920225,6.877023000000001,1.95661,0.0827296,0.00763681,0.00313204,0.00205206,0.00147479,0.00121351,0.00100171
10743,26.787188,4.983027000000005,1.95737,0.184613,0.0126049,0.00523407,0.0035158,0.00256967,0.00212936,0.00176595
10748,25.983445,7.127374,1.96094,0.0655561,0.00557365,0.00231414,0.00155444,0.00113613,0.000941456,0.000780781
10749,25.990158,7.127597000000004,1.96094,0.226408,0.0194009,0.00805611,0.0054114,0.00395516,0.00327745,0.0027181
10756,25.283508,5.6237540000000035,1.96481,0.0574404,0.00494748,0.00204981,0.00137672,0.00100622,0.000833802,0.0006915
10757,26.746219,6.368409999999996,1.96528,0.109122,0.00935859,0.00388609,0.00261034,0.00190788,0.00158097,0.00131115
10758,26.746277,6.371886,1.96528,0.250189,0.0212549,0.00882588,0.00592847,0.00433308,0.00359061,0.00297781
10761,25.630119,4.952720000000002,1.9674,0.0584811,0.00509187,0.00208994,0.00140211,0.00102459,0.000848999,0.000704097
10763,25.046126,7.104644999999999,1.97169,0.300063,0.0185285,0.00769337,0.00516775,0.00377707,0.00312987,0.00259571
10764,24.893067,6.384545999999996,1.97371,0.380008,0.0330875,0.0133862,0.00897672,0.00655957,0.00543545,0.00450777
10766,26.843046,6.498088,1.97447,0.0464045,0.0377274,0.0704833,0.0746885,0.0680013,0.0601158,0.0503638
10767,24.900546,5.1644230000000055,1.97782,0.055417,0.00472484,0.00196183,0.00131779,0.000963162,0.000798124,0.000661912
10768,24.896593,5.1641110000000054,1.97782,0.0746893,0.00686883,0.00274647,0.00180916,0.00130965,0.00108161,0.000895231
10769,24.900187,5.163741999999997,1.97782,0.0539859,0.00464082,0.00192696,0.00129437,0.000946045,0.000783941,0.000650149
10770,26.193527000000003,6.426489000000005,1.9784,0.466027,0.0400582,0.0166339,0.0111732,0.00816645,0.00676713,0.00561221
10771,26.194806000000003,6.428901,1.9784,0.0621993,0.00527998,0.00219126,0.0014719,0.0010758,0.000891461,0.000739319
10772,26.186661,6.432470000000003,1.9784,0.0512616,0.00440622,0.00182959,0.00122896,0.00089824,0.000744327,0.000617296
10773,25.029661,5.205798999999998,1.97975,0.185912,0.0825748,0.0211345,0.00833683,0.00402133,0.00276543,0.00203011
10774,25.021432,5.2063670000000055,1.97975,0.46812,0.0377938,0.0156518,0.0105133,0.00768412,0.00636745,0.00528074
10775,25.028283,5.207283000000001,1.97975,0.218434,0.0187077,0.00776622,0.00521667,0.00381283,0.00315951,0.00262028
10776,25.017938,5.206846000000003,1.97975,1.24452,0.10595,0.0439638,0.0295309,0.0215839,0.0178855,0.0148331
10777,25.002757,6.891078999999996,1.98074,0.0749585,0.00643881,0.00267367,0.00179594,0.00131264,0.00108772,0.000902084
10778,24.911592,6.545596000000003,1.9828,0.163009,0.0113303,0.00470481,0.00316029,0.00230983,0.00191404,0.00158738
10779,26.163031,7.163107999999999,1.98287,0.133624,0.0103495,0.00407794,0.00273788,0.00200106,0.00165818,0.00137518
10780,26.278323,5.4320820000000065,1.98378,37.2633,3.27339,1.3516,0.902176,0.656636,0.543132,0.44986
10781,25.697814,5.870884,1.98442,0.473473,0.0392645,0.0162597,0.0109218,0.00798263,0.00661482,0.00548589
10782,26.080296,6.836936000000003,1.98493,0.0570577,0.00568091,0.00248934,0.00161569,0.00112699,0.000906434,0.000731604
10784,26.246846,6.838487000000004,1.98671,0.0698074,0.00597738,0.00248113,0.00166661,0.00121811,0.00100939,0.000837121
10785,26.245756,6.835722,1.98671,0.162338,0.0198974,0.00850153,0.00519192,0.00343839,0.0026924,0.00212792
10786,26.249054,6.838030000000003,1.98671,0.20686,0.0179237,0.00736165,0.00494193,0.00361177,0.00299287,0.00248209
10790,26.299063,6.832583000000005,1.98748,0.103003,0.0095481,0.0036575,0.0024292,0.00177135,0.00146725,0.00121668
10792,26.940740000000005,6.799519999999995,1.99143,0.225392,0.0193666,0.00803752,0.00539888,0.003946,0.00326986,0.0027118
10793,25.27243,5.683762999999997,1.99186,0.418667,0.0364616,0.0149675,0.0100244,0.00731906,0.00606316,0.00502763
10794,26.698729,6.794963999999995,1.99194,0.067453,0.00588424,0.00238673,0.00159824,0.0011673,0.000967149,0.000802046
10795,26.131268,6.848342999999994,1.99311,0.0607026,0.00516601,0.00214515,0.00144093,0.00105317,0.000872706,0.000723765
10798,25.994861,6.468526000000003,1.99925,34.9205,2.94514,1.22286,0.821416,0.600367,0.497495,0.412589
10799,26.423173,5.326046000000001,2.00027,3.04737,0.258101,0.0695884,0.043935,0.0316468,0.0261482,0.0216606
10800,26.424501,5.3237330000000025,2.00027,0.0623884,0.004881,0.00202677,0.00136141,0.000995048,0.000824547,0.000683825
10806,25.354441,6.9913829999999955,2.00586,0.154779,0.0130771,0.00542882,0.00364662,0.00266529,0.00220859,0.00183166
10807,25.347337,6.9920079999999984,2.00586,0.0650671,0.00494416,0.00204792,0.00137558,0.0010054,0.000833127,0.000690941
10808,25.160473,5.331221999999997,2.00739,0.240998,0.0407271,0.0420961,0.0368101,0.0288582,0.0232917,0.0178218
10810,26.64069,4.8314299999999974,2.00808,0.0773474,0.00779302,0.00269293,0.00173037,0.00124626,0.00102879,0.000851649
10815,26.789132,5.155404000000004,2.0113,0.129336,0.0110301,0.00458007,0.0030765,0.00224859,0.0018633,0.0015453
10816,25.15326,6.939448000000007,2.01171,0.0892628,0.00744554,0.00308911,0.00207498,0.00151659,0.00125672,0.00104224
10817,25.158306,6.943357999999996,2.01171,0.0563964,0.00483879,0.00200841,0.00134908,0.000986032,0.000817076,0.000677629
10818,26.89675,5.090928999999998,2.01505,0.138302,0.0116144,0.00481202,0.00323216,0.00236236,0.00195757,0.00162348
10819,25.592172,5.274826000000002,2.01566,0.0639116,0.00456464,0.00189462,0.00127264,0.000930164,0.000770781,0.000639235
10820,24.943888,6.514038000000002,2.01591,0.139441,0.0251457,0.00724841,0.00380039,0.00238911,0.00186483,0.00148832
10821,24.949121,6.511208999999999,2.01591,0.518292,0.043217,0.0179454,0.0120542,0.00881034,0.0073007,0.00605471
10822,26.801262,5.113685999999995,2.01645,0.0543124,0.00605967,0.00171049,0.00110333,0.000801246,0.000663383,0.000550031
10823,26.804177,5.111870000000002,2.01645,0.12164,0.00965705,0.00401,0.00269357,0.00196871,0.00163138,0.00135296
10825,25.509771,5.126343999999995,2.01759,0.0655792,0.00562561,0.00233599,0.00156912,0.00114686,0.000950345,0.000788153
10826,26.124674,6.244182000000003,2.01808,0.0663164,0.00570984,0.00237097,0.00159262,0.00116403,0.000964576,0.000799956
10827,25.641447000000003,6.394432000000003,2.01985,0.119492,0.0101928,0.00416749,0.00279849,0.00204536,0.00169489,0.00140563
10828,25.639647,6.393293000000003,2.01985,0.0699929,0.00601991,0.00249973,0.0016791,0.00122725,0.00101696,0.000843398
10829,26.865325,5.110474000000004,2.02,0.114773,0.0099598,0.00407997,0.00273714,0.00200012,0.00165734,0.00137448
10830,26.863695,5.114277999999995,2.02,0.310583,0.0267291,0.0110987,0.00745517,0.00544894,0.00451526,0.00374466
10833,26.090846,6.597868000000002,2.02467,0.176954,0.0152078,0.00630287,0.00423366,0.00309435,0.00256413,0.00212652
10834,26.366109000000005,5.3234419999999965,2.0256,0.190166,0.0163455,0.00678281,0.00455603,0.00332997,0.00275938,0.00228845
10835,25.346568,6.395078,2.02643,0.0570764,0.00488292,0.00202444,0.00135978,0.000993852,0.000823556,0.000683003
10836,25.345868000000003,6.395311000000005,2.02643,0.0545495,0.00472094,0.00191172,0.00128013,0.000934952,0.000774634,0.000642392
10837,25.404287,4.993806000000006,2.02782,0.36171,0.145195,0.174598,0.149999,0.114669,0.0909329,0.0682218
10839,26.700423,6.520368999999998,2.0335,1.31936,0.112866,0.0460763,0.0309242,0.0226,0.0187273,0.0155311
10842,26.173458,5.493575000000003,2.03663,0.0825536,0.00706788,0.00293341,0.0019704,0.00144016,0.00119339,0.000989715
10844,25.813349,5.4998180000000065,2.03965,0.236098,0.020289,0.00841951,0.00565544,0.00413352,0.00342524,0.00284067
10845,25.719915,5.492629000000003,2.04056,0.903008,1.19392,0.715818,0.385655,0.193757,0.117531,0.0672503
10846,25.309131,7.186343999999995,2.04329,0.267322,0.022943,0.00944675,0.00634476,0.00463732,0.00384271,0.00318689
10849,25.501031,5.162148999999996,2.04357,0.078466,0.00669915,0.00278175,0.00186854,0.0013657,0.00113169,0.000938549
10850,26.191666,6.19577,2.04377,0.0565287,0.00478518,0.00198701,0.0013347,0.000975525,0.00080837,0.000670408
10851,25.414113,7.1676620000000035,2.04383,0.273773,0.0234885,0.00975311,0.0065513,0.0047883,0.00396783,0.00329066
10854,25.439423,4.818845999999997,2.04667,0.0820267,0.00698486,0.00289565,0.00194503,0.00142161,0.00117802,0.000976971
10855,25.436777,4.822474000000004,2.04667,0.0628877,0.00437316,0.00176931,0.00118831,0.000868523,0.000719702,0.000596873
10856,25.545834,7.169161000000003,2.04751,0.587348,0.0501317,0.0207904,0.013965,0.0102069,0.00845795,0.00701447
10858,26.067365,6.254008000000002,2.05003,0.0643354,0.00476144,0.00188525,0.00126416,0.000923784,0.000765477,0.000634832
10861,25.330924,6.407740000000003,2.05176,5.89947,1.64067,1.22692,0.838709,0.537814,0.386893,0.266846
10862,24.905017,5.321301999999996,2.05352,0.0777714,0.00679744,0.00277619,0.00186001,0.00135864,0.00112571,0.000933545
10863,26.325639,5.986099999999995,2.05402,0.110524,0.0100888,0.0038875,0.00257721,0.00187693,0.00155409,0.00128842
10864,26.342877,5.964702000000003,2.05515,0.319386,0.0273494,0.0113554,0.0076276,0.00557497,0.0046197,0.00383127
10865,25.863709,6.452956000000002,2.05522,0.283206,0.0237046,0.00981537,0.00659306,0.00481883,0.00399312,0.00331163
10866,25.864659,6.453327000000006,2.05522,0.855723,0.0711736,0.0295544,0.0198521,0.0145098,0.0120235,0.00997152
10869,26.284484,5.919229000000006,2.05639,1.3179,0.112174,0.0465727,0.0312835,0.0228649,0.018947,0.0157134
10870,25.527588,6.943018,2.0566,0.109542,0.00875128,0.00363003,0.00243832,0.00178215,0.00147678,0.00122474
10871,27.189656,5.1727569999999945,2.05854,0.072317,0.00606186,0.00251043,0.00168624,0.00123246,0.00102128,0.000846983
10872,27.188388,5.1771299999999965,2.05854,0.107949,0.00909514,0.0037767,0.00253686,0.00185417,0.00153646,0.00127424
10875,24.937555,5.116323000000002,2.06459,0.288456,0.0213242,0.00865672,0.00581144,0.0042473,0.00351951,0.00291884
10877,25.570784,6.770700000000006,2.06768,0.120206,0.0103268,0.0042881,0.00288038,0.00210525,0.00174451,0.00144679
10879,26.136341,5.345819999999996,2.06879,0.145716,0.0238967,0.0182666,0.0132505,0.00894855,0.00665232,0.00475321
10880,27.066640000000003,4.807718999999994,2.06958,0.732736,0.0628193,0.0260852,0.0175218,0.0128066,0.0106122,0.00880103
10881,25.967039,6.234713000000004,2.07189,0.119242,0.0106172,0.00413059,0.00274875,0.00200438,0.00166013,0.00137653
10882,26.001828,6.227049999999996,2.07318,0.061165,0.00514805,0.0021377,0.00143592,0.00104951,0.000869673,0.000721249
10883,26.219231,6.248249000000003,2.0741,0.318994,0.0273453,0.0113549,0.00762725,0.0055747,0.00461948,0.00383109
10884,26.217603,6.245235999999998,2.0741,11.0855,1.19766,0.405754,0.262626,0.19044,0.157603,0.130649
10885,26.325593,5.035885999999997,2.07809,0.338552,0.0279154,0.0115912,0.007786,0.00569074,0.00471563,0.00391083
10886,26.166858,6.356021000000003,2.07917,0.141146,0.0121325,0.00503786,0.003384,0.00247335,0.00204954,0.00169975
10889,26.17817,7.058352000000004,2.08083,0.285282,0.0280792,0.0105364,0.00684417,0.00494208,0.00408201,0.00338006
10890,26.235074000000004,4.979600999999995,2.08307,1.88009,0.158792,0.0659317,0.0442873,0.0323693,0.0268228,0.0222451
10892,26.097439,6.435868999999995,2.08477,0.0545772,0.00469909,0.00195123,0.00131067,0.000957958,0.000793812,0.000658335
10893,24.916817,5.505917000000001,2.08665,0.0759389,0.00506503,0.00197771,0.00132758,0.000970291,0.000804031,0.00066681
10894,24.917118,5.504347000000002,2.08665,2.76734,0.236399,0.0980595,0.0658677,0.0481423,0.0398932,0.0330847
10895,24.936779,5.554226000000003,2.0896,0.142663,0.0122315,0.00507894,0.00341159,0.00249351,0.00206625,0.00171361
10896,26.237088,6.409620999999999,2.09196,0.13661,0.01753,0.00572724,0.00338746,0.00231792,0.00187594,0.00153376
10897,26.23812,6.406312999999997,2.09196,0.183389,0.0156563,0.00649522,0.0043629,0.00318882,0.00264241,0.00219144
10898,26.239294,6.408374000000004,2.09196,0.120068,0.0102642,0.00423298,0.00284282,0.00207777,0.00172174,0.0014279
10899,25.96849,6.367791999999995,2.09239,0.0945464,0.00896591,0.00354355,0.00231201,0.00166553,0.00137327,0.00113558
10900,25.970538,6.373537000000002,2.09239,0.777968,0.0648495,0.0268866,0.0180601,0.0132,0.0109382,0.0090714
10901,26.395783,4.909773000000006,2.09323,0.16401,0.014293,0.00583807,0.00391818,0.00286352,0.00237284,0.00196787
10905,25.119996000000004,5.680397999999999,2.09814,0.0581834,0.00500228,0.00207709,0.00139521,0.00101975,0.000845018,0.000700802
10906,24.871258,4.800885999999998,2.09823,0.584438,0.0524995,0.0215609,0.0142835,0.0103442,0.00853797,0.00706156
10907,25.105664,6.253986000000004,2.09838,0.912894,0.0781223,0.0324065,0.0217674,0.0159096,0.0131835,0.0109336
10909,26.018129,6.7831169999999945,2.10737,1.20269,0.105069,0.0427892,0.0286888,0.0209618,0.0173692,0.0144047
10910,26.219233,5.752106999999997,2.10783,0.0903544,0.00769807,0.0031959,0.00214672,0.00156903,0.00130017,0.00107828
10911,24.956829,5.652313999999994,2.10886,0.0530581,0.00456314,0.00189374,0.00127201,0.000929699,0.000770395,0.000638914
10913,24.90216,6.420504999999994,2.11646,0.0820105,0.00702499,0.00291707,0.00195944,0.00143214,0.00118674,0.000984206
10914,24.899731,6.420587,2.11646,0.0862474,0.00742459,0.00307225,0.00206319,0.00150792,0.00124953,0.00103628
10915,25.960686,5.250750999999997,2.11696,1.82104,0.153535,0.0637545,0.0428248,0.0313004,0.0259371,0.0215105
10916,26.551337,6.381475999999994,2.11806,0.246986,0.0205568,0.008536,0.00573375,0.00419076,0.00347268,0.00288001
10917,25.507519,6.202048000000002,2.11961,0.0730616,0.00606463,0.00251825,0.00169155,0.00123634,0.00102449,0.000849647
10918,25.50368,6.204323999999994,2.11961,0.0774103,0.00607654,0.0025072,0.00168401,0.00123083,0.00101992,0.000845858
10919,25.996904,5.253014000000001,2.1208,0.0521183,0.00433297,0.0017982,0.00120787,0.000882827,0.000731555,0.000606704
10921,25.219795,6.068593000000001,2.12292,0.0529932,0.00457503,0.00188733,0.00126713,0.000926064,0.000767375,0.000636408
10922,25.531207,6.299811999999997,2.12346,0.203171,0.0173472,0.00720332,0.00483858,0.00353648,0.00293051,0.00243037
10923,25.035067,6.204474000000002,2.12385,0.107152,0.00915573,0.00379926,0.00255201,0.00186525,0.00154564,0.00128185
10924,25.04202,6.204992999999994,2.12385,0.0775999,0.00657381,0.00272973,0.0018336,0.00134017,0.00111053,0.000921
10926,26.630046,5.233011000000003,2.12769,0.140106,0.0120436,0.00500052,0.00335892,0.00245501,0.00203435,0.00168715
10927,26.060441,5.300761999999999,2.13021,0.114642,0.00984496,0.00408777,0.00274581,0.0020069,0.00166302,0.00137919
10928,26.045763,5.941639000000005,2.13135,0.0778878,0.0066589,0.00275945,0.00185354,0.00135474,0.00112261,0.000931017
10929,26.048473,5.943881000000002,2.13135,0.499686,0.0429032,0.0178153,0.0119668,0.00874644,0.00724774,0.0060108
10931,26.786334,6.6404479999999975,2.13287,0.0559502,0.00438897,0.00182065,0.00122296,0.00089385,0.000740689,0.000614279
10932,26.782769,6.642628999999995,2.13287,0.295774,0.02547,0.0105315,0.00707191,0.00516854,0.00428288,0.00355193
10933,24.885967,5.465223999999998,2.13539,0.0268426,0.0562205,0.11886,0.131384,0.123737,0.111722,0.0956634
10934,25.056786,4.884675000000001,2.13725,0.151487,0.0129962,0.00539658,0.00362496,0.00264946,0.00219547,0.00182078
10935,25.771942,6.6686230000000055,2.13781,0.149304,0.0133092,0.00534346,0.0035742,0.00261041,0.00216289,0.0017937
10936,25.772509,6.661940000000005,2.13781,4.8284,2.17763,0.628156,0.264744,0.126122,0.0825025,0.0565286
10939,24.82906,5.893603,2.14105,0.135354,0.0113754,0.00472351,0.00317285,0.00231902,0.00192165,0.00159369
10940,26.764597,6.258903000000005,2.1415,0.114292,0.0137238,0.0102647,0.00853961,0.00674116,0.00556797,0.00442269
10941,26.079836,4.921443000000005,2.14232,0.0625711,0.00522813,0.00217019,0.00145775,0.00106546,0.000882894,0.000732214
10942,26.075839000000002,4.919701,2.14232,0.196934,0.0116595,0.00478904,0.00321647,0.00235088,0.00194806,0.00161559
10943,27.05499,6.386804999999997,2.14393,0.1988,0.0164812,0.00684371,0.00459702,0.00335993,0.00278421,0.00230904
10944,25.112116,6.222770999999997,2.14515,0.825633,0.070893,0.029427,0.0197665,0.0144472,0.0119717,0.00992854
10945,25.472133,5.633642000000005,2.14529,0.228659,0.0189519,0.00786958,0.00528611,0.00386359,0.00320156,0.00265516
10946,25.472496,5.632727,2.14529,0.128961,0.0107078,0.00430923,0.00288977,0.00211162,0.00174975,0.00145111
10947,26.415474,6.950127999999998,2.14569,0.0684013,0.00580363,0.0024099,0.00161876,0.00118314,0.000980413,0.000813089
10950,26.135724,6.9229879999999975,2.14749,0.24225,0.0198918,0.00825957,0.00554807,0.00405505,0.00336022,0.00278674
10951,26.644558,5.379828000000003,2.14918,0.0591366,0.00495793,0.00205786,0.00138229,0.00101031,0.000837193,0.000694312
10952,25.531774,5.787650000000004,2.14997,5.97566,0.508474,0.211005,0.141734,0.103593,0.0858421,0.0711918
10953,26.021095,5.065920000000002,2.15199,0.0535884,0.0351248,0.023209,0.0134589,0.00727494,0.00465428,0.00283696
10954,25.557154,5.341246000000002,2.1526,1.34896,0.117464,0.0473163,0.0317251,0.0231822,0.0192094,0.0159309
10955,26.527981,7.010175000000001,2.15279,0.153138,0.012973,0.00532833,0.00357619,0.00261341,0.00216555,0.00179595
10956,26.336371,5.294711999999995,2.15505,0.0742854,0.00636235,0.00264152,0.00177434,0.00129686,0.00107464,0.000891236
10957,26.331008,5.294641000000007,2.15505,0.907684,0.0780859,0.0324247,0.0217801,0.0159189,0.0131912,0.0109399
10958,24.97808,6.180398999999998,2.15607,0.35355,0.0281723,0.0116984,0.00785796,0.00574333,0.00475922,0.00394698
10959,24.976663,6.182209999999995,2.15607,0.0703776,0.00527985,0.00163377,0.00106863,0.000777257,0.000643559,0.000533578
10960,26.340835,5.345735000000004,2.15705,0.31226,0.0270534,0.0111739,0.0074942,0.00547426,0.00453547,0.00376107
10961,25.145459,6.0886320000000005,2.15817,0.212368,0.0178255,0.00737804,0.00495554,0.00362194,0.00300132,0.0024891
10962,25.302797,5.576716000000001,2.15831,0.158964,0.0157534,0.00600761,0.00387355,0.00277867,0.00228866,0.00189168
10964,25.305072,6.024064999999999,2.15955,0.168399,0.0201595,0.00669281,0.00411859,0.00291761,0.00239874,0.00198232
10965,26.107488,5.698166000000001,2.16005,0.114887,0.00980692,0.00407222,0.00273537,0.00199927,0.00165669,0.00137395
10966,25.367837,5.041438999999995,2.16114,0.135564,0.0116311,0.00480359,0.00322615,0.00235794,0.00195391,0.00162044
10967,26.405613,6.776624999999999,2.16337,3.54653,0.302997,0.125817,0.0845132,0.0617701,0.0511859,0.0424502
10969,25.575977,6.184233000000005,2.16674,0.0579085,0.00497993,0.00206787,0.00138902,0.00101523,0.000841268,0.000697692
10970,26.246946000000005,5.557869000000006,2.16768,0.0536301,0.00450938,0.00187248,0.00125777,0.000919299,0.000761778,0.000631768
10972,27.193896,6.696399,2.17019,1.46886,0.125435,0.0520858,0.0349868,0.0255716,0.02119,0.0175735
10976,25.119777,6.0034469999999995,2.17282,0.392333,0.0337658,0.014021,0.00941814,0.00688365,0.00570414,0.00473064
10977,27.057469,5.778796999999998,2.17569,0.454228,0.0390673,0.0161772,0.0108657,0.00794161,0.00658081,0.00545769
10978,26.134728,5.322981000000006,2.17845,0.322368,0.0276399,0.0114507,0.00769076,0.00562104,0.00465787,0.00386293
10979,25.042351,5.367847999999999,2.18215,0.18124,0.0155805,0.00646969,0.00434579,0.00317631,0.00263205,0.00218285
10980,25.527981000000004,5.383741999999996,2.18252,0.145972,0.0125052,0.0051927,0.00348801,0.00254936,0.00211253,0.001752
10981,25.840534,5.436651999999998,2.18344,0.111762,0.0093763,0.00389308,0.00261504,0.00191131,0.00158381,0.00131351
10982,24.972815,5.354986999999997,2.18423,0.0597695,0.00510889,0.00212143,0.00142499,0.00104152,0.000863055,0.000715761
10983,25.347821,6.608904000000001,2.18457,0.108171,0.00917637,0.00381043,0.00255952,0.00187074,0.00155019,0.00128562
10984,25.521775,5.405816000000002,2.18477,0.510321,0.0436207,0.018109,0.012164,0.00889062,0.00736722,0.00610988
10985,25.65214,6.651412000000004,2.18524,0.112497,0.00902893,0.00368707,0.00247503,0.00180883,0.00149888,0.00124307
10986,24.905509,6.907558000000003,2.18763,0.218846,0.01892,0.00779444,0.00523436,0.00382569,0.00317016,0.00262912
10987,25.493932,5.310413000000005,2.18908,0.153697,0.0123409,0.00512352,0.00344154,0.0025154,0.00208439,0.00172865
10988,26.193589,5.169033000000002,2.18977,0.0758016,0.00651534,0.00270545,0.00181729,0.00132825,0.00110065,0.000912808
10989,26.138311,5.2764900000000035,2.19021,0.149028,0.012156,0.00504771,0.00339062,0.00247818,0.00205355,0.00170308
10990,26.132313,5.277784999999997,2.19021,0.199711,0.0169018,0.00701835,0.00471433,0.00344567,0.00285526,0.00236796
10991,26.334826,6.429295000000006,2.1903,0.0774771,0.00666211,0.00276348,0.00185625,0.00135672,0.00112425,0.000932379
10992,26.292052,6.2210469999999995,2.19112,0.053266,0.00458348,0.00190326,0.00127845,0.000934408,0.000774298,0.000642152
10994,25.157983,7.017746000000002,2.19236,1.76483,0.170104,0.0639637,0.041874,0.0303548,0.025103,0.0207998
10995,24.951157,7.033149999999996,2.1942,0.0864946,0.00744057,0.00308479,0.00207196,0.00151437,0.00125488,0.00104072
10996,26.52664,6.422383000000003,2.19569,0.111188,0.0111275,0.00427888,0.00274347,0.00195401,0.00160316,0.00132106
10997,26.984683,6.131423999999995,2.19596,0.0869382,0.00769445,0.00296385,0.00198232,0.00144809,0.00119989,0.000995097
11002,25.986656,5.0322399999999945,2.19879,0.127975,0.00975166,0.00404893,0.00271973,0.00198783,0.00164722,0.00136609
11003,26.602191,6.435875999999998,2.2008,1.10057,0.0939634,0.039016,0.0262076,0.0191549,0.0158728,0.0131638
11004,26.606641,5.031319999999996,2.201,0.0584613,0.0051374,0.00206239,0.0013827,0.00101038,0.000837236,0.000694345
11005,26.603179000000004,5.029771000000003,2.201,0.87893,0.0753508,0.0312884,0.0210168,0.0153611,0.012729,0.0105566
11007,25.030977,6.807058000000004,2.20419,0.142998,0.0122878,0.00510173,0.0034269,0.0025047,0.00207552,0.0017213
11008,24.99042,6.776372999999995,2.20446,3.44355,0.291822,0.12117,0.0813919,0.0594888,0.0492955,0.0408824
11010,26.518852,4.963495,2.20676,0.0791712,0.00606994,0.00245193,0.00164659,0.00120347,0.000997257,0.000827059
11011,26.714108,6.468356000000005,2.20752,0.117183,0.0101422,0.00415907,0.00279217,0.00204067,0.00169099,0.00140239
11012,24.983057,6.698256999999994,2.20754,2.71508,0.234252,0.0968781,0.0650454,0.0475368,0.0393907,0.0326679
11013,24.982826,6.699669999999996,2.20754,0.0919112,0.00957612,0.0037562,0.00237285,0.00166546,0.00135646,0.0011117
11014,26.73566,6.570201000000004,2.20781,0.0644251,0.0055399,0.00226797,0.00152207,0.00111233,0.000921718,0.000764408
11015,26.735862,6.570198999999996,2.20781,2.90701,0.244649,0.101574,0.0682287,0.0498679,0.0413231,0.0342706
11016,25.349311000000004,6.911352000000005,2.20844,1.02955,0.0840252,0.0348909,0.0234367,0.0171297,0.0141946,0.011772
11019,27.046021,6.587583999999999,2.21272,1.71716,0.146563,0.0604208,0.040582,0.029661,0.0245786,0.0203839
11020,27.048715,6.588654999999997,2.21272,0.0998408,0.00858861,0.00355954,0.00239057,0.00174719,0.0014478,0.00120071
11021,25.469343000000002,5.493057000000003,2.21303,0.0617844,0.00440005,0.00177534,0.00119187,0.000871091,0.000721828,0.000598636
11024,26.175338,5.451486000000003,2.21575,0.429553,0.0368505,0.0153019,0.0102785,0.0075125,0.00622524,0.0051628
11026,26.556534,4.811512000000005,2.22047,1.96986,0.168056,0.0697816,0.0468733,0.0342594,0.0283891,0.023544
11027,26.100616,5.265377000000005,2.22224,0.0926479,0.00792802,0.00329205,0.00221132,0.00161624,0.0013393,0.00111072
11028,25.217965,4.879489000000004,2.22399,0.597342,0.0508835,0.0210743,0.0141554,0.0103461,0.0085733,0.00711013
11029,25.214854,4.875193000000002,2.22399,0.0772932,0.00677157,0.00259053,0.00173246,0.00126559,0.00104867,0.000869685
11030,26.050257,5.421071999999996,2.22445,0.0502791,0.00425646,0.00176742,0.0011872,0.000867715,0.000719033,0.000596318
11031,26.783883,5.453391999999995,2.22465,0.168423,0.0140172,0.00582054,0.00390974,0.0028576,0.00236795,0.00196382
11033,26.630946,4.8451740000000045,2.22588,0.138452,0.0117437,0.00487647,0.0032756,0.00239411,0.00198388,0.0016453
11034,26.525545,5.126349000000003,2.22793,0.115918,0.00964212,0.00400346,0.00268918,0.00196551,0.00162872,0.00135075
11035,26.605234,5.846061999999994,2.22816,0.252239,0.0213661,0.00885708,0.0059493,0.0043483,0.00360322,0.00298827
11036,25.042214,6.6465829999999935,2.22854,0.0744239,0.00654977,0.00263962,0.00177009,0.00129351,0.00107185,0.000888917
11038,26.675325,5.014236,2.23416,0.0797985,0.00682617,0.00283422,0.00190378,0.00139146,0.00115304,0.000956253
11039,25.130494,5.303956999999999,2.23555,3.05905,0.244106,0.100934,0.067796,0.0495516,0.0410609,0.0340532
11041,25.67147,5.544907,2.23722,1.21354,0.103351,0.0429158,0.0288271,0.0210696,0.0174593,0.0144796
11042,26.185591,7.1241169999999965,2.24053,0.0664371,0.00562613,0.00233616,0.00156924,0.00114694,0.000950416,0.000788212
11043,26.189086,7.122954000000004,2.24053,0.145223,0.0123443,0.00512583,0.00344309,0.00251653,0.00208533,0.00172943
11044,27.024035,6.828818000000003,2.24108,0.0702453,0.00565002,0.00230449,0.00154728,0.00113085,0.000937079,0.000777151
11045,27.025346,6.829475000000006,2.24108,13.0908,1.13343,0.467398,0.313793,0.229332,0.190034,0.157602
11047,25.034975,5.329288999999999,2.24454,0.066688,0.00653771,0.00233146,0.00152131,0.00110313,0.000912523,0.000756234
11048,27.044313,7.130149000000006,2.24506,1.09393,0.0937944,0.0389287,0.0261489,0.019112,0.0158372,0.0131343
11049,25.127984,5.240753999999996,2.24588,1.2072,0.103777,0.0428317,0.0287538,0.0210134,0.0174123,0.0144405
11052,26.91438,5.697713999999996,2.25069,0.214295,0.0183283,0.00761072,0.00511223,0.0037365,0.00309625,0.00256783
11054,27.094793,5.742009999999995,2.2556,0.254116,0.0191195,0.0078759,0.00528973,0.0038662,0.00320373,0.00265696
11056,25.258849000000005,4.917069,2.26311,0.0504909,0.00432506,0.00179325,0.00120454,0.000880387,0.000729533,0.000605027
11057,25.262845,4.916784000000005,2.26311,0.100191,0.00715042,0.0029691,0.00199439,0.00145769,0.00120791,0.00100176
11060,25.690317000000004,5.674163000000002,2.27504,0.145472,0.011848,0.00491778,0.00330334,0.00241439,0.00200068,0.00165923
11065,25.725051,5.3064800000000005,2.29005,0.0540478,0.00477328,0.00193613,0.00129261,0.000942739,0.000780747,0.000647312
11066,27.137827,5.588384999999997,2.29113,4.37186,0.37212,0.15452,0.103793,0.075862,0.0628631,0.0521345
11067,26.183038,6.960806000000006,2.29332,0.126981,0.0106675,0.00442952,0.00297537,0.00217468,0.00180205,0.0014945
11070,25.275775,6.176746999999997,2.29709,0.180976,0.0151765,0.00629962,0.00423154,0.00309281,0.00256286,0.00212546
11071,24.87798,5.126562999999996,2.29749,0.0600313,0.00516123,0.00214058,0.00143785,0.00105091,0.000870839,0.000722216
11072,24.87649,5.1281900000000045,2.29749,0.0928892,0.007982,0.00331356,0.00222576,0.00162679,0.00134804,0.00111798
11074,25.576036,5.3532169999999955,2.29954,0.071237,0.00609336,0.00253015,0.00169954,0.00124218,0.00102933,0.000853661
11078,26.887606,7.184866000000003,2.30328,0.101862,0.008738,0.0036226,0.00243332,0.0017785,0.00147376,0.00122224
11079,25.230514,6.190691000000006,2.30625,0.0726924,0.00586132,0.00240608,0.00161557,0.00118076,0.000978432,0.000811446
11080,25.135639,6.4969890000000055,2.3072,0.115169,0.00919843,0.00356794,0.00239103,0.00174719,0.00144778,0.00120068
11081,26.660457,6.802080999999994,2.30815,0.0700833,0.0076685,0.00240822,0.00153798,0.00111021,0.000917733,0.000760394
11082,26.203808,5.104023000000005,2.31357,0.0734447,0.00580173,0.00240911,0.00161823,0.00118275,0.000980091,0.000812822
11083,26.270225,5.484612999999999,2.3167,0.0491003,0.0476351,0.0539005,0.0422309,0.0293982,0.0218491,0.0152662
11085,27.108353,4.947093999999995,2.31897,0.0746588,0.00632636,0.00262546,0.00176356,0.00128897,0.00106811,0.000885817
11086,25.116544,6.955214000000006,2.32074,0.124939,0.0110423,0.00452716,0.00301708,0.00219665,0.00181787,0.00150649
11087,25.981691,5.747803000000001,2.32253,0.0888142,0.00759876,0.00315425,0.00211875,0.00154858,0.00128323,0.00106423
11088,25.810186,5.580492999999999,2.32301,0.759638,0.0651202,0.0270324,0.018158,0.0132716,0.0109975,0.0091206
11089,26.645449,5.545600999999996,2.32427,0.0873555,0.00741198,0.00307693,0.00206682,0.00151062,0.00125178,0.00103814
11090,25.78515,6.214147000000007,2.32476,10.9103,0.931477,0.386692,0.259746,0.189847,0.157317,0.130468
11091,26.398107,5.079393999999998,2.32619,0.288189,0.024803,0.0102993,0.00691817,0.00505644,0.00419002,0.00347493
11092,25.752822,5.877541,2.32737,2.01887,0.173529,0.072054,0.0483997,0.035375,0.0293135,0.0243107
11093,26.931256,6.4112519999999975,2.32846,0.392053,0.0335337,0.0139247,0.0093534,0.00683634,0.00566493,0.00469812
11094,25.906687,6.271515000000003,2.32916,0.0853235,0.00724208,0.00291025,0.00195276,0.00142712,0.00118257,0.000980745
11095,26.689858,5.646049999999996,2.3321,0.232641,0.0189048,0.007845,0.00526959,0.00385151,0.00319155,0.00264686
11096,25.277211,5.62106,2.33514,0.107261,0.00908858,0.00375702,0.00252357,0.00184446,0.00152841,0.00126756
11097,25.863857,6.396659000000004,2.33641,3.3228,0.299631,0.117799,0.0786936,0.0574635,0.047611,0.0394838
11100,26.346274,5.0655929999999945,2.34027,0.074306,0.00638235,0.00264923,0.00177952,0.00130064,0.00107778,0.000893838
11102,25.080592,6.150860000000002,2.34138,0.0689731,0.00582373,0.00241791,0.00162415,0.00118708,0.000983673,0.000815793
11103,25.697963000000005,7.143540000000004,2.3449,0.0765374,0.00638855,0.00264267,0.00177492,0.00129726,0.00107498,0.000891513
11104,25.399159,6.892358000000002,2.34755,0.246226,0.0286861,0.0108169,0.00658051,0.00451661,0.00364836,0.0029756
11106,25.429397,5.121841000000002,2.35271,0.0674018,0.00595328,0.00241133,0.0016135,0.00117829,0.000976242,0.000809587
11107,26.853138000000005,5.551993000000004,2.35421,0.145396,0.0129226,0.00522001,0.00348754,0.00254571,0.00210899,0.0017489
11110,25.100455,5.842368999999996,2.35589,0.117077,0.00959469,0.00397431,0.00266953,0.00195114,0.00161681,0.00134088
11111,25.563538,6.785587999999994,2.35996,0.0555739,0.00450251,0.00185547,0.00124621,0.000910839,0.000754767,0.000625954
11112,27.036844,5.705178000000005,2.36096,0.0885463,0.00765409,0.00310628,0.00208254,0.0015216,0.00126081,0.00104561
11113,25.667401,6.6972390000000015,2.36108,0.0860437,0.00735782,0.00305447,0.00205172,0.00149959,0.00124264,0.00103056
11114,27.120818000000003,6.8081249999999995,2.36453,0.0658391,0.00559878,0.00232338,0.00156063,0.00114065,0.000945204,0.00078389
11115,25.665483,7.126297999999995,2.36472,0.656356,0.0534984,0.0221346,0.0148675,0.0108666,0.00900458,0.0074678
11116,26.749077,6.304176000000001,2.36626,0.264806,0.0226562,0.00940778,0.00631934,0.00461877,0.00382734,0.00317415
11118,26.516832,6.630806000000001,2.36854,3.72406,0.319606,0.132692,0.0891309,0.0651452,0.0539826,0.0447696
11119,25.142343,6.831701000000003,2.3689,0.147064,0.0124318,0.00506165,0.00339821,0.00248362,0.00205805,0.00170681
11121,26.020921,6.979033000000004,2.3698,0.493594,0.0419735,0.0173447,0.0116503,0.0085151,0.00705604,0.00585181
11124,25.124282,7.098449000000003,2.37178,15.3845,1.32134,0.548678,0.368555,0.269375,0.223217,0.185122
11126,26.04449,6.713514000000004,2.37318,0.0831713,0.0125768,0.00731103,0.00469823,0.00298246,0.00219312,0.00159356
11127,25.573403,5.828519999999994,2.37668,0.210936,0.0179428,0.00744979,0.00500413,0.00365748,0.00303078,0.00251353
11128,26.155291,6.833024000000005,2.37801,0.142508,0.0120718,0.00497445,0.00334099,0.00244189,0.00202347,0.00167813
11129,26.912282,6.5288269999999935,2.38814,0.050994,0.00429952,0.00178496,0.00119898,0.000876327,0.000726169,0.000602237
11130,26.912619,6.522536000000004,2.38814,8.14292,0.700019,0.290678,0.195253,0.142709,0.118256,0.0980736
11131,26.979499,4.972556000000001,2.3896,0.0670254,0.0052351,0.00217356,0.00146001,0.00106711,0.000884263,0.000733349
11133,24.960831,6.604361000000002,2.39676,0.503603,0.0419399,0.0173373,0.0116456,0.00851166,0.0070532,0.00584945
11134,25.125184,6.661389000000002,2.39903,5.72693,0.488985,0.202526,0.136027,0.0994203,0.0823846,0.0683243
11136,26.713923,5.423866,2.40356,0.159367,0.0161978,0.00605649,0.00388251,0.00278046,0.00228947,0.00189223
11138,26.197879,5.486043999999995,2.40973,0.0838598,0.00742192,0.00299542,0.00200572,0.00146519,0.00121404,0.00100682
11139,24.857678,6.052390999999994,2.41133,0.352912,0.0289723,0.0120065,0.0080649,0.00589458,0.00488455,0.00405092
11140,26.981258,5.321529000000003,2.41386,0.0847939,0.00673183,0.00279519,0.00187757,0.0013723,0.00113716,0.000943085
11141,25.486883,6.461972999999995,2.41842,0.0584919,0.00540474,0.00210668,0.00139596,0.00101651,0.00084167,0.000697804
11143,26.019361,5.135105999999998,2.43162,0.173205,0.014899,0.00618672,0.00415571,0.00303738,0.00251693,0.00208737
11144,26.127714,6.319248999999996,2.43375,0.0833135,0.00715446,0.00296887,0.0019942,0.00145755,0.0012078,0.00100167
11145,25.639807,6.5205289999999945,2.43465,0.0741931,0.00636253,0.00264169,0.00177446,0.00129694,0.00107471,0.000891294
11146,25.652718,5.464314000000001,2.4398,0.0854088,0.00716599,0.0029756,0.00199876,0.00146088,0.00121056,0.00100396
11148,25.303655,6.126998,2.44399,0.0663767,0.00353259,0.00114353,0.000765076,0.000559066,0.000463265,0.000384201
11149,26.002598000000003,5.1702259999999995,2.44792,0.0938585,0.00806626,0.00334941,0.00224984,0.0016444,0.00136263,0.00113008
11150,27.166161,5.015884999999994,2.45536,0.0774823,0.00655518,0.00270712,0.00181825,0.00132894,0.00110123,0.000913286
11151,26.419358,5.3595290000000055,2.45749,0.0539816,0.0046704,0.0018995,0.00127391,0.000930859,0.000771329,0.000639683
11152,27.14968,7.045427000000004,2.45797,0.385175,0.0324875,0.0134902,0.00906159,0.00662306,0.0054882,0.00455155
11154,25.937072,5.412000000000002,2.46278,0.0717562,0.00672483,0.00264059,0.0017325,0.0012532,0.00103502,0.000856784
11155,26.887978,7.178412000000004,2.46393,0.107073,0.00767137,0.00317995,0.00213601,0.0015612,0.00129369,0.0010729
11161,26.207092,6.961600999999995,2.52476,0.112203,0.00959411,0.00398267,0.00267522,0.0019553,0.00162026,0.00134374
11162,25.192154000000002,4.816322999999995,2.52486,1.12817,0.0942347,0.0386564,0.025956,0.0189703,0.0157197,0.0130369
11165,26.801134,6.026688000000002,2.53208,0.971416,0.083596,0.0345364,0.0231959,0.0169536,0.0140486,0.011651
11168,27.011431,4.910583999999994,2.56482,0.0927177,0.0156312,0.0159679,0.0142739,0.0115772,0.00960402,0.00758819
11169,26.934558,6.234478000000004,2.58305,0.0683872,0.00576812,0.00232262,0.00155937,0.0011397,0.000944415,0.000783235
11170,26.311909,6.507819999999995,2.58676,0.0515241,0.00443636,0.00184217,0.00123741,0.000904417,0.000749446,0.000621541
11172,24.983959000000002,7.152015999999995,2.59842,1.2201,0.104745,0.043486,0.0292101,0.0213495,0.0176913,0.014672
11173,25.957064000000003,5.909682000000004,2.60709,0.746425,0.0648138,0.0265632,0.0178338,0.013034,0.0108006,0.00895731
11176,27.055363,5.371714000000006,2.65263,0.101126,0.00855104,0.00355076,0.0023851,0.00174325,0.00144455,0.00119801
11181,25.989699,6.199898,2.67904,0.0653701,0.00560306,0.00231016,0.00155148,0.00113395,0.000939645,0.000779279
11182,25.500578000000004,6.691329999999995,2.69982,0.288042,0.0243297,0.010054,0.00675311,0.0049358,0.00409005,0.00339202
11183,25.326666,5.052127000000005,2.7006,0.116204,0.00996612,0.0041381,0.00277962,0.00203161,0.00168349,0.00139618
11184,25.886233,4.832071000000001,2.71482,1.61385,0.127757,0.0530503,0.0356346,0.0260451,0.0215823,0.0178989
11185,25.050123,5.4140730000000055,2.72444,0.195411,0.0166453,0.00691073,0.00464203,0.00339283,0.00281147,0.00233165
11188,26.575091,5.931598999999999,2.74209,0.0726814,0.00530223,0.00215714,0.00144821,0.00105844,0.000877069,0.000727382
11189,26.573161,5.934130999999999,2.74209,0.121813,0.0105183,0.00435246,0.00292279,0.00213616,0.00177012,0.00146802
11190,26.862985,6.3029549999999945,2.75286,0.129227,0.0110288,0.00454271,0.00305091,0.00222986,0.00184778,0.00153242
11191,25.844173,5.680924000000005,2.75915,0.182368,0.015188,0.00630404,0.00423451,0.00309498,0.00256466,0.00212696
11192,26.948334,5.997589999999995,2.78502,0.123517,0.0218985,0.00784168,0.00412496,0.00252432,0.00193939,0.0015311
11193,26.304605,5.012724000000001,2.7917,2.62418,0.211807,0.0858051,0.0576181,0.042112,0.0348961,0.0289405
11194,26.733542000000003,5.148551999999997,2.81179,0.0730521,0.00623714,0.00258993,0.00173969,0.00127153,0.00105365,0.000873832
11196,25.716826,7.187678000000003,2.83098,18.4034,1.50218,0.57649,0.385115,0.281223,0.233004,0.19323
11198,25.579329,6.172351999999997,2.8425,0.100653,0.00835216,0.00346818,0.00232962,0.00170271,0.00141095,0.00117015
11199,25.347089,5.7409240000000015,2.89347,0.127908,0.0105474,0.004302,0.00288717,0.00210995,0.00174839,0.00144999
11200,26.159161,6.611665000000002,2.91999,0.0527346,0.00282598,0.00117131,0.000786786,0.000575057,0.000476521,0.000395195
11201,25.615689,6.983808999999996,2.92897,0.141037,0.0121707,0.00501066,0.00336485,0.00245929,0.00203789,0.00169009
11202,25.065697,6.8633729999999975,2.93464,0.367775,0.0320319,0.0130813,0.00876944,0.00640683,0.00530862,0.0044025
11203,25.644378,6.741458000000002,2.97387,0.360749,0.0305732,0.0126839,0.00851995,0.00622718,0.00516016,0.00427949
