,z,RADeg,decDeg,comoving_pos_x_Mpc,comoving_pos_y_Mpc,comoving_pos_z_Mpc,pec_vel_x_km_s,pec_vel_y_km_s,pec_vel_z_km_s,Mfof,Mvir,Mgas_vir,Rvir,int_tSZ_in_Rvir,int_kSZ_in_Rvir,int_SZ_in_Rvir_148GHz,int_SZ_in_Rvir_219GHz,int_SZ_in_Rvir_277GHz,int_SZ_in_Rvir_30GHz,int_SZ_in_Rvir_90GHz,int_SZ_in_Rvir_350GHz,M200,Mgas_200,R200,int_tSZ_in_R200,int_kSZ_in_R200,int_SZ_in_R200_148GHz,int_SZ_in_R200_219GHz,int_SZ_in_R200_277GHz,int_SZ_in_R200_30GHz,int_SZ_in_R200_90GHz,int_SZ_in_R200_350GHz,M500,Mgas_500,R500,int_tSZ_in_R500,int_kSZ_in_R500,int_SZ_in_R500_148GHz,int_SZ_in_R500_219GHz,int_SZ_in_R500_277GHz,int_SZ_in_R500_30GHz,int_SZ_in_R500_90GHz,int_SZ_in_R500_350GHz,Mstar,rho_gas_c,T_c,P_c,Phi_c
0,0.0646,26.94058,6.590970999999994,238.8153,121.3707,30.95284,-156.6948,160.4268,-107.8925,35177750000000.0,29891470000000.0,1961440000000.0,0.7822924,3.382484e-05,9.790162e-06,-2.324265e-05,1.037898e-05,4.156524e-05,-5.619668e-05,-4.413797e-05,8.325334e-05,22490690000000.0,1289396000000.0,0.5700802,2.58806e-05,7.022768e-06,-1.824578e-05,7.467284e-06,3.131553e-05,-4.345965e-05,-3.423131e-05,6.320229e-05,14705450000000.0,647418000000.0,0.3636568,1.620112e-05,4.019484e-06,-1.179278e-05,4.29201e-06,1.920808e-05,-2.757616e-05,-2.179754e-05,3.915927e-05,1064435000000.0,18760000000000.0,0.855326,2730000000000.0,-0.655677
1,0.0652,26.08804,5.084248000000005,243.3344,119.1453,24.10547,-134.1524,4.729263,-116.4426,29891470000000.0,26623600000000.0,1804283000000.0,0.7584575,2.75314e-05,1.380152e-05,-1.310337e-05,1.426531e-05,3.966523e-05,-3.99079e-05,-3.010223e-05,7.363147e-05,22875150000000.0,1341813000000.0,0.5746502,2.318751e-05,1.089378e-05,-1.17614e-05,1.127966e-05,3.266145e-05,-3.433649e-05,-2.607651e-05,6.126051e-05,17300530000000.0,853415100000.0,0.3924437,1.749674e-05,7.515801e-06,-9.573979e-06,7.801581e-06,2.392379e-05,-2.660838e-05,-2.037392e-05,4.549489e-05,924903800000.0,31920000000000.0,0.8529184,4632000000000.0,-0.6876132
3,0.0999,27.19897,6.772505999999997,365.0339,187.5937,48.7394,281.3524,-183.998,-20.49625,86598770000000.0,75257310000000.0,8249088000000.0,1.045659,0.0001024677,-3.265856e-05,-0.0001320604,-3.089231e-05,6.259202e-05,-0.0002321575,-0.0001953809,0.000187698,63723630000000.0,6508241000000.0,0.7997068,9.067664e-05,-2.720019e-05,-0.0001151329,-2.566893e-05,5.698878e-05,-0.0002037098,-0.0001711556,0.0001676462,47480350000000.0,4276659000000.0,0.5304954,7.134091e-05,-1.944046e-05,-8.857994e-05,-1.827998e-05,4.665576e-05,-0.0001582664,-0.0001326404,0.0001336439,2003350000000.0,99580000000000.0,1.763051,29870000000000.0,-1.531312
7,0.1215,26.80449,5.467385999999998,444.8339,224.7456,47.70273,86.55482,-152.3886,-348.9901,181751700000000.0,100439200000000.0,10400300000000.0,1.134962,0.0001140904,4.696228e-06,-0.0001061451,6.238657e-06,0.0001102303,-0.0002173627,-0.0001764842,0.0002498301,85445400000000.0,8079780000000.0,0.8709524,9.892614e-05,3.821134e-06,-9.224656e-05,5.11649e-06,9.519372e-05,-0.0001886792,-0.0001532212,0.0002161678,60840200000000.0,5034851000000.0,0.5727205,7.451536e-05,2.601165e-06,-6.970624e-05,3.520471e-06,7.124708e-05,-0.0001423402,-0.0001156143,0.0001622751,2495914000000.0,80090000000000.0,2.059994,28070000000000.0,-1.905227
9,0.1207,26.30574,4.830328000000004,444.2004,219.5929,41.8737,17.52635,66.08699,-98.65734,224138000000000.0,207990800000000.0,24012300000000.0,1.449271,0.000376404,-1.504061e-05,-0.0003788681,-1.119174e-05,0.0003282816,-0.0007459002,-0.0006104532,0.0007856321,178291600000000.0,18744980000000.0,1.112076,0.0003335369,-1.266311e-05,-0.0003348962,-9.422594e-06,0.0002910256,-0.0006601226,-0.0005400468,0.0006960111,114279600000000.0,10875390000000.0,0.7074144,0.0002454393,-8.516923e-06,-0.000245403,-6.382846e-06,0.0002141725,-0.0004847177,-0.0003962776,0.0005117764,4374047000000.0,64720000000000.0,2.928822,32250000000000.0,-2.50074
11,0.1383,25.94797,6.309456000000001,507.5896,246.9977,62.41517,240.1947,-219.6364,24.15792,50940460000000.0,40656250000000.0,3616872000000.0,0.8331351,2.018384e-05,-6.872842e-06,-2.650983e-05,-6.488222e-06,1.203751e-05,-4.622033e-05,-3.899516e-05,3.677924e-05,32582670000000.0,2510324000000.0,0.6293961,1.622657e-05,-5.226698e-06,-2.100944e-05,-4.921689e-06,9.962539e-06,-3.685513e-05,-3.104531e-05,2.98463e-05,22202350000000.0,1346725000000.0,0.4093253,1.086359e-05,-3.213558e-06,-1.377535e-05,-3.014081e-06,6.940394e-06,-2.43836e-05,-2.049255e-05,2.024454e-05,1311164000000.0,49080000000000.0,1.219116,10180000000000.0,-0.978021
13,0.1386,26.57557,6.154895000000003,506.035,253.1336,61.01667,287.1495,-216.7091,98.20342,47576460000000.0,39118420000000.0,2898934000000.0,0.8301053,1.574955e-05,-7.885278e-06,-2.320512e-05,-7.569485e-06,6.893143e-06,-3.859559e-05,-3.295479e-05,2.619215e-05,30564270000000.0,1914474000000.0,0.6155664,1.232647e-05,-5.846309e-06,-1.783348e-05,-5.602056e-06,5.710678e-06,-2.987858e-05,-2.546296e-05,2.081016e-05,18069440000000.0,861329700000.0,0.379891,7.532626e-06,-3.287661e-06,-1.060994e-05,-3.141368e-06,3.765152e-06,-1.797033e-05,-1.527112e-05,1.298731e-05,1379316000000.0,14350000000000.0,0.9608995,2346000000000.0,-0.710919
15,0.1422,26.69199,7.109605000000006,517.3367,260.1027,72.22219,215.269,-259.8651,-188.6502,34697180000000.0,27104170000000.0,2075191000000.0,0.726763,9.131668e-06,-1.651898e-06,-1.055542e-05,-1.477729e-06,6.930976e-06,-1.946817e-05,-1.620481e-05,1.815776e-05,23163490000000.0,1486376000000.0,0.560853,7.345667e-06,-1.259116e-06,-8.419665e-06,-1.120487e-06,5.640217e-06,-1.558899e-05,-1.29635e-05,1.466859e-05,15762710000000.0,786632800000.0,0.3629514,4.813678e-06,-7.558685e-07,-5.446428e-06,-6.6673e-07,3.759723e-06,-1.014432e-05,-8.423343e-06,9.673075e-06,960300600000.0,27600000000000.0,0.9035782,4243000000000.0,-0.701811
18,0.1529,26.1421,5.797048000000002,558.7923,274.2589,63.19563,-134.9504,-116.8784,177.6648,66607050000000.0,54016110000000.0,5468639000000.0,0.9070712,2.843765e-05,1.020335e-05,-1.753172e-05,1.060248e-05,3.669309e-05,-4.521048e-05,-3.506317e-05,7.168124e-05,45846410000000.0,4274869000000.0,0.702911,2.47852e-05,8.385741e-06,-1.578005e-05,8.726385e-06,3.145001e-05,-3.990351e-05,-3.105725e-05,6.193217e-05,36427230000000.0,2793259000000.0,0.4780639,1.921841e-05,5.938703e-06,-1.279021e-05,6.193354e-06,2.379232e-05,-3.149514e-05,-2.46328e-05,4.741219e-05,1541079000000.0,62190000000000.0,1.389308,14700000000000.0,-1.181506
21,0.1836,25.49922,5.902575999999997,670.1411,319.6297,76.75989,203.0966,56.22301,-62.68631,101977000000000.0,84195920000000.0,9379138000000.0,1.037085,4.525551e-05,-1.653339e-05,-6.038873e-05,-1.574831e-05,2.547986e-05,-0.0001046089,-8.835398e-05,8.065543e-05,70739950000000.0,7365673000000.0,0.8042682,3.990027e-05,-1.380152e-05,-5.245437e-05,-1.312308e-05,2.319687e-05,-9.144135e-05,-7.71056e-05,7.182113e-05,51901600000000.0,4648389000000.0,0.5327093,3.041708e-05,-9.593366e-06,-3.904088e-05,-9.095976e-06,1.854917e-05,-6.876101e-05,-5.782626e-05,5.55848e-05,2194146000000.0,77530000000000.0,1.804301,23800000000000.0,-1.55628
23,0.1866,26.43011,5.7938709999999976,675.1606,335.5949,76.50365,128.06,140.3775,-265.0319,137923700000000.0,125525000000000.0,14154080000000.0,1.179253,8.113824e-05,-1.805291e-05,-9.661282e-05,-1.683955e-05,5.682376e-05,-0.0001758523,-0.0001466844,0.000155631,102938200000000.0,11064450000000.0,0.9079769,7.307034e-05,-1.546462e-05,-8.618761e-05,-1.439855e-05,5.188259e-05,-0.0001575467,-0.0001312708,0.0001408214,70355500000000.0,6700764000000.0,0.5903005,5.710074e-05,-1.106359e-05,-6.629035e-05,-1.027227e-05,4.143315e-05,-0.0001220519,-0.0001015056,0.0001108659,3007578000000.0,96490000000000.0,2.28977,37590000000000.0,-1.99782
24,0.1861,26.88259,5.7401159999999996,671.0689,340.1963,75.629,397.0101,217.3963,-202.2109,30564270000000.0,26335250000000.0,2048337000000.0,0.7037843,5.424414e-06,-8.288847e-06,-1.355266e-05,-8.156624e-06,-3.176889e-06,-1.887185e-05,-1.692176e-05,3.445044e-06,22875150000000.0,1558941000000.0,0.5501904,4.629906e-06,-6.705216e-06,-1.119701e-05,-6.59324e-06,-2.344966e-06,-1.573686e-05,-1.40722e-05,3.305411e-06,18742240000000.0,992020200000.0,0.3814919,3.459086e-06,-4.607874e-06,-7.962515e-06,-4.525321e-06,-1.353942e-06,-1.135405e-05,-1.01101e-05,2.865533e-06,889868200000.0,30110000000000.0,0.863392,4423000000000.0,-0.6774348
28,0.2023,25.1817,5.254180000000006,737.6441,346.8212,74.95803,32.77432,-40.29547,-207.4352,61416890000000.0,55169470000000.0,5468167000000.0,0.8898688,1.842891e-05,2.684451e-07,-1.766298e-05,5.591304e-07,1.743111e-05,-3.562908e-05,-2.903732e-05,4.002937e-05,51805480000000.0,4610684000000.0,0.7246584,1.682552e-05,2.340267e-07,-1.613361e-05,4.955864e-07,1.589125e-05,-3.253645e-05,-2.6517e-05,3.651703e-05,42482420000000.0,3205637000000.0,0.4980161,1.37576e-05,1.759577e-07,-1.320126e-05,3.835617e-07,1.295835e-05,-2.661302e-05,-2.168919e-05,2.981294e-05,1518264000000.0,80420000000000.0,1.479273,20240000000000.0,-1.25631
31,0.2054,25.29485,4.878460999999998,748.3555,353.6638,70.64687,-52.65347,-155.9994,-105.5682,49883200000000.0,45077500000000.0,3334459000000.0,0.8292175,9.412572e-06,3.291937e-06,-5.895437e-06,3.440413e-06,1.210011e-05,-1.505983e-05,-1.170373e-05,2.369355e-05,32871010000000.0,2219201000000.0,0.6174355,7.372259e-06,2.44075e-06,-4.753366e-06,2.555226e-06,9.333795e-06,-1.193118e-05,-9.301999e-06,1.841116e-05,18838360000000.0,1001449000000.0,0.3794779,4.333878e-06,1.313747e-06,-2.913576e-06,1.379146e-06,5.35984e-06,-7.133084e-06,-5.586892e-06,1.069292e-05,1546609000000.0,20080000000000.0,1.030926,3522000000000.0,-0.789822
32,0.2075,26.34284,5.034154000000005,748.9192,370.8359,73.61653,-374.5367,-238.3092,-5.443329,43635790000000.0,25662460000000.0,2034612000000.0,0.6927837,5.037231e-06,7.384516e-06,2.440909e-06,7.444576e-06,1.210147e-05,-2.448802e-06,-6.610301e-07,1.835301e-05,23163490000000.0,1517592000000.0,0.5486007,4.198983e-06,5.866248e-06,1.746201e-06,5.915528e-06,9.795595e-06,-2.329668e-06,-8.391963e-07,1.500531e-05,17684990000000.0,925368900000.0,0.3758814,2.994232e-06,3.841712e-06,9.04937e-07,3.875805e-06,6.640148e-06,-2.001335e-06,-9.382226e-07,1.035314e-05,884071600000.0,37410000000000.0,0.9728482,6192000000000.0,-0.792594
34,0.219,24.904090000000004,6.448983000000005,795.6805,369.4116,99.15915,-83.04684,-243.216,202.9572,45365840000000.0,38253400000000.0,3081198000000.0,0.781622,7.641484e-06,3.507736e-06,-3.956912e-06,3.626156e-06,1.066261e-05,-1.139605e-05,-8.672425e-06,2.008445e-05,29795360000000.0,2194966000000.0,0.5940727,6.257885e-06,2.713026e-06,-3.398514e-06,2.808515e-06,8.567547e-06,-9.490555e-06,-7.259649e-06,1.628083e-05,20952870000000.0,1202795000000.0,0.3897289,4.287089e-06,1.713206e-06,-2.471997e-06,1.777012e-06,5.718733e-06,-6.645345e-06,-5.116541e-06,1.100009e-05,1274603000000.0,28520000000000.0,1.018074,4940000000000.0,-0.805893
35,0.2215,24.82723,6.600140000000003,804.5638,372.2249,102.5732,-252.0951,-400.2066,203.0645,29891470000000.0,22586810000000.0,1350453000000.0,0.6548355,3.271946e-06,4.260541e-06,1.050372e-06,4.303863e-06,7.33024e-06,-2.12925e-06,-9.668057e-07,1.138856e-05,18453900000000.0,893835700000.0,0.5062865,2.522272e-06,3.149514e-06,6.753546e-07,3.182504e-06,5.51448e-06,-1.775641e-06,-8.794451e-07,8.642142e-06,10476430000000.0,371016900000.0,0.3089296,1.376043e-06,1.5889e-06,2.396309e-07,1.606451e-06,2.877598e-06,-1.097425e-06,-6.083911e-07,4.583042e-06,884951000000.0,16160000000000.0,0.8609119,2367000000000.0,-0.6143191
38,0.2435,26.7596,6.668500999999994,866.2646,436.8153,113.4276,169.5158,261.846,152.2807,56034500000000.0,39022310000000.0,3657576000000.0,0.7746553,9.520933e-06,-7.02446e-06,-1.626429e-05,-6.82437e-06,1.895133e-06,-2.557923e-05,-2.216185e-05,1.352412e-05,28834220000000.0,2389198000000.0,0.583811,7.49324e-06,-5.259428e-06,-1.252956e-05,-5.103847e-06,1.75448e-06,-1.986052e-05,-1.717039e-05,1.090367e-05,18934470000000.0,1167425000000.0,0.3738126,4.616939e-06,-3.001519e-06,-7.479056e-06,-2.907637e-06,1.313773e-06,-1.199586e-05,-1.033776e-05,6.947762e-06,1325978000000.0,30260000000000.0,1.154353,5943000000000.0,-0.8980371
42,0.2458,26.34314,6.571791000000006,877.2782,434.4,112.7786,13.71244,301.428,274.1247,29218680000000.0,17588870000000.0,888479100000.0,0.5949406,2.131875e-06,-1.447912e-06,-3.52415e-06,-1.402566e-06,5.605961e-07,-5.608152e-06,-4.845087e-06,3.177001e-06,14705450000000.0,597275400000.0,0.46873,1.607861e-06,-1.051741e-06,-2.617396e-06,-1.01776e-06,4.623457e-07,-4.189107e-06,-3.613549e-06,2.43524e-06,9515293000000.0,268459500000.0,0.2990799,9.211016e-07,-5.649601e-07,-1.461631e-06,-5.457242e-07,3.016576e-07,-2.361982e-06,-2.032201e-06,1.431463e-06,708128000000.0,8827000000000.0,0.7351193,1104000000000.0,-0.49698
43,0.2455,26.70095,6.594049000000003,873.2045,439.1942,112.9901,60.3796,169.4541,214.8773,90731680000000.0,80639700000000.0,8682891000000.0,0.9890113,2.587383e-05,-7.3127e-06,-3.240902e-05,-6.87422e-06,1.672149e-05,-5.767958e-05,-4.839383e-05,4.830723e-05,73431150000000.0,6932765000000.0,0.7957664,2.289435e-05,-6.209333e-06,-2.841e-05,-5.827324e-06,1.503829e-05,-5.077028e-05,-4.255197e-05,4.297702e-05,44693040000000.0,3696766000000.0,0.4968647,1.540059e-05,-3.825479e-06,-1.875029e-05,-3.578141e-06,1.043694e-05,-3.37912e-05,-2.825991e-05,2.921507e-05,2177272000000.0,49390000000000.0,1.64821,13850000000000.0,-1.356195
44,0.2486,25.02452,6.4894410000000065,896.4941,418.5093,112.5397,383.1011,68.46303,-59.09808,228367000000000.0,140038200000000.0,17941140000000.0,1.182454,8.17585e-05,-3.605612e-05,-0.0001148012,-3.478811e-05,3.887316e-05,-0.0001948368,-0.0001652881,0.0001377014,130907400000000.0,15162240000000.0,0.9652703,7.461205e-05,-3.138068e-05,-0.0001032128,-3.025525e-05,3.689979e-05,-0.0001762507,-0.000149275,0.0001270384,100535300000000.0,10291530000000.0,0.6511241,5.995358e-05,-2.29671e-05,-8.063494e-05,-2.211816e-05,3.172591e-05,-0.0001393204,-0.0001176274,0.0001040665,3064036000000.0,127400000000000.0,2.828088,61300000000000.0,-2.59479
45,0.2493,24.854050000000004,6.2710460000000054,900.5038,417.1226,109.0566,30.10788,83.34944,232.7642,143210000000000.0,116586400000000.0,12241280000000.0,1.111823,5.006204e-05,-5.968371e-06,-5.445577e-05,-5.28486e-06,4.013922e-05,-0.0001033078,-8.532203e-05,0.0001011357,78429080000000.0,7410522000000.0,0.8118346,3.623939e-05,-4.160762e-06,-3.924906e-05,-3.677859e-06,2.917859e-05,-7.461206e-05,-6.158863e-05,7.331389e-05,35946660000000.0,2506407000000.0,0.4613283,1.691517e-05,-1.837242e-06,-1.820685e-05,-1.620608e-06,1.36967e-05,-3.471263e-05,-2.863102e-05,3.428302e-05,3277243000000.0,26770000000000.0,2.020392,9202000000000.0,-1.55925
46,0.2469,27.18583,6.673012999999997,874.3418,449.0773,114.998,-79.0629,-67.45869,1.609332,79774670000000.0,73335030000000.0,7343100000000.0,0.9569675,2.036974e-05,4.043133e-06,-1.578623e-05,4.323093e-06,2.29541e-05,-3.56213e-05,-2.834132e-05,4.795148e-05,67183730000000.0,6119011000000.0,0.7724514,1.850977e-05,3.507109e-06,-1.450717e-05,3.756799e-06,2.067635e-05,-3.2531e-05,-2.591425e-05,4.338345e-05,45365840000000.0,3795750000000.0,0.4996527,1.414192e-05,2.438979e-06,-1.131656e-05,2.621489e-06,1.553049e-05,-2.508705e-05,-2.002904e-05,3.286565e-05,1966112000000.0,82140000000000.0,1.663681,23250000000000.0,-1.43253
48,0.2537,25.17791,6.136346999999995,913.2074,429.2928,108.4869,118.6557,15.58353,252.6867,82273640000000.0,74488400000000.0,8036202000000.0,0.9568972,2.21101e-05,-5.881694e-06,-2.732958e-05,-5.513116e-06,1.46487e-05,-4.892085e-05,-4.098676e-05,4.164382e-05,65357560000000.0,6711290000000.0,0.7649387,2.029263e-05,-5.147871e-06,-2.482752e-05,-4.815018e-06,1.367769e-05,-4.46437e-05,-3.736013e-05,3.844486e-05,49210400000000.0,4539130000000.0,0.5121797,1.643893e-05,-3.809663e-06,-1.974298e-05,-3.549488e-06,1.141083e-05,-3.579552e-05,-2.989221e-05,3.145906e-05,1958300000000.0,111000000000000.0,1.762758,33290000000000.0,-1.544318
49,0.2555,25.36752,6.1790449999999995,917.9678,435.2456,109.9888,57.54789,-136.6678,238.3629,34985520000000.0,31717640000000.0,2288309000000.0,0.7218561,3.999536e-06,-2.526541e-07,-4.15145e-06,-1.797016e-07,3.499972e-06,-8.052495e-06,-6.62382e-06,8.416434e-06,27969190000000.0,1805574000000.0,0.5747628,3.50491e-06,-2.10023e-07,-3.625968e-06,-1.467692e-07,3.076321e-06,-7.04451e-06,-5.792322e-06,7.383604e-06,19126700000000.0,1080833000000.0,0.3751135,2.593356e-06,-1.408451e-07,-2.667345e-06,-9.507307e-08,2.287463e-06,-5.196719e-06,-4.269894e-06,5.472765e-06,1082206000000.0,63250000000000.0,1.063083,11440000000000.0,-0.8832235
51,0.2595,27.04349,5.431175999999999,919.3841,469.329,98.14292,91.24249,-482.218,290.9744,103322600000000.0,91212250000000.0,10887660000000.0,1.018695,3.427614e-05,5.905272e-06,-2.74257e-05,6.310122e-06,3.754622e-05,-6.081548e-05,-4.854058e-05,7.95378e-05,82754210000000.0,9012458000000.0,0.8259529,3.128413e-05,5.170847e-06,-2.524128e-05,5.531177e-06,3.402011e-05,-5.571553e-05,-4.450943e-05,7.233017e-05,61032430000000.0,5875759000000.0,0.5492642,2.46953e-05,3.739396e-06,-2.025053e-05,4.006948e-06,2.64582e-05,-4.430506e-05,-3.545408e-05,5.66704e-05,2266624000000.0,108000000000000.0,2.101251,38610000000000.0,-1.7919
54,0.2611,26.70207,5.599694999999998,926.9959,466.2722,101.7375,-242.4304,-503.1517,252.0087,69009900000000.0,48441490000000.0,4113001000000.0,0.8286361,9.717634e-06,1.031593e-05,7.896404e-07,1.042389e-05,1.938389e-05,-8.649168e-06,-5.194182e-06,3.142341e-05,39310650000000.0,2958588000000.0,0.6429508,7.888424e-06,7.958402e-06,2.276098e-07,8.044057e-06,1.53127e-05,-7.434055e-06,-4.628927e-06,2.508209e-05,23259600000000.0,1439116000000.0,0.402381,4.876333e-06,4.510136e-06,-2.661375e-07,4.560765e-06,9.048484e-06,-5.001878e-06,-3.267246e-06,1.508314e-05,1558363000000.0,27460000000000.0,1.179592,5511000000000.0,-0.9511
55,0.2609,25.56586,6.839507999999996,933.744,446.6913,124.1509,-99.52177,-16.8291,-53.59058,36427230000000.0,34312720000000.0,2906031000000.0,0.7425875,5.159367e-06,1.566953e-06,-3.466387e-06,1.648907e-06,6.392472e-06,-8.49045e-06,-6.650171e-06,1.274281e-05,31525410000000.0,2447181000000.0,0.5970202,4.727675e-06,1.36553e-06,-3.245825e-06,1.439748e-06,5.784485e-06,-7.8495e-06,-6.162921e-06,1.160204e-05,26143030000000.0,1763244000000.0,0.4161425,3.961493e-06,1.050378e-06,-2.812335e-06,1.111191e-06,4.74879e-06,-6.669896e-06,-5.256212e-06,9.621257e-06,1065067000000.0,104600000000000.0,1.181144,21020000000000.0,-1.01277
56,0.2603,26.06679,6.814993999999998,927.7079,453.8128,123.423,268.5712,-19.24803,-116.4678,213757700000000.0,206164700000000.0,20977610000000.0,1.337291,9.241082e-05,-2.300799e-05,-0.0001121772,-2.177327e-05,6.157077e-05,-0.0002024807,-0.0001691554,0.0001735743,176177100000000.0,16652710000000.0,1.059398,8.247814e-05,-1.964017e-05,-9.919208e-05,-1.857335e-05,5.57375e-05,-0.0001797878,-0.0001500335,0.0001556454,86887120000000.0,7913582000000.0,0.6173146,5.342652e-05,-1.14364e-05,-6.290781e-05,-1.080899e-05,3.71918e-05,-0.0001151121,-9.581818e-05,0.0001018054,4682000000000.0,49170000000000.0,2.666866,22310000000000.0,-2.27403
57,0.2601,26.89147,5.5104199999999945,922.712,467.9458,99.80931,-214.3495,-423.6168,224.1763,56034500000000.0,51228800000000.0,5204743000000.0,0.8568852,1.097807e-05,9.482457e-06,-1.261981e-06,9.606969e-06,1.970739e-05,-1.192831e-05,-8.02126e-06,3.327901e-05,44212470000000.0,4202451000000.0,0.6713938,9.891448e-06,8.116571e-06,-1.561803e-06,8.226438e-06,1.732167e-05,-1.117199e-05,-7.651045e-06,2.954562e-05,34697180000000.0,2842032000000.0,0.4563883,7.951462e-06,5.978508e-06,-1.797866e-06,6.063315e-06,1.336658e-05,-9.522745e-06,-6.691384e-06,2.31866e-05,1489221000000.0,76170000000000.0,1.339577,17360000000000.0,-1.13751
58,0.2609,26.18051,6.508530000000004,929.3736,456.9159,118.1501,14.12746,-433.5983,252.1637,313620200000000.0,304201000000000.0,36058320000000.0,1.520498,0.0002218932,2.567406e-05,-0.0001883085,2.624157e-05,0.0002243014,-0.0004042232,-0.0003242092,0.0004930056,282863700000000.0,31138050000000.0,1.241683,0.0002077987,2.315944e-05,-0.0001771385,2.35949e-05,0.0002088668,-0.0003793329,-0.000304371,0.0004603392,218659500000000.0,21562090000000.0,0.839216,0.000172246,1.772113e-05,-0.0001481229,1.789022e-05,0.0001710508,-0.0003157124,-0.0002535149,0.0003791706,5436072000000.0,67250000000000.0,3.780908,43260000000000.0,-3.26898
59,0.2616,26.15897,7.064659999999997,929.6846,456.6348,128.3638,-98.79556,-438.6881,-220.9511,69202130000000.0,27680850000000.0,2141704000000.0,0.6849487,5.078049e-06,4.742361e-06,-2.315234e-07,4.810859e-06,9.497061e-06,-5.16893e-06,-3.362402e-06,1.578117e-05,23067380000000.0,1473022000000.0,0.5401265,3.732035e-06,3.388424e-06,-2.665953e-07,3.43837e-06,6.881473e-06,-3.895179e-06,-2.567403e-06,1.149911e-05,15186020000000.0,707276000000.0,0.3448773,2.216258e-06,1.880781e-06,-2.889699e-07,1.909752e-06,3.952805e-06,-2.443672e-06,-1.654997e-06,6.693683e-06,1074847000000.0,21580000000000.0,0.9758817,3583000000000.0,-0.817898
61,0.2632,24.9277,6.654698999999999,946.5658,439.9376,121.7825,137.8882,-292.3068,-62.9682,44789150000000.0,38445630000000.0,4023615000000.0,0.7625044,7.63768e-06,1.123569e-07,-7.328885e-06,2.418038e-07,7.254753e-06,-1.477654e-05,-1.204688e-05,1.663654e-05,34216610000000.0,3208914000000.0,0.6166779,6.73318e-06,9.467766e-08,-6.463941e-06,2.074136e-07,6.386766e-06,-1.302949e-05,-1.062268e-05,1.465515e-05,25662460000000.0,1994855000000.0,0.4107274,5.088668e-06,6.572202e-08,-4.888895e-06,1.487885e-07,4.814154e-06,-9.850722e-06,-8.031113e-06,1.105945e-05,1189892000000.0,81810000000000.0,1.246507,17350000000000.0,-1.025415
63,0.2644,24.84849,6.613844000000005,951.5088,440.6364,121.5821,-131.3411,-204.0781,-165.1165,68240990000000.0,60647980000000.0,5659072000000.0,0.8869286,1.326251e-05,6.622541e-06,-6.322652e-06,6.79355e-06,1.896428e-05,-1.922179e-05,-1.449315e-05,3.530034e-05,52189940000000.0,4521452000000.0,0.7056087,1.188967e-05,5.658639e-06,-5.943721e-06,5.809081e-06,1.67136e-05,-1.750748e-05,-1.326743e-05,3.135377e-05,35081630000000.0,2685283000000.0,0.4552156,8.950866e-06,3.867235e-06,-4.862544e-06,3.97561e-06,1.217401e-05,-1.356783e-05,-1.037429e-05,2.31872e-05,1732713000000.0,78880000000000.0,1.523056,20440000000000.0,-1.298
64,0.2673,24.85517,6.560008999999996,961.0438,445.188,121.7987,-240.9769,150.3396,-598.8592,28161420000000.0,16916080000000.0,955207100000.0,0.5908474,1.679529e-06,1.446874e-06,-1.995923e-07,1.473171e-06,3.027123e-06,-1.835879e-06,-1.237545e-06,5.106997e-06,15474360000000.0,667285700000.0,0.472011,1.323892e-06,1.098455e-06,-1.991184e-07,1.119006e-06,2.34344e-06,-1.488834e-06,-1.017172e-06,3.982501e-06,9899749000000.0,310229600000.0,0.3035845,7.708396e-07,5.942052e-07,-1.610119e-07,6.059568e-07,1.318328e-06,-9.118543e-07,-6.371945e-07,2.272201e-06,682902000000.0,13270000000000.0,0.7636039,1724000000000.0,-0.5386
65,0.2651,26.84219,7.076969999999996,936.5787,473.966,130.3158,-163.1138,-796.395,92.56946,53823880000000.0,45173610000000.0,4209830000000.0,0.8093656,8.30333e-06,1.119243e-05,3.034376e-06,1.12785e-05,1.895206e-05,-5.031909e-06,-2.080802e-06,2.926796e-05,39022310000000.0,3318790000000.0,0.6431626,7.378093e-06,9.4754e-06,2.228498e-06,9.550404e-06,1.636499e-05,-4.938263e-06,-2.315774e-06,2.552802e-05,27008050000000.0,1938147000000.0,0.4186919,5.537613e-06,6.489514e-06,1.053516e-06,6.543475e-06,1.165214e-05,-4.32455e-06,-2.355827e-06,1.852433e-05,1400834000000.0,45940000000000.0,1.141876,8925000000000.0,-0.952281
66,0.2654,25.97063,6.675380999999997,945.5834,460.5919,123.0994,-206.8577,-522.1547,-2.334494,61224660000000.0,56707300000000.0,4926237000000.0,0.8673008,1.04712e-05,1.048607e-05,2.274889e-07,1.059904e-05,2.024288e-05,-9.941491e-06,-6.217906e-06,3.320572e-05,50075430000000.0,3942830000000.0,0.6955078,9.319396e-06,8.909901e-06,-2.179792e-07,9.008427e-06,1.758669e-05,-9.268034e-06,-5.953507e-06,2.911981e-05,30372040000000.0,2168947000000.0,0.433903,6.578696e-06,5.677008e-06,-7.62594e-07,5.74301e-06,1.179024e-05,-7.150623e-06,-4.809885e-06,1.9925e-05,1694414000000.0,58860000000000.0,1.357066,13590000000000.0,-1.13949
68,0.2701,25.01344,6.251534000000002,969.7718,452.489,117.2286,-154.1605,-720.1691,67.99255,36235000000000.0,27680850000000.0,2326810000000.0,0.6820355,4.003757e-06,5.616767e-06,1.683061e-06,5.664761e-06,9.370211e-06,-2.208538e-06,-7.856108e-07,1.434439e-05,23451830000000.0,1713616000000.0,0.5457915,3.322181e-06,4.466606e-06,1.203355e-06,4.505862e-06,7.579022e-06,-2.025495e-06,-8.447126e-07,1.170515e-05,16147160000000.0,885836700000.0,0.3514272,2.129513e-06,2.631608e-06,5.409259e-07,2.655993e-06,4.623872e-06,-1.528443e-06,-7.714276e-07,7.267007e-06,975473100000.0,32090000000000.0,0.955549,5217000000000.0,-0.73359
70,0.2684,24.86952,6.421704000000003,965.2267,447.4195,119.7417,-206.673,-189.0211,-79.78334,298914700000000.0,257489600000000.0,33826030000000.0,1.434612,0.000188952,4.407567e-05,-0.0001387275,4.455822e-05,0.0002140665,-0.0003223213,-0.0002544234,0.0004439357,230481500000000.0,27420820000000.0,1.15553,0.000172512,3.870994e-05,-0.0001281091,3.906811e-05,0.0001936497,-0.0002957256,-0.0002337088,0.0004033779,137347000000000.0,14929730000000.0,0.716636,0.0001241114,2.542252e-05,-9.444004e-05,2.552053e-05,0.0001363874,-0.0002150223,-0.0001703536,0.0002869995,5211589000000.0,86040000000000.0,3.654729,53500000000000.0,-3.16008
71,0.2701,25.4824,7.1365919999999985,964.2181,459.5449,133.7352,-296.6725,-384.4336,-358.3127,52574390000000.0,42386300000000.0,3796050000000.0,0.7874,7.402507e-06,9.235748e-06,1.972759e-06,9.31251e-06,1.614272e-05,-5.212558e-06,-2.583152e-06,2.532528e-05,37196140000000.0,2953919000000.0,0.6295082,6.372221e-06,7.579389e-06,1.328907e-06,7.644078e-06,1.352029e-05,-4.856039e-06,-2.592256e-06,2.142208e-05,25181890000000.0,1654694000000.0,0.4076639,4.398397e-06,4.793886e-06,4.817265e-07,4.836614e-06,8.88805e-06,-3.787029e-06,-2.223972e-06,1.433851e-05,1333897000000.0,44660000000000.0,1.187633,9024000000000.0,-0.9698
74,0.2704,26.48757,5.207400000000006,960.7416,478.7478,97.82838,-88.10458,-741.7068,23.8327,71316640000000.0,63339170000000.0,6194223000000.0,0.8982475,1.386358e-05,1.223131e-05,-1.346726e-06,1.237213e-05,2.512376e-05,-1.481778e-05,-9.881651e-06,4.22756e-05,54112220000000.0,4992818000000.0,0.7133474,1.236611e-05,1.038151e-05,-1.726115e-06,1.050398e-05,2.187059e-05,-1.374128e-05,-9.337599e-06,3.716349e-05,38157280000000.0,3063423000000.0,0.4681778,9.282681e-06,7.091687e-06,-1.991112e-06,7.178584e-06,1.569895e-05,-1.100926e-05,-7.702366e-06,2.716884e-05,1763362000000.0,66500000000000.0,1.469848,16630000000000.0,-1.258
75,0.2748,25.5901,5.948917000000004,981.1411,469.8756,113.3573,-29.26914,-534.8325,-51.89346,45654180000000.0,38445630000000.0,3087090000000.0,0.7575243,5.778115e-06,4.281805e-06,-1.372761e-06,4.361473e-06,9.687496e-06,-6.994129e-06,-4.936379e-06,1.68287e-05,32294330000000.0,2297496000000.0,0.6002002,4.869791e-06,3.44534e-06,-1.319186e-06,3.511489e-06,7.997894e-06,-6.056667e-06,-4.322147e-06,1.40146e-05,19991730000000.0,1162452000000.0,0.3776129,3.17982e-06,2.054599e-06,-1.054928e-06,2.096395e-06,5.022596e-06,-4.148107e-06,-3.015156e-06,8.948701e-06,1279470000000.0,25390000000000.0,1.034314,4468000000000.0,-0.797742
76,0.2756,25.33662,5.694872999999996,986.4566,467.0675,108.8419,-121.3747,-372.8746,-23.66846,63339170000000.0,57572330000000.0,5621572000000.0,0.8706568,1.226449e-05,7.243133e-06,-4.734116e-06,7.389549e-06,1.864319e-05,-1.665798e-05,-1.228638e-05,3.376032e-05,52189940000000.0,4737872000000.0,0.7048262,1.127371e-05,6.349502e-06,-4.657534e-06,6.481515e-06,1.682022e-05,-1.561792e-05,-1.159872e-05,3.071158e-05,42770760000000.0,3339785000000.0,0.4854306,9.421806e-06,4.886577e-06,-4.308163e-06,4.992763e-06,1.362384e-05,-1.34678e-05,-1.010758e-05,2.522606e-05,1581512000000.0,106600000000000.0,1.568653,28450000000000.0,-1.360796
77,0.2746,25.74056,6.113289999999996,979.5022,472.2569,116.4653,-83.97962,-661.7017,-245.274,39310650000000.0,37772830000000.0,3111684000000.0,0.7566968,5.144846e-06,5.884659e-06,8.379587e-07,5.946174e-06,1.069642e-05,-4.163899e-06,-2.333561e-06,1.70745e-05,33447700000000.0,2584369000000.0,0.6072249,4.674454e-06,5.079306e-06,4.952622e-07,5.13429e-06,9.447879e-06,-4.048895e-06,-2.385751e-06,1.524082e-05,25278000000000.0,1751683000000.0,0.4073977,3.782401e-06,3.743692e-06,3.63672e-08,3.786709e-06,7.273385e-06,-3.640076e-06,-2.294033e-06,1.195771e-05,1178135000000.0,112500000000000.0,1.216276,23280000000000.0,-1.05237
78,0.2775,25.35254,5.028818,994.0867,471.0184,96.79772,-117.034,-146.0372,119.1387,43059100000000.0,41521280000000.0,3399685000000.0,0.779616,5.938888e-06,2.592426e-06,-3.20551e-06,2.681419e-06,8.14314e-06,-8.985699e-06,-6.86858e-06,1.546016e-05,38157280000000.0,2791304000000.0,0.6336397,5.332669e-06,2.224013e-06,-2.981097e-06,2.302907e-06,7.204866e-06,-8.171223e-06,-6.269897e-06,1.377328e-05,26527480000000.0,1725023000000.0,0.4144509,4.054368e-06,1.539951e-06,-2.415734e-06,1.598187e-06,5.32123e-06,-6.361658e-06,-4.915559e-06,1.031218e-05,1303768000000.0,66460000000000.0,1.206301,13640000000000.0,-1.00089
79,0.2757,25.36759,5.593608000000001,987.2976,468.1191,107.0126,-371.1553,-687.904,77.10023,29410900000000.0,24605200000000.0,1634402000000.0,0.6534266,2.77946e-06,5.724071e-06,2.985139e-06,5.750651e-06,8.329142e-06,2.883935e-07,1.273657e-06,1.179658e-05,18165560000000.0,1057938000000.0,0.4973071,2.087673e-06,4.101389e-06,2.044753e-06,4.120954e-06,6.056593e-06,1.941947e-08,7.595094e-07,8.660065e-06,12206490000000.0,497631400000.0,0.3200724,1.225751e-06,2.23946e-06,1.032488e-06,2.250558e-06,3.386009e-06,-1.564791e-07,2.781156e-07,4.91371e-06,936720000000.0,24930000000000.0,0.9390525,3983000000000.0,-0.678051
81,0.2792,25.63896,4.9902549999999986,997.4172,478.7164,96.60348,107.7768,-616.4923,188.449,29314790000000.0,24509090000000.0,1880081000000.0,0.6622139,2.736651e-06,1.474686e-06,-1.203682e-06,1.518866e-06,4.045757e-06,-3.871457e-06,-2.895261e-06,7.427095e-06,21625660000000.0,1473199000000.0,0.5281937,2.347166e-06,1.195416e-06,-1.10111e-06,1.232836e-06,3.398873e-06,-3.388988e-06,-2.551652e-06,6.297939e-06,16819960000000.0,921184900000.0,0.3545078,1.735975e-06,8.031691e-07,-8.945029e-07,8.302021e-07,2.430584e-06,-2.586378e-06,-1.966965e-06,4.573387e-06,848014400000.0,55880000000000.0,0.9585324,9113000000000.0,-0.7769345
82,0.2792,25.4554,5.249510000000001,998.6216,475.3643,101.6168,-104.4094,-268.4998,-217.6777,53727760000000.0,47768690000000.0,4584444000000.0,0.812714,8.827813e-06,5.031328e-06,-3.592632e-06,5.150119e-06,1.326528e-05,-1.217933e-05,-9.033493e-06,2.415124e-05,41905730000000.0,3702463000000.0,0.6561937,7.90127e-06,4.303565e-06,-3.413561e-06,4.408239e-06,1.166793e-05,-1.109888e-05,-8.282739e-06,2.140844e-05,29218680000000.0,2222089000000.0,0.4265133,5.907867e-06,2.929583e-06,-2.837742e-06,3.005026e-06,8.426833e-06,-8.583933e-06,-6.477426e-06,1.570501e-05,1433061000000.0,60250000000000.0,1.276005,13080000000000.0,-1.05831
85,0.2833,25.5158,5.151845999999995,1011.585,482.8437,101.0611,-34.89421,-281.3668,-114.0162,77756280000000.0,72854460000000.0,6550176000000.0,0.9330846,1.76386e-05,5.163932e-06,-1.201676e-05,5.383589e-06,2.151166e-05,-2.918305e-05,-2.288143e-05,4.31745e-05,64204200000000.0,5076695000000.0,0.7532218,1.54259e-05,4.333235e-06,-1.068814e-05,4.521168e-06,1.861685e-05,-2.57008e-05,-2.018839e-05,3.755511e-05,43924130000000.0,2731051000000.0,0.4885533,1.087592e-05,2.823158e-06,-7.761624e-06,2.949536e-06,1.287415e-05,-1.834594e-05,-1.445753e-05,2.621611e-05,2006412000000.0,27560000000000.0,1.571774,7370000000000.0,-1.19196
86,0.2815,25.54262,5.194001000000002,1005.251,480.3982,101.2772,-102.4871,-173.5063,-63.95884,33159350000000.0,26623600000000.0,1990867000000.0,0.6704989,2.954754e-06,1.802469e-06,-1.086115e-06,1.849606e-06,4.575016e-06,-3.961519e-06,-2.909529e-06,8.22234e-06,22298460000000.0,1496693000000.0,0.5350762,2.495419e-06,1.45154e-06,-9.87578e-07,1.490929e-06,3.791718e-06,-3.41596e-06,-2.527381e-06,6.871327e-06,16147160000000.0,874506200000.0,0.3612057,1.789906e-06,9.626967e-07,-7.86296e-07,9.904124e-07,2.639518e-06,-2.528092e-06,-1.89057e-06,4.847538e-06,929429800000.0,27370000000000.0,0.8572698,3992000000000.0,-0.6688644
87,0.2843,25.39951,5.152961000000001,1015.976,482.4102,101.4238,-123.0351,-174.8669,85.74615,43924130000000.0,35369980000000.0,3192856000000.0,0.734406,5.596258e-06,2.782411e-06,-2.683422e-06,2.865526e-06,8.015034e-06,-8.128953e-06,-6.13483e-06,1.491419e-05,30179820000000.0,2447165000000.0,0.5867018,4.793369e-06,2.278113e-06,-2.402595e-06,2.348335e-06,6.756901e-06,-7.066819e-06,-5.358491e-06,1.26646e-05,22202350000000.0,1443536000000.0,0.3950793,3.446016e-06,1.507277e-06,-1.856398e-06,1.556383e-06,4.722705e-06,-5.209514e-06,-3.980946e-06,8.967499e-06,1149171000000.0,47960000000000.0,1.139617,9299000000000.0,-0.9048528
88,0.2843,26.711770000000005,5.198152000000003,1004.723,505.5816,102.3244,360.3051,-523.9464,134.9408,45654180000000.0,21817890000000.0,1667617000000.0,0.6252919,3.411549e-06,-1.016369e-06,-4.341848e-06,-9.50669e-07,2.188531e-06,-7.676166e-06,-6.454595e-06,6.379855e-06,15666590000000.0,977808200000.0,0.4706462,2.422823e-06,-6.938177e-07,-3.054985e-06,-6.475895e-07,1.580766e-06,-5.422823e-06,-4.555196e-06,4.55652e-06,10188090000000.0,404371100000.0,0.3007871,1.316106e-06,-3.549268e-07,-1.637088e-06,-3.301923e-07,8.793691e-07,-2.923218e-06,-2.451831e-06,2.495102e-06,867261200000.0,10680000000000.0,0.8695361,1580000000000.0,-0.6064747
89,0.2841,25.16974,4.943846000000002,1017.595,478.1876,97.2576,-140.3953,63.14857,310.9565,34312720000000.0,28449760000000.0,2387362000000.0,0.6856298,3.948708e-06,8.782993e-07,-2.975475e-06,9.444537e-07,4.579112e-06,-6.823365e-06,-5.414344e-06,9.441174e-06,22779030000000.0,1742604000000.0,0.5411202,3.276021e-06,6.964993e-07,-2.500105e-06,7.507479e-07,3.764781e-06,-5.692418e-06,-4.523251e-06,7.797452e-06,17877220000000.0,1013170000000.0,0.3697004,2.297713e-06,4.537997e-07,-1.787417e-06,4.910672e-07,2.603272e-06,-4.026349e-06,-3.206099e-06,5.430327e-06,974688900000.0,39320000000000.0,1.030527,6894000000000.0,-0.7834502
90,0.2859,26.505830000000003,4.997869000000003,1012.14,504.7632,98.90933,133.9288,-592.9559,369.0527,48825950000000.0,40560140000000.0,3312620000000.0,0.766455,6.214328e-06,1.855646e-06,-4.214963e-06,1.952071e-06,7.67084e-06,-1.027449e-05,-8.054477e-06,1.532957e-05,34697180000000.0,2534688000000.0,0.6116326,5.323262e-06,1.516307e-06,-3.682381e-06,1.597728e-06,6.493596e-06,-8.872672e-06,-6.970735e-06,1.305178e-05,24797430000000.0,1436218000000.0,0.4028295,3.736212e-06,9.742143e-07,-2.67254e-06,1.029675e-06,4.461842e-06,-6.314964e-06,-4.979683e-06,9.061491e-06,1272371000000.0,45810000000000.0,1.22056,9513000000000.0,-0.9790494
91,0.2847,25.33899,5.091574999999995,1018.199,482.1486,100.3782,-552.3212,-256.0957,-61.54696,41905730000000.0,30468160000000.0,2599672000000.0,0.7008866,4.916491e-06,8.441111e-06,3.605661e-06,8.484934e-06,1.303248e-05,-1.1596e-06,5.826321e-07,1.915202e-05,26719710000000.0,1879963000000.0,0.5627007,4.049136e-06,6.690991e-06,2.709456e-06,6.726374e-06,1.046991e-05,-1.214956e-06,2.200835e-07,1.550843e-05,17108300000000.0,883066300000.0,0.3568429,2.466095e-06,3.761641e-06,1.337865e-06,3.782217e-06,6.059829e-06,-1.052059e-06,-1.778166e-07,9.126567e-06,1128236000000.0,23960000000000.0,1.039623,4238000000000.0,-0.758637
92,0.2844,26.02758,5.046522999999996,1011.187,493.7915,99.37292,59.26593,-523.9653,196.8446,76218450000000.0,73046690000000.0,7316080000000.0,0.9341881,1.612445e-05,5.095464e-06,-1.062403e-05,5.303815e-06,2.006906e-05,-2.632551e-05,-2.056371e-05,3.989213e-05,66799280000000.0,6237835000000.0,0.7635685,1.495078e-05,4.533672e-06,-1.003815e-05,4.72361e-06,1.840667e-05,-2.459629e-05,-1.925298e-05,3.678097e-05,47384230000000.0,4117425000000.0,0.5015618,1.196492e-05,3.307678e-06,-8.347047e-06,3.45309e-06,1.438849e-05,-1.999694e-05,-1.57189e-05,2.908144e-05,1933546000000.0,91250000000000.0,1.633496,25360000000000.0,-1.42065
93,0.2859,25.60652,7.106850000000003,1016.306,487.0743,140.5115,59.55443,-409.0834,-225.5656,139077100000000.0,85253180000000.0,8584025000000.0,0.9857652,2.707128e-05,6.875521e-06,-1.947442e-05,7.196091e-06,3.190575e-05,-4.583017e-05,-3.614767e-05,6.511743e-05,76314570000000.0,7036541000000.0,0.7966822,2.354447e-05,5.703548e-06,-1.72058e-05,5.974604e-06,2.744789e-05,-4.012737e-05,-3.170397e-05,5.631941e-05,58821810000000.0,4639488000000.0,0.5404482,1.813635e-05,4.002602e-06,-1.3632e-05,4.198816e-06,2.071186e-05,-3.128765e-05,-2.479527e-05,4.293001e-05,2138150000000.0,73550000000000.0,1.961872,24550000000000.0,-1.748385
94,0.2881,26.68267,5.099750000000005,1017.378,511.3023,101.6154,-27.35809,-501.7928,196.9876,54016110000000.0,41905730000000.0,3841599000000.0,0.7761348,6.839485e-06,4.133726e-06,-2.552976e-06,4.227348e-06,1.052178e-05,-9.208726e-06,-6.770916e-06,1.89633e-05,35946660000000.0,3010141000000.0,0.6215072,5.923465e-06,3.404372e-06,-2.385221e-06,3.484069e-06,8.932223e-06,-8.149306e-06,-6.037637e-06,1.624057e-05,26527480000000.0,1840482000000.0,0.4136274,4.321604e-06,2.267038e-06,-1.954704e-06,2.323179e-06,6.293352e-06,-6.159713e-06,-4.618557e-06,1.162163e-05,1291954000000.0,58540000000000.0,1.242996,12380000000000.0,-1.035
95,0.2872,25.47605,6.238828999999995,1023.138,487.4867,123.897,121.9109,-225.9132,-139.5599,32582670000000.0,28738110000000.0,2204360000000.0,0.6843262,2.996122e-06,2.478542e-08,-2.897689e-06,7.943276e-08,2.838543e-06,-5.819454e-06,-4.749789e-06,6.524719e-06,25662460000000.0,1780084000000.0,0.557078,2.645967e-06,2.089799e-08,-2.5596e-06,6.874294e-08,2.504458e-06,-5.139858e-06,-4.195085e-06,5.759112e-06,18165560000000.0,1054249000000.0,0.362922,1.910342e-06,1.371714e-08,-1.848666e-06,4.757948e-08,1.804594e-06,-3.711506e-06,-3.029199e-06,4.153229e-06,980544200000.0,34120000000000.0,0.8695852,5048000000000.0,-0.7022145
97,0.2882,26.78125,5.227860999999995,1017.011,513.3119,104.2349,127.5509,-679.2796,-148.7121,36715570000000.0,24605200000000.0,1811569000000.0,0.6595529,2.892567e-06,1.981465e-06,-8.516069e-07,2.025616e-06,4.697278e-06,-3.670195e-06,-2.638858e-06,8.274863e-06,20472300000000.0,1290022000000.0,0.5130215,2.325918e-06,1.510313e-06,-7.670693e-07,1.545309e-06,3.692288e-06,-3.033277e-06,-2.203896e-06,6.567924e-06,13840430000000.0,694053000000.0,0.3330589,1.52513e-06,9.029803e-07,-5.895099e-07,9.25308e-07,2.331538e-06,-2.075252e-06,-1.531304e-06,4.215815e-06,889970100000.0,44230000000000.0,1.014066,7631000000000.0,-0.8077
98,0.2897,25.5739,5.126497000000002,1032.948,494.3274,102.7347,-61.1048,-160.9229,158.19,72277780000000.0,59206260000000.0,5792417000000.0,0.868574,1.240031e-05,3.081906e-06,-9.00341e-06,3.262356e-06,1.463182e-05,-2.107849e-05,-1.66506e-05,2.987308e-05,50171540000000.0,4559105000000.0,0.6913189,1.102608e-05,2.61541e-06,-8.128032e-06,2.773227e-06,1.28769e-05,-1.886482e-05,-1.492682e-05,2.642468e-05,33928270000000.0,2652880000000.0,0.4482973,8.11006e-06,1.751429e-06,-6.14652e-06,1.863131e-06,9.285123e-06,-1.404364e-05,-1.114573e-05,1.924267e-05,1718166000000.0,75290000000000.0,1.50356,19260000000000.0,-1.27908
99,0.2906,25.24162,6.762489999999998,1035.451,488.1651,135.7437,90.5675,-284.1074,-180.7897,69009900000000.0,55553930000000.0,5584534000000.0,0.8490767,1.18811e-05,1.558377e-06,-1.001014e-05,1.734404e-06,1.261356e-05,-2.158786e-05,-1.733995e-05,2.719641e-05,50940460000000.0,4721755000000.0,0.6985464,1.09472e-05,1.373213e-06,-9.283546e-06,1.53297e-06,1.155158e-05,-1.995105e-05,-1.60363e-05,2.498401e-05,39695110000000.0,3203970000000.0,0.4725588,8.930261e-06,1.021946e-06,-7.666927e-06,1.147753e-06,9.310518e-06,-1.636874e-05,-1.317389e-05,2.026047e-05,1543844000000.0,119500000000000.0,1.618191,32900000000000.0,-1.416
100,0.2926,27.1155,6.098044999999995,1026.74,525.7601,123.2364,219.0014,-213.8332,-23.97307,56611180000000.0,49787090000000.0,4622334000000.0,0.8191364,8.715865e-06,-1.981855e-06,-1.045686e-05,-1.826922e-06,6.157575e-06,-1.896485e-05,-1.584389e-05,1.683412e-05,41136820000000.0,3585842000000.0,0.645371,7.583051e-06,-1.637438e-06,-9.009006e-06,-1.50461e-06,5.4378e-06,-1.641108e-05,-1.369516e-05,1.472342e-05,28930330000000.0,2145918000000.0,0.4243428,5.554733e-06,-1.090278e-06,-6.487246e-06,-9.959078e-07,4.083123e-06,-1.190924e-05,-9.918887e-06,1.088016e-05,1500085000000.0,71930000000000.0,1.387489,16980000000000.0,-1.15137
101,0.2917,26.24523,5.631319000000005,1032.78,509.2041,113.5399,59.45156,-441.8959,-37.6703,58245120000000.0,51901600000000.0,4875321000000.0,0.8312205,9.124194e-06,3.191746e-06,-5.712209e-06,3.324073e-06,1.17044e-05,-1.459717e-05,-1.134078e-05,2.29377e-05,44596930000000.0,3852734000000.0,0.6674666,8.008033e-06,2.676424e-06,-5.136443e-06,2.790778e-06,1.014188e-05,-1.29343e-05,-1.007576e-05,1.999784e-05,31140960000000.0,2228622000000.0,0.4342164,5.810238e-06,1.782026e-06,-3.883821e-06,1.862295e-06,7.189791e-06,-9.541295e-06,-7.466491e-06,1.433605e-05,1534211000000.0,55740000000000.0,1.323362,12550000000000.0,-1.089
102,0.2934,25.66402,6.391205999999995,1041.914,500.6338,129.4809,283.2447,-351.7755,-106.5677,29795360000000.0,17204420000000.0,739750800000.0,0.5824071,1.406313e-06,-5.27041e-07,-1.898904e-06,-4.985393e-07,7.984679e-07,-3.27268e-06,-2.769904e-06,2.528279e-06,16147160000000.0,544087200000.0,0.4732233,1.118853e-06,-4.047387e-07,-1.496025e-06,-3.821932e-07,6.493807e-07,-2.588953e-06,-2.188921e-06,2.025352e-06,10476430000000.0,255820200000.0,0.3022306,6.202798e-07,-2.098177e-07,-8.146406e-07,-1.974661e-07,3.740739e-07,-1.420509e-06,-1.198702e-06,1.136615e-06,700047800000.0,13920000000000.0,0.7634156,1808000000000.0,-0.5718
104,0.2957,25.67568,4.890898999999994,1052.505,505.9865,99.93013,-102.3615,-477.0103,334.6261,65645910000000.0,48345380000000.0,5164856000000.0,0.8090504,1.027381e-05,6.252133e-06,-3.789918e-06,6.379126e-06,1.581986e-05,-1.378363e-05,-1.012102e-05,2.849635e-05,42097960000000.0,4028919000000.0,0.6506667,8.868368e-06,5.158568e-06,-3.507321e-06,5.265986e-06,1.341011e-05,-1.213355e-05,-8.971394e-06,2.434839e-05,31429300000000.0,2464215000000.0,0.4372847,6.506405e-06,3.471749e-06,-2.882528e-06,3.547254e-06,9.514668e-06,-9.210803e-06,-6.889939e-06,1.753363e-05,1430056000000.0,61810000000000.0,1.394997,14670000000000.0,-1.15236
105,0.2959,25.50851,5.819561000000001,1052.816,502.3596,118.8939,171.9095,-335.0421,122.3567,33447700000000.0,33063240000000.0,2071909000000.0,0.7174181,2.472331e-06,-2.152241e-07,-2.627306e-06,-1.686013e-07,2.109716e-06,-5.039762e-06,-4.156683e-06,5.151923e-06,31044840000000.0,1733166000000.0,0.5898906,2.230464e-06,-1.856387e-07,-2.361412e-06,-1.438704e-07,1.910866e-06,-4.537794e-06,-3.741035e-06,4.654905e-06,17492760000000.0,880651600000.0,0.357256,1.502499e-06,-1.132021e-07,-1.578303e-06,-8.557048e-08,1.297379e-06,-3.044279e-06,-2.507432e-06,3.144915e-06,1150931000000.0,26720000000000.0,0.8055337,3662000000000.0,-0.673398
107,0.2954,25.17913,5.290396999999994,1054.958,495.9562,107.9437,178.9123,-374.4221,271.0092,78813530000000.0,66318710000000.0,6337516000000.0,0.9002485,1.387702e-05,-7.934515e-07,-1.429127e-05,-5.726152e-07,1.212357e-05,-2.78311e-05,-2.286121e-05,2.912877e-05,53919990000000.0,4876406000000.0,0.7067846,1.208334e-05,-6.561673e-07,-1.240565e-05,-4.674503e-07,1.057966e-05,-2.419499e-05,-1.986647e-05,2.538064e-05,37100030000000.0,2822723000000.0,0.4592934,8.775198e-06,-4.335257e-07,-8.960895e-06,-3.017761e-07,7.709072e-06,-1.752206e-05,-1.437705e-05,1.844876e-05,1880135000000.0,84470000000000.0,1.672065,24030000000000.0,-1.423
109,0.2952,24.97586,6.754277999999995,1053.189,490.5701,137.6005,201.5278,-291.7802,-209.2446,42674650000000.0,39791220000000.0,3547776000000.0,0.7577348,5.40032e-06,-5.345351e-07,-5.796311e-06,-4.377941e-07,4.524812e-06,-1.106586e-05,-9.134946e-06,1.115812e-05,35850550000000.0,2880699000000.0,0.6180402,4.807762e-06,-4.554763e-07,-5.138991e-06,-3.702038e-07,4.045924e-06,-9.830213e-06,-8.110937e-06,9.949873e-06,25374110000000.0,1736161000000.0,0.4059521,3.59855e-06,-3.133019e-07,-3.817438e-06,-2.508346e-07,3.051507e-06,-7.328594e-06,-6.041359e-06,7.468162e-06,1258596000000.0,39160000000000.0,1.035338,6898000000000.0,-0.8376633
110,0.2962,25.01769,5.332295000000003,1058.815,494.1315,109.0573,-251.5997,-253.7839,172.9477,167526800000000.0,142537200000000.0,16465820000000.0,1.159388,5.712278e-05,2.27236e-05,-3.284695e-05,2.311465e-05,7.49908e-05,-8.833981e-05,-6.791414e-05,0.0001450265,119565900000000.0,12919640000000.0,0.9200638,5.089592e-05,1.934113e-05,-3.01513e-05,1.966862e-05,6.584375e-05,-7.959401e-05,-6.138829e-05,0.0001282089,73527260000000.0,7183793000000.0,0.5765162,3.689665e-05,1.274911e-05,-2.309536e-05,1.295086e-05,4.634698e-05,-5.893693e-05,-4.57275e-05,9.149677e-05,3388108000000.0,93720000000000.0,2.651579,42280000000000.0,-2.270162
112,0.2964,25.42112,6.574079999999999,1053.51,500.7192,134.428,65.64574,-385.7177,-87.96332,130715100000000.0,100439200000000.0,12491080000000.0,1.032679,3.648014e-05,6.263767e-06,-2.918239e-05,6.670419e-06,3.986087e-05,-6.470555e-05,-5.163958e-05,8.450873e-05,91116130000000.0,10494040000000.0,0.8407833,3.35188e-05,5.508249e-06,-2.705016e-05,5.871328e-06,3.634427e-05,-5.968908e-05,-4.76805e-05,7.734983e-05,71701090000000.0,7179514000000.0,0.5729962,2.736997e-05,4.129431e-06,-2.243824e-05,4.407321e-06,2.924947e-05,-4.908875e-05,-3.92773e-05,6.270133e-05,2384427000000.0,109400000000000.0,2.214586,41220000000000.0,-1.948796
114,0.2967,25.11695,5.805730000000007,1059.19,496.5431,118.9424,-172.804,-213.6768,46.41005,30564270000000.0,15474360000000.0,738274800000.0,0.5528552,9.91642e-07,1.015137e-06,4.402608e-08,1.030625e-06,1.947409e-06,-9.204158e-07,-5.678517e-07,3.174395e-06,12494830000000.0,524502700000.0,0.4363553,7.794439e-07,7.587316e-07,-4.437899e-09,7.707752e-07,1.49108e-06,-7.62488e-07,-4.853309e-07,2.455276e-06,9899749000000.0,315052700000.0,0.3092025,5.369578e-07,4.852629e-07,-4.033768e-08,4.934195e-07,9.893165e-07,-5.625436e-07,-3.715701e-07,1.653302e-06,618200800000.0,21830000000000.0,0.7783881,2891000000000.0,-0.6062
115,0.2967,25.57939,6.9010929999999995,1051.924,503.5322,141.1517,166.4161,-421.2555,-421.5187,59494610000000.0,27200280000000.0,2154993000000.0,0.6690766,4.571192e-06,1.056887e-06,-3.407251e-06,1.131648e-06,5.340097e-06,-7.864812e-06,-6.232165e-06,1.097194e-05,22586810000000.0,1453901000000.0,0.5283904,3.523359e-06,7.873106e-07,-2.652874e-06,8.443776e-07,4.086806e-06,-6.088506e-06,-4.829975e-06,8.426605e-06,14128770000000.0,609960600000.0,0.3332999,2.041957e-06,4.258536e-07,-1.567096e-06,4.582345e-07,2.335731e-06,-3.558049e-06,-2.828505e-06,4.849533e-06,980298100000.0,21310000000000.0,1.022723,3708000000000.0,-0.7993
116,0.2967,25.49893,5.888282999999994,1055.615,503.4782,120.618,-121.4989,-532.5502,27.29119,67856530000000.0,43731900000000.0,4339612000000.0,0.7816432,8.70456e-06,6.669461e-06,-1.847226e-06,6.771321e-06,1.477847e-05,-1.030728e-05,-7.208142e-06,2.553459e-05,35273860000000.0,3029079000000.0,0.6164955,6.803226e-06,5.031252e-06,-1.623717e-06,5.109556e-06,1.136467e-05,-8.235656e-06,-5.813104e-06,1.976893e-05,22106240000000.0,1392995000000.0,0.387233,3.975679e-06,2.739021e-06,-1.148233e-06,2.783111e-06,6.434638e-06,-5.011916e-06,-3.595752e-06,1.134288e-05,1414727000000.0,30200000000000.0,1.251428,6430000000000.0,-0.9792
118,0.2971,24.91014,6.2900520000000055,1061.051,492.7518,128.951,-119.1864,-166.7746,36.45322,42001850000000.0,38349510000000.0,3002268000000.0,0.747859,4.590861e-06,2.343587e-06,-2.140967e-06,2.413168e-06,6.639716e-06,-6.608311e-06,-4.972734e-06,1.230063e-05,30564270000000.0,2246179000000.0,0.587323,3.852803e-06,1.871695e-06,-1.891097e-06,1.929278e-06,5.474536e-06,-5.640208e-06,-4.267325e-06,1.022399e-05,19030590000000.0,1179644000000.0,0.3742612,2.525162e-06,1.119575e-06,-1.345535e-06,1.156228e-06,3.477417e-06,-3.802697e-06,-2.902558e-06,6.588421e-06,1294296000000.0,36930000000000.0,1.050747,6602000000000.0,-0.835263
119,0.2981,24.851970000000005,6.626067000000003,1064.06,492.8367,136.2211,-266.5964,-266.6927,-126.4267,55169470000000.0,49402630000000.0,4290297000000.0,0.8156558,7.430879e-06,6.912903e-06,-3.612609e-07,6.999456e-06,1.384131e-05,-7.5785e-06,-4.935893e-06,2.303134e-05,41136820000000.0,3393701000000.0,0.6468816,6.529548e-06,5.768613e-06,-6.216386e-07,5.843151e-06,1.185165e-05,-6.963307e-06,-4.640797e-06,1.992424e-05,30852620000000.0,2118109000000.0,0.4325943,4.995981e-06,4.054847e-06,-8.323783e-07,4.109776e-06,8.702296e-06,-5.684421e-06,-3.906769e-06,1.487516e-05,1469728000000.0,50070000000000.0,1.24314,10590000000000.0,-1.036
120,0.2994,25.07034,6.568054000000001,1066.918,499.1077,135.6209,-438.9193,-398.1793,-116.6411,47960920000000.0,43347440000000.0,3629181000000.0,0.7808947,5.859144e-06,9.117129e-06,3.359902e-06,9.170073e-06,1.458246e-05,-2.320922e-06,-2.429612e-07,2.186592e-05,35850550000000.0,2818396000000.0,0.6162861,5.068844e-06,7.489736e-06,2.510456e-06,7.534376e-06,1.221388e-05,-2.403844e-06,-6.058857e-07,1.851259e-05,25374110000000.0,1688695000000.0,0.4072871,3.674712e-06,4.953221e-06,1.345359e-06,4.983928e-06,8.372406e-06,-2.216981e-06,-9.131123e-07,1.293548e-05,1353307000000.0,57870000000000.0,1.20762,11890000000000.0,-0.9989099
121,0.2972,24.93996,5.254279999999994,1063.028,494.3425,107.8121,-572.0856,-355.7928,343.0758,31044840000000.0,24028520000000.0,1842476000000.0,0.6422157,2.589142e-06,5.975638e-06,3.423182e-06,6.000347e-06,8.403783e-06,9.114449e-07,1.828907e-06,1.163567e-05,21433440000000.0,1463871000000.0,0.5233592,2.259324e-06,4.973316e-06,2.746589e-06,4.994513e-06,7.090759e-06,5.550447e-07,1.355668e-06,9.91004e-06,16243280000000.0,882000600000.0,0.3488873,1.651852e-06,3.317539e-06,1.690369e-06,3.332476e-06,4.86356e-06,8.838283e-08,6.738079e-07,6.923463e-06,840037000000.0,44460000000000.0,0.9066295,6858000000000.0,-0.730795
122,0.3001,25.42612,6.473542999999994,1065.993,506.7662,133.9282,-296.0633,-490.6737,-105.1938,88905510000000.0,80543590000000.0,8456069000000.0,0.9569915,1.907908e-05,1.723067e-05,-1.446208e-06,1.738455e-05,3.489455e-05,-1.995572e-05,-1.316926e-05,5.848956e-05,65742020000000.0,6506901000000.0,0.7531865,1.666e-05,1.437961e-05,-1.924153e-06,1.450928e-05,2.978827e-05,-1.808625e-05,-1.215892e-05,5.038295e-05,41232930000000.0,3501744000000.0,0.4751034,1.151528e-05,9.117207e-06,-2.144535e-06,9.199869e-06,1.974467e-05,-1.331497e-05,-9.215989e-06,3.396689e-05,2212532000000.0,87520000000000.0,1.79512,26730000000000.0,-1.52262
123,0.3021,26.53948,4.915783999999995,1065.805,532.3079,102.4645,-188.7639,-690.8959,344.1104,106494400000000.0,95152930000000.0,10834970000000.0,1.010762,2.733261e-05,1.947757e-05,-7.24081e-06,1.967749e-05,4.468422e-05,-3.378041e-05,-2.403639e-05,7.841238e-05,83138670000000.0,8926003000000.0,0.8147265,2.485849e-05,1.695363e-05,-7.337947e-06,1.712803e-05,3.985378e-05,-3.147394e-05,-2.260996e-05,7.051479e-05,60744090000000.0,5755125000000.0,0.5410214,1.95156e-05,1.219356e-05,-6.862832e-06,1.231751e-05,3.012868e-05,-2.580931e-05,-1.88469e-05,5.41754e-05,2373114000000.0,89440000000000.0,1.993818,30340000000000.0,-1.712973
124,0.3008,26.15511,5.405116999999999,1064.07,522.5522,112.1654,-205.3303,-383.2483,313.5595,49594860000000.0,27680850000000.0,1813828000000.0,0.6734276,3.02008e-06,3.175761e-06,2.155858e-07,3.216784e-06,6.006755e-06,-2.72092e-06,-1.646847e-06,9.747462e-06,19222810000000.0,1138308000000.0,0.5006173,2.232942e-06,2.218209e-06,3.018288e-08,2.248015e-06,4.30955e-06,-2.140839e-06,-1.346583e-06,7.074267e-06,12014260000000.0,531102200000.0,0.3175362,1.314593e-06,1.202534e-06,-8.504957e-08,1.21959e-06,2.432099e-06,-1.363086e-06,-8.953642e-07,4.058817e-06,1044952000000.0,26240000000000.0,0.9837853,4392000000000.0,-0.7796
126,0.2999,27.173370000000002,7.076338999999995,1048.121,538.0453,146.253,-98.54251,-318.9239,-573.6807,34312720000000.0,30948730000000.0,2134509000000.0,0.6961958,3.196349e-06,3.155006e-06,2.108988e-08,3.199436e-06,6.153527e-06,-3.089262e-06,-1.951549e-06,1.011334e-05,25470230000000.0,1542239000000.0,0.5498236,2.65038e-06,2.502387e-06,-9.561704e-08,2.538776e-06,4.98712e-06,-2.674507e-06,-1.731048e-06,8.269584e-06,15474360000000.0,707263900000.0,0.3425952,1.636776e-06,1.422876e-06,-1.808242e-07,1.44478e-06,2.95536e-06,-1.773254e-06,-1.190497e-06,4.981303e-06,1119415000000.0,17330000000000.0,0.868586,2561000000000.0,-0.63756
127,0.3018,26.28394,5.404645000000003,1065.909,526.4336,112.4739,-217.4817,-715.6041,171.6167,48249260000000.0,43828010000000.0,3833384000000.0,0.7798603,6.199481e-06,8.203026e-06,2.113956e-06,8.266429e-06,1.399311e-05,-3.906501e-06,-1.703741e-06,2.169271e-05,37196140000000.0,2970699000000.0,0.6232047,5.362238e-06,6.774402e-06,1.509142e-06,6.828129e-06,1.177858e-05,-3.69783e-06,-1.792345e-06,1.843593e-05,23836290000000.0,1629181000000.0,0.3971153,3.687674e-06,4.259185e-06,6.402962e-07,4.294488e-06,7.69485e-06,-2.940074e-06,-1.629305e-06,1.226975e-05,1393293000000.0,53300000000000.0,1.198683,10870000000000.0,-0.977031
129,0.3035,26.09609,6.143303999999998,1071.884,525.02,128.4671,48.95538,-689.1049,22.36736,31717640000000.0,28641990000000.0,2321901000000.0,0.6865887,3.179129e-06,2.611426e-06,-5.030852e-07,2.656778e-06,5.591982e-06,-3.598667e-06,-2.465868e-06,9.525729e-06,25854680000000.0,1894169000000.0,0.5557161,2.838317e-06,2.215967e-06,-5.63925e-07,2.255926e-06,4.875089e-06,-3.327414e-06,-2.31597e-06,8.385957e-06,19895610000000.0,1240459000000.0,0.3727708,2.211862e-06,1.569505e-06,-5.957074e-07,1.599797e-06,3.638723e-06,-2.748931e-06,-1.960572e-06,6.372893e-06,951773400000.0,72030000000000.0,1.055084,12930000000000.0,-0.8705
130,0.3045,25.855490000000003,6.067378999999996,1077.517,522.18,127.2733,-469.5815,-486.0978,13.97466,305835000000000.0,259796300000000.0,35603780000000.0,1.40896,0.0001741621,8.696394e-05,-8.213519e-05,8.630596e-05,0.0002425212,-0.0002507298,-0.0001883647,0.0004554155,228751500000000.0,29901230000000.0,1.139822,0.0001612248,7.730617e-05,-7.91484e-05,7.661394e-05,0.0002210404,-0.0002352141,-0.0001774552,0.0004179701,170506400000000.0,20087560000000.0,0.7607294,0.0001312461,5.776548e-05,-6.943804e-05,5.704234e-05,0.0001742604,-0.0001964745,-0.0001494044,0.000334284,4951718000000.0,158400000000000.0,4.193002,113000000000000.0,-3.71547
132,0.3061,25.11309,5.582849000000002,1090.167,510.975,117.687,-283.409,-497.6383,91.43356,82754210000000.0,61320770000000.0,6086449000000.0,0.8704503,1.318027e-05,1.243781e-05,-4.71125e-07,1.256087e-05,2.467957e-05,-1.326336e-05,-8.576359e-06,4.099047e-05,46038640000000.0,4086577000000.0,0.6678744,1.027666e-05,9.30616e-06,-7.562165e-07,9.399593e-06,1.88427e-05,-1.072999e-05,-7.074831e-06,3.155564e-05,23740170000000.0,1636047000000.0,0.3948884,5.351925e-06,4.548799e-06,-6.891817e-07,4.595256e-06,9.508002e-06,-5.883109e-06,-3.978929e-06,1.612467e-05,1949387000000.0,40170000000000.0,1.453238,9932000000000.0,-1.18701
133,0.3073,26.828790000000005,6.937578999999995,1075.64,544.0236,146.6704,-445.5515,-441.6548,-331.6257,48633720000000.0,34601060000000.0,2801391000000.0,0.7193755,4.85771e-06,8.98327e-06,4.201417e-06,9.025886e-06,1.352353e-05,-5.079812e-07,1.213482e-06,1.957631e-05,28353650000000.0,2013343000000.0,0.5690881,4.021918e-06,7.120624e-06,3.162516e-06,7.15515e-06,1.087701e-05,-7.363342e-07,6.890895e-07,1.588674e-05,15570480000000.0,885778000000.0,0.3439576,2.381985e-06,3.835566e-06,1.492736e-06,3.85494e-06,6.056516e-06,-8.160309e-07,2.840756e-08,9.021278e-06,1234566000000.0,31120000000000.0,1.057859,5601000000000.0,-0.832788
136,0.3202,25.11843,4.827091999999995,1138.422,533.7224,106.1792,52.66768,-153.8553,-17.84306,30179820000000.0,26239140000000.0,1855882000000.0,0.6586413,2.280303e-06,1.568454e-07,-2.06773e-06,1.98238e-07,2.298747e-06,-4.290521e-06,-3.476909e-06,5.105086e-06,22971260000000.0,1435696000000.0,0.5269698,1.978147e-06,1.299289e-07,-1.799573e-06,1.655247e-07,1.987014e-06,-3.727816e-06,-3.021917e-06,4.420976e-06,14801570000000.0,776770400000.0,0.3362267,1.370512e-06,8.179403e-08,-1.254539e-06,1.059613e-07,1.36685e-06,-2.590459e-06,-2.10124e-06,3.052345e-06,939361200000.0,42530000000000.0,0.9183356,6645000000000.0,-0.733293
138,0.3262,25.4849,6.588992999999998,1150.95,548.603,147.2755,224.216,-76.80904,168.3648,40367910000000.0,38061170000000.0,3251060000000.0,0.7414956,4.289491e-06,-2.293201e-06,-6.462063e-06,-2.20803e-06,1.725466e-06,-1.065379e-05,-9.116753e-06,6.975749e-06,35369980000000.0,2761344000000.0,0.6079357,3.935271e-06,-2.010398e-06,-5.834315e-06,-1.932951e-06,1.674194e-06,-9.679838e-06,-8.269525e-06,6.489761e-06,25950800000000.0,1858534000000.0,0.4065116,3.150114e-06,-1.465209e-06,-4.524936e-06,-1.404487e-06,1.480169e-06,-7.603119e-06,-6.47381e-06,5.332832e-06,1189031000000.0,88000000000000.0,1.179532,17660000000000.0,-1.00782
139,0.3258,25.23881,6.872642999999998,1151.524,542.819,153.4394,258.1554,-54.14614,19.87949,43828010000000.0,40175680000000.0,3591955000000.0,0.7506725,4.928623e-06,-2.882476e-06,-7.670701e-06,-2.782977e-06,1.735399e-06,-1.248804e-05,-1.072146e-05,7.764847e-06,37388370000000.0,2970501000000.0,0.6191378,4.442572e-06,-2.493425e-06,-6.8087e-06,-2.4045e-06,1.666608e-06,-1.115091e-05,-9.558325e-06,7.100186e-06,26527480000000.0,1820556000000.0,0.4062906,3.326194e-06,-1.709191e-06,-4.938768e-06,-1.643962e-06,1.401162e-06,-8.189744e-06,-6.996951e-06,5.467116e-06,1250267000000.0,43180000000000.0,1.081875,7948000000000.0,-0.8792339
140,0.3306,26.61198,7.065380999999999,1152.773,577.5672,159.8082,284.705,32.09803,186.0432,52766620000000.0,45750300000000.0,4052898000000.0,0.7824993,6.091447e-06,-4.537454e-06,-1.044714e-05,-4.410634e-06,1.164385e-06,-1.640699e-05,-1.421994e-05,8.60127e-06,40175680000000.0,3308946000000.0,0.6341162,5.495044e-06,-3.908799e-06,-9.238761e-06,-3.795524e-06,1.231167e-06,-1.461499e-05,-1.264174e-05,7.938043e-06,28834220000000.0,2072499000000.0,0.4183304,4.210167e-06,-2.72674e-06,-6.808499e-06,-2.641911e-06,1.205118e-06,-1.092748e-05,-9.415047e-06,6.340522e-06,1380286000000.0,71700000000000.0,1.29193,15760000000000.0,-1.097
141,0.3284,26.58051,6.101726999999999,1148.535,574.6549,137.2885,92.00527,-6.042419,178.413,31621530000000.0,24509090000000.0,1792169000000.0,0.6331927,2.350075e-06,-7.573754e-07,-3.045818e-06,-7.115528e-07,1.449504e-06,-5.33976e-06,-4.499546e-06,4.334049e-06,20376180000000.0,1304743000000.0,0.5060715,1.916877e-06,-5.925078e-07,-2.458797e-06,-5.554598e-07,1.206522e-06,-4.329873e-06,-3.644438e-06,3.558809e-06,14224880000000.0,684771000000.0,0.3320375,1.244848e-06,-3.55965e-07,-1.567552e-06,-3.323302e-07,8.109968e-07,-2.782638e-06,-2.337376e-06,2.337909e-06,893846400000.0,34820000000000.0,0.9662126,5724000000000.0,-0.729828
142,0.3283,26.39824,6.180417000000005,1149.676,570.6603,138.9904,182.9433,124.6419,-6.974128,37388370000000.0,29026450000000.0,2543028000000.0,0.6856063,3.209025e-06,-2.17169e-06,-5.29038e-06,-2.105051e-06,8.399843e-07,-8.427042e-06,-7.27728e-06,4.767637e-06,26143030000000.0,2025385000000.0,0.5485361,2.809079e-06,-1.805075e-06,-4.534527e-06,-1.74731e-06,8.294364e-07,-7.280232e-06,-6.273594e-06,4.266649e-06,20280070000000.0,1306756000000.0,0.3718482,2.149189e-06,-1.26173e-06,-3.34921e-06,-1.218354e-06,7.512929e-07,-5.44987e-06,-4.679456e-06,3.379723e-06,961936500000.0,56240000000000.0,1.030256,9858000000000.0,-0.8461
144,0.3286,26.85853,6.178267000000003,1146.315,580.5156,139.0945,210.1664,-66.20516,101.7146,39791220000000.0,30564270000000.0,2785956000000.0,0.6833316,3.629874e-06,-1.819737e-06,-5.349555e-06,-1.747255e-06,1.584788e-06,-8.895666e-06,-7.595916e-06,6.031404e-06,27200280000000.0,2220377000000.0,0.5604236,3.166036e-06,-1.520795e-06,-4.59901e-06,-1.458142e-06,1.446877e-06,-7.691954e-06,-6.558119e-06,5.324355e-06,21145090000000.0,1364158000000.0,0.3780547,2.30157e-06,-1.013235e-06,-3.250091e-06,-9.685905e-07,1.141259e-06,-5.498477e-06,-4.673956e-06,3.958536e-06,1006787000000.0,43270000000000.0,1.016189,7481000000000.0,-0.8133867
149,0.3355,27.13781,6.835336,1163.7,596.4647,156.7467,52.57803,121.1143,9.519318,30756500000000.0,19318930000000.0,1516360000000.0,0.5842699,2.945997e-06,-8.182753e-07,-3.684568e-06,-7.628046e-07,1.941238e-06,-6.560042e-06,-5.506118e-06,5.553142e-06,12302600000000.0,792750700000.0,0.4285056,2.03685e-06,-5.467118e-07,-2.528132e-06,-5.087027e-07,1.360117e-06,-4.516214e-06,-3.787427e-06,3.856817e-06,7785239000000.0,292952500000.0,0.2718949,1.011994e-06,-2.621431e-07,-1.246426e-06,-2.434394e-07,6.846778e-07,-2.234186e-06,-1.872037e-06,1.924852e-06,806178900000.0,10550000000000.0,0.9136781,1640000000000.0,-0.540045
154,0.3359,26.06874,6.0244610000000005,1177.85,576.2263,138.3836,258.5185,-98.07529,213.0045,50171540000000.0,39310650000000.0,3491231000000.0,0.739295,5.122691e-06,-2.872877e-06,-7.849282e-06,-2.770759e-06,1.923593e-06,-1.285696e-05,-1.102018e-05,8.189511e-06,33159350000000.0,2759328000000.0,0.5967523,4.473961e-06,-2.39018e-06,-6.735372e-06,-2.302003e-06,1.79563e-06,-1.110879e-05,-9.504333e-06,7.266347e-06,23836290000000.0,1646926000000.0,0.3914092,3.30811e-06,-1.61157e-06,-4.822934e-06,-1.54792e-06,1.478515e-06,-8.056577e-06,-6.869761e-06,5.521055e-06,1251651000000.0,83350000000000.0,1.29752,18400000000000.0,-1.09079
159,0.3364,26.41235,6.326867999999996,1175.885,584.0307,145.5726,60.92477,-46.23596,109.927,45558070000000.0,39406770000000.0,3751491000000.0,0.7423251,5.053121e-06,-6.181849e-07,-5.53615e-06,-5.294102e-07,4.105963e-06,-1.04651e-05,-8.6581e-06,1.030432e-05,37292260000000.0,3274117000000.0,0.6318821,4.701269e-06,-5.544998e-07,-5.129357e-06,-4.726103e-07,3.838467e-06,-9.715079e-06,-8.033684e-06,9.604077e-06,29699250000000.0,2198025000000.0,0.4210342,3.785634e-06,-4.075365e-07,-4.089915e-06,-3.431438e-07,3.124929e-06,-7.782468e-06,-6.428059e-06,7.765089e-06,1185750000000.0,64540000000000.0,1.156582,12700000000000.0,-0.973863
160,0.3377,25.95635,5.861135000000001,1185.26,576.9723,135.3224,-17.47197,-243.0429,436.67,45558070000000.0,30660390000000.0,2586388000000.0,0.6790996,3.630861e-06,8.548615e-07,-2.69027e-06,9.153167e-07,4.258559e-06,-6.229846e-06,-4.933672e-06,8.731235e-06,27200280000000.0,2043541000000.0,0.5541023,3.164197e-06,7.128098e-07,-2.37603e-06,7.649265e-07,3.67713e-06,-5.460555e-06,-4.330835e-06,7.573879e-06,19895610000000.0,1221401000000.0,0.3707286,2.280871e-06,4.700305e-07,-1.755523e-06,5.066999e-07,2.603828e-06,-3.9788e-06,-3.164224e-06,5.411093e-06,1017312000000.0,47590000000000.0,1.061159,8592000000000.0,-0.8789
162,0.3418,25.32612,5.455109000000003,1205.805,570.6543,127.3968,349.2457,-239.6693,339.5494,36907800000000.0,27873080000000.0,1662394000000.0,0.6565393,2.777147e-06,-1.801612e-06,-4.500306e-06,-1.744125e-06,8.029835e-07,-7.217551e-06,-6.221029e-06,4.200612e-06,15474360000000.0,783693000000.0,0.4604523,1.670552e-06,-1.056709e-06,-2.679848e-06,-1.022331e-06,5.093803e-07,-4.314328e-06,-3.714834e-06,2.552811e-06,5959072000000.0,176218100000.0,0.2463357,5.81424e-07,-3.534502e-07,-9.18238e-07,-3.4161e-07,1.912062e-07,-1.487086e-06,-1.278404e-06,9.021868e-07,1275472000000.0,6616000000000.0,0.9079401,1022000000000.0,-0.543708
163,0.3445,24.91833,5.142254000000005,1219.113,566.3673,120.9704,-321.1331,-591.6663,424.9367,28257540000000.0,20087840000000.0,1456585000000.0,0.5998505,2.021149e-06,3.401681e-06,1.412858e-06,3.424547e-06,5.298065e-06,-5.509972e-07,1.667452e-07,7.814165e-06,14417110000000.0,850729800000.0,0.4480333,1.455678e-06,2.359777e-06,9.277056e-07,2.376035e-06,3.724804e-06,-4.865841e-07,3.037325e-08,5.536447e-06,8746380000000.0,358370000000.0,0.2841284,7.86139e-07,1.213095e-06,4.399403e-07,1.221716e-06,1.949689e-06,-3.237624e-07,-4.455898e-08,2.927692e-06,802107500000.0,11350000000000.0,0.7643501,1476000000000.0,-0.504801
164,0.3436,24.88162,5.333966000000007,1216.126,564.0328,125.1614,-38.24837,-199.8687,286.4139,59206260000000.0,24412970000000.0,2019656000000.0,0.6287469,2.581632e-06,7.765824e-07,-1.744433e-06,8.199052e-07,3.198349e-06,-4.259727e-06,-3.338978e-06,6.37965e-06,21721780000000.0,1545021000000.0,0.516631,2.152818e-06,6.219426e-07,-1.479961e-06,6.5772e-07,2.640303e-06,-3.577419e-06,-2.80951e-06,5.292566e-06,15474360000000.0,832839200000.0,0.339683,1.380753e-06,3.653434e-07,-9.822172e-07,3.877706e-07,1.658163e-06,-2.32741e-06,-1.834748e-06,3.358335e-06,858360200000.0,23850000000000.0,0.8852171,3592000000000.0,-0.733095
165,0.3433,25.09562,5.374664000000004,1212.66,567.9383,125.9816,53.67981,-543.4844,230.8574,94960700000000.0,72758350000000.0,7418568000000.0,0.9037179,1.38885e-05,4.326475e-06,-9.216891e-06,4.508638e-06,1.72334e-05,-2.27419e-05,-1.777974e-05,3.43137e-05,54688900000000.0,5131166000000.0,0.6974528,1.099164e-05,3.28478e-06,-7.430711e-06,3.426118e-06,1.349029e-05,-1.81343e-05,-1.420636e-05,2.70029e-05,27296390000000.0,2058761000000.0,0.4091842,5.792472e-06,1.596657e-06,-4.046882e-06,1.667874e-06,6.964183e-06,-9.687179e-06,-7.616264e-06,1.407937e-05,2250416000000.0,37290000000000.0,1.495019,9485000000000.0,-1.233
167,0.3443,26.892260000000004,5.104802999999998,1198.445,607.8022,120.041,-176.5894,-204.2983,425.5831,33928270000000.0,32390440000000.0,2314062000000.0,0.7015413,2.593781e-06,1.810909e-06,-7.270944e-07,1.849926e-06,4.242861e-06,-3.25202e-06,-2.328055e-06,7.447814e-06,29795360000000.0,1899023000000.0,0.5701636,2.32485e-06,1.550225e-06,-7.241818e-07,1.58482e-06,3.728738e-06,-2.987219e-06,-2.158967e-06,6.600654e-06,20760640000000.0,1144101000000.0,0.3728489,1.720243e-06,1.040186e-06,-6.419736e-07,1.06513e-06,2.649931e-06,-2.316335e-06,-1.703321e-06,4.773714e-06,1065646000000.0,65130000000000.0,1.038714,11510000000000.0,-0.871398
168,0.3427,25.67127,5.709029999999995,1204.911,579.1404,133.6499,-62.59309,-378.7061,192.6233,73719490000000.0,65549790000000.0,7195531000000.0,0.8730231,1.34729e-05,4.904236e-06,-8.2256e-06,5.062367e-06,1.738239e-05,-2.133447e-05,-1.652205e-05,3.393998e-05,59206260000000.0,5997710000000.0,0.7170394,1.222737e-05,4.264278e-06,-7.648464e-06,4.404525e-06,1.557831e-05,-1.954522e-05,-1.517671e-05,3.059954e-05,46807550000000.0,4079950000000.0,0.4906061,9.859586e-06,3.169966e-06,-6.430519e-06,3.277637e-06,1.227561e-05,-1.602316e-05,-1.249894e-05,2.43787e-05,1748868000000.0,103900000000000.0,1.781955,31500000000000.0,-1.495598
169,0.3431,27.08625,7.1051169999999955,1187.671,607.4026,166.2769,-81.02515,-23.34689,125.2354,75545660000000.0,67279850000000.0,6648636000000.0,0.8811835,1.170381e-05,1.592816e-06,-9.799607e-06,1.76336e-06,1.24743e-05,-2.120097e-05,-1.701728e-05,2.683494e-05,56130610000000.0,5189799000000.0,0.7036656,1.027931e-05,1.336375e-06,-8.666879e-06,1.48345e-06,1.088483e-05,-1.868049e-05,-1.500515e-05,2.349315e-05,38349510000000.0,3014588000000.0,0.4595447,7.477587e-06,8.917451e-07,-6.381097e-06,9.945917e-07,7.82453e-06,-1.36653e-05,-1.099039e-05,1.69895e-05,1890564000000.0,69940000000000.0,1.58832,18900000000000.0,-1.325292
172,0.3494,25.832830000000005,6.167666999999997,1223.348,592.2545,146.8772,-27.4267,-353.5921,270.0421,29795360000000.0,28257540000000.0,2105789000000.0,0.6638889,2.283565e-06,1.124376e-06,-1.107733e-06,1.160695e-06,3.265786e-06,-3.331804e-06,-2.517754e-06,6.083393e-06,26046910000000.0,1748243000000.0,0.5460565,2.05123e-06,9.647859e-07,-1.039846e-06,9.970771e-07,2.887205e-06,-3.037567e-06,-2.306258e-06,5.417516e-06,19607270000000.0,1151869000000.0,0.3712991,1.596027e-06,6.867308e-07,-8.724306e-07,7.113085e-07,2.180703e-06,-2.426726e-06,-1.857565e-06,4.148481e-06,946910000000.0,46520000000000.0,0.9434269,7467000000000.0,-0.7624438
174,0.3523,27.14719,5.582096000000002,1219.891,625.5178,133.9868,-313.6892,20.31642,376.7401,44981380000000.0,40656250000000.0,4006997000000.0,0.7449426,5.348024e-06,3.129596e-06,-2.096392e-06,3.200916e-06,8.117959e-06,-7.299785e-06,-5.393341e-06,1.471461e-05,38733970000000.0,3491678000000.0,0.62026,4.99289e-06,2.808858e-06,-2.069199e-06,2.874623e-06,7.463243e-06,-6.926927e-06,-5.146863e-06,1.362033e-05,33159350000000.0,2547899000000.0,0.4338954,4.223584e-06,2.19144e-06,-1.933334e-06,2.245529e-06,6.123561e-06,-6.04236e-06,-4.536147e-06,1.132914e-05,1190008000000.0,91200000000000.0,1.258662,19530000000000.0,-1.075754
177,0.3544,25.13083,7.005282000000005,1244.66,583.8584,168.9326,-83.22267,-384.6891,429.0436,41232930000000.0,35273860000000.0,2977700000000.0,0.7118658,3.715634e-06,1.958289e-06,-1.674287e-06,2.013054e-06,5.435151e-06,-5.292863e-06,-3.967753e-06,1.002044e-05,30275930000000.0,2362529000000.0,0.5707311,3.25633e-06,1.629975e-06,-1.552722e-06,1.677258e-06,4.674623e-06,-4.723814e-06,-3.56234e-06,8.691718e-06,23067380000000.0,1483714000000.0,0.3840307,2.470327e-06,1.129391e-06,-1.283883e-06,1.164223e-06,3.435627e-06,-3.689324e-06,-2.807947e-06,6.48111e-06,1129116000000.0,96290000000000.0,1.244623,20390000000000.0,-1.045908
178,0.3556,25.90768,6.075441999999996,1242.946,603.748,147.0749,-238.974,-379.4826,438.5373,39791220000000.0,33159350000000.0,2915873000000.0,0.700656,3.480047e-06,3.405772e-06,-4.763489e-09,3.450712e-06,6.662576e-06,-3.388952e-06,-2.150565e-06,1.097177e-05,30083700000000.0,2292306000000.0,0.5690511,3.008485e-06,2.813933e-06,-1.337434e-07,2.852206e-06,5.627423e-06,-3.059188e-06,-1.988483e-06,9.351531e-06,17973330000000.0,1215934000000.0,0.3544873,2.024259e-06,1.714415e-06,-2.678063e-07,1.739227e-06,3.604253e-06,-2.235956e-06,-1.515313e-06,6.108162e-06,1125760000000.0,78960000000000.0,1.172398,15750000000000.0,-0.96426
179,0.3586,25.71467,6.658481999999996,1253.162,603.5014,162.3726,-123.0991,-431.2166,184.2652,45558070000000.0,43635790000000.0,3742843000000.0,0.7641755,4.57472e-06,3.40664e-06,-1.068613e-06,3.467223e-06,7.680096e-06,-5.517623e-06,-3.888567e-06,1.333163e-05,40848480000000.0,3173368000000.0,0.6322273,4.189122e-06,2.994378e-06,-1.102889e-06,3.049165e-06,6.905316e-06,-5.176776e-06,-3.684851e-06,1.207919e-05,28065310000000.0,1990630000000.0,0.4141443,3.233822e-06,2.11145e-06,-1.050025e-06,2.152421e-06,5.126132e-06,-4.194694e-06,-3.042634e-06,9.117712e-06,1332201000000.0,60850000000000.0,1.168763,12100000000000.0,-0.982575
180,0.3588,27.15698,7.033381999999997,1237.083,634.6003,171.5367,-99.80038,-222.1106,-161.4301,52670510000000.0,37580600000000.0,3822776000000.0,0.7201828,5.42149e-06,2.83444e-06,-2.459914e-06,2.909069e-06,7.891727e-06,-7.733879e-06,-5.801621e-06,1.457403e-05,35273860000000.0,3212684000000.0,0.6123274,4.878725e-06,2.462736e-06,-2.300739e-06,2.529046e-06,7.010981e-06,-7.04666e-06,-5.307589e-06,1.302284e-05,27104170000000.0,1953606000000.0,0.4059029,3.542023e-06,1.623548e-06,-1.833019e-06,1.669884e-06,4.919815e-06,-5.278531e-06,-4.015385e-06,9.281422e-06,1167629000000.0,113700000000000.0,1.405564,27190000000000.0,-1.18503
182,0.3603,27.11796,5.944561000000006,1244.906,637.5432,145.637,-176.4581,203.4902,353.5856,33447700000000.0,28641990000000.0,1854046000000.0,0.6567964,2.354638e-06,1.98776e-07,-2.098729e-06,2.40033e-07,2.407726e-06,-4.395068e-06,-3.554158e-06,5.30567e-06,21721780000000.0,1256788000000.0,0.5112877,1.82807e-06,1.48308e-07,-1.635067e-06,1.800276e-07,1.86224e-06,-3.417825e-06,-2.764886e-06,4.111553e-06,12687060000000.0,555282300000.0,0.3180668,1.062844e-06,8.018879e-08,-9.562881e-07,9.827421e-08,1.075499e-06,-1.992736e-06,-1.61302e-06,2.382617e-06,1074075000000.0,19300000000000.0,0.9358518,3073000000000.0,-0.671715
185,0.3709,26.3857,7.1674029999999975,1283.127,636.5505,180.1194,75.6647,-335.3148,77.35162,41521280000000.0,38830080000000.0,3394065000000.0,0.7221352,4.049394e-06,7.810726e-07,-3.167696e-06,8.458096e-07,4.565957e-06,-7.113622e-06,-5.667642e-06,9.54636e-06,35562200000000.0,2913984000000.0,0.6017276,3.735018e-06,6.904935e-07,-2.951049e-06,7.495602e-07,4.179438e-06,-6.590567e-06,-5.256661e-06,8.772064e-06,28065310000000.0,2044090000000.0,0.4147556,3.094666e-06,5.26325e-07,-2.48973e-06,5.741212e-07,3.413395e-06,-5.505169e-06,-4.39962e-06,7.21666e-06,1180046000000.0,96940000000000.0,1.23264,20330000000000.0,-1.05237
187,0.3731,24.97264,7.158984999999994,1305.729,608.1124,180.9163,-62.84955,-593.5786,247.7112,98036350000000.0,89866650000000.0,8813860000000.0,0.9593597,1.677701e-05,7.450274e-06,-8.904369e-06,7.611384e-06,2.292824e-05,-2.522022e-05,-1.922583e-05,4.355249e-05,82946440000000.0,7681421000000.0,0.7939161,1.569874e-05,6.687999e-06,-8.611245e-06,6.834741e-06,2.115798e-05,-2.387794e-05,-1.826768e-05,4.04494e-05,64396420000000.0,5429759000000.0,0.5373131,1.302033e-05,5.062927e-06,-7.617428e-06,5.176383e-06,1.703716e-05,-2.027848e-05,-1.562303e-05,3.302237e-05,2202632000000.0,114900000000000.0,2.04617,40000000000000.0,-1.805
191,0.3874,26.7042,7.168778999999994,1331.723,669.9091,187.4973,-90.34533,151.838,-37.79908,64588650000000.0,52093820000000.0,5272801000000.0,0.7952177,7.019862e-06,2.737768e-07,-6.559892e-06,3.861756e-07,6.81923e-06,-1.34025e-05,-1.089293e-05,1.54332e-05,46230870000000.0,4201288000000.0,0.6502681,6.141041e-06,2.299352e-07,-5.746971e-06,3.269504e-07,5.951784e-06,-1.173291e-05,-9.537098e-06,1.34852e-05,26719710000000.0,2088890000000.0,0.3985568,3.967248e-06,1.354592e-07,-3.723726e-06,1.960015e-07,3.825126e-06,-7.590711e-06,-6.171497e-06,8.688373e-06,1574275000000.0,55870000000000.0,1.344479,12780000000000.0,-1.11474
192,0.3874,27.14845,5.8647239999999945,1329.635,681.828,153.4872,-128.5334,143.5349,349.5695,94480130000000.0,76987370000000.0,8095057000000.0,0.9013936,1.407761e-05,3.142789e-07,-1.336498e-05,5.115128e-07,1.335204e-05,-2.709026e-05,-2.204683e-05,3.058149e-05,64396420000000.0,6455549000000.0,0.7254877,1.238898e-05,2.635971e-07,-1.177083e-05,4.331011e-07,1.172444e-05,-2.38495e-05,-1.940979e-05,2.688035e-05,46326980000000.0,3969812000000.0,0.4790956,9.235277e-06,1.794803e-07,-8.785372e-06,2.995528e-07,8.702843e-06,-1.778896e-05,-1.447748e-05,1.999014e-05,2050943000000.0,91960000000000.0,1.897637,29690000000000.0,-1.617
193,0.3913,25.75472,6.856496000000005,1355.729,654.0637,180.9966,200.8792,-263.6786,217.0726,41809620000000.0,38157280000000.0,3238754000000.0,0.71305,3.688028e-06,-8.896916e-07,-4.477799e-06,-8.23048e-07,2.558897e-06,-8.078522e-06,-6.758083e-06,7.079676e-06,34601060000000.0,2749005000000.0,0.5911889,3.36182e-06,-7.744237e-07,-4.044468e-06,-7.143464e-07,2.366952e-06,-7.326628e-06,-6.122794e-06,6.486703e-06,25374110000000.0,1825189000000.0,0.3911899,2.629165e-06,-5.47367e-07,-3.103464e-06,-5.016543e-07,1.905282e-06,-5.670202e-06,-4.728358e-06,5.125019e-06,1183639000000.0,134300000000000.0,1.361963,31120000000000.0,-1.171
194,0.3948,25.22973,5.370256000000004,1376.124,648.4273,143.0029,433.7017,-412.4867,-5.77829,29026450000000.0,14801570000000.0,696107900000.0,0.5195756,1.06778e-06,-8.347898e-07,-1.874736e-06,-8.117026e-07,1.71502e-07,-2.91976e-06,-2.537002e-06,1.481611e-06,12302600000000.0,484613200000.0,0.4226015,8.238547e-07,-6.27888e-07,-1.430165e-06,-6.101539e-07,1.482493e-07,-2.236432e-06,-1.941098e-06,1.158914e-06,8169696000000.0,214542600000.0,0.2712984,4.450999e-07,-3.243957e-07,-7.577377e-07,-3.148942e-07,9.464881e-08,-1.193308e-06,-1.033734e-06,6.405161e-07,622553900000.0,13990000000000.0,0.8058101,1918000000000.0,-0.5665001
195,0.3956,25.08273,5.203362999999997,1380.627,646.2258,138.8198,171.0971,-415.8357,44.78307,30948730000000.0,18357790000000.0,1150342000000.0,0.5603007,1.083877e-06,7.08837e-08,-9.875212e-07,9.085578e-08,1.090566e-06,-2.044897e-06,-1.657943e-06,2.425855e-06,16531620000000.0,886085400000.0,0.4596275,9.088821e-07,5.681388e-08,-8.305424e-07,7.342033e-08,9.113862e-07,-1.717166e-06,-1.392655e-06,2.030818e-06,12302600000000.0,502843600000.0,0.3083506,6.263376e-07,3.596543e-08,-5.753145e-07,4.72146e-08,6.242202e-07,-1.18627e-06,-9.625926e-07,1.395287e-06,690619900000.0,26320000000000.0,0.8075034,3616000000000.0,-0.6321
196,0.3971,24.90959,5.723251000000006,1386.579,643.9107,153.2209,223.8421,-393.2237,-212.8424,126870600000000.0,89482200000000.0,10099380000000.0,0.940396,1.886834e-05,-4.98144e-07,-1.881955e-05,-2.351283e-07,1.695369e-05,-3.722421e-05,-3.045769e-05,4.002205e-05,70163270000000.0,7776818000000.0,0.7441221,1.634778e-05,-4.105719e-07,-1.627853e-05,-1.886654e-07,1.469076e-05,-3.222409e-05,-2.63597e-05,3.466732e-05,49594860000000.0,4592478000000.0,0.4908961,1.201337e-05,-2.757909e-07,-1.192803e-05,-1.213612e-07,1.079399e-05,-2.364518e-05,-1.933306e-05,2.545936e-05,2348013000000.0,82910000000000.0,1.98851,28050000000000.0,-1.72241
198,0.3993,25.55736,5.179362999999996,1387.534,663.5256,139.4125,112.1032,-336.4768,24.74655,42001850000000.0,30756500000000.0,2854128000000.0,0.6579598,2.942101e-06,3.727901e-07,-2.496858e-06,4.227778e-07,3.128886e-06,-5.364909e-06,-4.31438e-06,6.748388e-06,28738110000000.0,2474806000000.0,0.5607032,2.728007e-06,3.330418e-07,-2.327396e-06,3.790212e-07,2.887364e-06,-4.986696e-06,-4.01251e-06,6.242824e-06,24220740000000.0,1696147000000.0,0.3847727,2.208015e-06,2.466095e-07,-1.905912e-06,2.830481e-07,2.311512e-06,-4.058232e-06,-3.269517e-06,5.026022e-06,974058400000.0,70560000000000.0,1.052908,12640000000000.0,-0.897633
199,0.405,25.40577,6.306040000000005,1403.987,666.8354,171.7622,342.9385,-362.7928,65.59755,36427230000000.0,17973330000000.0,1063070000000.0,0.5562729,1.11402e-06,-6.632709e-07,-1.748636e-06,-6.400191e-07,3.859056e-07,-2.837802e-06,-2.438957e-06,1.753698e-06,14705450000000.0,735110600000.0,0.4425794,8.616856e-07,-4.920277e-07,-1.331388e-06,-4.741775e-07,3.190433e-07,-2.173812e-06,-1.865279e-06,1.376761e-06,10188090000000.0,350494200000.0,0.2874518,5.00157e-07,-2.654789e-07,-7.525065e-07,-2.552653e-07,2.048029e-07,-1.241447e-06,-1.062328e-06,8.184675e-07,713181800000.0,21280000000000.0,0.83607,3027000000000.0,-0.64
201,0.4097,26.0199,4.977212000000002,1414.658,690.5833,137.0954,383.7708,-189.4483,-104.839,31237070000000.0,28449760000000.0,2392721000000.0,0.6414713,2.199238e-06,-1.705299e-06,-3.842453e-06,-1.658808e-06,3.593309e-07,-5.993998e-06,-5.205162e-06,3.050172e-06,25950800000000.0,2037158000000.0,0.5337752,2.014057e-06,-1.496557e-06,-3.453408e-06,-1.4543e-06,3.931715e-07,-5.423729e-06,-4.701233e-06,2.856866e-06,21048980000000.0,1410725000000.0,0.3666482,1.618842e-06,-1.099117e-06,-2.671346e-06,-1.065743e-06,4.178559e-07,-4.254938e-06,-3.674061e-06,2.397062e-06,926893300000.0,96930000000000.0,1.089055,17960000000000.0,-0.91591
203,0.4111,25.88686,5.712466000000006,1419.302,688.7735,157.8122,399.7343,-174.8551,-120.8151,32390440000000.0,29122560000000.0,2072107000000.0,0.6444993,1.900053e-06,-1.694773e-06,-3.541631e-06,-1.653328e-06,9.183141e-08,-5.401039e-06,-4.719526e-06,2.417241e-06,24028520000000.0,1637006000000.0,0.5193076,1.650422e-06,-1.400707e-06,-3.004579e-06,-1.365015e-06,1.501475e-07,-4.619633e-06,-4.027582e-06,2.169483e-06,17492760000000.0,992675500000.0,0.3461923,1.213076e-06,-9.40797e-07,-2.119172e-06,-9.150117e-07,1.976189e-07,-3.306172e-06,-2.870894e-06,1.681052e-06,1007349000000.0,52200000000000.0,0.9873733,8769000000000.0,-0.8024632
204,0.4141,25.68671,5.451664000000006,1431.566,688.5572,151.6076,287.6748,-85.24656,16.28728,69394360000000.0,63915850000000.0,7100886000000.0,0.849415,1.044097e-05,-4.192548e-06,-1.430495e-05,-4.011585e-06,5.491634e-06,-2.451043e-05,-2.075755e-05,1.821106e-05,61897460000000.0,6314682000000.0,0.71232,9.925334e-06,-3.84554e-06,-1.345669e-05,-3.675429e-06,5.354314e-06,-2.315807e-05,-1.958994e-05,1.744245e-05,51901600000000.0,4745388000000.0,0.4938239,8.667319e-06,-3.102524e-06,-1.149157e-05,-2.958072e-06,4.918313e-06,-1.996312e-05,-1.684598e-05,1.546763e-05,1655421000000.0,170800000000000.0,1.858609,54010000000000.0,-1.635738
206,0.4191,25.16068,5.392547999999994,1453.653,682.8192,151.6043,422.541,-65.39784,40.32757,88040480000000.0,82465870000000.0,8687502000000.0,0.9057447,1.299284e-05,-8.20358e-06,-2.076923e-05,-7.951729e-06,3.867173e-06,-3.349065e-05,-2.881128e-05,1.966086e-05,73815600000000.0,7400691000000.0,0.756284,1.201532e-05,-7.325299e-06,-1.894303e-05,-7.094996e-06,3.829053e-06,-3.070714e-05,-2.637906e-05,1.843022e-05,52286050000000.0,4613792000000.0,0.4949147,9.245497e-06,-5.176004e-06,-1.411027e-05,-5.004265e-06,3.389675e-06,-2.316206e-05,-1.983008e-05,1.461598e-05,2130093000000.0,74460000000000.0,1.724766,21850000000000.0,-1.470074
207,0.4208,26.87024,5.2779310000000015,1438.009,728.6045,148.9199,659.3275,-50.15308,-50.97145,42770760000000.0,38253400000000.0,3326879000000.0,0.7002445,3.469633e-06,-5.14616e-06,-8.503925e-06,-5.060104e-06,-1.887694e-06,-1.191221e-05,-1.066061e-05,2.331192e-06,33063240000000.0,2714387000000.0,0.5778155,3.089416e-06,-4.390897e-06,-7.379989e-06,-4.31488e-06,-1.491551e-06,-1.04146e-05,-9.300025e-06,2.263876e-06,23932400000000.0,1662656000000.0,0.3814031,2.271941e-06,-2.945766e-06,-5.142732e-06,-2.890917e-06,-8.170993e-07,-7.374103e-06,-6.55421e-06,1.942706e-06,1221049000000.0,73410000000000.0,1.216198,15190000000000.0,-1.00485
208,0.4232,25.385660000000005,5.201534999999995,1463.615,694.5268,147.4792,-14.04264,-144.91,255.0855,28449760000000.0,24220740000000.0,1498950000000.0,0.6007479,1.60964e-06,2.569549e-07,-1.313611e-06,2.846789e-07,1.766441e-06,-2.88237e-06,-2.307969e-06,3.747788e-06,20760640000000.0,1102685000000.0,0.4955766,1.335774e-06,2.07e-07,-1.09618e-06,2.298407e-07,1.459121e-06,-2.398015e-06,-1.921294e-06,3.103074e-06,10860890000000.0,416232000000.0,0.2921662,6.988689e-07,1.009039e-07,-5.806911e-07,1.126331e-07,7.552921e-07,-1.261788e-06,-1.012304e-06,1.615022e-06,972947300000.0,13840000000000.0,0.8625328,2031000000000.0,-0.582021
209,0.4242,25.62953,5.6674710000000035,1462.668,701.7202,160.9954,200.2856,277.9394,60.78301,41425160000000.0,22394580000000.0,1946851000000.0,0.5857087,2.45791e-06,-1.976384e-06,-4.361474e-06,-1.923624e-06,3.278793e-07,-6.766781e-06,-5.884417e-06,3.329489e-06,19222810000000.0,1408131000000.0,0.4850935,1.998894e-06,-1.565981e-06,-3.505387e-06,-1.523346e-06,3.07093e-07,-5.46148e-06,-4.743818e-06,2.747702e-06,13744310000000.0,658213600000.0,0.3168226,1.173349e-06,-8.599577e-07,-1.997965e-06,-8.353605e-07,2.381639e-07,-3.146156e-06,-2.724763e-06,1.670091e-06,819641600000.0,34430000000000.0,1.142236,6691000000000.0,-0.8262
211,0.4236,26.08294,5.492005000000004,1455.645,712.5759,155.8274,362.6761,-178.7741,-50.12355,31525410000000.0,27969190000000.0,1894258000000.0,0.6308028,1.798417e-06,-1.426987e-06,-3.175726e-06,-1.388217e-06,2.643515e-07,-4.93485e-06,-4.290243e-06,2.466719e-06,22106240000000.0,1332927000000.0,0.5025578,1.460017e-06,-1.114938e-06,-2.534389e-06,-1.083684e-06,2.57424e-07,-3.962471e-06,-3.439098e-06,2.044993e-06,6247414000000.0,304966000000.0,0.243741,5.269169e-07,-3.74082e-07,-8.861884e-07,-3.62964e-07,1.20673e-07,-1.401557e-06,-1.212629e-06,7.655214e-07,1053600000000.0,14740000000000.0,0.8046843,2018000000000.0,-0.571536
212,0.4224,25.89419,5.883878999999998,1453.723,705.7079,166.5339,510.4103,57.42581,-86.26005,35466090000000.0,27776970000000.0,1887710000000.0,0.6300436,1.755351e-06,-2.908803e-06,-4.611386e-06,-2.864896e-06,-1.253811e-06,-6.333673e-06,-5.702186e-06,8.875132e-07,22298460000000.0,1378630000000.0,0.5045692,1.491949e-06,-2.366459e-06,-3.813282e-06,-2.329373e-06,-9.605953e-07,-5.277058e-06,-4.740282e-06,8.589698e-07,10572550000000.0,498955100000.0,0.2894275,8.577081e-07,-1.228444e-06,-2.059815e-06,-1.207466e-06,-4.213712e-07,-2.901239e-06,-2.592573e-06,6.240497e-07,1020526000000.0,17150000000000.0,0.7868819,2296000000000.0,-0.602514
217,0.4222,26.10214,5.013153000000005,1452.42,711.6006,141.8761,483.0042,180.0116,-87.10101,31044840000000.0,28161420000000.0,2118488000000.0,0.6326894,1.809911e-06,-3.034401e-06,-4.788641e-06,-2.988853e-06,-1.329281e-06,-6.564983e-06,-5.91345e-06,8.763998e-07,24797430000000.0,1719213000000.0,0.5216383,1.603435e-06,-2.581709e-06,-4.135544e-06,-2.541598e-06,-1.071917e-06,-5.709172e-06,-5.131914e-06,8.816909e-07,17012190000000.0,996501800000.0,0.3423549,1.123808e-06,-1.650035e-06,-2.738601e-06,-1.622344e-06,-5.932618e-07,-3.841416e-06,-3.436733e-06,7.752074e-07,978046100000.0,33820000000000.0,0.882165,5076000000000.0,-0.695574
218,0.422,26.9651,5.527788000000006,1439.605,732.4112,156.3172,461.127,-108.7541,-237.1878,39502880000000.0,19991730000000.0,1224103000000.0,0.5692347,1.271759e-06,-1.45297e-06,-2.688662e-06,-1.423713e-06,-2.553158e-07,-3.934548e-06,-3.477902e-06,1.300054e-06,17492760000000.0,892240500000.0,0.4652527,1.029303e-06,-1.136613e-06,-2.13656e-06,-1.113075e-06,-1.677638e-07,-3.144885e-06,-2.775265e-06,1.090816e-06,13167630000000.0,453116300000.0,0.3120846,6.280511e-07,-6.472531e-07,-1.257181e-06,-6.330756e-07,-5.670594e-08,-1.872387e-06,-1.646813e-06,7.109023e-07,789073400000.0,11610000000000.0,0.7978584,1576000000000.0,-0.5846
220,0.4226,26.16977,4.946296999999999,1453.222,714.1215,140.1329,289.9557,-192.8586,53.63491,68337100000000.0,64780880000000.0,6473389000000.0,0.8358304,9.080692e-06,-3.015605e-06,-1.181835e-05,-2.861631e-06,5.411831e-06,-2.069059e-05,-1.742914e-05,1.648774e-05,60359630000000.0,5690943000000.0,0.7032017,8.531967e-06,-2.728744e-06,-1.099779e-05,-2.585895e-06,5.18365e-06,-1.933378e-05,-1.626887e-05,1.558725e-05,45558070000000.0,4005987000000.0,0.4723994,7.102712e-06,-2.074185e-06,-8.954101e-06,-1.959328e-06,4.499849e-06,-1.589342e-05,-1.33407e-05,1.315397e-05,1731593000000.0,179100000000000.0,1.873882,57100000000000.0,-1.6434
221,0.424,25.70661,5.676245999999994,1461.558,703.6083,161.2282,258.5095,-187.2708,-32.79453,50363770000000.0,43731900000000.0,4165525000000.0,0.7308635,4.767347e-06,-1.697344e-06,-6.329624e-06,-1.609146e-06,2.755965e-06,-1.098619e-05,-9.277697e-06,8.589658e-06,40656250000000.0,3590548000000.0,0.6248385,4.406262e-06,-1.516572e-06,-5.797298e-06,-1.435765e-06,2.597163e-06,-1.010112e-05,-8.521817e-06,7.98782e-06,30852620000000.0,2277602000000.0,0.4129316,3.381426e-06,-1.060793e-06,-4.34428e-06,-1.000418e-06,2.090913e-06,-7.646982e-06,-6.434514e-06,6.225057e-06,1289654000000.0,94080000000000.0,1.378193,22060000000000.0,-1.157672
222,0.4254,25.02936,5.899782000000005,1473.148,687.8596,168.0067,-26.03247,-140.34,183.4242,90731680000000.0,86791000000000.0,9437021000000.0,0.9200942,1.462904e-05,1.507045e-06,-1.270643e-05,1.692732e-06,1.502028e-05,-2.695796e-05,-2.171912e-05,3.292382e-05,79390220000000.0,8175068000000.0,0.7688875,1.360204e-05,1.351626e-06,-1.186096e-05,1.52107e-06,1.3906e-05,-2.511188e-05,-2.023981e-05,3.054733e-05,56995640000000.0,5348460000000.0,0.5074814,1.062429e-05,9.680655e-07,-9.345536e-06,1.093603e-06,1.075244e-05,-1.969535e-05,-1.588771e-05,2.373936e-05,2192341000000.0,112200000000000.0,1.94716,37170000000000.0,-1.68795
223,0.4262,25.18847,6.8436689999999984,1471.032,691.8533,195.0985,290.8785,61.36867,17.02184,29603130000000.0,27969190000000.0,1910934000000.0,0.6310348,1.591925e-06,-1.617573e-06,-3.164309e-06,-1.581968e-06,-1.19693e-07,-4.721898e-06,-4.151118e-06,1.827785e-06,24989660000000.0,1559933000000.0,0.52245,1.42366e-06,-1.390708e-06,-2.77376e-06,-1.359058e-06,-5.177355e-08,-4.166692e-06,-3.656189e-06,1.689533e-06,16819960000000.0,891338400000.0,0.3375077,1.027745e-06,-9.168956e-07,-1.914975e-06,-8.943966e-07,4.856309e-08,-2.920504e-06,-2.551871e-06,1.305034e-06,968293400000.0,27160000000000.0,0.8253777,3814000000000.0,-0.647955
224,0.4246,25.81659,6.516165000000003,1459.884,706.2573,185.2382,389.2261,-395.0953,51.42106,83330900000000.0,64396420000000.0,6793209000000.0,0.8306513,1.018751e-05,-3.544642e-06,-1.342982e-05,-3.364737e-06,5.934429e-06,-2.338811e-05,-1.972953e-05,1.837488e-05,54400560000000.0,5202427000000.0,0.6765543,8.745994e-06,-2.930293e-06,-1.141455e-05,-2.777974e-06,5.200622e-06,-1.996351e-05,-1.682201e-05,1.587711e-05,31621530000000.0,2516877000000.0,0.4170659,5.588369e-06,-1.715688e-06,-7.133313e-06,-1.621829e-06,3.468519e-06,-1.259541e-05,-1.058712e-05,1.028449e-05,1891967000000.0,76390000000000.0,1.702734,22130000000000.0,-1.413
225,0.4272,25.41276,6.614715000000001,1472.168,699.4384,189.0071,237.3237,-87.25579,130.9549,34120490000000.0,33447700000000.0,2613989000000.0,0.6831032,2.175757e-06,-1.362243e-06,-3.478356e-06,-1.317241e-06,6.815941e-07,-5.604691e-06,-4.825541e-06,3.347304e-06,32198210000000.0,2211904000000.0,0.5686834,1.987726e-06,-1.196237e-06,-3.129204e-06,-1.155391e-06,6.701079e-07,-5.071754e-06,-4.359863e-06,3.104994e-06,22394580000000.0,1346588000000.0,0.3740184,1.49851e-06,-8.256439e-07,-2.282371e-06,-7.953536e-07,5.797413e-07,-3.746782e-06,-3.209953e-06,2.414514e-06,1073337000000.0,34560000000000.0,0.8840246,5198000000000.0,-0.7234351
226,0.4254,25.50158,7.144396999999995,1464.033,698.3574,203.3155,366.274,-99.87766,180.5685,28161420000000.0,26911940000000.0,1584837000000.0,0.6286428,1.31182e-06,-1.452608e-06,-2.727418e-06,-1.422825e-06,-2.174073e-07,-4.011677e-06,-3.54106e-06,1.387547e-06,22971260000000.0,1231336000000.0,0.5082741,1.118048e-06,-1.182484e-06,-2.268784e-06,-1.157284e-06,-1.303484e-07,-3.363305e-06,-2.962159e-06,1.237203e-06,12879280000000.0,614663800000.0,0.3095784,7.06888e-07,-6.770556e-07,-1.363571e-06,-6.614018e-07,-1.275598e-08,-2.055536e-06,-1.801838e-06,8.51389e-07,1007583000000.0,47450000000000.0,0.9380663,7573000000000.0,-0.758538
227,0.4248,25.82843,6.310183,1460.47,706.9133,179.4242,297.073,-418.2143,193.0419,44885270000000.0,39214540000000.0,3441386000000.0,0.7043174,3.587055e-06,-1.019159e-06,-4.510911e-06,-9.525142e-07,2.340207e-06,-8.015169e-06,-6.730401e-06,6.73969e-06,33928270000000.0,2780452000000.0,0.5799631,3.181865e-06,-8.673386e-07,-3.964e-06,-8.088178e-07,2.110574e-06,-7.0723e-06,-5.93251e-06,6.012001e-06,23067380000000.0,1596067000000.0,0.374524,2.266467e-06,-5.627495e-07,-2.767379e-06,-5.221158e-07,1.554969e-06,-4.98126e-06,-4.169106e-06,4.332089e-06,1254473000000.0,56580000000000.0,1.164513,11210000000000.0,-0.947727
229,0.4297,24.836700000000004,6.484505000000006,1487.641,688.5432,186.3208,-192.1424,26.19802,135.7054,57091760000000.0,52574390000000.0,5033931000000.0,0.7763837,6.086814e-06,1.974465e-06,-3.960271e-06,2.059434e-06,7.641104e-06,-9.884947e-06,-7.712514e-06,1.512708e-05,48057030000000.0,4158459000000.0,0.6489762,5.519712e-06,1.727393e-06,-3.653426e-06,1.803432e-06,6.862828e-06,-9.026068e-06,-7.055721e-06,1.364964e-05,27969190000000.0,2122222000000.0,0.4016749,3.798863e-06,1.085331e-06,-2.616033e-06,1.135689e-06,4.613407e-06,-6.313607e-06,-4.956924e-06,9.281022e-06,1595107000000.0,54920000000000.0,1.347402,12590000000000.0,-1.100978
230,0.4303,25.23818,6.919434000000003,1482.967,699.0388,198.9614,-109.3781,-194.8281,-134.6146,49210400000000.0,43828010000000.0,4001492000000.0,0.7323465,4.289063e-06,2.114737e-06,-2.072989e-06,2.174573e-06,6.116091e-06,-6.245691e-06,-4.716885e-06,1.140134e-05,39022310000000.0,3330244000000.0,0.6107107,3.881472e-06,1.840961e-06,-1.948124e-06,1.894421e-06,5.459843e-06,-5.724258e-06,-4.340524e-06,1.024166e-05,27488620000000.0,2006533000000.0,0.3974349,2.893203e-06,1.25427e-06,-1.568785e-06,1.292809e-06,3.947528e-06,-4.383413e-06,-3.351587e-06,7.509614e-06,1360860000000.0,54070000000000.0,1.206614,11100000000000.0,-0.9896218
231,0.4281,25.68509,5.758878000000002,1473.732,708.7869,164.9238,-269.9596,-234.3146,151.5874,28257540000000.0,26719710000000.0,1781006000000.0,0.6231399,1.450677e-06,1.717964e-06,2.961411e-07,1.737999e-06,3.078631e-06,-1.113684e-06,-5.981765e-07,4.87563e-06,24124630000000.0,1450728000000.0,0.5159468,1.299349e-06,1.476168e-06,2.028576e-07,1.493941e-06,2.694316e-06,-1.059869e-06,-5.980929e-07,4.303535e-06,12879280000000.0,678522200000.0,0.3105117,8.5386e-07,8.796504e-07,4.322471e-08,8.910379e-07,1.679172e-06,-7.865231e-07,-4.829914e-07,2.736117e-06,956031300000.0,30380000000000.0,0.8193462,4235000000000.0,-0.655281
232,0.4303,25.49915,6.310169999999999,1481.884,706.7955,181.5525,-109.5621,-410.8941,206.6574,101208100000000.0,84964830000000.0,9674070000000.0,0.9101135,1.549781e-05,6.27452e-06,-8.827741e-06,6.433023e-06,2.058455e-05,-2.389829e-05,-1.83626e-05,3.962934e-05,75161200000000.0,7988582000000.0,0.7527143,1.399543e-05,5.458293e-06,-8.17624e-06,5.597754e-06,1.83692e-05,-2.178557e-05,-1.67854e-05,3.556136e-05,53054960000000.0,4818905000000.0,0.4934881,1.032907e-05,3.697517e-06,-6.358355e-06,3.79357e-06,1.320403e-05,-1.640202e-05,-1.270964e-05,2.588048e-05,2189544000000.0,63880000000000.0,1.827327,19860000000000.0,-1.53153
233,0.4283,25.08303,6.4490189999999945,1480.278,692.8784,184.7447,-17.71364,14.46375,265.6283,37580600000000.0,36042770000000.0,2802404000000.0,0.6844263,2.580616e-06,-1.560353e-07,-2.670635e-06,-1.098531e-07,2.262248e-06,-5.187589e-06,-4.265508e-06,5.432794e-06,33832150000000.0,2429792000000.0,0.5835868,2.391061e-06,-1.397202e-07,-2.469312e-06,-9.723229e-08,2.099957e-06,-4.801366e-06,-3.946925e-06,5.037104e-06,26143030000000.0,1555651000000.0,0.3915034,1.881403e-06,-1.007054e-07,-1.933086e-06,-6.793696e-08,1.659448e-06,-3.768016e-06,-3.095502e-06,3.969422e-06,1126697000000.0,46250000000000.0,1.009426,7943000000000.0,-0.833382
234,0.4305,25.19741,6.341150999999996,1486.095,699.221,182.5137,-328.8476,-120.1296,343.1555,33736040000000.0,31140960000000.0,2241258000000.0,0.6645153,1.973528e-06,1.942351e-06,9.161535e-09,1.969034e-06,3.790537e-06,-1.90968e-06,-1.207639e-06,6.233035e-06,28834220000000.0,1857640000000.0,0.5477263,1.780427e-06,1.677181e-06,-6.652421e-08,1.700973e-06,3.343573e-06,-1.797551e-06,-1.164135e-06,5.546536e-06,19895610000000.0,1134507000000.0,0.3561776,1.321615e-06,1.12592e-06,-1.678321e-07,1.14305e-06,2.361097e-06,-1.452673e-06,-9.823527e-07,3.995352e-06,1032323000000.0,49550000000000.0,1.001035,8439000000000.0,-0.8221
235,0.4281,25.1588,6.596356000000003,1477.79,694.0977,188.802,192.7873,132.8815,99.34758,44212470000000.0,40944590000000.0,3673347000000.0,0.7146333,3.854724e-06,-2.402622e-06,-6.144367e-06,-2.324891e-06,1.204325e-06,-9.913175e-06,-8.530424e-06,5.914465e-06,36907800000000.0,3115077000000.0,0.5954661,3.546226e-06,-2.124563e-06,-5.566266e-06,-2.053659e-06,1.191787e-06,-9.033417e-06,-7.761146e-06,5.523978e-06,28353650000000.0,2031274000000.0,0.4021659,2.808955e-06,-1.540859e-06,-4.265888e-06,-1.485877e-06,1.082262e-06,-7.012146e-06,-6.004025e-06,4.511855e-06,1251267000000.0,81900000000000.0,1.248008,17390000000000.0,-1.048093
236,0.4322,26.8075,5.124114999999999,1473.836,744.7301,148.0758,-77.18707,167.7967,-255.3799,183770100000000.0,150610700000000.0,18232260000000.0,1.098271,3.962498e-05,7.415138e-07,-3.76197e-05,1.148645e-06,3.697192e-05,-7.624069e-05,-6.200102e-05,8.522269e-05,129946200000000.0,14910570000000.0,0.9019847,3.554821e-05,6.400932e-07,-3.37617e-05,9.920186e-07,3.310092e-05,-6.840865e-05,-5.562979e-05,7.636533e-05,86598770000000.0,8708460000000.0,0.5813044,2.584805e-05,4.26631e-07,-2.456482e-05,6.583229e-07,2.395346e-05,-4.97565e-05,-4.045699e-05,5.537191e-05,3420370000000.0,80170000000000.0,2.613662,35650000000000.0,-2.24829
238,0.4481,25.21977,7.147276999999997,1537.634,724.2038,213.1262,462.0352,71.68958,55.97175,32871010000000.0,28353650000000.0,2055664000000.0,0.6243795,1.761656e-06,-2.585119e-06,-4.293361e-06,-2.542125e-06,-9.265272e-07,-6.020974e-06,-5.387403e-06,1.221973e-06,24989660000000.0,1617033000000.0,0.5181891,1.525415e-06,-2.160266e-06,-3.639193e-06,-2.123252e-06,-7.248035e-07,-5.135085e-06,-4.586424e-06,1.135196e-06,15089910000000.0,785410900000.0,0.3231159,9.617381e-07,-1.250296e-06,-2.18234e-06,-1.227315e-06,-3.464361e-07,-3.125398e-06,-2.779391e-06,8.256251e-07,1002301000000.0,39170000000000.0,0.9586964,6389000000000.0,-0.747945
239,0.453,26.15442,7.063586,1540.1,756.3017,212.6044,168.466,-122.804,217.1416,54688900000000.0,42482420000000.0,4257461000000.0,0.7145867,4.603513e-06,-1.347369e-06,-5.821985e-06,-1.263581e-06,2.952749e-06,-1.031711e-05,-8.668059e-06,8.588819e-06,37580600000000.0,3451745000000.0,0.5944209,4.066267e-06,-1.145821e-06,-5.09746e-06,-1.072605e-06,2.649922e-06,-9.06794e-06,-7.611098e-06,7.626927e-06,26527480000000.0,1987792000000.0,0.3894314,2.893269e-06,-7.489426e-07,-3.559323e-06,-6.982151e-07,1.94748e-06,-6.384359e-06,-5.347358e-06,5.486504e-06,1310583000000.0,50250000000000.0,1.241027,10610000000000.0,-0.9978358
241,0.4536,25.328950000000003,7.003764999999999,1553.341,735.2216,211.1262,173.383,15.53722,159.6479,75737880000000.0,73046690000000.0,6845254000000.0,0.8540957,8.802421e-06,-3.012603e-06,-1.154666e-05,-2.860323e-06,5.164128e-06,-2.014614e-05,-1.698584e-05,1.590302e-05,68913790000000.0,6035270000000.0,0.7263648,8.262168e-06,-2.732792e-06,-1.074159e-05,-2.591415e-06,4.937165e-06,-1.881321e-05,-1.584639e-05,1.501442e-05,49018170000000.0,3941335000000.0,0.4766561,6.550858e-06,-1.977364e-06,-8.323791e-06,-1.869013e-06,4.092128e-06,-1.472342e-05,-1.236994e-05,1.207605e-05,1913823000000.0,121000000000000.0,1.782717,36700000000000.0,-1.56222
242,0.4551,24.83911,4.829842000000004,1569.94,726.7152,146.1778,450.4605,-38.81889,-80.20685,35562200000000.0,32486550000000.0,2549824000000.0,0.6522522,2.1478e-06,-2.529688e-06,-4.613434e-06,-2.480048e-06,-5.1085e-07,-6.717933e-06,-5.946081e-06,2.110723e-06,29891470000000.0,2145075000000.0,0.5522741,1.946691e-06,-2.212346e-06,-4.100684e-06,-2.167626e-06,-3.834365e-07,-6.008075e-06,-5.308428e-06,1.992182e-06,18646130000000.0,1180785000000.0,0.3457196,1.342451e-06,-1.377375e-06,-2.678951e-06,-1.347131e-06,-1.180909e-07,-3.994202e-06,-3.511566e-06,1.519114e-06,1091548000000.0,47510000000000.0,1.000841,8090000000000.0,-0.811305
243,0.4568,25.320610000000002,6.861869000000004,1563.078,739.5516,208.0892,29.15128,-195.2009,256.6459,50940460000000.0,45750300000000.0,4511498000000.0,0.7316288,5.039036e-06,2.958461e-07,-4.60934e-06,3.74124e-07,4.989293e-06,-9.521477e-06,-7.719385e-06,1.117189e-05,42386300000000.0,3892414000000.0,0.6161733,4.699429e-06,2.659248e-07,-4.30784e-06,3.380836e-07,4.640344e-06,-8.888866e-06,-7.207973e-06,1.040484e-05,32198210000000.0,2648378000000.0,0.4145393,3.86076e-06,2.00104e-07,-3.555642e-06,2.575779e-07,3.78806e-06,-7.319021e-06,-5.937554e-06,8.520765e-06,1352379000000.0,127700000000000.0,1.49265,32430000000000.0,-1.27116
244,0.4593,24.90007,5.197650000000003,1581.251,733.9947,158.5808,131.6056,-117.0797,-193.1579,41329050000000.0,37965060000000.0,3227407000000.0,0.6846464,2.846295e-06,-4.253046e-07,-3.196775e-06,-3.738713e-07,2.239913e-06,-5.973801e-06,-4.956076e-06,5.733308e-06,35273860000000.0,2829871000000.0,0.5878127,2.678917e-06,-3.879262e-07,-2.996113e-06,-3.398262e-07,2.119569e-06,-5.609814e-06,-4.651844e-06,5.407014e-06,24316860000000.0,1709035000000.0,0.3772452,2.096795e-06,-2.753651e-07,-2.315975e-06,-2.385566e-07,1.684564e-06,-4.361675e-06,-3.611616e-06,4.256252e-06,1207668000000.0,57990000000000.0,1.071331,10570000000000.0,-0.9066
246,0.4623,26.444440000000004,4.976688000000004,1570.839,781.2905,152.7716,317.1248,-18.36587,-200.6085,54112220000000.0,42001850000000.0,4137778000000.0,0.7067442,4.133033e-06,-2.640576e-06,-6.651981e-06,-2.556729e-06,1.226527e-06,-1.069446e-05,-9.211074e-06,6.275429e-06,36907800000000.0,3380659000000.0,0.5875136,3.662039e-06,-2.24835e-06,-5.80191e-06,-2.174769e-06,1.175779e-06,-9.383649e-06,-8.0691e-06,5.648123e-06,26623600000000.0,2006449000000.0,0.3887854,2.64281e-06,-1.488994e-06,-4.052318e-06,-1.437104e-06,9.782463e-07,-6.637076e-06,-5.688041e-06,4.203819e-06,1292817000000.0,53090000000000.0,1.198996,10830000000000.0,-0.988812
248,0.4645,25.88454,6.008625000000004,1581.929,767.6161,185.0759,350.601,-230.1897,104.419,95441270000000.0,73238920000000.0,8478328000000.0,0.8492916,1.177227e-05,-4.730288e-06,-1.613729e-05,-4.522331e-06,6.202037e-06,-2.764663e-05,-2.341543e-05,2.055124e-05,61609120000000.0,6862115000000.0,0.6960292,1.056408e-05,-4.080538e-06,-1.431419e-05,-3.896621e-06,5.721206e-06,-2.464212e-05,-2.084436e-05,1.859327e-05,39791220000000.0,3821833000000.0,0.4435692,7.569008e-06,-2.665459e-06,-9.992822e-06,-2.538722e-06,4.341348e-06,-1.739227e-05,-1.466973e-05,1.355567e-05,2019197000000.0,82360000000000.0,1.735598,24320000000000.0,-1.48995
249,0.464,25.65729,5.8915779999999955,1583.799,760.7774,181.3117,202.5009,30.41021,181.5808,68721560000000.0,51324910000000.0,5061452000000.0,0.75544,6.37448e-06,-2.86248e-06,-9.046136e-06,-2.743128e-06,3.080023e-06,-1.52764e-05,-1.298858e-05,1.086251e-05,44212470000000.0,3993359000000.0,0.6233157,5.544158e-06,-2.393338e-06,-7.770292e-06,-2.290828e-06,2.771008e-06,-1.318895e-05,-1.119875e-05,9.537658e-06,27776970000000.0,2091434000000.0,0.39397,3.653688e-06,-1.441169e-06,-4.982611e-06,-1.375775e-06,1.955382e-06,-8.553497e-06,-7.241251e-06,6.4112e-06,1560791000000.0,70530000000000.0,1.529199,18350000000000.0,-1.257962
251,0.4688,25.42957,6.559869000000003,1599.335,760.4318,203.6446,321.3401,-193.7751,140.1525,38637850000000.0,31909870000000.0,2727698000000.0,0.6424927,2.501814e-06,-1.552852e-06,-3.983978e-06,-1.501729e-06,7.928008e-07,-6.43029e-06,-5.533245e-06,3.854044e-06,28257540000000.0,2198668000000.0,0.5362005,2.212279e-06,-1.324094e-06,-3.47349e-06,-1.279251e-06,7.48916e-07,-5.636646e-06,-4.843315e-06,3.455256e-06,18934470000000.0,1228636000000.0,0.3474194,1.526594e-06,-8.324547e-07,-2.314947e-06,-8.022076e-07,5.957853e-07,-3.807568e-06,-3.259929e-06,2.462124e-06,1060365000000.0,66330000000000.0,1.158157,13070000000000.0,-0.930006
252,0.4733,26.62744,5.381108000000001,1599.818,802.0875,168.5741,268.9897,-60.34596,-12.85381,32294330000000.0,27392510000000.0,2342243000000.0,0.6128324,1.88202e-06,-1.246162e-06,-3.075817e-06,-1.206924e-06,5.211989e-07,-4.915456e-06,-4.24124e-06,2.825668e-06,23836290000000.0,1844850000000.0,0.5060107,1.639744e-06,-1.045472e-06,-2.639344e-06,-1.011535e-06,4.935705e-07,-4.242144e-06,-3.654647e-06,2.500965e-06,16147160000000.0,1011437000000.0,0.3280725,1.117637e-06,-6.537001e-07,-1.739656e-06,-6.309917e-07,3.939468e-07,-2.832083e-06,-2.431524e-06,1.761472e-06,951067900000.0,49460000000000.0,0.9818223,8262000000000.0,-0.7694408
253,0.4724,26.271640000000005,5.538100999999997,1602.08,790.8107,173.2319,253.1128,-122.0039,151.5321,34120490000000.0,28353650000000.0,2096271000000.0,0.62127,1.978573e-06,-1.077103e-06,-3.000899e-06,-1.037053e-06,7.791142e-07,-4.934498e-06,-4.225736e-06,3.202297e-06,23644060000000.0,1552386000000.0,0.5046328,1.657143e-06,-8.693898e-07,-2.480381e-06,-8.361204e-07,6.84392e-07,-4.099833e-06,-3.506132e-06,2.713455e-06,15474360000000.0,757306200000.0,0.3249102,1.049073e-06,-5.086445e-07,-1.528106e-06,-4.879818e-07,4.737156e-07,-2.553288e-06,-2.177321e-06,1.757572e-06,1011091000000.0,23880000000000.0,0.971974,3949000000000.0,-0.700623
254,0.4707,25.27198,6.852146000000006,1606.514,758.4348,213.4802,154.5112,-130.1552,116.2565,39887340000000.0,37100030000000.0,3065713000000.0,0.6820111,2.518701e-06,-7.193307e-07,-3.170688e-06,-6.717291e-07,1.641266e-06,-5.629262e-06,-4.728268e-06,4.730538e-06,32678780000000.0,2521853000000.0,0.563119,2.259501e-06,-6.212124e-07,-2.819968e-06,-5.788505e-07,1.495364e-06,-5.025511e-06,-4.217135e-06,4.266153e-06,21625660000000.0,1438608000000.0,0.3623817,1.580616e-06,-3.968416e-07,-1.93435e-06,-3.678415e-07,1.081768e-06,-3.477188e-06,-2.911502e-06,3.019006e-06,1197960000000.0,47380000000000.0,1.026289,8273000000000.0,-0.843876
255,0.4722,26.17706,5.641289,1602.438,787.7006,176.3764,21.31726,-180.6521,-20.80749,34889410000000.0,23740170000000.0,1954348000000.0,0.585451,1.560964e-06,3.132164e-07,-1.209742e-06,3.397861e-07,1.776473e-06,-2.730598e-06,-2.173733e-06,3.697855e-06,22010120000000.0,1608099000000.0,0.4919298,1.378896e-06,2.657251e-07,-1.079387e-06,2.889779e-07,1.557612e-06,-2.422844e-06,-1.930863e-06,3.254523e-06,16723850000000.0,1003369000000.0,0.3330339,1.018791e-06,1.796435e-07,-8.13821e-07,1.964455e-07,1.132937e-06,-1.806414e-06,-1.442799e-06,2.386064e-06,823071800000.0,103200000000000.0,1.102055,19350000000000.0,-0.9237647
256,0.4724,25.9341,5.863095000000003,1605.977,781.0021,183.3833,86.46067,-282.9534,-49.88004,40848480000000.0,18453900000000.0,1666913000000.0,0.5379879,2.649461e-06,2.81257e-07,-2.298737e-06,3.21692e-07,2.749103e-06,-4.880629e-06,-3.933571e-06,6.001561e-06,13455970000000.0,962943300000.0,0.4211111,1.812529e-06,1.895998e-07,-1.575244e-06,2.170955e-07,1.877351e-06,-3.34154e-06,-2.693594e-06,4.102119e-06,8265810000000.0,330964100000.0,0.2618772,8.330368e-07,8.449544e-08,-7.264572e-07,9.695918e-08,8.596311e-07,-1.538238e-06,-1.240389e-06,1.881843e-06,762699700000.0,15070000000000.0,1.206727,3094000000000.0,-0.7141462
257,0.4729,25.769100000000005,5.844273999999997,1609.088,776.7932,182.8892,74.57088,-91.334,232.7821,54112220000000.0,50652110000000.0,4807290000000.0,0.7619605,4.743088e-06,-5.816975e-07,-5.196392e-06,-4.999484e-07,3.847203e-06,-9.823766e-06,-8.126674e-06,9.662309e-06,44693040000000.0,3890211000000.0,0.6233646,4.263707e-06,-5.032213e-07,-4.650759e-06,-4.305084e-07,3.475579e-06,-8.810406e-06,-7.284602e-06,8.701669e-06,26815820000000.0,2074647000000.0,0.3884237,2.94574e-06,-3.180311e-07,-3.182166e-06,-2.691876e-07,2.426429e-06,-6.055948e-06,-5.001361e-06,6.034763e-06,1559579000000.0,73930000000000.0,1.316562,16560000000000.0,-1.10484
258,0.4714,25.41819,6.915062999999997,1606.199,763.3046,215.6777,258.584,-419.9069,-42.04572,59782950000000.0,52574390000000.0,5135978000000.0,0.7595243,5.515982e-06,-5.760816e-07,-5.941619e-06,-4.850415e-07,4.564471e-06,-1.132499e-05,-9.34941e-06,1.132417e-05,46999780000000.0,4360302000000.0,0.6346596,5.035651e-06,-5.054391e-07,-5.402674e-06,-4.233547e-07,4.184124e-06,-1.031713e-05,-8.513299e-06,1.035339e-05,36138890000000.0,2840307000000.0,0.4278639,3.905604e-06,-3.59275e-07,-4.155536e-06,-2.97546e-07,3.27163e-06,-7.96693e-06,-6.567341e-06,8.0531e-06,1488907000000.0,80510000000000.0,1.430166,19590000000000.0,-1.214
260,0.4742,25.335470000000004,6.556268,1617.162,765.6543,205.6402,199.9076,-187.9604,42.46905,41136820000000.0,39695110000000.0,3053430000000.0,0.691171,2.657005e-06,-7.86937e-07,-3.372175e-06,-7.371548e-07,1.701353e-06,-5.966116e-06,-5.015265e-06,4.958904e-06,36811690000000.0,2609526000000.0,0.5841583,2.436883e-06,-6.94505e-07,-3.065193e-06,-6.492257e-07,1.586425e-06,-5.44421e-06,-4.57202e-06,4.573467e-06,23547950000000.0,1562804000000.0,0.3731265,1.800718e-06,-4.616358e-07,-2.212603e-06,-4.2903e-07,1.221109e-06,-3.970507e-06,-3.325752e-06,3.426943e-06,1263495000000.0,77000000000000.0,1.169418,15320000000000.0,-0.99
264,0.4748,26.91199,5.496162999999995,1600.026,812.1609,172.6549,-10.96061,122.5949,-192.976,37868940000000.0,30756500000000.0,2303151000000.0,0.6337995,2.190923e-06,-1.726798e-07,-2.307133e-06,-1.333353e-07,1.880126e-06,-4.444032e-06,-3.661141e-06,4.571216e-06,25758570000000.0,1746191000000.0,0.5180706,1.879363e-06,-1.42406e-07,-1.973016e-06,-1.089789e-07,1.617448e-06,-3.80602e-06,-3.134362e-06,3.925315e-06,14224880000000.0,805431800000.0,0.3133196,1.16807e-06,-8.042071e-08,-1.217668e-06,-6.018342e-08,1.01165e-06,-2.356901e-06,-1.939283e-06,2.445154e-06,1107849000000.0,39760000000000.0,1.060958,7177000000000.0,-0.8236602
265,0.4742,25.54092,6.218605,1615.233,771.8431,195.0632,32.41235,-183.4496,140.366,40175680000000.0,35562200000000.0,2832448000000.0,0.6652528,2.846186e-06,2.48959e-07,-2.524633e-06,2.960339e-07,2.909627e-06,-5.298641e-06,-4.282027e-06,6.407131e-06,28449760000000.0,2022149000000.0,0.536643,2.310306e-06,1.959797e-07,-2.055056e-06,2.338362e-07,2.354561e-06,-4.306758e-06,-3.481443e-06,5.192963e-06,13936540000000.0,760978000000.0,0.315034,1.196422e-06,9.467714e-08,-1.070614e-06,1.138278e-07,1.211078e-06,-2.236669e-06,-1.809128e-06,2.680227e-06,1306555000000.0,20540000000000.0,1.046755,3658000000000.0,-0.729729
267,0.4774,25.15254,6.616034,1628.757,764.7878,208.7051,20.41018,-453.3438,138.0352,45942520000000.0,38830080000000.0,3574915000000.0,0.6852073,3.516092e-06,1.4276e-06,-2.005681e-06,1.4792e-06,4.711943e-06,-5.429506e-06,-4.175092e-06,9.044251e-06,34408840000000.0,2943495000000.0,0.5706309,3.201515e-06,1.252036e-06,-1.873498e-06,1.298484e-06,4.240764e-06,-4.990921e-06,-3.848592e-06,8.184497e-06,24989660000000.0,1786194000000.0,0.3786221,2.455337e-06,8.803157e-07,-1.515643e-06,9.148961e-07,3.169031e-06,-3.906352e-06,-3.029976e-06,6.191726e-06,1218100000000.0,60410000000000.0,1.199654,12330000000000.0,-0.9826
269,0.4772,25.88854,7.077428,1616.534,784.5473,223.0916,356.0904,-384.9011,-156.7204,36811690000000.0,34793290000000.0,2350758000000.0,0.6587805,1.931395e-06,-8.061765e-07,-2.687416e-06,-7.679581e-07,1.00834e-06,-4.575107e-06,-3.88349e-06,3.378963e-06,30275930000000.0,1877420000000.0,0.5464018,1.695941e-06,-6.820938e-07,-2.333703e-06,-6.487794e-07,9.103864e-07,-3.991202e-06,-3.383845e-06,2.99154e-06,14897680000000.0,823647300000.0,0.3193652,1.019119e-06,-3.717732e-07,-1.363761e-06,-3.521823e-07,5.837366e-07,-2.35968e-06,-1.994607e-06,1.833535e-06,1255342000000.0,29950000000000.0,0.9370837,4775000000000.0,-0.741906
273,0.4805,25.28623,5.192043999999998,1640.475,774.9666,164.8614,127.9201,-293.4992,-123.0205,29699250000000.0,26143030000000.0,2201237000000.0,0.605999,1.725361e-06,1.150333e-07,-1.567929e-06,1.454687e-07,1.733461e-06,-3.250257e-06,-2.6342e-06,3.856195e-06,23836290000000.0,1824188000000.0,0.5124476,1.557863e-06,1.003134e-07,-1.419051e-06,1.275879e-07,1.560949e-06,-2.938035e-06,-2.381727e-06,3.477246e-06,16723850000000.0,1087499000000.0,0.3370274,1.139847e-06,6.712857e-08,-1.044119e-06,8.666424e-08,1.134469e-06,-2.155476e-06,-1.74832e-06,2.535843e-06,911607300000.0,58770000000000.0,0.9866048,9865000000000.0,-0.782595
275,0.4788,25.37097,7.0165270000000035,1628.853,772.425,221.8741,9.191782,-260.3983,-211.1088,42290190000000.0,42290190000000.0,3551500000000.0,0.6954601,2.940571e-06,1.017972e-06,-1.851564e-06,1.062539e-06,3.765129e-06,-4.715023e-06,-3.66589e-06,7.385554e-06,40656250000000.0,3253554000000.0,0.602795,2.829923e-06,9.523776e-07,-1.808903e-06,9.949967e-07,3.595279e-06,-4.564587e-06,-3.554853e-06,7.078999e-06,31333190000000.0,2333144000000.0,0.4085063,2.445184e-06,7.582238e-07,-1.626863e-06,7.942795e-07,3.039308e-06,-4.007832e-06,-3.135151e-06,6.048064e-06,1245023000000.0,78710000000000.0,1.106675,14820000000000.0,-0.983466
276,0.4796,25.33852,5.212310999999997,1636.878,775.0958,165.2169,335.6444,-238.2847,-15.34414,32294330000000.0,26143030000000.0,2364593000000.0,0.5999066,2.038838e-06,-1.236273e-06,-3.218974e-06,-1.194476e-06,6.776178e-07,-5.212235e-06,-4.481626e-06,3.174877e-06,24412970000000.0,1977617000000.0,0.5104701,1.845e-06,-1.081118e-06,-2.875049e-06,-1.043549e-06,6.499819e-07,-4.678766e-06,-4.017551e-06,2.909374e-06,19126700000000.0,1222650000000.0,0.3458104,1.379041e-06,-7.424019e-07,-2.08274e-06,-7.148284e-07,5.498511e-07,-3.430857e-06,-2.936494e-06,2.237747e-06,876314200000.0,54050000000000.0,1.009907,9287000000000.0,-0.794475
277,0.4792,25.60585,7.082386,1626.699,779.5878,224.1193,27.88822,-431.3607,-110.5732,50940460000000.0,41040710000000.0,3813555000000.0,0.6952999,3.794476e-06,1.619625e-06,-2.085127e-06,1.673581e-06,5.16058e-06,-5.77895e-06,-4.425413e-06,9.835518e-06,36138890000000.0,3113040000000.0,0.580157,3.376317e-06,1.387646e-06,-1.908179e-06,1.435031e-06,4.536331e-06,-5.194862e-06,-3.990312e-06,8.694969e-06,24701320000000.0,1775828000000.0,0.3768303,2.415011e-06,9.069782e-07,-1.44926e-06,9.397162e-07,3.155393e-06,-3.800038e-06,-2.938114e-06,6.127941e-06,1280880000000.0,72200000000000.0,1.308219,16070000000000.0,-1.078
280,0.4834,24.94929,6.439613999999994,1649.749,767.5135,205.3687,-188.1046,-401.2631,137.5336,70547720000000.0,63627510000000.0,6192807000000.0,0.8039174,7.37951e-06,4.665162e-06,-2.543546e-06,4.744051e-06,1.151062e-05,-9.714513e-06,-7.084644e-06,2.061006e-05,57380100000000.0,5225590000000.0,0.6752102,6.741896e-06,4.108841e-06,-2.47555e-06,4.179496e-06,1.03582e-05,-9.026794e-06,-6.623737e-06,1.86689e-05,36811690000000.0,3062910000000.0,0.4317352,4.966189e-06,2.752775e-06,-2.094326e-06,2.801811e-06,7.346359e-06,-6.91984e-06,-5.148807e-06,1.346285e-05,1784115000000.0,79500000000000.0,1.605072,21710000000000.0,-1.34442
281,0.4831,25.03848,5.015097999999999,1652.441,771.8972,160.0495,159.7756,-269.3871,-94.26566,36715570000000.0,32678780000000.0,2809158000000.0,0.6527164,2.245489e-06,-1.5026e-07,-2.338427e-06,-1.100652e-07,1.954035e-06,-4.528837e-06,-3.726356e-06,4.712927e-06,28449760000000.0,2306859000000.0,0.5352817,2.012103e-06,-1.289814e-07,-2.089374e-06,-9.330259e-08,1.755503e-06,-4.052089e-06,-3.332917e-06,4.227065e-06,21721780000000.0,1458583000000.0,0.3621933,1.530359e-06,-9.008301e-08,-1.580546e-06,-6.3508e-08,1.341396e-06,-3.073293e-06,-2.526143e-06,3.220249e-06,1060753000000.0,63250000000000.0,1.051003,11310000000000.0,-0.86724
283,0.4816,24.94658,6.596305999999996,1644.617,765.0313,209.7506,-9.994817,-303.2875,19.00813,56322840000000.0,49114290000000.0,4853227000000.0,0.749583,4.970106e-06,1.530139e-06,-3.316068e-06,1.601134e-06,6.160208e-06,-8.154991e-06,-6.380823e-06,1.227297e-05,46423090000000.0,4177549000000.0,0.6352013,4.595463e-06,1.364243e-06,-3.115868e-06,1.429089e-06,5.642729e-06,-7.589989e-06,-5.949314e-06,1.129335e-05,32967120000000.0,2589991000000.0,0.4133375,3.549427e-06,9.59578e-07,-2.499017e-06,1.007897e-06,4.2585e-06,-5.954628e-06,-4.686867e-06,8.619909e-06,1428735000000.0,86230000000000.0,1.393916,20450000000000.0,-1.184769
284,0.4878,24.89436,7.165233000000005,1661.625,771.1022,230.2846,-377.1444,233.1897,-514.1964,29603130000000.0,25181890000000.0,1518901000000.0,0.5898188,1.385136e-06,1.325436e-06,-3.254236e-08,1.344427e-06,2.624217e-06,-1.380354e-06,-8.87294e-07,4.340026e-06,19799500000000.0,1070486000000.0,0.4745933,1.125615e-06,1.039247e-06,-6.40791e-08,1.054513e-06,2.094097e-06,-1.159301e-06,-7.585899e-07,3.488075e-06,8938608000000.0,348899600000.0,0.2695631,5.701446e-07,4.843069e-07,-7.427623e-08,4.91825e-07,1.017859e-06,-6.289559e-07,-4.259447e-07,1.723492e-06,1069475000000.0,12550000000000.0,0.8397275,1793000000000.0,-0.563805
285,0.4873,25.13754,6.995292999999998,1657.793,777.8916,224.6937,203.1479,-812.963,-40.64278,28834220000000.0,26239140000000.0,1949008000000.0,0.5963277,1.550677e-06,8.222684e-07,-6.964803e-07,8.465976e-07,2.278783e-06,-2.209174e-06,-1.655524e-06,4.196088e-06,23163490000000.0,1565598000000.0,0.4991782,1.371189e-06,7.01231e-07,-6.414218e-07,7.225478e-07,1.988423e-06,-1.978902e-06,-1.489318e-06,3.683331e-06,14897680000000.0,841453900000.0,0.3165671,9.36606e-07,4.361081e-07,-4.804551e-07,4.502918e-07,1.313958e-06,-1.393835e-06,-1.059371e-06,2.47082e-06,932014200000.0,52070000000000.0,0.9967241,8830000000000.0,-0.774675
290,0.4876,25.01575,7.041533,1659.679,774.4767,226.2262,-222.0922,-206.8761,-227.8137,355814300000000.0,248166500000000.0,30983550000000.0,1.26177,9.504871e-05,2.504207e-05,-6.693356e-05,2.519651e-05,0.0001104217,-0.0001592486,-0.0001251003,0.000226084,232499900000000.0,26947550000000.0,1.074885,8.923534e-05,2.279047e-05,-6.35277e-05,2.29023e-05,0.0001028428,-0.0001501951,-0.0001181247,0.0002113738,174254800000000.0,17427860000000.0,0.7185236,7.113329e-05,1.673853e-05,-5.199326e-05,1.674883e-05,8.03019e-05,-0.0001210758,-9.548573e-05,0.0001666805,4677939000000.0,126100000000000.0,3.963318,85030000000000.0,-3.61
292,0.4927,25.13786,6.876689000000004,1673.659,785.3481,222.9611,-204.8421,-427.6892,-183.0008,94960700000000.0,82465870000000.0,8452217000000.0,0.8706552,1.165593e-05,7.613089e-06,-3.771242e-06,7.714944e-06,1.83819e-05,-1.508955e-05,-1.093552e-05,3.275155e-05,73623370000000.0,7081255000000.0,0.7315645,1.062037e-05,6.691992e-06,-3.67832e-06,6.782272e-06,1.649583e-05,-1.399085e-05,-1.020513e-05,2.958432e-05,44212470000000.0,3850525000000.0,0.454021,7.435318e-06,4.247756e-06,-3.006979e-06,4.305526e-06,1.109376e-05,-1.022638e-05,-7.574346e-06,2.02474e-05,2225754000000.0,58990000000000.0,1.757608,17640000000000.0,-1.454078
293,0.4927,25.01265,6.839057999999997,1675.755,781.8681,221.7802,-489.7838,94.1752,-116.0187,31813760000000.0,29122560000000.0,1953936000000.0,0.6164404,1.5409e-06,2.126107e-06,6.139059e-07,2.145129e-06,3.569916e-06,-8.8266e-07,-3.354717e-07,5.481959e-06,25950800000000.0,1568837000000.0,0.5165328,1.360955e-06,1.813888e-06,4.784887e-07,1.830515e-06,3.088493e-06,-8.432656e-07,-3.599373e-07,4.776904e-06,13167630000000.0,667210100000.0,0.3034697,8.359625e-07,1.008537e-06,1.886648e-07,1.018416e-06,1.790317e-06,-6.231453e-07,-3.261803e-07,2.826764e-06,1063265000000.0,21160000000000.0,0.8394225,3022000000000.0,-0.633204
294,0.4958,26.714480000000002,6.175690000000003,1663.502,837.1812,201.5096,252.6605,66.51235,-187.9562,45846410000000.0,43155220000000.0,3535992000000.0,0.7006666,3.391165e-06,-1.972988e-06,-5.265309e-06,-1.905032e-06,1.20005e-06,-8.580965e-06,-7.364469e-06,5.344589e-06,35466090000000.0,2780341000000.0,0.576262,2.975707e-06,-1.665753e-06,-4.554172e-06,-1.606686e-06,1.116749e-06,-7.463579e-06,-6.395952e-06,4.752599e-06,22875150000000.0,1459560000000.0,0.3653305,1.985442e-06,-1.016257e-06,-2.942519e-06,-9.778127e-07,8.37198e-07,-4.883661e-06,-4.171033e-06,3.261509e-06,1406429000000.0,38320000000000.0,1.169543,7625000000000.0,-0.9064417
295,0.4949,25.473090000000003,6.813583000000004,1676.244,798.5612,221.8496,-203.4357,-352.5191,-190.8115,38733970000000.0,33447700000000.0,2758266000000.0,0.6482146,2.521226e-06,2.369347e-06,-9.929668e-08,2.399708e-06,4.722546e-06,-2.548704e-06,-1.652016e-06,7.841468e-06,29026450000000.0,2239271000000.0,0.5391765,2.237857e-06,2.021833e-06,-1.689155e-07,2.048376e-06,4.109205e-06,-2.342972e-06,-1.546954e-06,6.876839e-06,22298460000000.0,1380963000000.0,0.3665588,1.632413e-06,1.353464e-06,-2.438438e-07,1.372128e-06,2.873799e-06,-1.829638e-06,-1.24878e-06,4.891393e-06,1074005000000.0,72390000000000.0,1.235771,15220000000000.0,-0.993
297,0.4969,26.59539,5.954381999999998,1669.247,835.7287,194.7028,60.27502,-6.910534,1.237576,160126000000000.0,139749900000000.0,17636950000000.0,1.037016,3.49166e-05,-1.896362e-06,-3.562054e-05,-1.55268e-06,2.989107e-05,-6.967173e-05,-5.70983e-05,7.227111e-05,125621100000000.0,15317620000000.0,0.8714878,3.280976e-05,-1.722732e-06,-3.340192e-05,-1.410564e-06,2.811287e-05,-6.539814e-05,-5.357993e-05,6.791807e-05,96402410000000.0,10542510000000.0,0.5877806,2.699699e-05,-1.30042e-06,-2.734367e-05,-1.068608e-06,2.317084e-05,-5.367034e-05,-4.393791e-05,5.588278e-05,3067509000000.0,234800000000000.0,3.209163,128200000000000.0,-2.83536
298,0.4949,26.90466,6.039504999999995,1658.361,841.5041,196.7533,535.514,-196.7064,186.3748,29507020000000.0,26623600000000.0,2105692000000.0,0.6032178,1.607229e-06,-2.065025e-06,-3.624869e-06,-2.027219e-06,-5.527811e-07,-5.200944e-06,-4.622908e-06,1.409472e-06,24412970000000.0,1760260000000.0,0.5077744,1.458197e-06,-1.8064e-06,-3.221351e-06,-1.772308e-06,-4.350906e-07,-4.651216e-06,-4.126736e-06,1.344807e-06,16723850000000.0,1051390000000.0,0.328702,1.061903e-06,-1.18942e-06,-2.219293e-06,-1.165047e-06,-1.92324e-07,-3.260433e-06,-2.878394e-06,1.102994e-06,919312800000.0,62250000000000.0,1.003681,10630000000000.0,-0.8050661
299,0.4965,26.46976,6.363059999999999,1668.485,830.7767,207.8504,-0.4781559,75.77816,-183.5322,28161420000000.0,26623600000000.0,1543489000000.0,0.5998116,1.047073e-06,-4.979382e-08,-1.071014e-06,-3.018948e-08,9.343808e-07,-2.092107e-06,-1.718356e-06,2.222474e-06,22106240000000.0,1216077000000.0,0.491696,9.030428e-07,-4.116498e-08,-9.217867e-07,-2.438466e-08,8.072221e-07,-1.802416e-06,-1.480038e-06,1.917919e-06,12783170000000.0,578196300000.0,0.3000203,5.542031e-07,-2.287471e-08,-5.631217e-07,-1.277753e-08,4.971408e-07,-1.103559e-06,-9.056527e-07,1.178448e-06,973625000000.0,24220000000000.0,0.7903973,3257000000000.0,-0.619542
300,0.4976,25.79827,5.199343999999996,1684.492,814.2527,170.2499,-49.59884,-77.20841,-138.9036,29795360000000.0,26239140000000.0,2012740000000.0,0.5938274,1.499446e-06,4.5032e-07,-1.013412e-06,4.755286e-07,1.856528e-06,-2.47384e-06,-1.939243e-06,3.703628e-06,23547950000000.0,1651356000000.0,0.4989256,1.349016e-06,3.90914e-07,-9.258013e-07,4.134179e-07,1.655483e-06,-2.239707e-06,-1.758688e-06,3.316982e-06,16531620000000.0,958347500000.0,0.3268319,9.689716e-07,2.562827e-07,-6.891495e-07,2.720962e-07,1.163474e-06,-1.632891e-06,-1.287275e-06,2.356314e-06,918369900000.0,40290000000000.0,0.9002436,6171000000000.0,-0.7096936
301,0.4953,26.84961,6.05506,1660.582,840.626,197.4319,233.6459,-189.7846,12.04967,38445630000000.0,21337320000000.0,1446979000000.0,0.5543125,1.643992e-06,-5.869724e-07,-2.186836e-06,-5.550831e-07,9.549333e-07,-3.792244e-06,-3.20393e-06,2.970907e-06,17300530000000.0,990919900000.0,0.4524211,1.258218e-06,-4.368278e-07,-1.661106e-06,-4.125885e-07,7.427221e-07,-2.889782e-06,-2.439471e-06,2.285353e-06,8554152000000.0,326630400000.0,0.2628473,5.841152e-07,-1.91196e-07,-7.593833e-07,-1.801181e-07,3.55838e-07,-1.329772e-06,-1.120667e-06,1.071698e-06,891686700000.0,16840000000000.0,0.9570336,2742000000000.0,-0.66033
302,0.4994,25.02261,5.440950999999999,1700.126,793.5989,178.7088,4.565406,-336.2448,-360.9794,45558070000000.0,41905730000000.0,4031846000000.0,0.6985185,3.836216e-06,1.56518e-06,-2.179443e-06,1.618616e-06,5.141601e-06,-5.914331e-06,-4.545337e-06,9.866233e-06,38157280000000.0,3403717000000.0,0.5857205,3.534664e-06,1.389784e-06,-2.059822e-06,1.438399e-06,4.683026e-06,-5.501035e-06,-4.239483e-06,9.035146e-06,26335250000000.0,2116262000000.0,0.3831657,2.736537e-06,9.811895e-07,-1.688097e-06,1.017501e-06,3.526464e-06,-4.352122e-06,-3.375055e-06,6.893504e-06,1286506000000.0,117600000000000.0,1.399434,28000000000000.0,-1.17513
303,0.5019,26.68121,5.7834540000000025,1682.803,845.6706,190.7537,-112.9484,39.89474,92.66301,38830080000000.0,33928270000000.0,2751886000000.0,0.6464194,2.34481e-06,4.893739e-07,-1.797494e-06,5.277771e-07,2.683511e-06,-4.08165e-06,-3.244959e-06,5.568327e-06,29218680000000.0,2216878000000.0,0.5351961,2.089224e-06,4.196016e-07,-1.61767e-06,4.53478e-07,2.373488e-06,-3.652843e-06,-2.907244e-06,4.943294e-06,18453900000000.0,1206416000000.0,0.3411048,1.452917e-06,2.647472e-07,-1.151409e-06,2.876452e-07,1.621438e-06,-2.56672e-06,-2.047996e-06,3.407476e-06,1143722000000.0,53610000000000.0,1.097464,10010000000000.0,-0.880902
307,0.5055,25.29689,5.213066999999997,1714.896,810.5139,173.0573,71.98661,-147.1046,-206.7369,63146940000000.0,53631650000000.0,5314747000000.0,0.7497046,5.728347e-06,2.023258e-07,-5.372219e-06,2.91659e-07,5.536298e-06,-1.095637e-05,-8.907547e-06,1.256201e-05,47864800000000.0,4375453000000.0,0.6320057,5.16317e-06,1.76346e-07,-4.847259e-06,2.55894e-07,4.980952e-06,-9.880418e-06,-8.033437e-06,1.131187e-05,27969190000000.0,2268219000000.0,0.3883663,3.483017e-06,1.078652e-07,-3.278962e-06,1.594072e-07,3.342244e-06,-6.674188e-06,-5.427575e-06,7.609488e-06,1622357000000.0,71420000000000.0,1.473109,17900000000000.0,-1.20483
308,0.5023,26.49165,5.964364999999994,1686.661,840.6312,196.888,-203.2302,-20.6446,-280.6539,55361700000000.0,50844340000000.0,4593897000000.0,0.7392572,4.455515e-06,2.252087e-06,-2.097865e-06,2.310632e-06,6.401538e-06,-6.431898e-06,-4.843372e-06,1.189122e-05,44981380000000.0,3854102000000.0,0.6195741,4.053041e-06,1.972609e-06,-1.983636e-06,2.025102e-06,5.744757e-06,-5.926114e-06,-4.480852e-06,1.073722e-05,27873080000000.0,2205963000000.0,0.388127,2.90307e-06,1.274599e-06,-1.55748e-06,1.310534e-06,3.971097e-06,-4.381255e-06,-3.345551e-06,7.544181e-06,1530415000000.0,81030000000000.0,1.38617,19110000000000.0,-1.16622
309,0.5043,26.87777,5.827674999999998,1686.787,854.9332,193.0112,-109.8448,40.11908,-277.7861,61993570000000.0,58917920000000.0,5460736000000.0,0.7777315,5.562562e-06,1.31589e-06,-4.105043e-06,1.396368e-06,6.495403e-06,-9.52231e-06,-7.535588e-06,1.333157e-05,54208330000000.0,4630996000000.0,0.6570925,5.173389e-06,1.184329e-06,-3.856533e-06,1.258359e-06,5.998839e-06,-8.894746e-06,-7.046771e-06,1.235534e-05,31429300000000.0,2397652000000.0,0.4050385,3.817844e-06,7.942805e-07,-2.923819e-06,8.469283e-07,4.340911e-06,-6.641805e-06,-5.27743e-06,9.028513e-06,1722760000000.0,55640000000000.0,1.344755,12730000000000.0,-1.12959
310,0.5055,24.93116,4.812825000000006,1721.101,800.0468,159.8043,-245.9531,-236.8292,-89.39488,31621530000000.0,13840430000000.0,1006976000000.0,0.480533,1.004479e-06,1.010264e-06,2.638718e-08,1.023629e-06,1.950681e-06,-9.496096e-07,-5.925769e-07,3.193959e-06,12590940000000.0,736455300000.0,0.4078409,8.040376e-07,7.951394e-07,7.655825e-09,8.057773e-07,1.547701e-06,-7.735773e-07,-4.877722e-07,2.542778e-06,8458038000000.0,315053500000.0,0.2647802,4.427113e-07,4.173228e-07,-1.617101e-08,4.230813e-07,8.313662e-07,-4.463169e-07,-2.889208e-07,1.37909e-06,576315300000.0,15100000000000.0,0.8652953,2223000000000.0,-0.572715
311,0.5087,25.39051,5.261312,1723.005,817.7935,175.6297,-244.1294,170.5317,-204.746,61705230000000.0,46038640000000.0,4192774000000.0,0.7115967,4.478216e-06,1.717877e-06,-2.651983e-06,1.780899e-06,5.892579e-06,-7.010887e-06,-5.413227e-06,1.140602e-05,38445630000000.0,3252277000000.0,0.5867181,3.856016e-06,1.424017e-06,-2.337906e-06,1.477495e-06,5.016138e-06,-6.09113e-06,-4.715211e-06,9.762182e-06,23067380000000.0,1558918000000.0,0.3658792,2.390175e-06,8.041868e-07,-1.526349e-06,8.360161e-07,3.026526e-06,-3.852724e-06,-2.999452e-06,5.966127e-06,1470935000000.0,48380000000000.0,1.323012,10890000000000.0,-1.066377
312,0.5091,25.47032,5.2901209999999965,1723.421,820.9343,176.7566,-41.97033,-19.36618,-431.7419,39887340000000.0,26911940000000.0,2549341000000.0,0.5963457,2.71677e-06,5.970228e-07,-2.053351e-06,6.400551e-07,3.137007e-06,-4.700691e-06,-3.73068e-06,6.480182e-06,21721780000000.0,1807907000000.0,0.4852627,2.218622e-06,4.732822e-07,-1.690772e-06,5.080929e-07,2.546451e-06,-3.852657e-06,-3.060414e-06,5.276036e-06,14609340000000.0,847315400000.0,0.3129646,1.343728e-06,2.710948e-07,-1.039169e-06,2.917764e-07,1.525418e-06,-2.348491e-06,-1.868547e-06,3.177912e-06,966138600000.0,34770000000000.0,1.099794,6506000000000.0,-0.798138
314,0.5128,26.84787,6.690689000000005,1709.269,865.2068,224.7358,-18.66729,248.5876,-201.7517,58821810000000.0,29507020000000.0,2108153000000.0,0.616745,2.494289e-06,-5.55535e-07,-2.985163e-06,-5.085013e-07,1.784734e-06,-5.419639e-06,-4.527811e-06,4.847447e-06,26623600000000.0,1703438000000.0,0.5171393,2.24191e-06,-4.81301e-07,-2.664786e-06,-4.393245e-07,1.621204e-06,-4.852904e-06,-4.051229e-06,4.373508e-06,17781100000000.0,923605300000.0,0.3345845,1.547207e-06,-3.050304e-07,-1.811369e-06,-2.766024e-07,1.144218e-06,-3.321404e-06,-2.767988e-06,3.04274e-06,998222400000.0,32650000000000.0,0.9564416,5313000000000.0,-0.8401934
317,0.5185,26.48234,6.862793999999997,1731.064,862.4106,232.7649,-46.74116,382.7743,-323.6194,44981380000000.0,37003920000000.0,3571036000000.0,0.6626827,3.101335e-06,-6.975208e-07,-3.715348e-06,-6.419532e-07,2.201961e-06,-6.743937e-06,-5.633197e-06,6.004123e-06,32871010000000.0,2986829000000.0,0.5547062,2.80707e-06,-6.066791e-07,-3.337593e-06,-5.569157e-07,2.015942e-06,-6.078736e-06,-5.073245e-06,5.456392e-06,24605200000000.0,1932825000000.0,0.3737691,2.164075e-06,-4.279104e-07,-2.532227e-06,-3.90539e-07,1.590719e-06,-4.645337e-06,-3.869895e-06,4.241341e-06,1158593000000.0,113400000000000.0,1.322725,25520000000000.0,-1.11375
320,0.5199,25.7456,5.519850000000005,1750.41,844.1317,187.8,-95.96428,288.0519,-569.0477,39118420000000.0,32486550000000.0,2732762000000.0,0.6392563,2.210213e-06,1.006599e-07,-2.05562e-06,1.383506e-07,2.171099e-06,-4.212699e-06,-3.4223e-06,4.890106e-06,28834220000000.0,2229219000000.0,0.5293151,1.965555e-06,8.58415e-08,-1.831314e-06,1.190016e-07,1.925865e-06,-3.74951e-06,-3.046527e-06,4.343186e-06,21048980000000.0,1357214000000.0,0.3530269,1.452332e-06,5.78147e-08,-1.358008e-06,8.168373e-08,1.415246e-06,-2.775183e-06,-2.25561e-06,3.200163e-06,1061336000000.0,69510000000000.0,1.143224,13520000000000.0,-0.9395
321,0.5234,24.91028,7.131300000000002,1767.548,820.8542,243.8237,34.04176,31.39102,-82.05351,81120270000000.0,76506800000000.0,7792543000000.0,0.8373323,9.308838e-06,-5.424193e-07,-9.579563e-06,-4.060025e-07,8.078849e-06,-1.865756e-05,-1.532129e-05,1.945833e-05,74200060000000.0,6982604000000.0,0.7261537,8.870835e-06,-5.027604e-07,-9.113364e-06,-3.741695e-07,7.70841e-06,-1.776419e-05,-1.458445e-05,1.855016e-05,57380100000000.0,4745574000000.0,0.4901191,7.445903e-06,-3.900505e-07,-7.614018e-06,-2.858488e-07,6.490362e-06,-1.487517e-05,-1.2205e-05,1.558451e-05,1918025000000.0,96330000000000.0,1.793856,29400000000000.0,-1.552221
325,0.5264,27.09681,6.8196369999999975,1744.309,892.4853,234.3222,-255.5621,313.8603,24.60159,35369980000000.0,25854680000000.0,2464067000000.0,0.581958,2.593987e-06,4.825339e-07,-2.046345e-06,5.224653e-07,2.903295e-06,-4.573869e-06,-3.647313e-06,6.092531e-06,22202350000000.0,1773650000000.0,0.485807,2.13672e-06,3.889871e-07,-1.693835e-06,4.216152e-07,2.382162e-06,-3.775786e-06,-3.012485e-06,5.008745e-06,11629800000000.0,642725000000.0,0.2906413,1.090097e-06,1.868041e-07,-8.753915e-07,2.030478e-07,1.202369e-06,-1.937515e-06,-1.54798e-06,2.541689e-06,979892500000.0,20900000000000.0,1.118717,3978000000000.0,-0.694576
326,0.5264,25.73434,5.969087000000001,1768.471,852.4135,205.2684,-24.8964,469.9474,-459.0298,39118420000000.0,38157280000000.0,3303132000000.0,0.6710241,2.727864e-06,-9.234429e-07,-3.577341e-06,-8.732181e-07,1.627806e-06,-6.2439e-06,-5.26568e-06,4.970428e-06,35946660000000.0,2947820000000.0,0.5729357,2.584964e-06,-8.444344e-07,-3.358857e-06,-7.972094e-07,1.571905e-06,-5.885614e-06,-4.958562e-06,4.738699e-06,28834220000000.0,2110260000000.0,0.3895211,2.190253e-06,-6.525826e-07,-2.782027e-06,-6.134504e-07,1.391812e-06,-4.922725e-06,-4.13703e-06,4.073367e-06,1147771000000.0,145800000000000.0,1.321458,32780000000000.0,-1.15137
329,0.525,27.02,6.297681000000006,1743.433,889.0902,215.98,-184.6242,375.5877,-85.97332,42482420000000.0,25566340000000.0,2481079000000.0,0.5923166,2.154061e-06,1.976886e-08,-2.079997e-06,5.705375e-08,2.036882e-06,-4.181043e-06,-3.411204e-06,4.684506e-06,23355720000000.0,1942576000000.0,0.4942835,1.832444e-06,1.629503e-08,-1.769672e-06,4.77379e-08,1.731338e-06,-3.556982e-06,-2.902009e-06,3.983167e-06,16051050000000.0,1038918000000.0,0.3224962,1.199834e-06,9.815141e-09,-1.159062e-06,2.989662e-08,1.131128e-06,-2.329286e-06,-1.900285e-06,2.604679e-06,893543600000.0,66850000000000.0,1.14651,13040000000000.0,-0.9200474
330,0.528,26.98728,7.003762,1750.208,891.286,241.2898,-427.6662,524.4977,-276.193,36235000000000.0,33351580000000.0,2854668000000.0,0.6336165,2.324774e-06,1.05982e-06,-1.212296e-06,1.092836e-06,3.231376e-06,-3.477612e-06,-2.647525e-06,6.098525e-06,30852620000000.0,2507635000000.0,0.5398187,2.164873e-06,9.481025e-07,-1.167259e-06,9.784772e-07,2.969001e-06,-3.276631e-06,-2.503568e-06,5.638176e-06,24316860000000.0,1790444000000.0,0.3707999,1.799716e-06,7.201091e-07,-1.037516e-06,7.4461e-07,2.397542e-06,-2.79086e-06,-2.148034e-06,4.614982e-06,1046906000000.0,174000000000000.0,1.358947,40230000000000.0,-1.170623
331,0.529,26.41618,5.314046999999998,1767.277,877.9058,183.5472,-147.961,179.1103,-140.6084,32005980000000.0,19511160000000.0,1658798000000.0,0.5287429,1.582362e-06,2.93777e-07,-1.249834e-06,3.201442e-07,1.775647e-06,-2.79165e-06,-2.226956e-06,3.722904e-06,16051050000000.0,1179236000000.0,0.4371692,1.279287e-06,2.318942e-07,-1.015921e-06,2.530664e-07,1.42947e-06,-2.26242e-06,-1.80584e-06,3.003519e-06,10572550000000.0,499784500000.0,0.2800601,7.166814e-07,1.229083e-07,-5.759457e-07,1.3457e-07,7.931724e-07,-1.274248e-06,-1.018402e-06,1.674649e-06,780251100000.0,20320000000000.0,0.9360232,3236000000000.0,-0.613602
332,0.5308,26.65487,5.290539999999999,1768.451,887.6933,183.2328,-218.1861,294.7216,-125.0739,200974500000000.0,100823700000000.0,12066510000000.0,0.9137082,2.328927e-05,2.160834e-06,-2.042959e-05,2.407501e-06,2.353058e-05,-4.311674e-05,-3.476223e-05,5.196651e-05,71989440000000.0,7886269000000.0,0.7148262,1.755712e-05,1.581773e-06,-1.544382e-05,1.76286e-06,1.767636e-05,-3.254678e-05,-2.624703e-05,3.910523e-05,36042770000000.0,2832604000000.0,0.4186484,8.719942e-06,7.368593e-07,-7.713507e-06,8.209831e-07,8.71199e-06,-1.620761e-05,-1.307694e-05,1.934512e-05,2932960000000.0,37970000000000.0,2.173343,14040000000000.0,-1.832
333,0.5297,26.12522,5.679646000000003,1772.82,869.4633,196.3781,-230.2925,129.3957,-467.8486,48441490000000.0,33063240000000.0,2931049000000.0,0.6342486,3.363154e-06,1.508374e-06,-1.776147e-06,1.554451e-06,4.644653e-06,-5.049917e-06,-3.850149e-06,8.789508e-06,23644060000000.0,1901697000000.0,0.4935333,2.638196e-06,1.138443e-06,-1.437457e-06,1.174016e-06,3.59678e-06,-4.005458e-06,-3.064153e-06,6.847139e-06,15570480000000.0,855062700000.0,0.3194589,1.527457e-06,6.245925e-07,-8.662769e-07,6.446969e-07,2.046301e-06,-2.353031e-06,-1.807899e-06,3.927305e-06,1164487000000.0,30840000000000.0,1.202778,6311000000000.0,-0.880506
334,0.5301,26.43125,4.998346999999997,1771.637,880.6531,173.0341,-386.3236,425.2762,156.9227,50171540000000.0,30756500000000.0,3201031000000.0,0.6175244,3.335412e-06,1.083857e-06,-2.17167e-06,1.131909e-06,4.195412e-06,-5.420913e-06,-4.229882e-06,8.302336e-06,24797430000000.0,2252573000000.0,0.5016816,2.602131e-06,8.283834e-07,-1.711111e-06,8.655863e-07,3.254925e-06,-4.245967e-06,-3.316706e-06,6.458427e-06,16627730000000.0,1075544000000.0,0.3267823,1.532775e-06,4.608192e-07,-1.034482e-06,4.82197e-07,1.888393e-06,-2.527549e-06,-1.980026e-06,3.774429e-06,1081399000000.0,48140000000000.0,1.271003,10410000000000.0,-0.9613013
335,0.529,25.89655,5.447040999999996,1774.815,861.6717,188.131,-452.838,467.83,-101.3224,82369750000000.0,68048760000000.0,7522207000000.0,0.8016029,8.964873e-06,3.280929e-06,-5.458622e-06,3.382193e-06,1.157895e-05,-1.418415e-05,-1.098018e-05,2.259964e-05,61128550000000.0,6379128000000.0,0.6796492,8.19647e-06,2.897406e-06,-5.091047e-06,2.988109e-06,1.047799e-05,-1.306843e-05,-1.013856e-05,2.055065e-05,43059100000000.0,3933886000000.0,0.4467271,6.152394e-06,1.988552e-06,-4.003508e-06,2.052645e-06,7.665597e-06,-9.990966e-06,-7.790629e-06,1.521913e-05,1843441000000.0,95390000000000.0,1.794897,29130000000000.0,-1.51272
336,0.5292,26.08774,5.609871000000006,1772.382,867.8107,193.84,-402.4332,533.4269,-345.2299,71604980000000.0,66030360000000.0,6536248000000.0,0.7941528,7.059172e-06,2.163031e-06,-4.72145e-06,2.253138e-06,8.718313e-06,-1.159883e-05,-9.07478e-06,1.739957e-05,57956780000000.0,5516281000000.0,0.6653703,6.459314e-06,1.907257e-06,-4.390606e-06,1.988298e-06,7.900771e-06,-1.068328e-05,-8.373361e-06,1.584166e-05,39214540000000.0,3365870000000.0,0.4319511,4.852709e-06,1.306765e-06,-3.421399e-06,1.364715e-06,5.799775e-06,-8.148381e-06,-6.412239e-06,1.17601e-05,1841587000000.0,99590000000000.0,1.667265,28250000000000.0,-1.41768
338,0.5278,26.206720000000004,5.353267999999994,1767.045,869.7516,184.5516,-132.3285,456.8928,31.71374,175408200000000.0,156665900000000.0,18054050000000.0,1.059558,3.595593e-05,-3.226821e-06,-3.795415e-05,-2.848487e-06,2.954414e-05,-7.304249e-05,-6.008706e-05,7.317996e-05,141095400000000.0,15146230000000.0,0.8971928,3.31344e-05,-2.886814e-06,-3.487909e-05,-2.548531e-06,2.727986e-05,-6.721338e-05,-5.527136e-05,6.747426e-05,90731680000000.0,8221767000000.0,0.569692,2.375016e-05,-1.904585e-06,-2.481406e-05,-1.685179e-06,1.964576e-05,-4.798938e-05,-3.942236e-05,4.841806e-05,3534383000000.0,54630000000000.0,2.656389,24690000000000.0,-2.15523
339,0.5306,24.96715,5.267552000000006,1794.144,835.3712,182.4643,-231.7274,433.7189,-214.5412,38637850000000.0,34216610000000.0,2903131000000.0,0.6390433,2.375119e-06,3.072246e-07,-2.010008e-06,3.467731e-07,2.531044e-06,-4.326283e-06,-3.477662e-06,5.453576e-06,29987590000000.0,2365115000000.0,0.534233,2.129304e-06,2.654996e-07,-1.811526e-06,3.006182e-07,2.258033e-06,-3.888005e-06,-3.12713e-06,4.877463e-06,19511160000000.0,1286809000000.0,0.3411204,1.500286e-06,1.70725e-07,-1.292007e-06,1.948179e-07,1.572478e-06,-2.754956e-06,-2.218683e-06,3.416907e-06,1135307000000.0,59690000000000.0,1.127472,11450000000000.0,-0.903672
340,0.5287,26.10193,5.481870000000005,1771.139,867.7459,189.2798,-304.5256,442.2255,-199.1467,29987590000000.0,27488620000000.0,2208211000000.0,0.6077634,1.55559e-06,4.77841e-07,-1.042005e-06,5.034152e-07,1.936725e-06,-2.55858e-06,-2.003294e-06,3.854512e-06,24701320000000.0,1824678000000.0,0.501271,1.393243e-06,4.095095e-07,-9.514344e-07,4.321823e-07,1.715338e-06,-2.309665e-06,-1.812282e-06,3.432515e-06,19415040000000.0,1191213000000.0,0.3418394,1.075326e-06,2.895296e-07,-7.604078e-07,3.06642e-07,1.29607e-06,-1.80861e-06,-1.424634e-06,2.620661e-06,916745500000.0,87970000000000.0,1.07036,16020000000000.0,-0.880011
341,0.5304,26.29878,5.9629360000000045,1771.294,875.3811,206.3725,-202.825,211.4442,-496.0117,66318710000000.0,50940460000000.0,4582359000000.0,0.7273575,4.924592e-06,1.45892e-06,-3.345067e-06,1.52808e-06,6.046189e-06,-8.142043e-06,-6.383005e-06,1.210549e-05,40464020000000.0,3343089000000.0,0.59029,4.064013e-06,1.163157e-06,-2.800442e-06,1.219404e-06,4.946069e-06,-6.759023e-06,-5.307152e-06,9.945008e-06,16435510000000.0,1089632000000.0,0.3219374,1.924615e-06,5.0631e-07,-1.36964e-06,5.318908e-07,2.294343e-06,-3.244194e-06,-2.556327e-06,4.65983e-06,1785463000000.0,30060000000000.0,1.301055,6654000000000.0,-0.99495
344,0.5315,26.29355,5.8063009999999995,1775.347,877.1825,201.3643,-609.47,217.0233,-418.8686,47288120000000.0,22875150000000.0,1818983000000.0,0.5596925,1.63956e-06,2.432681e-06,8.209212e-07,2.450658e-06,3.967997e-06,-7.717492e-07,-1.893867e-07,6.006563e-06,21817890000000.0,1476176000000.0,0.4845258,1.42115e-06,2.059277e-06,6.624252e-07,2.074715e-06,3.389548e-06,-7.180165e-07,-2.132091e-07,5.156228e-06,15089910000000.0,746160600000.0,0.3193105,9.053419e-07,1.219469e-06,3.300115e-07,1.229007e-06,2.065851e-06,-5.492749e-07,-2.276364e-07,3.190658e-06,827394100000.0,21760000000000.0,0.8924481,3304000000000.0,-0.685674
345,0.5315,25.02291,5.297871000000005,1795.737,838.2405,183.7668,-398.9366,206.7799,-345.5497,37965060000000.0,33159350000000.0,2638627000000.0,0.6317893,2.177171e-06,1.851993e-06,-2.798753e-07,1.880503e-06,3.887871e-06,-2.397114e-06,-1.622134e-06,6.580838e-06,28449760000000.0,2117350000000.0,0.5280115,1.913421e-06,1.568572e-06,-3.046696e-07,1.593315e-06,3.356753e-06,-2.165349e-06,-1.484176e-06,5.722878e-06,17973330000000.0,1102818000000.0,0.3321994,1.281201e-06,9.570953e-07,-2.965491e-07,9.730877e-07,2.152499e-06,-1.542324e-06,-1.086073e-06,3.735732e-06,1116144000000.0,45840000000000.0,1.091412,8512000000000.0,-0.850608
347,0.5365,27.09625,5.479312999999996,1778.28,909.8449,191.6117,-426.6203,389.6231,-464.0307,47288120000000.0,46999780000000.0,3970676000000.0,0.730016,3.138667e-06,2.020858e-06,-1.050698e-06,2.063317e-06,4.954617e-06,-4.106854e-06,-2.987559e-06,8.832635e-06,45654180000000.0,3433350000000.0,0.6140411,2.913333e-06,1.810623e-06,-1.039867e-06,1.849616e-06,4.532283e-06,-3.876452e-06,-2.837439e-06,8.131001e-06,31525410000000.0,2096889000000.0,0.3997103,2.235541e-06,1.271712e-06,-9.144769e-07,1.300739e-06,3.357059e-06,-3.090833e-06,-2.293364e-06,6.116692e-06,1509633000000.0,39230000000000.0,1.07664,7186000000000.0,-0.896346
348,0.5358,26.68973,5.78549,1781.597,895.6499,202.039,-545.3653,358.2851,-578.5181,39502880000000.0,34216610000000.0,2970949000000.0,0.6378744,2.432944e-06,2.462114e-06,7.515881e-08,2.490522e-06,4.736194e-06,-2.291648e-06,-1.425269e-06,7.752377e-06,30372040000000.0,2488701000000.0,0.543715,2.194795e-06,2.148092e-06,-4.737926e-09,2.173381e-06,4.198345e-06,-2.139711e-06,-1.358086e-06,6.918526e-06,20952870000000.0,1437862000000.0,0.3525872,1.554817e-06,1.38946e-06,-1.346692e-07,1.406665e-06,2.839347e-06,-1.646818e-06,-1.092981e-06,4.764806e-06,1120936000000.0,90250000000000.0,1.249769,19190000000000.0,-1.02267
349,0.5358,25.48978,6.720722999999998,1796.494,856.4905,234.5267,-200.6026,280.7724,-169.2544,45942520000000.0,40656250000000.0,3625732000000.0,0.6745303,3.040621e-06,6.162584e-07,-2.34861e-06,6.637859e-07,3.455965e-06,-5.311364e-06,-4.225467e-06,7.195298e-06,37580600000000.0,3134738000000.0,0.5755209,2.832805e-06,5.551732e-07,-2.206637e-06,5.990466e-07,3.199472e-06,-4.966855e-06,-3.955059e-06,6.682525e-06,28834220000000.0,2046164000000.0,0.3881861,2.249331e-06,4.038231e-07,-1.788192e-06,4.37734e-07,2.500467e-06,-3.9798e-06,-3.176135e-06,5.264508e-06,1225786000000.0,66030000000000.0,1.199915,13480000000000.0,-1.007
352,0.5419,25.45488,6.823239999999996,1814.798,863.8609,240.4945,-111.2993,397.2501,2.177166,34793290000000.0,19222810000000.0,1270919000000.0,0.5225536,8.427192e-07,-2.195161e-07,-1.041211e-06,-2.030843e-07,5.731901e-07,-1.864001e-06,-1.562767e-06,1.609241e-06,17588870000000.0,1046333000000.0,0.4458455,7.379535e-07,-1.847249e-07,-9.041539e-07,-1.70437e-07,5.090946e-07,-1.624634e-06,-1.360825e-06,1.416158e-06,13455970000000.0,627040600000.0,0.3019942,5.279602e-07,-1.210028e-07,-6.355212e-07,-1.109518e-07,3.748139e-07,-1.150949e-06,-9.621661e-07,1.023451e-06,705092800000.0,42820000000000.0,0.8577598,6249000000000.0,-0.7053
354,0.551,26.0578,6.437956000000003,1832.943,896.2765,230.2297,144.1777,310.4438,-167.4634,29987590000000.0,27296390000000.0,2167975000000.0,0.5888148,1.542825e-06,-1.14947e-06,-2.648791e-06,-1.116795e-06,2.992438e-07,-4.157792e-06,-3.604613e-06,2.187162e-06,23547950000000.0,1738206000000.0,0.4902716,1.365353e-06,-9.826098e-07,-2.309261e-06,-9.53888e-07,2.988247e-07,-3.644656e-06,-3.155056e-06,1.96924e-06,16819960000000.0,974787000000.0,0.3236903,9.591084e-07,-6.356091e-07,-1.567171e-06,-6.157842e-07,2.634133e-07,-2.505195e-06,-2.161171e-06,1.436217e-06,943909300000.0,53470000000000.0,1.017125,9253000000000.0,-0.789525
355,0.5561,27.07181,4.8947519999999995,1836.408,938.5978,176.617,-1.284735,419.231,-564.6208,310352300000000.0,180982800000000.0,22886150000000.0,1.095833,5.221624e-05,-6.685747e-06,-5.699878e-05,-6.197064e-06,4.062013e-05,-0.0001079944,-8.912857e-05,0.000103774,157242600000000.0,18397860000000.0,0.9195867,4.569568e-05,-5.671287e-06,-4.968356e-05,-5.262067e-06,3.566912e-05,-9.430956e-05,-7.779401e-05,9.090561e-05,90058880000000.0,9120635000000.0,0.5644376,2.951536e-05,-3.348417e-06,-3.174052e-05,-3.121353e-06,2.323674e-05,-6.05621e-05,-4.988308e-05,5.885217e-05,4021438000000.0,103000000000000.0,3.43413,60180000000000.0,-3.07494
359,0.5602,24.8488,5.131295999999996,1882.53,871.7977,186.2951,252.9899,-67.65466,-615.6982,28449760000000.0,22106240000000.0,1489345000000.0,0.5460915,1.02496e-06,-4.859985e-07,-1.484821e-06,-4.654163e-07,4.778707e-07,-2.487313e-06,-2.120033e-06,1.736465e-06,19222810000000.0,1189518000000.0,0.4571723,8.88392e-07,-4.053272e-07,-1.270885e-06,-3.876249e-07,4.296319e-07,-2.139748e-06,-1.82138e-06,1.520244e-06,14224880000000.0,681388700000.0,0.3035023,6.166374e-07,-2.581782e-07,-8.586785e-07,-2.461182e-07,3.205836e-07,-1.46168e-06,-1.240656e-06,1.077124e-06,795603400000.0,42480000000000.0,0.9494411,6862000000000.0,-0.7330166
360,0.5568,25.74082,5.053845000000004,1858.972,896.2942,182.5104,295.6959,416.6974,-432.6811,38733970000000.0,34985520000000.0,3003162000000.0,0.634529,2.171034e-06,-2.477531e-06,-4.583697e-06,-2.427604e-06,-4.382444e-07,-6.712936e-06,-5.931636e-06,2.210769e-06,31140960000000.0,2534020000000.0,0.5354597,1.969465e-06,-2.166056e-06,-4.076296e-06,-2.121073e-06,-3.171618e-07,-6.007743e-06,-5.298922e-06,2.085304e-06,21145090000000.0,1497658000000.0,0.3471594,1.426606e-06,-1.428673e-06,-2.811637e-06,-1.396719e-06,-9.152478e-08,-4.210525e-06,-3.696945e-06,1.647544e-06,1146126000000.0,80590000000000.0,1.142122,15660000000000.0,-0.9521904
361,0.5592,24.82114,6.643911000000001,1875.177,867.293,240.6527,200.9447,40.38165,-106.8884,52478280000000.0,40656250000000.0,3602655000000.0,0.6663297,3.080125e-06,-1.3804e-06,-4.371499e-06,-1.3216e-06,1.497712e-06,-7.380945e-06,-6.276703e-06,5.263794e-06,38253400000000.0,3083699000000.0,0.5763944,2.808475e-06,-1.218327e-06,-3.945194e-06,-1.165167e-06,1.404512e-06,-6.689204e-06,-5.68221e-06,4.837709e-06,24316860000000.0,1716897000000.0,0.3631922,1.948259e-06,-7.647879e-07,-2.655416e-06,-7.2898e-07,1.051305e-06,-4.55891e-06,-3.86002e-06,3.431199e-06,1266036000000.0,88950000000000.0,1.365829,20670000000000.0,-1.148
362,0.558,25.38098,5.149523999999999,1868.305,886.3766,186.3573,99.06143,447.407,-335.9138,78140740000000.0,73719490000000.0,7451740000000.0,0.8132329,8.491561e-06,-3.629763e-06,-1.185309e-05,-3.481053e-06,4.245667e-06,-2.015924e-05,-1.710397e-05,1.458664e-05,67472070000000.0,6530092000000.0,0.695788,7.977274e-06,-3.304614e-06,-1.102829e-05,-3.166494e-06,4.088747e-06,-1.883119e-05,-1.596052e-05,1.380072e-05,49402630000000.0,4277863000000.0,0.4600892,6.400723e-06,-2.425811e-06,-8.619054e-06,-2.318971e-06,3.49364e-06,-1.487945e-05,-1.257496e-05,1.12795e-05,1938085000000.0,102200000000000.0,1.819073,31630000000000.0,-1.54498
363,0.5587,25.63929,5.828303000000001,1863.986,894.6445,211.0477,59.83693,285.0727,-339.2043,37580600000000.0,33447700000000.0,2986512000000.0,0.6244991,2.18998e-06,-8.473779e-07,-2.977587e-06,-8.055203e-07,1.203695e-06,-5.117269e-06,-4.332726e-06,3.887129e-06,29122560000000.0,2493390000000.0,0.5264029,1.971034e-06,-7.342561e-07,-2.651142e-06,-6.969156e-07,1.11067e-06,-4.576859e-06,-3.870662e-06,3.52524e-06,21337320000000.0,1553672000000.0,0.3501856,1.451226e-06,-4.929879e-07,-1.903671e-06,-4.661434e-07,8.632764e-07,-3.321447e-06,-2.801312e-06,2.63994e-06,1084040000000.0,102600000000000.0,1.205314,21040000000000.0,-1.00386
367,0.5578,25.4504,5.208281999999994,1865.755,887.9377,188.3465,302.4337,294.0486,-559.856,32102100000000.0,16916080000000.0,1306228000000.0,0.4985702,1.014215e-06,-1.163603e-06,-2.149593e-06,-1.140196e-06,-2.079613e-07,-3.144027e-06,-2.779507e-06,1.033003e-06,14993790000000.0,994162800000.0,0.4197603,8.594929e-07,-9.596241e-07,-1.795069e-06,-9.398848e-07,-1.501097e-07,-2.637757e-06,-2.32883e-06,9.013398e-07,10284210000000.0,487094900000.0,0.2750828,5.299965e-07,-5.523902e-07,-1.06735e-06,-5.403793e-07,-5.377279e-08,-1.58692e-06,-1.396396e-06,5.942647e-07,657358700000.0,39490000000000.0,0.9306858,6253000000000.0,-0.695178
368,0.5587,27.164250000000003,6.175404000000005,1838.418,943.3692,223.578,-107.6833,141.606,-354.5314,32390440000000.0,20087840000000.0,1703510000000.0,0.5278742,1.334776e-06,2.788951e-07,-1.023888e-06,3.013406e-07,1.530082e-06,-2.324799e-06,-1.848428e-06,3.173687e-06,18165560000000.0,1338874000000.0,0.4488215,1.14407e-06,2.323567e-07,-8.841383e-07,2.514496e-07,1.304303e-06,-1.999165e-06,-1.590814e-06,2.71282e-06,14032650000000.0,738855800000.0,0.3040928,7.649318e-07,1.448026e-07,-6.014283e-07,1.57315e-07,8.606838e-07,-1.346912e-06,-1.073815e-06,1.801981e-06,728184200000.0,49420000000000.0,1.021627,8590000000000.0,-0.77022
370,0.5641,26.22921,6.850556999999995,1866.621,919.6735,249.9927,-224.7712,83.05853,294.8809,57187870000000.0,42097960000000.0,4301707000000.0,0.6735546,4.145001e-06,1.164865e-06,-2.876806e-06,1.2242e-06,5.026241e-06,-6.913113e-06,-5.433136e-06,1.012396e-05,35562200000000.0,3231488000000.0,0.5586859,3.435022e-06,9.429361e-07,-2.405994e-06,9.916481e-07,4.141428e-06,-5.750907e-06,-4.524291e-06,8.365194e-06,19126700000000.0,1347695000000.0,0.336387,1.894891e-06,4.881228e-07,-1.358541e-06,5.142561e-07,2.250155e-06,-3.203674e-06,-2.526803e-06,4.578883e-06,1408598000000.0,51400000000000.0,1.326468,11600000000000.0,-1.037
371,0.5631,26.37514,7.142298000000004,1860.103,922.3574,260.1647,459.2531,61.07996,156.6998,44212470000000.0,29314790000000.0,3012073000000.0,0.595882,2.520196e-06,-2.89787e-06,-5.338414e-06,-2.839374e-06,-5.35058e-07,-7.809605e-06,-6.902333e-06,2.53319e-06,25566340000000.0,2397137000000.0,0.500439,2.179401e-06,-2.422974e-06,-4.533099e-06,-2.372771e-06,-3.809104e-07,-6.670066e-06,-5.885379e-06,2.271781e-06,20376180000000.0,1435428000000.0,0.3436358,1.554161e-06,-1.605679e-06,-3.109797e-06,-1.570504e-06,-1.514703e-07,-4.633613e-06,-4.073871e-06,1.739143e-06,961232000000.0,63030000000000.0,1.188953,12750000000000.0,-0.940768
372,0.5609,26.81319,5.7385310000000045,1851.949,936.0218,208.5274,-19.28169,348.3804,-439.2161,48441490000000.0,46519210000000.0,4609052000000.0,0.696797,4.012357e-06,-8.339038e-07,-4.734283e-06,-7.657515e-07,2.904755e-06,-8.652925e-06,-7.214393e-06,7.816874e-06,43251330000000.0,4125951000000.0,0.5987299,3.809085e-06,-7.66804e-07,-4.46896e-06,-7.026805e-07,2.78055e-06,-8.188979e-06,-6.823174e-06,7.442777e-06,34024380000000.0,2951526000000.0,0.4061383,3.193101e-06,-5.883006e-07,-3.690186e-06,-5.360329e-07,2.380531e-06,-6.808402e-06,-5.663066e-06,6.286173e-06,1335566000000.0,177700000000000.0,1.532747,46340000000000.0,-1.33551
373,0.5644,26.12593,6.916149999999995,1868.303,916.3208,252.4133,-354.9968,499.9662,142.8188,41136820000000.0,38253400000000.0,3461965000000.0,0.6499246,2.631202e-06,5.61678e-07,-2.006621e-06,6.035364e-07,3.023178e-06,-4.572349e-06,-3.632212e-06,6.262702e-06,36523350000000.0,3025623000000.0,0.5634286,2.455143e-06,5.09165e-07,-1.886925e-06,5.479238e-07,2.804939e-06,-4.280893e-06,-3.403595e-06,5.827115e-06,27488620000000.0,1903962000000.0,0.3774064,1.899246e-06,3.62396e-07,-1.490315e-06,3.916481e-07,2.135884e-06,-3.34206e-06,-2.66323e-06,4.472372e-06,1156400000000.0,58460000000000.0,1.11701,11110000000000.0,-0.91575
374,0.5619,26.6134,6.56556,1854.634,929.274,238.755,172.1743,190.1627,-174.7739,49979310000000.0,48441490000000.0,4102641000000.0,0.707906,3.412591e-06,-1.800427e-06,-5.113519e-06,-1.733552e-06,1.389965e-06,-8.449402e-06,-7.225315e-06,5.560753e-06,42866870000000.0,3436803000000.0,0.5946474,3.124264e-06,-1.593064e-06,-4.625742e-06,-1.532342e-06,1.326167e-06,-7.679743e-06,-6.558929e-06,5.143734e-06,25181890000000.0,1853404000000.0,0.3678728,2.219104e-06,-1.025614e-06,-3.178549e-06,-9.836372e-07,1.04419e-06,-5.347674e-06,-4.551234e-06,3.753839e-06,1511374000000.0,67000000000000.0,1.286936,14670000000000.0,-1.06425
375,0.5612,25.85033,6.372617000000003,1865.743,903.9582,231.5429,84.26229,310.6718,-59.39334,38926200000000.0,26719710000000.0,2191343000000.0,0.5816046,1.623605e-06,-9.92062e-07,-2.570436e-06,-9.587858e-07,5.314397e-07,-4.157477e-06,-3.575723e-06,2.519346e-06,23836290000000.0,1785205000000.0,0.4916757,1.430512e-06,-8.420772e-07,-2.232511e-06,-8.129833e-07,4.995117e-07,-3.630786e-06,-3.118154e-06,2.250619e-06,16531620000000.0,1005354000000.0,0.3212844,9.797898e-07,-5.258684e-07,-1.477794e-06,-5.063559e-07,3.91684e-07,-2.435469e-06,-2.084236e-06,1.590362e-06,927708300000.0,57360000000000.0,1.051332,10260000000000.0,-0.8582
376,0.5626,25.934600000000003,6.655613,1867.394,908.1517,242.3033,27.75801,420.9813,34.15467,31140960000000.0,22010120000000.0,1603130000000.0,0.5605469,1.22916e-06,-8.454938e-07,-2.041096e-06,-8.196479e-07,3.098695e-07,-3.243044e-06,-2.802603e-06,1.815827e-06,19991730000000.0,1248396000000.0,0.4646161,1.053907e-06,-6.994068e-07,-1.724376e-06,-6.773996e-07,2.907203e-07,-2.754925e-06,-2.377242e-06,1.581687e-06,13167630000000.0,657967300000.0,0.3012686,6.761643e-07,-4.126784e-07,-1.070011e-06,-3.988099e-07,2.217458e-07,-1.731152e-06,-1.488772e-06,1.049563e-06,815695100000.0,42660000000000.0,0.9732662,7064000000000.0,-0.752
377,0.5636,25.92624,6.9235869999999995,1869.644,908.9086,252.4388,-44.14939,534.7889,115.4974,58725690000000.0,41809620000000.0,4447935000000.0,0.6736333,4.596288e-06,-1.948363e-06,-6.409241e-06,-1.863247e-06,2.336728e-06,-1.09035e-05,-9.25302e-06,7.950988e-06,34120490000000.0,3391662000000.0,0.5528032,3.917633e-06,-1.602928e-06,-5.404239e-06,-1.531259e-06,2.046611e-06,-9.234796e-06,-7.82777e-06,6.830394e-06,24509090000000.0,1875688000000.0,0.365505,2.659893e-06,-1.009132e-06,-3.588652e-06,-9.618422e-07,1.464321e-06,-6.189269e-06,-5.233574e-06,4.709947e-06,1305296000000.0,89290000000000.0,1.557449,23660000000000.0,-1.245067
379,0.5651,25.8118,5.687464,1879.78,909.1989,207.96,-214.0234,361.9536,-568.7442,43059100000000.0,34120490000000.0,3382460000000.0,0.626067,2.686269e-06,6.186607e-07,-2.003709e-06,6.60291e-07,3.129829e-06,-4.623439e-06,-3.663313e-06,6.437438e-06,31717640000000.0,2869218000000.0,0.5371551,2.441723e-06,5.439046e-07,-1.839262e-06,5.813559e-07,2.825132e-06,-4.22039e-06,-3.347585e-06,5.830859e-06,24316860000000.0,1805313000000.0,0.3631873,1.854178e-06,3.801048e-07,-1.428668e-06,4.077526e-07,2.109715e-06,-3.236626e-06,-2.57366e-06,4.390643e-06,1071725000000.0,88180000000000.0,1.251111,18770000000000.0,-1.027448
380,0.5678,26.63806,5.676328,1874.418,940.1969,208.4336,231.4465,-196.3782,-329.1191,28834220000000.0,22586810000000.0,1592952000000.0,0.5494735,1.460941e-06,-3.54694e-07,-1.777519e-06,-3.27235e-07,1.015304e-06,-3.204046e-06,-2.681313e-06,2.808552e-06,17588870000000.0,1083009000000.0,0.4455793,1.180321e-06,-2.787142e-07,-1.428079e-06,-2.566816e-07,8.276333e-07,-2.580574e-06,-2.158207e-06,2.276162e-06,8169696000000.0,366785300000.0,0.2590337,5.756576e-07,-1.272687e-07,-6.876296e-07,-1.16713e-07,4.11691e-07,-1.249692e-06,-1.043646e-06,1.117824e-06,934416200000.0,16290000000000.0,0.9254822,2565000000000.0,-0.590535
382,0.5673,26.83695,5.082073999999997,1871.563,946.9099,186.5328,-249.2321,129.866,-300.6278,28738110000000.0,25662460000000.0,1610947000000.0,0.5735809,1.034518e-06,6.7686e-07,-3.351115e-07,6.930177e-07,1.647618e-06,-1.342125e-06,-9.736898e-07,2.925491e-06,22586810000000.0,1291738000000.0,0.4797602,9.105863e-07,5.740559e-07,-3.165499e-07,5.881571e-07,1.428115e-06,-1.202905e-06,-8.785759e-07,2.552679e-06,12687060000000.0,622944300000.0,0.2917651,5.701809e-07,3.243906e-07,-2.330265e-07,3.329888e-07,8.584061e-07,-7.879989e-07,-5.848522e-07,1.562149e-06,956439700000.0,33130000000000.0,0.8762326,4939000000000.0,-0.680724
385,0.5658,25.97119,5.282488999999996,1880.598,916.0584,193.4097,-177.5445,249.2641,-323.6327,85733750000000.0,82273640000000.0,8333872000000.0,0.8415644,9.861831e-06,1.25411e-06,-8.330129e-06,1.374955e-06,1.035844e-05,-1.793808e-05,-1.44057e-05,2.243107e-05,77371820000000.0,7373086000000.0,0.7230742,9.276967e-06,1.142656e-06,-7.871221e-06,1.254355e-06,9.700697e-06,-1.690922e-05,-1.358574e-05,2.105396e-05,56611180000000.0,4929347000000.0,0.4800703,7.480395e-06,8.431811e-07,-6.42021e-06,9.283072e-07,7.72806e-06,-1.37076e-05,-1.102623e-05,1.687426e-05,2075764000000.0,182400000000000.0,2.162863,67120000000000.0,-1.88892
386,0.568,26.45301,5.769406000000002,1877.643,934.2363,211.8968,-279.1343,245.9528,-534.5181,362734500000000.0,209720900000000.0,26263070000000.0,1.144509,6.3024e-05,1.036846e-05,-5.05565e-05,1.059749e-05,6.71104e-05,-0.0001118687,-8.918699e-05,0.0001436875,189056400000000.0,22149530000000.0,0.9739094,5.712874e-05,9.091893e-06,-4.610995e-05,9.274775e-06,6.044766e-05,-0.0001016853,-8.111754e-05,0.000129819,126486100000000.0,12786740000000.0,0.6269369,4.048869e-05,5.87539e-06,-3.319517e-05,5.951153e-06,4.210202e-05,-7.257934e-05,-5.79855e-05,9.117435e-05,4286695000000.0,110700000000000.0,3.737362,70390000000000.0,-3.416
388,0.5644,25.6639,5.136227000000003,1882.135,904.3502,187.6914,-218.5167,292.4644,-455.8205,93422870000000.0,85445400000000.0,8931121000000.0,0.8634901,1.198907e-05,1.892656e-06,-9.755462e-06,2.023346e-06,1.292558e-05,-2.143381e-05,-1.713701e-05,2.759533e-05,80351360000000.0,7729144000000.0,0.7334899,1.11264e-05,1.696396e-06,-9.110579e-06,1.814702e-06,1.192585e-05,-1.994835e-05,-1.595984e-05,2.553486e-05,60071290000000.0,5104134000000.0,0.4903702,8.78742e-06,1.224584e-06,-7.303882e-06,1.311347e-06,9.282167e-06,-1.58628e-05,-1.271075e-05,2.001878e-05,2121609000000.0,125800000000000.0,2.267417,48530000000000.0,-1.907
389,0.5675,26.49823,5.968730000000002,1874.748,934.6425,219.0178,-277.4982,195.5601,-801.0273,35369980000000.0,30660390000000.0,2723220000000.0,0.6073916,2.028723e-06,1.387673e-06,-5.998844e-07,1.416003e-06,3.287975e-06,-2.576847e-06,-1.853053e-06,5.797716e-06,27873080000000.0,2261608000000.0,0.5161388,1.833666e-06,1.212744e-06,-5.833235e-07,1.238084e-06,2.929359e-06,-2.370064e-06,-1.715827e-06,5.19718e-06,19318930000000.0,1309822000000.0,0.3353548,1.341033e-06,8.128174e-07,-4.999537e-07,8.308031e-07,2.066274e-06,-1.806413e-06,-1.327861e-06,3.723606e-06,1013632000000.0,53940000000000.0,1.067322,9795000000000.0,-0.83952
393,0.5693,26.75405,5.467172000000004,1877.326,946.4164,201.2218,-212.4484,-88.34821,-367.7331,87079340000000.0,79966900000000.0,8388714000000.0,0.833173,9.853306e-06,4.164604e-06,-5.436891e-06,4.262386e-06,1.325725e-05,-1.501658e-05,-1.149748e-05,2.536546e-05,75161200000000.0,7372853000000.0,0.7173872,9.225525e-06,3.780428e-06,-5.207438e-06,3.870088e-06,1.228764e-05,-1.417665e-05,-1.088119e-05,2.362112e-05,54785020000000.0,4817413000000.0,0.4781494,7.277422e-06,2.736061e-06,-4.349307e-06,2.802169e-06,9.431986e-06,-1.142427e-05,-8.823269e-06,1.836426e-05,2052750000000.0,102600000000000.0,1.934575,33770000000000.0,-1.648
394,0.5725,26.51357,5.315798,1890.94,943.3472,196.6221,-562.0049,154.4633,-260.1897,30275930000000.0,27584740000000.0,2259191000000.0,0.5870876,1.490032e-06,2.101732e-06,6.384758e-07,2.118794e-06,3.496578e-06,-8.086325e-07,-2.794436e-07,5.346957e-06,25085770000000.0,1853121000000.0,0.4955484,1.322765e-06,1.79865e-06,4.998996e-07,1.813609e-06,3.03625e-06,-7.846949e-07,-3.148741e-07,4.678512e-06,17781100000000.0,1055296000000.0,0.3255613,9.342138e-07,1.169166e-06,2.523252e-07,1.179402e-06,2.042084e-06,-6.548311e-07,-3.229456e-07,3.201267e-06,981740800000.0,39880000000000.0,0.9316064,6321000000000.0,-0.718938
395,0.5794,24.80108,6.369870999999997,1934.508,893.9124,237.9017,102.504,-171.1681,-226.0042,29314790000000.0,20183950000000.0,1340303000000.0,0.5261534,8.054074e-07,1.130875e-08,-7.744808e-07,2.612769e-08,7.68174e-07,-1.559916e-06,-1.272415e-06,1.759379e-06,17492760000000.0,1080213000000.0,0.4417593,6.966622e-07,9.4007e-09,-6.701923e-07,2.212216e-08,6.637592e-07,-1.349568e-06,-1.100858e-06,1.520964e-06,12494830000000.0,594020700000.0,0.2912845,4.730657e-07,5.85678e-09,-4.554612e-07,1.434197e-08,4.496976e-07,-9.167738e-07,-7.478439e-07,1.031515e-06,745797100000.0,36570000000000.0,0.8269177,5145000000000.0,-0.658845
396,0.5819,24.93536,4.872011999999994,1944.446,904.0408,182.779,-193.8209,144.3947,-489.357,32678780000000.0,30660390000000.0,2443177000000.0,0.6064511,1.658209e-06,7.318642e-07,-8.882069e-07,7.567306e-07,2.282827e-06,-2.503398e-06,-1.911787e-06,4.327334e-06,29795360000000.0,2170757000000.0,0.524907,1.561485e-06,6.672427e-07,-8.580998e-07,6.904636e-07,2.127074e-06,-2.379029e-06,-1.82188e-06,4.051947e-06,21625660000000.0,1457240000000.0,0.3475522,1.233332e-06,4.747524e-07,-7.294077e-07,4.925444e-07,1.625948e-06,-1.930594e-06,-1.490396e-06,3.145263e-06,988797400000.0,127700000000000.0,1.204522,26170000000000.0,-1.027118
401,0.587,26.58941,6.43217,1926.308,964.1782,242.8499,-33.27415,307.8934,-150.3651,32005980000000.0,28353650000000.0,2425771000000.0,0.5856555,1.694717e-06,-4.354904e-07,-2.085098e-06,-4.039163e-07,1.152153e-06,-3.73955e-06,-3.13316e-06,3.230994e-06,26911940000000.0,2121135000000.0,0.5146878,1.568029e-06,-3.916413e-07,-1.917742e-06,-3.62615e-07,1.076711e-06,-3.448498e-06,-2.887385e-06,2.999828e-06,20664520000000.0,1312029000000.0,0.3417998,1.1797e-06,-2.695852e-07,-1.417264e-06,-2.482211e-07,8.335947e-07,-2.568879e-06,-2.14659e-06,2.279639e-06,944743600000.0,79020000000000.0,1.121673,15080000000000.0,-0.899217
403,0.5867,26.5335,6.601634999999998,1926.46,961.9044,249.2024,-98.56264,127.8859,-353.256,28161420000000.0,26431370000000.0,1786396000000.0,0.5715234,1.132266e-06,2.656483e-07,-8.398318e-07,2.849656e-07,1.328012e-06,-1.943369e-06,-1.539378e-06,2.722855e-06,22682920000000.0,1439433000000.0,0.4771625,1.000699e-06,2.263392e-07,-7.505363e-07,2.43272e-07,1.164797e-06,-1.725825e-06,-1.368738e-06,2.39731e-06,13455970000000.0,742229400000.0,0.2961453,6.584735e-07,1.351219e-07,-5.073907e-07,1.459945e-07,7.517545e-07,-1.149109e-06,-9.14067e-07,1.562287e-06,959722900000.0,56400000000000.0,0.9826262,9429000000000.0,-0.778239
404,0.5864,27.001090000000005,5.157369000000001,1922.382,979.5484,194.7349,147.6482,281.1581,-428.2558,36235000000000.0,31525410000000.0,2353246000000.0,0.6062145,1.692669e-06,-1.082853e-06,-2.728892e-06,-1.047809e-06,5.063516e-07,-4.384678e-06,-3.777677e-06,2.579257e-06,26719710000000.0,1830855000000.0,0.5046999,1.455479e-06,-9.009506e-07,-2.316097e-06,-8.710271e-07,4.648628e-07,-3.739816e-06,-3.217821e-06,2.246911e-06,13744310000000.0,759713000000.0,0.2974027,8.209211e-07,-4.673605e-07,-1.265172e-06,-4.508125e-07,3.018984e-07,-2.068117e-06,-1.773618e-06,1.306418e-06,1144688000000.0,28890000000000.0,0.9651592,4744000000000.0,-0.727749
406,0.5864,26.490210000000005,6.620369999999995,1925.779,959.7475,249.7335,42.5503,577.8794,-249.2642,45077500000000.0,42097960000000.0,3889567000000.0,0.6684475,3.079808e-06,-1.94932e-06,-4.939301e-06,-1.887426e-06,9.313894e-07,-7.953886e-06,-6.847346e-06,4.694114e-06,39791220000000.0,3415976000000.0,0.5766462,2.872327e-06,-1.761949e-06,-4.550018e-06,-1.70465e-06,9.232745e-07,-7.361417e-06,-6.329322e-06,4.431726e-06,30852620000000.0,2278550000000.0,0.3906168,2.295151e-06,-1.296304e-06,-3.523048e-06,-1.251493e-06,8.461179e-07,-5.769313e-06,-4.94437e-06,3.647802e-06,1243995000000.0,106100000000000.0,1.352241,24410000000000.0,-1.1385
407,0.5885,26.78739,5.013529999999995,1932.049,975.4146,189.8678,-239.6965,219.5123,-66.34307,379170000000000.0,347067900000000.0,43305810000000.0,1.33996,0.0001186871,9.036544e-06,-0.0001049646,8.969649e-06,0.0001139819,-0.000220452,-0.0001775078,0.0002569031,308045600000000.0,37112560000000.0,1.136238,0.000109523,8.095239e-06,-9.705222e-05,7.979517e-06,0.0001047685,-0.0002036194,-0.0001639737,0.0002365625,196745500000000.0,21701370000000.0,0.721145,7.856661e-05,5.315669e-06,-6.998824e-05,5.102505e-06,7.425795e-05,-0.0001464264,-0.0001179446,0.0001685783,6323577000000.0,182500000000000.0,5.198074,161400000000000.0,-4.593082
410,0.591,26.49907,5.194133000000002,1943.718,969.063,197.4336,-446.0462,251.5192,-306.8166,114568000000000.0,103995400000000.0,11142660000000.0,0.8961706,1.615241e-05,6.306749e-06,-9.406145e-06,6.414085e-06,2.107729e-05,-2.51026e-05,-1.932358e-05,4.087767e-05,96786860000000.0,9808669000000.0,0.7720306,1.510431e-05,5.707898e-06,-8.98111e-06,5.804e-06,1.950622e-05,-2.365872e-05,-1.825339e-05,3.801427e-05,72373890000000.0,6585649000000.0,0.5171314,1.203322e-05,4.154658e-06,-7.537337e-06,4.22086e-06,1.511408e-05,-1.922988e-05,-1.492041e-05,2.984081e-05,2448052000000.0,203200000000000.0,2.761211,95460000000000.0,-2.38392
413,0.5918,27.13101,5.643439999999995,1933.415,990.6995,214.6746,-204.8441,202.6451,-385.8213,80351360000000.0,74296170000000.0,7426563000000.0,0.8004328,8.040949e-06,1.762281e-06,-6.064347e-06,1.862213e-06,9.205201e-06,-1.3895e-05,-1.101871e-05,1.906971e-05,67183730000000.0,6351956000000.0,0.683305,7.421872e-06,1.575456e-06,-5.647017e-06,1.666126e-06,8.440279e-06,-1.287465e-05,-1.021935e-05,1.75426e-05,44308580000000.0,3750160000000.0,0.4381457,5.473056e-06,1.057792e-06,-4.264446e-06,1.120869e-06,6.107887e-06,-9.593989e-06,-7.634766e-06,1.281363e-05,1997081000000.0,135900000000000.0,1.952721,45150000000000.0,-1.6632
417,0.5991,25.11736,5.384568999999996,1988.859,932.3844,207.0397,-124.8712,139.9041,-213.4008,71028290000000.0,69009900000000.0,6771561000000.0,0.7785129,6.442594e-06,8.853149e-07,-5.383311e-06,9.744829e-07,6.862673e-06,-1.165959e-05,-9.355239e-06,1.4763e-05,65453680000000.0,5997049000000.0,0.6756007,6.065322e-06,8.108199e-07,-5.089805e-06,8.938223e-07,6.435132e-06,-1.099851e-05,-8.828805e-06,1.387124e-05,42962990000000.0,3626919000000.0,0.4335383,4.549314e-06,5.559149e-07,-3.867337e-06,6.155484e-07,4.766085e-06,-8.299072e-06,-6.670859e-06,1.033918e-05,1892251000000.0,62710000000000.0,1.523065,16250000000000.0,-1.281
418,0.5979,26.90708,5.970162000000002,1953.252,991.2449,229.0649,-203.7731,470.7396,-294.5588,64973110000000.0,58821810000000.0,5845672000000.0,0.7381536,5.471969e-06,-5.649156e-09,-5.329712e-06,7.78473e-08,5.083136e-06,-1.066816e-05,-8.708323e-06,1.179104e-05,52862740000000.0,5009759000000.0,0.6306571,5.057348e-06,-5.054352e-09,-4.924708e-06,7.118184e-08,4.695082e-06,-9.858512e-06,-8.046925e-06,1.089305e-05,33832150000000.0,2922740000000.0,0.399837,3.736024e-06,-3.395576e-09,-3.635343e-06,5.066753e-08,3.461395e-06,-7.279814e-06,-5.940906e-06,8.036052e-06,1685833000000.0,117000000000000.0,1.648247,32810000000000.0,-1.403
420,0.6007,27.141050000000003,4.821531999999994,1960.942,1005.238,185.8744,-148.7666,361.9878,111.5502,33928270000000.0,23451830000000.0,1742338000000.0,0.5444806,1.138834e-06,-1.584047e-07,-1.268748e-06,-1.370731e-07,9.112156e-07,-2.380188e-06,-1.973177e-06,2.311272e-06,20472300000000.0,1400295000000.0,0.4595997,9.958871e-07,-1.337209e-07,-1.104549e-06,-1.152e-07,8.011991e-07,-2.076457e-06,-1.7205e-06,2.025279e-06,13071510000000.0,713730600000.0,0.2913197,6.50316e-07,-7.976018e-08,-7.134542e-07,-6.790774e-08,5.299489e-07,-1.348077e-06,-1.115571e-06,1.328846e-06,853881200000.0,30120000000000.0,0.8603734,4409000000000.0,-0.6705
421,0.5999,25.21994,6.373187000000004,1986.148,935.455,245.2153,-11.46847,386.1792,46.35862,37292260000000.0,26143030000000.0,2189615000000.0,0.5728074,1.432813e-06,-7.097315e-07,-2.103894e-06,-6.810752e-07,6.352021e-07,-3.503964e-06,-2.990887e-06,2.391664e-06,24605200000000.0,1846471000000.0,0.4876999,1.290986e-06,-6.158544e-07,-1.871817e-06,-5.90223e-07,5.953346e-07,-3.133274e-06,-2.670933e-06,2.177603e-06,18165560000000.0,1141564000000.0,0.3248202,9.571278e-07,-4.164412e-07,-1.34722e-06,-3.978065e-07,4.803259e-07,-2.282408e-06,-1.93953e-06,1.652769e-06,890692900000.0,63850000000000.0,1.003385,10900000000000.0,-0.8389
422,0.6004,25.67671,5.2058089999999995,1984.022,953.8525,200.5685,-339.3358,129.5957,-74.78262,32102100000000.0,13936540000000.0,741331700000.0,0.461015,4.241818e-07,4.465295e-07,3.099625e-08,4.530125e-07,8.451972e-07,-3.81592e-07,-2.307533e-07,1.370237e-06,12302600000000.0,589290200000.0,0.3866906,3.642218e-07,3.687385e-07,1.199541e-08,3.742585e-07,7.108959e-07,-3.422629e-07,-2.12734e-07,1.161631e-06,9419178000000.0,338343800000.0,0.2623188,2.473023e-07,2.285109e-07,-1.362605e-08,2.321802e-07,4.60568e-07,-2.541502e-07,-1.661809e-07,7.664654e-07,559273300000.0,63630000000000.0,0.8824288,9553000000000.0,-0.7443
423,0.6022,27.16728,4.895445999999996,1964.136,1008.011,189.0894,-240.4263,339.3613,15.36097,32198210000000.0,27488620000000.0,2153106000000.0,0.5765074,1.423913e-06,2.545121e-07,-1.135215e-06,2.787612e-07,1.589666e-06,-2.523285e-06,-2.015e-06,3.342867e-06,23740170000000.0,1737686000000.0,0.4829705,1.251578e-06,2.153495e-07,-1.005974e-06,2.364723e-07,1.388278e-06,-2.226017e-06,-1.779198e-06,2.928945e-06,16243280000000.0,967017300000.0,0.3122652,8.663028e-07,1.363968e-07,-7.086089e-07,1.506823e-07,9.47159e-07,-1.55304e-06,-1.243674e-06,2.012963e-06,941760200000.0,42230000000000.0,0.9472676,6806000000000.0,-0.739431
424,0.6063,27.16954,5.248596,1974.374,1013.364,203.8653,35.846,226.6714,212.3261,40271790000000.0,33063240000000.0,3081219000000.0,0.609381,2.447471e-06,-9.334671e-07,-3.311967e-06,-8.873191e-07,1.354884e-06,-5.702738e-06,-4.825756e-06,4.350425e-06,30179820000000.0,2556846000000.0,0.5206841,2.201472e-06,-8.129312e-07,-2.952014e-06,-7.717786e-07,1.244272e-06,-5.102461e-06,-4.313519e-06,3.938133e-06,21721780000000.0,1477761000000.0,0.344181,1.587928e-06,-5.386141e-07,-2.08083e-06,-5.096602e-07,9.429241e-07,-3.631907e-06,-3.062621e-06,2.884805e-06,1066951000000.0,82930000000000.0,1.289208,18190000000000.0,-1.02267
425,0.6035,25.55031,6.673648000000002,1989.081,950.8881,257.9629,26.37935,293.9391,77.10937,33832150000000.0,27296390000000.0,2183189000000.0,0.5745125,1.453255e-06,-6.844165e-07,-2.097827e-06,-6.557067e-07,6.782936e-07,-3.517558e-06,-2.997161e-06,2.458852e-06,24893540000000.0,1849913000000.0,0.4910096,1.32366e-06,-6.020416e-07,-1.889222e-06,-5.76079e-07,6.38545e-07,-3.182331e-06,-2.708286e-06,2.260005e-06,18453900000000.0,1144602000000.0,0.3274054,9.947873e-07,-4.133588e-07,-1.38034e-06,-3.942408e-07,5.177301e-07,-2.352136e-06,-1.995755e-06,1.735668e-06,918250700000.0,82760000000000.0,1.104363,15550000000000.0,-0.9131547
426,0.6035,25.63094,7.0308169999999945,1986.735,953.2034,271.7674,47.57857,168.3931,110.8314,53247190000000.0,39791220000000.0,4032859000000.0,0.6517008,3.618278e-06,-1.026037e-06,-4.540501e-06,-9.618193e-07,2.347445e-06,-8.073289e-06,-6.77663e-06,6.77317e-06,36907800000000.0,3428496000000.0,0.5589631,3.30525e-06,-9.078203e-07,-4.117687e-06,-8.49738e-07,2.171976e-06,-7.344822e-06,-6.16016e-06,6.213874e-06,28834220000000.0,2166988000000.0,0.378023,2.506727e-06,-6.320668e-07,-3.065255e-06,-5.892826e-07,1.699667e-06,-5.512694e-06,-4.613841e-06,4.763014e-06,1193339000000.0,120200000000000.0,1.512926,30940000000000.0,-1.258
428,0.61,26.54889,5.888450999999997,1993.278,995.9363,229.8122,-85.94751,700.8349,-279.7108,37965060000000.0,34312720000000.0,3216095000000.0,0.6163011,2.38715e-06,-1.223454e-06,-3.544452e-06,-1.177003e-06,1.011065e-06,-5.880758e-06,-5.02349e-06,3.933118e-06,31429300000000.0,2789107000000.0,0.5266325,2.211452e-06,-1.095389e-06,-3.245116e-06,-1.052712e-06,9.734445e-07,-5.409345e-06,-4.615103e-06,3.679723e-06,26239140000000.0,1936426000000.0,0.3688279,1.774547e-06,-8.074803e-07,-2.531575e-06,-7.739976e-07,8.500278e-07,-4.267998e-06,-3.630509e-06,3.02016e-06,1054430000000.0,175900000000000.0,1.413103,42290000000000.0,-1.19295
429,0.6115,26.83825,5.731656999999999,1993.2,1008.509,224.2111,-51.7077,295.3866,-175.9651,178099400000000.0,109954500000000.0,11353150000000.0,0.9030722,1.761838e-05,-1.62075e-06,-1.867913e-05,-1.396928e-06,1.456704e-05,-3.586911e-05,-2.953661e-05,3.602282e-05,100727500000000.0,9851396000000.0,0.7758856,1.607685e-05,-1.432104e-06,-1.699381e-05,-1.232211e-06,1.332559e-05,-3.267954e-05,-2.689974e-05,3.289691e-05,69682700000000.0,6083603000000.0,0.5062288,1.196877e-05,-9.654226e-07,-1.25402e-05,-8.276037e-07,9.986574e-06,-2.421727e-05,-1.991093e-05,2.453871e-05,2630111000000.0,111100000000000.0,2.469554,46680000000000.0,-2.264
430,0.6079,25.67958,6.754612000000005,1999.255,961.2991,262.7412,-72.01372,242.944,40.89642,79678560000000.0,68048760000000.0,7560327000000.0,0.7714774,8.581718e-06,-6.163648e-07,-8.941866e-06,-4.949105e-07,7.315003e-06,-1.731254e-05,-1.423423e-05,1.779513e-05,62378030000000.0,6514037000000.0,0.662682,7.955299e-06,-5.535368e-07,-8.269603e-06,-4.427538e-07,6.793167e-06,-1.602919e-05,-1.317502e-05,1.650533e-05,46423090000000.0,4173473000000.0,0.4432005,6.227144e-06,-3.969266e-07,-6.43278e-06,-3.144511e-07,5.340418e-06,-1.250657e-05,-1.027108e-05,1.29358e-05,1814860000000.0,144100000000000.0,2.03861,49980000000000.0,-1.713
431,0.6087,27.03965,5.3931770000000006,1982.957,1012.096,210.1808,-51.75491,364.2365,67.15159,218082800000000.0,169641300000000.0,21206970000000.0,1.044908,4.214741e-05,-4.872739e-06,-4.547527e-05,-4.489854e-06,3.328609e-05,-8.661511e-05,-7.139522e-05,8.425383e-05,149553500000000.0,17923480000000.0,0.8859914,3.863122e-05,-4.323681e-06,-4.152415e-05,-3.988367e-06,3.06028e-05,-7.923105e-05,-6.527597e-05,7.729275e-05,103995400000000.0,10938550000000.0,0.5789739,2.911205e-05,-2.976607e-06,-3.097685e-05,-2.759568e-06,2.32322e-05,-5.939044e-05,-4.88628e-05,5.835839e-05,3637110000000.0,192000000000000.0,3.688821,120500000000000.0,-3.20562
432,0.6097,26.72667,5.767299000000004,1990.14,1002.097,225.0471,171.8317,657.1696,26.53937,58341240000000.0,52382170000000.0,4822727000000.0,0.7075781,4.583513e-06,-4.094877e-06,-8.529199e-06,-3.995579e-06,1.826206e-07,-1.302472e-05,-1.137208e-05,5.754886e-06,47576460000000.0,4015711000000.0,0.6062179,4.154251e-06,-3.605558e-06,-7.623799e-06,-3.516296e-06,2.689342e-07,-1.169816e-05,-1.020011e-05,5.318045e-06,28065310000000.0,1980358000000.0,0.3739187,2.693964e-06,-2.142619e-06,-4.746715e-06,-2.086322e-06,3.647815e-07,-7.388615e-06,-6.41673e-06,3.636305e-06,1558369000000.0,67150000000000.0,1.526519,17440000000000.0,-1.21473
433,0.611,25.88931,5.828536999999997,2007.827,974.4853,227.8224,32.08722,480.4548,-0.8164345,68529330000000.0,52478280000000.0,5289052000000.0,0.7059477,4.968523e-06,-2.319312e-06,-7.136382e-06,-2.227557e-06,2.305429e-06,-1.199536e-05,-1.020998e-05,8.36584e-06,49210400000000.0,4610105000000.0,0.6156681,4.596011e-06,-2.082161e-06,-6.537254e-06,-1.9981e-06,2.193226e-06,-1.103185e-05,-9.380094e-06,7.797885e-06,34601060000000.0,2804248000000.0,0.401096,3.371012e-06,-1.388792e-06,-4.654372e-06,-1.329219e-06,1.740389e-06,-7.950804e-06,-6.738694e-06,5.847712e-06,1493007000000.0,97900000000000.0,1.597585,26610000000000.0,-1.35927
434,0.6152,27.10505,6.112040000000002,1996.972,1022.124,240.2222,-31.78322,530.7217,-103.9818,44020240000000.0,35850550000000.0,3164443000000.0,0.6202288,2.391828e-06,-1.209102e-06,-3.533431e-06,-1.162308e-06,1.029426e-06,-5.872381e-06,-5.014306e-06,3.955957e-06,32871010000000.0,2674653000000.0,0.5336115,2.173474e-06,-1.064527e-06,-3.176299e-06,-1.02234e-06,9.68538e-07,-5.301662e-06,-4.521836e-06,3.627301e-06,22106240000000.0,1539090000000.0,0.3443475,1.549063e-06,-6.910371e-07,-2.19531e-06,-6.617347e-07,7.554512e-07,-3.709963e-06,-3.153968e-06,2.649036e-06,1153312000000.0,99030000000000.0,1.320581,22250000000000.0,-1.091946
437,0.6125,27.15678,4.988284999999995,1992.685,1022.202,195.4759,-294.0871,204.0657,56.23468,28834220000000.0,22010120000000.0,1656340000000.0,0.5299906,1.059845e-06,5.674599e-07,-4.686021e-07,5.842678e-07,1.561527e-06,-1.500408e-06,-1.122822e-06,2.869546e-06,19607270000000.0,1316137000000.0,0.4497098,9.230389e-07,4.799764e-07,-4.22239e-07,4.945104e-07,1.345384e-06,-1.320845e-06,-9.919695e-07,2.484376e-06,12398710000000.0,645991500000.0,0.2881364,5.926692e-07,2.847193e-07,-2.943763e-07,2.938578e-07,8.397487e-07,-8.713355e-07,-6.601149e-07,1.570734e-06,827800700000.0,29020000000000.0,0.8543012,4218000000000.0,-0.634293
438,0.6125,26.67171,5.000655000000002,2001.424,1005.373,195.9784,-195.2561,482.7314,267.55,36427230000000.0,24509090000000.0,2500383000000.0,0.5536125,1.784015e-06,-3.213244e-07,-2.059517e-06,-2.888064e-07,1.350492e-06,-3.801828e-06,-3.163254e-06,3.541255e-06,21914010000000.0,1998686000000.0,0.4693438,1.553842e-06,-2.71398e-07,-1.78507e-06,-2.433026e-07,1.183959e-06,-3.302536e-06,-2.746297e-06,3.091644e-06,16627730000000.0,1145060000000.0,0.3141693,1.076344e-06,-1.738231e-07,-1.221866e-06,-1.547852e-07,8.328878e-07,-2.272926e-06,-1.887515e-06,2.153556e-06,853161300000.0,88080000000000.0,1.165115,17460000000000.0,-0.925551
439,0.612,26.79785,5.565581000000004,1996.176,1008.247,217.9202,-277.7531,356.3827,282.0198,60167410000000.0,55361700000000.0,5818457000000.0,0.721395,5.185777e-06,6.15903e-07,-4.433807e-06,6.91464e-07,5.43852e-06,-9.488918e-06,-7.633733e-06,1.180337e-05,53439420000000.0,5136055000000.0,0.6297592,4.869516e-06,5.637937e-07,-4.177239e-06,6.340667e-07,5.090074e-06,-8.923972e-06,-7.181737e-06,1.106555e-05,42482420000000.0,3317336000000.0,0.4298456,3.789936e-06,4.065725e-07,-3.281561e-06,4.595216e-07,3.923692e-06,-6.97574e-06,-5.619264e-06,8.571336e-06,1568397000000.0,50970000000000.0,1.364181,11830000000000.0,-1.0989
440,0.6172,25.7867,5.651783000000006,2027.694,979.6448,222.8599,-211.2764,454.6528,-26.04825,100823700000000.0,44212470000000.0,4194403000000.0,0.6667401,3.633394e-06,-3.790676e-08,-3.574198e-06,1.972334e-08,3.346887e-06,-7.118584e-06,-5.818008e-06,7.803111e-06,39502880000000.0,3559348000000.0,0.5672397,3.289226e-06,-3.297765e-08,-3.233571e-06,1.849791e-08,3.028926e-06,-6.44213e-06,-5.264556e-06,7.061813e-06,29987590000000.0,2310034000000.0,0.3841841,2.522307e-06,-2.302808e-08,-2.475974e-06,1.509446e-08,2.320569e-06,-4.93627e-06,-4.032876e-06,5.410788e-06,1306478000000.0,118700000000000.0,1.521151,30720000000000.0,-1.40778
441,0.6157,25.68136,5.650263000000002,2024.687,973.6048,222.2721,-69.42323,663.8367,162.1581,64300310000000.0,51709370000000.0,5181802000000.0,0.7010548,4.723877e-06,-2.378567e-06,-6.962823e-06,-2.289189e-06,2.027203e-06,-1.158547e-05,-9.887545e-06,7.795454e-06,48345380000000.0,4569703000000.0,0.6069973,4.432486e-06,-2.164152e-06,-6.464831e-06,-2.080995e-06,1.967495e-06,-1.080217e-05,-9.208814e-06,7.378631e-06,38061170000000.0,3070156000000.0,0.4129906,3.554537e-06,-1.593229e-06,-5.040164e-06,-1.528277e-06,1.71434e-06,-8.518063e-06,-7.239865e-06,6.050556e-06,1441657000000.0,74970000000000.0,1.425306,18180000000000.0,-1.213467
446,0.6175,26.32176,6.483619000000001,2016.38,997.51,255.6609,-97.17977,334.5667,-21.69133,92653960000000.0,51324910000000.0,5776200000000.0,0.7024293,7.143433e-06,-7.403589e-07,-7.676538e-06,-6.31051e-07,5.884687e-06,-1.464639e-05,-1.208538e-05,1.461834e-05,47288120000000.0,4786120000000.0,0.6019552,6.334764e-06,-6.371734e-07,-6.786821e-06,-5.416095e-07,5.23353e-06,-1.296758e-05,-1.069606e-05,1.297622e-05,33255470000000.0,2803406000000.0,0.3965164,4.299326e-06,-3.961713e-07,-4.567011e-06,-3.342749e-07,3.5788e-06,-8.761668e-06,-7.219099e-06,8.828754e-06,1475591000000.0,150000000000000.0,1.943534,49600000000000.0,-1.66221
447,0.6188,25.39585,6.8844910000000015,2033.756,965.5178,271.82,112.2342,340.5772,176.5324,62281910000000.0,52574390000000.0,5534276000000.0,0.7044274,4.699869e-06,-2.5939e-06,-7.149816e-06,-2.503273e-06,1.786951e-06,-1.1747e-05,-1.005827e-05,7.518611e-06,48153150000000.0,4787560000000.0,0.605221,4.34696e-06,-2.324789e-06,-6.537869e-06,-2.241713e-06,1.724723e-06,-1.078979e-05,-9.227648e-06,7.024758e-06,34601060000000.0,2993912000000.0,0.4009591,3.30798e-06,-1.623172e-06,-4.827597e-06,-1.561661e-06,1.453012e-06,-8.06312e-06,-6.873846e-06,5.483444e-06,1550945000000.0,75660000000000.0,1.413861,18200000000000.0,-1.18899
450,0.6212,26.20383,5.4747690000000055,2032.176,1000.123,217.083,-147.7606,298.1162,332.3315,120142600000000.0,90731680000000.0,10966310000000.0,0.8436195,1.475306e-05,-6.265692e-07,-1.492336e-05,-4.438087e-07,1.293743e-05,-2.931385e-05,-2.401434e-05,3.092508e-05,82273640000000.0,9609250000000.0,0.722806,1.386319e-05,-5.699815e-07,-1.400098e-05,-4.017727e-07,1.216464e-05,-2.752323e-05,-2.25423e-05,2.906137e-05,62378030000000.0,6502025000000.0,0.4858351,1.119009e-05,-4.199336e-07,-1.125252e-05,-2.930573e-07,9.830923e-06,-2.216685e-05,-1.81436e-05,2.345469e-05,2215668000000.0,255500000000000.0,2.571892,111800000000000.0,-2.30472
451,0.6196,26.15165,5.540365000000005,2028.225,995.8852,219.1749,49.43407,478.3982,-1.561515,72085550000000.0,64011970000000.0,6947680000000.0,0.7514206,7.208461e-06,-3.106716e-06,-1.008654e-05,-2.979358e-06,3.579994e-06,-1.71367e-05,-1.454364e-05,1.235737e-05,59494610000000.0,6113334000000.0,0.6595349,6.736549e-06,-2.829591e-06,-9.351319e-06,-2.71174e-06,3.415633e-06,-1.593983e-05,-1.351618e-05,1.161644e-05,47288120000000.0,3893257000000.0,0.4433113,5.202311e-06,-2.018963e-06,-7.052425e-06,-1.930968e-06,2.794332e-06,-1.214017e-05,-1.026761e-05,9.122414e-06,1687996000000.0,117300000000000.0,1.858492,37090000000000.0,-1.54044
452,0.6193,26.5406,6.796211000000002,2016.038,1006.944,268.5646,-45.35958,442.8935,-12.76646,32390440000000.0,21433440000000.0,1542600000000.0,0.5242517,9.178642e-07,-4.805655e-07,-1.374221e-06,-4.619155e-07,3.822292e-07,-2.271275e-06,-1.942648e-06,1.508284e-06,20952870000000.0,1349992000000.0,0.4651834,8.443233e-07,-4.299271e-07,-1.251886e-06,-4.128565e-07,3.634549e-07,-2.077049e-06,-1.774731e-06,1.399132e-06,16147160000000.0,809380000000.0,0.3098346,6.084006e-07,-2.823716e-07,-8.744159e-07,-2.702895e-07,2.885971e-07,-1.468969e-06,-1.25107e-06,1.034487e-06,770960700000.0,50300000000000.0,0.9174001,7851000000000.0,-0.746856
453,0.6222,26.12395,5.535226000000002,2035.984,998.474,219.7559,-397.3378,506.382,-108.5788,39214540000000.0,32390440000000.0,2553191000000.0,0.6026616,1.893375e-06,7.206455e-07,-1.129504e-06,7.494266e-07,2.492406e-06,-2.97462e-06,-2.29878e-06,4.827119e-06,30756500000000.0,2100654000000.0,0.5227415,1.684009e-06,6.257204e-07,-1.019615e-06,6.511282e-07,2.200911e-06,-2.660651e-06,-2.0595e-06,4.277083e-06,11533690000000.0,639515700000.0,0.276628,7.632699e-07,2.595975e-07,-4.857416e-07,2.707682e-07,9.723771e-07,-1.229453e-06,-9.569017e-07,1.91273e-06,1204924000000.0,20330000000000.0,0.9714126,3360000000000.0,-0.693
454,0.6233,26.15154,5.499158000000006,2038.426,1000.889,218.6286,-575.9416,241.4133,-127.8424,40079570000000.0,31621530000000.0,2687507000000.0,0.5938127,2.052439e-06,2.283855e-06,2.70925e-07,2.307047e-06,4.200968e-06,-1.72277e-06,-9.931843e-07,6.745285e-06,26815820000000.0,2084570000000.0,0.4989171,1.768459e-06,1.908748e-06,1.746379e-07,1.928475e-06,3.559727e-06,-1.543142e-06,-9.14443e-07,5.751498e-06,14513220000000.0,913956700000.0,0.304721,1.053765e-06,1.051348e-06,1.854761e-08,1.062676e-06,2.033659e-06,-1.004927e-06,-6.302008e-07,3.338829e-06,1128889000000.0,29770000000000.0,1.032977,5232000000000.0,-0.7589591
455,0.6264,26.805570000000003,6.065126999999998,2033.759,1027.574,242.111,-186.4631,246.3261,-52.83128,46038640000000.0,41232930000000.0,3811575000000.0,0.6490678,2.858611e-06,4.166334e-07,-2.368788e-06,4.611982e-07,3.083488e-06,-5.154349e-06,-4.133046e-06,6.595707e-06,38157280000000.0,3312314000000.0,0.5602308,2.650048e-06,3.739745e-07,-2.207824e-06,4.148851e-07,2.844959e-06,-4.790125e-06,-3.843214e-06,6.100244e-06,27776970000000.0,2089960000000.0,0.3699966,2.033976e-06,2.622293e-07,-1.718424e-06,2.926757e-07,2.155706e-06,-3.700347e-06,-2.97328e-06,4.652604e-06,1245647000000.0,98090000000000.0,1.323649,22090000000000.0,-1.11078
459,0.6304,26.91173,5.529844999999997,2044.313,1037.666,221.9565,-159.1477,207.8513,-156.6982,35466090000000.0,32390440000000.0,2512246000000.0,0.5976111,1.576371e-06,2.90802e-07,-1.246952e-06,3.170694e-07,1.766986e-06,-2.783091e-06,-2.220448e-06,3.706788e-06,29122560000000.0,2128964000000.0,0.5107433,1.431317e-06,2.552387e-07,-1.140818e-06,2.788947e-07,1.594957e-06,-2.535588e-06,-2.024662e-06,3.355929e-06,16819960000000.0,1113383000000.0,0.3134687,9.472348e-07,1.523422e-07,-7.711184e-07,1.675586e-07,1.037539e-06,-1.694136e-06,-1.355877e-06,2.202188e-06,1094797000000.0,56030000000000.0,1.029187,9811000000000.0,-0.839718
460,0.6315,26.39558,5.201319000000007,2057.738,1021.272,209.118,-298.1501,330.8751,-95.7557,112453500000000.0,50363770000000.0,4550937000000.0,0.6896859,7.069319e-06,1.8652e-06,-5.025225e-06,1.962778e-06,8.439961e-06,-1.191e-05,-9.384377e-06,1.712907e-05,44789150000000.0,3827802000000.0,0.5903136,6.030166e-06,1.563363e-06,-4.313665e-06,1.646074e-06,7.169962e-06,-1.018636e-05,-8.031839e-06,1.45809e-05,31333190000000.0,2242581000000.0,0.3866298,3.68245e-06,9.147667e-07,-2.673331e-06,9.644649e-07,4.335914e-06,-6.259537e-06,-4.943597e-06,8.860139e-06,1471126000000.0,83970000000000.0,1.511229,21590000000000.0,-1.40184
462,0.6312,25.39295,5.631306000000005,2072.912,983.9782,226.2531,-134.7983,399.4229,156.2737,53151080000000.0,43155220000000.0,4310138000000.0,0.6570577,3.600594e-06,-5.172235e-07,-4.019616e-06,-4.557639e-07,2.842114e-06,-7.534008e-06,-6.244623e-06,7.254653e-06,37868940000000.0,3467559000000.0,0.5568078,3.183254e-06,-4.437798e-07,-3.539679e-06,-3.899686e-07,2.524482e-06,-6.646668e-06,-5.506583e-06,6.424666e-06,21433440000000.0,1619664000000.0,0.340853,2.011806e-06,-2.581835e-07,-2.213779e-06,-2.251681e-07,1.614544e-06,-4.177292e-06,-3.456473e-06,4.077748e-06,1374062000000.0,57610000000000.0,1.306932,12810000000000.0,-1.035092
463,0.6291,25.65394,6.100148000000003,2061.408,990.0485,244.3978,2.992345,286.3795,21.41041,38637850000000.0,35850550000000.0,3225530000000.0,0.6317961,2.285573e-06,-7.322465e-07,-2.953952e-06,-6.901493e-07,1.403789e-06,-5.185824e-06,-4.367147e-06,4.202224e-06,33351580000000.0,2746070000000.0,0.5340582,2.088027e-06,-6.446346e-07,-2.67396e-06,-6.065382e-07,1.305621e-06,-4.712905e-06,-3.964878e-06,3.861581e-06,26046910000000.0,1815644000000.0,0.3666517,1.633263e-06,-4.635126e-07,-2.050177e-06,-4.344148e-07,1.059748e-06,-3.645008e-06,-3.059686e-06,3.057869e-06,1098819000000.0,124600000000000.0,1.33874,28380000000000.0,-1.115424
464,0.635,25.73618,6.486290999999994,2074.004,999.7639,261.7667,-2.160703,82.49646,217.6514,52574390000000.0,44596930000000.0,4564223000000.0,0.6610744,3.724771e-06,-4.715055e-07,-4.092324e-06,-4.097004e-07,2.997786e-06,-7.726281e-06,-6.39259e-06,7.559063e-06,41425160000000.0,4015642000000.0,0.5740827,3.48746e-06,-4.282072e-07,-3.817815e-06,-3.708846e-07,2.818317e-06,-7.220225e-06,-5.971336e-06,7.088091e-06,31621530000000.0,2642989000000.0,0.3851213,2.780243e-06,-3.127127e-07,-3.013645e-06,-2.683762e-07,2.271127e-06,-5.726032e-06,-4.729979e-06,5.672801e-06,1300446000000.0,128700000000000.0,1.483335,32480000000000.0,-1.261527
465,0.6339,26.96737,4.994063999999996,2054.52,1045.357,201.4359,-178.1245,299.6799,32.72198,32102100000000.0,19703380000000.0,1775518000000.0,0.5242947,1.492543e-06,9.070591e-08,-1.364983e-06,1.168884e-07,1.490225e-06,-2.820309e-06,-2.287324e-06,3.326216e-06,18069440000000.0,1370792000000.0,0.4370633,1.295263e-06,7.612914e-08,-1.186965e-06,9.867081e-08,1.290077e-06,-2.449912e-06,-1.987323e-06,2.883079e-06,14128770000000.0,779771800000.0,0.2993619,9.123108e-07,5.011876e-08,-8.392513e-07,6.571899e-08,9.04256e-07,-1.728773e-06,-1.402872e-06,2.025799e-06,709124800000.0,78070000000000.0,1.084127,14400000000000.0,-0.8505123
466,0.6398,25.51314,6.582591000000002,2090.822,997.8597,267.342,-49.26526,314.2416,207.6018,76026230000000.0,65357560000000.0,7076628000000.0,0.7489892,7.034108e-06,-1.372231e-06,-8.194938e-06,-1.261722e-06,5.145781e-06,-1.506261e-05,-1.253782e-05,1.37326e-05,58917920000000.0,6105707000000.0,0.6433101,6.502976e-06,-1.229041e-06,-7.535242e-06,-1.128252e-06,4.792431e-06,-1.388427e-05,-1.15497e-05,1.272859e-05,44308580000000.0,3910091000000.0,0.4316268,4.995752e-06,-8.673995e-07,-5.708981e-06,-7.930803e-07,3.748575e-06,-1.058629e-05,-8.791858e-06,9.84018e-06,1743740000000.0,150200000000000.0,1.920207,49070000000000.0,-1.640851
467,0.6382,25.47278,5.021766999999995,2093.333,997.2482,203.751,-168.1647,293.4087,228.3305,53054960000000.0,44981380000000.0,4500988000000.0,0.6626174,3.709042e-06,4.551997e-08,-3.564603e-06,1.042918e-07,3.501383e-06,-7.181613e-06,-5.854596e-06,8.051146e-06,40944590000000.0,3878952000000.0,0.5701816,3.438284e-06,4.091788e-08,-3.305111e-06,9.484826e-08,3.242722e-06,-6.658031e-06,-5.427724e-06,7.459407e-06,29987590000000.0,2421650000000.0,0.3779294,2.645155e-06,2.884234e-08,-2.544019e-06,6.901632e-08,2.487826e-06,-5.123395e-06,-4.1765e-06,5.729576e-06,1328300000000.0,96690000000000.0,1.42731,23480000000000.0,-1.18899
468,0.6395,26.73785,5.641460000000002,2072.563,1044.107,229.2428,-74.31831,410.4458,-41.9071,33159350000000.0,27680850000000.0,2047666000000.0,0.5632296,1.338736e-06,-4.590478e-07,-1.762532e-06,-4.331236e-07,7.972736e-07,-3.070094e-06,-2.590987e-06,2.439936e-06,23836290000000.0,1650352000000.0,0.4810413,1.179526e-06,-3.924703e-07,-1.54078e-06,-3.697775e-07,7.139557e-07,-2.692817e-06,-2.270648e-06,2.161001e-06,13744310000000.0,752189800000.0,0.2913222,7.172688e-07,-2.178283e-07,-9.158017e-07,-2.043272e-07,4.540141e-07,-1.616316e-06,-1.359513e-06,1.33344e-06,1004815000000.0,30190000000000.0,0.9304129,4779000000000.0,-0.699138
470,0.6382,25.46963,5.176135999999997,2092.681,996.7962,209.977,-169.093,388.9298,-27.01003,40079570000000.0,25566340000000.0,2140235000000.0,0.5514154,1.35764e-06,-4.908542e-08,-1.372573e-06,-2.497843e-08,1.223404e-06,-2.697082e-06,-2.211849e-06,2.892189e-06,23644060000000.0,1809113000000.0,0.4744875,1.214322e-06,-4.231687e-08,-1.225893e-06,-2.093886e-08,1.095236e-06,-2.410554e-06,-1.976495e-06,2.587527e-06,17396650000000.0,1099962000000.0,0.3165258,8.895589e-07,-2.831193e-08,-8.949717e-07,-1.300716e-08,8.038419e-07,-1.762754e-06,-1.444683e-06,1.896399e-06,878715200000.0,62040000000000.0,1.025079,10820000000000.0,-0.8557
474,0.6417,26.12115,6.966980999999995,2083.693,1021.744,283.591,33.47854,69.74424,252.4558,73911720000000.0,68337100000000.0,6857808000000.0,0.7615482,6.697223e-06,-1.045431e-06,-7.541246e-06,-9.437078e-07,5.154495e-06,-1.407732e-05,-1.167418e-05,1.333039e-05,63243060000000.0,6142732000000.0,0.6599629,6.343634e-06,-9.59995e-07,-7.11171e-06,-8.648419e-07,4.908797e-06,-1.330266e-05,-1.102602e-05,1.265107e-05,44116360000000.0,4112814000000.0,0.4300796,5.103931e-06,-7.00442e-07,-5.646704e-06,-6.273075e-07,4.010614e-06,-1.062765e-05,-8.794851e-06,1.023424e-05,1830068000000.0,260100000000000.0,2.081687,92120000000000.0,-1.853
478,0.6406,26.80958,5.6008649999999935,2074.194,1048.186,227.9055,-281.9149,118.699,112.0235,63723630000000.0,50940460000000.0,5275475000000.0,0.6893438,4.713966e-06,1.686495e-06,-2.90719e-06,1.744085e-06,6.056466e-06,-7.493857e-06,-5.810405e-06,1.184957e-05,47864800000000.0,4799098000000.0,0.6112196,4.485124e-06,1.560573e-06,-2.809441e-06,1.614691e-06,5.716224e-06,-7.173409e-06,-5.571473e-06,1.122694e-05,37965060000000.0,3334941000000.0,0.4107015,3.675061e-06,1.166412e-06,-2.412363e-06,1.208751e-06,4.565071e-06,-5.98805e-06,-4.67482e-06,9.077083e-06,1414616000000.0,127800000000000.0,1.608758,34980000000000.0,-1.39392
479,0.6422,25.49823,6.743911999999998,2097.192,1000.229,274.7545,-267.4164,308.3917,-15.50233,34312720000000.0,29122560000000.0,2572357000000.0,0.5734063,1.639435e-06,5.159753e-07,-1.084481e-06,5.420111e-07,2.050457e-06,-2.681583e-06,-2.096637e-06,4.069833e-06,27008050000000.0,2211037000000.0,0.4960047,1.502714e-06,4.586403e-07,-1.008142e-06,4.82314e-07,1.864525e-06,-2.472029e-06,-1.935811e-06,3.715152e-06,18934470000000.0,1321626000000.0,0.3288177,1.099074e-06,3.081975e-07,-7.64158e-07,3.250935e-07,1.335079e-06,-1.834785e-06,-1.442481e-06,2.687873e-06,940367500000.0,72780000000000.0,1.066824,13210000000000.0,-0.8712328
480,0.6411,25.993130000000004,6.963367000000005,2084.975,1016.601,283.3071,-170.1117,318.3038,101.7927,51036570000000.0,19607270000000.0,1413560000000.0,0.5075029,8.101228e-07,3.055712e-09,-7.87225e-07,1.776672e-08,7.637694e-07,-1.577415e-06,-1.288097e-06,1.760523e-06,18646130000000.0,1213549000000.0,0.445154,7.302624e-07,2.667143e-09,-7.096168e-07,1.584223e-08,6.881079e-07,-1.421899e-06,-1.161078e-06,1.586449e-06,14128770000000.0,731601100000.0,0.2944467,5.228016e-07,1.735635e-09,-5.079913e-07,1.09758e-08,4.91818e-07,-1.017894e-06,-8.311176e-07,1.134608e-06,703901000000.0,62850000000000.0,0.9379883,10030000000000.0,-0.827937
481,0.6438,26.59015,7.147429,2080.577,1041.428,291.7577,110.8683,222.5819,329.2022,56418960000000.0,29026450000000.0,1812875000000.0,0.5721556,1.05181e-06,-7.554425e-07,-1.777548e-06,-7.335217e-07,2.314614e-07,-2.806292e-06,-2.429097e-06,1.518431e-06,27200280000000.0,1616210000000.0,0.4980546,9.852127e-07,-6.838979e-07,-1.641159e-06,-6.634834e-07,2.401291e-07,-2.604746e-06,-2.251403e-06,1.445401e-06,22202350000000.0,1132232000000.0,0.3418212,8.058067e-07,-5.120175e-07,-1.294673e-06,-4.955942e-07,2.428504e-07,-2.082751e-06,-1.793678e-06,1.228166e-06,926233900000.0,61060000000000.0,1.022279,10620000000000.0,-0.95076
484,0.6474,25.4713,5.770926999999999,2115.651,1007.813,236.8356,57.47166,188.0489,67.41601,35273860000000.0,31909870000000.0,2578132000000.0,0.5908549,1.648954e-06,-6.579692e-07,-2.261701e-06,-6.260298e-07,8.872362e-07,-3.871981e-06,-3.281721e-06,2.907719e-06,28738110000000.0,2209095000000.0,0.5097937,1.510455e-06,-5.836496e-07,-2.052488e-06,-5.545931e-07,8.311331e-07,-3.527509e-06,-2.986764e-06,2.681584e-06,20568410000000.0,1318536000000.0,0.3321485,1.106219e-06,-3.893671e-07,-1.464663e-06,-3.685507e-07,6.453081e-07,-2.544911e-06,-2.14874e-06,1.999773e-06,1037390000000.0,66600000000000.0,1.081095,12250000000000.0,-0.8802067
485,0.6452,26.81088,6.997935,2081.044,1051.707,286.2117,-10.51235,138.0336,354.5899,35081630000000.0,31140960000000.0,2481608000000.0,0.5830194,1.642577e-06,-4.384519e-07,-2.037366e-06,-4.07675e-07,1.100677e-06,-3.641135e-06,-3.053329e-06,3.115597e-06,26815820000000.0,1981743000000.0,0.4929908,1.434796e-06,-3.711164e-07,-1.767564e-06,-3.444358e-07,9.726578e-07,-3.168438e-06,-2.654931e-06,2.732345e-06,15474360000000.0,939153900000.0,0.3027702,8.817121e-07,-2.099931e-07,-1.067778e-06,-1.939538e-07,6.146312e-07,-1.928609e-06,-1.612946e-06,1.695387e-06,1106127000000.0,40940000000000.0,1.029374,7170000000000.0,-0.787941
491,0.6523,26.60257,6.205552000000003,2106.939,1055.195,256.2182,-141.7865,329.748,110.8096,80735820000000.0,77948510000000.0,7690233000000.0,0.7894124,7.962037e-06,-4.07075e-07,-8.130841e-06,-2.98735e-07,6.94249e-06,-1.589692e-05,-1.304007e-05,1.666447e-05,74872860000000.0,7060013000000.0,0.694793,7.634609e-06,-3.798212e-07,-7.784706e-06,-2.77221e-07,6.663407e-06,-1.523134e-05,-1.249159e-05,1.598344e-05,59494610000000.0,5086068000000.0,0.4724047,6.390223e-06,-2.9167e-07,-6.485883e-06,-2.096464e-07,5.591309e-06,-1.271856e-05,-1.042418e-05,1.338581e-05,1921431000000.0,169600000000000.0,2.060634,59460000000000.0,-1.826
492,0.6506,26.67853,5.963689000000005,2101.907,1056.163,245.7335,23.86352,271.1024,296.4709,48729830000000.0,42386300000000.0,4359215000000.0,0.6446802,3.436827e-06,-1.373946e-06,-4.712774e-06,-1.309079e-06,1.837604e-06,-8.07118e-06,-6.838899e-06,6.041771e-06,34793290000000.0,3367681000000.0,0.5370246,3.067036e-06,-1.191772e-06,-4.170898e-06,-1.134338e-06,1.672768e-06,-7.167909e-06,-6.068086e-06,5.423814e-06,16819960000000.0,1312448000000.0,0.3117613,1.867332e-06,-6.664359e-07,-2.479342e-06,-6.323767e-07,1.074693e-06,-4.303963e-06,-3.634081e-06,3.356951e-06,1440287000000.0,36310000000000.0,1.141855,7054000000000.0,-0.858872
493,0.6542,25.721530000000005,5.085885000000003,2132.181,1027.136,210.6335,88.25826,197.0047,-53.53281,51517140000000.0,36331120000000.0,3052628000000.0,0.6158598,2.459634e-06,-1.000321e-06,-3.390598e-06,-9.532913e-07,1.30067e-06,-5.793097e-06,-4.911951e-06,4.31115e-06,33447700000000.0,2523994000000.0,0.5289192,2.205123e-06,-8.677176e-07,-3.01033e-06,-8.25899e-07,1.194083e-06,-5.164214e-06,-4.374139e-06,3.892489e-06,18934470000000.0,1159552000000.0,0.3230553,1.434943e-06,-5.112418e-07,-1.904799e-06,-4.847722e-07,8.280789e-07,-3.306368e-06,-2.792012e-06,2.582807e-06,1245067000000.0,43610000000000.0,1.161778,8620000000000.0,-0.9357
495,0.6558,25.772,5.141978999999999,2136.04,1031.314,213.4451,22.64254,79.90498,26.83695,33639920000000.0,24797430000000.0,1752405000000.0,0.538644,1.413205e-06,-2.178572e-07,-1.593488e-06,-1.92292e-07,1.105012e-06,-2.972111e-06,-2.466844e-06,2.838894e-06,20472300000000.0,1293903000000.0,0.4501141,1.169436e-06,-1.751233e-07,-1.313309e-06,-1.541349e-07,9.190305e-07,-2.454126e-06,-2.035961e-06,2.353558e-06,9995863000000.0,459089400000.0,0.2606556,5.937121e-07,-8.232458e-08,-6.599438e-07,-7.191131e-08,4.724002e-07,-1.239122e-06,-1.026746e-06,1.200305e-06,965611900000.0,29230000000000.0,1.056886,5256000000000.0,-0.742599
497,0.655,24.80257,5.837296000000001,2147.91,992.5905,241.9028,-113.3262,-12.53972,-93.95584,43539670000000.0,26527480000000.0,639706100000.0,0.550567,2.65896e-07,1.265676e-07,-1.332816e-07,1.31144e-07,3.765427e-07,-3.921805e-07,-2.974844e-07,7.045941e-07,23451830000000.0,548059400000.0,0.4702673,2.440497e-07,1.122593e-07,-1.262193e-07,1.164381e-07,3.416266e-07,-3.638459e-07,-2.769235e-07,6.426887e-07,10764780000000.0,245005100000.0,0.2690828,1.493271e-07,6.213818e-08,-8.373551e-08,6.464913e-08,2.023339e-07,-2.291309e-07,-1.759313e-07,3.864686e-07,1048897000000.0,19390000000000.0,0.7593321,2505000000000.0,-0.728456
498,0.6561,25.324400000000004,6.705476000000002,2138.711,1012.079,278.1812,-42.11848,50.58628,150.4524,70067150000000.0,66030360000000.0,6855189000000.0,0.74658,6.443527e-06,-1.374116e-08,-6.272916e-06,7.859901e-08,5.955408e-06,-1.255461e-05,-1.024653e-05,1.383876e-05,61416890000000.0,6025488000000.0,0.6484541,6.03906e-06,-1.253496e-08,-5.87784e-06,7.297828e-08,5.578661e-06,-1.176519e-05,-9.601669e-06,1.296548e-05,45269730000000.0,3747746000000.0,0.4306568,4.561334e-06,-8.726453e-09,-4.436367e-06,5.32632e-08,4.206111e-06,-8.883044e-06,-7.248096e-06,9.781149e-06,1805270000000.0,98680000000000.0,1.724929,28960000000000.0,-1.44243
499,0.6569,25.80582,5.192220999999999,2137.962,1033.799,215.7976,-215.9456,-16.68983,-107.629,36235000000000.0,19607270000000.0,1233952000000.0,0.4983134,8.165707e-07,5.894779e-07,-2.091788e-07,6.019859e-07,1.355292e-06,-1.003511e-06,-7.129099e-07,2.363928e-06,17396650000000.0,991713500000.0,0.4249545,7.072373e-07,4.951655e-07,-1.964722e-07,5.059149e-07,1.15817e-06,-8.844436e-07,-6.327264e-07,2.031611e-06,12302600000000.0,530267200000.0,0.2797048,4.585345e-07,2.951966e-07,-1.530674e-07,3.020088e-07,7.245439e-07,-5.991021e-07,-4.358545e-07,1.290567e-06,749389800000.0,29280000000000.0,0.8685956,4327000000000.0,-0.677358
500,0.6539,25.099460000000004,5.703209999999998,2140.817,1002.808,236.0971,-26.2878,10.24985,2.708741,60455750000000.0,55746160000000.0,5469346000000.0,0.7055691,4.820249e-06,1.748641e-07,-4.51085e-06,2.45055e-07,4.647292e-06,-9.208761e-06,-7.483539e-06,1.055071e-05,51901600000000.0,4895916000000.0,0.6145902,4.565324e-06,1.609648e-07,-4.276262e-06,2.267213e-07,4.394578e-06,-8.725705e-06,-7.091492e-06,9.984608e-06,41521280000000.0,3442740000000.0,0.4220232,3.764246e-06,1.220494e-07,-3.53478e-06,1.743556e-07,3.606742e-06,-7.203444e-06,-5.855374e-06,8.212766e-06,1514066000000.0,119900000000000.0,1.641225,33480000000000.0,-1.39887
501,0.6561,26.60526,5.790890999999995,2119.216,1061.467,240.3742,-223.5818,262.3102,142.6201,53054960000000.0,45558070000000.0,4725971000000.0,0.6621624,3.687455e-06,5.340414e-07,-3.057157e-06,5.885839e-07,3.966031e-06,-6.650304e-06,-5.332091e-06,8.4933e-06,41905730000000.0,4163044000000.0,0.5791602,3.442807e-06,4.846464e-07,-2.86777e-06,5.350505e-07,3.687261e-06,-6.222487e-06,-4.991578e-06,7.913274e-06,32486550000000.0,2708651000000.0,0.391482,2.675279e-06,3.454527e-07,-2.258261e-06,3.832834e-07,2.829787e-06,-4.864997e-06,-3.9081e-06,6.111391e-06,1317539000000.0,170300000000000.0,1.582092,45840000000000.0,-1.3563
502,0.6528,25.32211,5.692546000000006,2133.486,1009.501,235.2757,182.2208,61.03281,-95.96826,28930330000000.0,25662460000000.0,1845304000000.0,0.5479651,1.191532e-06,-6.595726e-07,-1.818251e-06,-6.353127e-07,4.588319e-07,-2.982416e-06,-2.555781e-06,1.918448e-06,19895610000000.0,1359008000000.0,0.4455556,1.017143e-06,-5.415731e-07,-1.530516e-06,-5.210239e-07,4.126344e-07,-2.524289e-06,-2.160046e-06,1.658363e-06,13167630000000.0,667686600000.0,0.288072,6.663909e-07,-3.301274e-07,-9.778407e-07,-3.16875e-07,2.943609e-07,-1.628911e-06,-1.390209e-06,1.110169e-06,939245900000.0,36800000000000.0,0.9372255,5868000000000.0,-0.706959
503,0.6558,26.84613,6.13454,2112.721,1069.348,254.5027,-177.029,79.39219,219.1351,35081630000000.0,31237070000000.0,2818513000000.0,0.5822255,1.743949e-06,4.748267e-07,-1.226575e-06,5.024228e-07,2.10561e-06,-2.925259e-06,-2.302959e-06,4.252031e-06,28065310000000.0,2432363000000.0,0.4992259,1.614766e-06,4.255986e-07,-1.149555e-06,4.509338e-07,1.93488e-06,-2.722393e-06,-2.146125e-06,3.921934e-06,21337320000000.0,1568944000000.0,0.3352949,1.245623e-06,3.002526e-07,-9.143131e-07,3.192924e-07,1.462881e-06,-2.127561e-06,-1.682879e-06,2.994828e-06,1007396000000.0,130800000000000.0,1.198442,26670000000000.0,-1.013967
504,0.658,27.02893,5.376208000000002,2118.046,1080.546,223.7674,-89.72015,254.5314,11.58253,81889180000000.0,38349510000000.0,4223589000000.0,0.6227229,4.075227e-06,-3.234899e-07,-4.287166e-06,-2.561904e-07,3.474728e-06,-8.262266e-06,-6.803777e-06,8.468967e-06,33543810000000.0,3344995000000.0,0.5292816,3.479995e-06,-2.68782e-07,-3.652987e-06,-2.118635e-07,2.972907e-06,-7.047454e-06,-5.801824e-06,7.236769e-06,24412970000000.0,1796474000000.0,0.3537032,2.284582e-06,-1.641007e-07,-2.384811e-06,-1.2776e-07,1.960771e-06,-4.6132e-06,-3.795138e-06,4.758257e-06,1191519000000.0,40350000000000.0,1.273558,8743000000000.0,-1.052873
507,0.6588,27.11707,4.901072000000003,2119.813,1085.56,204.2205,-200.239,181.708,210.4927,49883200000000.0,43155220000000.0,4325447000000.0,0.6460104,3.34431e-06,5.82779e-07,-2.675558e-06,6.328967e-07,3.698569e-06,-5.933886e-06,-4.738904e-06,7.806939e-06,39599000000000.0,3786294000000.0,0.561542,3.134822e-06,5.305608e-07,-2.523224e-06,5.770889e-07,3.449724e-06,-5.577417e-06,-4.457155e-06,7.299977e-06,29795360000000.0,2442068000000.0,0.3747839,2.459726e-06,3.808029e-07,-2.014165e-06,4.161265e-07,2.667502e-06,-4.41055e-06,-3.531181e-06,5.686575e-06,1278689000000.0,111300000000000.0,1.40049,26520000000000.0,-1.18008
508,0.6602,26.84686,5.214636000000005,2127.584,1076.905,217.6302,-108.1713,209.8129,162.6846,29218680000000.0,28641990000000.0,2219220000000.0,0.5694433,1.264248e-06,-4.968571e-08,-1.281641e-06,-2.730498e-08,1.134646e-06,-2.514647e-06,-2.062909e-06,2.687975e-06,27392510000000.0,1992617000000.0,0.4983949,1.193845e-06,-4.551999e-08,-1.208739e-06,-2.451554e-08,1.072438e-06,-2.373071e-06,-1.946451e-06,2.539044e-06,20472300000000.0,1335496000000.0,0.3308525,9.385511e-07,-3.239897e-08,-9.465018e-07,-1.625838e-08,8.452922e-07,-1.861823e-06,-1.526322e-06,1.997645e-06,922272200000.0,106500000000000.0,1.075633,19490000000000.0,-0.912285
509,0.6627,26.623390000000004,5.171013999999999,2138.417,1071.931,216.4727,1.253327,278.1897,137.7778,29603130000000.0,27200280000000.0,2041617000000.0,0.5525574,1.222422e-06,-5.094852e-07,-1.698849e-06,-4.855829e-07,6.36992e-07,-2.892812e-06,-2.455235e-06,2.135542e-06,25278000000000.0,1770077000000.0,0.4801087,1.12894e-06,-4.557651e-07,-1.554034e-06,-4.338305e-07,6.025861e-07,-2.656678e-06,-2.252524e-06,1.986301e-06,17588870000000.0,1075004000000.0,0.3153627,8.613736e-07,-3.175279e-07,-1.155169e-06,-3.011225e-07,4.889221e-07,-1.996451e-06,-1.687987e-06,1.54413e-06,924809600000.0,91560000000000.0,1.091302,17000000000000.0,-0.896643
511,0.6616,26.17471,7.0178560000000045,2136.817,1050.273,293.1007,-76.357,294.9756,138.4642,38637850000000.0,33159350000000.0,2934696000000.0,0.5929568,2.039846e-06,-4.128758e-07,-2.397575e-06,-3.763896e-07,1.494186e-06,-4.388553e-06,-3.658474e-06,3.994994e-06,30756500000000.0,2573124000000.0,0.5163659,1.905295e-06,-3.738226e-07,-2.227347e-06,-3.400049e-07,1.406603e-06,-4.086975e-06,-3.404976e-06,3.742011e-06,22298460000000.0,1630560000000.0,0.3400658,1.488444e-06,-2.656831e-07,-1.713009e-06,-2.399428e-07,1.123029e-06,-3.165725e-06,-2.632736e-06,2.94634e-06,1049493000000.0,156900000000000.0,1.35309,36120000000000.0,-1.149758
512,0.6652,25.89464,5.856328000000001,2156.09,1046.692,245.8311,-15.68556,208.1942,-19.68113,38541740000000.0,20760640000000.0,1349735000000.0,0.506503,8.497586e-07,-2.039719e-07,-1.031627e-06,-1.877844e-07,5.935891e-07,-1.860873e-06,-1.557133e-06,1.636944e-06,18742240000000.0,1101266000000.0,0.4358101,7.40112e-07,-1.722086e-07,-8.92978e-07,-1.582042e-07,5.221393e-07,-1.615219e-06,-1.350643e-06,1.430711e-06,12687060000000.0,571742900000.0,0.2819492,4.729467e-07,-1.008006e-07,-5.612111e-07,-9.203356e-08,3.423205e-07,-1.02273e-06,-8.536042e-07,9.226164e-07,775825100000.0,44330000000000.0,0.9755822,7358000000000.0,-0.7784072
516,0.6685,27.048400000000004,7.146539999999996,2138.672,1091.985,301.0815,-24.45989,74.47506,79.01951,49979310000000.0,33832150000000.0,3481799000000.0,0.5943766,2.694438e-06,-1.352818e-07,-2.756858e-06,-9.055184e-08,2.377936e-06,-5.384285e-06,-4.420573e-06,5.681768e-06,29122560000000.0,2795664000000.0,0.5025652,2.340125e-06,-1.137228e-07,-2.390162e-06,-7.530485e-08,2.067649e-06,-4.672079e-06,-3.834956e-06,4.936335e-06,20856750000000.0,1574124000000.0,0.3321675,1.609472e-06,-7.208555e-08,-1.637015e-06,-4.645028e-08,1.425707e-06,-3.206436e-06,-2.630436e-06,3.397426e-06,1091087000000.0,102500000000000.0,1.39228,24280000000000.0,-1.141
518,0.668,26.47539,5.188304999999998,2155.471,1073.523,218.6504,-101.6117,221.3118,161.0962,30372040000000.0,27392510000000.0,2437302000000.0,0.5651352,1.487099e-06,-9.274582e-08,-1.541117e-06,-6.681341e-08,1.298564e-06,-2.991595e-06,-2.459974e-06,3.124405e-06,25374110000000.0,2105830000000.0,0.4797694,1.37654e-06,-8.26557e-08,-1.423133e-06,-5.886537e-08,1.204526e-06,-2.765759e-06,-2.273599e-06,2.894262e-06,20376180000000.0,1486214000000.0,0.3348953,1.135761e-06,-6.276457e-08,-1.168359e-06,-4.35518e-08,9.979302e-07,-2.276111e-06,-1.869912e-06,2.391402e-06,896556800000.0,148400000000000.0,1.193348,30130000000000.0,-1.00485
520,0.6685,26.56312,5.240425999999998,2155.797,1077.808,221.0614,-55.29815,-64.25531,93.35814,35754430000000.0,13744310000000.0,1007040000000.0,0.4481089,9.865073e-07,2.173497e-07,-7.453106e-07,2.341952e-07,1.142488e-06,-1.706335e-06,-1.354512e-06,2.357111e-06,11629800000000.0,693661600000.0,0.3720675,7.954923e-07,1.704169e-07,-6.05759e-07,1.839096e-07,9.161323e-07,-1.3807e-06,-1.096971e-06,1.895421e-06,5862958000000.0,239987300000.0,0.2268587,4.025037e-07,8.240676e-08,-3.102527e-07,8.915987e-08,4.594884e-07,-7.023564e-07,-5.587715e-07,9.548677e-07,576711300000.0,22590000000000.0,0.8604384,3307000000000.0,-0.637
521,0.6702,27.12501,5.382638999999998,2148.566,1100.661,227.46,-96.41183,117.7247,119.3117,64973110000000.0,53919990000000.0,5254658000000.0,0.6930857,4.877011e-06,1.923803e-07,-4.549827e-06,2.641808e-07,4.72059e-06,-9.303361e-06,-7.558018e-06,1.069565e-05,45173610000000.0,4264938000000.0,0.5813951,4.345634e-06,1.652429e-07,-4.059306e-06,2.282017e-07,4.196846e-06,-8.294886e-06,-6.739386e-06,9.519215e-06,30275930000000.0,2399932000000.0,0.3748036,3.07454e-06,1.068688e-07,-2.880174e-06,1.494847e-07,2.953121e-06,-5.876793e-06,-4.775665e-06,6.715527e-06,1590640000000.0,79650000000000.0,1.61238,21850000000000.0,-1.307
523,0.6716,26.9956,6.318061999999998,2151.602,1096.088,267.3564,-79.50951,179.3327,220.0559,48537600000000.0,44596930000000.0,4170882000000.0,0.6511638,2.963755e-06,-2.388401e-07,-3.122861e-06,-1.887193e-07,2.527527e-06,-6.013896e-06,-4.953574e-06,6.161997e-06,40271790000000.0,3512903000000.0,0.5591481,2.691828e-06,-2.10954e-07,-2.829994e-06,-1.658104e-07,2.300384e-06,-5.455752e-06,-4.492601e-06,5.600756e-06,24797430000000.0,1774168000000.0,0.350755,1.732064e-06,-1.254511e-07,-1.809946e-06,-9.715806e-08,1.488065e-06,-3.499458e-06,-2.879484e-06,3.610442e-06,1521647000000.0,32520000000000.0,1.108832,6135000000000.0,-0.859122
524,0.6721,26.89654,6.573512999999997,2153.681,1092.461,278.284,-14.79308,186.8941,-102.1372,35658320000000.0,34601060000000.0,2370775000000.0,0.5960852,1.311079e-06,-2.368333e-07,-1.513646e-06,-2.125892e-07,9.921637e-07,-2.792845e-06,-2.324172e-06,2.601686e-06,32774900000000.0,2125224000000.0,0.5244251,1.237157e-06,-2.173081e-07,-1.422013e-06,-1.945517e-07,9.420079e-07,-2.629081e-06,-2.186796e-06,2.46058e-06,19799500000000.0,1246674000000.0,0.3257917,9.084768e-07,-1.436415e-07,-1.027921e-06,-1.273095e-07,7.064635e-07,-1.914284e-06,-1.589387e-06,1.820964e-06,1140797000000.0,67710000000000.0,1.020837,11760000000000.0,-0.878724
525,0.6702,27.04965,5.3379940000000055,2150.146,1097.902,225.5763,-241.4763,490.8759,141.0139,42866870000000.0,34024380000000.0,3051820000000.0,0.5987586,1.9908e-06,-1.116322e-07,-2.051717e-06,-7.714301e-08,1.751475e-06,-3.99478e-06,-3.282552e-06,4.1971e-06,32294330000000.0,2650691000000.0,0.5232633,1.841454e-06,-1.003306e-07,-1.894608e-06,-6.866147e-08,1.622229e-06,-3.691856e-06,-3.033001e-06,3.883952e-06,20568410000000.0,1452266000000.0,0.3297363,1.28078e-06,-6.317097e-08,-1.310454e-06,-4.176281e-08,1.132859e-06,-2.560371e-06,-2.101962e-06,2.704813e-06,1099668000000.0,73520000000000.0,1.156817,14470000000000.0,-0.960696
528,0.6708,26.2296,6.938494,2160.657,1064.562,293.1241,-95.00379,260.1302,353.686,29026450000000.0,19607270000000.0,1680549000000.0,0.494781,1.046842e-06,-2.430948e-07,-1.263346e-06,-2.23136e-07,7.401014e-07,-2.28547e-06,-1.911096e-06,2.026279e-06,18646130000000.0,1400979000000.0,0.4352708,9.300577e-07,-2.109707e-07,-1.117306e-06,-1.933278e-07,6.622452e-07,-2.025387e-06,-1.692755e-06,1.804776e-06,11533690000000.0,674030400000.0,0.2764918,5.935719e-07,-1.241927e-07,-7.023984e-07,-1.131422e-07,4.324113e-07,-1.28191e-06,-1.069566e-06,1.16121e-06,732331500000.0,40370000000000.0,0.8914713,6123000000000.0,-0.666072
538,0.6741,26.84532,6.529191999999999,2159.888,1093.183,277.0622,-473.7696,76.47076,-7.42313,108608900000000.0,60744090000000.0,5532860000000.0,0.7201837,4.776838e-06,3.560145e-06,-1.109066e-06,3.605653e-06,7.985557e-06,-5.747611e-06,-4.04643e-06,1.388103e-05,59206260000000.0,5038546000000.0,0.6404889,4.534905e-06,3.288641e-06,-1.14341e-06,3.331196e-06,7.487791e-06,-5.546961e-06,-3.931752e-06,1.308351e-05,44789150000000.0,3348773000000.0,0.4262209,3.584691e-06,2.365414e-06,-1.135931e-06,2.397074e-06,5.678231e-06,-4.616617e-06,-3.33926e-06,1.009792e-05,1618223000000.0,85730000000000.0,1.581673,23070000000000.0,-1.46916
541,0.6758,26.874910000000003,5.985349000000003,2166.221,1097.794,254.619,-525.1268,22.27042,216.3983,28353650000000.0,27873080000000.0,2020440000000.0,0.5559542,1.092139e-06,1.486397e-06,4.14627e-07,1.49912e-06,2.508222e-06,-6.460348e-07,-2.580921e-07,3.863296e-06,27008050000000.0,1823435000000.0,0.4889643,1.030634e-06,1.358678e-06,3.474064e-07,1.370576e-06,2.322574e-06,-6.534875e-07,-2.873696e-07,3.601106e-06,19511160000000.0,1225042000000.0,0.324874,8.23214e-07,9.841999e-07,1.768165e-07,9.934055e-07,1.753077e-06,-6.225602e-07,-3.300589e-07,2.773696e-06,917303100000.0,84050000000000.0,0.9958045,14240000000000.0,-0.844866
545,0.6803,25.02449,5.1998909999999965,2215.26,1034.146,222.4856,192.2296,-239.3912,278.2835,36619460000000.0,25854680000000.0,2359909000000.0,0.54015,1.601048e-06,-4.209466e-07,-1.979209e-06,-3.911967e-07,1.078437e-06,-3.542563e-06,-2.969468e-06,3.041972e-06,23451830000000.0,1938549000000.0,0.4679972,1.419424e-06,-3.641228e-07,-1.74544e-06,-3.379169e-07,9.6462e-07,-3.131426e-06,-2.623296e-06,2.705117e-06,15282140000000.0,966077400000.0,0.2977511,8.895398e-07,-2.100984e-07,-1.075367e-06,-1.940567e-07,6.21377e-07,-1.943912e-06,-1.625363e-06,1.711475e-06,889401200000.0,54190000000000.0,1.095479,10100000000000.0,-0.839124
546,0.6789,24.93867,4.989291000000003,2214.182,1029.606,213.1753,149.9637,-204.8092,382.6004,28641990000000.0,26719710000000.0,2317843000000.0,0.5509092,1.317789e-06,-3.264911e-07,-1.609956e-06,-3.018657e-07,9.090489e-07,-2.896747e-06,-2.425192e-06,2.526642e-06,25470230000000.0,2083037000000.0,0.4889475,1.250209e-06,-3.017363e-07,-1.519247e-06,-2.784946e-07,8.700394e-07,-2.740024e-06,-2.292622e-06,2.404456e-06,19703380000000.0,1381485000000.0,0.3242027,1.000231e-06,-2.199532e-07,-1.193617e-06,-2.017317e-07,7.162937e-07,-2.170237e-06,-1.812196e-06,1.943233e-06,868123400000.0,97750000000000.0,1.045045,17380000000000.0,-0.86724
547,0.6857,25.30567,5.510088999999996,2223.711,1051.412,237.2839,-35.57249,-252.8708,144.469,34120490000000.0,29987590000000.0,2453010000000.0,0.5676133,1.570874e-06,5.504822e-07,-9.827637e-07,5.748555e-07,2.019574e-06,-2.512387e-06,-1.952115e-06,3.954236e-06,27104170000000.0,2099482000000.0,0.4932718,1.455269e-06,4.957437e-07,-9.244924e-07,5.181494e-07,1.856158e-06,-2.341535e-06,-1.822443e-06,3.648145e-06,17973330000000.0,1189049000000.0,0.3141487,1.058415e-06,3.273572e-07,-7.051082e-07,3.431805e-07,1.315259e-06,-1.735691e-06,-1.358014e-06,2.617762e-06,999186400000.0,109600000000000.0,1.215746,22670000000000.0,-0.9999
548,0.6837,25.16859,6.195806000000003,2218.306,1042.37,266.0826,154.9896,-67.96846,60.56707,73431150000000.0,71508870000000.0,7275258000000.0,0.7561351,7.082258e-06,-1.321983e-06,-8.183873e-06,-1.216561e-06,5.220098e-06,-1.509712e-05,-1.255353e-05,1.385332e-05,69298240000000.0,6716647000000.0,0.6668834,6.830273e-06,-1.24322e-06,-7.859996e-06,-1.14258e-06,5.062845e-06,-1.452724e-05,-1.207382e-05,1.338723e-05,55842270000000.0,5030386000000.0,0.4571235,5.904577e-06,-9.904212e-07,-6.70742e-06,-9.066282e-07,4.450885e-06,-1.247096e-05,-1.034904e-05,1.164187e-05,1789867000000.0,179400000000000.0,1.981814,60490000000000.0,-1.750427
554,0.6837,25.41676,5.473347999999997,2216.729,1053.375,235.168,300.6487,-230.4984,185.715,29699250000000.0,24220740000000.0,1820386000000.0,0.5306081,1.028085e-06,-6.343786e-07,-1.634703e-06,-6.130688e-07,3.318833e-07,-2.639771e-06,-2.271506e-06,1.592047e-06,22202350000000.0,1515186000000.0,0.4569603,9.203309e-07,-5.505858e-07,-1.445948e-06,-5.316175e-07,3.140453e-07,-2.345656e-06,-2.015961e-06,1.441938e-06,14417110000000.0,788147800000.0,0.2927556,6.055864e-07,-3.320877e-07,-9.210113e-07,-3.198251e-07,2.361303e-07,-1.512994e-06,-1.295993e-06,9.779086e-07,909246800000.0,33560000000000.0,0.8639547,4933000000000.0,-0.662607
555,0.6905,26.45776,5.734821999999995,2213.929,1101.787,248.3499,40.46192,113.2789,-89.62062,31044840000000.0,27200280000000.0,2173667000000.0,0.5556162,1.29899e-06,-2.89006e-07,-1.553308e-06,-2.65004e-07,9.275987e-07,-2.820862e-06,-2.356314e-06,2.521024e-06,24797430000000.0,1827629000000.0,0.4733148,1.174806e-06,-2.520703e-07,-1.395334e-06,-2.305422e-07,8.476564e-07,-2.541704e-06,-2.121511e-06,2.288457e-06,18646130000000.0,1144173000000.0,0.3186631,8.862877e-07,-1.743193e-07,-1.036479e-06,-1.584284e-07,6.542159e-07,-1.901304e-06,-1.584196e-06,1.740603e-06,903321300000.0,93020000000000.0,1.133569,17940000000000.0,-0.9236
556,0.6885,26.92541,5.606578000000001,2200.108,1117.406,242.2367,-15.43779,-137.8383,144.805,37484490000000.0,27488620000000.0,2415228000000.0,0.5488763,1.722626e-06,2.899974e-07,-1.389709e-06,3.18308e-07,1.901541e-06,-3.068079e-06,-2.453206e-06,4.020213e-06,24412970000000.0,1974744000000.0,0.4732267,1.525541e-06,2.499549e-07,-1.237392e-06,2.748356e-07,1.676511e-06,-2.723734e-06,-2.179148e-06,3.552469e-06,15762710000000.0,1001489000000.0,0.3034901,9.89705e-07,1.49404e-07,-8.151338e-07,1.651417e-07,1.073602e-06,-1.779394e-06,-1.425964e-06,2.289972e-06,955229600000.0,56640000000000.0,1.099979,10600000000000.0,-0.854469
557,0.6877,25.3696,6.639044999999997,2223.397,1054.301,286.4121,-187.4928,-168.3785,-87.94122,61993570000000.0,30756500000000.0,2903855000000.0,0.5690393,3.747342e-06,2.146636e-06,-1.513632e-06,2.194938e-06,5.637631e-06,-5.157068e-06,-3.82203e-06,1.02581e-05,26815820000000.0,2303634000000.0,0.4851186,3.346307e-06,1.864471e-06,-1.403608e-06,1.907125e-06,4.98032e-06,-4.657108e-06,-3.464795e-06,9.105493e-06,19799500000000.0,1243067000000.0,0.3238343,2.256699e-06,1.177588e-06,-1.025537e-06,1.205516e-06,3.276179e-06,-3.219614e-06,-2.415275e-06,6.05671e-06,1018963000000.0,54530000000000.0,1.237395,11480000000000.0,-1.01475
558,0.696,25.2497,5.753483999999996,2251.536,1061.879,250.8201,-105.2645,64.55299,-10.59521,32390440000000.0,24989660000000.0,2087906000000.0,0.5298676,1.332989e-06,2.632782e-07,-1.03686e-06,2.854164e-07,1.511306e-06,-2.335413e-06,-1.859814e-06,3.151442e-06,22394580000000.0,1704059000000.0,0.4568864,1.171466e-06,2.251091e-07,-9.173524e-07,2.44424e-07,1.32146e-06,-2.058552e-06,-1.640538e-06,2.762623e-06,14897680000000.0,866975200000.0,0.2930328,7.672155e-07,1.364553e-07,-6.115004e-07,1.488269e-07,8.53591e-07,-1.358888e-06,-1.085035e-06,1.796979e-06,877636700000.0,37750000000000.0,0.9706254,6234000000000.0,-0.724284
559,0.6942,25.70029,5.517135999999999,2239.688,1077.903,240.0838,27.40322,-82.06207,243.0455,40656250000000.0,34889410000000.0,3319143000000.0,0.5916964,2.237827e-06,-7.008439e-08,-2.249092e-06,-3.206042e-08,2.021101e-06,-4.431388e-06,-3.631348e-06,4.767854e-06,29410900000000.0,2698069000000.0,0.5014564,2.001318e-06,-6.084073e-08,-2.009269e-06,-2.713055e-08,1.808389e-06,-3.96091e-06,-3.245333e-06,4.264355e-06,19703380000000.0,1441732000000.0,0.3217721,1.324968e-06,-3.695636e-08,-1.326308e-06,-1.526001e-08,1.198579e-06,-2.61836e-06,-2.144422e-06,2.823515e-06,1149257000000.0,68800000000000.0,1.192611,13960000000000.0,-0.940104
561,0.692,26.46888,5.621197000000007,2217.989,1104.345,243.8672,-9.601878,37.48646,196.9506,45365840000000.0,34793290000000.0,3286037000000.0,0.593256,2.344021e-06,-1.603085e-07,-2.441901e-06,-1.202045e-07,2.029498e-06,-4.727969e-06,-3.889776e-06,4.905218e-06,31717640000000.0,2808187000000.0,0.5143127,2.15098e-06,-1.428261e-07,-2.236229e-06,-1.063271e-07,1.865677e-06,-4.334017e-06,-3.56476e-06,4.504069e-06,23451830000000.0,1698202000000.0,0.3414712,1.596268e-06,-9.716782e-08,-1.650026e-06,-7.079423e-08,1.391098e-06,-3.206794e-06,-2.635697e-06,3.347908e-06,1092161000000.0,77070000000000.0,1.229367,16120000000000.0,-1.013
562,0.6971,25.83232,5.9701780000000015,2243.004,1085.872,260.6109,-23.92588,-202.7303,-107.1114,42194080000000.0,27584740000000.0,2623396000000.0,0.5511552,1.82671e-06,5.658409e-07,-1.216349e-06,5.938558e-07,2.272588e-06,-2.994988e-06,-2.343346e-06,4.521094e-06,25374110000000.0,2125401000000.0,0.4773919,1.586025e-06,4.793792e-07,-1.067803e-06,5.035089e-07,1.960626e-06,-2.612084e-06,-2.046241e-06,3.912546e-06,14801570000000.0,940683900000.0,0.292541,9.118624e-07,2.571808e-07,-6.320287e-07,2.707232e-07,1.107743e-06,-1.519878e-06,-1.194452e-06,2.229417e-06,1005464000000.0,38720000000000.0,1.062587,7000000000000.0,-0.805959
563,0.7,24.89242,4.805700000000001,2272.509,1054.498,210.6225,-247.3676,-354.9445,-508.4515,43539670000000.0,32198210000000.0,3142010000000.0,0.5746096,2.172531e-06,2.265918e-06,1.364163e-07,2.289451e-06,4.291546e-06,-1.974171e-06,-1.201399e-06,6.982534e-06,30275930000000.0,2783959000000.0,0.5034862,2.028349e-06,2.050107e-06,6.227899e-08,2.071792e-06,3.940318e-06,-1.90816e-06,-1.186609e-06,6.452141e-06,25278000000000.0,1967157000000.0,0.3553583,1.664547e-06,1.552838e-06,-7.769689e-08,1.569997e-06,3.101842e-06,-1.694566e-06,-1.10228e-06,5.161885e-06,990417000000.0,136500000000000.0,1.305134,30310000000000.0,-1.1187
565,0.6965,25.71695,5.801346,2244.107,1080.833,253.068,-162.1325,-13.99584,3.222466,28930330000000.0,26431370000000.0,1806282000000.0,0.5471375,1.074779e-06,5.0213e-07,-5.477024e-07,5.190816e-07,1.509038e-06,-1.593779e-06,-1.210869e-06,2.834227e-06,24028520000000.0,1462513000000.0,0.4672856,9.555206e-07,4.34215e-07,-4.990257e-07,4.491805e-07,1.329059e-06,-1.429026e-06,-1.088571e-06,2.507028e-06,12110370000000.0,597291000000.0,0.2737619,5.635462e-07,2.341326e-07,-3.160644e-07,2.427422e-07,7.611983e-07,-8.645533e-07,-6.636918e-07,1.455579e-06,982718200000.0,28780000000000.0,0.9049255,4431000000000.0,-0.667062
566,0.6977,24.849740000000004,5.073423000000001,2265.864,1049.364,221.6892,89.67696,-129.746,-410.4614,46999780000000.0,27680850000000.0,2638671000000.0,0.5475673,2.276183e-06,5.055068e-08,-2.166471e-06,8.77982e-08,2.175621e-06,-4.386298e-06,-3.572322e-06,4.970342e-06,23836290000000.0,2025286000000.0,0.4678488,1.931972e-06,4.195509e-08,-1.839553e-06,7.33259e-08,1.844874e-06,-3.723667e-06,-3.032712e-06,4.216548e-06,13552080000000.0,826008100000.0,0.2838452,1.081063e-06,2.185006e-08,-1.030502e-06,3.893725e-08,1.02919e-06,-2.084743e-06,-1.697972e-06,2.355491e-06,985161500000.0,38170000000000.0,1.20432,7821000000000.0,-0.8753904
567,0.698,26.756050000000002,5.072114000000003,2230.472,1124.546,221.7081,143.6625,28.96319,30.72645,29410900000000.0,24989660000000.0,1713880000000.0,0.5307036,1.038397e-06,-4.680483e-07,-1.478284e-06,-4.473959e-07,5.064771e-07,-2.492326e-06,-2.120769e-06,1.779403e-06,21914010000000.0,1407265000000.0,0.452675,9.307275e-07,-4.062149e-07,-1.311588e-06,-3.87823e-07,4.66886e-07,-2.220483e-06,-1.887415e-06,1.607632e-06,12975400000000.0,706335200000.0,0.2815961,6.161038e-07,-2.440886e-07,-8.431628e-07,-2.32174e-07,3.330437e-07,-1.444806e-06,-1.224247e-06,1.08775e-06,894130000000.0,75030000000000.0,1.070867,13670000000000.0,-0.8567808
568,0.6997,26.39293,5.473372999999994,2240.655,1111.926,239.6825,123.0209,-67.51896,-15.6876,40656250000000.0,37484490000000.0,3436450000000.0,0.6048886,2.448454e-06,-4.483264e-07,-2.829131e-06,-4.053905e-07,1.837414e-06,-5.218277e-06,-4.341913e-06,4.836957e-06,33736040000000.0,2861657000000.0,0.5225118,2.228838e-06,-3.975485e-07,-2.564518e-06,-3.587675e-07,1.682208e-06,-4.73936e-06,-3.941506e-06,4.412212e-06,18646130000000.0,1334763000000.0,0.3155851,1.419788e-06,-2.311458e-07,-1.610826e-06,-2.071818e-07,1.091334e-06,-2.996199e-06,-2.487726e-06,2.829167e-06,1255730000000.0,63880000000000.0,1.254102,13630000000000.0,-0.966834
569,0.6965,26.24343,6.550388999999998,2230.572,1099.678,285.5639,-25.76959,-12.90314,-57.42294,41809620000000.0,40367910000000.0,3634886000000.0,0.62415,2.279945e-06,2.028007e-07,-2.018054e-06,2.397889e-07,2.331644e-06,-4.239829e-06,-3.425373e-06,5.131848e-06,39022310000000.0,3288544000000.0,0.5504951,2.163373e-06,1.875052e-07,-1.919577e-06,2.223673e-07,2.206755e-06,-4.02775e-06,-3.254862e-06,4.863404e-06,28545880000000.0,2164779000000.0,0.3654488,1.714855e-06,1.363922e-07,-1.533194e-06,1.633379e-07,1.734819e-06,-3.204282e-06,-2.591412e-06,3.839557e-06,1217496000000.0,86370000000000.0,1.186141,17430000000000.0,-1.01079
570,0.6965,26.314490000000003,5.660920999999995,2233.126,1104.383,246.9476,90.80218,-68.87554,-149.1978,52286050000000.0,40752360000000.0,4429402000000.0,0.6233824,3.340876e-06,-2.671564e-07,-3.516705e-06,-2.116193e-07,2.847616e-06,-6.775185e-06,-5.579763e-06,6.942248e-06,37196140000000.0,3744082000000.0,0.5398542,3.042339e-06,-2.365267e-07,-3.195261e-06,-1.864126e-07,2.598452e-06,-6.162553e-06,-5.073808e-06,6.326438e-06,26046910000000.0,2121987000000.0,0.3530205,2.201613e-06,-1.578504e-07,-2.297982e-06,-1.226168e-07,1.89043e-06,-4.445255e-06,-3.657051e-06,4.586526e-06,1226646000000.0,63910000000000.0,1.275585,13870000000000.0,-1.02564
571,0.6968,26.68217,6.521181999999993,2223.682,1117.529,284.4837,128.7736,-2.159438,80.52162,33255470000000.0,31333190000000.0,2638807000000.0,0.5861957,1.531428e-06,-5.298918e-07,-2.019349e-06,-5.008011e-07,9.042523e-07,-3.51448e-06,-2.966387e-06,2.780856e-06,29410900000000.0,2279181000000.0,0.5001756,1.416172e-06,-4.739732e-07,-1.851154e-06,-4.472616e-07,8.516346e-07,-3.233755e-06,-2.726852e-06,2.586697e-06,19511160000000.0,1355341000000.0,0.3205333,1.035038e-06,-3.148618e-07,-1.320983e-06,-2.957806e-07,6.525852e-07,-2.331472e-06,-1.960854e-06,1.919974e-06,1015195000000.0,80300000000000.0,1.083298,14800000000000.0,-0.897633
578,0.7131,25.74021,5.318720000000003,2289.56,1103.87,236.6309,288.6102,204.6866,190.4494,28257540000000.0,26046910000000.0,2303333000000.0,0.5367799,1.25119e-06,-1.383336e-06,-2.597192e-06,-1.354897e-06,-2.08041e-07,-3.822672e-06,-3.373197e-06,1.319243e-06,25085770000000.0,2058191000000.0,0.4744738,1.185072e-06,-1.276958e-06,-2.42655e-06,-1.250134e-06,-1.641372e-07,-3.587253e-06,-3.161501e-06,1.282244e-06,19511160000000.0,1344909000000.0,0.3201178,9.475361e-07,-9.34617e-07,-1.853436e-06,-9.135047e-07,-4.59375e-08,-2.78144e-06,-2.440935e-06,1.109956e-06,857464300000.0,107200000000000.0,1.048322,19120000000000.0,-0.871893
580,0.7134,25.68511,5.4884180000000065,2290.614,1101.665,244.2257,150.3103,435.0164,-22.79148,37868940000000.0,33928270000000.0,3005526000000.0,0.5816858,1.9015e-06,-1.570791e-06,-3.415549e-06,-1.530113e-06,2.107536e-07,-5.277131e-06,-4.594016e-06,2.531922e-06,31909870000000.0,2647655000000.0,0.5149263,1.779691e-06,-1.435692e-06,-3.162072e-06,-1.397812e-06,2.311002e-07,-4.904374e-06,-4.264967e-06,2.403242e-06,22394580000000.0,1562079000000.0,0.3335848,1.291396e-06,-9.506419e-07,-2.202745e-06,-9.237452e-07,2.569217e-07,-3.466934e-06,-3.002799e-06,1.832082e-06,1079597000000.0,74200000000000.0,1.173149,14810000000000.0,-0.946242
581,0.714,25.75176,5.5197330000000004,2290.347,1104.819,245.7368,274.6073,61.79976,-211.2339,44500810000000.0,37196140000000.0,3551667000000.0,0.598992,2.550297e-06,-1.496024e-06,-3.970113e-06,-1.445688e-06,8.860796e-07,-6.464201e-06,-5.548609e-06,3.999626e-06,33736040000000.0,3082610000000.0,0.5192444,2.371398e-06,-1.348089e-06,-3.648261e-06,-1.301652e-06,8.65736e-07,-5.967363e-06,-5.11589e-06,3.76026e-06,25374110000000.0,2005239000000.0,0.3518905,1.870186e-06,-9.765807e-07,-2.789754e-06,-9.408182e-07,7.665971e-07,-4.618634e-06,-3.946871e-06,3.047923e-06,1144897000000.0,133000000000000.0,1.411956,31950000000000.0,-1.187512
583,0.7122,26.987790000000004,6.9833180000000015,2255.585,1148.672,310.0476,217.1995,311.2569,203.72,40367910000000.0,37100030000000.0,3532509000000.0,0.599447,2.27797e-06,-1.980842e-06,-4.188758e-06,-1.931743e-06,1.5117e-07,-6.419579e-06,-5.60061e-06,2.928333e-06,34697180000000.0,3123676000000.0,0.5271192,2.128529e-06,-1.800679e-06,-3.863471e-06,-1.755074e-06,1.905878e-07,-5.947911e-06,-5.182593e-06,2.7851e-06,24797430000000.0,1920711000000.0,0.3454424,1.586705e-06,-1.230906e-06,-2.767895e-06,-1.197616e-06,2.512079e-07,-4.321656e-06,-3.750952e-06,2.184093e-06,1154924000000.0,79800000000000.0,1.20646,16380000000000.0,-0.989109
584,0.7108,26.92408,7.116637,2252.049,1143.72,315.3536,151.0024,306.4808,1.817253,29122560000000.0,27584740000000.0,1796791000000.0,0.5470642,9.558807e-07,-8.40014e-07,-1.768772e-06,-8.191771e-07,5.840661e-08,-2.703912e-06,-2.361152e-06,1.227798e-06,24989660000000.0,1525139000000.0,0.4710622,8.692989e-07,-7.39678e-07,-1.584205e-06,-7.208317e-07,7.703039e-08,-2.434629e-06,-2.122886e-06,1.140324e-06,14801570000000.0,790079100000.0,0.2911676,5.87347e-07,-4.52923e-07,-1.023293e-06,-4.404248e-07,9.813047e-08,-1.597862e-06,-1.387165e-06,8.161525e-07,982292500000.0,60330000000000.0,0.9859366,10120000000000.0,-0.799821
585,0.7172,27.19861,6.207347000000001,2268.129,1165.59,277.3603,173.0684,-121.2919,124.8249,62281910000000.0,51613250000000.0,5058921000000.0,0.6670715,3.875884e-06,-8.836986e-07,-4.64756e-06,-8.177567e-07,2.723608e-06,-8.431226e-06,-7.041936e-06,7.463035e-06,47768690000000.0,4463440000000.0,0.5816549,3.618873e-06,-8.016681e-07,-4.315411e-06,-7.406594e-07,2.564658e-06,-7.848157e-06,-6.550817e-06,6.988894e-06,34889410000000.0,2824674000000.0,0.3860311,2.792893e-06,-5.684536e-07,-3.278881e-06,-5.22765e-07,2.02511e-06,-6.005248e-06,-5.003583e-06,5.437265e-06,1463236000000.0,95040000000000.0,1.480538,23940000000000.0,-1.27
586,0.7172,27.07305,6.299329999999999,2269.792,1160.164,281.3936,25.39131,238.9729,94.65945,88809400000000.0,79101880000000.0,8713379000000.0,0.7716953,9.065784e-06,-1.883541e-06,-1.066147e-05,-1.749271e-06,6.480921e-06,-1.951366e-05,-1.625521e-05,1.752166e-05,74200060000000.0,7702491000000.0,0.6735612,8.526545e-06,-1.724818e-06,-9.979023e-06,-1.600231e-06,6.13677e-06,-1.830461e-05,-1.523945e-05,1.651803e-05,54688900000000.0,4975866000000.0,0.4507187,6.650609e-06,-1.235473e-06,-7.669272e-06,-1.142949e-06,4.88183e-06,-1.416295e-05,-1.17707e-05,1.297152e-05,1987039000000.0,154000000000000.0,2.176629,57030000000000.0,-1.85229
587,0.7181,26.55255,6.826385000000001,2279.951,1139.354,305.1147,38.90151,360.3506,-44.70477,30179820000000.0,27008050000000.0,2286741000000.0,0.5415208,1.25451e-06,-7.045316e-07,-1.924363e-06,-6.791403e-07,4.724004e-07,-3.150523e-06,-2.701054e-06,2.008838e-06,24797430000000.0,2011973000000.0,0.4782696,1.163023e-06,-6.353202e-07,-1.766062e-06,-6.119079e-07,4.553685e-07,-2.902788e-06,-2.486061e-06,1.87954e-06,19030590000000.0,1230419000000.0,0.3160084,8.642677e-07,-4.322214e-07,-1.272166e-06,-4.151505e-07,3.772341e-07,-2.116857e-06,-1.807085e-06,1.435009e-06,917193500000.0,57260000000000.0,0.9739242,9488000000000.0,-0.777546
590,0.7172,25.31906,5.5928149999999945,2307.199,1091.547,249.9398,291.1088,317.3484,-297.9346,43635790000000.0,26911940000000.0,2911737000000.0,0.5423306,2.021748e-06,-1.920099e-06,-3.880393e-06,-1.875719e-06,-2.569963e-08,-5.86111e-06,-5.134089e-06,2.440036e-06,25758570000000.0,2536650000000.0,0.4762702,1.86584e-06,-1.71792e-06,-3.526751e-06,-1.677236e-06,2.949453e-08,-5.354675e-06,-4.683648e-06,2.304602e-06,20376180000000.0,1654142000000.0,0.327009,1.455205e-06,-1.230659e-06,-2.640737e-06,-1.199556e-06,1.301385e-07,-4.066269e-06,-3.542757e-06,1.903447e-06,876521900000.0,150600000000000.0,1.304317,33420000000000.0,-1.112231
591,0.7143,26.97837,6.992943000000007,2261.002,1150.963,311.1988,15.31726,116.7383,-226.7095,43347440000000.0,32582670000000.0,3058021000000.0,0.5737786,2.354234e-06,-2.158697e-07,-2.506676e-06,-1.757772e-07,1.982003e-06,-4.803126e-06,-3.960914e-06,4.868897e-06,30564270000000.0,2636140000000.0,0.5061992,2.15978e-06,-1.929272e-07,-2.294237e-06,-1.564372e-07,1.822478e-06,-4.400993e-06,-3.628255e-06,4.470439e-06,22682920000000.0,1535675000000.0,0.3349779,1.548861e-06,-1.272093e-07,-1.63344e-06,-1.017661e-07,1.315803e-06,-3.144243e-06,-2.589859e-06,3.213558e-06,1031893000000.0,87520000000000.0,1.333076,19850000000000.0,-1.068281
593,0.7211,25.11981,5.176755000000002,2322.421,1088.881,232.3854,76.58942,361.926,274.3306,38157280000000.0,19222810000000.0,1207789000000.0,0.479183,7.743251e-07,-5.890151e-07,-1.341785e-06,-5.724762e-07,1.386378e-07,-2.099327e-06,-1.821661e-06,1.086556e-06,15858820000000.0,906746700000.0,0.4054549,6.356404e-07,-4.727306e-07,-1.09061e-06,-4.59215e-07,1.243954e-07,-1.712462e-06,-1.484512e-06,9.024287e-07,9707521000000.0,384038500000.0,0.2539688,3.539044e-07,-2.470212e-07,-5.909269e-07,-2.395986e-07,8.510345e-08,-9.371381e-07,-8.101955e-07,5.18107e-07,745845200000.0,16700000000000.0,0.8450405,2401000000000.0,-0.6209
594,0.719,27.08519,6.617998999999997,2272.436,1162.123,296.1296,193.2016,-78.63718,-30.88554,42578530000000.0,27680850000000.0,2575309000000.0,0.5424518,1.910452e-06,-6.145106e-07,-2.471502e-06,-5.79001e-07,1.171515e-06,-4.336947e-06,-3.652748e-06,3.510615e-06,23067380000000.0,1988792000000.0,0.4568945,1.634275e-06,-5.104273e-07,-2.098723e-06,-4.803105e-07,1.016585e-06,-3.694487e-06,-3.109116e-06,3.017119e-06,15858820000000.0,985215000000.0,0.2973316,1.022149e-06,-2.956728e-07,-1.288636e-06,-2.772869e-07,6.579613e-07,-2.286682e-06,-1.920425e-06,1.908452e-06,979625300000.0,47020000000000.0,1.1714,9371000000000.0,-0.874566
595,0.7196,27.14819,6.422724999999994,2274.153,1166.158,287.6962,-126.5524,-206.4599,76.97901,32005980000000.0,31044840000000.0,2566708000000.0,0.5842026,1.396697e-06,7.962076e-07,-5.683699e-07,8.165958e-07,2.102116e-06,-1.927209e-06,-1.429649e-06,3.824737e-06,30275930000000.0,2290070000000.0,0.5013738,1.319664e-06,7.283638e-07,-5.608022e-07,7.474777e-07,1.961761e-06,-1.844687e-06,-1.374524e-06,3.589115e-06,24605200000000.0,1601669000000.0,0.3452351,1.088515e-06,5.516641e-07,-5.113365e-07,5.670704e-07,1.567859e-06,-1.570319e-06,-1.182398e-06,2.909553e-06,979464900000.0,90490000000000.0,1.065234,16400000000000.0,-0.908325
596,0.7217,27.03099,6.814430999999998,2279.795,1163.167,305.8413,-120.6507,-211.8819,-89.92783,42962990000000.0,18742240000000.0,1736992000000.0,0.4767589,1.798916e-06,8.767456e-07,-8.796217e-07,9.01019e-07,2.553458e-06,-2.629381e-06,-1.9882e-06,4.770158e-06,15954930000000.0,1297789000000.0,0.4099622,1.463348e-06,7.072408e-07,-7.21435e-07,7.269247e-07,2.070982e-06,-2.144793e-06,-1.623198e-06,3.874077e-06,9899749000000.0,497302400000.0,0.2564159,7.19827e-07,3.370474e-07,-3.655979e-07,3.466007e-07,1.007462e-06,-1.065749e-06,-8.091335e-07,1.894193e-06,721763700000.0,29740000000000.0,1.125326,5694000000000.0,-0.7823082
599,0.7211,26.97893,5.788644000000003,2284.282,1162.842,259.85,86.18139,129.6649,74.80501,57187870000000.0,40271790000000.0,4002719000000.0,0.6137345,3.210239e-06,-9.737234e-07,-4.090199e-06,-9.171427e-07,2.016262e-06,-7.224956e-06,-6.073999e-06,5.940027e-06,37388370000000.0,3481614000000.0,0.5356125,2.965518e-06,-8.717393e-07,-3.750151e-06,-8.199918e-07,1.888672e-06,-6.645925e-06,-5.582544e-06,5.512481e-06,28641990000000.0,2222657000000.0,0.3617906,2.266505e-06,-6.076907e-07,-2.806438e-06,-5.693985e-07,1.498083e-06,-5.019601e-06,-4.206478e-06,4.265677e-06,1195267000000.0,163000000000000.0,1.615085,44790000000000.0,-1.379185
600,0.7199,27.01477,6.7276000000000025,2276.03,1160.434,301.3658,-8.873124,255.9299,-28.39853,76602910000000.0,58245120000000.0,5664887000000.0,0.6958752,4.607453e-06,-9.595338e-07,-5.43375e-06,-8.821934e-07,3.326644e-06,-9.931252e-06,-8.279703e-06,8.96053e-06,54592790000000.0,4954641000000.0,0.6076161,4.264923e-06,-8.625389e-07,-5.003473e-06,-7.916336e-07,3.102816e-06,-9.166588e-06,-7.637608e-06,8.316739e-06,33543810000000.0,2690963000000.0,0.3809437,2.997725e-06,-5.54457e-07,-3.463482e-06,-5.062447e-07,2.227553e-06,-6.38958e-06,-5.314387e-06,5.889645e-06,1638435000000.0,58000000000000.0,1.404549,13860000000000.0,-1.215
601,0.7211,27.00737,5.839552000000003,2283.387,1163.813,262.1147,60.05563,-163.1641,-211.3734,29218680000000.0,22682920000000.0,1951207000000.0,0.5127788,1.157033e-06,1.467404e-07,-9.816963e-07,1.664862e-07,1.230735e-06,-2.109407e-06,-1.696373e-06,2.654084e-06,21145090000000.0,1657557000000.0,0.4452019,1.048294e-06,1.287945e-07,-8.934527e-07,1.465469e-07,1.110469e-06,-1.91517e-06,-1.540913e-06,2.399815e-06,15282140000000.0,986128200000.0,0.2944016,7.569889e-07,8.498824e-08,-6.528909e-07,9.750316e-08,7.928903e-07,-1.390669e-06,-1.120321e-06,1.723432e-06,791860700000.0,95800000000000.0,1.084109,17670000000000.0,-0.8724
602,0.7205,25.16602,5.478577,2319.119,1089.615,245.7581,303.9344,412.1254,-16.41244,33255470000000.0,13263740000000.0,887800100000.0,0.4244547,5.138204e-07,-8.378015e-07,-1.336427e-06,-8.250625e-07,-3.531951e-07,-1.840425e-06,-1.655671e-06,2.740526e-07,12302600000000.0,736299000000.0,0.3744032,4.50919e-07,-7.193014e-07,-1.156841e-06,-7.081593e-07,-2.941464e-07,-1.599129e-06,-1.436985e-06,2.562438e-07,9323064000000.0,390664100000.0,0.2487373,2.864218e-07,-4.245217e-07,-7.023479e-07,-4.175282e-07,-1.547462e-07,-9.832654e-07,-8.802533e-07,1.947039e-07,528029600000.0,55220000000000.0,0.8821758,8288000000000.0,-0.723987
603,0.7214,25.15492,5.577077000000004,2321.445,1090.159,250.4326,189.8161,492.0798,-402.2624,63339170000000.0,51517140000000.0,6035318000000.0,0.6754119,5.116402e-06,-3.149387e-06,-8.101825e-06,-3.050788e-06,1.607702e-06,-1.311303e-05,-1.127003e-05,7.833248e-06,49787090000000.0,5358266000000.0,0.5924867,4.815375e-06,-2.887454e-06,-7.547678e-06,-2.795446e-06,1.587183e-06,-1.226392e-05,-1.052914e-05,7.445067e-06,38733970000000.0,3567536000000.0,0.4028545,3.841074e-06,-2.117703e-06,-5.832752e-06,-2.046492e-06,1.444524e-06,-9.594434e-06,-8.210064e-06,6.113414e-06,1418782000000.0,165300000000000.0,1.768265,49730000000000.0,-1.503
604,0.7255,25.06826,5.497656999999999,2334.059,1091.777,248.0096,-441.0248,465.5709,-356.2721,46903660000000.0,37868940000000.0,3562023000000.0,0.5993444,2.607148e-06,1.409601e-06,-1.138828e-06,1.443084e-06,3.839283e-06,-3.677135e-06,-2.74676e-06,7.05562e-06,32967120000000.0,3032673000000.0,0.5130856,2.402702e-06,1.255641e-06,-1.092446e-06,1.286081e-06,3.493367e-06,-3.431594e-06,-2.574081e-06,6.456661e-06,24412970000000.0,1921442000000.0,0.3430656,1.837116e-06,8.735629e-07,-9.206644e-07,8.958697e-07,2.581257e-06,-2.708961e-06,-2.05307e-06,4.84513e-06,1166363000000.0,159200000000000.0,1.492666,40430000000000.0,-1.268781
606,0.7252,27.18608,7.1398300000000035,2284.325,1173.283,321.677,39.0188,-183.1322,-154.1363,39022310000000.0,24028520000000.0,2040490000000.0,0.519631,1.30131e-06,2.644631e-07,-1.005075e-06,2.862199e-07,1.48343e-06,-2.272964e-06,-1.808636e-06,3.085014e-06,21914010000000.0,1691654000000.0,0.4473741,1.155123e-06,2.271453e-07,-8.996177e-07,2.462977e-07,1.30866e-06,-2.025066e-06,-1.612851e-06,2.730056e-06,15858820000000.0,955300000000.0,0.295805,7.902948e-07,1.423428e-07,-6.282389e-07,1.551298e-07,8.812606e-07,-1.398215e-06,-1.116095e-06,1.853198e-06,824178100000.0,69580000000000.0,1.063514,12590000000000.0,-0.8695533
609,0.7276,25.91834,5.654333,2322.338,1128.585,255.6441,400.7796,-305.9381,-52.58456,208759800000000.0,197706600000000.0,22772410000000.0,1.038713,3.784258e-05,-7.314364e-06,-4.370126e-05,-6.949118e-06,2.688503e-05,-8.068112e-05,-6.698658e-05,7.252439e-05,181175000000000.0,20212810000000.0,0.9040049,3.569784e-05,-6.719809e-06,-4.103371e-05,-6.386606e-06,2.550584e-05,-7.5917e-05,-6.299509e-05,6.853993e-05,112453500000000.0,12115060000000.0,0.5680434,2.663024e-05,-4.563107e-06,-3.012863e-05,-4.348737e-06,1.937023e-05,-5.614907e-05,-4.649878e-05,5.141701e-05,4122183000000.0,187900000000000.0,3.678598,117600000000000.0,-3.23136
610,0.7267,25.531,5.519406000000005,2328.147,1112.016,249.3161,-7.868713,392.7339,31.87053,152340800000000.0,128600600000000.0,14553710000000.0,0.899686,2.027715e-05,-3.623502e-06,-2.319842e-05,-3.374251e-06,1.490861e-05,-4.300285e-05,-3.569333e-05,3.95006e-05,117643600000000.0,12199400000000.0,0.7836728,1.82983e-05,-3.204154e-06,-2.086497e-05,-2.98322e-06,1.350687e-05,-3.873647e-05,-3.213904e-05,3.569237e-05,56130610000000.0,4816482000000.0,0.4510993,9.840833e-06,-1.606104e-06,-1.109662e-05,-1.495201e-06,7.356265e-06,-2.070751e-05,-1.715693e-05,1.927466e-05,3244594000000.0,43150000000000.0,2.361947,17340000000000.0,-1.84734
611,0.7267,25.58642,5.577971000000002,2327.268,1114.362,251.9996,114.7209,267.685,-423.1746,45846410000000.0,29603130000000.0,2058093000000.0,0.5512142,2.167119e-06,-7.480505e-07,-2.851751e-06,-7.090256e-07,1.271105e-06,-4.969807e-06,-4.191984e-06,3.919121e-06,24605200000000.0,1463132000000.0,0.465669,1.761326e-06,-5.979935e-07,-2.307577e-06,-5.664729e-07,1.042441e-06,-4.029007e-06,-3.396774e-06,3.194281e-06,4036791000000.0,163573200000.0,0.1878916,4.339575e-07,-1.382273e-07,-5.592384e-07,-1.306587e-07,2.653109e-07,-9.833472e-07,-8.275198e-07,7.951491e-07,1374473000000.0,10430000000000.0,1.175525,2086000000000.0,-0.672012
612,0.7258,25.34541,5.212313000000005,2330.805,1104.027,235.2713,-167.8765,256.6245,105.027,101015900000000.0,84676490000000.0,9930424000000.0,0.7857096,1.052457e-05,4.844253e-07,-9.729038e-06,6.13586e-07,1.018026e-05,-1.99862e-05,-1.621231e-05,2.303883e-05,81408610000000.0,8900537000000.0,0.6991798,9.975563e-06,4.493693e-07,-9.229753e-06,5.701678e-07,9.63427e-06,-1.895178e-05,-1.537425e-05,2.181937e-05,61416890000000.0,5545229000000.0,0.464655,7.819311e-06,3.252727e-07,-7.256782e-06,4.148552e-07,7.508632e-06,-1.487714e-05,-1.20713e-05,1.705138e-05,2065260000000.0,93910000000000.0,2.040364,32600000000000.0,-1.712407
614,0.7276,25.83053,5.736419,2323.858,1124.925,259.3569,274.6091,155.3825,-555.722,48345380000000.0,45846410000000.0,4200600000000.0,0.6435768,3.093329e-06,-1.690615e-06,-4.69149e-06,-1.631199e-06,1.194723e-06,-7.718723e-06,-6.606778e-06,4.970296e-06,43731900000000.0,3748641000000.0,0.5626535,2.920433e-06,-1.550058e-06,-4.382724e-06,-1.4944e-06,1.172567e-06,-7.240667e-06,-6.190763e-06,4.736322e-06,31909870000000.0,2504016000000.0,0.3735758,2.345649e-06,-1.136927e-06,-3.410795e-06,-1.093418e-06,1.04593e-06,-5.706043e-06,-4.862465e-06,3.906162e-06,1326337000000.0,110300000000000.0,1.464344,27480000000000.0,-1.23057
615,0.7273,25.63605,5.717334999999997,2327.155,1116.786,258.432,-265.5745,520.7344,-613.9846,42578530000000.0,31333190000000.0,2719800000000.0,0.5642616,1.713005e-06,3.465001e-07,-1.327197e-06,3.740416e-07,1.951071e-06,-2.999325e-06,-2.386653e-06,4.062179e-06,29122560000000.0,2358882000000.0,0.4970563,1.568697e-06,3.085709e-07,-1.223852e-06,3.335916e-07,1.77725e-06,-2.755023e-06,-2.193933e-06,3.710073e-06,18934470000000.0,1290660000000.0,0.3139518,1.072056e-06,1.911314e-07,-8.554391e-07,2.077055e-07,1.192982e-06,-1.901638e-06,-1.518094e-06,2.512773e-06,1025849000000.0,93720000000000.0,1.205377,19220000000000.0,-1.00386
616,0.7309,25.87844,6.333022000000003,2329.289,1129.959,287.3275,66.8622,452.3881,-77.6986,54304450000000.0,28930330000000.0,2925750000000.0,0.5478965,2.269659e-06,-1.307784e-06,-3.510958e-06,-1.262431e-06,8.148477e-07,-5.731011e-06,-4.916266e-06,3.58785e-06,26719710000000.0,2340059000000.0,0.4781051,1.961503e-06,-1.108745e-06,-3.012576e-06,-1.069759e-06,7.25017e-07,-4.931184e-06,-4.227e-06,3.121167e-06,16723850000000.0,1043481000000.0,0.3029009,1.146461e-06,-6.070135e-07,-1.719315e-06,-5.846732e-07,4.633487e-07,-2.840657e-06,-2.428948e-06,1.863097e-06,994624900000.0,28080000000000.0,1.101845,5264000000000.0,-0.8317
618,0.7285,25.871760000000002,6.018156999999997,2324.571,1127.336,272.3654,157.1025,183.7804,-312.9826,145805000000000.0,111011700000000.0,13572000000000.0,0.8557957,1.788669e-05,-3.986558e-06,-2.125938e-05,-3.749552e-06,1.23994e-05,-3.873421e-05,-3.228776e-05,3.410142e-05,101304200000000.0,11863770000000.0,0.7444887,1.672989e-05,-3.625209e-06,-1.977679e-05,-3.407892e-06,1.168729e-05,-3.612123e-05,-3.009033e-05,3.197862e-05,73623370000000.0,7477191000000.0,0.4939601,1.304061e-05,-2.597127e-06,-1.517635e-05,-2.438923e-06,9.303508e-06,-2.791592e-05,-2.321147e-05,2.510186e-05,2571032000000.0,214800000000000.0,2.859459,104500000000000.0,-2.50767
619,0.7276,25.78322,5.662831000000002,2325.305,1123.256,256.0651,-287.4571,78.47787,17.08679,105821600000000.0,98901370000000.0,11074820000000.0,0.835377,1.230565e-05,3.611022e-06,-8.350669e-06,3.718786e-06,1.489937e-05,-2.031727e-05,-1.591363e-05,2.997011e-05,95537380000000.0,9950755000000.0,0.7308912,1.167618e-05,3.338946e-06,-8.008612e-06,3.438868e-06,1.404243e-05,-1.936299e-05,-1.518387e-05,2.83383e-05,72566120000000.0,6679561000000.0,0.4907469,9.406921e-06,2.483051e-06,-6.652873e-06,2.557068e-06,1.108567e-05,-1.58003e-05,-1.243133e-05,2.259217e-05,2320226000000.0,100000000000000.0,2.191178,37280000000000.0,-1.85724
620,0.7285,25.548280000000002,5.498655000000001,2332.576,1114.995,248.8813,-564.6707,141.8447,-14.15946,44789150000000.0,29507020000000.0,3036321000000.0,0.5591485,2.215762e-06,2.489489e-06,3.170321e-07,2.512758e-06,4.555314e-06,-1.834113e-06,-1.046674e-06,7.301253e-06,27969190000000.0,2574490000000.0,0.4847207,2.013433e-06,2.197246e-06,2.234938e-07,2.218102e-06,4.073457e-06,-1.731167e-06,-1.015558e-06,6.568099e-06,20376180000000.0,1535658000000.0,0.3233657,1.470248e-06,1.474435e-06,3.389819e-08,1.489007e-06,2.842273e-06,-1.393322e-06,-8.70596e-07,4.662663e-06,961043600000.0,130100000000000.0,1.337261,29600000000000.0,-1.11078
622,0.7294,25.03856,5.384555000000005,2345.184,1095.499,243.9753,-359.2269,306.9962,-137.9123,80063020000000.0,69394360000000.0,7326187000000.0,0.7334478,6.533093e-06,2.309964e-06,-4.055792e-06,2.383685e-06,8.353649e-06,-1.041235e-05,-8.078092e-06,1.638057e-05,63050830000000.0,6352027000000.0,0.635813,6.020702e-06,2.066682e-06,-3.798616e-06,2.133447e-06,7.632554e-06,-9.656531e-06,-7.504999e-06,1.502787e-05,37676710000000.0,3469350000000.0,0.3947401,4.163244e-06,1.305563e-06,-2.747448e-06,1.348969e-06,5.145384e-06,-6.797922e-06,-5.309329e-06,1.025437e-05,1906957000000.0,102000000000000.0,1.769626,30710000000000.0,-1.50928
623,0.7303,26.17976,5.627117999999997,2324.573,1142.812,255.2191,100.7092,-337.7498,-77.38317,31429300000000.0,27200280000000.0,2280737000000.0,0.5352825,1.322721e-06,2.493016e-07,-1.041095e-06,2.711595e-07,1.487668e-06,-2.330152e-06,-1.857973e-06,3.115417e-06,25181890000000.0,1979812000000.0,0.4734346,1.219763e-06,2.240849e-07,-9.657332e-07,2.441094e-07,1.365628e-06,-2.154438e-06,-1.718974e-06,2.866445e-06,15954930000000.0,1066362000000.0,0.2963812,8.494572e-07,1.421664e-07,-6.860653e-07,1.557479e-07,9.359679e-07,-1.513859e-06,-1.210492e-06,1.980524e-06,921273500000.0,79480000000000.0,1.089298,14730000000000.0,-0.8699402
624,0.7318,25.54172,6.058012999999998,2339.171,1117.819,275.1408,-500.8703,391.4948,-117.5215,28257540000000.0,25374110000000.0,1786015000000.0,0.5382609,9.325596e-07,8.79771e-07,-3.420331e-08,8.926609e-07,1.753991e-06,-9.416572e-07,-6.096587e-07,2.90869e-06,23067380000000.0,1479073000000.0,0.4547364,8.340315e-07,7.580835e-07,-5.917005e-08,7.694933e-07,1.53952e-06,-8.707034e-07,-5.737598e-07,2.57197e-06,12879280000000.0,778180100000.0,0.2785404,5.501584e-07,4.496345e-07,-8.914437e-08,4.569132e-07,9.642364e-07,-6.243829e-07,-4.284566e-07,1.64477e-06,930722500000.0,64980000000000.0,0.9877449,10920000000000.0,-0.7963
625,0.7312,25.509200000000003,6.295644999999996,2337.066,1115.184,285.6843,-231.2773,619.7952,-185.0342,52574390000000.0,47864800000000.0,4672425000000.0,0.6479539,3.273722e-06,-2.690051e-07,-3.455969e-06,-2.150722e-07,2.784473e-06,-6.652396e-06,-5.479529e-06,6.799929e-06,44500810000000.0,4120860000000.0,0.5668862,3.062375e-06,-2.450737e-07,-3.225816e-06,-1.950363e-07,2.609887e-06,-6.21579e-06,-5.118543e-06,6.365331e-06,30564270000000.0,2449969000000.0,0.368575,2.247737e-06,-1.64793e-07,-2.351367e-06,-1.291815e-07,1.926995e-06,-4.545739e-06,-3.740096e-06,4.681374e-06,1393823000000.0,85280000000000.0,1.357753,19700000000000.0,-1.13949
626,0.73,25.54422,5.477194000000002,2337.163,1116.985,248.3832,-665.2056,154.3154,-88.31983,28161420000000.0,25566340000000.0,1937910000000.0,0.5260622,1.013712e-06,1.748474e-06,7.515148e-07,1.75897e-06,2.697436e-06,-2.323384e-07,1.273193e-07,3.958812e-06,24124630000000.0,1701061000000.0,0.4615136,9.418401e-07,1.578895e-06,6.527566e-07,1.58855e-06,2.460223e-06,-2.612981e-07,7.287557e-08,3.631948e-06,18069440000000.0,1071143000000.0,0.3109421,7.217051e-07,1.112701e-06,4.033472e-07,1.119862e-06,1.787188e-06,-2.969739e-07,-4.086318e-08,2.68453e-06,853660200000.0,72560000000000.0,0.977714,12070000000000.0,-0.799722
627,0.7312,25.70272,5.6256989999999965,2336.128,1124.439,255.3861,-566.4074,149.6653,-288.3224,60167410000000.0,37868940000000.0,3906489000000.0,0.598242,2.927044e-06,3.063837e-06,1.950636e-07,3.091223e-06,5.785058e-06,-2.64613e-06,-1.605395e-06,9.410472e-06,34889410000000.0,3367186000000.0,0.5220852,2.679368e-06,2.718231e-06,9.271847e-08,2.74285e-06,5.20767e-06,-2.507976e-06,-1.555189e-06,8.525445e-06,25470230000000.0,2094088000000.0,0.347,2.001943e-06,1.852885e-06,-1.076305e-07,1.870222e-06,3.709363e-06,-2.050608e-06,-1.338434e-06,6.186288e-06,1163334000000.0,137700000000000.0,1.477303,34610000000000.0,-1.286
628,0.7363,26.00502,6.8032030000000026,2338.147,1140.644,310.3621,66.25614,263.0245,115.4622,111684500000000.0,96979090000000.0,10922430000000.0,0.8177406,1.260424e-05,-3.070898e-06,-1.525298e-05,-2.891736e-06,8.513013e-06,-2.756638e-05,-2.302803e-05,2.38244e-05,90731680000000.0,9647456000000.0,0.7150808,1.185759e-05,-2.814234e-06,-1.427218e-05,-2.648317e-06,8.075193e-06,-2.585605e-05,-2.158571e-05,2.247527e-05,60551860000000.0,5835100000000.0,0.4609885,8.90155e-06,-1.923826e-06,-1.051798e-05,-1.807122e-06,6.226284e-06,-1.92137e-05,-1.600547e-05,1.702373e-05,2322649000000.0,134800000000000.0,2.375467,54480000000000.0,-2.0295
629,0.7363,27.132,7.046443,2314.708,1186.128,321.4928,351.1236,-263.6388,73.51967,47288120000000.0,38926200000000.0,3544467000000.0,0.6030544,2.447694e-06,-1.127058e-06,-3.503516e-06,-1.080808e-06,1.158074e-06,-5.896278e-06,-5.017953e-06,4.149593e-06,36715570000000.0,3153950000000.0,0.5311976,2.299602e-06,-1.028223e-06,-3.260561e-06,-9.85102e-07,1.117583e-06,-5.508516e-06,-4.68324e-06,3.927542e-06,25181890000000.0,1988250000000.0,0.3445388,1.766233e-06,-7.147636e-07,-2.428369e-06,-6.82598e-07,9.302715e-07,-4.154834e-06,-3.520699e-06,3.086868e-06,1195034000000.0,141100000000000.0,1.431708,34370000000000.0,-1.23
634,0.7321,25.82636,6.395323000000001,2333.4,1129.334,290.5616,-293.8331,406.7202,-104.0761,29410900000000.0,27584740000000.0,2318780000000.0,0.5491658,1.239741e-06,3.629244e-07,-8.477175e-07,3.82981e-07,1.524294e-06,-2.056013e-06,-1.613505e-06,3.05179e-06,24989660000000.0,1988658000000.0,0.4668026,1.140856e-06,3.22341e-07,-7.915574e-07,3.406425e-07,1.390552e-06,-1.903441e-06,-1.496191e-06,2.795915e-06,19991730000000.0,1320859000000.0,0.3199686,9.044591e-07,2.355567e-07,-6.471841e-07,2.497586e-07,1.081394e-06,-1.528613e-06,-1.205672e-06,2.194977e-06,913330600000.0,64560000000000.0,0.9814249,10780000000000.0,-0.794277
636,0.7396,25.66576,6.898362000000002,2353.181,1130.778,315.8622,-373.302,322.5734,339.416,72854460000000.0,42674650000000.0,3948713000000.0,0.6190323,3.173908e-06,1.055866e-06,-2.040904e-06,1.099467e-06,4.011379e-06,-5.132237e-06,-3.998615e-06,7.917576e-06,37580600000000.0,3273819000000.0,0.5335907,2.832311e-06,9.132801e-07,-1.849644e-06,9.516819e-07,3.549024e-06,-4.608188e-06,-3.596438e-06,7.033884e-06,23836290000000.0,1733956000000.0,0.3406259,1.880144e-06,5.52597e-07,-1.280328e-06,5.770035e-07,2.298685e-06,-3.111353e-06,-2.439434e-06,4.610044e-06,1347665000000.0,80790000000000.0,1.465223,20140000000000.0,-1.24146
640,0.7399,25.69444,7.074820000000006,2352.787,1132.039,324.0472,-564.5974,195.2712,-366.0749,30083700000000.0,24989660000000.0,1996323000000.0,0.5188023,1.283446e-06,1.577548e-06,3.177658e-07,1.591217e-06,2.776241e-06,-9.286144e-07,-4.725661e-07,4.368999e-06,19607270000000.0,1478145000000.0,0.4302958,1.071838e-06,1.286977e-06,2.350492e-07,1.298275e-06,2.287625e-06,-8.057983e-07,-4.249158e-07,3.617533e-06,13648200000000.0,690748600000.0,0.2810002,6.461024e-07,7.350585e-07,1.011685e-07,7.416971e-07,1.337654e-06,-5.262057e-07,-2.965715e-07,2.138972e-06,912122500000.0,35860000000000.0,1.024733,6252000000000.0,-0.734481
641,0.7375,25.96772,7.058765999999999,2341.293,1140.293,322.4687,184.6935,262.377,-126.623,108897200000000.0,104283800000000.0,11081860000000.0,0.8365154,1.243181e-05,-4.277577e-06,-1.628061e-05,-4.088497e-06,7.151716e-06,-2.843646e-05,-2.39548e-05,2.223116e-05,100439200000000.0,10095900000000.0,0.7403842,1.189347e-05,-3.997325e-06,-1.547851e-05,-3.818627e-06,6.930146e-06,-2.710786e-05,-2.281959e-05,2.135304e-05,69971040000000.0,6619334000000.0,0.4842848,9.44507e-06,-2.908152e-06,-1.201888e-05,-2.773589e-06,5.746728e-06,-2.125383e-05,-1.784607e-05,1.71886e-05,2435026000000.0,185000000000000.0,2.468285,77690000000000.0,-2.17899
642,0.7381,25.63994,6.734611000000002,2350.417,1128.146,307.8652,-214.4653,502.1992,598.1574,48441490000000.0,40079570000000.0,4008489000000.0,0.6083032,2.751583e-06,-5.894332e-07,-3.267872e-06,-5.414701e-07,1.980677e-06,-5.957599e-06,-4.970615e-06,5.354473e-06,36811690000000.0,3555835000000.0,0.5348382,2.587336e-06,-5.396278e-07,-3.057753e-06,-4.948749e-07,1.875871e-06,-5.586808e-06,-4.658669e-06,5.047584e-06,26527480000000.0,2248679000000.0,0.3503808,1.984648e-06,-3.760805e-07,-2.306386e-06,-3.427937e-07,1.473213e-06,-4.246024e-06,-3.533859e-06,3.904084e-06,1204391000000.0,145700000000000.0,1.426443,35360000000000.0,-1.21671
644,0.7381,26.640590000000003,6.575844000000002,2331.37,1169.53,300.6731,245.1767,-220.5667,300.9164,83907580000000.0,47095890000000.0,3916516000000.0,0.6402939,4.166991e-06,-1.345691e-06,-5.392556e-06,-1.2709e-06,2.539253e-06,-9.463728e-06,-7.969117e-06,7.634361e-06,35562200000000.0,2945723000000.0,0.5232055,3.399747e-06,-1.060348e-06,-4.361343e-06,-1.000073e-06,2.106892e-06,-7.682848e-06,-6.463213e-06,6.262609e-06,21625660000000.0,1436381000000.0,0.3297399,2.041835e-06,-5.870936e-07,-2.56848e-06,-5.520442e-07,1.311418e-06,-4.563229e-06,-3.830395e-06,3.805343e-06,1496236000000.0,66250000000000.0,1.513544,17060000000000.0,-1.26324
645,0.739,25.66897,7.0375619999999985,2351.333,1130.052,322.0553,-120.7904,470.9987,3.19095,131580200000000.0,126005500000000.0,14732490000000.0,0.8980049,1.784853e-05,-1.986454e-06,-1.924379e-05,-1.774903e-06,1.434993e-05,-3.666496e-05,-3.02396e-05,3.604299e-05,123506600000000.0,13502770000000.0,0.7919818,1.714343e-05,-1.865513e-06,-1.843803e-05,-1.665488e-06,1.381546e-05,-3.517078e-05,-2.899828e-05,3.464626e-05,98036350000000.0,9448178000000.0,0.5402801,1.426077e-05,-1.441169e-06,-1.521761e-05,-1.284549e-06,1.157216e-05,-2.913616e-05,-2.399855e-05,2.8884e-05,2693998000000.0,97450000000000.0,2.385429,39550000000000.0,-2.075374
646,0.739,26.6071,6.571112999999998,2334.365,1169.324,300.7527,-161.598,-157.6691,147.2348,52286050000000.0,46230870000000.0,4418865000000.0,0.6372493,3.395505e-06,1.391344e-06,-1.920368e-06,1.435031e-06,4.547278e-06,-5.223638e-06,-4.01217e-06,8.725217e-06,41425160000000.0,3800739000000.0,0.5507397,3.140655e-06,1.248859e-06,-1.813787e-06,1.288751e-06,4.166264e-06,-4.869109e-06,-3.748406e-06,8.029751e-06,30852620000000.0,2384171000000.0,0.371368,2.413221e-06,8.829483e-07,-1.469165e-06,9.124002e-07,3.120781e-06,-3.816769e-06,-2.955266e-06,6.087384e-06,1347630000000.0,104800000000000.0,1.508104,26890000000000.0,-1.24146
647,0.7445,26.41779,6.582074999999996,2352.323,1168.613,303.0764,-31.59142,1.213991,63.27054,96402410000000.0,76218450000000.0,8777332000000.0,0.7494208,9.439667e-06,2.803311e-07,-8.877725e-06,3.980854e-07,8.977171e-06,-1.807729e-05,-1.46925e-05,2.050636e-05,71316640000000.0,7752271000000.0,0.6585973,8.869382e-06,2.563335e-07,-8.34674e-06,3.651542e-07,8.422021e-06,-1.699048e-05,-1.380959e-05,1.92517e-05,52670510000000.0,4941991000000.0,0.4393402,6.979072e-06,1.849221e-07,-6.579913e-06,2.655674e-07,6.594559e-06,-1.338131e-05,-1.087676e-05,1.510795e-05,1899364000000.0,157200000000000.0,2.195136,58710000000000.0,-1.88199
648,0.7433,24.873740000000005,5.290779000000003,2385.173,1105.832,243.4631,-210.0528,257.5877,-324.2449,40656250000000.0,34889410000000.0,3133890000000.0,0.5851394,1.882639e-06,5.424286e-07,-1.294704e-06,5.712673e-07,2.301464e-06,-3.128837e-06,-2.456752e-06,4.619037e-06,32871010000000.0,2763070000000.0,0.5163371,1.751317e-06,4.908015e-07,-1.217957e-06,5.174186e-07,2.126443e-06,-2.924121e-06,-2.29886e-06,4.281976e-06,20280070000000.0,1489099000000.0,0.3190104,1.206049e-06,3.086507e-07,-8.675349e-07,3.264557e-07,1.433315e-06,-2.042422e-06,-1.611688e-06,2.916791e-06,1129021000000.0,80420000000000.0,1.161346,15890000000000.0,-0.9754
650,0.7436,25.06614,4.913933999999996,2383.984,1115.023,226.2743,-95.79814,112.163,-226.7055,45558070000000.0,41617390000000.0,3922671000000.0,0.6288747,2.709421e-06,3.549494e-07,-2.28367e-06,3.960466e-07,2.878595e-06,-4.923682e-06,-3.955339e-06,6.205117e-06,39118420000000.0,3401845000000.0,0.538746,2.515689e-06,3.190767e-07,-2.13047e-06,3.568214e-07,2.660948e-06,-4.581694e-06,-3.682462e-06,5.74892e-06,29218680000000.0,2221182000000.0,0.3603374,1.977687e-06,2.298506e-07,-1.69491e-06,2.585648e-07,2.067828e-06,-3.621875e-06,-2.914655e-06,4.493807e-06,1221470000000.0,154500000000000.0,1.49965,39420000000000.0,-1.26621
652,0.75,25.27652,4.815852000000003,2396.866,1131.792,223.3195,-448.0583,318.5511,-18.05666,43731900000000.0,34793290000000.0,2988119000000.0,0.5760242,1.974971e-06,1.329822e-06,-6.018766e-07,1.355644e-06,3.173507e-06,-2.522939e-06,-1.819353e-06,5.612643e-06,29603130000000.0,2393700000000.0,0.4901791,1.723993e-06,1.129663e-06,-5.563016e-07,1.151974e-06,2.738286e-06,-2.233197e-06,-1.618962e-06,4.867029e-06,15762710000000.0,992145100000.0,0.2925692,9.559967e-07,5.796112e-07,-3.548693e-07,5.91591e-07,1.470329e-06,-1.284688e-06,-9.439746e-07,2.650046e-06,1212894000000.0,60310000000000.0,1.19677,12280000000000.0,-0.9511
653,0.7488,26.83173,6.278095999999994,2356.236,1191.859,290.495,273.1569,-94.35561,265.9414,53247190000000.0,49594860000000.0,4789004000000.0,0.6526636,3.51072e-06,-1.69095e-06,-5.096435e-06,-1.624487e-06,1.582623e-06,-8.528974e-06,-7.268428e-06,5.868195e-06,45077500000000.0,4100404000000.0,0.5637342,3.24845e-06,-1.522289e-06,-4.672878e-06,-1.461286e-06,1.50515e-06,-7.848947e-06,-6.682425e-06,5.469743e-06,27584740000000.0,2228076000000.0,0.3531375,2.305468e-06,-9.860625e-07,-3.220808e-06,-9.440642e-07,1.158419e-06,-5.47481e-06,-4.646528e-06,3.969995e-06,1477927000000.0,92750000000000.0,1.457524,23000000000000.0,-1.192445
656,0.7506,26.41612,5.774506000000003,2371.841,1178.224,267.8207,434.7233,-180.1183,35.21368,33736040000000.0,32102100000000.0,2674617000000.0,0.572504,1.569765e-06,-1.246474e-06,-2.76909e-06,-1.213667e-06,2.224198e-07,-4.305763e-06,-3.741704e-06,2.138119e-06,30468160000000.0,2404852000000.0,0.4971966,1.486015e-06,-1.141351e-06,-2.582512e-06,-1.110501e-06,2.484978e-07,-4.037165e-06,-3.503146e-06,2.061627e-06,22875150000000.0,1679545000000.0,0.3322742,1.220479e-06,-8.49977e-07,-2.03304e-06,-8.251938e-07,2.897211e-07,-3.227683e-06,-2.788938e-06,1.777907e-06,999338300000.0,222300000000000.0,1.368273,51750000000000.0,-1.194
658,0.7485,26.22817,4.859108,2373.389,1169.302,224.9227,-47.05617,-107.7984,116.9381,61320770000000.0,52093820000000.0,5203896000000.0,0.6589545,4.337472e-06,6.423474e-07,-3.577254e-06,7.013331e-07,4.663899e-06,-7.801968e-06,-6.250664e-06,9.981725e-06,47480350000000.0,4530254000000.0,0.5744439,4.011178e-06,5.752649e-07,-3.326145e-06,6.290089e-07,4.291733e-06,-7.233025e-06,-5.798165e-06,9.208185e-06,32294330000000.0,2780150000000.0,0.3724569,3.003539e-06,3.906666e-07,-2.528761e-06,4.288896e-07,3.167119e-06,-5.45415e-06,-4.379095e-06,6.845181e-06,1491446000000.0,189100000000000.0,1.838506,59150000000000.0,-1.568635
659,0.75,26.19979,5.529661999999999,2375.816,1169.036,256.3432,246.7728,260.6081,164.1525,36811690000000.0,19222810000000.0,1607796000000.0,0.4744632,1.340585e-06,-1.315951e-06,-2.616491e-06,-1.285987e-06,-5.761376e-08,-3.929237e-06,-3.447702e-06,1.578784e-06,18646130000000.0,1354705000000.0,0.424184,1.173232e-06,-1.140901e-06,-2.279044e-06,-1.114719e-06,-3.978402e-08,-3.427906e-06,-3.006473e-06,1.392262e-06,11725920000000.0,624962400000.0,0.2656757,6.417768e-07,-5.925652e-07,-1.214989e-06,-5.783997e-07,9.259325e-09,-1.843417e-06,-1.612842e-06,7.923477e-07,716818700000.0,50650000000000.0,1.030702,8882000000000.0,-0.791406
661,0.7546,25.59257,5.188062999999995,2401.124,1150.043,241.7317,-336.0458,442.3571,6.100349,60167410000000.0,55650040000000.0,5470268000000.0,0.6718733,4.359169e-06,8.962136e-07,-3.34841e-06,9.532622e-07,4.938289e-06,-7.595211e-06,-6.035842e-06,1.028847e-05,53151080000000.0,4965480000000.0,0.5947484,4.142948e-06,8.292551e-07,-3.204168e-06,8.828449e-07,4.66878e-06,-7.240244e-06,-5.758045e-06,9.752461e-06,39118420000000.0,3368829000000.0,0.3965092,3.351366e-06,6.145674e-07,-2.646297e-06,6.56076e-07,3.714491e-06,-5.911009e-06,-4.711481e-06,7.823603e-06,1511455000000.0,133800000000000.0,1.666205,37930000000000.0,-1.42857
662,0.7546,26.6319,6.142167999999997,2375.79,1191.362,286.0119,187.9417,-181.0524,62.87881,129081200000000.0,124083300000000.0,13841790000000.0,0.877142,1.832233e-05,-1.82869e-06,-1.951575e-05,-1.638606e-06,1.485444e-05,-3.739392e-05,-3.079115e-05,3.707553e-05,119662000000000.0,12894830000000.0,0.7833117,1.778044e-05,-1.736092e-06,-1.889695e-05,-1.554914e-06,1.44433e-05,-3.624623e-05,-2.98377e-05,3.60018e-05,95921840000000.0,9576124000000.0,0.5338152,1.559159e-05,-1.409198e-06,-1.644686e-05,-1.261598e-06,1.274305e-05,-3.165989e-05,-2.603671e-05,3.162909e-05,2677717000000.0,197000000000000.0,2.872279,96270000000000.0,-2.552
664,0.7546,25.56995,5.590124000000003,2399.754,1148.223,260.3825,-25.0676,461.097,-110.298,28449760000000.0,26911940000000.0,2258744000000.0,0.5404349,1.121421e-06,-5.745425e-07,-1.665837e-06,-5.520667e-07,4.782156e-07,-2.761987e-06,-2.360257e-06,1.853023e-06,25950800000000.0,1992159000000.0,0.4686356,1.050467e-06,-5.213113e-07,-1.543424e-06,-5.003754e-07,4.644432e-07,-2.570193e-06,-2.193854e-06,1.752047e-06,18069440000000.0,1273200000000.0,0.3091741,8.307158e-07,-3.76491e-07,-1.184459e-06,-3.60228e-07,4.020763e-07,-1.996377e-06,-1.698692e-06,1.419788e-06,887824900000.0,99390000000000.0,1.016565,17190000000000.0,-0.853974
665,0.7515,26.4305,5.660829,2374.518,1180.297,262.8427,305.7523,-286.1794,177.8878,61993570000000.0,59302380000000.0,6336183000000.0,0.6876093,5.01618e-06,-1.545528e-06,-6.412449e-06,-1.459032e-06,3.1181e-06,-1.131356e-05,-9.512838e-06,9.243524e-06,54977250000000.0,5622566000000.0,0.60499,4.782213e-06,-1.440713e-06,-6.080032e-06,-1.358847e-06,3.00348e-06,-1.075248e-05,-9.035582e-06,8.842191e-06,33736040000000.0,3046994000000.0,0.3772696,3.676312e-06,-1.013629e-06,-4.578079e-06,-9.527215e-07,2.39634e-06,-8.169841e-06,-6.84938e-06,6.881424e-06,1586339000000.0,73410000000000.0,1.466804,18320000000000.0,-1.21869
666,0.7521,26.6776,6.21828,2368.0,1189.82,288.7499,399.6991,64.14284,14.60575,32198210000000.0,28353650000000.0,2274013000000.0,0.5433598,1.366692e-06,-1.454655e-06,-2.779621e-06,-1.423778e-06,-1.725525e-07,-4.118473e-06,-3.627198e-06,1.494092e-06,27104170000000.0,1989251000000.0,0.4780939,1.274083e-06,-1.319169e-06,-2.554199e-06,-1.290535e-06,-1.244306e-07,-3.802307e-06,-3.344281e-06,1.429024e-06,18646130000000.0,1181968000000.0,0.3091002,9.507916e-07,-8.946042e-07,-1.815823e-06,-8.73658e-07,-4.38325e-09,-2.747182e-06,-2.405259e-06,1.15418e-06,939356400000.0,107600000000000.0,1.195736,21890000000000.0,-0.9815691
667,0.7537,26.59244,6.278999000000002,2373.414,1188.126,292.0409,124.5325,64.2106,-314.9929,36619460000000.0,33736040000000.0,3198627000000.0,0.569022,1.872936e-06,-5.053125e-07,-2.327015e-06,-4.710818e-07,1.246113e-06,-4.15567e-06,-3.485063e-06,3.541183e-06,31909870000000.0,2878693000000.0,0.5049702,1.780871e-06,-4.693988e-07,-2.201375e-06,-4.370286e-07,1.19536e-06,-3.940125e-06,-3.30243e-06,3.377312e-06,24220740000000.0,1888919000000.0,0.3374916,1.401616e-06,-3.377516e-07,-1.700296e-06,-3.128654e-07,9.705796e-07,-3.068712e-06,-2.566648e-06,2.686865e-06,1039070000000.0,112100000000000.0,1.195973,22810000000000.0,-1.003578
668,0.7543,25.89,5.235618000000006,2393.994,1161.945,243.8449,99.16904,103.5513,51.85434,197418300000000.0,173293700000000.0,21421450000000.0,0.9803809,3.688364e-05,-4.381483e-06,-3.985855e-05,-4.086872e-06,2.886406e-05,-7.585903e-05,-6.252399e-05,7.337244e-05,160222100000000.0,19271920000000.0,0.8597725,3.526404e-05,-4.086461e-06,-3.799612e-05,-3.815028e-06,2.766729e-05,-7.241533e-05,-5.966259e-05,7.02045e-05,126870600000000.0,13416920000000.0,0.5867046,2.961995e-05,-3.173116e-06,-3.162746e-05,-2.975098e-06,2.3405e-05,-6.053641e-05,-4.981523e-05,5.908492e-05,3479737000000.0,245600000000000.0,3.862576,161400000000000.0,-3.38976
669,0.7534,26.2065,5.734933000000002,2383.278,1173.054,266.7724,54.14849,170.8795,-9.171146,42674650000000.0,38445630000000.0,3380849000000.0,0.5941898,2.241238e-06,-6.442052e-07,-2.821893e-06,-6.039392e-07,1.447403e-06,-5.009996e-06,-4.207119e-06,4.190129e-06,35273860000000.0,2971811000000.0,0.5189535,2.09091e-06,-5.830301e-07,-2.614359e-06,-5.457742e-07,1.367306e-06,-4.655688e-06,-3.906567e-06,3.925564e-06,24605200000000.0,1864350000000.0,0.33925,1.585352e-06,-4.006721e-07,-1.940057e-06,-3.732614e-07,1.075445e-06,-3.487789e-06,-2.919534e-06,3.013786e-06,1182972000000.0,133500000000000.0,1.399623,31790000000000.0,-1.178988
671,0.7515,26.0284,5.8896270000000035,2381.561,1163.026,273.4042,-36.64913,363.1183,-115.6495,62858600000000.0,49883200000000.0,5684122000000.0,0.655331,4.784217e-06,-1.026594e-06,-5.670229e-06,-9.48185e-07,3.416987e-06,-1.034147e-05,-8.625227e-06,9.262741e-06,46615320000000.0,5038921000000.0,0.5722854,4.520785e-06,-9.428986e-07,-5.330122e-06,-8.695384e-07,3.253667e-06,-9.744097e-06,-8.12214e-06,8.776314e-06,39887340000000.0,3495128000000.0,0.3991329,3.770408e-06,-7.289108e-07,-4.386189e-06,-6.695053e-07,2.765421e-06,-8.067398e-06,-6.714122e-06,7.368433e-06,1368296000000.0,145100000000000.0,1.678627,41440000000000.0,-1.439
672,0.7589,25.8443,6.317932000000005,2402.347,1163.632,295.5422,199.202,607.4665,214.3793,79870790000000.0,71893320000000.0,7928684000000.0,0.7341196,8.508467e-06,-5.613817e-06,-1.381992e-05,-5.45078e-06,2.253124e-06,-2.216328e-05,-1.90884e-05,1.255463e-05,65357560000000.0,6713770000000.0,0.6358115,7.86817e-06,-5.065843e-06,-1.26528e-05,-4.916679e-06,2.203977e-06,-2.036811e-05,-1.752417e-05,1.172758e-05,47672580000000.0,3916398000000.0,0.4222824,5.838954e-06,-3.487291e-06,-9.11366e-06,-3.380545e-06,1.895115e-06,-1.483875e-05,-1.272714e-05,8.956035e-06,1859880000000.0,95220000000000.0,2.091303,33880000000000.0,-1.63845
673,0.7561,25.02006,5.511066000000005,2415.031,1127.177,257.1421,-113.0828,354.6965,-23.10402,62858600000000.0,53054960000000.0,5559569000000.0,0.6610692,4.562859e-06,-3.865071e-07,-4.819904e-06,-3.154892e-07,3.851511e-06,-9.271495e-06,-7.636535e-06,9.435148e-06,45558070000000.0,4677748000000.0,0.5664223,4.148781e-06,-3.406181e-07,-4.370874e-06,-2.768745e-07,3.510151e-06,-8.418433e-06,-6.931593e-06,8.585685e-06,30756500000000.0,2673759000000.0,0.3655091,2.928485e-06,-2.194378e-07,-3.06243e-06,-1.763247e-07,2.492693e-06,-5.919356e-06,-4.869271e-06,6.0722e-06,1542308000000.0,153100000000000.0,1.757529,45780000000000.0,-1.47015
675,0.7571,25.81931,5.098418000000005,2403.415,1162.856,238.2124,-256.2434,115.078,280.308,45558070000000.0,42097960000000.0,3995742000000.0,0.6176693,2.69453e-06,9.345889e-07,-1.693625e-06,9.719807e-07,3.443833e-06,-4.316816e-06,-3.355001e-06,6.759197e-06,40271790000000.0,3543994000000.0,0.5425354,2.530314e-06,8.547298e-07,-1.612968e-06,8.895077e-07,3.209961e-06,-4.076262e-06,-3.172965e-06,6.32269e-06,29314790000000.0,2273589000000.0,0.3598231,1.958488e-06,6.064972e-07,-1.302585e-06,6.324843e-07,2.426453e-06,-3.209126e-06,-2.509688e-06,4.834123e-06,1230523000000.0,113600000000000.0,1.395418,26970000000000.0,-1.16622
676,0.7561,26.06488,7.013383000000002,2387.353,1167.738,326.9477,-84.44867,229.4702,-79.86413,64973110000000.0,54112220000000.0,5596400000000.0,0.6669564,4.518355e-06,-1.316374e-07,-4.524297e-06,-6.175261e-08,4.068252e-06,-8.93035e-06,-7.31276e-06,9.602227e-06,48249260000000.0,4677252000000.0,0.5756333,4.120723e-06,-1.169363e-07,-4.122403e-06,-5.385107e-08,3.711282e-06,-8.140681e-06,-6.665243e-06,8.757173e-06,25758570000000.0,2148188000000.0,0.3440847,2.568257e-06,-6.703978e-08,-2.5621e-06,-2.914627e-08,2.314387e-06,-5.066453e-06,-4.146434e-06,5.456905e-06,1632025000000.0,81380000000000.0,1.519602,21040000000000.0,-1.259
678,0.7602,26.64273,5.495043999999997,2392.909,1200.512,257.5485,164.1739,-176.3676,418.8447,66318710000000.0,40656250000000.0,4112352000000.0,0.6040818,3.452252e-06,-7.887607e-07,-4.144405e-06,-7.284892e-07,2.430893e-06,-7.515808e-06,-6.278469e-06,6.657151e-06,28834220000000.0,2756946000000.0,0.4838643,2.640476e-06,-5.893003e-07,-3.155516e-06,-5.435616e-07,1.872105e-06,-5.734115e-06,-4.787626e-06,5.103963e-06,8169696000000.0,551546900000.0,0.2368484,8.258485e-07,-1.779838e-07,-9.804442e-07,-1.638366e-07,5.91345e-07,-1.786922e-06,-1.490849e-06,1.601884e-06,1318076000000.0,39680000000000.0,1.243959,8398000000000.0,-0.9933
679,0.7626,25.57611,5.984123000000002,2419.056,1157.777,281.1216,-32.05427,280.8572,-64.88593,51709370000000.0,49979310000000.0,4617599000000.0,0.652417,3.404926e-06,-5.842253e-07,-3.891757e-06,-5.279058e-07,2.583275e-06,-7.214842e-06,-5.994659e-06,6.74859e-06,47288120000000.0,4083599000000.0,0.5710662,3.18768e-06,-5.315079e-07,-3.627524e-06,-4.792822e-07,2.432301e-06,-6.738558e-06,-5.596074e-06,6.331026e-06,35754430000000.0,2650430000000.0,0.3838519,2.49008e-06,-3.816524e-07,-2.798914e-06,-3.421189e-07,1.929534e-06,-5.229061e-06,-4.336211e-06,4.972968e-06,1422411000000.0,106700000000000.0,1.530276,27780000000000.0,-1.27215
680,0.7611,26.2863,5.947816000000001,2400.58,1185.727,278.946,-152.1039,217.287,252.4227,44693040000000.0,37484490000000.0,3645054000000.0,0.5867043,2.52657e-06,7.748992e-08,-2.38177e-06,1.172172e-07,2.431254e-06,-4.84523e-06,-3.94145e-06,5.530751e-06,34216610000000.0,3199888000000.0,0.5136332,2.355051e-06,7.014389e-08,-2.221805e-06,1.068126e-07,2.262955e-06,-4.518002e-06,-3.675468e-06,5.151422e-06,25566340000000.0,2056744000000.0,0.3422749,1.823291e-06,4.951524e-08,-1.723977e-06,7.695144e-08,1.744137e-06,-3.501638e-06,-2.849058e-06,3.978787e-06,1138779000000.0,162500000000000.0,1.486225,41090000000000.0,-1.255177
681,0.7642,26.08126,6.178141,2411.806,1180.554,290.6739,-151.8286,38.66949,206.626,41713500000000.0,36811690000000.0,3432542000000.0,0.5837763,2.179989e-06,4.986835e-07,-1.626336e-06,5.315728e-07,2.53181e-06,-3.749572e-06,-2.9712e-06,5.211884e-06,33063240000000.0,2939257000000.0,0.5055705,2.000425e-06,4.45112e-07,-1.504601e-06,4.750148e-07,2.309882e-06,-3.452936e-06,-2.738591e-06,4.768735e-06,21048980000000.0,1598955000000.0,0.3204903,1.36163e-06,2.771843e-07,-1.049277e-06,2.968682e-07,1.544333e-06,-2.375421e-06,-1.88898e-06,3.216877e-06,1185336000000.0,109000000000000.0,1.317343,24430000000000.0,-1.08306
682,0.7633,26.25759,6.664437000000006,2403.172,1185.509,313.1036,-264.2363,-362.8574,-452.4707,408388700000000.0,251818900000000.0,29663070000000.0,1.105806,6.630128e-05,2.084039e-05,-4.324816e-05,2.062639e-05,7.971861e-05,-0.0001075499,-8.370522e-05,0.0001602601,225195300000000.0,25787820000000.0,0.958882,6.140201e-05,1.869465e-05,-4.062899e-05,1.846684e-05,7.312779e-05,-0.0001001773,-7.808518e-05,0.0001476652,151379700000000.0,15610120000000.0,0.6192327,4.579585e-05,1.263964e-05,-3.153261e-05,1.239488e-05,5.300002e-05,-7.594115e-05,-5.944001e-05,0.0001084599,4817295000000.0,171100000000000.0,4.675305,136100000000000.0,-4.222
683,0.7648,25.472440000000002,6.0782569999999945,2425.909,1155.667,286.1387,-389.98,456.6692,-289.7448,73911720000000.0,62089690000000.0,6482546000000.0,0.6946619,5.713469e-06,1.837032e-06,-3.731381e-06,1.904059e-06,7.127768e-06,-9.294094e-06,-7.25145e-06,1.414873e-05,54881130000000.0,5534777000000.0,0.6011156,5.264361e-06,1.644421e-06,-3.485193e-06,1.705157e-06,6.515915e-06,-8.610506e-06,-6.728141e-06,1.298314e-05,34120490000000.0,3078290000000.0,0.3773821,3.719237e-06,1.054185e-06,-2.567032e-06,1.094405e-06,4.487072e-06,-6.187704e-06,-4.857061e-06,9.051308e-06,1736648000000.0,141600000000000.0,1.875776,45190000000000.0,-1.587
684,0.7648,26.07647,6.498581999999994,2412.108,1180.451,305.9029,-683.1803,127.3795,-222.2299,104956600000000.0,90731680000000.0,10753960000000.0,0.786392,1.167337e-05,8.917246e-06,-2.491156e-06,8.961292e-06,1.960669e-05,-1.380456e-05,-9.646133e-06,3.400901e-05,84003690000000.0,9550723000000.0,0.6897117,1.10042e-05,8.189834e-06,-2.562122e-06,8.229035e-06,1.825886e-05,-1.322673e-05,-9.306007e-06,3.183128e-05,61609120000000.0,6179383000000.0,0.4590194,8.603782e-06,5.874889e-06,-2.524768e-06,5.898936e-06,1.372584e-05,-1.08624e-05,-7.794957e-06,2.43255e-05,2192985000000.0,156100000000000.0,2.343896,62250000000000.0,-2.00871
685,0.7633,25.45057,5.935693000000005,2423.379,1153.327,279.0365,-252.196,381.1558,26.06488,63531400000000.0,56707300000000.0,5646236000000.0,0.6768172,4.645234e-06,5.187879e-07,-4.000835e-06,5.832865e-07,4.828065e-06,-8.527964e-06,-6.865541e-06,1.052342e-05,52670510000000.0,4910566000000.0,0.5908866,4.308114e-06,4.679394e-07,-3.722918e-06,5.270001e-07,4.462035e-06,-7.921435e-06,-6.379435e-06,9.742758e-06,35177750000000.0,2898437000000.0,0.3807056,3.181936e-06,3.153677e-07,-2.777963e-06,3.569804e-07,3.258913e-06,-5.878801e-06,-4.73929e-06,7.155774e-06,1584402000000.0,129600000000000.0,1.750135,38590000000000.0,-1.457772
686,0.7623,26.43256,6.9424360000000025,2395.595,1190.881,325.754,-99.79231,-314.9958,-531.6949,275655100000000.0,233172700000000.0,29843160000000.0,1.078783,6.020377e-05,1.237946e-05,-4.568378e-05,1.230034e-05,6.586211e-05,-0.0001041709,-8.246715e-05,0.0001387672,213853800000000.0,26670690000000.0,0.9427768,5.710671e-05,1.143139e-05,-4.36232e-05,1.133411e-05,6.209227e-05,-9.910015e-05,-7.850582e-05,0.0001312081,151956300000000.0,17606560000000.0,0.6195705,4.575033e-05,8.359752e-06,-3.568144e-05,8.214924e-06,4.873459e-05,-8.01217e-05,-6.36015e-05,0.0001039891,4458263000000.0,344000000000000.0,4.937888,289000000000000.0,-4.425
687,0.7626,26.19961,6.632920000000001,2402.766,1182.287,311.4015,285.3556,171.8342,-136.4277,60744090000000.0,46807550000000.0,4066490000000.0,0.632343,3.631449e-06,-2.177708e-06,-5.693799e-06,-2.106988e-06,1.20264e-06,-9.247425e-06,-7.941284e-06,5.624174e-06,42770760000000.0,3415249000000.0,0.5511371,3.271784e-06,-1.906696e-06,-5.073954e-06,-1.843597e-06,1.136906e-06,-8.275583e-06,-7.098619e-06,5.119519e-06,27392510000000.0,1825939000000.0,0.3517619,2.18471e-06,-1.164262e-06,-3.277834e-06,-1.12353e-06,8.63652e-07,-5.415615e-06,-4.62928e-06,3.520736e-06,1388780000000.0,104900000000000.0,1.734712,30960000000000.0,-1.397
688,0.7639,25.70599,5.6781600000000045,2420.85,1165.388,267.1394,-426.8131,87.4188,91.97997,58821810000000.0,36907800000000.0,3905186000000.0,0.5833896,2.995121e-06,2.194458e-06,-7.341293e-07,2.22824e-06,4.98006e-06,-3.644224e-06,-2.577797e-06,8.678181e-06,32294330000000.0,3252713000000.0,0.502897,2.674652e-06,1.905254e-06,-7.095348e-07,1.934988e-06,4.391386e-06,-3.308219e-06,-2.355768e-06,7.693048e-06,21914010000000.0,1790744000000.0,0.3249494,1.80847e-06,1.177791e-06,-5.891776e-07,1.196895e-06,2.85553e-06,-2.346199e-06,-1.7019e-06,5.086182e-06,1165179000000.0,138200000000000.0,1.517465,35680000000000.0,-1.286545
689,0.7633,25.22199,6.018101000000005,2427.362,1143.368,282.8691,-428.4151,566.0481,-186.9584,34312720000000.0,23740170000000.0,2258409000000.0,0.5149231,1.220958e-06,6.02648e-07,-5.920125e-07,6.214757e-07,1.747637e-06,-1.782201e-06,-1.346487e-06,3.255664e-06,21817890000000.0,1861890000000.0,0.4441151,1.084431e-06,5.20466e-07,-5.404365e-07,5.370607e-07,1.536969e-06,-1.597486e-06,-1.210471e-06,2.876095e-06,15570480000000.0,1007941000000.0,0.2944288,7.296198e-07,3.249884e-07,-3.88482e-07,3.359088e-07,1.008045e-06,-1.099588e-06,-8.391535e-07,1.908514e-06,814525300000.0,44350000000000.0,0.9275646,6999000000000.0,-0.724581
690,0.7614,26.268260000000005,6.750703999999997,2397.854,1183.441,316.5212,338.2282,306.2077,-459.687,70355500000000.0,20760640000000.0,1878545000000.0,0.4844545,1.963126e-06,-1.464963e-06,-3.365914e-06,-1.424092e-06,3.667516e-07,-5.289683e-06,-4.582692e-06,2.756587e-06,17108300000000.0,1314394000000.0,0.4062158,1.526971e-06,-1.120731e-06,-2.599154e-06,-1.089121e-06,3.034426e-07,-4.095485e-06,-3.54552e-06,2.16201e-06,12206490000000.0,604736500000.0,0.2750548,8.794411e-07,-6.18902e-07,-1.470099e-06,-6.009714e-07,2.004472e-07,-2.331854e-06,-2.015034e-06,1.270397e-06,768143600000.0,53960000000000.0,1.527137,14020000000000.0,-1.15929
691,0.7608,26.588470000000004,7.134695000000004,2387.422,1194.931,334.1787,121.1617,-168.5479,-241.7849,29891470000000.0,22875150000000.0,1963801000000.0,0.4988403,1.153588e-06,-8.845271e-09,-1.133257e-06,1.148817e-08,1.072054e-06,-2.258266e-06,-1.846135e-06,2.48991e-06,20183950000000.0,1602660000000.0,0.4296957,1.025101e-06,-7.649202e-09,-1.0067e-06,1.029702e-08,9.524635e-07,-2.006395e-06,-1.640132e-06,2.212189e-06,14032650000000.0,851112200000.0,0.2806635,6.814993e-07,-4.696621e-09,-6.686219e-07,6.978934e-09,6.327736e-07,-1.333212e-06,-1.08964e-06,1.46982e-06,815956500000.0,49270000000000.0,0.9925276,8320000000000.0,-0.7465505
692,0.762,25.84983,5.613516999999995,2413.013,1169.086,263.5429,-96.54967,-44.90821,35.56319,31333190000000.0,26239140000000.0,2144299000000.0,0.5207956,1.204441e-06,3.565766e-07,-8.187032e-07,3.759951e-07,1.483974e-06,-1.991564e-06,-1.562046e-06,2.9669e-06,23836290000000.0,1769899000000.0,0.4536683,1.062098e-06,3.075372e-07,-7.287504e-07,3.245602e-07,1.301376e-06,-1.762999e-06,-1.38421e-06,2.608882e-06,12398710000000.0,746839200000.0,0.2704418,5.906628e-07,1.597671e-07,-4.163725e-07,1.690561e-07,7.119016e-07,-9.91544e-07,-7.808321e-07,1.438749e-06,972947300000.0,45850000000000.0,0.9732371,7592000000000.0,-0.747252
693,0.7611,26.31479,6.866190999999994,2395.839,1184.867,321.8464,380.9817,136.7785,-501.3013,37676710000000.0,34697180000000.0,3082387000000.0,0.5727025,1.794413e-06,-1.595587e-06,-3.337133e-06,-1.556622e-06,8.70915e-08,-5.095309e-06,-4.450125e-06,2.278179e-06,31044840000000.0,2671141000000.0,0.495905,1.661741e-06,-1.43415e-06,-3.046674e-06,-1.398285e-06,1.233771e-07,-4.674796e-06,-4.077266e-06,2.152048e-06,21145090000000.0,1582070000000.0,0.3214658,1.223956e-06,-9.656818e-07,-2.152776e-06,-9.398019e-07,1.797268e-07,-3.351839e-06,-2.911603e-06,1.672956e-06,1100595000000.0,79190000000000.0,1.133367,15270000000000.0,-0.9345182
694,0.7608,26.43087,5.945145,2396.639,1191.311,278.7102,2.005495,-252.6762,75.87862,181078900000000.0,173870300000000.0,22431470000000.0,0.9796673,3.363224e-05,3.14717e-06,-2.935259e-05,3.351426e-06,3.356097e-05,-6.209546e-05,-4.999259e-05,7.441019e-05,163682300000000.0,20255200000000.0,0.8638585,3.237445e-05,2.972571e-06,-2.830549e-05,3.162599e-06,3.222817e-05,-5.982357e-05,-4.817122e-05,7.153865e-05,120719300000000.0,13277320000000.0,0.5742721,2.653671e-05,2.26498e-06,-2.335092e-05,2.39746e-06,2.617191e-05,-4.918469e-05,-3.962604e-05,5.835487e-05,3637367000000.0,109000000000000.0,3.026707,56130000000000.0,-2.5839
695,0.7639,26.71751,5.892768999999998,2398.628,1207.303,277.1593,-324.9031,-503.3132,-144.5491,71412750000000.0,66991500000000.0,7236457000000.0,0.7112797,6.014861e-06,5.453705e-06,-4.340924e-07,5.494882e-06,1.100877e-05,-6.266718e-06,-4.127234e-06,1.844686e-05,62570260000000.0,6490240000000.0,0.6266965,5.69225e-06,5.036251e-06,-5.348298e-07,5.074362e-06,1.029052e-05,-6.054513e-06,-4.029538e-06,1.732808e-05,44693040000000.0,4142648000000.0,0.4140428,4.382435e-06,3.566178e-06,-7.203038e-07,3.593005e-06,7.603118e-06,-4.969609e-06,-3.409859e-06,1.301667e-05,1765226000000.0,105200000000000.0,1.689538,30240000000000.0,-1.43946
696,0.7614,25.93745,6.419755999999997,2406.252,1170.358,301.0708,-132.6245,660.355,-118.7787,279980300000000.0,112261200000000.0,12648680000000.0,0.8468541,1.87151e-05,-3.231852e-06,-2.130433e-05,-3.008191e-06,1.386576e-05,-3.958813e-05,-3.283863e-05,3.656937e-05,96498520000000.0,10565330000000.0,0.7246217,1.67693e-05,-2.793212e-06,-1.898039e-05,-2.599242e-06,1.250635e-05,-3.536266e-05,-2.931298e-05,3.283863e-05,72662230000000.0,6343087000000.0,0.4850072,1.216213e-05,-1.849564e-06,-1.357709e-05,-1.721596e-06,9.206416e-06,-2.545747e-05,-2.106604e-05,2.393127e-05,2610074000000.0,153100000000000.0,3.03978,79180000000000.0,-2.845
697,0.7608,25.221440000000005,5.7497110000000005,2422.191,1140.904,269.5902,-219.7107,451.6997,178.9783,51324910000000.0,44693040000000.0,4301987000000.0,0.6238457,3.185311e-06,-7.680337e-08,-3.176059e-06,-2.677169e-08,2.888264e-06,-6.283684e-06,-5.143086e-06,6.793246e-06,38830080000000.0,3622604000000.0,0.5339067,2.897797e-06,-6.764499e-08,-2.88658e-06,-2.268027e-08,2.627993e-06,-5.713635e-06,-4.675836e-06,6.179534e-06,26143030000000.0,2119188000000.0,0.3463583,2.093911e-06,-4.453326e-08,-2.080178e-06,-1.328914e-08,1.899256e-06,-4.122834e-06,-3.372577e-06,4.463383e-06,1346154000000.0,122600000000000.0,1.547551,32280000000000.0,-1.27413
698,0.7636,25.91654,5.051452999999999,2417.827,1174.896,237.6173,-130.5584,13.92602,207.7071,40560140000000.0,39983450000000.0,3622045000000.0,0.6126619,2.353525e-06,5.00714e-07,-1.792356e-06,5.353493e-07,2.69253e-06,-4.084638e-06,-3.243955e-06,5.584026e-06,38445630000000.0,3265815000000.0,0.5324988,2.238931e-06,4.624058e-07,-1.718721e-06,4.950552e-07,2.546541e-06,-3.899378e-06,-3.099535e-06,5.296745e-06,30372040000000.0,2337442000000.0,0.3627083,1.889284e-06,3.582274e-07,-1.481511e-06,3.849866e-07,2.114356e-06,-3.321587e-06,-2.646408e-06,4.433743e-06,1163918000000.0,158700000000000.0,1.411815,38120000000000.0,-1.21374
699,0.762,26.075470000000003,6.507221999999997,2404.474,1176.663,305.3411,149.6757,103.411,-72.16988,61224660000000.0,48825950000000.0,4570151000000.0,0.6406342,3.961159e-06,-1.269234e-06,-5.111345e-06,-1.199938e-06,2.414292e-06,-8.980599e-06,-7.55916e-06,7.249969e-06,42194080000000.0,3659900000000.0,0.5486528,3.477784e-06,-1.084396e-06,-4.457067e-06,-1.024186e-06,2.147647e-06,-7.85414e-06,-6.605961e-06,6.392216e-06,24412970000000.0,1622165000000.0,0.3381337,2.044909e-06,-5.90288e-07,-2.572332e-06,-5.560126e-07,1.306574e-06,-4.569747e-06,-3.835473e-06,3.800524e-06,1557548000000.0,37730000000000.0,1.419478,9112000000000.0,-1.057019
701,0.7626,25.38001,5.8833110000000035,2423.291,1149.627,276.3847,-486.9364,558.4465,143.3152,44981380000000.0,34216610000000.0,2776280000000.0,0.5780597,1.612941e-06,8.054803e-07,-7.720444e-07,8.288761e-07,2.314491e-06,-2.343844e-06,-1.76813e-06,4.305577e-06,31140960000000.0,2377127000000.0,0.4964438,1.464513e-06,7.049763e-07,-7.270743e-07,7.259877e-07,2.074306e-06,-2.154142e-06,-1.631365e-06,3.881675e-06,19703380000000.0,1353908000000.0,0.3161153,1.029338e-06,4.493357e-07,-5.565766e-07,4.636196e-07,1.410092e-06,-1.559437e-06,-1.191903e-06,2.679419e-06,1107592000000.0,125900000000000.0,1.269828,27200000000000.0,-1.103
702,0.7608,26.8907,5.681757000000004,2387.937,1210.982,266.3837,316.1846,-341.7049,612.1403,45654180000000.0,37292260000000.0,3875553000000.0,0.5894074,2.709892e-06,-1.115072e-06,-3.748599e-06,-1.064734e-06,1.415627e-06,-6.399782e-06,-5.426495e-06,4.73081e-06,34408840000000.0,3371493000000.0,0.5167726,2.50686e-06,-1.003003e-06,-3.438769e-06,-9.568191e-07,1.336797e-06,-5.891213e-06,-4.990762e-06,4.402867e-06,26143030000000.0,2094038000000.0,0.3448353,1.893584e-06,-6.957856e-07,-2.53458e-06,-6.618475e-07,1.068438e-06,-4.386831e-06,-3.706443e-06,3.382654e-06,1127345000000.0,130100000000000.0,1.451561,32130000000000.0,-1.193201
705,0.7611,26.8419,5.7538490000000015,2389.345,1209.139,269.8291,92.76321,-434.6586,-88.68688,157531000000000.0,141191600000000.0,17025350000000.0,0.9155724,2.442125e-05,2.942753e-06,-2.068549e-05,3.105117e-06,2.509248e-05,-4.446013e-05,-3.567967e-05,5.480407e-05,128985100000000.0,15095570000000.0,0.7965758,2.304619e-05,2.702932e-06,-1.958848e-05,2.849504e-06,2.358442e-05,-4.202413e-05,-3.373597e-05,5.161181e-05,94864580000000.0,9970038000000.0,0.5306834,1.8254e-05,1.964531e-06,-1.567381e-05,2.062105e-06,1.844537e-05,-3.344324e-05,-2.687266e-05,4.061339e-05,3048326000000.0,208200000000000.0,3.257819,115400000000000.0,-2.83041
706,0.7623,24.9171,6.083533000000004,2430.992,1129.311,285.6833,-289.9503,509.2935,-3.28849,39214540000000.0,38445630000000.0,2991712000000.0,0.5965996,1.665541e-06,2.219151e-07,-1.403186e-06,2.494495e-07,1.781084e-06,-3.027689e-06,-2.432466e-06,3.83064e-06,37388370000000.0,2698778000000.0,0.5301961,1.575587e-06,2.046309e-07,-1.332513e-06,2.305218e-07,1.679058e-06,-2.869237e-06,-2.306126e-06,3.617615e-06,24220740000000.0,1576764000000.0,0.3370412,1.155791e-06,1.360355e-07,-9.909809e-07,1.545296e-07,1.215939e-06,-2.118149e-06,-1.704953e-06,2.637046e-06,1180665000000.0,63150000000000.0,1.074074,11540000000000.0,-0.907533
707,0.763,24.90867,6.415769999999999,2430.569,1128.68,301.34,-167.7607,170.7881,-107.3195,50363770000000.0,49979310000000.0,4829435000000.0,0.7084485,3.132034e-06,6.3556e-07,-2.415423e-06,6.810499e-07,3.550413e-06,-5.466026e-06,-4.34702e-06,7.397305e-06,48441490000000.0,4218028000000.0,0.5749427,2.93786e-06,5.70895e-07,-2.290403e-06,6.130169e-07,3.30328e-06,-5.151852e-06,-4.102052e-06,6.910756e-06,35754430000000.0,2967553000000.0,0.3838099,2.448603e-06,4.356722e-07,-1.948077e-06,4.697077e-07,2.709587e-06,-4.332946e-06,-3.457643e-06,5.714494e-06,1383927000000.0,141900000000000.0,1.437305,34700000000000.0,-1.27512
708,0.7608,26.66284,5.620536000000001,2393.487,1201.854,263.5777,42.78428,-259.8127,211.6377,88521050000000.0,81504730000000.0,8476111000000.0,0.7629118,8.051889e-06,7.095348e-07,-7.111274e-06,8.098802e-07,8.140116e-06,-1.495668e-05,-1.207181e-05,1.798978e-05,76026230000000.0,7536534000000.0,0.6692046,7.584302e-06,6.507423e-07,-6.714531e-06,7.438465e-07,7.645311e-06,-1.410427e-05,-1.138649e-05,1.692062e-05,49787090000000.0,4608495000000.0,0.4281119,5.716159e-06,4.46831e-07,-5.100211e-06,5.128102e-07,5.70519e-06,-1.066954e-05,-8.619884e-06,1.268882e-05,2084891000000.0,131400000000000.0,2.027199,45320000000000.0,-1.747
709,0.7636,26.06398,6.315081000000004,2409.681,1178.613,296.8631,-95.43121,94.59527,210.2155,47095890000000.0,39310650000000.0,3890562000000.0,0.5984426,2.893134e-06,1.267194e-07,-2.688599e-06,1.714088e-07,2.819734e-06,-5.508715e-06,-4.473944e-06,6.367906e-06,35658320000000.0,3307048000000.0,0.5188103,2.645091e-06,1.12597e-07,-2.46093e-06,1.530194e-07,2.573337e-06,-5.039245e-06,-4.093055e-06,5.816582e-06,26335250000000.0,1989323000000.0,0.3471124,1.954198e-06,7.655628e-08,-1.823802e-06,1.054118e-07,1.891344e-06,-3.728627e-06,-3.029265e-06,4.285788e-06,1199761000000.0,110300000000000.0,1.495251,28060000000000.0,-1.20087
710,0.7623,26.17393,6.588416999999997,2403.145,1181.136,309.2743,363.2885,562.0559,-7.283349,55842270000000.0,53823880000000.0,5589559000000.0,0.6628854,4.295245e-06,-4.60114e-06,-8.747737e-06,-4.502794e-06,-5.958893e-07,-1.29658e-05,-1.141393e-05,4.6103e-06,50171540000000.0,4972242000000.0,0.5860785,4.057561e-06,-4.250464e-06,-8.167024e-06,-4.158107e-06,-4.686231e-07,-1.215158e-05,-1.068544e-05,4.448531e-06,37965060000000.0,3164448000000.0,0.3921143,3.144791e-06,-3.04374e-06,-6.077549e-06,-2.973796e-06,-1.17918e-07,-9.165497e-06,-8.028737e-06,3.690312e-06,1499533000000.0,73240000000000.0,1.479839,18440000000000.0,-1.18503
711,0.767,25.5175,6.273064999999999,2429.869,1159.899,295.9751,-466.3788,317.0441,-162.424,44404700000000.0,41136820000000.0,3798824000000.0,0.6068666,2.441517e-06,1.730613e-06,-6.574137e-07,1.760297e-06,4.005742e-06,-3.031595e-06,-2.161754e-06,7.021063e-06,38061170000000.0,3332054000000.0,0.5291339,2.28397e-06,1.572915e-06,-6.60665e-07,1.600373e-06,3.70019e-06,-2.881584e-06,-2.067794e-06,6.520348e-06,25662460000000.0,2042307000000.0,0.3430799,1.738109e-06,1.091992e-06,-6.068468e-07,1.112054e-06,2.708072e-06,-2.296835e-06,-1.677316e-06,4.852665e-06,1245212000000.0,113000000000000.0,1.334169,25650000000000.0,-1.12365
712,0.7695,26.26858,6.473176999999997,2420.056,1194.415,306.205,-687.0065,-489.4072,-139.5288,30756500000000.0,27776970000000.0,2401748000000.0,0.5416046,1.306576e-06,3.105471e-06,1.815218e-06,3.112705e-06,4.32462e-06,5.507446e-07,1.012753e-06,5.959619e-06,26335250000000.0,2086656000000.0,0.469857,1.21199e-06,2.799245e-06,1.60261e-06,2.805815e-06,3.929609e-06,4.2975e-07,8.583306e-07,5.445906e-06,18838360000000.0,1281432000000.0,0.3088605,8.916607e-07,1.882416e-06,1.002561e-06,1.886896e-06,2.712724e-06,1.398541e-07,4.552157e-07,3.827437e-06,952194300000.0,92270000000000.0,1.095645,17200000000000.0,-0.898524
713,0.7698,25.01999,6.847653000000001,2443.951,1140.671,323.8779,-171.6369,143.304,-382.2979,110915600000000.0,99574170000000.0,10900640000000.0,0.8098276,1.205405e-05,2.205957e-06,-9.499022e-06,2.324153e-06,1.326752e-05,-2.123362e-05,-1.691379e-05,2.800742e-05,92942300000000.0,9733526000000.0,0.7124312,1.13882e-05,2.032077e-06,-9.024052e-06,2.141415e-06,1.247516e-05,-2.011031e-05,-1.602838e-05,2.639688e-05,66030360000000.0,6137852000000.0,0.4694802,8.90501e-06,1.461016e-06,-7.17781e-06,1.539817e-06,9.605646e-06,-1.584635e-05,-1.26524e-05,2.048037e-05,2363891000000.0,121700000000000.0,2.316276,47960000000000.0,-1.98396
714,0.7661,25.28637,7.0054460000000045,2428.458,1147.22,330.0339,-144.5274,489.3549,-589.3704,35177750000000.0,21048980000000.0,2086787000000.0,0.4830043,1.232245e-06,-2.154553e-08,-1.224516e-06,2.185184e-10,1.134839e-06,-2.428271e-06,-1.987272e-06,2.651704e-06,20280070000000.0,1846286000000.0,0.4366069,1.133653e-06,-1.939803e-08,-1.125971e-06,5.163979e-10,1.044078e-06,-2.233365e-06,-1.827633e-06,2.439344e-06,16051050000000.0,1115675000000.0,0.2925617,8.101296e-07,-1.274419e-08,-8.031052e-07,1.171588e-09,7.461241e-07,-1.594342e-06,-1.304344e-06,1.742545e-06,721980000000.0,85480000000000.0,1.04103,15140000000000.0,-0.848529
718,0.7683,25.75848,6.939738999999999,2424.491,1169.878,327.6603,-304.5669,183.748,-650.6094,35369980000000.0,28449760000000.0,2627027000000.0,0.5366676,1.701176e-06,1.202587e-06,-4.628113e-07,1.225019e-06,2.792544e-06,-2.118765e-06,-1.512348e-06,4.895546e-06,27392510000000.0,2362606000000.0,0.489875,1.602813e-06,1.111618e-06,-4.573044e-07,1.13261e-06,2.609145e-06,-2.017462e-06,-1.44608e-06,4.590254e-06,17684990000000.0,1282020000000.0,0.3049206,1.10685e-06,6.976849e-07,-3.850965e-07,7.116411e-07,1.729962e-06,-1.462332e-06,-1.067636e-06,3.096961e-06,941971700000.0,122000000000000.0,1.274288,26450000000000.0,-1.03158
719,0.7661,26.1145,6.360641000000002,2414.687,1183.701,299.773,-805.2612,-279.1751,39.14287,34024380000000.0,29314790000000.0,2246296000000.0,0.5410974,1.33094e-06,3.129947e-06,1.815549e-06,3.137666e-06,4.372596e-06,5.274176e-07,9.980055e-07,6.038245e-06,25854680000000.0,1811075000000.0,0.4662971,1.167857e-06,2.677598e-06,1.524446e-06,2.684242e-06,3.767503e-06,3.94217e-07,8.07161e-07,5.22875e-06,8554152000000.0,531568800000.0,0.2432605,5.403625e-07,1.137242e-06,6.039886e-07,1.1401e-06,1.640748e-06,8.113166e-08,2.722347e-07,2.316364e-06,1088751000000.0,25970000000000.0,0.9301901,4110000000000.0,-0.678249
721,0.7679,25.31079,6.824558000000003,2433.748,1150.988,322.1949,-141.3676,221.8467,-264.2334,37580600000000.0,31237070000000.0,2722841000000.0,0.550741,1.635006e-06,2.682121e-07,-1.325705e-06,2.941407e-07,1.795348e-06,-2.919087e-06,-2.335061e-06,3.805438e-06,28738110000000.0,2394677000000.0,0.4826339,1.51622e-06,2.412206e-07,-1.236679e-06,2.650539e-07,1.656719e-06,-2.714278e-06,-2.172622e-06,3.520405e-06,21625660000000.0,1556272000000.0,0.3281351,1.167626e-06,1.698792e-07,-9.677157e-07,1.877178e-07,1.258272e-06,-2.105556e-06,-1.688281e-06,2.692591e-06,993651300000.0,122000000000000.0,1.263207,26220000000000.0,-1.063
722,0.7654,25.90451,6.726979000000003,2416.196,1173.477,316.8248,-322.1357,362.6314,-501.0197,36138890000000.0,27873080000000.0,2335694000000.0,0.5308345,1.395762e-06,7.37069e-07,-6.282221e-07,7.576224e-07,2.043853e-06,-1.988049e-06,-1.490112e-06,3.767292e-06,25278000000000.0,1982275000000.0,0.4658348,1.264758e-06,6.501353e-07,-5.868207e-07,6.686081e-07,1.83374e-06,-1.818967e-06,-1.367735e-06,3.395109e-06,16243280000000.0,1035147000000.0,0.2949631,8.454892e-07,3.970978e-07,-4.293548e-07,4.090794e-07,1.18707e-06,-1.252935e-06,-9.512071e-07,2.230107e-06,954652900000.0,67930000000000.0,1.095403,12660000000000.0,-0.87516
723,0.7692,25.52628,6.952578999999995,2431.588,1161.177,328.5936,-375.7732,183.7728,-729.407,32486550000000.0,22010120000000.0,1876154000000.0,0.4900523,1.213656e-06,1.1803e-06,-1.026396e-08,1.195579e-06,2.316493e-06,-1.19139e-06,-7.591406e-07,3.820809e-06,18742240000000.0,1484465000000.0,0.4180385,1.070878e-06,1.010615e-06,-3.968033e-08,1.023951e-06,2.012612e-06,-1.081786e-06,-7.003658e-07,3.339627e-06,13552080000000.0,800969900000.0,0.2771848,7.077406e-07,6.1842e-07,-7.535328e-08,6.26964e-07,1.279676e-06,-7.639673e-07,-5.118407e-07,2.15611e-06,797646800000.0,90520000000000.0,1.160331,17870000000000.0,-0.921
724,0.7658,26.088920000000005,6.639543999999997,2413.271,1181.67,312.7815,-706.0813,56.26255,-705.8972,45654180000000.0,28545880000000.0,2602923000000.0,0.5418114,1.979959e-06,3.281625e-06,1.330878e-06,3.295738e-06,5.127733e-06,-5.894681e-07,1.129502e-07,7.596838e-06,25854680000000.0,2077404000000.0,0.4678537,1.706055e-06,2.763785e-06,1.083199e-06,2.77574e-06,4.353748e-06,-5.713883e-07,3.388875e-08,6.480801e-06,14609340000000.0,899240900000.0,0.2848094,9.630388e-07,1.445494e-06,4.974179e-07,1.451824e-06,2.341482e-06,-4.363863e-07,-9.464733e-08,3.541216e-06,1013950000000.0,47140000000000.0,1.175899,9430999000000.0,-0.896148
726,0.773,25.73033,6.925866000000004,2437.476,1174.668,328.6724,-309.9036,19.8849,-430.5034,29218680000000.0,21145090000000.0,1626603000000.0,0.4863986,9.86201e-07,9.843642e-07,1.794563e-08,9.976456e-07,1.908322e-06,-9.409202e-07,-5.901526e-07,3.129486e-06,18165560000000.0,1275314000000.0,0.4136428,8.447881e-07,8.192612e-07,-8.462385e-09,8.305372e-07,1.610387e-06,-8.298116e-07,-5.293169e-07,2.65625e-06,11053120000000.0,596397100000.0,0.2624246,5.094189e-07,4.599128e-07,-3.902758e-08,4.665483e-07,9.364176e-07,-5.342791e-07,-3.530355e-07,1.566773e-06,793152500000.0,38150000000000.0,0.9230104,5991000000000.0,-0.68112
727,0.7733,27.01243,6.541314000000005,2413.516,1230.407,310.6363,-42.06026,-568.1478,27.52185,40848480000000.0,30660390000000.0,2831007000000.0,0.5466443,1.867164e-06,1.353752e-06,-4.731182e-07,1.377611e-06,3.096647e-06,-2.289001e-06,-1.62398e-06,5.403695e-06,27969190000000.0,2368771000000.0,0.477886,1.688663e-06,1.195428e-06,-4.565685e-07,1.216806e-06,2.771031e-06,-2.098817e-06,-1.49732e-06,4.857148e-06,17396650000000.0,1173224000000.0,0.3000122,1.075377e-06,6.992187e-07,-3.522672e-07,7.123425e-07,1.700961e-06,-1.398006e-06,-1.01483e-06,3.028534e-06,1025897000000.0,57550000000000.0,1.165312,11410000000000.0,-0.906345
728,0.7701,25.4672,6.609726999999998,2437.122,1160.736,312.7981,-447.5023,19.76251,-91.97398,43251330000000.0,36907800000000.0,2960623000000.0,0.5829798,2.027398e-06,1.930978e-06,-5.430105e-08,1.952956e-06,3.819171e-06,-2.022773e-06,-1.301914e-06,6.327607e-06,33928270000000.0,2517185000000.0,0.5126223,1.837217e-06,1.70519e-06,-9.360099e-08,1.72486e-06,3.415452e-06,-1.877394e-06,-1.224084e-06,5.688138e-06,17492760000000.0,1119226000000.0,0.3015692,1.082851e-06,9.144993e-07,-1.450967e-07,9.255123e-07,1.920615e-06,-1.196403e-06,-8.111746e-07,3.259085e-06,1225339000000.0,95810000000000.0,1.387662,22620000000000.0,-1.12167
729,0.7711,25.38582,6.692816999999997,2440.64,1158.161,317.0091,-508.862,47.04124,-337.173,70836070000000.0,43539670000000.0,4965345000000.0,0.614035,4.520607e-06,3.792748e-06,-6.314599e-07,3.829273e-06,7.976435e-06,-5.017817e-06,-3.409309e-06,1.3565e-05,34120490000000.0,3672805000000.0,0.5116971,3.697571e-06,3.035934e-06,-5.821902e-07,3.065245e-06,6.456064e-06,-4.169891e-06,-2.854069e-06,1.102613e-05,21048980000000.0,1612165000000.0,0.3196244,2.114101e-06,1.624414e-06,-4.431128e-07,1.640075e-06,3.576282e-06,-2.494285e-06,-1.741636e-06,6.187238e-06,1384562000000.0,77570000000000.0,1.664708,21970000000000.0,-1.29832
730,0.7742,25.72461,6.978875000000003,2440.596,1175.871,331.6208,-610.3121,-37.04726,-542.4371,102361500000000.0,90154990000000.0,10020840000000.0,0.7845523,1.055207e-05,9.202871e-06,-1.125065e-06,9.241964e-06,1.888529e-05,-1.134885e-05,-7.593673e-06,3.193043e-05,84772610000000.0,8822783000000.0,0.6893177,9.908302e-06,8.429831e-06,-1.265899e-06,8.464607e-06,1.75151e-05,-1.086568e-05,-7.339055e-06,2.976071e-05,51132680000000.0,4966206000000.0,0.4292214,7.151411e-06,5.527037e-06,-1.464442e-06,5.546082e-06,1.206437e-05,-8.39244e-06,-5.845313e-06,2.089141e-05,2310672000000.0,135800000000000.0,2.254532,52090000000000.0,-1.912979
732,0.7723,26.74018,6.3714970000000015,2417.836,1218.17,302.3168,-264.2508,-334.1203,-189.0125,50267660000000.0,36907800000000.0,3707236000000.0,0.5825455,2.528818e-06,2.297797e-06,-1.776461e-07,2.324255e-06,4.650042e-06,-2.632902e-06,-1.733487e-06,7.777396e-06,34601060000000.0,3220658000000.0,0.511736,2.317633e-06,2.048802e-06,-2.195625e-07,2.072718e-06,4.203511e-06,-2.46974e-06,-1.645341e-06,7.069092e-06,26911940000000.0,1994592000000.0,0.346792,1.707326e-06,1.392762e-06,-2.774683e-07,1.409613e-06,2.977548e-06,-1.935027e-06,-1.327495e-06,5.087149e-06,1102805000000.0,81300000000000.0,1.307103,18080000000000.0,-1.082204
733,0.7745,27.04751,5.881695000000001,2419.055,1235.097,279.8064,-62.53579,-290.8837,-200.8338,31621530000000.0,29699250000000.0,2641428000000.0,0.5492842,1.373912e-06,8.014796e-07,-5.411856e-07,8.212258e-07,2.0859e-06,-1.877957e-06,-1.388459e-06,3.780916e-06,28641990000000.0,2401258000000.0,0.4909571,1.302335e-06,7.409586e-07,-5.316273e-07,7.595513e-07,1.958055e-06,-1.798744e-06,-1.334711e-06,3.564544e-06,22010120000000.0,1581610000000.0,0.3274678,1.022114e-06,5.326179e-07,-4.657554e-07,5.468298e-07,1.486591e-06,-1.460193e-06,-1.095894e-06,2.746745e-06,931071400000.0,105900000000000.0,1.100043,19820000000000.0,-0.9238682
734,0.7714,26.861610000000002,6.693462000000004,2411.393,1221.339,317.2229,-117.2975,-287.5252,-349.9555,31525410000000.0,20856750000000.0,1743513000000.0,0.4802311,1.51147e-06,9.534416e-07,-5.241289e-07,9.726348e-07,2.362486e-06,-1.993859e-06,-1.455425e-06,4.228023e-06,16819960000000.0,1244531000000.0,0.4051659,1.260026e-06,7.788279e-07,-4.527875e-07,7.946848e-07,1.952996e-06,-1.678002e-06,-1.229099e-06,3.507931e-06,9034722000000.0,440766800000.0,0.2445451,6.274512e-07,3.709583e-07,-2.421798e-07,3.786957e-07,9.551347e-07,-8.522796e-07,-6.286952e-07,1.729157e-06,823424600000.0,29580000000000.0,1.133201,5703000000000.0,-0.732204
737,0.7717,24.84719,6.159930000000002,2455.916,1137.248,292.0993,-289.913,299.1382,153.4137,37868940000000.0,35466090000000.0,3367174000000.0,0.5814159,2.030638e-06,5.899138e-07,-1.390794e-06,6.19827e-07,2.48395e-06,-3.368733e-06,-2.643663e-06,4.982339e-06,33543810000000.0,3043561000000.0,0.5155069,1.925657e-06,5.448624e-07,-1.333205e-06,5.730008e-07,2.34023e-06,-3.20886e-06,-2.52121e-06,4.70905e-06,25085770000000.0,2022843000000.0,0.3393333,1.539844e-06,3.975114e-07,-1.103555e-06,4.193163e-07,1.830897e-06,-2.603338e-06,-2.053263e-06,3.723887e-06,1081361000000.0,164300000000000.0,1.349028,37710000000000.0,-1.1484
738,0.772,25.35191,6.306889999999995,2446.304,1159.075,299.1853,-491.1917,-32.1013,-106.0569,32678780000000.0,27776970000000.0,2215746000000.0,0.5309659,1.250254e-06,1.666399e-06,4.396786e-07,1.679989e-06,2.834302e-06,-7.736855e-07,-3.298158e-07,4.385408e-06,25566340000000.0,1916740000000.0,0.4666545,1.155703e-06,1.50062e-06,3.66815e-07,1.513058e-06,2.579776e-06,-7.547639e-07,-3.444299e-07,4.013337e-06,16916080000000.0,1079172000000.0,0.2984512,8.111168e-07,9.59232e-07,1.638667e-07,9.676192e-07,1.715475e-06,-6.232436e-07,-3.351646e-07,2.720955e-06,934972600000.0,78720000000000.0,1.089362,14590000000000.0,-0.8886372
739,0.7723,26.90884,6.641961,2412.765,1224.534,315.0707,-198.022,-412.6644,-305.3638,51613250000000.0,51036570000000.0,4501768000000.0,0.654207,3.246055e-06,2.658666e-06,-5.171464e-07,2.691097e-06,5.672515e-06,-3.669551e-06,-2.514085e-06,9.683541e-06,48441490000000.0,4039027000000.0,0.5754212,3.07662e-06,2.458687e-06,-5.509289e-07,2.48903e-06,5.31391e-06,-3.538733e-06,-2.443469e-06,9.114842e-06,36331120000000.0,2628983000000.0,0.3833675,2.409797e-06,1.766206e-06,-5.898322e-07,1.788773e-06,3.998631e-06,-2.929919e-06,-2.0717e-06,6.973562e-06,1520890000000.0,100600000000000.0,1.486934,25450000000000.0,-1.2474
741,0.7793,25.82308,5.086285999999998,2459.981,1190.424,243.2435,-344.2232,273.8798,-177.9066,29122560000000.0,26815820000000.0,2226466000000.0,0.5231403,1.125368e-06,6.956816e-07,-4.048388e-07,7.123049e-07,1.749443e-06,-1.500198e-06,-1.099232e-06,3.138942e-06,24989660000000.0,1952879000000.0,0.4601859,1.041909e-06,6.259946e-07,-3.927814e-07,6.412713e-07,1.601226e-06,-1.406885e-06,-1.035626e-06,2.887464e-06,15474360000000.0,1067279000000.0,0.2883635,7.173889e-07,3.939401e-07,-3.072174e-07,4.041842e-07,1.064503e-06,-1.005415e-06,-7.497189e-07,1.949612e-06,889212800000.0,53740000000000.0,0.9305327,8508000000000.0,-0.744381
742,0.7774,24.82047,6.552553999999997,2469.014,1141.915,312.4662,-843.0087,-197.7305,-487.0299,66703160000000.0,50652110000000.0,5442390000000.0,0.6596463,4.265429e-06,7.415596e-06,3.210499e-06,7.426288e-06,1.136227e-05,-9.141848e-07,5.957834e-07,1.668758e-05,47672580000000.0,4764952000000.0,0.5693934,3.9746e-06,6.688094e-06,2.770683e-06,6.697332e-06,1.036308e-05,-1.072503e-06,3.346529e-07,1.532368e-05,34985520000000.0,3099841000000.0,0.3781665,3.101155e-06,4.755504e-06,1.701252e-06,4.760943e-06,7.616632e-06,-1.296812e-06,-1.985062e-07,1.148329e-05,1413700000000.0,140200000000000.0,1.642549,39180000000000.0,-1.429
743,0.7793,25.45135,5.206206000000004,2467.228,1174.237,248.9669,-447.3494,304.0051,-114.6842,28641990000000.0,13552080000000.0,999383400000.0,0.4210139,6.167288e-07,5.703006e-07,-3.396168e-08,5.790732e-07,1.148758e-06,-6.339387e-07,-4.144745e-07,1.912193e-06,11245350000000.0,742770600000.0,0.3542751,4.950162e-07,4.472912e-07,-3.766095e-08,4.542844e-07,9.114243e-07,-5.192188e-07,-3.430553e-07,1.524098e-06,8073582000000.0,353759500000.0,0.2355086,2.928181e-07,2.495569e-07,-3.721897e-08,2.536182e-07,5.238494e-07,-3.220579e-07,-2.178337e-07,8.861186e-07,560107600000.0,46310000000000.0,0.930571,7332000000000.0,-0.690723
744,0.7761,26.12995,6.498504000000003,2439.251,1196.558,309.483,-694.8883,-220.5608,-282.4349,65357560000000.0,59014040000000.0,6180539000000.0,0.6791829,4.843456e-06,6.577574e-06,1.818161e-06,6.59792e-06,1.105327e-05,-2.869254e-06,-1.151791e-06,1.707446e-05,55938390000000.0,5540242000000.0,0.6016972,4.558624e-06,6.035881e-06,1.557154e-06,6.054353e-06,1.024606e-05,-2.854465e-06,-1.237829e-06,1.591179e-05,37003920000000.0,3316421000000.0,0.3901735,3.31153e-06,4.041575e-06,7.901049e-07,4.053229e-06,7.093994e-06,-2.414321e-06,-1.239476e-06,1.12063e-05,1568593000000.0,97950000000000.0,1.578168,26300000000000.0,-1.34826
746,0.7764,24.87228,6.470654999999999,2466.292,1143.364,308.316,-349.8481,-132.2631,-202.121,88328830000000.0,80735820000000.0,8337948000000.0,0.7539461,8.116391e-06,4.783183e-06,-3.134988e-06,4.844536e-06,1.225219e-05,-1.101402e-05,-8.11943e-06,2.224284e-05,75930110000000.0,7366751000000.0,0.6637307,7.622268e-06,4.378205e-06,-3.05647e-06,4.434377e-06,1.138783e-05,-1.045575e-05,-7.736931e-06,2.076772e-05,43635790000000.0,4060496000000.0,0.4068339,5.423618e-06,2.813426e-06,-2.472122e-06,2.848762e-06,7.786192e-06,-7.736837e-06,-5.800813e-06,1.445237e-05,2121737000000.0,245300000000000.0,2.363989,98660000000000.0,-2.05128
748,0.7774,24.83326,6.3332670000000055,2470.13,1143.101,302.0897,-624.8045,-262.0341,55.84349,149072900000000.0,137443100000000.0,14792110000000.0,0.8987366,2.063411e-05,1.412477e-05,-5.998256e-06,1.411467e-05,3.280268e-05,-2.596964e-05,-1.860975e-05,5.818548e-05,126390000000000.0,13293650000000.0,0.7866846,1.961135e-05,1.306593e-05,-6.054333e-06,1.305112e-05,3.080107e-05,-2.503542e-05,-1.803872e-05,5.491623e-05,92077280000000.0,8943884000000.0,0.5217564,1.584939e-05,9.646875e-06,-5.789765e-06,9.619308e-06,2.39293e-05,-2.112873e-05,-1.54693e-05,4.33902e-05,2988013000000.0,204600000000000.0,3.185868,110900000000000.0,-2.785047
749,0.779,26.93135,4.847941999999996,2436.766,1237.919,231.8148,231.0948,216.9464,-305.0891,49114290000000.0,32486550000000.0,3731868000000.0,0.5550388,2.745063e-06,-1.711416e-06,-4.373959e-06,-1.656312e-06,8.533013e-07,-7.059717e-06,-6.07367e-06,4.203499e-06,30372040000000.0,3177809000000.0,0.4897021,2.485747e-06,-1.51614e-06,-3.92686e-06,-1.466542e-06,8.053308e-07,-6.358874e-06,-5.465889e-06,3.838541e-06,23355720000000.0,1858619000000.0,0.3307402,1.759946e-06,-9.980219e-07,-2.704087e-06,-9.636676e-07,6.431739e-07,-4.425917e-06,-3.79345e-06,2.789457e-06,1024951000000.0,78820000000000.0,1.29081,17310000000000.0,-1.03257
750,0.7844,26.25608,5.207497999999999,2463.369,1215.124,250.3375,-53.54482,323.7628,-285.1188,39214540000000.0,12687060000000.0,920045500000.0,0.4120312,6.384339e-07,-1.695646e-07,-7.922821e-07,-1.569773e-07,4.315037e-07,-1.415678e-06,-1.187493e-06,1.216738e-06,11629800000000.0,741323800000.0,0.3562278,5.300621e-07,-1.374552e-07,-6.544146e-07,-1.270519e-07,3.614248e-07,-1.171981e-06,-9.825179e-07,1.01328e-06,9803635000000.0,441758000000.0,0.2530704,3.493423e-07,-8.550006e-08,-4.261183e-07,-7.87226e-08,2.430277e-07,-7.672089e-07,-6.423223e-07,6.724936e-07,496063900000.0,53640000000000.0,0.8351836,7622000000000.0,-0.6977106
754,0.7847,25.64039,6.371983000000002,2471.619,1186.345,306.1612,-491.4292,1.906321,-131.6253,33447700000000.0,28545880000000.0,2470719000000.0,0.5445134,1.40344e-06,1.803357e-06,4.26537e-07,1.818874e-06,3.11452e-06,-9.356983e-07,-4.373533e-07,4.855298e-06,27488620000000.0,2102114000000.0,0.4716806,1.284515e-06,1.603477e-06,3.43503e-07,1.617523e-06,2.803009e-06,-9.032696e-07,-4.471137e-07,4.395978e-06,19703380000000.0,1252579000000.0,0.3153428,9.527895e-07,1.098995e-06,1.647892e-07,1.109074e-06,1.987605e-06,-7.599476e-07,-4.215039e-07,3.168547e-06,928597400000.0,64950000000000.0,1.060597,11720000000000.0,-0.846054
755,0.7821,25.90411,5.458375999999995,2463.646,1196.501,261.7109,-453.7203,303.5358,-322.6682,31717640000000.0,30660390000000.0,2662939000000.0,0.5883119,1.432312e-06,1.174016e-06,-2.280309e-07,1.191988e-06,2.511135e-06,-1.621189e-06,-1.110988e-06,4.281823e-06,29314790000000.0,2367811000000.0,0.488323,1.35594e-06,1.065808e-06,-2.612263e-07,1.082622e-06,2.330932e-06,-1.580034e-06,-1.096997e-06,4.006792e-06,24220740000000.0,1771185000000.0,0.33344,1.179508e-06,8.493763e-07,-3.044936e-07,8.635979e-07,1.948491e-06,-1.451587e-06,-1.031312e-06,3.405481e-06,939127700000.0,146700000000000.0,1.183137,29530000000000.0,-1.034
756,0.7837,25.533960000000004,6.044006999999998,2473.046,1181.382,290.1912,-548.6881,39.87549,-281.0117,41232930000000.0,37676710000000.0,3560847000000.0,0.5844346,2.271499e-06,2.651043e-06,4.234487e-07,2.671733e-06,4.763826e-06,-1.780436e-06,-9.734041e-07,7.579744e-06,35273860000000.0,3237413000000.0,0.5255664,2.166421e-06,2.472395e-06,3.481147e-07,2.491898e-06,4.486661e-06,-1.753772e-06,-9.840154e-07,7.171867e-06,25758570000000.0,2054722000000.0,0.340827,1.684524e-06,1.744966e-06,9.41703e-08,1.759282e-06,3.308316e-06,-1.540024e-06,-9.412675e-07,5.394598e-06,1137083000000.0,161300000000000.0,1.409828,38690000000000.0,-1.1979
760,0.7859,25.58111,6.414755999999998,2475.858,1185.229,308.6091,-676.3017,71.36356,-264.6128,30372040000000.0,23932400000000.0,1904640000000.0,0.5015991,1.042935e-06,1.883434e-06,8.57008e-07,1.893009e-06,2.858577e-06,-1.54534e-07,2.152504e-07,4.157608e-06,21241210000000.0,1606781000000.0,0.4346012,9.353571e-07,1.634315e-06,7.13938e-07,1.642775e-06,2.508415e-06,-1.932119e-07,1.384516e-07,3.67317e-06,14993790000000.0,922291900000.0,0.2850504,6.557792e-07,1.048678e-06,4.037424e-07,1.054352e-06,1.660592e-06,-2.321677e-07,4.117778e-10,2.476645e-06,833565600000.0,71040000000000.0,1.032556,12480000000000.0,-0.8238807
761,0.7866,26.973320000000005,6.910097999999996,2446.062,1244.896,332.6274,-198.2091,-62.6678,112.6348,34408840000000.0,31525410000000.0,2807362000000.0,0.5591742,1.601069e-06,8.031294e-07,-7.60291e-07,8.260037e-07,2.298051e-06,-2.31801e-06,-1.747401e-06,4.271308e-06,28834220000000.0,2416065000000.0,0.479356,1.483969e-06,7.20594e-07,-7.282756e-07,7.415881e-07,2.105511e-06,-2.172055e-06,-1.643116e-06,3.934094e-06,20856750000000.0,1547827000000.0,0.3211614,1.153502e-06,5.128021e-07,-6.129484e-07,5.286418e-07,1.587769e-06,-1.735191e-06,-1.323893e-06,3.008332e-06,1004084000000.0,137800000000000.0,1.253154,29380000000000.0,-1.047209
763,0.7863,26.32082,5.072495999999999,2467.26,1220.512,244.3347,-163.0237,101.3977,-101.2326,154935900000000.0,96017950000000.0,10539190000000.0,0.7942705,1.47353e-05,2.063218e-06,-1.223556e-05,2.212872e-06,1.558185e-05,-2.658206e-05,-2.129989e-05,3.358461e-05,83427010000000.0,8716525000000.0,0.683534,1.309796e-05,1.787992e-06,-1.091902e-05,1.917936e-06,1.379473e-05,-2.367129e-05,-1.897508e-05,2.979194e-05,49018170000000.0,4345965000000.0,0.4217773,8.068977e-06,1.015587e-06,-6.806166e-06,1.088926e-06,8.391093e-06,-1.466195e-05,-1.176671e-05,1.823494e-05,2438856000000.0,80440000000000.0,2.291426,31360000000000.0,-1.98792
764,0.7859,26.2838,5.6806760000000045,2464.783,1217.305,273.4501,-229.2667,-39.0521,-548.8917,33255470000000.0,32198210000000.0,2661416000000.0,0.5527673,1.359627e-06,1.118056e-06,-2.133194e-07,1.136742e-06,2.390959e-06,-1.536192e-06,-1.052038e-06,4.072612e-06,30948730000000.0,2394669000000.0,0.493097,1.292089e-06,1.038231e-06,-2.268746e-07,1.055882e-06,2.24753e-06,-1.484001e-06,-1.023874e-06,3.845429e-06,20568410000000.0,1425646000000.0,0.3158566,9.978763e-07,7.335588e-07,-2.43051e-07,7.468405e-07,1.66629e-06,-1.213828e-06,-8.583956e-07,2.899642e-06,1031631000000.0,53620000000000.0,0.9430287,8603000000000.0,-0.781506
768,0.7888,26.31032,5.187441000000004,2473.474,1223.021,250.5081,-285.6628,11.55107,-479.0014,51709370000000.0,48441490000000.0,4947701000000.0,0.6309308,3.590113e-06,2.061745e-06,-1.444153e-06,2.101086e-06,5.39174e-06,-4.93468e-06,-3.654277e-06,9.816184e-06,46230870000000.0,4501569000000.0,0.5620481,3.426981e-06,1.919855e-06,-1.426254e-06,1.956955e-06,5.097043e-06,-4.758113e-06,-3.535764e-06,9.31962e-06,34120490000000.0,3047479000000.0,0.3742675,2.806037e-06,1.444331e-06,-1.294012e-06,1.473311e-06,4.041243e-06,-4.021998e-06,-3.020731e-06,7.496195e-06,1353940000000.0,226300000000000.0,1.707186,65730000000000.0,-1.483816
770,0.7879,25.416140000000002,6.255193000000005,2485.531,1181.075,301.6315,-746.5801,28.6072,-275.9355,46423090000000.0,36715570000000.0,3630322000000.0,0.5806115,2.469458e-06,3.804331e-06,1.375452e-06,3.820272e-06,6.099202e-06,-1.016942e-06,-1.413459e-07,9.172724e-06,34408840000000.0,3173945000000.0,0.5094954,2.287409e-06,3.426514e-06,1.177111e-06,3.440949e-06,5.551045e-06,-1.038817e-06,-2.276969e-07,8.39729e-06,27392510000000.0,2041332000000.0,0.3477455,1.768208e-06,2.439016e-06,7.011766e-07,2.449368e-06,4.078519e-06,-1.011562e-06,-3.843651e-07,6.277058e-06,1093023000000.0,162600000000000.0,1.501939,41550000000000.0,-1.266016
772,0.7872,26.80554,5.053884000000005,2459.482,1242.672,243.6946,-141.2299,-50.33426,-450.6343,36523350000000.0,28738110000000.0,2452190000000.0,0.5318449,1.382403e-06,7.117928e-07,-6.390891e-07,7.319345e-07,2.004313e-06,-1.984807e-06,-1.491962e-06,3.70945e-06,26431370000000.0,2127988000000.0,0.4662062,1.26918e-06,6.349687e-07,-6.050983e-07,6.533026e-07,1.821102e-06,-1.840572e-06,-1.388051e-06,3.386291e-06,18646130000000.0,1250723000000.0,0.3051095,8.99301e-07,4.098634e-07,-4.683836e-07,4.224587e-07,1.249012e-06,-1.343746e-06,-1.022995e-06,2.357339e-06,945483700000.0,83330000000000.0,1.122201,15910000000000.0,-0.9275
773,0.7891,25.26819,5.606419999999999,2494.268,1177.341,270.7531,-385.422,114.8891,-480.8095,58245120000000.0,54112220000000.0,5610881000000.0,0.6568035,4.335456e-06,2.73273e-06,-1.5026e-06,2.775136e-06,6.746941e-06,-5.715801e-06,-4.169924e-06,1.209259e-05,51132680000000.0,5057868000000.0,0.580484,4.108704e-06,2.523787e-06,-1.489352e-06,2.563352e-06,6.325981e-06,-5.482106e-06,-4.016909e-06,1.13909e-05,38445630000000.0,3386568000000.0,0.3882292,3.282445e-06,1.849256e-06,-1.354885e-06,1.879029e-06,4.880778e-06,-4.544467e-06,-3.373401e-06,8.923788e-06,1477805000000.0,194700000000000.0,1.789249,59270000000000.0,-1.5345
775,0.7891,26.00584,5.634366999999997,2478.813,1209.311,272.1014,-454.3535,320.5015,-529.5555,47960920000000.0,42770760000000.0,4200232000000.0,0.6154392,2.822106e-06,2.044377e-06,-7.177028e-07,2.077486e-06,4.673769e-06,-3.46303e-06,-2.457103e-06,8.161529e-06,40271790000000.0,3686549000000.0,0.5381516,2.661911e-06,1.878512e-06,-7.263663e-07,1.90941e-06,4.357499e-06,-3.315753e-06,-2.366858e-06,7.6466e-06,25758570000000.0,2119948000000.0,0.3410168,2.045516e-06,1.317185e-06,-6.833169e-07,1.339944e-06,3.218758e-06,-2.67284e-06,-1.943446e-06,5.744269e-06,1287400000000.0,94070000000000.0,1.330229,21290000000000.0,-1.111239
776,0.7927,26.75619,5.010588000000003,2473.751,1247.208,242.8922,-368.3682,-126.5233,-344.0755,38253400000000.0,38157280000000.0,3272932000000.0,0.6400495,1.806686e-06,1.953983e-06,1.836005e-07,1.973877e-06,3.638763e-06,-1.570772e-06,-9.285297e-07,5.876092e-06,36811690000000.0,2806647000000.0,0.5197339,1.671097e-06,1.727159e-06,8.997861e-08,1.745264e-06,3.284499e-06,-1.532674e-06,-9.385551e-07,5.353352e-06,26623600000000.0,1894437000000.0,0.3436338,1.348054e-06,1.269773e-06,-5.030488e-08,1.283827e-06,2.52421e-06,-1.359188e-06,-8.797727e-07,4.192088e-06,1151205000000.0,107900000000000.0,1.214745,22300000000000.0,-1.047
777,0.792,24.91965,5.1642629999999965,2510.651,1166.452,250.2023,-247.1905,314.6652,-408.4016,42866870000000.0,34793290000000.0,3288645000000.0,0.5672986,2.034316e-06,6.325706e-07,-1.352882e-06,6.625872e-07,2.531442e-06,-3.334936e-06,-2.608462e-06,5.036052e-06,32198210000000.0,2874053000000.0,0.4971865,1.890013e-06,5.717742e-07,-1.272564e-06,5.994135e-07,2.335121e-06,-3.113975e-06,-2.43897e-06,4.661606e-06,23163490000000.0,1769292000000.0,0.328739,1.402097e-06,3.871347e-07,-9.803501e-07,4.069737e-07,1.693058e-06,-2.346281e-06,-1.845356e-06,3.417729e-06,1066762000000.0,98550000000000.0,1.263794,21190000000000.0,-1.055
779,0.7907,25.79588,5.032758999999999,2489.292,1203.15,243.482,-385.0669,200.6129,-32.59411,30468160000000.0,27008050000000.0,2484359000000.0,0.525747,1.323803e-06,9.624318e-07,-3.322845e-07,9.803035e-07,2.199309e-06,-1.61975e-06,-1.148339e-06,3.834241e-06,26046910000000.0,2277770000000.0,0.4756763,1.265049e-06,8.999207e-07,-3.372119e-07,9.168889e-07,2.081534e-06,-1.567519e-06,-1.117001e-06,3.643701e-06,19607270000000.0,1486558000000.0,0.310942,9.932914e-07,6.41025e-07,-3.298952e-07,6.539258e-07,1.567409e-06,-1.295854e-06,-9.41998e-07,2.793225e-06,869119100000.0,179500000000000.0,1.206305,36840000000000.0,-1.02465
781,0.7927,26.72239,4.862615,2475.36,1246.189,235.7672,-578.1644,-124.3382,-105.3774,52093820000000.0,44020240000000.0,4630180000000.0,0.6102121,3.101799e-06,3.836058e-06,7.926116e-07,3.85999e-06,6.715911e-06,-2.213929e-06,-1.112896e-06,1.056429e-05,40271790000000.0,4063435000000.0,0.5348595,2.876919e-06,3.462689e-06,6.403502e-07,3.484478e-06,6.132379e-06,-2.14815e-06,-1.126832e-06,9.700969e-06,29507020000000.0,2504323000000.0,0.3547596,2.128864e-06,2.351732e-06,2.644063e-07,2.366811e-06,4.323754e-06,-1.798881e-06,-1.042836e-06,6.962467e-06,1284511000000.0,105400000000000.0,1.394123,25000000000000.0,-1.180815
782,0.7927,26.07059,5.175565000000004,2488.388,1217.465,250.9215,-461.5765,316.369,-120.4106,68721560000000.0,62378030000000.0,6285392000000.0,0.6879882,5.262286e-06,2.572153e-06,-2.56239e-06,2.626743e-06,7.441475e-06,-7.678854e-06,-5.80077e-06,1.391924e-05,58821810000000.0,5473098000000.0,0.6068578,4.877528e-06,2.332597e-06,-2.425788e-06,2.382483e-06,6.843566e-06,-7.168081e-06,-5.427109e-06,1.284643e-05,30756500000000.0,2543073000000.0,0.360436,2.992577e-06,1.317596e-06,-1.600026e-06,1.346401e-06,4.079402e-06,-4.50946e-06,-3.440766e-06,7.759224e-06,1797735000000.0,88460000000000.0,1.722225,25920000000000.0,-1.404
783,0.792,26.26813,5.0831519999999975,2482.544,1225.232,246.2555,-463.3124,-22.90735,-129.5684,100247000000000.0,48345380000000.0,4440025000000.0,0.6299784,3.152587e-06,2.866357e-06,-2.191247e-07,2.896091e-06,5.792159e-06,-3.278903e-06,-2.157528e-06,9.689979e-06,44981380000000.0,3974973000000.0,0.554919,2.967316e-06,2.62e-06,-2.836899e-07,2.647546e-06,5.372408e-06,-3.163603e-06,-2.108003e-06,9.040361e-06,32967120000000.0,2588044000000.0,0.3685321,2.324189e-06,1.867467e-06,-4.056065e-07,1.887819e-06,4.019304e-06,-2.661218e-06,-1.834046e-06,6.890066e-06,1433440000000.0,110300000000000.0,1.494185,28040000000000.0,-1.39481
784,0.7991,25.781210000000005,5.239035000000006,2510.525,1212.619,255.647,-607.4734,159.1182,-276.6033,40464020000000.0,23932400000000.0,2229317000000.0,0.503854,1.133341e-06,1.693842e-06,5.803337e-07,1.705783e-06,2.753608e-06,-5.199718e-07,-1.175582e-07,4.161925e-06,22682920000000.0,1998164000000.0,0.4508387,1.057806e-06,1.538644e-06,4.994959e-07,1.54968e-06,2.527388e-06,-5.27433e-07,-1.5182e-07,3.841605e-06,19126700000000.0,1314646000000.0,0.3065663,8.070394e-07,1.071479e-06,2.790658e-07,1.079599e-06,1.824769e-06,-5.043114e-07,-2.176831e-07,2.826795e-06,781153600000.0,96570000000000.0,1.027991,16890000000000.0,-0.9055225
786,0.7962,26.86346,5.455120999999999,2478.693,1255.526,265.3462,-253.2962,-70.13519,-285.4453,52286050000000.0,41232930000000.0,4059587000000.0,0.5959758,2.824977e-06,1.741999e-06,-1.017961e-06,1.775915e-06,4.369895e-06,-3.764049e-06,-2.757546e-06,7.854009e-06,37580600000000.0,3475853000000.0,0.5214105,2.579036e-06,1.547049e-06,-9.722345e-07,1.577622e-06,3.944891e-06,-3.47922e-06,-2.560225e-06,7.124996e-06,23451830000000.0,1870083000000.0,0.3282005,1.751117e-06,9.564485e-07,-7.53109e-07,9.762244e-07,2.581353e-06,-2.45524e-06,-1.830961e-06,4.738874e-06,1278221000000.0,80770000000000.0,1.368802,18810000000000.0,-1.11573
788,0.7975,25.86049,5.287304999999995,2504.303,1213.891,257.5488,-413.6452,201.8329,-457.1829,40752360000000.0,35273860000000.0,3398053000000.0,0.5782726,2.087786e-06,1.642191e-06,-4.012751e-07,1.667146e-06,3.588762e-06,-2.431379e-06,-1.687756e-06,6.169525e-06,33063240000000.0,2958884000000.0,0.4999463,1.939042e-06,1.478256e-06,-4.192901e-07,1.501152e-06,3.285183e-06,-2.304692e-06,-1.613981e-06,5.681527e-06,23932400000000.0,1872062000000.0,0.3307999,1.473054e-06,1.024271e-06,-4.164617e-07,1.040972e-06,2.394617e-06,-1.848621e-06,-1.323728e-06,4.213742e-06,1079733000000.0,91990000000000.0,1.238269,19380000000000.0,-1.02267
790,0.7985,27.15472,5.442361000000003,2478.174,1271.134,265.353,-301.2865,-109.8809,-264.9671,38926200000000.0,34793290000000.0,3551093000000.0,0.5626692,2.160837e-06,1.714792e-06,-3.985928e-07,1.73945e-06,3.725834e-06,-2.497872e-06,-1.728745e-06,6.394863e-06,31717640000000.0,3171213000000.0,0.4923847,2.039873e-06,1.574296e-06,-4.20505e-07,1.597309e-06,3.471889e-06,-2.40224e-06,-1.676092e-06,5.991031e-06,26527480000000.0,2233605000000.0,0.3420827,1.666199e-06,1.184645e-06,-4.440245e-07,1.202752e-06,2.732369e-06,-2.062674e-06,-1.469341e-06,4.788813e-06,1042059000000.0,118500000000000.0,1.272741,25660000000000.0,-1.06623
794,0.8007,26.26431,6.3342939999999945,2499.075,1233.183,309.3513,-261.9876,238.8298,-159.4579,31044840000000.0,14897680000000.0,1123461000000.0,0.4297101,6.835092e-07,3.004232e-07,-3.674048e-07,3.112049e-07,9.408915e-07,-1.032975e-06,-7.893266e-07,1.783833e-06,13552080000000.0,868482100000.0,0.3719007,5.726863e-07,2.477405e-07,-3.117652e-07,2.567344e-07,7.842338e-07,-8.694165e-07,-6.652615e-07,1.490432e-06,7785239000000.0,339927600000.0,0.2298387,2.917892e-07,1.191085e-07,-1.658828e-07,1.236122e-07,3.921988e-07,-4.500028e-07,-3.459614e-07,7.51874e-07,628682100000.0,23440000000000.0,0.8726165,3480000000000.0,-0.6155
795,0.7994,26.6111,7.0209840000000066,2485.209,1245.102,342.3335,-353.5481,-0.08308776,-66.35722,38061170000000.0,34985520000000.0,3227986000000.0,0.5722171,1.94702e-06,1.50606e-06,-3.979192e-07,1.529261e-06,3.319557e-06,-2.289717e-06,-1.596703e-06,5.724048e-06,33639920000000.0,2907025000000.0,0.5086175,1.84003e-06,1.387233e-06,-4.118987e-07,1.408942e-06,3.100368e-06,-2.199724e-06,-1.544727e-06,5.372348e-06,25950800000000.0,1920475000000.0,0.3412229,1.455012e-06,1.004271e-06,-4.177458e-07,1.020793e-06,2.356841e-06,-1.83143e-06,-1.313294e-06,4.152288e-06,1058662000000.0,148900000000000.0,1.359077,34430000000000.0,-1.14048
796,0.8004,25.00286,7.117091000000001,2520.582,1175.52,347.2616,-58.19557,211.3017,67.31859,45461950000000.0,36523350000000.0,3582333000000.0,0.5709956,2.495124e-06,-2.4823e-07,-2.67491e-06,-2.065028e-07,2.078076e-06,-5.108842e-06,-4.215872e-06,5.135657e-06,34312720000000.0,3116087000000.0,0.5069187,2.313514e-06,-2.247699e-07,-2.474538e-06,-1.863764e-07,1.93127e-06,-4.731301e-06,-3.903235e-06,4.765813e-06,19415040000000.0,1561067000000.0,0.3082404,1.586221e-06,-1.399203e-07,-1.681573e-06,-1.144982e-07,1.335466e-06,-3.228851e-06,-2.66082e-06,3.27744e-06,1182626000000.0,105100000000000.0,1.40034,25040000000000.0,-1.1286
798,0.803,26.48743,6.829970000000004,2497.753,1244.649,334.2496,-461.4748,288.107,48.73606,126582200000000.0,125525000000000.0,13449680000000.0,0.8689702,1.611601e-05,4.969249e-06,-1.06771e-05,5.06205e-06,1.963686e-05,-2.63421e-05,-2.056642e-05,3.93382e-05,123026000000000.0,12660000000000.0,0.7730488,1.573785e-05,4.752448e-06,-1.052438e-05,4.840694e-06,1.906823e-05,-2.582164e-05,-2.018075e-05,3.830313e-05,100439200000000.0,9681241000000.0,0.5315317,1.413236e-05,3.974064e-06,-9.736006e-06,4.044953e-06,1.68026e-05,-2.347216e-05,-1.840414e-05,3.406071e-05,2663640000000.0,191700000000000.0,2.698127,88000000000000.0,-2.467
799,0.804,26.60143,5.931771999999997,2501.753,1252.862,290.7064,-288.5291,74.09519,-282.072,51036570000000.0,27200280000000.0,2148648000000.0,0.5179129,1.319512e-06,9.245212e-07,-3.660161e-07,9.427498e-07,2.158204e-06,-1.649346e-06,-1.179523e-06,3.787903e-06,22971260000000.0,1702808000000.0,0.4423634,1.128144e-06,7.691607e-07,-3.340633e-07,7.846064e-07,1.823465e-06,-1.431256e-06,-1.029532e-06,3.216559e-06,11629800000000.0,691392100000.0,0.2591387,6.088972e-07,3.802896e-07,-2.148798e-07,3.883599e-07,9.484595e-07,-8.070441e-07,-5.901432e-07,1.699885e-06,991178200000.0,52180000000000.0,1.072571,9522000000000.0,-0.8737315
800,0.8007,26.53423,6.912522000000001,2490.511,1243.581,337.4853,-277.5484,59.14213,-35.31495,30179820000000.0,28065310000000.0,2173536000000.0,0.5244951,1.130299e-06,7.386931e-07,-3.662068e-07,7.548839e-07,1.795806e-06,-1.465587e-06,-1.063111e-06,3.190904e-06,25662460000000.0,1910360000000.0,0.4598265,1.053801e-06,6.69953e-07,-3.600517e-07,6.849332e-07,1.655148e-06,-1.385019e-06,-1.009747e-06,2.955626e-06,16819960000000.0,1118859000000.0,0.2943935,7.707951e-07,4.439963e-07,-3.090629e-07,4.546242e-07,1.163542e-06,-1.058747e-06,-7.841576e-07,2.1142e-06,951133300000.0,68400000000000.0,1.019991,11870000000000.0,-0.8254286
801,0.8001,26.45173,6.893099000000006,2490.859,1239.278,336.3335,-357.5473,541.5791,-4.838133,34985520000000.0,33832150000000.0,2766878000000.0,0.5605087,1.504977e-06,3.254594e-07,-1.144002e-06,3.497882e-07,1.73465e-06,-2.611738e-06,-2.074037e-06,3.58829e-06,32005980000000.0,2441365000000.0,0.4940096,1.406592e-06,2.968641e-07,-1.076358e-06,3.194598e-07,1.61344e-06,-2.448099e-06,-1.94552e-06,3.345617e-06,21625660000000.0,1397809000000.0,0.3196197,1.016362e-06,1.971324e-07,-7.946491e-07,2.130665e-07,1.147113e-06,-1.785725e-06,-1.422487e-06,2.397967e-06,1067066000000.0,49030000000000.0,1.014409,8462000000000.0,-0.809523
803,0.8082,26.66451,6.913935999999993,2506.328,1258.607,340.0859,-233.6765,-55.82275,-257.5759,37292260000000.0,22971260000000.0,1867986000000.0,0.4874687,1.328247e-06,9.357082e-07,-3.632428e-07,9.537427e-07,2.176907e-06,-1.654723e-06,-1.181893e-06,3.817276e-06,19030590000000.0,1429928000000.0,0.4149409,1.141012e-06,7.825017e-07,-3.331944e-07,7.978472e-07,1.848257e-06,-1.442611e-06,-1.036389e-06,3.257137e-06,10860890000000.0,604779500000.0,0.2584765,6.715389e-07,4.269013e-07,-2.294732e-07,4.356721e-07,1.0533e-06,-8.82397e-07,-6.432388e-07,1.882036e-06,867624500000.0,49790000000000.0,1.109536,9399000000000.0,-0.8358
804,0.8053,25.32353,7.013760000000004,2526.968,1195.762,343.9389,-117.6399,110.4773,-33.56372,31525410000000.0,28545880000000.0,2323276000000.0,0.5313891,1.238199e-06,2.183117e-07,-9.890191e-07,2.386514e-07,1.376648e-06,-2.195348e-06,-1.753411e-06,2.89951e-06,25950800000000.0,2011354000000.0,0.4624519,1.141207e-06,1.953863e-07,-9.172343e-07,2.139908e-07,1.262533e-06,-2.029063e-06,-1.621701e-06,2.66587e-06,17684990000000.0,1201979000000.0,0.30011,8.322524e-07,1.296909e-07,-6.813697e-07,1.42899e-07,9.067855e-07,-1.492187e-06,-1.194995e-06,1.929607e-06,951434100000.0,87300000000000.0,1.100792,16350000000000.0,-0.896148
805,0.8099,26.72513,6.828294000000005,2509.386,1263.469,336.4216,-161.8281,-24.30803,-38.4908,44596930000000.0,32774900000000.0,3083808000000.0,0.5535276,2.030725e-06,8.508221e-07,-1.131435e-06,8.810091e-07,2.748052e-06,-3.107719e-06,-2.383806e-06,5.249614e-06,28930330000000.0,2581708000000.0,0.4767725,1.861088e-06,7.581625e-07,-1.058286e-06,7.85599e-07,2.496175e-06,-2.869474e-06,-2.205961e-06,4.788385e-06,19126700000000.0,1359029000000.0,0.3058148,1.31206e-06,4.920563e-07,-7.880281e-07,5.10873e-07,1.715666e-06,-2.064896e-06,-1.596955e-06,3.330789e-06,1071084000000.0,47400000000000.0,1.056236,8518000000000.0,-0.8525962
807,0.8135,26.65039,6.844172000000002,2519.556,1264.473,338.356,-304.3046,-51.41013,-294.7149,40175680000000.0,26911940000000.0,2765543000000.0,0.5131439,1.774425e-06,1.416779e-06,-3.191729e-07,1.438146e-06,3.070884e-06,-2.04341e-06,-1.411914e-06,5.263435e-06,23740170000000.0,2298031000000.0,0.4449233,1.588328e-06,1.232999e-06,-3.206475e-07,1.251891e-06,2.712859e-06,-1.864029e-06,-1.298694e-06,4.675043e-06,17396650000000.0,1312104000000.0,0.2954125,1.128121e-06,8.065409e-07,-2.964175e-07,8.194467e-07,1.855944e-06,-1.392568e-06,-9.908846e-07,3.248687e-06,894822000000.0,107800000000000.0,1.276938,23420000000000.0,-1.02168
809,0.8168,26.54782,6.2726069999999945,2532.82,1265.458,311.2143,-49.65412,289.3456,-48.11712,59398490000000.0,57764550000000.0,5644329000000.0,0.6621705,3.993157e-06,-6.156078e-07,-4.493975e-06,-5.508453e-07,3.095966e-06,-8.390883e-06,-6.959718e-06,7.97991e-06,54688900000000.0,5131506000000.0,0.5865062,3.810144e-06,-5.734695e-07,-4.273619e-06,-5.121568e-07,2.966462e-06,-7.9919e-06,-6.62618e-06,7.625769e-06,41521280000000.0,3449691000000.0,0.3952064,3.08805e-06,-4.290699e-07,-3.426569e-06,-3.80833e-07,2.435347e-06,-6.440094e-06,-5.332755e-06,6.209222e-06,1534804000000.0,147200000000000.0,1.618343,40530000000000.0,-1.41075
810,0.8158,25.04401,5.811985000000007,2565.381,1198.657,288.2218,-65.63045,40.68615,-237.9622,44789150000000.0,41232930000000.0,3901819000000.0,0.5903076,2.502906e-06,3.766971e-07,-2.061477e-06,4.149072e-07,2.709441e-06,-4.500007e-06,-3.605757e-06,5.783633e-06,37868940000000.0,3442169000000.0,0.5214166,2.353626e-06,3.458485e-07,-1.946635e-06,3.814992e-07,2.538564e-06,-4.239713e-06,-3.398712e-06,5.428936e-06,23259600000000.0,1907091000000.0,0.3248309,1.675094e-06,2.232794e-07,-1.40742e-06,2.477429e-07,1.780946e-06,-3.039384e-06,-2.440553e-06,3.836528e-06,1287292000000.0,106600000000000.0,1.353618,24550000000000.0,-1.1187
811,0.8217,26.78864,6.217123000000005,2540.531,1282.683,310.0324,29.77094,107.5048,-358.5857,67856530000000.0,57956780000000.0,6559903000000.0,0.6605948,5.573311e-06,-3.235994e-07,-5.732334e-06,-2.449869e-07,4.829129e-06,-1.116879e-05,-9.169738e-06,1.163819e-05,55553930000000.0,5975493000000.0,0.5919005,5.317486e-06,-3.018377e-07,-5.461517e-06,-2.276398e-07,4.611802e-06,-1.064838e-05,-8.740845e-06,1.110697e-05,42770760000000.0,4036566000000.0,0.3973104,4.263193e-06,-2.214089e-07,-4.355405e-06,-1.646903e-07,3.709204e-06,-8.513721e-06,-6.983539e-06,8.911965e-06,1530639000000.0,187400000000000.0,1.943944,61980000000000.0,-1.662674
812,0.8204,25.63571,5.216078999999998,2566.404,1231.582,259.8678,258.2076,106.2841,-362.9515,44789150000000.0,44116360000000.0,4077473000000.0,0.6191569,2.615424e-06,-1.384723e-06,-3.921237e-06,-1.335004e-06,1.053465e-06,-6.479223e-06,-5.539671e-06,4.245034e-06,41905730000000.0,3721035000000.0,0.539001,2.508369e-06,-1.290561e-06,-3.722915e-06,-1.243203e-06,1.046773e-06,-6.176156e-06,-5.274972e-06,4.107146e-06,33255470000000.0,2728467000000.0,0.3663255,2.148068e-06,-1.012803e-06,-3.094823e-06,-9.731825e-07,9.857818e-07,-5.195576e-06,-4.423573e-06,3.604972e-06,1250258000000.0,153500000000000.0,1.430924,37370000000000.0,-1.252101
815,0.8237,26.79472,5.143125000000001,2549.844,1287.724,257.1085,-0.9652576,161.6282,-126.8796,38637850000000.0,35562200000000.0,3453737000000.0,0.5601194,2.090423e-06,-2.985787e-07,-2.331593e-06,-2.627296e-07,1.651929e-06,-4.371077e-06,-3.622925e-06,4.213444e-06,33639920000000.0,3119487000000.0,0.4983191,1.989811e-06,-2.772539e-07,-2.212205e-06,-2.433545e-07,1.578662e-06,-4.153521e-06,-3.441307e-06,4.016525e-06,25181890000000.0,2078349000000.0,0.332764,1.617786e-06,-2.068726e-07,-1.779395e-06,-1.800027e-07,1.299854e-06,-3.357728e-06,-2.778457e-06,3.280787e-06,1072912000000.0,148900000000000.0,1.33934,33930000000000.0,-1.13058
818,0.8261,26.11071,6.217361000000005,2565.774,1257.554,311.2873,106.2298,627.2152,-30.71395,36042770000000.0,32390440000000.0,2864018000000.0,0.5451637,1.83608e-06,-1.559919e-06,-3.340093e-06,-1.520323e-06,1.58847e-07,-5.139326e-06,-4.478709e-06,2.39778e-06,28738110000000.0,2352772000000.0,0.4712775,1.637104e-06,-1.355835e-06,-2.94284e-06,-1.320759e-06,1.759158e-07,-4.547043e-06,-3.957961e-06,2.171806e-06,19703380000000.0,1237380000000.0,0.3066467,1.101554e-06,-8.503227e-07,-1.917676e-06,-8.271744e-07,1.788564e-07,-2.997008e-06,-2.600518e-06,1.521023e-06,1081193000000.0,59720000000000.0,1.234183,12540000000000.0,-0.917532
819,0.8287,25.47553,6.180253999999996,2586.73,1232.451,310.2752,-72.92774,354.1699,-79.52712,65549790000000.0,57668440000000.0,5484424000000.0,0.6586377,4.405581e-06,-6.199842e-07,-4.897549e-06,-5.505949e-07,3.469049e-06,-9.197184e-06,-7.617481e-06,8.854878e-06,52189940000000.0,4757420000000.0,0.5751361,4.080617e-06,-5.580941e-07,-4.519421e-06,-4.945583e-07,3.226979e-06,-8.501861e-06,-7.038457e-06,8.214313e-06,31525410000000.0,2631501000000.0,0.3601571,2.910634e-06,-3.619585e-07,-3.185622e-06,-3.185819e-07,2.331687e-06,-6.026116e-06,-4.981701e-06,5.885836e-06,1638937000000.0,109800000000000.0,1.710292,31950000000000.0,-1.425991
820,0.8261,26.17223,6.258291000000003,2564.688,1260.439,313.3852,238.0647,233.437,-21.20128,62666370000000.0,49210400000000.0,5483791000000.0,0.625552,4.582044e-06,-2.549457e-06,-6.983511e-06,-2.462807e-06,1.707738e-06,-1.146697e-05,-9.81827e-06,7.282627e-06,43347440000000.0,4606582000000.0,0.5405836,4.186295e-06,-2.266664e-06,-6.317003e-06,-2.188281e-06,1.620366e-06,-1.041319e-05,-8.906642e-06,6.712485e-06,29699250000000.0,2602739000000.0,0.3510921,2.93687e-06,-1.460401e-06,-4.300104e-06,-1.407297e-06,1.260587e-06,-7.173656e-06,-6.116172e-06,4.829888e-06,1428578000000.0,149000000000000.0,1.798395,45590000000000.0,-1.480488
821,0.8301,26.22955,6.361887999999996,2572.591,1267.52,319.7546,51.25404,424.4881,-224.0289,41329050000000.0,26815820000000.0,2720694000000.0,0.5137849,1.785596e-06,-8.71987e-07,-2.606272e-06,-8.373439e-07,7.974926e-07,-4.352142e-06,-3.711491e-06,2.980841e-06,24989660000000.0,2269768000000.0,0.4500893,1.594621e-06,-7.604775e-07,-2.309062e-06,-7.29747e-07,7.297739e-07,-3.868179e-06,-3.295991e-06,2.67925e-06,19799500000000.0,1322662000000.0,0.3076349,1.133028e-06,-5.049825e-07,-1.604849e-06,-4.835875e-07,5.524651e-07,-2.7126e-06,-2.305918e-06,1.936875e-06,882240700000.0,73970000000000.0,1.245131,15670000000000.0,-0.9641
822,0.8254,25.97208,6.014471000000002,2567.987,1250.942,300.9564,134.9114,414.968,71.94347,44212470000000.0,37965060000000.0,3793051000000.0,0.5749036,2.433647e-06,-1.650598e-06,-4.009262e-06,-1.601546e-06,6.2087e-07,-6.39114e-06,-5.516284e-06,3.587775e-06,35946660000000.0,3406458000000.0,0.509286,2.300386e-06,-1.520625e-06,-3.749828e-06,-1.474562e-06,6.254888e-07,-6.001247e-06,-5.17421e-06,3.429422e-06,28545880000000.0,2305541000000.0,0.3490986,1.832e-06,-1.109901e-06,-2.884323e-06,-1.074105e-06,5.963939e-07,-4.677238e-06,-4.018341e-06,2.827927e-06,1121867000000.0,186200000000000.0,1.501919,47580000000000.0,-1.286
823,0.8321,26.24743,5.775050999999995,2579.455,1271.902,290.8673,-187.7701,221.3881,-126.0278,29218680000000.0,27488620000000.0,2341598000000.0,0.5213432,1.188687e-06,2.737455e-07,-8.856774e-07,2.927232e-07,1.385184e-06,-2.043761e-06,-1.619456e-06,2.847694e-06,26815820000000.0,2156072000000.0,0.4716467,1.136954e-06,2.559175e-07,-8.529421e-07,2.739672e-07,1.318653e-06,-1.960616e-06,-1.554748e-06,2.717337e-06,20376180000000.0,1449287000000.0,0.3105365,9.112365e-07,1.866042e-07,-7.017433e-07,2.007006e-07,1.037159e-06,-1.589484e-06,-1.264082e-06,2.15753e-06,881835000000.0,159700000000000.0,1.177733,32000000000000.0,-1.00089
824,0.8331,26.01918,6.409159000000003,2583.858,1261.303,322.9792,-215.4172,343.4798,-244.2753,35946660000000.0,22394580000000.0,1872356000000.0,0.4786785,1.112494e-06,2.089531e-07,-8.763917e-07,2.269639e-07,1.249735e-06,-1.960798e-06,-1.563484e-06,2.618715e-06,20568410000000.0,1568048000000.0,0.4211008,9.865826e-07,1.806408e-07,-7.817338e-07,1.964902e-07,1.103222e-06,-1.74339e-06,-1.39101e-06,2.317042e-06,14321000000000.0,839014700000.0,0.2757036,6.452019e-07,1.087056e-07,-5.203706e-07,1.187923e-07,7.111386e-07,-1.149235e-06,-9.187096e-07,1.504452e-06,794335700000.0,92380000000000.0,1.191685,18730000000000.0,-0.9573374
826,0.8321,27.00047,6.254157999999997,2560.657,1304.746,314.9548,189.925,170.2793,-205.6549,32678780000000.0,24893540000000.0,2301473000000.0,0.4967883,1.397035e-06,-8.683298e-07,-2.225788e-06,-8.396128e-07,4.417735e-07,-3.591623e-06,-3.090829e-06,2.151123e-06,21529550000000.0,1857898000000.0,0.4271341,1.252392e-06,-7.583505e-07,-1.975118e-06,-7.327511e-07,4.156458e-07,-3.199527e-06,-2.750542e-06,1.947774e-06,14513220000000.0,968531400000.0,0.2820175,8.592693e-07,-4.851924e-07,-1.319738e-06,-4.679137e-07,3.193758e-07,-2.159785e-06,-1.851652e-06,1.370098e-06,872269700000.0,52390000000000.0,1.010606,9008000000000.0,-0.765369
827,0.8307,25.62464,4.822023999999994,2593.439,1243.939,242.6462,90.95792,304.0974,-520.8369,45846410000000.0,44020240000000.0,3814473000000.0,0.608109,2.461731e-06,-9.293998e-07,-3.321566e-06,-8.838354e-07,1.369635e-06,-5.728222e-06,-4.84492e-06,4.381529e-06,42194080000000.0,3370083000000.0,0.5372806,2.311369e-06,-8.521976e-07,-3.097949e-06,-8.096901e-07,1.305506e-06,-5.357553e-06,-4.528134e-06,4.132937e-06,28065310000000.0,1877484000000.0,0.3441317,1.70566e-06,-5.776074e-07,-2.233986e-06,-5.470341e-07,1.012043e-06,-3.90131e-06,-3.289038e-06,3.097106e-06,1576805000000.0,55070000000000.0,1.251944,11730000000000.0,-0.9981
828,0.8318,26.39149,6.376548,2572.8,1276.672,320.9718,49.12688,136.6162,-128.8836,249800500000000.0,195111600000000.0,23001450000000.0,0.9841101,3.833622e-05,-2.895356e-06,-3.97964e-05,-2.612512e-06,3.165548e-05,-7.719527e-05,-6.334537e-05,7.796398e-05,173389800000000.0,20121870000000.0,0.8565083,3.580233e-05,-2.630603e-06,-3.708096e-05,-2.378886e-06,2.959771e-05,-7.200734e-05,-5.906891e-05,7.282492e-05,121680400000000.0,12118850000000.0,0.5604973,2.696749e-05,-1.817961e-06,-2.773675e-05,-1.660733e-06,2.235649e-05,-5.40429e-05,-4.428693e-05,5.486323e-05,3949058000000.0,129200000000000.0,3.611645,79390000000000.0,-3.172
830,0.8361,26.62753,6.492805000000001,2577.719,1292.375,328.1725,145.0113,152.0993,-305.9577,190113600000000.0,67856530000000.0,8672613000000.0,0.6931761,1.067529e-05,-2.247069e-06,-1.256944e-05,-2.098685e-06,7.564353e-06,-2.299623e-05,-1.915367e-05,2.054038e-05,60551860000000.0,7258850000000.0,0.6026275,9.392986e-06,-1.926168e-06,-1.100634e-05,-1.798023e-06,6.69912e-06,-2.018055e-05,-1.679881e-05,1.811252e-05,49018170000000.0,4494487000000.0,0.4134584,6.729198e-06,-1.278187e-06,-7.778335e-06,-1.191601e-06,4.884617e-06,-1.435054e-05,-1.192621e-05,1.30527e-05,1720842000000.0,164500000000000.0,2.455739,68730000000000.0,-2.300201
835,0.8392,26.65985,6.385992000000001,2585.263,1297.983,323.7644,-486.8794,-108.795,43.52919,36331120000000.0,32774900000000.0,2958557000000.0,0.542319,1.709084e-06,2.069484e-06,3.933803e-07,2.086931e-06,3.662853e-06,-1.264929e-06,-6.580158e-07,5.781861e-06,28545880000000.0,2499260000000.0,0.4680826,1.565958e-06,1.841704e-06,3.061957e-07,1.85748e-06,3.300935e-06,-1.213208e-06,-6.570635e-07,5.242095e-06,18838360000000.0,1384546000000.0,0.3002213,1.126395e-06,1.212703e-06,1.087532e-07,1.223551e-06,2.260665e-06,-9.840889e-07,-5.839142e-07,3.656014e-06,1061251000000.0,85050000000000.0,1.178289,17050000000000.0,-0.946143
838,0.8385,26.64116,6.394327999999999,2583.609,1296.097,323.9301,-125.5808,257.5822,108.9904,45654180000000.0,45269730000000.0,4080380000000.0,0.6076421,2.48158e-06,-8.835925e-08,-2.503582e-06,-4.734659e-08,2.22681e-06,-4.923779e-06,-4.036106e-06,5.270719e-06,44116360000000.0,3738825000000.0,0.550484,2.375952e-06,-8.301888e-08,-2.395233e-06,-4.395972e-08,2.132938e-06,-4.712402e-06,-3.86245e-06,5.046933e-06,29987590000000.0,2214950000000.0,0.3514409,1.808294e-06,-5.792486e-08,-1.816919e-06,-2.900472e-08,1.626014e-06,-3.580427e-06,-2.933299e-06,3.842452e-06,1292903000000.0,58270000000000.0,1.186217,11760000000000.0,-0.974655
842,0.8483,25.63927,7.112819000000004,2625.826,1260.298,363.4469,497.248,22.60394,178.4207,39214540000000.0,36427230000000.0,3484413000000.0,0.5581297,1.998083e-06,-2.316635e-06,-4.250608e-06,-2.270236e-06,-4.447774e-07,-6.210473e-06,-5.490684e-06,1.986045e-06,33639920000000.0,3126568000000.0,0.4973744,1.891232e-06,-2.141908e-06,-3.972239e-06,-2.098195e-06,-3.708205e-07,-5.82726e-06,-5.145911e-06,1.929652e-06,25662460000000.0,1993586000000.0,0.3322125,1.475841e-06,-1.535699e-06,-2.963353e-06,-1.502219e-06,-1.556631e-07,-4.410836e-06,-3.878972e-06,1.638447e-06,1095367000000.0,99190000000000.0,1.220678,20600000000000.0,-1.01079
846,0.8559,25.7237,5.229134999999995,2651.944,1277.646,269.4042,474.6956,293.0373,-332.7851,71124410000000.0,50556000000000.0,4476227000000.0,0.6504055,3.134765e-06,-3.343033e-06,-6.372264e-06,-3.272282e-06,-4.174754e-07,-9.449158e-06,-8.317642e-06,3.387312e-06,49402630000000.0,3957929000000.0,0.5590201,2.91583e-06,-2.998006e-06,-5.815063e-06,-2.932758e-06,-2.786083e-07,-8.676952e-06,-7.624323e-06,3.259461e-06,36619460000000.0,2617239000000.0,0.3726788,2.281496e-06,-2.133681e-06,-4.33655e-06,-2.083898e-06,-1.000328e-08,-6.57562e-06,-5.751659e-06,2.756171e-06,1388773000000.0,141600000000000.0,1.618007,38980000000000.0,-1.461
847,0.8559,25.1044,4.866072000000005,2667.277,1249.693,250.7634,295.8884,169.2149,-519.6432,54977250000000.0,37965060000000.0,3548586000000.0,0.5665552,2.378233e-06,-1.505802e-06,-3.812056e-06,-1.458536e-06,7.140898e-07,-6.140355e-06,-5.285153e-06,3.615239e-06,36811690000000.0,3199591000000.0,0.5101179,2.242539e-06,-1.388337e-06,-3.562708e-06,-1.344043e-06,7.039957e-07,-5.758111e-06,-4.951634e-06,3.439128e-06,28065310000000.0,2023238000000.0,0.3415871,1.68095e-06,-9.483255e-07,-2.577204e-06,-9.160392e-07,6.170457e-07,-4.222671e-06,-3.617915e-06,2.665622e-06,1107061000000.0,146500000000000.0,1.52738,38070000000000.0,-1.30977
848,0.8528,25.30695,7.107861999999997,2644.257,1250.327,364.731,382.6197,178.6839,138.8599,52670510000000.0,50652110000000.0,4614916000000.0,0.6235228,3.039261e-06,-2.781711e-06,-5.721791e-06,-2.71549e-06,5.581738e-08,-8.700621e-06,-7.605901e-06,3.751064e-06,48345380000000.0,4134689000000.0,0.555172,2.869202e-06,-2.566998e-06,-5.342224e-06,-2.504826e-06,1.106594e-07,-8.15434e-06,-7.120777e-06,3.598571e-06,29507020000000.0,2308644000000.0,0.3474559,2.053551e-06,-1.683418e-06,-3.668669e-06,-1.639974e-06,2.296845e-07,-5.681262e-06,-4.941214e-06,2.724325e-06,1485626000000.0,85240000000000.0,1.399073,20290000000000.0,-1.17018
849,0.8542,25.32839,7.089547999999998,2647.547,1253.095,364.2988,41.46198,-0.6207982,9.361914,53631650000000.0,51613250000000.0,5454371000000.0,0.6250768,4.270178e-06,-2.734547e-07,-4.416603e-06,-2.128383e-07,3.674376e-06,-8.580977e-06,-7.049758e-06,8.890228e-06,50267660000000.0,5108577000000.0,0.566223,4.14944e-06,-2.60476e-07,-4.286031e-06,-2.020514e-07,3.574223e-06,-8.332648e-06,-6.844571e-06,8.641822e-06,42386300000000.0,3860642000000.0,0.3917323,3.628854e-06,-2.104498e-07,-3.729266e-06,-1.611653e-07,3.137442e-06,-7.268158e-06,-5.966196e-06,7.566319e-06,1361042000000.0,276200000000000.0,1.911611,89830000000000.0,-1.66617
850,0.8549,25.16921,6.622093000000001,2655.297,1247.745,340.6044,231.4027,71.06499,257.9813,35081630000000.0,31909870000000.0,2756368000000.0,0.5436508,1.512574e-06,-1.05344e-06,-2.521541e-06,-1.022218e-06,3.628501e-07,-4.001116e-06,-3.458269e-06,2.21067e-06,30179820000000.0,2428625000000.0,0.4773082,1.418538e-06,-9.619512e-07,-2.338615e-06,-9.32837e-07,3.657541e-07,-3.72619e-06,-3.217043e-06,2.098417e-06,20760640000000.0,1469842000000.0,0.3099362,1.076436e-06,-6.652222e-07,-1.709405e-06,-6.436102e-07,3.407463e-07,-2.762303e-06,-2.375805e-06,1.65475e-06,1011862000000.0,125800000000000.0,1.244673,26640000000000.0,-1.03554
853,0.8542,26.81759,5.185205000000004,2623.28,1326.125,266.7431,123.4307,67.05599,-77.25613,34120490000000.0,31717640000000.0,2682187000000.0,0.5351094,1.396212e-06,-5.187189e-07,-1.876561e-06,-4.919132e-07,7.891463e-07,-3.239854e-06,-2.7401e-06,2.499855e-06,30083700000000.0,2365710000000.0,0.4740121,1.308787e-06,-4.742935e-07,-1.74699e-06,-4.492968e-07,7.512639e-07,-3.024914e-06,-2.556412e-06,2.354643e-06,19511160000000.0,1331682000000.0,0.3022585,9.698305e-07,-3.221982e-07,-1.264931e-06,-3.040484e-07,5.847744e-07,-2.21188e-06,-1.864597e-06,1.772297e-06,1033044000000.0,62440000000000.0,1.029808,10940000000000.0,-0.8347744
854,0.86,25.27326,6.8973300000000055,2663.513,1257.516,356.2988,-127.6032,-152.7475,56.90091,78621310000000.0,41425160000000.0,4231004000000.0,0.5835343,3.69078e-06,1.285861e-06,-2.311845e-06,1.334015e-06,4.714651e-06,-5.903095e-06,-4.585711e-06,9.252469e-06,38157280000000.0,3607580000000.0,0.5133714,3.340013e-06,1.132465e-06,-2.12278e-06,1.175481e-06,4.233593e-06,-5.372706e-06,-4.180346e-06,8.339202e-06,25662460000000.0,1983708000000.0,0.3308459,2.265579e-06,6.999069e-07,-1.506828e-06,7.276827e-07,2.798973e-06,-3.711259e-06,-2.902019e-06,5.581521e-06,1253525000000.0,99830000000000.0,1.574353,26740000000000.0,-1.35234
856,0.8587,25.27791,6.861860000000007,2660.115,1256.176,354.0102,226.577,-117.1247,84.34659,41040710000000.0,36619460000000.0,3309449000000.0,0.5579177,1.988662e-06,-7.905822e-07,-2.722783e-06,-7.528493e-07,1.06867e-06,-4.665442e-06,-3.952805e-06,3.501981e-06,34216610000000.0,2857311000000.0,0.4939394,1.844159e-06,-7.169237e-07,-2.508531e-06,-6.821317e-07,1.006595e-06,-4.310019e-06,-3.649105e-06,3.262765e-06,19511160000000.0,1371963000000.0,0.3014801,1.252228e-06,-4.464038e-07,-1.6624e-06,-4.233489e-07,7.220943e-07,-2.885624e-06,-2.436673e-06,2.253154e-06,1224188000000.0,49310000000000.0,1.128561,9468000000000.0,-0.875754
857,0.8569,25.20859,4.839025000000004,2667.454,1255.697,249.5925,118.3801,-49.07793,-504.1891,32871010000000.0,27873080000000.0,2604349000000.0,0.5114557,1.387372e-06,-1.592778e-07,-1.51064e-06,-1.348877e-07,1.138868e-06,-2.86489e-06,-2.368429e-06,2.842103e-06,26335250000000.0,2308448000000.0,0.4531213,1.295212e-06,-1.446188e-07,-1.406037e-06,-1.220068e-07,1.066769e-06,-2.670298e-06,-2.206776e-06,2.656572e-06,20280070000000.0,1513837000000.0,0.3071058,1.010144e-06,-1.036308e-07,-1.086979e-06,-8.640082e-08,8.398001e-07,-2.072916e-06,-1.711306e-06,2.078966e-06,883576600000.0,134900000000000.0,1.197746,27490000000000.0,-0.9967726
858,0.859,25.58206,5.343814000000004,2662.644,1274.701,276.1294,56.46534,173.4123,-362.1248,33351580000000.0,30948730000000.0,2645865000000.0,0.526494,1.406701e-06,-3.470378e-07,-1.716078e-06,-3.211945e-07,9.697277e-07,-3.089531e-06,-2.586005e-06,2.694819e-06,27873080000000.0,2328101000000.0,0.4629315,1.311945e-06,-3.149072e-07,-1.591567e-06,-2.9096e-07,9.126545e-07,-2.872484e-06,-2.402834e-06,2.521273e-06,20280070000000.0,1456936000000.0,0.3073622,1.001293e-06,-2.203718e-07,-1.194315e-06,-2.025035e-07,7.151923e-07,-2.171881e-06,-1.813322e-06,1.942205e-06,994382600000.0,110100000000000.0,1.162179,21770000000000.0,-0.961983
862,0.8614,25.7402,5.9649500000000035,2662.057,1283.463,308.7873,263.973,-63.53981,-133.9389,28930330000000.0,27104170000000.0,2269226000000.0,0.5093675,1.107922e-06,-6.143006e-07,-1.690997e-06,-5.921628e-07,4.238066e-07,-2.773785e-06,-2.376741e-06,1.779749e-06,25374110000000.0,2032424000000.0,0.4489264,1.042466e-06,-5.611727e-07,-1.574138e-06,-5.404637e-07,4.15215e-07,-2.592945e-06,-2.219323e-06,1.690847e-06,17684990000000.0,1309872000000.0,0.2916933,8.073479e-07,-3.933005e-07,-1.177456e-06,-3.776119e-07,3.617516e-07,-1.966454e-06,-1.676996e-06,1.349094e-06,887661400000.0,130100000000000.0,1.110469,24580000000000.0,-0.937827
865,0.8618,25.60498,5.966485000000005,2665.802,1277.523,308.9512,192.0431,125.0023,-191.2582,37772830000000.0,20664520000000.0,1831047000000.0,0.4617472,1.191558e-06,-6.11146e-07,-1.768491e-06,-5.875966e-07,5.039625e-07,-2.933106e-06,-2.5059e-06,1.96119e-06,18357790000000.0,1464363000000.0,0.4041053,1.028479e-06,-5.184923e-07,-1.517348e-06,-4.982619e-07,4.436947e-07,-2.522566e-06,-2.153799e-06,1.701326e-06,10476430000000.0,595604100000.0,0.2451537,5.408789e-07,-2.534987e-07,-7.785787e-07,-2.43087e-07,2.517935e-07,-1.307211e-06,-1.113207e-06,9.128107e-07,783805400000.0,52840000000000.0,1.151276,10350000000000.0,-0.8538649
866,0.8656,25.743650000000002,4.867725000000002,2676.197,1290.478,253.0262,50.26899,108.1288,-363.9905,194342600000000.0,59975180000000.0,6021410000000.0,0.6538054,6.454361e-06,-5.983933e-07,-6.858784e-06,-5.064151e-07,5.365642e-06,-1.315639e-05,-1.084007e-05,1.324515e-05,53151080000000.0,4961221000000.0,0.5710421,5.678799e-06,-5.141678e-07,-6.021248e-06,-4.343368e-07,4.729748e-06,-1.156207e-05,-9.523743e-06,1.166063e-05,32198210000000.0,2363996000000.0,0.3555691,3.535006e-06,-2.945121e-07,-3.720172e-06,-2.473704e-07,2.961693e-06,-7.169154e-06,-5.899523e-06,7.271874e-06,1693099000000.0,63060000000000.0,1.893031,20310000000000.0,-1.734234
868,0.8649,26.51813,5.726291999999995,2653.703,1324.136,297.3924,221.8742,153.5768,-191.8078,96594640000000.0,93999560000000.0,9707383000000.0,0.7632133,1.061927e-05,-3.158744e-06,-1.340383e-05,-3.010416e-06,6.569452e-06,-2.378475e-05,-1.995413e-05,1.943683e-05,91981160000000.0,9010745000000.0,0.6878474,1.025544e-05,-2.98694e-06,-1.287933e-05,-2.845479e-06,6.402358e-06,-2.290451e-05,-1.920457e-05,1.882599e-05,72662230000000.0,6419259000000.0,0.4667707,8.673193e-06,-2.324314e-06,-1.06843e-05,-2.21123e-06,5.595836e-06,-1.916244e-05,-1.60313e-05,1.609207e-05,2152590000000.0,245600000000000.0,2.721034,113700000000000.0,-2.36
869,0.867,25.87081,5.282938999999995,2676.166,1297.792,275.019,458.1138,64.70545,-484.4642,68240990000000.0,20568410000000.0,2533776000000.0,0.4573224,2.528289e-06,-1.708349e-06,-4.153973e-06,-1.657516e-06,6.437777e-07,-6.631721e-06,-5.72038e-06,3.71722e-06,15474360000000.0,1671772000000.0,0.379902,1.914683e-06,-1.293343e-06,-3.145443e-06,-1.254827e-06,4.879951e-07,-5.021852e-06,-4.331696e-06,2.815558e-06,9226950000000.0,565681200000.0,0.2348566,9.117558e-07,-6.046247e-07,-1.486455e-06,-5.864037e-07,2.432458e-07,-2.379967e-06,-2.051288e-06,1.351406e-06,777897300000.0,28590000000000.0,1.32704,6455000000000.0,-0.870294
873,0.8691,25.84246,5.2252719999999995,2681.545,1298.762,272.4816,-196.9066,-134.2236,-345.7694,147246700000000.0,80639700000000.0,8726486000000.0,0.7208813,1.266814e-05,4.495058e-06,-7.828517e-06,4.598869e-06,1.61162e-05,-2.014308e-05,-1.561226e-05,3.164707e-05,76122340000000.0,7796279000000.0,0.6426187,1.189511e-05,4.123292e-06,-7.445975e-06,4.218416e-06,1.502776e-05,-1.900896e-05,-1.475389e-05,2.960687e-05,55457820000000.0,4978663000000.0,0.4257114,8.725186e-06,2.782027e-06,-5.69741e-06,2.844906e-06,1.075852e-05,-1.417864e-05,-1.105533e-05,2.14406e-05,1968415000000.0,204000000000000.0,2.549275,88480000000000.0,-2.31759
875,0.8701,25.870740000000005,4.953571999999999,2684.034,1301.604,258.542,-118.9167,-387.9602,-229.3535,61128550000000.0,56707300000000.0,6129064000000.0,0.6406897,4.290232e-06,2.396299e-06,-1.792424e-06,2.443134e-06,6.374572e-06,-5.962648e-06,-4.432912e-06,1.166079e-05,51517140000000.0,5436013000000.0,0.5641224,4.049975e-06,2.208909e-06,-1.744684e-06,2.252578e-06,5.962623e-06,-5.681322e-06,-4.237093e-06,1.095184e-05,34216610000000.0,3160036000000.0,0.3619722,3.001027e-06,1.504105e-06,-1.423871e-06,1.534859e-06,4.280389e-06,-4.340789e-06,-3.270136e-06,7.974576e-06,1613323000000.0,69120000000000.0,1.404779,16520000000000.0,-1.16721
876,0.8694,25.76311,5.273418999999998,2683.643,1295.192,275.0374,-386.8439,277.0369,-548.5521,30852620000000.0,16819960000000.0,1627010000000.0,0.43377,9.821223e-07,7.419485e-07,-2.199399e-07,7.551781e-07,1.660979e-06,-1.175902e-06,-8.25949e-07,2.875824e-06,14321000000000.0,1255441000000.0,0.3699663,8.353302e-07,6.163352e-07,-2.016625e-07,6.274897e-07,1.397663e-06,-1.014711e-06,-7.170435e-07,2.430733e-06,11149230000000.0,656063400000.0,0.2507843,5.426609e-07,3.763423e-07,-1.548442e-07,3.834144e-07,8.833195e-07,-6.829792e-07,-4.895655e-07,1.554087e-06,622843200000.0,78910000000000.0,1.123236,15080000000000.0,-0.8440069
878,0.8708,24.99802,5.921522000000001,2701.806,1259.759,309.1949,258.569,179.1984,115.0862,50459880000000.0,46134750000000.0,4483161000000.0,0.5977876,2.91223e-06,-1.988748e-06,-4.810162e-06,-1.92965e-06,7.288493e-07,-7.66021e-06,-6.61334e-06,4.277574e-06,43155220000000.0,4004624000000.0,0.5360959,2.74618e-06,-1.834545e-06,-4.494776e-06,-1.779137e-06,7.270833e-07,-7.182299e-06,-6.195024e-06,4.072943e-06,27008050000000.0,2147851000000.0,0.3349741,1.989592e-06,-1.216261e-06,-3.142589e-06,-1.177151e-06,6.363511e-07,-5.089619e-06,-4.374033e-06,3.058727e-06,1396499000000.0,79580000000000.0,1.339047,18130000000000.0,-1.10088
883,0.8754,25.412630000000004,6.6096740000000045,2699.429,1282.512,346.3046,336.5994,227.9552,-99.94949,39310650000000.0,35177750000000.0,3348603000000.0,0.5449981,1.992397e-06,-1.85435e-06,-3.78445e-06,-1.810724e-06,1.014395e-08,-5.736211e-06,-5.019561e-06,2.437344e-06,32294330000000.0,2968938000000.0,0.4835664,1.8768e-06,-1.70471e-06,-3.522606e-06,-1.663834e-06,5.090612e-08,-5.361103e-06,-4.685971e-06,2.336915e-06,22779030000000.0,1794766000000.0,0.3156214,1.425975e-06,-1.184731e-06,-2.565286e-06,-1.154341e-06,1.470349e-07,-3.962091e-06,-3.448941e-06,1.882814e-06,1090510000000.0,121900000000000.0,1.297995,26920000000000.0,-1.07415
885,0.8729,26.99278,5.400318000000006,2662.89,1356.387,282.5074,193.1881,333.7102,-120.8088,32871010000000.0,31621530000000.0,2815627000000.0,0.5314728,1.501204e-06,-1.176037e-06,-2.631999e-06,-1.144571e-06,2.287749e-07,-4.101297e-06,-3.562004e-06,2.060659e-06,30372040000000.0,2579842000000.0,0.4742273,1.437269e-06,-1.099009e-06,-2.492814e-06,-1.069029e-06,2.455028e-07,-3.899519e-06,-3.383153e-06,1.999121e-06,24412970000000.0,1827912000000.0,0.3243619,1.191144e-06,-8.360693e-07,-1.990717e-06,-8.116917e-07,2.766926e-07,-3.156478e-06,-2.728405e-06,1.729222e-06,959713400000.0,148000000000000.0,1.242244,31280000000000.0,-1.05633
886,0.875,27.15164,5.405748000000001,2664.037,1366.288,283.3162,65.67755,304.6546,-154.948,47576460000000.0,39022310000000.0,4267165000000.0,0.5657246,2.762575e-06,-1.066394e-06,-3.747823e-06,-1.01574e-06,1.509165e-06,-6.447244e-06,-5.456136e-06,4.884584e-06,36811690000000.0,3762419000000.0,0.5032771,2.574742e-06,-9.707223e-07,-3.469506e-06,-9.238495e-07,1.428645e-06,-5.985365e-06,-5.061544e-06,4.574004e-06,26239140000000.0,2252670000000.0,0.3313149,1.904978e-06,-6.61361e-07,-2.509226e-06,-6.276226e-07,1.110865e-06,-4.370578e-06,-3.686785e-06,3.436472e-06,1172230000000.0,93060000000000.0,1.354772,21450000000000.0,-1.09692
887,0.8726,26.75582,4.864077000000004,2670.378,1346.322,254.4935,421.3007,196.9069,99.29579,36042770000000.0,27680850000000.0,2603313000000.0,0.5108727,1.466493e-06,-1.825441e-06,-3.24553e-06,-1.790743e-06,-4.494265e-07,-4.683776e-06,-4.15581e-06,1.335847e-06,25181890000000.0,2197497000000.0,0.4433188,1.334963e-06,-1.617375e-06,-2.909919e-06,-1.585958e-06,-3.653231e-07,-4.219142e-06,-3.738485e-06,1.259539e-06,17781100000000.0,1262748000000.0,0.2938082,9.406054e-07,-1.048395e-06,-1.958704e-06,-1.026655e-06,-1.674855e-07,-2.881117e-06,-2.542343e-06,9.767098e-07,911530500000.0,66030000000000.0,1.081526,12150000000000.0,-0.860706
888,0.8733,26.76255,4.889897000000001,2671.794,1347.429,256.0018,-46.72181,126.03,-255.6255,30468160000000.0,28545880000000.0,2385869000000.0,0.527269,1.23462e-06,2.347091e-08,-1.179687e-06,4.474035e-08,1.179113e-06,-2.383503e-06,-1.94241e-06,2.696208e-06,26911940000000.0,2067812000000.0,0.4618166,1.144511e-06,2.118176e-08,-1.094035e-06,4.077069e-08,1.092066e-06,-2.209981e-06,-1.801043e-06,2.498218e-06,17012190000000.0,1088800000000.0,0.2872254,8.138265e-07,1.371442e-08,-7.789379e-07,2.729541e-08,7.740673e-07,-1.572431e-06,-1.281543e-06,1.773352e-06,963708800000.0,79780000000000.0,1.088885,14780000000000.0,-0.869121
889,0.8779,25.33774,6.281905999999996,2708.6,1282.533,329.9028,235.8232,184.327,-166.4113,35850550000000.0,29410900000000.0,2754632000000.0,0.5128756,1.664317e-06,-1.099458e-06,-2.714265e-06,-1.065448e-06,4.57496e-07,-4.342269e-06,-3.744813e-06,2.48973e-06,26239140000000.0,2354684000000.0,0.4518703,1.532394e-06,-9.901181e-07,-2.476755e-06,-9.589793e-07,4.428642e-07,-3.975702e-06,-3.425551e-06,2.313723e-06,18742240000000.0,1309204000000.0,0.2959656,1.07949e-06,-6.422146e-07,-1.68899e-06,-6.207711e-07,3.656769e-07,-2.744883e-06,-2.357185e-06,1.682787e-06,954678000000.0,138500000000000.0,1.355036,31930000000000.0,-1.08603
890,0.8757,26.24897,6.581476000000007,2681.255,1322.189,344.9213,223.2388,26.93657,-162.6682,33447700000000.0,26815820000000.0,2547436000000.0,0.4976595,1.326332e-06,-7.08323e-07,-1.997387e-06,-6.817416e-07,5.347716e-07,-3.293523e-06,-2.818297e-06,2.15825e-06,25181890000000.0,2219034000000.0,0.4426913,1.229454e-06,-6.42187e-07,-1.836979e-06,-6.176648e-07,5.097327e-07,-3.038435e-06,-2.597885e-06,2.014433e-06,17492760000000.0,1255600000000.0,0.2933616,8.568025e-07,-4.122605e-07,-1.244588e-06,-3.954993e-07,3.894609e-07,-2.081858e-06,-1.774742e-06,1.437541e-06,875268500000.0,56630000000000.0,0.988703,9526000000000.0,-0.778635
891,0.8779,25.19089,6.129836000000001,2712.631,1275.94,321.944,103.3269,39.89522,-44.03057,32390440000000.0,29314790000000.0,2579626000000.0,0.5160309,1.302514e-06,-3.765347e-07,-1.643519e-06,-3.522104e-07,8.427531e-07,-2.914874e-06,-2.448808e-06,2.439182e-06,27296390000000.0,2281283000000.0,0.455135,1.218416e-06,-3.42996e-07,-1.52805e-06,-3.20376e-07,7.971434e-07,-2.717316e-06,-2.2813e-06,2.290281e-06,19318930000000.0,1399403000000.0,0.2995416,9.244043e-07,-2.384222e-07,-1.13717e-06,-2.216269e-07,6.254339e-07,-2.039449e-06,-1.708532e-06,1.757676e-06,943936300000.0,105900000000000.0,1.118913,20160000000000.0,-0.92862
892,0.8779,27.098700000000004,6.829845000000006,2665.447,1363.902,358.6108,61.50764,417.3598,-282.9427,50748230000000.0,43155220000000.0,4395288000000.0,0.5952761,2.898932e-06,-1.25952e-06,-4.072448e-06,-1.20598e-06,1.442148e-06,-6.906847e-06,-5.865844e-06,4.9822e-06,40944590000000.0,3893622000000.0,0.5239971,2.719669e-06,-1.150385e-06,-3.788959e-06,-1.100553e-06,1.382934e-06,-6.448036e-06,-5.471296e-06,4.703395e-06,30852620000000.0,2541622000000.0,0.3530058,2.150442e-06,-8.370544e-07,-2.922304e-06,-7.98703e-07,1.16265e-06,-5.024716e-06,-4.252111e-06,3.786342e-06,1241576000000.0,133300000000000.0,1.49961,34010000000000.0,-1.26324
893,0.8796,27.13166,6.501616000000006,2670.798,1368.579,342.0097,-162.9944,302.7442,73.86897,51901600000000.0,48153150000000.0,4664562000000.0,0.6068335,3.071118e-06,-8.740943e-09,-2.996374e-06,3.922911e-08,2.849384e-06,-5.991137e-06,-4.892065e-06,6.614044e-06,45558070000000.0,4150662000000.0,0.5437833,2.896415e-06,-8.080829e-09,-2.825447e-06,3.684364e-08,2.686441e-06,-5.649829e-06,-4.613183e-06,6.23641e-06,24124630000000.0,1997926000000.0,0.3222061,1.86862e-06,-4.775961e-09,-1.821427e-06,2.321656e-08,1.730422e-06,-3.643516e-06,-2.974423e-06,4.019018e-06,1452780000000.0,111500000000000.0,1.474941,27980000000000.0,-1.22859
898,0.88,27.16578,4.905982999999994,2677.679,1374.119,258.3371,-110.0162,209.1949,49.84229,29987590000000.0,26623600000000.0,2355525000000.0,0.5061699,1.15123e-06,-6.274499e-09,-1.127898e-06,1.36444e-08,1.071119e-06,-2.25043e-06,-1.839091e-06,2.485307e-06,25662460000000.0,2108627000000.0,0.4481531,1.084593e-06,-5.753585e-09,-1.062341e-06,1.289734e-08,1.008907e-06,-2.119889e-06,-1.732325e-06,2.341044e-06,19511160000000.0,1391948000000.0,0.301219,8.558639e-07,-4.161971e-09,-8.376161e-07,1.023761e-08,7.954982e-07,-1.672123e-06,-1.366195e-06,1.846171e-06,851688800000.0,80770000000000.0,1.026783,14110000000000.0,-0.8399349
901,0.8881,25.878820000000005,5.834424999999997,2723.049,1320.998,309.2635,241.2624,-91.27077,340.6671,41905730000000.0,29987590000000.0,2723989000000.0,0.5145241,1.603735e-06,-8.306704e-07,-2.388264e-06,-7.992735e-07,6.69291e-07,-3.956209e-06,-3.380908e-06,2.630241e-06,26335250000000.0,2316949000000.0,0.4496907,1.450962e-06,-7.315604e-07,-2.140572e-06,-7.033548e-07,6.248668e-07,-3.559132e-06,-3.038578e-06,2.398674e-06,15570480000000.0,1159653000000.0,0.2771193,9.233436e-07,-4.239507e-07,-1.320111e-06,-4.064856e-07,4.376766e-07,-2.222786e-06,-1.891384e-06,1.565649e-06,996487500000.0,99180000000000.0,1.251025,21110000000000.0,-1.033456
904,0.8889,25.511820000000004,6.506251,2729.949,1302.81,344.9766,-240.8293,333.193,224.0661,36235000000000.0,30275930000000.0,2722204000000.0,0.520963,1.544736e-06,1.94309e-07,-1.311961e-06,2.194957e-07,1.638687e-06,-2.818019e-06,-2.26608e-06,3.538214e-06,27969190000000.0,2359117000000.0,0.4566124,1.440185e-06,1.762302e-07,-1.227906e-06,1.995395e-07,1.52228e-06,-2.632005e-06,-2.117376e-06,3.292931e-06,17973330000000.0,1336953000000.0,0.2938028,1.077744e-06,1.20469e-07,-9.298064e-07,1.374475e-07,1.126242e-06,-1.980483e-06,-1.595239e-06,2.450459e-06,982454000000.0,122800000000000.0,1.225781,25610000000000.0,-1.021582
905,0.8867,25.60563,6.5626330000000035,2722.937,1304.942,347.3703,252.6693,173.2652,-28.90598,235095000000000.0,190786400000000.0,26152780000000.0,0.9534952,4.397397e-05,-9.800448e-06,-5.194407e-05,-9.424533e-06,2.965957e-05,-9.494025e-05,-7.898188e-05,8.24543e-05,172140300000000.0,22523410000000.0,0.8370647,4.054821e-05,-8.858389e-06,-4.770736e-05,-8.524105e-06,2.748931e-05,-8.735325e-05,-7.263422e-05,7.615108e-05,110146700000000.0,12281770000000.0,0.531175,2.783585e-05,-5.633047e-06,-3.226978e-05,-5.438647e-06,1.921073e-05,-5.94841e-05,-4.93686e-05,5.255941e-05,3895859000000.0,160600000000000.0,3.941595,107700000000000.0,-3.32046
908,0.8874,26.6005,5.132032000000006,2708.377,1356.284,272.0377,-76.43427,170.9403,-176.0334,43539670000000.0,39599000000000.0,3844102000000.0,0.5641878,2.341659e-06,3.903547e-08,-2.239671e-06,7.606387e-08,2.220283e-06,-4.522612e-06,-3.685047e-06,5.092123e-06,37100030000000.0,3502979000000.0,0.5122573,2.226862e-06,3.636466e-08,-2.130403e-06,7.134204e-08,2.109926e-06,-4.301415e-06,-3.504837e-06,4.840585e-06,26046910000000.0,2153287000000.0,0.3291838,1.667834e-06,2.477389e-08,-1.597191e-06,5.007837e-08,1.574946e-06,-3.223158e-06,-2.626275e-06,3.618624e-06,1179258000000.0,134800000000000.0,1.404874,32220000000000.0,-1.175933
911,0.8839,26.93636,7.019748000000004,2682.447,1363.024,370.4966,10.72191,210.8917,-315.4958,33928270000000.0,30564270000000.0,2966564000000.0,0.5190028,1.520868e-06,-2.64371e-07,-1.74484e-06,-2.370846e-07,1.158612e-06,-3.229223e-06,-2.685043e-06,3.024358e-06,29026450000000.0,2676334000000.0,0.4666513,1.441022e-06,-2.450561e-07,-1.647663e-06,-2.193366e-07,1.102784e-06,-3.0541e-06,-2.538452e-06,2.870346e-06,20760640000000.0,1648096000000.0,0.3049967,1.094822e-06,-1.707224e-07,-1.235908e-06,-1.516246e-07,8.518709e-07,-2.304412e-06,-1.912518e-06,2.194024e-06,951465800000.0,112500000000000.0,1.139998,21820000000000.0,-0.945846
913,0.8849,27.19453,7.168076,2677.826,1375.892,378.6256,40.29191,183.827,-111.3175,34697180000000.0,32871010000000.0,2832881000000.0,0.5347064,1.573964e-06,-4.128036e-07,-1.942983e-06,-3.844718e-07,1.057373e-06,-3.479409e-06,-2.915826e-06,2.984974e-06,31237070000000.0,2602916000000.0,0.4816472,1.509487e-06,-3.871434e-07,-1.854498e-06,-3.601188e-07,1.022341e-06,-3.327978e-06,-2.787437e-06,2.870737e-06,23355720000000.0,1757019000000.0,0.3181858,1.229533e-06,-2.874114e-07,-1.482111e-06,-2.659374e-07,8.589537e-07,-2.682293e-06,-2.241836e-06,2.363659e-06,1001251000000.0,212500000000000.0,1.36997,49530000000000.0,-1.181013
915,0.8853,26.92784,6.8546170000000055,2686.94,1364.804,362.2749,-115.7999,118.487,35.04156,38349510000000.0,29122560000000.0,2696667000000.0,0.5101844,1.563373e-06,1.747815e-07,-1.348498e-06,2.000569e-07,1.634951e-06,-2.871919e-06,-2.313526e-06,3.555778e-06,24124630000000.0,2148334000000.0,0.4350387,1.369507e-06,1.492545e-07,-1.184962e-06,1.712183e-07,1.427791e-06,-2.519466e-06,-2.03026e-06,3.110133e-06,14032650000000.0,1001031000000.0,0.2690104,8.313825e-07,8.39115e-08,-7.257158e-07,9.689748e-08,8.589626e-07,-1.53584e-06,-1.23875e-06,1.879684e-06,1000651000000.0,72810000000000.0,1.164869,14430000000000.0,-0.9120335
916,0.8874,25.71361,6.6248709999999935,2721.839,1310.729,350.8702,371.5588,-413.1645,-335.9964,129754000000000.0,114087400000000.0,13692150000000.0,0.8058695,1.636174e-05,-2.080496e-06,-1.788654e-05,-1.895361e-06,1.285794e-05,-3.386304e-05,-2.796558e-05,3.27181e-05,104283800000000.0,12147360000000.0,0.7084978,1.55207e-05,-1.927925e-06,-1.691798e-05,-1.75587e-06,1.223131e-05,-3.207294e-05,-2.647757e-05,3.106457e-05,73238920000000.0,7639047000000.0,0.4643904,1.218503e-05,-1.389151e-06,-1.314655e-05,-1.265379e-06,9.691213e-06,-2.504356e-05,-2.06473e-05,2.445785e-05,2589784000000.0,273900000000000.0,3.049326,142100000000000.0,-2.65716
917,0.8881,26.85905,6.747077999999998,2695.843,1365.257,357.5016,-125.7057,124.2169,-34.9048,28257540000000.0,26719710000000.0,2324134000000.0,0.4962538,1.148853e-06,1.879233e-07,-9.319065e-07,2.064695e-07,1.261525e-06,-2.051236e-06,-1.641045e-06,2.673823e-06,25758570000000.0,2142668000000.0,0.4454685,1.10175e-06,1.757507e-07,-8.980643e-07,1.934309e-07,1.204997e-06,-1.971498e-06,-1.578092e-06,2.559216e-06,19991730000000.0,1550208000000.0,0.3029505,9.248608e-07,1.349528e-07,-7.661282e-07,1.494515e-07,9.97855e-07,-1.667207e-06,-1.336857e-06,2.134081e-06,850488400000.0,228700000000000.0,1.227439,47760000000000.0,-1.06227
918,0.8846,26.92122,6.932313,2684.882,1363.369,366.1193,-50.86282,259.5775,-153.3287,46038640000000.0,40560140000000.0,4123967000000.0,0.5690522,2.783347e-06,-3.036425e-07,-3.008839e-06,-2.585956e-07,2.285954e-06,-5.724375e-06,-4.727461e-06,5.693475e-06,37388370000000.0,3665561000000.0,0.5039021,2.62597e-06,-2.794173e-07,-2.831303e-06,-2.372808e-07,2.162598e-06,-5.393277e-06,-4.452619e-06,5.376846e-06,27488620000000.0,2341726000000.0,0.3358394,2.046861e-06,-1.991971e-07,-2.187243e-06,-1.674578e-07,1.700757e-06,-4.184164e-06,-3.450612e-06,4.204328e-06,1196930000000.0,233000000000000.0,1.663897,65960000000000.0,-1.40679
920,0.8939,26.999,5.763217999999999,2711.362,1381.448,307.1237,-73.02913,15.36811,77.90285,28738110000000.0,22202350000000.0,1993488000000.0,0.4677118,1.011079e-06,1.459996e-07,-8.398472e-07,1.629907e-07,1.092537e-06,-1.825e-06,-1.464142e-06,2.336026e-06,20183950000000.0,1775226000000.0,0.4248347,9.422264e-07,1.333851e-07,-7.852512e-07,1.491392e-07,1.01521e-06,-1.703315e-06,-1.367005e-06,2.173888e-06,14897680000000.0,995114400000.0,0.2722315,6.572672e-07,8.501014e-08,-5.55546e-07,9.573027e-08,6.992858e-07,-1.195953e-06,-9.612685e-07,1.507101e-06,765537000000.0,73610000000000.0,1.015669,12720000000000.0,-0.7958385
921,0.8928,25.35967,6.631048999999995,2742.555,1299.896,352.8305,-196.5981,237.0314,159.1857,28834220000000.0,26143030000000.0,2502004000000.0,0.5053438,1.210561e-06,1.932502e-07,-9.872918e-07,2.131358e-07,1.325783e-06,-2.167106e-06,-1.734843e-06,2.814761e-06,25662460000000.0,2301079000000.0,0.4574613,1.159344e-06,1.812966e-07,-9.492027e-07,2.002478e-07,1.26561e-06,-2.079091e-06,-1.66509e-06,2.69143e-06,21817890000000.0,1597030000000.0,0.3136354,9.42972e-07,1.356976e-07,-7.834773e-07,1.507833e-07,1.016574e-06,-1.70246e-06,-1.36563e-06,2.17572e-06,814616700000.0,119300000000000.0,1.088814,22100000000000.0,-0.90387
922,0.891,24.84123,5.073958000000005,2757.687,1276.639,269.8186,104.2716,0.1816173,13.50364,47288120000000.0,44500810000000.0,4095505000000.0,0.5880707,2.570209e-06,-5.33988e-07,-3.031097e-06,-4.898438e-07,1.860744e-06,-5.539442e-06,-4.618798e-06,5.005817e-06,42097960000000.0,3710647000000.0,0.5258139,2.445283e-06,-4.963309e-07,-2.871802e-06,-4.546153e-07,1.781111e-06,-5.258223e-06,-4.382237e-06,4.77286e-06,29891470000000.0,2344416000000.0,0.3459458,1.926027e-06,-3.57924e-07,-2.228091e-06,-3.25997e-07,1.432964e-06,-4.107735e-06,-3.417469e-06,3.787911e-06,1274503000000.0,134700000000000.0,1.449989,33230000000000.0,-1.23156
923,0.8949,25.70724,6.327398999999996,2740.79,1319.48,337.2977,247.7542,530.3191,71.48381,39118420000000.0,31717640000000.0,3153141000000.0,0.5218328,1.885998e-06,-2.0404e-06,-3.866147e-06,-1.9976e-06,-2.750903e-07,-5.715966e-06,-5.036465e-06,2.019746e-06,29795360000000.0,2822778000000.0,0.4653381,1.781949e-06,-1.879524e-06,-3.604305e-06,-1.839306e-06,-2.123294e-07,-5.352026e-06,-4.709958e-06,1.955511e-06,22875150000000.0,1853834000000.0,0.3146155,1.411359e-06,-1.362779e-06,-2.728153e-06,-1.331584e-06,-4.446007e-08,-4.112283e-06,-3.603577e-06,1.671385e-06,969608300000.0,168300000000000.0,1.372144,39290000000000.0,-1.162
925,0.8921,25.34491,6.915380999999995,2739.053,1297.372,367.5894,231.0277,223.2971,-249.1576,32390440000000.0,31909870000000.0,2544046000000.0,0.5247537,1.270077e-06,-9.318943e-07,-2.16486e-06,-9.054468e-07,2.579989e-07,-3.407459e-06,-2.951599e-06,1.809888e-06,31525410000000.0,2414010000000.0,0.4872214,1.234362e-06,-8.904964e-07,-2.088709e-06,-8.648702e-07,2.656834e-07,-3.296355e-06,-2.853293e-06,1.773798e-06,27584740000000.0,1745314000000.0,0.3352722,1.03098e-06,-6.830086e-07,-1.683424e-06,-6.619641e-07,2.815056e-07,-2.692043e-06,-2.321884e-06,1.540516e-06,1016329000000.0,91430000000000.0,1.090282,16960000000000.0,-0.928719
926,0.8931,25.25068,6.878556999999999,2744.007,1294.198,365.9898,-91.64431,176.5468,-173.1027,36138890000000.0,20664520000000.0,1869514000000.0,0.4553044,1.189635e-06,8.398862e-08,-1.075148e-06,1.036542e-07,1.195809e-06,-2.234738e-06,-1.809728e-06,2.657378e-06,17396650000000.0,1420684000000.0,0.3903743,9.825683e-07,6.802611e-08,-8.892545e-07,8.416834e-08,9.860029e-07,-1.847003e-06,-1.495939e-06,2.193005e-06,9995863000000.0,568592800000.0,0.2402325,5.214473e-07,3.394569e-08,-4.739061e-07,4.233164e-08,5.205364e-07,-9.821735e-07,-7.958085e-07,1.160789e-06,793931000000.0,47600000000000.0,1.111316,9000000000000.0,-0.810909
927,0.8942,24.9384,5.019263000000005,2763.221,1284.897,267.6411,39.69136,-163.4983,22.92769,78621310000000.0,56899530000000.0,5667340000000.0,0.6342768,4.563066e-06,2.463575e-07,-4.187631e-06,3.092234e-07,4.471122e-06,-8.634476e-06,-7.000586e-06,1.005649e-05,54112220000000.0,5136138000000.0,0.5699008,4.330619e-06,2.282197e-07,-3.979274e-06,2.872253e-07,4.235685e-06,-8.199575e-06,-6.648707e-06,9.535448e-06,36715570000000.0,3193303000000.0,0.369092,3.327027e-06,1.586649e-07,-3.071599e-06,2.017042e-07,3.230167e-06,-6.313809e-06,-5.121616e-06,7.29797e-06,1543684000000.0,184600000000000.0,1.891283,59400000000000.0,-1.671612
928,0.8906,24.96959,6.941613999999996,2743.774,1277.67,368.4981,286.706,291.7104,-39.86957,28161420000000.0,22298460000000.0,1714558000000.0,0.4662756,8.326935e-07,-9.685882e-07,-1.776502e-06,-9.49377e-07,-1.858154e-07,-2.592215e-06,-2.293075e-06,8.307108e-07,19991730000000.0,1476962000000.0,0.4095285,7.591514e-07,-8.575449e-07,-1.594012e-06,-8.401188e-07,-1.441937e-07,-2.337668e-06,-2.064924e-06,7.824011e-07,14417110000000.0,862538700000.0,0.2714054,5.527755e-07,-5.739882e-07,-1.110039e-06,-5.614983e-07,-5.52077e-08,-1.651504e-06,-1.452852e-06,6.191507e-07,770634900000.0,63880000000000.0,0.9569081,10400000000000.0,-0.757944
929,0.8921,25.09124,6.880046999999999,2745.234,1285.45,365.7548,30.19569,311.8538,-142.617,34889410000000.0,26431370000000.0,2485569000000.0,0.4929625,1.425852e-06,-5.141096e-07,-1.900443e-06,-4.871307e-07,8.201281e-07,-3.293159e-06,-2.78242e-06,2.566397e-06,23644060000000.0,2073542000000.0,0.4312949,1.27574e-06,-4.486347e-07,-1.688858e-06,-4.246552e-07,7.446247e-07,-2.934938e-06,-2.477922e-06,2.306781e-06,14705450000000.0,1053297000000.0,0.2720136,8.339097e-07,-2.700216e-07,-1.080352e-06,-2.547154e-07,5.087926e-07,-1.894846e-06,-1.596e-06,1.529307e-06,907124600000.0,74890000000000.0,1.149782,14650000000000.0,-0.890703
930,0.8975,25.77774,6.174790999999998,2746.047,1326.175,329.9253,-166.1877,348.4857,586.6073,29987590000000.0,21433440000000.0,1656811000000.0,0.4583848,8.649633e-07,-1.665143e-07,-1.010053e-06,-1.504201e-07,6.455397e-07,-1.855283e-06,-1.545604e-06,1.708853e-06,19030590000000.0,1402892000000.0,0.405251,7.838119e-07,-1.475409e-07,-9.118403e-07,-1.33033e-07,5.880592e-07,-1.677741e-06,-1.397103e-06,1.551455e-06,11822030000000.0,667808500000.0,0.2518766,4.878919e-07,-8.406398e-08,-5.595593e-07,-7.523453e-08,3.731239e-07,-1.036236e-06,-8.615089e-07,9.72397e-07,783606400000.0,51610000000000.0,0.9772504,8581000000000.0,-0.7481
932,0.8978,25.93556,6.1968529999999955,2743.722,1334.384,331.2749,254.8167,-102.7834,476.3419,184250700000000.0,132156800000000.0,14236450000000.0,0.8388037,2.179678e-05,-4.632609e-06,-2.560026e-05,-4.404847e-06,1.510929e-05,-4.690536e-05,-3.901963e-05,4.141268e-05,127062800000000.0,12762550000000.0,0.7550952,2.046909e-05,-4.254355e-06,-2.39394e-05,-4.046166e-06,1.426718e-05,-4.394637e-05,-3.653922e-05,3.895899e-05,96210180000000.0,7974813000000.0,0.5056906,1.544263e-05,-2.94647e-06,-1.778089e-05,-2.807013e-06,1.097183e-05,-3.287372e-05,-2.728003e-05,2.957127e-05,2857231000000.0,105400000000000.0,3.252211,58320000000000.0,-2.69973
935,0.8967,25.7773,6.300458999999998,2743.544,1324.94,336.3856,145.4638,291.5471,278.2854,74103950000000.0,66414820000000.0,6554813000000.0,0.6676784,5.377522e-06,-2.622178e-06,-7.826708e-06,-2.524327e-06,2.367896e-06,-1.308763e-05,-1.115257e-05,8.911676e-06,58341240000000.0,5626047000000.0,0.5820491,5.014644e-06,-2.381728e-06,-7.234204e-06,-2.291352e-06,2.268845e-06,-1.214005e-05,-1.033531e-05,8.369611e-06,32198210000000.0,2856310000000.0,0.3513461,3.514433e-06,-1.516434e-06,-4.914802e-06,-1.455594e-06,1.734936e-06,-8.352812e-06,-7.087236e-06,6.006464e-06,1867585000000.0,124200000000000.0,1.828594,38640000000000.0,-1.546
936,0.8989,25.83746,6.153837999999997,2748.161,1330.731,329.2162,-443.1199,237.2759,774.8913,46519210000000.0,40079570000000.0,3831010000000.0,0.5643303,2.437848e-06,1.118301e-06,-1.264932e-06,1.149888e-06,3.390241e-06,-3.640724e-06,-2.769649e-06,6.39737e-06,37292260000000.0,3418158000000.0,0.5035049,2.295141e-06,1.027071e-06,-1.216261e-06,1.056514e-06,3.164973e-06,-3.452862e-06,-2.632725e-06,5.995442e-06,25662460000000.0,2068405000000.0,0.3257477,1.740114e-06,7.100766e-07,-9.895967e-07,7.314879e-07,2.3278e-06,-2.685014e-06,-2.063027e-06,4.4719e-06,1214411000000.0,110900000000000.0,1.388052,26190000000000.0,-1.15434
937,0.8982,26.20603,6.405082000000002,2736.451,1346.859,342.3806,547.0345,-414.6972,-333.4938,81024160000000.0,71412750000000.0,7467465000000.0,0.6834106,6.312488e-06,-2.6891e-06,-8.800793e-06,-2.579461e-06,3.160359e-06,-1.497925e-05,-1.270563e-05,1.084399e-05,64780880000000.0,6549903000000.0,0.601747,5.8883e-06,-2.44538e-06,-8.145241e-06,-2.344181e-06,3.007517e-06,-1.390834e-05,-1.178722e-05,1.017293e-05,41136820000000.0,3688379000000.0,0.3812018,4.199407e-06,-1.592914e-06,-5.654771e-06,-1.523779e-06,2.286151e-06,-9.764448e-06,-8.250882e-06,7.391093e-06,1895294000000.0,116300000000000.0,1.89873,37570000000000.0,-1.60003
938,0.8975,26.30895,6.162955999999995,2733.869,1351.693,329.3164,363.3552,-376.2833,205.9119,125428900000000.0,86502660000000.0,9138544000000.0,0.7281513,9.42087e-06,-2.209427e-06,-1.131711e-05,-2.078122e-06,6.446005e-06,-2.052285e-05,-1.71294e-05,1.789295e-05,83234780000000.0,8367800000000.0,0.6543004,8.994762e-06,-2.059372e-06,-1.075342e-05,-1.935733e-06,6.19908e-06,-1.954263e-05,-1.630215e-05,1.712538e-05,60167410000000.0,5450746000000.0,0.4326406,7.098198e-06,-1.479128e-06,-8.334231e-06,-1.387487e-06,5.019211e-06,-1.526976e-05,-1.271076e-05,1.363178e-05,2035408000000.0,154600000000000.0,2.33166,61330000000000.0,-2.079
940,0.8989,26.11365,6.3521050000000026,2740.822,1343.525,339.7983,237.7333,-233.4138,-15.41455,109185600000000.0,68625440000000.0,8608793000000.0,0.6746099,9.012179e-06,-1.352953e-06,-1.008024e-05,-1.226916e-06,6.950287e-06,-1.887732e-05,-1.563841e-05,1.792793e-05,61801340000000.0,7327441000000.0,0.5928054,8.112562e-06,-1.191219e-06,-9.045777e-06,-1.079392e-06,6.278034e-06,-1.696464e-05,-1.404854e-05,1.615718e-05,41425160000000.0,4026867000000.0,0.3821601,5.499684e-06,-7.432818e-07,-6.063885e-06,-6.7187e-07,4.306428e-06,-1.143206e-05,-9.453788e-06,1.099649e-05,1807594000000.0,128600000000000.0,2.165946,47390000000000.0,-1.826782
945,0.9047,26.98212,5.389053999999995,2738.534,1394.276,289.8955,-63.02938,83.80531,-71.45224,36427230000000.0,33447700000000.0,3212469000000.0,0.5355263,1.787558e-06,1.052589e-07,-1.635088e-06,1.337847e-07,1.772179e-06,-3.377286e-06,-2.738371e-06,3.96606e-06,30852620000000.0,2871390000000.0,0.4712325,1.68477e-06,9.640266e-08,-1.543659e-06,1.230641e-07,1.666759e-06,-3.185672e-06,-2.583424e-06,3.734121e-06,22586810000000.0,1892786000000.0,0.311608,1.324111e-06,6.888739e-08,-1.219476e-06,8.91976e-08,1.301033e-06,-2.509968e-06,-2.03644e-06,2.924779e-06,1025506000000.0,206800000000000.0,1.389541,48890000000000.0,-1.185062
946,0.9007,25.84842,6.393798000000002,2751.422,1332.959,342.5964,474.3972,68.67546,138.2606,50459880000000.0,48441490000000.0,5310334000000.0,0.599924,3.942511e-06,-3.191356e-06,-6.997218e-06,-3.110548e-06,4.687727e-07,-1.086264e-05,-9.439684e-06,5.248389e-06,46807550000000.0,4909388000000.0,0.5393491,3.819712e-06,-3.029244e-06,-6.716112e-06,-2.951405e-06,5.154377e-07,-1.046108e-05,-9.082324e-06,5.145431e-06,35562200000000.0,3442320000000.0,0.3641523,3.279872e-06,-2.398334e-06,-5.562473e-06,-2.33319e-06,6.400033e-07,-8.778004e-06,-7.593615e-06,4.612859e-06,1285637000000.0,248700000000000.0,1.801573,76230000000000.0,-1.55331
947,0.9054,25.91925,6.430958999999995,2760.264,1341.458,345.9193,-285.6183,-0.4143705,-4.67125,997279600000000.0,819084100000000.0,118316800000000.0,1.534947,0.0004974705,3.978937e-05,-0.0004296775,2.901662e-05,0.0004495278,-0.0009121452,-0.0007293975,0.001033076,749016900000000.0,103863100000000.0,1.356235,0.0004748067,3.724511e-05,-0.0004105706,2.669027e-05,0.0004274746,-0.0008710295,-0.000696519,0.0009839479,427034800000000.0,53185550000000.0,0.8285921,0.0003421268,2.46449e-05,-0.0002970987,1.607177e-05,0.0003028523,-0.0006287767,-0.0005027177,0.0007020789,11745670000000.0,155600000000000.0,9.281055,245700000000000.0,-8.11305
948,0.9047,26.07555,6.867978,2752.725,1347.09,369.127,211.6737,-46.42497,-247.8358,36235000000000.0,20280070000000.0,1750528000000.0,0.4484403,9.550223e-07,-3.780246e-07,-1.307121e-06,-3.594427e-07,5.173435e-07,-2.239939e-06,-1.898033e-06,1.687912e-06,18646130000000.0,1463665000000.0,0.3969328,8.466219e-07,-3.281378e-07,-1.151694e-06,-3.117468e-07,4.653379e-07,-1.978626e-06,-1.675504e-06,1.502903e-06,12014260000000.0,714728100000.0,0.2522114,5.263442e-07,-1.888664e-07,-7.006755e-07,-1.788725e-07,3.038055e-07,-1.214762e-06,-1.026254e-06,9.485287e-07,731299300000.0,79730000000000.0,1.077773,14620000000000.0,-0.862983
949,0.9065,26.13295,5.532473999999999,2762.196,1355.156,298.014,-0.2717248,4.404865,154.0502,47768690000000.0,44020240000000.0,4134630000000.0,0.5801795,2.705864e-06,-9.06639e-08,-2.721122e-06,-4.858677e-08,2.42483e-06,-5.35954e-06,-4.390949e-06,5.738782e-06,42097960000000.0,3772885000000.0,0.5221222,2.5795e-06,-8.449756e-08,-2.591818e-06,-4.469838e-08,2.312532e-06,-5.107014e-06,-4.183557e-06,5.47121e-06,31429300000000.0,2496087000000.0,0.3478133,2.052056e-06,-6.155234e-08,-2.055183e-06,-3.095363e-08,1.841977e-06,-4.056056e-06,-3.321086e-06,4.353046e-06,1244452000000.0,180400000000000.0,1.60755,49340000000000.0,-1.372
951,0.9069,25.98445,6.241641000000007,2763.069,1346.711,336.1809,-642.3622,-100.5899,855.2573,44596930000000.0,22490690000000.0,2575517000000.0,0.465441,1.677491e-06,1.949593e-06,3.008841e-07,1.964617e-06,3.513107e-06,-1.32937e-06,-7.324865e-07,5.597567e-06,19703380000000.0,2006019000000.0,0.4042825,1.414175e-06,1.621559e-06,2.318032e-07,1.634118e-06,2.939255e-06,-1.142496e-06,-6.392903e-07,4.69627e-06,13936540000000.0,932952900000.0,0.2647938,8.377973e-07,9.135168e-07,9.054046e-08,9.207042e-07,1.693242e-06,-7.235196e-07,-4.253652e-07,2.733576e-06,792122200000.0,45620000000000.0,1.146536,8899000000000.0,-0.8398877
952,0.9087,25.77172,6.542102000000004,2770.985,1337.86,352.876,-820.4288,-9.038638,-186.8719,46903660000000.0,41713500000000.0,3614698000000.0,0.5691142,2.501649e-06,4.087826e-06,1.624753e-06,4.101407e-06,6.41156e-06,-7.971513e-07,8.90578e-08,9.529597e-06,36907800000000.0,3054334000000.0,0.5033067,2.311247e-06,3.693974e-06,1.418716e-06,3.706248e-06,5.839884e-06,-8.187709e-07,4.719819e-11,8.720023e-06,16435510000000.0,1140673000000.0,0.2800174,1.359602e-06,1.965004e-06,6.275727e-07,1.971413e-06,3.224523e-06,-6.884269e-07,-2.065636e-07,4.917098e-06,1385723000000.0,56100000000000.0,1.299154,12400000000000.0,-1.00287
953,0.9094,25.50655,5.133039999999997,2785.884,1329.189,277.2774,-361.9173,198.22,60.41661,29218680000000.0,21625660000000.0,1871772000000.0,0.4620437,8.952057e-07,6.350825e-07,-2.4059e-07,6.479702e-07,1.473147e-06,-1.111486e-06,-7.927297e-07,2.578968e-06,20183950000000.0,1639149000000.0,0.4110586,8.278153e-07,5.729039e-07,-2.367598e-07,5.847397e-07,1.347608e-06,-1.042083e-06,-7.473007e-07,2.370034e-06,14705450000000.0,962414000000.0,0.2719821,5.961963e-07,3.778097e-07,-2.050734e-07,3.861096e-07,9.35013e-07,-7.850414e-07,-5.726756e-07,1.670963e-06,749113000000.0,81870000000000.0,0.9928856,13830000000000.0,-0.8005116
954,0.9083,26.00031,6.332333000000002,2765.65,1348.916,341.47,-740.6416,-695.9594,410.171,43155220000000.0,30564270000000.0,3038378000000.0,0.5194799,1.804909e-06,4.027417e-06,2.2427e-06,4.034345e-06,5.708583e-06,4.957995e-07,1.134292e-06,7.970555e-06,26719710000000.0,2511527000000.0,0.4474143,1.61479e-06,3.499821e-06,1.903472e-06,3.505784e-06,5.003003e-06,3.407247e-07,9.119858e-07,7.026116e-06,18357790000000.0,1358978000000.0,0.2910196,1.106216e-06,2.207976e-06,1.115138e-06,2.211572e-06,3.235896e-06,4.484141e-08,4.36248e-07,4.620636e-06,995478400000.0,60380000000000.0,1.152552,11840000000000.0,-0.9138
955,0.9061,25.94295,6.363464999999998,2761.558,1343.499,342.4878,-92.97896,-555.903,1264.313,43251330000000.0,32678780000000.0,3477419000000.0,0.5248482,2.643185e-06,1.005654e-06,-1.583227e-06,1.040759e-06,3.474454e-06,-4.165902e-06,-3.218828e-06,6.740478e-06,30083700000000.0,2860308000000.0,0.4650022,2.418971e-06,9.057784e-07,-1.463111e-06,9.376699e-07,3.164259e-06,-3.826538e-06,-2.959787e-06,6.152643e-06,14417110000000.0,1042733000000.0,0.2680089,1.312639e-06,4.545955e-07,-8.298179e-07,4.712245e-07,1.677617e-06,-2.111891e-06,-1.641491e-06,3.297611e-06,1130686000000.0,42590000000000.0,1.244803,9020000000000.0,-0.863478
956,0.909,26.09538,6.563621000000004,2763.879,1353.734,354.1105,-330.4369,-577.9136,-269.7975,285651000000000.0,238555100000000.0,32195290000000.0,1.016714,6.216056e-05,2.363353e-05,-3.650671e-05,2.326666e-05,7.861258e-05,-9.670624e-05,-7.437353e-05,0.0001542122,224810800000000.0,28859680000000.0,0.9073026,5.915038e-05,2.205062e-05,-3.515932e-05,2.168345e-05,7.430946e-05,-9.244246e-05,-7.118545e-05,0.0001462155,135232500000000.0,15791930000000.0,0.5640507,4.276804e-05,1.463677e-05,-2.666565e-05,1.430817e-05,5.222044e-05,-6.807942e-05,-5.268948e-05,0.0001040975,4625584000000.0,190700000000000.0,4.558472,147900000000000.0,-3.93723
959,0.908,25.60427,6.582688000000003,2773.151,1328.925,354.8629,-533.4905,516.1608,23.70666,29891470000000.0,27008050000000.0,2408384000000.0,0.4985755,1.17567e-06,8.376021e-07,-3.136919e-07,8.539036e-07,1.938276e-06,-1.458499e-06,-1.039405e-06,3.392163e-06,25181890000000.0,2085118000000.0,0.4381138,1.084099e-06,7.52908e-07,-3.085574e-07,7.678234e-07,1.767438e-06,-1.36415e-06,-9.77678e-07,3.107834e-06,17204420000000.0,1179304000000.0,0.2850668,7.65915e-07,4.891368e-07,-2.604095e-07,4.993807e-07,1.204871e-06,-1.006082e-06,-7.329822e-07,2.151248e-06,897477600000.0,59230000000000.0,0.9875759,9952000000000.0,-0.769626
960,0.9083,26.11806,5.581707999999995,2767.048,1356.644,301.1726,-152.7314,-19.83395,-7.204466,38541740000000.0,37676710000000.0,3168403000000.0,0.5536019,1.695668e-06,6.235179e-07,-1.03074e-06,6.483772e-07,2.205732e-06,-2.68116e-06,-2.076369e-06,4.292902e-06,36138890000000.0,2890424000000.0,0.4944015,1.61673e-06,5.801328e-07,-9.969591e-07,6.036724e-07,2.08817e-06,-2.570542e-06,-1.993855e-06,4.077906e-06,27680850000000.0,1931127000000.0,0.3344815,1.304086e-06,4.296305e-07,-8.419994e-07,4.481136e-07,1.644431e-06,-2.11127e-06,-1.645943e-06,3.248552e-06,1122766000000.0,93870000000000.0,1.177779,18810000000000.0,-1.00287
962,0.9149,25.88231,5.034334000000005,2790.542,1353.949,273.2331,-237.1556,336.2057,-174.1713,47288120000000.0,43731900000000.0,4281808000000.0,0.5798696,2.723588e-06,4.606269e-07,-2.192502e-06,5.001639e-07,2.994929e-06,-4.846353e-06,-3.872714e-06,6.339796e-06,39502880000000.0,3709262000000.0,0.5084253,2.522125e-06,4.159039e-07,-2.04061e-06,4.5216e-07,2.761588e-06,-4.498122e-06,-3.596399e-06,5.858416e-06,24701320000000.0,1934070000000.0,0.3197563,1.701044e-06,2.578236e-07,-1.398074e-06,2.813891e-07,1.836999e-06,-3.055465e-06,-2.447037e-06,3.92412e-06,1359625000000.0,101700000000000.0,1.418259,24540000000000.0,-1.154431
963,0.9153,25.43115,6.979538000000003,2791.913,1327.559,378.4643,-332.1798,-8.47826,67.09435,206164700000000.0,197129900000000.0,23146920000000.0,0.9509372,3.846808e-05,8.46948e-06,-2.868321e-05,8.480729e-06,4.283087e-05,-6.604974e-05,-5.220522e-05,8.951415e-05,190113600000000.0,21143500000000.0,0.8568257,3.685624e-05,7.960596e-06,-2.762617e-05,7.961813e-06,4.085198e-05,-6.342657e-05,-5.015907e-05,8.556275e-05,138884800000000.0,13638760000000.0,0.5681235,2.90101e-05,5.778338e-06,-2.219874e-05,5.74414e-06,3.155664e-05,-5.037605e-05,-3.992165e-05,6.668851e-05,3755326000000.0,114600000000000.0,3.700441,72150000000000.0,-3.06207
964,0.9153,25.18243,6.6903820000000005,2798.953,1316.039,362.8072,-295.7939,180.2567,310.7939,53054960000000.0,50844340000000.0,4642758000000.0,0.6063405,3.543233e-06,9.463433e-07,-2.503317e-06,9.888197e-07,4.224583e-06,-5.952771e-06,-4.685769e-06,8.572985e-06,49210400000000.0,4277636000000.0,0.5467791,3.399026e-06,8.874742e-07,-2.42132e-06,9.277599e-07,4.030797e-06,-5.730345e-06,-4.514771e-06,8.201419e-06,39887340000000.0,3030598000000.0,0.3759558,2.83546e-06,6.810282e-07,-2.077617e-06,7.130966e-07,3.298218e-06,-4.83788e-06,-3.82339e-06,6.774683e-06,1346358000000.0,186400000000000.0,1.849055,58640000000000.0,-1.564318
965,0.9145,25.488360000000004,7.095708000000005,2788.537,1329.369,384.5453,71.3266,-165.3227,-219.3208,30948730000000.0,20183950000000.0,1934275000000.0,0.4487055,1.021863e-06,9.670884e-08,-8.995644e-07,1.140293e-07,1.053361e-06,-1.895621e-06,-1.53072e-06,2.30984e-06,17396650000000.0,1560766000000.0,0.3856601,8.881419e-07,8.169345e-08,-7.840916e-07,9.663036e-08,9.127818e-07,-1.649797e-06,-1.332612e-06,2.00464e-06,13744310000000.0,915650500000.0,0.2680982,6.338537e-07,5.466446e-08,-5.630388e-07,6.512731e-08,6.47165e-07,-1.180868e-06,-9.544379e-07,1.426075e-06,706034700000.0,62500000000000.0,1.012832,10770000000000.0,-0.774576
966,0.9171,25.20568,6.730393000000003,2803.225,1319.437,365.6238,-483.9104,-6.456821,361.5168,37292260000000.0,15282140000000.0,1025190000000.0,0.4090244,8.109443e-07,1.025525e-06,2.297092e-07,1.035688e-06,1.785465e-06,-5.583413e-07,-2.701623e-07,2.791547e-06,14513220000000.0,856604600000.0,0.364446,7.1495e-07,8.892095e-07,1.876554e-07,8.981234e-07,1.559032e-06,-5.070957e-07,-2.530201e-07,2.445925e-06,8361924000000.0,363707300000.0,0.2226794,3.834308e-07,4.4906e-07,7.293192e-08,4.537453e-07,8.079577e-07,-2.996379e-07,-1.633555e-07,1.283408e-06,594322300000.0,52320000000000.0,0.9253439,8237000000000.0,-0.7533
967,0.9167,26.83745,6.271722999999998,2765.657,1399.304,340.6399,198.1525,37.66782,49.92053,29603130000000.0,28449760000000.0,2238451000000.0,0.502427,1.030973e-06,-5.908423e-07,-1.592725e-06,-5.700299e-07,3.755766e-07,-2.600196e-06,-2.230822e-06,1.637353e-06,27392510000000.0,2033299000000.0,0.4500997,9.792888e-07,-5.48271e-07,-1.499845e-06,-5.285884e-07,3.694245e-07,-2.456805e-06,-2.105922e-06,1.567805e-06,17588870000000.0,1219283000000.0,0.2858108,7.186601e-07,-3.636773e-07,-1.061702e-06,-3.495429e-07,3.087976e-07,-1.763962e-06,-1.506369e-06,1.187737e-06,921487800000.0,106800000000000.0,1.069309,19430000000000.0,-0.9022149
968,0.916,25.8708,4.844672999999996,2793.737,1354.807,263.1647,-272.8426,350.18,180.6874,73719490000000.0,25566340000000.0,2184752000000.0,0.4816152,1.286135e-06,2.636522e-07,-9.911465e-07,2.84251e-07,1.46655e-06,-2.244713e-06,-1.785403e-06,3.049298e-06,23547950000000.0,1848033000000.0,0.4264687,1.14381e-06,2.285824e-07,-8.872084e-07,2.467614e-07,1.297903e-06,-2.002033e-06,-1.593513e-06,2.705251e-06,14417110000000.0,906581500000.0,0.2681577,7.093868e-07,1.298824e-07,-5.617887e-07,1.408375e-07,7.920226e-07,-1.253157e-06,-9.997057e-07,1.664285e-06,886129400000.0,76250000000000.0,1.162421,15080000000000.0,-1.0395
969,0.9164,26.66603,6.147044999999994,2769.807,1391.011,333.8126,26.35672,65.74397,61.00368,84580380000000.0,75065090000000.0,7847041000000.0,0.7019881,7.207167e-06,-5.987049e-07,-7.578796e-06,-5.057612e-07,6.029252e-06,-1.460882e-05,-1.201994e-05,1.481027e-05,71412750000000.0,7175146000000.0,0.619037,6.892538e-06,-5.568052e-07,-7.230901e-06,-4.692841e-07,5.77751e-06,-1.395399e-05,-1.14777e-05,1.417297e-05,57187870000000.0,5170999000000.0,0.422171,5.804385e-06,-4.300883e-07,-6.046809e-06,-3.60342e-07,4.891754e-06,-1.170839e-05,-9.621772e-06,1.195534e-05,1810570000000.0,345500000000000.0,2.490548,146400000000000.0,-2.224266
970,0.9223,26.13475,5.760176000000007,2798.042,1372.851,314.3934,-425.3934,165.1858,-164.7812,32102100000000.0,23644060000000.0,2359852000000.0,0.4696409,1.257906e-06,1.112711e-06,-1.188806e-07,1.12872e-06,2.288133e-06,-1.341542e-06,-8.939984e-07,3.844e-06,22394580000000.0,2082783000000.0,0.4244817,1.17132e-06,1.016003e-06,-1.307e-07,1.030807e-06,2.110172e-06,-1.269185e-06,-8.524196e-07,3.558751e-06,14417110000000.0,1100202000000.0,0.268345,7.868931e-07,6.255524e-07,-1.444411e-07,6.351641e-07,1.359507e-06,-9.092282e-07,-6.291538e-07,2.332049e-06,851895400000.0,85840000000000.0,1.072954,15670000000000.0,-0.84843
971,0.9223,26.29741,5.913733000000004,2793.682,1380.567,322.7816,-189.6836,111.1308,-106.6917,40367910000000.0,33832150000000.0,3243952000000.0,0.531964,1.929946e-06,6.087889e-07,-1.273691e-06,6.37337e-07,2.409471e-06,-3.152625e-06,-2.464015e-06,4.784315e-06,30468160000000.0,2748052000000.0,0.465083,1.773467e-06,5.460182e-07,-1.183624e-06,5.720403e-07,2.200023e-06,-2.910207e-06,-2.277363e-06,4.38196e-06,17108300000000.0,1293047000000.0,0.2822575,1.139657e-06,3.206093e-07,-7.903445e-07,3.367737e-07,1.381711e-06,-1.899851e-06,-1.493002e-06,2.782921e-06,1110371000000.0,73740000000000.0,1.201191,15070000000000.0,-0.946737
973,0.9175,25.42939,5.011866999999997,2807.109,1334.678,272.5854,-245.695,296.6437,127.1639,32102100000000.0,27200280000000.0,2350358000000.0,0.4912169,1.204996e-06,2.76357e-07,-8.993744e-07,2.957741e-07,1.403828e-06,-2.073579e-06,-1.643427e-06,2.886994e-06,24797430000000.0,2064542000000.0,0.4366693,1.122706e-06,2.513795e-07,-8.439397e-07,2.693557e-07,1.301478e-06,-1.937943e-06,-1.537134e-06,2.683154e-06,17781100000000.0,1201525000000.0,0.2862899,8.013587e-07,1.638445e-07,-6.176144e-07,1.763369e-07,9.122716e-07,-1.398448e-06,-1.112265e-06,1.897881e-06,890809200000.0,88390000000000.0,1.093202,16440000000000.0,-0.885555
975,0.9223,26.33326,4.953468999999999,2796.92,1384.345,270.4779,-215.0834,141.27,-391.1004,79870790000000.0,35273860000000.0,4269746000000.0,0.5352114,4.732493e-06,1.323127e-06,-3.28639e-06,1.380678e-06,5.706046e-06,-7.893148e-06,-6.201613e-06,1.151753e-05,30275930000000.0,3362587000000.0,0.4635389,4.150471e-06,1.135018e-06,-2.906924e-06,1.184814e-06,4.976724e-06,-6.947074e-06,-5.463367e-06,1.007232e-05,20376180000000.0,1595556000000.0,0.3008065,2.420251e-06,6.253715e-07,-1.730541e-06,6.53352e-07,2.862171e-06,-4.086388e-06,-3.220878e-06,5.831732e-06,1109716000000.0,90860000000000.0,1.688378,26100000000000.0,-1.38006
976,0.9215,25.25331,6.692041999999999,2812.321,1326.575,364.8437,-604.6826,-284.2149,292.4762,35850550000000.0,26431370000000.0,2692867000000.0,0.4900772,1.542244e-06,2.494004e-06,9.77311e-07,2.506328e-06,3.931222e-06,-5.177166e-07,2.919589e-08,5.850358e-06,24124630000000.0,2369872000000.0,0.4322628,1.448107e-06,2.281626e-06,8.577283e-07,2.293029e-06,3.630521e-06,-5.459893e-07,-3.242462e-08,5.432155e-06,18742240000000.0,1540687000000.0,0.2928814,1.13384e-06,1.63813e-06,5.238417e-07,1.646581e-06,2.692623e-06,-5.751045e-07,-1.728874e-07,4.102277e-06,853204600000.0,169400000000000.0,1.272676,36680000000000.0,-1.073133
977,0.9189,26.32717,5.017893999999999,2789.427,1380.267,273.2652,205.586,265.9935,-284.1784,30852620000000.0,24605200000000.0,2114319000000.0,0.474556,1.093772e-06,-8.583053e-07,-1.920607e-06,-8.350067e-07,1.679961e-07,-2.990898e-06,-2.598394e-06,1.505236e-06,22779030000000.0,1840590000000.0,0.4220912,1.015217e-06,-7.771424e-07,-1.763039e-06,-7.55622e-07,1.751072e-07,-2.756445e-06,-2.392103e-06,1.416123e-06,14224880000000.0,970476200000.0,0.2679845,7.238044e-07,-5.063472e-07,-1.208939e-06,-4.912985e-07,1.716062e-07,-1.917152e-06,-1.657313e-06,1.055886e-06,836822900000.0,68230000000000.0,1.018225,11820000000000.0,-0.8115
978,0.9219,26.10696,5.668028000000005,2798.868,1371.573,309.3484,-453.475,200.9822,80.55582,29795360000000.0,27680850000000.0,2426974000000.0,0.4930223,1.172824e-06,1.011115e-06,-1.370289e-07,1.026292e-06,2.107228e-06,-1.277263e-06,-8.598716e-07,3.557549e-06,25854680000000.0,2203422000000.0,0.4450159,1.112203e-06,9.376694e-07,-1.510151e-07,9.51962e-07,1.976789e-06,-1.232293e-06,-8.364502e-07,3.351955e-06,19895610000000.0,1426899000000.0,0.2980613,8.63981e-07,6.680712e-07,-1.772777e-07,6.788483e-07,1.474189e-06,-1.01718e-06,-7.09596e-07,2.541835e-06,876375800000.0,108100000000000.0,1.086355,19980000000000.0,-0.896841
980,0.9189,25.21784,6.858368000000003,2805.795,1321.374,373.0212,-566.3494,-55.92752,-24.81247,32678780000000.0,32198210000000.0,3067106000000.0,0.5365506,1.613001e-06,2.103511e-06,5.204372e-07,2.118307e-06,3.605919e-06,-1.043853e-06,-4.713537e-07,5.607847e-06,31429300000000.0,2691509000000.0,0.4711887,1.508921e-06,1.920992e-06,4.402583e-07,1.934665e-06,3.325889e-06,-1.023064e-06,-4.87462e-07,5.198317e-06,23355720000000.0,1641050000000.0,0.3133281,1.134041e-06,1.33763e-06,2.25263e-07,1.34747e-06,2.39202e-06,-8.744366e-07,-4.717838e-07,3.798425e-06,1117600000000.0,76190000000000.0,1.150993,14920000000000.0,-0.898821
981,0.9212,27.14088,6.381250000000004,2767.821,1418.858,347.846,98.9971,170.0674,308.319,35466090000000.0,28930330000000.0,2323521000000.0,0.5012571,1.318787e-06,-6.976107e-07,-1.979219e-06,-6.712739e-07,5.379569e-07,-3.268281e-06,-2.795566e-06,2.151886e-06,25854680000000.0,1935983000000.0,0.4406601,1.204785e-06,-6.236654e-07,-1.794364e-06,-5.997265e-07,5.047038e-07,-2.971983e-06,-2.540096e-06,1.978913e-06,12110370000000.0,779463400000.0,0.2519569,6.810045e-07,-3.199051e-07,-9.813042e-07,-3.067126e-07,3.168165e-07,-1.646923e-06,-1.402701e-06,1.149544e-06,1032234000000.0,58200000000000.0,1.099782,10890000000000.0,-0.851697
982,0.9226,26.37889,4.877102000000006,2797.695,1387.503,266.4665,-154.9138,-183.1773,-45.8192,70355500000000.0,42097960000000.0,3880715000000.0,0.5669114,2.553401e-06,1.226033e-06,-1.26576e-06,1.258556e-06,3.600778e-06,-3.749002e-06,-2.838561e-06,6.745115e-06,40656250000000.0,3487902000000.0,0.5115295,2.393878e-06,1.123421e-06,-1.212419e-06,1.153624e-06,3.348881e-06,-3.540511e-06,-2.686859e-06,6.296291e-06,27296390000000.0,2008391000000.0,0.3330273,1.684891e-06,7.225541e-07,-9.20637e-07,7.429364e-07,2.286098e-06,-2.559194e-06,-1.95809e-06,4.359101e-06,1229260000000.0,74390000000000.0,1.353458,17130000000000.0,-1.15731
983,0.9186,26.63778,5.929302000000001,2776.661,1392.739,322.6184,-26.24115,58.78154,230.3865,31717640000000.0,27776970000000.0,2565797000000.0,0.5003801,1.329555e-06,-9.472382e-08,-1.389418e-06,-7.149169e-08,1.148992e-06,-2.686174e-06,-2.210877e-06,2.781049e-06,26335250000000.0,2252117000000.0,0.4434093,1.243006e-06,-8.651743e-08,-1.296808e-06,-6.492501e-08,1.07583e-06,-2.509145e-06,-2.064749e-06,2.601435e-06,18453900000000.0,1316417000000.0,0.2902499,9.079598e-07,-5.797989e-08,-9.416786e-07,-4.258368e-08,7.898607e-07,-1.827218e-06,-1.502491e-06,1.903622e-06,896918200000.0,90070000000000.0,1.11327,17060000000000.0,-0.8911328
984,0.9223,27.14779,6.426048000000004,2770.361,1420.582,350.6515,-292.9008,208.8198,-62.24711,106013800000000.0,102073100000000.0,10597340000000.0,0.7613477,1.030153e-05,2.308645e-06,-7.696725e-06,2.403948e-06,1.175542e-05,-1.772071e-05,-1.403059e-05,2.435669e-05,97171320000000.0,9783142000000.0,0.683572,9.964403e-06,2.189561e-06,-7.486983e-06,2.280311e-06,1.13226e-05,-1.718286e-05,-1.361305e-05,2.350905e-05,64876990000000.0,6259331000000.0,0.440092,8.190749e-06,1.649942e-06,-6.298494e-06,1.718659e-06,9.138576e-06,-1.426825e-05,-1.133201e-05,1.914589e-05,2389532000000.0,217400000000000.0,2.472712,91460000000000.0,-2.211
985,0.9175,27.17652,6.6190289999999985,2756.897,1415.425,359.6116,-19.81578,391.5781,-55.58465,31429300000000.0,22682920000000.0,1848522000000.0,0.4658271,8.995036e-07,-4.14188e-07,-1.289362e-06,-3.963816e-07,4.29723e-07,-2.168259e-06,-1.846138e-06,1.532306e-06,21145090000000.0,1603737000000.0,0.4114439,8.28669e-07,-3.717011e-07,-1.177865e-06,-3.553838e-07,4.054691e-07,-1.987538e-06,-1.69076e-06,1.421073e-06,15858820000000.0,969134300000.0,0.2773208,6.027654e-07,-2.48554e-07,-8.347234e-07,-2.369028e-07,3.160427e-07,-1.423644e-06,-1.20771e-06,1.054405e-06,765321700000.0,76460000000000.0,1.004716,13070000000000.0,-0.825
987,0.9178,26.6263,6.337044000000004,2773.069,1390.242,344.4992,-118.6744,181.7153,-177.3084,28449760000000.0,26719710000000.0,2063869000000.0,0.4924432,9.760083e-07,1.297644e-07,-8.221756e-07,1.464103e-07,1.044216e-06,-1.773439e-06,-1.425039e-06,2.244964e-06,24605200000000.0,1814351000000.0,0.4340688,9.135974e-07,1.184786e-07,-7.725023e-07,1.339733e-07,9.741741e-07,-1.66293e-06,-1.336783e-06,2.097992e-06,14993790000000.0,992678100000.0,0.2721582,6.506314e-07,7.661393e-08,-5.576471e-07,8.738386e-08,6.85155e-07,-1.19176e-06,-9.594105e-07,1.485048e-06,900187100000.0,86900000000000.0,1.02199,15110000000000.0,-0.836055
988,0.9271,26.89835,5.524265999999998,2792.167,1416.446,302.8094,-27.96936,98.42731,38.08622,55842270000000.0,37772830000000.0,3344774000000.0,0.546601,2.664731e-06,-1.363713e-07,-2.728627e-06,-9.247293e-08,2.347921e-06,-5.327115e-06,-4.373888e-06,5.614608e-06,31140960000000.0,2645313000000.0,0.4684366,2.385384e-06,-1.187539e-07,-2.438924e-06,-7.981474e-08,2.103975e-06,-4.765002e-06,-3.911589e-06,5.027631e-06,12687060000000.0,849420800000.0,0.2554623,1.25558e-06,-5.707073e-08,-1.277678e-06,-3.726063e-08,1.110721e-06,-2.502027e-06,-2.052603e-06,2.64851e-06,1346601000000.0,46290000000000.0,1.242567,9786000000000.0,-0.9817173
991,0.9263,26.32594,6.257712000000004,2800.752,1385.796,342.6516,-240.4602,201.4039,-144.3318,56899530000000.0,47288120000000.0,4931743000000.0,0.5880722,3.635805e-06,9.256194e-07,-2.61413e-06,9.710716e-07,4.293132e-06,-6.153582e-06,-4.853883e-06,8.755363e-06,45173610000000.0,4487337000000.0,0.5294708,3.462676e-06,8.623477e-07,-2.508386e-06,9.051664e-07,4.068001e-06,-5.879271e-06,-4.641317e-06,8.316953e-06,33832150000000.0,2953248000000.0,0.3561003,2.723478e-06,6.196348e-07,-2.029916e-06,6.516628e-07,3.135675e-06,-4.681116e-06,-3.706923e-06,6.474782e-06,1300423000000.0,224600000000000.0,1.837346,70210000000000.0,-1.577
992,0.9304,26.26821,6.119132000000004,2812.37,1388.019,336.2269,-278.7179,165.3191,-63.0355,34216610000000.0,31333190000000.0,3071108000000.0,0.5116471,1.621377e-06,7.41116e-07,-8.417667e-07,7.640055e-07,2.253845e-06,-2.419595e-06,-1.841458e-06,4.25137e-06,29987590000000.0,2814178000000.0,0.4620019,1.556383e-06,6.973605e-07,-8.21937e-07,7.192e-07,2.149021e-06,-2.336507e-06,-1.781505e-06,4.066243e-06,23355720000000.0,1886672000000.0,0.3128318,1.270117e-06,5.243968e-07,-7.149695e-07,5.417357e-07,1.707485e-06,-1.95093e-06,-1.497865e-06,3.271237e-06,971642100000.0,209400000000000.0,1.32429,47180000000000.0,-1.13058
993,0.9308,25.21446,4.957862999999994,2843.525,1338.938,272.6471,111.8693,769.4665,6.591123,32294330000000.0,24989660000000.0,2085723000000.0,0.4768325,1.08555e-06,-1.337463e-06,-2.390975e-06,-1.312051e-06,-3.16714e-07,-3.456448e-06,-3.065499e-06,1.008219e-06,22875150000000.0,1841460000000.0,0.4215476,1.011781e-06,-1.212686e-06,-2.194448e-06,-1.189116e-06,-2.617127e-07,-3.187461e-06,-2.823063e-06,9.729389e-07,17300530000000.0,1158552000000.0,0.2832655,7.678842e-07,-8.396802e-07,-1.584371e-06,-8.221078e-07,-1.190444e-07,-2.337882e-06,-2.061271e-06,8.173431e-07,822409600000.0,111700000000000.0,1.107119,21040000000000.0,-0.921987
994,0.9289,26.81575,5.851149999999998,2796.958,1413.811,321.1652,-364.9583,238.4076,64.27982,33928270000000.0,32294330000000.0,2887171000000.0,0.5183915,1.497257e-06,8.12008e-07,-6.508618e-07,8.328154e-07,2.209847e-06,-2.107814e-06,-1.5741e-06,4.056344e-06,30948730000000.0,2632620000000.0,0.4660254,1.436396e-06,7.626791e-07,-6.405952e-07,7.825183e-07,2.103292e-06,-2.038307e-06,-1.526254e-06,3.87451e-06,23644060000000.0,1749783000000.0,0.3158649,1.18499e-06,5.804736e-07,-5.767467e-07,5.964216e-07,1.685065e-06,-1.72977e-06,-1.307223e-06,3.14552e-06,971736300000.0,124800000000000.0,1.193892,25350000000000.0,-1.006481
995,0.9372,25.53063,4.878640999999997,2851.214,1361.831,269.6994,-125.1934,-373.5674,-521.2595,110531200000000.0,95152930000000.0,10935860000000.0,0.7403956,1.291478e-05,4.610793e-06,-7.945695e-06,4.687559e-06,1.639411e-05,-2.049578e-05,-1.587245e-05,3.221326e-05,88713280000000.0,9535521000000.0,0.6588571,1.208655e-05,4.229376e-06,-7.519401e-06,4.298775e-06,1.524914e-05,-1.926446e-05,-1.493688e-05,3.004951e-05,53727760000000.0,4867045000000.0,0.4106436,8.254465e-06,2.66324e-06,-5.353178e-06,2.703261e-06,1.016545e-05,-1.337389e-05,-1.041612e-05,2.026036e-05,2323634000000.0,140700000000000.0,2.695687,64530000000000.0,-2.17107
997,0.9364,27.01588,6.198917000000002,2807.354,1431.399,342.2709,-71.96382,152.3464,-183.9832,29218680000000.0,24220740000000.0,2165765000000.0,0.4777085,1.103225e-06,4.505994e-08,-1.02996e-06,6.379764e-08,1.077139e-06,-2.105487e-06,-1.711364e-06,2.432662e-06,21721780000000.0,1853031000000.0,0.4125944,1.010317e-06,3.992709e-08,-9.44418e-07,5.694238e-08,9.846253e-07,-1.929361e-06,-1.568386e-06,2.225751e-06,17204420000000.0,1195599000000.0,0.2819855,7.734234e-07,2.801313e-08,-7.252216e-07,4.072419e-08,7.501959e-07,-1.479205e-06,-1.202773e-06,1.699784e-06,790807300000.0,127500000000000.0,1.15478,25050000000000.0,-0.9416893
998,0.936,25.4717,4.835871000000001,2850.62,1357.948,267.1369,61.53178,364.7621,170.7968,568226400000000.0,449429400000000.0,58722330000000.0,1.239817,0.0001757574,-1.68729e-05,-0.00018319,-1.799432e-05,0.0001332481,-0.0003547072,-0.0002902094,0.0003404612,414155500000000.0,53435070000000.0,1.100586,0.0001680663,-1.574067e-05,-0.0001746929,-1.690588e-05,0.0001275267,-0.0003386963,-0.0002769916,0.0003255167,327460600000000.0,37430780000000.0,0.7501847,0.0001398228,-1.205146e-05,-0.0001440257,-1.330511e-05,0.0001062708,-0.0002804418,-0.0002290164,0.000270511,6867281000000.0,326500000000000.0,7.769625,431600000000000.0,-6.975
999,0.9398,25.90811,5.700479,2844.507,1381.716,315.6696,-16.68292,44.28569,-313.8843,47095890000000.0,18742240000000.0,1115852000000.0,0.4293891,9.106401e-07,8.161998e-08,-8.068606e-07,9.780366e-08,9.36379e-07,-1.694689e-06,-1.369643e-06,2.057156e-06,17877220000000.0,994522500000.0,0.3869303,8.443069e-07,7.426151e-08,-7.49443e-07,8.921158e-08,8.665788e-07,-1.572594e-06,-1.27121e-06,1.905619e-06,13359860000000.0,609495100000.0,0.2589005,5.770421e-07,4.749348e-08,-5.1532e-07,5.756747e-08,5.88535e-07,-1.077888e-06,-8.71866e-07,1.298418e-06,655416200000.0,55450000000000.0,0.8759727,8264000000000.0,-0.805266
1000,0.9394,25.21311,4.860564999999998,2864.586,1348.773,269.247,-415.5837,582.9747,-47.67688,60167410000000.0,53631650000000.0,5554068000000.0,0.6145155,4.126178e-06,9.632387e-07,-3.056172e-06,1.015065e-06,4.786978e-06,-7.076599e-06,-5.600111e-06,9.853402e-06,49979310000000.0,5006347000000.0,0.5465155,3.945859e-06,9.00774e-07,-2.942401e-06,9.498084e-07,4.555659e-06,-6.787034e-06,-5.374934e-06,9.399698e-06,35562200000000.0,3199254000000.0,0.3589017,3.167581e-06,6.618217e-07,-2.421324e-06,6.993335e-07,3.589714e-06,-5.507352e-06,-4.373274e-06,7.474938e-06,1461462000000.0,252200000000000.0,1.912908,82080000000000.0,-1.66
1002,0.9436,24.93593,5.424729999999994,2878.1,1338.164,301.4116,-202.9766,451.9133,-69.56769,29891470000000.0,25758570000000.0,2133126000000.0,0.4782474,1.079051e-06,3.094457e-10,-1.051812e-06,1.911855e-08,1.01126e-06,-2.104586e-06,-1.718863e-06,2.337903e-06,23451830000000.0,1863494000000.0,0.4261453,1.002655e-06,2.808916e-10,-9.772397e-07,1.765896e-08,9.393244e-07,-1.955458e-06,-1.597019e-06,2.171858e-06,14321000000000.0,963437600000.0,0.2657803,6.839848e-07,1.744873e-10,-6.663408e-07,1.173244e-08,6.397826e-07,-1.333606e-06,-1.08901e-06,1.480047e-06,876821700000.0,113000000000000.0,1.12143,21560000000000.0,-0.910998
1004,0.9421,25.63704,5.3041710000000055,2858.235,1371.709,294.3369,-28.27738,222.9907,-152.01,30179820000000.0,18261670000000.0,1421074000000.0,0.4296172,7.136741e-07,-1.412735e-07,-8.367874e-07,-1.276972e-07,5.290736e-07,-1.533184e-06,-1.27817e-06,1.406011e-06,17300530000000.0,1242044000000.0,0.3810789,6.624142e-07,-1.275557e-07,-7.730491e-07,-1.150187e-07,4.944356e-07,-1.419421e-06,-1.182705e-06,1.308277e-06,12206490000000.0,739836300000.0,0.2512918,4.877805e-07,-8.521307e-08,-5.603525e-07,-7.616196e-08,3.722176e-07,-1.036306e-06,-8.619427e-07,9.711978e-07,654498400000.0,112100000000000.0,0.9736618,18570000000000.0,-0.8232126
1010,0.955,26.416560000000004,6.0215660000000035,2865.564,1423.511,337.5158,-65.36927,317.4986,-77.59489,51613250000000.0,39118420000000.0,4035270000000.0,0.5454732,2.623451e-06,-4.012828e-07,-2.950391e-06,-3.581247e-07,2.039746e-06,-5.510639e-06,-4.570643e-06,5.250222e-06,37388370000000.0,3687387000000.0,0.4925123,2.492309e-06,-3.720491e-07,-2.793414e-06,-3.313726e-07,1.94592e-06,-5.225658e-06,-4.332554e-06,4.995368e-06,29795360000000.0,2495234000000.0,0.3361958,2.017557e-06,-2.765988e-07,-2.235757e-06,-2.446646e-07,1.596655e-06,-4.204633e-06,-3.481351e-06,4.063568e-06,1111746000000.0,214900000000000.0,1.60274,58600000000000.0,-1.398
1019,0.9584,25.41161,6.1380510000000035,2897.936,1376.761,345.0287,116.8498,204.6033,-163.2951,37868940000000.0,27776970000000.0,2695700000000.0,0.487669,1.408871e-06,-6.377929e-07,-2.006986e-06,-6.103423e-07,6.811245e-07,-3.383503e-06,-2.878692e-06,2.405514e-06,25566340000000.0,2325511000000.0,0.4345277,1.283704e-06,-5.696535e-07,-1.817085e-06,-5.447644e-07,6.316969e-07,-3.071302e-06,-2.611303e-06,2.202686e-06,16723850000000.0,1188005000000.0,0.277401,8.166444e-07,-3.349388e-07,-1.128185e-06,-3.19438e-07,4.282543e-07,-1.926051e-06,-1.633316e-06,1.42711e-06,935250400000.0,52790000000000.0,1.028668,9239000000000.0,-0.804771
1021,0.9665,25.63385,5.325629999999997,2914.763,1398.638,301.3714,545.2006,181.5234,-260.4343,49114290000000.0,36715570000000.0,3704001000000.0,0.5353715,2.306465e-06,-2.700219e-06,-4.929295e-06,-2.646472e-06,-5.442887e-07,-7.19374e-06,-6.361266e-06,2.255526e-06,34697180000000.0,3362172000000.0,0.4810201,2.194494e-06,-2.511436e-06,-4.632014e-06,-2.46056e-06,-4.610246e-07,-6.786476e-06,-5.994351e-06,2.202409e-06,27008050000000.0,2227639000000.0,0.3245857,1.721702e-06,-1.794493e-06,-3.457232e-06,-1.755493e-06,-1.888028e-07,-5.147363e-06,-4.525662e-06,1.899226e-06,1065119000000.0,184800000000000.0,1.502802,47250000000000.0,-1.3
1022,0.9688,26.93796,6.111055,2883.276,1465.172,346.2668,-66.55648,663.9733,-410.415,79005760000000.0,71124410000000.0,7522889000000.0,0.6636837,6.488632e-06,-1.859823e-06,-8.142242e-06,-1.759832e-06,4.130595e-06,-1.448755e-05,-1.215106e-05,1.202946e-05,66607050000000.0,6828942000000.0,0.5934578,6.179626e-06,-1.729341e-06,-7.71143e-06,-1.635195e-06,3.972276e-06,-1.375439e-05,-1.152887e-05,1.149307e-05,47864800000000.0,4447936000000.0,0.3908984,4.907077e-06,-1.255855e-06,-6.002384e-06,-1.184648e-06,3.260165e-06,-1.080044e-05,-9.032234e-06,9.226035e-06,1791624000000.0,239000000000000.0,2.243334,91220000000000.0,-1.951
1023,0.9696,25.38768,5.264321999999994,2928.061,1389.574,298.6284,-141.7167,813.1423,-308.9239,39502880000000.0,36138890000000.0,3085178000000.0,0.5313311,1.68622e-06,-7.870402e-07,-2.427818e-06,-7.544515e-07,7.923903e-07,-4.078695e-06,-3.473003e-06,2.85831e-06,34697180000000.0,2766819000000.0,0.4777909,1.591251e-06,-7.266821e-07,-2.27483e-06,-6.960903e-07,7.632214e-07,-3.832656e-06,-3.261052e-06,2.712443e-06,20856750000000.0,1476123000000.0,0.2958287,1.12248e-06,-4.660366e-07,-1.557398e-06,-4.450083e-07,5.830313e-07,-2.656086e-06,-2.252773e-06,1.956895e-06,1134761000000.0,80210000000000.0,1.202491,16410000000000.0,-0.9837
1024,0.9688,26.9205,5.840494,2885.608,1465.251,331.0433,68.23107,555.7916,-238.6208,89482200000000.0,81312500000000.0,8843236000000.0,0.6918619,8.463114e-06,-3.180198e-06,-1.135497e-05,-3.045352e-06,4.614848e-06,-1.963559e-05,-1.658355e-05,1.488497e-05,78525190000000.0,7864117000000.0,0.6249423,7.962968e-06,-2.939389e-06,-1.062982e-05,-2.81377e-06,4.391001e-06,-1.842097e-05,-1.554892e-05,1.405209e-05,38061170000000.0,3398431000000.0,0.361967,4.728479e-06,-1.612874e-06,-6.17607e-06,-1.541811e-06,2.728795e-06,-1.080222e-05,-9.095727e-06,8.459776e-06,2158847000000.0,94470000000000.0,2.115372,34000000000000.0,-1.69092
1025,0.9696,25.50091,5.292601999999998,2925.093,1395.255,300.2196,111.2899,302.0128,-442.2151,145132200000000.0,124563800000000.0,14429270000000.0,0.7967881,1.741746e-05,-3.341711e-06,-2.013053e-05,-3.146087e-06,1.250624e-05,-3.714798e-05,-3.085845e-05,3.358401e-05,120334800000000.0,13398210000000.0,0.7212143,1.67896e-05,-3.155239e-06,-1.933565e-05,-2.969998e-06,1.211093e-05,-3.573943e-05,-2.96756e-05,3.242337e-05,95729610000000.0,9311121000000.0,0.4915578,1.399592e-05,-2.435986e-06,-1.591314e-05,-2.292981e-06,1.025409e-05,-2.958666e-05,-2.452831e-05,2.716778e-05,2578471000000.0,163200000000000.0,2.855258,79280000000000.0,-2.50767
1027,0.9677,25.327260000000003,5.086069000000005,2925.795,1384.721,288.0952,396.7565,351.1692,-44.74433,70355500000000.0,63819740000000.0,6854671000000.0,0.6386298,5.303817e-06,-4.348681e-06,-9.465642e-06,-4.238468e-06,5.734278e-07,-1.466787e-05,-1.275228e-05,6.997942e-06,56130610000000.0,6065939000000.0,0.5621635,4.992412e-06,-3.99258e-06,-8.808264e-06,-3.889693e-06,6.378219e-07,-1.370496e-05,-1.19016e-05,6.683727e-06,40271790000000.0,3753251000000.0,0.3695946,3.80363e-06,-2.794668e-06,-6.461263e-06,-2.718734e-06,7.253988e-07,-1.019175e-05,-8.817082e-06,5.327668e-06,1661228000000.0,165300000000000.0,1.880271,52880000000000.0,-1.60479
1028,0.9677,25.61729,5.232193,2918.27,1399.284,296.3692,359.1889,116.73,349.3132,37580600000000.0,32774900000000.0,3318430000000.0,0.517638,1.822542e-06,-1.724891e-06,-3.490227e-06,-1.68477e-06,-1.949565e-08,-5.276329e-06,-4.620397e-06,2.200188e-06,31525410000000.0,2966810000000.0,0.4620388,1.709709e-06,-1.580321e-06,-3.236155e-06,-1.542885e-06,1.88421e-08,-4.911648e-06,-4.296271e-06,2.100759e-06,23836290000000.0,1898075000000.0,0.3121231,1.321167e-06,-1.128016e-06,-2.406972e-06,-1.099648e-06,1.059156e-07,-3.70162e-06,-3.22594e-06,1.713748e-06,978658400000.0,122000000000000.0,1.276697,26500000000000.0,-1.04742
1029,0.9665,27.1407,5.744715999999995,2875.322,1473.955,325.0539,231.1484,209.4563,44.7332,60840200000000.0,57091760000000.0,6116102000000.0,0.6150313,4.517166e-06,-2.323115e-06,-6.692286e-06,-2.240847e-06,1.865211e-06,-1.111163e-05,-9.485685e-06,7.357666e-06,54304450000000.0,5686356000000.0,0.5605224,4.376185e-06,-2.210987e-06,-6.443353e-06,-2.131751e-06,1.845154e-06,-1.072474e-05,-9.149402e-06,7.165435e-06,41521280000000.0,3853451000000.0,0.3727595,3.619632e-06,-1.681239e-06,-5.180004e-06,-1.617717e-06,1.667329e-06,-8.721124e-06,-7.41751e-06,6.064588e-06,1495233000000.0,141300000000000.0,1.713787,41200000000000.0,-1.463273
1031,0.9669,25.55215,5.324648999999998,2917.267,1394.726,301.3685,426.4146,534.5861,-328.6647,34601060000000.0,33447700000000.0,2897822000000.0,0.5168698,1.419278e-06,-2.222828e-06,-3.596643e-06,-2.186974e-06,-8.886449e-07,-4.99179e-06,-4.479475e-06,8.373133e-07,31621530000000.0,2616273000000.0,0.4628754,1.351457e-06,-2.070637e-06,-3.378645e-06,-2.036619e-06,-8.006338e-07,-4.707072e-06,-4.219218e-06,8.426011e-07,20568410000000.0,1528047000000.0,0.2955307,1.03273e-06,-1.445951e-06,-2.444948e-06,-1.420381e-06,-4.769204e-07,-3.459923e-06,-3.087046e-06,7.779427e-07,1044572000000.0,90320000000000.0,1.083508,16650000000000.0,-0.910322
1035,0.9638,24.857430000000004,6.310660000000003,2922.613,1353.993,356.2104,115.0092,163.3214,-263.0211,48249260000000.0,45846410000000.0,4423977000000.0,0.5752877,2.763846e-06,-8.002895e-07,-3.483294e-06,-7.521566e-07,1.772465e-06,-6.182636e-06,-5.191347e-06,5.150202e-06,43443560000000.0,3984620000000.0,0.5145277,2.62564e-06,-7.443822e-07,-3.292932e-06,-6.989553e-07,1.698768e-06,-5.857275e-06,-4.915465e-06,4.907106e-06,25181890000000.0,2151730000000.0,0.3165602,1.810367e-06,-4.695755e-07,-2.225848e-06,-4.392268e-07,1.211871e-06,-3.993895e-06,-3.344226e-06,3.422399e-06,1291035000000.0,105300000000000.0,1.414984,25350000000000.0,-1.18305
1036,0.9743,27.05356,4.850142000000005,2899.041,1480.551,276.2177,183.1277,136.6408,-142.9249,28545880000000.0,23547950000000.0,2145895000000.0,0.459387,1.0405e-06,-6.274551e-07,-1.63851e-06,-6.062241e-07,3.481212e-07,-2.655547e-06,-2.282654e-06,1.621346e-06,20376180000000.0,1807039000000.0,0.3980478,9.512245e-07,-5.582583e-07,-1.482455e-06,-5.389597e-07,3.332586e-07,-2.412222e-06,-2.071291e-06,1.497057e-06,14993790000000.0,1067379000000.0,0.2686565,6.885157e-07,-3.731072e-07,-1.041812e-06,-3.593938e-07,2.713767e-07,-1.714781e-06,-1.467931e-06,1.113338e-06,799923700000.0,101500000000000.0,1.070133,18480000000000.0,-0.855855
1039,0.9727,26.59761,4.969184000000001,2906.537,1455.334,282.6231,380.0553,536.5447,-271.2319,28161420000000.0,23355720000000.0,2127635000000.0,0.455726,1.034164e-06,-1.595292e-06,-2.596675e-06,-1.569434e-06,-6.230211e-07,-3.612782e-06,-3.239733e-06,6.353067e-07,21241210000000.0,1909461000000.0,0.4097148,9.730891e-07,-1.46692e-06,-2.409041e-06,-1.442687e-06,-5.524053e-07,-3.365103e-06,-3.014067e-06,6.314164e-07,16531620000000.0,1218566000000.0,0.2748262,7.400842e-07,-1.020118e-06,-1.736273e-06,-1.001999e-06,-3.256384e-07,-2.463306e-06,-2.196263e-06,5.741238e-07,766534700000.0,192000000000000.0,1.202464,39280000000000.0,-1.00287
1041,0.9708,25.59861,5.286117000000004,2925.819,1401.73,300.1686,-94.82861,-32.36096,-89.23387,46999780000000.0,29122560000000.0,2635031000000.0,0.4927314,1.835081e-06,4.336662e-07,-1.354838e-06,4.607217e-07,2.143667e-06,-3.141685e-06,-2.486543e-06,4.399321e-06,24124630000000.0,2039398000000.0,0.426717,1.544079e-06,3.586566e-07,-1.146085e-06,3.812667e-07,1.796998e-06,-2.649576e-06,-2.098276e-06,3.694701e-06,8938608000000.0,562911700000.0,0.2258576,6.163956e-07,1.344151e-07,-4.660418e-07,1.431934e-07,7.078124e-07,-1.066229e-06,-8.460714e-07,1.464965e-06,1128790000000.0,38240000000000.0,1.181058,7684000000000.0,-0.857538
1042,0.9743,24.96058,4.850531999999995,2951.527,1373.848,276.2726,81.84464,250.1784,-368.3714,102649800000000.0,92653960000000.0,10498220000000.0,0.7257277,1.015076e-05,-1.927383e-06,-1.174479e-05,-1.788856e-06,7.400091e-06,-2.165862e-05,-1.800508e-05,1.974207e-05,88232710000000.0,9480854000000.0,0.6489182,9.656521e-06,-1.795301e-06,-1.113306e-05,-1.665216e-06,7.072647e-06,-2.056408e-05,-1.708791e-05,1.881089e-05,56899530000000.0,5578855000000.0,0.4129118,7.204823e-06,-1.22714e-06,-8.188482e-06,-1.135974e-06,5.370717e-06,-1.522471e-05,-1.262929e-05,1.411899e-05,2217209000000.0,147200000000000.0,2.323498,58190000000000.0,-1.982
1043,0.9727,26.76253,5.079080999999994,2902.259,1463.655,288.8983,178.5851,351.2913,-397.8926,39502880000000.0,37292260000000.0,3636279000000.0,0.5320042,2.093938e-06,-1.285065e-06,-3.315768e-06,-1.243727e-06,6.693463e-07,-5.365104e-06,-4.612438e-06,3.224117e-06,36042770000000.0,3346911000000.0,0.4816063,2.008702e-06,-1.208045e-06,-3.155869e-06,-1.168593e-06,6.661454e-07,-5.12175e-06,-4.399669e-06,3.116563e-06,26623600000000.0,2224976000000.0,0.3205232,1.602708e-06,-8.827268e-07,-2.43605e-06,-8.520222e-07,6.101415e-07,-4.004477e-06,-3.428133e-06,2.563942e-06,1094155000000.0,216700000000000.0,1.486087,54790000000000.0,-1.26918
1044,0.9731,24.87276,4.888884000000003,2950.448,1367.848,278.1677,191.0007,641.3412,-375.4273,61513000000000.0,55169470000000.0,6093303000000.0,0.6064939,4.564059e-06,-3.116783e-06,-7.528414e-06,-3.02761e-06,1.119499e-06,-1.200295e-05,-1.03559e-05,6.661601e-06,51709370000000.0,5535684000000.0,0.5432522,4.362709e-06,-2.915374e-06,-7.131708e-06,-2.83076e-06,1.131981e-06,-1.140873e-05,-9.834177e-06,6.428484e-06,36042770000000.0,3610050000000.0,0.3554786,3.487569e-06,-2.132246e-06,-5.50044e-06,-2.066846e-06,1.095967e-06,-8.919133e-06,-7.659841e-06,5.326119e-06,1485162000000.0,238300000000000.0,1.917936,77760000000000.0,-1.64736
1045,0.9727,25.595220000000005,6.137214000000001,2925.874,1401.543,348.8401,-13.20764,184.1795,-253.4835,37868940000000.0,32678780000000.0,3195039000000.0,0.5100719,1.772586e-06,-1.717501e-07,-1.896654e-06,-1.415651e-07,1.48313e-06,-3.625921e-06,-2.991701e-06,3.656825e-06,31044840000000.0,2882540000000.0,0.4580566,1.685705e-06,-1.598037e-07,-1.799994e-06,-1.312692e-07,1.413415e-06,-3.444492e-06,-2.841307e-06,3.480282e-06,20856750000000.0,1750537000000.0,0.2954274,1.28326e-06,-1.106995e-07,-1.358701e-06,-8.959905e-08,1.084937e-06,-2.610553e-06,-2.151184e-06,2.657318e-06,1025787000000.0,158000000000000.0,1.308701,35180000000000.0,-1.10187
1048,0.9778,26.91357,4.867762999999999,2910.122,1477.256,277.9397,-1.800567,131.6876,-191.6166,28449760000000.0,27488620000000.0,2240675000000.0,0.4823464,1.079286e-06,-1.206437e-07,-1.171237e-06,-1.017481e-07,8.884555e-07,-2.224064e-06,-1.838093e-06,2.212604e-06,26239140000000.0,2066635000000.0,0.4324252,1.037027e-06,-1.132091e-07,-1.122574e-06,-9.514744e-08,8.560769e-07,-2.134172e-06,-1.763285e-06,2.128221e-06,20376180000000.0,1463548000000.0,0.2948306,8.660516e-07,-8.640662e-08,-9.290432e-07,-7.164646e-08,7.220379e-07,-1.773842e-06,-1.464005e-06,1.783906e-06,859844100000.0,146300000000000.0,1.147,28550000000000.0,-0.979407
1050,0.9758,26.557580000000005,4.844447999999997,2915.414,1457.232,276.2391,-15.14629,412.3956,-67.85278,92461730000000.0,75257310000000.0,8753341000000.0,0.6713911,8.679105e-06,-1.93817e-06,-1.033468e-05,-1.812857e-06,6.052908e-06,-1.881269e-05,-1.568973e-05,1.660977e-05,69874930000000.0,7838835000000.0,0.6052784,8.283163e-06,-1.815991e-06,-9.828243e-06,-1.697652e-06,5.806556e-06,-1.791941e-05,-1.493853e-05,1.587974e-05,47576460000000.0,4602368000000.0,0.388513,6.270433e-06,-1.258534e-06,-7.319099e-06,-1.173953e-06,4.496017e-06,-1.34439e-05,-1.118581e-05,1.211328e-05,1886701000000.0,200200000000000.0,2.364261,80530000000000.0,-1.99881
1051,0.9801,25.20529,5.408741000000004,2956.441,1391.529,309.3776,211.7803,79.74688,-578.3237,28161420000000.0,17588870000000.0,1418647000000.0,0.4131633,7.091831e-07,-3.718057e-07,-1.062266e-06,-3.575334e-07,2.94341e-07,-1.755886e-06,-1.501676e-06,1.164154e-06,16435510000000.0,1245497000000.0,0.3714206,6.50185e-07,-3.329043e-07,-9.658429e-07,-3.198862e-07,2.775958e-07,-1.601738e-06,-1.368663e-06,1.074916e-06,12302600000000.0,744517000000.0,0.248623,4.56077e-07,-2.128674e-07,-6.566166e-07,-2.039298e-07,2.147146e-07,-1.102616e-06,-9.390812e-07,7.736291e-07,628802300000.0,167300000000000.0,1.124583,32010000000000.0,-0.935055
1052,0.9805,25.40895,6.928425999999999,2943.812,1398.389,396.0312,75.04331,489.0038,-161.5123,32774900000000.0,32198210000000.0,2744751000000.0,0.5051316,1.339288e-06,-8.879295e-07,-2.188549e-06,-8.605406e-07,3.663926e-07,-3.498992e-06,-3.018202e-06,2.00351e-06,31813760000000.0,2566908000000.0,0.4644096,1.296153e-06,-8.456513e-07,-2.104287e-06,-8.1923e-07,3.679896e-07,-3.372507e-06,-2.907181e-06,1.952225e-06,23259600000000.0,1688600000000.0,0.3060175,1.026401e-06,-6.142074e-07,-1.610463e-06,-5.936881e-07,3.455285e-07,-2.614674e-06,-2.246086e-06,1.599341e-06,991061000000.0,106200000000000.0,1.135676,20520000000000.0,-0.956439
1053,0.9778,26.38241,5.222635000000006,2922.461,1449.605,298.1855,65.94562,515.8931,-394.1814,46519210000000.0,39887340000000.0,3962006000000.0,0.5451656,2.475468e-06,-1.345154e-06,-3.747776e-06,-1.296984e-06,9.665567e-07,-6.170344e-06,-5.280796e-06,3.989914e-06,36715570000000.0,3490365000000.0,0.487633,2.321466e-06,-1.234605e-06,-3.487458e-06,-1.189702e-06,9.323985e-07,-5.759261e-06,-4.924985e-06,3.76718e-06,21817890000000.0,1784644000000.0,0.3002772,1.574838e-06,-7.621039e-07,-2.289437e-06,-7.32533e-07,7.050307e-07,-3.830427e-06,-3.264239e-06,2.626508e-06,1195025000000.0,91550000000000.0,1.338596,20850000000000.0,-1.08405
1055,0.9786,26.63416,5.190504000000003,2917.895,1463.349,296.5269,277.3567,217.6571,-367.0197,29122560000000.0,14513220000000.0,1204758000000.0,0.3880945,6.020595e-07,-5.966863e-07,-1.181669e-06,-5.831961e-07,-3.031226e-08,-1.771222e-06,-1.555111e-06,7.06069e-07,13359860000000.0,1001789000000.0,0.3458923,5.297027e-07,-5.156085e-07,-1.030241e-06,-5.037798e-07,-1.743626e-08,-1.548931e-06,-1.358784e-06,6.303717e-07,8746380000000.0,465213700000.0,0.2210701,3.119152e-07,-2.844358e-07,-5.873769e-07,-2.775608e-07,8.613362e-09,-8.927883e-07,-7.807981e-07,3.899115e-07,578497100000.0,40100000000000.0,0.8495439,5796000000000.0,-0.636519
1056,0.9766,26.418790000000005,5.130800999999998,2918.839,1450.118,292.643,325.6716,481.6111,-382.9681,34408840000000.0,20472300000000.0,2068023000000.0,0.4349687,1.144583e-06,-1.384025e-06,-2.493187e-06,-1.357007e-06,-3.09441e-07,-3.616509e-06,-3.204137e-06,1.084951e-06,18550010000000.0,1733459000000.0,0.3850671,1.026275e-06,-1.215635e-06,-2.210023e-06,-1.19152e-06,-2.524898e-07,-3.217204e-06,-2.847432e-06,9.975695e-07,13359860000000.0,905567300000.0,0.2548812,6.629167e-07,-7.296329e-07,-1.37165e-06,-7.143188e-07,-1.083724e-07,-2.022165e-06,-1.783254e-06,6.986117e-07,712640600000.0,62120000000000.0,1.068229,11290000000000.0,-0.8074691
1057,0.979,26.31074,6.9187230000000035,2917.937,1442.815,394.9971,26.69842,255.2535,-59.036,38733970000000.0,19991730000000.0,1676152000000.0,0.4316889,1.291197e-06,-4.449211e-07,-1.700688e-06,-4.203835e-07,7.641147e-07,-2.961543e-06,-2.499287e-06,2.34618e-06,18742240000000.0,1417696000000.0,0.3870383,1.181572e-06,-3.991177e-07,-1.548162e-06,-3.767715e-07,7.069231e-07,-2.701962e-06,-2.27892e-06,2.154489e-06,12783170000000.0,715177500000.0,0.2517048,7.638946e-07,-2.408544e-07,-9.834655e-07,-2.266699e-07,4.733714e-07,-1.729391e-06,-1.455812e-06,1.4088e-06,703508900000.0,105900000000000.0,1.193285,21500000000000.0,-0.9811366
1058,0.9809,25.518,4.9754409999999964,2952.0,1409.17,284.771,29.75029,201.0352,-261.6374,31525410000000.0,30948730000000.0,2690173000000.0,0.5076208,1.255621e-06,-3.057035e-07,-1.527447e-06,-2.827474e-07,8.691655e-07,-2.75317e-06,-2.303778e-06,2.408625e-06,30660390000000.0,2616944000000.0,0.4873018,1.238471e-06,-2.990721e-07,-1.50409e-06,-2.764668e-07,8.596292e-07,-2.713068e-06,-2.269803e-06,2.377998e-06,24220740000000.0,1739535000000.0,0.3098285,9.968926e-07,-2.184545e-07,-1.188023e-06,-2.006531e-07,7.12955e-07,-2.161141e-06,-1.804225e-06,1.934478e-06,912987500000.0,121500000000000.0,1.104413,22830000000000.0,-0.952677
1060,0.9856,26.97328,4.821081999999996,2927.053,1489.689,277.0098,-494.7594,-131.3835,-53.95468,35466090000000.0,24316860000000.0,2372841000000.0,0.4600009,1.542453e-06,1.88373e-06,3.705942e-07,1.898771e-06,3.321133e-06,-1.125581e-06,-5.780186e-07,5.234361e-06,22010120000000.0,1953204000000.0,0.4070923,1.394389e-06,1.671568e-06,3.038253e-07,1.685035e-06,2.970556e-06,-1.04871e-06,-5.536736e-07,4.699885e-06,12494830000000.0,830064400000.0,0.2524867,8.392555e-07,9.384925e-07,1.156166e-07,9.46282e-07,1.719277e-06,-6.984075e-07,-4.003661e-07,2.759539e-06,873947900000.0,40460000000000.0,1.06265,7315000000000.0,-0.7572139
1062,0.9829,25.10957,5.612483000000004,2963.887,1388.99,321.6613,312.9448,59.69046,-621.0458,46807550000000.0,39022310000000.0,3912949000000.0,0.5391732,2.352837e-06,-1.250481e-06,-3.534548e-06,-1.204859e-06,9.469274e-07,-5.837314e-06,-4.991767e-06,3.821177e-06,37676710000000.0,3504196000000.0,0.4864039,2.218578e-06,-1.156831e-06,-3.310306e-06,-1.114039e-06,9.144324e-07,-5.481618e-06,-4.684265e-06,3.624251e-06,23067380000000.0,1867721000000.0,0.3046959,1.563501e-06,-7.478297e-07,-2.264579e-06,-7.184604e-07,7.092503e-07,-3.794609e-06,-3.232494e-06,2.617515e-06,1185888000000.0,81360000000000.0,1.298192,17970000000000.0,-1.050973
1063,0.9841,27.06095,4.991211,2920.23,1491.847,286.3886,65.76464,72.3737,-341.0769,45558070000000.0,41136820000000.0,4212527000000.0,0.5471425,2.508019e-06,-3.283786e-07,-2.766806e-06,-2.865347e-07,2.00839e-06,-5.214183e-06,-4.316003e-06,5.080157e-06,38349510000000.0,3757678000000.0,0.4898907,2.367303e-06,-3.03624e-07,-2.60498e-06,-2.643897e-07,1.901196e-06,-4.915025e-06,-4.06716e-06,4.800176e-06,24893540000000.0,2146997000000.0,0.3132003,1.724428e-06,-2.026281e-07,-1.878148e-06,-1.749366e-07,1.4006e-06,-3.56081e-06,-2.942927e-06,3.510834e-06,1217650000000.0,112700000000000.0,1.372663,26320000000000.0,-1.12662
1064,0.9821,26.41686,5.324695000000002,2930.753,1455.914,304.9997,-65.20992,262.7351,-601.9342,89386080000000.0,67664300000000.0,7767875000000.0,0.6487428,6.430045e-06,-2.184568e-08,-6.265917e-06,6.379387e-08,5.917967e-06,-1.253872e-05,-1.023171e-05,1.377923e-05,61705230000000.0,6849616000000.0,0.5743087,5.993852e-06,-1.987214e-08,-5.839245e-06,5.887193e-08,5.513483e-06,-1.168639e-05,-9.535573e-06,1.283956e-05,41232930000000.0,4002943000000.0,0.3718593,4.344642e-06,-1.31885e-08,-4.228183e-06,4.077407e-08,3.987609e-06,-8.466154e-06,-6.906231e-06,9.292503e-06,1768745000000.0,143400000000000.0,1.963307,47900000000000.0,-1.698516
1065,0.9868,26.7437,6.046392000000001,2929.891,1476.383,347.5172,-112.6217,285.5844,-459.8219,42482420000000.0,37676710000000.0,3693779000000.0,0.531045,2.162765e-06,9.721152e-08,-2.008937e-06,1.309645e-07,2.112597e-06,-4.118386e-06,-3.344481e-06,4.767135e-06,35562200000000.0,3340424000000.0,0.4770361,2.056815e-06,9.054742e-08,-1.912188e-06,1.224271e-07,2.006479e-06,-3.918265e-06,-3.182214e-06,4.530581e-06,24028520000000.0,2019646000000.0,0.3084198,1.546821e-06,6.19915e-08,-1.443293e-06,8.514745e-08,1.500179e-06,-2.951846e-06,-2.398075e-06,3.396966e-06,1111086000000.0,145200000000000.0,1.399781,34580000000000.0,-1.17216
1066,0.9825,25.59432,6.478886000000001,2945.802,1411.033,370.9295,126.9975,257.2878,-101.9916,38637850000000.0,37388370000000.0,3266995000000.0,0.533474,1.82461e-06,-9.147618e-07,-2.685898e-06,-8.795196e-07,7.897416e-07,-4.469359e-06,-3.81481e-06,3.01929e-06,35850550000000.0,2976489000000.0,0.481652,1.748722e-06,-8.593789e-07,-2.556694e-06,-8.257629e-07,7.737193e-07,-4.265967e-06,-3.638594e-06,2.910272e-06,23547950000000.0,1772916000000.0,0.3065038,1.365028e-06,-6.114864e-07,-1.93577e-06,-5.858817e-07,6.612632e-07,-3.269965e-06,-2.780055e-06,2.327981e-06,1119408000000.0,104000000000000.0,1.256907,22240000000000.0,-1.04742
1067,0.9848,27.03682,4.848819999999995,2923.392,1491.91,278.42,-66.16448,-262.7437,0.785444,82754210000000.0,73046690000000.0,7897717000000.0,0.6624465,6.798236e-06,1.757032e-06,-4.853603e-06,1.82752e-06,8.016415e-06,-1.146792e-05,-9.035782e-06,1.634642e-05,66414820000000.0,6965612000000.0,0.5878643,6.3602e-06,1.604848e-06,-4.578697e-06,1.669607e-06,7.457133e-06,-1.076679e-05,-8.490983e-06,1.52484e-05,38445630000000.0,3770151000000.0,0.361053,4.38763e-06,1.005622e-06,-3.256604e-06,1.046608e-06,5.031136e-06,-7.525375e-06,-5.954221e-06,1.039979e-05,1929893000000.0,159300000000000.0,2.10495,57050000000000.0,-1.77507
1070,0.9821,25.37584,6.752153000000002,2949.422,1398.965,386.4895,-74.27629,398.8775,146.908,63819740000000.0,41713500000000.0,5162475000000.0,0.5509405,3.780097e-06,-7.973742e-07,-4.464361e-06,-7.371331e-07,2.707455e-06,-8.155618e-06,-6.798726e-06,7.322648e-06,39887340000000.0,4653970000000.0,0.4987489,3.566156e-06,-7.361407e-07,-4.195072e-06,-6.798354e-07,2.568647e-06,-7.677377e-06,-6.397123e-06,6.921754e-06,29603130000000.0,2964088000000.0,0.3333511,2.715467e-06,-5.117331e-07,-3.143796e-06,-4.706564e-07,1.998988e-06,-5.79529e-06,-4.819892e-06,5.310681e-06,1177989000000.0,311000000000000.0,1.931489,102200000000000.0,-1.68498
1072,0.9864,27.13527,5.1405030000000025,2923.186,1498.141,295.4949,-123.3535,-157.1358,-141.3371,54400560000000.0,53054960000000.0,5359570000000.0,0.6045909,3.670734e-06,1.265419e-06,-2.310244e-06,1.308451e-06,4.663179e-06,-5.881154e-06,-4.570075e-06,9.171973e-06,51901600000000.0,4930513000000.0,0.5430013,3.524485e-06,1.189397e-06,-2.243387e-06,1.230283e-06,4.450404e-06,-5.67201e-06,-4.413032e-06,8.778832e-06,39791220000000.0,3364300000000.0,0.3645089,2.856402e-06,8.863675e-07,-1.894238e-06,9.179699e-07,3.524337e-06,-4.672899e-06,-3.65208e-06,7.029711e-06,1385796000000.0,196400000000000.0,1.762689,58900000000000.0,-1.51272
1075,0.9868,26.61055,6.268430000000005,2931.108,1468.465,360.1083,-141.616,392.4478,-366.0354,46326980000000.0,28930330000000.0,2583422000000.0,0.4868556,1.499681e-06,-3.262278e-08,-1.493724e-06,-7.409744e-09,1.369017e-06,-2.95709e-06,-2.420552e-06,3.210761e-06,26719710000000.0,2261406000000.0,0.438693,1.376308e-06,-2.926827e-08,-1.369997e-06,-6.287395e-09,1.25654e-06,-2.712949e-06,-2.220509e-06,2.946483e-06,16435510000000.0,1140966000000.0,0.2732157,8.852025e-07,-1.711515e-08,-8.78937e-07,-2.797392e-09,8.083574e-07,-1.742615e-06,-1.425767e-06,1.89445e-06,950072100000.0,94690000000000.0,1.251377,20160000000000.0,-1.04
1077,0.9848,25.02377,5.596437999999995,2970.307,1386.577,321.2055,35.63722,-1.452904,-479.4976,39118420000000.0,28834220000000.0,2647342000000.0,0.4933189,1.436865e-06,5.503337e-08,-1.345196e-06,7.885538e-08,1.397991e-06,-2.746615e-06,-2.232881e-06,3.163325e-06,27392510000000.0,2310806000000.0,0.4374969,1.323146e-06,4.93674e-08,-1.239865e-06,7.113816e-08,1.285492e-06,-2.530346e-06,-2.057226e-06,2.910815e-06,18357790000000.0,1319504000000.0,0.2841187,9.49856e-07,3.247023e-08,-8.925896e-07,4.767023e-08,9.184532e-07,-1.818942e-06,-1.47918e-06,2.084477e-06,927020200000.0,133400000000000.0,1.272898,28890000000000.0,-1.06128
1078,0.9825,26.45535,5.086607999999999,2931.439,1458.71,291.4538,85.64417,233.1927,-194.2338,38830080000000.0,33159350000000.0,3178936000000.0,0.5132497,1.759428e-06,-6.657729e-07,-2.374713e-06,-6.331376e-07,9.769889e-07,-4.09351e-06,-3.462761e-06,3.128841e-06,30468160000000.0,2814511000000.0,0.4557569,1.643837e-06,-6.065538e-07,-2.203016e-06,-5.762709e-07,9.276165e-07,-3.808878e-06,-3.219506e-06,2.93775e-06,22202350000000.0,1776837000000.0,0.304558,1.251783e-06,-4.246909e-07,-1.639842e-06,-4.022026e-07,7.417568e-07,-2.862671e-06,-2.413691e-06,2.271529e-06,1013350000000.0,174900000000000.0,1.384216,41190000000000.0,-1.16325
1079,0.9936,27.09159,7.186981000000007,2928.38,1497.986,414.7735,-445.7985,66.5464,-30.58755,36427230000000.0,24605200000000.0,2238630000000.0,0.459337,1.173948e-06,1.156581e-06,6.666284e-09,1.17078e-06,2.253055e-06,-1.133704e-06,-7.163356e-07,3.706104e-06,21625660000000.0,1855698000000.0,0.4041682,1.045289e-06,1.00853e-06,-1.524975e-08,1.02107e-06,1.984497e-06,-1.030627e-06,-6.589723e-07,3.278111e-06,12110370000000.0,786720300000.0,0.24509,5.875956e-07,5.255019e-07,-4.976495e-08,5.323288e-07,1.073393e-06,-6.205201e-07,-4.115358e-07,1.800176e-06,902764800000.0,56690000000000.0,1.032757,9961000000000.0,-0.803484
1080,0.9932,25.51918,4.800965000000006,2980.524,1422.862,277.3944,156.6899,277.2769,-655.0748,36331120000000.0,33928270000000.0,2926411000000.0,0.518212,1.515889e-06,-7.900358e-07,-2.264159e-06,-7.601851e-07,6.299868e-07,-3.74761e-06,-3.20341e-06,2.486034e-06,32390440000000.0,2660030000000.0,0.4693142,1.444082e-06,-7.381209e-07,-2.142259e-06,-7.098103e-07,6.14202e-07,-3.555396e-06,-3.03695e-06,2.382078e-06,21337320000000.0,1541225000000.0,0.2969116,1.062934e-06,-4.941113e-07,-1.527046e-06,-4.737714e-07,4.995893e-07,-2.567057e-06,-2.185341e-06,1.799894e-06,1073151000000.0,95660000000000.0,1.174173,19110000000000.0,-0.970596
1081,0.992,27.15816,5.715928999999997,2931.509,1503.886,329.7855,-38.98811,-158.5715,-141.6077,49306520000000.0,47480350000000.0,4348549000000.0,0.5731237,2.606524e-06,6.606049e-07,-1.879094e-06,6.971822e-07,3.085086e-06,-4.416863e-06,-3.485991e-06,6.287766e-06,45077500000000.0,3931218000000.0,0.5166604,2.475784e-06,6.149962e-07,-1.797063e-06,6.494784e-07,2.917037e-06,-4.207533e-06,-3.32327e-06,5.95864e-06,23836290000000.0,2009517000000.0,0.3070745,1.672756e-06,3.757798e-07,-1.252959e-06,3.980764e-07,1.927952e-06,-2.881554e-06,-2.283788e-06,3.981332e-06,1413015000000.0,109000000000000.0,1.411708,26180000000000.0,-1.18503
1083,0.9936,26.10403,7.124048000000004,2953.983,1447.399,411.1342,-48.54443,64.18371,-7.189236,51805480000000.0,46615320000000.0,4726064000000.0,0.5696033,3.0387e-06,9.611045e-08,-2.858882e-06,1.417469e-07,2.919611e-06,-5.820626e-06,-4.733384e-06,6.643044e-06,42097960000000.0,4160314000000.0,0.5032741,2.83145e-06,8.730423e-08,-2.665751e-06,1.294073e-07,2.716899e-06,-5.425486e-06,-4.412263e-06,6.185694e-06,26815820000000.0,2357653000000.0,0.3198801,2.030587e-06,5.72275e-08,-1.91603e-06,8.624406e-08,1.939326e-06,-3.895162e-06,-3.168148e-06,4.425062e-06,1363964000000.0,148400000000000.0,1.566046,39540000000000.0,-1.31076
1085,0.99,26.94864,5.833294999999994,2932.295,1490.769,336.0657,95.79183,183.1395,-402.9399,69394360000000.0,37003920000000.0,3808260000000.0,0.526655,2.832943e-06,-6.790213e-07,-3.429313e-06,-6.313185e-07,1.955164e-06,-6.196121e-06,-5.179791e-06,5.417524e-06,32390440000000.0,3174410000000.0,0.4627499,2.502227e-06,-5.862197e-07,-3.01506e-06,-5.444725e-07,1.739213e-06,-5.458841e-06,-4.561043e-06,4.796728e-06,23932400000000.0,1750789000000.0,0.3083846,1.681226e-06,-3.655646e-07,-1.996606e-06,-3.384038e-07,1.194034e-06,-3.638492e-06,-3.035004e-06,3.24686e-06,1107527000000.0,123600000000000.0,1.630137,34280000000000.0,-1.380077
1088,0.988,26.16056,5.100817,2952.061,1450.071,293.5807,-43.72603,263.2026,5.000942,34120490000000.0,23547950000000.0,2131168000000.0,0.4553688,1.082376e-06,-2.259996e-07,-1.279452e-06,-2.0619e-07,7.872777e-07,-2.33578e-06,-1.948585e-06,2.114888e-06,22202350000000.0,1868630000000.0,0.4089115,9.975738e-07,-2.038982e-07,-1.17472e-06,-1.857373e-07,7.296806e-07,-2.14828e-06,-1.791392e-06,1.953114e-06,15089910000000.0,1021838000000.0,0.264271,6.853497e-07,-1.287724e-07,-7.954703e-07,-1.165755e-07,5.117165e-07,-1.464307e-06,-1.219034e-06,1.35177e-06,804868800000.0,71980000000000.0,1.059083,12970000000000.0,-0.8434
1089,0.9884,27.05941,5.248166000000004,2928.806,1496.129,302.0935,-186.944,26.65062,-289.2208,40175680000000.0,17588870000000.0,1341757000000.0,0.4148071,7.186146e-07,3.949266e-07,-3.074601e-07,4.059249e-07,1.068104e-06,-1.006872e-06,-7.508669e-07,1.954851e-06,16243280000000.0,1108774000000.0,0.3670923,6.299207e-07,3.391051e-07,-2.765324e-07,3.486896e-07,9.290126e-07,-8.896153e-07,-6.651906e-07,1.706215e-06,9130836000000.0,461443500000.0,0.2232754,3.41654e-07,1.696197e-07,-1.64157e-07,1.74691e-07,4.89157e-07,-4.966673e-07,-3.749075e-07,9.104708e-07,665035400000.0,40930000000000.0,0.9243652,6437000000000.0,-0.733887
1091,0.992,24.85724,5.133235999999996,2992.308,1386.27,296.2514,10.94028,270.5258,-243.9739,29410900000000.0,23355720000000.0,2025406000000.0,0.4535091,1.069407e-06,-2.933689e-07,-1.334139e-06,-2.733337e-07,7.084028e-07,-2.378294e-06,-1.995561e-06,2.01988e-06,21241210000000.0,1684898000000.0,0.4007161,9.612993e-07,-2.588324e-07,-1.194307e-06,-2.409041e-07,6.41405e-07,-2.132898e-06,-1.788833e-06,1.820163e-06,9515293000000.0,597096400000.0,0.2260732,4.942366e-07,-1.231498e-07,-6.039218e-07,-1.141182e-07,3.390929e-07,-1.086467e-06,-9.095169e-07,9.448167e-07,891954900000.0,35230000000000.0,0.9287747,5567000000000.0,-0.66542
1094,0.9912,26.79495,5.821667999999999,2939.337,1484.441,335.7399,-144.4942,434.3557,-453.0693,54112220000000.0,53535530000000.0,4965738000000.0,0.5989686,3.105299e-06,-1.261641e-07,-3.147076e-06,-7.797668e-08,2.762229e-06,-6.177718e-06,-5.065021e-06,6.567863e-06,52670510000000.0,4618506000000.0,0.543555,3.001143e-06,-1.197092e-07,-3.038985e-06,-7.341851e-08,2.670872e-06,-5.967922e-06,-4.892475e-06,6.348345e-06,36619460000000.0,3001886000000.0,0.3545674,2.414376e-06,-8.829861e-08,-2.435522e-06,-5.22523e-08,2.152752e-06,-4.791613e-06,-3.926115e-06,5.109069e-06,1429934000000.0,106300000000000.0,1.458071,26370000000000.0,-1.25532
1095,0.9884,26.17717,5.153898000000003,2951.809,1451.009,296.6691,-35.33379,331.7226,-537.4529,42386300000000.0,29699250000000.0,2839372000000.0,0.4901093,1.735342e-06,-2.614682e-07,-1.950529e-06,-2.31588e-07,1.359125e-06,-3.645232e-06,-3.023534e-06,3.487189e-06,27488620000000.0,2463912000000.0,0.4374215,1.578125e-06,-2.323095e-07,-1.768123e-06,-2.053372e-07,1.240796e-06,-3.309252e-06,-2.743827e-06,3.175694e-06,20760640000000.0,1453444000000.0,0.2950732,1.121333e-06,-1.527725e-07,-1.24349e-06,-1.341105e-07,8.922762e-07,-2.338446e-06,-1.936554e-06,2.2662e-06,927210500000.0,99930000000000.0,1.309864,22270000000000.0,-1.054
1096,0.9896,27.07398,5.5497619999999985,2929.73,1497.54,319.7023,11.52584,58.6233,-103.3826,90923910000000.0,79870790000000.0,8995356000000.0,0.6806692,8.168029e-06,-3.005002e-07,-8.215857e-06,-1.976246e-07,7.213402e-06,-1.618035e-05,-1.324808e-05,1.717345e-05,74680630000000.0,8143409000000.0,0.6097449,7.792695e-06,-2.807506e-07,-7.831191e-06,-1.838725e-07,6.883873e-06,-1.542967e-05,-1.263173e-05,1.638417e-05,51709370000000.0,5097039000000.0,0.3979837,6.083336e-06,-2.01053e-07,-6.091037e-06,-1.299363e-07,5.377777e-06,-1.202262e-05,-9.83699e-06,1.278676e-05,1944055000000.0,211400000000000.0,2.315183,83270000000000.0,-2.003
1101,0.9991,25.32039,6.3052039999999945,2991.542,1415.398,365.6746,-144.1647,97.74011,-375.4512,28449760000000.0,15474360000000.0,1213083000000.0,0.3954129,8.271848e-07,2.862935e-07,-5.213397e-07,2.991204e-07,1.060146e-06,-1.32697e-06,-1.031897e-06,2.07926e-06,13552080000000.0,938571200000.0,0.3460616,6.979818e-07,2.385552e-07,-4.428892e-07,2.493411e-07,8.914112e-07,-1.122679e-06,-8.736839e-07,1.751277e-06,8458038000000.0,377220300000.0,0.2184773,3.822568e-07,1.248016e-07,-2.483098e-07,1.306236e-07,4.820667e-07,-6.205941e-07,-4.842054e-07,9.528307e-07,622533700000.0,26990000000000.0,0.9294442,4268000000000.0,-0.622512
1102,0.9955,26.74857,5.615971999999996,2950.575,1487.12,324.9048,-274.9576,347.6937,-548.9308,34312720000000.0,26239140000000.0,1932834000000.0,0.4686645,9.822305e-07,3.852348e-07,-5.749344e-07,4.003148e-07,1.305036e-06,-1.532403e-06,-1.181735e-06,2.516726e-06,23932400000000.0,1655867000000.0,0.4169051,8.905017e-07,3.417971e-07,-5.285943e-07,3.553828e-07,1.1754e-06,-1.396618e-06,-1.078681e-06,2.273756e-06,11725920000000.0,675454200000.0,0.2422047,4.840111e-07,1.705962e-07,-3.022395e-07,1.777809e-07,6.229943e-07,-7.739733e-07,-6.011236e-07,1.219581e-06,910235800000.0,51910000000000.0,1.020404,9012000000000.0,-0.8003418
1107,0.9947,24.91329,6.405532,2990.989,1389.214,370.2376,296.4417,354.4076,-182.1853,28930330000000.0,13071510000000.0,970388500000.0,0.3760085,6.818857e-07,-8.306977e-07,-1.492382e-06,-8.146714e-07,-1.891277e-07,-2.160691e-06,-1.915624e-06,6.433523e-07,10764780000000.0,704687900000.0,0.3193278,5.450498e-07,-6.525363e-07,-1.181394e-06,-6.397666e-07,-1.398461e-07,-1.715583e-06,-1.519684e-06,5.255051e-07,4901817000000.0,217463200000.0,0.184615,2.387563e-07,-2.711798e-07,-5.027796e-07,-2.656446e-07,-4.679082e-08,-7.367674e-07,-6.509401e-07,2.445594e-07,558153600000.0,20200000000000.0,0.7934792,2727000000000.0,-0.5421873
1109,0.9963,26.78842,5.5642040000000055,2952.095,1490.462,322.1697,-406.7707,-8.084403,19.24216,51036570000000.0,46230870000000.0,4357901000000.0,0.5692589,2.870193e-06,2.075272e-06,-7.303953e-07,2.104996e-06,4.738974e-06,-3.517906e-06,-2.495987e-06,8.281705e-06,42194080000000.0,3778835000000.0,0.5027775,2.6568e-06,1.873888e-06,-7.227956e-07,1.901019e-06,4.338303e-06,-3.303034e-06,-2.356977e-06,7.616966e-06,22875150000000.0,1875799000000.0,0.3028152,1.760258e-06,1.129589e-06,-5.897532e-07,1.146486e-06,2.758881e-06,-2.299217e-06,-1.672079e-06,4.929264e-06,1392474000000.0,92330000000000.0,1.46861,23070000000000.0,-1.18206
1111,0.9955,26.8384,5.613014000000004,2949.117,1492.188,324.8292,-33.2925,-156.0447,-292.2606,91981160000000.0,64204200000000.0,7936699000000.0,0.6314169,7.68851e-06,1.27562e-06,-6.190223e-06,1.354439e-06,8.337625e-06,-1.36751e-05,-1.092036e-05,1.773973e-05,58533470000000.0,6690040000000.0,0.5623832,6.950803e-06,1.135934e-06,-5.612615e-06,1.2062e-06,7.517196e-06,-1.237928e-05,-9.888541e-06,1.601551e-05,36811690000000.0,3135069000000.0,0.3540666,4.246716e-06,6.514236e-07,-3.469123e-06,6.916449e-07,4.541573e-06,-7.603227e-06,-6.080607e-06,9.729214e-06,1856785000000.0,65340000000000.0,1.989793,22120000000000.0,-1.49292
1114,0.9939,26.65863,5.5600289999999974,2950.445,1481.251,321.3798,-215.5901,422.0266,-369.3065,61897460000000.0,49498740000000.0,5183215000000.0,0.5795708,3.738593e-06,2.612025e-07,-3.375749e-06,3.136942e-07,3.729084e-06,-7.021241e-06,-5.682283e-06,8.311308e-06,45173610000000.0,4566960000000.0,0.5162869,3.480295e-06,2.37336e-07,-3.147769e-06,2.856549e-07,3.463842e-06,-6.541327e-06,-5.294723e-06,7.728516e-06,32582670000000.0,2694755000000.0,0.3418396,2.523128e-06,1.584662e-07,-2.294137e-06,1.920275e-07,2.492836e-06,-4.754218e-06,-3.850041e-06,5.582047e-06,1372105000000.0,104500000000000.0,1.609738,28620000000000.0,-1.335
1115,0.9987,25.62853,6.8599779999999955,2979.381,1429.305,397.5448,-353.6866,161.091,-343.8157,30083700000000.0,24220740000000.0,1849099000000.0,0.4574497,9.799526e-07,8.007574e-07,-1.586088e-07,8.139773e-07,1.717598e-06,-1.111621e-06,-7.628222e-07,2.929426e-06,21337320000000.0,1530989000000.0,0.4024068,8.845178e-07,7.075118e-07,-1.583312e-07,7.19362e-07,1.534787e-06,-1.018517e-06,-7.036652e-07,2.628443e-06,7112441000000.0,424365200000.0,0.2054879,3.919283e-07,2.85085e-07,-9.836975e-08,2.901567e-07,6.510501e-07,-4.794863e-07,-3.399289e-07,1.135313e-06,926443500000.0,43870000000000.0,0.971878,7254000000000.0,-0.724383
1120,0.9979,26.7982,5.827651999999997,2954.114,1492.114,337.7867,-613.9744,-73.64288,-658.0015,52958850000000.0,32967120000000.0,3580931000000.0,0.5061219,2.640127e-06,3.51302e-06,9.17872e-07,3.530792e-06,5.965038e-06,-1.641877e-06,-7.046037e-07,9.247693e-06,31621530000000.0,3121165000000.0,0.458552,2.422463e-06,3.168288e-06,7.87409e-07,3.184349e-06,5.417286e-06,-1.561226e-06,-7.011728e-07,8.428784e-06,19607270000000.0,1533997000000.0,0.2866674,1.532787e-06,1.851495e-06,3.459801e-07,1.86088e-06,3.271825e-06,-1.139878e-06,-5.955119e-07,5.175713e-06,1031541000000.0,125000000000000.0,1.481161,31500000000000.0,-1.20978
1121,1.0007,24.914120000000004,6.310374000000005,3004.731,1395.65,366.3704,-43.56819,11.58423,-364.1994,185115700000000.0,158107600000000.0,19589890000000.0,0.8506887,2.693685e-05,1.747213e-06,-2.42549e-05,1.900322e-06,2.60472e-05,-5.048823e-05,-4.078359e-05,5.871435e-05,145228400000000.0,17552670000000.0,0.7578108,2.542525e-05,1.613163e-06,-2.292319e-05,1.750736e-06,2.452765e-05,-4.768405e-05,-3.852179e-05,5.534996e-05,100247000000000.0,10697180000000.0,0.4934565,1.901463e-05,1.108861e-06,-1.722011e-05,1.18982e-06,1.817685e-05,-3.573677e-05,-2.887766e-05,4.119083e-05,3257017000000.0,229000000000000.0,3.603574,140400000000000.0,-3.13929
1123,1.0023,26.20385,5.091436000000005,2982.646,1467.892,296.1839,22.38769,452.0327,-154.869,37196140000000.0,30756500000000.0,3067457000000.0,0.4960222,1.697832e-06,-8.077049e-07,-2.45634e-06,-7.752811e-07,7.782199e-07,-4.11631e-06,-3.507035e-06,2.853571e-06,28545880000000.0,2725026000000.0,0.4417817,1.591903e-06,-7.386793e-07,-2.284245e-06,-7.084811e-07,7.47641e-07,-3.840623e-06,-3.269304e-06,2.69316e-06,19991730000000.0,1707655000000.0,0.2916486,1.198745e-06,-5.067062e-07,-1.669925e-06,-4.845846e-07,6.105333e-07,-2.841847e-06,-2.411455e-06,2.074501e-06,962678500000.0,181700000000000.0,1.377376,42580000000000.0,-1.150817
1124,1.0055,25.31446,5.905071000000002,3008.331,1422.96,344.202,-10.57016,140.4648,-274.2829,28161420000000.0,27584740000000.0,2400274000000.0,0.4789469,1.137322e-06,-6.540277e-08,-1.172839e-06,-4.587285e-08,9.977182e-07,-2.28216e-06,-1.875481e-06,2.393642e-06,26623600000000.0,2210526000000.0,0.4306034,1.091299e-06,-6.138627e-08,-1.123913e-06,-4.274237e-08,9.584053e-07,-2.188336e-06,-1.798086e-06,2.297679e-06,22490690000000.0,1596083000000.0,0.3021989,9.161467e-07,-4.779621e-08,-9.394913e-07,-3.244341e-08,8.073576e-07,-1.833054e-06,-1.50535e-06,1.931174e-06,908089500000.0,119500000000000.0,1.113552,22640000000000.0,-0.930204
1125,1.0023,26.34117,5.143698000000002,2978.895,1474.926,299.218,91.60648,23.08611,-183.4611,51517140000000.0,50171540000000.0,4817010000000.0,0.6006104,3.094159e-06,-4.436555e-07,-3.447875e-06,-3.945227e-07,2.429158e-06,-6.467001e-06,-5.357928e-06,6.21199e-06,49402630000000.0,4483123000000.0,0.5415195,2.988715e-06,-4.196663e-07,-3.321199e-06,-3.725322e-07,2.354218e-06,-6.237426e-06,-5.166047e-06,6.007606e-06,38157280000000.0,3085543000000.0,0.357652,2.468121e-06,-3.171667e-07,-2.712087e-06,-2.795126e-07,1.969523e-06,-5.120303e-06,-4.235146e-06,4.984464e-06,1319512000000.0,194200000000000.0,1.670674,55200000000000.0,-1.457
1126,1.0047,25.37688,6.163937999999997,3003.427,1424.647,359.0051,-186.5663,-3.644351,-524.3582,33832150000000.0,32294330000000.0,2986687000000.0,0.5121664,1.481313e-06,8.333424e-07,-6.143814e-07,8.533124e-07,2.215589e-06,-2.056009e-06,-1.527832e-06,4.042984e-06,30179820000000.0,2675289000000.0,0.4480909,1.399208e-06,7.647152e-07,-6.025709e-07,7.834074e-07,2.069772e-06,-1.964259e-06,-1.465315e-06,3.795556e-06,23067380000000.0,1826103000000.0,0.3045103,1.133359e-06,5.692647e-07,-5.3774e-07,5.839586e-07,1.624868e-06,-1.640628e-06,-1.236367e-06,3.02192e-06,977549300000.0,119800000000000.0,1.176506,23980000000000.0,-0.99198
1129,1.0011,26.09469,5.306999999999996,2981.78,1460.416,308.4162,25.04706,497.2353,-714.0537,45750300000000.0,23547950000000.0,2104905000000.0,0.4541267,1.355408e-06,-6.586771e-07,-1.979099e-06,-6.318249e-07,6.141507e-07,-3.306179e-06,-2.819631e-06,2.277298e-06,22010120000000.0,1834301000000.0,0.4055435,1.225445e-06,-5.842561e-07,-1.777921e-06,-5.600832e-07,5.661499e-07,-2.9777e-06,-2.537791e-06,2.069595e-06,15954930000000.0,1053061000000.0,0.2676229,8.204206e-07,-3.620226e-07,-1.160741e-06,-3.461518e-07,4.070504e-07,-1.963836e-06,-1.669274e-06,1.41292e-06,775904800000.0,132300000000000.0,1.177302,26500000000000.0,-1.02564
1130,1.0035,26.72691,5.014053999999994,2972.608,1496.815,292.0016,-38.12464,-610.4485,-62.73138,33351580000000.0,30756500000000.0,2892208000000.0,0.4955472,1.455278e-06,1.1666e-06,-2.580355e-07,1.184833e-06,2.525361e-06,-1.673232e-06,-1.155021e-06,4.324731e-06,29507020000000.0,2622218000000.0,0.4497057,1.382331e-06,1.086517e-06,-2.665656e-07,1.103718e-06,2.376762e-06,-1.610795e-06,-1.118531e-06,4.085704e-06,19895610000000.0,1511084000000.0,0.289878,1.027354e-06,7.404587e-07,-2.64664e-07,7.528142e-07,1.697925e-06,-1.263609e-06,-8.976513e-07,2.967193e-06,962370900000.0,104600000000000.0,1.151924,20500000000000.0,-0.938817
1131,1.0023,26.64273,5.465263,2969.365,1489.719,317.8498,-397.8936,-41.78887,-443.369,57668440000000.0,48825950000000.0,5178464000000.0,0.5816591,3.870368e-06,2.816814e-06,-9.661273e-07,2.849651e-06,6.394471e-06,-4.723967e-06,-3.345079e-06,1.117045e-05,45654180000000.0,4628442000000.0,0.5152731,3.673264e-06,2.60883e-06,-9.808631e-07,2.639434e-06,6.002442e-06,-4.547263e-06,-3.238436e-06,1.053418e-05,34312720000000.0,3058855000000.0,0.3484429,2.94512e-06,1.919618e-06,-9.566825e-07,1.942427e-06,4.634843e-06,-3.815938e-06,-2.766055e-06,8.265124e-06,1331972000000.0,260800000000000.0,1.927131,85510000000000.0,-1.650686
1132,1.0047,26.59674,5.076191999999995,2978.174,1491.147,295.8551,-93.41331,-326.6497,-106.9606,40656250000000.0,18357790000000.0,1793353000000.0,0.4232014,1.054953e-06,6.312256e-07,-3.997547e-07,6.455531e-07,1.616019e-06,-1.425778e-06,-1.049985e-06,2.917622e-06,17012190000000.0,1432835000000.0,0.3727781,9.082655e-07,5.350951e-07,-3.524556e-07,5.473564e-07,1.382715e-06,-1.235808e-06,-9.12246e-07,2.503206e-06,10860890000000.0,647612300000.0,0.2364367,5.199386e-07,2.869726e-07,-2.209167e-07,2.938021e-07,7.715797e-07,-7.265805e-07,-5.412998e-07,1.412678e-06,675382900000.0,88420000000000.0,1.201849,18080000000000.0,-0.945747
1133,1.0055,26.23058,5.2443639999999965,2988.925,1472.715,305.8419,-162.8955,77.0646,-683.7227,66126480000000.0,35369980000000.0,2919784000000.0,0.5155034,2.775451e-06,8.303721e-07,-1.87511e-06,8.640478e-07,3.403036e-06,-4.577962e-06,-3.585656e-06,6.814363e-06,29507020000000.0,2209717000000.0,0.445666,2.296954e-06,6.77866e-07,-1.560927e-06,7.054962e-07,2.806207e-06,-3.797765e-06,-2.976469e-06,5.628976e-06,10572550000000.0,535275100000.0,0.2330542,8.232827e-07,2.321473e-07,-5.699778e-07,2.417571e-07,9.940326e-07,-1.371674e-06,-1.077221e-06,2.005251e-06,1294895000000.0,47050000000000.0,1.596515,12780000000000.0,-1.152
1134,1.0116,25.654530000000005,5.178994,3016.815,1448.947,303.3394,-373.1568,246.4527,-259.7642,32102100000000.0,29026450000000.0,2608007000000.0,0.4878748,1.314531e-06,8.807803e-07,-4.049111e-07,8.986343e-07,2.109106e-06,-1.683754e-06,-1.215465e-06,3.732526e-06,26815820000000.0,2262275000000.0,0.4296911,1.224417e-06,7.996028e-07,-3.97801e-07,8.160987e-07,1.943274e-06,-1.588951e-06,-1.15273e-06,3.455153e-06,14993790000000.0,1116201000000.0,0.2609328,8.702086e-07,5.171554e-07,-3.334306e-07,5.284939e-07,1.328693e-06,-1.179934e-06,-8.698038e-07,2.402491e-06,982835600000.0,73070000000000.0,1.060176,13180000000000.0,-0.843282
1135,1.0124,26.46889,5.362406999999998,2997.248,1492.341,314.2836,-368.4268,-398.7845,-639.7166,58725690000000.0,40367910000000.0,4332032000000.0,0.538861,2.74037e-06,3.334162e-06,6.433869e-07,3.356133e-06,5.881611e-06,-2.015474e-06,-1.041802e-06,9.283885e-06,36523350000000.0,3784483000000.0,0.4764871,2.524957e-06,2.994153e-06,5.153334e-07,3.014047e-06,5.340131e-06,-1.934414e-06,-1.037205e-06,8.474232e-06,24701320000000.0,2122117000000.0,0.3081134,1.766572e-06,1.9179e-06,1.847319e-07,1.930899e-06,3.55607e-06,-1.528975e-06,-9.010355e-07,5.74695e-06,1203367000000.0,91950000000000.0,1.330216,20810000000000.0,-1.1385
1136,1.0084,25.66134,5.115516999999996,3009.469,1445.859,298.8891,8.377058,236.0671,-282.4314,82850330000000.0,71412750000000.0,7891938000000.0,0.6522122,6.930729e-06,-8.488161e-07,-7.565112e-06,-7.518994e-07,5.543295e-06,-1.432897e-05,-1.183961e-05,1.399361e-05,66991500000000.0,7081666000000.0,0.5836773,6.603414e-06,-7.921145e-07,-7.190244e-06,-7.007914e-07,5.294895e-06,-1.363461e-05,-1.12625e-05,1.334445e-05,44212470000000.0,4212217000000.0,0.3750012,5.062021e-06,-5.558353e-07,-5.456973e-06,-4.894996e-07,4.098704e-06,-1.039689e-05,-8.577347e-06,1.026323e-05,1811741000000.0,179600000000000.0,2.15142,65740000000000.0,-1.836
1137,1.0104,26.95063,5.136485000000006,2980.797,1515.558,300.5869,-3.719472,-477.4728,-44.50048,31813760000000.0,20664520000000.0,1823836000000.0,0.4326407,1.080261e-06,6.824132e-07,-3.740922e-07,6.979821e-07,1.693397e-06,-1.425312e-06,-1.040485e-06,3.027404e-06,17877220000000.0,1500983000000.0,0.3783229,9.720317e-07,6.008627e-07,-3.49691e-07,6.147788e-07,1.510248e-06,-1.295576e-06,-9.49279e-07,2.710431e-06,12302600000000.0,737073100000.0,0.2466179,6.110574e-07,3.524745e-07,-2.44861e-07,3.610201e-07,9.234773e-07,-8.394514e-07,-6.217008e-07,1.677589e-06,750742200000.0,51450000000000.0,0.9741205,8527000000000.0,-0.735768
1138,1.0068,26.33186,5.4697130000000005,2987.474,1478.569,319.186,-206.7422,-44.48958,-818.3439,36042770000000.0,24893540000000.0,2078159000000.0,0.4612308,1.212742e-06,8.607607e-07,-3.270803e-07,8.765338e-07,1.994449e-06,-1.507929e-06,-1.075497e-06,3.49448e-06,23836290000000.0,1787868000000.0,0.4152839,1.10533e-06,7.704059e-07,-3.120949e-07,7.846818e-07,1.803328e-06,-1.388316e-06,-9.941672e-07,3.170287e-06,12975400000000.0,737518800000.0,0.2515381,6.242401e-07,4.025602e-07,-2.084531e-07,4.103638e-07,9.849999e-07,-8.161625e-07,-5.935143e-07,1.756455e-06,975329000000.0,41130000000000.0,1.054914,7382000000000.0,-0.774279
1139,1.01,26.13938,5.151296999999999,3001.022,1472.744,301.3646,8.001888,44.07134,-776.3488,34889410000000.0,27776970000000.0,2616505000000.0,0.4762021,1.455695e-06,1.5622e-07,-1.264293e-06,1.797502e-07,1.517751e-06,-2.685076e-06,-2.164275e-06,3.308935e-06,25085770000000.0,2243614000000.0,0.4208936,1.349842e-06,1.416795e-07,-1.175352e-06,1.633511e-07,1.403692e-06,-2.49277e-06,-2.00981e-06,3.064327e-06,17012190000000.0,1230915000000.0,0.2724544,9.304919e-07,8.92356e-08,-8.180927e-07,1.037265e-07,9.576475e-07,-1.7261e-06,-1.393083e-06,2.101492e-06,905529100000.0,111600000000000.0,1.236618,23480000000000.0,-0.986436
1140,1.0104,26.10981,5.046357000000001,3003.725,1472.148,295.3842,3.855453,90.01129,-113.7568,161375500000000.0,151379700000000.0,17533070000000.0,0.8363318,2.491943e-05,-6.918793e-07,-2.469449e-05,-5.2938e-07,2.175224e-05,-4.898868e-05,-3.999284e-05,5.188221e-05,145997300000000.0,16247690000000.0,0.7619652,2.408947e-05,-6.577593e-07,-2.385642e-05,-5.054913e-07,2.102375e-05,-4.734126e-05,-3.864349e-05,5.014225e-05,112549600000000.0,10905770000000.0,0.5112158,1.954987e-05,-4.929465e-07,-1.930059e-05,-3.898983e-07,1.703858e-05,-3.835887e-05,-3.129361e-05,4.063578e-05,3010941000000.0,177700000000000.0,3.492837,105600000000000.0,-2.95614
1141,1.0132,26.19841,6.517492999999999,2999.623,1475.894,381.9267,-441.9533,-273.8447,-316.7925,63627510000000.0,34216610000000.0,3337760000000.0,0.5104306,2.822453e-06,3.348614e-06,5.798739e-07,3.371931e-06,5.970923e-06,-2.156903e-06,-1.15469e-06,9.471541e-06,30564270000000.0,2789311000000.0,0.4489923,2.578942e-06,2.98387e-06,4.543934e-07,3.004833e-06,5.378779e-06,-2.046207e-06,-1.13037e-06,8.576719e-06,18357790000000.0,1405245000000.0,0.2825702,1.677736e-06,1.796432e-06,1.517164e-07,1.809305e-06,3.35189e-06,-1.474943e-06,-8.789333e-07,5.430876e-06,1100406000000.0,124200000000000.0,1.43486,30320000000000.0,-1.25928
1142,1.0088,26.01216,5.455943000000005,3000.363,1464.163,318.8755,-56.32323,241.9235,-856.6864,32486550000000.0,15474360000000.0,1108162000000.0,0.3988374,5.797583e-07,4.799565e-08,-5.189436e-07,5.824596e-08,5.932335e-07,-1.085556e-06,-8.780838e-07,1.308361e-06,13936540000000.0,912780300000.0,0.3554103,5.045041e-07,4.099637e-08,-4.522898e-07,4.987581e-08,5.153098e-07,-9.453284e-07,-7.647835e-07,1.137515e-06,6727985000000.0,312439200000.0,0.2004314,2.34055e-07,1.75681e-08,-2.111555e-07,2.160228e-08,2.373028e-07,-4.398425e-07,-3.560727e-07,5.257656e-07,615415500000.0,31700000000000.0,0.8603211,4640000000000.0,-0.6456086
1144,1.0144,25.757990000000003,5.245412000000005,3020.674,1457.52,307.9119,-299.7518,144.2648,-479.5278,28161420000000.0,24316860000000.0,1945578000000.0,0.4562308,9.898167e-07,6.635972e-07,-3.047719e-07,6.771524e-07,1.588979e-06,-1.267956e-06,-9.152797e-07,2.811745e-06,22298460000000.0,1677516000000.0,0.4073879,9.060963e-07,5.944174e-07,-2.919397e-07,6.067347e-07,1.44122e-06,-1.173636e-06,-8.507674e-07,2.560386e-06,14321000000000.0,844012700000.0,0.2567171,5.807759e-07,3.510076e-07,-2.168456e-07,3.586636e-07,8.929749e-07,-7.819356e-07,-5.749273e-07,1.609869e-06,860573600000.0,92900000000000.0,1.142625,18060000000000.0,-0.8862097
1145,1.014,26.94122,5.1519889999999995,2988.792,1519.005,302.2825,-252.0951,-515.8555,-58.41508,29699250000000.0,23067380000000.0,1936500000000.0,0.447532,1.016185e-06,1.291049e-06,2.938602e-07,1.302146e-06,2.240469e-06,-6.926064e-07,-3.317282e-07,3.501305e-06,21433440000000.0,1651765000000.0,0.3989786,9.289497e-07,1.15759e-06,2.46101e-07,1.167654e-06,2.025231e-06,-6.556638e-07,-3.257456e-07,3.17767e-06,11822030000000.0,714554600000.0,0.2416713,5.417804e-07,6.202865e-07,8.894695e-08,6.25932e-07,1.125551e-06,-4.369348e-07,-2.444634e-07,1.797241e-06,828349400000.0,40570000000000.0,0.9573414,6608000000000.0,-0.6954034
1147,1.0177,25.95043,4.839312999999998,3024.564,1471.94,284.7836,-529.8391,-48.69362,180.358,62089690000000.0,50556000000000.0,4748774000000.0,0.580014,3.700875e-06,2.993117e-06,-6.270333e-07,3.021177e-06,6.412496e-06,-4.217258e-06,-2.900194e-06,1.098474e-05,46999780000000.0,4116168000000.0,0.5175332,3.387877e-06,2.682044e-06,-6.314061e-07,2.707222e-06,5.810564e-06,-3.917944e-06,-2.712119e-06,9.995196e-06,32967120000000.0,2224682000000.0,0.3388714,2.307772e-06,1.697635e-06,-5.581223e-07,1.713513e-06,3.82457e-06,-2.796754e-06,-1.974983e-06,6.672786e-06,1513647000000.0,58970000000000.0,1.603713,16090000000000.0,-1.21869
1150,1.0165,26.03228,5.002510999999999,3019.159,1474.649,294.1144,-998.4026,-438.5575,-71.28517,128985100000000.0,120334800000000.0,12194700000000.0,0.7724693,1.487139e-05,1.691153e-05,2.305626e-06,1.682592e-05,3.037516e-05,-1.203193e-05,-6.758803e-06,4.884583e-05,113895200000000.0,10978980000000.0,0.6962315,1.415717e-05,1.57959e-05,1.894538e-06,1.571169e-05,2.860372e-05,-1.175403e-05,-6.733381e-06,4.618187e-05,72373890000000.0,6219248000000.0,0.4413072,1.037013e-05,1.057575e-05,4.045646e-07,1.050361e-05,1.992241e-05,-9.591677e-06,-5.910984e-06,3.277776e-05,2681060000000.0,164500000000000.0,3.02778,84740000000000.0,-2.521
1151,1.0157,25.8451,5.189253999999997,3021.512,1463.591,304.9057,-444.1989,68.9274,-512.5811,44308580000000.0,37100030000000.0,3729904000000.0,0.521415,2.364165e-06,2.031347e-06,-2.83204e-07,2.054487e-06,4.227331e-06,-2.579552e-06,-1.73795e-06,7.150955e-06,34504950000000.0,3323615000000.0,0.4671833,2.229798e-06,1.872897e-06,-3.097866e-07,1.894442e-06,3.943127e-06,-2.475567e-06,-1.681725e-06,6.700049e-06,24797430000000.0,2033742000000.0,0.3081657,1.702393e-06,1.309506e-06,-3.559134e-07,1.325058e-06,2.887067e-06,-2.009275e-06,-1.40296e-06,4.990206e-06,1095935000000.0,164600000000000.0,1.518684,42530000000000.0,-1.25631
1152,1.0144,25.0038,6.187604000000001,3034.155,1415.095,362.9679,-98.23869,110.4724,-712.1196,29507020000000.0,24797430000000.0,2315429000000.0,0.4605842,1.127151e-06,3.574345e-07,-7.437623e-07,3.747508e-07,1.412005e-06,-1.842832e-06,-1.440154e-06,2.801308e-06,24028520000000.0,2145108000000.0,0.4241004,1.081178e-06,3.36769e-07,-7.194073e-07,3.532971e-07,1.348039e-06,-1.773619e-06,-1.38735e-06,2.680506e-06,18165560000000.0,1372119000000.0,0.2812486,8.426686e-07,2.39834e-07,-5.829142e-07,2.523697e-07,1.026816e-06,-1.404452e-06,-1.103324e-06,2.064636e-06,795005600000.0,155800000000000.0,1.179675,31270000000000.0,-0.9829924
1153,1.0177,25.955050000000004,4.929801,3023.952,1471.944,290.0875,-640.7894,211.2672,-33.3657,32774900000000.0,16531620000000.0,1550891000000.0,0.4002086,7.814547e-07,1.177045e-06,4.091698e-07,1.185719e-06,1.908696e-06,-3.496604e-07,-7.220471e-08,2.879905e-06,15089910000000.0,1320827000000.0,0.3582981,7.057912e-07,1.040609e-06,3.471645e-07,1.04838e-06,1.701196e-06,-3.381697e-07,-8.756652e-08,2.578235e-06,9995863000000.0,658420700000.0,0.2277919,4.453455e-07,6.038548e-07,1.66513e-07,6.085924e-07,1.020093e-06,-2.658701e-07,-1.077084e-07,1.573145e-06,598444700000.0,88730000000000.0,0.9704407,14650000000000.0,-0.794277
1154,1.0148,26.06436,5.038809999999994,3014.693,1474.558,295.9022,-193.2739,-104.4001,-401.288,380227200000000.0,361485000000000.0,44235440000000.0,1.114152,0.0001058879,1.333432e-05,-8.798442e-05,1.248443e-05,0.0001050124,-0.0001908283,-0.0001523928,0.0002317931,341589400000000.0,40504680000000.0,1.002226,0.0001020312,1.26123e-05,-8.498081e-05,1.175663e-05,0.0001008362,-0.0001840763,-0.0001470288,0.0002229352,245187000000000.0,26667870000000.0,0.6614985,8.338706e-05,9.503338e-06,-7.011793e-05,8.659938e-06,8.115578e-05,-0.0001510951,-0.0001207708,0.0001806912,5874131000000.0,255500000000000.0,6.32851,275100000000000.0,-5.459782
1156,1.0161,26.939420000000002,5.217287000000003,2993.041,1521.047,306.5652,-213.4009,-379.3945,-283.1456,35754430000000.0,31621530000000.0,3094049000000.0,0.494435,1.732763e-06,1.556618e-06,-1.397835e-07,1.575584e-06,3.170062e-06,-1.822761e-06,-1.206337e-06,5.313164e-06,29795360000000.0,2779940000000.0,0.4476914,1.640019e-06,1.444507e-06,-1.609217e-07,1.462297e-06,2.97106e-06,-1.753797e-06,-1.170322e-06,4.999157e-06,19991730000000.0,1607278000000.0,0.2887069,1.205171e-06,9.725784e-07,-2.065619e-07,9.850817e-07,2.092481e-06,-1.377017e-06,-9.480892e-07,3.581787e-06,982164700000.0,130800000000000.0,1.303143,29000000000000.0,-1.054089
1158,1.0173,26.973450000000003,5.274522999999999,2994.643,1524.099,310.2069,-447.4171,-611.1639,-531.0804,71124410000000.0,40271790000000.0,4300674000000.0,0.5362321,3.157667e-06,4.433602e-06,1.32854e-06,4.44948e-06,7.358401e-06,-1.730235e-06,-6.098706e-07,1.128677e-05,38253400000000.0,3884356000000.0,0.4848799,2.959269e-06,4.06299e-06,1.153522e-06,4.077474e-06,6.802634e-06,-1.712949e-06,-6.628913e-07,1.048335e-05,29410900000000.0,2492205000000.0,0.3259959,2.24844e-06,2.820772e-06,6.117551e-07,2.830496e-06,4.897889e-06,-1.565827e-06,-7.677032e-07,7.691819e-06,1135665000000.0,175500000000000.0,1.647409,49190000000000.0,-1.474034
1163,1.025,25.08216,5.8178950000000045,3057.504,1431.079,343.971,-554.6649,143.7165,-308.8303,78717420000000.0,68625440000000.0,7293835000000.0,0.6381741,5.629542e-06,4.218124e-06,-1.286111e-06,4.258891e-06,9.411882e-06,-6.748819e-06,-4.743862e-06,1.636195e-05,62954710000000.0,6426685000000.0,0.5697488,5.25614e-06,3.858761e-06,-1.279578e-06,3.896065e-06,8.70552e-06,-6.379862e-06,-4.507673e-06,1.51932e-05,28834220000000.0,2802779000000.0,0.3253883,3.169963e-06,2.119484e-06,-9.769756e-07,2.139634e-06,5.034845e-06,-4.052705e-06,-2.922903e-06,8.943277e-06,1946904000000.0,103100000000000.0,1.792362,31440000000000.0,-1.498
1164,1.0222,26.56445,6.357441999999999,3011.092,1505.507,375.08,-101.0426,-39.98505,-477.4748,97171320000000.0,96402410000000.0,9738432000000.0,0.7157411,9.41446e-06,1.831208e-06,-7.303838e-06,1.910632e-06,1.04375e-05,-1.64667e-05,-1.309043e-05,2.193755e-05,95921840000000.0,9321480000000.0,0.6596044,9.238481e-06,1.769754e-06,-7.193571e-06,1.846717e-06,1.021204e-05,-1.618509e-05,-1.287163e-05,2.149546e-05,86406550000000.0,7290640000000.0,0.4660277,8.281453e-06,1.480541e-06,-6.549899e-06,1.545104e-06,9.034112e-06,-1.46097e-05,-1.163812e-05,1.914107e-05,2050479000000.0,230800000000000.0,2.503084,98290000000000.0,-2.264497
1165,1.023,26.05187,5.479202000000003,3030.73,1481.584,323.594,-375.4887,-222.8267,-604.7985,44308580000000.0,14128770000000.0,1056695000000.0,0.3771458,5.325083e-07,8.469173e-07,3.233122e-07,8.528727e-07,1.345964e-06,-1.939648e-07,-4.862244e-09,2.008286e-06,10572550000000.0,732076000000.0,0.3148123,4.017068e-07,6.270333e-07,2.320841e-07,6.314977e-07,1.003394e-06,-1.581181e-07,-1.546161e-08,1.502962e-06,4613475000000.0,220006000000.0,0.1786945,1.623125e-07,2.419956e-07,8.245641e-08,2.437691e-07,3.939562e-07,-7.51936e-08,-1.754748e-08,5.957416e-07,545511700000.0,46310000000000.0,0.8963028,7062000000000.0,-0.78486
1166,1.0246,25.16555,5.864726000000002,3054.849,1435.26,346.6944,-235.5329,-22.39009,-356.0321,32582670000000.0,23547950000000.0,2068900000000.0,0.4531026,1.135738e-06,7.883256e-07,-3.222889e-07,8.03632e-07,1.849214e-06,-1.426849e-06,-1.022379e-06,3.251603e-06,21337320000000.0,1782327000000.0,0.3970164,1.039726e-06,7.020553e-07,-3.145277e-07,7.159331e-07,1.672815e-06,-1.325695e-06,-9.553802e-07,2.956407e-06,15282140000000.0,1049241000000.0,0.2615565,7.46387e-07,4.595275e-07,-2.698821e-07,4.691422e-07,1.155264e-06,-9.957307e-07,-7.297933e-07,2.076095e-06,783440200000.0,219100000000000.0,1.324142,49360000000000.0,-1.106478
1167,1.0209,26.07961,5.229623999999995,3026.981,1481.567,308.4612,-544.5322,-437.3105,-557.0383,32102100000000.0,22298460000000.0,1841904000000.0,0.4398978,8.85077e-07,1.855053e-06,9.821406e-07,1.861361e-06,2.681683e-06,1.242461e-07,4.378249e-07,3.787088e-06,21145090000000.0,1700990000000.0,0.4049223,8.416708e-07,1.72717e-06,8.971811e-07,1.733097e-06,2.512987e-06,8.140343e-08,3.79611e-07,3.564002e-06,16916080000000.0,1113284000000.0,0.2737359,6.516079e-07,1.215071e-06,5.729116e-07,1.219391e-06,1.822433e-06,-5.850565e-08,1.723966e-07,2.635465e-06,732058500000.0,150800000000000.0,1.131092,29020000000000.0,-0.9700461
1168,1.0254,25.373,5.832997,3051.573,1447.232,345.0252,103.1095,-330.9076,-424.4501,39118420000000.0,37965060000000.0,3423317000000.0,0.5295917,1.978985e-06,3.919292e-07,-1.536687e-06,4.204596e-07,2.233969e-06,-3.46529e-06,-2.757773e-06,4.665593e-06,36619460000000.0,3150642000000.0,0.4753282,1.896691e-06,3.667629e-07,-1.481418e-06,3.93889e-07,2.131483e-06,-3.329788e-06,-2.651633e-06,4.461595e-06,30179820000000.0,2314687000000.0,0.3347039,1.61321e-06,2.887421e-07,-1.282517e-06,3.111664e-07,1.787576e-06,-2.854536e-06,-2.277562e-06,3.768263e-06,1063401000000.0,218200000000000.0,1.507387,55960000000000.0,-1.29888
1170,1.0222,25.12035,5.912176999999996,3050.226,1430.152,348.8614,-60.42117,145.7559,-549.7213,51613250000000.0,34504950000000.0,4097245000000.0,0.5087589,2.875346e-06,2.870243e-07,-2.512976e-06,3.295189e-07,2.962073e-06,-5.316478e-06,-4.287645e-06,6.491185e-06,30756500000000.0,3521651000000.0,0.4512176,2.651007e-06,2.585707e-07,-2.322581e-06,2.973829e-07,2.723705e-06,-4.9073e-06,-3.958636e-06,5.976817e-06,22971260000000.0,2019822000000.0,0.3002097,1.872731e-06,1.693928e-07,-1.65303e-06,1.958877e-07,1.907812e-06,-3.478823e-06,-2.808405e-06,4.204255e-06,1014100000000.0,149200000000000.0,1.498952,38050000000000.0,-1.25
1171,1.0267,25.45453,7.1343769999999935,3044.185,1449.038,421.9924,-114.7654,-400.9628,-191.7286,35850550000000.0,32678780000000.0,3018815000000.0,0.5011366,1.504745e-06,1.150506e-06,-3.21662e-07,1.169783e-06,2.555279e-06,-1.78452e-06,-1.248866e-06,4.414571e-06,31140960000000.0,2678636000000.0,0.4494347,1.41149e-06,1.056949e-06,-3.238421e-07,1.074902e-06,2.374232e-06,-1.696022e-06,-1.19353e-06,4.118059e-06,16051050000000.0,1289283000000.0,0.2693711,9.347563e-07,6.374268e-07,-2.765478e-07,6.488912e-07,1.508392e-06,-1.18522e-06,-8.523256e-07,2.662469e-06,1032649000000.0,65910000000000.0,1.066551,11960000000000.0,-0.852291
1173,1.0279,25.93155,6.179535000000003,3040.814,1478.61,366.0991,-174.6492,-89.71791,-622.178,49883200000000.0,41425160000000.0,4199185000000.0,0.5389924,2.769237e-06,1.416028e-06,-1.287734e-06,1.447534e-06,3.985591e-06,-3.981772e-06,-2.993418e-06,7.397095e-06,37484490000000.0,3776491000000.0,0.4784235,2.631604e-06,1.311506e-06,-1.257467e-06,1.341075e-06,3.752124e-06,-3.817545e-06,-2.878215e-06,6.993381e-06,30083700000000.0,2612582000000.0,0.3319862,2.164977e-06,9.937848e-07,-1.118509e-06,1.017049e-06,2.998119e-06,-3.224477e-06,-2.451418e-06,5.662687e-06,1161562000000.0,196800000000000.0,1.619333,54220000000000.0,-1.395233
1174,1.0259,25.38868,7.113077999999998,3044.75,1445.016,420.5679,-88.51947,135.6992,-161.6266,48057030000000.0,40560140000000.0,4205643000000.0,0.5424679,2.557988e-06,2.215335e-07,-2.267965e-06,2.599515e-07,2.601115e-06,-4.760735e-06,-3.846026e-06,5.738885e-06,38157280000000.0,3747927000000.0,0.4820198,2.42225e-06,2.051376e-07,-2.151979e-06,2.412275e-07,2.457525e-06,-4.51246e-06,-3.6462e-06,5.42831e-06,26911940000000.0,2311435000000.0,0.3161326,1.85132e-06,1.434731e-07,-1.657146e-06,1.700969e-07,1.861912e-06,-3.461222e-06,-2.798841e-06,4.130886e-06,1172999000000.0,132800000000000.0,1.436212,32450000000000.0,-1.2078
1175,1.0275,25.67645,5.272108999999996,3051.552,1467.068,312.4373,-516.5969,-16.28627,-508.3779,28353650000000.0,25470230000000.0,2261086000000.0,0.4590537,1.095734e-06,1.490929e-06,4.147572e-07,1.501603e-06,2.513405e-06,-6.488111e-07,-2.596515e-07,3.87433e-06,24028520000000.0,2030018000000.0,0.4126768,1.029823e-06,1.369093e-06,3.577913e-07,1.37902e-06,2.329694e-06,-6.417653e-07,-2.759934e-07,3.608534e-06,16339390000000.0,1212650000000.0,0.267967,7.475703e-07,9.057373e-07,1.720293e-07,9.126091e-07,1.601894e-06,-5.534714e-07,-2.878768e-07,2.529541e-06,852488500000.0,159300000000000.0,1.202828,32600000000000.0,-0.99099
1177,1.0304,25.29164,6.089109999999995,3062.924,1447.291,361.3839,-450.895,-246.1237,-552.5489,62762490000000.0,59590720000000.0,5960032000000.0,0.6081848,4.268496e-06,4.17725e-06,-4.86045e-09,4.204155e-06,8.120018e-06,-4.14368e-06,-2.625722e-06,1.340452e-05,56995640000000.0,5463886000000.0,0.5502139,4.101633e-06,3.937973e-06,-8.011335e-08,3.963352e-06,7.725013e-06,-4.057052e-06,-2.59831e-06,1.280202e-05,38157280000000.0,3401079000000.0,0.3545758,3.222053e-06,2.825633e-06,-3.28618e-07,2.843619e-06,5.794019e-06,-3.452406e-06,-2.305955e-06,9.778559e-06,1572599000000.0,185400000000000.0,1.82796,57660000000000.0,-1.571461
1179,1.0275,25.32941,5.82393,3057.752,1447.313,345.0583,-531.5978,-267.5609,-153.0086,184058400000000.0,133214100000000.0,17878300000000.0,0.794605,2.887285e-05,1.525225e-05,-1.283202e-05,1.52136e-05,4.123967e-05,-4.079051e-05,-3.046892e-05,7.662791e-05,119950400000000.0,15234350000000.0,0.704211,2.725146e-05,1.412141e-05,-1.237934e-05,1.407851e-05,3.862879e-05,-3.876742e-05,-2.902341e-05,7.201824e-05,76699020000000.0,7857965000000.0,0.4467562,1.980517e-05,9.504973e-06,-9.734329e-06,9.453425e-06,2.725034e-05,-2.891089e-05,-2.182286e-05,5.147981e-05,2942699000000.0,126700000000000.0,3.216225,69330000000000.0,-2.66508
1181,1.0382,25.41336,5.109785000000002,3082.602,1464.608,305.1759,-536.9425,262.7131,-85.32369,79582450000000.0,35177750000000.0,4411558000000.0,0.5093408,3.640345e-06,2.236085e-06,-1.319332e-06,2.267972e-06,5.599013e-06,-4.855177e-06,-3.55731e-06,1.00864e-05,33447700000000.0,3807638000000.0,0.4623711,3.301027e-06,1.999665e-06,-1.22397e-06,2.028212e-06,5.047932e-06,-4.430203e-06,-3.253201e-06,9.116387e-06,23355720000000.0,1929581000000.0,0.3000278,2.118115e-06,1.193627e-06,-8.735166e-07,1.210669e-06,3.145402e-06,-2.930692e-06,-2.175085e-06,5.753661e-06,1059202000000.0,135500000000000.0,1.831823,42230000000000.0,-1.50084
1184,1.0324,26.69625,7.126684999999998,3024.628,1520.982,423.2905,-382.1456,12.48576,43.01036,29987590000000.0,13552080000000.0,904558200000.0,0.3764377,5.011144e-07,5.110028e-07,2.010742e-08,5.177067e-07,9.802871e-07,-4.66849e-07,-2.887214e-07,1.600615e-06,11245350000000.0,665260300000.0,0.3195399,4.059526e-07,4.059274e-07,8.289926e-09,4.113239e-07,7.859807e-07,-3.861892e-07,-2.418784e-07,1.288446e-06,6439642000000.0,273816000000.0,0.2005021,2.092344e-07,1.968398e-07,-8.046159e-09,1.995619e-07,3.925294e-07,-2.113605e-07,-1.369634e-07,6.514008e-07,567696800000.0,39250000000000.0,0.9089727,6070000000000.0,-0.66391
1185,1.0324,26.09408,6.132334999999997,3046.642,1492.144,364.4817,-454.9085,-178.4846,-523.0121,79390220000000.0,69874930000000.0,8424640000000.0,0.6398706,6.837816e-06,5.460138e-06,-1.22773e-06,5.498284e-06,1.17512e-05,-7.858206e-06,-5.423637e-06,2.019676e-05,66799280000000.0,7639520000000.0,0.5784804,6.526305e-06,5.121982e-06,-1.260319e-06,5.157565e-06,1.112371e-05,-7.588627e-06,-5.264734e-06,1.918298e-05,47095890000000.0,4649794000000.0,0.3791872,4.899291e-06,3.553562e-06,-1.234321e-06,3.577156e-06,8.048779e-06,-5.984632e-06,-4.239178e-06,1.409312e-05,1731501000000.0,121200000000000.0,1.884525,38860000000000.0,-1.5741
1187,1.0358,26.06106,5.6151760000000035,3057.662,1495.357,334.649,-411.7427,-84.67196,-534.7636,46134750000000.0,33928270000000.0,3617879000000.0,0.503929,2.155773e-06,2.121669e-06,9.257619e-09,2.142094e-06,4.125592e-06,-2.083736e-06,-1.316977e-06,6.794855e-06,31044840000000.0,3171281000000.0,0.4473605,1.993227e-06,1.912248e-06,-4.056448e-08,1.930853e-06,3.764126e-06,-1.975689e-06,-1.266673e-06,6.231583e-06,23163490000000.0,1921275000000.0,0.3001721,1.464091e-06,1.291002e-06,-1.425779e-07,1.303935e-06,2.648804e-06,-1.56386e-06,-1.042872e-06,4.459833e-06,1024294000000.0,185400000000000.0,1.490013,47000000000000.0,-1.25631
1188,1.0358,27.07759,6.3584879999999995,3026.695,1547.344,378.7975,-327.4633,135.2511,-164.8849,42674650000000.0,31044840000000.0,3262877000000.0,0.4869902,1.923891e-06,1.103835e-06,-7.7556e-07,1.128611e-06,2.896169e-06,-2.646573e-06,-1.960945e-06,5.268484e-06,29795360000000.0,2958714000000.0,0.4434767,1.816067e-06,1.021166e-06,-7.527127e-07,1.044373e-06,2.71246e-06,-2.518849e-06,-1.871593e-06,4.9515e-06,23067380000000.0,1866724000000.0,0.3010665,1.380284e-06,7.17284e-07,-6.303484e-07,7.34345e-07,2.000857e-06,-1.972638e-06,-1.480525e-06,3.701609e-06,929172100000.0,104200000000000.0,1.233624,21870000000000.0,-1.02762
1189,1.0441,27.05566,5.344100000000002,3050.928,1558.261,320.4648,-255.1316,-157.4095,-39.68481,43251330000000.0,32294330000000.0,3428521000000.0,0.4929303,2.409025e-06,1.505504e-06,-8.479935e-07,1.533534e-06,3.744931e-06,-3.188917e-06,-2.330871e-06,6.716108e-06,29987590000000.0,2918223000000.0,0.4414091,2.222414e-06,1.36514e-06,-8.0583e-07,1.390778e-06,3.430382e-06,-2.965407e-06,-2.17376e-06,6.171022e-06,16051050000000.0,1227412000000.0,0.2643452,1.318375e-06,7.528249e-07,-5.344376e-07,7.674286e-07,1.976012e-06,-1.815511e-06,-1.345703e-06,3.600771e-06,1070557000000.0,74020000000000.0,1.314962,16560000000000.0,-0.9933992
1190,1.0407,25.39999,5.215135999999997,3088.203,1466.386,312.0336,-591.928,268.431,-336.5829,28834220000000.0,23644060000000.0,2105133000000.0,0.4445155,1.029269e-06,1.266969e-06,2.566198e-07,1.278294e-06,2.228902e-06,-7.433209e-07,-3.774564e-07,3.506215e-06,21914010000000.0,1865352000000.0,0.4017679,9.610595e-07,1.158887e-06,2.156075e-07,1.169373e-06,2.056763e-06,-7.180355e-07,-3.764001e-07,3.249242e-06,15186020000000.0,1050779000000.0,0.2598467,6.784922e-07,7.501486e-07,8.456383e-08,7.572723e-07,1.383056e-06,-5.744833e-07,-3.33236e-07,2.224344e-06,789475200000.0,114700000000000.0,1.117107,21800000000000.0,-0.89793
1191,1.0416,25.61818,4.811415999999994,3085.672,1479.611,288.0466,-698.7518,114.6157,-13.16871,66510930000000.0,59879060000000.0,6710639000000.0,0.6051491,5.594815e-06,4.736636e-06,-7.365136e-07,4.763013e-06,9.877014e-06,-6.159056e-06,-4.167684e-06,1.678922e-05,58437350000000.0,6187445000000.0,0.5537047,5.375654e-06,4.47037e-06,-7.876221e-07,4.495003e-06,9.407036e-06,-5.997666e-06,-4.084096e-06,1.604716e-05,45173610000000.0,4130996000000.0,0.3734866,4.3254e-06,3.314064e-06,-9.136589e-07,3.33105e-06,7.276898e-06,-5.105499e-06,-3.564956e-06,1.261449e-05,1504162000000.0,256400000000000.0,2.202505,96080000000000.0,-1.85427
1192,1.0445,27.18506,5.238469999999999,3049.185,1566.063,314.2785,-279.0011,-222.7264,146.0033,40464020000000.0,25181890000000.0,2026962000000.0,0.4585482,9.730231e-07,9.219336e-07,-3.072681e-08,9.342518e-07,1.831153e-06,-9.761338e-07,-6.301186e-07,3.034767e-06,22682920000000.0,1757879000000.0,0.4056607,8.924012e-07,8.228813e-07,-5.073544e-08,8.340759e-07,1.656425e-06,-9.177972e-07,-6.004225e-07,2.760126e-06,14417110000000.0,921784900000.0,0.2545475,5.924676e-07,4.939357e-07,-8.577061e-08,5.010896e-07,1.046414e-06,-6.613881e-07,-4.506014e-07,1.778667e-06,863990400000.0,143900000000000.0,1.18737,29070000000000.0,-1.02663
1193,1.0407,25.50791,5.163583999999996,3085.309,1472.14,308.9197,-514.8732,-58.89849,-445.5633,44693040000000.0,34504950000000.0,2940258000000.0,0.5035742,1.704796e-06,2.132673e-06,4.594436e-07,2.148115e-06,3.720005e-06,-1.194587e-06,-5.891055e-07,5.835665e-06,32774900000000.0,2644222000000.0,0.4568174,1.611368e-06,1.974685e-06,3.933459e-07,1.989122e-06,3.47448e-06,-1.169999e-06,-5.976622e-07,5.473876e-06,19607270000000.0,1421339000000.0,0.2838647,1.117445e-06,1.237393e-06,1.414746e-07,1.246806e-06,2.275421e-06,-9.425374e-07,-5.454869e-07,3.660773e-06,1077590000000.0,96780000000000.0,1.275975,21010000000000.0,-1.069
1194,1.0428,25.696750000000005,4.954082999999997,3085.938,1484.946,296.8508,-636.6675,-272.4571,146.5807,52766620000000.0,30660390000000.0,3127037000000.0,0.4864906,1.967118e-06,3.137335e-06,1.202517e-06,3.151203e-06,4.967799e-06,-7.029596e-07,-5.829005e-09,7.41641e-06,28738110000000.0,2712836000000.0,0.43512,1.803933e-06,2.815684e-06,1.041612e-06,2.828203e-06,4.493612e-06,-7.057426e-07,-6.639668e-08,6.73869e-06,17396650000000.0,1327176000000.0,0.2716049,1.132038e-06,1.629315e-06,5.166199e-07,1.636662e-06,2.680533e-06,-5.798012e-07,-1.784603e-07,4.088387e-06,983278600000.0,74690000000000.0,1.203225,15290000000000.0,-1.004
1195,1.0428,25.6989,5.003838999999996,3085.546,1484.901,299.8147,-332.5975,-205.3702,-425.7466,124467700000000.0,70451610000000.0,7616687000000.0,0.6387078,7.578578e-06,4.564409e-06,-2.829724e-06,4.61417e-06,1.152506e-05,-1.018568e-05,-7.482111e-06,2.085402e-05,66799280000000.0,6879454000000.0,0.5758535,7.143274e-06,4.202576e-06,-2.765488e-06,4.248149e-06,1.075909e-05,-9.698816e-06,-7.150139e-06,1.954983e-05,47864800000000.0,4310142000000.0,0.3797903,5.344269e-06,2.852829e-06,-2.355817e-06,2.882452e-06,7.743598e-06,-7.542682e-06,-5.634513e-06,1.431247e-05,1737337000000.0,192400000000000.0,2.300033,75290000000000.0,-2.06712
1196,1.0445,25.5768,5.124779999999994,3092.459,1480.119,307.4728,-658.4261,-75.09843,-331.5601,39695110000000.0,32294330000000.0,2972370000000.0,0.4935695,1.631929e-06,2.503216e-06,8.986156e-07,2.515018e-06,4.021423e-06,-6.827816e-07,-1.040935e-07,6.05173e-06,30083700000000.0,2655365000000.0,0.4415771,1.528692e-06,2.287372e-06,7.845096e-07,2.298245e-06,3.708896e-06,-6.96794e-07,-1.546737e-07,5.610383e-06,21048980000000.0,1614676000000.0,0.2908335,1.127794e-06,1.538978e-06,4.309049e-07,1.546452e-06,2.585815e-06,-6.61791e-07,-2.617115e-07,3.987523e-06,989175200000.0,134300000000000.0,1.315572,30060000000000.0,-1.104
1197,1.0495,25.952,5.082403,3093.307,1505.5,305.9661,-380.5848,-192.7478,-111.3883,48249260000000.0,42386300000000.0,4150670000000.0,0.5391625,2.589908e-06,2.305749e-06,-2.287239e-07,2.330158e-06,4.708994e-06,-2.742168e-06,-1.821003e-06,7.910704e-06,39214540000000.0,3738206000000.0,0.4814127,2.457167e-06,2.137583e-06,-2.666778e-07,2.160441e-06,4.41667e-06,-2.651273e-06,-1.777232e-06,7.453743e-06,28738110000000.0,2400484000000.0,0.3213944,1.943648e-06,1.554886e-06,-3.459471e-07,1.572029e-06,3.354601e-06,-2.232115e-06,-1.540457e-06,5.755286e-06,1188936000000.0,150000000000000.0,1.503496,38370000000000.0,-1.269141
1198,1.0466,26.91341,5.465221,3059.124,1552.882,328.2369,-494.65,-192.8897,-123.2022,87367690000000.0,80063020000000.0,7993339000000.0,0.665751,7.313132e-06,5.205386e-06,-1.934016e-06,5.235786e-06,1.189721e-05,-9.022445e-06,-6.416145e-06,2.09074e-05,75449540000000.0,7362101000000.0,0.6007577,7.015788e-06,4.881354e-06,-1.966516e-06,4.909291e-06,1.12971e-05,-8.766651e-06,-6.265943e-06,1.993874e-05,53727760000000.0,4913517000000.0,0.394096,5.665998e-06,3.59017e-06,-1.935635e-06,3.608202e-06,8.75687e-06,-7.427177e-06,-5.406184e-06,1.572782e-05,1919111000000.0,392900000000000.0,2.670288,178500000000000.0,-2.372573
1199,1.0504,25.61857,6.550336000000005,3096.438,1484.799,394.3145,-266.286,17.81749,-391.7186,34120490000000.0,32678780000000.0,2716880000000.0,0.496175,1.411109e-06,9.597664e-07,-4.198417e-07,9.776889e-07,2.27544e-06,-1.792026e-06,-1.289342e-06,4.017325e-06,29987590000000.0,2435832000000.0,0.4404596,1.334171e-06,8.847499e-07,-4.194722e-07,9.015418e-07,2.12818e-06,-1.716819e-06,-1.241502e-06,3.774812e-06,21337320000000.0,1549489000000.0,0.2894457,1.033903e-06,6.240714e-07,-3.861091e-07,6.366001e-07,1.58606e-06,-1.391417e-06,-1.022938e-06,2.861227e-06,998663600000.0,197100000000000.0,1.353255,45380000000000.0,-1.15038
1200,1.0466,26.80043,5.530008999999997,3062.783,1547.152,332.2176,-551.9248,75.70943,-368.3326,36907800000000.0,19318930000000.0,1628588000000.0,0.4168255,7.178844e-07,1.09429e-06,3.889758e-07,1.102044e-06,1.765912e-06,-3.08038e-07,-5.314444e-08,2.657963e-06,18261670000000.0,1480426000000.0,0.3794038,6.736424e-07,1.000162e-06,3.384044e-07,1.007372e-06,1.630156e-06,-3.156272e-07,-7.643052e-08,2.467086e-06,14321000000000.0,984100700000.0,0.2605533,5.285876e-07,7.165074e-07,1.974947e-07,7.219746e-07,1.210171e-06,-3.156373e-07,-1.279095e-07,1.86648e-06,657809500000.0,139000000000000.0,1.037253,24530000000000.0,-0.9189
1201,1.0491,25.609300000000005,6.5399820000000055,3093.624,1482.834,393.2976,78.20422,12.75205,-234.0649,31044840000000.0,14705450000000.0,1168343000000.0,0.3776322,6.548359e-07,-1.020196e-07,-7.400704e-07,-8.978895e-08,5.124994e-07,-1.378951e-06,-1.144956e-06,1.316956e-06,13744310000000.0,1006294000000.0,0.3406991,5.97693e-07,-9.133032e-08,-6.73656e-07,-8.021457e-08,4.69411e-07,-1.256783e-06,-1.043193e-06,1.203589e-06,9419178000000.0,506111700000.0,0.2208383,3.767463e-07,-5.303819e-08,-4.199641e-07,-4.616822e-08,2.999779e-07,-7.875212e-07,-6.528465e-07,7.625272e-07,552630900000.0,67780000000000.0,0.9460738,10910000000000.0,-0.7499
1202,1.0516,25.67445,6.449993000000004,3097.768,1489.154,388.5711,-197.1592,-150.2312,-96.5696,78621310000000.0,37292260000000.0,3549986000000.0,0.516012,2.883131e-06,1.293871e-06,-1.517874e-06,1.326369e-06,3.965023e-06,-4.320822e-06,-3.292262e-06,7.512267e-06,32102100000000.0,2784285000000.0,0.4497661,2.445124e-06,1.081543e-06,-1.302811e-06,1.108869e-06,3.346138e-06,-3.679926e-06,-2.807551e-06,6.354084e-06,14609340000000.0,912224000000.0,0.2548813,1.154958e-06,4.809874e-07,-6.447719e-07,4.933848e-07,1.54904e-06,-1.767589e-06,-1.355359e-06,2.968983e-06,1224678000000.0,41610000000000.0,1.437977,10180000000000.0,-1.1187
1203,1.0533,25.38176,4.919721999999994,3116.476,1478.596,296.9178,-503.1363,33.00394,-67.81366,101977000000000.0,49498740000000.0,5059344000000.0,0.5650926,4.60165e-06,3.468921e-06,-1.02972e-06,3.506122e-06,7.721097e-06,-5.495157e-06,-3.856824e-06,1.340169e-05,47095890000000.0,4478174000000.0,0.5118418,4.123095e-06,3.070591e-06,-9.5985e-07,3.103575e-06,6.87942e-06,-4.960869e-06,-3.492813e-06,1.196863e-05,31333190000000.0,2401236000000.0,0.3287018,2.598077e-06,1.794448e-06,-7.437374e-07,1.813755e-06,4.189683e-06,-3.264782e-06,-2.33927e-06,7.393905e-06,1394380000000.0,89490000000000.0,1.659711,25270000000000.0,-1.49094
1206,1.0601,25.38184,5.848114000000003,3127.107,1483.645,354.5141,30.03821,-42.65979,-266.7616,39310650000000.0,37772830000000.0,3294963000000.0,0.541841,1.682306e-06,7.453312e-08,-1.56366e-06,1.017513e-07,1.644298e-06,-3.203656e-06,-2.602279e-06,3.709424e-06,35562200000000.0,2895009000000.0,0.464404,1.574582e-06,6.747752e-08,-1.465592e-06,9.272399e-08,1.53599e-06,-3.000559e-06,-2.437622e-06,3.468494e-06,25085770000000.0,1842086000000.0,0.3065242,1.237672e-06,4.850488e-08,-1.156005e-06,6.780415e-08,1.201057e-06,-2.362511e-06,-1.919857e-06,2.719155e-06,1109766000000.0,120300000000000.0,1.256629,25720000000000.0,-1.075636
1207,1.0639,25.49207,5.698514000000004,3133.794,1494.21,346.4398,-399.2498,-453.4565,-5.288324,38253400000000.0,35754430000000.0,3631623000000.0,0.5059294,2.054817e-06,2.424409e-06,4.090591e-07,2.440872e-06,4.33209e-06,-1.583257e-06,-8.535368e-07,6.880009e-06,34312720000000.0,3355705000000.0,0.4606714,1.979989e-06,2.295599e-06,3.538344e-07,2.311292e-06,4.133232e-06,-1.565899e-06,-8.627073e-07,6.588035e-06,28545880000000.0,2286965000000.0,0.3175876,1.606841e-06,1.726429e-06,1.513404e-07,1.738503e-06,3.215527e-06,-1.4065e-06,-8.356513e-07,5.206448e-06,1003269000000.0,152300000000000.0,1.376206,35660000000000.0,-1.1484
1208,1.0631,25.43238,5.753666999999995,3133.024,1489.84,349.556,-79.44216,-212.1633,-272.1311,74296170000000.0,66895390000000.0,7037177000000.0,0.6238666,5.387037e-06,1.616236e-06,-3.627061e-06,1.674986e-06,6.588337e-06,-8.868292e-06,-6.942365e-06,1.319759e-05,63339170000000.0,6443803000000.0,0.5637299,5.171589e-06,1.521375e-06,-3.511575e-06,1.577114e-06,6.292501e-06,-8.543157e-06,-6.69405e-06,1.26363e-05,43251330000000.0,3947450000000.0,0.3643078,4.015294e-06,1.081942e-06,-2.823202e-06,1.122645e-06,4.778077e-06,-6.729672e-06,-5.293195e-06,9.699117e-06,1687102000000.0,170000000000000.0,1.922329,55600000000000.0,-1.6632
1210,1.0643,25.33907,5.810215000000006,3138.17,1486.025,353.3217,-295.4267,12.61298,-371.063,32967120000000.0,31525410000000.0,2902217000000.0,0.4890683,1.398069e-06,1.04837e-06,-3.192729e-07,1.066065e-06,2.352913e-06,-1.678458e-06,-1.180697e-06,4.080096e-06,30275930000000.0,2609341000000.0,0.4390748,1.319063e-06,9.689328e-07,-3.212904e-07,9.855061e-07,2.19935e-06,-1.603649e-06,-1.133983e-06,3.828704e-06,19222810000000.0,1495563000000.0,0.2845424,9.413491e-07,6.373161e-07,-2.830437e-07,6.487613e-07,1.51414e-06,-1.198151e-06,-8.62867e-07,2.676234e-06,1021739000000.0,94930000000000.0,1.130574,18260000000000.0,-0.915849
1211,1.0639,26.48619,5.212941999999998,3109.611,1549.46,316.9741,-314.5614,-98.58669,-71.53527,29218680000000.0,23355720000000.0,2169466000000.0,0.4404718,1.026307e-06,9.281247e-07,-7.633632e-08,9.409859e-07,1.886422e-06,-1.073442e-06,-7.084361e-07,3.155357e-06,22106240000000.0,1980214000000.0,0.4013563,9.772676e-07,8.668726e-07,-8.951174e-08,8.790403e-07,1.779122e-06,-1.038967e-06,-6.913786e-07,2.987285e-06,17204420000000.0,1265601000000.0,0.2685139,7.477907e-07,6.064966e-07,-1.250056e-07,6.155052e-07,1.30355e-06,-8.514912e-07,-5.854318e-07,2.227486e-06,752521200000.0,144800000000000.0,1.137369,28020000000000.0,-0.9456
1215,1.0631,24.9817,6.156276000000006,3142.704,1464.245,373.968,-28.1146,-312.5532,-41.5149,36907800000000.0,34216610000000.0,3103945000000.0,0.4978241,1.615584e-06,6.157786e-07,-9.604513e-07,6.385629e-07,2.121631e-06,-2.532956e-06,-1.956562e-06,4.110273e-06,32198210000000.0,2831682000000.0,0.4502107,1.54338e-06,5.764609e-07,-9.291788e-07,5.980814e-07,2.014543e-06,-2.431396e-06,-1.880718e-06,3.91406e-06,20856750000000.0,1709331000000.0,0.2860122,1.14978e-06,3.883191e-07,-7.327501e-07,4.038252e-07,1.457718e-06,-1.85183e-06,-1.441405e-06,2.871786e-06,1045660000000.0,176000000000000.0,1.340833,40150000000000.0,-1.139573
1217,1.0643,26.47503,5.563905000000006,3109.561,1548.678,338.4066,-345.8904,34.61871,-246.7563,48633720000000.0,24028520000000.0,2205226000000.0,0.4435981,1.437606e-06,1.080882e-06,-3.2527e-07,1.098365e-06,2.420905e-06,-1.722378e-06,-1.210654e-06,4.196767e-06,21625660000000.0,1819471000000.0,0.3950424,1.266435e-06,9.367222e-07,-3.018903e-07,9.520148e-07,2.116836e-06,-1.532638e-06,-1.081813e-06,3.681057e-06,10957000000000.0,710652100000.0,0.2364664,6.757206e-07,4.658335e-07,-1.947643e-07,4.737236e-07,1.094615e-06,-8.5142e-07,-6.107973e-07,1.928745e-06,873917200000.0,104700000000000.0,1.321483,23540000000000.0,-1.092
1220,1.0673,25.08905,6.626573999999997,3146.129,1473.022,403.5758,-84.14445,36.2966,-189.8101,36907800000000.0,22779030000000.0,1709419000000.0,0.4335104,9.187067e-07,2.372987e-07,-6.592651e-07,2.526286e-07,1.098261e-06,-1.554194e-06,-1.226519e-06,2.22949e-06,20664520000000.0,1514386000000.0,0.388827,8.600752e-07,2.171471e-07,-6.221265e-07,2.314252e-07,1.022927e-06,-1.459938e-06,-1.153153e-06,2.081838e-06,13744310000000.0,851813500000.0,0.2484179,6.070593e-07,1.39513e-07,-4.526335e-07,1.493545e-07,7.074909e-07,-1.043968e-06,-8.273598e-07,1.454497e-06,786787900000.0,105800000000000.0,1.032751,18590000000000.0,-0.895257
1222,1.0737,25.38684,6.947546000000004,3150.464,1495.063,424.9353,-28.477,-76.4667,380.367,34601060000000.0,27680850000000.0,2548169000000.0,0.466222,1.302381e-06,4.083817e-08,-1.228206e-06,6.268831e-08,1.258517e-06,-2.498238e-06,-2.03273e-06,2.858523e-06,25854680000000.0,2272310000000.0,0.419075,1.222499e-06,3.746074e-08,-1.153618e-06,5.784502e-08,1.180045e-06,-2.345739e-06,-1.908747e-06,2.681695e-06,18742240000000.0,1394054000000.0,0.282598,9.215038e-07,2.598214e-08,-8.714576e-07,4.097553e-08,8.860398e-07,-1.770027e-06,-1.44052e-06,2.017322e-06,870286000000.0,90340000000000.0,1.116449,17160000000000.0,-0.9103
1224,1.0737,25.57352,7.004577000000004,3144.962,1505.026,428.3747,287.6609,-420.4672,-220.6873,65165340000000.0,58725690000000.0,6114561000000.0,0.6210925,4.437404e-06,-3.587581e-07,-4.664727e-06,-2.961354e-07,3.74258e-06,-8.995144e-06,-7.40243e-06,9.162513e-06,58245120000000.0,5716437000000.0,0.5544105,4.307554e-06,-3.40527e-07,-4.519941e-06,-2.802724e-07,3.639059e-06,-8.723576e-06,-7.177317e-06,8.899458e-06,50844340000000.0,4359579000000.0,0.3834908,3.803241e-06,-2.788342e-07,-3.967145e-06,-2.273969e-07,3.229148e-06,-7.67845e-06,-6.312712e-06,7.870636e-06,1418813000000.0,161500000000000.0,1.796406,49360000000000.0,-1.593
1225,1.075,25.39489,7.015429,3152.32,1496.487,429.4103,-51.41333,-77.95635,-208.6457,78332960000000.0,66799280000000.0,7359660000000.0,0.6183395,5.830711e-06,9.313365e-07,-4.735061e-06,1.000146e-06,6.309949e-06,-1.041259e-05,-8.325215e-06,1.344828e-05,60647980000000.0,6568102000000.0,0.5539035,5.508795e-06,8.617128e-07,-4.491031e-06,9.258754e-07,5.940677e-06,-9.855076e-06,-7.882675e-06,1.268349e-05,35850550000000.0,3602308000000.0,0.3409909,3.883559e-06,5.51566e-07,-3.219055e-06,5.937289e-07,4.122367e-06,-7.00047e-06,-5.609001e-06,8.870761e-06,1767509000000.0,182800000000000.0,2.021157,62860000000000.0,-1.736
1226,1.0759,25.3943,7.037730000000001,3153.924,1497.209,431.0064,-418.5204,-677.2067,-381.0848,45558070000000.0,13744310000000.0,872065700000.0,0.3752216,5.445391e-07,1.066212e-06,5.29318e-07,1.070301e-06,1.574974e-06,1.472502e-09,1.944024e-07,2.254823e-06,12590940000000.0,675289900000.0,0.3270488,4.547425e-07,8.773791e-07,4.290678e-07,8.807619e-07,1.302126e-06,-1.171848e-08,1.494014e-07,1.869791e-06,6439642000000.0,232520100000.0,0.1932007,2.147256e-07,3.920229e-07,1.80418e-07,3.935607e-07,5.923681e-07,-2.769116e-08,4.839802e-08,8.602786e-07,562142300000.0,28620000000000.0,0.9693357,4720000000000.0,-0.7224308
1227,1.0716,25.2532,6.882812999999995,3149.215,1485.482,420.3067,-194.4014,55.75682,16.34827,54400560000000.0,36907800000000.0,3753570000000.0,0.5081122,2.340882e-06,7.208625e-07,-1.560584e-06,7.52513e-07,2.896973e-06,-3.838948e-06,-3.003218e-06,5.77434e-06,34120490000000.0,3327775000000.0,0.4561595,2.180344e-06,6.562888e-07,-1.468426e-06,6.854878e-07,2.682264e-06,-3.590532e-06,-2.812027e-06,5.361832e-06,24701320000000.0,1989146000000.0,0.3013405,1.589301e-06,4.397839e-07,-1.108187e-06,4.602543e-07,1.913967e-06,-2.655014e-06,-2.087287e-06,3.865806e-06,1072172000000.0,118600000000000.0,1.430751,28870000000000.0,-1.202
1229,1.0725,27.12228,6.468620999999997,3103.514,1589.672,395.354,50.35912,477.7988,-170.0144,30948730000000.0,24220740000000.0,2236196000000.0,0.4417663,1.073676e-06,-6.996688e-07,-1.742764e-06,-6.776902e-07,3.065439e-07,-2.793149e-06,-2.407867e-06,1.619722e-06,22971260000000.0,2049214000000.0,0.4042367,1.025851e-06,-6.560141e-07,-1.652556e-06,-6.350964e-07,3.051076e-07,-2.656138e-06,-2.287996e-06,1.559644e-06,18165560000000.0,1329356000000.0,0.2734801,8.01564e-07,-4.703279e-07,-1.248652e-06,-4.542972e-07,2.796279e-07,-2.032761e-06,-1.745027e-06,1.259321e-06,766828800000.0,123000000000000.0,1.111492,23260000000000.0,-0.9228144
1230,1.0759,25.08168,5.567559000000001,3170.806,1484.078,341.2678,-29.02733,-239.8666,-407.0454,30948730000000.0,25470230000000.0,2284273000000.0,0.4510626,1.246585e-06,5.155635e-07,-7.017019e-07,5.335988e-07,1.679596e-06,-1.915406e-06,-1.470717e-06,3.21566e-06,23740170000000.0,1972680000000.0,0.4043166,1.147929e-06,4.652014e-07,-6.556048e-07,4.816933e-07,1.536729e-06,-1.77324e-06,-1.363712e-06,2.951018e-06,14609340000000.0,977771700000.0,0.253772,7.478121e-07,2.797024e-07,-4.501016e-07,2.901224e-07,9.766827e-07,-1.178141e-06,-9.112651e-07,1.897438e-06,879996400000.0,120000000000000.0,1.254873,25620000000000.0,-0.9801
1231,1.0755,25.46023,6.9530800000000035,3151.426,1500.469,425.6661,-179.9281,-560.3861,346.9243,103995400000000.0,47864800000000.0,5287707000000.0,0.5549506,4.16966e-06,2.572119e-06,-1.501454e-06,2.611204e-06,6.429853e-06,-5.553318e-06,-4.066397e-06,1.157129e-05,43731900000000.0,4558183000000.0,0.4967248,3.793984e-06,2.290686e-06,-1.415252e-06,2.325677e-06,5.798955e-06,-5.101975e-06,-3.748862e-06,1.047611e-05,23836290000000.0,2033180000000.0,0.2972893,2.224471e-06,1.232269e-06,-9.390656e-07,1.251364e-06,3.28454e-06,-3.10047e-06,-2.306715e-06,6.024229e-06,1407704000000.0,101900000000000.0,1.694648,29380000000000.0,-1.512085
1232,1.0716,26.58022,5.299476999999994,3123.24,1562.654,323.9435,-291.0763,19.07849,-203.3659,36619460000000.0,33351580000000.0,3282351000000.0,0.4912609,1.83142e-06,1.087456e-06,-7.012487e-07,1.109671e-06,2.790743e-06,-2.48171e-06,-1.829055e-06,5.048511e-06,31717640000000.0,3024153000000.0,0.4458502,1.762364e-06,1.026211e-06,-6.948832e-07,1.047424e-06,2.66474e-06,-2.408199e-06,-1.780103e-06,4.83709e-06,25662460000000.0,2104963000000.0,0.3066968,1.453381e-06,7.792526e-07,-6.394715e-07,7.961273e-07,2.128503e-06,-2.052363e-06,-1.534199e-06,3.918915e-06,969864000000.0,157900000000000.0,1.357921,36480000000000.0,-1.13652
1233,1.0729,26.27152,5.135565999999997,3135.293,1547.62,314.238,-298.5831,-121.2674,-24.14678,84003690000000.0,62089690000000.0,6793597000000.0,0.6063475,6.137691e-06,2.935087e-06,-3.044477e-06,2.985703e-06,8.579206e-06,-9.006651e-06,-6.815134e-06,1.611987e-05,60071290000000.0,6321764000000.0,0.5549743,5.943608e-06,2.791369e-06,-2.998391e-06,2.839648e-06,8.254648e-06,-8.772003e-06,-6.649551e-06,1.55556e-05,47480350000000.0,4422698000000.0,0.3782112,4.947445e-06,2.133523e-06,-2.682758e-06,2.170531e-06,6.670952e-06,-7.488572e-06,-5.720842e-06,1.274279e-05,1530511000000.0,249100000000000.0,2.188713,92760000000000.0,-1.94436
1234,1.0763,25.29976,7.124919,3157.254,1492.411,436.5205,-114.112,-203.7749,-399.176,71028290000000.0,43828010000000.0,5823812000000.0,0.5474486,4.755771e-06,1.85006e-06,-2.785166e-06,1.901352e-06,6.247322e-06,-7.410497e-06,-5.712051e-06,1.209303e-05,38541740000000.0,4725405000000.0,0.4759663,4.207869e-06,1.611913e-06,-2.488845e-06,1.656845e-06,5.501117e-06,-6.58127e-06,-5.078362e-06,1.067257e-05,23067380000000.0,2170122000000.0,0.2956031,2.629211e-06,9.385293e-07,-1.622294e-06,9.651341e-07,3.363894e-06,-4.179279e-06,-3.239763e-06,6.592642e-06,1274519000000.0,95590000000000.0,1.658327,26970000000000.0,-1.31274
1235,1.0759,25.0381,5.540634,3172.859,1482.098,339.7061,-153.2852,-3.455261,-261.7501,29795360000000.0,26143030000000.0,2360266000000.0,0.4555242,1.138814e-06,4.891305e-07,-6.226211e-07,5.057804e-07,1.552646e-06,-1.731031e-06,-1.324967e-06,2.955614e-06,24220740000000.0,2119342000000.0,0.4099739,1.069539e-06,4.487926e-07,-5.95219e-07,4.643186e-07,1.447254e-06,-1.636196e-06,-1.2548e-06,2.764687e-06,17492760000000.0,1285954000000.0,0.2690114,7.967519e-07,3.058895e-07,-4.715042e-07,3.171122e-07,1.048583e-06,-1.246958e-06,-9.627331e-07,2.029416e-06,838929700000.0,138700000000000.0,1.179339,27830000000000.0,-0.965943
1236,1.0729,25.316710000000004,7.090454000000006,3148.752,1489.532,433.278,244.5542,-138.9635,-388.847,78332960000000.0,68913790000000.0,7133580000000.0,0.6252699,5.80597e-06,-9.889681e-07,-6.616244e-06,-9.032163e-07,4.3748e-06,-1.228525e-05,-1.019939e-05,1.14548e-05,63723630000000.0,6398420000000.0,0.5606317,5.503247e-06,-9.178535e-07,-6.250891e-06,-8.3742e-07,4.163545e-06,-1.162425e-05,-9.646896e-06,1.087297e-05,39791220000000.0,3642731000000.0,0.3531702,3.993111e-06,-6.057475e-07,-4.472352e-06,-5.504658e-07,3.071478e-06,-8.371005e-06,-6.935319e-06,7.934633e-06,1773152000000.0,145300000000000.0,1.985771,49090000000000.0,-1.682
1239,1.0815,25.835800000000003,7.011044000000003,3155.004,1527.621,431.0922,-204.4653,1.671211,-252.6676,106782700000000.0,80831930000000.0,10072390000000.0,0.6583914,1.056487e-05,2.728248e-06,-7.532083e-06,2.813595e-06,1.239344e-05,-1.780681e-05,-1.402282e-05,2.531582e-05,72373890000000.0,8767793000000.0,0.5837476,9.909888e-06,2.503423e-06,-7.118823e-06,2.581417e-06,1.156285e-05,-1.675648e-05,-1.320642e-05,2.36806e-05,44020240000000.0,4733638000000.0,0.3645209,6.934026e-06,1.59546e-06,-5.13073e-06,1.643201e-06,7.912719e-06,-1.1874e-05,-9.387818e-06,1.638001e-05,2038581000000.0,302700000000000.0,2.751435,141700000000000.0,-2.36808
1241,1.0793,25.27996,7.143002000000001,3163.75,1494.144,438.4687,-681.8482,-406.9145,-284.8621,44885270000000.0,33543810000000.0,3616149000000.0,0.4974197,2.234179e-06,3.990475e-06,1.78891e-06,4.00072e-06,6.065045e-06,-3.72622e-07,4.181503e-07,8.853008e-06,30852620000000.0,3139937000000.0,0.4401842,2.075726e-06,3.619721e-06,1.574631e-06,3.628978e-06,5.546237e-06,-4.335177e-07,3.012267e-07,8.135912e-06,22586810000000.0,1874769000000.0,0.2982552,1.554579e-06,2.515146e-06,9.843417e-07,2.521416e-06,3.955656e-06,-5.194412e-07,3.098352e-08,5.893754e-06,1018055000000.0,108800000000000.0,1.343534,24870000000000.0,-1.093779
1242,1.0802,26.34382,6.373956000000004,3142.241,1555.983,391.6907,-246.5797,332.2386,-278.6689,54688900000000.0,46807550000000.0,5006233000000.0,0.5481605,3.567006e-06,6.473838e-07,-2.823542e-06,6.928275e-07,3.949558e-06,-6.298311e-06,-5.021872e-06,8.323612e-06,44308580000000.0,4611187000000.0,0.4975578,3.435172e-06,6.113436e-07,-2.730884e-06,6.546999e-07,3.790151e-06,-6.07719e-06,-4.847808e-06,8.001833e-06,34408840000000.0,3121914000000.0,0.336323,2.825402e-06,4.618131e-07,-2.285543e-06,4.958881e-07,3.071238e-06,-5.037717e-06,-4.026089e-06,6.532567e-06,1252570000000.0,248200000000000.0,1.840251,77710000000000.0,-1.57905
1245,1.0789,24.92667,6.8086790000000015,3174.148,1475.187,417.9112,-371.0954,-136.9707,-171.3769,28449760000000.0,23740170000000.0,2324748000000.0,0.4410524,1.092005e-06,1.222299e-06,1.520932e-07,1.234798e-06,2.241814e-06,-9.080916e-07,-5.201185e-07,3.594482e-06,23259600000000.0,2111143000000.0,0.4034171,1.038803e-06,1.143236e-06,1.252514e-07,1.15505e-06,2.112829e-06,-8.832718e-07,-5.141795e-07,3.399457e-06,15378250000000.0,1179976000000.0,0.2566382,7.437196e-07,7.463413e-07,1.786781e-08,7.544795e-07,1.439451e-06,-7.041363e-07,-4.397977e-07,2.360014e-06,787936400000.0,188600000000000.0,1.199522,38490000000000.0,-0.9874343
1246,1.0802,25.21427,5.443049,3177.772,1496.313,334.6855,-92.24398,-307.8733,-244.1687,29699250000000.0,17204420000000.0,1641429000000.0,0.3927061,8.95018e-07,5.788977e-07,-2.962366e-07,5.91444e-07,1.415697e-06,-1.166852e-06,-8.480982e-07,2.520706e-06,16051050000000.0,1432720000000.0,0.3595222,8.201614e-07,5.244633e-07,-2.774312e-07,5.359162e-07,1.29113e-06,-1.075226e-06,-7.831194e-07,2.303642e-06,10380320000000.0,669348700000.0,0.2268976,4.78577e-07,2.85683e-07,-1.820632e-07,2.922007e-07,7.325038e-07,-6.475723e-07,-4.770757e-07,1.323027e-06,628133300000.0,83690000000000.0,1.047845,14920000000000.0,-0.8043938
1247,1.0841,25.90446,7.002498000000002,3158.757,1534.114,431.3242,-592.6006,-227.5736,-317.7857,69586580000000.0,61513000000000.0,6181137000000.0,0.5999929,4.731397e-06,5.115575e-06,4.772162e-07,5.136334e-06,9.474071e-06,-4.104464e-06,-2.423776e-06,1.533704e-05,57764550000000.0,5717685000000.0,0.5474463,4.560421e-06,4.837714e-06,3.675737e-07,4.857177e-06,9.03688e-06,-4.04846e-06,-2.428355e-06,1.468694e-05,37484490000000.0,3527154000000.0,0.3451558,3.562058e-06,3.424929e-06,-6.393503e-08,3.437668e-06,6.696613e-06,-3.512901e-06,-2.246765e-06,1.110511e-05,1596878000000.0,190400000000000.0,1.922576,62280000000000.0,-1.672313
1249,1.0789,24.97905,5.407885000000003,3181.346,1482.07,332.245,-188.0486,-170.3018,-231.1792,29795360000000.0,18646130000000.0,1659974000000.0,0.4034958,1.016592e-06,7.268507e-07,-2.67394e-07,7.407485e-07,1.677106e-06,-1.255836e-06,-8.93983e-07,2.932722e-06,16051050000000.0,1327292000000.0,0.3541801,9.049539e-07,6.333657e-07,-2.516049e-07,6.456495e-07,1.478981e-06,-1.131492e-06,-8.09351e-07,2.596556e-06,8458038000000.0,501284900000.0,0.21025,5.05195e-07,3.300662e-07,-1.638006e-07,3.367542e-07,8.01583e-07,-6.549893e-07,-4.751018e-07,1.425179e-06,698297500000.0,51510000000000.0,0.9911288,8686000000000.0,-0.729135
1253,1.0859,25.13082,7.021164000000006,3182.0,1492.646,432.8688,-693.5228,-143.196,-295.4417,55938390000000.0,51036570000000.0,5457099000000.0,0.5652019,3.551505e-06,4.600182e-06,1.112255e-06,4.616085e-06,7.881034e-06,-2.325759e-06,-1.065806e-06,1.229269e-05,49018170000000.0,5084287000000.0,0.5148889,3.440203e-06,4.375983e-06,9.977646e-07,4.39105e-06,7.552858e-06,-2.332432e-06,-1.111879e-06,1.182558e-05,37484490000000.0,3505731000000.0,0.3448791,2.856998e-06,3.345459e-06,5.415733e-07,3.356552e-06,5.978944e-06,-2.223802e-06,-1.209793e-06,9.524529e-06,1345834000000.0,216200000000000.0,1.705109,62720000000000.0,-1.5
1255,1.0959,26.81522,5.780638000000001,3166.226,1600.432,359.1538,-129.1333,575.5318,124.409,36523350000000.0,33928270000000.0,3408481000000.0,0.4963204,1.77918e-06,-6.393116e-07,-2.36877e-06,-6.064365e-07,1.022989e-06,-4.107907e-06,-3.469714e-06,3.200771e-06,32390440000000.0,3070985000000.0,0.4464856,1.690657e-06,-5.956474e-07,-2.238877e-06,-5.645705e-07,9.834071e-07,-3.891451e-06,-3.28497e-06,3.052537e-06,22682920000000.0,1823975000000.0,0.290973,1.271339e-06,-4.117447e-07,-1.646797e-06,-3.889475e-07,7.737866e-07,-2.889396e-06,-2.433187e-06,2.328701e-06,1020223000000.0,100300000000000.0,1.213615,20710000000000.0,-0.982575
1256,1.1021,26.641,6.4114609999999965,3180.44,1595.494,399.837,-156.9253,461.1908,-423.6689,53919990000000.0,49402630000000.0,5522118000000.0,0.5543829,3.846405e-06,-1.185668e-07,-3.854088e-06,-6.523965e-08,3.438845e-06,-7.607221e-06,-6.227211e-06,8.141939e-06,47864800000000.0,5166093000000.0,0.5073179,3.730664e-06,-1.129807e-07,-3.735666e-06,-6.166749e-08,3.33605e-06,-7.375808e-06,-6.037211e-06,7.896899e-06,36427230000000.0,3615001000000.0,0.3402149,3.07708e-06,-8.544481e-08,-3.071561e-06,-4.495667e-08,2.753385e-06,-6.073752e-06,-4.969148e-06,6.511987e-06,1288421000000.0,231900000000000.0,1.800545,71040000000000.0,-1.556928
1257,1.0999,27.14595,6.020735,3164.028,1622.319,375.02,-13.08695,325.6713,144.0208,51228800000000.0,44500810000000.0,4748388000000.0,0.5345285,2.982865e-06,-8.789012e-07,-3.773506e-06,-8.274409e-07,1.895338e-06,-6.687095e-06,-5.616826e-06,5.538926e-06,41905730000000.0,4341661000000.0,0.4842043,2.86424e-06,-8.281295e-07,-3.60733e-06,-7.790119e-07,1.834837e-06,-6.405028e-06,-5.377234e-06,5.333031e-06,29603130000000.0,2685130000000.0,0.3167378,2.271643e-06,-6.032482e-07,-2.806317e-06,-5.654544e-07,1.505065e-06,-5.025114e-06,-4.209614e-06,4.277577e-06,1240683000000.0,266400000000000.0,1.69798,76960000000000.0,-1.477117
1258,1.1038,26.28147,6.088427000000005,3195.591,1578.074,380.154,-291.653,521.8838,-12.06383,34312720000000.0,29987590000000.0,2907448000000.0,0.4725148,1.457403e-06,1.174922e-07,-1.303723e-06,1.414735e-07,1.480464e-06,-2.725435e-06,-2.204338e-06,3.272497e-06,27776970000000.0,2604643000000.0,0.4269887,1.384302e-06,1.094016e-07,-1.240389e-06,1.320601e-07,1.403604e-06,-2.590763e-06,-2.095774e-06,3.105524e-06,18453900000000.0,1433860000000.0,0.2723538,1.035515e-06,7.501225e-08,-9.342005e-07,9.153204e-08,1.04169e-06,-1.944246e-06,-1.573868e-06,2.313993e-06,934413300000.0,73620000000000.0,1.057845,13250000000000.0,-0.852885
1259,1.1043,27.05491,5.908867,3175.864,1622.019,369.0781,-344.6288,110.9722,316.7367,32871010000000.0,29987590000000.0,2606330000000.0,0.4688155,1.263664e-06,7.234418e-07,-5.117089e-07,7.409812e-07,1.903835e-06,-1.741322e-06,-1.290967e-06,3.463095e-06,27392510000000.0,2284106000000.0,0.4196002,1.177842e-06,6.609315e-07,-4.90216e-07,6.771718e-07,1.760799e-06,-1.636303e-06,-1.216505e-06,3.213964e-06,16243280000000.0,1138303000000.0,0.260017,7.544095e-07,3.873896e-07,-3.495623e-07,3.974541e-07,1.090743e-06,-1.083589e-06,-8.146142e-07,2.020888e-06,1018379000000.0,92170000000000.0,1.133182,17770000000000.0,-0.90585
1260,1.1034,27.01526,5.943840000000005,3175.486,1619.056,371.1031,-438.6198,567.0052,-114.9916,108320600000000.0,104572100000000.0,12491120000000.0,0.7099867,1.21023e-05,1.998536e-06,-9.743944e-06,2.10104e-06,1.305951e-05,-2.152908e-05,-1.718558e-05,2.783967e-05,101400300000000.0,11549760000000.0,0.6490206,1.166946e-05,1.898675e-06,-9.422219e-06,1.995929e-06,1.255893e-05,-2.078569e-05,-1.659708e-05,2.680769e-05,67279850000000.0,6917497000000.0,0.4159453,8.747612e-06,1.312399e-06,-7.166601e-06,1.378017e-06,9.280096e-06,-1.56842e-05,-1.254216e-05,1.994849e-05,2511822000000.0,131200000000000.0,2.39988,53570000000000.0,-2.0097
1261,1.103,27.10138,5.978582,3171.303,1622.934,373.0827,-211.9698,101.3406,-171.0547,29987590000000.0,26335250000000.0,2350085000000.0,0.451042,1.105553e-06,4.693132e-07,-6.099871e-07,4.856819e-07,1.502173e-06,-1.686073e-06,-1.291884e-06,2.864201e-06,24509090000000.0,2105443000000.0,0.4045375,1.039612e-06,4.312967e-07,-5.835251e-07,4.465853e-07,1.402216e-06,-1.595421e-06,-1.224712e-06,2.682828e-06,17781100000000.0,1303779000000.0,0.2674623,7.804034e-07,2.970216e-07,-4.644559e-07,3.081796e-07,1.02483e-06,-1.224035e-06,-9.456585e-07,1.9856e-06,833247500000.0,147800000000000.0,1.163595,29260000000000.0,-0.964755
1265,1.1123,26.94802,6.944441999999995,3189.521,1621.499,435.8055,-164.8182,659.4164,-132.3046,72277780000000.0,68721560000000.0,8067910000000.0,0.6148278,6.394077e-06,-1.235128e-06,-7.429382e-06,-1.142416e-06,4.663254e-06,-1.367645e-05,-1.137649e-05,1.245391e-05,66222590000000.0,7514186000000.0,0.5621266,6.194995e-06,-1.177159e-06,-7.177807e-06,-1.088054e-06,4.535245e-06,-1.323027e-05,-1.100173e-05,1.208208e-05,51324910000000.0,5107306000000.0,0.378866,5.179914e-06,-9.133107e-07,-5.927659e-06,-8.418056e-07,3.853424e-06,-1.098805e-05,-9.123803e-06,1.015849e-05,1677493000000.0,204400000000000.0,2.052568,71380000000000.0,-1.75923
1266,1.1061,26.46122,6.385330000000004,3193.963,1589.753,399.2604,-236.0594,631.0076,-243.9875,46326980000000.0,38926200000000.0,3929028000000.0,0.5135759,2.385757e-06,-2.027904e-07,-2.524104e-06,-1.644772e-07,2.018906e-06,-4.853638e-06,-3.998473e-06,4.943087e-06,35273860000000.0,3409088000000.0,0.4555546,2.196676e-06,-1.824854e-07,-2.31949e-06,-1.475088e-07,1.862135e-06,-4.464338e-06,-3.676873e-06,4.554008e-06,21337320000000.0,1743930000000.0,0.2838872,1.444011e-06,-1.105692e-07,-1.514513e-06,-8.83459e-08,1.230947e-06,-2.924316e-06,-2.406467e-06,2.999082e-06,1170900000000.0,207500000000000.0,1.611744,56900000000000.0,-1.347935
1268,1.1172,26.84743,5.393431,3212.004,1625.839,339.888,100.7045,654.4937,-60.97096,35177750000000.0,30468160000000.0,3056298000000.0,0.4686279,1.616663e-06,-1.449952e-06,-3.01731e-06,-1.414824e-06,6.367299e-08,-4.601932e-06,-4.020085e-06,2.034796e-06,28353650000000.0,2758822000000.0,0.4219555,1.538885e-06,-1.35223e-06,-2.84401e-06,-1.318942e-06,8.807503e-08,-4.352357e-06,-3.798469e-06,1.96409e-06,22394580000000.0,1775190000000.0,0.2870395,1.215618e-06,-9.874342e-07,-2.165289e-06,-9.616303e-07,1.486805e-07,-3.356671e-06,-2.919019e-06,1.629713e-06,922880500000.0,102700000000000.0,1.186399,20730000000000.0,-0.964953
1273,1.1239,26.47446,6.347668000000002,3230.976,1609.107,401.5314,-342.5829,449.2541,-279.7151,181847800000000.0,154743600000000.0,19465900000000.0,0.8024253,2.922734e-05,2.995656e-06,-2.516282e-05,3.048541e-06,2.907999e-05,-5.360825e-05,-4.305719e-05,6.442316e-05,147919500000000.0,18153420000000.0,0.7287768,2.82544e-05,2.837954e-06,-2.437596e-05,2.881665e-06,2.803053e-05,-5.187397e-05,-4.167182e-05,6.218444e-05,115721300000000.0,13093130000000.0,0.4946301,2.377974e-05,2.193167e-06,-2.068293e-05,2.201115e-06,2.330501e-05,-4.382412e-05,-3.522861e-05,5.200041e-05,2985005000000.0,463700000000000.0,4.365438,344400000000000.0,-3.88674
1274,1.1208,26.1066,7.086059999999997,3229.747,1582.698,447.1032,-68.37124,323.5882,-121.3296,31333190000000.0,28641990000000.0,2944165000000.0,0.4579526,1.484307e-06,-2.27409e-07,-1.671252e-06,-2.017486e-07,1.158189e-06,-3.119785e-06,-2.588436e-06,2.977362e-06,27392510000000.0,2679803000000.0,0.4158262,1.416658e-06,-2.132675e-07,-1.591187e-06,-1.888955e-07,1.108797e-06,-2.973691e-06,-2.466524e-06,2.844857e-06,20952870000000.0,1706791000000.0,0.2812855,1.096382e-06,-1.534168e-07,-1.219409e-06,-1.349679e-07,8.684304e-07,-2.289328e-06,-1.896698e-06,2.211308e-06,870143700000.0,135900000000000.0,1.21445,28080000000000.0,-0.989901
1275,1.1253,26.869040000000002,6.900315000000002,3218.79,1630.799,436.6772,-497.1101,549.6961,-209.3993,34408840000000.0,24989660000000.0,2471094000000.0,0.437237,1.258353e-06,7.145767e-07,-5.166415e-07,7.321634e-07,1.891377e-06,-1.742432e-06,-1.293482e-06,3.445651e-06,22875150000000.0,2163431000000.0,0.3930539,1.156908e-06,6.430402e-07,-4.887689e-07,6.590918e-07,1.724559e-06,-1.615697e-06,-1.202918e-06,3.153286e-06,15762710000000.0,1196185000000.0,0.2578619,7.805481e-07,4.002528e-07,-3.629609e-07,4.107624e-07,1.128826e-06,-1.12318e-06,-8.446178e-07,2.092115e-06,817411700000.0,115600000000000.0,1.140951,22440000000000.0,-0.928125
1277,1.1235,26.68252,6.173971,3225.528,1621.039,390.5076,-423.9352,348.2277,-222.7107,68240990000000.0,62281910000000.0,6739916000000.0,0.5918186,5.28188e-06,1.908826e-06,-3.233577e-06,1.957913e-06,6.769801e-06,-8.370977e-06,-6.482081e-06,1.325181e-05,60263520000000.0,6324738000000.0,0.5431878,5.134492e-06,1.82418e-06,-3.174125e-06,1.871314e-06,6.547613e-06,-8.16811e-06,-6.331752e-06,1.284771e-05,46615320000000.0,4465346000000.0,0.3656564,4.298919e-06,1.400656e-06,-2.781444e-06,1.437382e-06,5.346532e-06,-6.962473e-06,-5.424145e-06,1.061654e-05,1525907000000.0,280400000000000.0,2.129696,101600000000000.0,-1.86714
1279,1.1262,26.84931,6.621627000000004,3223.159,1631.618,419.3749,-412.099,425.5493,-133.0699,32582670000000.0,24509090000000.0,2051978000000.0,0.4338682,1.013006e-06,5.177111e-07,-4.727096e-07,5.325326e-07,1.465492e-06,-1.459228e-06,-1.097962e-06,2.715692e-06,21817890000000.0,1725847000000.0,0.3848533,9.060132e-07,4.536308e-07,-4.320819e-07,4.668006e-07,1.301016e-06,-1.314385e-06,-9.912553e-07,2.419004e-06,9034722000000.0,594170000000.0,0.2117468,4.420729e-07,2.023532e-07,-2.295849e-07,2.085783e-07,6.151431e-07,-6.600467e-07,-5.023317e-07,1.160264e-06,890660200000.0,57740000000000.0,1.018965,10010000000000.0,-0.781506
1280,1.1298,25.75861,4.840058999999996,3271.59,1578.634,307.5912,173.9273,384.7986,-361.5026,51036570000000.0,42290190000000.0,4428246000000.0,0.5242424,2.840791e-06,-1.587199e-06,-4.339517e-06,-1.532832e-06,1.057473e-06,-7.119806e-06,-6.097945e-06,4.518956e-06,39118420000000.0,3933447000000.0,0.4680378,2.661099e-06,-1.451649e-06,-4.029477e-06,-1.401104e-06,1.0245e-06,-6.633853e-06,-5.676522e-06,4.266374e-06,27296390000000.0,2339337000000.0,0.3054385,1.955942e-06,-9.782624e-07,-2.871862e-06,-9.422348e-07,8.381293e-07,-4.785982e-06,-4.082014e-06,3.219044e-06,1188354000000.0,184600000000000.0,1.638157,51450000000000.0,-1.382
1281,1.133,24.84138,5.903900999999994,3297.316,1526.465,375.7367,124.7591,-169.4481,-514.7808,52286050000000.0,30852620000000.0,2974228000000.0,0.4665043,1.683484e-06,4.350091e-08,-1.59635e-06,7.060187e-08,1.614347e-06,-3.238591e-06,-2.636273e-06,3.681335e-06,28930330000000.0,2627650000000.0,0.4215047,1.559557e-06,3.944464e-08,-1.479504e-06,6.437647e-08,1.494081e-06,-3.000826e-06,-2.4428e-06,3.408597e-06,19318930000000.0,1440791000000.0,0.2720649,1.071192e-06,2.487032e-08,-1.017881e-06,4.147987e-08,1.022307e-06,-2.062737e-06,-1.679314e-06,2.336385e-06,942855900000.0,96740000000000.0,1.262529,20780000000000.0,-1.071168
1282,1.1285,26.37363,5.782054000000001,3246.245,1609.588,366.9029,-225.2018,287.9274,-446.7008,57380100000000.0,50075430000000.0,5827326000000.0,0.5512385,4.139165e-06,7.960137e-07,-3.230988e-06,8.458688e-07,4.621478e-06,-7.262903e-06,-5.781197e-06,9.695777e-06,46903660000000.0,5336510000000.0,0.4992048,3.961177e-06,7.469148e-07,-3.106384e-06,7.941035e-07,4.406183e-06,-6.964868e-06,-5.546725e-06,9.261363e-06,37580600000000.0,3712311000000.0,0.3470666,3.239796e-06,5.65703e-07,-2.584033e-06,6.025052e-07,3.552768e-06,-5.739664e-06,-4.579257e-06,7.520624e-06,1305967000000.0,221600000000000.0,1.853733,69890000000000.0,-1.57014
1284,1.1312,25.43393,5.747893,3278.409,1559.083,365.412,401.4945,116.6399,-568.1835,41521280000000.0,37772830000000.0,3631246000000.0,0.499845,2.181548e-06,-1.53391e-06,-3.64682e-06,-1.490145e-06,4.991226e-07,-5.78433e-06,-4.998595e-06,3.155525e-06,35466090000000.0,3321649000000.0,0.451532,2.081905e-06,-1.430481e-06,-3.446585e-06,-1.388983e-06,5.088048e-07,-5.486406e-06,-4.736494e-06,3.043389e-06,26527480000000.0,2235923000000.0,0.3041894,1.680401e-06,-1.055981e-06,-2.682281e-06,-1.023401e-06,5.063093e-07,-4.328542e-06,-3.72302e-06,2.550464e-06,1070104000000.0,366500000000000.0,1.748052,109000000000000.0,-1.511769
1286,1.1321,26.0759,4.830277999999997,3267.438,1598.998,307.4032,280.6597,317.9963,-146.5453,65453680000000.0,58917920000000.0,6077248000000.0,0.5801442,4.583533e-06,-2.689802e-06,-7.11606e-06,-2.605282e-06,1.551253e-06,-1.160467e-05,-9.951628e-06,7.11149e-06,55073360000000.0,5564285000000.0,0.5227569,4.389149e-06,-2.520339e-06,-6.758241e-06,-2.440067e-06,1.538758e-06,-1.105644e-05,-9.473306e-06,6.862106e-06,37100030000000.0,3603736000000.0,0.3404592,3.473981e-06,-1.814515e-06,-5.166356e-06,-1.75351e-06,1.390256e-06,-8.568169e-06,-7.314371e-06,5.599535e-06,1527742000000.0,284100000000000.0,2.089546,101000000000000.0,-1.819
1287,1.1285,25.05186,5.624743999999999,3283.405,1534.697,356.9527,299.4821,-72.71239,-265.5811,35273860000000.0,30275930000000.0,2977018000000.0,0.4655264,1.639451e-06,-8.074029e-07,-2.398787e-06,-7.760396e-07,7.23407e-07,-4.001559e-06,-3.413219e-06,2.726533e-06,27104170000000.0,2665440000000.0,0.4153589,1.562993e-06,-7.521705e-07,-2.269163e-06,-7.224428e-07,7.066902e-07,-3.797169e-06,-3.236218e-06,2.616104e-06,20664520000000.0,1732546000000.0,0.2797852,1.255543e-06,-5.529823e-07,-1.770991e-06,-5.296838e-07,6.170441e-07,-2.998376e-06,-2.547598e-06,2.149886e-06,919480000000.0,242900000000000.0,1.41363,58420000000000.0,-1.204374
1290,1.133,24.92349,6.613642999999999,3290.141,1528.872,420.6509,-19.78179,79.31077,-422.9082,71508870000000.0,68529330000000.0,7336955000000.0,0.611793,5.387371e-06,2.780527e-07,-4.953994e-06,3.473227e-07,5.252138e-06,-1.020529e-05,-8.274267e-06,1.184072e-05,67664300000000.0,6892312000000.0,0.5636358,5.231024e-06,2.657601e-07,-4.813928e-06,3.32494e-07,5.093807e-06,-9.912786e-06,-8.037648e-06,1.149029e-05,46230870000000.0,4424797000000.0,0.3632754,4.134584e-06,1.925581e-07,-3.819858e-06,2.426995e-07,4.000308e-06,-7.849816e-06,-6.366917e-06,9.051668e-06,1671430000000.0,151000000000000.0,1.850089,47530000000000.0,-1.609
1291,1.1357,25.6918,5.683604000000004,3280.776,1578.353,362.3379,314.4997,93.37147,-556.6097,30756500000000.0,25854680000000.0,2656657000000.0,0.4394495,1.280205e-06,-8.472042e-07,-2.090449e-06,-8.211139e-07,3.513779e-07,-3.343696e-06,-2.883777e-06,1.916047e-06,24509090000000.0,2426145000000.0,0.3989586,1.220627e-06,-7.920341e-07,-1.977292e-06,-7.672686e-07,3.503965e-07,-3.172186e-06,-2.733647e-06,1.842041e-06,19703380000000.0,1623792000000.0,0.273169,9.724631e-07,-5.816594e-07,-1.525502e-06,-5.623186e-07,3.272062e-07,-2.477373e-06,-2.1279e-06,1.514868e-06,788826400000.0,176300000000000.0,1.219199,36570000000000.0,-1.01376
1292,1.1408,25.95691,4.861658999999998,3288.501,1600.849,311.0889,79.45943,295.923,-313.0327,61609120000000.0,36331120000000.0,4141624000000.0,0.4923167,3.574761e-06,-1.162123e-06,-4.629972e-06,-1.099889e-06,2.161725e-06,-8.123019e-06,-6.839616e-06,6.526064e-06,33736040000000.0,3661620000000.0,0.4447251,3.370116e-06,-1.075499e-06,-4.344433e-06,-1.01722e-06,2.05681e-06,-7.637481e-06,-6.427433e-06,6.170643e-06,22971260000000.0,2064290000000.0,0.2886583,2.431109e-06,-7.157205e-07,-3.072509e-06,-6.750356e-07,1.539517e-06,-5.447921e-06,-4.574621e-06,4.504862e-06,1067408000000.0,155000000000000.0,1.626016,42880000000000.0,-1.36719
1293,1.1367,26.47869,4.820701000000004,3265.391,1626.547,307.6646,136.4457,383.0403,-396.144,38157280000000.0,34216610000000.0,3635375000000.0,0.4862404,1.959902e-06,-1.083285e-06,-2.984404e-06,-1.045413e-06,7.451391e-07,-4.902076e-06,-4.197754e-06,3.137122e-06,32678780000000.0,3389334000000.0,0.4450438,1.892214e-06,-1.027646e-06,-2.86293e-06,-9.912475e-07,7.37089e-07,-4.714343e-06,-4.034303e-06,3.046168e-06,26815820000000.0,2353093000000.0,0.3031357,1.54857e-06,-7.744594e-07,-2.275711e-06,-7.453615e-07,6.675348e-07,-3.790786e-06,-3.234062e-06,2.556058e-06,969014300000.0,181200000000000.0,1.378906,42510000000000.0,-1.16919
1294,1.1454,26.05179,5.523647000000006,3291.76,1609.183,354.3327,86.38387,114.618,-566.2112,30275930000000.0,26335250000000.0,2467266000000.0,0.4414561,1.180957e-06,-2.229533e-07,-1.372995e-06,-2.017224e-07,8.823908e-07,-2.526359e-06,-2.103494e-06,2.331619e-06,25181890000000.0,2221620000000.0,0.4010063,1.113551e-06,-2.059408e-07,-1.290222e-06,-1.860252e-07,8.359658e-07,-2.377732e-06,-1.978978e-06,2.202282e-06,16819960000000.0,1320246000000.0,0.2635623,8.249166e-07,-1.402737e-07,-9.431288e-07,-1.258601e-07,6.304386e-07,-1.748687e-06,-1.453205e-06,1.641979e-06,845361600000.0,159100000000000.0,1.203602,32580000000000.0,-0.9897203
1297,1.1467,27.19381,7.177231999999995,3251.672,1670.689,460.3539,-415.493,461.2582,114.8029,32294330000000.0,26431370000000.0,2609010000000.0,0.441125,1.371628e-06,4.710845e-07,-8.680116e-07,4.909272e-07,1.751158e-06,-2.204411e-06,-1.714576e-06,3.440505e-06,24893540000000.0,2352020000000.0,0.4000959,1.296487e-06,4.358105e-07,-8.297702e-07,4.544306e-07,1.645301e-06,-2.092928e-06,-1.629894e-06,3.241843e-06,18550010000000.0,1478050000000.0,0.2696546,9.997859e-07,3.086103e-07,-6.668398e-07,3.225234e-07,1.239816e-06,-1.640836e-06,-1.283654e-06,2.470153e-06,818050900000.0,227100000000000.0,1.36187,52620000000000.0,-1.13454
1298,1.1426,25.51317,5.318769000000005,3302.557,1576.17,340.6812,359.9807,381.5769,-475.5366,30275930000000.0,18261670000000.0,1641247000000.0,0.3954548,9.335288e-07,-1.147422e-06,-2.052896e-06,-1.125333e-06,-2.697473e-07,-2.968963e-06,-2.632833e-06,8.689215e-07,17012190000000.0,1389379000000.0,0.355543,8.33865e-07,-1.00924e-06,-1.817973e-06,-9.895687e-07,-2.254685e-07,-2.63622e-06,-2.335963e-06,7.915202e-07,8265810000000.0,506124600000.0,0.2038111,4.468105e-07,-4.995667e-07,-9.326986e-07,-4.892033e-07,-8.019699e-08,-1.371086e-06,-1.210163e-06,4.643996e-07,711292100000.0,60010000000000.0,0.9951118,10160000000000.0,-0.742896
1299,1.1477,27.074440000000003,4.859804999999995,3271.234,1672.134,312.362,103.3799,-88.79357,-474.1343,78717420000000.0,75257310000000.0,8280836000000.0,0.6267901,6.917991e-06,-1.064644e-07,-6.81341e-06,-2.162489e-08,6.256473e-06,-1.356017e-05,-1.107608e-05,1.469633e-05,74488400000000.0,7905772000000.0,0.5876139,6.786755e-06,-1.032647e-07,-6.682445e-06,-2.05743e-08,6.13724e-06,-1.330118e-05,-1.086405e-05,1.441607e-05,58245120000000.0,5411129000000.0,0.3901175,5.720645e-06,-8.042578e-08,-5.622661e-06,-1.423331e-08,5.168585e-06,-1.120144e-05,-9.146084e-06,1.214099e-05,1782093000000.0,174600000000000.0,2.116416,62870000000000.0,-1.829
1302,1.1421,24.98338,7.159518000000002,3303.863,1539.45,457.8438,-51.9589,-27.38726,-261.2293,40944590000000.0,38061170000000.0,3700359000000.0,0.5001318,2.002121e-06,3.977707e-07,-1.552766e-06,4.27132e-07,2.261889e-06,-3.50287e-06,-2.787625e-06,4.721368e-06,35081630000000.0,3341889000000.0,0.4494035,1.896377e-06,3.681595e-07,-1.479144e-06,3.957511e-07,2.133121e-06,-3.326241e-06,-2.648705e-06,4.462331e-06,22875150000000.0,2004677000000.0,0.286837,1.424503e-06,2.522638e-07,-1.13467e-06,2.722616e-07,1.575721e-06,-2.522124e-06,-2.012953e-06,3.324136e-06,1106058000000.0,163300000000000.0,1.386443,38520000000000.0,-1.17315
1307,1.1486,25.37627,5.163286,3319.239,1574.406,331.9598,16.78975,347.1478,-405.9525,35946660000000.0,30660390000000.0,3030966000000.0,0.4636808,1.659782e-06,-4.664868e-07,-2.07945e-06,-4.372698e-07,1.081229e-06,-3.700952e-06,-3.105735e-06,3.112338e-06,29891470000000.0,2811731000000.0,0.4237804,1.598403e-06,-4.403482e-07,-1.993496e-06,-4.123677e-07,1.049621e-06,-3.555011e-06,-2.981763e-06,3.005342e-06,23259600000000.0,1985619000000.0,0.2929752,1.328013e-06,-3.361643e-07,-1.625954e-06,-3.135104e-07,8.998217e-07,-2.923235e-06,-2.446797e-06,2.523666e-06,892523900000.0,254500000000000.0,1.448274,62710000000000.0,-1.24223
1308,1.1546,25.46087,5.274099000000002,3328.652,1584.896,340.3247,-3.063634,117.3571,-613.8771,34504950000000.0,31429300000000.0,3385105000000.0,0.4940596,1.86331e-06,3.38718e-08,-1.779503e-06,6.204537e-08,1.766754e-06,-3.597369e-06,-2.930013e-06,4.051581e-06,30756500000000.0,3094347000000.0,0.4286748,1.788671e-06,3.158713e-08,-1.708879e-06,5.839046e-08,1.69425e-06,-3.453877e-06,-2.813194e-06,3.887105e-06,28257540000000.0,2458396000000.0,0.3096047,1.595132e-06,2.625395e-08,-1.525269e-06,4.959244e-08,1.507142e-06,-3.081354e-06,-2.509847e-06,3.461693e-06,869648700000.0,235200000000000.0,1.448165,57950000000000.0,-1.24146
1311,1.1532,26.86261,4.859901999999997,3288.275,1665.54,313.4053,26.84993,424.548,-451.527,61993570000000.0,34504950000000.0,4254565000000.0,0.4801962,3.884434e-06,-1.117846e-06,-4.883529e-06,-1.053852e-06,2.483098e-06,-8.680347e-06,-7.284073e-06,7.220526e-06,32005980000000.0,3671567000000.0,0.4329288,3.523914e-06,-1.000459e-06,-4.416268e-06,-9.427746e-07,2.265087e-06,-7.860657e-06,-6.593867e-06,6.562194e-06,24412970000000.0,2074301000000.0,0.2955214,2.309916e-06,-6.186429e-07,-2.85657e-06,-5.819498e-07,1.518325e-06,-5.114241e-06,-4.283541e-06,4.333162e-06,999263400000.0,153000000000000.0,1.815149,47250000000000.0,-1.447011
1315,1.1481,27.01118,4.855841999999999,3273.616,1668.795,312.1573,-12.2934,500.941,-444.169,39310650000000.0,35273860000000.0,3431314000000.0,0.4885841,1.824373e-06,-7.367309e-07,-2.509832e-06,-7.025786e-07,9.679734e-07,-4.293945e-06,-3.639159e-06,3.200364e-06,32967120000000.0,3058025000000.0,0.4383515,1.717512e-06,-6.79109e-07,-2.348144e-06,-6.471398e-07,9.251324e-07,-4.027711e-06,-3.411235e-06,3.026422e-06,20280070000000.0,1665251000000.0,0.2750026,1.213456e-06,-4.389471e-07,-1.617486e-06,-4.169603e-07,6.924914e-07,-2.80401e-06,-2.368308e-06,2.175998e-06,1070562000000.0,107800000000000.0,1.258401,23080000000000.0,-1.03059
1316,1.1528,25.49738,5.1876750000000005,3324.632,1585.581,334.4144,106.1375,-71.64416,-404.3471,75930110000000.0,68048760000000.0,7213545000000.0,0.609462,5.716891e-06,-2.346931e-07,-5.779301e-06,-1.592006e-07,5.036425e-06,-1.135543e-05,-9.303583e-06,1.201481e-05,66703160000000.0,6668138000000.0,0.5564908,5.494547e-06,-2.215846e-07,-5.549861e-06,-1.497344e-07,4.842276e-06,-1.090908e-05,-8.936815e-06,1.154806e-05,45654180000000.0,4101595000000.0,0.3591617,4.178869e-06,-1.541497e-07,-4.20365e-06,-1.025071e-07,3.687614e-06,-8.279418e-06,-6.778494e-06,8.782667e-06,1665153000000.0,199600000000000.0,2.097217,71220000000000.0,-1.813
1317,1.1495,27.13681,5.259608999999997,3271.161,1676.59,338.3796,-190.4371,60.24025,-459.2668,31237070000000.0,29987590000000.0,2604602000000.0,0.4627212,1.224421e-06,5.736515e-07,-6.223304e-07,5.910608e-07,1.716909e-06,-1.814341e-06,-1.377618e-06,3.226252e-06,27776970000000.0,2365032000000.0,0.414466,1.169234e-06,5.360857e-07,-6.058734e-07,5.526034e-07,1.627458e-06,-1.744141e-06,-1.327072e-06,3.068576e-06,20183950000000.0,1529634000000.0,0.2762287,9.146476e-07,3.833385e-07,-5.095574e-07,3.958762e-07,1.235808e-06,-1.399923e-06,-1.073563e-06,2.36244e-06,907424400000.0,141900000000000.0,1.176768,28410000000000.0,-0.99198
1318,1.1565,26.93228,6.2046359999999945,3285.296,1669.054,400.6162,-188.4181,284.3022,-351.1933,32005980000000.0,27584740000000.0,2456155000000.0,0.445127,1.307228e-06,2.30903e-07,-1.043501e-06,2.509054e-07,1.450469e-06,-2.317536e-06,-1.85042e-06,3.057523e-06,24124630000000.0,2063641000000.0,0.3944835,1.174134e-06,2.039863e-07,-9.405556e-07,2.218472e-07,1.29904e-06,-2.084863e-06,-1.665276e-06,2.742287e-06,12687060000000.0,845194200000.0,0.2347039,6.271714e-07,1.022459e-07,-5.088868e-07,1.115636e-07,6.864488e-07,-1.1201e-06,-8.959123e-07,1.456976e-06,942294600000.0,86350000000000.0,1.21092,17790000000000.0,-0.921789
1319,1.1607,25.46939,5.349953000000003,3341.216,1591.488,346.5754,14.01224,-191.6696,-763.6629,76602910000000.0,64492540000000.0,7737570000000.0,0.591404,6.709684e-06,1.254642e-06,-5.265985e-06,1.321492e-06,7.41921e-06,-1.180196e-05,-9.396261e-06,1.56311e-05,61801340000000.0,7060300000000.0,0.5373497,6.422081e-06,1.179866e-06,-5.060279e-06,1.242915e-06,7.077144e-06,-1.131597e-05,-9.013129e-06,1.493537e-05,46519210000000.0,4529965000000.0,0.3606443,5.030571e-06,8.512844e-07,-4.032949e-06,8.969919e-07,5.45881e-06,-8.932746e-06,-7.127818e-06,1.16078e-05,1552335000000.0,219900000000000.0,2.261242,84600000000000.0,-1.896
1321,1.1607,25.11355,5.2432660000000055,3351.302,1570.831,339.652,-118.1428,333.4534,-387.0468,34120490000000.0,24220740000000.0,2208373000000.0,0.4297947,1.08221e-06,2.913043e-09,-1.052241e-06,2.164335e-08,1.016483e-06,-2.108138e-06,-1.721233e-06,2.346904e-06,22394580000000.0,1925696000000.0,0.3834797,9.915945e-07,2.609687e-09,-9.640849e-07,1.967394e-08,9.309853e-07,-1.931551e-06,-1.577017e-06,2.149827e-06,14609340000000.0,1000291000000.0,0.2452833,6.629544e-07,1.603124e-09,-6.444124e-07,1.274642e-08,6.214107e-07,-1.291189e-06,-1.054088e-06,1.435813e-06,799284600000.0,82040000000000.0,1.028083,14350000000000.0,-0.84051
1323,1.1616,25.272670000000005,5.743541999999997,3345.708,1579.557,372.1324,-99.45016,5.045575,-838.0099,39599000000000.0,37580600000000.0,3488914000000.0,0.4945473,1.805545e-06,6.997142e-07,-1.06441e-06,7.24568e-07,2.383834e-06,-2.824304e-06,-2.179115e-06,4.609482e-06,35754430000000.0,3221658000000.0,0.4522049,1.734545e-06,6.608372e-07,-1.03373e-06,6.845697e-07,2.278228e-06,-2.724367e-06,-2.104521e-06,4.416056e-06,23451830000000.0,1935232000000.0,0.2872961,1.294872e-06,4.490722e-07,-8.151368e-07,4.661314e-07,1.654213e-06,-2.077023e-06,-1.614158e-06,3.24881e-06,1089837000000.0,148600000000000.0,1.318708,33340000000000.0,-1.11969
1326,1.1593,25.69486,5.887661999999994,3328.481,1601.522,380.9062,-0.3699147,167.55,-633.276,34216610000000.0,20376180000000.0,1479308000000.0,0.4020197,8.996748e-07,-1.490895e-08,-8.916904e-07,1.675268e-10,8.260901e-07,-1.769818e-06,-1.447848e-06,1.931289e-06,16723850000000.0,1122619000000.0,0.3477447,7.512385e-07,-1.226415e-08,-7.443167e-07,2.633051e-10,6.897734e-07,-1.47755e-06,-1.208687e-06,1.612512e-06,6439642000000.0,309543200000.0,0.1868254,2.933668e-07,-4.521427e-09,-2.902843e-07,2.703327e-10,2.692982e-07,-5.766004e-07,-4.715809e-07,6.294526e-07,818715000000.0,46580000000000.0,1.143096,9059000000000.0,-0.8147167
1328,1.1663,25.764,5.981806000000001,3340.321,1612.186,388.6438,-196.5289,288.5392,-468.0925,42962990000000.0,31333190000000.0,3316651000000.0,0.4676775,1.967362e-06,4.160294e-07,-1.50168e-06,4.442127e-07,2.247459e-06,-3.418926e-06,-2.715613e-06,4.66548e-06,30275930000000.0,2978803000000.0,0.4233569,1.855453e-06,3.844246e-07,-1.423977e-06,4.107981e-07,2.110995e-06,-3.232132e-06,-2.56877e-06,4.391097e-06,23355720000000.0,1856526000000.0,0.2878502,1.418635e-06,2.71648e-07,-1.110317e-06,2.911607e-07,1.5896e-06,-2.492698e-06,-1.985328e-06,3.331739e-06,906469000000.0,186700000000000.0,1.462323,46450000000000.0,-1.22859
1330,1.1635,26.54933,5.948167999999994,3312.09,1654.909,385.7645,-4.79464,343.5363,-389.806,98805260000000.0,81696960000000.0,9186137000000.0,0.6403378,8.266103e-06,-1.126741e-06,-9.123093e-06,-1.021984e-06,6.456724e-06,-1.719321e-05,-1.421835e-05,1.651003e-05,79774670000000.0,8589960000000.0,0.5846725,7.988112e-06,-1.068644e-06,-8.794917e-06,-9.685946e-07,6.256018e-06,-1.659354e-05,-1.371838e-05,1.596924e-05,59494610000000.0,5880528000000.0,0.3908984,6.534682e-06,-8.035598e-07,-7.119328e-06,-7.265674e-07,5.172996e-06,-1.349866e-05,-1.114515e-05,1.311079e-05,1858606000000.0,195100000000000.0,2.313091,76780000000000.0,-2.04831
1331,1.1639,25.08254,5.163088000000006,3358.995,1572.221,335.1125,-351.0424,234.8152,-363.731,38541740000000.0,35754430000000.0,3292710000000.0,0.4842125,1.774077e-06,9.877335e-07,-7.455815e-07,1.010024e-06,2.639545e-06,-2.471474e-06,-1.838873e-06,4.827283e-06,33543810000000.0,2985578000000.0,0.4385656,1.68664e-06,9.204737e-07,-7.272279e-07,9.414964e-07,2.490312e-06,-2.368031e-06,-1.766564e-06,4.569913e-06,22394580000000.0,1757020000000.0,0.2823553,1.245681e-06,6.199358e-07,-5.963042e-07,6.348271e-07,1.777253e-06,-1.808044e-06,-1.36365e-06,3.312001e-06,1049750000000.0,146300000000000.0,1.355911,33750000000000.0,-1.12662
1333,1.1635,25.37384,5.3538010000000025,3349.029,1588.363,347.3618,-301.5277,-72.49019,-771.0837,73142800000000.0,68817670000000.0,8393612000000.0,0.6042708,7.462721e-06,3.448187e-06,-3.820992e-06,3.491912e-06,1.027401e-05,-1.107147e-05,-8.402701e-06,1.943746e-05,67568190000000.0,7900875000000.0,0.5584593,7.270232e-06,3.312552e-06,-3.76825e-06,3.354324e-06,9.959599e-06,-1.08316e-05,-8.231438e-06,1.888518e-05,56322840000000.0,5685546000000.0,0.3835462,6.157107e-06,2.605809e-06,-3.386657e-06,2.637193e-06,8.222066e-06,-9.368073e-06,-7.164862e-06,1.577378e-05,1584871000000.0,240500000000000.0,2.343229,95880000000000.0,-1.9701
1335,1.1644,25.21118,4.948673999999996,3357.766,1580.845,321.3459,-153.2954,90.37561,-12.25189,32486550000000.0,19030590000000.0,1460213000000.0,0.4087848,6.175404e-07,2.057071e-07,-3.972248e-07,2.160069e-07,7.848423e-07,-9.986337e-07,-7.784949e-07,1.54574e-06,17973330000000.0,1241736000000.0,0.3572529,5.528532e-07,1.78537e-07,-3.611763e-07,1.876945e-07,6.968044e-07,-8.995853e-07,-7.024864e-07,1.377892e-06,10572550000000.0,618560700000.0,0.2220459,3.565383e-07,1.047663e-07,-2.431668e-07,1.105366e-07,4.385656e-07,-5.903852e-07,-4.632327e-07,8.775772e-07,668354100000.0,51210000000000.0,0.8380866,7302000000000.0,-0.6869
1336,1.1663,26.77263,5.0197290000000026,3316.988,1673.543,326.3323,-99.6503,357.1804,-441.652,73719490000000.0,70259380000000.0,7725010000000.0,0.6066034,6.168463e-06,-2.922886e-07,-6.274832e-06,-2.11528e-07,5.393157e-06,-1.229316e-05,-1.007818e-05,1.292198e-05,68337100000000.0,7175648000000.0,0.554539,5.973935e-06,-2.784792e-07,-6.071659e-06,-2.0096e-07,5.225437e-06,-1.190013e-05,-9.754799e-06,1.251564e-05,49018170000000.0,4687293000000.0,0.3657473,4.889755e-06,-2.103584e-07,-4.949088e-06,-1.499881e-07,4.284805e-06,-9.719506e-06,-7.96261e-06,1.024669e-05,1681307000000.0,254000000000000.0,2.180737,94240000000000.0,-1.88793
1337,1.1667,25.98034,6.384277000000001,3332.96,1624.178,414.848,-86.14928,308.3071,-562.2023,32198210000000.0,24124630000000.0,2514647000000.0,0.4253792,1.271833e-06,1.747433e-08,-1.222877e-06,3.916999e-08,1.208277e-06,-2.464203e-06,-2.009278e-06,2.77214e-06,21433440000000.0,2154238000000.0,0.3784167,1.169706e-06,1.571502e-08,-1.124893e-06,3.554712e-08,1.110485e-06,-2.266509e-06,-1.848087e-06,2.548535e-06,13648200000000.0,1100158000000.0,0.2411451,7.841918e-07,9.7185e-09,-7.54596e-07,2.26952e-08,7.42596e-07,-1.51988e-06,-1.239287e-06,1.706085e-06,783085500000.0,96320000000000.0,1.066662,17480000000000.0,-0.84525
1339,1.171,26.98748,5.006036999999997,3320.12,1690.771,326.3646,-159.1544,-240.1754,-366.2582,54881130000000.0,53631650000000.0,5217602000000.0,0.5561274,3.584677e-06,1.665432e-06,-1.828822e-06,1.700207e-06,4.973574e-06,-5.313443e-06,-4.033483e-06,9.380604e-06,51036570000000.0,4843268000000.0,0.5028562,3.456006e-06,1.571436e-06,-1.796928e-06,1.604505e-06,4.759349e-06,-5.156434e-06,-3.92228e-06,9.007386e-06,34793290000000.0,3265296000000.0,0.3260448,2.791432e-06,1.151521e-06,-1.567233e-06,1.176348e-06,3.720329e-06,-4.280591e-06,-3.283186e-06,7.148205e-06,1399250000000.0,426600000000000.0,2.081831,151100000000000.0,-1.84338
1340,1.171,26.503360000000004,5.532150000000002,3331.105,1661.072,360.5236,-76.95554,618.4734,-543.5383,28545880000000.0,22202350000000.0,2070774000000.0,0.4196683,9.325436e-07,-4.064727e-07,-1.315125e-06,-3.881538e-07,4.693344e-07,-2.227792e-06,-1.89324e-06,1.614025e-06,20280070000000.0,1768539000000.0,0.3694431,8.53518e-07,-3.63608e-07,-1.19514e-06,-3.469275e-07,4.376734e-07,-2.030424e-06,-1.72421e-06,1.485173e-06,12014260000000.0,849011200000.0,0.2286871,5.408416e-07,-2.113233e-07,-7.379342e-07,-2.009775e-07,2.956284e-07,-1.267126e-06,-1.073054e-06,9.589176e-07,754435800000.0,89350000000000.0,1.009096,15340000000000.0,-0.795168
1341,1.171,26.71089,5.197174000000003,3326.957,1674.077,338.762,-374.1866,618.7977,-588.4371,40367910000000.0,22779030000000.0,1889754000000.0,0.4176431,9.724627e-07,2.84294e-07,-6.668195e-07,2.995942e-07,1.19579e-06,-1.616132e-06,-1.268381e-06,2.395769e-06,19415040000000.0,1524985000000.0,0.3647932,8.52527e-07,2.438802e-07,-5.898e-07,2.572031e-07,1.04263e-06,-1.421985e-06,-1.117111e-06,2.094409e-06,7208555000000.0,444759100000.0,0.1939771,3.593941e-07,9.471715e-08,-2.565171e-07,1.001786e-07,4.308851e-07,-6.072642e-07,-4.787164e-07,8.739363e-07,797038400000.0,54550000000000.0,1.023062,9495000000000.0,-0.805761
1342,1.1771,26.82917,5.479334999999994,3334.378,1686.447,358.4336,-236.1815,66.96112,-500.7766,29795360000000.0,29218680000000.0,2499576000000.0,0.4522346,1.145194e-06,6.731613e-07,-4.463185e-07,6.887603e-07,1.742408e-06,-1.560844e-06,-1.152576e-06,3.155583e-06,28738110000000.0,2328741000000.0,0.4153322,1.105473e-06,6.379315e-07,-4.426234e-07,6.529063e-07,1.66981e-06,-1.518474e-06,-1.124346e-06,3.033811e-06,19991730000000.0,1524747000000.0,0.2706117,8.837111e-07,4.652197e-07,-3.981596e-07,4.768245e-07,1.288872e-06,-1.258121e-06,-9.429629e-07,2.37856e-06,888832100000.0,238000000000000.0,1.271839,51500000000000.0,-1.09989
1343,1.1714,25.22169,5.256071999999993,3370.102,1587.408,342.7001,-326.1747,-163.1923,-663.2505,44020240000000.0,40271790000000.0,3881869000000.0,0.5055732,2.226605e-06,1.963597e-06,-2.171285e-07,1.98514e-06,4.032301e-06,-2.38019e-06,-1.58747e-06,6.787045e-06,38445630000000.0,3551311000000.0,0.457532,2.138793e-06,1.850546e-06,-2.439284e-07,1.871033e-06,3.836957e-06,-2.32163e-06,-1.560126e-06,6.482648e-06,24989660000000.0,2138814000000.0,0.2928162,1.633377e-06,1.284343e-06,-3.141562e-07,1.299104e-06,2.798342e-06,-1.900682e-06,-1.31891e-06,4.817102e-06,1148552000000.0,166700000000000.0,1.456537,41310000000000.0,-1.242122
1344,1.1719,26.18775,6.0578739999999955,3339.62,1642.41,394.9608,-205.2562,156.7635,-547.2842,28738110000000.0,25374110000000.0,2224519000000.0,0.4348698,1.07767e-06,4.792267e-07,-5.737746e-07,4.949012e-07,1.486429e-06,-1.623416e-06,-1.238895e-06,2.815319e-06,24605200000000.0,2008644000000.0,0.3957564,1.017609e-06,4.440656e-07,-5.501465e-07,4.587783e-07,1.394835e-06,-1.541268e-06,-1.178157e-06,2.649493e-06,16531620000000.0,1149025000000.0,0.2566563,7.286908e-07,2.915017e-07,-4.200755e-07,3.017203e-07,9.712656e-07,-1.129735e-06,-8.696382e-07,1.869105e-06,818568900000.0,139900000000000.0,1.196952,28490000000000.0,-0.96228
1345,1.1752,26.64087,5.539796999999997,3336.409,1673.727,362.0342,-192.5767,143.6316,-662.4939,120238700000000.0,112261200000000.0,12857700000000.0,0.7063085,1.356917e-05,2.477633e-06,-1.067923e-05,2.574304e-06,1.483445e-05,-2.388727e-05,-1.901535e-05,3.139091e-05,101400300000000.0,11569670000000.0,0.6305206,1.289806e-05,2.305908e-06,-1.019751e-05,2.395075e-06,1.404283e-05,-2.275205e-05,-1.812027e-05,2.977568e-05,65645910000000.0,6889875000000.0,0.4019524,9.700566e-06,1.585748e-06,-7.80837e-06,1.643127e-06,1.038204e-05,-1.724981e-05,-1.376332e-05,2.219781e-05,2496690000000.0,201400000000000.0,2.794644,95760000000000.0,-2.38887
1347,1.171,26.75956,5.154545999999996,3325.797,1677.036,335.995,-507.8478,164.8217,-373.7075,81312500000000.0,73142800000000.0,8340648000000.0,0.6127394,6.858e-06,3.864756e-06,-2.824858e-06,3.909916e-06,1.016121e-05,-9.483202e-06,-7.035546e-06,1.860011e-05,69682700000000.0,7634375000000.0,0.5581813,6.579654e-06,3.649018e-06,-2.768216e-06,3.691509e-06,9.687183e-06,-9.156237e-06,-6.807677e-06,1.778207e-05,39983450000000.0,4203731000000.0,0.3411559,4.673857e-06,2.35471e-06,-2.19968e-06,2.3809e-06,6.630934e-06,-6.737067e-06,-5.067565e-06,1.237399e-05,1837347000000.0,253900000000000.0,2.28438,98680000000000.0,-1.95822
1348,1.1729,26.02616,6.083678999999996,3345.488,1633.595,396.8041,-167.1368,309.5105,-504.6424,72181660000000.0,66222590000000.0,7116281000000.0,0.5923304,5.486361e-06,5.544832e-07,-4.77606e-06,6.205581e-07,5.614544e-06,-1.012338e-05,-8.156655e-06,1.232763e-05,61032430000000.0,6502911000000.0,0.5329113,5.261198e-06,5.210069e-07,-4.590005e-06,5.83627e-07,5.370992e-06,-9.717785e-06,-7.831565e-06,1.180727e-05,45654180000000.0,4260278000000.0,0.3564669,4.197842e-06,3.824467e-07,-3.692828e-06,4.29715e-07,4.243487e-06,-7.783955e-06,-6.278174e-06,9.374225e-06,1619805000000.0,188700000000000.0,1.994094,64020000000000.0,-1.72062
1349,1.1738,25.70445,6.248217999999995,3356.076,1615.492,407.7989,-127.8629,416.9492,-512.0069,36907800000000.0,34889410000000.0,2973324000000.0,0.480443,1.502557e-06,-3.467542e-08,-1.498994e-06,-9.527893e-09,1.369758e-06,-2.965732e-06,-2.427912e-06,3.215489e-06,33447700000000.0,2702606000000.0,0.4358948,1.439272e-06,-3.263635e-08,-1.435145e-06,-8.661807e-09,1.312258e-06,-2.840076e-06,-2.324882e-06,3.080029e-06,19030590000000.0,1437158000000.0,0.2693344,1.035936e-06,-2.134133e-08,-1.03024e-06,-4.583766e-09,9.449857e-07,-2.041339e-06,-1.670404e-06,2.216418e-06,1062034000000.0,95700000000000.0,1.179824,19210000000000.0,-0.977922
1352,1.1748,26.24298,5.261111999999999,3348.196,1650.638,343.7413,-315.957,334.4835,-408.5869,33255470000000.0,29795360000000.0,2907711000000.0,0.4554033,1.352022e-06,5.875647e-07,-7.333395e-07,6.070283e-07,1.850563e-06,-2.050203e-06,-1.567726e-06,3.517461e-06,28641990000000.0,2649829000000.0,0.414046,1.28367e-06,5.465268e-07,-7.074636e-07,5.648913e-07,1.745283e-06,-1.957725e-06,-1.499612e-06,3.327687e-06,18742240000000.0,1532824000000.0,0.2660315,9.323372e-07,3.639371e-07,-5.46394e-07,3.768819e-07,1.233276e-06,-1.454384e-06,-1.121556e-06,2.38184e-06,882836500000.0,106200000000000.0,1.101363,19900000000000.0,-0.915552
1353,1.1714,26.86889,5.096188000000004,3324.564,1684.378,332.3678,-408.9508,-60.3107,-532.6019,32486550000000.0,26431370000000.0,2203428000000.0,0.452432,1.258545e-06,1.352519e-06,1.183526e-07,1.365935e-06,2.52638e-06,-1.10399e-06,-6.565367e-07,4.086261e-06,24316860000000.0,1811900000000.0,0.3925522,1.135361e-06,1.189749e-06,7.654879e-08,1.20171e-06,2.248231e-06,-1.026119e-06,-6.224278e-07,3.655153e-06,12590940000000.0,735820600000.0,0.2324189,6.659974e-07,6.438613e-07,-8.802894e-09,6.505925e-07,1.26379e-06,-6.555595e-07,-4.186861e-07,2.088525e-06,1026330000000.0,54060000000000.0,1.104637,10160000000000.0,-0.8237
1354,1.1771,26.58804,5.59253,3340.862,1672.107,365.821,-625.339,371.5914,-701.6722,33543810000000.0,31909870000000.0,3084800000000.0,0.4691854,1.483832e-06,1.63742e-06,1.801199e-07,1.652442e-06,3.022064e-06,-1.26283e-06,-7.34532e-07,4.864007e-06,30275930000000.0,2819221000000.0,0.4247931,1.415372e-06,1.532144e-06,1.422674e-07,1.546351e-06,2.852445e-06,-1.234037e-06,-7.300996e-07,4.609111e-06,19607270000000.0,1625900000000.0,0.2693724,1.01967e-06,1.013373e-06,1.270385e-08,1.023171e-06,1.962952e-06,-9.786004e-07,-6.154899e-07,3.22749e-06,953786000000.0,145900000000000.0,1.222256,30340000000000.0,-1.02465
1355,1.1733,26.58857,5.433699000000001,3334.714,1669.068,354.7157,-290.6242,523.3527,-270.74,53919990000000.0,23547950000000.0,2635537000000.0,0.4211667,1.547959e-06,1.821049e-07,-1.327012e-06,2.061552e-07,1.626552e-06,-2.836848e-06,-2.283161e-06,3.529196e-06,21625660000000.0,2285336000000.0,0.377048,1.411649e-06,1.620827e-07,-1.213929e-06,1.838244e-07,1.478697e-06,-2.590773e-06,-2.085794e-06,3.213441e-06,16339390000000.0,1365138000000.0,0.256539,1.005823e-06,1.062247e-07,-8.736592e-07,1.212235e-07,1.042696e-06,-1.85459e-06,-1.494659e-06,2.277819e-06,746469900000.0,169900000000000.0,1.355763,39190000000000.0,-1.182221
1357,1.1771,24.88579,6.583019000000002,3383.421,1569.512,430.4246,96.90075,-284.9491,-389.8875,29795360000000.0,26046910000000.0,2367720000000.0,0.4355015,1.112625e-06,2.182552e-07,-8.670135e-07,2.358196e-07,1.258043e-06,-1.951485e-06,-1.554043e-06,2.626827e-06,23547950000000.0,2117731000000.0,0.3901274,1.044233e-06,2.001337e-07,-8.18304e-07,2.165078e-07,1.175641e-06,-1.836096e-06,-1.463055e-06,2.460085e-06,18453900000000.0,1350604000000.0,0.2633564,7.931766e-07,1.395638e-07,-6.336648e-07,1.516691e-07,8.794446e-07,-1.406711e-06,-1.123266e-06,1.854485e-06,812924100000.0,136100000000000.0,1.161273,26890000000000.0,-0.952974
1358,1.1847,26.8446,4.947016999999996,3352.577,1696.785,325.2382,-203.3845,72.91426,-73.63067,47576460000000.0,43539670000000.0,4621479000000.0,0.516535,2.748183e-06,8.096807e-07,-1.867395e-06,8.449739e-07,3.359116e-06,-4.542033e-06,-3.560418e-06,6.73479e-06,40944590000000.0,4192153000000.0,0.4645537,2.620479e-06,7.567546e-07,-1.795629e-06,7.901053e-07,3.186755e-06,-4.345972e-06,-3.409875e-06,6.405059e-06,26431370000000.0,2526413000000.0,0.2957532,1.961288e-06,5.154851e-07,-1.3937e-06,5.392637e-07,2.330437e-06,-3.302457e-06,-2.601464e-06,4.737185e-06,1218675000000.0,232700000000000.0,1.62967,64520000000000.0,-1.39194
1361,1.1776,26.64704,6.625704000000005,3333.683,1672.809,433.2534,214.3901,375.6107,-311.9433,56995640000000.0,55553930000000.0,5898816000000.0,0.5605972,4.246351e-06,-2.106389e-06,-6.210521e-06,-2.03166e-06,1.821054e-06,-1.036687e-05,-8.836399e-06,6.978242e-06,54304450000000.0,5528507000000.0,0.5116344,4.121016e-06,-2.00903e-06,-5.991562e-06,-1.936973e-06,1.801003e-06,-1.002519e-05,-8.539753e-06,6.805193e-06,41713500000000.0,3923334000000.0,0.345728,3.447629e-06,-1.550069e-06,-4.879861e-06,-1.4918e-06,1.63099e-06,-8.254196e-06,-7.010898e-06,5.814137e-06,1391070000000.0,249000000000000.0,1.94174,82260000000000.0,-1.67805
1362,1.1809,26.600470000000005,6.573416999999998,3342.411,1673.789,430.7537,-294.6909,209.2619,-80.26882,34216610000000.0,33255470000000.0,3052324000000.0,0.4716315,1.552911e-06,6.359598e-07,-8.794555e-07,6.573449e-07,2.082886e-06,-2.390801e-06,-1.836806e-06,3.994924e-06,32678780000000.0,2858391000000.0,0.4392799,1.501318e-06,6.062463e-07,-8.587191e-07,6.268199e-07,2.004772e-06,-2.319844e-06,-1.784225e-06,3.85311e-06,21433440000000.0,1707879000000.0,0.2790246,1.121924e-06,4.131431e-07,-6.81064e-07,4.2797e-07,1.456478e-06,-1.772912e-06,-1.372484e-06,2.836781e-06,999326800000.0,145500000000000.0,1.292269,31990000000000.0,-1.06524
1363,1.1795,25.73597,6.303753999999999,3365.792,1622.449,412.7533,-392.4661,303.8263,-432.1998,32486550000000.0,23932400000000.0,1959737000000.0,0.4220562,9.415088e-07,7.308013e-07,-1.91102e-07,7.437102e-07,1.612029e-06,-1.107448e-06,-7.720196e-07,2.776353e-06,21625660000000.0,1756945000000.0,0.3815514,8.935412e-07,6.788273e-07,-1.960107e-07,6.910038e-07,1.514896e-06,-1.065645e-06,-7.472911e-07,2.619744e-06,14513220000000.0,1015879000000.0,0.2444477,6.54773e-07,4.502587e-07,-1.904594e-07,4.588993e-07,1.06194e-06,-8.27629e-07,-5.942837e-07,1.870984e-06,781153600000.0,179500000000000.0,1.152931,35210000000000.0,-0.9996
1364,1.1862,26.82263,5.045943000000006,3355.9,1696.851,332.0399,-445.6053,352.6278,-397.5653,46903660000000.0,46230870000000.0,4338801000000.0,0.5242029,2.597128e-06,1.356015e-06,-1.180077e-06,1.384933e-06,3.765149e-06,-3.706636e-06,-2.779673e-06,6.965168e-06,45461950000000.0,4123809000000.0,0.4879513,2.539074e-06,1.308615e-06,-1.170593e-06,1.336716e-06,3.663323e-06,-3.64064e-06,-2.734355e-06,6.791485e-06,34889410000000.0,2844250000000.0,0.3242834,2.083005e-06,9.840476e-07,-1.048689e-06,1.006063e-06,2.912337e-06,-3.074882e-06,-2.331111e-06,5.476672e-06,1226043000000.0,192500000000000.0,1.570318,51430000000000.0,-1.36818
1366,1.1886,25.38768,4.983349999999998,3402.466,1614.713,328.3948,-207.4397,-106.3926,-469.027,28353650000000.0,24316860000000.0,2092676000000.0,0.4245829,9.337608e-07,7.150503e-07,-1.988209e-07,7.277583e-07,1.588467e-06,-1.10708e-06,-7.746119e-07,2.742677e-06,22490690000000.0,1849263000000.0,0.383331,8.64992e-07,6.487664e-07,-1.977131e-07,6.604616e-07,1.457599e-06,-1.039066e-06,-7.310641e-07,2.526658e-06,12783170000000.0,876573100000.0,0.2322242,5.402024e-07,3.704675e-07,-1.579207e-07,3.775447e-07,8.748385e-07,-6.833203e-07,-4.909087e-07,1.54206e-06,813642100000.0,83960000000000.0,1.013673,14480000000000.0,-0.803583
1367,1.1953,26.53715,6.694669000000005,3372.218,1684.057,442.4398,5.833567,62.9757,-122.7263,30275930000000.0,29314790000000.0,2503383000000.0,0.4507772,1.166538e-06,-5.449342e-08,-1.189779e-06,-3.49385e-08,1.034344e-06,-2.327293e-06,-1.910146e-06,2.465213e-06,28449760000000.0,2337744000000.0,0.4098348,1.125185e-06,-5.140909e-08,-1.146355e-06,-3.264761e-08,9.985113e-07,-2.243542e-06,-1.841151e-06,2.378494e-06,22682920000000.0,1679805000000.0,0.2803674,9.431002e-07,-3.953837e-08,-9.569503e-07,-2.417404e-08,8.3933e-07,-1.876574e-06,-1.539187e-06,1.995404e-06,854526100000.0,247400000000000.0,1.289561,54280000000000.0,-1.13157
1371,1.1929,27.1853,5.679833000000004,3354.271,1722.773,375.0374,66.77184,313.1175,-490.451,31717640000000.0,29122560000000.0,2842281000000.0,0.4572777,1.294862e-06,-5.001082e-07,-1.759385e-06,-4.756984e-07,7.114143e-07,-3.02511e-06,-2.56082e-06,2.297393e-06,28257540000000.0,2608816000000.0,0.4098146,1.24136e-06,-4.688322e-07,-1.675945e-06,-4.455452e-07,6.922479e-07,-2.889344e-06,-2.444212e-06,2.212481e-06,21241210000000.0,1764158000000.0,0.2743445,1.004549e-06,-3.485173e-07,-1.324915e-06,-3.300631e-07,5.897673e-07,-2.306755e-06,-1.946444e-06,1.819272e-06,862319100000.0,132500000000000.0,1.122294,25300000000000.0,-0.954558
1372,1.1948,26.47328,6.730229999999994,3372.511,1679.509,444.603,-27.38471,407.3163,-157.1624,40079570000000.0,34889410000000.0,3498087000000.0,0.4762403,1.9044e-06,-5.656938e-07,-2.415689e-06,-5.318477e-07,1.209938e-06,-4.275943e-06,-3.593076e-06,3.5394e-06,32582670000000.0,3164474000000.0,0.430238,1.809238e-06,-5.26729e-07,-2.284088e-06,-4.947651e-07,1.159559e-06,-4.051367e-06,-3.402567e-06,3.372294e-06,22298460000000.0,1904768000000.0,0.2786804,1.342805e-06,-3.566561e-07,-1.660243e-06,-3.336433e-07,8.926107e-07,-2.971841e-06,-2.490099e-06,2.533684e-06,1017026000000.0,165500000000000.0,1.388611,39100000000000.0,-1.16523
1375,1.203,26.4905,6.057815000000003,3393.031,1691.0,402.3246,-114.733,562.0558,-550.278,31525410000000.0,25758570000000.0,2496331000000.0,0.427106,1.195635e-06,-2.683016e-07,-1.433165e-06,-2.466603e-07,8.513234e-07,-2.601996e-06,-2.173391e-06,2.319025e-06,24220740000000.0,2240204000000.0,0.3882992,1.124553e-06,-2.477112e-07,-1.343194e-06,-2.274557e-07,8.050053e-07,-2.4425e-06,-2.039358e-06,2.185247e-06,17204420000000.0,1324585000000.0,0.2577007,8.190517e-07,-1.667321e-07,-9.642003e-07,-1.523086e-07,5.988633e-07,-1.764754e-06,-1.471065e-06,1.603483e-06,804955300000.0,110500000000000.0,1.1351,21340000000000.0,-0.911295
1376,1.2054,26.71614,5.349875,3395.619,1709.017,355.987,-19.37108,487.2187,-257.3897,29314790000000.0,28738110000000.0,2626080000000.0,0.4582017,1.154641e-06,-5.278049e-07,-1.650383e-06,-5.0551e-07,5.530361e-07,-2.779248e-06,-2.365175e-06,1.966709e-06,27969190000000.0,2436120000000.0,0.4142181,1.110116e-06,-4.969376e-07,-1.576122e-06,-4.755954e-07,5.419141e-07,-2.661436e-06,-2.263307e-06,1.900902e-06,21048980000000.0,1643490000000.0,0.2748996,8.892204e-07,-3.659089e-07,-1.229981e-06,-3.491496e-07,4.651142e-07,-2.099269e-06,-1.780277e-06,1.553075e-06,859556700000.0,157700000000000.0,1.142726,30660000000000.0,-0.979011
1377,1.203,26.721260000000004,5.421441999999995,3389.88,1706.509,360.184,183.6964,564.7889,-595.8521,34312720000000.0,30756500000000.0,3198825000000.0,0.4559385,1.729554e-06,-1.395728e-06,-3.073475e-06,-1.359091e-06,2.227434e-07,-4.769406e-06,-4.146557e-06,2.332712e-06,29987590000000.0,2917151000000.0,0.4163883,1.665774e-06,-1.324037e-06,-2.939757e-06,-1.288878e-06,2.343167e-07,-4.573102e-06,-3.973198e-06,2.266227e-06,20472300000000.0,1730281000000.0,0.2726347,1.303037e-06,-9.563953e-07,-2.219595e-06,-9.29454e-07,2.607027e-07,-3.497083e-06,-3.027699e-06,1.849057e-06,923925300000.0,160000000000000.0,1.31769,35870000000000.0,-1.07613
1378,1.2074,26.20856,5.967614000000003,3410.826,1678.967,397.3987,-51.87664,482.8716,-558.677,37100030000000.0,23740170000000.0,2350587000000.0,0.4154556,1.272063e-06,-3.320118e-07,-1.570369e-06,-3.089761e-07,8.579814e-07,-2.813807e-06,-2.357713e-06,2.417972e-06,20760640000000.0,2022959000000.0,0.3701708,1.154869e-06,-2.948173e-07,-1.418923e-06,-2.740398e-07,7.850812e-07,-2.547767e-06,-2.133662e-06,2.201089e-06,14032650000000.0,1092075000000.0,0.2383276,7.826689e-07,-1.83127e-07,-9.444967e-07,-1.69432e-07,5.474321e-07,-1.709429e-06,-1.428697e-06,1.506343e-06,773692300000.0,174800000000000.0,1.307671,38890000000000.0,-1.089
1379,1.203,26.60176,6.012107000000006,3389.969,1697.701,399.2934,188.4851,352.6324,-531.3657,55265590000000.0,41232930000000.0,4299118000000.0,0.5005781,2.862363e-06,-1.490605e-06,-4.26593e-06,-1.436287e-06,1.175956e-06,-7.067439e-06,-6.038005e-06,4.667049e-06,38349510000000.0,3815733000000.0,0.451368,2.683459e-06,-1.370722e-06,-3.972244e-06,-1.320116e-06,1.128136e-06,-6.598599e-06,-5.633424e-06,4.400467e-06,22202350000000.0,1947607000000.0,0.2786228,1.772765e-06,-8.259817e-07,-2.543452e-06,-7.936577e-07,8.21232e-07,-4.278324e-06,-3.640406e-06,2.981089e-06,1219258000000.0,115400000000000.0,1.483158,29120000000000.0,-1.233
1380,1.2074,26.87968,5.419236000000001,3394.887,1720.81,361.0723,60.97117,51.97599,-368.8372,49979310000000.0,42386300000000.0,5011338000000.0,0.503284,3.295762e-06,-2.589483e-07,-3.461572e-06,-2.074771e-07,2.803022e-06,-6.676895e-06,-5.496092e-06,6.836756e-06,39502880000000.0,4351728000000.0,0.455143,3.098206e-06,-2.397037e-07,-3.250057e-06,-1.916208e-07,2.637755e-06,-6.272626e-06,-5.162511e-06,6.429188e-06,15089910000000.0,1446743000000.0,0.2434601,1.802861e-06,-1.275278e-07,-1.878167e-06,-1.006779e-07,1.543275e-06,-3.636948e-06,-2.990622e-06,3.747641e-06,1398748000000.0,68880000000000.0,1.361035,15950000000000.0,-1.02069
1381,1.203,26.36214,6.332292999999996,3395.115,1682.554,420.4898,61.95964,446.2096,-329.0284,29314790000000.0,24124630000000.0,2356420000000.0,0.4178501,1.174759e-06,-6.5765e-07,-1.799461e-06,-6.340578e-07,4.431541e-07,-2.948535e-06,-2.527082e-06,1.880824e-06,22010120000000.0,2043606000000.0,0.3751173,1.092013e-06,-5.994059e-07,-1.660682e-06,-5.775748e-07,4.235324e-07,-2.728799e-06,-2.337007e-06,1.759758e-06,13744310000000.0,1037510000000.0,0.2388774,7.516403e-07,-3.828673e-07,-1.113045e-06,-3.681212e-07,3.203039e-07,-1.848187e-06,-1.578441e-06,1.239535e-06,799972800000.0,89270000000000.0,1.063332,16150000000000.0,-0.8238884
1382,1.2142,26.08502,5.672897999999999,3429.528,1678.996,379.3095,-281.1123,297.2764,-620.7612,40560140000000.0,32294330000000.0,3307608000000.0,0.4581619,1.743489e-06,7.118631e-07,-9.912662e-07,7.356688e-07,2.337601e-06,-2.689746e-06,-2.067127e-06,4.486487e-06,29891470000000.0,2943213000000.0,0.414222,1.629335e-06,6.5251e-07,-9.389112e-07,6.745924e-07,2.171242e-06,-2.526141e-06,-1.94425e-06,4.179107e-06,19991730000000.0,1622417000000.0,0.267187,1.10677e-06,4.086008e-07,-6.718179e-07,4.230881e-07,1.438505e-06,-1.749866e-06,-1.354478e-06,2.801414e-06,1056347000000.0,87390000000000.0,1.201217,17860000000000.0,-0.9734
1383,1.2113,26.98409,5.595072,3397.701,1730.027,373.5162,-229.8355,146.0552,-459.2802,43251330000000.0,26527480000000.0,2709024000000.0,0.4359421,1.293076e-06,6.04921e-07,-6.583095e-07,6.23405e-07,1.812666e-06,-1.917299e-06,-1.456061e-06,3.406908e-06,25758570000000.0,2448435000000.0,0.3948296,1.219144e-06,5.577326e-07,-6.331383e-07,5.750404e-07,1.696025e-06,-1.820122e-06,-1.385225e-06,3.198892e-06,18357790000000.0,1476298000000.0,0.2594083,9.033246e-07,3.772614e-07,-5.046842e-07,3.896945e-07,1.219377e-06,-1.384115e-06,-1.061775e-06,2.332205e-06,811210400000.0,123500000000000.0,1.136975,23890000000000.0,-0.99198
1384,1.2123,26.95263,6.981562999999995,3391.346,1724.447,465.9029,185.4192,462.5237,112.4808,37003920000000.0,35658320000000.0,3686560000000.0,0.4817195,1.898282e-06,-1.578034e-06,-3.416037e-06,-1.537889e-06,1.9435e-07,-5.275824e-06,-4.592504e-06,2.505197e-06,34889410000000.0,3460578000000.0,0.4411314,1.845121e-06,-1.509659e-06,-3.296046e-06,-1.470776e-06,2.126436e-07,-5.103729e-06,-4.439509e-06,2.458539e-06,26911940000000.0,2395815000000.0,0.2968918,1.536068e-06,-1.162248e-06,-2.648778e-06,-1.130503e-06,2.695585e-07,-4.153596e-06,-3.600459e-06,2.13821e-06,985952500000.0,245300000000000.0,1.424,59430000000000.0,-1.23552
1385,1.2098,26.58731,5.432400000000005,3407.561,1705.435,362.3733,-97.99404,347.9324,-529.9274,31525410000000.0,27296390000000.0,2849125000000.0,0.4342834,1.498344e-06,-6.146407e-08,-1.521125e-06,-3.640048e-08,1.338318e-06,-2.983658e-06,-2.447308e-06,3.178012e-06,25374110000000.0,2502306000000.0,0.3935678,1.408967e-06,-5.683008e-08,-1.429283e-06,-3.338314e-08,1.259047e-06,-2.804548e-06,-2.300162e-06,2.988774e-06,16051050000000.0,1261133000000.0,0.2482222,9.512895e-07,-3.544854e-08,-9.616194e-07,-2.003741e-08,8.515954e-07,-1.890074e-06,-1.549422e-06,2.01868e-06,889316500000.0,102500000000000.0,1.182979,20630000000000.0,-0.907236
1386,1.2084,26.8509,5.968099,3394.092,1718.265,397.7011,203.2557,210.9214,-329.3696,35754430000000.0,33736040000000.0,3023940000000.0,0.4665917,1.502767e-06,-8.700208e-07,-2.328956e-06,-8.40009e-07,5.356745e-07,-3.798715e-06,-3.259374e-06,2.372072e-06,31909870000000.0,2741395000000.0,0.4249173,1.427279e-06,-8.113257e-07,-2.196848e-06,-7.829433e-07,5.233619e-07,-3.592761e-06,-3.080479e-06,2.267302e-06,16147160000000.0,1280827000000.0,0.2496806,9.308899e-07,-4.790246e-07,-1.382188e-06,-4.609986e-07,3.899114e-07,-2.292568e-06,-1.958313e-06,1.526508e-06,1093722000000.0,66180000000000.0,1.09062,12280000000000.0,-0.869121
1387,1.2133,25.17332,6.211229999999999,3450.628,1621.78,414.9525,161.2527,4.295942,-212.5971,33832150000000.0,21337320000000.0,1956548000000.0,0.4009288,1.023651e-06,-3.374331e-07,-1.333092e-06,-3.180262e-07,6.211375e-07,-2.332636e-06,-1.966197e-06,1.875559e-06,16339390000000.0,1477736000000.0,0.3387913,8.609454e-07,-2.764725e-07,-1.11377e-06,-2.602588e-07,5.293902e-07,-1.954434e-06,-1.646206e-06,1.584247e-06,8746380000000.0,562398000000.0,0.2044416,4.582697e-07,-1.369082e-07,-5.824246e-07,-1.284492e-07,2.914954e-07,-1.02989e-06,-8.657722e-07,8.526989e-07,790974500000.0,56240000000000.0,0.9938871,9510000000000.0,-0.765072
1389,1.2128,26.5835,6.396486999999999,3407.906,1705.325,427.2096,-18.20951,281.9098,-306.9983,41713500000000.0,34985520000000.0,3331379000000.0,0.4735458,1.835132e-06,-3.007971e-07,-2.085175e-06,-2.695419e-07,1.410294e-06,-3.876438e-06,-3.219114e-06,3.658079e-06,32678780000000.0,3011880000000.0,0.4316112,1.735685e-06,-2.790652e-07,-1.966568e-06,-2.496796e-07,1.338733e-06,-3.660745e-06,-3.03899e-06,3.464408e-06,21241210000000.0,1690766000000.0,0.2739417,1.242978e-06,-1.82603e-07,-1.390431e-06,-1.622044e-07,9.738763e-07,-2.603629e-06,-2.158181e-06,2.495043e-06,1033472000000.0,130500000000000.0,1.355682,30100000000000.0,-1.124
1390,1.2103,26.04316,5.758885000000004,3423.195,1672.796,384.2491,78.45419,556.5718,-538.5565,49018170000000.0,46134750000000.0,4566059000000.0,0.5171561,2.948482e-06,-1.361975e-06,-4.219695e-06,-1.308798e-06,1.37788e-06,-7.105828e-06,-6.044555e-06,4.971808e-06,43924130000000.0,4224510000000.0,0.4730319,2.845267e-06,-1.291766e-06,-4.04912e-06,-1.240745e-06,1.351204e-06,-6.834157e-06,-5.809963e-06,4.818785e-06,30275930000000.0,2696044000000.0,0.3088041,2.233139e-06,-9.291518e-07,-3.091887e-06,-8.903962e-07,1.14098e-06,-5.277508e-06,-4.473329e-06,3.860236e-06,1239179000000.0,192100000000000.0,1.670579,54600000000000.0,-1.420617
1393,1.2137,26.1549,5.598358000000004,3427.814,1683.343,374.3302,-92.5227,339.5221,-397.26,41905730000000.0,33639920000000.0,3430236000000.0,0.4645424,1.969524e-06,-1.12501e-07,-2.028477e-06,-8.104894e-08,1.721275e-06,-3.950309e-06,-3.244924e-06,4.135166e-06,31813760000000.0,3173213000000.0,0.4312372,1.887242e-06,-1.061194e-07,-1.941878e-06,-7.614679e-08,1.650506e-06,-3.783398e-06,-3.107437e-06,3.963259e-06,21433440000000.0,1838998000000.0,0.2730854,1.371435e-06,-7.009092e-08,-1.403291e-06,-4.910603e-08,1.203842e-06,-2.741408e-06,-2.24997e-06,2.883101e-06,986322500000.0,197400000000000.0,1.490844,50070000000000.0,-1.254
1394,1.2093,26.89316,6.113324000000003,3393.538,1721.13,407.5373,212.0724,189.3123,-650.6748,28930330000000.0,12206490000000.0,919856600000.0,0.3319767,4.527021e-07,-2.979745e-07,-7.389018e-07,-2.884683e-07,1.281056e-07,-1.182058e-06,-1.019681e-06,6.835272e-07,10668660000000.0,747285400000.0,0.2953928,3.987982e-07,-2.585193e-07,-6.469108e-07,-2.501702e-07,1.167375e-07,-1.037288e-06,-8.942422e-07,6.05971e-07,4901817000000.0,239707200000.0,0.1676699,1.890927e-07,-1.144082e-07,-2.984917e-07,-1.105069e-07,6.332133e-08,-4.83569e-07,-4.157327e-07,2.951763e-07,526465700000.0,36990000000000.0,0.8102192,5099000000000.0,-0.606177
1397,1.2211,26.76133,6.011682999999996,3421.579,1725.466,403.5523,-161.6898,270.1298,-383.1828,56995640000000.0,44404700000000.0,5174137000000.0,0.5171003,3.52227e-06,3.735225e-07,-3.051651e-06,4.201572e-07,3.63422e-06,-6.484373e-06,-5.223121e-06,7.949465e-06,41905730000000.0,4623116000000.0,0.462377,3.316149e-06,3.439649e-07,-2.88027e-06,3.873736e-07,3.412247e-06,-6.112071e-06,-4.924478e-06,7.474111e-06,30083700000000.0,2861144000000.0,0.3060789,2.47738e-06,2.354748e-07,-2.171651e-06,2.663121e-07,2.522564e-06,-4.585892e-06,-3.698206e-06,5.554313e-06,1188714000000.0,209500000000000.0,1.792465,63890000000000.0,-1.50777
1398,1.2182,26.13234,5.383982000000003,3438.338,1686.832,360.945,-135.1383,365.4926,-373.0358,50171540000000.0,44116360000000.0,4763386000000.0,0.5083134,3.017932e-06,-2.466458e-08,-2.958904e-06,2.000528e-08,2.776644e-06,-5.902774e-06,-4.821512e-06,6.472783e-06,40464020000000.0,4324197000000.0,0.4589526,2.889369e-06,-2.317968e-08,-2.832092e-06,1.926786e-08,2.657757e-06,-5.650517e-06,-4.615225e-06,6.195883e-06,29314790000000.0,2735479000000.0,0.3056097,2.235644e-06,-1.647023e-08,-2.188586e-06,1.512286e-08,2.053855e-06,-4.369209e-06,-3.567792e-06,4.789307e-06,1189377000000.0,221400000000000.0,1.672495,63000000000000.0,-1.42164
1399,1.2177,26.6615,4.801231000000001,3424.168,1719.295,321.8285,424.3114,381.6788,-384.9458,28641990000000.0,25662460000000.0,2115862000000.0,0.4285756,9.575217e-07,-1.362884e-06,-2.290486e-06,-1.339393e-06,-4.627873e-07,-3.230782e-06,-2.88563e-06,7.031249e-07,23451830000000.0,1860125000000.0,0.3823897,8.927063e-07,-1.243249e-06,-2.107955e-06,-1.221434e-06,-4.043733e-07,-2.984573e-06,-2.662767e-06,6.824513e-07,13455970000000.0,943762400000.0,0.2356756,5.895992e-07,-7.464659e-07,-1.317249e-06,-7.323317e-07,-1.933408e-07,-1.896142e-06,-1.683543e-06,5.239524e-07,852763400000.0,112900000000000.0,1.090666,20950000000000.0,-0.882189
1400,1.2182,26.78918,5.206827999999996,3419.645,1726.576,349.0906,68.91131,-67.84048,-464.4159,32871010000000.0,31237070000000.0,3023948000000.0,0.456987,1.473899e-06,3.925245e-08,-1.396274e-06,6.309444e-08,1.414645e-06,-2.83378e-06,-2.306591e-06,3.224141e-06,29987590000000.0,2806683000000.0,0.4172826,1.422313e-06,3.719341e-08,-1.347969e-06,6.008676e-08,1.364073e-06,-2.735147e-06,-2.226378e-06,3.110034e-06,20952870000000.0,1776942000000.0,0.2710567,1.143284e-06,2.737734e-08,-1.085532e-06,4.529131e-08,1.092354e-06,-2.200512e-06,-1.791418e-06,2.494931e-06,929302900000.0,151500000000000.0,1.223632,31540000000000.0,-1.03257
1402,1.229,26.25372,5.019018999999995,3458.173,1705.661,338.6405,12.96472,238.6106,-805.4649,30275930000000.0,14705450000000.0,817706700000.0,0.3531332,2.922508e-07,-5.114479e-08,-3.368589e-07,-4.551656e-08,2.243941e-07,-6.227699e-07,-5.181075e-07,5.847018e-07,13359860000000.0,713301400000.0,0.3147842,2.683431e-07,-4.577888e-08,-3.080801e-07,-4.063317e-08,2.071316e-07,-5.705822e-07,-4.74482e-07,5.379044e-07,8938608000000.0,393017900000.0,0.2038241,1.817972e-07,-2.803808e-08,-2.056339e-07,-2.461574e-08,1.430571e-07,-3.83424e-07,-3.183159e-07,3.669857e-07,544542900000.0,66760000000000.0,0.8029349,9120000000000.0,-0.704
1404,1.2246,25.859520000000003,5.100300000000004,3460.113,1677.121,343.1901,83.1244,434.7209,-439.1704,40271790000000.0,31717640000000.0,3405488000000.0,0.4541841,1.998324e-06,-8.96513e-07,-2.834994e-06,-8.599315e-07,9.641626e-07,-4.789668e-06,-4.071486e-06,3.403191e-06,30275930000000.0,3126509000000.0,0.4144008,1.907072e-06,-8.383383e-07,-2.688061e-06,-8.036515e-07,9.36638e-07,-4.553439e-06,-3.867993e-06,3.263893e-06,22971260000000.0,2099489000000.0,0.2806984,1.520059e-06,-6.127831e-07,-2.086273e-06,-5.859503e-07,7.993359e-07,-3.572978e-06,-3.026413e-06,2.652882e-06,915054000000.0,355600000000000.0,1.646429,99610000000000.0,-1.41768
1405,1.2266,26.52957,5.011016000000003,3444.688,1719.678,337.5849,147.4547,349.0146,-602.7666,29507020000000.0,12590940000000.0,923517100000.0,0.3356202,6.626628e-07,-4.578812e-07,-1.102717e-06,-4.439385e-07,1.650445e-07,-1.751529e-06,-1.513693e-06,9.770675e-07,11149230000000.0,758045600000.0,0.2982452,5.680898e-07,-3.884234e-07,-9.411992e-07,-3.764934e-07,1.455195e-07,-1.497406e-06,-1.293509e-06,8.416052e-07,7016327000000.0,329249300000.0,0.1892005,2.962786e-07,-1.933789e-07,-4.815912e-07,-1.8722e-07,8.487313e-08,-7.716497e-07,-6.652984e-07,4.477797e-07,499860400000.0,53660000000000.0,0.9222809,8420000000000.0,-0.689822
1406,1.2285,26.67753,5.494290999999997,3442.064,1729.487,370.5309,-165.8178,126.4378,-404.6353,64588650000000.0,48825950000000.0,4718320000000.0,0.5376407,2.926886e-06,7.179994e-07,-2.133007e-06,7.564719e-07,3.434081e-06,-4.983295e-06,-3.937083e-06,7.028492e-06,47576460000000.0,4290120000000.0,0.4854651,2.778411e-06,6.673005e-07,-2.038744e-06,7.034911e-07,3.244529e-06,-4.744413e-06,-3.751176e-06,6.656029e-06,27776970000000.0,2266027000000.0,0.2968549,1.928756e-06,4.227456e-07,-1.454662e-06,4.467641e-07,2.208273e-06,-3.332832e-06,-2.643004e-06,4.574605e-06,1409117000000.0,130700000000000.0,1.542933,34310000000000.0,-1.353
1407,1.229,26.11227,4.843374,3463.265,1697.556,326.8159,-159.4662,489.2294,-277.9624,105533200000000.0,60744090000000.0,6651522000000.0,0.5657104,6.419921e-06,-4.631704e-07,-6.690193e-06,-3.759529e-07,5.460456e-06,-1.295521e-05,-1.064991e-05,1.329706e-05,57668440000000.0,6076654000000.0,0.5128008,5.974823e-06,-4.226932e-07,-6.217077e-06,-3.424323e-07,5.087322e-06,-1.204765e-05,-9.901914e-06,1.237905e-05,41617390000000.0,3881550000000.0,0.3401403,4.385507e-06,-2.838219e-07,-4.533582e-06,-2.282289e-07,3.749894e-06,-8.812922e-06,-7.23697e-06,9.096347e-06,1499772000000.0,195100000000000.0,2.07178,68770000000000.0,-1.87605
1409,1.2256,26.589510000000004,5.602347000000001,3437.71,1720.69,377.0956,-237.2284,436.677,-678.85,31717640000000.0,27584740000000.0,2559242000000.0,0.4343728,1.265397e-06,2.549108e-07,-9.806807e-07,2.744719e-07,1.437829e-06,-2.215478e-06,-1.762847e-06,2.996117e-06,25950800000000.0,2299649000000.0,0.3933867,1.1921e-06,2.352809e-07,-9.285847e-07,2.535907e-07,1.349264e-06,-2.091811e-06,-1.665377e-06,2.81704e-06,16723850000000.0,1291009000000.0,0.2503759,8.42997e-07,1.51783e-07,-6.707271e-07,1.643189e-07,9.381091e-07,-1.493165e-06,-1.191529e-06,1.97521e-06,852644200000.0,112600000000000.0,1.168739,22390000000000.0,-0.938322
1411,1.228,26.24271,4.970115999999996,3456.897,1704.206,335.1687,219.5058,394.897,-376.5272,28353650000000.0,18646130000000.0,1403000000000.0,0.3846887,5.761934e-07,-6.274723e-07,-1.187263e-06,-6.143848e-07,-8.52989e-08,-1.751838e-06,-1.544852e-06,6.192386e-07,17300530000000.0,1249625000000.0,0.3475231,5.35267e-07,-5.689544e-07,-1.088924e-06,-5.56845e-07,-6.545706e-08,-1.613382e-06,-1.421088e-06,5.88943e-07,12398710000000.0,718773000000.0,0.2272982,3.850015e-07,-3.741163e-07,-7.479483e-07,-3.655458e-07,-1.243856e-08,-1.125133e-06,-9.867927e-07,4.579853e-07,636765300000.0,136300000000000.0,1.006484,23340000000000.0,-0.851351
1413,1.231,26.1909,5.025891000000004,3463.64,1703.639,339.4592,-536.8766,220.5488,-742.796,81312500000000.0,71316640000000.0,8292994000000.0,0.5944567,7.457996e-06,4.130056e-06,-3.14235e-06,4.164785e-06,1.094586e-05,-1.038414e-05,-7.718762e-06,2.011642e-05,68337100000000.0,7750586000000.0,0.5431304,7.239027e-06,3.939741e-06,-3.118026e-06,3.972435e-06,1.055205e-05,-1.014703e-05,-7.55963e-06,1.945144e-05,54688900000000.0,5546933000000.0,0.3707662,6.100634e-06,3.056911e-06,-2.886139e-06,3.080022e-06,8.614691e-06,-8.809119e-06,-6.627368e-06,1.610626e-05,1640996000000.0,429500000000000.0,2.63022,192200000000000.0,-2.321
1414,1.23,26.37081,4.965462999999995,3456.317,1713.537,335.1675,-420.2565,143.3902,-450.0756,31237070000000.0,29410900000000.0,2785595000000.0,0.4430011,1.385817e-06,1.123469e-06,-2.328246e-07,1.139088e-06,2.413776e-06,-1.579817e-06,-1.086311e-06,4.126728e-06,28353650000000.0,2578736000000.0,0.4046864,1.329833e-06,1.05663e-06,-2.447254e-07,1.071493e-06,2.294387e-06,-1.537274e-06,-1.063675e-06,3.937895e-06,21433440000000.0,1751284000000.0,0.2714007,1.075768e-06,7.842859e-07,-2.67907e-07,7.958357e-07,1.783974e-06,-1.313422e-06,-9.301827e-07,3.112585e-06,861151300000.0,343700000000000.0,1.457179,85210000000000.0,-1.25136
1417,1.228,26.47945,5.014806999999994,3449.346,1718.236,338.1509,-130.2087,344.3734,-774.4801,59686840000000.0,46903660000000.0,4851457000000.0,0.5159761,3.391141e-06,1.799778e-07,-3.119783e-06,2.268448e-07,3.324212e-06,-6.429042e-06,-5.213162e-06,7.480874e-06,42866870000000.0,4346040000000.0,0.4644134,3.1838e-06,1.653619e-07,-2.932115e-06,2.088969e-07,3.115792e-06,-6.038938e-06,-4.897284e-06,7.01743e-06,29314790000000.0,2555371000000.0,0.3030483,2.286543e-06,1.085398e-07,-2.114316e-06,1.382817e-07,2.222427e-06,-4.34528e-06,-3.524975e-06,5.021686e-06,1264992000000.0,268400000000000.0,1.910885,87260000000000.0,-1.646
1419,1.2355,27.13758,6.203521,3436.452,1761.367,419.7394,-4.036961,212.3481,-123.6967,32967120000000.0,29122560000000.0,2566907000000.0,0.4399909,1.352332e-06,-2.486261e-07,-1.563514e-06,-2.251026e-07,1.013305e-06,-2.883236e-06,-2.399077e-06,2.66981e-06,26719710000000.0,2284616000000.0,0.3955744,1.270649e-06,-2.286368e-07,-1.463968e-06,-2.066749e-07,9.566241e-07,-2.703971e-06,-2.249012e-06,2.512842e-06,16916080000000.0,1293919000000.0,0.2515593,9.095897e-07,-1.490088e-07,-1.032856e-06,-1.337669e-07,6.979315e-07,-1.920488e-06,-1.594659e-06,1.811156e-06,901925700000.0,206000000000000.0,1.399788,49060000000000.0,-1.15236
1423,1.231,25.97543,6.847435999999996,3459.029,1685.246,462.0438,197.7778,70.34283,-79.51243,55169470000000.0,54688900000000.0,5376330000000.0,0.5439282,3.887631e-06,-1.172909e-06,-4.93443e-06,-1.111951e-06,2.416191e-06,-8.732801e-06,-7.334479e-06,7.145951e-06,53631650000000.0,5122016000000.0,0.5015269,3.800135e-06,-1.128065e-06,-4.804576e-06,-1.068853e-06,2.379081e-06,-8.517446e-06,-7.150478e-06,7.001787e-06,46999780000000.0,3998031000000.0,0.3557073,3.364389e-06,-9.297443e-07,-4.18318e-06,-8.789224e-07,2.170216e-06,-7.47025e-06,-6.259525e-06,6.260267e-06,1313627000000.0,258300000000000.0,1.957615,86030000000000.0,-1.71369
1424,1.231,25.00602,5.071291000000006,3497.908,1631.548,342.5201,-25.64949,193.6825,-108.5051,28738110000000.0,27104170000000.0,2366636000000.0,0.430167,1.073695e-06,-1.358739e-07,-1.180815e-06,-1.170609e-07,8.677272e-07,-2.228255e-06,-1.844219e-06,2.184654e-06,26046910000000.0,2191025000000.0,0.3940391,1.034116e-06,-1.285387e-07,-1.134886e-06,-1.10497e-07,8.378184e-07,-2.14371e-06,-1.773807e-06,2.106071e-06,18646130000000.0,1442278000000.0,0.2629993,8.239678e-07,-9.37862e-08,-8.953077e-07,-7.974321e-08,6.751322e-07,-1.699109e-06,-1.404274e-06,1.685108e-06,821527300000.0,207300000000000.0,1.218905,42990000000000.0,-1.036588
1425,1.2345,25.09022,5.520133000000005,3500.171,1638.871,373.5138,84.48204,87.25018,-265.4897,28545880000000.0,15762710000000.0,1241715000000.0,0.3595576,6.390437e-07,-1.527262e-07,-7.747037e-07,-1.408603e-07,4.458255e-07,-1.398471e-06,-1.169847e-06,1.229654e-06,12879280000000.0,970184100000.0,0.3143121,5.378306e-07,-1.269842e-07,-6.504242e-07,-1.170253e-07,3.766787e-07,-1.175396e-06,-9.829737e-07,1.036317e-06,6920213000000.0,346080500000.0,0.1858591,2.568116e-07,-5.731782e-08,-3.071879e-07,-5.263383e-08,1.829502e-07,-5.57855e-07,-4.659527e-07,4.978051e-07,619947200000.0,55930000000000.0,0.997294,9490000000000.0,-0.7414
1426,1.2365,25.68884,4.878327000000002,3490.33,1678.945,330.57,-474.3952,362.4785,-356.2007,29122560000000.0,25374110000000.0,2073121000000.0,0.4202014,9.503593e-07,7.689343e-07,-1.61861e-07,7.813032e-07,1.657562e-06,-1.086535e-06,-7.480173e-07,2.833231e-06,22779030000000.0,1816077000000.0,0.375495,8.830233e-07,6.983658e-07,-1.663684e-07,7.097704e-07,1.523725e-06,-1.025497e-06,-7.109469e-07,2.615912e-06,14224880000000.0,995102800000.0,0.2429796,6.106513e-07,4.434138e-07,-1.54285e-07,4.51052e-07,1.013329e-06,-7.483411e-07,-5.307603e-07,1.768127e-06,815777800000.0,81920000000000.0,1.036764,14450000000000.0,-0.825462
1428,1.2365,26.57185,4.960330999999996,3463.513,1732.271,336.1032,-400.0671,90.69214,-384.3454,45077500000000.0,43251330000000.0,4309423000000.0,0.5011932,2.821659e-06,1.706843e-06,-1.047735e-06,1.732646e-06,4.313688e-06,-3.789141e-06,-2.78276e-06,7.789692e-06,42482420000000.0,4093017000000.0,0.4670219,2.7502e-06,1.638019e-06,-1.046536e-06,1.662919e-06,4.178025e-06,-3.718487e-06,-2.737521e-06,7.565547e-06,33639920000000.0,2958239000000.0,0.3153783,2.34015e-06,1.282305e-06,-1.000699e-06,1.302258e-06,3.439557e-06,-3.274139e-06,-2.439073e-06,6.319784e-06,1121507000000.0,413100000000000.0,1.915101,134600000000000.0,-1.67112
1430,1.237,26.77275,7.003783999999998,3445.155,1738.217,474.0621,-97.54147,341.7918,-118.4007,55938390000000.0,41329050000000.0,4319942000000.0,0.4932883,3.033859e-06,-2.838156e-07,-3.230537e-06,-2.371176e-07,2.531592e-06,-6.190598e-06,-5.103151e-06,6.24233e-06,39214540000000.0,3919624000000.0,0.4529851,2.87526e-06,-2.647865e-07,-3.057177e-06,-2.20825e-07,2.4025e-06,-5.862479e-06,-4.831789e-06,5.91876e-06,26046910000000.0,2222332000000.0,0.293402,2.005185e-06,-1.694583e-07,-2.115653e-06,-1.400325e-07,1.686761e-06,-4.071979e-06,-3.352806e-06,4.136918e-06,1163826000000.0,253900000000000.0,1.829263,79020000000000.0,-1.559
1431,1.244,26.75941,5.146449000000002,3471.153,1750.32,350.1255,-243.8224,50.21053,-324.3999,34408840000000.0,31909870000000.0,2909397000000.0,0.4525899,1.508227e-06,7.871321e-07,-6.857997e-07,8.070441e-07,2.192466e-06,-2.153022e-06,-1.615317e-06,4.051449e-06,30564270000000.0,2670090000000.0,0.4144474,1.448573e-06,7.433917e-07,-6.711621e-07,7.624e-07,2.092762e-06,-2.080341e-06,-1.563869e-06,3.878013e-06,20280070000000.0,1596587000000.0,0.2670308,1.112234e-06,5.217983e-07,-5.637835e-07,5.358743e-07,1.556172e-06,-1.645724e-06,-1.249018e-06,2.926001e-06,950595000000.0,190900000000000.0,1.345172,43690000000000.0,-1.12662
1433,1.2405,25.66524,6.6290980000000035,3488.317,1676.208,449.7831,300.2186,15.01406,73.93674,34697180000000.0,31333190000000.0,3120555000000.0,0.4489783,1.647965e-06,-1.043044e-06,-2.640577e-06,-1.010212e-06,4.951193e-07,-4.252647e-06,-3.660653e-06,2.505003e-06,30372040000000.0,2907566000000.0,0.4136771,1.596057e-06,-9.939504e-07,-2.541043e-06,-9.622764e-07,4.953693e-07,-4.102328e-06,-3.528944e-06,2.441742e-06,22202350000000.0,1900483000000.0,0.274512,1.297069e-06,-7.402407e-07,-1.996947e-06,-7.150922e-07,4.682069e-07,-3.265721e-06,-2.79957e-06,2.049001e-06,904589100000.0,254200000000000.0,1.421312,61470000000000.0,-1.21176
1436,1.2456,25.41448,6.569872000000001,3505.765,1665.745,447.0227,-21.94798,115.6142,-113.3078,43828010000000.0,27584740000000.0,3124311000000.0,0.430404,1.894777e-06,-6.712568e-08,-1.910262e-06,-3.643622e-08,1.698219e-06,-3.757858e-06,-3.079987e-06,4.020823e-06,24989660000000.0,2690846000000.0,0.3891927,1.72025e-06,-6.015101e-08,-1.733397e-06,-3.241564e-08,1.542185e-06,-3.410808e-06,-2.795336e-06,3.650647e-06,14897680000000.0,1231654000000.0,0.2420762,1.013408e-06,-3.315539e-08,-1.018479e-06,-1.723247e-08,9.094695e-07,-2.006639e-06,-1.64393e-06,2.150894e-06,869195000000.0,81160000000000.0,1.227523,16950000000000.0,-0.9649792
1437,1.2456,24.96547,5.875013000000004,3523.68,1640.534,399.9547,-79.84311,-67.8298,81.20023,40271790000000.0,39118420000000.0,3593809000000.0,0.4839391,2.005791e-06,3.809407e-07,-1.572044e-06,4.093554e-07,2.245176e-06,-3.525411e-06,-2.808659e-06,4.707324e-06,38157280000000.0,3367910000000.0,0.4472737,1.940684e-06,3.625765e-07,-1.52686e-06,3.89906e-07,2.165782e-06,-3.416818e-06,-2.72328e-06,4.54774e-06,27584740000000.0,2209763000000.0,0.2946353,1.555739e-06,2.67413e-07,-1.24655e-06,2.885896e-07,1.710617e-06,-2.761609e-06,-2.205404e-06,3.618894e-06,1074974000000.0,216500000000000.0,1.503749,55390000000000.0,-1.29393
1440,1.2466,25.47152,6.2708110000000055,3507.52,1670.862,426.9225,235.019,-110.6862,100.0839,42001850000000.0,30660390000000.0,3322895000000.0,0.4450559,1.867287e-06,-6.941916e-07,-2.506732e-06,-6.600406e-07,1.046778e-06,-4.330993e-06,-3.661258e-06,3.328578e-06,29122560000000.0,2989604000000.0,0.4071,1.765232e-06,-6.454512e-07,-2.358774e-06,-6.133277e-07,9.99856e-07,-4.083325e-06,-3.450144e-06,3.156684e-06,19991730000000.0,1655681000000.0,0.2645527,1.242461e-06,-4.177377e-07,-1.623071e-06,-3.957458e-07,7.383534e-07,-2.836868e-06,-2.391013e-06,2.25543e-06,908160600000.0,131500000000000.0,1.327047,29690000000000.0,-1.095
1444,1.2491,25.2594,5.7401270000000055,3522.186,1661.877,391.4841,-76.42888,-81.27231,-210.8121,90635560000000.0,88328830000000.0,9486571000000.0,0.6320031,8.544603e-06,1.27187e-06,-7.01218e-06,1.347262e-06,9.079904e-06,-1.53297e-05,-1.226423e-05,1.950608e-05,86214320000000.0,9005619000000.0,0.5817556,8.348754e-06,1.223933e-06,-6.869301e-06,1.296613e-06,8.849882e-06,-1.499614e-05,-1.200062e-05,1.903544e-05,66414820000000.0,6501122000000.0,0.3936714,7.098797e-06,9.603864e-07,-5.916395e-06,1.017198e-06,7.428807e-06,-1.282633e-05,-1.02777e-05,1.608106e-05,1926452000000.0,388600000000000.0,2.67261,176700000000000.0,-2.411
1446,1.2582,26.10502,5.802969000000005,3515.188,1722.455,397.8265,242.1915,447.4517,-334.0201,32774900000000.0,16435510000000.0,1322008000000.0,0.3626458,5.258484e-07,-6.588326e-07,-1.16955e-06,-6.465229e-07,-1.636489e-07,-1.685097e-06,-1.49608e-06,4.789908e-07,15666590000000.0,1188671000000.0,0.3315705,4.943429e-07,-6.084093e-07,-1.088486e-06,-5.968697e-07,-1.430066e-07,-1.573133e-06,-1.395435e-06,4.610651e-07,9899749000000.0,620601700000.0,0.207755,3.281215e-07,-3.668943e-07,-6.853927e-07,-3.593607e-07,-5.841178e-08,-1.007037e-06,-8.890643e-07,3.422979e-07,576393100000.0,81220000000000.0,0.8633349,11930000000000.0,-0.7389
1451,1.2669,26.98138,6.102288000000003,3503.363,1783.618,420.2898,77.1478,567.6038,-260.8333,43155220000000.0,37196140000000.0,4024098000000.0,0.4745272,2.433865e-06,-1.421259e-06,-3.780099e-06,-1.374064e-06,8.465442e-07,-6.162761e-06,-5.287178e-06,3.813278e-06,34889410000000.0,3616717000000.0,0.4281288,2.314849e-06,-1.324628e-06,-3.567834e-06,-1.28001e-06,8.314022e-07,-5.833939e-06,-5.001101e-06,3.65259e-06,24797430000000.0,2191804000000.0,0.2814469,1.77336e-06,-9.32395e-07,-2.649882e-06,-8.991578e-07,7.162333e-07,-4.385758e-06,-3.747484e-06,2.87585e-06,1038888000000.0,206200000000000.0,1.551214,54420000000000.0,-1.29294
1452,1.2654,26.46913,6.624715,3512.416,1748.864,455.7054,78.7653,379.2647,-17.11695,119181400000000.0,100727500000000.0,12311290000000.0,0.6561457,1.409368e-05,-3.300442e-06,-1.686778e-05,-3.140088e-06,9.502892e-06,-3.06423e-05,-2.554813e-05,2.652839e-05,97363550000000.0,11550600000000.0,0.6024688,1.371615e-05,-3.159033e-06,-1.636082e-05,-3.005227e-06,9.294292e-06,-2.976625e-05,-2.480783e-05,2.586006e-05,77275710000000.0,8261260000000.0,0.4115805,1.176117e-05,-2.503493e-06,-1.381421e-05,-2.38159e-06,8.143644e-06,-2.53084e-05,-2.10536e-05,2.2332e-05,2087075000000.0,433900000000000.0,3.276786,241900000000000.0,-2.90466
1454,1.269,26.00383,5.589493000000001,3539.922,1726.828,385.459,-7.902183,468.9218,-389.8363,61224660000000.0,54592790000000.0,5689264000000.0,0.5346791,4.356421e-06,-1.03256e-06,-5.251031e-06,-9.676509e-07,2.986978e-06,-9.507828e-06,-7.940569e-06,8.291985e-06,53343310000000.0,5431693000000.0,0.5000242,4.261575e-06,-9.956701e-07,-5.121891e-06,-9.325742e-07,2.935068e-06,-9.285964e-06,-7.752713e-06,8.123889e-06,43924130000000.0,3963939000000.0,0.3405478,3.633008e-06,-7.794481e-07,-4.294821e-06,-7.278861e-07,2.564373e-06,-7.844474e-06,-6.536729e-06,6.984059e-06,1313503000000.0,304400000000000.0,2.091152,108300000000000.0,-1.836
1455,1.2705,26.213350000000002,5.3588799999999965,3538.294,1742.081,369.953,234.2335,-140.1107,-159.4249,58437350000000.0,50748230000000.0,5503133000000.0,0.5206187,3.834597e-06,-8.295016e-07,-4.546109e-06,-7.698346e-07,2.718911e-06,-8.290374e-06,-6.913254e-06,7.395296e-06,47960920000000.0,5073489000000.0,0.4747542,3.683837e-06,-7.823103e-07,-4.352364e-06,-7.25441e-07,2.625163e-06,-7.949398e-06,-6.626282e-06,7.11695e-06,35081630000000.0,3334494000000.0,0.3168255,2.923622e-06,-5.696052e-07,-3.401179e-06,-5.263022e-07,2.128895e-06,-6.255825e-06,-5.205186e-06,5.690732e-06,1291542000000.0,259500000000000.0,1.893297,83590000000000.0,-1.63251
1457,1.2633,26.19367,5.6524910000000075,3523.257,1733.174,388.6267,215.3776,34.06949,-360.19,44500810000000.0,37965060000000.0,3960756000000.0,0.4779952,2.268781e-06,-8.020552e-07,-3.004262e-06,-7.613162e-07,1.311557e-06,-5.221176e-06,-4.407074e-06,4.083659e-06,35466090000000.0,3567741000000.0,0.4303744,2.153985e-06,-7.462534e-07,-2.836794e-06,-7.078148e-07,1.259647e-06,-4.941515e-06,-4.168535e-06,3.891082e-06,22490690000000.0,2060217000000.0,0.2742392,1.58075e-06,-4.996473e-07,-2.032962e-06,-4.723217e-07,9.695997e-07,-3.577487e-06,-3.009958e-06,2.899257e-06,1080485000000.0,245900000000000.0,1.556292,65110000000000.0,-1.329491
1460,1.2721,26.08079,5.178708000000001,3546.77,1736.07,357.8951,116.7671,276.0726,-45.31524,38253400000000.0,32102100000000.0,3169373000000.0,0.4478808,1.63367e-06,-8.263276e-07,-2.411873e-06,-7.946325e-07,6.997008e-07,-4.008839e-06,-3.422703e-06,2.6955e-06,29507020000000.0,2838924000000.0,0.4074468,1.536685e-06,-7.635412e-07,-2.254821e-06,-7.338691e-07,6.714422e-07,-3.756972e-06,-3.20559e-06,2.548526e-06,17204420000000.0,1423566000000.0,0.249191,1.011915e-06,-4.598877e-07,-1.441411e-06,-4.408586e-07,4.834355e-07,-2.430556e-06,-2.067313e-06,1.718669e-06,990991800000.0,96380000000000.0,1.193454,19570000000000.0,-0.965646
1461,1.2741,26.06677,5.561973,3548.347,1735.766,384.6685,-51.10267,53.89052,-706.2206,29507020000000.0,22010120000000.0,2229958000000.0,0.393516,1.11745e-06,2.445757e-07,-8.459704e-07,2.616262e-07,1.288263e-06,-1.935691e-06,-1.53622e-06,2.663646e-06,21241210000000.0,2081386000000.0,0.3685354,1.07137e-06,2.310652e-07,-8.144154e-07,2.473343e-07,1.231446e-06,-1.859177e-06,-1.476161e-06,2.549957e-06,16723850000000.0,1308799000000.0,0.2465071,8.116517e-07,1.605625e-07,-6.310418e-07,1.725178e-07,9.171811e-07,-1.422443e-06,-1.132191e-06,1.915349e-06,682093700000.0,208100000000000.0,1.284548,45480000000000.0,-1.05435
1462,1.2788,25.93618,5.265891999999994,3563.023,1732.892,365.1719,-384.623,450.5682,-167.5308,30179820000000.0,28353650000000.0,2584282000000.0,0.4281893,1.220572e-06,5.007135e-07,-6.915497e-07,5.183618e-07,1.640741e-06,-1.880495e-06,-1.444847e-06,3.145188e-06,26719710000000.0,2384302000000.0,0.3935219,1.171499e-06,4.723645e-07,-6.718597e-07,4.892142e-07,1.566255e-06,-1.812982e-06,-1.394829e-06,3.010044e-06,17781100000000.0,1436217000000.0,0.2535602,8.979911e-07,3.310152e-07,-5.456252e-07,3.435434e-07,1.168212e-06,-1.420249e-06,-1.099626e-06,2.274186e-06,859966200000.0,145500000000000.0,1.169061,28940000000000.0,-0.9689976
1463,1.2793,25.22159,5.326899000000002,3584.795,1688.527,369.4719,121.3809,342.0671,-24.01079,42194080000000.0,37003920000000.0,4043944000000.0,0.4739351,2.462826e-06,-1.154523e-06,-3.540107e-06,-1.109759e-06,1.133756e-06,-5.94844e-06,-5.063081e-06,4.134298e-06,34985520000000.0,3698225000000.0,0.4272309,2.360335e-06,-1.08331e-06,-3.369333e-06,-1.040703e-06,1.108809e-06,-5.677423e-06,-4.828821e-06,3.984e-06,26527480000000.0,2509882000000.0,0.287052,1.917042e-06,-8.061835e-07,-2.661837e-06,-7.726488e-07,9.708426e-07,-4.536379e-06,-3.846829e-06,3.304292e-06,1010207000000.0,355500000000000.0,1.74262,105400000000000.0,-1.49391
1464,1.2773,27.04595,6.195533999999996,3519.883,1797.027,429.0208,-225.6176,390.2378,-60.7832,37003920000000.0,32967120000000.0,3543945000000.0,0.4518253,2.073555e-06,1.213039e-07,-1.896067e-06,1.517177e-07,2.04761e-06,-3.917667e-06,-3.175469e-06,4.589644e-06,32198210000000.0,3318407000000.0,0.4185944,2.008608e-06,1.156838e-07,-1.838324e-06,1.449724e-07,1.981096e-06,-3.796588e-06,-3.077587e-06,4.443211e-06,26527480000000.0,2301850000000.0,0.286595,1.662557e-06,8.845196e-08,-1.528124e-06,1.119131e-07,1.629961e-06,-3.148942e-06,-2.553583e-06,3.666549e-06,899013500000.0,339100000000000.0,1.656343,95560000000000.0,-1.40085
1467,1.2757,26.02343,5.387001999999999,3554.085,1735.242,372.959,-51.62659,174.0559,-307.0142,146093400000000.0,127927800000000.0,15736140000000.0,0.70729,2.027279e-05,-1.796483e-08,-1.955986e-05,1.103324e-07,1.825455e-05,-3.931921e-05,-3.200499e-05,4.279163e-05,120527000000000.0,14514450000000.0,0.644987,1.951921e-05,-1.699173e-08,-1.882848e-05,1.023295e-07,1.756309e-05,-3.785312e-05,-3.080945e-05,4.118105e-05,89097740000000.0,9617533000000.0,0.4296662,1.575731e-05,-1.262901e-08,-1.518233e-05,6.651608e-08,1.41254e-05,-3.053952e-05,-2.48479e-05,3.316283e-05,2555998000000.0,357100000000000.0,3.685243,223900000000000.0,-3.19374
1468,1.2747,25.91213,4.893264999999998,3557.515,1728.367,338.6072,-272.178,602.8801,137.8191,63627510000000.0,58052900000000.0,6765871000000.0,0.5484628,5.125705e-06,-2.268958e-07,-5.199723e-06,-1.595505e-07,4.499664e-06,-1.020158e-05,-8.360857e-06,1.075808e-05,54496680000000.0,6216247000000.0,0.4952356,4.927442e-06,-2.138184e-07,-4.993568e-06,-1.497817e-07,4.327637e-06,-9.801867e-06,-8.032143e-06,1.034274e-05,39599000000000.0,4179276000000.0,0.32893,4.014876e-06,-1.603299e-07,-4.05218e-06,-1.107835e-07,3.531555e-06,-7.969687e-06,-6.52696e-06,8.428087e-06,1419974000000.0,274400000000000.0,2.062523,96290000000000.0,-1.76814
1469,1.2736,27.03999,6.116963000000003,3513.585,1793.351,422.758,-215.0253,544.3266,-23.51731,44116360000000.0,32294330000000.0,3282140000000.0,0.4475416,2.032123e-06,-2.235878e-07,-2.200373e-06,-1.900655e-07,1.670106e-06,-4.184151e-06,-3.456079e-06,4.160385e-06,29410900000000.0,2878983000000.0,0.405465,1.884453e-06,-2.037419e-07,-2.036672e-06,-1.728505e-07,1.551703e-06,-3.876264e-06,-3.201047e-06,3.860672e-06,16531620000000.0,1286738000000.0,0.2451436,1.120746e-06,-1.116687e-07,-1.201157e-06,-9.388519e-08,9.304342e-07,-2.295146e-06,-1.893409e-06,2.302619e-06,1041169000000.0,84560000000000.0,1.308147,18820000000000.0,-1.025
1470,1.2872,25.00061,5.509956000000005,3605.44,1681.291,383.7531,168.0061,156.3941,-132.7847,74872860000000.0,61513000000000.0,7123882000000.0,0.5515276,5.930946e-06,-1.675758e-06,-7.410383e-06,-1.585975e-06,3.788244e-06,-1.320564e-05,-1.10709e-05,1.099706e-05,57187870000000.0,6489910000000.0,0.5018999,5.658254e-06,-1.568525e-06,-7.038671e-06,-1.483734e-06,3.641536e-06,-1.256744e-05,-1.053058e-05,1.05175e-05,41425160000000.0,4034853000000.0,0.3318472,4.356459e-06,-1.11031e-06,-5.318923e-06,-1.048238e-06,2.890994e-06,-9.575554e-06,-8.006307e-06,8.179805e-06,1489845000000.0,263000000000000.0,2.239308,100200000000000.0,-1.908
1471,1.2845,26.08349,5.021821000000005,3571.062,1748.17,349.3809,-85.08909,252.1247,111.0811,83907580000000.0,79390220000000.0,9337845000000.0,0.6190484,8.708756e-06,-4.376586e-07,-8.857145e-06,-3.457604e-07,7.512883e-06,-1.735058e-05,-1.421678e-05,1.809705e-05,78044620000000.0,8777473000000.0,0.5605862,8.477294e-06,-4.183089e-07,-8.612829e-06,-3.301103e-07,7.316959e-06,-1.688047e-05,-1.382956e-05,1.761775e-05,65165340000000.0,6561259000000.0,0.385517,7.360891e-06,-3.370086e-07,-7.44765e-06,-2.654038e-07,6.363898e-06,-1.462629e-05,-1.197559e-05,1.529992e-05,1702126000000.0,394400000000000.0,2.719743,182500000000000.0,-2.404
1473,1.2835,26.959,7.136001000000003,3528.086,1794.471,495.5485,386.5984,543.5767,-70.59482,37196140000000.0,36715570000000.0,3585100000000.0,0.4873492,1.788225e-06,-2.291842e-06,-4.01989e-06,-2.248924e-06,-6.18507e-07,-5.776498e-06,-5.130773e-06,1.551703e-06,35850550000000.0,3279353000000.0,0.4296078,1.715592e-06,-2.146184e-06,-3.803828e-06,-2.105198e-06,-5.414419e-07,-5.489039e-06,-4.869499e-06,1.540277e-06,27873080000000.0,2316576000000.0,0.2915126,1.431001e-06,-1.655011e-06,-3.037044e-06,-1.621394e-06,-3.183495e-07,-4.442575e-06,-3.925671e-06,1.417026e-06,992422000000.0,149500000000000.0,1.274992,32430000000000.0,-1.10286
1475,1.2835,27.14698,4.862274,3537.243,1813.76,338.154,15.41684,581.0381,-98.43919,38253400000000.0,34120490000000.0,3535293000000.0,0.4548472,1.89636e-06,-1.069793e-06,-2.908885e-06,-1.033075e-06,6.98872e-07,-4.764686e-06,-4.082993e-06,3.012571e-06,32678780000000.0,3311251000000.0,0.4221871,1.834548e-06,-1.019504e-06,-2.798495e-06,-9.841272e-07,6.910374e-07,-4.593781e-06,-3.934271e-06,2.929065e-06,23644060000000.0,2121448000000.0,0.2758774,1.436331e-06,-7.292042e-07,-2.121254e-06,-7.022519e-07,6.07613e-07,-3.526733e-06,-3.010179e-06,2.358542e-06,961856700000.0,221900000000000.0,1.443581,54500000000000.0,-1.224718
1476,1.2856,26.06236,5.0822110000000045,3573.595,1747.776,353.7913,-322.2578,420.5403,-249.5856,61416890000000.0,51228800000000.0,6040731000000.0,0.5199442,4.375016e-06,8.881002e-07,-3.369518e-06,9.410034e-07,4.933555e-06,-7.630863e-06,-6.065117e-06,1.029903e-05,43155220000000.0,5157397000000.0,0.4572116,4.064606e-06,8.071314e-07,-3.147744e-06,8.556341e-07,4.563461e-06,-7.106679e-06,-5.651835e-06,9.547118e-06,26815820000000.0,2666315000000.0,0.287537,2.857208e-06,5.238553e-07,-2.254386e-06,5.561445e-07,3.158525e-06,-5.037148e-06,-4.013934e-06,6.658632e-06,1391374000000.0,206100000000000.0,1.864527,65380000000000.0,-1.54056
1477,1.2799,27.08756,5.2388879999999975,3530.108,1805.48,363.5591,224.1017,267.3416,-502.5253,49883200000000.0,45654180000000.0,5034954000000.0,0.502128,3.274705e-06,-1.526762e-06,-4.697305e-06,-1.468299e-06,1.511117e-06,-7.901681e-06,-6.722919e-06,5.497574e-06,43924130000000.0,4682577000000.0,0.4595048,3.174663e-06,-1.456701e-06,-4.53006e-06,-1.400337e-06,1.487359e-06,-7.6365e-06,-6.493663e-06,5.351489e-06,31525410000000.0,3101208000000.0,0.3037801,2.577426e-06,-1.084094e-06,-3.577726e-06,-1.039853e-06,1.301224e-06,-6.099579e-06,-5.171312e-06,4.435818e-06,1180161000000.0,257900000000000.0,1.761692,77300000000000.0,-1.50678
1478,1.2809,26.84474,7.060547999999997,3526.905,1785.026,489.5952,209.6776,775.6629,292.326,41521280000000.0,41329050000000.0,4057819000000.0,0.489922,2.347878e-06,-2.520344e-06,-4.787766e-06,-2.467196e-06,-3.316187e-07,-7.094801e-06,-6.245811e-06,2.514959e-06,40656250000000.0,3844905000000.0,0.4492271,2.288561e-06,-2.413274e-06,-4.623165e-06,-2.361675e-06,-2.805401e-07,-6.871848e-06,-6.044265e-06,2.493729e-06,33255470000000.0,2880368000000.0,0.310342,1.972497e-06,-1.923287e-06,-3.82697e-06,-1.879686e-06,-8.800188e-08,-5.764855e-06,-5.051374e-06,2.301513e-06,1064636000000.0,200200000000000.0,1.490251,50760000000000.0,-1.30732
1479,1.2814,27.02809,5.228761000000005,3534.223,1802.959,363.0828,-165.036,315.3766,-473.2995,42290190000000.0,28257540000000.0,2890619000000.0,0.4264908,1.658342e-06,1.680044e-07,-1.447772e-06,1.933965e-07,1.713613e-06,-3.064921e-06,-2.47172e-06,3.75047e-06,27873080000000.0,2687629000000.0,0.4028185,1.586887e-06,1.590043e-07,-1.387046e-06,1.832049e-07,1.637694e-06,-2.9345e-06,-2.366832e-06,3.586611e-06,17588870000000.0,1384115000000.0,0.252418,1.071687e-06,9.845673e-08,-9.45065e-07,1.142522e-07,1.095272e-06,-1.99004e-06,-1.606524e-06,2.410467e-06,857616200000.0,145800000000000.0,1.372252,34040000000000.0,-1.133
1480,1.2819,26.06252,5.173310000000006,3565.451,1743.805,359.347,-3.399108,119.7747,-263.5485,43828010000000.0,25854680000000.0,2784277000000.0,0.4161244,1.675361e-06,-9.54181e-08,-1.725508e-06,-6.76945e-08,1.466997e-06,-3.359559e-06,-2.76014e-06,3.521188e-06,23163490000000.0,2403949000000.0,0.3752706,1.524333e-06,-8.524206e-08,-1.568234e-06,-6.017435e-08,1.335826e-06,-3.054972e-06,-2.509541e-06,3.204579e-06,15089910000000.0,1190794000000.0,0.2404244,9.460368e-07,-4.898445e-08,-9.689376e-07,-3.386712e-08,8.315594e-07,-1.891621e-06,-1.552978e-06,1.99062e-06,816490900000.0,102100000000000.0,1.255543,21810000000000.0,-1.012973
1482,1.284,25.21402,5.908164999999998,3590.48,1690.625,410.6862,26.67303,174.2237,-195.7251,48345380000000.0,28641990000000.0,2923997000000.0,0.4291072,1.736021e-06,-3.167503e-07,-2.004909e-06,-2.86459e-07,1.303667e-06,-3.699083e-06,-3.077598e-06,3.430502e-06,26623600000000.0,2627665000000.0,0.3885763,1.635938e-06,-2.923568e-07,-1.883028e-06,-2.639808e-07,1.234103e-06,-3.479522e-06,-2.893814e-06,3.238043e-06,18261670000000.0,1558998000000.0,0.2568795,1.186737e-06,-1.935204e-07,-1.346852e-06,-1.73526e-07,9.119198e-07,-2.504948e-06,-2.079884e-06,2.364639e-06,863842500000.0,169900000000000.0,1.319092,38130000000000.0,-1.16127
1483,1.2908,25.72782,6.432569,3584.897,1727.439,448.6505,248.0575,233.7079,-176.5176,28449760000000.0,26431370000000.0,2325311000000.0,0.4161414,1.064681e-06,-8.282211e-07,-1.861103e-06,-8.05783e-07,1.68755e-07,-2.903033e-06,-2.520689e-06,1.468483e-06,25085770000000.0,2128451000000.0,0.3797726,1.016507e-06,-7.759736e-07,-1.762034e-06,-7.546356e-07,1.75618e-07,-2.756809e-06,-2.391741e-06,1.416392e-06,16531620000000.0,1260438000000.0,0.2437542,7.63749e-07,-5.328565e-07,-1.273396e-06,-5.171582e-07,1.810472e-07,-2.020784e-06,-1.746396e-06,1.11274e-06,814614800000.0,210800000000000.0,1.230175,44120000000000.0,-1.03653
1484,1.294,27.00989,6.903006999999998,3547.707,1808.418,482.0912,69.05679,661.0178,353.8095,49210400000000.0,47576460000000.0,5105517000000.0,0.505154,3.169707e-06,-2.252485e-06,-5.318328e-06,-2.189163e-06,6.949125e-07,-8.425715e-06,-7.282502e-06,4.54728e-06,46134750000000.0,4806086000000.0,0.4653549,3.088456e-06,-2.161901e-06,-5.148865e-06,-2.100463e-06,7.090839e-07,-8.176542e-06,-7.062571e-06,4.46223e-06,36138890000000.0,3373255000000.0,0.3159967,2.611669e-06,-1.69315e-06,-4.217653e-06,-1.642438e-06,7.305612e-07,-6.777686e-06,-5.835372e-06,3.902109e-06,1192742000000.0,226800000000000.0,1.659885,64050000000000.0,-1.43946
1485,1.2929,25.98538,5.938611999999995,3584.266,1747.031,414.7701,-41.64113,209.1049,-388.4908,60263520000000.0,43539670000000.0,5063344000000.0,0.4912647,3.992339e-06,-9.16157e-08,-3.970133e-06,-3.387402e-08,3.607669e-06,-7.863982e-06,-6.433152e-06,8.492187e-06,37003920000000.0,4206847000000.0,0.4324424,3.702024e-06,-8.320455e-08,-3.679161e-06,-3.019094e-08,3.345379e-06,-7.289819e-06,-5.962876e-06,7.87381e-06,18453900000000.0,1645302000000.0,0.252446,2.363382e-06,-4.851648e-08,-2.342605e-06,-1.628272e-08,2.135155e-06,-4.647553e-06,-3.79994e-06,5.023404e-06,1294434000000.0,110300000000000.0,1.633265,30650000000000.0,-1.304557
1486,1.2903,26.25482,5.140945999999999,3575.882,1763.804,358.7224,-219.0765,-34.19081,-369.6475,76795140000000.0,30756500000000.0,2822358000000.0,0.4377749,1.725634e-06,9.093434e-07,-7.757359e-07,9.309462e-07,2.514871e-06,-2.454079e-06,-1.83882e-06,4.641542e-06,28545880000000.0,2479776000000.0,0.3967923,1.593231e-06,8.240222e-07,-7.315975e-07,8.438036e-07,2.305828e-06,-2.281152e-06,-1.713051e-06,4.269037e-06,17300530000000.0,1256806000000.0,0.2489651,1.0255e-06,4.864375e-07,-5.143177e-07,4.986434e-07,1.438506e-06,-1.511662e-06,-1.145841e-06,2.701223e-06,943609500000.0,133900000000000.0,1.40466,32000000000000.0,-1.28304
1487,1.2934,26.02473,5.936005000000004,3584.442,1750.165,414.746,63.68766,-152.4525,-191.3019,32967120000000.0,23547950000000.0,2435557000000.0,0.4032983,1.42836e-06,9.987686e-08,-1.291422e-06,1.23007e-07,1.433314e-06,-2.68365e-06,-2.173227e-06,3.187427e-06,21529550000000.0,2074808000000.0,0.3605153,1.325871e-06,9.102191e-08,-1.200326e-06,1.123682e-07,1.328384e-06,-2.492652e-06,-2.018815e-06,2.956427e-06,12398710000000.0,966503800000.0,0.2212155,8.480897e-07,5.356099e-08,-7.720664e-07,6.682186e-08,8.437801e-07,-1.598682e-06,-1.295472e-06,1.884499e-06,778259600000.0,134500000000000.0,1.234957,28260000000000.0,-0.968121
1490,1.2887,25.820420000000002,5.884350999999994,3582.143,1733.251,410.1361,265.9391,489.2244,-315.4112,50556000000000.0,36042770000000.0,3674080000000.0,0.4656616,2.128195e-06,-1.828423e-06,-3.888029e-06,-1.78329e-06,1.570424e-07,-5.974443e-06,-5.207504e-06,2.745662e-06,34408840000000.0,3401027000000.0,0.4247757,2.037935e-06,-1.71407e-06,-3.686075e-06,-1.671081e-06,1.864354e-07,-5.683956e-06,-4.949486e-06,2.664861e-06,25278000000000.0,2250371000000.0,0.2807835,1.590736e-06,-1.213112e-06,-2.751422e-06,-1.180463e-06,2.674004e-07,-4.310739e-06,-3.737203e-06,2.200386e-06,1001989000000.0,239700000000000.0,1.52421,62160000000000.0,-1.358
1491,1.2887,26.95536,7.074420000000002,3538.938,1799.707,492.7231,-6.807899,551.0004,57.81247,39310650000000.0,24412970000000.0,2080663000000.0,0.4095604,1.121948e-06,-7.379655e-07,-1.827838e-06,-7.150452e-07,3.13157e-07,-2.925669e-06,-2.522922e-06,1.685097e-06,22490690000000.0,1855013000000.0,0.3668899,1.049e-06,-6.724555e-07,-1.691331e-06,-6.511461e-07,3.099231e-07,-2.717756e-06,-2.341166e-06,1.592441e-06,16723850000000.0,1168400000000.0,0.2469925,7.936566e-07,-4.650929e-07,-1.235578e-06,-4.493186e-07,2.770125e-07,-2.01209e-06,-1.72708e-06,1.246722e-06,752651900000.0,192600000000000.0,1.257616,41210000000000.0,-1.107
1499,1.3003,25.94912,5.295557999999994,3603.664,1753.664,371.4706,38.70707,550.6335,-111.0658,30083700000000.0,26527480000000.0,2619592000000.0,0.4173087,1.297953e-06,-8.079803e-07,-2.067688e-06,-7.820356e-07,4.054008e-07,-3.337853e-06,-2.871585e-06,1.990628e-06,25566340000000.0,2418646000000.0,0.3813336,1.250919e-06,-7.648609e-07,-1.978807e-06,-7.399605e-07,4.042076e-07,-3.202925e-06,-2.753527e-06,1.931804e-06,19511160000000.0,1627613000000.0,0.259866,1.014933e-06,-5.701449e-07,-1.554615e-06,-5.50376e-07,3.769572e-07,-2.547729e-06,-2.182996e-06,1.615605e-06,782030200000.0,254000000000000.0,1.335424,57710000000000.0,-1.12959
1502,1.3051,25.77401,5.764529000000006,3615.199,1745.633,405.2759,-20.96789,0.9486125,-270.8688,41136820000000.0,33159350000000.0,3420527000000.0,0.4662028,1.868125e-06,1.8887e-07,-1.630271e-06,2.177049e-07,1.929548e-06,-3.450812e-06,-2.783071e-06,4.222848e-06,31717640000000.0,3004258000000.0,0.4136289,1.748668e-06,1.724026e-07,-1.530199e-06,1.991733e-07,1.801068e-06,-3.234315e-06,-2.609205e-06,3.947354e-06,17300530000000.0,1426351000000.0,0.2470107,1.197458e-06,1.068849e-07,-1.058381e-06,1.245502e-07,1.220036e-06,-2.225301e-06,-1.79703e-06,2.688663e-06,1003402000000.0,91660000000000.0,1.215795,18960000000000.0,-0.9942
1515,1.3168,26.80235,4.863433000000002,3610.953,1824.209,344.2278,8.920193,496.9499,-131.5243,47192010000000.0,42578530000000.0,4440746000000.0,0.4837542,2.839043e-06,-1.114548e-06,-3.865678e-06,-1.065035e-06,1.520833e-06,-6.641574e-06,-5.620932e-06,4.981458e-06,40656250000000.0,4105082000000.0,0.4422895,2.735441e-06,-1.0538e-06,-3.704223e-06,-1.006403e-06,1.484414e-06,-6.378788e-06,-5.395302e-06,4.818227e-06,28738110000000.0,2671878000000.0,0.2908096,2.18674e-06,-7.690689e-07,-2.886522e-06,-7.32505e-07,1.255763e-06,-5.024469e-06,-4.237875e-06,3.918614e-06,1125776000000.0,373300000000000.0,1.848468,117400000000000.0,-1.603264
1518,1.3184,25.11668,5.221705999999996,3664.424,1717.843,369.8605,451.1646,305.4647,-52.09503,68048760000000.0,58533470000000.0,6457175000000.0,0.5375984,5.131739e-06,-3.799369e-06,-8.740708e-06,-3.698894e-06,9.383492e-07,-1.377521e-05,-1.191853e-05,7.137967e-06,54688900000000.0,5923905000000.0,0.4885911,4.906693e-06,-3.560035e-06,-8.283911e-06,-3.464758e-06,9.674215e-07,-1.309756e-05,-1.132208e-05,6.893878e-06,38637850000000.0,3813973000000.0,0.3204891,3.807339e-06,-2.52014e-06,-6.182677e-06,-2.449279e-06,9.832967e-07,-9.917562e-06,-8.538969e-06,5.576966e-06,1441094000000.0,336700000000000.0,2.271099,130100000000000.0,-1.964708
1519,1.3206,25.06977,7.186839999999997,3655.692,1710.099,508.9115,626.6915,446.3218,302.1086,33063240000000.0,28545880000000.0,2847812000000.0,0.4216476,1.427431e-06,-2.616229e-06,-3.993076e-06,-2.577198e-06,-1.276197e-06,-5.399529e-06,-4.882338e-06,4.509439e-07,26431370000000.0,2576256000000.0,0.382904,1.355713e-06,-2.437908e-06,-3.745416e-06,-2.40097e-06,-1.165651e-06,-5.081157e-06,-4.589927e-06,4.744608e-07,17877220000000.0,1527952000000.0,0.2483784,1.004448e-06,-1.651232e-06,-2.619369e-06,-1.624367e-06,-7.103007e-07,-3.60886e-06,-3.244805e-06,5.039233e-07,863798300000.0,196500000000000.0,1.305341,43640000000000.0,-1.084564
1522,1.3292,25.13152,6.598200999999995,3674.65,1723.797,469.4996,303.7543,-96.7544,292.0306,34120490000000.0,28065310000000.0,2719001000000.0,0.41939,1.413239e-06,-8.438885e-07,-2.214618e-06,-8.159814e-07,4.756556e-07,-3.597116e-06,-3.08949e-06,2.200422e-06,26239140000000.0,2475783000000.0,0.3817645,1.341547e-06,-7.847275e-07,-2.085777e-06,-7.583797e-07,4.674157e-07,-3.398127e-06,-2.916211e-06,2.104445e-06,17877220000000.0,1486226000000.0,0.2465826,9.915479e-07,-5.262118e-07,-1.487281e-06,-5.072848e-07,3.975039e-07,-2.457197e-06,-2.100851e-06,1.606528e-06,840275300000.0,212800000000000.0,1.364172,49390000000000.0,-1.14048
1524,1.3281,24.81248,5.119287000000004,3691.724,1706.792,364.3663,319.0074,198.9895,55.52723,41713500000000.0,39118420000000.0,3974989000000.0,0.4717427,2.376446e-06,-1.65218e-06,-3.950025e-06,-1.605139e-06,5.567643e-07,-6.277191e-06,-5.42123e-06,3.444704e-06,38253400000000.0,3738568000000.0,0.434288,2.311629e-06,-1.581469e-06,-3.81644e-06,-1.53592e-06,5.665654e-07,-6.080118e-06,-5.24744e-06,3.375398e-06,28257540000000.0,2591374000000.0,0.2887626,1.903917e-06,-1.188993e-06,-3.028734e-06,-1.152556e-06,5.767747e-07,-4.893082e-06,-4.206945e-06,2.88845e-06,1040550000000.0,446400000000000.0,1.810424,137500000000000.0,-1.58499
1526,1.3254,24.84328,7.19168,3671.984,1700.062,510.5873,176.4033,341.2487,179.0726,90923910000000.0,75449540000000.0,8655604000000.0,0.5819883,7.943284e-06,-3.145059e-06,-1.080471e-05,-3.021926e-06,4.147556e-06,-1.857733e-05,-1.570971e-05,1.376521e-05,71124410000000.0,7931013000000.0,0.5328238,7.6077e-06,-2.961351e-06,-1.029627e-05,-2.844608e-06,4.019441e-06,-1.774045e-05,-1.499361e-05,1.322884e-05,43828010000000.0,4550444000000.0,0.3333024,5.459041e-06,-1.923554e-06,-7.18161e-06,-1.845343e-06,3.068232e-06,-1.252299e-05,-1.055023e-05,9.667601e-06,1786645000000.0,318500000000000.0,2.602025,141000000000000.0,-2.24136
1528,1.3276,26.99796,5.972298,3618.43,1843.52,424.8417,-232.0231,534.1359,-64.0215,48249260000000.0,44789150000000.0,4687434000000.0,0.4883954,2.938586e-06,-1.528574e-07,-3.008761e-06,-1.089076e-07,2.573737e-06,-5.876278e-06,-4.822792e-06,6.170433e-06,41905730000000.0,4312192000000.0,0.4455277,2.829844e-06,-1.446199e-07,-2.89453e-06,-1.025931e-07,2.48011e-06,-5.655896e-06,-4.641312e-06,5.943188e-06,28257540000000.0,2669354000000.0,0.2878894,2.215311e-06,-1.036843e-07,-2.255097e-06,-7.206767e-08,1.946894e-06,-4.416653e-06,-3.622032e-06,4.655686e-06,1199901000000.0,244600000000000.0,1.695043,70540000000000.0,-1.44738
1529,1.3276,24.98456,6.877097000000002,3674.146,1712.077,488.8789,119.944,-283.4816,511.8486,30564270000000.0,28257540000000.0,2364812000000.0,0.4197143,1.110307e-06,-1.413055e-07,-1.222755e-06,-1.218439e-07,8.973131e-07,-2.306862e-06,-1.90937e-06,2.260224e-06,27296390000000.0,2170075000000.0,0.3879592,1.056804e-06,-1.322385e-07,-1.161481e-06,-1.137976e-07,8.560533e-07,-2.193329e-06,-1.814971e-06,2.153133e-06,15762710000000.0,1131997000000.0,0.2376157,7.233898e-07,-8.215882e-08,-7.862827e-07,-6.989574e-08,5.931381e-07,-1.492521e-06,-1.233441e-06,1.480338e-06,881635100000.0,191600000000000.0,1.262033,41140000000000.0,-1.05336
1532,1.3271,26.68904,5.854626000000001,3627.471,1823.559,416.3148,17.34209,720.2041,-44.31396,61416890000000.0,57572330000000.0,5817570000000.0,0.5323055,3.882181e-06,-2.109322e-06,-5.864796e-06,-2.038058e-06,1.490432e-06,-9.666987e-06,-8.267639e-06,6.210197e-06,55842270000000.0,5490562000000.0,0.4923522,3.779696e-06,-2.021648e-06,-5.677609e-06,-1.952611e-06,1.481945e-06,-9.379364e-06,-8.016868e-06,6.0765e-06,37003920000000.0,3419569000000.0,0.3148635,2.969957e-06,-1.458927e-06,-4.329869e-06,-1.406385e-06,1.288554e-06,-7.238317e-06,-6.167257e-06,4.895836e-06,1422612000000.0,198600000000000.0,1.751449,59180000000000.0,-1.57
1533,1.3271,24.94241,6.912934000000001,3673.77,1708.614,491.2328,514.3184,-1.348498,403.3498,53631650000000.0,49306520000000.0,5386026000000.0,0.5063883,3.711205e-06,-3.04036e-06,-6.621045e-06,-2.963125e-06,4.038158e-07,-1.026239e-05,-8.921424e-06,4.899149e-06,47672580000000.0,4967937000000.0,0.4648258,3.56402e-06,-2.873473e-06,-6.311745e-06,-2.799699e-06,4.328358e-07,-9.808624e-06,-8.520729e-06,4.749218e-06,34216610000000.0,3099868000000.0,0.306714,2.734935e-06,-2.03316e-06,-4.669899e-06,-1.978241e-06,4.986158e-07,-7.353103e-06,-6.364333e-06,3.808071e-06,1241538000000.0,198700000000000.0,1.82304,61630000000000.0,-1.50678
1536,1.3265,24.88996,6.886969000000004,3675.212,1705.194,489.3537,277.89,302.9839,639.2588,66799280000000.0,63435280000000.0,6832004000000.0,0.5521689,4.914604e-06,-3.368243e-06,-8.112455e-06,-3.272321e-06,1.18445e-06,-1.293238e-05,-1.115692e-05,7.141536e-06,60647980000000.0,6289576000000.0,0.5034519,4.715138e-06,-3.177933e-06,-7.729004e-06,-3.08647e-06,1.188157e-06,-1.235321e-05,-1.064967e-05,6.902493e-06,38157280000000.0,3657444000000.0,0.3178568,3.463241e-06,-2.144e-06,-5.484321e-06,-2.079174e-06,1.055316e-06,-8.880437e-06,-7.628552e-06,5.24846e-06,1578270000000.0,153000000000000.0,1.839735,47890000000000.0,-1.55727
1537,1.3244,24.82881,7.081747999999996,3670.442,1698.222,502.4319,353.4938,380.3877,443.7968,73911720000000.0,67375960000000.0,7377713000000.0,0.5672195,6.186998e-06,-4.3335e-06,-1.02887e-05,-4.216187e-06,1.367754e-06,-1.635967e-05,-1.411948e-05,8.837787e-06,63435280000000.0,6765174000000.0,0.5120373,5.934773e-06,-4.069088e-06,-9.780492e-06,-3.957587e-06,1.396479e-06,-1.560385e-05,-1.345469e-05,8.560278e-06,44885270000000.0,4441385000000.0,0.3356593,4.756873e-06,-2.976843e-06,-7.550848e-06,-2.891379e-06,1.391616e-06,-1.2218e-05,-1.049427e-05,7.127172e-06,1575924000000.0,505100000000000.0,2.605425,223900000000000.0,-2.29086
1540,1.3374,24.99117,6.4965000000000055,3695.26,1722.435,464.2603,139.7247,-74.21272,101.7182,147727300000000.0,80447470000000.0,10247240000000.0,0.5919445,1.53995e-05,-1.71378e-06,-1.658108e-05,-1.545883e-06,1.232514e-05,-3.160915e-05,-2.606058e-05,3.10049e-05,74680630000000.0,9094862000000.0,0.5377058,1.446838e-05,-1.583685e-06,-1.554959e-05,-1.428551e-06,1.159819e-05,-2.96689e-05,-2.445499e-05,2.914422e-05,48057030000000.0,4968893000000.0,0.3425832,9.49768e-06,-9.722427e-07,-1.013304e-05,-8.779186e-07,7.657414e-06,-1.940127e-05,-1.597624e-05,1.91631e-05,1860750000000.0,242400000000000.0,2.846671,117400000000000.0,-2.529998
1541,1.3352,25.54257,4.9351449999999994,3684.733,1760.89,352.6348,214.4311,195.7329,-75.44209,33832150000000.0,33255470000000.0,3280485000000.0,0.4481705,1.776983e-06,-9.59773e-07,-2.681208e-06,-9.262355e-07,6.938185e-07,-4.419121e-06,-3.780444e-06,2.859111e-06,32678780000000.0,3085537000000.0,0.4091907,1.724992e-06,-9.13994e-07,-2.584906e-06,-8.816011e-07,6.90698e-07,-4.27196e-06,-3.651921e-06,2.792372e-06,25854680000000.0,2274637000000.0,0.2792396,1.477407e-06,-7.213861e-07,-2.151845e-06,-6.942999e-07,6.509062e-07,-3.596724e-06,-3.065477e-06,2.449862e-06,905213800000.0,313500000000000.0,1.533994,81820000000000.0,-1.3266
1542,1.3336,25.06525,5.400269999999994,3693.445,1727.405,385.4503,475.5753,261.5513,112.3705,72470010000000.0,63050830000000.0,7245189000000.0,0.5463335,5.775826e-06,-4.517174e-06,-1.007957e-05,-4.400239e-06,8.23185e-07,-1.574737e-05,-1.365779e-05,7.802242e-06,61032430000000.0,6734170000000.0,0.5047642,5.585966e-06,-4.305876e-06,-9.684836e-06,-4.193397e-06,8.570077e-07,-1.516626e-05,-1.31452e-05,7.605659e-06,40752360000000.0,4028220000000.0,0.3241628,4.271979e-06,-3.025655e-06,-7.136389e-06,-2.942679e-06,9.131908e-07,-1.132815e-05,-9.781607e-06,6.069438e-06,1537179000000.0,214700000000000.0,2.061686,75310000000000.0,-1.766377
1543,1.3341,26.475200000000005,5.970998,3646.823,1816.269,426.1185,-4.706329,490.0564,-13.15996,32102100000000.0,29314790000000.0,2507858000000.0,0.4242226,1.316659e-06,-6.470972e-07,-1.92579e-06,-6.215475e-07,5.837499e-07,-3.213231e-06,-2.740771e-06,2.193466e-06,27776970000000.0,2248807000000.0,0.3893958,1.238727e-06,-5.991844e-07,-1.802086e-06,-5.752493e-07,5.584775e-07,-3.013311e-06,-2.568787e-06,2.072738e-06,13455970000000.0,970985000000.0,0.2249223,7.490824e-07,-3.313661e-07,-1.058392e-06,-3.172744e-07,3.674579e-07,-1.790798e-06,-1.521879e-06,1.282505e-06,953023900000.0,98710000000000.0,1.217087,20440000000000.0,-0.943569
1545,1.3336,25.65668,5.494872000000004,3674.486,1764.99,392.1445,315.4695,68.10667,-104.782,47864800000000.0,39118420000000.0,4324920000000.0,0.4656569,2.722936e-06,-1.545391e-06,-4.18166e-06,-1.493338e-06,9.873311e-07,-6.845787e-06,-5.866447e-06,4.302479e-06,36715570000000.0,3966684000000.0,0.4270978,2.613229e-06,-1.458411e-06,-3.988213e-06,-1.408717e-06,9.714388e-07,-6.544985e-06,-5.605024e-06,4.152593e-06,25566340000000.0,2372134000000.0,0.2773801,1.976428e-06,-1.009387e-06,-2.921619e-06,-9.729524e-07,8.247149e-07,-4.855282e-06,-4.144024e-06,3.228808e-06,1048374000000.0,203000000000000.0,1.581747,54630000000000.0,-1.3365
1549,1.3341,25.08142,5.456915999999998,3693.491,1728.698,389.5742,367.2915,180.3943,-332.482,34504950000000.0,33447700000000.0,2998666000000.0,0.4447479,1.445911e-06,-1.267126e-06,-2.668204e-06,-1.23593e-06,8.549598e-08,-4.084787e-06,-3.564592e-06,1.847461e-06,32294330000000.0,2796814000000.0,0.4093826,1.392297e-06,-1.20014e-06,-2.549152e-06,-1.170208e-06,1.019759e-07,-3.91319e-06,-3.412256e-06,1.79842e-06,21914010000000.0,1713246000000.0,0.2635251,1.044969e-06,-8.244523e-07,-1.836432e-06,-8.024692e-07,1.512704e-07,-2.86012e-06,-2.484022e-06,1.423684e-06,947238700000.0,142500000000000.0,1.22997,29820000000000.0,-1.04247
1550,1.3385,25.63985,6.077850000000001,3680.115,1766.364,434.6513,311.3306,-232.2576,37.30982,46615320000000.0,41617390000000.0,4337194000000.0,0.4780905,2.539107e-06,-9.087135e-07,-3.372089e-06,-8.634361e-07,1.454481e-06,-5.853266e-06,-4.941854e-06,4.554824e-06,39599000000000.0,3968245000000.0,0.4376592,2.425058e-06,-8.532448e-07,-3.205741e-06,-8.102366e-07,1.40305e-06,-5.575454e-06,-4.70491e-06,4.363742e-06,26431370000000.0,2257775000000.0,0.2801122,1.772266e-06,-5.72716e-07,-2.291026e-06,-5.422343e-07,1.07319e-06,-4.022779e-06,-3.386289e-06,3.23533e-06,1124502000000.0,148200000000000.0,1.467026,36990000000000.0,-1.21968
1551,1.3368,25.60572,4.973953000000003,3685.209,1766.109,355.655,314.9237,-212.027,-139.8227,29699250000000.0,23740170000000.0,2502914000000.0,0.3984202,1.187098e-06,-5.295374e-07,-1.682965e-06,-5.067693e-07,5.80639e-07,-2.843105e-06,-2.417494e-06,2.033056e-06,21048980000000.0,2219206000000.0,0.353916,1.114917e-06,-4.853868e-07,-1.568552e-06,-4.641288e-07,5.568791e-07,-2.658137e-06,-2.258369e-06,1.920767e-06,17012190000000.0,1444885000000.0,0.2419801,8.63448e-07,-3.46532e-07,-1.185033e-06,-3.30422e-07,4.595128e-07,-2.028828e-06,-1.719126e-06,1.515177e-06,717428100000.0,197800000000000.0,1.20316,40490000000000.0,-1.00683
1552,1.3347,26.36097,6.013506000000003,3650.886,1809.217,429.2271,-12.95691,439.294,-292.2501,41713500000000.0,39214540000000.0,3991154000000.0,0.4689169,2.282626e-06,-6.660023e-07,-2.881391e-06,-6.270203e-07,1.45633e-06,-5.11172e-06,-4.292297e-06,4.244757e-06,38541740000000.0,3759151000000.0,0.4358065,2.218544e-06,-6.379429e-07,-2.790953e-06,-6.002327e-07,1.424231e-06,-4.958646e-06,-4.162178e-06,4.134069e-06,27008050000000.0,2439010000000.0,0.2826347,1.762662e-06,-4.626013e-07,-2.172195e-06,-4.336234e-07,1.172651e-06,-3.894347e-06,-3.261262e-06,3.323966e-06,1049773000000.0,375800000000000.0,1.709485,109300000000000.0,-1.48995
1555,1.3341,25.64257,5.338286999999994,3677.237,1765.197,381.1439,251.0936,161.0635,-2.610029,32871010000000.0,22971260000000.0,2276805000000.0,0.3906662,1.238191e-06,-9.237498e-07,-2.124976e-06,-8.977191e-07,2.357188e-07,-3.336387e-06,-2.891892e-06,1.747398e-06,21529550000000.0,2032255000000.0,0.3584215,1.168154e-06,-8.577164e-07,-1.990909e-06,-8.33247e-07,2.358845e-07,-3.133792e-06,-2.714413e-06,1.661911e-06,12302600000000.0,958950100000.0,0.217638,7.461116e-07,-5.014036e-07,-1.224848e-06,-4.861233e-07,1.959828e-07,-1.954797e-06,-1.686831e-06,1.106231e-06,755754600000.0,135700000000000.0,1.164263,26880000000000.0,-0.946737
1559,1.3445,24.88461,5.215530999999994,3720.01,1725.557,374.3168,40.75953,313.0129,23.61574,35562200000000.0,25950800000000.0,2339314000000.0,0.4076744,1.137463e-06,-5.060461e-07,-1.611609e-06,-4.839505e-07,5.588363e-07,-2.722953e-06,-2.315397e-06,1.951245e-06,25278000000000.0,2128796000000.0,0.3762033,1.086067e-06,-4.761154e-07,-1.531653e-06,-4.550889e-07,5.404235e-07,-2.592776e-06,-2.203615e-06,1.869798e-06,10860890000000.0,822824700000.0,0.2084837,6.450491e-07,-2.534761e-07,-8.800549e-07,-2.413318e-07,3.491773e-07,-1.510265e-06,-1.279027e-06,1.138162e-06,871687300000.0,72750000000000.0,1.014749,12560000000000.0,-0.8243
1560,1.339,25.60206,6.076850000000004,3682.229,1764.391,434.6914,-138.839,-36.16409,81.46932,42866870000000.0,42001850000000.0,3669421000000.0,0.4793707,2.210461e-06,5.614516e-07,-1.591252e-06,5.907704e-07,2.612955e-06,-3.74301e-06,-2.95331e-06,5.32716e-06,41232930000000.0,3411354000000.0,0.4412747,2.135225e-06,5.336301e-07,-1.545623e-06,5.617628e-07,2.514708e-06,-3.624138e-06,-2.861257e-06,5.136218e-06,29218680000000.0,2129944000000.0,0.2903011,1.684222e-06,3.852105e-07,-1.254021e-06,4.065194e-07,1.945038e-06,-2.89349e-06,-2.291464e-06,4.011367e-06,1104229000000.0,152900000000000.0,1.519187,39520000000000.0,-1.27314
1562,1.3429,25.01237,5.225897000000003,3713.577,1732.645,374.8049,161.6867,75.30993,10.5519,49402630000000.0,34312720000000.0,4267304000000.0,0.4457028,2.744056e-06,-8.493081e-07,-3.508941e-06,-8.027357e-07,1.697043e-06,-6.189482e-06,-5.204143e-06,5.04354e-06,30372040000000.0,3657221000000.0,0.3982154,2.494499e-06,-7.60877e-07,-3.178387e-06,-7.187998e-07,1.553079e-06,-5.615139e-06,-4.71933e-06,4.594812e-06,21241210000000.0,1931650000000.0,0.2606365,1.624628e-06,-4.638559e-07,-2.03758e-06,-4.372661e-07,1.040626e-06,-3.624573e-06,-3.040889e-06,3.020345e-06,979628200000.0,137800000000000.0,1.554286,36440000000000.0,-1.235498
1564,1.3489,27.03838,6.2448490000000065,3653.975,1864.877,448.9075,-386.0899,430.3916,136.7063,31429300000000.0,25470230000000.0,2625609000000.0,0.4036208,1.311666e-06,4.240304e-07,-8.563787e-07,4.433823e-07,1.648675e-06,-2.134379e-06,-1.665992e-06,3.263967e-06,24124630000000.0,2385948000000.0,0.3684292,1.249153e-06,3.962308e-07,-8.230297e-07,4.145501e-07,1.56214e-06,-2.040099e-06,-1.594007e-06,3.100239e-06,16531620000000.0,1401813000000.0,0.2389937,9.461479e-07,2.754083e-07,-6.476364e-07,2.888697e-07,1.157122e-06,-1.569406e-06,-1.231416e-06,2.321357e-06,776587200000.0,237300000000000.0,1.293672,52230000000000.0,-1.087151
1565,1.3533,24.99591,5.721419000000001,3730.482,1739.228,412.3849,370.3219,159.1297,0.5220128,29218680000000.0,28161420000000.0,2815582000000.0,0.4146276,1.329974e-06,-1.259639e-06,-2.547753e-06,-1.230261e-06,-1.496111e-08,-3.850745e-06,-3.372293e-06,1.604784e-06,27488620000000.0,2593630000000.0,0.3835473,1.273585e-06,-1.188316e-06,-2.421723e-06,-1.160277e-06,3.29128e-09,-3.669461e-06,-3.211268e-06,1.554207e-06,16723850000000.0,1413887000000.0,0.239413,9.141065e-07,-7.840372e-07,-1.668898e-06,-7.643243e-07,6.991551e-08,-2.564413e-06,-2.23543e-06,1.182394e-06,858923400000.0,130800000000000.0,1.16474,25920000000000.0,-0.9261
1568,1.3533,25.37331,5.249631999999999,3721.38,1764.917,378.4277,191.9186,100.2427,36.68909,40464020000000.0,21241210000000.0,1929827000000.0,0.3776757,9.375731e-07,-5.621943e-07,-1.472861e-06,-5.43215e-07,3.161001e-07,-2.389279e-06,-2.053194e-06,1.462762e-06,19607270000000.0,1739887000000.0,0.3446765,8.759213e-07,-5.13883e-07,-1.364587e-06,-4.96235e-07,3.063928e-07,-2.220741e-06,-1.90673e-06,1.377518e-06,14993790000000.0,1071464000000.0,0.2316407,6.444084e-07,-3.463148e-07,-9.719212e-07,-3.335929e-07,2.563254e-07,-1.601775e-06,-1.370679e-06,1.043919e-06,659327100000.0,172800000000000.0,1.136409,33410000000000.0,-1.013
1570,1.3533,25.70385,5.738051000000002,3707.864,1784.782,413.4977,119.1892,-149.933,-312.5732,76987370000000.0,71124410000000.0,8326735000000.0,0.5645609,6.202472e-06,-9.70051e-08,-6.1137e-06,-1.635493e-08,5.621468e-06,-1.216183e-05,-9.936511e-06,1.319489e-05,66703160000000.0,7583683000000.0,0.515087,5.950055e-06,-9.176602e-08,-5.862992e-06,-1.503242e-08,5.391971e-06,-1.166495e-05,-9.530001e-06,1.265612e-05,31429300000000.0,3482752000000.0,0.2967332,3.750262e-06,-5.277683e-08,-3.687464e-06,-7.392437e-09,3.394122e-06,-7.344241e-06,-5.997671e-06,7.967688e-06,1788779000000.0,144300000000000.0,1.874486,46020000000000.0,-1.5939
1572,1.3478,26.33611,5.162586000000006,3681.587,1822.442,371.1495,-45.62043,358.3504,-29.82565,79486330000000.0,67856530000000.0,8170338000000.0,0.5575122,7.060353e-06,-1.033937e-06,-7.863838e-06,-9.417792e-07,5.448736e-06,-1.475606e-05,-1.221603e-05,1.403614e-05,62378030000000.0,7453382000000.0,0.5055384,6.738927e-06,-9.678217e-07,-7.485711e-06,-8.809897e-07,5.216158e-06,-1.40641e-05,-1.163936e-05,1.341076e-05,44596930000000.0,4681241000000.0,0.3322609,5.196648e-06,-6.844454e-07,-5.706599e-06,-6.217397e-07,4.070858e-06,-1.077925e-05,-8.908102e-06,1.038303e-05,1585129000000.0,335800000000000.0,2.460971,140600000000000.0,-2.114261
1574,1.3578,25.38538,5.940583000000002,3725.201,1767.69,429.0567,128.0609,-308.6514,-220.6398,29891470000000.0,27873080000000.0,2723301000000.0,0.4198095,1.24067e-06,1.203151e-07,-1.088707e-06,1.402951e-07,1.27896e-06,-2.298183e-06,-1.854794e-06,2.803378e-06,26623600000000.0,2513802000000.0,0.384278,1.188026e-06,1.131434e-07,-1.044479e-06,1.321796e-07,1.222312e-06,-2.202624e-06,-1.778022e-06,2.681879e-06,19415040000000.0,1564416000000.0,0.2510584,8.97723e-07,7.834561e-08,-7.96008e-07,9.234267e-08,9.152233e-07,-1.671115e-06,-1.350155e-06,2.017464e-06,810549100000.0,189900000000000.0,1.215142,39260000000000.0,-1.01871
1575,1.3617,25.48692,5.235180000000004,3733.652,1779.814,378.9816,144.3145,-225.5252,-126.3591,63435280000000.0,38926200000000.0,4821580000000.0,0.4606126,3.462109e-06,-1.213455e-07,-3.482374e-06,-7.231403e-08,3.081689e-06,-6.85863e-06,-5.617496e-06,7.313657e-06,36138890000000.0,4313292000000.0,0.4196215,3.233922e-06,-1.11555e-07,-3.25069e-06,-6.61404e-08,2.879147e-06,-6.404401e-06,-5.24495e-06,6.831548e-06,27104170000000.0,2575456000000.0,0.2806642,2.329765e-06,-7.452567e-08,-2.334686e-06,-4.318885e-08,2.075644e-06,-4.606608e-06,-3.77089e-06,4.920729e-06,1032712000000.0,252500000000000.0,1.857795,79810000000000.0,-1.6
1576,1.365,27.146920000000005,6.204890999999997,3680.202,1887.059,449.6494,-104.2884,-33.39785,-301.1153,82658100000000.0,64588650000000.0,7772738000000.0,0.5446082,6.43622e-06,1.207603e-06,-5.04364e-06,1.273047e-06,7.120525e-06,-1.130851e-05,-9.003031e-06,1.499376e-05,59206260000000.0,6990485000000.0,0.4928669,6.063519e-06,1.115569e-06,-4.772711e-06,1.176212e-06,6.682876e-06,-1.067476e-05,-8.502466e-06,1.409849e-05,37965060000000.0,3915513000000.0,0.3129545,4.263408e-06,7.181405e-07,-3.418683e-06,7.572712e-07,4.621506e-06,-7.56842e-06,-6.039913e-06,9.829705e-06,1564983000000.0,264000000000000.0,2.277579,102300000000000.0,-1.95921
1578,1.3578,25.04611,7.010446000000004,3727.601,1741.862,505.9583,-108.5069,-88.28609,217.5443,36811690000000.0,29891470000000.0,3117789000000.0,0.4225246,1.610386e-06,3.852828e-07,-1.183988e-06,4.085352e-07,1.884576e-06,-2.75221e-06,-2.177071e-06,3.863521e-06,28353650000000.0,2871503000000.0,0.3869347,1.542382e-06,3.621016e-07,-1.14076e-06,3.842273e-07,1.797618e-06,-2.642752e-06,-2.091856e-06,3.692751e-06,20087840000000.0,1824864000000.0,0.2548848,1.204665e-06,2.589706e-07,-9.142696e-07,2.756766e-07,1.378328e-06,-2.087365e-06,-1.656912e-06,2.857543e-06,853102700000.0,269600000000000.0,1.408799,64620000000000.0,-1.21473
1579,1.3583,25.08663,7.109131999999994,3726.371,1744.499,513.1542,-13.5939,-214.1505,153.185,44789150000000.0,41329050000000.0,4419805000000.0,0.4717073,2.713817e-06,4.031634e-07,-2.236647e-06,4.392888e-07,2.917426e-06,-4.880009e-06,-3.909176e-06,6.244076e-06,39983450000000.0,4133707000000.0,0.4364395,2.621401e-06,3.832557e-07,-2.166418e-06,4.179004e-07,2.811099e-06,-4.719754e-06,-3.781903e-06,6.024047e-06,30179820000000.0,2740446000000.0,0.2911082,2.0761e-06,2.788943e-07,-1.73929e-06,3.05178e-07,2.198024e-06,-3.76144e-06,-3.018317e-06,4.740692e-06,1080755000000.0,234900000000000.0,1.661198,66390000000000.0,-1.40382
1580,1.3639,25.34599,5.223422,3741.976,1772.5,378.5261,16.27226,-66.59499,-127.9215,30564270000000.0,23067380000000.0,2254406000000.0,0.3956451,9.977152e-07,6.706982e-08,-9.050196e-07,8.372596e-08,9.998177e-07,-1.877441e-06,-1.521069e-06,2.22557e-06,21337320000000.0,2000852000000.0,0.3540599,9.302773e-07,6.107741e-08,-8.452145e-07,7.651135e-08,9.304718e-07,-1.751906e-06,-1.419591e-06,2.073215e-06,13744310000000.0,1081295000000.0,0.2233121,6.394289e-07,3.836025e-08,-5.843182e-07,4.869102e-08,6.350573e-07,-1.207528e-06,-9.790228e-07,1.420069e-06,711628600000.0,139400000000000.0,1.090354,25860000000000.0,-0.90585
1581,1.3583,25.02747,7.136156000000005,3728.302,1740.713,515.1433,-107.0576,159.4272,-2.376732,28161420000000.0,24989660000000.0,2148612000000.0,0.4017539,9.590426e-07,7.471209e-08,-8.598416e-07,9.071643e-08,9.714813e-07,-1.79457e-06,-1.452033e-06,2.149956e-06,22682920000000.0,1856437000000.0,0.3586099,8.828608e-07,6.740157e-08,-7.928365e-07,8.205227e-08,8.926728e-07,-1.653312e-06,-1.337958e-06,1.977399e-06,9323064000000.0,711066900000.0,0.197135,4.646778e-07,3.216254e-08,-4.203824e-07,3.963805e-08,4.657779e-07,-8.732705e-07,-7.07216e-07,1.036315e-06,862393100000.0,155400000000000.0,1.169851,30930000000000.0,-0.946935
1583,1.3622,25.52673,4.844306999999999,3735.199,1783.738,350.8067,98.15481,40.14128,-122.3368,28834220000000.0,15858820000000.0,1113183000000.0,0.3471675,4.878811e-07,-1.550597e-07,-6.301645e-07,-1.455425e-07,3.031417e-07,-1.106353e-06,-9.319467e-07,9.020255e-07,14417110000000.0,949001500000.0,0.3080108,4.385495e-07,-1.362644e-07,-5.632931e-07,-1.277476e-07,2.754852e-07,-9.913306e-07,-8.345477e-07,8.137513e-07,8361924000000.0,436428900000.0,0.1908173,2.563316e-07,-7.260099e-08,-3.221051e-07,-6.772099e-08,1.67754e-07,-5.722892e-07,-4.806193e-07,4.822099e-07,572662000000.0,64770000000000.0,0.8569154,9443000000000.0,-0.6992
1584,1.3617,24.814410000000002,5.574713999999998,3752.478,1735.034,403.5178,12.73615,181.9347,58.97731,28738110000000.0,20376180000000.0,2098745000000.0,0.37153,9.149959e-07,-2.249384e-07,-1.114954e-06,-2.082409e-07,6.308325e-07,-2.007993e-06,-1.68055e-06,1.75225e-06,19703380000000.0,1963606000000.0,0.3462557,8.792384e-07,-2.127348e-07,-1.067911e-06,-1.967502e-07,6.09401e-07,-1.926049e-06,-1.611383e-06,1.686895e-06,15762710000000.0,1290523000000.0,0.2342746,6.877109e-07,-1.526704e-07,-8.213009e-07,-1.404398e-07,4.89512e-07,-1.492498e-06,-1.246292e-06,1.331847e-06,620047200000.0,306800000000000.0,1.220929,63730000000000.0,-1.05633
1587,1.3572,25.4363,6.179400999999995,3720.936,1769.72,446.1144,288.4706,-378.4966,-191.3241,38061170000000.0,32774900000000.0,3594031000000.0,0.436655,1.996222e-06,-3.093323e-07,-2.249409e-06,-2.765793e-07,1.548196e-06,-4.198251e-06,-3.482672e-06,3.991515e-06,31140960000000.0,3323828000000.0,0.399836,1.919064e-06,-2.92062e-07,-2.156957e-06,-2.607622e-07,1.49306e-06,-4.030449e-06,-3.342476e-06,3.841614e-06,22490690000000.0,2170672000000.0,0.2648017,1.532068e-06,-2.142942e-07,-1.702336e-06,-1.900687e-07,1.208374e-06,-3.197937e-06,-2.648483e-06,3.082003e-06,914091900000.0,464400000000000.0,1.670642,132000000000000.0,-1.45134
1588,1.3628,24.98811,5.353953000000005,3750.678,1748.023,387.8025,91.63238,354.6301,-24.69856,34408840000000.0,30852620000000.0,3080715000000.0,0.4269966,1.587185e-06,-7.932475e-07,-2.332984e-06,-7.629826e-07,6.873281e-07,-3.884782e-06,-3.314974e-06,2.625062e-06,29410900000000.0,2859879000000.0,0.3912252,1.527688e-06,-7.503031e-07,-2.23219e-06,-7.21306e-07,6.743462e-07,-3.725808e-06,-3.17732e-06,2.539222e-06,22971260000000.0,1930471000000.0,0.2655881,1.22881e-06,-5.560783e-07,-1.747513e-06,-5.332996e-07,5.881108e-07,-2.948877e-06,-2.507534e-06,2.087236e-06,856468600000.0,239700000000000.0,1.40602,57340000000000.0,-1.19196
1589,1.3645,25.06783,5.186508999999996,3752.11,1755.049,375.9941,-46.95596,107.0912,192.3717,28353650000000.0,25950800000000.0,2472610000000.0,0.4015559,1.094963e-06,-5.569373e-08,-1.121609e-06,-3.70881e-08,9.671531e-07,-2.189445e-06,-1.797923e-06,2.310681e-06,25085770000000.0,2310154000000.0,0.370564,1.057196e-06,-5.289977e-08,-1.081979e-06,-3.500909e-08,9.344335e-07,-2.112981e-06,-1.734941e-06,2.2315e-06,17781100000000.0,1485966000000.0,0.2432596,8.243877e-07,-3.779511e-08,-8.399329e-07,-2.418153e-08,7.310382e-07,-1.643881e-06,-1.348985e-06,1.741916e-06,769700700000.0,205200000000000.0,1.182686,41290000000000.0,-1.00683
1591,1.3712,25.08654,5.285342999999997,3763.366,1761.812,384.4077,-99.02731,3.820928,73.67913,28353650000000.0,12590940000000.0,846071700000.0,0.3297245,3.174567e-07,9.32436e-08,-2.167229e-07,9.87549e-08,3.913841e-07,-5.259413e-07,-4.127893e-07,7.825701e-07,12014260000000.0,710328800000.0,0.2910133,2.84867e-07,8.170698e-08,-1.964165e-07,8.662935e-08,3.491667e-07,-4.738903e-07,-3.723471e-07,7.001557e-07,6824099000000.0,309583300000.0,0.1765158,1.745152e-07,4.559003e-08,-1.247376e-07,4.854657e-08,2.092526e-07,-2.947222e-07,-2.324962e-07,4.241782e-07,493187200000.0,58480000000000.0,0.7756092,7717000000000.0,-0.6407
1593,1.3684,27.15873,4.803195999999998,3694.692,1895.45,348.9307,226.0317,133.2325,-259.8656,61128550000000.0,49883200000000.0,5282764000000.0,0.5012228,3.703528e-06,-1.433165e-06,-5.017237e-06,-1.37066e-06,1.99456e-06,-8.638077e-06,-7.305678e-06,6.501103e-06,48825950000000.0,4970952000000.0,0.4635433,3.593074e-06,-1.367245e-06,-4.84406e-06,-1.306984e-06,1.957048e-06,-8.356888e-06,-7.064111e-06,6.328564e-06,36811690000000.0,3402773000000.0,0.3107648,2.95534e-06,-1.030252e-06,-3.88825e-06,-9.824789e-07,1.698347e-06,-6.777482e-06,-5.713613e-06,5.291034e-06,1215155000000.0,263800000000000.0,1.882711,84500000000000.0,-1.665
1598,1.3802,24.95199,5.359972000000001,3783.582,1760.455,391.5321,-113.1517,13.31111,-174.5804,48537600000000.0,48057030000000.0,4772096000000.0,0.4948867,2.987497e-06,5.851713e-07,-2.320924e-06,6.227241e-07,3.349212e-06,-5.229708e-06,-4.161173e-06,7.0116e-06,47192010000000.0,4498687000000.0,0.4547435,2.910752e-06,5.61021e-07,-2.27017e-06,5.973479e-07,3.253224e-06,-5.104222e-06,-4.063054e-06,6.821096e-06,34697180000000.0,3114711000000.0,0.3026124,2.440497e-06,4.324428e-07,-1.940122e-06,4.616191e-07,2.685622e-06,-4.316273e-06,-3.442907e-06,5.674943e-06,1184125000000.0,323900000000000.0,1.807383,99600000000000.0,-1.59192
1599,1.3797,25.18251,5.395620999999995,3775.236,1775.084,394.0229,-260.3671,-185.6809,-333.963,32102100000000.0,30275930000000.0,3024031000000.0,0.4291938,1.484081e-06,1.138544e-06,-3.128586e-07,1.155151e-06,2.518959e-06,-1.754735e-06,-1.22638e-06,4.351858e-06,29314790000000.0,2798589000000.0,0.3916605,1.425817e-06,1.073869e-06,-3.204186e-07,1.089698e-06,2.399673e-06,-1.705673e-06,-1.198025e-06,4.160385e-06,19895610000000.0,1769514000000.0,0.2525197,1.096382e-06,7.532512e-07,-3.183255e-07,7.648857e-07,1.770966e-06,-1.383463e-06,-9.929511e-07,3.123902e-06,861955800000.0,217800000000000.0,1.334205,49440000000000.0,-1.12464
1600,1.3785,25.35041,5.063353999999996,3769.696,1785.986,369.596,28.63276,-260.361,-63.1426,32582670000000.0,25854680000000.0,2716402000000.0,0.4012954,1.313545e-06,3.013345e-07,-9.795045e-07,3.217629e-07,1.528074e-06,-2.258977e-06,-1.790082e-06,3.143643e-06,24220740000000.0,2493900000000.0,0.3686658,1.260124e-06,2.845164e-07,-9.441451e-07,3.040261e-07,1.461082e-06,-2.171577e-06,-1.721726e-06,3.010798e-06,16627730000000.0,1442665000000.0,0.2366278,9.372281e-07,1.943848e-07,-7.190656e-07,2.085108e-07,1.06823e-06,-1.631959e-06,-1.29726e-06,2.220197e-06,779518700000.0,122700000000000.0,1.095528,22870000000000.0,-0.9116225
1604,1.3831,27.02062,5.354921999999995,3722.899,1898.6,391.7218,-261.3001,-54.76719,-285.8985,36811690000000.0,32198210000000.0,3333029000000.0,0.4326738,1.74252e-06,1.082388e-06,-6.199801e-07,1.10326e-06,2.703179e-06,-2.313861e-06,-1.692995e-06,4.852178e-06,30756500000000.0,3080282000000.0,0.3955199,1.674994e-06,1.020991e-06,-6.152513e-07,1.040904e-06,2.578481e-06,-2.243478e-06,-1.646628e-06,4.643936e-06,22779030000000.0,2006134000000.0,0.2663,1.341135e-06,7.524028e-07,-5.571096e-07,7.67761e-07,1.997549e-06,-1.860755e-06,-1.382692e-06,3.650292e-06,901871900000.0,167000000000000.0,1.301876,36990000000000.0,-1.101216
1606,1.3848,26.6678,6.304173000000002,3730.73,1873.735,461.2137,112.9071,186.6018,132.1784,62474140000000.0,61128550000000.0,6823771000000.0,0.5359054,5.056714e-06,-1.450709e-06,-6.342296e-06,-1.37264e-06,3.213875e-06,-1.1283e-05,-9.463734e-06,9.364038e-06,59879060000000.0,6404895000000.0,0.4910748,4.933126e-06,-1.39445e-06,-6.166031e-06,-1.318772e-06,3.154609e-06,-1.098596e-05,-9.211009e-06,9.153678e-06,47672580000000.0,4502298000000.0,0.3354479,4.227603e-06,-1.111566e-06,-5.19862e-06,-1.04895e-06,2.779857e-06,-9.329128e-06,-7.807323e-06,7.917328e-06,1395565000000.0,228200000000000.0,1.966763,76360000000000.0,-1.7028
1607,1.3859,26.98624,6.3928659999999935,3722.216,1895.437,468.0023,45.38596,-307.7093,-158.6939,58629580000000.0,53439420000000.0,5411553000000.0,0.5133767,4.022326e-06,6.851424e-07,-3.22191e-06,7.288419e-07,4.385853e-06,-7.138395e-06,-5.69749e-06,9.306661e-06,51805480000000.0,5099968000000.0,0.46872,3.912087e-06,6.537153e-07,-3.145786e-06,6.957326e-07,4.251454e-06,-6.954909e-06,-5.553344e-06,9.03658e-06,40560140000000.0,3736511000000.0,0.3177743,3.33494e-06,5.104454e-07,-2.726474e-06,5.441547e-07,3.570689e-06,-5.97354e-06,-4.778088e-06,7.646311e-06,1267049000000.0,409100000000000.0,2.169448,151000000000000.0,-1.93157
1610,1.3882,26.77948,6.386354999999999,3732.947,1883.969,468.0126,-165.8294,-16.02563,68.93166,102169300000000.0,84099810000000.0,10026040000000.0,0.5885185,9.203684e-06,1.594931e-06,-7.331542e-06,1.674432e-06,1.000726e-05,-1.628815e-05,-1.298778e-05,2.124397e-05,81696960000000.0,9412183000000.0,0.5457393,8.909844e-06,1.521885e-06,-7.118538e-06,1.597733e-06,9.662112e-06,-1.578916e-05,-1.25938e-05,2.053821e-05,59206260000000.0,6081810000000.0,0.3602316,6.977861e-06,1.096507e-06,-5.665061e-06,1.150336e-06,7.454009e-06,-1.24554e-05,-9.95112e-06,1.596244e-05,1821602000000.0,267100000000000.0,2.515209,114300000000000.0,-2.23542
1614,1.3853,26.98951,4.900886000000005,3730.901,1900.129,359.009,-30.04965,45.28848,-666.0538,45750300000000.0,43635790000000.0,4384464000000.0,0.4759288,2.720248e-06,3.026755e-07,-2.344296e-06,3.393304e-07,2.82397e-06,-4.996488e-06,-4.022229e-06,6.159085e-06,42097960000000.0,4144936000000.0,0.4435633,2.642777e-06,2.898605e-07,-2.281481e-06,3.252451e-07,2.738603e-06,-4.858103e-06,-3.911531e-06,5.978325e-06,32774900000000.0,2837420000000.0,0.2961101,2.151645e-06,2.17151e-07,-1.875097e-06,2.447957e-07,2.207006e-06,-3.972716e-06,-3.201733e-06,4.842572e-06,1112276000000.0,263500000000000.0,1.720683,77140000000000.0,-1.4751
1615,1.3916,26.74596,6.447937999999995,3739.959,1884.764,473.3117,-381.446,103.7219,-252.3091,29507020000000.0,29026450000000.0,2459710000000.0,0.416048,1.150507e-06,8.977634e-07,-2.277884e-07,9.11731e-07,1.970383e-06,-1.345967e-06,-9.364234e-07,3.391914e-06,27680850000000.0,2241946000000.0,0.3791532,1.093641e-06,8.377413e-07,-2.320778e-07,8.509252e-07,1.857036e-06,-1.294976e-06,-9.056491e-07,3.208135e-06,17300530000000.0,1291000000000.0,0.2420354,7.922529e-07,5.553276e-07,-2.19291e-07,5.64522e-07,1.292548e-06,-9.892319e-07,-7.070954e-07,2.270664e-06,902432300000.0,145700000000000.0,1.203763,29840000000000.0,-0.985644
1617,1.391,25.22499,7.1206489999999985,3781.778,1781.584,522.2285,-105.7723,-171.4801,158.3973,29795360000000.0,29026450000000.0,2706155000000.0,0.4128504,1.223078e-06,4.400835e-07,-7.530362e-07,4.577148e-07,1.580587e-06,-1.943579e-06,-1.507223e-06,3.085836e-06,28161420000000.0,2552066000000.0,0.3814817,1.187663e-06,4.204328e-07,-7.380606e-07,4.374733e-07,1.527654e-06,-1.894126e-06,-1.470381e-06,2.989182e-06,22202350000000.0,1780912000000.0,0.259515,9.837822e-07,3.216128e-07,-6.376534e-07,3.353672e-07,1.237602e-06,-1.595245e-06,-1.244131e-06,2.447625e-06,810418400000.0,264300000000000.0,1.265146,56890000000000.0,-1.10583
1619,1.391,25.85781,6.1667380000000005,3769.293,1826.842,452.5746,105.7098,324.0883,-314.255,95825720000000.0,28545880000000.0,2559269000000.0,0.4119525,3.049066e-06,-1.306127e-06,-4.26593e-06,-1.248941e-06,1.538892e-06,-7.246623e-06,-6.152319e-06,5.264494e-06,27392510000000.0,2321613000000.0,0.3826932,2.793479e-06,-1.185214e-06,-3.896753e-06,-1.132979e-06,1.420814e-06,-6.627575e-06,-5.624955e-06,4.833852e-06,15762710000000.0,1093303000000.0,0.231359,1.529045e-06,-6.05241e-07,-2.088745e-06,-5.773403e-07,8.189857e-07,-3.583429e-06,-3.034432e-06,2.68599e-06,872647500000.0,116600000000000.0,1.357499,26930000000000.0,-1.25532
1621,1.3876,25.8559,6.138762999999994,3763.393,1823.827,449.7931,352.4099,337.4211,-284.7849,37965060000000.0,31044840000000.0,3114407000000.0,0.4230042,1.834005e-06,-1.605986e-06,-3.380055e-06,-1.566882e-06,1.043949e-07,-5.177934e-06,-4.516985e-06,2.333903e-06,29603130000000.0,2926171000000.0,0.3960354,1.779889e-06,-1.537794e-06,-3.259375e-06,-1.499979e-06,1.216813e-07,-5.004184e-06,-4.362701e-06,2.285171e-06,20856750000000.0,1823982000000.0,0.2555197,1.364875e-06,-1.066799e-06,-2.386099e-06,-1.038645e-06,2.030263e-07,-3.723962e-06,-3.231821e-06,1.860631e-06,880742200000.0,398300000000000.0,1.674894,113500000000000.0,-1.439
1622,1.3848,26.94144,6.3546600000000035,3721.611,1891.467,464.9217,224.9581,154.2832,54.48276,61705230000000.0,40079570000000.0,4448806000000.0,0.4641246,3.02902e-06,-1.478245e-06,-4.410445e-06,-1.422857e-06,1.334229e-06,-7.372829e-06,-6.283509e-06,5.021544e-06,37772830000000.0,4018110000000.0,0.4214175,2.85509e-06,-1.362524e-06,-4.125963e-06,-1.310729e-06,1.287154e-06,-6.918224e-06,-5.891326e-06,4.762072e-06,25662460000000.0,2387035000000.0,0.273422,2.131081e-06,-9.279443e-07,-2.989326e-06,-8.906497e-07,1.045514e-06,-5.073449e-06,-4.306535e-06,3.637041e-06,1065315000000.0,196400000000000.0,1.686375,56350000000000.0,-1.46025
1626,1.3859,26.94039,4.810732,3733.65,1897.499,352.4792,-73.42884,21.72641,-400.291,59302380000000.0,46999780000000.0,5071754000000.0,0.4874813,3.407595e-06,5.078238e-07,-2.806293e-06,5.514657e-07,3.66066e-06,-6.125754e-06,-4.906152e-06,7.836529e-06,44693040000000.0,4641764000000.0,0.4452331,3.247064e-06,4.75e-07,-2.682596e-06,5.161874e-07,3.478028e-06,-5.845653e-06,-4.683385e-06,7.456495e-06,30468160000000.0,2816925000000.0,0.2908932,2.441498e-06,3.278112e-07,-2.04493e-06,3.572669e-07,2.580972e-06,-4.423173e-06,-3.548788e-06,5.569852e-06,1227164000000.0,200000000000000.0,1.75741,59800000000000.0,-1.500332
1628,1.4008,25.10431,5.878331999999998,3813.362,1786.659,433.5717,81.01368,-163.103,-301.2948,55553930000000.0,48441490000000.0,5082670000000.0,0.4882041,3.467516e-06,1.546238e-07,-3.214306e-06,2.016447e-07,3.36267e-06,-6.594237e-06,-5.352028e-06,7.60588e-06,46423090000000.0,4753281000000.0,0.4525656,3.360248e-06,1.474847e-07,-3.116906e-06,1.927227e-07,3.255241e-06,-6.392261e-06,-5.188379e-06,7.366636e-06,32486550000000.0,3004167000000.0,0.2940025,2.693786e-06,1.082747e-07,-2.507101e-06,1.429258e-07,2.5945e-06,-5.132748e-06,-4.167141e-06,5.887749e-06,1209584000000.0,400900000000000.0,1.99977,136400000000000.0,-1.765
1629,1.3962,25.133340000000004,4.939056999999997,3809.284,1787.103,363.613,218.0522,-41.46101,-473.9333,54304450000000.0,30083700000000.0,3483320000000.0,0.4167621,2.448875e-06,-6.739736e-07,-3.052319e-06,-6.313781e-07,1.606635e-06,-5.444784e-06,-4.566237e-06,4.600954e-06,25854680000000.0,2899198000000.0,0.3697259,2.211994e-06,-6.002387e-07,-2.748336e-06,-5.619469e-07,1.459171e-06,-4.909354e-06,-4.115738e-06,4.16353e-06,15089910000000.0,1321241000000.0,0.2283062,1.310523e-06,-3.315722e-07,-1.603629e-06,-3.094859e-07,8.866146e-07,-2.883886e-06,-2.413527e-06,2.487817e-06,922968000000.0,193900000000000.0,1.509267,49790000000000.0,-1.29393
1630,1.4014,26.71514,6.629551,3757.164,1890.901,488.868,31.66131,130.5372,-61.48034,29987590000000.0,16147160000000.0,1566647000000.0,0.3385408,7.427963e-07,-1.68903e-07,-8.919399e-07,-1.550531e-07,5.271186e-07,-1.616777e-06,-1.351163e-06,1.438412e-06,14224880000000.0,1319494000000.0,0.3023602,6.634565e-07,-1.481559e-07,-7.939133e-07,-1.358384e-07,4.733535e-07,-1.441327e-06,-1.204067e-06,1.287223e-06,8265810000000.0,571163800000.0,0.1872287,3.68303e-07,-7.609794e-08,-4.344454e-07,-6.939765e-08,2.684826e-07,-7.938391e-07,-6.620864e-07,7.200606e-07,554816500000.0,103800000000000.0,0.9762066,17240000000000.0,-0.797841
1632,1.3979,26.20458,4.897091,3778.668,1859.711,360.8388,-199.3793,-114.6,-429.7281,34024380000000.0,19799500000000.0,1682890000000.0,0.3663536,9.171383e-07,7.065639e-07,-1.90919e-07,7.191958e-07,1.56457e-06,-1.083006e-06,-7.564672e-07,2.698055e-06,19318930000000.0,1546958000000.0,0.3379783,8.73734e-07,6.610462e-07,-1.938921e-07,6.730184e-07,1.478238e-06,-1.043748e-06,-7.326474e-07,2.557962e-06,13359860000000.0,913659000000.0,0.2186802,6.421385e-07,4.450578e-07,-1.829964e-07,4.536127e-07,1.044826e-06,-8.075449e-07,-5.788415e-07,1.837899e-06,623288200000.0,188400000000000.0,1.114378,35720000000000.0,-0.9807
1634,1.3996,26.34168,6.129447000000002,3769.493,1866.412,451.7055,-377.1882,-393.8205,-37.14421,30660390000000.0,26719710000000.0,2255142000000.0,0.4017564,1.123601e-06,1.478866e-06,3.760704e-07,1.489915e-06,2.526841e-06,-7.138392e-07,-3.150578e-07,3.921439e-06,24605200000000.0,1952925000000.0,0.3631708,1.047782e-06,1.354907e-06,3.266236e-07,1.365126e-06,2.331879e-06,-6.897249e-07,-3.178306e-07,3.632209e-06,9323064000000.0,640374100000.0,0.1943568,5.707446e-07,6.697967e-07,1.099847e-07,6.750833e-07,1.201031e-06,-4.435932e-07,-2.409408e-07,1.908812e-06,949351300000.0,70560000000000.0,1.033749,12410000000000.0,-0.800217
1635,1.3979,26.33096,6.121947000000002,3767.025,1864.313,450.8114,-26.81059,-59.49675,-244.975,29699250000000.0,24893540000000.0,2639511000000.0,0.3908426,1.334412e-06,2.348294e-07,-1.065297e-06,2.550541e-07,1.478584e-06,-2.365247e-06,-1.888563e-06,3.117977e-06,23547950000000.0,2427384000000.0,0.3585225,1.279732e-06,2.212655e-07,-1.025478e-06,2.405513e-07,1.413702e-06,-2.272155e-06,-1.81497e-06,2.985732e-06,18550010000000.0,1605935000000.0,0.2452861,1.030939e-06,1.646775e-07,-8.392736e-07,1.797882e-07,1.12393e-06,-1.843565e-06,-1.47513e-06,2.389629e-06,725397800000.0,308200000000000.0,1.381108,72420000000000.0,-1.1583
1636,1.4008,25.81614,6.204768999999998,3787.863,1832.441,457.4698,-423.3138,49.67129,-458.6199,78332960000000.0,57668440000000.0,6613290000000.0,0.5175527,5.38371e-06,3.066091e-06,-2.185531e-06,3.10248e-06,8.010905e-06,-7.41257e-06,-5.491251e-06,1.463594e-05,57091760000000.0,6208270000000.0,0.4818265,5.195028e-06,2.914214e-06,-2.152738e-06,2.948731e-06,7.683778e-06,-7.196529e-06,-5.342369e-06,1.407555e-05,45750300000000.0,4252957000000.0,0.33177,4.185585e-06,2.1676e-06,-1.912005e-06,2.192693e-06,6.001548e-06,-5.975503e-06,-4.480809e-06,1.114648e-05,1325797000000.0,230100000000000.0,2.106596,82470000000000.0,-1.834
1637,1.3991,26.1102,4.971672000000004,3783.978,1854.587,366.5799,-226.7784,340.7952,-554.9502,36619460000000.0,35369980000000.0,3194479000000.0,0.4415057,1.577331e-06,3.583716e-07,-1.180321e-06,3.815298e-07,1.829125e-06,-2.718045e-06,-2.154149e-06,3.769532e-06,34024380000000.0,2953722000000.0,0.4056588,1.512654e-06,3.380309e-07,-1.137424e-06,3.601155e-07,1.748057e-06,-2.612064e-06,-2.071261e-06,3.608661e-06,18261670000000.0,1584798000000.0,0.2435404,1.026005e-06,2.071932e-07,-7.929197e-07,2.215891e-07,1.161633e-06,-1.79302e-06,-1.426057e-06,2.422549e-06,1035987000000.0,158000000000000.0,1.285265,34550000000000.0,-1.09197
1638,1.3973,25.80618,6.117958999999996,3783.161,1829.355,450.4224,-196.4931,261.8091,54.45797,34408840000000.0,26911940000000.0,2761118000000.0,0.401096,1.395467e-06,1.813822e-07,-1.178084e-06,2.029719e-07,1.482531e-06,-2.537972e-06,-2.039296e-06,3.196577e-06,24893540000000.0,2481459000000.0,0.3652659,1.313797e-06,1.676358e-07,-1.112143e-06,1.878358e-07,1.392229e-06,-2.392435e-06,-1.922906e-06,3.005746e-06,15474360000000.0,1343722000000.0,0.2295907,8.938347e-07,1.038537e-07,-7.663709e-07,1.171238e-07,9.354803e-07,-1.637382e-06,-1.317797e-06,2.032428e-06,816239100000.0,197300000000000.0,1.309283,43950000000000.0,-1.09197
1639,1.4014,25.15092,4.854852000000004,3819.073,1793.125,358.3538,238.1374,-195.2702,-421.333,50363770000000.0,44116360000000.0,4812292000000.0,0.4775915,3.132031e-06,-5.361029e-07,-3.576715e-06,-4.863848e-07,2.370559e-06,-6.634873e-06,-5.511074e-06,6.198328e-06,41329050000000.0,4352710000000.0,0.4318949,2.994556e-06,-5.032249e-07,-3.410029e-06,-4.560294e-07,2.274756e-06,-6.33392e-06,-5.259349e-06,5.933927e-06,26239140000000.0,2491217000000.0,0.2742671,2.269919e-06,-3.498226e-07,-2.551876e-06,-3.153902e-07,1.751614e-06,-4.768103e-06,-3.95317e-06,4.523033e-06,1170407000000.0,214600000000000.0,1.684955,61520000000000.0,-1.41669
1641,1.4095,26.642020000000002,6.614111000000005,3774.22,1893.451,489.6191,-343.7113,-37.55447,116.5981,90731680000000.0,87752140000000.0,9537333000000.0,0.5921695,8.679154e-06,3.166086e-06,-5.270707e-06,3.221283e-06,1.109066e-05,-1.37026e-05,-1.059713e-05,2.172039e-05,85733750000000.0,9035338000000.0,0.549558,8.476244e-06,3.049938e-06,-5.188709e-06,3.102918e-06,1.078628e-05,-1.342343e-05,-1.039028e-05,2.116591e-05,63339170000000.0,6125695000000.0,0.3658766,7.061925e-06,2.347708e-06,-4.511412e-06,2.386856e-06,8.777244e-06,-1.137191e-05,-8.843268e-06,1.74164e-05,1855080000000.0,256300000000000.0,2.495067,108800000000000.0,-2.193
1642,1.4095,27.010060000000003,6.852822999999998,3759.876,1916.584,507.1731,-64.61288,-255.6285,78.09244,32294330000000.0,29795360000000.0,3046943000000.0,0.4239832,1.517232e-06,5.489653e-07,-9.306791e-07,5.697298e-07,1.96115e-06,-2.407297e-06,-1.865861e-06,3.827689e-06,27969190000000.0,2760607000000.0,0.377752,1.442334e-06,5.096835e-07,-8.967563e-07,5.292572e-07,1.851623e-06,-2.300474e-06,-1.785715e-06,3.62574e-06,22490690000000.0,1901806000000.0,0.2600075,1.17541e-06,3.843452e-07,-7.613391e-07,3.998118e-07,1.476384e-06,-1.905257e-06,-1.485611e-06,2.921355e-06,834270100000.0,264900000000000.0,1.382762,62320000000000.0,-1.17315
1644,1.4066,26.41191,6.35714,3777.893,1876.341,469.951,-246.4241,160.8465,46.31749,45846410000000.0,27873080000000.0,2622581000000.0,0.4062771,1.321749e-06,4.470103e-07,-8.42283e-07,4.660771e-07,1.679388e-06,-2.129012e-06,-1.657371e-06,3.305892e-06,26046910000000.0,2370963000000.0,0.3709309,1.241654e-06,4.121821e-07,-7.988711e-07,4.299803e-07,1.569516e-06,-2.007621e-06,-1.564526e-06,3.097265e-06,15378250000000.0,1201034000000.0,0.2283033,7.863223e-07,2.36612e-07,-5.299227e-07,2.474681e-07,9.682002e-07,-1.295386e-06,-1.014652e-06,1.934997e-06,844554300000.0,124600000000000.0,1.2043,25530000000000.0,-1.047
1647,1.4072,25.35319,5.425395000000003,3819.694,1809.901,401.4402,-71.92381,-249.8281,-41.39055,30468160000000.0,29218680000000.0,2666199000000.0,0.4213643,1.217056e-06,5.150301e-07,-6.725955e-07,5.320407e-07,1.649515e-06,-1.856917e-06,-1.422859e-06,3.148042e-06,28065310000000.0,2440918000000.0,0.3790733,1.160178e-06,4.797752e-07,-6.522302e-07,4.95871e-07,1.560856e-06,-1.781198e-06,-1.367388e-06,2.989147e-06,17877220000000.0,1507914000000.0,0.2408711,8.786103e-07,3.288906e-07,-5.279509e-07,3.406375e-07,1.146177e-06,-1.382906e-06,-1.069388e-06,2.227082e-06,850555600000.0,418300000000000.0,1.421983,101200000000000.0,-1.25037
1649,1.4095,25.103100000000005,4.836062999999997,3835.559,1796.96,358.3609,-11.84652,-366.925,-307.4376,34408840000000.0,31333190000000.0,3028879000000.0,0.4201282,1.459665e-06,6.545689e-07,-7.707144e-07,6.746529e-07,2.015658e-06,-2.191441e-06,-1.670773e-06,3.814243e-06,30564270000000.0,2844302000000.0,0.3942466,1.412282e-06,6.258475e-07,-7.530837e-07,6.452004e-07,1.942491e-06,-2.12768e-06,-1.623893e-06,3.682548e-06,16723850000000.0,1414479000000.0,0.2345038,9.531643e-07,3.83394e-07,-5.467517e-07,3.959694e-07,1.270417e-06,-1.474426e-06,-1.134276e-06,2.443934e-06,924329000000.0,133000000000000.0,1.196737,27080000000000.0,-0.9905819
1650,1.42,26.86717,7.08145,3781.21,1915.594,526.5714,-142.1275,-175.4988,-12.17637,51228800000000.0,49787090000000.0,4995848000000.0,0.490872,3.110719e-06,1.130558e-06,-1.900137e-06,1.166564e-06,4.00994e-06,-4.925779e-06,-3.814977e-06,7.831876e-06,48825950000000.0,4738988000000.0,0.4588022,3.04877e-06,1.096255e-06,-1.873909e-06,1.131363e-06,3.917714e-06,-4.83929e-06,-3.750552e-06,7.663231e-06,33255470000000.0,2930406000000.0,0.2947487,2.458626e-06,8.108433e-07,-1.583124e-06,8.378379e-07,3.08195e-06,-3.974462e-06,-3.09605e-06,6.10024e-06,1326826000000.0,147900000000000.0,1.552662,39070000000000.0,-1.32858
1651,1.4135,27.041,6.768437000000001,3766.372,1922.459,501.8726,-261.6909,-316.171,202.1755,32582670000000.0,31044840000000.0,2992194000000.0,0.4185294,1.497612e-06,1.171942e-06,-2.927598e-07,1.188546e-06,2.564772e-06,-1.747673e-06,-1.214539e-06,4.414511e-06,29795360000000.0,2851090000000.0,0.3939585,1.46158e-06,1.129679e-06,-2.996927e-07,1.145798e-06,2.488717e-06,-1.719591e-06,-1.19926e-06,4.293798e-06,22106240000000.0,1877072000000.0,0.2589786,1.184456e-06,8.395168e-07,-3.182856e-07,8.520531e-07,1.939142e-06,-1.468909e-06,-1.047083e-06,3.401022e-06,860252600000.0,327400000000000.0,1.432963,79820000000000.0,-1.23948
1655,1.4118,25.06924,4.896140000000004,3840.402,1796.463,363.192,-114.2258,-202.7203,-452.3175,38830080000000.0,31237070000000.0,3161301000000.0,0.4228927,1.642386e-06,8.031817e-07,-8.00298e-07,8.238804e-07,2.330904e-06,-2.398245e-06,-1.812345e-06,4.35428e-06,30564270000000.0,2943743000000.0,0.3895166,1.57947e-06,7.584286e-07,-7.834756e-07,7.781947e-07,2.227166e-06,-2.32019e-06,-1.756696e-06,4.172778e-06,23067380000000.0,1916362000000.0,0.2611904,1.249657e-06,5.530328e-07,-6.663304e-07,5.681286e-07,1.713297e-06,-1.882095e-06,-1.436112e-06,3.251666e-06,859331800000.0,214400000000000.0,1.368796,49930000000000.0,-1.187
1656,1.413,24.93187,5.985960000000001,3839.613,1784.886,443.9833,191.1815,-152.4644,-254.1281,28545880000000.0,22971260000000.0,2502716000000.0,0.3787632,1.2576e-06,-2.305611e-07,-1.453053e-06,-2.090978e-07,9.41716e-07,-2.680544e-06,-2.230066e-06,2.481593e-06,22490690000000.0,2347088000000.0,0.3509772,1.218294e-06,-2.199956e-07,-1.404187e-06,-1.992953e-07,9.153461e-07,-2.593306e-06,-2.15688e-06,2.406939e-06,19222810000000.0,1677300000000.0,0.2457836,1.001849e-06,-1.663129e-07,-1.139679e-06,-1.497357e-07,7.658935e-07,-2.117504e-06,-1.758482e-06,1.991738e-06,659504900000.0,469400000000000.0,1.481302,118300000000000.0,-1.26621
1657,1.4124,26.54986,6.696326000000004,3781.177,1889.336,496.2748,-264.613,131.9412,-85.1952,33639920000000.0,33063240000000.0,3067132000000.0,0.441359,1.421201e-06,6.286211e-07,-7.58445e-07,6.481887e-07,1.953161e-06,-2.141332e-06,-1.634495e-06,3.703424e-06,32198210000000.0,2848870000000.0,0.3998093,1.371395e-06,5.950648e-07,-7.432794e-07,6.138352e-07,1.872824e-06,-2.077696e-06,-1.588587e-06,3.561558e-06,23644060000000.0,1913396000000.0,0.2656741,1.104384e-06,4.400478e-07,-6.372758e-07,4.547163e-07,1.467583e-06,-1.711854e-06,-1.317839e-06,2.826753e-06,917504900000.0,151800000000000.0,1.1914,30770000000000.0,-1.03059
1658,1.4258,26.26139,4.988162999999996,3826.648,1888.04,372.4325,-185.6548,-260.2541,-618.4373,41905730000000.0,39791220000000.0,4292625000000.0,0.4533049,2.500576e-06,1.568751e-06,-8.748338e-07,1.594211e-06,3.886666e-06,-3.305726e-06,-2.413973e-06,6.970962e-06,38157280000000.0,4021552000000.0,0.4170179,2.43928e-06,1.50908e-06,-8.744029e-07,1.533737e-06,3.769574e-06,-3.245672e-06,-2.375733e-06,6.777924e-06,28065310000000.0,2691817000000.0,0.2774052,2.042351e-06,1.166333e-06,-8.28248e-07,1.186033e-06,3.055833e-06,-2.81349e-06,-2.084862e-06,5.572875e-06,1028603000000.0,240600000000000.0,1.543915,63200000000000.0,-1.32759
1662,1.4211,26.69563,6.942830999999999,3789.999,1905.809,516.5797,-328.5929,-68.94547,253.9276,89770540000000.0,88809400000000.0,9390664000000.0,0.5920796,9.636996e-06,2.890925e-06,-6.455522e-06,2.933981e-06,1.162643e-05,-1.581932e-05,-1.236352e-05,2.339084e-05,88040480000000.0,9127907000000.0,0.5614203,9.525104e-06,2.828851e-06,-6.408328e-06,2.870641e-06,1.146049e-05,-1.566337e-05,-1.224745e-05,2.308697e-05,75161200000000.0,7114517000000.0,0.3864642,8.607405e-06,2.37932e-06,-5.962572e-06,2.411617e-06,1.016189e-05,-1.432567e-05,-1.123713e-05,2.065881e-05,1786845000000.0,519400000000000.0,3.068948,271200000000000.0,-2.768
1663,1.4247,25.174130000000005,5.964570999999994,3853.057,1810.987,444.8126,160.3791,-264.5038,-172.6674,95441270000000.0,73335030000000.0,8830430000000.0,0.5559028,8.201447e-06,-1.422752e-07,-8.081616e-06,-5.193617e-08,7.366464e-06,-1.607841e-05,-1.313053e-05,1.735206e-05,68817670000000.0,8059560000000.0,0.5079782,7.781987e-06,-1.325591e-07,-7.664581e-06,-4.816524e-08,6.987961e-06,-1.525232e-05,-1.24548e-05,1.646065e-05,49498740000000.0,4963367000000.0,0.3351836,5.799423e-06,-9.105792e-08,-5.699631e-06,-3.295685e-08,5.200292e-06,-1.135408e-05,-9.267746e-06,1.225173e-05,1663238000000.0,228900000000000.0,2.438611,94970000000000.0,-2.09781
1665,1.4282,25.02728,4.934747999999995,3870.84,1807.246,368.8451,-50.36704,-336.7532,-526.7161,28161420000000.0,19030590000000.0,1817904000000.0,0.3563959,8.829789e-07,5.805129e-07,-2.835426e-07,5.930576e-07,1.407029e-06,-1.143127e-06,-8.284417e-07,2.498071e-06,18069440000000.0,1637538000000.0,0.3291328,8.356238e-07,5.409271e-07,-2.767215e-07,5.527448e-07,1.322929e-06,-1.090189e-06,-7.923695e-07,2.355348e-06,11822030000000.0,877984500000.0,0.2128391,5.829362e-07,3.484553e-07,-2.216903e-07,3.564897e-07,8.93267e-07,-7.891157e-07,-5.813068e-07,1.613076e-06,623251600000.0,97140000000000.0,0.9711331,16050000000000.0,-0.781011
1667,1.4365,26.37553,4.811512999999996,3842.549,1905.413,361.0278,-225.5101,-127.7636,-278.633,35177750000000.0,27008050000000.0,2841879000000.0,0.4025933,1.405075e-06,9.260691e-07,-4.472389e-07,9.436112e-07,2.235157e-06,-1.813139e-06,-1.312707e-06,3.969061e-06,24797430000000.0,2526553000000.0,0.3629265,1.31445e-06,8.487731e-07,-4.358198e-07,8.650481e-07,2.072984e-06,-1.713611e-06,-1.245415e-06,3.694816e-06,14417110000000.0,1283806000000.0,0.2217388,8.553994e-07,5.011592e-07,-3.343421e-07,5.112882e-07,1.296332e-06,-1.165851e-06,-8.610269e-07,2.350957e-06,811321900000.0,146100000000000.0,1.205295,29960000000000.0,-0.9999
1672,1.4311,24.84824,6.580848999999996,3870.445,1792.353,492.0686,413.16,-238.3131,41.80334,34216610000000.0,28353650000000.0,2606841000000.0,0.4061487,1.291942e-06,-8.292447e-07,-2.08249e-06,-8.032864e-07,3.779992e-07,-3.346658e-06,-2.882537e-06,1.954922e-06,27200280000000.0,2438310000000.0,0.3790443,1.245439e-06,-7.872295e-07,-1.995268e-06,-7.622986e-07,3.762579e-07,-3.21392e-06,-2.766479e-06,1.896259e-06,18742240000000.0,1474321000000.0,0.2428505,9.293588e-07,-5.329501e-07,-1.433905e-06,-5.148308e-07,3.336922e-07,-2.343217e-06,-2.009196e-06,1.467106e-06,825374700000.0,235000000000000.0,1.349102,53940000000000.0,-1.157
1674,1.4323,25.74381,7.196646999999996,3839.608,1851.496,538.251,260.884,-145.1802,343.4013,28161420000000.0,19030590000000.0,1970659000000.0,0.3530253,1.097559e-06,-5.806629e-07,-1.646889e-06,-5.5891e-07,4.466671e-07,-2.72007e-06,-2.326374e-06,1.78908e-06,16723850000000.0,1677637000000.0,0.3177343,1.009404e-06,-5.245243e-07,-1.505018e-06,-5.046089e-07,4.199977e-07,-2.49199e-06,-2.129891e-06,1.654432e-06,10572550000000.0,817236700000.0,0.2013846,6.318947e-07,-3.066935e-07,-9.202506e-07,-2.944608e-07,2.838266e-07,-1.538075e-06,-1.311333e-06,1.056191e-06,625345000000.0,131100000000000.0,1.133382,25280000000000.0,-0.884961
1683,1.4472,25.51978,5.814340000000006,3883.973,1854.206,438.2598,53.74258,-237.2528,30.20461,58341240000000.0,41713500000000.0,4887613000000.0,0.4555171,3.586402e-06,2.82607e-07,-3.200857e-06,3.283041e-07,3.594212e-06,-6.695254e-06,-5.410503e-06,7.981484e-06,40367910000000.0,4504188000000.0,0.422181,3.428636e-06,2.660438e-07,-3.063809e-06,3.093387e-07,3.430727e-06,-6.404473e-06,-5.176115e-06,7.624353e-06,26815820000000.0,2656046000000.0,0.2726823,2.516899e-06,1.782111e-07,-2.264417e-06,2.081506e-07,2.495507e-06,-4.716674e-06,-3.814375e-06,5.570915e-06,1082465000000.0,365900000000000.0,2.046486,127400000000000.0,-1.758
1684,1.449,25.5898,6.170789000000001,3881.823,1859.008,465.3445,52.21876,-372.3582,-57.4213,57283980000000.0,36907800000000.0,4138533000000.0,0.4392986,2.644521e-06,5.682953e-07,-2.006225e-06,6.0269e-07,3.019787e-06,-4.581451e-06,-3.635925e-06,6.265079e-06,34312720000000.0,3694411000000.0,0.3998622,2.467257e-06,5.206681e-07,-1.880991e-06,5.524628e-07,2.80689e-06,-4.283581e-06,-3.401343e-06,5.834147e-06,22394580000000.0,2051958000000.0,0.2557699,1.685982e-06,3.276255e-07,-1.312563e-06,3.48365e-07,1.886735e-06,-2.954299e-06,-2.351125e-06,3.953714e-06,1011274000000.0,253100000000000.0,1.692691,72890000000000.0,-1.46916
1685,1.4466,25.74346,6.651782000000004,3868.65,1865.471,500.8745,235.9122,-392.5793,89.87276,34024380000000.0,32774900000000.0,3282751000000.0,0.4246278,1.664867e-06,-1.828288e-07,-1.801658e-06,-1.55684e-07,1.367279e-06,-3.426433e-06,-2.830026e-06,3.406498e-06,31717640000000.0,3107465000000.0,0.3936973,1.618589e-06,-1.74924e-07,-1.748626e-06,-1.486576e-07,1.331693e-06,-3.328224e-06,-2.74836e-06,3.314012e-06,23836290000000.0,2146331000000.0,0.2627943,1.326891e-06,-1.316022e-07,-1.421073e-06,-1.106792e-07,1.101521e-06,-2.715934e-06,-2.240398e-06,2.725539e-06,879350500000.0,344500000000000.0,1.472221,86290000000000.0,-1.28997
1686,1.44,24.890400000000003,7.124541999999998,3880.342,1800.404,534.6735,505.9322,-88.14327,-37.51034,37388370000000.0,34985520000000.0,3549839000000.0,0.4360843,2.002047e-06,-1.636518e-06,-3.573089e-06,-1.594568e-06,2.293321e-07,-5.535044e-06,-4.813737e-06,2.66321e-06,34024380000000.0,3296479000000.0,0.3991078,1.935913e-06,-1.555871e-06,-3.428291e-06,-1.515484e-06,2.477759e-07,-5.325414e-06,-4.627885e-06,2.600956e-06,24028520000000.0,2139814000000.0,0.2626887,1.556111e-06,-1.145071e-06,-2.649328e-06,-1.113419e-06,3.021214e-07,-4.174165e-06,-3.613253e-06,2.192277e-06,938311700000.0,237600000000000.0,1.505275,60850000000000.0,-1.27116
1688,1.4454,25.07378,7.116142000000002,3884.805,1817.609,535.4487,212.0673,-151.5707,69.34584,97267430000000.0,71989440000000.0,8501093000000.0,0.5474954,7.963506e-06,-1.328586e-06,-9.026264e-06,-1.225703e-06,5.973283e-06,-1.680113e-05,-1.393452e-05,1.564912e-05,65838140000000.0,7757348000000.0,0.4964893,7.568421e-06,-1.236796e-06,-8.551249e-06,-1.140428e-06,5.69838e-06,-1.594033e-05,-1.321549e-05,1.489188e-05,46903660000000.0,4860866000000.0,0.3266057,5.736076e-06,-8.549959e-07,-6.39372e-06,-7.871337e-07,4.384901e-06,-1.199366e-05,-9.926885e-06,1.134417e-05,1623362000000.0,299000000000000.0,2.502413,127300000000000.0,-2.20176
1691,1.4538,25.87136,5.133039999999997,3888.564,1885.784,388.2138,151.0472,-424.7836,-123.8419,29218680000000.0,28161420000000.0,2694835000000.0,0.4021823,1.247214e-06,1.79105e-07,-1.036566e-06,1.985699e-07,1.343056e-06,-2.252299e-06,-1.806563e-06,2.875933e-06,26527480000000.0,2475875000000.0,0.365889,1.196007e-06,1.685388e-07,-9.971121e-07,1.871031e-07,1.284368e-06,-2.162917e-06,-1.735454e-06,2.754128e-06,17973330000000.0,1494756000000.0,0.2369879,9.133286e-07,1.180529e-07,-7.716825e-07,1.318354e-07,9.688655e-07,-1.6619e-06,-1.335358e-06,2.09055e-06,801192400000.0,187100000000000.0,1.20851,38470000000000.0,-1.014112
1692,1.4526,25.45546,5.1928449999999975,3898.891,1855.956,392.4335,62.14999,1.923959,-137.3661,37388370000000.0,35658320000000.0,3613525000000.0,0.4400305,1.860597e-06,-1.734112e-07,-1.982131e-06,-1.430639e-07,1.558772e-06,-3.796936e-06,-3.130868e-06,3.837403e-06,34889410000000.0,3355010000000.0,0.4011038,1.796424e-06,-1.644687e-07,-1.91066e-06,-1.353214e-07,1.507484e-06,-3.662868e-06,-3.019724e-06,3.707275e-06,25566340000000.0,2181715000000.0,0.266759,1.441171e-06,-1.21772e-07,-1.522058e-06,-9.900905e-08,1.217578e-06,-2.927741e-06,-2.411587e-06,2.981336e-06,937100600000.0,202300000000000.0,1.375997,47360000000000.0,-1.18503
1693,1.455,25.57767,5.014008000000002,3900.519,1866.947,379.3923,-105.6382,-437.3542,152.4491,55265590000000.0,28738110000000.0,3213479000000.0,0.4017494,2.024663e-06,1.099419e-06,-8.777735e-07,1.123305e-06,2.980642e-06,-2.846481e-06,-2.124602e-06,5.476017e-06,26335250000000.0,2846648000000.0,0.3687914,1.875276e-06,1.004662e-06,-8.264896e-07,1.026635e-06,2.746588e-06,-2.649924e-06,-1.981263e-06,5.057576e-06,17396650000000.0,1411621000000.0,0.2346102,1.208652e-06,6.010011e-07,-5.786251e-07,6.145891e-07,1.721839e-06,-1.753815e-06,-1.32268e-06,3.210305e-06,836853600000.0,153000000000000.0,1.418697,36930000000000.0,-1.219384
1694,1.4526,25.58714,5.212762,3894.928,1865.062,393.9786,372.6708,-275.3038,-97.07597,43443560000000.0,23644060000000.0,2585191000000.0,0.3773358,1.467596e-06,-6.894747e-07,-2.114585e-06,-6.612653e-07,6.81788e-07,-3.549461e-06,-3.022844e-06,2.475793e-06,22394580000000.0,2277717000000.0,0.3461346,1.350226e-06,-6.262514e-07,-1.937292e-06,-6.003936e-07,6.350371e-07,-3.257405e-06,-2.772877e-06,2.285405e-06,11822030000000.0,915937400000.0,0.2065255,7.174584e-07,-3.111595e-07,-1.007516e-06,-2.976947e-07,3.58153e-07,-1.708943e-06,-1.451405e-06,1.234626e-06,804843800000.0,89240000000000.0,1.156556,17560000000000.0,-0.930314
1695,1.4568,26.95366,6.405414999999996,3848.713,1957.098,484.7246,-255.0789,-11.39427,314.5294,50652110000000.0,47095890000000.0,5077792000000.0,0.4757427,3.210865e-06,1.063577e-06,-2.063969e-06,1.100197e-06,4.033283e-06,-5.188008e-06,-4.040712e-06,7.976652e-06,44693040000000.0,4701853000000.0,0.4369569,3.094841e-06,1.009888e-06,-2.004349e-06,1.044889e-06,3.871328e-06,-5.015482e-06,-3.909553e-06,7.671692e-06,27392510000000.0,2749574000000.0,0.2750477,2.248218e-06,6.68515e-07,-1.519672e-06,6.924437e-07,2.742371e-06,-3.706995e-06,-2.903142e-06,5.500545e-06,1220726000000.0,258900000000000.0,1.760336,77540000000000.0,-1.50282
1696,1.4508,25.16762,6.998435999999996,3892.192,1828.84,527.9089,-154.0393,-215.6251,86.02584,44404700000000.0,32967120000000.0,3387229000000.0,0.4229839,1.991266e-06,9.053922e-07,-1.037299e-06,9.303633e-07,2.755816e-06,-2.974011e-06,-2.263767e-06,5.206948e-06,31909870000000.0,3125258000000.0,0.389158,1.903919e-06,8.505658e-07,-1.006734e-06,8.742631e-07,2.619246e-06,-2.858484e-06,-2.179339e-06,4.962556e-06,24124630000000.0,2044376000000.0,0.2653558,1.513017e-06,6.238321e-07,-8.514672e-07,6.419779e-07,2.027174e-06,-2.322998e-06,-1.783077e-06,3.888204e-06,929343200000.0,204400000000000.0,1.440363,50090000000000.0,-1.24146
1699,1.455,25.58795,5.458668000000004,3897.365,1866.296,412.9355,88.93072,-465.2868,-307.7052,105437100000000.0,75161200000000.0,9378165000000.0,0.5531917,9.190377e-06,1.635064e-06,-7.281538e-06,1.713402e-06,1.003601e-05,-1.62283e-05,-1.293133e-05,2.126008e-05,72085550000000.0,8737304000000.0,0.5099197,8.924473e-06,1.562202e-06,-7.095223e-06,1.637074e-06,9.716237e-06,-1.578304e-05,-1.25811e-05,2.061349e-05,54688900000000.0,5809200000000.0,0.3432094,7.352492e-06,1.182476e-06,-5.944369e-06,1.238454e-06,7.881985e-06,-1.31015e-05,-1.04618e-05,1.684995e-05,1619724000000.0,347900000000000.0,2.598386,153800000000000.0,-2.34135
1700,1.4544,25.627280000000003,5.271634000000001,3896.617,1869.227,398.7598,103.5005,-651.2751,-225.135,54400560000000.0,38157280000000.0,4007568000000.0,0.4425599,2.485021e-06,9.503502e-07,-1.473607e-06,9.797336e-07,3.254708e-06,-3.892782e-06,-3.004856e-06,6.311848e-06,37003920000000.0,3703139000000.0,0.4090786,2.371049e-06,8.906837e-07,-1.421817e-06,9.184613e-07,3.088496e-06,-3.729995e-06,-2.882725e-06,6.004946e-06,24412970000000.0,2184384000000.0,0.2622495,1.727417e-06,5.914962e-07,-1.092111e-06,6.106662e-07,2.189177e-06,-2.773562e-06,-2.155996e-06,4.311988e-06,1014221000000.0,219800000000000.0,1.624235,60740000000000.0,-1.41075
1701,1.4605,25.19751,5.653680000000001,3918.817,1843.848,428.7478,176.2086,-301.8095,-105.8218,31237070000000.0,26911940000000.0,2754080000000.0,0.3945021,1.330226e-06,-6.559147e-08,-1.360647e-06,-4.315291e-08,1.176749e-06,-2.658201e-06,-2.182397e-06,2.80902e-06,26143030000000.0,2586158000000.0,0.3698017,1.29039e-06,-6.282182e-08,-1.319021e-06,-4.112863e-08,1.142078e-06,-2.577711e-06,-2.116134e-06,2.725342e-06,16723850000000.0,1453738000000.0,0.2308386,9.685931e-07,-4.306817e-08,-9.855622e-07,-2.721822e-08,8.599558e-07,-1.930325e-06,-1.583728e-06,2.047648e-06,778024100000.0,149800000000000.0,1.157476,29500000000000.0,-0.962181
1702,1.4617,25.11341,6.417061000000002,3917.943,1836.417,486.6526,-108.6312,-352.9402,-24.66807,58629580000000.0,56034500000000.0,6422354000000.0,0.500354,4.198867e-06,1.652692e-06,-2.437756e-06,1.695232e-06,5.527544e-06,-6.520293e-06,-5.020525e-06,1.068553e-05,54208330000000.0,6052674000000.0,0.4639653,4.081525e-06,1.585534e-06,-2.390265e-06,1.626543e-06,5.350997e-06,-6.358694e-06,-4.900732e-06,1.036425e-05,36235000000000.0,3755445000000.0,0.2982872,3.092237e-06,1.105738e-06,-1.904573e-06,1.134945e-06,3.952547e-06,-4.911037e-06,-3.805878e-06,7.747489e-06,1349311000000.0,183100000000000.0,1.702617,53040000000000.0,-1.47906
1705,1.4665,24.99109,7.183831999999998,3923.555,1828.841,545.62,76.57998,-194.5365,110.2779,53535530000000.0,48825950000000.0,5194299000000.0,0.4789772,3.483663e-06,-6.531049e-09,-3.389978e-06,4.261311e-08,3.218375e-06,-6.786302e-06,-5.538139e-06,7.479439e-06,44596930000000.0,4691131000000.0,0.4328286,3.326145e-06,-6.119972e-09,-3.236194e-06,4.039651e-08,3.071681e-06,-6.478935e-06,-5.287081e-06,7.139407e-06,25854680000000.0,2540928000000.0,0.2659618,2.411806e-06,-4.037607e-09,-2.344599e-06,2.802692e-08,2.222419e-06,-4.695871e-06,-3.831126e-06,5.169204e-06,1277775000000.0,222100000000000.0,1.762493,66600000000000.0,-1.48797
1707,1.4641,26.6148,5.0275199999999955,3881.408,1944.918,381.9274,-40.67855,-352.4836,-285.244,62378030000000.0,50844340000000.0,6143769000000.0,0.4870361,4.612404e-06,1.561016e-06,-2.930646e-06,1.6094e-06,5.817772e-06,-7.417349e-06,-5.768827e-06,1.148052e-05,46134750000000.0,5434827000000.0,0.4390606,4.375514e-06,1.454145e-06,-2.806259e-06,1.499475e-06,5.49044e-06,-7.06249e-06,-5.498461e-06,1.086137e-05,24509090000000.0,2632802000000.0,0.2646486,2.993115e-06,9.097184e-07,-2.002531e-06,9.38579e-07,3.663888e-06,-4.91392e-06,-3.843368e-06,7.334228e-06,1347375000000.0,232600000000000.0,1.908333,75520000000000.0,-1.602278
1711,1.4623,26.78284,4.9110739999999975,3873.725,1955.303,372.8484,-60.84484,-509.2363,-333.3412,46230870000000.0,42674650000000.0,4244802000000.0,0.4592075,2.656282e-06,1.424422e-06,-1.16794e-06,1.450406e-06,3.880231e-06,-3.750076e-06,-2.802138e-06,7.15096e-06,42386300000000.0,4049247000000.0,0.4299133,2.597876e-06,1.375584e-06,-1.159575e-06,1.400809e-06,3.776773e-06,-3.684911e-06,-2.757764e-06,6.975243e-06,33159350000000.0,2819107000000.0,0.2892795,2.122942e-06,1.031483e-06,-1.038981e-06,1.050935e-06,2.989879e-06,-3.102505e-06,-2.344524e-06,5.601513e-06,1051930000000.0,289200000000000.0,1.744996,85860000000000.0,-1.521738
1712,1.4635,26.20315,5.345613999999996,3893.028,1915.874,405.9939,64.35769,-299.9246,-155.9351,35081630000000.0,26911940000000.0,2858334000000.0,0.3915245,1.525585e-06,2.94191e-07,-1.192256e-06,3.166501e-07,1.714932e-06,-2.678404e-06,-2.133337e-06,3.589229e-06,24316860000000.0,2537766000000.0,0.3555437,1.426095e-06,2.697547e-07,-1.119604e-06,2.90596e-07,1.59735e-06,-2.508824e-06,-1.999256e-06,3.349156e-06,15089910000000.0,1330083000000.0,0.2228536,9.59281e-07,1.653217e-07,-7.687181e-07,1.788028e-07,1.056618e-06,-1.703163e-06,-1.360232e-06,2.23408e-06,794709500000.0,180500000000000.0,1.33085,40870000000000.0,-1.07811
1713,1.4726,26.47049,5.008568999999997,3901.987,1942.95,382.0167,-61.43989,-530.7598,-294.212,35081630000000.0,23644060000000.0,2664301000000.0,0.3765033,1.671549e-06,1.07189e-06,-5.62117e-07,1.090622e-06,2.625369e-06,-2.187158e-06,-1.591416e-06,4.68822e-06,22394580000000.0,2377111000000.0,0.3473269,1.552369e-06,9.83666e-07,-5.337169e-07,1.000951e-06,2.426015e-06,-2.042877e-06,-1.489581e-06,4.341581e-06,14417110000000.0,1183602000000.0,0.2197406,9.653054e-07,5.714676e-07,-3.716288e-07,5.817929e-07,1.466962e-06,-1.31001e-06,-9.658365e-07,2.657339e-06,727291300000.0,196700000000000.0,1.432204,47930000000000.0,-1.137193
1714,1.4732,25.10584,5.763206000000003,3943.526,1847.773,439.5353,217.8921,-401.6818,-44.30145,37100030000000.0,19895610000000.0,1711591000000.0,0.3535491,1.132815e-06,-6.909873e-08,-1.173056e-06,-4.909354e-08,9.919125e-07,-2.278398e-06,-1.873355e-06,2.383689e-06,17588870000000.0,1475156000000.0,0.3174884,1.05006e-06,-6.292834e-08,-1.08615e-06,-4.44661e-08,9.203041e-07,-2.110732e-06,-1.735256e-06,2.210261e-06,9515293000000.0,637472800000.0,0.1903902,6.005235e-07,-3.335514e-08,-6.182979e-07,-2.301635e-08,5.2823e-07,-1.20422e-06,-9.894277e-07,1.26556e-06,668094700000.0,85100000000000.0,0.9980219,14450000000000.0,-0.82863
1715,1.4714,25.76085,6.843432999999994,3910.152,1886.946,521.0477,-157.8562,-215.6779,193.5035,34985520000000.0,29122560000000.0,3095350000000.0,0.4023426,1.727671e-06,7.556095e-07,-9.300138e-07,7.776239e-07,2.361783e-06,-2.610624e-06,-1.994336e-06,4.488548e-06,25470230000000.0,2715495000000.0,0.3623623,1.611726e-06,6.927836e-07,-8.795578e-07,7.131605e-07,2.190649e-06,-2.447373e-06,-1.872395e-06,4.174411e-06,15858820000000.0,1385235000000.0,0.2263028,1.095621e-06,4.343927e-07,-6.339165e-07,4.476971e-07,1.450852e-06,-1.69966e-06,-1.308632e-06,2.798442e-06,862027800000.0,186800000000000.0,1.392632,44260000000000.0,-1.12365
1716,1.4751,25.90747,6.491722999999997,3914.56,1901.439,495.2024,-16.37774,-279.6681,157.8799,31237070000000.0,21529550000000.0,2071210000000.0,0.3623221,1.023877e-06,3.194974e-07,-6.795347e-07,3.352205e-07,1.276251e-06,-1.676644e-06,-1.311325e-06,2.536659e-06,21048980000000.0,1928272000000.0,0.3381855,9.839479e-07,3.026567e-07,-6.573524e-07,3.177049e-07,1.221899e-06,-1.615572e-06,-1.26448e-06,2.433046e-06,14801570000000.0,1156361000000.0,0.2212788,7.050309e-07,1.977719e-07,-4.897931e-07,2.082416e-07,8.554275e-07,-1.176367e-06,-9.247047e-07,1.722718e-06,646963000000.0,166700000000000.0,1.12722,31970000000000.0,-0.9539791
1717,1.4702,25.685270000000003,4.901533999999997,3924.642,1887.56,373.4695,-267.2444,-111.158,58.72747,32582670000000.0,17973330000000.0,1668969000000.0,0.3430209,8.43094e-07,6.437754e-07,-1.808085e-07,6.549397e-07,1.431282e-06,-1.000292e-06,-7.002709e-07,2.472701e-06,15666590000000.0,1395039000000.0,0.3052282,7.412148e-07,5.579696e-07,-1.669297e-07,5.677435e-07,1.250179e-06,-8.873838e-07,-6.236052e-07,2.165681e-06,9803635000000.0,654907900000.0,0.1935851,4.341125e-07,3.078763e-07,-1.165641e-07,3.134847e-07,7.129111e-07,-5.385102e-07,-3.83986e-07,1.248898e-06,607139100000.0,124600000000000.0,1.05618,22390000000000.0,-0.8835018
1718,1.4696,25.69802,4.956732000000001,3922.765,1887.732,377.556,-41.37226,-356.0594,-285.9331,38445630000000.0,24220740000000.0,2277925000000.0,0.3798879,1.088475e-06,5.877875e-07,-4.757071e-07,6.027445e-07,1.603693e-06,-1.534848e-06,-1.146839e-06,2.946082e-06,21721780000000.0,1998499000000.0,0.3404263,1.002631e-06,5.286497e-07,-4.508496e-07,5.423131e-07,1.464059e-06,-1.426446e-06,-1.069005e-06,2.700373e-06,13167630000000.0,1048710000000.0,0.2127881,6.656362e-07,3.199275e-07,-3.30015e-07,3.286771e-07,9.398813e-07,-9.77667e-07,-7.402742e-07,1.760084e-06,749874200000.0,190500000000000.0,1.230136,39870000000000.0,-1.06722
1719,1.4763,26.36395,4.910169000000007,3911.874,1938.805,375.0766,-113.1794,-487.9699,-230.2349,70451610000000.0,53823880000000.0,6161872000000.0,0.4980424,4.655818e-06,2.323122e-06,-2.215855e-06,2.361393e-06,6.608035e-06,-6.739327e-06,-5.076976e-06,1.233287e-05,51324910000000.0,5632947000000.0,0.4521053,4.458406e-06,2.183209e-06,-2.162684e-06,2.219242e-06,6.284441e-06,-6.494305e-06,-4.902255e-06,1.176545e-05,32294330000000.0,3335150000000.0,0.2861437,3.313919e-06,1.468459e-06,-1.759098e-06,1.49254e-06,4.508143e-06,-4.978575e-06,-3.794388e-06,8.577397e-06,1324606000000.0,364600000000000.0,2.15212,133500000000000.0,-1.89288
1721,1.48,24.96905,5.581436,3960.728,1844.314,426.9629,-56.5868,-319.5925,169.0636,53343310000000.0,45750300000000.0,4924007000000.0,0.4650301,3.563604e-06,9.477604e-07,-2.519383e-06,9.871429e-07,4.235786e-06,-5.987367e-06,-4.712779e-06,8.605415e-06,42770760000000.0,4544843000000.0,0.4264652,3.425052e-06,8.94586e-07,-2.437335e-06,9.320078e-07,4.053398e-06,-5.770462e-06,-4.545296e-06,8.252405e-06,32582670000000.0,2976454000000.0,0.2867876,2.745192e-06,6.58132e-07,-2.010695e-06,6.863601e-07,3.184286e-06,-4.682123e-06,-3.699597e-06,6.54681e-06,1119967000000.0,570500000000000.0,2.218146,215300000000000.0,-1.92763
1722,1.4794,25.10789,5.842050999999999,3953.681,1852.703,446.745,86.53288,-340.6511,-84.90455,52766620000000.0,41809620000000.0,4404796000000.0,0.4513278,2.827414e-06,3.625423e-07,-2.386884e-06,3.996159e-07,2.979588e-06,-5.141462e-06,-4.12945e-06,6.443771e-06,40175680000000.0,4099213000000.0,0.4171684,2.720667e-06,3.429606e-07,-2.302379e-06,3.783434e-07,2.86027e-06,-4.952943e-06,-3.979049e-06,6.193174e-06,26046910000000.0,2514055000000.0,0.2654193,2.055048e-06,2.355977e-07,-1.76123e-06,2.609674e-07,2.132706e-06,-3.763254e-06,-3.027207e-06,4.647919e-06,1079524000000.0,281700000000000.0,1.754107,84070000000000.0,-1.52361
1723,1.4892,25.63448,5.947511999999995,3952.885,1896.831,456.7622,300.3027,-468.3826,-94.85313,48153150000000.0,46038640000000.0,5112112000000.0,0.4649799,3.310284e-06,-3.141717e-07,-3.52751e-06,-2.656786e-07,2.750129e-06,-6.758397e-06,-5.570528e-06,6.795236e-06,44020240000000.0,4771083000000.0,0.4297531,3.206724e-06,-2.999038e-07,-3.412406e-06,-2.532307e-07,2.667554e-06,-6.542184e-06,-5.39139e-06,6.585589e-06,31044840000000.0,3057814000000.0,0.2816845,2.544111e-06,-2.192166e-07,-2.687079e-06,-1.836698e-07,2.130297e-06,-5.169998e-06,-4.256563e-06,5.236194e-06,1150506000000.0,217800000000000.0,1.707695,63280000000000.0,-1.4355
1724,1.493,26.95378,7.1652430000000065,3903.944,1985.194,550.5858,-56.12492,-11.05929,389.3499,29218680000000.0,28449760000000.0,2839653000000.0,0.4056477,1.366103e-06,1.843481e-08,-1.311222e-06,4.008179e-08,1.291286e-06,-2.643391e-06,-2.154645e-06,2.967033e-06,27776970000000.0,2640670000000.0,0.368022,1.320939e-06,1.747974e-08,-1.268099e-06,3.829423e-08,1.247871e-06,-2.556214e-06,-2.083593e-06,2.868015e-06,20856750000000.0,1848430000000.0,0.2480918,1.107014e-06,1.350071e-08,-1.063425e-06,3.049289e-08,1.043174e-06,-2.142893e-06,-1.74668e-06,2.400164e-06,776678600000.0,403200000000000.0,1.429464,98060000000000.0,-1.24641
1727,1.4979,26.529680000000003,6.457246999999997,3932.943,1963.438,497.5166,180.8139,-163.12,108.7419,39022310000000.0,37388370000000.0,3818250000000.0,0.4323442,2.114927e-06,-4.136237e-07,-2.467117e-06,-3.786507e-07,1.55248e-06,-4.531491e-06,-3.773295e-06,4.13809e-06,36138890000000.0,3574739000000.0,0.3995602,2.04393e-06,-3.934029e-07,-2.377792e-06,-3.597818e-07,1.506135e-06,-4.372857e-06,-3.640059e-06,4.004655e-06,27200280000000.0,2401366000000.0,0.2685622,1.63646e-06,-2.907721e-07,-1.878808e-06,-2.646403e-07,1.227585e-06,-3.476112e-06,-2.889157e-06,3.226719e-06,963124500000.0,232100000000000.0,1.492577,58940000000000.0,-1.27116
1728,1.4973,24.98299,6.851363000000002,3980.48,1854.69,527.6318,114.1563,-0.1843468,-109.5998,44789150000000.0,42482420000000.0,4769324000000.0,0.4591972,2.878541e-06,-4.487462e-07,-3.241342e-06,-4.042161e-07,2.218513e-06,-6.050369e-06,-5.017857e-06,5.733812e-06,40944590000000.0,4467250000000.0,0.4173267,2.794882e-06,-4.28022e-07,-3.139197e-06,-3.850618e-07,2.160848e-06,-5.866579e-06,-4.863988e-06,5.573535e-06,32967120000000.0,3217717000000.0,0.2856623,2.382317e-06,-3.385499e-07,-2.648483e-06,-3.030289e-07,1.8647e-06,-4.973232e-06,-4.118291e-06,4.77184e-06,1023401000000.0,265500000000000.0,1.630017,73630000000000.0,-1.42263
1730,1.508,26.24789,5.070918999999998,3969.527,1957.372,392.7354,535.169,-212.7285,-423.4147,31044840000000.0,17781100000000.0,1440429000000.0,0.3373876,6.509033e-07,-6.536392e-07,-1.285957e-06,-6.390142e-07,-4.167211e-08,-1.924057e-06,-1.690027e-06,7.539989e-07,17012190000000.0,1318139000000.0,0.3156976,6.139788e-07,-6.090357e-07,-1.205442e-06,-5.952728e-07,-3.189658e-08,-1.807331e-06,-1.586571e-06,7.185722e-07,7881353000000.0,486483200000.0,0.1764916,3.31054e-07,-2.978123e-07,-6.192062e-07,-2.905404e-07,1.286639e-08,-9.436897e-07,-8.246285e-07,4.172213e-07,640119700000.0,66870000000000.0,0.9202741,10470000000000.0,-0.737451
1732,1.4992,25.38166,5.704460000000004,3980.067,1888.314,440.0537,204.0934,-340.6367,37.03103,62954710000000.0,60647980000000.0,6954533000000.0,0.5101616,5.643069e-06,-3.048982e-07,-5.768399e-06,-2.379967e-07,4.871e-06,-1.127274e-05,-9.244331e-06,1.174275e-05,58917920000000.0,6608601000000.0,0.4719178,5.527092e-06,-2.944407e-07,-5.645102e-06,-2.294859e-07,4.773266e-06,-1.103629e-05,-9.049388e-06,1.150283e-05,45654180000000.0,4846337000000.0,0.3178115,4.793075e-06,-2.358146e-07,-4.872929e-06,-1.825631e-07,4.149135e-06,-9.54798e-06,-7.823993e-06,9.979867e-06,1352450000000.0,701600000000000.0,2.560989,305700000000000.0,-2.28492
1734,1.5067,26.95885,7.086033999999996,3928.156,1997.943,547.8376,-131.3754,-140.1772,389.9178,57572330000000.0,56130610000000.0,6390348000000.0,0.493234,4.640412e-06,8.67749e-07,-3.641507e-06,9.177075e-07,5.138698e-06,-8.159549e-06,-6.497582e-06,1.081871e-05,55457820000000.0,6119020000000.0,0.4635094,4.552231e-06,8.422249e-07,-3.581016e-06,8.909034e-07,5.030953e-06,-8.013182e-06,-6.382695e-06,1.060246e-05,45461950000000.0,4401497000000.0,0.3166089,3.850325e-06,6.621746e-07,-3.076981e-06,7.012399e-07,4.1983e-06,-6.825629e-06,-5.445897e-06,8.907149e-06,1285952000000.0,225700000000000.0,1.91459,73520000000000.0,-1.63449
1735,1.4992,25.46942,6.465322999999997,3971.465,1891.691,498.5037,289.9608,-258.2322,175.4171,56707300000000.0,54496680000000.0,5831448000000.0,0.4887439,4.06462e-06,-1.076417e-06,-5.013393e-06,-1.012322e-06,2.682336e-06,-8.984415e-06,-7.523312e-06,7.634392e-06,52670510000000.0,5492890000000.0,0.4525802,3.96155e-06,-1.034189e-06,-4.870983e-06,-9.720754e-07,2.628115e-06,-8.741284e-06,-7.317124e-06,7.454006e-06,39695110000000.0,3710721000000.0,0.304997,3.351252e-06,-8.120927e-07,-4.056139e-06,-7.61265e-07,2.280558e-06,-7.330084e-06,-6.124804e-06,6.360145e-06,1266503000000.0,199100000000000.0,1.783066,60400000000000.0,-1.533887
1736,1.5073,26.28658,4.974953000000001,3968.709,1960.302,385.3142,654.7035,-291.4181,-182.3243,63243060000000.0,40656250000000.0,4993857000000.0,0.4434694,3.761813e-06,-2.648633e-06,-6.283326e-06,-2.573003e-06,8.448573e-07,-9.972228e-06,-8.614403e-06,5.410336e-06,38637850000000.0,4390490000000.0,0.4070537,3.507833e-06,-2.437386e-06,-5.826312e-06,-2.367218e-06,8.190941e-07,-9.266102e-06,-7.999855e-06,5.075723e-06,4132905000000.0,440290200000.0,0.1435086,8.25699e-07,-5.210228e-07,-1.318057e-06,-5.051674e-07,2.4339e-07,-2.127649e-06,-1.829409e-06,1.244224e-06,1348161000000.0,81530000000000.0,1.539155,21350000000000.0,-1.17018
1738,1.5143,26.13804,4.988142000000002,3984.92,1955.474,387.4241,380.1787,131.8807,-194.3049,31525410000000.0,23259600000000.0,2433876000000.0,0.3677072,1.221538e-06,-1.103314e-06,-2.286948e-06,-1.076556e-06,4.021007e-08,-3.483557e-06,-3.044235e-06,1.528804e-06,21529550000000.0,2114391000000.0,0.3343445,1.123499e-06,-9.991208e-07,-2.087665e-06,-9.746018e-07,5.233222e-08,-3.188225e-06,-2.784137e-06,1.4213e-06,9995863000000.0,810563100000.0,0.190726,6.059774e-07,-5.009132e-07,-1.087791e-06,-4.879341e-07,6.541746e-08,-1.681369e-06,-1.463348e-06,8.033817e-07,761984700000.0,143000000000000.0,1.175114,28590000000000.0,-0.937629
1743,1.5105,24.957010000000004,5.221785000000003,4016.194,1869.115,404.8445,635.3145,-359.4434,138.5911,28257540000000.0,26046910000000.0,2501085000000.0,0.3813623,1.224167e-06,-1.236956e-06,-2.423064e-06,-1.209495e-06,-9.04939e-08,-3.624051e-06,-3.182945e-06,1.400602e-06,23836290000000.0,2245004000000.0,0.3468976,1.15771e-06,-1.148705e-06,-2.270294e-06,-1.122844e-06,-6.484773e-08,-3.406051e-06,-2.988868e-06,1.345094e-06,14897680000000.0,1247238000000.0,0.2214127,8.268242e-07,-7.54633e-07,-1.555213e-06,-7.365534e-07,1.814572e-08,-2.366259e-06,-2.068222e-06,1.024392e-06,789481900000.0,228600000000000.0,1.29894,50520000000000.0,-1.06128
1744,1.5276,25.1489,6.318794000000004,4031.493,1892.687,493.1687,462.4407,-91.0069,-190.7307,80639700000000.0,74007830000000.0,8184624000000.0,0.5354378,7.317694e-06,-3.192906e-06,-1.024722e-05,-3.075775e-06,3.528523e-06,-1.741115e-05,-1.476792e-05,1.238458e-05,72181660000000.0,7726675000000.0,0.4994644,7.143157e-06,-3.078699e-06,-9.96407e-06,-2.965079e-06,3.480154e-06,-1.695707e-05,-1.437668e-05,1.212381e-05,47960920000000.0,4661157000000.0,0.3202067,5.746461e-06,-2.274215e-06,-7.809064e-06,-2.187234e-06,2.988286e-06,-1.343442e-05,-1.135723e-05,9.934653e-06,1648154000000.0,226100000000000.0,2.330253,89640000000000.0,-1.99089
1745,1.5244,26.80455,5.472866,3976.078,2008.858,426.8135,321.8871,-142.3533,-174.6525,54208330000000.0,34985520000000.0,3506129000000.0,0.4192445,2.053643e-06,-8.521652e-07,-2.844298e-06,-8.145679e-07,1.060552e-06,-4.851632e-06,-4.114332e-06,3.567611e-06,33639920000000.0,3225113000000.0,0.3869559,1.968921e-06,-8.041754e-07,-2.713955e-06,-7.682993e-07,1.029089e-06,-4.638464e-06,-3.931531e-06,3.432436e-06,19991730000000.0,1713195000000.0,0.2394901,1.407518e-06,-5.219028e-07,-1.886342e-06,-4.970728e-07,7.86034e-07,-3.262051e-06,-2.756444e-06,2.502753e-06,962451700000.0,150700000000000.0,1.402907,35970000000000.0,-1.235706
1747,1.5257,26.27327,6.515586999999995,3988.284,1968.818,507.9851,264.3452,-410.9457,-186.685,45077500000000.0,22682920000000.0,2116220000000.0,0.3619412,1.27872e-06,-1.000529e-07,-1.344852e-06,-7.859346e-08,1.093589e-06,-2.592784e-06,-2.135041e-06,2.662237e-06,21529550000000.0,1917083000000.0,0.3335468,1.190762e-06,-9.174222e-08,-1.25081e-06,-7.185947e-08,1.019464e-06,-2.412887e-06,-1.986603e-06,2.480033e-06,14609340000000.0,1098816000000.0,0.2154856,8.038925e-07,-5.653927e-08,-8.385942e-07,-4.353709e-08,6.922714e-07,-1.623067e-06,-1.335162e-06,1.677572e-06,680714400000.0,265600000000000.0,1.375134,62140000000000.0,-1.237523
1751,1.5206,24.93352,5.8114820000000025,4030.413,1873.722,452.3727,488.5187,-225.2618,-214.1113,55842270000000.0,52862740000000.0,6177148000000.0,0.4812449,4.582072e-06,-2.094565e-06,-6.51959e-06,-2.017622e-06,2.131532e-06,-1.100473e-05,-9.351901e-06,7.69019e-06,51613250000000.0,5906661000000.0,0.4507297,4.492377e-06,-2.028899e-06,-6.366928e-06,-1.95384e-06,2.113269e-06,-1.076423e-05,-9.143649e-06,7.562484e-06,41329050000000.0,4274062000000.0,0.3061875,3.835018e-06,-1.602525e-06,-5.303532e-06,-1.540732e-06,1.926276e-06,-9.057176e-06,-7.673059e-06,6.574323e-06,1210557000000.0,463100000000000.0,2.171586,171100000000000.0,-1.90674
1752,1.5314,26.793610000000005,6.030462000000002,3984.245,2012.029,471.5279,338.6956,-275.5219,-160.8153,38541740000000.0,32102100000000.0,3777602000000.0,0.4063162,2.087266e-06,-7.015882e-07,-2.728701e-06,-6.63823e-07,1.244919e-06,-4.768202e-06,-4.019482e-06,3.797063e-06,30756500000000.0,3454583000000.0,0.3756201,2.005269e-06,-6.657753e-07,-2.613118e-06,-6.296272e-07,1.203834e-06,-4.572484e-06,-3.85314e-06,3.65549e-06,16051050000000.0,1547932000000.0,0.2237974,1.324335e-06,-4.044074e-07,-1.689822e-06,-3.811946e-07,8.282092e-07,-2.983777e-06,-2.508511e-06,2.44623e-06,930318800000.0,116500000000000.0,1.232535,24430000000000.0,-0.98196
1753,1.5366,25.57512,4.837539999999997,4042.674,1934.767,379.3047,658.7252,-213.1809,-87.72883,48345380000000.0,22298460000000.0,2331656000000.0,0.3619087,1.23779e-06,-1.402797e-06,-2.600879e-06,-1.374109e-06,-2.436031e-07,-3.815801e-06,-3.369468e-06,1.261988e-06,21048980000000.0,2058876000000.0,0.3291727,1.138039e-06,-1.266337e-06,-2.367737e-06,-1.240077e-06,-2.009467e-07,-3.484723e-06,-3.074331e-06,1.183101e-06,12302600000000.0,1040820000000.0,0.2082999,7.289478e-07,-7.433534e-07,-1.448413e-06,-7.269144e-07,-6.219188e-08,-2.163794e-06,-1.900833e-06,8.236519e-07,693928200000.0,237900000000000.0,1.36181,55120000000000.0,-1.200779
1754,1.5392,25.76866,6.244080999999998,4031.058,1945.97,489.754,617.9994,-151.5981,-133.2768,28353650000000.0,20087840000000.0,2199237000000.0,0.3456602,1.065081e-06,-1.255544e-06,-2.287253e-06,-1.2305e-06,-2.562548e-07,-3.332363e-06,-2.948651e-06,1.040678e-06,17684990000000.0,1881356000000.0,0.3115786,9.727416e-07,-1.129575e-06,-2.071754e-06,-1.106777e-06,-2.171686e-07,-3.026238e-06,-2.675775e-06,9.671886e-07,8938608000000.0,744019900000.0,0.1829757,5.367945e-07,-5.767326e-07,-1.096404e-06,-5.643845e-07,-7.400008e-08,-1.623073e-06,-1.429618e-06,5.791552e-07,654662700000.0,109800000000000.0,1.056152,19730000000000.0,-0.811701
1755,1.5392,25.7203,6.390604000000006,4031.112,1941.803,501.1439,514.5459,17.7388,-104.49,28257540000000.0,20087840000000.0,1983190000000.0,0.3465438,8.525696e-07,-1.069218e-06,-1.895345e-06,-1.048981e-06,-2.684324e-07,-2.731508e-06,-2.424653e-06,7.703296e-07,18838360000000.0,1770952000000.0,0.3169957,7.960999e-07,-9.835322e-07,-1.754883e-06,-9.646893e-07,-2.359618e-07,-2.535651e-06,-2.249108e-06,7.339034e-07,7112441000000.0,597258300000.0,0.1705907,3.904562e-07,-4.444668e-07,-8.226218e-07,-4.353761e-07,-7.830671e-08,-1.205531e-06,-1.064954e-06,3.9711e-07,627343300000.0,100900000000000.0,0.9664003,16590000000000.0,-0.7825
1756,1.5366,25.67225,6.548948,4027.611,1935.956,513.0155,526.8272,29.98552,-361.6237,32582670000000.0,32582670000000.0,3195708000000.0,0.4051133,1.851199e-06,-1.450362e-06,-3.23862e-06,-1.413079e-06,2.685339e-07,-5.053681e-06,-4.385572e-06,2.514677e-06,32198210000000.0,3132663000000.0,0.3870388,1.836874e-06,-1.427347e-06,-3.201694e-06,-1.39042e-06,2.780265e-07,-5.002697e-06,-4.339741e-06,2.50667e-06,28834220000000.0,2625286000000.0,0.2751753,1.698682e-06,-1.232854e-06,-2.8731e-06,-1.199281e-06,3.423461e-07,-4.538506e-06,-3.925277e-06,2.402318e-06,809679300000.0,624100000000000.0,1.704615,181000000000000.0,-1.55727
1757,1.5372,25.70139,6.058964000000005,4031.507,1940.354,474.9079,510.3089,20.67431,7.201158,32774900000000.0,31909870000000.0,3062640000000.0,0.4038506,1.625959e-06,-1.545424e-06,-3.117163e-06,-1.510071e-06,-2.931067e-08,-4.711525e-06,-4.125284e-06,1.945449e-06,30179820000000.0,2877401000000.0,0.3721865,1.57943e-06,-1.47606e-06,-3.00268e-06,-1.441856e-06,-3.774537e-09,-4.551399e-06,-3.981896e-06,1.914242e-06,21433440000000.0,1974872000000.0,0.2443085,1.29688e-06,-1.105128e-06,-2.357955e-06,-1.077728e-06,1.015826e-07,-3.629536e-06,-3.161723e-06,1.675334e-06,859651900000.0,640000000000000.0,1.686144,183600000000000.0,-1.49391
1758,1.5321,26.02262,5.845853000000007,4013.404,1959.43,457.2695,414.5729,-121.0562,-102.6681,31813760000000.0,29795360000000.0,2983261000000.0,0.3960343,1.418441e-06,-1.015922e-06,-2.391505e-06,-9.865286e-07,3.106344e-07,-3.779816e-06,-3.270168e-06,2.041315e-06,28449760000000.0,2735238000000.0,0.3645585,1.363965e-06,-9.637671e-07,-2.286428e-06,-9.355925e-07,3.115514e-07,-3.621408e-06,-3.131309e-06,1.97561e-06,13744310000000.0,1270548000000.0,0.2111608,8.845728e-07,-5.667034e-07,-1.424012e-06,-5.489051e-07,2.588576e-07,-2.289738e-06,-1.971759e-06,1.337254e-06,843208700000.0,125000000000000.0,1.140259,24250000000000.0,-0.926394
1760,1.5372,25.85137,5.541714999999999,4030.241,1952.754,434.5122,472.5678,-51.01552,-83.87659,34601060000000.0,34601060000000.0,3316254000000.0,0.3767007,1.819716e-06,-1.35434e-06,-3.114221e-06,-1.317458e-06,3.389759e-07,-4.896894e-06,-4.241312e-06,2.55077e-06,34601060000000.0,3316254000000.0,0.3767007,1.819716e-06,-1.35434e-06,-3.114221e-06,-1.317458e-06,3.389759e-07,-4.896894e-06,-4.241312e-06,2.55077e-06,31717640000000.0,2757286000000.0,0.2785585,1.680452e-06,-1.181876e-06,-2.806611e-06,-1.148272e-06,3.803874e-07,-4.452801e-06,-3.847263e-06,2.422145e-06,850840200000.0,334600000000000.0,1.469933,83680000000000.0,-1.33254
1761,1.5327,26.63269,5.651506999999997,3993.982,2002.889,442.1516,352.5839,-11.3061,-36.9846,29026450000000.0,19799500000000.0,1836271000000.0,0.344995,8.080457e-07,-6.767488e-07,-1.460975e-06,-6.593056e-07,8.112525e-08,-2.25175e-06,-1.961694e-06,1.068109e-06,18838360000000.0,1668578000000.0,0.3201507,7.638102e-07,-6.303416e-07,-1.371587e-06,-6.139027e-07,8.588461e-08,-2.119066e-06,-1.844875e-06,1.018754e-06,10860890000000.0,791415800000.0,0.1957281,4.90424e-07,-3.706908e-07,-8.464232e-07,-3.603396e-07,8.852718e-08,-1.326343e-06,-1.150233e-06,6.871606e-07,674766900000.0,87390000000000.0,0.9516922,14150000000000.0,-0.760186
1762,1.5308,26.01785,5.431608999999994,4014.234,1959.421,424.735,571.0427,-176.1874,-194.2073,34408840000000.0,30660390000000.0,3203170000000.0,0.4032496,1.742981e-06,-1.449236e-06,-3.135701e-06,-1.412645e-06,1.757398e-07,-4.844314e-06,-4.21615e-06,2.295272e-06,29507020000000.0,3023806000000.0,0.3757615,1.690788e-06,-1.384246e-06,-3.020058e-06,-1.348893e-06,1.916082e-07,-4.677482e-06,-4.068092e-06,2.247423e-06,23163490000000.0,2057438000000.0,0.2518118,1.364085e-06,-1.020329e-06,-2.339294e-06,-9.925364e-07,2.486642e-07,-3.676344e-06,-3.184511e-06,1.905982e-06,811887100000.0,431800000000000.0,1.603483,117800000000000.0,-1.38897
1763,1.534,26.40972,6.987225999999996,3993.629,1983.299,546.4854,116.5089,-499.7435,-302.6421,58341240000000.0,56707300000000.0,6353216000000.0,0.4949225,4.944814e-06,1.019035e-06,-3.78442e-06,1.066321e-06,5.556638e-06,-8.598579e-06,-6.826349e-06,1.16059e-05,55553930000000.0,6032697000000.0,0.4565195,4.832516e-06,9.805878e-07,-3.713246e-06,1.026275e-06,5.413443e-06,-8.418025e-06,-6.685888e-06,1.13244e-05,45750300000000.0,4521587000000.0,0.3150804,4.203128e-06,7.904575e-07,-3.289553e-06,8.27718e-07,4.637996e-06,-7.381368e-06,-5.874084e-06,9.774798e-06,1245859000000.0,505500000000000.0,2.313842,199000000000000.0,-2.04336
1764,1.5321,24.974970000000003,5.428025999999999,4050.812,1886.771,424.6189,479.3069,-260.3507,-49.86948,29314790000000.0,21337320000000.0,2113199000000.0,0.3558189,9.535646e-07,-7.701321e-07,-1.695283e-06,-7.499758e-07,1.227876e-07,-2.629025e-06,-2.286315e-06,1.286782e-06,20376180000000.0,1980837000000.0,0.3311282,9.202255e-07,-7.310743e-07,-1.623806e-06,-7.116895e-07,1.304059e-07,-2.524888e-06,-2.194144e-06,1.253584e-06,15282140000000.0,1310740000000.0,0.2232569,7.275553e-07,-5.280543e-07,-1.233532e-06,-5.130428e-07,1.520225e-07,-1.945895e-06,-1.684319e-06,1.03948e-06,621129500000.0,292900000000000.0,1.223485,60970000000000.0,-1.068
1766,1.5327,25.27438,6.731002999999998,4032.445,1903.923,526.2961,375.5373,-227.8199,-113.3876,33928270000000.0,31813760000000.0,3358469000000.0,0.4036817,1.742536e-06,-8.138222e-07,-2.503978e-06,-7.812727e-07,8.099099e-07,-4.207853e-06,-3.582005e-06,2.936706e-06,30564270000000.0,3141520000000.0,0.3733908,1.689903e-06,-7.781814e-07,-2.417161e-06,-7.467393e-07,7.96106e-07,-4.069558e-06,-3.462577e-06,2.858452e-06,22298460000000.0,2064923000000.0,0.2479193,1.333631e-06,-5.647172e-07,-1.857517e-06,-5.405472e-07,6.756087e-07,-3.161487e-06,-2.682287e-06,2.30208e-06,855153800000.0,252800000000000.0,1.407561,60540000000000.0,-1.19196
1767,1.5424,26.61735,5.156009999999996,4014.456,2011.811,405.178,378.525,-310.5616,304.1816,31717640000000.0,30179820000000.0,2706826000000.0,0.3994272,1.281103e-06,-6.865127e-07,-1.93078e-06,-6.613737e-07,5.115776e-07,-3.183974e-06,-2.724067e-06,2.077831e-06,29410900000000.0,2508401000000.0,0.3679764,1.232099e-06,-6.497191e-07,-1.84629e-06,-6.256332e-07,5.0224e-07,-3.05153e-06,-2.609192e-06,2.008417e-06,16243280000000.0,1324321000000.0,0.2227636,8.597524e-07,-4.114153e-07,-1.245907e-06,-3.950433e-07,3.909876e-07,-2.086842e-06,-1.778068e-06,1.441216e-06,877327300000.0,143300000000000.0,1.180037,28770000000000.0,-0.98901
1770,1.5456,25.70339,6.053625,4044.949,1946.997,476.0764,193.9185,-321.6271,49.7108,30083700000000.0,21529550000000.0,2033402000000.0,0.3563014,1.069174e-06,-1.093856e-07,-1.150424e-06,-9.066336e-08,8.905478e-07,-2.193628e-06,-1.811194e-06,2.202673e-06,20376180000000.0,1821777000000.0,0.3277075,1.006979e-06,-1.015398e-07,-1.081949e-06,-8.397621e-08,8.400009e-07,-2.064462e-06,-1.704254e-06,2.075678e-06,10572550000000.0,788342900000.0,0.1926713,6.049285e-07,-5.565088e-08,-6.443259e-07,-4.538996e-08,5.090298e-07,-1.234532e-06,-1.018057e-06,1.250851e-06,700356300000.0,152800000000000.0,1.162062,30210000000000.0,-0.936738
1772,1.5456,25.63676,5.307815,4052.794,1944.971,417.6382,511.479,-32.80188,-22.60028,57091760000000.0,50459880000000.0,5570822000000.0,0.4681536,4.04473e-06,-2.689501e-06,-6.591835e-06,-2.611867e-06,1.053019e-06,-1.055603e-05,-9.095615e-06,5.953002e-06,48825950000000.0,5208099000000.0,0.4345454,3.916584e-06,-2.568259e-06,-6.346569e-06,-2.493483e-06,1.054426e-06,-1.018514e-05,-8.770871e-06,5.798514e-06,32390440000000.0,3151715000000.0,0.2794752,2.96358e-06,-1.773475e-06,-4.630291e-06,-1.719107e-06,9.60743e-07,-7.534656e-06,-6.463862e-06,4.546874e-06,1215074000000.0,407400000000000.0,2.123678,147200000000000.0,-1.834
1773,1.5495,25.24532,7.152070000000005,4057.365,1913.172,562.8768,678.7672,-390.465,-15.57037,31621530000000.0,16531620000000.0,995256200000.0,0.3243237,5.0575e-07,-7.228564e-07,-1.214015e-06,-7.105905e-07,-2.461166e-07,-1.71063e-06,-1.528506e-06,3.716587e-07,15762710000000.0,894774000000.0,0.297469,4.764051e-07,-6.687587e-07,-1.131373e-06,-6.572354e-07,-2.197939e-07,-1.599154e-06,-1.427594e-06,3.62066e-07,9226950000000.0,457479200000.0,0.1867879,3.111441e-07,-4.025772e-07,-7.0457e-07,-3.951535e-07,-1.097208e-07,-1.010029e-06,-8.979682e-07,2.700748e-07,596130200000.0,120100000000000.0,0.9396368,19200000000000.0,-0.859123
1774,1.5469,25.46168,6.000749000000006,4056.603,1931.571,472.292,304.2093,-69.12634,-5.11437,37388370000000.0,34601060000000.0,3547583000000.0,0.4131885,2.134875e-06,-9.43879e-07,-3.011343e-06,-9.059473e-07,1.037564e-06,-5.098589e-06,-4.331098e-06,3.637864e-06,33736040000000.0,3385964000000.0,0.3868902,2.091584e-06,-9.131495e-07,-2.938547e-06,-8.761347e-07,1.027645e-06,-4.983458e-06,-4.231486e-06,3.574974e-06,26911940000000.0,2452887000000.0,0.2627845,1.773112e-06,-7.112782e-07,-2.427404e-06,-6.80819e-07,9.310973e-07,-4.160902e-06,-3.523145e-06,3.089065e-06,876444900000.0,479100000000000.0,1.750651,142700000000000.0,-1.53252
1775,1.5619,25.44778,5.129716999999999,4086.917,1944.789,406.3052,188.2305,-340.8466,74.85857,61320770000000.0,57380100000000.0,6886215000000.0,0.4865952,5.426347e-06,-2.24421e-07,-5.484787e-06,-1.54785e-07,4.771766e-06,-1.077732e-05,-8.829103e-06,1.139135e-05,55073360000000.0,6349425000000.0,0.4500572,5.26482e-06,-2.152268e-07,-5.318542e-06,-1.481441e-07,4.630712e-06,-1.045351e-05,-8.563133e-06,1.105245e-05,30275930000000.0,3222838000000.0,0.2714858,3.855396e-06,-1.443578e-07,-3.878653e-06,-9.817827e-08,3.394959e-06,-7.638804e-06,-6.25358e-06,8.092655e-06,1336383000000.0,202000000000000.0,1.996065,68600000000000.0,-1.61667
1777,1.5515,25.09257,6.614252000000002,4071.672,1906.667,521.3367,315.8631,238.4404,-212.8551,34697180000000.0,31333190000000.0,3258145000000.0,0.4041877,1.769621e-06,-1.338589e-06,-3.052118e-06,-1.302056e-06,3.123659e-07,-4.785077e-06,-4.148329e-06,2.466944e-06,29026450000000.0,2986502000000.0,0.3675249,1.703138e-06,-1.264513e-06,-2.913504e-06,-1.229514e-06,3.238985e-07,-4.58134e-06,-3.968468e-06,2.39726e-06,19799500000000.0,1818810000000.0,0.2378569,1.346532e-06,-9.162154e-07,-2.219274e-06,-8.892112e-07,3.374814e-07,-3.53783e-06,-3.05309e-06,1.97561e-06,849756000000.0,341600000000000.0,1.491602,86690000000000.0,-1.28304
1778,1.5567,25.33637,5.776682000000006,4078.341,1930.991,456.4957,325.8706,-169.3603,-307.6944,38445630000000.0,30660390000000.0,3535775000000.0,0.3957777,2.041655e-06,-7.420755e-07,-2.722549e-06,-7.059204e-07,1.1571e-06,-4.71808e-06,-3.984897e-06,3.649378e-06,28353650000000.0,3206770000000.0,0.3613027,1.936687e-06,-6.916331e-07,-2.570072e-06,-6.575489e-07,1.10922e-06,-4.462986e-06,-3.767437e-06,3.473004e-06,20280070000000.0,1962704000000.0,0.2405021,1.446689e-06,-4.749724e-07,-1.877344e-06,-4.503217e-07,8.676558e-07,-3.291262e-06,-2.771455e-06,2.632019e-06,840707800000.0,332900000000000.0,1.60615,90970000000000.0,-1.34541
1779,1.5521,25.1642,7.188596999999998,4064.923,1909.706,566.4582,-162.3869,-164.329,-131.5345,50748230000000.0,31140960000000.0,3503674000000.0,0.3987947,2.172958e-06,9.565044e-07,-1.162516e-06,9.82074e-07,2.971429e-06,-3.275556e-06,-2.500255e-06,5.644633e-06,29795360000000.0,3205040000000.0,0.3674922,2.061583e-06,8.915737e-07,-1.118619e-06,9.156097e-07,2.802508e-06,-3.123345e-06,-2.387713e-06,5.338317e-06,21914010000000.0,1966402000000.0,0.2444683,1.54238e-06,6.123311e-07,-8.907655e-07,6.294523e-07,2.039244e-06,-2.390577e-06,-1.83994e-06,3.934959e-06,831463500000.0,312200000000000.0,1.652399,87770000000000.0,-1.44045
1780,1.5567,25.16049,5.722527000000006,4084.161,1918.421,452.1777,141.7768,-27.09282,-314.8124,52862740000000.0,47768690000000.0,5135459000000.0,0.4593721,3.590807e-06,-4.656407e-07,-3.946043e-06,-4.145592e-07,2.848707e-06,-7.450381e-06,-6.160919e-06,7.228032e-06,46038640000000.0,4841446000000.0,0.4260629,3.482622e-06,-4.442743e-07,-3.819448e-06,-3.951161e-07,2.768999e-06,-7.218187e-06,-5.967455e-06,7.015746e-06,32774900000000.0,3227280000000.0,0.2791702,2.790489e-06,-3.25153e-07,-3.027725e-06,-2.876662e-07,2.243493e-06,-5.750907e-06,-4.748155e-06,5.643103e-06,1148359000000.0,519800000000000.0,2.121282,187600000000000.0,-1.876
1781,1.5541,25.09517,6.596005000000002,4075.09,1908.493,520.3331,-38.94822,206.6042,5.789878,29987590000000.0,26239140000000.0,2719647000000.0,0.3764424,1.448047e-06,-1.650638e-07,-1.572669e-06,-1.412563e-07,1.183247e-06,-2.985285e-06,-2.466818e-06,2.956469e-06,24989660000000.0,2530906000000.0,0.346558,1.406878e-06,-1.579532e-07,-1.525438e-06,-1.349284e-07,1.151688e-06,-2.897888e-06,-2.394129e-06,2.874322e-06,18453900000000.0,1694046000000.0,0.2320968,1.157013e-06,-1.190336e-07,-1.243132e-06,-1.006417e-07,9.562853e-07,-2.371812e-06,-1.957351e-06,2.372083e-06,728660900000.0,668000000000000.0,1.634824,185800000000000.0,-1.42263
1782,1.5593,25.29214,5.369951000000007,4087.496,1931.464,424.9551,138.0368,-171.4918,-124.1624,61320770000000.0,25950800000000.0,2806021000000.0,0.3760441,2.427022e-06,-2.030265e-07,-2.563112e-06,-1.632055e-07,2.057855e-06,-4.930519e-06,-4.061776e-06,5.031354e-06,24605200000000.0,2477227000000.0,0.3439611,2.29744e-06,-1.891978e-07,-2.423091e-06,-1.516955e-07,1.950359e-06,-4.66409e-06,-3.84167e-06,4.764781e-06,13455970000000.0,1148172000000.0,0.208357,1.482553e-06,-1.122438e-07,-1.553085e-06,-8.877775e-08,1.26609e-06,-2.999186e-06,-2.468245e-06,3.081043e-06,770738700000.0,192600000000000.0,1.389756,45540000000000.0,-1.25136
1783,1.5515,25.27899,5.021194999999998,4075.99,1924.883,396.0482,414.5394,-154.6859,57.89828,33351580000000.0,26046910000000.0,2431475000000.0,0.3826852,1.200037e-06,-8.900975e-07,-2.053732e-06,-8.652201e-07,2.32004e-07,-3.228363e-06,-2.797122e-06,1.695939e-06,25181890000000.0,2243377000000.0,0.3514803,1.148359e-06,-8.355187e-07,-1.948936e-06,-8.118166e-07,2.379254e-07,-3.07297e-06,-2.660271e-06,1.638641e-06,16339390000000.0,1314043000000.0,0.2221956,8.566636e-07,-5.639177e-07,-1.394064e-06,-5.466821e-07,2.354254e-07,-2.232531e-06,-1.924536e-06,1.279591e-06,745723100000.0,246400000000000.0,1.308869,54870000000000.0,-1.127
1784,1.558,24.95204,5.490175999999998,4095.202,1905.452,434.1361,177.6327,-53.96844,-158.9492,40752360000000.0,28834220000000.0,2823874000000.0,0.3868402,1.544513e-06,-4.113848e-07,-1.911827e-06,-3.840313e-07,1.02885e-06,-3.419809e-06,-2.86636e-06,2.918441e-06,27008050000000.0,2537285000000.0,0.3550476,1.447625e-06,-3.792384e-07,-1.785432e-06,-3.537323e-07,9.702324e-07,-3.198811e-06,-2.68004e-06,2.741073e-06,13936540000000.0,1147720000000.0,0.2109739,8.694536e-07,-2.09047e-07,-1.053197e-06,-1.941674e-07,6.000606e-07,-1.902065e-06,-1.590351e-06,1.662921e-06,867621700000.0,147600000000000.0,1.291007,32420000000000.0,-1.07316
1785,1.5508,25.24204,7.152135999999999,4060.544,1914.387,563.3079,169.8026,-638.3401,-65.33167,43155220000000.0,41905730000000.0,4359379000000.0,0.4392631,2.6684e-06,5.895454e-07,-2.009068e-06,6.231064e-07,3.061571e-06,-4.608824e-06,-3.654008e-06,6.336928e-06,40464020000000.0,4121279000000.0,0.4076374,2.602346e-06,5.668097e-07,-1.967251e-06,5.993328e-07,2.976957e-06,-4.502617e-06,-3.571382e-06,6.170854e-06,31333190000000.0,2861778000000.0,0.2756735,2.185273e-06,4.412713e-07,-1.685565e-06,4.67559e-07,2.461784e-06,-3.814444e-06,-3.032175e-06,5.141951e-06,1024595000000.0,231300000000000.0,1.599893,62960000000000.0,-1.37412
1786,1.56,25.71788,5.401575000000001,4072.862,1961.702,427.4547,187.9903,-248.4001,-92.26575,46711440000000.0,42386300000000.0,4735649000000.0,0.4409236,2.999637e-06,-2.682507e-07,-3.180056e-06,-2.235642e-07,2.510429e-06,-6.106475e-06,-5.030889e-06,6.176506e-06,40560140000000.0,4401270000000.0,0.4074509,2.892527e-06,-2.54787e-07,-3.062348e-06,-2.11976e-07,2.423782e-06,-5.884258e-06,-4.846992e-06,5.958488e-06,27873080000000.0,2726758000000.0,0.2641686,2.213094e-06,-1.787339e-07,-2.325522e-06,-1.473297e-07,1.86637e-06,-4.484521e-06,-3.690483e-06,4.568562e-06,1057538000000.0,253200000000000.0,1.697129,73110000000000.0,-1.43352
1787,1.5705,25.07227,4.864328000000005,4116.202,1925.742,386.7429,-182.4254,5.172626,-82.48927,90154990000000.0,84676490000000.0,9590002000000.0,0.5529241,9.026912e-06,1.724591e-06,-7.027312e-06,1.793525e-06,9.95469e-06,-1.580949e-05,-1.257156e-05,2.097003e-05,81696960000000.0,9086799000000.0,0.513705,8.819544e-06,1.662661e-06,-6.887233e-06,1.729005e-06,9.700508e-06,-1.546763e-05,-1.230376e-05,2.046111e-05,55169470000000.0,5979937000000.0,0.3323071,7.199302e-06,1.243512e-06,-5.7299e-06,1.2916e-06,7.785518e-06,-1.273379e-05,-1.014921e-05,1.65591e-05,1764658000000.0,418700000000000.0,2.733158,194700000000000.0,-2.430303
1788,1.5652,25.10244,4.835599000000006,4106.882,1924.017,383.6719,-137.5054,210.4355,297.3738,40944590000000.0,26335250000000.0,2686485000000.0,0.3765838,1.40823e-06,3.196748e-08,-1.338986e-06,5.444307e-08,1.344791e-06,-2.712172e-06,-2.208464e-06,3.072734e-06,25278000000000.0,2470401000000.0,0.3469051,1.34474e-06,2.999817e-08,-1.279027e-06,5.134289e-08,1.283252e-06,-2.590291e-06,-2.109259e-06,2.933089e-06,17684990000000.0,1482116000000.0,0.2269277,9.988252e-07,2.032077e-08,-9.51477e-07,3.567563e-08,9.49584e-07,-1.925398e-06,-1.567956e-06,2.174173e-06,729749900000.0,226500000000000.0,1.33823,51570000000000.0,-1.171
1789,1.5711,25.29803,5.165269000000005,4108.149,1941.741,410.7525,34.3868,-355.8255,-64.48991,29987590000000.0,26527480000000.0,2769304000000.0,0.3770256,1.394261e-06,3.822891e-07,-9.767993e-07,4.019451e-07,1.680023e-06,-2.334484e-06,-1.836548e-06,3.394044e-06,24989660000000.0,2547437000000.0,0.3448508,1.337919e-06,3.605814e-07,-9.434683e-07,3.793261e-07,1.605495e-06,-2.24628e-06,-1.768431e-06,3.25005e-06,19030590000000.0,1653998000000.0,0.2321336,1.042322e-06,2.583468e-07,-7.571083e-07,2.724673e-07,1.226655e-06,-1.772047e-06,-1.399628e-06,2.50704e-06,729771000000.0,291000000000000.0,1.376495,68150000000000.0,-1.15731
1790,1.5646,25.20603,4.858440000000005,4102.146,1930.851,385.3754,275.503,-345.6962,-40.58638,51805480000000.0,49979310000000.0,5161340000000.0,0.4865149,3.469071e-06,-5.429915e-07,-3.906496e-06,-4.916912e-07,2.663805e-06,-7.293072e-06,-6.047314e-06,6.896295e-06,47768690000000.0,4711246000000.0,0.4285576,3.322042e-06,-5.065203e-07,-3.726941e-06,-4.579304e-07,2.562649e-06,-6.969943e-06,-5.776824e-06,6.614851e-06,35369980000000.0,3192400000000.0,0.2865888,2.758998e-06,-3.86568e-07,-3.059583e-06,-3.47834e-07,2.157251e-06,-5.752824e-06,-4.761434e-06,5.519943e-06,1164018000000.0,349000000000000.0,1.930016,114600000000000.0,-1.699
1791,1.5639,26.04481,6.4996020000000065,4060.982,1984.607,514.9551,188.2593,-100.671,-538.4917,48729830000000.0,45173610000000.0,5114249000000.0,0.4487227,3.442835e-06,-3.418836e-07,-3.682458e-06,-2.925054e-07,2.841135e-06,-7.042904e-06,-5.806951e-06,7.045699e-06,44500810000000.0,4868817000000.0,0.4208336,3.358638e-06,-3.293113e-07,-3.58791e-06,-2.814149e-07,2.774978e-06,-6.866144e-06,-5.660338e-06,6.876243e-06,37196140000000.0,3499366000000.0,0.2933241,2.809885e-06,-2.567673e-07,-2.981551e-06,-2.180883e-07,2.335845e-06,-5.724029e-06,-4.714829e-06,5.76463e-06,1044414000000.0,289400000000000.0,1.823607,89790000000000.0,-1.56024
1793,1.5672,26.9412,5.502321000000006,4042.209,2054.385,436.7896,689.3232,-198.1824,63.77472,29026450000000.0,25566340000000.0,2542590000000.0,0.3708663,1.208158e-06,-1.545317e-06,-2.714601e-06,-1.516418e-06,-4.125369e-07,-3.901097e-06,-3.465251e-06,1.056666e-06,24893540000000.0,2401863000000.0,0.3482945,1.179118e-06,-1.490792e-06,-2.631897e-06,-1.462648e-06,-3.854459e-07,-3.789853e-06,-3.364471e-06,1.048326e-06,18069440000000.0,1512297000000.0,0.2300375,9.392327e-07,-1.090618e-06,-1.999113e-06,-1.068591e-06,-2.114606e-07,-2.921377e-06,-2.582452e-06,9.298883e-07,707932000000.0,272300000000000.0,1.270715,58870000000000.0,-1.088442
1794,1.5646,26.88385,6.003558000000006,4035.648,2045.971,475.8439,763.4774,-286.6736,-210.9859,62474140000000.0,54496680000000.0,6256492000000.0,0.4816921,4.626414e-06,-3.606313e-06,-8.067688e-06,-3.51257e-06,6.783815e-07,-1.260952e-05,-1.09357e-05,6.277414e-06,51421030000000.0,5741072000000.0,0.4389668,4.439324e-06,-3.399529e-06,-7.67987e-06,-3.310159e-06,7.100097e-07,-1.203793e-05,-1.043164e-05,6.081609e-06,33543810000000.0,3442895000000.0,0.2813569,3.383171e-06,-2.371885e-06,-5.631348e-06,-2.306224e-06,7.520857e-07,-8.952185e-06,-7.727399e-06,4.841541e-06,1292116000000.0,322800000000000.0,2.05207,112700000000000.0,-1.78002
1795,1.5665,25.39875,6.473134000000005,4086.721,1940.409,513.2946,14.73386,-206.5548,-250.2991,35081630000000.0,34889410000000.0,3353461000000.0,0.4310507,1.629932e-06,3.719977e-07,-1.216376e-06,3.95664e-07,1.889723e-06,-2.803877e-06,-2.221662e-06,3.892705e-06,34216610000000.0,3117579000000.0,0.3881606,1.575687e-06,3.52602e-07,-1.182774e-06,3.753443e-07,1.819377e-06,-2.717433e-06,-2.154553e-06,3.755465e-06,26527480000000.0,2127344000000.0,0.2592251,1.304196e-06,2.690349e-07,-1.001278e-06,2.873371e-07,1.481404e-06,-2.271483e-06,-1.805429e-06,3.083016e-06,903286700000.0,208600000000000.0,1.3057,46340000000000.0,-1.14642
1796,1.5652,25.86269,6.875370999999996,4066.458,1971.294,544.8979,313.6945,-70.91908,-250.8333,41136820000000.0,27296390000000.0,2770114000000.0,0.3825028,1.386129e-06,-6.982988e-07,-2.043799e-06,-6.71529e-07,5.964415e-07,-3.399015e-06,-2.901581e-06,2.290063e-06,26046910000000.0,2527070000000.0,0.3500939,1.311163e-06,-6.474639e-07,-1.920066e-06,-6.222715e-07,5.768362e-07,-3.201974e-06,-2.731406e-06,2.178643e-06,16819960000000.0,1458641000000.0,0.2260319,9.360839e-07,-4.221409e-07,-1.330234e-06,-4.04617e-07,4.504468e-07,-2.24539e-06,-1.909301e-06,1.593256e-06,767028700000.0,190600000000000.0,1.270196,41190000000000.0,-1.104
1798,1.5685,26.75981,5.931835999999995,4047.82,2041.138,471.0201,594.7955,-391.3572,-62.42125,52093820000000.0,46519210000000.0,5114173000000.0,0.452428,3.691028e-06,-1.914457e-06,-5.481089e-06,-1.849158e-06,1.498174e-06,-9.096178e-06,-7.764591e-06,5.978891e-06,44596930000000.0,4812033000000.0,0.4184147,3.58697e-06,-1.832065e-06,-5.29775e-06,-1.768989e-06,1.483124e-06,-8.810866e-06,-7.516715e-06,5.836862e-06,34889410000000.0,3368187000000.0,0.2861386,2.966977e-06,-1.393882e-06,-4.258617e-06,-1.343587e-06,1.342259e-06,-7.164256e-06,-6.093272e-06,4.940265e-06,1088084000000.0,471800000000000.0,2.117838,170000000000000.0,-1.85
1800,1.5639,25.12518,4.841014999999997,4104.113,1924.707,383.916,358.7258,91.95416,-29.09316,70355500000000.0,44500810000000.0,5109201000000.0,0.4467281,4.013057e-06,-2.207155e-06,-6.083632e-06,-2.133503e-06,1.507258e-06,-1.001237e-05,-8.565827e-06,6.377676e-06,41617390000000.0,4600691000000.0,0.4094021,3.799772e-06,-2.057675e-06,-5.72769e-06,-1.988394e-06,1.457887e-06,-9.447598e-06,-8.077796e-06,6.068715e-06,25758570000000.0,2422280000000.0,0.2570314,2.636214e-06,-1.307463e-06,-3.851829e-06,-1.261328e-06,1.125511e-06,-6.432526e-06,-5.481591e-06,4.321313e-06,1125426000000.0,237200000000000.0,1.958052,79020000000000.0,-1.67805
1801,1.5784,24.86137,7.051419000000007,4119.901,1909.02,561.6645,372.6438,-10.85579,-520.2498,28738110000000.0,28257540000000.0,2952631000000.0,0.3957985,1.399803e-06,-8.381652e-07,-2.196539e-06,-8.105489e-07,4.693709e-07,-3.56667e-06,-3.063562e-06,2.178552e-06,27873080000000.0,2751605000000.0,0.3574442,1.357628e-06,-7.976877e-07,-2.115006e-06,-7.710154e-07,4.700788e-07,-3.443829e-06,-2.955853e-06,2.127556e-06,22394580000000.0,1963860000000.0,0.2440615,1.163537e-06,-6.340364e-07,-1.762555e-06,-6.115995e-07,4.510857e-07,-2.901314e-06,-2.482998e-06,1.870834e-06,740630000000.0,242000000000000.0,1.257617,51780000000000.0,-1.081053
1803,1.5738,26.14285,6.1949489999999985,4076.349,2000.764,492.8934,258.4138,-126.5475,-415.7607,32005980000000.0,22586810000000.0,2403439000000.0,0.35506,1.206941e-06,-3.699204e-07,-1.543292e-06,-3.479979e-07,7.57456e-07,-2.722417e-06,-2.289783e-06,2.235253e-06,21433440000000.0,2235271000000.0,0.3298542,1.160826e-06,-3.504819e-07,-1.478931e-06,-3.294822e-07,7.335408e-07,-2.612991e-06,-2.196864e-06,2.154723e-06,16531620000000.0,1431284000000.0,0.2239043,8.907743e-07,-2.469118e-07,-1.112422e-06,-2.311977e-07,5.836219e-07,-1.982603e-06,-1.663173e-06,1.673484e-06,639432500000.0,326800000000000.0,1.345667,74820000000000.0,-1.165
1805,1.5764,25.18384,5.305072999999997,4119.796,1937.21,422.7318,-20.95226,-128.8229,-394.5375,52382170000000.0,50267660000000.0,5601469000000.0,0.4630104,4.01728e-06,6.507656e-07,-3.252491e-06,6.959385e-07,4.350981e-06,-7.164716e-06,-5.72574e-06,9.267394e-06,49210400000000.0,5345450000000.0,0.4319128,3.941318e-06,6.30884e-07,-3.198268e-06,6.748999e-07,4.260161e-06,-7.036498e-06,-5.624638e-06,9.083093e-06,40464020000000.0,3905814000000.0,0.2994969,3.403262e-06,5.061687e-07,-2.798502e-06,5.424023e-07,3.634316e-06,-6.112646e-06,-4.892983e-06,7.795825e-06,1130520000000.0,491300000000000.0,2.117524,177000000000000.0,-1.86714
1806,1.5745,26.67345,5.605463999999998,4062.446,2040.839,446.2026,363.5962,-127.7536,300.7392,46038640000000.0,36715570000000.0,4034806000000.0,0.4169079,2.578226e-06,-1.326206e-06,-3.821564e-06,-1.278878e-06,1.066956e-06,-6.344428e-06,-5.416474e-06,4.204298e-06,34697180000000.0,3738210000000.0,0.3840337,2.472149e-06,-1.248829e-06,-3.641233e-06,-1.203736e-06,1.044951e-06,-6.06027e-06,-5.170412e-06,4.052731e-06,25181890000000.0,2388335000000.0,0.2541309,1.912198e-06,-8.820293e-07,-2.731347e-06,-8.483685e-07,8.88324e-07,-4.602359e-06,-3.913698e-06,3.212809e-06,928169700000.0,392500000000000.0,1.82094,121600000000000.0,-1.578
1808,1.5784,24.97117,7.001241999999997,4116.865,1917.204,557.7129,439.9291,-222.6036,-237.0415,72277780000000.0,71028290000000.0,8705035000000.0,0.5187481,7.782073e-06,-2.468945e-06,-9.974869e-06,-2.358414e-06,4.659608e-06,-1.75864e-05,-1.47771e-05,1.408484e-05,69971040000000.0,8300718000000.0,0.4866445,7.649667e-06,-2.403516e-06,-9.781131e-06,-2.295486e-06,4.601789e-06,-1.726311e-05,-1.450143e-05,1.386563e-05,54881130000000.0,5872014000000.0,0.3324147,6.646347e-06,-1.954835e-06,-8.360975e-06,-1.864954e-06,4.119111e-06,-1.486134e-05,-1.246067e-05,1.216136e-05,1542024000000.0,312100000000000.0,2.433159,129200000000000.0,-2.06415
1809,1.5745,25.25076,5.250341999999995,4114.534,1940.607,418.0414,51.53977,-353.0267,-168.6547,88617170000000.0,83042550000000.0,9143626000000.0,0.5469504,8.537422e-06,1.167008e-06,-7.109073e-06,1.241461e-06,8.964882e-06,-1.542112e-05,-1.235712e-05,1.938002e-05,78717420000000.0,8497159000000.0,0.5044106,8.251129e-06,1.111514e-06,-6.885964e-06,1.182358e-06,8.644361e-06,-1.491922e-05,-1.195762e-05,1.870836e-05,50748230000000.0,5149806000000.0,0.3216148,6.245002e-06,7.691259e-07,-5.278365e-06,8.169981e-07,6.452262e-06,-1.13582e-05,-9.114843e-06,1.405967e-05,1776280000000.0,329200000000000.0,2.637075,147700000000000.0,-2.27898
1810,1.5738,26.98599,5.428114000000003,4051.246,2062.966,431.9983,458.3368,-258.6467,251.7958,44693040000000.0,20856750000000.0,2113194000000.0,0.3519507,1.252849e-06,-9.502803e-07,-2.165759e-06,-9.241017e-07,2.222442e-07,-3.392578e-06,-2.942237e-06,1.751474e-06,20472300000000.0,1981770000000.0,0.3296604,1.193788e-06,-8.944173e-07,-2.052513e-06,-8.695498e-07,2.225798e-07,-3.221483e-06,-2.792352e-06,1.679583e-06,16627730000000.0,1276671000000.0,0.2213517,8.546786e-07,-5.879974e-07,-1.416693e-06,-5.705938e-07,2.103942e-07,-2.253534e-06,-1.946199e-06,1.252812e-06,594000300000.0,224500000000000.0,1.254853,47930000000000.0,-1.121
1811,1.5751,26.5851,5.670753999999995,4066.652,2035.105,451.5517,279.1511,-94.77963,-44.77318,79486330000000.0,56034500000000.0,6637623000000.0,0.4800552,5.602084e-06,-1.524779e-06,-6.941767e-06,-1.440203e-06,3.636235e-06,-1.241567e-05,-1.039932e-05,1.044589e-05,50459880000000.0,5849713000000.0,0.4355793,5.193074e-06,-1.392627e-06,-6.413488e-06,-1.314895e-06,3.389476e-06,-1.148771e-05,-9.618369e-06,9.700867e-06,29026450000000.0,2762775000000.0,0.2673952,3.197237e-06,-7.96025e-07,-3.885136e-06,-7.503972e-07,2.141187e-06,-7.0091e-06,-5.8575e-06,6.023322e-06,1381811000000.0,202600000000000.0,2.093722,72170000000000.0,-1.75824
1812,1.5925,27.17263,5.160401000000005,4077.448,2093.062,413.9178,594.343,-96.48017,179.266,77660170000000.0,65838140000000.0,7830415000000.0,0.5029757,6.939849e-06,-4.196265e-06,-1.08735e-05,-4.072814e-06,2.181011e-06,-1.76795e-05,-1.516673e-05,1.055627e-05,63723630000000.0,7388673000000.0,0.4707784,6.73521e-06,-4.018731e-06,-1.04983e-05,-3.899715e-06,2.167991e-06,-1.710354e-05,-1.466462e-05,1.029499e-05,45461950000000.0,4677822000000.0,0.3084065,5.200934e-06,-2.843892e-06,-7.843136e-06,-2.756436e-06,1.919537e-06,-1.294331e-05,-1.105866e-05,8.187984e-06,1426712000000.0,376200000000000.0,2.496662,159800000000000.0,-2.167346
1816,1.5878,25.93995,6.468448,4103.296,1995.991,517.3435,33.22301,-281.3018,-411.3514,36523350000000.0,34504950000000.0,3253007000000.0,0.4062752,1.89204e-06,5.059123e-07,-1.337429e-06,5.304792e-07,2.261562e-06,-3.179936e-06,-2.503635e-06,4.585651e-06,33639920000000.0,3071193000000.0,0.3782323,1.842891e-06,4.857881e-07,-1.309521e-06,5.095748e-07,2.195368e-06,-3.104151e-06,-2.445376e-06,4.458833e-06,24316860000000.0,2087963000000.0,0.2510577,1.513237e-06,3.649912e-07,-1.108364e-06,3.837327e-07,1.766195e-06,-2.581895e-06,-2.040731e-06,3.623389e-06,880221300000.0,404100000000000.0,1.668309,114700000000000.0,-1.44936
1817,1.5844,26.34578,6.0744229999999995,4087.162,2024.066,485.3596,50.721,-323.5377,96.62376,28641990000000.0,24989660000000.0,2804671000000.0,0.3654472,1.36536e-06,2.680316e-07,-1.062636e-06,2.885373e-07,1.54077e-06,-2.392738e-06,-1.905024e-06,3.218797e-06,22971260000000.0,2526146000000.0,0.3343575,1.292728e-06,2.502504e-07,-1.009537e-06,2.695706e-07,1.454979e-06,-2.268876e-06,-1.807078e-06,3.04358e-06,14032650000000.0,1298746000000.0,0.2087711,8.869998e-07,1.593494e-07,-7.046807e-07,1.722346e-07,9.847742e-07,-1.568748e-06,-1.251774e-06,2.074155e-06,758686000000.0,187600000000000.0,1.223774,39060000000000.0,-0.977844
1820,1.5864,26.32245,6.099891999999995,4090.639,2023.714,487.7264,-326.6856,-21.64828,-115.6546,37292260000000.0,34889410000000.0,3627629000000.0,0.4086893,2.042259e-06,1.241631e-06,-7.525329e-07,1.263555e-06,3.135269e-06,-2.736867e-06,-2.009058e-06,5.652257e-06,33928270000000.0,3405617000000.0,0.3797554,1.988921e-06,1.193091e-06,-7.488511e-07,1.214302e-06,3.036819e-06,-2.681352e-06,-1.972508e-06,5.487827e-06,21433440000000.0,2079491000000.0,0.2402457,1.563099e-06,8.551162e-07,-6.702242e-07,8.709425e-07,2.301383e-06,-2.188938e-06,-1.631595e-06,4.226179e-06,913055800000.0,284900000000000.0,1.515928,73480000000000.0,-1.301244
1822,1.5911,25.61587,5.1631910000000065,4130.12,1980.228,413.8736,-18.63293,-30.16592,-22.26066,39791220000000.0,35081630000000.0,3873029000000.0,0.4097406,2.38752e-06,1.34678e-07,-2.185791e-06,1.681571e-07,2.347005e-06,-4.512371e-06,-3.65773e-06,5.270335e-06,34024380000000.0,3610297000000.0,0.3791874,2.30639e-06,1.281843e-07,-2.113234e-06,1.603144e-07,2.264666e-06,-4.360751e-06,-3.535084e-06,5.088312e-06,24989660000000.0,2332449000000.0,0.2534282,1.824965e-06,9.346049e-08,-1.679152e-06,1.178811e-07,1.780812e-06,-3.457514e-06,-2.80387e-06,4.013423e-06,885109600000.0,424300000000000.0,1.78836,129100000000000.0,-1.51668
1825,1.5979,26.79626,5.446409999999995,4097.545,2069.483,437.6813,670.0838,35.32862,-204.1375,30372040000000.0,21048980000000.0,2005244000000.0,0.3484527,9.974538e-07,-1.466835e-06,-2.431619e-06,-1.44177e-06,-5.302853e-07,-3.411862e-06,-3.051809e-06,6.816205e-07,19895610000000.0,1777262000000.0,0.3198916,9.327286e-07,-1.352808e-06,-2.25491e-06,-1.329434e-06,-4.772487e-07,-3.171527e-06,-2.834823e-06,6.558958e-07,9419178000000.0,688092200000.0,0.1823241,5.219309e-07,-6.940581e-07,-1.198572e-06,-6.81224e-07,-2.04932e-07,-1.711425e-06,-1.522958e-06,4.287006e-07,687670200000.0,106900000000000.0,1.090852,19840000000000.0,-0.857538
1827,1.6033,26.67981,6.273211999999996,4104.584,2062.579,504.9725,148.9575,-14.68554,-375.111,29026450000000.0,25662460000000.0,2750096000000.0,0.3675706,1.313709e-06,-2.543751e-07,-1.53191e-06,-2.314569e-07,9.717497e-07,-2.814353e-06,-2.34385e-06,2.58113e-06,25085770000000.0,2579121000000.0,0.3440576,1.273623e-06,-2.437872e-07,-1.482268e-06,-2.216393e-07,9.446944e-07,-2.725572e-06,-2.269405e-06,2.504845e-06,15666590000000.0,1435715000000.0,0.2152103,9.130823e-07,-1.60896e-07,-1.04838e-06,-1.454202e-07,6.898504e-07,-1.93969e-06,-1.612539e-06,1.807665e-06,727530600000.0,218200000000000.0,1.22859,45610000000000.0,-1.02762
1828,1.6046,26.780310000000004,5.292165,4109.785,2074.23,426.4244,549.7522,423.3651,4.440686,35369980000000.0,27584740000000.0,2694133000000.0,0.3788316,1.413311e-06,-2.148103e-06,-3.512442e-06,-2.111793e-06,-8.234578e-07,-4.902483e-06,-4.391461e-06,8.890774e-07,25854680000000.0,2408440000000.0,0.3458038,1.32578e-06,-1.97841e-06,-3.258106e-06,-1.944479e-06,-7.362328e-07,-4.562027e-06,-4.082624e-06,8.700078e-07,14513220000000.0,1152786000000.0,0.2101665,8.438003e-07,-1.1523e-06,-1.966293e-06,-1.131142e-06,-3.631382e-07,-2.796086e-06,-2.490862e-06,6.583965e-07,803543400000.0,106400000000000.0,1.178839,21340000000000.0,-0.945153
1829,1.6046,26.72568,5.249618999999999,4111.83,2070.344,422.9839,507.2167,617.561,246.1528,33159350000000.0,24316860000000.0,2583900000000.0,0.3592417,1.372442e-06,-2.286059e-06,-3.61024e-06,-2.249562e-06,-9.989114e-07,-4.96187e-06,-4.464808e-06,6.624454e-07,22779030000000.0,2349311000000.0,0.3312283,1.295216e-06,-2.123481e-06,-3.373015e-06,-2.089153e-06,-9.091463e-07,-4.648552e-06,-4.179436e-06,6.58512e-07,14705450000000.0,1301303000000.0,0.2133233,9.066317e-07,-1.366446e-06,-2.240567e-06,-1.342876e-06,-5.179597e-07,-3.133289e-06,-2.804817e-06,5.785343e-07,704702600000.0,242000000000000.0,1.342867,55290000000000.0,-1.11078
1831,1.6046,26.79952,5.317324999999995,4108.947,2075.535,428.4485,679.0309,-330.2835,-149.0632,47672580000000.0,19126700000000.0,1055079000000.0,0.3330378,3.535917e-07,-5.188733e-07,-8.623067e-07,-5.102508e-07,-1.854141e-07,-1.209505e-06,-1.082193e-06,2.465753e-07,17684990000000.0,935281000000.0,0.3039543,3.275187e-07,-4.759279e-07,-7.940213e-07,-4.679514e-07,-1.670951e-07,-1.115611e-06,-9.976858e-07,2.330163e-07,3075650000000.0,177187400000.0,0.1274186,1.139998e-07,-1.492086e-07,-2.598617e-07,-1.464785e-07,-4.187936e-08,-3.71773e-07,-3.30721e-07,9.728655e-08,699463400000.0,110900000000000.0,0.8819087,16640000000000.0,-0.926391
1832,1.6033,25.53772,5.476258000000002,4150.179,1982.889,440.9625,94.69569,-159.1291,-208.4507,89962770000000.0,77660170000000.0,9869479000000.0,0.530509,9.275477e-06,3.241302e-08,-8.943623e-06,1.274963e-07,8.507777e-06,-1.798508e-05,-1.465071e-05,1.979617e-05,74584520000000.0,9113375000000.0,0.4916,8.910133e-06,3.073199e-08,-8.590657e-06,1.209124e-07,8.168617e-06,-1.727595e-05,-1.407254e-05,1.901046e-05,40848480000000.0,4627232000000.0,0.2957531,6.007161e-06,1.893703e-08,-5.787884e-06,7.374818e-08,5.486601e-06,-1.164321e-05,-9.48159e-06,1.278618e-05,1729492000000.0,297500000000000.0,2.592082,131200000000000.0,-2.181431
1833,1.6006,25.29309,6.064999,4150.466,1961.304,487.7514,169.4996,-524.5773,37.92993,54016110000000.0,53054960000000.0,5558764000000.0,0.4675174,4.093371e-06,3.878281e-07,-3.586065e-06,4.344571e-07,4.154007e-06,-7.575095e-06,-6.107029e-06,9.157253e-06,52478280000000.0,5350400000000.0,0.4412045,4.021168e-06,3.765938e-07,-3.526888e-06,4.220868e-07,4.075331e-06,-7.445527e-06,-6.003263e-06,8.989783e-06,39695110000000.0,3820858000000.0,0.2937784,3.40177e-06,2.926612e-07,-3.00738e-06,3.289767e-07,3.414694e-06,-6.322234e-06,-5.101479e-06,7.568416e-06,1181004000000.0,666400000000000.0,2.317887,262800000000000.0,-2.07108
1834,1.5992,26.91724,5.328843999999996,4096.457,2079.801,428.5225,579.2499,-125.692,-11.89599,28257540000000.0,22682920000000.0,2307339000000.0,0.3558308,1.091808e-06,-1.201968e-06,-2.259272e-06,-1.176876e-06,-1.789372e-07,-3.330154e-06,-2.936898e-06,1.150176e-06,20760640000000.0,2029622000000.0,0.3217791,1.009397e-06,-1.091747e-06,-2.069146e-06,-1.068638e-06,-1.462297e-07,-3.059179e-06,-2.695584e-06,1.082402e-06,11149230000000.0,913283500000.0,0.1927421,5.820212e-07,-5.868718e-07,-1.150212e-06,-5.737618e-07,-4.238583e-08,-1.721027e-06,-1.511323e-06,6.656695e-07,720409500000.0,191900000000000.0,1.180732,38550000000000.0,-0.974358
1835,1.6026,26.788890000000002,5.405292000000004,4105.355,2072.765,435.1569,519.7042,-175.7595,-452.7422,56707300000000.0,33736040000000.0,3864496000000.0,0.4014742,2.910433e-06,-1.819728e-06,-4.637973e-06,-1.762899e-06,8.889799e-07,-7.489019e-06,-6.44071e-06,4.43201e-06,31813760000000.0,3542778000000.0,0.3709858,2.783815e-06,-1.714107e-06,-4.409455e-06,-1.660021e-06,8.758769e-07,-7.136418e-06,-6.133646e-06,4.264291e-06,23067380000000.0,2142310000000.0,0.2474179,2.052817e-06,-1.165365e-06,-3.151717e-06,-1.126643e-06,7.407417e-07,-5.162421e-06,-4.422658e-06,3.237367e-06,870052400000.0,302500000000000.0,1.696836,87330000000000.0,-1.502479
1837,1.6033,25.21134,6.113717999999996,4156.891,1957.089,492.129,-168.6908,-380.7013,-231.6108,60840200000000.0,51324910000000.0,5877954000000.0,0.4626705,4.69189e-06,2.214859e-06,-2.356112e-06,2.250667e-06,6.523767e-06,-6.913837e-06,-5.238012e-06,1.228767e-05,49114290000000.0,5474053000000.0,0.4269359,4.546585e-06,2.113123e-06,-2.315761e-06,2.147297e-06,6.286889e-06,-6.732301e-06,-5.108214e-06,1.187137e-05,36042770000000.0,3622783000000.0,0.2850862,3.707874e-06,1.58377e-06,-2.0256e-06,1.609111e-06,4.979451e-06,-5.627269e-06,-4.301995e-06,9.529354e-06,1180986000000.0,378400000000000.0,2.199449,141600000000000.0,-1.896
1838,1.5965,26.715000000000003,5.474521000000005,4097.54,2062.192,439.6391,361.1,213.985,-286.9653,30564270000000.0,29410900000000.0,3108088000000.0,0.3845769,1.628855e-06,-1.297522e-06,-2.873911e-06,-1.263652e-06,2.212272e-07,-4.469724e-06,-3.883172e-06,2.202841e-06,28545880000000.0,2947245000000.0,0.3574906,1.595885e-06,-1.255012e-06,-2.799391e-06,-1.221925e-06,2.326791e-07,-4.362889e-06,-3.788182e-06,2.174015e-06,23259600000000.0,2113547000000.0,0.24607,1.386979e-06,-1.012901e-06,-2.354571e-06,-9.846782e-07,2.783297e-07,-3.713334e-06,-3.213711e-06,1.964635e-06,748801600000.0,392400000000000.0,1.467309,97960000000000.0,-1.27611
1840,1.5979,25.09513,7.115577999999998,4144.316,1940.91,571.2714,-8.314897,-318.938,-398.1877,104091500000000.0,69971040000000.0,7683552000000.0,0.5132596,7.939561e-06,1.765944e-06,-5.938573e-06,1.826767e-06,9.01376e-06,-1.366332e-05,-1.08163e-05,1.871322e-05,67279850000000.0,7148875000000.0,0.4747782,7.622427e-06,1.663925e-06,-5.731565e-06,1.721014e-06,8.618068e-06,-1.314768e-05,-1.041398e-05,1.792786e-05,46423090000000.0,4513949000000.0,0.3103675,5.905366e-06,1.172088e-06,-4.551955e-06,1.210691e-06,6.541763e-06,-1.029715e-05,-8.177501e-06,1.374474e-05,1509275000000.0,336100000000000.0,2.686114,153600000000000.0,-2.39849
1842,1.606,24.89742,6.085239999999998,4172.37,1936.521,490.3856,50.75952,37.15008,44.61082,36427230000000.0,31429300000000.0,3321235000000.0,0.4063456,1.804889e-06,-2.385356e-07,-1.991713e-06,-2.094056e-07,1.439247e-06,-3.752525e-06,-3.105945e-06,3.647238e-06,29314790000000.0,3007593000000.0,0.3602204,1.712946e-06,-2.204588e-07,-1.884103e-06,-1.930529e-07,1.371097e-06,-3.555213e-06,-2.941494e-06,3.466222e-06,22875150000000.0,2027426000000.0,0.2435529,1.374478e-06,-1.621223e-07,-1.496379e-06,-1.408365e-07,1.112726e-06,-2.837272e-06,-2.344596e-06,2.792724e-06,809618800000.0,387300000000000.0,1.57374,103700000000000.0,-1.373049
1843,1.6128,26.82329,5.2490689999999995,4122.051,2084.301,424.3553,137.7509,-212.4232,-197.3463,38061170000000.0,36138890000000.0,3747796000000.0,0.4121952,2.094954e-06,-3.599803e-08,-2.07262e-06,-4.176469e-09,1.9101e-06,-4.115514e-06,-3.36539e-06,4.475793e-06,35273860000000.0,3520988000000.0,0.3811321,2.032343e-06,-3.438917e-08,-2.009983e-06,-3.683156e-09,1.853021e-06,-3.991812e-06,-3.264057e-06,4.341757e-06,27680850000000.0,2393809000000.0,0.260076,1.654527e-06,-2.592928e-08,-1.633535e-06,-1.674114e-09,1.508237e-06,-3.246899e-06,-2.654207e-06,3.533073e-06,884680000000.0,274100000000000.0,1.515188,70660000000000.0,-1.307777
1844,1.6114,26.67596,5.361530999999995,4124.065,2072.021,433.15,-468.3768,-93.96402,-415.9811,34312720000000.0,16819960000000.0,1591597000000.0,0.3179156,7.197579e-07,9.971519e-07,2.903354e-07,1.004673e-06,1.669684e-06,-4.082458e-07,-1.527216e-07,2.563573e-06,15474360000000.0,1423943000000.0,0.2919439,6.721874e-07,9.165853e-07,2.565411e-07,9.235636e-07,1.544508e-06,-3.958563e-07,-1.572099e-07,2.379223e-06,9611407000000.0,686512400000.0,0.1824053,4.365996e-07,5.479147e-07,1.194034e-07,5.522805e-07,9.551888e-07,-3.043001e-07,-1.492554e-07,1.497019e-06,550012700000.0,102600000000000.0,0.9612723,16780000000000.0,-0.7940313
1845,1.6094,26.41149,4.8629630000000015,4133.569,2052.954,392.6657,277.9431,427.6165,-99.10459,52670510000000.0,51805480000000.0,5405129000000.0,0.462279,3.656134e-06,-2.451857e-06,-5.981293e-06,-2.381011e-06,9.351531e-07,-9.564231e-06,-8.244779e-06,5.367838e-06,51036570000000.0,5170586000000.0,0.4360942,3.576547e-06,-2.371135e-06,-5.82348e-06,-2.302097e-06,9.41302e-07,-9.328399e-06,-8.037592e-06,5.277058e-06,35562200000000.0,3355433000000.0,0.2827426,2.839606e-06,-1.725997e-06,-4.465241e-06,-1.67298e-06,8.982345e-07,-7.247819e-06,-6.222454e-06,4.337674e-06,1180647000000.0,267200000000000.0,1.842257,83750000000000.0,-1.5939
1847,1.6087,26.71683,6.155510999999996,4113.139,2070.207,496.6179,130.8125,-78.41611,-298.1994,60071290000000.0,59590720000000.0,6177865000000.0,0.4930747,4.846394e-06,-3.200716e-07,-5.013237e-06,-2.602783e-07,4.130854e-06,-9.740647e-06,-7.999117e-06,1.003432e-05,58052900000000.0,5843807000000.0,0.4508457,4.736384e-06,-3.076709e-07,-4.893787e-06,-2.497735e-07,4.040514e-06,-9.513862e-06,-7.811696e-06,9.809079e-06,44885270000000.0,4303082000000.0,0.3052589,4.114068e-06,-2.463938e-07,-4.227491e-06,-1.986643e-07,3.52238e-06,-8.240411e-06,-6.761094e-06,8.528771e-06,1295502000000.0,609300000000000.0,2.414524,250300000000000.0,-2.16909
1848,1.608,26.66814,5.374082999999996,4119.393,2068.969,433.6484,598.0377,147.9086,-452.0222,30468160000000.0,15954930000000.0,1220496000000.0,0.3163758,7.750388e-07,-1.11948e-06,-1.869955e-06,-1.100164e-06,-3.909853e-07,-2.631566e-06,-2.351925e-06,5.520158e-07,14897680000000.0,1029603000000.0,0.2870911,6.987985e-07,-9.994721e-07,-1.676081e-06,-9.820899e-07,-3.427532e-07,-2.362761e-06,-2.110622e-06,5.0742e-07,1441711000000.0,89394180000.0,0.1009906,1.306063e-07,-1.731223e-07,-2.995173e-07,-1.699269e-07,-5.056115e-08,-4.278417e-07,-3.807057e-07,1.082359e-07,555072200000.0,49040000000000.0,0.9527169,7949000000000.0,-0.7086
1849,1.6067,26.60218,5.368664000000007,4118.743,2062.709,432.8902,21.77151,548.1666,-228.7592,36235000000000.0,31333190000000.0,3351279000000.0,0.3913903,1.951334e-06,-9.123647e-07,-2.80431e-06,-8.764654e-07,9.035918e-07,-4.713201e-06,-4.011697e-06,3.283681e-06,28738110000000.0,3069713000000.0,0.3573176,1.872363e-06,-8.594653e-07,-2.674633e-06,-8.252187e-07,8.823489e-07,-4.506241e-06,-3.833073e-06,3.165767e-06,19895610000000.0,1938227000000.0,0.2325764,1.462085e-06,-6.123866e-07,-2.028934e-06,-5.864908e-07,7.450172e-07,-3.459082e-06,-2.933187e-06,2.526625e-06,837222700000.0,373500000000000.0,1.617724,102800000000000.0,-1.372728
1850,1.6107,26.3398,4.904798000000003,4138.418,2048.912,396.279,-64.91309,411.9375,-61.71414,52670510000000.0,35081630000000.0,3405377000000.0,0.407117,1.940653e-06,-4.520471e-07,-2.336262e-06,-4.195055e-07,1.35252e-06,-4.231359e-06,-3.535275e-06,3.724708e-06,34408840000000.0,3209399000000.0,0.3796481,1.881031e-06,-4.315546e-07,-2.25773e-06,-4.001645e-07,1.317084e-06,-4.094591e-06,-3.419848e-06,3.616134e-06,23740170000000.0,2021809000000.0,0.2464998,1.44836e-06,-3.01989e-07,-1.707298e-06,-2.786392e-07,1.041804e-06,-3.121582e-06,-2.6018e-06,2.81065e-06,899493100000.0,299400000000000.0,1.584642,80720000000000.0,-1.436069
1851,1.6067,26.82616,5.129883999999998,4112.852,2079.909,413.7527,510.1764,-162.2121,583.9725,31044840000000.0,27104170000000.0,2791908000000.0,0.3771046,1.462273e-06,-1.354933e-06,-2.771062e-06,-1.323081e-06,1.178159e-08,-4.205683e-06,-3.678478e-06,1.791703e-06,26431370000000.0,2615640000000.0,0.3509346,1.412193e-06,-1.288314e-06,-2.655807e-06,-1.257668e-06,3.120496e-08,-4.04126e-06,-3.532087e-06,1.749949e-06,18838360000000.0,1670079000000.0,0.2297799,1.112131e-06,-9.285635e-07,-2.004845e-06,-9.049909e-07,1.087104e-07,-3.095769e-06,-2.694658e-06,1.461215e-06,739401600000.0,296800000000000.0,1.416531,71530000000000.0,-1.19295
1852,1.6162,26.94353,5.273762999999997,4122.66,2095.485,426.8799,444.0647,-322.906,-198.8145,31429300000000.0,30179820000000.0,2973138000000.0,0.3870351,1.478715e-06,-7.550127e-07,-2.190457e-06,-7.265693e-07,6.257885e-07,-3.636965e-06,-3.10589e-06,2.432362e-06,29026450000000.0,2797266000000.0,0.36105,1.437404e-06,-7.241705e-07,-2.119412e-06,-6.966133e-07,6.17753e-07,-3.525491e-06,-3.00923e-06,2.373691e-06,19895610000000.0,1707536000000.0,0.2320505,1.126287e-06,-5.208018e-07,-1.613507e-06,-4.997179e-07,5.290046e-07,-2.715165e-06,-2.310511e-06,1.90398e-06,800972300000.0,232500000000000.0,1.302937,51540000000000.0,-1.1088
1853,1.606,26.81234,5.214366000000006,4111.731,2078.097,420.4382,694.0265,-175.9193,241.3569,87559910000000.0,84772610000000.0,9398953000000.0,0.5451393,9.314106e-06,-5.512628e-06,-1.445254e-05,-5.356221e-06,2.998187e-06,-2.359371e-05,-2.021245e-05,1.420043e-05,82465870000000.0,8961758000000.0,0.5085127,9.124168e-06,-5.331717e-06,-1.408828e-05,-5.179559e-06,3.002202e-06,-2.304293e-05,-1.973031e-05,1.397426e-05,61609120000000.0,6310017000000.0,0.33903,7.689667e-06,-4.142032e-06,-1.15157e-05,-4.020171e-06,2.861623e-06,-1.906184e-05,-1.626818e-05,1.209825e-05,1691214000000.0,374200000000000.0,2.781741,177100000000000.0,-2.445
1856,1.6162,26.43687,6.888807999999998,4128.091,2052.514,556.9818,122.6008,7.336298,-214.3226,63435280000000.0,47095890000000.0,5494348000000.0,0.446967,3.684874e-06,-5.340952e-07,-4.109151e-06,-4.77437e-07,2.879852e-06,-7.705156e-06,-6.383329e-06,7.380111e-06,44789150000000.0,5039354000000.0,0.4134002,3.524279e-06,-5.032964e-07,-3.922216e-06,-4.494519e-07,2.760774e-06,-7.361487e-06,-6.09716e-06,7.064338e-06,16435510000000.0,1767156000000.0,0.2173587,1.958101e-06,-2.534606e-07,-2.151698e-06,-2.249428e-07,1.555647e-06,-4.062515e-06,-3.359612e-06,3.944432e-06,1386503000000.0,133500000000000.0,1.549756,35200000000000.0,-1.33056
1857,1.6094,26.65912,5.360024000000003,4122.15,2069.541,432.7625,-116.3597,147.0546,-404.5649,101977000000000.0,101496500000000.0,11521900000000.0,0.5824293,1.161992e-05,8.998667e-07,-1.034075e-05,9.897507e-07,1.145858e-05,-2.165909e-05,-1.748013e-05,2.559222e-05,100343100000000.0,11147810000000.0,0.5501548,1.146573e-05,8.797015e-07,-1.021087e-05,9.674808e-07,1.129541e-05,-2.137898e-05,-1.725519e-05,2.523996e-05,82273640000000.0,8219379000000.0,0.3730499,1.002097e-05,7.167571e-07,-8.969826e-06,7.867281e-07,9.798642e-06,-1.873032e-05,-1.512404e-05,2.197471e-05,1893924000000.0,280600000000000.0,2.691642,128500000000000.0,-2.42649
1860,1.6087,26.75691,5.180530999999997,4117.829,2076.179,418.1103,44.83216,288.8253,321.8513,30372040000000.0,26239140000000.0,2607657000000.0,0.3696443,1.308586e-06,-6.125764e-07,-1.883545e-06,-5.873809e-07,6.106262e-07,-3.162741e-06,-2.693344e-06,2.210767e-06,24989660000000.0,2433954000000.0,0.3467162,1.268046e-06,-5.868002e-07,-1.818323e-06,-5.624546e-07,5.982824e-07,-3.057881e-06,-2.603006e-06,2.148731e-06,14705450000000.0,1236606000000.0,0.2104264,8.911063e-07,-3.744202e-07,-1.239403e-06,-3.577626e-07,4.569299e-07,-2.110442e-06,-1.790655e-06,1.545725e-06,770118700000.0,180000000000000.0,1.219607,37350000000000.0,-1.00089
1862,1.6067,26.13965,6.225066000000001,4129.327,2026.481,501.7321,119.9717,-64.96983,-104.8201,28930330000000.0,22971260000000.0,2486642000000.0,0.3530125,1.237951e-06,-1.848084e-07,-1.388191e-06,-1.639015e-07,9.688946e-07,-2.596017e-06,-2.152791e-06,2.484851e-06,22490690000000.0,2357086000000.0,0.3335435,1.199769e-06,-1.767118e-07,-1.342901e-06,-1.565312e-07,9.411489e-07,-2.513471e-06,-2.08389e-06,2.410216e-06,16435510000000.0,1518463000000.0,0.2187925,9.274903e-07,-1.247388e-07,-1.025834e-06,-1.095989e-07,7.379713e-07,-1.930738e-06,-1.598502e-06,1.872893e-06,645492500000.0,374200000000000.0,1.393383,88710000000000.0,-1.18701
1863,1.6073,24.944230000000005,6.6915819999999995,4167.915,1938.594,539.3037,182.9291,-395.5371,-50.3435,30372040000000.0,21914010000000.0,2296445000000.0,0.3508199,1.113153e-06,1.883769e-08,-1.065539e-06,3.726857e-08,1.058687e-06,-2.151202e-06,-1.753158e-06,2.425676e-06,21529550000000.0,2149278000000.0,0.3268085,1.072945e-06,1.790185e-08,-1.027234e-06,3.559855e-08,1.019967e-06,-2.073674e-06,-1.689988e-06,2.337458e-06,16916080000000.0,1406224000000.0,0.2205882,8.414374e-07,1.293106e-08,-8.063524e-07,2.647668e-08,7.97698e-07,-1.626965e-06,-1.325973e-06,1.830334e-06,613811300000.0,224700000000000.0,1.177879,45030000000000.0,-1.01079
1864,1.6087,26.43029,4.843236000000001,4132.551,2054.14,391.0327,492.0406,-88.94416,8.064896,31044840000000.0,29410900000000.0,2891823000000.0,0.3852908,1.514679e-06,-1.262835e-06,-2.728845e-06,-1.230731e-06,1.507188e-07,-4.212977e-06,-3.667578e-06,1.993618e-06,28641990000000.0,2774426000000.0,0.3661508,1.485172e-06,-1.227254e-06,-2.664635e-06,-1.195845e-06,1.585409e-07,-4.119847e-06,-3.585053e-06,1.965423e-06,22010120000000.0,1805222000000.0,0.2410258,1.174584e-06,-8.911084e-07,-2.027321e-06,-8.668357e-07,2.030573e-07,-3.178143e-06,-2.755029e-06,1.631118e-06,769683400000.0,240900000000000.0,1.400724,57410000000000.0,-1.164582
1868,1.6196,25.41381,4.955215999999999,4184.595,1988.228,401.6787,-123.1477,-120.1429,119.3837,35658320000000.0,30948730000000.0,3317936000000.0,0.3882693,1.895226e-06,5.712365e-07,-1.275278e-06,5.960782e-07,2.330793e-06,-3.119818e-06,-2.442993e-06,4.659334e-06,29218680000000.0,3094493000000.0,0.3602591,1.834275e-06,5.442552e-07,-1.242726e-06,5.681434e-07,2.24673e-06,-3.027941e-06,-2.372834e-06,4.500127e-06,21241210000000.0,1993762000000.0,0.2370951,1.472433e-06,4.006785e-07,-1.03307e-06,4.191051e-07,1.76492e-06,-2.466098e-06,-1.939985e-06,3.572542e-06,825712100000.0,355200000000000.0,1.559093,94220000000000.0,-1.33155
1870,1.6231,24.97996,6.464819000000002,4194.471,1954.128,524.3399,102.7095,-248.5072,-121.0342,32774900000000.0,29507020000000.0,3144130000000.0,0.3835724,1.722091e-06,8.759333e-08,-1.587529e-06,1.131952e-07,1.687789e-06,-3.266131e-06,-2.649928e-06,3.798618e-06,28545880000000.0,2964325000000.0,0.3560524,1.676824e-06,8.408485e-08,-1.546884e-06,1.088895e-07,1.641821e-06,-3.181356e-06,-2.581313e-06,3.696955e-06,21433440000000.0,2021972000000.0,0.2392953,1.384802e-06,6.387572e-08,-1.282417e-06,8.370056e-08,1.348221e-06,-2.63221e-06,-2.136461e-06,3.044347e-06,777805000000.0,443300000000000.0,1.572493,118600000000000.0,-1.35763
1871,1.6244,25.89818,6.774654000000004,4162.329,2020.955,549.6619,103.6097,-88.47901,-309.8083,54688900000000.0,43155220000000.0,4613515000000.0,0.4318654,3.216755e-06,-9.605759e-08,-3.220497e-06,-4.932742e-08,2.884313e-06,-6.357559e-06,-5.204812e-06,6.819085e-06,40271790000000.0,4166097000000.0,0.3975769,3.052686e-06,-8.975518e-08,-3.05452e-06,-4.573278e-08,2.73757e-06,-6.031561e-06,-4.93751e-06,6.47111e-06,16819960000000.0,1673964000000.0,0.2196639,1.807303e-06,-4.785874e-08,-1.80171e-06,-2.325074e-08,1.6214e-06,-3.56416e-06,-2.915988e-06,3.829377e-06,1202304000000.0,203200000000000.0,1.717296,59370000000000.0,-1.42461
1882,1.6286,26.10618,6.456181999999997,4163.776,2040.369,524.7075,170.8817,-115.3786,-198.2401,74584520000000.0,67375960000000.0,7842930000000.0,0.5071939,7.352388e-06,-6.590949e-07,-7.762396e-06,-5.794219e-07,6.049899e-06,-1.493578e-05,-1.22882e-05,1.497698e-05,64876990000000.0,7374179000000.0,0.4652355,7.139834e-06,-6.289035e-07,-7.52581e-06,-5.526352e-07,5.882671e-06,-1.449176e-05,-1.192038e-05,1.454986e-05,52574390000000.0,5373621000000.0,0.3191019,6.081914e-06,-4.94281e-07,-6.364832e-06,-4.340048e-07,5.037719e-06,-1.229843e-05,-1.010657e-05,1.241296e-05,1394009000000.0,521200000000000.0,2.743718,243300000000000.0,-2.406
1883,1.6327,26.1513,5.194604999999998,4178.549,2051.691,423.2029,55.31856,202.8013,-77.97209,29026450000000.0,26431370000000.0,2711144000000.0,0.3665781,1.274021e-06,-3.85367e-07,-1.623143e-06,-3.623475e-07,8.036232e-07,-2.867142e-06,-2.410661e-06,2.362467e-06,25566340000000.0,2553535000000.0,0.3409733,1.23688e-06,-3.687962e-07,-1.57041e-06,-3.465281e-07,7.85276e-07,-2.778139e-06,-2.334942e-06,2.298543e-06,19511160000000.0,1728069000000.0,0.2311074,1.004195e-06,-2.766678e-07,-1.251855e-06,-2.589825e-07,6.590477e-07,-2.232367e-06,-1.872423e-06,1.886993e-06,719990500000.0,239200000000000.0,1.241132,50510000000000.0,-1.0593
1886,1.639,26.10468,6.186378,4183.332,2049.817,504.959,286.8293,149.9695,-233.7544,201551200000000.0,149937900000000.0,19147390000000.0,0.6522596,3.088821e-05,-6.496076e-06,-3.605673e-05,-6.279561e-06,2.107772e-05,-6.625603e-05,-5.503123e-05,5.808715e-05,142441000000000.0,17855830000000.0,0.6019573,2.987056e-05,-6.179279e-06,-3.475946e-05,-5.97693e-06,2.046428e-05,-6.396338e-05,-5.310618e-05,5.624294e-05,101400300000000.0,11611680000000.0,0.3960673,2.365797e-05,-4.475682e-06,-2.708036e-05,-4.348969e-06,1.65227e-05,-5.020818e-05,-4.159856e-05,4.480524e-05,2599924000000.0,502300000000000.0,4.44537,379900000000000.0,-4.031
1887,1.63,26.330410000000004,5.216759000000002,4167.092,2062.258,424.5061,-10.35256,176.08,-180.6187,34312720000000.0,25085770000000.0,2771927000000.0,0.363222,1.505163e-06,-1.815411e-07,-1.645661e-06,-1.558442e-07,1.223056e-06,-3.114091e-06,-2.575455e-06,3.067906e-06,24316860000000.0,2588308000000.0,0.3418724,1.460803e-06,-1.741289e-07,-1.59502e-06,-1.492706e-07,1.188812e-06,-3.020168e-06,-2.497381e-06,2.979155e-06,16051050000000.0,1444181000000.0,0.2166784,1.099949e-06,-1.202682e-07,-1.189688e-06,-1.020445e-07,9.044185e-07,-2.262768e-06,-1.86897e-06,2.251687e-06,705161000000.0,185200000000000.0,1.236777,38970000000000.0,-1.043
1892,1.6439,26.71171,5.055058000000004,4177.111,2101.938,413.6386,83.96542,122.7497,-34.58024,29987590000000.0,26046910000000.0,2846285000000.0,0.3790572,1.46219e-06,-3.89398e-07,-1.808995e-06,-3.641307e-07,9.717483e-07,-3.236522e-06,-2.71236e-06,2.759167e-06,25374110000000.0,2627281000000.0,0.3408103,1.404665e-06,-3.659211e-07,-1.729524e-06,-3.418014e-07,9.411901e-07,-3.100885e-06,-2.597297e-06,2.65804e-06,20952870000000.0,1899117000000.0,0.2352813,1.176092e-06,-2.823049e-07,-1.423528e-06,-2.626289e-07,8.104683e-07,-2.571721e-06,-2.149916e-06,2.247105e-06,687899000000.0,377500000000000.0,1.440368,92510000000000.0,-1.24
1895,1.6474,26.20609,6.132048000000007,4193.657,2064.089,502.1618,-140.9593,-302.6208,-177.0203,48729830000000.0,43539670000000.0,4906389000000.0,0.4303414,3.282319e-06,1.482009e-06,-1.717333e-06,1.514514e-06,4.512265e-06,-4.907761e-06,-3.736007e-06,8.547487e-06,42290190000000.0,4641018000000.0,0.4021147,3.199809e-06,1.426289e-06,-1.692375e-06,1.45772e-06,4.379546e-06,-4.802588e-06,-3.66021e-06,8.312889e-06,31429300000000.0,3083453000000.0,0.2689095,2.61271e-06,1.074294e-06,-1.470733e-06,1.098511e-06,3.481035e-06,-4.010212e-06,-3.076987e-06,6.690201e-06,1032761000000.0,264600000000000.0,1.74796,78690000000000.0,-1.497734
1898,1.6418,26.63464,4.917267999999998,4177.01,2094.851,402.0259,-38.93513,124.3329,314.2419,88521050000000.0,72854460000000.0,8771288000000.0,0.5134441,8.947616e-06,-4.593662e-07,-9.104393e-06,-3.70058e-07,7.692225e-06,-1.783123e-05,-1.460941e-05,1.855709e-05,69009900000000.0,8163349000000.0,0.4719397,8.646377e-06,-4.362933e-07,-8.788892e-06,-3.514411e-07,7.436294e-06,-1.722186e-05,-1.410805e-05,1.793297e-05,53535530000000.0,5589552000000.0,0.31982,7.108614e-06,-3.300921e-07,-7.191282e-06,-2.665449e-07,6.122804e-06,-1.412415e-05,-1.156217e-05,1.474235e-05,1492059000000.0,602800000000000.0,3.049968,312800000000000.0,-2.67102
1900,1.66,25.53326,6.299257000000003,4236.374,2023.666,518.2602,116.4889,82.63417,-182.2416,146862300000000.0,77852390000000.0,9159423000000.0,0.5196206,9.864592e-06,-1.258705e-06,-1.077955e-05,-1.150678e-06,7.731055e-06,-2.04078e-05,-1.685227e-05,1.969175e-05,71508870000000.0,8363699000000.0,0.4750563,9.339801e-06,-1.167799e-06,-1.018029e-05,-1.067489e-06,7.337541e-06,-1.929624e-05,-1.592925e-05,1.865871e-05,50459880000000.0,5131336000000.0,0.3122226,6.945496e-06,-7.921801e-07,-7.487518e-06,-7.247879e-07,5.510227e-06,-1.426624e-05,-1.176011e-05,1.391737e-05,1611545000000.0,348700000000000.0,2.884031,171100000000000.0,-2.701
1901,1.6565,27.19619,4.844790000000001,4180.085,2147.92,398.3403,89.56898,7.578004,293.9686,72181660000000.0,30948730000000.0,3467874000000.0,0.3824817,2.333271e-06,-4.556439e-07,-2.720375e-06,-4.175048e-07,1.711478e-06,-4.99813e-06,-4.161325e-06,4.56265e-06,28930330000000.0,3081249000000.0,0.3520882,2.162862e-06,-4.170541e-07,-2.516206e-06,-3.81883e-07,1.591213e-06,-4.627598e-06,-3.851852e-06,4.233851e-06,18165560000000.0,1490672000000.0,0.2217965,1.36188e-06,-2.436178e-07,-1.564691e-06,-2.221936e-07,1.018631e-06,-2.894128e-06,-2.405444e-06,2.681422e-06,863779000000.0,157200000000000.0,1.522499,40720000000000.0,-1.36514
1903,1.6622,26.79529,5.532894999999996,4199.393,2120.832,455.7232,83.93219,318.6318,-107.049,31333190000000.0,21721780000000.0,2116986000000.0,0.3470098,9.921763e-07,-5.569846e-07,-1.521028e-06,-5.370785e-07,3.725278e-07,-2.490898e-06,-2.135217e-06,1.586475e-06,20376180000000.0,1900085000000.0,0.3126021,9.359484e-07,-5.138076e-07,-1.423129e-06,-4.951169e-07,3.627464e-07,-2.338027e-06,-2.002478e-06,1.50775e-06,12975400000000.0,1033959000000.0,0.1979546,6.775653e-07,-3.377838e-07,-9.95774e-07,-3.245524e-07,2.958214e-07,-1.658074e-06,-1.415071e-06,1.124227e-06,632538200000.0,144900000000000.0,1.042477,25700000000000.0,-0.892
1905,1.6537,26.47392,5.637214000000007,4196.939,2090.132,462.7957,151.5173,380.5527,-107.0615,47480350000000.0,42386300000000.0,4830696000000.0,0.4260477,3.112377e-06,-1.551849e-06,-4.563998e-06,-1.494729e-06,1.337007e-06,-7.609097e-06,-6.489097e-06,5.124197e-06,39887340000000.0,4453727000000.0,0.3941723,3.006046e-06,-1.479694e-06,-4.388693e-06,-1.424774e-06,1.309676e-06,-7.32974e-06,-6.24793e-06,4.96707e-06,25470230000000.0,2392832000000.0,0.2489831,2.21007e-06,-1.004786e-06,-3.142303e-06,-9.65653e-07,1.042039e-06,-5.304498e-06,-4.508769e-06,3.728945e-06,1122813000000.0,188000000000000.0,1.588209,50800000000000.0,-1.31868
1907,1.6615,25.60312,6.321661000000004,4235.459,2029.576,520.3096,374.0692,-405.9193,-535.4431,60071290000000.0,52382170000000.0,5572120000000.0,0.4548885,4.201967e-06,-6.353144e-07,-4.71028e-06,-5.745265e-07,3.246452e-06,-8.815043e-06,-7.304558e-06,8.373402e-06,49979310000000.0,5153155000000.0,0.4210677,4.038465e-06,-6.01505e-07,-4.517433e-06,-5.435348e-07,3.127744e-06,-8.462408e-06,-7.010574e-06,8.054399e-06,26719710000000.0,2652309000000.0,0.2532339,2.758163e-06,-3.717498e-07,-3.043825e-06,-3.344685e-07,2.167746e-06,-5.73783e-06,-4.745621e-06,5.528471e-06,1274982000000.0,251500000000000.0,1.971984,84380000000000.0,-1.672
1909,1.6736,27.04038,5.896876000000003,4205.158,2146.37,487.6342,200.8803,258.7809,-809.6207,38733970000000.0,24893540000000.0,2511963000000.0,0.3719455,1.258377e-06,-6.147107e-07,-1.838026e-06,-5.90706e-07,5.618299e-07,-3.070114e-06,-2.617821e-06,2.10164e-06,24509090000000.0,2315700000000.0,0.336525,1.195269e-06,-5.697119e-07,-1.731495e-06,-5.470486e-07,5.473415e-07,-2.901735e-06,-2.472102e-06,2.009642e-06,19895610000000.0,1601579000000.0,0.2292886,9.586985e-07,-4.183283e-07,-1.349622e-06,-4.005798e-07,4.761493e-07,-2.288087e-06,-1.943408e-06,1.648159e-06,647978900000.0,300800000000000.0,1.326373,67880000000000.0,-1.207376
1912,1.665,25.686310000000002,6.183799000000007,4239.176,2038.93,509.6748,206.9388,-25.79743,168.1772,40560140000000.0,23740170000000.0,2336589000000.0,0.3493101,1.258468e-06,-5.582192e-07,-1.78011e-06,-5.342281e-07,6.173249e-07,-3.009843e-06,-2.558563e-06,2.155678e-06,21048980000000.0,2048251000000.0,0.3164594,1.160947e-06,-5.049813e-07,-1.632069e-06,-4.829706e-07,5.790823e-07,-2.766501e-06,-2.350155e-06,1.998027e-06,12975400000000.0,1007166000000.0,0.1980651,7.377109e-07,-2.942812e-07,-1.010124e-06,-2.806627e-07,3.934077e-07,-1.730969e-06,-1.466293e-06,1.29446e-06,702471700000.0,128400000000000.0,1.194293,26090000000000.0,-0.9910759
1913,1.665,24.97215,5.016084999999996,4273.049,1990.027,413.7305,201.0409,-185.3661,-247.5305,138788700000000.0,83330900000000.0,11139420000000.0,0.5304423,1.292003e-05,-1.008362e-06,-1.347124e-05,-8.889127e-07,1.071606e-05,-2.607684e-05,-2.141733e-05,2.636896e-05,78140740000000.0,10163510000000.0,0.4900639,1.22125e-05,-9.422466e-07,-1.272103e-05,-8.310232e-07,1.013484e-05,-2.463624e-05,-2.023136e-05,2.492777e-05,55457820000000.0,5954839000000.0,0.3212648,8.764504e-06,-6.269746e-07,-9.07226e-06,-5.555653e-07,7.296315e-06,-1.762298e-05,-1.445909e-05,1.789879e-05,1686617000000.0,363200000000000.0,3.103878,191800000000000.0,-2.77299
1914,1.6714,25.64192,6.950799999999996,4244.154,2037.277,573.9415,92.30445,-28.25104,-463.6595,45558070000000.0,26623600000000.0,2641796000000.0,0.3632087,1.930508e-06,-6.011639e-08,-1.939019e-06,-2.883719e-08,1.739535e-06,-3.822308e-06,-3.131365e-06,4.107265e-06,24893540000000.0,2376027000000.0,0.3327029,1.82987e-06,-5.608057e-08,-1.836875e-06,-2.658777e-08,1.649249e-06,-3.62197e-06,-2.967002e-06,3.893277e-06,14705450000000.0,1198134000000.0,0.2059179,1.181059e-06,-3.312712e-08,-1.181871e-06,-1.471925e-08,1.065517e-06,-2.333968e-06,-1.911049e-06,2.512803e-06,750252900000.0,252000000000000.0,1.439318,61710000000000.0,-1.257017
1916,1.6629,25.56751,6.230008000000001,4239.825,2028.428,513.0815,-226.3304,56.0844,329.7021,40944590000000.0,18838360000000.0,2388517000000.0,0.3237024,1.454868e-06,4.210001e-07,-9.972617e-07,4.408581e-07,1.774075e-06,-2.413759e-06,-1.894183e-06,3.56276e-06,17588870000000.0,2079714000000.0,0.2976011,1.332061e-06,3.824254e-07,-9.160553e-07,4.005431e-07,1.621079e-06,-2.21298e-06,-1.737242e-06,3.258669e-06,12398710000000.0,1007700000000.0,0.1953085,8.07091e-07,2.197261e-07,-5.667417e-07,2.304258e-07,9.693259e-07,-1.352525e-06,-1.064193e-06,1.961059e-06,553470900000.0,228900000000000.0,1.41176,54980000000000.0,-1.14147
1918,1.6643,26.83855,5.522180999999998,4200.694,2125.472,455.1499,0.4875814,5.327578,-111.3136,29218680000000.0,26046910000000.0,2341625000000.0,0.3605629,1.185206e-06,2.11531e-08,-1.13237e-06,4.023435e-08,1.126119e-06,-2.287708e-06,-1.863952e-06,2.580056e-06,24605200000000.0,2132425000000.0,0.3321832,1.12935e-06,1.98673e-08,-1.079212e-06,3.796429e-08,1.072488e-06,-2.1801e-06,-1.776288e-06,2.457765e-06,13455970000000.0,1051773000000.0,0.2009675,7.28388e-07,1.168964e-08,-6.968139e-07,2.297831e-08,6.893759e-07,-1.406837e-06,-1.146271e-06,1.582201e-06,767862900000.0,218800000000000.0,1.314944,48950000000000.0,-1.07613
1919,1.6664,26.49426,5.197943000000003,4219.914,2103.444,428.9369,9.544822,-99.53757,-141.3434,36427230000000.0,29699250000000.0,2826235000000.0,0.3810304,1.4619e-06,1.562372e-07,-1.267252e-06,1.787599e-07,1.518296e-06,-2.691713e-06,-2.169259e-06,3.31286e-06,27776970000000.0,2524098000000.0,0.3462211,1.370566e-06,1.439172e-07,-1.190516e-06,1.649054e-07,1.420474e-06,-2.525978e-06,-2.036125e-06,3.102709e-06,12398710000000.0,1109552000000.0,0.1991734,8.121399e-07,7.745824e-08,-7.128345e-07,8.943622e-08,8.324338e-07,-1.504161e-06,-1.21375e-06,1.8285e-06,889195400000.0,172700000000000.0,1.302811,38280000000000.0,-1.088888
1921,1.675,25.5804,5.4108460000000065,4264.396,2041.363,447.8131,99.82666,117.5366,-115.8541,31333190000000.0,26431370000000.0,2826732000000.0,0.3648067,1.473481e-06,-4.158434e-07,-1.846986e-06,-3.897001e-07,9.578535e-07,-3.285645e-06,-2.757597e-06,2.760057e-06,25085770000000.0,2589229000000.0,0.3333607,1.411952e-06,-3.915783e-07,-1.762842e-06,-3.666516e-07,9.243607e-07,-3.141422e-06,-2.635384e-06,2.651105e-06,17588870000000.0,1578820000000.0,0.220282,1.082328e-06,-2.753931e-07,-1.326043e-06,-2.568016e-07,7.317037e-07,-2.382774e-06,-1.99471e-06,2.054498e-06,715232800000.0,232200000000000.0,1.313986,51910000000000.0,-1.09692
1924,1.6757,26.32856,5.248845000000005,4239.872,2098.105,434.5847,-453.4017,-54.47694,70.91058,49306520000000.0,46903660000000.0,5563508000000.0,0.4366982,3.98669e-06,2.437131e-06,-1.452365e-06,2.464112e-06,6.100334e-06,-5.321343e-06,-3.899581e-06,1.100788e-05,46230870000000.0,5346474000000.0,0.4123685,3.922212e-06,2.374067e-06,-1.452264e-06,2.400357e-06,5.977196e-06,-5.25865e-06,-3.859805e-06,1.080492e-05,37003920000000.0,3867740000000.0,0.2796503,3.368788e-06,1.892964e-06,-1.391659e-06,1.913735e-06,4.981836e-06,-4.660856e-06,-3.458828e-06,9.125189e-06,1045014000000.0,397800000000000.0,1.981371,134100000000000.0,-1.71666
1925,1.6814,25.21731,4.807531000000002,4291.295,2020.914,398.9375,224.8475,-314.6025,-278.8622,40271790000000.0,33639920000000.0,4143595000000.0,0.3909214,2.482512e-06,-2.006635e-07,-2.612126e-06,-1.630351e-07,2.102208e-06,-5.034478e-06,-4.144466e-06,5.13885e-06,32678780000000.0,3864388000000.0,0.3635181,2.395285e-06,-1.910596e-07,-2.51759e-06,-1.549535e-07,2.030252e-06,-4.85481e-06,-3.996012e-06,4.959855e-06,24509090000000.0,2469002000000.0,0.2431004,1.861324e-06,-1.374053e-07,-1.944326e-06,-1.103281e-07,1.585583e-06,-3.760449e-06,-3.092804e-06,3.860448e-06,831915300000.0,318300000000000.0,1.632366,88400000000000.0,-1.37016
1926,1.6771,25.42223,5.463263000000006,4272.827,2030.92,452.4753,-52.44087,312.5555,-267.9399,76891250000000.0,65165340000000.0,8182421000000.0,0.486674,7.256715e-06,-5.337694e-07,-7.5563e-06,-4.474213e-07,6.117939e-06,-1.463615e-05,-1.202647e-05,1.494894e-05,62185800000000.0,7602159000000.0,0.4512999,6.992809e-06,-5.074971e-07,-7.273819e-06,-4.251412e-07,5.899612e-06,-1.409615e-05,-1.158112e-05,1.440804e-05,42674650000000.0,4552497000000.0,0.2931705,5.212735e-06,-3.49292e-07,-5.389237e-06,-2.920374e-07,4.413773e-06,-1.047468e-05,-8.598572e-06,1.074944e-05,1397145000000.0,262600000000000.0,2.309866,103200000000000.0,-1.94535
1927,1.6764,26.70401,4.834669999999997,4229.788,2127.733,400.4778,9.702344,152.2749,-409.648,42290190000000.0,27296390000000.0,3242468000000.0,0.3851313,1.840872e-06,-1.543458e-07,-1.944042e-06,-1.249623e-07,1.558191e-06,-3.740219e-06,-3.080796e-06,3.812618e-06,26527480000000.0,2838029000000.0,0.3411515,1.691254e-06,-1.38293e-07,-1.782279e-06,-1.115486e-07,1.434248e-06,-3.43245e-06,-2.826548e-06,3.505018e-06,20760640000000.0,1781892000000.0,0.2331726,1.283114e-06,-9.750149e-08,-1.344167e-06,-7.780025e-08,1.093654e-06,-2.596063e-06,-2.136206e-06,2.663697e-06,732089300000.0,156200000000000.0,1.358777,36110000000000.0,-1.131
1934,1.6814,25.55442,6.305875000000001,4268.973,2041.175,522.8936,-301.04,278.8093,-267.602,44404700000000.0,40175680000000.0,4418889000000.0,0.4185469,2.884665e-06,8.572465e-07,-1.95145e-06,8.898789e-07,3.522956e-06,-4.758977e-06,-3.727556e-06,7.06353e-06,38733970000000.0,4154668000000.0,0.3880431,2.799535e-06,8.19365e-07,-1.906172e-06,8.507663e-07,3.405537e-06,-4.630822e-06,-3.62976e-06,6.841157e-06,27680850000000.0,2730626000000.0,0.2541228,2.22682e-06,5.946365e-07,-1.571895e-06,6.181911e-07,2.64715e-06,-3.73904e-06,-2.942343e-06,5.377461e-06,964618100000.0,450200000000000.0,1.883921,144300000000000.0,-1.63251
1937,1.6937,25.02065,4.983001000000004,4316.727,2014.818,415.3528,-7.09379,1.563854,-380.6427,39118420000000.0,35658320000000.0,3804151000000.0,0.3981212,2.184385e-06,1.595579e-07,-1.965357e-06,1.910831e-07,2.18765e-06,-4.094483e-06,-3.312754e-06,4.865233e-06,32774900000000.0,3470540000000.0,0.3623003,2.085125e-06,1.496473e-07,-1.878496e-06,1.795243e-07,2.084889e-06,-3.910859e-06,-3.164587e-06,4.640434e-06,22586810000000.0,2066659000000.0,0.2363386,1.54201e-06,1.015363e-07,-1.39749e-06,1.227717e-07,1.52995e-06,-2.900428e-06,-2.348277e-06,3.418397e-06,892171100000.0,258100000000000.0,1.524857,66960000000000.0,-1.288689
1939,1.6923,26.25255,5.524818000000005,4266.803,2104.39,460.1778,-52.23838,-61.26418,228.0561,102073100000000.0,89578310000000.0,11306110000000.0,0.5393392,1.272831e-05,6.126149e-07,-1.167938e-05,6.995395e-07,1.212911e-05,-2.407795e-05,-1.949449e-05,2.757506e-05,85157060000000.0,10582810000000.0,0.5001246,1.234196e-05,5.857163e-07,-1.133131e-05,6.680418e-07,1.174647e-05,-2.335346e-05,-1.890849e-05,2.67203e-05,60359630000000.0,6834162000000.0,0.3275612,9.767922e-06,4.252504e-07,-8.996489e-06,4.79977e-07,9.225554e-06,-1.851085e-05,-1.498959e-05,2.105903e-05,1750360000000.0,718600000000000.0,3.517905,430100000000000.0,-3.07494
1940,1.6915,26.192270000000004,5.175920999999999,4269.78,2100.277,431.0303,-354.2858,192.0345,-147.8797,42674650000000.0,33832150000000.0,3808947000000.0,0.3892343,2.256238e-06,1.027608e-06,-1.173218e-06,1.053379e-06,3.118954e-06,-3.367397e-06,-2.562249e-06,5.89542e-06,33159350000000.0,3566900000000.0,0.3640199,2.179198e-06,9.787479e-07,-1.146749e-06,1.003461e-06,2.998105e-06,-3.265994e-06,-2.488285e-06,5.679456e-06,21625660000000.0,2113250000000.0,0.2324219,1.643043e-06,6.745559e-07,-9.270503e-07,6.922439e-07,2.194029e-06,-2.524825e-06,-1.938172e-06,4.214038e-06,909069900000.0,270100000000000.0,1.540455,70790000000000.0,-1.31571
1942,1.6879,25.44534,6.962452000000001,4278.484,2035.724,578.614,176.6846,-126.7755,-550.7494,33639920000000.0,24509090000000.0,2240316000000.0,0.3498878,1.270435e-06,-1.131912e-07,-1.350394e-06,-9.15081e-08,1.073907e-06,-2.590571e-06,-2.13576e-06,2.633073e-06,20472300000000.0,1908022000000.0,0.3134295,1.197209e-06,-1.04454e-07,-1.270215e-06,-8.413799e-08,1.01383e-06,-2.438885e-06,-2.01026e-06,2.482912e-06,10284210000000.0,729371000000.0,0.181787,7.846409e-07,-6.197033e-08,-8.255532e-07,-4.906401e-08,6.69592e-07,-1.591418e-06,-1.310395e-06,1.631673e-06,812231100000.0,118400000000000.0,1.139286,22950000000000.0,-0.943643
1944,1.6901,26.914920000000002,6.069714999999997,4234.659,2149.752,504.9916,-148.9697,-275.5561,-437.8009,40271790000000.0,31621530000000.0,3016051000000.0,0.3815517,1.839666e-06,1.081396e-06,-7.158042e-07,1.101902e-06,2.789439e-06,-2.504176e-06,-1.848377e-06,5.057915e-06,29122560000000.0,2674991000000.0,0.3485269,1.714126e-06,9.915782e-07,-6.828036e-07,1.010517e-06,2.582514e-06,-2.349117e-06,-1.738022e-06,4.695886e-06,13648200000000.0,1045365000000.0,0.2011478,9.485071e-07,5.072286e-07,-4.18781e-07,5.172228e-07,1.385979e-06,-1.340782e-06,-1.002492e-06,2.55454e-06,1043827000000.0,106300000000000.0,1.338639,24210000000000.0,-1.045
1945,1.6952,26.24956,5.655210999999999,4269.716,2105.55,471.4181,202.984,-139.198,-243.7915,106878800000000.0,103130400000000.0,11694090000000.0,0.5648208,1.296017e-05,-1.185482e-06,-1.368207e-05,-1.065805e-06,1.056811e-05,-2.632842e-05,-2.165273e-05,2.626086e-05,100247000000000.0,11110260000000.0,0.5280836,1.267393e-05,-1.145221e-06,-1.336432e-05,-1.029759e-06,1.034384e-05,-2.573129e-05,-2.115838e-05,2.568742e-05,72181660000000.0,7376990000000.0,0.3469464,1.041293e-05,-8.672147e-07,-1.089737e-05,-7.819683e-07,8.54208e-06,-2.105764e-05,-1.729749e-05,2.113254e-05,1928538000000.0,345300000000000.0,3.063922,180000000000000.0,-2.672
1946,1.6915,26.214150000000004,5.147862000000004,4269.257,2102.045,428.7091,-210.1223,-64.06817,199.5793,33159350000000.0,22394580000000.0,2372368000000.0,0.3396232,1.375869e-06,5.821047e-07,-7.603927e-07,6.003174e-07,1.862632e-06,-2.098936e-06,-1.608205e-06,3.556542e-06,16819960000000.0,1846845000000.0,0.2912693,1.188445e-06,4.925024e-07,-6.66975e-07,5.080897e-07,1.598129e-06,-1.823172e-06,-1.399245e-06,3.061044e-06,10860890000000.0,857555700000.0,0.1872244,6.985896e-07,2.718566e-07,-4.094321e-07,2.807397e-07,9.208671e-07,-1.089053e-06,-8.397743e-07,1.780321e-06,687289600000.0,175600000000000.0,1.319453,39420000000000.0,-1.03257
1947,1.6988,25.7601,5.713993000000001,4292.837,2071.551,476.9383,-34.26439,218.8282,-307.0342,30275930000000.0,28257540000000.0,2852098000000.0,0.3654907,1.459627e-06,-1.022652e-07,-1.52173e-06,-7.875435e-08,1.256661e-06,-2.945658e-06,-2.423042e-06,3.044987e-06,27104170000000.0,2668674000000.0,0.3393415,1.407316e-06,-9.705316e-08,-1.465531e-06,-7.450058e-08,1.212798e-06,-2.838417e-06,-2.334497e-06,2.936836e-06,18453900000000.0,1692366000000.0,0.2220082,1.085118e-06,-6.871737e-08,-1.123366e-06,-5.18571e-08,9.395527e-07,-2.181899e-06,-1.79319e-06,2.267988e-06,750237600000.0,313600000000000.0,1.402308,74820000000000.0,-1.18998
1949,1.7068,26.01825,6.752832000000002,4288.461,2093.314,565.0534,328.0986,-261.1566,-153.5974,42386300000000.0,39214540000000.0,4452056000000.0,0.4087869,3.023342e-06,-7.708212e-07,-3.69988e-06,-7.232681e-07,2.025702e-06,-6.65343e-06,-5.566804e-06,5.710252e-06,38253400000000.0,4219306000000.0,0.3831815,2.952367e-06,-7.43661e-07,-3.603729e-06,-6.974578e-07,1.986466e-06,-6.487923e-06,-5.426737e-06,5.584129e-06,29699250000000.0,2863568000000.0,0.2589718,2.450507e-06,-5.712488e-07,-2.94383e-06,-5.342496e-07,1.690502e-06,-5.337658e-06,-4.456451e-06,4.674367e-06,926247400000.0,402800000000000.0,1.880898,128900000000000.0,-1.59489
1951,1.7098,25.12235,5.150078000000001,4337.362,2033.833,431.7642,-265.1212,-165.2765,-662.9333,42290190000000.0,38637850000000.0,4047971000000.0,0.4041438,2.487846e-06,1.597318e-06,-8.337059e-07,1.620096e-06,3.898637e-06,-3.251337e-06,-2.364099e-06,6.967024e-06,37868940000000.0,3850056000000.0,0.3791028,2.429153e-06,1.540485e-06,-8.32991e-07,1.562552e-06,3.786931e-06,-3.193553e-06,-2.327202e-06,6.782599e-06,27584740000000.0,2569942000000.0,0.2520365,1.951315e-06,1.136701e-06,-7.687124e-07,1.153361e-06,2.937695e-06,-2.664756e-06,-1.968537e-06,5.342087e-06,924990300000.0,340800000000000.0,1.701027,98630000000000.0,-1.481204
1954,1.7098,26.11411,5.750446999999998,4297.3,2106.538,481.9467,-355.1649,-115.6651,-143.6358,33063240000000.0,24124630000000.0,2621138000000.0,0.3468696,1.415822e-06,1.201209e-06,-1.84083e-07,1.216439e-06,2.518079e-06,-1.558868e-06,-1.055207e-06,4.267946e-06,23259600000000.0,2415232000000.0,0.3227546,1.356483e-06,1.134567e-06,-1.925641e-07,1.149058e-06,2.395919e-06,-1.509722e-06,-1.027141e-06,4.072271e-06,14417110000000.0,1300882000000.0,0.2023436,9.322843e-07,7.098719e-07,-2.017328e-07,7.193355e-07,1.575156e-06,-1.106953e-06,-7.751349e-07,2.726402e-06,679349600000.0,266900000000000.0,1.335623,60650000000000.0,-1.12464
1955,1.6995,26.218460000000004,5.711362000000005,4277.805,2106.653,476.9043,-298.2782,-46.11341,-402.6695,49114290000000.0,32294330000000.0,3584676000000.0,0.3835707,2.546749e-06,1.490848e-06,-9.956494e-07,1.516312e-06,3.84817e-06,-3.470371e-06,-2.562278e-06,6.986144e-06,30948730000000.0,3315236000000.0,0.3572899,2.442508e-06,1.407907e-06,-9.765674e-07,1.432087e-06,3.667954e-06,-3.349975e-06,-2.478979e-06,6.677058e-06,21241210000000.0,1935835000000.0,0.2303838,1.783361e-06,9.350076e-07,-8.047784e-07,9.514824e-07,2.581311e-06,-2.537591e-06,-1.901293e-06,4.77628e-06,820598800000.0,380400000000000.0,1.804696,116800000000000.0,-1.5543
1957,1.7171,25.48145,7.001851000000001,4320.916,2059.254,587.8685,-253.2047,-114.1816,228.8197,44308580000000.0,33639920000000.0,3421311000000.0,0.3850489,2.082067e-06,9.674389e-07,-1.063517e-06,9.913529e-07,2.897734e-06,-3.088045e-06,-2.345221e-06,5.460025e-06,30852620000000.0,3099176000000.0,0.3522667,1.963165e-06,8.954873e-07,-1.019263e-06,9.178116e-07,2.714825e-06,-2.928163e-06,-2.22769e-06,5.130404e-06,15762710000000.0,1481530000000.0,0.2074599,1.234177e-06,5.102236e-07,-6.926905e-07,5.234198e-07,1.651285e-06,-1.89271e-06,-1.452086e-06,3.168442e-06,929471100000.0,412600000000000.0,1.729383,121400000000000.0,-1.498
1960,1.7179,25.464620000000004,7.1650959999999975,4321.213,2057.839,601.674,-292.5645,-131.2737,-285.5118,34216610000000.0,23740170000000.0,1934024000000.0,0.3446833,9.247359e-07,8.218737e-07,-8.332402e-08,8.328651e-07,1.684388e-06,-9.816647e-07,-6.527407e-07,2.827939e-06,21337320000000.0,1667677000000.0,0.312311,8.365313e-07,7.331184e-07,-8.567998e-08,7.430064e-07,1.513181e-06,-8.983275e-07,-6.007618e-07,2.547556e-06,4709589000000.0,317600700000.0,0.1391827,2.585581e-07,2.125288e-07,-4.046594e-08,2.155069e-07,4.533758e-07,-2.916335e-07,-1.996384e-07,7.729433e-07,823546700000.0,126100000000000.0,1.112134,23860000000000.0,-0.952132
1961,1.7105,25.19554,5.067287,4336.871,2040.364,424.9934,-212.0425,-591.6302,-528.1792,35562200000000.0,33736040000000.0,3576521000000.0,0.3942864,2.00165e-06,1.846275e-06,-1.145863e-07,1.862354e-06,3.700648e-06,-2.057839e-06,-1.345342e-06,6.177859e-06,32294330000000.0,3334755000000.0,0.3585551,1.937047e-06,1.754095e-06,-1.432507e-07,1.769466e-06,3.547968e-06,-2.023734e-06,-1.33419e-06,5.944846e-06,23740170000000.0,2298003000000.0,0.238336,1.584459e-06,1.315432e-06,-2.35596e-07,1.327193e-06,2.78001e-06,-1.773601e-06,-1.209372e-06,4.738994e-06,837328400000.0,414900000000000.0,1.607882,113500000000000.0,-1.40283
1962,1.712,25.51461,7.067994,4311.519,2057.839,592.3512,195.7917,279.7648,9.124256,77371820000000.0,77275710000000.0,8471283000000.0,0.5198116,7.661742e-06,-2.576832e-06,-9.958466e-06,-2.470215e-06,4.426695e-06,-1.745218e-05,-1.468464e-05,1.369263e-05,76699020000000.0,8123878000000.0,0.4794036,7.535178e-06,-2.500036e-06,-9.75901e-06,-2.395947e-06,4.385397e-06,-1.71289e-05,-1.440684e-05,1.349702e-05,61897460000000.0,6262478000000.0,0.3287127,6.701597e-06,-2.067149e-06,-8.519215e-06,-1.978706e-06,4.043654e-06,-1.50736e-05,-1.265138e-05,1.214063e-05,1481375000000.0,505700000000000.0,2.615119,225000000000000.0,-2.39679
1964,1.7208,26.94998,6.043789000000001,4280.168,2176.15,508.3802,11.60023,19.61499,-360.9907,43059100000000.0,24028520000000.0,2710240000000.0,0.3456707,1.992309e-06,7.114306e-08,-1.866844e-06,1.009742e-07,1.922737e-06,-3.809149e-06,-3.096141e-06,4.364731e-06,21433440000000.0,2333206000000.0,0.3155245,1.814639e-06,6.426508e-08,-1.700808e-06,9.134612e-08,1.750449e-06,-3.469896e-06,-2.820445e-06,3.97452e-06,9034722000000.0,747800000000.0,0.1738076,9.262302e-07,3.043213e-08,-8.700243e-07,4.376837e-08,8.89542e-07,-1.772978e-06,-1.441335e-06,2.023938e-06,795343900000.0,146300000000000.0,1.424611,35460000000000.0,-1.11078
1965,1.7112,25.551960000000005,7.1379209999999995,4307.871,2059.546,597.9523,418.5386,87.47598,-358.0924,48922060000000.0,29987590000000.0,3770626000000.0,0.3749837,2.330626e-06,-1.602621e-06,-3.857934e-06,-1.556001e-06,5.667465e-07,-6.140828e-06,-5.301427e-06,3.40171e-06,29410900000000.0,3546110000000.0,0.3523858,2.246445e-06,-1.523788e-06,-3.69745e-06,-1.479039e-06,5.666216e-07,-5.897864e-06,-5.088729e-06,3.29887e-06,22875150000000.0,2249866000000.0,0.2360308,1.722761e-06,-1.073037e-06,-2.739016e-06,-1.039676e-06,5.269986e-07,-4.426364e-06,-3.805583e-06,2.620704e-06,745791400000.0,418500000000000.0,1.678318,119500000000000.0,-1.486156
1967,1.7186,25.40213,7.080861,4324.797,2053.762,594.7121,-469.7694,88.25916,-90.20896,33736040000000.0,32582670000000.0,3605085000000.0,0.389619,1.885675e-06,1.490684e-06,-3.536688e-07,1.509384e-06,3.240623e-06,-2.184662e-06,-1.513479e-06,5.569923e-06,31621530000000.0,3332315000000.0,0.3553254,1.814092e-06,1.409889e-06,-3.642802e-07,1.427719e-06,3.092869e-06,-2.125749e-06,-1.479999e-06,5.333454e-06,22586810000000.0,2110436000000.0,0.2337153,1.407509e-06,1.009688e-06,-3.661669e-07,1.022868e-06,2.313327e-06,-1.732786e-06,-1.231572e-06,4.05057e-06,859530800000.0,250800000000000.0,1.398162,59660000000000.0,-1.17711
1969,1.7149,24.988810000000004,4.808375000000005,4352.301,2028.477,403.9248,-387.3685,51.53653,-543.6431,32774900000000.0,32582670000000.0,3269569000000.0,0.412008,1.591777e-06,1.288925e-06,-2.689248e-07,1.305745e-06,2.768918e-06,-1.815776e-06,-1.248893e-06,4.736407e-06,32198210000000.0,3004975000000.0,0.3585752,1.534767e-06,1.210739e-06,-2.911184e-07,1.226793e-06,2.637163e-06,-1.782526e-06,-1.235908e-06,4.533858e-06,26335250000000.0,2196679000000.0,0.2490316,1.329845e-06,9.743988e-07,-3.263961e-07,9.878502e-07,2.208807e-06,-1.618571e-06,-1.144823e-06,3.851363e-06,787523100000.0,227900000000000.0,1.282555,49730000000000.0,-1.141598
1970,1.7135,26.10764,6.1384280000000055,4300.484,2107.496,515.0586,-25.44427,-157.2357,-171.9148,29891470000000.0,24509090000000.0,2580089000000.0,0.347077,1.360691e-06,3.21359e-07,-1.004275e-06,3.406483e-07,1.587102e-06,-2.329262e-06,-1.843226e-06,3.258675e-06,23163490000000.0,2436438000000.0,0.325053,1.326596e-06,3.094619e-07,-9.828757e-07,3.28186e-07,1.543227e-06,-2.27466e-06,-1.800776e-06,3.172778e-06,17973330000000.0,1646965000000.0,0.2202137,1.069013e-06,2.282947e-07,-8.126185e-07,2.428719e-07,1.220868e-06,-1.853561e-06,-1.47153e-06,2.533158e-06,650226100000.0,484500000000000.0,1.492152,123000000000000.0,-1.295183
1972,1.7179,26.662470000000003,6.247528000000002,4285.739,2151.986,525.0036,-30.19557,42.81464,-294.1409,31429300000000.0,25278000000000.0,2717761000000.0,0.3513583,1.492843e-06,1.302631e-07,-1.323265e-06,1.533118e-07,1.520995e-06,-2.77823e-06,-2.244527e-06,3.353269e-06,24412970000000.0,2526283000000.0,0.3273919,1.442307e-06,1.242254e-07,-1.280003e-06,1.463975e-07,1.467569e-06,-2.685708e-06,-2.170043e-06,3.237654e-06,14513220000000.0,1372265000000.0,0.20175,1.024553e-06,8.011463e-08,-9.168387e-07,9.530001e-08,1.032561e-06,-1.915363e-06,-1.548883e-06,2.289007e-06,706267300000.0,362400000000000.0,1.430157,88180000000000.0,-1.209243
1974,1.7171,25.66403,5.642722999999997,4325.609,2078.431,474.163,-425.7138,132.5012,61.17011,29507020000000.0,29314790000000.0,2973500000000.0,0.36926,1.41433e-06,9.887077e-07,-3.937082e-07,1.004793e-06,2.303602e-06,-1.76817e-06,-1.26439e-06,4.048995e-06,29026450000000.0,2863489000000.0,0.346485,1.392545e-06,9.629166e-07,-3.981392e-07,9.78691e-07,2.25735e-06,-1.751422e-06,-1.255385e-06,3.975745e-06,22202350000000.0,2092347000000.0,0.2345961,1.199491e-06,7.670507e-07,-4.048561e-07,7.802003e-07,1.880592e-06,-1.570481e-06,-1.143085e-06,3.359971e-06,740784800000.0,489100000000000.0,1.396401,116200000000000.0,-1.26616
1977,1.7194,26.96736,6.5576980000000065,4273.154,2174.215,551.1536,161.1416,-202.8993,-250.5285,28834220000000.0,27488620000000.0,2748489000000.0,0.3653623,1.372131e-06,-6.728178e-08,-1.402006e-06,-4.51891e-08,1.210694e-06,-2.740388e-06,-2.24925e-06,2.892451e-06,26719710000000.0,2576810000000.0,0.3384819,1.327766e-06,-6.407995e-08,-1.355543e-06,-4.28064e-08,1.172237e-06,-2.650643e-06,-2.175355e-06,2.799441e-06,17781100000000.0,1640538000000.0,0.216739,1.030181e-06,-4.51841e-08,-1.046662e-06,-2.922182e-08,9.123006e-07,-2.051461e-06,-1.682533e-06,2.173891e-06,735045800000.0,390000000000000.0,1.422686,94400000000000.0,-1.21869
1979,1.7253,25.4097,6.463689,4340.725,2062.029,544.4449,-274.4156,52.78962,-93.30512,42386300000000.0,38445630000000.0,4252935000000.0,0.4044091,2.611485e-06,1.078861e-06,-1.466551e-06,1.108024e-06,3.495753e-06,-4.005975e-06,-3.073753e-06,6.706218e-06,37100030000000.0,3999295000000.0,0.3752209,2.540856e-06,1.035803e-06,-1.440575e-06,1.06398e-06,3.386697e-06,-3.911311e-06,-3.00424e-06,6.509999e-06,25566340000000.0,2521867000000.0,0.2439024,2.010748e-06,7.527147e-07,-1.20593e-06,7.739065e-07,2.609587e-06,-3.161144e-06,-2.442971e-06,5.079383e-06,934228700000.0,323900000000000.0,1.657131,91320000000000.0,-1.42758
1980,1.7231,25.25661,4.940128999999999,4354.524,2054.341,416.1702,-154.1292,-358.393,-436.3594,44212470000000.0,42386300000000.0,4643834000000.0,0.415786,3.061084e-06,1.630229e-06,-1.356126e-06,1.657879e-06,4.454778e-06,-4.330846e-06,-3.238338e-06,8.222231e-06,41329050000000.0,4423820000000.0,0.3889747,3.004857e-06,1.582586e-06,-1.348704e-06,1.609528e-06,4.354595e-06,-4.268762e-06,-3.196263e-06,8.052485e-06,30948730000000.0,3094182000000.0,0.2618528,2.543151e-06,1.236185e-06,-1.243297e-06,1.257635e-06,3.577847e-06,-3.71454e-06,-2.80644e-06,6.70512e-06,973613400000.0,505400000000000.0,1.911914,164400000000000.0,-1.67805
1981,1.7297,26.13827,6.424680000000001,4321.598,2120.71,542.065,92.99972,-25.85896,-83.95733,112934000000000.0,108608900000000.0,13618250000000.0,0.5677279,1.552372e-05,-8.691716e-07,-1.583339e-05,-7.429485e-07,1.317354e-05,-3.097348e-05,-2.53731e-05,3.196391e-05,105629400000000.0,12922310000000.0,0.5292049,1.520977e-05,-8.426818e-07,-1.550268e-05,-7.207108e-07,1.291072e-05,-3.033651e-05,-2.484886e-05,3.131829e-05,85060950000000.0,8992902000000.0,0.362318,1.286015e-05,-6.669483e-07,-1.305296e-05,-5.737393e-07,1.093078e-05,-2.559485e-05,-2.095176e-05,2.647841e-05,2012523000000.0,220000000000000.0,2.869349,107400000000000.0,-2.454
1982,1.7231,26.9696,6.002879999999997,4283.195,2179.535,505.3588,-120.6429,-267.3749,-91.57919,103226500000000.0,91788930000000.0,10759200000000.0,0.536818,1.233927e-05,2.736894e-06,-9.212279e-06,2.792697e-06,1.389758e-05,-2.120758e-05,-1.677695e-05,2.892942e-05,86214320000000.0,9946948000000.0,0.4954309,1.188139e-05,2.597664e-06,-8.906212e-06,2.649426e-06,1.333796e-05,-2.045631e-05,-1.618947e-05,2.780865e-05,55842270000000.0,5882207000000.0,0.3155451,8.795441e-06,1.761986e-06,-6.744708e-06,1.790617e-06,9.682062e-06,-1.52945e-05,-1.213276e-05,2.037778e-05,1815585000000.0,360300000000000.0,3.168012,194200000000000.0,-2.668
1983,1.741,26.19073,6.475216999999997,4335.839,2132.626,548.4123,-5.81671,-65.66164,-381.2883,33351580000000.0,25854680000000.0,2951816000000.0,0.3505251,1.715074e-06,2.675866e-07,-1.402355e-06,2.921107e-07,1.861794e-06,-3.073387e-06,-2.460154e-06,3.966852e-06,24509090000000.0,2736354000000.0,0.3236886,1.658177e-06,2.549386e-07,-1.359469e-06,2.785152e-07,1.795827e-06,-2.975056e-06,-2.382127e-06,3.830821e-06,18261670000000.0,1765914000000.0,0.2174549,1.316919e-06,1.857993e-07,-1.095691e-06,2.038521e-07,1.407407e-06,-2.378739e-06,-1.907634e-06,3.022448e-06,677909800000.0,558700000000000.0,1.627472,154700000000000.0,-1.402013
1984,1.7508,25.24166,6.311528000000001,4387.507,2068.502,536.5059,406.5031,55.98445,-98.75115,44789150000000.0,38349510000000.0,4369242000000.0,0.3978843,2.724658e-06,-1.81346e-06,-4.447878e-06,-1.759669e-06,7.186366e-07,-7.116232e-06,-6.134705e-06,4.029469e-06,35273860000000.0,4009052000000.0,0.3649252,2.60498e-06,-1.704388e-06,-4.222819e-06,-1.65324e-06,7.155991e-07,-6.773945e-06,-5.835448e-06,3.880547e-06,24893540000000.0,2468840000000.0,0.2418666,1.993815e-06,-1.208151e-06,-3.134706e-06,-1.170056e-06,6.407429e-07,-5.087225e-06,-4.368599e-06,3.061435e-06,922305700000.0,219700000000000.0,1.545251,57760000000000.0,-1.30878
1986,1.7493,26.419030000000003,6.043175000000003,4344.405,2158.38,513.5596,141.0592,-96.51292,43.78078,76795140000000.0,31621530000000.0,3410520000000.0,0.3749951,2.624938e-06,-4.492272e-07,-2.9986e-06,-4.058171e-07,1.992115e-06,-5.560207e-06,-4.61959e-06,5.202565e-06,30275930000000.0,3111894000000.0,0.3480415,2.472504e-06,-4.169318e-07,-2.818052e-06,-3.762625e-07,1.881943e-06,-5.230897e-06,-4.344833e-06,4.905601e-06,17973330000000.0,1533648000000.0,0.2164632,1.642875e-06,-2.528736e-07,-1.847403e-06,-2.268192e-07,1.27157e-06,-3.450608e-06,-2.861551e-06,3.279087e-06,865797500000.0,139400000000000.0,1.405739,33340000000000.0,-1.29195
1987,1.7561,26.42402,6.529403999999998,4349.658,2161.463,555.9221,159.4784,-92.95161,-244.7508,29410900000000.0,26431370000000.0,2885572000000.0,0.3533761,1.553572e-06,-2.331478e-07,-1.742573e-06,-2.07707e-07,1.212043e-06,-3.258634e-06,-2.701985e-06,3.113062e-06,24509090000000.0,2675500000000.0,0.3228818,1.502644e-06,-2.214175e-07,-1.681225e-06,-1.969514e-07,1.175949e-06,-3.14758e-06,-2.609135e-06,3.014417e-06,17781100000000.0,1810120000000.0,0.2136854,1.237657e-06,-1.668999e-07,-1.368678e-06,-1.473642e-07,9.820819e-07,-2.576412e-06,-2.132732e-06,2.495319e-06,694352000000.0,442300000000000.0,1.473725,110900000000000.0,-1.26522
1990,1.7652,26.40723,6.182166,4366.539,2168.256,528.0855,258.2118,-51.06556,-247.0629,51036570000000.0,46903660000000.0,5063482000000.0,0.4271228,3.521338e-06,-9.942303e-07,-4.40417e-06,-9.38151e-07,2.262086e-06,-7.844546e-06,-6.578643e-06,6.550939e-06,44693040000000.0,4696953000000.0,0.3926987,3.39793e-06,-9.438099e-07,-4.233884e-06,-8.900724e-07,2.197194e-06,-7.553668e-06,-6.332015e-06,6.335123e-06,26911940000000.0,2758223000000.0,0.2441425,2.56804e-06,-6.476727e-07,-3.132401e-06,-6.089393e-07,1.72025e-06,-5.641281e-06,-4.717419e-06,4.844475e-06,1101298000000.0,410300000000000.0,1.966848,137300000000000.0,-1.714
1992,1.7622,24.82262,6.589986999999996,4417.135,2043.12,562.2423,201.251,206.5102,34.15248,32582670000000.0,30275930000000.0,3206846000000.0,0.3665036,1.742631e-06,-9.414658e-07,-2.629763e-06,-9.083448e-07,6.807866e-07,-4.334085e-06,-3.707818e-06,2.804472e-06,29026450000000.0,3017998000000.0,0.3400337,1.690137e-06,-8.992642e-07,-2.536572e-06,-8.67279e-07,6.73683e-07,-4.189546e-06,-3.582102e-06,2.733171e-06,20664520000000.0,2005353000000.0,0.2243904,1.357702e-06,-6.626005e-07,-1.977204e-06,-6.375994e-07,5.987716e-07,-3.305017e-06,-2.81684e-06,2.252053e-06,762348000000.0,439000000000000.0,1.53568,114700000000000.0,-1.32957
1993,1.769,24.80822,6.3234200000000005,4430.706,2048.045,540.9038,-37.85413,311.233,-151.8281,38541740000000.0,20376180000000.0,2091546000000.0,0.3259612,1.072117e-06,-2.059787e-07,-1.248937e-06,-1.86968e-07,7.95789e-07,-2.295385e-06,-1.9116e-06,2.109878e-06,18934470000000.0,1832901000000.0,0.2955493,9.755228e-07,-1.845894e-07,-1.133509e-06,-1.673626e-07,7.266933e-07,-2.08567e-06,-1.736442e-06,1.922267e-06,12398710000000.0,916848700000.0,0.1892098,6.071683e-07,-1.075454e-07,-6.979537e-07,-9.70272e-08,4.589848e-07,-1.290566e-06,-1.073145e-06,1.20277e-06,619843500000.0,141800000000000.0,1.11708,26950000000000.0,-0.960795
1996,1.7706,24.97873,6.108389999999996,4428.463,2063.026,522.8247,-70.68127,-429.0179,-126.5827,92269500000000.0,89193850000000.0,10259050000000.0,0.5239091,1.045175e-05,2.747469e-06,-7.388267e-06,2.80266e-06,1.223513e-05,-1.754812e-05,-1.379934e-05,2.499251e-05,87752140000000.0,9795996000000.0,0.4910204,1.024307e-05,2.660766e-06,-7.271522e-06,2.713747e-06,1.195547e-05,-1.722847e-05,-1.355419e-05,2.445624e-05,65165340000000.0,6744557000000.0,0.3283901,8.518241e-06,2.045754e-06,-6.207348e-06,2.082938e-06,9.753419e-06,-1.44873e-05,-1.142955e-05,2.013737e-05,1667033000000.0,360900000000000.0,2.773509,170300000000000.0,-2.456
1997,1.769,24.92294,6.127325999999999,4427.997,2057.563,524.1652,80.3583,300.9297,-261.7469,45942520000000.0,42578530000000.0,4450727000000.0,0.4131315,3.01547e-06,-8.083433e-07,-3.72872e-06,-7.61046e-07,1.97923e-06,-6.674696e-06,-5.590645e-06,5.652414e-06,40944590000000.0,4179848000000.0,0.380741,2.924889e-06,-7.708771e-07,-3.603217e-06,-7.25321e-07,1.931942e-06,-6.460678e-06,-5.409094e-06,5.494257e-06,31429300000000.0,2925526000000.0,0.2575466,2.418549e-06,-5.857859e-07,-2.926398e-06,-5.495746e-07,1.644511e-06,-5.2891e-06,-4.419117e-06,4.587728e-06,964829500000.0,509800000000000.0,1.994565,173000000000000.0,-1.755353
2000,1.7852,25.83029,5.624346999999994,4422.724,2140.914,483.8962,-318.8239,18.46108,160.0122,30275930000000.0,27680850000000.0,2764334000000.0,0.3549969,1.35727e-06,7.967403e-07,-5.290454e-07,8.136588e-07,2.060111e-06,-1.84868e-06,-1.365038e-06,3.73364e-06,26719710000000.0,2592382000000.0,0.3321993,1.312276e-06,7.605008e-07,-5.212512e-07,7.767759e-07,1.981723e-06,-1.797133e-06,-1.3295e-06,3.599629e-06,16435510000000.0,1446590000000.0,0.2064768,9.382024e-07,4.967255e-07,-4.191924e-07,5.079014e-07,1.368339e-06,-1.331346e-06,-9.968745e-07,2.524252e-06,741570000000.0,257300000000000.0,1.28426,56220000000000.0,-1.09197
2001,1.7845,26.16776,6.371608999999999,4403.19,2163.561,547.8374,86.42287,-21.36329,-220.4955,33543810000000.0,22971260000000.0,2629279000000.0,0.3368142,1.396442e-06,-1.298511e-07,-1.487437e-06,-1.071464e-07,1.170143e-06,-2.849603e-06,-2.349645e-06,2.880419e-06,22586810000000.0,2478413000000.0,0.3140708,1.352427e-06,-1.236902e-07,-1.43838e-06,-1.018124e-07,1.134976e-06,-2.757607e-06,-2.273373e-06,2.791161e-06,18165560000000.0,1733933000000.0,0.2152987,1.116804e-06,-9.373395e-08,-1.178884e-06,-7.617953e-08,9.440161e-07,-2.268252e-06,-1.868223e-06,2.310813e-06,600928200000.0,529600000000000.0,1.483834,133700000000000.0,-1.32
2002,1.7729,24.846620000000005,6.614525,4432.38,2052.426,566.412,-168.4519,-214.1185,-487.1945,29699250000000.0,29699250000000.0,3116421000000.0,0.3854115,1.645267e-06,9.626846e-07,-6.439847e-07,9.805155e-07,2.48838e-06,-2.243545e-06,-1.656764e-06,4.515997e-06,29410900000000.0,2981459000000.0,0.3524191,1.616139e-06,9.313278e-07,-6.467805e-07,9.487373e-07,2.42966e-06,-2.218005e-06,-1.641584e-06,4.421183e-06,25662460000000.0,2352349000000.0,0.2437893,1.449886e-06,7.761476e-07,-6.390683e-07,7.912564e-07,2.118656e-06,-2.048587e-06,-1.531323e-06,3.904374e-06,705951100000.0,550000000000000.0,1.542075,144300000000000.0,-1.38897
2004,1.7783,25.27319,4.801769000000005,4439.034,2095.781,412.3647,-423.7267,46.20932,-206.3454,28930330000000.0,26335250000000.0,2848403000000.0,0.3483764,1.509953e-06,1.170633e-06,-3.059249e-07,1.185949e-06,2.572077e-06,-1.772318e-06,-1.234764e-06,4.436718e-06,25085770000000.0,2672256000000.0,0.3223528,1.461332e-06,1.11558e-06,-3.133086e-07,1.130286e-06,2.471511e-06,-1.732471e-06,-1.212193e-06,4.275898e-06,19799500000000.0,1850571000000.0,0.2209719,1.201802e-06,8.474168e-07,-3.271499e-07,8.589781e-07,1.960789e-06,-1.494221e-06,-1.066187e-06,3.443765e-06,672865800000.0,385800000000000.0,1.448382,95070000000000.0,-1.22562
2007,1.7775,26.002360000000003,5.691941000000005,4404.496,2148.441,488.4437,90.89005,-208.4922,582.5477,51421030000000.0,45846410000000.0,5184964000000.0,0.4207233,3.833567e-06,-2.69505e-07,-3.988464e-06,-2.171099e-07,3.268953e-06,-7.729802e-06,-6.353241e-06,7.949373e-06,44308580000000.0,4789536000000.0,0.3896236,3.687244e-06,-2.560083e-07,-3.832661e-06,-2.059661e-07,3.146253e-06,-7.431159e-06,-6.107038e-06,7.647418e-06,26335250000000.0,2501203000000.0,0.2418396,2.501952e-06,-1.605972e-07,-2.585864e-06,-1.282772e-07,2.142729e-06,-5.027442e-06,-4.128489e-06,5.194155e-06,1077849000000.0,208200000000000.0,1.840922,65210000000000.0,-1.49094
2008,1.7729,26.36193,4.850437000000001,4390.523,2175.839,415.817,-74.24296,-94.50195,-29.73999,36715570000000.0,31140960000000.0,3510244000000.0,0.3683706,2.045229e-06,4.325247e-07,-1.558707e-06,4.603015e-07,2.331053e-06,-3.550042e-06,-2.819185e-06,4.84139e-06,29314790000000.0,3229762000000.0,0.3411925,1.968254e-06,4.107058e-07,-1.505436e-06,4.372824e-07,2.237288e-06,-3.42182e-06,-2.718422e-06,4.652889e-06,18069440000000.0,1750792000000.0,0.2134315,1.383612e-06,2.637637e-07,-1.082448e-06,2.81636e-07,1.545213e-06,-2.42958e-06,-1.934857e-06,3.241955e-06,816827300000.0,326600000000000.0,1.538512,85490000000000.0,-1.2969
2010,1.7969,26.17001,6.885929000000001,4417.172,2170.647,594.3646,105.8913,-186.2253,153.5466,30948730000000.0,29507020000000.0,2947972000000.0,0.362735,1.638912e-06,-1.008856e-07,-1.693661e-06,-7.538978e-08,1.421978e-06,-3.292139e-06,-2.705185e-06,3.428297e-06,27680850000000.0,2730189000000.0,0.3310278,1.578528e-06,-9.536708e-08,-1.629304e-06,-7.097135e-08,1.370877e-06,-3.16888e-06,-2.603502e-06,3.303009e-06,19895610000000.0,1839101000000.0,0.2209755,1.283185e-06,-7.115717e-08,-1.317468e-06,-5.197825e-08,1.118678e-06,-2.568962e-06,-2.109163e-06,2.688229e-06,742396600000.0,493400000000000.0,1.604613,134700000000000.0,-1.37808
2011,1.7922,25.96452,7.197051000000004,4414.594,2149.758,620.0462,412.3341,188.5258,-133.0132,28930330000000.0,27680850000000.0,2926254000000.0,0.3532878,1.546391e-06,-1.376317e-06,-2.871971e-06,-1.343141e-06,6.607451e-08,-4.387621e-06,-3.830478e-06,1.945741e-06,27104170000000.0,2775426000000.0,0.3300434,1.511528e-06,-1.328297e-06,-2.790134e-06,-1.295966e-06,8.126561e-08,-4.271603e-06,-3.726994e-06,1.918393e-06,21241210000000.0,1950348000000.0,0.2240395,1.278946e-06,-1.040131e-06,-2.276487e-06,-1.013318e-06,1.508023e-07,-3.529938e-06,-3.068976e-06,1.704342e-06,685931500000.0,562800000000000.0,1.549821,148400000000000.0,-1.3447
2014,1.7907,26.06866,5.872127999999996,4420.248,2162.46,506.1018,-65.97631,-198.3127,270.6873,35177750000000.0,33736040000000.0,3622909000000.0,0.3790289,2.014159e-06,4.495623e-07,-1.511683e-06,4.763462e-07,2.31839e-06,-3.473016e-06,-2.753066e-06,4.790857e-06,32102100000000.0,3422198000000.0,0.3539056,1.960741e-06,4.323685e-07,-1.476733e-06,4.583107e-07,2.25121e-06,-3.386041e-06,-2.685145e-06,4.657881e-06,21337320000000.0,2129115000000.0,0.2260104,1.487279e-06,3.004609e-07,-1.146857e-06,3.193324e-07,1.677519e-06,-2.59508e-06,-2.063181e-06,3.501683e-06,842388900000.0,294200000000000.0,1.4754,73850000000000.0,-1.26423
2015,1.786,26.1518,6.321134999999998,4406.866,2163.844,543.8412,-331.9241,-216.4514,3.01571,32005980000000.0,14609340000000.0,1266796000000.0,0.2862275,5.238813e-07,6.030832e-07,8.966424e-08,6.094071e-07,1.092784e-06,-4.190512e-07,-2.329307e-07,1.741711e-06,13936540000000.0,1163249000000.0,0.2653731,4.983326e-07,5.644208e-07,7.607477e-08,5.704045e-07,1.030134e-06,-4.078274e-07,-2.307748e-07,1.647356e-06,10188090000000.0,688931700000.0,0.1756925,3.597481e-07,3.724768e-07,2.008229e-08,3.766613e-07,7.082289e-07,-3.292326e-07,-2.013794e-07,1.153557e-06,444123900000.0,232500000000000.0,1.029659,40730000000000.0,-0.9214504
2017,1.7969,26.21673,6.009596000000001,4422.55,2177.769,518.9637,-269.9383,-21.53161,242.9673,34889410000000.0,10957000000000.0,877941300000.0,0.271355,4.187333e-07,2.950558e-07,-1.14523e-07,3.012348e-07,6.873326e-07,-5.218827e-07,-3.728103e-07,1.20457e-06,10572550000000.0,745048800000.0,0.2445385,3.659824e-07,2.539173e-07,-1.040386e-07,2.592939e-07,5.966971e-07,-4.600776e-07,-3.297781e-07,1.048732e-06,5670730000000.0,288127600000.0,0.1437875,1.85949e-07,1.195821e-07,-6.222407e-08,1.222519e-07,2.935389e-07,-2.431145e-07,-1.768939e-07,5.230994e-07,373086000000.0,105700000000000.0,0.8952672,16100000000000.0,-0.785862
2019,1.7876,25.95714,7.086606000000006,4408.531,2146.103,609.5559,212.1531,207.3629,44.74147,55457820000000.0,36523350000000.0,4217228000000.0,0.3882879,2.905806e-06,-1.442101e-06,-4.254872e-06,-1.388375e-06,1.256757e-06,-7.097148e-06,-6.052021e-06,4.793761e-06,30372040000000.0,3510983000000.0,0.342636,2.60549e-06,-1.267677e-06,-3.789413e-06,-1.219854e-06,1.151146e-06,-6.337922e-06,-5.400701e-06,4.322032e-06,14321000000000.0,1327602000000.0,0.1971546,1.396695e-06,-6.258485e-07,-1.97683e-06,-6.010771e-07,6.680619e-07,-3.342939e-06,-2.840267e-06,2.366449e-06,951798400000.0,187000000000000.0,1.569043,49920000000000.0,-1.33353
2021,1.8071,26.53892,7.1893559999999965,4414.638,2204.803,622.4524,115.1123,-70.15385,105.2348,38157280000000.0,32390440000000.0,3560499000000.0,0.3743133,1.952859e-06,-3.296352e-07,-2.226627e-06,-2.971383e-07,1.487509e-06,-4.132301e-06,-3.432643e-06,3.876583e-06,30372040000000.0,3222712000000.0,0.3411772,1.855022e-06,-3.077742e-07,-2.10956e-06,-2.770836e-07,1.417768e-06,-3.919755e-06,-3.255094e-06,3.686861e-06,15186020000000.0,1474311000000.0,0.1991655,1.195903e-06,-1.80474e-07,-1.341385e-06,-1.613998e-07,9.297053e-07,-2.508368e-06,-2.079647e-06,2.391395e-06,862557400000.0,206300000000000.0,1.362139,47810000000000.0,-1.15533
2023,1.8001,26.33183,6.080454999999996,4422.582,2188.834,525.6536,-49.93089,-316.6204,175.939,101208100000000.0,72470010000000.0,9150072000000.0,0.483179,9.827838e-06,1.858539e-06,-7.674664e-06,1.938493e-06,1.083386e-05,-1.723782e-05,-1.371337e-05,2.283447e-05,69202130000000.0,8496588000000.0,0.4491096,9.505349e-06,1.773659e-06,-7.445598e-06,1.849825e-06,1.045077e-05,-1.669489e-05,-1.328573e-05,2.205561e-05,42097960000000.0,4626915000000.0,0.2803859,7.08316e-06,1.210862e-06,-5.653062e-06,1.261334e-06,7.656886e-06,-1.254514e-05,-1.000273e-05,1.629391e-05,1495056000000.0,198300000000000.0,2.33623,78820000000000.0,-2.02356
2024,1.8166,26.84608,7.011621999999998,4418.75,2236.533,609.1124,44.15135,59.45834,265.2704,41809620000000.0,39695110000000.0,4484359000000.0,0.3938225,2.884533e-06,-4.582108e-07,-3.254984e-06,-4.149135e-07,2.209723e-06,-6.070337e-06,-5.034921e-06,5.72936e-06,38349510000000.0,4290850000000.0,0.3708515,2.816491e-06,-4.417261e-07,-3.172315e-06,-3.996727e-07,2.16257e-06,-5.921248e-06,-4.910187e-06,5.598818e-06,29314790000000.0,2997646000000.0,0.2491433,2.327303e-06,-3.38196e-07,-2.593356e-06,-3.046668e-07,1.809909e-06,-4.864785e-06,-4.028951e-06,4.647324e-06,893536900000.0,524300000000000.0,1.859809,165900000000000.0,-1.63746
2027,1.8198,26.81894,7.1722909999999995,4422.468,2235.785,623.5903,117.2775,-212.7624,-177.7504,34697180000000.0,32294330000000.0,3508084000000.0,0.3668676,2.012052e-06,5.102542e-08,-1.905003e-06,8.039123e-08,1.918008e-06,-3.866478e-06,-3.146119e-06,4.382241e-06,31813760000000.0,3371849000000.0,0.3485633,1.975297e-06,4.959941e-08,-1.870594e-06,7.832288e-08,1.882139e-06,-3.796233e-06,-3.089e-06,4.301179e-06,24412970000000.0,2360274000000.0,0.235839,1.637267e-06,3.795099e-08,-1.552889e-06,6.097935e-08,1.554404e-06,-3.148959e-06,-2.562513e-06,3.558178e-06,767636200000.0,386200000000000.0,1.564526,102800000000000.0,-1.35432
2029,1.8238,25.65904,6.511403999999994,4479.025,2151.666,567.1522,-95.92336,58.65098,200.0073,32967120000000.0,30564270000000.0,3350067000000.0,0.366346,1.789735e-06,1.352865e-07,-1.605872e-06,1.616579e-07,1.798332e-06,-3.350029e-06,-2.709816e-06,3.992575e-06,29987590000000.0,3170083000000.0,0.3423528,1.741083e-06,1.297869e-07,-1.56392e-06,1.55316e-07,1.747224e-06,-3.260658e-06,-2.63781e-06,3.88161e-06,21529550000000.0,2069906000000.0,0.2224097,1.383452e-06,9.456519e-08,-1.250578e-06,1.14157e-07,1.377562e-06,-2.598769e-06,-2.103641e-06,3.072381e-06,744851300000.0,406300000000000.0,1.500147,103700000000000.0,-1.30284
2032,1.8127,25.4931,6.687806999999997,4467.827,2130.384,580.3941,120.1428,423.7004,73.55173,35754430000000.0,31429300000000.0,3582150000000.0,0.3722133,2.247893e-06,-1.130172e-06,-3.304796e-06,-1.089696e-06,9.535899e-07,-5.504243e-06,-4.694967e-06,3.687292e-06,30852620000000.0,3358913000000.0,0.3429215,2.1764e-06,-1.075366e-06,-3.180596e-06,-1.036412e-06,9.413749e-07,-5.310072e-06,-4.526465e-06,3.587744e-06,23644060000000.0,2325091000000.0,0.2314014,1.780471e-06,-8.07427e-07,-2.528656e-06,-7.766069e-07,8.391071e-07,-4.270659e-06,-3.629293e-06,3.002325e-06,752103100000.0,752800000000000.0,1.911321,244800000000000.0,-1.675
2041,1.8479,26.34964,7.0803640000000065,4482.257,2220.104,621.2849,47.18034,122.7271,100.3844,34697180000000.0,29891470000000.0,3356079000000.0,0.355171,1.832998e-06,-3.937932e-07,-2.173679e-06,-3.627636e-07,1.311783e-06,-3.962866e-06,-3.305894e-06,3.553014e-06,27392510000000.0,3025738000000.0,0.3249303,1.728683e-06,-3.661521e-07,-2.044612e-06,-3.370307e-07,1.241911e-06,-3.731973e-06,-3.112344e-06,3.355364e-06,15570480000000.0,1547399000000.0,0.1993325,1.145541e-06,-2.238736e-07,-1.335579e-06,-2.051646e-07,8.398765e-07,-2.45372e-06,-2.042926e-06,2.239436e-06,786145800000.0,253800000000000.0,1.395762,60270000000000.0,-1.16226
2043,1.8406,24.83929,6.703788999999998,4532.009,2097.854,586.9957,335.6033,415.8624,324.3934,28449760000000.0,24412970000000.0,2435432000000.0,0.3321699,1.224181e-06,-1.418213e-06,-2.602384e-06,-1.38958e-06,-2.722098e-07,-3.803911e-06,-3.362438e-06,1.215674e-06,23163490000000.0,2248298000000.0,0.3084335,1.174809e-06,-1.343466e-06,-2.479793e-06,-1.316068e-06,-2.439422e-07,-3.632846e-06,-3.209158e-06,1.183795e-06,13359860000000.0,1151202000000.0,0.1889404,7.937227e-07,-8.289463e-07,-1.596231e-06,-8.108464e-07,-8.742559e-08,-2.37518e-06,-2.088823e-06,8.764651e-07,673309800000.0,219800000000000.0,1.247725,46660000000000.0,-1.02564
2044,1.8422,24.89244,6.797031,4531.443,2102.699,595.4184,358.3479,5.44204,143.094,42770760000000.0,34216610000000.0,3415813000000.0,0.372852,2.089244e-06,-1.324979e-06,-3.34646e-06,-1.284228e-06,6.17856e-07,-5.391621e-06,-4.639603e-06,3.159155e-06,33543810000000.0,3219397000000.0,0.3487647,2.026814e-06,-1.267479e-06,-3.228396e-06,-1.228108e-06,6.167835e-07,-5.212432e-06,-4.482838e-06,3.081877e-06,21914010000000.0,1953233000000.0,0.2226143,1.536302e-06,-8.738027e-07,-2.359259e-06,-8.448888e-07,5.515065e-07,-3.863071e-06,-3.309769e-06,2.418505e-06,834200900000.0,453100000000000.0,1.71101,131900000000000.0,-1.519462
2045,1.843,25.31407,6.744154000000001,4517.978,2136.996,591.0219,110.7643,264.5431,227.21,34216610000000.0,29987590000000.0,3044480000000.0,0.3565086,1.731931e-06,-8.449674e-07,-2.524303e-06,-8.123547e-07,7.687192e-07,-4.217741e-06,-3.595702e-06,2.881759e-06,27680850000000.0,2802454000000.0,0.3286494,1.664819e-06,-7.991344e-07,-2.413252e-06,-7.679329e-07,7.515522e-07,-4.041059e-06,-3.44308e-06,2.782468e-06,15186020000000.0,1447495000000.0,0.1970678,1.186522e-06,-5.149132e-07,-1.664586e-06,-4.934113e-07,5.879282e-07,-2.82468e-06,-2.398278e-06,2.034158e-06,789873100000.0,500100000000000.0,1.600745,136200000000000.0,-1.382509
2046,1.8511,27.15645,5.430969999999999,4468.979,2292.451,477.5204,155.8894,78.68417,168.9741,30275930000000.0,16243280000000.0,1543480000000.0,0.2938823,7.372504e-07,-3.95491e-07,-1.112009e-06,-3.807411e-07,2.954425e-07,-1.832418e-06,-1.568283e-06,1.197854e-06,15858820000000.0,1457026000000.0,0.2788836,7.151283e-07,-3.793847e-07,-1.074371e-06,-3.651099e-07,2.907125e-07,-1.773161e-06,-1.516942e-06,1.165993e-06,9899749000000.0,761815400000.0,0.1703038,4.919661e-07,-2.342904e-07,-7.121694e-07,-2.24709e-07,2.259362e-07,-1.192883e-06,-1.016547e-06,8.27686e-07,484049700000.0,280900000000000.0,1.112543,53170000000000.0,-0.9778
2048,1.8593,26.94948,6.920779000000003,4476.291,2275.814,609.5288,53.29725,-177.6715,193.1734,32294330000000.0,31813760000000.0,3352375000000.0,0.3698246,1.957915e-06,3.399926e-08,-1.868656e-06,6.209092e-08,1.848844e-06,-3.777349e-06,-3.076169e-06,4.245508e-06,31621530000000.0,3258292000000.0,0.353319,1.937482e-06,3.33881e-08,-1.849339e-06,6.111254e-08,1.829057e-06,-3.738108e-06,-3.044223e-06,4.200585e-06,26527480000000.0,2386693000000.0,0.2358527,1.691692e-06,2.690174e-08,-1.61626e-06,5.035974e-08,1.592384e-06,-3.265386e-06,-2.659295e-06,3.661814e-06,732670800000.0,767500000000000.0,1.770563,231200000000000.0,-1.58301
2051,1.8658,24.98399,6.655531999999997,4564.628,2126.969,587.6149,5.725548,131.9561,421.8216,40079570000000.0,27969190000000.0,3167507000000.0,0.35305,1.922467e-06,-3.840977e-07,-2.249649e-06,-3.534677e-07,1.399219e-06,-4.12677e-06,-3.436867e-06,3.74744e-06,27392510000000.0,3056603000000.0,0.3378465,1.889474e-06,-3.737795e-07,-2.207209e-06,-3.437814e-07,1.378591e-06,-4.052105e-06,-3.37401e-06,3.686332e-06,20760640000000.0,2063502000000.0,0.2174566,1.533037e-06,-2.73554e-07,-1.760157e-06,-2.50185e-07,1.145136e-06,-3.256948e-06,-2.706483e-06,3.015902e-06,687203100000.0,861200000000000.0,1.833857,268700000000000.0,-1.658414
2054,1.8634,24.93783,6.887377000000002,4560.184,2120.427,607.4596,281.0273,-9.429456,-7.128024,46615320000000.0,28641990000000.0,3261986000000.0,0.3513412,1.99006e-06,-9.537711e-07,-2.882042e-06,-9.169377e-07,8.974447e-07,-4.8278e-06,-4.11276e-06,3.323182e-06,26623600000000.0,2966632000000.0,0.3202831,1.881256e-06,-8.836243e-07,-2.706251e-06,-8.490348e-07,8.65652e-07,-4.545617e-06,-3.8696e-06,3.158393e-06,18165560000000.0,1774052000000.0,0.2084013,1.370365e-06,-5.844738e-07,-1.91131e-06,-5.601427e-07,6.870225e-07,-3.25112e-06,-2.758422e-06,2.355724e-06,724069600000.0,464100000000000.0,1.645127,129900000000000.0,-1.47609
2055,1.8667,25.68768,7.064250999999996,4535.294,2181.489,623.664,-16.90734,-155.1602,68.29166,49498740000000.0,35658320000000.0,4137522000000.0,0.3766152,2.668728e-06,3.34504e-07,-2.260165e-06,3.696295e-07,2.804518e-06,-4.859671e-06,-3.904663e-06,6.073745e-06,34408840000000.0,3858437000000.0,0.3499175,2.556486e-06,3.150822e-07,-2.170202e-06,3.484588e-07,2.68035e-06,-4.660371e-06,-3.745442e-06,5.81163e-06,23259600000000.0,2275218000000.0,0.2278205,1.846456e-06,2.10404e-07,-1.583686e-06,2.335205e-07,1.915609e-06,-3.382216e-06,-2.721081e-06,4.175581e-06,869349800000.0,338600000000000.0,1.696283,97720000000000.0,-1.49787
2060,1.8683,25.21044,6.3425300000000036,4562.374,2147.905,560.5076,110.4864,-364.0433,401.5547,38733970000000.0,36331120000000.0,4224502000000.0,0.382301,2.613755e-06,4.684435e-08,-2.493571e-06,8.355616e-08,2.468217e-06,-5.042705e-06,-4.106001e-06,5.6679e-06,35466090000000.0,3995927000000.0,0.3544898,2.55689e-06,4.524844e-08,-2.439706e-06,8.097762e-08,2.413343e-06,-4.933358e-06,-4.016982e-06,5.54309e-06,26815820000000.0,2755470000000.0,0.2383311,2.150653e-06,3.524314e-08,-2.053837e-06,6.425332e-08,2.023721e-06,-4.151189e-06,-3.380106e-06,4.654404e-06,819630000000.0,441800000000000.0,1.698897,127700000000000.0,-1.48005
2061,1.884,25.11352,7.1472699999999945,4580.399,2146.934,634.3198,220.0071,-112.9844,-102.3726,29122560000000.0,28545880000000.0,3015175000000.0,0.345718,1.550117e-06,-4.384986e-07,-1.943359e-06,-4.115303e-07,1.004584e-06,-3.457079e-06,-2.901233e-06,2.899216e-06,28065310000000.0,2959629000000.0,0.3360602,1.537667e-06,-4.328828e-07,-1.925624e-06,-4.061659e-07,9.984988e-07,-3.427184e-06,-2.875792e-06,2.877858e-06,22586810000000.0,2075700000000.0,0.2222997,1.284455e-06,-3.329632e-07,-1.57936e-06,-3.111982e-07,8.609542e-07,-2.833629e-06,-2.372865e-06,2.429928e-06,682817400000.0,340900000000000.0,1.35794,78760000000000.0,-1.18107
2064,1.884,27.03761,5.279673999999998,4521.72,2307.672,469.1204,406.6488,133.6145,117.4961,41425160000000.0,22779030000000.0,2666446000000.0,0.3235722,1.468514e-06,-1.360448e-06,-2.781484e-06,-1.328156e-06,1.175653e-08,-4.220754e-06,-3.691954e-06,1.797992e-06,20376180000000.0,2276624000000.0,0.2912005,1.315191e-06,-1.198129e-06,-2.470673e-06,-1.169336e-06,3.040292e-08,-3.75966e-06,-3.286034e-06,1.629933e-06,11341460000000.0,971894100000.0,0.1763079,7.269574e-07,-6.168868e-07,-1.31996e-06,-6.012872e-07,6.116586e-08,-2.032404e-06,-1.770521e-06,9.447693e-07,641685400000.0,144200000000000.0,1.209763,29680000000000.0,-1.036921
2065,1.8849,26.57261,5.436538999999997,4541.15,2271.324,483.2318,-97.65636,176.6449,117.5785,28738110000000.0,24797430000000.0,2613227000000.0,0.3345383,1.305606e-06,-8.576728e-09,-1.279335e-06,1.274857e-08,1.20919e-06,-2.552334e-06,-2.08544e-06,2.810839e-06,23932400000000.0,2404988000000.0,0.3081512,1.257559e-06,-8.137546e-09,-1.232045e-06,1.231329e-08,1.164528e-06,-2.458193e-06,-2.008453e-06,2.707087e-06,14128770000000.0,1288620000000.0,0.1905496,8.941497e-07,-5.25509e-09,-8.750384e-07,8.828851e-09,8.270773e-07,-1.746837e-06,-1.42692e-06,1.923111e-06,656635900000.0,286100000000000.0,1.271054,61870000000000.0,-1.07613
2066,1.9041,26.380710000000004,4.897347999999997,4579.428,2271.327,437.994,13.78703,26.57348,118.5988,34601060000000.0,31525410000000.0,3633364000000.0,0.3631191,2.248531e-06,-1.321914e-07,-2.314811e-06,-9.953101e-08,1.949314e-06,-4.507615e-06,-3.701628e-06,4.697495e-06,29795360000000.0,3382197000000.0,0.3297934,2.17772e-06,-1.256758e-07,-2.239338e-06,-9.428022e-08,1.889532e-06,-4.36308e-06,-3.582401e-06,4.550781e-06,23836290000000.0,2427845000000.0,0.2247298,1.84468e-06,-9.830762e-08,-1.887842e-06,-7.265301e-08,1.605745e-06,-3.686776e-06,-3.025187e-06,3.858475e-06,732965900000.0,632300000000000.0,1.787549,192300000000000.0,-1.55925
2068,1.9067,25.79477,6.028972,4597.752,2222.122,539.3339,281.4326,29.5674,148.069,38733970000000.0,33639920000000.0,4075829000000.0,0.3628527,2.443964e-06,-1.206875e-06,-3.572701e-06,-1.161948e-06,1.062702e-06,-5.963165e-06,-5.08415e-06,4.037713e-06,32390440000000.0,3880428000000.0,0.3437244,2.381902e-06,-1.164533e-06,-3.470138e-06,-1.120895e-06,1.046939e-06,-5.79989e-06,-4.943151e-06,3.94616e-06,21721780000000.0,2317434000000.0,0.2178287,1.764728e-06,-7.90655e-07,-2.497843e-06,-7.593884e-07,8.444464e-07,-4.223879e-06,-3.588803e-06,2.990727e-06,806685300000.0,350400000000000.0,1.589508,94760000000000.0,-1.35288
2070,1.905,25.6503,7.072148,4590.894,2204.545,631.8244,-274.2687,-111.2516,265.4745,37388370000000.0,14609340000000.0,1359702000000.0,0.2789265,8.738977e-07,6.279514e-07,-2.267934e-07,6.399086e-07,1.444868e-06,-1.076626e-06,-7.655054e-07,2.524284e-06,13936540000000.0,1196892000000.0,0.2549603,8.006578e-07,5.68751e-07,-2.143175e-07,5.796669e-07,1.317074e-06,-9.929227e-07,-7.078653e-07,2.305955e-06,6727985000000.0,525554400000.0,0.149211,4.255625e-07,2.804081e-07,-1.356423e-07,2.860533e-07,6.7764e-07,-5.494678e-07,-3.979099e-07,1.202968e-06,446753500000.0,229000000000000.0,1.064902,41490000000000.0,-0.9919598
2072,1.9041,26.79023,5.220127,4560.656,2302.777,466.7694,-112.5472,166.894,-78.34297,35081630000000.0,32102100000000.0,3439503000000.0,0.3558576,2.07877e-06,1.202566e-07,-1.900209e-06,1.492657e-07,2.046256e-06,-3.926085e-06,-3.181863e-06,4.591588e-06,31140960000000.0,3285110000000.0,0.334915,2.0356e-06,1.164103e-07,-1.861969e-06,1.446834e-07,2.001988e-06,-3.845769e-06,-3.11696e-06,4.494241e-06,23067380000000.0,2251834000000.0,0.2228435,1.664053e-06,8.706888e-08,-1.529322e-06,1.092525e-07,1.625532e-06,-3.150999e-06,-2.554922e-06,3.661352e-06,749584000000.0,550400000000000.0,1.708612,160000000000000.0,-1.49391
2073,1.9067,25.86231,6.1187339999999955,4593.716,2226.856,547.2564,361.5319,-100.6754,-33.05341,37772830000000.0,25854680000000.0,2881914000000.0,0.332594,1.628335e-06,-9.284287e-07,-2.506524e-06,-8.969219e-07,5.890742e-07,-4.099381e-06,-3.514209e-06,2.574271e-06,24893540000000.0,2689855000000.0,0.3087862,1.563867e-06,-8.772797e-07,-2.392759e-06,-8.471599e-07,5.796978e-07,-3.922541e-06,-3.360495e-06,2.486066e-06,17204420000000.0,1670643000000.0,0.2016559,1.171942e-06,-5.97615e-07,-1.732649e-06,-5.757084e-07,4.921121e-07,-2.879001e-06,-2.457613e-06,1.919627e-06,649211100000.0,436000000000000.0,1.489627,110500000000000.0,-1.31967
2074,1.8957,24.92975,7.032096000000001,4604.959,2140.458,626.4013,12.69046,-163.1069,-46.15722,42866870000000.0,12879280000000.0,981787200000.0,0.2673802,5.006818e-07,9.323327e-08,-3.951266e-07,1.016266e-07,5.621562e-07,-8.829303e-07,-7.042784e-07,1.17822e-06,12206490000000.0,883151800000.0,0.2470195,4.596237e-07,8.459142e-08,-3.636982e-07,9.2273e-08,5.149855e-07,-8.11499e-07,-6.474901e-07,1.080491e-06,8361924000000.0,481944700000.0,0.1601015,2.864574e-07,4.877656e-08,-2.305185e-07,5.346146e-08,3.166891e-07,-5.096042e-07,-4.073545e-07,6.689665e-07,393977300000.0,207700000000000.0,1.026957,36290000000000.0,-0.974202
2075,1.9126,24.97142,6.922449000000004,4628.95,2155.705,619.9597,-112.6633,-364.4198,28.08168,28834220000000.0,14128770000000.0,1655922000000.0,0.2714272,8.481598e-07,5.285399e-07,-3.004723e-07,5.398569e-07,1.320093e-06,-1.125298e-06,-8.231906e-07,2.366765e-06,13263740000000.0,1476450000000.0,0.2511768,7.745921e-07,4.777814e-07,-2.792839e-07,4.880778e-07,1.200549e-06,-1.032562e-06,-7.566477e-07,2.156366e-06,9515293000000.0,798702900000.0,0.1685239,5.025806e-07,2.921185e-07,-1.989286e-07,2.986408e-07,7.605582e-07,-6.876672e-07,-5.08598e-07,1.380446e-06,419765700000.0,262100000000000.0,1.141887,50920000000000.0,-0.9596
2076,1.9219,26.61896,5.436825999999999,4590.715,2300.759,488.7299,-26.57172,113.695,86.99653,34312720000000.0,30372040000000.0,3367181000000.0,0.3479042,2.043683e-06,-1.303409e-07,-2.115051e-06,-9.962472e-08,1.764719e-06,-4.108161e-06,-3.3759e-06,4.264141e-06,29122560000000.0,3186055000000.0,0.325694,1.987907e-06,-1.250822e-07,-2.055478e-06,-9.536094e-08,1.717762e-06,-3.99419e-06,-3.281863e-06,4.148716e-06,23547950000000.0,2204078000000.0,0.2233953,1.635868e-06,-9.517976e-08,-1.682956e-06,-7.153443e-08,1.418746e-06,-3.278319e-06,-2.691881e-06,3.417875e-06,711920700000.0,488400000000000.0,1.670381,138800000000000.0,-1.4355
2077,1.9117,24.92292,6.894753999999998,4629.652,2151.264,617.3056,-367.2269,-189.5206,225.3262,35562200000000.0,33351580000000.0,3510487000000.0,0.3598958,2.102122e-06,1.463928e-06,-5.900114e-07,1.483417e-06,3.409284e-06,-2.631261e-06,-1.882412e-06,6.002271e-06,31621530000000.0,3296869000000.0,0.3349313,2.040472e-06,1.401595e-06,-5.919384e-07,1.420348e-06,3.289362e-06,-2.573309e-06,-1.846373e-06,5.80601e-06,20280070000000.0,2035392000000.0,0.2124753,1.557668e-06,9.741335e-07,-5.467307e-07,9.874953e-07,2.412123e-06,-2.05921e-06,-1.503989e-06,4.331609e-06,803106100000.0,768700000000000.0,1.833556,239800000000000.0,-1.61073
2080,1.9228,26.63031,5.499065000000007,4591.175,2302.128,494.4577,-144.6521,6.38116,-218.3468,34793290000000.0,26623600000000.0,3172069000000.0,0.3355742,1.776275e-06,5.300028e-07,-1.201155e-06,5.539981e-07,2.181127e-06,-2.930139e-06,-2.295899e-06,4.364407e-06,24220740000000.0,2855714000000.0,0.3048094,1.68125e-06,4.93416e-07,-1.144977e-06,5.159701e-07,2.055705e-06,-2.781459e-06,-2.181099e-06,4.121921e-06,15762710000000.0,1588836000000.0,0.194745,1.187261e-06,3.206231e-07,-8.357845e-07,3.359417e-07,1.421931e-06,-1.991409e-06,-1.567257e-06,2.880024e-06,681830300000.0,290500000000000.0,1.382911,68350000000000.0,-1.169251
2081,1.91,25.69973,5.783226999999996,4608.062,2217.684,517.9424,53.57125,58.76155,190.6658,28353650000000.0,23067380000000.0,2462486000000.0,0.3204756,1.263992e-06,-2.533255e-07,-1.481394e-06,-2.31791e-07,9.240451e-07,-2.715013e-06,-2.262198e-06,2.470751e-06,22394580000000.0,2334078000000.0,0.3008643,1.228841e-06,-2.426919e-07,-1.436525e-06,-2.218429e-07,9.016608e-07,-2.635834e-06,-2.195585e-06,2.405211e-06,16531620000000.0,1547422000000.0,0.1984332,9.844619e-07,-1.776505e-07,-1.133617e-06,-1.614208e-07,7.376255e-07,-2.094403e-06,-1.741559e-06,1.941393e-06,584527300000.0,668100000000000.0,1.499977,170500000000000.0,-1.332
2083,1.9228,26.34294,5.172461999999999,4605.403,2280.428,465.2021,61.01673,274.3142,50.71591,35273860000000.0,29603130000000.0,3299169000000.0,0.3478677,1.956466e-06,-6.902068e-07,-2.588123e-06,-6.553763e-07,1.13048e-06,-4.499597e-06,-3.79747e-06,3.519201e-06,28065310000000.0,3021477000000.0,0.3200039,1.877391e-06,-6.522247e-07,-2.473275e-06,-6.189659e-07,1.094355e-06,-4.307484e-06,-3.633685e-06,3.386262e-06,17973330000000.0,1706572000000.0,0.2047429,1.381777e-06,-4.413701e-07,-1.780982e-06,-4.176231e-07,8.41812e-07,-3.130943e-06,-2.634794e-06,2.527483e-06,738006100000.0,363000000000000.0,1.536926,94920000000000.0,-1.2969
2086,1.9254,26.34958,5.183036999999994,4607.991,2282.374,466.4471,-312.2455,57.84161,-128.494,35369980000000.0,33928270000000.0,3746319000000.0,0.3614222,2.178991e-06,1.075095e-06,-1.05078e-06,1.099549e-06,3.094799e-06,-3.169089e-06,-2.391882e-06,5.777085e-06,33351580000000.0,3577618000000.0,0.3416261,2.134876e-06,1.042738e-06,-1.039983e-06,1.066582e-06,3.02118e-06,-3.115399e-06,-2.353892e-06,5.648963e-06,23547950000000.0,2230564000000.0,0.2226314,1.724776e-06,7.794899e-07,-9.023662e-07,7.979595e-07,2.375324e-06,-2.579064e-06,-1.963593e-06,4.496959e-06,833278200000.0,245100000000000.0,1.428519,59570000000000.0,-1.20978
2087,1.9305,26.14001,6.269916000000003,4614.567,2264.65,564.7647,-268.681,-179.4307,167.3373,35946660000000.0,35369980000000.0,3546270000000.0,0.3646276,2.130263e-06,1.146996e-06,-9.311982e-07,1.168623e-06,3.117224e-06,-3.001324e-06,-2.241478e-06,5.739293e-06,34793290000000.0,3416973000000.0,0.3439938,2.100206e-06,1.118585e-06,-9.301749e-07,1.139795e-06,3.060653e-06,-2.971085e-06,-2.221926e-06,5.645532e-06,22875150000000.0,2299648000000.0,0.2195399,1.797795e-06,8.75092e-07,-8.777661e-07,8.923466e-07,2.534606e-06,-2.624752e-06,-1.983188e-06,4.745723e-06,815631600000.0,546200000000000.0,1.669021,155100000000000.0,-1.51048
2089,1.9374,25.3254,6.662880000000007,4652.792,2201.889,601.312,-249.7424,-258.9657,102.1962,59206260000000.0,30179820000000.0,3110337000000.0,0.3460742,2.209895e-06,1.300539e-06,-8.571147e-07,1.323424e-06,3.347785e-06,-3.004148e-06,-2.216511e-06,6.071016e-06,28641990000000.0,2814818000000.0,0.3217433,2.080546e-06,1.206515e-06,-8.246489e-07,1.227863e-06,3.133292e-06,-2.846002e-06,-2.104405e-06,5.696783e-06,13744310000000.0,1171119000000.0,0.1860411,1.206227e-06,6.330859e-07,-5.4367e-07,6.446124e-07,1.747422e-06,-1.715536e-06,-1.28532e-06,3.232175e-06,843525900000.0,218300000000000.0,1.575893,58530000000000.0,-1.38204
2090,1.9374,26.5499,4.898375,4618.748,2307.847,442.4979,-126.5786,88.6668,186.9343,33543810000000.0,32678780000000.0,3451061000000.0,0.3563034,1.989823e-06,2.116638e-07,-1.723626e-06,2.393395e-07,2.056919e-06,-3.662336e-06,-2.950393e-06,4.495584e-06,32198210000000.0,3324482000000.0,0.3380589,1.956619e-06,2.061402e-07,-1.696759e-06,2.332535e-07,2.020284e-06,-3.603114e-06,-2.90302e-06,4.418087e-06,24797430000000.0,2312091000000.0,0.2261205,1.626538e-06,1.58024e-07,-1.423103e-06,1.797781e-07,1.663622e-06,-3.007829e-06,-2.425593e-06,3.655612e-06,752592400000.0,697900000000000.0,1.72901,205300000000000.0,-1.53252
2092,1.9314,24.91164,6.218967000000007,4664.065,2166.139,560.3805,90.28914,-320.8855,418.7569,43059100000000.0,37003920000000.0,3974584000000.0,0.3762417,2.453843e-06,3.276863e-08,-2.352057e-06,6.732859e-08,2.305972e-06,-4.745224e-06,-3.865825e-06,5.309641e-06,35850550000000.0,3749986000000.0,0.3465322,2.386442e-06,3.136389e-08,-2.287736e-06,6.47615e-08,2.241436e-06,-4.615145e-06,-3.75984e-06,5.162229e-06,26143030000000.0,2561442000000.0,0.2294594,1.946622e-06,2.345477e-08,-1.867154e-06,4.963309e-08,1.822772e-06,-3.765516e-06,-3.067534e-06,4.203423e-06,825187300000.0,501700000000000.0,1.742082,148700000000000.0,-1.575
2093,1.9245,26.7566,5.8915100000000065,4585.533,2311.962,529.9224,-87.16877,-74.42056,-96.9763,46134750000000.0,36811690000000.0,4681354000000.0,0.3699708,3.273651e-06,6.066552e-07,-2.575688e-06,6.450093e-07,3.627436e-06,-5.762614e-06,-4.591135e-06,7.637025e-06,32774900000000.0,4224792000000.0,0.3368859,3.094897e-06,5.64352e-07,-2.443861e-06,6.002302e-07,3.418976e-06,-5.456759e-06,-4.349125e-06,7.208993e-06,21625660000000.0,2404476000000.0,0.2171117,2.186051e-06,3.662336e-07,-1.757138e-06,3.900449e-07,2.377719e-06,-3.88523e-06,-3.102372e-06,5.052218e-06,858080400000.0,473700000000000.0,1.933152,155800000000000.0,-1.63152
2096,1.9322,26.90087,6.812260000000001,4582.29,2324.815,613.8206,-124.7809,-25.18457,3.484358,36619460000000.0,35369980000000.0,4082355000000.0,0.3658357,2.54697e-06,5.19356e-07,-1.95797e-06,5.506466e-07,2.874231e-06,-4.437456e-06,-3.526511e-06,5.996231e-06,35081630000000.0,3963134000000.0,0.3504392,2.513804e-06,5.086776e-07,-1.936284e-06,5.394498e-07,2.832535e-06,-4.383479e-06,-3.484362e-06,5.913697e-06,27873080000000.0,2797204000000.0,0.2355294,2.123118e-06,3.979432e-07,-1.666049e-06,4.228973e-07,2.357348e-06,-3.732887e-06,-2.973176e-06,4.957931e-06,784859800000.0,509400000000000.0,1.731903,150100000000000.0,-1.50975
2098,1.9339,26.12523,6.501944000000005,4617.599,2264.661,586.1527,-185.8552,-335.9512,-90.27654,39791220000000.0,28930330000000.0,3107691000000.0,0.3515842,1.759751e-06,1.148685e-06,-5.704131e-07,1.167754e-06,2.781767e-06,-2.280217e-06,-1.65326e-06,4.951902e-06,27873080000000.0,2845148000000.0,0.3184819,1.680254e-06,1.073671e-06,-5.675788e-07,1.091695e-06,2.63238e-06,-2.200128e-06,-1.601438e-06,4.704155e-06,17781100000000.0,1710744000000.0,0.201834,1.264052e-06,7.331268e-07,-5.008719e-07,7.459814e-07,1.903454e-06,-1.728988e-06,-1.278381e-06,3.460814e-06,713422100000.0,437300000000000.0,1.522833,113300000000000.0,-1.378
2099,1.9314,25.88118,4.816412999999995,4637.639,2250.034,434.3345,-129.6926,18.92288,-50.23707,47768690000000.0,42290190000000.0,5152604000000.0,0.387701,3.862983e-06,6.386943e-07,-3.114015e-06,6.822041e-07,4.196501e-06,-6.874935e-06,-5.491691e-06,8.92345e-06,39406770000000.0,4808709000000.0,0.3571267,3.760369e-06,6.127411e-07,-3.039929e-06,6.547217e-07,4.074855e-06,-6.700936e-06,-5.354317e-06,8.675622e-06,30372040000000.0,3295480000000.0,0.2428233,3.167531e-06,4.786156e-07,-2.5965e-06,5.12189e-07,3.389245e-06,-5.680288e-06,-4.545396e-06,7.261713e-06,912199400000.0,665300000000000.0,2.125592,240600000000000.0,-1.861878
2100,1.9279,24.86704,7.077387000000003,4652.467,2156.352,636.6579,-280.4285,-55.65294,-153.7029,41329050000000.0,35273860000000.0,3842579000000.0,0.3693643,2.57083e-06,1.315287e-06,-1.192364e-06,1.341571e-06,3.692892e-06,-3.690624e-06,-2.773612e-06,6.856711e-06,32871010000000.0,3505623000000.0,0.3365935,2.463824e-06,1.238578e-06,-1.164429e-06,1.263496e-06,3.516345e-06,-3.558691e-06,-2.679764e-06,6.54801e-06,20568410000000.0,2027594000000.0,0.2131259,1.860194e-06,8.538466e-07,-9.592824e-07,8.714871e-07,2.569799e-06,-2.766908e-06,-2.102947e-06,4.856706e-06,840576100000.0,388600000000000.0,1.73939,115000000000000.0,-1.480864
2101,1.9434,26.33832,6.419752999999998,4623.112,2288.733,580.434,-188.2558,-251.4432,69.51726,30372040000000.0,22779030000000.0,2405529000000.0,0.3186708,1.330896e-06,8.164775e-07,-4.837546e-07,8.330358e-07,2.055589e-06,-1.777544e-06,-1.303433e-06,3.69701e-06,21337320000000.0,2216215000000.0,0.297299,1.277273e-06,7.729723e-07,-4.747845e-07,7.887758e-07,1.961875e-06,-1.716441e-06,-1.261405e-06,3.53701e-06,11533690000000.0,1054405000000.0,0.1743219,8.604084e-07,4.712987e-07,-3.687538e-07,4.814686e-07,1.27064e-06,-1.205144e-06,-8.984721e-07,2.330877e-06,625512300000.0,304300000000000.0,1.303392,67480000000000.0,-1.10781
2103,1.9452,25.968740000000004,6.916219000000001,4635.769,2257.886,625.4734,-305.5635,-369.0826,-156.1755,32774900000000.0,27969190000000.0,3175252000000.0,0.3409281,1.753278e-06,1.581656e-06,-1.344813e-07,1.597537e-06,3.207869e-06,-1.835869e-06,-1.212281e-06,5.375913e-06,27008050000000.0,2956071000000.0,0.3147042,1.695533e-06,1.507487e-06,-1.5199e-07,1.522714e-06,3.079708e-06,-1.797327e-06,-1.19424e-06,5.176109e-06,20376180000000.0,1913115000000.0,0.210559,1.338047e-06,1.098182e-06,-2.107569e-07,1.109575e-06,2.336865e-06,-1.509129e-06,-1.033015e-06,3.99013e-06,683007700000.0,375600000000000.0,1.459704,93280000000000.0,-1.25136
2104,1.9521,26.87905,6.5423430000000025,4613.027,2338.201,593.1207,-725.6194,-194.3209,-11.19255,34504950000000.0,32486550000000.0,3488667000000.0,0.3525084,2.074822e-06,2.784498e-06,7.461331e-07,2.79387e-06,4.702384e-06,-1.262063e-06,-5.262776e-07,7.280983e-06,31044840000000.0,3294512000000.0,0.3280673,2.02292e-06,2.679258e-06,6.920523e-07,2.688251e-06,4.548673e-06,-1.265879e-06,-5.484623e-07,7.06248e-06,21241210000000.0,2119792000000.0,0.2129396,1.62161e-06,1.972698e-06,3.806729e-07,1.979076e-06,3.468432e-06,-1.188689e-06,-6.133755e-07,5.48191e-06,754012900000.0,399700000000000.0,1.579327,107400000000000.0,-1.365023
2105,1.9443,25.95942,6.975079000000005,4634.656,2256.411,630.6477,-282.4076,-154.2162,-489.4399,34120490000000.0,17877220000000.0,2135011000000.0,0.2907093,1.110912e-06,9.476181e-07,-1.399078e-07,9.597659e-07,1.981806e-06,-1.219176e-06,-8.238163e-07,3.355571e-06,17300530000000.0,1970569000000.0,0.2722943,1.059143e-06,8.930256e-07,-1.437474e-07,9.045408e-07,1.878798e-06,-1.172711e-06,-7.957568e-07,3.188419e-06,11725920000000.0,1098738000000.0,0.1754511,7.232994e-07,5.605902e-07,-1.470508e-07,5.681048e-07,1.232621e-06,-8.496886e-07,-5.921675e-07,2.126326e-06,489656900000.0,330200000000000.0,1.281436,71990000000000.0,-1.096018
2106,1.9478,26.94404,6.594757999999994,4603.705,2340.044,597.0501,65.86793,-245.3119,-273.1535,107743900000000.0,36523350000000.0,4376454000000.0,0.3669096,4.08585e-06,4.69246e-07,-3.497846e-06,5.155168e-07,4.229271e-06,-7.477741e-06,-6.013366e-06,9.224809e-06,35369980000000.0,3979330000000.0,0.3441662,3.825377e-06,4.350418e-07,-3.278826e-06,4.780292e-07,3.954304e-06,-7.004986e-06,-5.633861e-06,8.630816e-06,22202350000000.0,1863616000000.0,0.2162693,2.298291e-06,2.419428e-07,-1.987755e-06,2.661096e-07,2.351047e-06,-4.226359e-06,-3.402065e-06,5.157913e-06,849167800000.0,216500000000000.0,2.028255,74710000000000.0,-1.84932
2107,1.9408,25.50892,4.8391850000000005,4665.669,2226.302,437.6651,-107.2854,85.42145,-320.8503,146670100000000.0,113510700000000.0,14677640000000.0,0.5397269,2.017134e-05,1.380315e-06,-1.806136e-05,1.457154e-06,1.946753e-05,-3.770109e-05,-3.04243e-05,4.387726e-05,111204000000000.0,13943340000000.0,0.5052785,1.964709e-05,1.327533e-06,-1.76059e-05,1.399271e-06,1.89349e-05,-3.673503e-05,-2.964638e-05,4.270499e-05,87944370000000.0,9471771000000.0,0.3428181,1.589343e-05,9.936489e-07,-1.430641e-05,1.03481e-06,1.518406e-05,-2.977999e-05,-2.404026e-05,3.438431e-05,1851360000000.0,508100000000000.0,3.737572,323100000000000.0,-3.36996
2108,1.9478,26.70242,5.241048000000001,4624.975,2326.365,474.893,-410.006,-362.6084,-170.6614,83427010000000.0,41809620000000.0,4435672000000.0,0.3846482,4.899862e-06,4.263422e-06,-5.309324e-07,4.293683e-06,8.780253e-06,-5.280891e-06,-3.537857e-06,1.483631e-05,39502880000000.0,4093343000000.0,0.3559755,4.73237e-06,4.058628e-06,-5.713686e-07,4.087405e-06,8.419579e-06,-5.158915e-06,-3.475331e-06,1.42678e-05,23932400000000.0,2296400000000.0,0.2216865,3.483395e-06,2.725549e-06,-6.80012e-07,2.744339e-06,5.927715e-06,-4.056602e-06,-2.816633e-06,1.022813e-05,960367000000.0,536000000000000.0,2.111997,192600000000000.0,-1.994115
2109,1.9478,26.74375,6.244790000000003,4614.367,2325.201,565.4142,-149.593,-12.71526,377.77,45942520000000.0,43539670000000.0,5051865000000.0,0.3924309,3.459458e-06,5.229516e-07,-2.839735e-06,5.64552e-07,3.716252e-06,-6.209265e-06,-4.970544e-06,7.95246e-06,41809620000000.0,4762647000000.0,0.3635641,3.373583e-06,5.033874e-07,-2.77555e-06,5.436739e-07,3.616518e-06,-6.061421e-06,-4.853363e-06,7.747093e-06,30083700000000.0,3133041000000.0,0.2399516,2.72916e-06,3.763051e-07,-2.274771e-06,4.073463e-07,2.889807e-06,-4.932884e-06,-3.955112e-06,6.22873e-06,976594900000.0,409800000000000.0,1.83873,128200000000000.0,-1.6038
2111,1.9426,26.737030000000004,5.217603000000007,4616.788,2325.742,472.0635,45.53934,-473.8191,162.4724,35946660000000.0,29507020000000.0,3318692000000.0,0.3444229,1.947484e-06,5.928983e-07,-1.305534e-06,6.18319e-07,2.401787e-06,-3.201684e-06,-2.505942e-06,4.795885e-06,27584740000000.0,3022788000000.0,0.3160243,1.856355e-06,5.56381e-07,-1.253042e-06,5.804417e-07,2.280071e-06,-3.060448e-06,-2.397212e-06,4.561841e-06,15762710000000.0,1563473000000.0,0.1933201,1.243712e-06,3.398998e-07,-8.716015e-07,3.552682e-07,1.49229e-06,-2.082449e-06,-1.637877e-06,3.019705e-06,753019100000.0,321100000000000.0,1.482677,81000000000000.0,-1.25631
2112,1.9486,26.93804,6.566482999999997,4605.188,2340.191,594.6275,-288.4229,-481.0446,220.3589,78044620000000.0,66030360000000.0,7795952000000.0,0.4474663,7.427879e-06,3.84002e-06,-3.396015e-06,3.873182e-06,1.061836e-05,-1.060319e-05,-7.950066e-06,1.974233e-05,62378030000000.0,7180240000000.0,0.4141949,7.134178e-06,3.638671e-06,-3.310339e-06,3.669619e-06,1.014607e-05,-1.023248e-05,-7.683981e-06,1.890767e-05,35369980000000.0,3656789000000.0,0.2533978,4.852476e-06,2.270981e-06,-2.451216e-06,2.287709e-06,6.683194e-06,-7.159187e-06,-5.424425e-06,1.263494e-05,1379374000000.0,256000000000000.0,2.332682,101600000000000.0,-1.96582
2113,1.9495,25.52467,6.7529109999999966,4661.268,2225.775,611.6331,-517.731,-371.5239,346.2592,31044840000000.0,24989660000000.0,2779891000000.0,0.3253759,1.512651e-06,1.789999e-06,3.058651e-07,1.800982e-06,3.192824e-06,-1.160767e-06,-6.234635e-07,5.069195e-06,24028520000000.0,2612039000000.0,0.3031943,1.468115e-06,1.713007e-06,2.726981e-07,1.723559e-06,3.07416e-06,-1.150728e-06,-6.292177e-07,4.895071e-06,16819960000000.0,1676126000000.0,0.1975212,1.137714e-06,1.207129e-06,9.167946e-08,1.214684e-06,2.259842e-06,-1.011281e-06,-6.069772e-07,3.669739e-06,621492800000.0,478900000000000.0,1.485054,121000000000000.0,-1.297
2114,1.9417,25.89265,6.7115450000000045,4636.063,2250.417,606.4372,-418.6303,-33.64332,42.28569,39022310000000.0,27104170000000.0,2928429000000.0,0.3323201,1.736912e-06,1.262619e-06,-4.347108e-07,1.27905e-06,2.870993e-06,-2.12119e-06,-1.502608e-06,5.013958e-06,26335250000000.0,2766149000000.0,0.311406,1.678278e-06,1.200753e-06,-4.391242e-07,1.216478e-06,2.75434e-06,-2.068661e-06,-1.470915e-06,4.824695e-06,19799500000000.0,1872099000000.0,0.2099962,1.349352e-06,8.838554e-07,-4.338865e-07,8.957716e-07,2.130591e-06,-1.744001e-06,-1.263186e-06,3.793898e-06,657547100000.0,697100000000000.0,1.723406,204400000000000.0,-1.55223
2116,1.9609,26.12787,6.319357000000004,4657.122,2284.31,574.4441,-317.0675,-157.2503,113.9739,32486550000000.0,29891470000000.0,3046938000000.0,0.3420818,1.665911e-06,1.171049e-06,-4.570885e-07,1.189151e-06,2.718207e-06,-2.075372e-06,-1.482148e-06,4.773915e-06,27392510000000.0,2808674000000.0,0.3142558,1.604296e-06,1.110054e-06,-4.57731e-07,1.127355e-06,2.599558e-06,-2.016153e-06,-1.444829e-06,4.579003e-06,15858820000000.0,1565861000000.0,0.1933349,1.17361e-06,7.359666e-07,-4.102569e-07,7.479473e-07,1.823412e-06,-1.550267e-06,-1.132113e-06,3.270282e-06,752966200000.0,477200000000000.0,1.512515,122800000000000.0,-1.31571
2118,1.9679,26.57942,6.461341000000003,4646.841,2324.877,588.4558,-390.1113,-2.879325,-110.6349,33543810000000.0,18357790000000.0,2038929000000.0,0.2943848,1.013596e-06,8.847768e-07,-1.072614e-07,8.965604e-07,1.829527e-06,-1.091778e-06,-7.312542e-07,3.082756e-06,17781100000000.0,1836030000000.0,0.2712511,9.493305e-07,8.171472e-07,-1.119239e-07,8.281178e-07,1.701781e-06,-1.034012e-06,-6.96328e-07,2.875433e-06,10380320000000.0,913996300000.0,0.1699736,6.024767e-07,4.766665e-07,-1.126759e-07,4.833605e-07,1.037206e-06,-6.97841e-07,-4.834558e-07,1.781567e-06,527602800000.0,169800000000000.0,1.097641,31710000000000.0,-0.935154
2121,2.0036,25.92864,6.457446999999999,4721.957,2295.777,594.2661,-81.2483,208.6604,-311.7485,36619460000000.0,15378250000000.0,1538122000000.0,0.2796601,6.588103e-07,3.203144e-08,-6.102651e-07,4.334449e-08,6.489641e-07,-1.252698e-06,-1.017329e-06,1.458928e-06,13936540000000.0,1340972000000.0,0.2480132,6.075306e-07,2.879749e-08,-5.634388e-07,3.9167e-08,5.97504e-07,-1.155859e-06,-9.387929e-07,1.344313e-06,9899749000000.0,773107800000.0,0.1640519,4.295675e-07,1.866082e-08,-3.999212e-07,2.582696e-08,4.202365e-07,-8.187868e-07,-6.652583e-07,9.479944e-07,439818000000.0,225100000000000.0,1.002147,38380000000000.0,-0.9152
2122,2.0045,26.85619,5.112677000000001,4696.386,2378.099,470.9878,370.2056,215.7205,-284.5585,35273860000000.0,20952870000000.0,2892236000000.0,0.3001323,1.722268e-06,-1.298727e-06,-2.964683e-06,-1.263218e-06,3.053869e-07,-4.652157e-06,-4.031706e-06,2.399219e-06,20664520000000.0,2764241000000.0,0.2886703,1.67678e-06,-1.255852e-06,-2.877734e-06,-1.221356e-06,3.056553e-07,-4.520631e-06,-3.916546e-06,2.344061e-06,16147160000000.0,1673843000000.0,0.1944288,1.236195e-06,-8.620087e-07,-2.057131e-06,-8.371799e-07,2.872792e-07,-3.268284e-06,-2.822753e-06,1.789079e-06,519421600000.0,434500000000000.0,1.519119,112300000000000.0,-1.273194
2123,2.0072,26.90332,5.094042000000004,4698.007,2383.777,469.6198,197.2448,-351.2575,-135.4559,84868720000000.0,56130610000000.0,6765355000000.0,0.4179176,6.43149e-06,-3.730818e-08,-6.262545e-06,3.057714e-08,5.844465e-06,-1.253323e-05,-1.022102e-05,1.367359e-05,53535530000000.0,6347996000000.0,0.3875399,6.221789e-06,-3.549444e-08,-6.05689e-06,2.928035e-08,5.651658e-06,-1.212307e-05,-9.885967e-06,1.322401e-05,37676710000000.0,4163292000000.0,0.2532738,4.957756e-06,-2.574733e-08,-4.819579e-06,2.145249e-08,4.492019e-06,-9.653101e-06,-7.869117e-06,1.051857e-05,1093424000000.0,673900000000000.0,2.647068,303500000000000.0,-2.43342
2124,2.0263,26.14942,6.3698600000000045,4743.302,2328.795,589.8974,315.6498,-149.3326,-260.1989,35081630000000.0,31333190000000.0,3176025000000.0,0.3421637,1.917794e-06,-6.808456e-07,-2.540919e-06,-6.471187e-07,1.102415e-06,-4.415162e-06,-3.726495e-06,3.443145e-06,30275930000000.0,2951574000000.0,0.3177644,1.849034e-06,-6.462164e-07,-2.439436e-06,-6.138638e-07,1.072579e-06,-4.246466e-06,-3.582441e-06,3.329109e-06,16819960000000.0,1599865000000.0,0.1925985,1.321826e-06,-4.181178e-07,-1.699206e-06,-3.958399e-07,8.0789e-07,-2.990937e-06,-2.515992e-06,2.419604e-06,773303000000.0,427000000000000.0,1.600861,116300000000000.0,-1.386
2125,2.0254,26.268260000000005,5.3925570000000045,4745.681,2342.191,499.5663,172.7626,90.63456,17.88458,69586580000000.0,57956780000000.0,6898403000000.0,0.4191338,6.416213e-06,-1.479766e-06,-7.673143e-06,-1.395071e-06,4.394253e-06,-1.394117e-05,-1.162849e-05,1.217494e-05,53439420000000.0,6425409000000.0,0.3858872,6.186968e-06,-1.403635e-06,-7.374876e-06,-1.322881e-06,4.257647e-06,-1.341892e-05,-1.118858e-05,1.175886e-05,39599000000000.0,4252476000000.0,0.2574348,4.896347e-06,-1.020127e-06,-5.74192e-06,-9.603183e-07,3.447371e-06,-1.0525e-05,-8.758617e-06,9.377171e-06,1126100000000.0,658500000000000.0,2.624178,294000000000000.0,-2.31957
2126,2.0235,25.40314,5.004828000000001,4780.965,2270.49,463.5013,157.7463,-57.64164,-87.93282,48825950000000.0,37965060000000.0,4164892000000.0,0.3652748,2.957605e-06,-5.454877e-07,-3.413733e-06,-4.992622e-07,2.19431e-06,-6.300618e-06,-5.239302e-06,5.804258e-06,36235000000000.0,3871692000000.0,0.3395472,2.847514e-06,-5.174912e-07,-3.278714e-06,-4.732612e-07,2.119455e-06,-6.058132e-06,-5.036234e-06,5.594585e-06,19607270000000.0,1944532000000.0,0.2028437,1.943506e-06,-3.184222e-07,-2.201638e-06,-2.897148e-07,1.476697e-06,-4.098619e-06,-3.400679e-06,3.846159e-06,872816600000.0,399300000000000.0,1.806122,122700000000000.0,-1.574
2127,2.0162,25.43502,5.1101889999999965,4769.642,2268.366,472.3142,229.1068,43.60086,-65.33467,50652110000000.0,20568410000000.0,2257391000000.0,0.3003773,1.294899e-06,-6.374986e-07,-1.894132e-06,-6.124738e-07,5.71787e-07,-3.159794e-06,-2.695243e-06,2.15357e-06,19222810000000.0,1953229000000.0,0.274743,1.175622e-06,-5.71713e-07,-1.712519e-06,-5.490731e-07,5.259292e-07,-2.861594e-06,-2.439809e-06,1.96188e-06,4709589000000.0,390907500000.0,0.126936,3.757416e-07,-1.699933e-07,-5.344562e-07,-1.629163e-07,1.803223e-07,-9.017064e-07,-7.668503e-07,6.390105e-07,655926600000.0,148000000000000.0,1.174334,29570000000000.0,-1.058
2128,2.0199,24.88465,5.245721999999997,4795.526,2224.448,485.3471,69.18096,128.3725,-98.83995,35562200000000.0,27392510000000.0,3347788000000.0,0.3272234,2.015977e-06,-4.027702e-07,-2.359454e-06,-3.696576e-07,1.469967e-06,-4.327207e-06,-3.604348e-06,3.933405e-06,24605200000000.0,3028720000000.0,0.2995348,1.9055e-06,-3.744511e-07,-2.223719e-06,-3.433531e-07,1.395027e-06,-4.083631e-06,-3.400323e-06,3.723142e-06,16147160000000.0,1684569000000.0,0.1907575,1.349959e-06,-2.430071e-07,-1.552366e-06,-2.217849e-07,1.008032e-06,-2.870004e-06,-2.385656e-06,2.65608e-06,677416800000.0,532200000000000.0,1.649976,149400000000000.0,-1.40877
2129,2.0438,26.14449,6.166395000000005,4768.621,2340.716,573.9295,-58.21207,-67.84111,149.3221,29122560000000.0,18261670000000.0,2147078000000.0,0.2822248,9.810218e-07,1.640522e-07,-7.922092e-07,1.79764e-07,1.080628e-06,-1.747946e-06,-1.397699e-06,2.286664e-06,17588870000000.0,1983668000000.0,0.2653945,9.341677e-07,1.545376e-07,-7.56007e-07,1.694517e-07,1.027187e-06,-1.666095e-06,-1.332562e-06,2.175544e-06,3363992000000.0,392340000000.0,0.1161095,3.132226e-07,4.768476e-08,-2.574983e-07,5.256129e-08,3.398845e-07,-5.626436e-07,-4.507722e-07,7.247186e-07,496717500000.0,191300000000000.0,1.012377,32950000000000.0,-0.867006
2130,2.0401,25.64618,6.8584040000000055,4777.578,2293.769,637.4285,267.0016,212.7991,-407.0824,34024380000000.0,20760640000000.0,2310175000000.0,0.2954937,1.286554e-06,-8.465247e-07,-2.094873e-06,-8.203638e-07,3.566232e-07,-3.354014e-06,-2.891809e-06,1.927447e-06,17781100000000.0,2016166000000.0,0.2653784,1.191986e-06,-7.684154e-07,-1.924871e-06,-7.443041e-07,3.458826e-07,-3.09144e-06,-2.663175e-06,1.801022e-06,9899749000000.0,942814600000.0,0.1609221,7.491411e-07,-4.407638e-07,-1.16717e-06,-4.259992e-07,2.582904e-07,-1.900283e-06,-1.63102e-06,1.172147e-06,558876400000.0,291800000000000.0,1.234744,61300000000000.0,-1.08009
2131,2.0364,27.10467,5.230576999999997,4727.551,2419.696,486.1791,222.553,-147.8238,-207.1617,31429300000000.0,31429300000000.0,3613594000000.0,0.36285,1.979271e-06,-4.134767e-07,-2.334423e-06,-3.812162e-07,1.424379e-06,-4.266764e-06,-3.556783e-06,3.842602e-06,31333190000000.0,3454392000000.0,0.3279636,1.944786e-06,-4.001261e-07,-2.287476e-06,-3.685568e-07,1.405295e-06,-4.186141e-06,-3.488492e-06,3.781169e-06,28930330000000.0,2773875000000.0,0.2299285,1.765773e-06,-3.411709e-07,-2.054258e-06,-3.130574e-07,1.29631e-06,-3.778121e-06,-3.144522e-06,3.452575e-06,664415400000.0,481600000000000.0,1.474288,120800000000000.0,-1.34848
2132,2.0419,26.16089,6.199661999999996,4765.725,2340.988,576.7806,303.4625,-122.7382,-345.9313,45942520000000.0,45558070000000.0,4699127000000.0,0.3919399,3.395027e-06,-9.066764e-07,-4.192622e-06,-8.550415e-07,2.225816e-06,-7.509968e-06,-6.288551e-06,6.357683e-06,45077500000000.0,4475748000000.0,0.3618806,3.315813e-06,-8.707286e-07,-4.079665e-06,-8.206439e-07,2.187574e-06,-7.31958e-06,-6.12656e-06,6.222455e-06,34697180000000.0,3268531000000.0,0.2438825,2.8501e-06,-6.900184e-07,-3.446662e-06,-6.485953e-07,1.933564e-06,-6.231401e-06,-5.205455e-06,5.399025e-06,911616900000.0,806700000000000.0,2.143544,294200000000000.0,-1.950316
2133,2.0364,26.54792,5.255425999999996,4749.535,2372.992,488.3676,222.254,19.1151,312.4715,48441490000000.0,25662460000000.0,2892190000000.0,0.318859,1.858221e-06,-8.475964e-07,-2.648651e-06,-8.136013e-07,8.808967e-07,-4.465504e-06,-3.797843e-06,3.146745e-06,24124630000000.0,2686279000000.0,0.2949058,1.782839e-06,-7.988091e-07,-2.526622e-06,-7.663751e-07,8.589842e-07,-4.269758e-06,-3.629127e-06,3.032612e-06,16531620000000.0,1670299000000.0,0.1927262,1.346983e-06,-5.479511e-07,-1.852566e-06,-5.242635e-07,7.019595e-07,-3.169496e-06,-2.685237e-06,2.342847e-06,624110900000.0,583000000000000.0,1.633233,162000000000000.0,-1.51579
2134,2.0373,26.06738,6.348759999999994,4761.493,2329.271,589.7681,167.3148,5.131215,-252.8058,83138670000000.0,77756280000000.0,9843863000000.0,0.4598139,1.108985e-05,-1.290445e-06,-1.197669e-05,-1.186592e-06,8.759786e-06,-2.28009e-05,-1.879761e-05,2.217583e-05,76602910000000.0,9490422000000.0,0.4352041,1.09242e-05,-1.259227e-06,-1.178491e-05,-1.15793e-06,8.637733e-06,-2.244739e-05,-1.850358e-05,2.185174e-05,65165340000000.0,7006401000000.0,0.3013899,9.551816e-06,-1.02957e-06,-1.022647e-05,-9.478622e-07,7.602566e-06,-1.954914e-05,-1.609861e-05,1.914526e-05,1321857000000.0,487000000000000.0,2.936398,243300000000000.0,-2.564985
2135,2.0428,26.364,6.089803,4760.099,2359.207,566.8038,483.8722,-318.3552,-196.7765,28161420000000.0,13936540000000.0,1485840000000.0,0.2631887,7.537824e-07,-5.272121e-07,-1.259421e-06,-5.115367e-07,1.793743e-07,-1.997306e-06,-1.726607e-06,1.100994e-06,13552080000000.0,1332476000000.0,0.243823,6.972024e-07,-4.824467e-07,-1.159655e-06,-4.679827e-07,1.709859e-07,-1.842145e-06,-1.591757e-06,1.023363e-06,8554152000000.0,651129400000.0,0.1529026,4.198163e-07,-2.696422e-07,-6.772417e-07,-2.610916e-07,1.232911e-07,-1.088165e-06,-9.373564e-07,6.362553e-07,398306300000.0,236300000000000.0,1.087721,43730000000000.0,-0.935361
2136,2.0391,26.51945,5.3124300000000035,4754.926,2372.734,494.1329,-172.8745,-186.2276,-191.2316,33063240000000.0,31621530000000.0,3275689000000.0,0.3395242,1.951737e-06,9.2635e-07,-9.772943e-07,9.483274e-07,2.734827e-06,-2.874827e-06,-2.178531e-06,5.136474e-06,30179820000000.0,3081362000000.0,0.3167585,1.891751e-06,8.847243e-07,-9.602569e-07,9.058685e-07,2.63711e-06,-2.799462e-06,-2.124518e-06,4.964674e-06,19991730000000.0,1948904000000.0,0.2036802,1.482375e-06,6.346818e-07,-8.102387e-07,6.504289e-07,2.00521e-06,-2.251402e-06,-1.722259e-06,3.827684e-06,729192400000.0,588300000000000.0,1.675468,167700000000000.0,-1.4553
2137,2.0373,26.52914,5.289573000000005,4752.185,2372.371,491.7526,150.0332,-57.92451,-67.48104,39887340000000.0,34601060000000.0,3888251000000.0,0.351967,2.623571e-06,-4.453934e-07,-2.989712e-06,-4.049269e-07,1.984046e-06,-5.550285e-06,-4.608875e-06,5.186341e-06,32390440000000.0,3619176000000.0,0.3268413,2.537153e-06,-4.2499e-07,-2.885287e-06,-3.860833e-07,1.92371e-06,-5.36151e-06,-4.451038e-06,5.020155e-06,20568410000000.0,2114764000000.0,0.2053313,1.888008e-06,-2.880832e-07,-2.117683e-06,-2.604255e-07,1.455609e-06,-3.960312e-06,-3.282379e-06,3.757707e-06,794440400000.0,637200000000000.0,1.913087,207400000000000.0,-1.64241
2138,2.0475,25.46104,7.066766000000004,4793.267,2282.272,658.1286,59.06753,171.5065,-334.3849,43731900000000.0,39599000000000.0,4693835000000.0,0.3661735,3.399584e-06,-4.313389e-07,-3.726179e-06,-3.833322e-07,2.705489e-06,-7.044018e-06,-5.823063e-06,6.851164e-06,38445630000000.0,4502112000000.0,0.3471976,3.330041e-06,-4.180094e-07,-3.645211e-06,-3.712302e-07,2.65387e-06,-6.895166e-06,-5.699111e-06,6.714332e-06,27680850000000.0,2994161000000.0,0.2268462,2.696204e-06,-3.103805e-07,-2.92161e-06,-2.74281e-07,2.171169e-06,-5.552874e-06,-4.583928e-06,5.455821e-06,839102700000.0,714700000000000.0,2.071601,251900000000000.0,-1.81642
2139,2.0568,26.7467,6.848690000000005,4754.472,2396.108,639.453,-9.227008,-376.0688,-135.6589,28738110000000.0,27296390000000.0,3078630000000.0,0.3385309,1.758639e-06,6.400278e-07,-1.074034e-06,6.61329e-07,2.270333e-06,-2.785253e-06,-2.157184e-06,4.432003e-06,26623600000000.0,2864101000000.0,0.3036724,1.704529e-06,6.077969e-07,-1.05335e-06,6.282683e-07,2.187375e-06,-2.711905e-06,-2.103108e-06,4.282231e-06,22875150000000.0,2158547000000.0,0.2127825,1.490201e-06,4.948159e-07,-9.568714e-07,5.121288e-07,1.873887e-06,-2.406837e-06,-1.874414e-06,3.704325e-06,604615200000.0,593800000000000.0,1.576803,159300000000000.0,-1.38006
2140,2.0577,26.02412,6.132833000000007,4792.866,2340.135,573.094,-25.42482,26.40405,188.1685,36523350000000.0,17492760000000.0,1604774000000.0,0.2810468,9.31136e-07,-2.153315e-08,-9.283738e-07,-5.540692e-09,8.491933e-07,-1.836299e-06,-1.503525e-06,1.992436e-06,16051050000000.0,1397534000000.0,0.2551373,8.53328e-07,-1.939227e-08,-8.503899e-07,-4.804142e-09,7.783573e-07,-1.682444e-06,-1.377456e-06,1.825956e-06,8169696000000.0,600828100000.0,0.151316,5.017878e-07,-1.048415e-08,-4.989406e-07,-2.115161e-09,4.579547e-07,-9.882115e-07,-8.088023e-07,1.073636e-06,506240500000.0,215100000000000.0,1.106939,40510000000000.0,-0.9953
2141,2.0466,26.56751,5.809921,4757.614,2379.062,541.2442,541.1122,-333.653,-147.1362,31237070000000.0,18646130000000.0,2170594000000.0,0.2855926,1.210402e-06,-9.009984e-07,-2.075394e-06,-8.756876e-07,2.318541e-07,-3.260938e-06,-2.825722e-06,1.709332e-06,17204420000000.0,1947791000000.0,0.264129,1.149766e-06,-8.452616e-07,-1.960742e-06,-8.212925e-07,2.305944e-07,-3.086877e-06,-2.673446e-06,1.633922e-06,6920213000000.0,623714100000.0,0.1426769,5.985426e-07,-4.064447e-07,-9.868579e-07,-3.942198e-07,1.527853e-07,-1.573045e-06,-1.35776e-06,8.828682e-07,515379000000.0,236100000000000.0,1.127229,45280000000000.0,-0.953316
2142,2.0512,25.55812,6.7339030000000015,4796.932,2293.995,627.8213,-236.0318,110.7839,-276.3352,39310650000000.0,34889410000000.0,3911557000000.0,0.3495285,2.548505e-06,8.623736e-07,-1.620305e-06,8.918158e-07,3.220629e-06,-4.09981e-06,-3.189348e-06,6.351108e-06,32774900000000.0,3645414000000.0,0.3244572,2.468907e-06,8.242286e-07,-1.580703e-06,8.525444e-07,3.108162e-06,-3.982753e-06,-3.100664e-06,6.140512e-06,19703380000000.0,2068349000000.0,0.2021955,1.843402e-06,5.612401e-07,-1.23324e-06,5.812081e-07,2.262763e-06,-3.02666e-06,-2.367688e-06,4.524851e-06,796874100000.0,425200000000000.0,1.696107,122700000000000.0,-1.4553
2145,2.0927,25.34122,4.882176000000006,4876.497,2309.403,460.8837,29.6038,22.83075,196.2004,29699250000000.0,28930330000000.0,3055962000000.0,0.327559,1.732752e-06,-1.756607e-07,-1.858661e-06,-1.485666e-07,1.433284e-06,-3.54896e-06,-2.928117e-06,3.552807e-06,28738110000000.0,2925878000000.0,0.306227,1.699289e-06,-1.701726e-07,-1.820571e-06,-1.43706e-07,1.407369e-06,-3.478222e-06,-2.869337e-06,3.485788e-06,22394580000000.0,2130019000000.0,0.2096723,1.45147e-06,-1.346015e-07,-1.54372e-06,-1.126168e-07,1.210905e-06,-2.959605e-06,-2.439322e-06,2.985195e-06,639360400000.0,623700000000000.0,1.581314,167800000000000.0,-1.4021
2146,2.0918,25.37672,4.982866999999996,4872.433,2311.176,470.1827,178.4182,-173.2188,108.4411,28545880000000.0,27104170000000.0,2842636000000.0,0.3212998,1.574009e-06,-3.039883e-07,-1.832647e-06,-2.777804e-07,1.160115e-06,-3.368975e-06,-2.804817e-06,3.085064e-06,26335250000000.0,2684553000000.0,0.2984193,1.533337e-06,-2.919125e-07,-1.780964e-06,-2.664922e-07,1.134007e-06,-3.277588e-06,-2.727974e-06,3.009033e-06,19895610000000.0,1845907000000.0,0.1997047,1.275645e-06,-2.241783e-07,-1.46244e-06,-2.03594e-07,9.6031e-07,-2.707516e-06,-2.250096e-06,2.519293e-06,626648300000.0,421900000000000.0,1.434926,103000000000000.0,-1.24047
2147,2.0841,26.86435,5.044254999999997,4800.366,2431.61,474.9738,67.19336,-67.24953,-137.6327,114856300000000.0,61609120000000.0,7749665000000.0,0.4192657,8.017761e-06,-1.538556e-07,-7.906612e-06,-7.318917e-08,7.16097e-06,-1.572322e-05,-1.283909e-05,1.690802e-05,59590720000000.0,7291185000000.0,0.3917435,7.770944e-06,-1.470739e-07,-7.660226e-06,-6.989487e-08,6.939416e-06,-1.523618e-05,-1.244051e-05,1.638476e-05,42386300000000.0,4627882000000.0,0.2576081,6.15845e-06,-1.06966e-07,-6.056085e-06,-5.114853e-08,5.492255e-06,-1.205981e-05,-9.842546e-06,1.296885e-05,1157635000000.0,526300000000000.0,2.67246,239300000000000.0,-2.46015
2148,2.0937,27.00325,5.261287000000004,4805.157,2448.693,496.6286,165.0236,-117.9241,-415.3322,34120490000000.0,26911940000000.0,3124875000000.0,0.3169918,1.87767e-06,-1.90214e-07,-2.014094e-06,-1.613019e-07,1.55233e-06,-3.846437e-06,-3.173251e-06,3.84902e-06,26527480000000.0,3001846000000.0,0.300708,1.840758e-06,-1.845547e-07,-1.972473e-06,-1.563169e-07,1.523392e-06,-3.768785e-06,-3.108802e-06,3.774751e-06,20472300000000.0,2090883000000.0,0.2039051,1.50059e-06,-1.383506e-07,-1.595098e-06,-1.160981e-07,1.251506e-06,-3.05939e-06,-2.521144e-06,3.085513e-06,628662900000.0,577300000000000.0,1.603544,157500000000000.0,-1.420343
2149,2.0956,25.081,5.641109000000001,4883.966,2285.843,532.638,410.3322,46.88,16.06786,29795360000000.0,27296390000000.0,3033642000000.0,0.3188115,1.690167e-06,-1.310669e-06,-2.94583e-06,-1.275681e-06,2.643275e-07,-4.60139e-06,-3.992811e-06,2.31972e-06,25854680000000.0,2849739000000.0,0.2957872,1.640285e-06,-1.253227e-06,-2.840003e-06,-1.2194e-06,2.748766e-07,-4.44669e-06,-3.856035e-06,2.269396e-06,18838360000000.0,1905337000000.0,0.1996848,1.350769e-06,-9.558411e-07,-2.261959e-06,-9.285842e-07,3.006415e-07,-3.585009e-06,-3.098431e-06,1.942138e-06,629454900000.0,556000000000000.0,1.518034,143600000000000.0,-1.325445
2150,2.1062,26.05692,6.677609999999994,4848.627,2370.799,631.8883,334.1,-53.07724,-204.9202,38157280000000.0,37196140000000.0,3937722000000.0,0.3539288,2.52994e-06,-1.08264e-06,-3.531996e-06,-1.038134e-06,1.263527e-06,-6.005951e-06,-5.096003e-06,4.343687e-06,36138890000000.0,3737960000000.0,0.3302152,2.479068e-06,-1.04879e-06,-3.448734e-06,-1.005343e-06,1.249677e-06,-5.87293e-06,-4.981231e-06,4.267631e-06,25181890000000.0,2470835000000.0,0.2163951,2.028197e-06,-7.883383e-07,-2.75072e-06,-7.53911e-07,1.088559e-06,-4.733951e-06,-4.004089e-06,3.555796e-06,793021800000.0,649700000000000.0,1.827428,202000000000000.0,-1.62162
2151,2.1197,25.94509,6.789692000000001,4870.188,2369.575,644.8369,223.6734,267.1187,-308.5901,30660390000000.0,25470230000000.0,3027126000000.0,0.3079983,1.832627e-06,-9.836886e-07,-2.759153e-06,-9.490065e-07,7.2178e-07,-4.552137e-06,-3.893158e-06,2.954858e-06,24797430000000.0,2864287000000.0,0.2897485,1.793176e-06,-9.520009e-07,-2.689138e-06,-9.181722e-07,7.164122e-07,-4.443514e-06,-3.79869e-06,2.90124e-06,18069440000000.0,1865235000000.0,0.1928121,1.470205e-06,-7.20354e-07,-2.143913e-06,-6.933211e-07,6.453104e-07,-3.58224e-06,-3.053352e-06,2.43545e-06,586070000000.0,639000000000000.0,1.60048,174000000000000.0,-1.392149
2152,2.1188,25.31772,6.093867000000001,4900.719,2318.414,578.7985,527.6915,158.3786,-323.1385,40752360000000.0,36715570000000.0,4366168000000.0,0.3488443,2.973034e-06,-2.375689e-06,-5.243725e-06,-2.314446e-06,3.817423e-07,-8.160528e-06,-7.086238e-06,3.982268e-06,36042770000000.0,4181551000000.0,0.3312313,2.912224e-06,-2.306672e-06,-5.115871e-06,-2.246853e-06,3.938103e-07,-7.972992e-06,-6.920628e-06,3.920403e-06,25470230000000.0,2644891000000.0,0.216841,2.232656e-06,-1.638062e-06,-3.790479e-06,-1.593455e-06,4.282711e-07,-5.980737e-06,-5.173592e-06,3.129848e-06,774331500000.0,480100000000000.0,1.797199,146800000000000.0,-1.55727
2153,2.1246,26.37627,5.199777999999995,4871.593,2415.765,494.8462,399.5798,15.91924,151.7089,42386300000000.0,25470230000000.0,2768091000000.0,0.3148224,1.873946e-06,-1.529565e-06,-3.344163e-06,-1.48985e-06,2.206553e-07,-5.179601e-06,-4.505349e-06,2.502323e-06,24701320000000.0,2536797000000.0,0.2890347,1.785571e-06,-1.433397e-06,-3.162267e-06,-1.395705e-06,2.337994e-07,-4.91113e-06,-4.268632e-06,2.407611e-06,15186020000000.0,1383991000000.0,0.180683,1.21465e-06,-8.980433e-07,-2.073552e-06,-8.729798e-07,2.342428e-07,-3.263178e-06,-2.825946e-06,1.712044e-06,607974300000.0,309700000000000.0,1.326973,69920000000000.0,-1.227
2154,2.1139,25.04851,6.171330000000003,4905.184,2292.383,585.4522,86.79031,553.0732,-275.2086,29410900000000.0,28545880000000.0,3381202000000.0,0.342299,1.882597e-06,-1.019965e-06,-2.844466e-06,-9.842757e-07,7.326665e-07,-4.687067e-06,-4.009846e-06,3.027391e-06,28065310000000.0,3106305000000.0,0.3048137,1.822404e-06,-9.69326e-07,-2.735303e-06,-9.349516e-07,7.266973e-07,-4.518958e-06,-3.863346e-06,2.947743e-06,20664520000000.0,2101392000000.0,0.2013342,1.531716e-06,-7.543388e-07,-2.237913e-06,-7.261255e-07,6.689488e-07,-3.736956e-06,-3.185738e-06,2.534535e-06,665689900000.0,562800000000000.0,1.545644,148000000000000.0,-1.34046
2156,2.1383,25.52634,5.972749999999993,4918.911,2348.977,570.3019,426.3226,-11.25449,-302.2403,33159350000000.0,31621530000000.0,3502740000000.0,0.3313373,2.300076e-06,-1.334824e-06,-3.558606e-06,-1.292e-06,7.977409e-07,-5.810649e-06,-4.981832e-06,3.592366e-06,31140960000000.0,3350879000000.0,0.3111396,2.25847e-06,-1.29586e-06,-3.479264e-06,-1.253963e-06,7.976437e-07,-5.690555e-06,-4.876686e-06,3.541462e-06,24220740000000.0,2418530000000.0,0.2112862,1.934577e-06,-1.026328e-06,-2.895626e-06,-9.914255e-07,7.637978e-07,-4.789692e-06,-4.092258e-06,3.112476e-06,673538500000.0,1006000000000000.0,1.924542,329400000000000.0,-1.70676
2157,2.1393,27.06117,6.133936999999995,4853.0,2479.257,585.661,388.055,-45.13396,68.79169,30756500000000.0,28449760000000.0,3318154000000.0,0.3200284,1.878447e-06,-1.204056e-06,-3.022607e-06,-1.166967e-06,5.45021e-07,-4.861261e-06,-4.185447e-06,2.831679e-06,27200280000000.0,3136207000000.0,0.2973244,1.83518e-06,-1.16262e-06,-2.939173e-06,-1.1265e-06,5.458072e-07,-4.735467e-06,-4.075186e-06,2.779608e-06,21433440000000.0,2130088000000.0,0.202155,1.49958e-06,-8.80861e-07,-2.331885e-06,-8.520113e-07,5.130301e-07,-3.799639e-06,-3.259907e-06,2.337242e-06,625894800000.0,514300000000000.0,1.493691,130700000000000.0,-1.30482
2159,2.1423,24.87744,5.985626999999995,4949.965,2295.329,572.0914,-13.7764,428.2667,-409.2986,33255470000000.0,32774900000000.0,3457153000000.0,0.3341256,2.142527e-06,-4.636174e-07,-2.542324e-06,-4.296452e-07,1.522652e-06,-4.635245e-06,-3.86579e-06,4.138685e-06,32294330000000.0,3332426000000.0,0.3144748,2.109112e-06,-4.514155e-07,-2.497573e-06,-4.180962e-07,1.503475e-06,-4.557835e-06,-3.800348e-06,4.078491e-06,24316860000000.0,2449964000000.0,0.2109509,1.820136e-06,-3.597247e-07,-2.124635e-06,-3.318357e-07,1.324514e-06,-3.902504e-06,-3.24856e-06,3.545213e-06,692205800000.0,814100000000000.0,1.768125,244900000000000.0,-1.599687
2160,2.1591,25.31274,5.966727999999999,4953.355,2342.788,572.6966,-70.72516,336.985,-217.7369,48825950000000.0,18934470000000.0,2658513000000.0,0.2821424,1.779663e-06,-1.890005e-07,-1.918037e-06,-1.6094e-07,1.464365e-06,-3.654633e-06,-3.01682e-06,3.641874e-06,17781100000000.0,2321333000000.0,0.257336,1.607728e-06,-1.685503e-07,-1.730401e-06,-1.433458e-07,1.324618e-06,-3.299213e-06,-2.722976e-06,3.291513e-06,13167630000000.0,1275260000000.0,0.1736735,1.048977e-06,-1.031071e-07,-1.121676e-06,-8.714762e-08,8.695746e-07,-2.14523e-06,-1.769111e-06,2.152079e-06,465219900000.0,520700000000000.0,1.607401,142400000000000.0,-1.463
2161,2.1621,25.55527,5.377502000000004,4951.802,2367.754,516.6671,292.8603,110.1307,-106.331,37965060000000.0,25085770000000.0,2827892000000.0,0.3035217,1.942416e-06,-1.146576e-06,-3.02775e-06,-1.108918e-06,6.619397e-07,-4.928182e-06,-4.229772e-06,3.027817e-06,22586810000000.0,2562217000000.0,0.277513,1.866084e-06,-1.082609e-06,-2.889684e-06,-1.046612e-06,6.542634e-07,-4.715423e-06,-4.044403e-06,2.926873e-06,14801570000000.0,1476863000000.0,0.1776526,1.424322e-06,-7.553519e-07,-2.133871e-06,-7.286729e-07,5.678267e-07,-3.527351e-06,-3.014942e-06,2.301142e-06,593278500000.0,626000000000000.0,1.659067,176700000000000.0,-1.479
2163,2.1611,24.93551,5.623362999999997,4974.317,2312.749,540.1337,-213.0724,210.6069,-209.9823,28353650000000.0,16819960000000.0,1797508000000.0,0.2668453,8.867099e-07,2.735787e-07,-5.913848e-07,2.867376e-07,1.10097e-06,-1.454903e-06,-1.13841e-06,2.192101e-06,15282140000000.0,1638557000000.0,0.2442087,8.385465e-07,2.531405e-07,-5.647539e-07,2.654993e-07,1.035313e-06,-1.381361e-06,-1.082034e-06,2.067028e-06,10188090000000.0,961239200000.0,0.1565882,6.111071e-07,1.667243e-07,-4.290124e-07,1.754139e-07,7.357209e-07,-1.024106e-06,-8.058714e-07,1.487056e-06,444383400000.0,740600000000000.0,1.342822,169200000000000.0,-1.21077
2164,2.1742,26.14106,5.359616000000005,4943.191,2426.039,516.5955,415.4832,136.9262,-167.8325,30948730000000.0,28834220000000.0,3002727000000.0,0.3155093,1.704223e-06,-1.424592e-06,-3.073162e-06,-1.388541e-06,1.645028e-07,-4.743148e-06,-4.129276e-06,2.236522e-06,27488620000000.0,2835566000000.0,0.2964887,1.663226e-06,-1.374693e-06,-2.983503e-06,-1.339609e-06,1.758528e-07,-4.613304e-06,-4.014171e-06,2.197859e-06,15089910000000.0,1560931000000.0,0.1781018,1.223644e-06,-9.142447e-07,-2.097112e-06,-8.891844e-07,2.241078e-07,-3.296091e-06,-2.85509e-06,1.710468e-06,683371000000.0,655200000000000.0,1.556422,173500000000000.0,-1.3761
2166,2.1802,26.010590000000004,5.3885499999999995,4956.089,2418.38,520.1762,113.3964,360.994,-254.4928,30564270000000.0,21817890000000.0,2493148000000.0,0.2931624,1.332469e-06,-6.646996e-07,-1.957184e-06,-6.394726e-07,5.776135e-07,-3.260235e-06,-2.781663e-06,2.204009e-06,21433440000000.0,2347809000000.0,0.2723638,1.287664e-06,-6.317028e-07,-1.880619e-06,-6.074305e-07,5.684938e-07,-3.139842e-06,-2.677332e-06,2.14002e-06,17012190000000.0,1620956000000.0,0.1857213,1.044754e-06,-4.712777e-07,-1.484117e-06,-4.520567e-07,5.009899e-07,-2.505747e-06,-2.130351e-06,1.775258e-06,501375200000.0,487100000000000.0,1.373175,113800000000000.0,-1.219
2167,2.1671,26.50494,5.193995999999994,4920.104,2453.604,499.7729,688.5621,-87.32494,263.6255,43828010000000.0,40464020000000.0,4646317000000.0,0.3577887,3.48322e-06,-3.116107e-06,-6.470804e-06,-3.042152e-06,1.101296e-07,-9.892248e-06,-8.630984e-06,4.318431e-06,39695110000000.0,4410013000000.0,0.3337048,3.409308e-06,-3.011941e-06,-6.295157e-06,-2.939839e-06,1.449211e-07,-9.643952e-06,-8.409377e-06,4.26344e-06,27969190000000.0,2921973000000.0,0.2191714,2.84708e-06,-2.317873e-06,-5.057895e-06,-2.259386e-06,3.128788e-07,-7.854187e-06,-6.822738e-06,3.749316e-06,809685100000.0,784000000000000.0,2.094653,279400000000000.0,-1.861
2169,2.1712,26.39186,5.205225999999997,4930.222,2446.51,501.3969,124.4994,30.15581,398.2716,42674650000000.0,42386300000000.0,4532997000000.0,0.3748536,3.212946e-06,-7.822724e-07,-3.893215e-06,-7.335335e-07,2.1839e-06,-7.031745e-06,-5.876481e-06,6.096469e-06,41713500000000.0,4281165000000.0,0.3407292,3.133743e-06,-7.501714e-07,-3.78411e-06,-7.029576e-07,2.141851e-06,-6.845248e-06,-5.718365e-06,5.957432e-06,30756500000000.0,3050236000000.0,0.2260034,2.625576e-06,-5.781099e-07,-3.118581e-06,-5.400852e-07,1.840079e-06,-5.683227e-06,-4.738613e-06,5.034386e-06,829076100000.0,787600000000000.0,2.024631,271300000000000.0,-1.84734
2170,2.1661,26.35596,5.2570850000000044,4925.03,2440.09,505.7298,553.7572,399.003,246.723,53054960000000.0,43539670000000.0,5185166000000.0,0.3630556,4.551128e-06,-4.207836e-06,-8.580216e-06,-4.110345e-06,-6.225931e-09,-1.305455e-05,-1.140298e-05,5.473629e-06,41521280000000.0,4882659000000.0,0.3392634,4.438118e-06,-4.051194e-06,-8.314555e-06,-3.956573e-06,4.466323e-08,-1.267772e-05,-1.106704e-05,5.387708e-06,30179820000000.0,3178242000000.0,0.2250441,3.598554e-06,-3.016679e-06,-6.470901e-06,-2.942629e-06,2.959351e-07,-1.000836e-05,-8.701619e-06,4.623873e-06,859473100000.0,683800000000000.0,2.3079,268500000000000.0,-2.023
2171,2.1802,25.5403,5.405646000000004,4975.203,2377.347,521.7766,-23.62923,194.8915,-425.4655,52670510000000.0,47672580000000.0,6036272000000.0,0.3733511,5.121758e-06,-1.480603e-07,-5.110447e-06,-8.672406e-08,4.55574e-06,-1.010573e-05,-8.265701e-06,1.079885e-05,45558070000000.0,5673212000000.0,0.3480335,4.995856e-06,-1.427757e-07,-4.982728e-06,-8.340874e-08,4.443927e-06,-9.855183e-06,-8.060249e-06,1.05328e-05,31429300000000.0,3590723000000.0,0.2272006,4.008587e-06,-1.056823e-07,-3.986403e-06,-6.090544e-08,3.56553e-06,-7.895802e-06,-6.454698e-06,8.446338e-06,925324700000.0,769100000000000.0,2.369085,310000000000000.0,-2.05227
2172,2.1692,26.42341,5.278669999999998,4925.594,2447.595,508.173,523.358,-45.73341,-246.7802,48249260000000.0,34601060000000.0,4291140000000.0,0.3359364,3.312375e-06,-2.146925e-06,-5.344203e-06,-2.083947e-06,9.188637e-07,-8.590368e-06,-7.394641e-06,4.934108e-06,32774900000000.0,4027647000000.0,0.3132594,3.21384e-06,-2.053576e-06,-5.155422e-06,-1.992795e-06,9.199841e-07,-8.304986e-06,-7.144737e-06,4.815247e-06,24989660000000.0,2678733000000.0,0.2110135,2.559624e-06,-1.499786e-06,-3.968523e-06,-1.453096e-06,8.630203e-07,-6.476785e-06,-5.552221e-06,3.962518e-06,711051800000.0,778000000000000.0,2.062457,273000000000000.0,-1.847
2173,2.1792,26.62374,6.5634020000000035,4917.786,2465.193,632.9352,504.1537,-36.77537,-452.0005,55361700000000.0,42386300000000.0,4905070000000.0,0.3583313,3.847026e-06,-2.162534e-06,-5.878098e-06,-2.092488e-06,1.395424e-06,-9.647039e-06,-8.258705e-06,6.062442e-06,39791220000000.0,4580810000000.0,0.3333916,3.715327e-06,-2.058647e-06,-5.646612e-06,-1.991394e-06,1.376242e-06,-9.286476e-06,-7.94556e-06,5.88282e-06,25854680000000.0,2727532000000.0,0.2139965,2.76028e-06,-1.394191e-06,-4.057751e-06,-1.346315e-06,1.151073e-06,-6.761724e-06,-5.764906e-06,4.495697e-06,867223800000.0,573500000000000.0,2.054862,200500000000000.0,-1.83645
2174,2.1782,26.58467,6.554672,4918.198,2461.204,631.923,478.9343,434.6803,-356.2255,44116360000000.0,26431370000000.0,3176338000000.0,0.3060319,2.20411e-06,-2.356012e-06,-4.483912e-06,-2.305352e-06,-3.004795e-07,-6.649027e-06,-5.852407e-06,2.371e-06,25085770000000.0,2917650000000.0,0.2856335,2.089198e-06,-2.202472e-06,-4.219231e-06,-2.154642e-06,-2.547194e-07,-6.27143e-06,-5.516294e-06,2.277153e-06,14705450000000.0,1441912000000.0,0.1760887,1.358647e-06,-1.311941e-06,-2.622586e-06,-1.281685e-06,-4.802182e-08,-3.957024e-06,-3.465724e-06,1.597047e-06,630916800000.0,392000000000000.0,1.589358,106000000000000.0,-1.392484
2175,2.1772,25.18088,6.962041999999995,4971.563,2337.414,670.8386,405.4441,263.7324,118.2104,42770760000000.0,42097960000000.0,4412552000000.0,0.3608962,3.052266e-06,-2.418813e-06,-5.363545e-06,-2.356289e-06,4.122844e-07,-8.356701e-06,-7.254481e-06,4.109632e-06,41040710000000.0,4176958000000.0,0.3366509,2.980512e-06,-2.333034e-06,-5.208311e-06,-2.272215e-06,4.307644e-07,-8.13108e-06,-7.054704e-06,4.040809e-06,23259600000000.0,2470219000000.0,0.2053012,2.302398e-06,-1.636511e-06,-3.856053e-06,-1.591142e-06,4.933869e-07,-6.113706e-06,-5.281749e-06,3.279468e-06,893318800000.0,563800000000000.0,1.869205,179300000000000.0,-1.65627
2176,2.1975,26.62611,6.324617000000001,4942.973,2478.074,612.852,117.4212,22.66299,239.2208,75737880000000.0,64973110000000.0,8002303000000.0,0.4125363,7.91479e-06,-1.235231e-06,-8.877809e-06,-1.140319e-06,5.99734e-06,-1.660523e-05,-1.375344e-05,1.560007e-05,62666370000000.0,7494718000000.0,0.3863436,7.663469e-06,-1.182458e-06,-8.581553e-06,-1.091417e-06,5.817767e-06,-1.606357e-05,-1.330206e-05,1.511418e-05,28257540000000.0,3388265000000.0,0.2175587,4.622363e-06,-6.499961e-07,-5.108466e-06,-5.998005e-07,3.55754e-06,-9.621179e-06,-7.954035e-06,9.157136e-06,1312457000000.0,522200000000000.0,2.605649,231500000000000.0,-2.27304
2177,2.1873,25.52987,6.731674999999996,4973.087,2375.224,650.5058,35.52035,238.1168,-189.5092,29507020000000.0,26719710000000.0,3022222000000.0,0.3111303,1.729712e-06,-3.741476e-07,-2.053312e-06,-3.454267e-07,1.233573e-06,-3.741966e-06,-3.121691e-06,3.347651e-06,25950800000000.0,2856469000000.0,0.2883294,1.686604e-06,-3.59554e-07,-1.996749e-06,-3.316733e-07,1.207702e-06,-3.643312e-06,-3.038458e-06,3.268888e-06,19895610000000.0,1993620000000.0,0.1943653,1.417207e-06,-2.791235e-07,-1.654206e-06,-2.563252e-07,1.035797e-06,-3.037734e-06,-2.529299e-06,2.766715e-06,583825700000.0,531300000000000.0,1.492361,134900000000000.0,-1.314283
2179,2.1833,26.81296,4.8401030000000045,4930.08,2491.763,467.7571,512.5463,29.51616,-125.9704,37196140000000.0,34408840000000.0,4189137000000.0,0.3336678,3.023325e-06,-2.093572e-06,-5.009529e-06,-2.035331e-06,7.028518e-07,-7.973241e-06,-6.881202e-06,4.363764e-06,34120490000000.0,4142977000000.0,0.3281049,3.006647e-06,-2.074431e-06,-4.974234e-06,-2.016582e-06,7.063433e-07,-7.92159e-06,-6.835554e-06,4.346944e-06,27392510000000.0,2986643000000.0,0.2174574,2.600066e-06,-1.656587e-06,-4.162845e-06,-1.608005e-06,7.435775e-07,-6.711503e-06,-5.771908e-06,3.889502e-06,692305800000.0,991900000000000.0,2.044932,345100000000000.0,-1.81048
2180,2.1833,26.10177,5.399704999999999,4955.337,2427.785,521.586,91.21985,-30.95523,-322.1974,50075430000000.0,49210400000000.0,5738387000000.0,0.3894647,4.870691e-06,-2.326736e-07,-4.947871e-06,-1.756896e-07,4.232857e-06,-9.698268e-06,-7.947567e-06,1.016336e-05,48825950000000.0,5452160000000.0,0.3562475,4.771735e-06,-2.244926e-07,-4.843406e-06,-1.691743e-07,4.148703e-06,-9.497266e-06,-7.781975e-06,9.957877e-06,41329050000000.0,4209344000000.0,0.248492,4.280314e-06,-1.885253e-07,-4.329689e-06,-1.410667e-07,3.727452e-06,-8.504168e-06,-6.964851e-06,8.93478e-06,884803000000.0,733800000000000.0,2.308437,288200000000000.0,-2.07405
2181,2.1884,25.49043,5.370778999999998,4987.586,2377.934,519.4656,-363.1168,135.8258,-59.64006,57956780000000.0,45558070000000.0,5691542000000.0,0.3685582,4.694856e-06,1.717133e-06,-2.850431e-06,1.755222e-06,6.02394e-06,-7.413723e-06,-5.734861e-06,1.178054e-05,44981380000000.0,5440220000000.0,0.3471995,4.584891e-06,1.656561e-06,-2.803615e-06,1.693345e-06,5.861169e-06,-7.260003e-06,-5.620335e-06,1.148223e-05,37100030000000.0,3884169000000.0,0.2412505,3.822075e-06,1.282341e-06,-2.433533e-06,1.310718e-06,4.780081e-06,-6.148376e-06,-4.780791e-06,9.462009e-06,850569100000.0,650900000000000.0,2.217767,245600000000000.0,-1.995545
2182,2.1945,26.54294,6.422457000000003,4941.036,2468.135,621.7162,-90.42566,323.3976,-109.5478,39983450000000.0,16435510000000.0,1999655000000.0,0.2601356,1.253948e-06,-1.381755e-07,-1.357748e-06,-1.171788e-07,1.030897e-06,-2.581239e-06,-2.132323e-06,2.567445e-06,14609340000000.0,1759069000000.0,0.2383513,1.15164e-06,-1.249959e-07,-1.244966e-06,-1.058129e-07,9.483705e-07,-2.368627e-06,-1.956307e-06,2.359385e-06,10188090000000.0,879144700000.0,0.1550112,7.289549e-07,-7.357578e-08,-7.821651e-07,-6.175962e-08,6.04791e-07,-1.49339e-06,-1.232304e-06,1.497377e-06,442772500000.0,300000000000000.0,1.294645,66080000000000.0,-1.13949
2183,2.1965,24.812590000000004,7.049543999999997,5010.492,2316.509,682.6258,60.93738,343.3591,108.146,73911720000000.0,53823880000000.0,6617555000000.0,0.3872073,6.527002e-06,-1.580148e-06,-7.879776e-06,-1.492758e-06,4.396059e-06,-1.425793e-05,-1.190445e-05,1.230951e-05,50171540000000.0,6005916000000.0,0.3579336,6.118452e-06,-1.464204e-06,-7.368848e-06,-1.382989e-06,4.135717e-06,-1.334773e-05,-1.114135e-05,1.155268e-05,27488620000000.0,2813984000000.0,0.2160119,3.724132e-06,-8.331186e-07,-4.424631e-06,-7.86316e-07,2.567152e-06,-8.063679e-06,-6.719895e-06,7.077365e-06,1070019000000.0,492000000000000.0,2.508742,210000000000000.0,-2.17899
2184,2.1955,26.03609,5.003438000000001,4977.149,2431.4,484.9598,-51.13042,24.77344,193.2554,38733970000000.0,36907800000000.0,4261087000000.0,0.3406076,2.850489e-06,8.315175e-08,-2.684902e-06,1.214679e-07,2.717941e-06,-5.463209e-06,-4.441861e-06,6.20386e-06,35273860000000.0,4054814000000.0,0.3194906,2.787563e-06,8.042889e-08,-2.626335e-06,1.177063e-07,2.656442e-06,-5.343304e-06,-4.344442e-06,6.06509e-06,24509090000000.0,2654492000000.0,0.2092726,2.225518e-06,5.914512e-08,-2.100646e-06,8.762052e-08,2.111695e-06,-4.269763e-06,-3.47189e-06,4.830952e-06,758455300000.0,638100000000000.0,1.830252,198700000000000.0,-1.6137
2185,2.1975,26.65189,6.377762000000003,4941.037,2479.886,617.9416,314.9117,-121.5989,-28.23479,34985520000000.0,28065310000000.0,3243422000000.0,0.3117569,2.168644e-06,-8.43371e-07,-2.944338e-06,-8.052943e-07,1.169726e-06,-5.064172e-06,-4.28481e-06,3.812568e-06,25566340000000.0,2941154000000.0,0.2869347,2.057452e-06,-7.877644e-07,-2.780799e-06,-7.518605e-07,1.121418e-06,-4.791931e-06,-4.052462e-06,3.628395e-06,15474360000000.0,1594518000000.0,0.1797646,1.418398e-06,-4.95649e-07,-1.868714e-06,-4.718662e-07,8.174708e-07,-3.255129e-06,-2.745044e-06,2.54419e-06,650834500000.0,507700000000000.0,1.716864,148300000000000.0,-1.429588
2188,2.2037,25.501,5.5207839999999955,5005.293,2387.51,536.0064,26.20572,315.839,-257.718,33928270000000.0,32005980000000.0,3701912000000.0,0.3312946,2.389153e-06,-5.422528e-07,-2.85889e-06,-5.042425e-07,1.671368e-06,-5.192131e-06,-4.334232e-06,4.586579e-06,30756500000000.0,3488190000000.0,0.3065731,2.326901e-06,-5.20871e-07,-2.776955e-06,-4.840444e-07,1.634454e-06,-5.049387e-06,-4.213784e-06,4.473382e-06,22779030000000.0,2353633000000.0,0.2043591,1.904532e-06,-3.933535e-07,-2.238928e-06,-3.642336e-07,1.367493e-06,-4.09881e-06,-3.414573e-06,3.689411e-06,676286400000.0,677700000000000.0,1.77621,204800000000000.0,-1.54836
2190,2.1996,26.56947,6.207696999999999,4948.948,2474.952,601.8615,29.33512,202.0303,268.2653,29795360000000.0,22394580000000.0,2598157000000.0,0.2900741,1.390507e-06,-4.414583e-07,-1.792122e-06,-4.163231e-07,8.557386e-07,-3.150268e-06,-2.651797e-06,2.556506e-06,21241210000000.0,2415504000000.0,0.2711374,1.327624e-06,-4.163484e-07,-1.705849e-06,-3.924339e-07,8.219162e-07,-3.002569e-06,-2.526615e-06,2.44563e-06,13263740000000.0,1297845000000.0,0.1698965,9.116148e-07,-2.628026e-07,-1.147817e-06,-2.468154e-07,5.860696e-07,-2.038184e-06,-1.711238e-06,1.700275e-06,525600700000.0,273500000000000.0,1.217861,56670000000000.0,-1.04544
2192,2.2119,26.33951,5.461782000000002,4980.537,2465.809,531.3866,184.035,32.44669,-226.079,58917920000000.0,36042770000000.0,4296625000000.0,0.3450742,3.263988e-06,-8.17401e-07,-3.979351e-06,-7.660276e-07,2.201742e-06,-7.167219e-06,-5.994477e-06,6.179449e-06,35177750000000.0,3994689000000.0,0.3174299,3.117878e-06,-7.681253e-07,-3.788206e-06,-7.193955e-07,2.114782e-06,-6.833356e-06,-5.713004e-06,5.913867e-06,25662460000000.0,2522682000000.0,0.2105376,2.36928e-06,-5.332462e-07,-2.826723e-06,-4.977828e-07,1.652535e-06,-5.140668e-06,-4.288823e-06,4.536908e-06,718692900000.0,386500000000000.0,1.773172,116600000000000.0,-1.64043
2193,2.2016,26.54786,4.908592999999996,4963.211,2479.745,476.4873,216.5859,-100.2362,-29.7967,74680630000000.0,53823880000000.0,7500238000000.0,0.385668,6.925664e-06,-1.19795e-06,-7.890132e-06,-1.108775e-06,5.148498e-06,-1.465235e-05,-1.21586e-05,1.35594e-05,50748230000000.0,6943480000000.0,0.3589861,6.619297e-06,-1.131596e-06,-7.527043e-06,-1.047108e-06,4.931778e-06,-1.39901e-05,-1.160643e-05,1.29694e-05,31813760000000.0,3873356000000.0,0.2262046,4.56505e-06,-7.192171e-07,-5.126254e-06,-6.648234e-07,3.450294e-06,-9.583395e-06,-7.938251e-06,8.987192e-06,1033418000000.0,576700000000000.0,2.415462,237000000000000.0,-2.158218
2194,2.2129,26.81452,6.483095000000003,4952.362,2503.194,630.575,-248.5331,14.7248,-223.8871,29026450000000.0,24989660000000.0,2953099000000.0,0.3000764,1.640179e-06,7.840969e-07,-8.161158e-07,8.036776e-07,2.306501e-06,-2.411098e-06,-1.826041e-06,4.325512e-06,24509090000000.0,2814670000000.0,0.2813232,1.605122e-06,7.576385e-07,-8.082729e-07,7.767022e-07,2.247184e-06,-2.369158e-06,-1.796576e-06,4.222871e-06,18934470000000.0,2006138000000.0,0.1940741,1.358799e-06,5.944192e-07,-7.306379e-07,6.100041e-07,1.853593e-06,-2.051959e-06,-1.567075e-06,3.525139e-06,549772500000.0,629400000000000.0,1.469873,157400000000000.0,-1.30878
2197,2.2191,27.17606,7.114480999999999,4937.482,2534.913,692.7362,500.4141,-101.3984,14.55564,32871010000000.0,27969190000000.0,3441158000000.0,0.3114488,2.082641e-06,-1.495101e-06,-3.508801e-06,-1.453198e-06,4.416217e-07,-5.54921e-06,-4.79869e-06,2.972162e-06,27488620000000.0,3303242000000.0,0.2959777,2.044167e-06,-1.454158e-06,-3.43055e-06,-1.413136e-06,4.464424e-07,-5.433252e-06,-4.696568e-06,2.930055e-06,19991730000000.0,2164282000000.0,0.1927819,1.624113e-06,-1.061127e-06,-2.630519e-06,-1.029415e-06,4.461155e-07,-4.221597e-06,-3.636041e-06,2.417912e-06,592107800000.0,562800000000000.0,1.579063,151200000000000.0,-1.38501
2199,2.2316,26.84547,5.117536000000002,4984.803,2522.973,500.3427,78.2822,-358.7974,74.08608,91116130000000.0,52574390000000.0,6239822000000.0,0.3787894,6.472276e-06,6.70303e-07,-5.603645e-06,7.326319e-07,6.592187e-06,-1.190748e-05,-9.584433e-06,1.448757e-05,50940460000000.0,5943848000000.0,0.3576314,6.26955e-06,6.410107e-07,-5.435728e-06,7.006652e-07,6.375115e-06,-1.154207e-05,-9.291567e-06,1.402198e-05,37388370000000.0,3856293000000.0,0.2374172,4.811333e-06,4.475936e-07,-4.211598e-06,4.890272e-07,4.834244e-06,-8.897483e-06,-7.169046e-06,1.069524e-05,956328200000.0,628900000000000.0,2.524322,270100000000000.0,-2.37105
2203,2.2665,25.61495,5.654333,5075.872,2433.579,557.3281,297.3765,333.9086,-284.0799,28257540000000.0,26719710000000.0,2903463000000.0,0.3102657,1.657262e-06,-1.257091e-06,-2.860892e-06,-1.223095e-06,2.871722e-07,-4.48445e-06,-3.887614e-06,2.303202e-06,26335250000000.0,2721585000000.0,0.2836578,1.61216e-06,-1.202327e-06,-2.762341e-06,-1.16939e-06,2.994752e-07,-4.341696e-06,-3.761066e-06,2.260409e-06,18550010000000.0,1816598000000.0,0.1863694,1.348795e-06,-9.26251e-07,-2.230789e-06,-8.993124e-07,3.282282e-07,-3.55206e-06,-3.066112e-06,1.967775e-06,572870600000.0,795500000000000.0,1.596675,216100000000000.0,-1.422448
2204,2.3053,26.46521,6.364001000000005,5078.699,2528.297,632.7449,134.5904,208.1345,186.1147,29891470000000.0,14032650000000.0,1298183000000.0,0.2405041,6.481711e-07,-4.057809e-07,-1.035309e-06,-3.925488e-07,2.01498e-07,-1.669043e-06,-1.436613e-06,9.940932e-07,13071510000000.0,1166745000000.0,0.2215123,5.985795e-07,-3.685126e-07,-9.49829e-07,-3.563399e-07,1.921532e-07,-1.535072e-06,-1.320412e-06,9.240289e-07,6920213000000.0,549667200000.0,0.1327849,3.633805e-07,-2.038673e-07,-5.566012e-07,-1.966479e-07,1.35953e-07,-9.118738e-07,-7.81509e-07,5.799726e-07,382109200000.0,309000000000000.0,1.075472,56540000000000.0,-0.961884
2205,2.3053,26.76895,7.096949,5057.537,2551.307,705.2586,308.3929,99.78358,234.3685,37292260000000.0,18453900000000.0,2098251000000.0,0.2652783,1.077233e-06,-8.721396e-07,-1.916089e-06,-8.493057e-07,1.352056e-07,-2.970807e-06,-2.583543e-06,1.448296e-06,17684990000000.0,1933267000000.0,0.2451744,1.022492e-06,-8.131506e-07,-1.803962e-06,-7.915657e-07,1.427207e-07,-2.805073e-06,-2.437464e-06,1.388936e-06,12302600000000.0,1146346000000.0,0.1604126,7.442989e-07,-5.429749e-07,-1.263876e-06,-5.27602e-07,1.517447e-07,-1.99258e-06,-1.724889e-06,1.058335e-06,437172900000.0,393000000000000.0,1.22114,81650000000000.0,-1.118
2206,2.3086,26.48835,6.4159960000000025,5080.791,2531.899,638.3491,253.8583,75.66451,-46.77297,32005980000000.0,30275930000000.0,3496691000000.0,0.3085057,2.461413e-06,-9.869326e-07,-3.367575e-06,-9.455517e-07,1.289042e-06,-5.774129e-06,-4.888301e-06,4.281865e-06,30083700000000.0,3381153000000.0,0.2930195,2.42574e-06,-9.629309e-07,-3.308934e-06,-9.222944e-07,1.279603e-06,-5.680604e-06,-4.807569e-06,4.228817e-06,24701320000000.0,2531079000000.0,0.2021321,2.12608e-06,-7.839183e-07,-2.839142e-06,-7.493289e-07,1.178355e-06,-4.917785e-06,-4.152281e-06,3.761583e-06,597646900000.0,1205000000000000.0,2.001807,410400000000000.0,-1.78002
2209,2.3229,26.683,5.622303999999994,5095.869,2561.061,561.4488,180.7021,-229.211,30.79045,43924130000000.0,32871010000000.0,3921327000000.0,0.3167523,2.669305e-06,-2.799227e-07,-2.870731e-06,-2.397756e-07,2.192996e-06,-5.475044e-06,-4.517839e-06,5.454789e-06,31813760000000.0,3718373000000.0,0.2973189,2.606007e-06,-2.70029e-07,-2.799225e-06,-2.310168e-07,2.143668e-06,-5.341773e-06,-4.407209e-06,5.32781e-06,22779030000000.0,2351913000000.0,0.1960669,2.066258e-06,-1.9646e-07,-2.200705e-06,-1.666875e-07,1.713639e-06,-4.216596e-06,-3.475236e-06,4.236377e-06,656105300000.0,442400000000000.0,1.626178,122400000000000.0,-1.464
2210,2.313,26.32526,5.500963000000005,5101.592,2524.163,548.1635,201.0834,-139.749,119.6071,33063240000000.0,11245350000000.0,1019845000000.0,0.2220376,6.484276e-07,-1.9465e-07,-8.248778e-07,-1.827503e-07,4.111677e-07,-1.458054e-06,-1.225781e-06,1.20497e-06,10284210000000.0,863601600000.0,0.2041329,5.739043e-07,-1.710338e-07,-7.288092e-07,-1.605233e-07,3.650891e-07,-1.289214e-06,-1.083629e-06,1.067625e-06,2787308000000.0,168854400000.0,0.0994532,1.861473e-07,-5.297909e-08,-2.338489e-07,-4.961775e-08,1.207617e-07,-4.156153e-07,-3.489186e-07,3.485525e-07,442391900000.0,96340000000000.0,1.022514,16760000000000.0,-0.79101
2212,2.3329,25.13571,6.254397,5169.768,2425.627,625.8484,100.8242,-11.90817,-186.4208,48057030000000.0,33736040000000.0,4482883000000.0,0.3174557,3.443001e-06,-3.373032e-07,-3.675284e-06,-2.888369e-07,2.841132e-06,-7.034229e-06,-5.798491e-06,7.041931e-06,32678780000000.0,4247320000000.0,0.3023476,3.33761e-06,-3.241775e-07,-3.559776e-06,-2.774134e-07,2.756275e-06,-6.815895e-06,-5.617914e-06,6.828128e-06,21337320000000.0,2347277000000.0,0.1910041,2.31118e-06,-2.061483e-07,-2.445163e-06,-1.753829e-07,1.921859e-06,-4.699858e-06,-3.869786e-06,4.73883e-06,694625000000.0,505900000000000.0,1.863552,160400000000000.0,-1.63152
2217,2.3474,26.42415,7.067300999999995,5121.511,2545.031,709.0259,-204.0121,-196.2247,-146.5143,34601060000000.0,31044840000000.0,3707053000000.0,0.3103561,2.49649e-06,1.18979e-06,-1.244244e-06,1.214792e-06,3.496113e-06,-3.67045e-06,-2.77959e-06,6.566507e-06,30083700000000.0,3496852000000.0,0.2900219,2.428802e-06,1.143056e-06,-1.224799e-06,1.16719e-06,3.386236e-06,-3.585214e-06,-2.718448e-06,6.373057e-06,20760640000000.0,2198055000000.0,0.1893923,1.888754e-06,8.175339e-07,-1.022758e-06,8.352107e-07,2.558437e-06,-2.858286e-06,-2.183904e-06,4.879267e-06,618102800000.0,559700000000000.0,1.693873,161300000000000.0,-1.46718
2219,2.334,26.33774,5.037869000000001,5129.571,2539.397,504.5733,4.925219,-139.2345,259.9931,30179820000000.0,22106240000000.0,2370553000000.0,0.27632,1.274242e-06,9.580988e-08,-1.144806e-06,1.156132e-07,1.283029e-06,-2.386787e-06,-1.931213e-06,2.846877e-06,20760640000000.0,2201032000000.0,0.258293,1.217709e-06,9.036623e-08,-1.095128e-06,1.092086e-07,1.224648e-06,-2.282002e-06,-1.846614e-06,2.718976e-06,11245350000000.0,1089531000000.0,0.1556091,7.756206e-07,5.274835e-08,-7.019786e-07,6.436541e-08,7.74e-07,-1.45794e-06,-1.180501e-06,1.725169e-06,540055300000.0,392500000000000.0,1.286938,85940000000000.0,-1.13256
2220,2.3552,25.24356,5.307639999999995,5200.1,2451.812,534.1033,-355.6909,-71.15194,33.53544,34697180000000.0,31525410000000.0,3472197000000.0,0.3088128,2.297367e-06,1.352718e-06,-8.891908e-07,1.373792e-06,3.474496e-06,-3.120461e-06,-2.301356e-06,6.303548e-06,30372040000000.0,3306950000000.0,0.2902724,2.244403e-06,1.305724e-06,-8.843387e-07,1.32615e-06,3.378063e-06,-3.06416e-06,-2.263889e-06,6.141613e-06,18646130000000.0,2053517000000.0,0.1824309,1.715353e-06,9.041912e-07,-7.684866e-07,9.186461e-07,2.484311e-06,-2.434425e-06,-1.822432e-06,4.594435e-06,655728600000.0,980300000000000.0,1.867673,311500000000000.0,-1.679
2221,2.3699,26.12861,6.79761,5163.49,2532.766,685.5482,-63.92462,-135.5611,80.67496,39599000000000.0,33736040000000.0,3803653000000.0,0.3140467,2.751666e-06,4.860422e-07,-2.189459e-06,5.199262e-07,3.02894e-06,-4.86871e-06,-3.884164e-06,6.400169e-06,32486550000000.0,3658623000000.0,0.2991971,2.708357e-06,4.739391e-07,-2.15931e-06,5.071412e-07,2.976341e-06,-4.796388e-06,-3.827291e-06,6.294264e-06,21048980000000.0,2281312000000.0,0.1887264,2.179205e-06,3.467908e-07,-1.77067e-06,3.721262e-07,2.3559e-06,-3.892486e-06,-3.112288e-06,5.023287e-06,686191000000.0,894900000000000.0,1.911262,291000000000000.0,-1.73148
2222,2.3722,25.71374,5.953354000000004,5192.761,2500.641,601.025,-125.336,-7.988331,-5.517941,29410900000000.0,16435510000000.0,1773194000000.0,0.2523476,8.573675e-07,2.61351e-07,-5.748776e-07,2.74433e-07,1.061987e-06,-1.409631e-06,-1.103759e-06,2.116938e-06,15186020000000.0,1612244000000.0,0.2292248,8.08654e-07,2.406989e-07,-5.479396e-07,2.529561e-07,9.955842e-07,-1.335263e-06,-1.046744e-06,1.990461e-06,8746380000000.0,894405200000.0,0.1412919,5.774205e-07,1.545315e-07,-4.083261e-07,1.629994e-07,6.926518e-07,-9.705093e-07,-7.644018e-07,1.402575e-06,398561000000.0,518600000000000.0,1.141297,100700000000000.0,-1.07217
2223,2.3631,27.1493,6.371923999999998,5114.529,2622.792,641.8697,-35.65,21.47563,-86.23074,107551600000000.0,72662230000000.0,9675846000000.0,0.408285,1.337949e-05,3.611833e-07,-1.253947e-05,4.392829e-07,1.241464e-05,-2.557388e-05,-2.074931e-05,2.861541e-05,72181660000000.0,9333778000000.0,0.3901069,1.312813e-05,3.511905e-07,-1.230579e-05,4.264264e-07,1.217382e-05,-2.509526e-05,-2.036088e-05,2.80679e-05,58629580000000.0,6487383000000.0,0.2647966,1.074099e-05,2.648483e-07,-1.008032e-05,3.154232e-07,9.903319e-06,-2.054378e-05,-1.666674e-05,2.288904e-05,1114639000000.0,901400000000000.0,3.518489,539600000000000.0,-3.19869
2224,2.3836,25.18995,7.016351999999999,5218.578,2454.558,709.7706,-303.8486,62.33466,-259.8795,29122560000000.0,28257540000000.0,3297385000000.0,0.3043162,1.964787e-06,1.010962e-06,-9.061127e-07,1.032276e-06,2.830973e-06,-2.81606e-06,-2.115212e-06,5.249822e-06,27104170000000.0,3101367000000.0,0.279084,1.912814e-06,9.690939e-07,-8.971118e-07,9.896886e-07,2.740457e-06,-2.756525e-06,-2.074169e-06,5.095049e-06,19607270000000.0,2121554000000.0,0.1834936,1.57729e-06,7.360908e-07,-8.019959e-07,7.523054e-07,2.194256e-06,-2.335201e-06,-1.772303e-06,4.134498e-06,573910500000.0,777800000000000.0,1.602782,212100000000000.0,-1.42164
2227,2.4078,26.19057,5.483354999999999,5216.616,2565.827,558.07,-480.273,182.4559,-38.66439,37772830000000.0,35273860000000.0,4218208000000.0,0.3190197,3.045676e-06,1.662097e-06,-1.308828e-06,1.687688e-06,4.468655e-06,-4.26729e-06,-3.180541e-06,8.216716e-06,34601060000000.0,4024177000000.0,0.2985502,2.984202e-06,1.6096e-06,-1.301137e-06,1.634459e-06,4.358805e-06,-4.199866e-06,-3.134987e-06,8.03083e-06,23259600000000.0,2652249000000.0,0.1923889,2.429949e-06,1.202876e-06,-1.165772e-06,1.221659e-06,3.436739e-06,-3.526012e-06,-2.658471e-06,6.424187e-06,678316400000.0,688600000000000.0,1.846253,216300000000000.0,-1.63449
2228,2.4324,25.642660000000003,6.529622999999999,5259.468,2524.731,667.763,-336.5865,-235.2529,-494.8256,29795360000000.0,16147160000000.0,1704486000000.0,0.2430546,1.137779e-06,1.324195e-06,2.081779e-07,1.336034e-06,2.385352e-06,-8.965242e-07,-4.921785e-07,3.796099e-06,15570480000000.0,1587417000000.0,0.2274281,1.102369e-06,1.265131e-06,1.839248e-07,1.276538e-06,2.293043e-06,-8.863788e-07,-4.946031e-07,3.659756e-06,10860890000000.0,973718200000.0,0.1490326,8.517454e-07,8.996561e-07,6.465043e-08,9.08143e-07,1.692753e-06,-7.622419e-07,-4.594582e-07,2.748095e-06,378812500000.0,611100000000000.0,1.238812,128800000000000.0,-1.161777
2229,2.4418,25.93589,5.930551999999994,5262.822,2559.564,607.9238,-674.2545,-74.18732,-134.1731,98901370000000.0,46903660000000.0,6952297000000.0,0.3436126,8.631845e-06,6.641021e-06,-1.794585e-06,6.658067e-06,1.451762e-05,-1.015225e-05,-7.078601e-06,2.516747e-05,42578530000000.0,6298050000000.0,0.3171158,8.094826e-06,6.149884e-06,-1.759881e-06,6.164873e-06,1.353319e-05,-9.597501e-06,-6.714775e-06,2.351865e-05,30852620000000.0,3576804000000.0,0.2093561,5.499661e-06,3.895167e-06,-1.474633e-06,3.901329e-06,8.898299e-06,-6.799244e-06,-4.839467e-06,1.567514e-05,827380600000.0,497200000000000.0,2.335918,197600000000000.0,-2.19087
2232,2.443,25.84135,6.3676209999999935,5263.56,2549.192,652.6536,-548.3042,-139.2237,-297.3808,73238920000000.0,66799280000000.0,7966293000000.0,0.3859716,8.826956e-06,5.26868e-06,-3.330874e-06,5.275761e-06,1.326676e-05,-1.188185e-05,-8.73021e-06,2.410996e-05,65069220000000.0,7630178000000.0,0.3649034,8.660512e-06,5.119028e-06,-3.317545e-06,5.125164e-06,1.296366e-05,-1.170723e-05,-8.61476e-06,2.360093e-05,40848480000000.0,4767947000000.0,0.2301861,6.785501e-06,3.656444e-06,-2.946767e-06,3.654471e-06,9.780773e-06,-9.519637e-06,-7.094567e-06,1.810287e-05,1097512000000.0,1117000000000000.0,3.097197,588600000000000.0,-2.782
2234,2.4741,24.91002,6.498265,5337.873,2478.893,670.3748,-376.3763,99.19793,-5.997428,39214540000000.0,26623600000000.0,3368752000000.0,0.2833324,2.274478e-06,1.163885e-06,-1.05454e-06,1.186546e-06,3.266019e-06,-3.264903e-06,-2.453418e-06,6.064758e-06,26431370000000.0,3234130000000.0,0.2683396,2.227523e-06,1.127609e-06,-1.044876e-06,1.149664e-06,3.185893e-06,-3.209599e-06,-2.414824e-06,5.926611e-06,20183950000000.0,2242653000000.0,0.1809014,1.826366e-06,8.508779e-07,-9.294049e-07,8.679968e-07,2.535374e-06,-2.704226e-06,-2.052286e-06,4.780845e-06,518627600000.0,873600000000000.0,1.730454,257200000000000.0,-1.58004
2235,2.4645,26.20188,5.3774899999999946,5281.16,2598.868,554.056,-497.8387,-17.16176,10.24458,39310650000000.0,27584740000000.0,3751571000000.0,0.2899135,2.819715e-06,1.978092e-06,-7.761989e-07,1.998137e-06,4.575452e-06,-3.512034e-06,-2.507474e-06,8.052287e-06,26815820000000.0,3574179000000.0,0.2734491,2.759301e-06,1.917945e-06,-7.771561e-07,1.937388e-06,4.45909e-06,-3.454361e-06,-2.471272e-06,7.861122e-06,23163490000000.0,2516841000000.0,0.1902195,2.294438e-06,1.483061e-06,-7.567837e-07,1.498038e-06,3.592224e-06,-2.982873e-06,-2.165043e-06,6.418997e-06,529902800000.0,813400000000000.0,1.881649,260400000000000.0,-1.65231
2236,2.4729,24.92897,6.539985000000005,5335.221,2479.807,674.4847,-62.11592,-21.2385,-415.5106,30756500000000.0,28353650000000.0,3299813000000.0,0.2947521,2.049936e-06,4.21834e-07,-1.573914e-06,4.488275e-07,2.322768e-06,-3.570439e-06,-2.837415e-06,4.838447e-06,26719710000000.0,3074715000000.0,0.2699737,1.984021e-06,4.017122e-07,-1.529685e-06,4.276607e-07,2.240951e-06,-3.461999e-06,-2.752491e-06,4.675433e-06,18934470000000.0,1993769000000.0,0.178888,1.581878e-06,2.957028e-07,-1.243438e-06,3.156091e-07,1.759623e-06,-2.784033e-06,-2.218101e-06,3.699316e-06,563387000000.0,565900000000000.0,1.533022,147600000000000.0,-1.34838
2241,2.5952,27.16497,7.050684000000001,5358.787,2749.901,744.9611,-648.0294,537.1331,-128.8419,41136820000000.0,20664520000000.0,2616122000000.0,0.2519935,1.800883e-06,1.154832e-06,-6.062809e-07,1.173099e-06,2.825441e-06,-2.357639e-06,-1.71525e-06,5.048541e-06,19991730000000.0,2416249000000.0,0.2360332,1.716162e-06,1.088453e-06,-5.896697e-07,1.105742e-06,2.680066e-06,-2.258608e-06,-1.646411e-06,4.79835e-06,12590940000000.0,1269518000000.0,0.1489601,1.132959e-06,6.5917e-07,-4.479148e-07,6.699257e-07,1.707681e-06,-1.549554e-06,-1.145237e-06,3.104831e-06,431062000000.0,642400000000000.0,1.590179,173800000000000.0,-1.45332
2242,2.6371,25.83793,5.7208860000000055,5477.788,2652.541,609.7268,7.586595,230.8424,-117.0457,30756500000000.0,18261670000000.0,2208505000000.0,0.2382686,1.334522e-06,-2.700019e-07,-1.56678e-06,-2.470463e-07,9.736838e-07,-2.869352e-06,-2.391279e-06,2.606979e-06,16819960000000.0,2017576000000.0,0.22269,1.255262e-06,-2.517619e-07,-1.471467e-06,-2.302255e-07,9.178804e-07,-2.696673e-06,-2.246977e-06,2.454078e-06,10091980000000.0,996259300000.0,0.1370327,7.818927e-07,-1.462587e-07,-9.057041e-07,-1.331564e-07,5.813094e-07,-1.668862e-06,-1.388653e-06,1.537681e-06,393356400000.0,455800000000000.0,1.276107,98960000000000.0,-1.14543
2243,2.6186,26.73593,6.374095999999998,5410.972,2725.689,676.82,-97.23797,-101.0089,-287.1415,48153150000000.0,46903660000000.0,5725078000000.0,0.3309456,5.526521e-06,1.066613e-06,-4.293963e-06,1.11183e-06,6.113957e-06,-9.671555e-06,-7.689682e-06,1.28619e-05,46711440000000.0,5608621000000.0,0.3191151,5.484202e-06,1.052445e-06,-4.266862e-06,1.097087e-06,6.060409e-06,-9.603265e-06,-7.636496e-06,1.275629e-05,37196140000000.0,4150279000000.0,0.2128938,4.814683e-06,8.572802e-07,-3.809776e-06,8.934956e-07,5.244408e-06,-8.494582e-06,-6.766976e-06,1.111783e-05,740608900000.0,1159000000000000.0,2.498117,492600000000000.0,-2.25225
2244,2.6664,26.24063,5.021444000000003,5495.524,2708.976,538.3482,413.6099,-3.812181,-183.8674,35273860000000.0,31525410000000.0,4048248000000.0,0.2834992,3.044774e-06,-1.641784e-06,-4.583542e-06,-1.586315e-06,1.176376e-06,-7.564405e-06,-6.466873e-06,4.872562e-06,30756500000000.0,3899468000000.0,0.2707704,2.995849e-06,-1.603858e-06,-4.498204e-06,-1.549427e-06,1.168553e-06,-7.431158e-06,-6.351218e-06,4.805106e-06,20664520000000.0,2415292000000.0,0.1727416,2.280325e-06,-1.122027e-06,-3.323678e-06,-1.082064e-06,9.83591e-07,-5.556024e-06,-4.733575e-06,3.749201e-06,609701500000.0,836100000000000.0,1.853761,263700000000000.0,-1.61964
2245,2.6517,26.27829,6.480889999999999,5464.547,2698.172,692.3073,-212.4901,200.8612,-364.0028,34120490000000.0,27488620000000.0,3494528000000.0,0.2748607,2.485045e-06,5.977647e-07,-1.821185e-06,6.278703e-07,2.89684e-06,-4.240753e-06,-3.351975e-06,5.945767e-06,26335250000000.0,3299603000000.0,0.2566255,2.418452e-06,5.744789e-07,-1.77946e-06,6.0359e-07,2.811339e-06,-4.134175e-06,-3.269158e-06,5.778237e-06,18550010000000.0,2090020000000.0,0.1674395,1.847419e-06,4.014843e-07,-1.395519e-06,4.225857e-07,2.106528e-06,-3.194167e-06,-2.533051e-06,4.370939e-06,511013500000.0,938600000000000.0,1.756524,280500000000000.0,-1.56816
2246,2.7017,25.78599,5.079727999999995,5553.006,2682.752,548.1991,-113.7073,396.9726,-185.0331,28834220000000.0,18838360000000.0,2453508000000.0,0.2366952,1.619637e-06,-1.776227e-07,-1.752178e-06,-1.513841e-07,1.329678e-06,-3.332766e-06,-2.75251e-06,3.313019e-06,17781100000000.0,2303805000000.0,0.2210062,1.566783e-06,-1.692703e-07,-1.692318e-06,-1.440104e-07,1.288446e-06,-3.221314e-06,-2.659959e-06,3.206854e-06,13263740000000.0,1485740000000.0,0.1488608,1.229886e-06,-1.219185e-07,-1.316861e-06,-1.026975e-07,1.020394e-06,-2.517029e-06,-2.076202e-06,2.525259e-06,392779800000.0,883300000000000.0,1.455931,218800000000000.0,-1.3266
2247,2.7072,26.9073,6.040778000000003,5495.904,2789.111,652.2055,121.6103,148.0008,-339.1024,44500810000000.0,38157280000000.0,4944519000000.0,0.3020388,4.284715e-06,-8.16942e-07,-4.963479e-06,-7.565763e-07,3.127439e-06,-9.147566e-06,-7.606457e-06,8.34163e-06,36523350000000.0,4665140000000.0,0.2807397,4.173085e-06,-7.845428e-07,-4.822637e-06,-7.261798e-07,3.055713e-06,-8.897691e-06,-7.3966e-06,8.13335e-06,23740170000000.0,2964999000000.0,0.1796476,3.365083e-06,-5.792827e-07,-3.833193e-06,-5.34642e-07,2.509761e-06,-7.119095e-06,-5.9079e-06,6.600262e-06,646002900000.0,1279000000000000.0,2.237082,486800000000000.0,-2.02059
2248,2.7418,25.53625,5.225842000000002,5603.443,2677.058,567.9867,-623.679,378.1423,-196.5508,28930330000000.0,26335250000000.0,3371326000000.0,0.2612755,2.552887e-06,1.690367e-06,-8.038502e-07,1.710099e-06,4.044833e-06,-3.283244e-06,-2.372839e-06,7.192882e-06,25758570000000.0,3258285000000.0,0.248463,2.522435e-06,1.657535e-06,-8.068044e-07,1.67692e-06,3.98354e-06,-3.256603e-06,-2.357028e-06,7.093824e-06,22490690000000.0,2430636000000.0,0.1741769,2.22335e-06,1.36973e-06,-8.014002e-07,1.385898e-06,3.416881e-06,-2.960578e-06,-2.167417e-06,6.156653e-06,449542800000.0,931000000000000.0,1.75508,278000000000000.0,-1.53898
2250,2.7658,24.875430000000005,5.360896999999994,5656.411,2622.671,585.0743,148.3491,378.6289,-399.2737,32198210000000.0,19895610000000.0,2439995000000.0,0.2383984,1.646809e-06,-8.395389e-07,-2.436102e-06,-8.087165e-07,6.938077e-07,-4.047272e-06,-3.455228e-06,2.702247e-06,19318930000000.0,2350393000000.0,0.2272335,1.615747e-06,-8.149692e-07,-2.381325e-06,-7.848166e-07,6.891674e-07,-3.962091e-06,-3.38119e-06,2.659568e-06,15570480000000.0,1633722000000.0,0.1531579,1.3324e-06,-6.140462e-07,-1.905016e-06,-5.898529e-07,6.241365e-07,-3.208474e-06,-2.729261e-06,2.247831e-06,368665700000.0,1169000000000000.0,1.574238,313100000000000.0,-1.46223
2252,2.8797,24.88112,4.845473000000004,5770.981,2676.489,539.2692,96.16702,-62.71223,5.199129,30852620000000.0,16627730000000.0,1933725000000.0,0.217602,1.258173e-06,-1.71461e-07,-1.394744e-06,-1.501179e-07,1.001637e-06,-2.62217e-06,-2.171828e-06,2.542811e-06,15186020000000.0,1747974000000.0,0.2005886,1.18527e-06,-1.585929e-07,-1.310891e-06,-1.385958e-07,9.461846e-07,-2.467193e-06,-2.042911e-06,2.39788e-06,9899749000000.0,952325800000.0,0.1301939,8.279862e-07,-1.021317e-07,-9.06734e-07,-8.853592e-08,6.684442e-07,-1.714476e-06,-1.417969e-06,1.68194e-06,360821800000.0,469700000000000.0,1.225704,97950000000000.0,-1.13157
2254,2.9471,25.42984,6.228706000000004,5794.803,2755.274,700.3062,16.85224,410.889,-184.9143,31044840000000.0,24989660000000.0,3164742000000.0,0.2447442,2.308921e-06,-7.09998e-07,-2.949265e-06,-6.706754e-07,1.434414e-06,-5.205327e-06,-4.37617e-06,4.252284e-06,23547950000000.0,2966655000000.0,0.2283906,2.252779e-06,-6.842496e-07,-2.868915e-06,-6.460368e-07,1.407527e-06,-5.070106e-06,-4.261065e-06,4.156621e-06,12014260000000.0,1460789000000.0,0.1357619,1.699308e-06,-4.684642e-07,-2.115367e-06,-4.406779e-07,1.106078e-06,-3.775677e-06,-3.165097e-06,3.178025e-06,432071200000.0,653000000000000.0,1.481557,164600000000000.0,-1.33353
2255,2.9801,26.271640000000005,6.507154999999999,5781.082,2853.629,735.3611,-132.8682,252.2113,-206.8755,30660390000000.0,24028520000000.0,3048315000000.0,0.2398826,2.267936e-06,1.268563e-07,-2.078192e-06,1.589957e-07,2.229861e-06,-4.288817e-06,-3.476868e-06,5.007909e-06,23451830000000.0,2908153000000.0,0.226755,2.226985e-06,1.23244e-07,-2.041866e-06,1.546781e-07,2.187874e-06,-4.212566e-06,-3.415241e-06,4.91555e-06,14224880000000.0,1714778000000.0,0.1418378,1.813297e-06,9.182739e-08,-1.670151e-06,1.164623e-07,1.769859e-06,-3.437564e-06,-2.788057e-06,3.989223e-06,421940700000.0,824000000000000.0,1.546443,216800000000000.0,-1.415843
