,RADeg,decDeg,z,fluxmJy_1.4GHz,fluxmJy_30GHz,fluxmJy_90GHz,fluxmJy_148GHz,fluxmJy_219GHz,fluxmJy_277GHz,fluxmJy_350GHz
0,7.191731,6.569081000000003,0.0468,6.4327,1.02608,2.22077,3.52781,4.8072,5.57396,6.24256
4,5.654486,6.999503000000004,0.1035,4.34948,0.374803,0.15505,0.104142,0.0761163,0.0630738,0.0523092
5,5.631977,6.954141,0.1035,0.726542,0.062413,0.025747,0.0172925,0.0126389,0.0104732,0.00868581
8,6.417338,5.981460000000006,0.1291,3.70208,0.316448,0.130996,0.0879865,0.0643085,0.0532893,0.0441946
9,6.100843,5.9905559999999936,0.1284,0.797606,0.0682596,0.0282986,0.0190083,0.013893,0.0115125,0.00954769
10,6.407268,6.290167000000002,0.1582,1.14885,0.0975186,0.0404159,0.0271475,0.0198419,0.016442,0.0136359
11,6.176877,6.1064840000000045,0.1572,28.8535,2.4954,1.03067,0.692149,0.505877,0.419195,0.347652
12,6.441519,6.318105000000002,0.1608,1.87047,0.161377,0.0667381,0.0448215,0.0327593,0.027146,0.0225131
16,6.955723,7.1023659999999955,0.1735,2.48633,0.213006,0.087298,0.0585869,0.0428148,0.0354779,0.0294228
19,6.066909000000001,5.980324999999997,0.1878,0.645974,0.0972103,0.0477713,0.0297388,0.0190881,0.014344,0.0107381
20,5.976516,5.984089999999999,0.1878,0.254654,0.0217254,0.00900877,0.00605128,0.00442284,0.00366499,0.0030395
21,7.166151000000001,5.218763,0.1881,0.628532,0.0542717,0.0224455,0.0150748,0.011018,0.00913005,0.00757186
22,6.277922,6.867153999999998,0.1885,0.49311,0.0428157,0.0176464,0.0118256,0.00863508,0.0071534,0.00593161
23,5.457509,5.9902739999999985,0.1877,2.63013,0.246174,0.102624,0.0670552,0.0478058,0.0391134,0.0321194
24,5.508396,5.967801999999996,0.1877,0.424765,0.0366216,0.0151647,0.0101857,0.00744465,0.00616901,0.00511617
26,5.018505,6.222174999999995,0.1904,0.29083,0.0267532,0.0104514,0.00694666,0.00506659,0.00419708,0.00348044
30,4.995634,5.458478999999994,0.1969,0.165457,0.0141238,0.00580506,0.00389701,0.00284805,0.00236001,0.00195723
33,6.021736,5.341504999999995,0.2091,0.177252,0.0988679,0.160785,0.162884,0.143136,0.123706,0.101158
34,4.956195,5.716691999999999,0.2095,0.978887,0.0853597,0.0349976,0.023469,0.0171481,0.0142092,0.011784
35,6.481424,5.214883000000002,0.2314,0.846102,0.0725582,0.0300112,0.0201577,0.0147331,0.0122086,0.010125
40,6.882801,5.220797000000002,0.2328,1.19684,0.10279,0.0426753,0.0286656,0.0209515,0.0173615,0.0143985
41,6.964646,5.147576999999997,0.2328,1.34174,0.149634,0.0547993,0.0337839,0.0236203,0.0192773,0.0158488
42,6.918494,5.124038,0.2328,0.61905,0.0533697,0.0221304,0.0148636,0.0108635,0.00900206,0.00746571
43,7.088557,5.8771910000000025,0.2332,0.131068,0.0110572,0.0045887,0.00308229,0.00225283,0.00186681,0.00154821
45,6.201153,4.852256999999997,0.2364,0.530969,0.045803,0.0189616,0.0127347,0.00930758,0.00771272,0.00639642
50,4.923325,5.085721999999994,0.2363,0.19441,0.0165509,0.00685399,0.00460379,0.00336488,0.00278831,0.00231244
55,5.097001,6.315126000000004,0.2349,0.9945,0.0929543,0.0371809,0.0243004,0.0175299,0.0144661,0.0119707
56,5.089317,6.324337,0.2349,0.639688,0.062157,0.033761,0.0254745,0.0193995,0.0159814,0.0128579
58,5.831041,5.197573999999995,0.2361,1.96247,0.171729,0.0709968,0.0474451,0.0345553,0.0285894,0.0236834
59,4.890694,6.972402999999997,0.2352,0.716776,0.0607919,0.0251427,0.0168877,0.012343,0.0102281,0.00848248
63,6.390447,6.529280999999995,0.2369,0.149627,0.012449,0.00516139,0.00346697,0.00253398,0.00209979,0.00174142
64,5.247724000000001,4.876747000000002,0.2387,0.486598,0.0445648,0.0171955,0.0114826,0.00838642,0.00694888,0.00576284
65,5.240333,4.869617000000002,0.2387,0.136233,0.0115325,0.00476346,0.00319906,0.00233812,0.00193748,0.00160681
66,6.149863,5.252896000000005,0.2368,0.169392,0.0141108,0.00558719,0.00374111,0.00273296,0.0022645,0.00187799
69,5.481886,5.459891000000005,0.2451,1.66269,0.141649,0.0588157,0.0395073,0.0288757,0.0239278,0.0198442
73,6.330325,5.698530999999995,0.2518,0.136602,0.0117522,0.00486938,0.00327066,0.0023905,0.00198089,0.00164282
74,6.327347,5.6989090000000004,0.2518,5.22455,0.423741,0.175173,0.117663,0.0859987,0.0712628,0.0591007
75,5.197603,4.929251000000002,0.2544,1.80327,0.154166,0.06401,0.0429964,0.0314258,0.026041,0.0215967
76,5.681569,6.263416000000001,0.2552,1.45488,0.135472,0.0536489,0.035156,0.0253601,0.0209109,0.0172875
77,5.686442,6.262237999999999,0.2552,0.148045,0.0124504,0.00509051,0.00341862,0.00249862,0.00207048,0.00171712
78,5.560195,5.338604,0.2543,0.629116,0.0543552,0.022366,0.0150116,0.0109703,0.00909039,0.00753891
80,6.574385,6.6267279999999955,0.2576,0.52861,0.0443048,0.018383,0.0123481,0.00902516,0.00747871,0.00620234
81,5.18689,5.754538999999995,0.2619,0.577805,0.050222,0.0199966,0.0134121,0.00980159,0.00812202,0.00673586
82,4.940251,5.740783999999995,0.2608,0.436034,0.0399005,0.0156981,0.0104412,0.00761625,0.00630929,0.00523203
86,6.0122990000000005,6.062934000000003,0.2627,0.771454,0.0664781,0.0274884,0.0184575,0.0134895,0.011178,0.00927027
88,4.830485,6.732861999999995,0.2644,0.190115,0.0632956,0.05351,0.0374995,0.0239545,0.0169731,0.0114
89,5.72998,7.067657000000003,0.2644,0.519945,0.0451504,0.0184775,0.0123993,0.00906138,0.00750861,0.00622712
90,5.728224,7.0771019999999965,0.2644,0.314902,0.0271385,0.0110731,0.00743149,0.0054311,0.00450044,0.00373236
91,5.733199000000001,7.062853000000002,0.2644,0.497955,0.0480858,0.017687,0.0117308,0.00855881,0.00709086,0.00588041
92,6.370001,5.960234999999999,0.2643,2.33925,0.202282,0.0833803,0.0559971,0.0409275,0.0339146,0.0281265
94,5.926739,6.27117,0.2632,0.944044,0.0793437,0.0326457,0.0219264,0.0160258,0.0132798,0.0110134
95,5.223031,7.147032999999999,0.2632,0.619114,0.196384,0.248363,0.224071,0.177979,0.144104,0.110085
96,5.734971,6.130619000000006,0.2625,0.149277,0.0125796,0.00518994,0.00348585,0.00254777,0.00211121,0.0017509
97,5.745434,6.137041999999996,0.2625,1.62254,0.138018,0.0565074,0.0379344,0.0277241,0.0229735,0.0190526
98,5.431759,5.1423359999999985,0.2672,0.175788,0.0151604,0.00627353,0.00421312,0.00307926,0.00255162,0.00211615
99,5.375723,5.166270999999997,0.2672,0.901377,0.0775466,0.0321311,0.0215819,0.015774,0.0130712,0.0108404
100,5.392946,5.163246999999999,0.2672,0.115865,0.0106267,0.00414369,0.00274303,0.00199603,0.00165231,0.00136969
101,5.3824,5.161565000000002,0.2672,0.118597,0.0102312,0.00423567,0.00284492,0.00207933,0.00172303,0.00142897
102,5.382583,5.162389000000004,0.2672,0.554854,0.0821698,0.127097,0.162524,0.182397,0.186255,0.182245
103,7.080346,6.414158,0.2689,0.453697,0.0390953,0.0162182,0.0108937,0.00796212,0.00659782,0.00547179
105,7.196161999999999,6.308922000000002,0.271,0.0940439,0.00798687,0.0033015,0.00221724,0.00162053,0.00134284,0.00111367
106,6.869699,6.186128999999996,0.2744,0.147472,0.0127462,0.0052746,0.00354122,0.00258799,0.00214451,0.0017785
107,7.093044,6.904556000000003,0.2785,0.0835782,0.00738033,0.00295485,0.0019784,0.00144529,0.00119756,0.000993159
108,6.329676,4.907675999999996,0.2902,0.118435,0.0101682,0.00421071,0.00282821,0.00206711,0.00171291,0.00142057
109,6.329369,4.906070999999998,0.2902,0.625694,0.0534926,0.0222099,0.0149187,0.010904,0.0090356,0.00749353
113,5.382071,5.005006000000005,0.2932,0.11832,0.00977878,0.00401153,0.00269415,0.00196912,0.00163171,0.00135324
114,5.380474,5.0069010000000045,0.2932,0.083263,0.00712677,0.0029576,0.00198666,0.00145204,0.00120323,0.00099788
115,5.371613,4.951476999999998,0.2932,0.496089,0.0430237,0.0177632,0.0119167,0.00870726,0.00721491,0.00598347
116,4.978346,6.694900000000002,0.2967,0.17266,0.0152272,0.00624481,0.00416363,0.00303247,0.00250999,0.0020803
117,4.977981,6.696853000000002,0.2967,0.199181,0.0170634,0.007084,0.00475842,0.0034779,0.00288197,0.00239011
118,6.588087,5.0475629999999985,0.2978,0.78446,0.0672384,0.0278832,0.018729,0.0136889,0.0113433,0.00940738
119,6.615964,5.013066999999996,0.2978,0.619408,0.0534268,0.0220316,0.014796,0.0108141,0.00896112,0.00743176
120,6.736682,5.009363999999998,0.2988,0.0775814,0.00654903,0.00271723,0.0018252,0.00133402,0.00110544,0.000916779
121,6.787471,6.674291,0.2994,0.546352,0.0559028,0.0213346,0.0135319,0.00963485,0.00792142,0.00654331
122,6.788303,6.675534000000004,0.2994,0.374576,0.0478149,0.0238137,0.0149158,0.00964761,0.00732423,0.00557496
123,5.803829,6.869954000000002,0.2993,0.433258,0.0370719,0.0153924,0.0103393,0.00755693,0.00626206,0.00519334
124,5.791088,6.865116999999997,0.2993,0.227608,0.0195903,0.00813449,0.00546406,0.00399364,0.00330933,0.00274454
125,7.00806,5.296744000000002,0.302,1.32387,0.127446,0.0425695,0.0280423,0.0204355,0.0169275,0.014037
126,6.986007,5.319087000000003,0.302,0.311455,0.0984941,0.0609834,0.0355124,0.0196662,0.0130045,0.0083915
131,6.062797,6.766574000000001,0.3032,0.105014,0.010065,0.00381457,0.00250626,0.00182119,0.00150741,0.00124961
132,6.556379,6.2417699999999945,0.3079,0.084179,0.00711761,0.00294819,0.00198031,0.0014474,0.00119939,0.000994691
133,6.375254,6.0178599999999935,0.3054,0.230989,0.0200739,0.00824845,0.00553467,0.00404456,0.00335145,0.00277946
134,6.376785,6.024841000000001,0.3054,0.249832,0.0215003,0.0089249,0.00599495,0.00438167,0.00363087,0.0030112
137,6.400825000000001,6.535760999999995,0.3093,0.0687997,0.00631671,0.00209879,0.00140204,0.00102442,0.000848872,0.000703996
140,6.134776,6.312609,0.3107,0.200254,0.0156718,0.00650091,0.00436675,0.00319163,0.00264475,0.00219338
143,5.642317,5.898682999999998,0.3225,0.130993,0.0122838,0.00506885,0.00328798,0.00234617,0.00192554,0.00158731
144,5.650491,5.903669999999997,0.3225,0.784611,0.0691653,0.0282604,0.018854,0.013737,0.0113711,0.00942462
150,5.978604,4.843993000000005,0.3274,0.647939,0.0562226,0.0231269,0.0155257,0.011347,0.00940262,0.00779791
151,6.892493,6.9131839999999976,0.3274,0.192797,0.0134903,0.00557081,0.00374192,0.00273494,0.00226631,0.00187953
153,6.228702,5.170340000000005,0.3283,0.171126,0.0147392,0.00607294,0.00407877,0.00298113,0.00247032,0.00204872
154,6.604014,5.138882999999996,0.329,0.0941949,0.0081831,0.00334483,0.00224425,0.00164005,0.001359,0.00112706
155,6.309163,5.241767999999999,0.3288,0.626151,0.0602256,0.023413,0.0152158,0.0109785,0.00906603,0.00750666
156,6.294897,5.247795,0.3288,0.126948,0.0109613,0.00453893,0.00304807,0.00222773,0.001846,0.00153095
157,6.296727,5.057612000000001,0.3283,0.0869465,0.00742637,0.00308368,0.00207135,0.00151394,0.00125453,0.00104042
158,6.294245,5.031171000000004,0.3283,0.331261,0.0293161,0.0109121,0.0072444,0.0052825,0.00437558,0.0036283
159,6.30461,5.055817999999994,0.3283,0.6428,0.128332,0.0459741,0.022862,0.0133604,0.0100861,0.00789399
160,6.791249,7.198637000000002,0.3295,0.594562,0.0517135,0.021314,0.0142817,0.0104292,0.00864011,0.00716474
165,5.714186,6.909522999999999,0.3304,0.192399,0.0163697,0.00678953,0.00456057,0.00333329,0.00276213,0.00229073
166,5.714465,6.930692000000002,0.3304,0.227426,0.0194559,0.00804177,0.00540078,0.00394731,0.00327094,0.0027127
167,5.714726,6.911574000000005,0.3304,0.331618,0.0281553,0.0116734,0.00784116,0.00573105,0.00474904,0.00393854
170,5.809571,6.878749999999998,0.3299,0.10641,0.00915496,0.00380112,0.00255326,0.00186616,0.00154639,0.00128248
171,5.663586,7.115030999999998,0.3325,0.184159,0.0155553,0.00643345,0.00432128,0.00315839,0.0026172,0.00217053
173,4.803407000000001,6.629649000000006,0.3327,0.0706368,0.00832146,0.00298924,0.00180604,0.00125559,0.00102474,0.00084328
174,4.804729,6.630285000000002,0.3327,0.0552681,0.00472813,0.00196091,0.00131715,0.000962696,0.000797739,0.000661592
175,5.00404,6.748338999999997,0.3364,1.19289,0.103276,0.0422996,0.0283973,0.0207543,0.017198,0.0142629
179,6.367359,6.340330999999998,0.3415,0.055178,0.00628707,0.00268754,0.00162298,0.00107953,0.000855333,0.000687301
185,6.191537,6.773917999999995,0.3469,0.394127,0.034179,0.0137176,0.00918105,0.00670544,0.00555575,0.00460736
186,6.20667,6.760570000000001,0.3469,0.225271,0.0237646,0.009952,0.00629071,0.00433905,0.00348473,0.00281736
187,6.343076,6.9441589999999955,0.3502,0.816817,0.0650514,0.0269817,0.018124,0.0132467,0.0109769,0.00910349
188,6.337822,6.944586999999996,0.3502,1.47853,0.139015,0.0598248,0.0392543,0.0278117,0.0226078,0.0184357
189,6.339672,6.941362000000005,0.3502,0.169224,0.0173581,0.00630053,0.00405633,0.00292613,0.00241763,0.0020026
190,6.319693,6.951614999999999,0.3502,0.109176,0.00956358,0.00389357,0.00260948,0.00190651,0.00157975,0.00131011
191,6.345083000000001,6.940364000000002,0.3502,0.150018,0.0128202,0.0053229,0.00357547,0.00261329,0.0021655,0.00179592
192,5.134513,7.0009950000000005,0.3494,0.39792,0.0338515,0.014052,0.00943892,0.00689884,0.00571673,0.00474108
193,5.07643,7.023400000000005,0.3494,1.25265,0.107716,0.0447256,0.0300428,0.0219581,0.0181956,0.0150902
194,5.104945,7.015781000000006,0.3494,0.0592434,0.0283602,0.0242576,0.01709,0.0110103,0.00784456,0.00528618
195,6.454537,7.055002000000002,0.3492,0.227908,0.0199744,0.00817693,0.00547344,0.00399698,0.00331155,0.00274622
202,7.121037,5.5655610000000015,0.3558,0.672095,0.0608486,0.0238251,0.0159135,0.0116213,0.00962904,0.00798547
207,5.527978,5.922526000000001,0.3608,0.137062,0.0115495,0.0047909,0.00321811,0.0023521,0.00194907,0.00161643
210,5.242251,4.890117000000005,0.3642,1.1078,0.0897768,0.0372404,0.0250149,0.0182832,0.0151504,0.0125647
222,5.284783,6.074775000000004,0.372,0.0548487,0.00469836,0.00194669,0.00130756,0.000955682,0.000791926,0.000656771
223,5.298337,6.065858,0.372,0.360545,0.0310104,0.012869,0.00864419,0.00631798,0.0052354,0.00434189
224,6.993766,5.738052000000007,0.3748,0.279083,0.0239164,0.00991959,0.00666309,0.00487001,0.00403554,0.00334681
225,6.311021,6.963505999999995,0.3758,0.180854,0.0155783,0.00645906,0.00433855,0.00317102,0.00262767,0.00217921
226,4.85617,7.164158000000003,0.384,0.073933,0.00683706,0.0029002,0.00191257,0.00136648,0.00111671,0.000914804
230,5.401559,4.828485999999998,0.3956,0.213544,0.0183899,0.00759078,0.00509832,0.00372631,0.00308781,0.00256083
231,6.172257000000001,5.079903,0.4032,0.148956,0.012673,0.00522322,0.00350826,0.00256416,0.00212479,0.00176216
232,6.164179,5.082504000000005,0.4032,0.261732,0.0225353,0.00935335,0.00628275,0.00459202,0.00380518,0.00315577
233,6.133177,5.632624,0.4078,0.0595848,0.00604388,0.0023371,0.00148242,0.00105531,0.000867694,0.000716827
234,7.025129,5.059685999999996,0.4078,0.148491,0.0126521,0.0052529,0.00352844,0.00257892,0.00213702,0.0017723
235,7.016048,5.050253,0.4078,0.0542856,0.00469243,0.00194035,0.00130305,0.000952365,0.000789176,0.00065449
236,7.041956,5.053391000000003,0.4078,0.133292,0.0173478,0.0132174,0.0107376,0.00821654,0.00663284,0.00513793
237,7.032065,5.064821999999999,0.4078,0.196395,0.0165797,0.00688414,0.00462417,0.00337978,0.00280066,0.00232268
238,7.029982,5.057308999999999,0.4078,0.0879071,0.00835953,0.00316015,0.00208726,0.00151999,0.00125876,0.00104372
239,7.024891,5.079370999999996,0.4078,0.0922774,0.00789249,0.00327644,0.00220083,0.00160857,0.00133295,0.00110546
240,6.120878,5.416376999999994,0.4068,0.0953577,0.00896491,0.00352808,0.00231099,0.00167396,0.00138406,0.00114675
241,6.115509,5.411486000000005,0.4068,0.196891,0.0416762,0.0733845,0.0914727,0.0995715,0.0997834,0.0959177
254,6.989137,5.5156269999999985,0.4155,0.0615186,0.00529063,0.00219296,0.00147291,0.00107653,0.000892066,0.00073982
255,7.00456,5.501179999999998,0.4155,0.0680549,0.00584077,0.00242516,0.00162902,0.00119064,0.000986622,0.000818239
256,6.575148,6.174092999999999,0.4153,0.335287,0.0286617,0.0118621,0.0079677,0.00582353,0.00482567,0.00400209
257,6.587917,6.177196999999995,0.4153,0.2345,0.0139121,0.00560024,0.00376005,0.00274811,0.00227722,0.00188857
260,6.92198,7.1212559999999945,0.4208,0.270058,0.0227552,0.00944776,0.0063462,0.00463839,0.00384361,0.00318763
272,7.129036,5.635206000000006,0.4264,0.147386,0.0132029,0.00530061,0.00352407,0.00256601,0.00212411,0.00176068
273,6.475468,5.578825999999998,0.4299,0.137623,0.0118119,0.00490289,0.00329333,0.00240707,0.00199462,0.00165421
279,6.245473,5.345561000000003,0.4307,0.281005,0.0244629,0.0100306,0.00672223,0.00491022,0.00406833,0.00337382
280,6.241076,5.348743999999994,0.4307,0.105864,0.010209,0.00391102,0.00255188,0.00184742,0.00152744,0.00126556
281,6.244783,5.344507999999999,0.4307,0.182064,0.0154915,0.00643238,0.00432072,0.00315799,0.00261687,0.00217026
282,6.254353,5.341597000000003,0.4307,0.380299,0.0355793,0.00969502,0.00609139,0.00437975,0.00361721,0.00299586
283,6.257666,5.337756999999997,0.4307,0.25801,0.0205519,0.0085318,0.00573093,0.0041887,0.00347097,0.00287859
284,6.25342,5.344940999999994,0.4307,0.0997786,0.00954665,0.00361899,0.00237514,0.00172455,0.00142704,0.00118283
285,6.221406,5.351787000000003,0.4307,0.187112,0.0152803,0.00550475,0.00367674,0.00268582,0.00222549,0.00184566
288,5.869761,5.688163999999994,0.4283,0.451137,0.0384632,0.0159701,0.0107273,0.00784053,0.00649706,0.00538823
289,6.040031,5.732128999999996,0.4311,0.291637,0.0248524,0.010314,0.00692803,0.00506365,0.004196,0.00347988
291,6.965957,6.619706999999995,0.4361,0.0541242,0.00465491,0.00192181,0.00129039,0.000943082,0.000781479,0.000648105
292,6.979725,6.625088,0.4361,0.067774,0.00582997,0.00242055,0.00162592,0.00118837,0.000984747,0.000816684
295,7.132451,7.050433000000002,0.4394,0.195337,0.0158355,0.00654169,0.00439384,0.00321141,0.00266114,0.00220697
296,7.121102,7.046940999999998,0.4394,0.318785,0.0274514,0.0113748,0.00764024,0.00558419,0.00462734,0.00383761
299,4.818137,4.949578999999999,0.4394,0.073053,0.00624178,0.00258844,0.00173868,0.00127079,0.00105304,0.000873322
300,4.801942,4.951215000000006,0.4394,0.516277,0.0445025,0.0184124,0.0123672,0.00903909,0.00749025,0.00621191
301,4.82861,4.948046000000007,0.4394,0.0646415,0.00555636,0.00230486,0.0015482,0.00113157,0.000937675,0.000777645
302,4.935099,5.910426999999998,0.4377,0.246661,0.0228131,0.00907208,0.00596839,0.00432822,0.0035793,0.00296569
303,4.935414,5.900360000000001,0.4377,0.0856421,0.00728745,0.00301382,0.00202436,0.00147959,0.00122606,0.00101681
304,4.939782,5.908452,0.4377,0.742085,0.0700245,0.02551,0.0170209,0.0124327,0.0103019,0.00854359
307,4.870686,5.553109000000002,0.4414,0.220588,0.0189877,0.00781278,0.00524709,0.00383503,0.0031779,0.00263554
308,5.031092000000001,5.460470999999996,0.4429,1.3328,0.114756,0.0476151,0.0319833,0.0233764,0.0193709,0.0160649
309,6.083616000000001,6.907839999999998,0.4444,0.202316,0.0174105,0.00722662,0.0048542,0.0035479,0.00293997,0.00243822
310,6.080355,6.906081999999994,0.4444,0.11856,0.00759807,0.00312283,0.00209755,0.00153308,0.00127039,0.00105358
311,6.080783,6.906973000000006,0.4444,0.180457,0.0156257,0.00629927,0.00421515,0.00307797,0.00255008,0.0021147
317,5.362534,6.304871000000001,0.4513,0.298332,0.0253176,0.0105125,0.0070614,0.00516113,0.00427677,0.00354687
324,5.017138,5.389590000000003,0.4583,0.0871079,0.00759512,0.00310333,0.00207945,0.00151899,0.00125857,0.00104373
325,5.31317,5.501922999999997,0.4574,0.24093,0.0206577,0.00857678,0.00576114,0.00421078,0.00348927,0.00289377
326,5.322955,5.501203,0.4574,0.111549,0.0112227,0.00590953,0.0042296,0.0030707,0.00246653,0.00194778
327,7.199399999999999,6.690846999999994,0.461,0.226528,0.0186702,0.00759643,0.00509705,0.00372479,0.00308648,0.0025597
330,4.998557,5.904322999999996,0.4632,0.415525,0.0357308,0.0147497,0.00990141,0.00723587,0.00599585,0.00497251
333,6.923506,6.901069000000007,0.4645,0.143851,0.0164796,0.00897095,0.00622379,0.00435143,0.00341122,0.00263219
334,6.910352,6.9134449999999985,0.4645,0.279214,0.0239082,0.00992292,0.00666536,0.00487167,0.00403691,0.00334795
336,6.940135,6.8169230000000045,0.4642,0.30195,0.0260496,0.0107951,0.00725058,0.00529936,0.00439131,0.00364186
337,6.954346000000001,6.8050860000000055,0.4642,0.214527,0.0181154,0.00751992,0.00505123,0.00369191,0.00305931,0.00253719
338,7.111263,6.828268999999995,0.4653,0.102734,0.011241,0.00428627,0.00264243,0.00184426,0.00150458,0.00123705
340,6.451696,6.113469999999995,0.4683,0.212158,0.0184273,0.00751581,0.00504435,0.00368659,0.00305487,0.0025335
341,6.442648,6.1114269999999955,0.4683,0.169241,0.0145507,0.00604146,0.00405813,0.00296606,0.00245783,0.00203836
342,4.994923,5.922285999999994,0.4672,0.0854954,0.00735159,0.00304228,0.00204346,0.00149355,0.00123763,0.00102641
343,4.970186,5.9300799999999985,0.4672,0.152385,0.0275355,0.0135898,0.00770689,0.0045065,0.00322889,0.00234519
344,6.951986,7.046486999999996,0.4703,0.226552,0.01922,0.00796232,0.0053483,0.00390904,0.00323923,0.0026864
346,7.036354,6.973218000000001,0.4733,0.101215,0.00859162,0.003563,0.00239328,0.00174923,0.0014495,0.00120212
347,7.041863,6.963453000000002,0.4733,0.29177,0.0232728,0.0096194,0.00646126,0.00472248,0.00391329,0.00324542
348,6.57713,7.036611999999995,0.4724,0.425754,0.042376,0.014606,0.00938734,0.00676149,0.00558162,0.00462053
349,6.580363,7.080070000000002,0.4724,0.0936296,0.00777591,0.00318412,0.00213808,0.00156267,0.0012949,0.0010739
350,6.878129,6.983303000000006,0.4737,0.066046,0.00602386,0.00234707,0.00156899,0.00114612,0.000949685,0.000787597
351,4.828896,5.742282000000002,0.475,0.0527451,0.00452222,0.00187667,0.00126056,0.000921334,0.000763464,0.000633166
354,4.829808,6.0666869999999955,0.4807,0.246518,0.0215917,0.00878313,0.0058847,0.00429895,0.00356205,0.00295405
356,5.064721,5.582576000000004,0.4825,0.188301,0.0162401,0.00659525,0.00442244,0.0032314,0.00267759,0.00222059
357,5.052888,5.597231000000001,0.4825,0.258549,0.0225287,0.00859577,0.00574023,0.00419197,0.0034733,0.00288044
358,5.066952,6.171278,0.4816,0.0561821,0.00481841,0.00199992,0.00134337,0.000981864,0.000813622,0.000674764
359,5.086643,6.1701330000000025,0.4816,0.0832808,0.00713484,0.00295531,0.00198498,0.0014508,0.00120221,0.00099703
360,5.363127,6.360954999999996,0.4816,0.172781,0.0160452,0.00638492,0.0041919,0.00303665,0.00251039,0.00207968
361,5.371544,6.377627999999995,0.4816,0.0871955,0.00749394,0.00310937,0.0020886,0.00152654,0.00126497,0.00104908
365,4.831999,6.062194999999995,0.4825,0.11208,0.00952845,0.00395326,0.00265545,0.00194085,0.00160829,0.00133381
366,4.831287,6.061143999999999,0.4825,0.333532,0.028982,0.0118167,0.00792802,0.00579365,0.00480083,0.00398148
371,7.081586,6.235224000000001,0.4827,0.0687814,0.00605883,0.00246332,0.00164799,0.00120333,0.000996962,0.00082676
372,7.072147,6.228898000000001,0.4827,0.151219,0.0132655,0.00520809,0.00349049,0.00255065,0.00211357,0.00175285
373,7.077715,6.2250299999999985,0.4827,0.164853,0.0140888,0.00584899,0.00392885,0.00287157,0.00237953,0.00197342
376,6.270753,6.357829000000002,0.4862,0.0952659,0.0063253,0.00260132,0.00174727,0.00127707,0.00105824,0.000877637
377,6.256707,6.315142000000003,0.4862,0.131445,0.0113043,0.00466509,0.00313267,0.00228957,0.00189724,0.00157345
378,6.253469,6.348113000000006,0.4862,0.0762587,0.00685518,0.00267423,0.00178555,0.00130378,0.00108024,0.000895845
379,5.460977,6.507951000000005,0.4858,0.474928,0.0380846,0.0155527,0.0104438,0.00763312,0.00632518,0.00524569
383,5.366184,5.004111999999994,0.4907,0.155458,0.0125621,0.00519518,0.0034895,0.00255045,0.00211343,0.00175274
384,5.367535,5.018423000000004,0.4907,0.0961554,0.00807942,0.00334847,0.0022492,0.00164392,0.00136224,0.00112975
385,5.375375,5.003040999999996,0.4907,0.176002,0.0150321,0.00622833,0.00418352,0.0030577,0.00253377,0.00210134
386,5.371846,5.042902000000003,0.4907,0.170753,0.0146785,0.00608388,0.00408654,0.00298682,0.00247503,0.00205263
387,5.368812,5.0182230000000025,0.4907,1.35545,0.117393,0.0469805,0.0315001,0.0230186,0.019074,0.0158187
388,5.35809,4.990858999999994,0.4907,0.150482,0.0127106,0.00527781,0.00354518,0.00259115,0.00214716,0.00178071
389,5.381016,5.008127999999997,0.4907,0.259336,0.0238637,0.00924695,0.00612816,0.00446298,0.00369546,0.00306384
390,5.308025,5.160224000000005,0.4907,0.0523114,0.00463913,0.0018391,0.00123364,0.000901578,0.00074709,0.000619586
391,5.306665,5.146090999999999,0.4907,0.237793,0.0203551,0.00841036,0.00564847,0.00412837,0.00342097,0.00283713
392,5.302506,5.177834999999997,0.4907,0.325443,0.0280949,0.0113133,0.00757672,0.00553457,0.00458578,0.00380301
393,5.733414,5.851219999999994,0.4907,0.0571204,0.0169339,0.0061842,0.00284384,0.00147061,0.00102273,0.000747065
394,5.97427,6.645260000000004,0.4884,0.398166,0.0340536,0.0141373,0.00949623,0.00694073,0.00575144,0.00476987
395,5.988959,6.6343520000000025,0.4884,0.341838,0.029027,0.0119353,0.008016,0.0058588,0.0048549,0.00402633
396,5.803582,5.638089999999997,0.49,1.47462,0.126281,0.05239,0.035191,0.0257208,0.0213136,0.0176761
397,5.857464,5.925509999999994,0.4902,0.0571027,0.00504178,0.00206204,0.00137504,0.00100161,0.000829052,0.00068712
398,5.95266,6.193875000000001,0.4942,0.11202,0.00957283,0.0039747,0.00266987,0.00195139,0.00161702,0.00134105
399,5.952734,6.185514000000007,0.4942,0.0839216,0.0390955,0.082656,0.101399,0.106903,0.104499,0.0976521
400,5.967495,6.186978999999997,0.4942,0.437186,0.0457151,0.0170325,0.0107387,0.00757612,0.00619264,0.00509051
404,5.965728,6.727257999999999,0.4962,0.358597,0.0278207,0.0105731,0.00709506,0.00518553,0.00429698,0.00356363
405,5.950741,6.722108999999995,0.4962,0.145185,0.0123705,0.00507983,0.00341135,0.00249329,0.00206606,0.00171346
410,5.654211,6.418123999999994,0.4969,0.0597695,0.00504427,0.00205568,0.00138031,0.00100883,0.00083597,0.000693298
411,5.660503,6.421338000000006,0.4969,0.105487,0.00890223,0.00368755,0.00247696,0.0018104,0.00150019,0.00124416
412,5.758233,6.298636000000004,0.4967,0.327755,0.0281533,0.0116905,0.00785265,0.00573945,0.004756,0.00394431
413,5.756916,6.289450000000004,0.4967,0.146119,0.0125581,0.00520684,0.00349745,0.00255627,0.00211825,0.00175674
414,5.247244,6.530725999999996,0.4962,0.232177,0.0197135,0.00817684,0.00549248,0.00401442,0.00332655,0.00275882
415,4.843099,5.064222999999997,0.5003,0.414794,0.036663,0.0148609,0.00993392,0.00725183,0.00600782,0.00498205
416,4.849493,5.048114000000002,0.5003,0.0937448,0.00804716,0.00332496,0.00223247,0.00163156,0.00135198,0.00112124
417,4.8435690000000005,5.063929000000004,0.5003,0.0578542,0.00510639,0.00204667,0.00136857,0.000999332,0.000827962,0.000686618
418,5.861488,6.0152129999999975,0.5032,0.0890733,0.00756543,0.0031292,0.00210176,0.00153615,0.00127293,0.00105569
419,5.864474,6.028330999999998,0.5032,1.20531,0.10342,0.0429441,0.0288462,0.0210835,0.0174708,0.0144892
423,5.889623,6.222873999999997,0.5041,0.0936251,0.00787488,0.00326989,0.00219643,0.00160536,0.00133028,0.00110325
424,5.900248,6.216418999999996,0.5041,206.907,17.7525,7.36548,4.94745,3.61606,2.99645,2.48506
425,7.135369,7.010189000000006,0.5062,0.197579,0.0170123,0.00703353,0.00472305,0.00345187,0.00286038,0.0023722
426,7.139161,7.015799,0.5062,0.0967446,0.008547,0.00358232,0.00238961,0.00173133,0.0014271,0.0011781
427,7.127519,7.011309999999998,0.5062,0.2969,0.0263261,0.0106797,0.00711005,0.00517574,0.00428306,0.00354926
428,5.572108,5.757843999999997,0.5116,0.427108,0.0417336,0.0204358,0.0140359,0.00995348,0.0079511,0.00630065
429,6.379314,7.098633000000006,0.5105,1.74119,0.144431,0.0598009,0.0401686,0.0293589,0.0243283,0.0201763
430,6.377655,7.091050999999999,0.5105,0.105579,0.00901044,0.00370761,0.00248988,0.0018198,0.00150798,0.00125062
431,6.397551,7.095290999999997,0.5105,0.084533,0.00727858,0.00302056,0.00202894,0.00148294,0.00122884,0.00101912
432,5.389568,5.620369999999994,0.5157,0.301246,0.0258001,0.0107117,0.00719518,0.00525891,0.0043578,0.00361407
433,5.277769,6.586186999999996,0.5144,0.386261,0.0332615,0.0137353,0.00922292,0.00674063,0.00558559,0.00463231
434,5.28621,6.591643000000006,0.5144,0.22017,0.0186983,0.0077626,0.00521425,0.00381106,0.00315804,0.00261907
435,6.226737,5.8861799999999995,0.5144,0.184479,0.0157313,0.00648185,0.00435324,0.00318172,0.00263653,0.00218656
439,5.25719,5.702214000000003,0.5178,1.16634,0.158292,0.0780397,0.0486607,0.0313682,0.0237304,0.0179642
440,5.252089000000001,5.704261000000005,0.5178,0.0535729,0.0046065,0.00190975,0.00128275,0.000937549,0.0007769,0.00064431
441,6.948767,5.4606799999999955,0.5229,0.226146,0.0182372,0.00756746,0.00508316,0.00371525,0.00307865,0.00255323
442,6.9368810000000005,5.3698930000000065,0.5243,0.175671,0.0151695,0.00627742,0.0042159,0.00308132,0.00255334,0.00211757
443,6.938991,5.381508999999996,0.5243,0.242805,0.016825,0.00680209,0.00456726,0.0033381,0.00276611,0.00229403
444,6.933341,5.371092000000002,0.5243,0.178741,0.0151779,0.00629887,0.00423102,0.00309242,0.00256254,0.0021252
445,7.062611,5.115394999999997,0.5234,0.0993889,0.011041,0.00400758,0.0024827,0.00173767,0.00141727,0.00116403
446,5.00107,6.344727000000002,0.5248,0.124419,0.00851642,0.0033763,0.00226572,0.00165588,0.00137214,0.00113796
453,4.96684,4.840936000000003,0.5297,0.0691784,0.00618938,0.00224723,0.0014811,0.00107747,0.000891984,0.000739459
460,5.941311,5.418359999999997,0.5353,0.186822,0.0174218,0.00953882,0.00766647,0.00628409,0.0054315,0.00457419
467,5.470465,6.116063000000006,0.5386,0.0901824,0.00837912,0.00312479,0.00208912,0.00152632,0.00126475,0.0010489
468,5.46826,6.118141999999995,0.5386,0.190013,0.0159062,0.00660354,0.00443569,0.00324202,0.0026865,0.00222801
473,6.576638,5.041615000000004,0.5445,0.0876747,0.00737922,0.00306087,0.00205602,0.00150274,0.00124524,0.00103272
474,6.561426,5.042844000000003,0.5445,0.0581399,0.00500701,0.00203862,0.00136711,0.000998923,0.00082772,0.000686446
475,6.570754,5.041673999999995,0.5445,0.0539839,0.00449667,0.00184648,0.0012397,0.000906033,0.000750779,0.000622645
476,6.476046,6.064051000000005,0.5445,0.0746863,0.00577201,0.00233832,0.00157044,0.00114782,0.00095114,0.000788813
477,6.45908,6.063230999999995,0.5445,0.0619853,0.00532929,0.00219691,0.00147511,0.00107809,0.000893354,0.000740888
478,6.461177,6.046998000000006,0.5445,0.100133,0.00846987,0.00350483,0.00235411,0.00172059,0.00142577,0.00118244
479,6.469476,6.061966000000005,0.5445,0.0829032,0.035933,0.0194735,0.0101546,0.00510569,0.0032008,0.00198399
487,5.513883,5.282716000000004,0.5441,0.0829858,0.00812104,0.00305123,0.00196962,0.00141367,0.00116434,0.000962214
488,6.61646,6.301684999999998,0.5481,0.214353,0.016822,0.00683128,0.00458444,0.00335033,0.00277621,0.00230239
490,6.451462,5.858995,0.5457,0.137321,0.0134928,0.00594288,0.00382273,0.00264979,0.00213003,0.00172323
491,6.476333,5.858759999999999,0.5457,0.0586896,0.0050315,0.00208868,0.00140299,0.00102544,0.000849731,0.000704711
493,6.589809,5.818597999999998,0.5481,0.174566,0.014842,0.00616038,0.00413801,0.00302445,0.00250621,0.00207848
494,6.594626,5.818004000000003,0.5481,0.0903852,0.0092509,0.00323301,0.00211882,0.00154193,0.00127696,0.00105885
495,6.595765,5.812869000000004,0.5481,0.449717,0.0385759,0.0160183,0.0107597,0.00786422,0.00651669,0.00540451
499,6.572081,5.754653,0.5474,0.082783,0.00712016,0.00295373,0.001984,0.00145009,0.00120162,0.000996542
500,6.576526000000001,5.753826,0.5474,1.48965,0.120996,0.0502055,0.0337237,0.0246485,0.020425,0.0169391
501,6.580301,5.751408999999997,0.5474,0.0722904,0.00632007,0.00255784,0.00171716,0.00125502,0.00103997,0.000862484
502,6.570658,5.733290000000006,0.5474,0.164809,0.0142376,0.00585344,0.00393026,0.00287249,0.00238029,0.00197405
505,6.331271,5.545644,0.5498,0.181386,0.0191483,0.00657525,0.00422958,0.00305615,0.00252664,0.00209358
506,6.323042,5.558918999999998,0.5498,0.357317,0.0308149,0.0127458,0.00855843,0.00625489,0.00518307,0.00429848
507,6.317653,5.559374000000004,0.5498,0.168737,0.0144538,0.00596365,0.00400451,0.00292674,0.00242523,0.00201132
508,7.195564,6.230540000000005,0.5496,0.105393,0.00902629,0.00373146,0.00250622,0.00183177,0.0015179,0.00125884
509,7.196915,6.240865999999995,0.5496,0.186877,0.016201,0.00667051,0.00447908,0.00327364,0.0027127,0.00224973
510,7.190176999999999,6.235453999999995,0.5496,0.139629,0.0120723,0.00496401,0.00333334,0.00243626,0.0020188,0.00167426
511,6.456983,6.582935,0.552,0.267792,0.0239621,0.00965689,0.00643518,0.00469354,0.00388771,0.00322373
512,6.456318,6.581723000000004,0.552,0.233829,0.0245446,0.0157577,0.0128229,0.010189,0.00852033,0.00688883
513,6.456214,6.578975000000003,0.552,2.21202,0.190238,0.0789707,0.0530456,0.0387707,0.0321274,0.0266443
517,5.877756,7.146384999999994,0.5561,0.0530367,0.00459403,0.00187703,0.00125973,0.000920633,0.000762875,0.000632676
518,5.178912,4.905220000000005,0.5537,0.475272,0.0417021,0.0168107,0.0112354,0.0082005,0.0067932,0.00563305
519,5.176643,4.924508,0.5537,0.0606234,0.00468546,0.00193401,0.00129909,0.000949494,0.000786799,0.000652519
520,5.173003,4.9226100000000015,0.5537,0.0571355,0.00487594,0.00201501,0.00135339,0.000989182,0.000819686,0.000679793
521,5.151086,4.929373,0.5537,0.168715,0.0144795,0.00601242,0.00403863,0.00295181,0.00244602,0.00202857
522,5.773124,7.148730000000004,0.5563,0.0599352,0.00503959,0.00209169,0.00140501,0.00102691,0.000850954,0.000705725
527,6.168945,5.250065000000006,0.559,0.217955,0.0147764,0.00588424,0.00394814,0.00288536,0.00239093,0.00198288
528,6.174408,5.246274999999995,0.559,0.0681374,0.00583471,0.00242279,0.00162742,0.00118947,0.000985656,0.000817438
529,6.168861,5.245161999999996,0.559,0.0644181,0.00559522,0.00221368,0.00147711,0.0010778,0.000892803,0.000740321
534,5.903061,5.469035999999996,0.5595,0.0549187,0.00471259,0.00194026,0.00130301,0.000952349,0.000789164,0.00065448
535,5.88371,5.473819000000002,0.5595,0.0949638,0.00780567,0.00323571,0.00217346,0.00158857,0.00131637,0.00109171
536,5.225421,6.018076999999999,0.5575,0.106885,0.00900619,0.0037323,0.00250692,0.00183228,0.00151832,0.0012592
537,5.222405,6.013802999999995,0.5575,0.271197,0.0226758,0.00934302,0.00627408,0.00458553,0.00379979,0.00315129
538,5.222759,6.016334000000002,0.5575,0.128283,0.0116588,0.00466659,0.00308946,0.00224587,0.00185835,0.00154013
543,6.153948,7.078490000000001,0.5587,0.0535318,0.00462266,0.00190385,0.00127864,0.000934541,0.000774408,0.000642243
546,5.4028,6.1877279999999955,0.5573,0.0706374,0.00598,0.00247993,0.00166578,0.00121751,0.00100889,0.000836706
547,5.500949,6.6629159999999965,0.5644,0.0707616,0.00609692,0.00252901,0.00169869,0.00124155,0.00102881,0.000853229
548,5.358617,6.743965999999996,0.5646,0.155948,0.0163224,0.00586494,0.00375671,0.00270518,0.00223414,0.00185028
549,5.374135,6.741417999999997,0.5646,0.764586,0.0658598,0.027276,0.0183196,0.0133895,0.0110952,0.00920164
555,6.820111,6.265882000000007,0.5609,0.181946,0.0141342,0.00586733,0.00394117,0.00288058,0.00238699,0.00197961
556,6.840377,6.261960999999999,0.5609,0.0864047,0.00731202,0.00300531,0.00201852,0.00147532,0.00122252,0.00101388
557,6.845294,6.260354000000005,0.5609,0.103783,0.0304288,0.0253496,0.0172347,0.0106188,0.00734315,0.00482303
558,6.845064,6.257671999999999,0.5609,0.0826381,0.00697002,0.00288543,0.00193813,0.00141656,0.00117384,0.000973501
559,5.654522000000001,6.551340999999997,0.5607,12.6789,1.43773,0.74868,0.506902,0.349623,0.273213,0.211229
561,5.853117,4.877044999999996,0.5617,0.0565224,0.00387136,0.00139919,0.000932221,0.00068052,0.000563816,0.000467567
562,7.143943,5.085078999999996,0.5612,0.128853,0.0135801,0.00521208,0.00327939,0.002299,0.00187176,0.0015336
563,7.184171,5.082893999999995,0.5612,0.0620277,0.00525193,0.00215846,0.00144899,0.00105896,0.000877495,0.000727733
564,7.180884,5.1015770000000025,0.5612,0.0708843,0.00598654,0.00248458,0.00166892,0.0012198,0.00101079,0.000838284
565,5.937838,5.635457999999997,0.5607,0.35058,0.0291319,0.0120779,0.00811285,0.00592963,0.00491359,0.00407501
566,5.937469,5.634179000000004,0.5607,0.0589416,0.00506399,0.00209897,0.00140986,0.00103046,0.00085389,0.00070816
567,6.595648,6.309139999999998,0.5622,0.115961,0.01107,0.00426663,0.00279033,0.00202049,0.00167035,0.00138381
568,7.107038,4.928930999999996,0.5644,0.159541,0.0136384,0.00566202,0.00380326,0.00277978,0.00230347,0.00191034
569,7.109166,4.915896000000005,0.5644,0.0501236,0.00424664,0.00176334,0.00118446,0.000865713,0.000717373,0.000594942
570,5.144166,6.6702600000000025,0.5622,0.0630235,0.0053827,0.00223251,0.0014996,0.00109605,0.00090824,0.000753235
571,5.135408,6.649282000000004,0.5622,0.106068,0.00907762,0.00371275,0.002493,0.00182207,0.00150986,0.00125218
572,5.136849,6.65116,0.5622,0.341485,0.0289153,0.0119816,0.00804816,0.00588235,0.00487441,0.00404251
573,5.148594,6.649289999999998,0.5622,0.255341,0.0219711,0.00910063,0.00611226,0.00446734,0.00370186,0.00307008
574,5.134746,6.6334599999999995,0.5622,0.208277,0.0181575,0.00743554,0.00498704,0.00364408,0.00301956,0.0025042
576,6.03627,5.199656999999999,0.5648,0.147194,0.0124313,0.00513777,0.00345088,0.00252221,0.00209003,0.00173334
577,5.592652,6.287826999999998,0.5646,0.226358,0.0232998,0.0127856,0.00917874,0.00659316,0.00523656,0.00407989
578,5.954514,6.466067,0.5646,0.172038,0.0147551,0.00612657,0.00411531,0.00300785,0.00249246,0.00206708
579,5.9451,6.481638000000005,0.5646,1.28362,0.142234,0.0753712,0.05133,0.0353669,0.0275622,0.0212376
580,6.329143,6.7670150000000024,0.5675,0.160671,0.0138325,0.0057408,0.00385615,0.00281843,0.0023355,0.00193691
581,6.336884,6.767865000000005,0.5675,0.16382,0.0140905,0.00585097,0.00393018,0.00287254,0.00238033,0.00197409
582,6.331659,6.761720999999998,0.5675,0.0949132,0.00871331,0.00336132,0.00223049,0.00162554,0.00134626,0.00111627
583,6.717429,7.136390000000001,0.5671,0.121708,0.0104805,0.00434348,0.00291741,0.00213231,0.00176694,0.00146538
584,6.720156,7.140329999999995,0.5671,0.511101,0.0440852,0.0182483,0.0122538,0.00895565,0.00742103,0.00615449
587,5.715809,6.777624999999996,0.5673,0.104567,0.00930979,0.00382577,0.0025413,0.00184456,0.00152419,0.00126171
588,5.707515,6.789254,0.5673,0.675582,0.0580697,0.0241119,0.0161963,0.0118378,0.0098094,0.00813526
589,6.439974,6.964020999999996,0.5646,0.0778874,0.00652403,0.00270756,0.0018187,0.00132928,0.00110151,0.000913517
590,6.448153,6.967829999999994,0.5646,0.0658413,0.00465117,0.0019276,0.0012948,0.00094636,0.000784202,0.000650365
591,6.458631,6.9702940000000035,0.5646,0.111392,0.00799268,0.00320619,0.00215259,0.00157327,0.00130369,0.00108119
592,5.929354,4.971263000000003,0.5641,0.0527885,0.00448596,0.00186128,0.00125024,0.000913793,0.000757216,0.000627984
593,5.355892,6.758714999999994,0.5658,0.184876,0.0158611,0.00657816,0.00441859,0.00322951,0.00267614,0.00221941
594,5.55253,6.747234000000004,0.5663,0.836766,0.0715988,0.0297032,0.0199515,0.0145824,0.0120837,0.0100214
595,6.399082,6.833275999999997,0.5658,0.0607393,0.00508678,0.00211167,0.00141844,0.00103673,0.000859087,0.00071247
596,6.399172,6.8349450000000065,0.5658,0.192344,0.0262605,0.0078236,0.00448618,0.00303189,0.00244536,0.00199607
597,6.37702,6.825952000000006,0.5658,0.0748437,0.00650428,0.00271862,0.00182342,0.00132829,0.00109806,0.000908554
598,6.406177,6.833670000000003,0.5658,0.222671,0.0181398,0.00753182,0.00505923,0.00369776,0.00306415,0.0025412
599,6.376988,6.823348999999994,0.5658,0.191989,0.0177206,0.00659283,0.00440827,0.00322076,0.00266881,0.00221333
600,6.210022,5.192186,0.5653,0.0561107,0.00474967,0.00197159,0.00132434,0.000967953,0.000802095,0.000665204
601,6.214074,5.203499000000001,0.5653,0.0729478,0.00609496,0.00251848,0.00169164,0.0012364,0.00102455,0.000849691
602,6.219702,5.210441999999999,0.5653,0.0676577,0.00570348,0.00236795,0.00159059,0.00116255,0.000963347,0.000798936
603,5.631685,6.688556000000006,0.5663,0.0903997,0.00791751,0.00321929,0.00215937,0.00157801,0.00130759,0.00108443
604,5.630046,6.6843120000000065,0.5663,0.384102,0.0328752,0.0136487,0.009168,0.00670083,0.00555265,0.004605
605,6.595308,6.849767000000001,0.5661,0.0932755,0.00777064,0.00322638,0.00216721,0.001584,0.00131258,0.00108857
606,6.597416,6.852229999999994,0.5661,0.062565,0.0053011,0.00220097,0.00147842,0.00108057,0.000895414,0.000742598
607,6.599218,6.865141000000003,0.5661,0.276894,0.0238408,0.00989967,0.00664975,0.00486026,0.00402746,0.00334011
608,6.405755,5.011106000000003,0.5688,0.072142,0.00612449,0.0025316,0.0017004,0.0012428,0.00102985,0.00085409
609,6.404119,5.0128270000000015,0.5688,0.0931691,0.00837874,0.00332452,0.00220746,0.00160687,0.00133004,0.00110243
610,6.188137,5.447892000000002,0.5685,0.0806715,0.00690899,0.00286816,0.00192658,0.00140813,0.00116684,0.000967703
612,5.361969,6.378611000000001,0.5707,0.132459,0.011378,0.00472464,0.00317361,0.00231957,0.00192211,0.00159407
613,6.217524,5.377203000000005,0.5695,0.121935,0.0104703,0.00434483,0.00291843,0.00213306,0.00176756,0.0014659
614,5.948781,6.848034000000006,0.5683,0.120179,0.0102156,0.00423936,0.00284763,0.00208132,0.00172468,0.00143034
615,5.082448,6.061956000000004,0.5695,0.0577014,0.00925731,0.00890153,0.00798886,0.00659375,0.00555656,0.0044742
616,5.087352,6.063733999999998,0.5695,0.0958734,0.00847518,0.00340932,0.00228227,0.00166713,0.00138136,0.00114558
617,5.090502,6.057014000000004,0.5695,0.4393,0.0365729,0.015157,0.0101811,0.00744129,0.00616623,0.00511386
618,6.380738,6.9084129999999995,0.568,0.10214,0.00879206,0.0036465,0.00244931,0.00179018,0.00148343,0.00123026
619,6.378332,6.909131000000002,0.568,0.109144,0.0112188,0.00477439,0.00306355,0.00212954,0.00171285,0.00138386
623,6.294314,6.806555,0.5737,0.148311,0.0126132,0.00523648,0.00351741,0.00257086,0.00213034,0.00176676
629,5.162235,5.151524999999997,0.5745,0.124286,0.0131382,0.00929325,0.00812177,0.00682257,0.00587713,0.00487028
630,5.170431,5.165404999999995,0.5745,0.0826783,0.00726019,0.00291723,0.00195314,0.00142672,0.00118215,0.00098037
631,5.16803,5.163441000000002,0.5745,0.996608,0.0832817,0.0345745,0.0232242,0.0169744,0.0140658,0.0116653
635,4.98565,4.911754000000002,0.5737,0.0863485,0.00740296,0.00306669,0.00205973,0.00150543,0.00124747,0.00103457
647,4.986156,4.818458000000002,0.5789,0.182537,0.104034,0.0626669,0.0365695,0.0203637,0.0134015,0.00845668
648,5.689456,5.546011000000001,0.5774,0.207533,0.0177181,0.00735553,0.00494081,0.00361121,0.00299243,0.00248172
653,5.541468,5.403078999999994,0.5787,0.0892604,0.0075108,0.0031185,0.00209474,0.00153103,0.00126869,0.00105217
654,7.1824140000000005,6.276487999999997,0.5802,0.177836,0.015191,0.00630546,0.00423546,0.00309567,0.00256523,0.00212743
655,7.197368999999999,6.291013000000001,0.5802,0.235141,0.0202,0.00838539,0.00563258,0.00411682,0.0034114,0.00282919
656,5.362039,5.444131999999995,0.5832,0.34699,0.029419,0.0122042,0.00819768,0.00599163,0.00496497,0.00411762
657,5.358401,5.442111999999997,0.5832,0.141832,0.0122485,0.00504755,0.00338927,0.0024771,0.00205264,0.00170233
658,5.346789,5.4600079999999975,0.5832,0.097086,0.00863344,0.00346493,0.00231799,0.00169302,0.00140279,0.00116335
659,7.139704,5.7318120000000015,0.5802,0.143006,0.0132103,0.00523701,0.00345236,0.00250697,0.00207412,0.00171895
660,5.135771,5.344210999999995,0.5847,0.579201,0.0498906,0.0201751,0.0135276,0.00988465,0.00819065,0.00679272
661,5.119915,5.3521060000000045,0.5847,0.171667,0.0529757,0.0309213,0.017278,0.00930028,0.00609926,0.00395263
663,5.0530740000000005,5.135497000000004,0.5844,0.123491,0.0106186,0.00440925,0.00296175,0.00216473,0.0017938,0.00148766
664,5.057187,5.135915000000003,0.5844,0.0900879,0.00786309,0.00322801,0.00216282,0.00157975,0.00130889,0.00108545
665,5.051482,5.145832000000006,0.5844,0.177776,0.0153585,0.00635347,0.00426626,0.00311802,0.00258373,0.00214277
666,5.052315,5.130805000000001,0.5844,0.10445,0.0095696,0.00366642,0.00244381,0.00178405,0.00147813,0.00122581
667,5.939848,6.254286999999998,0.5852,0.0701726,0.00590605,0.00244791,0.00164427,0.00120178,0.000995857,0.000825898
668,5.941610000000001,6.242567999999995,0.5852,0.259783,0.0217335,0.00891461,0.00598515,0.00437425,0.0036247,0.00300608
669,5.962005,6.164368000000006,0.5839,0.0642499,0.00551326,0.00228761,0.00153661,0.0011231,0.000930656,0.000771824
671,6.957077,6.287555999999996,0.5907,0.0770081,0.00635573,0.00263809,0.00177204,0.00129517,0.00107325,0.00089008
672,6.962805000000001,6.290605000000004,0.5907,0.209858,0.0178926,0.00742678,0.00498867,0.00364619,0.00302141,0.00250576
673,6.95326,6.300911999999996,0.5907,0.0859476,0.00724695,0.0029979,0.00201358,0.0014717,0.00121953,0.0010114
677,5.028735,5.826090000000003,0.5907,0.267322,0.0228844,0.00950104,0.00638198,0.00466455,0.00386528,0.00320561
678,5.012705,5.818963000000003,0.5907,0.61172,0.0681037,0.0257523,0.0157951,0.0109933,0.00895933,0.00736176
679,6.607918,6.5769150000000005,0.588,0.179257,0.0154834,0.00638617,0.00428588,0.00313186,0.00259511,0.00215217
680,5.703373,6.337179999999995,0.592,0.116671,0.0100157,0.00415151,0.00278859,0.00203816,0.00168893,0.00140068
681,6.167046,6.675717000000002,0.593,0.105119,0.00876325,0.00341433,0.00228045,0.00166495,0.00137941,0.00114391
687,4.856278,5.768638000000006,0.592,0.0683224,0.00566648,0.00235192,0.00157982,0.00115468,0.000956825,0.000793527
688,4.854512,5.763962999999994,0.592,0.292145,0.0245655,0.0101945,0.00684775,0.00500498,0.00414738,0.00343956
689,5.95307,6.592665,0.5935,1.3864,0.116404,0.0481807,0.0323616,0.0236527,0.0195998,0.0162548
690,5.944793,6.598416000000006,0.5935,0.805249,0.06949,0.0287764,0.0193262,0.0141251,0.0117048,0.00970716
691,6.602094,6.916744000000003,0.5945,0.106162,0.00912124,0.00375691,0.00252299,0.001844,0.00152803,0.00126725
693,5.106925,5.998531000000002,0.5943,0.137283,0.0117839,0.00489304,0.00328673,0.00240225,0.00199062,0.00165089
694,5.113871,5.994723999999999,0.5943,0.45447,0.0391644,0.0162386,0.0109072,0.007972,0.006606,0.00547858
695,6.270769,6.600607999999996,0.5943,0.172567,0.0147694,0.0061321,0.00411902,0.00301056,0.00249471,0.00206894
699,5.090375,5.1210140000000015,0.5984,0.631398,0.0544431,0.02259,0.0151698,0.0110863,0.00918633,0.00761839
700,5.089645,5.119643,0.5984,0.0956074,0.00816335,0.00338582,0.00227429,0.00166226,0.00137743,0.00114235
701,5.107322,5.197493000000005,0.5979,0.153651,0.0121653,0.00504972,0.00339197,0.00247917,0.00205437,0.00170375
706,5.017952,7.137317000000003,0.6063,0.107342,0.00924671,0.00383513,0.00257601,0.00188278,0.00156017,0.0012939
707,5.037756,7.149416999999998,0.6063,0.0705977,0.00598152,0.0024835,0.0016682,0.00121928,0.00101035,0.000837921
708,5.039695,7.149884,0.6063,0.473841,0.0392688,0.0158792,0.0106478,0.00778014,0.00644672,0.0053464
709,5.045862,7.161175000000002,0.6063,0.425546,0.0368688,0.0152038,0.0102085,0.00746099,0.00618253,0.00512738
710,5.443354,4.909000999999994,0.6112,0.529114,0.0454398,0.0188489,0.0126607,0.00925363,0.00766803,0.00635935
711,5.488222,7.162746000000006,0.6102,0.119778,0.0102601,0.0042604,0.00286177,0.00209165,0.00173325,0.00143744
712,5.497607000000001,7.1712660000000055,0.6102,0.177554,0.0201339,0.00987721,0.00626546,0.00413229,0.00318872,0.0024734
713,5.51338,7.184667000000005,0.6102,1.94129,1.56811,0.928325,0.492896,0.244332,0.147773,0.0853612
723,4.899213,6.322542999999993,0.6136,0.0529082,0.00435793,0.00180861,0.00121487,0.00088794,0.000735792,0.000610217
724,4.896731,6.312217000000002,0.6136,1.43805,0.123025,0.051052,0.0342923,0.025064,0.0207693,0.0172247
727,5.109672,5.792818999999998,0.6133,0.0926965,0.00813006,0.0033323,0.00222796,0.00162565,0.00134649,0.00111645
729,5.041975,6.306208999999999,0.6149,0.357761,0.0317295,0.0127179,0.00851398,0.00621961,0.00515355,0.00427394
730,6.039282,7.187327000000002,0.6123,0.0574975,0.0117296,0.00835146,0.0054163,0.00327713,0.00227929,0.00153763
731,6.023557,7.173659000000002,0.6123,0.0771915,0.00690596,0.0025518,0.00169463,0.00123603,0.0010239,0.000849069
739,6.16765,5.990073000000005,0.6183,0.0873329,0.00751719,0.00312129,0.00209661,0.0015324,0.00126982,0.00105311
740,6.918522000000001,4.890673999999994,0.622,0.0933468,0.00774132,0.00321432,0.00215911,0.00157808,0.00130767,0.0010845
741,6.907275,4.899978999999994,0.622,0.139594,0.00947125,0.00386063,0.00259277,0.00189502,0.00157031,0.00130231
742,6.771247000000001,5.168561999999998,0.6225,0.106023,0.0085613,0.00355165,0.00238569,0.00174368,0.0014449,0.00119831
743,6.782865,5.167479999999994,0.6225,0.492585,0.0436065,0.0175511,0.0117403,0.00857368,0.0071036,0.00589098
744,6.782936,5.176205999999993,0.6225,0.213186,0.0183086,0.00760149,0.00510603,0.00373196,0.00309249,0.00256471
745,7.11428,5.666159999999998,0.6254,0.091331,0.00762559,0.00311337,0.00209003,0.00152749,0.00126575,0.00104972
746,7.090330000000001,5.687561000000002,0.6254,0.0961842,0.00947125,0.00368001,0.0023687,0.00169371,0.00139278,0.0011499
747,7.120611,5.669878000000004,0.6254,0.0688087,0.0051915,0.00215301,0.0014462,0.00105702,0.000875901,0.000726414
748,7.114623,5.672648000000003,0.6254,0.0927797,0.0111747,0.00331797,0.00203507,0.00144507,0.00118922,0.000983247
749,6.296391,5.999491999999997,0.6259,0.0728588,0.00629636,0.00259315,0.00174127,0.00127264,0.00105457,0.000874592
752,6.967529,5.769084000000001,0.627,0.116527,0.0100973,0.00412599,0.00276775,0.00202248,0.00167588,0.00138985
753,6.96382,5.770227000000005,0.627,0.299799,0.0258562,0.0107198,0.007199,0.00526143,0.00435984,0.00361575
754,6.970305,5.7634259999999955,0.627,0.509994,0.0425621,0.0176691,0.0118686,0.00867467,0.00718827,0.00596147
755,6.966696,5.767623,0.627,0.0575968,0.00491488,0.00203888,0.00136953,0.00100098,0.000829466,0.000687904
756,6.979187,5.782670999999999,0.627,3.77541,0.327477,0.135178,0.0906657,0.0662379,0.0548827,0.0455142
757,7.120792,5.692549999999996,0.6246,0.100894,0.0103467,0.00416522,0.00264172,0.00184947,0.00150231,0.00122798
758,7.112784,5.711754999999994,0.6246,0.164972,0.014858,0.00580388,0.00387144,0.00282597,0.00234128,0.00194158
759,6.249123,5.912476999999999,0.6267,0.534534,0.045815,0.0190236,0.0127784,0.00933965,0.00773931,0.00641847
761,6.970222,5.984018999999998,0.6307,0.118381,0.0101573,0.00420149,0.00282198,0.00206256,0.00170914,0.00141745
762,6.992071,5.444605999999999,0.6355,0.336505,0.0322694,0.0121904,0.00802324,0.00583472,0.00483039,0.00400464
763,6.429315,6.239746999999999,0.6392,1.03598,0.0926674,0.0373789,0.0248239,0.0180506,0.014932,0.0123713
764,6.428354,6.254630000000005,0.6392,0.0695791,0.00779249,0.00289569,0.00177375,0.00124091,0.00101481,0.000836043
765,6.420339,6.244218000000005,0.6392,0.0820583,0.0106554,0.00409003,0.002367,0.00156072,0.00124,0.00100127
766,6.429082,6.259044999999995,0.6392,0.105015,0.00896191,0.00371391,0.00249466,0.00182333,0.00151091,0.00125305
767,6.427988,6.254320000000001,0.6392,0.215479,0.0185191,0.00768146,0.0051597,0.00377119,0.003125,0.00259166
771,6.967974,6.087950000000001,0.6425,0.0947554,0.00814447,0.00338189,0.00227167,0.00166035,0.00137585,0.00114104
772,6.96484,6.074794000000003,0.6425,0.0921742,0.00758766,0.00312938,0.00210185,0.00153622,0.00127299,0.00105573
773,4.889195,5.552292000000002,0.6428,0.0795577,0.00713913,0.00286063,0.00190324,0.00138679,0.0011483,0.000951998
776,6.720599,6.128369000000002,0.6403,0.15569,0.0134557,0.00555389,0.00372995,0.00272616,0.00225903,0.00187349
777,6.714443,6.103208000000002,0.6403,0.110616,0.00946834,0.00392947,0.00263947,0.00192917,0.00159861,0.00132578
778,6.716362,6.1191610000000045,0.6403,5.80243,0.498159,0.206666,0.138817,0.10146,0.0840749,0.0697261
779,6.83909,6.091074,0.6411,0.0568676,0.0048771,0.00201718,0.00135458,0.000990002,0.000820359,0.00068035
780,6.846598,6.067535999999994,0.6411,0.100854,0.0112781,0.00535391,0.00346897,0.00235304,0.00184312,0.00144318
781,6.844,6.087069000000003,0.6411,0.128511,0.0111994,0.00431244,0.00288587,0.0021084,0.00174705,0.00144888
784,6.925979,5.402599999999996,0.6457,2.37594,0.207929,0.0855449,0.0571922,0.0417101,0.0345382,0.0286321
785,7.132957,5.450675000000002,0.6452,0.0536972,0.00456865,0.00189362,0.00127194,0.000929655,0.000770359,0.000638885
786,6.285788,5.818098000000005,0.6495,0.0660833,0.00569076,0.00235961,0.00158494,0.00115842,0.000959924,0.000796097
787,6.277157,5.811315999999995,0.6495,0.0505199,0.00402564,0.00167146,0.00112275,0.000820607,0.000679997,0.000563944
788,6.255606,5.803242999999994,0.6495,0.513018,0.0463388,0.0187707,0.0124224,0.00901925,0.00745867,0.00617919
799,5.264461,5.941030000000001,0.6539,0.108475,0.00904001,0.00375359,0.00252134,0.00184283,0.00152706,0.00126645
806,6.833692,5.4765760000000006,0.6569,0.0725593,0.00617802,0.00254016,0.00170613,0.00124699,0.00103332,0.000856969
807,6.446374,5.624619000000001,0.6608,0.0699791,0.00622283,0.00256344,0.00170299,0.00123573,0.0010209,0.000844959
808,6.445354,5.629832000000003,0.6608,0.05147,0.00433286,0.00175921,0.00118,0.000862264,0.000714492,0.000592547
809,6.661084,5.455788000000003,0.6588,0.0702269,0.00667026,0.00242902,0.00159214,0.00115594,0.000956476,0.000792753
810,6.669,5.446711000000002,0.6588,0.285907,0.0244854,0.010164,0.00682727,0.00499001,0.00413497,0.00342927
811,6.983739,4.9339580000000005,0.6586,0.187557,0.0161054,0.00668766,0.0044922,0.00328332,0.00272072,0.00225639
812,6.984534,4.938926,0.6586,0.195916,0.0155663,0.00638308,0.00428731,0.00313356,0.00259663,0.00215347
813,6.521914,5.025592999999996,0.6646,0.112834,0.00926679,0.00383602,0.00257666,0.00188326,0.00156057,0.00129423
815,6.123253,5.144358000000004,0.6696,0.0641529,0.00545587,0.00226549,0.00152176,0.00111225,0.000921663,0.000764367
816,6.125483,5.142795999999998,0.6696,0.0563112,0.00481972,0.00200088,0.00134402,0.000982333,0.000814011,0.000675087
817,6.141987,7.172405999999996,0.6677,0.156961,0.0130198,0.00538577,0.00361748,0.00264398,0.00219094,0.00181702
818,6.141729,7.174133000000006,0.6677,0.130498,0.0110984,0.00460724,0.00309475,0.00226193,0.00187435,0.00155446
819,6.140913,7.174412000000002,0.6677,0.100669,0.00948728,0.00351725,0.00234005,0.0017081,0.0014152,0.00117363
822,4.986864,5.069576000000006,0.666,0.0578921,0.00595713,0.00347045,0.00268169,0.00207033,0.00171566,0.00138513
823,4.986612,5.063704000000006,0.666,0.122921,0.0106661,0.00435237,0.00291968,0.00213356,0.00176793,0.00146619
824,6.421999,5.030356,0.6677,0.0556848,0.004749,0.00197148,0.00132427,0.000967902,0.000802053,0.00066517
825,6.403223,5.0277320000000065,0.6677,7.31085,0.628506,0.260982,0.175306,0.12813,0.106175,0.0880544
830,6.656107000000001,4.9910779999999955,0.6738,0.149017,0.0122369,0.00507753,0.00341064,0.00249282,0.00206567,0.00171313
831,6.589619,5.481036000000002,0.6702,0.100413,0.00859209,0.0035678,0.00239654,0.00175162,0.00145148,0.00120376
832,6.593535,5.479871000000001,0.6702,0.111926,0.00950033,0.00393834,0.00264533,0.00193345,0.00160215,0.00132872
833,6.594413,5.477451,0.6702,0.0707206,0.0060756,0.00251039,0.00168603,0.00123229,0.00102114,0.000846865
835,4.994075,5.509731999999997,0.6786,0.0527463,0.00442169,0.00182768,0.00122763,0.000897268,0.000743521,0.000616627
836,4.983607,5.5029689999999984,0.6786,0.0912404,0.00785073,0.00325232,0.00218417,0.00159633,0.00132279,0.00109703
837,7.058036,6.137572999999996,0.6795,0.12532,0.0107961,0.0044726,0.00300372,0.00219532,0.00181915,0.00150868
841,5.037939,5.410259000000001,0.6786,0.106412,0.0090387,0.00375207,0.00252032,0.00184209,0.00152645,0.00126593
842,7.080301,6.740732999999998,0.6851,0.122389,0.0154034,0.0122084,0.0105573,0.00863686,0.00729569,0.00592258
843,7.056951,6.731145,0.6851,0.0942168,0.0081131,0.0033687,0.0022628,0.00165387,0.00137048,0.00113658
844,7.059054,6.739680999999999,0.6851,0.0935594,0.00815038,0.00333756,0.00223761,0.00163478,0.00135457,0.00112336
845,7.093843,6.344985999999995,0.6831,0.119768,0.0102306,0.00424673,0.00285259,0.00208494,0.00172768,0.00143283
846,7.106718,6.329511000000001,0.6831,0.493295,0.0421643,0.0174994,0.0117545,0.00859131,0.00711919,0.00590419
856,6.351205,6.783117999999999,0.6948,0.370023,0.0299489,0.0124348,0.00835263,0.00610488,0.00505882,0.00419545
863,5.875452,6.606791999999996,0.692,0.108191,0.0116035,0.00691582,0.0051392,0.00374981,0.00298322,0.0023109
873,7.190219000000001,7.147542000000001,0.6937,0.11125,0.0101649,0.00395009,0.00260609,0.00189197,0.00156471,0.00129632
874,7.171742,7.153864,0.6937,0.0657223,0.00551951,0.0022552,0.00151402,0.00110653,0.000916919,0.000760431
886,5.473299,5.542092000000001,0.6994,0.0662908,0.00560192,0.00232148,0.00155931,0.00113969,0.000944403,0.000783225
888,5.220154,6.673265000000002,0.6986,0.303963,0.0256457,0.0106487,0.00715286,0.00522798,0.00433217,0.00359282
890,5.72131,4.983837000000002,0.6986,0.123361,0.00842362,0.00343267,0.00230493,0.00168461,0.00139595,0.00115771
895,6.602473,4.805954,0.6989,0.0573502,0.0196201,0.0245763,0.0228573,0.0190619,0.0160813,0.0129175
896,6.604864,4.807242000000004,0.6989,0.0526031,0.0048473,0.00187973,0.00125008,0.000911878,0.000755395,0.000626414
898,5.365663,5.252348000000001,0.7012,0.101647,0.00858381,0.00355302,0.00238644,0.00174422,0.00144535,0.00119868
899,5.365659,5.248137000000004,0.7012,0.0801177,0.00634647,0.00262465,0.00176299,0.00128856,0.00106777,0.000885534
900,5.631273000000001,5.949484000000007,0.7041,0.0799271,0.0058983,0.00227727,0.00152883,0.00111739,0.000925924,0.0007679
901,5.628413,5.949316999999995,0.7041,0.106327,0.00914128,0.00379567,0.00254961,0.00186349,0.00154418,0.00128064
902,5.615491,5.956057000000005,0.7041,0.148339,0.0123408,0.00512371,0.00344167,0.00251549,0.00208446,0.00172872
903,5.571341,7.109250000000002,0.7006,0.0998789,0.0258327,0.0193749,0.0138915,0.00942568,0.00705435,0.00506785
904,5.560499,7.124118,0.7006,0.0905704,0.00787005,0.00323263,0.00216957,0.00158555,0.00131385,0.00108962
905,5.317089,5.6636450000000025,0.7038,0.0945115,0.00812612,0.00337161,0.00226467,0.00165522,0.0013716,0.00113751
906,5.313348,5.647605,0.7038,0.0937723,0.00763361,0.00316923,0.00212881,0.00155594,0.00128933,0.00106928
908,5.393781000000001,6.1983329999999945,0.7032,0.168408,0.00804471,0.0033119,0.00222462,0.00162596,0.00134735,0.0011174
909,5.377006,6.186537999999997,0.7032,0.0895047,0.0073292,0.00304066,0.00204245,0.00149282,0.00123702,0.0010259
910,5.37018,6.194745999999997,0.7032,0.10554,0.00897981,0.00372808,0.0025042,0.00183031,0.00151668,0.00125784
911,6.242846,6.873977000000005,0.7023,0.16237,0.0149732,0.00577824,0.0038399,0.0028004,0.00231971,0.00192359
912,6.201913,6.864234000000005,0.7023,0.107338,0.00930265,0.00381692,0.00256235,0.00187269,0.00155179,0.00128695
913,6.187307,6.871818999999997,0.7023,0.0846636,0.00670458,0.0027156,0.00182237,0.00133181,0.00110359,0.000915244
916,5.43039,6.876606999999998,0.7023,0.330171,0.0281058,0.0116693,0.00783842,0.00572905,0.00474738,0.00393716
920,5.340004,6.013742999999999,0.7032,0.0995528,0.0071043,0.0027716,0.00185761,0.00135738,0.00112477,0.0009328
921,5.680211,6.135100000000001,0.7035,0.0543185,0.0046784,0.00193987,0.00130293,0.000952288,0.000789113,0.000654438
922,5.676077,6.133795999999998,0.7035,0.233572,0.0193221,0.00802113,0.00538791,0.00393799,0.00326321,0.00270629
923,5.383221,5.821694000000001,0.7015,0.172558,0.0439296,0.0178234,0.00861261,0.00457312,0.00320342,0.0023435
924,6.19247,6.812144000000001,0.7038,0.103257,0.00876359,0.00359709,0.00241469,0.00176472,0.00146232,0.00121275
925,5.383949,6.100622999999998,0.7015,0.06973,0.00562878,0.00232586,0.00156223,0.00114182,0.000946172,0.000784692
926,5.36855,6.104135000000004,0.7015,0.110969,0.00978973,0.0039049,0.00261109,0.00190673,0.00157978,0.0013101
927,5.371535,6.121115999999999,0.7015,0.0625896,0.0052985,0.00219378,0.00147349,0.00107696,0.00089242,0.000740114
928,5.367374,6.117832999999995,0.7015,0.0912264,0.00782501,0.00324926,0.00218257,0.00159523,0.00132189,0.00109629
929,5.375229,6.125526999999998,0.7015,0.58762,0.0504966,0.0209411,0.014066,0.0102807,0.00851911,0.00706519
932,6.230123,6.755673000000002,0.7049,0.11774,0.0103506,0.0042001,0.00281054,0.00205231,0.00170035,0.00141006
933,6.221692,6.756893000000004,0.7049,0.0781297,0.00673202,0.00279088,0.00187456,0.00137009,0.00113533,0.000941566
934,6.424182000000001,5.785938999999995,0.7067,0.0507674,0.00445032,0.00182196,0.00121931,0.000890263,0.000737558,0.000611631
935,6.423473,5.786394,0.7067,1.38817,0.112031,0.0457109,0.0306812,0.0224224,0.0185801,0.0154091
940,6.278759000000001,6.636891999999995,0.707,0.0966525,0.00783151,0.00324855,0.00218209,0.00159488,0.0013216,0.00109604
941,6.275181,6.6366609999999975,0.707,0.0557351,0.00455233,0.00188821,0.00126834,0.000927021,0.000768176,0.000637075
942,6.293425,6.649537999999999,0.707,0.254937,0.0212285,0.0088146,0.00592089,0.00432754,0.00358602,0.00297401
948,5.540685,5.846013000000004,0.7108,0.0825778,0.0151298,0.012741,0.0101278,0.00750395,0.0059185,0.00446903
949,5.540978,5.846573999999995,0.7108,0.119441,0.0101748,0.00422352,0.002837,0.00207354,0.00171824,0.001425
957,5.011354,6.754541000000004,0.7096,0.0565399,0.00486484,0.00202006,0.0013569,0.000991749,0.000821814,0.000681558
958,7.17327,5.736397000000002,0.7143,0.0255786,0.0675189,0.0864679,0.0745193,0.0571429,0.0454166,0.0341358
959,7.180218999999999,5.7365100000000036,0.7143,0.140975,0.0112552,0.0046689,0.00313617,0.0022922,0.00189944,0.00157527
960,7.183279,5.732338999999999,0.7143,0.0528643,0.0045396,0.00187963,0.00126226,0.000922532,0.00076445,0.000633982
961,7.174444,5.734489000000002,0.7143,0.0507314,0.00439145,0.00181289,0.00121716,0.000889559,0.000737128,0.000611324
962,7.182124,5.734811000000003,0.7143,0.0882132,0.00747555,0.00310217,0.00208377,0.00152302,0.00126205,0.00104666
963,6.349788,6.410836999999997,0.7128,0.122431,0.0101827,0.00422752,0.00283968,0.00207551,0.00171987,0.00142635
964,4.820517,5.972007999999999,0.7131,0.0921512,0.00841034,0.00366212,0.00244998,0.00175812,0.00143499,0.00117126
972,6.425462,6.333537000000004,0.7152,0.0919667,0.00880334,0.00338094,0.00221499,0.00160697,0.00132951,0.00110192
974,7.134647,6.830408000000006,0.7164,0.103702,0.00892033,0.0037029,0.00248728,0.00181794,0.00150644,0.00124934
975,6.757366,5.286861999999998,0.7187,0.050976,0.00432121,0.00179433,0.00120527,0.000880927,0.000729981,0.000605398
976,6.763394,5.324335000000004,0.7187,0.1356,0.0117556,0.00484073,0.00324992,0.00237521,0.00196821,0.0016323
977,6.762001,5.312295000000004,0.7187,0.232847,0.0201882,0.00826083,0.00554672,0.00405396,0.00335931,0.00278599
978,6.770079,5.307540999999997,0.7187,0.479104,0.040933,0.016996,0.0114165,0.00834423,0.00691445,0.00573439
979,6.775262,5.281596999999994,0.7187,0.190485,0.0161709,0.00671415,0.00450999,0.00329632,0.0027315,0.00226533
980,5.273907,7.085608999999995,0.7164,0.208375,0.0178531,0.00741191,0.00497868,0.00363889,0.00301537,0.00250075
985,7.032196,6.720342999999997,0.7149,0.0829848,0.00703189,0.00291988,0.00196132,0.00143352,0.00118789,0.000985154
986,7.03387,6.718262,0.7149,0.186208,0.0168562,0.00675766,0.0044813,0.00326018,0.00269826,0.00223648
987,7.133037000000001,6.666090000000002,0.7155,0.104189,0.00850769,0.00346374,0.00232537,0.00169951,0.0014083,0.00116795
988,7.113422000000001,6.6550099999999945,0.7155,0.0555251,0.00457025,0.00189509,0.00127295,0.000930394,0.000770972,0.000639393
995,5.778013,7.153383000000006,0.7196,0.225869,0.025702,0.0116374,0.00722754,0.00480029,0.0037563,0.00296654
1002,6.541776,5.969339999999996,0.7184,0.0716099,0.00615328,0.00255409,0.00171561,0.00125393,0.00103907,0.000861733
1003,6.548042,5.969809999999997,0.7184,0.0801584,0.00704392,0.00285983,0.00191748,0.00140114,0.00116102,0.00096287
1004,6.549781,5.970332,0.7184,16.3839,9.12541,18.9024,22.2418,22.4036,21.191,19.0821
1005,5.362805,5.039246,0.7229,0.0621065,0.00580684,0.00224014,0.00148553,0.00108296,0.000897031,0.000743846
1006,5.362541,5.039247000000004,0.7229,0.105432,0.00902685,0.00374734,0.00251714,0.00183976,0.00152452,0.00126433
1007,5.346674,5.036957999999999,0.7229,0.305577,0.0261464,0.010793,0.00724912,0.0052983,0.00439044,0.00364114
1008,5.730107,5.2180230000000005,0.7223,0.135891,0.0159021,0.00592313,0.00356142,0.0024534,0.0019934,0.00163563
1009,5.735495000000001,5.2171569999999985,0.7223,0.23587,0.0308795,0.0096188,0.00576806,0.00406115,0.00333686,0.00275779
1010,5.15788,4.849427999999993,0.7196,0.0712718,0.00602975,0.00250264,0.00168106,0.00122868,0.00101814,0.000844381
1011,5.159787000000001,4.859351999999998,0.7196,0.258353,0.0226201,0.00919085,0.00615757,0.00449821,0.00372713,0.00309094
1012,6.372546,5.3123200000000015,0.7208,0.0990495,0.00891781,0.00351132,0.00234986,0.00171674,0.00142252,0.00117973
1021,5.5582,5.042668999999998,0.7246,0.0750188,0.00728042,0.00327792,0.00216384,0.00151884,0.00122121,0.000982857
1023,5.715842000000001,5.290628000000004,0.724,0.0565773,0.00503921,0.00206887,0.00137384,0.000997485,0.0008245,0.000682727
1024,5.726905,5.278096000000006,0.724,0.12808,0.0113852,0.00458349,0.00305619,0.00222853,0.00184561,0.00153022
1025,5.734762,5.286564000000003,0.724,0.111581,0.00956543,0.00397193,0.002668,0.00195003,0.00161589,0.00134011
1029,5.89126,4.869875000000004,0.7252,0.0642418,0.0100518,0.00260032,0.00151137,0.00106323,0.000874843,0.000723747
1030,5.876117,4.881541000000001,0.7252,0.673817,0.0704861,0.0249077,0.0159944,0.0115325,0.00952734,0.00789135
1031,4.989490000000001,6.409648999999995,0.7249,2.50508,0.214725,0.0889439,0.059744,0.0436664,0.0361842,0.0300088
1033,4.838265,6.386518999999998,0.7258,0.0526742,0.00447011,0.00185225,0.00124416,0.000909351,0.000753534,0.000624932
1034,4.844564,6.392039999999997,0.7258,0.0699228,0.0157368,0.0221058,0.0226277,0.0203354,0.017894,0.0149452
1035,4.8451070000000005,6.392968999999994,0.7258,0.0801391,0.00814923,0.00307735,0.00196577,0.00140596,0.00115761,0.000956907
1036,4.848676,6.3907190000000025,0.7258,0.408222,0.0350449,0.0144979,0.00973677,0.00711639,0.00589699,0.00489057
1037,5.657689,6.778708999999995,0.7264,0.096824,0.00830094,0.00344687,0.00231531,0.00169224,0.00140228,0.00116296
1038,5.678467,5.1446429999999985,0.7238,0.0647208,0.00555512,0.00230468,0.00154808,0.00113148,0.0009376,0.000777584
1048,5.998527000000001,5.2123919999999995,0.7297,0.117292,0.00921526,0.0038222,0.00256742,0.00187651,0.00155497,0.00128959
1050,5.498889,4.913247000000002,0.73,0.0605312,0.00510903,0.0021131,0.0014193,0.00103735,0.0008596,0.000712895
1051,5.494732,4.900159000000006,0.73,0.0878272,0.00905561,0.0031671,0.00206575,0.00150074,0.00124239,0.00103004
1052,5.505354,4.911169999999995,0.73,0.0787601,0.00610404,0.0025336,0.00170185,0.00124387,0.00103074,0.000854825
1053,5.501258,4.9119450000000064,0.73,0.0789269,0.00674131,0.0027982,0.00187959,0.00137378,0.00113838,0.0009441
1054,5.496639,4.924970999999998,0.73,0.162195,0.0287975,0.028934,0.0259926,0.0213712,0.0179453,0.0143875
1055,5.493214,4.919129999999995,0.73,0.124179,0.0106971,0.00443889,0.00298164,0.00217926,0.00180584,0.00149765
1060,6.277176,5.815984000000005,0.7306,0.063058,0.00684885,0.00249326,0.00156084,0.00110584,0.00090777,0.000749176
1061,6.291985,5.693607999999994,0.7324,0.398567,0.0414425,0.0167522,0.010486,0.00729748,0.00592557,0.00485004
1062,6.319794,5.6672249999999975,0.7324,0.0895807,0.00948749,0.00352702,0.00222137,0.00157443,0.00129168,0.00106534
1063,7.19996,6.302194000000001,0.7327,0.240259,0.021564,0.00870291,0.00578623,0.00421568,0.00349087,0.00289428
1066,7.132741,4.808440999999999,0.736,0.110722,0.00949073,0.00393811,0.00264524,0.00193339,0.0016021,0.00132868
1067,7.133707,4.819166000000003,0.736,0.867143,0.071774,0.0297936,0.0200128,0.0146272,0.0121208,0.0100522
1070,6.088934000000001,6.582630999999994,0.7342,0.240656,0.0300883,0.012191,0.00733027,0.00485467,0.00382022,0.00304064
1071,6.09235,6.581848000000003,0.7342,0.0778595,0.00672261,0.00277588,0.00186439,0.00136266,0.00112917,0.000936461
1072,6.095609,6.576138999999998,0.7342,0.054981,0.00463503,0.00192363,0.00129213,0.000944407,0.000782584,0.000649023
1075,7.060578,5.021749000000001,0.7357,0.0753743,0.00669409,0.00273437,0.00181947,0.00132411,0.00109573,0.000908062
1076,6.420696,5.530867999999996,0.7327,0.109517,0.0117338,0.00540117,0.00342528,0.00230729,0.00181594,0.00143921
1077,6.41236,5.536353999999997,0.7327,0.331809,0.0522797,0.0205696,0.0115817,0.00722022,0.00550087,0.00426797
1078,6.829708,4.996225999999995,0.7333,0.41932,0.046823,0.0184569,0.0112176,0.00769563,0.0062264,0.00509074
1079,6.841296,4.9942319999999985,0.7333,0.126511,0.0103423,0.00429397,0.00288432,0.00210813,0.0017469,0.00144877
1081,5.532566,6.839118999999997,0.7345,0.0568069,0.00487936,0.00202611,0.00136097,0.000994724,0.000824279,0.000683602
1082,6.19813,6.702113,0.7357,0.0527958,0.00596416,0.00204148,0.00127791,0.000912302,0.000751792,0.000622009
1083,6.198591,6.704488000000001,0.7357,0.157662,0.0135323,0.00561595,0.00377225,0.00275711,0.00228468,0.00189476
1084,6.197142,6.708140000000001,0.7357,0.128529,0.0157247,0.00527538,0.0031897,0.00223153,0.00182635,0.00150544
1094,6.634984,5.489164999999995,0.7384,0.0524656,0.00451703,0.0018733,0.0012583,0.000919683,0.000762096,0.000632032
1095,6.638032,5.4915819999999975,0.7384,0.125252,0.012632,0.00608633,0.00411859,0.00290024,0.00231428,0.00183574
1096,6.635315,5.4985230000000005,0.7384,0.132731,0.0113679,0.00472033,0.00317071,0.00231745,0.00192036,0.00159262
1099,6.49318,5.000830999999998,0.7372,0.0860121,0.0075225,0.00306159,0.00205415,0.00150118,0.00124394,0.00103164
1100,6.485254,5.004411999999998,0.7372,0.0557006,0.00480508,0.00198879,0.00133577,0.000976299,0.00080901,0.00067094
1101,6.477434,5.006879999999998,0.7372,0.105768,0.00900646,0.0037331,0.00250755,0.00183275,0.00151871,0.00125952
1102,5.76024,7.053461000000002,0.7421,0.0687999,0.00594739,0.00245072,0.00164589,0.00120296,0.00099683,0.000826705
1103,5.75986,7.052548999999996,0.7421,0.0802569,0.00688884,0.00286054,0.00192147,0.00140439,0.00116375,0.000965134
1104,6.55938,5.547154999999996,0.7433,0.0506841,0.0044248,0.0017993,0.0012077,0.000882646,0.000731402,0.000606576
1110,5.739609,6.454661000000001,0.743,0.183433,0.0156594,0.00649965,0.0043659,0.00319101,0.00264423,0.00219295
1111,5.742658,6.459839000000005,0.743,0.0838237,0.00728704,0.00300591,0.00201467,0.0014715,0.00121917,0.00101104
1112,5.733943,6.451855,0.743,0.0657058,0.00571831,0.00235845,0.00157986,0.00115357,0.000955663,0.000792471
1113,5.612408,6.288674000000002,0.7424,0.167977,0.0164195,0.00628162,0.004058,0.0029084,0.0023931,0.00197608
1114,5.62857,6.287864000000005,0.7424,0.0790642,0.00680822,0.00281913,0.00189354,0.00138397,0.00114683,0.000951104
1115,6.515293000000001,5.533194999999999,0.7482,0.0611402,0.00505671,0.00209962,0.00141035,0.00103081,0.000854183,0.000708403
1116,6.115218,5.834141999999997,0.7503,0.0568632,0.00487853,0.00202501,0.00136022,0.000994175,0.000823824,0.000683225
1117,7.082518,5.632184000000003,0.7479,0.295187,0.025214,0.0104698,0.00703272,0.00514017,0.0042594,0.00353247
1118,7.094857000000001,5.632409000000003,0.7479,0.0853413,0.00730707,0.00302408,0.00203094,0.00148436,0.00123001,0.00102009
1119,7.100299,5.633689,0.7479,0.121411,0.0104494,0.0043369,0.00291315,0.0021292,0.00176436,0.00146325
1120,7.143267000000001,5.643845000000005,0.7472,0.110363,0.00938189,0.00387108,0.00259986,0.0019002,0.0015746,0.00130587
1121,7.153559,5.646821999999996,0.7472,0.051763,0.00895996,0.00268994,0.00142384,0.000920482,0.000733267,0.000595623
1122,7.156542,5.646402000000002,0.7472,0.422887,0.036676,0.0147005,0.00984224,0.00718936,0.00595691,0.00494011
1123,6.79474,5.8839909999999955,0.7472,0.0691552,0.00595261,0.00246961,0.00165886,0.00121245,0.0010047,0.000833229
1124,6.788423,5.884052999999999,0.7472,0.0732779,0.00627483,0.00253842,0.00170172,0.00124336,0.00103026,0.000854417
1125,6.790153,5.8983880000000015,0.7472,0.101491,0.00753255,0.00309936,0.00208164,0.00152144,0.00126075,0.00104558
1126,6.790357,5.882842999999998,0.7472,0.0655675,0.00530308,0.00220177,0.00147896,0.00108096,0.00089574,0.000742867
1127,6.790007,5.888025000000005,0.7472,0.0878961,0.00756208,0.0031377,0.00210761,0.00154044,0.00127648,0.00105863
1128,5.975823,6.776064999999998,0.7506,0.40914,0.0363202,0.0149545,0.00994178,0.00721855,0.00596546,0.00493846
1129,6.97988,5.458871999999997,0.7543,0.0810822,0.00670396,0.00276644,0.00185789,0.00135789,0.00112521,0.000933174
1130,5.694011,6.574505,0.754,0.0698868,0.00599876,0.00249067,0.00167302,0.0012228,0.00101327,0.00084034
1131,5.70367,6.575599,0.754,0.0910019,0.00806567,0.0033165,0.00220639,0.00160336,0.00132562,0.00109778
1132,5.7173750000000005,6.506522000000003,0.7546,0.147547,0.018856,0.00709186,0.00415307,0.00276979,0.00221108,0.00179027
1140,6.679919,5.200814999999999,0.7602,0.0940661,0.00810473,0.00335606,0.00225419,0.00164756,0.00136526,0.00113225
1141,6.68159,5.2045620000000055,0.7602,0.259198,0.0223158,0.00923011,0.00619964,0.00453126,0.00375483,0.00311401
1142,6.373126,5.566349000000001,0.7611,0.0567751,0.00473589,0.00196089,0.00131709,0.000962644,0.000797695,0.000661556
1143,6.370893,5.5652289999999995,0.7611,0.194081,0.0167078,0.00693733,0.0046599,0.00340589,0.00282229,0.00234062
1144,6.681181,5.136327999999995,0.7611,0.115443,0.00924044,0.0038352,0.00257616,0.0018829,0.00156026,0.00129398
1145,6.674406,5.1313989999999965,0.7611,0.0509389,0.00424489,0.00176262,0.00118397,0.00086536,0.000717081,0.000594699
1146,6.692924,5.145942999999999,0.7611,0.0898371,0.00994849,0.00330771,0.00212691,0.00154046,0.00127468,0.00105667
1147,6.185066,5.965835999999996,0.7614,0.0924625,0.00767902,0.00318667,0.00214053,0.0015645,0.00129642,0.00107517
1148,6.189962,5.958670999999998,0.7614,0.0995701,0.00840082,0.00348003,0.00233748,0.00170844,0.0014157,0.00117409
1151,6.136044,5.924020999999997,0.7633,0.0585863,0.00506347,0.00209614,0.00140729,0.00102847,0.000852227,0.000706777
1152,6.109158,5.9123249999999965,0.7633,0.10928,0.00934944,0.00387445,0.00260242,0.00190209,0.00157616,0.00130717
1153,6.120792,5.919142000000005,0.7633,0.0864954,0.0072896,0.00302585,0.00203251,0.00148555,0.001231,0.00102091
1154,6.377213000000001,5.632512000000003,0.7605,0.161894,0.0138825,0.00575945,0.00386867,0.00282759,0.00234308,0.0019432
1155,6.372093,5.617904000000001,0.7605,0.0687666,0.0213581,0.022312,0.0183073,0.0135451,0.0105453,0.00777783
1156,6.378264000000001,5.629372999999995,0.7605,0.450704,0.038519,0.015972,0.0107286,0.00784145,0.00649782,0.00538886
1157,6.285717,5.752444999999997,0.7614,0.158211,0.0160521,0.00696088,0.0044975,0.00313013,0.00251511,0.00202829
1158,6.30259,5.7510530000000015,0.7614,0.142524,0.0137224,0.00511014,0.00338605,0.00246941,0.0020457,0.00169644
1159,6.300626,5.750150999999998,0.7614,3.87347,0.33444,0.138195,0.0927855,0.067811,0.056191,0.0466009
1160,7.105201000000001,5.417075000000005,0.7617,0.111525,0.0321475,0.00669872,0.00293437,0.00176458,0.00138655,0.00112262
1161,7.098827000000001,5.424710999999996,0.7617,0.13613,0.0114823,0.00476793,0.00320269,0.00234082,0.00193972,0.00160868
1162,7.097684000000001,5.424041000000005,0.7617,0.0573867,0.00493496,0.0020492,0.00137648,0.00100606,0.000833673,0.000691393
1163,6.736877,5.738392000000002,0.7614,0.213706,0.017729,0.00721414,0.00484269,0.00353927,0.0029328,0.00243227
1164,6.737924,5.737714000000006,0.7614,0.0682052,0.00732897,0.00376412,0.00253989,0.00174881,0.00136788,0.00106147
1165,6.729307,5.747375000000001,0.7614,0.0768496,0.00467611,0.00193973,0.00130294,0.000952312,0.000789134,0.000654456
1166,6.731388,5.723698999999995,0.7614,0.115992,0.0161846,0.00680169,0.00405514,0.00261524,0.00201128,0.00156142
1177,7.174232,5.152994000000004,0.7689,0.414023,0.0353751,0.0146734,0.00985621,0.00720384,0.00596946,0.00495068
1178,7.182884,5.142791999999995,0.7689,0.0557296,0.00480398,0.00199252,0.00133828,0.000978128,0.000810525,0.000672196
1179,6.961828,7.0700359999999955,0.7661,0.0886225,0.00683362,0.00279824,0.00187918,0.00137346,0.00113811,0.000943876
1180,6.965218,7.068614999999999,0.7661,0.241403,0.0248521,0.0101065,0.00638594,0.00445434,0.00361277,0.00295067
1181,5.499315,6.890875000000003,0.7686,0.35512,0.0320279,0.0126811,0.00844668,0.00616083,0.00510311,0.00423152
1182,5.498769,6.892497000000005,0.7686,0.0819379,0.00684893,0.00284366,0.00191013,0.0013961,0.00115688,0.00095944
1189,6.723402,6.974927000000003,0.7723,0.0662392,0.0164894,0.00893093,0.00502169,0.00279765,0.00190265,0.00129243
1190,6.722265,6.976733999999998,0.7723,0.083452,0.00718495,0.00298084,0.00200219,0.00146338,0.00121263,0.00100568
1191,5.397638,7.1637729999999955,0.7714,0.204197,0.0175112,0.00726723,0.00488149,0.00356785,0.0029565,0.00245193
1192,5.40571,7.171151999999999,0.7714,0.158832,0.0127692,0.00528132,0.00354749,0.00259284,0.00214856,0.00178187
1193,7.122777,4.997461999999997,0.7717,0.0856226,0.00720802,0.00299272,0.00201025,0.00146928,0.00121752,0.00100973
1197,7.142583,6.111928000000004,0.7774,0.0707306,0.00616101,0.0024972,0.00167344,0.00122258,0.00101302,0.000840117
1198,7.142389,6.110442999999997,0.7774,0.0720948,0.0156269,0.015034,0.0119335,0.00853624,0.00649439,0.00468021
1199,7.134145,6.118214,0.7774,0.239536,0.0205127,0.00850385,0.00571206,0.0041749,0.00345953,0.00286911
1200,7.007875,6.119341999999994,0.7764,0.05679,0.00486042,0.00201817,0.00135563,0.000990823,0.000821046,0.000680922
1202,5.63927,5.444980000000002,0.7837,0.442702,0.038002,0.0157458,0.0105766,0.00773034,0.00640575,0.0053125
1203,5.576713,5.551263999999996,0.7812,0.0703423,0.00601673,0.00249772,0.00167775,0.00122625,0.00101614,0.000842716
1205,5.890348,5.391682999999996,0.7837,0.0511285,0.00438431,0.00181679,0.00122032,0.00089192,0.00073909,0.000612953
1206,5.525194000000001,5.815476999999998,0.7859,0.794944,0.068396,0.0284005,0.0190771,0.0139433,0.0115541,0.00958222
1207,5.522539,5.817300999999996,0.7859,0.150711,0.0128324,0.00532686,0.00357812,0.00261523,0.00216711,0.00179726
1208,5.530245,5.810362000000001,0.7859,0.0614358,0.00524178,0.00217586,0.00146155,0.00106824,0.000885198,0.000734125
1209,5.523294,5.8177850000000015,0.7859,0.0580838,0.00493635,0.00204694,0.00137493,0.00100493,0.000832733,0.000690614
1210,5.523574,5.8169300000000055,0.7859,0.121478,0.0117115,0.00448853,0.00292694,0.00211614,0.00174849,0.0014481
1214,5.733466,6.017698000000001,0.7847,0.0552959,0.00476681,0.001965,0.00131961,0.000964474,0.000799211,0.000662813
1215,5.717349,6.019803999999995,0.7847,7.97593,0.685986,0.282272,0.189488,0.138482,0.114752,0.0951674
1216,5.012283,5.126015999999996,0.7911,0.0509128,0.00440949,0.00182202,0.0012225,0.000893235,0.000740128,0.000613796
1217,5.036574,5.232502,0.7914,0.0786721,0.00895318,0.00344608,0.00208686,0.00143399,0.00116195,0.000951173
1221,6.938452,6.048037999999996,0.7927,0.119972,0.00913894,0.00379316,0.00254792,0.00186226,0.00154316,0.0012798
1223,5.476199,6.016586999999998,0.7907,0.126515,0.0107855,0.00444046,0.00298155,0.00217909,0.00180569,0.00149752
1225,5.223526,4.942235999999998,0.7994,0.100195,0.00840893,0.00348842,0.00234321,0.00171264,0.00141918,0.00117697
1226,5.220817,4.945343000000006,0.7994,0.0560733,0.00472719,0.00195606,0.00131388,0.000960307,0.000795759,0.00065995
1227,6.934933,6.163084000000005,0.7956,0.145198,0.0123831,0.00513085,0.00344637,0.00251893,0.00208731,0.00173108
1228,7.192841,6.406740999999998,0.7975,0.0617949,0.00485945,0.00201765,0.00135528,0.000990569,0.000820836,0.000680747
1229,7.17863,6.412294999999999,0.7975,0.0571804,0.00623039,0.00204206,0.00131354,0.000950634,0.000786363,0.000651757
1230,7.190970000000001,6.420542000000001,0.7975,0.0526373,0.00475814,0.00186869,0.00124843,0.000911711,0.00075541,0.00062647
1231,7.179582,6.412191999999999,0.7975,0.116987,0.010039,0.00413457,0.00277492,0.00202779,0.00168027,0.00139348
1232,7.155262,6.405445,0.7975,27.4275,2.32069,0.963345,0.647092,0.472955,0.391915,0.325028
1233,5.312380000000001,5.119139000000005,0.7962,0.0556031,0.00478711,0.00198745,0.00133499,0.000975738,0.000808546,0.000670555
1234,5.308923,5.114799999999998,0.7962,0.0641794,0.00551478,0.00226055,0.00151696,0.00110855,0.000918581,0.000761804
1235,5.310844,5.115879000000002,0.7962,0.0506452,0.00428798,0.00177917,0.00119509,0.000873484,0.000723813,0.000600283
1236,6.956983,6.212171999999996,0.7975,0.155616,0.0118427,0.00489441,0.0032875,0.0024028,0.00199108,0.00165127
1237,6.96445,6.210189000000005,0.7975,0.0577368,0.00500484,0.00206857,0.00138736,0.00101349,0.000839724,0.000696373
1238,6.954078,6.197866999999997,0.7975,0.0747209,0.0107351,0.00438471,0.00254205,0.00161757,0.00124346,0.000970452
1239,5.298006,4.865312000000002,0.7985,0.325955,0.0288616,0.0106202,0.00705432,0.00514589,0.00426288,0.00353502
1240,5.303857,4.85785,0.7985,0.187361,0.0274563,0.0419714,0.0535429,0.0601855,0.0616421,0.060607
1241,6.996431,5.9958840000000055,0.8046,0.120681,0.0103626,0.00430244,0.00289001,0.00211229,0.00175035,0.00145162
1242,5.581173,6.787663999999998,0.8046,0.206153,0.0180007,0.00729595,0.00489745,0.00357935,0.00296603,0.00245983
1243,5.574273,6.783944999999999,0.8046,0.0886197,0.00888364,0.00345731,0.00220766,0.00157115,0.00128998,0.00106415
1244,6.212722000000001,4.972885000000004,0.8037,0.0587172,0.00502903,0.00208827,0.00140272,0.00102524,0.000849565,0.000704573
1245,5.122944,4.876726999999999,0.8017,0.0698788,0.00642037,0.00247734,0.00164753,0.00120176,0.000995513,0.000825524
1246,5.134977,4.8770829999999945,0.8017,0.0837413,0.0074682,0.00297288,0.00197867,0.00144203,0.00119408,0.000989965
1247,5.635952,6.829558000000003,0.8046,0.164461,0.0142696,0.00568324,0.00379783,0.00277248,0.00229687,0.0019047
1248,5.614798,6.840912,0.8046,0.0671877,0.00607521,0.00244039,0.00161725,0.00117553,0.000972521,0.000805865
1249,5.613628,6.857084000000002,0.8046,0.0832693,0.00682459,0.00283249,0.00190262,0.00139061,0.00115233,0.000955668
1250,5.625191,6.825894999999997,0.8046,0.866247,0.0755752,0.0309969,0.0207863,0.015188,0.012585,0.0104371
1252,5.349057,4.856998999999994,0.8086,0.354104,0.0277915,0.0110732,0.00743368,0.00543306,0.0045021,0.00373374
1253,5.777277,6.376944,0.8079,0.262342,0.0319834,0.00985302,0.00601558,0.00425396,0.00349573,0.00288803
1254,5.54505,6.377903000000001,0.8089,0.182998,0.0157637,0.00653779,0.00439127,0.00320953,0.00265957,0.00220567
1258,5.754924,6.480556000000002,0.8076,0.0750873,0.00589537,0.00242433,0.00162803,0.00118988,0.000985994,0.000817718
1259,5.746358,6.4843859999999935,0.8076,0.069903,0.00613487,0.00246544,0.00164548,0.00120027,0.000994101,0.000824244
1262,6.828972,7.120982000000005,0.8089,0.0502552,0.00430028,0.00178518,0.00119913,0.000876438,0.000726261,0.000602312
1263,6.829047000000001,7.109868000000002,0.8089,0.149763,0.0122356,0.00507746,0.0034106,0.00249279,0.00206565,0.00171311
1264,6.834392000000001,7.128349,0.8089,0.0590997,0.00509303,0.0021128,0.00141916,0.00103725,0.000859517,0.000712827
1265,6.816609,7.114348999999999,0.8089,0.0775573,0.00668988,0.00276982,0.0018599,0.00135929,0.00112636,0.000934125
1266,5.617509,6.683526000000002,0.8053,0.0893153,0.0076283,0.00316682,0.0021272,0.00155476,0.00128835,0.00106847
1267,6.885104,6.155784999999998,0.8128,0.0596053,0.00489806,0.00203374,0.00136609,0.000998467,0.00082738,0.000686175
1268,6.877316,6.158589999999996,0.8128,0.130572,0.0125623,0.00484699,0.00315404,0.00227372,0.00187605,0.00155226
1269,6.376649,6.132141999999996,0.8138,0.0623961,0.00527138,0.00216217,0.00145172,0.001061,0.000879196,0.000729146
1270,6.403426,6.125246999999998,0.8138,0.0610647,0.00521797,0.00215919,0.00145022,0.00105994,0.000878322,0.000728422
1271,5.23791,6.1505990000000015,0.8125,0.058788,0.00571282,0.00226751,0.00146397,0.00104517,0.000858163,0.000707524
1272,5.225762,6.1622790000000025,0.8125,0.0790597,0.00680762,0.0028247,0.00189737,0.00138678,0.00114915,0.000953032
1273,5.223859,6.157141000000004,0.8125,0.157315,0.013361,0.00554411,0.00372405,0.00272189,0.00225549,0.00187056
1274,6.968023,7.169792999999995,0.8128,0.098723,0.00866784,0.00355654,0.00237595,0.00173252,0.00143464,0.00118935
1275,6.978041,7.166951999999996,0.8128,0.530953,0.0455033,0.0188607,0.0126685,0.00925932,0.00767274,0.00636326
1277,6.542750000000001,4.968789000000005,0.8178,0.0522445,0.00499306,0.00196936,0.00127855,0.000921141,0.00076024,0.000629277
1278,6.545563,4.959497999999996,0.8178,0.0782242,0.00683683,0.00278899,0.00187129,0.00136754,0.0011332,0.000939802
1279,6.558745,4.8344330000000015,0.8161,0.281115,0.0241456,0.0100253,0.0067341,0.00492191,0.00407855,0.00338248
1280,6.555938,4.839163000000003,0.8161,0.0951201,0.00809731,0.0033438,0.0022455,0.00164116,0.00135994,0.00112785
1281,6.561985,4.841107999999996,0.8161,0.227561,0.020149,0.0082108,0.00547615,0.00399234,0.00330611,0.00274105
1285,6.848968,5.102697000000004,0.8158,3.90675,0.353176,0.14025,0.0932984,0.0680137,0.0563292,0.0467058
1286,6.759616,5.016396000000005,0.8188,0.596861,0.0734752,0.0231544,0.0141917,0.0100655,0.00828175,0.00684737
1287,5.599786,5.722044000000004,0.8164,0.0532009,0.00457482,0.00189932,0.0012758,0.000932475,0.000772696,0.000640823
1288,5.598979,5.714778000000001,0.8164,0.115167,0.0260131,0.0217573,0.0160153,0.0108422,0.00801802,0.0056514
1289,5.600663,5.713363000000004,0.8164,0.220755,0.0186148,0.0077158,0.00518269,0.00378799,0.00313892,0.00260321
1290,5.602396,5.725928999999996,0.8164,2.18684,0.178664,0.0737524,0.0495331,0.0362029,0.0299995,0.0248796
1291,6.800312000000001,6.4484909999999935,0.8164,0.0713462,0.00751421,0.00271866,0.00171956,0.00122399,0.00100589,0.000830459
1292,6.796571,6.448812000000003,0.8164,0.0661789,0.0079332,0.002572,0.00159793,0.00114222,0.000942227,0.000780086
1293,6.327867000000001,5.754468999999998,0.8191,0.150142,0.0175872,0.00570509,0.00349602,0.00246198,0.00201798,0.00166413
1294,6.338635,5.743566999999994,0.8191,0.11555,0.00868601,0.00359507,0.00241484,0.00176499,0.00146256,0.00121295
1295,6.326788,5.755475999999997,0.8191,0.066708,0.00485339,0.0019326,0.00129582,0.000946874,0.000784603,0.000650691
1297,7.132554,6.632795000000003,0.8151,0.0721317,0.00620123,0.00257459,0.00172939,0.001264,0.00104741,0.000868654
1298,7.136916,6.626096999999994,0.8151,0.0716717,0.00618727,0.00252646,0.00169505,0.00123868,0.0010264,0.000851226
1299,7.130601,6.632161000000003,0.8151,3.45717,0.297703,0.123583,0.0830119,0.0606728,0.0502765,0.041696
1300,7.1565460000000005,6.364464999999995,0.8148,8.72379,0.743932,0.308858,0.207464,0.151634,0.125652,0.104207
1303,5.682035,6.670224,0.8227,0.066805,0.00565709,0.00231366,0.00155308,0.00113505,0.000940548,0.000780027
1304,5.695681,5.449125999999996,0.8224,0.0658578,0.00574029,0.00235808,0.00158035,0.00115438,0.000956464,0.000793191
1305,6.845767,6.611356000000002,0.8251,0.0688199,0.00599117,0.0024476,0.00164122,0.00119917,0.000993646,0.000824051
1306,6.832454,6.594239000000003,0.8251,0.0736626,0.00631002,0.00261955,0.00175959,0.00128607,0.0010657,0.000883825
1307,5.363319,5.808181000000003,0.8207,0.421207,0.0352766,0.0146399,0.00983384,0.00718749,0.00595592,0.00493944
1311,7.093525,5.160258,0.8287,0.0660657,0.00597692,0.00234288,0.00156758,0.00114522,0.000948949,0.000786988
1312,7.082694000000001,5.152916000000001,0.8287,0.0987197,0.00861521,0.00352372,0.00236227,0.00172588,0.00143006,0.00118597
1313,7.079626,5.148708999999995,0.8287,0.172236,0.0147332,0.00611774,0.00410938,0.00300352,0.00248887,0.0020641
1314,7.02437,6.4356680000000015,0.8271,0.253638,0.0224545,0.00916346,0.00610663,0.00444732,0.00368098,0.00305077
1315,7.01437,6.441225000000003,0.8271,0.0993792,0.00856044,0.00355143,0.00238544,0.0017435,0.00144475,0.00119818
1316,7.017308,6.433737,0.8271,0.0612849,0.00565639,0.00220207,0.00146042,0.0010641,0.000881246,0.000730691
1317,7.022873,6.437912999999998,0.8271,0.206725,0.017669,0.00733683,0.00492825,0.00360203,0.00298482,0.00247541
1320,6.00707,5.292430000000005,0.8297,0.126034,0.0113167,0.00455443,0.00302315,0.002198,0.00181823,0.00150642
1321,6.008888,5.2966069999999945,0.8297,0.0840137,0.00724637,0.00297227,0.00199467,0.00145768,0.00120788,0.00100173
1322,6.007704,5.291899999999996,0.8297,0.212427,0.0181388,0.00752783,0.00505652,0.00369578,0.00306251,0.00253984
1325,5.869506,5.0156230000000015,0.8284,0.0838124,0.00656723,0.0026867,0.00180439,0.00131881,0.00109283,0.000906322
1326,5.874784,5.013368999999995,0.8284,0.0584557,0.00498894,0.00205993,0.00138346,0.00101115,0.000837885,0.000694887
1327,5.868584,5.021247,0.8284,0.243181,0.0199238,0.00827166,0.00555619,0.00406098,0.00336514,0.00279082
1328,5.868394,5.019429,0.8284,0.133933,0.0129515,0.0054316,0.00352903,0.00249539,0.00203003,0.00165778
1336,6.930853,5.060795000000004,0.8355,0.200378,0.0172374,0.00715755,0.00480783,0.00351401,0.00291189,0.00241493
1337,6.925333,5.070686999999997,0.8355,0.0629858,0.00539563,0.00224023,0.0015048,0.00109985,0.000911388,0.000755845
1338,6.699562,4.806327,0.8324,0.0521424,0.00540793,0.00258154,0.00169645,0.00116473,0.000919124,0.000725121
1339,6.701689,4.811588,0.8324,0.0630551,0.00518964,0.00214808,0.00144285,0.00105457,0.000873869,0.000724729
1340,6.04829,4.953438000000004,0.8307,0.137784,0.0120312,0.00489691,0.00328376,0.00239946,0.00198825,0.00164891
1341,6.04805,4.972428000000004,0.8307,0.0650037,0.00531755,0.00220313,0.00147987,0.00108162,0.000896289,0.000743322
1342,6.288969,4.923702999999998,0.8321,0.063217,0.00477465,0.00198231,0.00133154,0.000973217,0.000806457,0.000668822
1343,5.166538,6.574442999999997,0.8365,0.0654484,0.00542023,0.00224566,0.00150843,0.0011025,0.000913586,0.000757668
1344,5.165971,6.574040999999998,0.8365,0.0681646,0.00584519,0.00242711,0.00163032,0.00119159,0.000987414,0.000818896
1349,6.875714,5.584765999999999,0.8392,0.0790032,0.00485911,0.00191173,0.00128329,0.000937918,0.000777205,0.000644562
1350,5.254431,6.112008000000003,0.8392,0.0867309,0.00847407,0.00330901,0.0021353,0.00152843,0.00125722,0.0010381
1357,7.097106,6.158892999999998,0.8426,0.0690686,0.00566589,0.0023195,0.00155795,0.00113869,0.000943577,0.00078254
1358,7.098984000000001,6.182524000000003,0.8426,0.132285,0.0113155,0.00469714,0.00315513,0.00230606,0.00191092,0.00158479
1359,7.013902,6.100660999999995,0.8456,0.0630085,0.00548793,0.00225334,0.00151138,0.00110436,0.000915096,0.000758911
1366,6.982783,5.690717,0.8446,0.136234,0.0116194,0.00482082,0.00323819,0.00236677,0.00196122,0.00162651
1367,6.981182,5.683894999999997,0.8446,0.263811,0.0224661,0.00931058,0.00625386,0.0045709,0.00378768,0.00314125
1368,6.623991,5.980475999999996,0.8419,0.279586,0.0227295,0.00942984,0.00633415,0.00462959,0.00383631,0.00318158
1369,6.623935,5.9498249999999935,0.8419,0.182354,0.0158642,0.00653086,0.00437933,0.00319956,0.00265114,0.00219862
1376,6.932879000000001,5.313463999999995,0.8483,0.0597446,0.00480701,0.00199552,0.00134042,0.000979703,0.000811831,0.000673279
1377,6.925348,5.312381,0.8483,0.0927997,0.00798212,0.00331435,0.0022263,0.00162719,0.00134837,0.00111825
1378,7.018682,6.050903000000001,0.8466,0.114362,0.00956286,0.00396898,0.00266602,0.00194857,0.00161469,0.00133911
1379,7.013067,6.050433,0.8466,0.0514124,0.00489196,0.00188245,0.0012346,0.0008953,0.00074048,0.000613589
1380,7.014993,6.053478999999996,0.8466,13.3928,1.1499,0.47713,0.320493,0.234246,0.194108,0.160981
1381,6.990484,5.728811000000006,0.849,0.0657021,0.00559787,0.00229133,0.0015371,0.00112315,0.000930655,0.000771809
1382,6.967676,5.738582000000003,0.849,0.0516194,0.00443864,0.00184002,0.00123595,0.000903344,0.000748556,0.000620803
1383,7.048446000000001,5.865881000000002,0.8477,0.11074,0.00917183,0.00380825,0.00255806,0.00186967,0.0015493,0.00128489
1384,7.076892,5.860297999999999,0.8477,0.122072,0.0104763,0.00434569,0.00291905,0.00213351,0.00176794,0.00146621
1385,7.054063,5.875772000000003,0.8477,0.0642967,0.0055257,0.00229442,0.00154119,0.00112645,0.000933431,0.000774126
1386,7.086694,5.570806999999995,0.8487,0.0866495,0.015403,0.00149497,0.000730056,0.00050329,0.000413803,0.000342431
1387,7.097881,5.569046000000004,0.8487,0.0566935,0.00482219,0.00196674,0.00131936,0.000964095,0.00079887,0.000662522
1388,5.314268,6.875972000000006,0.8507,0.0671413,0.00576872,0.0023932,0.00160751,0.00117492,0.000973597,0.000807437
1389,5.31303,6.875179,0.8507,0.0719951,0.00615467,0.00255556,0.00171661,0.00125466,0.00103967,0.000862234
1390,5.313434,6.876162999999998,0.8507,0.116247,0.00974984,0.00379946,0.00254766,0.00186182,0.00154278,0.00127948
1391,5.307979,6.871625999999997,0.8507,0.0543344,0.00467259,0.0019274,0.00129406,0.000945748,0.000783686,0.000649935
1392,5.31373,6.877815000000004,0.8507,0.217833,0.0185437,0.00760436,0.0051028,0.00372889,0.00308985,0.00256248
1394,7.049323,5.619230000000003,0.8494,0.090102,0.00774032,0.00321365,0.00215866,0.00157775,0.0013074,0.00108427
1395,7.037001,5.622149999999997,0.8494,0.0545823,0.00473765,0.00195232,0.0013102,0.00095747,0.000793392,0.000657983
1396,7.037944,5.623811,0.8494,0.119641,0.0100773,0.00417713,0.00280582,0.00205075,0.00169936,0.00140933
1400,4.820645,6.524261000000005,0.8477,0.149812,0.0129075,0.00532625,0.00357674,0.00261414,0.0021662,0.0017965
1404,6.877925,5.679907999999996,0.8531,0.105485,0.00906512,0.003764,0.00252833,0.00184794,0.0015313,0.00126996
1405,5.254431,6.402325000000004,0.8514,0.0664504,0.00536853,0.00220753,0.00148278,0.00108375,0.00089805,0.000744783
1406,5.261833,6.400008000000002,0.8514,0.515595,0.0444206,0.0183967,0.0123548,0.00902972,0.00748244,0.00620543
1407,5.680166,6.526066999999997,0.8542,0.0609958,0.00515996,0.00214243,0.0014391,0.00105183,0.0008716,0.000722847
1408,5.685938,6.525602999999994,0.8542,0.0571312,0.00492127,0.00204005,0.00137023,0.00100149,0.000829883,0.00068825
1409,7.010613000000001,5.4687299999999945,0.8514,0.0806029,0.00692717,0.00287548,0.0019315,0.00141172,0.00116982,0.000970173
1410,7.021494,5.466941999999998,0.8514,0.0724723,0.0152,0.0150223,0.0124434,0.00933059,0.00733816,0.00547868
1414,6.950269,5.154217999999997,0.8559,0.0811333,0.00675636,0.00280248,0.00188246,0.00137587,0.00114012,0.000945539
1415,6.951386,5.152203999999998,0.8559,0.0987971,0.112466,0.101043,0.0737024,0.0495045,0.0363636,0.0253073
1416,6.9552830000000005,5.145053999999996,0.8559,0.0670449,0.0057278,0.00237827,0.00159752,0.00116762,0.000967547,0.00080242
1417,6.956284,5.150629999999995,0.8559,0.230434,0.0198612,0.00823352,0.00552992,0.00404171,0.00334916,0.00277757
1423,6.024286,6.984268999999996,0.8531,0.851146,0.0757846,0.0300342,0.0201178,0.0146994,0.0121803,0.0101014
1427,6.637646000000001,4.801701000000002,0.8514,0.205402,0.0163806,0.00673769,0.00452564,0.00330776,0.00274098,0.00227318
1431,6.948061,5.061708000000001,0.8566,0.330169,0.0345134,0.0155604,0.0100564,0.00691894,0.00550199,0.00438751
1434,5.799999,5.156296999999999,0.86,0.0594951,0.00506734,0.00210409,0.00141335,0.00103301,0.000856001,0.000709911
1435,6.4874,5.518991000000005,0.8576,0.199545,0.0164713,0.00680979,0.00457403,0.00334312,0.00277028,0.00229749
1441,6.155512,4.964391000000005,0.8593,0.0659185,0.00565549,0.00234834,0.00157741,0.00115292,0.000955368,0.000792319
1442,6.154672,4.964185000000006,0.8593,0.0587155,0.00505782,0.0020983,0.00140945,0.00103015,0.000853638,0.000707951
1445,6.661376,5.2250109999999985,0.8583,0.0626978,0.0052552,0.00216474,0.00145385,0.0010626,0.000880522,0.000730247
1446,6.622172,6.747449000000002,0.8573,0.0650489,0.00606584,0.00253343,0.00165215,0.00117765,0.000964288,0.000792832
1447,6.62335,6.744055999999995,0.8573,0.0634217,0.0055378,0.00227017,0.00152071,0.00111063,0.000920169,0.000763076
1452,4.990959,4.931920999999999,0.8659,0.0818723,0.00689277,0.00285567,0.00191809,0.00140192,0.0011617,0.000963435
1453,4.96578,4.9427659999999936,0.8659,0.3288,0.0271904,0.0112758,0.00757403,0.00553581,0.00458725,0.00380436
1454,7.130064,6.658249000000003,0.867,0.0976933,0.00865319,0.00349615,0.00233911,0.00170834,0.00141545,0.00117384
1455,7.142202,6.6658980000000065,0.867,0.283271,0.0246,0.0100426,0.00673472,0.00492092,0.00407754,0.0033816
1456,7.140225,6.735223000000005,0.8632,0.0848978,0.00715562,0.00296614,0.00199238,0.00145622,0.0012067,0.00100075
1457,7.143466,6.730931000000005,0.8632,0.125274,0.0113819,0.00468471,0.00309403,0.00223242,0.00183851,0.00151765
1463,7.134395,5.600481000000001,0.8726,0.0984011,0.00809847,0.0033621,0.00225837,0.00165063,0.00136779,0.00113436
1466,7.010328,6.188598,0.8708,0.154684,0.0133204,0.00553116,0.00371536,0.00271553,0.00225023,0.00186619
1467,7.01085,6.184548000000004,0.8708,0.118579,0.0101988,0.00423475,0.00284454,0.00207906,0.00172281,0.00142879
1468,6.095226,6.002595999999993,0.8677,0.0613225,0.00532783,0.00217481,0.00145847,0.00106569,0.000883043,0.000732328
1469,6.087146,6.003563000000001,0.8677,0.384379,0.0328409,0.0135899,0.00912836,0.00667185,0.00552863,0.00458508
1470,6.095127,6.003034999999999,0.8677,0.0773484,0.00653035,0.00270866,0.00181943,0.00132981,0.00110194,0.00091388
1471,6.098818,6.004102999999998,0.8677,0.109634,0.00860549,0.00354738,0.00238274,0.00174153,0.00144312,0.00119683
1472,6.104481,6.004153000000005,0.8677,0.0934341,0.0227905,0.0341761,0.0355943,0.0322999,0.0285468,0.023922
1473,6.522313,6.509772999999996,0.8701,0.242505,0.0217602,0.00921673,0.0061465,0.00443662,0.00364438,0.0029968
1474,6.034217,4.843452999999994,0.8719,0.205168,0.0183643,0.00684739,0.00453389,0.00330262,0.00273488,0.00226753
1475,4.859345,5.747990999999994,0.8694,0.10417,0.00932501,0.00370304,0.00247626,0.00180861,0.00149857,0.00124278
1476,4.86614,5.750603999999995,0.8694,0.0748192,0.00643715,0.00261566,0.00175573,0.00128318,0.0010633,0.000881831
1477,4.864645,5.760465000000004,0.8694,0.0992102,0.00846108,0.00350771,0.00235606,0.00172202,0.00142695,0.00118342
1478,4.864287,5.747943999999999,0.8694,0.0844285,0.00726094,0.00301502,0.00202523,0.00148023,0.00122659,0.00101725
1480,6.005,4.843475000000004,0.8705,0.133439,0.0118384,0.00475252,0.0031848,0.00232711,0.00192831,0.0015992
1481,5.331675,5.3788110000000025,0.8719,0.0623393,0.00480615,0.00194742,0.00130762,0.000955713,0.000791951,0.000656792
1482,5.322751,5.363197999999996,0.8719,0.422482,0.0356404,0.0147894,0.00993419,0.00726083,0.00601669,0.00498985
1483,5.327447,6.744181999999998,0.8694,0.211697,0.0179449,0.00743225,0.00499229,0.00364883,0.00302361,0.00250758
1484,5.967922,4.814349000000002,0.8736,2.51573,0.213121,0.088489,0.0594393,0.0434438,0.0359997,0.0298558
1487,5.555118,5.711382999999999,0.8722,0.076978,0.00656677,0.00272506,0.00183044,0.00133786,0.00110862,0.000919414
1488,5.539537,5.725638999999995,0.8722,0.243684,0.0208424,0.00865457,0.0058134,0.00424898,0.00352092,0.00292002
1489,7.010019,6.200259000000003,0.8719,0.100288,0.00884924,0.00360198,0.00240819,0.00175797,0.00145639,0.00120773
1490,7.003787,6.207043999999999,0.8719,0.435523,0.0373842,0.0154726,0.0103929,0.00759611,0.00629452,0.00522026
1494,7.174522,6.583026999999995,0.8673,0.1084,0.00928902,0.00385656,0.00259051,0.00189339,0.00156896,0.00130119
1495,7.150832000000001,6.604577999999995,0.8673,0.0582238,0.00501265,0.00208144,0.00139813,0.00102188,0.000846786,0.000702268
1496,7.163437000000001,6.592180000000004,0.8673,0.0685066,0.00582528,0.00241869,0.00162467,0.00118746,0.00098399,0.000816056
1497,7.176528000000001,6.594597999999998,0.8673,3.22165,0.285692,0.107845,0.0714079,0.0519961,0.0430513,0.0356915
1498,5.12303,6.730400999999996,0.8726,3.69125,0.322459,0.132246,0.0885179,0.0646163,0.0535263,0.0443839
1500,7.073536,6.221611000000004,0.8726,0.132229,0.0105104,0.00434697,0.00291973,0.002134,0.00176834,0.00146654
1501,7.085984,6.2245070000000045,0.8726,5.82916,0.501007,0.20804,0.139743,0.102138,0.0846363,0.0701918
1503,5.983952,6.854668000000004,0.875,0.05251,0.00446466,0.0018485,0.00124163,0.000907497,0.000751998,0.000623658
1504,5.985408,6.854121999999995,0.875,1.15165,0.109419,0.0439261,0.0285618,0.0204609,0.016818,0.0138735
1507,6.582075,6.394365000000005,0.8743,0.125329,0.0105295,0.00437216,0.00293684,0.00214652,0.00177871,0.00147515
1508,6.582857,6.400488000000005,0.8743,0.0613163,0.0052758,0.00217325,0.00145846,0.00106575,0.000883092,0.000732365
1509,5.036063,5.7768320000000015,0.881,0.0792657,0.00674332,0.00279942,0.00188041,0.00137438,0.00113888,0.00094451
1510,5.045943,5.780359000000004,0.881,0.0563745,0.0048288,0.00200236,0.001345,0.000983054,0.000814609,0.000675583
1511,5.035861,5.776151999999997,0.881,0.0546868,0.00463884,0.00192571,0.00129353,0.000945432,0.000783433,0.000649727
1512,4.841808,6.760384999999995,0.8807,0.621189,0.0534936,0.0222099,0.0149187,0.010904,0.00903558,0.00749351
1513,6.455206,6.269752000000003,0.8793,0.0927455,0.00783624,0.0032529,0.00218502,0.00159701,0.00132337,0.00109751
1514,6.453015,6.2778830000000045,0.8793,0.101333,0.00854049,0.00346315,0.00232355,0.00169802,0.00140704,0.0011669
1515,6.448115,6.277410999999995,0.8793,0.0719106,0.00641565,0.00261793,0.0017392,0.00126343,0.0010445,0.000864939
1516,6.445788,6.283410000000002,0.8793,0.210025,0.0178912,0.00742643,0.00498844,0.00364602,0.00302127,0.00250564
1523,5.004905,5.462783999999995,0.8832,0.0772601,0.00674997,0.00276154,0.00185241,0.00135365,0.00112168,0.000930244
1524,4.987598,5.473993999999995,0.8832,0.0504582,0.00464634,0.00176954,0.00118245,0.000863766,0.000715724,0.000593568
1525,4.984946,5.471571999999997,0.8832,0.0739761,0.00636149,0.00264096,0.00177397,0.00129658,0.00107441,0.000891048
1526,4.987572,5.4714099999999934,0.8832,0.191204,0.0163403,0.00678476,0.00455742,0.00333099,0.00276023,0.00228915
1527,4.992067,5.476149999999995,0.8832,0.0821836,0.00707237,0.00293471,0.00197126,0.00144078,0.0011939,0.000990145
1528,4.846767,6.909881999999994,0.8825,0.0583,0.00668734,0.00335079,0.00215823,0.00143301,0.00110438,0.000851574
1529,4.835676,6.924286000000003,0.8825,0.122227,0.0104056,0.00432074,0.0029023,0.00212127,0.00175779,0.0014578
1530,4.834549,6.908475999999994,0.8825,0.0739621,0.00633827,0.00256818,0.00172209,0.00125832,0.00104267,0.00086471
1532,5.566283,5.794137999999997,0.8786,0.0652223,0.00543859,0.00225692,0.001516,0.00110804,0.000918175,0.000761473
1533,7.138077,5.662937000000002,0.8853,0.0712606,0.00557452,0.00200909,0.0013328,0.000971797,0.000804946,0.000667469
1534,7.147795,5.652264000000001,0.8853,0.0823467,0.00938121,0.00462323,0.00295028,0.00195293,0.00150739,0.0011673
1535,5.38574,6.901194999999996,0.8853,0.846499,0.0634451,0.0263437,0.0176954,0.0129335,0.0107173,0.00888825
1536,5.377254,6.901325000000001,0.8853,0.284919,0.0245772,0.00994297,0.0066763,0.00487958,0.00404346,0.00335338
1538,4.860029,5.293595999999997,0.8871,0.0534233,0.00452275,0.00187669,0.00126059,0.000921357,0.000763483,0.000633182
1539,4.865702000000001,5.271473,0.8871,0.225955,0.0196854,0.0080376,0.00539363,0.00394172,0.00326627,0.00270883
1540,5.749332,6.804803999999997,0.8846,0.0727535,0.00874201,0.00349003,0.00209849,0.0014045,0.00111651,0.000898528
1541,5.734903,6.810598999999998,0.8846,0.876206,0.0756442,0.031307,0.0210236,0.0153654,0.0127325,0.0105595
1545,7.037948,5.166990000000003,0.8885,0.0920396,0.00784375,0.00325469,0.00218621,0.00159789,0.00132409,0.00109811
1546,5.396753,6.891625000000005,0.886,0.198987,0.0170713,0.00705522,0.0047387,0.00346347,0.00287,0.00238019
1547,5.394291,6.894817000000005,0.886,0.0871413,0.00709831,0.0029471,0.00197961,0.00144688,0.00119896,0.000994337
1548,5.398299,6.888613999999994,0.886,0.265991,0.0230963,0.00946821,0.00634395,0.00463308,0.00383843,0.00318303
1549,5.398097000000001,6.889350999999995,0.886,0.0618818,0.00531408,0.00220478,0.00148098,0.00108244,0.000896962,0.000743881
1551,5.401234,6.837981000000001,0.8878,0.0544555,0.00461719,0.00191159,0.00128392,0.000938396,0.000777602,0.000644891
1552,5.389283,6.844226,0.8878,0.194434,0.0196718,0.00750987,0.00479729,0.00341685,0.00280563,0.00231418
1553,7.127972,6.404853,0.8878,0.0884303,0.00757378,0.00314322,0.00211134,0.00154317,0.00127875,0.00106051
1554,7.107834,6.410687000000002,0.8878,0.0758681,0.00809295,0.0043828,0.00305716,0.00214266,0.00168157,0.00130015
1555,6.957004,5.208443999999999,0.8903,0.668032,0.0921874,0.0289254,0.0168462,0.0116292,0.00949069,0.00781545
1556,6.820165,6.953074000000005,0.8914,0.171933,0.0139972,0.00570669,0.00383207,0.00280078,0.00232086,0.00192477
1557,5.014381,5.482735999999994,0.8928,0.135063,0.0115129,0.00477433,0.00320697,0.00234395,0.00194232,0.00161083
1558,5.260452,5.429581000000003,0.8896,0.104289,0.018278,0.00666473,0.00346176,0.00210562,0.00161944,0.00128281
1559,5.236357,5.428043000000003,0.8896,0.131952,0.0117373,0.0048327,0.00320839,0.0023285,0.00192433,0.00159327
1566,7.126011,6.594542999999996,0.9054,0.128486,0.0109285,0.00453638,0.00304715,0.00222714,0.00184552,0.00153055
1568,6.473851,6.672185999999997,0.9025,0.0711647,0.00621685,0.00255557,0.00170987,0.00124763,0.00103331,0.000856706
1572,5.500832,6.7903750000000045,0.9087,0.416539,0.0873604,0.041332,0.0229755,0.0132266,0.0093682,0.00671001
1573,5.504947,6.795591000000006,0.9087,0.0599123,0.00513087,0.00213053,0.00143111,0.00104599,0.000866757,0.000718831
1577,6.0778,6.525209,0.9167,3.12339,0.24916,0.10334,0.0694152,0.0507351,0.0420417,0.0348666
1578,6.860951,7.0102240000000045,0.9145,0.0665167,0.00560558,0.00232727,0.00156326,0.00114258,0.000946796,0.00078521
1579,6.874267000000001,7.014976000000003,0.9145,0.570799,0.0494141,0.0200394,0.0134197,0.00980109,0.00812043,0.00673412
1580,6.839006000000001,6.774764999999998,0.9223,0.0976135,0.00838793,0.00348293,0.00233953,0.00170995,0.00141695,0.00117512
1581,6.84263,6.779400000000005,0.9223,0.0761356,0.00654814,0.00271898,0.00182638,0.00133489,0.00110615,0.000917372
1586,5.682642,6.830871000000004,0.9186,0.143927,0.0123697,0.00509103,0.00341883,0.00249875,0.00207059,0.00171721
1589,6.196624,6.282275000000005,0.923,0.0696202,0.00588913,0.00240327,0.00161395,0.00117962,0.00097749,0.000810666
1590,6.199788,6.265711999999995,0.923,0.0550499,0.00461291,0.00191425,0.00128583,0.000939803,0.000778768,0.000645859
1591,5.233427000000001,5.473994999999999,0.9252,0.0656044,0.00564292,0.0023425,0.00157349,0.00115005,0.00095299,0.000790347
1592,5.224245,5.472816999999997,0.9252,0.0717985,0.00612648,0.00254332,0.00170838,0.00124865,0.00103469,0.000858105
1593,5.22508,5.473218000000005,0.9252,0.394854,0.0339978,0.0140234,0.00941786,0.00688335,0.00570388,0.00473042
1594,5.135200000000001,5.351392000000006,0.926,0.12476,0.0107617,0.00445636,0.00299313,0.00218765,0.00181279,0.00150341
1595,6.914193,6.7378599999999995,0.9234,0.15224,0.0131545,0.00540086,0.00362289,0.00264712,0.0021934,0.00181902
1597,5.062189,5.359906999999999,0.9252,0.101998,0.0083644,0.00319157,0.00213551,0.00156013,0.00129274,0.0010721
1598,5.066641,5.369381000000004,0.9252,2.68832,0.22556,0.0933504,0.0627035,0.0458296,0.0379767,0.0314954
1599,6.917303,6.203773999999996,0.9226,0.138596,0.0119478,0.00488697,0.00328092,0.00239789,0.00198701,0.00164789
1600,6.908889,6.182051000000003,0.9226,0.0890603,0.0075978,0.0031541,0.00211865,0.00154851,0.00128317,0.00106418
1601,5.188702,5.277503000000002,0.9278,0.0631381,0.00541076,0.00223987,0.00150427,0.00109943,0.000911038,0.000755554
1602,5.179465,5.276963000000004,0.9278,0.120401,0.00938116,0.00385977,0.00259253,0.00189486,0.00157017,0.0013022
1603,5.171304,5.2762420000000025,0.9278,0.0506933,0.00429642,0.00178163,0.00119674,0.000874688,0.000724811,0.00060111
1604,6.15478,6.223477000000003,0.9241,0.0903537,0.00774549,0.00321532,0.00215977,0.00157856,0.00130808,0.00108483
1605,6.14734,6.226818999999999,0.9241,1.29312,0.111209,0.0461789,0.031019,0.0226716,0.0187868,0.0155806
1610,5.818840000000001,6.273353999999997,0.9282,0.0995654,0.00394211,0.00162237,0.00108975,0.000796494,0.000660015,0.000547373
1613,5.119415,5.402647999999995,0.9252,0.0741149,0.00636702,0.00264374,0.00177584,0.00129795,0.00107555,0.000891987
1614,5.128203,5.403407000000006,0.9252,0.0503552,0.00478396,0.00200773,0.00130863,0.000928731,0.000757408,0.000620035
1615,5.113988,5.396588999999993,0.9252,0.070352,0.0060721,0.00251329,0.00168733,0.00123308,0.00102176,0.000847372
1616,5.124257,5.410479999999996,0.9252,0.0622188,0.00533181,0.00221399,0.00148717,0.00108696,0.000900711,0.00074699
1617,6.900088,7.063195000000006,0.9271,0.0690684,0.00597081,0.00247182,0.00165915,0.00121242,0.00100463,0.000833159
1621,6.46309,6.228429999999995,0.9315,0.0553246,0.00471928,0.00195855,0.00131559,0.000961553,0.000796792,0.000660806
1622,5.416107,4.804125999999998,0.9304,2.84252,0.242037,0.100472,0.0674886,0.049327,0.0408748,0.0338989
1623,6.415148,5.712053000000002,0.9304,0.247828,0.0213543,0.00886297,0.005953,0.00435095,0.00360541,0.00299008
1624,6.402152000000001,5.7190759999999985,0.9304,0.0793025,0.00643569,0.00266642,0.00179107,0.00130908,0.00108477,0.000899636
1625,6.405559,5.713018000000001,0.9304,0.0716358,0.00566763,0.00233933,0.00157133,0.00114848,0.000951687,0.000789266
1630,6.501875,7.044951999999995,0.9286,0.0852753,0.00698321,0.00289895,0.00194726,0.00142324,0.00117937,0.000978092
1631,6.805048,6.789684999999999,0.9301,0.109169,0.00918161,0.00381235,0.00256081,0.00187168,0.00155097,0.00128627
1632,6.799,6.786822000000001,0.9301,3.29792,0.283495,0.117717,0.0790719,0.0577931,0.0478903,0.0397171
1637,5.391144,4.882897999999998,0.9334,0.218256,0.0187594,0.00778963,0.00523241,0.00382433,0.00316904,0.00262819
1638,5.556876,6.770207000000003,0.9327,4.38124,0.560739,0.219612,0.128363,0.0846542,0.0670744,0.0539761
1640,6.320059,6.286936,0.9372,0.695117,0.0590505,0.0245169,0.0164683,0.0120366,0.00997412,0.00827188
1641,6.514788,5.482362000000004,0.9368,0.0557199,0.0049724,0.00197796,0.0013158,0.00095867,0.000793753,0.000658028
1642,6.482287,5.505534000000001,0.9357,0.106176,0.00904337,0.0037541,0.00252168,0.00184308,0.00152727,0.00126662
1643,6.487116000000001,5.500499000000002,0.9357,0.168963,0.0145263,0.00603186,0.00405168,0.00296135,0.00245392,0.00203512
1644,5.884404,6.011630000000003,0.9364,0.0535696,0.00474553,0.00191722,0.00127972,0.000933513,0.000773192,0.000641099
1646,6.32128,6.185243000000003,0.9383,0.086136,0.00730227,0.00303097,0.00203595,0.00148806,0.00123308,0.00102264
1649,5.356788,4.861715999999994,0.9398,0.0994591,0.00854263,0.00354615,0.00238199,0.00174098,0.00144267,0.00119645
1653,6.577197,5.338232999999996,0.9368,0.0519002,0.00432175,0.0017869,0.00120026,0.000877265,0.000726947,0.000602881
1654,6.581704,5.342637999999997,0.9368,2.33161,0.206535,0.0828543,0.05552,0.0405674,0.0336152,0.027878
1655,6.247329,6.255161999999997,0.9398,0.0936871,0.00802509,0.00330923,0.00222193,0.0016239,0.00134563,0.00111598
1656,6.244604,6.232943000000002,0.9398,38.3378,4.89795,1.72369,1.0099,0.689782,0.559626,0.45907
1657,4.928796,6.886567000000005,0.939,0.513374,0.0427652,0.0175575,0.0117897,0.00861671,0.00714022,0.00592162
1661,5.460472,5.929757999999997,0.9443,0.0763244,0.0062106,0.00257168,0.00172742,0.00126256,0.00104622,0.000867666
1663,6.346067,6.881503000000007,0.9443,0.0692948,0.00586086,0.00242765,0.00163059,0.00119178,0.000987567,0.000819022
1666,5.711972,6.766088000000001,0.9421,0.0638435,0.00552972,0.00228289,0.0015323,0.00111979,0.000927896,0.00076953
1669,6.134143000000001,6.181771999999993,0.9405,0.133205,0.011407,0.00473659,0.00318163,0.00232544,0.00192697,0.0015981
1673,4.800821,6.388618999999994,0.9451,0.0716761,0.00607832,0.00242119,0.00162463,0.00118734,0.000983887,0.00081597
1675,5.292049,6.059723999999995,0.9466,0.488092,0.0420407,0.0174331,0.0117087,0.00855765,0.00709128,0.00588103
1679,6.886226,7.050684000000001,0.9496,0.0648139,0.00551334,0.00228909,0.00153761,0.00112383,0.000931264,0.000772328
1680,5.352738,5.977401,0.9462,0.149182,0.0128965,0.00533675,0.00358201,0.00261747,0.00216886,0.00179867
1681,5.815611,6.562512999999999,0.9496,0.0557709,0.0047705,0.00197591,0.00132723,0.000970065,0.000803845,0.000666656
1682,5.807738,6.577634999999997,0.9496,0.0774656,0.00668224,0.00275944,0.00185315,0.00135443,0.00112234,0.000930798
1685,6.123574,5.199156999999994,0.9565,0.144723,0.012381,0.00514111,0.00345335,0.00252403,0.00209154,0.00173459
1686,5.573375,6.810648000000001,0.9519,0.137223,0.0133086,0.00495381,0.0032535,0.00236475,0.00195748,0.00162277
1687,5.573677,6.809007000000001,0.9519,0.106161,0.00905895,0.00375541,0.00252254,0.00184371,0.00152779,0.00126705
1688,5.57277,6.811006999999996,0.9519,0.077212,0.0204959,0.0136042,0.00895366,0.0056472,0.00405327,0.00280979
1689,5.572405,6.809548000000003,0.9519,0.0521302,0.00448316,0.00185816,0.00124811,0.000912237,0.000755926,0.000626915
1690,5.578006000000001,6.815269000000003,0.9519,0.0731944,0.00629865,0.00261505,0.00175656,0.00128386,0.00106387,0.000882303
1691,5.098285,5.803653,0.9523,0.080316,0.00709259,0.00289444,0.00193085,0.00140712,0.00116496,0.000965666
1693,6.733868,6.293475999999995,0.9561,0.132363,0.0113553,0.00470457,0.00316003,0.00230965,0.00191389,0.00158725
1696,5.052376,6.830575000000004,0.955,0.130148,0.0110679,0.00459157,0.00308419,0.00225421,0.00186796,0.00154916
1699,6.078228,6.948753000000006,0.9527,0.103578,0.00891551,0.0037017,0.00248648,0.00181735,0.00150595,0.00124894
1700,5.803098,4.995849999999997,0.963,0.328041,0.181733,0.133735,0.0884578,0.0549085,0.0385489,0.0257782
1701,5.415369,6.7189459999999945,0.9634,0.0923492,0.0079417,0.00329771,0.00221512,0.00161902,0.0013416,0.00111263
1702,5.412453,6.721898,0.9634,0.0600843,0.00516745,0.00214566,0.00144127,0.00105342,0.000872914,0.000723938
1703,5.404726,6.715300000000005,0.9634,0.057941,0.0049512,0.00205198,0.00137823,0.00100733,0.000834722,0.000692263
1704,6.824923,6.410746999999998,0.958,0.124959,0.0106678,0.00440706,0.0029602,0.00216359,0.00179286,0.00148688
1705,6.8149180000000005,6.417785000000003,0.958,0.0980681,0.00815997,0.00338376,0.0022729,0.00166125,0.00137659,0.00114166
1708,6.840357,5.0542579999999955,0.9599,0.484279,0.0411503,0.0170363,0.0114431,0.00836371,0.00693059,0.00574778
1709,5.812273,4.894416999999998,0.9634,0.0843501,0.00714985,0.00296508,0.00199168,0.00145571,0.00120627,0.0010004
1710,5.803511,4.890864999999999,0.9634,0.0502604,0.00365528,0.00151341,0.00101657,0.000743005,0.000615691,0.000510614
1711,5.805964,4.894222000000004,0.9634,0.119374,0.010084,0.00418507,0.00281117,0.00205467,0.0017026,0.00141202
1712,5.80396,4.885380000000003,0.9634,0.118586,0.0101904,0.00420606,0.00282477,0.00206458,0.00171081,0.00141883
1713,5.395685,6.750114000000005,0.9634,0.912149,0.0782942,0.0325043,0.0218336,0.015958,0.0132236,0.0109668
1715,5.882619,5.512041000000005,0.9603,0.0711249,0.00641522,0.00256464,0.00170689,0.00124447,0.00103071,0.000854642
1716,5.872652,5.511263999999999,0.9603,0.0887072,0.00757798,0.00314504,0.00211257,0.00154406,0.00127949,0.00106112
1717,5.884148,5.507397000000001,0.9603,0.0509436,0.00461458,0.00185723,0.00123,0.000894036,0.000739715,0.000613018
1718,5.878766,5.510547000000001,0.9603,0.0558961,0.00477189,0.00197981,0.00132985,0.000971982,0.000805433,0.000667973
1719,5.491645,6.573396000000004,0.9615,0.067924,0.00539376,0.00223765,0.00150306,0.00109858,0.000910336,0.000754972
1720,5.491347,6.5766949999999955,0.9615,0.128421,0.0111168,0.00458532,0.00307647,0.00224787,0.00186257,0.00154465
1721,5.09855,5.7365379999999995,0.9692,0.0769467,0.0065125,0.00270372,0.00181613,0.0013274,0.00109995,0.000912224
1722,5.101797000000001,5.734567000000005,0.9692,0.0687496,0.0058914,0.00244568,0.0016428,0.00120071,0.00099497,0.000825162
1724,5.655487,5.122276000000005,0.9642,0.0746647,0.00580318,0.00240947,0.00161847,0.00118293,0.000980238,0.000812945
1725,5.652323,5.114978000000002,0.9642,0.139449,0.0108117,0.00446136,0.00299644,0.00219006,0.00181479,0.00150507
1726,5.66523,5.114384999999998,0.9642,0.13469,0.0115934,0.00481382,0.00323351,0.00236335,0.00195839,0.00162416
1727,5.718409000000001,6.7328670000000015,0.9657,0.0541445,0.00466301,0.00193606,0.00130048,0.000950509,0.00078764,0.000653216
1730,5.718664,5.419449000000003,0.9653,0.0928519,0.00782685,0.00324846,0.00218203,0.00159483,0.00132156,0.00109601
1731,5.720228,5.429424999999997,0.9653,20.6992,1.75925,0.730208,0.490491,0.358496,0.297068,0.246369
1732,5.702634,4.988705000000001,0.9657,0.0723459,0.00605043,0.0025094,0.00168559,0.00123199,0.00102089,0.000846656
1733,5.688067,4.990845000000003,0.9657,0.0667422,0.0056684,0.00235204,0.00157989,0.00115473,0.000956871,0.000793565
1734,5.860792,5.672394000000004,0.9696,0.152329,0.013106,0.00544211,0.00365554,0.00267181,0.002214,0.00183615
1735,5.976378,6.927710000000005,0.9684,0.0752652,0.0064727,0.00268736,0.00180514,0.00131936,0.00109329,0.000906702
1736,5.980164,6.924776999999998,0.9684,0.119224,0.00961564,0.00398461,0.00267646,0.0019562,0.00162101,0.00134436
1737,5.978087,6.934814999999995,0.9684,0.0987831,0.00769767,0.00319537,0.00214637,0.00156877,0.00129996,0.0010781
1742,7.165336999999999,5.518823999999994,0.9692,5.80501,0.498074,0.206629,0.138794,0.101444,0.0840614,0.0697149
1743,5.528272,5.169935999999998,0.965,0.0533664,0.00526285,0.00184707,0.00122474,0.000893702,0.00074044,0.000614047
1744,5.532754000000001,5.162322999999997,0.965,0.0570566,0.00486414,0.00200252,0.00134476,0.000982853,0.00081444,0.000675443
1745,5.673793,5.315229000000002,0.9673,0.086679,0.0178741,0.00546947,0.00275418,0.00162631,0.0012211,0.000943731
1746,5.665569,5.319686000000005,0.9673,0.0597859,0.00407879,0.00169223,0.0011367,0.000830803,0.000688446,0.000570951
1747,5.662628,5.315336999999997,0.9673,0.648267,0.055766,0.0231473,0.0155482,0.011364,0.00941683,0.00780969
1748,5.651361,5.441899999999999,0.968,0.190759,0.0127075,0.00526545,0.00353686,0.00258507,0.00214212,0.00177653
1749,5.649092,5.4330470000000055,0.968,0.185616,0.0159378,0.00661375,0.00444252,0.00324701,0.00269064,0.00223144
1752,5.326208,6.718430000000002,0.965,0.194464,0.0738563,0.0261427,0.0123923,0.00630327,0.004168,0.00281218
1757,5.628469,5.071809999999997,0.9642,0.527585,0.0463556,0.0188679,0.0126429,0.00923676,0.0076536,0.00634729
1763,5.556968,5.282397000000002,0.9696,0.562015,0.048178,0.0199769,0.0134183,0.00980735,0.00812687,0.00673989
1766,5.432152,5.0748819999999935,0.97,0.0884653,0.00755336,0.0031308,0.00210299,0.00153706,0.00127369,0.00105631
1767,5.490952,4.942717999999995,0.9735,0.0712143,0.00612129,0.00254181,0.00170737,0.00124791,0.00103408,0.000857596
1768,4.970876,5.764483000000002,0.9727,0.186663,0.0158874,0.00645089,0.00432451,0.00315951,0.00261794,0.00217109
1769,6.253671,6.052442999999996,0.9708,0.073074,0.0262281,0.00581042,0.00233407,0.00123131,0.000904691,0.000701009
1770,6.250082,6.05098,0.9708,0.0508472,0.00438384,0.00180189,0.00120978,0.000884177,0.000732671,0.000607628
1771,6.265279,6.055862000000004,0.9708,0.0693457,0.0530573,0.0901013,0.0917377,0.0809325,0.0701788,0.0576449
1772,5.474201,6.793976000000007,0.97,0.0647951,0.00514674,0.00213681,0.00143533,0.00104907,0.000869314,0.000720952
1773,5.912662,5.502447999999999,0.9708,0.100664,0.00876603,0.00354713,0.00237471,0.00173431,0.00143691,0.00119161
1774,5.913421,5.502980999999995,0.9708,1.72416,0.148319,0.0615883,0.0413698,0.0302369,0.0250558,0.0207796
1775,5.895011,5.703475000000002,0.9711,0.0782239,0.00741797,0.00324835,0.00214582,0.00152036,0.00123236,0.00100032
1779,5.226705,5.8896530000000045,0.9715,0.0884579,0.00768598,0.00315905,0.0021206,0.00154982,0.00128425,0.00106507
1780,5.077463,5.727545,0.9719,0.0600231,0.00666335,0.00399729,0.00297828,0.00218739,0.00174998,0.0013634
1781,5.34501,4.965771999999996,0.9743,0.055541,0.00451367,0.00179843,0.00120437,0.000879792,0.000728976,0.000604546
1782,5.342699,4.946585000000005,0.9743,0.0513188,0.0045099,0.00182442,0.00122372,0.000894276,0.000741032,0.000614561
1785,6.181346,6.9325550000000025,0.9739,0.0656974,0.00547009,0.00226407,0.0015208,0.00111154,0.000921078,0.000763881
1786,6.166118,6.940693999999997,0.9739,0.106315,0.00832178,0.00338226,0.0022709,0.00165973,0.00137533,0.00114061
1787,4.970446,7.180121000000006,0.9743,0.0917246,0.00788918,0.00327571,0.00220034,0.00160821,0.00133265,0.00110521
1788,4.982508,7.177550999999997,0.9743,0.0854063,0.00737106,0.00304291,0.0020435,0.00149355,0.00123763,0.0010264
1792,5.393103,5.354500000000005,0.9735,0.0503182,0.00415636,0.00164301,0.00110094,0.00080442,0.000666559,0.000552794
1793,5.0187990000000005,5.723494,0.9727,2.10483,0.179113,0.0739486,0.0496707,0.036304,0.0300833,0.0249491
1796,5.633885,6.635520999999994,0.9813,0.066936,0.00571387,0.00237263,0.00159373,0.00116485,0.000965251,0.000800516
1797,6.86661,6.452896000000007,0.977,0.110245,0.00934194,0.0038786,0.00260531,0.00190421,0.00157792,0.00130862
1802,5.083976,7.100821000000006,0.979,11.2545,0.936113,0.388681,0.261082,0.190823,0.158126,0.131139
1803,6.91665,6.17678,0.979,0.0855274,0.00744211,0.00306449,0.00205406,0.00150035,0.00124309,0.00103088
1804,5.058862,5.058305000000006,0.9766,0.0825286,0.006955,0.00263852,0.0017526,0.00127748,0.00105798,0.000877208
1805,5.068446,5.053758000000004,0.9766,15.4269,1.31898,0.547198,0.367554,0.268642,0.222611,0.184619
1806,5.129815,4.871915000000005,0.979,0.0642674,0.00541737,0.00224633,0.00150887,0.00110282,0.000913853,0.000757889
1807,5.138983,4.871561000000004,0.979,0.164034,0.0141263,0.00586369,0.00393871,0.00287878,0.0023855,0.00197837
1808,5.149215,4.875278999999998,0.979,0.0332943,0.207739,0.273116,0.236304,0.181514,0.144369,0.108573
1809,5.143484,4.877308999999998,0.979,0.131799,0.0113448,0.00471081,0.00316432,0.00231278,0.00191649,0.00158941
1810,4.887113,5.042011000000005,0.9801,0.0759951,0.00651697,0.00270472,0.00181678,0.00132787,0.00110034,0.000912549
1811,6.592007,5.889943999999997,0.9766,0.109317,0.00939479,0.00390101,0.00262036,0.00191521,0.00158704,0.00131618
1812,6.593442,5.890009,0.9766,0.0767274,0.00657615,0.00272931,0.00183332,0.00133996,0.00111036,0.000920857
1813,6.590461,5.889314,0.9766,0.283189,0.0245996,0.00996941,0.00668071,0.0048807,0.0040441,0.00335382
1818,5.324393,6.879190999999999,0.9793,0.0917293,0.00786138,0.00326393,0.00219243,0.00160243,0.00132786,0.00110124
1819,5.300418,6.895260000000001,0.9793,0.363726,0.0316239,0.0130132,0.00872651,0.00637548,0.00528261,0.00438091
1820,4.916318,5.074093999999995,0.979,0.122635,0.0104516,0.00433036,0.0029086,0.00212587,0.0017616,0.00146095
1821,4.920763,5.072632000000003,0.979,0.0518352,0.0357354,0.0136454,0.00587989,0.00258136,0.0015269,0.000921897
1822,5.246892,7.0611199999999945,0.9782,0.0654421,0.00559313,0.00232237,0.00155997,0.00114017,0.000944803,0.000783557
1825,5.64742,6.6512730000000015,0.9801,0.0586616,0.0391241,0.0398048,0.0304402,0.0209715,0.0155487,0.0108736
1826,6.907988,6.772372000000002,0.9782,0.0703897,0.00582594,0.00241868,0.00162466,0.00118745,0.000983984,0.000816051
1827,6.907015,6.784949,0.9782,0.0582374,0.00496586,0.00205906,0.00138306,0.00101087,0.000837655,0.000694696
1828,5.770371000000001,6.807477999999999,0.9845,0.056377,0.00497763,0.00203026,0.00135463,0.000987374,0.000817512,0.000677692
1829,5.771151000000001,6.8025180000000045,0.9845,0.158457,0.0144507,0.00569151,0.00378463,0.00275946,0.00228559,0.00189521
1845,4.828521,4.977760000000006,0.9928,0.0631323,0.00518991,0.00215245,0.00144582,0.00105674,0.000875666,0.00072622
1846,4.821821,4.9658589999999965,0.9928,0.119564,0.0101783,0.00422559,0.00283838,0.00207456,0.00171908,0.00142569
1847,5.974782,7.174547000000001,0.9888,0.157242,0.0126018,0.00521312,0.00350151,0.00255922,0.0021207,0.00175877
1849,4.939469,4.907552000000002,0.9951,0.111468,0.00985198,0.00402421,0.00268432,0.00195707,0.00162071,0.00134373
1850,5.611757,6.886072000000007,0.9983,0.0640746,0.00523501,0.00216797,0.0014562,0.00106433,0.000881955,0.000731435
1851,6.873208,5.488952000000006,0.9991,0.05096,0.00378013,0.00156944,0.00105422,0.000770521,0.000638493,0.000529523
1852,6.879132,5.479946000000005,0.9991,0.126638,0.0119321,0.00453711,0.0030093,0.00219422,0.00181759,0.00150722
1857,6.419315,5.538640000000003,0.9959,0.296716,0.0261541,0.0103448,0.00691811,0.00505261,0.00418639,0.00347179
1858,6.434339,5.545887999999999,0.9959,0.118664,0.0102326,0.00424078,0.00284845,0.00208191,0.00172517,0.00143074
1859,6.711521,5.151093000000007,1.007,0.065287,0.00414211,0.00156867,0.00105035,0.000767431,0.000635909,0.000527376
1860,6.716014000000001,5.158273,1.007,0.13518,0.0122559,0.00491612,0.00325878,0.00237112,0.00196269,0.00162695
1861,4.855066,5.586885999999998,1.006,0.060575,0.00502023,0.00207347,0.00139274,0.00101795,0.000843522,0.000699561
1862,5.134305,6.5551319999999995,1.006,0.105954,0.00909013,0.00377441,0.00253533,0.00185306,0.00153554,0.00127347
1866,7.137211,5.949657000000004,1.006,0.238692,0.0205353,0.00852543,0.00572664,0.00418557,0.00346837,0.00287644
1867,7.140959,5.951501000000005,1.006,0.0716825,0.00611387,0.00252126,0.0016932,0.00123752,0.00102547,0.00085046
1868,6.938892,4.803879000000001,1.004,0.0803167,0.00729786,0.00296359,0.00195686,0.00141586,0.00116853,0.000966528
1869,6.929492,4.816673000000005,1.004,0.0564329,0.00483784,0.00200884,0.00134937,0.000986245,0.000817252,0.000677775
1870,6.531539,4.902240000000003,1.002,0.0579921,0.00508014,0.00205216,0.00137625,0.0010057,0.000833363,0.000691133
1871,6.526341,4.904025,1.002,0.622183,0.0503773,0.0208921,0.0140335,0.010257,0.00849946,0.00704889
1879,5.697835000000001,6.505088999999998,1.007,0.0712716,0.00602116,0.00249333,0.00167471,0.00122403,0.00101429,0.000841188
1880,5.697342,6.504425999999998,1.007,0.0750444,0.00633986,0.00261313,0.00175495,0.00128266,0.00106287,0.000881477
1881,5.696795,6.504424000000002,1.007,0.115928,0.0104464,0.00410655,0.0027378,0.00199791,0.00165512,0.00137252
1882,5.698638,6.499848,1.007,1.29797,0.11005,0.0453412,0.0304484,0.0222539,0.0184407,0.0152935
1890,6.739163,5.261519999999996,1.007,0.052321,0.00445411,0.00184953,0.00124236,0.000908032,0.000752441,0.000624025
1891,6.741611,5.253131999999996,1.007,0.134575,0.0114576,0.00475762,0.00319576,0.00233576,0.00193553,0.0016052
1892,6.868305,5.5735660000000005,1.007,0.0749788,0.00618295,0.00254741,0.00171068,0.00125029,0.00103605,0.000859228
1893,6.87949,5.571701999999997,1.007,0.111872,0.00796005,0.00330356,0.00221905,0.00162189,0.00134398,0.00111461
1898,5.394984,5.929444000000003,1.01,0.0597099,0.00570837,0.00215529,0.00141772,0.00103038,0.000852832,0.000706958
1899,5.394529,5.928222000000005,1.01,0.0577248,0.00495311,0.00203903,0.00136926,0.00100076,0.000829276,0.000687746
1900,5.391489,5.927246000000001,1.01,0.275749,0.0236053,0.009799,0.00658212,0.00481083,0.0039865,0.00330614
1902,6.771559,5.357776999999999,1.01,0.0972181,0.00836799,0.00346213,0.00232539,0.00169961,0.00140838,0.00116802
1903,6.769164,5.351299999999998,1.01,0.121632,0.00973324,0.0040416,0.0027148,0.00198423,0.00164423,0.00136362
1904,6.776828,5.350056000000003,1.01,0.0758143,0.00644817,0.0026625,0.00178827,0.00130703,0.00108307,0.000898227
1908,6.595139,5.710349999999998,1.013,0.293909,0.0232239,0.00964331,0.00647755,0.0047344,0.00392316,0.00325361
1916,6.607674,5.248440999999998,1.014,0.0871972,0.00758838,0.00286917,0.00190625,0.00138986,0.00115117,0.000954527
1917,6.610625,5.251590999999998,1.014,0.105804,0.00857316,0.00352807,0.00236956,0.00173188,0.00143512,0.0011902
1918,6.614352,5.263939999999998,1.014,0.0609296,0.00509238,0.00210578,0.00141437,0.00103374,0.000856612,0.000710417
1919,6.710619,4.914077000000002,1.014,0.510325,0.0438947,0.0182267,0.0122431,0.00894841,0.00741511,0.0061496
1920,6.860727,5.462422000000001,1.018,0.166421,0.0143177,0.00594412,0.00399275,0.00291827,0.00241823,0.00200552
1924,5.727664,6.1835229999999966,1.016,0.324266,0.0279009,0.0115798,0.00777828,0.00568509,0.00471096,0.00390696
1926,5.982833,6.126892000000001,1.018,0.0542434,0.00461382,0.00177497,0.00118693,0.000867002,0.00071839,0.000595773
1927,6.729823,5.462472999999998,1.025,0.767397,0.0659819,0.0273979,0.0184035,0.013451,0.0111462,0.00924392
1928,5.360533,6.353859000000004,1.023,12.8,12.4953,30.2105,37.696,39.9135,39.0039,36.3703
1930,5.841908,7.189574000000006,1.023,0.126673,0.0105527,0.00437993,0.00294205,0.00215033,0.00178187,0.00147777
1932,5.596704,6.400768000000005,1.02,0.238315,0.0199111,0.00826754,0.00555342,0.00405896,0.00336346,0.00278943
1933,6.599423,5.400611999999997,1.021,0.0524618,0.00450588,0.00186226,0.00125085,0.000914234,0.00075758,0.000628287
1934,6.595287,5.375736000000006,1.021,0.137183,0.0112761,0.00467697,0.00314158,0.00229616,0.00190272,0.00157799
1935,5.573985,6.067262000000005,1.019,0.0934388,0.00798728,0.00331289,0.00222529,0.00162645,0.00134776,0.00111774
1936,5.574852,6.069319999999999,1.019,2.62225,0.324758,0.0982207,0.0584153,0.0405088,0.0330208,0.0271401
1937,6.486617,6.062233999999996,1.024,0.283821,0.0241239,0.0100171,0.00672861,0.0049179,0.00407522,0.00337972
1940,6.974235,5.746572000000006,1.021,0.0553386,0.0047447,0.00197001,0.00132329,0.00096718,0.000801455,0.000664673
1941,6.974565,5.7484609999999945,1.021,0.0893596,0.00735026,0.00305186,0.00204998,0.00149831,0.00124158,0.00102968
1943,6.029092000000001,6.498749000000005,1.022,0.11939,0.0102902,0.00422379,0.00283618,0.00207289,0.0017177,0.00142454
1944,5.577794,6.051334000000001,1.021,0.0640199,0.00575941,0.00229225,0.00152929,0.00111611,0.000924633,0.000766764
1945,5.589724,6.058858000000006,1.021,0.0864613,0.02576,0.0143334,0.00812646,0.0045118,0.00303046,0.00200956
1948,6.972763,5.685499999999995,1.023,0.156126,0.0179439,0.0065646,0.00401935,0.00278388,0.0022594,0.00184918
1949,6.34803,6.119045000000003,1.023,0.0682956,0.00575699,0.00233891,0.00157072,0.00114802,0.000951309,0.000788953
1950,6.339882,6.116924000000001,1.023,0.0784204,0.00665668,0.00262078,0.00175829,0.00128502,0.00106483,0.000883099
1951,6.352365,6.111159000000004,1.023,0.0563631,0.00477577,0.00197355,0.00132539,0.000968691,0.000802704,0.000665709
1952,4.915972,5.6363619999999965,1.021,0.637919,0.0540092,0.0224264,0.0150641,0.0110103,0.00912368,0.00756657
1953,6.037766,6.891233999999998,1.025,0.513812,0.0439979,0.0182677,0.0122707,0.00896857,0.00743182,0.00616346
1954,5.917796,5.827104999999997,1.03,0.469982,0.04053,0.0167583,0.0112535,0.00822472,0.00681538,0.00565221
1955,5.191747,6.254855999999996,1.031,0.282714,0.541308,0.528625,0.373863,0.236391,0.164681,0.107289
1956,5.182587,6.257227999999999,1.031,0.175046,0.0135671,0.00553358,0.00371588,0.00271586,0.0022505,0.00186641
1957,6.200204,6.372184999999999,1.03,0.0556985,0.00483216,0.00199429,0.00133767,0.0009773,0.000809769,0.000671544
1958,6.200831,6.3700769999999975,1.03,0.177174,0.0163463,0.00694415,0.00455818,0.00324797,0.00265396,0.00217632
1959,6.218914,6.417273000000001,1.031,0.0682833,0.0057099,0.00236839,0.00159088,0.00116276,0.000963525,0.000799084
1960,6.220848,6.407769000000004,1.031,0.0914946,0.00783473,0.0032533,0.00218529,0.00159721,0.00132353,0.00109765
1961,5.896617,6.930619000000006,1.035,0.0749412,0.0124441,0.0104094,0.00800175,0.00564628,0.00428883,0.00310853
1962,5.900503,6.926178000000004,1.035,0.557958,0.0442835,0.0182107,0.0122304,0.00893901,0.00740731,0.00614313
1963,4.883513,6.681881,1.038,0.0528059,0.00459741,0.00186922,0.00125401,0.000916409,0.000759371,0.000629769
1964,5.85192,5.841450000000001,1.035,0.0664797,0.00568487,0.00226363,0.00151294,0.00110449,0.00091501,0.000758772
1965,5.563029,6.242142000000003,1.038,0.126073,0.0108228,0.00449408,0.00301874,0.00220638,0.00182831,0.00151628
1966,6.517637,7.0544490000000035,1.033,5.69105,0.455288,0.187403,0.125875,0.0920009,0.0762366,0.0632256
1967,5.03697,6.024581000000004,1.037,0.0513316,0.0043954,0.00182044,0.00122278,0.000893717,0.000740579,0.000614187
1968,5.029865,6.036099000000001,1.037,0.636651,0.0541624,0.0224539,0.0150825,0.0110237,0.00913481,0.00757581
1969,5.825956,6.992952000000003,1.037,0.0802944,0.0072085,0.00277233,0.00184753,0.00134838,0.00111708,0.000926364
1970,5.816973,6.995951000000004,1.037,0.0501345,0.0044158,0.00176244,0.00117744,0.000859504,0.000712056,0.000590478
1971,6.571497,5.334612000000004,1.036,0.0881076,0.00743984,0.00308287,0.00207075,0.0015135,0.00125416,0.00104012
1972,6.568904,5.328559000000001,1.036,19.1519,1.60026,0.660654,0.443718,0.324307,0.268737,0.222873
1974,5.066501,5.958028,1.039,0.0751204,0.0059289,0.00246161,0.0016535,0.00120853,0.00100145,0.000830537
1975,5.857966,6.402715999999998,1.036,0.0504011,0.00559017,0.00187559,0.00119846,0.000865326,0.000715462,0.000592895
1976,5.858269,6.4064549999999985,1.036,0.365917,0.0310257,0.0126603,0.00850223,0.00621417,0.00514937,0.00427055
1977,5.87467,6.399970999999996,1.036,0.155476,0.0133688,0.00555095,0.00372865,0.00272525,0.00225828,0.00187287
1978,6.053536,6.555169999999998,1.032,0.0712106,0.00610164,0.00253303,0.00170147,0.00124359,0.0010305,0.00085463
1979,6.046263,6.568910000000002,1.032,0.118889,0.00879353,0.00321938,0.0021433,0.00156415,0.00129583,0.00107459
1981,6.728,5.745301000000006,1.032,0.35607,0.0305649,0.0126531,0.0084989,0.00621178,0.00514739,0.00426891
1982,6.967336,5.385768000000005,1.04,0.12709,0.0099534,0.00411002,0.00276067,0.00201775,0.00167201,0.00138666
1983,6.964817,5.378515000000002,1.04,0.0876112,0.00635289,0.002636,0.00177064,0.00129415,0.0010724,0.000889374
1984,5.259401,6.796269000000002,1.041,0.0748635,0.00453595,0.00145105,0.000955587,0.00069602,0.000576436,0.000477966
1985,5.269277,6.802042999999996,1.041,0.352261,0.0301346,0.0125037,0.00839883,0.00613865,0.0050868,0.00421865
1986,5.269857,6.8046310000000005,1.041,0.0733816,0.00626316,0.00259656,0.0017441,0.00127475,0.00105632,0.000876041
1987,5.245657,6.043597000000005,1.039,0.365817,0.0339026,0.0146259,0.00968679,0.00691147,0.00563296,0.0045982
1988,6.820006,4.856323000000006,1.043,0.256881,0.0215563,0.0089434,0.0060074,0.00439077,0.00363841,0.00301746
1989,5.016697,5.930403999999995,1.04,2.68531,0.235492,0.0956279,0.0641307,0.0468632,0.0388324,0.0322048
1990,5.218963,6.648976999999994,1.04,0.0959814,0.00800248,0.00332256,0.00223181,0.00163122,0.00135171,0.00112102
1991,5.218378,6.648015999999998,1.04,0.0658501,0.00573077,0.00235611,0.00158056,0.00115495,0.00095702,0.000793682
1992,5.887156,6.2252259999999975,1.042,0.214822,0.0188536,0.00769012,0.00515175,0.00376339,0.00311828,0.00258603
1993,5.409847,6.236463000000002,1.041,0.0593402,0.00491131,0.00195735,0.00131434,0.000960633,0.000796029,0.000660174
1994,5.410696,6.236399999999995,1.041,1.85231,0.157365,0.0644833,0.043291,0.0316392,0.0262177,0.0217432
1999,5.171681,6.725757000000005,1.042,0.340129,0.0290367,0.0120121,0.0080684,0.00589713,0.00488666,0.00405267
2002,5.202352,6.693294000000001,1.041,0.195805,0.0158237,0.00656051,0.00440674,0.00322086,0.00266896,0.00221346
2003,7.106243,5.864575999999994,1.05,0.0717765,0.0049619,0.00205653,0.0013814,0.00100966,0.000836653,0.000693864
2004,7.096304,5.869669000000005,1.05,0.117054,0.0110648,0.00397832,0.00264026,0.00192637,0.00159594,0.00132349
2005,5.705197,6.4436939999999945,1.046,0.062743,0.00540093,0.00222797,0.00149619,0.00109353,0.000906155,0.000751505
2006,5.705823,6.451914000000004,1.046,0.0959581,0.00866382,0.00333536,0.00222352,0.00162301,0.00134464,0.00111509
2007,4.97735,7.113714999999998,1.047,0.0686595,0.00587957,0.00243464,0.00163508,0.00119503,0.000990257,0.000821252
2008,4.989173,7.112250000000007,1.047,0.681209,0.0585767,0.0242853,0.0163125,0.0119227,0.00987974,0.0081936
2010,5.191828,5.332971999999995,1.05,0.0652773,0.00613596,0.00247482,0.00161417,0.00115899,0.000953708,0.000787402
2013,5.314244,5.78688,1.049,0.0663494,0.00567307,0.00230211,0.00154575,0.00112975,0.000936169,0.000776396
2014,5.315132,5.80272,1.049,0.0727138,0.00607505,0.00249392,0.00167477,0.00122405,0.00101431,0.0008412
2015,5.363422,4.8432409999999955,1.05,1.57779,0.163164,0.0556768,0.0362174,0.026285,0.0217541,0.0180337
2016,5.35279,4.841576000000002,1.05,0.339287,0.0277156,0.0114687,0.00770362,0.00563053,0.00466574,0.00386946
2017,7.171439,5.855193999999996,1.051,0.80121,0.0690776,0.0282979,0.0190019,0.0138881,0.0115084,0.00954427
2018,7.009299,5.735113000000001,1.054,0.0531853,0.00457181,0.00189618,0.00127366,0.000930908,0.000771398,0.000639746
2019,7.00458,5.729473000000002,1.054,0.660977,0.0516843,0.0214428,0.0144034,0.0105274,0.00872352,0.00723471
2020,5.205306,5.324840000000003,1.056,1.02587,0.0765573,0.0316424,0.0212536,0.0155341,0.0128723,0.0106755
2021,5.220291,5.328614000000003,1.056,0.0719394,0.00622197,0.00256314,0.00172007,0.00125693,0.00104152,0.000863757
2022,5.204836,5.329957999999999,1.056,0.0786097,0.00709907,0.00284122,0.00188489,0.00137098,0.00113445,0.000940146
2024,5.160395,6.065164999999995,1.054,0.0978494,0.00838421,0.00347819,0.00233633,0.00170761,0.00141501,0.00117352
2025,5.164632,6.0704219999999935,1.054,0.514533,0.0450683,0.0174624,0.0116816,0.00853358,0.00707094,0.00586408
2026,5.307296,6.693018000000003,1.052,0.0975179,0.00838017,0.00347327,0.00233302,0.00170519,0.001413,0.00117185
2029,5.203286,6.227026999999994,1.057,0.103102,0.00821328,0.00339279,0.00227882,0.00166556,0.00138017,0.00114462
2031,5.602507,6.4982099999999985,1.062,0.515131,0.0427347,0.0177451,0.0119197,0.008712,0.0072192,0.00598713
2032,5.108901,5.1514400000000045,1.059,0.108004,0.00981827,0.00387656,0.00258532,0.00188716,0.00156352,0.00129661
2033,4.913384,5.555105000000006,1.063,0.200108,0.0171373,0.00711566,0.00477969,0.00349344,0.00289484,0.00240079
2034,4.910815,5.554818999999995,1.063,0.256973,0.017161,0.00710912,0.00477529,0.00349023,0.00289218,0.00239858
2035,4.913666,5.564712000000004,1.063,0.0582062,0.00487068,0.00201506,0.00135352,0.00098928,0.000819768,0.000679861
2036,4.916838,5.549030999999996,1.063,0.0571542,0.00436918,0.0018138,0.00121836,0.000890489,0.000737904,0.000611969
2037,5.396545,5.587599000000005,1.062,1.42756,0.121578,0.0504778,0.0339067,0.0247822,0.0205358,0.017031
2038,5.321126,6.1114979999999965,1.059,0.289107,0.0286731,0.0113584,0.00726707,0.00516306,0.00423327,0.00348816
2039,5.13052,5.568114999999999,1.06,0.0920125,0.00790705,0.00328267,0.00220501,0.00161163,0.00133548,0.00110756
2040,5.14157,5.556978999999998,1.06,0.965002,0.0827581,0.0342061,0.0229752,0.0167923,0.013915,0.0115402
2041,5.17848,5.298566999999997,1.059,0.0995026,0.00921,0.00363811,0.00239099,0.00172945,0.00142795,0.0011817
2042,5.174677,5.301594999999997,1.059,0.545744,0.0438232,0.0180666,0.0121342,0.00886875,0.00734909,0.00609485
2043,5.184732,5.301877999999997,1.059,0.221684,0.0191127,0.00789009,0.00529557,0.00386968,0.00320646,0.00265917
2044,5.185613,6.006495999999995,1.062,0.130073,0.0107346,0.00445077,0.00298962,0.00218509,0.00181068,0.00150166
2045,5.186549,6.012489000000002,1.062,0.0732384,0.00627776,0.00260628,0.00175067,0.00127955,0.0010603,0.000879346
2046,5.054577,5.512662000000005,1.062,0.0801332,0.00703819,0.00286078,0.00191681,0.00140036,0.00116034,0.000962288
2047,5.03977,5.504421000000002,1.062,1.35093,0.116054,0.0479822,0.032229,0.0235559,0.0195196,0.0161883
2048,5.87158,6.914769999999996,1.06,0.0608069,0.00375733,0.0015213,0.00102174,0.000746782,0.000618821,0.000513209
2049,5.866419,6.925122000000001,1.06,0.0579968,0.00496481,0.00204061,0.0013702,0.00100143,0.000829834,0.000688209
2050,5.866744,6.920210999999997,1.06,2.17886,0.189772,0.0780546,0.0523293,0.0382297,0.0316765,0.0262696
2051,5.177536,5.554853000000002,1.058,0.0626612,0.00537865,0.00222681,0.00149556,0.00109307,0.000905773,0.000751187
2052,5.416541,4.962818999999999,1.062,0.080851,0.00488314,0.00193534,0.00129892,0.000949315,0.000786647,0.000652392
2053,5.43261,4.954087,1.062,0.206773,0.0177151,0.00735603,0.00494115,0.00361146,0.00299264,0.00248189
2054,4.862019,5.2476020000000005,1.067,0.107922,0.00912743,0.00379007,0.00254584,0.00186074,0.0015419,0.00127875
2056,5.345804,5.5169189999999935,1.066,0.120834,0.0103321,0.00429029,0.00288185,0.00210633,0.00174541,0.00144753
2057,5.342026,5.516773000000001,1.066,0.0530231,0.00486799,0.00189235,0.00124811,0.000906014,0.000749282,0.000620758
2058,5.581945,5.112388000000003,1.069,0.0697212,0.00584104,0.0024254,0.00162917,0.00119075,0.000986718,0.000818319
2059,5.586995,5.113300999999999,1.069,0.0650557,0.00555775,0.00230738,0.0015499,0.00113281,0.000938706,0.000778501
2060,4.863274,5.566009999999996,1.065,0.09805,0.00827382,0.00343488,0.00230726,0.00168636,0.0013974,0.00115891
2061,4.871969,5.5800969999999985,1.065,0.188853,0.0162265,0.00671839,0.00451253,0.00329816,0.00273303,0.00226659
2062,4.882499,5.570436999999995,1.065,0.071029,0.00615482,0.00253827,0.00170418,0.00124551,0.00103208,0.000855941
2063,6.640195,5.245492000000003,1.068,0.0624618,0.00497053,0.00205194,0.00137819,0.00100731,0.000834705,0.000692249
2064,6.637648,5.2569490000000005,1.068,0.108945,0.00937871,0.00388988,0.00261286,0.00190972,0.00158249,0.00131241
2065,6.075579000000001,6.751680000000002,1.065,0.116512,0.00976827,0.0038938,0.00261229,0.00190911,0.00158197,0.00131198
2066,6.082009,6.7435899999999975,1.065,0.109385,0.0103899,0.00384509,0.00250994,0.00181629,0.00150098,0.00124312
2067,6.479414,5.398869000000001,1.077,0.0613442,0.00537548,0.00218761,0.00146446,0.00106945,0.000886046,0.000734778
2069,5.395624,5.091573,1.072,2.03423,0.174432,0.068322,0.0457628,0.0334369,0.0277066,0.0229778
2070,4.900564,5.083984999999996,1.073,0.0874971,0.00744378,0.00309095,0.00207623,0.00151751,0.00125748,0.00104287
2071,6.422734,5.279837999999998,1.073,0.124143,0.0977187,0.0860934,0.059183,0.0368977,0.0256233,0.0167447
2072,6.719071,5.407145999999994,1.078,21.3989,1.89136,0.75861,0.506774,0.369892,0.306426,0.254102
2073,6.694662,5.408784999999999,1.078,0.104632,0.00901061,0.00374159,0.00251328,0.00183694,0.00152218,0.0012624
2075,6.752047,5.482012000000006,1.081,0.116499,0.0100032,0.00415306,0.00278967,0.00203895,0.00168958,0.00140123
2076,6.758689,5.489817999999995,1.081,0.333733,0.0286181,0.0118783,0.00797878,0.00583164,0.00483239,0.00400766
2077,6.836155,5.544525000000004,1.082,0.101506,0.0075572,0.00310269,0.00208365,0.00152289,0.00126195,0.00104657
2080,6.529221,6.660293999999998,1.085,0.0509093,0.00442017,0.00177649,0.00118788,0.000867204,0.000718426,0.000595751
2081,6.515719,6.667906999999999,1.085,0.0630613,0.00463253,0.00189951,0.00127563,0.00093233,0.000772574,0.000640722
2084,6.233544,6.724194999999999,1.085,0.126617,0.0107677,0.00442883,0.00297303,0.00217274,0.00180041,0.00149313
2085,6.708345,6.833400000000004,1.083,0.205095,0.0360686,0.0126707,0.00683586,0.00419473,0.00319066,0.0024812
2086,6.718862,6.843184000000002,1.083,0.186252,0.0159331,0.00661586,0.00444397,0.00324807,0.00269151,0.00223216
2089,6.248241,5.391402999999996,1.09,0.0537377,0.00459231,0.00190596,0.00128026,0.000935735,0.000775397,0.000643063
2090,6.24828,5.3909670000000025,1.09,0.116785,0.0122297,0.00434886,0.00279759,0.00202001,0.00166967,0.00138337
2091,6.050975,6.648986000000004,1.092,0.0898632,0.00891449,0.0035439,0.00227041,0.00161026,0.00131802,0.00108422
2092,6.639443,6.924145999999997,1.087,0.300413,0.0256113,0.0104697,0.00702284,0.0051315,0.004252,0.00352626
2093,6.423375000000001,6.814291999999996,1.088,0.0535275,0.00371758,0.00154365,0.00103689,0.000757857,0.000627999,0.000520821
2094,5.239332,6.247123000000004,1.096,0.0650166,0.00525666,0.00216891,0.0014567,0.00106468,0.000882245,0.000731676
2095,5.239436,6.245901999999997,1.096,0.0512536,0.00427827,0.0017758,0.00119283,0.000871832,0.000722444,0.000599148
2098,6.304814,6.915352999999999,1.096,0.406267,0.0348382,0.014465,0.00971633,0.0071016,0.00588475,0.00488042
2099,6.299091,6.907793999999995,1.096,0.11128,0.0094841,0.00393787,0.00264512,0.0019333,0.00160203,0.00132862
2100,6.312189000000001,6.917598999999999,1.096,16.1166,1.32499,0.549951,0.36941,0.269999,0.223735,0.185551
2101,6.303448000000001,6.901258999999994,1.096,0.140312,0.0185066,0.00858313,0.00523817,0.0033754,0.00257792,0.00198326
2102,6.251663,6.824335,1.093,0.18198,0.0169475,0.00639107,0.00424204,0.00309347,0.0025625,0.00212493
2103,6.258263,6.812612000000007,1.093,0.132354,0.018453,0.00350254,0.00214708,0.00154861,0.00128122,0.00106212
2104,6.092959,5.343467000000006,1.096,0.969107,0.0724892,0.030087,0.0202098,0.0147712,0.0122402,0.0101512
2105,6.624703,5.579750000000001,1.096,0.428449,0.0361687,0.0149915,0.0100699,0.00736002,0.00609888,0.00505801
2106,5.622662,5.243999999999994,1.096,0.0833266,0.00714008,0.00296479,0.00199149,0.00145557,0.00120616,0.00100031
2107,5.621508,5.249591000000002,1.096,1.23806,0.106611,0.0442658,0.0297339,0.0217323,0.0180085,0.0149351
2108,6.57017,5.606363000000003,1.095,0.110429,0.00868637,0.00346668,0.00232358,0.00169774,0.00140677,0.00116667
2109,6.558094,5.598246999999997,1.095,3.0887,0.263357,0.107628,0.0722263,0.0527824,0.0437373,0.0362726
2110,5.262681,6.271766999999994,1.093,0.0520586,0.00444561,0.00176224,0.00117759,0.00085968,0.00071221,0.000590606
2111,5.261118,6.256827999999994,1.093,0.685981,0.0597174,0.0242831,0.0163028,0.0119152,0.00987353,0.00818845
2112,6.814182,7.072644000000002,1.092,0.0591864,0.00481053,0.00199728,0.0013416,0.00098057,0.00081255,0.000673875
2113,6.794319,7.057113000000003,1.092,0.076707,0.00687828,0.00279212,0.00185314,0.0013464,0.00111336,0.000922195
2114,6.808323,7.050631999999999,1.092,0.0689686,0.00472216,0.00195586,0.00131377,0.000960224,0.000795691,0.000659893
2115,6.811371,7.078448000000001,1.092,0.112208,0.00963132,0.00399592,0.00268404,0.00196174,0.0016256,0.00134816
2117,6.419296,5.830141000000004,1.098,0.13177,0.0111002,0.00459977,0.00308957,0.00225813,0.0018712,0.00155185
2118,7.131471,6.482731000000001,1.097,0.135823,0.0116095,0.00478914,0.0032166,0.00235098,0.00194814,0.00161566
2119,7.134272,6.483800000000004,1.097,3.06743,0.260389,0.103773,0.0694587,0.050733,0.0420352,0.0348598
2120,7.143515,6.475660000000006,1.097,0.121439,0.0104182,0.00429495,0.00288466,0.00210837,0.0017471,0.00144893
2121,5.407091,5.308154999999995,1.106,0.0589497,0.00504637,0.00209542,0.00140752,0.00102875,0.000852474,0.000706985
2122,5.191345,4.932138999999996,1.1,0.383212,0.0328549,0.0136423,0.00916372,0.0066977,0.00555005,0.00460285
2123,5.089765,4.9339240000000055,1.103,0.119405,0.015489,0.00560304,0.00327157,0.00219589,0.00176151,0.00143215
2124,6.547104000000001,5.427760000000004,1.1,0.0702519,0.00561338,0.00215876,0.00144653,0.00105703,0.00087589,0.000726402
2125,6.551043,5.4244529999999935,1.1,0.0506174,0.0043468,0.0018023,0.00121061,0.000884826,0.000733212,0.000608077
2126,6.549571,5.421445999999999,1.1,0.0548894,0.0048199,0.00169144,0.00112497,0.000821213,0.000680404,0.000564262
2127,5.151621,5.418414999999999,1.105,0.0672092,0.00571389,0.00237225,0.00159348,0.00116466,0.000965098,0.000800388
2128,5.155354,5.413490999999994,1.105,0.115216,0.00914967,0.00379881,0.00255172,0.00186503,0.00154546,0.0012817
2129,5.157282,5.4180170000000025,1.105,0.240884,0.0198814,0.00819564,0.00550452,0.00402319,0.00333382,0.00276485
2130,5.155651,5.420971000000003,1.105,0.180289,0.0153466,0.00637228,0.00428035,0.00312848,0.00259242,0.00214998
2131,6.881476,5.178432999999996,1.104,0.916249,0.0785864,0.0326171,0.0219093,0.0160134,0.0132695,0.0110048
2132,5.265839000000001,5.496979000000002,1.103,0.0731362,0.00622594,0.00258516,0.00173649,0.00126919,0.00105171,0.000872222
2133,5.269646000000001,6.151970000000002,1.104,0.0522811,0.00475792,0.00193333,0.00127514,0.000922604,0.000761678,0.000630257
2134,5.271466,6.149299000000001,1.104,0.0835398,0.00704921,0.00290696,0.0019519,0.00142655,0.0011821,0.000980352
2135,5.150585,6.179856,1.1,0.062478,0.00332812,0.00132949,0.000892865,0.000652586,0.000540765,0.000448475
2136,5.146888,6.192827000000005,1.1,0.285738,0.0246798,0.0102025,0.00685208,0.00500808,0.00414995,0.00344169
2139,5.237548000000001,5.9571670000000045,1.106,0.222925,0.0187824,0.0077981,0.0052381,0.00382849,0.00317248,0.00263105
2140,5.241249,5.945024000000005,1.106,1.13511,0.0964188,0.0400035,0.0268706,0.0196396,0.0162743,0.0134969
2141,5.251098000000001,5.9496770000000065,1.106,0.18892,0.0159513,0.00662021,0.00444688,0.0032502,0.00269328,0.00223363
2142,5.26257,5.945574000000004,1.106,0.380818,0.0327856,0.0136139,0.00914466,0.00668377,0.00553851,0.00459328
2143,5.382956,5.937708999999999,1.099,0.0564108,0.00536549,0.00210117,0.00137147,0.000990581,0.000818043,0.000677267
2144,5.380317,5.936958999999998,1.099,0.0953132,0.00813233,0.00337678,0.00226823,0.00165783,0.00137377,0.00113931
2145,5.391691,5.9300019999999956,1.099,0.215883,0.0180255,0.00748231,0.00502597,0.00367345,0.00304401,0.0025245
2146,5.285625,5.732370999999999,1.102,0.0654455,0.00559064,0.00232103,0.00155907,0.00113952,0.00094426,0.000783107
2147,5.280802,5.735747000000002,1.102,0.163553,0.014111,0.00584527,0.00392544,0.00286897,0.00237736,0.00197162
2148,5.736803,5.618892000000002,1.111,1.36471,0.14661,0.0542881,0.0340135,0.0240439,0.0197098,0.0162494
2150,6.888687,5.347903000000001,1.107,0.0697129,0.00597789,0.00248167,0.00166697,0.00121838,0.00100961,0.000837303
2151,5.375742,5.719699999999998,1.11,0.296587,0.0304702,0.0117722,0.00746302,0.0052778,0.00431949,0.00355482
2152,5.378407,5.720380000000001,1.11,0.0629325,0.00525487,0.00215675,0.00144852,0.0010587,0.000877296,0.000727571
2153,5.376091,5.719757999999998,1.11,0.173593,0.0149494,0.00615058,0.00412747,0.00301612,0.00249922,0.00207265
2154,5.348439,6.011054000000002,1.112,0.174959,0.0149878,0.0062233,0.00418028,0.00305534,0.00253181,0.00209971
2155,7.047188,5.299268999999999,1.108,0.242187,0.0200706,0.00832419,0.00559147,0.00408677,0.0033865,0.00280854
2156,6.744292,5.209173999999997,1.112,0.0692293,0.00594974,0.00247059,0.00165953,0.00121294,0.0010051,0.000833565
2157,6.756683,5.210357999999998,1.112,41.9665,3.5637,1.47961,0.993878,0.726419,0.601947,0.499215
2158,6.743113,5.212116000000002,1.112,0.0974367,0.00824867,0.00336664,0.00226023,0.00165191,0.00136885,0.00113523
2159,5.442804,5.564091000000004,1.112,0.0588914,0.00498142,0.00206829,0.0013893,0.00101543,0.000841439,0.000697834
2160,5.43896,5.564857000000004,1.112,0.0813187,0.00788689,0.00292695,0.00192135,0.00139601,0.00115544,0.000957808
2161,6.882996000000001,7.069816999999994,1.111,0.0937617,0.00804648,0.00332582,0.00223377,0.00163264,0.00135288,0.00112199
2162,6.879039,7.070544999999997,1.111,1.01924,0.0872724,0.0362393,0.0243424,0.0177917,0.0147431,0.012227
2163,6.899583,7.073281000000002,1.111,0.39662,0.0341547,0.0141794,0.00952447,0.00696137,0.00576855,0.00478405
2169,6.799936,5.171553000000005,1.113,0.0509519,0.00441256,0.00182249,0.00122284,0.000893492,0.000740342,0.000613973
2170,6.798445,5.1793560000000065,1.113,0.489854,0.041289,0.0171448,0.0115164,0.00841725,0.00697496,0.00578457
2171,5.507257,6.2601800000000045,1.114,0.235062,0.0201395,0.00835751,0.00561375,0.00410305,0.00339999,0.00281973
2174,5.675514,5.684788999999995,1.115,0.0756038,0.00641939,0.00266558,0.00179051,0.00130867,0.00108443,0.000899356
2175,5.188522,6.497636999999997,1.119,0.0537856,0.00469633,0.00194213,0.00129848,0.000946362,0.000783327,0.000649174
2176,5.188866,6.5006920000000035,1.119,0.641874,0.0551853,0.0228176,0.0153247,0.0112005,0.00928132,0.00769731
2177,6.581018,5.266790999999999,1.114,1.08503,0.137197,0.0495659,0.0293396,0.0198288,0.0159274,0.0129478
2178,7.090947,6.968445999999999,1.114,0.477503,0.042508,0.0136114,0.00895359,0.0065234,0.00540333,0.00448062
2179,7.098355,6.968795000000005,1.114,0.0993221,0.00898261,0.00347131,0.00231706,0.00169188,0.00140179,0.00116251
2180,7.099279,6.9683869999999954,1.114,0.0566444,0.00411857,0.00171001,0.00114864,0.000839531,0.000695678,0.000576949
2181,6.942813,6.863792,1.125,0.0766703,0.0064936,0.00269523,0.00181042,0.00132323,0.00109649,0.000909358
2184,5.440229,6.576083000000006,1.121,0.0523392,0.00465645,0.00185716,0.00124479,0.000909616,0.00075374,0.000625099
2185,5.446846,6.567473000000007,1.121,0.694018,0.0596135,0.0247501,0.016625,0.0121511,0.010069,0.00835059
2188,5.417511,6.5616699999999994,1.121,0.132558,0.0112532,0.00462992,0.00310979,0.00227292,0.00188346,0.00156202
2189,6.581848,5.409362000000003,1.132,0.0735634,0.0057119,0.00236912,0.00159137,0.00116312,0.000963821,0.00079933
2190,6.578099,5.414246000000002,1.132,4.93048,0.422486,0.174772,0.117394,0.0858025,0.0711003,0.0589659
2191,6.573722,5.418792000000001,1.132,0.158831,0.0136094,0.00564275,0.00379014,0.00277018,0.00229551,0.00190374
2192,5.485882,5.867790999999997,1.127,0.0761159,0.00645558,0.00267453,0.00179648,0.00131303,0.00108805,0.000902354
2193,5.488257,5.867780000000004,1.127,0.376397,0.0655768,0.058968,0.0494275,0.0383984,0.0311895,0.0242396
2196,7.098607,6.482011000000004,1.133,0.135225,0.0116332,0.00483058,0.00324477,0.00237158,0.00196521,0.00162982
2197,5.335822,6.369143999999998,1.133,0.122558,0.0100701,0.00386685,0.00257939,0.00188267,0.0015597,0.0012934
2198,5.331731,6.366462000000003,1.133,0.13196,0.0111586,0.00460872,0.00309529,0.0022623,0.00187465,0.00155471
2199,5.331309,6.357721999999999,1.133,0.0625052,0.00532866,0.00219317,0.00147306,0.00107665,0.000892166,0.000739903
2202,5.463211,5.7934390000000064,1.131,0.101773,0.00848161,0.00351927,0.00236394,0.00172779,0.00143173,0.00118738
2203,5.473559,5.798187000000002,1.131,0.111813,0.00954527,0.00395781,0.00265844,0.00194304,0.0016101,0.00133531
2207,7.073584,6.6957739999999975,1.136,0.0579361,0.00499211,0.00206147,0.00138449,0.0010119,0.00083851,0.000695405
2209,7.129831,5.854315999999997,1.139,0.0545652,0.00434936,0.00179775,0.00120756,0.000882595,0.000731363,0.000606544
2211,6.942159,6.239304000000002,1.138,0.0966834,0.00798421,0.0033077,0.00222177,0.00162388,0.00134563,0.00111597
2212,6.939104,6.23143,1.138,0.0533348,0.00449793,0.00186658,0.0012538,0.000916397,0.000759373,0.000629774
2213,6.933818,6.232776000000004,1.138,0.122401,0.0104438,0.00433438,0.00291146,0.00212797,0.00176334,0.0014624
2214,6.934254,6.2319209999999945,1.138,0.442625,0.0379584,0.0157589,0.0105855,0.00773687,0.00641116,0.00531699
2217,4.813302,5.167157000000001,1.143,0.238223,0.0229424,0.00840164,0.00556051,0.00405367,0.00335784,0.00278447
2218,7.092402,4.988471000000005,1.144,0.117826,0.0101333,0.00420021,0.00282128,0.00206205,0.00170872,0.0014171
2223,6.544113,6.498385999999995,1.143,0.0660896,0.00565311,0.00234741,0.00157679,0.00115247,0.000954992,0.000792007
2229,6.282686,6.6516050000000035,1.152,0.0708182,0.00562497,0.00233332,0.00156732,0.00114554,0.000949255,0.000787249
2230,6.279757,6.672159999999996,1.152,0.0869032,0.00763837,0.00308139,0.00206373,0.00150758,0.00124916,0.00103594
2235,4.801843,5.871722000000006,1.152,0.0644635,0.00559002,0.0023043,0.0015465,0.00113015,0.000936475,0.000776645
2239,4.836498,5.7359259999999965,1.152,0.13773,0.0116127,0.00482149,0.00323866,0.00236712,0.00196151,0.00162675
2240,4.823194,5.741938000000003,1.152,0.14384,0.0127362,0.00516948,0.00345014,0.00251632,0.00208404,0.00172794
2243,4.853476,6.627986999999999,1.16,0.269103,0.0219416,0.00905415,0.00608052,0.0044441,0.0036826,0.0030541
2245,5.464356,5.361295000000004,1.161,0.393211,0.0336392,0.0138428,0.00929462,0.00679305,0.00562904,0.00466835
2247,7.122667,6.9548530000000035,1.157,0.0690107,0.00589625,0.00244814,0.00164445,0.00120192,0.00099597,0.000825992
2248,7.128167,6.951713999999996,1.157,0.116256,0.0108279,0.00446811,0.00291743,0.00208758,0.00171358,0.00141177
2249,7.127517,6.9610830000000075,1.157,1.18074,0.105772,0.0422671,0.0282438,0.0206235,0.0170873,0.0141705
2253,5.546145,5.894215000000003,1.16,0.0732991,0.00548953,0.00227178,0.00152597,0.00111532,0.000924214,0.000766482
2254,5.539907,5.892369999999997,1.16,0.090692,0.00772846,0.00320715,0.00215428,0.00157455,0.00130475,0.00108208
2255,5.545084,5.893279999999995,1.16,0.0793155,0.00675713,0.00280031,0.00188087,0.0013747,0.00113914,0.00094473
2256,5.53693,5.893489999999998,1.16,0.0621048,0.00748015,0.00241069,0.00145116,0.00100808,0.000821438,0.000674754
2257,4.95925,5.995318999999998,1.166,0.0606344,0.00516571,0.0019692,0.00131612,0.000961308,0.000796525,0.000660571
2258,4.958072,5.992708000000005,1.166,0.330682,0.0283588,0.0117758,0.00790996,0.00578134,0.00479071,0.0039731
2259,5.522276,6.6947699999999974,1.164,0.937953,0.0820426,0.0332802,0.0223066,0.0162979,0.0135046,0.0111997
2260,4.943384,5.9401940000000035,1.166,0.0966237,0.00824376,0.00342317,0.00229939,0.00168061,0.00139264,0.00115496
2261,4.935098,5.952660999999999,1.166,0.085525,0.0073443,0.00304964,0.00204849,0.00149723,0.00124068,0.00102894
2262,4.946061,5.946037999999994,1.166,0.123861,0.0104166,0.00432541,0.00290544,0.00212357,0.00175969,0.00145937
2263,5.436696,6.744876000000006,1.165,0.0899909,0.00912705,0.00334175,0.00214736,0.00154268,0.00127206,0.00105232
2264,5.430887,6.739161999999995,1.165,0.0536912,0.00462003,0.00191808,0.0012884,0.000941682,0.000780326,0.00064715
2265,5.432845,6.7468670000000035,1.165,0.130253,0.0111602,0.0046161,0.00310027,0.00226593,0.00187767,0.00155721
2266,4.857281,7.1315599999999995,1.171,0.0543388,0.00455598,0.00188974,0.00126936,0.000927768,0.000768795,0.000637588
2267,4.854242,7.128663999999999,1.171,0.131836,0.0112765,0.0046824,0.00314524,0.00229883,0.00190493,0.00157982
2269,5.474531,5.037919999999999,1.163,0.384809,0.0330685,0.0137315,0.00922363,0.00674149,0.00558634,0.00463294
2273,5.554845,6.707777000000004,1.163,0.115271,0.00990388,0.00411231,0.0027623,0.00201895,0.001673,0.00138748
2274,4.978426,5.742626000000001,1.174,0.0546375,0.00468846,0.00194671,0.00130764,0.000955742,0.000791976,0.000656813
2275,4.999848,5.751703000000002,1.174,0.407424,0.0350062,0.014536,0.00976405,0.00713648,0.00591365,0.00490439
2278,4.882973,5.714103000000003,1.176,0.0631421,0.00513761,0.00213277,0.00143261,0.00104709,0.000867668,0.000719586
2279,5.023976000000001,6.684537000000005,1.177,0.0810034,0.00695651,0.00288742,0.00193952,0.00141758,0.00117468,0.000974201
2280,5.017167,6.690216999999997,1.177,1.14263,0.096545,0.0400445,0.0268981,0.0196597,0.016291,0.0135107
2281,5.398776,5.113261999999998,1.172,0.10218,0.0121134,0.00649335,0.00441188,0.00303483,0.00236132,0.00181371
2282,5.389614,5.128904999999995,1.172,0.152902,0.0130507,0.00541919,0.00364015,0.00266056,0.00220467,0.00182841
2283,5.787994,6.324035000000002,1.175,0.188024,0.0161674,0.00671244,0.00450884,0.00329548,0.0027308,0.00226475
2285,5.29134,5.265736,1.171,0.0196148,0.0820581,0.206607,0.252541,0.260157,0.248947,0.226567
2286,5.291092,5.258980000000004,1.171,0.0634858,0.00546121,0.00226623,0.00152225,0.0011126,0.000921958,0.000764611
2287,5.666891,5.4669509999999955,1.182,0.0650571,0.00554042,0.0023004,0.00154521,0.00112938,0.000935864,0.000776143
2288,5.503813,6.538119999999997,1.183,0.0664889,0.00601436,0.00237333,0.00157949,0.00115173,0.000953934,0.000790984
2289,5.311225,6.818358999999996,1.18,0.136871,0.0117565,0.00488145,0.00327894,0.00239656,0.00198591,0.00164698
2290,5.67825,5.767840000000006,1.185,0.130893,0.0122131,0.00520476,0.00342,0.00243371,0.00198464,0.0016232
2291,5.536575,6.807962000000004,1.182,0.0571389,0.00532284,0.00205783,0.00136333,0.000993212,0.000822538,0.000682015
2292,5.476811,6.823110999999994,1.185,0.0699224,0.00599842,0.0024906,0.00167297,0.00122276,0.00101324,0.000840317
2293,6.605675,5.004218999999997,1.184,0.0745384,0.00649198,0.00265997,0.00178346,0.00130301,0.00107966,0.000895379
2294,6.590148,5.005047000000002,1.184,0.208852,0.0179722,0.00745375,0.00500642,0.00365912,0.00303213,0.00251464
2295,6.600655,5.003771999999999,1.184,0.0642551,0.00587746,0.00230816,0.00153562,0.00112004,0.000927788,0.000769354
2296,5.741241,5.3373820000000025,1.184,0.115909,0.00930517,0.00384808,0.00258473,0.00188916,0.00156545,0.00129828
2297,5.344118,6.793908999999996,1.184,0.100861,0.00877872,0.00360814,0.00241966,0.00176788,0.00146486,0.00121483
2310,5.554805,5.752080000000005,1.188,0.166685,0.0140587,0.00578882,0.00388757,0.00284134,0.00235448,0.00195265
2312,5.713212,5.289118,1.187,0.105184,0.00874193,0.00362945,0.00243795,0.00178188,0.00147656,0.00122456
2313,5.276786,5.700734000000003,1.191,0.111276,0.00958385,0.00397888,0.00267265,0.00195342,0.0016187,0.00134244
2314,5.204885,5.133981000000002,1.192,0.137632,0.0112479,0.00466745,0.00313519,0.00229149,0.00189885,0.00157478
2315,5.2079580000000005,5.134814000000001,1.192,0.294104,0.0428036,0.0321664,0.0241076,0.0168989,0.0128799,0.00943464
2316,4.977397,6.1081419999999955,1.192,0.0509433,0.00421564,0.00175048,0.00117583,0.000859403,0.000712145,0.000590606
2317,4.977892,6.113203999999999,1.192,0.0522389,0.00470331,0.00190656,0.0012638,0.000918049,0.000759238,0.000628973
2318,7.10383,6.991159000000001,1.192,0.418194,0.0458369,0.0139614,0.0091133,0.0066347,0.00549537,0.00455697
2319,7.107348,6.9958139999999975,1.192,0.187019,0.0163641,0.00655079,0.00437576,0.00319353,0.00264547,0.00219368
2321,6.997183000000001,7.076643000000001,1.192,0.117398,0.0107691,0.00431172,0.00284287,0.00206083,0.00170338,0.00141076
2322,6.988674,7.0681840000000005,1.192,0.200378,0.0170857,0.00709192,0.00476374,0.00348179,0.00288518,0.00239278
2323,6.996004,7.077224999999999,1.192,0.218095,0.0187562,0.00778786,0.00523122,0.00382346,0.00316831,0.00262759
2324,6.995453,7.083207000000002,1.192,0.0250041,0.0315188,0.0753458,0.0896131,0.0895806,0.0838229,0.0743397
2325,6.989776,7.084244000000005,1.192,0.216209,0.0189522,0.00764436,0.00512886,0.00374827,0.00310598,0.00257589
2326,5.01489,4.975903999999995,1.189,0.770463,0.0653666,0.027143,0.0182324,0.0133259,0.0110425,0.00915794
2327,4.814435,6.680450000000002,1.19,0.159846,0.0271261,0.00848606,0.00451484,0.00291428,0.0023184,0.00188133
2328,5.177751,5.870676000000005,1.191,0.0672262,0.00650513,0.00237692,0.00154395,0.00111503,0.000920916,0.000762466
2329,5.178809,5.8771260000000005,1.191,2.81868,0.241003,0.0999748,0.0671542,0.0490825,0.0406723,0.0337309
2336,7.158081,4.930705,1.196,0.178485,0.0148185,0.00606986,0.00407639,0.00297937,0.00246886,0.00204751
2337,7.149829,4.928418000000002,1.196,6.09314,0.524274,0.217698,0.146231,0.106879,0.0885655,0.0734504
2338,7.151925,4.934748999999998,1.196,0.0912805,0.0081662,0.00338153,0.00224387,0.00162379,0.00133898,0.00110629
2340,6.837875,4.990510000000001,1.199,0.0735595,0.00638417,0.0025871,0.00173396,0.00126684,0.00104971,0.00087054
2341,6.829277,4.989224999999997,1.199,0.520571,0.0443645,0.0179137,0.0120149,0.00877992,0.00727532,0.00603363
2342,6.819263,4.981974000000002,1.199,0.810415,0.069484,0.0288507,0.0193794,0.0141643,0.0117373,0.0097341
2343,7.020754,5.102826000000005,1.195,0.981345,0.0776751,0.0321726,0.0216106,0.015795,0.0130885,0.0108548
2344,7.02062,5.113521999999995,1.195,0.233182,0.0198951,0.00826028,0.00554855,0.0040554,0.00336051,0.00278698
2346,6.123168,5.6862589999999935,1.195,0.312971,0.0268885,0.0111653,0.00749986,0.0054816,0.00454233,0.00376711
2347,6.115304,5.685538999999997,1.195,0.096628,0.0128524,0.00522833,0.00310354,0.0020225,0.00157485,0.00124133
2348,7.045206,6.984696999999996,1.192,0.134302,0.0115929,0.00475449,0.0031929,0.00233364,0.00193377,0.00160374
2349,7.037606,6.9757310000000015,1.192,0.101294,0.00865603,0.00359341,0.00241374,0.00176419,0.0014619,0.0012124
2350,7.042834,6.977395999999994,1.192,0.0848606,0.00725167,0.0030112,0.00202267,0.00147836,0.00122504,0.00101597
2351,7.030855,6.979632999999998,1.192,0.413474,0.0349485,0.0144644,0.00971495,0.00710052,0.00588384,0.00487967
2353,6.007884,6.433349999999996,1.193,0.0507055,0.00429724,0.00178437,0.00119859,0.000876039,0.000725931,0.000602039
2354,6.810139,4.925692,1.2,0.87202,0.0810428,0.0295737,0.0196484,0.0143369,0.0118777,0.00984993
2363,5.713551,5.566481000000001,1.2,1.23416,0.101025,0.0417733,0.0280592,0.0205083,0.0169942,0.0140939
2364,6.928327,6.774213999999994,1.208,0.306899,0.0263955,0.0109605,0.00736235,0.00538109,0.00445905,0.00369804
2365,6.916415,6.781977000000004,1.208,0.0584884,0.00501471,0.00207787,0.00139559,0.00102001,0.00084523,0.000700977
2366,6.92096,6.785269999999997,1.208,0.16703,0.0142543,0.00591727,0.00397472,0.00290509,0.00240731,0.00199646
2367,6.805954,5.406930000000005,1.207,0.062143,0.00533875,0.00221317,0.0014866,0.00108655,0.000900368,0.000746706
2376,6.89814,6.766880999999994,1.207,0.052927,0.00408002,0.00168641,0.00113275,0.000827916,0.000686053,0.000568967
2377,7.056165,7.0259469999999995,1.213,0.0886708,0.00731264,0.00302789,0.00203384,0.00148652,0.00123181,0.00102158
2378,7.058087,7.033094999999994,1.213,0.0577633,0.00465345,0.00192812,0.00129513,0.000946601,0.000784402,0.000650531
2379,6.745329,5.490061000000002,1.21,0.188396,0.015566,0.00645013,0.0043326,0.00316667,0.00262406,0.00217622
2380,6.355123,6.750333000000007,1.212,1.05537,0.0595294,0.0240341,0.01614,0.0117965,0.00977514,0.00810685
2381,6.3498220000000005,6.751839000000007,1.212,0.660096,0.0568375,0.0235922,0.0158472,0.0115826,0.00959793,0.00795989
2382,6.348232,6.752225999999998,1.212,0.0569994,0.00486774,0.0020213,0.00135773,0.000992358,0.000822318,0.000681976
2383,6.356175,6.752681999999994,1.212,1.4124,0.12016,0.0498949,0.0335151,0.024496,0.0202986,0.0168343
2384,4.847285,4.884035000000003,1.215,0.0917714,0.00790304,0.00328154,0.00220426,0.00161108,0.00133502,0.00110718
2387,6.386869,6.837782999999994,1.214,0.100836,0.00859771,0.00356821,0.00239681,0.00175181,0.00145164,0.00120389
2388,6.38564,6.839744,1.214,0.0952051,0.0210314,0.0104789,0.00563813,0.00310802,0.00214881,0.00151526
2389,5.242766,4.960450999999999,1.214,0.268733,0.0211595,0.00878623,0.00590184,0.00431362,0.00357448,0.00296444
2390,5.108207,5.041728000000005,1.21,0.0707438,0.00607935,0.00251699,0.00169063,0.00123567,0.00102394,0.000849188
2391,5.110015,5.046345999999995,1.21,0.0716451,0.00612483,0.00254205,0.00170753,0.00124802,0.00103417,0.000857674
2392,5.113012,5.042348000000001,1.21,0.056044,0.00481859,0.00200051,0.00134377,0.000982154,0.000813863,0.000674964
2393,6.750801,5.441863999999996,1.21,0.117811,0.00953555,0.00395143,0.00265419,0.00193993,0.00160752,0.00133317
2394,6.75681,5.441242000000005,1.21,22.9873,1.96267,0.814277,0.54696,0.399769,0.331269,0.274733
2398,5.096249,4.995282999999994,1.212,0.237923,0.020948,0.0084952,0.00568264,0.00414901,0.00343734,0.00285046
2399,5.086196,5.0065820000000025,1.212,0.0610511,0.00518276,0.00215169,0.00144532,0.00105637,0.000875365,0.00072597
2400,5.66298,6.452467999999993,1.223,18.8677,1.64076,0.656414,0.440485,0.321926,0.266763,0.221235
2401,5.661509,6.449201000000002,1.223,0.0559535,0.00481875,0.0020001,0.00134347,0.000981935,0.000813681,0.000674813
2411,7.024055000000001,5.1239330000000045,1.223,0.559039,0.0479269,0.0199,0.0133671,0.00976994,0.00809587,0.00671418
2412,7.026598,5.125597999999997,1.223,1.49877,0.13745,0.0541525,0.0359278,0.0261734,0.0216743,0.0179708
2413,7.028553,5.114094000000005,1.223,0.103248,0.00877534,0.00364385,0.00244763,0.00178895,0.00148242,0.00122942
2414,5.745697,5.324612000000005,1.222,0.249099,0.0241141,0.0111063,0.00732236,0.00509885,0.00407672,0.00326581
2415,5.756039,5.337569000000005,1.222,0.261464,0.0330952,0.0163966,0.0104459,0.00687937,0.00526879,0.00402924
2417,5.671622,5.415121000000002,1.218,0.155947,0.0130868,0.00543419,0.00365022,0.00266792,0.00221078,0.00183347
2418,5.673516,5.414613000000003,1.218,0.0364385,0.132612,0.213602,0.194309,0.151347,0.119903,0.0889353
2422,5.784023,5.174172000000005,1.223,0.0512641,0.00449784,0.00183804,0.0012283,0.00089587,0.00074188,0.000615045
2423,5.756966,4.940992000000002,1.23,13.2679,1.20432,0.478389,0.318053,0.231824,0.191994,0.159193
2424,5.745392,4.942640999999996,1.23,1.58732,0.150988,0.0567778,0.0377049,0.0275087,0.0227899,0.0188993
2425,7.114565,5.438147999999997,1.229,0.0613396,0.00414338,0.00166643,0.0011187,0.000817615,0.000677515,0.000561885
2426,5.00532,5.178362999999999,1.227,0.84144,0.0717109,0.0297753,0.0200005,0.0146182,0.0121134,0.0100461
2431,5.767687,5.373609999999997,1.232,0.120921,0.0112718,0.00466486,0.00305482,0.00218571,0.00179207,0.00147412
2434,6.588765000000001,5.579227000000006,1.239,0.230821,0.0193016,0.00801315,0.00538254,0.00393407,0.00325997,0.0027036
2439,5.596259,6.562346000000001,1.235,1.9585,0.167953,0.0697137,0.0468276,0.034226,0.0283614,0.0235211
2440,5.910493,4.934497999999998,1.243,0.131504,0.0108861,0.00444257,0.00298251,0.00217978,0.00180627,0.001498
2441,5.875873,5.403902000000004,1.247,0.0552547,0.00481126,0.00196823,0.00131919,0.000963684,0.000798476,0.000662177
2456,6.552827,5.703986,1.263,10.4946,0.887333,0.368442,0.247488,0.180887,0.149892,0.124311
2457,6.5344370000000005,5.712919999999995,1.263,0.124148,0.010716,0.00442118,0.0029683,0.00216934,0.00179761,0.00149081
2458,5.452657,5.064045999999997,1.257,0.0639912,0.00510672,0.00210505,0.00141377,0.0010333,0.000856242,0.000710111
2459,5.45375,5.0652770000000045,1.257,0.0720581,0.00619497,0.00257237,0.0017279,0.00126291,0.00104651,0.000867906
2460,5.440204,5.062153999999996,1.257,0.328604,0.0265934,0.0109872,0.00737928,0.00539339,0.00446923,0.00370648
2461,5.47423,5.0561149999999975,1.257,0.0870612,0.0065046,0.00268054,0.0018005,0.00131597,0.00109048,0.000904374
2462,5.474129,5.062465000000005,1.257,0.106414,0.00913338,0.00376638,0.00252811,0.00184748,0.00153087,0.00126958
2463,5.441957000000001,4.981144000000002,1.258,0.0502963,0.00431336,0.00179109,0.0012031,0.000879337,0.000728663,0.000604305
2464,5.451459,4.9901129999999965,1.258,5.7383,0.487528,0.202429,0.135974,0.0993826,0.0823535,0.0682985
2465,5.447185,4.981501000000002,1.258,0.859793,0.0739034,0.0306879,0.0206135,0.0150663,0.0124847,0.010354
2467,6.725101000000001,5.797911000000005,1.262,0.0879995,0.00745344,0.00309072,0.00207603,0.00151735,0.00125736,0.00104277
2468,5.350703,5.000784000000003,1.259,0.0861381,0.00737924,0.00298128,0.00200032,0.00146185,0.00121135,0.00100461
2469,4.919754000000001,6.7957619999999945,1.255,0.087758,0.00741322,0.00307065,0.00206258,0.00150753,0.00124921,0.00103601
2470,4.922124,6.802163,1.255,0.176778,0.0173861,0.00688109,0.00440768,0.00314374,0.0025842,0.00213381
2471,6.628704,7.150919999999999,1.262,0.226444,0.0194775,0.00806454,0.00541619,0.00395857,0.00328026,0.00272043
2472,6.634059,7.151294999999994,1.262,0.0698735,0.00591175,0.00245265,0.00164747,0.00120412,0.000997798,0.000827508
2477,6.558831,6.029185999999994,1.258,0.352478,0.0301207,0.0124991,0.00839577,0.00613641,0.00508494,0.00421712
2478,6.562131,6.013204999999997,1.258,2.90787,0.250509,0.103875,0.0697672,0.0509915,0.042254,0.0350427
2479,4.947378,6.8906370000000035,1.255,0.0612487,0.00523207,0.00212707,0.00142755,0.00104329,0.000864519,0.000716973
2481,6.981502,5.656043000000007,1.259,0.0749407,0.00658009,0.0026676,0.00178438,0.00130273,0.00107924,0.000894963
2483,4.844039,6.903105000000004,1.259,0.0514973,0.00433014,0.00179803,0.00120776,0.000882745,0.000731488,0.000606647
2484,6.682064,6.002527000000001,1.263,0.0631599,0.0054268,0.00225345,0.00151367,0.00110633,0.000916763,0.000760303
2485,4.842414,6.345690999999997,1.265,0.0629819,0.00540218,0.00224308,0.00150671,0.00110124,0.000912545,0.000756804
2486,4.850933,6.349245000000004,1.265,1.77743,0.152728,0.063329,0.0425381,0.0310908,0.0257634,0.0213665
2487,6.697617,5.532468,1.263,0.0568413,0.00482365,0.00200284,0.00134533,0.000983296,0.000814809,0.000675749
2488,6.703734,5.519001999999998,1.263,0.297752,0.0241516,0.0099812,0.00670444,0.00490023,0.00406058,0.00336757
2489,6.699098,5.521860000000001,1.263,0.0559365,0.0363866,0.0476542,0.0421453,0.03296,0.0264889,0.0201236
2490,5.682819,6.042136000000004,1.27,0.055225,0.00441254,0.00182799,0.00122787,0.000897438,0.000743662,0.000616744
2491,5.687457,6.022400999999998,1.27,0.0923984,0.00673075,0.00278762,0.00187246,0.00136856,0.00113406,0.000940516
2492,5.673299,6.054118999999995,1.27,0.131768,0.0123948,0.00475646,0.00312277,0.00226367,0.00187155,0.0015504
2493,5.674237,6.031563999999995,1.27,1.04163,0.0893457,0.0368666,0.0247605,0.0180971,0.0149962,0.0124368
2494,7.074994,5.128705999999997,1.271,0.0924447,0.00748954,0.00310989,0.00208896,0.00152681,0.00126519,0.00104926
2495,7.072491000000001,5.120719000000006,1.271,1.22978,0.157711,0.0937511,0.0657989,0.0455921,0.0352486,0.0266554
2496,6.711822,6.059397,1.271,0.077917,0.00654582,0.00271327,0.00182248,0.00133204,0.00110379,0.000915412
2498,5.812553,5.051747000000003,1.267,0.0547797,0.00469674,0.00194961,0.00130958,0.00095716,0.000793151,0.000657787
2499,5.80094,5.0602399999999985,1.267,0.0643499,0.00559772,0.00228874,0.00153572,0.00112228,0.000929964,0.000771247
2500,5.324265,5.976639000000002,1.265,0.152302,0.0131712,0.00542256,0.00364096,0.00266105,0.00220507,0.00182874
2507,5.505753,5.298334000000004,1.277,0.0816339,0.00703824,0.00291696,0.00195926,0.001432,0.00118663,0.000984113
2508,5.506165,5.296271000000002,1.277,0.281883,0.0400371,0.0195513,0.0115041,0.00708231,0.0052755,0.00398835
2510,6.22864,7.051102,1.275,0.092494,0.00805097,0.00324856,0.0021802,0.00159339,0.00132036,0.00109501
2511,5.605230000000001,5.330221999999999,1.273,0.101142,0.00887711,0.00358567,0.00240508,0.0017576,0.00145641,0.00120785
2512,5.613207000000001,5.333110999999998,1.273,0.216835,0.0185685,0.00770343,0.00517449,0.003782,0.00313396,0.0025991
2513,7.171439,7.159631000000004,1.278,0.552572,0.0464907,0.0192505,0.0129302,0.00945056,0.00783121,0.00649469
2514,7.170141,7.157082000000001,1.278,0.272639,0.0234178,0.00972397,0.00653173,0.004774,0.00395598,0.00328083
2515,6.962434,5.4460320000000015,1.275,0.480247,0.0412175,0.0171139,0.0114957,0.0084021,0.0069624,0.00577416
2516,5.144675,5.216078999999998,1.273,0.182938,0.015569,0.00646424,0.00434212,0.00317363,0.00262983,0.00218101
2517,5.472658000000001,5.958097999999996,1.282,0.0591056,0.00500104,0.00207653,0.00139483,0.00101947,0.000844788,0.000700611
2519,5.644152,6.213287999999994,1.281,0.0683091,0.00518495,0.0021319,0.00143174,0.00104643,0.000867123,0.000719134
2524,6.34529,6.318930999999998,1.285,0.0932959,0.00808863,0.00333005,0.00223458,0.00163292,0.00135307,0.00112214
2526,5.56018,6.227718000000004,1.28,0.060034,0.00526972,0.00212464,0.00141898,0.0010353,0.000857522,0.000711027
2527,5.562696,6.22865,1.28,0.0985742,0.0216297,0.0102342,0.00544294,0.00301516,0.00210554,0.00150494
2528,4.898915,5.576633999999995,1.281,0.0818242,0.00675362,0.00275308,0.00184729,0.00134994,0.0011186,0.000927683
2529,5.666372,6.206962000000005,1.282,0.0945174,0.0104011,0.00374725,0.00234013,0.00165772,0.00136107,0.0011235
2530,5.164862,4.913206000000005,1.284,0.115355,0.0119085,0.00482538,0.00303519,0.00211647,0.00171878,0.00140626
2531,5.160109,4.9084739999999965,1.284,0.0538048,0.00452355,0.00187828,0.00126167,0.000922143,0.000764135,0.000633723
2532,5.173403,4.924924000000003,1.284,0.0669352,0.00584067,0.00236797,0.00158834,0.00116071,0.000961804,0.000797653
2535,7.0447370000000005,6.544094999999997,1.293,0.191196,0.0224573,0.0110432,0.00707041,0.00469574,0.00362478,0.00280003
2537,6.404838000000001,6.401385000000002,1.29,0.742788,0.0639336,0.0265471,0.017832,0.0130333,0.0108001,0.00895686
2538,4.864044,6.378862000000002,1.294,0.169319,0.0143864,0.00597366,0.00401259,0.00293278,0.00243025,0.00201549
2539,4.858598,6.3745619999999965,1.294,0.0713149,0.00616024,0.00250027,0.00167848,0.00122674,0.00101654,0.000843048
2544,6.274532,6.119347000000001,1.292,0.0671016,0.00512978,0.00212808,0.00142946,0.00104479,0.000865762,0.000718006
2545,5.318158000000001,5.697362999999995,1.301,0.217018,0.0186695,0.00767465,0.00515408,0.00376703,0.00312155,0.00258881
2546,4.811847,6.329895999999996,1.297,0.137924,0.0118571,0.00492353,0.00330721,0.00241722,0.00200303,0.00166118
2547,4.819962000000001,6.335114000000006,1.297,3.40463,0.284469,0.118123,0.0793452,0.0579929,0.0480558,0.0398543
2548,6.867969,6.266058000000003,1.304,0.0708592,0.00603629,0.00248761,0.00167047,0.00122089,0.00101169,0.000839028
2549,6.864651,6.268456999999997,1.304,0.201353,0.0172482,0.00716182,0.0048107,0.00351611,0.00291362,0.00241637
2550,6.864147,6.2633810000000025,1.304,0.0732883,0.0062839,0.00260924,0.00175266,0.00128101,0.00106151,0.000880346
2562,6.595866,5.172007999999997,1.321,0.0572612,0.00485805,0.00201723,0.00135501,0.000990365,0.000820666,0.000680606
2563,6.597907,5.174066999999996,1.321,0.241075,0.0205783,0.00853139,0.00573055,0.00418842,0.00347073,0.0028784
2564,6.526624,5.718158999999998,1.318,0.114451,0.00973918,0.00402007,0.00270001,0.0019734,0.00163526,0.00135618
2565,6.542835,5.728357000000004,1.318,0.208979,0.0181118,0.00747224,0.005015,0.00366483,0.00303678,0.00251849
2566,5.995153000000001,5.245669999999995,1.321,0.123033,0.0105851,0.00439534,0.00295241,0.0021579,0.00178814,0.00148297
2567,6.001862,5.248469000000006,1.321,0.421198,0.0385202,0.0158427,0.0104355,0.00751648,0.00618623,0.00510479
2568,6.52672,5.440118000000001,1.318,0.114222,0.00979722,0.00406823,0.00273269,0.0019973,0.00165507,0.0013726
2569,6.528451,5.4311900000000035,1.318,0.0874116,0.00814238,0.00325532,0.00213342,0.00154049,0.00127135,0.00105195
2570,6.529489,5.440649000000001,1.318,0.0811639,0.00693663,0.00288036,0.00193478,0.00141412,0.00117181,0.000971821
2572,5.48864,7.154962000000003,1.33,0.0746592,0.00564403,0.00233626,0.00156927,0.00114697,0.000950438,0.00078823
2573,6.151391000000001,5.247107999999994,1.323,0.169444,0.014042,0.0058259,0.00391331,0.00286022,0.00237012,0.00196562
2574,6.391505,5.590877000000003,1.326,0.22016,0.0171202,0.00706885,0.00474784,0.00347015,0.00287554,0.00238478
2575,6.393221,5.592821000000005,1.326,1.16944,0.0998923,0.0414791,0.0278621,0.0203642,0.0168748,0.0139949
2576,6.579231,6.3551899999999995,1.328,0.0841942,0.00712089,0.00295228,0.00198305,0.0014494,0.00120104,0.000996066
2581,6.674809,4.988262000000006,1.337,0.130689,0.00994191,0.00412546,0.00277113,0.0020254,0.00167835,0.00139191
2582,6.673148,4.998388000000007,1.337,0.0555485,0.00475708,0.00197082,0.00132381,0.000967567,0.000801775,0.000664939
2583,6.670412,4.990375000000002,1.337,2.93525,0.237857,0.0987677,0.0663437,0.0484902,0.0401814,0.0333238
2584,6.671558000000001,4.986093999999995,1.337,0.0858959,0.00740896,0.00306564,0.00205886,0.00150478,0.00124693,0.00103412
2585,6.84567,6.914865000000003,1.331,0.0612579,0.00524486,0.00217424,0.00146043,0.00106742,0.000884519,0.000733561
2588,5.37021,7.176816000000004,1.336,0.0554906,0.00477611,0.00198323,0.00133216,0.00097367,0.000806833,0.000669134
2589,5.374947,7.178039000000005,1.336,0.092002,0.00785637,0.00326219,0.00219126,0.00160158,0.00132715,0.00110065
2590,5.366721,7.180610999999997,1.336,0.0793443,0.00670106,0.00277971,0.00186716,0.0013647,0.00113086,0.000937857
2592,7.025392000000001,4.986903000000001,1.332,31.2003,2.67799,1.11072,0.746067,0.545295,0.451859,0.374742
2596,6.713523,4.892546999999996,1.336,0.689204,0.0584122,0.024214,0.0162648,0.0118878,0.00985087,0.00816966
2597,6.344594,6.659414000000004,1.337,1.7287,0.169963,0.0645399,0.0418101,0.0301278,0.0248661,0.0205816
2599,6.727796,5.936018999999996,1.337,0.482333,0.0427976,0.0172961,0.0115689,0.00844865,0.0070001,0.0058052
2600,6.733813,5.935365999999997,1.337,0.0529958,0.00458041,0.00189393,0.00127128,0.000928993,0.00076978,0.000638394
2601,6.739718000000001,5.940497000000005,1.337,0.138403,0.0118978,0.00493938,0.00331785,0.00242499,0.00200947,0.00166652
2602,5.758491,6.548550999999995,1.336,1.08777,0.0934679,0.0388119,0.0260705,0.0190548,0.0157898,0.013095
2603,5.765592,6.555384999999995,1.336,0.0594492,0.00991116,0.00523181,0.00309189,0.00185176,0.00133482,0.000967818
2604,5.767735,6.551538,1.336,0.73132,0.0628138,0.0260759,0.0175155,0.012802,0.0106084,0.00879789
2608,5.368261,5.065170000000001,1.347,0.0575091,0.00483262,0.00199332,0.00133865,0.000978391,0.000810743,0.000672376
2609,5.373121,5.053938000000003,1.347,0.144415,0.0121174,0.00503091,0.00337934,0.00246994,0.00204671,0.00169741
2610,5.36468,5.063783,1.347,0.0526949,0.00452441,0.00187829,0.00126167,0.000922145,0.000764136,0.000633724
2611,5.039687,7.012306999999996,1.346,0.227178,0.018555,0.00770435,0.00517512,0.00378246,0.00313434,0.00259941
2621,6.364599,5.647651000000004,1.352,0.0924785,0.00795961,0.00326452,0.00219196,0.00160203,0.00132752,0.00110096
2622,5.013376,5.964005999999999,1.353,0.0636715,0.00548328,0.00227671,0.0015293,0.00111775,0.000926227,0.000768151
2623,5.061123,7.036842000000001,1.351,0.0528615,0.00440119,0.00182221,0.001224,0.000894611,0.00074132,0.000614801
2624,5.049181,7.042444999999994,1.351,0.532887,0.0420321,0.0170234,0.0114269,0.00835129,0.00692026,0.00573919
2625,6.487705,6.019124999999995,1.351,0.0790013,0.00681127,0.00282375,0.00189663,0.00138622,0.00114869,0.00095265
2626,6.471704,6.0201980000000015,1.351,0.0671446,0.00568556,0.00234532,0.00157517,0.00115127,0.000954001,0.000791185
2627,7.114553,6.262307000000005,1.356,0.964599,0.0821216,0.0337189,0.0226339,0.0165412,0.0137066,0.0113673
2630,6.141693,7.153463000000004,1.354,0.417406,0.0336635,0.0139486,0.00936938,0.00684802,0.00567461,0.00470615
2642,5.301907,5.7937739999999955,1.356,0.0737059,0.00623334,0.00258391,0.00173561,0.00126855,0.00105118,0.000871782
2643,5.306162,5.795784000000004,1.356,0.0811301,0.00694645,0.00288445,0.00193752,0.00141612,0.00117347,0.0009732
2644,5.302645,5.793532000000005,1.356,2.66269,0.283061,0.127154,0.0797858,0.0538241,0.0426129,0.0340533
2645,5.432194,6.947379999999996,1.355,0.057698,0.00505963,0.00205576,0.00137611,0.00100494,0.000832604,0.000690461
2654,7.162655,5.304625999999998,1.362,0.0946021,0.0052765,0.00219088,0.00147165,0.00107562,0.00089131,0.000739193
2655,7.158764,5.3097310000000055,1.362,0.136208,0.0112479,0.00467003,0.00313693,0.00229276,0.0018999,0.00157565
2656,6.918402,5.999919999999998,1.359,0.0734283,0.00629563,0.00261422,0.00175601,0.00128345,0.00106354,0.000882026
2657,6.912915,6.000034000000003,1.359,0.103729,0.00912553,0.00374591,0.00250028,0.00182167,0.00150786,0.00124969
2658,7.039026,5.841936000000002,1.363,0.0831506,0.00681881,0.00283089,0.00190155,0.00138983,0.00115168,0.00095513
2664,7.173488,5.318846999999995,1.368,0.0549509,0.00457194,0.00189846,0.00127522,0.000932051,0.000772344,0.000640531
2665,7.165361000000001,5.321136000000001,1.368,0.0819044,0.00701826,0.00291118,0.00195545,0.00142923,0.00118433,0.000982205
2666,7.156512,5.307224000000003,1.368,0.233981,0.0200899,0.00833858,0.00560114,0.00409383,0.00339236,0.0028134
2667,6.694029,6.295435999999997,1.367,0.194046,0.0171588,0.00627466,0.00420313,0.00307155,0.00254522,0.00211084
2668,6.696911,6.299044000000001,1.367,0.122296,0.0104844,0.00434673,0.00291962,0.00213392,0.00176827,0.00146649
2675,5.161988,6.552701000000005,1.368,5.67496,0.491657,0.201167,0.13499,0.0986491,0.0817442,0.0677929
2677,5.356352,6.814619999999994,1.368,0.13935,0.00530058,0.00219616,0.00147519,0.00107821,0.000893459,0.000740976
2678,5.536418,6.734128000000001,1.367,1.15898,0.100569,0.0415163,0.027846,0.0203444,0.0168571,0.0139797
2682,5.828127,5.231744999999997,1.383,0.238574,0.0204224,0.00844056,0.00566799,0.0041425,0.00343266,0.00284682
2683,5.822509,5.232223999999995,1.383,0.136522,0.011749,0.00487671,0.00327573,0.00239421,0.00198396,0.00164537
2688,5.267297,5.1671870000000055,1.388,0.0586477,0.00368122,0.00151153,0.00101518,0.000741981,0.000614843,0.00050991
2689,5.272656,5.169015999999999,1.388,0.0961674,0.00821724,0.00340618,0.00228793,0.00167223,0.0013857,0.0011492
2692,5.440048,4.941785999999999,1.39,0.137119,0.0118821,0.0048951,0.00328472,0.00240025,0.00198889,0.00164943
2696,6.732423,4.928447999999994,1.386,0.0561165,0.00483531,0.00198466,0.00133273,0.000974061,0.000807155,0.000669401
2697,6.745442,4.923714000000003,1.386,0.0582238,0.00498953,0.00206951,0.0013901,0.00101602,0.000841923,0.000698235
2698,5.15109,5.909988000000005,1.386,0.0563891,0.00483251,0.00200666,0.0013479,0.000985171,0.000816363,0.000677037
2699,5.139658,5.8940520000000065,1.386,0.133046,0.0111683,0.00463744,0.00311503,0.00227676,0.00188664,0.00156465
2700,6.562558,6.846383000000005,1.388,0.210569,0.0181622,0.00724767,0.00484348,0.00353554,0.00292893,0.00242878
2701,5.467082,6.829584000000004,1.388,0.0837278,0.0072067,0.00298687,0.00200624,0.00146634,0.00121509,0.00100771
2702,6.373862,5.531311999999996,1.392,0.0807076,0.00694197,0.00286423,0.00192349,0.00140584,0.00116495,0.000966128
2703,6.368473000000001,5.5316540000000005,1.392,0.462903,0.039755,0.0165057,0.0110871,0.00810352,0.00671499,0.00556897
2704,6.3651,5.525519000000004,1.392,0.0779142,0.00666958,0.002769,0.00185998,0.00135944,0.0011265,0.000934249
2705,5.509136,5.300840000000002,1.391,0.199018,0.0169486,0.00703715,0.00472695,0.0034549,0.00286291,0.0023743
2706,5.736934,4.979317999999996,1.386,0.153077,0.0130234,0.00540499,0.00363059,0.00265358,0.00219889,0.00182361
2707,5.740457,4.978271000000004,1.386,0.158904,0.0170701,0.00548101,0.00353694,0.00256287,0.00212053,0.00175771
2708,4.878828,5.742527000000004,1.387,0.609142,0.0325426,0.0135032,0.00907028,0.00662941,0.00549346,0.00455591
2709,4.879279,5.7446120000000045,1.387,0.150468,0.0127993,0.00524288,0.00352142,0.00257378,0.00213276,0.00176877
2711,7.064487000000001,5.899383999999996,1.4,4.6318,0.3847,0.159639,0.107232,0.0783751,0.0649456,0.0538616
2712,7.077451,5.906410999999996,1.4,0.0574065,0.00607237,0.00217371,0.00138281,0.000990367,0.000816178,0.000675094
2713,6.369898,5.560482999999999,1.398,0.12024,0.0101899,0.00423089,0.00284195,0.00207716,0.00172124,0.00142748
2714,5.383194,5.032426999999997,1.398,0.223327,0.0331385,0.00914273,0.00517382,0.00352325,0.0028608,0.00234843
2715,6.515703,5.5718770000000015,1.398,0.0500448,0.00427999,0.00174603,0.0011717,0.000856276,0.000709542,0.000588445
2716,6.520276,5.576559000000003,1.398,1.56475,0.1356,0.0553752,0.0371403,0.0271384,0.0224873,0.0186492
2717,4.866268,5.827454000000003,1.396,66.7651,5.72587,2.37709,1.59673,1.16704,0.967066,0.802021
2718,4.863091,5.818353999999999,1.396,0.221732,0.0251575,0.00969243,0.00590232,0.00406021,0.00328736,0.00268786
2720,6.222004,5.580369999999997,1.4,0.418076,0.0377254,0.0147716,0.00985369,0.00719258,0.00595892,0.00494161
2721,6.217682,5.578249999999998,1.4,0.854606,0.0728914,0.0302342,0.0203084,0.0148433,0.0122999,0.0102007
2726,6.381275,5.1764110000000025,1.405,1.13881,0.0977118,0.040548,0.0272363,0.0199068,0.0164958,0.0136805
2727,5.614455,5.250932,1.407,0.0528643,0.005971,0.0016636,0.00108378,0.000789194,0.000653713,0.000542097
2728,5.606759,5.256541999999994,1.407,1.71564,0.145309,0.0603242,0.0405206,0.0296162,0.0245415,0.0203531
2729,5.316133000000001,5.231274000000004,1.408,134.46,9.82079,4.06813,2.73262,1.99725,1.65502,1.37257
2730,5.320776,5.223388999999997,1.408,0.341274,0.0285695,0.0118561,0.00796389,0.00582075,0.00482337,0.00400018
2733,5.575117,5.125812000000004,1.407,0.0677584,0.0058321,0.00242094,0.00162617,0.00118856,0.000984897,0.000816808
2734,5.573009,5.123099000000002,1.407,0.413724,0.03579,0.0146114,0.00980644,0.00716679,0.00593871,0.00492516
2735,4.979331,5.224542000000001,1.411,2.91243,0.25087,0.104053,0.0698883,0.0510802,0.0423275,0.0351036
2736,4.980916,5.234764000000001,1.411,0.549867,0.0443181,0.0183848,0.0123493,0.00902599,0.00747939,0.00620291
2737,6.918209,5.204466999999998,1.409,0.0749987,0.00700216,0.00270658,0.00178907,0.00130189,0.00107782,0.000893539
2739,5.912395,7.159139999999996,1.412,0.817092,0.070316,0.0291976,0.0196124,0.0143346,0.0118784,0.00985113
2740,6.911576,5.505976000000006,1.418,0.669008,0.0580575,0.0235586,0.0158037,0.0115489,0.00956985,0.00793657
2741,6.90313,5.504512000000005,1.418,0.127621,0.0105516,0.00437998,0.00294209,0.00215036,0.00178189,0.00147779
2742,6.899808,5.508530000000002,1.418,0.286782,0.0247741,0.0102266,0.00686719,0.005019,0.00415898,0.00344918
2743,6.901399,5.507347999999998,1.418,0.0850808,0.00716215,0.00295087,0.00198172,0.0014484,0.00120022,0.000995379
2744,6.906892,5.504646000000001,1.418,0.127391,0.0109663,0.00452914,0.00304179,0.0022232,0.00184225,0.00152784
2748,6.616401000000001,5.622792000000003,1.416,0.0503715,0.00413209,0.00171569,0.00115245,0.000842321,0.000697989,0.000578866
2754,6.92254,5.936179999999997,1.414,0.11508,0.00985129,0.00408312,0.00274267,0.0020046,0.00166111,0.00137762
2755,6.919374,5.9447669999999935,1.414,0.0566194,0.0048232,0.00200255,0.00134514,0.000983155,0.000814692,0.000675652
2756,7.048746,6.924229999999998,1.417,0.158814,0.0213765,0.00668246,0.00395312,0.0027556,0.00225606,0.0018609
2757,7.185912000000001,6.375751000000003,1.428,0.0518302,0.00429716,0.00177885,0.00119484,0.000873298,0.000723659,0.000600155
2758,6.213966,6.4730150000000055,1.425,0.0552148,0.00468565,0.00194423,0.00130597,0.000954522,0.000790965,0.000655974
2759,7.073455000000001,6.684716000000001,1.429,0.0851115,0.00691321,0.00286357,0.00192344,0.00140583,0.00116494,0.000966123
2760,7.080602,6.6861339999999965,1.429,0.175439,0.0150538,0.00625043,0.0041985,0.00306866,0.00254284,0.00210887
2761,7.085392,6.696608,1.429,0.110359,0.00947852,0.00392871,0.00263895,0.00192879,0.00159829,0.00132552
2764,7.073437,5.553223999999998,1.43,0.266818,0.0230643,0.00954021,0.00640402,0.00467986,0.00387783,0.00321597
2765,7.094677,5.543859999999995,1.43,1.07087,0.0772012,0.0319882,0.0214867,0.0157045,0.0130135,0.0107926
2766,7.080244,5.552505999999997,1.43,0.361402,0.0309725,0.0128611,0.00863901,0.00631419,0.00523226,0.00433929
2771,6.991509,5.997888000000003,1.439,0.0637988,0.00540255,0.00224337,0.0015069,0.00110138,0.000912663,0.000756902
2772,7.116761,5.977269,1.435,0.613811,0.0524379,0.0217166,0.0145869,0.0106614,0.00883459,0.00732683
2774,7.03315,6.025383999999999,1.437,0.0619414,0.00467623,0.00190902,0.00128192,0.000936928,0.000776385,0.000643882
2775,7.035908,6.026380000000006,1.437,0.0519306,0.00429209,0.00178051,0.00119599,0.000874143,0.000724359,0.000600736
2778,5.050367,6.903697000000004,1.432,0.149021,0.0127857,0.00530884,0.00356602,0.00260638,0.00215978,0.00179118
2782,5.095422,6.669832000000002,1.447,1.15442,0.0912824,0.0377594,0.0253632,0.0185378,0.0153614,0.0127397
2783,6.976663000000001,6.063369000000006,1.44,0.0631696,0.00518321,0.00215198,0.00144551,0.00105652,0.000875484,0.000726068
2784,6.977927,6.062095999999998,1.44,0.169353,0.0145088,0.00601616,0.0040411,0.00295361,0.00244751,0.00202981
2786,6.62511,4.894823000000001,1.446,0.0782592,0.00963182,0.00286539,0.00178943,0.00128453,0.00106082,0.000878692
2787,6.630181,4.885322000000002,1.446,0.0567562,0.00492247,0.00202745,0.00136068,0.000994359,0.000823957,0.000683331
2788,6.625074,4.884657999999998,1.446,0.0671361,0.00575184,0.00238263,0.00160035,0.00116968,0.000969254,0.000803835
2793,6.513958,6.4145439999999985,1.444,0.0577862,0.00467751,0.00194202,0.00130448,0.000953439,0.000790067,0.00065523
2794,7.100886,6.844172000000002,1.444,0.121167,0.0104961,0.00432003,0.00290082,0.00212013,0.00175684,0.00145701
2798,6.836386,5.539889999999996,1.45,0.0829569,0.285105,0.585441,0.630666,0.578531,0.512666,0.429811
2799,6.126525,6.746169999999996,1.456,0.132595,0.0100381,0.00415911,0.00279371,0.00204191,0.00169203,0.00140325
2800,6.135949,6.754751999999999,1.456,0.0575861,0.00493574,0.00204952,0.00137669,0.00100622,0.000833803,0.000691501
2801,6.742783000000001,6.4650380000000025,1.456,0.0739396,0.0057461,0.00238352,0.00160104,0.00117019,0.000969679,0.000804187
2802,6.747697,6.465385,1.456,0.164997,0.0140315,0.0058087,0.00390169,0.00285171,0.00236307,0.00195978
2803,6.585028,4.894544000000004,1.449,0.0805314,0.00693544,0.00287987,0.00193445,0.00141388,0.00117161,0.000971656
2804,5.139893,6.6621450000000015,1.451,0.0527786,0.00457891,0.00185329,0.00124296,0.000908289,0.000752637,0.000624183
2805,5.135953000000001,6.658024000000004,1.451,0.296866,0.0255279,0.010589,0.00711266,0.00519859,0.00430781,0.00357262
2806,5.180734,6.542080000000006,1.467,29.2839,2.51683,1.04504,0.701969,0.513065,0.425151,0.352592
2807,5.19126,6.538408000000003,1.467,0.862014,0.0737084,0.0305946,0.0205508,0.0150205,0.0124467,0.0103225
2808,6.38964,6.553009000000002,1.459,0.109114,0.00932935,0.00387374,0.00260205,0.00190182,0.00157594,0.00130698
2809,6.03657,5.633159999999995,1.46,0.100421,0.00783145,0.00325164,0.00218417,0.0015964,0.00132286,0.00109709
2810,6.032601,5.630820000000004,1.46,0.0736871,0.00637344,0.00260878,0.00174954,0.00127829,0.00105919,0.000878403
2811,5.036412,4.980082999999993,1.462,0.129875,0.0109042,0.00452787,0.00304143,0.00222296,0.00184206,0.00152768
2816,5.926628,5.508647999999998,1.469,0.238848,0.0202315,0.00838813,0.0056343,0.00411807,0.00341244,0.00283005
2822,5.519442,5.293183999999997,1.486,0.819763,0.0705199,0.029275,0.0196643,0.0143725,0.0119098,0.0098772
2823,5.890088,7.11526,1.484,0.199264,0.0166636,0.00691882,0.00464747,0.0033968,0.00281476,0.00233438
2833,5.694186,5.120647000000001,1.489,0.089227,0.00767457,0.00318681,0.00214063,0.00156457,0.00129648,0.00107522
2836,4.880138,5.621895999999997,1.498,0.61618,0.0518366,0.0215109,0.0144491,0.0105608,0.0087512,0.00725766
2837,5.027454,6.740882000000002,1.499,0.0808312,0.00688929,0.00285987,0.00192102,0.00140406,0.00116347,0.000964908
2839,5.157829,6.9199810000000035,1.503,0.152778,0.0127998,0.00531488,0.00357008,0.00260935,0.00216224,0.00179322
2840,5.432075,4.994896999999995,1.5,0.0877178,0.00752975,0.00312328,0.00209793,0.00153336,0.00127062,0.00105377
2841,5.349491,4.984172000000004,1.502,0.0559663,0.00499179,0.00198949,0.00132329,0.000963894,0.000797991,0.000661492
2842,5.347195,4.976370999999997,1.502,0.0901344,0.00772887,0.0032061,0.00215357,0.00157403,0.00130432,0.00108172
2843,5.351559,4.977104999999999,1.502,0.239151,0.0203013,0.00842558,0.00565957,0.00413654,0.00342775,0.00284275
2844,5.351489,4.971185,1.502,0.176406,0.0250266,0.0108237,0.00627687,0.00395255,0.00301651,0.00234075
2845,5.844915,5.455216000000006,1.503,0.050915,0.00432697,0.00179376,0.00120488,0.000880639,0.000729742,0.000605199
2846,6.93036,4.995376999999997,1.503,0.0607731,0.00468871,0.00194687,0.00130774,0.000955819,0.00079204,0.000656866
2847,6.932943,4.996789999999999,1.503,0.598954,0.0514361,0.0213582,0.0143466,0.0104858,0.0086891,0.00720616
2853,6.529863,6.902144999999999,1.513,0.0684419,0.00581084,0.00241185,0.00162008,0.0011841,0.000981208,0.000813749
2854,5.871753,5.3092760000000006,1.51,1.37886,0.117894,0.0485297,0.0325934,0.0238221,0.0197402,0.0163712
2857,5.300839,5.412033000000005,1.51,0.0616759,0.00379586,0.00156078,0.00104831,0.000766201,0.000634913,0.000526555
2858,5.291065,5.4149359999999955,1.51,2.18971,0.180949,0.075131,0.0504666,0.0368857,0.0305654,0.0253489
2859,6.422225,6.152253000000002,1.511,0.0644512,0.00524358,0.00217734,0.00146255,0.00106897,0.000885801,0.000734625
2860,6.257608,6.974032,1.514,13.7091,1.13357,0.470706,0.31618,0.231094,0.191496,0.158814
2861,6.653995,6.960243999999998,1.517,0.153858,0.0131461,0.00545804,0.00366624,0.00267963,0.00222048,0.00184152
2862,6.651509,6.953623,1.517,0.210539,0.0181473,0.00749894,0.00503663,0.00368122,0.00305044,0.00252984
2864,7.011074000000001,4.927170999999996,1.519,0.130407,0.0128884,0.00473485,0.00309626,0.00224731,0.00185965,0.00154146
2867,5.076263000000001,5.0684050000000065,1.534,0.107404,0.00874792,0.00363213,0.00243975,0.0017832,0.00147765,0.00122547
2868,5.079284,5.059354999999997,1.534,0.847258,0.0751934,0.0299954,0.02001,0.0145984,0.0120921,0.0100267
2869,6.256433,6.418120999999995,1.531,0.0998909,0.00848185,0.00352188,0.0023657,0.00172907,0.0014328,0.00118827
2870,7.127067,6.829095999999995,1.538,0.0953801,0.00820005,0.0034026,0.00228554,0.00167048,0.00138425,0.001148
2871,7.126796,6.824913999999999,1.538,0.463328,0.0406586,0.0157859,0.0105582,0.00771249,0.00639053,0.00529978
2872,7.126612,6.825295000000004,1.538,0.205566,0.0175576,0.0072844,0.00489294,0.00357621,0.00296343,0.00245767
2875,5.898015000000001,5.812329999999997,1.531,9.60899,0.825326,0.338902,0.227459,0.166226,0.137741,0.114232
2876,6.536529,4.917359000000002,1.537,2.46422,0.200765,0.0819823,0.0550468,0.040232,0.0333382,0.0276485
2877,5.361677,4.996145999999997,1.532,0.136077,0.10228,0.0336204,0.0129177,0.0052927,0.00312153,0.00196267
2878,5.352568,4.998394999999997,1.532,0.122267,0.0111673,0.00431146,0.00284758,0.00206942,0.0017122,0.00141891
2879,5.363252,5.001959000000005,1.532,0.115345,0.00956071,0.00396465,0.0026631,0.00194644,0.00161292,0.00133765
2880,5.116649,6.631480999999998,1.533,0.131829,1.42617,1.97983,1.70438,1.28308,1.00058,0.733319
2887,5.43753,7.139898000000005,1.544,0.0534006,0.00451382,0.00186397,0.00125181,0.000914922,0.000758149,0.000628758
2888,5.101563,5.186177000000006,1.558,0.19016,0.0163453,0.00678129,0.00455505,0.00332925,0.00275879,0.00228796
2889,4.889172,5.086767999999995,1.56,0.0521848,0.00426711,0.00177136,0.00118985,0.00086965,0.000720636,0.000597648
2891,5.65789,6.890824999999997,1.561,0.126593,0.0229783,0.0127078,0.00760703,0.00454121,0.00323543,0.00229969
2893,5.486252,5.238731,1.553,0.0831565,0.0068664,0.00285121,0.0019152,0.00139981,0.00115995,0.000961986
2894,6.554912,5.038108999999995,1.559,0.228336,0.109943,0.101974,0.0736051,0.0481141,0.0345206,0.0233918
2897,5.154724,4.8112670000000035,1.567,0.148995,0.0119728,0.00497136,0.00333933,0.0024407,0.00202249,0.00167732
2898,6.507769,5.177946000000004,1.566,0.0645608,0.00554632,0.00230307,0.001547,0.0011307,0.000936952,0.000777046
2899,6.505161,5.179752999999999,1.566,0.0809971,0.00685036,0.00283574,0.00190479,0.0013922,0.00115365,0.00095676
2900,5.60989,6.691294000000006,1.565,0.0769892,0.00517536,0.00204708,0.0013738,0.00100404,0.000831993,0.000689999
2901,5.612937,6.6902770000000045,1.565,0.0635743,0.00544998,0.0022618,0.00151927,0.00111042,0.000920154,0.000763115
2902,5.018613,5.669454999999998,1.567,0.100206,0.00839173,0.00348449,0.00234058,0.00171072,0.00141759,0.00117565
2903,5.003096,5.672208999999998,1.567,0.877535,0.0749844,0.0311306,0.0209108,0.0152836,0.0126648,0.0105033
2904,5.013332,5.679315999999996,1.567,0.0995642,0.00849948,0.00352935,0.00237072,0.00173274,0.00143584,0.00119079
2905,5.00266,5.661805000000004,1.567,0.0507548,0.00436324,0.00181181,0.00121702,0.000889509,0.000737092,0.000611296
2906,4.802754,5.018507000000006,1.565,0.116261,0.00996537,0.00413757,0.00277927,0.00203135,0.00168328,0.001396
2907,6.396478,5.200064000000006,1.565,0.054278,0.00467336,0.0019394,0.00130271,0.000952144,0.000788995,0.00065434
2908,5.669731,5.305631000000003,1.572,1.92968,0.167497,0.0685044,0.045991,0.0336131,0.0278534,0.0230998
2909,5.053774,5.379784999999998,1.582,0.0808029,0.00694723,0.00288174,0.00193569,0.00141478,0.00117236,0.000972278
2912,5.051146,5.268516,1.577,0.055735,0.00468771,0.00191294,0.00128438,0.000938715,0.000777864,0.000645109
2913,5.054433,5.276711,1.577,0.122209,0.00962285,0.0039958,0.00268403,0.00196174,0.0016256,0.00134816
2914,4.851274,5.909200999999997,1.59,0.203814,0.0176882,0.00728038,0.00488209,0.00356656,0.0029551,0.00245064
2915,6.061166,5.970468000000003,1.588,0.054872,0.00458939,0.00190288,0.00127817,0.000934206,0.000774131,0.000642013
2918,7.102108,6.556091,1.594,0.348589,0.0293854,0.0121719,0.00817543,0.00597532,0.00495145,0.0041064
2919,7.107694,6.555429999999995,1.594,0.21193,0.0192524,0.00713517,0.00476948,0.00348441,0.00288724,0.00239447
2921,4.981509,5.934554000000005,1.603,0.0851865,0.00727515,0.00302071,0.00202906,0.00148302,0.00122891,0.00101918
2922,4.831344,5.9466090000000005,1.605,0.0586181,0.00636335,0.00212304,0.00135746,0.000978738,0.000808682,0.00066988
2924,7.114858,6.446147,1.597,12.1862,1.0352,0.429738,0.288661,0.21098,0.174829,0.144991
2926,6.826654,6.627627000000001,1.611,0.0552086,0.00468515,0.00194521,0.00130662,0.000955002,0.000791363,0.000656304
2927,6.823051,6.628117999999996,1.611,0.977368,6.23573,13.2242,14.5468,13.6198,12.2396,10.4197
2930,4.807048,6.306853000000001,1.616,0.0824482,0.00779958,0.00298541,0.00196409,0.00142624,0.00118002,0.000977956
2931,5.249433,7.0145599999999995,1.607,0.137099,0.0111288,0.00459896,0.00308893,0.00225766,0.00187081,0.00155153
2936,6.649811,5.0601559999999965,1.626,0.150174,0.0128874,0.00534995,0.00359363,0.00262656,0.0021765,0.00180505
2937,5.179203,4.947488000000001,1.617,0.0748316,0.00675509,0.00268008,0.00178516,0.00130203,0.00107849,0.000894284
2938,4.83552,5.953441000000004,1.627,1.00032,0.0858896,0.035665,0.0239567,0.0175098,0.0145095,0.0120332
2939,6.325425,7.186269999999995,1.63,0.102225,0.00879408,0.00365052,0.00245209,0.00179221,0.00148512,0.00123166
2940,5.138334,5.761333000000001,1.638,0.216545,0.0282792,0.00878372,0.00526806,0.00369359,0.00302797,0.00249877
2941,5.131424,5.762967,1.638,0.284816,0.0240878,0.00999842,0.00671606,0.00490872,0.00406761,0.00337341
2942,6.099124,5.2233400000000065,1.637,2.94937,0.275864,0.107921,0.0710265,0.0515446,0.0426351,0.0353292
2944,5.21772,5.679060000000001,1.644,0.113748,0.00978383,0.00405303,0.00272241,0.00198979,0.00164884,0.00136744
2945,5.426674,5.639813999999995,1.647,0.070824,0.00694442,0.00253597,0.0016688,0.00121439,0.00100556,0.000833734
2946,6.2579530000000005,5.0074519999999945,1.641,0.184848,0.0157299,0.00637073,0.00427803,0.00312675,0.00259098,0.00214879
2947,6.254164,5.008722000000004,1.641,0.0681328,0.00571061,0.00231189,0.00155215,0.00113442,0.000940033,0.000779601
2948,6.26016,5.006048999999995,1.641,0.176907,0.0157266,0.00642588,0.00427501,0.00310957,0.00257245,0.00213132
2949,5.389473,5.653939999999999,1.647,0.117503,0.00976587,0.00405499,0.0027238,0.00199081,0.00164968,0.00136814
2953,5.678782,6.662548000000005,1.651,0.112601,0.00903846,0.00375286,0.00252085,0.00184247,0.00152677,0.0012662
2954,5.683249,6.654601000000006,1.651,0.0517586,0.00437875,0.00181771,0.00122098,0.000892406,0.000739493,0.000613287
2963,6.504569,6.463858999999997,1.692,0.324629,0.0709956,0.0478366,0.031087,0.0192188,0.0136254,0.00937259
2969,5.651456,4.949074,1.691,0.113962,0.00973783,0.00371391,0.00248601,0.00181637,0.00150509,0.00124821
2970,5.660567,4.948544999999995,1.691,0.87738,0.0709163,0.0294334,0.0197708,0.0144504,0.0119743,0.00993069
2971,5.665962,4.961974000000003,1.691,0.0581033,0.0059169,0.00209736,0.00135474,0.000978117,0.000808128,0.00066932
2973,7.105552,5.939157,1.696,0.0934991,0.00790961,0.00328378,0.00220576,0.00161218,0.00133593,0.00110793
2974,7.102854,5.936284000000001,1.696,0.832761,0.101219,0.0236437,0.0148346,0.010723,0.00887235,0.00735498
2976,4.909715,5.389629999999996,1.702,0.0901913,0.00928412,0.0032863,0.00213619,0.00154895,0.00128163,0.00106233
2977,4.901612,5.597196000000002,1.698,0.173335,0.0148492,0.00616408,0.00414049,0.00302626,0.00250771,0.00207973
2979,4.921301,7.090798999999996,1.702,2.23488,0.182506,0.0756085,0.0507855,0.0371187,0.0307584,0.025509
2980,6.527156,5.893981000000006,1.712,0.115382,0.00937503,0.00384189,0.00258039,0.00188598,0.00156282,0.0012961
2981,6.528469000000001,5.896664999999995,1.712,0.487315,0.0417372,0.0172854,0.0116092,0.00848493,0.00703102,0.00583106
2983,5.788455,5.028948999999997,1.722,0.0535189,0.00409623,0.00169838,0.00114082,0.000833821,0.000690946,0.000573025
2984,7.064183,6.031016000000004,1.714,0.412495,0.038423,0.0136373,0.00906172,0.00661366,0.00547949,0.00454413
2986,7.0681970000000005,5.989200000000001,1.713,0.147665,0.0126587,0.00525467,0.00352963,0.00257979,0.00213774,0.0017729
2987,7.069175,5.987154000000002,1.713,9.29421,0.873565,0.331403,0.217405,0.157585,0.130288,0.107931
2988,7.074564,5.987358999999999,1.713,0.0654437,0.0055807,0.00231732,0.00155658,0.00113769,0.000942749,0.000781853
2989,7.021218,6.0448179999999985,1.721,0.28431,0.0239485,0.00994438,0.00667978,0.00488221,0.00404565,0.00335519
2990,6.610025,5.921095000000005,1.713,0.0512064,0.00434417,0.00178308,0.00119732,0.000875092,0.000725143,0.000601386
2991,4.902065,6.264076000000003,1.728,0.0545366,0.00468312,0.00194164,0.00130419,0.000953224,0.00078989,0.000655082
2994,5.755637,4.916517999999997,1.726,0.0845633,0.00730644,0.00302353,0.00203018,0.00148374,0.00122949,0.00101966
2995,5.764162,4.914110999999996,1.726,0.0740857,0.00486257,0.00201909,0.00135625,0.000991277,0.000821422,0.000681233
2996,6.969008,5.977786999999999,1.723,0.293527,0.0252474,0.0104837,0.00704208,0.00514701,0.00426507,0.00353717
2997,4.964822,6.414120000000001,1.728,5.852,0.493762,0.205019,0.137715,0.100655,0.0834075,0.0691727
3004,6.53798,5.828629000000005,1.741,0.0647918,0.00455757,0.00186418,0.00125201,0.000915078,0.00075828,0.000628867
3005,5.596471,4.819035000000007,1.76,0.0551427,0.00472452,0.00196182,0.00131778,0.000963158,0.000798121,0.000661909
3006,5.598425,4.821856000000003,1.76,0.0663911,0.00569407,0.00236443,0.00158822,0.00116082,0.000961914,0.000797748
3009,5.269986,6.589374999999994,1.75,1.63396,0.133024,0.0552096,0.0370851,0.0271052,0.0224608,0.0186275
3010,5.780761,6.775983999999996,1.763,0.0505818,0.00427541,0.00177528,0.00119248,0.000871575,0.000722231,0.000598971
3011,6.897889000000001,5.452075999999995,1.767,0.173493,0.0156121,0.00604175,0.00403856,0.00294986,0.00244422,0.00202703
3012,6.199045,5.305564000000005,1.767,0.0601944,0.00553402,0.00179767,0.001192,0.000870019,0.000720845,0.000597803
3015,6.944237,5.1673830000000045,1.775,1.33694,0.150696,0.053434,0.033038,0.0231677,0.0189233,0.0155607
3016,6.442917,5.074923999999995,1.779,0.299752,0.0220897,0.00905014,0.00607745,0.00444186,0.00368075,0.00305257
3017,5.920114,7.098250000000005,1.784,0.327077,0.0881366,0.0507186,0.0306198,0.0181284,0.0126443,0.00863385
3018,5.432467,6.019407000000004,1.79,0.123606,0.0105565,0.00436561,0.00293223,0.00214314,0.00177591,0.00147282
3019,6.657203,6.927971999999998,1.788,2.29902,0.189507,0.0782674,0.0525699,0.0384228,0.0318391,0.0264052
3020,5.641997,6.7704459999999935,1.795,1.23541,0.106077,0.0440476,0.0295874,0.0216253,0.0179198,0.0148615
3023,5.420591,5.921584000000005,1.79,0.0650029,0.00543533,0.00224892,0.00151051,0.00110401,0.000914842,0.000758709
3024,5.416244,5.921468999999995,1.79,0.265308,0.0213275,0.00885578,0.00594855,0.00434776,0.00360277,0.0029879
3025,6.386034,6.823344,1.798,0.098194,0.00838905,0.00348347,0.00233989,0.00171021,0.00141717,0.00117531
3026,6.37759,7.128034000000001,1.797,0.862847,0.0768493,0.0312447,0.0207948,0.0151412,0.0125328,0.0103879
3027,6.407208,4.815272,1.795,0.0565547,0.00474766,0.00195127,0.00131005,0.000957439,0.000793375,0.000657971
3028,4.991766,6.832644999999996,1.801,0.180346,0.015443,0.00618685,0.00414468,0.00302798,0.00250897,0.00208073
3029,4.986661,6.8357499999999956,1.801,0.0700366,0.0565724,0.0925184,0.0893003,0.0743301,0.0618214,0.0484699
3030,5.248142,5.298301,1.808,0.0505913,0.00432621,0.00179362,0.00120474,0.00088053,0.000729651,0.000605124
3033,5.080051,5.011193000000004,1.824,0.0974822,0.0085842,0.00344783,0.00230856,0.00168638,0.00139731,0.00115881
3034,5.223275,5.251125,1.818,0.0708017,0.00606314,0.00251763,0.00169113,0.00123604,0.00102424,0.000849439
3035,5.216097000000001,5.252166999999997,1.818,0.0887988,0.0160549,0.00512615,0.00271194,0.00167767,0.00129154,0.00101778
3036,5.204575,5.033445000000001,1.823,0.171827,0.00913382,0.00378817,0.00254457,0.00185981,0.00154113,0.00127811
3037,4.91413,5.086333000000005,1.819,0.159542,0.0129796,0.00538965,0.00362031,0.00264606,0.00219266,0.00181845
3039,5.03174,5.974616999999997,1.833,0.223393,0.0200117,0.00820023,0.00543905,0.00394396,0.00325741,0.00269544
3040,5.483231,6.238713999999997,1.829,0.0672949,0.00561088,0.00231261,0.00155297,0.00113502,0.000940528,0.000780011
3041,6.09485,5.216965999999994,1.828,0.0968784,0.00831416,0.0034524,0.00231903,0.00169496,0.00140453,0.00116483
3042,6.097073,5.217101000000006,1.828,0.181595,0.0174121,0.00663469,0.00434308,0.00314613,0.00260102,0.00215476
3043,5.051572,6.563174000000005,1.837,0.0979482,0.00827269,0.00343389,0.00230658,0.00168587,0.00139699,0.00115858
3044,5.05215,6.5626089999999975,1.837,0.596613,0.0483404,0.0200272,0.0134523,0.00983219,0.00814745,0.00675695
3045,5.153405,6.8651960000000045,1.827,0.0695781,0.00595618,0.00247326,0.00166133,0.00121425,0.00100619,0.000834468
3046,5.165978,5.783480999999995,1.835,0.347723,0.0292031,0.0121243,0.00814409,0.00595246,0.00493251,0.0040907
3048,5.221804,4.841123000000005,1.85,0.0803067,0.0102531,0.00365557,0.00215874,0.00146159,0.00117611,0.000957692
3049,4.959837,4.961716000000001,1.84,0.212088,0.0181447,0.00753447,0.00506101,0.00369906,0.00306523,0.0025421
3050,6.178922,4.924809999999998,1.853,0.0989592,0.00842802,0.00349449,0.00234727,0.0017156,0.00142164,0.00117901
3051,6.180405,4.9312720000000025,1.853,0.0626245,0.0053568,0.00222199,0.0014925,0.00109085,0.000903937,0.000749665
3053,4.924648,4.822,1.863,1.04312,0.088422,0.0367164,0.0246629,0.018026,0.0149372,0.012388
3054,6.960196,6.915183000000001,1.855,0.194146,0.0166906,0.00693014,0.00465507,0.00340236,0.00281937,0.0023382
3055,5.143734,6.119383999999995,1.867,0.185545,0.197664,0.30575,0.282868,0.226455,0.183578,0.140063
3056,5.148123,6.126854000000003,1.867,1.69682,0.145751,0.0604506,0.0406045,0.0296775,0.0245923,0.0203952
3057,6.762898,6.3146010000000015,1.88,0.058275,0.00511919,0.00205541,0.00137482,0.00100391,0.000831745,0.000689749
3059,5.331866,6.660367999999997,1.88,0.107427,0.00859876,0.00351735,0.00236138,0.00172581,0.00143008,0.00118601
3060,6.428808,5.472809999999995,1.894,0.271634,0.0208902,0.00867449,0.00582678,0.00425876,0.00352902,0.00292674
3061,5.605079,5.844755000000004,1.884,0.145807,0.0114806,0.00476715,0.00320216,0.00234044,0.00193941,0.00160841
3062,5.605701,5.8449079999999975,1.884,0.0977306,0.00821247,0.0033305,0.00223306,0.00163158,0.00135193,0.00112118
3066,5.374578,5.030087999999997,1.905,0.0591815,0.00495291,0.00205664,0.00138147,0.00100971,0.000836697,0.000693901
3067,6.358875,7.1675019999999945,1.897,0.0519132,0.00448053,0.00185021,0.00124195,0.000907581,0.000752043,0.000623687
3068,4.929531,6.472931999999995,1.921,0.27129,0.0241798,0.00974405,0.00650178,0.00474337,0.00392904,0.00325797
3071,4.835515,6.352916000000003,1.911,0.0546803,0.00549706,0.00232584,0.00149171,0.00104093,0.00084083,0.00068285
3072,6.522483,5.0191560000000015,1.925,0.280582,0.024073,0.00999608,0.00671451,0.00490759,0.00406668,0.00337264
3073,5.212995,6.611991999999997,1.925,0.0530685,0.00451659,0.00187546,0.00125978,0.000920762,0.00076299,0.000632773
3074,5.209238,6.628152000000003,1.925,0.0787499,0.00523177,0.00217243,0.00145925,0.00106656,0.000883804,0.000732968
3075,5.466456,6.151786,1.937,0.0576499,0.00492679,0.00204582,0.00137421,0.0010044,0.000832295,0.000690251
3077,5.112374,6.6203890000000065,1.928,0.0630741,0.00542172,0.00225132,0.00151225,0.00110529,0.0009159,0.000759587
3078,5.726213,5.297349000000002,1.942,0.138042,0.0117434,0.00487615,0.00327538,0.00239395,0.00198375,0.00164519
3079,5.722995,5.288185,1.942,1.15452,0.10573,0.039093,0.0260163,0.0189888,0.0157322,0.0130466
3080,5.71324,5.287755000000005,1.942,0.0729442,0.00619734,0.00255989,0.00171904,0.00125639,0.0010411,0.000863417
3081,6.789813,5.235402000000004,1.951,2.9894,0.190484,0.0790701,0.0531125,0.0388196,0.0321679,0.0266779
3082,5.163115,6.823715999999995,1.964,0.0714693,0.00616496,0.00254402,0.00170858,0.00124877,0.0010348,0.000858192
3083,5.162139,6.812656000000002,1.965,0.109226,0.00915904,0.0037997,0.00255228,0.00186544,0.0015458,0.00128198
3084,5.157656,6.811160000000003,1.965,0.0588598,0.00486329,0.00201882,0.00135607,0.000991144,0.000821312,0.000681142
3085,5.178513,6.810250000000005,1.97,0.0516437,0.00344471,0.00143036,0.000960797,0.00070224,0.000581912,0.000482599
3086,5.17476,6.798136000000006,1.97,10.0937,0.886846,0.353973,0.237287,0.173393,0.143679,0.119157
3091,6.662787,6.792087000000006,2.014,0.0551497,0.0047415,0.00195872,0.00131539,0.000961387,0.000796652,0.00066069
3092,6.584537,6.6721170000000045,2.004,1.20599,0.101644,0.0421957,0.0283434,0.020716,0.0171663,0.0142366
3093,6.325128,6.375996999999996,2.004,0.116691,0.00985163,0.00409066,0.00274776,0.00200832,0.00166419,0.00138017
3094,6.319644,6.364542000000007,2.004,0.0722929,0.0218424,0.00912764,0.00444282,0.0023006,0.00155592,0.00108848
3095,5.958931,5.2288160000000055,2.021,16.8928,1.22624,0.455639,0.304231,0.222172,0.184082,0.152661
3096,4.87951,5.957671,2.028,0.111309,0.00951177,0.00394968,0.00265306,0.0019391,0.00160684,0.0013326
3097,5.836946,6.207837999999996,2.045,0.134577,0.011375,0.00472338,0.00317276,0.00231895,0.0019216,0.00159365
3098,6.345528,5.964647000000002,2.077,0.563117,0.0766187,0.0176768,0.0107708,0.00771821,0.00637536,0.0052818
3099,5.695925,6.426409999999998,2.074,0.211815,0.0173301,0.00719436,0.00483255,0.00353208,0.00292686,0.00242734
3102,6.762798,5.027670000000003,2.063,1.15862,0.0997878,0.0411286,0.0276075,0.0201753,0.0167179,0.0138646
3103,6.717682000000001,4.810598000000004,2.089,0.0822182,0.00715095,0.00292528,0.00196375,0.00143522,0.00118929,0.000986316
3104,6.306247,5.814298000000005,2.081,24.2902,2.19254,0.856399,0.569452,0.415125,0.343806,0.285067
3105,6.052836,6.981054000000006,2.098,0.115419,0.011428,0.00438774,0.00282839,0.00203201,0.00167553,0.00138615
3112,6.692071,4.978618000000002,2.152,0.48695,0.0414969,0.0172236,0.0115693,0.00845593,0.00700701,0.00581115
3115,5.948596000000001,6.739892999999998,2.176,0.92046,0.0781171,0.0324374,0.0217886,0.0159252,0.0131964,0.0109442
3117,5.566648,6.645913999999995,2.183,0.214823,0.0340102,0.0154557,0.00868128,0.00522916,0.00388383,0.00294749
3118,5.560546000000001,6.647084000000002,2.183,0.0560061,0.00468607,0.00194571,0.00130696,0.000955251,0.000791569,0.000656475
3119,6.870438000000001,6.124725999999999,2.235,0.0553466,0.00471003,0.00195581,0.00131374,0.000960208,0.000795677,0.000659882
3121,6.109721,6.076499000000002,2.219,0.234326,0.0193211,0.0079937,0.00536914,0.00392425,0.00325183,0.00269686
3122,6.299315,5.2525179999999985,2.3,0.0615515,0.00414576,0.00170915,0.00114796,0.00083903,0.000695263,0.000576605
3125,6.726567,6.169857000000005,2.361,0.0595779,0.00511747,0.00212499,0.00142739,0.00104327,0.000864506,0.000716964
3126,7.073977,5.379101000000004,2.376,0.0744758,0.00636118,0.00260036,0.00174631,0.00127635,0.00105765,0.000877146
3127,6.335627,5.114495000000001,2.451,0.00589062,0.0625286,0.151854,0.178546,0.177048,0.165119,0.146192
3128,7.187959,6.210288000000002,2.508,0.15623,0.0134209,0.00557296,0.00374344,0.00273605,0.00226723,0.00188029
3129,6.81352,5.322334000000005,2.674,1.15119,0.0982849,0.0407664,0.0273824,0.0200136,0.0165843,0.0137539
3131,5.367751,6.6346840000000045,0.07753,2.00607,0.171529,0.0711174,0.0477697,0.0349145,0.028932,0.0239943
3132,6.391664,5.088636999999994,0.10037,0.740309,0.0778056,0.0429855,0.0316186,0.0234417,0.0190152,0.0150981
3134,5.17327,6.264987000000004,0.10381,38.1804,3.30819,1.36142,0.914101,0.668085,0.553608,0.459125
3135,6.174178,6.7948790000000026,0.10387,1.58268,0.136849,0.0548829,0.0367816,0.0268751,0.0222692,0.0184684
3138,5.705143,6.993016999999994,0.10749,3.3145,0.290113,0.119334,0.079758,0.0581409,0.048131,0.0398916
3140,6.364289,6.960245000000001,0.12756,8.57373,0.739313,0.304867,0.204739,0.14964,0.123999,0.102837
3141,6.369205,5.207657000000005,0.14255,1.60171,0.12645,0.0518857,0.0348459,0.0254684,0.0211043,0.0175025
3143,6.426386,5.3292070000000065,0.14465,3.31374,0.345196,0.167595,0.113421,0.0797555,0.0635145,0.0502202
3144,5.6694,5.621473999999996,0.15593,0.376809,0.0716739,0.0222483,0.0113874,0.00685738,0.00521483,0.00407634
3145,6.407297,6.305145999999994,0.15903,2.44401,0.211042,0.0873353,0.0586512,0.0428667,0.0355214,0.0294591
3146,5.872045,5.937185000000001,0.16173,0.495973,0.0394452,0.0162603,0.0109217,0.00798256,0.00661476,0.00548584
3147,6.280066,6.444819000000003,0.16276,0.885872,0.0765061,0.031686,0.0212683,0.0155406,0.0128766,0.0106786
3148,5.555697,6.117836999999998,0.17726,2.17677,0.25869,0.172335,0.136055,0.10435,0.0853072,0.0674809
3149,5.509759,5.224308999999996,0.17783,5.77319,0.422046,0.174579,0.117266,0.0857093,0.0710231,0.0589018
3151,6.579948,6.412875000000002,0.18657,0.877981,0.0746657,0.0308211,0.0207022,0.0151311,0.0125384,0.0103985
3153,5.20835,5.149261000000002,0.18739,2.02271,0.182469,0.0744687,0.0492118,0.0356544,0.0294547,0.0243848
3155,6.603957,6.458139,0.18861,1.93239,0.166554,0.0690074,0.046351,0.0338776,0.0280727,0.0232816
3157,6.295910000000001,6.834777000000003,0.19176,3.30823,0.280511,0.116432,0.0782092,0.0571626,0.0473678,0.0392838
3158,6.92039,7.021183999999995,0.19194,0.300305,0.0260029,0.0107337,0.00720031,0.00526043,0.0043586,0.00361456
3159,6.168217000000001,5.891809000000006,0.19262,0.305397,0.0261542,0.0108532,0.00729024,0.00532839,0.00441537,0.00366182
3160,4.905266,5.922521999999998,0.19267,0.775191,0.0735924,0.0300166,0.0193919,0.0138352,0.0113618,0.00937254
3161,5.368592,5.713533000000002,0.19322,1.01845,0.0876629,0.0363991,0.0244498,0.0178702,0.0148081,0.0122809
3162,6.306191,5.226708999999995,0.19579,1.5409,0.132208,0.0547074,0.0367462,0.0268575,0.0222555,0.0184572
3164,6.477211,5.0241020000000045,0.19664,1.3104,0.108915,0.0449205,0.0301694,0.0220504,0.018272,0.0151536
3165,5.478262,5.324316999999996,0.19816,1.13957,0.0889958,0.0366686,0.0246291,0.0180012,0.0149167,0.0123709
3166,4.884868,6.321697000000007,0.20129,0.876024,0.0751924,0.0307695,0.0206362,0.0150776,0.0124932,0.0103608
3167,6.128326,5.436338999999995,0.20541,0.916956,0.0785497,0.0325698,0.021877,0.0159897,0.0132499,0.0109886
3168,5.565551,5.689540999999994,0.20656,0.71544,0.0607581,0.0252207,0.0169411,0.0123821,0.0102605,0.00850935
3169,5.43641,4.8730159999999945,0.20756,0.296168,0.0262289,0.0102625,0.00683165,0.00498179,0.00412617,0.0034213
3170,6.149681,6.144882999999995,0.20923,0.415247,0.0352763,0.0145999,0.00980652,0.00716751,0.00593936,0.00492571
3171,6.410016,5.691191000000004,0.20996,1.34167,0.115714,0.0479685,0.0322155,0.0235454,0.0195108,0.0161809
3173,6.986653,5.122279000000003,0.21208,1.2912,0.10984,0.0455495,0.0305959,0.0223623,0.0185305,0.015368
3175,5.118327,5.664665000000002,0.23019,0.221683,0.0175443,0.00708055,0.00475274,0.00347354,0.00287834,0.0023871
3176,4.843815,5.823153999999997,0.23112,1.58576,0.136346,0.0563582,0.0378471,0.0276613,0.0229215,0.0190095
3179,6.353027,5.479433,0.2355,6.45842,0.547907,0.225657,0.151546,0.110762,0.0917827,0.0761185
3180,6.360601,5.466931999999996,0.2355,1.17086,0.100376,0.0416537,0.0279793,0.0204499,0.0169458,0.0140537
3181,6.267386,5.781067000000005,0.23585,2.04577,0.179015,0.0723584,0.0485556,0.0354862,0.0294055,0.024387
3182,6.259967,5.818510000000006,0.23585,0.713833,0.0615621,0.0254915,0.0171217,0.0125141,0.0103698,0.00860001
3184,6.47203,5.065206999999995,0.2363,1.64773,0.142251,0.0587834,0.0394743,0.0288505,0.0239069,0.0198268
3185,5.015776,4.908006000000003,0.23721,0.326396,0.030361,0.0126958,0.00828754,0.00590882,0.00483806,0.00397741
3186,6.247381,5.916993999999997,0.23755,2.97805,0.255337,0.105795,0.0710623,0.0519389,0.0430392,0.0356939
3187,5.533022,7.194448000000003,0.23835,0.768283,0.122196,0.0374282,0.0203079,0.0130706,0.0103117,0.00829277
3188,6.470113,6.688738000000001,0.23848,4.61432,0.377218,0.151493,0.101583,0.0742278,0.0615069,0.0510092
3189,6.050449,7.128923999999997,0.2395,0.725974,0.0776405,0.0348994,0.0218528,0.0146968,0.0116147,0.00926948
3191,4.887699,7.153383000000006,0.24356,0.176397,0.0152296,0.00625658,0.00420099,0.00307037,0.00254426,0.00211004
3193,6.431715,5.803033000000004,0.25224,0.915104,0.0804689,0.032564,0.0218158,0.0159382,0.0132064,0.0109523
3194,6.394338,5.802413999999999,0.25224,0.201866,0.0175704,0.00718622,0.00482393,0.00352559,0.00292147,0.00242287
3195,6.392591,5.791232999999999,0.25224,0.174276,0.0144199,0.00594367,0.00399154,0.00291732,0.00241743,0.00200485
3196,7.044077,5.371743999999997,0.25248,0.711649,0.0521523,0.0215128,0.0144502,0.0105616,0.00875186,0.00725822
3197,6.106221,5.615727000000006,0.25289,0.676499,0.0579369,0.0240563,0.016159,0.0118105,0.00978677,0.0081165
3198,6.099045,5.622866999999995,0.25289,0.150542,0.0129214,0.00536099,0.00360104,0.00263197,0.00218099,0.00180877
3199,6.395318,5.838674999999996,0.25307,1.61686,0.14349,0.0582876,0.0388581,0.0283302,0.0234618,0.0194526
3200,6.395035,5.8475600000000005,0.25307,0.15655,0.0169293,0.0052209,0.00331145,0.00238537,0.00197092,0.00163272
3201,4.823575,5.886597999999998,0.25476,0.226731,0.353153,0.325552,0.225179,0.139614,0.0959716,0.061617
3202,4.816999,5.872115999999999,0.25476,0.970196,0.0845322,0.0343462,0.0230441,0.0168407,0.0139549,0.0115733
3203,4.803665,5.879083999999994,0.25476,0.273425,0.0235729,0.00960146,0.00644424,0.00470968,0.00390266,0.0032366
3204,5.766993,5.529084000000004,0.25571,0.860499,0.0729395,0.0301711,0.0202659,0.0148122,0.0122742,0.0101794
3205,6.440247,6.923292999999995,0.25693,0.668842,0.0516643,0.021391,0.0143685,0.0105018,0.00870236,0.00721716
3206,6.460616,6.939422000000006,0.25693,0.233005,0.0201357,0.00832263,0.00558792,0.00408387,0.00338407,0.00280652
3207,6.463179000000001,6.944241000000002,0.25693,0.204064,0.0176264,0.00727076,0.0048786,0.00356464,0.00295363,0.00244946
3208,6.126244,5.716468999999995,0.26028,0.169308,0.0143724,0.00592896,0.00398187,0.00291028,0.0024116,0.00200002
3209,7.143525,4.934661000000006,0.26175,0.576544,0.0494369,0.020527,0.0137883,0.0100778,0.00835094,0.00692572
3210,7.168707000000001,4.943258999999997,0.26175,6.8381,0.580791,0.241099,0.16195,0.118368,0.0980857,0.0813458
3211,5.602932,6.013371000000004,0.26245,0.153671,0.0112488,0.00443017,0.00297169,0.00217173,0.00179959,0.00149246
3212,5.822639,5.546359000000003,0.26258,0.915953,0.0785923,0.0324375,0.0217798,0.0159177,0.0131901,0.0109389
3213,5.055817,4.969809000000004,0.263,0.152463,0.0129243,0.00526892,0.00353419,0.00258245,0.00213986,0.00177464
3214,6.236849,6.707201000000004,0.26342,0.841397,0.0731407,0.0301205,0.0201835,0.0147391,0.0122107,0.0101256
3216,6.715431,6.041782000000004,0.26372,0.847518,0.0653766,0.0225926,0.0151247,0.0110525,0.00915861,0.00759554
3217,6.705155,6.052033999999995,0.26372,0.247772,0.0354273,0.0159146,0.00917033,0.00567993,0.00428874,0.00330019
3218,7.092484,6.069691000000003,0.264,0.332636,0.0281321,0.0116746,0.00784197,0.00573165,0.00474953,0.00393895
3219,4.914124,4.90842,0.2652,0.652754,0.0506358,0.0186273,0.0123907,0.00903986,0.00748859,0.00620987
3220,4.925732,4.911625000000001,0.2652,0.311668,0.0288902,0.0115769,0.00759703,0.00548069,0.0045189,0.00373568
3221,4.895961,4.9099650000000015,0.2652,0.415166,0.0349124,0.0144525,0.0097077,0.00709529,0.00587952,0.00487608
3222,6.392079000000001,5.2514359999999956,0.26546,0.384253,0.033569,0.013994,0.00935036,0.00679843,0.0056184,0.00465
3223,6.339681,6.049426,0.26608,0.111593,0.00970627,0.00399894,0.00268015,0.00195752,0.00162183,0.00134494
3224,6.335452,6.070911999999997,0.26608,0.117234,0.0100479,0.00416449,0.00279729,0.00204452,0.00169419,0.00140505
3225,5.378,5.795067999999998,0.26726,0.0910439,0.00775379,0.0032177,0.00216137,0.00157973,0.00130904,0.00108563
3226,5.988048000000001,6.446750999999996,0.2674,0.0860967,0.00740584,0.00305142,0.00204914,0.00149767,0.00124104,0.00102924
3227,6.001394,6.4336280000000015,0.2674,0.930492,0.0798284,0.0331079,0.0222387,0.0162541,0.013469,0.0111703
3228,5.336211,5.074200000000007,0.26809,0.508184,0.0437696,0.0181551,0.0121948,0.00891306,0.00738581,0.0061253
3229,5.984053,5.083769000000007,0.2686,0.545298,0.0461324,0.0191128,0.0128382,0.00938336,0.00777553,0.00644851
3231,7.014215,7.034417999999996,0.27243,0.257942,0.0221737,0.00920376,0.00618228,0.00451859,0.00374433,0.0031053
3232,7.095148,6.335178999999996,0.27463,0.386656,0.0336762,0.0138477,0.009283,0.00678173,0.00561923,0.00466009
3233,7.093568000000001,6.336414000000007,0.27463,0.256658,0.0223715,0.00911665,0.00612006,0.00447292,0.00370648,0.00307391
3234,5.797799,7.0885260000000025,0.27478,0.308502,0.0263394,0.0108369,0.00727797,0.00531936,0.00440789,0.00365561
3235,5.812453,7.078001000000001,0.27478,0.640816,0.0556212,0.0228664,0.0153509,0.0112192,0.00929676,0.00771011
3236,5.81235,7.074234000000004,0.27478,1.11318,0.10446,0.040755,0.0267194,0.0193336,0.0159723,0.013225
3237,5.812016,7.072101999999997,0.27478,0.711418,0.0612484,0.0254316,0.0170827,0.0124857,0.0103463,0.0085805
3238,7.15423,6.259434999999997,0.27678,16.9027,1.48736,0.598465,0.39948,0.291412,0.241362,0.200125
3239,7.152843,6.257606999999996,0.27678,0.0780509,0.00660281,0.00274138,0.00184143,0.00134589,0.00111527,0.000924931
3240,7.165905999999999,6.250457999999997,0.27678,1.51768,0.128891,0.0534963,0.0359342,0.0262641,0.0217637,0.0180494
3242,6.979391,5.192451000000005,0.27937,0.542505,0.0466428,0.0186865,0.0125353,0.00916088,0.0075911,0.00629554
3243,7.010456,5.187455999999999,0.27937,0.235256,0.019866,0.00822137,0.00552209,0.00403604,0.00334447,0.00277368
3248,6.163735,6.562382999999994,0.2945,0.205241,0.019292,0.00735659,0.00483333,0.00350723,0.00290104,0.00240394
3249,6.167965,6.566934,0.2945,0.301435,0.0265291,0.0106942,0.00717441,0.00524319,0.00434474,0.00360323
3252,5.442269,5.156230000000001,0.29649,0.556102,0.047793,0.0198427,0.0133286,0.0097418,0.00807255,0.00669484
3253,5.439596000000001,5.1577430000000035,0.29649,0.294001,0.0253698,0.0104384,0.00701011,0.00512358,0.00424566,0.00352107
3254,4.883466,6.691403000000005,0.29669,0.408395,0.060528,0.0270199,0.0152954,0.00935374,0.00703325,0.00540626
3255,4.913464,6.697484999999995,0.29669,0.0851506,0.00834723,0.00330764,0.002117,0.0015109,0.0012428,0.0010268
3256,6.19102,6.891769000000002,0.29956,0.5191,0.0408029,0.0166413,0.0111722,0.00816519,0.00676605,0.0056113
3258,7.011869,5.5172639999999955,0.30221,1.24322,0.109425,0.0442408,0.0296519,0.021666,0.017953,0.0148889
3259,7.010935,5.518758,0.30221,0.161135,0.0142329,0.00566435,0.00377918,0.00275733,0.002284,0.0018939
3260,6.997768000000001,5.5154830000000015,0.30221,0.199199,0.0189478,0.00753904,0.00489146,0.00351663,0.00289925,0.00239811
3265,6.329815,5.67164,0.30554,0.104276,0.0084381,0.00346932,0.00233014,0.00170308,0.00141125,0.0011704
3266,6.318195,5.666432000000005,0.30554,0.938054,0.0867238,0.0336564,0.0222381,0.0161737,0.0133872,0.0110971
3267,6.31257,5.674713000000001,0.30554,0.221292,0.0175992,0.00698778,0.00468618,0.00342452,0.00283768,0.00235338
3268,5.204256,5.596081999999999,0.30803,0.735976,0.0618641,0.025685,0.017253,0.0126101,0.0104494,0.00866602
3269,5.203409000000001,5.6077999999999975,0.30803,0.484799,0.0408837,0.016966,0.0113963,0.00832946,0.00690221,0.00572424
3270,6.455169,6.7454489999999945,0.30979,1.56947,0.156395,0.0563696,0.0365138,0.0263806,0.0217988,0.0180555
3271,5.996748,6.287896999999996,0.31121,0.268614,0.0231147,0.00959494,0.00644497,0.00471058,0.00390342,0.00323724
3272,6.005335,6.285853000000005,0.31121,0.643736,0.0568019,0.0228464,0.0152955,0.0111733,0.00925805,0.00767784
3273,5.999402,6.288102999999996,0.31121,0.534022,0.0458375,0.0188436,0.0126517,0.00924661,0.00766217,0.00635449
3274,6.528207,5.362070000000002,0.31171,0.81806,0.0729229,0.0295834,0.0196835,0.0143337,0.0118655,0.00983553
3275,5.647008,6.110091000000005,0.31189,0.214393,0.0184104,0.00763254,0.00512681,0.00374715,0.00310508,0.00257515
3276,6.625915,5.678256000000003,0.31289,0.131824,0.0112617,0.00467623,0.00314109,0.0022958,0.00190242,0.00157774
3277,6.64664,5.656817000000001,0.31289,0.107574,0.0092552,0.00384003,0.00257935,0.00188522,0.00156219,0.00129558
3278,6.396509000000001,6.039775999999998,0.31475,0.0897622,0.0212898,0.0175467,0.0130937,0.0090674,0.00682569,0.0049047
3279,6.397773,6.0396010000000055,0.31475,0.162921,0.023509,0.00578754,0.00358693,0.00258803,0.00214117,0.00177502
3280,6.397411,6.025833000000006,0.31475,0.0642525,0.00552229,0.00229303,0.00154026,0.00112577,0.000932868,0.000773659
3281,6.392394,6.0405549999999995,0.31475,0.55094,0.0466157,0.0193326,0.0129859,0.00949132,0.00786499,0.0065227
3282,6.486503,6.528199999999996,0.31565,0.62695,0.0725683,0.0300845,0.0183005,0.0122625,0.00973164,0.00781401
3283,5.071708,5.852277000000001,0.32407,0.252549,0.0219536,0.00885797,0.00593516,0.00433613,0.00359292,0.00297967
3284,4.90332,6.257741999999995,0.32694,0.124436,0.0107588,0.00444382,0.00298426,0.00218113,0.00180739,0.00149893
3285,4.918995,6.258376999999999,0.32694,0.403294,0.0331999,0.0129489,0.00865703,0.00632213,0.00523814,0.00434397
3286,6.409075,4.9640989999999965,0.32879,1.04123,0.0944259,0.0341904,0.0227354,0.0165939,0.0137482,0.0114014
3287,6.421427,4.97401,0.32879,0.0599205,0.00511951,0.0021002,0.00140919,0.00102974,0.000853258,0.000707625
3288,6.074541,6.747994999999998,0.32957,0.201741,0.0384592,0.0192203,0.0106066,0.00601936,0.00424765,0.00305749
3289,6.067856,6.737532,0.32957,0.344654,0.0296859,0.012207,0.00819365,0.00598799,0.00496187,0.00411502
3291,6.72332,5.126630999999998,0.33054,0.246798,0.0211909,0.00879189,0.00590561,0.00431637,0.00357676,0.00296633
3292,6.692964,5.163130999999998,0.33054,1.15198,0.0987761,0.0409942,0.0275363,0.0201261,0.0166775,0.0138312
3293,6.480251,6.163592000000003,0.33058,0.140992,0.0121343,0.00502611,0.00337602,0.00246751,0.0020447,0.00169574
3294,6.472394,6.163881000000001,0.33058,0.55625,0.0563578,0.0271323,0.0184025,0.0129934,0.0103821,0.00824082
3295,6.473684,6.165121000000006,0.33058,0.855075,0.0741074,0.0303081,0.0203428,0.0148672,0.0123196,0.0102171
3296,6.464345,6.182578,0.33058,0.055206,0.00464105,0.00192362,0.00129211,0.000944396,0.000782574,0.000649015
3297,5.427529,7.056443,0.33063,0.355612,0.0306158,0.0127052,0.00853409,0.0062375,0.00516871,0.00428658
3298,5.572321,6.995063999999996,0.3309,0.95389,0.0782951,0.0324943,0.0218269,0.0159531,0.0132196,0.0109634
3299,5.610357,6.995166000000005,0.3309,0.193233,0.0171002,0.00685997,0.0045912,0.00335365,0.00277878,0.00230448
3300,5.598428000000001,6.999616999999997,0.3309,0.877033,0.0720301,0.0294076,0.0197419,0.0144283,0.0119559,0.00991544
3301,5.595481,6.999123000000003,0.3309,0.069775,0.00596024,0.00247423,0.00166197,0.00121472,0.00100658,0.000834792
3303,5.012490000000001,6.871174999999995,0.3374,1.40384,0.139107,0.0499233,0.0322684,0.0232772,0.0192225,0.0159155
3304,5.02945,6.8814580000000065,0.3374,0.124554,0.0125479,0.00475775,0.00304585,0.00217682,0.00179079,0.00147922
3308,6.780934,7.091326999999997,0.33883,0.283342,0.0242991,0.0100874,0.00677582,0.0049524,0.00410381,0.00340343
3309,5.965769,4.8073849999999965,0.34023,0.233324,0.0199921,0.00830107,0.00557595,0.00407542,0.0033771,0.00280074
3310,5.970671,4.805811999999999,0.34023,0.0746679,0.00719447,0.00268766,0.00177038,0.00128841,0.00106687,0.000884575
3311,6.654727,5.417917000000002,0.34186,0.108364,0.0140959,0.0120421,0.0107644,0.00898186,0.00764869,0.00623776
3312,6.868711,5.518399999999997,0.34225,0.0627179,0.00526285,0.00218493,0.00146765,0.00107269,0.000888888,0.000737185
3313,4.9173230000000006,7.018119000000001,0.34413,0.138303,0.0113735,0.00471936,0.00317006,0.00231698,0.00191997,0.00159229
3314,4.942205,7.035542,0.34413,0.101848,0.00715863,0.00294819,0.00198031,0.00144739,0.00119938,0.000994688
3315,4.927003,7.016496999999999,0.34413,0.332166,0.0283042,0.0117305,0.00787916,0.0057588,0.00477203,0.00395761
3316,4.975703,7.048480000000001,0.34481,0.511761,0.0479353,0.0206008,0.0134742,0.00953554,0.00775591,0.00633394
3317,4.949506,7.158956999999998,0.34528,0.481209,0.0420204,0.0172063,0.011541,0.00843352,0.00698828,0.00579558
3319,5.030939,6.860569999999995,0.34687,0.564275,0.0485964,0.0201532,0.0135366,0.00989374,0.00819845,0.00679925
3320,6.348434,7.0103159999999995,0.3477,0.244786,0.0207539,0.00861055,0.0057838,0.00422734,0.00350299,0.00290515
3321,6.359326,6.991019999999998,0.3477,0.357621,0.0451218,0.0348842,0.0285727,0.0218767,0.0176091,0.013569
3322,6.345253,7.007734000000006,0.3477,0.13491,0.0116404,0.00481726,0.0032353,0.00236462,0.00195944,0.00162503
3323,6.335411000000001,6.9990409999999965,0.3477,0.0875562,0.00742315,0.00307649,0.0020665,0.00151039,0.00125159,0.00103798
3324,6.54313,6.914093999999995,0.34935,0.183665,0.0156997,0.00649516,0.00436276,0.00318871,0.00264233,0.00219137
3325,6.537426,6.908880000000002,0.34935,0.0795176,0.00740705,0.00292833,0.00192065,0.00138779,0.00114549,0.000947815
3326,6.422001,7.187814000000006,0.35004,0.98797,0.0797109,0.0329545,0.0221355,0.0161787,0.0134065,0.0111184
3327,5.304184,6.0376419999999955,0.35006,0.284179,0.0277584,0.0113381,0.00723488,0.00511494,0.00418498,0.00344428
3328,5.298852000000001,6.053585999999999,0.35006,0.146016,0.0124649,0.00517502,0.00347613,0.00254068,0.00210534,0.00174603
3329,5.288524,6.019989000000002,0.35006,0.340866,0.0401483,0.0186333,0.0115231,0.00755659,0.00585404,0.00457711
3330,6.867339,6.445244000000004,0.35192,0.616414,0.0530645,0.0217676,0.0146034,0.0106708,0.00884192,0.00733277
3331,6.88354,6.448957000000004,0.35192,0.361137,0.047935,0.0380026,0.0319864,0.0253576,0.0209494,0.0166061
3332,6.87148,6.450959000000006,0.35192,0.101397,0.00873364,0.00362557,0.00243534,0.00177998,0.00147498,0.00122325
3333,6.881257,6.445753999999998,0.35192,0.124293,0.0107128,0.00438778,0.00294653,0.00215357,0.00178455,0.00147999
3334,6.871908,6.447010999999994,0.35192,0.319109,0.0272348,0.0112763,0.00757432,0.00553602,0.00458743,0.00380451
3338,6.899982,6.3268169999999975,0.35477,0.0740812,0.00634849,0.00263483,0.00176985,0.00129357,0.00107192,0.00088898
3339,6.902538,6.3244319999999945,0.35477,0.365726,0.0328054,0.0133839,0.00887457,0.00643797,0.00531913,0.00440286
3340,6.877022,6.326982000000001,0.35477,0.544671,0.0457904,0.0188506,0.0126615,0.00925419,0.00766849,0.00635974
3341,6.888189,6.325544000000002,0.35477,0.122026,0.0109584,0.00437769,0.00291663,0.00212721,0.00176196,0.00146101
3342,6.893636,6.330438999999994,0.35477,0.158677,0.0136655,0.00567275,0.00381045,0.00278503,0.00230782,0.00191395
3345,6.854179,6.568186000000002,0.35514,0.162902,0.013977,0.00579742,0.00389415,0.00284621,0.00235851,0.00195599
3348,5.099614,5.341507999999995,0.35975,0.116518,0.0100148,0.00415474,0.00279077,0.00203976,0.00169025,0.00140178
3356,5.777135,5.706308999999999,0.36244,0.118856,0.0101602,0.00419355,0.00281655,0.00205859,0.00170585,0.00141472
3357,5.769336,5.701700999999997,0.36244,0.411476,0.0354307,0.0147045,0.00987704,0.00721905,0.00598207,0.00496113
3358,5.770512,5.696462999999998,0.36244,0.054624,0.00472855,0.00194007,0.00130174,0.000951251,0.000788232,0.000653701
3359,5.767708,5.710078000000004,0.36244,0.105888,0.0108328,0.00388565,0.00250708,0.00180999,0.00149564,0.00123891
3369,6.686191000000001,7.139782000000005,0.37369,0.0516328,0.00406873,0.00168746,0.00113349,0.00082846,0.000686504,0.000569341
3370,6.685920000000001,7.135233999999998,0.37369,0.467514,0.0344951,0.0143195,0.0096186,0.00703017,0.00582556,0.00483133
3371,6.687114,7.1418440000000025,0.37369,0.124998,0.0133342,0.00494222,0.00309837,0.00218341,0.00178561,0.00146911
3372,6.671539,7.132108000000004,0.37369,0.0966618,0.0146215,0.00876629,0.00591243,0.00391596,0.00293794,0.00215701
3373,6.683491,7.140171000000003,0.37369,0.521348,0.0436117,0.0179074,0.0120246,0.00878845,0.00728253,0.00603965
3374,5.267591,6.109514000000001,0.3775,0.147855,0.0126852,0.00526704,0.00353795,0.00258586,0.00214278,0.00177708
3375,5.26856,6.109412999999996,0.3775,0.0784149,0.00674756,0.00279937,0.00188032,0.00137431,0.00113882,0.000944466
3378,6.413613,6.027097000000004,0.378,0.0550346,0.00472469,0.00196186,0.00131781,0.000963178,0.000798138,0.000661923
3379,5.854783,6.843689000000001,0.38349,0.0580575,0.00758572,0.00700613,0.00672205,0.00601254,0.005364,0.00459425
3380,5.860542,6.844253999999996,0.38349,1.7119,0.151215,0.0618544,0.0412383,0.0300421,0.0248694,0.020614
3381,5.85622,6.846653000000003,0.38349,0.137156,0.011704,0.00485976,0.00326437,0.00238591,0.00197708,0.00163966
3382,5.8568,6.8448879999999965,0.38349,0.116401,0.010343,0.00405018,0.00269869,0.00196881,0.00163088,0.00135236
3383,5.350413,6.6444179999999955,0.38482,0.0952472,0.00824373,0.00335634,0.00224983,0.0016437,0.00136195,0.00112948
3384,5.362232,6.653712000000002,0.38482,0.213349,0.0214469,0.00799548,0.00515542,0.00371513,0.00306788,0.00254041
3387,6.463371,5.223883999999995,0.39531,0.975967,0.0834054,0.0345816,0.0232288,0.0169777,0.0140686,0.0116676
3388,6.479145,5.221498,0.39531,0.147087,0.0124693,0.00500396,0.00335426,0.00245088,0.00203085,0.00168423
3389,6.481739,5.185845000000003,0.39577,0.63827,0.0580458,0.0226692,0.0150416,0.0109562,0.00907198,0.00752131
3390,6.487372,5.183059999999997,0.39577,0.0807417,0.00669493,0.00267346,0.00179461,0.00131163,0.00108688,0.000901383
3391,5.458549,4.8396239999999935,0.39747,0.201616,0.0162695,0.00666301,0.00447413,0.00327002,0.00270969,0.00224724
3392,5.454857,4.843053000000002,0.39747,0.373,0.0326504,0.0133002,0.00890138,0.00649943,0.00538458,0.0044652
3393,4.845747,6.662532000000005,0.39778,0.318892,0.0286894,0.0114066,0.00762047,0.0055648,0.00461075,0.00382373
3394,4.873199,6.667648000000005,0.39778,0.118288,0.0101242,0.00420145,0.00282216,0.0020627,0.00170926,0.00141755
3395,4.959323,6.6573239999999965,0.39858,0.0603605,0.00494914,0.00204973,0.00137682,0.00100631,0.000833881,0.000691566
3396,6.099428,5.104123000000006,0.40226,0.245785,0.0210127,0.00872142,0.0058583,0.00428179,0.00354811,0.00294257
3397,6.095916,5.112653999999998,0.40226,0.439273,0.0377261,0.0156329,0.0105006,0.00767484,0.00635976,0.00527436
3398,5.300234,6.372373999999996,0.40278,0.145408,0.0125527,0.00518743,0.00348351,0.00254599,0.00210973,0.00174967
3399,6.068501000000001,5.114239999999997,0.40509,0.805719,0.0687751,0.0285534,0.0191797,0.0140183,0.0116163,0.00963379
3400,6.071654,5.104572,0.40509,0.0703207,0.00717639,0.00311965,0.00201705,0.00140288,0.00112605,0.000906764
3401,5.930726,5.330264,0.40609,0.596571,0.0512925,0.0210465,0.0141291,0.0103262,0.00855674,0.00709639
3402,6.117501000000001,5.535124999999997,0.40784,0.504022,0.106927,0.117564,0.106617,0.0872144,0.0726221,0.0574989
3403,5.8433,6.053234999999998,0.40919,1.8609,0.170367,0.067485,0.0445256,0.0322954,0.0266975,0.0221119
3404,5.828729,6.065612999999998,0.40919,1.23496,0.106139,0.044043,0.0295841,0.0216228,0.0179178,0.0148598
3405,5.845381,6.070337000000001,0.40919,0.162207,0.0136482,0.00566651,0.00380627,0.00278198,0.00230529,0.00191185
3406,5.58207,5.207438000000003,0.41173,0.182921,0.0155227,0.00633588,0.00425473,0.00310971,0.00257687,0.00213708
3407,5.578091,5.210498000000004,0.41173,0.0580841,0.00473897,0.00196457,0.00131962,0.000964501,0.000799234,0.000662832
3408,5.584127,5.2084169999999945,0.41173,0.20849,0.0181995,0.00713351,0.00477037,0.0034842,0.0028869,0.00239414
3409,6.274996,5.4990100000000055,0.41183,0.139041,0.0110748,0.00444939,0.00298487,0.00218129,0.0018075,0.00149901
3410,6.27606,5.480328000000002,0.41183,0.271983,0.0233472,0.00967796,0.00650069,0.00475131,0.00393717,0.00326523
3413,7.01146,5.727952999999998,0.41312,0.219992,0.0191802,0.00781289,0.00524269,0.00383145,0.0031749,0.00263305
3418,7.071664,5.587030999999999,0.41484,0.49626,0.0492776,0.0250072,0.0173579,0.0122993,0.0097755,0.0076842
3425,6.785787,7.1969870000000045,0.42062,0.13636,0.0120733,0.00490562,0.00327522,0.00238969,0.00197949,0.00164143
3426,6.789876,7.195097,0.42062,0.349199,0.030104,0.0124245,0.00834324,0.00609781,0.00505294,0.00419057
3435,5.143794,7.1191090000000035,0.42418,0.725726,0.063703,0.0260668,0.0174339,0.012726,0.0105424,0.00874217
3436,5.132695,7.1060689999999935,0.42418,0.357413,0.0271159,0.0107274,0.00718904,0.00525272,0.00435248,0.00360961
3439,6.705491,6.543495000000004,0.42744,0.0865789,0.00733336,0.00304102,0.00204266,0.00149296,0.00123714,0.00102601
3440,7.048847000000001,5.483566999999997,0.42867,0.0913381,0.00788767,0.00326216,0.00219076,0.00160118,0.00132681,0.00110037
3441,5.906354,6.047565999999999,0.42894,0.956077,0.0776831,0.0317094,0.0212928,0.0155625,0.0128958,0.0106949
3442,5.997315,5.726334999999999,0.42924,0.184817,0.0160114,0.00651541,0.00437481,0.00319746,0.00264958,0.00219738
3443,6.002935,5.739577999999997,0.42924,0.0842526,0.00999466,0.00299129,0.00190221,0.00137535,0.00113779,0.000943116
3444,7.14549,6.776201000000002,0.42946,0.252415,0.0213976,0.00888456,0.00596789,0.00436189,0.00361448,0.00299761
3445,7.160471,6.790172999999995,0.42946,0.292941,0.025233,0.0104287,0.00700443,0.00511947,0.00424225,0.00351824
3446,7.1658170000000005,6.769174000000002,0.42946,0.331578,0.0296955,0.0118254,0.00786956,0.00573562,0.00474966,0.00393789
3447,7.156448000000001,6.779063999999999,0.42946,0.055788,0.00419204,0.00173994,0.00116874,0.000854226,0.000707855,0.000587048
3452,6.767213,4.8603709999999944,0.43134,2.62742,0.224266,0.0931214,0.062551,0.0457181,0.0378843,0.0314188
3453,6.799573,4.874271999999999,0.43134,0.128274,0.0110352,0.00457123,0.00307037,0.0022441,0.00185958,0.00154221
3454,5.667905,4.867037000000004,0.43261,0.850818,0.073443,0.0304017,0.0204187,0.0149237,0.0123666,0.010256
3455,5.047773,6.273553999999999,0.43273,0.102497,0.0116299,0.00447923,0.00273793,0.00188059,0.00151899,0.00123878
3456,5.042139,6.280638999999999,0.43273,0.0676378,0.00623816,0.00247595,0.00163302,0.0011864,0.000981753,0.000813733
3459,5.785534,7.060293999999998,0.43502,0.109631,0.00932789,0.00386904,0.00259884,0.00189947,0.001574,0.00130537
3460,5.79467,7.046965000000004,0.43502,0.190407,0.0162879,0.00676217,0.00454225,0.0033199,0.00275104,0.00228153
3461,5.796227,7.0455200000000024,0.43502,0.109054,0.00833669,0.00346115,0.0023249,0.00169926,0.00140809,0.00116778
3462,5.790832,7.051762000000002,0.43502,1.36861,0.117331,0.0487185,0.0327249,0.0239184,0.01982,0.0164374
3463,5.449074,5.086249000000004,0.43511,0.209313,0.0178724,0.00742106,0.00498483,0.00364338,0.00301909,0.00250383
3464,5.468061,5.085963999999997,0.43511,0.427107,0.0365897,0.0151902,0.0102035,0.00745766,0.0061798,0.00512511
3465,5.465039,5.086015999999999,0.43511,0.110622,0.00935875,0.0038805,0.00260654,0.0019051,0.00157866,0.00130924
3467,5.595722,7.178431000000003,0.43702,0.305089,0.0281258,0.0109619,0.00728461,0.00531251,0.00440066,0.0036492
3470,6.065656,6.996859999999998,0.44141,0.0541479,0.00458196,0.00189759,0.00127455,0.000931555,0.000771933,0.00064019
3471,6.083492,6.999055000000001,0.44141,0.114527,0.00996859,0.0040859,0.00274074,0.00200271,0.00165949,0.00137626
3473,4.933122,6.283430999999996,0.44432,0.0961809,0.00796465,0.00329046,0.0022102,0.00161542,0.00133862,0.00111016
3477,5.012335,5.299718000000006,0.44454,0.18233,0.0156643,0.00648743,0.0043576,0.00318494,0.0026392,0.00218878
3478,5.007367,5.3181410000000024,0.44454,1.14933,0.0996533,0.0408776,0.0274402,0.0200544,0.016618,0.0137819
3479,5.011524,5.301452000000005,0.44454,0.644598,0.0553896,0.0229588,0.0154206,0.0112707,0.00933946,0.00774553
3480,5.006176,5.306906000000006,0.44454,1.42144,0.121462,0.0503455,0.033816,0.0247158,0.0204807,0.0169854
3481,5.011157,5.305936,0.44454,0.126555,0.010882,0.00451424,0.00303226,0.00221626,0.0018365,0.00152307
3482,6.866690000000001,6.833831999999995,0.44704,0.0514828,0.00439701,0.00181588,0.0012197,0.000891473,0.000738719,0.000612645
3483,6.860879,6.835047000000002,0.44704,0.167032,0.014354,0.00594285,0.00399122,0.00291709,0.00241724,0.0020047
3484,6.863871,6.830777000000001,0.44704,0.237803,0.0187451,0.00776351,0.00521482,0.00381147,0.00315838,0.00261935
3485,4.917355,5.2927520000000055,0.44767,0.123935,0.0106485,0.00441226,0.00296343,0.00216591,0.00179478,0.00148847
3486,4.919593,5.292815,0.44767,0.116479,0.00999636,0.00414836,0.0027865,0.00203664,0.00168766,0.00139963
3487,4.92319,5.282256000000005,0.44767,0.403567,0.0338398,0.0139266,0.0093536,0.00683644,0.00566502,0.00469819
3489,6.760484,6.9224729999999965,0.45086,0.0932562,0.00873445,0.00338262,0.00223207,0.00162356,0.00134406,0.00111426
3490,6.756548,6.933903000000002,0.45086,0.358364,0.0306509,0.0127241,0.00854697,0.00624692,0.00517652,0.00429306
3493,7.077256,7.134286000000003,0.45252,0.0703717,0.0060992,0.00250581,0.00168217,0.0012294,0.00101874,0.000844874
3497,6.399036,5.548762000000001,0.45415,0.763293,0.0657729,0.0272602,0.0183101,0.0133827,0.0110896,0.00919696
3498,6.401,5.548926000000001,0.45415,0.182356,0.0157268,0.00650723,0.0043704,0.00319426,0.00264692,0.00219518
3499,6.392396,5.539033000000005,0.45415,0.0997003,0.0175485,0.00624395,0.00328062,0.00200108,0.00153395,0.00120884
3500,6.387645,5.5480299999999945,0.45415,0.0917968,0.00786966,0.00326774,0.00219499,0.0016043,0.00132941,0.00110252
3501,5.774205000000001,6.592485000000002,0.45539,0.105227,0.00902283,0.00374531,0.00251577,0.00183876,0.00152369,0.00126365
3502,6.795057,6.452690999999998,0.45552,0.0989485,0.0085402,0.00353136,0.00237128,0.00173306,0.00143609,0.001191
3503,5.07372,5.551700999999994,0.45747,0.0868256,0.00745375,0.00309199,0.00207685,0.00151795,0.00125785,0.00104318
3504,5.064879,5.561498999999996,0.45747,0.0879149,0.00793311,0.00314399,0.00208756,0.00152005,0.0012584,0.00104318
3505,5.055264,5.5638400000000034,0.45747,0.41613,0.0349813,0.0143967,0.00966576,0.0070641,0.0058536,0.00485457
3506,5.012615,5.3374530000000036,0.45751,0.194665,0.0166829,0.00689062,0.00462762,0.00338223,0.00280268,0.00232436
3507,5.030649,5.327946999999998,0.45751,0.0865639,0.00742386,0.00307925,0.00206836,0.00151175,0.00125271,0.00103892
3508,6.435924,7.060502999999998,0.45823,0.718761,0.0624241,0.0250916,0.0168381,0.012306,0.0101974,0.008457
3509,6.444185,7.056183999999994,0.45823,0.0943337,0.007901,0.00327985,0.00220312,0.00161025,0.00133433,0.00110661
3510,5.657731,5.837390000000004,0.45829,0.102354,0.00881124,0.00365846,0.00245744,0.00179613,0.00148836,0.00123435
3511,5.653045,5.828898,0.45829,0.149231,0.0105003,0.00429448,0.00288418,0.00210801,0.0017468,0.00144868
3512,5.647733,5.829121000000004,0.45829,2.30204,0.191025,0.0791036,0.0531333,0.0388347,0.0321804,0.0266883
3513,5.645438,5.849350999999996,0.45829,0.0951032,0.00777901,0.00321147,0.00215713,0.00157663,0.00130648,0.00108351
3514,5.544427,5.7252350000000005,0.45864,0.189323,0.0162441,0.0067438,0.00452991,0.00331088,0.00274356,0.00227533
3515,6.546299,6.5069950000000025,0.4588,0.0810313,0.0069474,0.00288046,0.00193483,0.00141415,0.00117184,0.000971845
3519,4.993162,5.830428999999998,0.46246,0.0871434,0.00752443,0.00306109,0.00205553,0.00150235,0.00124492,0.00103246
3520,4.973202,5.840006000000004,0.46246,0.893214,0.0895151,0.0325624,0.0212337,0.0154056,0.0127483,0.0105673
3521,4.971644,5.839842000000004,0.46246,0.169782,0.0142307,0.00590777,0.00396833,0.00290043,0.00240344,0.00199326
3522,4.968939,5.817959999999994,0.46246,0.220387,0.0195217,0.00798306,0.00531658,0.00387182,0.00320503,0.00265665
3523,7.195212,6.193503000000006,0.46295,0.0788466,0.006049,0.00248805,0.0016712,0.00122146,0.00101217,0.000839425
3524,5.62851,6.522381000000002,0.46327,0.0698711,0.00633556,0.00257977,0.00170351,0.00123291,0.00101784,0.00084215
3525,5.151102,6.012659,0.46356,0.0817703,0.00884755,0.00322538,0.00202024,0.00143523,0.00118008,0.000975079
3526,4.984505,5.919025,0.46412,0.244286,0.0217711,0.0088901,0.00590544,0.00429527,0.00355421,0.00294553
3527,5.015695,5.928766000000006,0.46412,0.0669545,0.00601424,0.00238981,0.00159593,0.00116519,0.000965377,0.00080058
3528,5.284186,6.845800000000002,0.46458,0.115883,0.00989064,0.0041066,0.00275846,0.00201614,0.00167068,0.00138555
3529,5.296367,6.844871999999997,0.46458,0.191778,0.0802821,0.0314801,0.0137925,0.00642186,0.00410254,0.00276239
3533,7.099003,6.8719639999999975,0.46592,0.202267,0.0199284,0.00699785,0.00461104,0.00335919,0.00278233,0.00230717
3535,7.026431,6.986993000000004,0.46658,0.645097,0.0549508,0.0227664,0.0152922,0.011177,0.0092618,0.00768112
3536,6.315569,6.165153000000005,0.46813,6.52439,0.660714,0.276812,0.177102,0.123533,0.0998046,0.081078
3537,6.289796000000001,6.289170999999995,0.46825,0.28705,0.0370927,0.0203049,0.0136038,0.00916434,0.00702108,0.00530574
3538,6.293184,6.288704000000005,0.46825,0.0825188,0.00728854,0.00287985,0.00193088,0.00141106,0.00116926,0.000969706
3539,6.281402000000001,6.278067000000007,0.46825,0.180221,0.0156364,0.00630311,0.00423114,0.0030924,0.00256251,0.00212518
3540,6.291491000000001,6.293733999999997,0.46825,0.697474,0.0604436,0.024958,0.0167369,0.0122252,0.0101286,0.00839917
3541,6.280431,6.814960000000003,0.47028,0.0898784,0.00790637,0.00323561,0.00216138,0.00157664,0.00130583,0.00108273
3542,5.035057,6.186620000000003,0.47075,0.0564733,0.00437622,0.00181372,0.00121829,0.000890443,0.000737866,0.000611938
3543,5.028609,6.187369,0.47075,0.0616663,0.00524076,0.00214839,0.00144209,0.00105391,0.000873314,0.000724266
3544,5.041891,6.183069999999999,0.47075,0.260962,0.0223752,0.009291,0.0062409,0.00456143,0.00377983,0.00313474
3546,6.305882,6.756024999999994,0.47161,0.0656062,0.0048923,0.00202124,0.00135767,0.000992312,0.00082228,0.000681945
3547,7.159586,4.9237950000000055,0.47349,0.118189,0.0101647,0.00421965,0.0028344,0.00207164,0.00171667,0.00142369
3548,5.291677,4.964229000000001,0.47389,0.460138,0.0395006,0.0163855,0.0110063,0.00804445,0.00666604,0.00552837
3549,5.299784,4.959271000000002,0.47389,0.100884,0.00870458,0.00359402,0.0024137,0.00176413,0.00146185,0.00121236
3550,5.295753,4.973727,0.47389,0.113021,0.0096766,0.00400484,0.00269005,0.00196614,0.00162924,0.00135118
3551,5.295936,4.980148999999999,0.47389,0.178584,0.0153452,0.00630769,0.00423614,0.00309613,0.00256561,0.00212775
3552,5.374398,5.218790999999997,0.47406,0.0800342,0.00904846,0.00479498,0.00315704,0.00210092,0.00160887,0.00122714
3553,5.378302,5.216811000000004,0.47406,0.25825,0.0257404,0.0103205,0.00658621,0.00465263,0.0038013,0.0031232
3554,7.134558,6.403715000000004,0.47587,0.291216,0.0250697,0.0103775,0.0069702,0.00509444,0.00422151,0.00350104
3555,7.130473,6.412904999999994,0.47587,0.177705,0.0111834,0.00463755,0.00311511,0.00227681,0.00188668,0.00156469
3556,7.131603,6.406875999999997,0.47587,0.0726124,0.00756294,0.00264037,0.00171003,0.00123917,0.00102527,0.000849846
3557,5.029187,6.0128799999999964,0.47876,0.0708988,0.00478281,0.0019371,0.00130075,0.000950689,0.000787788,0.000653339
3558,5.012198,6.009011000000003,0.47876,0.0750566,0.00748314,0.00266248,0.00172108,0.00124234,0.00102625,0.00084987
3559,5.01945,6.010926999999996,0.47876,1.05578,0.0856327,0.0347825,0.0233566,0.0170709,0.0141458,0.0117316
3560,5.571326,4.905741999999996,0.47879,0.174823,0.0156696,0.00614779,0.00412095,0.00301151,0.00249547,0.00206957
3561,5.574128,4.920085999999996,0.47879,0.0626567,0.00530429,0.00220014,0.00147786,0.00108016,0.000895075,0.000742316
3562,5.569703,4.928852000000001,0.47879,0.153454,0.0128688,0.00534002,0.00358697,0.00262169,0.00217247,0.0018017
3563,6.41496,6.471637999999993,0.47892,0.54118,0.0502032,0.019215,0.012749,0.0092938,0.00769787,0.00638313
3564,6.4304,6.481670000000005,0.47892,0.0771256,0.00665667,0.00271257,0.00181907,0.00132915,0.00110135,0.000913375
3565,6.114825,6.539660000000005,0.48012,0.252989,0.0217623,0.00902972,0.00606533,0.00443311,0.0036735,0.00304655
3566,6.108949,6.544039000000004,0.48012,0.155465,0.0133731,0.00554839,0.00372688,0.00272395,0.00225721,0.00187198
3567,5.109334,5.3606919999999985,0.48031,0.147875,0.0125134,0.00516881,0.00347178,0.0025375,0.0021027,0.00174384
3570,5.332847,5.289994999999995,0.48376,0.10371,0.00898532,0.00370366,0.00248639,0.00181715,0.00150577,0.00124879
3571,5.294852,5.291961999999999,0.48376,0.0761016,0.00654608,0.00271803,0.00182574,0.00133442,0.00110577,0.000917051
3577,5.472946,6.5535699999999935,0.48779,0.126564,0.0109227,0.0045173,0.00303208,0.00221561,0.00183586,0.0015225
3578,5.463251,6.5464179999999965,0.48779,0.140223,0.0120365,0.00499804,0.00335726,0.0024538,0.00203334,0.00168632
3579,5.477776,6.5602270000000065,0.48779,0.0580814,0.00501518,0.00206442,0.00138569,0.00101267,0.000839136,0.00069592
3580,6.141554,5.771085,0.48843,0.0639215,0.00548124,0.00227575,0.00152865,0.00111728,0.000925837,0.000767828
3581,6.142177,5.769809999999997,0.48843,0.138438,0.0120014,0.00495037,0.00332195,0.00242749,0.00201148,0.00166817
3582,6.138155,5.766862999999998,0.48843,0.0751549,0.0062788,0.00260229,0.00174797,0.00127758,0.00105867,0.000877989
3583,6.136488,5.7706019999999985,0.48843,0.15204,0.0151694,0.00608139,0.00387525,0.00273689,0.00223671,0.00183847
3584,5.206341,5.567488000000001,0.4893,0.0557741,0.00564192,0.00215129,0.00137265,0.000981879,0.000808757,0.000668798
3585,4.851113,6.4844150000000065,0.48955,0.71964,0.142223,0.213228,0.237882,0.232812,0.217008,0.192793
3586,5.989067,4.946436000000001,0.48981,0.0861296,0.0245025,0.00867232,0.00393472,0.00205756,0.00145739,0.00108759
3587,5.996473,4.964205999999999,0.48981,0.0567929,0.00491306,0.00202397,0.00135912,0.000993347,0.000823136,0.000682654
3588,5.99214,4.950819999999996,0.48981,0.0536126,0.0047075,0.00191492,0.00127955,0.000933481,0.000773135,0.000641022
3589,6.121163,4.946009000000005,0.48995,0.501545,0.0428238,0.0177788,0.0119423,0.00872855,0.00723292,0.0059985
3590,5.304007,5.553009,0.49014,0.0570036,0.00490193,0.00203325,0.0013657,0.000998172,0.000827135,0.000685971
3591,5.309506,5.554817,0.49014,0.146842,0.0125618,0.00521421,0.00350246,0.00255992,0.00212128,0.00175925
3592,5.375476,5.622783000000006,0.49043,0.0603612,0.00628318,0.00335606,0.00242682,0.00178429,0.00144533,0.00114975
3593,5.356057,5.626322999999996,0.49043,0.0970518,0.00810338,0.00336045,0.00225725,0.00164981,0.00136712,0.0011338
3594,5.359524,5.637294999999996,0.49043,0.0558111,0.0057543,0.00196817,0.00127862,0.0009275,0.000767534,0.000636238
3595,6.69147,5.787096000000002,0.49045,0.235791,0.0202554,0.00840854,0.00564811,0.00412817,0.00342081,0.00283699
3596,6.141288,7.185115999999999,0.49066,0.1287,0.0114537,0.00428298,0.00284971,0.00207947,0.00172275,0.00142863
3597,6.139426,7.184483000000003,0.49066,0.33053,0.0244395,0.0101033,0.0067864,0.00496013,0.00411021,0.00340874
3598,6.123093,7.1887360000000005,0.49066,0.0924515,0.00986024,0.0047889,0.00311377,0.00210535,0.00164577,0.00128839
3599,5.62617,6.806768000000003,0.491,0.194873,0.0162815,0.00673155,0.00452129,0.00330456,0.00273833,0.00227099
3600,6.021872,7.027088999999998,0.4913,0.263001,0.022498,0.00922585,0.0061889,0.00452205,0.00374698,0.00310742
3601,6.023808,7.011414000000002,0.4913,0.493666,0.0909225,0.0240561,0.0124511,0.00801685,0.00638365,0.0051845
3602,5.280349,5.070627000000001,0.49131,0.0819351,0.0069514,0.0028697,0.00192723,0.00140857,0.00116721,0.000968006
3603,5.279622,5.082841000000002,0.49131,0.108161,0.00908196,0.00377094,0.002533,0.00185135,0.00153412,0.0012723
3604,4.917532,6.620199000000006,0.4921,0.124094,0.011696,0.00504046,0.0033242,0.00236296,0.00192184,0.00156592
3605,4.920929,6.621454999999998,0.4921,0.140789,0.0120828,0.00500964,0.00336502,0.00245947,0.00203804,0.00169022
3606,4.917394,6.617081000000005,0.4921,0.0707629,0.00607268,0.00251606,0.00169004,0.00123524,0.00102358,0.000848893
3608,5.133335,6.7712989999999955,0.49366,0.183619,0.0153613,0.0062879,0.00422041,0.00308431,0.00255577,0.00211958
3609,5.126423,6.760822000000005,0.49366,0.0876499,0.00754141,0.00311104,0.00208942,0.00152713,0.00126545,0.00104948
3612,6.483876,6.326150000000006,0.49585,0.205362,0.0225193,0.0114566,0.00770901,0.00531335,0.00416187,0.00323351
3613,5.111868,6.640536000000002,0.49617,0.149636,0.0128378,0.00532982,0.00358011,0.00261668,0.00216831,0.00179826
3614,5.289983,6.639967999999995,0.49617,0.0791932,0.00710251,0.00281512,0.00188398,0.00137636,0.00114047,0.000945821
3615,5.421854,6.515399000000002,0.49656,0.123507,0.010614,0.00439174,0.00294979,0.00215597,0.00178655,0.00148164
3616,5.413855,6.526631,0.49656,0.211798,0.0147707,0.00605136,0.00406417,0.00297045,0.00246146,0.00204138
3617,5.414581,6.536726999999997,0.49656,0.0949182,0.00705927,0.00288452,0.00193744,0.00141606,0.00117342,0.000973155
3618,5.153168,5.905258000000004,0.49665,0.131117,0.0112847,0.00467541,0.00314001,0.00229494,0.0019017,0.00157714
3619,5.134079,5.894617000000002,0.49665,0.552064,0.0568815,0.0206569,0.0133042,0.00960674,0.00794068,0.00657914
3620,5.137336,5.894126999999998,0.49665,0.207966,0.017727,0.0073374,0.00492848,0.00360219,0.00298496,0.00247553
3626,4.917535,6.994435000000003,0.49699,0.0501238,0.00426599,0.00176571,0.00118602,0.000866851,0.000718316,0.000595724
3627,4.892114,6.998052999999996,0.49699,0.0928551,0.00798829,0.00331682,0.00222795,0.0016284,0.00134937,0.00111908
3628,5.023542,7.081516999999998,0.49712,0.0544258,0.00458088,0.0018963,0.00127369,0.000930928,0.000771414,0.00063976
3629,5.020617,7.097770000000002,0.49712,0.0890075,0.00760641,0.00312867,0.00210123,0.00153576,0.00127261,0.00105542
3631,5.940805,6.834542999999994,0.49791,0.301248,0.02557,0.0105833,0.00710839,0.00519544,0.0043052,0.00357045
3632,5.933076,6.831457999999997,0.49791,0.48174,1.33773,4.21275,6.00766,7.14655,7.52624,7.58937
3633,6.110614,7.114885999999998,0.49883,0.0617256,0.00525194,0.00218064,0.00146476,0.00107059,0.000887143,0.000735737
3634,4.843189,6.700633,0.4995,0.788236,0.0657141,0.0269251,0.0180835,0.013217,0.0109523,0.00908312
3635,4.846993,6.687919999999998,0.4995,0.0558896,0.0197405,0.0313873,0.0320123,0.0282215,0.0243962,0.0199257
3636,5.922286,6.096063999999998,0.4996,0.360654,0.0310385,0.0128874,0.00865662,0.00632707,0.00524293,0.00434814
3637,7.098974,7.087519999999994,0.49997,0.085354,0.00697354,0.00288465,0.0019376,0.00141618,0.00117351,0.000973236
3639,6.444271,7.152265,0.50073,0.120037,0.0102063,0.00422419,0.0028374,0.00207384,0.00171849,0.0014252
3640,6.440581,7.1548289999999986,0.50073,0.116351,0.00987915,0.00409752,0.00275235,0.00201167,0.00166697,0.00138248
3641,6.451679,7.153707000000002,0.50073,0.176387,0.0134067,0.00527831,0.00354432,0.00259049,0.00214661,0.00178026
3644,5.722563,6.544543,0.50086,0.0692815,0.00594684,0.00246754,0.00165748,0.00121144,0.00100386,0.000832536
3645,4.993599,5.076491999999998,0.50104,0.106251,0.00908842,0.0037721,0.00253377,0.00185191,0.00153459,0.00127269
3646,5.608813,7.010195999999995,0.50108,0.18235,0.0145807,0.00603947,0.00405672,0.00296502,0.00245697,0.00203765
3647,5.613895,7.000555999999994,0.50108,0.101952,0.00795107,0.00329963,0.00221641,0.00161996,0.00134238,0.00111328
3648,5.612148,6.998860999999997,0.50108,0.146518,0.0122611,0.00497515,0.00333611,0.00243757,0.00201979,0.00167505
3651,6.500064,7.1588300000000045,0.50239,0.534351,0.038756,0.015907,0.0106846,0.00780927,0.00647116,0.00536675
3652,6.509432,7.146847000000001,0.50239,0.071741,0.00612284,0.0025403,0.00170633,0.00124715,0.00103345,0.000857074
3653,5.407138,5.1784399999999975,0.50428,0.231079,0.0197897,0.00813924,0.00546185,0.00399115,0.00330712,0.00274266
3654,5.407543,5.194665999999997,0.50428,0.0710093,0.00608423,0.00252382,0.00169527,0.00123906,0.00102675,0.000851518
3655,5.423215,5.191005,0.50428,0.101781,0.00871834,0.0036146,0.00242789,0.00177453,0.00147046,0.0012195
3656,6.707386,5.914353,0.50446,0.455494,0.0452398,0.0181902,0.0116818,0.00825621,0.0067332,0.0055174
3657,6.708503,5.916030000000003,0.50446,0.0546814,0.00470113,0.00193399,0.00129887,0.000949328,0.000786661,0.000652405
3658,5.570009,6.100519999999998,0.50475,0.370685,0.0382918,0.014565,0.00922484,0.00654714,0.00537225,0.00443088
3659,5.557902,6.104739,0.50475,0.0802994,0.00690317,0.00285664,0.00191876,0.00140241,0.00116211,0.000963776
3660,5.559822,6.108122000000006,0.50475,0.225497,0.0230067,0.00842997,0.00536963,0.00382973,0.00314778,0.00259835
3661,6.414833,5.982364999999997,0.5049,0.0931642,0.00799127,0.0033179,0.00222868,0.00162893,0.00134981,0.00111944
3662,6.4216370000000005,5.983171000000004,0.5049,0.0852906,0.00732981,0.00304291,0.00204396,0.00149392,0.00123794,0.00102666
3663,6.4152,5.967224000000001,0.5049,0.360442,0.0330737,0.0132147,0.00871719,0.00633056,0.00523761,0.00434079
3664,6.495818,5.911513999999996,0.50518,0.0625098,0.0117405,0.00489652,0.002575,0.0014896,0.00109293,0.000827192
3667,6.551794,5.882657,0.50551,0.248285,0.0214739,0.00886089,0.0059477,0.00434653,0.00360167,0.00298697
3668,6.543431,5.870888999999995,0.50551,0.0849861,0.00730171,0.00303177,0.00203649,0.00148845,0.00123341,0.00102291
3669,7.179553000000001,6.710466,0.50601,0.0907174,0.00663155,0.0026916,0.0018073,0.00132091,0.00109457,0.000907761
3671,5.847815,6.036588,0.50651,0.168484,0.0146064,0.00602475,0.00404396,0.00295537,0.00244893,0.00203098
3672,5.839125,6.032763000000003,0.50651,0.294956,0.0250331,0.0103946,0.00698221,0.00510325,0.00422881,0.0035071
3678,7.191086,6.397313999999999,0.50727,0.730292,0.0625935,0.0259596,0.0174373,0.0127448,0.010561,0.00875856
3679,6.605175,5.498013999999999,0.50736,0.176379,0.0151449,0.00628855,0.00422411,0.00308738,0.00255836,0.00212173
3680,6.607026,5.483360999999998,0.50736,0.373142,0.0319866,0.0132798,0.0089202,0.00651971,0.00540256,0.00448053
3681,6.605904,5.482664000000002,0.50736,0.48576,0.0514901,0.0214289,0.0133108,0.0091288,0.00734736,0.00597136
3682,5.577406,6.194623999999998,0.50822,0.0964995,0.0848788,0.154661,0.16268,0.147148,0.129432,0.107754
3683,5.966122,5.689318000000003,0.50857,0.0518148,0.00443696,0.00183803,0.00123459,0.000902355,0.000747737,0.000620124
3684,5.989236,5.6925019999999975,0.50857,0.276921,0.0241164,0.00961624,0.00642637,0.00469135,0.00388655,0.00322294
3685,5.814556,6.382592000000005,0.50857,0.068397,0.00587794,0.00244031,0.00163919,0.00119807,0.000992783,0.000823348
3686,6.427133,5.050853000000005,0.50912,0.0934706,0.007876,0.00290024,0.00193001,0.00140849,0.00116689,0.000967675
3687,6.421779,5.0592769999999945,0.50912,0.11535,0.00986399,0.0040748,0.00273676,0.00200026,0.00165752,0.00137464
3688,6.419006,5.058276999999997,0.50912,0.136155,0.0116686,0.00484309,0.00325317,0.00237772,0.0019703,0.00163404
3689,6.438073000000001,5.046899999999998,0.50912,0.210934,0.0175998,0.00722086,0.00484839,0.00354351,0.00293632,0.00243518
3696,6.901787,6.263363999999999,0.51076,0.12218,0.0105174,0.00436546,0.00293233,0.00214322,0.00177598,0.00147288
3697,5.249795,6.493137000000003,0.51114,0.0645032,0.00543041,0.00218571,0.00146578,0.0010711,0.000887545,0.000736066
3698,5.365463000000001,6.533482999999994,0.51136,0.0614364,0.00529008,0.00219551,0.00147475,0.00107788,0.000893187,0.00074075
3699,5.358855,6.533643000000004,0.51136,0.0502857,0.00333736,0.00137095,0.000920862,0.000673052,0.000557725,0.00046254
3700,5.000889,7.135650000000002,0.5114,0.0713302,0.00713822,0.00269324,0.00173221,0.00124415,0.00102592,0.000848772
3702,4.986856,6.319955000000001,0.51168,0.259318,0.0216959,0.00898009,0.00603179,0.00440859,0.00365318,0.0030297
3703,4.988639,6.317551,0.51168,0.193847,0.0155437,0.00645348,0.0043349,0.00316835,0.00262545,0.00217738
3704,4.985125000000001,6.315477000000005,0.51168,0.183099,0.0228945,0.00830948,0.00494909,0.00333871,0.00267228,0.00216342
3705,4.988267,6.319456000000001,0.51168,0.0565553,0.00468774,0.00194219,0.00130458,0.000953511,0.000790127,0.000655279
3706,4.994349,6.320455000000006,0.51168,0.0522331,0.00451379,0.00182394,0.00122346,0.000894078,0.000740866,0.000614423
3707,6.13302,7.044051999999999,0.51213,0.180404,0.0332482,0.0610791,0.0792274,0.0885099,0.0897429,0.0869776
3708,5.56365,6.423471000000005,0.51228,0.137937,0.0106801,0.00443364,0.00297814,0.0021767,0.00180372,0.00149589
3709,5.56472,6.4260619999999955,0.51228,1.76855,0.253413,0.111592,0.0669125,0.0427842,0.0325691,0.024975
3710,5.580258,5.709100999999996,0.51309,0.196287,0.0167969,0.00696943,0.00468145,0.00342164,0.00283535,0.00235145
3711,5.569327,5.714557999999996,0.51309,0.067205,0.00587529,0.00233489,0.00156544,0.00114396,0.00094793,0.000786148
3712,5.568334000000001,5.713534000000005,0.51309,0.145844,0.0125463,0.00520952,0.00349931,0.00255762,0.00211938,0.00175767
3713,5.57019,5.715648000000006,0.51309,0.0532994,0.00468693,0.00189188,0.00126845,0.000926901,0.00076806,0.000636975
3714,6.006532,6.716638000000003,0.51327,0.216313,0.0183232,0.00759147,0.00509904,0.00372684,0.00308824,0.00256119
3715,5.54167,5.682485999999998,0.51474,0.174416,0.0137045,0.00568842,0.00382099,0.00279274,0.00231421,0.00191925
3716,5.527547,5.6923560000000055,0.51474,0.534021,0.0482796,0.0189631,0.0126942,0.00927487,0.0076854,0.00637373
3717,5.528404,5.691713999999998,0.51474,0.081757,0.00774849,0.00294518,0.00194146,0.00141223,0.00116916,0.000969285
3718,6.202142,6.065428000000004,0.51491,0.057813,0.00495999,0.00204931,0.00137643,0.00100602,0.000833636,0.000691363
3719,5.152957,5.624594999999995,0.51694,0.0885039,0.00763262,0.00315378,0.00211827,0.00154823,0.00128294,0.00106398
3727,5.387003,5.682024999999995,0.51878,0.0659594,0.00663285,0.0022929,0.00148991,0.00108004,0.000893528,0.000740573
3728,5.377188,5.676535999999995,0.51878,0.163609,0.0140141,0.00581765,0.00390779,0.00285618,0.00236677,0.00196284
3729,5.379409,5.677764000000003,0.51878,0.148514,0.0128376,0.00531942,0.00356958,0.00260802,0.00216093,0.00179205
3730,5.378093,5.676664999999996,0.51878,0.922189,0.0796884,0.0329157,0.0221062,0.0161571,0.0133886,0.0111036
3735,6.487527,6.046189,0.52039,0.248402,0.0230142,0.00842604,0.00553204,0.00401731,0.00332402,0.00275493
3736,6.489651,6.043860000000001,0.52039,0.174149,0.0154546,0.00626733,0.00418242,0.00305105,0.0025272,0.00209554
3741,6.436177,5.174477000000002,0.52089,0.0538092,0.00460655,0.00191199,0.0012843,0.000938689,0.000777845,0.000645093
3742,6.448847,5.177341999999995,0.52089,0.192909,0.0160859,0.00667721,0.00448518,0.00327819,0.00271647,0.00225286
3746,5.687764,4.844900000000003,0.52172,0.160054,0.0136003,0.00564725,0.00379334,0.00277253,0.00229746,0.00190536
3747,5.714947,4.850377000000006,0.52172,0.0666176,0.00551638,0.00228219,0.0015329,0.00112038,0.000928407,0.000769959
3751,7.082214,7.145521,0.52281,0.0539651,0.00464815,0.00192728,0.00129449,0.00094613,0.000784011,0.000650207
3757,7.038366,4.912134000000003,0.52396,0.275676,0.0237658,0.0098612,0.00662282,0.00484036,0.00401093,0.00332638
3758,7.023132,4.901873000000002,0.52396,0.294421,0.0350473,0.0127572,0.00768596,0.00528389,0.00428205,0.00350446
3759,6.86595,7.0937410000000005,0.52421,0.272507,0.0233202,0.00953903,0.0064058,0.00468189,0.00387965,0.00321752
3760,5.22491,6.666146999999999,0.52432,0.0537225,0.00995964,0.0058214,0.00376001,0.00239436,0.00175427,0.00125944
3762,5.60239,6.203725999999996,0.5262,0.124401,0.0106905,0.00443627,0.00297987,0.00217797,0.00180477,0.00149676
3763,5.602627,6.201898999999998,0.5262,0.0707691,0.00608021,0.00252163,0.00169378,0.00123797,0.00102585,0.000850769
3764,5.599603000000001,6.204018000000006,0.5262,0.126166,0.0110132,0.00448189,0.00300528,0.00219595,0.00181961,0.00150905
3766,5.242001,6.714901000000005,0.52664,0.0964006,0.0114476,0.00496405,0.00296004,0.00193763,0.00152113,0.00121341
3767,5.242823,6.721689000000001,0.52664,0.101846,0.0087047,0.00361271,0.0024267,0.00177366,0.00146975,0.00121891
3768,5.232178,6.713343000000003,0.52664,0.0899808,0.00784039,0.00322218,0.00215827,0.00157596,0.0013056,0.00108265
3769,7.033345,5.174837,0.5271,0.157565,0.0135131,0.00561028,0.0037685,0.00275437,0.00228241,0.00189288
3770,7.031312,5.1791940000000025,0.5271,0.437145,0.0361376,0.0147479,0.00989909,0.00723452,0.00599483,0.0049717
3771,7.037063000000001,5.176549000000001,0.5271,0.315059,0.0268233,0.0111346,0.00747927,0.00546655,0.00452986,0.00375677
3772,6.505208,5.490132000000003,0.52757,0.0836787,0.00718532,0.00298338,0.00200398,0.0014647,0.00121372,0.00100658
3773,4.823326,5.456576000000002,0.52764,0.137455,0.0120911,0.004871,0.00325346,0.00237397,0.00196641,0.00163052
3783,5.82685,5.988593000000005,0.52904,0.132145,0.0113843,0.0047185,0.00316925,0.00231636,0.00191946,0.00159187
3784,5.816851,5.991691999999994,0.52904,0.0500141,0.00459809,0.00196515,0.0013005,0.000930004,0.000759776,0.000621929
3785,5.819833,5.9890029999999985,0.52904,0.181812,0.0163204,0.00630021,0.0042027,0.0030682,0.00254206,0.00210811
3787,4.870079,6.350562999999999,0.52949,0.185472,0.0437963,0.0192242,0.00997703,0.00547418,0.00381813,0.00273286
3788,4.874481,6.357244000000004,0.52949,0.0701558,0.00672971,0.00230185,0.00148878,0.00107625,0.00088956,0.000736906
3789,4.874605000000001,6.357469000000004,0.52949,0.0745028,0.00634351,0.00263393,0.00176925,0.00129313,0.00107155,0.000888677
3798,6.101013,4.893739000000002,0.53067,0.0967853,0.00837818,0.00345963,0.00232111,0.00169586,0.00140515,0.00116529
3799,6.090654,4.885011999999998,0.53067,0.251059,0.0215921,0.00895771,0.00601695,0.00439775,0.0036442,0.00302226
3800,6.094504,4.885534000000001,0.53067,0.0860229,0.00818695,0.0030952,0.00204137,0.00148562,0.00123011,0.00101989
3806,6.182018,5.911335,0.5326,0.0739743,0.00633678,0.00261446,0.00175596,0.00128341,0.0010635,0.000881997
3820,6.949668,5.117469000000004,0.53588,0.140082,0.0120536,0.00497224,0.00333798,0.00243944,0.0020214,0.00167641
3821,6.947853,5.1153049999999975,0.53588,0.167173,0.0143638,0.00596359,0.00400582,0.00292783,0.00242615,0.00201209
3822,5.311021,6.328756999999997,0.53631,0.453203,0.0409795,0.0158065,0.0105222,0.00767675,0.00635945,0.00527357
3823,5.316725,6.333328000000005,0.53631,0.179887,0.0154225,0.00638679,0.00428991,0.00313546,0.0025982,0.00215477
3824,5.316751,6.320928999999998,0.53631,0.142391,0.0161555,0.00556459,0.00346357,0.00246155,0.00202508,0.00167391
3826,5.084942,4.820843999999997,0.53647,0.445088,0.0380909,0.0158165,0.0106242,0.00776512,0.00643457,0.00533641
3827,5.087772,4.8182309999999955,0.53647,0.216469,0.0174902,0.00724906,0.00486926,0.00355891,0.00294909,0.00244578
3829,5.343655,6.692784999999998,0.53669,0.0750592,0.00647168,0.00266065,0.00178645,0.00130565,0.00108192,0.000897275
3830,5.350923,6.687935000000007,0.53669,0.281698,0.0238799,0.00990114,0.00665047,0.00486076,0.00402787,0.00334045
3831,5.356717000000001,6.284794999999995,0.53707,0.205187,0.0169801,0.00705023,0.00473574,0.00346132,0.00286823,0.00237872
3832,5.359157,6.283272000000003,0.53707,0.0680366,0.00571878,0.00237033,0.00159214,0.00116368,0.000964288,0.000799716
3833,5.356666,6.280335999999997,0.53707,0.543733,0.0524425,0.0182474,0.0119528,0.00868828,0.00719241,0.00596278
3838,6.334439,6.144676000000003,0.53797,0.103786,0.00893253,0.00370731,0.00249024,0.0018201,0.00150823,0.00125082
3845,5.7243,5.475799999999999,0.53852,0.0897739,0.00774418,0.00318836,0.00214126,0.00156502,0.00129685,0.00107552
3847,6.810673,5.092317000000003,0.53887,0.0664074,0.0124272,0.00687302,0.00425814,0.0026267,0.00189817,0.00135473
3848,6.808164,5.0918869999999945,0.53887,0.0789912,0.006968,0.00286806,0.00191082,0.00139034,0.00115024,0.000953014
3849,6.805824,5.082183999999999,0.53887,0.255911,0.0219578,0.00911273,0.00612114,0.0044739,0.0037073,0.00307459
3852,5.0833,5.199723000000006,0.5403,0.122717,0.0105253,0.0043697,0.00293519,0.00214531,0.00177771,0.00147432
3853,5.056483,5.223194000000002,0.5403,2.706,0.619848,0.531993,0.413302,0.298108,0.230618,0.170421
3854,5.059554,5.206196999999994,0.5403,0.284798,0.0244209,0.0101401,0.00681123,0.00497828,0.00412526,0.00342121
3856,6.0049,6.4218699999999975,0.54078,0.16447,0.0139922,0.00581002,0.00390267,0.00285244,0.00236367,0.00196027
3859,5.163092,5.314220999999999,0.54207,0.175659,0.0150939,0.00626273,0.00420672,0.00307466,0.00254782,0.00211299
3860,5.157746,5.3046229999999985,0.54207,0.0695291,0.00583188,0.00242143,0.00162651,0.0011888,0.000985103,0.000816979
3864,6.283513,6.4034629999999995,0.54242,0.14081,0.0121428,0.00501739,0.00336958,0.00246276,0.00204076,0.00169247
3866,5.265793,5.318244000000003,0.54307,0.261289,0.0230621,0.00908492,0.00607306,0.00443509,0.0036747,0.00304743
3873,6.458472,5.060218,0.54491,1.75297,0.155363,0.0623431,0.041731,0.0304838,0.0252585,0.0209473
3874,5.640813,5.263826000000005,0.54504,0.0629485,0.00556498,0.00225673,0.00150958,0.00110236,0.00091334,0.000757427
3877,6.205572,5.314345000000006,0.54656,0.108358,0.0093377,0.00385922,0.00259165,0.00189416,0.00156959,0.00130172
3878,6.212898,5.313865000000003,0.54656,0.194397,0.016659,0.00691738,0.0046465,0.0033961,0.00281418,0.00233389
3880,6.903667000000001,6.578991000000003,0.54708,0.146127,0.012358,0.00491636,0.00330019,0.00241201,0.00199871,0.0016576
3881,6.900742,6.589056000000005,0.54708,0.182687,0.0177795,0.00824242,0.00557366,0.00396789,0.0031994,0.00256825
3882,6.358066,5.4260559999999955,0.54719,0.285888,0.0250617,0.0101199,0.00677077,0.00494413,0.00409622,0.0033969
3883,6.360281,5.425904000000005,0.54719,0.115613,0.00937421,0.00388457,0.00260931,0.00190713,0.00158034,0.00131063
3884,5.452306,5.714102,0.54755,0.0861921,0.00747374,0.00305755,0.00205326,0.0015007,0.00124355,0.00103132
3887,6.939672,5.846142000000005,0.54798,0.114597,0.00980856,0.00406908,0.00273325,0.00199771,0.0016554,0.00137288
3888,5.754481,5.377602999999996,0.54799,0.156022,0.0136248,0.00557463,0.00373499,0.00272815,0.00226041,0.00187454
3889,6.446652,6.3210759999999935,0.54809,0.198233,0.0168262,0.00697604,0.00468586,0.00342487,0.00283802,0.00235366
3890,6.44445,6.335622999999996,0.54809,0.162898,0.0133021,0.00551557,0.00370487,0.00270786,0.00224387,0.00186092
3891,5.102651,5.716117999999994,0.55093,0.0580545,0.00471412,0.00195211,0.00131125,0.000958388,0.000794168,0.000658631
3892,5.103681,5.704000999999995,0.55093,0.141499,0.0140506,0.00512024,0.00332636,0.0024065,0.00198943,0.00164821
3893,5.414367,6.073778000000006,0.55099,0.107418,0.00897625,0.0037262,0.00250294,0.00182939,0.00151592,0.00125721
3894,5.417749,6.076053999999998,0.55099,0.236281,0.0194111,0.00805731,0.00541221,0.00395575,0.00327793,0.0027185
3895,5.41572,6.075982999999997,0.55099,0.133327,0.0114072,0.00468692,0.00314785,0.00230073,0.0019065,0.00158112
3897,6.953968,5.068965999999998,0.55283,0.162507,0.0138996,0.00576123,0.00386987,0.00282846,0.00234381,0.0019438
3899,6.061331000000001,6.7525370000000065,0.55308,0.361893,0.0335575,0.0131846,0.00871228,0.00633946,0.00524861,0.00435146
3900,6.059476,6.755214999999997,0.55308,0.0647997,0.00539213,0.00223761,0.00150303,0.00109856,0.000910321,0.00075496
3901,6.074304,5.500801000000001,0.55329,0.0572338,0.00496514,0.00203808,0.00136744,0.00099925,0.000828004,0.000686685
3902,7.10256,5.1477789999999946,0.55339,0.945394,0.0781489,0.0315549,0.0211607,0.0154623,0.0128124,0.0106256
3903,7.103389,5.141497000000002,0.55339,0.148511,0.0123103,0.00504219,0.00338551,0.00247434,0.00205036,0.00170043
3909,6.4670570000000005,6.757524999999997,0.55358,0.0571171,0.00486798,0.00202125,0.0013577,0.000992335,0.000822299,0.00068196
3910,6.470361,6.756720999999998,0.55358,0.0600703,0.021705,0.0139895,0.00838677,0.004757,0.00317463,0.00204644
3912,5.070704,4.921591999999997,0.55391,0.0639828,0.00550598,0.00228617,0.00153565,0.0011224,0.000930076,0.000771344
3913,5.075173,4.911970999999995,0.55391,0.180296,0.0150851,0.00626344,0.00420724,0.00307505,0.00254814,0.00211326
3914,5.628901,6.8012880000000004,0.55404,0.0573258,0.00493665,0.00204948,0.00137666,0.00100619,0.000833784,0.000691485
3915,6.305913,6.729441999999996,0.5543,0.256381,0.0232136,0.00921513,0.00614011,0.00448008,0.00371139,0.0030777
3916,6.30754,6.731845000000007,0.5543,0.0953759,0.0102582,0.00824304,0.00802537,0.00744192,0.00682399,0.0060209
3918,5.539205,5.282887999999997,0.55483,3.88453,0.334558,0.138897,0.0932988,0.0681915,0.0565069,0.0468631
3919,5.542143,5.267700999999996,0.55483,0.094983,0.00832236,0.00339275,0.00227217,0.00165956,0.00137502,0.00114029
3920,5.551111,5.267101999999994,0.55483,0.115441,0.0101332,0.00410928,0.0027483,0.00200627,0.00166205,0.00137823
3921,5.540726,5.268877999999994,0.55483,80.6928,7.91521,3.28274,2.09053,1.46902,1.19738,0.982487
3922,5.382722000000001,6.334801000000002,0.55491,0.166896,0.0161753,0.00792587,0.00550223,0.00394744,0.00317365,0.00252642
3923,5.383137,6.355857999999995,0.55491,0.143765,0.0127628,0.00509091,0.00341027,0.00249174,0.00206471,0.00171232
3924,5.39301,6.328444999999997,0.55491,0.101464,0.00818853,0.00337448,0.00226643,0.0016565,0.00137266,0.00113839
3926,6.353399,6.8878860000000035,0.55553,0.138937,0.0116488,0.00483685,0.00324898,0.00237466,0.00196776,0.00163193
3927,6.359064,6.885086000000001,0.55553,2.06546,0.17698,0.0732734,0.0492177,0.0359729,0.0298089,0.0247216
3928,6.357126,6.884398999999994,0.55553,0.0897448,0.00843067,0.00374259,0.0024597,0.00172914,0.00139662,0.00113208
3929,6.364192,6.893862999999999,0.55553,0.075317,0.00581737,0.00240307,0.00161414,0.00117976,0.00097761,0.000810765
3930,6.353058,6.887722000000004,0.55553,0.0694786,0.0105841,0.0110668,0.0104578,0.00893657,0.0076565,0.00624225
3931,6.16347,5.281233999999996,0.55598,0.0646357,0.00543716,0.00222079,0.00149121,0.00108989,0.000903138,0.000749003
3932,6.163017,5.282899000000002,0.55598,0.178207,0.0150512,0.00624917,0.00419766,0.00306804,0.00254233,0.00210844
3933,6.159358,5.283534999999998,0.55598,0.0590163,0.00506114,0.00210152,0.00141162,0.00103175,0.000854957,0.000709045
3934,5.836704,7.1346490000000005,0.55606,0.218857,0.018761,0.00778998,0.00523264,0.0038245,0.00316918,0.00262831
3941,5.707745,7.138578000000002,0.55748,0.0979955,0.0085389,0.00348882,0.00233716,0.00170699,0.00141428,0.00117284
3943,5.86938,5.341440999999997,0.55801,0.0738088,0.00659273,0.00276107,0.00183381,0.00132423,0.00108995,0.00089892
3944,5.873787,5.335101000000004,0.55801,0.108731,0.00926226,0.00384606,0.00258345,0.00188823,0.00156468,0.00129764
3945,5.170084,6.101454000000001,0.55801,0.0809369,0.00712082,0.00295257,0.00197027,0.00143208,0.00118333,0.000979177
3946,5.169408,6.096502,0.55801,0.0926902,0.00928129,0.00347363,0.00224447,0.00161974,0.00133826,0.00110849
3947,5.170976,6.095081000000005,0.55801,0.0676227,0.00724815,0.00310286,0.00195788,0.00133969,0.00106925,0.000859239
3950,7.167791,6.191363999999996,0.5581,0.846749,0.0727243,0.0297243,0.0199401,0.0145707,0.0120736,0.0100129
3951,7.164342000000001,6.206820999999995,0.5581,0.20698,0.0177483,0.0073698,0.0049504,0.00361822,0.00299824,0.00248654
3952,7.159068,6.19716,0.5581,0.0702672,0.00746446,0.002406,0.00154353,0.00111583,0.000922723,0.000764662
3953,7.157013,7.189859,0.5584,0.110426,0.0350041,0.0103249,0.00444765,0.00233458,0.00168376,0.00128166
3954,7.149484,7.185507999999997,0.5584,0.127354,0.0110606,0.0045406,0.00304748,0.00222715,0.00184551,0.00153054
3955,7.190043000000001,6.012097000000004,0.55873,0.198934,0.0171343,0.00711367,0.0047783,0.00349242,0.002894,0.00240009
3956,5.977897,6.713675999999996,0.55883,0.128537,0.0111124,0.00441242,0.00294982,0.00215389,0.00178451,0.00147986
3957,5.970318000000001,6.714221000000001,0.55883,0.136816,0.0117404,0.00486717,0.00326932,0.00238952,0.00198008,0.00164215
3959,7.069627,6.1493670000000025,0.55915,0.169371,0.0493542,0.0549171,0.0469373,0.0359226,0.0285397,0.0214669
3960,7.088039000000001,7.1099789999999965,0.55931,0.0559678,0.00458589,0.00189505,0.00127285,0.000930313,0.000770905,0.000639337
3961,7.088868000000001,7.110483000000005,0.55931,0.133511,0.0111325,0.00462171,0.00310447,0.00226903,0.00188024,0.00155934
3962,7.090427,7.118608999999998,0.55931,0.374703,0.0325515,0.0134163,0.00899609,0.00657189,0.0054452,0.00451569
3963,6.206559000000001,5.102913999999997,0.5597,0.078616,0.00663025,0.00275308,0.00184928,0.00135163,0.00112003,0.000928877
3964,7.1898029999999995,5.990501000000005,0.55985,0.0511577,0.00439274,0.00182402,0.00122522,0.000895505,0.000742061,0.000615416
3965,6.191762,7.015961000000005,0.56043,0.0630748,0.00632821,0.00234421,0.00150141,0.00107352,0.000883054,0.000729227
3966,6.191046,7.015659999999998,0.56043,0.0940967,0.00800298,0.0033206,0.00223049,0.00163025,0.00135091,0.00112035
3967,6.191632,7.015932999999996,0.56043,0.126914,0.0107451,0.00445582,0.00299301,0.00218757,0.00181273,0.00150336
3968,6.653174,6.9916759999999964,0.56089,0.0675478,0.00569735,0.00235973,0.001585,0.00115846,0.00095996,0.000796128
3969,5.825237,5.518090000000005,0.56093,0.36236,0.0316825,0.0129266,0.00866676,0.00633253,0.00524723,0.00435166
3970,5.83019,5.521681999999997,0.56093,0.159581,0.0132486,0.0055005,0.00369476,0.00270048,0.00223775,0.00185584
3972,6.532945,7.188707,0.56103,0.111503,0.00957882,0.00397356,0.00266908,0.00195082,0.00161654,0.00134066
3973,6.125578,5.260158000000005,0.56108,0.365348,0.0362003,0.0139578,0.00896961,0.00640241,0.00525916,0.00433799
3974,6.390055,7.159344000000002,0.56113,0.0501341,0.00409327,0.0016988,0.00114111,0.000834028,0.000691118,0.000573167
3978,5.412262,6.907539999999996,0.56207,0.0534479,0.00420991,0.00174746,0.00117379,0.000857917,0.000710914,0.000589585
3979,5.414411,6.9019219999999954,0.56207,0.0568815,0.00494254,0.00197138,0.00132196,0.00096606,0.000800515,0.000663892
3980,5.409815,6.905992999999998,0.56207,0.208638,0.0152852,0.00622499,0.00418074,0.00305565,0.00253207,0.00209993
3982,6.013697,5.400044000000004,0.56282,0.182485,0.0311833,0.0110359,0.0060147,0.00371984,0.00283907,0.00221242
3983,6.010376,5.404749999999998,0.56282,0.141266,0.0161117,0.00806447,0.00523294,0.00349813,0.00270363,0.00208713
3984,6.806523,6.320719999999999,0.56285,0.29359,0.0254225,0.0104735,0.007033,0.00514024,0.00425945,0.00353251
3987,5.290132,5.595836999999997,0.56314,0.293873,0.0232781,0.00935066,0.00627303,0.00458424,0.00379867,0.00315035
3988,5.291842,5.596949000000005,0.56314,0.107992,0.0114655,0.00441255,0.00274692,0.00192988,0.00157867,0.00130018
3989,5.281083,5.603847000000004,0.56314,0.0993815,0.00845557,0.00350645,0.00235527,0.00172145,0.00142648,0.00118303
3990,5.311903,6.820434999999998,0.56316,0.0835488,0.0060548,0.00246506,0.00165517,0.00120971,0.00100243,0.000831346
3991,5.299713,6.827952000000002,0.56316,0.0721999,0.00596722,0.00246777,0.00165761,0.00121153,0.00100394,0.000832599
3992,5.296056,6.8321490000000065,0.56316,0.0695905,0.00624139,0.00243066,0.00162487,0.00118683,0.000983393,0.000815544
3993,5.303959000000001,6.832011999999999,0.56316,0.123535,0.0109543,0.00448791,0.00298632,0.00217195,0.00179665,0.00148847
3994,6.343857,6.155427999999999,0.56344,0.827552,0.066296,0.0269669,0.0181109,0.0132371,0.0109689,0.00909688
3995,6.332288,6.169251000000001,0.56344,0.0667358,0.00585518,0.00228981,0.00153026,0.00111751,0.000925913,0.000767862
3996,6.630351000000001,6.603310000000006,0.56356,0.10723,0.00820697,0.00323253,0.00216505,0.00158174,0.00131063,0.00108693
3997,6.632934,6.6096239999999975,0.56356,0.288565,0.0259315,0.0105237,0.00697797,0.00506668,0.00418869,0.00346891
3998,6.635324,6.608889999999996,0.56356,0.121242,0.0110099,0.00429422,0.00286613,0.00209273,0.00173392,0.00143795
4000,5.937452,5.357518000000005,0.56378,0.104733,0.00907155,0.00374341,0.00251237,0.00183596,0.00152133,0.00126168
4003,5.602295000000001,5.469688000000004,0.56397,0.0607035,0.00547171,0.00218865,0.00145465,0.00105964,0.000877378,0.000727391
4004,5.470444,6.775803999999997,0.56406,0.0553939,0.00476388,0.00197696,0.00132793,0.000970573,0.000804266,0.000667005
4005,5.470488,6.774468999999998,0.56406,0.180654,0.0151182,0.00623837,0.00418968,0.00306216,0.00253745,0.00210439
4006,5.466707,6.779383000000001,0.56406,0.273326,0.0483305,0.017724,0.00942093,0.00571112,0.00433565,0.00337987
4007,7.185704,4.970263999999997,0.56431,0.0766712,0.00776256,0.00256785,0.0016903,0.00123192,0.00102049,0.000846253
4011,5.876449,4.986216999999998,0.56462,0.119139,0.0101198,0.00417305,0.00280286,0.00204858,0.00169756,0.00140784
4012,5.881735,4.987138000000002,0.56462,0.0786481,0.00681413,0.00280588,0.00188405,0.00137699,0.00114104,0.000946304
4013,5.878168,4.988149999999996,0.56462,0.191502,0.0153444,0.00636577,0.00427597,0.00312528,0.00258976,0.00214778
4014,5.881009,4.991830999999996,0.56462,0.137653,0.0139668,0.0056592,0.00360552,0.00252911,0.00205502,0.00167952
4015,5.990082,5.054054000000003,0.56485,0.363519,0.0332094,0.0121328,0.00809188,0.00590969,0.0048967,0.00406093
4016,5.990745,5.062845999999997,0.56485,0.302099,0.0245796,0.0101397,0.00681039,0.00497765,0.00412473,0.00342078
4017,6.396665,6.898765999999997,0.5649,0.126589,0.0108941,0.0045235,0.0030385,0.00222082,0.00184028,0.00152621
4018,6.392912,6.899981999999996,0.5649,0.0741817,0.00639894,0.00265355,0.0017821,0.00130248,0.0010793,0.000895095
4019,6.156155,5.201580999999999,0.56501,0.0928182,0.00794322,0.00329478,0.00221314,0.00161757,0.0013404,0.00111164
4020,6.12592,5.243430000000005,0.5651,1.60175,0.137417,0.0570232,0.0383027,0.0279951,0.0231982,0.019239
4021,6.771746,6.717259999999994,0.56551,0.0918756,0.00790001,0.00327868,0.00220233,0.00160967,0.00133385,0.00110621
4022,5.346206,5.398632000000005,0.56565,0.156385,0.0136104,0.00562244,0.0037644,0.00274631,0.00227409,0.00188508
4023,5.318152,5.379828999999995,0.56565,0.129135,0.0107649,0.00439956,0.00295486,0.00215968,0.00178962,0.00148419
4024,5.519534,6.1391520000000055,0.56572,0.0885165,0.00743018,0.00308295,0.00207086,0.00151358,0.00125423,0.00104017
4025,6.646577,6.720027999999998,0.56577,0.19766,0.0168133,0.00698026,0.00468874,0.00342697,0.00283976,0.00235511
4026,5.372586,5.910635999999997,0.56578,0.127549,0.0122775,0.00446964,0.0029502,0.00214908,0.00177992,0.0014759
4028,5.431061,6.665514000000002,0.56604,0.0992685,0.0082505,0.00329711,0.00221221,0.00161673,0.0013397,0.00111105
4029,5.416679,6.655370000000006,0.56604,0.0808541,0.00790894,0.00341297,0.00221254,0.00154967,0.00125194,0.00101581
4030,5.45009,6.044935000000003,0.56615,0.190928,0.0174577,0.00697688,0.00460882,0.00334614,0.00276754,0.00229305
4031,5.456849,6.0489350000000055,0.56615,0.0597714,0.0058343,0.00222447,0.00144482,0.00104325,0.000861795,0.000713694
4032,5.447621,6.043243999999996,0.56615,0.0652924,0.00554534,0.0023013,0.00154581,0.00112982,0.000936229,0.000776446
4033,5.449663,6.044520999999994,0.56615,0.0738735,0.00692362,0.0026556,0.00176408,0.00128692,0.00106614,0.000884124
4034,7.189443,6.915222000000003,0.56622,0.151473,0.012899,0.00535296,0.00359565,0.00262804,0.00217772,0.00180606
4035,6.284576,5.981967000000001,0.56631,0.202141,0.0257941,0.00854382,0.00503791,0.00342548,0.00276174,0.00225104
4036,6.283416,5.982660999999998,0.56631,0.136326,0.0176973,0.00507915,0.00310726,0.00221581,0.00182734,0.00151277
4037,6.281662000000001,5.982499999999997,0.56631,0.0628275,0.00507205,0.00210332,0.00141282,0.00103262,0.000855685,0.000709648
4038,6.283541,5.982366000000002,0.56631,0.122221,0.0101248,0.00419414,0.00281724,0.0020591,0.00170628,0.00141507
4039,5.728904,6.654536999999994,0.5664,0.512363,0.043985,0.0182591,0.0122649,0.00896431,0.00742828,0.00616053
4040,6.49198,5.548609999999998,0.56648,0.0827871,0.00987621,0.00344174,0.00208469,0.00145309,0.00118674,0.000976798
4041,6.48089,5.5493120000000005,0.56648,0.0793201,0.00598249,0.00248266,0.00166764,0.00121886,0.00101001,0.000837637
4042,6.986401,4.949551999999994,0.56651,0.0557447,0.00473842,0.00196634,0.00132081,0.000965374,0.000799958,0.000663432
4043,6.986222000000001,4.945629999999995,0.56651,0.0530451,0.00448296,0.00185873,0.00124853,0.000912541,0.000756178,0.000627124
4044,6.987288,4.950478999999996,0.56651,0.0674267,0.0086847,0.00233453,0.00140997,0.0010002,0.000823566,0.000681267
4045,6.315219,6.801721999999999,0.56663,0.157859,0.0127972,0.00501643,0.00335958,0.00245452,0.00203384,0.00168671
4046,6.324806,6.780452999999995,0.56663,0.166639,0.0150276,0.00580899,0.00385376,0.002807,0.00232421,0.00192689
4047,5.661074,5.427725999999996,0.56674,1.72205,0.196716,0.0905523,0.055958,0.036868,0.0287247,0.0226203
4048,5.311583,6.814951999999997,0.56694,0.0514486,0.00444764,0.00181477,0.00121782,0.000889989,0.00073748,0.000611615
4050,6.596318,6.625456000000004,0.56695,0.151704,0.0172886,0.00699345,0.00424555,0.00287186,0.00229907,0.00186221
4051,6.602123,6.632641999999996,0.56695,0.800677,0.0681549,0.0277867,0.0186609,0.013639,0.011302,0.00937312
4052,6.048908000000001,5.710867999999998,0.56726,0.193381,0.0172146,0.00697099,0.00464767,0.00338953,0.00280742,0.00232786
4053,6.048144,5.7114420000000035,0.56726,0.319072,0.0264955,0.011001,0.00738953,0.00540096,0.00447551,0.00371169
4054,5.246873,6.742733000000006,0.56738,0.0567402,0.00508609,0.002042,0.00135903,0.000990377,0.000820092,0.000679915
4055,5.253337,6.744820000000001,0.56738,0.0570267,0.00491568,0.00203114,0.00136416,0.000997049,0.000826205,0.000685199
4056,5.260309,6.746916999999998,0.56738,3.6757,0.591907,0.228278,0.123056,0.0757287,0.0581452,0.0458349
4057,6.666218,7.103865999999997,0.56742,0.0640036,0.00541688,0.00224855,0.00151038,0.00110393,0.000914771,0.000758651
4058,6.667472,7.106606999999996,0.56742,0.571255,0.048416,0.0201022,0.0135029,0.0098692,0.00817812,0.00678239
4059,6.876032000000001,4.897266999999996,0.56743,0.0614489,0.00528227,0.00215801,0.00144922,0.00105921,0.000877717,0.00072792
4060,5.82462,6.750063999999998,0.5675,0.17848,0.0154034,0.00637232,0.00427839,0.00312672,0.00259091,0.00214871
4061,5.830728,6.741050999999996,0.5675,0.725963,0.0604768,0.0251117,0.0168679,0.0123286,0.0102161,0.00847259
4062,5.830199,6.748624999999995,0.5675,0.146917,0.0130178,0.00526922,0.00351582,0.00256414,0.00212365,0.00176079
4063,5.259611,6.837535000000006,0.56753,0.132391,0.0115379,0.00475082,0.00318215,0.00232366,0.00192507,0.00159638
4064,5.253949,6.827902999999998,0.56753,0.290396,0.0249797,0.0103715,0.00696666,0.00509189,0.0042194,0.00349929
4065,6.195471,5.719978999999994,0.56779,0.251282,0.0215224,0.00893481,0.00600164,0.00438656,0.00363492,0.00301456
4066,5.748874,6.738955000000003,0.56781,0.0562722,0.00469614,0.00193258,0.00129786,0.000948582,0.000786042,0.000651891
4067,5.74728,6.737662999999997,0.56781,0.0609061,0.00543727,0.002206,0.00146661,0.00106721,0.000883153,0.000731903
4068,5.818366,6.811292999999995,0.56794,0.0970346,0.00819055,0.00339802,0.00228249,0.00166826,0.0013824,0.00114647
4072,7.119619,5.269974000000002,0.56824,0.238633,0.0201953,0.00838034,0.00562917,0.00411432,0.00340934,0.00282748
4073,6.196311,5.5284029999999955,0.56857,0.107464,0.00905605,0.00373866,0.00251118,0.00183541,0.00152091,0.00126134
4074,6.206136,5.517743999999998,0.56857,0.120823,0.0103361,0.00429118,0.00288244,0.00210676,0.00174577,0.00144782
4075,5.171798,6.464585000000005,0.56861,0.178018,0.026599,0.0102939,0.00576931,0.00363987,0.00281298,0.00221904
4076,5.26133,5.154132000000001,0.56873,0.159517,0.0137548,0.00562728,0.00377847,0.00276159,0.00228839,0.00189784
4077,5.26813,5.163775,0.56873,0.0720665,0.00632339,0.00257408,0.00171972,0.00125435,0.00103879,0.000861221
4078,5.771069,6.870805999999999,0.56877,0.356589,0.0305963,0.0126373,0.00848799,0.00620379,0.00514078,0.00426342
4079,5.770836,6.873497000000003,0.56877,0.133647,0.0122793,0.00529341,0.0035039,0.00249993,0.00203866,0.00166605
4080,5.780795,6.861412000000004,0.56877,0.0925073,0.00918826,0.00340291,0.00219179,0.00157436,0.00129772,0.00107319
4081,5.782973000000001,6.863520000000006,0.56877,0.510401,0.0462674,0.0186359,0.0123319,0.00896257,0.00741596,0.0061462
4083,5.151622,6.390742999999996,0.56922,0.122687,0.0125158,0.00518976,0.00326201,0.00226527,0.00183559,0.0014997
4087,6.756598000000001,4.826123000000005,0.5693,0.169616,0.0151642,0.00573396,0.00381139,0.00277997,0.00230283,0.00190959
4088,6.773003,4.813552000000006,0.5693,0.182634,0.0156777,0.0064978,0.00436433,0.00318983,0.00264325,0.00219214
4089,5.137498,6.156137999999995,0.56981,0.0656124,0.005305,0.00215909,0.0014494,0.00105929,0.000877775,0.000727968
4090,5.130079,6.162051000000004,0.56981,0.118249,0.0102759,0.00420238,0.00281968,0.00206057,0.00170746,0.00141605
4091,5.531196,5.605836000000005,0.57037,0.141797,0.0117735,0.00488867,0.00328379,0.0024001,0.00198885,0.00164942
4092,5.576731,5.606917999999996,0.57037,0.0516124,0.00456656,0.00175056,0.00116813,0.000852877,0.000706633,0.000586009
4093,5.100082,4.9250179999999935,0.5707,0.0736292,0.00658654,0.00262125,0.00175095,0.0012784,0.00105918,0.000878365
4094,5.093073,4.915563,0.5707,0.428608,0.0366843,0.0149185,0.010001,0.00730663,0.00605419,0.0050208
4095,5.06512,5.731726999999997,0.57086,0.105466,0.00964249,0.00379368,0.00251678,0.00183303,0.00151777,0.00125834
4096,4.96087,5.978107999999997,0.57086,0.365082,0.0308884,0.0128259,0.00861533,0.00629688,0.00521792,0.0043274
4097,4.951858,5.983789000000004,0.57086,0.139953,0.01204,0.00499954,0.00335826,0.00245453,0.00203395,0.00168682
4098,4.956807000000001,5.978178999999997,0.57086,0.07295,0.00537264,0.00222515,0.00149465,0.00109243,0.000905243,0.000750749
4099,6.658811,4.964192999999999,0.5709,0.196237,0.0164677,0.00683629,0.00459203,0.00335629,0.00278119,0.00230654
4100,6.665316,4.962550000000004,0.5709,0.17546,0.0147625,0.00610947,0.00410355,0.00299924,0.00248532,0.00206116
4104,6.769506,6.012921000000006,0.57149,0.0571395,0.00512004,0.00207414,0.00137758,0.00100239,0.000829607,0.000687608
4108,4.967362,4.8875179999999965,0.57278,0.12857,0.0123319,0.00471469,0.00307209,0.00221716,0.00183014,0.00151462
4109,4.970084,4.877931000000001,0.57278,0.063228,0.00552124,0.00222834,0.00149238,0.00109016,0.000903281,0.0007491
4110,4.979722,4.876903999999999,0.57278,0.241874,0.0207768,0.00862358,0.00579255,0.00423373,0.00350829,0.00290954
4111,4.9756,4.875365999999999,0.57278,0.0775889,0.00731339,0.00274492,0.00182972,0.00133615,0.0011071,0.000918142
4112,4.985970000000001,4.880937000000005,0.57278,0.0615656,0.00523114,0.00217198,0.00145895,0.00106634,0.000883622,0.000732818
4113,4.970118,4.887352000000002,0.57278,0.202182,0.0182049,0.00721879,0.00480704,0.00350552,0.0029035,0.00240753
4114,5.302144,6.801424999999996,0.57282,0.0979505,0.00848927,0.00347719,0.00233486,0.0017065,0.00141409,0.00117275
4115,5.301254,6.797575000000001,0.57282,0.0594306,0.00511344,0.00212157,0.00142506,0.00104157,0.000863094,0.000715793
4116,4.955006,6.938518000000006,0.5735,0.0702169,0.00873131,0.00981935,0.0112438,0.0117948,0.0116432,0.0110628
4117,4.937504,6.920019000000001,0.5735,0.0775059,0.0105283,0.00562655,0.00365975,0.00240644,0.00182222,0.00136682
4118,4.93721,6.926217000000005,0.5735,0.101984,0.00859914,0.0035055,0.00235405,0.00172053,0.00142572,0.0011824
4119,4.936523,6.921998999999993,0.5735,0.11052,0.00951481,0.00392997,0.0026391,0.00192883,0.00159832,0.00132554
4121,5.456296,5.547666999999997,0.57364,0.0649639,0.00540161,0.00222323,0.00149325,0.0010914,0.000904391,0.000750042
4122,5.109303,5.036033000000005,0.57382,0.0548474,0.00436994,0.00171479,0.00115014,0.000840527,0.000696496,0.000577627
4126,5.290849,6.798482,0.57398,0.159452,0.0136381,0.00560314,0.0037613,0.00274885,0.00227781,0.00188906
4127,5.288756,6.804484000000005,0.57398,0.0729657,0.00698097,0.00279474,0.00180865,0.00129504,0.00106535,0.000879801
4128,5.279646,6.807177999999995,0.57398,0.0620825,0.00534584,0.0022192,0.00149067,0.00108952,0.00090283,0.000748747
4129,5.150068,5.353416999999998,0.57405,0.104258,0.0090319,0.00370202,0.00248519,0.0018163,0.00150507,0.0012482
4130,5.148153,5.350989999999994,0.57405,0.214321,0.0192929,0.00813843,0.00539428,0.00388068,0.00318626,0.00262206
4131,5.152304,5.354243999999998,0.57405,0.0545057,0.00565084,0.00251079,0.00159326,0.00108718,0.000865575,0.000694375
4139,5.047774,5.130330999999997,0.57543,0.222288,0.0196246,0.00798382,0.00533543,0.00389401,0.00322578,0.00267493
4144,6.987133,6.406733999999995,0.57612,0.112677,0.00924763,0.00375317,0.00251996,0.00184177,0.00152618,0.00126572
4146,5.562036,5.653642999999995,0.57634,0.108431,0.00918266,0.00379911,0.00255177,0.00186507,0.00154549,0.00128173
4147,5.558902,5.657541000000001,0.57634,0.104226,0.0192565,0.00906448,0.00488073,0.00277735,0.00199139,0.00146864
4148,5.582575,5.544757999999996,0.57687,0.113727,0.009834,0.00406601,0.00273001,0.00199521,0.00165331,0.00137115
4149,5.579988000000001,5.544103000000002,0.57687,0.0972184,0.00823006,0.00341677,0.00229509,0.00167747,0.00139003,0.0011528
4150,5.571484,5.550166999999997,0.57687,0.134705,0.0115382,0.00479104,0.00321821,0.00235217,0.00194913,0.00161648
4159,5.736812,5.654176000000003,0.5786,0.0962502,0.00825373,0.00338035,0.00226901,0.00165825,0.0013741,0.00113958
4160,5.73818,5.652314999999998,0.5786,0.0769316,0.00592998,0.0024595,0.00165208,0.00120749,0.00100059,0.000829823
4161,5.420109,6.533536000000001,0.57908,0.100818,0.00827991,0.00343744,0.00230898,0.00168762,0.00139845,0.00115978
4166,5.506297,5.1194760000000015,0.58045,0.0881642,0.00769236,0.00311579,0.00208589,0.00152337,0.00126215,0.00104668
4167,5.505281000000001,5.119525999999995,0.58045,0.403528,0.0347108,0.0144134,0.00968168,0.00707628,0.00586376,0.00486302
4168,6.391358,5.449546000000003,0.58065,0.0409701,0.0934885,0.116672,0.0988095,0.0744806,0.0584989,0.0434004
4169,6.390151,5.448601999999998,0.58065,0.211114,0.0268709,0.0287453,0.0311962,0.0311361,0.0297655,0.0273551
4170,6.400175000000001,5.438314999999997,0.58065,0.0778597,0.00651757,0.0027046,0.00181672,0.00132783,0.0011003,0.000912519
4172,5.842155,4.995128000000005,0.58125,0.0541599,0.00441313,0.00182889,0.00122848,0.00089789,0.000744037,0.000617055
4173,5.826415,4.984317000000004,0.58125,0.0684052,0.00505999,0.00209018,0.00140398,0.00102616,0.000850327,0.000705205
4174,5.818277,4.988536999999999,0.58125,0.0666262,0.00788061,0.00487384,0.00360619,0.00261386,0.00206996,0.00159472
4175,5.696951,6.397875999999995,0.58176,0.0906807,0.00769559,0.00317823,0.0021348,0.00156031,0.00129295,0.00107229
4176,5.694645,6.392699999999999,0.58176,0.151419,0.0138127,0.00537631,0.00358875,0.00262062,0.00217134,0.00180072
4177,5.735864,4.9586280000000045,0.58274,0.160359,0.0136938,0.00568558,0.00381909,0.00279135,0.00231305,0.00191829
4178,5.721533,4.954564000000003,0.58274,0.187744,0.01921,0.00778425,0.00488537,0.00341299,0.00277846,0.0022792
4181,5.139581,5.403252000000004,0.58334,0.170381,0.014704,0.00589646,0.00395555,0.00289074,0.00239539,0.00198657
4182,5.139684,5.404053000000003,0.58334,0.094318,0.0086056,0.0032688,0.00215954,0.00157088,0.00130026,0.00107782
4183,5.135502,5.407228,0.58334,0.216583,0.134907,0.288213,0.343731,0.350233,0.333691,0.302739
4184,5.139973,5.408029,0.58334,0.051385,0.0038278,0.00126311,0.000832309,0.000606281,0.000502128,0.000416357
4185,6.307814,4.858038000000006,0.58344,0.40596,0.0347387,0.0142783,0.00958939,0.00700877,0.00580782,0.00481662
4186,6.300573000000001,4.8613729999999995,0.58344,1.71329,0.149709,0.0613906,0.0411317,0.0300447,0.0248938,0.0206445
4187,5.459686,5.718180000000005,0.58361,0.283025,0.0277616,0.0104732,0.00676148,0.00485472,0.00399962,0.00330616
4188,5.45821,5.7166120000000005,0.58361,0.0543191,0.00453383,0.00188257,0.00126455,0.000924252,0.000765882,0.000635172
4189,5.460719,5.720716999999999,0.58361,0.135889,0.0104414,0.00426978,0.0028678,0.00209605,0.00173689,0.00144047
4190,7.10359,6.054565000000003,0.58376,0.313337,0.0280485,0.0117869,0.00781343,0.00563075,0.00463035,0.00381677
4191,6.422643,4.941819999999994,0.58439,0.0514982,0.00443228,0.00183835,0.00123481,0.000902512,0.000747867,0.000620231
4192,5.904902,6.181579999999998,0.58464,0.0515622,0.0034478,0.00142659,0.000958256,0.000700383,0.000580373,0.000481323
4193,5.376342,5.666227999999999,0.58488,0.0766938,0.00621968,0.00257085,0.00172678,0.00126209,0.00104583,0.00086734
4194,5.373278,5.6618850000000025,0.58488,0.588967,0.0501578,0.0208214,0.013986,0.0102223,0.00847071,0.00702505
4195,4.93973,6.173148000000003,0.58503,0.124704,0.0107075,0.00442792,0.00297372,0.00217342,0.001801,0.00149363
4196,4.940534,6.172386000000005,0.58503,0.0901152,0.00872335,0.00331612,0.00216568,0.00156914,0.00129772,0.00107537
4201,4.95353,5.117382000000004,0.58544,0.231365,0.020036,0.00814048,0.00546206,0.00399169,0.00330768,0.00274316
4202,4.95172,5.117012000000004,0.58544,0.0599332,0.00531411,0.00208186,0.0013913,0.00101606,0.000841865,0.000698164
4203,4.95708,5.113325999999996,0.58544,0.130022,0.0106009,0.00440048,0.00295586,0.00216042,0.00179023,0.0014847
4205,5.796407,6.227818999999996,0.58548,0.220496,0.0188135,0.00781168,0.00524722,0.00383516,0.00317801,0.00263563
4206,5.798534,6.235363000000004,0.58548,0.0609895,0.0052677,0.0021786,0.00146305,0.00106931,0.00088608,0.000734856
4207,5.802133,6.2224039999999965,0.58548,0.0720081,0.00618658,0.002568,0.00172496,0.00126076,0.00104473,0.000866432
4208,5.802469,6.234421999999999,0.58548,0.102701,0.0089381,0.00304079,0.00198973,0.00144544,0.00119632,0.000991677
4209,7.1458450000000004,6.1696719999999985,0.58576,0.422288,0.0453534,0.0177084,0.011029,0.00767666,0.00623595,0.00510501
4210,7.1499820000000005,6.167260000000003,0.58576,0.101347,0.00864514,0.00358981,0.00241133,0.00176242,0.00146043,0.00121119
4211,7.146199,6.172717000000003,0.58576,0.101579,0.008656,0.0035942,0.00241427,0.00176458,0.00146222,0.00121267
4212,5.857937,6.232866000000003,0.58603,0.0501812,0.00442052,0.00164707,0.00109571,0.000799514,0.000662352,0.000549267
4213,7.131774,6.098772999999998,0.58671,0.205003,0.0176264,0.00730773,0.00490864,0.00358769,0.00297294,0.00246556
4214,7.142644000000001,6.110885000000002,0.58671,0.278027,0.0239275,0.00992821,0.00666855,0.00487395,0.00403879,0.0033495
4215,7.138586,6.102594000000005,0.58671,0.294019,0.0243779,0.0100372,0.00673978,0.00492584,0.00408178,0.00338515
4216,7.139122,6.104327,0.58671,0.497201,0.034558,0.0114585,0.00757156,0.00551911,0.00457156,0.00379085
4217,4.94636,6.508649000000004,0.58705,0.207736,0.0177488,0.00734676,0.00493467,0.0036067,0.0029887,0.00247863
4218,4.944653,6.510049000000005,0.58705,0.0950295,0.0079072,0.00327873,0.00220235,0.00160969,0.00133387,0.00110622
4220,6.634944,6.574795000000002,0.58767,0.0699805,0.00702835,0.00227451,0.00149482,0.00108921,0.000902246,0.000748193
4221,6.660727,6.583883999999999,0.58767,0.111187,0.00957184,0.00396699,0.00266431,0.00194728,0.00161361,0.00133822
4222,5.89758,6.286748000000006,0.5877,0.0798458,0.00691754,0.00284745,0.00191076,0.00139629,0.001157,0.00095953
4223,5.91002,6.298568000000002,0.5877,0.0524434,0.0044689,0.00185511,0.0012461,0.000910768,0.000754708,0.000625905
4224,6.427722,6.585272000000004,0.58835,0.0590728,0.00509124,0.0021094,0.00141683,0.00103555,0.000858109,0.000711658
4225,6.42353,6.5812509999999955,0.58835,0.0501762,0.00362278,0.00150206,0.00100896,0.000737439,0.000611079,0.000506789
4226,5.342033,5.930609000000004,0.58868,0.0510412,0.0045022,0.00173155,0.00115148,0.000839608,0.000695409,0.000576616
4229,5.713143,6.2427589999999995,0.58906,0.167389,0.0135202,0.0055418,0.003721,0.00271953,0.00225353,0.00186893
4230,7.162582,6.212892000000005,0.59,0.0639162,0.00623918,0.00235398,0.00153588,0.00111282,0.00092038,0.000762715
4231,7.163773,6.219231999999999,0.59,0.108496,0.00931221,0.00382863,0.00257147,0.00187946,0.00155742,0.00129162
4232,4.974244,5.675727000000003,0.59022,0.140748,0.0125463,0.00514184,0.00341449,0.00247917,0.00204917,0.00169674
4233,5.11159,5.843526000000004,0.59077,0.145583,0.0126019,0.00456652,0.00300954,0.00218895,0.00181195,0.00150203
4234,5.346215,5.194034000000005,0.5909,0.22139,0.0209762,0.00825111,0.00538446,0.00388213,0.00320252,0.00264926
4235,5.351003,5.191930999999997,0.5909,0.0603526,0.00587264,0.0023042,0.00148644,0.00106579,0.000877859,0.000725717
4236,5.348854,5.191478,0.5909,0.0553649,0.00467559,0.00194109,0.00130386,0.000952979,0.000789687,0.000654914
4237,5.348096,5.1945380000000005,0.5909,0.053203,0.00456802,0.00189678,0.0012741,0.00093123,0.000771664,0.000639967
4238,5.349332,5.193252999999995,0.5909,0.0790556,0.00666581,0.00276722,0.00185878,0.00135857,0.00112578,0.000933647
4240,7.094037,5.552768999999993,0.59306,0.407236,0.0347387,0.0144095,0.00967901,0.00707432,0.00586214,0.00486167
4241,6.706667,6.459656999999997,0.59366,0.0920566,0.00792448,0.00328765,0.00220832,0.00161405,0.00133748,0.00110922
4242,6.723136,6.462583000000002,0.59366,0.0822947,0.00707204,0.00293659,0.00197255,0.00144173,0.00119469,0.000990794
4243,5.616861,6.3208389999999985,0.59385,0.0754678,0.0062938,0.00256449,0.00172202,0.00125859,0.00104293,0.000864938
4244,5.004740000000001,6.129725999999998,0.59444,0.24913,0.0215293,0.00861218,0.0057702,0.00421582,0.00349327,0.00289704
4245,5.25513,5.231733,0.59458,0.0504216,0.00438049,0.00180224,0.0012093,0.000883709,0.000732268,0.00060729
4246,6.689884000000001,6.871345999999996,0.59474,0.0811357,0.00635885,0.00260358,0.00174847,0.00127793,0.00105895,0.000878225
4247,4.922049,6.295698000000002,0.59559,0.121641,0.0104693,0.00433889,0.00291441,0.00213012,0.00176513,0.00146388
4248,5.49868,6.3081099999999966,0.59636,0.151563,0.0125782,0.00518666,0.00348343,0.00254599,0.00210973,0.00174967
4251,6.446482,5.3064070000000045,0.59679,0.0532246,0.00443261,0.00184018,0.00123608,0.00090344,0.000748636,0.000620869
4252,5.075403,6.090924999999996,0.59691,0.317391,0.0274746,0.0113617,0.00762186,0.00556801,0.00461328,0.00382567
4253,6.736161,5.402506999999997,0.59721,0.149741,0.0124136,0.00514292,0.00345455,0.00252491,0.00209227,0.00173519
4254,6.730549,5.3921200000000065,0.59721,0.196179,0.0169632,0.00700011,0.00470121,0.00343604,0.00284728,0.00236134
4255,6.815933,5.9449850000000035,0.59755,0.288564,0.0222839,0.00902927,0.00606012,0.0044289,0.00366997,0.00304362
4256,6.817074,5.943562,0.59755,0.0539714,0.00463762,0.00192502,0.00129306,0.000945088,0.000783148,0.000649491
4257,6.811475,5.929377000000005,0.59755,0.17201,0.0147405,0.00608619,0.00408785,0.00298777,0.00247582,0.00205328
4258,6.824194,5.949889000000005,0.59755,0.118259,0.00699182,0.00267482,0.00179373,0.00131086,0.00108624,0.000900852
4259,6.813562,5.947469999999995,0.59755,0.106388,0.00899936,0.0037342,0.00250831,0.00183331,0.00151917,0.0012599
4260,5.062603,6.164644000000003,0.59768,0.819491,0.0759095,0.0284223,0.018838,0.0137307,0.0113726,0.00943012
4263,5.006919,5.182634999999995,0.59792,0.0621436,0.00623034,0.00230711,0.00149126,0.00107597,0.000888807,0.000736096
4264,5.009051,5.181663999999998,0.59792,47.8879,4.29125,1.73914,1.15507,0.840315,0.695385,0.57631
4265,4.802386,5.180835000000003,0.59806,0.063677,0.00815446,0.00370221,0.00229246,0.00150526,0.00116203,0.000901133
4269,6.79688,5.947733999999995,0.59863,0.479205,0.0410535,0.0170408,0.0114465,0.0083662,0.00693265,0.00574948
4270,6.796927,5.942935000000002,0.59863,0.217855,0.0665281,0.0397938,0.0238092,0.0137563,0.00937994,0.00622989
4271,4.857091,4.888051999999996,0.59887,0.0522554,0.00455218,0.00185795,0.00124664,0.000911037,0.000754921,0.00062608
4272,4.86209,4.911213,0.59887,0.0670968,0.00563362,0.00233924,0.0015713,0.00114845,0.000951668,0.00078925
4276,5.280825,4.920677000000005,0.59935,0.154703,0.0163685,0.00528534,0.00343678,0.00249718,0.0020675,0.00171419
4277,5.279814,4.910744999999994,0.59935,0.0974989,0.00839577,0.00348229,0.00233907,0.00170961,0.00141667,0.00117489
4278,5.297813,4.916076000000005,0.59935,0.197242,0.0175295,0.00702119,0.00469862,0.00343211,0.00284379,0.0023584
4279,5.328025,4.8257579999999995,0.59943,0.0535322,0.00459346,0.00190736,0.0012812,0.00093642,0.000775965,0.000643534
4280,6.647272,5.668505999999999,0.6004,0.22086,0.0038865,0.0012994,0.000870103,0.000635823,0.000526868,0.000436948
4281,6.652391,5.6736379999999995,0.6004,0.0627355,0.00517594,0.00214904,0.00144354,0.00105507,0.000874287,0.000725075
4282,4.933228,4.861844999999995,0.60079,0.109047,0.0097673,0.00400472,0.00265382,0.0019243,0.00158977,0.00131598
4287,6.509392,4.884238000000003,0.60248,0.188873,0.0208741,0.0100154,0.00644422,0.00433203,0.00337912,0.00264157
4288,6.508246,4.893038999999995,0.60248,0.479191,0.0412989,0.0170404,0.0114435,0.00836375,0.00693061,0.00574779
4291,6.984902,5.426892999999998,0.60358,0.194663,0.0147635,0.0060256,0.0040457,0.00295685,0.00245018,0.00203202
4292,6.974532,5.432236000000005,0.60358,0.133291,0.0113363,0.004623,0.00310404,0.00226866,0.00187992,0.00155908
4298,5.044719,6.582270999999995,0.60457,0.0678636,0.0058418,0.00241867,0.00162459,0.0011874,0.00098394,0.000816015
4299,5.057423,6.596073999999994,0.60457,1.02614,0.0879164,0.0365012,0.0245184,0.0179203,0.0148497,0.0123153
4302,7.070925,7.0535810000000065,0.60479,0.211558,0.0201146,0.00774033,0.0050877,0.00369666,0.00305966,0.00253637
4303,6.510509,6.464076000000003,0.60484,0.357079,0.0302921,0.0124968,0.00839389,0.00613503,0.0050838,0.00421617
4304,6.518143,6.4633119999999975,0.60484,0.0597473,0.00516235,0.002136,0.00143388,0.00104784,0.000868266,0.000720072
4305,5.353915,6.5231419999999956,0.60554,0.0763212,0.00649011,0.00268565,0.00180393,0.00131848,0.00109256,0.000906094
4307,6.177804,5.366708999999999,0.60671,0.0615963,0.00531994,0.00219474,0.00147399,0.00107732,0.000892722,0.000740365
4308,6.189519,5.351864000000002,0.60671,0.0650295,0.00554357,0.00230192,0.00154623,0.00113013,0.000936485,0.000776659
4311,6.908412,4.9090000000000025,0.60774,0.0876941,0.00754097,0.00313059,0.00210286,0.00153696,0.00127361,0.00105625
4312,6.896566,4.913843999999996,0.60774,0.77365,0.069774,0.0287009,0.0189579,0.0137046,0.0113057,0.00934892
4313,6.8964490000000005,4.916471000000002,0.60774,0.324741,0.0279816,0.0116015,0.00779256,0.00569551,0.00471959,0.00391412
4315,6.773574,5.2593829999999935,0.60844,0.106339,0.00901805,0.00371738,0.00249649,0.00182463,0.00151198,0.00125394
4316,6.780698,5.254466999999996,0.60844,0.172984,0.0145144,0.00602656,0.00404813,0.00295875,0.00245177,0.00203334
4317,6.840571,5.251850000000004,0.60909,0.128702,0.0143001,0.0051328,0.00318702,0.00225255,0.00184861,0.00152577
4318,6.840801,5.250386000000004,0.60909,0.0861129,0.00736072,0.0030507,0.00204911,0.00149768,0.00124105,0.00102924
4319,5.598649,6.987433,0.60949,0.0554898,0.00475382,0.00197353,0.00132565,0.000968907,0.000802885,0.00066586
4320,5.586482,6.982962000000006,0.60949,0.0723839,0.00607889,0.00251852,0.00169164,0.00123641,0.00102455,0.000849693
4327,5.040507,7.0199319999999945,0.61068,0.0565069,0.00503477,0.0020276,0.00134855,0.000981613,0.000812369,0.000673241
4328,5.021737,7.023841999999997,0.61068,0.0932467,0.00798174,0.00331029,0.00222347,0.00162511,0.00134665,0.00111682
4330,5.225579,7.187643999999995,0.61083,0.121924,0.010428,0.00430663,0.00289242,0.00211403,0.00175179,0.00145282
4331,5.225262,7.196240000000003,0.61083,0.352803,0.0299026,0.0124142,0.00833882,0.00609479,0.00505045,0.00418851
4332,5.215382,7.183657999999998,0.61083,0.164407,0.0137208,0.00568393,0.00381794,0.00279051,0.00231236,0.00191772
4333,4.960824,6.773917999999995,0.61114,0.208962,0.0187025,0.0074379,0.00495594,0.00361458,0.0029939,0.0024825
4334,4.963136,6.773296999999995,0.61114,0.126635,0.0105681,0.00438108,0.0029428,0.00215087,0.00178232,0.00147814
4335,4.953997,6.770204000000004,0.61114,0.224764,0.0194961,0.00796391,0.00534558,0.00390677,0.00323733,0.00268482
4342,5.131282,5.501786000000003,0.6121,0.258718,0.0221309,0.00918854,0.00617207,0.00451113,0.00373815,0.00310017
4343,5.130817,5.490332000000004,0.6121,0.0693867,0.0119654,0.0129674,0.0119141,0.00981476,0.00818563,0.00647739
4344,5.131529,5.485439999999999,0.6121,0.316017,0.0234207,0.00970572,0.00651944,0.00476502,0.00394853,0.00327465
4345,5.231945,6.895386000000003,0.61215,0.164191,0.0140806,0.00584649,0.00392717,0.00287034,0.00237851,0.00197258
4346,7.197195999999999,4.8884229999999995,0.61298,0.174942,0.0151395,0.00620287,0.00416441,0.0030436,0.00252207,0.00209164
4347,5.090069,5.685084000000004,0.61311,0.183934,0.017737,0.0061998,0.00410151,0.0029911,0.00247789,0.00205484
4348,4.860716,7.034673,0.61339,0.232617,0.0200405,0.00829888,0.00557367,0.00407369,0.00337566,0.00279955
4349,4.84741,7.041981000000003,0.61339,0.185281,0.0156974,0.00651417,0.00437566,0.00319814,0.00265014,0.00219785
4350,4.891915,6.501419000000003,0.61346,0.196325,0.0322374,0.00891732,0.0049267,0.0033542,0.00273299,0.00225063
4351,6.68546,5.981585999999996,0.61348,0.0541709,0.00499605,0.00192296,0.00128257,0.000936504,0.000775948,0.000643502
4352,6.685444,5.977807999999993,0.61348,0.0868865,0.00748656,0.00309965,0.00208198,0.0015217,0.00126096,0.00104576
4353,5.700093,6.090493000000006,0.61383,0.136746,0.0127722,0.00493298,0.00326226,0.00237496,0.00196651,0.00163043
4354,5.231361,5.735146000000004,0.61395,0.0969577,0.00816753,0.00338735,0.00227531,0.00166301,0.00137805,0.00114287
4355,5.285085,5.736620999999997,0.61408,0.590224,0.049303,0.0201052,0.0134983,0.00986545,0.00817499,0.00677979
4356,5.280154,5.737105000000002,0.61408,0.114108,0.0130504,0.00584195,0.00362046,0.00240691,0.00188594,0.00149157
4358,5.701013,5.6173619999999955,0.61442,0.1259,0.0107796,0.00447613,0.00300668,0.00219756,0.00182101,0.00151023
4359,5.637192,5.054247999999994,0.61478,0.0542976,0.00465924,0.00193457,0.00129948,0.00094978,0.000787036,0.000652716
4360,7.064852,5.252854999999996,0.61485,0.0777937,0.00662824,0.00275088,0.00184781,0.00135055,0.00111913,0.000928136
4361,7.062252,5.253494000000003,0.61485,11.7826,1.01367,0.420753,0.282625,0.206568,0.171173,0.14196
4364,7.101241,6.968929000000001,0.61518,0.188726,0.0161108,0.00668778,0.00449228,0.00328338,0.00272077,0.00225643
4365,5.280363000000001,5.353660000000004,0.61518,0.068668,0.00640626,0.00235728,0.00157414,0.00114991,0.000952832,0.000790209
4371,5.724418,6.021338000000005,0.61573,0.0740082,0.00630984,0.00262007,0.00175994,0.00128633,0.00106592,0.000884001
4372,5.859328,5.781695999999998,0.61582,0.0691586,0.00593359,0.0024618,0.00165361,0.00120861,0.00100152,0.000830593
4373,5.86574,5.769114000000005,0.61582,0.0781713,0.00702436,0.0027828,0.00185479,0.00135318,0.00112093,0.000929508
4374,5.868589,5.776172,0.61582,0.106842,0.0496558,0.0486496,0.0371472,0.025682,0.0191265,0.013468
4377,5.34711,5.575146000000002,0.61646,2.46176,0.228565,0.0873291,0.0582789,0.0425622,0.0352664,0.0292471
4378,4.838703,5.748631999999996,0.61663,0.123038,0.010484,0.00434886,0.00292117,0.00213506,0.00176922,0.00146727
4379,6.002324,5.976589999999999,0.61715,0.0615776,0.00644413,0.00294301,0.00190707,0.00131032,0.00103978,0.000826972
4380,6.011189,5.984031999999998,0.61715,0.051406,0.00440498,0.00182757,0.0012276,0.000897241,0.0007435,0.000616609
4381,6.004912000000001,5.979399,0.61715,0.0526279,0.00613722,0.00227162,0.00138434,0.000949,0.000764846,0.000622097
4382,6.015113,5.978347,0.61715,0.0690777,0.00664108,0.00239629,0.00157946,0.00115011,0.000952462,0.000789754
4383,6.010878,5.980671999999995,0.61715,0.538367,0.0453446,0.0187959,0.0126251,0.00922758,0.00764644,0.00634145
4385,6.389309,4.995080999999997,0.61747,0.805898,0.069072,0.0284271,0.0190865,0.0139495,0.0115592,0.00958639
4386,6.388091,5.001186000000002,0.61747,0.0531302,0.00391152,0.00160246,0.00107621,0.000786586,0.000651805,0.000540564
4387,5.362143,6.885978999999995,0.61768,0.0566779,0.00483753,0.00200805,0.00134884,0.000985855,0.000816929,0.000677507
4388,5.362379,6.887253999999999,0.61768,0.0829192,0.00707136,0.00293616,0.00197226,0.00144151,0.00119451,0.000990647
4389,5.359736,6.888304000000002,0.61768,0.153219,0.0141928,0.00575094,0.00376313,0.00271158,0.00223586,0.00184903
4390,6.440142000000001,6.771157000000006,0.61773,0.149185,0.0128139,0.0053046,0.00356305,0.0026042,0.00215797,0.00178968
4391,5.968926000000001,6.052499000000001,0.61774,0.150287,0.0128006,0.00531361,0.00356923,0.00260873,0.00216172,0.00179279
4392,5.967114,6.045819,0.61774,0.0588878,0.00512609,0.00201343,0.00134445,0.000981459,0.000813114,0.000674291
4393,5.985979000000001,6.050486000000006,0.61774,0.104583,0.00928744,0.00359957,0.00240997,0.00176086,0.00145909,0.00121007
4394,5.974522,6.052866000000002,0.61774,0.0804147,0.00693182,0.00287276,0.00192947,0.00141022,0.00116858,0.000969142
4397,5.160384,6.9489850000000075,0.61778,0.155609,0.0127309,0.00528337,0.00354892,0.00259388,0.00214942,0.00178259
4398,5.161253,6.949476000000002,0.61778,0.120017,0.0102977,0.00426999,0.00286817,0.00209632,0.00173712,0.00144065
4399,5.504907000000001,6.805128999999997,0.61786,0.0969275,0.00839203,0.0034712,0.00232909,0.00170181,0.00141012,0.00116944
4404,5.988647,6.8554349999999955,0.61838,0.508434,0.0436379,0.0181202,0.0121716,0.00889614,0.00737179,0.00611367
4408,6.159533,6.4758370000000065,0.62037,0.058115,0.00498603,0.0020699,0.00139038,0.00101622,0.000842092,0.000698375
4409,6.159066,6.477664000000003,0.62037,0.0782907,0.00672354,0.00279026,0.00187424,0.00136987,0.00113514,0.000941412
4410,6.157195,6.4737390000000055,0.62037,0.132241,0.0109197,0.00452186,0.00303724,0.00221989,0.00183951,0.00152557
4412,6.966856000000001,4.8490340000000005,0.6213,0.105062,0.00883609,0.0035904,0.0024079,0.00175942,0.00145788,0.00120905
4413,6.969012,4.852536000000006,0.6213,0.146873,0.0125884,0.00522296,0.00350833,0.00256421,0.00212484,0.0017622
4414,5.964123,7.089740999999998,0.62145,0.108299,0.00924156,0.00383699,0.00257736,0.00188378,0.00156099,0.00129458
4415,6.208386,6.352333000000001,0.62155,0.0745561,0.00643762,0.00260195,0.00174253,0.00127277,0.00105455,0.000874534
4416,6.203472,6.35769,0.62155,0.0759673,0.00672769,0.00261667,0.00175501,0.00128262,0.00106284,0.000881448
4417,6.204259,6.354698000000001,0.62155,0.125203,0.0104442,0.00432869,0.00290762,0.00212516,0.00176102,0.00146047
4418,5.88913,7.113880000000002,0.62157,4.86842,0.419214,0.174068,0.116924,0.085459,0.0708157,0.0587298
4419,6.13215,6.477368000000004,0.62163,0.0692041,0.00491319,0.00199891,0.00134203,0.000980836,0.000812766,0.000674054
4420,6.733574,4.898301,0.62183,0.0739895,0.0187335,0.0076071,0.00380091,0.00205618,0.00143767,0.00103905
4421,6.729353000000001,4.9131659999999995,0.62183,0.274551,0.0232256,0.00964302,0.00647736,0.00473426,0.00392304,0.00325351
4427,6.73042,5.180150999999995,0.62223,0.112646,0.00949462,0.00391843,0.00263196,0.00192368,0.00159406,0.00132201
4428,6.728969,5.188513999999997,0.62223,0.185417,0.0157028,0.00646542,0.00434133,0.0031729,0.00262922,0.00218049
4429,6.483623000000001,5.746375000000003,0.62226,0.324206,0.0281881,0.0115981,0.00777792,0.00568264,0.00470859,0.00390489
4430,5.740667,6.148148999999996,0.62228,0.0544142,0.00458765,0.00190082,0.00127678,0.000933186,0.000773285,0.000641311
4431,5.738922,6.147069,0.62228,0.305281,0.0268295,0.0107406,0.00720747,0.00526756,0.00436495,0.00362
4432,5.723937,6.150562999999999,0.62228,0.334918,0.0287485,0.0119371,0.00801834,0.00586055,0.00485635,0.00402754
4433,6.624428,5.118924999999998,0.62266,0.242354,0.019502,0.00809736,0.00543912,0.00397541,0.00329423,0.00273202
4434,6.827695,4.828220000000002,0.6236,0.0677035,0.00568726,0.00236151,0.00158626,0.00115938,0.000960725,0.000796762
4435,6.825094,4.829726999999994,0.6236,0.172171,0.0148362,0.00615617,0.00413512,0.00302233,0.00250445,0.00207703
4436,6.830374000000001,4.833079000000004,0.6236,0.115509,0.00964072,0.00397687,0.00267113,0.00195231,0.00161778,0.00134168
4437,6.827609,4.8318669999999955,0.6236,0.142061,0.012647,0.00532339,0.00354017,0.00255581,0.00210265,0.00173321
4438,6.740585,4.801414,0.62399,0.0799438,0.00688366,0.00285421,0.00191717,0.00140125,0.00116115,0.000962977
4440,6.737684,4.8026199999999974,0.62399,0.125984,0.0102859,0.00425315,0.00285663,0.00208788,0.00173012,0.00143485
4441,6.740958000000001,4.801923000000002,0.62399,0.425074,0.0356731,0.0148074,0.00994633,0.00726971,0.00602405,0.00499595
4442,6.742041000000001,4.802251000000002,0.62399,0.089499,0.00629039,0.00234484,0.00157207,0.00114888,0.000952016,0.000789539
4443,6.534051,5.437815999999995,0.62411,0.121727,0.0103966,0.00431621,0.00289926,0.00211905,0.00175595,0.00145627
4444,6.863223,5.720970999999998,0.62413,0.198582,0.0170727,0.00706621,0.0047462,0.00346896,0.00287455,0.00238396
4445,6.86565,5.716704999999999,0.62413,0.102108,0.00878583,0.0036383,0.00244381,0.00178616,0.00148011,0.0012275
4446,6.764566,4.813182999999997,0.62415,0.182602,0.0145334,0.00602142,0.00404466,0.00295622,0.00244967,0.00203159
4447,6.77833,4.813162000000003,0.62415,0.0908475,0.00863097,0.00307423,0.00203503,0.00148391,0.00122925,0.00101936
4448,6.785221,4.820155999999999,0.62415,0.592607,0.052543,0.0203118,0.0136278,0.00995996,0.00825331,0.00684475
4449,5.014646,6.993083,0.6243,0.487184,0.0366096,0.015133,0.0101647,0.00742934,0.00615632,0.00510565
4450,4.996859,6.976327000000004,0.6243,0.241577,0.0203501,0.00844316,0.00567137,0.00414517,0.0034349,0.00284868
4451,6.890127,5.724345999999997,0.6245,0.0670429,0.00606279,0.00240271,0.00159574,0.00116224,0.000962294,0.000797771
4452,6.894768,5.727579999999998,0.6245,0.102442,0.00809274,0.00335195,0.00225152,0.00164562,0.00136364,0.00113092
4454,5.153474,6.364991000000001,0.6249,0.0554606,0.00476339,0.0019779,0.00132859,0.000971055,0.000804665,0.000667336
4455,5.153565,6.363570999999997,0.6249,0.302033,0.026251,0.0107558,0.0072209,0.00527747,0.00437316,0.00362681
4459,4.921889,6.474028000000003,0.6257,0.224085,0.0189917,0.00785342,0.00527498,0.00385544,0.00319481,0.00264956
4460,4.918515,6.470975999999996,0.6257,0.181658,0.0155576,0.00645882,0.00433848,0.00317096,0.00262762,0.00217917
4461,4.923732,6.477729000000006,0.6257,0.0625781,0.00594617,0.00225664,0.00149181,0.00108676,0.000900067,0.000746332
4462,6.823924000000001,4.880252999999997,0.62595,0.195349,0.016319,0.00676718,0.0045456,0.00332235,0.00275306,0.00228321
4464,7.05571,5.534866999999995,0.62621,0.190277,0.0313688,0.0173934,0.0111387,0.00713188,0.00528086,0.00385636
4467,4.925527,6.561047999999995,0.62692,0.0589271,0.00510283,0.0021009,0.0014095,0.0010299,0.000853377,0.000707718
4468,4.935631,6.553251000000005,0.62692,0.0584598,0.00491009,0.00202035,0.00135702,0.000991835,0.000821884,0.000681616
4472,4.817377,6.716917,0.62721,0.123075,0.0105672,0.00436081,0.0029278,0.00213973,0.00177306,0.00147045
4473,4.814381,6.716581999999998,0.62721,0.105276,0.00900545,0.00373924,0.0025117,0.00183579,0.00152123,0.0012616
4474,4.816083,6.7156380000000055,0.62721,0.0727295,0.00668252,0.00264361,0.00174692,0.00126931,0.00105018,0.000870303
4475,4.814393,6.717272999999995,0.62721,13.6363,1.17316,0.485405,0.326007,0.238273,0.197445,0.163748
4476,5.696533,6.554624000000001,0.62727,0.13909,0.011595,0.00481392,0.00323358,0.0023634,0.00195843,0.00162419
4477,6.978663,5.738765000000002,0.62728,0.063217,0.00533286,0.00219739,0.00147587,0.0010787,0.000893862,0.00074131
4478,6.978104000000001,5.744979000000005,0.62728,0.14086,0.011877,0.00492036,0.00330487,0.00241549,0.0020016,0.00165999
4481,6.860519,5.206177000000005,0.62743,0.175793,0.0121401,0.00503217,0.00338018,0.00247055,0.00204722,0.00169783
4482,6.931432,5.658858000000005,0.62754,0.0574476,0.00490806,0.00203289,0.00136549,0.000998031,0.000827019,0.000685875
4483,6.899313000000001,5.943390999999998,0.62788,0.0643469,0.00553478,0.00229826,0.00154378,0.00112834,0.000934997,0.000775424
4486,6.948144,5.8396590000000055,0.62838,0.0747585,0.00629635,0.00261437,0.00175611,0.00128353,0.0010636,0.000882078
4487,6.761004,5.601816,0.62839,0.106639,0.0091713,0.00380761,0.00255762,0.00186935,0.00154904,0.00128467
4491,5.037045,4.892797000000005,0.63013,0.114622,0.0285329,0.0201654,0.0129271,0.007749,0.00534727,0.00356324
4492,5.029885,4.890947000000005,0.63013,0.0695941,0.00593664,0.00246498,0.00165576,0.00121018,0.00100282,0.000831673
4493,5.034012,4.881281999999994,0.63013,0.139619,0.01168,0.0048319,0.00324537,0.002372,0.00196556,0.0016301
4494,6.978318,5.937869999999999,0.63061,0.0521157,0.00679435,0.00354353,0.00230315,0.00152405,0.00116209,0.000879481
4495,6.968154,5.930374000000003,0.63061,0.106963,0.0132135,0.00447294,0.00267514,0.00184043,0.00149259,0.00122205
4496,5.126276,6.629738000000002,0.63064,0.0627168,0.00570377,0.00226207,0.00150342,0.00109583,0.000907573,0.000752531
4499,5.48747,6.854054000000006,0.63098,0.142073,0.0114341,0.00472162,0.00317149,0.00231802,0.00192083,0.00159301
4500,5.494637,6.843638999999994,0.63098,0.125187,0.00979906,0.00406194,0.00272846,0.00199422,0.00165251,0.00137048
4507,7.003732,5.710281999999997,0.63153,0.0981248,0.00848694,0.00350259,0.0023519,0.00171892,0.00142437,0.00118128
4516,6.854960000000001,5.849386999999998,0.63649,0.101669,0.00875803,0.00351334,0.00235814,0.00172347,0.00142815,0.00118441
4517,6.85223,5.853530999999998,0.63649,0.0565116,0.00486915,0.00201315,0.00135212,0.000988252,0.000818916,0.000679154
4518,6.967217,5.466683000000004,0.63696,0.1152,0.00975558,0.00405057,0.00272083,0.00198863,0.00164788,0.00136665
4519,6.96325,5.4655210000000025,0.63696,0.26456,0.022079,0.00914275,0.00614114,0.00448852,0.00371941,0.00308463
4520,6.962748,5.463466000000007,0.63696,0.110397,0.00945065,0.0039032,0.00262169,0.00191618,0.00158784,0.00131685
4523,6.983776,6.211290999999998,0.63713,0.0670121,0.0060063,0.00222289,0.00147596,0.00107646,0.000891702,0.000739434
4524,5.769619,6.8340029999999965,0.63767,0.470159,0.0423644,0.0169203,0.0112742,0.00822463,0.00681303,0.00564962
4525,5.775484,6.842149999999997,0.63767,0.0722544,0.00590226,0.00245024,0.00164586,0.00120295,0.000996825,0.0008267
4526,5.768415,6.833729999999998,0.63767,0.109656,0.00926378,0.00384208,0.00258076,0.00188626,0.00156305,0.00129629
4527,5.744063,6.866068000000005,0.6381,0.0732039,0.00626313,0.00258168,0.00173399,0.00126736,0.0010502,0.000870963
4528,6.454551,5.416306999999996,0.6386,0.0852367,0.00728982,0.00302703,0.0020333,0.00148612,0.00123148,0.00102131
4529,6.455691,5.414887999999997,0.6386,1.41506,0.119993,0.0496234,0.0333268,0.0243578,0.020184,0.0167393
4531,6.875101,6.210984000000006,0.63906,0.354746,0.0301746,0.0125161,0.00840721,0.00614478,0.00509187,0.00422286
4532,6.265327,6.221232000000006,0.6393,0.417162,0.038807,0.0153892,0.0101085,0.00732685,0.00605842,0.0050196
4533,6.27463,6.217741999999998,0.6393,0.20575,0.0185548,0.00747237,0.00495617,0.00360467,0.00298294,0.0024722
4534,6.274021,6.224049,0.6393,0.103116,0.00881791,0.00365953,0.00245815,0.00179665,0.00148879,0.00123471
4535,6.220746,6.025729000000001,0.63953,0.294291,0.0253758,0.0104739,0.00703451,0.00514143,0.00426045,0.00353333
4536,6.190721,5.966381,0.63997,0.108024,0.00925616,0.00384091,0.00257998,0.00188569,0.00156258,0.0012959
4537,6.190095,5.9642279999999985,0.63997,0.0553575,0.00474808,0.00197161,0.00132436,0.000967963,0.000802103,0.000665211
4538,6.17832,5.414495999999999,0.64,0.149084,0.0127595,0.00524076,0.00351815,0.00257118,0.00213059,0.00176696
4539,6.179658,5.418829999999998,0.64,0.126049,0.0108255,0.00449074,0.00301646,0.00220471,0.00182694,0.00151514
4540,6.167868,5.417307000000006,0.64,0.109628,0.0117894,0.00410994,0.00261542,0.00187975,0.00155175,0.00128489
4541,6.172729,5.423445000000003,0.64,0.114244,0.00937637,0.00388862,0.00261203,0.00190911,0.00158199,0.001312
4550,4.822959,5.7333480000000066,0.64261,0.174459,0.014404,0.0059358,0.00398693,0.00291401,0.0024147,0.00200259
4551,4.822079,5.727442,0.64261,0.0639142,0.00490422,0.00202,0.0013568,0.000991678,0.000821755,0.000681509
4552,6.175797,5.842105999999999,0.64317,0.0829794,0.0073912,0.00294322,0.00196795,0.00143722,0.00119081,0.000987549
4553,6.168887,5.835083999999995,0.64317,1.75417,0.150968,0.0626667,0.0420939,0.0307662,0.0254944,0.0211434
4554,6.21141,5.784767000000004,0.64391,0.0802785,0.0189931,0.00715031,0.00351523,0.00194262,0.00139847,0.00104629
4555,6.590047,6.245739999999993,0.64405,0.156975,0.0189206,0.010429,0.00711276,0.00486782,0.00376301,0.00286626
4556,6.590569,6.243935000000006,0.64405,0.164745,0.0141045,0.00584626,0.00392679,0.00287005,0.00237826,0.00197237
4557,6.586952,6.240179000000001,0.64405,0.0643289,0.00517273,0.00214687,0.00144208,0.00105401,0.000873405,0.000724344
4558,6.591751,6.246598000000001,0.64405,0.0711962,0.00658144,0.00264774,0.00173808,0.00125513,0.00103566,0.000856768
4559,4.949459,5.870441000000005,0.64437,0.383985,0.0329844,0.0136258,0.00915187,0.00668902,0.00554286,0.00459688
4560,7.002033,6.280611000000002,0.64511,0.0661151,0.0056516,0.00234675,0.00157634,0.00115214,0.000954721,0.000791783
4561,6.996974,6.280036999999997,0.64511,0.171157,0.0143819,0.00597167,0.00401126,0.0029318,0.00242944,0.00201482
4562,7.003232000000001,6.279395999999995,0.64511,0.06907,0.00587461,0.00243312,0.0016343,0.0011945,0.000989822,0.000820893
4563,5.023626,5.926413000000002,0.64529,0.08365,0.0144883,0.0056254,0.00307153,0.0018635,0.00140089,0.0010768
4564,5.015625,5.930625000000004,0.64529,0.0908138,0.00782514,0.00323848,0.00217496,0.00158963,0.00131724,0.00109243
4567,6.936316,6.259141000000005,0.64645,0.0668181,0.00545436,0.00221375,0.0014856,0.00108569,0.000899642,0.0007461
4570,7.025741,5.399334999999999,0.6468,0.0675298,0.0064338,0.0024422,0.00159332,0.00115094,0.000950329,0.000786618
4571,7.023138,5.398699000000003,0.6468,0.0884773,0.00758909,0.0031513,0.00211678,0.00154714,0.00128204,0.00106324
4574,6.633482,5.759711,0.64808,0.0826402,0.0076503,0.00295943,0.00196521,0.00143295,0.00118696,0.000984261
4575,6.636336,5.757967,0.64808,0.232712,0.0198012,0.00821938,0.00552106,0.00403531,0.00334386,0.00277318
4578,6.794416,5.742370999999998,0.64864,0.115681,0.00992533,0.00412075,0.00276797,0.00202309,0.00167643,0.00139032
4579,6.703437,5.740886000000004,0.64868,0.0995316,0.00896386,0.00373952,0.00247498,0.00178426,0.00146803,0.00121071
4580,6.705451,5.723785999999996,0.64868,0.0807443,0.0123767,0.00677746,0.00428807,0.00271875,0.00200805,0.00147049
4583,6.531726,5.71629,0.64944,0.486217,0.0409987,0.017023,0.0114346,0.00835748,0.00692543,0.00574349
4584,6.545589,5.726815000000001,0.64944,0.0578628,0.00472018,0.00193748,0.00130123,0.000951056,0.000788093,0.000653592
4589,5.235339,5.151504999999995,0.65124,0.132645,0.0113577,0.00470979,0.00316362,0.00231227,0.00191606,0.00158905
4595,5.639043,6.560281999999995,0.65205,0.0532328,0.00453084,0.00188128,0.00126368,0.000923617,0.000765356,0.000634735
4596,5.63798,6.560513999999996,0.65205,0.112778,0.00988308,0.00404324,0.00270281,0.00197162,0.00163281,0.00135371
4597,5.639193,6.560520999999998,0.65205,0.0963002,0.00830637,0.00343695,0.0023085,0.00168727,0.00139815,0.00115954
4598,5.444996,6.627770000000006,0.65236,0.161403,0.0168403,0.00615677,0.00392962,0.00282409,0.00233112,0.00193018
4602,5.568324,6.578930000000003,0.65269,0.0548579,0.00477093,0.00195597,0.00131265,0.0009593,0.000794915,0.000659248
4603,5.570598,6.586430999999994,0.65269,0.0750197,0.00752634,0.00274702,0.00176678,0.00126952,0.00104678,0.000865898
4604,6.104913,5.8973209999999945,0.65391,0.0514676,0.00441522,0.00183337,0.0012315,0.000900098,0.000745867,0.000618573
4605,6.122403,5.897685999999999,0.65391,0.880337,0.069604,0.0288791,0.0193985,0.0141782,0.0117488,0.00974366
4606,5.108245,6.204510999999996,0.65413,0.0639371,0.00555393,0.00227394,0.0015265,0.00111565,0.000924478,0.0007667
4607,5.105549,6.206791999999995,0.65413,0.165278,0.0113354,0.00461059,0.00309621,0.00226297,0.00187521,0.00155517
4608,5.106908,6.204719999999996,0.65413,0.406088,0.0353949,0.013997,0.00933321,0.00680809,0.005639,0.0046757
4609,5.115172,6.1988219999999945,0.65413,0.439494,0.0375189,0.0155794,0.0104649,0.00764871,0.00633811,0.00525641
4614,5.967145,5.464639000000001,0.65452,0.0766981,0.00733025,0.00278049,0.00180699,0.00130161,0.00107344,0.000887794
4615,6.042372,5.190291000000001,0.65468,0.0997858,0.0131644,0.00551115,0.00328483,0.00213448,0.00165652,0.00130111
4625,4.926522,7.080364999999998,0.65688,0.205345,0.0176234,0.00731574,0.00491409,0.00359167,0.00297624,0.0024683
4626,4.91753,7.079884000000004,0.65688,0.124676,0.0103882,0.00411123,0.00275659,0.00201441,0.00166921,0.00138433
4631,6.095257,4.803169999999997,0.65705,0.0886168,0.00770049,0.00312764,0.00209945,0.0015344,0.00127147,0.00105448
4636,6.654552,5.269966999999999,0.65901,0.125115,0.0107285,0.00443988,0.00298214,0.00217961,0.00180614,0.00149789
4642,6.638388000000001,5.413499,0.65977,0.100722,0.00997882,0.00366221,0.00239625,0.00174052,0.00144067,0.00119433
4643,6.510673,5.5812839999999975,0.65977,0.0767244,0.00576941,0.00236605,0.00158926,0.00116158,0.000962542,0.000798269
4655,6.040456,4.853758999999995,0.66203,0.621795,0.0538944,0.0222077,0.0149116,0.0108984,0.00903094,0.00748966
4656,5.27393,4.8579389999999965,0.66243,0.0646174,0.0056566,0.00227202,0.00152168,0.00111165,0.000921104,0.000763887
4657,5.276703,4.864711000000005,0.66243,0.134649,0.0115757,0.00477691,0.00320812,0.00234476,0.00194298,0.00161138
4658,6.531349,5.0076459999999985,0.66265,0.76283,0.0605664,0.0247938,0.0166524,0.0121711,0.0100856,0.00836432
4659,6.524356,5.012513000000006,0.66265,0.116718,0.00999367,0.0041161,0.0027646,0.00202062,0.00167439,0.00138863
4662,6.269076000000001,4.812312,0.66476,0.0700945,0.00603438,0.00250209,0.00168064,0.00122836,0.00101788,0.000844166
4663,6.257796,4.825502999999997,0.66476,0.0952076,0.00807884,0.00334209,0.00224469,0.00164061,0.00135949,0.00112747
4664,6.672095,5.188474999999996,0.66497,0.0528137,0.00454988,0.00188803,0.00126819,0.000926914,0.000768087,0.000637001
4665,6.665188,5.187116999999995,0.66497,0.057048,0.00492442,0.00203982,0.0013699,0.00100122,0.000829659,0.000688064
4670,6.809619,4.886219,0.66512,0.114709,0.00968981,0.0040221,0.0027017,0.00197466,0.0016363,0.00135704
4671,6.804909,4.887478000000003,0.66512,0.106701,0.0162082,0.0104735,0.00725977,0.00486037,0.00364663,0.00266214
4672,6.804729,4.883534000000006,0.66512,0.0619801,0.00526474,0.00218458,0.00146741,0.00107252,0.000888744,0.000737066
4674,7.150187,4.836497999999999,0.6658,0.0682774,0.00515255,0.0020886,0.0014025,0.00102506,0.000849415,0.000704448
4675,7.155123,4.840734000000006,0.6658,1.1344,0.0976773,0.0405083,0.0272083,0.0198862,0.0164787,0.0136664
4676,6.43816,5.236693999999998,0.66702,2.50054,0.214847,0.089088,0.0598397,0.0437363,0.0362421,0.0300568
4677,7.090576,6.053715,0.66706,0.0850546,0.00741329,0.00303205,0.0020307,0.00148295,0.0012286,0.00101883
4681,4.957736,6.119477999999998,0.66751,0.104195,0.00879393,0.00365036,0.002452,0.00179215,0.00148506,0.00123161
4686,6.12352,7.100895999999997,0.66843,0.269584,0.0228201,0.00936506,0.00628927,0.00459673,0.00380908,0.003159
4687,6.127178,7.092358000000003,0.66843,0.282839,0.0235222,0.0097664,0.00656023,0.00479483,0.00397324,0.00329514
4688,4.933477,4.891574999999995,0.66853,0.104378,0.00897724,0.00372731,0.00250368,0.00182993,0.00151637,0.00125758
4689,4.965568,4.905061,0.66853,0.539762,0.046418,0.0192646,0.0129403,0.00945796,0.00783734,0.00649977
4691,5.071551,5.948273000000002,0.66924,0.0531222,0.0041857,0.00173742,0.00116705,0.000852987,0.000706828,0.000586196
4692,5.071338,5.956563999999999,0.66924,0.105807,0.0221568,0.00911947,0.00499866,0.00293363,0.00212178,0.00155454
4693,4.966702,6.400424999999998,0.66942,0.0531171,0.00450877,0.00187062,0.00125652,0.00091838,0.000761016,0.000631136
4694,4.955606,6.397022999999994,0.66942,0.184779,0.015814,0.00656466,0.00440957,0.00322293,0.00267068,0.00221489
4695,4.957015,6.400292000000006,0.66942,0.144201,0.0121776,0.00505028,0.00339231,0.00247941,0.00205457,0.00170392
4696,4.959078,6.402316999999997,0.66942,0.0718067,0.0060013,0.00248884,0.00167177,0.00122189,0.00101252,0.000839714
4697,5.065434,6.468928000000003,0.66978,0.0788038,0.00677982,0.00279072,0.00187389,0.00136956,0.00113488,0.000941196
4698,5.095715,5.5389010000000045,0.66991,0.122603,0.0275594,0.0107746,0.00564965,0.00322421,0.00231517,0.00169961
4699,6.81111,5.635745,0.67022,0.343359,0.033287,0.0123841,0.00807944,0.00584931,0.0048356,0.004006
4700,6.823674,5.632316999999995,0.67022,0.0958476,0.00756261,0.00310924,0.00208828,0.0015263,0.00126477,0.00104892
4701,6.823944,5.634191,0.67022,0.0834926,0.0165956,0.017474,0.0150693,0.0116449,0.00930684,0.00704467
4702,6.825977,5.631135999999994,0.67022,0.0635395,0.00504951,0.00209356,0.00140627,0.00102783,0.000851715,0.000706356
4703,6.42921,5.294695000000004,0.67058,0.14484,0.0124141,0.00515453,0.00346237,0.00253062,0.002097,0.00173911
4704,6.420391000000001,5.302884000000005,0.67058,0.0688424,0.00562484,0.00233366,0.00156755,0.00114571,0.000949394,0.000787364
4705,6.425657,5.300228,0.67058,0.0554118,0.00478033,0.00197956,0.00132935,0.000971566,0.000805083,0.000667681
4706,6.423555,5.301982000000001,0.67058,0.139808,0.0124607,0.00493937,0.00330288,0.00241228,0.00199874,0.00165757
4707,6.416454,5.296678999999999,0.67058,0.364895,0.0312476,0.0124303,0.0083329,0.00608909,0.00504561,0.00418447
4708,6.906954,4.855088999999999,0.67075,0.347373,0.0300744,0.0123901,0.00831997,0.00608085,0.00503889,0.00417892
4709,6.911,4.855711000000003,0.67075,0.0670175,0.00601138,0.00238089,0.00159263,0.00116335,0.000963948,0.00079942
4710,6.458772,5.407618000000003,0.67091,0.0758279,0.00677191,0.0027741,0.00184058,0.00133604,0.00110431,0.000914445
4711,6.461692,5.396808999999998,0.67091,0.0655572,0.00560695,0.0023281,0.00156382,0.00114298,0.000947134,0.00078549
4714,6.196131,5.758531999999994,0.67231,0.102275,0.00765708,0.00317881,0.00213525,0.00156064,0.00129323,0.00107252
4721,6.278018,5.619079999999995,0.67331,0.166426,0.014327,0.00593977,0.00398969,0.00291603,0.00241637,0.00200398
4722,6.283421,5.624405999999999,0.67331,0.0837376,0.00717239,0.00297826,0.00200054,0.00146218,0.00121164,0.00100485
4723,5.963827,6.929257999999994,0.67348,0.0729569,0.00619098,0.00257044,0.0017266,0.00126196,0.00104572,0.000867255
4724,5.961132,6.929792999999997,0.67348,0.0850615,0.00714905,0.00296263,0.00199003,0.0014545,0.00120527,0.000999571
4725,5.955937,6.939683999999998,0.67348,0.0508416,0.00425865,0.00175016,0.00117547,0.000859139,0.000711926,0.000590424
4726,5.952899,6.9363160000000015,0.67348,0.0896011,0.00774012,0.00319361,0.00214322,0.0015661,0.00129768,0.00107619
4727,5.962814,6.931803999999997,0.67348,0.122614,0.0111652,0.00453394,0.00298894,0.00216239,0.00178529,0.00147736
4728,5.977336000000001,6.931604999999999,0.67348,0.794143,0.0858904,0.0627949,0.0549933,0.0459033,0.0392765,0.032272
4729,6.916668,6.417656000000002,0.67439,0.440489,0.0378375,0.0156945,0.0105421,0.00770514,0.00638487,0.00529519
4730,6.797696,4.937402000000005,0.67494,0.0731025,0.0168914,0.0208959,0.0206205,0.0183627,0.016223,0.0137072
4731,6.80024,4.939005999999999,0.67494,0.0961393,0.00829104,0.0033606,0.00225663,0.00164934,0.00136672,0.00113347
4735,5.452217,7.198090999999994,0.67771,0.264747,0.0496584,0.0121721,0.00639295,0.00424671,0.00343407,0.00281705
4738,7.0968290000000005,5.987466000000002,0.67813,0.216427,0.0185893,0.00750863,0.00503005,0.0036744,0.00304449,0.00252481
4739,7.096314,5.9860129999999945,0.67813,0.0981218,0.00831581,0.00345158,0.00231848,0.00169456,0.0014042,0.00116455
4740,7.099142,5.986633000000003,0.67813,0.287328,0.0246559,0.0102207,0.00686531,0.00501781,0.00415801,0.00344838
4741,5.192577,5.100506999999995,0.67829,0.0947698,0.00812987,0.00336533,0.00226048,0.00165217,0.00136907,0.00113542
4742,7.150548,6.089502999999997,0.67835,0.616476,0.052801,0.0218575,0.0146815,0.0107306,0.0088919,0.00737435
4745,7.098973000000001,6.117620000000005,0.67909,0.137119,0.0126716,0.00495433,0.00327718,0.00238462,0.0019741,0.00163653
4746,6.752172,5.644392000000005,0.67946,1.02152,0.089102,0.0366917,0.0245644,0.0179328,0.0148556,0.0123186
4747,6.752367,5.642432999999995,0.67946,0.0633739,0.00525143,0.0021786,0.00146339,0.00106958,0.000886311,0.000735048
4748,6.752587,5.652042000000001,0.67946,0.0705558,0.0059061,0.00244636,0.0016432,0.001201,0.000995209,0.00082536
4749,6.83462,6.800810999999998,0.67952,0.11225,0.0092766,0.00384992,0.00258604,0.00189012,0.00156625,0.00129895
4750,5.111868,5.944149000000006,0.67955,0.183113,0.015851,0.00646432,0.00433767,0.00316997,0.00262676,0.00217846
4751,5.126763,5.9354439999999995,0.67955,0.103925,0.00882677,0.00366463,0.00246158,0.00179916,0.00149087,0.00123643
4752,7.091514,6.198735000000006,0.68016,0.0561627,0.00466222,0.00193542,0.00130005,0.000950199,0.000787383,0.000653003
4753,6.677363,5.542820000000004,0.68118,0.149109,0.0128037,0.0053128,0.00356867,0.00260832,0.00216139,0.00179251
4755,6.503769,7.036283999999996,0.68153,0.0638163,0.00556752,0.00228817,0.00153318,0.00111989,0.000927891,0.000769499
4756,5.177915,7.065631999999998,0.68243,0.119767,0.011172,0.00438317,0.00287881,0.00208421,0.00172205,0.0014259
4757,5.196661000000001,7.064263000000005,0.68243,0.169622,0.0144134,0.00597733,0.00401503,0.00293456,0.00243173,0.00201671
4761,7.060798,6.973490999999999,0.6828,7.83703,0.675003,0.279512,0.187685,0.137166,0.11366,0.0942615
4763,6.254538,7.172823999999995,0.68292,0.0641018,0.00535247,0.00222167,0.00149233,0.00109073,0.000903835,0.000749581
4764,6.257295,7.176172999999993,0.68292,0.0571456,0.00484741,0.00200982,0.00135001,0.000986714,0.000817641,0.000678098
4765,6.253844,7.176697000000004,0.68292,0.055608,0.00470456,0.00195271,0.00131166,0.000958686,0.000794415,0.000658836
4766,6.836457,5.155932999999997,0.683,0.0676435,0.00565632,0.0023484,0.00157745,0.00115295,0.000955393,0.00079234
4771,7.059503,7.058590000000003,0.68384,0.0835473,0.00728566,0.00296475,0.00198899,0.00145352,0.00120444,0.000998883
4777,7.024731,6.645280999999998,0.68408,0.0935613,0.0181974,0.0048636,0.00248873,0.0015985,0.00127418,0.00103636
4778,7.016992,6.6305050000000065,0.68408,0.179478,0.0154149,0.00639737,0.00429718,0.00314078,0.00260261,0.00215843
4779,7.023748,6.625353999999995,0.68408,0.0705016,0.0809643,0.084347,0.0630215,0.0419928,0.0303017,0.0205035
4780,7.020556000000001,6.6234280000000005,0.68408,0.0523055,0.004459,0.00183997,0.00123579,0.000903222,0.000748455,0.000620719
4781,7.13232,7.1424430000000045,0.68408,0.130222,0.0111945,0.00464673,0.00312127,0.00228132,0.00189041,0.00156779
4782,7.134421,7.137315999999999,0.68408,0.0702574,0.00611681,0.00249235,0.00166986,0.00121976,0.00101064,0.000838118
4789,5.445156,6.565948999999998,0.68515,0.996439,0.0829505,0.0343816,0.0230945,0.0168796,0.0139873,0.0116001
4790,5.175905,6.159629999999998,0.68544,0.0760522,0.006443,0.00266818,0.0017922,0.00130991,0.00108545,0.000900204
4791,5.17459,6.160957000000004,0.68544,0.0865405,0.00712449,0.00295682,0.00198614,0.00145165,0.00120291,0.000997617
4806,5.339431,6.435830000000006,0.68857,0.119234,0.0100154,0.00414931,0.00278707,0.00203705,0.001688,0.00139992
4814,5.185664,6.258181,0.68947,0.0711781,0.00609588,0.00251943,0.00169218,0.0012368,0.00102487,0.00084996
4817,6.485778,6.782467999999999,0.69,0.629464,0.0541822,0.0224986,0.0151127,0.0110457,0.00915307,0.00759095
4821,6.876565,5.818870999999995,0.69026,0.0766914,0.00635298,0.00263034,0.00176676,0.00129131,0.00107005,0.000887426
4822,6.878787,5.831168000000006,0.69026,0.112739,0.0108558,0.00419037,0.00272879,0.00197052,0.00162744,0.0013475
4823,6.879907,5.820920999999998,0.69026,0.147506,0.0126495,0.00519169,0.00348667,0.00254836,0.0021117,0.00175131
4824,6.884017,5.818574999999996,0.69026,0.053835,0.00452436,0.00187521,0.00125958,0.000920619,0.000762872,0.000632675
4827,5.159357,6.504543000000002,0.69079,0.0745382,0.00641063,0.00265866,0.00178584,0.00130526,0.0010816,0.000897011
4828,5.156056,6.505152999999996,0.69079,0.0909889,0.00765456,0.00317562,0.00213308,0.00155906,0.00129191,0.00107143
4829,6.876045,5.607085999999999,0.69088,0.209274,0.0175458,0.0072811,0.00489081,0.00357466,0.00296215,0.00245661
4832,7.014594000000001,5.498608999999997,0.69159,0.0543695,0.00467327,0.00194043,0.00130341,0.000952655,0.000789418,0.000654691
4833,7.002233,5.501571000000005,0.69159,0.0851362,0.0073293,0.00304337,0.00204428,0.00149415,0.00123813,0.00102682
4834,6.719003,5.813654000000003,0.69196,0.0747899,0.00643747,0.00267195,0.00179476,0.00131178,0.00108701,0.000901492
4836,5.744587,6.5121389999999995,0.69225,0.0634352,0.00557095,0.00223899,0.00150046,0.00109633,0.000908446,0.000753398
4837,5.745852,6.510373000000001,0.69225,0.120257,0.0104268,0.00429419,0.00288098,0.00210511,0.00174431,0.00144659
4842,5.449888,6.635579999999997,0.69254,0.129649,0.0111855,0.00463088,0.00311022,0.00227322,0.0018837,0.00156222
4846,5.443092,6.872767000000005,0.6927,0.571862,0.0471045,0.0195173,0.0131099,0.00958195,0.00794009,0.00658499
4847,5.441908,6.878413000000002,0.6927,0.070597,0.00726862,0.00199073,0.00131471,0.000959662,0.000795153,0.000659437
4850,7.192115,5.365198999999995,0.69317,0.404875,0.0378408,0.0152803,0.00996634,0.00716974,0.00590884,0.00488525
4851,7.184122999999999,5.3665449999999995,0.69317,0.0630332,0.0050453,0.00209462,0.00140698,0.00102836,0.000852148,0.000706715
4852,4.862898,7.122163000000006,0.6933,0.103014,0.00887484,0.00363869,0.00244227,0.00178485,0.001479,0.00122658
4853,4.862305,7.131519000000003,0.6933,0.0732768,0.00626947,0.00260248,0.00174812,0.00127769,0.00105876,0.000878063
4859,5.246766,6.713589999999999,0.69374,0.177312,0.0152325,0.00629812,0.00423031,0.0030919,0.0025621,0.00212484
4860,5.23471,6.705911999999996,0.69374,0.0701691,0.00599239,0.00248251,0.00166743,0.00121871,0.00100988,0.00083753
4861,5.226025,6.704485000000002,0.69374,0.112547,0.00937648,0.00388405,0.00260895,0.00190687,0.00158013,0.00131045
4862,5.2309,6.7090629999999996,0.69374,0.069336,0.00593227,0.00246327,0.00165461,0.00120935,0.00100212,0.000831096
4863,5.246558,6.695821999999997,0.69374,0.0574475,0.00493187,0.00204712,0.00137508,0.00100503,0.000832823,0.000690688
4865,5.803585,6.504360000000004,0.69402,0.052722,0.00465255,0.0018913,0.00126455,0.000923136,0.000764771,0.000634192
4866,5.825864000000001,6.510413999999998,0.69402,0.0879207,0.00898499,0.00411079,0.00265794,0.00182362,0.00144832,0.00115495
4867,6.70584,6.907143999999994,0.69404,0.0823455,0.00661681,0.00274379,0.00184303,0.00134706,0.00111624,0.000925738
4868,6.704007,6.906220999999997,0.69404,0.068442,0.00593734,0.00244978,0.00164376,0.00120115,0.000995295,0.000825423
4869,5.379226,6.839745000000004,0.69459,0.108256,0.00910779,0.00376458,0.00252864,0.00184816,0.00153148,0.00127011
4870,4.879211,6.890772000000003,0.69461,0.12961,0.0111578,0.00463193,0.00311132,0.00227405,0.00188439,0.00156279
4871,4.881985,6.891026999999994,0.69461,0.368301,0.0310779,0.012636,0.00847283,0.0061906,0.00512953,0.004254
4872,4.892097,6.880470000000005,0.69461,0.144334,0.0124304,0.00516149,0.00346705,0.00253404,0.00209984,0.00174147
4876,4.963132,6.964477999999996,0.69476,0.104,0.009756,0.00385687,0.0025251,0.00182586,0.00150832,0.00124897
4877,4.955191,6.973778000000001,0.69476,0.160557,0.0220118,0.00794342,0.00455708,0.00300265,0.00238519,0.00192492
4878,4.81944,6.787849000000004,0.69484,0.0601266,0.00515824,0.00214191,0.00143875,0.00105158,0.000871388,0.000722672
4881,5.837439,6.805989000000001,0.69545,0.101813,0.00838461,0.00339207,0.00227683,0.00166401,0.00137888,0.00114355
4882,5.837479,6.788096,0.69545,0.0576191,0.00507812,0.00207347,0.00138484,0.00101018,0.000836672,0.000693724
4883,4.929016,6.7654900000000024,0.69546,0.0535288,0.00649425,0.00295749,0.00179652,0.00116725,0.00090298,0.000707145
4884,4.917,6.766521999999999,0.69546,0.088151,0.00753406,0.00312638,0.00210003,0.0015349,0.00127189,0.00105483
4885,5.23512,5.6281159999999995,0.69551,0.124626,0.010633,0.00441501,0.00296563,0.00216756,0.00179615,0.00148961
4888,6.140207,6.688208000000005,0.69561,0.159144,0.0136983,0.0056419,0.00378914,0.00276943,0.00229489,0.00190323
4889,6.570002,6.800822000000003,0.6959,0.100279,0.00844883,0.00349413,0.00234692,0.00171534,0.00142142,0.00117883
4890,6.581316,6.795803000000005,0.6959,0.0772851,0.00691505,0.00266059,0.00176692,0.00128778,0.0010665,0.00088428
4891,6.576944,6.795226,0.6959,0.248905,0.0213864,0.00885167,0.00594509,0.00434517,0.00360063,0.00298612
4892,5.774357,6.776337999999996,0.69591,0.0746066,0.00635133,0.00263225,0.00176808,0.00129228,0.00107084,0.000888088
4893,5.760499,6.782097999999999,0.69591,0.119795,0.0102867,0.00422256,0.00283547,0.00207238,0.00171727,0.00142419
4894,6.549853,6.791370999999999,0.69631,0.105419,0.00911208,0.00371339,0.00249321,0.00182222,0.00150998,0.00125228
4895,5.274142,7.148594000000001,0.69653,0.145364,0.0124566,0.00514909,0.00345846,0.00252775,0.00209462,0.00173714
4899,5.905335,6.501430999999999,0.6966,0.308188,0.0232456,0.00964743,0.00648031,0.00473642,0.00392484,0.003255
4900,6.870135,5.053443000000005,0.69667,0.0548711,0.00488582,0.00196882,0.00131522,0.000960122,0.000795441,0.00065964
4901,6.373192,6.773425000000005,0.69692,0.287927,0.0275025,0.00876863,0.00579302,0.00422584,0.00350104,0.00290339
4902,6.384972,6.774989999999997,0.69692,0.325215,0.0315731,0.013991,0.00921283,0.00648423,0.00522958,0.00422317
4903,6.506014,6.810324999999996,0.69694,0.0595659,0.00511255,0.00209755,0.00140822,0.0010292,0.000852841,0.000707289
4904,6.510087,6.804480000000002,0.69694,0.0801001,0.00705483,0.0026232,0.00175149,0.00127927,0.00106,0.000879077
4907,5.318834,6.765603000000004,0.69733,0.0765483,0.00680796,0.0027337,0.00182901,0.00133593,0.00110692,0.000917985
4908,5.327299,6.7674780000000005,0.69733,0.204507,0.0176267,0.00727327,0.0048837,0.00356929,0.00295768,0.0024529
4909,7.169780000000001,7.095415000000004,0.69837,0.0790353,0.00675759,0.00276225,0.00185364,0.00135462,0.00112249,0.00093091
4910,7.157394,7.0920929999999975,0.69837,0.0578877,0.00538772,0.00220982,0.00143971,0.00103185,0.000848584,0.000700488
4911,7.169852,7.089697000000002,0.69837,0.128832,0.0110048,0.00456793,0.00306834,0.00224263,0.00185836,0.0015412
4912,5.404473,6.509856999999997,0.69842,0.165973,0.0142477,0.00591258,0.00397153,0.00290276,0.00240538,0.00199486
4913,5.398954,6.506011999999997,0.69842,0.0854372,0.00693194,0.00284417,0.00191039,0.00139629,0.00115704,0.00095957
4914,5.832605,7.102072000000003,0.69848,0.065552,0.00509703,0.00211478,0.00142052,0.00103825,0.000860348,0.000713516
4918,5.256225,6.718356000000003,0.69864,0.0621573,0.00529044,0.00219605,0.00147512,0.00107815,0.000893411,0.000740936
4919,5.256027,6.716368999999996,0.69864,0.0567519,0.00486401,0.00201957,0.00135657,0.00099151,0.000821616,0.000681394
4920,5.246914,6.718254999999997,0.69864,0.170079,0.0146307,0.00607481,0.00408054,0.00298244,0.0024714,0.00204961
4921,5.425374,6.678894999999999,0.69916,0.112874,0.00910769,0.00377971,0.00253889,0.00185566,0.00153769,0.00127526
4922,5.419759000000001,6.6785919999999965,0.69916,0.318782,0.0273366,0.0113372,0.0076152,0.00556589,0.00461218,0.00382504
4924,5.498183,6.779754000000005,0.69937,0.0727901,0.00635676,0.00259909,0.00174116,0.00127174,0.00105369,0.000873812
4928,5.573938,5.232027000000005,0.69973,0.171547,0.0147929,0.0060271,0.00404534,0.00295648,0.00244987,0.00203176
4929,5.631895,5.054508000000005,0.70003,1.08695,0.0937698,0.0387927,0.0260543,0.0190427,0.0157797,0.0130867
4930,5.621739,5.050830999999994,0.70003,0.132049,0.0110612,0.00458883,0.00308238,0.00225289,0.00186686,0.00154825
4932,5.779646,6.741586,0.70057,0.220198,0.0260929,0.00882308,0.0054172,0.003838,0.00315704,0.00261014
4936,6.275639,7.127704999999998,0.70107,0.0609623,0.00663914,0.00230697,0.00145749,0.00104273,0.000859399,0.000710975
4937,6.281686,7.129210999999999,0.70107,0.126386,0.0574279,0.0351532,0.0197773,0.0105184,0.00673371,0.00417359
4938,6.285427,7.138276000000004,0.70107,0.0772464,0.00665188,0.00276061,0.00185433,0.00135532,0.00112308,0.000931411
4939,6.223197,6.911983999999998,0.70116,0.0671208,0.00565404,0.00233612,0.00156891,0.00114668,0.000950196,0.000788029
4940,4.857761,5.444385999999994,0.70191,0.70724,0.0812597,0.03347,0.0206209,0.013937,0.011082,0.00889246
4941,4.864846,5.453127000000003,0.70191,0.0985827,0.00847403,0.00351729,0.00236261,0.00172682,0.00143093,0.00118672
4942,5.723602,6.269623000000002,0.70191,0.100848,0.00863142,0.00358374,0.00240725,0.00175944,0.00145796,0.00120914
4943,5.731656,6.269037000000001,0.70191,0.0516343,0.00437749,0.00181464,0.0012189,0.000890885,0.000738232,0.000612241
4944,5.577994,4.836370000000002,0.70202,0.0762091,0.00644915,0.0026678,0.00179181,0.00130961,0.00108521,0.000899997
4945,5.58211,4.840901000000005,0.70202,0.56296,0.0473384,0.0194627,0.0130708,0.00955327,0.00791632,0.00656527
4951,5.347791,5.427386,0.70291,0.0708535,0.00705972,0.00261651,0.0017025,0.00123364,0.00102051,0.000845803
4952,5.588405,6.021508000000003,0.70312,0.0628554,0.00499522,0.00207321,0.0013926,0.00101784,0.000843438,0.000699492
4953,5.296341,4.948482,0.70313,0.0546187,0.00467478,0.00192291,0.00129123,0.000943726,0.000782017,0.000648553
4954,5.308286000000001,4.94029,0.70313,0.146269,0.0126085,0.00522426,0.00350898,0.00256467,0.00212522,0.00176252
4958,5.350888,6.064923999999997,0.70347,0.0741536,0.0128192,0.0182215,0.0200665,0.0193541,0.0178281,0.0156116
4960,4.819887,6.146105000000005,0.70407,0.0833912,0.00663921,0.00267976,0.00179841,0.00131432,0.00108911,0.000903231
4961,4.815727,6.135924000000002,0.70407,0.116544,0.00993131,0.00412386,0.00277006,0.00202462,0.0016777,0.00139137
4962,6.946506,5.068987999999996,0.70418,0.0838232,0.00728109,0.00299304,0.00200837,0.00146766,0.00121615,0.00100858
4963,5.069924,5.800661000000001,0.70439,0.0950958,0.00801107,0.00332598,0.00223411,0.0016329,0.0013531,0.00112217
4964,5.068965,5.787295,0.70439,0.152893,0.0144303,0.00557468,0.00365428,0.0026462,0.00218704,0.00181139
4965,5.070876,5.800669999999998,0.70439,3.56596,0.305169,0.126664,0.0850817,0.0621856,0.0515302,0.0427357
4968,5.041088,5.835350999999995,0.70464,0.0657327,0.00566063,0.00234917,0.00157795,0.00115332,0.000955696,0.000792591
4969,5.028728,5.828030000000003,0.70464,0.0753763,0.00637054,0.00263654,0.00177092,0.00129435,0.00107256,0.000889512
4970,5.041982,5.835169,0.70464,0.181121,0.0155314,0.00644807,0.00433126,0.00316569,0.00262325,0.00217555
4974,5.323235,6.235710000000002,0.70572,0.169654,0.0147105,0.00605727,0.00406422,0.00296982,0.00246084,0.00204083
4983,5.674482,6.063974000000006,0.707,0.0571492,0.0136988,0.00776536,0.00446961,0.00252119,0.00171864,0.0011643
4985,4.842554,6.545239999999994,0.70706,0.0537858,0.0514655,0.0526178,0.0390598,0.0258982,0.0186368,0.0125821
4986,4.853788,6.546191000000002,0.70706,0.368702,0.0315282,0.0130815,0.00878696,0.00642233,0.00532187,0.00441361
4987,4.839287,6.540635000000004,0.70706,0.181621,0.0144096,0.00597753,0.00401519,0.00293467,0.00243182,0.00201679
4990,5.960249,6.858490000000002,0.7073,0.518381,0.0422943,0.0175586,0.0117944,0.00862042,0.00714331,0.00592419
4997,5.40624,5.756215000000006,0.70796,0.413733,0.0355502,0.0145071,0.00972903,0.00710866,0.00589027,0.00488491
5001,5.30575,4.831847999999996,0.70827,0.0761679,0.00620764,0.00257736,0.00173125,0.00126536,0.00104854,0.000869592
5002,5.302938,4.833636999999997,0.70827,0.0626432,0.00532915,0.00221273,0.00148632,0.00108634,0.000900199,0.000746565
5009,6.329515,6.516047999999998,0.70976,0.0850296,0.0074304,0.00304414,0.00204054,0.00149082,0.00123529,0.00102445
5010,6.325874,6.511191000000005,0.70976,0.381478,0.0338328,0.0136729,0.00914364,0.00667697,0.00553207,0.00458772
5011,4.902906,4.806689999999997,0.70982,0.111737,0.0096035,0.00398678,0.00267798,0.00195731,0.00162193,0.00134512
5012,4.91882,4.8093630000000065,0.70982,0.0541286,0.00658918,0.00242386,0.00144704,0.000986141,0.000795941,0.00064962
5013,5.940995,6.362852999999995,0.70993,0.0802524,0.006913,0.0028527,0.00191599,0.00140037,0.00116042,0.000962376
5014,5.960281,6.3634080000000015,0.70993,0.861119,0.0765961,0.030478,0.0203366,0.0148396,0.0122929,0.0101936
5020,5.111624,5.060850000000006,0.71081,0.0720646,0.00621652,0.00256737,0.00172413,0.00126013,0.0010442,0.000865992
5021,5.105454,5.067600000000004,0.71081,0.0603321,0.00517634,0.00214804,0.00144284,0.00105456,0.000873863,0.000724725
5024,6.084014,5.911590000000003,0.7115,0.0634866,0.00537919,0.00223364,0.00150037,0.00109661,0.000908707,0.000753621
5025,6.442329,6.784847999999995,0.71161,0.177588,0.0151998,0.00630915,0.00423794,0.00309748,0.00256673,0.00212868
5026,6.437358,6.777875000000005,0.71161,0.275407,0.0281088,0.0102199,0.00660701,0.00477675,0.00394932,0.00327245
5027,5.025611,6.815009999999997,0.71195,0.0513247,0.00442128,0.0018348,0.00123241,0.000900759,0.000746414,0.000619026
5028,5.489189,5.6739199999999945,0.71204,0.0585494,0.0049722,0.00206202,0.00138508,0.00101235,0.000838883,0.000695714
5029,5.503127,5.674910000000003,0.71204,0.0887657,0.00827861,0.0032187,0.00211985,0.00153882,0.00127287,0.00105474
5030,5.500684,5.675213000000006,0.71204,0.103034,0.00637441,0.0024758,0.00166176,0.00121453,0.00100642,0.000834656
5031,6.288621,6.280229999999997,0.71222,0.119845,0.0103249,0.00428443,0.00287786,0.00210341,0.00174299,0.00144552
5032,6.207615,5.970690000000003,0.71232,0.0548956,0.00469494,0.00194758,0.00130822,0.000956166,0.000792327,0.000657104
5033,6.203738,5.959580000000004,0.71232,0.0612768,0.00597226,0.00222732,0.0014595,0.00105981,0.000877076,0.000727031
5034,6.203435,5.9620890000000015,0.71232,0.0682552,0.00730227,0.00269239,0.001687,0.00118736,0.000970117,0.00079746
5035,6.924048,6.677127000000006,0.71242,0.156433,0.0132647,0.00549585,0.00369155,0.00269813,0.0022358,0.00185423
5039,6.074392,5.256428000000001,0.71327,0.13686,0.0128072,0.00522203,0.0034012,0.00243823,0.00200529,0.00165526
5040,6.089228,5.252793000000005,0.71327,0.63937,0.0553715,0.0227653,0.01528,0.0111668,0.00925325,0.007674
5044,5.600759,5.778512999999995,0.71408,0.053276,0.00463701,0.00189171,0.0012687,0.000927044,0.000768167,0.00063706
5045,5.589153,5.774903999999999,0.71408,0.0688617,0.00594663,0.00245933,0.00165175,0.00120724,0.00100038,0.000829651
5046,5.999069,5.363287000000005,0.71409,0.0825039,0.00681142,0.00282789,0.00189953,0.00138836,0.00115046,0.000954117
5050,5.089941,5.408246000000005,0.71466,0.0796206,0.00815176,0.00310182,0.00197169,0.00140088,0.00114947,0.000947819
5051,5.088791,5.410436000000001,0.71466,0.0553758,0.00484468,0.0019269,0.00129317,0.000945124,0.000783176,0.000649514
5052,4.919432,5.439684000000002,0.71477,0.0559322,0.00481596,0.00199959,0.00134315,0.000981702,0.000813488,0.000674653
5053,6.041842,5.037311999999999,0.71496,0.0592206,0.0071034,0.0027253,0.00161515,0.00109294,0.000880323,0.000718093
5054,6.049869,5.042564000000003,0.71496,0.0551081,0.00674643,0.00227234,0.00137218,0.000960428,0.000786468,0.000648571
5055,6.057024,5.044894999999996,0.71496,0.121142,0.0104419,0.00429714,0.00288435,0.0021079,0.00174668,0.00144857
5059,5.570427,4.906998,0.71521,0.307734,0.0302337,0.0131358,0.00852615,0.00596489,0.0048114,0.00389638
5060,5.577379,4.904071000000004,0.71521,0.337786,0.0288113,0.0119297,0.00801246,0.00585618,0.00485272,0.00402453
5061,5.570036,4.905731000000003,0.71521,0.0890454,0.0111936,0.00439608,0.00261989,0.00173799,0.0013736,0.00109937
5064,5.148174,6.9619009999999975,0.7157,0.320629,0.0273937,0.0113517,0.00762465,0.00557277,0.00461788,0.00382976
5065,5.154984,6.960345000000003,0.7157,0.0672008,0.00575721,0.00238996,0.00160537,0.00117336,0.000972302,0.000806363
5066,6.264437,6.832222999999994,0.71602,0.051542,0.00435635,0.00180814,0.00121455,0.000887707,0.000735599,0.000610057
5067,6.266684,6.833323999999996,0.71602,0.104707,0.00920073,0.0032642,0.00217979,0.00159239,0.00131948,0.00109428
5071,5.186384,7.018716999999999,0.71705,0.266855,0.0226608,0.00939345,0.00630968,0.0046117,0.00382149,0.00316929
5072,6.260253,6.328344000000005,0.71744,0.0512462,0.00438774,0.00182185,0.00122376,0.000894439,0.000741178,0.000614684
5073,6.261495,6.326996999999997,0.71744,0.136168,0.0116345,0.00481813,0.00323625,0.00236534,0.00196004,0.00162553
5074,6.263244,6.314905999999999,0.71744,0.109476,0.00945346,0.00391078,0.00262645,0.00191962,0.0015907,0.00131922
5075,7.112216,6.870832,0.71751,0.286237,0.0251235,0.0101165,0.0067633,0.00493736,0.00409034,0.00339192
5076,7.115398,6.875618999999997,0.71751,0.112654,0.00912202,0.00378481,0.00254231,0.00185816,0.00153977,0.00127698
5081,4.948971,6.401707999999994,0.71808,0.0549572,0.00502044,0.00200553,0.00132609,0.000963738,0.000797442,0.000660908
5082,4.94496,6.399394999999996,0.71808,0.0976589,0.00834359,0.00346439,0.00232708,0.00170085,0.00140941,0.00116887
5086,6.965636,6.510133999999998,0.71874,0.0592869,0.00477877,0.00193339,0.00129849,0.000949053,0.000786433,0.000652216
5087,6.536418,5.518196000000004,0.71895,0.0502813,0.0110236,0.00768833,0.00507755,0.00316246,0.00224327,0.00153792
5088,6.540813,5.517488999999995,0.71895,0.194989,0.0161674,0.00665488,0.00446957,0.00326675,0.00270699,0.002245
5089,6.359608,5.021213000000006,0.71929,0.071982,0.00602186,0.00249671,0.00167707,0.00122576,0.00101573,0.000842376
5090,6.360944,5.025810999999994,0.71929,0.206806,0.0177381,0.00736557,0.00494756,0.00361614,0.00299651,0.00248511
5091,6.360231,5.024722000000001,0.71929,0.227179,0.0190699,0.00791781,0.00531851,0.00388726,0.00322118,0.00267143
5092,6.572204,5.927453000000005,0.71943,0.0607626,0.0154465,0.0170466,0.0145559,0.0110889,0.00876792,0.00655472
5093,6.566511,5.936642999999995,0.71943,0.134361,0.0115307,0.004788,0.00321617,0.00235068,0.00194789,0.00161545
5094,6.923718,5.879669000000005,0.71949,0.333284,0.040664,0.0113862,0.00727327,0.00527299,0.00436486,0.00361889
5095,6.318168000000001,5.023742999999997,0.71982,0.186161,0.0163352,0.00668004,0.00446865,0.00326198,0.00270225,0.00224079
5096,6.315219,5.022474999999996,0.71982,0.554685,0.0583391,0.0189313,0.0124253,0.00905259,0.00749869,0.00621835
5097,6.636136,5.261383000000001,0.71984,0.147503,0.0119327,0.00487901,0.00327496,0.0023934,0.00198327,0.00164478
5098,6.638616,5.261393000000003,0.71984,0.569471,0.0439326,0.0182385,0.0122511,0.00895424,0.00741994,0.00615361
5099,6.636601000000001,5.267657000000001,0.71984,0.110092,0.00934815,0.00388164,0.00260735,0.0019057,0.00157916,0.00130965
5103,5.870431,4.915770000000004,0.71989,0.240117,0.0213911,0.00844287,0.00562938,0.00410736,0.00340243,0.0028214
5106,7.037728,5.661608000000001,0.7207,0.0976324,0.00839569,0.00348133,0.0023384,0.00170912,0.00141626,0.00117456
5107,6.633933,5.902694999999997,0.72072,0.0579959,0.00481557,0.00199413,0.00133948,0.000979015,0.000811261,0.000672806
5108,6.634945,5.9011110000000055,0.72072,0.182306,0.0156632,0.00650375,0.00436866,0.00319303,0.0026459,0.00219434
5109,5.095456,7.144348000000005,0.72085,0.0690597,0.00573811,0.00234094,0.00157221,0.00114911,0.000952212,0.000789701
5113,6.420427,5.3177699999999986,0.72089,0.120002,0.00995036,0.00403974,0.00271061,0.00198089,0.00164144,0.00136129
5118,5.859683,4.964465999999997,0.72096,0.134717,0.0115127,0.00478051,0.00321114,0.002347,0.00194484,0.00161292
5122,6.420785,5.889775999999995,0.72111,0.0899077,0.0172449,0.0119033,0.00791166,0.00496526,0.00354578,0.00245448
5123,7.035839000000001,5.159210999999995,0.7212,0.0797621,0.00684199,0.00283498,0.00190425,0.0013918,0.00115332,0.000956484
5124,6.403072,5.255640999999994,0.72146,0.0617446,0.008919,0.00667241,0.00499141,0.0034869,0.00264957,0.00193414
5125,5.955398000000001,5.944821999999995,0.72155,0.0528465,0.00455135,0.00188652,0.00126711,0.000926115,0.000767425,0.000636451
5126,6.479222,6.874401000000002,0.72162,0.0607391,0.00518797,0.00215416,0.00144698,0.00105759,0.000876371,0.000726805
5127,6.469642,6.874597000000001,0.72162,0.113643,0.00973648,0.00400688,0.00269106,0.00196686,0.00162984,0.00135168
5128,6.123758,6.060649000000001,0.72163,0.185874,0.020507,0.00686949,0.00440404,0.0031847,0.00263417,0.00218327
5129,6.126576,6.060012000000001,0.72163,0.0781372,0.00854198,0.00336381,0.00207506,0.00143344,0.00116092,0.000948721
5130,6.127581,6.064164000000007,0.72163,0.0873186,0.00776008,0.00308955,0.00206115,0.00150386,0.00124573,0.00103297
5133,5.964417,6.031711000000004,0.72187,0.100717,0.0108347,0.00634212,0.00478581,0.00359894,0.00293333,0.00233177
5134,4.901774,6.258382999999998,0.72207,0.0561937,0.00441822,0.00104009,0.000634027,0.00045181,0.000372351,0.000308089
5135,4.889906,6.245997999999996,0.72207,0.0834345,0.00731603,0.00294441,0.0019751,0.00144341,0.00119607,0.000991943
5136,4.886809,6.2473169999999945,0.72207,1.07466,0.0926183,0.0382092,0.0256621,0.0187561,0.0155423,0.0128897
5137,5.365919,7.037482,0.72213,0.0953856,0.0080883,0.00335382,0.00225279,0.00164655,0.00136441,0.00113155
5138,5.367203,7.033825999999997,0.72213,0.0861992,0.00727759,0.00302141,0.00202953,0.00148337,0.00122919,0.00101941
5139,4.817774,6.2249199999999965,0.72284,0.172411,0.0146935,0.00610109,0.00409819,0.00299534,0.00248209,0.00205848
5140,5.384513,5.0826610000000025,0.72302,0.120999,0.0104258,0.00430316,0.00289026,0.00211246,0.00175049,0.00145174
5141,5.970157,5.185183999999998,0.72324,0.0892896,0.00763337,0.00313444,0.00210374,0.0015374,0.00127394,0.00105651
5142,5.97165,5.192969000000005,0.72324,0.0985034,0.00849967,0.00351832,0.00236302,0.00172709,0.00143116,0.00118691
5143,5.963924,5.185746000000006,0.72324,0.0816958,0.00701656,0.00291357,0.00195709,0.00143042,0.00118532,0.000983026
5144,5.949868,7.036061999999996,0.72328,0.0630451,0.00503126,0.00208455,0.00140021,0.0010234,0.000848045,0.000703313
5145,5.098145,7.1839339999999945,0.72343,0.192115,0.0154266,0.00630262,0.00423316,0.00309398,0.00256383,0.00212627
5146,5.182068,6.866882000000005,0.72355,0.672395,0.0573015,0.0237937,0.0159826,0.0116816,0.00967993,0.00802789
5147,5.180906,6.864579999999998,0.72355,0.080339,0.00690604,0.00286711,0.00192588,0.00140761,0.00116642,0.000967351
5148,5.175489,6.8672699999999995,0.72355,0.0512303,0.0165313,0.0206574,0.0181079,0.0139188,0.0110064,0.00819173
5149,4.816577,6.193969999999995,0.72368,0.266119,0.0223835,0.00925514,0.00621623,0.00454337,0.00376486,0.00312233
5150,4.816747,6.194754000000003,0.72368,0.0786114,0.00661598,0.00274388,0.00184309,0.0013471,0.00111628,0.000925765
5151,6.863542,6.647788,0.72375,0.0533107,0.00458631,0.00189852,0.0012752,0.000932031,0.000772328,0.000640518
5152,6.858989,6.643870999999995,0.72375,0.0777181,0.00644055,0.00267374,0.00179599,0.00131268,0.00108775,0.000902109
5153,6.277111,7.090694,0.72378,0.11593,0.0100658,0.00414556,0.00278238,0.00203339,0.00168495,0.00139738
5154,6.244862,5.1975240000000005,0.72398,0.0987808,0.00958072,0.00405705,0.00260105,0.00182377,0.00148154,0.00121136
5155,6.232915,5.194784999999997,0.72398,0.0836168,0.00677069,0.00281036,0.00188776,0.00137975,0.00114333,0.000948203
5160,6.609639,6.990887999999997,0.72423,0.0625179,0.00553574,0.00223118,0.001494,0.00109141,0.000904336,0.000749983
5161,6.618062,6.991339,0.72423,0.0602982,0.00517801,0.00214826,0.00144298,0.00105466,0.000873948,0.000724795
5162,5.385078000000001,4.948467000000004,0.72432,0.155225,0.0131381,0.00545331,0.00366306,0.00267731,0.00221855,0.00183992
5163,5.381801,4.948084000000004,0.72432,0.0841738,0.00714262,0.00296203,0.0019896,0.00145419,0.00120501,0.000999357
5164,5.379358,4.945881999999999,0.72432,0.0612605,0.00538553,0.00214255,0.00142896,0.00104235,0.000863347,0.000715859
5165,5.376671,4.949245000000002,0.72432,0.0950844,0.00758444,0.00283645,0.00188866,0.00137813,0.00114166,0.000946725
5166,5.882571,5.532225000000006,0.72472,0.0752711,0.00636245,0.00264175,0.0017745,0.00129697,0.00107474,0.000891316
5167,5.727526,4.918255999999999,0.72477,0.122078,0.0103903,0.00430095,0.00288884,0.00211143,0.00174963,0.00145103
5168,6.718849,6.664997999999997,0.72487,0.0195037,0.0524912,0.141843,0.184,0.200571,0.199286,0.18878
5169,6.043261,5.966627000000006,0.72532,0.0932021,0.00987822,0.00369012,0.00231994,0.0016389,0.00134207,0.00110533
5170,4.933594,6.3535999999999975,0.7254,0.0578066,0.0285729,0.0139161,0.00703683,0.00350338,0.00219571,0.00136353
5171,5.696827,6.857399000000001,0.72542,0.0835949,0.00782116,0.00280802,0.00186368,0.00135982,0.00112657,0.000934254
5172,5.708751,6.859633999999996,0.72542,0.0964014,0.00828134,0.00319215,0.00213642,0.00156086,0.00129335,0.00107261
5175,6.428196,5.998522999999995,0.72544,0.185948,0.0180983,0.0068985,0.00448875,0.00324354,0.00267983,0.00221944
5176,5.865371,5.470760999999997,0.72557,0.0620917,0.00403749,0.00167582,0.00112567,0.000822747,0.00068177,0.000565415
5177,5.749615,5.358422999999996,0.72567,0.0719432,0.00638754,0.0026203,0.00174308,0.00126658,0.00104706,0.000866978
5178,6.216836,5.7808600000000006,0.72568,0.0756105,0.00637359,0.00264413,0.00177607,0.00129812,0.00107569,0.000892104
5185,5.790876,5.375034000000004,0.72641,0.0833943,0.00714149,0.00296409,0.00199102,0.00145522,0.00120587,0.00100007
5186,5.788104,5.373815999999997,0.72641,0.0802948,0.00677581,0.00278109,0.00186703,0.0013645,0.00113068,0.000937709
5187,5.790009,5.374889000000003,0.72641,0.0800721,0.0070599,0.00284678,0.0019067,0.00139294,0.00115418,0.000957187
5188,5.792274,5.375453999999998,0.72641,0.125661,0.0105921,0.00439825,0.00295437,0.00215933,0.00178933,0.00148395
5189,7.018834000000001,6.456805999999997,0.72642,0.107883,0.00916031,0.00379783,0.002551,0.00186451,0.00154502,0.00128134
5190,7.022873,6.456358999999997,0.72642,0.113064,0.00979626,0.00400551,0.00268583,0.00196232,0.00162597,0.00134844
5194,6.395197,5.979518,0.72646,0.0652656,0.005624,0.00232732,0.0015632,0.00114253,0.000946759,0.00078518
5195,6.394343,5.992329999999998,0.72646,0.0644439,0.00552004,0.0022897,0.00153797,0.00112409,0.000931474,0.000772502
5198,5.475939,4.938649,0.72725,0.0652686,0.00643463,0.00223253,0.0014483,0.00104837,0.000866879,0.00071828
5199,6.267025,6.312186999999998,0.7273,0.113077,0.010487,0.00416188,0.00273595,0.00198026,0.0016358,0.00135426
5203,6.288402,5.848224000000005,0.72789,0.0952926,0.00734495,0.00299893,0.00201368,0.00147174,0.00121955,0.00101142
5204,6.710355000000001,6.614268000000002,0.72799,0.134862,0.0117963,0.00486384,0.00325117,0.00237023,0.00196233,0.00162656
5205,6.712545,6.616171999999999,0.72799,0.130117,0.0110784,0.00460019,0.00309002,0.00225847,0.00187148,0.00155209
5208,5.800014,4.868697000000003,0.7283,0.0551885,0.00477043,0.00197582,0.00132612,0.000969002,0.000802917,0.00066587
5209,5.813882,4.849296999999997,0.7283,0.0757532,0.00637028,0.00264511,0.00177676,0.00129862,0.0010761,0.000892449
5210,5.808698,4.861140999999998,0.7283,0.100747,0.00862943,0.00357914,0.00240413,0.00175717,0.00145608,0.00120757
5211,6.119034,6.101300000000003,0.72832,0.0560791,0.00469464,0.00194903,0.00130919,0.000956882,0.000792921,0.000657596
5212,6.126081,6.095846000000002,0.72832,0.160243,0.0171972,0.00656533,0.00409201,0.00286735,0.00233986,0.00192285
5218,6.165749,6.093746000000006,0.72896,0.521947,0.0419874,0.0174004,0.0116879,0.00854262,0.00707885,0.00587073
5219,6.15766,6.099684,0.72896,1.32987,0.113676,0.0471968,0.0317028,0.0231713,0.0192009,0.015924
5220,5.980535,5.278183000000006,0.7291,0.167479,0.0219439,0.0213521,0.0205988,0.0181977,0.0159923,0.0134176
5221,5.986058,5.2669549999999985,0.7291,0.0533302,0.00459996,0.00190538,0.00127978,0.000935379,0.000775102,0.000642818
5222,5.096511,5.169519999999994,0.72915,0.0571078,0.00496757,0.00203218,0.00136427,0.000997093,0.000826239,0.000685228
5223,5.09812,5.168033999999996,0.72915,0.0656037,0.00557852,0.00204135,0.0013555,0.000988608,0.000818923,0.000679079
5224,5.621349,4.9730819999999945,0.72974,0.248069,0.0235218,0.00851116,0.00564754,0.00412029,0.0034135,0.00283076
5225,5.625110000000001,4.9784440000000005,0.72974,0.155806,0.0132457,0.00526483,0.00353336,0.00258238,0.00213988,0.00177468
5226,5.619304,4.973049999999995,0.72974,0.0875146,0.00758301,0.00308173,0.0020681,0.00151142,0.00125243,0.00103868
5230,5.47736,4.909277999999995,0.72988,0.211089,0.0182128,0.00755111,0.0050702,0.00370528,0.00307028,0.00254624
5235,5.721703,4.977308,0.73009,0.0902455,0.00766984,0.00318066,0.00213644,0.00156151,0.00129394,0.00107311
5236,5.709517,4.981494,0.73009,0.157922,0.00618905,0.00245797,0.00165051,0.00120633,0.000999628,0.000829026
5237,5.725087,4.977730000000002,0.73009,0.0809801,0.00693772,0.00288079,0.00193507,0.00141433,0.00117199,0.000971967
5238,4.914966,6.3172140000000025,0.73016,0.0560735,0.00484773,0.00199592,0.00133956,0.000978915,0.000811157,0.000672714
5241,6.7705,6.884382000000003,0.73048,0.0501407,0.00419082,0.00172502,0.00115867,0.000846861,0.000701752,0.000581986
5242,6.777505,6.901294000000005,0.73048,0.0925943,0.0107737,0.0035902,0.00221696,0.0015702,0.00129032,0.00106588
5243,7.119001,6.418346999999998,0.73058,0.0571456,0.00518493,0.00207334,0.0013752,0.00100109,0.000828781,0.000687068
5248,6.112249,5.217911000000003,0.73081,0.576534,0.0508046,0.0205499,0.0137696,0.0100604,0.0083362,0.00691341
5249,6.112043,5.2211510000000025,0.73081,0.417875,0.0358439,0.0148682,0.00998702,0.00729945,0.00604869,0.00501638
5250,5.491357,4.8128329999999995,0.73085,0.215177,0.0173995,0.00708387,0.00475694,0.00347676,0.00288101,0.00238932
5252,6.638091,6.133435999999999,0.73115,0.0591384,0.00505507,0.00208303,0.00139892,0.00102245,0.000847251,0.000702654
5253,6.643612,6.145654000000003,0.73115,0.198206,0.0181336,0.00757792,0.0049906,0.0035806,0.00293844,0.00241838
5254,5.607425,4.9797020000000005,0.73125,0.134253,0.0115493,0.00479531,0.00322108,0.00235427,0.00195086,0.00161792
5255,5.684537,7.1785359999999985,0.73146,0.125306,0.0107939,0.00446472,0.00299879,0.00219179,0.00181623,0.00150626
5256,5.681665000000001,7.183441000000005,0.73146,0.111333,0.00945151,0.0039239,0.00263574,0.00192645,0.00159635,0.00132391
5262,7.125408,6.4090340000000054,0.73193,0.0958152,0.008,0.00324828,0.00218104,0.00159407,0.00132093,0.00109549
5263,6.702828,6.776897999999997,0.73222,0.0817392,0.00703771,0.00291895,0.00196067,0.00143304,0.00118749,0.000984823
5266,6.24159,5.550792,0.73231,0.306774,0.0247685,0.0102836,0.00690763,0.00504874,0.00418365,0.00346964
5270,5.716176,6.997596999999999,0.73261,0.195678,0.0167745,0.00696369,0.00467761,0.00341883,0.00283302,0.00234952
5271,5.706156,6.989188999999997,0.73261,0.0918451,0.0080425,0.00320526,0.00214891,0.00157032,0.00130123,0.00107915
5272,5.708264,6.989396000000001,0.73261,0.111566,0.0256322,0.0132881,0.00754462,0.00430268,0.00298365,0.00206933
5274,6.257257,5.703231999999995,0.73291,0.0717902,0.00612528,0.00254232,0.00170771,0.00124815,0.00103428,0.000857767
5275,6.2565990000000005,5.701663,0.73291,0.214784,0.030478,0.0123397,0.00701762,0.00444826,0.00343991,0.00271325
5276,6.427353,6.459224000000003,0.73297,0.0554815,0.00452744,0.00187696,0.00126077,0.000921487,0.000763591,0.000633272
5277,6.416886,6.456032000000002,0.73297,0.900148,0.0773267,0.0321006,0.0215624,0.0157598,0.0130594,0.0108306
5278,6.218563,6.507642999999995,0.73305,0.217459,0.0187857,0.00775964,0.00521106,0.00380865,0.00315603,0.0026174
5279,6.225876000000001,6.5165960000000025,0.73305,0.0749609,0.00641809,0.0025821,0.00173238,0.00126604,0.0010491,0.00087005
5280,6.227422,6.516963999999994,0.73305,0.0570472,0.00486962,0.00202025,0.001357,0.000991822,0.000821874,0.000681607
5288,5.726024,5.900883999999999,0.73414,0.126952,0.0124789,0.00432678,0.00286909,0.00209377,0.00173473,0.00143862
5289,5.72175,5.903518000000007,0.73414,0.0657651,0.00564127,0.00234216,0.00157326,0.00114989,0.000952853,0.000790233
5291,6.601920000000001,6.672903999999999,0.73452,0.0835514,0.00651784,0.00270542,0.00181727,0.00132823,0.00110064,0.000912798
5292,6.891944,4.996518999999996,0.73458,0.168363,0.00763278,0.00313659,0.00210684,0.00153988,0.00127602,0.00105825
5293,6.102465,6.507255000000001,0.73475,0.0678674,0.00635785,0.00254228,0.00166066,0.00119731,0.000987774,0.000817221
5294,6.286334,6.5839920000000065,0.73479,0.0848381,0.0288385,0.0334857,0.0282045,0.0210369,0.0163595,0.0119934
5295,6.286777,6.576725,0.73479,0.205753,0.0181887,0.00748983,0.00498383,0.00362375,0.0029973,0.00248311
5296,6.634116,5.1275729999999955,0.73533,0.232237,0.019431,0.00806732,0.00541894,0.00396067,0.00328201,0.00272188
5297,6.635464,5.1315819999999945,0.73533,0.307418,0.0288844,0.0110355,0.00732348,0.00534083,0.00442427,0.00366885
5298,6.730664,5.940027000000004,0.73537,0.0793777,0.00878028,0.00253751,0.00162317,0.00117529,0.000972472,0.00080612
5299,6.63944,5.1711929999999935,0.73558,0.345489,0.0291669,0.0121003,0.00812782,0.00594056,0.00492265,0.00408252
5300,6.635206,5.168067,0.73558,0.0782906,0.00669363,0.00277847,0.00186634,0.00136409,0.00113036,0.000937443
5301,6.63446,5.175664000000001,0.73558,0.088111,0.00758735,0.00315057,0.00211628,0.00154678,0.00128174,0.00106299
5302,7.046597,4.880283000000001,0.7361,0.0781374,0.00679408,0.00277704,0.0018637,0.00136203,0.00112863,0.00093601
5307,7.029892,5.3138989999999975,0.73683,0.090746,0.00722671,0.00297845,0.0020005,0.00146215,0.00121161,0.00100483
5308,7.086213,5.093679999999998,0.73689,0.059862,0.0166656,0.0110419,0.0070801,0.00432756,0.00303943,0.00206228
5309,7.094006,5.093806,0.73689,0.0557573,0.00497644,0.00202071,0.00134401,0.000978566,0.000810034,0.000671445
5310,7.169943,5.205167000000006,0.73692,0.101377,0.00814174,0.00337666,0.00226814,0.00165777,0.00137371,0.00113927
5311,7.171396,5.205871000000003,0.73692,0.122429,0.0107103,0.00434116,0.00291026,0.00212646,0.00176202,0.00146129
5312,7.170115000000001,5.209237000000005,0.73692,0.0516512,0.00457941,0.0018533,0.00123861,0.000904236,0.000749141,0.000621243
5313,7.163309000000001,5.211467999999997,0.73692,0.128317,0.00996262,0.00406197,0.00272761,0.00199355,0.00165195,0.00137002
5316,6.560869,5.521971999999999,0.73703,0.0879859,0.00751614,0.00311965,0.00209551,0.00153159,0.00126916,0.00105255
5317,6.560516,5.523620000000001,0.73703,0.081788,0.00702061,0.00291336,0.00195694,0.00143031,0.00118523,0.000982952
5318,6.562148,5.524512000000004,0.73703,0.4543,0.0390488,0.0162141,0.0108912,0.00796033,0.00659634,0.00547056
5321,5.170066,6.580477000000001,0.73718,0.107602,0.0092612,0.00384411,0.0025821,0.00188724,0.00156386,0.00129696
5322,5.18898,6.5820979999999984,0.73718,0.0943936,0.00824907,0.00338729,0.00226664,0.00165422,0.00137018,0.00113609
5323,5.711021,7.021341999999997,0.73729,0.0546859,0.0165362,0.00900988,0.00523981,0.00300167,0.00205291,0.00137744
5324,5.608623,4.924949000000001,0.73741,0.0992913,0.00856267,0.00351075,0.00235757,0.0017231,0.00142785,0.00118416
5325,7.126641000000001,5.6537120000000005,0.73744,0.117019,0.0294705,0.0080571,0.00372569,0.00214831,0.00162747,0.0012804
5327,5.22963,6.736900999999999,0.73793,0.240313,0.0221014,0.0083915,0.005533,0.00402096,0.00332728,0.00275763
5332,7.143861,6.437595000000001,0.73888,0.278406,0.0237708,0.00976129,0.00655609,0.00479178,0.00397071,0.00329305
5333,6.962011,6.262477000000003,0.7389,0.132321,0.0114489,0.00468465,0.00314568,0.00229911,0.00190516,0.00158001
5334,6.961174,6.259672999999997,0.7389,0.168739,0.0209839,0.00774454,0.00458363,0.00309918,0.00249233,0.00202911
5338,7.123057,5.185849999999998,0.73905,0.074936,0.00647674,0.00266806,0.0017916,0.00130943,0.00108506,0.000899875
5339,7.031526,5.0594709999999985,0.73912,0.0561337,0.00483106,0.00200088,0.00134396,0.000982289,0.000813974,0.000675057
5340,7.037665,5.054582999999996,0.73912,0.0720847,0.0136773,0.00324244,0.00163757,0.00104665,0.000831939,0.000675032
5341,5.546072,6.783791000000001,0.73915,0.136448,0.0117263,0.0048664,0.00326882,0.00238916,0.00197978,0.0016419
5342,5.537812,6.773837000000006,0.73915,0.0829625,0.00720081,0.00297577,0.00199467,0.00145666,0.00120677,0.00100069
5349,4.861835000000001,5.764735000000006,0.73949,0.67415,0.0581739,0.0240918,0.0161815,0.0118269,0.00980033,0.00812775
5352,6.499297,6.596579000000006,0.73952,0.0599237,0.00501076,0.00200731,0.00134483,0.000982486,0.00081408,0.000675128
5353,6.503134,6.594226999999994,0.73952,0.239929,0.0206838,0.00857302,0.00575823,0.00420863,0.00348748,0.00289229
5354,6.502315,6.597863999999999,0.73952,0.140117,0.011737,0.0048567,0.00326198,0.00238413,0.00197561,0.00163844
5355,6.067263,6.817638999999998,0.73981,0.0965643,0.00829742,0.00344389,0.0023133,0.00169077,0.00140106,0.00116195
5356,6.063227,6.816308000000003,0.73981,0.0502288,0.00462397,0.00177665,0.00118144,0.000861833,0.00071394,0.000592037
5361,6.829172,6.115130000000007,0.74046,0.0511122,0.00540545,0.00210086,0.00130988,0.000918104,0.000749646,0.000616476
5362,6.82045,6.113212000000005,0.74046,0.305964,0.0263666,0.0109325,0.00734331,0.00536717,0.00444751,0.00368847
5363,5.60306,6.825386999999999,0.74102,0.0755205,0.053552,0.0413826,0.0263701,0.0153926,0.0102682,0.00646181
5366,6.749814,6.0423840000000055,0.74107,0.0762278,0.00656348,0.00271855,0.00182603,0.00133463,0.00110594,0.000917194
5367,6.74874,6.052709999999996,0.74107,0.0663208,0.0180793,0.0158203,0.0116011,0.0077581,0.00567016,0.00393433
5368,6.757794,6.047198999999998,0.74107,0.0630035,0.00555405,0.00231133,0.00154073,0.00111817,0.000923169,0.000763403
5372,6.496645,6.579474999999996,0.74116,0.0652457,0.00481634,0.00193938,0.00130217,0.000951728,0.000788649,0.000654053
5375,6.585362,5.494711000000004,0.7415,0.05906,0.00507773,0.002108,0.00141597,0.00103493,0.000857593,0.000711231
5377,5.263178,4.988801,0.7416,0.154943,0.0126092,0.00522235,0.00350789,0.0025639,0.00212457,0.00176198
5378,5.262769,4.985915,0.7416,0.170227,0.0144252,0.00598351,0.0040192,0.00293761,0.00243425,0.00201881
5379,5.291563,4.923624999999995,0.74174,0.0839097,0.00715242,0.00296017,0.00198829,0.00145323,0.00120422,0.000998698
5380,5.293787,4.922035999999997,0.74174,0.103297,0.00883018,0.00366521,0.00246197,0.00179944,0.0014911,0.00123662
5384,6.565713,6.715798000000002,0.74233,0.0693061,0.00596832,0.00247715,0.00166391,0.00121614,0.00100776,0.000835768
5385,6.551013,6.714505999999996,0.74233,0.194406,0.0169871,0.0069147,0.00463948,0.00339056,0.00280956,0.00233006
5392,6.487203,5.344478999999999,0.74286,0.0649454,0.00567159,0.00229693,0.00153618,0.00112136,0.000928937,0.000770293
5394,6.487822,5.411476999999995,0.74293,0.055534,0.00479693,0.00197829,0.00132865,0.00097109,0.000804694,0.00066736
5395,6.477719,5.407643,0.74293,0.0839155,0.00721482,0.00299203,0.00200976,0.00146892,0.00121722,0.00100948
5396,7.183567,5.321564000000001,0.74338,0.0902408,0.00777388,0.00321733,0.00216044,0.00157895,0.00130839,0.00108508
5397,7.19168,5.316095000000004,0.74338,0.16271,0.0139777,0.00580391,0.00389857,0.00284944,0.00236119,0.00195821
5398,7.19065,5.315658000000006,0.74338,0.136132,0.0117374,0.0048619,0.00326553,0.00238674,0.00197777,0.00164023
5399,7.183559999999999,5.313003000000005,0.74338,0.0774201,0.00677039,0.00277779,0.00185974,0.00135796,0.00112503,0.000932946
5400,6.789639,5.391276000000003,0.74349,0.121533,0.0104032,0.0043175,0.00290012,0.00211968,0.00175648,0.0014567
5401,5.667396,4.999919000000005,0.74362,0.0616977,0.00528682,0.0021953,0.00147461,0.00107779,0.000893108,0.000740685
5402,5.670251,5.008433000000006,0.74362,0.248153,0.0216361,0.00833443,0.00557168,0.0040697,0.0033721,0.00279654
5403,6.150523,6.073790000000003,0.74395,0.148635,0.0127712,0.00530316,0.00356221,0.00260359,0.00215747,0.00178926
5409,4.915372,6.133298000000001,0.74456,0.0514905,0.00393308,0.00162766,0.0010933,0.000799085,0.000662162,0.000549154
5410,4.909843,6.134505000000002,0.74456,0.697804,0.0599374,0.0248809,0.0167129,0.0122153,0.0101222,0.00839471
5412,6.563054,5.542254000000006,0.74471,0.163446,0.0141725,0.00582985,0.00391439,0.0028609,0.00237068,0.00196609
5413,6.563198,5.541772999999999,0.74471,0.0574064,0.00488935,0.00202901,0.00136291,0.00099614,0.000825452,0.000684575
5414,6.566331,5.541315999999999,0.74471,0.117623,0.0135379,0.00621409,0.00394659,0.00265314,0.00207647,0.00163006
5415,6.034644,6.112376999999999,0.74485,0.0851147,0.00732829,0.00304058,0.00204238,0.00149276,0.00123698,0.00102587
5416,6.034354,6.111285999999998,0.74485,0.557886,0.0486335,0.0198173,0.0132953,0.00971603,0.00805107,0.006677
5417,6.038901,6.108755999999993,0.74485,0.0836761,0.00717769,0.00297957,0.00200142,0.00146282,0.00121217,0.00100529
5418,6.040935,6.116609000000002,0.74485,0.893956,0.0854012,0.0339589,0.0220024,0.0158083,0.0130306,0.0107773
5419,6.168964,6.336616000000004,0.74499,0.0595655,0.00513001,0.00212934,0.00143031,0.0010454,0.000866272,0.000718429
5420,6.170729,6.3337319999999995,0.74499,0.0940081,0.00809458,0.0033609,0.00225756,0.00165004,0.0013673,0.00113395
5421,5.544733000000001,5.783979000000005,0.74507,0.0766772,0.00824756,0.00738708,0.00803955,0.00831242,0.00819514,0.00780733
5423,5.815562,6.828233999999997,0.74523,0.0932747,0.00798345,0.00331489,0.00222666,0.00162745,0.00134859,0.00111843
5424,5.82087,6.82633,0.74523,0.0856279,0.00619809,0.00225972,0.00151048,0.00110344,0.000914321,0.000758268
5425,5.83216,6.819317000000005,0.74523,0.0932075,0.00810978,0.00331444,0.0022245,0.00162573,0.00134715,0.00111724
5426,6.065599,6.331591999999998,0.7453,0.0564467,0.00482731,0.00200118,0.0013442,0.000982465,0.00081412,0.000675177
5427,6.072149,6.329564999999998,0.7453,0.122084,0.0106105,0.00434717,0.00291852,0.00213303,0.00176753,0.00146588
5428,6.053752,6.467623999999999,0.74533,0.0939497,0.00805182,0.00333646,0.00224108,0.00163799,0.00135732,0.00112567
5429,6.054695,6.4671300000000045,0.74533,0.0723439,0.00812958,0.00287884,0.00178727,0.001265,0.00103888,0.000857831
5430,5.498079,5.800302999999998,0.74584,0.140343,0.0119118,0.0047722,0.00319854,0.00233705,0.00193652,0.001606
5431,5.500215,5.796871000000002,0.74584,0.479842,0.0425325,0.0174393,0.0116066,0.00844066,0.00698141,0.00578332
5433,6.027722,6.468298000000005,0.74671,0.064535,0.00556482,0.00230006,0.00154488,0.00112914,0.000935665,0.000775979
5434,6.017583,6.470438000000006,0.74671,0.617909,0.0530767,0.0220393,0.0148041,0.0108203,0.00896621,0.00743598
5435,6.023558,6.464736999999996,0.74671,0.124074,0.0110009,0.00439003,0.00294283,0.00215047,0.00178196,0.00147784
5436,6.031474,6.4641479999999945,0.74671,0.0577465,0.00496705,0.00205694,0.00138161,0.00100981,0.000836776,0.000693967
5437,7.048403,5.8215460000000006,0.74706,0.0817667,0.00699452,0.00290432,0.00195087,0.00142588,0.00118156,0.000979905
5438,7.048127,5.820529,0.74706,0.0635355,0.00542888,0.00225372,0.00151385,0.00110647,0.000916873,0.000760394
5439,7.048397,5.821554999999998,0.74706,0.0683709,0.00579313,0.00240471,0.00161528,0.00118059,0.0009783,0.000811337
5440,6.779256,5.904216000000006,0.74708,0.127996,0.0136887,0.00520595,0.00324687,0.00228271,0.00186689,0.00153695
5441,6.705821,7.1220020000000055,0.74712,0.0718807,0.0104608,0.00256805,0.00159215,0.00114861,0.000950238,0.000787723
5446,6.297728,4.954265999999995,0.74803,0.129377,0.0110568,0.00459111,0.00308392,0.00225401,0.00186779,0.00154902
5447,6.294444,4.9499010000000006,0.74803,0.076899,0.0221405,0.0288699,0.0272238,0.0226957,0.0190297,0.0151192
5448,6.290811,4.9452819999999935,0.74803,0.0672857,0.00598134,0.0023579,0.00157716,0.00115203,0.000954558,0.00079163
5449,7.076715000000001,5.5822860000000025,0.74807,0.10952,0.00972886,0.00388865,0.0026033,0.00190182,0.00157585,0.00130688
5450,7.078527,5.582506999999999,0.74807,0.0760527,0.00649957,0.00269428,0.00180977,0.00132275,0.0010961,0.000909032
5451,4.807782,5.9804979999999945,0.74884,0.0570539,0.00465409,0.0019266,0.00129409,0.00094584,0.000783771,0.000650008
5452,4.800022,5.978653000000001,0.74884,0.0706426,0.00580187,0.00240522,0.0016156,0.00118083,0.000978495,0.000811499
5453,4.80499,5.9814159999999985,0.74884,0.128408,0.0111727,0.00458332,0.00307358,0.00224567,0.00186076,0.00154316
5454,4.804615,5.977279000000001,0.74884,0.0773149,0.00663304,0.00275432,0.00185012,0.00135224,0.00112053,0.000929297
5455,6.657006,5.584333999999997,0.74891,0.168277,0.0212151,0.0068581,0.00412368,0.00288577,0.00236328,0.00194899
5456,6.661026,5.57697,0.74891,0.0817339,0.00736926,0.00287828,0.00191109,0.00139216,0.00115273,0.000955675
5457,5.816555,6.658409,0.74924,0.0535951,0.00459134,0.00190196,0.00127755,0.000933749,0.000773752,0.000641698
5458,5.821174000000001,6.6630310000000055,0.74924,0.438049,0.038005,0.0153588,0.0103054,0.00753135,0.0062408,0.0051757
5459,5.817617,6.658184,0.74924,0.0723321,0.0065171,0.00261939,0.00174125,0.0012689,0.00105083,0.000871288
5460,5.643847,4.810755000000002,0.74949,0.34441,0.0286127,0.0118784,0.0079789,0.00583173,0.00483246,0.00400773
5461,5.6099310000000004,4.822084000000002,0.74949,0.0721203,0.00608938,0.002527,0.00169741,0.00124063,0.00102805,0.000852595
5462,5.633782,4.820318000000003,0.74949,0.090045,0.0076783,0.00318785,0.00214133,0.00156508,0.00129691,0.00107557
5463,5.560035,5.514255000000007,0.74954,0.066842,0.00609541,0.00246375,0.0016255,0.00117652,0.000971382,0.000803772
5464,7.049111,5.610830999999998,0.74976,0.0784658,0.00692508,0.00276912,0.00185469,0.00135504,0.0011228,0.000931162
5465,7.034334,5.603400999999995,0.74976,0.284569,0.0244166,0.0101387,0.00681032,0.00497762,0.00412471,0.00342076
5466,5.866675,6.421781000000002,0.75009,0.0760581,0.00648129,0.00268544,0.00180383,0.0013184,0.0010925,0.000906044
5467,5.865304,6.418589000000001,0.75009,0.0530806,0.0040139,0.0016546,0.00111132,0.000812256,0.000673076,0.000558205
5468,5.9186,6.617789999999997,0.75054,0.0810787,0.00698171,0.00289852,0.00194697,0.00142303,0.0011792,0.000977946
5469,5.792883,6.342376999999997,0.75056,0.105667,0.00893772,0.00371033,0.00249228,0.00182159,0.00150946,0.00125185
5470,5.791501,6.350457,0.75056,0.219532,0.0188705,0.00783566,0.00526332,0.00384693,0.00318776,0.00264372
5471,5.787109,6.344595000000002,0.75056,0.0640266,0.00546544,0.0022676,0.00152316,0.00111327,0.000922508,0.000765067
5472,6.435913,6.789905999999995,0.75064,0.0572388,0.00499543,0.00203517,0.00136346,0.000995951,0.000825202,0.000684339
5473,6.438552,6.7976319999999975,0.75064,0.0592652,0.00467538,0.00193331,0.00129859,0.000949129,0.000786497,0.000652268
5474,7.017312000000001,5.561977000000003,0.75136,0.236801,0.0229593,0.00924793,0.00595344,0.0042369,0.00347438,0.00286246
5476,5.942007,6.1136870000000005,0.75213,0.0971944,0.00812416,0.00337153,0.00226471,0.00165526,0.00137163,0.00113754
5477,5.948031,6.108293999999999,0.75213,0.181325,0.0307123,0.0112897,0.00606132,0.00372111,0.0028473,0.0022345
5478,5.937176,6.109237,0.75213,0.054129,0.0046667,0.00193052,0.00129645,0.000947536,0.000785174,0.00065117
5480,6.99974,5.556462999999994,0.75253,0.596309,0.0900536,0.0281605,0.0157334,0.0104804,0.00842508,0.00687287
5481,7.001518,5.554509999999994,0.75253,0.37583,0.03237,0.0133974,0.00899874,0.0065771,0.00545012,0.00451997
5482,5.714644,6.5973690000000005,0.75358,0.102956,0.0092386,0.00363968,0.00243729,0.00178082,0.00147563,0.00122378
5483,5.73429,6.5952449999999985,0.75358,0.141947,0.0136611,0.00496536,0.00328379,0.00239356,0.00198265,0.00164409
5486,5.752039,6.698135999999999,0.75397,0.0607413,0.00522502,0.00216216,0.00145227,0.00106145,0.000879573,0.00072946
5487,5.749536,6.692499,0.75397,0.0954104,0.00823546,0.00340974,0.00228994,0.00167367,0.00138688,0.00115019
5488,5.756888,6.704746000000004,0.75397,0.0803379,0.00693432,0.00286218,0.00192193,0.00140468,0.00116398,0.000965327
5489,5.539739,6.676867999999999,0.75398,0.0593871,0.00463133,0.00188928,0.00126879,0.000927343,0.000768443,0.000637296
5490,5.533357,6.674840999999999,0.75398,0.0938947,0.00805935,0.00334656,0.00224793,0.001643,0.00136147,0.00112911
5491,5.970693,4.874009000000002,0.75472,0.106277,0.0091465,0.00379792,0.00255112,0.0018646,0.0015451,0.0012814
5492,5.969554,4.872565000000005,0.75472,0.0891084,0.0099894,0.003703,0.00228244,0.00158657,0.00128944,0.00105627
5502,5.712724,6.511359999999998,0.75671,0.0844011,0.0072043,0.00299074,0.00200892,0.00146831,0.00121671,0.00100906
5503,6.943731,5.4058610000000025,0.75685,0.0525712,0.00448491,0.0018488,0.00124169,0.000907536,0.00075203,0.000623684
5505,5.586693,6.034833999999999,0.75719,0.096298,0.00836396,0.00332219,0.00222921,0.00162921,0.00135004,0.00111964
5506,5.587485,6.033291000000005,0.75719,0.0644346,0.0051853,0.00213306,0.00143273,0.00104717,0.000867739,0.000719646
5507,5.586842,6.029178000000001,0.75719,0.0745942,0.00638742,0.00265226,0.00178156,0.00130213,0.00107901,0.000894862
5509,5.540357,6.013503999999996,0.75754,0.0728513,0.00641567,0.00254367,0.00169919,0.00124048,0.00102771,0.000852254
5510,5.549354,6.0152389999999984,0.75754,0.733276,0.0718305,0.0272871,0.0177495,0.0128468,0.0106232,0.00880296
5514,5.504389,6.005588999999996,0.75769,0.0730132,0.00509422,0.00211464,0.00142044,0.00103819,0.000860294,0.000713471
5515,5.507918,6.004452000000004,0.75769,0.0620319,0.00457616,0.00189829,0.00127511,0.000931967,0.000772275,0.000640474
5516,5.514127,6.010211000000003,0.75769,0.371032,0.0319588,0.0132122,0.00887404,0.00648594,0.00537458,0.00445732
5521,6.941718,5.396524000000004,0.75866,0.0967841,0.00855224,0.00346812,0.00232039,0.00169456,0.00140401,0.00116435
5522,5.253135,5.984279999999999,0.75907,0.139184,0.0133301,0.0050786,0.00333265,0.00241948,0.00200202,0.00165939
5523,5.263301,5.983168999999996,0.75907,0.0999013,0.0126587,0.00531596,0.00311261,0.00201833,0.00157905,0.00125686
5528,5.139899,5.9199300000000035,0.7592,0.054204,0.00467143,0.00193613,0.00130038,0.000950426,0.00078757,0.000653158
5529,5.145361,5.924692000000004,0.7592,0.0918267,0.0078017,0.00323213,0.00217102,0.00158678,0.00131489,0.00109048
5530,6.511368,5.669647999999999,0.75926,0.0699413,0.00610095,0.00250428,0.00167888,0.00122658,0.00101634,0.000842872
5531,6.517727,5.655017999999999,0.75926,0.063719,0.00509183,0.00211363,0.00141976,0.00103769,0.000859882,0.00071313
5534,6.81666,7.187334000000003,0.75976,0.0506012,0.00434828,0.00180255,0.00121078,0.00088495,0.000733315,0.000608163
5535,6.819156,7.196446000000003,0.75976,0.10647,0.00869126,0.00358718,0.00240935,0.00176097,0.00145923,0.00121018
5536,6.804498,7.048352999999995,0.75979,0.0823179,0.00819529,0.00307345,0.00198159,0.00142418,0.0011743,0.000971373
5537,6.896801,5.499917999999996,0.75993,0.0502774,0.00432936,0.00179746,0.00120737,0.000882462,0.000731253,0.000606453
5542,6.96685,6.455279000000002,0.76025,0.0576132,0.0146676,0.00677453,0.00354666,0.00192412,0.00131894,0.000922104
5543,6.968492,6.462271999999994,0.76025,0.0649102,0.00482121,0.00200106,0.00134414,0.000982423,0.000814085,0.000675148
5544,5.201209,5.841068000000004,0.76027,0.210474,0.017988,0.00746336,0.00501317,0.00366409,0.00303625,0.00251806
5546,5.882938000000001,6.763232000000006,0.76057,0.0805048,0.0112425,0.00901911,0.00750801,0.0058839,0.00482763,0.00380273
5549,4.801007,5.913202000000004,0.76082,0.0509224,0.00425778,0.00176711,0.001187,0.000867567,0.00071891,0.000596216
5551,5.576932,5.268199000000006,0.76111,0.0872528,0.00747425,0.00310147,0.00208327,0.00152265,0.00126174,0.00104641
5552,5.725956,5.255564999999999,0.76116,0.549512,0.0590484,0.0219592,0.0137389,0.00971156,0.00796358,0.00656784
5553,5.776207,5.767448999999999,0.76136,2.64021,0.180672,0.0741649,0.0498132,0.036408,0.0301695,0.0250206
5554,5.777622,5.762949999999996,0.76136,0.0905432,0.00777893,0.00323004,0.00216967,0.0015858,0.00131407,0.0010898
5555,5.784224000000001,5.770152,0.76136,0.170209,0.0146981,0.00605356,0.00406502,0.00297102,0.00246193,0.00204176
5556,6.369376,5.704329999999999,0.76151,0.104056,0.00886285,0.00368001,0.00247192,0.00180671,0.00149713,0.00124162
5557,6.363787,5.694656000000003,0.76151,36.0361,2.97956,1.23608,0.830287,0.606852,0.502868,0.417045
5558,6.929856,7.149855,0.76168,0.052665,0.00464701,0.00188403,0.00126134,0.000921323,0.000763382,0.00063308
5559,6.927191,7.147957000000001,0.76168,0.0790617,0.00678889,0.00281871,0.00189337,0.00138385,0.00114673,0.00095102
5560,6.929565,7.149461999999998,0.76168,0.0642348,0.00543176,0.0022458,0.00150838,0.00110246,0.000913551,0.000757639
5561,6.166462,5.6890840000000065,0.76195,0.0587773,0.00570239,0.00211794,0.00138516,0.0010044,0.00083079,0.000688468
5562,5.853676,6.9874500000000035,0.762,0.0617197,0.00514779,0.00213712,0.00143553,0.00104922,0.000869439,0.000721056
5563,5.8546,6.988058000000003,0.762,0.089819,0.00770065,0.00317817,0.00213359,0.00155924,0.00129204,0.00107152
5564,5.626334,5.034858999999995,0.76217,0.117405,0.010115,0.00419865,0.00282025,0.0020613,0.0017081,0.00141658
5565,5.632025,5.0448719999999945,0.76217,0.225913,0.0469064,0.0440663,0.0372724,0.0291878,0.0238367,0.0186271
5566,5.034939,6.3463979999999935,0.76239,0.0798569,0.00686887,0.00285167,0.0019155,0.00140003,0.00116014,0.000962139
5567,5.025929,6.338206999999997,0.76239,0.0912605,0.00774578,0.00320718,0.00215423,0.00157451,0.00130472,0.00108205
5568,5.024719,6.351542000000003,0.76239,0.553697,0.0483287,0.0199091,0.0133185,0.00971352,0.00804264,0.00666662
5569,6.680121,5.271378000000007,0.76243,0.0935357,0.00956481,0.00362433,0.00230821,0.00164193,0.00134772,0.00111143
5570,6.510411,5.409967999999995,0.76246,0.0941818,0.00759761,0.00313963,0.00210872,0.00154123,0.00127714,0.00105918
5571,6.501944000000001,5.412611,0.76246,0.063222,0.00542949,0.00225348,0.00151369,0.00110634,0.000916771,0.00076031
5572,6.502206,5.411807000000002,0.76246,0.053077,0.00459345,0.00189409,0.00127156,0.000929292,0.00077005,0.000638626
5573,6.238753,5.610576999999998,0.76263,0.0538502,0.0119739,0.00504534,0.00266289,0.00150378,0.00106898,0.000777238
5576,4.897,5.7304870000000045,0.76272,0.271499,0.0227629,0.00945062,0.00634812,0.0046398,0.00384477,0.0031886
5577,4.884007,5.732672999999997,0.76272,0.416661,0.0356547,0.0147553,0.0099111,0.00724395,0.00600271,0.00497825
5578,4.887116,5.723862000000004,0.76272,0.0978733,0.0112742,0.00433182,0.00262437,0.00179644,0.0014509,0.00118417
5579,4.887654,5.7244869999999946,0.76272,0.0965336,0.00835003,0.00344755,0.00231447,0.00169147,0.00140162,0.00116241
5580,4.888583,5.721352999999994,0.76272,0.290224,0.0249355,0.0103542,0.00695507,0.00508341,0.00421237,0.00349346
5581,6.367364,5.187868,0.76297,0.202742,0.0173757,0.00721498,0.00484641,0.00354221,0.00293525,0.0024343
5582,6.367825,5.187711000000003,0.76297,0.114711,0.00974289,0.00404314,0.00271583,0.00198498,0.00164486,0.00136414
5583,5.058149,6.263681000000005,0.76302,0.177354,0.0152141,0.00631713,0.00424331,0.00310141,0.00256998,0.00213137
5584,5.05881,6.264105999999994,0.76302,0.0568372,0.00489302,0.00201819,0.00135461,0.0009899,0.000820253,0.000680254
5585,5.058036,6.262780999999996,0.76302,0.0549679,0.00473462,0.0019617,0.00131759,0.000963008,0.000797997,0.000661806
5586,6.582122,5.858424999999998,0.76317,0.0868897,0.00833936,0.00317819,0.00208616,0.00151533,0.00125414,0.00103962
5587,6.454665,5.358770999999998,0.76334,0.0564598,0.00488008,0.00201518,0.00135333,0.000989122,0.000819635,0.000679751
5588,6.451416,5.357179,0.76334,0.0690631,0.00590507,0.00245201,0.00164705,0.00120382,0.000997544,0.000827297
5589,6.452301,5.357550000000004,0.76334,0.124461,0.0107168,0.00444862,0.00298819,0.00218405,0.00180982,0.00150094
5593,5.505132,4.858202000000006,0.7635,0.505489,0.0421826,0.0174965,0.0117526,0.00858993,0.00711805,0.00590324
5596,6.808434,5.504041000000001,0.76426,0.290097,0.0252572,0.0103744,0.00695345,0.00507919,0.00420833,0.00348993
5597,5.111719,5.775256999999995,0.76446,0.0541769,0.00441852,0.001834,0.00123193,0.000900406,0.000746122,0.000618784
5599,6.071306,6.106713000000007,0.76454,0.0897622,0.00765429,0.00317662,0.00213376,0.00155955,0.00129232,0.00107177
5601,5.471523,6.870257000000004,0.76535,0.0953048,0.00835224,0.00339944,0.00227853,0.00166476,0.00137944,0.001144
5604,5.052966,5.8441519999999985,0.76602,0.0744583,0.0168908,0.00883656,0.00492404,0.00275575,0.00189645,0.00131408
5605,6.222932,4.825179,0.76628,0.193629,0.0166536,0.00690543,0.00463827,0.00339007,0.00280918,0.00232975
5606,5.099973,5.896986999999997,0.7664,0.476115,0.0405361,0.0167611,0.0112565,0.00822708,0.00681735,0.00565386
5607,5.103028,5.892622000000001,0.7664,0.0596805,0.00508481,0.00211122,0.00141814,0.00103651,0.000858904,0.000712318
5608,6.574419,6.110162999999997,0.7664,0.0567001,0.00485641,0.00201658,0.00135457,0.000990045,0.000820402,0.000680387
5609,6.564412000000001,6.115573000000002,0.7664,0.142923,0.0131188,0.00508344,0.00338908,0.00247407,0.00204981,0.0016999
5610,7.108272,5.0837269999999934,0.76653,0.134316,0.0226052,0.00585352,0.00302838,0.00191479,0.00150346,0.00120627
5611,7.10486,5.0922509999999965,0.76653,0.0539589,0.00619103,0.00192137,0.00121593,0.000875831,0.000723759,0.000599631
5612,5.24635,6.887130999999996,0.76658,0.0742236,0.00637062,0.00264518,0.0017768,0.00129865,0.00107613,0.000892471
5619,7.181117,5.302192000000004,0.76701,0.0674021,0.00579059,0.0024045,0.00161514,0.00118049,0.000978218,0.000811269
5620,7.165528000000001,5.303076000000001,0.76701,0.0709591,0.00605484,0.00250695,0.00168389,0.00123074,0.00101985,0.000845798
5621,5.903362,4.898341000000006,0.76747,0.0833586,0.00701835,0.00290487,0.00195121,0.00142613,0.00118176,0.000980074
5622,5.900481,4.895505,0.76747,0.0966846,0.0150872,0.00626831,0.00348096,0.00213323,0.00161516,0.0012516
5623,6.89088,7.081875000000002,0.76759,0.0881986,0.00754184,0.00311329,0.00209101,0.0015283,0.00126642,0.00105029
5624,6.887194,7.075894999999995,0.76759,0.055798,0.00645749,0.00216601,0.00134692,0.00095897,0.000789628,0.000653053
5628,4.803036,5.333759999999994,0.76783,0.386383,0.0330894,0.0137099,0.00920901,0.00673081,0.00557749,0.0046256
5631,5.027563,5.659591999999994,0.76806,0.108588,0.00953783,0.0038803,0.00259849,0.001898,0.00157261,0.00130418
5632,5.0387010000000005,5.653688999999999,0.76806,1.56496,0.133927,0.0556119,0.0373553,0.0273027,0.0226244,0.0187632
5638,7.0456520000000005,5.626387999999999,0.76917,0.0668947,0.00574298,0.00238466,0.00160181,0.00117075,0.000970147,0.000804576
5639,7.044379000000001,5.617307999999999,0.76917,0.278131,0.0233583,0.00965195,0.00648323,0.00473855,0.0039266,0.00325646
5640,7.045059,5.627007000000003,0.76917,16.8531,1.47365,0.597759,0.401239,0.293249,0.243,0.201528
5641,5.576393,6.911568999999998,0.76928,0.0632023,0.00542593,0.00225277,0.00151322,0.001106,0.000916487,0.000760074
5642,6.259533,6.386421000000006,0.76934,0.0817743,0.00702961,0.00291674,0.00195919,0.00143196,0.0011866,0.000984084
5643,6.267439,6.381598999999997,0.76934,0.151493,0.0153942,0.00601124,0.00380721,0.00269918,0.00221428,0.00182631
5652,6.482927,5.6063779999999985,0.77031,4.79089,0.407505,0.169049,0.113552,0.0829942,0.0687732,0.0570359
5655,5.447917,5.746320000000002,0.77056,0.0574773,0.00494376,0.0020457,0.00137408,0.00100431,0.000832218,0.000690187
5656,5.440858,5.73945,0.77056,0.0955177,0.00815193,0.00338444,0.00227338,0.0016616,0.00137688,0.0011419
5663,5.473634,6.910631000000004,0.77099,0.0639725,0.00580017,0.00231715,0.00153455,0.00111507,0.000922369,0.000764227
5664,5.470711,6.903330000000003,0.77099,1.22957,0.112103,0.0451726,0.0298188,0.0216117,0.0178583,0.0147869
5668,6.502644,7.042712999999997,0.77131,0.0715119,0.00619815,0.00254453,0.00170869,0.00124885,0.00103486,0.000858244
5669,6.511637,7.045340999999994,0.77131,0.229537,0.0486283,0.0453487,0.0368506,0.0274162,0.0215373,0.0161082
5670,6.511774,7.045203999999999,0.77131,0.134057,0.011405,0.00473366,0.00317966,0.00232399,0.00192578,0.00159711
5673,6.528039,7.036749999999993,0.77187,0.0811601,0.00697936,0.00289656,0.00194565,0.00142206,0.00117839,0.000977279
5676,6.961631,4.832690000000006,0.77208,0.0466943,0.0198793,0.0567754,0.0825336,0.100378,0.107299,0.109915
5677,6.561919,7.021099999999994,0.77222,0.0599428,0.00513983,0.00213417,0.00143355,0.00104778,0.00086824,0.000720061
5678,6.564636,7.021874000000001,0.77222,0.197043,0.0168559,0.00699301,0.00469721,0.00343315,0.00284488,0.00235936
5679,6.565116000000001,7.0241609999999985,0.77222,0.260609,0.0214273,0.00889705,0.00597628,0.00436802,0.00361956,0.00300183
5680,6.565096,7.018841000000006,0.77222,0.0512834,0.00439742,0.00182599,0.00122654,0.000896471,0.000742861,0.00061608
5681,6.716071,7.0020250000000015,0.77229,0.0973932,0.00837621,0.00347782,0.0023361,0.00170744,0.00141487,0.0011734
5682,5.572283,7.107616000000004,0.77233,0.0587743,0.00489239,0.00202523,0.00136036,0.000994281,0.000823911,0.000683297
5684,4.989439,7.175858999999998,0.77241,0.667254,0.0568816,0.0236189,0.0158652,0.0115957,0.00960882,0.00796892
5685,4.990015,7.1633619999999985,0.77241,0.352722,0.209281,0.378349,0.416447,0.398769,0.366413,0.320987
5686,6.978446,4.824730999999997,0.77263,0.194328,0.0151236,0.00608839,0.00408806,0.00298787,0.0024759,0.00205335
5687,6.978622,4.822007000000003,0.77263,0.0559329,0.00467755,0.00194025,0.00130329,0.000952567,0.000789345,0.00065463
5688,5.578002,5.877210000000002,0.77269,0.105313,0.00857635,0.00350153,0.00235167,0.00171881,0.00142429,0.00118122
5690,5.461646,5.757650999999997,0.77305,0.119901,0.00997873,0.0041425,0.00278258,0.00203377,0.00168528,0.00139766
5691,5.457341,5.764637,0.77305,0.0762789,0.00653025,0.00270725,0.00181848,0.00132911,0.00110137,0.000913404
5692,5.458436,5.754902000000005,0.77305,15.4846,1.32361,0.547775,0.367938,0.268923,0.222843,0.184811
5693,5.613351,6.966239,0.77316,0.151937,0.0100518,0.00416663,0.00279878,0.00204561,0.0016951,0.0014058
5694,5.621387,6.971968999999999,0.77316,0.114092,0.00894834,0.00354515,0.00237777,0.00173764,0.00143988,0.00119414
5698,5.391522,4.950687000000004,0.77377,0.053864,0.0295027,0.0268144,0.0179292,0.0106533,0.00711609,0.00445488
5701,6.707372,5.672735999999995,0.77405,0.138102,0.0123735,0.00491452,0.00327544,0.00238931,0.00197913,0.00164111
5702,6.704088,5.662667000000003,0.77405,0.420685,0.0357376,0.0148145,0.00995103,0.00727314,0.00602689,0.00499831
5703,6.250942,6.164960999999996,0.77407,0.0751823,0.00641864,0.00266037,0.00178695,0.00130607,0.00108227,0.000897567
5704,6.657432,6.345592,0.77407,0.250968,0.0429039,0.0101186,0.00572965,0.00399838,0.00328408,0.00271492
5705,7.097638,4.814086000000005,0.77425,0.0580905,0.0049678,0.00206201,0.00138508,0.00101235,0.000838881,0.000695712
5706,7.101569,4.810949000000005,0.77425,0.0850638,0.00695429,0.00278252,0.00186591,0.0013635,0.00112983,0.000937004
5707,7.101702000000001,4.811213999999997,0.77425,0.0863634,0.00670278,0.00267608,0.0017942,0.00131103,0.00108635,0.000900934
5710,5.435282,6.6440310000000045,0.7749,0.191187,0.0170002,0.00672639,0.00449294,0.00328022,0.00271765,0.0022537
5711,5.44592,6.63449,0.7749,0.149959,0.0464989,0.0155019,0.00715348,0.00373007,0.00258931,0.00187503
5712,5.443612,6.645877000000001,0.7749,0.0500934,0.00430594,0.00178195,0.00119683,0.000874747,0.000724859,0.00060115
5715,5.959205000000001,5.993477000000005,0.77568,0.444969,0.0384165,0.0158999,0.0106788,0.00780498,0.0064676,0.0053638
5716,5.958147,5.995413000000001,0.77568,0.072563,0.00579278,0.00234439,0.00157375,0.00115019,0.000953099,0.000790436
5717,5.968998,5.9996209999999985,0.77568,4.76814,0.519494,0.325726,0.25426,0.194548,0.159251,0.12644
5718,7.170753000000001,5.840788000000004,0.77585,0.159826,0.047212,0.0294818,0.0174948,0.0099032,0.00664832,0.00435333
5719,5.165704,5.798879000000003,0.77649,0.155703,0.0134739,0.00556973,0.00373908,0.00273259,0.00226433,0.00187788
5720,6.891288,6.864730000000007,0.77652,0.0732624,0.00625695,0.00251518,0.0016878,0.0012335,0.00102214,0.000847691
5721,6.875163,6.86857,0.77652,0.187192,0.0155045,0.00625178,0.00419827,0.00306846,0.00254268,0.00210873
5722,6.88994,6.869398000000004,0.77652,0.0703203,0.00602743,0.00250247,0.00168094,0.00122859,0.00101807,0.000844321
5723,5.121342,6.408766000000002,0.77687,0.108346,0.00945704,0.00389026,0.00260389,0.00190053,0.00157426,0.00130532
5724,5.076505,6.33657,0.77716,0.119841,0.0103045,0.00427497,0.00287152,0.00209878,0.00173915,0.00144234
5727,4.874826,6.057104000000004,0.77731,0.0609958,0.00315073,0.00121226,0.000813235,0.000594334,0.000492492,0.00040844
5728,4.877216,6.059002000000002,0.77731,0.131935,0.0113655,0.00471704,0.00316847,0.00231581,0.001919,0.00159149
5729,6.205893,4.991926000000002,0.7782,0.100459,0.00745871,0.00306839,0.00206066,0.00150609,0.00124802,0.00103502
5730,6.214821,4.991731999999999,0.7782,0.051635,0.0272666,0.00862724,0.00339527,0.00149784,0.000951918,0.000650279
5731,6.203331,4.992075999999997,0.7782,0.0545556,0.00462422,0.00192005,0.00128972,0.000942651,0.000781128,0.000647816
5732,6.204416,4.991168999999999,0.7782,0.0500548,0.0043168,0.00178654,0.00119983,0.000876933,0.00072667,0.000602652
5735,5.043612,6.282539000000005,0.77871,0.110355,0.00890388,0.00369669,0.00248312,0.00181489,0.00150391,0.00124725
5736,5.04251,6.284614999999995,0.77871,0.101628,0.00818645,0.0033631,0.00225843,0.00165063,0.00136779,0.00113436
5737,5.0444,6.2809010000000045,0.77871,0.0923165,0.00832384,0.00321082,0.00214021,0.0015621,0.00129416,0.00107322
5738,5.043924,6.283948999999995,0.77871,0.0533757,0.00459698,0.0018982,0.00127464,0.000931591,0.00077196,0.000640212
5739,6.595488,7.019541,0.77875,0.088801,0.00774051,0.00316837,0.00212642,0.00155405,0.00128775,0.00106797
5740,6.595521,7.016630999999995,0.77875,0.959108,0.081642,0.0338944,0.0227674,0.0166405,0.0137892,0.0114358
5744,5.9358,4.845995999999999,0.77914,0.0529058,0.00411023,0.00170559,0.00114567,0.000837361,0.00069388,0.000575458
5745,5.93594,4.848063000000003,0.77914,0.0585082,0.00501733,0.00208336,0.00139942,0.00102283,0.000847567,0.000702916
5747,6.671479,6.954782000000003,0.77948,0.349533,0.0234203,0.00934175,0.00626604,0.00457901,0.00379432,0.00314674
5749,6.044594,4.997424,0.78021,0.0796726,0.0270449,0.021228,0.0146537,0.009398,0.00672752,0.00459195
5750,6.043462,4.994057999999997,0.78021,0.0783118,0.00619882,0.0025732,0.00172846,0.00126332,0.00104685,0.000868188
5751,6.044049,4.995147999999995,0.78021,0.165076,0.0142434,0.0058603,0.00393574,0.00287658,0.00238368,0.00197687
5752,6.047589,4.983024999999998,0.78021,1.20171,0.104152,0.0427572,0.0287078,0.0209815,0.0173863,0.0144191
5753,5.652644,5.0453900000000065,0.7806,0.0555774,0.00461282,0.00176555,0.0011772,0.000859164,0.000711768,0.00059024
5754,5.667973,5.047346000000005,0.7806,0.0832168,0.00716681,0.00297581,0.00199889,0.00146098,0.00121064,0.00100403
5755,5.96955,5.101419000000001,0.7808,0.262545,0.0227796,0.00922713,0.00617714,0.00451108,0.00373746,0.00309938
5756,5.969554,5.101378000000004,0.7808,0.0544039,0.00484343,0.0019343,0.00128795,0.00093868,0.000777272,0.000644394
5757,5.97037,5.100217999999997,0.7808,0.158729,0.0128448,0.00532017,0.00357359,0.00261191,0.00216436,0.00179498
5758,6.155391,4.998819999999998,0.78082,0.0704678,0.00610297,0.00252654,0.00169433,0.00123738,0.00102507,0.000849988
5759,6.148591,5.005949999999998,0.78082,3.53579,0.360571,0.135329,0.0864601,0.0618771,0.0509619,0.0421343
5760,5.947063,5.1463639999999975,0.78136,0.0728677,0.0061803,0.00240889,0.00161549,0.00118062,0.000978311,0.000811345
5761,5.94693,5.147678000000002,0.78136,0.217603,0.0382866,0.0234866,0.015328,0.00974263,0.00710421,0.00506932
5764,6.705932,6.410231000000006,0.7818,0.286772,0.0244608,0.010154,0.0068206,0.00498513,0.00413093,0.00342592
5768,4.952491000000001,6.516793999999996,0.7821,0.109758,0.00942967,0.00391426,0.00262924,0.00192169,0.00159241,0.00132064
5769,4.953612,6.519820000000002,0.7821,0.0982142,0.00867871,0.00352463,0.00235754,0.00172152,0.00142632,0.00118284
5770,4.953494,6.518534000000006,0.7821,0.0509403,0.00396602,0.00164162,0.00110269,0.000805948,0.00066785,0.00055387
5772,6.551876,5.513396999999998,0.7829,0.0525517,0.00711365,0.00410174,0.00271334,0.00177536,0.00132983,0.000982448
5773,5.263449,5.847066999999998,0.78304,0.128247,0.0102549,0.00425763,0.00285991,0.00209029,0.00173212,0.00143651
5774,6.706241,5.769152000000003,0.7832,0.0628231,0.00538407,0.0022345,0.00150094,0.00109703,0.000909055,0.00075391
5775,6.701015,5.770085000000003,0.7832,0.0703417,0.00900751,0.00474677,0.0031144,0.00207565,0.00158787,0.00120405
5776,5.616922,5.401729,0.78357,0.291838,0.0251417,0.0104099,0.00699207,0.00511044,0.00423477,0.00351204
5777,5.617667,5.396408000000003,0.78357,0.0573563,0.00892645,0.00274827,0.00151557,0.000995823,0.000794882,0.000645096
5778,4.9884830000000004,6.5050279999999985,0.78392,0.187539,0.0159763,0.00663373,0.00445597,0.00325684,0.00269878,0.00223819
5780,6.55451,5.713478,0.78431,0.163071,0.0140062,0.00581398,0.00390533,0.00285438,0.00236529,0.00196161
5781,5.458215,5.949600999999999,0.78457,0.065329,0.00530162,0.00218442,0.00146708,0.00107227,0.000888533,0.000736891
5782,5.449583,5.942972999999999,0.78457,0.141887,0.0118023,0.00490021,0.00329154,0.00240577,0.00199354,0.00165331
5784,5.325324,4.916021000000003,0.78502,0.106957,0.00920482,0.00381275,0.00256099,0.00187181,0.00155108,0.00128636
5785,5.323664,4.917852999999996,0.78502,0.174117,0.0321642,0.0145366,0.00814051,0.00481304,0.00349549,0.00257705
5786,6.230917,6.315078999999996,0.78545,0.224112,0.0173869,0.0071784,0.00482177,0.0035242,0.00292033,0.00242193
5787,6.233435,6.315496999999994,0.78545,0.0997164,0.00795233,0.00328519,0.00220655,0.00161274,0.0013364,0.00110832
5788,4.823548,6.1295850000000005,0.78546,0.149957,0.0133845,0.00514364,0.00341957,0.00249346,0.00206528,0.00171252
5789,7.197085000000001,6.334042999999995,0.78548,0.18184,0.0156454,0.00620778,0.00414642,0.00302653,0.00250725,0.00207912
5791,7.19875,6.341352999999994,0.78548,0.0673812,0.00554747,0.0023031,0.00154702,0.00113071,0.000936964,0.000777056
5792,5.620165,6.046802000000007,0.78555,0.073972,0.00626126,0.00258679,0.00173746,0.0012699,0.0010523,0.000872708
5793,6.078748,5.0708839999999995,0.78572,0.09173,0.00762033,0.00316399,0.00212529,0.00155336,0.0012872,0.00106752
5794,6.068758,5.067970000000003,0.78572,0.367913,0.0311077,0.0128747,0.00864736,0.00632024,0.00523727,0.00434344
5795,5.869212,5.9454870000000035,0.78604,0.0675951,0.00580221,0.00240899,0.00161816,0.0011827,0.000980045,0.000812784
5796,5.86675,5.946369000000005,0.78604,0.185839,0.0158947,0.00659691,0.00443123,0.00323875,0.0026838,0.00222576
5797,5.869531,5.945600000000005,0.78604,0.0645907,0.00555485,0.00230633,0.00154919,0.00113229,0.000938276,0.000778144
5798,5.701079,5.9634459999999985,0.78619,0.0737024,0.00634323,0.00263397,0.00176927,0.00129315,0.00107157,0.000888689
5799,5.701151,5.963634000000003,0.78619,0.0582896,0.00485877,0.00201723,0.001355,0.000990361,0.000820663,0.000680604
5801,6.48477,5.545951999999997,0.78647,0.165075,0.0140796,0.00584607,0.00392689,0.00287014,0.00237834,0.00197244
5802,5.100405,5.874824999999999,0.78653,0.139991,0.0134596,0.0050112,0.00329203,0.0023923,0.00198008,0.00164141
5803,4.857303,6.170517999999998,0.78682,0.151469,0.0137416,0.0059631,0.00398025,0.00285343,0.0023297,0.00190365
5804,4.845556000000001,6.173251000000003,0.78682,0.0580622,0.00491965,0.00204262,0.00137206,0.00100283,0.000830994,0.000689171
5805,4.851524,6.1751330000000015,0.78682,0.126347,0.0110112,0.00449717,0.00301855,0.00220609,0.00182807,0.00151607
5806,5.196688000000001,6.070830999999995,0.78701,0.0656882,0.00562657,0.00233072,0.00156555,0.00114425,0.000948186,0.000786362
5807,5.188199,6.080261000000005,0.78701,0.0584835,0.00501424,0.00208212,0.00139859,0.00102222,0.000847064,0.000702499
5808,5.190707,6.089096000000003,0.78701,0.0853077,0.00728162,0.0030234,0.00203086,0.00148434,0.00123,0.00102008
5809,6.05855,5.135796000000004,0.7871,0.0842871,0.00724987,0.00300613,0.00201922,0.00147583,0.00122295,0.00101423
5810,6.060419,5.126157000000007,0.7871,0.100192,0.00861206,0.0035761,0.00240211,0.00175569,0.00145485,0.00120656
5811,5.54983,5.777051000000003,0.78721,0.169786,0.0145098,0.00602252,0.00404541,0.00295676,0.00245012,0.00203197
5812,5.554949,5.774800999999999,0.78721,0.133905,0.0160223,0.00776453,0.0048834,0.0032035,0.0024634,0.00190274
5813,4.883864,5.68368,0.78734,0.128441,0.0102089,0.00421479,0.002831,0.00206916,0.00171461,0.00142198
5815,6.074227,6.1666279999999976,0.78806,0.0566013,0.00595722,0.00306426,0.00205241,0.00140014,0.00109039,0.00084489
5816,5.236734,5.008433999999998,0.78809,0.0808969,0.00658182,0.00255195,0.00170758,0.00124739,0.00103357,0.000857161
5820,5.830584,5.545879000000001,0.78903,0.106775,0.00913261,0.00379115,0.00254657,0.00186127,0.00154234,0.00127912
5822,4.807785,5.3155710000000065,0.7895,0.921077,0.0802041,0.0325144,0.0217944,0.0159238,0.0131946,0.0109425
5823,4.852354,5.345664000000003,0.78953,3.19916,0.276121,0.114351,0.0767851,0.0561177,0.0465014,0.038565
5828,4.862332,5.2858560000000026,0.79059,0.0534208,0.00446059,0.0018522,0.00124415,0.000909339,0.000753525,0.000624924
5829,4.85919,5.290088999999997,0.79059,0.0899402,0.00895575,0.00327658,0.00213561,0.00154824,0.00128081,0.00106153
5830,6.4956890000000005,5.004716999999995,0.79064,0.0729178,0.00625014,0.00259491,0.00174304,0.00127398,0.00105568,0.000875512
5831,6.475481,4.991843999999996,0.79064,0.0888136,0.00756289,0.00313973,0.002109,0.00154145,0.00127733,0.00105933
5834,5.720117,5.432301999999999,0.79092,0.0582196,0.00484121,0.00200815,0.0013489,0.000985899,0.000816966,0.000677538
5835,5.738617,5.414600000000003,0.79092,0.055796,0.00424846,0.00176302,0.00118425,0.000865559,0.000717246,0.000594837
5838,5.382094,5.830620000000002,0.79166,0.103939,0.104271,0.161118,0.156212,0.132641,0.112443,0.0903298
5839,5.391781,5.821447999999995,0.79166,0.279026,0.0244503,0.00997163,0.00667848,0.00487799,0.00404165,0.00335173
5840,5.386433,5.824540999999998,0.79166,0.0633693,0.00510753,0.00210749,0.00141547,0.00103455,0.000857278,0.00071097
5841,5.384879,5.817080000000001,0.79166,0.213042,0.0182259,0.00755789,0.00507667,0.0037105,0.00307471,0.00254996
5842,5.387466,5.820749999999996,0.79166,0.283993,0.0255996,0.00955015,0.00630102,0.00458248,0.00379293,0.00314402
5843,5.394208,5.893418999999998,0.79194,0.0874529,0.00682644,0.00280628,0.00188471,0.00137751,0.00114147,0.000946663
5851,5.203428,5.338895000000006,0.79308,0.0937714,0.0078663,0.00326624,0.00219398,0.00160357,0.0013288,0.00110202
5852,5.191279,5.347231999999995,0.79308,0.0803961,0.00717825,0.0029146,0.00193822,0.00141124,0.00116823,0.000968384
5855,5.221237,5.337127,0.79342,0.0535235,0.00457249,0.00189869,0.00127538,0.000932164,0.000772438,0.000640609
5856,5.219232,5.337652000000002,0.79342,0.968457,0.0725739,0.0293455,0.0196956,0.0143941,0.0119276,0.00989193
5857,5.219336,5.338280999999995,0.79342,0.1878,0.0161717,0.00670927,0.00450627,0.00329353,0.00272917,0.00226339
5858,6.494633,6.1664919999999945,0.79358,0.148187,0.0127681,0.00529174,0.00355352,0.00259705,0.002152,0.00178472
5859,6.499659,6.160863000000001,0.79358,1.06173,0.0901147,0.0373539,0.02509,0.018338,0.0151958,0.0126024
5864,5.355578,5.110883000000006,0.79482,0.142467,0.0207121,0.00542734,0.00311535,0.00215329,0.00175909,0.00144932
5865,5.357783,5.105371000000004,0.79482,0.567235,0.0548172,0.0202738,0.0132784,0.00963566,0.00797192,0.00660698
5869,6.479627,5.872612000000001,0.79527,0.0781181,0.00673102,0.00279098,0.00187469,0.0013702,0.00113542,0.00094164
5870,6.481997,5.865425000000005,0.79527,0.0661594,0.00577038,0.00237223,0.00158933,0.0011608,0.000961755,0.00079757
5871,6.47853,5.878569000000007,0.79527,0.0534008,0.00452447,0.00187855,0.00126185,0.000922276,0.000764244,0.000633814
5872,6.783369,6.1920930000000025,0.79597,0.0510761,0.00410104,0.00170112,0.00114267,0.000835167,0.000692062,0.00057395
5875,5.626334,5.821823000000002,0.79625,0.0593446,0.00484821,0.00201303,0.00135218,0.000988298,0.000818954,0.000679186
5876,6.449942,5.854356999999994,0.79684,0.0819833,0.00705528,0.00292931,0.00196765,0.00143814,0.00119172,0.000988333
5877,6.817104,6.174171000000002,0.79721,0.114498,0.00946737,0.00392388,0.00263568,0.0019264,0.00159631,0.00132387
5878,6.99642,6.223149000000004,0.79726,0.0757795,0.00657498,0.00269677,0.00181032,0.00132307,0.00109635,0.000909241
5879,6.999135,6.234919000000004,0.79726,0.100796,0.00867832,0.00360324,0.00242035,0.00176901,0.00146589,0.00121572
5880,5.849899,6.1320410000000045,0.79731,0.0885989,0.00760308,0.00315489,0.00211917,0.00154889,0.00128349,0.00106444
5881,7.031091,6.269250000000003,0.79775,0.139654,0.0119948,0.00497661,0.00334278,0.00244321,0.00202457,0.00167904
5886,5.274484,4.998927000000001,0.79918,0.0557436,0.00464258,0.00192699,0.00129439,0.000946058,0.000783951,0.000650157
5887,5.271287000000001,5.000452,0.79918,0.100536,0.00850006,0.00352948,0.00237081,0.00173281,0.00143589,0.00119083
5888,5.658934,7.031785999999996,0.7993,0.0948421,0.00584417,0.00241688,0.00162344,0.00118656,0.000983247,0.00081544
5889,5.662721000000001,7.031444000000005,0.7993,0.245751,0.0212051,0.00875604,0.00588022,0.00429772,0.0035613,0.00295351
5890,5.501885,5.973982999999996,0.79965,0.050822,0.00435284,0.00179319,0.00120391,0.000879858,0.000729087,0.000604655
5891,5.510693,5.969760000000003,0.79965,0.105338,0.0082611,0.00339795,0.00228233,0.00166814,0.0013823,0.00114639
5892,5.496599,5.968006000000001,0.79965,0.102227,0.0089383,0.00365704,0.00244984,0.00178938,0.00148258,0.0012295
5895,5.28862,4.9976029999999945,0.8003,0.296709,0.0336149,0.0105894,0.00664742,0.00476219,0.00392839,0.00325171
5902,7.008881,6.572005,0.8014,0.0919097,0.00789142,0.00325516,0.00218637,0.001598,0.00132418,0.00109819
5903,7.02375,6.572489999999997,0.8014,0.0921262,0.0075273,0.00308223,0.00206981,0.00151279,0.00125357,0.00103963
5906,7.015611,6.578438000000005,0.80202,0.965971,0.0829585,0.0344475,0.0231388,0.016912,0.0140142,0.0116224
5907,5.385784,6.927260999999998,0.80244,0.0561113,0.00476471,0.00196536,0.00132012,0.000964863,0.000799534,0.000663081
5908,5.389213,6.929577999999999,0.80244,0.117998,0.00991531,0.00411658,0.00276517,0.00202104,0.00167474,0.00138892
5909,5.388855,6.930795999999994,0.80244,0.100679,0.00843486,0.0035025,0.00235268,0.00171956,0.00142491,0.00118173
5910,4.991164,5.365726999999996,0.80258,0.0825283,0.00708495,0.00292294,0.0019621,0.00143389,0.00118816,0.000985369
5911,6.144028,5.628916999999999,0.80264,0.164533,0.0153121,0.00589635,0.00390348,0.00284257,0.00235378,0.00195153
5912,6.27175,5.6154110000000035,0.80285,0.221997,0.0190538,0.00787291,0.00528733,0.00386439,0.00320223,0.00265571
5913,6.277191,5.611341000000005,0.80285,0.0552702,0.00521182,0.0022054,0.00144778,0.00103044,0.000840259,0.000686972
5914,6.077968,5.491680999999995,0.80318,0.178392,0.0170831,0.00644872,0.00425415,0.00309702,0.00256463,0.00212647
5915,6.088025,5.4977359999999935,0.80318,0.515269,0.0444342,0.0176135,0.0117926,0.00861487,0.00713823,0.00591986
5917,5.07799,4.881828999999994,0.80334,0.0611765,0.00524962,0.00216853,0.00145657,0.0010646,0.000882179,0.000731621
5918,5.071681,4.889676000000005,0.80334,0.40703,0.0349831,0.0145236,0.00975566,0.00713035,0.00590857,0.00490018
5923,7.148786,5.991034000000001,0.80402,0.0682469,0.00481685,0.00199239,0.00133829,0.000978147,0.000810542,0.00067221
5924,7.147525,5.996340000000002,0.80402,0.442599,0.0389404,0.0156184,0.0104738,0.007654,0.00634241,0.00525996
5925,6.882463,4.817589000000002,0.80451,0.0892333,0.0076901,0.00318475,0.00213915,0.00156348,0.00129558,0.00107447
5926,6.881443,4.815879999999999,0.80451,0.0625125,0.00488861,0.00202763,0.00136199,0.000995468,0.000824895,0.000684113
5928,5.142531,4.8719259999999975,0.80497,0.0816,0.00375419,0.00153238,0.00102925,0.00075227,0.000623369,0.000516981
5929,5.137717,4.875972999999995,0.80497,0.0697656,0.00599762,0.00249047,0.00167288,0.0012227,0.00101319,0.000840274
5930,4.809806,5.766170999999997,0.80505,0.0882694,0.00728668,0.00301886,0.00202774,0.00148206,0.00122811,0.00101851
5932,5.65192,7.140625999999996,0.80517,0.0654069,0.00542147,0.002248,0.00150999,0.00110364,0.000914534,0.000758454
5933,5.650784,7.1382140000000005,0.80517,0.0571709,0.00475995,0.00197571,0.00132711,0.000969979,0.000803774,0.000666597
5934,5.65153,7.137394000000002,0.80517,0.205884,0.0177102,0.00735397,0.00493977,0.00361044,0.0029918,0.0024812
5935,5.842181000000001,5.7199810000000015,0.80537,0.211569,0.0121785,0.00466399,0.00312433,0.00228284,0.00189161,0.00156876
5937,5.632293,6.748685999999995,0.80567,0.120531,0.0104191,0.00429602,0.00288496,0.00210856,0.00174725,0.00144906
5938,5.208943,5.888775999999997,0.80613,0.587913,0.0505558,0.0209929,0.0141012,0.0103065,0.00854048,0.00708291
5939,7.079755,4.871110999999994,0.80621,0.0624982,0.00546383,0.0022534,0.00150646,0.00109827,0.000909242,0.000753643
5940,7.084152,4.8813170000000055,0.80621,0.28768,0.0245983,0.0102133,0.00686039,0.00501421,0.00415503,0.00344591
5941,5.213911,6.5752669999999975,0.80634,0.0683823,0.00586898,0.00243669,0.00163676,0.0011963,0.000991312,0.000822128
5942,5.133281,6.214642999999995,0.80649,0.153331,0.0131404,0.00545506,0.00366424,0.00267817,0.00221926,0.00184051
5943,5.132662,6.216067999999995,0.80649,0.106851,0.0161799,0.00751941,0.00436416,0.002678,0.0019944,0.00150753
5944,6.171031,5.139026000000002,0.80684,0.0809567,0.003138,0.00128947,0.000866129,0.000633048,0.000524575,0.000435048
5945,6.172051,5.137791000000004,0.80684,0.138974,0.0122596,0.00493688,0.00330928,0.00241813,0.00200373,0.00166175
5946,5.755533,6.573559,0.80688,0.0576985,0.00490244,0.00203546,0.00136725,0.000999313,0.000828081,0.000686756
5947,5.760062,6.570884999999999,0.80688,0.79784,0.0686595,0.0285103,0.0191508,0.0139972,0.0115988,0.00961924
5949,6.928462,6.024800000000005,0.80731,0.0781068,0.00663934,0.00273343,0.00183547,0.00134148,0.00111162,0.000921899
5951,5.28287,6.376997999999998,0.80763,0.101568,0.00880832,0.00363097,0.00243536,0.00177924,0.00147422,0.00122257
5952,5.290969,6.3827530000000054,0.80763,0.111849,0.0104929,0.00391271,0.00261044,0.00190655,0.00157976,0.00131013
5953,5.788129,6.483381000000001,0.80766,0.0645286,0.00548654,0.00227369,0.00152724,0.00111625,0.000924979,0.000767117
5954,6.539468,5.571933999999998,0.80783,0.0789002,0.0067757,0.00281088,0.0018881,0.00138,0.00114353,0.000948372
5955,6.538739,5.573936000000001,0.80783,0.0724778,0.00621126,0.00257577,0.00173015,0.00126456,0.00104788,0.000869039
5959,5.447049,6.399777000000005,0.8087,4.57768,0.501804,0.222059,0.140272,0.0950746,0.0752128,0.0598663
5960,6.002832,7.174625999999996,0.80952,0.0713183,0.00615995,0.00254846,0.00171123,0.00125065,0.00103635,0.000859476
5961,5.995787000000001,7.1716919999999975,0.80952,0.202449,0.0172531,0.00713422,0.0047914,0.00350194,0.00290188,0.00240662
5962,6.004556,7.172842000000003,0.80952,0.0645834,0.00624425,0.00231953,0.00152007,0.0011033,0.000912859,0.000756588
5963,6.8456,6.126007,0.80953,0.0545256,0.004639,0.00192244,0.00129132,0.000943817,0.000782095,0.000648618
5964,6.845242,6.124895999999997,0.80953,0.115176,0.00980627,0.00405228,0.00272148,0.00198907,0.00164824,0.00136694
5966,5.748463,6.427966999999996,0.80989,0.183792,0.0156751,0.00650894,0.00437215,0.00319558,0.00264802,0.00219609
5967,5.715702,6.150900999999999,0.81012,0.0928851,0.00789086,0.00326967,0.00219623,0.0016052,0.00133015,0.00110314
5968,5.629080000000001,6.396740999999998,0.81028,0.151874,0.013076,0.00542642,0.00364498,0.00266409,0.0022076,0.00183084
5969,5.389679,4.829157999999996,0.81048,0.106963,0.00946155,0.00380702,0.00254612,0.00185923,0.00154041,0.00127745
5970,5.045638000000001,6.069438999999999,0.81072,0.0667921,0.00575642,0.00238365,0.0016007,0.00116988,0.000969416,0.000803967
5971,5.042792,6.073140999999994,0.81072,0.109035,0.00939046,0.00389584,0.00261686,0.00191265,0.00158492,0.00131442
5976,6.153143,5.117388000000002,0.81163,0.106074,0.0148788,0.0109337,0.0082242,0.00580781,0.00445214,0.00328217
5977,6.147764,5.121359999999996,0.81163,0.0794719,0.00580121,0.00240295,0.00161408,0.00117972,0.000977575,0.000810736
5978,6.160483,5.114939000000001,0.81163,0.322915,0.0447175,0.031377,0.0236361,0.0170029,0.0132738,0.0100047
5979,5.90966,6.667063999999999,0.81164,0.144837,0.0123481,0.00512739,0.00344414,0.0025173,0.00208596,0.00172996
5980,5.914468,6.660042000000006,0.81164,0.0612473,0.00949632,0.00405353,0.00222314,0.00134838,0.00101895,0.000790888
5984,6.088804,6.4413609999999935,0.81242,0.0995481,0.00856609,0.00355431,0.00238741,0.00174494,0.00144594,0.00119917
5985,6.08493,6.4436209999999985,0.81242,0.580992,0.0487358,0.0201743,0.0135504,0.0099038,0.00820679,0.00680616
5986,6.133419,5.202467999999995,0.81243,0.178997,0.0161405,0.00647932,0.00430211,0.00313157,0.00259224,0.00214878
5987,6.127535,5.195623000000003,0.81243,0.056555,0.00485255,0.00197915,0.0013269,0.000969416,0.000803244,0.000666136
5988,5.65666,6.556021999999995,0.81272,0.0942855,0.0137378,0.00856761,0.00581883,0.00383746,0.0028619,0.00208643
5993,6.117351,6.423783000000005,0.81365,0.071378,0.00609765,0.00249665,0.00167654,0.00122535,0.00101538,0.000842092
5994,6.117799000000001,6.4235199999999955,0.81365,0.0520275,0.0044487,0.00184019,0.00123606,0.000903424,0.000748623,0.000620858
5995,5.643002,6.827827000000003,0.81407,0.264799,0.0209702,0.00869074,0.00583762,0.00426668,0.00353559,0.00293218
5996,5.645863,6.824363999999999,0.81407,0.237024,0.0227757,0.00854304,0.0056012,0.00406466,0.0033627,0.00278686
5997,6.129402,5.083859999999998,0.81418,0.256949,0.0213038,0.00884361,0.00594037,0.00434178,0.00359782,0.00298379
5998,6.121345,5.0892830000000036,0.81418,0.0516911,0.00425996,0.00176872,0.00118808,0.000868358,0.000719565,0.00059676
5999,6.124473,5.082376999999999,0.81418,0.089048,0.00765664,0.003176,0.00213335,0.00155925,0.00129207,0.00107156
6003,6.795148,6.180369999999997,0.81441,0.143013,0.0121618,0.00503789,0.00338383,0.00247321,0.00204943,0.00169966
6004,7.138188,6.880843000000005,0.81463,0.0649351,0.00559815,0.00229711,0.00154271,0.00112754,0.00093434,0.00077488
6005,7.13937,6.870148000000005,0.81463,0.110608,0.00945673,0.00392643,0.00263744,0.00192769,0.00159738,0.00132476
6006,7.07616,6.657049999999995,0.8148,0.0548396,0.00489229,0.0019518,0.00129883,0.000946345,0.000783547,0.000649564
6007,7.073913,6.6568460000000025,0.8148,0.086409,0.00844225,0.00315112,0.00204073,0.00146922,0.00121182,0.00100244
6008,7.075423,6.657072999999997,0.8148,0.0628252,0.00549239,0.00222419,0.00149145,0.00108985,0.000903078,0.000748948
6009,6.026916,4.889866000000006,0.81504,0.123648,0.00948193,0.00391122,0.00262707,0.00192011,0.0015911,0.00131955
6010,6.76224,6.2728250000000045,0.8155,0.0644702,0.00544771,0.0022429,0.00150636,0.00110098,0.000912325,0.000756622
6011,6.766198,6.268832000000004,0.8155,0.638854,0.054969,0.0226051,0.0151758,0.0110911,0.00919053,0.007622
6012,6.497738,4.878658000000001,0.8158,0.0882005,0.00689855,0.00283767,0.0019059,0.00139301,0.00115431,0.000957312
6013,6.97607,5.0697,0.81615,0.0583452,0.00500359,0.00207653,0.00139483,0.00101947,0.000844788,0.000700612
6014,6.976386,5.069477999999999,0.81615,0.19548,0.0206011,0.00646524,0.00413625,0.0029872,0.0024695,0.00204618
6015,6.9040360000000005,5.2224559999999975,0.81619,0.0636388,0.0054931,0.00224088,0.00150476,0.00109981,0.000911354,0.000755816
6016,6.917522,5.216380000000005,0.81619,0.0531107,0.00457417,0.00189633,0.00127361,0.000930846,0.000771343,0.0006397
6017,6.882821,5.150670000000001,0.81626,0.0508599,0.00434993,0.00180625,0.00121329,0.000886783,0.000734833,0.000609422
6018,6.56827,5.8187370000000005,0.81678,0.230842,0.021222,0.00898265,0.00591369,0.00422589,0.00345719,0.00283679
6019,6.306466,6.024443000000005,0.8169,0.0799574,0.00683132,0.00283581,0.00190485,0.00139225,0.00115368,0.00095679
6020,6.307417,6.022423999999999,0.8169,0.0820405,0.00697263,0.00289531,0.00194482,0.00142146,0.00117789,0.000976864
6021,6.30384,6.020495000000005,0.8169,0.222851,0.0193737,0.00795535,0.00533091,0.00389335,0.00322561,0.00267486
6022,6.169488,5.046560000000002,0.81691,0.161332,0.0134077,0.00555647,0.0037323,0.00272791,0.00226049,0.0018747
6023,6.159433,5.059624000000005,0.81691,0.0906205,0.00778438,0.00319103,0.00214249,0.00156587,0.00129755,0.0010761
6024,6.809359,5.067529000000003,0.81701,0.086687,0.00736141,0.00293682,0.00196851,0.00143838,0.00119188,0.000988455
6025,6.81737,5.073690000000001,0.81701,1.04916,0.0872411,0.0362174,0.0243277,0.017781,0.0147342,0.0122196
6029,6.544079,4.896606000000003,0.81722,0.361608,0.0309448,0.0128413,0.00862568,0.00630446,0.00522419,0.0043326
6030,5.248487,6.261168999999996,0.81746,0.050532,0.0234771,0.0260251,0.0216835,0.0162701,0.0127885,0.00952574
6031,5.245471000000001,6.264208999999994,0.81746,0.298097,0.0256284,0.0106218,0.00713459,0.00521461,0.00432109,0.00358363
6032,5.347875,6.230060000000003,0.81748,0.0653996,0.00402069,0.00164787,0.0011068,0.000808951,0.000670338,0.000555934
6033,5.355457,6.236316999999998,0.81748,0.415219,0.0457834,0.0185782,0.0115112,0.00787985,0.00632631,0.00512465
6034,5.321294000000001,5.997473000000004,0.81759,0.279177,0.0118064,0.0047425,0.00318512,0.00232797,0.00192908,0.00159985
6035,6.61914,4.945478999999996,0.818,0.0790067,0.00765519,0.00367161,0.00251462,0.00179167,0.00143903,0.00114768
6036,6.619617,4.939798000000001,0.818,1.00151,0.107125,0.0441986,0.0273529,0.0187583,0.0151106,0.0122933
6037,6.252827,6.107099000000006,0.81816,0.0611846,0.00523128,0.00215478,0.00144703,0.0010576,0.000876377,0.000726809
6040,7.097049,6.608149999999997,0.81904,0.203538,0.0278519,0.00633382,0.00368974,0.00259565,0.00213425,0.00176466
6041,6.206657000000001,6.150519000000003,0.81962,0.119724,0.0102312,0.0042195,0.00283382,0.00207119,0.00171629,0.00142338
6042,5.978931,6.690039000000005,0.81968,0.0658916,0.00564945,0.00234036,0.00157201,0.00114897,0.000952096,0.000789606
6043,5.891238,6.343621999999996,0.82004,0.0767144,0.00647441,0.00260841,0.00174917,0.00127816,0.00105911,0.000878352
6044,5.895104,6.348969999999998,0.82004,0.189076,0.016192,0.00672224,0.00451543,0.00330029,0.00273479,0.00226806
6045,6.338007,5.711565000000006,0.82059,0.0535733,0.00453428,0.00188233,0.00126439,0.000924135,0.000765785,0.000635091
6046,6.33969,5.715953000000003,0.82059,0.111847,0.00932072,0.0038702,0.00259967,0.00190008,0.0015745,0.00130579
6047,6.332607,5.7191149999999995,0.82059,0.160605,0.0140877,0.00573102,0.00383475,0.00279981,0.00231952,0.00192347
6048,7.036011,6.684543000000003,0.82121,0.130684,0.0111188,0.00438826,0.00293376,0.00214228,0.00177491,0.00147191
6049,7.054612,6.674875000000006,0.82121,0.0653678,0.00565129,0.00232019,0.00155809,0.00113878,0.000943646,0.000782598
6050,5.240249,5.912449999999994,0.82134,0.0644052,0.00558537,0.00229554,0.00154001,0.00112529,0.000932432,0.000773285
6051,5.254621,5.918755000000002,0.82134,0.0921615,0.00780649,0.00322766,0.00216783,0.00158443,0.00131294,0.00108887
6054,7.059364,6.489811999999998,0.82155,0.0570512,0.00487361,0.00202289,0.00135881,0.000993142,0.000822968,0.000682515
6055,7.056885,6.486483999999994,0.82155,0.643293,0.0541481,0.0224713,0.0150943,0.0110323,0.00914193,0.00758171
6056,5.145201,6.045392000000003,0.82201,0.0553906,0.00442661,0.00181287,0.00121749,0.000889842,0.000737368,0.000611524
6057,5.147035,6.050894000000003,0.82201,0.18984,0.01687,0.00687587,0.00457445,0.00332692,0.00275186,0.00227962
6058,5.41275,5.783374999999996,0.82243,3.56616,0.298068,0.123665,0.083067,0.0607131,0.05031,0.0417238
6059,6.613294,7.173750000000005,0.82284,0.104268,0.00882916,0.0036514,0.00245224,0.00179228,0.00148517,0.0012317
6060,5.783498,5.068653999999999,0.82303,0.142539,0.0122602,0.00508761,0.00341739,0.00249774,0.00206976,0.00171652
6061,5.366201,5.605678999999995,0.82306,0.0667658,0.00566897,0.0023523,0.00158007,0.00115486,0.000956975,0.000793651
6062,5.594501,5.429159000000001,0.82319,0.0971718,0.00832038,0.00345497,0.00232075,0.00169622,0.00140558,0.00116569
6063,5.695368,5.50379,0.82326,0.122939,0.0238927,0.00707233,0.00357829,0.00225437,0.0017826,0.00144344
6064,5.583845,5.375799000000001,0.82336,3.68728,0.316843,0.131536,0.0883542,0.0645775,0.0535122,0.0443795
6066,5.48814,5.3152910000000055,0.82444,0.375125,0.0311446,0.0128417,0.0086245,0.0063035,0.00522339,0.00433193
6067,5.492231,5.314814000000003,0.82444,0.140789,0.0132992,0.00485436,0.00319069,0.00231937,0.00191982,0.00159147
6068,5.494158,5.312803999999994,0.82444,0.186289,0.0527238,0.0183803,0.0088574,0.00474798,0.0033179,0.0023978
6069,5.487467,5.316948000000005,0.82444,0.0924874,0.00796403,0.00330673,0.00222118,0.00162344,0.00134527,0.00111568
6070,5.483815,5.317626000000002,0.82444,0.161515,0.013894,0.00576423,0.00387184,0.0028299,0.002345,0.00194479
6077,5.287325,6.299171999999998,0.82569,0.0547683,0.00570056,0.00209823,0.00133258,0.000950583,0.000781891,0.000645919
6078,5.286032,6.295500999999999,0.82569,0.113818,0.00978435,0.00406197,0.00272848,0.00199423,0.00165252,0.00137049
6079,5.285775,6.2984959999999965,0.82569,0.0601372,0.0049451,0.00204006,0.00137026,0.00100151,0.000829902,0.000688266
6080,5.278917,6.299689999999998,0.82569,0.0744386,0.005892,0.00244136,0.00163988,0.00119857,0.000993199,0.000823694
6081,6.947621,6.547263999999996,0.82588,0.0502974,0.00421935,0.00171961,0.0011545,0.000843781,0.000699197,0.000579868
6084,5.731639000000001,6.532356999999995,0.82595,0.0644971,0.00554282,0.00230019,0.00154505,0.00112927,0.000935767,0.000776063
6085,5.735285,6.523470999999999,0.82595,0.071566,0.00601845,0.00249835,0.00167818,0.00122657,0.0010164,0.000842934
6086,5.702412,6.681016000000001,0.826,0.365387,0.0314943,0.0130142,0.00873981,0.0063877,0.00529316,0.00438979
6087,4.899844,6.540538000000003,0.82606,0.0938478,0.00796257,0.00330612,0.00222077,0.00162314,0.00134502,0.00111547
6091,7.1913540000000005,7.061165999999998,0.82635,0.0677833,0.00595171,0.00227105,0.00150657,0.00109757,0.00090886,0.00075352
6092,7.184837,7.0730200000000005,0.82635,0.10738,0.00926614,0.0038343,0.00257498,0.00188198,0.0015595,0.00129334
6093,7.190371999999999,7.067303999999994,0.82635,0.07007,0.00599818,0.00249033,0.00167279,0.00122263,0.00101313,0.000840227
6097,5.822358,5.074972000000006,0.82705,0.290709,0.023954,0.00991798,0.00666199,0.00486921,0.00403487,0.00334625
6098,5.825539000000001,5.071519999999995,0.82705,0.0617878,0.00521406,0.00216484,0.00145415,0.00106283,0.000880715,0.000730407
6099,5.824405,5.061491999999999,0.82705,0.207559,0.0177878,0.00737791,0.00495573,0.0036221,0.00300146,0.00248921
6100,5.120132,5.614366000000007,0.82854,0.0830732,0.00746065,0.00288446,0.00192168,0.00140229,0.0011617,0.000963353
6101,5.118897,5.616200999999998,0.82854,0.080469,0.00679837,0.00281478,0.00189065,0.00138186,0.00114508,0.000949652
6102,5.120901,5.611615999999998,0.82854,0.160961,0.0140624,0.0057779,0.00386641,0.00282168,0.00233716,0.00193784
6103,5.622905,6.768151999999994,0.82855,0.206489,0.0290867,0.00820073,0.0048382,0.00339283,0.00278523,0.00230093
6104,6.962788,6.430556999999996,0.82856,0.058979,0.00441168,0.00182878,0.00122841,0.00089784,0.000743996,0.000617021
6105,5.709321,7.081657999999996,0.82896,0.0570693,0.00487165,0.00202269,0.00135867,0.000993044,0.000822887,0.000682448
6106,5.706703,7.0808530000000065,0.82896,0.100686,0.00864603,0.00359005,0.00241149,0.00176254,0.00146053,0.00121127
6108,4.87129,5.375375000000004,0.82999,0.061208,0.00549617,0.00222166,0.0014737,0.00107045,0.000885058,0.000733011
6109,4.867557,5.380874999999995,0.82999,0.599948,0.0518047,0.0214438,0.0144013,0.0105256,0.00872202,0.00723346
6112,5.89081,5.2465530000000005,0.8301,0.086455,0.00688128,0.00285525,0.00191791,0.00140179,0.00116159,0.000963348
6113,5.905437,5.246474999999998,0.8301,0.0620702,0.0051285,0.00211111,0.00141772,0.00103618,0.00085863,0.00071209
6114,5.425098,6.796382000000004,0.83013,0.0657399,0.00565739,0.00234877,0.00157769,0.00115312,0.000955537,0.000792459
6118,6.200111,5.419446000000004,0.83047,0.0733835,0.00631415,0.00260334,0.00174797,0.00127751,0.0010586,0.000877931
6124,5.885369,5.213385999999998,0.83109,0.0500992,0.00430943,0.00167232,0.00112251,0.000820412,0.000679834,0.00056381
6125,5.891331,5.209944000000002,0.83109,0.0703524,0.00605968,0.00250731,0.00168406,0.00123086,0.00101995,0.000845882
6126,7.139371,6.259202999999996,0.83151,0.0743372,0.00709878,0.00251225,0.0016625,0.00121227,0.00100423,0.000832768
6127,7.137712,6.260959000000006,0.83151,0.076644,0.0058227,0.00240115,0.00161272,0.00117872,0.000976746,0.000810048
6129,5.988270000000001,5.291435000000002,0.83158,0.0887547,0.00755096,0.00313529,0.00210602,0.00153928,0.00127552,0.00105783
6130,5.993526,5.301124999999996,0.83158,0.356682,0.0304836,0.0126509,0.0084978,0.00621099,0.00514674,0.00426836
6131,5.276312,5.973065999999997,0.83211,0.0620516,0.00506237,0.00210086,0.00141117,0.00103142,0.000854685,0.000708819
6132,5.277422,5.974371999999995,0.83211,0.107264,0.0092183,0.00381947,0.00256535,0.00187498,0.0015537,0.00128853
6133,5.279027,5.973119000000002,0.83211,0.672496,0.140703,0.0455734,0.0224564,0.0133378,0.0101945,0.00805614
6137,5.736587,5.2947029999999975,0.83263,0.124101,0.0121432,0.00492966,0.00316603,0.00224253,0.00183338,0.00150661
6138,5.738313,5.2957310000000035,0.83263,0.344321,0.0296448,0.0123097,0.00826862,0.00604348,0.00500793,0.00415325
6139,5.728677,5.290952,0.83263,0.161598,0.0135772,0.00563723,0.00378661,0.0027676,0.00229338,0.00190198
6140,6.335635,4.936899000000001,0.83273,0.0534494,0.00458615,0.00190432,0.00127916,0.000934927,0.000774728,0.000642508
6143,6.462161,5.131790999999994,0.83293,0.0870013,0.00903709,0.00353374,0.00222337,0.00156305,0.00127633,0.00104902
6146,7.071664,6.193062000000005,0.83323,0.0643911,0.00522991,0.00216923,0.0014571,0.00106498,0.000882499,0.000731887
6147,7.058371,6.192347999999994,0.83323,0.083873,0.00750144,0.00284972,0.00189123,0.00137833,0.0011415,0.00094647
6148,7.074624,6.1927520000000005,0.83323,0.135717,0.0113664,0.0047069,0.00316144,0.00231066,0.00191472,0.00158795
6149,7.073231,6.192015,0.83323,0.10612,0.00908718,0.00377303,0.0025344,0.00185238,0.00153497,0.001273
6150,7.030833,5.216707,0.83333,0.230323,0.0197991,0.00822111,0.00552224,0.00403617,0.00334457,0.00277377
6151,7.030676,5.216329999999998,0.83333,0.0714364,0.0060383,0.00249858,0.00167826,0.00122663,0.00101645,0.000842973
6152,6.677251,5.973946000000002,0.83358,0.0525123,0.00451179,0.00186981,0.00125588,0.000917907,0.000760623,0.00063081
6153,6.516147,5.234891000000006,0.83398,1.34812,0.112363,0.0463432,0.0311276,0.0227509,0.0188525,0.015635
6157,5.562126,5.612943999999994,0.83437,0.0502479,0.0042634,0.00172855,0.00116005,0.0008478,0.000702524,0.000582626
6158,6.644413,5.904241000000003,0.83437,0.100883,0.0086879,0.0036065,0.00242253,0.00177061,0.00146722,0.00121681
6159,6.664471,5.907729999999995,0.83437,0.859473,0.0719251,0.0297792,0.0200029,0.0146199,0.0121148,0.0100472
6160,6.466692,6.947222999999999,0.83445,0.100439,0.0086237,0.00358051,0.00240508,0.00175786,0.00145665,0.00120805
6161,6.463609,6.946526000000004,0.83445,0.0584444,0.00552707,0.00207351,0.00137786,0.00100539,0.000832938,0.000690744
6165,5.552814,5.575947000000001,0.83498,0.075437,0.00648724,0.00268483,0.00180323,0.00131796,0.00109212,0.000905736
6166,5.552585,5.576456999999994,0.83498,0.253008,0.0213777,0.00886531,0.00595489,0.00435239,0.00360661,0.00299109
6170,6.822851,5.612889000000006,0.83598,0.0636468,0.00522033,0.00212821,0.00142846,0.00104395,0.000865062,0.000717423
6171,5.355558,5.525052000000002,0.8361,0.0893638,0.00773185,0.00317173,0.00212983,0.00155665,0.00128992,0.00106977
6172,5.28577,5.495864999999999,0.83642,0.302048,0.0258533,0.010706,0.00719018,0.00525511,0.00435463,0.00361144
6173,5.282461,5.501021999999996,0.83642,0.146561,0.012567,0.00521741,0.00350461,0.00256149,0.00212258,0.00176033
6174,6.965849,6.041537000000002,0.83652,0.122776,0.0105817,0.00438734,0.00294655,0.00215354,0.00178452,0.00147996
6175,6.968907,5.004667,0.83696,0.237833,0.0199427,0.00826084,0.00554884,0.00405561,0.00336069,0.00278713
6176,6.973246,4.989112999999999,0.83696,0.323851,0.0273906,0.0113736,0.00763981,0.00558389,0.00462709,0.0038374
6177,6.792417,5.626067000000002,0.83699,0.107174,0.00917874,0.00379292,0.00254727,0.00186174,0.00154273,0.00127944
6178,6.768945000000001,5.625823000000004,0.83699,0.0576861,0.00501389,0.00205032,0.00137539,0.00100504,0.000832803,0.000690665
6179,6.771003000000001,5.621451999999997,0.83699,0.129976,0.011095,0.00460602,0.00309393,0.00226133,0.00187385,0.00155405
6187,7.013998000000001,5.1129510000000025,0.83865,0.229685,0.0193991,0.00804736,0.00540552,0.00395086,0.00327388,0.00271514
6188,7.014546,5.114277000000004,0.83865,0.155607,0.0135893,0.0055346,0.00371141,0.00271195,0.00224718,0.00186365
6194,7.0211250000000005,4.993828999999995,0.83988,0.0555903,0.00494621,0.00199986,0.00133211,0.00097064,0.000803641,0.000666208
6195,7.031899,4.99847,0.83988,0.0751081,0.00630576,0.00261673,0.0017577,0.00128469,0.00106456,0.000882874
6196,7.019263,4.994761999999995,0.83988,0.0616369,0.00528147,0.0021891,0.00147043,0.00107472,0.000890571,0.000738581
6197,4.909591,6.927793000000002,0.83991,0.256501,0.031181,0.0146764,0.00910552,0.00595215,0.00458588,0.00355796
6198,4.907519,6.929862000000003,0.83991,0.0540454,0.00458599,0.00189064,0.00126979,0.000928074,0.000769049,0.000637798
6199,4.908435,6.927783000000001,0.83991,0.185797,0.0154123,0.00637042,0.00427879,0.00312733,0.00259146,0.00214918
6201,5.888747,5.816332999999998,0.84062,0.163099,0.013783,0.00572326,0.00384439,0.00280984,0.00232838,0.001931
6205,6.451637,7.171395000000007,0.84119,0.108231,0.00922803,0.00383138,0.0025736,0.00188102,0.00155871,0.00129269
6206,6.447749,7.180394999999995,0.84119,0.121593,0.010328,0.0042845,0.00287795,0.00210348,0.00174305,0.00144557
6212,7.119568000000001,6.283613000000003,0.84239,0.0513257,0.00461724,0.00181534,0.00121231,0.000885184,0.000733403,0.00060821
6213,7.105789,6.280765000000001,0.84239,0.0552877,0.0206855,0.00774001,0.00347876,0.00169784,0.00112153,0.000776885
6216,4.885019,6.604188000000004,0.84284,0.130694,0.0110508,0.00458861,0.00308224,0.00225279,0.00186677,0.00154818
6217,4.87822,6.592814999999995,0.84284,0.301212,0.0254716,0.0105447,0.00708214,0.0051762,0.00428925,0.00355722
6218,4.884664,6.594088000000004,0.84284,0.0640577,0.00515745,0.0021403,0.00143767,0.00105078,0.00087073,0.000722126
6219,6.894591000000001,5.307543000000005,0.84285,0.0704642,0.0351698,0.021336,0.0113396,0.00564861,0.00346851,0.00207709
6226,6.382241,6.989571999999997,0.84333,0.0696061,0.00595891,0.00247439,0.00166208,0.0012148,0.00100665,0.000834848
6227,6.861062,5.685437,0.8434,0.109607,0.00904833,0.00375719,0.00252376,0.0018446,0.00152853,0.00126766
6228,6.377335,7.172676999999999,0.84368,0.0505011,0.00715436,0.00402247,0.00257974,0.00164681,0.00122,0.000896227
6229,6.37314,7.177028000000003,0.84368,0.0543095,0.00466175,0.00190195,0.00127679,0.000933151,0.000773253,0.000641284
6230,6.4361,5.717926999999997,0.84371,0.423239,0.0516676,0.0263556,0.0174165,0.0118008,0.00914554,0.00702944
6231,6.441539000000001,5.718470000000006,0.84371,0.138324,0.0122198,0.004951,0.00331012,0.00241651,0.00200198,0.00166017
6232,5.315474,6.622302000000001,0.84392,0.234537,0.0199988,0.00819186,0.00549838,0.00401831,0.00332973,0.00276145
6233,5.325555,6.626504000000001,0.84392,0.0933099,0.00860167,0.00337781,0.00223528,0.00162648,0.00134644,0.00111618
6234,7.116601,5.630274999999999,0.84406,0.0551447,0.00512998,0.00192956,0.00128233,0.000935536,0.000775033,0.000642711
6236,6.834232,6.250018000000001,0.84527,0.122101,0.0101429,0.00421008,0.00282797,0.00206694,0.00171277,0.00142046
6237,6.280521,7.075523,0.84532,0.0732926,0.00729378,0.00277771,0.00178824,0.00128339,0.0010577,0.000874706
6238,7.085333,6.5733500000000005,0.84539,0.0631751,0.00520555,0.00216018,0.00145102,0.00106054,0.000878817,0.000728832
6239,6.829932,5.8585959999999995,0.84555,0.385942,0.0349866,0.0147287,0.00976485,0.00702558,0.00576622,0.00474158
6240,6.832323,5.858939999999999,0.84555,0.143394,0.0137654,0.0055589,0.00360638,0.00257153,0.00210697,0.00173304
6241,7.019983,6.531105999999998,0.84557,0.0552699,0.00549823,0.00220365,0.00140255,0.000992091,0.000812073,0.000668527
6242,7.017825,6.531027999999995,0.84557,0.425295,0.0361337,0.0149875,0.0100671,0.00735795,0.00609717,0.00505659
6245,4.876239,5.836456,0.84641,0.0525729,0.0049696,0.00191717,0.00126306,0.000918388,0.000760244,0.000630255
6247,6.387793,6.844981999999999,0.8465,0.0871892,0.00740649,0.00303299,0.00203643,0.00148835,0.00123332,0.00102283
6248,7.122688,6.333164000000005,0.84692,0.103521,0.0101827,0.00412462,0.00264949,0.00187503,0.00153145,0.00125715
6249,7.125149,6.3372389999999985,0.84692,0.444286,0.0371008,0.0153567,0.0103146,0.00753881,0.00624704,0.00518088
6250,6.398276,6.605571000000002,0.84713,0.0643872,0.00552362,0.00229327,0.00154042,0.00112588,0.000932962,0.000773737
6258,4.803823,5.625215000000004,0.84773,0.102076,0.00871442,0.00361383,0.00242741,0.00177418,0.00147017,0.00121926
6259,5.340968,6.6573480000000025,0.84776,0.139716,0.0112689,0.00467629,0.00314113,0.00229583,0.00190244,0.00157776
6260,5.344482,6.657506999999995,0.84776,0.0787978,0.00626727,0.00259292,0.00174166,0.00127296,0.00105484,0.000874817
6261,7.056145,6.094206000000005,0.84874,0.459895,0.109258,0.0487953,0.0248988,0.013453,0.00934313,0.00669876
6262,7.047003,6.087490000000002,0.84874,0.148219,0.0172124,0.0032034,0.00186695,0.00132272,0.00109011,0.000902328
6265,5.389236,6.673269000000005,0.8491,0.0914704,0.00781827,0.00322008,0.00216197,0.00158006,0.0013093,0.00108585
6266,5.396377,6.670390999999999,0.8491,0.276076,0.0371612,0.0213489,0.0142356,0.00940736,0.00708925,0.00526217
6267,6.945472,5.764137999999999,0.8495,0.0704457,0.00620124,0.00248973,0.0016705,0.00122086,0.00101166,0.000839004
6268,6.937404,5.767158999999998,0.8495,0.122172,0.0104671,0.00434631,0.00291948,0.00213383,0.0017682,0.00146643
6269,6.944755,5.765214000000004,0.8495,0.0739707,0.0062006,0.00257109,0.00172701,0.00126226,0.00104597,0.000867459
6270,7.047355,6.140161,0.84951,0.183001,0.0156811,0.0065112,0.00437367,0.00319669,0.00264894,0.00219685
6271,5.413402,6.609947999999994,0.84989,0.0799698,0.00684334,0.00284142,0.00190862,0.001395,0.00115597,0.000958682
6272,5.409764,6.621482999999994,0.84989,0.225895,0.0195688,0.00806099,0.00541261,0.0039559,0.00327805,0.0027186
6273,6.349351,6.848539000000006,0.85008,1.41058,0.123963,0.050422,0.0337798,0.0246776,0.0204477,0.0169576
6274,6.145531,5.168814000000001,0.85013,0.175174,0.0149171,0.00619364,0.00416036,0.00304078,0.00251974,0.00208971
6277,7.071529,6.208094999999995,0.85034,0.0625237,0.00533891,0.00221599,0.00148851,0.00108794,0.000901523,0.000747664
6278,5.28054,6.403162000000005,0.85036,0.0537284,0.0250684,0.0131906,0.00663931,0.00323616,0.00199847,0.00122945
6279,5.279203,6.409837,0.85036,0.0504104,0.00432984,0.00179695,0.00120703,0.000882212,0.000731045,0.000606281
6280,5.280612,6.401808999999999,0.85036,0.117287,0.0106365,0.00395567,0.00265097,0.00193735,0.00160537,0.00133139
6284,6.99242,5.667060000000007,0.85055,0.183004,0.0155319,0.00615971,0.00412367,0.00301229,0.00249593,0.00206991
6285,5.805494,6.460199999999994,0.85075,0.0709073,0.00544459,0.00225408,0.00151406,0.00110661,0.000916995,0.000760495
6291,6.273625000000001,5.282791999999999,0.85104,0.0747298,0.00490988,0.00198544,0.00133288,0.000974141,0.000807218,0.000669453
6292,6.272341,5.276470000000001,0.85104,0.810552,0.0687284,0.0285378,0.0191693,0.0140107,0.01161,0.00962855
6293,4.982214,6.586681000000003,0.85122,0.0929882,0.00801838,0.00331961,0.00222971,0.00162967,0.00135043,0.00111996
6294,4.983955,6.590777000000004,0.85122,0.232663,0.0200461,0.00831835,0.00558729,0.00408369,0.00338395,0.00280642
6295,5.776701,6.457657000000003,0.8513,0.0610368,0.00517728,0.00214899,0.0014435,0.00105505,0.000874266,0.000725058
6296,6.102454,6.935079999999999,0.85131,0.199464,0.0191582,0.00774622,0.00498971,0.0035587,0.00292303,0.00241178
6298,7.051991,5.671821000000003,0.85172,0.20103,0.0172664,0.00716959,0.00481591,0.00351992,0.00291678,0.00241899
6301,6.050284,6.990478999999996,0.8518,0.055305,0.00475533,0.00197421,0.0013261,0.00096924,0.000803162,0.000666089
6302,6.045225000000001,6.991488000000004,0.8518,0.0542774,0.00466086,0.00193535,0.0013,0.000950163,0.000787353,0.000652978
6303,4.961847,6.827760999999997,0.85183,0.0617777,0.00519431,0.00214565,0.00144105,0.00105324,0.000872766,0.000723814
6304,4.9614,6.828229000000002,0.85183,0.0830736,0.00694953,0.00286809,0.00192649,0.00140806,0.00116679,0.000967657
6305,4.958486,6.826977000000001,0.85183,0.476991,0.0416327,0.0166386,0.0111332,0.00813118,0.00673708,0.00558706
6306,7.097292,6.280709999999999,0.85186,0.137072,0.0119567,0.00488948,0.00328096,0.00239774,0.00198687,0.00164777
6310,6.84832,5.177560000000004,0.85207,0.2452,0.0210453,0.00873725,0.00586893,0.00428956,0.00355455,0.00294791
6311,6.845375000000001,5.178526999999998,0.85207,0.0673356,0.00579603,0.00240598,0.00161611,0.00118121,0.000978807,0.000811758
6312,6.848684,5.180485999999997,0.85207,0.0881493,0.00801686,0.00316684,0.00210784,0.00153745,0.00127356,0.00105608
6314,5.400667,6.930674999999999,0.85214,0.0536823,0.0045389,0.00188392,0.00126546,0.000924913,0.00076643,0.000635626
6315,5.20018,6.629012000000007,0.85222,0.120832,0.0106848,0.00431723,0.00288841,0.00210937,0.00174769,0.00144935
6316,5.207626,6.6277189999999955,0.85222,0.0926333,0.00784683,0.00324642,0.00218062,0.0015938,0.00132071,0.00109531
6317,5.01643,6.781710000000004,0.8524,0.0597636,0.0052357,0.00209133,0.00139643,0.00101904,0.000844139,0.000699971
6318,5.01762,6.782817999999996,0.8524,0.118518,0.00993304,0.00412372,0.00276996,0.00202455,0.00167764,0.00139133
6319,5.018254,6.782521999999996,0.8524,0.106684,0.00917961,0.00381137,0.00256015,0.0018712,0.00155057,0.00128594
6320,5.201762000000001,6.570246999999996,0.85247,0.0507889,0.0044916,0.00180701,0.00121002,0.000883964,0.00073245,0.000607435
6324,6.877339,5.6050359999999975,0.85276,0.0527642,0.00450435,0.00186772,0.00125457,0.000916955,0.000759835,0.000630157
6325,6.883999,5.604343000000005,0.85276,0.0629773,0.00478891,0.00198391,0.00133261,0.000973997,0.000807103,0.000669358
6326,6.881031,5.610714999999997,0.85276,0.286553,0.0245378,0.0101867,0.00684251,0.00500115,0.00414421,0.00343693
6328,6.047876,7.052979999999996,0.8534,0.0835152,0.0082191,0.00336161,0.00214384,0.00151196,0.0012348,0.00101459
6329,6.959638,5.376254999999997,0.85354,0.161288,0.0126689,0.0052606,0.00353362,0.0025827,0.00214016,0.0017749
6330,6.959848000000001,5.379713999999997,0.85354,0.261308,0.0223645,0.00910751,0.00611056,0.00446544,0.00370021,0.00306869
6331,6.959350000000001,5.376019999999997,0.85354,0.0754575,0.00648227,0.00269169,0.00180805,0.00132149,0.00109505,0.000908164
6332,6.070202,7.114428999999997,0.85355,0.054299,0.00471023,0.00192929,0.00129423,0.000945719,0.000783642,0.000649893
6334,6.765878,6.7982940000000065,0.85424,0.0660174,0.00577275,0.00235822,0.00157976,0.00115388,0.000956041,0.000792839
6335,6.775698,6.798017999999997,0.85424,0.0822877,0.0070543,0.00292777,0.00196662,0.00143739,0.00119109,0.000987815
6336,6.766473,6.801038999999996,0.85424,0.11866,0.0114688,0.00472858,0.00304965,0.00215918,0.00176309,0.00144687
6337,6.691355,6.872560000000001,0.85425,0.0675111,0.00563119,0.0022675,0.00152047,0.00111103,0.000920626,0.000763499
6338,6.68874,6.877529000000005,0.85425,0.0677885,0.00944709,0.0042014,0.0024275,0.00151744,0.00115452,0.000895111
6339,6.697593,6.86237,0.85425,0.0839103,0.00992624,0.00289236,0.001831,0.00132165,0.0010929,0.000905752
6340,6.075338,6.860373999999996,0.85438,0.0696466,0.00595376,0.00246712,0.00165718,0.00121122,0.00100368,0.000832385
6342,6.336135,5.409434999999999,0.85508,0.293427,0.0255145,0.0104864,0.0070314,0.00513695,0.00425637,0.00352983
6347,5.925899,4.939998999999994,0.85574,0.148878,0.012782,0.00529238,0.00355476,0.00259814,0.00215295,0.00178552
6348,6.499123,5.704151999999994,0.8561,0.0529565,0.00414549,0.00170786,0.00114699,0.00083831,0.000694665,0.000576109
6349,6.491737,5.700106000000001,0.8561,0.311527,0.026291,0.010902,0.00732291,0.00535227,0.00443516,0.00367823
6350,5.998195,5.047530999999999,0.8565,0.18142,0.0381969,0.0323422,0.0244428,0.0170352,0.0128554,0.0092555
6351,6.309035,6.723988999999999,0.85666,0.0762848,0.0074543,0.00298706,0.0019212,0.00136583,0.00111914,0.000921338
6352,6.309655,6.730568999999999,0.85666,0.0950412,0.00811022,0.00334806,0.00224853,0.00164341,0.00136181,0.00112939
6353,6.310238,6.720048000000001,0.85666,0.0543586,0.00425774,0.00176718,0.00118704,0.0008676,0.000718937,0.000596239
6354,5.945995,6.961886000000002,0.85667,0.0670986,0.00577831,0.00239334,0.00160758,0.00117497,0.000973637,0.00080747
6355,5.202539,6.502546999999998,0.85674,0.0706558,0.00606149,0.0025164,0.0016903,0.00123543,0.00102374,0.000849021
6356,5.254386,6.505583000000005,0.85674,0.0650817,0.00517823,0.00214975,0.00144402,0.00105542,0.000874578,0.000725317
6361,7.1968250000000005,5.617883999999998,0.85699,0.0560101,0.0545426,0.0761824,0.0692176,0.0553814,0.0451502,0.0348023
6362,5.309693,6.2579799999999945,0.85708,0.0627003,0.00529416,0.00213003,0.00142796,0.00104338,0.000864566,0.000717005
6364,5.454341,5.395758999999994,0.85741,0.0726252,0.00617566,0.00256363,0.00172202,0.00125862,0.00104295,0.000864956
6366,5.251186,6.069971000000004,0.85766,0.195576,0.0167068,0.00683042,0.0045875,0.00335296,0.00277843,0.00230425
6372,6.712153000000001,5.717865999999997,0.85841,0.234979,0.024496,0.00833411,0.00544159,0.00395626,0.00327578,0.00271607
6373,6.708969,5.725785,0.85841,0.134459,0.0114957,0.00475639,0.00319481,0.00233506,0.00193495,0.00160472
6377,5.054523,6.275686999999998,0.85922,0.0645283,0.0055467,0.00230241,0.00154656,0.00113037,0.000936684,0.000776824
6378,5.944766,4.976447999999996,0.85933,0.0512342,0.00436181,0.00181094,0.00121644,0.000889085,0.000736741,0.000611004
6379,6.059271,5.706288000000005,0.85971,0.0543433,0.00463151,0.00192265,0.00129147,0.00094393,0.000782188,0.000648695
6380,6.053110000000001,5.7022520000000005,0.85971,0.0604072,0.00617473,0.00294573,0.00197651,0.00138479,0.00110329,0.000874932
6381,6.056189,5.710728999999995,0.85971,0.362574,0.0311363,0.0129291,0.00868467,0.00634757,0.00525992,0.00436223
6384,5.200725,6.539509999999996,0.86011,0.0728571,0.00628501,0.00256013,0.00171873,0.00125616,0.00104091,0.000863265
6385,5.054849,6.860933999999997,0.86027,0.0581669,0.00541292,0.00212127,0.00139315,0.00100829,0.000832897,0.000689532
6386,5.054862,6.860965999999996,0.86027,0.32023,0.0250747,0.00925797,0.00616238,0.0044968,0.00372531,0.00308925
6387,5.860745,5.399870999999994,0.86051,0.0521445,0.00422423,0.00175402,0.0011782,0.000861138,0.000713582,0.000591798
6388,5.368602,6.027875000000001,0.8609,0.117078,0.0095382,0.00393968,0.00264618,0.00193407,0.00160267,0.00132914
6393,7.017663,5.6468699999999945,0.8617,0.426992,0.0367331,0.0151974,0.0102072,0.00746032,0.00618199,0.00512694
6394,7.022679000000001,5.631398,0.8617,0.0561586,0.00587981,0.00282856,0.00187702,0.00129792,0.00102616,0.000808792
6398,6.878642,6.952697000000003,0.86205,0.557164,0.0478253,0.0198359,0.013324,0.00973844,0.00806976,0.00669253
6399,6.877900000000001,6.954074000000003,0.86205,0.0702474,0.00634784,0.00254879,0.00169178,0.00123172,0.00101974,0.000845376
6400,6.880926,6.95296,0.86205,0.417086,0.0357814,0.0148579,0.00998024,0.00729449,0.00604459,0.00501298
6404,5.318781,6.233224999999998,0.86266,0.082222,0.00698786,0.00290151,0.00194898,0.0014245,0.00118041,0.000978956
6405,4.824125,5.149245000000002,0.86293,0.0779097,0.00684749,0.00277176,0.00185552,0.0013552,0.00112285,0.000931173
6406,4.822221,5.160986999999994,0.86293,0.0606311,0.0053614,0.00222317,0.00147803,0.00107228,0.000885737,0.000733027
6407,4.821814,5.156061000000007,0.86293,1.84543,0.151589,0.0629265,0.0422686,0.0308939,0.0256002,0.0212311
6408,7.1643669999999995,5.652576,0.86297,0.0632252,0.00470735,0.00195361,0.00131227,0.000959127,0.000794781,0.000659139
6409,7.161577,5.647593999999995,0.86297,0.0792758,0.00724116,0.00291876,0.00192521,0.00139338,0.00115039,0.000951855
6411,6.762882,5.3180239999999985,0.86314,0.0899883,0.00616551,0.0025002,0.00167925,0.00122735,0.00101705,0.000843472
6412,5.820009,6.107680000000001,0.86315,0.0630876,0.00542214,0.00225079,0.00151189,0.00110503,0.000915682,0.000759406
6415,5.156124,5.3113439999999965,0.8634,0.0549291,0.0454281,0.0276333,0.0144378,0.00697698,0.00414119,0.00234953
6416,5.42545,6.027219000000002,0.86343,0.150444,0.0123623,0.00513316,0.00344801,0.00252013,0.00208831,0.0017319
6417,5.973276,6.152028000000003,0.86343,0.0956951,0.0076854,0.00304369,0.00203846,0.0014892,0.00123394,0.00102333
6418,5.971337,6.146307000000002,0.86343,0.058825,0.00504834,0.00209498,0.00140723,0.00102853,0.000852294,0.000706836
6419,5.973575,6.150925000000005,0.86343,2.0187,0.174094,0.0711674,0.0477882,0.0349274,0.0289426,0.0240031
6420,5.396703,6.114367000000005,0.8635,0.11039,0.00950518,0.00394675,0.00265109,0.00193766,0.00160565,0.00133162
6421,5.397223,6.113459000000002,0.8635,0.111998,0.0100459,0.00397712,0.00266135,0.00194421,0.00161099,0.00133603
6424,6.658891,7.059131000000005,0.86449,0.0701598,0.00602452,0.00250065,0.00167972,0.00122769,0.00101733,0.000843706
6425,6.659473,7.050968000000005,0.86449,139.867,9.63374,2.02077,1.32665,0.968102,0.802135,0.665226
6426,6.985036000000001,7.071692000000004,0.86457,0.0681602,0.00577123,0.00239565,0.00160919,0.00117615,0.000974616,0.000808282
6427,6.976224,7.071979999999997,0.86457,0.0625641,0.00538947,0.00223217,0.00149932,0.00109584,0.000908068,0.000753091
6428,7.117087,6.695763000000005,0.86465,0.0686656,0.00650751,0.00319554,0.00227729,0.00168223,0.00137612,0.00111101
6429,6.675007,6.955972000000001,0.8647,1.49253,0.200067,0.0593957,0.0354299,0.024878,0.0204184,0.0168634
6430,5.221284,5.137700000000001,0.86471,0.0801098,0.00686002,0.00284848,0.00191337,0.00139847,0.00115884,0.000961066
6431,6.852384,7.1789500000000075,0.86488,0.202249,0.0169042,0.00700509,0.00470537,0.00343912,0.00284983,0.00236346
6432,6.85209,7.181871000000005,0.86488,0.0539721,0.00832686,0.00247887,0.00138894,0.000945648,0.00076965,0.000633275
6433,6.861268,7.174975999999993,0.86488,0.222176,0.0192849,0.00795063,0.00533262,0.00389604,0.00322819,0.00267716
6434,6.854578,7.181047999999995,0.86488,1.2575,0.106343,0.043991,0.0295485,0.0215968,0.0178962,0.0148419
6435,6.315399,6.053227999999995,0.86488,0.0520626,0.00449549,0.00185414,0.00124521,0.000910103,0.000754157,0.000625448
6436,5.627596,6.0188509999999935,0.86523,0.0552794,0.00406815,0.00168836,0.0011341,0.000828904,0.000686872,0.000569646
6437,4.980759,4.986054000000003,0.86605,0.0612546,0.00520867,0.00216154,0.00145193,0.00106121,0.000879372,0.000729293
6440,7.021507,6.455292999999994,0.86624,0.0714485,0.00630048,0.00254587,0.0017029,0.00124342,0.00103017,0.000854301
6441,7.025089000000001,6.465801000000004,0.86624,0.0657437,0.00563347,0.00233764,0.00157022,0.00114766,0.000951012,0.000788706
6442,7.019141,6.467887999999999,0.86624,0.349274,0.0300035,0.0124437,0.00835853,0.00610919,0.00506238,0.0041984
6446,5.791458,5.357160999999993,0.86685,0.0796652,0.00612478,0.00254232,0.00170771,0.00124815,0.00103428,0.000857766
6447,5.254794,6.766241999999999,0.86715,0.18857,0.0153133,0.00635524,0.0042689,0.00312011,0.00258548,0.00214423
6448,5.251866,6.766388999999995,0.86715,0.347956,0.0296404,0.0123031,0.00826415,0.00604021,0.00500522,0.004151
6449,5.26194,6.774111999999999,0.86715,0.054381,0.00466229,0.00193595,0.0013004,0.000950457,0.000787597,0.000653181
6451,6.976049,6.9707120000000025,0.86796,0.060418,0.00458293,0.00188442,0.00126547,0.000924903,0.000766419,0.000635617
6452,6.982678,6.974004999999996,0.86796,0.0640228,0.0305781,0.0123985,0.00584887,0.00283734,0.00179143,0.00114646
6453,6.028649,5.963798000000003,0.86815,0.439882,0.0397821,0.0153348,0.0102553,0.00749178,0.00620777,0.00514825
6454,6.023321,5.968355999999998,0.86815,0.0522222,0.00448989,0.00186436,0.00125232,0.000915309,0.000758472,0.000629026
6455,6.021763,5.963277999999995,0.86815,0.162045,0.016098,0.00747371,0.00496605,0.00347415,0.00277671,0.00221627
6456,5.978582,5.9216640000000025,0.86843,0.109383,0.00800444,0.00330895,0.00222265,0.00162452,0.00134616,0.00111642
6457,5.972366,5.922582999999998,0.86843,1.65794,0.142635,0.0592193,0.0397784,0.0290738,0.024092,0.0199803
6458,5.329575,5.189877000000005,0.86871,0.126631,0.0109059,0.00452365,0.00303855,0.00222085,0.00184031,0.00152623
6460,6.095621,6.321015999999998,0.86919,0.0520269,0.00427576,0.00176172,0.00118315,0.000864745,0.00071657,0.000594276
6461,6.097074,6.323418000000005,0.86919,0.0863632,0.00730765,0.00303167,0.0020364,0.00148839,0.00123336,0.00102287
6462,6.097006,6.320039000000003,0.86919,0.0539159,0.00462219,0.00191893,0.00128897,0.0009421,0.000780672,0.000647438
6467,5.941556,5.262832000000006,0.86942,0.0595289,0.00511051,0.0021212,0.00142483,0.0010414,0.000862954,0.000715677
6471,7.145205,6.512054999999998,0.87007,0.072406,0.00597431,0.00215337,0.00143048,0.00104359,0.000864528,0.000716919
6472,7.143566,6.518386000000007,0.87007,0.0511725,0.00437946,0.0018106,0.00121606,0.000888801,0.000736505,0.000610808
6473,7.143187,6.5149949999999945,0.87007,1.17971,0.0974088,0.0404076,0.0271422,0.019838,0.0164388,0.0136332
6474,5.872939,5.1888829999999935,0.87011,0.0969124,0.00833262,0.00345292,0.00231933,0.00169518,0.00140471,0.00116497
6475,7.118618,6.407116999999995,0.87026,0.180532,0.0153711,0.00637736,0.00428368,0.00313091,0.00259443,0.00215165
6476,7.116897,6.407203999999996,0.87026,3.24734,0.276103,0.114074,0.0766178,0.0559991,0.0464036,0.0384841
6478,4.955282,6.212908000000006,0.87096,0.0762766,0.0070263,0.00282625,0.00185715,0.0013435,0.00110972,0.000918767
6479,4.962358000000001,6.217049999999997,0.87096,0.0639287,0.00564257,0.00230144,0.00153742,0.00112192,0.000929381,0.000770671
6480,7.116148,6.8237410000000045,0.87117,0.328595,0.0302475,0.0125858,0.00827326,0.00593193,0.0048675,0.00400598
6484,4.959416,5.723106999999996,0.87157,0.114827,0.00926872,0.0038448,0.00258261,0.00188761,0.00156417,0.00129722
6485,4.957485,5.725629999999998,0.87157,1.28921,0.10754,0.0441267,0.0296327,0.021658,0.0179469,0.0148839
6486,5.468468,5.889325999999997,0.87168,0.0702461,0.00603064,0.00250402,0.00168198,0.00122935,0.0010187,0.000844845
6487,5.473439,5.887439000000003,0.87168,0.083126,0.00680917,0.00279131,0.00187479,0.00137027,0.00113547,0.000941687
6489,5.334441,5.5273200000000005,0.87173,0.0509895,0.0039746,0.00161458,0.00108377,0.000792055,0.000656331,0.000544317
6490,5.338893,5.525748999999997,0.87173,0.967644,0.0828309,0.0343918,0.0231015,0.0168847,0.0139915,0.0116037
6491,7.119774,6.613934999999996,0.87183,0.0525108,0.00455025,0.00187828,0.00126078,0.000921389,0.000763498,0.000633192
6493,6.091104,5.475309000000004,0.8719,0.109341,0.00919933,0.00381977,0.00256579,0.00187532,0.00155399,0.00128877
6494,6.082162,5.4825800000000005,0.8719,0.0665398,0.00569823,0.00236602,0.00158929,0.0011616,0.000962562,0.000798286
6495,6.077641,5.482916000000007,0.8719,0.0516471,0.00444581,0.00184511,0.00123938,0.000905852,0.000750635,0.000622527
6496,7.078668,6.249076000000003,0.87211,0.0732275,0.00612563,0.00253982,0.00170601,0.00124691,0.00103325,0.000856909
6499,6.406292,6.214897999999999,0.87233,0.0570494,0.00491338,0.00204013,0.00137039,0.00100161,0.000829981,0.000688331
6500,6.09126,4.816902999999999,0.87248,0.0528718,0.00554553,0.0020309,0.00129085,0.000924446,0.00076206,0.000630511
6501,5.432544,5.374552999999997,0.87248,0.0629188,0.00473489,0.00194086,0.00130334,0.000952581,0.000789355,0.000654639
6502,5.429572,5.371867,0.87248,0.0591076,0.00502552,0.00208446,0.00140016,0.00102336,0.000848012,0.000703285
6503,5.424577,5.378776999999995,0.87248,0.101989,0.114062,0.108102,0.0780043,0.050933,0.0364529,0.0245531
6504,5.380974,5.366829000000003,0.87251,0.253732,0.021791,0.00904173,0.00607343,0.00443903,0.00367841,0.00305063
6508,7.027545,5.929116999999994,0.87263,0.0532308,0.00433281,0.00179671,0.00120687,0.000882096,0.00073095,0.000606201
6512,5.624237,5.673791000000007,0.87324,0.0911395,0.00776894,0.00322578,0.0021668,0.0015837,0.00131233,0.00108836
6513,5.62741,5.686494999999998,0.87324,0.0650771,0.00560024,0.00232513,0.00156182,0.00114152,0.000945924,0.000784487
6514,7.122147,5.7773939999999975,0.87352,0.0996179,0.00832487,0.00345608,0.0023215,0.00169677,0.00140603,0.00116607
6515,7.123841,5.766263999999996,0.87352,0.379677,0.44861,0.65141,0.611684,0.507002,0.424007,0.336348
6516,5.535315,5.870692999999996,0.87352,0.101914,0.00542817,0.00203457,0.00136471,0.000997377,0.000826474,0.000685422
6518,5.437409,5.701821000000001,0.8738,0.0579906,0.0048854,0.0020285,0.00136257,0.000995895,0.000825249,0.000684407
6519,5.440971,5.693550999999998,0.8738,0.0777402,0.00645779,0.00259986,0.00174445,0.00127487,0.00105641,0.000876115
6520,5.435579,5.704028,0.8738,2.07291,0.178255,0.0739938,0.0497026,0.0363273,0.0301026,0.0249651
6521,4.939268,5.6880950000000015,0.8738,0.0777519,0.00671553,0.00277743,0.00186512,0.00136315,0.00112957,0.000936792
6522,4.93275,5.683812,0.8738,0.0684628,0.00711927,0.0028719,0.00179588,0.0012506,0.00101628,0.000832476
6527,7.037049,5.855911999999997,0.87394,0.0781931,0.00567672,0.00235383,0.0015811,0.00115561,0.0009576,0.00079417
6529,7.160042,6.162940999999999,0.87424,0.220547,0.0182499,0.0073354,0.00491969,0.00359507,0.00297899,0.00247056
6536,4.895598,5.081150999999998,0.87448,0.0573457,0.00488955,0.00202733,0.00136172,0.000995266,0.000824727,0.000683974
6537,5.899414,4.813220000000003,0.87463,0.0781738,0.00660302,0.00266297,0.00178581,0.00130493,0.0010813,0.000896753
6540,5.442206,5.808889000000004,0.87508,0.0930542,0.0123831,0.00547764,0.00333111,0.00216456,0.00166588,0.00129134
6541,5.455915,5.8069710000000025,0.87508,0.0834919,0.00639761,0.00265631,0.00178428,0.00130412,0.00108066,0.000896227
6542,5.451883,5.810997999999997,0.87508,0.161276,0.0220885,0.0112219,0.0069622,0.00443201,0.00332347,0.00249677
6543,5.439105,5.817103999999993,0.87508,0.196402,0.0172171,0.00709302,0.00473812,0.00345175,0.00285651,0.00236689
6544,5.052311,6.426309000000005,0.8753,0.398843,0.0342814,0.0140921,0.00946432,0.00691735,0.00573206,0.00475379
6548,5.331313,5.681918999999995,0.87572,0.193494,0.016638,0.00690263,0.00463646,0.00338875,0.00280809,0.00232884
6552,5.001141,6.484546000000003,0.87619,0.609981,0.0522321,0.0216889,0.0145687,0.0106482,0.00882362,0.00731773
6557,6.736165,6.470193999999996,0.87739,0.641297,0.0551608,0.022885,0.0153714,0.0112348,0.00930971,0.00772086
6558,6.725001,6.455289999999994,0.87739,0.0535575,0.00452198,0.00187685,0.00126071,0.000921442,0.000763553,0.000633241
6559,6.870053000000001,6.4644520000000005,0.87789,0.219978,0.0188247,0.00781305,0.00524813,0.00383582,0.00317856,0.00263608
6560,5.343883,4.988417999999999,0.8781,0.492477,0.0407007,0.0168052,0.0112861,0.00824871,0.00683528,0.00566872
6561,4.911908,6.553723000000001,0.87825,0.0688525,0.00615213,0.00240262,0.00160968,0.00117624,0.000974674,0.000808327
6562,5.297451,4.872466999999999,0.87835,0.0654156,0.00553035,0.00229636,0.0015425,0.0011274,0.000934224,0.000774784
6568,6.293108,6.246543,0.87906,0.208816,0.124672,0.172642,0.161718,0.134231,0.112477,0.0894737
6571,5.468254,6.7157449999999965,0.87925,0.118316,0.010048,0.00417215,0.00280249,0.00204832,0.00169735,0.00140767
6572,4.808657,5.935033000000003,0.87977,0.214414,0.0184231,0.00760962,0.00511117,0.00373571,0.0030956,0.00256728
6573,5.5025,5.751421999999998,0.88024,0.0648051,0.00500872,0.00205543,0.00138032,0.00100884,0.000835978,0.000693305
6574,5.509508,5.745506999999994,0.88024,0.146935,0.0124993,0.00518567,0.00348322,0.00254586,0.00210963,0.00174959
6575,5.254197,6.191497,0.88031,3.04674,0.123168,0.0506212,0.0340027,0.0248523,0.0205939,0.0170792
6579,6.659512,5.7949029999999935,0.88053,0.0520795,0.00448509,0.00186233,0.00125095,0.000914313,0.000757646,0.000628342
6580,6.664432,5.804249999999994,0.88053,0.0531201,0.00458401,0.00189804,0.0012746,0.000931551,0.000771926,0.000640183
6581,6.658212,5.811985000000007,0.88053,0.0483889,0.0553381,0.0496396,0.0355079,0.0232607,0.0167612,0.0114097
6583,4.9277,5.9659020000000025,0.88073,0.0394089,0.0227017,0.05394,0.06905,0.0751554,0.0748524,0.0712484
6584,4.918559,5.954129000000003,0.88073,6.54527,0.507371,0.21031,0.141268,0.103252,0.0855598,0.0709577
6585,4.930558000000001,6.717652000000005,0.88096,0.0694378,0.00597137,0.00247956,0.00166555,0.00121734,0.00100875,0.000836592
6586,4.929439,6.719572000000001,0.88096,0.0418192,0.0490194,0.119851,0.147593,0.153315,0.147503,0.134972
6587,4.925369,6.725618999999994,0.88096,0.0653132,0.00547839,0.00227457,0.00152786,0.00111671,0.000925359,0.000767431
6588,5.217248,5.922993999999995,0.88099,0.0764742,0.00604581,0.00247994,0.0016654,0.0012172,0.00100863,0.000836494
6589,6.623229,5.848829000000006,0.88122,0.107303,0.0121832,0.00466663,0.00286613,0.00197019,0.00158935,0.00129362
6591,5.118091,6.746361,0.88133,0.0636274,0.00553661,0.0022664,0.00151929,0.00110993,0.00091966,0.00076268
6592,5.115665,6.747874000000003,0.88133,1.62472,0.153656,0.0624472,0.0404941,0.0289652,0.023807,0.0196464
6593,6.670246,5.561814999999998,0.88147,0.0585023,0.00503165,0.00208518,0.00140053,0.00102363,0.000848227,0.000703463
6595,6.641182,5.510069000000007,0.88185,0.0625678,0.00525828,0.00218175,0.0014655,0.00107112,0.000887586,0.000736105
6596,4.994647,5.727935000000002,0.88188,0.0766499,0.0167473,0.00375549,0.00180941,0.00112873,0.000890902,0.000720558
6597,4.993051,5.728575000000001,0.88188,0.050023,0.00427548,0.00177518,0.00119241,0.000871528,0.000722192,0.000598938
6598,4.995598,5.730719999999997,0.88188,0.0809777,0.0069511,0.00288297,0.00193651,0.00141539,0.00117286,0.000972692
6599,4.994133,5.726632000000003,0.88188,0.0616912,0.00517307,0.0021462,0.00144163,0.00105368,0.000873129,0.000724116
6600,5.001740000000001,5.719308,0.88188,0.0978898,0.00864787,0.00350168,0.00234388,0.00171199,0.0014185,0.00117637
6602,5.091374,5.8738280000000005,0.88201,0.101958,0.00875418,0.00363022,0.00243837,0.00178218,0.0014768,0.00122476
6603,5.092524,5.870232000000005,0.88201,0.0659244,0.00560056,0.00232544,0.00156203,0.00114168,0.000946051,0.000784592
6604,4.924478,5.670299999999994,0.88207,0.569072,0.0488852,0.0201743,0.0135474,0.00990136,0.00820473,0.00680446
6605,4.925064,5.668371,0.88207,0.117387,0.0100202,0.0041598,0.0027942,0.00204226,0.00169232,0.0014035
6606,4.886842,5.610125999999997,0.88211,0.0843574,0.00708293,0.00294069,0.0019753,0.00144374,0.00119635,0.000992175
6607,4.833815000000001,4.875734000000004,0.88296,0.398899,0.06262,0.0201855,0.0110866,0.00724097,0.00576673,0.0046749
6608,4.83395,4.8752889999999995,0.88296,0.0659074,0.00595013,0.00236368,0.00157716,0.00115128,0.000953825,0.000790994
6609,4.838836,4.883910999999996,0.88296,0.0709873,0.00683904,0.00268422,0.00174091,0.00124997,0.0010294,0.000850631
6612,7.13409,6.408480999999995,0.88314,0.113773,0.0138042,0.00616155,0.00376335,0.00246718,0.00191757,0.00150595
6614,7.067414,6.441071000000004,0.88344,0.0951401,0.00790667,0.00327848,0.00220218,0.00160956,0.00133376,0.00110613
6615,7.064403,6.439675999999998,0.88344,0.0637691,0.0054464,0.00226137,0.00151899,0.00111022,0.000919987,0.000762976
6617,6.730096,5.354914000000001,0.88389,0.0579111,0.00545004,0.00209493,0.00138317,0.00100641,0.000833217,0.000690779
6618,6.730196,5.3443329999999944,0.88389,0.0568933,0.00484999,0.00201319,0.00135229,0.000988379,0.000819021,0.000679242
6619,6.730974,5.346362000000002,0.88389,0.0823702,0.00844135,0.00348113,0.00219144,0.00152339,0.0012344,0.0010081
6620,6.501552,5.436715999999997,0.88394,0.0679151,0.00569618,0.00236412,0.00158801,0.00116066,0.000961786,0.000797641
6622,5.297257,6.822345000000006,0.88455,0.056359,0.00475835,0.00197585,0.00132721,0.000970046,0.00080383,0.000666643
6623,4.814613,6.955574999999996,0.8846,0.187377,0.0160207,0.00665245,0.00446855,0.00326603,0.0027064,0.00224451
6626,5.269960000000001,6.8127539999999955,0.88502,0.122957,0.0105756,0.00438135,0.00294275,0.00215082,0.00178228,0.0014781
6628,6.005965,5.613140999999997,0.88535,1.27765,0.156988,0.119527,0.0985449,0.0763879,0.0621183,0.0484389
6629,7.182572,6.181038000000005,0.88566,0.0527908,0.00422477,0.00175229,0.00117704,0.000860289,0.000712879,0.000591215
6630,7.188871,6.181463000000006,0.88566,0.177994,0.0153754,0.00633335,0.00425321,0.0031086,0.00257594,0.00213631
6634,5.370027,7.041769000000005,0.886,0.053565,0.00446206,0.00185235,0.00124425,0.000909414,0.000753587,0.000624975
6635,5.367384,7.042400999999997,0.886,0.0545672,0.00465309,0.00193051,0.00129674,0.00094778,0.000785379,0.000651341
6636,5.36779,7.042921999999996,0.886,8.87951,0.730624,0.297043,0.199466,0.145786,0.120806,0.100188
6637,5.162819,6.594564999999994,0.88601,0.0884573,0.00854407,0.00321428,0.00211679,0.00154044,0.00127556,0.00105762
6638,5.159905,6.593629999999999,0.88601,0.295567,0.0246209,0.0102204,0.00686518,0.00501772,0.00415794,0.00344832
6642,5.070585,5.372917999999996,0.88699,0.18617,0.0150106,0.00621067,0.00417177,0.00304912,0.00252665,0.00209544
6643,5.539657,6.941577000000002,0.88721,0.195298,0.0167137,0.00693861,0.00466076,0.00340652,0.00282282,0.00234106
6644,5.544166,6.942725,0.88721,0.0827471,0.00695434,0.00285757,0.0019193,0.0014028,0.00116243,0.000964041
6648,5.094294,5.357861,0.88734,0.0629654,0.0053636,0.00222692,0.00149586,0.00109331,0.000905974,0.000751355
6654,5.494565,6.937342,0.88779,0.0513979,0.00435753,0.00179243,0.00120354,0.000879618,0.000728892,0.000604494
6655,5.498135,6.938144999999994,0.88779,0.0509254,0.00557965,0.00194185,0.00123296,0.000886956,0.000732632,0.000606871
6656,5.503679,6.934860999999999,0.88779,0.0819794,0.00674228,0.00279929,0.00188032,0.00137432,0.00113883,0.000944469
6658,7.181149,5.976131999999995,0.88817,0.0547888,0.00438844,0.00182125,0.00122336,0.000894144,0.000740933,0.000614481
6663,6.825773,7.032699000000006,0.88913,0.11366,0.00990131,0.0040787,0.00273228,0.00199528,0.00165307,0.00137083
6675,6.883571,6.660731999999999,0.89003,0.134869,0.0136516,0.00557376,0.00353791,0.00247699,0.0020129,0.00164655
6676,5.244382,6.788377999999996,0.89008,0.0928509,0.00798236,0.00331235,0.00222489,0.00162615,0.00134751,0.00111753
6677,5.249467,6.795449000000004,0.89008,0.0738299,0.00623216,0.00258754,0.00173809,0.00127036,0.00105268,0.000873026
6678,5.239275,6.7872210000000015,0.89008,0.137506,0.0114409,0.00474973,0.00319046,0.00233189,0.00193232,0.00160254
6679,5.247046,6.788171999999996,0.89008,0.269557,0.0228424,0.0094548,0.00635051,0.00464153,0.0038462,0.00318979
6680,6.885684,5.197480999999996,0.89008,0.0589664,0.00503344,0.00208871,0.00140301,0.00102545,0.000849741,0.000704719
6682,6.879569,7.152108000000003,0.89036,0.19353,0.0169148,0.00695261,0.00465162,0.00339412,0.00281107,0.00233065
6684,4.892767,5.330960999999995,0.89102,0.0533606,0.00453938,0.00188372,0.00126532,0.000924815,0.000766348,0.000635559
6685,7.161556,5.800915,0.89106,0.0865937,0.00743701,0.00308816,0.00207436,0.00151614,0.00125635,0.00104193
6687,4.858246,6.8704519999999984,0.89191,0.0801828,0.010481,0.00404957,0.0023417,0.00153854,0.00121923,0.0009823
6688,5.28441,6.822525000000005,0.89244,0.227912,0.0180763,0.00680614,0.00454861,0.00332238,0.00275288,0.00228301
6689,5.153931,5.427638999999996,0.89252,0.09029,0.00778311,0.00321898,0.00216202,0.0015802,0.00130943,0.00108595
6690,5.659007,7.132025999999998,0.89262,0.136988,0.0125236,0.00534141,0.00353497,0.00253033,0.00206923,0.00169584
6696,5.220706000000001,5.4345010000000045,0.89317,0.119789,0.0104577,0.00418228,0.00280489,0.00204977,0.00169852,0.00140864
6697,6.822633,7.048001000000003,0.89328,0.0530598,0.00468316,0.00189555,0.00126963,0.000927526,0.000768547,0.000637371
6698,6.826215,7.056959000000004,0.89328,0.0636993,0.00542935,0.0022545,0.00151438,0.00110685,0.000917191,0.000760657
6699,5.67046,7.133353999999994,0.89363,0.0573381,0.0051352,0.0020037,0.00133018,0.000968838,0.000802158,0.000665005
6700,5.672314,7.133077999999997,0.89363,0.303492,0.0260486,0.0108164,0.00726552,0.00531032,0.0044004,0.0036494
6701,5.670991,7.132921,0.89363,0.0689756,0.00554015,0.00230048,0.00154526,0.00112942,0.000935897,0.000776171
6702,5.683255,7.134268999999999,0.89363,0.172917,0.0148187,0.00613842,0.0041229,0.00301337,0.00249703,0.00207087
6703,6.932981,5.249986,0.89389,0.168959,0.0145504,0.00603256,0.00405209,0.00296164,0.00245417,0.00203532
6710,5.446351,5.023839999999999,0.89661,0.0985708,0.00819647,0.00339963,0.00228358,0.00166905,0.00138306,0.00114702
6711,5.436565,5.028445000000001,0.89661,0.42153,0.0307588,0.0115471,0.00774137,0.00565743,0.004688,0.00388791
6712,5.421998,5.027332999999994,0.89661,0.135844,0.0116791,0.00484967,0.00325759,0.00238095,0.00197298,0.00163626
6717,6.502798,6.349082999999999,0.8978,0.105416,0.00906687,0.0037637,0.00252812,0.00184779,0.00153117,0.00126985
6718,6.674893,6.905676999999995,0.89813,0.0742275,0.00631499,0.0026221,0.0017613,0.00128733,0.00106674,0.000884686
6721,7.022975,6.9604079999999975,0.89943,0.0518552,0.00445667,0.00185046,0.00124298,0.000908488,0.000752819,0.000624338
6722,5.609501,4.958039000000004,0.90001,0.0605052,0.00519422,0.00215573,0.00144803,0.00105836,0.000877008,0.000727333
6723,5.606814,4.939732000000007,0.90001,0.0674878,0.00610709,0.00249063,0.00164443,0.00119077,0.000983506,0.000814105
6726,7.182301000000001,6.844407999999994,0.9006,0.0582209,0.0048957,0.00202793,0.00136218,0.000995611,0.000825013,0.000684211
6729,5.762788,5.104322000000004,0.90256,0.106437,0.00898689,0.00373171,0.00250664,0.00183209,0.00151816,0.00125906
6730,5.75351,5.103317,0.90256,0.0509078,0.00414623,0.00172115,0.00115612,0.000844999,0.000700209,0.000580707
6731,5.767525,5.109531999999994,0.90256,0.08474,0.00709256,0.00294453,0.00197788,0.00144562,0.00119791,0.000993471
6732,6.956785,5.398613999999998,0.90294,0.35687,0.0304702,0.012649,0.00849654,0.00621006,0.00514597,0.00426773
6733,6.95,5.406398000000001,0.90294,0.0866167,0.0074305,0.00308334,0.00207111,0.00151376,0.00125438,0.0010403
6734,6.559697,6.598796999999998,0.90327,0.052639,0.00453818,0.00187394,0.00125776,0.0009191,0.000761577,0.000631589
6735,6.558066,6.611524000000005,0.90327,0.258833,0.0222517,0.00921651,0.00619056,0.00452463,0.00374934,0.00310945
6738,5.982862,7.022538999999997,0.90366,0.0898758,0.00814703,0.00322292,0.00214883,0.00156827,0.00129926,0.00107744
6739,5.982747,7.021022000000004,0.90366,0.0575815,0.0049524,0.0020221,0.00135715,0.000991834,0.000821875,0.000681607
6742,6.940428000000001,5.102530999999996,0.90429,0.0765551,0.00670093,0.00275338,0.00184074,0.00134235,0.00111148,0.000921356
6743,6.927433,5.106231999999999,0.90429,0.0628486,0.0054209,0.00223191,0.00149901,0.00109561,0.000907875,0.000752932
6748,7.191335999999999,5.3607649999999945,0.9047,0.0626815,0.00574447,0.00230945,0.00152124,0.00110271,0.000911615,0.00075516
6749,6.989908,5.776611999999997,0.9047,0.107437,0.00921508,0.00382042,0.00256613,0.00187556,0.00155419,0.00128894
6750,6.984506,5.7785419999999945,0.9047,0.135787,0.0117034,0.00485044,0.00325789,0.00238116,0.00197315,0.0016364
6760,6.870627,6.593490000000005,0.90633,0.404092,0.0346802,0.0143992,0.00967213,0.00706929,0.00585797,0.00485822
6761,6.811624,5.003059000000004,0.90658,0.101808,0.0178031,0.00512648,0.00271368,0.00175131,0.00139192,0.00112805
6762,6.808335,4.996402000000004,0.90658,1.47116,0.12649,0.0525156,0.0352754,0.0257826,0.0213648,0.0177185
6763,4.9167000000000005,5.916941999999995,0.9066,0.0511298,0.00415353,0.00163017,0.00109412,0.000799651,0.00066263,0.000549542
6764,4.915172,5.911761000000006,0.9066,0.0725993,0.0062347,0.00258887,0.00173898,0.00127101,0.00105322,0.000873472
6768,5.273123,4.883067999999995,0.90687,0.844542,0.0723303,0.0300289,0.0201708,0.0147427,0.0122166,0.0101316
6769,5.282088,4.895558999999998,0.90687,0.135986,0.0116329,0.00482793,0.00324296,0.00237025,0.00196411,0.0016289
6770,7.171806,5.157270000000004,0.90703,0.205858,0.0166423,0.00673846,0.00452454,0.00330688,0.00274024,0.00227258
6771,7.1644890000000006,5.162882000000006,0.90703,0.190237,0.0166983,0.00674221,0.00451721,0.00330024,0.00273459,0.00226785
6772,6.924355,6.264913999999996,0.90706,0.550747,0.0427301,0.0177427,0.011918,0.00871081,0.00721822,0.00598631
6773,7.187804,7.060926999999995,0.90791,0.111127,0.0101939,0.00405268,0.00267088,0.00193431,0.00159773,0.00132248
6775,5.731029,5.096574000000004,0.9087,0.0810014,0.00702309,0.00286813,0.00192499,0.00140684,0.00116577,0.000966811
6776,5.731391,5.095254000000001,0.9087,0.0751701,0.00631532,0.00260398,0.00174863,0.00127802,0.00105903,0.000878287
6777,5.734195,5.096600000000005,0.9087,0.0522181,0.00445354,0.00184923,0.00124215,0.00090788,0.000752315,0.000623921
6778,7.185255,5.064942999999994,0.90882,0.176058,0.0143108,0.00592558,0.00398016,0.00290906,0.0024106,0.00199919
6779,7.178086,5.070032999999993,0.90882,0.0603458,0.00517664,0.00214946,0.00144383,0.00105528,0.000874461,0.00072522
6780,5.312181,4.906749999999999,0.90885,0.0876796,0.00730436,0.0030326,0.00203704,0.00148886,0.00123374,0.00102319
6781,6.415605,6.410935000000003,0.90886,0.05243,0.00449608,0.00186158,0.00125034,0.000913855,0.000757266,0.000628026
6782,6.411654,6.415025000000005,0.90886,0.0577716,0.00462795,0.00191873,0.00128884,0.000942001,0.00078059,0.00064737
6783,6.432811,6.404131999999999,0.90886,0.0793549,0.00680159,0.00282241,0.00189585,0.00138566,0.00114823,0.000952266
6784,6.421252,6.411173999999994,0.90886,0.0774021,0.00649522,0.00247524,0.00165328,0.00120735,0.00100036,0.000829605
6788,5.74206,7.014690999999996,0.90938,0.0862475,0.00722679,0.00300078,0.00201567,0.00147324,0.0012208,0.00101245
6790,7.1895940000000005,5.251349999999999,0.91041,0.054356,0.00673917,0.00654963,0.00668937,0.0063434,0.00587496,0.00522869
6791,7.189296000000001,5.250592999999995,0.91041,0.38815,0.0337126,0.0138826,0.00931533,0.00680725,0.00564069,0.00467798
6793,6.73133,7.130268999999997,0.91071,0.112982,0.00817972,0.00339554,0.00228083,0.00166704,0.0013814,0.00114564
6795,7.005967000000001,6.765239000000003,0.91102,0.0959573,0.00824336,0.00342253,0.00229896,0.00168029,0.00139238,0.00115475
6796,7.006193,6.764648999999998,0.91102,0.0570276,0.00485914,0.00201649,0.0013545,0.000989998,0.000820362,0.000680354
6801,6.800524,6.974286,0.91297,0.0522248,0.0053145,0.00206899,0.00131027,0.000929523,0.000762835,0.000629362
6802,6.792122,6.969965,0.91297,0.100761,0.00853451,0.00353289,0.00237306,0.00173445,0.00143725,0.00119196
6803,4.805643,4.894386999999995,0.91327,0.0559916,0.00652266,0.00206107,0.00129397,0.000928095,0.000766026,0.000634292
6805,4.803811,4.894573000000005,0.91327,0.0554078,0.0047552,0.00197449,0.0013263,0.000969381,0.000803278,0.000666186
6806,7.073603,5.630308000000002,0.91354,0.321471,0.0271835,0.0112718,0.00757139,0.00553388,0.00458565,0.00380304
6807,6.137484,6.519472,0.91356,0.262984,0.0408233,0.0196091,0.0114743,0.00701167,0.00517914,0.00387051
6808,6.133748,6.517877000000004,0.91356,0.0914937,0.00785206,0.00326051,0.00219013,0.00160075,0.00132647,0.00110008
6809,4.946763,6.915727000000002,0.91375,2.45345,0.210133,0.0866163,0.0581615,0.0425081,0.0352242,0.0292126
6810,5.838832,6.9089489999999945,0.91384,0.119443,0.0104278,0.00427857,0.00286599,0.00209303,0.00173408,0.00143802
6811,5.8438490000000005,6.907108999999997,0.91384,0.119768,0.0103896,0.00424839,0.00285171,0.00208415,0.00172702,0.00143228
6816,7.053503,6.816496999999999,0.91521,0.0690914,0.00606814,0.00243603,0.00162876,0.00118915,0.000985182,0.000816976
6817,5.903804000000001,6.578754999999998,0.91563,0.105648,0.00900718,0.00371094,0.00249258,0.00182181,0.00150964,0.001252
6818,5.906505,6.567579000000006,0.91563,0.0995501,0.008535,0.00354287,0.00237979,0.00173937,0.00144133,0.00119534
6819,7.185033,7.125995999999996,0.91607,0.0529669,0.00441621,0.00181319,0.0012178,0.000890075,0.000737561,0.000611684
6820,5.9202,6.5543969999999945,0.91614,0.0592465,0.00528094,0.00214095,0.00142494,0.00103771,0.000859003,0.000712024
6821,5.980935,6.621681000000001,0.9167,27.9995,2.39857,0.995888,0.668952,0.488933,0.405154,0.336008
6822,7.081765,5.724091999999998,0.9171,0.133136,0.011166,0.00463641,0.00311434,0.00227625,0.00188622,0.0015643
6827,6.814754,6.950964999999999,0.91773,1.78089,0.153263,0.0635547,0.04269,0.0312019,0.0258554,0.0214428
6828,6.519628,6.066538999999995,0.91801,0.139395,0.0119087,0.0049442,0.00332109,0.00242736,0.00201143,0.00166815
6829,7.078947,6.304685999999995,0.91802,0.0676174,0.0057988,0.0023759,0.00159419,0.00116495,0.000965309,0.000800554
6830,6.048103,6.312176999999997,0.91839,0.0687924,0.00563249,0.00233881,0.00157101,0.00114824,0.000951493,0.000789105
6831,5.292047,5.718714999999996,0.9186,0.0676336,0.00576438,0.00239275,0.00160724,0.00117472,0.000973433,0.000807301
6832,6.315909,6.11768,0.91863,0.064372,0.00663285,0.00249303,0.00158578,0.00113039,0.000929317,0.000767426
6833,5.556495,5.3000669999999985,0.91864,0.0786007,0.00674364,0.00280025,0.00188097,0.00137479,0.00113922,0.000944793
6834,5.555124,5.299216000000006,0.91864,0.0542345,0.00466228,0.00193587,0.00130035,0.000950418,0.000787564,0.000653154
6836,5.179593,5.7520290000000065,0.9196,0.0775642,0.00662955,0.00275179,0.00184841,0.00135099,0.0011195,0.000928437
6839,5.198704,5.729302000000001,0.92003,0.320184,0.0250509,0.0103164,0.00692882,0.00506419,0.00419644,0.00348025
6840,5.195568,5.730368999999996,0.92003,0.0577122,0.00487756,0.00202098,0.00135749,0.000992177,0.000822168,0.000681852
6841,5.198648,5.736318999999999,0.92003,0.211829,0.0173258,0.00718992,0.00482957,0.0035299,0.00292505,0.00242585
6842,6.223933,6.148447999999995,0.92012,0.0537252,0.00418791,0.00173775,0.00116727,0.000853149,0.000706963,0.000586308
6843,6.221528,6.151796000000002,0.92012,0.0580945,0.00496612,0.00206173,0.00138489,0.00101221,0.000838768,0.000695619
6844,5.807424000000001,6.390223000000001,0.92021,0.174134,0.0153109,0.00618027,0.00413962,0.00302418,0.00250582,0.00207812
6846,7.187616,5.936784999999997,0.92091,0.115899,0.0101766,0.00405992,0.00271694,0.00198452,0.00164432,0.00136365
6850,6.683835000000001,6.048368000000003,0.92122,0.746989,0.0643228,0.0266787,0.0179203,0.0130978,0.0108535,0.0090012
6857,6.007537,6.665850999999999,0.92214,0.0569487,0.00752994,0.00535082,0.00415403,0.00308147,0.00245303,0.00188356
6858,6.018604,6.664597000000002,0.92214,0.0770888,0.00689437,0.00273074,0.00181834,0.00132584,0.00109808,0.000910473
6862,6.821883,6.130388999999999,0.92263,0.0628121,0.00535158,0.00222154,0.00149224,0.00109067,0.00090378,0.000749536
6863,7.027537000000001,6.148981000000003,0.92273,0.255938,0.0218873,0.00908728,0.00610405,0.00446141,0.00369695,0.00306601
6865,5.92793,6.556971999999998,0.92304,0.116792,0.00905989,0.00311393,0.00206298,0.00150451,0.00124632,0.00103351
6866,5.92112,6.561224000000005,0.92304,0.0907012,0.00800791,0.00325492,0.0021719,0.00158337,0.00131108,0.0010869
6869,6.896426,6.820803999999994,0.9241,0.310436,0.0265971,0.0110442,0.00741858,0.00542219,0.0044931,0.00372628
6870,6.198132,7.125965000000001,0.92468,0.27051,0.0232849,0.00965302,0.00648382,0.00473897,0.00392695,0.00325675
6871,6.201825,7.137459000000004,0.92468,0.567605,0.0393746,0.0161706,0.0108615,0.00793857,0.0065783,0.00545561
6872,6.212625,7.123148999999999,0.92468,1.81842,0.142968,0.0593446,0.0398626,0.0291353,0.024143,0.0200226
6873,5.194689,4.878167999999997,0.92501,0.0505204,0.00342093,0.00133587,0.000896433,0.000655157,0.000542894,0.00045024
6874,5.209966,5.614963,0.92517,0.0661306,0.00665844,0.00249935,0.00160562,0.00115155,0.000948808,0.000784526
6876,5.044635,5.449231000000005,0.92547,0.0949057,0.00816857,0.00339149,0.00227811,0.00166505,0.00137975,0.00114427
6878,6.132246,5.617045000000002,0.92582,0.0785589,0.00692021,0.00281773,0.00188512,0.00137651,0.00114045,0.000945752
6879,6.316655,6.300978000000002,0.92591,0.051112,0.00448708,0.0017975,0.00120229,0.000877972,0.000727421,0.000603242
6880,6.322687,6.310808999999995,0.92591,0.0780173,0.00918821,0.00439961,0.0027763,0.00183338,0.00141653,0.00109905
6881,6.161362,4.814394000000002,0.92599,0.0626954,0.00527713,0.00219062,0.00147147,0.00107549,0.000891204,0.000739106
6882,6.999944,6.7881599999999995,0.92615,0.0583448,0.0050827,0.0020732,0.00139091,0.00101645,0.000842265,0.000698516
6883,6.995282,6.791186999999996,0.92615,0.0559181,0.00481252,0.00199625,0.00134087,0.000980028,0.000812101,0.000673503
6884,6.996488,6.790359999999996,0.92615,1.62101,0.13897,0.0576819,0.0387455,0.0283188,0.0234664,0.0194615
6887,6.623561,5.992184999999997,0.92616,0.188251,0.015917,0.00660053,0.00443359,0.00324048,0.00268523,0.00222695
6888,5.607841,5.186798999999997,0.92629,0.0565119,0.00782142,0.00240755,0.00138983,0.000945865,0.000766004,0.000627327
6889,5.616492,5.198381000000005,0.92629,0.103906,0.00670114,0.00277976,0.0018672,0.00136473,0.00113088,0.000937878
6890,5.621842,5.2052679999999985,0.92629,0.100714,0.00874815,0.00360231,0.00241704,0.00176624,0.00146355,0.00121376
6891,6.261103,6.189300000000002,0.9263,0.0594648,0.00511937,0.00212578,0.00142792,0.00104366,0.000864827,0.00071723
6892,5.633318,4.965194,0.92658,0.25059,0.0207711,0.00840363,0.0056412,0.00412291,0.00341644,0.00283336
6893,6.5386560000000005,7.086531999999994,0.92667,0.0935525,0.00804489,0.00334024,0.00224369,0.0016399,0.0013589,0.00112698
6894,6.536213000000001,7.084649000000003,0.92667,0.0671501,0.00536123,0.00222261,0.00149294,0.00109118,0.000904209,0.000749891
6895,5.988688,5.319656000000001,0.92675,0.0514918,0.00351126,0.00145056,0.00097436,0.000712153,0.000590126,0.000489412
6896,5.606122,4.913830000000004,0.92677,0.220515,0.0189026,0.00784348,0.00526853,0.00385073,0.00319091,0.00264633
6897,5.545797,5.376996000000001,0.9269,0.169643,0.0144761,0.0060109,0.00403761,0.00295106,0.0024454,0.00202805
6898,5.549074,5.386041000000002,0.9269,0.16408,0.0133667,0.00523742,0.00350554,0.00256079,0.00212184,0.00175967
6899,6.618138,6.374793999999998,0.92783,0.0570293,0.00484557,0.00201152,0.00135117,0.000987561,0.000818343,0.00067868
6903,7.067104,6.9290220000000025,0.92807,2.94373,0.251602,0.104476,0.0701778,0.0512925,0.0425036,0.0352496
6904,7.091851,5.633719999999995,0.92811,2.26745,0.194342,0.0806985,0.0542063,0.039619,0.0328303,0.0272273
6907,5.859925,6.022522000000005,0.92839,0.0648364,0.00613899,0.00232001,0.0015404,0.00112373,0.000930948,0.000772014
6908,5.179454,5.315819999999999,0.92869,0.212076,0.021511,0.0077938,0.00506724,0.00367292,0.00303873,0.00251866
6909,4.991626,6.129686999999997,0.92902,0.0560917,0.0048094,0.00197583,0.00132692,0.000969822,0.000803643,0.000666489
6910,4.98771,6.125523999999999,0.92902,0.0820076,0.00675067,0.00279088,0.00187461,0.00137013,0.00113536,0.000941595
6911,7.047546,5.708987999999994,0.92909,0.784354,0.0943324,0.0227996,0.0145854,0.0105936,0.00877239,0.00727404
6912,4.884256,6.219545000000002,0.92944,0.210429,0.0181946,0.00752114,0.00505001,0.0036908,0.00305836,0.00253639
6914,6.627561,6.965605,0.92948,0.0795947,0.00697921,0.00285823,0.0019116,0.00139506,0.00115557,0.000958173
6915,6.615864,6.949100999999995,0.92948,0.279374,0.0240027,0.0099659,0.00669424,0.00489277,0.0040544,0.00336245
6916,6.622725,5.823629000000006,0.92951,0.0507473,0.00423766,0.00175951,0.00118189,0.000863833,0.000715816,0.00059365
6917,6.622188,5.826225999999994,0.92951,0.305539,0.0255494,0.0106092,0.00712632,0.00520858,0.00431609,0.00357948
6918,6.431603,6.1167050000000005,0.92966,0.0525685,0.00338365,0.00139029,0.000933857,0.00068255,0.000565595,0.000469067
6919,6.422096,6.111284000000002,0.92966,0.0779458,0.00636472,0.00263746,0.00177161,0.00129486,0.00107299,0.000889864
6920,6.72958,6.706101999999996,0.92983,0.0578477,0.00491066,0.00203798,0.00136894,0.00100055,0.000829104,0.000687604
6921,6.734918,6.711844999999995,0.92983,0.0715223,0.00614734,0.00255244,0.00171451,0.00125312,0.0010384,0.00086118
6922,6.5671,6.949750000000004,0.92986,0.0978217,0.008388,0.0034814,0.0023385,0.00170919,0.00141632,0.0011746
6925,6.770484,6.826315000000005,0.93009,0.0596437,0.00522398,0.00211666,0.0014181,0.00103599,0.00085841,0.000711892
6926,6.771593,6.822148999999994,0.93009,0.158438,0.0126858,0.00526526,0.00353675,0.00258499,0.00214205,0.00177648
6927,6.76183,6.819852999999999,0.93009,0.102849,0.00890556,0.00367239,0.00246385,0.00180022,0.00149165,0.00123703
6929,5.368567,5.062445999999993,0.93014,0.0506924,0.0041294,0.00171391,0.00115126,0.000841449,0.000697267,0.000578267
6930,5.361115,5.064485999999993,0.93014,0.0596889,0.00506937,0.00208833,0.00140248,0.00102505,0.000849408,0.000704442
6931,5.36473,5.061268999999996,0.93014,0.309477,0.0266956,0.0108875,0.00731148,0.00534386,0.00442819,0.00367245
6932,6.167697000000001,6.961501000000006,0.93035,0.0578249,0.00494063,0.00205117,0.0013778,0.00100702,0.000834472,0.000692056
6933,7.191978,6.271905000000006,0.93046,0.101622,0.00867684,0.00360023,0.00241829,0.00176751,0.00146465,0.00121468
6934,7.195815999999999,6.275383999999995,0.93046,0.241007,0.0207546,0.00860838,0.00578225,0.00422621,0.00350205,0.00290437
6935,6.577705,6.191366999999995,0.93048,0.0516153,0.00467575,0.00183997,0.00122953,0.000897984,0.000744049,0.000617051
6936,6.56989,6.185442000000002,0.93048,0.0590768,0.00508252,0.00210977,0.00141716,0.00103579,0.000858312,0.000711827
6937,6.547671,6.813869999999993,0.93062,0.0628446,0.00532855,0.00221214,0.00148593,0.00108605,0.00089996,0.000746367
6938,6.546604,6.818937999999995,0.93062,0.0572345,0.00492888,0.00204192,0.00137141,0.00100234,0.000830584,0.000688831
6939,6.244565,6.968528000000005,0.93067,0.280248,0.0240792,0.00992198,0.00665938,0.00486643,0.00403243,0.00334418
6940,5.604954,6.302523000000004,0.93086,0.164412,0.0141171,0.00586202,0.0039376,0.00287797,0.00238483,0.00197782
6941,5.612189000000001,6.309538999999998,0.93086,0.061309,0.00529849,0.00219044,0.00147102,0.00107513,0.000890909,0.000738861
6942,6.417656,6.859369999999996,0.931,0.0638841,0.00527989,0.00216257,0.00145171,0.00106095,0.00087915,0.000729106
6943,6.413354,6.856025000000001,0.931,0.396628,0.0341202,0.0141677,0.00951665,0.00695565,0.00576381,0.00478012
6944,5.178340000000001,5.220376000000004,0.93107,0.508547,0.040602,0.0165915,0.0111436,0.0081448,0.00674919,0.00559733
6945,6.404691,6.158588000000001,0.93109,0.0477676,0.0380844,0.0513727,0.0446991,0.0339749,0.0266434,0.0196352
6948,6.35146,6.948019999999995,0.93144,0.0565665,0.0048914,0.00202041,0.00135683,0.000991677,0.000821753,0.000681507
6949,6.340274000000001,6.957762000000005,0.93144,0.15642,0.0134569,0.00558449,0.00375116,0.0027417,0.00227191,0.00188417
6950,4.865923,6.356697000000004,0.93149,0.0630402,0.00531756,0.00220683,0.00148236,0.00108345,0.000897798,0.000744574
6951,4.866363,6.356932999999996,0.93149,0.980558,0.0846211,0.0344923,0.0231584,0.0169258,0.0140256,0.0116319
6952,4.871234,6.355178999999994,0.93149,0.0601665,0.00524514,0.00213338,0.00143112,0.00104582,0.000866607,0.000718704
6953,6.409058,5.636300999999998,0.93184,0.0734095,0.00656877,0.00261494,0.00174986,0.00127829,0.00105919,0.000878411
6954,6.409125,5.637451000000002,0.93184,0.0641414,0.00549312,0.00227738,0.00152974,0.00111808,0.000926494,0.000768373
6955,4.880234,6.924467000000006,0.9319,0.156306,0.0133,0.00552207,0.00370925,0.00271107,0.00224653,0.00186312
6959,6.871597,6.754040999999999,0.9322,0.0774006,0.0318311,0.0137906,0.00688006,0.00350357,0.00226834,0.00147598
6960,5.843005,5.153923000000001,0.93249,0.339476,0.0281108,0.0114319,0.0076728,0.00560749,0.00464661,0.00385358
6961,5.849956,5.160333000000003,0.93249,0.287509,0.0245948,0.0101938,0.00684688,0.00500431,0.00414682,0.0034391
6962,7.044423,5.483089000000003,0.93264,0.222051,0.0190628,0.00791563,0.00531704,0.00388619,0.00322029,0.0026707
6965,6.304522,7.172214,0.93354,0.051237,0.00464308,0.0018229,0.00121671,0.000888341,0.000736017,0.000610378
6966,6.303961,7.162418999999997,0.93354,0.0784342,0.0066941,0.00277913,0.00186678,0.00136442,0.00113063,0.000937666
6967,4.9336020000000005,6.228272000000006,0.93378,0.126857,0.0107776,0.00447385,0.00300514,0.00219644,0.00182008,0.00150946
6968,4.935071,6.232895999999995,0.93378,0.179025,0.0154512,0.00638173,0.0042862,0.00313274,0.00259594,0.0021529
6969,4.932372,6.233174,0.93378,0.18788,0.0157217,0.00633933,0.00425605,0.00311063,0.00257762,0.00213771
6970,6.34086,7.087314000000007,0.93381,3.21021,0.276516,0.114753,0.0770756,0.0563331,0.0466803,0.0387135
6971,5.621568,6.125219000000001,0.93412,0.365802,0.0327241,0.0130526,0.00872284,0.00636944,0.00527729,0.00437645
6972,4.888652,6.910567000000006,0.93425,0.0571346,0.00487877,0.00201778,0.00135532,0.000990595,0.000820857,0.000680765
6973,4.886766,6.909569000000003,0.93425,1.93605,0.163142,0.0677384,0.0455008,0.0332563,0.0275578,0.0228546
6974,5.377972,6.771355000000001,0.9344,0.324013,0.0278813,0.0115775,0.00777679,0.005684,0.00471005,0.00390621
6975,6.344985,7.115399000000003,0.93443,0.44048,0.0381519,0.0157777,0.0105842,0.00773269,0.00640705,0.00531336
6976,6.492311,5.8425039999999955,0.93459,0.121844,0.0104745,0.00434739,0.0029202,0.00213435,0.00176863,0.00146679
6977,6.469346,5.888131999999995,0.93467,0.591627,0.0490788,0.0202317,0.0135874,0.0099308,0.00822915,0.00682471
6978,6.404566,6.265907999999994,0.93481,0.0519197,0.00441357,0.00183271,0.00123105,0.00089977,0.000745595,0.000618347
6979,5.047933,7.1700080000000055,0.93496,0.0547796,0.00443589,0.00183831,0.00123481,0.000902517,0.000747871,0.000620235
6980,5.041035000000001,7.162185000000001,0.93496,0.0566193,0.00419924,0.0017219,0.00115641,0.000845204,0.000700378,0.000580847
6981,6.331326,7.167211000000002,0.9351,0.150711,0.0129561,0.00537908,0.0036132,0.00264087,0.00218836,0.00181488
6982,6.324478,7.170861000000007,0.9351,0.0964735,0.00777432,0.00316568,0.00212615,0.00155398,0.00128771,0.00106794
6983,6.328536,7.170367,0.9351,292.466,24.4225,10.1412,6.81196,4.97882,4.1257,3.42158
6985,6.099761,6.650053,0.93519,0.0682884,0.0058782,0.00244088,0.00163958,0.00119836,0.000993019,0.000823544
6986,6.834292,6.257213000000003,0.93531,0.0622234,0.00519625,0.00210893,0.0014156,0.00103458,0.000857304,0.00071099
6987,6.838765,6.251776999999996,0.93531,0.126729,0.0102142,0.00423973,0.00284788,0.0020815,0.00172484,0.00143047
6988,6.82672,6.260884000000002,0.93531,0.363561,0.0403237,0.0138575,0.00877444,0.00630492,0.0052062,0.00431184
6989,5.256485,6.562800000000002,0.93556,0.515055,0.0446681,0.0184037,0.012344,0.00901844,0.00747245,0.00619691
6990,4.916888,6.177128000000002,0.93568,0.051542,0.00455118,0.00183217,0.0012236,0.000892874,0.00073961,0.000613287
6991,4.901968,6.182849999999994,0.93568,0.136209,0.0132052,0.00528301,0.00339435,0.0024231,0.00199222,0.00164517
6992,4.905839,6.171067999999997,0.93568,85.306,7.35803,3.01655,2.02562,1.48048,1.2268,1.01742
6995,6.007619,6.724868000000002,0.93584,0.158231,0.0124917,0.00518533,0.00348306,0.00254575,0.00210954,0.00174951
6996,4.912212,7.000616999999994,0.93589,1.57425,0.183438,0.0760328,0.045689,0.0304951,0.0242393,0.0195307
6998,5.226962,6.691982000000004,0.93608,0.209715,0.0163915,0.00675131,0.00453433,0.00331408,0.00274621,0.00227753
6999,5.227955,6.687736999999999,0.93608,0.101162,0.00819953,0.00338981,0.0022769,0.00166417,0.00137902,0.00114367
7000,5.2262,6.691657000000004,0.93608,0.104027,0.00852695,0.00353757,0.00237623,0.00173677,0.00143918,0.00119356
7003,5.027336,6.433438000000001,0.93638,0.0891094,0.00755203,0.00313586,0.0021064,0.00153956,0.00127575,0.00105803
7004,5.020673,6.432999999999999,0.93638,0.09406,0.00645171,0.00267008,0.00179352,0.00131087,0.00108626,0.000900869
7006,6.285786,6.3424409999999956,0.93641,0.0594006,0.00509036,0.00210795,0.00141588,0.00103486,0.000857536,0.000711183
7007,6.284258,6.343280000000005,0.93641,0.183545,0.0157633,0.00652556,0.0043832,0.00320365,0.00265471,0.00220164
7010,6.519724,5.374574999999996,0.93721,0.0585469,0.00503988,0.00207533,0.001393,0.001018,0.000843548,0.000699577
7011,5.486152,6.050015000000001,0.93728,0.0887053,0.00756778,0.00313313,0.00210454,0.00153819,0.00127463,0.00105709
7012,5.498645,6.050311000000001,0.93728,0.115418,0.0381379,0.0558703,0.0554204,0.0481473,0.0414147,0.0337697
7013,5.496971,6.052320999999997,0.93728,0.67572,0.0571068,0.0237002,0.0159197,0.0116356,0.00964187,0.00799633
7014,6.095974000000001,5.246518000000002,0.93737,0.31401,0.0246877,0.0102372,0.00687645,0.00502595,0.00416476,0.00345398
7015,6.098643,5.2451510000000034,0.93737,0.0738828,0.00658994,0.00263433,0.00176076,0.00128571,0.00106525,0.000883405
7016,6.099396,5.2467099999999975,0.93737,0.0512236,0.00480331,0.00192241,0.00125416,0.000904221,0.00074616,0.000617485
7019,6.543922,5.397836000000001,0.93746,0.151318,0.0156224,0.00599495,0.00379843,0.0026799,0.002189,0.00179803
7023,6.145756,6.216116000000006,0.9386,0.0580459,0.00485893,0.00201758,0.00135524,0.000990536,0.000820808,0.000680724
7024,6.1617,6.221267999999996,0.9386,0.0936875,0.00804257,0.00333912,0.00224294,0.00163935,0.00135845,0.00112661
7025,6.372393,4.817323000000005,0.93863,0.0969775,0.00819376,0.0033998,0.00228369,0.00166913,0.00138313,0.00114708
7027,6.107233000000001,5.780880999999995,0.93895,0.0609437,0.00525832,0.00217878,0.00146332,0.00106951,0.000886251,0.000734998
7028,6.101489,5.781785000000006,0.93895,0.258227,0.0223887,0.00837387,0.00554523,0.00403854,0.00334401,0.00277242
7031,5.263019,6.323595000000005,0.93931,0.055794,0.0045699,0.00187198,0.00125727,0.000918922,0.000761465,0.000631509
7032,5.263687,6.324004999999998,0.93931,0.170428,0.0128334,0.00532521,0.00357702,0.00261442,0.00216644,0.0017967
7033,5.262501,6.325612000000004,0.93931,0.0731791,0.00661739,0.00261359,0.00174101,0.00127007,0.00105208,0.000872422
7034,6.427184,5.512997999999998,0.93965,0.270107,0.0285337,0.00937215,0.00602285,0.00435333,0.00359942,0.00298257
7037,6.182792,5.187660999999996,0.94003,0.463348,0.0409491,0.0164353,0.0110168,0.00805017,0.00667062,0.00553215
7038,6.299305,5.132734999999999,0.9401,0.0687958,0.00581818,0.00241577,0.00162271,0.00118603,0.000982802,0.000815071
7039,6.298284,5.133551999999998,0.9401,0.0849703,0.00933584,0.00331927,0.00207725,0.00147365,0.00121044,0.000999328
7040,6.291178,5.130052000000001,0.9401,0.0619729,0.00488169,0.00201863,0.00135591,0.000991023,0.000821212,0.000681059
7041,6.373182,4.942624000000005,0.9402,0.0704912,0.00614455,0.0024811,0.00166458,0.00121649,0.00100803,0.000835994
7042,5.744185,7.0655690000000035,0.94053,0.196006,0.0137785,0.00570483,0.00383198,0.00280077,0.00232086,0.00192476
7043,5.732892,7.068504000000006,0.94053,0.0765186,0.00666106,0.00272643,0.00182999,0.00133742,0.00110825,0.000919108
7044,5.73611,7.065755000000001,0.94053,0.184811,0.0155659,0.00631748,0.0042412,0.00309974,0.0025686,0.00213022
7045,6.624194,5.422751999999997,0.94057,0.0512543,0.00430088,0.00178581,0.00119955,0.000876747,0.000726517,0.000602525
7046,6.382752,4.8300730000000005,0.94059,0.0680864,0.00591482,0.00241428,0.0016184,0.00118236,0.000979685,0.000812463
7047,5.217454,5.384641000000001,0.94091,0.15599,0.0135214,0.0054436,0.00364464,0.00266209,0.00220568,0.00182917
7048,4.936675,6.750902000000004,0.94099,0.0689404,0.00534378,0.00221881,0.00149041,0.00108933,0.000902673,0.000748618
7053,4.97516,6.406441999999998,0.9417,0.115152,0.0125092,0.00448369,0.00281512,0.00200034,0.00164399,0.00135771
7054,4.996807,6.404465999999997,0.9417,0.347948,0.0324778,0.0135506,0.00883196,0.00629512,0.00515516,0.00423922
7055,5.303839,5.040875000000004,0.94203,0.357577,0.0304803,0.0126562,0.00850133,0.00621357,0.00514888,0.00427014
7058,5.049115,6.0775849999999965,0.94247,0.109107,0.00945158,0.00386911,0.00259737,0.00189829,0.00157301,0.00130455
7059,5.043446,6.0707409999999955,0.94247,0.131685,0.011327,0.00470296,0.00315904,0.00230892,0.00191329,0.00158676
7069,5.636644,6.851089,0.94433,0.0755838,0.00684184,0.00261486,0.00173061,0.00125966,0.00104283,0.0008645
7072,4.867893,6.381373999999998,0.94475,0.0553596,0.00688113,0.00250806,0.00149357,0.00101169,0.000812835,0.000660628
7077,6.415507,6.967232999999999,0.94518,0.385633,0.0328283,0.0135686,0.00911339,0.00666088,0.00551954,0.00457754
7078,6.41397,6.969528999999994,0.94518,0.0503141,0.00433677,0.00179032,0.00120232,0.000878746,0.000728172,0.000603898
7079,6.220004,5.925625000000004,0.94533,0.0895134,0.00771489,0.00319507,0.00214607,0.00156854,0.00129977,0.00107795
7080,6.223165,5.913701999999995,0.94533,0.511891,0.0414525,0.0146941,0.00974494,0.00710687,0.00588711,0.00488184
7083,7.107469,6.942133,0.94587,0.627982,0.0830378,0.034022,0.0198771,0.0128598,0.0100283,0.00794788
7084,6.421968,6.975606999999994,0.94593,0.050285,0.00508381,0.0018152,0.00115997,0.000830585,0.000683907,0.000565209
7085,6.415503,6.973326999999999,0.94593,0.278772,0.0223174,0.00915228,0.0061449,0.00449102,0.00372146,0.00308632
7086,5.310192,5.887308999999998,0.94611,0.0796226,0.00689334,0.00278761,0.00186942,0.00136605,0.00113195,0.000938754
7090,5.407312,5.969354,0.94637,0.0781654,0.00625055,0.00259522,0.00174324,0.00127413,0.00105581,0.000875615
7093,6.089227,5.606614999999994,0.94704,0.0641269,0.00520425,0.00215858,0.00144995,0.00105976,0.000878168,0.000728295
7094,4.914188,6.230086000000004,0.94729,0.0900065,0.00711364,0.00294782,0.00198009,0.00144723,0.00119925,0.000994579
7098,6.939792,5.054656999999996,0.94741,0.105706,0.00827137,0.00133775,0.000810588,0.000583155,0.000482222,0.000399681
7099,6.945958,5.063661000000001,0.94741,0.0924098,0.00779949,0.00323555,0.00217336,0.00158849,0.00131631,0.00109166
7100,6.950305,5.059308000000002,0.94741,0.208136,0.019881,0.00817194,0.00526719,0.00374292,0.00306666,0.00252517
7102,6.05357,5.576270999999997,0.94752,0.0663193,0.00560584,0.00232657,0.00156279,0.00114223,0.00094651,0.000784973
7103,6.051804,5.569931000000004,0.94752,0.11445,0.00961491,0.00398956,0.00267983,0.00195867,0.00162305,0.00134605
7107,5.912957,6.551059000000001,0.94776,0.209564,0.0179261,0.00743565,0.00499459,0.00365051,0.003025,0.00250873
7111,5.830056,4.833603000000002,0.94813,0.0818031,0.00698881,0.00290202,0.00194933,0.00142475,0.00118062,0.000979129
7112,5.825545,4.836731999999996,0.94813,0.130956,0.0101325,0.00408515,0.00274343,0.00200514,0.00166156,0.00137799
7113,5.821246,4.831769000000002,0.94813,0.142861,0.0122388,0.00508015,0.0034124,0.0024941,0.00206674,0.00171402
7114,5.99124,5.540429000000003,0.94816,0.0523123,0.00691554,0.00291268,0.0016933,0.00108566,0.000842606,0.000665731
7115,5.990747,5.541237000000005,0.94816,0.0834981,0.00936072,0.00505898,0.00345594,0.0023759,0.00184546,0.00141561
7116,5.983175,5.527703000000001,0.94816,0.0766815,0.00662057,0.00273997,0.00183986,0.00134466,0.00111424,0.000924075
7118,5.124258,5.871171999999994,0.94855,0.164717,0.0130763,0.00541963,0.0036404,0.00266074,0.00220483,0.00182854
7119,5.129374,5.869595999999997,0.94855,0.305948,0.491707,0.362434,0.219787,0.121878,0.0782708,0.0470418
7120,5.898182,6.539199000000001,0.94858,0.0969686,0.00842557,0.00344735,0.00231429,0.00169141,0.00140159,0.00116238
7121,5.887371,6.538118000000002,0.94858,0.0547293,0.00457443,0.00189949,0.00127591,0.000932557,0.000772764,0.000640879
7122,5.886258000000001,6.535011999999997,0.94858,0.056549,0.00476522,0.00197845,0.00132895,0.000971323,0.000804887,0.00066752
7123,5.976898,5.371048999999997,0.94888,0.0596556,0.00519504,0.00213895,0.00143305,0.00104649,0.000866975,0.000718937
7126,7.194173999999999,5.2076739999999955,0.94965,0.0586136,0.00459793,0.00190915,0.0012824,0.000937301,0.000776695,0.00064414
7127,5.863949,6.565935000000007,0.94976,0.206871,0.0400268,0.0290813,0.0195746,0.0123058,0.00875963,0.00602309
7130,6.98907,7.015742999999995,0.95016,0.107738,0.00923235,0.00383259,0.00257441,0.00188162,0.0015592,0.0012931
7131,6.062195,5.4128150000000055,0.95036,0.413378,0.022567,0.00917209,0.00616032,0.00450252,0.00373101,0.00309426
7132,6.06875,5.419465999999994,0.95036,3.56851,0.302915,0.125768,0.0844801,0.0617459,0.0511658,0.0424335
7134,5.188373,5.538821999999997,0.95059,0.0641634,0.00866497,0.00273622,0.00160855,0.00111789,0.000914598,0.000754225
7135,5.185253,5.537264999999999,0.95059,3.55008,0.330417,0.130984,0.0860449,0.0623499,0.0515469,0.042703
7136,5.230111,5.727070000000005,0.95065,0.12701,0.0107588,0.00446744,0.00300084,0.0021933,0.00181748,0.00150729
7140,6.77674,6.388058000000003,0.95143,0.0941595,0.00804831,0.00334122,0.00224434,0.00164038,0.0013593,0.00112731
7142,4.90421,6.603513999999998,0.95189,0.0611338,0.00499612,0.0020742,0.00139327,0.00101833,0.00084384,0.000699825
7143,4.904994,6.604648000000004,0.95189,0.0942094,0.00882566,0.00422033,0.00294893,0.00214474,0.00174196,0.00140092
7144,6.099014,6.697603999999995,0.95196,0.0435645,0.0600893,0.0647013,0.0477054,0.0310135,0.021909,0.0144417
7145,6.759638,7.062477000000004,0.9523,0.39635,0.0340163,0.0141158,0.00948174,0.00693014,0.00574266,0.00476259
7147,6.502768,5.990056000000002,0.95247,0.0631936,0.00536578,0.00216158,0.00144941,0.0010591,0.000877598,0.000727815
7148,6.188442,7.012126999999997,0.95256,0.061139,0.0566028,0.106141,0.110533,0.0981627,0.0850193,0.0694654
7152,6.965163,7.192154000000004,0.95344,0.0571984,0.00552112,0.00208027,0.00135508,0.000978897,0.000808451,0.000669321
7153,4.974264,4.820186000000003,0.95363,0.0883288,0.00759259,0.00315234,0.00211747,0.00154764,0.00128246,0.00106358
7159,6.753741,6.376289999999997,0.95414,0.0647193,0.00557179,0.00231362,0.00155409,0.00113587,0.000941243,0.000780604
7163,6.620757,6.692610999999997,0.9547,0.345991,0.0298872,0.012366,0.00829947,0.00606428,0.00502477,0.00416705
7164,6.147495,4.978216999999994,0.95487,0.108304,0.00924186,0.00383751,0.00257771,0.00188403,0.0015612,0.00129476
7165,5.682354,6.234575000000006,0.95508,1.08501,0.0932091,0.038461,0.0258256,0.0188749,0.0156406,0.0129712
7168,5.672610000000001,6.304045000000005,0.95513,0.0839534,0.00722982,0.00300213,0.00201657,0.0014739,0.00122135,0.00101291
7169,6.811014,4.951527999999996,0.95565,0.0899767,0.00744032,0.0030702,0.00206183,0.00150694,0.00124872,0.0010356
7170,7.045972,7.048738999999995,0.95578,0.0626291,0.00526631,0.00218663,0.00146879,0.00107353,0.000889583,0.000737761
7172,5.638737,6.558921999999999,0.95613,0.051989,0.00481095,0.00182191,0.00121447,0.000886707,0.00073468,0.000609276
7173,5.647508,6.5582450000000065,0.95613,0.0603056,0.00515234,0.00213889,0.00143672,0.00105009,0.000870158,0.000721652
7178,5.617817,6.532283999999999,0.95729,0.0720952,0.00600663,0.00249153,0.00167359,0.00122322,0.00101362,0.000840628
7179,5.952752,6.749027999999999,0.95737,0.0840662,0.00727941,0.00300717,0.00201733,0.0014738,0.00122112,0.00101266
7182,5.360806,5.539290000000003,0.95847,0.672751,0.05723,0.0237546,0.0159563,0.0116623,0.00966401,0.00801469
7183,5.591675,6.505531999999994,0.95852,0.937629,0.0730981,0.0302469,0.0203166,0.0148492,0.0123048,0.0102048
7184,5.593797,6.509811999999997,0.95852,0.152963,0.0131516,0.00546095,0.0036682,0.00268106,0.00222166,0.0018425
7187,5.812241,5.713080999999995,0.95898,0.0278844,0.0553077,0.0519528,0.0349319,0.020846,0.0139132,0.00863381
7188,5.24032,5.643307000000003,0.95917,0.0645363,0.00553126,0.00229571,0.00154205,0.00112708,0.000933952,0.000774558
7189,5.235298,5.644118000000003,0.95917,0.406624,0.0353498,0.014574,0.00976947,0.00713598,0.0059124,0.00490306
7192,5.578374,6.503102999999995,0.95931,0.119158,0.0102673,0.00424281,0.00284833,0.00208155,0.00172483,0.00143045
7193,6.029384,4.815147000000002,0.95976,0.0772373,0.00720987,0.00311751,0.00206293,0.00146962,0.00119636,0.000975362
7194,5.406238,5.143525000000006,0.95982,0.126782,0.0108923,0.00452262,0.00303791,0.00222039,0.00183993,0.00152591
7195,5.80019,5.5538680000000005,0.96002,0.0603186,0.00444172,0.0018329,0.00123115,0.000899839,0.000745652,0.000618394
7196,5.802147,5.556909000000002,0.96002,0.0713146,0.00613008,0.00254507,0.00170956,0.0012495,0.0010354,0.000858694
7197,5.804194,5.547408999999995,0.96002,0.181567,0.015557,0.00645991,0.00433921,0.0031715,0.00262807,0.00217955
7198,5.802884,5.563379,0.96002,0.579703,0.0494841,0.0203265,0.013652,0.00997811,0.00826837,0.00685723
7199,6.837197,5.009469999999998,0.96008,0.0613917,0.00526906,0.00218165,0.0014652,0.00107088,0.000887382,0.000735935
7202,4.848286,6.238707999999999,0.96054,643.415,54.4175,22.594,15.1767,11.0926,9.19187,7.62313
7203,5.136217,4.911121999999996,0.96065,0.0507827,0.00471883,0.00181752,0.00120156,0.000874342,0.000723831,0.000600062
7204,5.148957,4.916905000000001,0.96065,21.6363,1.86403,0.772376,0.51877,0.379162,0.314192,0.26057
7205,5.538187,6.509842000000001,0.96087,0.169378,0.014726,0.00603474,0.00404897,0.00295883,0.00245178,0.00203333
7206,6.578066,5.834868999999997,0.96092,0.118244,0.0100694,0.0041074,0.0027578,0.0020156,0.00167022,0.00138517
7208,6.016504,5.583676000000002,0.96116,0.0720401,0.00546338,0.00224932,0.00151073,0.00110418,0.000914978,0.000758822
7211,5.786066,4.994986000000003,0.9613,0.0506586,0.00310047,0.00128097,0.000860434,0.000628885,0.000521126,0.000432187
7212,5.785652,5.005521000000006,0.9613,0.206752,0.0177604,0.00737424,0.00495338,0.00362039,0.00300004,0.00248804
7215,5.535611,5.406714999999995,0.96164,1.07354,0.0931648,0.0382773,0.0256761,0.0187609,0.0155454,0.0128921
7217,6.369534,7.019124000000005,0.96202,0.0920089,0.00970879,0.0037147,0.00233448,0.00164292,0.00134228,0.00110355
7218,6.045865,5.331803000000004,0.9622,0.11316,0.0102796,0.00407288,0.00270333,0.00196844,0.00162968,0.001351
7219,6.039956000000001,5.322903000000003,0.9622,0.134888,0.0114903,0.00477124,0.00320491,0.00234245,0.00194107,0.00160979
7221,4.954356,5.697503000000001,0.96312,0.085658,0.00734119,0.00304217,0.00204345,0.00149354,0.00123763,0.00102641
7222,4.963897,5.696767000000004,0.96312,0.0771598,0.00650844,0.00270083,0.00181418,0.00132597,0.00109877,0.000911247
7223,4.964988,5.694868000000001,0.96312,0.130647,0.00935545,0.00386198,0.00259402,0.00189595,0.00157108,0.00130295
7224,4.972616,5.699708999999996,0.96312,1.11539,0.0943263,0.0388778,0.0261066,0.0190804,0.0158109,0.0131125
7225,5.452311,6.638877000000006,0.96326,0.141814,0.0129668,0.00515883,0.00340827,0.0024735,0.00204513,0.00169402
7226,5.931434000000001,5.887677999999994,0.96402,0.972802,0.0827551,0.0343629,0.023082,0.0168705,0.0139798,0.0115939
7228,5.931626,5.925017999999995,0.9643,0.248174,0.0200707,0.00832932,0.00559491,0.00408929,0.00338859,0.00281027
7230,6.067283000000001,4.865229999999996,0.96457,0.0956007,0.013604,0.00497752,0.00283916,0.00184474,0.00145087,0.00116048
7232,5.544177,6.909460999999996,0.96478,0.0660148,0.00557256,0.00231365,0.00155411,0.00113589,0.000941257,0.000780616
7233,5.541014,6.908723999999996,0.96478,0.0662559,0.00706851,0.00247448,0.00158407,0.00114205,0.000943663,0.000781743
7234,5.539126,6.9074559999999945,0.96478,0.133719,0.0114637,0.00475968,0.00319715,0.00233677,0.00193637,0.0016059
7235,5.769897,5.517881000000005,0.96484,1.41527,0.121916,0.0505972,0.0339866,0.0248406,0.0205842,0.0170712
7236,5.947134,5.368460000000002,0.96491,0.0654413,0.0384537,0.0726819,0.0799512,0.0756724,0.0687074,0.0592514
7237,5.950839,5.373928999999999,0.96491,0.273317,0.022123,0.00916276,0.00615466,0.0044984,0.0037276,0.00309143
7238,5.471387,5.2530649999999985,0.96506,0.130849,0.00901236,0.00373538,0.00250909,0.00183388,0.00151965,0.00126029
7239,5.455416,5.251560000000002,0.96506,0.103764,0.00891077,0.00369799,0.00248397,0.00181551,0.00150443,0.00124767
7240,5.753004,5.479907000000003,0.96526,0.0899954,0.00765834,0.00318007,0.0021361,0.00156126,0.00129374,0.00107294
7241,7.006324000000001,5.528216999999998,0.96532,0.126832,0.0108644,0.00451135,0.00303034,0.00221485,0.00183534,0.00152211
7243,5.710106,5.055676999999996,0.96539,0.0987537,0.00844373,0.00349796,0.00234957,0.00171728,0.00142303,0.00118017
7244,5.708457,5.050537000000003,0.96539,0.13852,0.0119175,0.00494847,0.00332396,0.00242946,0.00201317,0.00166959
7245,5.71674,5.055016999999994,0.96539,0.0630436,0.00538841,0.00223671,0.00150243,0.00109812,0.000909954,0.000754655
7246,5.423042,5.038205999999997,0.96551,0.0525269,0.0043934,0.00182428,0.0012254,0.000895636,0.000742169,0.000615506
7247,5.48418,5.099663999999995,0.96554,0.0990262,0.00782129,0.00323939,0.00217593,0.00159037,0.00131786,0.00109295
7248,5.653852,5.256757000000005,0.96555,0.0729077,0.0061745,0.00256319,0.00172173,0.0012584,0.00104278,0.00086481
7249,5.494578,6.242024999999998,0.96574,0.3533,0.0272913,0.0112994,0.00758997,0.00554746,0.00459691,0.00381237
7250,5.503956,6.241425999999996,0.96574,0.0754615,0.00647818,0.00268885,0.00180614,0.00132009,0.0010939,0.000907205
7251,6.059157,4.862262999999994,0.96659,0.359821,0.0307419,0.0127641,0.0085738,0.00626654,0.00519277,0.00430654
7253,5.65899,6.998933000000002,0.96765,0.096459,0.00822753,0.00341409,0.00229328,0.00167615,0.00138894,0.00115189
7255,5.089093,6.100313000000006,0.96771,1.45527,0.126028,0.0514667,0.0345357,0.0252386,0.0209137,0.0173443
7257,5.493973000000001,6.294833999999995,0.96785,2.69074,0.206243,0.0836239,0.056157,0.0410443,0.0340114,0.0282068
7258,6.25921,6.872551000000003,0.96801,0.123351,0.0106637,0.00435407,0.00291931,0.00213288,0.00176729,0.00146564
7263,6.250786,6.822638000000007,0.96815,0.0595308,0.00511845,0.00212477,0.00142723,0.00104316,0.000864412,0.000716886
7264,6.249563,6.814681999999998,0.96815,0.0679532,0.00586276,0.00242332,0.00162755,0.00118956,0.000985725,0.000817495
7265,5.616717,4.952096000000003,0.96816,0.0603327,0.00520017,0.00214857,0.00144275,0.00105445,0.000873764,0.000724641
7266,5.120039,6.134112,0.96832,0.0897022,0.00772872,0.00319069,0.00214255,0.00156591,0.00129759,0.00107613
7267,5.126107,6.139699000000006,0.96832,0.096643,0.00837572,0.00345532,0.00231932,0.00169497,0.00140452,0.00116481
7269,6.800236,6.110583999999995,0.96869,0.216209,0.017027,0.00702863,0.00472114,0.00345065,0.00285938,0.00237138
7270,6.787951,6.116448000000002,0.96869,0.0685802,0.00584876,0.00242857,0.00163131,0.00119231,0.000988009,0.000819389
7271,5.646997,5.329506000000006,0.96869,0.282693,0.0244345,0.00992265,0.00666048,0.00486782,0.00403371,0.00334529
7272,5.322208,6.000738,0.96874,0.536673,0.0443357,0.0184068,0.0123641,0.00903683,0.00748838,0.00621036
7275,5.768846,5.481175000000005,0.96881,0.120317,0.0103255,0.00427536,0.00287144,0.00209868,0.00173907,0.00144227
7276,5.794119,5.615273999999996,0.96885,0.0549129,0.00472259,0.00196102,0.00131725,0.000962768,0.000797798,0.000661641
7278,5.603559,4.934545999999997,0.96921,0.19049,0.0164638,0.00681191,0.00457432,0.00334322,0.00277035,0.00229754
7279,5.606864,4.929732999999999,0.96921,0.49812,0.0429781,0.0177189,0.011889,0.00868699,0.00719798,0.00596934
7281,5.272012,6.171643999999997,0.96947,0.47296,0.0406568,0.0168782,0.0113373,0.00828639,0.00686652,0.00569464
7282,6.841992,6.135020000000003,0.96957,0.215173,0.0181015,0.00750451,0.00504085,0.00368433,0.00305302,0.00253197
7283,6.842505,6.1397270000000015,0.96957,0.05855,0.00480491,0.00199498,0.00134005,0.000979436,0.000811611,0.000673096
7287,5.270612,6.110361999999995,0.96973,0.747245,0.0586314,0.0228302,0.0153274,0.0112025,0.00928299,0.0076987
7288,5.849519000000001,6.582450000000003,0.96985,0.0849751,0.00786848,0.00336725,0.00221677,0.00157844,0.00128739,0.00105306
7289,5.849973,6.584130000000005,0.96985,0.0688522,0.00574757,0.00238641,0.00160299,0.00117161,0.000970858,0.000805165
7290,5.842817,6.907358000000001,0.96987,0.0517818,0.00446921,0.00184569,0.00123941,0.000905849,0.00075063,0.000622522
7291,6.04744,4.820865999999994,0.96989,0.0623934,0.00543836,0.00224135,0.00150036,0.00109484,0.000906753,0.000751766
7292,6.046925,4.820161999999997,0.96989,0.0501689,0.00586646,0.00191459,0.0011907,0.000848847,0.000699292,0.00057849
7293,6.0434600000000005,4.823723999999998,0.96989,0.083872,0.00712444,0.00264537,0.00175482,0.00127906,0.00105933,0.000878358
7294,5.118817,4.8411070000000045,0.97005,0.0608633,0.00545365,0.0022192,0.00147278,0.00106979,0.000884518,0.000732579
7295,5.443353,5.2006520000000025,0.97012,0.0690887,0.00571443,0.0023728,0.00159384,0.00116493,0.000965321,0.000800573
7296,5.436533,5.18957,0.97012,0.0509114,0.00726605,0.00321463,0.00190176,0.00120405,0.000914713,0.000702886
7297,5.437387,5.189374000000001,0.97012,0.642604,0.0553294,0.0229108,0.0153881,0.011247,0.00931981,0.00772923
7298,6.599703,6.091419999999994,0.97039,0.0572199,0.00486398,0.00201862,0.00135593,0.000991041,0.000821227,0.000681071
7299,5.406568,5.270808999999995,0.97044,0.0729179,0.00627108,0.00260402,0.00174916,0.00127845,0.00105939,0.000878585
7300,5.406327,5.266008999999998,0.97044,0.310782,0.0367491,0.0141257,0.00857353,0.00582149,0.00466459,0.0037761
7301,6.279399,6.072474000000003,0.97049,0.210267,0.0187946,0.00760341,0.00506054,0.00368757,0.00305352,0.00253162
7302,6.276781,6.0723290000000025,0.97049,0.0554046,0.00476472,0.00196452,0.0013194,0.000964328,0.000799091,0.000662713
7303,6.275164,6.0730159999999955,0.97049,0.0909828,0.00772718,0.00320865,0.00215529,0.00157529,0.00130536,0.00108258
7304,5.888609,5.540963000000002,0.97087,0.709579,0.0608533,0.0252635,0.0169698,0.0124031,0.0102779,0.00852378
7305,5.1624,5.241336999999999,0.97143,0.0749551,0.00609027,0.00251189,0.00168713,0.00123311,0.00102181,0.000847426
7306,5.162618,5.241995999999997,0.97143,0.0686478,0.00646682,0.00238891,0.00158587,0.00115687,0.000958391,0.000794765
7307,5.160058,5.241516999999998,0.97143,0.0543717,0.0170489,0.00674073,0.00314623,0.00159509,0.00107998,0.000764913
7308,5.875148,5.688373999999998,0.9716,0.071817,0.00617569,0.00256432,0.00172249,0.00125896,0.00104324,0.000865192
7309,5.875113000000001,5.687616999999994,0.9716,0.0614767,0.00536688,0.00217569,0.00146006,0.00106706,0.000884213,0.000733307
7314,6.000803,5.407175999999998,0.97181,0.121724,0.0105863,0.00429582,0.00288408,0.00210789,0.00174671,0.0014486
7315,6.002688,5.413581000000007,0.97181,0.0821874,0.00684316,0.0028415,0.00190868,0.00139504,0.001156,0.000958711
7316,6.004626,5.400830999999998,0.97181,0.462148,0.0397985,0.016526,0.0111007,0.00811344,0.00672321,0.00557579
7317,5.92691,6.931069999999996,0.97246,0.0504371,0.00410198,0.00167495,0.00112469,0.000822009,0.000681157,0.000564906
7318,6.289051,5.774081000000002,0.97262,0.0658146,0.00562832,0.00233706,0.00156984,0.00114739,0.000950781,0.000788515
7319,5.797396,6.796811999999999,0.97296,0.105572,0.00852487,0.0035391,0.00237727,0.00173753,0.0014398,0.00119408
7320,5.798269,6.800527999999998,0.97296,0.0642057,0.00609518,0.00233647,0.00153435,0.0011134,0.000921037,0.000763272
7322,5.363365,5.199263999999998,0.97332,0.123862,0.00967917,0.0040037,0.00268932,0.00196561,0.0016288,0.00135082
7323,5.705959,4.950094,0.97335,0.180826,0.0162616,0.00652398,0.00434268,0.00316589,0.00262198,0.00217403
7325,5.092417,5.520439999999997,0.97394,0.0550886,0.00469587,0.00194374,0.00130546,0.000954139,0.000790646,0.000655709
7326,5.094718,5.519827000000003,0.97394,0.0715072,0.00615223,0.00255466,0.001716,0.00125421,0.0010393,0.00086193
7328,5.318994,5.240728999999999,0.97413,0.085345,0.00656423,0.00271227,0.0018218,0.00133154,0.00110338,0.000915072
7329,5.318465,5.242181000000003,0.97413,0.0519377,0.004465,0.001854,0.00124536,0.000910223,0.000754256,0.00062553
7330,6.280041,5.9847320000000055,0.97439,0.0597409,0.00516274,0.00213451,0.00143348,0.0010477,0.000868177,0.000720008
7331,6.273886,5.991898999999999,0.97439,1.71506,0.14627,0.060737,0.0407979,0.0298189,0.0247095,0.0204924
7332,5.608024000000001,6.922436999999994,0.97491,0.0500421,0.00428889,0.00177516,0.00119224,0.000871383,0.000722071,0.000598837
7333,5.605093,6.920760999999996,0.97491,0.0795337,0.00679722,0.00282058,0.0018946,0.00138475,0.00114747,0.000951638
7334,5.606785,6.920461999999997,0.97491,0.101397,0.00872367,0.00362224,0.00243311,0.00177834,0.00147363,0.00122213
7335,6.767266,7.007489000000004,0.97499,0.0601129,0.00514694,0.00213614,0.00143486,0.00104873,0.000869033,0.000720718
7336,6.765211,7.004352000000004,0.97499,0.314048,0.0268305,0.0111409,0.00748347,0.00546962,0.0045324,0.00375888
7337,5.296371,6.4303150000000056,0.97508,0.269015,0.016009,0.0064719,0.00434573,0.00317619,0.00263195,0.00218277
7338,5.294744,6.434282000000005,0.97508,0.0555773,0.00508388,0.00212204,0.00139785,0.00100336,0.000823631,0.000677994
7342,5.417463000000001,4.992937000000005,0.97517,0.0932308,0.00784966,0.00325895,0.00218908,0.00159999,0.00132583,0.00109956
7343,5.207874,5.139312,0.97522,6.57486,0.547699,0.226855,0.152379,0.111373,0.0922892,0.0765385
7345,5.121262,5.096461999999994,0.97544,0.0506419,0.00435242,0.00180678,0.00121364,0.000887041,0.000735047,0.000609599
7346,5.118915,5.101845000000006,0.97544,0.307356,0.0301128,0.011708,0.00755246,0.00540097,0.00443943,0.00366327
7347,4.821756,5.943547999999995,0.9755,0.0506303,0.00455915,0.00182945,0.00121733,0.000887434,0.000734987,0.000609428
7348,4.823052,5.940210999999994,0.9755,0.0590425,0.00517755,0.00211369,0.00141613,0.00103451,0.000857175,0.000710866
7349,4.819989,5.946932000000005,0.9755,0.0700887,0.00603801,0.00250355,0.00168146,0.00122894,0.00101836,0.00084456
7350,4.82411,5.940325,0.9755,3.76909,0.324661,0.134782,0.0905342,0.0661708,0.0548325,0.0454745
7351,6.231515,6.853361000000001,0.9755,0.148951,0.0356676,0.0150471,0.00779157,0.00431031,0.00302792,0.00218117
7352,6.170953,7.197602999999997,0.97574,0.0546475,0.00468269,0.00194439,0.00130608,0.000954602,0.000791031,0.000656029
7354,5.135528,5.109798999999994,0.97606,0.190162,0.0162991,0.00676758,0.00454588,0.00332255,0.00275324,0.00228335
7358,5.631745,6.759088999999998,0.97624,0.0663869,0.00568282,0.00235971,0.00158505,0.00115851,0.000959996,0.000796158
7359,6.831864,6.469608000000007,0.97649,0.0506996,0.00395187,0.00149355,0.000997875,0.000728785,0.000603847,0.000500776
7361,6.746923,5.888608999999999,0.97695,0.179278,0.0154511,0.00639267,0.00429364,0.00313818,0.00260045,0.00215664
7362,5.673043,6.6502950000000025,0.97727,0.081464,0.0166658,0.0112814,0.00738576,0.00458753,0.00325999,0.00224813
7363,5.18137,5.379374000000002,0.97728,0.0670315,0.00673353,0.00260728,0.00166308,0.00118661,0.000976088,0.000806449
7364,7.006393,6.337363000000005,0.97734,0.171597,0.0145984,0.00605044,0.00406413,0.00297045,0.00246146,0.00204138
7365,6.920666,5.415858000000003,0.97737,0.0527972,0.00449492,0.00186645,0.00125372,0.000916336,0.000759323,0.000629732
7366,4.958509,5.095570000000003,0.9774,0.0943617,0.00798281,0.00331452,0.00222641,0.00162727,0.00134844,0.00111831
7367,4.966991,5.090204999999997,0.9774,0.135314,0.0114074,0.00473681,0.00318178,0.00232554,0.00192706,0.00159818
7368,5.508536,5.140506000000002,0.97744,0.0648465,0.00558664,0.00231642,0.00155581,0.00113711,0.000942267,0.000781454
7369,6.655541,5.973245000000004,0.97759,0.103047,0.00868671,0.00337585,0.00225678,0.00164821,0.00136564,0.00113253
7370,4.896513,5.550365000000004,0.97801,0.761909,0.0554751,0.0223162,0.014976,0.0109448,0.00906933,0.00752148
7371,4.963705,5.241663000000003,0.97811,0.113019,0.0100747,0.00403407,0.00268964,0.00196169,0.00162478,0.00134722
7372,4.973455,5.236107999999997,0.97811,0.0967354,0.00811205,0.00335699,0.00225489,0.00164809,0.00136569,0.00113261
7375,5.388229,5.793741999999996,0.97831,0.0770681,0.00657195,0.0027283,0.00183264,0.00133946,0.00110995,0.000920517
7376,6.771537,6.150593000000003,0.97833,0.0781924,0.00652748,0.00269577,0.00181044,0.0013232,0.00109647,0.00090934
7377,6.77142,6.148965000000003,0.97833,0.345347,0.0294548,0.0122207,0.00820866,0.00599965,0.00497161,0.00412312
7378,5.030315,5.006823000000002,0.97838,0.0525307,0.0045338,0.0018727,0.00125768,0.000919214,0.000761707,0.000631709
7379,6.902115,6.523521999999997,0.97844,0.0627621,0.00543902,0.00225186,0.00150978,0.00110235,0.000913099,0.000757071
7381,7.01155,6.278305999999998,0.97869,0.127578,0.0146511,0.00599745,0.00362051,0.00243586,0.00194565,0.00157391
7382,5.823444,5.564879999999993,0.97872,0.0848844,0.00741103,0.00302012,0.0020266,0.00148107,0.00122728,0.00101782
7383,5.832181,5.560831000000001,0.97872,0.553692,0.0474697,0.0197015,0.0132338,0.00967247,0.00801509,0.00664719
7384,5.307604,6.199297000000002,0.9789,0.0696557,0.00597061,0.00246812,0.00165776,0.00121164,0.00100403,0.000832675
7385,5.308578,6.1983380000000015,0.9789,0.0647798,0.00557662,0.00231477,0.00155486,0.00113644,0.000941711,0.000780992
7386,5.921653,5.681020000000003,0.9789,0.124369,0.0107738,0.0044419,0.00298154,0.00217892,0.00180554,0.00149738
7389,5.989566,5.739204999999998,0.97894,0.0540776,0.00492483,0.00183997,0.00122648,0.000895493,0.00074196,0.000615313
7390,6.928706,6.693846999999999,0.97904,0.0866806,0.00738196,0.00306213,0.00205687,0.00150335,0.00124575,0.00103315
7391,6.851075,6.847602000000003,0.97932,16.4228,1.67557,0.65647,0.415516,0.293657,0.240403,0.197952
7392,5.011314,4.875342999999997,0.97949,0.0706698,0.00636888,0.00242553,0.0016094,0.00117285,0.000971312,0.000805355
7393,4.978172,4.877536999999996,0.97949,0.0765373,0.00655968,0.00272382,0.00182963,0.00133726,0.00110812,0.000919005
7394,4.9813,4.872739999999997,0.97949,0.0568413,0.00484481,0.00199665,0.0013411,0.000980202,0.000812245,0.000673622
7395,4.978414,4.877741,0.97949,0.0686629,0.00593712,0.00244088,0.00163848,0.00119744,0.00099225,0.000822904
7396,5.304853,4.839974000000003,0.97951,0.0814086,0.00783967,0.00302827,0.00197286,0.00142518,0.00117724,0.000974843
7397,7.179097,5.911588999999999,0.9796,0.0625484,0.00535704,0.00222447,0.00149421,0.00109211,0.000904977,0.000750528
7398,7.174106000000001,5.906272999999997,0.9796,0.193816,0.0160574,0.00666337,0.00447587,0.00327138,0.00271083,0.00224819
7399,6.932123,6.198950999999996,0.97967,0.364319,0.030918,0.0128338,0.00862062,0.00630076,0.00522113,0.00433006
7400,6.928122,6.194410999999995,0.97967,0.133586,0.0113959,0.00473109,0.00317793,0.00232273,0.00192473,0.00159625
7401,4.823465,5.532346000000001,0.97977,0.0572506,0.00478913,0.00197617,0.00132706,0.000969901,0.000803705,0.000666539
7402,5.366041,6.970774000000006,0.98023,0.0766175,0.0101604,0.00393881,0.00226212,0.00147887,0.00116986,0.000941691
7403,5.709141,5.236730000000001,0.9803,0.0549253,0.00497884,0.00199142,0.00132019,0.000960299,0.000794734,0.000658697
7404,5.701137,5.240766000000006,0.9803,0.129843,0.0183472,0.0083599,0.00494557,0.00311241,0.00235468,0.0018036
7405,5.70453,5.2347010000000065,0.9803,0.0949896,0.00814182,0.00335849,0.00225573,0.00164869,0.00136619,0.00113303
7407,7.181173000000001,6.593583000000004,0.98044,0.0583451,0.00664506,0.00157533,0.000920339,0.000643719,0.000527764,0.000435581
7408,7.184154,6.604927,0.98044,0.0595559,0.00508411,0.00211094,0.00141795,0.00103637,0.000858787,0.000712221
7409,4.881628,5.186286999999996,0.98091,0.052699,0.004479,0.0018319,0.00122938,0.000898417,0.000744459,0.000617401
7410,4.875256,5.179175000000003,0.98091,0.0840835,0.00708228,0.00294073,0.00197533,0.00144376,0.00119637,0.000992189
7413,4.982134,7.037271999999996,0.98114,0.264905,0.023144,0.0094735,0.00635087,0.00464002,0.00384472,0.0031885
7415,6.571043,5.451747999999995,0.98141,0.255965,0.0528272,0.0175082,0.00891534,0.00525474,0.00393499,0.00303475
7416,6.570184,5.453118000000005,0.98141,0.107532,0.00925673,0.00384181,0.00258058,0.00188613,0.00156294,0.0012962
7422,6.601921,5.481394000000006,0.98174,0.251227,0.0226534,0.00916937,0.00607498,0.00441394,0.00365118,0.0030253
7423,4.920148,4.943248000000004,0.98248,0.0554007,0.00549252,0.00200249,0.00131715,0.000958802,0.000794029,0.000658394
7424,4.917462,4.942568,0.98248,0.102259,0.0087791,0.00363501,0.00244157,0.00178452,0.00147875,0.00122637
7425,5.732037,5.046898000000003,0.98266,0.0605076,0.00520537,0.00216075,0.0014514,0.00106081,0.000879044,0.000729021
7427,5.494444,6.486824999999993,0.98297,0.117983,0.00893969,0.00370299,0.00248733,0.00181798,0.00150647,0.00124936
7428,5.493478,6.489956999999999,0.98297,5.5427,0.465953,0.193426,0.129927,0.0949629,0.0786911,0.0652612
7429,6.704701000000001,6.189239000000002,0.98298,0.075782,0.00635407,0.00263833,0.00177221,0.00129529,0.00107335,0.000890163
7430,6.715136,6.194906999999998,0.98298,0.0688267,0.00586708,0.00231503,0.00154633,0.00112878,0.000935138,0.000775467
7431,6.713828,6.190684999999995,0.98298,0.166035,0.0135284,0.0055997,0.00376131,0.00274911,0.00227806,0.00188927
7432,6.976857,5.955337999999999,0.98305,0.0781686,0.00671565,0.00278819,0.00187287,0.00136887,0.00113431,0.000940723
7433,6.975583,5.958135000000003,0.98305,0.0582923,0.00595636,0.00200512,0.00131223,0.000954611,0.000790491,0.000655442
7434,5.407342,6.846688000000002,0.98308,0.112864,0.00955139,0.00396535,0.00266358,0.0019468,0.00161321,0.00133789
7435,5.206108,6.589290000000002,0.98313,0.525223,0.0340586,0.0141351,0.00949473,0.00693964,0.00575053,0.00476911
7436,6.956739,6.6399250000000025,0.98331,0.283259,0.0237523,0.00973039,0.0065303,0.00477223,0.00395442,0.0032795
7437,5.671582,6.720473000000002,0.98401,0.0569555,0.00482898,0.00198142,0.00133075,0.000972628,0.000805969,0.000668417
7438,5.671476,6.719258000000007,0.98401,0.316315,0.0307012,0.0122931,0.00791526,0.00564337,0.00463329,0.00382103
7441,6.698373,6.171971000000005,0.98445,0.139605,0.0119841,0.00496848,0.00333734,0.00243924,0.00202128,0.00167631
7442,6.696259,6.1763460000000014,0.98445,0.0776047,0.0067576,0.00271945,0.00181953,0.0013287,0.00110084,0.000912904
7443,4.902383,4.904087000000003,0.98446,0.0610841,0.0052489,0.00217956,0.00146404,0.00107006,0.000886705,0.000735374
7447,5.227121,6.743412000000006,0.98491,0.0924171,0.00794927,0.00327295,0.00219724,0.00160581,0.00133064,0.00110354
7449,6.509616,5.445871000000001,0.98605,0.107791,0.0092436,0.00380665,0.0025562,0.00186825,0.00154812,0.00128391
7450,6.507949,5.443443000000006,0.98605,0.0910382,0.00776595,0.00320135,0.00215021,0.00157157,0.00130228,0.00108003
7454,5.661419,5.870682000000003,0.98709,0.295252,0.0252891,0.0103743,0.00696318,0.00508875,0.00421673,0.00349706
7455,5.66848,5.8691749999999985,0.98709,0.0500219,0.00424499,0.00176188,0.00118348,0.000864994,0.000716778,0.000594448
7456,5.864698,5.838979000000002,0.98826,0.0964632,0.160928,0.275299,0.277992,0.243802,0.210801,0.172759
7457,5.863804,5.8386550000000055,0.98826,25.4345,2.14345,0.889908,0.597764,0.436902,0.362039,0.300251
7458,5.641042,5.890659,0.98826,0.154802,0.0131433,0.00545732,0.00366576,0.00267928,0.00222019,0.00184128
7459,5.644827,5.890062000000006,0.98826,0.651194,0.0551477,0.0228985,0.0153812,0.011242,0.00931573,0.00772585
7460,5.729492,5.877484999999995,0.98834,2.30884,0.196366,0.0815236,0.0547605,0.0400241,0.033166,0.0275057
7461,6.138544,6.373406999999997,0.98949,0.116058,0.00995226,0.00413206,0.00277556,0.00202864,0.00168103,0.00139414
7462,5.001112,7.0692089999999945,0.98995,2.29574,0.194302,0.0806825,0.0541956,0.0396112,0.0328238,0.0272219
7469,5.79483,5.811643000000003,0.99059,0.0639851,0.00557833,0.00228094,0.00153093,0.00111886,0.000927137,0.000768905
7470,5.794545,5.822866999999995,0.99059,0.138552,0.0140617,0.00540409,0.00344206,0.00244983,0.00201214,0.00166047
7477,5.913677000000001,6.972167000000005,0.99121,0.0621014,0.00512879,0.00207183,0.00139083,0.0010165,0.000842321,0.000698565
7478,6.256871,5.576214,0.99144,0.27748,0.0234753,0.00974584,0.00654641,0.00478473,0.00396487,0.0032882
7479,6.773616,6.988087000000004,0.99152,0.0715805,0.00610255,0.00249841,0.00167792,0.00122637,0.00101623,0.000842795
7480,6.764865,6.993799000000007,0.99152,0.170591,0.0147018,0.00609791,0.00409589,0.00299365,0.00248069,0.00205732
7481,4.927419,6.936604999999999,0.9917,0.0906814,0.00753819,0.00312714,0.00210054,0.00153527,0.0012722,0.00105508
7482,4.931096,6.934763999999997,0.9917,0.0800547,0.00687378,0.0028509,0.00191485,0.00139953,0.00115972,0.000961797
7484,5.428208,5.0809660000000045,0.99192,0.0674792,0.00533599,0.00221174,0.00148565,0.00108585,0.000899793,0.000746229
7486,6.210466,6.855099999999995,0.99212,0.0534567,0.00830396,0.00336228,0.00190282,0.00118511,0.000901261,0.000697911
7487,6.209089,6.8624099999999935,0.99212,0.0528549,0.00452569,0.00187892,0.0012621,0.000922458,0.000764396,0.000633939
7490,5.48532,4.941607999999995,0.99254,0.818513,0.0718604,0.0293236,0.0196428,0.0143491,0.0118894,0.00986001
7491,6.42188,5.304778000000001,0.99268,0.0681348,0.00586561,0.00243555,0.00163599,0.00119574,0.000990848,0.000821744
7492,6.422723,5.307939000000006,0.99268,0.0610431,0.0050592,0.00209659,0.0014083,0.00102932,0.000852946,0.000707377
7493,6.319682,6.854060000000004,0.99404,0.081829,0.0070057,0.00290623,0.00195214,0.00142681,0.00118232,0.000980541
7494,6.32131,6.853980000000006,0.99404,0.277587,0.0232574,0.00964936,0.00648161,0.00473736,0.00392562,0.00325565
7495,6.321813,6.868404000000005,0.99404,0.507064,0.0431612,0.0179134,0.0120326,0.00879454,0.0072876,0.00604385
7496,6.322493,6.851827999999996,0.99404,0.122242,0.0104901,0.00435522,0.00292546,0.0021382,0.00177182,0.00146943
7497,6.313483,6.8633729999999975,0.99404,0.0552675,0.00476763,0.00197331,0.00132524,0.000968588,0.000802619,0.000665639
7498,6.591523,6.636997000000003,0.99414,0.0974296,0.00790165,0.00328015,0.00220332,0.00161039,0.00133445,0.00110671
7499,5.955249,7.124595999999995,0.99453,0.116932,0.0100098,0.00415592,0.00279159,0.00204036,0.00169074,0.00140219
7500,5.002477,4.817757999999995,0.99454,0.0904254,0.00767841,0.00318349,0.00213837,0.00156292,0.00129511,0.00107408
7501,5.007339,4.813493000000001,0.99454,0.155146,0.0130197,0.00540392,0.00362988,0.00265306,0.00219846,0.00182326
7502,5.025897,6.080937999999997,0.99474,0.051473,0.00490995,0.0024094,0.0017066,0.00125219,0.00102016,0.000820766
7503,5.033192,6.076142999999994,0.99474,0.0973208,0.00836213,0.00346825,0.0023295,0.0017026,0.00141086,0.00117007
7504,5.502602,5.100703999999999,0.99479,0.347966,0.0296183,0.0122933,0.0082576,0.00603543,0.00500126,0.00414772
7505,6.510593,6.6168320000000005,0.9971,0.129505,0.119848,0.12934,0.104291,0.0761463,0.0588763,0.0431393
7506,6.509803,6.621273999999994,0.9971,0.0990385,0.00895426,0.00382834,0.00255466,0.00183971,0.00150769,0.0012365
7508,6.461829,5.594057999999999,0.9973,0.619383,0.0527302,0.021895,0.0147072,0.0107494,0.00890747,0.00738727
7509,6.570763,5.677130000000004,0.99793,0.0515544,0.00416318,0.00172463,0.00115845,0.000846704,0.000701622,0.000581879
7510,6.567754,5.678939999999997,0.99793,0.0986916,0.00842926,0.00348664,0.0023418,0.00171159,0.00141831,0.00117625
7511,4.946937,4.9028749999999945,0.99808,0.177036,0.0151447,0.00628772,0.00422355,0.00308697,0.00255802,0.00212145
7512,4.948095,4.908723000000001,0.99808,0.0503625,0.0032596,0.00134969,0.000906605,0.000662631,0.00054909,0.000455379
7514,5.641162,6.194387999999994,0.99858,0.13992,0.0115946,0.00481008,0.00323098,0.0023615,0.00195686,0.00162289
7515,5.640592,6.186151999999997,0.99858,0.0555752,0.00474346,0.00196256,0.00131825,0.000963498,0.000798403,0.000662143
7516,5.644504,6.181980000000002,0.99858,0.0546152,0.00465633,0.00193239,0.00129801,0.000948708,0.000786147,0.000651978
7517,5.643196,6.187035999999994,0.99858,0.129691,0.0109855,0.00455979,0.00306287,0.00223863,0.00185504,0.00153845
7518,6.231062,5.511527999999999,0.9986,0.215873,0.0185216,0.00769097,0.00516614,0.0037759,0.0031289,0.0025949
7519,6.472121,5.326800000000005,0.9987,0.0664136,0.00578226,0.00236442,0.00158642,0.00115932,0.000960657,0.000796702
7521,4.884935,5.420898999999999,0.99889,0.0836258,0.00776587,0.00299208,0.00198817,0.00145006,0.0012012,0.000996089
7522,4.887005,5.420756999999997,0.99889,0.207585,0.0178323,0.00740397,0.00497335,0.00363499,0.00301213,0.00249806
7523,7.094945,5.6456230000000005,0.99893,17.0961,1.47728,0.60963,0.409179,0.299015,0.247771,0.205482
7524,7.105357,5.747430000000002,0.99901,0.0676858,0.00583556,0.00241936,0.0016249,0.0011876,0.000984105,0.000816151
7525,7.097679,5.744555999999999,0.99901,0.0641282,0.00608103,0.00231441,0.00153058,0.00111496,0.0009234,0.000765667
7526,7.049701,5.674299999999996,0.99905,0.0889277,0.00738552,0.00306665,0.00205991,0.00150558,0.0012476,0.00103467
7527,6.652033,5.707311000000004,0.99906,0.123301,0.0105081,0.00436309,0.00293075,0.00214207,0.00177502,0.00147209
7528,6.656467,5.708620999999994,0.99906,0.0579876,0.00481514,0.00199516,0.00134015,0.000979505,0.000811668,0.000673144
7529,6.848458,5.4346110000000065,0.99914,0.0843946,0.0070254,0.00291714,0.00195948,0.00143217,0.00118677,0.00098423
7530,6.852405,5.4225749999999975,0.99914,0.0904656,0.00736062,0.00305622,0.00205291,0.00150046,0.00124335,0.00103116
7531,6.859779,5.429366000000005,0.99914,5.03626,0.432251,0.177371,0.119061,0.0870124,0.072102,0.0597964
7532,6.945679,6.923250999999994,0.99919,0.0509555,0.00428725,0.00177109,0.00118949,0.000869381,0.000720412,0.000597462
7533,6.946871,6.915708000000003,0.99919,0.062314,0.00526834,0.00218744,0.00146934,0.00107393,0.000889912,0.000738034
7534,6.947435,6.923192000000003,0.99919,0.105769,0.00901814,0.00371738,0.00249683,0.00182491,0.00151222,0.00125413
7535,4.844602,5.362495999999994,0.99936,0.027448,0.0349765,0.0622175,0.0614759,0.05178,0.0432262,0.0339146
7536,4.847128,5.367379000000002,0.99936,0.0703767,0.00606485,0.00251502,0.00168932,0.00123471,0.00102314,0.000848526
7543,6.771476,4.882719999999994,1.00057,0.0958423,0.00820021,0.00340426,0.00228669,0.00167133,0.00138495,0.00114858
7544,6.760268,4.878012000000004,1.00057,0.087306,0.00726536,0.00301412,0.00202462,0.00147978,0.00122622,0.00101695
7545,6.762448,4.879152999999999,1.00057,0.0638776,0.00535155,0.00220663,0.00148202,0.00108318,0.000897581,0.000744394
7548,6.172521,5.105457000000001,1.00101,0.102444,0.00878685,0.00364821,0.00245055,0.00179109,0.00148419,0.00123089
7549,5.246243,6.211920999999996,1.00103,0.0560453,0.00472578,0.00196223,0.00131806,0.000963359,0.000798288,0.000662047
7550,5.076111,4.984854000000003,1.00114,0.171151,0.0145684,0.00604808,0.00406258,0.00296931,0.00246052,0.0020406
7551,5.073584,4.985878000000007,1.00114,0.23264,0.0191538,0.00791046,0.00531324,0.0038834,0.00321798,0.00266878
7552,5.284623,6.516066000000006,1.00148,0.757805,0.0628235,0.0259742,0.0174462,0.0127513,0.0105664,0.00876305
7553,6.472408,6.191478000000001,1.0018,0.070014,0.006012,0.00248056,0.00166597,0.00121763,0.00100899,0.000836791
7554,6.478821,6.187736000000001,1.0018,0.343093,0.0295772,0.012173,0.00817562,0.00597546,0.00495157,0.0041065
7555,5.307255,6.404741000000002,1.00188,0.298388,0.0245504,0.0101892,0.00684421,0.00500239,0.00414523,0.00343778
7556,5.304325,6.406276000000004,1.00188,0.062015,0.00517748,0.00214889,0.00144344,0.001055,0.000874226,0.000725025
7557,5.311028,6.401459000000002,1.00188,0.155991,0.0180134,0.00833045,0.00523144,0.00347915,0.00271111,0.00212516
7558,6.404372000000001,6.638976000000004,1.00218,0.117274,0.0101385,0.00415215,0.00278687,0.00203671,0.0016877,0.00139967
7559,6.409549,6.6325190000000065,1.00218,0.289731,0.024835,0.0103125,0.00692707,0.00506295,0.00419541,0.0034794
7567,6.110166,7.164464000000005,1.00402,0.0593388,0.00510758,0.00210848,0.00141617,0.00103506,0.000857706,0.000711324
7568,5.752668,5.936533000000005,1.00415,0.0737419,0.00647635,0.00263673,0.0017666,0.00129059,0.00106937,0.000886847
7569,6.860032,6.656376000000002,1.00428,0.300709,0.0252507,0.0104834,0.00704184,0.00514683,0.00426493,0.00353705
7571,5.617279,5.616371999999999,1.0046,0.450941,0.0393545,0.0158849,0.0106618,0.00779221,0.006457,0.005355
7572,6.834481,6.574316000000003,1.00465,0.0833421,0.00717664,0.00297667,0.00199933,0.00146129,0.00121089,0.00100423
7573,4.934092,5.526018999999996,1.00473,0.128296,0.0110057,0.00456694,0.00306766,0.00224214,0.00185795,0.00154086
7574,4.938824,5.530101000000005,1.00473,0.105577,0.00904759,0.00375695,0.0025236,0.00184448,0.00152843,0.00126758
7576,5.212978,5.806724999999997,1.00511,0.0548128,0.00535936,0.00215408,0.00138464,0.000983712,0.000805792,0.000663244
7577,5.212687,5.804770000000001,1.00511,0.0530441,0.00438117,0.00181685,0.00122039,0.000891973,0.000739134,0.000612989
7578,5.210708,5.816573000000005,1.00511,0.137049,0.0117514,0.00487971,0.00327777,0.0023957,0.0019852,0.00164639
7581,7.155683,5.889717000000003,1.00646,0.11509,0.0357755,0.0562915,0.0600792,0.056292,0.0510587,0.0441478
7582,7.169672,6.719351000000006,1.00648,0.0593247,0.00504995,0.00209635,0.00140815,0.00102921,0.000852852,0.000707299
7583,7.173602000000001,6.7178610000000045,1.00648,0.0514617,0.00429197,0.0017822,0.00119713,0.000874976,0.000725049,0.000601308
7584,7.171259,6.719670999999999,1.00648,0.0798465,0.00682262,0.0028299,0.0019008,0.00138928,0.00115123,0.00095475
7589,5.265691,6.282462000000006,1.0069,0.143343,0.0121832,0.00504473,0.00338831,0.00247647,0.00205213,0.0017019
7591,7.160477000000001,5.821888999999995,1.00709,0.051689,0.00438717,0.0018216,0.0012236,0.000894319,0.000741078,0.000614601
7592,4.961938,5.583915999999998,1.00715,0.0909831,0.00773682,0.00321244,0.00215784,0.00157715,0.00130691,0.00108386
7604,7.107783,7.048118999999999,1.00764,0.0545484,0.00452737,0.00187977,0.00126267,0.000922876,0.000764742,0.000634226
7605,6.765349,5.339393999999994,1.00777,0.0528742,0.00435953,0.00181011,0.00121588,0.000888678,0.000736404,0.000610724
7606,6.72264,5.127653999999997,1.00781,0.39543,0.133137,0.0522671,0.0245407,0.0123607,0.00825079,0.00572395
7607,6.819338,4.9867550000000005,1.00785,0.0829832,0.00682596,0.00283441,0.00190391,0.00139156,0.00115312,0.000956318
7613,6.552225,6.337083000000005,1.0086,0.149599,0.0126745,0.00524689,0.00352434,0.00257591,0.00213453,0.00177024
7614,5.503411,5.813658999999998,1.00864,4.05709,0.35164,0.144738,0.0971885,0.0710324,0.0588609,0.0488153
7616,6.868949000000001,5.487353000000006,1.0087,0.0636099,0.00533624,0.00220711,0.00148236,0.00108343,0.000897785,0.000744563
7617,5.995114,4.934702000000003,1.00876,0.118029,0.0101295,0.00420328,0.0028234,0.0020636,0.00171,0.00141816
7618,6.898303,5.523859000000004,1.00889,0.273192,0.0234489,0.00971642,0.00652613,0.00476986,0.00395255,0.00327798
7621,6.81151,5.3979680000000005,1.00971,0.0732757,0.00621579,0.00256411,0.00172214,0.00125869,0.00104301,0.000865006
7622,6.821558,5.411035999999994,1.00971,5.78755,0.513233,0.207008,0.138518,0.101171,0.0838265,0.069518
7623,6.581678,6.372103000000005,1.00992,0.0798379,0.00680569,0.00281753,0.00189231,0.00138305,0.00114606,0.000950468
7627,6.763416000000001,5.322452000000001,1.01028,0.0790759,0.00678706,0.00281828,0.00189308,0.00138364,0.00114655,0.000950876
7628,6.764152,5.3223129999999985,1.01028,0.671683,0.0568025,0.0235822,0.0158405,0.0115777,0.00959388,0.00795653
7630,5.20367,7.104227,1.01045,0.0604895,0.00519408,0.00215673,0.00144871,0.00105885,0.000877418,0.000727673
7632,5.317406,4.893816000000001,1.01063,0.0662393,0.00569716,0.00236201,0.00158657,0.00115961,0.000960914,0.000796918
7633,7.134922,5.565873000000002,1.01071,3.02653,0.267626,0.108398,0.0724866,0.0529241,0.0438471,0.0363613
7637,6.773941,5.340609999999994,1.01225,0.551256,0.0536354,0.0204668,0.0133101,0.00961093,0.00793807,0.00657296
7640,6.755459,5.316630999999999,1.0127,0.0572711,0.00470448,0.00195341,0.00131214,0.000959032,0.000794703,0.000659074
7641,6.665145,5.155845000000006,1.01277,0.0961021,0.00768906,0.00309356,0.00207681,0.00151787,0.00125779,0.00104312
7642,6.660216,5.162106999999995,1.01277,0.18088,0.0155343,0.0064505,0.00433289,0.00316688,0.00262424,0.00217637
7643,6.661857,5.161948000000002,1.01277,0.464038,0.0406466,0.0166164,0.0111343,0.00813406,0.00673979,0.0055894
7644,5.516551000000001,6.143978999999995,1.01277,0.0974696,0.00839831,0.0034751,0.00233401,0.00170589,0.00141359,0.00117234
7645,5.514832,6.144390000000005,1.01277,0.215166,0.0186382,0.00769729,0.00516571,0.00377483,0.0031279,0.00259404
7646,7.099146000000001,5.524027999999999,1.01295,0.414655,0.0360144,0.0146617,0.00983516,0.00718711,0.00595547,0.00493904
7649,6.891926,5.151913000000005,1.01318,0.0501911,0.00426702,0.0017717,0.00119008,0.000869819,0.000720776,0.000597764
7652,5.118968,5.236489999999994,1.01396,0.144353,0.017405,0.00422212,0.00274406,0.00199939,0.00165637,0.00137362
7653,5.125981,5.243752999999997,1.01396,0.192978,0.0166125,0.00689478,0.00463129,0.00338498,0.00280497,0.00232625
7655,6.7131,4.825981000000004,1.01447,0.341009,0.030811,0.011259,0.00749309,0.00546961,0.00453168,0.00375812
7656,7.067273,6.186748000000001,1.01453,0.164499,0.0140992,0.0058546,0.00393262,0.00287432,0.00238181,0.00197532
7659,7.044214,6.1789219999999965,1.01527,0.0533194,0.00455595,0.00189093,0.00127016,0.00092835,0.000769278,0.000637988
7660,6.696378,5.126746999999999,1.01528,0.615534,0.0520642,0.0216156,0.0145195,0.0106122,0.0087938,0.007293
7661,5.468898,6.708859999999999,1.01547,0.0899874,0.00591934,0.00235581,0.00158206,0.00115631,0.000958175,0.000794647
7662,5.496718,6.715550000000001,1.01547,0.0665919,0.00573101,0.00237972,0.00159849,0.00116832,0.000968133,0.000802906
7663,5.770188,4.887025000000006,1.01629,10.8502,0.926971,0.384907,0.258547,0.188971,0.156591,0.129866
7664,6.677221,5.265567000000006,1.01659,0.0951863,0.00829762,0.00342592,0.0022927,0.00167217,0.00138449,0.00114758
7665,7.027552,6.2746370000000065,1.01738,0.526473,0.0451198,0.0187355,0.0125849,0.00919822,0.00762211,0.00632127
7666,6.921048,6.490888999999995,1.01773,0.248532,0.0237927,0.00913792,0.00597121,0.00431988,0.00356973,0.0029565
7667,5.283561,5.935634,1.018,0.0682339,0.00550292,0.00227353,0.00152699,0.00111605,0.000924817,0.000766982
7668,6.695424000000001,6.140739999999999,1.01822,0.13735,0.0118111,0.00487447,0.00327392,0.00239287,0.00198285,0.00164445
7669,6.954172,5.328280999999996,1.01823,0.0811853,0.00686937,0.00285245,0.00191603,0.00140042,0.00116046,0.000962405
7672,6.014801,6.086648000000006,1.01862,0.0626084,0.00538308,0.00223527,0.00150147,0.00109741,0.000909371,0.000754172
7673,6.015361,6.086699000000004,1.01862,0.379072,0.0325401,0.0135119,0.00907617,0.00663371,0.00549703,0.00455887
7674,5.133748,4.810125999999995,1.01874,0.0682066,0.00583826,0.00242293,0.00162751,0.00118954,0.000985709,0.000817482
7675,5.145846,4.807441000000002,1.01874,0.0530349,0.00446835,0.0018422,0.00123723,0.00090427,0.000749323,0.000621439
7676,5.147046,4.8153379999999935,1.01874,0.0963533,0.00830003,0.00341175,0.00229136,0.00167473,0.00138777,0.00115092
7677,5.47759,5.992663999999996,1.01893,0.152649,0.0129645,0.0053833,0.00361604,0.00264294,0.00219008,0.0018163
7680,5.414758,6.912462999999996,1.01915,0.0655251,0.00562555,0.00229026,0.00153723,0.00112347,0.000930954,0.000772071
7681,5.413768,6.912056999999994,1.01915,0.0788416,0.00678123,0.00281586,0.00189145,0.00138245,0.00114557,0.000950058
7682,5.634389,6.220939999999997,1.01917,0.0560747,0.00484646,0.00199148,0.00133737,0.000977458,0.000809971,0.000671736
7683,5.635936000000001,6.222905999999997,1.01917,0.42392,0.0338543,0.0140291,0.00942343,0.00688752,0.00570735,0.0047333
7687,5.727835,4.813870000000003,1.01974,0.0910962,0.00726004,0.00301419,0.00202467,0.00147982,0.00122625,0.00101697
7688,5.784822,6.4139040000000005,1.02004,0.0556153,0.00483176,0.00198887,0.00133447,0.000975161,0.000808045,0.000670133
7689,5.938306,6.133906,1.02013,0.118969,0.00941083,0.00389458,0.00261603,0.00191204,0.00158441,0.00131401
7692,5.420877,6.150931999999995,1.02021,0.0531846,0.00456478,0.00189538,0.00127315,0.00093054,0.000771092,0.000639493
7694,6.956801,5.237220999999996,1.02028,0.0516277,0.00421848,0.00175098,0.00117616,0.000859646,0.000712346,0.000590773
7695,6.95882,5.238677000000003,1.02028,0.766615,0.0909433,0.0328786,0.0198289,0.0137171,0.0111627,0.00916641
7696,7.179771,6.416051999999995,1.02035,0.0888782,0.0108247,0.004254,0.00250829,0.00167668,0.00134045,0.00108707
7697,7.177647000000001,6.415601999999996,1.02035,0.0501438,0.00431912,0.00178914,0.00120174,0.000878338,0.000727836,0.000603619
7701,5.984818,6.099116999999997,1.02056,0.0615882,0.00527859,0.00219189,0.00147233,0.00107611,0.000891723,0.000739536
7702,5.996619,6.108781999999994,1.02056,0.448621,0.0379857,0.0156996,0.0105451,0.00770736,0.0063867,0.00529671
7704,5.444788,6.142482999999996,1.0207,0.072129,0.00617888,0.00256288,0.00172151,0.00125824,0.00104264,0.000864699
7705,6.988522,5.192017999999997,1.02122,0.0857591,0.00688479,0.00272642,0.0018298,0.00133732,0.00110816,0.000919037
7707,6.120955,6.053530999999998,1.02204,0.21522,0.0185096,0.00768596,0.00516277,0.00377343,0.00312686,0.00259321
7708,6.102109,6.047355999999996,1.02204,0.201301,0.0192858,0.00669936,0.00433207,0.00312829,0.00258434,0.00214016
7710,5.531458,5.982747999999998,1.0223,0.0638149,0.00546055,0.00226343,0.00152031,0.00111118,0.000920779,0.000763633
7714,6.465731,7.137884999999997,1.02325,0.823895,0.0710415,0.0293742,0.0197263,0.0144174,0.0119469,0.00990799
7715,6.072196,6.936693999999995,1.02342,0.0545528,0.00557638,0.0025664,0.00168138,0.00116423,0.000926658,0.00073808
7716,6.768877,6.066582,1.02387,0.0535274,0.00456552,0.00189373,0.00127202,0.000929709,0.000770404,0.000638922
7717,6.05103,5.068517999999995,1.02388,0.067775,0.00576468,0.00239311,0.00160748,0.0011749,0.000973582,0.000807424
7718,6.05202,5.069534999999996,1.02388,0.216657,0.0175612,0.00727976,0.00488986,0.00357397,0.00296157,0.00245613
7723,5.920682,6.436209000000003,1.02601,0.341315,0.0285571,0.0118063,0.00792972,0.00579574,0.00480264,0.00398299
7724,7.067479,5.1608789999999996,1.02611,0.308304,0.0261703,0.0108623,0.00729634,0.00533285,0.00441907,0.00366488
7725,7.06302,5.1588539999999945,1.02611,0.0534695,0.00457713,0.00189633,0.00127369,0.000930919,0.000771406,0.000639753
7726,6.576832,6.243388000000006,1.02617,0.0502739,0.00423445,0.00175813,0.00118096,0.000863156,0.000715255,0.000593185
7727,6.939052,5.595913000000005,1.02639,0.0515956,0.00469251,0.00188974,0.00124864,0.000905095,0.000747806,0.000619082
7728,6.929599,5.602646,1.02639,8.10283,0.655684,0.271289,0.182227,0.133188,0.110366,0.0915306
7730,5.774062,6.050789999999999,1.02655,0.0596384,0.00496231,0.00205889,0.00138298,0.00101081,0.000837612,0.00069466
7731,5.782338,6.050086000000002,1.02655,0.0860239,0.00736761,0.00305915,0.00205487,0.00150189,0.00124455,0.00103214
7732,5.782509,6.050099999999993,1.02655,0.11,0.00935222,0.00388163,0.00260733,0.00190568,0.00157914,0.00130964
7733,5.782492,6.049761000000002,1.02655,0.0605333,0.00518306,0.00215223,0.00144568,0.00105664,0.000875585,0.000726153
7734,5.756765,6.028837000000001,1.02683,0.052639,0.00448268,0.00185959,0.00124911,0.000912965,0.000756529,0.000627415
7735,5.763259,6.033877000000006,1.02683,0.0517787,0.00445727,0.00184949,0.0012423,0.000907985,0.000752402,0.000623992
7736,7.183845000000001,5.816653999999995,1.0272,0.092625,0.00797946,0.00330473,0.00221977,0.00162241,0.00134441,0.00111497
7737,6.619793,5.8813649999999935,1.02749,0.175416,0.0157118,0.00626502,0.00419068,0.00306101,0.00253631,0.00210341
7738,6.619784,5.893172000000001,1.02749,0.0703637,0.00600186,0.00245708,0.0016497,0.0012057,0.000999103,0.000828589
7739,7.119895,5.028964999999997,1.02759,0.0832373,0.00714111,0.00296496,0.0019916,0.00145565,0.00120622,0.00100036
7740,7.113291,5.034254999999998,1.02759,0.0629666,0.00536937,0.00222233,0.00149274,0.00109103,0.000904084,0.000749787
7741,6.000958,6.255681000000001,1.02803,0.0890055,0.00765539,0.00309163,0.00207385,0.00151552,0.00125582,0.00104149
7742,6.888837,5.528592000000005,1.02804,0.0574554,0.00652353,0.00243903,0.00149556,0.00103433,0.000838625,0.000685846
7743,6.88355,5.532066000000001,1.02804,0.0792812,0.00680952,0.00282297,0.00189615,0.00138588,0.00114841,0.000952417
7744,6.302842000000001,6.203982999999995,1.02805,0.0620288,0.00527917,0.00215716,0.00144671,0.00105703,0.000875851,0.000726354
7745,6.294741,6.202135999999994,1.02805,0.10432,0.00890619,0.00369782,0.00248388,0.00181545,0.00150437,0.00124763
7746,6.65065,5.852152000000003,1.02809,0.116418,0.00965315,0.00400304,0.00268888,0.00196529,0.00162854,0.0013506
7747,6.622321,5.774175000000005,1.02822,0.0579174,0.00489506,0.00201557,0.0013535,0.000989231,0.000819724,0.000679824
7748,6.066234,6.307244999999999,1.02863,0.0879414,0.00751366,0.00311581,0.00209293,0.00152971,0.00126759,0.00105126
7749,6.067936,6.306313999999994,1.02863,0.0759543,0.00563766,0.00227624,0.00152787,0.00111664,0.000925297,0.000767379
7750,6.239625,6.031074000000004,1.0287,0.0800826,0.00678324,0.00281532,0.00189109,0.00138218,0.00114535,0.000949874
7751,6.549858,5.411479000000003,1.02876,0.0502042,0.00525265,0.00190747,0.00120717,0.000857956,0.000704272,0.000580884
7752,5.064281,5.454836999999996,1.02937,0.050107,0.00422539,0.00175439,0.00117845,0.000861319,0.000713732,0.000591922
7753,5.063404,5.455297999999999,1.02937,0.491595,0.0441672,0.0179548,0.0119004,0.00864593,0.00715142,0.0059253
7754,5.908483000000001,6.5315499999999975,1.02953,0.0716369,0.00616516,0.00255986,0.0017195,0.00125677,0.00104142,0.000863686
7756,6.585284,5.509194999999998,1.0304,0.329234,0.0286897,0.0116802,0.00783944,0.0057294,0.00474764,0.00393738
7757,7.075614,5.5881390000000035,1.03066,1.20661,0.104261,0.0426634,0.0286226,0.0209157,0.0173313,0.0143733
7760,6.545705,5.555044999999998,1.0311,0.0777693,0.00666677,0.00276825,0.00185947,0.00135908,0.0011262,0.000933995
7761,6.545208,5.563515999999995,1.0311,0.129484,0.010602,0.00439064,0.00294918,0.00215553,0.00178618,0.00148134
7762,6.785958,5.465405000000002,1.03168,0.0970002,0.00810091,0.00336383,0.00225954,0.00165148,0.0013685,0.00113494
7763,6.494646,5.580681000000005,1.03177,0.168795,0.0148014,0.00599765,0.00401478,0.00293204,0.00242927,0.00201456
7764,6.195584,6.029346000000003,1.03192,2.47307,0.218485,0.0874884,0.0586611,0.0428674,0.0355215,0.0294591
7765,5.088706,5.817818000000005,1.0323,0.158641,0.0134251,0.00557456,0.00374451,0.00273684,0.00226788,0.00188083
7767,5.903053,5.406309000000006,1.03272,0.128514,0.0120499,0.00479281,0.00313407,0.00226305,0.00186834,0.00154649
7768,5.905603,5.407923,1.03272,0.0567108,0.00853123,0.00979517,0.0099522,0.00909119,0.00813586,0.0069425
7770,5.932843,6.7224,1.03286,0.0577755,0.00482111,0.00200193,0.00134472,0.00098285,0.000814439,0.000675442
7771,6.409593,5.5954219999999975,1.03302,0.116764,0.00979176,0.00406547,0.00273084,0.00199595,0.00165395,0.00137167
7773,5.555257,6.569168000000004,1.0331,0.076975,0.00662824,0.00275129,0.00184803,0.00135071,0.00111926,0.000928244
7774,5.558485,6.569153999999999,1.0331,0.194562,0.0167613,0.0068676,0.00460658,0.00336591,0.00278901,0.00231297
7780,5.93308,6.682027000000004,1.03338,0.0623165,0.00536166,0.0022209,0.00149177,0.00109032,0.000903498,0.000749301
7781,6.774853,7.10016,1.03348,0.205855,0.0176969,0.00734663,0.00493482,0.00360683,0.0029888,0.00247872
7782,6.897889000000001,5.306684999999997,1.03369,0.0682001,0.00616865,0.00256647,0.00169458,0.00122054,0.00100419,0.00082836
7783,6.625086,5.801184999999999,1.03378,0.092703,0.00795889,0.00330476,0.00221986,0.00162248,0.00134447,0.00111501
7784,6.437855,6.875888999999996,1.03381,0.0725778,0.00607216,0.00251683,0.00169055,0.00123561,0.00102389,0.000849147
7785,6.433663,6.8691790000000035,1.03381,0.0745875,0.00640244,0.00265841,0.00178569,0.00130515,0.00108151,0.000896936
7787,7.009624,5.522887000000003,1.03433,0.22594,0.0192931,0.00799823,0.00537229,0.00392656,0.00325374,0.00269844
7788,7.013558,5.531826999999997,1.03433,0.313072,0.0269701,0.0110843,0.00744127,0.00543839,0.00450649,0.00373737
7789,5.864119,4.819160999999996,1.03449,0.146534,0.0118705,0.00492389,0.00330744,0.00241738,0.00200317,0.00166129
7790,6.115463,6.710069999999999,1.03478,0.160754,0.0133971,0.00555074,0.00372847,0.00272511,0.00225817,0.00187277
7792,5.151118,5.955433999999997,1.03499,0.067301,0.00537812,0.00223226,0.00149944,0.00109593,0.000908142,0.000753153
7793,5.988671000000001,6.814792000000001,1.03505,0.0556644,0.00474819,0.00194466,0.0013045,0.000953174,0.000789805,0.000654998
7794,5.997433,6.811539,1.03505,0.0945923,0.00840205,0.00338622,0.00226192,0.00165093,0.00136767,0.00113414
7795,5.987618,6.809921000000002,1.03505,0.0870102,0.00733536,0.00304585,0.00204594,0.00149536,0.00123913,0.00102766
7796,5.222263,6.6717349999999955,1.03537,0.120786,0.0103195,0.00428355,0.00287732,0.00210301,0.00174266,0.00144525
7797,5.849566,5.302398000000005,1.03547,0.0638106,0.00549553,0.00228179,0.00153271,0.00112025,0.000928293,0.000769864
7798,6.196341,4.8591030000000055,1.03561,0.0531282,0.0045307,0.00187504,0.00125936,0.00092045,0.00076273,0.000632558
7799,5.235327,6.381173000000005,1.03573,0.157742,0.0592501,0.0416389,0.0256411,0.0146973,0.00980331,0.00627179
7800,5.235858,6.380410999999994,1.03573,0.0818795,0.0065315,0.00270017,0.00181364,0.00132557,0.00109844,0.00091097
7801,5.851166,5.349809000000006,1.03648,0.311015,0.0267558,0.0111058,0.00745988,0.00545237,0.00451811,0.00374702
7802,6.9459740000000005,5.250541000000006,1.03678,0.0643979,0.0706978,0.0492127,0.0292478,0.0160447,0.010282,0.00620319
7805,5.195637,5.609047999999996,1.03815,0.0753877,0.00639298,0.00265391,0.00178267,0.00130294,0.00107968,0.000895418
7806,5.787351,5.253368000000001,1.03829,0.40829,0.0388581,0.0146507,0.0095873,0.00694313,0.00573912,0.00475378
7807,5.245389,6.423741999999995,1.03836,1.05048,0.0890979,0.036985,0.0248434,0.0181579,0.0150465,0.0124786
7808,5.655762000000001,5.226117999999999,1.03846,0.165978,0.0141794,0.00588679,0.00395424,0.00289013,0.00239491,0.00198618
7810,5.012033,6.482903999999999,1.03879,0.171118,0.0129933,0.00534302,0.0035888,0.00262303,0.00217358,0.00180262
7811,6.118448,6.471496000000004,1.03879,0.399481,0.0335643,0.013931,0.00935765,0.00683944,0.00566751,0.00470026
7812,4.865059,5.801685999999996,1.03902,0.0841848,0.00767548,0.00306344,0.00202306,0.00146676,0.00121204,0.00100351
7813,4.85425,5.795817999999999,1.03902,0.072678,0.00616631,0.00255748,0.00171785,0.00125556,0.00104042,0.000862856
7814,4.86145,5.799732999999995,1.03902,0.0746629,0.00631428,0.00262143,0.00176085,0.00128699,0.00106647,0.000884458
7815,6.224235,6.598828000000006,1.03946,0.0767775,0.00675449,0.00271824,0.00181585,0.00132516,0.00109771,0.000910235
7816,6.217003,6.606954,1.03946,0.0740059,0.00558122,0.00230373,0.00154737,0.00113096,0.000937172,0.000777228
7817,6.216829,6.590333000000004,1.03946,0.430731,0.0367293,0.0152204,0.0102234,0.00747219,0.00619183,0.0051351
7819,5.47449,5.222233000000006,1.0399,0.173841,0.0111691,0.00463718,0.00311486,0.00227663,0.00188653,0.00156457
7820,5.470095,5.220852999999995,1.0399,0.0558887,0.00907627,0.00518449,0.00313742,0.00188004,0.00134341,0.000960493
7821,5.471900000000001,5.219217000000001,1.0399,0.0951399,0.00763445,0.00316919,0.00212879,0.00155592,0.00128931,0.00106927
7822,5.015599,6.376215999999997,1.04001,0.509056,0.0423948,0.017601,0.0118228,0.00864123,0.00716056,0.00593849
7823,5.02275,6.370543999999999,1.04001,0.0510857,0.00441581,0.00181477,0.00121768,0.0008898,0.000737306,0.000611465
7824,5.020437,6.370806999999996,1.04001,0.0512488,0.00440594,0.00182771,0.00122769,0.000897309,0.000743556,0.000616656
7825,6.261388,6.5478139999999945,1.04032,0.0969591,0.00841086,0.00344187,0.00230778,0.00168606,0.00139705,0.00115859
7826,5.464558,6.254620000000004,1.04037,0.0575156,0.00495011,0.00205547,0.00138069,0.00100913,0.00083622,0.000693505
7827,5.459585000000001,6.255597,1.04037,0.0713074,0.00613854,0.00254762,0.00171124,0.00125073,0.00103642,0.000859537
7828,5.036577,5.877440999999999,1.04059,0.0989828,0.00835195,0.00346765,0.00232927,0.00170245,0.00141073,0.00116997
7829,5.853233,6.152475000000002,1.04101,0.0526523,0.00436366,0.00181167,0.00121693,0.000889443,0.000737037,0.00061125
7830,5.852487,6.147560999999999,1.04101,0.0805684,0.00620838,0.00257074,0.00172679,0.0012621,0.00104584,0.00086735
7832,5.3656310000000005,5.152341000000005,1.04168,0.0872145,0.0072601,0.00299816,0.00201379,0.00147186,0.00121966,0.0010115
7833,5.366272,5.146897000000005,1.04168,0.374321,0.0325884,0.0134447,0.00900314,0.00657134,0.005443,0.00451301
7834,5.190817,5.997225000000003,1.04168,0.0743878,0.00770592,0.00294665,0.00186258,0.00131967,0.00108211,0.000892121
7835,5.187833,5.986869999999999,1.04168,0.069035,0.00568007,0.002347,0.00157649,0.00115225,0.000954811,0.000791857
7836,5.194439,5.991524999999996,1.04168,2.18935,0.184972,0.0762427,0.0511979,0.0374188,0.031007,0.0257151
7837,5.516567,6.977642,1.04174,4.40743,0.379041,0.156771,0.10529,0.0769549,0.0637686,0.0528855
7838,6.589459000000001,6.869339,1.04233,0.0621933,0.00464974,0.00192788,0.00129498,0.000946495,0.000784313,0.000650458
7839,6.595384,6.870312999999996,1.04233,1.49498,0.205196,0.0599601,0.0352041,0.0244756,0.0200181,0.0165007
7840,6.751933,6.965187000000001,1.04251,0.097765,0.00839392,0.00348552,0.00234127,0.00171122,0.001418,0.001176
7841,5.902414,6.180401000000005,1.04267,1.67972,0.144178,0.0598152,0.0401783,0.029366,0.0243342,0.0201812
7842,5.410295,6.9434140000000015,1.04278,0.110409,0.00923912,0.00383598,0.00257668,0.00188328,0.00156058,0.00129424
7844,5.127162,6.661844999999998,1.04282,0.0601243,0.00488418,0.00202464,0.00135995,0.000993976,0.000823659,0.000683088
7845,7.016282,5.566047000000003,1.04312,0.124528,0.0106784,0.00443254,0.00297738,0.00217615,0.00180327,0.00149551
7847,6.363422,6.358274999999997,1.04319,0.105849,0.00913984,0.00378469,0.00254138,0.00185736,0.00153909,0.00127641
7848,6.362336,6.357173999999995,1.04319,0.235949,0.0277206,0.00842629,0.00534697,0.00385958,0.00319144,0.00264486
7849,6.361738,6.359252000000006,1.04319,0.0590082,0.0116697,0.0117773,0.00997912,0.0076341,0.00607796,0.00459233
7850,6.349988,6.393348000000004,1.04333,0.0813619,0.00694278,0.00288284,0.00193645,0.00141534,0.00117282,0.000972659
7851,6.321401000000001,6.362328999999996,1.04333,130.235,11.127,4.61817,3.10209,2.26729,1.87879,1.55815
7854,6.389166,6.4623130000000035,1.0437,0.0673763,0.00524641,0.00217844,0.00146329,0.00106951,0.000886251,0.000734998
7855,4.919539,6.3936139999999995,1.04375,0.0589058,0.00507541,0.00209716,0.00140833,0.00102931,0.000852936,0.000707368
7856,5.96309,5.709467999999997,1.04379,16.5121,1.38134,0.571737,0.384033,0.280687,0.232591,0.192896
7857,5.076993,6.6104690000000055,1.04392,0.047674,0.0508738,0.0928905,0.0976876,0.0886177,0.0782307,0.065473
7858,5.193988,5.835759999999996,1.04405,0.112818,0.013772,0.007552,0.00512775,0.00350062,0.00270408,0.00205928
7859,5.191,5.833954999999996,1.04405,0.0611302,0.00526078,0.00218298,0.00146632,0.00107173,0.000888087,0.000736521
7860,5.38199,5.342900000000003,1.04445,0.224536,0.0192143,0.00702875,0.00468008,0.00341621,0.00283035,0.00234719
7861,5.380975,5.348702999999997,1.04445,0.130338,0.0112002,0.00465078,0.00312399,0.00228331,0.00189206,0.00156915
7862,5.215090000000001,5.673537999999998,1.04457,0.086687,0.00694297,0.00272524,0.00182365,0.00133205,0.0011037,0.000915307
7863,6.467356,5.258030000000001,1.04515,0.0616614,0.00637383,0.00251075,0.00158156,0.00111145,0.000907198,0.000745349
7864,6.456512,5.258247000000006,1.04515,0.150465,0.0130222,0.00536592,0.00360279,0.00263313,0.00218193,0.00180955
7865,6.463854,5.255772000000003,1.04515,0.0685131,0.00530626,0.00220336,0.00148003,0.00108174,0.000896387,0.000743404
7866,5.218763,5.590330999999995,1.04575,0.0535495,0.00458218,0.00190064,0.00127666,0.0009331,0.000773213,0.000641252
7867,5.43563,5.339277000000003,1.04578,0.0568077,0.00486163,0.0020186,0.00135592,0.000991037,0.000821223,0.000681068
7868,5.660508,6.094679999999997,1.04592,0.0514486,0.00438174,0.00181933,0.00122207,0.000893204,0.000740154,0.000613835
7869,5.662197,6.093338999999999,1.04592,0.633549,0.0532496,0.02211,0.0148516,0.0108549,0.00899495,0.00745981
7870,5.060779,6.6575160000000055,1.04622,0.209955,0.0179873,0.0074625,0.00501257,0.00366365,0.00303588,0.00251776
7872,6.931281000000001,6.820256999999994,1.04634,0.0662689,0.00694328,0.0024349,0.00156842,0.0011329,0.000936428,0.000775831
7875,6.979522,5.439430000000003,1.04722,0.05531,0.0045741,0.00189742,0.00127452,0.00093154,0.000771921,0.00064018
7876,5.286219,6.505329000000006,1.0477,0.0737063,0.00633897,0.00262488,0.00176292,0.00128849,0.0010677,0.000885482
7877,5.452933,5.715818000000004,1.04773,0.0726796,0.00656009,0.00259965,0.00173325,0.00126479,0.00104779,0.000868885
7878,5.45081,5.714634000000004,1.04773,0.0604473,0.0144716,0.0123131,0.00948172,0.00679923,0.0052473,0.00387251
7879,5.455397,5.727370999999999,1.04773,0.0887311,0.0081361,0.00266492,0.00175004,0.00127413,0.00105519,0.000874948
7880,5.445276,5.7186729999999955,1.04773,0.228372,0.0331791,0.0164316,0.0102835,0.00663738,0.00500872,0.00376757
7885,6.956972,6.045379000000003,1.04945,0.0652253,0.0298247,0.0272086,0.0201409,0.0136472,0.0100706,0.00704736
7886,5.283796,5.6628969999999965,1.04967,0.0572324,0.00476967,0.00197985,0.00132989,0.000972011,0.000805457,0.000667993
7889,5.578701,5.455808999999997,1.05021,0.0698236,0.0232345,0.0191938,0.0137478,0.00912045,0.00666862,0.00464509
7890,5.994467,4.86554,1.0504,7.59783,0.645074,0.267841,0.179913,0.131497,0.108965,0.0903684
7891,5.238845,5.882398999999998,1.05086,0.0793902,0.00680763,0.00282668,0.00189872,0.00138777,0.00114997,0.000953711
7892,6.844377,4.890554000000003,1.0514,0.0555292,0.0129667,0.00495797,0.00247737,0.00137881,0.000991378,0.000738202
7896,6.761504000000001,6.134850999999996,1.05179,2.48835,0.213658,0.0879675,0.0590815,0.043182,0.0357828,0.0296759
7897,6.903784,6.399618,1.05211,0.0628037,0.00527562,0.00219062,0.00147147,0.00107549,0.000891205,0.000739106
7898,5.172,5.268426000000001,1.05236,0.0585971,0.00494626,0.0020523,0.00137855,0.00100757,0.000834927,0.000692433
7899,4.92438,5.004017,1.05238,0.054303,0.00455005,0.00170346,0.00113852,0.000831657,0.000689111,0.000571494
7900,4.923897000000001,5.004817999999999,1.05238,0.0830942,0.00724279,0.00270595,0.00180836,0.00132099,0.00109458,0.000907764
7901,4.924777,5.001509000000007,1.05238,0.454979,0.0388983,0.0160691,0.0107909,0.00788669,0.00653527,0.00541992
7902,6.014961,7.094034000000001,1.05318,0.0738832,0.0068048,0.00276977,0.0018151,0.00130848,0.00107901,0.00089234
7906,6.999605,5.832268999999996,1.05374,0.0648369,0.00558841,0.0023157,0.00155505,0.00113649,0.00094174,0.000781012
7907,6.999284000000001,5.8369159999999995,1.05374,0.0756866,0.00652382,0.00270262,0.00181492,0.00132644,0.00109915,0.000911556
7912,7.058474,6.901911000000003,1.05459,0.0646796,0.00554265,0.00229674,0.00154271,0.00112755,0.000934348,0.000774886
7913,7.058028,6.906135,1.05459,0.209489,0.0175816,0.007254,0.00487216,0.00356101,0.00295083,0.00244723
7914,7.064564,6.912710000000006,1.05459,0.808052,0.0687706,0.0285559,0.0191814,0.0140195,0.0116173,0.00963462
7919,6.410813,6.446579000000003,1.0556,0.151908,0.0143016,0.00548721,0.00362478,0.0026382,0.00218437,0.00181102
7921,5.108067,6.093196999999998,1.05607,0.0825241,0.00703769,0.00292235,0.00196298,0.00143473,0.00118889,0.000985988
7922,5.10348,6.091107999999995,1.05607,0.0511337,0.00437492,0.00181647,0.00122015,0.0008918,0.000738991,0.00061287
7925,5.465638,6.774249999999997,1.05661,0.0630899,0.00544446,0.00224587,0.00150769,0.00110184,0.000913026,0.000757199
7926,5.462938,6.777109000000005,1.05661,0.0739952,0.00636523,0.00264218,0.00177477,0.00129717,0.0010749,0.000891448
7927,5.462283,6.776597999999994,1.05661,0.487336,0.062895,0.0171265,0.0106558,0.00766293,0.00633299,0.00524756
7930,6.683836,5.058588000000006,1.05678,0.0852216,0.00723239,0.00300315,0.00201726,0.0014744,0.00122177,0.00101325
7933,5.322024,5.610414999999994,1.05683,0.130484,0.0111818,0.00464312,0.00311885,0.00227955,0.00188895,0.00156657
7934,5.322593,5.611808999999997,1.05683,0.158801,0.013697,0.00564413,0.00379051,0.00277042,0.00229571,0.00190391
7935,5.179139,5.240816,1.05733,0.111761,0.0103914,0.00415346,0.00272209,0.00196847,0.00162614,0.00134654
7936,5.47492,4.916893999999995,1.05743,0.0968568,0.00798074,0.00331391,0.002226,0.00162697,0.00134819,0.0011181
7937,5.48769,4.921349000000003,1.05743,0.103571,0.063776,0.101059,0.100733,0.0876908,0.0755449,0.0617252
7938,5.476831,4.9149989999999955,1.05743,0.195096,0.0167642,0.00696121,0.00467594,0.00341762,0.00283201,0.00234868
7939,6.835922,5.951140999999994,1.05746,0.168567,0.0196305,0.0059133,0.00363975,0.00258389,0.00212543,0.00175664
7940,6.832637,5.9525089999999965,1.05746,0.176759,0.0149164,0.00617346,0.00414647,0.0030306,0.00251131,0.00208271
7941,5.148464,5.210816000000002,1.05757,0.185767,0.0153171,0.00629406,0.00422722,0.00308962,0.00256022,0.00212327
7942,5.143053,5.203708,1.05757,0.161212,0.00621858,0.00252184,0.0016937,0.0012379,0.00102579,0.000850722
7945,5.185221,5.594165000000002,1.05859,3.3582,0.28516,0.118108,0.0793338,0.0579845,0.0480489,0.0398486
7946,5.368717,6.166463000000007,1.0589,0.729515,0.0600672,0.0249401,0.0167526,0.0122444,0.0101463,0.00841467
7948,5.08038,6.066518000000002,1.05918,0.0609053,0.0049525,0.00205614,0.00138114,0.00100947,0.000836494,0.000693733
7949,6.557387,6.411978999999996,1.05938,0.122209,0.0105747,0.00436594,0.00293007,0.00214111,0.00177416,0.00147135
7950,5.195636,5.238860000000001,1.05971,0.896571,0.0799386,0.0321707,0.0214298,0.0156183,0.0129325,0.0107215
7951,5.183386,6.682857000000004,1.05981,0.0578661,0.0049661,0.00206209,0.00138513,0.00101239,0.000838914,0.00069574
7952,5.18352,6.684833999999997,1.05981,0.133409,0.0114161,0.0047404,0.00318419,0.00232731,0.00192852,0.00159939
7953,6.986949,6.660810999999994,1.0603,0.142993,0.0121778,0.00505671,0.00339667,0.0024826,0.00205721,0.00170611
7954,6.989183,6.658340999999997,1.0603,15.4509,1.31766,0.547144,0.367524,0.268621,0.222593,0.184604
7955,5.143541,6.905683000000007,1.06059,0.194007,0.0162587,0.00674907,0.00453344,0.00331346,0.0027457,0.0022771
7957,5.194388,5.007528000000002,1.06079,0.0580262,0.00489647,0.00203089,0.00136416,0.000997058,0.000826213,0.000685206
7958,6.190405,5.6180129999999995,1.06084,0.0954967,0.00700896,0.00290026,0.00194809,0.00142384,0.00117987,0.000978505
7959,5.064782000000001,6.022496999999995,1.06086,0.0690597,0.00591819,0.00241923,0.0016237,0.00118663,0.000983287,0.000815471
7960,5.060374,6.0310329999999945,1.06086,0.279959,0.0236793,0.00982637,0.00660047,0.00482424,0.00399761,0.00331535
7961,4.999347,6.047838000000006,1.06157,0.0562582,0.00483727,0.00200059,0.00134363,0.00098204,0.000813767,0.000674884
7962,5.551007,7.179892999999995,1.0619,0.0872837,0.00728497,0.00290545,0.00194986,0.00142505,0.00118087,0.000979333
7963,5.166508,5.551812,1.06214,0.068031,0.00650985,0.00251196,0.00164163,0.0011878,0.000981633,0.000813064
7964,5.87387,6.636039999999998,1.0622,0.0950545,0.00822211,0.00339527,0.00227966,0.00166609,0.0013806,0.00114498
7965,6.004643,5.724255999999997,1.06254,0.0596419,0.0164132,0.0128708,0.0086211,0.00530491,0.00368821,0.00244948
7966,5.229867,6.512089999999996,1.06284,0.0578686,0.00488538,0.0020211,0.00135753,0.00099221,0.000822196,0.000681875
7968,5.381044,5.6428029999999945,1.06351,0.0569195,0.00482019,0.00197026,0.00132258,0.000966596,0.000800964,0.000664266
7969,5.459242,5.6543969999999995,1.06351,0.0695463,0.00641554,0.00248637,0.00165751,0.00121006,0.00100257,0.000831434
7970,5.708161,5.151761000000001,1.06355,0.206643,0.01709,0.00707245,0.00475051,0.00347211,0.00287717,0.00238613
7971,5.70704,5.146640999999998,1.06355,0.169622,0.0143,0.00593763,0.00398839,0.00291509,0.00241559,0.00200333
7972,4.823596000000001,5.644931,1.06356,0.059945,0.00495627,0.00203968,0.00136951,0.00100091,0.000829395,0.000687844
7973,4.816947,5.658313000000001,1.06356,2.35181,0.46373,0.956764,1.30044,1.50801,1.56549,1.55541
7974,6.641272,6.908302999999997,1.06358,0.0571449,0.0675908,0.0708487,0.0513944,0.0329126,0.0230256,0.0150298
7975,6.63625,6.907755000000006,1.06358,0.124851,0.0115707,0.00450391,0.00297667,0.00216477,0.00179172,0.00148517
7978,5.188588,6.032981,1.06388,0.0679824,0.0056887,0.00236071,0.00158572,0.00115899,0.000960399,0.000796491
7979,4.85556,5.586160999999994,1.06435,0.306898,0.0263725,0.0109422,0.00734996,0.00537203,0.00445154,0.00369181
7980,4.850168,5.5166759999999995,1.06474,0.0671267,0.00585524,0.00238952,0.00160246,0.00117092,0.000970244,0.000804647
7981,6.752366,5.718803,1.06481,0.0707751,0.00578317,0.00239671,0.00160986,0.00117663,0.000975018,0.000808616
7983,5.385537,5.5624120000000055,1.06507,0.184547,0.0148445,0.00616323,0.00413993,0.00302585,0.00250737,0.00207945
7984,6.530042,5.601454999999998,1.06526,0.134959,0.0114816,0.00476765,0.0032025,0.00234068,0.00193961,0.00160858
7985,5.50107,4.809555000000002,1.06543,0.0517311,0.00445513,0.00184911,0.00124206,0.000907809,0.000752256,0.000623871
7986,5.505731,4.810227,1.06543,0.219751,0.0186814,0.00775034,0.005206,0.00380503,0.00315304,0.00261493
7990,5.447456,5.585385999999995,1.06658,0.11383,0.00972977,0.00400854,0.00269196,0.00196749,0.00163036,0.00135211
7991,5.444041,5.585812000000001,1.06658,0.065095,0.00539719,0.00224112,0.00150539,0.00110028,0.000911748,0.000756143
7994,6.861615,6.597562,1.06698,0.129426,0.0111227,0.00461739,0.00310156,0.00226691,0.00187848,0.00155788
7995,6.417749,5.543369,1.06718,1.6817,0.144639,0.0599919,0.0402971,0.0294529,0.0244061,0.0202408
7998,6.627104,5.117968999999997,1.06748,0.139559,0.0118547,0.00492156,0.00330588,0.00241625,0.00200222,0.00166051
7999,5.567222,5.752105000000001,1.06764,0.0624564,0.00573399,0.00221815,0.00147558,0.00107641,0.000891687,0.000739431
8000,6.422272,6.825389999999998,1.06785,0.013764,0.0367939,0.116119,0.162329,0.188297,0.19454,0.191886
8001,6.424495,6.824755000000006,1.06785,0.100185,0.00849225,0.00352381,0.00236699,0.00173002,0.00143358,0.00118892
8002,5.528436,4.834488999999994,1.06798,0.0878261,0.00753624,0.00312908,0.00210185,0.00153623,0.00127299,0.00105574
8003,5.61334,4.806901000000004,1.06833,0.0897023,0.00770218,0.00319828,0.00214833,0.0015702,0.00130115,0.00107909
8004,5.613387,4.813269000000006,1.06833,0.111899,0.00897509,0.0037263,0.00250301,0.00182943,0.00151596,0.00125724
8005,5.948221,5.014427000000005,1.06844,0.100276,0.0140098,0.00730742,0.00460685,0.00295568,0.00221546,0.00165517
8006,6.505167,5.665698999999994,1.0687,0.0656669,0.00615346,0.00244355,0.00159968,0.00115531,0.000953693,0.000789278
8007,6.503138,5.656145999999994,1.0687,0.214166,0.0184388,0.0076554,0.00514224,0.00375843,0.00311442,0.0025829
8009,6.308515,5.635884000000003,1.06909,0.0569329,0.00483929,0.00195862,0.00131274,0.000959073,0.00079468,0.000659039
8010,4.897501,5.446432999999997,1.06932,0.0672472,0.00570366,0.00236181,0.00158634,0.00115944,0.000960768,0.000796798
8011,6.166663000000001,6.767768000000003,1.06936,0.875309,0.109873,0.0389017,0.0230838,0.0157367,0.0127128,0.0103837
8012,6.965212,5.104097999999996,1.06943,0.0757579,0.00645539,0.00267775,0.00179868,0.00131464,0.00108938,0.000903459
8013,6.247355,5.450901000000004,1.06951,56.5252,4.81594,1.99475,1.33974,0.979192,0.811406,0.672926
8015,5.425725,5.541268,1.06984,0.123762,0.0114906,0.00440912,0.00292912,0.00213622,0.00176957,0.0014674
8016,5.421286000000001,5.539901000000002,1.06984,0.0971642,0.0084756,0.00346264,0.00232399,0.00169845,0.00140741,0.00116721
8017,5.461645,5.514003999999994,1.06986,0.0563231,0.00486718,0.00200766,0.00134809,0.000985268,0.000816439,0.0006771
8018,5.465805,5.513438999999998,1.06986,0.0759045,0.0063648,0.00264046,0.00177363,0.00129634,0.00107421,0.000890879
8019,6.418229,5.035234000000002,1.06991,0.183367,0.0146575,0.00582044,0.00390268,0.00285186,0.00236314,0.00195982
8020,6.596191,5.6225689999999995,1.06991,0.0572681,0.0048814,0.00201355,0.00135231,0.00098838,0.000819021,0.000679242
8022,6.421228,5.099428999999995,1.07064,0.0530815,0.00457254,0.00188555,0.00126629,0.000925507,0.000766921,0.000636033
8023,5.518582,5.252937000000002,1.07072,0.0522249,0.00448752,0.00186278,0.00125124,0.000914526,0.000757823,0.000628488
8024,6.398062,6.0477129999999955,1.07078,0.817369,0.0723148,0.029434,0.01963,0.0143054,0.0118436,0.00981757
8025,5.717045,6.796098000000001,1.07087,0.053331,0.00456236,0.00188441,0.00126573,0.000925114,0.000766596,0.000635764
8027,5.690454000000001,5.836067000000001,1.07119,0.0691894,0.00612998,0.00248775,0.0016598,0.00121027,0.00100227,0.000830965
8028,5.698805,5.831286000000002,1.07119,0.0646916,0.00552513,0.00229392,0.00154086,0.0011262,0.00093323,0.000773959
8029,6.318297,4.857803000000005,1.07127,0.0583214,0.00497549,0.002066,0.00138776,0.00101431,0.000840507,0.000697061
8030,5.615297,4.9284709999999965,1.07156,0.129842,0.00996732,0.00413795,0.00277952,0.00203153,0.00168343,0.00139613
8033,5.960064,4.924966999999996,1.07234,0.0704848,0.00606294,0.00251743,0.00169099,0.00123594,0.00102416,0.000849369
8034,6.182628000000001,6.909274999999998,1.07262,0.323461,0.221256,0.370757,0.367305,0.313108,0.264407,0.210558
8035,7.111751,4.928548999999999,1.07277,0.100823,0.00863463,0.00358543,0.00240839,0.00176027,0.00145865,0.00120971
8038,6.094916,5.928331000000004,1.07345,0.167264,0.0142957,0.00593613,0.00398738,0.00291435,0.00241498,0.00200282
8039,6.393213,5.223945999999998,1.0736,0.122562,0.00993881,0.00411685,0.00276534,0.00202117,0.00167484,0.001389
8040,6.402638,5.231617,1.0736,0.249895,0.0191191,0.00793822,0.00533221,0.00389728,0.00322948,0.00267832
8041,4.922278,4.814061999999999,1.074,0.110699,0.00940327,0.00390464,0.0026228,0.00191699,0.00158851,0.00131741
8042,5.795039,6.072073999999999,1.07421,0.0564483,0.00625782,0.00209653,0.00133797,0.000965229,0.000797848,0.000661082
8043,5.383635,5.299306999999996,1.0743,0.107256,0.0120832,0.00430592,0.00266751,0.00188406,0.00154593,0.00127584
8044,5.375330000000001,5.293128999999995,1.0743,0.0649695,0.0055459,0.00230182,0.00154616,0.00113008,0.000936439,0.000776621
8045,6.64573,5.567119000000004,1.07435,0.0636705,0.00727,0.00187325,0.00122016,0.000888982,0.000736446,0.000610723
8046,6.653946,5.560546999999998,1.07435,0.0683038,0.00586332,0.00243418,0.00163507,0.00119506,0.000990289,0.00082128
8047,6.646062000000001,5.5576889999999946,1.07435,0.0734194,0.00616381,0.00254993,0.00171271,0.0012518,0.00103731,0.000860274
8049,5.979141,6.823580000000004,1.07449,0.0551001,0.00473382,0.00195987,0.00131644,0.000962177,0.000797309,0.000661235
8054,6.855364,6.960967000000006,1.07473,0.0791049,0.00677377,0.00277582,0.00186415,0.00136248,0.00112902,0.000936335
8055,6.854873,6.955229000000002,1.07473,0.0588541,0.00506531,0.00210328,0.0014128,0.00103261,0.000855671,0.000709637
8056,6.851552,6.957002000000003,1.07473,0.121415,0.0104618,0.00434023,0.0029153,0.00213077,0.00176566,0.00146432
8057,4.850228,4.831104999999997,1.07491,0.171328,0.0146519,0.0060839,0.00408664,0.0029869,0.0024751,0.00205268
8058,4.842009000000001,4.838596,1.07491,2.55324,0.220057,0.0912259,0.0612745,0.044785,0.0371111,0.0307775
8059,4.828455,5.1088970000000025,1.07493,0.113867,0.00964125,0.00400304,0.0026889,0.0019653,0.00162854,0.00135061
8060,4.83006,5.112504000000003,1.07493,0.0768824,0.0064213,0.00266075,0.00178725,0.00130629,0.00108246,0.000897717
8061,6.330093000000001,5.555947999999994,1.07511,0.0640582,0.00546506,0.00225799,0.00151657,0.00110844,0.000918511,0.000761752
8064,5.449242,5.402973999999999,1.07523,0.0668654,0.00496791,0.00206225,0.00138525,0.00101247,0.000838981,0.000695796
8065,5.444392,5.402749,1.07523,0.486248,0.040024,0.0166196,0.0111636,0.00815943,0.00676132,0.00560739
8066,6.375393,6.207844999999998,1.07616,0.141174,0.0120781,0.00501441,0.00336825,0.00246183,0.00204,0.00169184
8068,6.062654,6.723855000000003,1.07631,0.0660959,0.00561615,0.00233191,0.00156638,0.00114485,0.000948683,0.000786775
8069,6.991757,6.607103000000004,1.07644,0.0518056,0.00465479,0.0018705,0.00124471,0.000907213,0.000751301,0.000622923
8070,6.015554,5.437201999999997,1.07675,0.0971342,0.00827409,0.00343572,0.00230783,0.00168677,0.00139775,0.0011592
8071,6.013555000000001,5.443424999999999,1.07675,0.0690486,0.00594393,0.00243824,0.00163556,0.00119505,0.000990218,0.000821201
8072,6.009773,5.443198000000004,1.07675,0.686787,0.0575313,0.0238875,0.0160456,0.0117276,0.00971809,0.00805954
8073,6.0173950000000005,5.447857999999996,1.07675,0.836248,0.0712423,0.0295826,0.019871,0.0145236,0.012035,0.00998103
8074,6.011806000000001,5.445032000000004,1.07675,0.103263,0.00892532,0.00367186,0.00246341,0.00179996,0.00149144,0.00123687
8075,5.637855,5.293392000000004,1.07687,0.0517447,0.00531878,0.00189265,0.0012065,0.000863544,0.000711133,0.000587826
8076,6.440982,5.387959999999995,1.07687,0.0723092,0.0055441,0.00230012,0.00154502,0.00112925,0.000935751,0.00077605
8077,6.437504,5.393403999999995,1.07687,0.172392,0.0138772,0.00575612,0.00386645,0.00282596,0.00234174,0.00194208
8078,5.372732,5.2804079999999995,1.07712,0.0603049,0.00529699,0.00214653,0.00143915,0.0010516,0.000871387,0.000722665
8079,5.376372,5.275188999999999,1.07712,0.361166,0.0308058,0.0127918,0.00859244,0.00628016,0.00520406,0.0043159
8080,5.372907,5.291345000000002,1.07712,0.074939,0.0063819,0.00264856,0.00177907,0.00130031,0.0010775,0.00089361
8082,6.849746,6.942855999999996,1.07733,0.0933262,0.005811,0.0021264,0.00142296,0.00103966,0.000861489,0.000714457
8083,6.847343,6.934154000000002,1.07733,0.389981,0.033439,0.0138841,0.00932618,0.00681644,0.00564845,0.00468445
8084,5.967335,5.626073,1.07789,0.272121,0.0242913,0.00980177,0.0065358,0.00476734,0.00394882,0.00327437
8085,5.534841,6.465269,1.07803,0.751091,0.0646391,0.0268353,0.0180255,0.0131747,0.0109173,0.00905406
8086,6.598295,5.107794999999997,1.0783,0.0697251,0.00601771,0.00248376,0.00166747,0.00121863,0.0010098,0.000837458
8088,6.754904,6.962884999999995,1.07919,0.0555751,0.00458803,0.00190426,0.00127912,0.0009349,0.000774706,0.00064249
8090,5.40439,6.206745,1.07948,0.220791,0.0184006,0.00759788,0.0051029,0.00372963,0.00309056,0.0025631
8091,5.553102,5.347833999999995,1.07969,0.0681206,0.00586355,0.00243429,0.00163514,0.00119512,0.000990334,0.000821317
8092,6.397244,5.376285000000001,1.08,0.0537485,0.00566746,0.00267796,0.00176746,0.00122254,0.000968541,0.000765604
8093,6.800674,4.941471,1.08038,0.119415,0.010104,0.00417586,0.00280493,0.00205011,0.00169882,0.00140889
8094,6.652135,5.1682830000000015,1.08041,0.0598259,0.00515672,0.00213579,0.00143448,0.00104844,0.000868791,0.000720518
8095,6.652777,5.1637530000000025,1.08041,0.526658,0.0448423,0.0185819,0.0124808,0.00912205,0.00755899,0.00626892
8096,6.778572,5.315828000000004,1.08047,0.0544518,0.0100143,0.00459398,0.00250243,0.00144656,0.00104496,0.000773289
8101,7.016265,5.733329999999999,1.08099,0.754403,0.0681029,0.0297826,0.019964,0.0143262,0.0116898,0.00954032
8102,7.020702,5.740223999999994,1.08099,0.0844177,0.00726151,0.00299472,0.00201137,0.00147009,0.00121819,0.00101029
8106,5.999968,5.401244000000003,1.0821,0.068855,0.005361,0.00222458,0.00149428,0.00109216,0.000905021,0.000750565
8109,6.323968000000001,7.083321999999998,1.08248,0.0689489,0.00542829,0.00224545,0.00150827,0.00110238,0.000913492,0.00075759
8111,7.074642,5.382760000000006,1.0829,0.140509,0.0136123,0.00600358,0.0039023,0.00272447,0.00219467,0.00177596
8112,7.077567,5.381315000000005,1.0829,0.0861048,0.00952926,0.00350919,0.00217564,0.00152115,0.00123979,0.00101769
8114,6.024507,6.706787999999999,1.08359,0.266979,0.0222406,0.00920211,0.00618084,0.00451752,0.00374345,0.00310457
8115,5.021085,4.817905999999995,1.08402,0.0584349,0.00581136,0.00213051,0.00138302,0.000999657,0.000826099,0.00068426
8116,6.175211,6.6238440000000045,1.08417,0.0627256,0.00540614,0.00222935,0.00149704,0.00109414,0.00090666,0.000751923
8117,6.176545,6.625878999999998,1.08417,0.20527,0.0165993,0.00674041,0.00452674,0.00330854,0.00274163,0.00227372
8118,6.102203,6.872049999999994,1.08469,0.0554491,0.00477133,0.00197135,0.00132411,0.000967785,0.000801955,0.000665089
8119,6.825536,5.211129000000005,1.08507,0.573279,0.0720915,0.031815,0.0193287,0.012624,0.00978613,0.00766244
8120,6.238031,6.756230999999994,1.08529,0.436016,0.0374052,0.0155242,0.0104278,0.00762161,0.00631565,0.00523778
8127,6.987553,5.034817999999998,1.08672,0.780331,0.0672205,0.027871,0.0187209,0.013683,0.0113384,0.00940333
8128,6.991633,5.028739999999997,1.08672,0.114279,0.00973958,0.00404425,0.00271658,0.00198553,0.00164531,0.00136451
8129,5.401238,7.097574999999995,1.0869,0.33415,0.0278217,0.0112848,0.00757096,0.00553264,0.00458452,0.00380208
8130,5.405573,7.0967980000000015,1.0869,0.0575198,0.00477279,0.00197361,0.00132568,0.000968934,0.000802908,0.000665879
8131,6.649058,5.655846000000004,1.08762,0.0587977,0.00503137,0.00208922,0.00140336,0.00102571,0.000849954,0.000704895
8132,6.056273000000001,4.908763999999998,1.08801,0.0827753,0.00752582,0.00306989,0.00202258,0.00146261,0.00120743,0.000999163
8133,6.079972,4.999507000000004,1.08827,0.134036,0.0120883,0.00469091,0.00312994,0.00228504,0.00189318,0.00157
8134,6.087898,5.001306999999997,1.08827,0.0804829,0.00646254,0.00266824,0.00179217,0.00130988,0.00108543,0.000900186
8135,6.522799000000001,5.279544999999997,1.08833,0.0712717,0.00613071,0.00254572,0.00171,0.00124983,0.00103567,0.000858915
8136,6.564056,6.848574000000004,1.0885,0.202674,0.0168134,0.00697789,0.00468715,0.00342581,0.0028388,0.00235431
8137,6.570088,6.849366999999997,1.0885,0.0823429,0.00682452,0.0028247,0.00189737,0.00138678,0.00114915,0.000953032
8138,6.500699,6.839263999999997,1.08869,0.113041,0.0101272,0.00380176,0.00253965,0.00185504,0.00153709,0.00127474
8141,6.088392,7.157909000000002,1.08969,0.386045,0.0326303,0.0133996,0.00900015,0.00657814,0.00545098,0.00452068
8145,6.250808,6.635312000000007,1.09001,0.0942257,0.00862666,0.00343717,0.00227312,0.00165272,0.00136781,0.00113375
8146,7.072513000000001,5.828468000000004,1.09042,0.209481,0.0173434,0.00714616,0.00479941,0.00350781,0.00290675,0.00241066
8147,7.08405,5.821689000000006,1.09042,0.297467,0.0255864,0.0106245,0.00713666,0.00521614,0.00432236,0.00358468
8148,6.630465000000001,5.248256000000004,1.0905,0.0768309,0.0113751,0.00424179,0.00236934,0.00151416,0.00118386,0.000944458
8149,6.605461,6.945966000000004,1.09051,0.0661362,0.00557983,0.00231101,0.00155221,0.00113449,0.000940094,0.000779651
8150,5.100746,6.447168000000004,1.09085,0.104867,0.00902036,0.00374562,0.00251599,0.00183892,0.00152382,0.00126376
8153,5.1203780000000005,6.428989000000004,1.09112,0.052397,0.00450318,0.00186735,0.00125431,0.000916769,0.000759681,0.000630029
8157,5.181845,6.318411999999994,1.09272,0.0748222,0.00638627,0.00263929,0.00177279,0.00129572,0.0010737,0.000890457
8158,5.182881,6.315950999999996,1.09272,0.341924,0.0289049,0.0119769,0.00804462,0.00587973,0.00487224,0.00404071
8160,5.202173,5.622519999999996,1.0932,0.303423,0.0260128,0.0107869,0.00724558,0.00529574,0.00438832,0.00363938
8161,5.328191,5.324061000000001,1.09325,0.634002,0.0534442,0.0221683,0.0148906,0.0108835,0.00901859,0.00747942
8162,5.253407,6.290950999999998,1.09343,0.0590108,0.00507922,0.0021078,0.00141582,0.00103481,0.000857497,0.000711151
8163,5.247452,6.285730000000002,1.09343,0.621379,0.0512852,0.0212246,0.0142568,0.0104202,0.0086347,0.00716105
8164,6.544163000000001,5.370414000000006,1.09384,0.0505768,0.00416899,0.00169896,0.00114089,0.000833857,0.000690976,0.000573049
8167,7.08787,6.131276999999999,1.09441,0.070284,0.00599792,0.00246711,0.001657,0.00121108,0.00100356,0.000832289
8168,7.084742,6.122794999999996,1.09441,0.0715089,0.0229784,0.0128306,0.00725293,0.00399802,0.00266452,0.00174746
8171,6.93046,6.700071000000004,1.09601,0.21925,0.0187329,0.00777498,0.00522252,0.0038171,0.00316304,0.00262322
8172,6.930265,6.700055999999996,1.09601,0.264718,0.0227712,0.00945533,0.00635128,0.00464211,0.00384669,0.00319019
8173,5.635080000000001,4.876432000000003,1.09608,0.453765,0.0373228,0.0154964,0.0104092,0.00760799,0.00630437,0.00522843
8174,5.629399,4.879399999999996,1.09608,0.269001,0.023209,0.009613,0.00645628,0.00471878,0.00391021,0.00324287
8175,5.285638,6.1416830000000004,1.0961,0.166484,0.0135043,0.00560689,0.00376623,0.00275271,0.00228104,0.00189174
8176,6.51598,5.606509999999998,1.09692,1.11663,0.0971428,0.0398827,0.026764,0.0195591,0.0162074,0.0134413
8177,5.753233,6.889401000000002,1.09715,0.100104,0.00862677,0.00357773,0.00240313,0.00175643,0.00145547,0.00120707
8178,6.575928,6.174355999999996,1.09718,0.162654,0.0138269,0.00574084,0.00385621,0.00281848,0.00233553,0.00193694
8179,6.567178,6.168856999999995,1.09718,0.199174,0.0169433,0.00703155,0.00472318,0.00345214,0.00286062,0.00237241
8180,6.614799,5.910341000000001,1.0976,0.0714085,0.00617563,0.0023652,0.00158038,0.00115424,0.000956371,0.000793131
8181,6.611776000000001,5.397384999999998,1.0976,0.150997,0.0125808,0.00521352,0.00350198,0.00255957,0.00212099,0.00175901
8185,6.394704,7.139847999999998,1.09769,0.15166,0.0129835,0.0053909,0.00362115,0.00264667,0.00219317,0.00181887
8186,5.634295,5.292596,1.09771,0.0599404,0.00510646,0.00211968,0.00142382,0.00104066,0.000862345,0.000715172
8189,6.647078,6.451400999999999,1.09802,0.106822,0.00858608,0.00356493,0.00239461,0.00175021,0.00145031,0.00120279
8190,6.572625,5.877957000000004,1.09806,0.133972,0.0113329,0.0046927,0.00315182,0.00230362,0.00190889,0.00158311
8191,5.253608,6.113247999999995,1.09845,0.305206,0.0264679,0.010754,0.00720904,0.00526711,0.00436434,0.00361943
8194,6.631825,5.564001999999995,1.09899,0.513928,0.044333,0.0183721,0.0123389,0.00901825,0.00747296,0.00619757
8195,6.660639,4.847816999999997,1.10088,0.0662353,0.00434859,0.00142544,0.000947758,0.000691933,0.000573303,0.000475446
8196,6.662668,4.849727999999997,1.10088,0.137744,0.0118095,0.00489613,0.00328864,0.00240364,0.00199177,0.00165185
8197,6.490745,6.234846999999999,1.10109,0.149327,0.0115889,0.00477221,0.00320506,0.00234253,0.00194113,0.00160985
8198,6.492614,6.2389830000000055,1.10109,0.0661702,0.006028,0.00203898,0.00135649,0.000990502,0.000820709,0.000680629
8199,6.573735,5.392847000000006,1.10132,1.61713,0.137334,0.0569199,0.0382325,0.0279438,0.0231556,0.0192037
8203,5.205717,5.5415759999999965,1.1015,0.37748,0.0435306,0.0218491,0.0144083,0.00978391,0.00761357,0.00589153
8204,6.435746,5.8068499999999945,1.10173,0.347143,0.0337672,0.0127784,0.00836086,0.00606747,0.00502072,0.00416166
8205,6.432995,5.800743999999998,1.10173,0.134687,0.0112788,0.00462995,0.00310784,0.00227124,0.00188203,0.00156082
8207,6.556905,5.4847639999999975,1.1022,0.146187,0.0125376,0.00518297,0.00348125,0.00254442,0.00210843,0.0017486
8208,6.657819000000001,5.356417999999994,1.10291,0.109239,0.0082234,0.00341114,0.00229131,0.0016747,0.00138774,0.0011509
8209,6.493304,5.436680999999998,1.10327,0.13891,0.0118615,0.00492519,0.00330832,0.00241803,0.0020037,0.00166174
8210,5.3082210000000005,5.690423999999999,1.1033,0.244526,0.0145953,0.00601716,0.00404171,0.00295406,0.00244788,0.00203011
8211,5.314914,5.688624999999998,1.1033,0.140201,0.0124642,0.00497962,0.00333353,0.00243524,0.00201784,0.00167344
8212,6.501738,7.046138000000003,1.10364,0.0506125,0.00417254,0.00173252,0.00116376,0.000850582,0.000704835,0.000584543
8213,5.996547,6.492861000000006,1.10366,0.055423,0.00230827,0.000922522,0.000619424,0.000452723,0.000375149,0.000311123
8214,5.992785,6.496706999999997,1.10366,0.0849833,0.00730773,0.0030275,0.00203345,0.00148622,0.00123156,0.00102137
8215,5.354947,5.645480999999998,1.10372,0.0608902,0.00524197,0.00217665,0.00146208,0.00106863,0.000885519,0.000734391
8216,5.031954,5.834620000000005,1.10386,0.104686,0.00891922,0.00370355,0.00248773,0.00181827,0.00150671,0.00124956
8217,5.035416,5.826276000000001,1.10386,0.0510381,0.00442072,0.00182535,0.00122533,0.000895489,0.000742037,0.000615394
8218,6.199854,6.179782,1.10553,0.0813168,0.00667548,0.00277182,0.00186187,0.00136083,0.00112765,0.0009352
8219,6.19854,6.178032000000002,1.10553,0.0974388,0.00837325,0.00347508,0.00233425,0.00170609,0.00141375,0.00117247
8220,6.838243,5.1228970000000045,1.10587,0.050223,0.00402574,0.00162222,0.00108823,0.000795247,0.000658968,0.000546502
8221,6.836561,5.129616999999999,1.10587,0.268742,0.0231359,0.00960694,0.00645312,0.00471654,0.00390836,0.00324134
8224,4.964114,5.737732,1.10613,0.291189,0.0344351,0.011037,0.00685498,0.00488723,0.00402645,0.00333101
8225,5.035204,5.815997999999997,1.10616,0.0600325,0.00589869,0.00235776,0.00151382,0.00107571,0.000881443,0.000725751
8226,6.475596,7.0131170000000065,1.10621,0.120324,0.0109243,0.00418727,0.002766,0.00201082,0.00166396,0.00137905
8227,6.098208,6.251119000000003,1.10625,0.0696613,0.00587764,0.00240928,0.00161731,0.00118198,0.000979437,0.000812278
8228,6.094758,6.246924000000005,1.10625,5.5656,0.484793,0.198164,0.133019,0.0972171,0.0805586,0.0668099
8229,6.092138,6.249752000000004,1.10625,4.2901,0.50323,0.188656,0.11347,0.0779216,0.0631707,0.0517398
8230,6.103089,6.255203999999997,1.10625,0.082319,0.00705622,0.00292958,0.00196784,0.00143828,0.00119183,0.000988427
8234,5.376304,5.050862000000003,1.10665,0.148726,0.0127625,0.00529935,0.00355965,0.00260173,0.00215592,0.00178798
8235,5.319452,5.398693000000005,1.10679,0.139823,0.018127,0.00542885,0.00328777,0.00232536,0.00191246,0.00158105
8236,5.132097000000001,5.759140999999998,1.10685,0.641263,0.0500833,0.0207965,0.0139693,0.0102101,0.00846059,0.00701665
8237,5.618175,7.194792000000002,1.10698,2.06435,0.174032,0.0722647,0.0485413,0.0354785,0.0293993,0.0243818
8239,5.618817,7.199409000000001,1.10698,0.07046,0.00605654,0.00251492,0.00168931,0.00123471,0.00102314,0.000848524
8240,5.239244,5.993406999999995,1.10699,0.155944,0.0128881,0.00535082,0.00359422,0.002627,0.00217686,0.00180534
8241,5.249051000000001,5.998592000000001,1.10699,0.0568256,0.00486388,0.00201793,0.00135546,0.0009907,0.000820945,0.000680837
8242,5.569192,7.170663,1.1071,0.12201,0.0103479,0.00428443,0.00287783,0.00210339,0.00174297,0.00144551
8243,5.572997,7.173528999999997,1.1071,0.0693576,0.00621604,0.00251298,0.00167002,0.00121537,0.00100585,0.000833649
8245,7.123165,7.066741000000007,1.10891,0.100647,0.00883361,0.00355346,0.00238336,0.00174173,0.00144327,0.00119695
8246,5.069526,5.892452999999994,1.10923,0.0545037,0.00454843,0.00188797,0.00126818,0.000926902,0.000768078,0.000636993
8252,5.364709,5.126864999999994,1.11007,0.0634277,0.00504798,0.00209267,0.00140567,0.00102739,0.00085135,0.000706053
8253,5.886239,6.3712379999999955,1.11052,1.38608,0.118849,0.0492363,0.0330713,0.0241715,0.0200298,0.0166114
8254,6.463676,5.345806000000005,1.11061,0.396593,0.0345651,0.0141191,0.00945407,0.00690327,0.00571904,0.00474247
8257,6.941395,5.057085000000003,1.11174,0.0702433,0.0060325,0.00250405,0.001682,0.00122936,0.00101871,0.000844852
8260,5.665352,5.663311000000005,1.11226,0.0861547,0.00749612,0.00301906,0.00202276,0.00147779,0.00122449,0.00101549
8261,5.662012000000001,5.653986999999994,1.11226,0.0786645,0.00676031,0.00280716,0.00188561,0.00137818,0.00114203,0.000947123
8262,5.930291,6.412988000000004,1.11253,0.114496,0.0102256,0.00412479,0.00275026,0.0020061,0.00166167,0.00137786
8263,5.629765,5.686587999999997,1.11295,0.0765039,0.00659077,0.00273541,0.00183729,0.00134284,0.00111274,0.000922835
8264,5.287907,6.181398000000003,1.11407,0.0971277,0.00878103,0.00340146,0.00227276,0.00165996,0.00137541,0.00114065
8265,5.153427,5.849753999999999,1.1141,0.0789183,0.00688295,0.00272181,0.00182447,0.00133322,0.00110475,0.000916206
8269,5.647067,5.5285519999999995,1.11452,0.194646,0.0159212,0.0065999,0.00443317,0.00324017,0.00268497,0.00222674
8270,5.642649,5.530790000000006,1.11452,0.0874814,0.00648633,0.00269147,0.0018079,0.00132138,0.00109496,0.00090809
8271,6.896188,5.092220000000001,1.11464,0.0557326,0.00479165,0.0019897,0.00133651,0.000976845,0.000809463,0.000671315
8273,6.902538,5.068314999999994,1.11539,0.100671,0.0136657,0.00419751,0.00243731,0.00166137,0.00134515,0.00110101
8274,5.295011,5.6281790000000065,1.11579,0.131858,0.011339,0.004607,0.00308994,0.00225789,0.00187094,0.00155162
8275,5.292002,5.628139000000001,1.11579,0.141127,0.0121936,0.0050349,0.00338146,0.00247146,0.00204798,0.00169846
8276,5.300419,5.628483,1.11579,4.67792,0.41693,0.168376,0.112017,0.0815457,0.0674888,0.0559324
8277,7.160926,7.078445000000001,1.11628,0.41841,0.0348878,0.0144868,0.009731,0.00711233,0.00589363,0.00488779
8278,6.548750000000001,5.284167999999995,1.11702,0.0538336,0.00459226,0.00190316,0.00127837,0.000934351,0.00077425,0.000642112
8279,5.551704,5.641592000000003,1.11742,109.251,10.668,3.96719,2.60093,1.88917,1.56354,1.2961
8280,6.590909,4.921395999999998,1.11759,0.0947199,0.00830631,0.0033446,0.00224449,0.00164037,0.00135929,0.0011273
8282,5.210151,6.375781999999998,1.11809,0.0549592,0.00472031,0.00195745,0.00131481,0.000960982,0.000796318,0.000660414
8283,5.21115,6.3771090000000035,1.11809,0.33304,0.0541083,0.0297295,0.018028,0.0109421,0.00789904,0.00570102
8284,5.546547000000001,5.381639000000001,1.1182,0.0640783,0.0404568,0.100482,0.129235,0.140323,0.139201,0.131723
8285,7.097704,6.679468,1.11833,1.01818,0.0868822,0.0360758,0.0242327,0.0177115,0.0146766,0.0121718
8286,6.570862,5.053813000000004,1.1184,0.175351,0.013676,0.00567578,0.0038125,0.00278653,0.00230906,0.00191498
8287,6.581999,5.0489519999999946,1.1184,0.211822,0.017833,0.00740406,0.00497341,0.00363503,0.00301217,0.0024981
8290,6.575869,7.022193000000003,1.11882,0.0732851,0.00640822,0.00261725,0.00175573,0.00128303,0.00106317,0.000881717
8291,6.242387,7.159727000000002,1.1202,0.957998,0.0799905,0.0332154,0.0223113,0.0163072,0.013513,0.0112067
8292,6.241439,7.158144000000002,1.1202,3.66259,0.319934,0.125856,0.0844542,0.0617238,0.0511473,0.0424182
8293,7.075411,6.837238000000002,1.12021,0.265749,0.0267878,0.0091195,0.00601014,0.00438023,0.00362838,0.00300884
8302,6.498147000000001,4.8972340000000045,1.12143,0.963776,0.0829526,0.0343727,0.0230876,0.0168746,0.0139831,0.0115967
8303,6.499867,4.894090000000003,1.12143,0.0549962,0.00444154,0.00184168,0.00123708,0.000904174,0.000749244,0.000621374
8304,6.498686,4.891005000000006,1.12143,0.0714662,0.0140055,0.00646917,0.00345765,0.0019564,0.00139616,0.00102371
8305,5.178801,6.483587000000002,1.12195,0.113722,0.0118724,0.00447821,0.00282923,0.00200822,0.00164858,0.0013603
8306,5.178409,6.47765,1.12195,7.81605,0.95102,0.319095,0.193632,0.135932,0.111416,0.0919248
8307,5.225798,6.499226999999999,1.12201,0.072835,0.00598246,0.00243959,0.00163725,0.00119651,0.000991469,0.000822255
8308,6.206498,7.179660999999994,1.12207,0.0904117,0.00735598,0.00305103,0.00204942,0.00149791,0.00124124,0.0010294
8310,5.302961,6.519607,1.12244,0.0645441,0.00552626,0.0022939,0.00154084,0.00112619,0.000933219,0.00077395
8311,5.303506,6.505339999999999,1.12244,0.0638371,0.00547165,0.00227203,0.00152616,0.00111546,0.000924325,0.000766574
8312,5.302886,6.508372000000002,1.12244,0.0641698,0.00556893,0.00229678,0.00154021,0.00112513,0.000932219,0.000773075
8315,6.944636000000001,6.912215999999999,1.12366,0.086817,0.00739606,0.00306399,0.00205792,0.0015041,0.00124637,0.00103366
8320,6.009929,6.778364000000005,1.12459,0.0615005,0.00528048,0.00219268,0.00147286,0.0010765,0.000892043,0.000739801
8322,5.093013,6.494328999999996,1.12529,0.126853,0.0106642,0.00430131,0.00288644,0.00210949,0.00174802,0.00144969
8323,5.092507,6.497837,1.12529,0.265126,0.0205584,0.00849016,0.00570244,0.00416785,0.00345369,0.00286426
8328,5.713823,5.552222000000006,1.12641,0.482599,0.0413003,0.0171253,0.0115026,0.00840715,0.00696658,0.00577762
8329,5.609003,5.665727999999994,1.12675,0.0623342,0.005384,0.00222773,0.00149576,0.00109314,0.00090582,0.000751224
8330,5.614438,5.666560000000002,1.12675,0.154783,0.0133145,0.00552862,0.00371366,0.00271429,0.0022492,0.00186533
8331,5.531596,5.816576999999996,1.127,0.0895083,0.00768569,0.00319142,0.00214372,0.00156683,0.00129836,0.00107677
8334,5.595276000000001,6.602179,1.12785,0.0641582,0.00526069,0.00218443,0.00146732,0.00107245,0.000888687,0.000737018
8336,5.901846,6.997151999999995,1.12868,0.0673269,0.00548686,0.0022723,0.00152631,0.00111557,0.000924417,0.00076665
8337,5.902263,6.997981999999995,1.12868,299.392,24.6312,10.2266,6.86934,5.02076,4.16045,3.45041
8338,5.893334,6.997740999999996,1.12868,1.05242,0.0886743,0.0367664,0.0246964,0.0180505,0.0149575,0.0124048
8342,6.935172,6.795501999999997,1.12978,0.0974435,0.00840045,0.00344498,0.00231191,0.00168951,0.00139998,0.00116105
8346,5.71137,5.596454999999998,1.13161,0.126318,0.0110916,0.00450208,0.00301392,0.00220117,0.00182375,0.00151242
8347,5.719154,5.605845000000003,1.13161,0.105916,0.00900842,0.00374056,0.00251259,0.00183643,0.00152176,0.00126205
8348,5.715811,5.600861000000003,1.13161,0.227009,0.0227988,0.00888553,0.0056742,0.00403562,0.00331177,0.00273083
8352,7.084832,5.550559999999999,1.13232,0.0645118,0.0055438,0.00230197,0.00154626,0.00113015,0.000936503,0.000776673
8353,7.086041000000001,5.552022999999995,1.13232,0.11983,0.0103072,0.00428,0.00287494,0.00210128,0.00174122,0.00144406
8354,5.70867,7.0386500000000005,1.13233,0.0709621,0.00592311,0.00245949,0.00165207,0.00120749,0.00100059,0.00082982
8355,5.707512,7.041508000000003,1.13233,0.238286,0.0204382,0.00848661,0.00570057,0.00416651,0.00345258,0.00286334
8361,7.125494,6.492629000000004,1.13271,0.0779662,0.00677548,0.00275153,0.00184572,0.00134879,0.00111765,0.000926903
8362,7.12811,6.4833499999999935,1.13271,0.189757,0.016332,0.0067817,0.00455536,0.00332949,0.00275898,0.00228812
8363,5.668769,7.054983000000003,1.1329,2.91275,0.217713,0.0901275,0.0605388,0.0442474,0.0366656,0.030408
8364,5.66987,7.056412000000004,1.1329,0.0722646,0.00624279,0.00258344,0.00173396,0.001267,0.00104982,0.000870619
8368,6.907461,6.724196999999994,1.13328,0.0507993,0.00484384,0.00171255,0.00111832,0.000811185,0.000671071,0.00055615
8369,6.90946,6.726458999999995,1.13328,0.133019,0.0114122,0.00472981,0.00317684,0.00232191,0.00192405,0.00159568
8372,6.814492,5.246966000000005,1.13366,0.0973041,0.00956932,0.00355997,0.00232337,0.00168395,0.00139285,0.00115427
8373,6.807945,5.255173000000001,1.13366,2.47499,0.24207,0.0752129,0.0486199,0.0352526,0.0291715,0.024181
8374,7.124134000000001,6.643091000000003,1.13427,0.101953,0.00851234,0.00353098,0.0023718,0.00173353,0.00143649,0.00119133
8380,6.503636,5.743183000000003,1.13685,0.117615,0.00935578,0.00388484,0.0026095,0.00190727,0.00158046,0.00131073
8381,6.50877,5.738666999999995,1.13685,0.0617539,0.00707459,0.00249741,0.0015355,0.00107504,0.000878132,0.000722358
8382,6.50377,5.742563000000007,1.13685,0.167531,0.0143697,0.00596682,0.004008,0.00292942,0.00242747,0.00201318
8383,6.394685,6.218333999999998,1.13768,0.071058,0.00618409,0.0025439,0.00170506,0.00124541,0.00103186,0.000855701
8390,6.196375,5.338782999999996,1.13903,0.0503799,0.00436262,0.00180205,0.00120909,0.000883422,0.000731992,0.000607046
8391,7.162740000000001,5.922518999999999,1.13931,0.0859742,0.00730277,0.00303175,0.00203647,0.00148844,0.0012334,0.0010229
8392,7.132064,6.539910000000001,1.13974,0.09871,0.00846826,0.00351507,0.00236112,0.00172573,0.00143003,0.00118597
8393,6.998606,5.852638000000003,1.1398,0.162738,0.0136102,0.00564622,0.00379264,0.00277202,0.00229704,0.00190501
8394,6.996942,5.852487000000004,1.1398,0.30781,0.0263026,0.0102145,0.0068517,0.00500745,0.00414941,0.00344124
8399,4.804266,5.4884409999999955,1.14059,0.0500445,0.00426867,0.00177035,0.00118916,0.000869152,0.000720223,0.000597305
8403,7.1914690000000006,6.718633999999995,1.14095,0.0569269,0.00491024,0.00195698,0.00131358,0.000960053,0.000795547,0.000659774
8404,7.08803,5.954272999999999,1.14113,0.0546918,0.00465186,0.00193163,0.0012975,0.000948335,0.000785838,0.000651722
8405,7.091972,5.953437000000002,1.14113,0.0670858,0.00617502,0.00244115,0.0016126,0.0011716,0.000969318,0.000803286
8406,7.09101,5.946237000000005,1.14113,1.46037,0.125272,0.0520182,0.0349414,0.0255384,0.0211624,0.0175507
8408,6.945651,5.862391999999997,1.14129,0.0636225,0.00483796,0.00200874,0.0013493,0.000986192,0.000817209,0.000677739
8409,4.829716,6.2943540000000056,1.14162,0.38965,0.100671,0.0412062,0.021104,0.0115686,0.00806997,0.00576574
8410,7.106473,6.028549999999998,1.14172,0.204894,0.0176498,0.00732542,0.0049205,0.00359636,0.00298012,0.00247152
8413,6.939797,5.864225000000006,1.14207,0.050482,0.00224686,0.000931372,0.000625616,0.000457258,0.000378907,0.000314241
8414,7.135203000000001,6.796288000000001,1.14219,0.0533491,0.00494929,0.00195225,0.0012855,0.00093216,0.000770673,0.0006384
8415,7.128908,6.787595000000004,1.14219,0.214821,0.0184497,0.00766006,0.00514537,0.00376072,0.00311632,0.00258447
8419,5.565565,5.927915,1.14336,0.125846,0.0103492,0.00428252,0.00287642,0.00210234,0.00174211,0.00144479
8420,5.582252,5.923007999999999,1.14336,21.2579,2.93275,1.32778,0.77051,0.481237,0.365426,0.282669
8421,5.579837,5.9243500000000004,1.14336,0.0618037,0.00557832,0.00229642,0.00151858,0.00109746,0.000904794,0.000747642
8423,5.547984,5.901046999999994,1.14415,0.0565244,0.00342928,0.00140706,0.000945055,0.000690731,0.000572375,0.00047469
8424,5.554019,5.900377000000004,1.14415,0.612369,0.0528859,0.0218935,0.0147033,0.0107463,0.00890494,0.00738516
8425,6.273642,5.734702999999995,1.14435,0.0554489,0.00490132,0.00199796,0.00133301,0.000971774,0.000804678,0.000667106
8426,5.627131,6.589642000000007,1.14443,0.115145,0.0101352,0.0040888,0.00273768,0.00199975,0.00165693,0.00137411
8427,5.625857,6.598844000000006,1.14443,0.0727142,0.00627404,0.00259847,0.00174503,0.00127538,0.00105684,0.000876472
8428,7.008476,5.838616999999995,1.14508,0.0983228,0.00838882,0.00348284,0.00233947,0.0017099,0.00141691,0.00117509
8429,7.015875,5.835280000000006,1.14508,0.0786761,0.0067739,0.0028128,0.0018894,0.00138095,0.00114432,0.000949027
8432,6.993401,5.802654000000007,1.1459,0.162442,0.0137649,0.00567703,0.0038125,0.00278647,0.002309,0.00191493
8436,5.069961,5.327527999999996,1.1468,5.33054,0.663389,0.319572,0.200293,0.13103,0.100497,0.0773368
8437,5.48248,5.993634000000002,1.14718,0.0805918,0.00689922,0.00278173,0.00186686,0.00136438,0.00113059,0.000937635
8438,5.474471,5.990050000000004,1.14718,2.04964,0.193392,0.0759724,0.0497255,0.0359871,0.0297429,0.0246368
8439,5.475385,5.983431000000001,1.14718,0.863736,0.0747109,0.0308577,0.0207094,0.0151329,0.0125393,0.0103991
8440,5.472762,5.9885419999999945,1.14718,0.198899,0.0171191,0.00710429,0.00477198,0.0034878,0.00289017,0.00239691
8446,6.599269,6.225095000000001,1.14981,0.0601397,0.00749577,0.00228551,0.00141835,0.00101568,0.000838373,0.000694311
8448,5.421687,5.900809999999999,1.15148,0.0623764,0.00572752,0.00212033,0.0013977,0.00101656,0.000841485,0.000697567
8450,6.866493,6.225398999999994,1.15229,0.0704997,0.00790262,0.00278247,0.00172532,0.00121568,0.000995649,0.000820429
8451,6.877038,6.223089999999999,1.15229,2.91252,0.256775,0.104272,0.0698207,0.0510015,0.0422588,0.0350457
8452,6.509758,6.581278,1.15241,0.13897,0.0123383,0.00501642,0.00334493,0.00243923,0.00202024,0.00167511
8453,6.50898,6.585326000000002,1.15241,0.0868575,0.00763467,0.00300824,0.00200967,0.00146728,0.00121565,0.00100811
8454,6.518555,6.585311999999997,1.15241,0.124965,0.0132134,0.00447694,0.00291349,0.00211616,0.00175185,0.00145242
8455,5.196214,5.2375139999999965,1.15284,0.270303,0.0226997,0.00941458,0.00632389,0.00462209,0.0038301,0.00317643
8458,6.70506,6.320348999999995,1.15312,0.632019,0.054868,0.022624,0.0151748,0.0110871,0.00918661,0.00761856
8459,6.639049,6.1432289999999945,1.15322,0.279806,0.0211243,0.00875916,0.00588364,0.00430032,0.00356346,0.0029553
8460,6.574451,7.0504920000000055,1.15385,1.07871,0.0842104,0.0307212,0.0206091,0.0150624,0.0124814,0.0103513
8461,6.591465,6.0933240000000035,1.15402,0.241829,0.02005,0.00832314,0.00559077,0.00408626,0.00338608,0.00280819
8462,6.590815,6.094755000000001,1.15402,0.0591037,0.00527019,0.00213396,0.00142028,0.00103421,0.000856046,0.000709529
8463,6.586152,5.792635999999999,1.15403,0.0595243,0.00491105,0.00203717,0.00136839,0.00100015,0.000828774,0.00068733
8464,6.572916,5.794162000000003,1.15403,0.0723069,0.00618462,0.00256801,0.00172497,0.00126077,0.00104474,0.000866436
8467,6.663233,6.098450000000006,1.15488,0.249264,0.0210758,0.0087472,0.0058756,0.00429444,0.00355859,0.00295126
8468,6.664992,6.101734000000001,1.15488,0.0796659,0.00689642,0.00283883,0.00190572,0.00139276,0.0011541,0.000957131
8469,6.593138,5.8772979999999935,1.15561,0.585818,0.117006,0.043059,0.0223049,0.0130777,0.00971957,0.00744012
8470,6.097167,6.599751999999995,1.15588,0.0581207,0.00498451,0.00206775,0.00138892,0.00101515,0.000841205,0.00069764
8471,6.589656,5.914859000000003,1.15637,0.0509609,0.00438589,0.00181406,0.00121841,0.00089052,0.000737929,0.00061199
8472,6.586433,5.909678,1.15637,1.13224,0.0968099,0.0392873,0.026357,0.019261,0.0159603,0.0132364
8475,6.601884,5.774240999999998,1.15656,0.0893202,0.00793859,0.00322669,0.00215007,0.00156713,0.00129772,0.00107592
8476,6.610703,5.765915000000002,1.15656,0.2639,0.068492,0.0186412,0.00858603,0.00487949,0.00365485,0.00284695
8477,5.078401,5.708305999999995,1.15667,0.446941,0.0380007,0.0157546,0.0105824,0.00773461,0.00640929,0.00531544
8478,5.300705,5.081423000000005,1.15677,0.827645,0.072461,0.0293286,0.0196787,0.0143816,0.0119172,0.00988334
8479,5.30085,5.079016999999996,1.15677,0.114186,0.00971442,0.00403384,0.00270959,0.00198042,0.00164108,0.001361
8480,6.071891,5.731398000000006,1.15689,0.0696129,0.00598311,0.00248432,0.00166875,0.00121968,0.00101069,0.000838198
8486,6.590479,5.813590000000004,1.16025,0.473086,2.52642,6.23246,7.53268,7.68485,7.30795,6.60733
8487,6.594827,5.8184420000000046,1.16025,7.75133,0.647401,0.26718,0.179462,0.131168,0.108692,0.090142
8488,7.176887999999999,6.9726140000000045,1.16052,0.325006,0.0280073,0.0109307,0.0073361,0.00536171,0.00444298,0.00368471
8490,5.807819,4.915367000000001,1.1607,0.0674523,0.00571762,0.00235565,0.00158197,0.00115623,0.000958107,0.00079459
8491,5.283915,4.922616,1.16077,0.106239,0.00925307,0.00352128,0.00234872,0.00171469,0.00142065,0.00117813
8492,5.644578,6.890782999999995,1.1608,0.0642975,0.00535435,0.00222223,0.0014927,0.001091,0.000904062,0.000749769
8493,5.653525,6.895139000000007,1.1608,0.480839,0.0420545,0.0173496,0.0115964,0.0084533,0.00699813,0.00580045
8494,5.420139,6.920196000000001,1.16103,0.103532,0.00850002,0.0035243,0.00236731,0.00173025,0.00143377,0.00118908
8497,5.732201,6.6059710000000065,1.16182,0.0722654,0.00637634,0.00258594,0.0017277,0.00126068,0.00104425,0.000865883
8498,5.726341,6.607360999999994,1.16182,0.268744,0.0230537,0.00956954,0.00642798,0.00469817,0.00389314,0.00322871
8499,5.724733,6.6137410000000045,1.16182,0.119974,0.0102822,0.00426881,0.00286741,0.00209577,0.00173666,0.00144027
8500,5.348653,4.848993999999995,1.16199,0.132241,0.0113999,0.00472736,0.00317506,0.00232059,0.00192295,0.00159477
8501,5.34121,4.845425999999996,1.16199,0.114521,0.00987328,0.00409513,0.00275043,0.00201023,0.00166577,0.00138148
8502,6.081384,4.845802999999998,1.16202,0.0741544,0.00663723,0.00270523,0.00179517,0.00130444,0.00107887,0.000893801
8503,6.054737,4.9540200000000025,1.16239,0.111752,0.00930794,0.0037626,0.00252656,0.00184662,0.0015302,0.00126905
8504,6.048749,4.950823999999999,1.16239,0.143802,0.0126624,0.00516181,0.00345006,0.00251761,0.00208541,0.0017292
8505,5.543844,6.139030000000006,1.16243,0.188166,0.0160418,0.00666039,0.00447388,0.00326993,0.00270963,0.00224719
8506,5.541764,6.145870999999996,1.16243,0.0625561,0.00548598,0.00223806,0.00149893,0.00109483,0.000907127,0.00075228
8507,4.907481,6.224449000000004,1.16243,0.382977,0.033972,0.0124191,0.00823993,0.00600882,0.00497739,0.00412741
8508,5.326438,4.965317999999995,1.16258,0.0798796,0.00683571,0.00282224,0.00189501,0.00138496,0.00114763,0.000951769
8510,4.915565,6.300809999999999,1.16313,0.443161,0.0366575,0.0151706,0.0101901,0.00744784,0.00617166,0.00511837
8511,4.920016,6.306554000000002,1.16313,0.0570191,0.00521692,0.00198472,0.00131633,0.000959266,0.000794449,0.000658724
8512,4.915158,6.299984000000003,1.16313,1.58913,0.138304,0.0562705,0.0376677,0.027504,0.0227859,0.0188952
8520,5.034621,7.064620000000004,1.16515,0.0548126,0.0046829,0.00194446,0.00130612,0.000954633,0.000791058,0.000656051
8521,6.334362,5.773706999999999,1.16568,0.0517625,0.00346402,0.00134275,0.000900008,0.000657666,0.000544964,0.000451954
8522,4.857712,5.084744999999999,1.16589,0.0605783,0.00524748,0.00216423,0.00145268,0.00106162,0.000879693,0.000729555
8524,5.279936,5.0311649999999934,1.16632,0.0541849,0.00361124,0.00149741,0.00100583,0.000735157,0.000609188,0.00050522
8525,4.887756,6.746345000000001,1.16675,0.0649999,0.00464116,0.00192157,0.00129073,0.000943382,0.000781734,0.000648319
8529,4.807926,6.056036999999996,1.167,0.0833759,0.00698223,0.00287646,0.00193143,0.0014116,0.00116971,0.00097008
8530,4.966371,6.121686000000001,1.16716,0.0828862,0.00708265,0.00293425,0.00197091,0.00144052,0.00119369,0.000989966
8531,4.968104,6.130222000000001,1.16716,0.326824,0.0305893,0.0116198,0.00765909,0.00556709,0.00460728,0.00381885
8532,4.972067,6.132057000000004,1.16716,1.15462,0.0980675,0.040653,0.0273069,0.0199584,0.0165386,0.013716
8536,5.781741,4.998880999999997,1.16758,0.0619796,0.00531796,0.00219599,0.00147492,0.001078,0.000893287,0.000740833
8537,5.793392,5.003129,1.16758,0.1052,0.00900657,0.0037372,0.00251031,0.00183477,0.00152038,0.00126091
8538,5.734119,6.255718999999998,1.16781,0.0637318,0.00530879,0.00220437,0.0014807,0.00108224,0.000896796,0.000743743
8539,5.730464,6.258410000000003,1.16781,0.098465,0.00837071,0.00346983,0.00233073,0.00170351,0.00141162,0.0011707
8543,4.99109,5.954584999999999,1.16831,0.103501,0.00888035,0.00368745,0.00247691,0.00181036,0.00150015,0.00124413
8544,4.994223,5.954120000000005,1.16831,0.0838625,0.00721095,0.00299166,0.00200953,0.00146875,0.00121708,0.00100937
8545,4.992927,5.963277999999995,1.16831,1.33733,0.122565,0.048994,0.0323282,0.0234497,0.0193873,0.0160593
8547,4.951336,5.8809279999999955,1.16863,0.177829,0.0151623,0.00629596,0.00422909,0.00309101,0.00256137,0.00212423
8548,4.951582,5.880090000000003,1.16863,0.155353,0.0100958,0.00370904,0.00248499,0.00181594,0.00150476,0.00124794
8549,5.292387,5.412148000000002,1.16897,0.254067,0.0222328,0.00896483,0.00601347,0.0043946,0.00364154,0.00302004
8552,4.948776,5.127150999999993,1.16924,0.717418,0.0830126,0.0284648,0.0174132,0.0121459,0.00990042,0.0081301
8553,4.949746,5.127724999999998,1.16924,0.397229,0.0341804,0.0141734,0.00951989,0.00695797,0.00576572,0.00478171
8554,5.281277,5.387679999999995,1.16934,0.218599,0.0184916,0.0076761,0.00515613,0.00376859,0.00312284,0.00258988
8557,5.355849,5.044704999999995,1.17033,0.0613753,0.00521867,0.00216519,0.00145437,0.00106299,0.000880843,0.000730513
8558,5.354375,5.047359000000006,1.17033,0.492498,0.0423145,0.01757,0.0118021,0.00862604,0.00714798,0.00592806
8559,5.357192,5.038201000000003,1.17033,0.2952,0.0254372,0.010548,0.00708493,0.00517831,0.00429101,0.00355868
8560,5.84571,6.287774000000005,1.17038,0.110028,0.00915154,0.00379997,0.0025525,0.0018656,0.00154593,0.00128209
8561,5.841503,6.295193999999994,1.17038,0.153578,0.0131947,0.00547896,0.0036803,0.0026899,0.00222899,0.00184858
8563,5.846495,6.280699999999998,1.17129,0.0590025,0.00316057,0.00125321,0.00084107,0.00061469,0.00050936,0.000422429
8564,5.854881,6.282333999999996,1.17129,0.58455,0.05023,0.0208553,0.0140088,0.0102389,0.0084845,0.00703648
8568,5.276831,5.0752360000000065,1.17283,0.277287,0.0238275,0.00974411,0.00653824,0.00477796,0.00395917,0.00328345
8569,5.274719,5.072140000000004,1.17283,0.360327,0.0303773,0.0121946,0.00818147,0.00597909,0.00495453,0.00410895
8570,5.279188000000001,5.078415999999998,1.17283,0.0900831,0.00769586,0.00319565,0.00214657,0.00156891,0.00130008,0.0010782
8571,7.042853,5.201279000000001,1.17303,0.606847,0.0519124,0.0215475,0.0144737,0.0105787,0.00876606,0.00726999
8574,5.416033,5.062925000000004,1.17353,0.119972,0.00959592,0.00398033,0.00267364,0.00195414,0.0016193,0.00134294
8575,5.413583,5.064224000000001,1.17353,0.359151,0.0307014,0.0127477,0.0085628,0.00625849,0.0051861,0.00430101
8576,5.415163,5.064203999999998,1.17353,0.147698,0.0118283,0.00490957,0.00329783,0.00241036,0.00199735,0.00165647
8578,5.6113930000000005,5.504940000000006,1.17365,0.65173,0.056056,0.0232768,0.0156354,0.0114278,0.00946965,0.0078535
8579,5.612743,5.506255000000002,1.17365,0.0727864,0.00603593,0.00250583,0.0016832,0.00123024,0.00101944,0.000845455
8580,5.039652,4.972257000000002,1.17383,0.0924717,0.00550933,0.00228694,0.00153617,0.00112278,0.000930389,0.000771603
8581,5.036498,4.968486999999993,1.17383,0.080032,0.00688338,0.0028565,0.00191871,0.00140237,0.00116208,0.000963748
8582,5.037689,4.963156999999999,1.17383,0.0851288,0.0140719,0.00676975,0.00387523,0.00231752,0.00169271,0.00125512
8583,5.292382,5.355446999999997,1.174,0.270842,0.0227833,0.00945363,0.00635008,0.00464123,0.00384596,0.00318958
8584,5.293853000000001,5.349893999999999,1.174,0.0801782,0.00687221,0.00285359,0.0019168,0.00140098,0.00116092,0.00096279
8585,5.028843,6.994060999999999,1.1744,0.0602094,0.0979873,0.178476,0.183544,0.16236,0.140731,0.115374
8586,5.030808,6.998287000000005,1.1744,0.097336,0.00834732,0.00346495,0.00232745,0.00170112,0.00140963,0.00116906
8588,5.26572,4.8388209999999985,1.17469,0.062712,0.00803776,0.00348543,0.00206203,0.00132911,0.00103004,0.000810753
8590,6.535892,5.581642,1.17558,0.195327,0.0167915,0.00696219,0.0046765,0.00341802,0.00283235,0.00234896
8591,6.485906,5.489004999999999,1.1757,0.146359,0.0122872,0.00510169,0.00342688,0.00250468,0.00207551,0.00172129
8592,5.219878,5.939161000000002,1.17591,0.0569747,0.00462314,0.00191066,0.00128336,0.000937995,0.00077727,0.000644616
8594,5.148398,6.918932000000003,1.1764,0.190111,0.0162339,0.006741,0.00452803,0.0033095,0.00274242,0.00227438
8599,5.842388,6.2689299999999974,1.17763,0.0504298,0.00427444,0.00177487,0.0011922,0.000871374,0.000722065,0.000598833
8600,5.838043,6.275000000000004,1.17763,2.27811,0.254653,0.123685,0.0783923,0.0518779,0.0401846,0.0313122
8601,7.005818,5.107530000000004,1.17765,0.149462,0.0128564,0.00532065,0.0035737,0.00261198,0.00216442,0.00179503
8602,7.006084,5.106317000000004,1.17765,0.0545523,0.00851852,0.0031536,0.00173855,0.00109484,0.000848662,0.000672278
8609,5.244362,6.854323000000001,1.1786,0.0514774,0.00543313,0.00263051,0.00176386,0.00123052,0.000976304,0.000770219
8614,5.230195,7.080026999999997,1.18015,0.0754836,0.00648828,0.00268843,0.00180577,0.00131982,0.00109367,0.00090702
8616,5.145230000000001,7.126914,1.18167,11.7025,1.00626,0.417834,0.280665,0.205136,0.169986,0.140975
8617,6.929365,5.030388,1.18167,0.807728,0.12681,0.0440842,0.0244633,0.0155768,0.0121269,0.0096222
8618,6.939269000000001,5.034943999999999,1.18167,0.284741,0.0241651,0.0100338,0.00673985,0.00492611,0.00408203,0.00338536
8619,6.965733,5.263343999999995,1.18169,0.0535334,0.00460038,0.00191028,0.00128316,0.000937854,0.000777153,0.000644519
8623,5.289454,5.721072999999993,1.18279,0.0561645,0.00478891,0.00198828,0.00133555,0.000976148,0.000808886,0.000670836
8625,5.734373,5.889920999999996,1.18329,0.134858,0.00993632,0.0041259,0.00277142,0.00202562,0.00167853,0.00139206
8626,5.4169160000000005,6.244717999999998,1.18333,0.372279,0.0320256,0.0132941,0.00892974,0.00652669,0.00540834,0.00448532
8627,4.885575,6.195044000000005,1.18373,0.0759826,0.00651351,0.00270466,0.00181676,0.00132786,0.00110033,0.00091254
8631,4.823127,6.203226000000004,1.18425,0.0556321,0.00476327,0.00197788,0.00132857,0.000971043,0.000804655,0.000667328
8632,4.823441,6.2026219999999945,1.18425,0.105721,0.00866192,0.00358471,0.00240776,0.0017598,0.00145826,0.00120939
8633,4.82625,6.193748999999999,1.18425,0.141374,0.0119034,0.00493377,0.00331397,0.00242216,0.00200712,0.00166457
8634,6.68054,4.936327999999995,1.18431,0.125769,0.038054,0.0263439,0.0160799,0.0091622,0.00611789,0.00395053
8635,6.687271,4.934750000000002,1.18431,0.0538719,0.00450952,0.00184861,0.00124085,0.000906831,0.000751435,0.000623187
8636,6.682104,4.929490999999996,1.18431,0.108073,0.00916477,0.00380167,0.00255361,0.00186641,0.00154661,0.00128265
8637,5.485748,6.4854419999999955,1.18447,0.0527496,0.0042684,0.0017721,0.00119035,0.000870017,0.00072094,0.0005979
8638,5.68084,5.749165000000005,1.18462,0.0596003,0.00552162,0.00216763,0.00143296,0.00104259,0.000863115,0.000715543
8644,5.249735,5.594247999999999,1.18606,0.640058,0.0566717,0.0226407,0.0151586,0.011074,0.0091759,0.00760976
8645,5.25349,5.590286999999998,1.18606,0.0716149,0.00610506,0.00253488,0.00170272,0.0012445,0.00103126,0.000855258
8648,5.349117,5.551765999999996,1.18632,1.02483,0.0812905,0.0334092,0.0224345,0.0163967,0.0135871,0.0112682
8651,6.51601,5.109341000000002,1.18674,0.0590443,0.00504643,0.00209467,0.00140702,0.00102838,0.000852168,0.000706732
8652,6.452593,4.857681999999998,1.18723,0.0710735,0.00548673,0.00227771,0.00152997,0.00111824,0.000926634,0.000768489
8653,6.446095,4.864126999999999,1.18723,0.107059,0.00918344,0.00380455,0.00255552,0.00186781,0.00154776,0.00128361
8654,6.457507,4.860065000000006,1.18723,0.499482,0.0431899,0.0178036,0.011956,0.00873842,0.00724109,0.00600528
8655,5.278684,6.311155000000001,1.18787,0.066321,0.00584507,0.00236713,0.00158295,0.00115564,0.000957393,0.000793923
8656,5.277629,6.313138999999997,1.18787,0.11524,0.00841459,0.00344398,0.00231272,0.00169031,0.00140067,0.00116162
8660,5.480619,6.742217000000001,1.1881,0.0953793,0.00819939,0.00339466,0.00227996,0.00166639,0.00138085,0.00114519
8663,5.7327010000000005,5.267632999999995,1.18855,1.47952,0.109779,0.045579,0.0306161,0.0223771,0.0185428,0.0153782
8664,5.17409,6.374645000000006,1.18873,0.0513394,0.00473001,0.0018093,0.0012057,0.000880138,0.000729207,0.000604728
8665,5.292982,5.310375999999999,1.18893,0.231378,0.0194384,0.0080712,0.00542154,0.00396257,0.00328359,0.00272319
8666,5.289496,5.306882,1.18893,0.0624303,0.00562036,0.00221001,0.00147826,0.00107986,0.000894771,0.000742052
8667,6.998851,5.451571999999999,1.18908,0.196822,0.0169259,0.00702134,0.00471625,0.00344707,0.00285642,0.00236893
8668,7.001775000000001,5.443979000000001,1.18908,63.6842,5.29454,2.17669,1.46201,1.06857,0.885475,0.734355
8669,6.995762,5.443552000000005,1.18908,0.283297,0.0227423,0.00944311,0.00634307,0.00463611,0.00384172,0.00318607
8670,4.847396,5.123975000000005,1.18911,0.15403,0.0131506,0.00545878,0.00366672,0.00267998,0.00222077,0.00184176
8671,5.552371,5.657040999999996,1.18921,0.0934274,0.00799977,0.00332185,0.00223134,0.00163087,0.00135142,0.00112078
8672,5.553756,5.657085000000005,1.18921,1.00279,0.0914276,0.0361708,0.0240152,0.0174949,0.0144869,0.012011
8673,5.30553,6.282339999999994,1.18926,0.0722246,0.00607257,0.00252159,0.00169378,0.00123798,0.00102585,0.000850772
8674,4.936187,6.5465670000000005,1.18927,0.212702,0.0176725,0.00727197,0.00488253,0.00356838,0.00295692,0.00245226
8675,4.927249,6.542822000000001,1.18927,0.0963297,0.00853766,0.00342212,0.00228816,0.00167084,0.00138433,0.00114801
8676,5.375355,5.450929000000001,1.18956,0.3131,0.0196061,0.00808216,0.00542885,0.00396791,0.00328801,0.00272686
8677,5.141423,6.320509000000004,1.18999,0.0985199,0.00823492,0.00336142,0.00225533,0.00164808,0.00136564,0.00113256
8678,5.542526,6.687131999999999,1.19035,0.355888,0.0341629,0.0128418,0.00842114,0.00611094,0.00505552,0.00418976
8680,7.046305,5.389168000000001,1.19068,0.40118,0.0343706,0.0142583,0.00957737,0.00700004,0.00580058,0.00481062
8684,6.614387,6.156321999999997,1.1915,0.183391,0.0157442,0.00653694,0.00439096,0.00320932,0.00265941,0.00220554
8685,4.838549,6.734013999999995,1.1917,0.0584251,0.00506423,0.00207717,0.0013946,0.00101926,0.000844608,0.000700462
8686,6.767195,6.347827999999999,1.19202,0.0591618,0.00477653,0.00198071,0.00133046,0.000972425,0.0008058,0.000668278
8687,6.828844,5.926142,1.19212,0.0596542,0.0050881,0.00209316,0.00140548,0.00102721,0.000851194,0.000705923
8688,7.161492,6.433735999999996,1.19251,0.0535141,0.0034548,0.00121972,0.000814678,0.00059511,0.000493112,0.000408949
8689,7.174151000000001,6.445264999999998,1.19251,15.8479,1.35574,0.562873,0.37809,0.276344,0.228992,0.189911
8690,7.164224000000001,6.441856999999995,1.19251,0.0758578,0.00551599,0.00228792,0.00153682,0.00112325,0.000930786,0.000771932
8691,7.16006,6.440785000000006,1.19251,0.679049,0.0553119,0.0229637,0.0154251,0.0112741,0.00934227,0.00774786
8692,5.222457,5.882327999999998,1.19263,2.23459,0.18946,0.077575,0.0521017,0.0380807,0.0315556,0.0261701
8693,5.2294,5.8842779999999975,1.19263,0.055575,0.004454,0.00183726,0.00123392,0.00090185,0.000747317,0.000619775
8697,5.31835,5.877720999999999,1.19328,0.228151,0.0192874,0.00794834,0.00533862,0.00390195,0.00323335,0.00268153
8698,6.950679,6.296912000000006,1.19328,0.319076,0.0274422,0.011389,0.00765002,0.00559134,0.00463327,0.00384253
8699,6.958175000000001,6.2891099999999955,1.19328,0.091482,0.00787278,0.00326893,0.00219579,0.00160489,0.00132989,0.00110292
8700,5.862528,6.081355999999996,1.19347,0.0975621,0.00971791,0.00454314,0.00300992,0.00209501,0.00166918,0.00132906
8701,5.865338,6.086937000000003,1.19347,0.0531267,0.00426787,0.00176489,0.00118543,0.000866417,0.000717957,0.000595426
8702,7.058256,7.037348000000004,1.19386,0.0959452,0.00822863,0.00341614,0.00229466,0.00167715,0.00138978,0.00115259
8703,7.071665,7.023310999999996,1.19386,0.58546,0.0561417,0.0214904,0.0140777,0.0102084,0.00844373,0.00699724
8704,5.585745,5.738453000000002,1.19398,3.61444,0.311036,0.129154,0.0867548,0.0634085,0.0525435,0.0435761
8706,5.106281,4.982265999999999,1.19447,0.0524223,0.00439711,0.00182482,0.00122576,0.000895898,0.000742386,0.000615686
8707,5.96785,6.155988,1.19448,0.0656495,0.0055944,0.00232251,0.00156006,0.00114024,0.000944861,0.000783606
8708,7.14651,6.274707000000003,1.19452,1.27811,0.101644,0.0421477,0.028311,0.0206923,0.0171467,0.0142204
8711,7.032033,5.075762,1.19544,0.15885,0.0171865,0.00671967,0.00419295,0.00291027,0.00235666,0.00192276
8714,7.085104,4.993567000000002,1.19617,0.0577975,0.00504225,0.00205696,0.00137886,0.0010074,0.000834728,0.000692253
8715,6.432751,5.846072999999999,1.19643,0.0688193,0.00554453,0.00229014,0.00153812,0.00112419,0.00093156,0.000772574
8716,6.428988,5.847624,1.19643,0.125584,0.0108038,0.00448513,0.00301273,0.00220198,0.00182467,0.00151326
8717,7.151775,5.060776999999997,1.19671,0.101081,0.00854877,0.00354693,0.00238252,0.00174137,0.00144299,0.00119672
8718,7.149553,5.055720000000001,1.19671,0.0612788,0.00506566,0.00209273,0.00140552,0.00102727,0.000851246,0.000705967
8719,7.14276,5.053556000000007,1.19671,0.760637,0.0645253,0.0267832,0.0179906,0.0131492,0.0108961,0.00903653
8720,5.468438,6.090055000000004,1.19712,0.0862827,0.00740278,0.00307376,0.00206469,0.00150907,0.00125049,0.00103707
8721,5.466724,6.082278000000003,1.19712,0.828052,0.0675507,0.0280349,0.0188314,0.0137638,0.0114054,0.00945885
8722,6.927232,5.341056000000001,1.19717,0.0933404,0.00732867,0.00294271,0.00197433,0.00144284,0.00119559,0.000991541
8723,4.953383,7.177601000000004,1.19738,0.263787,0.0228978,0.00944597,0.00633288,0.0046255,0.00383222,0.0031779
8724,4.949445,7.169718000000004,1.19738,0.131114,0.0106632,0.0044278,0.00297421,0.00217383,0.00180135,0.00149392
8725,5.462275,6.032757000000005,1.19766,0.103884,0.00877593,0.00364351,0.0024474,0.00178879,0.00148228,0.0012293
8726,5.462749,6.0293249999999965,1.19766,0.0629227,0.00566134,0.00223977,0.00148767,0.00108333,0.000896848,0.000743449
8727,7.021065000000001,6.780535000000001,1.19795,0.111151,0.00846304,0.00305726,0.0020443,0.00149356,0.0012376,0.00102637
8728,7.189098,4.917360999999997,1.19818,0.13742,0.0114264,0.00473701,0.00318189,0.00232562,0.00192713,0.00159823
8729,7.191267,4.927788000000005,1.19818,0.121698,0.0106089,0.00436828,0.00292567,0.00213623,0.00176976,0.00146756
8730,5.359525,5.821223999999999,1.19824,0.0675688,0.00587694,0.00240156,0.00161119,0.0011774,0.000975634,0.000809121
8733,5.459987,5.940166999999998,1.19938,0.165527,0.0142133,0.00590183,0.00396435,0.00289751,0.00240103,0.00199125
8737,6.91941,6.669164999999999,1.20013,0.057924,0.00493889,0.00205051,0.00137735,0.0010067,0.000834202,0.000691832
8738,6.916876000000001,6.668028000000007,1.20013,6.74348,0.603068,0.24711,0.163875,0.118907,0.0982656,0.0813601
8739,6.912995,6.6718709999999986,1.20013,0.0769376,0.00662583,0.00275133,0.00184811,0.00135077,0.00111932,0.000928287
8740,6.924066,6.670100000000006,1.20013,0.300682,0.0254177,0.0104964,0.00704965,0.00515248,0.0042696,0.00354093
8741,6.918621,6.680180999999995,1.20013,0.114703,0.0098501,0.00408676,0.00274512,0.00200639,0.0016626,0.00137885
8742,5.096151,5.028304999999995,1.20069,0.875461,0.0741372,0.0307707,0.020669,0.0151069,0.0125183,0.0103819
8743,5.104187,5.014939000000006,1.20069,0.0859969,0.00738386,0.00306609,0.00205954,0.0015053,0.00124737,0.00103449
8744,5.852812,6.317540000000007,1.2008,0.151142,0.0138826,0.00522074,0.00349024,0.00254984,0.00211285,0.00175224
8745,5.850710000000001,6.322215999999997,1.2008,2.15388,0.181984,0.0740015,0.0496676,0.0362987,0.0300787,0.0249452
8746,6.845341,5.063476999999999,1.20095,0.0525204,0.00447216,0.00182914,0.00122834,0.000897771,0.000743938,0.000616972
8747,6.019929000000001,5.941423000000003,1.20099,0.326464,0.0275701,0.0114374,0.00768263,0.00561519,0.00465303,0.00385891
8748,5.775147,5.956128999999997,1.20108,2.55051,0.215778,0.0895962,0.0601831,0.0439874,0.0364502,0.0302294
8749,6.059528,5.983936000000001,1.20135,0.259713,0.022335,0.00927422,0.00622963,0.00455319,0.00377301,0.00312908
8754,6.918381,5.182556000000001,1.20295,0.0615323,0.00506227,0.00209392,0.00140649,0.001028,0.000851851,0.000706468
8755,6.919029,5.183239999999995,1.20295,2.60096,0.2313,0.09243,0.0618393,0.0451674,0.0374244,0.0310364
8758,5.569627,5.237581999999999,1.2031,0.079126,0.00682704,0.00280954,0.00188659,0.00137885,0.00114258,0.000947584
8759,5.570702,5.239202000000005,1.2031,0.0575738,0.00486602,0.00201869,0.00135597,0.000991068,0.000821249,0.00068109
8760,5.571577,5.2323830000000005,1.2031,0.060812,0.00522982,0.00217126,0.00145846,0.00106598,0.000883325,0.000732571
8761,5.572415,5.238578000000006,1.2031,0.338775,0.0288589,0.011925,0.00800791,0.00585266,0.00484978,0.00402207
8765,5.590876,5.450969000000007,1.20359,0.321728,0.0261293,0.010823,0.0072699,0.00531352,0.00440305,0.0036516
8767,5.433127,5.299119000000004,1.20431,0.80207,0.0794379,0.0265029,0.0171854,0.0124524,0.0103008,0.00853696
8769,6.711669,4.808822999999996,1.2047,0.299314,0.0257534,0.0106522,0.00715391,0.00522863,0.0043327,0.00359325
8770,6.718865,4.805518999999998,1.2047,0.186487,0.0154899,0.00642662,0.00431682,0.00315513,0.0026145,0.0021683
8771,6.712591,4.80903,1.2047,3.14397,0.248954,0.0920093,0.0613891,0.0448268,0.0371413,0.0308014
8772,6.812607,5.402110999999996,1.20485,0.509557,0.0451429,0.0178884,0.0119165,0.00868884,0.00719592,0.00596629
8776,5.257355,6.739006000000002,1.20594,0.0743248,0.00604942,0.00251196,0.00168732,0.00123325,0.00102194,0.000847526
8777,5.200616,6.754751999999999,1.20657,0.0748352,0.00644498,0.00262712,0.00176148,0.00128699,0.0010664,0.000884379
8778,4.849578,6.730316999999995,1.20665,0.0806091,0.00629875,0.0025724,0.00172696,0.00126214,0.00104586,0.000867369
8779,4.856077,6.729409999999996,1.20665,0.0898205,0.00726027,0.00301469,0.00202501,0.00148007,0.00122646,0.00101715
8780,5.111861,6.839774000000004,1.20703,0.0901149,0.0185967,0.00736335,0.00375742,0.00214059,0.00156465,0.00118362
8784,6.358495,6.861730000000001,1.20786,0.0514324,0.00458386,0.00181436,0.00121574,0.000888356,0.000736121,0.000610487
8785,5.142494,6.779896999999998,1.20815,0.0605552,0.0184679,0.0147841,0.0104415,0.00685559,0.00498751,0.00346349
8790,5.152213,6.7269879999999995,1.20892,0.0612066,0.00523149,0.00217204,0.00145899,0.00106637,0.000883647,0.000732839
8794,6.856736,6.7075040000000055,1.20904,0.354756,0.0301272,0.0124672,0.00837421,0.00612065,0.00507188,0.00420628
8796,5.016248000000001,5.983516999999998,1.20994,0.0864923,0.00737267,0.00304824,0.00204741,0.00149643,0.00124002,0.00102839
8797,6.85353,5.571124000000001,1.21054,0.178383,0.063969,0.0231258,0.0103517,0.00512602,0.00344543,0.00243473
8798,6.843639,5.564074,1.21054,0.543431,0.0466531,0.0193224,0.0129787,0.00948606,0.00786063,0.00651909
8801,5.461584,5.111848000000005,1.21211,0.187916,0.0162153,0.00671801,0.0045104,0.0032961,0.0027312,0.00226503
8802,5.475951,5.113076,1.21211,0.0646533,0.00545474,0.00226499,0.00152142,0.001112,0.000921459,0.000764197
8803,6.257868,6.553148999999996,1.21297,0.787421,0.0674682,0.0280047,0.0188111,0.0137489,0.0113931,0.00944865
8804,6.659414,6.2886339999999965,1.21303,0.0968921,0.00877226,0.003283,0.00216601,0.00157501,0.00130355,0.00108049
8805,6.664253,6.291168000000003,1.21303,0.0818789,0.0128802,0.00508646,0.00282805,0.00175614,0.0013419,0.0010476
8806,6.720725,5.359927000000002,1.21304,0.282066,0.0226725,0.00941383,0.0063234,0.00462173,0.0038298,0.00317619
8811,6.303990000000001,6.711660000000001,1.21483,0.157118,0.0130775,0.00543032,0.00364762,0.00266602,0.0022092,0.00183217
8812,6.304874,6.707559999999998,1.21483,0.109872,0.00928053,0.00385349,0.00258845,0.00189188,0.00156771,0.00130015
8813,6.306425,6.701351000000002,1.21483,2.86909,0.243277,0.101015,0.067853,0.0495933,0.0410955,0.0340819
8814,6.908321,6.8483870000000024,1.21487,0.0943964,0.00809782,0.00336211,0.00225838,0.00165063,0.0013678,0.00113436
8815,5.369539,6.1746199999999964,1.21508,0.0602745,0.00517379,0.00214812,0.00144292,0.00105462,0.000873915,0.000724767
8816,5.37045,6.187376000000003,1.21508,23.8686,2.0112,0.835135,0.560972,0.410011,0.339756,0.281771
8830,5.514676,5.0292980000000025,1.21823,2.41719,0.208523,0.0860366,0.0577614,0.0422136,0.0349798,0.0290098
8831,5.515566,5.032419999999994,1.21823,2.94601,0.313418,0.1059,0.068637,0.0497788,0.0411948,0.034149
8832,4.987192,4.9266139999999945,1.21824,0.0522772,0.00415234,0.00171225,0.00115006,0.000840571,0.00069654,0.000577664
8833,6.987231,5.169371000000003,1.21851,0.149887,0.0126525,0.00525383,0.00352908,0.00257938,0.0021374,0.00177262
8834,6.996143000000001,5.172173000000001,1.21851,0.0882227,0.0073527,0.00305238,0.00205032,0.00149857,0.00124179,0.00102986
8835,7.000956,5.162419999999998,1.21851,0.139252,0.0119452,0.00495047,0.00332514,0.00243032,0.00201388,0.00167018
8836,6.983291,5.1646710000000065,1.21851,0.0609648,0.0053814,0.00218053,0.00145906,0.00106552,0.000882818,0.000732114
8837,6.794833,5.2100700000000035,1.21875,0.0706772,0.00574625,0.0023531,0.0015796,0.00115441,0.000956595,0.000793333
8838,6.800374,5.209011000000002,1.21875,0.76127,0.0654832,0.0271499,0.0182351,0.0133277,0.011044,0.00915915
8841,6.7394,5.181708999999998,1.21944,0.203236,0.0160637,0.00666626,0.00447782,0.00327281,0.00271202,0.00224917
8842,6.731396,5.1795039999999934,1.21944,1.59107,0.190051,0.101478,0.0665646,0.044124,0.0336638,0.0255324
8843,7.008551,4.863173000000005,1.22048,0.366455,0.0315047,0.0130662,0.00877634,0.00641454,0.00531541,0.00440825
8846,5.032023,4.931534999999999,1.22093,0.0638966,0.0212661,0.011789,0.00651283,0.00350992,0.00231112,0.00150409
8847,5.029961,4.937000000000006,1.22093,0.114793,0.00897573,0.00368486,0.00247499,0.00180895,0.00149898,0.00124316
8848,5.021466,4.929352000000006,1.22093,0.454088,0.0409766,0.0165613,0.0109728,0.00797129,0.00659292,0.00546218
8854,7.076835,7.104058000000006,1.22192,0.108098,0.00923219,0.00383344,0.00257497,0.00188203,0.00155955,0.00129339
8855,5.660059,5.321900999999998,1.22226,0.0581817,0.00493486,0.0020487,0.00137614,0.00100581,0.000833465,0.000691221
8861,4.951853,6.9923929999999945,1.22338,0.0994561,0.00800446,0.00332044,0.00223039,0.00163018,0.00135085,0.0011203
8868,5.721957,5.274843999999996,1.22491,0.263534,0.0213521,0.00877369,0.005892,0.00430633,0.00356844,0.00295943
8869,5.729612,5.267838999999995,1.22491,0.123852,0.0106233,0.0044111,0.002963,0.00216564,0.00179456,0.00148829
8870,5.15595,5.109939000000001,1.22496,0.149758,0.0127409,0.00529052,0.00355372,0.00259739,0.00215233,0.001785
8871,5.749609,5.213413999999995,1.22509,0.486097,0.0412935,0.0171439,0.0115158,0.00841682,0.0069746,0.00578427
8872,5.748866,5.215109999999996,1.22509,0.187942,0.015953,0.00661748,0.00444505,0.00324886,0.00269217,0.0022327
8878,5.995955,6.0497510000000005,1.22615,0.0545411,0.00466924,0.00193881,0.00130233,0.000951864,0.000788762,0.000654147
8879,4.998794,6.420936999999998,1.22619,0.332712,0.0286151,0.0118822,0.00798142,0.00583357,0.00483399,0.00400899
8880,5.784475,5.331971999999998,1.22639,0.0663628,0.0055996,0.00231028,0.00155157,0.00113401,0.000939698,0.000779323
8881,5.782638,5.325988000000001,1.22639,0.0583084,0.00481342,0.0019487,0.00130745,0.000955469,0.000791736,0.00065661
8884,6.836029,6.243983999999996,1.22706,0.0920275,0.00775749,0.00322045,0.00216322,0.00158108,0.00131017,0.00108656
8885,6.912127,7.0623179999999985,1.22716,0.153702,0.0139454,0.00554855,0.0036773,0.00267407,0.00221265,0.00183366
8886,6.92211,7.0646170000000055,1.22716,0.0552105,0.00518437,0.00206916,0.00135202,0.000974361,0.000803505,0.000664512
8887,6.920173,7.067979000000004,1.22716,0.0571038,0.00476444,0.00197327,0.00132541,0.000968733,0.000802741,0.00066574
8888,6.924819,7.069920999999998,1.22716,0.0564187,0.00449296,0.00121808,0.000772079,0.000556801,0.00046018,0.000381246
8889,5.640092,5.358962999999994,1.22774,0.244047,0.0210021,0.00870858,0.00584885,0.00427476,0.00354226,0.00293771
8890,4.859899,6.247441000000001,1.22776,0.207498,0.0175441,0.00728506,0.00489348,0.00357661,0.00296376,0.00245795
8891,4.853226,6.246841999999999,1.22776,0.511308,0.0411918,0.0170925,0.0114813,0.00839158,0.00695369,0.00576693
8892,5.780869,5.7378590000000065,1.22782,0.0573335,0.00491485,0.00204085,0.00137087,0.00100196,0.000830275,0.000688575
8893,6.946462,7.176275999999993,1.22783,0.129115,0.0120182,0.00469418,0.00310065,0.00225537,0.001867,0.00154774
8894,6.947206,7.171321999999997,1.22783,0.0626459,0.00528109,0.00219291,0.00147301,0.00107661,0.000892135,0.000739878
8898,6.020774000000001,6.162166000000001,1.22824,0.0953984,0.00817699,0.00339542,0.00228076,0.00166699,0.00138135,0.0011456
8900,6.931609,6.134078999999997,1.22856,0.133399,0.0116183,0.00474614,0.00318468,0.00232736,0.00192854,0.0015994
8901,6.932061000000001,6.134183000000001,1.22856,0.100828,0.00861163,0.00357392,0.00240065,0.00175462,0.00145397,0.00120582
8902,5.723806,5.248555000000003,1.22872,0.437566,0.0375448,0.0155898,0.0104719,0.00765386,0.00634237,0.00525995
8903,5.719815,5.245492999999994,1.22872,0.197716,0.0167886,0.00697111,0.00468259,0.00342248,0.00283604,0.00235202
8908,6.866549,6.1371219999999935,1.22916,0.131582,0.0113227,0.00470167,0.00315818,0.00230829,0.00191277,0.00158632
8909,4.936006,6.375266999999997,1.22938,0.103869,0.0103781,0.00375043,0.0024214,0.00174489,0.00144034,0.00119224
8910,6.055384,6.5265420000000045,1.2294,0.0773761,0.00542391,0.00210301,0.00140891,0.00102944,0.00085302,0.000707432
8917,4.833127,6.020293999999999,1.23145,0.506162,0.0432997,0.0179799,0.0120774,0.00882727,0.00731472,0.00606635
8918,4.836291,6.019934000000001,1.23145,0.538965,0.0462396,0.0192005,0.0128972,0.0094265,0.00781128,0.00647816
8920,5.189321,5.9104920000000005,1.23252,0.0592027,0.00910188,0.0088654,0.00784098,0.00629614,0.00518317,0.00405881
8921,4.910120000000001,5.942964000000002,1.23285,0.0574726,0.0048886,0.00202994,0.00136354,0.000996605,0.000825837,0.000684895
8923,6.185731,4.806158000000005,1.23302,1.19665,0.14745,0.0716261,0.0437918,0.0280594,0.0213934,0.01649
8924,5.737924,5.090654999999996,1.23368,0.156269,0.013339,0.00553893,0.00372058,0.00271935,0.00225339,0.00186881
8925,5.865079,5.700703999999999,1.23383,0.170312,0.014657,0.00608531,0.00408759,0.00298759,0.00247567,0.00205316
8926,6.337281,5.185890000000003,1.23388,0.105311,0.00893655,0.0037107,0.00249253,0.00182177,0.00150961,0.00125197
8927,4.903076,6.086357,1.23395,0.0665235,0.005715,0.00237248,0.00159363,0.00116477,0.000965191,0.000800465
8930,5.257291,5.876538999999995,1.23424,0.365445,0.0299915,0.0123589,0.00830035,0.0060666,0.00502708,0.00416913
8931,5.25708,5.876490999999996,1.23424,0.200311,0.0172159,0.00714481,0.00479923,0.00350773,0.00290668,0.00241061
8934,5.335466000000001,5.774616000000005,1.23561,0.0753986,0.00658119,0.00252174,0.00168694,0.0012324,0.00102118,0.000846886
8935,6.071615000000001,6.715798999999993,1.23595,0.0823436,0.00428248,0.00177646,0.00119327,0.000872155,0.000722712,0.000599369
8936,6.073131,6.718308999999995,1.23595,2.65201,0.228884,0.0940729,0.0631724,0.0461714,0.0382599,0.0317302
8937,6.072831,6.717996999999995,1.23595,0.11034,0.009419,0.00386989,0.00259818,0.00189888,0.0015735,0.00130495
8939,4.90634,6.216607000000001,1.23621,0.857075,0.0938444,0.0436328,0.0279779,0.018934,0.0148751,0.0117222
8940,4.905088,6.223787999999998,1.23621,1.63519,0.140383,0.0582685,0.0391395,0.0286068,0.023705,0.0196594
8941,5.748452,5.2850420000000025,1.23639,0.0949741,0.00809567,0.00336166,0.00225808,0.00165041,0.00136762,0.00113421
8944,5.758635,5.223870999999995,1.23707,0.187872,0.0136373,0.00566132,0.00380279,0.00277943,0.00230318,0.0019101
8953,5.738681,6.771183999999998,1.23969,0.399252,0.0355326,0.0145193,0.00965258,0.0070211,0.00580916,0.00481377
8965,5.794167000000001,5.3055670000000035,1.24141,0.0529198,0.00419506,0.00168223,0.00112879,0.000824944,0.000683584,0.000566918
8966,5.79192,5.311674000000004,1.24141,3.39225,0.29177,0.121148,0.0813771,0.059478,0.0492865,0.040875
8967,6.051315,6.482475999999998,1.24174,0.0593219,0.00592288,0.00210262,0.00135742,0.00097908,0.000808548,0.000669466
8968,5.337728,6.926854000000005,1.24234,0.102485,0.00904643,0.00370581,0.00247089,0.00179929,0.00148905,0.00123396
8969,5.757008,5.323077999999995,1.24278,0.0744862,0.00641134,0.00266226,0.00178828,0.00130704,0.00108308,0.000898236
8971,5.012278,6.2746,1.24285,0.0847407,0.00710678,0.0029459,0.00197877,0.00144627,0.00119845,0.000993914
8972,6.873653,5.017651000000005,1.24326,0.535159,0.0457491,0.0189963,0.0127601,0.00932628,0.00772823,0.00640928
8973,6.88088,5.018552999999996,1.24326,0.0868685,0.00742307,0.00307179,0.00206315,0.00150793,0.00124955,0.00103629
8974,6.877911000000001,5.015032000000005,1.24326,0.634391,0.053549,0.0222357,0.014936,0.0109166,0.00904608,0.00750222
8975,5.926131,4.8593069999999985,1.24365,0.0775128,0.00759689,0.0028044,0.00184319,0.00134067,0.00111003,0.000920323
8976,5.210678,7.009320999999996,1.24381,0.506699,0.0289442,0.0120179,0.00807261,0.00590022,0.00488922,0.0040548
8977,5.680469,5.196019000000004,1.24394,0.0739737,0.00631581,0.00262257,0.00176162,0.00128756,0.00106693,0.000884845
8979,6.000453,6.398674999999999,1.24469,0.528356,0.268249,0.466344,0.485009,0.43441,0.379683,0.314027
8980,5.99985,6.397399999999996,1.24469,0.392058,0.0375613,0.0144249,0.00944239,0.00684322,0.00565921,0.00468926
8981,6.514748,6.673510000000004,1.24517,0.0967796,0.00825289,0.00342693,0.00230192,0.00168246,0.00139417,0.00115623
8982,6.512651,6.671287999999996,1.24517,0.124223,0.0107324,0.00444154,0.00298245,0.00217974,0.00180623,0.00149797
8983,6.51763,6.6746010000000044,1.24517,0.176883,0.0151902,0.00630764,0.00423693,0.00309675,0.00256612,0.00212817
8984,6.516397,6.6809300000000045,1.24517,0.0582612,0.00499201,0.00207161,0.00139151,0.00101705,0.000842777,0.000698944
8985,7.02129,6.4034839999999935,1.24563,0.410252,0.0347478,0.0144218,0.00968733,0.0070804,0.00586718,0.00486585
8986,7.085282,5.075258000000005,1.24571,0.161065,0.0120577,0.00473693,0.00317473,0.00231976,0.00192221,0.00159414
8987,7.083290000000001,5.079210999999999,1.24571,0.0673001,0.00615539,0.00241635,0.00160849,0.00117348,0.000972127,0.000806143
8989,5.087314,6.278417999999995,1.24632,0.0549464,0.00905787,0.00464261,0.00274683,0.00165984,0.00120552,0.000880729
8990,5.08641,6.279624000000005,1.24632,0.0542542,0.00461851,0.00191765,0.00128811,0.000941472,0.000780151,0.000647006
8991,5.188122,6.3017340000000015,1.24649,0.096318,0.0133798,0.00557967,0.00321038,0.00203874,0.0015732,0.00123659
8993,6.544138,5.992755,1.24716,0.296458,0.0251895,0.0104022,0.00698707,0.0051068,0.00423175,0.00350953
8996,5.584442,6.673240000000004,1.25001,0.0589818,0.00503774,0.00208663,0.00140161,0.00102442,0.00084889,0.000704013
8997,5.575797,6.682623999999998,1.25001,0.050732,0.00432735,0.0017925,0.00120397,0.000879965,0.000729183,0.000604736
8998,5.584683,6.688652999999996,1.25001,0.0801621,0.00624279,0.00259215,0.00174119,0.00127262,0.00105456,0.000874581
8999,5.216224,6.661387000000007,1.25029,0.0723474,0.00638365,0.00256351,0.00171811,0.00125541,0.00104026,0.000862719
9001,7.06716,5.167853999999997,1.25062,0.0598355,0.00510911,0.00209497,0.00140656,0.001028,0.000851847,0.000706465
9002,7.058354,5.164844999999994,1.25062,0.101228,0.00883206,0.00360348,0.00241449,0.00176372,0.00146135,0.0012119
9003,6.365224,6.929691000000001,1.25218,0.0923044,0.00789406,0.00327694,0.00220116,0.00160882,0.00133315,0.00110562
9004,6.373199,6.925531000000002,1.25218,0.0638019,0.00538971,0.00223644,0.00150223,0.00109797,0.000909834,0.000754556
9014,5.52468,5.094802999999998,1.25552,0.176215,0.015138,0.00628596,0.00422237,0.0030861,0.0025573,0.00212086
9016,6.910936,5.357266000000001,1.25619,0.113342,0.00972639,0.00403784,0.00271227,0.00198238,0.0016427,0.00136235
9017,4.919341,6.887034999999997,1.25789,0.0535528,0.00457548,0.00189973,0.00127608,0.000932677,0.000772864,0.000640962
9019,6.562503,6.0563039999999955,1.25821,0.0601564,0.00503969,0.00209269,0.00140569,0.00102741,0.000851362,0.000706064
9020,6.556117,5.4902719999999965,1.25825,0.0524847,0.00450457,0.00186599,0.00125339,0.000916097,0.000759124,0.000629568
9021,4.89127,6.637889000000006,1.25849,36.5572,3.07002,1.27453,0.856122,0.625734,0.518515,0.430022
9023,6.599442,6.627547999999994,1.25879,0.106736,0.00917979,0.00380932,0.00255876,0.00187018,0.00154973,0.00128524
9024,6.595886,6.626467999999998,1.25879,0.346504,0.0313969,0.0122099,0.00815564,0.00595601,0.00493495,0.00409261
9025,4.888975,6.945265999999997,1.25904,0.140371,0.0102087,0.00412617,0.00277131,0.00202553,0.00167846,0.001392
9026,5.435983,4.8615429999999975,1.25913,0.129491,0.0161178,0.00455454,0.00268933,0.00186901,0.00152648,0.00125656
9027,5.432763,4.869596999999999,1.25913,0.0967178,0.00832707,0.00345776,0.00232263,0.00169759,0.00140671,0.00116663
9028,6.12467,6.7557830000000045,1.25958,0.212391,0.0179052,0.00739294,0.00496513,0.00362893,0.00300711,0.00249389
9029,6.121024,6.755268999999995,1.25958,0.0587888,0.00448829,0.00186116,0.00125017,0.000913739,0.000757171,0.000627947
9030,6.628285,6.7465090000000005,1.25967,0.066976,0.0168302,0.00788902,0.00430932,0.00241986,0.00167696,0.00116972
9035,5.0369,7.147632000000001,1.26039,0.0805717,0.00696445,0.00287684,0.00193129,0.00141141,0.00116954,0.000969937
9036,5.041549,7.154416999999998,1.26039,4.69781,0.401855,0.166664,0.111945,0.0818191,0.0677994,0.0562283
9043,5.26778,5.950619000000004,1.26065,0.390293,0.0320706,0.0133123,0.00894205,0.00653569,0.0054158,0.00449151
9044,5.272317,5.951092000000004,1.26065,6.53961,0.562045,0.233384,0.156767,0.11458,0.0949468,0.0787426
9045,6.461381,5.494833999999994,1.2612,0.506267,0.0601508,0.0188242,0.0118858,0.00856241,0.0070772,0.00586424
9046,6.451717,5.477744,1.2612,0.0635472,0.00569052,0.0022698,0.00151747,0.00110821,0.000918219,0.000761485
9047,6.4602,6.186038000000004,1.26123,0.0764841,0.0186598,0.0109038,0.00669332,0.00402132,0.00283032,0.00195008
9048,6.460452,6.188165999999996,1.26123,0.0876788,0.00731987,0.00303937,0.00204159,0.00149219,0.0012365,0.00102547
9049,6.951996,6.385928999999994,1.26125,0.117349,0.0100306,0.00416279,0.0027962,0.00204372,0.00169353,0.0014045
9050,4.938603,6.442093,1.26125,0.61155,0.0504882,0.0209469,0.0140702,0.0102838,0.0085217,0.00706733
9051,4.943062,6.445630000000004,1.26125,12.3845,1.06376,0.439365,0.2951,0.215686,0.178728,0.148225
9052,6.430135,5.465044,1.26134,37.466,3.23485,1.33988,0.899793,0.657627,0.544941,0.451937
9054,5.729276,4.813043000000003,1.2622,0.0695084,0.00597428,0.00247685,0.00166368,0.00121597,0.00100762,0.000835651
9055,5.736738,4.8141880000000015,1.2622,1.03523,0.0910959,0.0372285,0.0248878,0.0181645,0.0150473,0.0124777
9056,6.74383,6.569551999999995,1.26225,0.117259,0.0103228,0.00418209,0.00279894,0.00204406,0.00169356,0.00140445
9057,6.740895,6.570478000000006,1.26225,0.486362,0.0418207,0.0173505,0.0116545,0.00851822,0.00705863,0.00585396
9058,6.738717,6.563010999999997,1.26225,0.360787,0.0309514,0.0128519,0.00863281,0.00630966,0.00522851,0.00433618
9063,6.243527,5.225849000000004,1.26283,0.072745,0.00633974,0.00255265,0.00171066,0.00124987,0.00103566,0.000858895
9066,6.589012,5.703585999999995,1.26365,0.0720386,0.0152705,0.00385127,0.00190304,0.00119041,0.000938275,0.000757727
9067,6.581304,5.7015350000000025,1.26365,0.432293,0.0249401,0.0102668,0.00689578,0.00504006,0.00417645,0.00346367
9068,4.863474,5.9277130000000025,1.26373,0.280113,0.0273038,0.0104644,0.00677384,0.00486478,0.00400722,0.00331174
9069,6.599158000000001,7.1593529999999985,1.26404,0.0872755,0.00837714,0.00379904,0.00253116,0.00178761,0.00144009,0.0011593
9070,6.599838,7.159374000000006,1.26404,0.596073,0.0491291,0.0203995,0.0137026,0.0100152,0.00829908,0.00688271
9071,6.720665,5.905924000000004,1.26405,0.166115,0.0210451,0.00988277,0.00593059,0.00377899,0.00288713,0.00223692
9072,5.506106,5.074679999999996,1.26407,0.0602452,0.00517819,0.00215019,0.00144431,0.00105564,0.000874755,0.000725464
9074,6.764002,6.605672999999999,1.26477,0.167902,0.011214,0.00465596,0.00312747,0.00228585,0.00189417,0.0015709
9075,6.768518,6.602263000000001,1.26477,0.266422,0.0228921,0.00949305,0.00637644,0.00466049,0.00386192,0.00320282
9076,5.258254,6.196082,1.26526,0.0640007,0.0103472,0.00294124,0.00161883,0.0010824,0.000873537,0.000714815
9077,5.250425,6.193793999999999,1.26526,0.0720087,0.0061558,0.00254278,0.00170791,0.00124829,0.0010344,0.000857862
9078,5.254898,6.187318000000002,1.26526,8.3015,0.67866,0.280894,0.188672,0.137898,0.11427,0.0947677
9079,5.253885,6.191608999999998,1.26526,0.136734,0.0116983,0.00480492,0.00322609,0.00235782,0.0019538,0.00162035
9080,5.099472,5.9811470000000035,1.26563,0.251918,0.0216742,0.00894946,0.00600888,0.00439153,0.003639,0.00301794
9081,5.238456,6.160748999999996,1.26592,0.548149,0.0726857,0.0330639,0.0200116,0.0128788,0.00985709,0.0076129
9082,5.135352,5.986649999999995,1.26595,0.410025,0.0308313,0.012799,0.00859727,0.00628369,0.00520698,0.00431833
9083,5.745012,4.9827409999999945,1.26638,0.297832,0.0268137,0.0100882,0.00666871,0.00485291,0.00401742,0.00333035
9084,5.7509,4.9794089999999995,1.26638,1.07346,0.0923493,0.0383472,0.0257584,0.0188266,0.0156007,0.0129382
9085,5.768774,6.444664,1.26643,30.658,3.17429,1.18244,0.751259,0.534313,0.438622,0.361764
9086,5.010347,5.587422999999997,1.26662,0.133991,0.0100646,0.00370962,0.00248462,0.00181561,0.00150449,0.00124772
9087,5.007995,5.581801000000006,1.26662,0.116473,0.00997453,0.00414177,0.00278208,0.00203341,0.00168498,0.00139741
9088,5.043435,5.948139999999998,1.2668,0.0802193,0.00689873,0.00286398,0.00192377,0.00140607,0.00116514,0.000966292
9089,5.049640000000001,5.953260000000001,1.2668,20.0978,1.70053,0.704853,0.473443,0.346035,0.286742,0.237805
9096,6.455607,5.4024529999999995,1.26814,0.145535,0.0125067,0.0051931,0.00348828,0.00254956,0.00211269,0.00175213
9097,5.1163110000000005,6.036837000000006,1.26847,0.750635,0.0645767,0.0268122,0.0180102,0.0131635,0.010908,0.00904633
9098,5.113948,6.034169000000003,1.26847,0.0524392,0.00580281,0.00233484,0.00143613,0.000982768,0.000790855,0.000642748
9099,5.115407,6.041894000000002,1.26847,9.96307,0.770486,0.319094,0.214338,0.156658,0.129815,0.10766
9100,6.384026,5.7890999999999995,1.26925,0.701257,0.0605057,0.0250493,0.0168241,0.0122965,0.0101895,0.00845047
9101,6.004881,6.516927000000001,1.26931,0.153907,0.0131562,0.00546292,0.00366952,0.00268203,0.00222246,0.00184316
9102,5.442378,5.084206999999996,1.2695,0.0538457,0.00531386,0.00186807,0.00123839,0.000903625,0.000748656,0.000620859
9103,5.451204,5.087485000000006,1.2695,0.0535882,0.00467538,0.00192148,0.00128729,0.000940177,0.000778958,0.000645977
9104,5.440469,5.087900999999997,1.2695,0.317114,0.0425434,0.0141123,0.00821052,0.00551857,0.00442488,0.00359236
9105,5.461014,5.050235000000004,1.26955,0.288383,0.0247258,0.0102662,0.00689595,0.00504021,0.00417657,0.00346377
9106,5.456864,5.048829000000005,1.26955,0.354066,0.0312724,0.0123451,0.00824496,0.00601914,0.00498675,0.00413538
9107,5.458762,5.051293000000002,1.26955,0.453659,0.0375758,0.015377,0.0103282,0.0075488,0.00625532,0.00518774
9108,5.454188,5.048179000000005,1.26955,0.0784224,0.00673426,0.00279634,0.00187834,0.00137287,0.00113763,0.000943474
9109,5.454901,5.0544989999999945,1.26955,0.0631947,0.0128922,0.0040309,0.00203791,0.00122646,0.000937103,0.000737279
9110,4.853916,5.454485000000004,1.26975,0.452871,0.0341596,0.0128352,0.00856292,0.00625145,0.00517935,0.00429516
9111,4.849144,5.4479150000000045,1.26975,0.057257,0.00491108,0.00203929,0.00136982,0.00100119,0.000829639,0.000688048
9112,5.695504,5.978499999999994,1.26976,0.0563586,0.0048394,0.00200934,0.0013497,0.000986487,0.000817453,0.000677941
9113,5.690449,5.971399999999999,1.26976,0.667358,0.0556416,0.0230838,0.0155056,0.011333,0.00939108,0.00778834
9114,5.04433,4.985140000000002,1.27009,0.177351,0.0149361,0.0062019,0.0041659,0.00304483,0.0025231,0.00209249
9115,6.71964,6.023464000000002,1.27032,0.0714309,0.00606818,0.00251975,0.00169255,0.00123708,0.0010251,0.000850153
9116,6.335419,7.086110999999995,1.27068,0.0525552,0.00419751,0.00164007,0.00109992,0.000803828,0.000666086,0.000552407
9117,6.335115,7.084656999999997,1.27068,0.398696,0.0336645,0.0139026,0.0093366,0.00682389,0.0056546,0.00468955
9118,6.37682,6.995533999999997,1.2707,0.13153,0.0104471,0.00433767,0.00291367,0.00212959,0.00176468,0.00146351
9119,5.834143,6.200868999999997,1.27092,0.107239,0.00913058,0.00379087,0.00254638,0.00186114,0.00154223,0.00127902
9120,5.835483,6.202583999999997,1.27092,0.111943,0.00956426,0.00397097,0.00266736,0.00194955,0.0016155,0.00133979
9124,5.943212,5.027641999999994,1.27104,0.234108,0.0201171,0.00832089,0.00558903,0.00408498,0.00338502,0.00280731
9125,5.93918,5.029543000000005,1.27104,2.20317,0.189505,0.0786905,0.0528576,0.0386332,0.0320135,0.0265498
9126,4.880186,5.537465000000001,1.27155,0.0943233,0.0178033,0.0226841,0.0229271,0.0206154,0.0182214,0.0153344
9127,4.880227,5.5357749999999974,1.27155,0.0874654,0.00741093,0.00307307,0.00206419,0.0015087,0.00125018,0.00103682
9128,5.703076,5.217541000000003,1.27158,0.113566,0.0100004,0.00378329,0.00253318,0.001851,0.00153381,0.00127203
9129,5.699542,5.221840000000005,1.27158,0.196405,0.0168302,0.0069842,0.00469138,0.0034289,0.00284136,0.00235644
9132,5.692313,5.232995999999995,1.27215,0.0882539,0.00725789,0.00300896,0.00202113,0.00147723,0.00122411,0.00101519
9133,5.14017,5.1727680000000005,1.27225,0.269581,0.0208154,0.00860578,0.00578057,0.00422498,0.00350103,0.00290352
9134,5.135424,5.170346000000003,1.27225,3.44134,0.294676,0.122351,0.0821848,0.0600684,0.0497757,0.0412807
9135,5.142827,5.171810999999995,1.27225,0.954094,0.0825558,0.0338201,0.0227041,0.0165933,0.01375,0.0114033
9138,5.043535,6.094328000000004,1.27249,0.0573237,0.00465065,0.00193051,0.00129675,0.000947787,0.000785384,0.000651346
9139,5.664453,5.280724999999994,1.27286,0.186376,0.0156655,0.00650437,0.00436908,0.00319333,0.00264616,0.00219455
9140,5.665572,5.280011999999999,1.27286,0.23493,0.040755,0.0113054,0.0060933,0.00405365,0.00327238,0.00268035
9142,5.544168,6.251663000000004,1.27291,0.0528604,0.0044609,0.00185052,0.00124302,0.000908512,0.000752839,0.000624355
9150,7.102921000000001,5.093994000000006,1.2737,0.103584,0.0105482,0.00431832,0.00274609,0.00192,0.00155718,0.00127078
9151,7.104126,5.095239999999996,1.2737,0.0898716,0.0154936,0.00632446,0.00335755,0.00199652,0.00149799,0.00115831
9152,4.937602,6.036769000000004,1.27388,0.051432,0.00283399,0.00116639,0.00078343,0.000572602,0.000474487,0.000393508
9160,5.483644,5.741806999999994,1.27487,0.089517,0.00761348,0.00316079,0.00212315,0.00155179,0.0012859,0.00106644
9161,5.481806,5.742108000000001,1.27487,0.252137,0.0191094,0.0079334,0.00532898,0.00389492,0.00322753,0.0026767
9162,5.472129,5.740764000000005,1.27487,0.0721732,0.00608473,0.00252654,0.00169711,0.00124041,0.00102786,0.000852443
9163,5.4861,5.743705000000006,1.27487,1.2667,0.108588,0.0450823,0.0302824,0.0221332,0.0183407,0.0152106
9164,5.479586,5.745536999999998,1.27487,0.0842613,0.00726476,0.00299984,0.00201399,0.00147187,0.00121964,0.00101149
9165,5.475008,5.739664999999998,1.27487,0.145657,0.0122673,0.00509321,0.00342118,0.00250052,0.00207206,0.00171843
9166,5.49929,5.649838,1.27543,4.31514,0.290239,0.10976,0.0735414,0.0537391,0.0445301,0.0369302
9167,5.565375,5.340564000000002,1.27549,0.205694,0.0163646,0.00679103,0.00456162,0.00333406,0.00276277,0.00229126
9168,4.957132,6.1639870000000005,1.27567,0.176216,0.0178705,0.00624516,0.00408582,0.00297015,0.00245902,0.00203875
9169,4.963051,6.169844000000005,1.27567,0.0861695,0.00733207,0.00304034,0.00204222,0.00149264,0.00123688,0.00102579
9170,4.81448,5.0666450000000065,1.27584,0.0891135,0.00573346,0.00237263,0.00159371,0.00116483,0.000965241,0.000800507
9171,5.591115,5.755381999999995,1.27601,0.0708771,0.00608758,0.00252783,0.00169798,0.00124104,0.00102839,0.000852878
9172,5.438796,6.148872000000004,1.27614,0.0569537,0.00444407,0.00183497,0.00123256,0.000900868,0.000746505,0.000619102
9175,5.520756,5.506758999999997,1.27629,0.243654,0.0208816,0.0086702,0.00582389,0.00425665,0.00352727,0.00292529
9176,4.933317,5.524264999999994,1.27644,0.0999419,0.00860364,0.00357239,0.00239962,0.00175387,0.00145334,0.00120531
9177,4.970299,6.306056000000004,1.27684,0.0876036,0.0144967,0.00919193,0.00593001,0.00368501,0.0026469,0.00186726
9178,4.974349,6.310233999999999,1.27684,0.053663,0.00447955,0.00185957,0.0012491,0.000912959,0.000756524,0.000627411
9179,7.160380000000001,4.892871000000005,1.27714,0.902886,0.0773506,0.0320759,0.0215457,0.0157476,0.0130492,0.0108222
9180,7.150113,5.013343000000006,1.27721,0.837561,0.0694592,0.0288423,0.0193738,0.0141602,0.0117338,0.00973127
9182,5.130886,5.417480999999995,1.27787,0.160414,0.0121756,0.00505229,0.00339369,0.00248043,0.00205541,0.00170462
9183,5.137467,5.421669000000003,1.27787,0.397741,0.0336907,0.0139858,0.00939445,0.00686634,0.0056898,0.00471874
9184,6.097781,6.875949000000004,1.27797,0.0535229,0.00459936,0.00190776,0.00128146,0.000936611,0.000776123,0.000643665
9185,6.097511,6.8743229999999995,1.27797,3.98833,0.341824,0.141455,0.0950112,0.0694428,0.0575438,0.047723
9186,6.099177,6.875200999999998,1.27797,0.0562272,0.0048242,0.0020032,0.00134558,0.000983476,0.000814958,0.000675872
9187,5.644966,6.194523999999997,1.27807,0.0600303,0.00525568,0.00217116,0.00145042,0.00105656,0.000874353,0.000724503
9188,5.600383000000001,5.571462999999993,1.27846,0.489969,0.0419227,0.0174081,0.0116933,0.00854655,0.0070821,0.00587343
9189,5.593496,5.584459999999998,1.27846,0.05811,0.00500218,0.00207399,0.00139311,0.00101821,0.000843742,0.000699744
9190,5.421473,4.898247000000003,1.27852,0.0591112,0.00507971,0.00210932,0.00141686,0.00103557,0.000858127,0.000711674
9193,4.908328,5.573412000000003,1.27921,0.051689,0.00437255,0.00181376,0.00121832,0.000890464,0.000737884,0.000611952
9195,5.994915000000001,7.139010999999996,1.27939,0.151951,0.0130905,0.00543131,0.00364824,0.00266648,0.00220958,0.00183248
9196,6.492625,5.737604000000004,1.27962,0.0619242,0.00526777,0.00218548,0.001468,0.00107295,0.000889101,0.000737361
9197,6.489949,5.729660000000004,1.27962,0.16007,0.0136171,0.00551771,0.00370139,0.00270484,0.00224132,0.00185879
9199,4.975017,4.890064,1.28001,0.0863079,0.0072706,0.0030143,0.00202471,0.00147985,0.00122628,0.00101699
9200,6.218368,6.591958999999996,1.28008,0.117885,0.00961919,0.00398885,0.00267935,0.00195832,0.00162276,0.00134581
9201,6.212417,6.590285999999995,1.28008,0.173914,0.0149266,0.00618952,0.00415727,0.00303848,0.00251784,0.00208812
9202,6.216653,6.594648999999996,1.28008,0.32755,0.028127,0.0116775,0.00784397,0.00573311,0.00475074,0.00393995
9205,5.000045,4.886882000000001,1.28067,0.126011,0.0108076,0.00448778,0.0030145,0.00220328,0.00182575,0.00151416
9206,5.466768,5.184345000000001,1.28101,0.15427,0.0132282,0.00549291,0.00368967,0.00269675,0.00223467,0.00185328
9209,5.025052,4.8522669999999986,1.28144,0.176268,0.00980296,0.00403379,0.00270935,0.00198024,0.00164093,0.00136088
9210,5.025744,4.846017999999996,1.28144,29.3147,2.52246,1.04646,0.70291,0.513752,0.425721,0.353065
9211,5.026413,4.8458089999999965,1.28144,0.216704,0.0182641,0.00758298,0.0050936,0.00372288,0.00308497,0.00255847
9214,6.344448,6.7880550000000035,1.28204,0.20284,0.0169036,0.00701505,0.0047121,0.00344405,0.00285391,0.00236685
9215,5.510088,6.330589000000002,1.28232,0.140126,0.0122216,0.00498589,0.003345,0.00244445,0.00202556,0.00167985
9216,5.510642,6.327945000000005,1.28232,0.352382,0.0303067,0.0125785,0.00844912,0.0061754,0.00511725,0.00424391
9217,5.505748,6.337537999999998,1.28232,0.0536206,0.00470714,0.00190173,0.00127249,0.000929218,0.000769863,0.000638431
9219,5.198204,4.932359000000001,1.28254,0.0907716,0.00775437,0.00321572,0.00216003,0.00157875,0.00130823,0.00108496
9220,5.200178,4.930143999999996,1.28254,0.165533,0.0140704,0.00584225,0.00392432,0.00286826,0.00237679,0.00197115
9222,5.449179,5.867786000000002,1.28379,0.278983,0.0240918,0.00995945,0.00668509,0.00488513,0.00404789,0.00335699
9223,5.490313,6.1703550000000025,1.28392,0.10051,0.00888976,0.00357476,0.00239319,0.00174818,0.00144851,0.00120127
9224,5.492752,6.182795999999997,1.28392,0.54257,0.0429423,0.0175105,0.0117603,0.00859547,0.00712264,0.00590705
9226,4.837908,5.886844999999996,1.28507,4.25623,0.365204,0.151629,0.101851,0.0744423,0.0616866,0.0511588
9227,5.164238000000001,5.620145999999998,1.28531,0.0638871,0.00542042,0.00224788,0.00150991,0.00110358,0.000914482,0.00075841
9228,4.905332,6.875541999999998,1.28572,0.0680544,0.00587089,0.00242081,0.00162502,0.00118757,0.000984063,0.000816111
9231,4.937512,4.813664999999994,1.2862,0.0264514,0.0932605,0.149161,0.138395,0.110902,0.0899142,0.0685764
9232,4.936183,4.813490000000002,1.2862,0.120277,0.0104528,0.0042356,0.00284325,0.00207802,0.00172195,0.00142807
9233,4.935458,4.820663999999997,1.2862,0.398982,0.0311454,0.0128614,0.00863899,0.00631418,0.00523225,0.00433928
9237,4.853978,6.452668999999999,1.28699,0.0722154,0.00585547,0.0024314,0.00163321,0.0011937,0.000989161,0.000820345
9238,5.28191,5.020418000000005,1.2875,0.135539,0.0116997,0.00484449,0.00325371,0.00237809,0.00197061,0.00163429
9239,5.295323,5.020457999999998,1.2875,0.145146,0.0123159,0.00510733,0.00343066,0.00250745,0.0020778,0.00172319
9240,5.294927,5.016705000000005,1.2875,0.144176,0.0117201,0.00486085,0.00326507,0.00238642,0.0019775,0.00164001
9241,4.804011,6.442415000000001,1.28796,0.0857629,0.00727588,0.00302106,0.00202929,0.0014832,0.00122905,0.00101929
9244,6.153122,6.116410000000004,1.29025,0.060865,0.00515436,0.00213779,0.00143598,0.00104955,0.00086971,0.00072128
9248,6.660686,6.589510999999997,1.29435,0.695794,0.0728443,0.0229705,0.0147903,0.0107093,0.00885931,0.00734287
9249,5.900933,6.591298000000003,1.29435,0.0563653,0.00453903,0.00188417,0.00126562,0.000925034,0.00076653,0.000635709
9250,5.894692,6.586372000000003,1.29435,0.122789,0.0105463,0.00436149,0.00292923,0.00214092,0.00177407,0.0014713
9252,5.152584000000001,6.843258000000001,1.29577,1.35692,0.116423,0.0483437,0.0324731,0.0237344,0.0196675,0.0163109
9253,5.152215,6.834854000000003,1.29577,0.227475,0.0205136,0.00804226,0.00534845,0.00389877,0.00322887,0.00267717
9254,5.15318,6.833371999999995,1.29577,0.0916317,0.00655612,0.00268507,0.00180305,0.0013178,0.00109199,0.000905626
9259,5.200799,6.830302999999997,1.29629,0.0527451,0.00364742,0.00150761,0.00101267,0.000740153,0.000613329,0.000508654
9260,5.203484,6.828181999999995,1.29629,0.130235,0.011085,0.00460296,0.00309187,0.00225983,0.00187261,0.00155302
9261,5.198651,6.826581,1.29629,0.0778327,0.00653741,0.00271221,0.00182183,0.00133156,0.0011034,0.000915087
9262,6.569616000000001,6.657265000000005,1.29708,0.0643412,0.00550048,0.00228399,0.00153419,0.00112133,0.000929188,0.000770607
9263,6.567343,6.654028999999996,1.29708,0.060894,0.0107831,0.00212717,0.00113128,0.000769252,0.000627407,0.000516973
9264,6.571969,6.655486999999997,1.29708,0.0858438,0.00733007,0.00304317,0.00204414,0.00149405,0.00123805,0.00102675
9267,6.60977,6.623283,1.29875,0.0726424,0.00592844,0.0024188,0.00162391,0.00118685,0.00098348,0.000815632
9272,4.846894,7.001839000000004,1.29942,0.117306,0.00902927,0.00373995,0.00251216,0.00183612,0.0015215,0.00126184
9273,5.939153,6.213506000000003,1.29966,0.0513987,0.00408729,0.00168712,0.0011331,0.000828167,0.00068626,0.000569139
9274,5.929764,6.214485999999998,1.29966,0.603575,0.0487771,0.0198856,0.013348,0.00975517,0.00808355,0.00670394
9275,5.943044,6.213568000000007,1.29966,0.0848382,0.00697979,0.0028942,0.00194406,0.0014209,0.00117743,0.000976485
9277,6.930898,6.700841999999999,1.30025,0.435824,0.0371005,0.0154037,0.0103469,0.00756248,0.00626665,0.00519715
9279,6.676651,6.933698999999997,1.30095,0.0666594,0.00625039,0.00235226,0.00155736,0.00113468,0.00093973,0.000779197
9280,6.673558,6.931676,1.30095,0.795869,0.0611246,0.0253767,0.0170459,0.0124587,0.0103239,0.008562
9281,4.875402,6.639366999999997,1.30101,0.0598548,0.00459808,0.00173595,0.00115892,0.000846221,0.000701121,0.000581437
9282,6.864093,6.453899999999995,1.30129,0.0865533,0.0077795,0.00251948,0.00165052,0.00120085,0.000994366,0.000824464
9290,5.956596,6.232242999999996,1.30313,0.0812673,0.00687802,0.00285412,0.00191713,0.00140122,0.00116112,0.000962958
9294,5.254961,6.868748000000004,1.30414,0.203964,0.0172466,0.00715092,0.00480332,0.00351071,0.00290916,0.00241266
9297,6.973958,6.2924580000000025,1.30528,0.0990168,0.00845496,0.00351085,0.00235829,0.00172366,0.00142831,0.00118454
9298,7.144578,5.054473999999997,1.3055,0.107846,0.00892569,0.00370149,0.00248633,0.00181724,0.00150586,0.00124886
9299,6.201626,6.262571000000006,1.30619,0.0524437,0.00427884,0.00171578,0.00115142,0.000841495,0.000697301,0.000578294
9300,6.201191,6.261628000000004,1.30619,0.101153,0.00873939,0.00355068,0.00238342,0.00174193,0.00144345,0.0011971
9301,6.199018,6.2619660000000055,1.30619,0.0648832,0.00540771,0.00224332,0.00150687,0.00110136,0.000912641,0.000756884
9303,6.496562,5.1197110000000015,1.30726,0.0603123,0.0051022,0.00211772,0.0014225,0.00103969,0.000861542,0.000714506
9304,6.495283000000001,5.1243380000000025,1.30726,2.08104,0.175177,0.0727041,0.0488364,0.0356942,0.029578,0.02453
9305,6.493522,5.127243000000001,1.30726,0.0751248,0.00645726,0.0026812,0.001801,0.00131634,0.00109078,0.000904624
9306,6.4298,4.830298,1.30729,0.0772306,0.00945241,0.00390602,0.00234372,0.00155057,0.00122186,0.000975295
9308,4.808972,5.611647999999997,1.30739,0.147169,0.0125566,0.0052139,0.00350225,0.00255977,0.00212116,0.00175915
9312,6.811265,6.235772999999997,1.30784,0.102422,0.00928551,0.00335822,0.00222964,0.00162661,0.00134755,0.00111748
9313,6.807461,6.234935000000004,1.30784,0.105254,0.00891006,0.00369983,0.00248523,0.00181644,0.00150519,0.00124831
9314,6.805873,6.234173000000006,1.30784,0.0580592,0.00468319,0.0019148,0.0012861,0.000939998,0.00077893,0.000645993
9316,5.903154,6.512266999999997,1.30832,0.3771,0.0323,0.0134122,0.00900919,0.00658476,0.00545647,0.00452523
9317,5.898487,6.515252000000006,1.30832,1.01992,0.0877724,0.0364469,0.0244819,0.0178937,0.0148276,0.012297
9319,6.683621,5.022902000000005,1.30992,0.144562,0.0123276,0.00511894,0.00343847,0.00251315,0.00208253,0.00172711
9320,6.687447,5.022596000000004,1.30992,0.114383,0.00950627,0.00394234,0.00264812,0.0019355,0.00160385,0.00133013
9322,7.185924000000001,5.005382999999995,1.31082,0.0555373,0.00454101,0.00188531,0.00126639,0.000925597,0.000766997,0.000636097
9323,6.008339,6.744859000000003,1.31139,0.0683213,0.00508603,0.00209595,0.00140774,0.0010289,0.000852598,0.000707088
9324,6.563453,6.981240000000003,1.3115,0.0980528,0.0148958,0.00617079,0.00358996,0.00226667,0.00172422,0.00132744
9325,6.568425,6.974602000000003,1.3115,0.202029,0.0176329,0.00723844,0.00485044,0.00354298,0.00293554,0.00243443
9326,6.562422,6.978451999999997,1.3115,0.0562382,0.00491812,0.00195376,0.00130929,0.000956692,0.000792741,0.000657442
9327,7.063883,4.850621000000004,1.31215,0.243142,0.0208968,0.00867661,0.0058282,0.0042598,0.00352988,0.00292745
9335,5.145105000000001,5.577367000000005,1.31302,0.206938,0.0173441,0.00717783,0.00482116,0.00352374,0.00291995,0.00242161
9336,5.143965,5.575935000000004,1.31302,0.114374,0.0156935,0.00810195,0.00508132,0.00325399,0.00244168,0.00183011
9337,5.891844,6.384037000000006,1.31327,0.0820183,0.00745543,0.00297975,0.00197528,0.00143746,0.00118992,0.000986403
9338,7.157938,4.943724999999994,1.31354,0.265123,0.0250597,0.00941328,0.00626055,0.00456914,0.00378555,0.00313935
9339,7.160826,4.941086999999996,1.31354,0.154049,0.013056,0.00542,0.00364069,0.00266096,0.002205,0.00182868
9346,5.951623,7.1824330000000005,1.31473,0.0556465,0.00474277,0.001968,0.00132193,0.000966193,0.000800636,0.000663995
9347,7.167448,4.863989,1.31482,0.123281,0.0109567,0.00440311,0.00294245,0.00214814,0.00177969,0.00147585
9348,7.1627410000000005,4.8554489999999975,1.31482,0.129528,0.0108526,0.00449882,0.00302183,0.00220863,0.00183018,0.00151783
9351,5.971826,5.796800000000001,1.31541,0.232946,0.0200003,0.00830494,0.00557855,0.00407732,0.00337868,0.00280205
9352,5.973503,5.796544999999998,1.31541,0.293838,0.02443,0.0101219,0.00679878,0.00496917,0.00411771,0.00341495
9353,4.957548,6.418922999999999,1.31553,0.285794,0.0244412,0.0101402,0.0068113,0.00497833,0.0041253,0.00342125
9356,5.206648,7.174786999999997,1.31653,0.0937739,0.00812917,0.00334438,0.00224355,0.0016393,0.00135833,0.00112648
9357,4.837805,6.056441000000003,1.3167,0.102002,0.00861666,0.00357798,0.00240338,0.00175661,0.00145562,0.00120719
9358,5.042168,5.629656999999998,1.31749,0.0725752,0.00658736,0.00257777,0.00172254,0.00125809,0.00104243,0.000864502
9359,5.439538,7.142909000000002,1.31772,0.230751,0.0194654,0.00807357,0.00542312,0.00396372,0.00328454,0.00272398
9360,5.437752,7.152128999999997,1.31772,4.91827,0.423558,0.175857,0.118125,0.0863371,0.0715433,0.0593333
9361,4.806641,6.6599030000000035,1.31777,0.144214,0.0118887,0.00493482,0.00331479,0.00242276,0.00200762,0.00166499
9362,4.808748,6.6501479999999935,1.31777,0.123472,0.0105929,0.00439827,0.00295438,0.00215934,0.00178934,0.00148396
9365,4.958484,4.862307000000003,1.31819,6.8285,0.587779,0.244072,0.163946,0.119827,0.099295,0.0823487
9366,4.971103,4.854064000000005,1.31819,0.0752269,0.00645848,0.00267943,0.00179979,0.00131545,0.00109005,0.000904017
9367,6.465198,5.782638999999999,1.31857,0.103664,0.101031,0.243294,0.293092,0.296616,0.279852,0.250403
9368,6.089894,5.3908940000000065,1.31873,0.100951,0.00855972,0.00355366,0.00238704,0.00174467,0.00144572,0.00119899
9369,6.086998,5.394477000000001,1.31873,0.0640134,0.00548984,0.00227958,0.00153123,0.00111917,0.000927397,0.000769122
9372,6.176965,6.509073000000001,1.31955,0.174782,0.0149022,0.00618695,0.00415586,0.00303749,0.00251702,0.00208745
9373,6.649863,6.848326000000003,1.32011,0.0896215,0.00771326,0.00314384,0.00211119,0.00154304,0.00127864,0.00106042
9374,6.041636,5.980395999999998,1.32045,7.61012,1.6536,1.05353,0.674761,0.41633,0.296285,0.205401
9375,6.041553,5.9764210000000055,1.32045,0.0814842,0.00701633,0.00290307,0.00194942,0.00142473,0.00118059,0.000979101
9376,5.436238,6.041738999999999,1.32076,0.102751,0.00781494,0.00322371,0.00216535,0.00158264,0.00131145,0.00108763
9377,5.98399,5.260528000000005,1.32106,0.0991633,0.0107807,0.00370478,0.00236717,0.0017062,0.00140977,0.00116786
9378,5.982518,5.259907999999996,1.32106,0.486721,0.0407575,0.016922,0.0113668,0.0083079,0.00688435,0.00570942
9379,7.173165,6.112694999999996,1.32112,0.141977,0.0119039,0.00490369,0.0032932,0.00240693,0.0019945,0.00165411
9380,7.172193,6.1109379999999955,1.32112,0.141143,0.0122077,0.00501719,0.00336553,0.00245905,0.00203756,0.00168977
9381,7.169542,6.110499999999994,1.32112,0.323114,0.0277008,0.0115019,0.00772596,0.00564685,0.00467927,0.00388068
9383,5.453086,6.009732999999995,1.32339,0.698571,0.0590859,0.0245326,0.0164789,0.0120443,0.00998052,0.00827718
9384,5.806267,6.453246999999995,1.32346,0.0867963,0.00743585,0.00308515,0.00207232,0.00151465,0.00125511,0.00104091
9385,5.529237,6.488842000000004,1.32412,0.462786,0.0400161,0.0165133,0.0110874,0.00810325,0.00671472,0.00556873
9386,6.992505,5.874475000000001,1.32452,0.0857618,0.00733777,0.00304695,0.00204668,0.0014959,0.00123958,0.00102803
9387,6.998151,5.869571,1.32452,0.0810195,0.00692631,0.00287569,0.00193164,0.00141182,0.00116991,0.000970243
9388,6.187172,5.873636000000005,1.32483,2.71877,0.232517,0.0965509,0.0648546,0.0474018,0.0392795,0.0325759
9389,6.396001,5.651151000000001,1.32495,0.0583423,0.0063598,0.00224667,0.00140997,0.00100132,0.000822561,0.000679052
9390,6.393078,5.6550930000000035,1.32495,0.137243,0.011601,0.00480559,0.00322788,0.00235923,0.00195498,0.00162133
9395,6.589419,5.433301999999996,1.32805,1.19648,0.0999309,0.0414272,0.0278272,0.0203387,0.0168537,0.0139773
9396,7.134627,6.135605000000001,1.32932,0.324671,0.0277378,0.0114771,0.00770825,0.00563381,0.00466845,0.00387171
9397,6.400589,5.650959999999997,1.32944,0.191224,0.0164632,0.00680576,0.00457079,0.00334071,0.00276828,0.00229582
9398,5.623702,5.164702000000002,1.32974,0.141561,0.0121815,0.00505827,0.00339771,0.00248336,0.00205784,0.00170664
9399,5.624603,5.170307000000002,1.32974,0.911816,0.0826809,0.0317988,0.0210751,0.0153465,0.0127061,0.0105338
9400,5.854136,6.390018000000005,1.32998,24.5278,2.10918,0.875712,0.588228,0.429932,0.356264,0.295462
9401,5.859185,6.381437000000005,1.32998,0.604337,0.051734,0.0213499,0.0143395,0.0104805,0.00868471,0.00720252
9402,5.636704,5.2120729999999975,1.33043,0.0726186,0.00565663,0.00234858,0.00157757,0.00115304,0.000955466,0.0007924
9403,5.64058,5.215399000000007,1.33043,0.0761409,0.00654133,0.00271383,0.0018229,0.00133235,0.00110405,0.000915626
9404,5.629926,5.216724999999995,1.33043,0.108113,0.00865193,0.00358672,0.00240923,0.00176089,0.00145916,0.00121013
9405,5.91636,6.443873000000003,1.33062,0.0522624,0.00448604,0.00186274,0.00125123,0.000914516,0.000757815,0.000628481
9406,5.919189,6.433603000000004,1.33062,0.091722,0.00791604,0.00326897,0.00219534,0.00160453,0.00132959,0.00110268
9412,6.826059,6.926011999999996,1.33126,0.117077,0.010078,0.00416946,0.00280046,0.00204683,0.0016961,0.00140664
9413,6.837561,6.921880000000006,1.33126,0.0585712,0.00383798,0.00155449,0.00104376,0.000762855,0.000632139,0.000524254
9414,6.323212,5.858970999999994,1.33127,0.0537769,0.00461083,0.00191133,0.00128386,0.000938361,0.000777574,0.000644868
9416,5.983074,6.289746000000004,1.33208,0.0512496,0.00391583,0.0016259,0.00109214,0.000798239,0.000661461,0.000548572
9419,6.605001,5.379008000000005,1.33276,0.0596426,0.00469364,0.00194897,0.00130915,0.00095685,0.000792894,0.000657574
9420,6.22509,5.747855999999994,1.33295,0.0511716,0.00384219,0.00158913,0.0010674,0.000780158,0.000646478,0.000536146
9421,6.228168,5.739564999999996,1.33295,0.0809357,0.00687876,0.00285611,0.00191849,0.00140221,0.00116195,0.000963641
9422,6.2336480000000005,5.746703000000003,1.33295,0.268426,0.023373,0.00931429,0.00622291,0.00454234,0.00376299,0.00312043
9423,6.347204,5.349039999999993,1.33406,0.157315,0.0133269,0.00553379,0.00371713,0.00271682,0.0022513,0.00186708
9424,6.353897,5.344203000000002,1.33406,2.87591,0.257351,0.103209,0.0689214,0.0503128,0.0416834,0.0345673
9425,6.346355,5.343737999999996,1.33406,0.255653,0.0219882,0.00912968,0.00613253,0.00448223,0.0037142,0.00308031
9426,5.488857,6.111362999999996,1.33471,0.128398,0.0120141,0.00503669,0.00330199,0.00235555,0.00192587,0.00157942
9427,5.620578,6.050714999999996,1.33494,0.0514399,0.00440227,0.00182801,0.0012279,0.000897463,0.000743683,0.000616762
9429,6.153881,5.6923339999999945,1.33611,0.11326,0.00976322,0.0040423,0.00271513,0.00198447,0.00164443,0.00136378
9433,6.907224,4.802937999999996,1.33664,0.119505,0.00995915,0.0041084,0.00275916,0.00201662,0.00167107,0.00138587
9434,5.348993,6.3694700000000015,1.33677,86.4682,7.39192,3.06943,2.06178,1.50694,1.24873,1.03561
9435,7.047552,6.727225999999999,1.33702,0.0793098,0.00681508,0.00278694,0.00186958,0.00136613,0.001132,0.000938794
9436,7.04297,6.731635000000003,1.33702,0.0784222,0.00658224,0.00273322,0.00183594,0.00134188,0.00111195,0.000922175
9437,6.891056,6.6867649999999985,1.33703,0.202914,0.0172241,0.00715212,0.00480418,0.00351135,0.00290968,0.0024131
9438,5.469820000000001,6.440798000000007,1.33725,0.154105,0.0132481,0.0055011,0.00369517,0.00270077,0.002238,0.00185605
9441,5.123475,5.4872780000000025,1.33761,0.0559224,0.00478075,0.00198418,0.0013328,0.000974132,0.000807215,0.000669451
9445,6.646957,4.937135000000005,1.33778,0.257963,0.0221823,0.0092067,0.00618426,0.00452004,0.00374553,0.0031063
9446,5.687990000000001,5.774058,1.33788,0.0877002,0.00806593,0.00315234,0.00209104,0.00152323,0.00126135,0.00104579
9447,6.17085,5.693190999999999,1.338,0.24093,0.0298738,0.0163025,0.0110502,0.0075504,0.00584004,0.00445388
9450,6.195359,5.924705999999996,1.33842,0.0786014,0.0304804,0.00913794,0.00400884,0.00197687,0.00131493,0.000910408
9451,6.196267,5.928582000000004,1.33842,1.33305,0.114398,0.0474947,0.0319029,0.0233176,0.0193221,0.0160245
9452,6.341315,6.532089999999996,1.33872,0.0572836,0.0046031,0.00190862,0.00128204,0.000937037,0.000776476,0.000643958
9453,6.508931,5.070905999999997,1.33894,0.265306,0.0227268,0.00943629,0.00633849,0.00463276,0.00383894,0.00318376
9455,6.30945,6.475834999999998,1.33901,0.243044,0.0216587,0.00862492,0.00577177,0.00421615,0.00349346,0.00289719
9456,5.85243,5.125333999999997,1.33918,8.0485,0.685315,0.282469,0.189712,0.138658,0.114899,0.0952899
9457,5.773729,5.491909000000006,1.33933,0.157938,0.0133745,0.00555365,0.00373047,0.00272658,0.00225938,0.00187378
9458,6.311962,6.451483999999996,1.33947,0.0587419,0.00399043,0.00165496,0.00111166,0.000812506,0.000673284,0.000558377
9459,6.30833,6.453346999999996,1.33947,0.0959603,0.0128236,0.00394281,0.00235534,0.00165599,0.00136011,0.00112385
9461,5.264563,6.711748000000006,1.33961,1.54662,0.126342,0.0523727,0.035179,0.0257121,0.0213063,0.01767
9462,5.261647,6.72267,1.33961,0.587304,0.0534843,0.0208112,0.013853,0.0101057,0.00837137,0.00694187
9463,5.264358,6.7143299999999995,1.33961,0.0518545,0.00420758,0.00174423,0.00117161,0.000856322,0.000709592,0.000588489
9464,6.5434,5.1530040000000055,1.34024,0.445965,0.0379355,0.0157519,0.0105808,0.00773341,0.00640829,0.00531461
9465,6.549094,5.155815000000001,1.34024,0.0528236,0.00593348,0.00251852,0.0015505,0.00104433,0.000829552,0.000665884
9466,6.549277,5.1536500000000025,1.34024,0.0573089,0.00494552,0.00204043,0.00137021,0.00100145,0.000829852,0.000688224
9467,5.907793,5.476979999999995,1.34072,0.0691575,0.013133,0.0119926,0.00986337,0.00747392,0.00595855,0.00453498
9468,5.19695,7.174286,1.34083,0.394538,0.0245512,0.00920029,0.00616992,0.00450912,0.00373646,0.00309877
9469,5.1946520000000005,7.178145999999996,1.34083,0.296611,0.0239076,0.00958581,0.00643419,0.00470247,0.00389669,0.00323165
9470,5.196637,7.184789999999995,1.34083,0.0650683,0.00769946,0.00233637,0.00148669,0.00107445,0.000888716,0.000736603
9471,5.840416,5.182202,1.3409,0.232186,0.020179,0.00825782,0.00554215,0.00405032,0.00335626,0.00278346
9472,5.833016,5.185636999999995,1.3409,0.0965768,0.00820252,0.00340559,0.00228758,0.00167198,0.00138549,0.00114903
9473,5.193386,5.476114000000006,1.34097,0.114652,0.00982861,0.00408125,0.00274143,0.00200369,0.00166036,0.00137699
9474,6.009891,6.790520000000005,1.3416,0.052615,0.00364431,0.001485,0.000997419,0.000729005,0.000604091,0.000500993
9475,6.001516,6.7915360000000025,1.3416,0.0572597,0.00491774,0.00204202,0.00137165,0.00100253,0.000830748,0.000688967
9476,5.160109,5.491935999999998,1.34201,0.0626956,0.00562382,0.00224097,0.00149446,0.00109039,0.000903248,0.000749001
9479,6.282529,5.5460329999999995,1.34277,0.321812,0.0276505,0.0114817,0.00771242,0.00563696,0.00467107,0.00387387
9480,6.27853,5.5411500000000045,1.34277,0.234891,0.02021,0.00839204,0.00563705,0.00412009,0.00341411,0.00283144
9481,6.302309,6.064727999999998,1.34286,0.118008,0.00972353,0.00402547,0.00270393,0.00197628,0.00163765,0.00135816
9487,7.091439,6.779461000000004,1.34393,10.4081,0.938182,0.382259,0.252973,0.183415,0.151545,0.125462
9488,7.089479,6.7787419999999985,1.34393,6.17713,0.530618,0.220272,0.14796,0.108143,0.0896126,0.0743188
9489,7.093328,5.752203999999998,1.3441,0.0864587,0.0312708,0.00937781,0.0040459,0.0020327,0.0014008,0.00101786
9491,4.800291,5.402287000000005,1.34482,0.0502413,0.00428581,0.00177879,0.00119483,0.000873296,0.000723658,0.000600154
9493,6.674411,5.352640999999996,1.34504,0.0765813,0.00657923,0.00272167,0.00182792,0.00133599,0.00110707,0.000918129
9494,6.674534,5.341810000000005,1.34504,46.8725,4.00909,1.6634,1.11733,0.816646,0.676714,0.561222
9495,6.2412730000000005,5.088524000000005,1.34518,0.0776026,0.00667644,0.00277228,0.00186218,0.00136106,0.00112784,0.000935356
9496,7.182373999999999,5.799806000000005,1.34518,0.688527,0.0544765,0.0225662,0.015158,0.0110789,0.00918053,0.00761373
9497,7.174847,5.801154000000004,1.34518,0.257834,0.0273485,0.0138877,0.00944273,0.00658253,0.0051919,0.00405853
9498,5.462462,7.199130999999997,1.34573,0.0582108,0.00504773,0.00205033,0.00137594,0.00100557,0.000833263,0.000691052
9500,6.724834,7.189000000000001,1.34613,0.0976882,0.00841556,0.00349047,0.00234448,0.00171356,0.00141994,0.0011776
9501,6.725367,7.1853520000000035,1.34613,0.560273,0.0453416,0.0188277,0.0126468,0.0092435,0.00765963,0.00635239
9507,6.27759,5.240592000000005,1.34684,0.0672223,0.0121375,0.00606668,0.00347393,0.00204453,0.00146684,0.00106372
9508,6.895872,5.272120000000002,1.34695,0.0512513,0.00442502,0.00180047,0.00120893,0.000883579,0.000732177,0.000607219
9512,4.982014,7.029683000000001,1.34737,2.00957,0.173093,0.0718387,0.0482546,0.035269,0.0292256,0.0242378
9513,4.983851,7.030191,1.34737,0.352336,0.040985,0.0156214,0.00943509,0.00646011,0.00522168,0.00426528
9517,5.80553,5.537289000000005,1.3477,0.0936694,0.00787755,0.00327011,0.00219658,0.00160546,0.00133037,0.00110332
9518,5.025669,5.860794000000001,1.34782,0.0748166,0.00643463,0.00267194,0.00179478,0.00131179,0.00108702,0.0009015
9519,7.096547000000001,6.652274000000003,1.3479,0.0558917,0.00476469,0.0019674,0.0013213,0.000965715,0.000800239,0.000663665
9528,6.930794000000001,7.083098000000003,1.34936,1.09139,0.150283,0.0480829,0.0279365,0.0192063,0.015646,0.01287
9532,6.472075,5.380060000000005,1.34953,0.669878,0.0575061,0.0238789,0.0160398,0.0117234,0.00971457,0.00805662
9533,5.345048,6.923430000000002,1.34968,3.58214,0.354794,0.139405,0.0894813,0.0637021,0.0522554,0.0430607
9534,5.346225,6.923177999999998,1.34968,0.0534245,0.00494671,0.00196434,0.00129321,0.000938072,0.000775783,0.000642784
9535,5.559737,5.430682000000005,1.34983,0.21843,0.0184248,0.00764708,0.00513663,0.00375433,0.00311103,0.00258008
9536,5.552694000000001,5.430704999999994,1.34983,0.0660013,0.00562199,0.00233193,0.00156634,0.00114483,0.000948661,0.000786757
9537,5.554318,5.431592000000003,1.34983,0.0627868,0.00538832,0.00223718,0.00150275,0.00109835,0.000910146,0.000754815
9543,6.610064,6.268884999999997,1.35043,0.0543204,0.00462859,0.00192196,0.00129101,0.000943591,0.000781907,0.000648462
9544,6.602734,6.278391999999994,1.35043,0.0859462,0.00734712,0.00304051,0.00204229,0.0014927,0.00123693,0.00102582
9547,6.285109,6.220830999999998,1.35051,0.146693,0.00924351,0.0038127,0.00256095,0.00187178,0.00155105,0.00128634
9548,6.283082,6.222052000000004,1.35051,0.0730163,0.00586055,0.00243341,0.00163455,0.00119469,0.000989977,0.000821021
9550,6.432757,5.951619000000001,1.35158,0.0718031,0.00626417,0.00238448,0.00159548,0.00116567,0.000965894,0.000801042
9551,5.842989,5.423517999999999,1.35175,1.84956,0.140169,0.0572782,0.0384566,0.0281062,0.0232901,0.0193152
9552,7.184864,5.498438999999999,1.35179,0.132002,0.0109852,0.00455016,0.00305636,0.00223387,0.0018511,0.00153518
9553,7.175322999999999,5.514316000000005,1.35179,0.0728685,0.00626149,0.0025962,0.00174386,0.00127457,0.00105618,0.000875922
9554,7.180132,5.505122,1.35179,1.3018,0.110836,0.0460238,0.0309148,0.0225955,0.0187237,0.0155282
9556,6.334701,4.807554000000003,1.35279,0.128365,0.0106858,0.00443515,0.00297915,0.00217744,0.00180434,0.0014964
9557,6.326306,4.817703999999998,1.35279,0.0792659,0.00674744,0.00280114,0.00188157,0.00137522,0.00113958,0.000945093
9571,6.460435,5.836296999999995,1.35376,0.051448,0.0246636,0.00620249,0.00236522,0.00110775,0.000753036,0.000550022
9572,4.867966,6.810709000000001,1.35379,0.0572118,0.00492112,0.0020434,0.00137258,0.00100321,0.000831309,0.000689433
9573,4.866412,6.804719000000005,1.35379,0.353057,0.0283297,0.0117603,0.00789955,0.00577373,0.00478441,0.00396787
9580,6.176549,6.342286999999997,1.35476,0.715563,0.0607317,0.0251336,0.016882,0.0123389,0.0102246,0.00847963
9581,7.036835,5.585855000000006,1.35493,0.0683163,0.00554501,0.00230245,0.00154659,0.00113039,0.000936699,0.000776836
9582,6.284904,5.471735000000006,1.355,0.0768758,0.00621582,0.0025807,0.00173349,0.001267,0.0010499,0.000870717
9583,6.37659,5.874528999999999,1.35512,0.289158,0.028546,0.010595,0.00684852,0.00492725,0.0040633,0.00336098
9584,6.380794,5.876658999999998,1.35512,0.1318,0.0111613,0.00463285,0.00311195,0.0022745,0.00188477,0.0015631
9590,6.416904000000001,5.8712390000000045,1.35534,0.0919129,0.0078658,0.00326612,0.0021939,0.00160351,0.00132875,0.00110197
9591,6.001865,5.554763999999993,1.35566,0.051418,0.0145643,0.00703221,0.00394517,0.00224516,0.00155038,0.00106299
9592,6.273461,5.4805510000000055,1.35582,0.209384,0.017852,0.00735739,0.00494181,0.00361193,0.00299303,0.00248222
9594,5.828789,5.562871000000001,1.35591,0.0511651,0.00432162,0.00179446,0.00120537,0.000880995,0.000730037,0.000605444
9596,4.994383,5.6920180000000045,1.35656,0.264033,0.0225195,0.00934854,0.00627955,0.00458968,0.00380324,0.00315416
9597,6.461683,5.457021999999997,1.35667,0.0916328,0.0325457,0.0137036,0.00696672,0.00366752,0.00243916,0.00163382
9600,5.021272,5.722526000000001,1.35681,0.39287,0.0331734,0.0137633,0.0092449,0.00675703,0.00559922,0.00464362
9601,5.019279,5.717877000000002,1.35681,5.47056,0.464475,0.192802,0.129508,0.0946563,0.078437,0.0650504
9602,5.247504,5.808986999999997,1.35684,0.0830099,0.00681512,0.00275107,0.00184751,0.00135033,0.00111895,0.000927981
9603,5.483578,6.738852999999994,1.35723,0.0535778,0.0046107,0.00191288,0.00128485,0.000939084,0.000778172,0.000645365
9607,6.657316,5.505071000000002,1.35755,0.0791542,0.0223701,0.0089434,0.00422814,0.00219264,0.00151344,0.0010934
9608,5.266391,6.879823999999996,1.35775,0.0543169,0.00462872,0.0018881,0.00126744,0.000926307,0.00076758,0.000636579
9617,6.154737,7.183916,1.35839,0.0632479,0.0164394,0.00667822,0.00325051,0.00172944,0.00120749,0.000877814
9618,6.638372,5.5344909999999965,1.35863,0.0728939,0.0062109,0.00257823,0.00173183,0.00126579,0.00104889,0.000869883
9619,6.639071,5.532472999999994,1.35863,0.234178,0.0203575,0.00836507,0.00561348,0.00410226,0.00339928,0.00281912
9620,6.644926,5.528691000000002,1.35863,0.0718594,0.0141946,0.012037,0.00909102,0.00631678,0.00475495,0.00341527
9621,7.176494,6.331571000000004,1.35896,0.091775,0.00780399,0.00324046,0.00217666,0.00159091,0.00131831,0.00109332
9622,5.034862,5.651883999999999,1.35905,0.115155,0.0101679,0.00408384,0.00273442,0.00199751,0.00165511,0.00137261
9623,5.036014,5.654852999999996,1.35905,1.07953,0.0920328,0.0379976,0.0255197,0.018652,0.0154559,0.0128181
9625,5.183702,6.567518999999997,1.35957,0.0713912,0.00613484,0.00254725,0.00171102,0.00125057,0.00103629,0.00085943
9626,6.488145000000001,5.1875259999999965,1.35977,0.32489,0.02798,0.0116181,0.00780401,0.0057039,0.00472654,0.00391988
9628,7.121703,5.310844000000005,1.36038,0.0663404,0.00568933,0.00236244,0.00158688,0.00115984,0.000961104,0.000797076
9629,5.346717,5.919567000000006,1.36088,0.0667532,0.00575949,0.00237941,0.00159801,0.00116796,0.000967828,0.000802652
9631,7.002285,5.9626170000000025,1.36102,0.0726722,0.00614275,0.00252828,0.00169793,0.00124098,0.00102834,0.000852838
9632,6.995914,5.956774000000003,1.36102,0.0569038,0.00964618,0.00530638,0.0033101,0.00206631,0.00150967,0.00109262
9636,6.389097,6.275041000000001,1.36173,0.197298,0.0254793,0.0129128,0.00812175,0.00525026,0.00397577,0.00301373
9637,5.211269,6.464141999999996,1.362,0.0527371,0.00465079,0.00186116,0.00124727,0.000911363,0.000755179,0.000626291
9640,5.057626,6.700627000000002,1.36229,0.115731,0.00961455,0.00399146,0.00268112,0.00195961,0.00162383,0.0013467
9646,7.001386,5.902543999999998,1.36296,0.121873,0.0103278,0.00425416,0.00285688,0.00208803,0.00173024,0.00143495
9653,5.46256,5.583052999999994,1.36384,0.234226,0.0199702,0.00829243,0.00557014,0.00407118,0.00337359,0.00279783
9654,7.024872000000001,5.868221999999996,1.36394,0.0611957,0.0050309,0.00203147,0.00136221,0.00099536,0.000824772,0.000684003
9655,7.018306,5.869974000000003,1.36394,0.0916713,0.00783458,0.00325302,0.0021851,0.00159708,0.00132342,0.00109756
9656,5.859971000000001,5.037564000000003,1.36415,0.0237046,0.0514386,0.0948402,0.0955953,0.0822901,0.0698196,0.0558171
9658,5.65956,4.825089000000001,1.36449,0.10517,0.00857197,0.0034506,0.00231738,0.00169375,0.00140353,0.00116399
9659,5.657113,4.827046000000004,1.36449,0.275407,0.0295643,0.010291,0.00650982,0.00465091,0.00382957,0.00316593
9660,5.666908,4.828207000000002,1.36449,0.0503113,0.00319614,0.00131,0.000879884,0.0006431,0.000532905,0.000441956
9661,5.116882,6.727955999999998,1.3645,0.0648972,0.00556548,0.00230791,0.00155023,0.00113305,0.000938903,0.000778664
9666,6.526315,5.752183999999995,1.36741,0.0819149,0.00692564,0.00287582,0.00193173,0.00141189,0.00116996,0.00097029
9667,6.531985,5.747627000000005,1.36741,0.0620258,0.00429992,0.00174493,0.00117144,0.000856154,0.000709449,0.000588369
9668,5.000796,5.606579999999996,1.36748,0.0577643,0.00495423,0.00205447,0.00138001,0.00100864,0.00083581,0.000693165
9673,7.166589000000001,5.315159000000006,1.368,0.260567,0.021394,0.00888197,0.00596614,0.00436062,0.00361343,0.00299674
9674,7.1717390000000005,5.314181999999997,1.368,0.876109,0.0753439,0.0312763,0.0210087,0.0153551,0.012724,0.0105525
9675,6.640716,6.298784000000003,1.36826,0.0526588,0.00451479,0.00187473,0.00125928,0.000920402,0.000762692,0.000632526
9676,6.106618,5.728376999999995,1.36836,0.136116,0.0117184,0.00484094,0.00325153,0.00237652,0.0019693,0.00163321
9677,5.139732,6.832348999999995,1.36842,0.0883253,0.0076026,0.00315314,0.00211789,0.00154794,0.0012827,0.00106379
9678,5.136824,6.596687000000001,1.36892,0.37131,0.0312513,0.0129182,0.00867695,0.00634191,0.00525523,0.00435834
9679,5.136967,6.598770999999997,1.36892,0.060645,0.0051936,0.00215657,0.0014486,0.00105877,0.000877352,0.000727618
9680,5.135807,6.597300999999999,1.36892,0.319506,0.0274269,0.0109002,0.00728462,0.00531804,0.00440577,0.00365351
9685,5.206975,6.418741000000004,1.36935,0.565731,0.0486594,0.0201928,0.0135637,0.00991362,0.00821493,0.00681292
9686,6.593757,6.259127000000001,1.36945,0.0887813,0.00700325,0.00290684,0.00195256,0.00142712,0.00118258,0.000980753
9687,6.587849,6.257130999999997,1.36945,0.284198,0.0242623,0.0100743,0.00676703,0.00494598,0.00409849,0.00339902
9688,5.789745,6.001961000000001,1.36949,0.152845,0.0125832,0.00522234,0.00350791,0.00256391,0.00212459,0.00176199
9689,5.794744,6.002492000000002,1.36949,0.0911981,0.00779932,0.00323633,0.00217387,0.00158887,0.00131662,0.00109191
9690,5.147287,6.830411000000004,1.36975,0.427586,0.0380861,0.0153071,0.0102383,0.0074775,0.00619558,0.00513804
9691,5.468919,4.8734430000000035,1.36975,0.228039,0.0193722,0.00804418,0.00540339,0.0039493,0.00327259,0.00271407
9692,5.462443,4.867070999999998,1.36975,0.341391,0.029295,0.0121643,0.00817095,0.00597209,0.00494878,0.00410419
9693,5.233777,6.385479999999999,1.36991,0.0548203,0.00466073,0.00193319,0.00129855,0.000949102,0.000786474,0.00065225
9694,5.230511,6.388608000000001,1.36991,0.0961616,0.00824285,0.00342279,0.00229913,0.00168042,0.00139248,0.00115483
9697,5.165037,6.653111999999996,1.37016,0.103216,0.00882997,0.0036661,0.00246257,0.00179988,0.00149147,0.00123693
9699,6.383872,6.063286999999999,1.37044,2.84593,0.242673,0.100768,0.0676875,0.0494724,0.0409953,0.0339988
9700,5.076634,6.877943000000001,1.37109,13.3843,1.15266,0.477355,0.320625,0.234342,0.194188,0.161046
9702,5.180618,6.739612999999997,1.37201,0.0509616,0.00426794,0.00177215,0.00119038,0.000870039,0.000720959,0.000597915
9703,5.181862,6.738296000000005,1.37201,0.0655034,0.0056267,0.002336,0.00156912,0.00114686,0.000950347,0.000788155
9706,6.248166,6.5160699999999965,1.37318,0.102032,0.00819082,0.0034,0.00228383,0.00166924,0.00138321,0.00114715
9707,5.09828,5.513183000000004,1.37321,0.17314,0.0263503,0.00497629,0.00264626,0.00179626,0.00146335,0.0012048
9708,5.057972,6.621327000000001,1.37401,0.0880102,0.00735251,0.00305305,0.00205078,0.0014989,0.00124207,0.00103009
9709,5.05052,6.6181740000000016,1.37401,4.62135,0.363501,0.149624,0.100501,0.0734555,0.060869,0.0504807
9710,5.049024,6.611118000000002,1.37401,1.14331,0.100277,0.0406817,0.0272828,0.0199368,0.0165203,0.0137008
9711,5.939893,5.100092999999999,1.37469,0.0691687,0.00569697,0.00236561,0.00158902,0.0011614,0.000962397,0.000798148
9712,5.941981,5.102105999999995,1.37469,1.5703,0.147816,0.054375,0.0362128,0.0264397,0.0219068,0.0181676
9715,6.34671,7.198315000000002,1.37542,0.0785147,0.00668303,0.00277328,0.00186285,0.00136154,0.00112824,0.00093569
9716,5.424134,6.836299000000004,1.37558,0.077016,0.0067364,0.00274526,0.00184214,0.00134627,0.00111558,0.000925184
9717,5.424886,6.831164000000005,1.37558,0.123754,0.0104998,0.00435998,0.00292866,0.00214054,0.00177376,0.00147104
9719,5.287487,6.479456000000003,1.37601,0.0617413,0.00529252,0.00219416,0.00147384,0.00107722,0.000892636,0.000740293
9720,5.289094,6.47543,1.37601,0.0529945,0.0079663,0.00469093,0.0029783,0.00185773,0.00135141,0.000974344
9722,5.653343,6.7487339999999945,1.37656,0.108382,0.00928844,0.00385597,0.00259011,0.00189309,0.00156871,0.00130099
9723,5.648889,6.737163000000004,1.37656,2.84188,0.232042,0.0946215,0.0635257,0.0464283,0.0384727,0.0319066
9724,5.648301,6.7446440000000045,1.37656,0.0511304,0.00419913,0.00173689,0.00116668,0.00085272,0.000706607,0.000586013
9725,5.175809,5.801946000000005,1.37657,0.0737324,0.00622313,0.00258312,0.00173512,0.00126819,0.00105088,0.000871533
9726,5.268711,5.921651000000002,1.37677,0.0656053,0.00554761,0.00222906,0.00149679,0.00109398,0.000906526,0.000751813
9727,5.207576,5.5782170000000075,1.37737,0.260567,0.0222471,0.00923286,0.00620184,0.00453289,0.00375618,0.00311513
9728,7.103397,7.098221999999996,1.37803,0.0864679,0.00713241,0.00295662,0.00198599,0.00145155,0.00120283,0.000997546
9729,7.104056,7.096793999999998,1.37803,0.068027,0.00584235,0.00242532,0.00162912,0.00119071,0.000986685,0.000818292
9730,5.387765,5.855721000000006,1.37807,0.183358,0.0151662,0.00628586,0.0042222,0.00308597,0.00255719,0.00212076
9731,6.293488,7.118209999999999,1.37842,0.0568423,0.00485772,0.00201708,0.0013549,0.000990287,0.000820602,0.000680553
9732,5.548143,6.832315000000001,1.37853,0.586955,0.0472064,0.0194616,0.0130722,0.00955438,0.00791724,0.00656603
9733,5.555794,6.834910999999999,1.37853,0.105389,0.00881297,0.00365913,0.00245789,0.00179646,0.00148864,0.00123458
9736,6.032242,4.879237,1.37929,0.066293,0.00569421,0.00236334,0.00158747,0.00116027,0.000961462,0.000797373
9739,6.08674,5.7130529999999995,1.37963,0.14318,0.0123085,0.00511068,0.00343292,0.0025091,0.00207917,0.00172432
9740,6.085176000000001,5.708878999999996,1.37963,0.343117,0.0313826,0.0124149,0.00823115,0.00599265,0.00496146,0.0041132
9741,5.847476,5.067231999999999,1.37975,0.13273,0.0113479,0.00471212,0.0031652,0.00231342,0.00191702,0.00158985
9742,5.84008,5.072633999999998,1.37975,0.09082,0.00781031,0.00324232,0.00217791,0.00159182,0.00131906,0.00109394
9743,5.838405,5.097008999999994,1.38065,0.271732,0.0225444,0.00935443,0.0062835,0.00459257,0.00380564,0.00315614
9744,4.988243,5.478434000000006,1.38101,3.64036,0.272504,0.0964688,0.0645767,0.0471882,0.0391019,0.0324285
9745,5.175313000000001,5.961675999999997,1.38109,0.0964783,0.00805966,0.00334624,0.00224772,0.00164284,0.00136134,0.00112901
9746,5.171430000000001,5.959330999999999,1.38109,0.0507495,0.00429762,0.00174495,0.00117151,0.000856216,0.000709503,0.000588414
9747,6.326897,6.766301999999994,1.38115,0.35918,0.0298621,0.012397,0.00832721,0.00608631,0.00504342,0.00418268
9748,6.017666,5.669447000000005,1.3818,0.170926,0.0140188,0.00581719,0.00390747,0.00285594,0.00236658,0.00196268
9749,4.845699,6.243130999999995,1.38181,0.357437,0.0337314,0.0130251,0.00858002,0.00623615,0.00516143,0.00427852
9750,6.377329,6.013429000000004,1.3821,0.0525444,0.00461838,0.00182327,0.00122298,0.000893782,0.000740628,0.000614227
9751,6.37641,6.008626999999999,1.3821,0.232602,0.0197347,0.00819323,0.00550351,0.00402248,0.00333323,0.00276436
9752,6.384291,6.009867999999995,1.3821,0.0817677,0.00703382,0.00292049,0.00196174,0.00143382,0.00118814,0.000985361
9753,5.816422,5.1277349999999995,1.38213,0.237748,0.0212884,0.00822763,0.00548808,0.00400624,0.00331916,0.00275252
9755,4.814816,6.7465499999999965,1.38307,0.672864,0.055865,0.0229888,0.0154414,0.011286,0.00935214,0.00775604
9757,6.184916,6.731480000000001,1.38333,2.76751,0.231907,0.0962958,0.0646833,0.0472766,0.0391758,0.0324898
9758,6.55669,5.969802000000003,1.38381,0.60494,0.051821,0.0215036,0.0144441,0.0105571,0.00874814,0.00725513
9767,5.472237,6.827489000000003,1.38425,0.0573488,0.00488726,0.00202925,0.00136308,0.000996263,0.000825554,0.00068466
9770,4.996503,5.475065999999996,1.38488,0.0644951,0.00551285,0.00228918,0.00153767,0.00112387,0.000931299,0.000772358
9771,6.65085,7.187707000000002,1.38584,0.341778,0.0295589,0.0122241,0.00820619,0.0059971,0.00496939,0.00412126
9772,5.392476,6.528872999999997,1.38588,0.0594001,0.00508176,0.00209538,0.00140733,0.0010286,0.000852351,0.000706883
9773,5.397868,6.527700999999994,1.38588,0.0684692,0.00588994,0.00241515,0.0016213,0.00118491,0.000981868,0.000814295
9774,5.389741,6.531632000000004,1.38588,0.163287,0.0126063,0.00521481,0.00350272,0.00256011,0.00212144,0.00175938
9776,5.404322,6.903941000000001,1.38728,0.324917,0.0279618,0.0115985,0.00779059,0.00569407,0.00471839,0.00391312
9777,6.705889,4.855853999999996,1.38758,0.054703,0.0046457,0.00192864,0.00129549,0.000946868,0.000784622,0.000650714
9778,6.48245,7.061341000000003,1.3878,0.574697,0.0491494,0.0204088,0.0137089,0.0100197,0.00830287,0.00688585
9779,6.480687,7.057124999999999,1.3878,0.428857,0.0367518,0.0140216,0.00940083,0.00687021,0.00569296,0.00472136
9780,6.527658,6.899142999999999,1.38808,0.0823613,0.00708377,0.00294064,0.00197527,0.00144371,0.00119633,0.000992157
9781,6.550971,6.976742000000004,1.38844,0.0671801,0.00783452,0.00264805,0.0016177,0.00113012,0.000922316,0.000758192
9782,6.549014,6.881570999999995,1.38888,0.317376,0.0274633,0.0113272,0.00760215,0.00555534,0.00460329,0.00381762
9784,4.952268,5.539626999999999,1.38964,0.129918,0.00988762,0.00353923,0.00235325,0.0017172,0.00142263,0.00117974
9785,4.960676,5.529718999999996,1.38964,0.184636,0.0158838,0.0065956,0.00443036,0.00323812,0.00268327,0.00222533
9786,5.013458,5.474393999999998,1.38984,0.0549792,0.00472457,0.00196182,0.00131778,0.00096316,0.000798123,0.000661911
9787,5.17835,5.145465000000005,1.39012,0.0535375,0.00472652,0.00197453,0.00131593,0.000953886,0.000786844,0.000650131
9788,5.192256,5.146922000000003,1.39012,0.0679783,0.0059098,0.00243798,0.00163399,0.0011934,0.000988736,0.000819929
9789,5.466876,4.8874110000000055,1.39061,0.403438,0.0385261,0.0147176,0.00968747,0.00704394,0.0058312,0.00483428
9790,5.466859,4.889090000000003,1.39061,0.050034,0.00409918,0.00168124,0.00112883,0.000825012,0.000683643,0.000566968
9791,5.4641720000000005,4.8886430000000045,1.39061,0.0561474,0.00471306,0.00195498,0.00131319,0.0009598,0.000795339,0.000659602
9792,5.472822,4.888752000000003,1.39061,0.0681686,0.00586893,0.00243584,0.00163618,0.00119587,0.000990962,0.000821839
9793,5.468199,4.893814999999997,1.39061,0.065141,0.00561161,0.00232972,0.00156487,0.00114375,0.000947769,0.000786017
9797,6.627897,7.108890000000003,1.39091,0.235234,0.0199898,0.00829823,0.00557402,0.00407401,0.00337593,0.00279978
9798,5.110452,5.4582029999999975,1.39106,0.0751997,0.00602617,0.00249751,0.0016776,0.00122615,0.00101605,0.000842643
9799,5.140146,5.577872000000005,1.39126,0.0966546,0.00823171,0.00341813,0.00229601,0.00167814,0.00139059,0.00115326
9800,6.901464,5.369532000000004,1.39126,0.0760631,0.00654495,0.00271742,0.00182533,0.00133412,0.00110552,0.000916844
9801,6.091753,6.2585320000000015,1.3916,0.0590477,0.0049932,0.00207263,0.00139222,0.00101756,0.000843204,0.000699297
9802,5.263195,6.015498999999996,1.39183,0.0597172,0.00498853,0.00207092,0.00139107,0.00101672,0.000842507,0.00069872
9805,6.662811,5.586305999999995,1.39264,0.0717689,0.00598577,0.00244526,0.00164219,0.00120026,0.000994594,0.00082485
9806,5.42397,4.9289650000000025,1.39268,0.498613,0.0387156,0.016071,0.0107951,0.00789007,0.00653811,0.00542228
9807,5.413688,4.929336999999998,1.39268,0.0515611,0.0044245,0.00183724,0.0012341,0.000901995,0.000747438,0.000619876
9808,5.574971,5.291439999999996,1.39322,0.0566797,0.00431122,0.00177664,0.00119325,0.000872128,0.000722689,0.000599351
9809,4.931482,6.317651000000001,1.39329,0.0517714,0.00417398,0.0017219,0.00115658,0.000845337,0.000700489,0.000580939
9810,6.362191,5.54862,1.39339,0.0749318,0.00640049,0.00265696,0.00178471,0.00130443,0.00108092,0.000896444
9811,6.358528,5.555892000000001,1.39339,0.0810713,0.0069595,0.00288849,0.00194024,0.00141811,0.00117511,0.000974562
9812,6.35553,5.556431999999999,1.39339,0.060863,0.00447032,0.00183797,0.00123448,0.000902268,0.000747665,0.000620064
9813,6.135161000000001,6.281500999999998,1.39364,0.114619,0.00937058,0.00388548,0.00260992,0.00190757,0.00158071,0.00131094
9814,6.148881,6.291792000000003,1.39364,0.0619303,0.00531393,0.00219853,0.00147657,0.0010792,0.000894278,0.000741655
9816,6.156034,6.331941000000004,1.394,0.0627739,0.00562275,0.0023018,0.00152655,0.00110722,0.000914685,0.000757054
9817,6.116363,6.230164999999998,1.39425,0.204122,0.0174307,0.00721718,0.00484779,0.00354322,0.00293609,0.002435
9818,5.462806,5.737340000000003,1.39432,0.0798909,0.00590995,0.00245394,0.00164835,0.00120477,0.000998332,0.00082795
9819,5.463924,5.737843999999998,1.39432,0.115177,0.00990275,0.00411197,0.00276207,0.00201878,0.00167286,0.00138736
9820,6.052675,6.588347000000001,1.39485,0.699311,0.136841,0.0530758,0.0284715,0.0168382,0.0124198,0.00936628
9821,5.425913,6.846714999999994,1.39493,0.120217,0.0119122,0.00461279,0.00296363,0.00212339,0.00174906,0.00144612
9822,5.603312,6.853487000000003,1.39517,0.118714,0.0279626,0.0293401,0.0250469,0.0193379,0.0155132,0.0118258
9823,5.685234,5.766839999999996,1.3953,0.0586966,0.00443274,0.0018406,0.00123635,0.000903643,0.000748805,0.000621009
9824,6.076572,6.175809000000003,1.39533,0.145051,0.0121664,0.00505197,0.00339348,0.00248027,0.00205528,0.00170451
9826,5.119018,5.797653999999993,1.39545,0.154182,0.0105107,0.00436347,0.002931,0.00214225,0.00177518,0.00147222
9827,5.120244,5.798668999999999,1.39545,0.197021,0.0168355,0.00699082,0.00469583,0.00343215,0.00284406,0.00235867
9828,5.116562,5.794983000000005,1.39545,0.233886,0.0199648,0.00829013,0.0055686,0.00407005,0.00337265,0.00279705
9829,5.118702,5.798397999999997,1.39545,0.0560056,0.00462585,0.00192083,0.00129025,0.000943037,0.000781448,0.000648081
9830,6.58229,5.333322000000005,1.39552,0.246038,0.0210165,0.00872632,0.0058616,0.0042842,0.00355011,0.00294422
9831,4.929039,5.402425999999995,1.39617,0.21085,0.0188066,0.00770973,0.00512048,0.00371721,0.00307192,0.00254311
9832,5.334614,4.925992000000003,1.3964,0.184242,0.0153987,0.00639285,0.00429417,0.00313858,0.00260079,0.00215692
9839,4.829625,5.824887000000005,1.39661,0.0799145,0.00687368,0.00285424,0.00191724,0.0014013,0.00116118,0.000963009
9840,4.832828,5.824062,1.39661,0.215627,0.0191502,0.00755779,0.00504962,0.00368711,0.00305485,0.00253337
9841,4.828889,5.826020999999998,1.39661,0.0583572,0.00473646,0.00196065,0.00131699,0.000962577,0.00079764,0.00066151
9842,7.127158,6.187698000000004,1.39666,0.0684167,0.00590557,0.0024449,0.00164186,0.00119998,0.000994362,0.000824657
9843,5.338911,4.8806400000000005,1.39677,0.0627318,0.00532971,0.00208972,0.0013991,0.00102214,0.000846955,0.000702398
9844,5.340711,4.879371999999999,1.39677,5.66841,0.481582,0.180885,0.121194,0.0885644,0.0733881,0.0608631
9845,5.33809,4.8823,1.39677,0.810698,0.0697195,0.0289503,0.0194463,0.0142132,0.0117778,0.00976769
9846,5.667289,5.789754999999994,1.39684,0.0783033,0.00655658,0.00270089,0.00181411,0.00132591,0.00109872,0.000911205
9847,5.669441,5.785587000000002,1.39684,0.0847684,0.00729237,0.00302627,0.00203273,0.00148571,0.00123113,0.00102102
9848,5.493207,6.8412839999999955,1.39697,0.110427,0.0093334,0.00387399,0.00260221,0.00190194,0.00157604,0.00130706
9849,5.493048,6.829469999999999,1.39697,0.185964,0.0185707,0.00669273,0.00438098,0.00318295,0.00263469,0.0021842
9850,4.820864,5.7534440000000036,1.39721,0.0518302,0.00440667,0.00181791,0.00122104,0.000892446,0.000739526,0.000613314
9851,4.812008,5.746575000000005,1.39721,0.23532,0.0201188,0.00829719,0.0055726,0.00407295,0.00337505,0.00279904
9852,6.728879,5.641841999999999,1.39731,0.0656974,0.0052786,0.0021899,0.00147099,0.00107514,0.000890912,0.000738863
9853,5.004427,5.247995000000002,1.39737,0.50019,0.0512399,0.0217352,0.0137266,0.00948145,0.00763774,0.00620157
9854,6.231581,5.478151000000007,1.3978,0.0819995,0.00704727,0.00292618,0.00196556,0.00143661,0.00119045,0.000987282
9857,6.418511,4.847935000000006,1.39814,0.0614801,0.00524757,0.00217769,0.00146278,0.00106914,0.000885941,0.000734741
9858,6.418160000000001,4.847615,1.39814,0.41919,0.0357819,0.0142016,0.00950185,0.00693972,0.0057499,0.00476838
9860,5.362859,4.9972870000000045,1.39827,0.456389,0.0411501,0.0142696,0.0093559,0.0067995,0.00562808,0.00466549
9861,5.362677,4.998465999999997,1.39827,0.0701484,0.00601838,0.00249815,0.00167803,0.00122646,0.00101631,0.000842859
9865,6.055780000000001,5.937328000000006,1.39877,0.075886,0.00642981,0.00266765,0.00179189,0.00130968,0.00108527,0.00090005
9866,6.062131,5.929360000000001,1.39877,0.0744562,0.00646349,0.00259713,0.00173901,0.00127027,0.00105251,0.00087285
9867,5.927876000000001,5.567808999999998,1.3989,0.0753228,0.00639395,0.00265267,0.00178181,0.00130231,0.00107916,0.000894982
9868,5.757245,6.975754000000003,1.39915,0.0518187,0.00445112,0.0018483,0.00124153,0.000907425,0.000751938,0.000623608
9869,6.198151,6.7144270000000015,1.3992,0.0938152,0.00797697,0.00330777,0.00222181,0.00162391,0.00134565,0.00111599
9870,6.200244,6.712880000000004,1.3992,0.766774,0.0680429,0.0277597,0.0184877,0.0134622,0.0111426,0.00923521
9871,6.575834,5.282629999999995,1.39926,0.0704128,0.00602684,0.00250259,0.00168102,0.00122865,0.00101812,0.000844363
9872,6.576842,5.278801999999998,1.39926,0.0639882,0.00549361,0.00227919,0.00153096,0.00111897,0.000927232,0.000768985
9875,6.755209,5.5387050000000055,1.39972,0.949767,0.0816161,0.0338895,0.0227641,0.0166381,0.0137872,0.0114342
9876,5.985682,5.560123000000001,1.40006,0.645943,0.0549017,0.0227973,0.0153133,0.0111924,0.00927458,0.00769172
9877,5.974349,5.562969999999998,1.40006,0.0541059,0.0044375,0.00184262,0.00123772,0.00090464,0.00074963,0.000621694
9883,5.153665,5.198668999999999,1.40044,0.0613161,0.00527153,0.00218863,0.00147013,0.00107451,0.000890394,0.000738434
9884,5.149189,5.204015000000005,1.40044,0.108479,0.00926992,0.00384918,0.00258555,0.00188976,0.00156595,0.0012987
9888,5.859019,7.124054000000002,1.40064,0.0928625,0.00789207,0.00326405,0.00219221,0.00160225,0.0013277,0.00110111
9889,5.646356,5.381907000000004,1.40087,0.0221251,0.0247724,0.0565296,0.0667739,0.0668641,0.062839,0.0561205
9894,6.117454,5.66516,1.40168,0.251325,0.0241014,0.0092766,0.00605425,0.00437417,0.00361243,0.00299066
9895,6.375008,6.941600999999996,1.4017,0.727333,0.0642822,0.0248489,0.0166223,0.012143,0.0100618,0.00834444
9896,6.168811,5.6523420000000035,1.40194,0.162448,0.0141278,0.0057146,0.00383489,0.00280266,0.00232241,0.00192605
9898,6.279335,4.816770999999998,1.4021,0.157995,0.0134426,0.00557787,0.00374672,0.00273845,0.00226922,0.00188194
9899,6.273482,4.819215000000006,1.4021,0.0519351,0.00449332,0.00183786,0.00123399,0.000901886,0.000747347,0.0006198
9900,6.274147,4.8203679999999975,1.4021,2.40221,0.20714,0.0856868,0.0575472,0.0420601,0.0348531,0.0289048
9901,5.387011000000001,4.908907000000004,1.40211,0.378803,0.032432,0.0134579,0.00903982,0.00660715,0.00547502,0.00454062
9902,5.178399,5.037532999999995,1.40294,0.107404,0.00912753,0.00378961,0.00254554,0.00186052,0.00154172,0.0012786
9903,6.965087,6.428181999999994,1.40303,0.0615115,0.00531421,0.00219432,0.00147312,0.00107658,0.00089209,0.000739836
9904,6.871132,6.520471000000007,1.40447,0.0506697,0.00367409,0.00152237,0.00102259,0.000747406,0.000619338,0.000513638
9905,6.877389,6.525201999999998,1.40447,0.124543,0.0104671,0.00434584,0.00291916,0.0021336,0.00176801,0.00146627
9906,6.303178,4.814327000000004,1.40452,0.0655976,0.0056446,0.00234381,0.00157437,0.0011507,0.000953527,0.000790792
9908,5.664742,5.088925,1.40493,0.0544282,0.00590247,0.00215974,0.0013524,0.000955582,0.000783009,0.000645278
9909,5.661201,5.087687999999995,1.40493,0.0512265,0.0042431,0.00175714,0.00118029,0.000862663,0.000714846,0.000592846
9910,6.344197,4.881110000000001,1.40516,4.2237,0.354029,0.147008,0.0987475,0.0721739,0.059807,0.0495999
9911,6.148151,5.400758999999994,1.40539,0.128248,0.0110033,0.00456889,0.00306899,0.0022431,0.00185875,0.00154152
9912,4.819842,6.0051619999999994,1.40558,0.165891,0.014266,0.00592347,0.00397888,0.00290814,0.00240983,0.00199855
9913,6.301476,4.811547000000004,1.40559,0.05808,0.00988442,0.0123513,0.0125211,0.0112559,0.00992644,0.00831927
9919,6.295351,4.810363000000004,1.40666,0.130809,0.0111013,0.00460968,0.00309639,0.00226313,0.00187534,0.00155529
9920,6.308420000000001,4.811012,1.40666,0.140364,0.0120612,0.00500829,0.00336414,0.00245883,0.00203751,0.00168977
9921,5.915628,6.961446000000005,1.40708,0.156049,0.0133296,0.00553438,0.00371752,0.00271711,0.00225154,0.00186728
9922,5.918916,6.956377,1.40708,0.259589,0.0209032,0.00867836,0.00582938,0.00426066,0.0035306,0.00292804
9927,7.048849,5.9711449999999955,1.40811,0.261889,0.0291248,0.0105214,0.0065293,0.00458763,0.00375066,0.00308643
9928,6.433,6.206392000000004,1.40828,0.0936386,0.00423356,0.00143737,0.000957629,0.000699235,0.000579354,0.000480462
9929,6.432815,6.2100259999999965,1.40828,0.298343,0.0232447,0.00916065,0.00614828,0.00449353,0.00372356,0.00308807
9930,5.677984,5.362498000000002,1.40838,0.0922865,0.00737357,0.00303044,0.00203548,0.00148772,0.0012328,0.0010224
9931,5.680044,5.354856000000001,1.40838,0.748305,1.22876,2.76159,3.18611,3.11393,2.87709,2.52144
9932,5.677042,5.359708,1.40838,0.098354,0.00837194,0.00347607,0.00233493,0.00170658,0.00141416,0.00117281
9933,5.678463,5.354336000000005,1.40838,0.0580559,0.00504828,0.0020213,0.0013505,0.00098568,0.000816528,0.000677081
9938,5.383431,5.156151999999998,1.40887,0.170056,0.0145691,0.00604966,0.00406364,0.00297009,0.00246117,0.00204113
9939,5.377093,5.1510709999999955,1.40887,0.0551846,0.00465277,0.00193203,0.00129777,0.000948533,0.000786002,0.000651858
9940,5.366013,5.9642879999999945,1.40901,0.0603824,0.00488377,0.00202563,0.00136063,0.000994479,0.000824076,0.000683434
9941,5.374206,5.965786000000001,1.40901,1.27513,0.210411,0.209842,0.182946,0.144,0.116786,0.0899375
9942,6.8883,5.206443,1.40957,0.620806,0.0533795,0.022165,0.0148885,0.0108819,0.00901731,0.00747836
9943,6.159971,6.278363999999998,1.40968,0.0557335,0.025214,0.0371491,0.0364188,0.0314596,0.0270431,0.0220932
9944,5.611538,5.095541999999994,1.41004,0.119698,0.0120501,0.00444958,0.00286829,0.00206373,0.00170259,0.00140891
9949,5.6678,5.903372000000002,1.41164,0.0515019,0.00431947,0.00179289,0.00120431,0.000880221,0.000729396,0.000604912
9950,5.665115,5.902793000000003,1.41164,0.305599,0.0261685,0.0108663,0.00729904,0.00533482,0.0044207,0.00366624
9951,5.666385,5.9096729999999935,1.41164,0.12802,0.0077022,0.00313546,0.00210535,0.00153874,0.00127507,0.00105746
9954,6.179922,6.697899999999994,1.41214,0.123801,0.0105162,0.0043668,0.00293324,0.00214389,0.00177653,0.00147334
9955,6.178478,6.6947680000000025,1.41214,0.114385,0.00983111,0.00406982,0.00273369,0.00199803,0.00165567,0.00137311
9957,6.372291000000001,4.921623000000005,1.41331,0.0545733,0.00396777,0.00164751,0.00110666,0.000808847,0.000670252,0.000555863
9958,6.372464000000001,4.919007000000004,1.41331,0.318781,0.0269753,0.0111498,0.0074882,0.00547297,0.00453517,0.00376117
9959,6.367501,4.924969999999995,1.41331,0.221846,0.0191064,0.00792154,0.00532088,0.00388899,0.00322261,0.00267262
9960,6.171085,6.709071999999997,1.41373,0.0730938,0.00598984,0.00248487,0.00166911,0.00121994,0.0010109,0.000838377
9961,6.189349,6.716811,1.41373,0.0685151,0.00557544,0.00230983,0.00155154,0.00113401,0.000939695,0.000779321
9962,6.524547,5.553599999999997,1.41455,1.54022,0.132278,0.0548917,0.0368708,0.0269486,0.0223309,0.0185198
9963,7.001111,5.496549999999998,1.41457,0.164426,0.0135053,0.00557135,0.00374198,0.00273497,0.00226634,0.00187955
9964,7.006871000000001,5.497015000000005,1.41457,0.0744108,0.0056578,0.00232088,0.00155865,0.00113919,0.000943987,0.00078288
9965,5.98594,5.127679999999998,1.41525,0.0613196,0.00482563,0.00199966,0.00134319,0.000981725,0.000813507,0.000674669
9966,6.594043,5.639446999999994,1.41527,0.169854,0.0145827,0.00605465,0.00406699,0.00297254,0.0024632,0.00204281
9967,4.96239,5.673741,1.4155,0.0625182,0.00537213,0.00221645,0.00148852,0.00108793,0.000901516,0.000747658
9968,6.728608,5.507446999999995,1.41627,0.0537141,0.0045473,0.0018841,0.00126555,0.000924985,0.000766489,0.000635676
9969,6.73984,5.514013999999995,1.41627,0.063661,0.00546677,0.00226969,0.00152458,0.00111431,0.000923371,0.000765783
9970,6.868093000000001,5.464650999999997,1.41627,0.0597382,0.00476382,0.00197812,0.00132873,0.000971162,0.000804754,0.000667409
9971,6.876816,5.461962000000001,1.41627,0.990154,0.224067,0.0750456,0.0374379,0.0215515,0.0159262,0.0121575
9972,6.249322,7.167092000000002,1.4165,0.0870886,0.00751662,0.00307187,0.00206209,0.00150707,0.00124883,0.00103569
9973,6.933412,5.9486509999999955,1.41697,0.0556388,0.00478494,0.00198671,0.0013345,0.000975379,0.000808248,0.000670308
9974,6.932774,5.950043999999995,1.41697,0.0722941,0.00620285,0.00257568,0.00173012,0.00126454,0.00104786,0.000869024
9975,6.771425,5.582591,1.41699,0.0502328,0.00411023,0.0017066,0.00114635,0.000837857,0.000694291,0.000575799
9976,6.782341,5.580793999999994,1.41699,0.329214,0.0279411,0.0116023,0.00779346,0.00569619,0.00472015,0.00391458
9978,6.6077960000000004,7.057447000000001,1.41797,0.0590547,0.00504542,0.00209493,0.0014072,0.00102851,0.000852276,0.000706822
9979,6.612024,7.056203999999997,1.41797,0.168714,0.0141085,0.005858,0.0039349,0.002876,0.0023832,0.00197647
9980,6.603119,7.060138000000005,1.41797,0.141387,0.0136383,0.00532619,0.00345555,0.00249094,0.00205644,0.0017025
9981,6.112095,6.9646500000000024,1.41801,0.0968763,0.00833719,0.00345963,0.00232386,0.00169849,0.00140746,0.00116725
9982,6.112061,6.965702000000001,1.41801,0.0636949,0.00531305,0.00219978,0.00147759,0.00107996,0.00089491,0.000742179
9983,5.795993,5.066339000000005,1.41818,0.0745069,0.00665061,0.00267017,0.00178035,0.00129843,0.00107542,0.00089169
9984,6.304875,7.196002000000003,1.41881,0.187083,0.024801,0.00789162,0.00466263,0.00322606,0.00263067,0.00216399
9985,6.307708,7.188615999999996,1.41881,1.16912,0.100388,0.0416816,0.0279981,0.0204636,0.0169572,0.0140632
9991,5.015129,7.123804999999997,1.42081,0.0682904,0.00556124,0.00230599,0.00154894,0.00113211,0.000938126,0.00077802
9992,5.014054,7.1209609999999985,1.42081,0.201949,0.0167826,0.00678538,0.00455521,0.00332924,0.00275877,0.00228794
9993,5.010729,7.114631000000006,1.42081,0.0612718,0.00529312,0.0021909,0.00147113,0.00107517,0.000890928,0.000738875
9994,5.012549,7.123085,1.42081,0.0682561,0.00585299,0.00243042,0.00163255,0.00119322,0.00098876,0.000820012
9999,6.896582,6.780774000000005,1.42135,0.0661523,0.00564008,0.00234164,0.00157291,0.00114963,0.000952641,0.000790058
10000,7.138935,5.760156999999995,1.4217,0.133904,0.0116112,0.00478653,0.00321258,0.00234772,0.0019454,0.00161338
10005,6.846312,5.639415999999999,1.42216,0.135357,0.0116479,0.00483673,0.0032489,0.0023746,0.00196772,0.00163189
10006,6.84562,5.640975999999997,1.42216,0.0639829,0.00549418,0.00228139,0.00153244,0.00112005,0.000928133,0.000769733
10007,6.847467,5.641783999999999,1.42216,17.7508,1.51499,0.628794,0.422369,0.308707,0.25581,0.212152
10008,6.170735,6.881046999999997,1.4227,0.119131,0.0112563,0.00425531,0.00282347,0.00205906,0.00170569,0.00141445
10011,4.858814,7.074440999999996,1.42379,0.166026,0.0145843,0.00572987,0.00383345,0.00280021,0.00232022,0.0019242
10012,4.861258,7.077425000000001,1.42379,0.11518,0.00990765,0.00411386,0.00276334,0.00201971,0.00167363,0.001388
10013,4.859386,7.077725999999996,1.42379,0.098503,0.00837225,0.00346357,0.00232646,0.0017004,0.00140903,0.00116856
10016,6.135058000000001,5.772615000000006,1.42393,0.1555,0.0131521,0.00546047,0.00366787,0.00268082,0.00222147,0.00184234
10017,6.144265,5.775549999999996,1.42393,0.105383,0.0090574,0.00375853,0.00252465,0.00184525,0.00152907,0.00126811
10018,6.673268,5.710213000000004,1.42422,0.183334,0.0155422,0.00634271,0.00425751,0.00311155,0.00257837,0.00213832
10020,5.521224,7.078610999999996,1.4251,0.0873156,0.00740767,0.00307303,0.00206419,0.00150871,0.00125019,0.00103682
10021,7.067302,6.272046999999994,1.42597,0.424237,0.0363986,0.0151102,0.0101497,0.00741837,0.00614723,0.00509811
10022,7.010382,6.786809000000001,1.4268,0.492762,0.0353085,0.0146398,0.00983376,0.00718743,0.00595587,0.0049394
10023,7.011742,6.7835069999999975,1.4268,0.0592476,0.00508108,0.0021052,0.00141399,0.00103347,0.000856382,0.000710226
10024,5.146323,5.631927999999996,1.42685,0.0944589,0.00814208,0.00335314,0.00225179,0.00164579,0.00136378,0.00113103
10025,5.144099,5.628219,1.42685,0.0607532,0.00444346,0.00184379,0.0012385,0.000905212,0.000750105,0.000622087
10026,5.143712,5.627705000000002,1.42685,0.79935,0.0897163,0.0369532,0.0228384,0.0155178,0.0123895,0.00998327
10027,6.509914,6.006273999999995,1.42692,0.251056,0.0212397,0.00881959,0.00592424,0.00432999,0.00358805,0.00297569
10029,5.478023,7.022460000000003,1.42756,0.173791,0.0157837,0.00459373,0.00298092,0.00216581,0.0017931,0.00148665
10030,7.118876,5.535113000000001,1.42761,0.0577275,0.00497984,0.00206122,0.00138412,0.00101159,0.000838244,0.000695182
10035,6.140921,6.829567000000001,1.42995,0.0583112,0.0127448,0.00949788,0.00662039,0.00433027,0.00315907,0.00221465
10036,4.895377,7.019597000000005,1.42996,1.86132,0.15589,0.061475,0.0411866,0.0300932,0.0249358,0.0206799
10037,4.892516,7.028789000000003,1.42996,0.0539774,0.0045569,0.0018922,0.00127102,0.00092898,0.0007698,0.000638421
10038,4.900355,7.019886999999994,1.42996,0.400318,0.0259399,0.0105687,0.00709793,0.00518779,0.00429886,0.00356519
10039,5.111016,6.825523000000002,1.43041,0.0651556,0.00562804,0.00232382,0.00156039,0.00114043,0.000945012,0.000783729
10040,6.155251,5.139303999999995,1.43069,0.074077,0.00624037,0.00258983,0.00173961,0.00127147,0.0010536,0.00087379
10041,6.161435,5.137887000000002,1.43069,1.53233,0.132218,0.0541529,0.0363663,0.0265795,0.0220251,0.0182662
10042,7.129126,5.528138999999994,1.43115,0.0796694,0.0067388,0.00264708,0.00177572,0.00129774,0.00107537,0.000891839
10043,4.905269,7.080817999999995,1.43151,0.140504,0.0120422,0.00500033,0.0033588,0.00245492,0.00203427,0.00168709
10044,4.948853,5.241374000000005,1.43159,0.83639,0.069414,0.0288234,0.0193611,0.0141509,0.0117262,0.0097249
10045,4.953026,5.2357650000000024,1.43159,0.0525163,0.00449675,0.0018646,0.00125247,0.000915421,0.000758564,0.000629103
10046,6.3525350000000005,6.433892000000002,1.43165,0.0563312,0.00484649,0.00201247,0.00135181,0.000988025,0.000818728,0.000678999
10047,6.350806,6.435428999999998,1.43165,0.559472,0.0704729,0.0448705,0.0328527,0.0234133,0.0183116,0.0139227
10048,5.128801,6.026225999999995,1.43187,0.0613123,0.00401984,0.00166802,0.00112043,0.000818917,0.000678596,0.000562783
10049,7.073556,6.333885999999998,1.43188,0.274411,0.0237626,0.0097836,0.00656991,0.0048018,0.00397901,0.00329993
10050,6.426955,6.194986999999996,1.43258,12.0355,1.54772,0.718053,0.432856,0.277119,0.211911,0.163986
10053,6.108357,6.760429999999995,1.43317,0.064165,0.00492807,0.00204602,0.00137434,0.0010045,0.000832378,0.000690319
10054,7.015116,5.6209060000000015,1.43324,0.0953063,0.00819864,0.00339662,0.00228138,0.00166743,0.00138172,0.00114591
10055,7.018115,5.626390999999997,1.43324,2.554,0.216213,0.089728,0.0602713,0.0440519,0.0365037,0.0302737
10056,6.574481,5.847938999999998,1.43375,0.163216,0.0137842,0.0057238,0.00384476,0.00281011,0.0023286,0.00193119
10059,6.42495,6.194442999999995,1.43518,0.202274,0.0174076,0.00722802,0.00485516,0.00354861,0.00294056,0.0024387
10060,5.51708,7.185893999999997,1.43522,0.0873896,0.00602898,0.00250282,0.00168118,0.00122877,0.00101822,0.000844442
10061,6.316896,5.822850000000004,1.43523,23.2115,1.99602,0.828835,0.55674,0.406918,0.337193,0.279645
10062,6.314244,5.822847000000005,1.43523,0.375554,0.0262808,0.0108986,0.00732073,0.00535067,0.00443384,0.00367713
10063,6.039417,6.873556999999999,1.43584,0.0736222,0.00631629,0.00261501,0.00175643,0.00128376,0.00106379,0.000882234
10064,6.04261,6.875965000000003,1.43584,0.0544664,0.00864336,0.00414209,0.00240133,0.00145626,0.00107216,0.000799907
10065,6.041101,6.875515000000005,1.43584,0.0653897,0.00560725,0.00232836,0.00156399,0.00114311,0.000947241,0.000785579
10066,7.129949,6.015208000000003,1.43586,0.0506914,0.0043439,0.00180375,0.00121161,0.000885556,0.000733816,0.000608579
10067,7.123579,6.011213999999999,1.43586,0.0870451,0.00739186,0.00305633,0.00205281,0.00150037,0.00124329,0.0010311
10068,5.810818,6.693250000000004,1.43606,0.129518,0.0565433,0.0778894,0.0705457,0.0557369,0.0448637,0.034011
10069,5.806733,6.692615,1.43606,0.558681,0.0350145,0.0145362,0.00976418,0.00713657,0.00591373,0.00490445
10070,7.079674,7.188438000000005,1.43614,0.134535,0.0116102,0.00471567,0.00316222,0.0023106,0.00191461,0.00158783
10071,7.136231,6.902182000000005,1.43621,0.137031,0.0115593,0.0047984,0.00322315,0.00235578,0.00195212,0.00161896
10072,7.141289,6.891375999999999,1.43621,0.0590331,0.00524899,0.00208253,0.00139376,0.00101814,0.000843626,0.000699635
10073,7.135707,6.894559000000003,1.43621,0.125695,0.0107662,0.00446929,0.00300208,0.0021942,0.00181823,0.00150792
10076,6.424338,6.076744999999995,1.43644,0.0535827,0.00507984,0.00205662,0.00133556,0.000955804,0.000785475,0.000647985
10077,6.418994,6.076026000000002,1.43644,0.0716349,0.00958933,0.0048098,0.0030478,0.00198828,0.00151095,0.00114519
10078,6.433331,6.075213000000006,1.43644,0.164644,0.0213919,0.00475275,0.00271942,0.00189387,0.0015522,0.00128124
10079,5.202506,5.7195180000000025,1.43666,0.0560068,0.00423579,0.0016921,0.00113446,0.00082894,0.000686875,0.000569642
10080,5.202847,5.718662000000003,1.43666,0.696269,0.0597535,0.0247054,0.0165922,0.0121269,0.0100489,0.00833391
10081,5.201844,5.718521999999996,1.43666,0.0621369,0.00534867,0.00221711,0.00148924,0.00108847,0.000901963,0.000748028
10082,7.163812,5.324811000000003,1.43666,0.0617353,0.00527355,0.00218396,0.00146687,0.00107212,0.000888412,0.00073679
10083,7.165585999999999,5.3310270000000015,1.43666,0.0570103,0.00490802,0.00203799,0.00136895,0.00100056,0.000829112,0.000687611
10084,7.168194000000001,5.329075999999997,1.43666,34.533,2.9555,1.22725,0.824361,0.60252,0.499279,0.414069
10086,6.033783,6.026322999999996,1.43728,0.221742,0.0194944,0.00790654,0.00529468,0.00386744,0.00320442,0.00265744
10087,5.233545,4.865322999999995,1.43751,0.361717,0.031873,0.013043,0.00870753,0.00634949,0.00525821,0.00435951
10088,6.290248,5.969264000000001,1.43759,0.234219,0.0206024,0.00835349,0.00558859,0.00408053,0.00338064,0.00280345
10089,6.671674,6.112990000000005,1.4377,0.197101,0.0164022,0.00679988,0.00456754,0.00333839,0.00276636,0.00229423
10090,6.674921000000001,6.105863999999996,1.4377,0.328507,0.0280826,0.011661,0.00783283,0.00572497,0.004744,0.00393436
10091,6.66879,6.111584999999996,1.4377,0.0537684,0.00439035,0.00182145,0.00122349,0.000894244,0.000741016,0.000614549
10092,6.987611,5.859904999999998,1.43784,0.0502071,0.00429312,0.00178126,0.00119649,0.000874508,0.000724662,0.000600987
10095,5.135316,5.701026,1.43948,0.193729,0.0161464,0.00670421,0.00450332,0.00329144,0.00272746,0.00226197
10101,6.999033,5.900600999999999,1.43998,1.42734,0.122905,0.0509587,0.0342285,0.0250173,0.0207306,0.0171926
10102,7.12195,5.569053000000006,1.44021,0.0685966,0.0059343,0.00243557,0.00163498,0.0011949,0.000990148,0.000821162
10103,6.986584,5.895789000000005,1.44072,0.0696104,0.00622058,0.00246726,0.00165021,0.00120532,0.000998705,0.000828239
10104,6.986804,5.899189000000002,1.44072,0.143387,0.0123362,0.00512034,0.00343939,0.00251383,0.00208309,0.00172757
10105,7.019198,5.759686000000003,1.44081,0.0715267,0.0061589,0.00253449,0.0017021,0.00124404,0.00103087,0.000854939
10106,7.024265,5.760516000000003,1.44081,0.0546748,0.00470564,0.00195333,0.00131208,0.000958989,0.000794666,0.000659044
10107,6.395162,6.262947000000004,1.4409,0.0866419,0.00739895,0.00307236,0.00206375,0.00150838,0.00124992,0.0010366
10110,6.989995,6.036257000000002,1.44118,0.114629,0.00926504,0.00378998,0.00254526,0.00186029,0.00154153,0.00127844
10111,6.851017,5.884411000000002,1.44134,0.146295,0.0125215,0.0051994,0.00349251,0.00255265,0.00211526,0.00175425
10112,6.852641,5.8814540000000015,1.44134,0.0947354,0.00810443,0.00335413,0.00225292,0.00164664,0.00136449,0.00113162
10113,6.852776,5.884582000000004,1.44134,1.01642,0.0853839,0.0354466,0.02381,0.0174025,0.0144206,0.0119595
10114,6.842107,5.880495000000002,1.44134,0.114499,0.0092776,0.00385218,0.00258756,0.00189123,0.00156717,0.00129971
10115,6.850295,5.882171,1.44134,0.131908,0.013502,0.00549886,0.00348032,0.0024311,0.00197327,0.0016126
10119,6.691466,6.883276000000007,1.44275,0.057068,0.00464621,0.00191829,0.00128844,0.00094171,0.000780348,0.000647169
10120,6.463141,6.3913519999999995,1.4439,0.135536,0.00325511,0.00134904,0.000906169,0.000662313,0.000548826,0.00045516
10121,6.460512,6.387216999999998,1.4439,2.07539,0.176242,0.073182,0.0491574,0.0359288,0.0297724,0.0246913
10124,6.997118,5.983242000000004,1.44402,0.118622,0.0104941,0.00405381,0.00269436,0.0019639,0.00162642,0.0013485
10125,6.995822,5.984651999999994,1.44402,1.06459,0.0912021,0.0378711,0.0254385,0.0185929,0.015407,0.0127775
10126,6.382783,6.319579000000004,1.4442,0.390542,0.0335051,0.0139126,0.00934533,0.00683044,0.00566005,0.00469407
10127,6.24505,6.071706999999998,1.44445,0.365972,0.0314229,0.0130481,0.00876461,0.006406,0.00530833,0.00440238
10128,5.032657000000001,5.8336459999999954,1.44449,0.1609,0.0134034,0.00556558,0.00373848,0.00273243,0.00226423,0.0018778
10129,7.054882,6.875334000000002,1.44536,0.0759269,0.00694746,0.00271524,0.00180387,0.00131483,0.00108895,0.000902918
10130,7.053664,6.874707000000004,1.44536,0.330353,0.0283031,0.0117502,0.00789277,0.00576877,0.0047803,0.00396446
10132,6.315158,6.234887000000005,1.4459,0.0992044,0.0074185,0.00305067,0.00204915,0.00149771,0.00124108,0.00102927
10133,6.315672,6.231608000000004,1.4459,0.933423,0.0798359,0.0328849,0.0220877,0.0161437,0.0133775,0.0110944
10134,6.318407,6.230172,1.4459,0.303318,0.0255754,0.0105908,0.00711396,0.00519955,0.00430861,0.00357327
10136,6.90975,6.654806999999994,1.4473,0.0539555,0.0177581,0.00715304,0.00336724,0.00170021,0.00113892,0.000794216
10137,6.344266,6.8077140000000025,1.44794,0.027898,0.0813305,0.0879587,0.0633279,0.0400061,0.0276556,0.0177715
10138,5.702734,6.827527,1.44805,32.3652,2.78375,1.15594,0.776458,0.567508,0.470266,0.390008
10139,7.153746000000001,5.022,1.44807,0.246103,0.010881,0.00449482,0.00301922,0.00220673,0.00182861,0.00151653
10140,7.162727,5.019922000000003,1.44807,0.0573945,0.00497317,0.00205125,0.00137704,0.00100638,0.000833929,0.000691604
10141,6.948091000000001,4.962199999999994,1.44852,0.0795367,0.00597121,0.00246539,0.00165592,0.0012103,0.00100292,0.000831751
10144,6.332635,6.305811999999994,1.44876,0.2593,0.02694,0.0111388,0.00706601,0.00490887,0.00396176,0.00321746
10145,6.33631,6.302903000000006,1.44876,0.0934729,0.00821749,0.00329293,0.00220864,0.00161406,0.00133748,0.00110921
10146,7.181363,5.631100000000004,1.4491,0.162386,0.013766,0.00571197,0.00383677,0.00280427,0.00232376,0.00192717
10148,5.525419,5.828570000000001,1.45022,0.0980546,0.00807788,0.00335248,0.00225191,0.00164591,0.00136388,0.00113111
10155,6.827453,4.8024969999999945,1.45122,0.41881,0.0356979,0.0148168,0.00995259,0.00727428,0.00602784,0.00499909
10156,6.828188,4.801947999999999,1.45122,0.17547,0.0150786,0.00625927,0.00420443,0.00307299,0.00254643,0.00211184
10157,6.6622330000000005,5.511709000000002,1.45137,0.363248,0.0306985,0.0127437,0.00856015,0.00625656,0.0051845,0.00429968
10158,6.665491,5.5020750000000005,1.45137,0.213563,0.0173236,0.0069053,0.00463648,0.00338872,0.00280806,0.00232882
10167,6.998307,5.104013000000004,1.45194,0.0663777,0.00647042,0.00236188,0.00154344,0.00111915,0.000925705,0.00076712
10172,6.60459,6.455721999999998,1.45416,0.0797414,0.00682583,0.00283436,0.00190388,0.00139154,0.0011531,0.000956302
10173,6.606175,6.453236000000002,1.45416,0.0752558,0.00627552,0.00260582,0.00175037,0.00127933,0.00106012,0.000879192
10174,6.615115,6.455026000000006,1.45416,0.0722342,0.00620296,0.00257574,0.00173016,0.00126456,0.00104788,0.000869043
10175,6.603519,6.456888000000003,1.45416,0.0767929,0.00661013,0.0027448,0.00184372,0.00134756,0.00111666,0.000926084
10176,7.144158,7.173866999999997,1.45462,24.6688,2.10195,0.872479,0.586055,0.428344,0.354948,0.29437
10177,7.146427,7.170642000000006,1.45462,0.0856384,0.00730341,0.00303259,0.00203704,0.00148886,0.00123374,0.00102318
10178,6.10219,6.778222000000003,1.4547,0.0665587,0.00570484,0.00236889,0.00159122,0.00116301,0.00096373,0.000799254
10179,6.10243,6.7765659999999945,1.4547,0.614465,0.0542775,0.0222893,0.0148526,0.0108095,0.00894349,0.00741022
10182,6.769271,5.031506000000006,1.45667,0.066768,0.00570197,0.0023677,0.00159042,0.00116243,0.000963245,0.000798851
10183,5.379761,6.487915999999995,1.45671,0.0511904,0.00438674,0.00181829,0.00122135,0.000892679,0.000739719,0.000613474
10184,6.566079,5.593088000000005,1.45679,0.18109,0.0167351,0.00623837,0.00410345,0.00298034,0.00246588,0.00204359
10185,6.560839,5.596147000000002,1.45679,0.0522169,0.00448728,0.00186322,0.00125155,0.000914753,0.000758011,0.000628644
10186,6.830213,5.435492999999996,1.45785,0.22847,0.0192439,0.00787438,0.00528768,0.00386465,0.00320244,0.00265589
10187,6.823321,5.431733,1.45785,0.0612589,0.00355388,0.00147519,0.000990906,0.000724247,0.000600148,0.000497723
10188,5.35672,6.558277000000006,1.45854,0.0852897,0.00697149,0.00289481,0.00194448,0.00142121,0.00117769,0.000976695
10189,5.366586,6.555021000000006,1.45854,0.0777514,0.00667183,0.00276936,0.00186021,0.00135961,0.00112665,0.000934365
10190,5.355456,6.553183000000003,1.45854,1.02074,0.0876547,0.0363978,0.0244489,0.0178696,0.0148076,0.0122805
10191,4.959021,5.047478999999997,1.45892,0.215491,0.0185279,0.00769144,0.00516645,0.00377612,0.00312909,0.00259506
10194,6.567848,5.200739999999994,1.45944,0.0769964,0.0066563,0.00275132,0.00184753,0.0013503,0.00111892,0.000927959
10195,6.899802,5.214896000000002,1.46089,0.0827997,0.0069098,0.00286924,0.00192731,0.00140866,0.00116729,0.000968071
10196,6.926468,5.211012000000001,1.46115,3.18959,0.27344,0.113541,0.0762672,0.0557432,0.0461916,0.0383083
10197,6.925828000000001,5.1990490000000005,1.46115,0.0526415,0.0044637,0.00185352,0.00124503,0.000909988,0.000754062,0.000625369
10198,6.371416,6.240092000000001,1.4612,0.0583741,0.00491964,0.00199431,0.00133931,0.000978889,0.000811157,0.00067272
10199,6.36042,6.232940999999995,1.4612,0.110744,0.00951119,0.00394946,0.00265291,0.00193899,0.00160675,0.00133253
10200,6.363951,6.228767999999995,1.4612,1.27266,0.109544,0.0454873,0.0305545,0.0223321,0.0185055,0.0153472
10201,5.225164,6.570298999999998,1.46154,0.149652,0.011809,0.00489302,0.00328665,0.00240219,0.00199057,0.00165085
10202,5.229737,6.571311000000004,1.46154,0.093731,0.00813655,0.00334802,0.00224715,0.00164224,0.00136082,0.00112857
10203,5.222947,6.570407999999996,1.46154,1.15579,0.105854,0.041698,0.0277049,0.0201966,0.016728,0.0138708
10204,6.548967,6.398885000000003,1.46188,0.115194,0.00983942,0.00408554,0.00274431,0.0020058,0.00166211,0.00137844
10205,6.692897,5.095952,1.4623,0.0712859,0.00752427,0.00275161,0.00174622,0.00125003,0.00103039,0.000852513
10208,6.668652,5.086245000000001,1.46262,0.0770885,0.00667625,0.00272992,0.00183054,0.00133744,0.0011082,0.000919043
10209,6.67111,5.086230000000005,1.46262,0.0703839,0.00600306,0.00249273,0.0016744,0.00122381,0.00101411,0.000841037
10210,6.6703,5.082475999999996,1.46262,0.208808,0.0178949,0.00743073,0.00499133,0.00364813,0.00302302,0.0025071
10211,5.198159,6.557919000000002,1.463,0.0527701,0.0045115,0.00187088,0.00125667,0.000918488,0.000761105,0.00063121
10212,6.218081,5.557058000000006,1.46316,0.206081,0.0177749,0.00736432,0.00494575,0.0036147,0.00299531,0.00248411
10213,6.630584,5.069689000000007,1.4635,0.283391,0.0231311,0.00959855,0.00644748,0.00471242,0.00390495,0.00323851
10214,6.628859,5.069689999999999,1.4635,0.17261,0.0148307,0.00615837,0.00413667,0.00302346,0.00250539,0.00207781
10217,7.13736,5.855495999999994,1.46428,0.0770686,0.00664141,0.00275365,0.00184956,0.00135182,0.00112019,0.00092901
10218,7.163911000000001,5.873661000000001,1.465,1.25641,0.264357,0.0636565,0.0322058,0.0209311,0.0168103,0.0137429
10219,5.416783,7.093391999999994,1.46559,3.78354,0.324614,0.134734,0.0905025,0.0661477,0.0548133,0.0454586
10220,5.412227,7.098787000000003,1.46559,0.141969,0.0137079,0.00529606,0.00344703,0.00248993,0.00205694,0.00170345
10222,6.166916,5.7596909999999975,1.46595,0.122677,0.0104595,0.00433945,0.00291487,0.00213046,0.00176541,0.00146411
10223,6.174501,5.757362,1.46595,1.09774,0.0941159,0.039079,0.0262499,0.0191859,0.0158984,0.0131851
10224,6.169773,5.750178999999994,1.46595,0.102871,0.00891894,0.00362972,0.00243589,0.00178021,0.00147516,0.00122339
10225,5.381328,7.0004089999999985,1.46655,0.0705952,0.00603718,0.00250438,0.00168222,0.00122952,0.00101884,0.000844962
10226,5.390453,7.005658000000003,1.46655,0.0961496,0.00833287,0.00343498,0.00230602,0.00168533,0.00139654,0.00115819
10227,6.387551,6.405553999999999,1.46706,0.111939,0.00735302,0.00304733,0.00204693,0.00149609,0.00123974,0.00102815
10228,6.388001000000001,6.406650999999997,1.46706,2.7929,0.238762,0.0985475,0.0661856,0.048374,0.0400851,0.0332439
10229,5.351969,6.593895000000004,1.46771,3.07873,0.264088,0.109477,0.0735366,0.0537474,0.0445378,0.0369367
10230,5.462452,6.621409999999998,1.46796,0.130637,0.0106765,0.00420698,0.00282452,0.00206439,0.00171065,0.0014187
10231,5.467801,6.6245420000000035,1.46796,0.19816,0.0170513,0.00700989,0.0047072,0.00344038,0.00285086,0.00236432
10232,5.471696,6.624340999999998,1.46796,0.0745442,0.0046871,0.0019381,0.00130183,0.000951498,0.000788459,0.000653896
10233,5.469978,6.622376000000001,1.46796,0.11065,0.00952811,0.00395015,0.00265309,0.00193909,0.00160683,0.0013326
10236,6.442129000000001,6.220112000000005,1.46925,0.0645681,0.00568597,0.00227859,0.00152063,0.0011093,0.000918802,0.000761836
10237,6.436103,6.217878000000001,1.46925,0.28388,0.0242601,0.0100573,0.00675557,0.0049376,0.00409154,0.00339326
10238,6.441095000000001,6.2162220000000055,1.46925,0.0597793,0.00298976,0.00124099,0.000833593,0.000609268,0.00050487,0.000418706
10239,5.242939,6.724106999999995,1.46987,0.0948049,0.00770335,0.00319753,0.00214783,0.00156983,0.00130084,0.00107883
10240,5.832055,6.838262000000005,1.46992,0.0637586,0.00501188,0.0020746,0.00139351,0.00101851,0.000843986,0.000699946
10241,5.32447,6.371101,1.47005,0.0125182,0.0319716,0.0555579,0.0540006,0.0450022,0.0373878,0.029235
10242,5.334499,6.374119,1.47005,0.247502,0.021204,0.0088047,0.00591424,0.00432268,0.00358199,0.00297067
10244,5.985932,6.253568999999996,1.47073,0.303884,0.0260603,0.010809,0.00726038,0.00530656,0.00439728,0.00364682
10245,6.112127,6.456750000000004,1.47109,5.55795,1.16331,1.07979,0.844155,0.598129,0.453329,0.326155
10246,5.372408,6.410115999999996,1.4711,0.0842585,0.00700986,0.00290336,0.0019502,0.00142539,0.00118115,0.000979569
10247,5.373855,6.409867999999995,1.4711,0.0780378,0.00940436,0.00279819,0.00179637,0.00130315,0.00107879,0.000894436
10249,6.082149,6.533334999999995,1.4717,0.0502096,0.00368307,0.00152933,0.00102727,0.000750826,0.000622172,0.000515989
10252,5.803074,5.600722,1.4722,38.7719,3.0293,1.25569,0.843453,0.616474,0.510841,0.423658
10254,5.937906000000001,6.262391000000006,1.47223,0.23775,1.04597,1.42558,1.18221,0.850421,0.64064,0.451067
10255,6.070692,6.566098000000002,1.47226,0.0850416,0.00716618,0.00297568,0.00199881,0.00146091,0.00121059,0.00100398
10256,6.069593,6.565265999999995,1.47226,0.0872887,0.00824872,0.00332761,0.00216719,0.0015535,0.00127714,0.00105363
10257,6.052721,6.482384000000003,1.4729,0.0684402,0.0052282,0.00216913,0.00145703,0.00106494,0.000882459,0.000731853
10262,6.08078,6.767611000000005,1.47389,0.349114,0.027296,0.0112973,0.00758854,0.00554641,0.00459604,0.00381165
10263,6.084491,6.764431000000001,1.47389,0.284879,0.0242585,0.0100665,0.0067617,0.00494208,0.00409525,0.00339633
10264,5.956264,7.060862999999996,1.47411,0.0555354,0.00465432,0.00193231,0.00129796,0.000948672,0.000786118,0.000651954
10265,5.833744,5.410735,1.47427,1.74969,0.12311,0.0502876,0.0337672,0.0246795,0.0204506,0.0169604
10276,5.902741,5.086428,1.47982,0.055125,0.00470419,0.00195321,0.001312,0.000958929,0.000794617,0.000659003
10278,5.966182,6.834745000000004,1.48042,1.24058,0.102811,0.0426907,0.028676,0.0209591,0.0173678,0.0144037
10279,6.277739,4.816412999999995,1.48046,0.202366,0.0176942,0.00727593,0.00486803,0.00355272,0.00294278,0.00244008
10283,6.556177,6.280322000000004,1.48108,0.157555,0.0135551,0.00562866,0.00378085,0.0027634,0.00228989,0.00189909
10287,5.817918,6.820752999999996,1.48215,0.0556819,0.00523043,0.00195383,0.00127988,0.000927504,0.000766822,0.000635232
10288,5.818391,6.826872000000005,1.48215,0.202229,0.0173572,0.00718845,0.00482782,0.00352854,0.00292391,0.0024249
10289,5.813382,6.8200029999999945,1.48215,0.0554995,0.00498399,0.00204385,0.00135235,0.000979989,0.000809544,0.00067014
10294,5.86186,7.133002000000002,1.48464,0.0666464,0.00573775,0.00238223,0.00160017,0.00116955,0.000969148,0.000803747
10295,5.753962,5.161678999999995,1.48522,0.790176,0.0633537,0.0263032,0.0176682,0.0129136,0.0107009,0.00887458
10296,5.468516,5.551414999999995,1.48565,0.0700286,0.00570428,0.00236017,0.00158533,0.00115871,0.000960164,0.000796297
10297,5.475995,5.551027,1.48565,0.0732135,0.0062738,0.00260514,0.00174991,0.001279,0.00105984,0.000878962
10304,5.395921,5.823674000000005,1.48819,0.126603,0.0107456,0.004457,0.00299374,0.0021881,0.00181317,0.00150372
10306,6.021906,5.016968000000001,1.48855,0.512104,0.0440121,0.0182634,0.0122677,0.0089664,0.00743001,0.00616196
10308,5.428298,5.368603999999999,1.49042,0.178335,0.0137178,0.00567478,0.00381171,0.00278595,0.00230858,0.00191458
10309,5.427816,5.368663000000002,1.49042,0.0918954,0.00772445,0.00320587,0.00215343,0.00157392,0.00130423,0.00108165
10310,5.569714,5.117604999999995,1.4906,0.195169,0.0167816,0.00696389,0.00467767,0.00341888,0.00283305,0.00234955
10313,6.274472,6.301898000000001,1.4916,0.123089,0.0114371,0.00449805,0.00296112,0.00214693,0.00177488,0.00147017
10316,7.193553,5.702301000000004,1.49169,4.20653,0.361988,0.150176,0.100873,0.073727,0.0610939,0.0506672
10320,6.250924,7.098073000000005,1.49239,0.0751475,0.00599815,0.00247877,0.00166495,0.0012169,0.00100839,0.000836288
10322,7.122187,5.577499000000006,1.49383,0.274904,0.0235889,0.00979408,0.00657882,0.00480842,0.0039845,0.00330448
10328,6.189333,6.830198000000002,1.4964,0.0532887,0.0050196,0.00198244,0.00129617,0.000934968,0.000771283,0.000637977
10329,6.194275,6.823119,1.4964,0.0747341,0.00643442,0.00266613,0.00179054,0.00130865,0.00108441,0.000899333
10330,5.513573,5.459977000000002,1.49651,0.145263,0.0122112,0.00473315,0.00315747,0.00230444,0.00190907,0.00158309
10332,5.638263,5.291311999999999,1.49792,0.0716939,0.00601754,0.00249859,0.00167834,0.00122668,0.00101649,0.000843012
10334,6.192573,6.841287999999998,1.49821,0.167421,0.0120511,0.00400215,0.00264644,0.00192945,0.00159825,0.00132533
10335,6.198666,6.851707,1.49821,0.0659093,0.00568329,0.00235231,0.00157967,0.00115452,0.000956687,0.000793411
10344,6.119905,6.845864000000001,1.5017,0.322489,0.0275604,0.0114433,0.00768663,0.00561811,0.00465545,0.00386092
10345,6.120682,6.841949999999995,1.5017,0.0910785,0.00782121,0.00324669,0.00218084,0.00159397,0.00132084,0.00109542
10346,5.5426,5.162998000000007,1.5025,0.0661931,0.00568303,0.00235984,0.00158514,0.00115857,0.000960049,0.000796201
10349,6.762617,5.478720999999997,1.50305,0.929514,0.0798542,0.033159,0.0222733,0.0162794,0.01349,0.0111877
10350,6.750538,5.401666999999996,1.50312,0.0995163,0.00842859,0.00348656,0.00234185,0.00171163,0.00141835,0.00117628
10351,6.755307,5.404123,1.50312,0.0607282,0.00727991,0.00348958,0.00222723,0.00148499,0.00115053,0.000891703
10358,6.548196,6.308775000000005,1.50382,0.125349,0.0107132,0.00444073,0.00298281,0.00218011,0.00180655,0.00149823
10359,6.039109,6.707851999999995,1.50383,0.107954,0.00892442,0.00370567,0.00248915,0.0018193,0.00150757,0.00125028
10363,5.942869,5.331738000000001,1.50546,0.144784,0.0116612,0.00482728,0.00324251,0.00236993,0.00196384,0.00162868
10364,5.94263,5.330309,1.50546,0.0959403,0.00818253,0.00339764,0.00228224,0.00166807,0.00138225,0.00114635
10365,5.944495,5.331899000000002,1.50546,1.32925,0.113952,0.0473179,0.0317841,0.0232308,0.0192502,0.0159649
10367,4.88646,5.515941999999997,1.50576,2.39598,0.204727,0.0850014,0.0570966,0.0417316,0.0345809,0.0286791
10368,4.878823,5.517247999999996,1.50576,0.124008,0.010606,0.00440307,0.00295761,0.0021617,0.00179129,0.00148558
10369,5.329549,4.901732000000004,1.50606,0.149921,0.0517196,0.0232445,0.0113654,0.00571698,0.00373455,0.00250273
10371,5.164699,6.937910000000007,1.50643,0.0648947,0.00559055,0.00231762,0.00155667,0.00113775,0.000942797,0.000781893
10377,5.208203,4.930652999999998,1.50704,0.144342,0.0123694,0.00513121,0.00344668,0.00251915,0.0020875,0.00173123
10380,5.148662,6.952024000000001,1.50845,0.716904,0.059633,0.0246465,0.0165547,0.0120997,0.0100264,0.00831526
10381,5.147372,6.9535300000000015,1.50845,0.137311,0.0116888,0.00485365,0.00326027,0.00238291,0.0019746,0.0016376
10382,6.423614,6.719313999999999,1.50848,10.7963,0.939166,0.385677,0.258849,0.189171,0.156755,0.130002
10384,5.623012,5.330425,1.50905,0.0883508,0.00721876,0.00299359,0.0020108,0.00146968,0.00121785,0.00101
10385,5.607084,5.283186000000005,1.50942,0.211715,0.0186566,0.00763106,0.00509579,0.00371688,0.00307843,0.00255247
10386,5.237747,5.890232000000004,1.50961,0.428825,0.238655,0.12768,0.0659564,0.0328044,0.0203034,0.0123073
10387,5.235234,5.893218999999996,1.50961,0.698833,0.0609663,0.0249366,0.0167263,0.0122224,0.0101278,0.00839926
10389,5.60233,4.8703800000000035,1.51066,0.0535644,0.00465657,0.00190736,0.00128041,0.000935788,0.000775438,0.000643096
10391,5.325957,4.814745999999994,1.5109,1.25763,0.113844,0.0468342,0.0309562,0.0223593,0.0184268,0.0152205
10392,5.328392,4.814424000000006,1.5109,0.197185,0.0167438,0.00695129,0.00466928,0.00341275,0.00282797,0.00234533
10396,4.978743,6.8795789999999934,1.51133,0.0505442,0.00412053,0.00171012,0.00114871,0.000839584,0.000695722,0.000576986
10397,6.783938,6.107498999999998,1.51145,0.396379,0.0346262,0.014003,0.00939309,0.0068643,0.00568802,0.00471725
10399,6.198993,5.535777999999997,1.51223,0.071416,0.00614576,0.00254463,0.00170919,0.00124923,0.00103518,0.000858506
10400,5.400998,5.216998000000006,1.51227,0.389043,0.038488,0.0144519,0.0093891,0.0067881,0.00561043,0.00464771
10403,7.076324,5.299216000000006,1.51273,0.0566071,0.0062893,0.00192737,0.00120329,0.000859376,0.000708096,0.000585725
10404,7.075612,5.298636000000002,1.51273,0.0710026,0.00464247,0.00192774,0.00129489,0.000946426,0.000784256,0.00065041
10405,7.196471,5.583428000000001,1.51308,0.214467,0.0182677,0.00758554,0.00509532,0.00372413,0.00308601,0.00255933
10406,7.196064,5.584551000000002,1.51308,0.250892,0.0214694,0.00891493,0.00598829,0.0043768,0.00362684,0.00300786
10407,6.722782,6.789262000000005,1.51322,0.455493,0.0391861,0.0160362,0.0107678,0.00786994,0.00652142,0.00540843
10408,5.857066,5.229479999999998,1.51336,0.687233,0.0583757,0.024236,0.0162796,0.0118987,0.00985986,0.00817711
10409,6.181712,7.050877000000002,1.51368,0.10718,0.0203954,0.00525589,0.00275929,0.0018289,0.00147804,0.00121224
10410,6.180146,7.047049000000005,1.51368,0.436202,0.0382031,0.0155946,0.0104559,0.0076399,0.00633056,0.00525009
10411,6.038863,7.103494000000002,1.51372,0.703808,0.0601511,0.0249558,0.0167631,0.012252,0.0101526,0.00841993
10412,6.042612,7.099542,1.51372,0.0838913,0.00730277,0.00299149,0.00200549,0.00146514,0.00121398,0.00100677
10413,6.620009,6.374938999999999,1.51387,0.064766,0.00555323,0.00230552,0.00154865,0.0011319,0.00093795,0.000777874
10414,6.61811,6.378245000000004,1.51387,0.050822,0.00388618,0.00161091,0.00108206,0.000790873,0.000655357,0.00054351
10415,5.974429,5.206705000000006,1.51401,0.0840537,0.00721107,0.00299251,0.0020101,0.00146917,0.00121743,0.00100966
10416,5.973215,5.205830999999998,1.51401,2.8833,0.24438,0.100868,0.0677382,0.049508,0.0410247,0.0340231
10417,5.975820000000001,5.202524,1.51401,0.0779979,0.00667411,0.00273208,0.00183355,0.00133995,0.00111033,0.000920832
10418,6.704185,6.389275999999997,1.51409,0.0671869,0.00574082,0.00238369,0.00160116,0.00117028,0.00096975,0.000804247
10419,6.697585000000001,6.391671000000001,1.51409,0.0658379,0.00564498,0.00234325,0.00157399,0.00115042,0.000953294,0.000790599
10425,6.159446,6.136614999999999,1.51518,0.239487,0.0204835,0.00850548,0.00571325,0.00417578,0.00346026,0.00286971
10426,6.161537,6.137906000000002,1.51518,0.0716393,0.00616691,0.00255582,0.00171672,0.00125473,0.00103974,0.000862288
10427,7.035502,5.9421649999999975,1.51519,0.562689,0.0479941,0.0199291,0.0133867,0.00978424,0.00810772,0.00672401
10428,6.804506,5.279727999999995,1.51603,0.160945,0.0137308,0.00569947,0.00382841,0.00279816,0.0023187,0.00192298
10430,5.776610000000001,6.6644310000000075,1.51669,0.0556034,0.00511273,0.0020021,0.0013266,0.000965765,0.000799573,0.000662866
10431,5.777928,6.662667999999996,1.51669,0.116497,0.00987162,0.00409909,0.00275342,0.00201245,0.00166762,0.00138301
10432,5.774107,6.657008999999998,1.51669,0.200449,0.0171481,0.00711333,0.00477809,0.00349228,0.00289388,0.00239999
10433,5.777601000000001,6.662705000000002,1.51669,0.297852,0.0245122,0.0101753,0.0068349,0.00499558,0.00413959,0.0034331
10436,7.099959,6.381449000000002,1.51726,0.0762849,0.00701795,0.00282214,0.00185601,0.00134384,0.00111044,0.000919602
10437,7.088877,6.379416999999995,1.51726,0.0524537,0.00450781,0.00186857,0.0012551,0.000917346,0.00076016,0.000630426
10439,5.446663,4.954697999999999,1.51745,1.11977,0.0939676,0.0390186,0.0262093,0.0191562,0.0158738,0.0131647
10440,5.572153,5.085847999999996,1.51796,4.28867,0.373233,0.151596,0.101714,0.074333,0.0615954,0.051083
10441,5.567139,5.0874070000000025,1.51796,0.1001,0.0085775,0.00354965,0.00238424,0.00174262,0.00144403,0.00119758
10442,5.570736,5.085711000000002,1.51796,0.146996,0.0131424,0.00526424,0.00351805,0.00256878,0.0021283,0.00176499
10444,6.619104,6.923970000000001,1.51804,0.329063,0.0281538,0.0116703,0.00783873,0.00572925,0.00474754,0.0039373
10445,5.621589,4.981550000000005,1.51808,1.00432,0.0939912,0.0349598,0.0232704,0.0169861,0.0140733,0.011671
10447,6.099122,5.344464000000004,1.51824,7.22237,0.617387,0.256366,0.172205,0.125863,0.104297,0.0864968
10452,5.781651,6.069173999999995,1.51943,0.743317,0.0655163,0.0265624,0.0177764,0.0129819,0.0107559,0.00891975
10453,5.788373,6.071390999999996,1.51943,0.394259,0.0307683,0.0127761,0.00858188,0.00627244,0.00519766,0.0043106
10455,5.485508,5.000473999999999,1.52007,0.869297,0.098003,0.0321197,0.0201674,0.0144208,0.0118865,0.00983448
10456,6.212226,5.586176000000003,1.52052,0.102719,0.00868344,0.00359667,0.00241587,0.00176574,0.00146318,0.00121347
10457,4.887667000000001,5.331088000000001,1.52095,0.374522,0.0318945,0.013223,0.00888189,0.00649171,0.00537936,0.00446128
10459,6.7946100000000005,6.146625,1.52119,0.0828078,0.00711817,0.00295565,0.00198535,0.00145108,0.00120244,0.000997223
10461,5.619136,5.345320999999995,1.52224,0.774855,0.0666978,0.0272702,0.0183006,0.0133741,0.0110823,0.00919085
10462,5.622346,5.350130000000003,1.52224,0.067143,0.0056274,0.00233605,0.00156916,0.00114689,0.000950368,0.000788172
10464,6.983446,4.911247999999999,1.52303,0.0627208,0.00535335,0.00222236,0.00149279,0.00109107,0.000904113,0.000749812
10465,6.993354000000001,4.913000000000005,1.52303,0.0526698,0.0045739,0.00187378,0.00125774,0.000919199,0.000761689,0.000631693
10466,7.035753,4.914270000000001,1.52344,0.311463,0.0266986,0.0110851,0.00744599,0.00544222,0.0045097,0.00374005
10467,5.316152,6.268276999999998,1.52357,15.7552,1.79998,0.684542,0.4186,0.288084,0.232928,0.190087
10468,5.323778,6.276672,1.52357,0.061762,0.00537829,0.00220163,0.00147683,0.00107915,0.000894212,0.000741593
10469,5.318247,6.272175000000004,1.52357,3.89017,0.321245,0.132835,0.0892262,0.0652148,0.0540403,0.0448174
10472,5.992504,5.7737410000000065,1.52377,0.0971757,0.00833676,0.00346179,0.00232533,0.00169957,0.00140835,0.00116799
10473,6.640202000000001,6.048723999999998,1.5243,0.121994,0.0107919,0.00427463,0.00286582,0.00209426,0.00173538,0.00143921
10474,6.64144,6.050257000000004,1.5243,0.187286,0.0160643,0.00667006,0.00448037,0.00327468,0.00271356,0.00225045
10475,5.562875000000001,5.057142,1.52507,0.406801,0.0880257,0.0609546,0.040488,0.0254696,0.0182096,0.0125891
10476,5.560467,5.048269999999995,1.52507,0.146078,0.0123877,0.00513267,0.00344766,0.00251987,0.00208809,0.00173172
10480,6.851625,5.215135999999997,1.52638,0.976411,0.0828465,0.0343941,0.023103,0.0168858,0.0139924,0.0116044
10481,5.262101,5.728787,1.52755,0.104818,0.00888932,0.00369049,0.00247896,0.00181185,0.00150139,0.00124516
10482,6.648365,5.104363000000001,1.52767,0.418218,0.0357099,0.0148255,0.00995847,0.00727858,0.0060314,0.00500204
10487,5.805833,5.638438,1.5284,0.164704,0.0141307,0.00586763,0.00394137,0.00288072,0.00238711,0.00197971
10489,5.531196,6.8115010000000025,1.52922,0.0670331,0.00559092,0.00232151,0.00155939,0.00113975,0.000944455,0.000783268
10490,5.31796,4.949744999999994,1.52953,4.91004,0.443578,0.176632,0.117613,0.0857715,0.0710436,0.0589091
10491,6.217533,6.478514999999997,1.53026,0.280478,0.0284214,0.0104844,0.00673797,0.00483988,0.00399069,0.00330128
10492,5.2684820000000006,6.633387999999995,1.5308,0.075941,0.0062014,0.00248654,0.00166741,0.00121842,0.00100962,0.000837303
10494,5.3852,5.046110999999995,1.53227,0.289726,0.024874,0.0103231,0.00693412,0.0050681,0.00419968,0.00348294
10495,5.385543,5.0540489999999965,1.53227,0.132033,0.0113576,0.00471536,0.00316737,0.00231501,0.00191834,0.00159094
10496,4.874767,4.8346369999999945,1.53243,2.88538,0.256026,0.103997,0.0693552,0.0505657,0.0418749,0.0347182
10499,4.925981,4.8551819999999974,1.53302,1.96036,0.526258,0.390808,0.27035,0.176121,0.12818,0.0895101
10500,4.929016,4.861162000000005,1.53302,0.484539,0.0413938,0.0171831,0.0115421,0.00843606,0.00699055,0.0057975
10501,5.292254,6.231885000000005,1.53329,0.0779763,0.0118829,0.00486577,0.00270599,0.00167503,0.00127913,0.000999548
10502,5.2861,6.232313999999996,1.53329,0.0737325,0.00569184,0.00236335,0.0015875,0.00116029,0.000961475,0.000797384
10503,5.19061,6.613397999999997,1.53396,0.0987472,0.0084563,0.00351134,0.00235862,0.0017239,0.00142851,0.00118471
10505,6.91614,7.067323000000005,1.5352,14.5779,1.02503,0.423643,0.284564,0.207986,0.172348,0.142934
10506,5.381305,5.181376999999995,1.53529,0.195544,0.0165514,0.00668073,0.00447449,0.00326826,0.0027079,0.00224564
10507,5.403511,7.067039000000002,1.53543,0.116629,0.00915217,0.00380017,0.00255263,0.0018657,0.00154601,0.00128216
10508,4.828563,5.9273759999999935,1.53572,0.177752,0.0194028,0.00999329,0.00664302,0.00450544,0.00349749,0.00270146
10509,6.669954,4.855023999999997,1.5365,1.47672,0.122127,0.0506964,0.0340535,0.0248895,0.0206247,0.0171047
10510,6.667144000000001,4.856406999999995,1.5365,0.060528,0.00508654,0.00211162,0.0014184,0.0010367,0.000859064,0.000712451
10512,5.064281,5.090072999999998,1.53701,0.0933621,0.00667653,0.00275276,0.00184903,0.00135145,0.00111988,0.000928752
10513,5.057782,5.086708,1.53701,0.341687,0.0407539,0.0185451,0.0112328,0.00730953,0.00567387,0.00446397
10514,5.067207,5.083243000000001,1.53701,0.429201,0.0266114,0.0109081,0.00732688,0.00535517,0.00443756,0.00368022
10521,6.154695,5.055338000000004,1.53852,0.199906,0.0170058,0.0070605,0.00474264,0.00346636,0.00287241,0.00238218
10522,6.15407,5.049955000000004,1.53852,0.180172,0.0154378,0.0064087,0.0043048,0.00314635,0.00260723,0.00216226
10524,5.874237,5.5147219999999955,1.53869,0.126858,0.0107775,0.00445895,0.00299501,0.00218903,0.00181394,0.00150436
10525,5.874066,5.513582000000004,1.53869,0.0609986,0.00539143,0.0021981,0.00146676,0.00106935,0.000885495,0.000734113
10526,5.832405,5.135478999999997,1.53886,0.198674,0.0173725,0.00643423,0.0042903,0.00313263,0.00259554,0.0021525
10529,5.88432,5.552434999999996,1.53911,0.0540667,0.00464872,0.00192671,0.00129417,0.0009459,0.000783821,0.000650049
10530,6.147464,6.461715000000005,1.5392,3.3935,0.292368,0.121187,0.0813921,0.0594877,0.0492944,0.0408815
10531,6.596949,5.486568000000006,1.53985,0.0532032,0.00450772,0.00187086,0.00125668,0.0009185,0.000761115,0.000631219
10532,5.05851,6.042609000000004,1.53989,1.31122,0.11286,0.0468642,0.0314794,0.0230081,0.0190656,0.0158118
10533,5.194197000000001,6.022953000000005,1.54033,0.163297,0.0117719,0.00488731,0.00328288,0.00239943,0.00198829,0.00164896
10536,5.909384,5.089357000000003,1.54069,0.0552905,0.00474898,0.00197004,0.0013233,0.000967192,0.000801464,0.000664682
10537,5.916978,5.082707999999998,1.54069,0.0552551,0.00465752,0.00192539,0.00129327,0.000945245,0.000783278,0.000649599
10540,5.317283,5.183098999999998,1.5418,0.0553096,0.00474449,0.00196878,0.00132244,0.000966565,0.000800945,0.00066425
10541,5.318317,5.1889199999999995,1.5418,8.58642,3.06659,1.63866,0.892674,0.476931,0.312642,0.20261
10543,5.657747,5.048794000000006,1.54249,0.143826,0.012559,0.00515137,0.00345077,0.00252018,0.00208798,0.00173151
10544,5.662497,5.053517000000005,1.54249,0.127588,0.0114588,0.00420466,0.0027937,0.00203812,0.00168843,0.00140015
10545,5.660744,5.050855,1.54249,0.0806432,0.00677984,0.00281403,0.00189022,0.00138155,0.00114482,0.000949442
10546,5.294799,6.994420999999998,1.54251,1.07972,0.092394,0.0382067,0.0256631,0.018757,0.015543,0.0128903
10547,6.718419,5.904382000000001,1.54308,0.204959,0.017666,0.00731184,0.00491073,0.00358916,0.00297416,0.00246657
10548,6.718122,5.908865999999995,1.54308,0.122522,0.0105792,0.00437244,0.00293619,0.00214596,0.00177825,0.00147476
10549,6.719497,5.907073000000005,1.54308,0.0742786,0.00634155,0.00260936,0.0017522,0.00128063,0.0010612,0.000880085
10550,5.392177,7.079649999999995,1.54364,0.0578001,0.00497394,0.00205941,0.00138321,0.00101097,0.000837738,0.000694765
10551,5.392893,7.068597000000005,1.54364,0.0515673,0.00433754,0.00179468,0.0012055,0.000881089,0.000730115,0.000605509
10552,7.02483,5.479338000000006,1.54446,0.208412,0.0164136,0.00680342,0.00456994,0.00334014,0.00276781,0.00229544
10553,6.843049,5.383197999999995,1.54448,0.622717,0.0525535,0.0218216,0.0146579,0.0107133,0.00887762,0.00736251
10554,6.846315,5.390700999999994,1.54448,0.37545,0.0322984,0.0134109,0.00900829,0.0065841,0.00545592,0.00452478
10555,6.182945,5.233275999999995,1.54459,1.53048,0.122333,0.050772,0.0341042,0.0249266,0.0206554,0.0171302
10556,6.179007,5.227124999999998,1.54459,0.484805,0.0406439,0.016847,0.0113161,0.00827089,0.00685368,0.00568399
10558,6.144589,5.20106,1.54495,0.120604,0.0104375,0.0042935,0.00288317,0.00210724,0.00174617,0.00144815
10559,5.30304,4.997402000000001,1.54499,0.121561,0.0102375,0.00424875,0.00285395,0.00208593,0.00172851,0.00143351
10560,5.303393,5.000202000000004,1.54499,0.0961003,0.00665901,0.002765,0.00185729,0.00135748,0.00112488,0.000932899
10568,6.234646,5.224874999999995,1.54514,0.18409,0.0157464,0.00652645,0.00438388,0.00320415,0.00265512,0.00220198
10569,5.373325,6.865743000000005,1.54521,0.109157,0.0207016,0.00902801,0.0048626,0.00282,0.00204946,0.00152713
10570,5.36671,6.866966999999997,1.54521,0.190955,0.0912556,0.102409,0.0810588,0.0567942,0.0423405,0.0296767
10571,5.370584,6.870200999999999,1.54521,0.218131,0.0187881,0.00780056,0.00523973,0.00382968,0.00317347,0.00263186
10572,5.158909000000001,6.865331999999995,1.5455,0.174492,0.0185288,0.00710765,0.00443343,0.00312109,0.00255521,0.00210548
10573,5.161065,6.869923000000006,1.5455,0.104713,0.00723585,0.00300404,0.00201786,0.00147484,0.00122213,0.00101355
10574,5.159912,6.868329000000001,1.5455,27.5845,2.2316,0.92658,0.622397,0.454906,0.376958,0.312624
10575,6.60236,5.530291999999997,1.54574,0.0554501,0.00464597,0.00192843,0.00129536,0.000946767,0.000784539,0.000650645
10579,5.263822,4.934272999999999,1.54641,0.520408,0.148833,0.0557632,0.0265622,0.0140098,0.00974871,0.00706546
10580,5.2617,4.933992999999998,1.54641,0.117361,0.0101877,0.00415107,0.00278591,0.00203603,0.00168714,0.0013992
10585,5.374958,5.863414000000005,1.54676,0.334691,0.028489,0.0118298,0.00794625,0.00580786,0.00481269,0.00399132
10586,4.876363,6.930484999999998,1.54685,0.0567277,0.00487479,0.00202393,0.0013595,0.000993649,0.000823388,0.000682864
10587,4.875591,6.9299980000000065,1.54685,0.161371,0.0244876,0.019306,0.0152326,0.0112812,0.00891613,0.00676326
10588,4.876222,6.929646000000001,1.54685,13.4082,1.15257,0.478594,0.321479,0.234967,0.194705,0.161476
10589,4.877121,6.929771,1.54685,0.246316,0.0210954,0.00875737,0.00588244,0.00429944,0.00356273,0.00295469
10590,5.363367000000001,5.246714000000001,1.54702,3.44374,0.293861,0.122015,0.0819592,0.0599034,0.049639,0.0411673
10591,5.363045,5.2412260000000055,1.54702,0.06064,0.00589978,0.00220376,0.00144261,0.00104655,0.000865789,0.000717535
10592,4.9232,6.721390000000002,1.54713,0.0702409,0.00601205,0.00249399,0.00167524,0.00122442,0.00101462,0.000841458
10594,5.435949,7.163032000000004,1.54732,0.0798198,0.00681234,0.00282824,0.00189977,0.00138853,0.00115061,0.000954236
10595,5.435362,7.160024000000006,1.54732,0.107511,0.00916136,0.00380361,0.00255494,0.00186739,0.00154741,0.00128332
10596,6.941132,5.436741999999998,1.54787,0.175134,0.0149712,0.00621624,0.00417554,0.00305187,0.00252894,0.00209733
10597,5.314301,5.248432,1.54799,0.267813,0.0253727,0.00943501,0.00621901,0.00452435,0.00374566,0.0031053
10598,5.489906000000001,6.822737000000004,1.54866,0.0810097,0.00693435,0.0028793,0.00193407,0.0014136,0.00117138,0.000971463
10599,5.511589,6.816736999999994,1.54866,0.126112,0.0104282,0.00429895,0.00288751,0.00211046,0.00174883,0.00145037
10600,5.500836,6.816547999999997,1.54866,9.69753,0.793306,0.327956,0.220278,0.160999,0.133412,0.110643
10601,5.570557,5.390398000000005,1.5491,0.0798665,0.00676054,0.00280605,0.00188486,0.00137763,0.00114158,0.000946749
10602,5.576868,5.388776000000003,1.5491,0.0544134,0.00467334,0.00194055,0.0013035,0.000952718,0.00078947,0.000654735
10603,5.575433,5.3872529999999985,1.5491,0.0762114,0.00653873,0.0027148,0.00182357,0.00133283,0.00110445,0.00091596
10605,6.491097,6.076936,1.54924,0.150235,0.0128779,0.00534597,0.00359096,0.00262461,0.00217488,0.0018037
10606,6.562477,4.976868999999994,1.54939,0.288533,0.0247473,0.0102732,0.00690065,0.00504364,0.00417942,0.00346613
10609,6.89654,5.222464999999994,1.54975,0.138043,0.0115076,0.00477763,0.0032092,0.00234558,0.00194367,0.00161195
10613,5.814653,6.610803000000003,1.55032,0.0714721,0.00656028,0.00253507,0.00168874,0.00123247,0.00102106,0.000846747
10614,6.868747,5.4685149999999965,1.5504,0.154224,0.0131848,0.00546919,0.00367372,0.00268509,0.00222501,0.00184527
10615,6.866088,5.463746999999998,1.5504,0.26203,0.0224087,0.00927253,0.00622765,0.00455168,0.00377175,0.00312804
10616,6.867378000000001,5.467702000000001,1.5504,0.245464,0.0210305,0.008731,0.00586474,0.0042865,0.00355201,0.0029458
10618,6.647122,6.345181999999994,1.55065,0.219456,0.0180834,0.00750888,0.00504382,0.0036865,0.00305482,0.00253346
10619,5.66002,5.355839999999999,1.5514,0.689061,0.0592473,0.0246018,0.0165254,0.0120783,0.0100087,0.00830053
10624,5.928291,7.022438999999996,1.5515,0.194872,0.016755,0.0069568,0.00467298,0.00341545,0.00283021,0.00234719
10625,5.95299,7.0104149999999965,1.55162,0.128574,0.0109286,0.00453646,0.0030472,0.00222718,0.00184555,0.00153058
10626,5.950935,7.009455999999996,1.55162,0.0565931,0.00485869,0.00201735,0.00135508,0.000990422,0.000820714,0.000680646
10627,5.949406,7.016734999999999,1.55162,0.0402807,0.0723568,0.111681,0.10482,0.0858374,0.07091,0.0553534
10630,6.968202,5.467044999999998,1.55276,0.0706746,0.00606888,0.00252005,0.00169275,0.00123722,0.00102523,0.000850254
10631,6.465914,6.3016109999999985,1.55278,0.127583,0.00952103,0.00394992,0.00265321,0.00193921,0.00160693,0.00133268
10634,6.98635,5.478974999999996,1.55326,0.0895177,0.00756117,0.0031397,0.00210898,0.00154144,0.00127731,0.00105932
10635,5.474755,7.137356000000004,1.55391,0.0512272,0.00471852,0.00177184,0.00117915,0.000860543,0.000712943,0.000591232
10636,5.46992,7.135959999999994,1.55391,0.0994089,0.00877118,0.00357067,0.00238471,0.00173949,0.00144067,0.0011945
10637,5.473603,7.138929000000003,1.55391,0.0791881,0.00677155,0.00281184,0.00188875,0.00138048,0.00114393,0.000948703
10638,5.478832,7.135104000000005,1.55391,0.370096,0.0316017,0.0131224,0.00881447,0.00644244,0.00533853,0.00442743
10639,6.982666,6.565874999999998,1.55412,0.0631619,0.00536365,0.00222317,0.00149332,0.00109146,0.00090444,0.000750083
10640,6.989224,6.565191000000003,1.55412,0.160157,0.0133874,0.00555562,0.00373178,0.00272753,0.00226017,0.00187444
10641,5.306898,6.365426000000004,1.5547,0.056753,0.00890988,0.00707625,0.00547832,0.00395893,0.00307377,0.00228787
10642,5.504934000000001,6.771249000000001,1.5547,2.89826,0.232852,0.0966804,0.0649416,0.0474654,0.0393322,0.0326196
10643,5.502942,6.775435000000001,1.5547,4.96579,0.423739,0.175955,0.118191,0.0863852,0.0715832,0.0593663
10646,4.928474,5.934921999999997,1.55568,0.0955986,0.00816688,0.00339108,0.00227784,0.00166486,0.00137958,0.00114414
10650,5.484028,5.156148999999998,1.55656,0.0593615,0.00377492,0.00147462,0.000988304,0.000722148,0.000598389,0.000496259
10657,7.095617,7.016830000000006,1.56086,0.0520836,0.00447343,0.0018574,0.00124764,0.000911893,0.000755641,0.000626678
10658,6.579445,5.148589999999995,1.56123,0.106077,0.00911924,0.00378663,0.00254354,0.00185905,0.00154051,0.00127759
10659,5.474149,7.087063999999998,1.56145,0.220084,0.018836,0.00781202,0.00524742,0.0038353,0.00317813,0.00263573
10660,6.253594,7.0863030000000045,1.56203,0.0717262,0.00472888,0.0018467,0.00123818,0.000904809,0.000749756,0.000621795
10661,6.261915,7.081368999999999,1.56203,0.0729763,0.00447937,0.00181679,0.00122007,0.000891729,0.000738931,0.000612821
10662,6.522744,5.028221999999998,1.56235,0.185052,0.015467,0.00642255,0.00431412,0.00315316,0.00261287,0.00216694
10663,6.526819,5.029697000000003,1.56235,0.0579198,0.00495797,0.00205525,0.00138053,0.00100902,0.000836122,0.000693425
10664,6.527739,5.029727999999999,1.56235,0.112995,0.00969358,0.0040252,0.00270378,0.00197618,0.00163756,0.00135808
10665,6.096862,7.121087,1.56264,0.558967,0.0447854,0.0185961,0.0124913,0.00912979,0.00756541,0.00627425
10666,5.619739,6.9446739999999965,1.56283,0.332459,0.0288179,0.00855865,0.00566607,0.00413567,0.00342662,0.00284174
10675,5.030536,4.937164999999997,1.56369,0.100752,0.00861578,0.00357728,0.00240291,0.00175627,0.00145533,0.00120696
10676,5.023542,4.943360000000001,1.56369,0.0588438,0.00919826,0.00525821,0.00331594,0.00207278,0.00151314,0.00109487
10677,5.702264,6.614211000000005,1.5639,0.177017,0.0147215,0.00611301,0.00410619,0.00300119,0.00248694,0.0020625
10678,5.696383,6.617905000000007,1.5639,0.174259,0.0144861,0.00598302,0.0040183,0.0029369,0.00243366,0.00201832
10679,5.748419,6.583495000000001,1.56393,0.150554,0.0125524,0.00518965,0.00348583,0.00254777,0.00211121,0.0017509
10681,4.999235,5.108328999999996,1.56448,0.0636365,0.00584956,0.00231793,0.00153297,0.00111488,0.000922781,0.000764918
10682,5.004507000000001,5.105763000000002,1.56448,0.12512,0.0105753,0.00435255,0.00292235,0.00213579,0.00176981,0.00146776
10683,5.0083,5.104689000000005,1.56448,0.0868007,0.00744181,0.00308963,0.00207535,0.00151686,0.00125695,0.00104243
10684,5.006286,5.106052,1.56448,0.149937,0.0127294,0.00522371,0.00350826,0.00256414,0.00212478,0.00176215
10685,5.00387,5.1066090000000015,1.56448,4.20797,0.340662,0.139978,0.094007,0.0687082,0.056935,0.0472181
10687,5.313699,7.005664000000001,1.56463,7.31923,0.61058,0.253072,0.16999,0.124244,0.102955,0.0853841
10689,4.981326,5.740465999999997,1.56545,0.152198,0.00473565,0.00193332,0.00129857,0.000949117,0.000786486,0.000652259
10690,5.500559,5.161266999999994,1.56595,0.206537,0.0184185,0.00762908,0.00506332,0.00366637,0.00302495,0.00250075
10692,5.389092,5.675698000000002,1.5665,0.332663,0.0852956,0.0702855,0.0498303,0.0324933,0.0234579,0.0161478
10693,5.38573,5.676651000000005,1.5665,0.097749,0.00840451,0.00348746,0.00234251,0.00171212,0.00141875,0.00117661
10694,5.381781,5.677806000000005,1.5665,0.0625184,0.00541158,0.00222136,0.00148958,0.00108824,0.000901685,0.000747767
10695,5.067043,5.8015959999999955,1.56674,0.099316,0.00849773,0.00352789,0.00236973,0.00173202,0.00143524,0.00119029
10696,5.62683,6.7585809999999995,1.56721,0.253898,0.021189,0.00874999,0.00587723,0.00429562,0.00355957,0.00295207
10697,5.624397,6.756655000000005,1.56721,0.0657112,0.00556704,0.00231164,0.00155276,0.0011349,0.000940438,0.000779937
10698,7.025559,4.832027999999996,1.56728,0.15687,0.0136854,0.00550167,0.00369094,0.00269738,0.00223517,0.0018537
10699,7.01561,4.8365830000000045,1.56728,0.134254,0.0108885,0.00451516,0.00303289,0.00221672,0.00183689,0.00152339
10700,7.0219320000000005,4.836846000000001,1.56728,0.070273,0.0061426,0.00251884,0.00168717,0.0012322,0.0010209,0.000846614
10705,5.940012,6.776211999999995,1.5675,0.242163,0.0187832,0.00771078,0.00517895,0.00378525,0.00313665,0.00260133
10706,6.730804000000001,5.417416999999997,1.56753,2.28828,0.196983,0.0817761,0.05493,0.040148,0.0332687,0.0275908
10707,6.625466,5.337058999999998,1.56759,4.84696,3.00463,4.62586,4.52464,3.87799,3.31031,2.68108
10710,6.099477,6.900495000000001,1.56804,0.141481,0.0118278,0.00462786,0.00309544,0.00226086,0.00187327,0.00155351
10712,5.622492,6.670499000000006,1.56863,0.849583,0.0985748,0.0516655,0.0342464,0.0230756,0.0178,0.0136333
10713,6.630031,5.306671999999996,1.569,0.657785,0.0527225,0.0218921,0.0147052,0.0107479,0.00890629,0.00738629
10716,6.78088,5.3384199999999975,1.57025,0.103694,0.00889472,0.00369346,0.00248095,0.00181331,0.0015026,0.00124616
10717,6.601077,5.215962999999998,1.57078,0.250835,0.0218255,0.00893715,0.00599884,0.00438419,0.00363293,0.00301291
10718,6.602015,5.210269000000002,1.57078,0.0700456,0.00606976,0.00244137,0.00163443,0.00119377,0.000989099,0.000820256
10719,5.029744,5.577447999999994,1.57091,0.24997,0.0204712,0.00839582,0.00563666,0.00411952,0.00341361,0.00283102
10720,4.893927,5.171807000000004,1.57095,58.5216,4.42305,1.83445,1.23222,0.900623,0.746301,0.618933
10721,4.8940090000000005,5.171434999999996,1.57095,0.147322,0.0125817,0.0052224,0.00350796,0.00256394,0.00212461,0.00176201
10723,5.792157,6.767485999999995,1.57138,0.459362,0.0319585,0.0132687,0.00891276,0.00651428,0.00539806,0.00447679
10724,5.791289,6.766870000000002,1.57138,1.41206,0.121471,0.0504402,0.0338814,0.0247637,0.0205204,0.0170183
10725,5.147641,5.860567999999999,1.57139,0.521807,0.04462,0.0185282,0.0124456,0.00909643,0.00753776,0.00625132
10726,4.853583,5.873257999999998,1.57141,0.0794441,0.00680074,0.00282287,0.00189616,0.00138589,0.00114842,0.000952424
10727,4.856097,5.873481999999994,1.57141,0.262543,0.0240414,0.00914613,0.00611285,0.00446538,0.00370005,0.00306854
10728,4.915847,5.910657999999995,1.57168,0.0553776,0.0047373,0.00196656,0.00132097,0.000965487,0.000800052,0.00066351
10731,7.0777,5.127485000000004,1.57264,0.0635245,0.00544259,0.0022584,0.00151699,0.00110876,0.000918775,0.000761972
10732,7.082608,5.123653999999995,1.57264,0.200027,0.130044,0.0954297,0.0588476,0.0334465,0.0219982,0.013703
10733,7.101309,6.970680999999995,1.57265,0.24684,0.0211488,0.00878188,0.00589892,0.00431148,0.00357271,0.00296297
10734,5.808647,4.928911999999997,1.57278,0.0818592,0.00775604,0.00274724,0.0018086,0.00131633,0.00108997,0.00090371
10735,5.812809,4.9273379999999944,1.57278,1.14065,0.0886028,0.0362428,0.0243377,0.0177878,0.0147399,0.0122243
10736,5.812302,4.935123000000002,1.57278,2.21853,0.18153,0.0752267,0.0505303,0.0369323,0.0306039,0.0253809
10738,4.943691,5.15928,1.57364,0.339544,0.0263861,0.0109562,0.00735942,0.00537895,0.00445727,0.00369656
10741,4.996111,4.85081,1.57436,0.386188,0.0332325,0.0137143,0.00921005,0.00673143,0.00557799,0.00462602
10742,5.784372,5.009851000000003,1.57442,0.401844,0.0219381,0.00876423,0.00588247,0.00429917,0.00356249,0.00295449
10743,5.77985,5.007151,1.57442,0.304954,0.0352656,0.0131969,0.00806771,0.00554026,0.00446881,0.00363717
10744,5.785965,5.009443999999996,1.57442,0.0746153,0.0234214,0.042541,0.0482691,0.047222,0.043854,0.0387493
10745,5.783061,5.002611000000001,1.57442,0.0985093,0.00841435,0.00349386,0.00234688,0.00171532,0.0014214,0.00117881
10746,5.145485,6.655395000000003,1.57448,0.123224,0.0112606,0.0043959,0.00292902,0.00213757,0.00177089,0.00146855
10747,5.140191,6.656161999999995,1.57448,0.141092,0.0120739,0.00500165,0.00335965,0.00245555,0.00203479,0.00168752
10748,5.153748000000001,6.658334999999999,1.57448,10.2782,0.883225,0.366754,0.246354,0.180058,0.149205,0.123741
10752,6.683212000000001,5.103170000000004,1.57504,0.266524,0.0223145,0.00913826,0.00613312,0.00448204,0.00371397,0.0030801
10753,5.837487,4.965165,1.57681,0.0650129,0.00559114,0.0023165,0.00155595,0.00113723,0.000942364,0.000781534
10754,5.837563,4.963888000000002,1.57681,0.0641575,0.00539618,0.00224,0.00150464,0.00109973,0.000911293,0.000755766
10755,5.631556,5.4716689999999994,1.57815,0.408257,0.0324084,0.0134433,0.00903002,0.00659998,0.00546908,0.00453569
10756,5.294767,5.931941000000004,1.57961,0.103569,0.00854457,0.00354727,0.00238275,0.00174154,0.00144313,0.00119683
10757,5.298134,5.936028999999998,1.57961,0.54024,0.0555491,0.0185748,0.0122553,0.00893647,0.00740331,0.00613944
10758,6.841591,4.8393939999999995,1.58038,3.4542,0.300979,0.123198,0.0826402,0.0603876,0.0500387,0.0414984
10762,6.169079,5.960619999999994,1.58072,0.11486,0.00988524,0.00410474,0.00275721,0.00201523,0.00166992,0.00138492
10763,6.168111,5.956104,1.58072,8.38579,0.824192,0.296728,0.191656,0.138066,0.113936,0.0942886
10765,5.13519,6.171144999999996,1.58077,0.0944229,0.00812181,0.00337182,0.00226488,0.00165539,0.00137174,0.00113763
10766,5.132259,6.178837999999995,1.58077,0.106052,0.00915365,0.00377892,0.00253794,0.00185495,0.0015371,0.00127477
10768,5.831046,6.7072560000000045,1.58128,0.542285,0.0464239,0.0192771,0.0129487,0.00946412,0.00784245,0.006504
10769,5.844329,6.715387999999997,1.58128,2.7173,0.230237,0.0955971,0.0642139,0.0469335,0.0388915,0.032254
10770,5.843868,6.7088299999999945,1.58128,0.228345,0.0203231,0.00822456,0.00548136,0.00399537,0.00330841,0.00274286
10773,5.694994,4.833745000000004,1.58142,1.0866,0.0897919,0.0372362,0.025012,0.0182811,0.0151486,0.0125633
10774,5.692961,4.8353999999999955,1.58142,1.85784,0.154277,0.063888,0.0429143,0.0313658,0.0259913,0.0215554
10775,5.07906,5.351157000000006,1.58152,0.0836148,0.00715802,0.00297097,0.00199564,0.0014586,0.00120867,0.00100239
10776,5.109693000000001,5.368500999999998,1.58169,0.121384,0.00950816,0.00392131,0.00263364,0.00192488,0.00159505,0.00132283
10777,5.537158,6.776968999999998,1.58172,0.091373,0.00770345,0.00315996,0.00212192,0.00155085,0.00128511,0.00106579
10778,5.536345,6.768091999999998,1.58172,0.445814,0.0373178,0.0154957,0.0104087,0.00760765,0.00630409,0.00522819
10779,5.535245,6.765487000000004,1.58172,0.201729,0.0131193,0.00544384,0.0036567,0.00267266,0.0022147,0.00183673
10783,5.277403,5.4670479999999975,1.58307,0.108208,0.00906326,0.00376345,0.00252797,0.00184767,0.00153108,0.00126977
10784,5.930021,5.046857000000006,1.58403,0.057749,0.0106416,0.00229818,0.00122429,0.000826724,0.000672252,0.000552981
10785,5.924745,5.049341000000006,1.58403,0.260496,0.0221809,0.00920994,0.00618645,0.00452164,0.00374686,0.0031074
10786,5.045051,5.319303000000005,1.58465,0.807286,0.0685215,0.0284483,0.0191091,0.0139667,0.0115736,0.00959834
10788,4.900632000000001,5.393480999999994,1.58547,0.207392,0.0185765,0.00732746,0.00487469,0.00355293,0.00294221,0.00243937
10790,4.801387000000001,5.910770999999997,1.58693,0.176537,0.0151403,0.00628675,0.0042229,0.00308649,0.00255762,0.00212112
10795,6.862754,6.350694999999999,1.58759,0.0590144,0.0399131,0.0846402,0.0966584,0.0937165,0.0861463,0.0750934
10796,6.696668,6.778187000000004,1.58763,0.659616,0.0567823,0.0235727,0.0158341,0.011573,0.00958999,0.0079533
10799,5.151938,5.394015999999997,1.58808,0.774645,0.0704177,0.0268317,0.0178045,0.0129758,0.0107464,0.00891036
10802,5.690026,4.9390179999999955,1.58914,1.26583,0.107312,0.044559,0.0299309,0.0218763,0.0181278,0.015034
10803,5.689366,4.9385270000000006,1.58914,0.117644,0.00991463,0.0041151,0.00276417,0.00202031,0.00167414,0.00138842
10804,6.109709,6.0405159999999976,1.58932,0.07995,0.00682441,0.00282469,0.00189707,0.00138652,0.00114894,0.000952852
10805,6.111848,6.038362999999996,1.58932,0.218345,0.018526,0.00745856,0.00500768,0.00366,0.00303285,0.00251525
10806,6.98264,6.731097,1.58969,0.162162,0.0139285,0.00577965,0.00388226,0.00283752,0.00235131,0.00195002
10807,4.829837,5.905264999999994,1.58985,0.0538091,0.00462362,0.00191992,0.00128964,0.000942589,0.000781077,0.000647773
10808,4.833283,5.904364999999997,1.58985,0.304338,0.0261777,0.010861,0.00729536,0.00533213,0.00441847,0.00366439
10809,5.398502,4.869467999999998,1.59008,0.0851463,0.0071499,0.00296776,0.00199348,0.00145702,0.00120736,0.00100131
10810,6.994652,6.7472780000000006,1.5903,0.0670168,0.00569452,0.00236461,0.00158835,0.00116091,0.00096199,0.000797811
10811,7.00079,6.739740000000003,1.5903,0.678811,0.057431,0.0238223,0.0160017,0.0116956,0.00969153,0.00803751
10812,5.150009,5.615910000000005,1.59092,0.139224,0.0119844,0.00497624,0.00334261,0.00244309,0.00202447,0.00167896
10814,4.92628,6.748743999999995,1.59153,0.361519,0.031728,0.0130612,0.00871939,0.00635536,0.00526202,0.00436213
10815,4.815446000000001,4.905296,1.59175,0.0705975,0.00676093,0.00256384,0.00167559,0.00121246,0.00100192,0.000829779
10816,4.818833,4.902777000000001,1.59175,0.0628521,0.00541818,0.00224597,0.00150855,0.00110258,0.000913655,0.000757725
10817,6.560951000000001,5.0012160000000065,1.59237,2.35062,0.201844,0.0833148,0.0559534,0.0408953,0.0338879,0.0281044
10818,7.046986,6.586370999999999,1.59278,1.731,0.161053,0.0635659,0.0418384,0.0303602,0.0251126,0.0208098
10823,4.863488,6.432364999999995,1.59322,0.134931,0.0119071,0.00480146,0.00321016,0.00234357,0.00194154,0.00161004
10824,4.991777,5.85756,1.59322,0.0509343,0.00464908,0.00182357,0.0012054,0.000875646,0.000724301,0.000600114
10826,7.051458,6.584915999999996,1.59382,0.0863437,0.0180998,0.0114045,0.00724708,0.00444247,0.00315337,0.00218585
10827,7.050957,6.584333000000006,1.59382,0.0725178,0.00605796,0.00251551,0.00168971,0.001235,0.00102338,0.000848723
10832,7.033377,6.574265999999996,1.59466,0.0759009,0.00646972,0.0026865,0.00180456,0.00131894,0.00109294,0.000906415
10837,7.052109,6.5860920000000025,1.59525,0.0840813,0.00720266,0.00299073,0.00200891,0.0014683,0.00121671,0.00100906
10838,6.852736,6.781254999999999,1.5953,0.312517,0.0262909,0.0108942,0.00731737,0.00534819,0.00443177,0.00367542
10839,6.852318,6.7862560000000025,1.5953,0.135007,0.0115582,0.0047994,0.00322382,0.00235627,0.00195253,0.0016193
10841,5.122416,5.730236999999995,1.59574,0.128365,0.0109625,0.00440464,0.00295347,0.00215818,0.00178833,0.00148311
10842,5.117587,5.731105000000006,1.59574,0.0967826,0.00827164,0.00340963,0.00229012,0.00167383,0.00138702,0.0011503
10846,6.318768,5.652718000000002,1.59653,0.0816365,0.00680105,0.00282379,0.00189678,0.00138635,0.0011488,0.000952736
10847,5.112323,4.860914000000004,1.59677,30.5781,2.17078,0.900308,0.60475,0.442007,0.36627,0.30376
10848,5.113178,4.860905999999997,1.59677,0.0507681,0.00388892,0.00145217,0.000972556,0.000710663,0.00058888,0.000488377
10849,4.918941,5.622251000000001,1.59692,0.0676453,0.00783503,0.00360529,0.00225385,0.00149573,0.00116552,0.000914499
10850,5.444756,7.074163999999994,1.59723,0.0650087,0.00547644,0.00227405,0.00152752,0.00111645,0.000925148,0.000767256
10852,7.185514999999999,6.487800000000006,1.59748,0.404717,0.0346993,0.0144061,0.00967675,0.00707267,0.00586078,0.00486054
10853,4.829637,5.001493999999998,1.59779,0.36045,0.0310339,0.0128684,0.00864368,0.0063176,0.00523508,0.00434163
10856,5.36181,5.639862999999998,1.59802,1.34236,0.114446,0.0475228,0.0319217,0.0233314,0.0193336,0.016034
10857,6.173107,7.127479999999999,1.59835,0.915338,0.0760621,0.0315808,0.0212132,0.0155046,0.0128479,0.0106552
10858,5.041367,4.913607000000001,1.59836,0.13027,0.00985737,0.00403487,0.00271,0.00198072,0.00164132,0.0013612
10859,5.093396,4.896002000000006,1.59837,0.735634,0.06329,0.0262764,0.0176502,0.0129004,0.0106899,0.00886553
10860,6.433668,6.925686000000004,1.59864,0.0857924,0.00733767,0.00304485,0.00204526,0.00149487,0.00123872,0.00102732
10861,5.418162,7.053201999999996,1.59892,0.0742604,0.00609859,0.00253231,0.00170099,0.00124324,0.00103021,0.000854391
10863,5.717553,7.040459000000003,1.59947,3.1171,0.360265,0.124427,0.0766412,0.0538924,0.0441217,0.0363537
10864,5.720528,7.0335209999999995,1.59947,0.0751542,0.00543167,0.00216713,0.001455,0.00106342,0.000881204,0.000730812
10867,5.671441,5.668813999999996,1.6003,0.0656189,0.00564357,0.00234248,0.00157347,0.00115004,0.000952983,0.000790341
10868,5.669551,5.666647000000002,1.6003,0.425375,0.0355617,0.0147665,0.00991886,0.00724963,0.00600741,0.00498215
10869,5.671464,5.667179999999998,1.6003,0.075437,0.0064574,0.00268093,0.00180082,0.00131621,0.00109068,0.000904536
10870,5.674862,5.670038000000001,1.6003,0.488051,0.224326,0.186429,0.131125,0.0852246,0.0613719,0.0419848
10871,7.163547,6.629108000000005,1.60032,0.0609099,0.00519935,0.00215824,0.00144972,0.00105959,0.000878031,0.000728181
10872,7.162222,6.623412000000001,1.60032,0.095681,0.00892151,0.00352555,0.00231373,0.0016725,0.0013807,0.00114254
10873,7.1662490000000005,6.628117999999996,1.60032,0.0707623,0.00568845,0.00232119,0.00155892,0.00113939,0.00094416,0.000783023
10874,6.966106,5.247053999999997,1.60093,2.11977,0.185198,0.0755781,0.0507151,0.0370632,0.0307121,0.0254705
10875,6.954249,5.241001999999997,1.60093,0.0657052,0.00564949,0.00234545,0.00157547,0.0011515,0.000954193,0.000791345
10876,7.19452,6.324962000000004,1.60134,0.0920836,0.0077185,0.00319982,0.00214935,0.00157095,0.00130177,0.0010796
10877,7.197932,6.321671999999997,1.60134,0.154567,0.0132739,0.00551189,0.00370242,0.00270607,0.00224239,0.00185969
10880,5.126223,5.849279000000004,1.6017,0.35831,0.0305808,0.0126939,0.00852665,0.00623207,0.00516421,0.00428285
10881,6.686276,6.592756999999995,1.60206,0.0595896,0.00515866,0.00212659,0.00142707,0.0010428,0.00086408,0.000716599
10882,6.682578,6.595787999999995,1.60206,0.0686587,0.00583827,0.00242409,0.0016283,0.00119011,0.000986186,0.000817877
10883,6.687290000000001,6.588560000000003,1.60206,0.0567132,0.00475067,0.0019706,0.00132366,0.000967457,0.000801684,0.000664864
10885,4.845111,5.965226000000001,1.60242,0.118353,0.010409,0.0042366,0.00283803,0.00207324,0.00171786,0.00142465
10886,4.8465,5.966768999999995,1.60242,5.28884,0.452863,0.188036,0.126306,0.0923166,0.0764982,0.0634425
10887,6.711461,6.596755999999994,1.60245,0.179749,0.0134493,0.0055836,0.00375058,0.00274128,0.00227156,0.00188388
10888,5.631725,5.629841000000001,1.60273,4.07276,0.35071,0.145617,0.0978129,0.0714908,0.0592409,0.0491305
10889,5.110293,5.816222000000004,1.60366,0.126978,0.00854894,0.00350732,0.00235555,0.00172164,0.00142664,0.00118316
10892,7.130455,5.333136999999999,1.60592,0.0754275,0.00644944,0.00267809,0.00179891,0.00131481,0.00108952,0.000903575
10894,6.677516,6.795783000000002,1.60649,0.0576056,0.0047701,0.00197476,0.00132646,0.000969501,0.000803378,0.000666268
10895,5.040264,6.1990920000000065,1.60654,0.21094,0.0177222,0.00727702,0.00488561,0.00357063,0.00295878,0.00245381
10896,5.046764,5.929672000000001,1.60672,0.659926,0.0565727,0.02349,0.0157786,0.0115324,0.00955637,0.00792542
10897,5.904369,7.0152059999999965,1.60701,0.0513201,0.00438305,0.0018122,0.00121718,0.000889626,0.000737189,0.000611376
10898,5.602042,5.628726999999998,1.60719,0.0717,0.00650678,0.00255981,0.00169668,0.00123454,0.0010218,0.00084693
10899,6.417510000000001,6.890887,1.60728,0.0545683,0.00468969,0.00194483,0.00130635,0.000954802,0.000791197,0.000656167
10900,6.420581,6.888712,1.60728,0.0547167,0.00468026,0.00194344,0.00130543,0.000954133,0.000790643,0.000655707
10901,5.019988,5.9383890000000035,1.60758,0.0607816,0.00521008,0.00209829,0.00140785,0.00102888,0.00085257,0.000707063
10902,5.011098,5.945191999999995,1.60758,0.113781,0.00976734,0.00405575,0.0027243,0.00199118,0.00164999,0.00136839
10903,5.015984,5.942411000000003,1.60758,0.0577227,0.00496019,0.0020585,0.00138271,0.00101061,0.000837446,0.000694522
10906,6.414638,7.136149999999994,1.60964,2.07401,0.161288,0.0669381,0.0449633,0.0328634,0.0272322,0.0225846
10907,6.08407,5.400977000000003,1.60969,0.383874,0.0324461,0.013473,0.00905001,0.00661459,0.00548119,0.00454573
10908,5.065725,5.484656000000004,1.61028,0.0896078,0.00712761,0.00294813,0.00198029,0.00144738,0.00119937,0.000994679
10911,7.197692,4.896471999999994,1.61133,0.0949697,0.00805649,0.00334379,0.00224607,0.00164164,0.00136034,0.00112818
10912,5.760451,6.4454989999999945,1.61144,3.50093,0.333565,0.123866,0.0814243,0.0591629,0.0489627,0.0405848
10913,5.763595,6.435534000000007,1.61144,6.81753,0.589603,0.242515,0.162709,0.118891,0.0985138,0.0816992
10914,6.16942,5.7237439999999955,1.61146,0.0672365,0.00575205,0.0023855,0.00160234,0.00117113,0.000970461,0.000804836
10915,6.037243,7.053221999999999,1.61146,0.059652,0.020286,0.00779419,0.00352482,0.00174858,0.00117644,0.00083309
10916,5.413291,6.492896999999996,1.61173,0.308041,0.0249495,0.0103592,0.00695842,0.00508586,0.0042144,0.00349515
10917,5.378994,5.805944,1.61179,0.290157,0.0246508,0.0102207,0.00686523,0.00501774,0.00415796,0.00344833
10918,5.378647,5.8144949999999955,1.61179,3.62064,0.310314,0.128856,0.0865541,0.0632619,0.052422,0.0434753
10919,5.90181,5.080216999999995,1.61185,0.131692,0.0113286,0.00470377,0.00315959,0.00230932,0.00191362,0.00158703
10920,6.82013,7.092909000000006,1.6121,0.0695381,0.00552091,0.00228128,0.00153225,0.00111991,0.000928011,0.000769631
10921,6.823576,7.097818000000002,1.6121,33.2875,2.8561,1.18547,0.796291,0.582004,0.482278,0.399969
10922,6.047176,5.585967000000003,1.61218,0.0527667,0.00452099,0.0018773,0.00126101,0.000921661,0.000763735,0.000633391
10925,6.80434,6.783219000000003,1.61373,0.0559397,0.00506232,0.00206412,0.00136491,0.000987904,0.000815299,0.000674275
10930,5.711231,5.585635000000001,1.61599,0.588884,0.0504674,0.0208977,0.0140365,0.0102592,0.00850126,0.00705038
10931,5.716857,5.585620999999996,1.61599,0.404644,0.0347678,0.0144371,0.00969759,0.00708791,0.0058734,0.00487101
10932,4.90851,5.084440000000002,1.61603,0.0606639,0.00511889,0.00212545,0.0014277,0.00104349,0.000864693,0.000717119
10933,4.912132,5.074533000000001,1.61603,0.210998,0.0180015,0.00747499,0.00502106,0.00366986,0.00304103,0.00252203
10934,5.398354,6.4447070000000055,1.61634,0.143756,0.0122153,0.0050713,0.00340647,0.00248976,0.00206314,0.00171103
10935,5.040445,5.398284000000004,1.61641,0.234778,0.0201702,0.00837424,0.0056251,0.00411135,0.00340687,0.00282543
10940,5.474086,5.959609000000004,1.61697,0.160553,0.0161765,0.00608591,0.00391569,0.00281762,0.00232562,0.0019253
10941,5.468213,5.957058999999997,1.61697,0.281326,0.0235432,0.00973997,0.00654224,0.00478167,0.00396234,0.0032861
10942,5.466834,5.956584999999993,1.61697,0.254993,0.0230203,0.00904844,0.00601987,0.00438878,0.00363481,0.00301381
10946,4.985793,5.306941000000004,1.61825,0.0676449,0.00576757,0.0023546,0.00158098,0.00115549,0.000957497,0.000794084
10947,4.988951,5.308553000000004,1.61825,0.161615,0.0137486,0.00570884,0.00383471,0.00280277,0.00232251,0.00192614
10956,6.723788,7.057310999999997,1.62012,0.188936,0.0160722,0.0065577,0.00440149,0.00321673,0.00266552,0.0022106
10957,6.715536,7.055282000000002,1.62012,0.0888391,0.00714259,0.00290294,0.00194906,0.00142451,0.00118042,0.000978959
10958,6.713017,7.059932000000004,1.62012,0.103552,0.00889406,0.00369318,0.00248076,0.00181317,0.00150249,0.00124606
10959,6.799177,7.184046000000005,1.62036,0.151138,0.0129158,0.00536149,0.00360139,0.00263223,0.0021812,0.00180894
10960,5.621229,6.5271769999999965,1.62038,0.0749268,0.0062263,0.0025853,0.00173658,0.00126926,0.00105177,0.00087227
10961,5.835659,5.172351000000005,1.6207,0.0659039,0.00566485,0.0023518,0.00157973,0.00115462,0.000956775,0.000793486
10962,5.840642,5.174265000000004,1.6207,0.0972661,0.00818922,0.00340042,0.00228411,0.00166944,0.00138338,0.00114729
10963,6.722751000000001,7.184696000000005,1.62084,0.0854152,0.00721584,0.00299498,0.00201177,0.00147039,0.00121844,0.00101049
10966,7.010361,6.630089999999995,1.62205,0.189332,0.0162562,0.00675004,0.0045341,0.00331394,0.0027461,0.00227744
10968,6.990237,6.424363999999999,1.62216,0.0854369,0.00710277,0.00292049,0.00196114,0.00143334,0.00118774,0.000985029
10969,6.99979,6.425864000000002,1.62216,0.0638492,0.00538401,0.00219392,0.00147208,0.00107575,0.000891404,0.000739266
10970,7.002088,6.424089999999997,1.62216,0.504954,0.0440003,0.0180348,0.0120998,0.00884208,0.00732683,0.00607635
10972,5.511856,5.947051999999996,1.62261,0.361528,0.07165,0.0282906,0.0149292,0.00870851,0.00639927,0.00483007
10973,5.870441,5.784870000000004,1.62284,3.2159,0.274437,0.113742,0.0763951,0.055836,0.0462684,0.038372
10974,5.872783,5.784964000000007,1.62284,0.178733,0.0142036,0.00589792,0.00396172,0.0028956,0.00239944,0.00198993
10977,6.316686,7.193128,1.62328,0.830321,0.0711384,0.0295154,0.0198259,0.0144906,0.0120076,0.00995834
10978,5.653897,5.852767999999996,1.62332,0.152242,0.0126146,0.00517199,0.00347357,0.00253879,0.00210377,0.00174473
10979,5.387232,6.003857000000005,1.62346,0.0513459,0.00436938,0.00181426,0.00121866,0.000890714,0.00073809,0.000612123
10980,5.385191,6.004545000000003,1.62346,7.01586,0.532066,0.220498,0.148112,0.108254,0.0897045,0.074395
10982,5.34442,5.892124000000004,1.62488,0.348141,0.0298925,0.0124126,0.00833775,0.00609401,0.0050498,0.00418797
10983,5.346905,5.8976040000000065,1.62488,0.297644,0.0255362,0.010603,0.00712222,0.00520558,0.00431361,0.00357742
10984,5.467655,5.948308000000001,1.62499,0.129721,0.0112322,0.00457097,0.00306849,0.00224263,0.00185835,0.00154119
10985,5.468917,5.946443999999996,1.62499,10.5699,0.902987,0.374554,0.251591,0.183886,0.152378,0.126372
10986,5.280902,5.625971000000003,1.62547,0.100815,0.00850997,0.00353348,0.00237349,0.00173477,0.00143752,0.00119218
10991,5.048988,4.979648999999994,1.62811,0.264992,0.0226181,0.00937792,0.0062992,0.00460405,0.00381514,0.00316403
10993,5.835215,5.449952000000006,1.62922,0.651169,0.0528619,0.0219505,0.0147445,0.0107767,0.00893008,0.00740602
10994,5.031041,5.693507000000002,1.62989,0.0589423,0.00793049,0.00319922,0.00183105,0.00117859,0.000922334,0.000735738
10995,5.032014,5.689901000000005,1.62989,0.056438,0.00559088,0.00207185,0.00134497,0.000971647,0.000802768,0.000664844
10996,5.034178,5.6913200000000055,1.62989,0.239732,0.0202793,0.00836563,0.00561906,0.00410693,0.00340321,0.00282239
10997,6.23549,5.879758000000001,1.63101,0.0635503,0.00546993,0.00226937,0.00152434,0.00111413,0.000923224,0.000765661
10998,6.984299,6.840296999999998,1.63101,0.0565633,0.00965658,0.00398764,0.00213376,0.00127175,0.00095311,0.000735252
10999,5.97939,5.453247000000006,1.63106,32.5412,2.79761,1.13865,0.76456,0.5588,0.46305,0.384023
11001,6.263087,6.744782000000003,1.63175,0.17024,0.0140939,0.00585188,0.00393079,0.00287299,0.00238071,0.0019744
11002,5.885639,5.409784999999997,1.63189,0.428608,0.0363584,0.0150975,0.0101412,0.00741216,0.00614209,0.00509385
11003,5.886698,5.402930000000003,1.63189,0.0702856,0.00597059,0.00247844,0.0016648,0.00121679,0.0010083,0.000836215
11005,5.820138,5.344146999999997,1.63317,0.0666461,0.00573994,0.00238182,0.00159987,0.00116933,0.000968967,0.000803597
11008,6.338936000000001,7.166298000000005,1.63431,0.223808,0.018812,0.00780665,0.00524383,0.00383268,0.00317595,0.00263393
11009,6.331851,7.1614529999999945,1.63431,0.119804,0.0127187,0.00455916,0.00288083,0.00204863,0.00168257,0.00138842
11010,5.745772,5.757145000000007,1.63432,0.0771318,0.00694215,0.00283145,0.00187585,0.00135973,0.00112295,0.000929187
11011,6.253438,6.765506000000002,1.63467,0.0537741,0.00459304,0.00190647,0.0012806,0.00093598,0.0007756,0.000643231
11012,6.248193,6.772942000000003,1.63467,0.0886936,0.00735807,0.00305348,0.00205106,0.00149911,0.00124224,0.00103023
11013,6.058915,5.9419670000000036,1.63473,0.0537459,0.00450441,0.00187038,0.00125636,0.000918264,0.00076092,0.000631057
11014,6.06101,5.9370660000000015,1.63473,0.0823797,0.00767325,0.00303486,0.00199282,0.00144139,0.00119031,0.00098523
11015,6.057901,5.945213000000002,1.63473,0.0218864,0.0268079,0.0671977,0.0827391,0.0855882,0.0820151,0.074676
11016,6.849961,5.049148000000007,1.6348,1.32692,0.113665,0.0471987,0.031704,0.0231723,0.0192017,0.0159246
11018,6.243196,5.340808,1.63527,0.397866,0.034253,0.0142231,0.00955389,0.00698287,0.00578636,0.00479883
11019,5.030392,5.727636999999994,1.6357,0.207839,0.025973,0.00827036,0.00497038,0.00346341,0.00282848,0.00232766
11021,6.202869,6.751726000000006,1.63584,0.652669,0.0304081,0.0125646,0.00843966,0.00616849,0.00511152,0.00423916
11024,6.390707,4.9360500000000025,1.63627,0.0540828,0.00459988,0.00190693,0.00128088,0.000936189,0.000775773,0.000643375
11025,5.062975,5.751491000000003,1.63673,0.209137,0.0179169,0.00743886,0.00499678,0.00365211,0.00302633,0.00250984
11026,6.081711,5.074797000000001,1.63684,1.22958,0.106663,0.043539,0.0291688,0.0213039,0.0176505,0.0146371
11027,6.074235,5.0708839999999995,1.63684,0.0815539,0.00596783,0.0024767,0.00166363,0.00121594,0.00100759,0.000835627
11028,6.15902,6.187110999999998,1.6371,10.4333,0.896943,0.372445,0.250176,0.182852,0.151521,0.125661
11029,5.826638,4.803719999999996,1.63729,0.0794907,0.00679396,0.00272542,0.00182715,0.0013351,0.0011063,0.000917481
11030,5.823268,4.802402000000001,1.63729,5.63578,0.48133,0.199187,0.133775,0.0977732,0.0810196,0.0671923
11031,5.937012000000001,4.932026999999999,1.63772,0.463733,0.0173645,0.00720155,0.00483739,0.00353561,0.00292979,0.00242977
11032,6.2479,6.742508999999997,1.63778,0.0549373,0.0046949,0.00193799,0.00130169,0.000951394,0.000788374,0.000653825
11035,5.721515,5.885068000000005,1.63916,0.0820859,0.00700831,0.00290977,0.00195453,0.00142856,0.00118377,0.000981744
11036,6.030807,5.714393000000005,1.63934,0.405995,0.0350501,0.0143356,0.00962524,0.00703479,0.00582937,0.00483449
11037,6.030298,5.7126160000000015,1.63934,0.0671299,0.00550103,0.00227545,0.00152837,0.00111707,0.000925663,0.000767684
11039,5.347873,6.907018000000005,1.64007,0.108364,0.103184,0.0631838,0.0348489,0.0179704,0.011127,0.00653594
11040,5.352761,6.903513000000001,1.64007,0.0827607,0.00750803,0.00288505,0.00191639,0.001397,0.00115703,0.000959374
11044,7.072139000000001,6.414646999999999,1.6405,0.0503619,0.00430988,0.00178505,0.00119901,0.000876348,0.000726186,0.000602251
11045,7.075471,6.408317999999999,1.6405,0.990944,0.0973768,0.0373821,0.0241845,0.0174162,0.0143734,0.011897
11046,6.735157,5.261328000000001,1.64068,0.0548233,0.00464619,0.00192896,0.00129571,0.000947027,0.000784754,0.000650823
11047,6.738463,5.255361000000007,1.64068,0.260373,0.0202601,0.00840308,0.00564445,0.00412549,0.00341859,0.00283515
11048,4.907196,5.739972000000003,1.64103,0.0783055,0.0065523,0.00272054,0.00182742,0.00133565,0.00110679,0.000917898
11049,5.894122,5.429780000000001,1.64143,0.0976461,0.0100486,0.00350172,0.00229561,0.00167046,0.00138334,0.00114703
11050,5.890908,5.428423999999995,1.64143,0.111631,0.00960752,0.00397519,0.00266999,0.00195147,0.00161709,0.0013411
11052,7.044927,6.409105999999998,1.64362,0.157175,0.0120083,0.00498012,0.0033452,0.00244498,0.00202604,0.00168026
11053,5.293819,6.470264999999997,1.64391,0.106589,0.00889097,0.00369192,0.00247991,0.00181255,0.00150197,0.00124564
11054,6.651171,7.015957000000002,1.64464,0.215787,0.0186205,0.00766828,0.00514535,0.00375971,0.00311531,0.00258357
11055,6.897705000000001,6.070955000000001,1.64551,0.083551,0.00712912,0.00296032,0.00198849,0.00145337,0.00120434,0.000998799
11056,6.687489,5.304946999999995,1.64597,0.159135,0.0134983,0.00560509,0.00376502,0.00275183,0.0022803,0.00189113
11057,6.777866,5.838387000000002,1.64652,0.0621133,0.00555908,0.00220714,0.00147662,0.00107861,0.00089372,0.000741178
11059,6.577361,5.636312000000003,1.64739,3.08025,0.264863,0.10988,0.0738073,0.0539453,0.0447018,0.0370727
11060,5.050881,7.185365999999995,1.64792,0.0536277,0.00460952,0.00191349,0.00128531,0.000939424,0.000778454,0.000645598
11061,4.804059,7.024787000000006,1.64985,0.112811,0.00967868,0.00401201,0.00269486,0.00196966,0.00163216,0.0013536
11062,4.802341,7.022805999999997,1.64985,0.0626861,0.00529233,0.0021895,0.00147069,0.00107492,0.000890732,0.000738714
11064,5.780341000000001,6.746983000000005,1.65133,0.0645872,0.00558211,0.00231186,0.00155166,0.00113378,0.000939433,0.000779075
11067,5.768323,6.734765,1.65204,0.332175,0.0281669,0.0116869,0.00785026,0.0057377,0.00475455,0.00394311
11068,5.623124,6.843002999999999,1.65223,0.0716214,0.00581752,0.00241567,0.00162264,0.00118598,0.000982763,0.000815038
11069,5.632169,6.848014999999995,1.65223,0.22902,0.0187308,0.00776006,0.00521235,0.00380967,0.00315688,0.00261811
11072,5.205902,5.609086000000007,1.6531,0.167817,0.0144292,0.00598836,0.00402246,0.00293999,0.00243622,0.00202044
11073,5.545244,6.5116480000000045,1.65323,0.0861182,0.00724134,0.00299573,0.00201209,0.00147061,0.00121862,0.00101064
11074,5.542655,6.497233000000003,1.65323,0.44309,0.0365771,0.0151584,0.0101821,0.00744203,0.00616684,0.00511437
11075,7.071884,5.835260999999995,1.65533,0.0651068,0.00539758,0.00224131,0.00150552,0.00110037,0.000911824,0.000756207
11076,7.055445,5.8351370000000005,1.65533,1.93268,0.170331,0.0682692,0.0456288,0.0333104,0.0275963,0.0228845
11080,5.631462,6.332491999999994,1.65675,0.177761,0.0135191,0.00561285,0.00377023,0.00275564,0.00228346,0.00189375
11084,5.991113000000001,7.037030999999998,1.65948,0.144376,0.0123184,0.00511515,0.00343592,0.00251129,0.00208098,0.00172583
11088,6.137452000000001,6.993158000000004,1.66036,0.0705356,0.00601488,0.00249762,0.00167769,0.00122621,0.0010161,0.000842687
11091,4.870564,4.881428,1.6614,0.153616,0.0119647,0.0048654,0.0032656,0.00238658,0.00197762,0.0016401
11092,4.872152000000001,4.87961,1.6614,0.578143,0.0497081,0.0206408,0.0138647,0.0101336,0.00839725,0.00696412
11093,5.86538,6.538322000000006,1.66147,0.126191,0.0107299,0.00445459,0.00299221,0.00218699,0.00181225,0.00150296
11094,6.029769,7.009458000000003,1.66236,1.68806,0.143627,0.0595967,0.0400318,0.029259,0.0242455,0.0201076
11098,5.690227,5.446378999999999,1.66422,1.61771,0.303467,0.22318,0.155905,0.102158,0.074685,0.0525928
11100,6.306455,5.386842000000002,1.66481,0.0868972,0.00748104,0.00309921,0.00208138,0.00152121,0.00126054,0.00104541
11101,6.307602000000001,5.3818290000000015,1.66481,0.11149,0.00954856,0.00396151,0.00266098,0.0019449,0.00161164,0.00133659
11102,4.886361,5.115365000000006,1.66524,0.148589,0.0119804,0.00494359,0.00332049,0.00242692,0.00201107,0.00166785
11107,6.66699,5.897571000000003,1.66846,0.389373,0.107875,0.045982,0.0243704,0.0135354,0.00936949,0.00654666
11108,6.668231,5.893994999999998,1.66846,0.230879,0.019399,0.00805457,0.00541037,0.00395441,0.00327682,0.00271758
11114,7.11259,6.782633999999994,1.67106,0.0597505,0.00490619,0.00198274,0.00133061,0.000972445,0.00080581,0.000668284
11115,6.81335,6.512002000000005,1.67176,0.952527,0.0816476,0.0339035,0.0227735,0.016645,0.0137929,0.0114389
11116,6.810358000000001,6.5149949999999945,1.67176,0.116757,0.0100543,0.00417382,0.00280359,0.00204913,0.00169801,0.00140822
11125,5.773647000000001,5.905573999999994,1.67461,1.96203,0.16478,0.0680918,0.0457313,0.0334242,0.0276969,0.02297
11126,5.77397,5.910222000000001,1.67461,0.309634,0.0269134,0.011083,0.00742822,0.00542509,0.00449459,0.00372714
11129,5.094241,4.959068000000001,1.67718,0.0678762,0.00569094,0.00235162,0.00157948,0.00115442,0.000956612,0.000793351
11131,7.070289,4.965147000000005,1.67815,0.95486,0.100619,0.0329437,0.0215076,0.0156415,0.0129521,0.0107392
11133,7.017581,4.999282999999997,1.67916,0.0848107,0.00722725,0.00299328,0.00201055,0.00146949,0.0012177,0.00100988
11135,5.015606,7.037522000000005,1.6804,0.166276,0.0139829,0.0057871,0.00388719,0.00284112,0.0023543,0.0019525
11139,5.87018,6.598914000000002,1.68083,0.0517412,0.00375093,0.00154738,0.00103938,0.000759679,0.000629509,0.000522073
11140,5.855955,6.604732000000006,1.68083,0.164569,0.0119817,0.00471449,0.00316176,0.00231056,0.00191462,0.00158785
11141,5.861937,6.603859000000001,1.68083,0.437683,0.0399916,0.0152965,0.0101725,0.0074201,0.0061466,0.005097
11159,4.931892,6.6769309999999935,1.68568,0.105394,0.013864,0.00433103,0.00259149,0.00181752,0.00149077,0.00123076
11160,6.477205,6.650907000000005,1.68588,0.0528095,0.00451736,0.00187264,0.00125782,0.000919329,0.000761802,0.000631788
11161,6.475008,6.6480999999999995,1.68588,0.0561713,0.00707549,0.00268912,0.00158314,0.00105861,0.000845723,0.000684988
11162,6.478706000000001,6.649330999999995,1.68588,0.138788,0.011861,0.00492519,0.00330832,0.00241803,0.0020037,0.00166174
11167,5.763107,5.668794000000005,1.68727,0.054232,0.00463514,0.00192471,0.00129286,0.00094494,0.000783025,0.000649389
11168,5.764178,5.675123999999998,1.68727,0.137261,0.0147297,0.00566906,0.0035324,0.00247289,0.00201694,0.00165687
11169,4.803532,6.883642999999995,1.68761,0.077373,0.00666533,0.00276683,0.0018585,0.00135837,0.00112561,0.000933507
11174,6.951408,6.019668000000005,1.69017,0.567245,0.0477676,0.0195738,0.0131442,0.00960679,0.00796066,0.00660204
11175,6.950218,6.020807000000005,1.69017,0.340755,0.0285546,0.0118571,0.00796458,0.00582126,0.00482379,0.00400053
11176,5.604959000000001,6.411836999999995,1.6905,0.185315,0.016332,0.00604374,0.00404084,0.00295212,0.00244619,0.00202869
11177,5.608838,6.4098239999999995,1.6905,31.7421,2.71889,1.12855,0.758059,0.55406,0.459122,0.380766
11178,4.859605,5.671729999999999,1.69079,0.0685564,0.00586946,0.0024369,0.0016369,0.0011964,0.000991398,0.0008222
11179,5.881975,6.003178000000005,1.6908,0.386473,0.0320828,0.0133211,0.00894795,0.00654,0.00541938,0.00449447
11184,6.199397,6.217912999999999,1.69405,0.172089,0.0145526,0.00604281,0.00405904,0.00296673,0.00245838,0.00203882
11185,5.346141,6.845251000000007,1.69444,0.24236,0.0208277,0.00852497,0.0057199,0.00417981,0.0034635,0.00287237
11186,5.331068,6.758611000000003,1.69452,0.0971743,0.00831033,0.00338965,0.00227629,0.0016637,0.00137863,0.00114334
11188,5.12706,6.965739999999999,1.69616,0.0845563,0.00727836,0.00302228,0.00203011,0.0014838,0.00122955,0.00101971
11189,5.546381,7.050573999999999,1.69626,0.683245,0.0581147,0.0241298,0.0162083,0.0118466,0.00981667,0.0081413
11193,5.759378,6.266312000000002,1.69747,0.137776,0.0117446,0.00465582,0.00312533,0.00228421,0.00189281,0.00156977
11194,5.760141000000001,6.267168999999994,1.69747,0.0661912,0.00538693,0.00222241,0.00149256,0.00109088,0.000903956,0.000749681
11195,5.759057,6.2637390000000055,1.69747,0.0538932,0.00457436,0.00189915,0.00127568,0.000932389,0.000772625,0.000640764
11196,7.186965,6.894060000000001,1.6975,0.071635,0.00581506,0.00241001,0.00161882,0.00118318,0.000980446,0.000813117
11197,5.126807,6.940290000000003,1.69818,0.0764049,0.00706984,0.00269052,0.0017916,0.00130764,0.00108337,0.000898431
11198,5.747715,5.611588000000001,1.69835,0.0861828,0.00723949,0.00300604,0.0020192,0.00147582,0.00122294,0.00101423
11199,5.750884,5.608484999999996,1.69835,0.300382,0.0267144,0.010525,0.00703369,0.00513625,0.00425558,0.00352914
11200,5.702178,5.643648000000002,1.69922,0.103366,0.00870159,0.00361327,0.00242709,0.00177394,0.00146998,0.0012191
11201,5.704221,5.647313999999994,1.69922,0.0838353,0.00699381,0.00272417,0.00182204,0.00133084,0.0011027,0.000914477
11202,5.698378,5.646300000000005,1.69922,0.0935503,0.00794667,0.00329893,0.00221594,0.00161961,0.00134209,0.00111304
11203,5.390655,6.4809829999999975,1.69959,0.18612,0.0160246,0.00665366,0.00446935,0.00326662,0.00270689,0.00224491
11205,5.330697,6.669263000000004,1.70001,0.311272,0.0260573,0.0108199,0.00726791,0.00531207,0.00440185,0.0036506
11206,5.338611,6.673239000000001,1.70001,0.141394,0.011971,0.00497009,0.00333848,0.00244008,0.00202197,0.00167689
11211,6.221516,6.345381999999996,1.70066,0.0646357,0.00554109,0.00230078,0.00154547,0.00112957,0.00093602,0.000776273
11212,4.800746,7.029262999999995,1.70067,0.240121,0.0206979,0.00858432,0.00576589,0.00421423,0.00349212,0.00289613
11214,4.897189,5.699356,1.70071,0.0782964,0.00671713,0.0027878,0.0018726,0.00136867,0.00113415,0.000940589
11215,6.601186,6.578313999999998,1.701,0.0521835,0.00446701,0.0018549,0.00124596,0.000910665,0.000754623,0.000625835
11216,6.4886870000000005,6.6312610000000065,1.70113,0.0595179,0.0052796,0.00214248,0.0014283,0.00104089,0.000861808,0.000714414
11217,6.4862660000000005,6.626488000000001,1.70113,1.15996,0.0970807,0.0402133,0.0270102,0.0197414,0.0163587,0.0135668
11218,6.487978,6.636483999999998,1.70113,0.0708537,0.00547748,0.00226842,0.00152372,0.00111368,0.00092285,0.000765351
11219,5.00072,5.415447999999997,1.70123,0.103053,0.00881053,0.00365825,0.0024573,0.00179603,0.00148828,0.00123428
11221,6.032763,5.644668999999994,1.70168,2.2222,0.186367,0.0773345,0.0519465,0.0379674,0.0314617,0.0260922
11222,6.032416,5.645724999999996,1.70168,0.38297,0.0345207,0.0133406,0.00886511,0.00646244,0.00535227,0.00443789
11223,6.988489,6.040534999999997,1.7019,0.0871165,0.0212077,0.0102782,0.00574991,0.00328613,0.00229311,0.00160287
11224,6.992015,6.039381000000001,1.7019,0.194347,0.0158952,0.00658899,0.00442589,0.00323485,0.00268056,0.00222308
11225,6.332026000000001,5.926126,1.70198,0.0637848,0.00543678,0.00225744,0.00151636,0.00110829,0.000918389,0.000761651
11226,5.029997,6.076513999999998,1.70332,0.0570608,0.00547262,0.00269664,0.00189412,0.00137405,0.00111121,0.000888291
11227,5.159048,6.191629,1.70349,0.0636437,0.00541156,0.0022167,0.00148783,0.00108732,0.000900997,0.000747224
11228,5.165581000000001,6.192583000000006,1.70349,0.200132,0.0170164,0.00706542,0.00474594,0.00346878,0.0028744,0.00238384
11229,4.981272,6.116976000000003,1.7035,0.0601948,0.00512054,0.00212627,0.00142825,0.0010439,0.000865024,0.000717394
11230,5.582844,5.938567999999998,1.70429,0.0649952,0.00558949,0.00232095,0.00155901,0.00113947,0.000944225,0.000783078
11231,4.842285,5.448002999999996,1.70439,0.0609443,0.00521488,0.00216545,0.00145456,0.00106313,0.000880962,0.000730612
11236,4.883182,5.400623000000003,1.70508,0.182327,0.0153856,0.00626473,0.00420303,0.00307139,0.00254504,0.00211067
11237,5.460771,5.998507999999999,1.70573,0.267186,0.022878,0.00949528,0.00637811,0.00466172,0.00386293,0.00320366
11238,6.208130000000001,7.054034000000003,1.7064,0.264438,0.0227344,0.00944028,0.00634117,0.00463472,0.00384056,0.00318511
11239,6.19444,7.094894999999996,1.7067,0.311659,0.0249724,0.0101032,0.00678404,0.00495832,0.00410871,0.00340749
11240,6.197638,7.095345999999998,1.7067,0.427319,0.0365905,0.0150074,0.0100735,0.00736188,0.00610035,0.0050592
11241,4.808833,7.180085999999995,1.70673,0.111824,0.00953958,0.00395837,0.00265885,0.00194333,0.00161034,0.00133551
11242,6.191982,5.669331999999995,1.70682,0.0742595,0.00649595,0.00263478,0.00176401,0.00128831,0.0010674,0.000885181
11243,6.18982,5.674965999999996,1.70682,0.365027,0.0299346,0.012422,0.00834402,0.00609859,0.0050536,0.00419112
11247,5.277457,6.071448999999996,1.70903,0.0709817,0.00697875,0.00257067,0.0016854,0.0012245,0.00101352,0.000840193
11248,5.280469,6.078431999999999,1.70903,4.57125,0.380887,0.158153,0.106234,0.0776456,0.0643411,0.0533602
11249,6.229758,5.709324,1.70915,0.080716,0.00692962,0.00287745,0.00193282,0.00141269,0.00117062,0.000970838
11250,4.876579,5.398368999999996,1.70922,0.122287,0.0103823,0.00430609,0.00289243,0.00211406,0.00175182,0.00145284
11251,5.836754,5.175417999999995,1.70934,0.0678264,0.00579288,0.0023915,0.00160635,0.00117407,0.000972894,0.000806854
11252,5.253362,6.827262999999999,1.70949,0.166068,0.0147152,0.00596688,0.00398196,0.00290412,0.0024052,0.00199422
11253,5.756939,6.356414000000005,1.71004,0.650557,0.0551376,0.0228686,0.0153611,0.0112273,0.00930352,0.00771572
11254,5.773033,6.4038479999999955,1.71018,0.0800663,0.00706189,0.00278271,0.00186265,0.00136075,0.00112753,0.000935081
11255,5.777024,6.4085320000000054,1.71018,0.171232,0.0146685,0.00609053,0.0040911,0.00299016,0.0024778,0.00205492
11256,5.778658,6.404529999999995,1.71018,3.16288,0.270818,0.11237,0.0754805,0.0551682,0.0457151,0.0379131
11257,5.77706,6.405256000000003,1.71018,0.776977,0.0664324,0.0275853,0.0185294,0.013543,0.0112224,0.00930715
11258,6.247065,6.8524299999999965,1.71024,0.258612,0.0215137,0.00893247,0.00600007,0.00438541,0.00363397,0.00301378
11259,6.238519,6.846908999999998,1.71024,0.510243,0.0439386,0.0182111,0.0122318,0.00894005,0.00740817,0.00614385
11260,5.37786,7.0698450000000035,1.71104,0.0785107,0.0066733,0.00276858,0.00185967,0.00135922,0.00112632,0.000934093
11264,6.320864,5.712445,1.7125,0.0782586,0.00670158,0.00278271,0.00186919,0.00136618,0.00113208,0.000938876
11267,5.224485,6.092854000000003,1.71376,1.52931,0.133244,0.0544496,0.0365474,0.0267103,0.0221334,0.018356
11268,5.223144,6.091928999999997,1.71376,0.649185,0.0552388,0.0229374,0.0154074,0.0112612,0.00933156,0.00773898
11269,5.075683,6.506828000000004,1.71385,0.0693807,0.00594897,0.00247026,0.00165931,0.00121278,0.00100497,0.000833457
11270,5.071013,6.499923999999995,1.71385,0.266183,0.0213426,0.00885095,0.00594529,0.00434537,0.0036008,0.00298626
11272,4.949092,5.433168,1.7153,2.79452,0.239061,0.0990105,0.0664997,0.0486035,0.0402753,0.0334016
11273,6.415729,5.653884999999998,1.71554,0.0764703,0.0065411,0.00271611,0.00182445,0.00133348,0.00110499,0.000916405
11274,5.831582,6.2372979999999965,1.71574,0.944295,0.0807131,0.0334629,0.0224771,0.0164283,0.0136134,0.01129
11275,4.962728,5.337431999999997,1.71619,0.435068,0.0367961,0.0152792,0.0102633,0.00750136,0.00621601,0.00515514
11276,4.871835,6.657201999999998,1.71642,0.062815,0.00539337,0.00223889,0.00150389,0.00109918,0.000910838,0.000755389
11280,5.237845,7.0132030000000025,1.71654,0.0534054,0.00456419,0.00189525,0.00127307,0.000930475,0.000771039,0.000639449
11281,5.29228,7.162144000000004,1.71743,0.055407,0.00475939,0.00197599,0.0013273,0.000970115,0.000803886,0.00066669
11283,6.603234,5.944548999999997,1.71846,1.77446,0.151674,0.0629563,0.0422885,0.0309084,0.0256123,0.0212411
11284,6.59792,5.9487219999999965,1.71846,0.346427,0.029262,0.0121509,0.00816191,0.00596549,0.00494331,0.00409965
11285,6.594515,5.949024999999999,1.71846,0.0653778,0.00520801,0.00216254,0.00145261,0.0010617,0.000879781,0.000729632
11286,7.028519,6.405410000000002,1.71879,0.137227,0.0117984,0.00489921,0.00329087,0.00240527,0.00199313,0.00165297
11291,5.642785,4.990610000000002,1.72046,0.180022,0.0151707,0.00629479,0.00422828,0.00309042,0.00256088,0.00212383
11292,5.6367650000000005,4.995906000000002,1.72046,0.0769568,0.00769374,0.00266836,0.00175871,0.00128149,0.00106147,0.000880205
11293,5.232009,6.384146000000005,1.72066,0.0518083,0.00392862,0.00162688,0.00109278,0.000798703,0.000661846,0.000548891
11294,5.231644,6.380776,1.72066,0.0856126,0.00732941,0.00304348,0.00204435,0.0014942,0.00123817,0.00102686
11295,6.995132,6.210878000000006,1.7211,0.093636,0.00795399,0.00330284,0.00221857,0.00162154,0.00134369,0.00111436
11296,5.794942,6.476045000000002,1.72131,0.681292,0.0585057,0.0242927,0.0163177,0.0119265,0.00988293,0.00819625
11299,6.846230000000001,7.049079999999995,1.72261,0.781399,0.0691652,0.0278964,0.0186311,0.013595,0.0112613,0.00933785
11301,6.575757000000001,6.374805000000003,1.72324,0.0513123,0.00499348,0.00193556,0.00125405,0.000903229,0.000745403,0.000616959
11302,7.020826,5.958540000000001,1.72334,2.2472,0.149186,0.0616177,0.0413881,0.0302503,0.0250669,0.0207888
11305,6.922683,6.081995999999995,1.72439,2.09499,0.169892,0.070546,0.0473867,0.0346347,0.0287,0.0238019
11306,6.918243,6.076210000000005,1.72439,0.115797,0.00995627,0.00413297,0.00277617,0.00202908,0.0016814,0.00139444
11307,6.924402,6.643165000000002,1.72475,0.168979,0.0145473,0.00604064,0.00405758,0.00296566,0.0024575,0.00203809
11308,6.923363,6.639690999999994,1.72475,0.0829027,0.00713571,0.00296149,0.00198923,0.00145391,0.00120479,0.000999169
11309,6.924971,6.642918000000005,1.72475,1.97042,0.166159,0.0689908,0.0463421,0.0338711,0.0280673,0.0232772
11313,6.081645,5.473352,1.72574,0.167081,0.0150598,0.00586487,0.00391476,0.00285818,0.00236806,0.00196382
11314,6.5555,6.359438999999994,1.72587,8.48854,0.723555,0.300336,0.20174,0.14745,0.122185,0.101332
11315,6.940037,6.021797000000001,1.72598,4.16452,0.362206,0.148856,0.0997676,0.0728697,0.0603734,0.0500659
11316,7.040546,7.119961000000001,1.7274,0.140644,0.0114704,0.00473887,0.00318273,0.0023262,0.00192761,0.00159863
11317,7.043398,7.130841999999998,1.7274,0.0913859,0.00791987,0.00322409,0.00216406,0.00158159,0.00131058,0.0010869
11322,6.09313,5.472252000000002,1.72796,1.69206,0.154718,0.0609077,0.0403835,0.0293996,0.0243395,0.0201774
11324,5.258041,7.105473999999995,1.7281,0.124825,0.00757305,0.00271421,0.00180931,0.00132098,0.00109447,0.000907638
11325,5.296485,6.950079999999999,1.72895,0.23526,0.020254,0.00830582,0.00557628,0.00407546,0.00337711,0.00280075
11326,5.261556,7.070569000000003,1.72896,0.0526029,0.00450967,0.00187177,0.00125729,0.000918946,0.000761485,0.000631526
11327,5.028064,6.443903999999998,1.72929,0.0735154,0.00603111,0.00250438,0.00168223,0.00122953,0.00101885,0.000844967
11328,5.027541,6.436554999999998,1.72929,0.0579386,0.00498094,0.00206757,0.00138881,0.00101507,0.000841142,0.000697587
11329,5.140661,6.393699000000005,1.72965,0.0691493,0.00594179,0.00246728,0.00165731,0.00121131,0.00100376,0.000832449
11330,5.730733,4.993021000000007,1.72965,1.87178,0.161036,0.0668653,0.0449143,0.0328276,0.0272026,0.02256
11333,7.043325,5.87358,1.73015,0.0508717,0.00424485,0.00176096,0.00118286,0.000864541,0.000716402,0.000594137
11334,6.077657,5.488994000000006,1.73019,0.0511554,0.00439206,0.00182139,0.0012234,0.000894169,0.000740953,0.000614497
11335,4.89898,6.238745000000006,1.7309,0.447966,0.0185444,0.00677342,0.00452848,0.00330792,0.00274091,0.00227309
11337,5.711517,5.028160999999998,1.73129,0.0966719,0.0385044,0.0129214,0.00548202,0.00264805,0.00178256,0.00127505
11340,7.028485,7.166493,1.73171,2.4231,0.211517,0.084371,0.0565887,0.0413549,0.0342684,0.0284199
11341,5.28633,6.982373000000005,1.73173,0.394739,0.0332894,0.0138195,0.00928272,0.00678468,0.00562213,0.00466262
11342,4.873691,6.4758630000000075,1.73186,0.0764343,0.00576732,0.00233158,0.00156453,0.00114335,0.000947424,0.000785727
11345,5.804692,5.313431000000005,1.732,4.75367,0.370945,0.154014,0.103453,0.0756135,0.0626571,0.0519637
11346,4.97863,6.432635999999998,1.73208,0.0679545,0.00564201,0.0023428,0.00157369,0.0011502,0.000953114,0.000790449
11347,4.969388,6.430373999999998,1.73208,0.0955136,0.00783144,0.00324998,0.00218305,0.00159558,0.00132218,0.00109653
11348,4.972921,6.432214999999999,1.73208,0.0979701,0.00842806,0.00349626,0.0023484,0.00171642,0.00142231,0.00117957
11349,4.903044,5.997740000000004,1.73232,0.327374,0.0280921,0.0116641,0.00783492,0.0057265,0.00474526,0.00393541
11350,5.342114,5.3121129999999965,1.73367,0.145031,0.0123549,0.00513027,0.00344608,0.00251871,0.00208713,0.00173093
11351,6.169504,6.243744000000001,1.73535,0.0882435,0.00758118,0.00314803,0.00211458,0.00154553,0.00128071,0.00106213
11353,6.78709,7.051714999999994,1.73627,26.9768,2.48297,0.919576,0.609068,0.443869,0.367626,0.30483
11356,6.230155,6.079225000000005,1.73701,1.44788,0.120643,0.050095,0.0336495,0.0245942,0.02038,0.0169018
11359,5.333276,6.3479910000000075,1.73934,0.0519809,0.00447036,0.0018532,0.00124467,0.000909697,0.000753818,0.000625166
11360,7.104128,5.617135000000001,1.73941,0.0710375,0.00562285,0.00233219,0.00156655,0.00114498,0.000948791,0.000786865
11361,7.111439,5.617281999999997,1.73941,0.269491,0.0192987,0.00800959,0.00538015,0.00393232,0.00325852,0.0027024
11362,5.871103,4.9418770000000025,1.73945,0.597092,0.0513429,0.0213198,0.0143208,0.010467,0.00867348,0.00719321
11363,6.202112,6.1091440000000015,1.74012,0.0605833,0.0051214,0.0021266,0.00142847,0.00104406,0.000865161,0.000717507
11365,5.3748,6.157038999999995,1.74108,0.719433,0.0618819,0.0256961,0.0172604,0.0126155,0.0104539,0.00866974
11366,6.38574,6.5309249999999945,1.74174,0.852144,0.0675357,0.0279982,0.0188067,0.0137457,0.0113904,0.00944643
11368,6.196211,5.815732000000001,1.74293,0.136867,0.0116987,0.00485716,0.00326262,0.00238463,0.00197603,0.00163879
11372,6.010782,5.281464000000002,1.7454,3.52216,0.240291,0.0997561,0.0670076,0.0489754,0.0405835,0.0336573
11374,6.525985,5.449948999999994,1.74602,0.0869271,0.00746507,0.00309697,0.00208027,0.00152045,0.00125992,0.0010449
11375,6.521945,5.449608999999998,1.74602,0.076635,0.006226,0.00254903,0.00171145,0.00125083,0.0010365,0.000859601
11376,6.624816,5.378178999999997,1.74623,0.0560618,0.00481083,0.00199765,0.00134185,0.00098075,0.000812699,0.000673999
11377,6.154166,6.172338000000006,1.74657,0.0572207,0.00435725,0.00179274,0.00120401,0.000879995,0.000729208,0.000604757
11380,5.8395600000000005,5.316211999999996,1.74861,0.65083,0.0549693,0.0228247,0.0153317,0.0112058,0.00928572,0.00770096
11381,5.845156,5.322652999999994,1.74861,0.305774,0.0263335,0.0109147,0.00733131,0.0053584,0.00444024,0.00368244
11382,6.530966,5.407734000000004,1.74893,0.757346,0.0650233,0.0270005,0.0181366,0.0132559,0.0109845,0.00910985
11383,6.528482,5.411409000000006,1.74893,1.05706,0.0907245,0.0376659,0.0253007,0.0184921,0.0153235,0.0127083
11385,5.24591,6.677445000000003,1.75198,0.0622557,0.00485479,0.00201565,0.00135394,0.000989585,0.000820021,0.000680071
11386,5.247480000000001,6.677081000000002,1.75198,0.291833,0.0251653,0.0104303,0.00700551,0.00512023,0.00424288,0.00351876
11387,5.687781,5.397188999999999,1.75263,0.0955414,0.00810828,0.00336691,0.0022616,0.00165299,0.00136975,0.00113598
11388,5.673094,5.395343000000003,1.75263,0.179025,0.0150869,0.00625076,0.0041987,0.0030688,0.00254296,0.00210897
11389,5.314996,5.840806,1.75275,0.0874611,0.00750476,0.00311161,0.00209009,0.00152763,0.00126587,0.00104983
11390,6.230810000000001,5.694749000000002,1.75285,0.0789929,0.00672453,0.00278955,0.00187378,0.00136953,0.00113486,0.000941181
11393,5.189625,5.798670000000004,1.75346,0.0944169,0.0903481,0.108585,0.0851441,0.0584015,0.0427143,0.0292088
11394,5.190498,5.8011069999999965,1.75346,0.070599,0.0058248,0.00241714,0.00162362,0.00118669,0.000983353,0.000815528
11395,5.197794,5.187975999999995,1.75428,0.214619,0.0182031,0.00755828,0.005077,0.00371075,0.00307491,0.00255013
11397,5.742409,5.831148999999995,1.7556,0.230191,0.0182488,0.00757705,0.00508962,0.00371997,0.00308255,0.00255647
11398,5.747871,5.832696000000005,1.7556,0.158232,0.0136263,0.00565437,0.00379806,0.00277597,0.00230031,0.00190773
11400,5.130498,6.262844999999995,1.75871,0.0591743,0.00508301,0.0021104,0.00141759,0.0010361,0.000858568,0.00071204
11402,5.630807,4.822653,1.76173,0.061292,0.00510659,0.00212031,0.00142424,0.00104097,0.000862601,0.000715384
11403,5.562264,4.851374000000004,1.76218,0.280818,0.0240354,0.00997167,0.0066981,0.0048956,0.00405674,0.00336439
11404,5.564952,4.852941999999995,1.76218,0.0515458,0.00400389,0.00166216,0.0011165,0.000816042,0.000676214,0.000560807
11405,5.586169,6.268340000000006,1.76341,0.789679,0.0661741,0.0274771,0.0184567,0.0134899,0.0111784,0.00927064
11406,5.587782,6.268864999999995,1.76341,4.09758,0.351771,0.14607,0.0981174,0.0717134,0.0594253,0.0492834
11408,4.987075,6.6461909999999955,1.76396,0.226972,0.0174797,0.00724818,0.00486867,0.00355848,0.00294873,0.00244549
11409,4.99061,6.639849999999999,1.76396,0.234991,0.0201276,0.00835782,0.00561407,0.00410328,0.00340019,0.00281989
11410,5.317933,5.611694000000001,1.76453,0.154765,0.0131004,0.00543892,0.0036534,0.00267024,0.0022127,0.00183507
11411,5.324524,5.6121130000000035,1.76453,0.313272,0.0267797,0.0111201,0.00746952,0.00545942,0.00452395,0.00375187
11412,5.43633,4.899482000000001,1.76469,0.0686738,0.00578864,0.00240138,0.00161304,0.00117896,0.000976943,0.000810212
11413,5.437897,5.783486999999994,1.7649,0.0980664,0.00842027,0.00349613,0.0023484,0.00171643,0.00142232,0.00117958
11415,5.368143,5.012297000000005,1.76652,0.326186,0.0296614,0.0118608,0.00785782,0.00571448,0.00472904,0.00391949
11416,5.417511,5.627660000000002,1.76684,0.0905142,0.0077388,0.00321348,0.00215854,0.00157766,0.00130733,0.00108421
11417,5.412956,5.623014999999994,1.76684,0.0525944,0.0044385,0.00176955,0.00118399,0.000864663,0.000716394,0.000594096
11418,5.484502,5.483189999999995,1.76692,0.191329,0.0161871,0.00672112,0.00451467,0.00329974,0.00273434,0.00226768
11419,5.778656,4.920967999999998,1.76701,0.0576486,0.00490289,0.00203418,0.00136639,0.000998682,0.000827559,0.000686323
11420,5.608481,6.281901000000001,1.76742,0.0630541,0.0053905,0.00223703,0.00150264,0.00109827,0.00091008,0.00075476
11421,5.608545,6.281944000000006,1.76742,0.364085,0.0317307,0.0130269,0.00872491,0.00637044,0.00527738,0.00437609
11422,4.888212,4.9645260000000055,1.76763,0.210276,0.0178936,0.00742792,0.00498944,0.00364675,0.00302188,0.00250615
11425,5.38119,5.0623580000000015,1.76834,0.063883,0.00546365,0.00226829,0.00152364,0.00111362,0.000922801,0.00076531
11426,6.974536,5.740082999999997,1.76972,0.213756,0.0184947,0.00757321,0.00508511,0.00371658,0.00307974,0.00255413
11427,6.85684,5.630067999999995,1.76989,0.0593383,0.201096,0.462283,0.53223,0.518282,0.477586,0.417353
11428,6.860706000000001,5.626341000000004,1.76989,0.320466,0.0275015,0.0114198,0.00767086,0.00560658,0.0046459,0.003853
11429,6.856796000000001,5.630003000000005,1.76989,0.662673,0.0552509,0.0229399,0.015409,0.0112624,0.00933256,0.00773981
11430,6.858138,5.629742999999995,1.76989,0.164452,0.0355657,0.0162759,0.0089629,0.00515509,0.00365868,0.00262852
11431,5.764404,5.911056000000004,1.77007,0.398167,0.0342613,0.0141493,0.00949993,0.00694285,0.00575311,0.00477123
11432,5.93081,6.2409279999999985,1.77026,0.0737036,0.00633891,0.00263209,0.00176801,0.00129223,0.00107081,0.000888057
11433,6.161466,5.389520000000006,1.77129,0.063312,0.00534171,0.00221598,0.00148849,0.00108793,0.000901511,0.000747653
11434,6.161829,5.388143000000007,1.77129,0.369209,0.0311587,0.0127632,0.00857219,0.00626533,0.00519177,0.00430571
11435,6.163274,5.388323000000006,1.77129,0.0728748,0.00602451,0.00250106,0.00168,0.0012279,0.0010175,0.000843846
11436,6.166436,5.3902240000000035,1.77129,0.0952954,0.00820317,0.00340476,0.00228702,0.00167157,0.00138515,0.00114875
11437,5.679147,5.6250960000000045,1.77166,0.292191,0.0238456,0.00987744,0.00663466,0.00484922,0.00401831,0.00333252
11438,5.6797640000000005,5.632181000000004,1.77166,0.052766,0.00446304,0.00185213,0.0012441,0.000909306,0.000753497,0.0006249
11439,5.684332,5.633107000000002,1.77166,0.0698822,0.0059632,0.00247492,0.00166242,0.00121505,0.00100686,0.000835019
11440,5.683333,5.6280639999999975,1.77166,0.442541,0.0367262,0.0152503,0.0102438,0.00748715,0.00620423,0.00514538
11441,5.681709,5.631496000000006,1.77166,0.135258,0.0116444,0.00482675,0.00324187,0.00236942,0.00196342,0.00162833
11442,5.813465,5.896047999999999,1.77248,0.0660659,0.00563665,0.00232634,0.00156245,0.00114198,0.000946299,0.000784797
11443,5.48439,5.114480999999996,1.77275,0.211292,0.0179555,0.00745583,0.00500819,0.00366045,0.00303324,0.00251557
11444,6.242385,5.362356,1.77301,0.197901,0.0175791,0.00699062,0.00468416,0.00342268,0.00283613,0.00235209
11445,6.243034,5.739126000000004,1.7732,0.122148,0.0104916,0.00430626,0.00289176,0.00211353,0.00175137,0.00145247
11446,5.635954,4.874860999999999,1.77341,0.50786,0.0429107,0.0155144,0.0103918,0.00759409,0.00629279,0.00521881
11447,5.636381,4.867500999999994,1.77341,0.102897,0.00844232,0.00350547,0.00235467,0.00172101,0.00142612,0.00118273
11448,5.629785,4.860679999999995,1.77425,0.0555272,0.00474779,0.001971,0.00132395,0.000967664,0.000801856,0.000665006
11449,5.630792,4.866541000000002,1.77425,0.153781,0.0131928,0.00547742,0.00367926,0.00268915,0.00222836,0.00184806
11450,5.230522,5.581836999999996,1.77438,0.795723,0.0634115,0.0262871,0.0176573,0.0129056,0.0106942,0.00886909
11451,6.333129,5.308037,1.77445,0.116635,0.0107176,0.00439696,0.00288775,0.00207802,0.00171044,0.00141202
11452,6.332579,5.305770000000005,1.77445,0.0641579,0.00502688,0.00208335,0.00139939,0.0010228,0.000847548,0.0007029
11453,6.197152,5.901626999999998,1.77503,0.0960364,0.00825953,0.00342951,0.00230365,0.00168372,0.00139522,0.0011571
11454,6.198556,5.907995,1.77503,0.0578677,0.00493873,0.00204135,0.00137093,0.00100198,0.000830288,0.000688586
11458,5.548808,6.775684000000006,1.7778,49.7937,4.19704,1.74225,1.17029,0.855361,0.708795,0.587828
11461,4.804939,4.889592999999995,1.78031,0.772301,0.0683006,0.0275335,0.018356,0.0133797,0.0110785,0.00918404
11463,6.31798,7.162034000000002,1.78133,0.49468,0.0382076,0.0158086,0.0106188,0.00776119,0.00643131,0.00533371
11464,7.050215,5.700940999999995,1.78178,0.0528504,0.00452509,0.00187897,0.00126213,0.000922482,0.000764416,0.000633956
11465,7.048204,5.701724,1.78178,4.46537,0.363902,0.151025,0.101446,0.074146,0.0614411,0.0509552
11468,5.453997,6.222541000000004,1.78432,1.61099,0.46251,0.201639,0.107059,0.059096,0.0405998,0.0280884
11472,5.208254,5.651297999999997,1.78545,0.249036,0.0213452,0.00884718,0.00594273,0.0043435,0.00359925,0.00298498
11473,5.904162,7.133337000000004,1.78597,0.0942379,0.00805478,0.00331943,0.00222885,0.00162897,0.00134984,0.00111946
11474,5.908159,7.128675000000004,1.78597,0.0556125,0.0056537,0.00202808,0.00130893,0.000944072,0.000779685,0.00064561
11475,5.848246,7.067670000000003,1.78653,0.06092,0.00490733,0.00203588,0.00136752,0.000999512,0.000828246,0.000686892
11476,5.856184,7.070135000000005,1.78653,0.148733,0.0127794,0.00530309,0.00356215,0.00260355,0.00215743,0.00178923
11478,5.546467,5.518679999999997,1.78695,0.0747337,0.00626118,0.00259991,0.0017464,0.00127643,0.00105771,0.000877198
11479,5.543971,5.522267999999999,1.78695,2.8357,0.865892,0.609305,0.403573,0.253093,0.180033,0.12307
11480,5.625442,5.748563000000003,1.78867,0.0773424,0.00663067,0.00275333,0.00184945,0.00135175,0.00112013,0.000928963
11481,6.973328,5.793593999999996,1.78952,0.0786224,0.00830562,0.00273892,0.00179536,0.00130727,0.00108275,0.000897842
11483,5.926474,6.102153000000004,1.78978,0.247474,0.017568,0.00728309,0.00489215,0.00357564,0.00296296,0.00245728
11484,6.119897,5.218365999999995,1.79087,2.93646,0.260802,0.110271,0.0734886,0.0530714,0.0436427,0.0359485
11485,6.115242,5.217271999999995,1.79087,6.85681,0.58934,0.243475,0.163513,0.119508,0.0990301,0.0821289
11486,7.073512,6.663738000000002,1.79111,2.95129,0.251025,0.104236,0.0700166,0.0511747,0.0424059,0.0351687
11487,5.940361,6.1043190000000065,1.79185,0.397177,0.0342042,0.0142028,0.00954019,0.00697286,0.00577807,0.00479195
11488,5.938854,6.1048049999999945,1.79185,0.0526332,0.0144874,0.00443595,0.00200913,0.00111095,0.000822677,0.000637397
11489,5.43593,6.099205000000001,1.79189,156.875,15.3283,5.79118,3.78061,2.73947,2.26571,1.87755
11491,5.26584,6.477718000000001,1.79238,6.22208,0.522492,0.216305,0.145291,0.106192,0.0879964,0.0729784
11492,6.172119,6.929332999999998,1.79244,0.663383,0.0572396,0.0236697,0.0158962,0.0116182,0.00962737,0.0079843
11496,5.656504000000001,6.623297999999996,1.79385,0.141979,0.0122037,0.00506061,0.00339924,0.00248448,0.00205877,0.0017074
11497,6.381751,6.944181999999998,1.79392,1.69778,0.139003,0.0577172,0.0387695,0.0283364,0.023481,0.0194735
11498,5.407245,5.983645999999999,1.79435,0.254089,0.0217385,0.00898093,0.00603235,0.004409,0.00365352,0.00302999
11500,4.858449,4.980552999999994,1.79511,0.0535089,0.00457229,0.00189861,0.00127532,0.000932127,0.000772407,0.000640584
11501,5.286453,6.301319999999993,1.79574,0.0535899,0.00638303,0.00218578,0.00133566,0.000940406,0.000771467,0.000636783
11502,5.403669,6.438352999999996,1.79652,0.143486,0.0122574,0.00508951,0.00341869,0.0024987,0.00207055,0.00171718
11503,5.811611,6.899402999999997,1.79658,0.317365,0.0273776,0.0113185,0.00760097,0.00555533,0.00460342,0.00381777
11505,5.55465,6.559513999999998,1.79699,0.10711,0.00915314,0.00370936,0.00248666,0.00181682,0.00150542,0.00124847
11506,5.58862,5.471584999999998,1.79786,0.142669,0.0122659,0.00471226,0.00315266,0.00230315,0.00190841,0.00158269
11507,5.589304,5.4731210000000035,1.79786,0.222953,0.0181428,0.00750945,0.00504391,0.00368655,0.00305486,0.0025335
11508,6.272158,6.897114000000004,1.79826,0.0540021,0.00453796,0.00188432,0.00126573,0.000925112,0.000766595,0.000635763
11509,6.436101,7.186871999999996,1.7986,0.277108,0.0238101,0.00988662,0.00664098,0.00485385,0.00402215,0.0033357
11512,5.789239,6.834073000000006,1.79892,2.42338,0.208231,0.0864654,0.05808,0.0424503,0.0351765,0.0291731
11513,5.789437,6.841289000000002,1.79892,0.0557844,0.00480398,0.00198353,0.00133205,0.000973563,0.000806742,0.000669058
11514,5.715977,6.8282989999999995,1.79899,0.136257,0.0115977,0.00481483,0.00323419,0.00236385,0.00195881,0.0016245
11515,5.718317000000001,6.831386999999996,1.79899,0.0657687,0.0054149,0.00223596,0.00150176,0.00109762,0.000909539,0.000754311
11516,5.341232,5.983647000000003,1.80071,0.0528877,0.00449182,0.00186503,0.00125277,0.000915638,0.000758744,0.000629252
11519,5.181713,6.801292999999995,1.80243,2.8593,0.228049,0.0941304,0.063223,0.046209,0.0382911,0.0317561
11520,5.225768,6.0490289999999955,1.80275,0.0570587,0.00505042,0.00204136,0.00136285,0.000994207,0.000823468,0.000682785
11525,5.644063,6.989509999999994,1.80307,0.224352,0.0181142,0.00752171,0.00505244,0.0036928,0.00306004,0.00253779
11526,5.646227,6.991665000000004,1.80307,0.173399,0.017109,0.00614946,0.004041,0.00293984,0.00243418,0.0020182
11527,6.469935,6.946728000000001,1.80394,0.457286,0.0389445,0.016171,0.0108623,0.00793917,0.0065788,0.00545602
11528,6.313925,5.991909000000001,1.804,0.0741317,0.00644492,0.00258361,0.00173289,0.00126637,0.00104937,0.000870274
11529,6.312804,5.988920000000001,1.804,0.221457,0.019043,0.00790257,0.00530817,0.0038797,0.00321491,0.00266624
11530,6.311625,5.988455000000007,1.804,0.108805,0.00932147,0.00387052,0.00259988,0.00190024,0.00157463,0.0013059
11531,5.280906,6.553936000000004,1.80417,0.151176,0.0128825,0.00533437,0.00358311,0.00261887,0.00217013,0.00179976
11532,5.282287,6.554219999999994,1.80417,0.0763274,0.00652386,0.00270887,0.00181959,0.00132993,0.00110204,0.000913963
11533,6.446972,6.553771,1.80443,0.208065,0.0179187,0.00744061,0.00499797,0.00365298,0.00302705,0.00251043
11534,6.767724,5.501147999999999,1.80465,0.32402,0.0333733,0.0133352,0.00843494,0.00591304,0.00481193,0.00394124
11535,5.318783,6.365895000000001,1.80468,0.294831,0.0222241,0.0092263,0.00619744,0.00452966,0.00375351,0.00311291
11536,6.92093,6.024983999999995,1.80604,1.18412,0.0936653,0.038868,0.0261082,0.0190823,0.0158125,0.0131139
11537,5.246049,6.8668929999999975,1.80623,0.170606,0.0144657,0.00599893,0.00402956,0.00294518,0.00244052,0.00202401
11540,5.596016,6.222081999999996,1.80712,0.0993471,0.00843554,0.0035,0.00235099,0.00171833,0.00142389,0.00118088
11541,5.588277,6.223145000000001,1.80712,0.429013,0.0366077,0.0145598,0.00974788,0.00712071,0.00590008,0.004893
11542,6.117202,5.617599999999995,1.80724,0.0700977,0.00596875,0.00247843,0.0016648,0.00121679,0.00100829,0.000836213
11546,7.115004,6.739181999999998,1.80852,0.0682415,0.00554788,0.00230367,0.00154741,0.00113099,0.000937195,0.000777248
11547,7.111283,6.745592,1.80852,0.701684,0.0558604,0.0228177,0.0153233,0.0111995,0.00928051,0.00769664
11548,7.114783,6.7513260000000015,1.80852,2.87273,0.247347,0.102709,0.0689908,0.0504249,0.0417847,0.0346534
11549,5.983116,7.038390000000002,1.80889,0.0762358,0.00508102,0.00210014,0.00141065,0.00103104,0.00085437,0.000708558
11550,5.456514000000001,6.6923849999999945,1.80907,0.10204,0.00876623,0.00363943,0.00244465,0.00178678,0.00148061,0.00122792
11551,6.912004,6.839343000000005,1.80988,0.0549047,0.00735617,0.00215535,0.00131562,0.000938043,0.000773701,0.000640591
11552,6.391067,7.085901000000005,1.81,0.170101,0.0147519,0.00607665,0.00407908,0.00298109,0.00247026,0.00204866
11553,6.741797,4.957277999999997,1.81066,0.786523,0.0667886,0.0277202,0.01862,0.0136092,0.0112773,0.00935263
11556,6.031395,7.187055999999998,1.81213,0.0649871,0.00558413,0.00231871,0.00155751,0.00113838,0.000943315,0.000782323
11559,7.00814,5.757379000000003,1.8138,0.179831,0.0155314,0.00634795,0.00426237,0.00311525,0.00258145,0.00214089
11560,7.038461,5.7814479999999975,1.81391,0.12726,0.0108376,0.00449823,0.00302151,0.0022084,0.00183,0.00151768
11561,7.032161,5.7871199999999945,1.81391,0.0671419,0.00576253,0.00239139,0.00160631,0.00117404,0.00097287,0.000806834
11562,7.116331,5.241772000000001,1.81399,0.38663,0.0314264,0.0130398,0.00875902,0.00640191,0.00530495,0.00439957
11564,5.643586,7.005011000000002,1.8151,0.260691,0.0216073,0.00879979,0.00591,0.00431955,0.0035794,0.00296852
11568,7.031638,5.502109999999998,1.81645,0.0684092,0.00588971,0.00244563,0.00164276,0.00120068,0.000994948,0.000825144
11572,4.839863,5.193107000000003,1.81854,0.0701575,0.0053364,0.00202232,0.00134929,0.000984996,0.000816055,0.000676735
11573,4.9892140000000005,4.892918,1.81869,0.0559775,0.00464797,0.00192111,0.0012904,0.000943147,0.00078154,0.000648157
11574,6.867753,5.623359999999997,1.81875,0.0699215,0.00597026,0.00247881,0.00166505,0.00121698,0.00100845,0.000836341
11575,6.869125,5.618483,1.81875,0.662105,0.0568964,0.0236255,0.0158696,0.011599,0.00961148,0.00797113
11578,5.454455,6.486930000000002,1.8212,0.339912,0.0477843,0.0139582,0.00826748,0.00580639,0.00476906,0.00394096
11581,5.177189,5.199961999999997,1.82124,0.0877538,0.00768389,0.00307953,0.00205972,0.00150403,0.0012461,0.00103337
11582,5.179992,5.200578000000003,1.82124,0.0545293,0.00481034,0.00179534,0.00120127,0.000877703,0.000727289,0.000603162
11583,4.988943000000001,7.114679000000006,1.82154,0.327549,0.0268161,0.0109427,0.00734883,0.00537116,0.00445082,0.00369121
11584,4.995228,7.115402000000002,1.82154,0.229696,0.0279405,0.0125636,0.00780392,0.0051678,0.00402096,0.00314739
11585,4.999328,7.1137580000000025,1.82154,0.193537,0.0165718,0.00688004,0.00462142,0.00337777,0.00279899,0.0023213
11587,5.197866,5.222705000000002,1.82188,5.52137,0.578303,0.203482,0.13049,0.093942,0.0775558,0.0642112
11593,6.784217,4.934339000000006,1.82388,0.0609663,0.00522139,0.00216778,0.00145613,0.00106428,0.000881913,0.0007314
11595,4.96434,6.219735999999994,1.82447,1.54867,0.129336,0.0537057,0.0360749,0.0263669,0.0218489,0.0181201
11596,5.376348000000001,6.482008999999996,1.82454,0.106299,0.0102198,0.00389467,0.00255175,0.00185057,0.0015307,0.00126847
11597,5.373747,6.491483000000002,1.82454,0.0909716,0.0128955,0.00408737,0.00235092,0.00159641,0.00129246,0.00105863
11598,5.001398,5.757285,1.82457,0.0703867,0.00594158,0.00246653,0.0016568,0.00121094,0.00100345,0.000832195
11599,4.999877,5.744899999999998,1.82457,0.0623416,0.00486063,0.00201815,0.00135562,0.000990816,0.00082104,0.000680916
11600,5.18155,5.077504999999997,1.8249,0.138778,0.0119019,0.00493616,0.00331566,0.00242339,0.00200814,0.00166542
11601,5.277346,7.096693000000006,1.8256,0.38144,0.0260622,0.0108099,0.00726113,0.00530711,0.00439774,0.00364719
11602,5.280477,7.095071000000005,1.8256,0.285651,0.0382118,0.0139048,0.00807583,0.00536569,0.00427543,0.0034561
11603,5.037652,7.063918000000002,1.82609,0.0846392,0.0144985,0.0100372,0.00713639,0.00485463,0.00366147,0.00267083
11604,5.035555,7.062397000000006,1.82609,1.34573,0.493714,0.519964,0.410861,0.29055,0.218874,0.155652
11605,5.588478,5.652426000000005,1.82765,1.37462,0.555297,0.306655,0.174531,0.0969809,0.0646486,0.0420091
11606,5.771058,6.955844999999995,1.82832,0.303461,0.0282169,0.0109231,0.00724927,0.00528479,0.00437736,0.00362977
11607,4.957887,6.772697000000002,1.82898,0.05099,0.00436539,0.00181267,0.0012176,0.000889933,0.000737443,0.000611587
11608,5.151796,5.412584999999999,1.82922,0.114524,0.0150411,0.00484176,0.00287158,0.00199159,0.00162561,0.00133806
11610,6.994233,6.943485999999994,1.82999,0.0993459,0.00837463,0.00347746,0.00233586,0.00170726,0.00141473,0.00117328
11611,5.073234,6.901268000000004,1.83029,5.71646,0.499083,0.202949,0.135845,0.0991911,0.0821763,0.0681448
11612,4.971065,5.243086999999997,1.83033,0.357496,0.0305831,0.0126978,0.00852927,0.00623399,0.0051658,0.00428417
11614,4.882571000000001,6.751246999999994,1.83144,0.106543,0.00906443,0.00373978,0.00251196,0.00183598,0.00152138,0.00126173
11615,4.905401,6.754159999999999,1.83146,0.167238,0.0143604,0.00593206,0.00398394,0.00291179,0.00241285,0.00200106
11616,4.886265,5.802212000000002,1.83218,0.204704,0.0174957,0.00726235,0.00487819,0.00356544,0.0029545,0.00245027
11617,4.882446,5.805529,1.83218,0.0688789,0.00576569,0.00239409,0.00160814,0.00117538,0.00097398,0.000807754
11618,5.159554,7.153396999999997,1.83235,0.0293458,0.0367558,0.0593087,0.0559862,0.045632,0.0374326,0.0289236
11619,5.166328,7.110802000000007,1.83256,0.11059,0.0106117,0.00391383,0.00255281,0.00184723,0.00152664,0.00126444
11620,5.902716,5.216088999999999,1.83302,0.771705,0.0650357,0.0268785,0.0180533,0.0131949,0.010934,0.00906794
11621,5.097822,5.903209000000007,1.83458,1.93446,0.158633,0.065871,0.0442465,0.0323395,0.0267981,0.0222246
11622,5.105026,5.8755509999999935,1.83506,0.832663,0.0689558,0.0286334,0.0192335,0.0140576,0.0116489,0.0096608
11624,5.561747,5.830234000000003,1.83613,0.0684496,0.00622856,0.00211915,0.00138933,0.00101015,0.000836258,0.000693288
11625,5.56556,5.83403,1.83613,0.0555085,0.00469976,0.00195151,0.00131086,0.000958095,0.000793926,0.00065843
11626,5.562102,5.826267999999995,1.83613,0.110223,0.00929396,0.00385924,0.00259231,0.0018947,0.00157005,0.00130209
11627,5.33119,6.8751290000000065,1.83804,0.244345,0.0207739,0.00862615,0.00579431,0.00423502,0.00350935,0.00291043
11628,4.970664,4.978628999999994,1.83818,0.0845781,0.00727803,0.00302215,0.00203002,0.00148373,0.0012295,0.00101966
11629,4.97121,4.978497999999998,1.83818,0.055781,0.00493203,0.00202917,0.00135127,0.000982692,0.000812744,0.000673218
11630,5.089992,5.871383000000002,1.8386,0.095985,0.00842389,0.00342625,0.00229161,0.00167275,0.00138569,0.00114904
11632,5.414635,6.970052000000001,1.8392,0.0530785,0.0041638,0.00172265,0.0011571,0.00084572,0.000700806,0.000581202
11633,5.413121,6.973119000000004,1.8392,1.11251,0.123156,0.0456407,0.0282154,0.0198307,0.0162358,0.0133809
11634,5.412817,6.9705889999999995,1.8392,0.736055,0.0628356,0.0260921,0.0175264,0.0128099,0.010615,0.00880335
11635,5.15347,5.8310550000000045,1.83933,0.0863188,0.00816986,0.00301296,0.00197924,0.00143761,0.0011896,0.000985975
11636,5.428251,7.003927999999995,1.8395,0.0526379,0.00439022,0.00182295,0.0012245,0.000894979,0.000741625,0.000615055
11637,5.520447,6.858404999999997,1.83979,0.176717,0.0150315,0.00617605,0.00414538,0.00302942,0.00251028,0.00208184
11638,5.361892,5.302104,1.84034,0.0807867,0.00684732,0.00282135,0.00189498,0.00138502,0.0011477,0.000951824
11639,6.111083,5.033175000000003,1.8404,0.150271,0.0129298,0.00536179,0.00360116,0.002632,0.002181,0.00180878
11640,6.104317,5.033107,1.8404,0.0839927,0.0071997,0.00298954,0.00200812,0.00146772,0.00121623,0.00100866
11642,6.142782,5.0689800000000025,1.84124,0.0719114,0.00618072,0.00256095,0.00172003,0.00125714,0.00104173,0.000863939
11643,6.313423,5.067834,1.84257,0.335122,0.0281367,0.011683,0.00784762,0.00573578,0.00475295,0.00394179
11646,5.445328,5.1844160000000015,1.84357,2.5315,0.215022,0.0887565,0.0596144,0.0435716,0.0361056,0.0299436
11647,5.454008,5.187567999999997,1.84357,0.0954976,0.00838825,0.00340669,0.00227543,0.00165966,0.00137447,0.00113954
11648,5.275268,4.982512000000004,1.84394,1.85861,0.16816,0.0659728,0.0440892,0.0322002,0.0266802,0.0221263
11649,5.452854,5.175066000000003,1.84397,0.283372,0.0243574,0.0101127,0.00679282,0.00496483,0.00411411,0.00341197
11651,6.059091,5.223514999999999,1.84435,0.495609,0.0419933,0.0174368,0.0117126,0.00856065,0.00709379,0.00588312
11652,6.063331,5.227053999999998,1.84435,0.146648,0.0113807,0.00472527,0.00317403,0.00231988,0.00192237,0.00159429
11658,5.109867,6.003905000000004,1.84682,0.0584813,0.00503328,0.00206079,0.00138389,0.00101146,0.000838145,0.000695102
11659,6.166443,5.028468999999995,1.84717,0.0611452,0.00527802,0.00217752,0.0014622,0.00106868,0.000885557,0.000734422
11660,5.192511,6.073388000000004,1.84908,0.0814577,0.00699385,0.00290366,0.00195043,0.00142556,0.00118129,0.000979682
11662,6.526805,6.744309999999994,1.84947,0.0771443,0.00657835,0.00273101,0.00183446,0.00134079,0.00111105,0.00092143
11663,5.335911,4.9670570000000005,1.84959,0.328891,0.0274113,0.0113794,0.00764372,0.00558675,0.00462946,0.00383937
11664,5.334284,4.973872000000001,1.84959,0.204651,0.0175704,0.00729582,0.00490071,0.00358189,0.00296814,0.00246158
11665,5.332267,4.965047000000005,1.84959,0.349867,0.0300191,0.0124647,0.00837271,0.00611956,0.00507098,0.00420553
11667,6.242557,5.056116000000002,1.85037,0.343016,0.0307058,0.0116605,0.00780017,0.00569871,0.00472206,0.00391613
11668,5.289556,5.852663000000001,1.85085,0.245509,0.0210974,0.00876057,0.0058846,0.00430102,0.00356404,0.00295578
11669,5.291331,5.851418000000002,1.85085,0.0520731,0.0108725,0.00466718,0.00257302,0.00150653,0.00108605,0.000792911
11671,6.715241,6.515333999999999,1.85166,0.152657,0.0129958,0.00539088,0.00362112,0.00264665,0.00219315,0.00181885
11672,6.718893,6.517664000000002,1.85166,0.0503126,0.00415952,0.00170765,0.00114648,0.000837901,0.000694321,0.000575822
11673,6.183047,5.221769999999995,1.85207,0.074789,0.00641704,0.00266248,0.00178837,0.00130711,0.00108313,0.000898279
11674,6.183798,5.220836000000004,1.85207,0.778877,0.0663337,0.0275446,0.0185021,0.0135231,0.0112059,0.00929342
11675,6.18144,5.220263000000003,1.85207,0.304311,0.0252289,0.0104758,0.00703676,0.00514312,0.00426185,0.0035345
11676,5.071079,6.015736000000004,1.85209,0.565176,0.0484217,0.0201008,0.013502,0.00986849,0.00817753,0.0067819
11677,6.353637,5.0797470000000065,1.85209,0.0663886,0.00567297,0.00235566,0.00158233,0.00115652,0.000958349,0.000794791
11678,6.037426,6.761257999999999,1.85267,0.126692,0.0120285,0.00503938,0.00327605,0.00232391,0.00189649,0.00155434
11680,6.515847,5.029106999999998,1.85365,0.109914,0.00954119,0.00382461,0.00256553,0.00187489,0.00155361,0.00128846
11684,5.318274,5.0174220000000025,1.85609,0.320712,0.0266833,0.0110789,0.00744187,0.00543922,0.00450721,0.00373798
11685,6.190669,4.905439000000006,1.85676,0.0603578,0.00518737,0.00215323,0.00144635,0.00105713,0.000875989,0.000726488
11686,5.121885,6.422381999999999,1.85682,0.16708,0.0149765,0.0057574,0.00382991,0.00279329,0.00231375,0.00191859
11687,5.119759,6.418013000000001,1.85682,0.342428,0.028571,0.0118557,0.00796365,0.00582058,0.00482323,0.00400007
11689,6.706266000000001,4.893244000000004,1.8577,0.053838,0.00461741,0.00191734,0.0012879,0.00094132,0.000780025,0.000646901
11690,6.622771,5.502742000000004,1.85809,0.0556794,0.00468935,0.00194423,0.00130597,0.000954521,0.000790965,0.000655974
11692,5.216877000000001,5.637909999999998,1.86071,0.351218,0.0299325,0.0123861,0.00831932,0.0060805,0.00503861,0.00417869
11693,5.342009,5.767643999999994,1.86111,0.0761876,0.0064742,0.00268781,0.00180544,0.00131958,0.00109347,0.000906856
11694,5.343039,5.771939999999996,1.86111,1.16881,0.096738,0.0401677,0.0269812,0.0197204,0.0163413,0.0135524
11695,6.933614,6.999134999999999,1.86121,0.0573655,0.00471687,0.00188093,0.00126252,0.000922726,0.000764615,0.000634121
11697,6.592619,5.000627000000005,1.86206,0.117027,0.0100455,0.00417135,0.00280195,0.00204793,0.00169702,0.00140739
11698,6.586801,5.003922000000006,1.86206,0.162061,0.0173527,0.00584624,0.00381171,0.00277106,0.00229448,0.00190246
11699,5.818217,6.260643000000003,1.86272,9.23368,0.667922,0.276941,0.186025,0.135964,0.112667,0.0934385
11700,5.352373,5.704434000000003,1.86292,0.65375,0.0558133,0.0231668,0.0155614,0.0113738,0.00942487,0.00781636
11701,5.345579,5.701332000000002,1.86292,0.130191,0.0110115,0.00457187,0.00307099,0.00224457,0.00185996,0.00154253
11702,5.353678,5.697247000000006,1.86292,0.103425,0.00848928,0.00352509,0.00236785,0.00173065,0.0014341,0.00118935
11703,5.352318,5.698555000000001,1.86292,0.14271,0.0115756,0.00480306,0.00322628,0.00235807,0.00195401,0.00162053
11706,5.16011,5.625022000000004,1.86371,0.0587984,0.00496132,0.00205917,0.00138317,0.00101095,0.000837725,0.000694754
11707,5.15688,5.616998999999998,1.86371,0.279821,0.0238615,0.00990594,0.00665395,0.00486333,0.00403,0.00334222
11708,6.500072,6.502294999999994,1.86411,0.131592,0.0113263,0.00470318,0.00315919,0.00230903,0.00191338,0.00158683
11709,6.870999,6.454732000000002,1.86416,0.59419,0.0469325,0.0193865,0.013022,0.00951772,0.00788687,0.00654085
11710,6.989315,7.180916999999998,1.86476,0.530111,0.0438719,0.0178296,0.0119743,0.00875189,0.00725226,0.00601454
11711,6.002371,5.836920000000003,1.86481,0.250714,0.0279338,0.0120371,0.00744407,0.00501209,0.00397483,0.00318398
11712,5.300868,6.921703000000006,1.86554,0.0844404,0.00717842,0.0029807,0.00200218,0.00146338,0.00121263,0.00100568
11713,5.501946,5.591476000000005,1.86679,0.106709,0.00911825,0.00378627,0.00254329,0.00185888,0.00154036,0.00127747
11714,5.505519,5.590791999999998,1.86679,1.46906,0.121665,0.0505201,0.0339351,0.0248029,0.020553,0.0170453
11715,5.295234,5.698813000000003,1.86701,0.0604312,0.00597734,0.00242363,0.00154807,0.00109355,0.000893487,0.000734189
11720,5.203947,5.471415,1.86858,0.0579058,0.00496918,0.00205509,0.00138028,0.00100883,0.000835963,0.000693292
11723,7.105602,6.913417000000003,1.86921,0.159899,0.0137632,0.00571493,0.0038388,0.00280575,0.00232499,0.00192819
11724,7.10373,6.909414000000001,1.86921,0.066715,0.00533233,0.002212,0.00148583,0.00108599,0.000899902,0.000746319
11725,5.416612,5.607740000000002,1.8706,0.109905,0.00944105,0.00392025,0.00263329,0.00192465,0.00159487,0.00132268
11726,5.413506,5.608766000000001,1.8706,0.0818985,0.00799497,0.0029056,0.00190454,0.00138348,0.00114501,0.000949145
11727,6.972891,6.783778000000001,1.87088,2.35106,0.195284,0.0808617,0.0543152,0.0396986,0.0328963,0.027282
11728,7.099520000000001,5.731372000000005,1.87254,0.538684,0.046272,0.0191438,0.0128586,0.00939824,0.00778785,0.00645873
11730,7.017042,6.763361999999998,1.87437,0.79163,0.0554121,0.0230093,0.0154557,0.0112965,0.00936081,0.00776324
11731,4.871505,7.185024000000004,1.87538,0.0604644,0.00509939,0.00211748,0.00142234,0.00103958,0.000861449,0.000714429
11732,4.873514,7.190404000000005,1.87538,0.0721084,0.0063611,0.00257845,0.00172356,0.00125799,0.00104211,0.00086414
11733,5.476019,6.293933999999999,1.8754,0.176085,0.0148609,0.00617079,0.00414501,0.00302956,0.00251045,0.002082
11734,5.80317,6.3499470000000064,1.87682,0.0793885,0.00811376,0.00322755,0.00203418,0.00143129,0.00116953,0.000961896
11735,6.850779,6.709936999999995,1.87682,0.0644969,0.00553401,0.00229787,0.00154351,0.00112814,0.000934836,0.000775291
11736,6.209365,6.492075999999994,1.87695,0.176679,0.0151025,0.00623164,0.00418401,0.00305782,0.00253384,0.00210139
11738,6.768967000000001,6.6872200000000035,1.87754,0.138368,0.011319,0.00465984,0.00312967,0.00228744,0.00189549,0.00157199
11740,5.3347,5.530181999999994,1.87944,0.0678688,0.00584127,0.00242443,0.00162852,0.00119027,0.000986319,0.000817988
11741,5.272863,5.105994,1.87953,0.14759,0.0124971,0.00518915,0.00348562,0.00254762,0.00211109,0.0017508
11742,5.282599,5.109653000000002,1.87953,0.0833097,0.00713454,0.00296257,0.00199,0.00145448,0.00120525,0.000999558
11743,5.132244,5.758811000000004,1.87959,0.0885696,0.00761543,0.00316225,0.00212413,0.00155251,0.00128649,0.00106693
11744,5.130641,5.7589,1.87959,0.284607,0.19114,0.258852,0.224033,0.169091,0.131952,0.0967579
11745,6.841526,6.626359,1.87986,0.0829101,0.00712377,0.00295809,0.00198699,0.00145228,0.00120343,0.000998046
11748,6.170727,6.509232999999997,1.8799,0.053714,0.00461175,0.00190232,0.00127741,0.000933612,0.000773635,0.000641601
11749,6.589883,5.556343000000003,1.88035,0.102227,0.00847206,0.0035154,0.00236134,0.00172589,0.00143016,0.00118608
11750,6.590408,5.560610000000005,1.88035,0.172243,0.0141067,0.00585141,0.00393047,0.00287276,0.00238051,0.00197424
11754,5.144641,6.100757000000006,1.88106,0.0604707,0.00477311,0.00198196,0.00133131,0.000973047,0.000806316,0.000668705
11755,5.126648,6.096773000000003,1.88114,0.0511567,0.00439983,0.00182669,0.00122701,0.000896815,0.000743146,0.000616316
11756,5.133142000000001,6.104541999999998,1.88114,0.129572,0.0110964,0.00460765,0.00309503,0.00226213,0.00187452,0.0015546
11757,5.368016,5.3209129999999965,1.88241,0.337007,0.0286372,0.0118828,0.00798185,0.00583388,0.00483425,0.00400921
11758,5.262356,6.033493000000002,1.88265,0.242426,0.0278854,0.0117706,0.00721553,0.00484074,0.00383526,0.00307085
11759,5.262542,6.033784999999998,1.88265,0.0657017,0.00564688,0.00234482,0.00157505,0.0011512,0.000953939,0.000791134
11761,6.653807,7.177170000000005,1.8837,0.0515701,0.00441367,0.00183275,0.00123108,0.00089979,0.000745611,0.000618361
11762,4.988096,5.245908999999998,1.88397,0.412079,0.0341074,0.0141604,0.00951175,0.00695208,0.00576084,0.00477766
11763,6.416205,7.079909000000002,1.88471,0.0771388,0.0046898,0.00194667,0.00130761,0.000955723,0.00079196,0.000656799
11765,6.045309,6.591209999999998,1.88532,0.221271,0.0188186,0.00777514,0.00522241,0.00381702,0.00316298,0.00262316
11766,6.038722,6.588318,1.88532,0.552456,0.0427461,0.0175373,0.0117778,0.00860819,0.00713318,0.00591578
11767,5.285181,5.9998410000000035,1.88595,0.914415,0.077617,0.0322279,0.0216479,0.0158223,0.0131112,0.0108735
11768,5.297146,5.998103000000001,1.88595,0.135479,0.0115844,0.0047929,0.00321895,0.00235266,0.00194953,0.00161681
11769,6.603211,6.475113999999997,1.8863,6.122,4.66727,2.48014,1.31557,0.671762,0.419176,0.251776
11770,5.651396,7.186756999999999,1.8864,0.0754535,0.00698189,0.0026717,0.00177952,0.00129884,0.00107608,0.000892381
11771,6.088798,6.613400000000005,1.88689,0.0197408,0.0717274,0.159286,0.180832,0.174485,0.160068,0.139385
11772,6.0922920000000005,6.617743000000002,1.88689,0.347217,0.0285702,0.0118565,0.00796417,0.00582096,0.00482354,0.00400033
11773,5.144723,6.827158000000004,1.88691,1.47376,0.125523,0.0519147,0.0348703,0.0254864,0.0211193,0.017515
11774,5.311006,5.996689999999999,1.8872,0.10593,0.00890348,0.00352075,0.00235784,0.00172257,0.00142732,0.0011837
11775,5.309708,5.999972,1.8872,0.126323,0.0108298,0.00449693,0.00302065,0.00220777,0.00182947,0.00151724
11776,6.081436,6.640135999999997,1.88836,16.7551,1.46323,0.59317,0.39803,0.290889,0.241044,0.199905
11778,6.167926,6.583611000000001,1.88967,0.17957,0.137042,0.162211,0.129947,0.0918418,0.0687914,0.0483892
11779,6.167518,6.585234999999998,1.88967,0.0883216,0.00755836,0.00313856,0.00210821,0.00154088,0.00127685,0.00105894
11780,6.57528,7.196073999999995,1.8898,0.0647137,0.00557898,0.00231317,0.00155357,0.00113546,0.000940898,0.000780318
11782,6.290758,6.719702999999998,1.89087,0.27152,0.0233134,0.00968068,0.00650265,0.00475275,0.00393837,0.00326622
11783,6.290772,6.726761000000005,1.89087,1.34508,0.112724,0.0467756,0.0314198,0.0229645,0.0190296,0.0157819
11786,6.841655,7.141449000000006,1.89352,0.251106,0.0216168,0.00897548,0.00602895,0.00440652,0.00365147,0.00302829
11789,5.833367,6.180482999999999,1.89389,0.753872,0.0646892,0.0268616,0.0180433,0.0131877,0.010928,0.00906299
11791,5.121156,6.785838999999995,1.89536,0.0909676,0.00893983,0.0034264,0.00221679,0.00159399,0.00131424,0.00108701
11795,6.533262000000001,6.535503999999996,1.89673,0.483077,0.041387,0.0171832,0.0115422,0.00843612,0.00699059,0.00579754
11798,4.948441,7.106650000000001,1.89752,0.0899034,0.00735584,0.00305373,0.00205123,0.00149923,0.00124234,0.00103031
11800,5.7368,5.900119000000002,1.8979,0.138693,0.0116222,0.00482304,0.0032397,0.00236788,0.00196214,0.00162727
11801,4.935366,7.129023999999998,1.898,0.262538,0.0215563,0.00893829,0.00600397,0.00438826,0.00363634,0.00301574
11803,5.802747,5.9327060000000005,1.8994,0.0901532,0.00775459,0.00321996,0.00216289,0.00158084,0.00130997,0.0010864
11804,5.579147,5.948428000000004,1.90021,0.987697,0.0849053,0.0352465,0.0236756,0.0173043,0.0143392,0.011892
11805,5.583225,5.9500449999999985,1.90021,0.0661203,0.00569672,0.00235891,0.00158426,0.0011579,0.000959493,0.00079574
11807,6.284018,6.932443000000005,1.90056,17.7806,1.53673,0.634566,0.42611,0.311429,0.258065,0.214022
11808,6.507756,6.677940000000001,1.90069,0.0603996,0.00525162,0.0021514,0.00144101,0.00105223,0.000871716,0.000722854
11811,5.842407,5.959773999999995,1.9016,0.390812,0.0328443,0.0136383,0.00916107,0.00669577,0.00554845,0.00460152
11813,6.629008,6.657484000000006,1.90203,0.116898,0.00982992,0.00408181,0.00274181,0.00200397,0.00166059,0.00137718
11814,6.62351,6.656322000000004,1.90203,0.101398,0.0085419,0.00354633,0.00238212,0.00174108,0.00144275,0.00119652
11816,5.938092,5.457327000000007,1.90213,0.361397,0.0313187,0.0128756,0.00864019,0.00631392,0.00523189,0.00433894
11818,5.373459,5.472876000000001,1.90271,0.397435,0.0342188,0.0141971,0.00953617,0.00696991,0.00577562,0.00478991
11821,6.873228,7.181388000000004,1.90335,0.481652,0.0380785,0.0158109,0.0106204,0.00776241,0.00643232,0.00533454
11822,6.882731,7.177546000000002,1.90335,0.0500649,0.0040617,0.00163742,0.00109933,0.000803469,0.000665794,0.000552165
11823,5.515624,6.028037999999997,1.90354,0.116583,0.00534756,0.002218,0.00148986,0.00108893,0.000902341,0.000748342
11825,6.590821,5.036648999999999,1.90605,0.0603177,0.00956987,0.00264592,0.00149356,0.00102516,0.000836515,0.00068911
11827,6.131085,6.655830000000005,1.90662,0.0717385,0.00617281,0.00256321,0.00172175,0.00125841,0.00104278,0.000864817
11828,4.895045,6.573299000000002,1.9071,0.183645,0.01377,0.00571755,0.00384056,0.00280704,0.00232606,0.00192908
11829,5.371817,4.979829000000007,1.90806,0.240026,0.0206033,0.00855537,0.00574676,0.00420027,0.00348056,0.00288654
11830,6.854076,7.082507999999998,1.90893,0.0779383,0.00662492,0.00275087,0.0018478,0.00135054,0.00111913,0.000928132
11831,5.902999,5.980838999999994,1.90898,0.0698951,0.0060168,0.00249844,0.00167824,0.00122661,0.00101643,0.000842962
11832,6.016838,5.3645649999999945,1.91075,0.0605009,0.00517254,0.00214785,0.00144274,0.00105449,0.000873803,0.000724674
11833,6.021564,5.363188999999999,1.91075,0.180635,0.0142977,0.00582257,0.00390772,0.00285579,0.00236641,0.00196253
11834,6.632977,6.794448999999994,1.91175,0.0690365,0.00584229,0.00236995,0.00159068,0.00116253,0.000963326,0.000798918
11835,5.979775,7.054524999999998,1.91182,4.17,0.353119,0.146604,0.0984759,0.0719754,0.0596424,0.0494635
11836,5.980162,7.049567,1.91182,0.0677449,0.00570388,0.0023684,0.00159089,0.00116277,0.00096353,0.000799088
11841,6.0147,6.683970000000002,1.91646,0.0558752,0.0047287,0.00196145,0.00131753,0.000962976,0.000797971,0.000661784
11843,5.18082,6.3769860000000005,1.9172,0.117263,0.00546566,0.00224287,0.00150648,0.00110107,0.000912403,0.000756686
11844,6.748709,5.563831999999997,1.91781,1.28164,0.110234,0.0457527,0.0307326,0.0224623,0.0186134,0.0154367
11845,6.748801,5.566951000000002,1.91781,0.870844,0.0724405,0.0300572,0.0201897,0.0147565,0.012228,0.0101411
11846,5.865005,5.949355000000006,1.91847,0.268253,0.0229796,0.00952826,0.00639984,0.00467756,0.00387606,0.00321454
11848,5.498742,6.940738000000006,1.91936,0.115965,0.00798894,0.00331396,0.00222603,0.00162699,0.00134821,0.00111811
11849,5.494424,6.936306,1.91936,0.306702,0.0290244,0.0120312,0.00779615,0.00554392,0.00453844,0.00373262
11850,5.496324,6.945082999999998,1.91936,0.349917,0.201317,0.0795544,0.0338134,0.0149072,0.00905881,0.00576486
11851,5.498560000000001,6.939531999999995,1.91936,0.61104,0.105795,0.0830814,0.0611211,0.0417667,0.0312358,0.0223979
11853,5.441335,7.075968000000003,1.92102,0.24159,0.0876712,0.0342776,0.0154905,0.00757855,0.00502109,0.00349398
11854,6.53155,4.934819999999999,1.92146,0.314824,0.0252197,0.010394,0.00698146,0.00510269,0.00422835,0.00350671
11855,5.179289,6.394107000000003,1.92157,0.0549605,0.00473713,0.00196318,0.00131849,0.000963649,0.000798525,0.000662243
11863,6.407951,4.868993000000002,1.92474,0.0793401,0.00677497,0.00281319,0.00188966,0.00138114,0.00114448,0.000949159
11864,5.018191,6.5162529999999945,1.92521,0.051893,0.00432939,0.00179768,0.00120752,0.000882572,0.000731344,0.000606528
11866,6.530635000000001,6.782620000000001,1.9281,0.287639,0.0241849,0.0100369,0.00674188,0.0049276,0.00408326,0.00338638
11867,6.537393,6.786398000000004,1.9281,7.04005,2.7916,1.35837,0.7153,0.376058,0.245544,0.15918
11868,5.042838,6.691197000000004,1.92829,2.29598,0.194935,0.0809069,0.0543462,0.0397213,0.0329151,0.0272976
11869,5.043074,6.692977000000007,1.92829,0.0711185,0.00609721,0.00253182,0.00170066,0.001243,0.00103002,0.000854226
11870,6.953495,5.435678000000002,1.92958,0.457721,0.0341372,0.0141743,0.00952109,0.0069589,0.0057665,0.00478235
11871,5.010081,7.0009239999999995,1.92959,0.0718621,0.00612001,0.00253408,0.00170214,0.00124408,0.00103091,0.000854969
11872,5.001607,7.004059999999995,1.92959,0.294478,0.030568,0.011081,0.00710103,0.00510489,0.00421229,0.00348658
11873,5.004942,7.00113,1.92959,0.0536351,0.00443029,0.00183833,0.00123483,0.000902531,0.000747883,0.000620245
11874,6.867207,5.625203999999998,1.93024,0.0536082,0.00477629,0.00193221,0.0012875,0.000938402,0.000777045,0.00064421
11875,6.863955,5.624314000000004,1.93024,0.320012,0.0281353,0.0115677,0.00772025,0.00562548,0.00465697,0.00386009
11876,6.063553,6.945386,1.93089,6.83227,0.587449,0.243913,0.16384,0.119749,0.0992303,0.0822951
11877,6.932204,6.902015999999998,1.93113,0.110792,0.0170231,0.00623529,0.00345769,0.00219843,0.00171403,0.0013641
11878,6.088281,7.003712999999997,1.93221,0.41353,0.0355272,0.0147524,0.0099094,0.00724272,0.00600168,0.0049774
11880,7.009127,5.208229000000001,1.93281,0.413065,0.0345531,0.0143068,0.00960955,0.00702352,0.00582005,0.00482676
11881,5.052347,6.523553999999996,1.93312,0.134596,0.0115726,0.00480463,0.00322734,0.00235884,0.00195465,0.00162106
11885,7.187959,5.056988000000002,1.93404,0.096682,0.0121166,0.0051932,0.00311782,0.00203855,0.00158964,0.00125529
11886,7.183805000000001,5.053458000000001,1.93404,0.432786,0.0369394,0.0153382,0.0103029,0.00753032,0.00624,0.00517505
11887,6.96416,6.932452000000002,1.9342,0.0734057,0.00904807,0.00276458,0.00169008,0.00119662,0.000983765,0.000812939
11888,6.960617000000001,6.935444000000001,1.9342,0.0689202,0.0139204,0.00922007,0.00617255,0.00396888,0.00289302,0.00204572
11889,6.963568,6.927028000000005,1.9342,0.714832,0.0605081,0.0251165,0.0168711,0.012331,0.0102181,0.00847418
11891,5.42507,5.189906000000005,1.93526,0.0644771,0.00581574,0.00234135,0.0015542,0.00113109,0.000936237,0.000776049
11892,5.026009,6.799641000000002,1.93633,0.0502669,0.00421721,0.00175114,0.00117627,0.000859726,0.000712413,0.000590828
11893,6.984363,4.981167000000005,1.93657,0.0632796,0.00536945,0.00222958,0.00149764,0.00109461,0.000907053,0.000752249
11895,5.03189,6.5070530000000035,1.93695,0.27649,0.0138134,0.00547152,0.0036748,0.00268588,0.00222565,0.00184581
11896,5.881271,6.852281000000006,1.93698,0.0529057,0.00440155,0.0018277,0.00122769,0.000897312,0.000743558,0.000616658
11897,5.882145,6.850055999999999,1.93698,0.171234,0.0364811,0.0154884,0.00847194,0.00493315,0.00354836,0.00258782
11898,4.998061,6.466622000000006,1.93728,0.112707,0.00965159,0.00400416,0.00268963,0.00196583,0.00162899,0.00135097
11900,5.835355,6.781305000000006,1.93838,0.102774,0.00850837,0.00353292,0.00237311,0.00173449,0.00143729,0.00119199
11902,6.247976,5.452950000000002,1.93874,41.9393,3.56647,1.48067,0.994587,0.726937,0.602377,0.499572
11905,4.911105,6.130959000000001,1.94091,0.0556839,0.00473254,0.0019647,0.00131972,0.000964574,0.000799295,0.000662882
11906,5.404477,6.130985000000002,1.94098,1.39595,0.210734,0.0663628,0.03721,0.0248513,0.0199994,0.0163258
11907,5.545592,5.892720999999998,1.94141,0.0690167,0.00685372,0.00253812,0.0016395,0.00117979,0.000973142,0.000805102
11909,4.989997,6.389596000000003,1.94296,0.0880107,0.00744971,0.00309304,0.00207764,0.00151853,0.00125833,0.00104358
11910,6.941557,6.445054000000003,1.94319,0.0975061,0.00842287,0.00344987,0.00231514,0.00169188,0.00140195,0.00116268
11911,5.499753,5.807383000000003,1.94371,0.113761,0.00953116,0.00366681,0.00245933,0.00179734,0.00148936,0.00123518
11912,4.831248000000001,6.963953000000007,1.94442,0.0988445,0.00847219,0.00351199,0.00235889,0.00172408,0.00142866,0.00118484
11913,7.173108,7.069796,1.94463,0.495235,0.0412095,0.0171038,0.0114888,0.0083971,0.00695826,0.00577072
11914,6.41726,6.936478999999997,1.94538,0.242452,0.0119202,0.00483728,0.00324898,0.00237466,0.00196776,0.00163193
11915,5.334824,5.721278999999994,1.94583,0.0681151,0.00580101,0.00239014,0.00160532,0.00117331,0.000972265,0.000806332
11916,5.328811,5.724486000000003,1.94583,0.0617835,0.00527018,0.00218012,0.00146416,0.00107012,0.000886753,0.000735413
11917,5.005723,6.370626999999996,1.94632,0.0673962,0.00577822,0.00239846,0.00161107,0.00117752,0.000975754,0.000809226
11920,7.190523000000001,7.032714000000001,1.94662,0.929912,0.0800506,0.0332155,0.022311,0.0163069,0.0135128,0.0112066
11921,5.109159,6.366968999999998,1.94832,0.0651737,0.00586383,0.00235537,0.00156571,0.00114016,0.000943873,0.000782422
11922,5.103848,6.365803999999997,1.94832,0.114245,0.0097898,0.00406515,0.00273062,0.00199579,0.00165381,0.00137156
11923,5.699065,5.303804999999996,1.94908,0.0529448,0.00422158,0.00175296,0.00117749,0.000860616,0.00071315,0.00059144
11924,5.181272,6.308913999999995,1.9493,0.406127,0.0351041,0.014335,0.00962403,0.00703384,0.00582858,0.00483384
11925,5.183878,6.305844999999997,1.9493,0.618165,0.0503184,0.0206807,0.013891,0.0101528,0.00841312,0.00697729
11926,5.178741,6.304541999999998,1.9493,14.7367,1.26828,0.526644,0.353755,0.258557,0.214253,0.177688
11927,6.757899,5.535137999999998,1.94965,2.85141,0.244345,0.101255,0.0680085,0.0497063,0.0411891,0.0341595
11928,7.110455,5.733489999999995,1.95107,24.8992,2.10933,0.871746,0.585497,0.427932,0.354606,0.294087
11931,6.653867,5.521326000000002,1.95487,0.0529984,0.00455635,0.00189172,0.00127069,0.00092874,0.000769601,0.000638256
11932,5.015897,4.863938000000002,1.95494,0.0768334,0.00660292,0.00274152,0.00184152,0.00134595,0.00111532,0.000924976
11933,5.014062,4.864235000000006,1.95494,0.554866,0.0377484,0.0156532,0.0105144,0.00768494,0.00636813,0.0052813
11934,5.31152,6.290547999999994,1.95623,2.29829,0.192804,0.0800337,0.0537597,0.0392926,0.0325599,0.027003
11935,5.317400000000001,6.285680999999999,1.95623,0.062843,0.00533965,0.00221583,0.0014884,0.00108786,0.000901457,0.000747609
11937,7.030328,5.709132999999995,1.95666,0.108171,0.00924279,0.003838,0.00257804,0.00188427,0.0015614,0.00129492
11938,6.603957,5.5857350000000014,1.95811,1.86935,0.1606,0.0666646,0.0447796,0.0327291,0.027121,0.0224923
11939,5.331369,5.3784939999999954,1.95857,0.0519887,0.0110827,0.00205369,0.00100746,0.000658179,0.000530852,0.00043514
11942,5.093107,5.038948999999996,1.9597,0.392045,0.0337385,0.0140097,0.00941052,0.00687809,0.00569953,0.00472682
11944,5.160255,5.915899000000006,1.95988,0.116263,0.00862835,0.0035828,0.00240662,0.00175898,0.00145758,0.00120882
11945,5.283233,5.327735,1.96009,0.0773289,0.00639911,0.0026547,0.00178319,0.00130333,0.00108,0.000895682
11946,5.27736,5.329807,1.96009,0.070231,0.00560367,0.00133969,0.000865091,0.000629036,0.000520933,0.000431958
11948,4.995526,4.9488520000000005,1.96056,0.105399,0.00897513,0.00372617,0.00250292,0.00182937,0.00151591,0.00125719
11949,4.997103,4.946723999999995,1.96056,0.159333,0.0109592,0.00452449,0.00303903,0.0022212,0.0018406,0.00152647
11950,4.998788,4.950265000000002,1.96056,0.718416,0.0618903,0.0255905,0.0171874,0.012562,0.0104095,0.00863298
11951,4.997465,4.949416000000004,1.96056,0.0583667,0.00446531,0.00185359,0.00124508,0.000910021,0.00075409,0.000625392
11952,5.179628,6.896214999999999,1.9609,0.0517685,0.00379342,0.00154884,0.00104004,0.000760138,0.000629888,0.000522387
11953,5.180775,6.895788000000002,1.9609,0.909265,0.074108,0.03076,0.0206619,0.0151016,0.012514,0.0103783
11956,6.686971000000001,5.369805999999993,1.96143,0.296749,0.0253772,0.0105377,0.00707834,0.00517351,0.00428703,0.00355538
11958,5.03828,4.965414999999997,1.96149,0.0937258,0.0124562,0.00322141,0.00198157,0.00142001,0.00117263,0.000971324
11959,5.567715,7.051962000000004,1.96175,1.528,0.239713,0.0927547,0.0515864,0.0322189,0.024728,0.0193815
11961,6.001898,5.516337999999998,1.96338,0.245577,0.0221723,0.00878132,0.00586316,0.00428067,0.00354661,0.00294118
11962,5.617189,5.570858000000006,1.96342,0.0715414,0.00556483,0.0022686,0.00152332,0.00111336,0.000922581,0.000765127
11963,5.619332000000001,5.575458000000001,1.96342,0.0603628,0.00503983,0.0020897,0.00140368,0.00102594,0.000850143,0.000705053
11965,6.389143,5.981991999999998,1.96573,0.084552,0.0068752,0.00285485,0.00191765,0.0014016,0.00116143,0.000963216
11968,6.219896,5.828786000000003,1.96809,0.475628,0.0408105,0.0169463,0.0113831,0.00831981,0.00689422,0.00571761
11969,5.938464,6.714026000000006,1.96879,0.193846,0.0172449,0.00661433,0.00441168,0.00322059,0.00266827,0.00221276
11971,5.120277,5.132208000000002,1.97063,0.0605843,0.0054923,0.00220205,0.00145923,0.00106079,0.000877645,0.000727273
11972,5.118892,5.130517999999999,1.97063,0.128476,0.0109608,0.00440759,0.00295876,0.00216246,0.00179192,0.0014861
11973,5.964278,5.653684000000005,1.97064,0.114865,0.00983906,0.0040856,0.00274435,0.00200583,0.00166213,0.00137846
11974,5.19027,6.416788000000004,1.9737,0.133724,0.0114984,0.00477436,0.003207,0.00234398,0.00194234,0.00161085
11975,5.190649,6.415751,1.9737,0.175959,0.0152536,0.00630558,0.00422911,0.00308947,0.00255978,0.0021228
11976,5.123124,6.417898000000004,1.97371,1.54401,0.129439,0.0537402,0.036098,0.0263838,0.021863,0.0181317
11978,5.094217,6.420903000000004,1.97402,0.0714552,0.0058787,0.00244108,0.00163971,0.00119845,0.000993096,0.000823608
11981,4.903468,6.511294000000004,1.97559,0.863712,0.0702231,0.0291597,0.019587,0.014316,0.0118629,0.00983834
11982,5.285722,5.60809,1.97653,0.150831,0.0122692,0.00508842,0.00341796,0.00249816,0.0020701,0.00171681
11983,5.979688,6.6623819999999965,1.97724,0.0567659,0.00470645,0.00195421,0.00131267,0.000959422,0.000795025,0.000659341
11984,6.208847,5.783200999999995,1.97782,1.18582,0.101563,0.0421729,0.0283281,0.0207048,0.0171571,0.0142289
11985,6.200915,5.773834000000005,1.97782,0.250918,0.045295,0.0283186,0.0181663,0.011283,0.00810349,0.0057057
11986,5.583858,5.761897000000006,1.97838,1.13614,0.0965674,0.0400019,0.0268694,0.0196387,0.0162736,0.0134962
11987,4.96097,6.528138999999996,1.9797,0.056822,0.00477698,0.00198332,0.00133223,0.000973715,0.000806869,0.000669164
11988,5.126232000000001,6.715587999999999,1.98,0.0763646,0.00637144,0.0026449,0.00177661,0.00129852,0.00107602,0.000892376
11989,5.171265,5.197685000000001,1.98169,0.206958,0.0165514,0.0068479,0.00459954,0.00336176,0.00278572,0.00231029
11990,5.567887,5.896578999999999,1.98242,0.177875,0.0153023,0.00634169,0.00425966,0.00311335,0.00257988,0.00213958
11991,5.460544,5.636260000000001,1.98266,0.0668504,0.00572765,0.002377,0.00159666,0.00116699,0.000967027,0.000801988
11992,5.071012,5.3510649999999975,1.98532,0.127694,0.010713,0.0043326,0.00290894,0.00212607,0.00176177,0.00146109
11993,5.867648,5.717974000000004,1.98649,0.139279,0.0119847,0.00497626,0.00334263,0.0024431,0.00202448,0.00167897
11994,4.873173,7.164621000000002,1.98701,1.60584,0.13816,0.0573675,0.0385345,0.0281646,0.0233387,0.0193555
11995,4.951392,4.801345999999998,1.99179,0.066039,0.00546467,0.00226915,0.00152422,0.00111404,0.000923153,0.000765602
11996,6.467061,6.382728999999999,1.99198,25.0283,2.1621,0.881885,0.591538,0.432249,0.358171,0.29704
11997,5.683235,6.318662999999995,1.99302,25.3934,1.92149,0.792321,0.532185,0.38897,0.32232,0.267311
12003,5.825446,6.3829620000000045,1.99437,0.0888329,0.00760648,0.00315852,0.00212162,0.00155068,0.00128497,0.00106567
12004,7.043812,6.466148000000002,1.9975,0.0663157,0.00562121,0.00233296,0.00156708,0.00114537,0.000949111,0.00078713
12005,5.933366,5.3618640000000015,2.00132,0.32651,0.0280665,0.0116544,0.00782845,0.00572176,0.00474134,0.00393216
12007,6.886598,4.816972000000004,2.00244,0.0591426,0.00958326,0.00254782,0.0014433,0.000997483,0.000816185,0.000673397
12008,6.890659000000001,4.819767000000001,2.00244,0.322696,0.0277018,0.0115028,0.00772663,0.00564734,0.00467967,0.00388101
12009,6.595127,6.680505999999995,2.00337,0.069711,0.00587556,0.00243747,0.00163727,0.00119667,0.000991622,0.000822386
12010,6.59214,6.676592000000002,2.00337,0.274753,0.0228288,0.00944539,0.00634405,0.00463678,0.00384227,0.00318652
12011,5.896554,6.016238000000005,2.0034,0.0650196,0.00559128,0.00231569,0.00155543,0.00113685,0.000942051,0.000781275
12012,6.541649,5.148190999999994,2.00373,17.2256,1.2428,0.516059,0.346644,0.25336,0.209947,0.174116
12013,6.54468,5.146836000000006,2.00373,0.451709,0.0379104,0.0157289,0.0105653,0.0077221,0.00639893,0.00530685
12014,5.883662,6.018616999999996,2.00461,0.0608135,0.00509915,0.00211579,0.0014212,0.00103875,0.000860757,0.000713855
12015,5.881053,6.022574999999998,2.00461,0.0543475,0.00461921,0.00191803,0.00128837,0.000941658,0.000780305,0.000647134
12016,6.174002,6.260620000000001,2.00664,0.0881869,0.00756961,0.00314323,0.00211135,0.00154317,0.00127875,0.00106051
12019,6.396608,5.993802999999995,2.01052,0.065986,0.00562027,0.00232209,0.0015595,0.00113981,0.000944501,0.000783306
12020,6.404291000000001,6.789917,2.01196,0.0855448,0.00710377,0.00294973,0.00198138,0.00144818,0.00120003,0.000995227
12021,6.407176,6.790320999999994,2.01196,0.18057,0.0177781,0.00664351,0.00432867,0.00313369,0.00259093,0.00214667
12022,6.410403,6.790982,2.01196,0.0663226,0.00567594,0.0023569,0.00158316,0.00115712,0.00095885,0.000795207
12023,4.828509,5.828274,2.01279,0.119537,0.0103821,0.00426781,0.00286284,0.00209181,0.00173329,0.00143745
12026,6.918254,4.815968000000004,2.01511,0.0646076,0.00551439,0.00228978,0.00153808,0.00112417,0.000931545,0.000772562
12027,7.053892,7.154411,2.0153,0.082417,0.0294528,0.011178,0.00505574,0.00249656,0.00166711,0.00116856
12028,5.16411,6.582424000000002,2.01623,2.25848,0.192439,0.0798834,0.0536586,0.0392187,0.0324986,0.0269522
12029,6.327442,6.327517999999996,2.0166,0.0513434,0.00441978,0.00183527,0.00123277,0.000901027,0.000746636,0.000619211
12031,7.143693,5.439569999999997,2.0179,0.0546769,0.00467707,0.00193695,0.00130105,0.000950931,0.00078799,0.000653506
12033,5.221558,6.913672000000005,2.01822,0.130481,0.0110229,0.00457316,0.00307184,0.00224519,0.00186048,0.00154296
12037,6.296511,6.067641000000002,2.01997,0.594422,0.0488836,0.0202753,0.0136192,0.00995416,0.00824852,0.00684078
12039,7.151163,5.202754999999998,2.0226,0.107019,0.00919674,0.00381888,0.0025652,0.00187489,0.00155363,0.00128848
12040,7.00999,5.5003039999999945,2.02292,0.0918669,0.00778873,0.00322801,0.00216821,0.00158473,0.00131319,0.00108907
12041,6.189545,6.0368729999999955,2.02384,4.13348,0.353769,0.146476,0.098385,0.0719087,0.0595872,0.0494177
12042,4.813408,6.1283349999999945,2.02633,27.1987,2.15448,0.888397,0.596679,0.436105,0.361378,0.299703
12043,6.660641,5.210839999999995,2.0273,0.0523329,0.00373517,0.00154375,0.0010369,0.000757864,0.000628005,0.000520825
12045,6.800105,5.267478999999996,2.02966,0.0700802,0.00602202,0.0025006,0.00167969,0.00122768,0.00101731,0.000843693
12047,7.197649,5.005543000000004,2.03074,0.10691,0.00915499,0.00380038,0.00255276,0.0018658,0.00154609,0.00128223
12050,5.61278,7.123756999999998,2.03254,0.0559283,0.00476114,0.0019769,0.00132791,0.000970561,0.000804256,0.000666997
12051,6.805842,5.353955000000001,2.03433,0.130319,0.0111484,0.00462919,0.00310949,0.00227271,0.00188328,0.00156187
12052,6.930927,6.280078999999998,2.03465,0.108203,0.00928348,0.00385166,0.00258717,0.00189094,0.00156693,0.00129951
12055,5.228802000000001,7.164760999999996,2.0362,1.18684,0.101823,0.0422725,0.028395,0.0207537,0.0171976,0.0142626
12056,5.692101,6.174792000000002,2.03818,1.1846,0.101717,0.0422347,0.0283697,0.0207352,0.0171822,0.0142498
12058,5.997377,6.294260000000003,2.04119,0.0934652,0.00804662,0.00334087,0.00224411,0.0016402,0.00135916,0.00112719
12059,6.190615,6.007927999999995,2.04253,0.0851403,0.00688673,0.00261457,0.00174715,0.00127605,0.0010573,0.000876828
12060,5.866012,6.593393000000004,2.04259,0.0375914,0.0633847,0.063973,0.0443346,0.0271188,0.0183883,0.011605
12061,5.977074,6.302540999999999,2.04355,0.0616404,0.00597884,0.00215743,0.00140903,0.00102167,0.000845089,0.000700319
12062,5.10536,5.861677000000007,2.04375,0.11339,0.00967428,0.00401709,0.00269834,0.0019722,0.00163426,0.00135535
12063,5.112663,5.860505000000003,2.04375,0.163738,0.0140384,0.00582926,0.0039156,0.00286188,0.0023715,0.00196677
12064,6.246757,7.109507,2.04431,0.0529443,0.00460325,0.00187156,0.00125588,0.000917816,0.000760541,0.000630741
12070,6.172363,5.982196000000004,2.04593,0.114415,0.0260689,0.0155897,0.00963886,0.00581443,0.00410307,0.00283711
12071,6.172931,5.980453999999998,2.04593,0.134866,0.0111028,0.00461021,0.00309674,0.00226339,0.00187556,0.00155547
12072,5.816642,6.564114000000007,2.04627,0.0588381,0.00498023,0.00206795,0.00138907,0.00101527,0.0008413,0.000697719
12073,6.038669,5.370282999999996,2.04658,0.0567846,0.00492634,0.00199103,0.00133561,0.000976037,0.00080878,0.000670746
12075,5.816984,6.230955000000004,2.04814,3.06911,0.258335,0.107169,0.0719865,0.0526145,0.043599,0.0361582
12076,6.138617,5.025013000000006,2.04928,0.0686639,0.00589518,0.00244794,0.00164431,0.00120182,0.000995887,0.000825923
12077,4.92376,5.060152000000007,2.05334,0.0335681,0.0520708,0.0188209,0.00775285,0.0031432,0.00169392,0.000882436
12078,4.925289,5.056413000000005,2.05334,0.0743475,0.00627242,0.00260451,0.00174949,0.00127869,0.00105959,0.000878751
12079,5.715777000000001,6.2204349999999975,2.05372,0.0506993,0.00422912,0.00175553,0.00117921,0.000861877,0.000714195,0.000592306
12080,5.437591,7.188843000000003,2.05689,0.134145,0.0116302,0.00468304,0.00314335,0.00229734,0.00190369,0.00157879
12081,5.141035,5.566965999999998,2.062,0.0509076,0.0043111,0.00178821,0.00120117,0.000877924,0.000727492,0.000603334
12082,6.246728,5.843403000000001,2.0629,0.288365,0.0259795,0.0092842,0.00621385,0.00454065,0.00376256,0.00312041
12086,5.303704,5.282080999999999,2.0644,0.534314,0.0441351,0.0183267,0.0123103,0.0089975,0.00745579,0.00618334
12089,5.454033,5.453703000000003,2.06508,0.0906026,0.00777966,0.00323044,0.00216993,0.00158599,0.00131423,0.00108994
12096,6.242581,6.9680450000000045,2.07151,1.37662,0.118347,0.0491428,0.0330099,0.0241267,0.0199926,0.0165806
12099,5.940916,5.931012999999998,2.07549,0.0883104,0.00759581,0.00315385,0.00211848,0.00154839,0.00128307,0.00106409
12101,5.710694,6.387187999999997,2.07746,0.113957,0.00980802,0.00407272,0.0027357,0.00199951,0.00165689,0.00137412
12103,6.049388,6.9800539999999955,2.07778,0.0858948,0.00692667,0.00287406,0.00193055,0.00141103,0.00116925,0.000969697
12104,6.8390390000000005,6.584641000000003,2.07896,0.108879,0.00877081,0.00363971,0.00244484,0.00178692,0.00148073,0.00122802
12105,5.68065,5.307352000000001,2.07926,0.105582,0.0087983,0.00363128,0.00243856,0.00178226,0.00147687,0.00122481
12106,6.421937,5.816055999999997,2.08196,0.530967,0.0454618,0.0188776,0.0126804,0.009268,0.00767993,0.00636923
12107,6.365515,5.820771000000002,2.08298,0.188811,0.0157797,0.0065274,0.00438415,0.00320432,0.00265526,0.0022021
12108,6.588035,4.817911000000002,2.08573,0.20753,0.0178401,0.00740793,0.00497601,0.00363694,0.00301375,0.0024994
12109,6.307120000000001,5.844832000000003,2.08599,0.110995,0.00952815,0.00395644,0.0026576,0.00194242,0.00160959,0.00133489
12112,5.589686,5.525516999999995,2.08994,0.0744614,0.00639023,0.00265328,0.00178225,0.00130263,0.00107943,0.000895207
12113,6.536812,5.046500999999998,2.09309,0.443794,0.0367532,0.0152615,0.0102514,0.00749268,0.00620881,0.00514918
12114,6.540539,5.043874999999996,2.09309,0.0754097,0.00638432,0.00264958,0.00177975,0.00130081,0.00107792,0.000893953
12116,5.778914,5.696571000000005,2.09984,0.0611571,0.00519416,0.00215683,0.00144878,0.0010589,0.000877458,0.000727706
12117,6.973464,6.707406,2.10143,0.0504059,0.00412736,0.00171375,0.00115115,0.00084137,0.000697202,0.000578213
12119,6.799269,6.564249999999998,2.10456,0.13761,0.0114389,0.00474884,0.00318986,0.00233145,0.00193196,0.00160224
12120,5.228246,6.085975000000004,2.1056,0.532678,0.345318,0.15928,0.0785283,0.0382763,0.0235872,0.0143073
12121,5.227407,6.085547000000004,2.1056,0.546734,0.0470093,0.0195201,0.0131119,0.00958343,0.00794131,0.006586
12122,6.092873,7.013567999999996,2.10604,0.288659,0.0178905,0.00708534,0.00475416,0.00347445,0.00287908,0.00238771
12123,6.268553,5.840720000000003,2.10666,0.110622,0.00948303,0.00393772,0.00264502,0.00193323,0.00160197,0.00132857
12124,4.829776,5.477197,2.10864,0.421908,0.0358309,0.0148708,0.00998892,0.00730084,0.00604984,0.00501734
12125,4.828731,5.475203999999995,2.10864,0.122016,0.010481,0.00435213,0.00292339,0.00213669,0.00177057,0.00146839
12126,6.395209000000001,6.028811,2.1106,0.0969364,0.0083436,0.00346462,0.00232724,0.00170096,0.0014095,0.00116895
12127,5.018477,6.382917000000005,2.11092,0.0530473,0.0104618,0.00345185,0.00179802,0.00107691,0.000809983,0.000624725
12128,5.01701,6.382569999999994,2.11092,0.251765,0.0216432,0.00898665,0.00603646,0.00441201,0.00365602,0.00303206
12129,6.055459,5.056261999999994,2.11236,0.758244,0.0687408,0.0270936,0.0180467,0.0131647,0.010905,0.0090427
12130,6.051723,5.060650000000003,2.11236,0.0722089,0.00622267,0.00234729,0.00156801,0.00114523,0.000948911,0.000786947
12131,6.126931,6.984761999999998,2.11258,0.328405,0.0281143,0.0116743,0.00784176,0.00573149,0.00474941,0.00393884
12133,5.785785,6.586562999999995,2.11313,0.215187,0.0184678,0.00766856,0.00515108,0.00376489,0.00311978,0.00258734
12134,7.139665,5.8153289999999975,2.11477,0.398702,0.0339408,0.0140921,0.00946584,0.00691852,0.00573304,0.0047546
12135,6.372823,5.982620000000001,2.11529,0.353849,0.0304127,0.0126244,0.00847995,0.00619794,0.00513592,0.0042594
12136,7.181568000000001,6.767467999999999,2.1161,0.153269,0.0130589,0.0054225,0.00364237,0.00266218,0.00220602,0.00182953
12137,5.631867,6.719118,2.11618,0.0570026,0.00488595,0.00202836,0.00136248,0.000995826,0.000825192,0.00068436
12139,6.395383,4.9707970000000055,2.1178,1.20723,0.102632,0.042438,0.0285055,0.0208345,0.0172645,0.014318
12140,6.400714,4.968509999999995,2.1178,0.0880803,0.00783097,0.0030959,0.00207221,0.00151382,0.00125435,0.00104026
12141,5.867228000000001,5.265824000000005,2.11789,0.399773,0.0341499,0.0141804,0.00952518,0.00696189,0.00576897,0.00478441
12142,5.864798,5.270538999999997,2.11789,0.0810886,0.0112777,0.00800562,0.00589994,0.00411697,0.00314501,0.00231962
12143,5.906462,5.314850000000005,2.11889,0.368929,0.0317623,0.0131891,0.00885928,0.00647519,0.00536567,0.00444993
12144,4.839285,6.956761999999995,2.11937,0.679212,0.0589657,0.0243576,0.0163286,0.0119259,0.00988057,0.00819358
12149,6.31029,6.847596000000005,2.12404,0.050276,0.00412719,0.00171379,0.00115118,0.000841386,0.000697215,0.000578224
12151,5.328498,6.427648999999999,2.12877,1.68214,0.144449,0.0599815,0.0402904,0.029448,0.0244021,0.0202375
12152,5.323067,6.423744000000003,2.12877,0.0860721,0.00750452,0.0030494,0.00204578,0.00149502,0.00123883,0.0010274
12154,6.5100620000000005,6.785628,2.12967,0.125915,0.0106997,0.00444296,0.0029844,0.00218128,0.00180752,0.00149904
12155,6.258807,6.915476000000002,2.12987,0.0900826,0.0077438,0.00321534,0.00215979,0.00157857,0.00130809,0.00108484
12156,6.65493,6.125368000000005,2.13826,2.135,0.180097,0.0730422,0.048967,0.0357759,0.0296437,0.0245839
12157,5.742175,6.5983000000000045,2.1385,0.879666,0.0755665,0.0311904,0.0209482,0.0153108,0.0126873,0.010522
12159,5.269312,6.572000000000006,2.13965,0.0693116,0.00553975,0.00230034,0.00154517,0.00112936,0.000935843,0.000776126
12160,5.272873,6.567103999999998,2.13965,0.0572599,0.00604638,0.00215819,0.00137709,0.000988329,0.000815118,0.000674511
12161,5.949373,5.544200999999995,2.14141,0.0700638,0.00594816,0.00246984,0.00165902,0.00121257,0.0010048,0.000833312
12162,5.085998,5.162565,2.1418,0.099691,0.00879371,0.00357123,0.00238616,0.0017411,0.00144216,0.00119581
12163,6.19196,6.752836999999997,2.14202,0.0595298,0.00553934,0.00275169,0.00200233,0.00150612,0.00124328,0.00101012
12166,6.761296,6.782034,2.14516,0.989602,0.0846794,0.0351626,0.0236192,0.0172631,0.0143051,0.0118637
12167,6.760625,6.780056000000004,2.14516,0.24941,0.0218494,0.00895808,0.005989,0.0043684,0.00361749,0.00299899
12169,6.595279,6.848786000000002,2.14616,0.0982166,0.186419,0.153749,0.10047,0.0598694,0.0403518,0.0255117
12170,5.611491,5.244381,2.14624,0.671444,0.0575565,0.0238837,0.0160426,0.0117254,0.00971628,0.00805804
12171,5.564156,4.859389000000005,2.1492,0.155028,0.0132288,0.00549316,0.00368983,0.00269687,0.00223477,0.00185337
12172,6.08794,6.607560000000005,2.15061,0.567382,0.046789,0.0194257,0.0130485,0.00953707,0.0079029,0.00655414
12175,5.648769,4.967257000000003,2.15562,0.463442,0.0388094,0.0160989,0.0108138,0.00790371,0.00654942,0.00543165
12176,5.643571,4.967798999999996,2.15562,0.136779,0.0116267,0.0048279,0.00324297,0.00237027,0.00196412,0.00162891
12178,7.14369,7.173740000000004,2.16059,0.0524234,0.00463991,0.00178083,0.00118255,0.000861743,0.000713617,0.000591661
12180,6.331262,4.803745999999997,2.16364,0.082738,0.00677298,0.00280048,0.00188108,0.00137487,0.00113929,0.000944849
12181,5.73175,6.954065000000005,2.16493,0.329107,0.028222,0.011719,0.0078718,0.00575345,0.0047676,0.00395393
12188,6.983069,6.012930999999995,2.16744,0.233915,0.0198422,0.00819532,0.00550472,0.00402336,0.00333396,0.00276496
12189,5.174463,6.517575000000005,2.16756,0.115871,0.00980555,0.00407169,0.00273501,0.001999,0.00165647,0.00137377
12190,5.161432,6.546565000000005,2.16784,0.988036,0.143909,0.0522599,0.0298031,0.0192898,0.0151086,0.0120285
12195,5.810676,6.102777000000003,2.17295,0.105443,0.00890565,0.00369594,0.00248262,0.00181453,0.00150361,0.00124699
12197,5.878277,5.6563380000000025,2.17712,0.0834514,0.0068563,0.00284702,0.00191239,0.00139775,0.00115825,0.000960574
12198,6.088397,6.850147000000002,2.17785,0.0935206,0.00793948,0.00329648,0.00221429,0.00161841,0.0013411,0.00111222
12199,5.441299,5.191412999999997,2.17856,1.73359,0.153885,0.0571476,0.0381283,0.0278436,0.0230703,0.0191325
12204,5.525012,6.0775510000000015,2.18639,0.161813,0.0123304,0.0050428,0.00338722,0.00247569,0.00205148,0.00170137
12205,6.684129,6.437976000000006,2.18712,5.93001,0.508253,0.211047,0.141763,0.103614,0.0858598,0.0712064
12206,5.239196,6.471138000000001,2.18744,0.274372,0.0234321,0.00972694,0.00653372,0.00477546,0.00395718,0.00328183
12208,5.565556000000001,6.746131000000007,2.18771,1.65856,0.138379,0.0573581,0.0385278,0.0281597,0.0233346,0.0193521
12209,5.522337,6.116662999999999,2.18783,0.207672,0.0162382,0.00673376,0.00452312,0.00330592,0.00273945,0.00227192
12210,5.603027,6.645872999999998,2.18811,0.0549381,0.00470694,0.0019542,0.00131267,0.000959419,0.000795023,0.00065934
12212,5.522456,6.6250440000000035,2.19028,0.312972,0.026733,0.0110999,0.00745599,0.00544953,0.00451576,0.00374507
12213,5.520565,6.631045000000005,2.19028,19.4637,73.2868,110.864,100.817,79.9067,64.5298,49.1354
12214,6.870202,6.943897999999995,2.19156,0.423797,0.0337076,0.0139959,0.00940124,0.0068713,0.00569391,0.00472215
12215,6.403054,5.011297999999999,2.19246,0.099642,0.00721118,0.00299384,0.002011,0.00146983,0.00121798,0.00101011
12216,5.25168,6.632901000000002,2.19314,2.34475,0.18131,0.075206,0.0505168,0.0369224,0.0305958,0.0253741
12217,6.855817,6.669076000000003,2.19317,0.335803,0.0289113,0.0120048,0.00806379,0.00589377,0.00488388,0.00405037
12220,5.427445,6.600832999999995,2.1956,0.112192,0.0123391,0.00433708,0.00273605,0.00195774,0.00161404,0.00133563
12222,6.385918,5.035055000000006,2.19596,0.0928771,0.00753425,0.00312851,0.00210147,0.00153595,0.00127276,0.00105555
12228,6.555754,5.141333000000002,2.20032,8.24446,0.658916,0.273608,0.183786,0.134328,0.111311,0.0923141
12229,5.4363090000000005,6.565481999999996,2.20135,0.0659136,0.00566373,0.00235084,0.00157909,0.00115415,0.000956385,0.000793163
12233,6.815364,5.239257000000006,2.20607,9.48163,0.813183,0.337667,0.226816,0.165778,0.137372,0.113928
12236,5.967158,6.939602000000005,2.20939,0.362591,0.0310767,0.012831,0.00861512,0.00629627,0.00521734,0.0043269
12237,5.260611,5.749200999999994,2.20968,1.0428,0.0865747,0.0359395,0.024141,0.0176445,0.0146212,0.0121258
12238,5.421127,5.191065999999999,2.21041,0.141646,0.0124906,0.00493519,0.0032964,0.0024065,0.00199373,0.00165334
12239,6.729624,6.901963000000005,2.21138,0.258834,0.0222189,0.00922568,0.00619702,0.00452936,0.00375326,0.00311271
12240,5.095481,5.498257999999996,2.21139,0.107033,0.00921421,0.00382602,0.00256999,0.00187839,0.00155653,0.00129088
12241,5.094762,5.507552000000003,2.21139,0.839689,0.0762781,0.0320459,0.0211494,0.0151853,0.0124637,0.010258
12243,6.624629,6.191669999999997,2.2127,0.271814,0.0233245,0.00968537,0.0065058,0.00475505,0.00394027,0.0032678
12244,6.700078,6.077310000000003,2.21318,0.068103,0.00931855,0.00353361,0.00203749,0.00133067,0.00104868,0.000840003
12245,5.470138,6.605041000000006,2.21431,0.0510205,0.0042778,0.00177624,0.00119313,0.000872048,0.000722623,0.000599296
12247,5.066337,5.532765999999995,2.21705,1.97977,0.174154,0.0711303,0.0475097,0.0346439,0.0286871,0.0237819
12248,5.226029,5.482851999999995,2.21781,0.301213,0.0259189,0.0107627,0.00722943,0.00528394,0.00437854,0.00363127
12249,5.66559,5.923508000000004,2.21805,0.0710237,0.00519663,0.00215482,0.00144742,0.00105791,0.00087664,0.000727027
12250,5.234943000000001,5.264940999999999,2.21909,0.0502689,0.00431612,0.00179223,0.00120387,0.000879899,0.000729129,0.000604691
12251,5.698220000000001,6.638403000000002,2.22186,0.217321,0.0186839,0.0077543,0.00520866,0.00380697,0.00315465,0.00261626
12252,6.115358,6.576440999999996,2.22403,0.0755618,0.00622285,0.00258266,0.0017348,0.00126796,0.00105069,0.000871375
12253,5.698071,6.650646000000004,2.22407,0.0704256,0.00605824,0.00251475,0.00168918,0.00123461,0.00102306,0.000848461
12254,4.992543,5.444739999999994,2.22745,0.0687518,0.00559704,0.00231651,0.00155599,0.00113726,0.000942395,0.00078156
12255,4.993292,5.455441000000005,2.22745,0.0535,0.00457714,0.00189577,0.00127339,0.000930713,0.000771236,0.000639612
12256,4.920545000000001,5.125558000000004,2.22819,0.0808517,0.00702453,0.00287527,0.00193039,0.00141085,0.0011691,0.000969572
12257,6.62837,6.218558999999996,2.22986,0.272158,0.0227786,0.00945858,0.00635347,0.00464371,0.00384801,0.00319129
12258,4.970647,5.334011999999998,2.22997,0.280925,0.0220319,0.00914311,0.00614155,0.00448882,0.00371967,0.00308484
12260,5.471794,5.074311000000001,2.23511,0.46326,0.213699,0.0271227,0.0099151,0.00579019,0.00457443,0.00372714
12261,5.481326,5.074820999999995,2.23511,0.0503021,0.00431292,0.00179091,0.00120298,0.000879251,0.000728592,0.000604246
12263,4.845683,5.430430000000001,2.23669,0.060238,0.00374615,0.00155527,0.0010447,0.000763564,0.000632728,0.000524743
12267,6.570904,6.294569999999995,2.24534,0.103239,0.00868621,0.00356487,0.00239338,0.0017492,0.00144947,0.00120209
12268,6.569877,6.295882000000004,2.24534,0.0748894,0.00644158,0.00267455,0.00179654,0.00131308,0.00108808,0.000902383
12269,4.992116,5.768946000000002,2.24555,0.0566074,0.00477531,0.00198292,0.00133195,0.000973516,0.000806705,0.000669027
12270,4.985251,5.771160000000004,2.24555,0.944622,0.0773972,0.0321379,0.0215875,0.0157782,0.0130746,0.0108432
12271,4.927366,5.961365000000002,2.24691,0.156591,0.0134124,0.00556941,0.00374105,0.00273431,0.00226579,0.0018791
12272,6.466975,5.509438999999996,2.2489,0.0514418,0.00420621,0.00174659,0.00117321,0.000857492,0.000710561,0.000589293
12273,6.59305,6.154088999999997,2.24965,0.202027,0.0176744,0.00702289,0.00469514,0.00342834,0.00284042,0.00235551
12274,5.845174,5.971296999999999,2.25233,1.29946,0.111926,0.0464731,0.0312166,0.022816,0.0189065,0.0156798
12275,5.859182,5.879498999999994,2.25463,1.05378,0.0902598,0.0374798,0.0251757,0.0184008,0.0152478,0.0126455
12277,5.627302,6.01226,2.26022,0.0623401,0.00526689,0.00218406,0.00146706,0.00107226,0.000888531,0.000736889
12278,6.921372,5.802418000000002,2.26388,0.0684369,0.00588083,0.00244095,0.00163962,0.00119839,0.000993045,0.000823566
12282,6.172592,6.551323000000002,2.27721,0.123908,0.0101443,0.00420819,0.00282668,0.002066,0.00171199,0.00141981
12284,5.887792,4.839228999999996,2.28476,0.683534,0.0588549,0.0244391,0.0164161,0.0119984,0.00994251,0.00824566
12289,5.165411,6.090277999999995,2.2999,0.162965,0.0138736,0.00573084,0.00384862,0.00281286,0.00233087,0.00193306
12290,6.136026,4.815923000000004,2.301,0.0646184,0.00537881,0.0022294,0.00149751,0.00109452,0.000906977,0.000752187
12291,6.257877000000001,5.143386999999994,2.30672,0.29818,0.0241713,0.00979678,0.00657834,0.00480798,0.00398413,0.00330417
12292,5.541227,7.048731000000002,2.31897,0.0786471,0.00674236,0.00279501,0.00187742,0.0013722,0.00113707,0.000943012
12293,5.331467,6.256315000000002,2.32357,0.112532,0.00968776,0.00402174,0.00270145,0.00197447,0.00163615,0.00135691
12295,5.097477,4.898549000000001,2.33201,0.0618862,0.00527673,0.00219091,0.00147166,0.00107563,0.00089132,0.000739202
12299,5.52705,7.075190000000005,2.34121,0.15178,0.0124316,0.00509684,0.0034233,0.00250206,0.00207333,0.00171949
12301,5.311627,5.736230999999994,2.34889,0.134228,0.0111136,0.00459425,0.00308569,0.00225529,0.00186885,0.0015499
12303,6.870075000000001,5.640585000000003,2.35207,0.144351,0.0122842,0.00510095,0.00342638,0.00250432,0.00207521,0.00172104
12304,6.861295,5.619562000000005,2.35309,0.273266,0.0232616,0.00964823,0.00648082,0.00473679,0.00392514,0.00325525
12307,6.730027,6.1053069999999945,2.36226,1.06971,0.092631,0.0381517,0.0256148,0.0187206,0.0155128,0.0128653
12308,5.350244,5.649028999999995,2.36227,0.0735973,0.00581614,0.00241118,0.00161961,0.00118376,0.000980925,0.000813515
12309,6.333063,4.888286000000005,2.36276,0.0537618,0.00437557,0.00181645,0.00122014,0.000891791,0.000738983,0.000612863
12310,6.195314,6.752489999999998,2.36321,0.151989,0.015253,0.00595906,0.00380663,0.00270762,0.00222202,0.00183225
12311,6.630759,6.622785999999993,2.36415,0.196913,0.0169368,0.00703214,0.00472359,0.00345244,0.00286087,0.00237261
12312,6.240899,6.4492890000000065,2.36512,0.1468,0.0116729,0.00484581,0.003255,0.00237906,0.00197141,0.00163496
12314,6.212008,6.501135,2.36687,0.050111,0.00429744,0.00178448,0.00119866,0.000876095,0.000725977,0.000602077
12316,5.331454,5.575601999999998,2.37535,0.933,0.0804356,0.0333073,0.0223714,0.0163511,0.0135493,0.0112369
12317,6.720065000000001,6.295454999999995,2.37648,0.174417,0.0149253,0.00619692,0.00416256,0.00304239,0.00252108,0.00209081
12318,5.739427,6.802685999999994,2.37653,0.104898,0.00894455,0.00371395,0.00249471,0.00182337,0.00151093,0.00125307
12319,6.421229,5.888652000000003,2.38101,0.0642874,0.00549921,0.00228065,0.00153192,0.00111967,0.000927813,0.000769467
12322,5.180544000000001,5.999194000000002,2.39572,0.438713,0.0375402,0.0155883,0.0104709,0.00765309,0.00634174,0.00525942
12323,5.90867,6.1541580000000025,2.39574,0.0592464,0.00483811,0.00200566,0.00134723,0.000984682,0.000815957,0.000676701
12325,6.757293,6.591862000000006,2.39919,0.017041,0.0601617,0.0604271,0.0421596,0.0260944,0.0178642,0.0113947
12326,4.884576,5.655061000000004,2.40041,0.452006,0.039776,0.0162125,0.0108492,0.00792224,0.0065636,0.00544306
12329,4.83731,5.616194999999999,2.40696,0.161079,0.0132097,0.00548499,0.00368434,0.00269286,0.00223144,0.00185061
12335,5.749316,6.6454330000000015,2.45121,0.164694,0.0129859,0.005309,0.00356505,0.00260562,0.00215914,0.00179065
12336,5.905695,6.596803000000001,2.45351,3.46262,0.338832,0.125728,0.0824349,0.0598749,0.0495534,0.0410767
12340,5.211333,5.975411999999998,2.46365,0.64323,0.0539311,0.0222686,0.0149572,0.0109321,0.00905886,0.00751282
12343,6.137625000000001,6.290287999999997,2.48197,0.0707143,0.00603392,0.00250555,0.00168301,0.0012301,0.00101933,0.000845361
12347,6.880926,5.402818000000005,2.4939,0.0622149,0.0087153,0.00301951,0.00172561,0.00114817,0.000919094,0.000746675
12348,5.749988,5.782277999999996,2.49552,0.0160473,0.115311,0.116413,0.0826266,0.0523195,0.0364633,0.0237468
12349,5.480494000000001,6.5255269999999985,2.49685,0.0589326,0.00502523,0.00208646,0.00140151,0.00102435,0.000848831,0.000703964
12352,5.999599,7.001160000000004,2.50514,0.073975,0.00606212,0.00251269,0.0016878,0.0012336,0.00102223,0.000847767
12353,4.934649,6.874344000000006,2.51649,0.372956,0.0319844,0.0132796,0.00892011,0.00651965,0.00540251,0.00448048
12355,4.931171,6.884662999999995,2.51704,0.286689,0.0243939,0.0101267,0.00680226,0.00497173,0.00411982,0.00341671
12356,5.488175,7.154114999999999,2.5183,0.105621,0.00908274,0.00377154,0.0025334,0.00185164,0.00153437,0.0012725
12359,5.443495000000001,5.016257000000002,2.53853,0.0509473,0.00432618,0.0017964,0.00120667,0.000881948,0.000730826,0.000606099
12361,6.665992,5.681825000000005,2.54864,0.111163,0.011145,0.00409129,0.00266774,0.00193473,0.00160076,0.0013268
12362,5.093757,5.790513000000002,2.551,0.0590404,0.00511419,0.00211295,0.00141751,0.00103562,0.000858072,0.000711592
12364,6.262286,5.968741999999998,2.57133,1.6821,0.130332,0.0541003,0.0363399,0.0265606,0.0220095,0.0182532
12365,6.800469,5.771922000000002,2.57543,0.0560954,0.00190561,0.00075981,0.000510176,0.000372876,0.000308983,0.00025625
12366,6.372545,6.874240000000002,2.57632,0.0953325,0.00781241,0.00317891,0.0021338,0.00155946,0.00129224,0.00107169
12367,7.062772,5.306065000000001,2.57684,0.149575,0.0110827,0.00460172,0.00309104,0.00225922,0.00187211,0.0015526
12368,5.176075,6.238345000000002,2.57942,0.274878,0.0157952,0.00653295,0.00438824,0.00320734,0.00265776,0.00220417
12369,6.477928,6.318449000000001,2.58889,0.445497,0.0382928,0.0159008,0.0106808,0.00780654,0.00646889,0.00536487
12370,4.833529,5.560175999999994,2.58901,0.0800735,0.00689208,0.00286189,0.00192237,0.00140505,0.0011643,0.00096559
12371,4.892409,5.531799000000001,2.59011,0.0970075,0.00834006,0.0034631,0.00232621,0.00170021,0.00140888,0.00116843
12372,4.881582,5.5308589999999995,2.59128,0.138555,0.011466,0.00452174,0.00302553,0.00220981,0.00183096,0.00151842
12373,6.33714,6.034646999999997,2.59298,0.0563284,0.00475106,0.00197281,0.00132517,0.000968556,0.000802595,0.000665619
12374,6.059799,6.268456999999997,2.60284,0.313794,0.0268192,0.0111363,0.00748038,0.00546736,0.00453053,0.00375733
12375,6.40817,6.098842999999995,2.62698,2.06434,0.175586,0.0729108,0.0489753,0.0357957,0.0296621,0.0245998
12377,7.005698,5.786360000000005,2.64032,0.229119,0.0196804,0.00817218,0.00548937,0.00401214,0.00332466,0.00275726
12378,6.581968,6.789377000000003,2.64997,0.106467,0.00913024,0.00379126,0.00254665,0.00186133,0.00154239,0.00127916
12381,7.116641,5.223465999999996,2.66605,2.9237,0.249558,0.103591,0.0695832,0.0508579,0.0421434,0.034951
12382,6.894298,5.501626999999997,2.68886,0.0595527,0.0050894,0.00211334,0.00141956,0.00103755,0.000859765,0.000713032
12385,6.028813,5.674157000000003,2.75711,0.120369,0.0102879,0.00427194,0.00286952,0.00209731,0.00173794,0.00144133
12386,5.913012,5.906645999999996,2.75753,0.0899997,0.00758742,0.00315063,0.00211632,0.00154681,0.00128176,0.00106301
12387,5.926712,5.899480999999998,2.76007,0.132416,0.0113687,0.00466671,0.00313252,0.00228931,0.00189701,0.00157325
12389,7.114862,5.5789639999999965,2.77584,0.0716274,0.00729993,0.00281908,0.00179314,0.00127381,0.00104517,0.000861853
12390,5.796259,6.793009,2.80825,0.124459,0.0102004,0.00423558,0.0028451,0.00207947,0.00172315,0.00142907
12391,5.026271,6.748937999999999,2.84422,0.0545195,0.0689744,0.0177431,0.00587779,0.00210454,0.00114421,0.000672651
12392,5.43868,5.910145000000002,2.86403,0.0865067,0.00822851,0.00289235,0.00192787,0.00140802,0.00116668,0.000967553
12393,6.567763,5.574146000000004,2.87034,7.55195,0.640622,0.266012,0.178684,0.130599,0.108221,0.0897513
12394,5.229761,6.234082000000003,2.88415,0.0851072,0.00726104,0.00301509,0.00202528,0.00148027,0.00122662,0.00101728
12396,6.228139,7.057245000000003,2.92589,0.191873,0.0165131,0.00685557,0.00460498,0.00336575,0.00278903,0.00231304
12397,5.701153,6.048677000000003,2.93584,0.582034,0.0479105,0.0198792,0.0133531,0.00975971,0.00808739,0.00670715
12398,5.642699,6.774046000000005,2.93727,0.0629606,0.00537309,0.00223112,0.00149868,0.00109537,0.000907682,0.000752771
12399,7.119928,6.865800000000001,2.99391,0.0702399,0.00584515,0.00242475,0.00162874,0.00119043,0.000986454,0.0008181
