,z,RADeg,decDeg,comoving_pos_x_Mpc,comoving_pos_y_Mpc,comoving_pos_z_Mpc,pec_vel_x_km_s,pec_vel_y_km_s,pec_vel_z_km_s,Mfof,Mvir,Mgas_vir,Rvir,int_tSZ_in_Rvir,int_kSZ_in_Rvir,int_SZ_in_Rvir_148GHz,int_SZ_in_Rvir_219GHz,int_SZ_in_Rvir_277GHz,int_SZ_in_Rvir_30GHz,int_SZ_in_Rvir_90GHz,int_SZ_in_Rvir_350GHz,M200,Mgas_200,R200,int_tSZ_in_R200,int_kSZ_in_R200,int_SZ_in_R200_148GHz,int_SZ_in_R200_219GHz,int_SZ_in_R200_277GHz,int_SZ_in_R200_30GHz,int_SZ_in_R200_90GHz,int_SZ_in_R200_350GHz,M500,Mgas_500,R500,int_tSZ_in_R500,int_kSZ_in_R500,int_SZ_in_R500_148GHz,int_SZ_in_R500_219GHz,int_SZ_in_R500_277GHz,int_SZ_in_R500_30GHz,int_SZ_in_R500_90GHz,int_SZ_in_R500_350GHz,Mstar,rho_gas_c,T_c,P_c,Phi_c
4,0.1035,5.627062,6.933838,423.0478,41.68195,51.69705,69.19014,-105.2911,-40.58457,74296170000000.0,62762490000000.0,5910124000000.0,0.9794198,6.345106e-05,-7.634079e-06,-6.934037e-05,-6.556736e-06,5.154957e-05,-0.0001312361,-0.0001085298,0.0001292985,44981380000000.0,3788893000000.0,0.7065329,4.838463e-05,-5.480234e-06,-5.251884e-05,-4.675202e-06,3.959804e-05,-9.971705e-05,-8.239712e-05,9.885869e-05,26815820000000.0,1813505000000.0,0.4380517,2.959071e-05,-3.079991e-06,-3.183271e-05,-2.603377e-06,2.443891e-05,-6.069746e-05,-5.010008e-05,6.065552e-05,1938106000000.0,31630000000000.0,1.357075,7303000000000.0,-1.08213
6,0.12,5.434307,5.207482,490.3869,46.65149,44.89506,152.7997,-377.6781,-305.6786,154743600000000.0,136482000000000.0,16071400000000.0,1.260243,0.0002047231,-2.420659e-05,-0.0002223991,-2.156844e-05,0.0001639052,-0.0004222272,-0.0003486035,0.0004131539,116009700000000.0,12889830000000.0,0.9634529,0.0001839789,-2.054286e-05,-0.00019857,-1.825672e-05,0.0001482384,-0.0003781436,-0.0003119545,0.0003720888,84676490000000.0,8624976000000.0,0.6398589,0.0001471677,-1.495727e-05,-0.000157242,-1.325427e-05,0.0001196549,-0.0003008774,-0.0002478932,0.0002985061,3118613000000.0,126700000000000.0,2.585784,55740000000000.0,-2.28987
9,0.1282,5.767204,5.964198999999999,521.8175,52.70254,54.79294,-403.7084,-74.49081,-117.9049,30083700000000.0,26335250000000.0,1223314000000.0,0.7329329,7.483491e-06,1.086667e-05,3.52227e-06,1.096047e-05,1.788267e-05,-3.743618e-06,-1.087657e-06,2.717015e-05,19895610000000.0,721996200000.0,0.5351421,5.263647e-06,7.289165e-06,2.124449e-06,7.354167e-06,1.222071e-05,-2.985973e-06,-1.117601e-06,1.875138e-05,8361924000000.0,218037300000.0,0.2973041,2.375015e-06,3.073025e-06,7.433996e-07,3.101676e-06,5.295915e-06,-1.562375e-06,-7.191617e-07,8.241353e-06,1166652000000.0,5403000000000.0,0.7728048,710400000000.0,-0.494604
10,0.1291,6.445193,5.981167999999997,524.8905,59.29517,55.34358,-669.3556,-262.4337,-327.5584,29987590000000.0,22490690000000.0,1418216000000.0,0.6858886,6.19281e-06,1.820014e-05,1.208293e-05,1.825327e-05,2.401343e-05,6.078404e-06,8.270417e-06,3.176399e-05,19799500000000.0,1113848000000.0,0.5357648,5.353929e-06,1.479311e-05,9.506386e-06,1.483805e-05,1.981489e-05,4.31611e-06,6.211194e-06,2.651274e-05,16051050000000.0,744647200000.0,0.3716452,4.130586e-06,1.035658e-05,6.280086e-06,1.038994e-05,1.422577e-05,2.276741e-06,3.738872e-06,1.938971e-05,793021800000.0,48490000000000.0,0.8752799,7221000000000.0,-0.7335
11,0.1284,6.169842000000001,5.999755000000007,522.3326,56.46532,55.21695,-330.4215,-317.1027,-146.4838,51901600000000.0,42290190000000.0,3762393000000.0,0.8497101,2.278728e-05,2.437564e-05,2.045089e-06,2.465334e-05,4.56758e-05,-2.009106e-05,-1.199113e-05,7.389662e-05,33159350000000.0,2572374000000.0,0.6332458,1.818236e-05,1.833651e-05,5.238986e-07,1.855328e-05,3.531619e-05,-1.713814e-05,-1.067379e-05,5.782508e-05,20472300000000.0,1295501000000.0,0.3980946,1.153139e-05,1.058378e-05,-7.072711e-07,1.071588e-05,2.133452e-05,-1.190794e-05,-7.806708e-06,3.55999e-05,1369779000000.0,41140000000000.0,1.157095,8099000000000.0,-0.931392
12,0.1582,6.403998,6.31471,638.8658,71.70543,71.14138,409.6523,-7.224054,-148.6599,32967120000000.0,26719710000000.0,1614468000000.0,0.720301,6.458042e-06,-8.704362e-06,-1.497366e-05,-8.550472e-06,-2.62022e-06,-2.13019e-05,-1.898232e-05,5.26884e-06,21048980000000.0,1039511000000.0,0.5417717,4.908195e-06,-6.295501e-06,-1.105922e-05,-6.179483e-06,-1.674577e-06,-1.586858e-05,-1.410543e-05,4.319536e-06,9995863000000.0,364845500000.0,0.3108999,2.447062e-06,-2.889379e-06,-5.263492e-06,-2.832391e-06,-5.883408e-07,-7.66113e-06,-6.781866e-06,2.398627e-06,1064246000000.0,12150000000000.0,0.8339937,1724000000000.0,-0.592713
13,0.1572,6.175108,6.107140999999994,635.1148,68.71638,68.35084,375.2605,33.14063,-165.8947,33255470000000.0,28353650000000.0,1862802000000.0,0.7342384,6.556378e-06,-8.44859e-06,-1.481552e-05,-8.295262e-06,-2.273618e-06,-2.123755e-05,-1.88838e-05,5.739744e-06,23644060000000.0,1362316000000.0,0.5616724,5.395798e-06,-6.530329e-06,-1.176888e-05,-6.405364e-06,-1.452451e-06,-1.705388e-05,-1.511647e-05,5.140247e-06,16435510000000.0,782956600000.0,0.3665933,3.813775e-06,-4.199242e-06,-7.900355e-06,-4.112335e-06,-6.148207e-07,-1.163558e-05,-1.026584e-05,4.042446e-06,987841100000.0,42700000000000.0,0.9685004,7036000000000.0,-0.7875
14,0.1608,6.444057000000001,6.318524999999996,648.9517,73.29692,72.31422,194.094,-148.9741,-22.6552,38157280000000.0,19415040000000.0,1297523000000.0,0.6442365,5.490364e-06,-3.248366e-06,-8.590878e-06,-3.134382e-06,1.913951e-06,-1.39551e-05,-1.199021e-05,8.645538e-06,15666590000000.0,812169800000.0,0.4894426,3.949302e-06,-2.242579e-06,-6.084872e-06,-2.16126e-06,1.468604e-06,-9.943395e-06,-8.529817e-06,6.309626e-06,11341460000000.0,395387900000.0,0.3268638,2.372247e-06,-1.268038e-06,-3.575394e-06,-1.219821e-06,9.591646e-07,-5.893074e-06,-5.043784e-06,3.866007e-06,745149300000.0,18070000000000.0,0.9009972,2770000000000.0,-0.6602054
17,0.1735,6.922212,7.119136999999999,696.1781,84.52066,87.58816,94.68018,55.86098,5.331862,34793290000000.0,33351580000000.0,2192933000000.0,0.7740133,6.346334e-06,-2.300479e-06,-8.480814e-06,-2.175176e-06,3.662935e-06,-1.467514e-05,-1.240672e-05,1.14536e-05,27873080000000.0,1684599000000.0,0.5930236,5.429636e-06,-1.851498e-06,-7.138061e-06,-1.745406e-06,3.246997e-06,-1.243762e-05,-1.049652e-05,9.910539e-06,19607270000000.0,1007460000000.0,0.3887128,3.929076e-06,-1.210638e-06,-5.034794e-06,-1.135334e-06,2.474152e-06,-8.869704e-06,-7.464594e-06,7.29375e-06,1116611000000.0,31720000000000.0,0.8955409,4833000000000.0,-0.735058
19,0.1878,6.018613,5.943567999999998,754.2827,79.52605,78.96252,311.1644,-307.0547,312.1705,68913790000000.0,62378030000000.0,6574002000000.0,0.9359973,2.615884e-05,-1.689242e-05,-4.224191e-05,-1.637475e-05,7.498572e-06,-6.784883e-05,-5.844046e-05,3.93813e-05,56515070000000.0,5436659000000.0,0.7505583,2.373857e-05,-1.462602e-05,-3.762387e-05,-1.416226e-05,7.488783e-06,-6.086074e-05,-5.232122e-05,3.641129e-05,42962990000000.0,3568196000000.0,0.5003398,1.854592e-05,-1.03923e-05,-2.834874e-05,-1.004056e-05,6.850968e-06,-4.65014e-05,-3.982689e-05,2.942887e-05,1695435000000.0,102000000000000.0,1.63421,28360000000000.0,-1.39788
20,0.1891,6.639248,6.455363000000003,757.5231,88.17431,86.28976,-18.15952,2.39367,205.0157,28834220000000.0,15954930000000.0,892737000000.0,0.6035998,2.628693e-06,-5.729062e-08,-2.622277e-06,-7.41359e-09,2.416403e-06,-5.185608e-06,-4.247676e-06,5.652241e-06,13455970000000.0,579349600000.0,0.4642919,1.960508e-06,-4.084389e-08,-1.953536e-06,-3.951624e-09,1.803076e-06,-3.865278e-06,-3.165666e-06,4.215884e-06,9995863000000.0,287661800000.0,0.3074691,1.17773e-06,-2.280854e-08,-1.171503e-06,-9.623126e-10,1.083867e-06,-2.31992e-06,-1.899549e-06,2.532776e-06,626550300000.0,12570000000000.0,0.7500167,1604000000000.0,-0.5374437
21,0.1881,7.185048999999999,5.2725650000000055,754.8048,95.15392,70.20793,115.2828,-212.424,293.1833,133502400000000.0,125332700000000.0,14091330000000.0,1.17741,7.70077e-05,-1.290625e-05,-8.749346e-05,-1.180642e-05,5.810246e-05,-0.0001626734,-0.0001349984,0.0001519259,109185600000000.0,11640960000000.0,0.9250431,7.007881e-05,-1.117839e-05,-7.903079e-05,-1.020211e-05,5.336319e-05,-0.0001474449,-0.0001222524,0.000138704,80543590000000.0,7677017000000.0,0.615662,5.572135e-05,-8.155447e-06,-6.206926e-05,-7.418087e-06,4.304009e-05,-0.0001164649,-9.642174e-05,0.0001108324,2900200000000.0,65850000000000.0,2.079706,23300000000000.0,-1.81071
22,0.1885,6.277443000000001,6.872545000000005,755.1492,83.06834,91.56498,249.3855,12.53769,-58.44138,29218680000000.0,28065310000000.0,1916471000000.0,0.7244174,4.599473e-06,-4.119047e-06,-8.590852e-06,-4.01905e-06,2.079956e-07,-1.30883e-05,-1.144056e-05,5.840193e-06,25662460000000.0,1579055000000.0,0.5756126,4.124002e-06,-3.493449e-06,-7.502264e-06,-3.4045e-06,3.839915e-07,-1.153472e-05,-1.005712e-05,5.432764e-06,19415040000000.0,1045476000000.0,0.383649,3.218047e-06,-2.45767e-06,-5.584702e-06,-2.389401e-06,5.643191e-07,-8.731216e-06,-7.57788e-06,4.502086e-06,948326700000.0,61120000000000.0,0.9369387,9743000000000.0,-0.793089
23,0.1877,5.460789,5.986443999999994,754.7838,72.15611,79.51128,302.5979,-20.86753,176.0311,246052000000000.0,208855900000000.0,25420880000000.0,1.397724,0.000193801,-6.562823e-05,-0.0002522387,-6.293749e-05,0.0001113604,-0.0004418299,-0.000371787,0.0003455548,172620900000000.0,19480350000000.0,1.078005,0.000168128,-5.414821e-05,-0.0002159542,-5.190364e-05,9.911458e-05,-0.0003804255,-0.0003196332,0.0003021403,102938200000000.0,10399790000000.0,0.6683163,0.0001152835,-3.385539e-05,-0.000144684,-3.244472e-05,7.083537e-05,-0.0002574534,-0.0002157287,0.0002098407,4534261000000.0,65910000000000.0,2.932124,32880000000000.0,-2.53935
27,0.1904,5.020018,6.226105,764.8902,67.18852,83.76761,142.4738,-79.4203,213.3448,35466090000000.0,28738110000000.0,2449516000000.0,0.7211371,6.968411e-06,-3.678556e-06,-1.045958e-05,-3.5369e-06,2.868358e-06,-1.726695e-05,-1.477307e-05,1.141263e-05,27296390000000.0,1943975000000.0,0.5843782,6.095668e-06,-3.077755e-06,-9.008503e-06,-2.954842e-06,2.645976e-06,-1.496322e-05,-1.278139e-05,1.011846e-05,20376180000000.0,1160963000000.0,0.3920921,4.429592e-06,-2.053021e-06,-6.361255e-06,-1.965235e-06,2.101373e-06,-1.068831e-05,-9.102364e-06,7.528909e-06,950369200000.0,44360000000000.0,0.9837999,7425000000000.0,-0.7870197
31,0.1969,4.997936,5.509171000000006,791.4949,69.21809,76.63152,-129.9658,-503.0699,63.06974,278250200000000.0,226733100000000.0,29532530000000.0,1.427621,0.0002313543,3.674387e-05,-0.0001872384,3.813473e-05,0.0002465081,-0.0004123725,-0.0003292365,0.000528224,162336700000000.0,19563050000000.0,1.053062,0.0001805149,2.763246e-05,-0.0001470571,2.864222e-05,0.0001910619,-0.0003227143,-0.0002578235,0.0004107427,97267430000000.0,9344166000000.0,0.6538797,0.0001110712,1.587626e-05,-9.151397e-05,1.639779e-05,0.0001161186,-0.0001995905,-0.0001596317,0.0002511181,5017603000000.0,49090000000000.0,3.031604,25320000000000.0,-2.54232
33,0.2025,6.999986,6.920624000000001,807.9682,99.20582,98.80648,-80.32853,-189.2219,90.58809,135809200000000.0,128696700000000.0,13895320000000.0,1.179729,6.873011e-05,9.018903e-06,-5.771295e-05,9.791433e-06,7.226215e-05,-0.0001246458,-0.0001000193,0.0001562978,112837900000000.0,11610630000000.0,0.9354789,6.286137e-05,7.871341e-06,-5.314235e-05,8.556875e-06,6.564763e-05,-0.0001143592,-9.182887e-05,0.0001424726,81312500000000.0,7516095000000.0,0.6147701,4.89883e-05,5.603956e-06,-4.190978e-05,6.101786e-06,5.051407e-05,-8.961529e-05,-7.204566e-05,0.0001103237,2972895000000.0,87330000000000.0,2.243229,33330000000000.0,-1.98
35,0.2091,6.020786,5.341646999999997,836.7983,88.25799,78.67494,-69.28266,-194.6289,-200.9193,81889180000000.0,51709370000000.0,4674630000000.0,0.8680915,1.53804e-05,3.924314e-06,-1.106923e-05,4.151907e-06,1.826169e-05,-2.60479e-05,-2.055629e-05,3.717185e-05,43539670000000.0,3560842000000.0,0.6767914,1.303317e-05,3.129601e-06,-9.571739e-06,3.318381e-06,1.526581e-05,-2.226427e-05,-1.760949e-05,3.128316e-05,31140960000000.0,2145507000000.0,0.4456482,9.486952e-06,2.065282e-06,-7.174989e-06,2.197431e-06,1.088245e-05,-1.641373e-05,-1.302386e-05,2.253274e-05,1541973000000.0,63900000000000.0,1.452389,15790000000000.0,-1.260162
36,0.2095,4.95986,5.717218000000005,839.4378,72.84874,84.35769,-159.3644,-136.6461,-181.1413,36619460000000.0,29891470000000.0,2413886000000.0,0.7222236,5.942188e-06,3.708172e-06,-2.101319e-06,3.80014e-06,9.279067e-06,-7.883526e-06,-5.767668e-06,1.661451e-05,25470230000000.0,1798747000000.0,0.5664468,5.024052e-06,2.978062e-06,-1.932817e-06,3.054859e-06,7.685057e-06,-6.82153e-06,-5.032312e-06,1.388542e-05,18838360000000.0,1027385000000.0,0.3781539,3.552052e-06,1.932215e-06,-1.538571e-06,1.985269e-06,5.256073e-06,-4.994852e-06,-3.729486e-06,9.637646e-06,1018403000000.0,31510000000000.0,0.9363908,5020000000000.0,-0.736956
38,0.2239,6.528856,7.169866000000003,888.8791,101.7285,112.5465,370.6942,-12.57249,-189.3251,110723400000000.0,87848260000000.0,9634032000000.0,1.027007,3.659209e-05,-2.114821e-05,-5.652385e-05,-2.046896e-05,1.277491e-05,-9.234289e-05,-7.916103e-05,5.723338e-05,75930110000000.0,7889455000000.0,0.8112309,3.308959e-05,-1.813832e-05,-5.011694e-05,-1.753539e-05,1.250195e-05,-8.250663e-05,-7.058314e-05,5.268647e-05,59398490000000.0,5375442000000.0,0.5503794,2.683622e-05,-1.34293e-05,-3.934775e-05,-1.295776e-05,1.13654e-05,-6.561513e-05,-5.593973e-05,4.39273e-05,2198842000000.0,110800000000000.0,2.010487,37900000000000.0,-1.781111
39,0.2314,6.478597,5.217268000000005,920.62,104.5431,84.60302,520.0443,259.7495,-257.3902,49210400000000.0,41713500000000.0,4000986000000.0,0.7969799,9.329045e-06,-1.313056e-05,-2.216322e-05,-1.290359e-05,-4.370336e-06,-3.132263e-05,-2.795968e-05,6.981649e-06,35177750000000.0,3153552000000.0,0.6252762,8.163106e-06,-1.087291e-05,-1.877433e-05,-1.067631e-05,-3.214256e-06,-2.678844e-05,-2.384535e-05,6.715234e-06,27969190000000.0,2094479000000.0,0.4322651,6.366306e-06,-7.79072e-06,-1.394996e-05,-7.640033e-06,-1.826577e-06,-2.019943e-05,-1.790354e-05,5.912529e-06,1274348000000.0,82750000000000.0,1.26289,17780000000000.0,-1.06821
42,0.2328,6.922137,5.170794999999997,925.4608,112.3559,84.36284,285.2988,217.3466,-337.0499,126870600000000.0,105244900000000.0,12374860000000.0,1.084319,4.901613e-05,-2.032674e-05,-6.770901e-05,-1.951165e-05,2.493707e-05,-0.0001156578,-9.799864e-05,8.448443e-05,89578310000000.0,10022590000000.0,0.8533,4.385375e-05,-1.723492e-05,-5.960964e-05,-1.652337e-05,2.320559e-05,-0.0001025071,-8.670249e-05,7.645216e-05,68144870000000.0,6687953000000.0,0.5768829,3.480488e-05,-1.249725e-05,-4.610292e-05,-1.195877e-05,1.951571e-05,-8.01469e-05,-6.759556e-05,6.173208e-05,2547979000000.0,110000000000000.0,2.237238,41870000000000.0,-1.95822
43,0.2332,7.064799,5.863075,925.658,114.7193,95.78177,-48.53256,-1.691564,-566.4934,35466090000000.0,19703380000000.0,938326100000.0,0.6235788,1.953878e-06,8.897383e-07,-1.022508e-06,9.240727e-07,2.730521e-06,-2.927968e-06,-2.231104e-06,5.14466e-06,17396650000000.0,689467000000.0,0.4945814,1.536497e-06,6.657531e-07,-8.37664e-07,6.925078e-07,2.112431e-06,-2.335973e-06,-1.787933e-06,4.010331e-06,13167630000000.0,403415900000.0,0.3387518,1.036105e-06,4.139836e-07,-5.994331e-07,4.317403e-07,1.388509e-06,-1.60967e-06,-1.240062e-06,2.667712e-06,735133300000.0,15950000000000.0,0.7506408,2037000000000.0,-0.597663
45,0.2364,6.193458,4.839115999999994,940.717,102.0859,80.10858,-397.906,-129.5747,-97.46245,83523120000000.0,60455750000000.0,6036741000000.0,0.899123,1.829509e-05,1.666354e-05,-1.245327e-06,1.685074e-05,3.367438e-05,-1.900423e-05,-1.24986e-05,5.630051e-05,46038640000000.0,4176303000000.0,0.6826489,1.488684e-05,1.28466e-05,-1.72131e-06,1.299441e-05,2.667366e-05,-1.617147e-05,-1.087645e-05,4.507664e-05,29987590000000.0,2110014000000.0,0.4371702,9.668235e-06,7.677589e-06,-1.778395e-06,7.768578e-06,1.66412e-05,-1.116266e-05,-7.722306e-06,2.85841e-05,1824554000000.0,38880000000000.0,1.420879,9399000000000.0,-1.16
48,0.2363,4.882131,5.084289000000002,942.113,80.4716,84.12618,8.784125,49.35105,-226.2315,48825950000000.0,34793290000000.0,2841007000000.0,0.7499093,5.831315e-06,1.297261e-07,-5.554013e-06,2.316594e-07,5.592411e-06,-1.123938e-05,-9.156689e-06,1.275988e-05,31909870000000.0,2336626000000.0,0.6086697,5.21551e-06,1.10411e-07,-4.97215e-06,2.006057e-07,4.993088e-06,-1.005707e-05,-8.194022e-06,1.140202e-05,22010120000000.0,1415181000000.0,0.3932914,3.8285e-06,7.291547e-08,-3.656331e-06,1.374214e-07,3.651638e-06,-7.388886e-06,-6.020774e-06,8.353336e-06,1134609000000.0,61130000000000.0,1.095144,11390000000000.0,-0.9441
50,0.2349,5.078551,6.3208440000000055,934.3034,83.03183,103.9,-117.852,-208.7995,-32.37428,36331120000000.0,32005980000000.0,2548054000000.0,0.7289297,4.803755e-06,2.24018e-06,-2.452937e-06,2.317905e-06,6.745048e-06,-7.129677e-06,-5.418073e-06,1.266915e-05,28641990000000.0,2042649000000.0,0.587263,4.24329e-06,1.890299e-06,-2.254579e-06,1.958277e-06,5.867372e-06,-6.385628e-06,-4.873517e-06,1.109913e-05,20952870000000.0,1225893000000.0,0.3890523,3.129077e-06,1.274931e-06,-1.78051e-06,1.323987e-06,4.204229e-06,-4.826755e-06,-3.711373e-06,8.060396e-06,1048516000000.0,31110000000000.0,0.895719,4741000000000.0,-0.720621
52,0.2361,5.8278680000000005,5.189269999999997,940.0384,95.94759,85.81625,21.73905,114.966,-319.0193,39118420000000.0,35177750000000.0,2713851000000.0,0.7513369,5.215844e-06,-7.406244e-08,-5.160667e-06,2.046963e-08,4.821465e-06,-1.02479e-05,-8.385056e-06,1.123657e-05,30564270000000.0,2125880000000.0,0.6026785,4.511017e-06,-6.101213e-08,-4.459422e-06,1.994996e-08,4.170369e-06,-8.859113e-06,-7.247775e-06,9.717188e-06,20183950000000.0,1140640000000.0,0.3836337,3.100059e-06,-3.829535e-08,-3.059802e-06,1.62098e-08,2.865901e-06,-6.083238e-06,-4.975571e-06,6.675818e-06,1162273000000.0,21580000000000.0,0.8650294,3176000000000.0,-0.6861379
53,0.2352,4.890666,6.973636,934.7281,79.98108,114.7514,-299.9059,-114.1628,-420.5486,155032000000000.0,142344900000000.0,15863620000000.0,1.197372,6.616871e-05,3.272749e-05,-3.175376e-05,3.320999e-05,9.347807e-05,-9.6021e-05,-7.239076e-05,0.0001747946,124852200000000.0,12974270000000.0,0.9523595,5.992773e-05,2.83273e-05,-3.005107e-05,2.874343e-05,8.328038e-05,-8.825518e-05,-6.684736e-05,0.0001568905,79390220000000.0,7688517000000.0,0.6044364,4.480592e-05,1.928589e-05,-2.432467e-05,1.956004e-05,6.025317e-05,-6.783953e-05,-5.182221e-05,0.0001152241,3320907000000.0,68320000000000.0,2.260029,26270000000000.0,-1.965964
55,0.2369,6.38029,6.535020999999994,939.4495,105.0489,108.2892,-42.43668,-229.7759,-577.3068,28834220000000.0,24797430000000.0,1705554000000.0,0.6683546,3.134498e-06,1.544799e-06,-1.52256e-06,1.59696e-06,4.492012e-06,-4.5786e-06,-3.460486e-06,8.3643e-06,21625660000000.0,1320378000000.0,0.5338039,2.684741e-06,1.257523e-06,-1.369067e-06,1.30173e-06,3.780169e-06,-3.986397e-06,-3.028644e-06,7.095814e-06,16435510000000.0,808945100000.0,0.361683,1.946504e-06,8.323193e-07,-1.071157e-06,8.637137e-07,2.65898e-06,-2.968531e-06,-2.274018e-06,5.06152e-06,876589100000.0,32970000000000.0,0.8653317,4854000000000.0,-0.682209
56,0.2387,5.247767,4.875030999999997,950.7749,87.32657,81.43414,-730.4008,-47.96226,-226.3725,61897460000000.0,38926200000000.0,3726486000000.0,0.7762561,1.08653e-05,1.980051e-05,9.098649e-06,1.986807e-05,2.991523e-05,-1.420488e-06,2.426462e-06,4.346555e-05,32005980000000.0,2616232000000.0,0.6055076,8.69816e-06,1.518479e-05,6.619999e-06,1.523687e-05,2.327503e-05,-1.800471e-06,1.279637e-06,3.411846e-05,22298460000000.0,1392946000000.0,0.3983462,5.550528e-06,8.954474e-06,3.492142e-06,8.985165e-06,1.410827e-05,-1.880553e-06,8.555105e-08,2.102254e-05,1253813000000.0,45770000000000.0,1.311133,10210000000000.0,-1.048946
58,0.2381,5.821555,5.903501000000003,946.2112,96.47229,98.34706,-502.8317,3.411361,-398.403,32486550000000.0,23451830000000.0,1812793000000.0,0.6630499,3.882718e-06,6.82818e-06,3.009551e-06,6.869348e-06,1.046514e-05,-7.581455e-07,6.188846e-07,1.529696e-05,19318930000000.0,1250755000000.0,0.5158664,3.035163e-06,5.111718e-06,2.12735e-06,5.143368e-06,7.952885e-06,-8.17712e-07,2.588317e-07,1.172884e-05,14705450000000.0,659938200000.0,0.3461527,1.982248e-06,3.114684e-06,1.166363e-06,3.134762e-06,4.968156e-06,-7.568544e-07,-5.364518e-08,7.43297e-06,844031400000.0,17780000000000.0,0.8760239,2650000000000.0,-0.6257
59,0.2368,6.149173,5.253793999999994,941.4664,101.431,87.07246,-500.4399,-111.4274,-321.0712,36811690000000.0,29699250000000.0,1944144000000.0,0.7099979,4.140175e-06,7.459418e-06,3.387934e-06,7.503638e-06,1.133789e-05,-6.291276e-07,8.389644e-07,1.648974e-05,24220740000000.0,1384050000000.0,0.5525648,3.367359e-06,5.767387e-06,2.456741e-06,5.802701e-06,8.919591e-06,-8.102634e-07,3.839212e-07,1.31084e-05,15186020000000.0,668533400000.0,0.3486841,2.132231e-06,3.340686e-06,1.24536e-06,3.362252e-06,5.333906e-06,-8.230948e-07,-6.675607e-08,7.984644e-06,1053135000000.0,24890000000000.0,0.9433953,3995000000000.0,-0.7249478
60,0.2369,6.294817,5.916803999999997,940.5354,103.75,98.06492,-248.882,-204.4379,-500.7306,90923910000000.0,62666370000000.0,7539290000000.0,0.9249839,2.580808e-05,1.523057e-05,-9.976688e-06,1.549767e-05,3.914655e-05,-3.506243e-05,-2.585927e-05,7.096026e-05,58437350000000.0,5885699000000.0,0.7433536,2.221624e-05,1.259292e-05,-9.099834e-06,1.281691e-05,3.316086e-05,-3.069356e-05,-2.276956e-05,6.053612e-05,45173610000000.0,3611272000000.0,0.5009732,1.640026e-05,8.573058e-06,-7.430942e-06,8.729009e-06,2.372575e-05,-2.337065e-05,-1.751834e-05,4.391757e-05,1692619000000.0,78410000000000.0,1.784801,23810000000000.0,-1.479
64,0.2451,5.444733,5.479312999999996,973.7462,92.81321,93.82962,-276.009,-231.5131,-198.2232,54881130000000.0,36138890000000.0,3257393000000.0,0.7544202,8.014374e-06,7.302927e-06,-5.424097e-07,7.407036e-06,1.479427e-05,-8.331776e-06,-5.480789e-06,2.470516e-05,29891470000000.0,2473307000000.0,0.5903167,6.838129e-06,5.891553e-06,-8.005602e-07,5.97871e-06,1.227789e-05,-7.446496e-06,-5.013472e-06,2.073114e-05,22971260000000.0,1537775000000.0,0.3979208,5.026347e-06,3.946902e-06,-9.697623e-07,4.008727e-06,8.633788e-06,-5.854597e-06,-4.065568e-06,1.484331e-05,1157529000000.0,89390000000000.0,1.282176,19500000000000.0,-1.09494
66,0.2518,6.338089,5.6993929999999935,996.7981,110.7183,100.0948,35.70596,-134.8033,53.00062,28738110000000.0,16339390000000.0,922307300000.0,0.6251699,1.286543e-06,-1.518097e-07,-1.406983e-06,-1.267683e-07,1.059776e-06,-2.661732e-06,-2.202668e-06,2.643146e-06,15570480000000.0,704993100000.0,0.4828764,1.077276e-06,-1.187026e-07,-1.16951e-06,-9.794085e-08,8.951465e-07,-2.220154e-06,-1.835699e-06,2.220625e-06,13071510000000.0,466366900000.0,0.3330011,8.20255e-07,-8.177689e-08,-8.816439e-07,-6.621026e-08,6.89409e-07,-1.681611e-06,-1.388806e-06,1.69825e-06,615668300000.0,30940000000000.0,0.7456262,3925000000000.0,-0.623069
67,0.2543,5.13454,5.663395000000006,1008.147,90.58737,100.3788,32.76304,-153.288,-27.9369,159837700000000.0,117355300000000.0,14028140000000.0,1.112968,5.249576e-05,-1.176744e-06,-5.205722e-05,-5.230999e-07,4.711375e-05,-0.0001032394,-8.439651e-05,0.0001111416,107071100000000.0,11779810000000.0,0.8997244,4.792428e-05,-1.024907e-06,-4.745859e-05,-4.451337e-07,4.300683e-05,-9.418318e-05,-7.697578e-05,0.0001014312,81793070000000.0,7973487000000.0,0.606236,3.861521e-05,-7.560985e-07,-3.814336e-05,-3.175032e-07,3.463267e-05,-7.579104e-05,-6.1917e-05,8.166148e-05,2710907000000.0,81280000000000.0,2.233758,30890000000000.0,-1.98099
68,0.2544,5.199887,4.937730999999996,1009.894,91.90557,87.60899,-121.0199,-207.5886,278.1503,43443560000000.0,36811690000000.0,2928113000000.0,0.7578468,5.513335e-06,1.923438e-06,-3.460184e-06,2.01207e-06,7.087989e-06,-8.830443e-06,-6.864077e-06,1.388166e-05,29987590000000.0,2191603000000.0,0.5892633,4.615025e-06,1.52064e-06,-2.984677e-06,1.593752e-06,5.840173e-06,-7.479814e-06,-5.833531e-06,1.152501e-05,21337320000000.0,1261300000000.0,0.3885117,3.235589e-06,9.738328e-07,-2.183475e-06,1.023767e-06,3.997933e-06,-5.33488e-06,-4.180291e-06,7.981251e-06,1203006000000.0,46990000000000.0,1.08434,8669000000000.0,-0.8858982
69,0.2552,5.685748000000001,6.263182000000004,1009.691,100.5269,111.3621,-54.74558,-188.2672,-262.3139,50556000000000.0,44116360000000.0,4084452000000.0,0.8014861,8.181856e-06,2.242493e-06,-5.739822e-06,2.370794e-06,9.891177e-06,-1.370947e-05,-1.078962e-05,1.996119e-05,38445630000000.0,3283627000000.0,0.6418347,7.257613e-06,1.896886e-06,-5.182226e-06,2.009213e-06,8.676749e-06,-1.225148e-05,-9.661032e-06,1.760667e-05,28834220000000.0,2044594000000.0,0.4280219,5.486772e-06,1.313475e-06,-4.036059e-06,1.396108e-06,6.431675e-06,-9.380268e-06,-7.421199e-06,1.31788e-05,1332755000000.0,54960000000000.0,1.17638,11000000000000.0,-0.97911
70,0.2543,5.541329,5.326674000000003,1008.128,97.80572,94.43596,-42.11112,-356.9364,218.7658,42578530000000.0,39791220000000.0,3366846000000.0,0.7754019,6.224994e-06,1.020478e-06,-5.053008e-06,1.124734e-06,6.851335e-06,-1.112128e-05,-8.898564e-06,1.451237e-05,36138890000000.0,2743391000000.0,0.6294823,5.559347e-06,8.715873e-07,-4.551403e-06,9.637223e-07,6.075726e-06,-9.970643e-06,-7.985339e-06,1.29158e-05,25085770000000.0,1640333000000.0,0.4090615,4.092989e-06,5.855142e-07,-3.405352e-06,6.517085e-07,4.411606e-06,-7.394977e-06,-5.932873e-06,9.4446e-06,1258596000000.0,40630000000000.0,1.042436,7206000000000.0,-0.851994
73,0.2576,6.553744,6.6320300000000065,1016.028,116.7273,118.9112,28.27666,-226.3491,-216.0004,72662230000000.0,62378030000000.0,5913991000000.0,0.9044963,1.460027e-05,7.146083e-07,-1.349278e-05,9.377825e-07,1.429985e-05,-2.772546e-05,-2.250252e-05,3.220485e-05,53343310000000.0,4815302000000.0,0.7121881,1.314102e-05,6.088714e-07,-1.217494e-05,8.060759e-07,1.282457e-05,-2.498489e-05,-2.028285e-05,2.893385e-05,40848480000000.0,3227006000000.0,0.4804682,1.054657e-05,4.460826e-07,-9.808467e-06,5.98878e-07,1.023251e-05,-2.008904e-05,-1.631365e-05,2.315214e-05,1713524000000.0,128200000000000.0,1.688098,36820000000000.0,-1.489
74,0.2619,5.212832000000001,5.771640999999997,1036.311,94.54567,105.1814,-145.8681,66.83596,-39.27003,37965060000000.0,29795360000000.0,2264374000000.0,0.7037731,4.242654e-06,1.890269e-06,-2.253158e-06,1.957389e-06,5.864262e-06,-6.382924e-06,-4.871104e-06,1.109404e-05,25278000000000.0,1721639000000.0,0.5602177,3.596917e-06,1.523012e-06,-1.989065e-06,1.579176e-06,4.889784e-06,-5.490253e-06,-4.208302e-06,9.322346e-06,18838360000000.0,1003058000000.0,0.371382,2.575349e-06,9.969923e-07,-1.516641e-06,1.036198e-06,3.404333e-06,-4.023421e-06,-3.105242e-06,6.576313e-06,1003210000000.0,38820000000000.0,1.036079,6843000000000.0,-0.8218387
75,0.2608,4.947102,5.740304999999997,1032.147,89.34106,104.1433,-14.51753,49.83496,-119.7902,46903660000000.0,20760640000000.0,1680113000000.0,0.6253064,4.849102e-06,2.728229e-07,-4.451594e-06,3.541516e-07,4.806665e-06,-9.177889e-06,-7.445831e-06,1.076385e-05,18742240000000.0,1110876000000.0,0.5051704,3.556053e-06,1.961408e-07,-3.268123e-06,2.55411e-07,3.519819e-06,-6.734109e-06,-5.463799e-06,7.887872e-06,12206490000000.0,472247000000.0,0.3228287,1.887098e-06,9.899394e-08,-1.738882e-06,1.299059e-07,1.861059e-06,-3.578173e-06,-2.903883e-06,4.178177e-06,827311400000.0,16300000000000.0,1.08718,3015000000000.0,-0.728532
77,0.2619,4.96282,5.694508999999995,1036.778,90.02841,103.7729,-403.8899,179.1114,-96.75629,30179820000000.0,29026450000000.0,1653299000000.0,0.7031801,2.606364e-06,3.88825e-06,1.330162e-06,3.922469e-06,6.334613e-06,-1.201528e-06,-2.762287e-07,9.569306e-06,24412970000000.0,1200023000000.0,0.5481759,2.146616e-06,3.048276e-06,9.418414e-07,3.076109e-06,5.06191e-06,-1.143185e-06,-3.81022e-07,7.725325e-06,13936540000000.0,555605300000.0,0.3383534,1.331397e-06,1.736205e-06,4.302094e-07,1.753056e-06,2.98372e-06,-8.629008e-07,-3.90082e-07,4.634852e-06,1055402000000.0,9233000000000.0,0.7072501,1111000000000.0,-0.510939
78,0.2627,6.037572,6.048079999999996,1037.273,109.7095,110.5149,342.7604,-427.9018,22.97571,53823880000000.0,47192010000000.0,4566483000000.0,0.8179313,9.400009e-06,-6.933179e-06,-1.605435e-05,-6.738763e-06,1.863277e-06,-2.525653e-05,-2.187885e-05,1.334015e-05,40944590000000.0,3704324000000.0,0.6509884,8.403494e-06,-5.883852e-06,-1.403585e-05,-5.712085e-06,1.973362e-06,-2.22621e-05,-1.924198e-05,1.222991e-05,30372040000000.0,2415846000000.0,0.4344776,6.526203e-06,-4.150513e-06,-1.047796e-05,-4.020354e-06,1.94088e-06,-1.686599e-05,-1.451969e-05,9.900499e-06,1400659000000.0,102500000000000.0,1.389987,24240000000000.0,-1.19295
80,0.2644,4.864272,6.729834999999998,1044.072,88.8527,123.6467,-322.3464,125.542,-348.3506,43731900000000.0,40079570000000.0,3069847000000.0,0.7823616,5.572816e-06,5.744665e-06,2.843427e-07,5.815563e-06,1.09578e-05,-5.13122e-06,-3.149699e-06,1.785775e-05,35369980000000.0,2348841000000.0,0.6213747,4.784193e-06,4.714693e-06,2.807431e-08,4.774679e-06,9.187141e-06,-4.620952e-06,-2.919616e-06,1.510898e-05,19511160000000.0,1077140000000.0,0.3743896,2.934528e-06,2.650207e-06,-2.231991e-07,2.685856e-06,5.389682e-06,-3.074631e-06,-2.030761e-06,9.019875e-06,1361904000000.0,26760000000000.0,1.003325,4568000000000.0,-0.791505
81,0.2644,5.725113,7.067522999999995,1042.156,104.4824,129.8553,-311.2454,73.218,-561.6031,34024380000000.0,30179820000000.0,2467224000000.0,0.7195465,3.883535e-06,4.834605e-06,1.023557e-06,4.88501e-06,8.476399e-06,-2.752479e-06,-1.371607e-06,1.329376e-05,26911940000000.0,1929606000000.0,0.5697889,3.379665e-06,4.002293e-06,6.865293e-07,4.045559e-06,7.169431e-06,-2.599332e-06,-1.397521e-06,1.136045e-05,19703380000000.0,1152817000000.0,0.3761874,2.485793e-06,2.692359e-06,2.546927e-07,2.723321e-06,5.018793e-06,-2.161794e-06,-1.27768e-06,8.099523e-06,1017362000000.0,30010000000000.0,0.8829167,4508000000000.0,-0.698841
82,0.2643,6.419096,5.878846999999999,1041.595,117.1851,107.9263,-171.8789,-252.5829,100.597,37580600000000.0,19222810000000.0,508198300000.0,0.6094215,8.045086e-07,6.763175e-07,-1.112301e-07,6.896473e-07,1.433519e-06,-8.942685e-07,-6.080173e-07,2.428321e-06,17300530000000.0,374755800000.0,0.4931675,6.422641e-07,5.168849e-07,-1.11746e-07,5.274429e-07,1.121102e-06,-7.368556e-07,-5.083107e-07,1.915129e-06,9034722000000.0,150864800000.0,0.2896412,3.329765e-07,2.424649e-07,-8.332666e-08,2.47831e-07,5.553585e-07,-4.073938e-07,-2.888775e-07,9.668193e-07,828311000000.0,7557000000000.0,0.6968061,895900000000.0,-0.559084
84,0.2632,5.8984,6.233822000000005,1039.055,107.3466,114.1023,-211.0572,-210.5052,-581.2043,133502400000000.0,120623200000000.0,13746600000000.0,1.117564,4.549852e-05,1.989746e-05,-2.445341e-05,2.03103e-05,6.182735e-05,-6.868987e-05,-5.243464e-05,0.0001177571,101112000000000.0,10650810000000.0,0.8796762,4.035608e-05,1.691807e-05,-2.240679e-05,1.72715e-05,5.406723e-05,-6.164208e-05,-4.722038e-05,0.0001036527,54592790000000.0,5158842000000.0,0.5307935,2.693682e-05,1.029429e-05,-1.593255e-05,1.05091e-05,3.5022e-05,-4.211928e-05,-3.248685e-05,6.808175e-05,3074684000000.0,42730000000000.0,1.925737,14000000000000.0,-1.60182
85,0.2632,5.225757,7.145577000000005,1038.414,94.97379,130.7236,-323.0854,101.8968,-356.3929,29122560000000.0,14128770000000.0,1054557000000.0,0.5515863,2.444884e-06,3.136493e-06,7.380907e-07,3.169795e-06,5.431534e-06,-1.638105e-06,-7.694599e-07,8.463488e-06,12879280000000.0,727187300000.0,0.447222,1.911566e-06,2.385938e-06,5.109506e-07,2.41178e-06,4.179672e-06,-1.346861e-06,-6.676534e-07,6.549857e-06,9323064000000.0,341910000000.0,0.2939571,1.093261e-06,1.299434e-06,2.273444e-07,1.314e-06,2.324576e-06,-8.351245e-07,-4.466214e-07,3.679713e-06,573345400000.0,11490000000000.0,0.7422482,1451000000000.0,-0.4951351
86,0.2628,5.643441,5.266284000000004,1040.039,102.7729,96.33119,-89.66885,-158.0596,172.7139,56995640000000.0,51132680000000.0,4822348000000.0,0.8426109,1.014416e-05,2.152573e-06,-7.733589e-06,2.305631e-06,1.161019e-05,-1.761443e-05,-1.399167e-05,2.40775e-05,46615320000000.0,4033684000000.0,0.6821033,9.22167e-06,1.864198e-06,-7.120955e-06,2.001308e-06,1.045525e-05,-1.610316e-05,-1.280922e-05,2.17854e-05,37292260000000.0,2772928000000.0,0.4679494,7.433064e-06,1.377557e-06,-5.861693e-06,1.484808e-06,8.291862e-06,-1.310159e-05,-1.044553e-05,1.741898e-05,1443476000000.0,108100000000000.0,1.459891,26850000000000.0,-1.269
87,0.2644,5.925357,5.989767999999995,1044.254,108.3803,110.1556,-483.3694,22.09227,-18.06002,80447470000000.0,44596930000000.0,4917535000000.0,0.8006944,1.572641e-05,1.558022e-05,1.752399e-07,1.5724e-05,3.018665e-05,-1.508099e-05,-9.492127e-06,4.965458e-05,37580600000000.0,3361953000000.0,0.6321464,1.240813e-05,1.18807e-05,-2.711908e-07,1.199163e-05,2.33969e-05,-1.230811e-05,-7.897764e-06,3.875255e-05,23355720000000.0,1554753000000.0,0.4023503,7.105168e-06,6.429194e-06,-5.265638e-07,6.490132e-06,1.301515e-05,-7.418944e-06,-4.892714e-06,2.180347e-05,1430223000000.0,27940000000000.0,1.354126,6437000000000.0,-1.046
88,0.2625,5.740383,6.130661999999997,1037.198,104.2645,111.9674,150.5755,207.9647,-272.9475,177234300000000.0,151571900000000.0,18100950000000.0,1.204652,7.540721e-05,-1.279822e-05,-8.569664e-05,-1.181148e-05,5.637441e-05,-0.0001593289,-0.0001321826,0.0001480074,119277600000000.0,13100390000000.0,0.929553,6.327408e-05,-1.027695e-05,-7.141982e-05,-9.476449e-06,4.767922e-05,-0.0001332032,-0.0001104162,0.0001245232,64588650000000.0,5923827000000.0,0.5584547,3.768984e-05,-5.648042e-06,-4.203671e-05,-5.204691e-06,2.876896e-05,-7.883695e-05,-6.525315e-05,7.448691e-05,3805970000000.0,38400000000000.0,2.335743,15260000000000.0,-1.87803
91,0.2672,5.380529,5.161016000000007,1056.489,99.50536,95.84558,-263.0184,80.00967,-79.50256,72373890000000.0,56226730000000.0,5873856000000.0,0.8653786,1.476501e-05,8.542236e-06,-5.8789e-06,8.727138e-06,2.228617e-05,-2.023307e-05,-1.497248e-05,4.048999e-05,41232930000000.0,3938896000000.0,0.6527831,1.228941e-05,6.767178e-06,-5.232795e-06,6.91781e-06,1.819618e-05,-1.71801e-05,-1.280053e-05,3.334224e-05,24124630000000.0,1780321000000.0,0.4014125,7.674965e-06,3.887771e-06,-3.602644e-06,3.977978e-06,1.101295e-05,-1.106379e-05,-8.327461e-06,2.046535e-05,1774516000000.0,35480000000000.0,1.323459,7989000000000.0,-1.06
92,0.2689,7.077772,6.419185000000004,1057.595,131.3138,119.9006,45.19556,-77.962,-414.2898,35658320000000.0,28834220000000.0,2316884000000.0,0.6906132,4.020613e-06,1.487428e-07,-3.773837e-06,2.206015e-07,3.922485e-06,-7.695504e-06,-6.259496e-06,8.869954e-06,23067380000000.0,1666020000000.0,0.536916,3.312541e-06,1.160936e-07,-3.114906e-06,1.745897e-07,3.222894e-06,-6.345808e-06,-5.162511e-06,7.297778e-06,16627730000000.0,945316500000.0,0.3589696,2.341707e-06,7.557143e-08,-2.207608e-06,1.160976e-07,2.269115e-06,-4.491482e-06,-3.65476e-06,5.148261e-06,1006603000000.0,42540000000000.0,1.00102,7245000000000.0,-0.790119
94,0.271,7.197285,6.308450999999996,1065.263,134.5228,118.7005,79.28081,-136.0091,-232.1757,28545880000000.0,26239140000000.0,1533608000000.0,0.6727317,2.313575e-06,-3.157843e-07,-2.572091e-06,-2.715322e-07,1.860065e-06,-4.829238e-06,-4.003048e-06,4.705683e-06,21914010000000.0,1151291000000.0,0.5309802,1.94895e-06,-2.526114e-07,-2.152971e-06,-2.156715e-07,1.579218e-06,-4.054351e-06,-3.358275e-06,3.975775e-06,13840430000000.0,601027500000.0,0.3332572,1.331281e-06,-1.570088e-07,-1.454632e-06,-1.322359e-07,1.092778e-06,-2.753378e-06,-2.277772e-06,2.729023e-06,982918200000.0,31910000000000.0,0.8758415,4755000000000.0,-0.6917432
95,0.272,7.173234000000001,6.383038,1068.294,134.45,120.4509,-159.1861,42.94246,-383.057,61801340000000.0,58533470000000.0,5158539000000.0,0.8755574,1.136429e-05,4.866936e-06,-6.219974e-06,5.014234e-06,1.543436e-05,-1.727874e-05,-1.322311e-05,2.942124e-05,53535530000000.0,4397005000000.0,0.7129208,1.049235e-05,4.284234e-06,-5.949546e-06,4.417828e-06,1.403302e-05,-1.615959e-05,-1.241443e-05,2.694252e-05,39983450000000.0,3014312000000.0,0.4745659,8.65227e-06,3.216412e-06,-5.218211e-06,3.32223e-06,1.12414e-05,-1.363731e-05,-1.054767e-05,2.187933e-05,1628986000000.0,205500000000000.0,1.788171,62520000000000.0,-1.59
96,0.2744,6.888024,6.214593000000002,1078.472,130.2807,118.2913,-294.3511,275.9687,-141.2966,30948730000000.0,28257540000000.0,2104227000000.0,0.6845189,3.289196e-06,3.05057e-06,-1.702764e-07,3.097687e-06,6.134249e-06,-3.369121e-06,-2.198955e-06,1.020323e-05,25181890000000.0,1678810000000.0,0.5526742,2.917381e-06,2.58519e-06,-2.710395e-07,2.626515e-06,5.318716e-06,-3.108194e-06,-2.070186e-06,8.926858e-06,19607270000000.0,1091870000000.0,0.3843588,2.254511e-06,1.84084e-06,-3.656355e-07,1.872075e-06,3.950925e-06,-2.558031e-06,-1.755689e-06,6.737941e-06,946344800000.0,41480000000000.0,0.9428571,6654000000000.0,-0.752796
97,0.2785,7.09245,6.9197349999999975,1091.71,135.8336,133.5146,33.01378,55.41661,-314.938,56034500000000.0,33159350000000.0,2990740000000.0,0.7220802,5.608484e-06,-2.423428e-08,-5.490175e-06,7.372299e-08,5.228235e-06,-1.095962e-05,-8.955713e-06,1.212035e-05,29410900000000.0,2225760000000.0,0.581958,4.647977e-06,-1.925292e-08,-4.548204e-06,6.103801e-08,4.330803e-06,-9.080883e-06,-7.419901e-06,1.004105e-05,20376180000000.0,1160986000000.0,0.378316,3.008436e-06,-1.149275e-08,-2.941704e-06,3.928871e-08,2.800284e-06,-5.875426e-06,-4.79999e-06,6.49427e-06,1099564000000.0,26570000000000.0,1.037488,4690000000000.0,-0.8234
98,0.2902,6.332957,4.905197999999994,1140.167,126.5395,98.4518,475.1089,-20.99594,-304.3216,30179820000000.0,26623600000000.0,1817230000000.0,0.6656851,2.380156e-06,-3.89372e-06,-6.204173e-06,-3.834877e-06,-1.648491e-06,-8.539281e-06,-7.68329e-06,1.258024e-06,21914010000000.0,1381982000000.0,0.5240607,2.016163e-06,-3.122984e-06,-5.079628e-06,-3.073512e-06,-1.222403e-06,-7.057489e-06,-6.332337e-06,1.238879e-06,16339390000000.0,821156800000.0,0.3523742,1.460738e-06,-2.077327e-06,-3.49438e-06,-2.041944e-06,-7.019001e-07,-4.927215e-06,-4.401741e-06,1.080442e-06,937949300000.0,24700000000000.0,0.8024028,3372000000000.0,-0.631818
100,0.2924,5.466075,5.9098609999999985,1148.256,109.8783,119.4034,369.5307,135.8505,-91.15569,40079570000000.0,34985520000000.0,2725108000000.0,0.7348167,4.211483e-06,-4.745707e-06,-8.831614e-06,-4.649412e-06,-7.885591e-07,-1.295681e-05,-1.144387e-05,4.352355e-06,29795360000000.0,2080670000000.0,0.581261,3.604991e-06,-3.856943e-06,-7.353635e-06,-3.775287e-06,-4.721675e-07,-1.088465e-05,-9.589384e-06,3.927081e-06,20087840000000.0,1183634000000.0,0.3761124,2.524582e-06,-2.450099e-06,-4.897693e-06,-2.394033e-06,-8.334493e-08,-7.37033e-06,-6.462944e-06,2.995562e-06,1165717000000.0,56770000000000.0,1.111955,10740000000000.0,-0.9115
102,0.2932,5.38134,5.006972999999997,1153.161,108.627,101.4772,231.4384,239.3547,-234.7878,295070200000000.0,261814700000000.0,33214210000000.0,1.421459,0.0001444882,-3.075101e-05,-0.0001697939,-2.917953e-05,0.0001003066,-0.0003110023,-0.0002587602,0.0002747678,219909000000000.0,25741150000000.0,1.128361,0.0001256467,-2.574448e-05,-0.0001466013,-2.443611e-05,8.804131e-05,-0.0002693927,-0.0002239448,0.0002396576,89001630000000.0,9663455000000.0,0.6149654,6.541836e-05,-1.237778e-05,-7.523592e-05,-1.176722e-05,4.664497e-05,-0.0001391637,-0.0001154789,0.0001254691,5864649000000.0,40990000000000.0,2.948132,20560000000000.0,-2.51658
103,0.2967,4.978231000000001,6.694662000000003,1162.884,101.294,137.0145,-24.26935,35.6953,113.6546,37484490000000.0,34408840000000.0,2764474000000.0,0.7223877,3.937156e-06,9.39519e-08,-3.743796e-06,1.635065e-07,3.784138e-06,-7.581905e-06,-6.176159e-06,8.624073e-06,31909870000000.0,2279608000000.0,0.5929912,3.524442e-06,8.055685e-08,-3.354364e-06,1.422595e-07,3.382131e-06,-6.790128e-06,-5.531563e-06,7.713799e-06,22682920000000.0,1356837000000.0,0.3898233,2.559829e-06,5.348505e-08,-2.440429e-06,9.735699e-08,2.448442e-06,-4.935829e-06,-4.021426e-06,5.593023e-06,1117943000000.0,34220000000000.0,0.9548133,5559000000000.0,-0.772035
104,0.2978,6.59012,5.046216999999994,1166.98,134.8203,103.7315,392.1699,352.4478,-209.7325,53439420000000.0,52093820000000.0,4724926000000.0,0.8313261,8.113643e-06,-8.044651e-06,-1.590334e-05,-7.866634e-06,-4.547153e-07,-2.385659e-05,-2.093536e-05,9.425735e-06,47576460000000.0,4109522000000.0,0.6769365,7.577169e-06,-7.169624e-06,-1.450704e-05,-7.00487e-06,-8.646461e-08,-2.19341e-05,-1.920566e-05,9.138004e-06,38157280000000.0,3010240000000.0,0.4645861,6.46457e-06,-5.602161e-06,-1.185929e-05,-5.464272e-06,4.321832e-07,-1.81953e-05,-1.586681e-05,8.297458e-06,1467483000000.0,131900000000000.0,1.426404,32010000000000.0,-1.270016
105,0.2988,6.738726,5.008068000000001,1170.097,138.2566,103.2495,230.3469,194.7982,8.299795,68144870000000.0,63723630000000.0,5510982000000.0,0.8855759,1.02888e-05,-6.023003e-06,-1.600492e-05,-5.818768e-06,3.590582e-06,-2.6066e-05,-2.237299e-05,1.615311e-05,53247190000000.0,4307617000000.0,0.7019234,8.952474e-06,-4.990498e-06,-1.367381e-05,-4.814993e-06,3.36745e-06,-2.242801e-05,-1.921399e-05,1.429473e-05,31621530000000.0,2235361000000.0,0.434962,6.049388e-06,-3.070642e-06,-8.935043e-06,-2.955283e-06,2.566752e-06,-1.485027e-05,-1.26775e-05,9.945285e-06,1886857000000.0,35870000000000.0,1.28318,7831000000000.0,-1.05831
107,0.2994,6.786417,6.684305000000004,1169.259,139.1446,137.9986,447.8895,266.4452,-23.78347,42482420000000.0,40271790000000.0,3139921000000.0,0.7601497,4.663002e-06,-6.483401e-06,-1.100216e-05,-6.37077e-06,-2.099704e-06,-1.557638e-05,-1.3898e-05,3.582081e-06,35946660000000.0,2533661000000.0,0.6162419,4.12776e-06,-5.491944e-06,-9.491193e-06,-5.39298e-06,-1.613877e-06,-1.354019e-05,-1.205429e-05,3.414393e-06,22586810000000.0,1409733000000.0,0.3903146,2.849486e-06,-3.449001e-06,-6.208438e-06,-3.381911e-06,-7.759109e-07,-9.003312e-06,-7.977256e-06,2.693052e-06,1302390000000.0,34550000000000.0,1.018845,5989000000000.0,-0.825858
108,0.2993,5.796699,6.867716999999998,1170.314,118.808,141.679,178.4968,360.4913,188.4686,28353650000000.0,22394580000000.0,1327744000000.0,0.6277277,1.892185e-06,-1.621939e-06,-3.463046e-06,-1.580565e-06,1.601826e-07,-5.314128e-06,-4.636075e-06,2.47927e-06,16339390000000.0,864992000000.0,0.4800593,1.445972e-06,-1.189259e-06,-2.595947e-06,-1.157865e-06,1.718613e-07,-4.010461e-06,-3.492252e-06,1.943656e-06,9995863000000.0,374073800000.0,0.299605,7.989224e-07,-6.106066e-07,-1.387564e-06,-5.93497e-07,1.406513e-07,-2.169059e-06,-1.882681e-06,1.11917e-06,896902800000.0,17820000000000.0,0.8193052,2484000000000.0,-0.594792
109,0.302,7.00802,5.297458000000001,1180.627,145.1305,110.2947,310.7012,525.548,-13.57064,36811690000000.0,32678780000000.0,2993031000000.0,0.7122843,4.359142e-06,-4.718536e-06,-8.949759e-06,-4.619591e-06,-6.224332e-07,-1.32224e-05,-1.165513e-05,4.700992e-06,30660390000000.0,2499744000000.0,0.6007896,3.937619e-06,-4.111786e-06,-7.933148e-06,-4.023003e-06,-4.13781e-07,-1.179246e-05,-1.037661e-05,4.393746e-06,22106240000000.0,1479184000000.0,0.3875951,2.83884e-06,-2.692553e-06,-5.446137e-06,-2.629793e-06,-3.064331e-08,-8.228199e-06,-7.207157e-06,3.433042e-06,1056832000000.0,58400000000000.0,1.094003,10870000000000.0,-0.877437
110,0.303,7.169424,5.2454180000000035,1184.473,148.9916,109.5992,68.70853,431.7268,57.59449,108224400000000.0,94480130000000.0,9892309000000.0,1.006795,2.513514e-05,-5.266863e-06,-2.963718e-05,-4.875293e-06,1.800343e-05,-5.418296e-05,-4.515615e-05,4.866929e-05,79390220000000.0,7906859000000.0,0.801273,2.241315e-05,-4.474004e-06,-2.61978e-05,-4.132341e-06,1.625233e-05,-4.808487e-05,-4.003336e-05,4.35847e-05,53151080000000.0,4728233000000.0,0.5162459,1.6763e-05,-3.040387e-06,-1.927574e-05,-2.797277e-06,1.242154e-05,-3.564446e-05,-2.961888e-05,3.284299e-05,2430974000000.0,77230000000000.0,1.96276,25790000000000.0,-1.674
112,0.303,7.105329,5.393966000000003,1184.164,147.6073,112.6759,11.18639,531.3851,-411.4691,38733970000000.0,33063240000000.0,2715908000000.0,0.7169301,3.981514e-06,-4.576589e-07,-4.341766e-06,-3.849542e-07,3.279817e-06,-8.230878e-06,-6.806146e-06,8.176755e-06,29891470000000.0,2161300000000.0,0.5861506,3.498937e-06,-3.853557e-07,-3.797913e-06,-3.220661e-07,2.897014e-06,-7.215422e-06,-5.963263e-06,7.199179e-06,19511160000000.0,1172002000000.0,0.3715545,2.401032e-06,-2.399216e-07,-2.580397e-06,-1.975269e-07,2.00893e-06,-4.92522e-06,-4.065754e-06,4.959087e-06,1104312000000.0,38840000000000.0,1.017083,6721000000000.0,-0.810689
114,0.3032,6.060442,6.782832,1184.193,125.7268,141.6382,-97.69663,358.5912,105.7153,53535530000000.0,32967120000000.0,2590751000000.0,0.7164769,4.419106e-06,6.443757e-07,-3.667524e-06,7.201643e-07,4.787523e-06,-7.975587e-06,-6.39795e-06,1.022674e-05,29314790000000.0,2061242000000.0,0.5831578,3.794748e-06,5.285447e-07,-3.173395e-06,5.929184e-07,4.083999e-06,-6.872696e-06,-5.517762e-06,8.753476e-06,21145090000000.0,1209892000000.0,0.3804327,2.626635e-06,3.310244e-07,-2.230159e-06,3.744207e-07,2.788227e-06,-4.790593e-06,-3.852413e-06,6.018287e-06,1084948000000.0,42660000000000.0,1.04808,7607000000000.0,-0.8903
115,0.3079,6.561854,6.218542999999997,1201.253,138.1793,131.7543,-69.64949,275.757,48.57279,67952640000000.0,64300310000000.0,5474503000000.0,0.8895636,1.058292e-05,7.376125e-07,-9.564534e-06,9.012337e-07,1.059413e-05,-1.987962e-05,-1.609551e-05,2.357973e-05,55553930000000.0,4325750000000.0,0.7104674,9.33818e-06,6.225127e-07,-8.465758e-06,7.646742e-07,9.312639e-06,-1.756749e-05,-1.422778e-05,2.076719e-05,40367910000000.0,2521006000000.0,0.4704195,6.822741e-06,4.185157e-07,-6.218397e-06,5.190447e-07,6.757106e-06,-1.286823e-05,-1.04271e-05,1.512055e-05,2063397000000.0,36990000000000.0,1.387812,8734000000000.0,-1.121
116,0.3054,6.375053,6.020202000000005,1193.092,133.3007,126.6072,25.2953,510.5125,36.07512,37868940000000.0,33639920000000.0,2674839000000.0,0.7153416,3.723109e-06,-1.004923e-06,-4.63287e-06,-9.339995e-07,2.490453e-06,-8.269332e-06,-6.937103e-06,7.063328e-06,29603130000000.0,2136424000000.0,0.5763901,3.300764e-06,-8.503224e-07,-4.066049e-06,-7.880194e-07,2.2466e-06,-7.289853e-06,-6.108618e-06,6.299644e-06,20856750000000.0,1262231000000.0,0.3777921,2.434775e-06,-5.702685e-07,-2.941242e-06,-5.25262e-07,1.710965e-06,-5.319046e-06,-4.447487e-06,4.69889e-06,1109781000000.0,51290000000000.0,1.032051,9006000000000.0,-0.8502408
117,0.31,7.189705999999999,7.174965,1204.924,151.9973,152.8845,-139.7332,265.3288,33.59151,53535530000000.0,36427230000000.0,2486964000000.0,0.7385263,4.160562e-06,1.276541e-06,-2.784609e-06,1.344122e-06,5.173228e-06,-6.83727e-06,-5.353235e-06,1.029754e-05,31813760000000.0,1954990000000.0,0.5898009,3.56756e-06,1.037272e-06,-2.444278e-06,1.094465e-06,4.376111e-06,-5.919253e-06,-4.646514e-06,8.768751e-06,21048980000000.0,1091793000000.0,0.3791141,2.550552e-06,6.708315e-07,-1.817116e-06,7.106111e-07,3.054274e-06,-4.301395e-06,-3.391147e-06,6.192798e-06,1183521000000.0,50420000000000.0,1.127497,9672000000000.0,-0.9729
119,0.3093,6.398359,6.534445999999998,1206.341,135.2779,139.046,-50.44206,464.4202,-48.48825,28161420000000.0,20952870000000.0,1373920000000.0,0.614214,1.94274e-06,2.648665e-08,-1.86981e-06,6.218639e-08,1.852838e-06,-3.765308e-06,-3.071459e-06,4.244825e-06,18646130000000.0,993376500000.0,0.49709,1.573932e-06,2.066745e-08,-1.515378e-06,4.936386e-08,1.499544e-06,-3.050985e-06,-2.488802e-06,3.437012e-06,11533690000000.0,446095300000.0,0.3100383,9.142913e-07,1.10748e-08,-8.808696e-07,2.744325e-08,8.69141e-07,-1.772838e-06,-1.446193e-06,1.994051e-06,816952200000.0,16100000000000.0,0.8195818,2245000000000.0,-0.576081
122,0.3107,6.128519,6.3183620000000005,1212.421,130.1808,135.0175,-71.19453,305.6816,-27.96492,36715570000000.0,33159350000000.0,2575647000000.0,0.7090188,3.634002e-06,4.530138e-07,-3.091387e-06,5.150456e-07,3.857798e-06,-6.633625e-06,-5.336234e-06,8.328469e-06,29122560000000.0,2049841000000.0,0.5716338,3.18956e-06,3.786449e-07,-2.731642e-06,4.324714e-07,3.365011e-06,-5.840606e-06,-4.701706e-06,7.287847e-06,20664520000000.0,1222297000000.0,0.3759727,2.318992e-06,2.499422e-07,-2.010429e-06,2.880985e-07,2.418034e-06,-4.270745e-06,-3.442411e-06,5.268484e-06,1091274000000.0,47310000000000.0,1.052655,8473000000000.0,-0.849519
123,0.314,6.414698,6.004265000000003,1223.962,137.6073,129.5468,-87.91075,236.9679,-10.71182,31333190000000.0,21721780000000.0,1380169000000.0,0.6144387,1.843278e-06,4.505586e-07,-1.349621e-06,4.835574e-07,2.183835e-06,-3.145858e-06,-2.488679e-06,4.455661e-06,20664520000000.0,1111640000000.0,0.5138236,1.605386e-06,3.768524e-07,-1.190785e-06,4.05385e-07,1.885757e-06,-2.755182e-06,-2.182758e-06,3.864024e-06,14128770000000.0,609776500000.0,0.3308781,1.091102e-06,2.338125e-07,-8.312834e-07,2.528584e-07,1.258216e-06,-1.894499e-06,-1.505349e-06,2.602152e-06,784156200000.0,31350000000000.0,0.8316792,4436000000000.0,-0.668349
124,0.3192,5.9155560000000005,5.820663999999999,1244.86,128.9854,127.5813,178.7414,320.5869,-41.75277,33639920000000.0,28257540000000.0,2158829000000.0,0.6790745,2.758065e-06,-1.898845e-06,-4.581568e-06,-1.840979e-06,6.935406e-07,-7.278008e-06,-6.289985e-06,4.072819e-06,25085770000000.0,1676385000000.0,0.5433893,2.388029e-06,-1.564604e-06,-3.886937e-06,-1.514939e-06,6.785431e-07,-6.221546e-06,-5.365963e-06,3.603675e-06,17492760000000.0,982339200000.0,0.3574219,1.729773e-06,-1.033475e-06,-2.714994e-06,-9.981429e-07,5.892615e-07,-4.405992e-06,-3.786071e-06,2.706978e-06,972059300000.0,49850000000000.0,0.9927702,8420000000000.0,-0.8046871
128,0.3225,5.647602,5.905129999999994,1256.833,124.2879,130.6289,140.9053,183.4503,-126.304,37100030000000.0,31429300000000.0,2593060000000.0,0.6924257,3.318632e-06,-1.513583e-06,-4.742576e-06,-1.447669e-06,1.601004e-06,-7.983943e-06,-6.796216e-06,5.669539e-06,26911940000000.0,2044727000000.0,0.557831,2.885128e-06,-1.253537e-06,-4.060199e-06,-1.196775e-06,1.452459e-06,-6.878116e-06,-5.845377e-06,4.988628e-06,19126700000000.0,1212838000000.0,0.3651078,2.073318e-06,-8.216248e-07,-2.83776e-06,-7.816451e-07,1.120368e-06,-4.862726e-06,-4.120335e-06,3.660192e-06,1059167000000.0,44220000000000.0,0.986117,7419000000000.0,-0.8017395
132,0.3274,5.952103,4.863282000000003,1276.059,133.0407,109.1616,-283.1072,694.3464,-103.3883,49787090000000.0,44596930000000.0,4634093000000.0,0.7899641,6.519863e-06,3.697965e-06,-2.680041e-06,3.788313e-06,9.792222e-06,-9.030935e-06,-6.704599e-06,1.784326e-05,42001850000000.0,3930808000000.0,0.6476255,6.000207e-06,3.265104e-06,-2.603202e-06,3.347236e-06,8.870031e-06,-8.447504e-06,-6.306405e-06,1.627721e-05,33351580000000.0,2629528000000.0,0.4388222,4.821925e-06,2.416275e-06,-2.297354e-06,2.48047e-06,6.914238e-06,-6.99338e-06,-5.272373e-06,1.286312e-05,1293757000000.0,43740000000000.0,1.090465,8115000000000.0,-0.9090437
133,0.3274,6.892579,6.910093000000002,1269.18,153.4209,154.9342,59.9068,86.42122,-54.44096,143690500000000.0,106398300000000.0,11194540000000.0,1.034328,2.916374e-05,-2.748351e-06,-3.101571e-05,-2.345661e-06,2.415144e-05,-5.946484e-05,-4.899637e-05,5.972283e-05,93134530000000.0,9072690000000.0,0.8382416,2.581466e-05,-2.322297e-06,-2.733464e-05,-1.975307e-06,2.145862e-05,-5.25165e-05,-4.324718e-05,5.292968e-05,61224660000000.0,5378776000000.0,0.5387825,1.863534e-05,-1.513178e-06,-1.95538e-05,-1.279265e-06,1.560188e-05,-3.773184e-05,-3.103513e-05,3.829348e-05,2639741000000.0,108500000000000.0,2.325047,42920000000000.0,-2.04435
135,0.3283,6.230407,5.173500999999997,1277.994,139.5208,116.3981,-45.01223,239.0941,-470.0608,44116360000000.0,35273860000000.0,2964716000000.0,0.71941,4.047598e-06,7.231604e-07,-3.227337e-06,7.904619e-07,4.514981e-06,-7.174088e-06,-5.728413e-06,9.498174e-06,27488620000000.0,2203889000000.0,0.5580062,3.399579e-06,5.747436e-07,-2.742354e-06,6.304544e-07,3.756757e-06,-6.05706e-06,-4.842636e-06,7.940613e-06,20760640000000.0,1330509000000.0,0.3750891,2.448373e-06,3.786198e-07,-2.009208e-06,4.177114e-07,2.666869e-06,-4.396268e-06,-3.521376e-06,5.678179e-06,1166154000000.0,61020000000000.0,1.141427,11850000000000.0,-0.9427
136,0.329,6.600921,5.140011999999995,1279.932,148.1141,115.9002,-94.4644,-233.5446,-312.2425,40752360000000.0,39791220000000.0,2954405000000.0,0.7472865,3.582936e-06,1.67233e-06,-1.828671e-06,1.728711e-06,5.029689e-06,-5.317692e-06,-4.040444e-06,9.448733e-06,37580600000000.0,2492137000000.0,0.6201991,3.244263e-06,1.450322e-06,-1.71921e-06,1.500878e-06,4.488684e-06,-4.878356e-06,-3.721707e-06,8.489117e-06,21048980000000.0,1342699000000.0,0.3771151,2.233526e-06,8.970137e-07,-1.284029e-06,9.308495e-07,2.985587e-06,-3.458827e-06,-2.66226e-06,5.737959e-06,1282471000000.0,45160000000000.0,1.003205,7708000000000.0,-0.846648
137,0.3288,6.307207000000001,5.241361000000005,1279.595,141.4315,118.0985,-561.9511,73.49642,-459.0127,28738110000000.0,26431370000000.0,1729129000000.0,0.650583,1.949509e-06,4.181764e-06,2.261279e-06,4.201629e-06,6.010414e-06,3.693999e-07,1.060535e-06,8.441494e-06,23451830000000.0,1382822000000.0,0.5290979,1.721559e-06,3.53548e-06,1.83994e-06,3.552776e-06,5.149376e-06,1.694258e-07,7.797717e-07,7.295588e-06,17492760000000.0,830352200000.0,0.3560176,1.285997e-06,2.424707e-06,1.15873e-06,2.437239e-06,3.628833e-06,-8.892523e-08,3.670489e-07,5.231117e-06,910296300000.0,38950000000000.0,0.895602,5935000000000.0,-0.71676
138,0.3283,6.304613000000001,5.055425999999996,1277.861,141.1813,113.7319,37.81502,-135.2938,-165.4761,38445630000000.0,30179820000000.0,2418107000000.0,0.679426,3.304324e-06,-8.170023e-08,-3.302459e-06,-2.238249e-08,3.016647e-06,-6.524591e-06,-5.344459e-06,7.078179e-06,23740170000000.0,1725225000000.0,0.5315951,2.690913e-06,-6.35567e-08,-2.685911e-06,-1.577116e-08,2.457949e-06,-5.309865e-06,-4.348652e-06,5.764637e-06,15474360000000.0,855887300000.0,0.3405187,1.690454e-06,-3.669942e-08,-1.683453e-06,-7.332809e-09,1.545244e-06,-3.331814e-06,-2.727771e-06,3.621451e-06,1076514000000.0,26660000000000.0,0.9592477,4351000000000.0,-0.72765
139,0.3295,6.792414,7.197882999999998,1276.075,151.9913,162.297,-199.7967,-21.13759,-260.9086,48441490000000.0,41329050000000.0,4176684000000.0,0.7582172,6.577147e-06,3.724977e-06,-2.699685e-06,3.812683e-06,9.857579e-06,-9.09651e-06,-6.752828e-06,1.796732e-05,37100030000000.0,3385073000000.0,0.6251256,5.907295e-06,3.220351e-06,-2.548878e-06,3.29802e-06,8.724794e-06,-8.294142e-06,-6.18882e-06,1.600668e-05,28161420000000.0,2056089000000.0,0.4146642,4.357073e-06,2.167341e-06,-2.085776e-06,2.222503e-06,6.220405e-06,-6.32321e-06,-4.76973e-06,1.158768e-05,1254337000000.0,72060000000000.0,1.329521,16300000000000.0,-1.074595
140,0.3288,5.841367,4.926809000000002,1281.407,131.0953,111.0359,-442.7401,349.896,-153.1097,53823880000000.0,37196140000000.0,3786473000000.0,0.7390467,5.863824e-06,6.518882e-06,7.695797e-07,6.585212e-06,1.199435e-05,-4.92567e-06,-2.841388e-06,1.926106e-05,33063240000000.0,2941217000000.0,0.5986453,5.034061e-06,5.364948e-06,4.303455e-07,5.420913e-06,1.006228e-05,-4.458784e-06,-2.669197e-06,1.62988e-05,24893540000000.0,1692283000000.0,0.3985295,3.549536e-06,3.490482e-06,1.268572e-08,3.528527e-06,6.797806e-06,-3.43439e-06,-2.172182e-06,1.119249e-05,1171307000000.0,40670000000000.0,1.130435,7822000000000.0,-0.908226
142,0.3304,5.714997000000001,6.9119799999999945,1282.61,128.3605,156.2616,242.6574,185.5346,-43.99088,46519210000000.0,40560140000000.0,3756806000000.0,0.7486146,5.676763e-06,-3.662561e-06,-9.172656e-06,-3.54699e-06,1.650594e-06,-1.472411e-05,-1.268729e-05,8.586315e-06,35946660000000.0,3038779000000.0,0.612332,5.046289e-06,-3.121289e-06,-8.01844e-06,-3.019555e-06,1.598579e-06,-1.295327e-05,-1.114236e-05,7.76235e-06,28257540000000.0,1882099000000.0,0.4148079,3.790422e-06,-2.151183e-06,-5.827967e-06,-2.076428e-06,1.388763e-06,-9.534557e-06,-8.173831e-06,6.015831e-06,1241140000000.0,43310000000000.0,1.171725,8634000000000.0,-0.9293988
144,0.3299,5.81465,6.876084000000004,1280.94,130.4441,155.2672,195.3657,-80.17207,-40.16907,45077500000000.0,31621530000000.0,2574367000000.0,0.6894698,4.947038e-06,-2.072564e-06,-6.877245e-06,-1.978101e-06,2.551023e-06,-1.171036e-05,-9.93714e-06,8.600973e-06,22779030000000.0,1540742000000.0,0.5238688,3.66662e-06,-1.486072e-06,-5.046523e-06,-1.416752e-06,1.93862e-06,-8.628682e-06,-7.314199e-06,6.421567e-06,12110370000000.0,527255600000.0,0.3134926,1.859896e-06,-7.124041e-07,-2.517845e-06,-6.778764e-07,1.022765e-06,-4.334875e-06,-3.667905e-06,3.295716e-06,1198456000000.0,12960000000000.0,1.101148,2428000000000.0,-0.696366
145,0.3325,5.650432,7.110553000000001,1290.185,127.6504,161.7281,-6.394649,-80.16928,-204.6161,169449100000000.0,147439000000000.0,17935420000000.0,1.150949,5.415305e-05,2.517995e-06,-4.992157e-05,3.057557e-06,5.202358e-05,-0.0001026851,-8.323266e-05,0.0001179909,126486100000000.0,14566150000000.0,0.9271641,4.903938e-05,2.185861e-06,-4.528325e-05,2.654842e-06,4.695471e-05,-9.306359e-05,-7.544183e-05,0.0001066602,87463800000000.0,8938863000000.0,0.6039617,3.746249e-05,1.525363e-06,-3.470364e-05,1.847784e-06,3.561256e-05,-7.120299e-05,-5.772981e-05,8.116363e-05,3343916000000.0,129000000000000.0,2.871835,63030000000000.0,-2.48193
147,0.3327,4.804242,6.630726000000003,1293.448,108.7103,150.8901,246.0358,28.9479,-214.3715,131387900000000.0,89193850000000.0,9426110000000.0,0.9720297,2.209254e-05,-8.040378e-06,-2.943062e-05,-7.666457e-06,1.242427e-05,-5.102466e-05,-4.308112e-05,3.932568e-05,73335030000000.0,7216741000000.0,0.7724391,1.891903e-05,-6.557713e-06,-2.486882e-05,-6.244335e-06,1.094571e-05,-4.336062e-05,-3.655604e-05,3.397171e-05,46807550000000.0,3941174000000.0,0.49078,1.299345e-05,-4.095272e-06,-1.66616e-05,-3.890175e-06,7.89404e-06,-2.936114e-05,-2.468466e-05,2.369165e-05,2380584000000.0,76900000000000.0,2.011692,26320000000000.0,-1.742736
148,0.3309,6.522614,6.264991999999999,1284.301,146.8411,141.9126,-387.7768,-93.15121,-71.93869,33351580000000.0,28930330000000.0,2185798000000.0,0.6712108,2.685623e-06,3.592662e-06,9.585515e-07,3.626245e-06,6.108151e-06,-1.64926e-06,-6.957021e-07,9.438446e-06,24893540000000.0,1693694000000.0,0.5430769,2.305659e-06,2.94732e-06,6.863177e-07,2.975763e-06,5.10561e-06,-1.552477e-06,-7.337252e-07,7.964003e-06,17973330000000.0,967888600000.0,0.3564715,1.627204e-06,1.909653e-06,3.145761e-07,1.929167e-06,3.430985e-06,-1.265362e-06,-6.873786e-07,5.447241e-06,990863900000.0,28640000000000.0,0.8951884,4362000000000.0,-0.694782
151,0.335,4.98138,6.630241999999997,1301.538,113.4436,151.8629,-169.4931,-193.2387,294.1287,77467940000000.0,42290190000000.0,4857891000000.0,0.7584272,1.097689e-05,3.085152e-06,-7.611206e-06,3.228685e-06,1.327665e-05,-1.82971e-05,-1.437588e-05,2.676492e-05,31717640000000.0,3045886000000.0,0.5869286,8.092566e-06,2.224526e-06,-5.660007e-06,2.329121e-06,9.734135e-06,-1.353796e-05,-1.064672e-05,1.967608e-05,19511160000000.0,1244469000000.0,0.3661213,4.333611e-06,1.128652e-06,-3.091834e-06,1.182913e-06,5.144469e-06,-7.310422e-06,-5.76161e-06,1.046545e-05,1383312000000.0,31230000000000.0,1.484557,7888000000000.0,-1.080036
152,0.3334,5.225516,6.825931,1295.164,118.4507,155.6805,22.9116,-106.1127,-35.56698,58437350000000.0,52574390000000.0,5311126000000.0,0.8157913,8.616586e-06,-1.684133e-07,-8.549409e-06,-3.125071e-08,7.854366e-06,-1.695038e-05,-1.386771e-05,1.841536e-05,47095890000000.0,4456108000000.0,0.6683876,7.882276e-06,-1.476735e-07,-7.812818e-06,-2.391673e-08,7.185959e-06,-1.549781e-05,-1.267731e-05,1.684414e-05,34601060000000.0,2918088000000.0,0.44282,6.162236e-06,-1.048036e-07,-6.094103e-06,-1.143331e-08,5.617805e-06,-1.210203e-05,-9.895931e-06,1.31629e-05,1514143000000.0,144200000000000.0,1.605545,39390000000000.0,-1.383146
153,0.3364,5.008545,6.733369000000002,1306.393,114.4909,154.8285,-271.5452,-78.34487,159.1646,143690500000000.0,120046500000000.0,14364150000000.0,1.072863,3.705692e-05,1.320225e-05,-2.285215e-05,1.3525e-05,4.724036e-05,-5.887538e-05,-4.562592e-05,9.268265e-05,103611000000000.0,11732460000000.0,0.8661566,3.355919e-05,1.145538e-05,-2.118487e-05,1.173629e-05,4.224434e-05,-5.380748e-05,-4.180501e-05,8.337804e-05,71412750000000.0,7184744000000.0,0.5631808,2.552791e-05,7.953772e-06,-1.685515e-05,8.146808e-06,3.130857e-05,-4.166982e-05,-3.253319e-05,6.256314e-05,2871511000000.0,80570000000000.0,2.259278,30970000000000.0,-1.94634
155,0.3415,6.364067,6.3606979999999975,1322.268,147.4764,148.3117,-90.3196,-8.214291,136.6201,37388370000000.0,31044840000000.0,2445020000000.0,0.6813953,3.02024e-06,7.225529e-07,-2.224757e-06,7.736096e-07,3.554038e-06,-5.166901e-06,-4.089735e-06,7.272765e-06,27392510000000.0,1902623000000.0,0.5550222,2.616675e-06,6.003761e-07,-1.952706e-06,6.441884e-07,3.052166e-06,-4.501707e-06,-3.56834e-06,6.273294e-06,17492760000000.0,999756300000.0,0.3516792,1.753871e-06,3.671665e-07,-1.343425e-06,3.958509e-07,2.008341e-06,-3.051916e-06,-2.426097e-06,4.166228e-06,1081602000000.0,31880000000000.0,0.9480158,5142000000000.0,-0.74547
159,0.3469,6.192271,6.769615999999995,1340.695,145.4631,160.0812,-73.4244,-59.06032,410.7085,40752360000000.0,36811690000000.0,3242746000000.0,0.7217633,4.090673e-06,3.518356e-07,-3.636625e-06,4.20513e-07,4.17996e-06,-7.625358e-06,-6.163801e-06,9.209624e-06,34504950000000.0,2774173000000.0,0.5987352,3.795653e-06,3.132981e-07,-3.38688e-06,3.764342e-07,3.863395e-06,-7.087855e-06,-5.731547e-06,8.529259e-06,26719710000000.0,1868103000000.0,0.4054155,3.102229e-06,2.33957e-07,-2.789006e-06,2.843922e-07,3.131661e-06,-5.813699e-06,-4.704853e-06,6.943054e-06,1132327000000.0,95320000000000.0,1.199943,19460000000000.0,-1.031433
160,0.3502,6.339131,6.944055999999995,1351.396,150.1298,165.6038,-105.0468,-258.9153,257.2894,37772830000000.0,34504950000000.0,2555466000000.0,0.7058376,3.020465e-06,9.611483e-07,-1.988191e-06,1.010673e-06,3.7921e-06,-4.930893e-06,-3.853467e-06,7.513763e-06,28545880000000.0,2008786000000.0,0.5604239,2.65011e-06,8.024433e-07,-1.784728e-06,8.453949e-07,3.284625e-06,-4.366542e-06,-3.421087e-06,6.549058e-06,21048980000000.0,1217705000000.0,0.3733453,1.950474e-06,5.375258e-07,-1.365824e-06,5.683736e-07,2.361898e-06,-3.265942e-06,-2.569875e-06,4.76316e-06,1128312000000.0,47910000000000.0,1.024873,8354000000000.0,-0.842562
161,0.3507,6.930577000000001,6.383811000000003,1353.602,164.5368,152.5582,-23.00952,-176.5284,192.9105,36907800000000.0,33928270000000.0,2452792000000.0,0.7017081,2.789851e-06,2.050273e-07,-2.516173e-06,2.544955e-07,2.822539e-06,-5.235939e-06,-4.24009e-06,6.254987e-06,29891470000000.0,1944924000000.0,0.5690207,2.436757e-06,1.713488e-07,-2.205047e-06,2.141574e-07,2.456289e-06,-4.580559e-06,-3.71063e-06,5.453635e-06,20664520000000.0,1095156000000.0,0.3707712,1.711707e-06,1.10164e-07,-1.558527e-06,1.396156e-07,1.71323e-06,-3.227173e-06,-2.615903e-06,3.817677e-06,1141347000000.0,33710000000000.0,0.9432793,5410000000000.0,-0.757548
162,0.3494,5.107449,7.021753000000007,1351.476,120.7932,167.1249,-25.35095,-168.3874,441.5057,80447470000000.0,70451610000000.0,7435297000000.0,0.8939627,1.354735e-05,-3.559815e-07,-1.352445e-05,-1.534737e-07,1.221879e-05,-2.673906e-05,-2.188533e-05,2.880568e-05,62666370000000.0,6196659000000.0,0.7309309,1.234052e-05,-3.105868e-07,-1.230277e-05,-1.292855e-07,1.113377e-05,-2.43399e-05,-1.991763e-05,2.623762e-05,47192010000000.0,4024299000000.0,0.4898683,9.72966e-06,-2.242674e-07,-9.673648e-06,-8.696796e-08,8.780683e-06,-1.916363e-05,-1.56753e-05,2.067941e-05,1864150000000.0,136000000000000.0,1.87695,43430000000000.0,-1.627187
163,0.3492,6.454967,7.062737000000002,1347.787,152.4879,168.051,79.70521,-497.9756,23.17455,28353650000000.0,25085770000000.0,1624403000000.0,0.6317814,1.727269e-06,-1.6526e-07,-1.851046e-06,-1.32601e-07,1.459727e-06,-3.537198e-06,-2.919979e-06,3.585871e-06,21241210000000.0,1244702000000.0,0.5116697,1.473449e-06,-1.350811e-07,-1.572876e-06,-1.074398e-07,1.250366e-06,-3.011185e-06,-2.48462e-06,3.063646e-06,14609340000000.0,673434200000.0,0.3332788,9.66479e-07,-8.10395e-08,-1.023747e-06,-6.323544e-08,8.266076e-07,-1.967093e-06,-1.621629e-06,2.015365e-06,918139300000.0,27040000000000.0,0.8294754,3816000000000.0,-0.640926
167,0.3558,7.131676,5.565694999999997,1372.817,171.7642,134.8191,-126.5914,269.1291,25.79001,31140960000000.0,30275930000000.0,2397973000000.0,0.6801022,2.646622e-06,7.335494e-07,-1.849155e-06,7.766471e-07,3.211517e-06,-4.427455e-06,-3.483177e-06,6.469982e-06,28738110000000.0,2111327000000.0,0.5758987,2.482082e-06,6.621074e-07,-1.759689e-06,7.021925e-07,2.984934e-06,-4.177666e-06,-3.291997e-06,6.040242e-06,22875150000000.0,1494434000000.0,0.3872241,2.065997e-06,5.014871e-07,-1.513576e-06,5.341078e-07,2.432508e-06,-3.526152e-06,-2.788733e-06,4.974354e-06,975490400000.0,113800000000000.0,1.128525,21850000000000.0,-0.96624
170,0.3608,5.512289,5.938798999999996,1394.241,134.552,145.7089,-209.6605,-142.1304,352.0209,36619460000000.0,27488620000000.0,2286906000000.0,0.6501178,2.638937e-06,1.56425e-06,-1.016276e-06,1.604832e-06,4.03805e-06,-3.58525e-06,-2.645059e-06,7.296153e-06,22875150000000.0,1726284000000.0,0.523029,2.217974e-06,1.253532e-06,-9.148811e-07,1.287218e-06,3.3313e-06,-3.073982e-06,-2.283658e-06,6.068889e-06,16627730000000.0,988243600000.0,0.3471169,1.554974e-06,8.09306e-07,-7.103197e-07,8.323654e-07,2.264139e-06,-2.223937e-06,-1.669708e-06,4.18239e-06,966225100000.0,44010000000000.0,0.9877507,7396000000000.0,-0.785367
172,0.3642,5.242599,4.883321000000004,1408.977,129.2833,120.8845,-176.7962,-21.45947,241.0112,31717640000000.0,20952870000000.0,1454031000000.0,0.5945976,1.718045e-06,9.01833e-07,-7.773691e-07,9.293219e-07,2.513391e-06,-2.449836e-06,-1.837822e-06,4.633334e-06,16916080000000.0,1000876000000.0,0.4688765,1.326229e-06,6.687786e-07,-6.272446e-07,6.897816e-07,1.912099e-06,-1.918272e-06,-1.445769e-06,3.548193e-06,10188090000000.0,442392000000.0,0.2913705,7.392149e-07,3.480857e-07,-3.740715e-07,3.595741e-07,1.040379e-06,-1.093648e-06,-8.302199e-07,1.951929e-06,826171500000.0,28910000000000.0,0.9207804,4529000000000.0,-0.6926858
179,0.372,5.304218,6.069555,1433.948,133.1298,153.13,-281.1571,-140.8217,385.38,62570260000000.0,53247190000000.0,4812396000000.0,0.803377,6.985074e-06,3.927458e-06,-2.895866e-06,4.014903e-06,1.042929e-05,-9.690153e-06,-7.199719e-06,1.904136e-05,46326980000000.0,3915737000000.0,0.6534437,6.226739e-06,3.346126e-06,-2.734871e-06,3.422614e-06,9.137264e-06,-8.791354e-06,-6.570883e-06,1.681173e-05,32678780000000.0,2394887000000.0,0.4296434,4.618455e-06,2.256825e-06,-2.250903e-06,2.31104e-06,6.543943e-06,-6.742805e-06,-5.095128e-06,1.22317e-05,1561740000000.0,78670000000000.0,1.482294,19840000000000.0,-1.253778
180,0.3748,7.018963,5.735695,1439.685,177.2548,145.6975,-269.9695,23.90472,42.85146,46423090000000.0,40656250000000.0,3723956000000.0,0.7333976,4.416525e-06,3.100578e-06,-1.217273e-06,3.160311e-06,7.225724e-06,-5.511105e-06,-3.9389e-06,1.267815e-05,34408840000000.0,2963029000000.0,0.5951531,3.882138e-06,2.610622e-06,-1.184048e-06,2.662394e-06,6.234259e-06,-4.958297e-06,-3.5761e-06,1.102569e-05,23355720000000.0,1678921000000.0,0.3840655,2.756359e-06,1.696179e-06,-9.96901e-07,1.731753e-06,4.265168e-06,-3.676597e-06,-2.694858e-06,7.6651e-06,1296528000000.0,48090000000000.0,1.12077,9169999000000.0,-0.911097
181,0.3758,6.310914,6.963248000000005,1441.994,159.4756,177.1895,-287.1334,-56.52367,529.1453,30756500000000.0,25854680000000.0,2067874000000.0,0.628682,2.079045e-06,1.59732e-06,-4.387479e-07,1.628637e-06,3.548778e-06,-2.463194e-06,-1.722553e-06,6.120319e-06,21721780000000.0,1608216000000.0,0.5074474,1.797222e-06,1.319277e-06,-4.404054e-07,1.346052e-06,3.00516e-06,-2.19032e-06,-1.55002e-06,5.227493e-06,16339390000000.0,947625300000.0,0.3399981,1.296956e-06,8.770869e-07,-3.922511e-07,8.959889e-07,2.092235e-06,-1.654933e-06,-1.192778e-06,3.695113e-06,886040000000.0,33260000000000.0,0.8678597,4911000000000.0,-0.677457
182,0.3823,6.214994,5.6284200000000055,1468.249,159.8917,145.5539,-269.5135,66.02882,108.0983,64011970000000.0,55073360000000.0,5801383000000.0,0.8092819,8.48661e-06,4.364012e-06,-3.91765e-06,4.465335e-06,1.224417e-05,-1.216911e-05,-9.142869e-06,2.269441e-05,48825950000000.0,4818832000000.0,0.6642362,7.70185e-06,3.792522e-06,-3.721518e-06,3.882634e-06,1.093807e-05,-1.120987e-05,-8.4629e-06,2.041882e-05,37772830000000.0,3182425000000.0,0.4497333,6.055756e-06,2.726268e-06,-3.178604e-06,2.79384e-06,8.334073e-06,-9.066351e-06,-6.905456e-06,1.578293e-05,1554721000000.0,125000000000000.0,1.641033,34900000000000.0,-1.40382
183,0.3867,4.977808,6.7864780000000025,1483.245,129.1883,177.1795,-283.7399,-102.1584,575.581,99766400000000.0,81216390000000.0,8562052000000.0,0.9168701,1.470857e-05,5.738063e-06,-8.603727e-06,5.903373e-06,1.935535e-05,-2.291792e-05,-1.766239e-05,3.744212e-05,69106010000000.0,7006754000000.0,0.7438292,1.321793e-05,4.927473e-06,-7.956783e-06,5.072236e-06,1.715222e-05,-2.081977e-05,-1.609581e-05,3.339907e-05,45942520000000.0,4082921000000.0,0.4775458,9.638553e-06,3.270713e-06,-6.117727e-06,3.369807e-06,1.216386e-05,-1.549668e-05,-1.205011e-05,2.39995e-05,2117311000000.0,71620000000000.0,1.752126,21350000000000.0,-1.51569
184,0.384,4.862002,7.160796000000005,1473.297,125.3219,185.765,-124.5226,-111.155,596.2621,35081630000000.0,30372040000000.0,2053333000000.0,0.6612559,2.019418e-06,3.882577e-07,-1.584531e-06,4.229085e-07,2.284129e-06,-3.554691e-06,-2.83334e-06,4.77301e-06,27296390000000.0,1707051000000.0,0.548125,1.820076e-06,3.346986e-07,-1.442975e-06,3.656418e-07,2.042412e-06,-3.218544e-06,-2.568347e-06,4.285008e-06,18742240000000.0,1032575000000.0,0.3566684,1.339098e-06,2.219058e-07,-1.085308e-06,2.441232e-07,1.476434e-06,-2.391481e-06,-1.912996e-06,3.125288e-06,1030827000000.0,54250000000000.0,1.003476,9262001000000.0,-0.8406437
186,0.3956,5.419667,4.837590000000004,1518.813,144.0962,129.1191,132.1238,83.9894,-68.82263,30275930000000.0,28065310000000.0,2050719000000.0,0.6479381,1.957489e-06,-8.656342e-07,-2.770658e-06,-8.266648e-07,9.723993e-07,-4.682074e-06,-3.981835e-06,3.373068e-06,25758570000000.0,1700166000000.0,0.5388844,1.767551e-06,-7.517452e-07,-2.471684e-06,-7.168037e-07,9.071546e-07,-4.197622e-06,-3.565252e-06,3.074479e-06,17012190000000.0,949396200000.0,0.3425783,1.253612e-06,-4.833767e-07,-1.702757e-06,-4.590797e-07,6.916335e-07,-2.926837e-06,-2.478188e-06,2.22799e-06,944678200000.0,58200000000000.0,0.9961664,9864000000000.0,-0.8115289
187,0.4032,6.163071,5.080126000000004,1542.602,166.5743,137.9314,307.8499,-13.2851,4.11659,35850550000000.0,30852620000000.0,2481753000000.0,0.6604813,2.61086e-06,-2.383756e-06,-4.918362e-06,-2.326533e-06,6.766962e-08,-7.473228e-06,-6.536402e-06,3.257979e-06,25566340000000.0,1952145000000.0,0.5385437,2.278769e-06,-1.993929e-06,-4.205742e-06,-1.944387e-06,1.44393e-07,-6.435603e-06,-5.617821e-06,2.928238e-06,18550010000000.0,1111970000000.0,0.3524422,1.617898e-06,-1.294994e-06,-2.864713e-06,-1.260471e-06,2.211066e-07,-4.447835e-06,-3.867029e-06,2.196527e-06,1050840000000.0,44960000000000.0,1.039958,7955000000000.0,-0.8219523
188,0.4078,6.138852,5.633501999999998,1557.255,167.4907,154.4955,-58.2254,-99.1489,-283.1525,36427230000000.0,33639920000000.0,2818414000000.0,0.6769568,2.681555e-06,7.949699e-07,-1.822709e-06,8.39037e-07,3.307638e-06,-4.434887e-06,-3.478437e-06,6.61066e-06,29891470000000.0,2362893000000.0,0.5711473,2.443753e-06,7.000488e-07,-1.68517e-06,7.398935e-07,2.988867e-06,-4.06567e-06,-3.193947e-06,5.998428e-06,20760640000000.0,1332231000000.0,0.3643924,1.758237e-06,4.597578e-07,-1.255693e-06,4.877594e-07,2.104362e-06,-2.968368e-06,-2.340982e-06,4.268542e-06,1076478000000.0,43280000000000.0,0.9754846,7183000000000.0,-0.787248
189,0.408,6.697652,5.371279000000003,1556.894,182.8283,147.3883,68.4665,-40.14717,-262.8916,40848480000000.0,34601060000000.0,2850448000000.0,0.6831664,3.017995e-06,-3.262323e-07,-3.265261e-06,-2.725318e-07,2.498784e-06,-6.209397e-06,-5.130398e-06,6.203584e-06,30852620000000.0,2342438000000.0,0.5646162,2.706283e-06,-2.80457e-07,-2.915447e-06,-2.32791e-07,2.25121e-06,-5.555467e-06,-4.587765e-06,5.57254e-06,21721780000000.0,1430245000000.0,0.370744,1.991303e-06,-1.869804e-07,-2.124924e-06,-1.528277e-07,1.672889e-06,-4.067416e-06,-3.355096e-06,4.11521e-06,1127303000000.0,78630000000000.0,1.202734,16090000000000.0,-1.001
190,0.4078,7.029989,5.068635,1555.944,191.8726,139.0512,-51.08073,-14.45508,-272.7937,48537600000000.0,48249260000000.0,4298672000000.0,0.7996877,4.424484e-06,8.916262e-07,-3.422143e-06,9.615398e-07,5.024842e-06,-7.732661e-06,-6.152953e-06,1.046557e-05,46230870000000.0,3743352000000.0,0.6511591,4.132052e-06,7.963483e-07,-3.231635e-06,8.609701e-07,4.654215e-06,-7.257207e-06,-5.781709e-06,9.734202e-06,35081630000000.0,2554157000000.0,0.4335726,3.423222e-06,6.043378e-07,-2.731423e-06,6.566152e-07,3.796354e-06,-6.066356e-06,-4.843589e-06,8.002766e-06,1377999000000.0,48700000000000.0,1.091042,9040000000000.0,-0.946638
191,0.4066,6.48983,5.074681000000001,1553.482,176.7176,138.8424,115.5732,50.65138,-14.97073,70643840000000.0,59975180000000.0,5941477000000.0,0.8190736,8.602205e-06,-2.003578e-06,-1.035151e-05,-1.860607e-06,5.988751e-06,-1.874877e-05,-1.566399e-05,1.649807e-05,53727760000000.0,5043354000000.0,0.6806072,7.878787e-06,-1.757223e-06,-9.401287e-06,-1.628234e-06,5.556798e-06,-1.709231e-05,-1.426633e-05,1.517915e-05,40175680000000.0,3365247000000.0,0.4565276,6.232465e-06,-1.263348e-06,-7.3066e-06,-1.165085e-06,4.510467e-06,-1.339044e-05,-1.115376e-05,1.211606e-05,1669109000000.0,154300000000000.0,1.80976,47510000000000.0,-1.58
192,0.4068,6.121156,5.416621999999995,1554.349,166.6925,148.2294,146.3475,59.29405,-43.02341,37196140000000.0,30660390000000.0,2537095000000.0,0.6567967,2.659303e-06,-1.165027e-06,-3.75157e-06,-1.112583e-06,1.32895e-06,-6.348628e-06,-5.396835e-06,4.587748e-06,25085770000000.0,1914893000000.0,0.5276202,2.255661e-06,-9.459635e-07,-3.139508e-06,-9.019006e-07,1.168128e-06,-5.342358e-06,-4.534902e-06,3.931607e-06,17684990000000.0,1050041000000.0,0.3470193,1.535035e-06,-5.918549e-07,-2.084049e-06,-5.624697e-07,8.449336e-07,-3.583125e-06,-3.033443e-06,2.724579e-06,1055944000000.0,46810000000000.0,1.059253,8436000000000.0,-0.833184
197,0.4155,7.005711,5.5003299999999955,1581.285,194.3174,153.415,-106.3101,258.5878,-42.08537,69009900000000.0,57764550000000.0,6104682000000.0,0.8066163,8.180541e-06,1.307859e-06,-6.657186e-06,1.425722e-06,8.913812e-06,-1.462637e-05,-1.170218e-05,1.895471e-05,50652110000000.0,5035497000000.0,0.6669621,7.387702e-06,1.135147e-06,-6.056341e-06,1.239938e-06,7.998673e-06,-1.325309e-05,-1.06118e-05,1.706366e-05,36715570000000.0,3095933000000.0,0.4390739,5.546287e-06,7.785763e-07,-4.617399e-06,8.541422e-07,5.921424e-06,-1.00202e-05,-8.036293e-06,1.272173e-05,1638780000000.0,83990000000000.0,1.545159,22080000000000.0,-1.301851
198,0.4153,6.573900000000001,6.176531999999999,1580.352,182.1235,172.1582,-54.41002,156.0297,-143.9102,32774900000000.0,30852620000000.0,2586421000000.0,0.6601704,2.374781e-06,3.745148e-07,-1.941574e-06,4.146296e-07,2.59876e-06,-4.255716e-06,-3.408138e-06,5.520271e-06,28930330000000.0,2210967000000.0,0.550171,2.190173e-06,3.310002e-07,-1.80472e-06,3.676681e-07,2.381282e-06,-3.93895e-06,-3.15716e-06,5.075132e-06,22875150000000.0,1523374000000.0,0.3759852,1.811072e-06,2.516147e-07,-1.513858e-06,2.813509e-07,1.945131e-06,-3.278642e-06,-2.631994e-06,4.171717e-06,991603100000.0,67250000000000.0,1.026071,11740000000000.0,-0.8553855
205,0.4208,6.926405,7.115444999999994,1594.343,193.6823,200.4856,-8.096441,-24.88857,46.59303,51613250000000.0,39118420000000.0,3761824000000.0,0.7074228,4.047703e-06,5.510199e-08,-3.887033e-06,1.234785e-07,3.838435e-06,-7.832807e-06,-6.386554e-06,8.808501e-06,33543810000000.0,3013898000000.0,0.577316,3.57652e-06,4.665747e-08,-3.435934e-06,1.063835e-07,3.38739e-06,-6.922381e-06,-5.644261e-06,7.777781e-06,25854680000000.0,1863476000000.0,0.3904934,2.680623e-06,3.218819e-08,-2.57701e-06,7.586196e-08,2.532628e-06,-5.190106e-06,-4.231799e-06,5.821478e-06,1212671000000.0,56320000000000.0,1.17302,11240000000000.0,-0.9768
212,0.4264,7.153572,5.639311000000004,1617.3,202.9812,160.9509,-223.0756,374.3247,-125.3988,35658320000000.0,32294330000000.0,2454577000000.0,0.6751588,2.198764e-06,1.305335e-06,-8.448175e-07,1.338991e-06,3.366239e-06,-2.985377e-06,-2.201943e-06,6.080934e-06,28545880000000.0,1978884000000.0,0.5526491,1.958625e-06,1.115162e-06,-7.998178e-07,1.14484e-06,2.949967e-06,-2.706536e-06,-2.008588e-06,5.367606e-06,20087840000000.0,1165944000000.0,0.3608592,1.426605e-06,7.420274e-07,-6.522101e-07,7.63121e-07,2.076701e-06,-2.04092e-06,-1.532418e-06,3.836672e-06,1070880000000.0,53000000000000.0,1.022928,9224000000000.0,-0.8365
213,0.4281,6.797386,5.6217010000000025,1624.779,193.668,161.0645,-147.0432,269.3155,-176.5973,36811690000000.0,36427230000000.0,2549974000000.0,0.6896691,2.1672e-06,9.231541e-07,-1.194106e-06,9.581427e-07,2.955065e-06,-3.304683e-06,-2.532125e-06,5.627407e-06,33639920000000.0,2194566000000.0,0.5843373,1.992402e-06,8.171287e-07,-1.129093e-06,8.490446e-07,2.684325e-06,-3.069404e-06,-2.359089e-06,5.140675e-06,22106240000000.0,1252557000000.0,0.3696844,1.463057e-06,5.447822e-07,-8.838085e-07,5.676902e-07,1.914163e-06,-2.308553e-06,-1.786807e-06,3.716969e-06,1167857000000.0,23960000000000.0,0.8504893,3467000000000.0,-0.693891
215,0.4299,6.476944,5.576131000000003,1632.175,185.2976,160.3733,-392.652,-42.07155,-172.3593,34120490000000.0,29603130000000.0,2453390000000.0,0.6397711,2.327629e-06,2.903642e-06,6.212741e-07,2.931513e-06,5.080662e-06,-1.638739e-06,-8.120649e-07,7.965939e-06,25662460000000.0,1970747000000.0,0.5273492,2.070196e-06,2.482319e-06,4.527361e-07,2.506785e-06,4.41748e-06,-1.557272e-06,-8.219401e-07,6.983044e-06,19030590000000.0,1162889000000.0,0.3516647,1.509705e-06,1.659761e-06,1.802856e-07,1.67704e-06,3.069115e-06,-1.28545e-06,-7.490489e-07,4.939029e-06,1006210000000.0,55570000000000.0,1.042678,9858000000000.0,-0.833786
219,0.4307,6.241921,5.348187999999996,1635.822,178.9182,154.0516,-303.294,25.45,-105.743,40560140000000.0,18165560000000.0,691756000000.0,0.5599721,5.458901e-07,7.216525e-07,1.865326e-07,7.296572e-07,1.23467e-06,-3.440525e-07,-1.50129e-07,1.911052e-06,16243280000000.0,536058500000.0,0.4583472,4.56623e-07,5.736666e-07,1.2613e-07,5.802925e-07,1.002559e-06,-3.176796e-07,-1.55449e-07,1.568204e-06,11149230000000.0,288740800000.0,0.2939865,2.968855e-07,3.353739e-07,4.450677e-08,3.3958e-07,6.138901e-07,-2.440337e-07,-1.385273e-07,9.814727e-07,688293000000.0,16690000000000.0,0.7501102,2130000000000.0,-0.627841
221,0.4283,5.8846,5.712619000000001,1627.743,167.7687,163.695,93.21776,154.091,49.64884,37196140000000.0,36523350000000.0,3238137000000.0,0.6884912,2.938526e-06,-9.453701e-07,-3.803607e-06,-8.901928e-07,1.805639e-06,-6.67228e-06,-5.620618e-06,5.406901e-06,35754430000000.0,2966113000000.0,0.5984015,2.817626e-06,-8.796853e-07,-3.620054e-06,-8.270598e-07,1.75724e-06,-6.370688e-06,-5.362209e-06,5.209873e-06,30372040000000.0,2212996000000.0,0.4121605,2.44395e-06,-7.027711e-07,-3.079e-06,-6.578654e-07,1.582085e-06,-5.464813e-06,-4.58985e-06,4.575615e-06,1085839000000.0,107600000000000.0,1.136195,20800000000000.0,-0.999605
223,0.4311,6.04245,5.729051,1636.874,173.2687,165.1375,-423.5758,58.07085,-131.4799,49402630000000.0,45654180000000.0,4254030000000.0,0.7415424,4.652709e-06,4.739513e-06,1.824722e-07,4.788139e-06,9.071013e-06,-4.333756e-06,-2.679919e-06,1.482952e-05,41905730000000.0,3614293000000.0,0.6203996,4.258705e-06,4.178257e-06,7.915245e-09,4.22202e-06,8.140484e-06,-4.125781e-06,-2.611782e-06,1.340998e-05,30660390000000.0,2279892000000.0,0.4110235,3.224592e-06,2.894147e-06,-2.619786e-07,2.925797e-06,5.889359e-06,-3.391769e-06,-2.244971e-06,9.87661e-06,1363690000000.0,74760000000000.0,1.312166,16690000000000.0,-1.09494
225,0.4361,6.98803,6.621897999999994,1647.911,201.9886,192.7399,-479.1177,16.12838,7.546355,40175680000000.0,37484490000000.0,2976726000000.0,0.6920324,2.749578e-06,3.855314e-06,1.156837e-06,3.88577e-06,6.425834e-06,-1.511409e-06,-5.355535e-07,9.838273e-06,32871010000000.0,2422990000000.0,0.5721127,2.463186e-06,3.319092e-06,9.021132e-07,3.346003e-06,5.620604e-06,-1.48814e-06,-6.138332e-07,8.676888e-06,19318930000000.0,1227763000000.0,0.3515301,1.66697e-06,2.039722e-06,4.047913e-07,2.057247e-06,3.594967e-06,-1.212709e-06,-6.208354e-07,5.662017e-06,1239612000000.0,36330000000000.0,0.9891494,6114000000000.0,-0.7985874
228,0.4394,7.117006,7.050128000000004,1657.262,206.9225,206.5496,-300.3232,-85.31601,150.3141,36235000000000.0,32871010000000.0,2645794000000.0,0.6668142,2.364183e-06,2.093855e-06,-2.202402e-07,2.126396e-06,4.306872e-06,-2.518441e-06,-1.677515e-06,7.230218e-06,29507020000000.0,2120399000000.0,0.5491807,2.095819e-06,1.789029e-06,-2.620737e-07,1.817577e-06,3.749856e-06,-2.299369e-06,-1.553812e-06,6.340832e-06,19318930000000.0,1141590000000.0,0.3513703,1.439267e-06,1.124993e-06,-2.830105e-07,1.144064e-06,2.469803e-06,-1.682036e-06,-1.169883e-06,4.248161e-06,1110711000000.0,29860000000000.0,0.923964,4694000000000.0,-0.722403
230,0.4394,4.825468,4.950316,1670.101,140.99,145.1703,-42.03582,-53.1667,-149.6188,32774900000000.0,26335250000000.0,1992763000000.0,0.6229302,1.847541e-06,3.55304e-07,-1.447362e-06,3.870751e-07,2.087958e-06,-3.247459e-06,-2.58842e-06,4.362284e-06,24412970000000.0,1591476000000.0,0.5191647,1.633037e-06,3.026732e-07,-1.290477e-06,3.305258e-07,1.833427e-06,-2.881571e-06,-2.298977e-06,3.843317e-06,14705450000000.0,807219400000.0,0.3238188,1.100142e-06,1.845331e-07,-8.883031e-07,2.028439e-07,1.214321e-06,-1.960176e-06,-1.567552e-06,2.567592e-06,938851800000.0,44540000000000.0,0.9844426,7460000000000.0,-0.773784
231,0.4377,4.935924,5.907101000000002,1661.693,143.5069,172.5674,20.01298,-174.9805,100.9906,62666370000000.0,56803410000000.0,5654377000000.0,0.7938179,7.203799e-06,-2.260272e-07,-7.230771e-06,-1.127615e-07,6.475498e-06,-1.425522e-05,-1.167693e-05,1.530103e-05,51324910000000.0,4717661000000.0,0.6618504,6.576383e-06,-1.989794e-07,-6.592378e-06,-9.690726e-08,5.914654e-06,-1.300499e-05,-1.065084e-05,1.396934e-05,34793290000000.0,2792639000000.0,0.4276086,4.900521e-06,-1.351963e-07,-4.896714e-06,-6.192127e-08,4.411658e-06,-9.675109e-06,-7.91999e-06,1.040919e-05,1638210000000.0,78900000000000.0,1.539059,20660000000000.0,-1.27215
234,0.4414,4.860684,5.5475279999999945,1676.044,142.5292,163.3755,128.3877,-56.8504,-21.72492,43539670000000.0,40848480000000.0,3609804000000.0,0.7105132,3.530762e-06,-1.106183e-06,-4.53833e-06,-1.041253e-06,2.193782e-06,-7.985243e-06,-6.721002e-06,6.517202e-06,37292260000000.0,3134446000000.0,0.5938042,3.295068e-06,-9.91468e-07,-4.193991e-06,-9.314137e-07,2.086492e-06,-7.41079e-06,-6.230774e-06,6.120425e-06,28449760000000.0,2175741000000.0,0.4020885,2.716377e-06,-7.458037e-07,-3.384827e-06,-6.97423e-07,1.788028e-06,-6.036651e-06,-5.063518e-06,5.111685e-06,1236892000000.0,122400000000000.0,1.299416,27060000000000.0,-1.13157
235,0.4412,6.190644,7.125818999999996,1666.247,180.7371,209.5265,-231.4191,-179.2814,195.2817,126005500000000.0,119373700000000.0,14308530000000.0,1.011451,2.398588e-05,7.517482e-06,-1.581515e-05,7.743258e-06,2.957278e-05,-3.91417e-05,-3.056307e-05,5.897799e-05,107551600000000.0,12193970000000.0,0.8441072,2.222896e-05,6.752013e-06,-1.486643e-05,6.956002e-06,2.717501e-05,-3.648413e-05,-2.853222e-05,5.44174e-05,65838140000000.0,6779711000000.0,0.5282448,1.571547e-05,4.398884e-06,-1.087433e-05,4.532122e-06,1.880254e-05,-2.615718e-05,-2.053186e-05,3.804376e-05,2888843000000.0,63880000000000.0,1.994785,21680000000000.0,-1.70973
236,0.4429,5.019709,5.473083000000005,1680.825,147.6358,161.6682,92.26685,-456.8158,-71.65934,67952640000000.0,64300310000000.0,6152231000000.0,0.8230328,7.927786e-06,-6.906396e-07,-8.397313e-06,-5.647582e-07,6.681988e-06,-1.613328e-05,-1.329287e-05,1.638928e-05,57187870000000.0,4966418000000.0,0.685613,7.033087e-06,-5.937636e-07,-7.429324e-06,-4.834438e-07,5.942447e-06,-1.429212e-05,-1.177187e-05,1.455189e-05,28161420000000.0,2092129000000.0,0.3981437,3.964888e-06,-3.110445e-07,-4.162707e-06,-2.507171e-07,3.367728e-06,-8.031429e-06,-6.610096e-06,8.218103e-06,2001669000000.0,36520000000000.0,1.418548,8814000000000.0,-1.1088
237,0.4456,4.908253,5.394844000000002,1690.3,145.1551,160.2144,-141.5875,-187.6269,27.00896,57476210000000.0,40271790000000.0,3157436000000.0,0.7039206,3.100355e-06,1.417123e-06,-1.610646e-06,1.464823e-06,4.318473e-06,-4.628381e-06,-3.523415e-06,8.139955e-06,35562200000000.0,2605436000000.0,0.5831756,2.790264e-06,1.221291e-06,-1.503189e-06,1.263757e-06,3.83096e-06,-4.219072e-06,-3.224481e-06,7.269439e-06,22106240000000.0,1450487000000.0,0.3683017,1.993434e-06,7.860456e-07,-1.159518e-06,8.154963e-07,2.647598e-06,-3.09977e-06,-2.388936e-06,5.102628e-06,1303195000000.0,51300000000000.0,1.090282,9516000000000.0,-0.945054
238,0.4444,4.900435,5.599568999999995,1685.309,144.4948,165.8394,-65.62464,-226.0175,-194.1741,39791220000000.0,29795360000000.0,2390698000000.0,0.6362446,2.545217e-06,7.242783e-07,-1.759365e-06,7.646804e-07,3.105296e-06,-4.23843e-06,-3.330363e-06,6.238804e-06,26911940000000.0,1888449000000.0,0.5340446,2.201989e-06,6.05199e-07,-1.543167e-06,6.398e-07,2.663991e-06,-3.687901e-06,-2.902182e-06,5.374336e-06,17492760000000.0,921466600000.0,0.3403985,1.429405e-06,3.605143e-07,-1.033479e-06,3.823691e-07,1.695008e-06,-2.425678e-06,-1.915451e-06,3.453375e-06,1013638000000.0,34300000000000.0,1.073909,6267000000000.0,-0.8162784
239,0.4444,6.082846,6.905477999999998,1677.621,178.778,204.3276,-389.6125,-6.629183,170.2541,36235000000000.0,30468160000000.0,2810152000000.0,0.6487178,2.645807e-06,2.785165e-06,1.933599e-07,2.81761e-06,5.257452e-06,-2.376774e-06,-1.436224e-06,8.5326e-06,27584740000000.0,2326047000000.0,0.5375606,2.379498e-06,2.396812e-06,6.634602e-08,2.425563e-06,4.618829e-06,-2.245035e-06,-1.399037e-06,7.563533e-06,21145090000000.0,1516894000000.0,0.3657457,1.876614e-06,1.735062e-06,-1.02122e-07,1.757027e-06,3.485126e-06,-1.924928e-06,-1.257524e-06,5.8062e-06,992957400000.0,80830000000000.0,1.132186,15570000000000.0,-0.9301749
241,0.4502,5.241613,6.222392,1702.624,156.1979,186.417,-6.862141,-228.5975,-45.67038,41809620000000.0,24220740000000.0,1875020000000.0,0.5936367,2.03334e-06,1.914285e-07,-1.791126e-06,2.262625e-07,2.095951e-06,-3.772995e-06,-3.047054e-06,4.596439e-06,18550010000000.0,1291620000000.0,0.4693747,1.591108e-06,1.435414e-07,-1.407516e-06,1.704797e-07,1.632825e-06,-2.958333e-06,-2.390178e-06,3.588947e-06,13648200000000.0,667615300000.0,0.3135485,1.011928e-06,8.508581e-08,-9.010231e-07,1.018609e-07,1.03111e-06,-1.88731e-06,-1.52586e-06,2.274587e-06,888901300000.0,32210000000000.0,1.05071,5758000000000.0,-0.789822
243,0.4513,5.358587,6.311851000000005,1705.636,159.9864,189.4892,-160.7843,-40.07418,-237.6058,34408840000000.0,31429300000000.0,2372163000000.0,0.6473989,2.195727e-06,1.247948e-06,-8.980028e-07,1.281084e-06,3.303863e-06,-3.034574e-06,-2.252487e-06,6.013133e-06,28641990000000.0,1897059000000.0,0.5463317,1.958405e-06,1.079957e-06,-8.338107e-07,1.109273e-06,2.912885e-06,-2.739436e-06,-2.041808e-06,5.328915e-06,13840430000000.0,734470500000.0,0.3174279,1.135707e-06,5.733013e-07,-5.360797e-07,5.898636e-07,1.634821e-06,-1.64115e-06,-1.236454e-06,3.035156e-06,1147169000000.0,31080000000000.0,0.9646641,5101000000000.0,-0.735174
246,0.4547,6.045616,5.037143000000006,1718.666,182.0227,152.3338,-120.8592,-237.209,-56.73305,96402410000000.0,67472070000000.0,6798548000000.0,0.8314898,9.380527e-06,2.677457e-06,-6.458833e-06,2.797118e-06,1.137571e-05,-1.558921e-05,-1.223775e-05,2.289516e-05,62570260000000.0,5860218000000.0,0.7032211,8.592827e-06,2.358532e-06,-6.008652e-06,2.466171e-06,1.032006e-05,-1.437225e-05,-1.130161e-05,2.086888e-05,46134750000000.0,3800528000000.0,0.4675971,6.635456e-06,1.651927e-06,-4.805288e-06,1.730914e-06,7.786684e-06,-1.126357e-05,-8.891094e-06,1.592562e-05,1815673000000.0,91510000000000.0,1.705931,26560000000000.0,-1.51074
247,0.4555,6.701779,7.091354000000002,1712.491,201.2253,214.5053,172.1365,326.1859,268.8507,56130610000000.0,55265590000000.0,4951659000000.0,0.7854963,5.67107e-06,-2.881726e-06,-8.38093e-06,-2.775299e-06,2.401513e-06,-1.392709e-05,-1.188966e-05,9.3206e-06,52958850000000.0,4428346000000.0,0.6670844,5.374018e-06,-2.633057e-06,-7.843268e-06,-2.533125e-06,2.37047e-06,-1.309881e-05,-1.116784e-05,8.92556e-06,41905730000000.0,3228092000000.0,0.4527026,4.585386e-06,-2.060113e-06,-6.503631e-06,-1.976927e-06,2.202459e-06,-1.098771e-05,-9.339514e-06,7.792073e-06,1507645000000.0,134300000000000.0,1.584727,36210000000000.0,-1.39095
250,0.4583,5.017668,5.3864110000000025,1732.869,152.1449,164.0183,-65.77,-243.6797,234.7664,58629580000000.0,55265590000000.0,5025674000000.0,0.7775035,5.517009e-06,8.016855e-07,-4.572823e-06,8.855773e-07,5.942886e-06,-9.94878e-06,-7.977159e-06,1.27191e-05,50075430000000.0,4208671000000.0,0.6507147,5.044421e-06,7.075337e-07,-4.205698e-06,7.833407e-07,5.405441e-06,-9.121086e-06,-7.318086e-06,1.159967e-05,31140960000000.0,2387348000000.0,0.4116042,3.665387e-06,4.682729e-07,-3.099883e-06,5.214264e-07,3.875674e-06,-6.671391e-06,-5.360706e-06,8.373264e-06,1646915000000.0,73640000000000.0,1.411141,17680000000000.0,-1.18206
251,0.4574,5.310071,5.500937000000004,1728.362,160.6417,167.1683,137.1021,-395.8419,159.6689,31525410000000.0,27008050000000.0,2104533000000.0,0.6144563,1.796527e-06,-6.437593e-07,-2.393105e-06,-6.089788e-07,1.042239e-06,-4.148008e-06,-3.504973e-06,3.246744e-06,23163490000000.0,1699293000000.0,0.5074082,1.587509e-06,-5.450505e-07,-2.090568e-06,-5.145909e-07,9.438818e-07,-3.641247e-06,-3.072955e-06,2.891407e-06,18357790000000.0,1071242000000.0,0.3449725,1.179838e-06,-3.701694e-07,-1.518303e-06,-3.479936e-07,7.348872e-07,-2.670697e-06,-2.248219e-06,2.181468e-06,913412300000.0,70550000000000.0,1.054723,12660000000000.0,-0.859023
252,0.458,5.481475,5.931027000000002,1728.978,165.9175,180.444,-88.79512,-110.5939,-101.5672,44116360000000.0,36138890000000.0,3413684000000.0,0.6760606,3.397852e-06,9.695958e-07,-2.344323e-06,1.021834e-06,4.143011e-06,-5.652973e-06,-4.440594e-06,8.323543e-06,32486550000000.0,2839141000000.0,0.5640421,3.084674e-06,8.452287e-07,-2.16272e-06,8.921029e-07,3.724395e-06,-5.166397e-06,-4.065589e-06,7.518697e-06,25470230000000.0,1830003000000.0,0.3833763,2.426675e-06,6.114237e-07,-1.753959e-06,6.473258e-07,2.87332e-06,-4.116888e-06,-3.250589e-06,5.856634e-06,1121028000000.0,68750000000000.0,1.193478,13960000000000.0,-0.985663
255,0.4632,5.011176,5.907826999999997,1747.657,153.2437,181.538,15.47208,11.05542,-233.8514,31140960000000.0,27392510000000.0,2214545000000.0,0.6123311,1.831459e-06,4.431204e-08,-1.741028e-06,7.653178e-08,1.760693e-06,-3.526656e-06,-2.872607e-06,4.012195e-06,24124630000000.0,1829206000000.0,0.5102303,1.656453e-06,3.849341e-08,-1.575992e-06,6.73743e-08,1.590029e-06,-3.190979e-06,-2.599349e-06,3.625951e-06,17588870000000.0,1142062000000.0,0.3383135,1.246591e-06,2.625428e-08,-1.188245e-06,4.746955e-08,1.192221e-06,-2.403603e-06,-1.958204e-06,2.723518e-06,943124100000.0,85320000000000.0,1.078804,15660000000000.0,-0.8880959
256,0.463,6.897243,7.031328999999996,1737.205,210.1401,215.8282,315.4225,474.1133,167.25,57283980000000.0,53247190000000.0,4815483000000.0,0.7665139,5.104956e-06,-4.628552e-06,-9.575417e-06,-4.517496e-06,1.484413e-07,-1.457848e-05,-1.27412e-05,6.369072e-06,47480350000000.0,3996419000000.0,0.6377942,4.650988e-06,-4.062675e-06,-8.568702e-06,-3.962344e-06,2.867228e-07,-1.312669e-05,-1.145258e-05,5.952658e-06,25470230000000.0,2014771000000.0,0.3828346,3.23177e-06,-2.552329e-06,-5.681447e-06,-2.484422e-06,4.639824e-07,-8.848289e-06,-7.684554e-06,4.397837e-06,1667702000000.0,89830000000000.0,1.425077,21780000000000.0,-1.209256
258,0.4645,6.926225,6.901899999999997,1742.289,211.6493,212.4492,159.1753,521.0614,343.0494,48249260000000.0,44981380000000.0,4089644000000.0,0.7217087,4.155335e-06,-2.589191e-06,-6.623777e-06,-2.505933e-06,1.297623e-06,-1.069109e-05,-9.198159e-06,6.375068e-06,41329050000000.0,3503094000000.0,0.6092296,3.836902e-06,-2.308576e-06,-6.033248e-06,-2.232341e-06,1.278234e-06,-9.788718e-06,-8.410044e-06,5.965391e-06,30564270000000.0,2250109000000.0,0.4065896,2.945092e-06,-1.614131e-06,-4.471471e-06,-1.557062e-06,1.134208e-06,-7.353759e-06,-6.295172e-06,4.729302e-06,1321553000000.0,64610000000000.0,1.266314,13920000000000.0,-1.04643
260,0.4642,6.945154,6.821430000000001,1742.216,212.2246,209.9482,201.797,448.6881,755.3745,30660390000000.0,28641990000000.0,2031213000000.0,0.622109,1.537309e-06,-1.788074e-06,-3.2845e-06,-1.752741e-06,-3.380429e-07,-4.793644e-06,-4.240431e-06,1.54537e-06,26527480000000.0,1717993000000.0,0.5283957,1.391616e-06,-1.561366e-06,-2.915663e-06,-1.529562e-06,-2.494553e-07,-4.281634e-06,-3.780847e-06,1.455001e-06,17300530000000.0,976605200000.0,0.3357264,9.843745e-07,-1.00307e-06,-1.960446e-06,-9.809471e-07,-7.648473e-08,-2.926413e-06,-2.572156e-06,1.128274e-06,972395600000.0,54630000000000.0,0.9480803,8812000000000.0,-0.781605
261,0.4653,7.114203,6.818342000000005,1744.781,217.7633,210.2377,89.37469,83.41325,707.3562,37100030000000.0,17877220000000.0,1255020000000.0,0.5364564,1.304975e-06,-8.218821e-07,-2.093808e-06,-7.945288e-07,4.074604e-07,-3.371172e-06,-2.903276e-06,2.010014e-06,14032650000000.0,850814300000.0,0.4251269,9.815284e-07,-5.967232e-07,-1.553199e-06,-5.762898e-07,3.274173e-07,-2.513893e-06,-2.161948e-06,1.532464e-06,9419178000000.0,387141300000.0,0.2744757,5.57546e-07,-3.17943e-07,-8.610514e-07,-3.064908e-07,2.064581e-07,-1.406696e-06,-1.206752e-06,8.906459e-07,715267500000.0,20340000000000.0,0.8348307,2889000000000.0,-0.6199
263,0.4683,6.436076,6.122652000000004,1759.586,198.4911,189.9463,21.75919,-6.684577,440.8304,92750070000000.0,80735820000000.0,8832544000000.0,0.8768335,1.355557e-05,-1.396844e-06,-1.453762e-05,-1.210095e-06,1.110627e-05,-2.776578e-05,-2.289764e-05,2.764137e-05,77275710000000.0,7878737000000.0,0.7489273,1.281265e-05,-1.274679e-06,-1.369233e-05,-1.101159e-06,1.053363e-05,-2.619529e-05,-2.159305e-05,2.615748e-05,63435280000000.0,5766821000000.0,0.5180683,1.093168e-05,-1.002131e-06,-1.159041e-05,-8.606341e-07,9.051807e-06,-2.225744e-05,-1.832884e-05,2.237101e-05,1982064000000.0,171000000000000.0,2.208749,64260000000000.0,-1.941
264,0.4672,4.971426,5.929039999999995,1761.588,153.2337,183.6356,16.19047,49.91271,-124.8493,29410900000000.0,27969190000000.0,1848740000000.0,0.6199113,1.455206e-06,-3.638082e-08,-1.455078e-06,-9.831429e-09,1.329381e-06,-2.87395e-06,-2.35442e-06,3.118626e-06,25662460000000.0,1527610000000.0,0.5232775,1.303921e-06,-3.145861e-08,-1.302505e-06,-7.838168e-09,1.191779e-06,-2.573864e-06,-2.108293e-06,2.794734e-06,16531620000000.0,827208300000.0,0.3300183,9.036472e-07,-1.980104e-08,-9.003379e-07,-3.775682e-09,8.268342e-07,-1.78141e-06,-1.45865e-06,1.937156e-06,1002696000000.0,44970000000000.0,0.9560778,7315000000000.0,-0.758538
265,0.4703,6.947455,7.0512709999999945,1761.207,214.6096,219.4603,-16.26424,299.5826,-55.03503,719029300000000.0,591101500000000.0,78636050000000.0,1.697965,0.0003906821,-2.364286e-06,-0.0003741998,-4.787923e-06,0.0003343954,-0.0007546805,-0.0006121205,0.0007987363,504887200000000.0,65029780000000.0,1.398506,0.0003564811,-2.079473e-06,-0.000341087,-4.583729e-06,0.000304295,-0.0006882367,-0.0005580629,0.0007274874,332746900000000.0,38367010000000.0,0.8973123,0.0002672011,-1.424677e-06,-0.0002549657,-3.896802e-06,0.0002263843,-0.0005151221,-0.0004173594,0.0005425701,9457625000000.0,122100000000000.0,6.864449,142600000000000.0,-6.032
266,0.4727,4.820141,5.742923000000005,1780.23,150.1203,179.6731,178.4622,57.28149,65.92528,44789150000000.0,41425160000000.0,3478254000000.0,0.6998703,3.2406e-06,-1.630551e-06,-4.778903e-06,-1.566828e-06,1.402955e-06,-7.945187e-06,-6.78395e-06,5.367711e-06,36811690000000.0,2909279000000.0,0.5849784,2.948448e-06,-1.427233e-06,-4.29128e-06,-1.369748e-06,1.331227e-06,-7.172092e-06,-6.115393e-06,4.937745e-06,24989660000000.0,1713269000000.0,0.3783557,2.18483e-06,-9.627377e-07,-3.084083e-06,-9.211326e-07,1.078166e-06,-5.218755e-06,-4.435423e-06,3.749025e-06,1289151000000.0,79560000000000.0,1.241127,16800000000000.0,-1.039306
268,0.4733,7.036197,6.973193999999995,1771.05,218.5934,218.2602,-418.4888,-105.9812,200.8526,30852620000000.0,28065310000000.0,2186592000000.0,0.6156067,1.687314e-06,2.224126e-06,5.690394e-07,2.245022e-06,3.804187e-06,-1.069761e-06,-4.704513e-07,5.896591e-06,25278000000000.0,1829752000000.0,0.5152462,1.536895e-06,1.951038e-06,4.437385e-07,1.969867e-06,3.389541e-06,-1.048921e-06,-5.02989e-07,5.295013e-06,18838360000000.0,1147902000000.0,0.3449166,1.171259e-06,1.3577e-06,2.094661e-07,1.371639e-06,2.452585e-06,-9.280009e-07,-5.11845e-07,3.903946e-06,955062500000.0,55460000000000.0,0.9534978,8997000000000.0,-0.777843
269,0.4724,6.578461,7.068559999999999,1769.714,204.0887,220.8978,-216.0638,727.2044,-465.2174,150803000000000.0,127639500000000.0,15859000000000.0,1.022467,3.035211e-05,6.821558e-06,-2.26627e-05,7.067243e-06,3.458601e-05,-5.221657e-05,-4.132797e-05,7.17095e-05,115048500000000.0,13578170000000.0,0.8539155,2.821783e-05,6.119729e-06,-2.128191e-05,6.339318e-06,3.190301e-05,-4.875639e-05,-3.863098e-05,6.640007e-05,89097740000000.0,9152135000000.0,0.5784353,2.27916e-05,4.552058e-06,-1.756123e-05,4.711156e-06,2.531788e-05,-3.975013e-05,-3.156658e-05,5.314841e-05,2871888000000.0,121400000000000.0,2.636216,54450000000000.0,-2.28987
270,0.4714,7.077997,5.143570000000005,1770.402,219.8248,160.585,165.0368,199.0287,59.85754,28930330000000.0,26911940000000.0,1739816000000.0,0.6104825,1.411127e-06,-9.061256e-07,-2.278689e-06,-8.76675e-07,4.201147e-07,-3.657751e-06,-3.152492e-06,2.149232e-06,23644060000000.0,1368936000000.0,0.5049245,1.228617e-06,-7.607203e-07,-1.955593e-06,-7.352479e-07,3.934448e-07,-3.156279e-06,-2.716319e-06,1.898642e-06,16051050000000.0,716012700000.0,0.3263123,8.252773e-07,-4.704434e-07,-1.272779e-06,-4.536128e-07,3.039273e-07,-2.079274e-06,-1.783665e-06,1.314522e-06,1052795000000.0,25640000000000.0,0.8804974,3841000000000.0,-0.659142
272,0.4737,6.868264,6.9881039999999945,1773.054,213.5667,218.9009,-557.2716,295.5077,-227.9983,70932180000000.0,52766620000000.0,5245556000000.0,0.7577416,7.093369e-06,7.613198e-06,6.579565e-07,7.669444e-06,1.419432e-05,-6.221427e-06,-3.701065e-06,2.298609e-05,44596930000000.0,3942882000000.0,0.6229632,6.040605e-06,6.261869e-06,3.403454e-07,6.308462e-06,1.186188e-05,-5.517824e-06,-3.371169e-06,1.934632e-05,27200280000000.0,1846553000000.0,0.3888041,3.723976e-06,3.571318e-06,-7.709724e-08,3.598081e-06,7.017127e-06,-3.688326e-06,-2.364388e-06,1.162753e-05,1637348000000.0,43970000000000.0,1.489123,11140000000000.0,-1.15929
273,0.475,4.819078,5.7516260000000035,1788.166,150.7561,180.749,180.1924,32.56648,54.04254,36811690000000.0,32198210000000.0,2369144000000.0,0.6427547,2.18623e-06,-1.199925e-06,-3.325126e-06,-1.155736e-06,8.504992e-07,-5.461209e-06,-4.678207e-06,3.527344e-06,27680850000000.0,1867274000000.0,0.5338837,1.926882e-06,-1.018933e-06,-2.891739e-06,-9.802878e-07,7.872953e-07,-4.774409e-06,-4.084201e-06,3.146102e-06,16147160000000.0,908302900000.0,0.3285896,1.274117e-06,-6.115408e-07,-1.849359e-06,-5.865558e-07,5.809923e-07,-3.09422e-06,-2.637656e-06,2.13979e-06,1142393000000.0,40310000000000.0,1.054648,7233000000000.0,-0.821799
274,0.4753,6.433445,6.99761,1779.413,200.645,219.7932,-409.4585,510.6258,-350.3696,40944590000000.0,30275930000000.0,2724565000000.0,0.6296319,2.869256e-06,2.915282e-06,1.014299e-07,2.948854e-06,5.596554e-06,-2.687829e-06,-1.666959e-06,9.152504e-06,27488620000000.0,2086478000000.0,0.5294822,2.424318e-06,2.394797e-06,1.771548e-08,2.422826e-06,4.659108e-06,-2.338905e-06,-1.476271e-06,7.662938e-06,15282140000000.0,850843000000.0,0.3212473,1.337165e-06,1.23284e-06,-7.767313e-08,1.247814e-06,2.480069e-06,-1.377359e-06,-9.014551e-07,4.135886e-06,1079640000000.0,19320000000000.0,0.9984659,3282000000000.0,-0.6939
277,0.4807,4.839677,6.068130000000002,1805.978,152.9118,192.6744,321.3985,373.7711,-273.4871,30372040000000.0,27680850000000.0,2149482000000.0,0.6121789,1.645034e-06,-1.706266e-06,-3.304635e-06,-1.669328e-06,-1.587953e-07,-4.916035e-06,-4.325278e-06,1.853056e-06,25374110000000.0,1817803000000.0,0.5209659,1.495147e-06,-1.496682e-06,-2.949177e-06,-1.463308e-06,-9.088349e-08,-4.413693e-06,-3.876722e-06,1.737276e-06,18261670000000.0,1086052000000.0,0.3405596,1.08971e-06,-9.92277e-07,-2.050408e-06,-9.683749e-07,3.08921e-08,-3.11768e-06,-2.726225e-06,1.362519e-06,942809800000.0,61950000000000.0,0.9981051,10520000000000.0,-0.809028
279,0.4825,5.059984,5.602796999999999,1812.801,160.5121,178.5318,173.5097,29.1036,7.566848,49787090000000.0,33928270000000.0,3213842000000.0,0.651694,3.10029e-06,-1.450982e-06,-4.463389e-06,-1.390675e-06,1.45059e-06,-7.492055e-06,-6.381309e-06,5.244408e-06,31717640000000.0,2758414000000.0,0.5610189,2.825277e-06,-1.27922e-06,-4.024004e-06,-1.224692e-06,1.363608e-06,-6.783996e-06,-5.771645e-06,4.820199e-06,24028520000000.0,1739418000000.0,0.376776,2.12332e-06,-8.775879e-07,-2.93952e-06,-8.375518e-07,1.105624e-06,-5.013744e-06,-4.252624e-06,3.701879e-06,1068401000000.0,71940000000000.0,1.196114,14640000000000.0,-1.00485
280,0.4816,5.09126,6.171543999999996,1808.234,161.1026,196.303,231.1097,52.84795,-207.1824,95441270000000.0,89193850000000.0,9643123000000.0,0.8991554,1.410444e-05,-4.528561e-06,-1.817867e-05,-4.299808e-06,8.510321e-06,-3.196271e-05,-2.68897e-05,2.567492e-05,80543590000000.0,8004331000000.0,0.7571547,1.284304e-05,-3.996896e-06,-1.642335e-05,-3.791648e-06,7.866279e-06,-2.89745e-05,-2.435424e-05,2.349084e-05,41232930000000.0,3611018000000.0,0.4458353,7.957638e-06,-2.265796e-06,-9.959624e-06,-2.144639e-06,5.065778e-06,-1.773613e-05,-1.487151e-05,1.473709e-05,2281579000000.0,45090000000000.0,1.779321,13650000000000.0,-1.42065
281,0.4816,5.364436,6.360142000000001,1806.636,169.646,202.26,109.8012,305.1958,-226.2726,33543810000000.0,28161420000000.0,2228621000000.0,0.6143442,1.928331e-06,-6.435162e-07,-2.520852e-06,-6.063533e-07,1.165536e-06,-4.404109e-06,-3.71402e-06,3.531337e-06,22490690000000.0,1641037000000.0,0.4954118,1.601941e-06,-5.140079e-07,-2.0733e-06,-4.83408e-07,9.879533e-07,-3.637762e-06,-3.064402e-06,2.952842e-06,14032650000000.0,797358500000.0,0.3110731,1.015533e-06,-3.013888e-07,-1.289503e-06,-2.823612e-07,6.495582e-07,-2.281235e-06,-1.917655e-06,1.894538e-06,1024794000000.0,32790000000000.0,0.9715378,5420000000000.0,-0.7273251
284,0.4825,4.832024,6.062522000000002,1812.066,153.1835,193.1417,98.70804,352.803,-272.6856,35754430000000.0,17012190000000.0,1264491000000.0,0.522483,2.082342e-06,-5.030685e-07,-2.529197e-06,-4.650661e-07,1.444916e-06,-4.562634e-06,-3.816985e-06,3.997685e-06,14224880000000.0,833960500000.0,0.4254068,1.630395e-06,-3.847222e-07,-1.970891e-06,-3.551735e-07,1.139808e-06,-3.562972e-06,-2.979099e-06,3.138173e-06,8458038000000.0,302881900000.0,0.2647387,8.151014e-07,-1.851805e-07,-9.779978e-07,-1.705767e-07,5.764466e-07,-1.773925e-06,-1.481975e-06,1.575219e-06,709068100000.0,17520000000000.0,1.069848,3189000000000.0,-0.6912276
288,0.4827,7.077502,6.2238579999999954,1804.534,224.0471,198.3065,-9.058544,222.4208,187.2807,39791220000000.0,29026450000000.0,2363796000000.0,0.6269382,2.233858e-06,-2.487225e-07,-2.42476e-06,-2.083705e-07,1.844257e-06,-4.604041e-06,-3.805548e-06,4.587525e-06,26143030000000.0,1839502000000.0,0.519198,1.909406e-06,-2.045452e-07,-2.064202e-06,-1.703834e-07,1.583384e-06,-3.926935e-06,-3.244319e-06,3.927657e-06,16435510000000.0,922065800000.0,0.3276408,1.218612e-06,-1.192207e-07,-1.305552e-06,-9.79557e-08,1.020136e-06,-2.494343e-06,-2.058525e-06,2.515385e-06,1022892000000.0,48910000000000.0,1.107868,9219001000000.0,-0.8706951
289,0.4812,5.475197,6.399789000000002,1804.395,172.9551,203.3162,344.9723,2.64697,-375.1848,103322600000000.0,91116130000000.0,10322170000000.0,0.9077265,1.630203e-05,-6.911132e-06,-2.265957e-05,-6.64121e-06,8.126004e-06,-3.861049e-05,-3.273347e-05,2.791264e-05,86310430000000.0,8965386000000.0,0.7730957,1.513664e-05,-6.200507e-06,-2.08192e-05,-5.953919e-06,7.748872e-06,-3.562951e-05,-3.017141e-05,2.611434e-05,67472070000000.0,6063746000000.0,0.5267686,1.214815e-05,-4.579412e-06,-1.630356e-05,-4.390106e-06,6.588718e-06,-2.818916e-05,-2.38061e-05,2.131408e-05,2194988000000.0,99720000000000.0,2.182006,37020000000000.0,-1.836
291,0.4862,6.260393,6.339518000000003,1819.062,199.5536,203.3087,327.3108,-150.3111,-193.0038,34697180000000.0,32198210000000.0,2588369000000.0,0.6386332,2.108922e-06,-1.786382e-06,-3.834425e-06,-1.740975e-06,1.930907e-07,-5.89817e-06,-5.141382e-06,2.771127e-06,30756500000000.0,2245875000000.0,0.5479667,1.946409e-06,-1.593763e-06,-3.483711e-06,-1.552111e-06,2.323321e-07,-5.388385e-06,-4.689847e-06,2.611257e-06,22490690000000.0,1415579000000.0,0.3644593,1.48342e-06,-1.111271e-06,-2.551074e-06,-1.080092e-06,2.786186e-07,-4.002612e-06,-3.470079e-06,2.090702e-06,1024225000000.0,55860000000000.0,1.039264,9877000000000.0,-0.84843
292,0.4876,6.11947,6.269996000000002,1824.215,195.5793,201.577,448.6569,-165.8442,143.4308,31813760000000.0,26719710000000.0,1870527000000.0,0.5999486,1.549306e-06,-2.224577e-06,-3.727303e-06,-2.18696e-06,-7.657622e-07,-5.246644e-06,-4.689482e-06,1.124389e-06,23259600000000.0,1458785000000.0,0.4998948,1.336429e-06,-1.852344e-06,-3.148381e-06,-1.820083e-06,-5.945973e-07,-4.458918e-06,-3.978267e-06,1.035503e-06,13455970000000.0,687707400000.0,0.3082233,8.351334e-07,-1.058992e-06,-1.86853e-06,-1.039155e-06,-2.740903e-07,-2.687417e-06,-2.38698e-06,7.439838e-07,982750900000.0,30510000000000.0,0.9233514,4793000000000.0,-0.7003544
293,0.4858,5.460683,6.501169999999998,1819.693,173.9563,208.3108,312.3598,143.8915,-420.086,49883200000000.0,45077500000000.0,4295710000000.0,0.7176072,3.996216e-06,-2.767211e-06,-6.646768e-06,-2.684926e-06,9.745197e-07,-1.055792e-05,-9.1227e-06,5.857032e-06,40656250000000.0,3630108000000.0,0.6030383,3.675764e-06,-2.458338e-06,-6.026165e-06,-2.383229e-06,9.814422e-07,-9.623574e-06,-8.303298e-06,5.471395e-06,27296390000000.0,2134142000000.0,0.3885675,2.771762e-06,-1.691389e-06,-4.380399e-06,-1.636022e-06,8.982675e-07,-7.092864e-06,-6.096959e-06,4.28174e-06,1365848000000.0,86350000000000.0,1.289878,18950000000000.0,-1.08801
295,0.4907,5.366806,5.015235999999998,1840.596,172.9117,162.2357,-6.72164,-228.6669,93.59364,98613030000000.0,89770540000000.0,9310098000000.0,0.8973897,1.305206e-05,4.067468e-07,-1.226558e-05,5.786953e-07,1.246137e-05,-2.498722e-05,-2.030953e-05,2.841883e-05,78140740000000.0,7778349000000.0,0.7455347,1.184688e-05,3.556264e-07,-1.114355e-05,5.085165e-07,1.128709e-05,-2.269042e-05,-1.844364e-05,2.576583e-05,53919990000000.0,4732465000000.0,0.485904,8.779128e-06,2.405278e-07,-8.274875e-06,3.474529e-07,8.321106e-06,-1.683145e-05,-1.368236e-05,1.904003e-05,2302614000000.0,109400000000000.0,2.067376,38480000000000.0,-1.77
296,0.4907,5.308205,5.160572000000007,1840.696,171.0221,166.9554,-76.18879,37.38782,-126.1291,34697180000000.0,33063240000000.0,2922202000000.0,0.6443729,2.358727e-06,5.625185e-07,-1.738208e-06,6.007759e-07,2.769427e-06,-4.035657e-06,-3.194113e-06,5.671887e-06,30179820000000.0,2495979000000.0,0.5463623,2.173418e-06,5.012914e-07,-1.618405e-06,5.36254e-07,2.533894e-06,-3.735352e-06,-2.959832e-06,5.20785e-06,23644060000000.0,1608088000000.0,0.3694515,1.689049e-06,3.574988e-07,-1.289202e-06,3.840434e-07,1.935115e-06,-2.934348e-06,-2.331464e-06,4.012116e-06,1059677000000.0,48090000000000.0,1.014071,8297000000000.0,-0.807741
297,0.4907,5.723548,5.828941999999996,1836.708,184.0903,188.4429,69.19318,7.970134,138.8593,172236400000000.0,92461730000000.0,10960310000000.0,0.9067709,1.750164e-05,-2.124738e-06,-1.90793e-05,-1.88311e-06,1.40048e-05,-3.615619e-05,-2.987029e-05,3.533547e-05,81024160000000.0,9112182000000.0,0.755077,1.574198e-05,-1.83159e-06,-1.707657e-05,-1.619504e-06,1.265972e-05,-3.243635e-05,-2.678078e-05,3.18372e-05,58629580000000.0,5632279000000.0,0.4990237,1.182947e-05,-1.252396e-06,-1.269938e-05,-1.102626e-06,9.607044e-06,-2.424134e-05,-1.998836e-05,2.40025e-05,2308769000000.0,114400000000000.0,2.25189,43830000000000.0,-2.058912
298,0.4887,6.050524,6.255048000000004,1827.728,193.7316,201.454,205.0113,-2.352328,-124.5072,71124410000000.0,64204200000000.0,6208186000000.0,0.8032745,6.903912e-06,-2.679319e-06,-9.377563e-06,-2.553404e-06,3.75237e-06,-1.61231e-05,-1.364595e-05,1.21833e-05,57476210000000.0,5140335000000.0,0.6739213,6.205571e-06,-2.324333e-06,-8.343862e-06,-2.212393e-06,3.452862e-06,-1.440703e-05,-1.218006e-05,1.102898e-05,31717640000000.0,2569301000000.0,0.4072005,4.06988e-06,-1.390489e-06,-5.336111e-06,-1.319442e-06,2.390959e-06,-9.312501e-06,-7.851226e-06,7.355862e-06,1887603000000.0,44380000000000.0,1.391929,10510000000000.0,-1.142
299,0.4884,5.982927,6.637538999999996,1825.768,191.3459,213.6244,282.0148,-118.3383,-284.3143,35273860000000.0,32390440000000.0,2912624000000.0,0.6494619,2.388191e-06,-1.588023e-06,-3.908394e-06,-1.538925e-06,6.510646e-07,-6.244035e-06,-5.387506e-06,3.572593e-06,29795360000000.0,2492475000000.0,0.5426211,2.207781e-06,-1.41246e-06,-3.557191e-06,-1.367403e-06,6.56394e-07,-5.716342e-06,-4.924428e-06,3.35664e-06,24124630000000.0,1708156000000.0,0.3725078,1.806677e-06,-1.064329e-06,-2.818751e-06,-1.028091e-06,6.266006e-07,-4.585549e-06,-3.937335e-06,2.835178e-06,1020623000000.0,69830000000000.0,1.082432,12860000000000.0,-0.894564
300,0.4909,5.826388,6.965754000000004,1833.394,187.0825,225.1634,188.1689,-26.7027,-296.1757,47095890000000.0,35946660000000.0,3645145000000.0,0.6606956,3.364028e-06,-1.241286e-06,-4.511092e-06,-1.178168e-06,1.904187e-06,-7.797174e-06,-6.591808e-06,6.02244e-06,33832150000000.0,3134590000000.0,0.5697023,3.086691e-06,-1.102594e-06,-4.102359e-06,-1.04515e-06,1.782046e-06,-7.11749e-06,-6.011359e-06,5.559988e-06,26239140000000.0,1986846000000.0,0.3833312,2.320254e-06,-7.594978e-07,-3.013388e-06,-7.173491e-07,1.405566e-06,-5.27977e-06,-4.447991e-06,4.243701e-06,1117941000000.0,54160000000000.0,1.154688,10640000000000.0,-0.937233
301,0.4902,5.840486,4.931823000000006,1837.332,187.9412,159.3702,-160.8683,-306.2711,131.4676,30852620000000.0,9515293000000.0,462649500000.0,0.4255148,5.865629e-07,3.084162e-07,-2.648891e-07,3.173726e-07,8.57823e-07,-8.358095e-07,-6.268255e-07,1.58159e-06,5190160000000.0,198182600000.0,0.3020073,3.174397e-07,1.652898e-07,-1.449616e-07,1.701241e-07,4.625791e-07,-4.539344e-07,-3.408316e-07,8.54249e-07,3075650000000.0,65819900000.0,0.1952585,1.510267e-07,7.772927e-08,-6.986924e-08,8.002127e-08,2.19143e-07,-2.168669e-07,-1.630542e-07,4.054718e-07,474813100000.0,7749000000000.0,0.8510381,1122000000000.0,-0.490272
302,0.49,5.795625,5.6376719999999985,1835.1,186.2611,182.0821,50.50637,-297.7095,430.5333,30083700000000.0,15186020000000.0,531290700000.0,0.5025443,6.510822e-07,-1.470728e-07,-7.822851e-07,-1.343932e-07,4.657481e-07,-1.418177e-06,-1.185391e-06,1.266728e-06,13936540000000.0,391395800000.0,0.4260019,5.100296e-07,-1.128382e-07,-6.103858e-07,-1.029472e-07,3.670768e-07,-1.108504e-06,-9.261404e-07,9.944488e-07,5766844000000.0,111349400000.0,0.2340919,2.01809e-07,-4.201126e-08,-2.388208e-07,-3.814901e-08,1.477077e-07,-4.359034e-07,-3.63734e-07,3.958485e-07,744570700000.0,5376000000000.0,0.72541,663500000000.0,-0.4663
303,0.4902,5.856585,5.912619000000001,1834.573,188.1799,190.99,373.4751,-285.6836,-16.11738,36715570000000.0,35081630000000.0,3233107000000.0,0.6560816,2.69311e-06,-2.457605e-06,-5.069908e-06,-2.399202e-06,6.630717e-08,-7.707177e-06,-6.739386e-06,3.352902e-06,32967120000000.0,2916338000000.0,0.5770374,2.555551e-06,-2.266658e-06,-4.745213e-06,-2.211534e-06,1.27369e-07,-7.247724e-06,-6.329289e-06,3.245571e-06,26335250000000.0,2026565000000.0,0.3873566,2.102315e-06,-1.704042e-06,-3.742133e-06,-1.659531e-06,2.6267e-07,-5.800684e-06,-5.044916e-06,2.826394e-06,1083672000000.0,118500000000000.0,1.216197,24520000000000.0,-1.03356
304,0.4915,5.685945,7.175387000000002,1835.138,182.7165,232.1733,265.5833,108.4198,-457.7787,85829860000000.0,77948510000000.0,7888567000000.0,0.8553026,1.006228e-05,-3.783085e-06,-1.353396e-05,-3.609092e-06,5.554721e-06,-2.337234e-05,-1.975473e-05,1.782021e-05,65838140000000.0,6535930000000.0,0.7048665,9.098801e-06,-3.284808e-06,-1.209957e-05,-3.129895e-06,5.151112e-06,-2.099565e-05,-1.772374e-05,1.623805e-05,46423090000000.0,3997198000000.0,0.4616208,6.827122e-06,-2.251745e-06,-8.861274e-06,-2.139999e-06,4.063638e-06,-1.553586e-05,-1.307953e-05,1.237496e-05,2083564000000.0,93970000000000.0,1.830151,29260000000000.0,-1.55878
305,0.4942,5.956629,6.189776000000001,1846.53,192.665,201.3511,235.4992,-398.6462,235.0713,35369980000000.0,22875150000000.0,1857863000000.0,0.5752245,1.610378e-06,-1.071301e-06,-2.637705e-06,-1.037656e-06,4.41761e-07,-4.212949e-06,-3.635597e-06,2.414565e-06,19126700000000.0,1357259000000.0,0.467836,1.316424e-06,-8.463205e-07,-2.126577e-06,-8.190143e-07,3.898955e-07,-3.414238e-06,-2.942226e-06,2.002228e-06,12783170000000.0,663869400000.0,0.3005083,7.988775e-07,-4.74401e-07,-1.251003e-06,-4.581267e-07,2.748201e-07,-2.032368e-06,-1.745851e-06,1.252735e-06,831969200000.0,43840000000000.0,1.018529,7597000000000.0,-0.781605
307,0.4944,6.213415000000001,6.416952999999995,1845.883,200.9643,208.8287,308.53,-239.1741,128.5303,49018170000000.0,47384230000000.0,4094725000000.0,0.7260871,3.84223e-06,-2.677784e-06,-6.403922e-06,-2.599408e-06,9.134692e-07,-1.016369e-05,-8.783381e-06,5.601662e-06,44020240000000.0,3580394000000.0,0.616386,3.576529e-06,-2.405555e-06,-5.873426e-06,-2.333185e-06,9.35465e-07,-9.373127e-06,-8.088108e-06,5.298465e-06,33159350000000.0,2381423000000.0,0.4126718,2.816283e-06,-1.732755e-06,-4.462198e-06,-1.677047e-06,8.939791e-07,-7.217857e-06,-6.205621e-06,4.327415e-06,1375564000000.0,67830000000000.0,1.267723,14630000000000.0,-1.07316
309,0.4953,5.935017,6.231979999999999,1850.262,192.3489,203.1366,-51.53471,-448.8262,436.6335,40560140000000.0,21529550000000.0,1512572000000.0,0.5558834,1.215972e-06,2.084823e-07,-9.798625e-07,2.299836e-07,1.351791e-06,-2.166433e-06,-1.732129e-06,2.851149e-06,18838360000000.0,1160325000000.0,0.4658696,1.016453e-06,1.687372e-07,-8.244587e-07,1.865867e-07,1.124013e-06,-1.816286e-06,-1.453221e-06,2.377094e-06,10091980000000.0,460716300000.0,0.2781683,5.467092e-07,8.402318e-08,-4.499588e-07,9.345257e-08,5.972309e-07,-9.833628e-07,-7.880517e-07,1.270863e-06,847403200000.0,19910000000000.0,0.8091696,2741000000000.0,-0.620631
310,0.4962,5.950432,6.724534999999995,1851.064,192.9357,219.436,236.9815,16.89951,-432.555,38926200000000.0,33543810000000.0,2637945000000.0,0.6462223,2.166315e-06,-1.202123e-06,-3.309481e-06,-1.158355e-06,8.310266e-07,-5.427532e-06,-4.651145e-06,3.485425e-06,29314790000000.0,2178505000000.0,0.5393243,1.956391e-06,-1.044224e-06,-2.947034e-06,-1.004997e-06,7.909056e-07,-4.859775e-06,-4.15855e-06,3.187533e-06,19415040000000.0,1237334000000.0,0.3456738,1.418812e-06,-6.875276e-07,-2.066827e-06,-6.596792e-07,6.413638e-07,-3.453875e-06,-2.945179e-06,2.378366e-06,1116338000000.0,57820000000000.0,1.066349,10490000000000.0,-0.8818366
313,0.4969,5.654919,6.420524999999997,1855.922,183.771,209.8696,-97.64656,335.7193,-312.683,64684770000000.0,57091760000000.0,4984133000000.0,0.7714463,5.572482e-06,1.144395e-06,-4.285651e-06,1.224197e-06,6.330023e-06,-9.71468e-06,-7.723077e-06,1.317661e-05,49306520000000.0,3950100000000.0,0.6379697,4.85724e-06,9.602876e-07,-3.771687e-06,1.028762e-06,5.476803e-06,-8.503781e-06,-6.76749e-06,1.144272e-05,27008050000000.0,1899582000000.0,0.3879298,3.060666e-06,5.506504e-07,-2.429177e-06,5.91914e-07,3.390523e-06,-5.410822e-06,-4.316186e-06,7.146532e-06,1744724000000.0,61490000000000.0,1.519828,15900000000000.0,-1.234
314,0.4967,5.771119,6.293903000000004,1855.411,187.5209,205.6819,-171.5686,21.85041,135.3296,275559000000000.0,183770100000000.0,22169460000000.0,1.134876,5.766846e-05,8.672408e-06,-4.713508e-05,9.029449e-06,6.095165e-05,-0.0001032473,-8.252545e-05,0.0001311384,156858200000000.0,18226330000000.0,0.9392634,5.267212e-05,7.621104e-06,-4.332997e-05,7.924815e-06,5.530022e-05,-9.457985e-05,-7.564612e-05,0.0001193683,104283800000000.0,10638060000000.0,0.6034074,3.904797e-05,5.142598e-06,-3.258566e-05,5.321658e-06,4.034377e-05,-7.057741e-05,-5.652625e-05,8.776235e-05,3954732000000.0,147500000000000.0,3.546499,89000000000000.0,-3.209
315,0.4962,5.256062,6.530631000000002,1854.408,170.594,213.1838,-25.80406,399.0205,-16.41958,52766620000000.0,46615320000000.0,4406487000000.0,0.7321601,4.059664e-06,-8.605523e-08,-4.038839e-06,-1.871233e-08,3.70388e-06,-7.998544e-06,-6.546446e-06,8.686042e-06,41040710000000.0,3645701000000.0,0.6005085,3.657625e-06,-7.424465e-08,-3.634809e-06,-1.431805e-08,3.337938e-06,-7.202299e-06,-5.893791e-06,7.825411e-06,28449760000000.0,2234368000000.0,0.3927658,2.720732e-06,-5.038756e-08,-2.697591e-06,-7.129353e-09,2.483513e-06,-5.35116e-06,-4.377438e-06,5.819271e-06,1399858000000.0,93290000000000.0,1.347021,21380000000000.0,-1.1484
316,0.4971,6.483433,6.6697079999999955,1852.401,210.5118,218.0085,-36.69786,-106.6835,-96.36167,116874700000000.0,106590500000000.0,11885350000000.0,0.9512228,1.765363e-05,1.499193e-06,-1.56345e-05,1.706938e-06,1.775081e-05,-3.283194e-05,-2.650437e-05,3.932415e-05,101304200000000.0,10522790000000.0,0.8113481,1.665753e-05,1.372587e-06,-1.479101e-05,1.565083e-06,1.669605e-05,-3.101799e-05,-2.504633e-05,3.704631e-05,78621310000000.0,7073164000000.0,0.5490388,1.339843e-05,1.019377e-06,-1.197375e-05,1.165741e-06,1.331798e-05,-2.502564e-05,-2.021964e-05,2.967265e-05,2616797000000.0,69780000000000.0,2.008062,23840000000000.0,-1.72755
318,0.5032,5.859435,6.026547000000004,1877.24,192.6507,199.2262,51.31066,-3.522681,327.709,40560140000000.0,27969190000000.0,2389772000000.0,0.6149203,1.886299e-06,-4.897879e-07,-2.326633e-06,-4.541468e-07,1.279333e-06,-4.168005e-06,-3.49333e-06,3.594496e-06,25470230000000.0,1971646000000.0,0.5157509,1.682035e-06,-4.191593e-07,-2.056819e-06,-3.876488e-07,1.157507e-06,-3.698764e-06,-3.097071e-06,3.221499e-06,19415040000000.0,1210617000000.0,0.3440295,1.27179e-06,-2.903182e-07,-1.528081e-06,-2.669615e-07,9.002863e-07,-2.769515e-06,-2.314438e-06,2.460075e-06,935289900000.0,56720000000000.0,1.024854,9890000000000.0,-0.847242
320,0.5041,5.900937,6.207772000000002,1879.405,194.2487,205.5157,-105.4733,-92.99515,-135.8977,31717640000000.0,23932400000000.0,1409004000000.0,0.5864675,1.127768e-06,5.291946e-07,-5.727945e-07,5.480412e-07,1.588195e-06,-1.670803e-06,-1.269081e-06,2.979346e-06,20568410000000.0,1076260000000.0,0.4788998,9.512861e-07,4.27989e-07,-5.014152e-07,4.43747e-07,1.320819e-06,-1.427592e-06,-1.088692e-06,2.494037e-06,11629800000000.0,488890400000.0,0.290301,5.666787e-07,2.33484e-07,-3.199723e-07,2.426798e-07,7.647251e-07,-8.716853e-07,-6.697443e-07,1.463286e-06,907995300000.0,21310000000000.0,0.8191715,2970000000000.0,-0.6303
322,0.5062,7.133826,7.014922999999997,1877.967,235.0392,232.8847,182.9182,312.3862,164.5379,30372040000000.0,17108300000000.0,1563334000000.0,0.5120204,1.707816e-06,-1.196966e-06,-2.856739e-06,-1.161041e-06,4.063786e-07,-4.527031e-06,-3.914712e-06,2.496386e-06,15858820000000.0,1216824000000.0,0.4371882,1.495081e-06,-1.022254e-06,-2.475105e-06,-9.909685e-07,3.808339e-07,-3.937316e-06,-3.401225e-06,2.210215e-06,12975400000000.0,659046400000.0,0.3006877,1.006645e-06,-6.452544e-07,-1.623152e-06,-6.244965e-07,2.98459e-07,-2.60763e-06,-2.246592e-06,1.529667e-06,629927700000.0,39730000000000.0,1.004063,6787000000000.0,-0.729531
323,0.5116,5.575029,5.772840000000006,1906.498,186.0949,193.658,164.897,76.65503,56.25172,54592790000000.0,48922060000000.0,4464868000000.0,0.7261341,4.164392e-06,-1.710054e-06,-5.753435e-06,-1.632125e-06,2.177571e-06,-9.821617e-06,-8.32861e-06,7.268422e-06,45269730000000.0,3834925000000.0,0.6174419,3.840291e-06,-1.523849e-06,-5.25194e-06,-1.452626e-06,2.059186e-06,-9.003486e-06,-7.626475e-06,6.752795e-06,27873080000000.0,2205135000000.0,0.3866642,2.765217e-06,-9.899008e-07,-3.672848e-06,-9.401825e-07,1.585127e-06,-6.374111e-06,-5.3821e-06,4.962247e-06,1494080000000.0,109100000000000.0,1.448126,26880000000000.0,-1.242
324,0.5096,6.233324,5.101542999999995,1899.455,207.4647,170.5819,0.4065262,40.74929,258.2743,39983450000000.0,29795360000000.0,2346083000000.0,0.6151715,1.922396e-06,-1.593834e-07,-2.032509e-06,-1.246315e-07,1.642585e-06,-3.907628e-06,-3.22071e-06,4.004276e-06,25950800000000.0,1849783000000.0,0.5145979,1.645708e-06,-1.314744e-07,-1.734751e-06,-1.019796e-07,1.410318e-06,-3.33997e-06,-2.751842e-06,3.431664e-06,15474360000000.0,882911600000.0,0.319431,1.025982e-06,-7.565349e-08,-1.074817e-06,-5.763854e-08,8.843479e-07,-2.075536e-06,-1.708767e-06,2.14389e-06,1062503000000.0,31800000000000.0,0.9690687,5243000000000.0,-0.7570036
325,0.5105,6.397722000000001,7.095329999999999,1895.131,212.4967,237.3724,90.61619,76.8334,147.6604,84099810000000.0,68048760000000.0,7429730000000.0,0.809888,9.20573e-06,-1.838536e-06,-1.076531e-05,-1.693883e-06,6.689462e-06,-1.975157e-05,-1.644782e-05,1.792414e-05,63339170000000.0,6433335000000.0,0.6903715,8.497961e-06,-1.639099e-06,-9.877734e-06,-1.507494e-06,6.227158e-06,-1.817304e-05,-1.512268e-05,1.659494e-05,48249260000000.0,4253703000000.0,0.4656843,6.702947e-06,-1.188267e-06,-7.682884e-06,-1.088478e-06,5.003744e-06,-1.422585e-05,-1.181855e-05,1.317503e-05,1797168000000.0,126400000000000.0,1.890698,40660000000000.0,-1.6335
326,0.5091,5.999023,5.607850000000004,1896.973,199.3472,187.2879,-23.10223,-87.90583,188.6143,33736040000000.0,28834220000000.0,2518725000000.0,0.613382,2.095814e-06,8.217095e-08,-1.960327e-06,1.182308e-07,2.044104e-06,-4.003451e-06,-3.254893e-06,4.619719e-06,27104170000000.0,2164528000000.0,0.5309034,1.935279e-06,7.361402e-08,-1.812195e-06,1.066665e-07,1.884482e-06,-3.69881e-06,-3.007514e-06,4.262403e-06,20568410000000.0,1336657000000.0,0.3497804,1.46401e-06,5.077773e-08,-1.375219e-06,7.517082e-08,1.418721e-06,-2.802391e-06,-2.279246e-06,3.21657e-06,946050700000.0,114100000000000.0,1.211584,23520000000000.0,-0.9989099
327,0.5157,5.390985,5.620478000000001,1920.592,181.2445,189.8485,140.2504,-63.50095,266.5117,36811690000000.0,34601060000000.0,2621914000000.0,0.6502352,1.951593e-06,-9.311054e-07,-2.829333e-06,-8.923809e-07,8.993971e-07,-4.735938e-06,-4.037127e-06,3.290766e-06,30756500000000.0,2171726000000.0,0.5442412,1.745966e-06,-8.001846e-07,-2.49813e-06,-7.65817e-07,8.365566e-07,-4.203822e-06,-3.578561e-06,2.975494e-06,17877220000000.0,1162746000000.0,0.3365419,1.182499e-06,-4.902907e-07,-1.639745e-06,-4.675401e-07,6.165449e-07,-2.794927e-06,-2.371298e-06,2.064314e-06,1168824000000.0,57830000000000.0,1.053968,10370000000000.0,-0.8702398
328,0.5148,6.168915,5.8390600000000035,1914.508,206.9312,196.9277,-48.67122,168.0369,104.95,46807550000000.0,39214540000000.0,3686866000000.0,0.6759764,3.35484e-06,1.596623e-07,-3.107658e-06,2.146081e-07,3.292073e-06,-6.377816e-06,-5.17891e-06,7.411247e-06,32102100000000.0,2864246000000.0,0.5517035,2.879704e-06,1.315802e-07,-2.672415e-06,1.781348e-07,2.818414e-06,-5.479409e-06,-4.45011e-06,6.353195e-06,21529550000000.0,1558409000000.0,0.3546139,1.93942e-06,8.120823e-08,-1.806309e-06,1.116059e-07,1.887691e-06,-3.69673e-06,-3.003219e-06,4.266714e-06,1274080000000.0,54020000000000.0,1.22514,11260000000000.0,-0.96624
329,0.5144,5.286232,6.588167000000001,1913.153,177.0142,221.9028,-4.050075,31.5809,-10.06783,47384230000000.0,46519210000000.0,4235016000000.0,0.7266009,3.905895e-06,1.994246e-08,-3.77952e-06,8.140054e-08,3.65597e-06,-7.587078e-06,-6.189942e-06,8.443987e-06,44500810000000.0,3811639000000.0,0.614122,3.729905e-06,1.840465e-08,-3.609357e-06,7.655457e-08,3.488894e-06,-7.245348e-06,-5.910991e-06,8.060299e-06,36427230000000.0,2863950000000.0,0.4246675,3.236046e-06,1.466685e-08,-3.13154e-06,6.381729e-08,3.021529e-06,-6.286086e-06,-5.127988e-06,6.985541e-06,1340218000000.0,147300000000000.0,1.458034,36540000000000.0,-1.286
330,0.5144,6.22893,5.864898999999999,1912.497,208.7408,197.62,234.8129,-280.2226,83.13416,50748230000000.0,43828010000000.0,4202612000000.0,0.6984346,3.887957e-06,-1.969308e-06,-5.744441e-06,-1.893793e-06,1.66484e-06,-9.545133e-06,-8.150424e-06,6.41736e-06,38445630000000.0,3476869000000.0,0.5844579,3.522033e-06,-1.72003e-06,-5.139223e-06,-1.652259e-06,1.570037e-06,-8.582145e-06,-7.318518e-06,5.874194e-06,24124630000000.0,1962953000000.0,0.3685587,2.523519e-06,-1.117693e-06,-3.566192e-06,-1.070486e-06,1.235301e-06,-6.032921e-06,-5.12714e-06,4.316956e-06,1365681000000.0,76830000000000.0,1.302824,17030000000000.0,-1.0791
333,0.5178,5.257538,5.703822,1928.116,177.4248,193.3951,53.89601,3.813048,-205.8289,77371820000000.0,68913790000000.0,6282887000000.0,0.8144895,6.852709e-06,-4.591538e-07,-7.119688e-06,-3.510177e-07,5.912314e-06,-1.380317e-05,-1.134945e-05,1.430267e-05,63627510000000.0,5395189000000.0,0.6903764,6.350541e-06,-4.109997e-07,-6.582315e-06,-3.11976e-07,5.489791e-06,-1.277599e-05,-1.05017e-05,1.326334e-05,35658320000000.0,2898730000000.0,0.4189416,4.483038e-06,-2.604416e-07,-4.614099e-06,-1.935451e-07,3.895569e-06,-8.986301e-06,-7.379868e-06,9.378216e-06,1931653000000.0,108300000000000.0,1.686222,31070000000000.0,-1.476905
334,0.5229,6.9581,5.451194000000005,1938.849,236.6216,186.396,281.019,65.88892,-131.0736,41136820000000.0,34985520000000.0,3114408000000.0,0.6468569,2.484741e-06,-1.880314e-06,-4.292524e-06,-1.827942e-06,4.490312e-07,-6.723096e-06,-5.831608e-06,3.485426e-06,32294330000000.0,2635864000000.0,0.5508824,2.257987e-06,-1.649413e-06,-3.841153e-06,-1.602157e-06,4.662786e-07,-6.049884e-06,-5.239655e-06,3.225015e-06,22586810000000.0,1547808000000.0,0.3604,1.614654e-06,-1.076629e-06,-2.643236e-06,-1.043525e-06,4.340763e-07,-4.222615e-06,-3.643029e-06,2.405674e-06,1123385000000.0,49110000000000.0,1.064938,8898000000000.0,-0.8678
335,0.5243,6.938253,5.368315000000001,1943.737,236.5348,184.0002,148.171,167.1043,-167.9835,30756500000000.0,25085770000000.0,1653613000000.0,0.5770214,1.256687e-06,-6.218505e-07,-1.844685e-06,-5.966197e-07,5.58162e-07,-3.072255e-06,-2.62248e-06,2.098942e-06,21145090000000.0,1338289000000.0,0.4774982,1.10817e-06,-5.247574e-07,-1.602887e-06,-5.026966e-07,5.151929e-07,-2.685365e-06,-2.28869e-06,1.873564e-06,15570480000000.0,844779200000.0,0.3287034,8.286195e-07,-3.589791e-07,-1.164832e-06,-3.427907e-07,4.176433e-07,-1.974218e-06,-1.677519e-06,1.432834e-06,891046600000.0,77000000000000.0,1.070949,14030000000000.0,-0.8788
336,0.5234,7.063865,5.115004999999994,1941.385,240.569,175.1056,319.329,45.56468,-77.55753,29122560000000.0,26815820000000.0,1975984000000.0,0.589756,1.429406e-06,-1.442973e-06,-2.830767e-06,-1.411184e-06,-9.988671e-08,-4.229792e-06,-3.716855e-06,1.646919e-06,24797430000000.0,1699810000000.0,0.5057132,1.318546e-06,-1.28618e-06,-2.56617e-06,-1.257025e-06,-4.780548e-08,-3.856672e-06,-3.383469e-06,1.563238e-06,18261670000000.0,1075822000000.0,0.3376967,1.023915e-06,-9.115967e-07,-1.905187e-06,-8.893368e-07,4.883733e-08,-2.907285e-06,-2.539712e-06,1.299253e-06,904229600000.0,113900000000000.0,1.115665,21620000000000.0,-0.934362
337,0.5248,5.007779,6.348624000000004,1949.04,170.7856,217.6813,217.3557,-105.8898,-30.95462,34120490000000.0,31333190000000.0,2523715000000.0,0.6211672,1.809905e-06,-1.133306e-06,-2.892719e-06,-1.096041e-06,5.653569e-07,-4.66158e-06,-4.013242e-06,2.781368e-06,27680850000000.0,2116301000000.0,0.5221751,1.638681e-06,-9.881064e-07,-2.580842e-06,-9.546024e-07,5.491032e-07,-4.182346e-06,-3.595274e-06,2.555083e-06,19799500000000.0,1283827000000.0,0.3437735,1.225164e-06,-6.77021e-07,-1.867401e-06,-6.524177e-07,4.708545e-07,-3.064743e-06,-2.625682e-06,1.969897e-06,1042455000000.0,41920000000000.0,0.9380082,6690000000000.0,-0.756459
342,0.5297,4.963347,4.831690999999999,1969.65,171.0524,167.1199,296.4371,-152.7341,-102.2028,66895390000000.0,60936320000000.0,5596764000000.0,0.7732553,5.82353e-06,-3.250488e-06,-8.894713e-06,-3.137733e-06,2.177478e-06,-1.459085e-05,-1.24984e-05,9.278075e-06,54592790000000.0,4644229000000.0,0.6539882,5.266673e-06,-2.841892e-06,-7.94542e-06,-2.740936e-06,2.063811e-06,-1.309682e-05,-1.120414e-05,8.483767e-06,28545880000000.0,2172643000000.0,0.3878309,3.362972e-06,-1.643253e-06,-4.899989e-06,-1.58093e-06,1.482438e-06,-8.189221e-06,-6.980029e-06,5.578328e-06,1831136000000.0,62670000000000.0,1.484646,15830000000000.0,-1.22661
346,0.5353,5.941302,5.418983000000005,1982.627,206.3291,189.0919,339.0428,167.5894,-87.8234,47576460000000.0,42770760000000.0,4152610000000.0,0.6858711,3.589989e-06,-2.908627e-06,-6.387287e-06,-2.833106e-06,4.468793e-07,-9.902068e-06,-8.611391e-06,4.822227e-06,41040710000000.0,3695132000000.0,0.5937666,3.383389e-06,-2.656569e-06,-5.934551e-06,-2.585878e-06,5.042791e-07,-9.247011e-06,-8.030473e-06,4.627021e-06,30948730000000.0,2487942000000.0,0.3979301,2.72875e-06,-1.957579e-06,-4.600083e-06,-1.901811e-06,5.877076e-07,-7.271513e-06,-6.289997e-06,3.910691e-06,1259599000000.0,116200000000000.0,1.368242,27050000000000.0,-1.179168
350,0.5386,5.471580000000001,6.119548999999999,1992.8,190.8872,214.6345,290.2621,7.870831,-73.90421,33159350000000.0,29507020000000.0,2419234000000.0,0.6042013,1.820286e-06,-1.478017e-06,-3.245236e-06,-1.439182e-06,2.293852e-07,-5.025947e-06,-4.372894e-06,2.453915e-06,26719710000000.0,2030744000000.0,0.5123967,1.651531e-06,-1.292045e-06,-2.895173e-06,-1.257067e-06,2.562429e-07,-4.510776e-06,-3.918192e-06,2.274113e-06,18934470000000.0,1236989000000.0,0.3374226,1.233771e-06,-8.785755e-07,-2.075669e-06,-8.529749e-07,2.763776e-07,-3.282561e-06,-2.839716e-06,1.782949e-06,984944300000.0,91480000000000.0,1.152009,17930000000000.0,-0.943173
352,0.5453,5.91213,5.250730000000003,2015.794,208.7433,186.2419,290.8153,-103.9762,84.90604,64396420000000.0,60071290000000.0,5635538000000.0,0.7662685,5.380193e-06,-3.28201e-06,-8.496918e-06,-3.175336e-06,1.737832e-06,-1.376003e-05,-1.182708e-05,8.298491e-06,53535530000000.0,4705859000000.0,0.6442671,4.895824e-06,-2.887293e-06,-7.631851e-06,-2.791113e-06,1.677795e-06,-1.242108e-05,-1.066188e-05,7.646354e-06,31813760000000.0,2501059000000.0,0.3991834,3.414414e-06,-1.836326e-06,-5.143425e-06,-1.771145e-06,1.341422e-06,-8.483388e-06,-7.255919e-06,5.500891e-06,1766697000000.0,60370000000000.0,1.408799,14470000000000.0,-1.16721
353,0.5445,6.564297,5.042156000000006,2011.152,231.4283,178.6151,218.3776,78.5694,96.59024,44404700000000.0,43251330000000.0,3256148000000.0,0.6882991,2.441235e-06,-1.577741e-06,-3.948651e-06,-1.527717e-06,7.097763e-07,-6.335317e-06,-5.460026e-06,3.694872e-06,39502880000000.0,2797595000000.0,0.584987,2.253523e-06,-1.406202e-06,-3.594501e-06,-1.360338e-06,7.044225e-07,-5.797631e-06,-4.989549e-06,3.459472e-06,22490690000000.0,1511230000000.0,0.359412,1.603184e-06,-9.037544e-07,-2.459828e-06,-8.718629e-07,5.954273e-07,-4.027121e-06,-3.452019e-06,2.554201e-06,1388368000000.0,41090000000000.0,1.05022,7342000000000.0,-0.877932
354,0.5445,6.471317,6.060509999999998,2008.744,227.8489,214.6402,400.1157,190.6523,-196.2978,29410900000000.0,26815820000000.0,2169388000000.0,0.5855102,1.450073e-06,-1.792777e-06,-3.19945e-06,-1.7591e-06,-4.297785e-07,-4.62061e-06,-4.099336e-06,1.339807e-06,25758570000000.0,1916309000000.0,0.5089226,1.359585e-06,-1.62823e-06,-2.946944e-06,-1.596813e-06,-3.508124e-07,-4.279384e-06,-3.790602e-06,1.308058e-06,19126700000000.0,1276226000000.0,0.3394019,1.086342e-06,-1.183521e-06,-2.236756e-06,-1.158828e-06,-1.641853e-07,-3.301325e-06,-2.910675e-06,1.160561e-06,893503200000.0,121500000000000.0,1.100059,22740000000000.0,-0.932283
357,0.5441,5.520175,5.281375999999998,2013.368,194.5808,186.9816,221.615,234.7564,-82.51117,242976400000000.0,220966200000000.0,27854590000000.0,1.17954,6.874168e-05,-1.24501e-05,-7.836538e-05,-1.194493e-05,4.913991e-05,-0.0001455299,-0.0001205979,0.0001317291,200878400000000.0,24585890000000.0,1.002712,6.511587e-05,-1.142766e-05,-7.384115e-05,-1.097593e-05,4.68305e-05,-0.0001374615,-0.0001138361,0.0001250197,155416400000000.0,17373770000000.0,0.6787418,5.484957e-05,-8.860372e-06,-6.137266e-05,-8.545128e-06,4.001021e-05,-0.0001149587,-9.503757e-05,0.0001057652,4284535000000.0,236500000000000.0,4.339253,174600000000000.0,-3.81942
358,0.5481,6.620342,6.313939999999996,2018.069,234.2247,224.7929,402.1943,187.6361,-244.3472,45942520000000.0,39406770000000.0,3568735000000.0,0.6703107,2.890774e-06,-2.891673e-06,-5.693559e-06,-2.827203e-06,-1.825825e-07,-8.526265e-06,-7.486458e-06,3.341257e-06,35273860000000.0,2965186000000.0,0.5610321,2.598576e-06,-2.499321e-06,-5.01749e-06,-2.44184e-06,-6.560608e-08,-7.563787e-06,-6.62896e-06,3.10122e-06,24124630000000.0,1732686000000.0,0.3651224,1.896037e-06,-1.667535e-06,-3.503997e-06,-1.62646e-06,1.054005e-07,-5.36176e-06,-4.679436e-06,2.414567e-06,1259046000000.0,60750000000000.0,1.1852,12250000000000.0,-0.9779548
359,0.5479,5.191363,7.146557,2019.057,183.4417,254.1958,221.3851,201.2826,-195.9214,31909870000000.0,30852620000000.0,2298822000000.0,0.612319,1.583087e-06,-1.016895e-06,-2.555629e-06,-9.84433e-07,4.681912e-07,-4.103332e-06,-3.53592e-06,2.405986e-06,28545880000000.0,2013367000000.0,0.5229931,1.468416e-06,-9.080312e-07,-2.335094e-06,-8.781265e-07,4.68813e-07,-3.770662e-06,-3.244294e-06,2.265889e-06,23259600000000.0,1432221000000.0,0.3660749,1.206227e-06,-6.852456e-07,-1.857086e-06,-6.610872e-07,4.444426e-07,-3.036285e-06,-2.603787e-06,1.919952e-06,986975100000.0,94880000000000.0,1.102674,17800000000000.0,-0.935253
361,0.5457,6.474219,5.8527280000000035,2013.231,228.4611,207.6931,424.6557,192.9947,-75.54928,44404700000000.0,39695110000000.0,3636782000000.0,0.6665845,2.933328e-06,-3.255417e-06,-6.096817e-06,-3.18811e-06,-5.054656e-07,-8.97232e-06,-7.91671e-06,3.067225e-06,37868940000000.0,3134552000000.0,0.5774932,2.699478e-06,-2.911291e-06,-5.525796e-06,-2.849707e-06,-3.817275e-07,-8.172005e-06,-7.200456e-06,2.90553e-06,22779030000000.0,1659268000000.0,0.3577791,1.823378e-06,-1.789399e-06,-3.554473e-06,-1.748685e-06,-8.36409e-08,-5.341753e-06,-4.685273e-06,2.135259e-06,1253572000000.0,59550000000000.0,1.174538,11900000000000.0,-0.956736
363,0.5481,6.589659000000001,5.819249000000002,2020.327,233.3903,207.2725,-14.18371,114.9228,-192.3622,28257540000000.0,26431370000000.0,1892992000000.0,0.5835704,1.218697e-06,8.311769e-08,-1.105527e-06,1.048073e-07,1.226623e-06,-2.293559e-06,-1.85857e-06,2.72595e-06,23644060000000.0,1568496000000.0,0.4902055,1.093741e-06,7.182622e-08,-9.947948e-07,9.114151e-08,1.097601e-06,-2.061006e-06,-1.670573e-06,2.442944e-06,15666590000000.0,904090100000.0,0.3165133,7.741314e-07,4.61907e-08,-7.084547e-07,5.956456e-08,7.712622e-07,-1.463086e-06,-1.186653e-06,1.722976e-06,931441400000.0,89400000000000.0,1.03483,15740000000000.0,-0.854766
365,0.5474,6.577552,5.754088999999997,2017.967,232.6855,204.6914,346.8801,97.77321,40.96507,50363770000000.0,46519210000000.0,4138590000000.0,0.7009156,3.505692e-06,-3.072567e-06,-6.469912e-06,-2.996957e-06,2.080718e-07,-9.902589e-06,-8.642397e-06,4.481298e-06,39887340000000.0,3483314000000.0,0.5869757,3.20946e-06,-2.709535e-06,-5.81925e-06,-2.640871e-06,2.921054e-07,-8.961812e-06,-7.807946e-06,4.203319e-06,28353650000000.0,2119456000000.0,0.3837622,2.43421e-06,-1.873645e-06,-4.231071e-06,-1.82272e-06,3.992693e-07,-6.614447e-06,-5.738962e-06,3.363826e-06,1397902000000.0,59760000000000.0,1.225489,12460000000000.0,-1.0197
366,0.5484,5.245266,5.977084000000006,2025.141,185.9156,212.9237,245.3109,257.7914,-325.4125,42001850000000.0,39887340000000.0,3263819000000.0,0.6669012,2.533258e-06,-1.54505e-06,-4.005696e-06,-1.494095e-06,8.268862e-07,-6.483478e-06,-5.57447e-06,3.924589e-06,36811690000000.0,2817895000000.0,0.5684864,2.338996e-06,-1.375126e-06,-3.646678e-06,-1.32845e-06,8.136985e-07,-5.93439e-06,-5.094992e-06,3.673196e-06,26046910000000.0,1785587000000.0,0.3747592,1.798154e-06,-9.617664e-07,-2.707208e-06,-9.267053e-07,7.182616e-07,-4.465818e-06,-3.82029e-06,2.915131e-06,1236906000000.0,121400000000000.0,1.31254,27110000000000.0,-1.125473
368,0.5498,6.31925,5.5571549999999945,2027.29,224.5044,198.4529,112.371,82.15589,-85.51789,49787090000000.0,46711440000000.0,4372688000000.0,0.7015844,3.868952e-06,-9.850484e-07,-4.744171e-06,-9.16762e-07,2.623266e-06,-8.52087e-06,-7.134932e-06,7.357778e-06,42962990000000.0,3791190000000.0,0.5984479,3.601447e-06,-8.871965e-07,-4.385861e-06,-8.242109e-07,2.469799e-06,-7.901416e-06,-6.611121e-06,6.87602e-06,32005980000000.0,2468946000000.0,0.3995705,2.856074e-06,-6.447178e-07,-3.418022e-06,-5.961021e-07,2.013276e-06,-6.205942e-06,-5.182273e-06,5.505399e-06,1376586000000.0,105700000000000.0,1.424643,25620000000000.0,-1.20087
369,0.5496,7.193011,6.234157999999998,2020.775,255.0328,222.4965,84.47579,384.9903,-215.9708,28449760000000.0,26527480000000.0,2302971000000.0,0.5952533,1.499282e-06,-4.939975e-07,-1.953754e-06,-4.654133e-07,9.12041e-07,-3.418161e-06,-2.881487e-06,2.751561e-06,25085770000000.0,2046889000000.0,0.5100437,1.410263e-06,-4.488132e-07,-1.821706e-06,-4.220975e-07,8.731718e-07,-3.199131e-06,-2.694278e-06,2.603157e-06,21433440000000.0,1474433000000.0,0.352569,1.165441e-06,-3.391139e-07,-1.473236e-06,-3.174357e-07,7.520523e-07,-2.611469e-06,-2.194156e-06,2.180991e-06,870632000000.0,100700000000000.0,1.038361,17790000000000.0,-0.878
370,0.552,6.459623,6.579204000000005,2030.172,229.8597,235.6482,173.6395,221.3864,-157.7046,28930330000000.0,26527480000000.0,2105388000000.0,0.5798153,1.402496e-06,-7.835375e-07,-2.147587e-06,-7.551309e-07,5.327966e-07,-3.518114e-06,-3.015821e-06,2.251101e-06,24412970000000.0,1818286000000.0,0.4959814,1.294518e-06,-6.987087e-07,-1.95757e-06,-6.72655e-07,5.157431e-07,-3.222562e-06,-2.758894e-06,2.101471e-06,18646130000000.0,1193696000000.0,0.3344429,1.012684e-06,-4.995066e-07,-1.483928e-06,-4.794917e-07,4.4936e-07,-2.473479e-06,-2.110652e-06,1.689234e-06,894241400000.0,63690000000000.0,0.9791426,10610000000000.0,-0.79596
371,0.5566,5.323918,5.676240999999999,2051.94,191.2167,204.8351,210.1728,279.0478,-41.87383,39599000000000.0,33928270000000.0,3316129000000.0,0.6273926,2.673029e-06,-1.54932e-06,-4.144477e-06,-1.496181e-06,9.509935e-07,-6.758018e-06,-5.799045e-06,4.217864e-06,30564270000000.0,2822476000000.0,0.5335698,2.457199e-06,-1.375283e-06,-3.760495e-06,-1.32684e-06,9.218476e-07,-6.162973e-06,-5.281314e-06,3.924262e-06,24220740000000.0,1872661000000.0,0.3650907,1.932752e-06,-9.925787e-07,-2.867871e-06,-9.553225e-07,8.115565e-07,-4.757513e-06,-4.06378e-06,3.171746e-06,1060937000000.0,128800000000000.0,1.327029,29080000000000.0,-1.10484
373,0.5563,6.106655,5.959750000000002,2047.756,219.0825,214.9934,372.4602,116.7775,-152.0534,30660390000000.0,28641990000000.0,2040216000000.0,0.6011628,1.377255e-06,-1.618765e-06,-2.955408e-06,-1.587062e-06,-3.23693e-07,-4.304481e-06,-3.809804e-06,1.358246e-06,25278000000000.0,1680436000000.0,0.5009903,1.232183e-06,-1.389811e-06,-2.585451e-06,-1.361643e-06,-2.317924e-07,-3.792388e-06,-3.349767e-06,1.272639e-06,17108300000000.0,988857200000.0,0.3234129,8.923016e-07,-9.125234e-07,-1.777976e-06,-8.924919e-07,-7.512463e-08,-2.651939e-06,-2.331312e-06,1.013695e-06,974687000000.0,64420000000000.0,1.014579,11120000000000.0,-0.827442
375,0.5561,5.877743,7.152022999999997,2042.777,210.2985,257.6798,160.1805,5.8926,-585.3589,31333190000000.0,26335250000000.0,2182202000000.0,0.5794748,1.634909e-06,-4.170445e-07,-2.010287e-06,-3.862365e-07,1.117184e-06,-3.607622e-06,-3.022316e-06,3.125239e-06,23163490000000.0,1765969000000.0,0.4855962,1.451401e-06,-3.573195e-07,-1.771468e-06,-3.301876e-07,1.003958e-06,-3.18945e-06,-2.669794e-06,2.786197e-06,16819960000000.0,1022062000000.0,0.3225234,1.035668e-06,-2.341387e-07,-1.242753e-06,-2.151816e-07,7.358575e-07,-2.254472e-06,-1.883571e-06,2.006832e-06,910409800000.0,56280000000000.0,1.047487,10030000000000.0,-0.814572
376,0.5537,5.171748,4.9297190000000075,2046.042,185.1872,177.1981,330.093,229.5074,18.86783,131003500000000.0,129561800000000.0,13881850000000.0,0.9823776,2.007875e-05,-9.024564e-06,-2.838712e-05,-8.697437e-06,9.438933e-06,-4.804033e-05,-4.079169e-05,3.375109e-05,124563800000000.0,12571690000000.0,0.8517211,1.91537e-05,-8.376369e-06,-2.68431e-05,-8.068286e-06,9.22401e-06,-4.559062e-05,-3.867472e-05,3.240966e-05,88232710000000.0,8418277000000.0,0.5593736,1.538867e-05,-6.171326e-06,-2.099702e-05,-5.935494e-06,7.932724e-06,-3.605869e-05,-3.049865e-05,2.654192e-05,2974738000000.0,75710000000000.0,2.207117,28430000000000.0,-1.931
377,0.5563,5.77648,7.156496,2043.723,206.7463,257.9156,72.33113,255.581,-714.0646,42290190000000.0,25950800000000.0,2520450000000.0,0.580515,1.973913e-06,-4.493522e-08,-1.97125e-06,-1.039332e-08,1.806008e-06,-3.899264e-06,-3.192804e-06,4.234765e-06,24028520000000.0,2123087000000.0,0.5027229,1.780565e-06,-3.933557e-08,-1.776648e-06,-8.41687e-09,1.629461e-06,-3.515714e-06,-2.878411e-06,3.819814e-06,18742240000000.0,1251603000000.0,0.333244,1.274433e-06,-2.576088e-08,-1.268547e-06,-4.169207e-09,1.166799e-06,-2.513084e-06,-2.056833e-06,2.733434e-06,869870700000.0,75700000000000.0,1.125833,14500000000000.0,-0.925056
378,0.5556,6.094772000000001,7.172334000000005,2040.036,217.8287,258.175,210.6394,19.9721,-507.2749,94480130000000.0,80447470000000.0,8844508000000.0,0.8370658,1.099454e-05,-2.599873e-06,-1.325685e-05,-2.42783e-06,7.57488e-06,-2.399792e-05,-2.004683e-05,2.098229e-05,74200060000000.0,7679310000000.0,0.715986,1.028838e-05,-2.35756e-06,-1.232787e-05,-2.19874e-06,7.156715e-06,-2.237885e-05,-1.868091e-05,1.969929e-05,53151080000000.0,4855442000000.0,0.4719151,8.085806e-06,-1.692711e-06,-9.523124e-06,-1.573332e-06,5.767303e-06,-1.742186e-05,-1.451398e-05,1.561551e-05,2069914000000.0,95110000000000.0,1.908327,30880000000000.0,-1.63449
379,0.5558,5.354188000000001,6.0419230000000015,2048.867,192.0222,217.8108,366.8628,250.3691,-93.36995,47384230000000.0,38637850000000.0,3510204000000.0,0.6633143,3.183936e-06,-3.039156e-06,-6.125596e-06,-2.96857e-06,-5.524605e-08,-9.244591e-06,-8.099836e-06,3.82693e-06,33928270000000.0,2774022000000.0,0.5531378,2.829635e-06,-2.609578e-06,-5.352085e-06,-2.547311e-06,4.078389e-08,-8.123941e-06,-7.106446e-06,3.490166e-06,19318930000000.0,1306427000000.0,0.3365784,1.889878e-06,-1.596556e-06,-3.427355e-06,-1.555842e-06,1.707782e-07,-5.278539e-06,-4.598723e-06,2.473106e-06,1285095000000.0,53110000000000.0,1.208504,10920000000000.0,-0.959904
381,0.559,6.17378,5.244952000000006,2058.713,222.6946,190.0887,391.7342,-193.735,81.95605,150418500000000.0,144555600000000.0,15617070000000.0,1.01572,2.644593e-05,-1.086225e-05,-3.630475e-05,-1.047861e-05,1.32859e-05,-6.219521e-05,-5.262663e-05,4.52031e-05,134079100000000.0,14046120000000.0,0.8704964,2.514142e-05,-1.000365e-05,-3.418436e-05,-9.646105e-06,1.293089e-05,-5.879725e-05,-4.969847e-05,4.32621e-05,104668200000000.0,10070510000000.0,0.5917216,2.112022e-05,-7.727076e-06,-2.802331e-05,-7.444699e-06,1.148311e-05,-4.869843e-05,-4.104941e-05,3.693404e-05,3097826000000.0,234500000000000.0,3.143088,125400000000000.0,-2.822
385,0.5595,5.897196,5.473439000000001,2060.541,212.8343,198.494,250.7756,289.0609,-251.2068,37965060000000.0,35658320000000.0,2542386000000.0,0.6388225,1.946942e-06,-1.378938e-06,-3.270242e-06,-1.338358e-06,4.468286e-07,-5.174972e-06,-4.476416e-06,2.827831e-06,30660390000000.0,2055089000000.0,0.5326027,1.726196e-06,-1.179017e-06,-2.855581e-06,-1.143325e-06,4.388081e-07,-4.544308e-06,-3.924879e-06,2.54935e-06,17973330000000.0,1060184000000.0,0.3292894,1.134793e-06,-7.03704e-07,-1.805294e-06,-6.807937e-07,3.580482e-07,-2.915381e-06,-2.50802e-06,1.744553e-06,1209530000000.0,101400000000000.0,1.281021,22100000000000.0,-1.0593
386,0.5575,5.217476,6.019974999999998,2054.707,187.6249,217.5842,48.24007,434.2162,-140.611,36811690000000.0,32390440000000.0,2955388000000.0,0.6169357,2.197179e-06,-4.327593e-07,-2.572078e-06,-3.928776e-07,1.624324e-06,-4.71717e-06,-3.930836e-06,4.320379e-06,29795360000000.0,2547394000000.0,0.5332584,2.033289e-06,-3.890699e-07,-2.368539e-06,-3.524195e-07,1.513729e-06,-4.353587e-06,-3.625838e-06,4.008225e-06,22971260000000.0,1643454000000.0,0.3629351,1.56528e-06,-2.754353e-07,-1.798634e-06,-2.47836e-07,1.187377e-06,-3.326692e-06,-2.766283e-06,3.106621e-06,1030988000000.0,86190000000000.0,1.163386,17060000000000.0,-0.956637
387,0.5583,6.033429,6.133157000000002,2053.092,216.9999,221.8429,339.5269,175.851,-230.1966,32678780000000.0,29218680000000.0,2430158000000.0,0.6063883,1.672005e-06,-1.687044e-06,-3.310313e-06,-1.649703e-06,-1.160719e-07,-4.947526e-06,-4.347163e-06,1.926853e-06,27392510000000.0,2067646000000.0,0.5155113,1.540797e-06,-1.503895e-06,-2.999571e-06,-1.469678e-06,-5.683845e-08,-4.50827e-06,-3.954971e-06,1.825428e-06,19415040000000.0,1241316000000.0,0.3368562,1.174932e-06,-1.048321e-06,-2.188384e-06,-1.022663e-06,5.371084e-08,-3.338768e-06,-2.916737e-06,1.488271e-06,972981900000.0,55190000000000.0,0.9944783,9338000000000.0,-0.8059558
390,0.5587,6.154964,7.077966999999994,2050.641,221.1401,256.0963,63.12477,187.0041,-424.2649,29314790000000.0,27008050000000.0,1906764000000.0,0.5808596,1.282326e-06,-1.254695e-07,-1.37599e-06,-1.018249e-07,1.078531e-06,-2.627526e-06,-2.169176e-06,2.65538e-06,25085770000000.0,1639101000000.0,0.5068651,1.181262e-06,-1.12406e-07,-1.26423e-06,-9.074728e-08,9.962928e-07,-2.417103e-06,-1.994847e-06,2.448638e-06,16243280000000.0,907419300000.0,0.3199856,8.203696e-07,-7.083635e-08,-8.704014e-07,-5.611933e-08,6.980585e-07,-1.670994e-06,-1.377661e-06,1.706097e-06,940690500000.0,52140000000000.0,0.9668658,8577000000000.0,-0.770319
391,0.5597,5.909148,5.174188999999996,2062.136,213.4338,187.73,238.0345,308.2139,157.2126,83427010000000.0,30948730000000.0,2367457000000.0,0.6074697,2.471395e-06,-1.862768e-06,-4.262193e-06,-1.810465e-06,4.544129e-07,-6.68046e-06,-5.793434e-06,3.474529e-06,25854680000000.0,1749465000000.0,0.5039988,2.02426e-06,-1.477666e-06,-3.442651e-06,-1.435144e-06,4.192528e-07,-5.423357e-06,-4.696726e-06,2.892415e-06,14128770000000.0,712593600000.0,0.3068068,1.102067e-06,-7.417668e-07,-1.811083e-06,-7.19091e-07,2.89444e-07,-2.889386e-06,-2.493653e-06,1.635105e-06,1115702000000.0,21030000000000.0,1.042209,3729000000000.0,-0.8554619
392,0.558,5.931228,5.337859000000006,2056.178,213.618,193.1503,441.6622,209.3911,-75.91548,71701090000000.0,48057030000000.0,5094972000000.0,0.7041517,5.930863e-06,-5.37757e-06,-1.111263e-05,-5.248708e-06,1.554343e-07,-1.692704e-05,-1.478959e-05,7.362193e-06,41713500000000.0,4085895000000.0,0.5903895,5.247628e-06,-4.597693e-06,-9.670932e-06,-4.484818e-06,2.942641e-07,-1.48154e-05,-1.292386e-05,6.66891e-06,28353650000000.0,2239408000000.0,0.3831312,3.624723e-06,-2.907847e-06,-6.409944e-06,-2.83208e-06,4.642064e-07,-9.963196e-06,-8.656008e-06,4.863779e-06,1444594000000.0,78630000000000.0,1.579476,21130000000000.0,-1.28205
394,0.5573,5.399247,6.192044,2052.705,194.0105,223.6992,148.4819,170.6776,-188.6989,54881130000000.0,43155220000000.0,4606888000000.0,0.6803485,4.311639e-06,-1.376183e-06,-5.564288e-06,-1.298244e-06,2.646284e-06,-9.775212e-06,-8.22976e-06,7.92011e-06,38253400000000.0,3806245000000.0,0.5735165,3.88625e-06,-1.199143e-06,-4.973355e-06,-1.129609e-06,2.424187e-06,-8.768786e-06,-7.375592e-06,7.176515e-06,28641990000000.0,2305795000000.0,0.3845829,2.88361e-06,-8.199971e-07,-3.619138e-06,-7.697896e-07,1.864115e-06,-6.435288e-06,-5.401109e-06,5.388076e-06,1299404000000.0,74560000000000.0,1.36062,17260000000000.0,-1.10979
395,0.5644,5.484777,6.675788000000003,2072.269,198.9811,243.6635,-34.95725,199.0656,-339.9004,511422900000000.0,436646200000000.0,56449110000000.0,1.463699,0.0002205513,5.939942e-06,-0.0002043862,4.600566e-06,0.0001966773,-0.0004190426,-0.0003387119,0.0004595302,409734300000000.0,49767960000000.0,1.260374,0.0002082364,5.445524e-06,-0.0001930192,4.057279e-06,0.0001851488,-0.0003956806,-0.0003197957,0.0004331131,311986300000000.0,33593960000000.0,0.8479459,0.00017064,4.101954e-06,-0.00015823,2.648044e-06,0.00015038,-0.0003242767,-0.0002619911,0.0003530317,7056203000000.0,164400000000000.0,6.567637,183700000000000.0,-5.677
396,0.5646,5.376532,6.751646999999998,2073.243,195.1224,246.5295,-69.4006,983.7159,-910.0513,134271400000000.0,72854460000000.0,8027315000000.0,0.8059808,1.264629e-05,1.861904e-06,-1.048112e-05,2.030634e-06,1.361752e-05,-2.284071e-05,-1.830136e-05,2.917204e-05,62666370000000.0,6449686000000.0,0.674098,1.131726e-05,1.608829e-06,-9.43324e-06,1.757187e-06,1.211945e-05,-2.049256e-05,-1.642991e-05,2.603334e-05,37580600000000.0,3281759000000.0,0.419629,7.60331e-06,9.921003e-07,-6.419675e-06,1.086863e-06,8.036084e-06,-1.384753e-05,-1.11173e-05,1.737327e-05,2042111000000.0,60690000000000.0,1.733555,17900000000000.0,-1.54143
399,0.5609,6.845215,6.260653999999995,2058.221,247.0755,227.4203,28.93465,175.9104,-146.8458,136097500000000.0,119277600000000.0,14127070000000.0,0.9523451,2.109001e-05,-8.880614e-07,-2.130806e-05,-6.385178e-07,1.845818e-05,-4.187462e-05,-3.429655e-05,4.414385e-05,110338900000000.0,12349960000000.0,0.8148867,1.975984e-05,-8.072085e-07,-1.993461e-05,-5.783595e-07,1.730322e-05,-3.920384e-05,-3.210215e-05,4.136071e-05,85060950000000.0,8127656000000.0,0.5511784,1.581509e-05,-5.965836e-07,-1.589461e-05,-4.24948e-07,1.386206e-05,-3.131661e-05,-2.562901e-05,3.309788e-05,2707601000000.0,88840000000000.0,2.330805,35230000000000.0,-2.00079
400,0.5607,5.66009,6.550574000000005,2060.847,204.2502,237.8062,313.9658,104.0552,-165.7827,93230640000000.0,87752140000000.0,9164848000000.0,0.8603349,1.18747e-05,-5.191959e-06,-1.666096e-05,-4.99498e-06,5.759637e-06,-2.827796e-05,-2.399772e-05,2.016932e-05,84964830000000.0,8403248000000.0,0.7535167,1.141675e-05,-4.857986e-06,-1.588273e-05,-4.670642e-06,5.66483e-06,-2.70516e-05,-2.293581e-05,1.951549e-05,70836070000000.0,6220886000000.0,0.5183258,9.823964e-06,-3.851766e-06,-1.333279e-05,-3.696479e-06,5.184353e-06,-2.294312e-05,-1.939972e-05,1.709306e-05,2080603000000.0,194600000000000.0,2.307859,76410000000000.0,-2.053
402,0.5617,5.860906,4.879046999999999,2069.333,212.4178,177.5703,437.9422,149.2112,112.4006,31140960000000.0,22490690000000.0,1559971000000.0,0.5467957,1.341478e-06,-1.876403e-06,-3.176784e-06,-1.843822e-06,-6.142877e-07,-4.492393e-06,-4.009814e-06,1.021053e-06,19511160000000.0,1181183000000.0,0.458463,1.137294e-06,-1.541226e-06,-2.64351e-06,-1.513758e-06,-4.717222e-07,-3.758844e-06,-3.349678e-06,9.144344e-07,11533690000000.0,509205700000.0,0.2829983,6.631538e-07,-8.330538e-07,-1.475543e-06,-8.17273e-07,-2.101963e-07,-2.125852e-06,-1.887208e-06,5.976605e-07,861843300000.0,25610000000000.0,0.9437247,4112000000000.0,-0.68112
403,0.5612,7.160738,5.092208999999996,2061.516,258.9949,185.1469,191.9084,39.03098,-21.29146,47960920000000.0,44981380000000.0,3986904000000.0,0.6915447,3.323692e-06,-1.524439e-06,-4.751241e-06,-1.461083e-06,1.579967e-06,-7.998781e-06,-6.807013e-06,5.642474e-06,42482420000000.0,3468574000000.0,0.5939617,3.086954e-06,-1.370401e-06,-4.366916e-06,-1.312033e-06,1.511381e-06,-7.383125e-06,-6.276095e-06,5.283757e-06,28065310000000.0,2104902000000.0,0.380845,2.303931e-06,-9.259824e-07,-3.161275e-06,-8.836246e-07,1.221009e-06,-5.412362e-06,-4.585762e-06,4.034553e-06,1335497000000.0,88910000000000.0,1.343967,20330000000000.0,-1.1286
404,0.5607,5.936293,5.637770000000004,2063.448,214.5577,204.7945,58.52449,35.86539,-439.9937,40848480000000.0,38253400000000.0,3150419000000.0,0.6550188,2.380348e-06,-1.197269e-07,-2.439305e-06,-7.799447e-08,2.109056e-06,-4.761729e-06,-3.910651e-06,5.033377e-06,33159350000000.0,2546658000000.0,0.546719,2.116323e-06,-1.028378e-07,-2.164787e-06,-6.605792e-08,1.877668e-06,-4.229564e-06,-3.472798e-06,4.477051e-06,18165560000000.0,1233244000000.0,0.3299873,1.34413e-06,-5.951333e-08,-1.368465e-06,-3.677038e-08,1.196341e-06,-2.67978e-06,-2.198967e-06,2.846192e-06,1308649000000.0,39060000000000.0,1.05093,6984000000000.0,-0.82467
405,0.5622,6.605388,6.304264000000005,2062.793,238.8698,229.4127,-122.2395,214.953,-180.083,31429300000000.0,26719710000000.0,2035304000000.0,0.5782884,1.545764e-06,5.323934e-07,-9.767637e-07,5.571779e-07,1.98002e-06,-2.482175e-06,-1.930945e-06,3.88444e-06,23259600000000.0,1613116000000.0,0.4851155,1.353747e-06,4.509048e-07,-8.705837e-07,4.724132e-07,1.718065e-06,-2.188975e-06,-1.706161e-06,3.385576e-06,15282140000000.0,846921300000.0,0.312103,9.082099e-07,2.774323e-07,-6.087656e-07,2.914924e-07,1.126357e-06,-1.49323e-06,-1.169206e-06,2.244433e-06,943740100000.0,75290000000000.0,1.13899,14590000000000.0,-0.893871
406,0.5644,7.107575,4.929084000000002,2072.34,258.4018,180.1059,24.11419,-140.8428,-21.12405,43443560000000.0,36619460000000.0,2970522000000.0,0.6428458,2.379702e-06,-2.916281e-08,-2.346718e-06,1.147892e-08,2.195718e-06,-4.666878e-06,-3.816473e-06,5.117464e-06,31333190000000.0,2390094000000.0,0.5354588,2.098255e-06,-2.475624e-08,-2.067861e-06,1.070594e-08,1.935803e-06,-4.113606e-06,-3.363661e-06,4.511384e-06,19030590000000.0,1238862000000.0,0.3339782,1.381475e-06,-1.47795e-08,-1.359279e-06,7.867028e-09,1.273809e-06,-2.706165e-06,-2.212185e-06,2.968404e-06,1228583000000.0,73240000000000.0,1.246307,15530000000000.0,-1.02
407,0.5605,6.030897,5.3989850000000015,2062.954,217.95,196.0548,132.2499,-151.3347,-293.2445,34697180000000.0,34601060000000.0,2361261000000.0,0.6893939,1.372242e-06,-4.0282e-07,-1.739618e-06,-3.763477e-07,8.85865e-07,-3.079355e-06,-2.588632e-06,2.570948e-06,32774900000000.0,1968018000000.0,0.5460418,1.245419e-06,-3.472538e-07,-1.560292e-06,-3.234255e-07,8.216788e-07,-2.776178e-06,-2.330755e-06,2.350674e-06,20183950000000.0,1137370000000.0,0.3446143,9.172568e-07,-2.333896e-07,-1.126482e-06,-2.161417e-07,6.265482e-07,-2.02195e-06,-1.69381e-06,1.752133e-06,1181972000000.0,37100000000000.0,0.8730886,5511000000000.0,-0.7476525
408,0.5622,5.135099,6.649736000000005,2066.764,185.73,241.922,-3.782737,699.5356,-245.8976,34697180000000.0,33351580000000.0,2434221000000.0,0.6235449,1.656298e-06,-1.504132e-07,-1.766831e-06,-1.203987e-07,1.40461e-06,-3.385072e-06,-2.792245e-06,3.442601e-06,30948730000000.0,2108944000000.0,0.539938,1.527389e-06,-1.345731e-07,-1.624937e-06,-1.070734e-07,1.298782e-06,-3.117146e-06,-2.570432e-06,3.177765e-06,20472300000000.0,1206596000000.0,0.3425401,1.084753e-06,-8.690155e-08,-1.144778e-06,-6.781115e-08,9.295184e-07,-2.204368e-06,-1.816014e-06,2.26305e-06,1086928000000.0,51320000000000.0,1.013581,8850000000000.0,-0.828729
410,0.5648,6.039821,5.199656999999999,2077.763,219.8418,190.1342,-150.5061,114.7626,-184.5464,50363770000000.0,49883200000000.0,4321340000000.0,0.7148563,3.528359e-06,1.25473e-06,-2.186247e-06,1.303991e-06,4.540599e-06,-5.620504e-06,-4.361383e-06,8.881311e-06,48057030000000.0,3930969000000.0,0.622184,3.369341e-06,1.163735e-06,-2.121758e-06,1.210366e-06,4.300194e-06,-5.401217e-06,-4.198717e-06,8.44458e-06,37580600000000.0,2755158000000.0,0.4187374,2.772542e-06,8.777584e-07,-1.824659e-06,9.149774e-07,3.454965e-06,-4.523187e-06,-3.533324e-06,6.863322e-06,1395732000000.0,76100000000000.0,1.281338,16590000000000.0,-1.11573
411,0.5646,5.5925,6.292406000000001,2074.324,203.1151,229.8232,-138.5887,147.2397,-16.85757,59782950000000.0,50844340000000.0,5038607000000.0,0.7166899,4.646247e-06,1.259647e-06,-3.268963e-06,1.325939e-06,5.585544e-06,-7.792423e-06,-6.133652e-06,1.129709e-05,41232930000000.0,3915083000000.0,0.5877727,4.035472e-06,1.055228e-06,-2.877298e-06,1.112001e-06,4.809892e-06,-6.8061e-06,-5.36513e-06,9.769286e-06,23836290000000.0,1874391000000.0,0.3603456,2.555236e-06,6.140739e-07,-1.874717e-06,6.487076e-07,2.987311e-06,-4.362372e-06,-3.449542e-06,6.125379e-06,1573124000000.0,55340000000000.0,1.343548,12650000000000.0,-1.088254
412,0.5646,5.950147,6.477751000000004,2072.809,216.0377,236.6262,-100.4593,-23.64837,-200.2452,61801340000000.0,34024380000000.0,3693627000000.0,0.6307974,3.115903e-06,9.19472e-07,-2.118346e-06,9.647081e-07,3.82307e-06,-5.152027e-06,-4.039808e-06,7.65474e-06,32198210000000.0,3192015000000.0,0.5427825,2.853651e-06,8.13067e-07,-1.968588e-06,8.539979e-07,3.470687e-06,-4.746918e-06,-3.728155e-06,6.979028e-06,27392510000000.0,2207704000000.0,0.3780459,2.26e-06,5.889422e-07,-1.613022e-06,6.203054e-07,2.690325e-06,-3.813332e-06,-3.006174e-06,5.467055e-06,1033320000000.0,174600000000000.0,1.463683,43480000000000.0,-1.311166
413,0.5675,6.331880000000001,6.763264999999996,2078.883,230.6817,248.0532,-950.4903,-42.33103,-281.6602,54496680000000.0,50459880000000.0,4683225000000.0,0.7143158,4.31059e-06,9.02594e-06,4.767849e-06,9.035262e-06,1.302372e-05,6.022379e-07,2.125724e-06,1.842024e-05,46807550000000.0,4040025000000.0,0.6119886,3.983514e-06,8.065165e-06,4.131146e-06,8.073089e-06,1.175707e-05,2.819113e-07,1.689917e-06,1.674251e-05,32390440000000.0,2528565000000.0,0.4023689,3.046975e-06,5.632107e-06,2.625127e-06,5.636588e-06,8.450342e-06,-3.185523e-07,7.587333e-07,1.226014e-05,1477465000000.0,121300000000000.0,1.567043,32340000000000.0,-1.31967
414,0.5671,6.727985,7.1496029999999955,2073.985,244.6643,261.956,-630.1592,62.50123,-867.9835,29795360000000.0,27296390000000.0,1762623000000.0,0.5872324,1.161052e-06,2.787551e-06,1.639732e-06,2.796903e-06,3.87683e-06,5.122872e-07,9.241028e-07,5.330751e-06,24989660000000.0,1492526000000.0,0.5064989,1.053794e-06,2.455444e-06,1.413902e-06,2.463815e-06,3.443599e-06,3.907396e-07,7.645018e-07,4.762845e-06,16051050000000.0,783988100000.0,0.3155654,7.040182e-07,1.487003e-06,7.917016e-07,1.492319e-06,2.146028e-06,1.084134e-07,3.581086e-07,3.026581e-06,965473500000.0,33450000000000.0,0.9007086,5126000000000.0,-0.70389
416,0.5673,5.704353,6.788450000000001,2080.908,207.8619,248.9405,-630.8036,21.81409,-1132.306,36715570000000.0,20087840000000.0,1322793000000.0,0.5285703,1.036072e-06,2.655719e-06,1.628731e-06,2.663796e-06,3.630135e-06,6.209313e-07,9.889474e-07,4.931335e-06,17877220000000.0,1013492000000.0,0.4448592,8.559202e-07,2.12714e-06,1.278987e-06,2.133705e-06,2.931632e-06,4.465828e-07,7.505837e-07,4.006196e-06,10572550000000.0,441546000000.0,0.2756313,4.812001e-07,1.103299e-06,6.268472e-07,1.106824e-06,1.554844e-06,1.590911e-07,3.299726e-07,2.158402e-06,795478500000.0,20760000000000.0,0.8400247,2967000000000.0,-0.6285413
417,0.5646,6.458815,6.970272000000006,2068.648,234.1865,254.5241,-135.953,97.00414,-1000.819,31813760000000.0,27200280000000.0,2119493000000.0,0.5816478,1.433705e-06,1.084589e-06,-3.223089e-07,1.10527e-06,2.431192e-06,-1.721074e-06,-1.20918e-06,4.208026e-06,25181890000000.0,1789390000000.0,0.5023093,1.304153e-06,9.583961e-07,-3.211019e-07,9.770574e-07,2.182718e-06,-1.593343e-06,-1.127703e-06,3.798585e-06,15666590000000.0,945829100000.0,0.3151022,8.604783e-07,5.729171e-07,-2.706721e-07,5.848559e-07,1.379283e-06,-1.109821e-06,-8.025728e-07,2.444475e-06,963705900000.0,51860000000000.0,0.9936199,8767000000000.0,-0.7870611
418,0.5641,5.925373,4.972882999999997,2076.814,215.5474,181.678,99.29339,18.03201,116.044,46999780000000.0,43635790000000.0,3835719000000.0,0.6821817,3.144044e-06,-8.352323e-07,-3.891448e-06,-7.783412e-07,2.101594e-06,-6.960487e-06,-5.834725e-06,5.951493e-06,38541740000000.0,3159123000000.0,0.5773548,2.799442e-06,-7.201711e-07,-3.440989e-06,-6.699615e-07,1.893352e-06,-6.173634e-06,-5.171121e-06,5.32056e-06,19703380000000.0,1404119000000.0,0.3388878,1.630262e-06,-3.868962e-07,-1.970706e-06,-3.583626e-07,1.132862e-06,-3.56205e-06,-2.978011e-06,3.127561e-06,1427327000000.0,52130000000000.0,1.206418,10700000000000.0,-0.972774
419,0.5658,5.359627,6.769515000000002,2077.383,194.8938,247.6748,-549.731,541.1575,-1325.044,56226730000000.0,47288120000000.0,4516296000000.0,0.6983765,4.171486e-06,6.030062e-06,1.911822e-06,6.059691e-06,9.924607e-06,-2.14858e-06,-6.623511e-07,1.513469e-05,41521280000000.0,3710609000000.0,0.5874654,3.757105e-06,5.249485e-06,1.541695e-06,5.275491e-06,8.754319e-06,-2.114646e-06,-7.760961e-07,1.34448e-05,27488620000000.0,2043553000000.0,0.3792897,2.626821e-06,3.3589e-06,7.690806e-07,3.37572e-06,5.803838e-06,-1.786062e-06,-8.502077e-07,9.079379e-06,1449381000000.0,61460000000000.0,1.360862,14230000000000.0,-1.104
420,0.5663,5.552782,6.747885999999999,2078.315,202.0514,247.0664,-620.2125,111.9492,-1233.936,77852390000000.0,71893320000000.0,7192352000000.0,0.8028744,8.001343e-06,1.040764e-05,2.529202e-06,1.043823e-05,1.780893e-05,-5.233875e-06,-2.388317e-06,2.777405e-05,67760420000000.0,6330789000000.0,0.6915244,7.512603e-06,9.477187e-06,2.082178e-06,9.504491e-06,1.642105e-05,-5.205883e-06,-2.533976e-06,2.577398e-05,48153150000000.0,4094783000000.0,0.4555099,5.930462e-06,6.827903e-06,9.956742e-07,6.845749e-06,1.229576e-05,-4.755687e-06,-2.645932e-06,1.967024e-05,1880729000000.0,158000000000000.0,1.965656,52840000000000.0,-1.702168
421,0.5658,6.401091,6.818062000000004,2073.119,232.5775,249.4222,-264.7646,56.45969,-484.2654,309487300000000.0,259027400000000.0,33809720000000.0,1.228909,8.583689e-05,2.018275e-05,-6.274926e-05,2.018077e-05,9.684444e-05,-0.0001461235,-0.0001152332,0.0002010583,228463100000000.0,28993930000000.0,1.038617,8.042705e-05,1.834713e-05,-5.932622e-05,1.831254e-05,9.007331e-05,-0.000137444,-0.00010849,0.0001876622,165796800000000.0,18235920000000.0,0.6866204,6.358266e-05,1.336385e-05,-4.796584e-05,1.325832e-05,6.982025e-05,-0.0001097182,-8.680336e-05,0.0001468343,4921521000000.0,117100000000000.0,4.033024,80350000000000.0,-3.527292
423,0.5653,6.218388,5.209771000000004,2078.373,226.4585,190.6257,-66.06027,-228.005,-172.925,53343310000000.0,37388370000000.0,3800173000000.0,0.6478111,3.400186e-06,8.46836e-07,-2.468388e-06,8.979102e-07,4.018601e-06,-5.779876e-06,-4.566001e-06,8.200089e-06,33928270000000.0,3066217000000.0,0.5505105,2.978785e-06,7.189971e-07,-2.184867e-06,7.632445e-07,3.496073e-06,-5.08592e-06,-4.022335e-06,7.158489e-06,21625660000000.0,1563271000000.0,0.3529517,1.93691e-06,4.309517e-07,-1.456355e-06,4.588158e-07,2.233793e-06,-3.342676e-06,-2.650816e-06,4.613694e-06,1206897000000.0,50990000000000.0,1.249528,10840000000000.0,-0.9917953
424,0.5663,5.631313,6.687484000000004,2078.028,204.8991,244.8336,-658.4789,-103.3008,-244.7143,54977250000000.0,46038640000000.0,4467140000000.0,0.691606,4.08633e-06,6.111151e-06,2.094259e-06,6.136505e-06,9.904156e-06,-1.863038e-06,-4.143988e-07,1.498673e-05,41617390000000.0,3803629000000.0,0.5882147,3.738466e-06,5.392041e-06,1.717944e-06,5.414529e-06,8.859721e-06,-1.902313e-06,-5.768209e-07,1.35082e-05,32198210000000.0,2479461000000.0,0.3984904,2.921265e-06,3.870997e-06,1.001657e-06,3.88717e-06,6.575896e-06,-1.826961e-06,-7.908523e-07,1.020548e-05,1346630000000.0,98760000000000.0,1.477143,24820000000000.0,-1.239
425,0.5661,6.598213,6.852593000000005,2072.843,239.7706,250.7625,-500.0967,-388.8005,-515.9153,30660390000000.0,28545880000000.0,2471796000000.0,0.595663,1.587988e-06,2.898112e-06,1.334657e-06,2.912801e-06,4.38355e-06,-2.064019e-07,3.569804e-07,6.362143e-06,27296390000000.0,2176304000000.0,0.5131101,1.483766e-06,2.620639e-06,1.160069e-06,2.634188e-06,4.007923e-06,-2.797427e-07,2.466823e-07,5.856228e-06,21529550000000.0,1525719000000.0,0.3587221,1.210598e-06,1.973042e-06,7.819372e-07,1.983714e-06,3.103502e-06,-3.925993e-07,3.695981e-08,4.610622e-06,930024700000.0,101400000000000.0,1.067131,18410000000000.0,-0.898326
426,0.5688,6.40334,5.012857999999997,2089.543,234.5032,184.4345,-116.795,-46.89219,-307.6958,30948730000000.0,27873080000000.0,2229342000000.0,0.5952324,1.513995e-06,6.847165e-07,-7.941153e-07,7.082736e-07,2.102269e-06,-2.26815e-06,-1.728452e-06,3.968757e-06,25374110000000.0,1865843000000.0,0.4978573,1.375408e-06,5.976419e-07,-7.456002e-07,6.188282e-07,1.884735e-06,-2.084685e-06,-1.594327e-06,3.579993e-06,18261670000000.0,1217714000000.0,0.3373589,1.069108e-06,4.240861e-07,-6.195984e-07,4.401437e-07,1.423208e-06,-1.660435e-06,-1.279159e-06,2.74022e-06,938486600000.0,107000000000000.0,1.124988,20480000000000.0,-0.93555
427,0.5685,6.188234,5.448273999999999,2087.97,226.3923,200.3136,-291.1582,-57.18283,-366.6709,30468160000000.0,29218680000000.0,2081696000000.0,0.5954232,1.385743e-06,1.409945e-06,5.240787e-08,1.428139e-06,2.706941e-06,-1.294504e-06,-8.017012e-07,4.422272e-06,27584740000000.0,1821446000000.0,0.5198408,1.282162e-06,1.266074e-06,1.01739e-08,1.282765e-06,2.465639e-06,-1.23603e-06,-7.800274e-07,4.052479e-06,19895610000000.0,1065745000000.0,0.3398899,9.187835e-07,8.333608e-07,-6.625028e-08,8.450059e-07,1.691897e-06,-9.592109e-07,-6.323623e-07,2.828415e-06,986714700000.0,51160000000000.0,0.9826294,8553000000000.0,-0.7966268
429,0.5707,5.360315,6.385057999999997,2094.099,196.4873,235.3672,-630.4064,115.0215,-412.939,63915850000000.0,63050830000000.0,6494596000000.0,0.7804528,6.17357e-06,7.814311e-06,1.753167e-06,7.84987e-06,1.352864e-05,-4.227648e-06,-2.036257e-06,2.119371e-05,61032430000000.0,5826521000000.0,0.6688888,5.870622e-06,7.211947e-06,1.449306e-06,7.244868e-06,1.264279e-05,-4.237806e-06,-2.153736e-06,1.992992e-05,46903660000000.0,4095189000000.0,0.4504289,4.886549e-06,5.525723e-06,7.317506e-07,5.550811e-06,1.003832e-05,-4.001579e-06,-2.266264e-06,1.609935e-05,1682827000000.0,88620000000000.0,1.529429,23060000000000.0,-1.31472
430,0.5695,6.21238,5.389027000000003,2090.943,227.6062,198.4134,-471.5186,-151.1691,-410.7253,38445630000000.0,29987590000000.0,2618775000000.0,0.5983037,2.20992e-06,2.962448e-06,7.924123e-07,2.984052e-06,5.024534e-06,-1.351772e-06,-5.673005e-07,7.768939e-06,25758570000000.0,1966211000000.0,0.5011795,1.876372e-06,2.451974e-06,6.097472e-07,2.470083e-06,4.202018e-06,-1.210756e-06,-5.446293e-07,6.531735e-06,13263740000000.0,746418300000.0,0.2989128,9.746497e-07,1.20153e-06,2.449542e-07,1.21065e-06,2.10958e-06,-7.006119e-07,-3.545332e-07,3.319146e-06,1150924000000.0,23030000000000.0,1.007337,3947000000000.0,-0.705969
431,0.57,6.626906,5.044116999999999,2092.258,243.0783,185.9145,-149.2712,-123.8448,-671.8962,46807550000000.0,34120490000000.0,3130807000000.0,0.6280482,2.571118e-06,1.45986e-06,-1.054877e-06,1.49546e-06,3.862798e-06,-3.5586e-06,-2.641532e-06,7.037303e-06,32005980000000.0,2627031000000.0,0.5424449,2.315758e-06,1.275377e-06,-9.891884e-07,1.307106e-06,3.438504e-06,-3.244147e-06,-2.418089e-06,6.297049e-06,20760640000000.0,1386147000000.0,0.34615,1.543989e-06,7.782086e-07,-7.308109e-07,7.986596e-07,2.218031e-06,-2.234083e-06,-1.683161e-06,4.122533e-06,1132459000000.0,57440000000000.0,1.192102,11650000000000.0,-0.9599
432,0.5683,5.948818000000001,6.848390000000002,2082.493,216.9982,251.4604,-584.7288,-89.3382,-998.9822,53247190000000.0,49114290000000.0,4938692000000.0,0.7054019,4.568499e-06,6.552335e-06,2.055268e-06,6.576754e-06,1.079052e-05,-2.37631e-06,-7.531287e-07,1.647959e-05,45461950000000.0,4380589000000.0,0.6069741,4.303055e-06,5.966887e-06,1.732275e-06,5.989123e-06,9.955967e-06,-2.441388e-06,-9.124244e-07,1.531263e-05,33736040000000.0,3014713000000.0,0.4037624,3.491794e-06,4.392839e-06,9.594222e-07,4.408905e-06,7.622616e-06,-2.426433e-06,-1.185422e-06,1.196479e-05,1408598000000.0,220200000000000.0,1.704564,63860000000000.0,-1.48896
433,0.5695,5.087851,6.063304999999994,2092.898,186.3388,223.19,-272.3121,300.0396,-340.3413,30660390000000.0,27296390000000.0,2237861000000.0,0.5820522,1.47717e-06,1.284702e-06,-1.618084e-07,1.305222e-06,2.668258e-06,-1.598698e-06,-1.072914e-06,4.495506e-06,25758570000000.0,1934935000000.0,0.5064942,1.363182e-06,1.151746e-06,-1.829631e-07,1.170532e-06,2.428022e-06,-1.508936e-06,-1.023689e-06,4.113972e-06,17300530000000.0,1124149000000.0,0.3227447,9.793319e-07,7.503568e-07,-2.080567e-07,7.634525e-07,1.665898e-06,-1.16057e-06,-8.118631e-07,2.876342e-06,931898900000.0,72400000000000.0,1.026149,12640000000000.0,-0.831303
434,0.568,6.377489,6.9074330000000055,2080.004,232.4824,253.551,-738.6262,36.28982,-1056.292,48249260000000.0,42674650000000.0,3882244000000.0,0.6763497,3.251233e-06,6.812011e-06,3.59571e-06,6.827838e-06,9.846224e-06,4.423766e-07,1.595129e-06,1.392108e-05,38061170000000.0,3185825000000.0,0.5721121,2.929122e-06,5.94252e-06,3.045714e-06,5.95633e-06,8.674289e-06,2.052027e-07,1.243743e-06,1.234414e-05,21241210000000.0,1537199000000.0,0.3478998,1.919477e-06,3.543181e-06,1.646545e-06,3.551278e-06,5.32956e-06,-2.141235e-07,4.664795e-07,7.731848e-06,1397168000000.0,43160000000000.0,1.166128,8563000000000.0,-0.922383
436,0.5737,6.286995,6.799731000000002,2098.131,231.1538,251.6907,-680.8184,-78.81021,-812.909,36042770000000.0,26911940000000.0,2046880000000.0,0.575642,1.473812e-06,3.582125e-06,2.124872e-06,3.59249e-06,4.962735e-06,6.951062e-07,1.217367e-06,6.809034e-06,22106240000000.0,1603546000000.0,0.4753728,1.288243e-06,3.011319e-06,1.73793e-06,3.02018e-06,4.217276e-06,4.883761e-07,9.448742e-07,5.830525e-06,15089910000000.0,864874900000.0,0.3080114,8.797706e-07,1.877845e-06,1.008832e-06,1.883552e-06,2.700048e-06,1.557636e-07,4.67525e-07,3.800826e-06,954566500000.0,42200000000000.0,0.9673009,6945000000000.0,-0.766755
439,0.5745,5.166212,5.163506000000005,2111.609,190.916,191.5938,199.8233,-123.5729,-582.9337,38926200000000.0,37484490000000.0,3071809000000.0,0.6482429,2.346818e-06,-8.048069e-07,-3.087802e-06,-7.614268e-07,1.390226e-06,-5.381685e-06,-4.540214e-06,4.265711e-06,35658320000000.0,2744661000000.0,0.5610768,2.217364e-06,-7.359666e-07,-2.892669e-06,-6.95283e-07,1.336956e-06,-5.059936e-06,-4.264814e-06,4.053244e-06,25662460000000.0,1800775000000.0,0.3674842,1.766541e-06,-5.296247e-07,-2.246885e-06,-4.980464e-07,1.11905e-06,-3.97332e-06,-3.33966e-06,3.281518e-06,1175513000000.0,121000000000000.0,1.293563,26630000000000.0,-1.11276
441,0.5737,4.980133,4.902858999999995,2110.301,183.8901,181.7087,220.1293,75.23925,-484.8639,87271570000000.0,55169470000000.0,6275770000000.0,0.7311818,7.151522e-06,-2.343373e-06,-9.279656e-06,-2.219675e-06,4.302109e-06,-1.626967e-05,-1.370076e-05,1.303026e-05,42962990000000.0,4537757000000.0,0.5927466,5.777008e-06,-1.837222e-06,-7.439132e-06,-1.73852e-06,3.527084e-06,-1.308555e-05,-1.101003e-05,1.057562e-05,26335250000000.0,2084481000000.0,0.3707713,3.399437e-06,-1.002503e-06,-4.296913e-06,-9.464257e-07,2.147677e-06,-7.619321e-06,-6.397409e-06,6.291958e-06,1665566000000.0,51050000000000.0,1.594615,13850000000000.0,-1.26324
446,0.5759,5.743654,5.376742000000002,2113.02,212.5335,199.8772,4.633746,-299.1002,-328.5729,32678780000000.0,9995863000000.0,382520800000.0,0.4190964,3.552271e-07,7.476257e-08,-2.723029e-07,8.113429e-08,4.089221e-07,-6.186746e-07,-4.919411e-07,8.468953e-07,8361924000000.0,284829800000.0,0.3617628,2.848264e-07,5.908038e-08,-2.19184e-07,6.41738e-08,3.269621e-07,-4.969066e-07,-3.952861e-07,6.781062e-07,4805703000000.0,103905800000.0,0.2238614,1.327715e-07,2.630338e-08,-1.033819e-07,2.86535e-08,1.51095e-07,-2.328371e-07,-1.854608e-07,3.147354e-07,485099200000.0,7023000000000.0,0.7006617,837200000000.0,-0.4654003
450,0.5774,5.699909,5.555854000000004,2117.672,211.3684,207.0159,-175.637,-350.1951,-662.9019,94864580000000.0,83330900000000.0,9724236000000.0,0.8430972,1.141888e-05,4.882725e-06,-6.254443e-06,4.995643e-06,1.542992e-05,-1.736291e-05,-1.328269e-05,2.9476e-05,72277780000000.0,7955013000000.0,0.7085803,1.030324e-05,4.287401e-06,-5.759419e-06,4.387228e-06,1.379731e-05,-1.578227e-05,-1.210012e-05,2.646728e-05,45942520000000.0,4112669000000.0,0.4457354,6.910568e-06,2.66999e-06,-4.064207e-06,2.732838e-06,9.034949e-06,-1.078615e-05,-8.31532e-06,1.752542e-05,2294100000000.0,47310000000000.0,1.710735,13770000000000.0,-1.3662
454,0.5762,5.965685,4.803591999999999,2115.18,221.0336,178.718,-61.10646,-166.9589,-724.0396,50844340000000.0,42194080000000.0,4257427000000.0,0.6687198,3.623512e-06,1.140697e-06,-2.397077e-06,1.192541e-06,4.520956e-06,-5.928909e-06,-4.634084e-06,8.983565e-06,36523350000000.0,3437464000000.0,0.5613422,3.210457e-06,9.804395e-07,-2.153426e-06,1.025845e-06,3.973574e-06,-5.282515e-06,-4.13517e-06,7.926445e-06,23163490000000.0,1816368000000.0,0.3557177,2.163115e-06,6.090536e-07,-1.501268e-06,6.386223e-07,2.622284e-06,-3.609322e-06,-2.836027e-06,5.283652e-06,1347257000000.0,80630000000000.0,1.35587,18600000000000.0,-1.10286
455,0.5787,5.539955,5.395587000000001,2122.208,205.8391,201.3835,-203.3738,-66.56197,-622.3598,144843900000000.0,62281910000000.0,6104460000000.0,0.7596817,1.041382e-05,4.830371e-06,-5.330459e-06,4.941421e-06,1.447052e-05,-1.546006e-05,-1.174165e-05,2.728816e-05,57187870000000.0,5095643000000.0,0.6524395,9.031368e-06,4.089282e-06,-4.721098e-06,4.184105e-06,1.24448e-05,-1.350578e-05,-1.028058e-05,2.355817e-05,37676710000000.0,2875865000000.0,0.4178482,5.638805e-06,2.375801e-06,-3.121776e-06,2.431909e-06,7.582497e-06,-8.606197e-06,-6.591633e-06,1.451564e-05,1738288000000.0,89680000000000.0,1.867889,28500000000000.0,-1.708111
456,0.5802,7.189244,6.29266,2116.809,267.0114,235.273,-467.6212,247.3515,-589.6913,32774900000000.0,27680850000000.0,2329500000000.0,0.5791285,1.65487e-06,2.387184e-06,7.606916e-07,2.40472e-06,3.935244e-06,-8.468142e-07,-2.588732e-07,5.99226e-06,25566340000000.0,1969748000000.0,0.5005668,1.510009e-06,2.114646e-06,6.307973e-07,2.130458e-06,3.526508e-06,-8.359059e-07,-2.994019e-07,5.403033e-06,17588870000000.0,1119135000000.0,0.3236855,1.061041e-06,1.349979e-06,3.079517e-07,1.360623e-06,2.340384e-06,-7.224715e-07,-3.454023e-07,3.657943e-06,939211300000.0,82170000000000.0,1.124452,15720000000000.0,-0.90486
457,0.5832,5.360218,5.441831999999997,2136.968,200.506,204.4714,-178.8992,-242.0312,-551.2797,50459880000000.0,38541740000000.0,3280455000000.0,0.6470262,2.910477e-06,1.77146e-06,-1.074476e-06,1.809479e-06,4.486934e-06,-3.906689e-06,-2.869084e-06,8.079734e-06,35177750000000.0,2713386000000.0,0.5552983,2.600033e-06,1.53367e-06,-1.008227e-06,1.567214e-06,3.958085e-06,-3.538257e-06,-2.611223e-06,7.166862e-06,20376180000000.0,1362263000000.0,0.3406223,1.663322e-06,8.902312e-07,-7.348791e-07,9.107766e-07,2.438149e-06,-2.353254e-06,-1.759963e-06,4.489191e-06,1252992000000.0,58680000000000.0,1.292116,12900000000000.0,-1.03653
458,0.5802,7.143949000000001,5.727794999999996,2119.555,265.6557,214.2615,-342.3167,111.4985,-302.7039,68433220000000.0,63723630000000.0,6646816000000.0,0.7660167,6.209758e-06,4.283532e-06,-1.784957e-06,4.346911e-06,1.004207e-05,-7.817085e-06,-5.60504e-06,1.770356e-05,57860670000000.0,5797948000000.0,0.6552969,5.77043e-06,3.856077e-06,-1.782034e-06,3.913965e-06,9.203909e-06,-7.387306e-06,-5.331463e-06,1.632157e-05,37868940000000.0,3414329000000.0,0.4183544,4.192185e-06,2.562926e-06,-1.530741e-06,2.602649e-06,6.440492e-06,-5.60275e-06,-4.108494e-06,1.16073e-05,1722450000000.0,66030000000000.0,1.451826,16310000000000.0,-1.233
459,0.5847,5.135578,5.341157999999997,2143.083,192.6065,201.1682,-317.606,37.38081,-679.9608,41136820000000.0,36523350000000.0,3290518000000.0,0.6370685,2.576338e-06,2.419718e-06,-1.054989e-07,2.449549e-06,4.824713e-06,-2.610359e-06,-1.693255e-06,8.01522e-06,33832150000000.0,2736849000000.0,0.5459849,2.315573e-06,2.114184e-06,-1.550438e-07,2.140681e-06,4.274657e-06,-2.406273e-06,-1.581928e-06,7.141583e-06,20568410000000.0,1398445000000.0,0.3433392,1.49938e-06,1.263351e-06,-2.052531e-07,1.279884e-06,2.660143e-06,-1.662792e-06,-1.128874e-06,4.515271e-06,1192852000000.0,70090000000000.0,1.236909,14750000000000.0,-0.985149
461,0.5844,5.055654,5.139275999999998,2142.745,189.5633,193.4682,-361.2827,-117.7383,-422.0618,76891250000000.0,56418960000000.0,5260586000000.0,0.7327621,5.226207e-06,4.262369e-06,-8.507387e-07,4.312943e-06,9.111699e-06,-5.925675e-06,-4.065309e-06,1.556948e-05,50267660000000.0,4406761000000.0,0.6216632,4.712875e-06,3.707541e-06,-9.022775e-07,3.752155e-06,8.077271e-06,-5.478612e-06,-3.800698e-06,1.389893e-05,32871010000000.0,2494288000000.0,0.3975302,3.349755e-06,2.390613e-06,-8.836905e-07,2.42024e-06,5.48961e-06,-4.136163e-06,-2.942958e-06,9.623659e-06,1638406000000.0,82730000000000.0,1.59569,22460000000000.0,-1.36
462,0.5852,5.943856,6.237757999999996,2138.219,222.6177,234.974,-335.3684,-437.9605,-512.6174,44500810000000.0,37868940000000.0,3409391000000.0,0.6415765,2.862422e-06,3.008114e-06,2.013605e-07,3.037998e-06,5.676041e-06,-2.579705e-06,-1.561356e-06,9.222992e-06,33639920000000.0,2881914000000.0,0.54569,2.616303e-06,2.650763e-06,8.592471e-08,2.677614e-06,5.087678e-06,-2.455873e-06,-1.524986e-06,8.328694e-06,25181890000000.0,1820753000000.0,0.3636867,2.014578e-06,1.864373e-06,-1.09406e-07,1.884086e-06,3.737503e-06,-2.066356e-06,-1.349344e-06,6.231176e-06,1179618000000.0,176000000000000.0,1.513154,45310000000000.0,-1.28304
463,0.5839,5.962999,6.165053999999995,2134.285,222.929,231.7947,32.60618,-303.3682,-330.7563,64684770000000.0,38349510000000.0,4479486000000.0,0.6445314,5.134492e-06,3.60775e-07,-4.637864e-06,4.388452e-07,5.14033e-06,-9.643538e-06,-7.806837e-06,1.144058e-05,32294330000000.0,3316366000000.0,0.5370619,4.300697e-06,2.946442e-07,-3.891569e-06,3.593494e-07,4.295824e-06,-8.084308e-06,-6.545668e-06,9.571788e-06,17300530000000.0,1276561000000.0,0.3236044,2.310052e-06,1.479772e-07,-2.09952e-06,1.816707e-07,2.293729e-06,-4.3515e-06,-3.524727e-06,5.125814e-06,1296980000000.0,35670000000000.0,1.3347,8100000000000.0,-0.983169
465,0.5907,6.961149,6.288256000000003,2151.348,262.6717,238.8252,-243.0297,-105.2303,-454.7181,31140960000000.0,28738110000000.0,2373815000000.0,0.5926806,1.429403e-06,1.389148e-06,-1.12148e-08,1.408717e-06,2.728358e-06,-1.401305e-06,-8.927418e-07,4.497637e-06,26911940000000.0,2044656000000.0,0.506383,1.319513e-06,1.240835e-06,-5.16837e-08,1.258746e-06,2.476559e-06,-1.334864e-06,-8.653641e-07,4.109512e-06,18934470000000.0,1246768000000.0,0.3311857,9.913033e-07,8.514535e-07,-1.191578e-07,8.645598e-07,1.778617e-06,-1.083084e-06,-7.302815e-07,3.004714e-06,961002300000.0,51480000000000.0,0.9153247,8017000000000.0,-0.747648
467,0.5907,5.030237,5.821856999999996,2160.759,190.191,221.1665,-118.916,-62.75635,-627.6805,74488400000000.0,69106010000000.0,7300829000000.0,0.7813069,7.89389e-06,2.504459e-06,-5.18672e-06,2.594955e-06,9.80749e-06,-1.287154e-05,-1.004902e-05,1.950412e-05,64300310000000.0,6391122000000.0,0.6737345,7.408158e-06,2.283218e-06,-4.933243e-06,2.366772e-06,9.132364e-06,-1.214501e-05,-9.495791e-06,1.822986e-05,47960920000000.0,4163701000000.0,0.450284,5.865081e-06,1.660807e-06,-4.048841e-06,1.723453e-06,7.071868e-06,-9.758026e-06,-7.659622e-06,1.426814e-05,1809886000000.0,122700000000000.0,1.877295,39190000000000.0,-1.58499
468,0.588,6.609584,6.569249999999998,2142.466,248.255,248.3775,-221.2402,-129.1316,-544.6116,40079570000000.0,26046910000000.0,2215364000000.0,0.571212,1.543146e-06,1.342725e-06,-1.685949e-07,1.363341e-06,2.786724e-06,-1.669707e-06,-1.120297e-06,4.695802e-06,24124630000000.0,1857970000000.0,0.4863594,1.381299e-06,1.156662e-06,-1.9588e-07,1.174894e-06,2.44845e-06,-1.539493e-06,-1.047656e-06,4.156859e-06,18357790000000.0,1155751000000.0,0.3271023,1.025044e-06,7.832566e-07,-2.199492e-07,7.963673e-07,1.740443e-06,-1.216924e-06,-8.518395e-07,3.007408e-06,875957600000.0,97320000000000.0,1.146898,18990000000000.0,-0.9683699
469,0.592,5.70277,6.338408000000003,2159.607,215.6629,241.0814,-148.0876,-62.30819,-491.4863,120046500000000.0,98901370000000.0,10383280000000.0,0.8802322,1.378811e-05,3.99886e-06,-9.410275e-06,4.128071e-06,1.666962e-05,-2.282472e-05,-1.788986e-05,3.356521e-05,87463800000000.0,8960830000000.0,0.7457344,1.277416e-05,3.57037e-06,-8.849058e-06,3.686457e-06,1.529768e-05,-2.127676e-05,-1.670371e-05,3.094452e-05,61897460000000.0,5735686000000.0,0.4902741,9.954596e-06,2.531571e-06,-7.138602e-06,2.613976e-06,1.164452e-05,-1.682268e-05,-1.325653e-05,2.38238e-05,2437919000000.0,142300000000000.0,2.352702,56960000000000.0,-2.06019
470,0.593,6.167872,6.673173999999998,2160.049,233.431,254.1936,100.416,-81.75638,-803.2979,30564270000000.0,13936540000000.0,819745000000.0,0.460078,8.389155e-07,8.563968e-09,-8.114984e-07,2.38986e-08,7.98127e-07,-1.631341e-06,-1.331199e-06,1.832498e-06,11918140000000.0,602790500000.0,0.3905206,6.91273e-07,6.912407e-09,-6.687389e-07,1.949149e-08,6.573077e-07,-1.344261e-06,-1.096936e-06,1.509503e-06,7016327000000.0,230953900000.0,0.2403103,3.565664e-07,3.376996e-09,-3.450116e-07,9.784149e-09,3.385601e-07,-6.934083e-07,-5.658256e-07,7.779458e-07,600386100000.0,15250000000000.0,0.792034,2055000000000.0,-0.549648
473,0.592,4.853649,5.767428000000005,2165.078,183.8484,219.4641,-437.0559,114.2426,-719.7761,43443560000000.0,36235000000000.0,3223265000000.0,0.6331153,2.505169e-06,3.157013e-06,6.96401e-07,3.181811e-06,5.494977e-06,-1.737051e-06,-8.464625e-07,8.606085e-06,31717640000000.0,2663479000000.0,0.5344449,2.244627e-06,2.730445e-06,5.262612e-07,2.752282e-06,4.823887e-06,-1.653951e-06,-8.559181e-07,7.610592e-06,20760640000000.0,1490036000000.0,0.3412212,1.556004e-06,1.716878e-06,1.899509e-07,1.731218e-06,3.16526e-06,-1.321117e-06,-7.677537e-07,5.095337e-06,1177275000000.0,80650000000000.0,1.260792,17300000000000.0,-1.02663
474,0.5935,5.952458,6.582729,2162.755,225.5005,250.9316,-144.7264,-7.114704,-507.1972,31813760000000.0,28641990000000.0,2309047000000.0,0.5821021,1.553054e-06,9.227038e-07,-5.959708e-07,9.454631e-07,2.376352e-06,-2.107912e-06,-1.554358e-06,4.29364e-06,25662460000000.0,2007173000000.0,0.5043757,1.438867e-06,8.284217e-07,-5.783833e-07,8.49327e-07,2.174579e-06,-1.979119e-06,-1.466221e-06,3.950552e-06,20472300000000.0,1303187000000.0,0.3390962,1.112119e-06,5.839692e-07,-5.028691e-07,5.996869e-07,1.622951e-06,-1.585429e-06,-1.188892e-06,2.994793e-06,940603000000.0,79110000000000.0,1.083991,14590000000000.0,-0.886446
475,0.5945,6.60396,6.915293000000003,2161.355,250.2287,263.889,-118.123,6.056306,-701.4408,34985520000000.0,27776970000000.0,2369263000000.0,0.5789292,1.644835e-06,9.650131e-07,-6.446662e-07,9.89285e-07,2.506071e-06,-2.247176e-06,-1.660495e-06,4.53828e-06,24701320000000.0,1936707000000.0,0.4895818,1.453855e-06,8.214331e-07,-6.010419e-07,8.426538e-07,2.182738e-06,-2.017397e-06,-1.498792e-06,3.978498e-06,18069440000000.0,1137912000000.0,0.3253067,1.039311e-06,5.386064e-07,-4.777509e-07,5.533638e-07,1.510321e-06,-1.490118e-06,-1.119302e-06,2.793202e-06,937472600000.0,57990000000000.0,1.048019,10340000000000.0,-0.836451
477,0.5943,5.106969,5.998624,2170.487,193.977,228.9837,-177.9789,-162.7589,-459.0594,64876990000000.0,57283980000000.0,5394164000000.0,0.7345281,5.169483e-06,2.479885e-06,-2.565522e-06,2.541805e-06,7.280354e-06,-7.594359e-06,-5.749772e-06,1.364626e-05,50363770000000.0,4575419000000.0,0.6203592,4.766555e-06,2.206295e-06,-2.444865e-06,2.262448e-06,6.629509e-06,-7.081628e-06,-5.380546e-06,1.249755e-05,34601060000000.0,2813076000000.0,0.4048193,3.648166e-06,1.537857e-06,-2.019821e-06,1.578743e-06,4.916411e-06,-5.568434e-06,-4.265874e-06,9.403903e-06,1640040000000.0,93200000000000.0,1.584184,25120000000000.0,-1.341
478,0.5943,6.272004,6.602280000000005,2163.235,237.7536,251.8898,-312.1887,-237.6694,-310.9219,59494610000000.0,49787090000000.0,5347642000000.0,0.6990432,5.124953e-06,3.714532e-06,-1.294689e-06,3.765207e-06,8.465257e-06,-6.27249e-06,-4.446992e-06,1.478971e-05,44981380000000.0,4634595000000.0,0.601668,4.749682e-06,3.329033e-06,-1.312416e-06,3.375063e-06,7.728823e-06,-5.925628e-06,-4.233527e-06,1.35885e-05,33255470000000.0,2994028000000.0,0.3978652,3.667463e-06,2.333548e-06,-1.247995e-06,2.366813e-06,5.723404e-06,-4.80988e-06,-3.502651e-06,1.024388e-05,1433868000000.0,247900000000000.0,1.858837,78400000000000.0,-1.6038
482,0.5984,5.090148,5.121468999999994,2186.476,194.7589,196.7395,-459.649,-212.5004,-329.7922,82561980000000.0,44404700000000.0,4477255000000.0,0.6728117,5.386139e-06,5.948937e-06,6.678247e-07,5.997623e-06,1.095695e-05,-4.557552e-06,-2.643957e-06,1.763263e-05,40752360000000.0,3688896000000.0,0.5783648,4.680962e-06,5.060769e-06,4.716551e-07,5.102574e-06,9.411402e-06,-4.069503e-06,-2.406311e-06,1.521211e-05,24893540000000.0,1835078000000.0,0.3609209,2.830345e-06,2.845656e-06,7.218298e-08,2.869719e-06,5.472209e-06,-2.673452e-06,-1.667469e-06,8.977323e-06,1373437000000.0,49670000000000.0,1.317052,11130000000000.0,-1.127061
483,0.5979,5.106855000000001,5.198966999999994,2184.326,195.2093,199.5416,-296.9301,26.11457,-795.4775,64011970000000.0,52382170000000.0,4842055000000.0,0.7133579,5.247491e-06,3.439159e-06,-1.693308e-06,3.490724e-06,8.305471e-06,-6.79507e-06,-4.923827e-06,1.478497e-05,23932400000000.0,2262087000000.0,0.4829468,3.237369e-06,2.050855e-06,-1.114665e-06,2.081897e-06,5.05046e-06,-4.261967e-06,-3.107335e-06,9.046412e-06,14224880000000.0,819751200000.0,0.3001961,1.620521e-06,9.906845e-07,-5.933798e-07,1.005788e-06,2.490729e-06,-2.168733e-06,-1.590649e-06,4.490142e-06,1845947000000.0,25280000000000.0,1.420116,6108000000000.0,-0.99099
485,0.5973,5.195608,5.294727999999995,2182.186,198.4259,203.0671,-260.6999,-313.8641,-692.7537,75930110000000.0,72854460000000.0,7010784000000.0,0.8017802,6.8807e-06,4.454641e-06,-2.271921e-06,4.522187e-06,1.083101e-05,-8.961733e-06,-6.507447e-06,1.932162e-05,66414820000000.0,6066210000000.0,0.6789911,6.399921e-06,4.005001e-06,-2.25007e-06,4.06656e-06,9.931532e-06,-8.47215e-06,-6.189045e-06,1.78264e-05,43347440000000.0,3727864000000.0,0.4353475,4.864229e-06,2.768381e-06,-1.982304e-06,2.812122e-06,7.26258e-06,-6.710774e-06,-4.974727e-06,1.325722e-05,1973627000000.0,116700000000000.0,1.761273,34970000000000.0,-1.52559
488,0.6063,5.040779,7.149695999999994,2203.569,194.3678,277.4834,60.87398,-203.0749,14.24324,71220520000000.0,62474140000000.0,6188713000000.0,0.7499534,7.038199e-06,-5.347558e-07,-7.368972e-06,-4.284832e-07,5.990991e-06,-1.423401e-05,-1.171163e-05,1.459699e-05,55169470000000.0,4893416000000.0,0.6378814,6.28005e-06,-4.650774e-07,-6.562047e-06,-3.713826e-07,5.354144e-06,-1.268756e-05,-1.043652e-05,1.303126e-05,22586810000000.0,1616183000000.0,0.3491019,3.445887e-06,-2.346273e-07,-3.577969e-06,-1.854238e-07,2.951423e-06,-6.938987e-06,-5.70314e-06,7.160268e-06,2006670000000.0,35100000000000.0,1.560836,9321000000000.0,-1.149
489,0.6112,5.443414,4.910755999999999,2225.588,212.0816,192.0873,-153.6506,-77.77353,-468.44,71412750000000.0,69490470000000.0,6964168000000.0,0.7952454,6.905253e-06,2.403478e-06,-4.324234e-06,2.482011e-06,8.791495e-06,-1.104363e-05,-8.576016e-06,1.727437e-05,66414820000000.0,6170162000000.0,0.6766331,6.518595e-06,2.196348e-06,-4.153383e-06,2.269252e-06,8.222664e-06,-1.049641e-05,-8.16661e-06,1.622837e-05,47960920000000.0,4124155000000.0,0.4475803,5.251774e-06,1.619062e-06,-3.493555e-06,1.674728e-06,6.464285e-06,-8.603625e-06,-6.725682e-06,1.290881e-05,1839413000000.0,119700000000000.0,1.786366,36380000000000.0,-1.54539
490,0.6102,5.505804,7.174036999999995,2213.035,213.3173,279.8436,2.576374,-225.5225,-133.0261,30756500000000.0,29122560000000.0,2305233000000.0,0.5824993,1.424222e-06,1.525461e-07,-1.236171e-06,1.768172e-07,1.486371e-06,-2.624369e-06,-2.115865e-06,3.237882e-06,27680850000000.0,2060848000000.0,0.5114874,1.339178e-06,1.392234e-07,-1.166423e-06,1.618986e-07,1.392928e-06,-2.471716e-06,-1.993534e-06,3.039602e-06,20760640000000.0,1347480000000.0,0.3383352,1.045054e-06,9.888897e-08,-9.196051e-07,1.161872e-07,1.075964e-06,-1.938192e-06,-1.564913e-06,2.360308e-06,947065700000.0,74910000000000.0,1.019228,12990000000000.0,-0.851796
493,0.6136,4.894462,6.323833999999996,2229.817,190.9457,248.0174,-44.80223,-101.8202,-61.51605,30179820000000.0,14801570000000.0,789102200000.0,0.4656693,4.778089e-07,1.130996e-07,-3.534564e-07,1.216951e-07,5.624027e-07,-8.189832e-07,-6.486727e-07,1.151203e-06,11437570000000.0,564310900000.0,0.3779698,3.759151e-07,8.564367e-08,-2.8137e-07,9.235585e-08,4.389709e-07,-6.476208e-07,-5.136136e-07,9.021254e-07,7593011000000.0,259241000000.0,0.2423577,2.136468e-07,4.515852e-08,-1.633719e-07,4.891347e-08,2.457765e-07,-3.715246e-07,-2.953445e-07,5.089061e-07,617965400000.0,20360000000000.0,0.7367238,2552000000000.0,-0.546183
495,0.6133,5.108794,5.795355,2230.172,199.3826,227.2527,-25.428,-29.93599,-406.8079,41040710000000.0,36715570000000.0,3029183000000.0,0.6270169,2.056277e-06,3.947518e-07,-1.611403e-06,4.284787e-07,2.319514e-06,-3.615483e-06,-2.881345e-06,4.850114e-06,32582670000000.0,2530033000000.0,0.5364674,1.850082e-06,3.441754e-07,-1.46055e-06,3.742725e-07,2.075117e-06,-3.263638e-06,-2.603047e-06,4.35152e-06,17396650000000.0,1158148000000.0,0.3186683,1.157538e-06,1.960412e-07,-9.325857e-07,2.143591e-07,1.277362e-06,-2.060665e-06,-1.647208e-06,2.700735e-06,1216387000000.0,37620000000000.0,1.013351,6486000000000.0,-0.804771
497,0.6149,5.041824,6.3085019999999945,2232.846,196.9912,247.8026,-348.7672,-218.6826,-257.3293,46423090000000.0,17973330000000.0,1346013000000.0,0.5064747,8.959658e-07,1.176313e-06,2.973502e-07,1.187683e-06,2.015958e-06,-5.729775e-07,-2.547461e-07,3.127194e-06,15666590000000.0,993912900000.0,0.4191616,7.183492e-07,9.117076e-07,2.071046e-07,9.207255e-07,1.584568e-06,-4.906682e-07,-2.354989e-07,2.475322e-06,10668660000000.0,490609600000.0,0.2724509,4.38169e-07,5.173385e-07,8.770833e-08,5.22704e-07,9.27304e-07,-3.37884e-07,-1.822047e-07,1.470376e-06,686221800000.0,36230000000000.0,0.9099529,5609000000000.0,-0.7506
498,0.6123,6.025283,7.174045000000001,2217.49,234.057,280.6642,144.558,-55.07402,81.93591,47384230000000.0,27392510000000.0,2299127000000.0,0.5683212,1.668343e-06,-7.438208e-07,-2.366472e-06,-7.109908e-07,8.205979e-07,-3.995787e-06,-3.398636e-06,2.864951e-06,24701320000000.0,2000415000000.0,0.4996618,1.529392e-06,-6.620993e-07,-2.149428e-06,-6.321892e-07,7.714341e-07,-3.643036e-06,-3.095563e-06,2.645218e-06,18165560000000.0,1190743000000.0,0.3236007,1.08695e-06,-4.240746e-07,-1.480656e-06,-4.033151e-07,5.931674e-07,-2.542156e-06,-2.152909e-06,1.92407e-06,919566500000.0,86300000000000.0,1.107418,16260000000000.0,-0.9545
499,0.6175,4.941919,7.075663999999997,2237.815,193.4978,278.8059,-343.05,-233.0474,-469.1017,36138890000000.0,27873080000000.0,2520449000000.0,0.5702333,1.756856e-06,2.064878e-06,3.414859e-07,2.085241e-06,3.70731e-06,-1.365228e-06,-7.40786e-07,5.885795e-06,24412970000000.0,2082706000000.0,0.4893358,1.574964e-06,1.798071e-06,2.533507e-07,1.816124e-06,3.269764e-06,-1.276607e-06,-7.167708e-07,5.2223e-06,17108300000000.0,1138770000000.0,0.3170081,1.079416e-06,1.131768e-06,7.35949e-08,1.143709e-06,2.138925e-06,-9.748707e-07,-5.910793e-07,3.476256e-06,953816700000.0,46730000000000.0,1.026477,8161000000000.0,-0.801045
502,0.6183,6.168154,5.988505000000001,2240.751,242.1634,236.4266,2.759895,-36.10373,-326.613,129369500000000.0,123987100000000.0,12819590000000.0,0.9363986,1.76823e-05,7.724553e-07,-1.63579e-05,9.5718e-07,1.696265e-05,-3.358902e-05,-2.72388e-05,3.851508e-05,115048500000000.0,11521560000000.0,0.8092795,1.682829e-05,7.138243e-07,-1.558541e-05,8.857027e-07,1.610963e-05,-3.198414e-05,-2.593938e-05,3.661458e-05,83715350000000.0,7862872000000.0,0.5361298,1.378014e-05,5.346161e-07,-1.280173e-05,6.642991e-07,1.310675e-05,-2.622964e-05,-2.127629e-05,2.987915e-05,2816988000000.0,161600000000000.0,2.629291,72290000000000.0,-2.336382
503,0.622,6.915369,4.8940879999999956,2252.946,273.2496,194.3251,62.10667,-51.57331,28.9107,71797210000000.0,56995640000000.0,5537815000000.0,0.721775,5.122015e-06,-5.889716e-07,-5.564891e-06,-5.068228e-07,4.172352e-06,-1.056137e-05,-8.726711e-06,1.043948e-05,51709370000000.0,4747132000000.0,0.6201489,4.706838e-06,-5.230947e-07,-5.094815e-06,-4.485257e-07,3.849378e-06,-9.68627e-06,-8.000034e-06,9.607019e-06,32967120000000.0,2785992000000.0,0.3957254,3.433161e-06,-3.452356e-07,-3.677788e-06,-2.930364e-07,2.837122e-06,-7.02674e-06,-5.796104e-06,7.033181e-06,1646604000000.0,107500000000000.0,1.620037,29630000000000.0,-1.398214
504,0.623,6.981908,5.153319000000004,2254.918,276.1464,204.8806,106.9712,-9.49983,-291.2761,174927600000000.0,81504730000000.0,7813816000000.0,0.8157454,9.938219e-06,-1.155802e-06,-1.078849e-05,-1.015703e-06,8.015219e-06,-2.048627e-05,-1.691782e-05,2.013616e-05,70739950000000.0,6286843000000.0,0.6867268,8.610195e-06,-9.685098e-07,-9.311751e-06,-8.494959e-07,6.969535e-06,-1.771353e-05,-1.462119e-05,1.746689e-05,45269730000000.0,3305344000000.0,0.4360712,5.571544e-06,-5.735758e-07,-5.968202e-06,-5.009565e-07,4.549161e-06,-1.140469e-05,-9.402301e-06,1.133463e-05,2153355000000.0,76520000000000.0,2.120768,27610000000000.0,-1.927
505,0.6225,6.771826,5.173940999999995,2254.158,267.668,205.5447,162.1971,397.0846,-300.2273,33928270000000.0,28545880000000.0,2319723000000.0,0.5752217,1.547887e-06,-8.100959e-07,-2.315997e-06,-7.790189e-07,6.424328e-07,-3.829421e-06,-3.274647e-06,2.539269e-06,24605200000000.0,1886859000000.0,0.4866978,1.375877e-06,-6.96471e-07,-2.034806e-06,-6.690452e-07,5.939864e-07,-3.380009e-06,-2.886836e-06,2.279674e-06,18357790000000.0,1088905000000.0,0.3246501,9.727218e-07,-4.53861e-07,-1.399636e-06,-4.348402e-07,4.572503e-07,-2.350602e-06,-2.001844e-06,1.648336e-06,957428700000.0,51410000000000.0,1.039131,9089000000000.0,-0.811998
506,0.6209,5.396084,6.160427999999999,2251.229,212.6486,244.0703,-293.6641,-26.89781,-162.0807,53823880000000.0,50363770000000.0,4664456000000.0,0.6970926,3.60348e-06,2.649903e-06,-8.734853e-07,2.69369e-06,6.007231e-06,-4.375052e-06,-3.092384e-06,1.045668e-05,45846410000000.0,3940613000000.0,0.5950387,3.326698e-06,2.375396e-06,-8.768992e-07,2.415363e-06,5.473362e-06,-4.10948e-06,-2.925196e-06,9.580252e-06,22682920000000.0,1819950000000.0,0.3472163,2.236489e-06,1.447357e-06,-7.379513e-07,1.47307e-06,3.526322e-06,-2.911096e-06,-2.114568e-06,6.285312e-06,1585955000000.0,54370000000000.0,1.230226,11380000000000.0,-1.01376
507,0.6254,7.119136,5.671091000000004,2259.175,282.1614,226.0875,152.5016,97.86044,-406.241,154167000000000.0,132349100000000.0,15002740000000.0,0.9567575,2.098219e-05,-3.115832e-06,-2.340189e-05,-2.851426e-06,1.611554e-05,-4.388743e-05,-3.633372e-05,4.161534e-05,127062800000000.0,13518120000000.0,0.8419912,1.994713e-05,-2.890322e-06,-2.217168e-05,-2.643084e-06,1.537931e-05,-4.164642e-05,-3.446407e-05,3.961435e-05,81696960000000.0,8024291000000.0,0.5303107,1.494209e-05,-1.974903e-06,-1.640566e-05,-1.802885e-06,1.166901e-05,-3.099313e-05,-2.560886e-05,2.980129e-05,3120791000000.0,95570000000000.0,2.453264,39890000000000.0,-2.15622
508,0.6259,6.296267,6.000128999999997,2263.374,249.7296,239.3391,-117.8018,298.7464,-366.9662,102649800000000.0,100631400000000.0,11276650000000.0,0.8944524,1.422264e-05,2.254094e-06,-1.154857e-05,2.391073e-06,1.528915e-05,-2.539763e-05,-2.029712e-05,3.266603e-05,99285830000000.0,10464420000000.0,0.7799921,1.379146e-05,2.133863e-06,-1.124814e-05,2.264457e-06,1.476658e-05,-2.467719e-05,-1.973063e-05,3.161281e-05,87752140000000.0,8157782000000.0,0.5457372,1.228758e-05,1.77316e-06,-1.014322e-05,1.883033e-06,1.30076e-05,-2.210747e-05,-1.769832e-05,2.800576e-05,2249112000000.0,132500000000000.0,2.249467,50710000000000.0,-1.99683
511,0.627,6.967518,5.769387000000004,2264.327,276.7214,230.4818,34.11014,423.8336,-665.0325,48729830000000.0,45558070000000.0,3812007000000.0,0.6699277,2.963329e-06,-1.255426e-07,-3.013597e-06,-7.633232e-08,2.64315e-06,-5.907733e-06,-4.84624e-06,6.282937e-06,40848480000000.0,3265983000000.0,0.573737,2.726347e-06,-1.117536e-07,-2.768296e-06,-6.691741e-08,2.434006e-06,-5.430836e-06,-4.454145e-06,5.781829e-06,26431370000000.0,1862743000000.0,0.3639293,1.949277e-06,-7.250213e-08,-1.970634e-06,-4.147414e-08,1.744153e-06,-3.873997e-06,-3.175458e-06,4.135761e-06,1387699000000.0,78340000000000.0,1.334732,17790000000000.0,-1.110788
512,0.6246,7.113038,5.707189000000006,2256.577,281.593,227.2714,745.2957,197.5427,-680.3462,34408840000000.0,32871010000000.0,2923137000000.0,0.607079,1.824047e-06,-3.600743e-06,-5.366926e-06,-3.55144e-06,-1.881026e-06,-7.165104e-06,-6.504664e-06,3.365169e-07,31044840000000.0,2592987000000.0,0.5236637,1.723797e-06,-3.299693e-06,-4.968456e-06,-3.253301e-06,-1.67527e-06,-6.667631e-06,-6.043489e-06,4.198806e-07,23163490000000.0,1737017000000.0,0.3500615,1.416838e-06,-2.489342e-06,-3.860125e-06,-2.45172e-06,-1.156093e-06,-5.256344e-06,-4.743323e-06,5.647481e-07,1037080000000.0,81620000000000.0,1.064338,14780000000000.0,-0.899203
513,0.6267,6.247557,5.912096000000007,2266.147,248.0857,236.0691,-324.4981,457.4667,-50.76001,29314790000000.0,27104170000000.0,1960415000000.0,0.5627609,1.204222e-06,1.041777e-06,-1.37659e-07,1.058652e-06,2.170167e-06,-1.309237e-06,-8.805635e-07,3.660066e-06,24316860000000.0,1629216000000.0,0.4810323,1.082657e-06,9.079967e-07,-1.522165e-07,9.230362e-07,1.922023e-06,-1.205489e-06,-8.2006e-07,3.261255e-06,15186020000000.0,856157100000.0,0.3026633,7.110056e-07,5.434438e-07,-1.524886e-07,5.530374e-07,1.208413e-06,-8.441289e-07,-5.90942e-07,2.087365e-06,956235000000.0,44170000000000.0,0.9544985,7173000000000.0,-0.740619
515,0.6307,6.977144,5.974301999999998,2275.026,278.4169,239.8595,-45.9364,208.2898,-567.0323,36523350000000.0,32294330000000.0,2959116000000.0,0.5996047,2.066516e-06,4.299278e-07,-1.586733e-06,4.626084e-07,2.362254e-06,-3.601667e-06,-2.863271e-06,4.90584e-06,30372040000000.0,2578291000000.0,0.5191927,1.926855e-06,3.890528e-07,-1.49102e-06,4.192715e-07,2.189929e-06,-3.369716e-06,-2.681164e-06,4.561124e-06,22394580000000.0,1644894000000.0,0.344085,1.502713e-06,2.77165e-07,-1.188324e-06,3.000847e-07,1.679455e-06,-2.653339e-06,-2.116194e-06,3.527478e-06,1030512000000.0,101700000000000.0,1.224649,21190000000000.0,-1.00782
516,0.6355,6.991125,5.454666999999998,2291.363,280.9837,220.4425,-121.0482,408.4511,-30.6514,46230870000000.0,40752360000000.0,4089296000000.0,0.6408833,3.322269e-06,5.338071e-07,-2.702957e-06,5.83354e-07,3.628222e-06,-5.940446e-06,-4.752947e-06,7.709095e-06,38157280000000.0,3566255000000.0,0.5571804,3.093734e-06,4.827584e-07,-2.530872e-06,5.284273e-07,3.362786e-06,-5.545612e-06,-4.439664e-06,7.162124e-06,29603130000000.0,2334117000000.0,0.3789257,2.457514e-06,3.537091e-07,-2.039049e-06,3.888759e-07,2.63787e-06,-4.433717e-06,-3.554878e-06,5.653963e-06,1212790000000.0,116800000000000.0,1.460348,29020000000000.0,-1.20087
517,0.6392,6.4291,6.254186999999996,2302.332,259.432,253.9134,32.4988,472.4761,-324.245,83330900000000.0,74584520000000.0,7905050000000.0,0.7840772,8.758545e-06,-6.59861e-07,-9.155484e-06,-5.403345e-07,7.422979e-06,-1.770272e-05,-1.455777e-05,1.811469e-05,71124410000000.0,7127125000000.0,0.6874818,8.320847e-06,-6.093243e-07,-8.678743e-06,-4.97395e-07,7.064354e-06,-1.679867e-05,-1.381042e-05,1.721897e-05,54208330000000.0,4922774000000.0,0.4606082,6.845685e-06,-4.584697e-07,-7.092674e-06,-3.710021e-07,5.839961e-06,-1.377264e-05,-1.13128e-05,1.418641e-05,1891463000000.0,221300000000000.0,2.253842,84860000000000.0,-1.972
519,0.6425,6.962825,6.075403999999998,2310.373,282.1566,247.7316,-204.3147,69.09986,-214.1611,35273860000000.0,23355720000000.0,2089999000000.0,0.5323443,1.565605e-06,9.776234e-07,-5.529017e-07,1.000476e-06,2.442742e-06,-2.075882e-06,-1.518391e-06,4.375266e-06,19415040000000.0,1586489000000.0,0.4443355,1.328832e-06,8.048512e-07,-4.94024e-07,8.24068e-07,2.047808e-06,-1.786665e-06,-1.313432e-06,3.687756e-06,13936540000000.0,810964500000.0,0.2936884,8.560751e-07,4.847169e-07,-3.51783e-07,4.968224e-07,1.284578e-06,-1.184525e-06,-8.7957e-07,2.340609e-06,857154800000.0,28300000000000.0,0.9331507,4493000000000.0,-0.677358
520,0.6428,4.887316,5.553334,2322.137,198.5595,226.602,-57.78882,-184.0328,-226.3047,32967120000000.0,26143030000000.0,2130953000000.0,0.566081,1.32631e-06,3.825401e-07,-9.121467e-07,4.043759e-07,1.62536e-06,-2.204132e-06,-1.731076e-06,3.259011e-06,22875150000000.0,1653602000000.0,0.4686086,1.128232e-06,3.137656e-07,-7.873931e-07,3.321692e-07,1.370421e-06,-1.886414e-06,-1.483955e-06,2.7598e-06,14224880000000.0,816791100000.0,0.2959771,7.051814e-07,1.802247e-07,-5.077652e-07,1.914581e-07,8.397969e-07,-1.194669e-06,-9.430394e-07,1.707742e-06,931998900000.0,28940000000000.0,0.9007348,4435000000000.0,-0.6773767
521,0.6444,4.894671,5.0075099999999955,2329.22,199.4664,204.835,97.8598,-208.2888,-409.233,77371820000000.0,50075430000000.0,4814596000000.0,0.68492,4.344791e-06,-4.090092e-07,-4.634944e-06,-3.378861e-07,3.638648e-06,-8.874794e-06,-7.318774e-06,8.962623e-06,44596930000000.0,4076242000000.0,0.5841289,3.945473e-06,-3.579963e-07,-4.194728e-06,-2.941979e-07,3.315096e-06,-8.044818e-06,-6.631583e-06,8.148392e-06,28834220000000.0,2362859000000.0,0.373734,2.876688e-06,-2.362956e-07,-3.031979e-06,-1.914755e-07,2.436318e-06,-5.838956e-06,-4.808059e-06,5.957412e-06,1493249000000.0,106800000000000.0,1.537648,27940000000000.0,-1.35531
523,0.6403,6.724952,6.129129000000004,2304.952,271.7873,249.2283,45.48344,632.1503,-295.673,84099810000000.0,69009900000000.0,6734284000000.0,0.7658024,6.659054e-06,-1.026768e-06,-7.495025e-06,-9.220063e-07,5.155159e-06,-1.39991e-05,-1.160906e-05,1.329836e-05,63339170000000.0,5791260000000.0,0.659554,6.121091e-06,-9.145329e-07,-6.858916e-06,-8.194652e-07,4.763937e-06,-1.283735e-05,-1.064006e-05,1.224707e-05,43059100000000.0,3393486000000.0,0.4263907,4.461321e-06,-6.088402e-07,-4.938368e-06,-5.42392e-07,3.520612e-06,-9.295298e-06,-7.693046e-06,8.969615e-06,1856366000000.0,61880000000000.0,1.643227,17300000000000.0,-1.37016
524,0.6411,6.8432,6.089054000000003,2306.713,276.8229,247.8363,-97.97816,265.9318,-281.1074,84484260000000.0,72950580000000.0,7942539000000.0,0.7767246,8.130489e-06,1.309328e-06,-6.599482e-06,1.413606e-06,8.834254e-06,-1.451909e-05,-1.160968e-05,1.880029e-05,65645910000000.0,6792650000000.0,0.6661375,7.516526e-06,1.17474e-06,-6.135377e-06,1.26965e-06,8.126644e-06,-1.345685e-05,-1.076669e-05,1.733757e-05,41521280000000.0,3857828000000.0,0.4218575,5.462203e-06,7.794818e-07,-4.529133e-06,8.447829e-07,5.819639e-06,-9.849385e-06,-7.893336e-06,1.250693e-05,1979149000000.0,101200000000000.0,1.826013,31440000000000.0,-1.542929
526,0.6457,6.927588000000001,5.400302000000006,2323.305,282.286,221.2446,-2.966563,663.5031,27.57932,33447700000000.0,31333190000000.0,2574273000000.0,0.5849528,1.609842e-06,-3.678932e-07,-1.936835e-06,-3.380385e-07,1.141973e-06,-3.509865e-06,-2.933367e-06,3.11933e-06,28545880000000.0,2214803000000.0,0.5043219,1.495539e-06,-3.317843e-07,-1.789101e-06,-3.042277e-07,1.070258e-06,-3.250379e-06,-2.71478e-06,2.906857e-06,18261670000000.0,1279720000000.0,0.3196166,1.107163e-06,-2.23147e-07,-1.301442e-06,-2.032172e-07,8.131897e-07,-2.3831e-06,-1.98649e-06,2.17192e-06,1047782000000.0,87000000000000.0,1.111344,16450000000000.0,-0.916245
527,0.6452,7.132209,5.450795999999997,2320.484,290.3564,223.1528,119.0129,309.965,-94.26088,31044840000000.0,23740170000000.0,1877496000000.0,0.5342686,1.163429e-06,-5.445643e-07,-1.676726e-06,-5.214206e-07,5.475186e-07,-2.813301e-06,-2.396822e-06,1.974019e-06,22490690000000.0,1633777000000.0,0.4670915,1.074625e-06,-4.87291e-07,-1.532903e-06,-4.660415e-07,5.210184e-07,-2.582709e-06,-2.197984e-06,1.838414e-06,16339390000000.0,1019639000000.0,0.3104284,8.094099e-07,-3.3356e-07,-1.120795e-06,-3.178699e-07,4.248796e-07,-1.911478e-06,-1.621613e-06,1.416606e-06,816662000000.0,79350000000000.0,1.020714,13780000000000.0,-0.8466
528,0.6495,6.271462,5.808915999999996,2335.821,256.6995,239.062,-48.01088,512.1345,-269.3367,32198210000000.0,27680850000000.0,2252010000000.0,0.575737,1.387211e-06,8.061025e-08,-1.273169e-06,1.048215e-07,1.381816e-06,-2.626787e-06,-2.130997e-06,3.089193e-06,25950800000000.0,1894781000000.0,0.4898202,1.256634e-06,7.049365e-08,-1.155646e-06,9.225293e-08,1.248625e-06,-2.381799e-06,-1.93264e-06,2.794948e-06,17300530000000.0,1076217000000.0,0.3155935,8.858447e-07,4.536342e-08,-8.185753e-07,6.035324e-08,8.746864e-07,-1.682846e-06,-1.366137e-06,1.964074e-06,947792300000.0,75860000000000.0,1.0607,13690000000000.0,-0.8661
534,0.6539,5.26866,5.9393299999999964,2353.144,216.9964,245.8451,35.99943,68.99877,-179.0136,78140740000000.0,58725690000000.0,6330400000000.0,0.7175414,5.9499e-06,-2.671814e-07,-6.050316e-06,-1.747122e-07,5.262514e-06,-1.185252e-05,-9.722225e-06,1.254777e-05,50748230000000.0,5103544000000.0,0.6084628,5.264718e-06,-2.294156e-07,-5.345625e-06,-1.485941e-07,4.66032e-06,-1.047963e-05,-8.594336e-06,1.110498e-05,24989660000000.0,2164123000000.0,0.3548023,3.044512e-06,-1.208746e-07,-3.077612e-06,-7.613643e-08,2.700458e-06,-6.046472e-06,-4.955602e-06,6.424033e-06,1772929000000.0,53760000000000.0,1.478153,13520000000000.0,-1.21077
538,0.6569,6.835183000000001,5.489360999999994,2357.142,282.5403,228.1467,225.0906,368.8472,-242.8883,89386080000000.0,84292040000000.0,8714229000000.0,0.8148333,9.394705e-06,-3.519701e-06,-1.261098e-05,-3.362322e-06,5.171819e-06,-2.179791e-05,-1.841672e-05,1.660207e-05,77660170000000.0,7503624000000.0,0.7012037,8.717949e-06,-3.175388e-06,-1.161001e-05,-3.031138e-06,4.88433e-06,-2.013501e-05,-1.699685e-05,1.548821e-05,48249260000000.0,4161988000000.0,0.4404894,6.222271e-06,-2.071691e-06,-8.087331e-06,-1.973274e-06,3.666388e-06,-1.417154e-05,-1.193038e-05,1.12272e-05,2201708000000.0,85480000000000.0,1.938351,28190000000000.0,-1.60776
539,0.6608,6.444975,5.629301999999994,2369.532,267.6691,235.0436,-37.85705,493.5533,-452.912,33736040000000.0,26911940000000.0,2179370000000.0,0.5524248,1.448439e-06,1.131581e-07,-1.300807e-06,1.381174e-07,1.471615e-06,-2.714489e-06,-2.196658e-06,3.254908e-06,23932400000000.0,1784847000000.0,0.4769695,1.302367e-06,9.912547e-08,-1.172064e-06,1.214258e-07,1.320092e-06,-2.443131e-06,-1.977494e-06,2.923254e-06,13744310000000.0,797178400000.0,0.2895954,7.754378e-07,5.455364e-08,-7.019835e-07,6.755721e-08,7.805814e-07,-1.4587e-06,-1.1814e-06,1.734569e-06,973404800000.0,36320000000000.0,0.9488026,5863000000000.0,-0.732035
540,0.6588,6.662678,5.457089999999998,2363.728,276.1134,227.35,76.88226,509.3932,-310.6414,55361700000000.0,43635790000000.0,4846972000000.0,0.6500371,3.941282e-06,-8.728242e-07,-4.704272e-06,-8.049625e-07,2.801291e-06,-8.554271e-06,-7.141015e-06,7.626487e-06,40271790000000.0,4116504000000.0,0.5620024,3.590376e-06,-7.742541e-07,-4.263989e-06,-7.129803e-07,2.57095e-06,-7.771123e-06,-6.483549e-06,6.965569e-06,29507020000000.0,2508883000000.0,0.3771594,2.662309e-06,-5.316044e-07,-3.117965e-06,-4.874195e-07,1.944822e-06,-5.718366e-06,-4.763274e-06,5.201278e-06,1302965000000.0,85230000000000.0,1.414409,20510000000000.0,-1.15731
541,0.6586,6.982747,4.935404999999997,2363.424,289.4696,205.6132,97.30967,400.4871,-29.7548,85349290000000.0,64780880000000.0,7059612000000.0,0.7400525,6.917039e-06,-1.715757e-06,-8.424615e-06,-1.602369e-06,4.701549e-06,-1.518058e-05,-1.269728e-05,1.314458e-05,57476210000000.0,5896261000000.0,0.6322812,6.248719e-06,-1.503453e-06,-7.562825e-06,-1.40233e-06,4.289643e-06,-1.366594e-05,-1.142219e-05,1.191473e-05,34601060000000.0,3103107000000.0,0.3937467,4.201308e-06,-9.207287e-07,-4.991857e-06,-8.557016e-07,2.964829e-06,-9.095083e-06,-7.5856e-06,8.08662e-06,1832003000000.0,85070000000000.0,1.732127,25070000000000.0,-1.45035
542,0.6646,6.510071,5.006112000000002,2383.352,271.973,210.1274,-21.20741,316.7887,-93.28129,59206260000000.0,51709370000000.0,4784948000000.0,0.6848762,3.794564e-06,-5.348263e-08,-3.744484e-06,6.003297e-09,3.47776e-06,-7.444829e-06,-6.086763e-06,8.12854e-06,48249260000000.0,4281211000000.0,0.5966141,3.595779e-06,-4.920494e-08,-3.546337e-06,6.647808e-09,3.295388e-06,-7.052798e-06,-5.765721e-06,7.701657e-06,35562200000000.0,2849195000000.0,0.3972521,2.912602e-06,-3.645465e-08,-2.867765e-06,7.370867e-09,2.668153e-06,-5.707935e-06,-4.664965e-06,6.234881e-06,1451482000000.0,104500000000000.0,1.468562,26110000000000.0,-1.279
544,0.6696,6.124896,5.143634999999995,2399.208,257.4559,217.2054,-237.2208,513.2451,-60.26431,29026450000000.0,24893540000000.0,2030571000000.0,0.5364285,1.187602e-06,6.746608e-07,-4.868635e-07,6.925957e-07,1.787394e-06,-1.643462e-06,-1.220067e-06,3.253765e-06,21817890000000.0,1719240000000.0,0.4637193,1.074951e-06,5.905444e-07,-4.606261e-07,6.066309e-07,1.597225e-06,-1.507475e-06,-1.124209e-06,2.924212e-06,15762710000000.0,1006958000000.0,0.3033023,7.710661e-07,3.850757e-07,-3.685513e-07,3.962877e-07,1.106063e-06,-1.119384e-06,-8.443874e-07,2.057286e-06,869282500000.0,136300000000000.0,1.153532,26750000000000.0,-0.951687
545,0.6677,6.141338,7.169522000000005,2384.409,256.5599,301.6637,374.0495,415.9435,240.518,30275930000000.0,27873080000000.0,2540697000000.0,0.581096,1.456541e-06,-1.907671e-06,-3.319999e-06,-1.873184e-06,-5.386266e-07,-4.748827e-06,-4.224558e-06,1.237437e-06,25278000000000.0,2121275000000.0,0.4791748,1.325263e-06,-1.662909e-06,-2.947672e-06,-1.631755e-06,-4.180207e-07,-4.247649e-06,-3.770587e-06,1.197535e-06,18646130000000.0,1375278000000.0,0.3195848,1.038037e-06,-1.187888e-06,-2.193722e-06,-1.163901e-06,-2.141944e-07,-3.211842e-06,-2.838082e-06,1.05045e-06,920369100000.0,106600000000000.0,1.083997,19660000000000.0,-0.900801
547,0.666,4.984351,5.068620000000004,2393.556,208.7503,213.1037,61.11198,77.70226,-496.8791,55073360000000.0,46807550000000.0,4643050000000.0,0.6662805,3.649693e-06,-1.897109e-07,-3.74181e-06,-1.300394e-07,3.213335e-06,-7.30293e-06,-5.996405e-06,7.689356e-06,42482420000000.0,3990065000000.0,0.5714423,3.374472e-06,-1.697732e-07,-3.453427e-06,-1.151536e-07,2.974844e-06,-6.74593e-06,-5.537777e-06,7.112353e-06,29026450000000.0,2374916000000.0,0.3708306,2.553703e-06,-1.175244e-07,-2.601187e-06,-7.74537e-08,2.258117e-06,-5.092707e-06,-4.178057e-06,5.387053e-06,1394397000000.0,60610000000000.0,1.29364,13340000000000.0,-1.07
548,0.6677,6.422181,5.032757000000004,2392.378,269.2861,212.0147,-288.9477,377.4113,25.69513,31525410000000.0,29218680000000.0,2066597000000.0,0.5667511,1.235537e-06,9.236899e-07,-2.85346e-07,9.414817e-07,2.080916e-06,-1.487476e-06,-1.047533e-06,3.607833e-06,26527480000000.0,1766657000000.0,0.4890545,1.131005e-06,8.198634e-07,-2.867297e-07,8.360161e-07,1.878732e-06,-1.387127e-06,-9.843717e-07,3.27621e-06,16916080000000.0,966722500000.0,0.3094437,7.957948e-07,5.247908e-07,-2.534754e-07,5.358401e-07,1.268771e-06,-1.027679e-06,-7.442108e-07,2.251472e-06,1006291000000.0,47490000000000.0,0.9725495,7858000000000.0,-0.777942
550,0.6738,6.659256,4.976668000000001,2409.854,281.3555,211.2714,-114.5788,352.4532,59.80606,36619460000000.0,31621530000000.0,2703894000000.0,0.5800415,1.736642e-06,3.21602e-07,-1.372356e-06,3.499376e-07,1.946468e-06,-3.064793e-06,-2.444754e-06,4.083157e-06,28065310000000.0,2289152000000.0,0.5021007,1.578087e-06,2.837067e-07,-1.255382e-06,3.092499e-07,1.759553e-06,-2.793278e-06,-2.229789e-06,3.700804e-06,18261670000000.0,1260130000000.0,0.3208108,1.108917e-06,1.825554e-07,-8.984822e-07,2.000393e-07,1.218116e-06,-1.979114e-06,-1.583017e-06,2.581421e-06,1054578000000.0,59120000000000.0,1.088633,10950000000000.0,-0.866349
551,0.6702,6.59375,5.476901000000001,2397.409,277.1247,231.3994,-41.73713,375.2022,-314.368,28257540000000.0,24701320000000.0,1993269000000.0,0.5402741,1.186555e-06,9.984667e-08,-1.057772e-06,1.203046e-07,1.212103e-06,-2.215065e-06,-1.791168e-06,2.672128e-06,22106240000000.0,1637380000000.0,0.4627281,1.050631e-06,8.58763e-08,-9.389891e-07,1.038619e-07,1.07029e-06,-1.963686e-06,-1.588315e-06,2.362826e-06,15474360000000.0,874290900000.0,0.3001377,6.917397e-07,5.244487e-08,-6.220738e-07,6.405262e-08,6.998103e-07,-1.296698e-06,-1.049491e-06,1.550394e-06,865287100000.0,48470000000000.0,0.9744706,8036000000000.0,-0.749133
553,0.6758,6.60597,5.344262999999998,2415.144,279.6967,227.4381,-43.51757,374.0783,-37.95303,51709370000000.0,50556000000000.0,4896279000000.0,0.6768817,3.7361e-06,2.93947e-08,-3.605456e-06,8.734717e-08,3.506024e-06,-7.248642e-06,-5.911574e-06,8.086298e-06,48249260000000.0,4439023000000.0,0.5954857,3.566634e-06,2.733448e-08,-3.442189e-06,8.220527e-08,3.344806e-06,-6.920087e-06,-5.643533e-06,7.716551e-06,37868940000000.0,3078237000000.0,0.4033643,2.963649e-06,2.090269e-08,-2.86074e-06,6.51764e-08,2.773266e-06,-5.750557e-06,-4.689427e-06,6.403669e-06,1397873000000.0,126700000000000.0,1.48773,32070000000000.0,-1.28007
554,0.6786,4.991321,5.507606,2429.881,212.2162,235.1883,130.018,344.0152,-293.4499,30852620000000.0,27584740000000.0,1983074000000.0,0.5518095,1.191779e-06,-4.741681e-07,-1.634486e-06,-4.508044e-07,6.445369e-07,-2.798924e-06,-2.372234e-06,2.106628e-06,23547950000000.0,1609925000000.0,0.4677862,1.057578e-06,-4.080501e-07,-1.43756e-06,-3.874521e-07,5.842347e-07,-2.47085e-06,-2.092174e-06,1.881441e-06,14705450000000.0,811212900000.0,0.293773,6.709621e-07,-2.366239e-07,-8.894844e-07,-2.238292e-07,3.920143e-07,-1.544993e-06,-1.304676e-06,1.214517e-06,970431000000.0,58250000000000.0,1.028206,10190000000000.0,-0.810216
555,0.6795,7.075399,6.144743000000001,2419.681,300.3323,262.4996,183.7515,713.8715,124.0471,59782950000000.0,50075430000000.0,5007711000000.0,0.6757544,4.010705e-06,-2.375037e-06,-6.266222e-06,-2.2963e-06,1.368828e-06,-1.019366e-05,-8.751045e-06,6.263982e-06,45558070000000.0,4286260000000.0,0.5815629,3.687971e-06,-2.118597e-06,-5.695954e-06,-2.046818e-06,1.321928e-06,-9.307205e-06,-7.98053e-06,5.822023e-06,30275930000000.0,2479248000000.0,0.3733408,2.648311e-06,-1.389634e-06,-3.956874e-06,-1.339563e-06,1.076115e-06,-6.549777e-06,-5.596738e-06,4.304926e-06,1472218000000.0,72200000000000.0,1.405094,17260000000000.0,-1.168
558,0.6786,5.040816,5.407168999999996,2429.916,214.3345,230.8945,106.8116,81.21089,-60.50371,53054960000000.0,24509090000000.0,2114103000000.0,0.5299377,1.300825e-06,-4.185577e-07,-1.684429e-06,-3.936529e-07,8.010029e-07,-2.954212e-06,-2.488904e-06,2.396254e-06,21625660000000.0,1748728000000.0,0.4558292,1.147665e-06,-3.573442e-07,-1.474019e-06,-3.355322e-07,7.181158e-07,-2.594293e-06,-2.183721e-06,2.125282e-06,15474360000000.0,974092700000.0,0.2996811,7.724345e-07,-2.195108e-07,-9.707831e-07,-2.051516e-07,5.033063e-07,-1.724773e-06,-1.448337e-06,1.449876e-06,852426000000.0,85670000000000.0,1.099096,16020000000000.0,-0.949113
559,0.6851,7.0554380000000005,6.735307000000006,2434.071,301.2573,289.6517,294.7262,360.3915,277.0023,28738110000000.0,25566340000000.0,1994696000000.0,0.5380654,1.161078e-06,-1.314962e-06,-2.442178e-06,-1.28822e-06,-2.228226e-07,-3.579955e-06,-3.162745e-06,1.195562e-06,21721780000000.0,1576555000000.0,0.4552615,1.015336e-06,-1.116169e-06,-2.101749e-06,-1.092909e-06,-1.615371e-07,-3.096677e-06,-2.731809e-06,1.078576e-06,12687060000000.0,730830200000.0,0.283484,6.312926e-07,-6.403455e-07,-1.252882e-06,-6.261108e-07,-4.755143e-08,-1.871436e-06,-1.644521e-06,7.230849e-07,924223300000.0,28060000000000.0,0.8665621,4137000000000.0,-0.631917
560,0.6831,7.106116000000001,6.335786999999995,2429.601,302.8862,271.8548,223.7119,431.774,175.9542,33159350000000.0,29122560000000.0,2577640000000.0,0.5635883,1.598287e-06,-1.300902e-06,-2.85296e-06,-1.26671e-06,1.985206e-07,-4.417564e-06,-3.843672e-06,2.151971e-06,26143030000000.0,2182135000000.0,0.4858989,1.452885e-06,-1.146104e-06,-2.556744e-06,-1.115224e-06,2.162458e-07,-3.978971e-06,-3.457238e-06,1.991622e-06,18838360000000.0,1294478000000.0,0.3208694,1.065347e-06,-7.710359e-07,-1.804934e-06,-7.48831e-07,2.264864e-07,-2.847724e-06,-2.465043e-06,1.527529e-06,969198900000.0,83590000000000.0,1.13207,16100000000000.0,-0.906939
569,0.688,7.188798,5.651640000000001,2446.989,308.6405,244.0748,268.395,494.0989,233.5529,37484490000000.0,34697180000000.0,2759316000000.0,0.5930786,1.721482e-06,-1.639163e-06,-3.309917e-06,-1.601137e-06,-2.366003e-08,-4.996691e-06,-4.377817e-06,2.078395e-06,30468160000000.0,2319312000000.0,0.5068365,1.564575e-06,-1.443229e-06,-2.961444e-06,-1.408891e-06,2.428344e-08,-4.494417e-06,-3.931901e-06,1.934331e-06,18069440000000.0,1245694000000.0,0.3173974,1.071099e-06,-8.97179e-07,-1.935969e-06,-8.741808e-07,1.057813e-07,-2.985319e-06,-2.600102e-06,1.412462e-06,1155763000000.0,79470000000000.0,1.166354,15770000000000.0,-0.954855
572,0.6948,6.348911,6.7754810000000045,2465.46,274.3198,294.7258,433.958,298.9777,322.4872,69394360000000.0,61513000000000.0,6571399000000.0,0.7188228,6.098664e-06,-5.175159e-06,-1.106132e-05,-5.047839e-06,4.884214e-07,-1.704418e-05,-1.484146e-05,7.879204e-06,58917920000000.0,5893018000000.0,0.628984,5.779062e-06,-4.765121e-06,-1.034175e-05,-4.645516e-06,5.983106e-07,-1.601093e-05,-1.392336e-05,7.600017e-06,43924130000000.0,4040344000000.0,0.4227302,4.740823e-06,-3.583983e-06,-8.155877e-06,-3.488708e-06,8.068078e-07,-1.280621e-05,-1.109289e-05,6.545875e-06,1636246000000.0,177300000000000.0,1.917438,57840000000000.0,-1.661
573,0.6954,6.067725,6.645447000000005,2469.465,262.5028,289.333,455.0966,351.4081,253.9137,34697180000000.0,32198210000000.0,2215579000000.0,0.5797024,1.607537e-06,-2.157079e-06,-3.71361e-06,-2.117985e-06,-6.474369e-07,-5.291726e-06,-4.712347e-06,1.308862e-06,27008050000000.0,1700378000000.0,0.4855199,1.386979e-06,-1.803364e-06,-3.146092e-06,-1.769851e-06,-5.015653e-07,-4.507634e-06,-4.007697e-06,1.185933e-06,13359860000000.0,661312100000.0,0.284229,7.952733e-07,-9.507613e-07,-1.720268e-06,-9.319024e-07,-2.055048e-07,-2.500878e-06,-2.214136e-06,7.614453e-07,1202281000000.0,34040000000000.0,1.106285,6407000000000.0,-0.803583
578,0.692,5.867954,6.607209000000004,2460.163,252.8425,286.4653,655.5568,255.6898,355.1572,76602910000000.0,72181660000000.0,7793754000000.0,0.7600847,7.377135e-06,-8.6313e-06,-1.573227e-05,-8.456503e-06,-1.772676e-06,-2.298976e-05,-2.031542e-05,7.131514e-06,67760420000000.0,6884318000000.0,0.6604699,6.946033e-06,-7.916775e-06,-1.460146e-05,-7.753438e-06,-1.462978e-06,-2.14346e-05,-1.891622e-05,6.918734e-06,44885270000000.0,4273610000000.0,0.4243215,5.324639e-06,-5.54692e-06,-1.066745e-05,-5.425342e-06,-6.112581e-07,-1.590493e-05,-1.397347e-05,5.807804e-06,1899821000000.0,127100000000000.0,1.879822,40650000000000.0,-1.59786
581,0.6951,5.163991,7.086380000000004,2469.794,223.2039,308.2842,414.5493,680.3237,-68.30582,60647980000000.0,52862740000000.0,5664314000000.0,0.6791306,4.523813e-06,-4.176582e-06,-8.553878e-06,-4.078061e-06,4.626114e-08,-1.299323e-05,-1.136107e-05,5.546325e-06,47960920000000.0,4919492000000.0,0.5884633,4.194294e-06,-3.758995e-06,-7.816617e-06,-3.668371e-06,1.538523e-07,-1.193242e-05,-1.041898e-05,5.251956e-06,33832150000000.0,3019442000000.0,0.3858673,3.174899e-06,-2.609004e-06,-5.6785e-06,-2.542153e-06,3.470877e-07,-8.793582e-06,-7.647554e-06,4.202975e-06,1500773000000.0,106800000000000.0,1.528843,27780000000000.0,-1.28898
585,0.6937,7.189647,7.149264999999995,2456.092,309.8256,310.5086,178.1958,534.7736,429.4834,32294330000000.0,31044840000000.0,2328656000000.0,0.5809455,1.30989e-06,-1.143382e-06,-2.416666e-06,-1.115016e-06,8.74085e-08,-3.700043e-06,-3.229393e-06,1.690087e-06,27969190000000.0,2003530000000.0,0.4910831,1.206225e-06,-1.01434e-06,-2.186627e-06,-9.883912e-07,1.184402e-07,-3.368363e-06,-2.934933e-06,1.593924e-06,20183950000000.0,1258385000000.0,0.3256307,9.103832e-07,-6.949451e-07,-1.579239e-06,-6.757353e-07,1.587108e-07,-2.471004e-06,-2.143807e-06,1.271563e-06,1008647000000.0,60770000000000.0,1.014584,10490000000000.0,-0.837441
590,0.6994,5.476594,5.543724000000004,2489.207,238.6571,242.7086,773.7866,109.1913,53.30491,46807550000000.0,41521280000000.0,4053640000000.0,0.6255569,2.781584e-06,-5.082809e-06,-7.765779e-06,-5.006799e-06,-2.471443e-06,-1.050583e-05,-9.498325e-06,8.943319e-07,38637850000000.0,3517589000000.0,0.5461062,2.575634e-06,-4.586341e-06,-7.070257e-06,-4.516297e-06,-2.169458e-06,-9.607318e-06,-8.674346e-06,9.464798e-07,25758570000000.0,2014434000000.0,0.3526916,1.868532e-06,-3.059611e-06,-4.860599e-06,-3.009664e-06,-1.309134e-06,-6.700895e-06,-6.023872e-06,9.497838e-07,1275949000000.0,58400000000000.0,1.199679,11920000000000.0,-0.970299
592,0.698,5.94966,6.457126999999994,2478.354,258.2841,282.0135,236.4227,139.7486,390.7688,35658320000000.0,31525410000000.0,3024106000000.0,0.5778916,1.921823e-06,-1.450714e-06,-3.316066e-06,-1.410281e-06,3.498932e-07,-5.197031e-06,-4.506894e-06,2.697412e-06,29122560000000.0,2554287000000.0,0.4983312,1.756498e-06,-1.289295e-06,-2.993937e-06,-1.25257e-06,3.556635e-07,-4.713057e-06,-4.082228e-06,2.500836e-06,21145090000000.0,1520125000000.0,0.330795,1.278084e-06,-8.661284e-07,-2.105943e-06,-8.399233e-07,3.291185e-07,-3.356759e-06,-2.897606e-06,1.889124e-06,1017640000000.0,65620000000000.0,1.125903,12570000000000.0,-0.886248
593,0.6986,5.213757,6.666406999999996,2482.394,226.5165,291.3442,222.7407,764.6145,182.4919,33736040000000.0,26527480000000.0,2305311000000.0,0.5515167,1.469373e-06,-1.313098e-06,-2.741857e-06,-1.280909e-06,6.848794e-08,-4.182436e-06,-3.654126e-06,1.866721e-06,23355720000000.0,1839726000000.0,0.465347,1.291713e-06,-1.120108e-06,-2.375881e-06,-1.091983e-06,9.382076e-08,-3.642198e-06,-3.177741e-06,1.674263e-06,15089910000000.0,927367000000.0,0.294286,8.350453e-07,-6.664526e-07,-1.477826e-06,-6.486023e-07,1.171451e-07,-2.296314e-06,-1.996004e-06,1.138156e-06,919442500000.0,58960000000000.0,1.05869,10620000000000.0,-0.8274
595,0.6986,5.717672,4.980903999999995,2487.756,249.086,217.899,808.8173,150.247,-214.9682,34601060000000.0,29026450000000.0,2460942000000.0,0.5578908,1.551086e-06,-3.496212e-06,-4.994552e-06,-3.451751e-06,-2.033625e-06,-6.523821e-06,-5.962039e-06,-1.535016e-07,24316860000000.0,1947813000000.0,0.469025,1.352476e-06,-2.952607e-06,-4.258819e-06,-2.914037e-06,-1.677995e-06,-5.592173e-06,-5.102298e-06,-3.902699e-08,15858820000000.0,1005098000000.0,0.3026501,8.959949e-07,-1.812358e-06,-2.677261e-06,-1.787145e-06,-9.691212e-07,-3.560438e-06,-3.235851e-06,1.159895e-07,1017377000000.0,34710000000000.0,0.9682585,5718000000000.0,-0.726759
598,0.6991,5.397013,6.810710000000005,2482.771,234.5603,297.8436,174.3041,446.1721,21.37402,38733970000000.0,18742240000000.0,1198697000000.0,0.4870062,7.311024e-07,-5.475015e-07,-1.258945e-06,-5.318816e-07,1.404987e-07,-1.974073e-06,-1.71208e-06,1.036672e-06,16819960000000.0,947015100000.0,0.4162782,6.182039e-07,-4.488015e-07,-1.050297e-06,-4.356682e-07,1.327062e-07,-1.654976e-06,-1.433423e-06,8.903525e-07,10668660000000.0,435546400000.0,0.2631032,3.57352e-07,-2.38374e-07,-5.859269e-07,-2.309084e-07,9.734673e-08,-9.354349e-07,-8.073356e-07,5.350736e-07,730572600000.0,24250000000000.0,0.8318353,3432000000000.0,-0.6574
599,0.6989,6.604609,4.807320999999998,2484.729,287.6956,210.3644,238.8726,-19.91112,-111.1284,54688900000000.0,35946660000000.0,3196631000000.0,0.5960082,2.286463e-06,-1.277831e-06,-3.497632e-06,-1.232396e-06,8.609637e-07,-5.732742e-06,-4.912688e-06,3.655476e-06,31717640000000.0,2653206000000.0,0.5115224,2.047707e-06,-1.107413e-06,-3.095103e-06,-1.067051e-06,8.070012e-07,-5.096801e-06,-4.362279e-06,3.30917e-06,20664520000000.0,1419702000000.0,0.3276528,1.41094e-06,-6.987341e-07,-2.067687e-06,-6.715837e-07,6.182669e-07,-3.446892e-06,-2.94058e-06,2.341271e-06,1157483000000.0,63320000000000.0,1.215068,13090000000000.0,-1.00386
600,0.7012,5.368792,5.252371000000003,2495.547,234.5273,230.4235,637.719,398.846,21.02944,41713500000000.0,38061170000000.0,3150064000000.0,0.6083081,2.169894e-06,-3.63183e-06,-5.728553e-06,-3.575186e-06,-1.593946e-06,-7.863352e-06,-7.078914e-06,1.038442e-06,34697180000000.0,2697619000000.0,0.527693,2.001887e-06,-3.252109e-06,-5.186144e-06,-3.200137e-06,-1.372978e-06,-7.155555e-06,-6.431798e-06,1.055049e-06,21433440000000.0,1477273000000.0,0.3303272,1.440901e-06,-2.130201e-06,-3.521427e-06,-2.093507e-06,-7.800461e-07,-4.938741e-06,-4.41765e-06,9.662543e-07,1240033000000.0,83500000000000.0,1.270552,18050000000000.0,-1.041199
601,0.7041,5.629129,5.950127000000005,2499.822,246.3929,261.8046,393.4962,-31.94166,276.8075,47192010000000.0,44404700000000.0,3991719000000.0,0.6389528,2.751771e-06,-2.634212e-06,-5.298566e-06,-2.573694e-06,-6.08082e-08,-7.995374e-06,-7.004809e-06,3.288875e-06,40367910000000.0,3509595000000.0,0.5530736,2.569341e-06,-2.385067e-06,-4.872393e-06,-2.328942e-06,1.650082e-08,-7.390362e-06,-6.465364e-06,3.143467e-06,30468160000000.0,2285373000000.0,0.3707554,2.004722e-06,-1.706933e-06,-3.646725e-06,-1.664064e-06,1.639177e-07,-5.61125e-06,-4.889266e-06,2.602171e-06,1297949000000.0,90050000000000.0,1.318468,20200000000000.0,-1.111988
602,0.7006,5.562384,7.118562000000003,2484.673,241.9775,311.7679,227.5239,485.617,69.32408,32198210000000.0,27200280000000.0,2477521000000.0,0.5445887,1.492503e-06,-1.168431e-06,-2.618104e-06,-1.136818e-06,2.316202e-07,-4.079056e-06,-3.543193e-06,2.056336e-06,25374110000000.0,2173408000000.0,0.4784644,1.390405e-06,-1.058344e-06,-2.408664e-06,-1.029059e-06,2.453838e-07,-3.769639e-06,-3.270394e-06,1.944974e-06,19415040000000.0,1378432000000.0,0.3201048,1.061271e-06,-7.379847e-07,-1.768176e-06,-7.160708e-07,2.556773e-07,-2.806898e-06,-2.425723e-06,1.552154e-06,894345300000.0,83790000000000.0,1.092892,15580000000000.0,-0.887733
603,0.7038,5.318321,5.645533,2502.151,232.9246,248.4152,308.7464,214.7306,99.95214,257009000000000.0,215680000000000.0,28817040000000.0,1.080662,6.018676e-05,-1.452995e-05,-7.210963e-05,-1.406504e-05,3.924662e-05,-0.0001309796,-0.000109099,0.0001113254,200013400000000.0,25581690000000.0,0.941994,5.689275e-05,-1.337418e-05,-6.778169e-05,-1.295711e-05,3.738995e-05,-0.0001234283,-0.0001027382,0.0001054876,156954300000000.0,17443050000000.0,0.6408278,4.625564e-05,-1.002089e-05,-5.41993e-05,-9.742675e-06,3.106401e-05,-9.943782e-05,-8.259701e-05,8.633067e-05,4119487000000.0,297900000000000.0,4.739192,240200000000000.0,-4.15404
606,0.7032,5.37555,6.186983000000001,2497.2,234.9797,271.9045,274.0717,368.5833,-201.4137,36235000000000.0,31909870000000.0,2920402000000.0,0.5818818,1.70343e-06,-1.35196e-06,-3.006232e-06,-1.315767e-06,2.458617e-07,-4.673514e-06,-4.061971e-06,2.328068e-06,30468160000000.0,2571440000000.0,0.5037684,1.590194e-06,-1.223574e-06,-2.767662e-06,-1.189982e-06,2.673864e-07,-4.324071e-06,-3.753133e-06,2.210825e-06,24220740000000.0,1696986000000.0,0.3434822,1.262632e-06,-8.942315e-07,-2.119763e-06,-8.680112e-07,2.881188e-07,-3.355487e-06,-2.90204e-06,1.830425e-06,989206000000.0,76490000000000.0,1.074247,13980000000000.0,-0.89397
607,0.7023,6.201957,6.864202000000005,2488.049,270.3746,301.2731,301.3353,288.7212,104.4956,39118420000000.0,35177750000000.0,2853521000000.0,0.5996424,1.874367e-06,-1.661098e-06,-3.478724e-06,-1.620641e-06,9.456115e-08,-5.314029e-06,-4.640451e-06,2.38123e-06,31909870000000.0,2454326000000.0,0.5117288,1.733998e-06,-1.481597e-06,-3.162818e-06,-1.444445e-06,1.416902e-07,-4.860641e-06,-4.237431e-06,2.256641e-06,24124630000000.0,1592131000000.0,0.3440636,1.363835e-06,-1.064301e-06,-2.38602e-06,-1.035673e-06,2.105439e-07,-3.721332e-06,-3.230996e-06,1.873004e-06,1089455000000.0,108100000000000.0,1.267957,23320000000000.0,-1.072
609,0.7026,4.925913,5.577548999999999,2500.698,215.5248,245.1117,624.9753,453.497,23.49675,42290190000000.0,41713500000000.0,3973976000000.0,0.6508077,2.651452e-06,-3.991915e-06,-6.55217e-06,-3.925312e-06,-1.508934e-06,-9.160213e-06,-8.201197e-06,1.704753e-06,40656250000000.0,3617540000000.0,0.5550942,2.535557e-06,-3.690109e-06,-6.138006e-06,-3.626778e-06,-1.316891e-06,-8.631918e-06,-7.714754e-06,1.755624e-06,34504950000000.0,2795481000000.0,0.3876305,2.22678e-06,-2.994567e-06,-5.14338e-06,-2.939769e-06,-9.131217e-07,-7.333323e-06,-6.527684e-06,1.783679e-06,1179658000000.0,150200000000000.0,1.355532,34640000000000.0,-1.1979
610,0.7023,5.435367,6.871431000000002,2491.561,237.0737,301.6077,47.29731,399.8429,-77.41084,33447700000000.0,30660390000000.0,2422405000000.0,0.5644822,1.414552e-06,-3.062336e-07,-1.683731e-06,-2.800933e-07,1.019317e-06,-3.064662e-06,-2.558578e-06,2.755445e-06,28449760000000.0,2108434000000.0,0.4933813,1.309437e-06,-2.754888e-07,-1.550461e-06,-2.514456e-07,9.51054e-07,-2.828754e-06,-2.360235e-06,2.557897e-06,19318930000000.0,1260760000000.0,0.3201373,9.546387e-07,-1.825634e-07,-1.111648e-06,-1.654458e-07,7.103019e-07,-2.043532e-06,-1.701846e-06,1.881047e-06,1009033000000.0,87070000000000.0,1.109775,16440000000000.0,-0.915255
612,0.7032,5.339864,6.013352999999996,2498.366,233.5197,264.3246,186.6552,373.8273,68.66502,34697180000000.0,32294330000000.0,2163903000000.0,0.5762971,1.4444e-06,-8.71793e-07,-2.275158e-06,-8.423633e-07,4.819419e-07,-3.687637e-06,-3.169623e-06,2.248912e-06,29699250000000.0,1781260000000.0,0.5006062,1.275451e-06,-7.50863e-07,-1.989922e-06,-7.250275e-07,4.440353e-07,-3.237167e-06,-2.779702e-06,2.004065e-06,12687060000000.0,641692500000.0,0.2786296,6.438063e-07,-3.499418e-07,-9.751107e-07,-3.371637e-07,2.523549e-07,-1.60465e-06,-1.373662e-06,1.03936e-06,1185525000000.0,22180000000000.0,0.9897622,3735000000000.0,-0.70686
613,0.7035,5.676921,6.140301999999998,2496.982,248.2161,269.9509,335.0536,-8.758807,0.04749399,29891470000000.0,29122560000000.0,1958271000000.0,0.5566158,1.017698e-06,-1.074868e-06,-2.062701e-06,-1.052029e-06,-1.18613e-07,-3.058958e-06,-2.693663e-06,1.124629e-06,26911940000000.0,1735351000000.0,0.4838893,9.483675e-07,-9.669224e-07,-1.88734e-06,-9.45755e-07,-7.618618e-08,-2.815713e-06,-2.475272e-06,1.082164e-06,18742240000000.0,1119114000000.0,0.3173161,7.394213e-07,-6.838566e-07,-1.401205e-06,-6.676308e-07,9.735087e-09,-2.125006e-06,-1.859493e-06,9.124077e-07,967160200000.0,110400000000000.0,1.067449,20050000000000.0,-0.9190368
614,0.7015,5.382161,5.8210440000000006,2494.073,234.9759,255.3902,745.4995,247.5222,131.2924,37965060000000.0,35946660000000.0,2956560000000.0,0.5983472,2.086651e-06,-3.822782e-06,-5.835481e-06,-3.766338e-06,-1.864881e-06,-7.890938e-06,-7.135058e-06,6.600174e-07,34601060000000.0,2648923000000.0,0.5254743,1.966717e-06,-3.498373e-06,-5.395043e-06,-3.445456e-06,-1.653963e-06,-7.332258e-06,-6.61977e-06,7.252726e-07,28738110000000.0,1866701000000.0,0.3639892,1.611251e-06,-2.632633e-06,-4.185646e-06,-2.589999e-06,-1.123991e-06,-5.772499e-06,-5.188641e-06,8.238825e-07,1072648000000.0,138000000000000.0,1.415315,33230000000000.0,-1.185207
615,0.7038,6.187009,6.809353999999999,2492.101,270.1571,299.3211,145.0996,319.3499,169.4798,33928270000000.0,31044840000000.0,2681553000000.0,0.5676609,1.627951e-06,-9.050251e-07,-2.487558e-06,-8.721993e-07,6.213908e-07,-4.078922e-06,-3.495463e-06,2.614435e-06,29314790000000.0,2351716000000.0,0.5016572,1.519972e-06,-8.247151e-07,-2.302124e-06,-7.942177e-07,5.999646e-07,-3.787917e-06,-3.243116e-06,2.460552e-06,21048980000000.0,1364317000000.0,0.329827,1.138932e-06,-5.704828e-07,-1.677107e-06,-5.480355e-07,4.957345e-07,-2.790382e-06,-2.382043e-06,1.889201e-06,1035345000000.0,43880000000000.0,0.9913468,7401000000000.0,-0.773487
616,0.7023,5.403319,4.961811999999999,2499.861,236.4526,217.9994,450.1989,299.2244,-102.3333,170025800000000.0,75834000000000.0,8397461000000.0,0.7630245,9.610275e-06,-6.633363e-06,-1.590117e-05,-6.44783e-06,2.254508e-06,-2.5323e-05,-2.185106e-05,1.388927e-05,67856530000000.0,7184570000000.0,0.6588571,8.702182e-06,-5.806983e-06,-1.419675e-05,-5.641348e-06,2.233581e-06,-2.272808e-05,-1.958352e-05,1.276509e-05,50940460000000.0,4474988000000.0,0.4409079,6.431792e-06,-3.919948e-06,-1.011596e-05,-3.802567e-06,2.006963e-06,-1.642104e-05,-1.409541e-05,9.782607e-06,1948175000000.0,148200000000000.0,2.234846,56350000000000.0,-2.091
617,0.7015,5.368335,6.117655999999995,2492.636,234.2337,268.3399,635.4688,354.0919,77.52751,49883200000000.0,39118420000000.0,3526025000000.0,0.612186,2.746279e-06,-4.212532e-06,-6.864475e-06,-4.142226e-06,-1.638015e-06,-9.56571e-06,-8.572706e-06,1.690943e-06,33255470000000.0,2883531000000.0,0.5187684,2.466064e-06,-3.6608e-06,-6.041646e-06,-3.598115e-06,-1.350453e-06,-8.467145e-06,-7.575361e-06,1.638028e-06,22875150000000.0,1648584000000.0,0.3423239,1.744563e-06,-2.372884e-06,-4.056146e-06,-2.329457e-06,-7.414924e-07,-5.771799e-06,-5.14071e-06,1.371015e-06,1237707000000.0,120400000000000.0,1.489909,30520000000000.0,-1.236
620,0.7049,6.229698,6.754667000000006,2496.324,272.4969,297.422,156.7603,94.99066,49.02438,40752360000000.0,35658320000000.0,2975151000000.0,0.6001671,1.97451e-06,-8.830143e-07,-2.801809e-06,-8.446103e-07,9.652862e-07,-4.730633e-06,-4.023298e-06,3.381932e-06,30756500000000.0,2412740000000.0,0.5063718,1.758375e-06,-7.607048e-07,-2.469208e-06,-7.267733e-07,8.844244e-07,-4.186889e-06,-3.556898e-06,3.036103e-06,17877220000000.0,1174027000000.0,0.3125164,1.145054e-06,-4.528213e-07,-1.564904e-06,-4.312473e-07,6.168329e-07,-2.683439e-06,-2.273026e-06,2.017161e-06,1195623000000.0,53060000000000.0,1.136533,10260000000000.0,-0.898552
621,0.7067,6.42477,5.785683,2504.525,282.0239,255.3719,381.7398,151.2671,265.8758,36811690000000.0,17396650000000.0,1218621000000.0,0.4765355,5.84424e-07,-9.251466e-07,-1.492443e-06,-9.10873e-07,-3.740881e-07,-2.065491e-06,-1.855442e-06,3.396552e-07,16147160000000.0,1026007000000.0,0.4085546,5.200814e-07,-7.927422e-07,-1.297503e-06,-7.801057e-07,-3.025757e-07,-1.807441e-06,-1.620503e-06,3.324624e-07,12494830000000.0,632335300000.0,0.2754537,3.760999e-07,-5.233073e-07,-8.881855e-07,-5.142912e-07,-1.692509e-07,-1.256918e-06,-1.121705e-06,2.89753e-07,638456900000.0,48960000000000.0,0.8091337,6740000000000.0,-0.7000747
624,0.707,6.276128,6.638571999999996,2502.194,275.1896,292.9768,241.8795,147.7896,148.4261,86214320000000.0,79101880000000.0,8090313000000.0,0.7745753,8.045371e-06,-3.44341e-06,-1.122439e-05,-3.304965e-06,4.000727e-06,-1.909249e-05,-1.619654e-05,1.378207e-05,72950580000000.0,7192259000000.0,0.677162,7.598021e-06,-3.166955e-06,-1.051398e-05,-3.037581e-06,3.858937e-06,-1.794452e-05,-1.520917e-05,1.309418e-05,55650040000000.0,4662396000000.0,0.4526379,5.985388e-06,-2.290811e-06,-8.074818e-06,-2.192762e-06,3.231715e-06,-1.392808e-05,-1.17721e-05,1.050058e-05,1984666000000.0,136000000000000.0,2.03167,47010000000000.0,-1.753854
627,0.7114,6.359334,6.780121000000006,2513.952,280.1783,300.7366,260.9535,201.3359,-61.6566,72854460000000.0,48537600000000.0,5073178000000.0,0.657283,4.213058e-06,-2.311741e-06,-6.393495e-06,-2.23179e-06,1.610011e-06,-1.051423e-05,-8.999971e-06,6.744284e-06,46423090000000.0,4560425000000.0,0.577726,3.970646e-06,-2.113157e-06,-5.959417e-06,-2.038463e-06,1.580856e-06,-9.843013e-06,-8.41568e-06,6.418634e-06,36331120000000.0,3144093000000.0,0.3931365,3.206977e-06,-1.555281e-06,-4.660105e-06,-1.49671e-06,1.422699e-06,-7.796666e-06,-6.643319e-06,5.327166e-06,1352258000000.0,171000000000000.0,1.670826,48610000000000.0,-1.48401
628,0.7108,5.540213,5.846419999999997,2520.639,244.4956,259.3119,225.5167,203.1454,-51.07613,31717640000000.0,27488620000000.0,2608055000000.0,0.5489164,1.547283e-06,-1.006114e-06,-2.508703e-06,-9.7451e-07,4.43309e-07,-4.021606e-06,-3.466691e-06,2.335017e-06,25181890000000.0,2264326000000.0,0.4748323,1.437173e-06,-9.048809e-07,-2.300346e-06,-8.757232e-07,4.407652e-07,-3.70557e-06,-3.190087e-06,2.197525e-06,20280070000000.0,1521925000000.0,0.3247533,1.14742e-06,-6.633771e-07,-1.777059e-06,-6.405456e-07,4.095384e-07,-2.898939e-06,-2.487251e-06,1.811372e-06,905200400000.0,110600000000000.0,1.143639,21520000000000.0,-0.940995
633,0.7096,5.009733,6.755446999999998,2514.655,220.4343,299.0138,307.2224,609.3631,-28.54621,47384230000000.0,31044840000000.0,2199302000000.0,0.5650086,1.486007e-06,-1.5815e-06,-3.024868e-06,-1.547949e-06,-1.843356e-07,-4.481627e-06,-3.947344e-06,1.631852e-06,27776970000000.0,1877769000000.0,0.4870509,1.349779e-06,-1.389577e-06,-2.700391e-06,-1.359284e-06,-1.211295e-07,-4.023533e-06,-3.538197e-06,1.528192e-06,17588870000000.0,1049955000000.0,0.3082956,9.154346e-07,-8.526103e-07,-1.741107e-06,-8.324833e-07,6.23749e-09,-2.63834e-06,-2.309096e-06,1.124012e-06,1053662000000.0,67270000000000.0,1.089549,12470000000000.0,-0.939708
634,0.7143,7.178406,5.734963000000006,2522.921,317.7531,255.3777,359.2644,478.7368,52.31115,36427230000000.0,22779030000000.0,1808171000000.0,0.5169723,9.914859e-07,-1.323271e-06,-2.285265e-06,-1.299862e-06,-3.906086e-07,-3.257688e-06,-2.900996e-06,8.194205e-07,20568410000000.0,1556945000000.0,0.4420734,9.044859e-07,-1.158196e-06,-2.035602e-06,-1.136983e-06,-3.078602e-07,-2.922649e-06,-2.597228e-06,7.957142e-07,16435510000000.0,1044314000000.0,0.3029812,7.109876e-07,-8.263912e-07,-1.515757e-06,-8.099987e-07,-1.589219e-07,-2.212953e-06,-1.95709e-06,7.080282e-07,783370900000.0,150300000000000.0,1.119603,28630000000000.0,-0.970837
635,0.7128,6.347141000000001,6.407969000000006,2519.981,280.3073,284.7616,154.4297,140.7153,145.5552,62185800000000.0,58629580000000.0,6262494000000.0,0.6972516,5.211803e-06,-1.777634e-06,-6.830154e-06,-1.687599e-06,3.062862e-06,-1.192203e-05,-1.005065e-05,9.420499e-06,56611180000000.0,5698642000000.0,0.6219214,5.002756e-06,-1.669834e-06,-6.519118e-06,-1.584015e-06,2.974592e-06,-1.140673e-05,-9.610225e-06,9.076237e-06,40271790000000.0,3712284000000.0,0.4073961,4.07206e-06,-1.246551e-06,-5.191622e-06,-1.178879e-06,2.526949e-06,-9.169867e-06,-7.7069e-06,7.489919e-06,1590621000000.0,122100000000000.0,1.638129,34030000000000.0,-1.3959
637,0.7131,4.823261,5.962560999999997,2529.37,213.4313,265.1154,275.3806,180.6412,-43.47091,28257540000000.0,19415040000000.0,1520459000000.0,0.4822612,8.761221e-07,-7.918519e-07,-1.643001e-06,-7.725521e-07,3.181056e-08,-2.500206e-06,-2.186016e-06,1.103429e-06,14801570000000.0,1086636000000.0,0.3974233,6.965283e-07,-6.150146e-07,-1.291623e-06,-5.997365e-07,3.959591e-08,-1.973104e-06,-1.723301e-06,8.914352e-07,9323064000000.0,474697200000.0,0.2514691,3.966288e-07,-3.299103e-07,-7.150912e-07,-3.213144e-07,4.251436e-08,-1.103142e-06,-9.608649e-07,5.274085e-07,763399400000.0,26130000000000.0,0.8268713,3676000000000.0,-0.591723
641,0.7152,6.423992,6.334882000000005,2526.953,284.5147,282.308,160.1859,32.69017,-39.55598,29507020000000.0,28065310000000.0,2292248000000.0,0.5477979,1.30911e-06,-5.820029e-07,-1.854475e-06,-5.566848e-07,6.436292e-07,-3.133081e-06,-2.664246e-06,2.246426e-06,26623600000000.0,2063242000000.0,0.4809735,1.239346e-06,-5.344792e-07,-1.739001e-06,-5.106565e-07,6.253734e-07,-2.949464e-06,-2.505567e-06,2.142518e-06,21145090000000.0,1465338000000.0,0.3284544,1.035331e-06,-4.093639e-07,-1.415246e-06,-3.898393e-07,5.583654e-07,-2.426435e-06,-2.055494e-06,1.825155e-06,906509400000.0,128300000000000.0,1.144373,24980000000000.0,-0.9680354
644,0.7164,7.129668,6.825568999999994,2523.869,315.6917,304.4496,292.5963,216.7307,-453.9705,31813760000000.0,28930330000000.0,2481698000000.0,0.5519734,1.447184e-06,-1.073962e-06,-2.480349e-06,-1.043534e-06,2.84124e-07,-3.896868e-06,-3.377386e-06,2.054624e-06,25181890000000.0,2093513000000.0,0.4724066,1.316649e-06,-9.440625e-07,-2.223371e-06,-9.165726e-07,2.908761e-07,-3.512071e-06,-3.039402e-06,1.901316e-06,17973330000000.0,1270772000000.0,0.3103825,9.798442e-07,-6.421499e-07,-1.593745e-06,-6.220997e-07,2.755273e-07,-2.552697e-06,-2.200842e-06,1.47326e-06,970323400000.0,99560000000000.0,1.127588,19100000000000.0,-0.9208149
645,0.7187,6.767979,5.301305999999999,2539.803,301.4137,237.3226,283.8843,-73.29408,87.31621,85733750000000.0,75641770000000.0,7840043000000.0,0.7564591,8.005853e-06,-3.455764e-06,-1.119631e-05,-3.318406e-06,3.94796e-06,-1.902629e-05,-1.614386e-05,1.367745e-05,67568190000000.0,6762855000000.0,0.6538464,7.403195e-06,-3.09971e-06,-1.025597e-05,-2.974382e-06,3.741367e-06,-1.749646e-05,-1.483049e-05,1.273572e-05,44981380000000.0,3995413000000.0,0.4199748,5.457076e-06,-2.079128e-06,-7.350167e-06,-1.991011e-06,2.950203e-06,-1.26871e-05,-1.072063e-05,9.573279e-06,1998455000000.0,152300000000000.0,2.136862,55370000000000.0,-1.812
646,0.7164,5.265736,7.072870999999997,2531.535,233.3165,315.4334,442.092,741.6625,170.1064,47672580000000.0,39695110000000.0,3780930000000.0,0.6111149,2.721765e-06,-3.240988e-06,-5.875623e-06,-3.177229e-06,-6.915631e-07,-8.549944e-06,-7.567166e-06,2.618416e-06,36331120000000.0,3294112000000.0,0.5315981,2.522678e-06,-2.910675e-06,-5.352073e-06,-2.851992e-06,-5.491503e-07,-7.830619e-06,-6.919654e-06,2.517896e-06,27969190000000.0,2115711000000.0,0.3587414,1.964904e-06,-2.078502e-06,-3.978922e-06,-2.033756e-06,-2.423879e-07,-5.909126e-06,-5.199389e-06,2.144665e-06,1196808000000.0,120500000000000.0,1.422336,29160000000000.0,-1.198
648,0.7149,7.030557,6.714184999999999,2521.555,310.9732,299.0964,426.0345,336.9804,-224.0334,36523350000000.0,27104170000000.0,2333630000000.0,0.5400723,1.463809e-06,-1.743798e-06,-3.162741e-06,-1.70971e-06,-3.694489e-07,-4.598316e-06,-4.07146e-06,1.414868e-06,23644060000000.0,1930640000000.0,0.461356,1.308618e-06,-1.508056e-06,-2.776334e-06,-1.477786e-06,-2.800917e-07,-4.059663e-06,-3.588616e-06,1.314683e-06,15858820000000.0,1081695000000.0,0.2987559,9.020677e-07,-9.437939e-07,-1.817569e-06,-9.233687e-07,-9.877491e-08,-2.702112e-06,-2.377298e-06,9.997614e-07,932112300000.0,109900000000000.0,1.217775,22770000000000.0,-0.99792
650,0.7155,7.121647,6.660019999999996,2522.425,315.1524,296.8225,247.1543,391.7838,-5.22909,28545880000000.0,20856750000000.0,1569651000000.0,0.4950548,1.139382e-06,-9.413772e-07,-2.047959e-06,-9.167208e-07,1.283442e-07,-3.163145e-06,-2.754204e-06,1.521258e-06,17492760000000.0,1176458000000.0,0.4166504,9.616729e-07,-7.727813e-07,-1.706637e-06,-7.520953e-07,1.296882e-07,-2.647869e-06,-2.302677e-06,1.305132e-06,10764780000000.0,515446500000.0,0.2613337,5.61981e-07,-4.200258e-07,-9.655382e-07,-4.081412e-07,1.066953e-07,-1.515545e-06,-1.313767e-06,7.932469e-07,796310800000.0,31410000000000.0,0.9891475,5286000000000.0,-0.684882
653,0.7193,5.968017,5.760021999999996,2544.2,265.9704,258.0355,365.0694,391.3804,-28.76339,155224200000000.0,93422870000000.0,10265880000000.0,0.8115961,1.165876e-05,-6.61963e-06,-1.786919e-05,-6.409061e-06,4.146219e-06,-2.929016e-05,-2.508127e-05,1.827284e-05,84292040000000.0,8893811000000.0,0.7059921,1.069492e-05,-5.885978e-06,-1.620291e-05,-5.695502e-06,3.981358e-06,-2.667947e-05,-2.281774e-05,1.693571e-05,54881130000000.0,5072876000000.0,0.4492219,7.434481e-06,-3.707723e-06,-1.087314e-05,-3.581866e-06,3.130837e-06,-1.815531e-05,-1.546891e-05,1.212526e-05,2354256000000.0,131200000000000.0,2.282955,50960000000000.0,-2.066
655,0.7196,5.781324,7.145764000000007,2538.365,257.0018,319.8561,205.1033,82.99217,477.5009,62762490000000.0,58821810000000.0,5507951000000.0,0.6967219,4.540791e-06,-2.374766e-06,-6.774875e-06,-2.289598e-06,1.850675e-06,-1.121757e-05,-9.58472e-06,7.385096e-06,52093820000000.0,4841073000000.0,0.6023057,4.276302e-06,-2.170588e-06,-6.313669e-06,-2.091096e-06,1.806424e-06,-1.04975e-05,-8.959558e-06,7.017255e-06,36427230000000.0,3015833000000.0,0.3913263,3.367256e-06,-1.556293e-06,-4.816663e-06,-1.495664e-06,1.568983e-06,-8.110887e-06,-6.89932e-06,5.66878e-06,1627599000000.0,170900000000000.0,1.755033,51030000000000.0,-1.52559
656,0.7211,6.615672,5.895866000000004,2544.885,295.1587,264.5644,-42.41376,10.0882,11.45475,48057030000000.0,46519210000000.0,4038041000000.0,0.6471354,2.761172e-06,2.568812e-07,-2.431877e-06,3.004488e-07,2.83162e-06,-5.122434e-06,-4.135803e-06,6.221405e-06,44020240000000.0,3571495000000.0,0.5660715,2.600395e-06,2.356047e-07,-2.296292e-06,2.763157e-07,2.659407e-06,-4.830178e-06,-3.900894e-06,5.85129e-06,27873080000000.0,2084166000000.0,0.3593592,1.954408e-06,1.612424e-07,-1.740798e-06,1.908995e-07,1.979944e-06,-3.645205e-06,-2.946472e-06,4.377367e-06,1372317000000.0,92220000000000.0,1.326321,20810000000000.0,-1.12563
657,0.7196,5.199668,4.899572,2551.627,232.2014,219.6362,163.7244,523.9334,-194.921,52478280000000.0,46711440000000.0,4218307000000.0,0.644464,2.996009e-06,-1.292113e-06,-4.202001e-06,-1.235948e-06,1.50516e-06,-7.131532e-06,-6.056139e-06,5.168241e-06,42290190000000.0,3659692000000.0,0.5582592,2.761942e-06,-1.154496e-06,-3.836563e-06,-1.103164e-06,1.422772e-06,-6.537143e-06,-5.54565e-06,4.798873e-06,27296390000000.0,2104028000000.0,0.3552624,1.980366e-06,-7.520891e-07,-2.674026e-06,-7.163773e-07,1.092292e-06,-4.610229e-06,-3.899016e-06,3.5111e-06,1389198000000.0,121800000000000.0,1.471819,30500000000000.0,-1.253
660,0.7184,6.550962,5.969091999999995,2537.391,291.3856,267.0504,472.6396,35.1636,135.8672,39022310000000.0,38445630000000.0,3337773000000.0,0.6161204,2.140559e-06,-2.51063e-06,-4.581625e-06,-2.461141e-06,-5.068549e-07,-6.681213e-06,-5.909935e-06,2.095865e-06,36427230000000.0,2991899000000.0,0.5351045,2.02373e-06,-2.300042e-06,-4.257707e-06,-2.253538e-06,-4.065503e-07,-6.242656e-06,-5.513398e-06,2.053629e-06,27200280000000.0,2045970000000.0,0.3562341,1.648609e-06,-1.707439e-06,-3.301449e-06,-1.67031e-06,-1.673632e-07,-4.918358e-06,-4.324073e-06,1.835514e-06,1151447000000.0,161700000000000.0,1.385258,38110000000000.0,-1.19097
661,0.722,5.295316,5.068450000000006,2557.466,237.0381,227.8005,146.1803,639.8279,-221.223,66030360000000.0,57572330000000.0,6018261000000.0,0.6909447,5.218845e-06,-1.782624e-06,-6.847284e-06,-1.691368e-06,3.071795e-06,-1.195045e-05,-1.007526e-05,9.445172e-06,51805480000000.0,5112574000000.0,0.5967324,4.808477e-06,-1.599529e-06,-6.265075e-06,-1.516257e-06,2.870528e-06,-1.096683e-05,-9.238878e-06,8.741313e-06,33255470000000.0,2780411000000.0,0.3793043,3.36423e-06,-1.026496e-06,-4.288573e-06,-9.702757e-07,2.094316e-06,-7.577825e-06,-6.368322e-06,6.198196e-06,1651750000000.0,67750000000000.0,1.545967,17820000000000.0,-1.23948
662,0.7229,5.36275,5.039376999999996,2559.7,240.2839,226.7098,-180.8362,557.6349,-61.51696,29026450000000.0,25950800000000.0,2171070000000.0,0.5302729,1.236457e-06,4.818326e-07,-7.263262e-07,5.010778e-07,1.639659e-06,-1.931265e-06,-1.489983e-06,3.164261e-06,22010120000000.0,1841556000000.0,0.4520475,1.128053e-06,4.231988e-07,-6.788247e-07,4.405797e-07,1.478909e-06,-1.778075e-06,-1.375442e-06,2.869498e-06,16819960000000.0,1196387000000.0,0.3035931,8.881175e-07,3.051967e-07,-5.620225e-07,3.185345e-07,1.135185e-06,-1.427381e-06,-1.110305e-06,2.22933e-06,886219800000.0,168800000000000.0,1.198506,34420000000000.0,-1.003721
663,0.7223,5.732125,5.2205760000000065,2555.525,256.5225,234.6698,508.8251,308.5,-277.3671,49594860000000.0,48057030000000.0,4591148000000.0,0.6541584,3.310589e-06,-3.610681e-06,-6.811948e-06,-3.535034e-06,-5.16399e-07,-1.006123e-05,-8.866854e-06,3.505381e-06,46903660000000.0,4146023000000.0,0.5781943,3.153722e-06,-3.356898e-06,-6.406055e-06,-3.285219e-06,-4.104963e-07,-9.501285e-06,-8.363415e-06,3.420033e-06,34985520000000.0,2749284000000.0,0.3875145,2.55529e-06,-2.503575e-06,-4.97288e-06,-2.446664e-06,-1.200782e-07,-7.48055e-06,-6.558303e-06,2.981543e-06,1349922000000.0,105700000000000.0,1.435208,25810000000000.0,-1.20978
664,0.7196,5.152813,4.8448550000000035,2552.057,230.1364,217.1921,42.3938,715.2079,106.6385,38926200000000.0,36235000000000.0,2878701000000.0,0.5921475,1.753336e-06,-5.423528e-07,-2.250164e-06,-5.094082e-07,1.101282e-06,-3.964363e-06,-3.335907e-06,3.253001e-06,33447700000000.0,2486228000000.0,0.5162619,1.609597e-06,-4.838958e-07,-2.051447e-06,-4.538515e-07,1.024301e-06,-3.625044e-06,-3.048071e-06,2.999217e-06,21914010000000.0,1351660000000.0,0.330533,1.106209e-06,-3.05149e-07,-1.3819e-06,-2.849595e-07,7.298002e-07,-2.463224e-06,-2.0666e-06,2.086174e-06,1171115000000.0,32750000000000.0,0.9901329,5517000000000.0,-0.777051
665,0.7208,6.367414,5.310323000000006,2548.149,284.3533,238.3178,147.1602,123.5107,-134.7271,55265590000000.0,43828010000000.0,4701167000000.0,0.6308338,3.527384e-06,-1.126434e-06,-4.552079e-06,-1.062682e-06,2.163517e-06,-7.996944e-06,-6.732559e-06,6.477031e-06,39118420000000.0,3919855000000.0,0.5445065,3.194068e-06,-9.928396e-07,-4.094325e-06,-9.355924e-07,1.984708e-06,-7.213651e-06,-6.068594e-06,5.889837e-06,25374110000000.0,2068476000000.0,0.351109,2.158103e-06,-6.207645e-07,-2.715344e-06,-5.831046e-07,1.387815e-06,-4.822907e-06,-4.048921e-06,4.024694e-06,1327112000000.0,53200000000000.0,1.261701,11420000000000.0,-0.9989099
666,0.7211,6.066352,5.814591999999997,2548.406,270.8325,260.9748,-1.320824,9.438905,-220.3466,45654180000000.0,29603130000000.0,3083789000000.0,0.5527301,2.350521e-06,1.291798e-07,-2.159961e-06,1.673616e-07,2.323184e-06,-4.451108e-06,-3.611066e-06,5.209105e-06,27776970000000.0,2654387000000.0,0.4846949,2.166498e-06,1.158237e-07,-1.993812e-06,1.507187e-07,2.137108e-06,-4.105572e-06,-3.331205e-06,4.796595e-06,22490690000000.0,1695478000000.0,0.3331757,1.645508e-06,8.111316e-08,-1.520522e-06,1.069038e-07,1.614055e-06,-3.124429e-06,-2.536056e-06,3.63282e-06,937827200000.0,111800000000000.0,1.319048,25090000000000.0,-1.09197
667,0.7232,6.644117,6.703037000000002,2547.52,296.7462,301.4261,225.4751,150.1693,32.04376,60167410000000.0,45173610000000.0,4408457000000.0,0.63734,3.184455e-06,-1.700989e-06,-4.788782e-06,-1.640124e-06,1.267937e-06,-7.902262e-06,-6.758811e-06,5.153348e-06,42290190000000.0,3965299000000.0,0.5579235,3.010169e-06,-1.557818e-06,-4.476173e-06,-1.500743e-06,1.247161e-06,-7.419226e-06,-6.338217e-06,4.919174e-06,30564270000000.0,2679630000000.0,0.3684666,2.422027e-06,-1.135097e-06,-3.482024e-06,-1.090456e-06,1.11777e-06,-5.849982e-06,-4.979794e-06,4.070242e-06,1313649000000.0,181200000000000.0,1.532659,47250000000000.0,-1.37511
673,0.7246,5.557544,5.042831999999994,2564.593,249.542,227.3736,-193.4576,468.2036,-20.16159,66126480000000.0,54496680000000.0,6040582000000.0,0.6796647,5.132091e-06,1.394428e-06,-3.605075e-06,1.459242e-06,6.152599e-06,-8.602206e-06,-6.767669e-06,1.245581e-05,50267660000000.0,5257816000000.0,0.5922698,4.763865e-06,1.258097e-06,-3.381822e-06,1.317409e-06,5.672106e-06,-8.020329e-06,-6.31717e-06,1.152157e-05,36138890000000.0,3227133000000.0,0.389675,3.556851e-06,8.584233e-07,-2.603646e-06,9.004973e-07,4.146908e-06,-6.066709e-06,-4.794422e-06,8.510456e-06,1519367000000.0,131500000000000.0,1.724401,38580000000000.0,-1.452277
674,0.724,5.728382,5.286030999999995,2560.6,256.863,238.0991,-39.10167,398.2941,-503.2598,46711440000000.0,39887340000000.0,3936838000000.0,0.6137489,2.905e-06,2.932147e-07,-2.538022e-06,3.381317e-07,3.002424e-06,-5.371405e-06,-4.332185e-06,6.571639e-06,35946660000000.0,3304595000000.0,0.5300878,2.649541e-06,2.600578e-07,-2.321756e-06,3.006211e-07,2.72968e-06,-4.9059e-06,-3.957963e-06,5.984278e-06,23547950000000.0,1799451000000.0,0.3390241,1.864874e-06,1.677751e-07,-1.648378e-06,1.953652e-07,1.902835e-06,-3.467058e-06,-2.799602e-06,4.191823e-06,1238901000000.0,77880000000000.0,1.356201,17970000000000.0,-1.07415
676,0.7252,5.879591,4.876770000000003,2565.193,264.1635,220.0244,-122.4438,81.68278,74.13093,49114290000000.0,36907800000000.0,3506723000000.0,0.5995323,2.529004e-06,6.313809e-07,-1.833764e-06,6.689885e-07,2.989038e-06,-4.296375e-06,-3.393562e-06,6.098187e-06,33736040000000.0,2983829000000.0,0.5186552,2.306699e-06,5.588315e-07,-1.689287e-06,5.927835e-07,2.70813e-06,-3.935421e-06,-3.111856e-06,5.543399e-06,21241210000000.0,1572849000000.0,0.3261584,1.589758e-06,3.507871e-07,-1.197817e-06,3.733694e-07,1.829462e-06,-2.745813e-06,-2.17796e-06,3.782151e-06,1188062000000.0,68900000000000.0,1.256566,14730000000000.0,-1.031129
677,0.7249,4.990270000000001,6.409233000000004,2561.638,223.6759,288.8466,82.30972,81.61193,-120.5917,63819740000000.0,61224660000000.0,5862447000000.0,0.7046755,4.520498e-06,-6.700225e-07,-5.060891e-06,-5.962706e-07,3.533255e-06,-9.471667e-06,-7.852032e-06,9.063023e-06,56899530000000.0,5168307000000.0,0.6146941,4.231184e-06,-6.10298e-07,-4.719543e-06,-5.419073e-07,3.321939e-06,-8.848009e-06,-7.331829e-06,8.496754e-06,33255470000000.0,2872483000000.0,0.3791577,2.984815e-06,-3.90918e-07,-3.287992e-06,-3.444976e-07,2.377241e-06,-6.200295e-06,-5.130155e-06,6.024754e-06,1728984000000.0,88590000000000.0,1.518005,22880000000000.0,-1.287
679,0.7258,4.844946,6.392882000000006,2564.781,217.397,288.3941,-25.75763,193.401,-270.4515,50652110000000.0,46423090000000.0,4369922000000.0,0.647017,3.349782e-06,2.710137e-07,-2.988428e-06,3.203871e-07,3.384318e-06,-6.253297e-06,-5.054915e-06,7.491987e-06,42482420000000.0,3848097000000.0,0.5581459,3.134514e-06,2.449674e-07,-2.804439e-06,2.905858e-07,3.156333e-06,-5.85946e-06,-4.737913e-06,6.999046e-06,30275930000000.0,2534298000000.0,0.3669942,2.501685e-06,1.77307e-07,-2.255037e-06,2.122685e-07,2.496264e-06,-4.693197e-06,-3.797637e-06,5.560734e-06,1350448000000.0,199900000000000.0,1.672139,56870000000000.0,-1.43998
680,0.7264,5.653376,6.782582999999995,2560.532,253.4709,306.024,-48.71709,360.9513,240.8025,85733750000000.0,84964830000000.0,8765728000000.0,0.7848686,9.698349e-06,-1.995816e-07,-9.593027e-06,-8.822467e-08,8.694551e-06,-1.905063e-05,-1.556566e-05,2.051091e-05,81216390000000.0,8200339000000.0,0.6949433,9.419164e-06,-1.891716e-07,-9.310708e-06,-8.255765e-08,8.444028e-06,-1.849596e-05,-1.511084e-05,1.991764e-05,71412750000000.0,6564716000000.0,0.4910484,8.497958e-06,-1.588578e-07,-8.383929e-06,-6.716424e-08,7.615715e-06,-1.667057e-05,-1.361515e-05,1.795965e-05,1985628000000.0,255800000000000.0,2.417225,105200000000000.0,-2.166135
681,0.7238,5.678407,5.144354000000001,2560.654,254.6126,231.6673,-7.550205,290.1367,-99.41097,133502400000000.0,127543400000000.0,13987330000000.0,0.900604,1.832951e-05,-2.537104e-07,-1.798402e-05,-6.64232e-08,1.648273e-05,-3.58543e-05,-2.92621e-05,3.877649e-05,121296000000000.0,12687490000000.0,0.7919228,1.75554e-05,-2.372279e-07,-1.721525e-05,-6.150199e-08,1.578086e-05,-3.433066e-05,-2.801572e-05,3.712703e-05,85253180000000.0,8335082000000.0,0.5184926,1.429951e-05,-1.776161e-07,-1.399569e-05,-4.621852e-08,1.28327e-05,-2.793631e-05,-2.278885e-05,3.020048e-05,2840391000000.0,125600000000000.0,2.63136,56230000000000.0,-2.286
683,0.73,6.724626,6.666648999999999,2566.563,302.6202,302.0654,27.12068,-133.0822,-153.5366,33351580000000.0,20280070000000.0,1778647000000.0,0.4886493,1.273578e-06,2.292732e-08,-1.218098e-06,4.494296e-08,1.215113e-06,-2.459744e-06,-2.004814e-06,2.779988e-06,17300530000000.0,1366014000000.0,0.4183138,1.060059e-06,1.870855e-08,-1.014159e-06,3.693414e-08,1.010704e-06,-2.047635e-06,-1.668945e-06,2.313058e-06,11149230000000.0,605796000000.0,0.2665185,6.013437e-07,1.006996e-08,-5.756967e-07,2.025033e-08,5.72297e-07,-1.161955e-06,-9.470843e-07,1.310827e-06,767803300000.0,36320000000000.0,0.9958947,6154000000000.0,-0.7238218
686,0.7303,6.903018,6.596031000000003,2567.058,310.7854,299.0061,-33.60715,-161.3154,-255.5356,32774900000000.0,28161420000000.0,2312532000000.0,0.5481683,1.359374e-06,3.193799e-07,-1.006918e-06,3.415589e-07,1.591849e-06,-2.331298e-06,-1.846212e-06,3.265053e-06,24989660000000.0,1934591000000.0,0.4696528,1.225158e-06,2.787133e-07,-9.164641e-07,2.985329e-07,1.424998e-06,-2.11007e-06,-1.672829e-06,2.93271e-06,16723850000000.0,1079705000000.0,0.3011674,8.505555e-07,1.763027e-07,-6.530702e-07,1.896926e-07,9.709069e-07,-1.481696e-06,-1.178034e-06,2.016993e-06,963965500000.0,64160000000000.0,1.058082,11550000000000.0,-0.83952
690,0.7297,5.996028,5.208793999999997,2576.549,270.6256,236.1751,-350.1913,253.8108,-22.9883,88136600000000.0,72470010000000.0,7935393000000.0,0.7426866,7.8968e-06,3.994467e-06,-3.706388e-06,4.066161e-06,1.127826e-05,-1.137871e-05,-8.560792e-06,2.099286e-05,65742020000000.0,6818613000000.0,0.6438821,7.266317e-06,3.573915e-06,-3.510623e-06,3.638401e-06,1.027138e-05,-1.05703e-05,-7.976905e-06,1.920778e-05,44596930000000.0,3955241000000.0,0.4174911,5.209438e-06,2.347111e-06,-2.728392e-06,2.389699e-06,7.136987e-06,-7.78948e-06,-5.929069e-06,1.353743e-05,1907411000000.0,78090000000000.0,1.844049,24500000000000.0,-1.519
692,0.7318,6.648339,6.719238000000004,2572.133,299.8052,305.0833,-178.9998,-56.73966,-184.8721,57860670000000.0,54496680000000.0,5296687000000.0,0.6748186,4.263792e-06,1.656787e-06,-2.498898e-06,1.707758e-06,5.608611e-06,-6.646346e-06,-5.124193e-06,1.084992e-05,50844340000000.0,4758289000000.0,0.590718,4.051138e-06,1.531735e-06,-2.416094e-06,1.579553e-06,5.284505e-06,-6.356667e-06,-4.910238e-06,1.026337e-05,37388370000000.0,3213869000000.0,0.3929417,3.281037e-06,1.131687e-06,-2.063901e-06,1.168582e-06,4.165206e-06,-5.255323e-06,-4.083276e-06,8.194516e-06,1509013000000.0,157000000000000.0,1.699644,45400000000000.0,-1.46025
693,0.7285,7.184046999999999,6.233491000000007,2562.049,322.9373,282.0572,39.48647,31.69503,22.57657,45461950000000.0,40656250000000.0,3732064000000.0,0.6134488,2.587498e-06,-2.810731e-07,-2.798267e-06,-2.367072e-07,2.134466e-06,-5.322036e-06,-4.396454e-06,5.306552e-06,38157280000000.0,3257009000000.0,0.5402924,2.433228e-06,-2.57842e-07,-2.624696e-06,-2.163998e-07,2.012797e-06,-4.99799e-06,-4.127504e-06,4.995309e-06,21048980000000.0,1619751000000.0,0.3254206,1.755513e-06,-1.685971e-07,-1.875392e-06,-1.395843e-07,1.466807e-06,-3.58765e-06,-2.959333e-06,3.617179e-06,1303439000000.0,68200000000000.0,1.233267,14310000000000.0,-1.008415
695,0.73,5.501376,4.911942999999998,2580.608,248.5468,222.8042,-499.7858,326.3631,-118.0111,68721560000000.0,66318710000000.0,6536352000000.0,0.7202695,5.506238e-06,4.630308e-06,-7.566745e-07,4.673109e-06,9.720485e-06,-6.0994e-06,-4.139578e-06,1.652426e-05,63723630000000.0,5933691000000.0,0.6376116,5.247973e-06,4.30423e-06,-8.292705e-07,4.344275e-06,9.153171e-06,-5.9213e-06,-4.053193e-06,1.563643e-05,43635790000000.0,3747803000000.0,0.413963,4.046682e-06,3.038263e-06,-9.176881e-07,3.066825e-06,6.769608e-06,-4.843859e-06,-3.402704e-06,1.176456e-05,1744182000000.0,111800000000000.0,1.688634,32120000000000.0,-1.460535
698,0.7306,6.282094,5.798078000000004,2575.067,283.4755,263.058,56.81914,296.3315,-121.0211,31140960000000.0,29314790000000.0,2271640000000.0,0.5509756,1.294575e-06,-2.914414e-07,-1.552106e-06,-2.6722e-07,9.223465e-07,-2.81569e-06,-2.352701e-06,2.511335e-06,26335250000000.0,1905268000000.0,0.4765473,1.175311e-06,-2.571004e-07,-1.401485e-06,-2.352477e-07,8.444214e-07,-2.548648e-06,-2.128273e-06,2.286788e-06,14128770000000.0,882924700000.0,0.2843599,7.50246e-07,-1.489936e-07,-8.791715e-07,-1.353703e-07,5.53098e-07,-1.611422e-06,-1.342985e-06,1.473263e-06,1020741000000.0,40430000000000.0,0.9522246,6550000000000.0,-0.730125
699,0.7324,6.297755,5.671243999999999,2580.238,284.7586,257.7899,-121.6122,213.4827,16.6886,114952400000000.0,90827790000000.0,10450820000000.0,0.7997432,1.193502e-05,1.528078e-06,-1.005758e-05,1.658226e-06,1.249957e-05,-2.168003e-05,-1.740279e-05,2.708829e-05,83523120000000.0,8923628000000.0,0.6980318,1.09272e-05,1.364641e-06,-9.240465e-06,1.481452e-06,1.140224e-05,-1.988142e-05,-1.596461e-05,2.475515e-05,45269730000000.0,4186804000000.0,0.4187891,6.740456e-06,7.74257e-07,-5.76241e-06,8.409493e-07,6.948986e-06,-1.232611e-05,-9.90831e-06,1.51768e-05,2340632000000.0,58820000000000.0,2.017498,20190000000000.0,-1.63449
702,0.736,7.132918,4.808677000000004,2590.333,324.1544,219.611,-52.01409,39.75158,351.7197,31717640000000.0,25854680000000.0,2092590000000.0,0.5301638,1.179461e-06,6.014738e-08,-1.090014e-06,8.073389e-08,1.165647e-06,-2.240112e-06,-1.818857e-06,2.616199e-06,24028520000000.0,1759358000000.0,0.460548,1.061925e-06,5.261599e-08,-9.827988e-07,7.102459e-08,1.047538e-06,-2.018273e-06,-1.638961e-06,2.353319e-06,14128770000000.0,873993200000.0,0.2839507,6.762677e-07,3.04843e-08,-6.286046e-07,4.191764e-08,6.631406e-07,-1.287999e-06,-1.046358e-06,1.494202e-06,916548500000.0,47250000000000.0,0.9705233,7802000000000.0,-0.7532022
704,0.7342,6.09007,6.580424999999999,2582.571,275.5446,299.6105,-26.86623,338.019,-18.56979,33736040000000.0,32102100000000.0,3009110000000.0,0.5661083,1.778346e-06,-3.144328e-08,-1.763117e-06,-1.688994e-09,1.629516e-06,-3.497463e-06,-2.861548e-06,3.812307e-06,31333190000000.0,2806876000000.0,0.5122121,1.718621e-06,-2.9748e-08,-1.703117e-06,-1.137631e-09,1.57496e-06,-3.379202e-06,-2.764602e-06,3.684194e-06,26046910000000.0,2056793000000.0,0.3478539,1.466972e-06,-2.334829e-08,-1.451163e-06,5.451633e-10,1.344686e-06,-2.881784e-06,-2.357021e-06,3.144174e-06,977187900000.0,133300000000000.0,1.20154,27250000000000.0,-1.0296
706,0.7357,7.065428,5.020115999999994,2589.138,320.9078,229.1765,65.19527,117.0995,188.1173,91308360000000.0,79197990000000.0,8284834000000.0,0.7628514,8.343223e-06,-1.204238e-06,-9.28891e-06,-1.084316e-06,6.496379e-06,-1.743125e-05,-1.443509e-05,1.666858e-05,72373890000000.0,7273795000000.0,0.6653154,7.802067e-06,-1.094922e-06,-8.653667e-06,-9.844086e-07,6.101076e-06,-1.626782e-05,-1.346549e-05,1.561082e-05,45558070000000.0,4299911000000.0,0.4188825,5.761669e-06,-7.313478e-07,-6.308817e-06,-6.545186e-07,4.567682e-06,-1.193154e-05,-9.860566e-06,1.158262e-05,2078155000000.0,173000000000000.0,2.18967,64450000000000.0,-1.897
707,0.7327,6.421249,5.531742999999996,2581.515,290.5328,251.5935,18.51028,17.91942,245.0179,36042770000000.0,26431370000000.0,2013475000000.0,0.5325607,1.407611e-06,-1.612952e-07,-1.531744e-06,-1.362998e-07,1.155771e-06,-2.90491e-06,-2.401598e-06,2.883171e-06,21721780000000.0,1507432000000.0,0.4456122,1.171634e-06,-1.304014e-07,-1.270938e-06,-1.097671e-07,9.653221e-07,-2.413894e-06,-1.994906e-06,2.402851e-06,11725920000000.0,597183000000.0,0.2672496,6.51772e-07,-6.738363e-08,-7.016082e-07,-5.616193e-08,5.413398e-07,-1.337415e-06,-1.104256e-06,1.340602e-06,1050911000000.0,26550000000000.0,1.0303,4654000000000.0,-0.719433
708,0.7333,6.82921,4.997290000000004,2583.234,309.3678,227.4946,213.1162,242.1335,151.9579,37388370000000.0,33351580000000.0,3026044000000.0,0.5739947,1.859658e-06,-1.222134e-06,-3.027479e-06,-1.184156e-06,5.189461e-07,-4.846266e-06,-4.178992e-06,2.791437e-06,30372040000000.0,2639622000000.0,0.4992584,1.730101e-06,-1.103325e-06,-2.782667e-06,-1.068222e-06,5.157213e-07,-4.474722e-06,-3.853869e-06,2.62951e-06,21817890000000.0,1653494000000.0,0.3288535,1.331656e-06,-7.760867e-07,-2.0681e-06,-7.496451e-07,4.682404e-07,-3.370421e-06,-2.892384e-06,2.094256e-06,1055244000000.0,89760000000000.0,1.177358,17980000000000.0,-0.97119
709,0.7345,5.51669,6.844498000000007,2584.343,249.6037,311.6435,-26.97727,365.285,96.91273,52189940000000.0,44116360000000.0,4325845000000.0,0.6300882,3.342277e-06,-1.383912e-07,-3.389298e-06,-8.519584e-08,2.973023e-06,-6.649325e-06,-5.452868e-06,7.069035e-06,37965060000000.0,3615629000000.0,0.5353369,3.052373e-06,-1.223988e-07,-3.090776e-06,-7.437264e-08,2.717353e-06,-6.067993e-06,-4.975149e-06,6.457144e-06,26239140000000.0,2137777000000.0,0.3489229,2.216734e-06,-8.119276e-08,-2.235691e-06,-4.756868e-08,1.97711e-06,-4.39776e-06,-3.603723e-06,4.690956e-06,1325255000000.0,144400000000000.0,1.585412,38950000000000.0,-1.329
710,0.7357,6.198519,6.7044210000000035,2585.573,280.8155,305.7246,-154.8468,99.47578,-290.9648,47384230000000.0,32967120000000.0,3108711000000.0,0.5715658,2.113389e-06,9.456326e-07,-1.117653e-06,9.758495e-07,2.918159e-06,-3.174493e-06,-2.420886e-06,5.52192e-06,29891470000000.0,2684329000000.0,0.4985965,1.938383e-06,8.407683e-07,-1.051373e-06,8.682002e-07,2.649034e-06,-2.937868e-06,-2.246582e-06,5.036691e-06,22298460000000.0,1635888000000.0,0.3319504,1.440733e-06,5.715299e-07,-8.341746e-07,5.91264e-07,1.91343e-06,-2.236294e-06,-1.722289e-06,3.686961e-06,1045058000000.0,98520000000000.0,1.263582,21180000000000.0,-1.06326
713,0.7384,6.636563000000001,5.489129999999997,2596.846,302.1447,251.234,-116.6239,93.43214,-3.027354,42290190000000.0,40752360000000.0,3744765000000.0,0.6152729,2.329048e-06,5.950467e-07,-1.675369e-06,6.30016e-07,2.767172e-06,-3.943302e-06,-3.111943e-06,5.630811e-06,39502880000000.0,3404236000000.0,0.5415593,2.219674e-06,5.525553e-07,-1.611007e-06,5.856394e-07,2.6219e-06,-3.77243e-06,-2.980035e-06,5.350657e-06,32102100000000.0,2385900000000.0,0.372395,1.840291e-06,4.227262e-07,-1.370391e-06,4.494719e-07,2.136201e-06,-3.16237e-06,-2.505194e-06,4.397432e-06,1166333000000.0,96080000000000.0,1.226544,20050000000000.0,-1.05237
715,0.7372,6.482411,5.008330999999997,2596.327,295.0067,228.9936,-237.3087,89.33758,210.6147,29026450000000.0,18069440000000.0,1360506000000.0,0.47939,7.630183e-07,5.237197e-07,-2.225934e-07,5.353937e-07,1.239263e-06,-9.650001e-07,-6.933719e-07,2.181741e-06,15089910000000.0,1001057000000.0,0.3931222,6.21609e-07,4.119362e-07,-1.959722e-07,4.213589e-07,9.945803e-07,-8.007805e-07,-5.794676e-07,1.762235e-06,10380320000000.0,502613000000.0,0.2582463,3.79282e-07,2.330499e-07,-1.377451e-07,2.386758e-07,5.881533e-07,-5.067646e-07,-3.71692e-07,1.05633e-06,706876700000.0,34500000000000.0,0.8671626,5090000000000.0,-0.6509
716,0.7421,5.761036,7.053201999999996,2604.194,262.7352,323.8453,-41.98558,302.2754,-152.7443,62474140000000.0,41521280000000.0,4656678000000.0,0.615901,3.602888e-06,2.25781e-07,-3.280869e-06,2.807452e-07,3.578964e-06,-6.792885e-06,-5.504207e-06,7.998574e-06,37388370000000.0,3884288000000.0,0.5320169,3.231733e-06,1.966725e-07,-2.948189e-06,2.454172e-07,3.202637e-06,-6.098378e-06,-4.942285e-06,7.166017e-06,24412970000000.0,2089056000000.0,0.3426145,2.183679e-06,1.221078e-07,-2.001727e-06,1.538734e-07,2.149487e-06,-4.130241e-06,-3.348711e-06,4.825571e-06,1255603000000.0,83350000000000.0,1.424451,20200000000000.0,-1.187349
717,0.7433,6.545731,5.542524000000005,2611.233,299.6238,255.0519,-33.18054,164.6964,-125.719,53439420000000.0,47384230000000.0,4861951000000.0,0.6400187,3.529557e-06,2.024411e-07,-3.233381e-06,2.578347e-07,3.49124e-06,-6.67353e-06,-5.411654e-06,7.8221e-06,41713500000000.0,4090638000000.0,0.5523002,3.234196e-06,1.805162e-07,-2.967345e-06,2.308106e-07,3.192625e-06,-6.1196e-06,-4.963175e-06,7.160302e-06,21433440000000.0,1806795000000.0,0.3254888,2.106498e-06,1.07355e-07,-1.941835e-06,1.389863e-07,2.065618e-06,-3.994926e-06,-3.241369e-06,4.647988e-06,1473176000000.0,46170000000000.0,1.223773,9613000000000.0,-0.96723
721,0.743,5.738936,6.450447000000005,2609.942,262.2982,296.5654,-14.2002,278.1898,41.64656,50171540000000.0,25278000000000.0,2135574000000.0,0.528359,1.275642e-06,-6.690306e-08,-1.309874e-06,-4.420149e-08,1.1282e-06,-2.554041e-06,-2.098215e-06,2.695384e-06,24028520000000.0,1825319000000.0,0.4682115,1.153129e-06,-5.903657e-08,-1.182513e-06,-3.863567e-08,1.020901e-06,-2.307182e-06,-1.895098e-06,2.437369e-06,14705450000000.0,857243400000.0,0.2886832,7.135423e-07,-3.339126e-08,-7.282909e-07,-2.106565e-08,6.339024e-07,-1.424203e-06,-1.169121e-06,1.509895e-06,897116200000.0,33970000000000.0,0.9395202,5430000000000.0,-0.74921
722,0.7424,5.62713,6.288976,2609.539,257.1151,288.9801,-20.7324,468.0072,248.2777,42386300000000.0,35273860000000.0,3430114000000.0,0.5822509,2.221388e-06,-2.764398e-07,-2.438458e-06,-2.3854e-07,1.797576e-06,-4.606894e-06,-3.811469e-06,4.521776e-06,33447700000000.0,3056074000000.0,0.5124031,2.087699e-06,-2.527006e-07,-2.284304e-06,-2.173574e-07,1.695586e-06,-4.322191e-06,-3.574565e-06,4.255339e-06,25854680000000.0,2044361000000.0,0.3476379,1.653205e-06,-1.832772e-07,-1.791263e-06,-1.560411e-07,1.357067e-06,-3.404913e-06,-2.81268e-06,3.382747e-06,1067740000000.0,195100000000000.0,1.44877,48090000000000.0,-1.247518
723,0.7482,6.502469,5.5422089999999935,2624.881,299.182,256.3481,-166.1422,365.4378,21.76111,33928270000000.0,29314790000000.0,2555185000000.0,0.5501811,1.494441e-06,5.046701e-07,-9.54173e-07,5.279071e-07,1.902478e-06,-2.409791e-06,-1.876599e-06,3.74318e-06,27584740000000.0,2240645000000.0,0.4793821,1.396168e-06,4.58014e-07,-9.04722e-07,4.795581e-07,1.76336e-06,-2.264598e-06,-1.766423e-06,3.482725e-06,20664520000000.0,1443303000000.0,0.3217362,1.091556e-06,3.282756e-07,-7.367036e-07,3.446987e-07,1.347448e-06,-1.799839e-06,-1.410235e-06,2.690944e-06,941297900000.0,90700000000000.0,1.119794,17280000000000.0,-0.923373
724,0.7503,6.119766,5.830050000000001,2631.949,282.1926,270.2786,42.42066,226.922,163.3719,50748230000000.0,49883200000000.0,4703767000000.0,0.6538349,3.556404e-06,-5.759926e-07,-4.0291e-06,-5.190372e-07,2.726831e-06,-7.49983e-06,-6.224868e-06,7.074754e-06,48825950000000.0,4333849000000.0,0.5787561,3.43547e-06,-5.432081e-07,-3.878495e-06,-4.886014e-07,2.645991e-06,-7.231183e-06,-5.99945e-06,6.845383e-06,37196140000000.0,3133695000000.0,0.3901197,2.951118e-06,-4.268223e-07,-3.290502e-06,-3.813482e-07,2.308187e-06,-6.170439e-06,-5.111921e-06,5.913157e-06,1373783000000.0,289500000000000.0,1.782169,87780000000000.0,-1.58598
725,0.7479,7.087857,5.629963,2620.673,325.858,260.3323,-134.9794,107.3143,-95.3507,35850550000000.0,26239140000000.0,2307048000000.0,0.5247156,1.565807e-06,5.257014e-07,-1.002118e-06,5.495681e-07,1.988705e-06,-2.526503e-06,-1.968046e-06,3.916411e-06,24509090000000.0,1937313000000.0,0.4608201,1.405914e-06,4.613035e-07,-9.103489e-07,4.825749e-07,1.774405e-06,-2.279065e-06,-1.777586e-06,3.504998e-06,16339390000000.0,1003656000000.0,0.298154,9.212922e-07,2.793774e-07,-6.190996e-07,2.929388e-07,1.138642e-06,-1.516005e-06,-1.187268e-06,2.272066e-06,904725600000.0,52210000000000.0,1.12419,9986000000000.0,-0.841797
726,0.7503,6.195793000000001,6.582750000000007,2627.741,285.2688,305.0199,-25.61056,-123.9991,66.5974,31525410000000.0,13840430000000.0,709526700000.0,0.4306883,3.896252e-07,4.456288e-08,-3.35662e-07,5.164438e-08,4.107396e-07,-7.154011e-07,-5.764342e-07,8.904669e-07,12206490000000.0,544744300000.0,0.3658302,3.223001e-07,3.580375e-08,-2.786869e-07,4.162691e-08,3.385961e-07,-5.928081e-07,-4.778431e-07,7.353718e-07,8073582000000.0,263686400000.0,0.2412877,1.924299e-07,1.991481e-08,-1.678015e-07,2.333827e-08,2.005274e-07,-3.553467e-07,-2.866899e-07,4.373354e-07,573962400000.0,19880000000000.0,0.7684077,2599000000000.0,-0.5671414
727,0.7472,7.152676,5.648268000000001,2618.299,328.5713,260.9846,-109.1192,-334.398,-226.6583,62474140000000.0,52189940000000.0,5047742000000.0,0.6598376,4.07591e-06,1.353273e-06,-2.619418e-06,1.404943e-06,5.135921e-06,-6.586549e-06,-5.130754e-06,1.014594e-05,47864800000000.0,4414793000000.0,0.5755446,3.78413e-06,1.218572e-06,-2.469051e-06,1.265871e-06,4.728258e-06,-6.152136e-06,-4.800355e-06,9.378466e-06,34985520000000.0,2789988000000.0,0.3820544,2.892321e-06,8.514229e-07,-1.965486e-06,8.859244e-07,3.528655e-06,-4.780462e-06,-3.746757e-06,7.0801e-06,1459753000000.0,95190000000000.0,1.572059,25460000000000.0,-1.319
728,0.7472,6.789569,5.882324999999998,2619.478,311.8702,271.786,-156.4931,82.25248,-90.03654,28738110000000.0,17588870000000.0,1368041000000.0,0.4652681,7.738656e-07,4.052389e-07,-3.509473e-07,4.176311e-07,1.130965e-06,-1.104165e-06,-8.285284e-07,2.085604e-06,16051050000000.0,1139741000000.0,0.4004029,6.825721e-07,3.459984e-07,-3.208957e-07,3.568428e-07,9.85833e-07,-9.852519e-07,-7.421059e-07,1.827708e-06,13455970000000.0,720007900000.0,0.2784177,4.947653e-07,2.30649e-07,-2.525886e-07,2.383425e-07,6.93898e-07,-7.341432e-07,-5.57846e-07,1.303853e-06,628274600000.0,64720000000000.0,0.924509,10180000000000.0,-0.740619
729,0.7506,5.964717,6.766437999999998,2628.966,274.6788,313.6214,21.06593,-89.17548,-330.9051,75353430000000.0,49498740000000.0,6161243000000.0,0.6473624,6.124398e-06,2.722309e-07,-5.678343e-06,3.555917e-07,5.939371e-06,-1.164792e-05,-9.454089e-06,1.343442e-05,41905730000000.0,4799623000000.0,0.5501278,5.23331e-06,2.286224e-07,-4.855542e-06,2.992216e-07,5.069188e-06,-9.956529e-06,-8.081697e-06,1.147266e-05,29987590000000.0,2453113000000.0,0.3623745,3.380239e-06,1.396088e-07,-3.142861e-06,1.837215e-07,3.261438e-06,-6.437561e-06,-5.226128e-06,7.395012e-06,1456748000000.0,60490000000000.0,1.646007,16940000000000.0,-1.28
730,0.7509,6.134316000000001,6.603290000000003,2629.515,282.6071,306.1513,-270.2596,-98.77109,-180.3027,32102100000000.0,28161420000000.0,2226138000000.0,0.5433187,1.295531e-06,1.07192e-06,-1.956229e-07,1.088882e-06,2.282293e-06,-1.454773e-06,-9.938357e-07,3.883334e-06,26815820000000.0,1965157000000.0,0.4834255,1.21078e-06,9.779494e-07,-2.065457e-07,9.936783e-07,2.108738e-06,-1.383313e-06,-9.524938e-07,3.604824e-06,19511160000000.0,1166390000000.0,0.314416,8.660005e-07,6.343558e-07,-2.124478e-07,6.452171e-07,1.441875e-06,-1.054091e-06,-7.458353e-07,2.511255e-06,931861400000.0,79220000000000.0,1.13368,15280000000000.0,-0.910206
731,0.7543,6.97894,5.4591190000000065,2640.002,323.1665,254.1856,69.20409,-60.40558,57.92058,274501800000000.0,141191600000000.0,15750670000000.0,0.9158395,3.351662e-05,-2.355546e-06,-3.473027e-05,-2.008337e-06,2.81915e-05,-6.742302e-05,-5.535401e-05,6.887715e-05,130907400000000.0,13807890000000.0,0.8057686,3.035881e-05,-2.092116e-06,-3.141089e-05,-1.783732e-06,2.555774e-05,-6.102324e-05,-5.008937e-05,6.240013e-05,88905510000000.0,7980232000000.0,0.5198287,2.025662e-05,-1.300083e-06,-2.084715e-05,-1.110966e-06,1.709687e-05,-4.060508e-05,-3.330425e-05,4.165228e-05,3221991000000.0,86290000000000.0,2.806329,41200000000000.0,-2.57598
732,0.754,5.691332,6.578485,2640.816,263.185,306.0566,-46.72073,483.6863,-54.3109,156185400000000.0,123891000000000.0,15182700000000.0,0.8788926,2.126049e-05,1.118151e-07,-2.045103e-05,3.125528e-07,1.948953e-05,-4.1178e-05,-3.352857e-05,4.534189e-05,115144700000000.0,13403780000000.0,0.7691968,2.001992e-05,1.024552e-07,-1.92553e-05,2.860627e-07,1.83323e-05,-3.87725e-05,-3.156774e-05,4.266704e-05,79294100000000.0,8319531000000.0,0.5011081,1.54675e-05,7.22466e-08,-1.486868e-05,1.985386e-07,1.410754e-05,-2.994687e-05,-2.437558e-05,3.288255e-05,2811088000000.0,211100000000000.0,3.065497,110100000000000.0,-2.69181
733,0.7546,5.71879,6.503767,2642.521,264.634,302.7601,-210.9282,63.25849,468.845,28353650000000.0,27008050000000.0,2369190000000.0,0.5342602,1.262211e-06,5.372892e-07,-6.957897e-07,5.564628e-07,1.718212e-06,-1.925248e-06,-1.474953e-06,3.274334e-06,26046910000000.0,2123730000000.0,0.4686913,1.193138e-06,4.933114e-07,-6.721362e-07,5.113034e-07,1.609163e-06,-1.834285e-06,-1.4086e-06,3.079876e-06,20760640000000.0,1472550000000.0,0.3200162,9.847315e-07,3.746655e-07,-5.868298e-07,3.891761e-07,1.294474e-06,-1.545918e-06,-1.194503e-06,2.50766e-06,869659300000.0,131900000000000.0,1.118487,25100000000000.0,-0.93989
737,0.7602,6.678674000000001,5.208747000000002,2660.166,311.4939,244.1604,288.8545,91.86161,189.041,40367910000000.0,38253400000000.0,3467969000000.0,0.5914443,2.253434e-06,-1.607548e-06,-3.791382e-06,-1.561657e-06,4.964918e-07,-5.996662e-06,-5.186765e-06,3.243543e-06,37100030000000.0,3194452000000.0,0.5289925,2.166547e-06,-1.509836e-06,-3.60924e-06,-1.465943e-06,5.123464e-07,-5.72947e-06,-4.950734e-06,3.153099e-06,30372040000000.0,2320598000000.0,0.3651719,1.821686e-06,-1.166298e-06,-2.93078e-06,-1.130154e-06,5.315716e-07,-4.71346e-06,-4.058455e-06,2.750724e-06,1107818000000.0,144300000000000.0,1.385295,34010000000000.0,-1.18748
738,0.7611,6.368534,5.561569999999997,2663.015,297.2242,260.9178,-102.3515,181.1801,179.6073,93807330000000.0,68433220000000.0,7831894000000.0,0.7223126,7.412128e-06,7.379229e-07,-6.461222e-06,8.291442e-07,7.575933e-06,-1.368224e-05,-1.102686e-05,1.664278e-05,64684770000000.0,7050659000000.0,0.6328262,7.015695e-06,6.784544e-07,-6.134338e-06,7.634308e-07,7.146395e-06,-1.296909e-05,-1.045531e-05,1.572603e-05,52382170000000.0,4985139000000.0,0.4356119,5.784899e-06,5.135933e-07,-5.100542e-06,5.80051e-07,5.835366e-06,-1.07361e-05,-8.662186e-06,1.290382e-05,1743678000000.0,145800000000000.0,1.960821,48640000000000.0,-1.72953
739,0.7611,6.682408,5.136170999999998,2662.621,311.9573,240.964,54.85842,155.3306,502.8058,61609120000000.0,52286050000000.0,5802626000000.0,0.6600817,4.643661e-06,-1.011425e-06,-5.519563e-06,-9.351787e-07,3.302558e-06,-1.005497e-05,-8.388588e-06,8.977587e-06,46615320000000.0,4995404000000.0,0.5683472,4.280412e-06,-9.031261e-07,-5.057753e-06,-8.336913e-07,3.070661e-06,-9.238287e-06,-7.702013e-06,8.300305e-06,33447700000000.0,3103617000000.0,0.3756401,3.277739e-06,-6.351927e-07,-3.814697e-06,-5.839217e-07,2.401639e-06,-7.015768e-06,-5.83881e-06,6.403015e-06,1484924000000.0,126400000000000.0,1.654012,35570000000000.0,-1.386933
740,0.7614,6.187294,5.965900000000007,2662.538,288.6468,279.8723,123.6539,136.7379,-363.4414,46999780000000.0,42097960000000.0,3793684000000.0,0.6103605,2.616128e-06,-5.792318e-07,-3.122354e-06,-5.335688e-07,1.86111e-06,-5.676618e-06,-4.739298e-06,5.064321e-06,39502880000000.0,3324431000000.0,0.537447,2.430975e-06,-5.243879e-07,-2.887188e-06,-4.8229e-07,1.742167e-06,-5.260648e-06,-4.389568e-06,4.718108e-06,26239140000000.0,1910190000000.0,0.3452083,1.737465e-06,-3.413954e-07,-2.029199e-06,-3.122455e-07,1.275541e-06,-3.725478e-06,-3.102624e-06,3.400917e-06,1273884000000.0,93870000000000.0,1.38879,22180000000000.0,-1.13949
742,0.7633,6.120902000000001,5.917375999999994,2668.428,286.1573,278.1589,-342.5717,310.0322,-342.3916,99189720000000.0,69971040000000.0,8150957000000.0,0.7325246,8.191506e-06,4.212914e-06,-3.776044e-06,4.281919e-06,1.1759e-05,-1.173476e-05,-8.810758e-06,2.183652e-05,64300310000000.0,6981498000000.0,0.6341981,7.491056e-06,3.742849e-06,-3.561268e-06,3.80428e-06,1.063824e-05,-1.08393e-05,-8.164823e-06,1.985106e-05,46038640000000.0,4115737000000.0,0.4172786,5.400655e-06,2.474302e-06,-2.787602e-06,2.51467e-06,7.432805e-06,-8.034368e-06,-6.105027e-06,1.406784e-05,1821346000000.0,119300000000000.0,2.050517,41620000000000.0,-1.74339
743,0.7626,6.171159,5.772293000000006,2667.18,288.3901,271.1907,-348.6085,415.9068,5.89038,169064600000000.0,118316400000000.0,15246150000000.0,0.8599568,2.394203e-05,6.869126e-06,-1.635742e-05,6.974543e-06,2.857603e-05,-3.962156e-05,-3.103651e-05,5.781376e-05,85253180000000.0,10524130000000.0,0.6934728,1.891105e-05,5.335353e-06,-1.300692e-05,5.414902e-06,2.246909e-05,-3.138232e-05,-2.460009e-05,4.555661e-05,48825950000000.0,4260031000000.0,0.4248105,1.01118e-05,2.720337e-06,-7.081146e-06,2.75653e-06,1.18616e-05,-1.690618e-05,-1.327769e-05,2.41956e-05,3026534000000.0,61280000000000.0,2.761371,28790000000000.0,-2.12652
744,0.763,6.999461,7.165735999999996,2655.967,326.0864,336.4204,273.5126,-57.45404,-113.7882,33255470000000.0,30372040000000.0,2530117000000.0,0.5470232,1.431748e-06,-1.005883e-06,-2.396424e-06,-9.760465e-07,3.365902e-07,-3.796533e-06,-3.283094e-06,2.087281e-06,28065310000000.0,2239374000000.0,0.4864056,1.34731e-06,-9.241987e-07,-2.232603e-06,-8.962528e-07,3.386827e-07,-3.55013e-06,-3.066933e-06,1.985909e-06,19799500000000.0,1304463000000.0,0.3140854,1.00376e-06,-6.28257e-07,-1.602629e-06,-6.078469e-07,3.11292e-07,-2.584169e-06,-2.224061e-06,1.537814e-06,979498400000.0,96800000000000.0,1.134236,18680000000000.0,-0.933768
745,0.7605,6.373402,5.6238399999999995,2660.868,297.2134,263.6476,524.351,158.282,-75.13617,79005760000000.0,66222590000000.0,7174431000000.0,0.7104423,6.748163e-06,-5.794181e-06,-1.23022e-05,-5.651935e-06,4.683096e-07,-1.892327e-05,-1.648489e-05,8.637916e-06,61128550000000.0,6286064000000.0,0.6213928,6.311898e-06,-5.276174e-06,-1.136227e-05,-5.144316e-06,5.776677e-07,-1.755517e-05,-1.527409e-05,8.217156e-06,43635790000000.0,3877468000000.0,0.4091451,4.860659e-06,-3.725458e-06,-8.409077e-06,-3.62715e-06,7.722419e-07,-1.317778e-05,-1.142023e-05,6.649977e-06,1752250000000.0,158700000000000.0,2.01217,54330000000000.0,-1.712
746,0.7614,6.298184,5.756276000000006,2662.85,293.896,270.0595,242.7386,83.10561,-295.5836,57572330000000.0,35658320000000.0,3613323000000.0,0.57795,2.558304e-06,-1.28929e-06,-3.772498e-06,-1.239915e-06,1.100169e-06,-6.273662e-06,-5.355596e-06,4.225844e-06,33351580000000.0,3112388000000.0,0.50868,2.333461e-06,-1.143742e-06,-3.408363e-06,-1.099051e-06,1.034606e-06,-5.689674e-06,-4.852194e-06,3.884993e-06,22971260000000.0,1781643000000.0,0.330625,1.656064e-06,-7.407025e-07,-2.347054e-06,-7.098518e-07,8.02507e-07,-3.966037e-06,-3.37142e-06,2.82399e-06,1116105000000.0,111700000000000.0,1.396002,26530000000000.0,-1.194
747,0.7623,6.397937,5.376093999999997,2666.355,298.9824,252.4949,1.455096,341.4938,254.7812,71220520000000.0,60167410000000.0,6149468000000.0,0.6869864,5.462704e-06,-5.897802e-07,-5.89206e-06,-5.080982e-07,4.469993e-06,-1.122282e-05,-9.26329e-06,1.114511e-05,53247190000000.0,5296831000000.0,0.5932985,5.033757e-06,-5.262479e-07,-5.411091e-06,-4.520862e-07,4.132682e-06,-1.032319e-05,-8.517192e-06,1.028179e-05,36715570000000.0,3241143000000.0,0.3870323,3.745334e-06,-3.562823e-07,-3.988225e-06,-3.037601e-07,3.101697e-06,-7.642866e-06,-6.29832e-06,7.672453e-06,1667239000000.0,183200000000000.0,1.970223,61410000000000.0,-1.686
748,0.7617,7.097856,5.424266999999996,2661.332,331.3852,254.6588,166.6523,-237.2253,-126.348,46711440000000.0,42001850000000.0,3931550000000.0,0.6100791,2.608771e-06,-7.609508e-07,-3.29676e-06,-7.134041e-07,1.676093e-06,-5.844184e-06,-4.909667e-06,4.870121e-06,36235000000000.0,3278062000000.0,0.5218207,2.370999e-06,-6.712423e-07,-2.975586e-06,-6.283792e-07,1.54256e-06,-5.290806e-06,-4.441359e-06,4.444891e-06,24124630000000.0,1779161000000.0,0.3365045,1.642504e-06,-4.281633e-07,-2.02377e-06,-3.992103e-07,1.103079e-06,-3.627587e-06,-3.038911e-06,3.112433e-06,1281896000000.0,57110000000000.0,1.202078,11680000000000.0,-0.961686
749,0.7614,6.737966,5.7370399999999995,2660.499,314.3242,269.1492,5.77933,-168.9313,-281.9252,35658320000000.0,33543810000000.0,2791030000000.0,0.5656823,1.671317e-06,1.831332e-07,-1.44583e-06,2.104293e-07,1.745158e-06,-3.074871e-06,-2.477824e-06,3.799303e-06,32005980000000.0,2526435000000.0,0.5116183,1.585611e-06,1.701195e-07,-1.375164e-06,1.95871e-07,1.651574e-06,-2.920654e-06,-2.354181e-06,3.600133e-06,20568410000000.0,1419324000000.0,0.3183767,1.16582e-06,1.135949e-07,-1.022041e-06,1.319952e-07,1.201112e-06,-2.158324e-06,-1.741666e-06,2.63288e-06,1066358000000.0,88510000000000.0,1.195314,18000000000000.0,-0.9774331
755,0.7689,7.179967,5.143429999999999,2681.93,337.8539,243.313,21.7453,12.3051,-138.6611,324961700000000.0,255086700000000.0,33099570000000.0,1.107782,7.39702e-05,-5.493186e-07,-7.162621e-05,-2.947019e-07,6.542302e-05,-0.0001437123,-0.0001169521,0.0001545553,223849700000000.0,27900820000000.0,0.9544359,6.902605e-05,-4.995883e-07,-6.680062e-05,-2.88662e-07,6.097995e-05,-0.0001340671,-0.0001090871,0.0001441101,129561800000000.0,14172820000000.0,0.586119,4.884987e-05,-3.238969e-07,-4.717695e-05,-2.472072e-07,4.29592e-05,-9.477765e-05,-7.707598e-05,0.0001016691,5081328000000.0,137400000000000.0,4.410357,103100000000000.0,-3.82
756,0.7661,6.962172,7.070118000000002,2665.993,325.5562,333.1113,151.6866,-14.74875,52.22495,60263520000000.0,53919990000000.0,5805908000000.0,0.6674145,4.660715e-06,-1.328029e-06,-5.847855e-06,-1.249397e-06,2.999732e-06,-1.039941e-05,-8.726804e-06,8.688124e-06,49306520000000.0,5073471000000.0,0.5776162,4.366951e-06,-1.210084e-06,-5.444332e-06,-1.137148e-06,2.842566e-06,-9.708981e-06,-8.141567e-06,8.171226e-06,37196140000000.0,3292956000000.0,0.3887181,3.43947e-06,-8.757357e-07,-4.208878e-06,-8.202189e-07,2.310112e-06,-7.567716e-06,-6.332591e-06,6.503921e-06,1491427000000.0,193900000000000.0,1.810272,59720000000000.0,-1.54143
757,0.7676,7.150399000000001,5.1747350000000045,2678.547,336.0236,244.4774,704.1803,254.213,-391.5107,28738110000000.0,21241210000000.0,1559720000000.0,0.4846092,1.000712e-06,-2.050443e-06,-3.018848e-06,-2.022969e-06,-1.106513e-06,-4.004394e-06,-3.642565e-06,1.095459e-07,18453900000000.0,1237945000000.0,0.4181397,8.614096e-07,-1.720463e-06,-2.553923e-06,-1.696913e-06,-9.082868e-07,-3.402225e-06,-3.090751e-06,1.382793e-07,10860890000000.0,535891600000.0,0.2570221,4.969564e-07,-9.212027e-07,-1.401793e-06,-9.077967e-07,-4.53281e-07,-1.891104e-06,-1.711385e-06,1.501229e-07,809927300000.0,28850000000000.0,0.9269736,4550000000000.0,-0.650628
758,0.7686,5.499667,6.893237999999996,2680.912,258.1268,325.6038,53.32417,323.0596,338.1432,39310650000000.0,36811690000000.0,3186006000000.0,0.582696,2.121973e-06,-6.016047e-07,-2.664383e-06,-5.633983e-07,1.379738e-06,-4.737083e-06,-3.976556e-06,3.977731e-06,34216610000000.0,2731939000000.0,0.5116278,1.937553e-06,-5.365298e-07,-2.419784e-06,-5.018852e-07,1.271832e-06,-4.312317e-06,-3.617819e-06,3.643616e-06,18838360000000.0,1254267000000.0,0.3083578,1.150697e-06,-2.958843e-07,-1.413847e-06,-2.757854e-07,7.765459e-07,-2.537754e-06,-2.125163e-06,2.184311e-06,1237977000000.0,75260000000000.0,1.290172,16520000000000.0,-1.02069
762,0.7723,6.723496,6.977614999999996,2685.472,316.5869,330.9455,10.85494,-61.40079,82.63029,28738110000000.0,26623600000000.0,2040755000000.0,0.5352804,1.075942e-06,-4.430031e-08,-1.092583e-06,-2.515852e-08,9.636752e-07,-2.141692e-06,-1.757357e-06,2.285453e-06,24893540000000.0,1770067000000.0,0.4621444,9.94783e-07,-3.961396e-08,-1.008704e-06,-2.204329e-08,8.919252e-07,-1.978676e-06,-1.623291e-06,2.113794e-06,16916080000000.0,1077636000000.0,0.2977768,7.563653e-07,-2.734283e-08,-7.638842e-07,-1.428907e-08,6.799648e-07,-1.501379e-06,-1.231072e-06,1.608493e-06,893487900000.0,97860000000000.0,1.076904,17930000000000.0,-0.8895645
763,0.7714,5.397749,7.163839000000002,2687.758,253.9614,339.3242,-223.1057,436.2108,220.8636,31140960000000.0,29122560000000.0,2431860000000.0,0.5384919,1.36509e-06,5.611768e-07,-7.72054e-07,5.814041e-07,1.836911e-06,-2.101694e-06,-1.614564e-06,3.519246e-06,28065310000000.0,2213396000000.0,0.4802222,1.300407e-06,5.213806e-07,-7.485232e-07,5.405151e-07,1.736214e-06,-2.015131e-06,-1.55105e-06,3.338578e-06,20952870000000.0,1505140000000.0,0.3203255,1.050404e-06,3.833609e-07,-6.419089e-07,3.983734e-07,1.363161e-06,-1.664929e-06,-1.289954e-06,2.656645e-06,931339500000.0,207000000000000.0,1.295633,45630000000000.0,-1.11177
764,0.7717,7.126777,4.998964999999998,2691.204,336.4845,237.2337,-271.7639,180.0649,-204.7411,34216610000000.0,18069440000000.0,1674925000000.0,0.4699755,1.074438e-06,8.249992e-07,-2.262471e-07,8.399702e-07,1.830393e-06,-1.27105e-06,-8.886625e-07,3.158142e-06,15858820000000.0,1272233000000.0,0.3948831,8.818623e-07,6.612481e-07,-2.014798e-07,6.734409e-07,1.48613e-06,-1.059008e-06,-7.451307e-07,2.575732e-06,12494830000000.0,720507400000.0,0.2767013,5.807913e-07,4.118837e-07,-1.561438e-07,4.197584e-07,9.546376e-07,-7.208933e-07,-5.141298e-07,1.671969e-06,658450600000.0,48540000000000.0,0.9816625,8107000000000.0,-0.746757
766,0.7774,7.141677,6.108177999999998,2701.734,338.5146,291.3827,225.0011,47.90393,-185.4562,34985520000000.0,33159350000000.0,2758971000000.0,0.5709517,1.537749e-06,-8.745489e-07,-2.368498e-06,-8.437146e-07,5.658374e-07,-3.871546e-06,-3.320319e-06,2.447029e-06,31621530000000.0,2431252000000.0,0.4975813,1.443812e-06,-7.980716e-07,-2.200594e-06,-7.692877e-07,5.5379e-07,-3.611811e-06,-3.094208e-06,2.319786e-06,20664520000000.0,1476398000000.0,0.3202047,1.107261e-06,-5.570015e-07,-1.632139e-06,-5.35395e-07,4.782471e-07,-2.714371e-06,-2.317281e-06,1.831817e-06,1062426000000.0,95690000000000.0,1.154764,18800000000000.0,-0.9643
767,0.7764,7.012777,6.115210999999996,2699.791,332.1038,291.4296,101.1126,440.1423,-163.2704,95056810000000.0,65549790000000.0,7304401000000.0,0.7091767,7.75499e-06,-1.562834e-06,-9.077145e-06,-1.445273e-06,5.603999e-06,-1.665118e-05,-1.386433e-05,1.505713e-05,61513000000000.0,6058734000000.0,0.6213008,6.989571e-06,-1.37801e-06,-8.14943e-06,-1.27331e-06,5.077454e-06,-1.497582e-05,-1.246365e-05,1.359546e-05,32198210000000.0,2469850000000.0,0.3675206,4.307414e-06,-7.802143e-07,-4.950092e-06,-7.188839e-07,3.187918e-06,-9.15673e-06,-7.607607e-06,8.43194e-06,1869480000000.0,37500000000000.0,1.733507,11060000000000.0,-1.29789
769,0.7837,5.685841,5.434208999999995,2731.258,271.9341,261.1099,30.05287,289.0468,32.62945,148496200000000.0,58533470000000.0,6492705000000.0,0.6737034,6.594327e-06,-6.49099e-07,-7.048518e-06,-5.509001e-07,5.456881e-06,-1.348222e-05,-1.111722e-05,1.351325e-05,46423090000000.0,4720440000000.0,0.5617839,5.315889e-06,-5.13711e-07,-5.671772e-06,-4.352906e-07,4.40616e-06,-1.085814e-05,-8.951416e-06,1.089943e-05,12783170000000.0,1020310000000.0,0.2700119,1.867905e-06,-1.691811e-07,-1.980656e-06,-1.426476e-07,1.556338e-06,-3.803008e-06,-3.1327e-06,3.83627e-06,1847316000000.0,31330000000000.0,1.534598,8180000000000.0,-1.2996
770,0.7812,5.566108,5.548746000000001,2722.852,265.352,265.7722,310.3761,215.1836,-92.31618,41136820000000.0,37100030000000.0,2993094000000.0,0.5809328,1.888838e-06,-1.491093e-06,-3.3227e-06,-1.451298e-06,2.7642e-07,-5.171494e-06,-4.492885e-06,2.580814e-06,33543810000000.0,2587189000000.0,0.5058296,1.743646e-06,-1.334679e-06,-3.025235e-06,-1.298201e-06,2.96141e-07,-4.731889e-06,-4.10537e-06,2.422968e-06,19991730000000.0,1419856000000.0,0.3133276,1.228992e-06,-8.493894e-07,-2.040295e-06,-8.243501e-07,2.979294e-07,-3.243153e-06,-2.801362e-06,1.795887e-06,1198331000000.0,136000000000000.0,1.379081,31910000000000.0,-1.162949
772,0.7837,5.890939,5.392682999999994,2729.889,281.6703,259.0669,155.2536,-105.1331,-92.50066,59782950000000.0,41425160000000.0,3794089000000.0,0.601451,2.543747e-06,-7.680284e-07,-3.23853e-06,-7.227461e-07,1.60348e-06,-5.72235e-06,-4.810656e-06,4.714408e-06,38157280000000.0,3389305000000.0,0.5300874,2.396217e-06,-7.030607e-07,-3.029958e-06,-6.607426e-07,1.529834e-06,-5.36971e-06,-4.510787e-06,4.459787e-06,27680850000000.0,2219813000000.0,0.3514619,1.875804e-06,-4.992792e-07,-2.319883e-06,-4.671387e-07,1.245548e-06,-4.151448e-06,-3.478759e-06,3.537565e-06,1230327000000.0,167200000000000.0,1.500692,42690000000000.0,-1.32957
773,0.7859,5.523721,5.817692000000003,2735.291,264.5216,279.9943,175.9272,227.9913,-87.50685,63243060000000.0,57764550000000.0,5723090000000.0,0.6745534,4.377136e-06,-1.56907e-06,-5.814031e-06,-1.491642e-06,2.501648e-06,-1.009088e-05,-8.519563e-06,7.843746e-06,50652110000000.0,4878219000000.0,0.5783801,4.030649e-06,-1.401823e-06,-5.310063e-06,-1.33125e-06,2.344361e-06,-9.248331e-06,-7.80117e-06,7.262399e-06,32486550000000.0,2749682000000.0,0.3681739,2.925567e-06,-9.315271e-07,-3.766614e-06,-8.820121e-07,1.782157e-06,-6.625044e-06,-5.574125e-06,5.349027e-06,1648023000000.0,93130000000000.0,1.568334,24850000000000.0,-1.309
775,0.7847,5.73242,6.017854999999999,2730.379,274.0885,289.2813,305.0828,24.39644,-109.6587,30179820000000.0,28834220000000.0,2376630000000.0,0.5371155,1.246145e-06,-1.04525e-06,-2.254801e-06,-1.018565e-06,1.233736e-07,-3.474084e-06,-3.026869e-06,1.645757e-06,27392510000000.0,2148644000000.0,0.475741,1.18701e-06,-9.711337e-07,-2.123174e-06,-9.458265e-07,1.416752e-07,-3.284585e-06,-2.858561e-06,1.591628e-06,21625660000000.0,1450083000000.0,0.3234291,9.584326e-07,-7.195295e-07,-1.649386e-06,-6.994365e-07,1.778968e-07,-2.587118e-06,-2.243033e-06,1.34807e-06,915198100000.0,107500000000000.0,1.088044,19900000000000.0,-0.9202231
776,0.7911,4.999763,5.127367999999999,2755.661,241.0776,248.2075,148.2733,368.3665,340.0661,67183730000000.0,65838140000000.0,6785331000000.0,0.7117161,5.318599e-06,-1.966186e-06,-7.120743e-06,-1.874372e-06,2.970097e-06,-1.232049e-05,-1.040866e-05,9.454317e-06,63723630000000.0,6204750000000.0,0.626734,5.100903e-06,-1.840472e-06,-6.783342e-06,-1.753109e-06,2.89153e-06,-1.177018e-05,-9.936407e-06,9.10916e-06,51036570000000.0,4388127000000.0,0.4262141,4.277834e-06,-1.42789e-06,-5.571097e-06,-1.356706e-06,2.533884e-06,-9.753057e-06,-8.214579e-06,7.744725e-06,1700599000000.0,104000000000000.0,1.639518,29010000000000.0,-1.41669
777,0.7914,5.035851,5.233005000000005,2755.656,242.8262,253.3629,-17.8391,226.047,-137.5059,122641500000000.0,114568000000000.0,11967140000000.0,0.8393576,1.464467e-05,1.777288e-07,-1.399576e-05,3.266727e-07,1.35595e-05,-2.82696e-05,-2.300578e-05,3.138505e-05,104956600000000.0,10611870000000.0,0.7359436,1.375897e-05,1.62497e-07,-1.315044e-05,2.988964e-07,1.27238e-05,-2.656087e-05,-2.161429e-05,2.946542e-05,69971040000000.0,6578614000000.0,0.47354,1.043584e-05,1.121759e-07,-9.975577e-06,2.053071e-07,9.607097e-06,-2.014665e-05,-1.63915e-05,2.228808e-05,2675162000000.0,220600000000000.0,2.922826,109700000000000.0,-2.524
779,0.7927,6.940133,6.050672000000003,2745.83,334.2336,293.2021,147.9257,197.257,266.9836,29410900000000.0,23644060000000.0,1858432000000.0,0.4957269,9.808008e-07,-6.135685e-07,-1.567461e-06,-5.932811e-07,3.076473e-07,-2.52622e-06,-2.174863e-06,1.509192e-06,21241210000000.0,1579875000000.0,0.4333983,8.880015e-07,-5.389347e-07,-1.402465e-06,-5.206715e-07,2.947787e-07,-2.270497e-06,-1.952355e-06,1.382457e-06,14513220000000.0,913972800000.0,0.2873586,6.444413e-07,-3.605385e-07,-9.869946e-07,-3.475044e-07,2.437916e-07,-1.616918e-06,-1.385975e-06,1.032766e-06,841728500000.0,58550000000000.0,0.9482501,9446000000000.0,-0.7545895
782,0.7907,5.474989,6.017165000000006,2747.885,263.3806,290.9742,-114.5805,149.6085,-155.576,30372040000000.0,25854680000000.0,2068869000000.0,0.5162511,1.048708e-06,3.710019e-07,-6.528536e-07,3.879231e-07,1.353354e-06,-1.674082e-06,-1.300176e-06,2.645411e-06,23547950000000.0,1778151000000.0,0.4524305,9.567199e-07,3.287009e-07,-6.052371e-07,3.440279e-07,1.22453e-06,-1.536881e-06,-1.195739e-06,2.403066e-06,15474360000000.0,996044200000.0,0.2915994,6.616403e-07,2.07576e-07,-4.380538e-07,2.179167e-07,8.262718e-07,-1.082339e-06,-8.463356e-07,1.640875e-06,891210900000.0,60080000000000.0,0.967734,9892000000000.0,-0.77616
783,0.7933,6.407152,6.244096000000006,2749.272,308.7277,302.6982,43.92941,282.1057,-181.001,29891470000000.0,27873080000000.0,2324007000000.0,0.5339938,1.20061e-06,-1.927961e-07,-1.362092e-06,-1.709333e-07,9.320002e-07,-2.533702e-06,-2.104365e-06,2.405907e-06,26239140000000.0,2049203000000.0,0.4630522,1.126091e-06,-1.75571e-07,-1.272161e-06,-1.551922e-07,8.789987e-07,-2.371038e-06,-1.968313e-06,2.261204e-06,20952870000000.0,1388312000000.0,0.3178782,9.048074e-07,-1.297577e-07,-1.010543e-06,-1.136973e-07,7.165663e-07,-1.893455e-06,-1.569776e-06,1.826623e-06,891102400000.0,108600000000000.0,1.091636,20170000000000.0,-0.912285
786,0.7994,5.221347,4.948567999999996,2778.133,253.8736,241.5447,-0.628823,189.5701,197.8773,49210400000000.0,33159350000000.0,3165489000000.0,0.5576316,2.253707e-06,-1.784056e-07,-2.371728e-06,-1.400313e-07,1.926064e-06,-4.570055e-06,-3.763891e-06,4.690257e-06,25085770000000.0,2262920000000.0,0.4557947,1.860779e-06,-1.427501e-07,-1.953361e-06,-1.113874e-07,1.593784e-06,-3.768399e-06,-3.102689e-06,3.875513e-06,13167630000000.0,864133800000.0,0.2705688,9.594761e-07,-6.856934e-08,-1.001785e-06,-5.28031e-08,8.255498e-07,-1.937657e-06,-1.594271e-06,2.001409e-06,1201695000000.0,53300000000000.0,1.210813,10980000000000.0,-0.944064
787,0.7956,6.936378,6.17066,2753.381,334.9696,299.8813,289.4747,321.0174,101.1795,40367910000000.0,18453900000000.0,1255932000000.0,0.4572855,9.981435e-07,-9.087177e-07,-1.877291e-06,-8.867005e-07,2.796486e-08,-2.85464e-06,-2.496128e-06,1.246754e-06,14993790000000.0,930399000000.0,0.3847749,8.042293e-07,-7.166315e-07,-1.496943e-06,-6.989814e-07,3.778697e-08,-2.284406e-06,-1.99552e-06,1.019643e-06,9323064000000.0,391379500000.0,0.2413606,4.231795e-07,-3.556329e-07,-7.660867e-07,-3.464832e-07,4.089279e-08,-1.180428e-06,-1.028379e-06,5.573052e-07,734280700000.0,35930000000000.0,1.074756,6570000000000.0,-0.7782861
788,0.7975,7.178035,6.411032000000005,2756.105,347.1037,312.1304,75.78656,155.4015,-192.4772,200301700000000.0,105052700000000.0,14092030000000.0,0.8143392,1.966864e-05,-1.503142e-06,-2.050138e-05,-1.297746e-06,1.64247e-05,-3.96891e-05,-3.260553e-05,4.029919e-05,96017950000000.0,12000080000000.0,0.71441,1.77532e-05,-1.326009e-06,-1.846973e-05,-1.145258e-06,1.484136e-05,-3.578865e-05,-2.939344e-05,3.638319e-05,72854460000000.0,7113178000000.0,0.4788653,1.272189e-05,-8.812977e-07,-1.315567e-05,-7.632133e-07,1.066833e-05,-2.556587e-05,-2.097945e-05,2.60863e-05,2420414000000.0,105200000000000.0,2.74047,49050000000000.0,-2.40174
789,0.7962,5.310925,5.115989000000004,2768.063,257.3178,248.8902,0.3271011,5.022768,114.1251,115240800000000.0,77275710000000.0,9046591000000.0,0.7348803,9.306396e-06,-1.486741e-07,-9.173675e-06,-2.862387e-08,8.426924e-06,-1.824668e-05,-1.490808e-05,1.978653e-05,68433220000000.0,7828392000000.0,0.637443,8.589588e-06,-1.32906e-07,-8.460786e-06,-2.421581e-08,7.775506e-06,-1.68349e-05,-1.375278e-05,1.82567e-05,49690970000000.0,4862234000000.0,0.4229516,6.462134e-06,-9.147609e-08,-6.352115e-06,-1.460587e-08,5.842753e-06,-1.265201e-05,-1.033169e-05,1.371995e-05,1967439000000.0,134500000000000.0,2.129492,48730000000000.0,-1.885
790,0.7975,6.959497,6.211787,2757.974,336.6577,302.4141,-241.3349,353.4946,54.27087,49114290000000.0,47480350000000.0,3990644000000.0,0.6241349,2.652116e-06,1.120183e-06,-1.467962e-06,1.155604e-06,3.589264e-06,-4.04902e-06,-3.102733e-06,6.854712e-06,43828010000000.0,3535643000000.0,0.5486793,2.490536e-06,1.023926e-06,-1.40619e-06,1.056855e-06,3.341486e-06,-3.829963e-06,-2.941232e-06,6.407396e-06,27104170000000.0,2094613000000.0,0.3491563,1.863313e-06,6.95867e-07,-1.121232e-06,7.195132e-07,2.426549e-06,-2.934509e-06,-2.269307e-06,4.7186e-06,1432957000000.0,95310000000000.0,1.388775,22520000000000.0,-1.16622
791,0.7985,5.30434,4.866446999999999,2775.491,257.6866,237.3226,115.6897,-134.399,362.1371,31525410000000.0,28065310000000.0,2168295000000.0,0.5325799,1.201624e-06,-4.587931e-07,-1.627961e-06,-4.356503e-07,6.674816e-07,-2.801772e-06,-2.371497e-06,2.140507e-06,26719710000000.0,1886734000000.0,0.4652468,1.112769e-06,-4.130447e-07,-1.49562e-06,-3.917452e-07,6.29516e-07,-2.582615e-06,-2.184121e-06,1.993387e-06,17492760000000.0,1098132000000.0,0.2973987,8.089293e-07,-2.725468e-07,-1.059156e-06,-2.574214e-07,4.841801e-07,-1.849308e-06,-1.559521e-06,1.475029e-06,940187800000.0,83110000000000.0,1.106077,15640000000000.0,-0.8991929
792,0.7959,5.400506,5.307439000000001,2766.496,261.5355,258.1482,-225.4668,-14.55441,-123.5364,37868940000000.0,28161420000000.0,2631822000000.0,0.5250093,1.548671e-06,9.908373e-07,-5.228502e-07,1.012421e-06,2.437938e-06,-2.028857e-06,-1.477428e-06,4.349167e-06,23163490000000.0,2103382000000.0,0.4458041,1.348855e-06,8.384865e-07,-4.797225e-07,8.571073e-07,2.0983e-06,-1.791409e-06,-1.311073e-06,3.762631e-06,15378250000000.0,1101031000000.0,0.2901455,8.84061e-07,5.110165e-07,-3.526479e-07,5.22906e-07,1.335702e-06,-1.212334e-06,-8.974162e-07,2.425993e-06,960867700000.0,53210000000000.0,1.037117,9389000000000.0,-0.816651
794,0.8046,6.985616,5.9829980000000065,2778.832,340.4895,293.4114,62.16949,253.7942,132.6806,63819740000000.0,54112220000000.0,5873696000000.0,0.6499436,5.025063e-06,-8.807468e-07,-5.752469e-06,-8.04834e-07,3.767154e-06,-1.065754e-05,-8.853505e-06,9.89772e-06,50363770000000.0,5310145000000.0,0.5742825,4.775917e-06,-8.14432e-07,-5.443804e-06,-7.431265e-07,3.60035e-06,-1.010563e-05,-8.390788e-06,9.425572e-06,41425160000000.0,3794374000000.0,0.3954487,3.979158e-06,-6.233499e-07,-4.47817e-06,-5.662912e-07,3.047483e-06,-8.362171e-06,-6.932677e-06,7.897032e-06,1444255000000.0,283100000000000.0,2.053951,98930000000000.0,-1.795
795,0.8046,5.579341,6.785021000000005,2781.726,271.738,332.5386,217.6881,400.6658,162.8529,49114290000000.0,38253400000000.0,2838056000000.0,0.5788757,2.076596e-06,-1.313694e-06,-3.328782e-06,-1.271535e-06,6.285263e-07,-5.360673e-06,-4.614892e-06,3.164371e-06,32967120000000.0,2257065000000.0,0.4975857,1.80953e-06,-1.116931e-06,-2.872612e-06,-1.080438e-06,5.747151e-07,-4.643155e-06,-3.99322e-06,2.784013e-06,9226950000000.0,539290400000.0,0.2406456,7.229635e-07,-4.069472e-07,-1.10799e-06,-3.927675e-07,2.676289e-07,-1.815333e-06,-1.55555e-06,1.149634e-06,1551558000000.0,25760000000000.0,1.134454,4972000000000.0,-0.835956
796,0.8037,6.208491,4.975121000000003,2784.947,302.9596,243.863,121.553,338.8793,-53.1743,34889410000000.0,33063240000000.0,3073245000000.0,0.558846,1.812421e-06,-6.914729e-07,-2.453178e-06,-6.572008e-07,1.003722e-06,-4.223752e-06,-3.574323e-06,3.222546e-06,31525410000000.0,2706603000000.0,0.4938824,1.708243e-06,-6.376284e-07,-2.297899e-06,-6.054972e-07,9.595749e-07,-3.966684e-06,-3.354534e-06,3.050571e-06,22010120000000.0,1576899000000.0,0.3217241,1.280527e-06,-4.387759e-07,-1.682798e-06,-4.152351e-07,7.567617e-07,-2.933701e-06,-2.474664e-06,2.323289e-06,1077200000000.0,56320000000000.0,1.099967,10540000000000.0,-0.853182
797,0.8017,5.121787,4.8866909999999955,2785.466,249.6639,239.1016,10.87534,287.7213,139.3167,47384230000000.0,31813760000000.0,3067146000000.0,0.5493523,2.062252e-06,-2.388014e-07,-2.245219e-06,-2.036208e-07,1.686087e-06,-4.257273e-06,-3.519263e-06,4.214343e-06,28834220000000.0,2640300000000.0,0.4786833,1.887128e-06,-2.113551e-07,-2.047075e-06,-1.794824e-07,1.549046e-06,-3.888245e-06,-3.212811e-06,3.862068e-06,21721780000000.0,1654128000000.0,0.3225662,1.426169e-06,-1.455257e-07,-1.532131e-06,-1.221652e-07,1.182544e-06,-2.923523e-06,-2.412854e-06,2.929359e-06,998633800000.0,134900000000000.0,1.376819,31600000000000.0,-1.166
798,0.8046,5.615668,6.8403110000000025,2781.526,273.4989,335.2709,-2.140657,65.90532,-135.9711,30948730000000.0,26719710000000.0,2467076000000.0,0.5152346,1.28511e-06,4.455213e-08,-1.207844e-06,6.678906e-08,1.247808e-06,-2.460588e-06,-2.001638e-06,2.827123e-06,25374110000000.0,2285552000000.0,0.4756069,1.231007e-06,4.192015e-08,-1.157669e-06,6.313537e-08,1.194247e-06,-2.357669e-06,-1.918014e-06,2.706932e-06,19222810000000.0,1390120000000.0,0.3061315,9.325486e-07,2.887454e-08,-8.795153e-07,4.457067e-08,9.006225e-07,-1.788565e-06,-1.455386e-06,2.04594e-06,877208100000.0,99950000000000.0,1.060854,18040000000000.0,-0.8759196
800,0.8086,5.346998,4.856172999999997,2803.744,262.4153,239.2465,-227.9522,106.1442,-11.83324,41425160000000.0,31717640000000.0,3184674000000.0,0.5451954,2.032652e-06,1.0559e-06,-9.287404e-07,1.083162e-06,2.950281e-06,-2.905741e-06,-2.181284e-06,5.455121e-06,28930330000000.0,2763560000000.0,0.4773561,1.872099e-06,9.446386e-07,-8.829757e-07,9.694768e-07,2.688517e-06,-2.703808e-06,-2.036489e-06,4.995047e-06,23547950000000.0,1790309000000.0,0.3271665,1.429913e-06,6.639695e-07,-7.313464e-07,6.823076e-07,1.993911e-06,-2.122076e-06,-1.612179e-06,3.754568e-06,981661000000.0,175800000000000.0,1.419256,42450000000000.0,-1.18899
801,0.8079,5.776684,6.376559999999996,2792.116,282.4649,313.6221,121.1465,183.5589,272.9426,39214540000000.0,34312720000000.0,3746438000000.0,0.563735,2.383861e-06,-8.855647e-07,-3.200036e-06,-8.421199e-07,1.337354e-06,-5.529081e-06,-4.674057e-06,4.251154e-06,32967120000000.0,3340964000000.0,0.4971965,2.24644e-06,-8.11986e-07,-2.992729e-06,-7.713582e-07,1.28179e-06,-5.187489e-06,-4.381661e-06,4.027098e-06,25758570000000.0,2261093000000.0,0.3373928,1.804544e-06,-5.997356e-07,-2.350688e-06,-5.679352e-07,1.079507e-06,-4.113661e-06,-3.466096e-06,3.2834e-06,1036244000000.0,152600000000000.0,1.394684,36210000000000.0,-1.15533
802,0.8089,5.543391,6.378859000000002,2796.307,271.3912,314.0803,-40.08604,322.221,87.81364,68913790000000.0,63243060000000.0,6096325000000.0,0.6880768,5.508242e-06,-8.954151e-09,-5.35842e-06,6.782524e-08,5.087738e-06,-1.072908e-05,-8.75504e-06,1.182437e-05,58149010000000.0,5157313000000.0,0.5999327,5.057229e-06,-8.018453e-09,-4.918586e-06,6.155594e-08,4.668437e-06,-9.849459e-06,-8.036764e-06,1.085195e-05,26623600000000.0,2079677000000.0,0.3418014,3.046356e-06,-4.396098e-09,-2.960202e-06,3.521945e-08,2.805305e-06,-5.930338e-06,-4.837698e-06,6.52629e-06,1921324000000.0,80490000000000.0,1.805129,24720000000000.0,-1.41867
803,0.805,5.184011,4.9213390000000015,2794.001,253.4879,241.5668,-334.0373,73.59425,-230.6376,30179820000000.0,18934470000000.0,1524302000000.0,0.4601339,9.463309e-07,9.15737e-07,-1.110906e-08,9.277423e-07,1.800496e-06,-9.305436e-07,-5.940942e-07,2.971634e-06,14032650000000.0,1062817000000.0,0.3752153,7.353392e-07,6.907416e-07,-2.934422e-08,6.999635e-07,1.377885e-06,-7.437719e-07,-4.82306e-07,2.287716e-06,8746380000000.0,455552400000.0,0.2386735,4.083132e-07,3.604348e-07,-3.927039e-08,3.654234e-07,7.415516e-07,-4.359587e-07,-2.907358e-07,1.246518e-06,748479700000.0,44710000000000.0,1.032758,7856000000000.0,-0.743292
805,0.8076,5.756082,6.479938000000001,2790.689,281.3069,318.5754,27.72126,139.5862,-73.82269,43828010000000.0,32967120000000.0,3131442000000.0,0.5550525,2.043705e-06,-1.64878e-07,-2.153763e-06,-1.299156e-07,1.743838e-06,-4.146981e-06,-3.416096e-06,4.250472e-06,30852620000000.0,2698969000000.0,0.4896015,1.888848e-06,-1.487577e-07,-1.986725e-06,-1.1667e-07,1.614613e-06,-3.828905e-06,-3.15333e-06,3.930943e-06,19222810000000.0,1441029000000.0,0.3091036,1.294372e-06,-9.291683e-08,-1.351807e-06,-7.157675e-08,1.113411e-06,-2.614181e-06,-2.151025e-06,2.699664e-06,1079014000000.0,77830000000000.0,1.232466,16320000000000.0,-0.9978892
807,0.8089,6.828534,7.123283999999998,2785.356,333.5405,350.5707,82.02615,321.1959,135.4238,29795360000000.0,27776970000000.0,2253896000000.0,0.5226457,1.185936e-06,-4.615677e-07,-1.615293e-06,-4.387053e-07,6.498477e-07,-2.773684e-06,-2.349052e-06,2.103388e-06,25758570000000.0,1980597000000.0,0.4577829,1.104763e-06,-4.176957e-07,-1.492319e-06,-3.965279e-07,6.17226e-07,-2.571408e-06,-2.175804e-06,1.971054e-06,17588870000000.0,1208510000000.0,0.2982434,8.313558e-07,-2.85945e-07,-1.094267e-06,-2.703648e-07,4.917263e-07,-1.906268e-06,-1.608469e-06,1.509914e-06,921361900000.0,103600000000000.0,1.10404,19460000000000.0,-0.909315
808,0.8053,5.62657,6.672030999999995,2784.217,274.2985,327.2693,105.7611,336.045,307.1685,37292260000000.0,33639920000000.0,2868340000000.0,0.5577567,1.71554e-06,-7.499406e-07,-2.417571e-06,-7.168375e-07,8.557434e-07,-4.094307e-06,-3.479307e-06,2.955891e-06,31237070000000.0,2467985000000.0,0.4908456,1.583395e-06,-6.762851e-07,-2.215278e-06,-6.45906e-07,8.051478e-07,-3.762834e-06,-3.195159e-06,2.743221e-06,18261670000000.0,1199037000000.0,0.301266,1.009291e-06,-3.945249e-07,-1.375031e-06,-3.756256e-07,5.482624e-07,-2.361419e-06,-1.999441e-06,1.782828e-06,1159232000000.0,60110000000000.0,1.145017,11710000000000.0,-0.897831
809,0.8059,5.785427,7.085158999999997,2782.68,281.9393,347.6399,-228.7827,-18.50133,103.1469,38830080000000.0,30756500000000.0,3027596000000.0,0.5386248,1.908489e-06,1.022978e-06,-8.408578e-07,1.04913e-06,2.803255e-06,-2.697163e-06,-2.01709e-06,5.155824e-06,27776970000000.0,2613713000000.0,0.4735244,1.765428e-06,9.209006e-07,-8.029961e-07,9.448638e-07,2.566991e-06,-2.520141e-06,-1.890976e-06,4.742821e-06,20280070000000.0,1551787000000.0,0.3118763,1.317142e-06,6.301477e-07,-6.554347e-07,6.474392e-07,1.856367e-06,-1.93653e-06,-1.466943e-06,3.478704e-06,990359400000.0,118300000000000.0,1.277377,25710000000000.0,-1.045198
810,0.8128,6.878506,6.154969000000003,2800.739,337.8606,304.2203,6.492224,190.3363,188.6133,38349510000000.0,23740170000000.0,2363659000000.0,0.4955711,1.936296e-06,-2.334768e-07,-2.117942e-06,-1.996008e-07,1.576296e-06,-4.006999e-06,-3.31437e-06,3.951232e-06,21048980000000.0,1868128000000.0,0.4269803,1.70259e-06,-2.004091e-07,-1.857219e-06,-1.708327e-07,1.390254e-06,-3.51826e-06,-2.909165e-06,3.478191e-06,14417110000000.0,923374700000.0,0.2817177,1.08665e-06,-1.204072e-07,-1.177487e-06,-1.018944e-07,8.936464e-07,-2.237601e-06,-1.848745e-06,2.225634e-06,829481700000.0,62290000000000.0,1.177601,12480000000000.0,-0.879516
811,0.8138,6.386135,6.126442000000003,2807.067,314.1752,303.1805,102.2963,117.7635,47.03439,156377600000000.0,128408400000000.0,16396200000000.0,0.8634839,2.11387e-05,-2.651622e-06,-2.305531e-05,-2.418146e-06,1.66185e-05,-4.368686e-05,-3.606881e-05,4.225211e-05,112261200000000.0,14040220000000.0,0.7464268,1.942246e-05,-2.374782e-06,-2.111688e-05,-2.165636e-06,1.531399e-05,-4.007316e-05,-3.30719e-05,3.885764e-05,76795140000000.0,8212424000000.0,0.4851864,1.413269e-05,-1.592848e-06,-1.521777e-05,-1.454236e-06,1.123588e-05,-2.901071e-05,-2.391195e-05,2.834517e-05,2928996000000.0,130700000000000.0,2.800753,62280000000000.0,-2.38293
812,0.8125,5.230732,6.160156999999996,2808.921,257.151,304.438,-94.25405,291.0686,125.8038,44404700000000.0,40367910000000.0,4037944000000.0,0.5915982,2.553637e-06,3.023144e-07,-2.184456e-06,3.410398e-07,2.680524e-06,-4.673037e-06,-3.760158e-06,5.815428e-06,38157280000000.0,3656957000000.0,0.5239868,2.427062e-06,2.801113e-07,-2.083104e-06,3.166213e-07,2.539488e-06,-4.448314e-06,-3.580595e-06,5.518502e-06,30179820000000.0,2493501000000.0,0.3548343,1.961086e-06,2.077506e-07,-1.700876e-06,2.363678e-07,2.030508e-06,-3.61193e-06,-2.910538e-06,4.436081e-06,1168247000000.0,134500000000000.0,1.382225,31630000000000.0,-1.178999
813,0.8128,6.967833,7.169293000000002,2794.633,341.5453,354.1382,-71.2066,319.9719,69.92274,31813760000000.0,10476430000000.0,623158700000.0,0.377038,4.100254e-07,3.545506e-08,-3.648223e-07,4.299136e-08,4.21083e-07,-7.646371e-07,-6.183305e-07,9.261004e-07,9995863000000.0,530440700000.0,0.3427886,3.631329e-07,3.097702e-08,-3.235032e-07,3.763305e-08,3.724423e-07,-6.775909e-07,-5.480116e-07,8.196709e-07,7112441000000.0,254005900000.0,0.2199445,1.996594e-07,1.600742e-08,-1.788429e-07,1.961775e-08,2.035918e-07,-3.735231e-07,-3.022634e-07,4.494024e-07,438438700000.0,29750000000000.0,0.7776245,3936000000000.0,-0.602316
815,0.8178,6.542489,4.968967999999999,2822.014,323.6479,246.9625,-150.6269,409.8716,-230.5529,38926200000000.0,32871010000000.0,2848847000000.0,0.5471333,1.64008e-06,5.190123e-07,-1.081862e-06,5.439672e-07,2.051684e-06,-2.679623e-06,-2.094199e-06,4.07138e-06,28545880000000.0,2418586000000.0,0.473297,1.488177e-06,4.567886e-07,-9.955885e-07,4.792253e-07,1.846819e-06,-2.445333e-06,-1.914075e-06,3.679074e-06,19318930000000.0,1349909000000.0,0.3061959,1.038416e-06,2.930519e-07,-7.199218e-07,3.082757e-07,1.26156e-06,-1.73146e-06,-1.360642e-06,2.539288e-06,1062062000000.0,60420000000000.0,1.100231,11310000000000.0,-0.8923823
816,0.8161,6.557217,4.835428999999996,2818.301,323.9561,239.9843,15.04726,152.3757,320.1259,29026450000000.0,24509090000000.0,1882599000000.0,0.4964082,9.879989e-07,-1.777938e-07,-1.140329e-06,-1.594149e-07,7.489296e-07,-2.104567e-06,-1.751323e-06,1.962325e-06,21721780000000.0,1589480000000.0,0.4328706,8.970182e-07,-1.573275e-07,-1.031129e-06,-1.407359e-07,6.837487e-07,-1.906564e-06,-1.585822e-06,1.785244e-06,13263740000000.0,785508200000.0,0.2693277,5.743629e-07,-9.183298e-08,-6.510871e-07,-8.144763e-08,4.459375e-07,-1.211607e-06,-1.006166e-06,1.150818e-06,874484200000.0,64510000000000.0,1.00223,11000000000000.0,-0.78408
818,0.8158,6.858278,5.113010000000006,2814.633,338.5286,253.6585,-58.75479,360.4789,-179.9823,29987590000000.0,25950800000000.0,2006976000000.0,0.5204902,1.008219e-06,9.43453e-08,-8.890363e-07,1.116317e-07,1.039023e-06,-1.872117e-06,-1.512018e-06,2.279294e-06,23451830000000.0,1705794000000.0,0.4434811,9.159053e-07,8.277378e-08,-8.104328e-07,9.835063e-08,9.405385e-07,-1.703483e-06,-1.376321e-06,2.067022e-06,17204420000000.0,1062277000000.0,0.2993897,6.76727e-07,5.603587e-08,-6.036506e-07,6.728905e-08,6.88966e-07,-1.263459e-06,-1.02166e-06,1.520828e-06,876618000000.0,81980000000000.0,1.041023,14520000000000.0,-0.8521
819,0.8188,6.763536,5.004519,2823.891,334.9061,249.0159,-198.4128,94.21121,-13.066,31333190000000.0,24220740000000.0,2336131000000.0,0.4982809,1.291805e-06,6.460565e-07,-6.153574e-07,6.646548e-07,1.852465e-06,-1.872213e-06,-1.411833e-06,3.444548e-06,22875150000000.0,2050772000000.0,0.4386131,1.198962e-06,5.827452e-07,-5.878601e-07,5.998538e-07,1.701956e-06,-1.754378e-06,-1.327038e-06,3.179356e-06,19318930000000.0,1401006000000.0,0.3093231,9.585493e-07,4.311065e-07,-5.044292e-07,4.444324e-07,1.324765e-06,-1.437027e-06,-1.095266e-06,2.505326e-06,789596300000.0,163400000000000.0,1.229121,34170000000000.0,-1.01871
820,0.8164,5.599186000000001,5.715336999999997,2820.07,276.4698,283.5959,173.5971,237.1291,152.6336,30275930000000.0,27104170000000.0,2231868000000.0,0.5132305,1.210869e-06,-7.283561e-07,-1.905101e-06,-7.037205e-07,4.069647e-07,-3.088776e-06,-2.654777e-06,1.888848e-06,24412970000000.0,1929549000000.0,0.4492269,1.120907e-06,-6.549382e-07,-1.74412e-06,-6.322673e-07,3.955998e-07,-2.83984e-06,-2.438047e-06,1.767159e-06,17588870000000.0,1184503000000.0,0.3013209,8.449009e-07,-4.524036e-07,-1.27306e-06,-4.356475e-07,3.383876e-07,-2.098948e-06,-1.795993e-06,1.371665e-06,899587300000.0,101300000000000.0,1.115182,19220000000000.0,-0.908919
821,0.8164,6.800681,6.448696000000003,2810.139,335.1226,319.8768,-31.05586,381.4501,-19.57901,39791220000000.0,38061170000000.0,3558594000000.0,0.5765636,2.16454e-06,-5.949795e-08,-2.165863e-06,-2.453135e-08,1.957875e-06,-4.277043e-06,-3.502486e-06,4.612263e-06,35850550000000.0,3269238000000.0,0.5145636,2.075002e-06,-5.563238e-08,-2.074629e-06,-2.234621e-08,1.877533e-06,-4.098455e-06,-3.355871e-06,4.421717e-06,27200280000000.0,2280505000000.0,0.3426343,1.708454e-06,-4.173255e-08,-1.703275e-06,-1.512293e-08,1.547371e-06,-3.369527e-06,-2.757885e-06,3.640767e-06,1133081000000.0,164600000000000.0,1.377992,38590000000000.0,-1.188
822,0.8184,5.351194,5.937507000000002,2825.612,264.6708,295.1546,-49.30668,199.5135,57.21928,33447700000000.0,31140960000000.0,2734351000000.0,0.5370154,1.478021e-06,9.715214e-08,-1.343038e-06,1.218948e-07,1.479189e-06,-2.783712e-06,-2.255748e-06,3.2952e-06,28161420000000.0,2423140000000.0,0.4762812,1.380991e-06,8.84536e-08,-1.25704e-06,1.114166e-07,1.379265e-06,-2.60313e-06,-2.109778e-06,3.0758e-06,19511160000000.0,1458112000000.0,0.3083614,1.027523e-06,6.017226e-08,-9.405156e-07,7.681919e-08,1.019196e-06,-1.942053e-06,-1.574839e-06,2.28077e-06,997133400000.0,166600000000000.0,1.259138,35690000000000.0,-1.06029
823,0.8191,6.327915,5.756059,2823.65,313.1264,286.373,67.97787,185.8635,118.6547,108416700000000.0,91692820000000.0,10592270000000.0,0.7695182,1.148645e-05,-1.493547e-06,-1.260855e-05,-1.343528e-06,9.058908e-06,-2.381837e-05,-1.96882e-05,2.303646e-05,84292040000000.0,9386660000000.0,0.6770373,1.07863e-05,-1.365162e-06,-1.180035e-05,-1.226735e-06,8.536371e-06,-2.232679e-05,-1.844761e-05,2.165793e-05,61128550000000.0,5967465000000.0,0.4480508,8.366711e-06,-9.709209e-07,-9.058957e-06,-8.702697e-07,6.688359e-06,-1.722385e-05,-1.421272e-05,1.685549e-05,2203378000000.0,166000000000000.0,2.418678,68310000000000.0,-2.07801
825,0.8151,7.132831,6.632715999999996,2803.58,350.8359,328.5504,191.8611,277.843,36.67958,68433220000000.0,61897460000000.0,6593354000000.0,0.678635,5.335532e-06,-2.118943e-06,-7.286766e-06,-2.025781e-06,2.831227e-06,-1.250249e-05,-1.058458e-05,9.331318e-06,57476210000000.0,5872293000000.0,0.5965565,5.06034e-06,-1.961494e-06,-6.862039e-06,-1.8739e-06,2.730939e-06,-1.180871e-05,-9.989488e-06,8.894522e-06,41040710000000.0,3727467000000.0,0.3944467,3.954917e-06,-1.405083e-06,-5.232833e-06,-1.33901e-06,2.254755e-06,-9.098781e-06,-7.676236e-06,7.068021e-06,1645234000000.0,128500000000000.0,1.742247,38090000000000.0,-1.483861
826,0.8148,7.160007,6.362292000000003,2803.822,352.217,315.0878,109.3702,282.1242,106.9265,51709370000000.0,20760640000000.0,1750638000000.0,0.4725205,1.150376e-06,-4.871566e-07,-1.605844e-06,-4.647227e-07,5.907992e-07,-2.729637e-06,-2.317647e-06,2.000015e-06,19318930000000.0,1421640000000.0,0.414728,9.957755e-07,-4.128481e-07,-1.381093e-06,-3.935314e-07,5.199119e-07,-2.353851e-06,-1.997198e-06,1.739571e-06,11149230000000.0,599262600000.0,0.2544397,5.475163e-07,-2.10474e-07,-7.426431e-07,-2.000658e-07,3.017119e-07,-1.277488e-06,-1.081323e-06,9.719731e-07,778108700000.0,40790000000000.0,1.051027,7294000000000.0,-0.843579
829,0.8227,5.683997,6.669961000000003,2832.111,281.8834,332.8278,94.57742,267.7324,50.81261,28641990000000.0,24701320000000.0,1945631000000.0,0.4977404,9.960823e-07,-3.937869e-07,-1.363305e-06,-3.742115e-07,5.411527e-07,-2.336036e-06,-1.97964e-06,1.762909e-06,21337320000000.0,1616440000000.0,0.4274028,9.025293e-07,-3.453457e-07,-1.223693e-06,-3.277207e-07,5.014225e-07,-2.105055e-06,-1.782099e-06,1.608241e-06,14321000000000.0,888675700000.0,0.2777953,6.497982e-07,-2.28005e-07,-8.601608e-07,-2.15549e-07,3.808952e-07,-1.494701e-06,-1.262112e-06,1.177384e-06,871215400000.0,91420000000000.0,1.028681,16000000000000.0,-0.834075
830,0.8221,6.523795,7.029494999999996,2823.721,322.9104,350.4543,-65.14471,254.1037,100.2572,31237070000000.0,26815820000000.0,2323671000000.0,0.5102489,1.179033e-06,7.95294e-08,-1.0699e-06,9.977312e-08,1.18367e-06,-2.219298e-06,-1.798234e-06,2.633251e-06,24124630000000.0,2063703000000.0,0.4593245,1.097345e-06,7.237823e-08,-9.973137e-07,9.111885e-08,1.099696e-06,-2.067071e-06,-1.675149e-06,2.448674e-06,16051050000000.0,1082514000000.0,0.2893171,7.315396e-07,4.438901e-08,-6.684492e-07,5.661342e-08,7.283789e-07,-1.38158e-06,-1.120227e-06,1.627214e-06,888140100000.0,63500000000000.0,0.9811467,10600000000000.0,-0.790911
831,0.8224,5.69609,5.451809999999998,2837.497,283.0243,272.1552,-121.6187,64.55285,180.4656,36715570000000.0,33736040000000.0,3098712000000.0,0.5504752,1.858141e-06,4.268591e-07,-1.38404e-06,4.545331e-07,2.158651e-06,-3.193714e-06,-2.53018e-06,4.442404e-06,31429300000000.0,2819748000000.0,0.4914993,1.774088e-06,3.979473e-07,-1.330848e-06,4.241757e-07,2.050781e-06,-3.058653e-06,-2.425074e-06,4.230904e-06,24316860000000.0,1948877000000.0,0.3332175,1.446035e-06,2.966924e-07,-1.111804e-06,3.174285e-07,1.64184e-06,-2.52009e-06,-2.003467e-06,3.417755e-06,1033335000000.0,173500000000000.0,1.373027,40530000000000.0,-1.16622
832,0.8251,6.880976000000001,6.576530000000004,2831.767,341.7275,328.8397,-9.10091,543.8223,-52.53496,111876800000000.0,64588650000000.0,2715105000000.0,0.683088,1.541692e-06,-1.650662e-07,-1.664892e-06,-1.395468e-07,1.271991e-06,-3.169737e-06,-2.6175e-06,3.161526e-06,60840200000000.0,2567574000000.0,0.6073875,1.503007e-06,-1.584487e-07,-1.620535e-06,-1.336649e-07,1.242234e-06,-3.087603e-06,-2.549198e-06,3.084181e-06,41521280000000.0,1792661000000.0,0.3929683,1.261762e-06,-1.243574e-07,-1.351331e-06,-1.039585e-07,1.050167e-06,-2.58286e-06,-2.130764e-06,2.59574e-06,2030021000000.0,97810000000000.0,1.400751,23310000000000.0,-1.59965
833,0.8207,5.36313,5.807991000000003,2832.741,265.9338,289.4054,-0.6905226,271.5397,104.7868,50556000000000.0,30564270000000.0,3061099000000.0,0.5358349,1.947831e-06,-1.725633e-07,-2.068705e-06,-1.388596e-07,1.647941e-06,-3.968789e-06,-3.272152e-06,4.037796e-06,28065310000000.0,2611425000000.0,0.4695564,1.757306e-06,-1.512938e-07,-1.861726e-06,-1.211314e-07,1.490355e-06,-3.57594e-06,-2.94737e-06,3.646039e-06,19511160000000.0,1444210000000.0,0.3058572,1.20758e-06,-9.524103e-08,-1.270071e-06,-7.506628e-08,1.031095e-06,-2.448009e-06,-2.015902e-06,2.511509e-06,987226000000.0,64150000000000.0,1.150787,12560000000000.0,-0.9583
835,0.8257,5.199767,5.7388710000000005,2847.335,259.1162,287.3354,-80.3422,332.5801,68.16903,29603130000000.0,27776970000000.0,2227382000000.0,0.5176592,1.164963e-06,1.42162e-07,-9.937525e-07,1.61585e-07,1.232307e-06,-2.129329e-06,-1.71327e-06,2.664895e-06,26815820000000.0,2036554000000.0,0.4650594,1.113659e-06,1.329246e-07,-9.528654e-07,1.513961e-07,1.174746e-06,-2.038421e-06,-1.640658e-06,2.544076e-06,19991730000000.0,1365219000000.0,0.3107069,8.977e-07,9.784316e-08,-7.770418e-07,1.123897e-07,9.365217e-07,-1.652056e-06,-1.331327e-06,2.039719e-06,894140500000.0,133600000000000.0,1.150888,26160000000000.0,-0.969903
836,0.8287,7.080692,5.1498969999999975,2848.516,353.8267,258.6969,123.5002,463.5403,90.70522,29122560000000.0,28161420000000.0,2463194000000.0,0.5219485,1.217652e-06,-6.53852e-07,-1.83816e-06,-6.293415e-07,4.885171e-07,-3.028648e-06,-2.592224e-06,1.980186e-06,25085770000000.0,2074592000000.0,0.4502243,1.103969e-06,-5.762221e-07,-1.649813e-06,-5.541335e-07,4.590507e-07,-2.729129e-06,-2.333417e-06,1.811213e-06,15282140000000.0,1083004000000.0,0.2814852,7.382963e-07,-3.540232e-07,-1.071689e-06,-3.395447e-07,3.373674e-07,-1.79345e-06,-1.528735e-06,1.241126e-06,981988700000.0,60260000000000.0,0.982205,10070000000000.0,-0.762048
837,0.8261,5.910239,5.3053919999999986,2846.703,294.6924,265.7636,63.40419,266.8215,82.71048,28257540000000.0,13359860000000.0,778136600000.0,0.4055717,3.938526e-07,-1.604593e-07,-5.443778e-07,-1.524537e-07,2.105121e-07,-9.289149e-07,-7.881739e-07,6.945752e-07,12494830000000.0,664319000000.0,0.3583472,3.481299e-07,-1.385298e-07,-4.778518e-07,-1.314795e-07,1.892905e-07,-8.177444e-07,-6.93335e-07,6.171132e-07,9899749000000.0,416483900000.0,0.2556282,2.474564e-07,-9.190945e-08,-3.330464e-07,-8.695449e-08,1.409262e-07,-5.746411e-07,-4.86193e-07,4.449316e-07,517026400000.0,41310000000000.0,0.7367305,5178000000000.0,-0.6114207
838,0.8271,7.016956,6.434166999999995,2837.438,349.2459,322.3978,46.16365,313.2397,30.96527,36138890000000.0,33063240000000.0,2738529000000.0,0.5510772,1.666545e-06,-3.547371e-07,-1.975784e-06,-3.249015e-07,1.202757e-06,-3.602492e-06,-3.005912e-06,3.24516e-06,27873080000000.0,2209072000000.0,0.4676572,1.465094e-06,-3.032727e-07,-1.728161e-06,-2.772535e-07,1.065279e-06,-3.158219e-06,-2.63369e-06,2.860446e-06,17588870000000.0,1120706000000.0,0.2950785,9.386455e-07,-1.795871e-07,-1.092074e-06,-1.633269e-07,6.958969e-07,-2.008247e-06,-1.672072e-06,1.845329e-06,1099022000000.0,77970000000000.0,1.240053,16450000000000.0,-0.96723
840,0.8297,6.008131,5.294171999999997,2856.646,300.6554,266.172,-141.4001,232.8805,-39.04323,28834220000000.0,24989660000000.0,2282684000000.0,0.4974573,1.181407e-06,4.101079e-07,-7.430878e-07,4.287669e-07,1.515699e-06,-1.893532e-06,-1.47221e-06,2.970856e-06,22298460000000.0,1997485000000.0,0.4358931,1.102579e-06,3.723508e-07,-7.037782e-07,3.896443e-07,1.403782e-06,-1.777452e-06,-1.384206e-06,2.761639e-06,17973330000000.0,1296830000000.0,0.2967731,8.624668e-07,2.680155e-07,-5.734562e-07,2.81236e-07,1.073838e-06,-1.413294e-06,-1.105593e-06,2.135466e-06,825658200000.0,106200000000000.0,1.065389,19250000000000.0,-0.870903
842,0.8284,5.873662,5.018616999999995,2854.519,293.6597,251.9957,-175.5604,591.3495,361.9333,31044840000000.0,27873080000000.0,2388070000000.0,0.5168278,1.297061e-06,2.900995e-07,-9.766407e-07,3.109054e-07,1.50456e-06,-2.241895e-06,-1.778342e-06,3.10246e-06,26719710000000.0,2143213000000.0,0.4636548,1.22646e-06,2.685721e-07,-9.290757e-07,2.881353e-07,1.416542e-06,-2.125421e-06,-1.687079e-06,2.927239e-06,18453900000000.0,1257275000000.0,0.2993043,8.943339e-07,1.781365e-07,-6.947006e-07,1.920099e-07,1.013882e-06,-1.566951e-06,-1.24723e-06,2.114692e-06,913400800000.0,101800000000000.0,1.146079,19850000000000.0,-0.9319216
847,0.8355,6.925809,5.071796999999997,2867.464,348.3119,256.3623,-61.53599,351.6721,268.1042,106878800000000.0,104379900000000.0,11219150000000.0,0.7997882,1.151159e-05,-7.483638e-08,-1.122812e-05,5.776669e-08,1.048802e-05,-2.245281e-05,-1.831758e-05,2.452004e-05,101688700000000.0,10445650000000.0,0.7200531,1.112076e-05,-7.0831e-08,-1.084381e-05,5.558634e-08,1.012805e-05,-2.168731e-05,-1.769195e-05,2.368084e-05,78813530000000.0,7254205000000.0,0.4846095,9.21297e-06,-5.425384e-08,-8.973223e-06,4.440044e-08,8.37569e-06,-1.795614e-05,-1.464432e-05,1.959328e-05,2331846000000.0,110400000000000.0,2.201447,41350000000000.0,-1.927
849,0.8324,6.701381,4.809524999999998,2862.358,336.3197,242.4949,-10.50943,368.3465,12.81601,72950580000000.0,65453680000000.0,7229358000000.0,0.6844416,6.116472e-06,-3.241682e-07,-6.258849e-06,-2.394394e-07,5.326309e-06,-1.222485e-05,-1.003065e-05,1.279698e-05,61032430000000.0,6551558000000.0,0.6052612,5.820933e-06,-3.008055e-07,-5.947781e-06,-2.211505e-07,5.073529e-06,-1.162545e-05,-9.536979e-06,1.218159e-05,46903660000000.0,4500762000000.0,0.4080857,4.715163e-06,-2.236273e-07,-4.795006e-06,-1.620774e-07,4.120325e-06,-9.393967e-06,-7.701309e-06,9.873153e-06,1680196000000.0,202000000000000.0,2.005085,68910000000000.0,-1.74537
850,0.8307,6.050816,4.976196000000005,2860.979,303.2667,250.5012,-78.14725,469.2747,236.2905,83330900000000.0,76314570000000.0,8952340000000.0,0.7391888,9.221745e-06,9.095186e-08,-8.847399e-06,1.966453e-07,8.556437e-06,-1.783917e-05,-1.452704e-05,1.980313e-05,74680630000000.0,8020088000000.0,0.6487369,8.76167e-06,8.425728e-08,-8.406387e-06,1.828829e-07,8.121664e-06,-1.694942e-05,-1.3802e-05,1.880421e-05,62570260000000.0,5628068000000.0,0.449466,7.326356e-06,6.534518e-08,-7.029664e-06,1.430025e-07,6.770747e-06,-1.417287e-05,-1.153958e-05,1.569515e-05,1809418000000.0,132800000000000.0,2.240402,50620000000000.0,-1.83645
851,0.8321,6.289333,4.913608000000004,2862.944,315.5324,247.6161,-192.1527,357.8196,241.1678,31717640000000.0,29699250000000.0,2403800000000.0,0.5259472,1.264085e-06,4.58328e-07,-7.760513e-07,4.778326e-07,1.640875e-06,-2.007395e-06,-1.556374e-06,3.198456e-06,27392510000000.0,2145673000000.0,0.4694635,1.189513e-06,4.214502e-07,-7.399836e-07,4.3969e-07,1.533855e-06,-1.898667e-06,-1.474224e-06,2.99934e-06,19222810000000.0,1311260000000.0,0.3078843,8.923729e-07,2.896618e-07,-5.812649e-07,3.029924e-07,1.123021e-06,-1.450457e-06,-1.131944e-06,2.221788e-06,955424800000.0,85040000000000.0,1.093415,15820000000000.0,-0.89298
852,0.8371,6.005448000000001,5.463729999999995,2875.467,302.5002,276.5567,-297.3929,378.5215,253.486,28257540000000.0,17781100000000.0,1564046000000.0,0.442886,7.558623e-07,5.658779e-07,-1.740798e-07,5.770951e-07,1.274768e-06,-9.098093e-07,-6.406149e-07,2.209313e-06,15378250000000.0,1291843000000.0,0.3886131,6.643673e-07,4.86726e-07,-1.635941e-07,4.965292e-07,1.109614e-06,-8.102505e-07,-5.736286e-07,1.930924e-06,11629800000000.0,691853200000.0,0.2578693,4.347615e-07,2.967322e-07,-1.286846e-07,3.030183e-07,7.039095e-07,-5.518249e-07,-3.969493e-07,1.241123e-06,654344600000.0,56440000000000.0,0.8902872,8549000000000.0,-0.6977
853,0.8365,5.166984,6.5730100000000045,2872.083,259.7114,332.2906,112.5681,133.3667,142.1391,38349510000000.0,37196140000000.0,3447536000000.0,0.581805,1.97226e-06,-6.677269e-07,-2.58409e-06,-6.314268e-07,1.174394e-06,-4.510074e-06,-3.803464e-06,3.587913e-06,35658320000000.0,3096173000000.0,0.5071765,1.875857e-06,-6.184271e-07,-2.440912e-06,-5.841167e-07,1.132966e-06,-4.272745e-06,-3.600608e-06,3.428161e-06,28738110000000.0,2144137000000.0,0.3466312,1.537612e-06,-4.663445e-07,-1.959623e-06,-4.388323e-07,9.673033e-07,-3.461123e-06,-2.909993e-06,2.847641e-06,1098402000000.0,114400000000000.0,1.25105,24350000000000.0,-1.06128
855,0.8392,6.873103,5.586833000000005,2875.455,346.5988,283.3097,240.0303,395.7838,211.1822,56418960000000.0,44981380000000.0,4529387000000.0,0.601463,3.504149e-06,-2.08231e-06,-5.476349e-06,-2.014708e-06,1.179648e-06,-8.906019e-06,-7.645405e-06,5.447835e-06,40752360000000.0,3954012000000.0,0.5274412,3.275723e-06,-1.891894e-06,-5.064118e-06,-1.829259e-06,1.155627e-06,-8.270154e-06,-7.091558e-06,5.144636e-06,28641990000000.0,2428706000000.0,0.3457765,2.483755e-06,-1.302115e-06,-3.705808e-06,-1.256212e-06,1.00353e-06,-6.136563e-06,-5.242458e-06,4.025459e-06,1314806000000.0,242600000000000.0,1.826279,75380000000000.0,-1.571
856,0.8392,5.270221,6.114412999999995,2881.257,265.7758,309.961,-96.6178,53.23111,96.51814,79870790000000.0,69682700000000.0,7746803000000.0,0.6958477,7.226182e-06,8.377339e-07,-6.176906e-06,9.198949e-07,7.486789e-06,-1.321463e-05,-1.062512e-05,1.631974e-05,66030360000000.0,7047564000000.0,0.6229531,6.8714e-06,7.77571e-07,-5.891498e-06,8.544576e-07,7.096253e-06,-1.258366e-05,-1.012089e-05,1.549349e-05,49210400000000.0,4738614000000.0,0.4142322,5.50593e-06,5.708061e-07,-4.769275e-06,6.284772e-07,5.621403e-06,-1.013147e-05,-8.156838e-06,1.234344e-05,1753914000000.0,240700000000000.0,2.264607,92740000000000.0,-1.966401
862,0.8426,7.106091,6.171301000000002,2880.491,359.0951,313.8726,340.403,211.0448,-87.17059,63243060000000.0,57476210000000.0,6270081000000.0,0.6544274,5.030804e-06,-3.037065e-06,-7.901411e-06,-2.941096e-06,1.632537e-06,-1.282663e-05,-1.101459e-05,7.746141e-06,53823880000000.0,5581820000000.0,0.5795758,4.749667e-06,-2.799814e-06,-7.3916e-06,-2.709956e-06,1.606467e-06,-1.204152e-05,-1.033053e-05,7.377201e-06,38253400000000.0,3498005000000.0,0.3809977,3.692267e-06,-1.999751e-06,-5.567115e-06,-1.932158e-06,1.418438e-06,-9.181692e-06,-7.850927e-06,5.90078e-06,1571974000000.0,160900000000000.0,1.838538,50330000000000.0,-1.53549
863,0.8449,7.028495000000001,5.388008000000007,2891.266,356.4625,274.7593,-41.20866,336.4276,530.5434,51709370000000.0,48729830000000.0,4954871000000.0,0.6269465,3.479949e-06,-3.393522e-07,-3.722433e-06,-2.847303e-07,2.895381e-06,-7.119645e-06,-5.871971e-06,7.156151e-06,45654180000000.0,4485552000000.0,0.5497381,3.332942e-06,-3.166679e-07,-3.556349e-06,-2.647978e-07,2.779949e-06,-6.80997e-06,-5.614887e-06,6.85992e-06,36715570000000.0,3141796000000.0,0.3746001,2.830102e-06,-2.481206e-07,-2.997656e-06,-2.053598e-07,2.377097e-06,-5.760203e-06,-4.745077e-06,5.839225e-06,1313269000000.0,140200000000000.0,1.554929,37090000000000.0,-1.336
864,0.8456,7.014661,6.096034999999999,2889.975,355.595,310.9746,273.3422,395.2174,-326.0218,58629580000000.0,55169470000000.0,5570512000000.0,0.6428342,4.459807e-06,-2.140367e-06,-6.457128e-06,-2.060544e-06,1.995714e-06,-1.082128e-05,-9.215712e-06,7.422907e-06,53631650000000.0,5113040000000.0,0.5776479,4.278074e-06,-2.008544e-06,-6.148804e-06,-1.932559e-06,1.957112e-06,-1.033504e-05,-8.794742e-06,7.162153e-06,43828010000000.0,3633122000000.0,0.3995275,3.556566e-06,-1.540824e-06,-4.980863e-06,-1.47959e-06,1.749803e-06,-8.460867e-06,-7.179789e-06,6.073721e-06,1434958000000.0,143500000000000.0,1.787453,43640000000000.0,-1.50183
867,0.8446,6.983115,5.687607999999997,2889.477,353.9188,289.9277,132.5133,282.0551,391.9184,160894900000000.0,100535300000000.0,11912660000000.0,0.7843202,1.579562e-05,-3.520526e-06,-1.876262e-05,-3.318049e-06,1.092029e-05,-3.419856e-05,-2.850054e-05,3.006455e-05,88809400000000.0,9833297000000.0,0.681646,1.403707e-05,-3.064056e-06,-1.66062e-05,-2.887291e-06,9.759077e-06,-3.032344e-05,-2.525881e-05,2.676676e-05,56707300000000.0,4931582000000.0,0.4331313,9.101442e-06,-1.841415e-06,-1.061421e-05,-1.734935e-06,6.447397e-06,-1.950777e-05,-1.622142e-05,1.746157e-05,2448035000000.0,101100000000000.0,2.669058,45910000000000.0,-2.21463
869,0.8419,6.61972,5.960423000000004,2882.883,334.5665,303.0101,-110.5388,602.9956,-124.8242,160222100000000.0,98036350000000.0,15147740000000.0,0.7784795,2.06774e-05,1.095997e-06,-1.89058e-05,1.263696e-06,1.989564e-05,-3.905601e-05,-3.161605e-05,4.504293e-05,90923910000000.0,12956240000000.0,0.6882691,1.888983e-05,9.799105e-07,-1.728788e-05,1.12815e-06,1.813857e-05,-3.569575e-05,-2.889745e-05,4.110341e-05,70259380000000.0,7691433000000.0,0.4653959,1.375996e-05,6.641581e-07,-1.263037e-05,7.594808e-07,1.312297e-05,-2.60384e-05,-2.108238e-05,2.982977e-05,2272483000000.0,173000000000000.0,3.044473,89610000000000.0,-2.54034
872,0.8483,6.926614,5.312141999999997,2901.575,352.4968,271.7747,-280.1734,700.116,433.4276,32871010000000.0,23067380000000.0,2049109000000.0,0.4838337,1.033921e-06,4.800433e-07,-5.32266e-07,4.962359e-07,1.450627e-06,-1.54105e-06,-1.171748e-06,2.728398e-06,21048980000000.0,1708833000000.0,0.4212317,9.12703e-07,4.11889e-07,-4.815712e-07,4.260754e-07,1.268279e-06,-1.37202e-06,-1.046004e-06,2.395987e-06,13744310000000.0,904502600000.0,0.2702597,5.995734e-07,2.497112e-07,-3.369089e-07,2.588167e-07,8.115086e-07,-9.217489e-07,-7.075554e-07,1.551834e-06,825812000000.0,62370000000000.0,0.9565157,10150000000000.0,-0.765666
873,0.8466,7.017564,6.052667999999995,2893.102,356.1286,309.0818,-291.7521,582.2932,-329.4921,91885050000000.0,51517140000000.0,5811582000000.0,0.6289892,6.491147e-06,2.746256e-06,-3.585621e-06,2.815359e-06,8.752112e-06,-9.901599e-06,-7.58253e-06,1.673829e-05,46999780000000.0,4924916000000.0,0.551055,5.960947e-06,2.457193e-06,-3.356306e-06,2.519554e-06,7.968861e-06,-9.156225e-06,-7.026278e-06,1.53007e-05,34312720000000.0,2845348000000.0,0.3676599,4.311405e-06,1.640921e-06,-2.561005e-06,1.683368e-06,5.618639e-06,-6.755584e-06,-5.214303e-06,1.091674e-05,1437328000000.0,113000000000000.0,1.88084,36160000000000.0,-1.58895
874,0.849,6.97628,5.726204000000003,2901.166,354.9992,293.0848,-782.6943,764.8308,67.03947,60455750000000.0,37868940000000.0,3743740000000.0,0.5653576,3.181345e-06,4.30302e-06,1.1724e-06,4.322921e-06,7.258704e-06,-1.913603e-06,-7.836595e-07,1.121921e-05,32967120000000.0,2996822000000.0,0.4912943,2.763414e-06,3.659712e-06,9.40868e-07,3.676626e-06,6.225773e-06,-1.739576e-06,-7.580068e-07,9.665159e-06,17300530000000.0,1147592000000.0,0.2906873,1.47721e-06,1.816595e-06,3.641934e-07,1.824898e-06,3.185676e-06,-1.06839e-06,-5.435397e-07,5.022617e-06,1293224000000.0,41060000000000.0,1.341003,9368000000000.0,-0.981684
875,0.8477,7.04747,5.865813,2895.895,358.0069,299.7803,-179.8468,325.4455,-61.97326,524590600000000.0,244994800000000.0,26612540000000.0,1.053641,5.140773e-05,5.424808e-06,-4.409173e-05,5.506544e-06,5.127299e-05,-9.410922e-05,-7.55553e-05,0.000113424,229520400000000.0,23860990000000.0,0.9351539,4.838566e-05,4.968289e-06,-4.161993e-05,5.026985e-06,4.806388e-05,-8.869611e-05,-7.122708e-05,0.0001065303,151571900000000.0,14285590000000.0,0.5996065,3.597368e-05,3.345055e-06,-3.123965e-05,3.333585e-06,3.521269e-05,-6.62367e-05,-5.32312e-05,7.858723e-05,4654900000000.0,148100000000000.0,4.365555,110000000000000.0,-4.176977
876,0.8487,7.099633,5.5695779999999955,2899.996,361.1947,284.9776,-70.0415,38.66978,550.2216,28449760000000.0,28449760000000.0,2328251000000.0,0.5444043,9.885113e-07,3.395376e-08,-9.305448e-07,5.130025e-08,9.611064e-07,-1.895136e-06,-1.54182e-06,2.177459e-06,28353650000000.0,2127781000000.0,0.4673723,9.446222e-07,3.143101e-08,-8.901302e-07,4.791764e-08,9.171061e-07,-1.811862e-06,-1.474216e-06,2.07927e-06,23836290000000.0,1596839000000.0,0.3266071,8.161301e-07,2.521445e-08,-7.707397e-07,3.925189e-08,7.897066e-07,-1.567032e-06,-1.27527e-06,1.79338e-06,874830300000.0,112300000000000.0,0.9745447,18620000000000.0,-0.864567
878,0.8507,5.315478,6.878951000000004,2908.613,270.6164,352.4122,-73.98528,47.95717,-268.0808,48922060000000.0,45846410000000.0,4369217000000.0,0.6079281,2.858211e-06,6.077455e-07,-2.176514e-06,6.484944e-07,3.266384e-06,-4.96017e-06,-3.938985e-06,6.776983e-06,42001850000000.0,3817453000000.0,0.5299236,2.670341e-06,5.522108e-07,-2.048652e-06,5.898841e-07,3.034824e-06,-4.649319e-06,-3.695134e-06,6.314002e-06,26623600000000.0,2245772000000.0,0.3366494,1.95903e-06,3.67848e-07,-1.539117e-06,3.943592e-07,2.185552e-06,-3.446982e-06,-2.746617e-06,4.589347e-06,1361180000000.0,125200000000000.0,1.471284,31340000000000.0,-1.23354
880,0.8477,5.920584,6.405685999999998,2899.232,300.6593,327.2379,-40.9015,187.2447,170.8988,66030360000000.0,59590720000000.0,6361763000000.0,0.6621778,5.225951e-06,1.924509e-08,-5.056186e-06,9.218802e-08,4.855324e-06,-1.015101e-05,-8.278478e-06,1.124712e-05,55842270000000.0,5700546000000.0,0.5837754,4.968656e-06,1.784973e-08,-4.80696e-06,8.643117e-08,4.613383e-06,-9.650913e-06,-7.870336e-06,1.068921e-05,43924130000000.0,3836188000000.0,0.3969625,4.051458e-06,1.341948e-08,-3.918596e-06,6.708803e-08,3.753485e-06,-7.868286e-06,-6.41569e-06,8.704007e-06,1573791000000.0,120400000000000.0,1.760846,36070000000000.0,-1.482
881,0.8494,7.036482,5.6220930000000005,2902.188,358.2198,287.8599,-456.4344,289.0258,550.2079,28257540000000.0,24893540000000.0,2116056000000.0,0.496723,1.113958e-06,1.144776e-06,5.224904e-08,1.158447e-06,2.18685e-06,-1.031301e-06,-6.347462e-07,3.567369e-06,22779030000000.0,1859475000000.0,0.4368881,1.03752e-06,1.036137e-06,1.874733e-08,1.048746e-06,2.006262e-06,-9.903971e-07,-6.210331e-07,3.291778e-06,17204420000000.0,1188310000000.0,0.2941263,7.974654e-07,7.279544e-07,-5.361078e-08,7.373243e-07,1.472475e-06,-8.291423e-07,-5.4518e-07,2.459866e-06,831942200000.0,146200000000000.0,1.177133,29280000000000.0,-0.969705
883,0.8477,4.826972,6.527157000000006,2904.079,245.2391,333.455,90.28421,-266.516,129.0677,34889410000000.0,18453900000000.0,1299539000000.0,0.4454983,1.028881e-06,-2.602439e-07,-1.262331e-06,-2.406459e-07,7.052933e-07,-2.266631e-06,-1.898727e-06,1.968435e-06,15570480000000.0,1043436000000.0,0.3863944,9.205983e-07,-2.269755e-07,-1.123505e-06,-2.09534e-07,6.366416e-07,-2.022101e-06,-1.692888e-06,1.766687e-06,9899749000000.0,482083000000.0,0.2437924,5.79323e-07,-1.315443e-07,-6.955144e-07,-1.207746e-07,4.11256e-07,-1.260974e-06,-1.053744e-06,1.122033e-06,717487700000.0,45320000000000.0,0.9497317,7323000000000.0,-0.749133
887,0.8531,6.877233,5.675911000000005,2912.719,351.3034,291.5892,-531.2654,628.9316,-52.52871,61320770000000.0,37772830000000.0,3506272000000.0,0.5677606,2.311141e-06,2.483093e-06,2.161257e-07,2.505972e-06,4.635779e-06,-2.029308e-06,-1.206986e-06,7.500726e-06,34312720000000.0,3080408000000.0,0.4958354,2.150757e-06,2.237055e-06,1.278459e-07,2.258009e-06,4.239164e-06,-1.961642e-06,-1.196321e-06,6.904577e-06,25854680000000.0,2017374000000.0,0.3340254,1.68344e-06,1.591736e-06,-5.812805e-08,1.607302e-06,3.15591e-06,-1.693347e-06,-1.094139e-06,5.240445e-06,1140739000000.0,164500000000000.0,1.44636,40480000000000.0,-1.28007
888,0.8514,5.251018,6.398423999999999,2913.417,267.7577,328.0879,-153.7912,39.02187,273.5081,57187870000000.0,46903660000000.0,5084107000000.0,0.6063219,4.074853e-06,9.258597e-07,-3.042685e-06,9.809401e-07,4.709443e-06,-7.010544e-06,-5.554355e-06,9.712862e-06,41521280000000.0,4284821000000.0,0.5277481,3.806229e-06,8.441931e-07,-2.862205e-06,8.950995e-07,4.376613e-06,-6.568466e-06,-5.208105e-06,9.049277e-06,27008050000000.0,2315567000000.0,0.3386132,2.831735e-06,5.786214e-07,-2.177376e-06,6.149884e-07,3.20183e-06,-4.934666e-06,-3.922126e-06,6.675631e-06,1382251000000.0,198500000000000.0,1.76536,59620000000000.0,-1.48005
890,0.8542,5.680015,6.526005000000006,2917.406,290.1681,335.3845,-180.2688,108.1579,78.08625,61993570000000.0,55361700000000.0,5379224000000.0,0.6423066,4.126307e-06,1.205292e-06,-2.813187e-06,1.256694e-06,5.028807e-06,-6.828813e-06,-5.354624e-06,1.009544e-05,50267660000000.0,4747549000000.0,0.5618348,3.887364e-06,1.10449e-06,-2.680682e-06,1.152284e-06,4.704578e-06,-6.463753e-06,-5.074731e-06,9.476755e-06,34024380000000.0,2932503000000.0,0.3651481,3.008647e-06,7.788195e-07,-2.14898e-06,8.139802e-07,3.559296e-06,-5.076853e-06,-4.001232e-06,7.249688e-06,1530751000000.0,147100000000000.0,1.730123,43300000000000.0,-1.481
891,0.8514,7.010154,5.465624000000003,2908.626,357.6576,280.4038,-505.8304,390.1675,425.2114,40271790000000.0,36907800000000.0,3229125000000.0,0.5620417,1.976321e-06,1.915495e-06,-2.156664e-08,1.936368e-06,3.756738e-06,-1.942175e-06,-1.238747e-06,6.204193e-06,35177750000000.0,2893833000000.0,0.4993261,1.87069e-06,1.768715e-06,-6.453713e-08,1.788255e-06,3.510786e-06,-1.882422e-06,-1.216545e-06,5.826976e-06,24509090000000.0,1821609000000.0,0.3270839,1.455266e-06,1.255249e-06,-1.700506e-07,1.269761e-06,2.60808e-06,-1.584046e-06,-1.065886e-06,4.40852e-06,1122735000000.0,141700000000000.0,1.38707,33440000000000.0,-1.16622
893,0.8559,6.950151,5.152312000000005,2922.319,356.2351,265.4502,-524.5391,224.021,363.9769,31429300000000.0,27296390000000.0,2656302000000.0,0.5056794,1.442111e-06,1.682167e-06,2.676575e-07,1.696967e-06,3.026669e-06,-1.132705e-06,-6.200723e-07,4.814634e-06,25470230000000.0,2388696000000.0,0.4485523,1.365423e-06,1.551845e-06,2.127489e-07,1.565703e-06,2.824309e-06,-1.113101e-06,-6.276943e-07,4.516875e-06,21337320000000.0,1701415000000.0,0.3171705,1.126654e-06,1.181568e-06,7.715004e-08,1.192578e-06,2.230058e-06,-1.016742e-06,-6.161187e-07,3.625796e-06,862293100000.0,193600000000000.0,1.280266,42170000000000.0,-1.08009
896,0.8531,6.006306,6.984745999999999,2911.052,306.2878,358.6142,-261.3551,342.9566,226.729,66126480000000.0,64300310000000.0,6754890000000.0,0.6828329,5.438395e-06,1.718297e-06,-3.576085e-06,1.776795e-06,6.737384e-06,-8.868035e-06,-6.923365e-06,1.341103e-05,62185800000000.0,6334632000000.0,0.6184116,5.278727e-06,1.63397e-06,-3.504332e-06,1.690121e-06,6.503658e-06,-8.640859e-06,-6.753096e-06,1.298027e-05,49690970000000.0,4624832000000.0,0.4135226,4.524781e-06,1.287743e-06,-3.114183e-06,1.333406e-06,5.453931e-06,-7.51688e-06,-5.898001e-06,1.100121e-05,1622297000000.0,224400000000000.0,1.946374,74310000000000.0,-1.72359
899,0.8535,7.183973000000001,6.359584999999999,2908.74,366.6327,326.7552,-218.3775,269.0077,-191.7718,98901370000000.0,81024160000000.0,9416899000000.0,0.7310582,9.721033e-06,2.656231e-06,-6.792984e-06,2.745284e-06,1.158001e-05,-1.62492e-05,-1.276959e-05,2.348461e-05,74296170000000.0,8266080000000.0,0.6401453,9.086171e-06,2.414663e-06,-6.415395e-06,2.495804e-06,1.074894e-05,-1.525394e-05,-1.200092e-05,2.18725e-05,51997710000000.0,5121533000000.0,0.4189919,6.917185e-06,1.676525e-06,-5.040053e-06,1.7325e-06,8.002815e-06,-1.176845e-05,-9.290147e-06,1.646116e-05,2019932000000.0,212700000000000.0,2.452741,88760000000000.0,-2.10177
902,0.8566,6.942544,5.06692,2924.453,356.1012,261.2139,-605.2213,243.8494,659.6825,39599000000000.0,35466090000000.0,3199689000000.0,0.5535699,1.911634e-06,2.301809e-06,4.242835e-07,2.319421e-06,4.083116e-06,-1.43271e-06,-7.528231e-07,6.456743e-06,32774900000000.0,2823772000000.0,0.4871119,1.784654e-06,2.091989e-06,3.395057e-07,2.108197e-06,3.754124e-06,-1.394032e-06,-7.59269e-07,5.969556e-06,23067380000000.0,1757814000000.0,0.3192033,1.327276e-06,1.416952e-06,1.144919e-07,1.428342e-06,2.650742e-06,-1.17451e-06,-7.023039e-07,4.296947e-06,1080297000000.0,124700000000000.0,1.323997,28090000000000.0,-1.10583
905,0.86,5.801575,5.154592,2939.952,298.7112,266.5729,-219.1586,218.2659,47.15451,37292260000000.0,30660390000000.0,2606980000000.0,0.5262488,1.551993e-06,7.609519e-07,-7.547181e-07,7.830849e-07,2.210134e-06,-2.26485e-06,-1.711667e-06,4.123125e-06,27680850000000.0,2219710000000.0,0.4617282,1.416236e-06,6.765372e-07,-7.063764e-07,6.965588e-07,1.998387e-06,-2.084401e-06,-1.579554e-06,3.74374e-06,16819960000000.0,1156978000000.0,0.29201,9.498488e-07,4.145513e-07,-5.125053e-07,4.275337e-07,1.299656e-06,-1.4367e-06,-1.09797e-06,2.469475e-06,1032335000000.0,99640000000000.0,1.245839,21120000000000.0,-1.00584
906,0.8576,6.485254,5.513495999999995,2928.18,332.8606,284.4681,-391.248,475.882,194.3717,37100030000000.0,22202350000000.0,1931974000000.0,0.474811,1.036214e-06,1.009206e-06,-6.339059e-09,1.022967e-06,1.979591e-06,-1.01436e-06,-6.455095e-07,3.262652e-06,21529550000000.0,1742638000000.0,0.4271189,9.704344e-07,9.203531e-07,-3.059523e-08,9.331415e-07,1.828789e-06,-9.745893e-07,-6.291356e-07,3.030191e-06,16531620000000.0,1115304000000.0,0.2864387,7.375669e-07,6.33029e-07,-8.934791e-08,6.424487e-07,1.322427e-06,-8.067218e-07,-5.441023e-07,2.23492e-06,748885200000.0,117100000000000.0,1.063092,21180000000000.0,-0.922284
909,0.8593,6.154899,4.964214999999997,2937.143,316.7368,256.5974,-360.3463,-197.2479,298.0443,29795360000000.0,26335250000000.0,2393924000000.0,0.4985866,1.244221e-06,1.194933e-06,-2.36018e-08,1.21007e-06,2.356775e-06,-1.232653e-06,-7.900645e-07,3.896303e-06,25085770000000.0,2161562000000.0,0.4459892,1.18109e-06,1.107967e-06,-4.861007e-08,1.122223e-06,2.210474e-06,-1.196293e-06,-7.761321e-07,3.67167e-06,19415040000000.0,1434426000000.0,0.3034766,9.428963e-07,8.119764e-07,-1.109505e-07,8.229976e-07,1.690933e-06,-1.027117e-06,-6.915959e-07,2.856771e-06,856949200000.0,155200000000000.0,1.186886,31340000000000.0,-0.99297
910,0.8576,6.591936,5.265306000000004,2929.001,338.4793,271.7229,-420.7109,453.2091,350.9763,31140960000000.0,30179820000000.0,2568868000000.0,0.524766,1.38045e-06,1.191202e-06,-1.607919e-07,1.207868e-06,2.479589e-06,-1.503438e-06,-1.011737e-06,4.187275e-06,28257540000000.0,2331117000000.0,0.4641182,1.31395e-06,1.102175e-06,-1.844934e-07,1.117884e-06,2.327959e-06,-1.462408e-06,-9.943627e-07,3.953061e-06,21914010000000.0,1650839000000.0,0.3152486,1.091659e-06,8.365868e-07,-2.318563e-07,8.491968e-07,1.853464e-06,-1.293443e-06,-9.044854e-07,3.202734e-06,960020000000.0,199600000000000.0,1.28389,43600000000000.0,-1.10286
912,0.8583,6.661402,5.224263999999996,2930.183,342.2164,269.7397,-553.2626,272.4233,514.1844,44020240000000.0,29314790000000.0,2652019000000.0,0.5182841,1.601302e-06,1.87332e-06,3.015938e-07,1.889631e-06,3.367173e-06,-1.253949e-06,-6.845588e-07,5.354025e-06,26335250000000.0,2275836000000.0,0.4555295,1.474965e-06,1.681928e-06,2.344442e-07,1.69677e-06,3.057277e-06,-1.198307e-06,-6.738035e-07,4.886985e-06,20472300000000.0,1384541000000.0,0.3080756,1.070003e-06,1.120808e-06,7.13371e-08,1.131106e-06,2.116903e-06,-9.678912e-07,-5.872961e-07,3.443271e-06,943056800000.0,100300000000000.0,1.264012,21570000000000.0,-1.051
913,0.8573,6.624968,6.744934999999998,2919.838,339.1262,347.6452,-179.4333,216.4706,10.8596,33736040000000.0,32198210000000.0,2837716000000.0,0.5458733,1.543621e-06,6.128148e-07,-8.93809e-07,6.357081e-07,2.054519e-06,-2.396406e-06,-1.845914e-06,3.955645e-06,30372040000000.0,2509036000000.0,0.4762216,1.459662e-06,5.641262e-07,-8.603918e-07,5.856151e-07,1.9269e-06,-2.281251e-06,-1.760652e-06,3.724348e-06,22490690000000.0,1581856000000.0,0.3193001,1.16088e-06,4.122695e-07,-7.202246e-07,4.289207e-07,1.494676e-06,-1.850218e-06,-1.436049e-06,2.923452e-06,1021971000000.0,94460000000000.0,1.137444,18280000000000.0,-0.9456505
916,0.8659,4.979731000000001,4.934872000000001,2960.895,257.9894,256.6224,-73.90147,45.75848,263.0022,36042770000000.0,33351580000000.0,2946651000000.0,0.5380442,1.682417e-06,1.915919e-07,-1.447626e-06,2.184329e-07,1.762114e-06,-3.087222e-06,-2.486145e-06,3.829012e-06,31621530000000.0,2611529000000.0,0.4801356,1.575557e-06,1.756998e-07,-1.359246e-06,2.006773e-07,1.64596e-06,-2.894694e-06,-2.331746e-06,3.58131e-06,21048980000000.0,1474459000000.0,0.3091833,1.103688e-06,1.132792e-07,-9.614925e-07,1.302969e-07,1.14167e-06,-2.037059e-06,-1.642563e-06,2.496592e-06,1044905000000.0,130100000000000.0,1.316028,29130000000000.0,-1.08009
917,0.867,7.144794000000001,6.667455000000006,2943.09,368.9181,346.7313,-278.9983,322.2163,-462.5954,49498740000000.0,35946660000000.0,3525578000000.0,0.5540483,2.482998e-06,1.595821e-06,-8.320347e-07,1.625828e-06,3.908084e-06,-3.247045e-06,-2.362021e-06,6.973218e-06,32582670000000.0,2972436000000.0,0.4840067,2.259737e-06,1.412794e-06,-7.963765e-07,1.439762e-06,3.516007e-06,-2.994176e-06,-2.188642e-06,6.304894e-06,21529550000000.0,1595625000000.0,0.311563,1.577777e-06,9.029988e-07,-6.385682e-07,9.210065e-07,2.368753e-06,-2.172967e-06,-1.610313e-06,4.314462e-06,1120817000000.0,88080000000000.0,1.365306,20460000000000.0,-1.10286
918,0.8632,7.141119,6.735416000000004,2932.36,367.382,349.0182,-124.0013,249.1286,-392.6744,45173610000000.0,38253400000000.0,3724867000000.0,0.5655881,2.429131e-06,7.172566e-07,-1.651598e-06,7.512275e-07,2.97889e-06,-4.017266e-06,-3.149714e-06,5.966624e-06,35081630000000.0,3220879000000.0,0.5001059,2.239362e-06,6.47092e-07,-1.53642e-06,6.781364e-07,2.731152e-06,-3.717248e-06,-2.917392e-06,5.484997e-06,20760640000000.0,1599397000000.0,0.3075834,1.427628e-06,3.784537e-07,-1.012797e-06,3.974928e-07,1.704628e-06,-2.403035e-06,-1.892896e-06,3.458929e-06,1217606000000.0,115300000000000.0,1.435506,28160000000000.0,-1.16721
921,0.8645,6.663171,6.814876000000002,2938.143,343.238,353.5139,-319.4069,317.8355,-49.23215,46519210000000.0,36523350000000.0,3791333000000.0,0.5562619,2.451457e-06,1.511058e-06,-8.840584e-07,1.54021e-06,3.790939e-06,-3.267352e-06,-2.393734e-06,6.814363e-06,34024380000000.0,3361422000000.0,0.4943805,2.295863e-06,1.380592e-06,-8.621919e-07,1.407592e-06,3.51478e-06,-3.094187e-06,-2.275931e-06,6.345769e-06,25758570000000.0,2104861000000.0,0.3303441,1.746574e-06,9.625817e-07,-7.427127e-07,9.822474e-07,2.583309e-06,-2.440621e-06,-1.817876e-06,4.735432e-06,1087300000000.0,127100000000000.0,1.420156,30710000000000.0,-1.183087
922,0.8726,7.126168,5.613426000000005,2963.358,370.4803,293.5283,-447.5563,503.4379,240.3825,29026450000000.0,27104170000000.0,2261405000000.0,0.5044607,1.105439e-06,1.125135e-06,4.125256e-08,1.138845e-06,2.15922e-06,-1.033805e-06,-6.403724e-07,3.528802e-06,24989660000000.0,1999717000000.0,0.4420338,1.036329e-06,1.026752e-06,1.078048e-08,1.039495e-06,1.995794e-06,-9.970219e-07,-6.281668e-07,3.279514e-06,19030590000000.0,1321130000000.0,0.3005541,8.128836e-07,7.410798e-07,-5.546095e-08,7.50786e-07,1.500166e-06,-8.458671e-07,-5.564849e-07,2.506491e-06,873567300000.0,96560000000000.0,1.062185,17450000000000.0,-0.873972
924,0.8708,7.008615000000001,6.187823000000002,2956.556,363.4707,322.9622,-74.56306,463.189,243.105,29795360000000.0,25662460000000.0,2184532000000.0,0.4930098,1.136476e-06,-2.908014e-08,-1.137283e-06,-9.01957e-09,1.036184e-06,-2.246318e-06,-1.840004e-06,2.433513e-06,23547950000000.0,1903042000000.0,0.4352734,1.055751e-06,-2.633435e-08,-1.055695e-06,-7.808545e-09,9.628948e-07,-2.085931e-06,-1.708451e-06,2.260764e-06,15954930000000.0,1071480000000.0,0.2807469,7.746143e-07,-1.771007e-08,-7.72626e-07,-4.416925e-09,7.07097e-07,-1.52846e-06,-1.251425e-06,1.658802e-06,874833100000.0,102500000000000.0,1.093525,19070000000000.0,-0.885159
925,0.8677,6.133324,6.021949999999995,2954.197,317.4505,313.437,-334.459,70.57037,46.15388,79582450000000.0,41617390000000.0,3248452000000.0,0.5782733,2.040799e-06,1.51363e-06,-4.816957e-07,1.537844e-06,3.413797e-06,-2.464616e-06,-1.738148e-06,5.933505e-06,37100030000000.0,2797187000000.0,0.5069902,1.873203e-06,1.353007e-06,-4.782214e-07,1.375002e-06,3.096373e-06,-2.298282e-06,-1.631404e-06,5.408749e-06,25374110000000.0,1527380000000.0,0.3301792,1.339943e-06,8.879011e-07,-4.214278e-07,9.030494e-07,2.133069e-06,-1.723319e-06,-1.24611e-06,3.786143e-06,1438297000000.0,70480000000000.0,1.302618,15620000000000.0,-1.20536
926,0.8701,6.525813,6.513823999999995,2955.742,338.1132,339.6876,-227.9315,318.5997,-112.3589,66318710000000.0,59782950000000.0,6308557000000.0,0.6528346,4.801765e-06,1.727005e-06,-2.953226e-06,1.78414e-06,6.176785e-06,-7.624995e-06,-5.910241e-06,1.207936e-05,54400560000000.0,5446973000000.0,0.5742136,4.453052e-06,1.567368e-06,-2.772364e-06,1.619739e-06,5.692017e-06,-7.104822e-06,-5.514409e-06,1.116488e-05,33543810000000.0,2793792000000.0,0.3599629,3.026888e-06,9.822393e-07,-1.96592e-06,1.016121e-06,3.780374e-06,-4.910734e-06,-3.829151e-06,7.497511e-06,1700825000000.0,44740000000000.0,1.422769,10830000000000.0,-1.11177
927,0.8719,6.032601,4.849260999999995,2972.17,314.0976,253.5578,-544.5766,-492.406,176.7391,46999780000000.0,41136820000000.0,4095075000000.0,0.57632,2.671398e-06,3.268181e-06,6.458925e-07,3.288894e-06,5.749605e-06,-1.944831e-06,-9.960555e-07,9.065361e-06,38061170000000.0,3572746000000.0,0.508785,2.48048e-06,2.960663e-06,5.261863e-07,2.979558e-06,5.263588e-06,-1.879304e-06,-9.98254e-07,8.341699e-06,24509090000000.0,2025827000000.0,0.3240452,1.762259e-06,1.922247e-06,1.937909e-07,1.934712e-06,3.555093e-06,-1.51499e-06,-8.888055e-07,5.740047e-06,1247680000000.0,146200000000000.0,1.50599,37460000000000.0,-1.24641
928,0.8694,4.8644620000000005,5.7489140000000045,2966.757,252.4872,299.7596,-53.7146,164.3577,41.0628,40848480000000.0,33159350000000.0,3233126000000.0,0.5365191,1.884423e-06,1.584009e-07,-1.676881e-06,1.885076e-07,1.916586e-06,-3.513349e-06,-2.839988e-06,4.230428e-06,31333190000000.0,2866786000000.0,0.4776134,1.764339e-06,1.449987e-07,-1.573144e-06,1.72991e-07,1.790521e-06,-3.292578e-06,-2.662065e-06,3.956592e-06,22779030000000.0,1752041000000.0,0.3172269,1.292469e-06,9.720347e-08,-1.160844e-06,1.171012e-07,1.300698e-06,-2.4204e-06,-1.958325e-06,2.886453e-06,1023298000000.0,88030000000000.0,1.225201,18350000000000.0,-0.9999
930,0.8705,6.00209,4.836760999999996,2968.533,312.1149,252.5775,-38.02348,-434.5431,257.7383,43635790000000.0,38349510000000.0,3543123000000.0,0.5634879,2.307976e-06,3.205533e-07,-1.92891e-06,3.562007e-07,2.473489e-06,-4.17876e-06,-3.353767e-06,5.309772e-06,34504950000000.0,3013055000000.0,0.493978,2.129414e-06,2.891668e-07,-1.785997e-06,3.218056e-07,2.274713e-06,-3.861748e-06,-3.100513e-06,4.891114e-06,19895610000000.0,1455830000000.0,0.304438,1.405347e-06,1.755743e-07,-1.193271e-06,1.96446e-07,1.483789e-06,-2.563123e-06,-2.060543e-06,3.209352e-06,1222199000000.0,93140000000000.0,1.358025,21520000000000.0,-1.08108
931,0.8719,5.331891,5.378599999999994,2973.235,277.4879,281.1496,-255.3861,125.9105,159.9921,63243060000000.0,58725690000000.0,5713733000000.0,0.6532712,4.402327e-06,1.73418e-06,-2.555452e-06,1.782747e-06,5.805416e-06,-6.836809e-06,-5.264726e-06,1.121506e-05,56515070000000.0,5187055000000.0,0.581359,4.192959e-06,1.611074e-06,-2.473935e-06,1.656705e-06,5.486676e-06,-6.551647e-06,-5.054135e-06,1.063798e-05,40944590000000.0,3420278000000.0,0.3861472,3.350866e-06,1.176813e-06,-2.085821e-06,1.211271e-06,4.267619e-06,-5.344496e-06,-4.147109e-06,8.380938e-06,1557993000000.0,174700000000000.0,1.844033,54810000000000.0,-1.595
932,0.8694,5.33856,6.753681,2959.087,276.5149,351.9505,-212.5255,-59.33389,-56.65482,28641990000000.0,24605200000000.0,1955291000000.0,0.4871168,1.014562e-06,6.334681e-07,-3.579364e-07,6.477907e-07,1.581488e-06,-1.344667e-06,-9.833496e-07,2.833153e-06,23259600000000.0,1749519000000.0,0.4366335,9.509643e-07,5.786212e-07,-3.50535e-07,5.919427e-07,1.46688e-06,-1.275408e-06,-9.367075e-07,2.639908e-06,16531620000000.0,1086461000000.0,0.2854655,7.108372e-07,3.914614e-07,-3.027577e-07,4.010961e-07,1.054387e-06,-9.940782e-07,-7.408026e-07,1.930666e-06,823536100000.0,158700000000000.0,1.209598,32660000000000.0,-1.00782
933,0.8736,5.968816,4.8249290000000045,2976.746,311.2306,252.6383,-529.3438,34.64953,294.7732,215968300000000.0,50844340000000.0,3194392000000.0,0.6183782,4.278932e-06,4.622909e-06,4.286269e-07,4.661267e-06,8.599086e-06,-3.722967e-06,-2.202296e-06,1.390029e-05,47864800000000.0,2876038000000.0,0.5489424,3.572618e-06,3.841986e-06,3.401396e-07,3.873927e-06,7.161541e-06,-3.126144e-06,-1.856466e-06,1.158753e-05,33736040000000.0,1838718000000.0,0.360771,2.108733e-06,2.11535e-06,4.94382e-08,2.13324e-06,4.071506e-06,-1.9964e-06,-1.246705e-06,6.682142e-06,1426692000000.0,80420000000000.0,1.479273,20240000000000.0,-1.600621
935,0.8722,5.542142,5.7197739999999975,2971.39,288.3182,299.0176,-402.9353,-55.30569,174.3919,30275930000000.0,26815820000000.0,2195771000000.0,0.500532,1.075324e-06,1.223841e-06,1.698064e-07,1.236988e-06,2.229504e-06,-8.74565e-07,-4.924986e-07,3.561758e-06,24797430000000.0,1894148000000.0,0.44273,9.858884e-07,1.096801e-06,1.305327e-07,1.108763e-06,2.018516e-06,-8.269629e-07,-4.766489e-07,3.239794e-06,14609340000000.0,914937800000.0,0.2734918,6.14996e-07,6.27156e-07,2.46575e-08,6.343797e-07,1.201328e-06,-5.725946e-07,-3.540034e-07,1.96272e-06,924609700000.0,68260000000000.0,1.01175,11750000000000.0,-0.801108
936,0.8719,7.007688,6.204970999999995,2959.036,363.727,324.1353,-484.872,614.7767,51.30466,30756500000000.0,30179820000000.0,2283941000000.0,0.5217132,1.173889e-06,1.267863e-06,1.163971e-07,1.281269e-06,2.364453e-06,-1.024943e-06,-6.071599e-07,3.819573e-06,28449760000000.0,2078690000000.0,0.4622144,1.113007e-06,1.167071e-06,7.550437e-08,1.179653e-06,2.206323e-06,-1.006583e-06,-6.104476e-07,3.585688e-06,21625660000000.0,1442832000000.0,0.3109254,9.023089e-07,8.597882e-07,-2.464329e-08,8.696185e-07,1.700987e-06,-9.017391e-07,-5.805277e-07,2.818429e-06,944628300000.0,159700000000000.0,1.224106,33260000000000.0,-1.05237
937,0.8691,5.919652,5.717533000000004,2960.857,307.0012,298.0372,-421.2157,-0.4677454,173.5953,28834220000000.0,27969190000000.0,2381843000000.0,0.5154749,1.123956e-06,1.296261e-06,1.945762e-07,1.309561e-06,2.34657e-06,-8.968956e-07,-4.975354e-07,3.739039e-06,27008050000000.0,2152353000000.0,0.4577679,1.067482e-06,1.202362e-06,1.561372e-07,1.214899e-06,2.199581e-06,-8.804766e-07,-5.011579e-07,3.521906e-06,19991730000000.0,1406181000000.0,0.3037003,8.387542e-07,8.683038e-07,4.657173e-08,8.778653e-07,1.650882e-06,-7.678841e-07,-4.697633e-07,2.689334e-06,904244000000.0,79390000000000.0,1.001691,13530000000000.0,-0.824769
939,0.8673,7.164676,6.593023999999995,2943.725,370.0353,342.9149,-240.9758,161.2938,104.4367,63627510000000.0,54977250000000.0,5716342000000.0,0.6346412,4.275053e-06,1.612284e-06,-2.554548e-06,1.66327e-06,5.574461e-06,-6.713118e-06,-5.186865e-06,1.082983e-05,49594860000000.0,4983729000000.0,0.5576247,3.970884e-06,1.45982e-06,-2.409922e-06,1.506542e-06,5.138049e-06,-6.272582e-06,-4.854724e-06,1.001842e-05,33255470000000.0,2907009000000.0,0.3611809,2.863531e-06,9.634556e-07,-1.825442e-06,9.954047e-07,3.610359e-06,-4.610856e-06,-3.587847e-06,7.12679e-06,1538263000000.0,94120000000000.0,1.584311,25370000000000.0,-1.3068
940,0.8726,5.118448,6.731372999999998,2968.23,265.8708,351.7373,-243.3084,0.8457307,-115.9612,34024380000000.0,25470230000000.0,2244447000000.0,0.4916049,1.167815e-06,8.748862e-07,-2.672196e-07,8.912403e-07,1.967215e-06,-1.402678e-06,-9.870719e-07,3.409599e-06,22971260000000.0,1948926000000.0,0.431152,1.079127e-06,7.856876e-07,-2.695612e-07,8.006789e-07,1.794669e-06,-1.318781e-06,-9.347012e-07,3.127304e-06,17492760000000.0,1188293000000.0,0.2897156,8.05231e-07,5.37896e-07,-2.492217e-07,5.487871e-07,1.289827e-06,-1.032119e-06,-7.454335e-07,2.283713e-06,849686800000.0,71630000000000.0,1.001075,12200000000000.0,-0.8256
943,0.8726,7.075116,6.221840999999997,2961.013,367.5078,325.2879,-517.3971,322.8464,-68.54073,30756500000000.0,29122560000000.0,2836137000000.0,0.5173046,1.415695e-06,1.821664e-06,4.32469e-07,1.83629e-06,3.142716e-06,-9.417107e-07,-4.388557e-07,4.899122e-06,28738110000000.0,2656338000000.0,0.4726228,1.376862e-06,1.741154e-06,3.901721e-07,1.755293e-06,3.025669e-06,-9.462877e-07,-4.572076e-07,4.73372e-06,23451830000000.0,1861374000000.0,0.3191245,1.172728e-06,1.366318e-06,2.160938e-07,1.377984e-06,2.459088e-06,-9.22121e-07,-5.054664e-07,3.91314e-06,882122400000.0,112300000000000.0,1.078175,20600000000000.0,-0.916938
944,0.8779,5.288305,4.914506999999997,2991.078,276.8581,258.2881,-388.5535,1.007681,-91.14968,70451610000000.0,61513000000000.0,6705819000000.0,0.6587051,5.335781e-06,3.536846e-06,-1.674484e-06,3.583344e-06,8.466635e-06,-6.854344e-06,-4.953416e-06,1.5045e-05,58245120000000.0,5933376000000.0,0.5853685,4.982477e-06,3.230648e-06,-1.634887e-06,3.273338e-06,7.831651e-06,-6.471726e-06,-4.696441e-06,1.397316e-05,33447700000000.0,3047249000000.0,0.3584858,3.296983e-06,1.970939e-06,-1.246738e-06,1.997254e-06,5.009246e-06,-4.447249e-06,-3.271914e-06,9.069804e-06,1692838000000.0,89580000000000.0,1.667886,25420000000000.0,-1.37511
946,0.875,5.985076,6.863185000000004,2970.192,311.3975,359.4558,-245.2805,-44.11878,69.76486,36907800000000.0,34697180000000.0,3017146000000.0,0.5492009,1.681659e-06,1.018211e-06,-6.248189e-07,1.04089e-06,2.587283e-06,-2.260085e-06,-1.6611e-06,4.661521e-06,32486550000000.0,2649977000000.0,0.4850337,1.571713e-06,9.285707e-07,-6.068651e-07,9.495923e-07,2.394493e-06,-2.135209e-06,-1.575332e-06,4.33282e-06,19318930000000.0,1417863000000.0,0.2986834,1.113637e-06,6.004344e-07,-4.869973e-07,6.148197e-07,1.637471e-06,-1.569883e-06,-1.173024e-06,3.010003e-06,1109269000000.0,160500000000000.0,1.335557,36470000000000.0,-1.12167
949,0.8743,6.581207,6.395533000000005,2967.253,342.3366,334.8027,-466.227,268.5844,38.10513,101015900000000.0,91116130000000.0,9720967000000.0,0.7492992,9.560063e-06,5.524752e-06,-3.798622e-06,5.583932e-06,1.429345e-05,-1.307687e-05,-9.665658e-06,2.605482e-05,84099810000000.0,8720791000000.0,0.6633242,9.051381e-06,5.103575e-06,-3.721957e-06,5.157875e-06,1.340008e-05,-1.25064e-05,-9.27616e-06,2.453257e-05,57380100000000.0,5416432000000.0,0.4296679,6.942232e-06,3.578125e-06,-3.185452e-06,3.614368e-06,9.9239e-06,-9.922592e-06,-7.443395e-06,1.845275e-05,2208655000000.0,159500000000000.0,2.302039,62470000000000.0,-1.995
951,0.8736,7.174697,6.707542000000004,2959.591,372.5555,350.8139,-515.1335,234.7551,-412.5527,63050830000000.0,51709370000000.0,5548700000000.0,0.623309,4.280775e-06,4.163113e-06,-3.059118e-08,4.194921e-06,8.125438e-06,-4.182974e-06,-2.6606e-06,1.342449e-05,47192010000000.0,4891839000000.0,0.548261,4.035853e-06,3.827338e-06,-1.257507e-07,3.856726e-06,7.560942e-06,-4.040453e-06,-2.605022e-06,1.255566e-05,35754430000000.0,3105498000000.0,0.367747,3.159876e-06,2.754247e-06,-3.389222e-07,2.775529e-06,5.671704e-06,-3.403682e-06,-2.279335e-06,9.579062e-06,1423559000000.0,134300000000000.0,1.67707,38320000000000.0,-1.421
952,0.881,5.045762,5.7802029999999975,2996.665,264.5862,304.5242,-514.5762,-179.2435,-124.6376,39406770000000.0,22298460000000.0,1714625000000.0,0.4669815,8.983873e-07,1.45881e-06,5.759952e-07,1.467964e-06,2.298781e-06,-2.953847e-07,2.320918e-08,3.415657e-06,19511160000000.0,1433631000000.0,0.4070054,7.989571e-07,1.261175e-06,4.761793e-07,1.269222e-06,2.007858e-06,-2.987366e-07,-1.538139e-08,3.000934e-06,14032650000000.0,792521200000.0,0.2708408,5.358197e-07,7.7878e-07,2.525539e-07,7.839805e-07,1.278872e-06,-2.671e-07,-7.701973e-08,1.944491e-06,775763600000.0,56040000000000.0,0.9843237,9385000000000.0,-0.8058
953,0.8807,4.846441,6.744788000000002,2991.009,253.6037,355.0026,-146.2676,56.25936,114.8612,41809620000000.0,36811690000000.0,3503063000000.0,0.5537655,2.113404e-06,6.062846e-07,-1.453953e-06,6.367016e-07,2.574955e-06,-3.511456e-06,-2.75707e-06,5.173529e-06,34793290000000.0,3130805000000.0,0.4955311,1.991184e-06,5.588133e-07,-1.382066e-06,5.872496e-07,2.412925e-06,-3.320576e-06,-2.609746e-06,4.860853e-06,23547950000000.0,1836349000000.0,0.3186227,1.458346e-06,3.738397e-07,-1.04696e-06,3.939336e-07,1.729455e-06,-2.466706e-06,-1.945861e-06,3.5211e-06,1133800000000.0,109700000000000.0,1.337334,24960000000000.0,-1.09791
954,0.8793,6.452801,6.278218000000006,2981.719,337.2361,330.129,-709.5105,320.2883,174.7635,36235000000000.0,32582670000000.0,2782065000000.0,0.5316702,1.490775e-06,2.458766e-06,9.91896e-07,2.470399e-06,3.848454e-06,-4.533902e-07,7.527841e-08,5.704751e-06,29891470000000.0,2473303000000.0,0.473084,1.394976e-06,2.247704e-06,8.752924e-07,2.258445e-06,3.547572e-06,-4.770605e-07,1.766106e-08,5.284262e-06,19703380000000.0,1441344000000.0,0.3059282,9.908439e-07,1.464586e-06,4.903079e-07,1.471802e-06,2.386412e-06,-4.701194e-07,-1.186381e-07,3.619086e-06,1046229000000.0,100900000000000.0,1.187758,20390000000000.0,-0.9952
957,0.8832,4.987127,5.469708999999997,3004.222,262.1552,288.764,-472.5787,-87.35516,-15.51075,88905510000000.0,82081410000000.0,8906582000000.0,0.7225483,8.365781e-06,5.543373e-06,-2.620929e-06,5.589729e-06,1.321551e-05,-1.073463e-05,-7.752303e-06,2.351807e-05,78044620000000.0,8198011000000.0,0.6450396,8.06232e-06,5.227729e-06,-2.639182e-06,5.271178e-06,1.261759e-05,-1.045848e-05,-7.583963e-06,2.254425e-05,61320770000000.0,5741764000000.0,0.4375108,6.711451e-06,4.002097e-06,-2.542268e-06,4.033865e-06,1.013951e-05,-9.051161e-06,-6.656907e-06,1.839514e-05,1956000000000.0,225500000000000.0,2.321075,89050000000000.0,-2.047
958,0.8825,4.841858,6.905567000000006,2994.851,253.6882,364.0111,-185.6459,-116.8201,-156.2723,82177530000000.0,77083480000000.0,8651415000000.0,0.7056032,8.547544e-06,2.359954e-06,-5.943659e-06,2.432049e-06,1.018883e-05,-1.425626e-05,-1.119585e-05,2.064819e-05,74968970000000.0,8142010000000.0,0.6438744,8.339149e-06,2.264581e-06,-5.835621e-06,2.333916e-06,9.899391e-06,-1.394551e-05,-1.095941e-05,2.010206e-05,64396420000000.0,6136561000000.0,0.4456012,7.254401e-06,1.821998e-06,-5.220224e-06,1.877826e-06,8.449398e-06,-1.227503e-05,-9.675927e-06,1.731733e-05,1817628000000.0,203500000000000.0,2.315235,80160000000000.0,-2.004842
960,0.8786,5.567365000000001,5.794430000000006,2987.638,291.2225,304.6167,-632.1981,-227.7062,-134.5881,51517140000000.0,44789150000000.0,4219654000000.0,0.5919925,2.799684e-06,3.895019e-06,1.14467e-06,3.913045e-06,6.492494e-06,-1.567145e-06,-5.742012e-07,9.971732e-06,41425160000000.0,3714993000000.0,0.5219196,2.611575e-06,3.536901e-06,9.717857e-07,3.553339e-06,5.958567e-06,-1.557748e-06,-6.314235e-07,9.203291e-06,28738110000000.0,2236945000000.0,0.3404379,1.931279e-06,2.385781e-06,4.900536e-07,2.396886e-06,4.173065e-06,-1.380373e-06,-6.950693e-07,6.570521e-06,1294854000000.0,168400000000000.0,1.582142,45330000000000.0,-1.349207
961,0.8853,7.137915,5.656770999999997,2996.402,375.2353,299.1157,-534.7118,450.7229,313.6837,77467940000000.0,64108080000000.0,7118514000000.0,0.6627345,5.850459e-06,4.223784e-06,-1.496287e-06,4.268825e-06,9.624956e-06,-7.177067e-06,-5.091949e-06,1.684645e-05,59975180000000.0,6390723000000.0,0.5901297,5.55014e-06,3.91649e-06,-1.509031e-06,3.958392e-06,9.037638e-06,-6.898062e-06,-4.919757e-06,1.588687e-05,43155220000000.0,4018640000000.0,0.3892438,4.28794e-06,2.771967e-06,-1.416746e-06,2.801644e-06,6.719513e-06,-5.579812e-06,-4.050666e-06,1.200606e-05,1677067000000.0,90490000000000.0,1.699178,26160000000000.0,-1.43154
962,0.8856,5.436986,5.357273000000003,3009.194,286.4126,283.4639,-379.2738,-382.1412,107.0504,71604980000000.0,63627510000000.0,7105992000000.0,0.6620295,5.784792e-06,3.743082e-06,-1.905589e-06,3.789448e-06,9.078005e-06,-7.522078e-06,-5.459856e-06,1.620712e-05,59398490000000.0,6441838000000.0,0.5900826,5.524877e-06,3.494351e-06,-1.899677e-06,3.537821e-06,8.58691e-06,-7.263737e-06,-5.293931e-06,1.539425e-05,44981380000000.0,4271722000000.0,0.3945401,4.438341e-06,2.577327e-06,-1.753117e-06,2.609536e-06,6.659533e-06,-6.06204e-06,-4.478808e-06,1.212328e-05,1644771000000.0,186600000000000.0,1.943144,61690000000000.0,-1.682702
963,0.8853,5.385124,6.9027280000000015,3000.267,282.8228,364.8273,-46.96513,32.11048,186.2433,43635790000000.0,36523350000000.0,3749825000000.0,0.5590552,2.337805e-06,1.072603e-07,-2.167809e-06,1.436359e-07,2.28411e-06,-4.446484e-06,-3.610472e-06,5.151527e-06,33351580000000.0,3239853000000.0,0.4843318,2.159381e-06,9.610288e-08,-2.004991e-06,1.293465e-07,2.105681e-06,-4.109743e-06,-3.337425e-06,4.753667e-06,23740170000000.0,2004912000000.0,0.3194114,1.637236e-06,6.661237e-08,-1.525609e-06,9.095516e-08,1.587528e-06,-3.121399e-06,-2.535558e-06,3.593801e-06,1112136000000.0,192400000000000.0,1.517673,49680000000000.0,-1.27413
965,0.8871,4.863121,5.288293999999999,3016.325,256.6346,280.2032,-429.2428,-25.17938,5.924546,45846410000000.0,40367910000000.0,4016610000000.0,0.5792851,2.50052e-06,2.371327e-06,-7.667365e-08,2.396408e-06,4.695803e-06,-2.503616e-06,-1.614547e-06,7.788757e-06,36715570000000.0,3480372000000.0,0.499933,2.327157e-06,2.140815e-06,-1.370948e-07,2.163805e-06,4.302974e-06,-2.395742e-06,-1.568209e-06,7.180855e-06,27008050000000.0,2213422000000.0,0.3326863,1.81822e-06,1.536729e-06,-2.421462e-07,1.553851e-06,3.223282e-06,-2.006768e-06,-1.359963e-06,5.470283e-06,1188835000000.0,128000000000000.0,1.402364,30540000000000.0,-1.17711
966,0.8846,5.729759,6.8118650000000045,2996.754,300.6878,359.7681,-415.372,-98.10536,374.199,29026450000000.0,24605200000000.0,1930781000000.0,0.4844447,9.519405e-07,1.054695e-06,1.21447e-07,1.066395e-06,1.945096e-06,-8.035965e-07,-4.651397e-07,3.124554e-06,23163490000000.0,1732120000000.0,0.4377332,8.91218e-07,9.656567e-07,9.203551e-08,9.765298e-07,1.798984e-06,-7.739806e-07,-4.570948e-07,2.903047e-06,16916080000000.0,1034683000000.0,0.2852006,6.481343e-07,6.425728e-07,7.53029e-09,6.502291e-07,1.247751e-06,-6.222192e-07,-3.917045e-07,2.050185e-06,818122900000.0,86170000000000.0,1.039515,15240000000000.0,-0.8454852
968,0.8885,7.040106,5.167627000000002,3008.63,371.5512,274.1599,-285.6524,182.8347,533.1465,35081630000000.0,24893540000000.0,2211801000000.0,0.4829783,1.284243e-06,7.468832e-07,-5.092804e-07,7.653095e-07,1.948522e-06,-1.759768e-06,-1.301882e-06,3.534393e-06,22394580000000.0,1887407000000.0,0.4281166,1.173127e-06,6.663344e-07,-4.809925e-07,6.830413e-07,1.763576e-06,-1.623252e-06,-1.204955e-06,3.211987e-06,14801570000000.0,979755100000.0,0.2728873,7.820227e-07,4.078086e-07,-3.566321e-07,4.186182e-07,1.138134e-06,-1.118001e-06,-8.390802e-07,2.10303e-06,862063400000.0,77120000000000.0,1.110438,14570000000000.0,-0.8808592
969,0.886,5.39702,6.8912830000000005,3001.901,283.6057,364.4221,-531.7897,-28.46466,316.7324,28738110000000.0,12975400000000.0,896715200000.0,0.3902294,5.710678e-07,9.810994e-07,4.196465e-07,9.877168e-07,1.516755e-06,-1.348079e-07,6.781061e-08,2.227061e-06,12110370000000.0,752639300000.0,0.3513713,5.11271e-07,8.667175e-07,3.640891e-07,8.726162e-07,1.346192e-06,-1.322982e-07,4.910871e-08,1.982066e-06,7881353000000.0,330213700000.0,0.2210639,2.829552e-07,4.496494e-07,1.715729e-07,4.528405e-07,7.147476e-07,-1.031195e-07,-2.708127e-09,1.066506e-06,523557400000.0,26580000000000.0,0.7710788,3487000000000.0,-0.5656731
972,0.8878,5.400021,6.8372039999999945,3007.058,284.2518,362.1578,-636.8246,-96.53058,456.6764,57956780000000.0,37965060000000.0,3564906000000.0,0.5583871,2.632709e-06,3.215279e-06,6.303452e-07,3.23549e-06,5.661169e-06,-1.922897e-06,-9.87903e-07,8.92989e-06,34793290000000.0,3001553000000.0,0.4953165,2.366024e-06,2.840033e-06,5.172254e-07,2.857965e-06,5.037363e-06,-1.777323e-06,-9.36986e-07,7.974503e-06,18550010000000.0,1266431000000.0,0.2937192,1.356299e-06,1.508715e-06,1.779393e-07,1.51836e-06,2.766142e-06,-1.137244e-06,-6.553736e-07,4.448564e-06,1231966000000.0,75390000000000.0,1.406451,18040000000000.0,-1.138
973,0.8878,7.124716,6.404603000000003,2999.296,374.8961,339.2887,-462.0922,379.7954,50.34109,55073360000000.0,48922060000000.0,5348819000000.0,0.6048408,3.969008e-06,2.878669e-06,-1.001005e-06,2.913855e-06,6.550634e-06,-4.855238e-06,-3.441212e-06,1.144884e-05,46230870000000.0,4870466000000.0,0.5432762,3.800784e-06,2.700158e-06,-1.014573e-06,2.733381e-06,6.21493e-06,-4.705387e-06,-3.35116e-06,1.090466e-05,36907800000000.0,3327027000000.0,0.370052,3.094016e-06,2.023426e-06,-9.987761e-07,2.048806e-06,4.879132e-06,-4.003081e-06,-2.900198e-06,8.693759e-06,1333615000000.0,233200000000000.0,1.828566,72550000000000.0,-1.55826
974,0.8903,6.971911,5.207223000000006,3013.657,368.5309,276.6932,-449.5984,336.3223,223.7734,42482420000000.0,39791220000000.0,3341582000000.0,0.564147,1.933195e-06,1.807938e-06,-8.567095e-08,1.829712e-06,3.610259e-06,-1.963944e-06,-1.276155e-06,6.002705e-06,37196140000000.0,2972441000000.0,0.5030224,1.821084e-06,1.664368e-06,-1.192035e-07,1.684688e-06,3.361518e-06,-1.88851e-06,-1.240559e-06,5.614849e-06,21529550000000.0,1564059000000.0,0.308487,1.276887e-06,1.057016e-06,-1.928394e-07,1.070618e-06,2.244832e-06,-1.433303e-06,-9.788131e-07,3.823569e-06,1241884000000.0,85220000000000.0,1.238012,17950000000000.0,-1.025728
975,0.8914,6.819719,6.953599999999999,3007.796,359.708,369.4526,-129.2602,467.1612,156.9218,35850550000000.0,34889410000000.0,3282738000000.0,0.557736,1.777924e-06,2.299189e-07,-1.503017e-06,2.577687e-07,1.88919e-06,-3.236408e-06,-2.600839e-06,4.074176e-06,33255470000000.0,2974597000000.0,0.486482,1.697883e-06,2.136137e-07,-1.441093e-06,2.400159e-07,1.797541e-06,-3.096415e-06,-2.489408e-06,3.883806e-06,28545880000000.0,2183620000000.0,0.3404496,1.448388e-06,1.687907e-07,-1.242219e-06,1.908055e-07,1.518294e-06,-2.654223e-06,-2.136275e-06,3.297077e-06,1011095000000.0,152100000000000.0,1.284112,33230000000000.0,-1.10187
976,0.8928,5.014963,5.481753,3029.293,265.826,291.8312,-575.8011,-118.2275,-222.7475,39983450000000.0,30948730000000.0,2861814000000.0,0.5225614,1.74637e-06,2.555329e-06,8.394161e-07,2.569793e-06,4.181854e-06,-8.532408e-07,-2.339306e-07,6.352665e-06,26719710000000.0,2316983000000.0,0.4502393,1.540372e-06,2.197962e-06,6.846824e-07,2.210525e-06,3.631961e-06,-8.082713e-07,-2.61965e-07,5.546323e-06,15666590000000.0,1036841000000.0,0.2771777,9.156593e-07,1.219714e-06,3.205454e-07,1.226845e-06,2.070998e-06,-5.668638e-07,-2.420298e-07,3.208317e-06,1062160000000.0,59580000000000.0,1.156189,11720000000000.0,-0.899415
977,0.8896,5.243626,5.428317000000005,3020.225,277.1809,288.2076,-541.0687,-279.2581,-212.8384,37292260000000.0,32871010000000.0,3061359000000.0,0.5326093,1.805397e-06,2.479273e-06,7.064982e-07,2.494034e-06,4.158737e-06,-1.043817e-06,-4.031297e-07,6.400854e-06,29507020000000.0,2684751000000.0,0.4647852,1.686709e-06,2.249789e-06,5.938371e-07,2.263343e-06,3.818034e-06,-1.041359e-06,-4.427323e-07,5.912283e-06,22106240000000.0,1741156000000.0,0.3123094,1.311009e-06,1.597307e-06,3.109211e-07,1.60722e-06,2.814126e-06,-9.599287e-07,-4.944808e-07,4.440685e-06,1019001000000.0,171500000000000.0,1.385611,40430000000000.0,-1.16226
984,0.9054,7.126332,6.593827000000003,3044.516,380.6355,354.6699,-246.8664,169.9514,151.8879,41232930000000.0,29603130000000.0,2773960000000.0,0.5080768,1.730845e-06,8.607365e-07,-8.294826e-07,8.845771e-07,2.475215e-06,-2.513411e-06,-1.896429e-06,4.608457e-06,27969190000000.0,2464223000000.0,0.4618115,1.60787e-06,7.8449e-07,-7.854844e-07,8.06482e-07,2.283759e-06,-2.349761e-06,-1.776567e-06,4.265168e-06,19126700000000.0,1376588000000.0,0.2990681,1.104812e-06,4.957339e-07,-5.82538e-07,5.103435e-07,1.524301e-06,-1.657364e-06,-1.263355e-06,2.884918e-06,981047800000.0,78520000000000.0,1.215647,16240000000000.0,-0.970893
986,0.9025,6.472434,6.679486999999999,3040.263,344.9126,358.3293,-90.26418,565.2856,184.9768,40944590000000.0,38541740000000.0,3654477000000.0,0.5551776,2.202856e-06,2.042277e-08,-2.124338e-06,5.503888e-08,2.072809e-06,-4.27358e-06,-3.484943e-06,4.775626e-06,36427230000000.0,3329476000000.0,0.4959265,2.101563e-06,1.900104e-08,-2.026852e-06,5.176762e-08,1.976156e-06,-4.077218e-06,-3.324779e-06,4.554217e-06,27200280000000.0,2285642000000.0,0.3316943,1.713502e-06,1.415732e-08,-1.653024e-06,4.004509e-08,1.607184e-06,-3.324646e-06,-2.710928e-06,3.707697e-06,1129273000000.0,206800000000000.0,1.48987,52420000000000.0,-1.27908
990,0.9087,5.501211,6.791359999999994,3061.689,294.8724,366.3032,68.59332,167.4453,326.9346,78909650000000.0,76602910000000.0,8038409000000.0,0.6961238,7.337794e-06,-1.249455e-06,-8.350834e-06,-1.149059e-06,5.5006e-06,-1.55148e-05,-1.287582e-05,1.443066e-05,74872860000000.0,7627707000000.0,0.6422452,7.175854e-06,-1.203461e-06,-8.147393e-06,-1.106034e-06,5.395239e-06,-1.515321e-05,-1.257224e-05,1.412698e-05,56322840000000.0,5447618000000.0,0.4212908,6.121426e-06,-9.396066e-07,-6.85922e-06,-8.606405e-07,4.676368e-06,-1.283537e-05,-1.063237e-05,1.211822e-05,1857621000000.0,339900000000000.0,2.419181,139900000000000.0,-2.15325
995,0.9167,6.075655000000001,6.526529999999995,3080.863,327.9253,354.4561,197.2233,31.86909,111.8786,55457820000000.0,38733970000000.0,4049160000000.0,0.5527734,2.632274e-06,-1.166246e-06,-3.71944e-06,-1.117296e-06,1.286713e-06,-6.291949e-06,-5.347225e-06,4.499992e-06,35081630000000.0,3532204000000.0,0.4878582,2.425409e-06,-1.045263e-06,-3.397446e-06,-1.00054e-06,1.213721e-06,-5.767771e-06,-4.897173e-06,4.173859e-06,26527480000000.0,2195659000000.0,0.3296238,1.796244e-06,-7.10727e-07,-2.451853e-06,-6.78544e-07,9.592991e-07,-4.207265e-06,-3.562213e-06,3.150043e-06,1142652000000.0,110100000000000.0,1.417356,26550000000000.0,-1.20087
996,0.9167,5.974402,6.5201629999999975,3081.601,322.4974,354.1261,112.8565,445.8251,227.1535,37292260000000.0,35562200000000.0,3287000000000.0,0.5437957,1.816294e-06,-8.116189e-07,-2.576555e-06,-7.769025e-07,8.867554e-07,-4.35214e-06,-3.700664e-06,3.109047e-06,33255470000000.0,2938986000000.0,0.4810099,1.722322e-06,-7.517303e-07,-2.425153e-06,-7.189948e-07,8.581659e-07,-4.10884e-06,-3.491023e-06,2.965151e-06,24605200000000.0,1890220000000.0,0.3213304,1.363506e-06,-5.476069e-07,-1.871803e-06,-5.222565e-07,7.250487e-07,-3.20464e-06,-2.715382e-06,2.392088e-06,1077890000000.0,102100000000000.0,1.219276,21180000000000.0,-1.00782
997,0.9145,6.864967,7.001308000000003,3067.312,369.2828,379.4098,-101.2677,206.6444,144.8616,38157280000000.0,34504950000000.0,3224292000000.0,0.5343572,1.824354e-06,2.587492e-07,-1.519142e-06,2.877167e-07,1.962085e-06,-3.296836e-06,-2.645201e-06,4.204044e-06,32005980000000.0,2827156000000.0,0.4742507,1.71174e-06,2.372578e-07,-1.430708e-06,2.642549e-07,1.834864e-06,-3.098659e-06,-2.487192e-06,3.938125e-06,18550010000000.0,1461692000000.0,0.291405,1.223278e-06,1.546129e-07,-1.036821e-06,1.733311e-07,1.294483e-06,-2.228777e-06,-1.791621e-06,2.796592e-06,1106229000000.0,108700000000000.0,1.2469,23060000000000.0,-1.02069
998,0.912,5.752705,6.5675699999999955,3070.271,309.3064,355.2707,310.8148,343.4525,386.0369,37772830000000.0,36042770000000.0,3443231000000.0,0.5423906,2.031368e-06,-1.738697e-06,-3.706205e-06,-1.695626e-06,1.588064e-07,-5.696915e-06,-4.965526e-06,2.63252e-06,35369980000000.0,3190967000000.0,0.4916903,1.9558e-06,-1.639174e-06,-3.53327e-06,-1.597904e-06,1.870839e-07,-5.449884e-06,-4.745654e-06,2.568417e-06,28065310000000.0,2253888000000.0,0.3342357,1.628677e-06,-1.253166e-06,-2.82967e-06,-1.219538e-06,2.652256e-07,-4.425586e-06,-3.838953e-06,2.246967e-06,1052449000000.0,287100000000000.0,1.548737,75650000000000.0,-1.34046
999,0.9223,6.84724,6.779209,3089.103,370.9366,369.8544,182.5081,238.922,317.5094,95729610000000.0,56803410000000.0,6352067000000.0,0.6264302,5.709194e-06,-2.582939e-06,-8.114997e-06,-2.478846e-06,2.72464e-06,-1.369815e-05,-1.164598e-05,9.683402e-06,51997710000000.0,5608552000000.0,0.5585313,5.323279e-06,-2.352435e-06,-7.509766e-06,-2.256176e-06,2.59383e-06,-1.271546e-05,-1.080177e-05,9.080884e-06,34408840000000.0,3063001000000.0,0.3577059,3.738807e-06,-1.503783e-06,-5.123637e-06,-1.438634e-06,1.962411e-06,-8.779674e-06,-7.434859e-06,6.514528e-06,1529148000000.0,76430000000000.0,1.558805,20270000000000.0,-1.35044
1001,0.9182,7.089451,6.302983000000004,3079.382,382.9815,342.7497,-20.04099,51.45381,109.0896,38061170000000.0,25374110000000.0,2204096000000.0,0.4858415,1.150076e-06,4.945509e-09,-1.115725e-06,2.507384e-08,1.082001e-06,-2.236941e-06,-1.826182e-06,2.495142e-06,24605200000000.0,2010241000000.0,0.4457303,1.086977e-06,4.583388e-09,-1.05452e-06,2.352152e-08,1.022273e-06,-2.114219e-06,-1.725969e-06,2.357742e-06,17012190000000.0,1149660000000.0,0.2862793,7.725524e-07,2.9472e-09,-7.494764e-07,1.607218e-08,7.251892e-07,-1.502634e-06,-1.226585e-06,1.673806e-06,836838200000.0,90490000000000.0,1.063286,16370000000000.0,-0.8996732
1003,0.9186,5.682833,6.821900000000002,3086.31,307.1208,371.0403,49.08105,247.9269,-44.64015,31140960000000.0,27200280000000.0,2407665000000.0,0.503735,1.208434e-06,-2.247178e-07,-1.40113e-06,-2.026148e-07,9.069492e-07,-2.580343e-06,-2.148166e-06,2.389667e-06,23259600000000.0,1919284000000.0,0.4248734,1.055424e-06,-1.904638e-07,-1.217781e-06,-1.713028e-07,7.974546e-07,-2.247676e-06,-1.870177e-06,2.092195e-06,10668660000000.0,706360700000.0,0.2417972,5.408515e-07,-9.082921e-08,-6.170938e-07,-8.119867e-08,4.148261e-07,-1.144853e-06,-9.513462e-07,1.078002e-06,961529900000.0,37140000000000.0,0.9310195,5883000000000.0,-0.6926725
1005,0.923,6.197114,6.2766269999999995,3098.13,336.4067,342.7605,222.9544,203.736,-3.491141,60744090000000.0,58821810000000.0,5977030000000.0,0.6351644,4.45966e-06,-1.830916e-06,-6.148299e-06,-1.753296e-06,2.303268e-06,-1.050826e-05,-8.904587e-06,7.732735e-06,57187870000000.0,5532098000000.0,0.5758987,4.291648e-06,-1.727499e-06,-5.881735e-06,-1.653323e-06,2.249292e-06,-1.007741e-05,-8.533998e-06,7.473366e-06,44020240000000.0,3776935000000.0,0.3869063,3.495125e-06,-1.295215e-06,-4.676573e-06,-1.236764e-06,1.937313e-06,-8.093447e-06,-6.835881e-06,6.188631e-06,1525250000000.0,145100000000000.0,1.761667,43490000000000.0,-1.49589
1006,0.9252,5.22718,5.471644000000002,3113.318,284.8233,299.4688,116.6464,-266.5221,-58.77011,60071290000000.0,50171540000000.0,5279987000000.0,0.6045543,3.753687e-06,-5.981093e-07,-4.242615e-06,-5.378558e-07,2.887919e-06,-7.906047e-06,-6.560279e-06,7.476757e-06,46230870000000.0,4643058000000.0,0.5332125,3.508591e-06,-5.456556e-07,-3.951692e-06,-4.898588e-07,2.711093e-06,-7.375895e-06,-6.117838e-06,6.999441e-06,32102100000000.0,2762601000000.0,0.3474452,2.608967e-06,-3.725982e-07,-2.903883e-06,-3.325934e-07,2.044387e-06,-5.450033e-06,-4.514089e-06,5.230731e-06,1402295000000.0,97660000000000.0,1.550354,25760000000000.0,-1.283627
1007,0.926,5.134242,5.342521999999996,3115.988,279.9717,292.5679,220.86,-116.0294,484.7552,52478280000000.0,51228800000000.0,5026686000000.0,0.6147455,3.344457e-06,-1.614556e-06,-4.855932e-06,-1.552894e-06,1.49645e-06,-8.127636e-06,-6.925134e-06,5.573695e-06,49018170000000.0,4590042000000.0,0.546862,3.196884e-06,-1.506884e-06,-4.604807e-06,-1.448356e-06,1.46551e-06,-7.732093e-06,-6.582537e-06,5.362134e-06,37965060000000.0,3141738000000.0,0.3678523,2.59414e-06,-1.126828e-06,-3.639362e-06,-1.080614e-06,1.281027e-06,-6.176874e-06,-5.243697e-06,4.440795e-06,1364735000000.0,132800000000000.0,1.56058,35260000000000.0,-1.33452
1008,0.9234,6.917451,6.733698999999996,3091.205,375.0323,367.6528,29.3622,-190.6034,484.6736,34985520000000.0,32005980000000.0,2876645000000.0,0.5181901,1.570245e-06,-2.46057e-07,-1.774575e-06,-2.185567e-07,1.221627e-06,-3.307596e-06,-2.745389e-06,3.147686e-06,30660390000000.0,2629083000000.0,0.4703212,1.502594e-06,-2.308229e-07,-1.693342e-06,-2.046408e-07,1.173188e-06,-3.160294e-06,-2.622273e-06,3.016025e-06,20856750000000.0,1618481000000.0,0.3032734,1.157124e-06,-1.615894e-07,-1.287272e-06,-1.419677e-07,9.178398e-07,-2.416865e-06,-2.002399e-06,2.336014e-06,1000827000000.0,155800000000000.0,1.29436,34310000000000.0,-1.089587
1011,0.9252,5.063676,5.360073000000006,3115.02,276.0177,293.4112,-53.76053,521.6409,224.9073,65742020000000.0,61320770000000.0,6467641000000.0,0.6429563,4.722498e-06,-1.104552e-07,-4.69916e-06,-4.25139e-08,4.26537e-06,-9.30632e-06,-7.61325e-06,1.00441e-05,57860670000000.0,5873510000000.0,0.5734072,4.496541e-06,-1.028081e-07,-4.471311e-06,-3.874348e-08,4.061615e-06,-8.857958e-06,-7.245719e-06,9.56276e-06,39310650000000.0,3689797000000.0,0.3717715,3.444115e-06,-7.210601e-08,-3.416018e-06,-2.512992e-08,3.110859e-06,-6.775744e-06,-5.540247e-06,7.320823e-06,1634812000000.0,163700000000000.0,1.774059,49410000000000.0,-1.542
1012,0.9226,6.913354,6.189789000000002,3093.339,375.0667,337.9435,-71.91204,7.597275,287.678,70643840000000.0,68529330000000.0,6551752000000.0,0.6679747,5.024792e-06,3.287845e-07,-4.55363e-06,3.960518e-07,4.976903e-06,-9.45049e-06,-7.650845e-06,1.112681e-05,64684770000000.0,5953884000000.0,0.5973964,4.792515e-06,3.066392e-07,-4.349418e-06,3.70111e-07,4.737708e-06,-9.019885e-06,-7.303217e-06,1.060218e-05,38926200000000.0,3520009000000.0,0.3705551,3.560104e-06,2.056673e-07,-3.250535e-06,2.501772e-07,3.488881e-06,-6.719865e-06,-5.443817e-06,7.840889e-06,1820824000000.0,184800000000000.0,1.927403,60600000000000.0,-1.67706
1013,0.9278,5.174355,5.2731660000000025,3121.624,282.6813,289.2887,-122.0261,59.024,168.2927,32486550000000.0,26911940000000.0,2818315000000.0,0.4898726,1.521967e-06,3.773656e-07,-1.106569e-06,4.006078e-07,1.797847e-06,-2.588782e-06,-2.045532e-06,3.669591e-06,24893540000000.0,2479708000000.0,0.4339431,1.421785e-06,3.440835e-07,-1.042014e-06,3.656321e-07,1.670539e-06,-2.426656e-06,-1.919113e-06,3.418803e-06,19799500000000.0,1589616000000.0,0.2952866,1.103052e-06,2.469106e-07,-8.280321e-07,2.631913e-07,1.274606e-06,-1.902252e-06,-1.508353e-06,2.630218e-06,856607000000.0,127500000000000.0,1.217475,26410000000000.0,-0.9760642
1014,0.9241,6.158867,6.225904000000007,3100.941,334.6177,340.2524,-81.70633,619.4241,423.7253,39118420000000.0,37965060000000.0,3023114000000.0,0.5658214,1.707852e-06,-1.302418e-07,-1.794612e-06,-1.012084e-07,1.466568e-06,-3.462703e-06,-2.85098e-06,3.564149e-06,34601060000000.0,2586094000000.0,0.483814,1.576354e-06,-1.16563e-07,-1.652493e-06,-8.999963e-08,1.356491e-06,-3.192072e-06,-2.627401e-06,3.292098e-06,19991730000000.0,1419005000000.0,0.2990751,1.113778e-06,-7.436961e-08,-1.158861e-06,-5.620939e-08,9.643548e-07,-2.246488e-06,-1.847382e-06,2.330784e-06,1195520000000.0,117800000000000.0,1.327205,26600000000000.0,-1.10484
1017,0.923,6.222294,6.2060559999999985,3097.567,337.723,338.8308,302.3269,98.29718,633.3821,56226730000000.0,49979310000000.0,4655517000000.0,0.5998047,3.158012e-06,-2.427024e-06,-5.485737e-06,-2.361567e-06,5.197678e-07,-8.580985e-06,-7.443439e-06,4.365138e-06,42770760000000.0,4029780000000.0,0.5207514,2.936815e-06,-2.190837e-06,-5.034768e-06,-2.130452e-06,5.47947e-07,-7.913109e-06,-6.855123e-06,4.123097e-06,27488620000000.0,2304569000000.0,0.3313718,2.163221e-06,-1.468429e-06,-3.56186e-06,-1.425218e-06,5.447724e-07,-5.681769e-06,-4.902147e-06,3.175934e-06,1455398000000.0,128800000000000.0,1.54744,33910000000000.0,-1.317
1018,0.9282,5.820268,6.275872000000004,3113.733,317.3943,344.2066,44.83855,288.714,150.0481,57380100000000.0,54977250000000.0,5466469000000.0,0.6188559,3.80083e-06,-6.314286e-07,-4.321162e-06,-5.70729e-07,2.896959e-06,-8.030906e-06,-6.667933e-06,7.542395e-06,52093820000000.0,4973828000000.0,0.5533719,3.634883e-06,-5.906923e-07,-4.118886e-06,-5.330996e-07,2.782187e-06,-7.666633e-06,-6.363029e-06,7.224041e-06,35658320000000.0,3183405000000.0,0.3604745,2.875962e-06,-4.279103e-07,-3.217904e-06,-3.839531e-07,2.23563e-06,-6.024839e-06,-4.992917e-06,5.747411e-06,1505277000000.0,144900000000000.0,1.646465,40590000000000.0,-1.4058
1021,0.9252,5.120465,5.4053980000000035,3114.46,279.0795,295.88,245.9001,32.15529,-147.3833,75834000000000.0,63819740000000.0,7075783000000.0,0.6498919,6.147896e-06,-2.191505e-06,-8.140338e-06,-2.089019e-06,3.49547e-06,-1.414991e-05,-1.193832e-05,1.097541e-05,55553930000000.0,5963962000000.0,0.5656476,5.618073e-06,-1.95347e-06,-7.388597e-06,-1.860918e-06,3.239939e-06,-1.288022e-05,-1.085888e-05,1.007348e-05,31140960000000.0,2891612000000.0,0.3437704,3.684233e-06,-1.172621e-06,-4.734216e-06,-1.114758e-06,2.224231e-06,-8.335402e-06,-7.008964e-06,6.700968e-06,1801631000000.0,125300000000000.0,1.98188,42250000000000.0,-1.597819
1022,0.9271,6.902646,7.065669999999996,3098.549,375.1108,386.8635,-8.464921,71.27847,212.0347,49787090000000.0,48825950000000.0,4876081000000.0,0.5954572,3.342685e-06,-1.62792e-07,-3.410297e-06,-1.122439e-07,2.939109e-06,-6.670148e-06,-5.472766e-06,7.029365e-06,47672580000000.0,4541145000000.0,0.5443255,3.233038e-06,-1.548246e-07,-3.295514e-06,-1.062395e-07,2.844359e-06,-6.448423e-06,-5.290223e-06,6.799944e-06,41713500000000.0,3236748000000.0,0.3788594,2.704677e-06,-1.203005e-07,-2.746567e-06,-8.086713e-08,2.384896e-06,-5.384168e-06,-4.414867e-06,5.692044e-06,1330507000000.0,160000000000000.0,1.64647,44820000000000.0,-1.38798
1024,0.9315,6.464785,6.229913000000006,3118.54,353.3713,342.6079,-141.5188,-18.98741,179.1194,145324500000000.0,108320600000000.0,13105950000000.0,0.7757478,1.534182e-05,2.063711e-06,-1.279665e-05,2.185632e-06,1.603939e-05,-2.773044e-05,-2.222185e-05,3.473557e-05,102649800000000.0,11910630000000.0,0.692689,1.460754e-05,1.918862e-06,-1.222715e-05,2.031674e-06,1.52153e-05,-2.644607e-05,-2.120009e-05,3.301118e-05,80351360000000.0,8053919000000.0,0.4706585,1.169645e-05,1.410001e-06,-9.90699e-06,1.489912e-06,1.202373e-05,-2.129189e-05,-1.708802e-05,2.625567e-05,2399300000000.0,173400000000000.0,2.760857,81450000000000.0,-2.438282
1025,0.9304,5.414121,4.801628000000006,3129.323,296.5863,264.0441,135.9863,101.9863,137.6957,44500810000000.0,36427230000000.0,3876737000000.0,0.5420139,2.429923e-06,-8.138183e-07,-3.172759e-06,-7.701857e-07,1.450754e-06,-5.546024e-06,-4.67473e-06,4.420665e-06,33543810000000.0,3423148000000.0,0.47849,2.281374e-06,-7.454366e-07,-2.95988e-06,-7.047748e-07,1.379735e-06,-5.188048e-06,-4.369925e-06,4.167592e-06,25470230000000.0,2183281000000.0,0.3211393,1.77297e-06,-5.324866e-07,-2.252619e-06,-5.017539e-07,1.116346e-06,-3.984208e-06,-3.348133e-06,3.28152e-06,1083710000000.0,157700000000000.0,1.456548,39080000000000.0,-1.215441
1026,0.9304,6.405941,5.712656999999998,3119.306,350.2137,314.0046,221.771,256.1187,401.3462,35754430000000.0,32294330000000.0,3119542000000.0,0.5269372,1.741456e-06,-1.161323e-06,-2.850436e-06,-1.126267e-06,4.657097e-07,-4.554848e-06,-3.929018e-06,2.59087e-06,30852620000000.0,2833815000000.0,0.4696328,1.654957e-06,-1.075147e-06,-2.680141e-06,-1.042039e-06,4.703948e-07,-4.299859e-06,-3.705061e-06,2.489634e-06,23644060000000.0,1936948000000.0,0.3138051,1.335596e-06,-7.913973e-07,-2.086003e-06,-7.653177e-07,4.538191e-07,-3.393068e-06,-2.912876e-06,2.082292e-06,981747500000.0,185100000000000.0,1.371446,43190000000000.0,-1.16226
1027,0.9315,6.36008,7.012939000000002,3114.437,347.143,385.4913,-252.6356,50.41765,152.1273,50652110000000.0,41713500000000.0,4454820000000.0,0.5624894,3.056465e-06,1.324933e-06,-1.655504e-06,1.361153e-06,4.159268e-06,-4.62803e-06,-3.537339e-06,7.919013e-06,39695110000000.0,4053801000000.0,0.5090845,2.912794e-06,1.237336e-06,-1.602669e-06,1.27151e-06,3.937339e-06,-4.435453e-06,-3.395924e-06,7.519771e-06,29987590000000.0,2620276000000.0,0.339156,2.259245e-06,8.785551e-07,-1.323002e-06,9.038013e-07,2.968711e-06,-3.520136e-06,-2.713454e-06,5.745204e-06,1185081000000.0,209600000000000.0,1.669346,59530000000000.0,-1.4256
1031,0.9286,6.500527,7.048201999999996,3105.31,353.8343,386.4206,-98.55443,256.6603,-42.26419,29314790000000.0,26911940000000.0,2199891000000.0,0.4889604,1.080043e-06,2.253096e-07,-8.282199e-07,2.429873e-07,1.236091e-06,-1.880503e-06,-1.495047e-06,2.565085e-06,24797430000000.0,1922804000000.0,0.4324438,1.005267e-06,2.047419e-07,-7.757464e-07,2.210948e-07,1.145216e-06,-1.755169e-06,-1.396369e-06,2.382027e-06,14609340000000.0,1010684000000.0,0.266716,6.894815e-07,1.275675e-07,-5.446173e-07,1.38478e-07,7.71626e-07,-1.216355e-06,-9.701724e-07,1.619399e-06,919850100000.0,140300000000000.0,1.167984,27880000000000.0,-0.962874
1032,0.9301,6.796708,6.790366999999998,3108.723,370.5117,372.7825,-373.7099,-50.02305,261.4224,37292260000000.0,26143030000000.0,2686448000000.0,0.4817369,1.435555e-06,1.288519e-06,-1.169826e-07,1.306142e-06,2.628824e-06,-1.511862e-06,-1.00123e-06,4.404476e-06,23259600000000.0,2263366000000.0,0.4230636,1.287717e-06,1.127541e-06,-1.330544e-07,1.143197e-06,2.329312e-06,-1.384265e-06,-9.261769e-07,3.921823e-06,15474360000000.0,1175193000000.0,0.272722,8.47039e-07,6.862901e-07,-1.425509e-07,6.962514e-07,1.475683e-06,-9.655376e-07,-6.64119e-07,2.5226e-06,872131400000.0,91620000000000.0,1.131645,17640000000000.0,-0.905751
1036,0.9334,5.395963000000001,4.875851999999999,3136.573,296.2705,268.7585,-48.62428,-71.38831,-10.05446,83715350000000.0,32390440000000.0,3520470000000.0,0.5192962,3.75566e-06,4.473067e-07,-3.209296e-06,5.042189e-07,3.944325e-06,-6.868261e-06,-5.526099e-06,8.554073e-06,29603130000000.0,3008580000000.0,0.4630303,3.393456e-06,3.975772e-07,-2.906077e-06,4.486854e-07,3.556335e-06,-6.212159e-06,-4.999337e-06,7.720993e-06,20664520000000.0,1554493000000.0,0.2990498,2.104301e-06,2.294601e-07,-1.818246e-06,2.601891e-07,2.185169e-06,-3.868348e-06,-3.115962e-06,4.766117e-06,1012201000000.0,121000000000000.0,1.500494,30890000000000.0,-1.327
1037,0.9327,5.564284,6.773151999999994,3123.126,304.2598,372.6821,129.9169,175.7083,71.46143,59590720000000.0,55650040000000.0,5885684000000.0,0.6225309,4.705128e-06,-1.140507e-06,-5.696657e-06,-1.06861e-06,3.205254e-06,-1.029154e-05,-8.600559e-06,8.936073e-06,52382170000000.0,5399015000000.0,0.5537395,4.520665e-06,-1.068934e-06,-5.445774e-06,-1.000583e-06,3.104159e-06,-9.860486e-06,-8.235574e-06,8.609121e-06,42578530000000.0,3973419000000.0,0.3818665,3.855893e-06,-8.379084e-07,-4.568963e-06,-7.819034e-07,2.714294e-06,-8.334397e-06,-6.947711e-06,7.406012e-06,1444119000000.0,307200000000000.0,2.081659,108800000000000.0,-1.81071
1039,0.9372,6.317544,6.286119,3133.163,346.8755,347.2448,-249.0042,-215.0621,-139.827,29218680000000.0,26719710000000.0,2129539000000.0,0.4848972,1.069281e-06,8.646808e-07,-1.814578e-07,8.789812e-07,1.864127e-06,-1.22092e-06,-8.404193e-07,3.185452e-06,25758570000000.0,1917154000000.0,0.4371311,1.016717e-06,8.062271e-07,-1.884004e-07,8.197437e-07,1.756276e-06,-1.176756e-06,-8.149368e-07,3.012503e-06,16147160000000.0,1081541000000.0,0.275873,7.404998e-07,5.317951e-07,-1.9228e-07,5.41314e-07,1.222673e-06,-9.12094e-07,-6.484771e-07,2.137038e-06,892972700000.0,104700000000000.0,1.108721,19750000000000.0,-0.905408
1040,0.9368,6.51396,5.481654999999995,3135.735,358.0459,302.879,-94.27162,-194.3414,227.0027,177522700000000.0,79294100000000.0,9008156000000.0,0.6960155,9.867523e-06,1.171637e-06,-8.402024e-06,1.2739e-06,1.022548e-05,-1.801163e-05,-1.447327e-05,2.227794e-05,70355500000000.0,7557114000000.0,0.6102592,8.839236e-06,1.026222e-06,-7.547947e-06,1.11592e-06,9.130516e-06,-1.615606e-05,-1.298583e-05,1.99238e-05,45365840000000.0,3853343000000.0,0.3878805,5.813108e-06,6.219336e-07,-5.01222e-06,6.760732e-07,5.936354e-06,-1.067314e-05,-8.586703e-06,1.302642e-05,2033101000000.0,128400000000000.0,2.432531,53140000000000.0,-2.182774
1041,0.9357,6.486546,5.505574000000006,3132.914,356.2053,303.9185,383.4432,313.5349,208.0464,33928270000000.0,29026450000000.0,2687351000000.0,0.4984789,1.582201e-06,-1.636965e-06,-3.169292e-06,-1.601157e-06,-1.550908e-07,-4.720504e-06,-4.15088e-06,1.771395e-06,26623600000000.0,2309719000000.0,0.4419356,1.454632e-06,-1.472523e-06,-2.881125e-06,-1.43977e-06,-1.106733e-07,-4.30724e-06,-3.783499e-06,1.660195e-06,18742240000000.0,1285943000000.0,0.2896803,1.031669e-06,-9.67025e-07,-1.965583e-06,-9.44243e-07,-2.607542e-09,-2.976962e-06,-2.605388e-06,1.252581e-06,951777300000.0,93640000000000.0,1.262271,20110000000000.0,-0.971091
1042,0.9364,5.88397,6.0050969999999975,3136.043,323.1918,331.6407,76.84164,179.6899,366.8015,54592790000000.0,44500810000000.0,4333964000000.0,0.5886247,2.715629e-06,-7.514505e-07,-3.388748e-06,-7.042048e-07,1.777724e-06,-6.041105e-06,-5.067215e-06,5.098273e-06,42866870000000.0,3915179000000.0,0.5203654,2.572676e-06,-6.92919e-07,-3.191036e-06,-6.485091e-07,1.701995e-06,-5.703738e-06,-4.781014e-06,4.847154e-06,33159350000000.0,2617608000000.0,0.3497838,2.060622e-06,-5.087705e-07,-2.508686e-06,-4.741911e-07,1.406289e-06,-4.521187e-06,-3.781826e-06,3.923777e-06,1325234000000.0,108200000000000.0,1.414541,26040000000000.0,-1.223
1044,0.9375,6.543591,5.602277999999995,3136.446,359.7703,309.6745,-376.4389,-404.7178,7.592355,28257540000000.0,26527480000000.0,2415183000000.0,0.4884866,1.225826e-06,1.326447e-06,1.251978e-07,1.339784e-06,2.469291e-06,-1.06521e-06,-6.293909e-07,3.987345e-06,25374110000000.0,2193073000000.0,0.4357069,1.168127e-06,1.231593e-06,8.703386e-08,1.244175e-06,2.320211e-06,-1.047315e-06,-6.319782e-07,3.766562e-06,20087840000000.0,1583641000000.0,0.3051542,9.790151e-07,9.49142e-07,-9.700517e-09,9.59316e-07,1.860269e-06,-9.603379e-07,-6.121449e-07,3.071758e-06,841982200000.0,269900000000000.0,1.325133,60850000000000.0,-1.13157
1045,0.9383,6.328519,6.179634,3136.817,347.8883,341.7217,-314.1112,-35.8968,365.5786,57956780000000.0,51997710000000.0,5593579000000.0,0.6097945,4.057447e-06,1.964453e-06,-1.992986e-06,2.006797e-06,5.717524e-06,-5.937776e-06,-4.489614e-06,1.070979e-05,50075430000000.0,5115119000000.0,0.5457557,3.885374e-06,1.838934e-06,-1.950135e-06,1.878958e-06,5.431133e-06,-5.727583e-06,-4.340682e-06,1.021075e-05,38157280000000.0,3517359000000.0,0.3679687,3.190632e-06,1.387361e-06,-1.722398e-06,1.418467e-06,4.331524e-06,-4.824263e-06,-3.684824e-06,8.253409e-06,1385739000000.0,246100000000000.0,1.859536,77860000000000.0,-1.60974
1046,0.9364,4.936144,6.859537999999999,3135.168,270.7711,378.5547,265.1218,184.4435,139.2666,57956780000000.0,54208330000000.0,5928522000000.0,0.6125323,4.410579e-06,-2.187198e-06,-6.453712e-06,-2.107791e-06,1.901197e-06,-1.076849e-05,-9.180959e-06,7.264762e-06,52862740000000.0,5515582000000.0,0.5561873,4.274141e-06,-2.08208e-06,-6.216172e-06,-2.005589e-06,1.87839e-06,-1.039745e-05,-8.858886e-06,7.075288e-06,43155220000000.0,3928428000000.0,0.3816499,3.591728e-06,-1.615974e-06,-5.08821e-06,-1.553583e-06,1.706205e-06,-8.601791e-06,-7.308301e-06,6.070295e-06,1397491000000.0,248500000000000.0,1.897869,80240000000000.0,-1.64439
1048,0.9368,5.243533,4.884181999999998,3146.009,288.7195,269.9629,108.4479,184.1827,-13.8231,38157280000000.0,36427230000000.0,3164054000000.0,0.5363884,1.892854e-06,-5.12114e-07,-2.350144e-06,-4.793612e-07,1.250423e-06,-4.198159e-06,-3.519653e-06,3.564793e-06,34601060000000.0,2944540000000.0,0.4841121,1.828144e-06,-4.829018e-07,-2.257905e-06,-4.514692e-07,1.218743e-06,-4.042735e-06,-3.387361e-06,3.453666e-06,28065310000000.0,2176174000000.0,0.3314587,1.566611e-06,-3.779025e-07,-1.898297e-06,-3.516787e-07,1.078049e-06,-3.427762e-06,-2.865925e-06,2.992083e-06,1056390000000.0,320400000000000.0,1.584244,86360000000000.0,-1.39887
1050,0.9398,5.354372000000001,4.857549000000006,3152.76,295.4906,269.1082,59.54427,-93.25797,146.3015,31429300000000.0,26911940000000.0,2217535000000.0,0.4866574,1.190596e-06,-1.997482e-07,-1.358382e-06,-1.784487e-07,9.138202e-07,-2.52e-06,-2.094149e-06,2.373999e-06,25374110000000.0,1991293000000.0,0.4369129,1.128935e-06,-1.853402e-07,-1.283867e-06,-1.652502e-07,8.702176e-07,-2.38532e-06,-1.981491e-06,2.254599e-06,17877220000000.0,1218200000000.0,0.2857874,8.546612e-07,-1.276319e-07,-9.589076e-07,-1.128051e-07,6.702631e-07,-1.792751e-06,-1.486912e-06,1.717684e-06,870870300000.0,141100000000000.0,1.232593,29590000000000.0,-1.019955
1052,0.9364,6.268343,6.282631,3131.903,344.0138,346.8781,-73.049,313.5557,100.2668,34120490000000.0,32678780000000.0,2851897000000.0,0.5273993,1.455365e-06,1.018282e-07,-1.3163e-06,1.258127e-07,1.461877e-06,-2.735112e-06,-2.215058e-06,3.249954e-06,31717640000000.0,2585478000000.0,0.4725709,1.377749e-06,9.415854e-08,-1.248199e-06,1.167245e-07,1.381223e-06,-2.591333e-06,-2.098973e-06,3.073702e-06,22202350000000.0,1599085000000.0,0.306455,1.041818e-06,6.48982e-08,-9.496994e-07,8.15034e-08,1.036663e-06,-1.965308e-06,-1.592862e-06,2.31569e-06,1005526000000.0,98400000000000.0,1.155813,19350000000000.0,-0.956241
1053,0.9368,6.576305,5.339783000000006,3136.108,361.5459,295.0659,-16.8928,-581.5037,753.1708,113991300000000.0,92365620000000.0,10817550000000.0,0.7322231,1.164237e-05,1.799234e-07,-1.110617e-05,3.036803e-07,1.084767e-05,-2.246642e-05,-1.827898e-05,2.504469e-05,85829860000000.0,9657437000000.0,0.6521876,1.097181e-05,1.656881e-07,-1.046786e-05,2.799489e-07,1.021129e-05,-2.117344e-05,-1.722652e-05,2.358636e-05,61513000000000.0,6014859000000.0,0.4295693,8.356658e-06,1.157307e-07,-7.975597e-06,1.954037e-07,7.7431e-06,-1.612846e-05,-1.312023e-05,1.79171e-05,2176134000000.0,204800000000000.0,2.657846,92610000000000.0,-2.27997
1054,0.9398,6.244403000000001,6.247357,3140.977,343.6824,345.8985,-472.4283,-45.79353,-27.93085,29218680000000.0,27776970000000.0,2385682000000.0,0.4993415,1.101305e-06,1.491175e-06,4.106119e-07,1.502978e-06,2.519671e-06,-6.58001e-07,-2.670822e-07,3.88602e-06,26527480000000.0,2141008000000.0,0.4421356,1.040683e-06,1.373549e-06,3.525823e-07,1.384601e-06,2.345088e-06,-6.571893e-07,-2.877627e-07,3.63603e-06,19318930000000.0,1370785000000.0,0.2916792,8.085571e-07,9.762642e-07,1.833624e-07,9.845484e-07,1.730084e-06,-6.011301e-07,-3.140235e-07,2.732508e-06,885807400000.0,100500000000000.0,1.049785,17950000000000.0,-0.872784
1055,0.939,4.924725,6.880051000000003,3142.141,270.7425,380.5357,-105.9407,69.35101,-166.558,45942520000000.0,39118420000000.0,3905027000000.0,0.551912,2.419984e-06,6.108944e-07,-1.747108e-06,6.450538e-07,2.86232e-06,-4.103294e-06,-3.239068e-06,5.835904e-06,37292260000000.0,3514475000000.0,0.4948274,2.281185e-06,5.630451e-07,-1.659452e-06,5.94974e-07,2.684473e-06,-3.880489e-06,-3.065746e-06,5.487054e-06,28353650000000.0,2197395000000.0,0.3313685,1.732615e-06,3.939562e-07,-1.293298e-06,4.173885e-07,2.00262e-06,-2.980205e-06,-2.361129e-06,4.129885e-06,1154385000000.0,106300000000000.0,1.385085,25050000000000.0,-1.13652
1059,0.9443,5.465112,5.936311000000005,3158.624,302.1999,329.9352,336.3232,-187.9417,274.78,36235000000000.0,27584740000000.0,2901201000000.0,0.494072,1.54806e-06,-1.364635e-06,-2.866094e-06,-1.330986e-06,8.609923e-08,-4.382102e-06,-3.825762e-06,1.975058e-06,25566340000000.0,2513756000000.0,0.4365405,1.431581e-06,-1.233878e-06,-2.622203e-06,-1.202915e-06,1.072e-07,-4.02412e-06,-3.509599e-06,1.853763e-06,17684990000000.0,1372247000000.0,0.282676,9.678671e-07,-7.649298e-07,-1.703105e-06,-7.444303e-07,1.403448e-07,-2.650859e-06,-2.302881e-06,1.320424e-06,891814500000.0,110000000000000.0,1.16751,21850000000000.0,-0.954261
1061,0.9443,6.337456,6.882970000000006,3147.7,349.5923,382.3005,-262.1654,31.08705,185.7988,28641990000000.0,15089910000000.0,959277800000.0,0.4054477,4.546602e-07,3.964605e-07,-4.859866e-08,4.034359e-07,8.233795e-07,-4.908579e-07,-3.291222e-07,1.385597e-06,13552080000000.0,815557900000.0,0.3605767,4.065057e-07,3.466761e-07,-5.121164e-08,3.528812e-07,7.282743e-07,-4.466258e-07,-3.020113e-07,1.230889e-06,9034722000000.0,405122900000.0,0.2267996,2.520978e-07,1.964801e-07,-5.01852e-08,2.002449e-07,4.328564e-07,-2.953951e-07,-2.056876e-07,7.444078e-07,582621400000.0,43580000000000.0,0.79735,5912000000000.0,-0.637263
1065,0.9421,5.703618,6.763667999999999,3146.962,314.3092,375.0856,-20.66164,202.5494,169.8209,31429300000000.0,12975400000000.0,713800800000.0,0.381499,3.34811e-07,-2.464008e-08,-3.512223e-07,-1.831177e-08,2.901979e-07,-6.777943e-07,-5.58265e-07,7.021194e-07,11918140000000.0,588783900000.0,0.3369396,2.926584e-07,-2.100692e-08,-3.064462e-07,-1.550126e-08,2.541089e-07,-5.919005e-07,-4.874125e-07,6.141252e-07,7785239000000.0,288071000000.0,0.2188194,1.829451e-07,-1.214177e-08,-1.905202e-07,-8.753696e-09,1.596637e-07,-3.689575e-07,-3.036248e-07,3.84624e-07,525503700000.0,38910000000000.0,0.8090608,5356000000000.0,-0.653
1068,0.9432,6.321986000000001,5.0812330000000046,3155.576,349.6046,282.3026,-67.46584,-258.5052,253.5606,85349290000000.0,52478280000000.0,6041777000000.0,0.6044888,5.621754e-06,7.052614e-07,-4.763126e-06,7.810016e-07,5.914782e-06,-1.024029e-05,-8.22863e-06,1.280557e-05,43251330000000.0,4811505000000.0,0.5182068,4.98409e-06,6.095789e-07,-4.237691e-06,6.758593e-07,5.225415e-06,-9.09354e-06,-7.309795e-06,1.133313e-05,24509090000000.0,2101211000000.0,0.3151356,2.958675e-06,3.371385e-07,-2.538798e-06,3.749234e-07,3.072225e-06,-5.421266e-06,-4.361909e-06,6.695284e-06,1581695000000.0,69350000000000.0,1.58573,18710000000000.0,-1.32363
1069,0.9405,6.135167,6.187370999999995,3143.546,337.8998,342.7605,-393.6428,341.2119,161.265,36427230000000.0,29218680000000.0,3024167000000.0,0.4977169,1.716108e-06,1.364962e-06,-3.141744e-07,1.385018e-06,2.963696e-06,-1.982087e-06,-1.37109e-06,5.08437e-06,27296390000000.0,2701170000000.0,0.4464426,1.611809e-06,1.252397e-06,-3.244795e-07,1.271045e-06,2.753335e-06,-1.890992e-06,-1.317078e-06,4.744769e-06,19895610000000.0,1675349000000.0,0.2948984,1.214565e-06,8.610425e-07,-3.265478e-07,8.744941e-07,1.990069e-06,-1.506895e-06,-1.074262e-06,3.48959e-06,920972700000.0,178500000000000.0,1.352348,41070000000000.0,-1.12365
1072,0.9451,4.801865,6.388228000000001,3160.813,265.5244,355.1308,-1.653641,301.5421,143.8207,221542900000000.0,196649400000000.0,23225440000000.0,0.9395317,3.688694e-05,-1.132785e-06,-3.661488e-05,-9.393399e-07,3.193697e-05,-7.257916e-05,-5.924461e-05,7.645081e-05,185404000000000.0,21102680000000.0,0.8395919,3.515605e-05,-1.055923e-06,-3.486323e-05,-8.819406e-07,3.042957e-05,-6.913939e-05,-5.642725e-05,7.283736e-05,120238700000000.0,12999440000000.0,0.5354199,2.663586e-05,-7.279089e-07,-2.630637e-05,-6.337276e-07,2.300944e-05,-5.227352e-05,-4.263024e-05,5.507678e-05,3889725000000.0,200300000000000.0,3.961454,135000000000000.0,-3.46302
1073,0.9466,5.293374,6.062523000000007,3164.813,293.2217,337.567,163.8325,115.7661,-197.8264,46807550000000.0,44693040000000.0,4238348000000.0,0.586467,2.756715e-06,-8.415154e-07,-3.516649e-06,-7.936418e-07,1.723079e-06,-6.209101e-06,-5.220157e-06,5.090519e-06,43251330000000.0,3804233000000.0,0.5163367,2.613139e-06,-7.769059e-07,-3.312354e-06,-7.318979e-07,1.652936e-06,-5.864557e-06,-4.927006e-06,4.84438e-06,30372040000000.0,2497543000000.0,0.339422,2.104839e-06,-5.735979e-07,-2.614826e-06,-5.38423e-07,1.380178e-06,-4.67053e-06,-3.915016e-06,3.949066e-06,1261238000000.0,145700000000000.0,1.532942,38000000000000.0,-1.29591
1076,0.9492,6.947899,7.067383000000001,3154.402,384.4006,393.9713,-297.6609,-69.65745,232.0801,77275710000000.0,49018170000000.0,5934743000000.0,0.5888984,5.52348e-06,2.477175e-06,-2.908684e-06,2.534606e-06,7.584258e-06,-8.277922e-06,-6.30672e-06,1.437825e-05,27488620000000.0,3380541000000.0,0.444815,4.111098e-06,1.789912e-06,-2.21786e-06,1.83175e-06,5.588169e-06,-6.21411e-06,-4.746673e-06,1.064334e-05,11822030000000.0,961356400000.0,0.2479697,1.765372e-06,7.413144e-07,-9.792512e-07,7.588377e-07,2.370923e-06,-2.695283e-06,-2.065004e-06,4.540935e-06,1505348000000.0,57420000000000.0,1.555902,15200000000000.0,-1.19462
1077,0.9496,6.890333,7.0510520000000065,3156.334,381.418,393.2443,-504.0398,372.2452,279.5667,36138890000000.0,33351580000000.0,2962764000000.0,0.518433,1.539957e-06,1.660271e-06,1.500913e-07,1.67742e-06,3.097916e-06,-1.346074e-06,-7.984461e-07,5.006573e-06,31909870000000.0,2656718000000.0,0.4671738,1.453432e-06,1.535093e-06,1.099268e-07,1.55115e-06,2.891512e-06,-1.302135e-06,-7.852489e-07,4.692663e-06,18069440000000.0,1356821000000.0,0.2843954,1.009259e-06,9.722657e-07,-1.682793e-08,9.82972e-07,1.912632e-06,-9.972424e-07,-6.382165e-07,3.162455e-06,1092598000000.0,75250000000000.0,1.111476,14230000000000.0,-0.9010979
1078,0.9462,5.347885,5.978251000000002,3164.253,296.2064,332.8108,116.7947,-53.19576,256.6637,119662000000000.0,105244900000000.0,12447540000000.0,0.7617624,1.413059e-05,-2.170088e-06,-1.581247e-05,-2.004509e-06,1.073244e-05,-2.960802e-05,-2.451575e-05,2.787254e-05,96017950000000.0,11219990000000.0,0.6735396,1.346665e-05,-2.017596e-06,-1.501606e-05,-1.862891e-06,1.026898e-05,-2.816328e-05,-2.33093e-05,2.659868e-05,74488400000000.0,7729711000000.0,0.4592724,1.115811e-05,-1.544183e-06,-1.23059e-05,-1.424999e-06,8.607928e-06,-2.319894e-05,-1.917423e-05,2.212356e-05,2361696000000.0,202700000000000.0,2.755553,95030000000000.0,-2.38095
1079,0.9481,5.013735,6.417489000000002,3167.445,277.8807,357.6334,-267.7803,62.9808,-34.77261,29410900000000.0,26527480000000.0,2120952000000.0,0.4802753,1.062946e-06,7.679267e-07,-2.713189e-07,7.822249e-07,1.760672e-06,-1.304695e-06,-9.263191e-07,3.073016e-06,24316860000000.0,1888491000000.0,0.4270614,9.9782e-07,7.024508e-07,-2.730118e-07,7.157642e-07,1.634019e-06,-1.243067e-06,-8.87841e-07,2.865768e-06,15954930000000.0,1131498000000.0,0.2738326,7.374968e-07,4.685088e-07,-2.521163e-07,4.780004e-07,1.15591e-06,-9.690731e-07,-7.064158e-07,2.065706e-06,886283200000.0,129800000000000.0,1.167827,25790000000000.0,-0.963963
1080,0.9496,5.81509,6.563994000000003,3166.666,322.5009,366.2641,-195.6226,-7.38564,171.7897,48729830000000.0,35081630000000.0,3492357000000.0,0.527496,2.224821e-06,8.477721e-07,-1.32217e-06,8.778154e-07,2.918202e-06,-3.48711e-06,-2.6933e-06,5.655699e-06,32582670000000.0,3060616000000.0,0.4703629,2.06314e-06,7.673774e-07,-1.244603e-06,7.949616e-07,2.686461e-06,-3.252202e-06,-2.515993e-06,5.224554e-06,22779030000000.0,1800526000000.0,0.3082787,1.487218e-06,5.05993e-07,-9.435786e-07,5.250868e-07,1.886835e-06,-2.390729e-06,-1.859784e-06,3.715091e-06,1069990000000.0,138300000000000.0,1.448794,34090000000000.0,-1.20582
1081,0.9466,4.940482,6.199507000000006,3165.845,273.662,345.1757,-63.91514,215.5826,398.0557,35081630000000.0,31813760000000.0,2853754000000.0,0.5263982,1.530074e-06,7.143939e-09,-1.483371e-06,3.261481e-08,1.436662e-06,-2.975812e-06,-2.428628e-06,3.315595e-06,29603130000000.0,2478748000000.0,0.4592077,1.417643e-06,6.441157e-09,-1.374357e-06,2.985793e-08,1.330319e-06,-2.757108e-06,-2.250081e-06,3.070864e-06,20568410000000.0,1442596000000.0,0.2980541,1.028859e-06,4.27614e-09,-9.97351e-07,2.079679e-08,9.635402e-07,-2.000832e-06,-1.632722e-06,2.225917e-06,990998500000.0,121700000000000.0,1.2726,26350000000000.0,-1.04
1082,0.9511,5.719415,6.666161000000003,3169.809,317.4738,372.3227,-77.98479,-58.85424,2.890776,29026450000000.0,28161420000000.0,2157736000000.0,0.4892557,9.79315e-07,2.346969e-07,-7.205077e-07,2.506173e-07,1.151023e-06,-1.67435e-06,-1.32497e-06,2.356058e-06,26335250000000.0,1955389000000.0,0.436964,9.261365e-07,2.165626e-07,-6.866913e-07,2.315326e-07,1.082857e-06,-1.588737e-06,-1.258301e-06,2.222315e-06,18357790000000.0,1246720000000.0,0.2880651,7.093755e-07,1.519116e-07,-5.396923e-07,1.631202e-07,8.146299e-07,-1.230611e-06,-9.77431e-07,1.686976e-06,908205800000.0,97650000000000.0,1.031669,17140000000000.0,-0.8725211
1084,0.9565,6.121974,5.199044000000006,3189.673,342.1151,291.894,57.46722,-532.1539,50.81812,31813760000000.0,26719710000000.0,2442131000000.0,0.4799826,1.280412e-06,-1.647258e-08,-1.264224e-06,5.225896e-09,1.180958e-06,-2.513565e-06,-2.055583e-06,2.753913e-06,24509090000000.0,2163643000000.0,0.4279704,1.198273e-06,-1.504559e-08,-1.182605e-06,5.126392e-09,1.105122e-06,-2.351775e-06,-1.923138e-06,2.576925e-06,17684990000000.0,1318748000000.0,0.2822963,8.914152e-07,-1.021224e-08,-8.78335e-07,4.385539e-09,8.217494e-07,-1.748032e-06,-1.429055e-06,1.915909e-06,865718600000.0,162200000000000.0,1.260319,34780000000000.0,-1.04049
1085,0.9519,5.573089,6.809799000000003,3171.599,309.474,380.5391,-46.3602,171.4592,-152.4238,42001850000000.0,36138890000000.0,3454255000000.0,0.5314587,1.990582e-06,2.148998e-07,-1.723644e-06,2.4578e-07,2.070236e-06,-3.663401e-06,-2.952005e-06,4.514178e-06,32967120000000.0,3048344000000.0,0.4710454,1.859606e-06,1.958095e-07,-1.614955e-06,2.244222e-07,1.928316e-06,-3.427072e-06,-2.76241e-06,4.211061e-06,20376180000000.0,1711636000000.0,0.2963896,1.313133e-06,1.253596e-07,-1.15259e-06,1.448417e-07,1.346439e-06,-2.432162e-06,-1.962596e-06,2.957166e-06,1128618000000.0,119100000000000.0,1.323576,26820000000000.0,-1.104452
1086,0.9523,5.091362,5.8133989999999995,3181.486,283.4566,325.1983,-23.84546,243.7253,234.979,47576460000000.0,19607270000000.0,2125259000000.0,0.433739,1.40732e-06,-7.318978e-08,-1.443328e-06,-4.929718e-08,1.241502e-06,-2.816035e-06,-2.312713e-06,2.968451e-06,18069440000000.0,1759439000000.0,0.3878435,1.230813e-06,-6.299954e-08,-1.261185e-06,-4.221377e-08,1.086448e-06,-2.461718e-06,-2.02149e-06,2.596615e-06,12206490000000.0,833767000000.0,0.25008,7.251597e-07,-3.467898e-08,-7.403275e-07,-2.272531e-08,6.416042e-07,-1.447629e-06,-1.188171e-06,1.530859e-06,698803100000.0,87430000000000.0,1.238987,18430000000000.0,-0.9766
1088,0.9561,6.722803,6.282471000000004,3179.409,374.7776,352.4489,-204.2655,-123.459,277.0194,43635790000000.0,40367910000000.0,3927758000000.0,0.5563119,2.365462e-06,9.485539e-07,-1.358858e-06,9.796966e-07,3.148676e-06,-3.660713e-06,-2.816589e-06,6.059587e-06,38926200000000.0,3581546000000.0,0.4974437,2.272357e-06,8.918459e-07,-1.32451e-06,9.215302e-07,3.004616e-06,-3.535747e-06,-2.724778e-06,5.80055e-06,28161420000000.0,2352709000000.0,0.3298057,1.855117e-06,6.672558e-07,-1.141291e-06,6.906397e-07,2.38934e-06,-2.946452e-06,-2.284134e-06,4.67043e-06,1191257000000.0,139700000000000.0,1.407769,33460000000000.0,-1.197
1090,0.955,5.043769,6.837580000000005,3182.363,280.8705,383.0742,-67.40753,20.39113,-18.79634,34793290000000.0,21433440000000.0,1902231000000.0,0.447795,1.22977e-06,2.304133e-07,-9.688222e-07,2.506811e-07,1.381208e-06,-2.166799e-06,-1.727976e-06,2.893964e-06,20856750000000.0,1680886000000.0,0.4081671,1.144825e-06,2.110886e-07,-9.052355e-07,2.298758e-07,1.282138e-06,-2.020463e-06,-1.611925e-06,2.690271e-06,15474360000000.0,909498300000.0,0.2693407,7.654519e-07,1.319566e-07,-6.142088e-07,1.442744e-07,8.473057e-07,-1.359867e-06,-1.086633e-06,1.788411e-06,725736200000.0,70640000000000.0,1.054212,12670000000000.0,-0.8336705
1092,0.9527,6.071984,6.9395880000000005,3170.265,337.2358,388.044,-211.954,-2.27693,-57.52305,35754430000000.0,32774900000000.0,3045248000000.0,0.5143586,1.703615e-06,8.61671e-07,-8.013941e-07,8.843089e-07,2.448602e-06,-2.458309e-06,-1.851067e-06,4.54746e-06,30852620000000.0,2743086000000.0,0.4620968,1.613508e-06,7.98985e-07,-7.759578e-07,8.202611e-07,2.301452e-06,-2.345229e-06,-1.770054e-06,4.289021e-06,21914010000000.0,1642928000000.0,0.3028281,1.196943e-06,5.44556e-07,-6.232615e-07,5.598059e-07,1.657416e-06,-1.787372e-06,-1.360523e-06,3.130948e-06,1016350000000.0,107100000000000.0,1.24632,22710000000000.0,-1.01772
1093,0.963,5.795516,4.982284999999997,3209.205,325.7254,281.2066,369.2224,-495.6725,140.7403,203665700000000.0,76506800000000.0,7832772000000.0,0.6806361,1.351626e-05,-5.909942e-06,-1.896101e-05,-5.684645e-06,6.549927e-06,-3.21928e-05,-2.73159e-05,2.29432e-05,67664300000000.0,6653706000000.0,0.5964149,1.131974e-05,-4.92525e-06,-1.585518e-05,-4.736768e-06,5.50911e-06,-2.693665e-05,-2.285224e-05,1.923797e-05,42097960000000.0,3467409000000.0,0.3751381,6.392008e-06,-2.607643e-06,-8.77534e-06,-2.505515e-06,3.270808e-06,-1.503242e-05,-1.272477e-05,1.101607e-05,1988412000000.0,120700000000000.0,2.308684,47410000000000.0,-2.151
1094,0.9634,5.404534,6.717937,3203.034,303.0316,378.9713,89.89578,89.95297,310.0515,45365840000000.0,42194080000000.0,3653706000000.0,0.5589644,2.194677e-06,-6.459734e-07,-2.778103e-06,-6.066364e-07,1.401328e-06,-4.921423e-06,-4.134808e-06,4.086312e-06,39214540000000.0,3212524000000.0,0.4969636,2.052526e-06,-5.913461e-07,-2.585151e-06,-5.547861e-07,1.322618e-06,-4.589631e-06,-3.853898e-06,3.833312e-06,22682920000000.0,1619236000000.0,0.3047971,1.355632e-06,-3.581225e-07,-1.674311e-06,-3.346536e-07,9.038309e-07,-2.998168e-06,-2.512033e-06,2.560945e-06,1272995000000.0,79090000000000.0,1.310928,17640000000000.0,-1.06722
1095,0.958,6.823177,6.411998999999999,3182.469,380.7922,360.1971,-174.1497,-212.9645,195.1612,45173610000000.0,37003920000000.0,3508171000000.0,0.5363619,2.08179e-06,8.323336e-07,-1.198735e-06,8.608051e-07,2.771091e-06,-3.224733e-06,-2.481992e-06,5.333575e-06,34697180000000.0,3161186000000.0,0.4786427,1.973105e-06,7.695309e-07,-1.155267e-06,7.962838e-07,2.606319e-06,-3.075477e-06,-2.371444e-06,5.034622e-06,26623600000000.0,2072715000000.0,0.3230143,1.556665e-06,5.563419e-07,-9.615071e-07,5.767407e-07,2.003176e-06,-2.476396e-06,-1.92074e-06,3.917751e-06,1081254000000.0,140200000000000.0,1.372564,32740000000000.0,-1.177
1096,0.9596,4.865867,6.8707820000000055,3194.895,271.982,386.3643,-257.2728,235.036,44.08921,40367910000000.0,33639920000000.0,3269787000000.0,0.5173821,1.837727e-06,1.016928e-06,-7.782863e-07,1.041593e-06,2.730828e-06,-2.56575e-06,-1.910881e-06,4.996907e-06,30179820000000.0,2801179000000.0,0.4563975,1.689183e-06,9.134381e-07,-7.364738e-07,9.359177e-07,2.488179e-06,-2.379442e-06,-1.777449e-06,4.570756e-06,17684990000000.0,1328519000000.0,0.2810404,1.081483e-06,5.342143e-07,-5.21593e-07,5.480759e-07,1.540707e-06,-1.573452e-06,-1.187871e-06,2.873139e-06,1073114000000.0,71900000000000.0,1.16408,14240000000000.0,-0.928521
1098,0.9599,6.837145,5.053336000000002,3194.656,383.0404,284.5164,-50.98246,-216.9745,65.59396,73719490000000.0,53343310000000.0,5377428000000.0,0.6032716,4.24272e-06,5.324321e-07,-3.593846e-06,5.897908e-07,4.463735e-06,-7.726901e-06,-6.208916e-06,9.663265e-06,49883200000000.0,4781704000000.0,0.5400902,3.978659e-06,4.877974e-07,-3.381088e-06,5.409815e-07,4.172498e-06,-7.256887e-06,-5.833189e-06,9.047412e-06,32005980000000.0,2721839000000.0,0.3428285,2.82843e-06,3.136447e-07,-2.43481e-06,3.494246e-07,2.926654e-06,-5.19005e-06,-4.177301e-06,6.388865e-06,1475476000000.0,189800000000000.0,1.887776,60960000000000.0,-1.633
1099,0.9634,5.809008,4.891632000000004,3211.099,326.6816,276.2344,145.4442,-591.9644,626.8193,28449760000000.0,18934470000000.0,1544589000000.0,0.4298109,8.636758e-07,-3.430303e-07,-1.185101e-06,-3.261499e-07,4.685781e-07,-2.030466e-06,-1.720634e-06,1.529537e-06,16339390000000.0,1240765000000.0,0.371542,7.534975e-07,-2.914252e-07,-1.025943e-06,-2.767897e-07,4.163158e-07,-1.763416e-06,-1.493098e-06,1.341725e-06,11725920000000.0,634884100000.0,0.2479925,4.895842e-07,-1.763671e-07,-6.533846e-07,-1.670269e-07,2.82882e-07,-1.132477e-06,-9.56813e-07,8.837986e-07,687700000000.0,53740000000000.0,0.9989993,9134000000000.0,-0.744975
1100,0.9634,5.391566,6.7514360000000035,3202.689,302.2676,380.8294,144.372,253.05,-278.5937,46038640000000.0,41521280000000.0,4136508000000.0,0.5548671,2.434859e-06,-6.964867e-07,-3.061763e-06,-6.533298e-07,1.573582e-06,-5.439902e-06,-4.566947e-06,4.551954e-06,38253400000000.0,3677452000000.0,0.4945363,2.285484e-06,-6.395341e-07,-2.859437e-06,-5.992914e-07,1.490412e-06,-5.091657e-06,-4.272179e-06,4.285615e-06,24797430000000.0,2056825000000.0,0.3146457,1.60532e-06,-4.13616e-07,-1.972104e-06,-3.861251e-07,1.079969e-06,-3.539949e-06,-2.96412e-06,3.042012e-06,1243562000000.0,89000000000000.0,1.307606,19800000000000.0,-1.076737
1102,0.9603,5.882108,5.508543000000003,3199.927,329.6704,310.2329,250.2435,-481.3917,-68.36266,52478280000000.0,50459880000000.0,4820442000000.0,0.5918281,3.10621e-06,-1.153866e-06,-4.167168e-06,-1.09898e-06,1.735367e-06,-7.203741e-06,-6.087984e-06,5.527234e-06,48345380000000.0,4451145000000.0,0.5332536,2.977083e-06,-1.080846e-06,-3.968504e-06,-1.028604e-06,1.6871e-06,-6.878795e-06,-5.809322e-06,5.320706e-06,34985520000000.0,2989128000000.0,0.353183,2.392629e-06,-7.958162e-07,-3.115292e-06,-7.550842e-07,1.424684e-06,-5.454091e-06,-4.594222e-06,4.342793e-06,1356866000000.0,177700000000000.0,1.610145,48680000000000.0,-1.4058
1103,0.9615,5.492422,6.574468000000007,3198.67,307.5699,370.3547,36.23193,57.86801,206.4272,37868940000000.0,33928270000000.0,3005835000000.0,0.5197791,1.673364e-06,-2.670495e-07,-1.894909e-06,-2.376854e-07,1.296149e-06,-3.527623e-06,-2.928861e-06,3.347375e-06,30372040000000.0,2610524000000.0,0.4579203,1.551702e-06,-2.412229e-07,-1.750542e-06,-2.141893e-07,1.2077e-06,-3.264541e-06,-2.709251e-06,3.109471e-06,20376180000000.0,1528935000000.0,0.2982907,1.135164e-06,-1.617161e-07,-1.265376e-06,-1.424593e-07,8.966051e-07,-2.372938e-06,-1.966549e-06,2.287011e-06,1062973000000.0,138500000000000.0,1.309628,30860000000000.0,-1.08801
1104,0.9692,5.098549,5.7361479999999965,3224.757,287.7195,325.2152,486.9499,181.0363,-171.9794,46807550000000.0,42097960000000.0,4237825000000.0,0.5581521,2.820842e-06,-2.611263e-06,-5.336756e-06,-2.550326e-06,1.636746e-08,-8.103343e-06,-7.085717e-06,3.440034e-06,39214540000000.0,3828853000000.0,0.4966613,2.689447e-06,-2.430953e-06,-5.029115e-06,-2.373224e-06,7.309431e-08,-7.666786e-06,-6.696459e-06,3.336664e-06,31140960000000.0,2651639000000.0,0.3398728,2.205321e-06,-1.830851e-06,-3.960141e-06,-1.784685e-06,2.187006e-07,-6.122864e-06,-5.326878e-06,2.892843e-06,1179585000000.0,210900000000000.0,1.667138,59820000000000.0,-1.41273
1106,0.9642,5.656568,5.117793000000001,3212.484,318.1893,289.12,398.966,-227.9754,-57.73304,53631650000000.0,37965060000000.0,4002881000000.0,0.5377568,2.771749e-06,-2.060931e-06,-4.744469e-06,-2.003514e-06,5.247626e-07,-7.459066e-06,-6.461572e-06,3.898827e-06,31044840000000.0,3242816000000.0,0.4623745,2.428854e-06,-1.759674e-06,-4.110834e-06,-1.709758e-06,5.048701e-07,-6.489568e-06,-5.615359e-06,3.460865e-06,21145090000000.0,1656132000000.0,0.2982685,1.556358e-06,-1.045712e-06,-2.551503e-06,-1.014523e-06,4.028282e-07,-4.075674e-06,-3.515268e-06,2.295654e-06,1183371000000.0,101100000000000.0,1.469115,25270000000000.0,-1.185
1107,0.9657,5.719637,6.7318890000000025,3206.337,321.1449,380.361,4.431698,-208.1767,60.2572,32102100000000.0,27776970000000.0,2581187000000.0,0.4866316,1.329302e-06,3.198641e-08,-1.262863e-06,5.434898e-08,1.274528e-06,-2.558799e-06,-2.083796e-06,2.907046e-06,26623600000000.0,2338651000000.0,0.4399737,1.262731e-06,2.974031e-08,-1.200151e-06,5.086708e-08,1.209685e-06,-2.431181e-06,-1.979931e-06,2.760253e-06,20087840000000.0,1480893000000.0,0.2950436,9.882912e-07,2.139989e-08,-9.408165e-07,3.754896e-08,9.436647e-07,-1.904282e-06,-1.550985e-06,2.156595e-06,870807900000.0,104500000000000.0,1.130529,20100000000000.0,-0.925947
1109,0.9653,5.71863,5.418295999999999,3213.946,321.85,306.3676,469.8399,-155.3534,-84.73679,73815600000000.0,47672580000000.0,5486478000000.0,0.5837231,4.105498e-06,-3.184132e-06,-7.150512e-06,-3.099747e-06,6.322931e-07,-1.117462e-05,-9.693974e-06,5.61506e-06,44500810000000.0,4831445000000.0,0.5197446,3.812714e-06,-2.888089e-06,-6.571001e-06,-2.810336e-06,6.542147e-07,-1.030807e-05,-8.932838e-06,5.280623e-06,33639920000000.0,2992918000000.0,0.3478551,2.830761e-06,-1.969373e-06,-4.702052e-06,-1.913396e-06,6.550726e-07,-7.47649e-06,-6.454936e-06,4.087096e-06,1315286000000.0,166600000000000.0,1.785514,50610000000000.0,-1.53846
1111,0.9657,5.695787,4.978207999999996,3216.567,320.8172,281.5706,63.1939,-210.898,375.6569,29891470000000.0,27200280000000.0,2228667000000.0,0.4842174,1.102337e-06,-2.261314e-07,-1.299435e-06,-2.059987e-07,8.061662e-07,-2.375606e-06,-1.981137e-06,2.158809e-06,25566340000000.0,1980311000000.0,0.4319296,1.035707e-06,-2.076079e-07,-1.215927e-06,-1.887946e-07,7.619568e-07,-2.227035e-06,-1.856382e-06,2.032659e-06,16723850000000.0,1149205000000.0,0.2773985,7.480219e-07,-1.36082e-07,-8.639682e-07,-1.228343e-07,5.630603e-07,-1.594181e-06,-1.326389e-06,1.480209e-06,897881200000.0,123600000000000.0,1.156028,24310000000000.0,-0.949707
1112,0.9696,5.848856,5.660477999999999,3222.665,330.123,321.0914,25.01204,-121.1551,-407.3781,82754210000000.0,74392290000000.0,8242954000000.0,0.6723209,7.605163e-06,2.873463e-07,-7.088948e-06,3.764584e-07,7.279833e-06,-1.45019e-05,-1.177287e-05,1.656403e-05,70547720000000.0,7515865000000.0,0.6066571,7.276156e-06,2.694309e-07,-6.786636e-06,3.535353e-07,6.955744e-06,-1.387883e-05,-1.126751e-05,1.583635e-05,52478280000000.0,4840124000000.0,0.4022483,5.785054e-06,1.971483e-07,-5.408907e-06,2.598745e-07,5.500069e-06,-1.104747e-05,-8.97e-06,1.255382e-05,1814428000000.0,223700000000000.0,2.354991,89630000000000.0,-2.007496
1113,0.9684,5.973529000000001,6.928427000000003,3210.457,335.933,392.2541,149.625,-252.9537,-92.43279,31717640000000.0,29507020000000.0,2886596000000.0,0.4951038,1.480788e-06,-4.050725e-07,-1.844816e-06,-3.782301e-07,9.785243e-07,-3.290567e-06,-2.760259e-06,2.792176e-06,28257540000000.0,2637247000000.0,0.4461183,1.415399e-06,-3.788466e-07,-1.754879e-06,-3.533252e-07,9.432172e-07,-3.136778e-06,-2.629848e-06,2.676553e-06,21914010000000.0,1771971000000.0,0.3009872,1.137285e-06,-2.792602e-07,-1.384451e-06,-2.59226e-07,7.81517e-07,-2.494787e-06,-2.087322e-06,2.17348e-06,908226000000.0,178900000000000.0,1.267845,38590000000000.0,-1.06524
1116,0.9692,7.176826000000001,5.512707999999996,3213.657,404.6588,312.6086,56.03129,-99.84183,460.7502,61128550000000.0,50556000000000.0,5308093000000.0,0.5918021,3.824811e-06,-6.10376e-07,-4.324363e-06,-5.494639e-07,2.940916e-06,-8.058291e-06,-6.686431e-06,7.616942e-06,45365840000000.0,4643217000000.0,0.5203205,3.571702e-06,-5.551947e-07,-4.02282e-06,-4.98898e-07,2.759209e-06,-7.5096e-06,-6.228353e-06,7.124802e-06,30372040000000.0,2746604000000.0,0.3372969,2.659373e-06,-3.781767e-07,-2.958447e-06,-3.378807e-07,2.084426e-06,-5.554456e-06,-4.600001e-06,5.332161e-06,1413546000000.0,155700000000000.0,1.708928,45270000000000.0,-1.45
1118,0.965,5.529108,5.172933000000004,3214.808,311.1992,292.3997,344.6658,98.33366,79.30728,32871010000000.0,31813760000000.0,2718378000000.0,0.5089145,1.349226e-06,-1.238921e-06,-2.546638e-06,-1.209646e-06,2.426194e-08,-3.867802e-06,-3.382836e-06,1.669194e-06,30083700000000.0,2505363000000.0,0.4563669,1.295692e-06,-1.163134e-06,-2.418842e-06,-1.135141e-06,4.954107e-08,-3.687572e-06,-3.221814e-06,1.629003e-06,23163490000000.0,1788541000000.0,0.3134822,1.075508e-06,-8.869401e-07,-1.928851e-06,-8.64114e-07,1.183467e-07,-2.981939e-06,-2.595212e-06,1.428722e-06,967774400000.0,188700000000000.0,1.256821,40350000000000.0,-1.09494
1119,0.9673,5.666845,5.317643000000006,3219.373,319.4548,301.1237,249.1626,-515.7566,238.516,45461950000000.0,20376180000000.0,1804951000000.0,0.4362407,8.806544e-07,-5.661556e-07,-1.422817e-06,-5.479802e-07,2.608024e-07,-2.28456e-06,-1.968637e-06,1.339612e-06,19511160000000.0,1593071000000.0,0.3937141,8.114844e-07,-5.096706e-07,-1.29895e-06,-4.930021e-07,2.520642e-07,-2.092985e-06,-1.801859e-06,1.245986e-06,14801570000000.0,930137500000.0,0.2646686,5.88826e-07,-3.404488e-07,-9.129071e-07,-3.285699e-07,2.115471e-07,-1.489012e-06,-1.277718e-06,9.323402e-07,692994000000.0,84450000000000.0,1.011271,14530000000000.0,-0.8721
1120,0.968,5.651683,5.442233000000005,3220.849,318.7406,308.3543,26.51726,155.2613,-508.9835,34697180000000.0,22202350000000.0,1782357000000.0,0.4510708,8.816944e-07,1.698545e-08,-8.428946e-07,3.228581e-08,8.431349e-07,-1.703157e-06,-1.387978e-06,1.927424e-06,20280070000000.0,1541044000000.0,0.3993937,8.079656e-07,1.515318e-08,-7.727157e-07,2.908061e-08,7.719048e-07,-1.561021e-06,-1.272175e-06,1.765348e-06,13840430000000.0,885499500000.0,0.2594223,5.599904e-07,9.51191e-09,-5.362634e-07,1.89075e-08,5.331494e-07,-1.082579e-06,-8.82318e-07,1.221218e-06,772641800000.0,92800000000000.0,1.06912,16880000000000.0,-0.886743
1122,0.9692,5.81483,5.454073000000003,3222.331,328.1551,309.2598,-117.4666,-613.3404,131.6348,57764550000000.0,52478280000000.0,5446820000000.0,0.5991415,3.732563e-06,1.142234e-06,-2.496165e-06,1.188786e-06,4.604494e-06,-6.131012e-06,-4.796769e-06,9.192272e-06,48153150000000.0,4852545000000.0,0.5311624,3.52065e-06,1.051688e-06,-2.379596e-06,1.095089e-06,4.315704e-06,-5.808001e-06,-4.54937e-06,8.642089e-06,34504950000000.0,3051212000000.0,0.3511944,2.720203e-06,7.46503e-07,-1.903046e-06,7.785218e-07,3.263451e-06,-4.551776e-06,-3.578882e-06,6.603472e-06,1437380000000.0,150200000000000.0,1.656457,42330000000000.0,-1.40184
1123,0.965,5.320222,6.711799000000004,3206.839,298.6311,379.0194,-207.9304,388.361,95.94122,46615320000000.0,38637850000000.0,3757841000000.0,0.5405197,2.246146e-06,7.717096e-07,-1.419019e-06,8.022742e-07,2.862003e-06,-3.605809e-06,-2.803855e-06,5.625339e-06,35369980000000.0,3344873000000.0,0.4798848,2.101263e-06,7.033278e-07,-1.345797e-06,7.316342e-07,2.657856e-06,-3.391503e-06,-2.641194e-06,5.242444e-06,25566340000000.0,2091399000000.0,0.3171031,1.583754e-06,4.844056e-07,-1.059216e-06,5.049246e-07,1.954912e-06,-2.601022e-06,-2.035263e-06,3.901528e-06,1149863000000.0,133300000000000.0,1.403928,31840000000000.0,-1.193
1126,0.9642,5.627404,5.065667000000007,3212.608,316.5504,286.1565,459.6522,199.1465,466.1439,41040710000000.0,37965060000000.0,3801178000000.0,0.5411098,2.184315e-06,-2.486307e-06,-4.599146e-06,-2.435549e-06,-4.423913e-07,-6.743448e-06,-5.955434e-06,2.212138e-06,36811690000000.0,3428635000000.0,0.4870677,2.069084e-06,-2.307031e-06,-4.30816e-06,-2.259173e-06,-3.716737e-07,-6.339289e-06,-5.592795e-06,2.142418e-06,24316860000000.0,1997113000000.0,0.3120861,1.529449e-06,-1.561743e-06,-3.040121e-06,-1.527135e-06,-1.336613e-07,-4.541354e-06,-3.989364e-06,1.723374e-06,1126423000000.0,97090000000000.0,1.291879,21340000000000.0,-1.0494
1129,0.9696,5.543823,5.279196000000004,3226.179,313.1363,299.503,-82.88515,-290.6294,-149.6974,101784800000000.0,81216390000000.0,8890007000000.0,0.6946864,8.660223e-06,1.416317e-06,-6.99081e-06,1.503652e-06,9.364994e-06,-1.542203e-05,-1.231828e-05,1.995125e-05,76506800000000.0,7981691000000.0,0.6200478,8.173532e-06,1.305247e-06,-6.627846e-06,1.386047e-06,8.80205e-06,-1.458518e-05,-1.165533e-05,1.879064e-05,53535530000000.0,4944387000000.0,0.4048893,6.173731e-06,8.994378e-07,-5.087686e-06,9.552707e-07,6.545509e-06,-1.109789e-05,-8.883247e-06,1.408147e-05,1978431000000.0,156700000000000.0,2.322918,61930000000000.0,-1.97802
1131,0.97,5.435627,5.073195000000003,3228.994,307.2557,287.9522,209.9846,-66.52661,352.3634,35754430000000.0,31909870000000.0,2678887000000.0,0.5064113,1.433457e-06,-8.466518e-07,-2.238677e-06,-8.178789e-07,4.95051e-07,-3.640484e-06,-3.12619e-06,2.247436e-06,29218680000000.0,2365099000000.0,0.4502546,1.342223e-06,-7.747199e-07,-2.078001e-06,-7.479218e-07,4.811243e-07,-3.390571e-06,-2.908969e-06,2.121731e-06,17973330000000.0,1291898000000.0,0.283496,9.48284e-07,-4.979491e-07,-1.418258e-06,-4.794739e-07,3.878332e-07,-2.345544e-06,-2.005161e-06,1.546151e-06,1028455000000.0,80740000000000.0,1.153831,15850000000000.0,-0.9347382
1132,0.9735,5.490514,4.942450000000004,3238.357,311.2772,281.3329,-45.88562,-430.6066,402.692,44020240000000.0,43635790000000.0,3977786000000.0,0.58501,2.174849e-06,2.568277e-07,-1.862714e-06,2.902795e-07,2.284814e-06,-3.983511e-06,-3.205674e-06,4.956934e-06,42674650000000.0,3616370000000.0,0.5100594,2.071215e-06,2.375768e-07,-1.780673e-06,2.691764e-07,2.168061e-06,-3.800357e-06,-3.059521e-06,4.712368e-06,34889410000000.0,2605620000000.0,0.3532573,1.744971e-06,1.852205e-07,-1.514412e-06,2.111951e-07,1.809476e-06,-3.215852e-06,-2.59154e-06,3.951829e-06,1230965000000.0,115100000000000.0,1.302167,25500000000000.0,-1.13454
1133,0.9727,4.972123,5.7636830000000066,3233.843,281.3393,327.644,-32.68391,524.4683,-564.0858,51517140000000.0,43155220000000.0,4618784000000.0,0.5595439,3.1052e-06,2.656275e-07,-2.759241e-06,3.113476e-07,3.15482e-06,-5.788744e-06,-4.676806e-06,6.967027e-06,38830080000000.0,3956162000000.0,0.4933117,2.871849e-06,2.407092e-07,-2.556437e-06,2.826355e-07,2.911583e-06,-5.358197e-06,-4.329732e-06,6.436633e-06,21433440000000.0,1886427000000.0,0.2985562,1.842389e-06,1.419404e-07,-1.651376e-06,1.678082e-07,1.851973e-06,-3.4486e-06,-2.788542e-06,4.111503e-06,1312350000000.0,113200000000000.0,1.506271,29010000000000.0,-1.21473
1134,0.9708,6.254224,6.051959000000004,3220.407,352.9322,343.4757,-66.8767,74.90367,-224.2479,60840200000000.0,53823880000000.0,5844644000000.0,0.6033275,4.306964e-06,5.9485e-07,-3.592336e-06,6.500282e-07,4.577924e-06,-7.787413e-06,-6.245924e-06,9.853455e-06,50940460000000.0,5404167000000.0,0.5438946,4.157023e-06,5.62933e-07,-3.478012e-06,6.157012e-07,4.405784e-06,-7.527026e-06,-6.039048e-06,9.496841e-06,41136820000000.0,3805912000000.0,0.3711701,3.453776e-06,4.307924e-07,-2.924759e-06,4.727708e-07,3.61762e-06,-6.288732e-06,-5.051889e-06,7.844317e-06,1390809000000.0,212700000000000.0,1.844253,66740000000000.0,-1.607
1135,0.97,5.47407,6.794243999999997,3218.52,308.4382,385.2141,-122.0378,-29.8825,-24.68257,90923910000000.0,67664300000000.0,7144813000000.0,0.6503408,5.750555e-06,1.141451e-06,-4.448576e-06,1.207835e-06,6.445893e-06,-1.004635e-05,-7.988524e-06,1.3489e-05,63627510000000.0,6543361000000.0,0.5832785,5.49963e-06,1.065875e-06,-4.279429e-06,1.128515e-06,6.136169e-06,-9.632922e-06,-7.66462e-06,1.287055e-05,46711440000000.0,4348527000000.0,0.3870919,4.38068e-06,7.74232e-07,-3.480751e-06,8.212069e-07,4.803668e-06,-7.744956e-06,-6.176187e-06,1.016303e-05,1696344000000.0,185600000000000.0,1.989398,62820000000000.0,-1.796324
1136,0.9708,5.9132,5.502228999999998,3225.763,334.1013,312.3945,-233.4325,-802.1566,1.157965,30468160000000.0,27200280000000.0,2269573000000.0,0.4803288,1.161327e-06,9.666556e-07,-1.714709e-07,9.813551e-07,2.052466e-06,-1.301927e-06,-8.88025e-07,3.490028e-06,25374110000000.0,2031473000000.0,0.4323344,1.090633e-06,8.86442e-07,-1.822425e-07,9.001317e-07,1.905741e-06,-1.243831e-06,-8.551069e-07,3.255537e-06,17588870000000.0,1208667000000.0,0.279643,7.995782e-07,5.889062e-07,-1.940758e-07,5.985649e-07,1.334845e-06,-9.722101e-07,-6.871565e-07,2.323611e-06,879113100000.0,117700000000000.0,1.177023,23570000000000.0,-0.957924
1137,0.9711,5.897924,5.700779000000003,3225.712,333.2268,323.7268,-304.3569,-480.0084,-429.5131,58629580000000.0,30083700000000.0,2720795000000.0,0.5025871,1.763655e-06,1.712599e-06,-1.603162e-08,1.732415e-06,3.357998e-06,-1.730091e-06,-1.102512e-06,5.542215e-06,27873080000000.0,2350173000000.0,0.4472879,1.603596e-06,1.518544e-06,-5.295834e-08,1.536358e-06,3.013914e-06,-1.611404e-06,-1.040735e-06,4.999494e-06,19222810000000.0,1253093000000.0,0.2876684,1.068927e-06,9.25062e-07,-1.218522e-07,9.364147e-07,1.920064e-06,-1.160557e-06,-7.80035e-07,3.242583e-06,968093600000.0,104100000000000.0,1.303128,23080000000000.0,-1.098
1139,0.9715,5.228365,5.8885729999999965,3229.6,295.5288,334.4874,-44.95546,-148.7124,-385.0294,29026450000000.0,24124630000000.0,2115261000000.0,0.4634313,1.054891e-06,2.81573e-07,-7.477931e-07,2.982224e-07,1.268099e-06,-1.775577e-06,-1.399038e-06,2.566679e-06,22586810000000.0,1875780000000.0,0.4138219,9.873055e-07,2.569476e-07,-7.063538e-07,2.724223e-07,1.179913e-06,-1.668275e-06,-1.31583e-06,2.395101e-06,16243280000000.0,1171792000000.0,0.2773179,7.435048e-07,1.766532e-07,-5.484439e-07,1.879891e-07,8.706669e-07,-1.272797e-06,-1.007293e-06,1.785222e-06,806727700000.0,131000000000000.0,1.149502,25620000000000.0,-0.942777
1140,0.9727,5.18913,6.361532,3229.701,293.308,361.5553,-74.45027,155.2547,-241.3557,33159350000000.0,30852620000000.0,2762166000000.0,0.5022919,1.460378e-06,3.070499e-07,-1.116513e-06,3.294083e-07,1.669595e-06,-2.539121e-06,-2.017618e-06,3.464938e-06,29026450000000.0,2470953000000.0,0.4482981,1.375185e-06,2.823935e-07,-1.057972e-06,3.032944e-07,1.564959e-06,-2.39758e-06,-1.906454e-06,3.255308e-06,20760640000000.0,1536932000000.0,0.2961181,1.032896e-06,1.93969e-07,-8.123048e-07,2.091908e-07,1.155767e-06,-1.818453e-06,-1.449424e-06,2.424575e-06,968463600000.0,178800000000000.0,1.339559,40750000000000.0,-1.1187
1141,0.9719,5.075951,5.727307000000001,3232.144,287.0937,325.443,-52.54118,-157.9162,-324.4764,111300100000000.0,104187600000000.0,12471300000000.0,0.7508106,1.415974e-05,1.461306e-06,-1.2242e-05,1.569156e-06,1.433381e-05,-2.602979e-05,-2.094035e-05,3.15674e-05,100150900000000.0,11572030000000.0,0.6768517,1.36751e-05,1.383395e-06,-1.184844e-05,1.484987e-06,1.380719e-05,-2.51642e-05,-2.024814e-05,3.044662e-05,84099810000000.0,8497592000000.0,0.470335,1.168575e-05,1.097565e-06,-1.020086e-05,1.175464e-06,1.168585e-05,-2.157914e-05,-1.737541e-05,2.588971e-05,2255663000000.0,256300000000000.0,2.926199,127600000000000.0,-2.534704
1142,0.9743,5.332168000000001,4.959902999999995,3240.355,302.4337,282.4316,124.542,-118.3591,433.2469,37003920000000.0,35466090000000.0,2979802000000.0,0.523731,1.582841e-06,-5.86347e-07,-2.124981e-06,-5.567975e-07,8.933723e-07,-3.671582e-06,-3.104198e-06,2.831124e-06,33832150000000.0,2724758000000.0,0.4709173,1.514926e-06,-5.494911e-07,-2.021959e-06,-5.213504e-07,8.662776e-07,-3.502179e-06,-2.959102e-06,2.720639e-06,22779030000000.0,1711461000000.0,0.3040984,1.174897e-06,-3.870594e-07,-1.528457e-06,-3.657825e-07,7.091542e-07,-2.676367e-06,-2.255034e-06,2.146347e-06,1073559000000.0,112100000000000.0,1.221665,23300000000000.0,-1.03356
1144,0.9739,6.172974,6.940889000000005,3223.252,348.619,394.6789,-194.4364,-147.0276,84.91157,28161420000000.0,27200280000000.0,2150980000000.0,0.4896549,9.703845e-07,5.62801e-07,-3.853886e-07,5.770728e-07,1.470473e-06,-1.329477e-06,-9.838208e-07,2.667506e-06,25950800000000.0,1941821000000.0,0.4347998,9.200791e-07,5.206595e-07,-3.782901e-07,5.341066e-07,1.381001e-06,-1.273431e-06,-9.456682e-07,2.515834e-06,17108300000000.0,1186431000000.0,0.2768911,6.945534e-07,3.551811e-07,-3.231307e-07,3.65039e-07,1.003692e-06,-9.98842e-07,-7.513299e-07,1.859858e-06,883465200000.0,162400000000000.0,1.141504,31540000000000.0,-0.9716089
1145,0.9743,4.984251,7.175314999999998,3229.047,281.6107,408.0532,-601.2874,345.4828,-209.4964,44116360000000.0,36427230000000.0,3741787000000.0,0.5279935,2.299732e-06,2.929383e-06,6.71387e-07,2.947058e-06,5.066194e-06,-1.558333e-06,-7.419081e-07,7.921718e-06,32486550000000.0,3259915000000.0,0.4691757,2.136444e-06,2.661407e-06,5.640461e-07,2.677566e-06,4.645602e-06,-1.507297e-06,-7.48777e-07,7.297853e-06,22010120000000.0,1809564000000.0,0.3021866,1.499327e-06,1.713211e-06,2.422059e-07,1.723777e-06,3.103063e-06,-1.211281e-06,-6.787638e-07,4.96286e-06,1115038000000.0,144800000000000.0,1.449922,35720000000000.0,-1.18701
1148,0.9731,5.321498,5.196192000000001,3236.446,301.4609,295.5968,4.974553,-11.63068,-74.93523,65165340000000.0,46807550000000.0,4702367000000.0,0.5737872,3.987222e-06,1.992409e-08,-3.853743e-06,7.732461e-08,3.714896e-06,-7.740499e-06,-6.312577e-06,8.594088e-06,42578530000000.0,3907295000000.0,0.5095802,3.584485e-06,1.758896e-08,-3.46437e-06,6.872271e-08,3.337861e-06,-6.958527e-06,-5.674685e-06,7.723455e-06,18934470000000.0,1379602000000.0,0.2866239,1.919542e-06,8.706526e-09,-1.854829e-06,3.491638e-08,1.783055e-06,-3.725973e-06,-3.038082e-06,4.129684e-06,1502054000000.0,67520000000000.0,1.633931,18770000000000.0,-1.25235
1149,0.9735,5.394176000000001,5.354152999999995,3236.702,305.6265,304.6949,-270.371,-287.9193,-477.7953,34793290000000.0,30948730000000.0,2881903000000.0,0.5008108,1.427627e-06,1.274882e-06,-1.234734e-07,1.292473e-06,2.608419e-06,-1.511428e-06,-1.003315e-06,4.374987e-06,28930330000000.0,2557726000000.0,0.4471964,1.341894e-06,1.172845e-06,-1.413859e-07,1.189255e-06,2.425872e-06,-1.445957e-06,-9.683293e-07,4.086106e-06,18069440000000.0,1396792000000.0,0.2821672,9.418146e-07,7.520966e-07,-1.698312e-07,7.6321e-07,1.630167e-06,-1.085361e-06,-7.500366e-07,2.794625e-06,991597300000.0,61760000000000.0,1.02592,10780000000000.0,-0.822096
1150,0.9727,5.015493,5.7229489999999945,3234.413,283.8557,325.3917,24.64283,440.9991,-20.54732,72085550000000.0,25278000000000.0,2430225000000.0,0.4678534,1.708955e-06,-2.36147e-07,-1.898836e-06,-2.067861e-07,1.359146e-06,-3.566801e-06,-2.954946e-06,3.454082e-06,22971260000000.0,1994425000000.0,0.4154252,1.478917e-06,-2.003376e-07,-1.639044e-06,-1.750977e-07,1.179671e-06,-3.082471e-06,-2.552928e-06,2.992322e-06,13744310000000.0,860136600000.0,0.2590745,8.237538e-07,-1.036296e-07,-9.046134e-07,-8.994075e-08,6.638397e-07,-1.708565e-06,-1.413503e-06,1.672851e-06,880432700000.0,55030000000000.0,1.245377,11660000000000.0,-1.05534
1151,0.9727,5.899469,5.4555990000000065,3230.992,333.8603,310.2253,-431.1901,-536.0524,91.42232,36523350000000.0,34985520000000.0,3144419000000.0,0.5314117,1.661742e-06,1.907145e-06,2.772697e-07,1.923474e-06,3.455013e-06,-1.336111e-06,-7.453967e-07,5.515185e-06,33351580000000.0,2848726000000.0,0.4703769,1.585021e-06,1.773003e-06,2.185931e-07,1.788405e-06,3.248804e-06,-1.320248e-06,-7.567689e-07,5.213503e-06,24509090000000.0,1893008000000.0,0.3122788,1.290574e-06,1.322072e-06,5.70704e-08,1.334076e-06,2.521869e-06,-1.195765e-06,-7.368375e-07,4.120511e-06,1040819000000.0,241800000000000.0,1.413984,58170000000000.0,-1.23255
1154,0.9813,5.629844,6.619526000000004,3247.119,320.0905,378.6524,-463.6782,-33.98074,128.1346,96402410000000.0,79582450000000.0,9460641000000.0,0.6830663,8.804963e-06,5.373639e-06,-3.216353e-06,5.426868e-06,1.345224e-05,-1.175898e-05,-8.618906e-06,2.429046e-05,72758350000000.0,8409587000000.0,0.6066069,8.321687e-06,4.967706e-06,-3.14934e-06,5.016548e-06,1.259816e-05,-1.1223e-05,-8.254823e-06,2.283892e-05,50075430000000.0,5056651000000.0,0.3952448,6.333949e-06,3.47465e-06,-2.698876e-06,3.507149e-06,9.267371e-06,-8.843785e-06,-6.583129e-06,1.705378e-05,1964891000000.0,175700000000000.0,2.247347,67180000000000.0,-1.93062
1155,0.979,5.202336,4.802516000000006,3253.698,296.2434,274.4952,-66.74183,-389.4215,373.6481,37292260000000.0,22106240000000.0,1860458000000.0,0.4457104,1.031485e-06,1.962469e-07,-8.103321e-07,2.129884e-07,1.161587e-06,-1.815997e-06,-1.447547e-06,2.431238e-06,20664520000000.0,1616135000000.0,0.4003552,9.428783e-07,1.754261e-07,-7.445753e-07,1.906307e-07,1.057512e-06,-1.663832e-06,-1.327008e-06,2.217913e-06,13936540000000.0,896252200000.0,0.2654129,6.437317e-07,1.102048e-07,-5.176129e-07,1.203174e-07,7.115407e-07,-1.145171e-06,-9.151404e-07,1.50329e-06,766423200000.0,106900000000000.0,1.177724,21420000000000.0,-0.9712165
1156,0.977,6.867727,6.4591479999999954,3229.823,389.0057,368.3018,-124.2464,110.518,-83.1655,73527260000000.0,71797210000000.0,7763210000000.0,0.6695853,6.442458e-06,1.112255e-06,-5.145792e-06,1.182964e-06,7.041634e-06,-1.141769e-05,-9.110552e-06,1.492403e-05,70643840000000.0,7238853000000.0,0.6062986,6.250748e-06,1.059473e-06,-5.011629e-06,1.127321e-06,6.810007e-06,-1.109687e-05,-8.858146e-06,1.445658e-05,54496680000000.0,4984124000000.0,0.4065033,5.247083e-06,8.221148e-07,-4.271266e-06,8.760166e-07,5.639622e-06,-9.379328e-06,-7.499095e-06,1.205333e-05,1725287000000.0,266100000000000.0,2.188261,99070000000000.0,-1.93446
1158,0.9801,5.161046,6.623753000000001,3246.33,293.2139,378.5116,-414.5685,468.9671,-230.1037,82081410000000.0,26719710000000.0,2412088000000.0,0.4769533,1.643436e-06,1.407321e-06,-2.018546e-07,1.424542e-06,2.936216e-06,-1.798517e-06,-1.213533e-06,4.968944e-06,24412970000000.0,2005222000000.0,0.4239602,1.433601e-06,1.207881e-06,-1.956797e-07,1.222766e-06,2.541106e-06,-1.588454e-06,-1.078125e-06,4.314033e-06,16916080000000.0,999436500000.0,0.2747248,8.754282e-07,6.859934e-07,-1.706491e-07,6.946867e-07,1.4988e-06,-1.02108e-06,-7.09342e-07,2.58069e-06,874536100000.0,129300000000000.0,1.507363,33160000000000.0,-1.360316
1161,0.979,5.088753,7.101117000000006,3240.745,288.5876,405.3178,-664.5195,441.004,-404.8549,40271790000000.0,39310650000000.0,3845593000000.0,0.5419616,2.198682e-06,3.222627e-06,1.060219e-06,3.237078e-06,5.265678e-06,-1.071137e-06,-2.909005e-07,8.001492e-06,37100030000000.0,3518474000000.0,0.4846874,2.10722e-06,3.020502e-06,9.483476e-07,3.034132e-06,4.977775e-06,-1.094258e-06,-3.464391e-07,7.599293e-06,29218680000000.0,2442728000000.0,0.3310512,1.758697e-06,2.332358e-06,6.038422e-07,2.343038e-06,3.963437e-06,-1.10068e-06,-4.764091e-07,6.149864e-06,1119960000000.0,132300000000000.0,1.336349,30080000000000.0,-1.12761
1162,0.9762,6.490789,5.950818000000002,3233.351,367.8672,339.2073,-100.7384,-141.4933,126.7426,92653960000000.0,85733750000000.0,9489869000000.0,0.7015643,9.057855e-06,1.188958e-06,-7.60103e-06,1.283307e-06,9.503799e-06,-1.642067e-05,-1.317381e-05,2.057099e-05,80255250000000.0,8341584000000.0,0.6274568,8.462082e-06,1.090884e-06,-7.119654e-06,1.177664e-06,8.854506e-06,-1.535915e-05,-1.232541e-05,1.919149e-05,45750300000000.0,4028518000000.0,0.3837033,5.415293e-06,6.465127e-07,-4.603962e-06,6.980011e-07,5.60203e-06,-9.876675e-06,-7.93395e-06,1.221042e-05,2278803000000.0,70130000000000.0,2.053355,24500000000000.0,-1.599
1163,0.979,6.917761,6.1701720000000035,3236.399,392.6653,352.4466,-233.5546,-92.94629,123.5797,64973110000000.0,58821810000000.0,5878160000000.0,0.6277636,4.056248e-06,1.646366e-06,-2.306693e-06,1.6918e-06,5.399825e-06,-6.251213e-06,-4.803085e-06,1.038545e-05,57860670000000.0,5448944000000.0,0.5654546,3.904943e-06,1.55135e-06,-2.253804e-06,1.594628e-06,5.163321e-06,-6.051168e-06,-4.656914e-06,9.962192e-06,40271790000000.0,3589750000000.0,0.3669975,3.115871e-06,1.130932e-06,-1.903605e-06,1.163705e-06,4.007395e-06,-4.933568e-06,-3.820497e-06,7.833574e-06,1536426000000.0,140400000000000.0,1.670769,39910000000000.0,-1.474
1164,0.9766,5.058594,5.058295000000005,3247.727,287.4864,288.5934,136.8337,57.74999,78.27845,198667800000000.0,165989000000000.0,20684280000000.0,0.8737388,2.968414e-05,-3.78031e-06,-3.234733e-05,-3.519927e-06,2.303794e-05,-6.132511e-05,-5.059777e-05,5.888503e-05,141287700000000.0,17582590000000.0,0.7575366,2.729252e-05,-3.3903e-06,-2.964728e-05,-3.159909e-06,2.123914e-05,-5.628994e-05,-4.642403e-05,5.418332e-05,84099810000000.0,9106803000000.0,0.4694849,1.860816e-05,-2.120215e-06,-2.000048e-05,-1.986542e-06,1.459938e-05,-3.816445e-05,-3.143037e-05,3.702251e-05,3588682000000.0,165100000000000.0,3.522658,98950000000000.0,-2.97198
1165,0.979,5.141587,4.873816000000002,3254.074,292.7992,278.5956,-97.09311,-151.0657,148.9203,46711440000000.0,43347440000000.0,4288230000000.0,0.5588284,2.705898e-06,5.302487e-07,-2.104615e-06,5.681944e-07,3.044673e-06,-4.739855e-06,-3.772853e-06,6.36648e-06,39887340000000.0,3822888000000.0,0.4994333,2.552856e-06,4.893637e-07,-1.996164e-06,5.248399e-07,2.860543e-06,-4.482346e-06,-3.569935e-06,5.993933e-06,25085770000000.0,2240485000000.0,0.3169746,1.866935e-06,3.254847e-07,-1.491133e-06,3.503042e-07,2.055973e-06,-3.309271e-06,-2.641659e-06,4.345587e-06,1275282000000.0,178400000000000.0,1.582082,48020000000000.0,-1.31868
1166,0.9758,5.475517,5.0374209999999975,3243.249,310.8907,287.1925,-355.9341,-511.4839,47.1162,34408840000000.0,30660390000000.0,3055030000000.0,0.5039646,1.506111e-06,1.55562e-06,7.931834e-08,1.57287e-06,2.961693e-06,-1.38398e-06,-8.483612e-07,4.827331e-06,29218680000000.0,2734769000000.0,0.4515655,1.422602e-06,1.440312e-06,4.601578e-08,1.456482e-06,2.767998e-06,-1.336115e-06,-8.301663e-07,4.529945e-06,20472300000000.0,1583139000000.0,0.2931978,1.034087e-06,9.611461e-07,-5.187366e-08,9.724796e-07,1.924807e-06,-1.056449e-06,-6.885726e-07,3.204742e-06,955990900000.0,78790000000000.0,1.07049,14350000000000.0,-0.8646632
1168,0.9801,4.891184,5.035916000000001,3256.79,278.7006,288.0384,-479.047,117.7219,107.7517,33736040000000.0,29314790000000.0,2415799000000.0,0.4901086,1.433163e-06,1.561419e-06,1.567207e-07,1.57605e-06,2.896381e-06,-1.234137e-06,-7.249402e-07,4.671861e-06,28161420000000.0,2176269000000.0,0.4497468,1.356901e-06,1.456478e-06,1.266375e-07,1.470229e-06,2.720065e-06,-1.190196e-06,-7.080664e-07,4.400878e-06,17204420000000.0,1076405000000.0,0.2762683,8.72706e-07,8.516279e-07,-3.185326e-09,8.600164e-07,1.662807e-06,-8.500667e-07,-5.398503e-07,2.743004e-06,963870300000.0,76930000000000.0,1.240008,16230000000000.0,-0.947133
1169,0.9766,6.594831000000001,5.888228000000006,3234.323,373.9283,335.7851,-103.619,-253.8044,467.7018,34601060000000.0,24220740000000.0,2115323000000.0,0.4641869,1.090545e-06,2.475335e-07,-8.169918e-07,2.651637e-07,1.26848e-06,-1.880079e-06,-1.490651e-06,2.611388e-06,21914010000000.0,1783382000000.0,0.4113565,9.782443e-07,2.176027e-07,-7.371985e-07,2.333257e-07,1.133109e-06,-1.690794e-06,-1.341446e-06,2.337558e-06,11725920000000.0,725828500000.0,0.2436258,5.346148e-07,1.102188e-07,-4.113609e-07,1.186091e-07,6.098737e-07,-9.324696e-07,-7.414964e-07,1.267739e-06,862985100000.0,44890000000000.0,0.9804333,7488000000000.0,-0.74052
1172,0.9793,5.313356,6.8928320000000065,3241.887,301.503,393.5912,-406.7985,214.2082,-283.21,101400300000000.0,86502660000000.0,9771453000000.0,0.7062329,9.121094e-06,5.077762e-06,-3.816339e-06,5.13531e-06,1.344407e-05,-1.266942e-05,-9.414415e-06,2.466334e-05,77371820000000.0,8509841000000.0,0.6192263,8.450398e-06,4.585475e-06,-3.652783e-06,4.636969e-06,1.233068e-05,-1.185476e-05,-8.838535e-06,2.272175e-05,44596930000000.0,4511039000000.0,0.3807805,5.802961e-06,2.870035e-06,-2.782209e-06,2.900363e-06,8.172484e-06,-8.41426e-06,-6.341433e-06,1.529925e-05,2189382000000.0,175000000000000.0,2.339294,69650000000000.0,-2.00277
1173,0.979,4.909638000000001,5.112591999999995,3253.61,279.4841,292.1698,11.6695,299.7321,-71.10503,157819300000000.0,53919990000000.0,5347956000000.0,0.6015397,4.525132e-06,-2.238627e-07,-4.615173e-06,-1.60466e-07,3.958916e-06,-9.028569e-06,-7.405702e-06,9.487256e-06,50844340000000.0,4796772000000.0,0.5467232,4.213908e-06,-2.04342e-07,-4.293039e-06,-1.459241e-07,3.688795e-06,-8.402867e-06,-6.891423e-06,8.835889e-06,39599000000000.0,2932755000000.0,0.3651004,3.056754e-06,-1.356638e-07,-3.099592e-06,-9.537637e-08,2.681785e-06,-6.080757e-06,-4.983708e-06,6.412013e-06,1411086000000.0,146200000000000.0,1.975959,49150000000000.0,-1.90872
1174,0.9782,5.242039,7.078636000000006,3238.111,297.0869,403.7908,-338.059,214.4942,-434.6518,55073360000000.0,51613250000000.0,5133193000000.0,0.5919252,3.557677e-06,2.370525e-06,-1.105596e-06,2.404029e-06,5.663332e-06,-4.56171e-06,-3.29367e-06,1.005126e-05,48633720000000.0,4677355000000.0,0.532222,3.390725e-06,2.209167e-06,-1.103346e-06,2.240646e-06,5.345957e-06,-4.397217e-06,-3.188554e-06,9.527146e-06,34504950000000.0,3008684000000.0,0.3487299,2.663931e-06,1.587039e-06,-1.013796e-06,1.610204e-06,4.04632e-06,-3.601461e-06,-2.651419e-06,7.328444e-06,1406977000000.0,193200000000000.0,1.755986,57720000000000.0,-1.49688
1177,0.9801,5.652833,6.650473999999997,3243.908,321.0883,380.0776,88.47161,-199.0762,-16.4651,64876990000000.0,42194080000000.0,4395548000000.0,0.5540756,4.022042e-06,-4.686966e-07,-4.37395e-06,-4.057806e-07,3.264067e-06,-8.298059e-06,-6.856456e-06,8.181562e-06,38926200000000.0,3676331000000.0,0.4931284,3.676394e-06,-4.20781e-07,-3.989989e-06,-3.637287e-07,2.989749e-06,-7.576851e-06,-6.258993e-06,7.483893e-06,18357790000000.0,1321851000000.0,0.2832078,1.999901e-06,-2.127585e-07,-2.153334e-06,-1.827997e-07,1.639112e-06,-4.104496e-06,-3.387262e-06,4.082097e-06,1336286000000.0,42120000000000.0,1.454056,10420000000000.0,-1.077
1178,0.9782,6.912277,6.785983000000004,3230.508,391.6368,387.2277,-138.4209,-134.0533,-205.1454,71604980000000.0,54881130000000.0,5918731000000.0,0.6050674,4.691901e-06,1.37243e-06,-3.196003e-06,1.427413e-06,5.712442e-06,-7.761291e-06,-6.084668e-06,1.147203e-05,46999780000000.0,4826161000000.0,0.5246934,4.151416e-06,1.187022e-06,-2.854473e-06,1.234972e-06,5.024852e-06,-6.893836e-06,-5.410131e-06,1.011978e-05,20472300000000.0,1718802000000.0,0.2935634,2.075064e-06,5.499427e-07,-1.468952e-06,5.726372e-07,2.464204e-06,-3.487961e-06,-2.745936e-06,5.008736e-06,1690339000000.0,68250000000000.0,1.636262,19000000000000.0,-1.28007
1180,0.9845,5.771622000000001,6.801472000000003,3252.823,328.7821,389.9371,-313.9216,-141.1393,-62.44437,47095890000000.0,23355720000000.0,2103288000000.0,0.4542589,1.365801e-06,1.141746e-06,-1.945986e-07,1.158426e-06,2.415691e-06,-1.521518e-06,-1.035644e-06,4.103709e-06,20183950000000.0,1718551000000.0,0.3949232,1.196873e-06,9.759499e-07,-1.949517e-07,9.904109e-07,2.091821e-06,-1.357742e-06,-9.319157e-07,3.570785e-06,14417110000000.0,950428600000.0,0.2648974,7.955949e-07,6.011809e-07,-1.768114e-07,6.104585e-07,1.341842e-06,-9.497281e-07,-6.665682e-07,2.324364e-06,806005900000.0,156500000000000.0,1.366313,36380000000000.0,-1.161
1184,0.9856,5.771605,5.666767999999998,3263.313,329.8413,325.4603,-154.7379,-266.3995,-94.97088,37965060000000.0,32198210000000.0,3461821000000.0,0.5038455,2.073536e-06,8.37003e-07,-1.185445e-06,8.640399e-07,2.764919e-06,-3.202989e-06,-2.463084e-06,5.316316e-06,29699250000000.0,3112609000000.0,0.4490358,1.975584e-06,7.802791e-07,-1.146407e-06,8.058144e-07,2.616398e-06,-3.068631e-06,-2.36361e-06,5.046884e-06,24605200000000.0,2132963000000.0,0.3122154,1.613175e-06,5.881904e-07,-9.843475e-07,6.083226e-07,2.08517e-06,-2.553912e-06,-1.978002e-06,4.068571e-06,956608900000.0,182600000000000.0,1.434321,44560000000000.0,-1.18899
1193,0.9928,4.826665,4.960137999999995,3289.929,277.805,286.5414,50.85619,-35.98143,-9.521029,49690970000000.0,44116360000000.0,4607124000000.0,0.5577552,2.926881e-06,-2.702601e-07,-3.11426e-06,-2.23556e-07,2.450969e-06,-5.969033e-06,-4.920899e-06,6.033298e-06,41425160000000.0,4129374000000.0,0.5003741,2.759271e-06,-2.492807e-07,-2.930095e-06,-2.055938e-07,2.315033e-06,-5.621382e-06,-4.633161e-06,5.691661e-06,28834220000000.0,2435110000000.0,0.3273174,2.06011e-06,-1.716329e-07,-2.172192e-06,-1.400548e-07,1.739637e-06,-4.181523e-06,-3.443372e-06,4.258988e-06,1276286000000.0,127100000000000.0,1.48536,32120000000000.0,-1.23453
1194,0.9888,5.976678,7.174982999999996,3259.61,341.2574,412.5813,-516.6667,-146.7312,-200.9228,29314790000000.0,21433440000000.0,1596895000000.0,0.4401431,8.151946e-07,1.286575e-06,4.855699e-07,1.294552e-06,2.048082e-06,-3.050119e-07,-1.590748e-08,3.061434e-06,20183950000000.0,1407884000000.0,0.3977507,7.589934e-07,1.174861e-06,4.29154e-07,1.182226e-06,1.883654e-06,-3.069085e-07,-3.772071e-08,2.827018e-06,13071510000000.0,720164500000.0,0.2530561,4.934696e-07,7.005438e-07,2.159395e-07,7.051383e-07,1.160713e-06,-2.625796e-07,-8.751557e-08,1.773672e-06,763673300000.0,63810000000000.0,1.016909,11040000000000.0,-0.7998
1195,0.9971,6.560899,5.324896999999999,3288.267,378.1915,308.5049,329.3241,-187.0741,-17.85564,30468160000000.0,30372040000000.0,2516884000000.0,0.5058643,1.074224e-06,-9.072245e-07,-1.949675e-06,-8.842864e-07,9.966205e-08,-3.000971e-06,-2.615288e-06,1.411557e-06,29987590000000.0,2353839000000.0,0.448828,1.039911e-06,-8.568618e-07,-1.865926e-06,-8.347401e-07,1.175904e-07,-2.883631e-06,-2.510244e-06,1.387436e-06,22971260000000.0,1732568000000.0,0.3022963,8.949121e-07,-6.791616e-07,-1.547241e-06,-6.60403e-07,1.585164e-07,-2.423008e-06,-2.101607e-06,1.250827e-06,920576700000.0,274000000000000.0,1.204913,56170000000000.0,-1.10286
1197,0.9951,4.949382,4.9067640000000035,3294.715,285.3175,283.9072,13.13425,-272.8031,-174.1019,40367910000000.0,39406770000000.0,3644442000000.0,0.5436205,1.984949e-06,1.178878e-07,-1.815308e-06,1.497786e-07,1.969999e-06,-3.750332e-06,-3.040776e-06,4.407097e-06,37196140000000.0,3258590000000.0,0.4845445,1.884408e-06,1.094878e-07,-1.725601e-06,1.395744e-07,1.867178e-06,-3.562599e-06,-2.888927e-06,4.180512e-06,24028520000000.0,1846093000000.0,0.3083941,1.438971e-06,7.671674e-08,-1.323976e-06,9.906713e-08,1.416917e-06,-2.726704e-06,-2.212087e-06,3.182369e-06,1200330000000.0,62410000000000.0,1.140491,12110000000000.0,-0.9213328
1198,0.9983,5.60792,6.883533000000005,3287.917,322.842,398.8318,-169.0893,366.9982,-459.5668,34697180000000.0,28930330000000.0,2715078000000.0,0.4834368,1.415759e-06,6.651847e-07,-7.182319e-07,6.852787e-07,1.987574e-06,-2.096935e-06,-1.591823e-06,3.733503e-06,26431370000000.0,2392208000000.0,0.4303684,1.316875e-06,6.041696e-07,-6.824515e-07,6.22713e-07,1.833699e-06,-1.964826e-06,-1.494958e-06,3.457401e-06,18646130000000.0,1422755000000.0,0.2832954,9.593509e-07,4.039687e-07,-5.328686e-07,4.170597e-07,1.298284e-06,-1.467002e-06,-1.124595e-06,2.480372e-06,916802300000.0,93950000000000.0,1.151752,18410000000000.0,-0.931788
1199,0.9991,6.875396,5.488939000000006,3290.53,396.7643,318.4912,352.9903,-280.6883,57.09685,43828010000000.0,14993790000000.0,1032368000000.0,0.3893555,5.079808e-07,-5.623462e-07,-1.055899e-06,-5.50776e-07,-8.413399e-08,-1.553322e-06,-1.371015e-06,5.371636e-07,13263740000000.0,869950400000.0,0.3450433,4.526708e-07,-4.905245e-07,-9.302948e-07,-4.802528e-07,-6.450948e-08,-1.37355e-06,-1.211083e-06,4.890701e-07,9515293000000.0,460553700000.0,0.2260468,2.83416e-07,-2.810088e-07,-5.562335e-07,-2.746824e-07,-1.462693e-08,-8.337345e-07,-7.319884e-07,3.317812e-07,571863300000.0,51940000000000.0,0.8672721,7664000000000.0,-0.7471064
1202,0.9959,6.430632000000001,5.542357000000006,3285.181,370.2706,320.7967,239.5329,-185.4278,80.76556,45077500000000.0,44500810000000.0,3925926000000.0,0.5587483,2.235498e-06,-1.088706e-06,-3.257037e-06,-1.046582e-06,9.953537e-07,-5.442355e-06,-4.639832e-06,3.724113e-06,42770760000000.0,3646938000000.0,0.5052357,2.151669e-06,-1.024331e-06,-3.111131e-06,-9.84014e-07,9.808539e-07,-5.214486e-06,-4.441988e-06,3.606913e-06,29603130000000.0,2442437000000.0,0.3291803,1.742161e-06,-7.559683e-07,-2.444782e-06,-7.24176e-07,8.648809e-07,-4.147773e-06,-3.52204e-06,2.989748e-06,1249138000000.0,240800000000000.0,1.52994,62680000000000.0,-1.363349
1203,1.0003,5.763476,6.791529,3292.376,332.307,394.0905,-110.7121,55.89666,-405.5938,33159350000000.0,30564270000000.0,2609273000000.0,0.4984581,1.373015e-06,5.274157e-07,-8.127486e-07,5.474251e-07,1.809031e-06,-2.149624e-06,-1.659734e-06,3.49996e-06,28353650000000.0,2339122000000.0,0.4428516,1.303409e-06,4.889993e-07,-7.830811e-07,5.078577e-07,1.705194e-06,-2.052167e-06,-1.587074e-06,3.310158e-06,20664520000000.0,1492886000000.0,0.2923238,1.018008e-06,3.477977e-07,-6.452636e-07,3.620664e-07,1.296184e-06,-1.636415e-06,-1.273029e-06,2.548904e-06,948715000000.0,150900000000000.0,1.267058,32530000000000.0,-1.06227
1205,1.0023,6.937558000000001,5.035847999999999,3300.165,401.559,292.9526,367.3642,-475.623,227.3594,39502880000000.0,37388370000000.0,3513939000000.0,0.5257348,1.92281e-06,-1.424447e-06,-3.28922e-06,-1.384589e-06,3.733884e-07,-5.172574e-06,-4.480989e-06,2.719064e-06,35466090000000.0,3195537000000.0,0.474538,1.832411e-06,-1.330951e-06,-3.107853e-06,-1.293144e-06,3.817707e-07,-4.902623e-06,-4.243509e-06,2.616842e-06,23451830000000.0,1917117000000.0,0.3057015,1.3637e-06,-9.059466e-07,-2.22761e-06,-8.784747e-07,3.664932e-07,-3.563167e-06,-3.072481e-06,2.028669e-06,1130998000000.0,119100000000000.0,1.296433,26270000000000.0,-1.0791
1206,1.0068,6.711187,5.151627999999997,3311.832,389.7064,300.6414,279.7816,167.7713,307.2536,44308580000000.0,21529550000000.0,1700068000000.0,0.4366179,1.232633e-06,-1.048214e-06,-2.244262e-06,-1.021478e-06,1.076164e-07,-3.451047e-06,-3.008306e-06,1.612642e-06,20280070000000.0,1455376000000.0,0.3942673,1.095054e-06,-9.185587e-07,-1.981033e-06,-8.948836e-07,1.080165e-07,-3.053114e-06,-2.659768e-06,1.444929e-06,11822030000000.0,644123600000.0,0.242987,5.970581e-07,-4.66428e-07,-1.045484e-06,-4.537532e-07,9.253967e-08,-1.629989e-06,-1.415459e-06,8.210706e-07,766021500000.0,44950000000000.0,1.046596,8004000000000.0,-0.8088504
1207,1.0064,4.854755,5.584787000000007,3319.943,281.9787,325.8021,-133.67,-243.7278,-378.5804,61513000000000.0,57187870000000.0,5304593000000.0,0.6066331,3.781517e-06,1.260108e-06,-2.42399e-06,1.304153e-06,4.760052e-06,-6.103958e-06,-4.752663e-06,9.405255e-06,53439420000000.0,4788715000000.0,0.542148,3.581418e-06,1.164606e-06,-2.323995e-06,1.205776e-06,4.477584e-06,-5.809193e-06,-4.529238e-06,8.876035e-06,32005980000000.0,2792845000000.0,0.336743,2.599237e-06,7.599839e-07,-1.769933e-06,7.879076e-07,3.158091e-06,-4.299195e-06,-3.369669e-06,6.346911e-06,1574382000000.0,293100000000000.0,2.013352,100400000000000.0,-1.763
1208,1.0064,5.122127000000001,6.562141999999995,3312.839,296.9526,382.6184,-130.7552,354.7624,-569.4168,40271790000000.0,27776970000000.0,2851746000000.0,0.4769784,1.554638e-06,6.137447e-07,-9.049486e-07,6.36046e-07,2.065474e-06,-2.419615e-06,-1.864555e-06,3.981731e-06,25470230000000.0,2454920000000.0,0.4265413,1.413189e-06,5.482046e-07,-8.321614e-07,5.683504e-07,1.867419e-06,-2.208985e-06,-1.704397e-06,3.60908e-06,16243280000000.0,1248373000000.0,0.2697143,8.875036e-07,3.199003e-07,-5.465811e-07,3.321988e-07,1.147193e-06,-1.411166e-06,-1.094192e-06,2.240305e-06,911640000000.0,126300000000000.0,1.243934,26730000000000.0,-1.03059
1209,1.0003,4.984322,4.969683999999994,3307.474,288.4545,288.6949,-216.0771,-331.3887,-249.2276,54304450000000.0,25085770000000.0,2766350000000.0,0.4606989,1.860199e-06,1.043359e-06,-7.738596e-07,1.066211e-06,2.774315e-06,-2.58278e-06,-1.919735e-06,5.068089e-06,22394580000000.0,2235078000000.0,0.4067555,1.612479e-06,8.901771e-07,-6.848847e-07,9.098309e-07,2.390117e-06,-2.2529e-06,-1.678106e-06,4.378156e-06,11629800000000.0,846226300000.0,0.2414077,8.291688e-07,4.290827e-07,-3.804917e-07,4.38844e-07,1.199257e-06,-1.186766e-06,-8.910936e-07,2.220938e-06,875995100000.0,66990000000000.0,1.289761,14700000000000.0,-0.99792
1211,1.0055,7.141219,5.950223000000003,3301.305,413.6113,346.7716,76.60582,11.7403,-319.5818,43731900000000.0,37772830000000.0,3739974000000.0,0.5274605,2.279109e-06,-2.111679e-07,-2.427285e-06,-1.738952e-07,1.911392e-06,-4.650741e-06,-3.834725e-06,4.703315e-06,35562200000000.0,3342312000000.0,0.4733671,2.148565e-06,-1.949252e-07,-2.283864e-06,-1.600355e-07,1.805264e-06,-4.379949e-06,-3.610597e-06,4.436855e-06,25854680000000.0,2036615000000.0,0.3138246,1.599449e-06,-1.333767e-07,-1.687654e-06,-1.082084e-07,1.353048e-06,-3.24799e-06,-2.675019e-06,3.310732e-06,1103722000000.0,139100000000000.0,1.458209,34510000000000.0,-1.19592
1212,1.0035,6.930359,4.817921999999995,3304.554,401.6717,280.5821,264.601,-194.1063,248.5067,55265590000000.0,49402630000000.0,5120834000000.0,0.5791466,3.449528e-06,-1.6269e-06,-4.967872e-06,-1.564169e-06,1.577548e-06,-8.341573e-06,-7.101196e-06,5.779458e-06,46711440000000.0,4684656000000.0,0.5192943,3.293886e-06,-1.518351e-06,-4.708151e-06,-1.458886e-06,1.540122e-06,-7.929596e-06,-6.745055e-06,5.551719e-06,37196140000000.0,3258472000000.0,0.3576121,2.697746e-06,-1.148972e-06,-3.760151e-06,-1.101624e-06,1.351662e-06,-6.398468e-06,-5.427905e-06,4.634991e-06,1333871000000.0,148900000000000.0,1.628287,41250000000000.0,-1.397
1213,1.0015,6.529774,4.898804999999996,3301.75,377.9251,284.8383,58.95194,-243.6244,369.6156,30372040000000.0,27488620000000.0,2434407000000.0,0.4803616,1.149988e-06,-1.960824e-07,-1.31599e-06,-1.75277e-07,8.807742e-07,-2.438556e-06,-2.027097e-06,2.292253e-06,25854680000000.0,2163211000000.0,0.4290196,1.078116e-06,-1.798842e-07,-1.229692e-06,-1.604801e-07,8.293392e-07,-2.282085e-06,-1.896314e-06,2.152424e-06,17012190000000.0,1230409000000.0,0.2751473,7.603636e-07,-1.157958e-07,-8.55851e-07,-1.024376e-07,5.949111e-07,-1.59803e-06,-1.325867e-06,1.527469e-06,909873500000.0,110700000000000.0,1.106501,20840000000000.0,-0.903969
1221,1.0072,5.696438,6.504633000000002,3311.697,330.3433,379.4654,-59.87658,14.09866,-292.2701,57476210000000.0,46999780000000.0,5084177000000.0,0.5709195,3.540054e-06,5.849127e-07,-2.859238e-06,6.318134e-07,3.865111e-06,-6.307239e-06,-5.040963e-06,8.205632e-06,44500810000000.0,4643437000000.0,0.5118716,3.38774e-06,5.475913e-07,-2.747948e-06,5.920378e-07,3.685261e-06,-6.047575e-06,-4.835646e-06,7.838295e-06,33351580000000.0,3103498000000.0,0.3415416,2.721601e-06,4.01908e-07,-2.244097e-06,4.360401e-07,2.917584e-06,-4.894842e-06,-3.920727e-06,6.251356e-06,1283094000000.0,213400000000000.0,1.743181,63290000000000.0,-1.512
1227,1.0072,6.733877,5.265215000000001,3312.1,391.0678,307.3464,274.8467,-197.1797,51.29813,42097960000000.0,39983450000000.0,3712981000000.0,0.5386152,2.054789e-06,-1.182204e-06,-3.175456e-06,-1.14169e-06,7.368216e-07,-5.18493e-06,-4.447219e-06,3.245215e-06,37580600000000.0,3350124000000.0,0.4844495,1.948523e-06,-1.098496e-06,-2.988472e-06,-1.060274e-06,7.206568e-07,-4.894008e-06,-4.194391e-06,3.099e-06,23355720000000.0,1877584000000.0,0.3030451,1.389756e-06,-7.172609e-07,-2.064602e-06,-6.906743e-07,5.780751e-07,-3.423651e-06,-2.924458e-06,2.273283e-06,1213898000000.0,125200000000000.0,1.326221,28250000000000.0,-1.11672
1228,1.0072,6.882567,5.5728420000000005,3309.699,399.4959,325.279,201.2743,-128.1463,-306.8432,31813760000000.0,29122560000000.0,2541465000000.0,0.4872877,1.296872e-06,-5.08473e-07,-1.769065e-06,-4.839651e-07,7.044654e-07,-3.036088e-06,-2.571339e-06,2.292115e-06,26815820000000.0,2274800000000.0,0.4321561,1.220676e-06,-4.659213e-07,-1.6523e-06,-4.42999e-07,6.752809e-07,-2.844865e-06,-2.407381e-06,2.169401e-06,20664520000000.0,1509412000000.0,0.2929802,9.701448e-07,-3.399105e-07,-1.282393e-06,-3.220928e-07,5.657814e-07,-2.230158e-06,-1.882347e-06,1.752569e-06,891150400000.0,138700000000000.0,1.21663,28710000000000.0,-1.013889
1229,1.0076,6.716357,5.191630000000003,3314.446,390.3173,303.2311,-115.5862,91.23377,162.4569,37292260000000.0,35177750000000.0,3073414000000.0,0.5142356,1.635322e-06,3.59284e-07,-1.234998e-06,3.845789e-07,1.885878e-06,-2.827816e-06,-2.244027e-06,3.896702e-06,31621530000000.0,2691660000000.0,0.4551635,1.529779e-06,3.28175e-07,-1.16305e-06,3.516699e-07,1.755706e-06,-2.653062e-06,-2.106898e-06,3.636473e-06,17973330000000.0,1377876000000.0,0.2779035,1.070451e-06,2.092698e-07,-8.337137e-07,2.252021e-07,1.20655e-06,-1.87632e-06,-1.493987e-06,2.521755e-06,1121818000000.0,95360000000000.0,1.20622,19570000000000.0,-0.982773
1233,1.0104,5.394983000000001,5.929405000000001,3325.013,314.0126,346.868,78.56853,-60.81974,-291.1834,42866870000000.0,39502880000000.0,3903506000000.0,0.5369298,2.26487e-06,-2.066819e-07,-2.409332e-06,-1.693008e-07,1.90381e-06,-4.618802e-06,-3.808055e-06,4.678976e-06,37196140000000.0,3489492000000.0,0.4795746,2.140956e-06,-1.910996e-07,-2.273002e-06,-1.560056e-07,1.803149e-06,-4.361574e-06,-3.595111e-06,4.426077e-06,24028520000000.0,2004750000000.0,0.3057935,1.562417e-06,-1.277093e-07,-1.64627e-06,-1.028814e-07,1.325145e-06,-3.170416e-06,-2.610831e-06,3.23799e-06,1164545000000.0,105800000000000.0,1.323299,23820000000000.0,-1.09197
1235,1.0096,6.773477,5.353486999999995,3317.293,394.0058,313.0446,41.74475,-211.6961,-128.9856,28353650000000.0,16435510000000.0,1599195000000.0,0.401438,1.022249e-06,-1.072253e-08,-1.006088e-06,6.418472e-09,9.441169e-07,-2.00286e-06,-1.637413e-06,2.198841e-06,13744310000000.0,1209506000000.0,0.3461815,8.592889e-07,-8.877385e-09,-8.454984e-07,5.458337e-09,7.935159e-07,-1.683369e-06,-1.376156e-06,1.8481e-06,8169696000000.0,462222600000.0,0.2149149,4.600437e-07,-4.502639e-09,-4.522694e-07,3.025931e-09,4.246134e-07,-9.008401e-07,-7.3632e-07,9.88971e-07,649531200000.0,45330000000000.0,1.104988,8522000000000.0,-0.719829
1238,1.0132,6.605508,5.700554999999995,3326.376,385.1989,334.2679,59.87312,-66.87328,-112.8079,63339170000000.0,50844340000000.0,5703131000000.0,0.579975,4.506049e-06,-3.008126e-07,-4.674627e-06,-2.347956e-07,3.871266e-06,-9.069365e-06,-7.454068e-06,9.378325e-06,40752360000000.0,4548819000000.0,0.4940093,4.009168e-06,-2.615133e-07,-4.152405e-06,-2.034387e-07,3.448419e-06,-8.062519e-06,-6.62513e-06,8.347134e-06,27392510000000.0,2375745000000.0,0.3186647,2.574352e-06,-1.580894e-07,-2.655404e-06,-1.219573e-07,2.220462e-06,-5.166121e-06,-4.242782e-06,5.364116e-06,1474994000000.0,120800000000000.0,1.730201,35560000000000.0,-1.405834
1242,1.0157,5.779224,4.903065999999999,3341.16,338.1587,288.0828,159.5211,-252.323,-461.7748,68817670000000.0,62281910000000.0,6392064000000.0,0.6195882,4.910475e-06,-7.369541e-07,-5.500076e-06,-6.637651e-07,3.805824e-06,-1.029446e-05,-8.531164e-06,9.800112e-06,59014040000000.0,5828671000000.0,0.5583607,4.686807e-06,-6.884233e-07,-5.233905e-06,-6.192449e-07,3.645257e-06,-9.809841e-06,-8.126665e-06,9.365349e-06,40560140000000.0,3668967000000.0,0.3631612,3.62906e-06,-4.860608e-07,-4.0032e-06,-4.349897e-07,2.861572e-06,-7.546186e-06,-6.242144e-06,7.286477e-06,1613102000000.0,264400000000000.0,2.088957,93970000000000.0,-1.817
1244,1.0136,6.610688,5.252129,3329.022,385.8103,308.0671,73.42377,339.135,16.99206,31525410000000.0,20087840000000.0,1597476000000.0,0.4273821,7.579899e-07,-2.84054e-07,-1.022149e-06,-2.692046e-07,4.277328e-07,-1.762378e-06,-1.491206e-06,1.357964e-06,18357790000000.0,1424248000000.0,0.3819363,7.053055e-07,-2.575298e-07,-9.442516e-07,-2.437808e-07,4.04561e-07,-1.633022e-06,-1.38068e-06,1.270017e-06,13071510000000.0,859876800000.0,0.249122,5.085951e-07,-1.674613e-07,-6.624379e-07,-1.577583e-07,3.092843e-07,-1.159086e-06,-9.770623e-07,9.329991e-07,694637500000.0,137000000000000.0,1.01507,23660000000000.0,-0.87318
1245,1.0136,6.714602,4.919940000000004,3330.523,392.1071,288.6743,24.25614,55.63826,279.2514,29026450000000.0,26815820000000.0,2170948000000.0,0.4702345,1.014877e-06,-1.534266e-07,-1.141559e-06,-1.351327e-07,7.966901e-07,-2.131797e-06,-1.768867e-06,2.042167e-06,25374110000000.0,1949871000000.0,0.4232727,9.530121e-07,-1.407295e-07,-1.068535e-06,-1.23644e-07,7.511694e-07,-1.998402e-06,-1.657568e-06,1.920567e-06,17108300000000.0,1130204000000.0,0.2724034,6.817849e-07,-9.154002e-08,-7.54999e-07,-7.961459e-08,5.455697e-07,-1.420207e-06,-1.176285e-06,1.381658e-06,881436100000.0,111300000000000.0,1.11057,21030000000000.0,-0.9114665
1246,1.0181,6.860716,5.461738000000006,3337.732,401.5882,321.4393,189.7791,-233.7832,-19.05275,51901600000000.0,40175680000000.0,4389705000000.0,0.5383917,3.031415e-06,-9.374479e-07,-3.879066e-06,-8.844526e-07,1.883164e-06,-6.840083e-06,-5.752506e-06,5.585968e-06,35658320000000.0,3735364000000.0,0.4731136,2.797151e-06,-8.448335e-07,-3.558734e-06,-7.963425e-07,1.756507e-06,-6.290906e-06,-5.28725e-06,5.172492e-06,22394580000000.0,1988511000000.0,0.2984714,1.926278e-06,-5.333583e-07,-2.401219e-06,-5.011006e-07,1.254475e-06,-4.282694e-06,-3.591169e-06,3.605057e-06,1214511000000.0,199900000000000.0,1.672727,56890000000000.0,-1.39095
1249,1.0165,5.72827,6.186073000000003,3336.095,334.649,363.4101,282.7193,-50.81829,-199.2916,29507020000000.0,28449760000000.0,2505971000000.0,0.481141,1.192128e-06,-7.895785e-07,-1.946765e-06,-7.653369e-07,3.261757e-07,-3.112681e-06,-2.684894e-06,1.782741e-06,27680850000000.0,2330238000000.0,0.4350622,1.150417e-06,-7.461188e-07,-1.86272e-06,-7.22821e-07,3.302885e-07,-2.987833e-06,-2.574987e-06,1.735729e-06,22106240000000.0,1670178000000.0,0.2972355,9.68308e-07,-5.776443e-07,-1.517139e-06,-5.583853e-07,3.272429e-07,-2.464116e-06,-2.116521e-06,1.509617e-06,861174400000.0,208700000000000.0,1.229879,43670000000000.0,-1.06524
1251,1.0185,5.985164,6.125522999999995,3340.211,350.1959,360.4354,350.9372,-113.5278,-165.1866,30275930000000.0,21529550000000.0,2042531000000.0,0.4448068,9.89342e-07,-9.339195e-07,-1.894432e-06,-9.120058e-07,-4.60194e-09,-2.862924e-06,-2.507789e-06,1.204308e-06,19511160000000.0,1700976000000.0,0.3855628,8.799671e-07,-8.077518e-07,-1.661968e-06,-7.883649e-07,1.84881e-08,-2.523375e-06,-2.207474e-06,1.09357e-06,14032650000000.0,940504800000.0,0.2544705,6.139707e-07,-5.233186e-07,-1.119111e-06,-5.09997e-07,5.250153e-08,-1.720106e-06,-1.499639e-06,8.022579e-07,741047100000.0,57970000000000.0,0.925191,9125000000000.0,-0.7187911
1252,1.025,6.731507,5.467606000000003,3354.911,395.9819,323.356,99.58266,-141.4732,26.303,40079570000000.0,35850550000000.0,3432939000000.0,0.5137421,1.815568e-06,-3.69052e-07,-2.134587e-06,-3.368185e-07,1.326732e-06,-3.906358e-06,-3.256519e-06,3.55113e-06,33639920000000.0,3088300000000.0,0.4639079,1.72064e-06,-3.428318e-07,-2.015904e-06,-3.124426e-07,1.263782e-06,-3.695031e-06,-3.079119e-06,3.371616e-06,20376180000000.0,1630068000000.0,0.2880389,1.212566e-06,-2.208031e-07,-1.399316e-06,-1.999471e-07,9.096313e-07,-2.58261e-06,-2.148391e-06,2.394148e-06,1081253000000.0,71920000000000.0,1.128615,13810000000000.0,-0.920205
1253,1.0193,4.91876,5.519215000000001,3352.167,288.4877,325.1089,-208.7447,81.80949,-81.31431,48345380000000.0,44020240000000.0,4491731000000.0,0.5612015,2.8435e-06,1.135465e-06,-1.636197e-06,1.169555e-06,3.771505e-06,-4.401943e-06,-3.386971e-06,7.267397e-06,42482420000000.0,4095718000000.0,0.4996644,2.717667e-06,1.058856e-06,-1.589802e-06,1.091077e-06,3.577088e-06,-4.233145e-06,-3.262974e-06,6.917668e-06,30948730000000.0,2792649000000.0,0.332056,2.222673e-06,7.921902e-07,-1.372904e-06,8.173639e-07,2.847983e-06,-3.53475e-06,-2.740914e-06,5.578125e-06,1222442000000.0,262000000000000.0,1.707427,76110000000000.0,-1.487
1254,1.0234,5.361634,6.340713999999999,3354.294,314.8081,374.3682,81.2301,322.951,-492.1815,35466090000000.0,31813760000000.0,2998243000000.0,0.4941124,1.595318e-06,-2.180382e-07,-1.77141e-06,-1.90267e-07,1.273262e-06,-3.329109e-06,-2.757859e-06,3.230714e-06,28449760000000.0,2642022000000.0,0.4399353,1.500445e-06,-2.006286e-07,-1.661445e-06,-1.746661e-07,1.20146e-06,-3.126476e-06,-2.589159e-06,3.042212e-06,19991730000000.0,1535799000000.0,0.286271,1.099023e-06,-1.345914e-07,-1.204031e-06,-1.160814e-07,8.907115e-07,-2.277022e-06,-1.883326e-06,2.238075e-06,996725000000.0,129500000000000.0,1.25586,27670000000000.0,-1.02762
1256,1.0197,5.59464,6.413412000000001,3343.978,327.5641,377.679,64.6639,262.5458,-518.8307,32390440000000.0,26239140000000.0,2486752000000.0,0.4656668,1.248884e-06,-1.006615e-07,-1.317496e-06,-7.89637e-08,1.067859e-06,-2.536619e-06,-2.089697e-06,2.601627e-06,23547950000000.0,2143299000000.0,0.4111505,1.148352e-06,-9.048863e-08,-1.209231e-06,-7.066215e-08,9.835527e-07,-2.330191e-06,-1.919215e-06,2.393625e-06,16819960000000.0,1223773000000.0,0.2708521,7.850627e-07,-5.687107e-08,-8.213131e-07,-4.365871e-08,6.762546e-07,-1.587586e-06,-1.306537e-06,1.639614e-06,851460100000.0,99770000000000.0,1.142299,19390000000000.0,-0.911097
1257,1.0209,6.60084,5.390533000000004,3346.805,387.2882,317.9157,243.7369,74.66344,-9.594356,70547720000000.0,56130610000000.0,6232454000000.0,0.6001417,4.86845e-06,-1.955291e-06,-6.665886e-06,-1.872074e-06,2.551597e-06,-1.142555e-05,-9.674169e-06,8.474464e-06,54112220000000.0,5800411000000.0,0.5532836,4.693497e-06,-1.854135e-06,-6.394962e-06,-1.774427e-06,2.489161e-06,-1.098356e-05,-9.294956e-06,8.198348e-06,42001850000000.0,3780296000000.0,0.3670798,3.759715e-06,-1.363645e-06,-4.998889e-06,-1.302106e-06,2.108274e-06,-8.674479e-06,-7.321107e-06,6.677878e-06,1441434000000.0,170600000000000.0,1.881115,54600000000000.0,-1.622
1258,1.0193,5.570914,6.06858,3345.401,326.3049,357.3527,340.6028,-130.7499,-137.558,33736040000000.0,29410900000000.0,2838428000000.0,0.4841659,1.520951e-06,-1.152969e-06,-2.627979e-06,-1.121168e-06,2.700643e-07,-4.116524e-06,-3.57015e-06,2.125902e-06,27488620000000.0,2547934000000.0,0.4346487,1.439687e-06,-1.067495e-06,-2.463546e-06,-1.037543e-06,2.790246e-07,-3.872543e-06,-3.355319e-06,2.035455e-06,19991730000000.0,1585327000000.0,0.2863548,1.103436e-06,-7.484899e-07,-1.817981e-06,-7.260361e-07,2.819292e-07,-2.897848e-06,-2.501281e-06,1.627293e-06,923502400000.0,114100000000000.0,1.205917,23410000000000.0,-0.980298
1259,1.0238,6.498231,6.061776999999996,3350.043,381.5844,358.0564,97.17877,-289.5183,-356.1423,31909870000000.0,29987590000000.0,2635417000000.0,0.4856134,1.274614e-06,-8.56175e-08,-1.327131e-06,-6.364482e-08,1.106325e-06,-2.570866e-06,-2.114908e-06,2.671222e-06,27680850000000.0,2391440000000.0,0.4358573,1.214518e-06,-7.979046e-08,-1.262646e-06,-5.896714e-08,1.05558e-06,-2.447723e-06,-2.013233e-06,2.546491e-06,20280070000000.0,1508008000000.0,0.2872155,9.400811e-07,-5.634413e-08,-9.714931e-07,-4.062687e-08,8.211603e-07,-1.88873e-06,-1.552309e-06,1.974469e-06,923317800000.0,154100000000000.0,1.205275,31600000000000.0,-1.0197
1261,1.0214,6.973539000000001,5.745073999999999,3343.159,408.9212,338.8548,496.606,-242.5062,-338.4392,31621530000000.0,31140960000000.0,2697349000000.0,0.5035009,1.272473e-06,-1.429335e-06,-2.662731e-06,-1.400285e-06,-2.358927e-07,-3.910763e-06,-3.4526e-06,1.314986e-06,30756500000000.0,2555685000000.0,0.4658186,1.239093e-06,-1.36888e-06,-2.569826e-06,-1.340671e-06,-2.070124e-07,-3.785094e-06,-3.338934e-06,1.303031e-06,24605200000000.0,1783707000000.0,0.3081295,1.038927e-06,-1.048451e-06,-2.054929e-06,-1.02519e-06,-7.559488e-08,-3.073767e-06,-2.699596e-06,1.189773e-06,919903900000.0,156100000000000.0,1.17929,31320000000000.0,-1.02366
1263,1.0218,6.0277,6.497395999999999,3345.653,353.2778,383.1534,302.9555,-187.8113,-435.4812,73911720000000.0,48441490000000.0,5150668000000.0,0.5693651,4.447509e-06,-1.823973e-06,-6.13505e-06,-1.744191e-06,2.310057e-06,-1.048465e-05,-8.885849e-06,7.733288e-06,42290190000000.0,4228363000000.0,0.4995838,4.0399e-06,-1.61903e-06,-5.534364e-06,-1.547189e-06,2.134097e-06,-9.485256e-06,-8.032806e-06,7.059224e-06,16435510000000.0,1344101000000.0,0.2686503,2.065948e-06,-7.526833e-07,-2.753449e-06,-7.174242e-07,1.161875e-06,-4.773731e-06,-4.030541e-06,3.678018e-06,1597600000000.0,59590000000000.0,1.515025,15360000000000.0,-1.21077
1264,1.0209,5.575792,6.052332999999994,3349.174,326.9608,356.7937,-60.6158,-49.46603,-240.6784,49306520000000.0,33543810000000.0,4140073000000.0,0.5034758,2.762723e-06,4.796451e-07,-2.210062e-06,5.183644e-07,3.046083e-06,-4.900897e-06,-3.913377e-06,6.436765e-06,31909870000000.0,3647253000000.0,0.4586383,2.568541e-06,4.391632e-07,-2.06125e-06,4.749068e-07,2.824405e-06,-4.562947e-06,-3.644757e-06,5.976344e-06,21145090000000.0,1901200000000.0,0.2930198,1.711218e-06,2.704858e-07,-1.394458e-06,2.933778e-07,1.856651e-06,-3.06111e-06,-2.449102e-06,3.955005e-06,1031137000000.0,139100000000000.0,1.549479,36670000000000.0,-1.230022
1266,1.0214,6.181145,7.018030000000005,3340.237,361.7537,413.601,183.4217,-41.45612,-247.6501,84003690000000.0,75834000000000.0,8197472000000.0,0.6602971,6.687929e-06,-1.457692e-06,-7.934934e-06,-1.356205e-06,4.719425e-06,-1.446609e-05,-1.206261e-05,1.286703e-05,71701090000000.0,7411628000000.0,0.5949281,6.361861e-06,-1.360348e-06,-7.520955e-06,-1.26469e-06,4.512822e-06,-1.373365e-05,-1.144707e-05,1.226175e-05,47095890000000.0,4215531000000.0,0.3814786,4.62165e-06,-9.105526e-07,-5.383103e-06,-8.441129e-07,3.346453e-06,-9.896252e-06,-8.234188e-06,8.970763e-06,2096810000000.0,94810000000000.0,1.852372,29880000000000.0,-1.557
1267,1.0234,6.971698,5.690799999999998,3348.27,409.4371,336.1442,158.1481,-403.0908,-251.4821,82273640000000.0,58052900000000.0,6246547000000.0,0.6035678,5.194289e-06,-7.038082e-07,-5.74354e-06,-6.260833e-07,4.104206e-06,-1.081402e-05,-8.949606e-06,1.044748e-05,52478280000000.0,5525145000000.0,0.5361273,4.855e-06,-6.413594e-07,-5.351044e-06,-5.695682e-07,3.84985e-06,-1.009025e-05,-8.347364e-06,9.777332e-06,35754430000000.0,3350013000000.0,0.3496522,3.604609e-06,-4.343754e-07,-3.928603e-06,-3.835978e-07,2.892071e-06,-7.447044e-06,-6.152277e-06,7.288688e-06,1541304000000.0,147400000000000.0,1.870552,46910000000000.0,-1.628
1268,1.023,6.347205,6.118364999999999,3349.346,372.5645,361.242,330.6327,-198.0157,-330.2403,32005980000000.0,28834220000000.0,2534653000000.0,0.4821365,1.293329e-06,-8.800899e-07,-2.135597e-06,-8.535862e-07,3.306233e-07,-3.401189e-06,-2.936771e-06,1.910745e-06,27488620000000.0,2278745000000.0,0.4338609,1.218253e-06,-8.098391e-07,-1.992322e-06,-7.850078e-07,3.301553e-07,-3.184426e-06,-2.746932e-06,1.818317e-06,18742240000000.0,1368075000000.0,0.27988,9.044525e-07,-5.460224e-07,-1.42345e-06,-5.280338e-07,2.988757e-07,-2.308423e-06,-1.9835e-06,1.402937e-06,924425100000.0,176600000000000.0,1.298336,39010000000000.0,-1.07811
1269,1.0209,4.920668,5.620910999999996,3355.28,288.8682,331.446,-338.7067,331.4541,-345.411,71508870000000.0,51324910000000.0,5460301000000.0,0.5804947,4.139816e-06,2.480261e-06,-1.562983e-06,2.520706e-06,6.31209e-06,-5.585727e-06,-4.109631e-06,1.141508e-05,48441490000000.0,4814516000000.0,0.5217373,3.838168e-06,2.252659e-06,-1.495423e-06,2.289633e-06,5.803561e-06,-5.224991e-06,-3.856299e-06,1.053377e-05,31237070000000.0,2584845000000.0,0.3325139,2.626585e-06,1.421861e-06,-1.141499e-06,1.445648e-06,3.846904e-06,-3.693612e-06,-2.756528e-06,7.081224e-06,1420160000000.0,114200000000000.0,1.689174,32820000000000.0,-1.420289
1270,1.0226,6.828315,5.88313,3345.708,400.6286,347.2125,226.01,-228.4649,-313.7479,38349510000000.0,33832150000000.0,3154864000000.0,0.5041052,1.685022e-06,-6.643419e-07,-2.301782e-06,-6.326815e-07,9.105506e-07,-3.948388e-06,-3.344247e-06,2.972511e-06,31525410000000.0,2830435000000.0,0.451779,1.59022e-06,-6.123707e-07,-2.157505e-06,-5.82666e-07,8.733486e-07,-3.711448e-06,-3.141249e-06,2.818998e-06,22586810000000.0,1761204000000.0,0.2994997,1.221164e-06,-4.32373e-07,-1.618379e-06,-4.100845e-07,7.068512e-07,-2.811625e-06,-2.37361e-06,2.200059e-06,1017333000000.0,106700000000000.0,1.221246,22170000000000.0,-1.017356
1271,1.025,6.034195,6.8929960000000055,3350.785,354.2037,407.3308,117.2587,150.8013,-265.9771,45461950000000.0,28449760000000.0,2002363000000.0,0.482038,1.060776e-06,-3.025362e-07,-1.334923e-06,-2.826326e-07,6.912628e-07,-2.370569e-06,-1.990975e-06,1.992212e-06,27584740000000.0,1807055000000.0,0.431662,9.705392e-07,-2.708241e-07,-1.215308e-06,-2.526924e-07,6.381802e-07,-2.162847e-06,-1.815521e-06,1.828327e-06,17588870000000.0,1022973000000.0,0.2747522,6.692891e-07,-1.699657e-07,-8.210125e-07,-1.577356e-07,4.560059e-07,-1.474417e-06,-1.234819e-06,1.276274e-06,943394200000.0,62800000000000.0,1.011737,10810000000000.0,-0.901395
1272,1.0304,5.890151,5.962067000000004,3370.906,347.7636,353.9087,-17.34566,8.212905,-196.1143,40464020000000.0,33351580000000.0,3372319000000.0,0.5160392,1.895896e-06,1.595005e-07,-1.68667e-06,1.893807e-07,1.927222e-06,-3.534313e-06,-2.856736e-06,4.254646e-06,31333190000000.0,2908194000000.0,0.4504621,1.746117e-06,1.428591e-07,-1.557223e-06,1.701314e-07,1.770139e-06,-3.25889e-06,-2.634766e-06,3.913283e-06,19991730000000.0,1604055000000.0,0.2851568,1.231261e-06,9.190767e-08,-1.106291e-06,1.105091e-07,1.237368e-06,-2.306188e-06,-1.865894e-06,2.747549e-06,1046239000000.0,102700000000000.0,1.277968,22330000000000.0,-1.036
1273,1.0296,5.909833,5.8289180000000025,3369.698,348.8089,345.8379,211.3268,-138.6981,57.38242,48825950000000.0,26335250000000.0,2515576000000.0,0.4649508,1.516301e-06,-7.61557e-07,-2.234215e-06,-7.318354e-07,6.569144e-07,-3.716049e-06,-3.172447e-06,2.511159e-06,24220740000000.0,2169395000000.0,0.4164375,1.404435e-06,-6.902852e-07,-2.054155e-06,-6.629044e-07,6.230672e-07,-3.426658e-06,-2.923115e-06,2.340272e-06,14801570000000.0,1078177000000.0,0.2598348,9.313596e-07,-4.175261e-07,-1.321547e-06,-3.998243e-07,4.519834e-07,-2.231708e-06,-1.897641e-06,1.590014e-06,888551400000.0,120400000000000.0,1.266814,25950000000000.0,-1.0692
1274,1.0308,5.192548,6.261165999999998,3373.869,306.6037,371.6895,126.7369,426.8768,-445.0269,28738110000000.0,21817890000000.0,2069486000000.0,0.4344966,1.004372e-06,-3.134125e-07,-1.291262e-06,-2.946193e-07,6.27527e-07,-2.272846e-06,-1.912955e-06,1.859511e-06,20760640000000.0,1899461000000.0,0.4002018,9.527977e-07,-2.916725e-07,-1.219213e-06,-2.739264e-07,6.006721e-07,-2.150371e-06,-1.808941e-06,1.769237e-06,15378250000000.0,1176670000000.0,0.2641704,7.152823e-07,-1.993615e-07,-8.953129e-07,-1.863591e-07,4.694615e-07,-1.594272e-06,-1.33788e-06,1.346121e-06,727408500000.0,182200000000000.0,1.196493,37090000000000.0,-0.99
1275,1.0304,7.004499000000001,5.573219000000003,3366.252,413.5921,330.9454,-160.6078,-489.2606,-303.9709,49402630000000.0,44596930000000.0,4755224000000.0,0.5559206,2.990144e-06,1.466971e-06,-1.45197e-06,1.502075e-06,4.242928e-06,-4.361008e-06,-3.293885e-06,7.925855e-06,42001850000000.0,4308453000000.0,0.4962731,2.867883e-06,1.376378e-06,-1.422855e-06,1.409717e-06,4.037738e-06,-4.212896e-06,-3.189317e-06,7.56947e-06,30564270000000.0,2813288000000.0,0.3290485,2.359615e-06,1.041958e-06,-1.259962e-06,1.068261e-06,3.227928e-06,-3.555375e-06,-2.71289e-06,6.131684e-06,1238011000000.0,174200000000000.0,1.534863,45490000000000.0,-1.31769
1276,1.0304,6.198169,6.371173999999996,3366.322,365.5907,378.0888,104.4056,-331.4281,21.2533,30564270000000.0,26431370000000.0,1870874000000.0,0.4635876,1.041889e-06,-1.870521e-07,-1.201192e-06,-1.682307e-07,7.879416e-07,-2.218059e-06,-1.845289e-06,2.065999e-06,24316860000000.0,1555676000000.0,0.4152857,9.393978e-07,-1.661469e-07,-1.080456e-06,-1.492461e-07,7.127131e-07,-1.997287e-06,-1.661167e-06,1.86493e-06,2114509000000.0,113783700000.0,0.1383543,1.752639e-07,-2.868766e-08,-1.992002e-07,-2.560532e-08,1.350538e-07,-3.702484e-07,-3.075173e-07,3.499038e-07,1178575000000.0,22230000000000.0,0.9417948,3562000000000.0,-0.628848
1277,1.0308,6.217563,6.4135849999999985,3367.293,366.8495,380.7505,75.63689,-579.0908,-274.4437,34216610000000.0,29891470000000.0,2614024000000.0,0.4824047,1.353088e-06,6.30404e-08,-1.256372e-06,8.549991e-08,1.328576e-06,-2.576736e-06,-2.092744e-06,2.992085e-06,27104170000000.0,2302672000000.0,0.4300241,1.263209e-06,5.747681e-08,-1.17413e-06,7.83057e-08,1.238479e-06,-2.406753e-06,-1.954879e-06,2.791222e-06,16435510000000.0,1260073000000.0,0.2702387,8.763406e-07,3.613253e-08,-8.177792e-07,5.014065e-08,8.539592e-07,-1.672803e-06,-1.359212e-06,1.93033e-06,978049000000.0,124400000000000.0,1.224663,25920000000000.0,-1.005087
1278,1.0349,5.898404,6.932829000000004,3375.485,348.7275,412.6258,22.69545,283.7648,-425.8549,31909870000000.0,30756500000000.0,2702341000000.0,0.4944503,1.286514e-06,1.263486e-10,-1.253969e-06,2.223289e-08,1.204422e-06,-2.50914e-06,-2.049158e-06,2.785598e-06,29795360000000.0,2437585000000.0,0.4475898,1.222429e-06,1.178938e-10,-1.191403e-06,2.102914e-08,1.144111e-06,-2.384032e-06,-1.946939e-06,2.646351e-06,16435510000000.0,1218271000000.0,0.2680341,8.318461e-07,7.274777e-11,-8.103243e-07,1.391924e-08,7.772769e-07,-1.621829e-06,-1.324292e-06,1.798837e-06,1028190000000.0,73970000000000.0,1.048866,13200000000000.0,-0.83754
1279,1.0378,4.882692,6.681334,3390.11,289.6033,398.5731,204.0262,360.1519,-552.5466,57380100000000.0,52093820000000.0,5664530000000.0,0.5812255,4.021887e-06,-1.152252e-06,-5.052652e-06,-1.086256e-06,2.577368e-06,-8.984244e-06,-7.538514e-06,7.484607e-06,50267660000000.0,5225759000000.0,0.5291667,3.874143e-06,-1.089997e-06,-4.846645e-06,-1.026867e-06,2.501173e-06,-8.63374e-06,-7.241001e-06,7.227362e-06,37388370000000.0,3454294000000.0,0.350938,3.092507e-06,-7.979661e-07,-3.794745e-06,-7.494246e-07,2.062646e-06,-6.8175e-06,-5.70525e-06,5.832048e-06,1375277000000.0,183100000000000.0,1.766176,55020000000000.0,-1.500949
1280,1.0345,5.851589,5.8443460000000025,3381.961,346.6039,347.9851,-217.6884,103.2355,-71.05556,31621530000000.0,26335250000000.0,2288343000000.0,0.4634712,1.228392e-06,6.766594e-07,-5.232632e-07,6.93867e-07,1.823596e-06,-1.718117e-06,-1.280475e-06,3.338287e-06,22490690000000.0,1916456000000.0,0.4018148,1.121222e-06,6.006474e-07,-4.944451e-07,6.162079e-07,1.64705e-06,-1.585048e-06,-1.185542e-06,3.029344e-06,15089910000000.0,1068868000000.0,0.2630662,8.007922e-07,3.942245e-07,-3.875691e-07,4.049944e-07,1.140474e-06,-1.166478e-06,-8.810391e-07,2.127144e-06,881704300000.0,146800000000000.0,1.262408,31530000000000.0,-1.02069
1281,1.0382,5.561129,6.246178999999999,3390.134,330.0836,372.8059,-105.3796,-34.54373,-308.8741,29699250000000.0,27584740000000.0,2165016000000.0,0.468195,1.038765e-06,4.037706e-07,-6.104114e-07,4.196879e-07,1.375276e-06,-1.621786e-06,-1.251366e-06,2.65511e-06,26335250000000.0,1940467000000.0,0.4236796,9.743819e-07,3.711737e-07,-5.800636e-07,3.860207e-07,1.282192e-06,-1.528745e-06,-1.18126e-06,2.482556e-06,17396650000000.0,1054685000000.0,0.2714919,6.785881e-07,2.373247e-07,-4.248731e-07,2.473952e-07,8.709109e-07,-1.085543e-06,-8.434635e-07,1.706415e-06,915537400000.0,62010000000000.0,1.017044,10730000000000.0,-0.796752
1282,1.0329,6.520674,7.058053999999996,3365.319,384.6598,419.3839,198.6423,-199.8647,132.8754,53535530000000.0,44885270000000.0,5053863000000.0,0.5589795,3.423235e-06,-1.171442e-06,-4.490315e-06,-1.111717e-06,2.009215e-06,-7.835207e-06,-6.605971e-06,6.185404e-06,41425160000000.0,4284949000000.0,0.4936166,3.121909e-06,-1.046877e-06,-4.073203e-06,-9.928361e-07,1.852456e-06,-7.123643e-06,-6.002478e-06,5.660345e-06,22298460000000.0,1964731000000.0,0.2976215,1.925932e-06,-5.989757e-07,-2.464932e-06,-5.666973e-07,1.186297e-06,-4.346723e-06,-3.65474e-06,3.533687e-06,1354637000000.0,111300000000000.0,1.589546,30100000000000.0,-1.25532
1283,1.0366,5.037988,6.024790999999995,3390.52,298.8973,359.2291,185.4981,588.9951,-638.3934,40944590000000.0,39502880000000.0,3560640000000.0,0.5274391,2.027342e-06,-7.495389e-07,-2.72121e-06,-7.124277e-07,1.144383e-06,-4.70516e-06,-3.976866e-06,3.626678e-06,37484490000000.0,3256786000000.0,0.4760792,1.937531e-06,-7.016642e-07,-2.585732e-06,-6.663953e-07,1.107665e-06,-4.481715e-06,-3.785649e-06,3.479585e-06,27969190000000.0,2113218000000.0,0.3201811,1.549114e-06,-5.177845e-07,-2.023313e-06,-4.902573e-07,9.265163e-07,-3.538976e-06,-2.982319e-06,2.821593e-06,1122277000000.0,95480000000000.0,1.283499,20850000000000.0,-1.06524
1284,1.0374,5.8247160000000004,6.9984679999999955,3381.85,344.9898,417.3017,-192.6218,356.5808,-341.8002,39983450000000.0,25662460000000.0,2041513000000.0,0.4587126,1.097145e-06,5.941104e-07,-4.783448e-07,6.099972e-07,1.620121e-06,-1.546466e-06,-1.155304e-06,2.973891e-06,23644060000000.0,1798987000000.0,0.4089368,1.019779e-06,5.380909e-07,-4.5861e-07,5.527435e-07,1.491369e-06,-1.451389e-06,-1.087782e-06,2.749461e-06,15570480000000.0,1012757000000.0,0.261918,7.145487e-07,3.405606e-07,-3.574356e-07,3.504836e-07,1.007364e-06,-1.053005e-06,-7.981396e-07,1.888258e-06,850453800000.0,132900000000000.0,1.205156,27250000000000.0,-1.030338
1285,1.0362,6.573438,5.332629,3384.43,390.0019,317.9987,-130.6868,-32.90059,82.48769,38445630000000.0,34889410000000.0,3574327000000.0,0.5143901,2.009742e-06,5.459471e-07,-1.412406e-06,5.741307e-07,2.415548e-06,-3.368934e-06,-2.651313e-06,4.885242e-06,32774900000000.0,3222435000000.0,0.4559088,1.909117e-06,5.057391e-07,-1.354334e-06,5.322734e-07,2.280972e-06,-3.212895e-06,-2.531129e-06,4.626616e-06,25950800000000.0,2220207000000.0,0.3109494,1.555209e-06,3.786987e-07,-1.135884e-06,3.996084e-07,1.822593e-06,-2.649892e-06,-2.094286e-06,3.732236e-06,1007955000000.0,185900000000000.0,1.423719,45030000000000.0,-1.20087
1288,1.0387,5.06579,5.957943999999999,3395.52,300.9986,355.7534,54.99546,345.5628,-262.7455,69971040000000.0,29603130000000.0,2709710000000.0,0.4834186,1.548061e-06,-2.180751e-07,-1.724774e-06,-1.910614e-07,1.228557e-06,-3.235696e-06,-2.681611e-06,3.127194e-06,27969190000000.0,2368233000000.0,0.434363,1.426691e-06,-1.967055e-07,-1.585118e-06,-1.719637e-07,1.136008e-06,-2.977565e-06,-2.466877e-06,2.885522e-06,16243280000000.0,1150801000000.0,0.2651888,8.871197e-07,-1.110657e-07,-9.73909e-07,-9.614668e-08,7.161109e-07,-1.839688e-06,-1.522007e-06,1.803161e-06,965654200000.0,88510000000000.0,1.221212,18390000000000.0,-1.07217
1289,1.0333,6.079445,6.8193309999999965,3371.257,359.0603,405.4319,6.306649,-16.0745,-460.1172,61320770000000.0,24893540000000.0,2942068000000.0,0.454025,2.317172e-06,2.419817e-07,-2.01485e-06,2.771667e-07,2.400262e-06,-4.273584e-06,-3.44499e-06,5.245216e-06,22202350000000.0,2399227000000.0,0.4032904,2.005087e-06,2.060322e-07,-1.746638e-06,2.362784e-07,2.07298e-06,-3.70114e-06,-2.984085e-06,4.53442e-06,15186020000000.0,1122364000000.0,0.2613654,1.157962e-06,1.125316e-07,-1.014729e-06,1.295737e-07,1.189342e-06,-2.14344e-06,-1.729207e-06,2.61012e-06,870776100000.0,46000000000000.0,1.211813,9484000000000.0,-0.940408
1290,1.0362,5.859238,6.401913000000003,3381.921,347.056,381.4504,-104.315,118.7052,-372.4622,64780880000000.0,54496680000000.0,6084022000000.0,0.5873708,4.368075e-06,9.873785e-07,-3.264085e-06,1.04143e-06,5.030189e-06,-7.517107e-06,-5.954985e-06,1.038885e-05,51517140000000.0,5506048000000.0,0.531462,4.144287e-06,9.190063e-07,-3.114128e-06,9.697665e-07,4.753016e-06,-7.149224e-06,-5.666974e-06,9.836248e-06,34504950000000.0,3233716000000.0,0.3418296,3.048496e-06,6.195188e-07,-2.34533e-06,6.549419e-07,3.433636e-06,-5.313395e-06,-4.222478e-06,7.169549e-06,1462691000000.0,152900000000000.0,1.755984,45680000000000.0,-1.481663
1291,1.0337,5.780747,5.202924999999995,3383.842,342.5694,309.7028,148.1552,9.825604,1.388468,35273860000000.0,30564270000000.0,3080668000000.0,0.4901625,1.649101e-06,-5.719875e-07,-2.173869e-06,-5.416311e-07,9.676679e-07,-3.784297e-06,-3.193382e-06,2.98494e-06,27392510000000.0,2696252000000.0,0.4301149,1.534123e-06,-5.179318e-07,-2.007933e-06,-4.898982e-07,9.137238e-07,-3.506074e-06,-2.956294e-06,2.790015e-06,22875150000000.0,1833792000000.0,0.305165,1.226045e-06,-3.853673e-07,-1.575711e-06,-3.634313e-07,7.573091e-07,-2.772987e-06,-2.333465e-06,2.256054e-06,923346700000.0,151600000000000.0,1.307345,33720000000000.0,-1.07514
1292,1.0324,6.054529,6.555455999999996,3370.72,357.5207,389.523,19.32912,-83.18909,-239.6709,43731900000000.0,41425160000000.0,3781538000000.0,0.5371764,2.218182e-06,8.158458e-08,-2.077066e-06,1.161991e-07,2.147142e-06,-4.239381e-06,-3.446041e-06,4.867754e-06,39022310000000.0,3417741000000.0,0.4835857,2.120268e-06,7.639789e-08,-1.986758e-06,1.092685e-07,2.050089e-06,-4.053616e-06,-3.295228e-06,4.65025e-06,22010120000000.0,1836320000000.0,0.2958873,1.562079e-06,5.093684e-08,-1.468225e-06,7.42821e-08,1.502248e-06,-2.990919e-06,-2.431915e-06,3.416433e-06,1254354000000.0,138900000000000.0,1.40826,33280000000000.0,-1.18998
1294,1.032,6.723337,5.743508000000003,3371.011,397.3948,341.405,-94.29339,-194.3241,-387.1005,34697180000000.0,34408840000000.0,2953566000000.0,0.5202614,1.385165e-06,5.511296e-07,-8.010852e-07,5.713307e-07,1.844351e-06,-2.149826e-06,-1.655615e-06,3.550544e-06,33928270000000.0,2752647000000.0,0.4688165,1.339424e-06,5.212969e-07,-7.861458e-07,5.407216e-07,1.771451e-06,-2.090332e-06,-1.612411e-06,3.421102e-06,23355720000000.0,1830341000000.0,0.3014953,1.099178e-06,3.891747e-07,-6.832899e-07,4.046751e-07,1.413644e-06,-1.753492e-06,-1.361172e-06,2.766615e-06,1031577000000.0,168300000000000.0,1.210448,34660000000000.0,-1.07415
1295,1.0445,5.398468,5.346910999999998,3412.008,322.4376,320.763,-20.19345,-42.81325,-222.5178,54592790000000.0,43347440000000.0,4841822000000.0,0.5454829,3.401651e-06,2.617922e-07,-3.043452e-06,3.069944e-07,3.407938e-06,-6.358058e-06,-5.139907e-06,7.571334e-06,42290190000000.0,4577684000000.0,0.5039155,3.306508e-06,2.499157e-07,-2.962552e-06,2.935088e-07,3.306969e-06,-6.184438e-06,-5.00025e-06,7.353345e-06,36907800000000.0,3412451000000.0,0.3480282,2.83896e-06,1.971609e-07,-2.55963e-06,2.330961e-07,2.817195e-06,-5.325882e-06,-4.308669e-06,6.288928e-06,1145239000000.0,359100000000000.0,1.916652,117100000000000.0,-1.69482
1296,1.0399,6.960123,5.387467000000005,3389.857,413.8275,322.0611,-149.5469,-158.8211,-68.6465,32774900000000.0,23163490000000.0,2122239000000.0,0.4410639,1.109316e-06,5.351432e-07,-5.481539e-07,5.515798e-07,1.572067e-06,-1.62764e-06,-1.232298e-06,2.939356e-06,21529550000000.0,1890669000000.0,0.3953614,1.043778e-06,4.920738e-07,-5.271225e-07,5.074382e-07,1.46741e-06,-1.542828e-06,-1.170811e-06,2.753748e-06,16435510000000.0,1177317000000.0,0.2666735,7.880374e-07,3.400157e-07,-4.291498e-07,3.512953e-07,1.075351e-06,-1.195979e-06,-9.150129e-07,2.045976e-06,764858500000.0,163300000000000.0,1.182723,32860000000000.0,-1.001
1297,1.0424,6.412146,7.101133000000005,3389.191,380.8862,424.872,1.67418,244.5858,-63.15525,64684770000000.0,52766620000000.0,5866251000000.0,0.5807686,4.469053e-06,-1.53886e-07,-4.492333e-06,-9.06031e-08,3.980643e-06,-8.850348e-06,-7.248323e-06,9.443331e-06,50171540000000.0,5294175000000.0,0.524867,4.244249e-06,-1.434008e-07,-4.263083e-06,-8.385731e-08,3.781388e-06,-8.401859e-06,-6.880245e-06,8.968374e-06,36619460000000.0,3275039000000.0,0.3487434,3.211765e-06,-9.987223e-08,-3.215472e-06,-5.681338e-08,2.863816e-06,-6.347349e-06,-5.195263e-06,6.785686e-06,1403592000000.0,183400000000000.0,1.877058,58570000000000.0,-1.58796
1298,1.0407,5.267699,6.802641999999999,3393.988,312.921,406.5845,249.8214,210.1753,-662.0555,33639920000000.0,17012190000000.0,1485132000000.0,0.4026956,8.059636e-07,-4.394035e-07,-1.22417e-06,-4.230569e-07,3.178083e-07,-2.012949e-06,-1.723821e-06,1.306285e-06,14801570000000.0,1163736000000.0,0.3490709,6.791104e-07,-3.631571e-07,-1.024329e-06,-3.494441e-07,2.746631e-07,-1.688936e-06,-1.445304e-06,1.107436e-06,9515293000000.0,517404700000.0,0.2225701,3.751521e-07,-1.883154e-07,-5.534106e-07,-1.808577e-07,1.636219e-07,-9.205103e-07,-7.859009e-07,6.23425e-07,632173000000.0,42330000000000.0,0.9278122,6682000000000.0,-0.7060435
1299,1.0391,5.258316,6.037088999999996,3395.081,312.4611,360.577,77.40024,58.08845,-378.9897,57187870000000.0,54785020000000.0,5882745000000.0,0.6012214,4.506565e-06,-2.941178e-07,-4.66508e-06,-2.324952e-07,3.865208e-06,-9.061271e-06,-7.443932e-06,9.366551e-06,53439420000000.0,5431691000000.0,0.5371951,4.349469e-06,-2.776587e-07,-4.495651e-06,-2.188012e-07,3.734708e-06,-8.738555e-06,-7.177408e-06,9.043245e-06,44885270000000.0,4016801000000.0,0.3727859,3.778181e-06,-2.236431e-07,-3.885696e-06,-1.744943e-07,3.255418e-06,-7.571193e-06,-6.214491e-06,7.863391e-06,1384417000000.0,233000000000000.0,1.979725,78480000000000.0,-1.690894
1301,1.0412,5.467845,5.326289999999998,3402.788,325.7239,318.692,131.9382,-227.2613,-169.1903,29410900000000.0,28161420000000.0,2546073000000.0,0.4705599,1.239003e-06,-2.951397e-07,-1.5002e-06,-2.728598e-07,8.627969e-07,-2.709675e-06,-2.266096e-06,2.38102e-06,27104170000000.0,2377653000000.0,0.4315993,1.201878e-06,-2.813874e-07,-1.450255e-06,-2.598599e-07,8.415801e-07,-2.623483e-06,-2.19317e-06,2.314169e-06,21048980000000.0,1632152000000.0,0.2888468,9.960274e-07,-2.134242e-07,-1.181706e-06,-1.959777e-07,7.159432e-07,-2.153961e-06,-1.797233e-06,1.935654e-06,864274000000.0,206700000000000.0,1.252016,44030000000000.0,-1.0692
1302,1.0428,6.813427,4.857719000000004,3401.499,406.4127,291.139,146.0414,-100.216,-208.6558,29507020000000.0,20376180000000.0,1669270000000.0,0.4229621,8.075235e-07,-2.707616e-07,-1.056594e-06,-2.55262e-07,4.86323e-07,-1.84505e-06,-1.5561e-06,1.476563e-06,17492760000000.0,1407122000000.0,0.3728105,7.287308e-07,-2.386612e-07,-9.477436e-07,-2.24749e-07,4.443115e-07,-1.659262e-06,-1.398484e-06,1.337805e-06,12879280000000.0,813563600000.0,0.2556966,5.105088e-07,-1.553051e-07,-6.518792e-07,-1.457328e-07,3.225915e-07,-1.150319e-06,-9.675798e-07,9.482354e-07,712758800000.0,71740000000000.0,0.9979017,12180000000000.0,-0.783684
1303,1.0399,5.017022,5.932138000000006,3398.976,298.3895,354.5354,-134.5064,772.8492,-104.6551,30468160000000.0,26239140000000.0,2267653000000.0,0.4603665,1.105757e-06,2.347125e-07,-8.456781e-07,2.527016e-07,1.270994e-06,-1.924787e-06,-1.52948e-06,2.63386e-06,24509090000000.0,1990782000000.0,0.4134825,1.035872e-06,2.15587e-07,-7.964017e-07,2.323509e-07,1.18606e-06,-1.807271e-06,-1.436933e-06,2.462601e-06,14224880000000.0,979395100000.0,0.2544286,6.979851e-07,1.325624e-07,-5.489376e-07,1.435588e-07,7.854278e-07,-1.22996e-06,-9.803669e-07,1.644952e-06,880585500000.0,99260000000000.0,1.094875,18490000000000.0,-0.878427
1304,1.0403,5.220021,6.649130000000001,3394.421,310.1125,397.3458,201.9163,202.349,-312.2325,34312720000000.0,30756500000000.0,2842797000000.0,0.4892149,1.432565e-06,-6.702309e-07,-2.062521e-06,-6.423647e-07,6.706831e-07,-3.462682e-06,-2.949124e-06,2.424002e-06,27680850000000.0,2483204000000.0,0.4308914,1.340257e-06,-6.118331e-07,-1.914258e-06,-5.859102e-07,6.421984e-07,-3.22418e-06,-2.743673e-06,2.282287e-06,18165560000000.0,1421585000000.0,0.2753726,9.867938e-07,-4.124977e-07,-1.370998e-06,-3.938402e-07,5.094235e-07,-2.33541e-06,-1.981504e-06,1.716241e-06,968214600000.0,132900000000000.0,1.204714,27240000000000.0,-0.9999
1305,1.0416,5.887494,6.225141000000005,3396.11,350.2046,372.4078,-404.0538,-54.12612,-506.242,41040710000000.0,31333190000000.0,2878366000000.0,0.4897244,1.679093e-06,1.824651e-06,1.783213e-07,1.841492e-06,3.38863e-06,-1.451842e-06,-8.549699e-07,5.46946e-06,28641990000000.0,2519224000000.0,0.4365881,1.567802e-06,1.66696e-06,1.299515e-07,1.682514e-06,3.126693e-06,-1.392126e-06,-8.347724e-07,5.069268e-06,19222810000000.0,1461023000000.0,0.287776,1.119849e-06,1.090914e-06,-6.329873e-09,1.10149e-06,2.131767e-06,-1.093416e-06,-6.951724e-07,3.518279e-06,982295400000.0,124100000000000.0,1.328504,28050000000000.0,-1.096
1306,1.0424,6.532988,7.055746999999996,3388.141,388.0061,422.0989,-14.88342,-226.7804,20.00296,64300310000000.0,55746160000000.0,5963076000000.0,0.5911878,4.401921e-06,2.770176e-07,-4.000658e-06,3.369144e-07,4.351526e-06,-8.290307e-06,-6.714112e-06,9.740085e-06,51517140000000.0,5225955000000.0,0.5285846,4.099517e-06,2.530913e-07,-3.730191e-06,3.083227e-07,4.045941e-06,-7.725131e-06,-6.257043e-06,9.063405e-06,24124630000000.0,2191770000000.0,0.3024763,2.397441e-06,1.363152e-07,-2.191738e-06,1.671312e-07,2.349709e-06,-4.527972e-06,-3.66895e-06,5.28152e-06,1589323000000.0,87110000000000.0,1.638259,24280000000000.0,-1.31274
1307,1.0407,5.409637,6.236792999999997,3397.363,321.7219,372.9403,-264.5437,164.5113,-451.9837,45558070000000.0,31237070000000.0,3514640000000.0,0.4872494,2.147308e-06,1.383431e-06,-7.15541e-07,1.408849e-06,3.381462e-06,-2.803373e-06,-2.038159e-06,6.031332e-06,29410900000000.0,3117741000000.0,0.4392287,2.005392e-06,1.264719e-06,-6.952773e-07,1.288222e-06,3.129921e-06,-2.645092e-06,-1.930386e-06,5.604229e-06,22106240000000.0,1911021000000.0,0.2970812,1.495495e-06,8.70236e-07,-5.906542e-07,8.870574e-07,2.258859e-06,-2.044614e-06,-1.511433e-06,4.10276e-06,941173000000.0,158400000000000.0,1.41857,38230000000000.0,-1.17711
1309,1.0437,4.987996,6.036187999999997,3407.423,297.3916,361.6804,-170.376,356.047,-506.8741,45365840000000.0,43443560000000.0,4370638000000.0,0.5527752,2.704961e-06,1.007205e-06,-1.631228e-06,1.040665e-06,3.518212e-06,-4.264768e-06,-3.298384e-06,6.845917e-06,41905730000000.0,3998306000000.0,0.4934988,2.595101e-06,9.445136e-07,-1.586416e-06,9.763036e-07,3.352503e-06,-4.112942e-06,-3.185726e-06,6.544478e-06,33736040000000.0,2814132000000.0,0.3381311,2.171988e-06,7.305826e-07,-1.386622e-06,7.562005e-07,2.742693e-06,-3.501061e-06,-2.724754e-06,5.412425e-06,1176017000000.0,176600000000000.0,1.556938,46780000000000.0,-1.325673
1311,1.0416,5.170017,6.720963000000006,3397.629,307.4159,402.0256,-43.28272,393.6707,-671.3522,33255470000000.0,32198210000000.0,2722848000000.0,0.4929934,1.411451e-06,2.996471e-07,-1.078367e-06,3.214911e-07,1.619049e-06,-2.455294e-06,-1.9506e-06,3.357032e-06,30179820000000.0,2448286000000.0,0.4435801,1.337256e-06,2.78169e-07,-1.027245e-06,2.987378e-07,1.527772e-06,-2.331746e-06,-1.853558e-06,3.174134e-06,18550010000000.0,1353141000000.0,0.2775396,9.588384e-07,1.813134e-07,-7.541125e-07,1.955896e-07,1.075678e-06,-1.68932e-06,-1.34635e-06,2.255207e-06,1044832000000.0,124000000000000.0,1.243781,26240000000000.0,-1.01574
1313,1.0441,4.887508,6.0394929999999984,3408.828,291.491,361.9742,-100.0417,843.8391,-306.912,32774900000000.0,28545880000000.0,2375551000000.0,0.4743952,1.202565e-06,1.905634e-07,-9.844929e-07,2.101967e-07,1.317507e-06,-2.15886e-06,-1.728559e-06,2.799538e-06,26143030000000.0,2041775000000.0,0.4214019,1.102092e-06,1.707604e-07,-9.059589e-07,1.886397e-07,1.203137e-06,-1.982151e-06,-1.587786e-06,2.561091e-06,13744310000000.0,920554500000.0,0.2508663,6.863833e-07,9.73375e-08,-5.728261e-07,1.08168e-07,7.392141e-07,-1.242942e-06,-9.972832e-07,1.584287e-06,979409000000.0,61580000000000.0,1.058507,11090000000000.0,-0.821997
1314,1.0407,5.216272,6.692709000000003,3395.487,309.9859,400.097,26.28113,54.15468,-568.3888,31621530000000.0,30948730000000.0,2448514000000.0,0.4938643,1.116012e-06,1.092998e-07,-9.794381e-07,1.280207e-07,1.154288e-06,-2.068067e-06,-1.669195e-06,2.527312e-06,30468160000000.0,2273498000000.0,0.4531475,1.072783e-06,1.033086e-07,-9.431728e-07,1.212331e-07,1.107577e-06,-1.989616e-06,-1.606177e-06,2.427279e-06,21625660000000.0,1362936000000.0,0.2923846,7.946398e-07,6.995116e-08,-7.048488e-07,8.291687e-08,8.127922e-07,-1.479908e-06,-1.195809e-06,1.789744e-06,969004700000.0,55260000000000.0,0.9697123,9117000000000.0,-0.792
1315,1.0504,7.097826,5.867665999999999,3411.254,424.7627,353.2806,151.0431,-181.8593,-362.1114,42001850000000.0,37388370000000.0,3813901000000.0,0.5161123,2.216477e-06,-4.276573e-07,-2.582311e-06,-3.896044e-07,1.638752e-06,-4.746215e-06,-3.952056e-06,4.352669e-06,34793290000000.0,3407055000000.0,0.4653273,2.094244e-06,-3.967154e-07,-2.432337e-06,-3.60966e-07,1.555075e-06,-4.476887e-06,-3.726466e-06,4.118976e-06,24220740000000.0,1932989000000.0,0.3038113,1.499689e-06,-2.634749e-07,-1.720528e-06,-2.385297e-07,1.132095e-06,-3.184573e-06,-2.647004e-06,2.966992e-06,1115669000000.0,92730000000000.0,1.296209,20450000000000.0,-1.04346
1316,1.0462,5.699991000000001,6.440659999999996,3406.765,340.0398,386.4891,-171.1287,-86.11807,-472.9105,31044840000000.0,29122560000000.0,2606387000000.0,0.4764009,1.213183e-06,7.455656e-07,-4.4061e-07,7.623797e-07,1.879231e-06,-1.621121e-06,-1.188799e-06,3.37679e-06,27776970000000.0,2379863000000.0,0.4343101,1.153212e-06,6.953533e-07,-4.320822e-07,7.112433e-07,1.772667e-06,-1.55422e-06,-1.143245e-06,3.196023e-06,17877220000000.0,1339782000000.0,0.2743339,8.207933e-07,4.532911e-07,-3.487855e-07,4.642628e-07,1.21894e-06,-1.147408e-06,-8.548085e-07,2.231384e-06,928136100000.0,79020000000000.0,1.033903,13900000000000.0,-0.837998
1317,1.0466,4.986269,7.110823,3407.815,297.3223,426.7345,0.1106916,271.7197,-328.5073,43924130000000.0,39406770000000.0,3904900000000.0,0.5275747,2.266314e-06,8.336046e-08,-2.122917e-06,1.189084e-07,2.194882e-06,-4.332773e-06,-3.522048e-06,4.975601e-06,35754430000000.0,3409742000000.0,0.4680289,2.107254e-06,7.576214e-08,-1.975403e-06,1.08553e-07,2.038239e-06,-4.030137e-06,-3.276236e-06,4.623343e-06,20952870000000.0,1773073000000.0,0.2882762,1.421606e-06,4.662285e-08,-1.336353e-06,6.795546e-08,1.368015e-06,-2.722463e-06,-2.213629e-06,3.110641e-06,1216881000000.0,98470000000000.0,1.33406,22350000000000.0,-1.07514
1319,1.0495,5.192350000000001,5.336259000000003,3424.769,311.2174,321.2104,461.1789,420.4517,-281.9272,41809620000000.0,32871010000000.0,3122895000000.0,0.4956071,1.740761e-06,-1.890517e-06,-3.57598e-06,-1.850687e-06,-2.603816e-07,-5.284058e-06,-4.656622e-06,1.858018e-06,29891470000000.0,2742974000000.0,0.4409091,1.614462e-06,-1.7108e-06,-3.273744e-06,-1.674064e-06,-1.996159e-07,-4.857845e-06,-4.275884e-06,1.764713e-06,22490690000000.0,1669318000000.0,0.2972842,1.192578e-06,-1.166993e-06,-2.320928e-06,-1.140384e-06,-5.244683e-08,-3.490961e-06,-3.060949e-06,1.397623e-06,1032807000000.0,109500000000000.0,1.281805,23880000000000.0,-1.055
1321,1.0487,5.312604,5.7931070000000044,3420.007,318.0232,348.4728,88.81574,-57.19159,-481.5278,36907800000000.0,33736040000000.0,3213545000000.0,0.4994378,1.625969e-06,-1.399372e-07,-1.723497e-06,-1.118022e-07,1.38045e-06,-3.310296e-06,-2.728526e-06,3.376352e-06,31044840000000.0,2852230000000.0,0.4462014,1.538839e-06,-1.296125e-07,-1.628158e-06,-1.03131e-07,1.308822e-06,-3.129902e-06,-2.579269e-06,3.197509e-06,20183950000000.0,1597357000000.0,0.2842712,1.147415e-06,-8.857334e-08,-1.205428e-06,-6.931279e-08,9.823842e-07,-2.325114e-06,-1.91441e-06,2.389797e-06,1040082000000.0,78950000000000.0,1.097355,14740000000000.0,-0.8983417
1322,1.0504,5.351811,4.839556999999996,3428.987,321.2252,291.5954,159.4537,-193.9635,-88.67162,46519210000000.0,38733970000000.0,4028804000000.0,0.5222651,2.492281e-06,-6.670193e-07,-3.086369e-06,-6.241519e-07,1.652055e-06,-5.519982e-06,-4.626252e-06,4.697977e-06,35466090000000.0,3605113000000.0,0.4677181,2.34183e-06,-6.11748e-07,-2.884737e-06,-5.717947e-07,1.566296e-06,-5.171426e-06,-4.331547e-06,4.427811e-06,24316860000000.0,2160818000000.0,0.3030719,1.735207e-06,-4.132511e-07,-2.096482e-06,-3.84661e-07,1.197384e-06,-3.790787e-06,-3.168154e-06,3.315998e-06,1128708000000.0,225600000000000.0,1.610875,61830000000000.0,-1.37016
1323,1.0508,7.171455,5.855531999999997,3411.793,429.2829,352.6573,-93.49788,-396.6132,-256.5416,45942520000000.0,41809620000000.0,4326811000000.0,0.5362834,2.577177e-06,8.804646e-07,-1.632669e-06,9.143079e-07,3.2759e-06,-4.141565e-06,-3.221218e-06,6.445661e-06,39502880000000.0,3942539000000.0,0.4831299,2.467144e-06,8.269355e-07,-1.578639e-06,8.590845e-07,3.119282e-06,-3.980391e-06,-3.099266e-06,6.153267e-06,28161420000000.0,2487643000000.0,0.3171731,1.91576e-06,5.890695e-07,-1.277893e-06,6.13071e-07,2.365965e-06,-3.142782e-06,-2.4583e-06,4.720193e-06,1175268000000.0,163700000000000.0,1.490051,41500000000000.0,-1.25928
1325,1.0542,7.004074,5.729946000000003,3421.946,420.4091,345.9436,-102.9025,-249.9853,-94.17824,44596930000000.0,39118420000000.0,3906794000000.0,0.5342611,2.340569e-06,6.8734e-07,-1.593521e-06,7.189611e-07,2.862593e-06,-3.871988e-06,-3.036106e-06,5.738962e-06,37965060000000.0,3600275000000.0,0.484088,2.255221e-06,6.494434e-07,-1.54803e-06,6.796899e-07,2.744665e-06,-3.743402e-06,-2.937932e-06,5.515773e-06,26431370000000.0,2270099000000.0,0.311047,1.799353e-06,4.709109e-07,-1.281439e-06,4.940917e-07,2.139556e-06,-3.032998e-06,-2.390049e-06,4.348908e-06,1132478000000.0,179700000000000.0,1.49083,45580000000000.0,-1.27215
1326,1.0558,5.209348,5.329554999999996,3440.246,313.6529,322.263,282.2182,57.72591,-305.4284,474322900000000.0,468556100000000.0,59704760000000.0,1.195108,0.0001628737,-1.70239e-05,-0.0001709278,-1.81687e-05,0.0001215999,-0.00032991,-0.00027006,0.0003132347,462693100000000.0,56619880000000.0,1.093944,0.0001594736,-1.643364e-05,-0.0001670805,-1.760184e-05,0.0001191514,-0.0003227396,-0.0002641241,0.0003067068,381092300000000.0,42405980000000.0,0.7547363,0.0001389957,-1.33595e-05,-0.0001444498,-1.460459e-05,0.000104122,-0.0002800997,-0.0002289391,0.0002672136,6742522000000.0,344800000000000.0,7.585681,445000000000000.0,-6.79932
1329,1.0542,5.160292,6.0679350000000065,3431.449,309.8887,366.2584,-32.75728,316.162,-386.2627,31237070000000.0,19799500000000.0,1877974000000.0,0.4174594,9.258481e-07,1.185015e-07,-7.848356e-07,1.341087e-07,9.858393e-07,-1.687677e-06,-1.356954e-06,2.125208e-06,17781100000000.0,1601957000000.0,0.3714462,8.378643e-07,1.048418e-07,-7.125566e-07,1.188809e-07,8.894732e-07,-1.529585e-06,-1.230269e-06,1.920411e-06,12783170000000.0,846935200000.0,0.2437086,5.592525e-07,6.46385e-08,-4.807238e-07,7.379849e-08,5.876612e-07,-1.026034e-06,-8.261931e-07,1.275402e-06,684468700000.0,72960000000000.0,0.9949103,12350000000000.0,-0.779229
1330,1.0516,5.302213,6.6878660000000005,3421.378,317.5249,402.9089,-157.574,267.9209,-398.2908,59590720000000.0,52382170000000.0,5509129000000.0,0.5779487,4.083121e-06,1.167128e-06,-2.807169e-06,1.212131e-06,4.936289e-06,-6.781231e-06,-5.320807e-06,9.945504e-06,49594860000000.0,5068256000000.0,0.5211946,3.912102e-06,1.093438e-06,-2.71382e-06,1.135987e-06,4.702885e-06,-6.521382e-06,-5.121957e-06,9.501298e-06,41040710000000.0,3605984000000.0,0.3597446,3.22735e-06,8.301087e-07,-2.308842e-06,8.633119e-07,3.801655e-06,-5.449802e-06,-4.294754e-06,7.756888e-06,1350412000000.0,256800000000000.0,1.980265,86520000000000.0,-1.715
1332,1.0575,5.18822,5.299357000000003,3444.05,312.7192,320.7701,-450.6367,366.7239,-110.1318,69394360000000.0,40560140000000.0,4279788000000.0,0.5277544,3.446088e-06,2.620735e-06,-7.4953e-07,2.651208e-06,5.811354e-06,-4.095122e-06,-2.868098e-06,1.006739e-05,36907800000000.0,3670143000000.0,0.4715074,3.160766e-06,2.355957e-06,-7.348038e-07,2.383472e-06,5.280973e-06,-3.803347e-06,-2.67779e-06,9.183833e-06,22394580000000.0,1782424000000.0,0.2938499,2.051289e-06,1.407073e-06,-5.974722e-07,1.423674e-06,3.301245e-06,-2.588784e-06,-1.857947e-06,5.831872e-06,1200986000000.0,101700000000000.0,1.651167,28570000000000.0,-1.32462
1333,1.0571,5.199965,6.222647000000003,3437.441,312.8295,376.3492,-245.2469,442.1981,-717.1458,36619460000000.0,30372040000000.0,3041775000000.0,0.4805473,1.647328e-06,1.068996e-06,-5.434709e-07,1.089429e-06,2.605655e-06,-2.14746e-06,-1.559734e-06,4.641414e-06,28930330000000.0,2749524000000.0,0.4353256,1.554505e-06,9.88889e-07,-5.32514e-07,1.008016e-06,2.438412e-06,-2.046061e-06,-1.491424e-06,4.35913e-06,20856750000000.0,1661966000000.0,0.2867567,1.148981e-06,6.713839e-07,-4.524568e-07,6.849955e-07,1.740931e-06,-1.570983e-06,-1.160929e-06,3.159496e-06,920576700000.0,114800000000000.0,1.254883,24510000000000.0,-1.02069
1335,1.0622,5.610063,6.496184000000003,3447.692,338.6606,394.4718,-123.7839,227.7889,-314.7863,29122560000000.0,13071510000000.0,1019579000000.0,0.3619452,7.957434e-07,3.365984e-07,-4.409242e-07,3.493572e-07,1.082627e-06,-1.215928e-06,-9.322386e-07,2.064008e-06,11918140000000.0,857280500000.0,0.324041,7.181583e-07,2.982037e-07,-4.03453e-07,3.096656e-07,9.713189e-07,-1.102886e-06,-8.468421e-07,1.856919e-06,8169696000000.0,413453500000.0,0.2107245,4.295526e-07,1.69668e-07,-2.499228e-07,1.764386e-07,5.719974e-07,-6.682629e-07,-5.150922e-07,1.101548e-06,503645400000.0,70170000000000.0,0.9172009,10950000000000.0,-0.7282
1336,1.0592,5.109319,5.154879000000002,3449.319,308.409,312.4153,-274.898,663.9624,150.1174,41232930000000.0,39214540000000.0,3712472000000.0,0.5228797,2.124731e-06,9.00764e-07,-1.173915e-06,9.280369e-07,2.877734e-06,-3.243135e-06,-2.484261e-06,5.495127e-06,37676710000000.0,3409161000000.0,0.4745318,2.033894e-06,8.448092e-07,-1.140919e-06,8.707006e-07,2.736527e-06,-3.121621e-06,-2.39514e-06,5.2416e-06,24989660000000.0,2129808000000.0,0.3043066,1.557366e-06,5.87125e-07,-9.32362e-07,6.060781e-07,2.032692e-06,-2.448812e-06,-1.892325e-06,3.949181e-06,1138398000000.0,278400000000000.0,1.599668,75770000000000.0,-1.37808
1337,1.0635,4.91224,5.556649999999996,3458.326,297.2273,337.6906,61.93372,232.8678,-829.652,31044840000000.0,15954930000000.0,1543027000000.0,0.3857191,8.652594e-07,-2.079777e-09,-8.469082e-07,1.2948e-08,8.095016e-07,-1.692363e-06,-1.38257e-06,1.87472e-06,14897680000000.0,1316665000000.0,0.3484135,7.704769e-07,-1.831982e-09,-7.540632e-07,1.151268e-08,7.207131e-07,-1.506886e-06,-1.231023e-06,1.669162e-06,11245350000000.0,718287900000.0,0.2356672,4.927842e-07,-1.101162e-09,-4.82007e-07,7.279725e-09,4.604792e-07,-9.63433e-07,-7.869705e-07,1.066761e-06,569910200000.0,90080000000000.0,1.05377,16150000000000.0,-0.829818
1338,1.0622,5.39891,5.593847000000004,3453.223,326.3594,339.7242,1.516698,-258.8557,-465.2416,32294330000000.0,13840430000000.0,1064110000000.0,0.370081,7.810459e-07,1.538081e-07,-6.087052e-07,1.668592e-07,8.85911e-07,-1.370235e-06,-1.091343e-06,1.847856e-06,12783170000000.0,886864700000.0,0.3339726,6.848188e-07,1.332652e-07,-5.352635e-07,1.446726e-07,7.750507e-07,-1.202963e-06,-9.584228e-07,1.618414e-06,8458038000000.0,395154800000.0,0.2123243,3.779661e-07,6.991022e-08,-2.989621e-07,7.611388e-08,4.238172e-07,-6.674625e-07,-5.324718e-07,8.891166e-07,546558400000.0,33190000000000.0,0.9031601,5100000000000.0,-0.6507556
1339,1.0588,5.324312,6.1091329999999955,3442.148,320.7916,370.0109,-185.7499,44.14016,-418.4289,75641770000000.0,51421030000000.0,5954592000000.0,0.5707821,4.570725e-06,1.656546e-06,-2.795187e-06,1.70436e-06,5.875529e-06,-7.241153e-06,-5.6077e-06,1.148821e-05,48633720000000.0,5427153000000.0,0.514945,4.343583e-06,1.538579e-06,-2.691252e-06,1.583345e-06,5.545732e-06,-6.916228e-06,-5.363746e-06,1.087833e-05,38061170000000.0,3633535000000.0,0.351129,3.457758e-06,1.122885e-06,-2.242144e-06,1.156339e-06,4.30579e-06,-5.605339e-06,-4.368801e-06,8.547085e-06,1345688000000.0,201800000000000.0,1.885908,64750000000000.0,-1.654328
1340,1.0601,5.142412,5.561942000000005,3449.001,310.3887,337.222,-148.4282,348.389,-822.0331,64973110000000.0,57860670000000.0,5866563000000.0,0.59417,4.421197e-06,1.413516e-06,-2.896549e-06,1.462469e-06,5.502555e-06,-7.203277e-06,-5.621121e-06,1.093615e-05,54112220000000.0,5298312000000.0,0.5345094,4.185619e-06,1.307872e-06,-2.771785e-06,1.353567e-06,5.176842e-06,-6.848885e-06,-5.350874e-06,1.031966e-05,35369980000000.0,3191889000000.0,0.3416674,3.165657e-06,9.015906e-07,-2.181459e-06,9.339596e-07,3.820445e-06,-5.264602e-06,-4.131071e-06,7.705913e-06,1531572000000.0,174900000000000.0,1.904095,56660000000000.0,-1.611
1341,1.0592,5.178374,5.299441000000004,3448.387,312.5155,321.1742,-747.3916,32.75313,-422.8324,59782950000000.0,53535530000000.0,5455764000000.0,0.5788718,3.846062e-06,5.398805e-06,1.616881e-06,5.413636e-06,8.953764e-06,-2.10499e-06,-7.415052e-07,1.373921e-05,48922060000000.0,4872614000000.0,0.516089,3.654862e-06,5.022794e-06,1.429438e-06,5.03643e-06,8.399442e-06,-2.107296e-06,-8.114834e-07,1.294605e-05,33255470000000.0,2900929000000.0,0.3342043,2.805182e-06,3.537656e-06,7.815345e-07,3.546554e-06,6.123927e-06,-1.932646e-06,-9.376871e-07,9.610385e-06,1450278000000.0,100700000000000.0,1.569507,26890000000000.0,-1.29888
1342,1.0618,5.189641,6.006605000000006,3450.911,313.4284,364.6022,-386.5644,254.197,-588.1512,31813760000000.0,15666590000000.0,886024900000.0,0.3836749,4.996935e-07,6.945258e-07,2.035457e-07,7.00681e-07,1.163295e-06,-2.822648e-07,-1.046493e-07,1.784129e-06,13263740000000.0,688793900000.0,0.3339297,4.256406e-07,5.783004e-07,1.601373e-07,5.835052e-07,9.774598e-07,-2.536585e-07,-1.023597e-07,1.5062e-06,3940677000000.0,155412000000.0,0.1656759,1.655429e-07,2.057403e-07,4.319282e-08,2.077019e-07,3.607573e-07,-1.177155e-07,-5.886122e-08,5.662586e-07,671940200000.0,20260000000000.0,0.7766239,2677000000000.0,-0.572022
1343,1.0622,5.047513,5.509775999999993,3455.675,305.2202,334.6364,-442.3421,154.7101,-444.6443,35562200000000.0,28353650000000.0,2772446000000.0,0.4685301,1.48235e-06,1.614518e-06,1.61413e-07,1.628777e-06,2.993702e-06,-1.277565e-06,-7.505595e-07,4.830174e-06,27680850000000.0,2553735000000.0,0.4270426,1.41996e-06,1.513542e-06,1.217656e-07,1.527058e-06,2.834189e-06,-1.256615e-06,-7.517556e-07,4.593085e-06,21145090000000.0,1749696000000.0,0.2892317,1.148927e-06,1.117292e-06,-8.218042e-09,1.127697e-06,2.184061e-06,-1.123394e-06,-7.147647e-07,3.606197e-06,857414300000.0,251900000000000.0,1.410723,60460000000000.0,-1.217
1344,1.0588,5.15362,5.094673000000006,3448.634,311.0357,308.7071,-137.2522,151.9547,225.9977,35177750000000.0,25278000000000.0,2336572000000.0,0.4518656,1.262107e-06,3.219616e-07,-9.089824e-07,3.413869e-07,1.500646e-06,-2.138254e-06,-1.687776e-06,3.053391e-06,22779030000000.0,1992917000000.0,0.4022126,1.143401e-06,2.856426e-07,-8.294059e-07,3.0312e-07,1.353077e-06,-1.943052e-06,-1.534907e-06,2.759574e-06,13744310000000.0,907427100000.0,0.2489761,6.84337e-07,1.574364e-07,-5.096294e-07,1.675902e-07,7.953208e-07,-1.176141e-06,-9.31768e-07,1.636604e-06,851110300000.0,98190000000000.0,1.20318,20100000000000.0,-0.9483204
1345,1.0601,5.865436,6.923845000000002,3436.481,353.0306,419.5073,-53.76176,240.8047,-53.1075,43443560000000.0,27008050000000.0,2725585000000.0,0.4612802,1.592035e-06,1.299952e-07,-1.420523e-06,1.553078e-07,1.615091e-06,-2.972174e-06,-2.403201e-06,3.569857e-06,24124630000000.0,2340158000000.0,0.4098938,1.448441e-06,1.15518e-07,-1.294974e-06,1.383652e-07,1.466082e-06,-2.706665e-06,-2.188955e-06,3.244233e-06,18646130000000.0,1369653000000.0,0.2765099,1.025132e-06,7.558385e-08,-9.222511e-07,9.129916e-08,1.029992e-06,-1.921354e-06,-1.554805e-06,2.287719e-06,865608000000.0,122400000000000.0,1.317183,27430000000000.0,-1.088
1346,1.0584,5.176062,5.559413000000005,3445.217,312.088,336.7157,185.4231,300.7223,-650.9569,37965060000000.0,37100030000000.0,3195148000000.0,0.5249488,1.803775e-06,-5.973596e-07,-2.351356e-06,-5.645952e-07,1.087421e-06,-4.115132e-06,-3.467796e-06,3.296055e-06,36042770000000.0,2859263000000.0,0.4660329,1.700955e-06,-5.499459e-07,-2.203716e-06,-5.19254e-07,1.038103e-06,-3.866894e-06,-3.256413e-06,3.120445e-06,25950800000000.0,1764330000000.0,0.3079157,1.303011e-06,-3.873697e-07,-1.653543e-06,-3.644581e-07,8.271372e-07,-2.927469e-06,-2.459671e-06,2.42118e-06,1076272000000.0,76160000000000.0,1.245599,16140000000000.0,-0.99693
1347,1.0618,5.429551,4.953576999999994,3455.659,328.4543,300.8597,-56.42739,-141.8223,-217.4432,167430700000000.0,143498300000000.0,17330920000000.0,0.8023539,2.489235e-05,1.846181e-06,-2.216203e-05,1.958506e-06,2.422192e-05,-4.63976e-05,-3.742401e-05,5.437388e-05,135328600000000.0,15961820000000.0,0.7236551,2.398991e-05,1.742438e-06,-2.138975e-05,1.844752e-06,2.32883e-05,-4.474642e-05,-3.609625e-05,5.233716e-05,103418700000000.0,11036840000000.0,0.4876602,1.993584e-05,1.328853e-06,-1.787303e-05,1.391552e-06,1.916356e-05,-3.72816e-05,-3.008608e-05,4.326589e-05,2895796000000.0,405600000000000.0,4.024202,277700000000000.0,-3.560455
1348,1.0592,5.294001,5.610208999999994,3446.145,319.3253,339.9676,-83.16294,-171.9542,-732.1649,34697180000000.0,14609340000000.0,900299500000.0,0.3759326,4.720649e-07,2.543558e-07,-2.078123e-07,2.617495e-07,6.975951e-07,-6.680626e-07,-4.996198e-07,1.281074e-06,12110370000000.0,695844700000.0,0.32451,3.992965e-07,2.107156e-07,-1.801605e-07,2.169342e-07,5.855026e-07,-5.69447e-07,-4.269643e-07,1.078961e-06,6247414000000.0,266111000000.0,0.1954307,1.98895e-07,9.776352e-08,-9.685067e-08,1.00797e-07,2.842219e-07,-2.907328e-07,-2.197493e-07,5.298823e-07,611254700000.0,26060000000000.0,0.8412717,3730000000000.0,-0.640728
1349,1.0673,4.865425,5.253620999999996,3469.665,295.3462,320.1923,-403.4791,217.3771,-223.008,33639920000000.0,31333190000000.0,2917558000000.0,0.4962745,1.408116e-06,1.45483e-06,7.51737e-08,1.470693e-06,2.768362e-06,-1.292302e-06,-7.917152e-07,4.511844e-06,30083700000000.0,2581532000000.0,0.4374042,1.323025e-06,1.332072e-06,3.594954e-08,1.346832e-06,2.565744e-06,-1.248866e-06,-7.784911e-07,4.203596e-06,19126700000000.0,1490707000000.0,0.2781053,9.778443e-07,9.00836e-07,-5.667496e-08,9.113352e-07,1.811271e-06,-1.006218e-06,-6.584534e-07,3.021039e-06,977282100000.0,91040000000000.0,1.103346,17090000000000.0,-0.9084788
1351,1.066,5.346316,5.512298000000003,3462.996,324.0761,335.659,-426.3329,100.9932,-407.7616,54592790000000.0,50363770000000.0,5265666000000.0,0.5681543,3.563371e-06,2.84383e-06,-6.409822e-07,2.872374e-06,6.137493e-06,-4.099311e-06,-2.830542e-06,1.053812e-05,47192010000000.0,4805683000000.0,0.5087801,3.407065e-06,2.657823e-06,-6.73633e-07,2.684654e-06,5.805482e-06,-3.980206e-06,-2.76696e-06,1.001223e-05,34889410000000.0,3229366000000.0,0.3388672,2.762644e-06,1.975991e-06,-7.236862e-07,1.996179e-06,4.523128e-06,-3.404672e-06,-2.420448e-06,7.931332e-06,1344713000000.0,247100000000000.0,1.812763,76210000000000.0,-1.56519
1352,1.0695,5.581899,5.112395999999996,3471.946,339.3199,312.1,-212.2939,-270.8118,-234.8365,29218680000000.0,26815820000000.0,2371608000000.0,0.46615,1.140133e-06,7.629421e-07,-3.51645e-07,7.780272e-07,1.826981e-06,-1.46043e-06,-1.05432e-06,3.234252e-06,25470230000000.0,2128388000000.0,0.4136774,1.077427e-06,7.025235e-07,-3.506357e-07,7.166591e-07,1.707647e-06,-1.398424e-06,-1.014616e-06,3.037304e-06,19030590000000.0,1412693000000.0,0.2792678,8.528159e-07,5.092173e-07,-3.240223e-07,5.200549e-07,1.30365e-06,-1.153341e-06,-8.494444e-07,2.355487e-06,835849200000.0,166000000000000.0,1.21164,34220000000000.0,-1.01376
1353,1.0652,4.875134,5.563466,3462.983,295.3685,338.544,-581.371,226.3724,-775.7086,90539450000000.0,81889180000000.0,9114048000000.0,0.6648846,8.60876e-06,6.802952e-06,-1.615718e-06,6.823287e-06,1.466941e-05,-9.958879e-06,-6.890797e-06,2.529747e-05,77275710000000.0,8382180000000.0,0.6003117,8.278678e-06,6.415059e-06,-1.679308e-06,6.433277e-06,1.397541e-05,-9.702335e-06,-6.751531e-06,2.419336e-05,54688900000000.0,5505671000000.0,0.3940575,6.601642e-06,4.676313e-06,-1.772391e-06,4.685454e-06,1.068716e-05,-8.169328e-06,-5.814783e-06,1.88249e-05,1944868000000.0,297900000000000.0,2.588601,131200000000000.0,-2.257
1354,1.0677,6.639069,5.253002999999995,3459.875,402.7122,320.2483,412.2874,-118.1044,-196.2189,39214540000000.0,33351580000000.0,3463994000000.0,0.4929574,2.041207e-06,-1.649153e-06,-3.625582e-06,-1.60629e-06,2.562931e-07,-5.624991e-06,-4.890384e-06,2.741306e-06,30564270000000.0,3094693000000.0,0.4402719,1.929423e-06,-1.521551e-06,-3.389492e-06,-1.481285e-06,2.787454e-07,-5.279376e-06,-4.584929e-06,2.627251e-06,23547950000000.0,2013315000000.0,0.2971587,1.524596e-06,-1.103859e-06,-2.579117e-06,-1.072795e-06,3.162896e-07,-4.07239e-06,-3.523436e-06,2.170777e-06,978535400000.0,212400000000000.0,1.493204,53960000000000.0,-1.24938
1355,1.0707,5.627766,5.724708000000003,3470.87,342.02,349.6358,-251.7926,52.40468,-322.1578,34985520000000.0,29314790000000.0,2896221000000.0,0.4709957,1.564207e-06,1.02418e-06,-5.046518e-07,1.0438e-06,2.48162e-06,-2.025438e-06,-1.468244e-06,4.41182e-06,27680850000000.0,2620905000000.0,0.4273599,1.485259e-06,9.529603e-07,-4.985579e-07,9.71445e-07,2.336366e-06,-1.942573e-06,-1.413459e-06,4.168887e-06,19607270000000.0,1595544000000.0,0.2790467,1.122294e-06,6.57043e-07,-4.392041e-07,6.704736e-07,1.700622e-06,-1.530286e-06,-1.130318e-06,3.084367e-06,906706400000.0,148800000000000.0,1.29284,32730000000000.0,-1.06524
1356,1.0648,6.084066,6.743763999999999,3447.67,367.4798,409.9874,103.6867,89.71639,-117.9638,49306520000000.0,45269730000000.0,4621501000000.0,0.546033,2.891175e-06,-5.483788e-07,-3.355216e-06,-5.00914e-07,2.138343e-06,-6.176957e-06,-5.140529e-06,5.672456e-06,42866870000000.0,4262169000000.0,0.4969975,2.784942e-06,-5.188029e-07,-3.222245e-06,-4.733586e-07,2.068323e-06,-5.940295e-06,-4.941863e-06,5.472129e-06,31429300000000.0,2776182000000.0,0.327392,2.202254e-06,-3.74976e-07,-2.511646e-06,-3.402437e-07,1.667046e-06,-4.660967e-06,-3.871055e-06,4.356722e-06,1233147000000.0,203300000000000.0,1.62249,56120000000000.0,-1.39194
1357,1.0768,6.495510000000001,5.405491000000002,3481.294,396.367,331.5441,189.756,224.6965,-225.0713,59398490000000.0,42097960000000.0,4307936000000.0,0.5313534,2.869287e-06,-1.063351e-06,-3.846207e-06,-1.012292e-06,1.605777e-06,-6.650193e-06,-5.620025e-06,5.107831e-06,37580600000000.0,3789353000000.0,0.4739933,2.672711e-06,-9.674341e-07,-3.559257e-06,-9.202621e-07,1.517592e-06,-6.171114e-06,-5.211406e-06,4.779074e-06,25470230000000.0,2148290000000.0,0.3056829,1.896969e-06,-6.249434e-07,-2.46334e-06,-5.926628e-07,1.135003e-06,-4.317043e-06,-3.635523e-06,3.447877e-06,1220420000000.0,145900000000000.0,1.596103,39620000000000.0,-1.34541
1359,1.0716,5.394251,5.093032000000005,3478.06,328.4214,311.3612,-395.5086,-57.11176,-160.1828,37388370000000.0,29410900000000.0,3029251000000.0,0.4732721,1.678286e-06,1.599873e-06,-4.350457e-08,1.617758e-06,3.162371e-06,-1.672741e-06,-1.076091e-06,5.238856e-06,27680850000000.0,2669171000000.0,0.4273146,1.564918e-06,1.465236e-06,-6.698026e-08,1.481768e-06,2.921712e-06,-1.586148e-06,-1.029759e-06,4.85767e-06,17108300000000.0,1353114000000.0,0.2672236,1.043134e-06,8.967644e-07,-1.2406e-07,9.072899e-07,1.865993e-06,-1.136655e-06,-7.656343e-07,3.155569e-06,939090200000.0,131000000000000.0,1.310127,29200000000000.0,-1.05336
1360,1.0729,4.906649,5.069634999999997,3484.1,299.1001,310.2234,-338.8954,245.7761,-382.0517,68625440000000.0,44404700000000.0,4861562000000.0,0.5442467,3.647285e-06,2.296878e-06,-1.265948e-06,2.332475e-06,5.673724e-06,-4.809679e-06,-3.509503e-06,1.017075e-05,42290190000000.0,4343131000000.0,0.4902317,3.409503e-06,2.101367e-06,-1.228683e-06,2.134165e-06,5.256495e-06,-4.541331e-06,-3.325781e-06,9.459477e-06,29507020000000.0,2478544000000.0,0.3218864,2.444665e-06,1.378267e-06,-1.007848e-06,1.400262e-06,3.635563e-06,-3.382917e-06,-2.510903e-06,6.646436e-06,1243776000000.0,137600000000000.0,1.662906,38930000000000.0,-1.421882
1361,1.0729,6.420071,5.2854659999999996,3474.227,390.9294,323.4338,240.9255,99.60136,-10.16062,36235000000000.0,32486550000000.0,2856041000000.0,0.4889965,1.5066e-06,-8.972787e-07,-2.359245e-06,-8.670794e-07,5.114582e-07,-3.832382e-06,-3.291774e-06,2.351567e-06,29795360000000.0,2485856000000.0,0.4355264,1.387426e-06,-8.079496e-07,-2.154122e-06,-7.802954e-07,4.888578e-07,-3.510723e-06,-3.01283e-06,2.183157e-06,14609340000000.0,1076744000000.0,0.2533117,8.286871e-07,-4.422533e-07,-1.245918e-06,-4.261362e-07,3.310409e-07,-2.056175e-06,-1.758669e-06,1.342369e-06,1063935000000.0,86890000000000.0,1.195953,17680000000000.0,-0.95436
1362,1.0776,6.718435,5.405305000000005,3482.238,410.2048,331.7719,782.8636,-180.7805,26.8139,32486550000000.0,30948730000000.0,2756258000000.0,0.4899116,1.362515e-06,-2.599143e-06,-3.914562e-06,-2.561931e-06,-1.318438e-06,-5.256635e-06,-4.76336e-06,3.32202e-07,29699250000000.0,2464672000000.0,0.4345438,1.285222e-06,-2.391297e-06,-3.631907e-06,-2.356342e-06,-1.183749e-06,-4.897786e-06,-4.43247e-06,3.72963e-07,21145090000000.0,1529137000000.0,0.2857408,9.870433e-07,-1.680988e-06,-2.633231e-06,-1.654582e-06,-7.550859e-07,-3.605264e-06,-3.247821e-06,4.396207e-07,928771400000.0,170200000000000.0,1.272564,36850000000000.0,-1.06821
1363,1.0776,6.811157,5.422902000000006,3481.592,415.8423,332.8607,510.738,-480.7022,-187.4081,37196140000000.0,29314790000000.0,2681482000000.0,0.4695429,1.422568e-06,-1.506566e-06,-2.885507e-06,-1.474221e-06,-1.726609e-07,-4.281097e-06,-3.768696e-06,1.561117e-06,27584740000000.0,2384853000000.0,0.4254716,1.328938e-06,-1.380573e-06,-2.668605e-06,-1.350484e-06,-1.348899e-07,-3.972303e-06,-3.4936e-06,1.484535e-06,17877220000000.0,1295349000000.0,0.2735096,9.171355e-07,-8.748603e-07,-1.763279e-06,-8.545142e-07,-1.658553e-08,-2.662882e-06,-2.332423e-06,1.100242e-06,937780100000.0,95590000000000.0,1.193479,19410000000000.0,-0.9685
1364,1.0785,6.693576,5.409156999999994,3484.745,408.9673,332.2319,161.2519,160.4246,-27.07597,127831700000000.0,88809400000000.0,10619890000000.0,0.6805759,1.088141e-05,-2.332255e-06,-1.28437e-05,-2.186473e-06,7.644795e-06,-2.34718e-05,-1.95524e-05,2.085412e-05,84388150000000.0,9655173000000.0,0.6149756,1.034037e-05,-2.17028e-06,-1.215726e-05,-2.033698e-06,7.304577e-06,-2.225683e-05,-1.85317e-05,1.985395e-05,60455750000000.0,6013095000000.0,0.4052511,7.914304e-06,-1.519327e-06,-9.156655e-06,-1.421726e-06,5.710806e-06,-1.688638e-05,-1.403305e-05,1.530457e-05,2056826000000.0,227900000000000.0,2.607406,101100000000000.0,-2.31462
1367,1.0806,6.752771,5.482739000000006,3488.291,413.0375,337.1626,90.82325,-49.22397,-386.8394,92653960000000.0,52670510000000.0,6322419000000.0,0.5746201,5.649329e-06,-3.782992e-07,-5.856403e-06,-3.015222e-07,4.833065e-06,-1.136765e-05,-9.339782e-06,1.172733e-05,49114290000000.0,5287385000000.0,0.513444,5.063005e-06,-3.349524e-07,-5.244e-06,-2.666645e-07,4.333889e-06,-1.018322e-05,-8.365662e-06,1.051175e-05,25662460000000.0,2110283000000.0,0.3056338,2.840881e-06,-1.754409e-07,-2.928218e-06,-1.389109e-07,2.43861e-06,-5.699549e-06,-4.679152e-06,5.902074e-06,1526918000000.0,73870000000000.0,1.851527,23270000000000.0,-1.47
1368,1.0824,6.83053,5.541369999999996,3491.406,418.2119,341.1501,69.92817,-259.4871,-524.6628,83523120000000.0,76987370000000.0,8088069000000.0,0.6463655,6.811383e-06,1.182162e-07,-6.491497e-06,2.025744e-07,6.392833e-06,-1.31338e-05,-1.068937e-05,1.471286e-05,72085550000000.0,7320504000000.0,0.5828604,6.488124e-06,1.104136e-07,-6.184623e-06,1.897853e-07,6.084085e-06,-1.25116e-05,-1.018289e-05,1.400756e-05,42482420000000.0,4091347000000.0,0.3596472,4.687942e-06,7.250947e-08,-4.472069e-06,1.259934e-07,4.376353e-06,-9.043254e-06,-7.359507e-06,1.009478e-05,1942391000000.0,175900000000000.0,2.157245,64560000000000.0,-1.846
1370,1.0846,6.520927,6.664147000000004,3491.426,399.0896,410.5899,458.0282,127.4132,264.3584,28353650000000.0,18550010000000.0,1766966000000.0,0.4038358,9.12251e-07,-1.204754e-06,-2.08812e-06,-1.182733e-06,-3.481336e-07,-2.983248e-06,-2.654663e-06,7.622668e-07,16147160000000.0,1462950000000.0,0.3573414,8.099004e-07,-1.048165e-06,-1.832331e-06,-1.028697e-06,-2.879262e-07,-2.627013e-06,-2.335273e-06,6.977459e-07,10860890000000.0,732755600000.0,0.2301857,5.124852e-07,-6.147754e-07,-1.110754e-06,-6.026664e-07,-1.343967e-07,-1.613574e-06,-1.428914e-06,4.889502e-07,665760100000.0,99870000000000.0,1.124676,19110000000000.0,-0.855261
1372,1.0846,6.236404000000001,6.724788000000003,3493.089,381.7167,414.3278,208.9634,325.2661,94.78659,32390440000000.0,23547950000000.0,2379937000000.0,0.4351818,1.203476e-06,-7.686017e-07,-1.936996e-06,-7.440572e-07,3.581236e-07,-3.114112e-06,-2.682244e-06,1.828838e-06,21914010000000.0,2087503000000.0,0.391929,1.110954e-06,-6.965275e-07,-1.774995e-06,-6.739707e-07,3.432515e-07,-2.861605e-06,-2.46291e-06,1.700729e-06,15858820000000.0,1173345000000.0,0.260102,7.552565e-07,-4.410529e-07,-1.173945e-06,-4.259962e-07,2.649232e-07,-1.912624e-06,-1.641501e-06,1.187305e-06,761069600000.0,100900000000000.0,1.120768,19240000000000.0,-0.8945108
1373,1.0828,6.72012,6.833033999999994,3485.301,410.6696,420.5243,641.0067,-23.80395,312.3667,56322840000000.0,36235000000000.0,3227320000000.0,0.5040505,2.048029e-06,-2.821529e-06,-4.797525e-06,-2.770766e-06,-9.068019e-07,-6.811445e-06,-6.070614e-06,1.573101e-06,33351580000000.0,2865173000000.0,0.45086,1.903172e-06,-2.555186e-06,-4.391104e-06,-2.508302e-06,-7.768309e-07,-6.262516e-06,-5.574014e-06,1.52716e-06,24412970000000.0,1788215000000.0,0.3003168,1.429153e-06,-1.753088e-06,-3.13087e-06,-1.71869e-06,-4.202918e-07,-4.536013e-06,-4.018794e-06,1.308448e-06,1057700000000.0,162600000000000.0,1.560498,43170000000000.0,-1.352372
1375,1.0815,6.958232,5.390942000000005,3489.794,425.9107,331.7696,184.4758,-315.0635,-56.27,32486550000000.0,28641990000000.0,2706023000000.0,0.4703521,1.314814e-06,-4.584107e-07,-1.736655e-06,-4.33818e-07,7.711959e-07,-3.020933e-06,-2.549884e-06,2.38123e-06,26335250000000.0,2368517000000.0,0.4169041,1.212488e-06,-4.126861e-07,-1.591309e-06,-3.901477e-07,7.207725e-07,-2.775623e-06,-2.341194e-06,2.205267e-06,16147160000000.0,1286110000000.0,0.2617369,8.15045e-07,-2.537088e-07,-1.045608e-06,-2.389417e-07,5.069807e-07,-1.841682e-06,-1.549543e-06,1.504225e-06,934874600000.0,192600000000000.0,1.287828,42200000000000.0,-1.07415
1376,1.0872,6.731364,6.953010999999997,3494.144,412.4068,429.0762,571.9305,-90.16537,-131.8354,86406550000000.0,54400560000000.0,6365163000000.0,0.5745113,5.17734e-06,-4.320464e-06,-9.312195e-06,-4.211883e-06,4.811324e-07,-1.439278e-05,-1.252129e-05,6.746541e-06,49306520000000.0,5504248000000.0,0.5121709,4.723048e-06,-3.856755e-06,-8.409678e-06,-3.758514e-06,5.209432e-07,-1.304438e-05,-1.133687e-05,6.235252e-06,27873080000000.0,2612247000000.0,0.3124928,2.886235e-06,-2.169969e-06,-4.950252e-06,-2.111973e-06,4.98787e-07,-7.782296e-06,-6.738256e-06,3.987453e-06,1516688000000.0,140900000000000.0,1.905118,45670000000000.0,-1.60974
1377,1.0902,6.253818,5.386353000000002,3515.174,385.2112,333.4212,-69.13943,412.0779,66.63601,28161420000000.0,26239140000000.0,2103527000000.0,0.450203,1.022735e-06,4.798907e-08,-9.488259e-07,6.516594e-08,1.00457e-06,-1.946194e-06,-1.580663e-06,2.261431e-06,23451830000000.0,1864987000000.0,0.4019682,9.637654e-07,4.412468e-08,-8.951071e-07,6.020876e-08,9.452149e-07,-1.834955e-06,-1.490472e-06,2.129426e-06,14993790000000.0,1087581000000.0,0.2565478,7.212776e-07,2.993807e-08,-6.726289e-07,4.16386e-08,7.032114e-07,-1.375968e-06,-1.118063e-06,1.58888e-06,863267800000.0,169900000000000.0,1.21946,35250000000000.0,-1.00881
1378,1.0915,6.049866,6.6452110000000015,3511.511,372.1649,411.3951,-203.9215,550.1678,74.11108,31044840000000.0,23644060000000.0,2189478000000.0,0.4361842,1.135102e-06,4.117863e-07,-6.970288e-07,4.291539e-07,1.473763e-06,-1.803064e-06,-1.397923e-06,2.872907e-06,21625660000000.0,1945864000000.0,0.3960185,1.07213e-06,3.822248e-07,-6.64981e-07,3.985468e-07,1.385008e-06,-1.709637e-06,-1.326953e-06,2.706374e-06,15186020000000.0,1039085000000.0,0.2544237,7.529945e-07,2.463218e-07,-4.888157e-07,2.574771e-07,9.495746e-07,-1.222449e-06,-9.536002e-07,1.877033e-06,786637900000.0,105900000000000.0,1.116138,20110000000000.0,-0.895356
1379,1.0867,6.646227,6.920872000000002,3494.772,407.2165,427.0757,557.1912,567.5245,-429.8366,38349510000000.0,27392510000000.0,2277180000000.0,0.4596075,1.085631e-06,-1.640938e-06,-2.692739e-06,-1.613893e-06,-6.201e-07,-3.760439e-06,-3.368359e-06,7.014231e-07,25854680000000.0,2047012000000.0,0.4129673,1.020857e-06,-1.505465e-06,-2.494351e-06,-1.480146e-06,-5.459369e-07,-3.498286e-06,-3.129586e-06,6.964934e-07,16435510000000.0,1197254000000.0,0.2618025,7.301184e-07,-9.668634e-07,-1.673597e-06,-9.491389e-07,-2.819579e-07,-2.391431e-06,-2.12768e-06,6.058281e-07,883682400000.0,184500000000000.0,1.242425,39000000000000.0,-1.089
1380,1.0872,6.656782,6.878835999999995,3495.563,407.9614,424.5618,161.1316,42.12573,278.7643,100919800000000.0,98324690000000.0,10302120000000.0,0.7011177,9.783615e-06,-2.393867e-06,-1.184461e-05,-2.257908e-06,6.584602e-06,-2.140357e-05,-1.787884e-05,1.846039e-05,95056810000000.0,9592719000000.0,0.6427405,9.484923e-06,-2.285504e-06,-1.144658e-05,-2.154893e-06,6.415088e-06,-2.071366e-05,-1.729616e-05,1.792636e-05,60263520000000.0,5697941000000.0,0.4033694,7.320348e-06,-1.611056e-06,-8.675665e-06,-1.516402e-06,5.084651e-06,-1.58276e-05,-1.318809e-05,1.39589e-05,2277200000000.0,175600000000000.0,2.418662,72260000000000.0,-2.09484
1381,1.0889,6.126547,6.796440000000004,3503.52,376.0602,419.9472,79.01984,598.2501,-248.3161,48537600000000.0,38926200000000.0,4140009000000.0,0.5143178,2.686463e-06,-5.818067e-07,-3.191438e-06,-5.373363e-07,1.916399e-06,-5.816016e-06,-4.851897e-06,5.201849e-06,37003920000000.0,3784507000000.0,0.4659323,2.565167e-06,-5.435707e-07,-3.03503e-06,-5.014266e-07,1.840791e-06,-5.541051e-06,-4.620379e-06,4.977327e-06,29314790000000.0,2580356000000.0,0.3176078,2.071347e-06,-4.030091e-07,-2.413676e-06,-3.700686e-07,1.518771e-06,-4.437093e-06,-3.693367e-06,4.049554e-06,1086819000000.0,180200000000000.0,1.579978,48440000000000.0,-1.341
1382,1.0863,6.687512,5.338768,3503.525,410.7955,329.6462,123.4495,258.0215,9.54427,29314790000000.0,27104170000000.0,2223348000000.0,0.4560366,1.058511e-06,-4.321594e-07,-1.461153e-06,-4.118788e-07,5.585816e-07,-2.495105e-06,-2.115944e-06,1.854679e-06,25854680000000.0,2058139000000.0,0.4210687,1.016359e-06,-4.079959e-07,-1.39594e-06,-3.885966e-07,5.430553e-07,-2.388712e-06,-2.024628e-06,1.787416e-06,17973330000000.0,1257850000000.0,0.2711695,7.672852e-07,-2.802651e-07,-1.025768e-06,-2.659586e-07,4.366345e-07,-1.775226e-06,-1.500264e-06,1.375485e-06,858118000000.0,181600000000000.0,1.234431,38140000000000.0,-1.03653
1383,1.088,6.423045000000001,6.814288999999996,3499.693,393.9789,420.8399,168.4331,479.4171,-78.10231,45654180000000.0,37003920000000.0,3343782000000.0,0.5163942,2.165494e-06,-9.214969e-07,-3.022904e-06,-8.812852e-07,1.097254e-06,-5.14022e-06,-4.362647e-06,3.741939e-06,33736040000000.0,2753949000000.0,0.452216,1.936642e-06,-8.061275e-07,-2.685189e-06,-7.704267e-07,9.984357e-07,-4.578714e-06,-3.883243e-06,3.363181e-06,12879280000000.0,840621300000.0,0.2420854,8.996451e-07,-3.469739e-07,-1.21942e-06,-3.308355e-07,4.898808e-07,-2.098989e-06,-1.775788e-06,1.587639e-06,1336211000000.0,44070000000000.0,1.262749,9468000000000.0,-0.9342682
1386,1.0959,5.239451,6.247184999999995,3529.772,323.6852,388.0187,77.66129,140.2609,-665.3579,39695110000000.0,18453900000000.0,1474613000000.0,0.4032402,7.304254e-07,-3.795343e-08,-7.508189e-07,-2.474976e-08,6.478946e-07,-1.464166e-06,-1.202883e-06,1.546795e-06,15666590000000.0,1191057000000.0,0.3489744,6.293645e-07,-3.187155e-08,-6.460172e-07,-2.056332e-08,5.588434e-07,-1.260641e-06,-1.035496e-06,1.333232e-06,10476430000000.0,573961200000.0,0.2244563,3.887435e-07,-1.83062e-08,-3.9749e-07,-1.144845e-08,3.461245e-07,-7.77086e-07,-6.379937e-07,8.241896e-07,673198300000.0,47520000000000.0,0.9041548,7310000000000.0,-0.733928
1388,1.0963,6.306647,6.909190000000006,3519.759,388.9984,429.1074,-178.5666,376.9322,-125.7078,53054960000000.0,38349510000000.0,3769190000000.0,0.5133485,2.462521e-06,7.619473e-07,-1.638603e-06,7.948918e-07,3.050882e-06,-4.036137e-06,-3.156591e-06,6.078334e-06,36331120000000.0,3395034000000.0,0.4618571,2.326992e-06,7.02966e-07,-1.565158e-06,7.337953e-07,2.864944e-06,-3.830712e-06,-2.999485e-06,5.725248e-06,25950800000000.0,2112836000000.0,0.3038537,1.7633e-06,4.84532e-07,-1.233161e-06,5.069046e-07,2.11959e-06,-2.949825e-06,-2.319661e-06,4.285298e-06,1092578000000.0,175600000000000.0,1.551746,46360000000000.0,-1.342305
1389,1.0933,6.264453,6.818655999999999,3513.213,385.6563,422.609,-201.7941,566.7545,-5.569938,48633720000000.0,47095890000000.0,4464802000000.0,0.5479548,2.673796e-06,7.462877e-07,-1.860809e-06,7.82531e-07,3.232778e-06,-4.46538e-06,-3.509851e-06,6.520502e-06,43828010000000.0,4025180000000.0,0.4922281,2.544508e-06,6.965483e-07,-1.784196e-06,7.307726e-07,3.061926e-06,-4.262784e-06,-3.353388e-06,6.190189e-06,25950800000000.0,2133822000000.0,0.3041906,1.771373e-06,4.417861e-07,-1.284131e-06,4.646102e-07,2.085165e-06,-3.009476e-06,-2.376117e-06,4.261118e-06,1305969000000.0,73580000000000.0,1.320428,16530000000000.0,-1.07415
1390,1.0963,6.094531,5.3376959999999976,3530.742,376.9866,331.7552,-61.57515,325.0398,66.4117,32678780000000.0,21914010000000.0,2181200000000.0,0.4226792,1.248497e-06,6.477217e-08,-1.151768e-06,8.557392e-08,1.231888e-06,-2.368997e-06,-1.922858e-06,2.765776e-06,19799500000000.0,1861413000000.0,0.3794284,1.133966e-06,5.780448e-08,-1.047039e-06,7.660033e-08,1.11754e-06,-2.152598e-06,-1.747356e-06,2.510551e-06,13455970000000.0,942588900000.0,0.2464712,7.211268e-07,3.440179e-08,-6.679547e-07,4.610311e-08,7.075127e-07,-1.370999e-06,-1.113217e-06,1.592948e-06,759977800000.0,94020000000000.0,1.13339,18130000000000.0,-0.8851183
1391,1.0963,6.620817,5.573483999999994,3526.461,409.3239,346.4353,222.5947,-244.5053,-232.0241,80543590000000.0,77948510000000.0,8122830000000.0,0.6460368,7.716414e-06,-1.612937e-06,-9.068949e-06,-1.509965e-06,5.46366e-06,-1.660638e-05,-1.382688e-05,1.483375e-05,76602910000000.0,7604478000000.0,0.5933403,7.481133e-06,-1.537975e-06,-8.765669e-06,-1.439164e-06,5.319626e-06,-1.607322e-05,-1.337815e-05,1.440234e-05,64300310000000.0,5454574000000.0,0.4122702,6.288023e-06,-1.197804e-06,-7.268729e-06,-1.119031e-06,4.552647e-06,-1.341062e-05,-1.114404e-05,1.217979e-05,1763975000000.0,167400000000000.0,2.351401,66970000000000.0,-1.96515
1392,1.0959,6.946171,6.893291000000001,3514.086,428.1246,427.9748,109.9092,165.3859,282.5625,148688500000000.0,134848000000000.0,16262190000000.0,0.7744865,2.066277e-05,-3.060047e-06,-2.295096e-05,-2.866432e-06,1.563734e-05,-4.312738e-05,-3.566059e-05,4.059899e-05,127158900000000.0,14982850000000.0,0.7009372,1.993065e-05,-2.897122e-06,-2.207935e-05,-2.714527e-06,1.512478e-05,-4.154068e-05,-3.433714e-05,3.919517e-05,92846190000000.0,10008180000000.0,0.4648294,1.629188e-05,-2.177166e-06,-1.784137e-05,-2.044809e-06,1.250165e-05,-3.374873e-05,-2.785503e-05,3.214974e-05,2784612000000.0,311300000000000.0,3.498631,185300000000000.0,-3.06009
1393,1.0959,5.617038,5.243665000000005,3533.415,347.5152,325.8459,149.4584,125.2436,58.68059,44500810000000.0,40175680000000.0,4565707000000.0,0.5177378,2.530757e-06,-9.003786e-07,-3.35718e-06,-8.542394e-07,1.459384e-06,-5.829172e-06,-4.92172e-06,4.552479e-06,37676710000000.0,4094442000000.0,0.4679251,2.417707e-06,-8.460256e-07,-3.192884e-06,-8.021549e-07,1.407668e-06,-5.554443e-06,-4.687463e-06,4.362257e-06,19511160000000.0,1914332000000.0,0.2770878,1.599106e-06,-5.128055e-07,-2.064279e-06,-4.846054e-07,9.75238e-07,-3.626219e-06,-3.052531e-06,2.928122e-06,1177951000000.0,88570000000000.0,1.224367,18450000000000.0,-1.00156
1394,1.095,6.567077,5.606456000000001,3523.408,405.6207,348.1584,387.6391,264.651,-160.5189,45846410000000.0,32102100000000.0,3514036000000.0,0.4830364,2.350072e-06,-1.837009e-06,-4.111123e-06,-1.787756e-06,3.545636e-07,-6.413629e-06,-5.567343e-06,3.213172e-06,29891470000000.0,3014072000000.0,0.4327135,2.12701e-06,-1.634676e-06,-3.692701e-06,-1.590335e-06,3.481227e-07,-5.776635e-06,-5.010609e-06,2.935006e-06,19222810000000.0,1537689000000.0,0.2781366,1.362365e-06,-9.731129e-07,-2.290605e-06,-9.45409e-07,2.946651e-07,-3.625313e-06,-3.134466e-06,1.950431e-06,995486100000.0,103600000000000.0,1.447847,25520000000000.0,-1.12068
1395,1.0933,5.267993,6.258819000000004,3523.611,324.8903,388.0862,228.8717,16.53927,-394.0636,38253400000000.0,34985520000000.0,3614671000000.0,0.4944986,1.95958e-06,-7.917876e-07,-2.694236e-06,-7.556731e-07,1.03587e-06,-4.609506e-06,-3.906327e-06,3.430693e-06,34024380000000.0,3360183000000.0,0.4516501,1.894071e-06,-7.523511e-07,-2.591039e-06,-7.176012e-07,1.013698e-06,-4.442263e-06,-3.762546e-06,3.328191e-06,27969190000000.0,2365619000000.0,0.3117431,1.561995e-06,-5.735446e-07,-2.089206e-06,-5.455373e-07,8.807762e-07,-3.615796e-06,-3.055065e-06,2.788375e-06,986241800000.0,170100000000000.0,1.353132,39160000000000.0,-1.14939
1396,1.0915,6.808897,7.064025000000005,3503.619,418.3331,437.2489,236.2793,338.7261,-195.1584,87367690000000.0,80159130000000.0,9404936000000.0,0.6584879,9.492236e-06,-2.674857e-06,-1.18256e-05,-2.550448e-06,5.995718e-06,-2.110572e-05,-1.767846e-05,1.748472e-05,77852390000000.0,8787701000000.0,0.5967877,9.207141e-06,-2.544567e-06,-1.141897e-05,-2.425469e-06,5.860641e-06,-2.042026e-05,-1.709546e-05,1.700199e-05,65549790000000.0,6622411000000.0,0.414306,7.968931e-06,-2.033393e-06,-9.70859e-06,-1.936348e-06,5.222497e-06,-1.749899e-05,-1.461945e-05,1.485564e-05,1809192000000.0,410200000000000.0,2.844243,198500000000000.0,-2.48589
1397,1.0981,6.422093,5.8308559999999945,3530.317,397.367,362.7941,240.5268,289.7832,-500.5928,58629580000000.0,56995640000000.0,5435264000000.0,0.5817108,3.481844e-06,-1.439928e-06,-4.817014e-06,-1.37707e-06,1.799856e-06,-8.222461e-06,-6.971059e-06,6.048831e-06,54112220000000.0,4968587000000.0,0.528157,3.34184e-06,-1.357689e-06,-4.598627e-06,-1.297694e-06,1.750727e-06,-7.867088e-06,-6.665914e-06,5.828259e-06,29507020000000.0,2603072000000.0,0.3169366,2.424511e-06,-8.937792e-07,-3.243519e-06,-8.517532e-07,1.356512e-06,-5.614583e-06,-4.742719e-06,4.312158e-06,1558261000000.0,96540000000000.0,1.489802,24470000000000.0,-1.2573
1399,1.0968,7.131889,6.482146000000004,3517.171,440.0749,402.7369,270.2045,-183.1953,264.5792,44116360000000.0,41425160000000.0,4213823000000.0,0.5253933,2.566172e-06,-1.360968e-06,-3.847104e-06,-1.312581e-06,1.026953e-06,-6.357399e-06,-5.43481e-06,4.153989e-06,39310650000000.0,3879159000000.0,0.4749275,2.466745e-06,-1.28287e-06,-3.672417e-06,-1.236625e-06,1.011679e-06,-6.085427e-06,-5.198506e-06,4.017114e-06,30948730000000.0,2651847000000.0,0.3222482,2.009446e-06,-9.616223e-07,-2.907193e-06,-9.24957e-07,9.04342e-07,-4.872784e-06,-4.149988e-06,3.350944e-06,1142920000000.0,231900000000000.0,1.634025,64470000000000.0,-1.38996
1400,1.1056,5.409158,5.301954000000005,3557.07,336.8157,331.5783,-110.5884,139.4033,205.9842,164739500000000.0,123698800000000.0,16594550000000.0,0.7496698,2.212407e-05,1.560784e-06,-1.98158e-05,1.707401e-06,2.158574e-05,-4.136117e-05,-3.339826e-05,4.845296e-05,109473900000000.0,14184560000000.0,0.6640654,2.040103e-05,1.411879e-06,-1.829511e-05,1.54204e-06,1.986143e-05,-3.816228e-05,-3.081792e-05,4.462778e-05,59110150000000.0,6518915000000.0,0.3986947,1.237083e-05,7.892718e-07,-1.114719e-05,8.539495e-07,1.193199e-05,-2.319366e-05,-1.873561e-05,2.692597e-05,2841362000000.0,150600000000000.0,3.162443,81030000000000.0,-2.59776
1401,1.1003,5.202686,4.930851999999996,3548.059,323.0663,307.3669,-98.00091,277.4059,-98.82718,33063240000000.0,25566340000000.0,2208114000000.0,0.4458616,1.236731e-06,2.424878e-07,-9.632399e-07,2.617792e-07,1.397246e-06,-2.168098e-06,-1.726494e-06,2.917929e-06,24701320000000.0,1958704000000.0,0.4077338,1.148112e-06,2.215136e-07,-8.977237e-07,2.393287e-07,1.293224e-06,-2.016241e-06,-1.606252e-06,2.704782e-06,14801570000000.0,922598300000.0,0.2518866,7.139707e-07,1.271348e-07,-5.685739e-07,1.379033e-07,7.925967e-07,-1.264122e-06,-1.00907e-06,1.66987e-06,1014984000000.0,49540000000000.0,1.082864,9126999000000.0,-0.796851
1402,1.1034,5.09132,4.938155999999997,3555.321,316.761,308.4005,-286.7019,468.9288,-29.48947,41232930000000.0,35850550000000.0,3585872000000.0,0.5030923,1.988247e-06,1.086695e-06,-8.559054e-07,1.11201e-06,2.938585e-06,-2.790222e-06,-2.081283e-06,5.390507e-06,34024380000000.0,3170381000000.0,0.4497551,1.881926e-06,1.009287e-06,-8.292379e-07,1.03307e-06,2.761554e-06,-2.660089e-06,-1.989013e-06,5.082031e-06,20376180000000.0,1606833000000.0,0.2802031,1.351527e-06,6.6347e-07,-6.561891e-07,6.798994e-07,1.919731e-06,-1.970946e-06,-1.488826e-06,3.585024e-06,1166577000000.0,76910000000000.0,1.212055,15860000000000.0,-0.964755
1403,1.1003,6.549702,5.422719999999998,3537.269,406.1295,337.9916,37.89368,605.475,-132.6043,44116360000000.0,39983450000000.0,3790318000000.0,0.518507,2.128472e-06,-4.364801e-07,-2.506476e-06,-3.998206e-07,1.548856e-06,-4.585576e-06,-3.822524e-06,4.15607e-06,38541740000000.0,3469948000000.0,0.4697025,2.039002e-06,-4.100613e-07,-2.392825e-06,-3.751398e-07,1.491167e-06,-4.384491e-06,-3.653465e-06,3.988424e-06,24124630000000.0,2049955000000.0,0.2964106,1.539233e-06,-2.808916e-07,-1.776775e-06,-2.553549e-07,1.151617e-06,-3.280132e-06,-2.728068e-06,3.035297e-06,1169916000000.0,155900000000000.0,1.409273,37380000000000.0,-1.20186
1404,1.1052,5.15292,5.418954999999997,3557.181,320.7819,338.8093,-272.4011,612.8055,129.9186,71508870000000.0,69202130000000.0,7461438000000.0,0.6183925,6.247809e-06,1.713147e-06,-4.361383e-06,1.768946e-06,7.446566e-06,-1.044181e-05,-8.203894e-06,1.509883e-05,68048760000000.0,7081729000000.0,0.5670338,6.105145e-06,1.646081e-06,-4.289018e-06,1.699914e-06,7.246325e-06,-1.023052e-05,-8.043507e-06,1.472262e-05,57187870000000.0,5456557000000.0,0.3947,5.39833e-06,1.35212e-06,-3.892804e-06,1.396778e-06,6.294433e-06,-9.146111e-06,-7.211446e-06,1.289993e-05,1615178000000.0,288400000000000.0,2.252002,110500000000000.0,-1.994927
1405,1.0994,6.371052,5.819835000000003,3533.89,394.5815,362.4339,-143.6528,488.6533,-407.1344,67472070000000.0,43635790000000.0,4187280000000.0,0.5311123,2.74335e-06,7.009353e-07,-1.973538e-06,7.379949e-07,3.251059e-06,-4.64645e-06,-3.665664e-06,6.623352e-06,42290190000000.0,3782323000000.0,0.4850868,2.602596e-06,6.532926e-07,-1.883671e-06,6.88188e-07,3.071704e-06,-4.419398e-06,-3.488864e-06,6.270489e-06,21337320000000.0,1771354000000.0,0.2868982,1.71126e-06,3.874909e-07,-1.279419e-06,4.09325e-07,1.973985e-06,-2.946543e-06,-2.334397e-06,4.075235e-06,1311255000000.0,122400000000000.0,1.52655,31790000000000.0,-1.329319
1406,1.1038,6.874636,5.178747000000003,3544.03,427.283,323.5326,518.73,-71.49115,12.676,62185800000000.0,35658320000000.0,3522591000000.0,0.496042,2.41132e-06,-2.748833e-06,-5.081057e-06,-2.692578e-06,-4.918162e-07,-7.446851e-06,-6.577667e-06,2.438776e-06,31813760000000.0,2986302000000.0,0.4412226,2.167385e-06,-2.423312e-06,-4.519359e-06,-2.372986e-06,-3.953879e-07,-6.645789e-06,-5.86447e-06,2.238336e-06,14609340000000.0,1089655000000.0,0.2513627,1.064895e-06,-1.103344e-06,-2.132677e-06,-1.079122e-06,-1.08587e-07,-3.177386e-06,-2.793363e-06,1.184589e-06,1109687000000.0,55720000000000.0,1.185651,11240000000000.0,-0.99495
1407,1.1034,5.264717,5.4965559999999964,3551.423,327.2498,343.1955,18.67258,419.5569,-123.0992,28449760000000.0,26719710000000.0,2544560000000.0,0.452144,1.268953e-06,-1.342248e-07,-1.368798e-06,-1.130145e-07,1.049239e-06,-2.607091e-06,-2.152772e-06,2.604765e-06,26239140000000.0,2380111000000.0,0.4128237,1.226385e-06,-1.26997e-07,-1.320036e-06,-1.066133e-07,1.016391e-06,-2.516776e-06,-2.077664e-06,2.519535e-06,20280070000000.0,1736169000000.0,0.2825142,1.034917e-06,-9.799401e-08,-1.104311e-06,-8.123919e-08,8.654339e-07,-2.114161e-06,-1.743479e-06,2.133125e-06,811744800000.0,427200000000000.0,1.461151,106200000000000.0,-1.274428
1408,1.1038,5.270982,6.144834999999996,3548.211,327.3451,383.625,-37.2035,53.76702,-580.9418,47384230000000.0,24605200000000.0,2034152000000.0,0.4407788,9.716085e-07,2.559995e-07,-6.927769e-07,2.716145e-07,1.165859e-06,-1.639974e-06,-1.293027e-06,2.362847e-06,22010120000000.0,1730618000000.0,0.3901284,8.765651e-07,2.250354e-07,-6.30814e-07,2.390231e-07,1.045553e-06,-1.485331e-06,-1.1723e-06,2.125259e-06,12975400000000.0,799343500000.0,0.2404871,5.192186e-07,1.221869e-07,-3.845156e-07,1.302573e-07,6.074841e-07,-8.906281e-07,-7.051566e-07,1.246624e-06,801883500000.0,48620000000000.0,0.9555069,7904000000000.0,-0.806553
1409,1.0999,5.148218,6.179208999999999,3539.812,318.9227,384.7993,-14.0125,480.8161,-390.476,74200060000000.0,70739950000000.0,7577571000000.0,0.6247634,5.984778e-06,1.157185e-07,-5.695665e-06,1.932291e-07,5.640167e-06,-1.153244e-05,-9.385601e-06,1.295692e-05,68144870000000.0,6908171000000.0,0.5691161,5.726748e-06,1.08948e-07,-5.451184e-06,1.824328e-07,5.393003e-06,-1.103624e-05,-8.981761e-06,1.239311e-05,41521280000000.0,3739191000000.0,0.354683,4.098708e-06,7.16965e-08,-3.904927e-06,1.214816e-07,3.844522e-06,-7.901956e-06,-6.430714e-06,8.849739e-06,1926956000000.0,85590000000000.0,1.784095,25980000000000.0,-1.44342
1411,1.1047,6.905362,5.149869000000002,3546.614,429.5243,321.9742,206.0052,-297.387,150.955,28449760000000.0,23355720000000.0,2274643000000.0,0.4313348,1.078558e-06,-5.193179e-07,-1.567661e-06,-4.981639e-07,4.907387e-07,-2.62176e-06,-2.23519e-06,1.811001e-06,20952870000000.0,1978132000000.0,0.3825557,9.991628e-07,-4.699926e-07,-1.441054e-06,-4.505036e-07,4.653622e-07,-2.417546e-06,-2.059403e-06,1.688252e-06,14417110000000.0,1200544000000.0,0.2589139,7.298433e-07,-3.164257e-07,-1.025444e-06,-3.024852e-07,3.65856e-07,-1.738697e-06,-1.477005e-06,1.25862e-06,781715900000.0,116600000000000.0,1.101424,21850000000000.0,-0.8811
1412,1.1056,5.257225,5.960578000000006,3554.077,327.0258,372.644,22.4596,144.2129,-304.8807,169353000000000.0,132253000000000.0,16199930000000.0,0.7680156,2.241416e-05,-7.474179e-08,-2.168878e-05,7.745084e-08,2.015789e-05,-4.353609e-05,-3.545208e-05,4.730088e-05,123891000000000.0,14766260000000.0,0.6919542,2.142441e-05,-6.988943e-08,-2.072424e-05,7.002656e-08,1.925187e-05,-4.160655e-05,-3.387776e-05,4.518703e-05,89193850000000.0,9673456000000.0,0.4569532,1.701336e-05,-5.065175e-08,-1.643333e-05,4.022807e-08,1.522953e-05,-3.30152e-05,-2.687125e-05,3.579118e-05,2745571000000.0,283600000000000.0,3.587506,173100000000000.0,-3.155695
1413,1.099,5.383059,5.939486000000002,3538.52,333.4331,369.7661,243.1631,-155.1381,-151.5474,66510930000000.0,57956780000000.0,6169890000000.0,0.5857657,4.599344e-06,-1.572425e-06,-6.025427e-06,-1.496065e-06,2.685187e-06,-1.052041e-05,-8.866689e-06,8.285494e-06,54400560000000.0,5625560000000.0,0.5276549,4.408779e-06,-1.476621e-06,-5.744554e-06,-1.404018e-06,2.602709e-06,-1.005327e-05,-8.46788e-06,7.97001e-06,39887340000000.0,3655730000000.0,0.3504704,3.51371e-06,-1.07917e-06,-4.478528e-06,-1.023514e-06,2.165009e-06,-7.912376e-06,-6.648174e-06,6.439044e-06,1488910000000.0,264200000000000.0,2.021573,90870000000000.0,-1.764
1414,1.1021,5.280829,5.7357879999999986,3546.96,327.8445,357.79,136.1779,259.5103,-36.5077,42290190000000.0,38733970000000.0,4042255000000.0,0.5152921,2.453878e-06,-7.409719e-07,-3.121639e-06,-6.988112e-07,1.540204e-06,-5.518411e-06,-4.637879e-06,4.536672e-06,36138890000000.0,3666006000000.0,0.4596842,2.338243e-06,-6.890954e-07,-2.957274e-06,-6.492363e-07,1.483583e-06,-5.241085e-06,-4.40195e-06,4.338329e-06,29314790000000.0,2592794000000.0,0.318349,1.943226e-06,-5.292887e-07,-2.413407e-06,-4.970818e-07,1.27343e-06,-4.311351e-06,-3.613695e-06,3.644397e-06,1070994000000.0,244100000000000.0,1.621223,67330000000000.0,-1.37709
1415,1.1034,6.866337,5.286748999999997,3542.218,426.544,330.1432,488.9132,-27.50754,-419.4054,30852620000000.0,29218680000000.0,2858534000000.0,0.4686857,1.448311e-06,-1.505835e-06,-2.908359e-06,-1.473408e-06,-1.50419e-07,-4.328862e-06,-3.807061e-06,1.612597e-06,28834220000000.0,2686866000000.0,0.4302004,1.407751e-06,-1.438358e-06,-2.801481e-06,-1.406944e-06,-1.212553e-07,-4.182174e-06,-3.674963e-06,1.59219e-06,24797430000000.0,1989115000000.0,0.2988558,1.21546e-06,-1.150478e-06,-2.326918e-06,-1.123789e-06,-1.472106e-08,-3.518914e-06,-3.080883e-06,1.463889e-06,846465000000.0,189900000000000.0,1.276116,41230000000000.0,-1.08603
1416,1.1109,5.744054,5.613738000000004,3566.149,358.7185,352.2962,163.6828,-58.58717,-143.3009,29795360000000.0,23740170000000.0,2217715000000.0,0.4373678,1.108973e-06,-4.066844e-07,-1.484779e-06,-3.856084e-07,6.311022e-07,-2.567786e-06,-2.170649e-06,1.989132e-06,21048980000000.0,1831362000000.0,0.3836394,9.833785e-07,-3.534212e-07,-1.309326e-06,-3.348273e-07,5.665299e-07,-2.269676e-06,-1.917486e-06,1.770603e-06,12590940000000.0,861214500000.0,0.2389715,6.012081e-07,-2.010534e-07,-7.852502e-07,-1.899105e-07,3.606629e-07,-1.372369e-06,-1.156982e-06,1.09643e-06,830906100000.0,84970000000000.0,1.102617,15940000000000.0,-0.8484951
1418,1.1101,6.815835,5.244243000000001,3559.133,425.3986,329.0029,55.51606,-34.0028,-401.7887,96979090000000.0,82658100000000.0,9423448000000.0,0.6561688,8.798273e-06,-1.588347e-07,-8.682535e-06,-5.561058e-08,7.916839e-06,-1.726202e-05,-1.410145e-05,1.864038e-05,76314570000000.0,8483757000000.0,0.5878081,8.346493e-06,-1.474724e-07,-8.232019e-06,-5.107672e-08,7.508679e-06,-1.637087e-05,-1.337213e-05,1.767902e-05,53054960000000.0,5195929000000.0,0.3844333,6.345671e-06,-1.027964e-07,-6.244358e-06,-3.466903e-08,5.701684e-06,-1.24319e-05,-1.01504e-05,1.342539e-05,1961477000000.0,183400000000000.0,2.362267,73710000000000.0,-2.015995
1420,1.1069,6.886159000000001,5.347463999999996,3550.036,428.7315,334.7078,123.5461,-37.63263,-652.0561,37484490000000.0,37292260000000.0,3244837000000.0,0.5042134,1.629809e-06,-2.151303e-07,-1.801665e-06,-1.874751e-07,1.30636e-06,-3.393335e-06,-2.809384e-06,3.305266e-06,35850550000000.0,3057470000000.0,0.4616422,1.585984e-06,-2.057138e-07,-1.749451e-06,-1.789161e-07,1.274477e-06,-3.29829e-06,-2.730016e-06,3.219412e-06,26046910000000.0,2076492000000.0,0.3040475,1.295184e-06,-1.536753e-07,-1.413733e-06,-1.323334e-07,1.05329e-06,-2.678453e-06,-2.214247e-06,2.640584e-06,1076255000000.0,128600000000000.0,1.216659,26620000000000.0,-1.07019
1421,1.1101,5.378346,5.724007000000005,3565.283,335.6591,358.9517,9.219158,185.9099,-258.0296,53054960000000.0,43731900000000.0,4916246000000.0,0.5295624,3.533173e-06,-4.25415e-09,-3.436044e-06,4.550319e-08,3.266558e-06,-6.880917e-06,-5.614887e-06,7.588474e-06,41232930000000.0,4439043000000.0,0.4785171,3.358225e-06,-3.961907e-09,-3.265377e-06,4.286769e-08,3.103417e-06,-6.539651e-06,-5.336166e-06,7.210557e-06,30948730000000.0,2861983000000.0,0.3202726,2.60822e-06,-2.81559e-09,-2.534222e-06,3.186595e-08,2.405212e-06,-5.077163e-06,-4.141931e-06,5.59228e-06,1202190000000.0,275400000000000.0,1.89198,88650000000000.0,-1.59291
1422,1.1118,5.347164,6.017312000000002,3567.37,333.8969,377.6791,-213.5285,116.3472,-168.3144,30179820000000.0,14128770000000.0,1165098000000.0,0.3628315,5.147352e-07,3.705178e-07,-1.329655e-07,3.782836e-07,8.53077e-07,-6.336876e-07,-4.504855e-07,1.488934e-06,13455970000000.0,1045403000000.0,0.3365522,4.761298e-07,3.380126e-07,-1.276826e-07,3.451699e-07,7.842947e-07,-5.90848e-07,-4.213786e-07,1.372416e-06,9803635000000.0,555410900000.0,0.2190566,3.0942e-07,2.034987e-07,-9.904107e-08,2.080529e-07,4.93205e-07,-4.000283e-07,-2.898674e-07,8.752351e-07,512450400000.0,81170000000000.0,0.8986241,12410000000000.0,-0.7283435
1424,1.1078,7.041918,5.307572000000006,3551.454,438.7014,332.4395,245.2463,-97.09668,-376.7343,30372040000000.0,28738110000000.0,2552713000000.0,0.4630539,1.183462e-06,-6.041732e-07,-1.754268e-06,-5.809194e-07,5.037893e-07,-2.911258e-06,-2.486872e-06,1.951989e-06,27488620000000.0,2329876000000.0,0.4191129,1.128414e-06,-5.644413e-07,-1.660934e-06,-5.423687e-07,4.916588e-07,-2.764092e-06,-2.35942e-06,1.872321e-06,18261670000000.0,1444650000000.0,0.2718662,8.520793e-07,-3.880661e-07,-1.215643e-06,-3.717802e-07,4.081667e-07,-2.0486e-06,-1.742923e-06,1.45006e-06,900652200000.0,160800000000000.0,1.188684,32520000000000.0,-0.99792
1426,1.1087,5.213673,5.8240300000000005,3562.523,325.0722,364.8871,-405.5337,456.3082,-170.437,30275930000000.0,26046910000000.0,2385072000000.0,0.4457915,1.161388e-06,1.176261e-06,3.79233e-08,1.190047e-06,2.261243e-06,-1.090781e-06,-6.77662e-07,3.699698e-06,23259600000000.0,2093703000000.0,0.3971152,1.090811e-06,1.08085e-06,1.181281e-08,1.093696e-06,2.099544e-06,-1.048273e-06,-6.602359e-07,3.45038e-06,15089910000000.0,1160614000000.0,0.2531523,7.834783e-07,7.090531e-07,-5.839003e-08,7.179459e-07,1.439592e-06,-8.197202e-07,-5.409316e-07,2.409176e-06,860589900000.0,107600000000000.0,1.10342,20200000000000.0,-0.890901
1427,1.1118,6.749581,5.212889999999996,3563.625,421.7563,327.3927,-108.1998,349.8004,-89.81389,135520800000000.0,128889000000000.0,14608520000000.0,0.7607508,1.609102e-05,1.219437e-06,-1.434665e-05,1.345923e-06,1.584547e-05,-3.001937e-05,-2.423325e-05,3.541856e-05,126197800000000.0,13640760000000.0,0.6939505,1.555873e-05,1.159433e-06,-1.388934e-05,1.279244e-06,1.529376e-05,-2.904349e-05,-2.3448e-05,3.421519e-05,87175460000000.0,8712639000000.0,0.452218,1.210399e-05,8.338081e-07,-1.086361e-05,9.167209e-07,1.179716e-05,-2.265237e-05,-1.829607e-05,2.649989e-05,2668002000000.0,159300000000000.0,2.770195,75080000000000.0,-2.44
1428,1.1123,5.439755,5.565443999999998,3571.092,340.0677,349.5485,-98.77298,269.9795,155.1099,100631400000000.0,100631400000000.0,10285640000000.0,0.6869792,9.497673e-06,6.783186e-07,-8.527837e-06,7.769897e-07,9.380668e-06,-1.778096e-05,-1.437194e-05,2.096593e-05,99670290000000.0,9835310000000.0,0.6433848,9.308645e-06,6.570008e-07,-8.365126e-06,7.528716e-07,9.183497e-06,-1.743405e-05,-1.409262e-05,2.053678e-05,73623370000000.0,6757885000000.0,0.4271694,7.761332e-06,5.059623e-07,-7.011455e-06,5.806495e-07,7.59853e-06,-1.457269e-05,-1.178503e-05,1.705588e-05,2253138000000.0,135600000000000.0,2.246154,51820000000000.0,-1.97109
1429,1.1109,6.883572,7.06968,3548.032,428.3268,443.219,27.61258,649.2469,109.0772,119950400000000.0,113895200000000.0,13028280000000.0,0.7334461,1.469952e-05,-1.725382e-06,-1.590429e-05,-1.580559e-06,1.162673e-05,-3.025664e-05,-2.495134e-05,2.943202e-05,108801100000000.0,12174650000000.0,0.6617605,1.427163e-05,-1.643371e-06,-1.540702e-05,-1.505335e-06,1.131192e-05,-2.934137e-05,-2.418973e-05,2.859456e-05,92557850000000.0,9160883000000.0,0.462126,1.24061e-05,-1.328477e-06,-1.328387e-05,-1.217846e-06,9.903725e-06,-2.539603e-05,-2.091495e-05,2.491149e-05,2345102000000.0,290000000000000.0,3.082713,152100000000000.0,-2.728
1432,1.1127,6.792827,5.173111999999999,3565.312,424.685,325.0637,-373.5922,-75.25868,115.0866,39406770000000.0,30468160000000.0,3151885000000.0,0.4691273,1.806246e-06,1.484665e-06,-2.824321e-07,1.504607e-06,3.165298e-06,-2.036611e-06,-1.393975e-06,5.397334e-06,28834220000000.0,2798077000000.0,0.4244333,1.686907e-06,1.359916e-06,-2.902501e-07,1.378367e-06,2.928942e-06,-1.928517e-06,-1.328288e-06,5.0132e-06,21145090000000.0,1609722000000.0,0.2827405,1.202761e-06,8.969402e-07,-2.790802e-07,9.095614e-07,2.013911e-06,-1.447122e-06,-1.018999e-06,3.499039e-06,916177500000.0,114900000000000.0,1.308014,25570000000000.0,-1.047684
1433,1.1136,5.509955,6.258178000000002,3569.398,344.3199,393.2452,-10.30644,16.20045,-209.3219,42770760000000.0,19895610000000.0,1683991000000.0,0.4135448,9.527822e-07,7.734293e-08,-8.511301e-07,9.3197e-08,9.68195e-07,-1.779756e-06,-1.43945e-06,2.139006e-06,18069440000000.0,1347115000000.0,0.3635739,8.209237e-07,6.541273e-08,-7.344923e-07,7.899618e-08,8.327326e-07,-1.5346e-06,-1.241366e-06,1.841384e-06,8554152000000.0,452271200000.0,0.2085954,4.017021e-07,2.978388e-08,-3.614845e-07,3.627597e-08,4.047624e-07,-7.529952e-07,-6.094591e-07,8.980693e-07,790452700000.0,32980000000000.0,0.9807328,5503000000000.0,-0.7408
1435,1.115,5.67797,5.686406999999994,3575.002,355.4444,357.7312,-254.4588,-50.62259,-365.6028,84868720000000.0,52093820000000.0,6621067000000.0,0.5624514,5.346752e-06,2.404497e-06,-2.807596e-06,2.455213e-06,7.337127e-06,-8.004185e-06,-6.095374e-06,1.391106e-05,45558070000000.0,5393648000000.0,0.4940459,4.661854e-06,2.076549e-06,-2.467613e-06,2.120487e-06,6.376419e-06,-6.99852e-06,-5.334135e-06,1.210776e-05,22490690000000.0,2054209000000.0,0.2880385,2.598051e-06,1.083325e-06,-1.447764e-06,1.106429e-06,3.475188e-06,-3.972759e-06,-3.044769e-06,6.666871e-06,1483632000000.0,90080000000000.0,1.716047,26300000000000.0,-1.41768
1436,1.119,5.18683,6.498176999999996,3582.365,325.1906,409.7213,279.7784,487.9106,-319.6216,54688900000000.0,44404700000000.0,4858496000000.0,0.5312333,3.239433e-06,-1.680443e-06,-4.818993e-06,-1.619792e-06,1.332637e-06,-7.989742e-06,-6.824075e-06,5.279626e-06,39599000000000.0,4221567000000.0,0.470787,2.993422e-06,-1.51741e-06,-4.41713e-06,-1.461826e-06,1.265355e-06,-7.347016e-06,-6.269748e-06,4.9118e-06,23740170000000.0,2249018000000.0,0.2923034,2.037201e-06,-9.424571e-07,-2.914494e-06,-9.059842e-07,9.470077e-07,-4.908277e-06,-4.174756e-06,3.426302e-06,1303722000000.0,169400000000000.0,1.665789,48010000000000.0,-1.37907
1438,1.1141,6.579299,5.264788000000005,3569.656,411.7163,331.1151,-169.1077,470.3056,-349.8927,34216610000000.0,27969190000000.0,2791996000000.0,0.4565361,1.42597e-06,5.191196e-07,-8.734378e-07,5.401208e-07,1.851195e-06,-2.262708e-06,-1.753637e-06,3.608209e-06,25662460000000.0,2466654000000.0,0.4088194,1.335158e-06,4.753764e-07,-8.283358e-07,4.949007e-07,1.722149e-06,-2.1291e-06,-1.652415e-06,3.367001e-06,18069440000000.0,1442132000000.0,0.2687341,9.905941e-07,3.248838e-07,-6.419121e-07,3.389546e-07,1.248512e-06,-1.606907e-06,-1.253135e-06,2.4681e-06,899769000000.0,146200000000000.0,1.225778,30490000000000.0,-1.00881
1439,1.1132,5.432165,5.620910999999996,3572.957,339.7677,353.2345,-354.3542,434.0069,-298.1002,71028290000000.0,61705230000000.0,6371286000000.0,0.5947735,5.113082e-06,2.614812e-06,-2.370754e-06,2.656385e-06,7.320466e-06,-7.339188e-06,-5.513239e-06,1.360852e-05,59302380000000.0,5895025000000.0,0.5393382,4.928796e-06,2.468163e-06,-2.336978e-06,2.507539e-06,7.001925e-06,-7.12626e-06,-5.365921e-06,1.306208e-05,42962990000000.0,4012478000000.0,0.3578054,4.033691e-06,1.841317e-06,-2.088279e-06,1.870747e-06,5.542596e-06,-6.007513e-06,-4.566042e-06,1.049717e-05,1541397000000.0,418800000000000.0,2.332524,166200000000000.0,-2.077539
1440,1.1141,7.099313,6.968273999999994,3554.612,442.707,437.8102,149.9697,369.1522,244.028,42097960000000.0,40464020000000.0,3932032000000.0,0.5237453,2.278646e-06,-1.012628e-06,-3.222121e-06,-9.711112e-07,1.107822e-06,-5.450102e-06,-4.631464e-06,3.887813e-06,39502880000000.0,3680855000000.0,0.4751711,2.205283e-06,-9.594081e-07,-3.097529e-06,-9.194574e-07,1.092031e-06,-5.253753e-06,-4.461406e-06,3.782125e-06,31621530000000.0,2700177000000.0,0.3236361,1.88314e-06,-7.543233e-07,-2.579261e-06,-7.21053e-07,9.947312e-07,-4.420421e-06,-3.743577e-06,3.290432e-06,1102645000000.0,231100000000000.0,1.548885,60900000000000.0,-1.353474
1441,1.1249,6.943018,6.862322000000002,3580.987,436.0753,434.1414,4.125043,592.4745,13.95036,41809620000000.0,35946660000000.0,3517289000000.0,0.4944217,2.058658e-06,-3.306516e-07,-2.33219e-06,-2.965148e-07,1.586518e-06,-4.342448e-06,-3.604432e-06,4.107395e-06,33832150000000.0,3222246000000.0,0.448833,1.97023e-06,-3.097318e-07,-2.225057e-06,-2.77282e-07,1.52436e-06,-4.148928e-06,-3.442555e-06,3.936558e-06,24605200000000.0,2108771000000.0,0.2960049,1.561506e-06,-2.238387e-07,-1.740951e-06,-1.989484e-07,1.227063e-06,-3.265594e-06,-2.705534e-06,3.137382e-06,1039937000000.0,256100000000000.0,1.569355,68380000000000.0,-1.354
1444,1.1208,5.446478,6.563733000000002,3584.822,341.7997,414.3494,44.22046,-241.8192,-186.9968,39599000000000.0,38830080000000.0,3836164000000.0,0.5183777,2.185171e-06,1.875228e-09,-2.122778e-06,3.486452e-08,2.031911e-06,-4.2534e-06,-3.471113e-06,4.708682e-06,37388370000000.0,3545650000000.0,0.4611195,2.110911e-06,1.770994e-09,-2.050452e-06,3.340699e-08,1.962075e-06,-4.108654e-06,-3.352881e-06,4.54749e-06,29410900000000.0,2594668000000.0,0.3154346,1.803122e-06,1.394569e-09,-1.750823e-06,2.762337e-08,1.673331e-06,-3.50888e-06,-2.863062e-06,3.880443e-06,1070545000000.0,315100000000000.0,1.610704,86350000000000.0,-1.41669
1446,1.1208,5.404093,6.564101999999997,3584.47,339.0905,414.3031,-69.72103,242.1402,-391.2431,66895390000000.0,66222590000000.0,6044627000000.0,0.6064145,4.736025e-06,6.449144e-07,-3.956055e-06,6.996067e-07,5.008615e-06,-8.569572e-06,-6.872604e-06,1.08033e-05,64876990000000.0,5703048000000.0,0.5555901,4.606533e-06,6.162474e-07,-3.858404e-06,6.689238e-07,4.858963e-06,-8.345739e-06,-6.695013e-06,1.049432e-05,53151080000000.0,4163980000000.0,0.3827886,3.933972e-06,4.853223e-07,-3.33382e-06,5.280811e-07,4.101455e-06,-7.165845e-06,-5.755451e-06,8.910236e-06,1562191000000.0,194600000000000.0,2.03663,67430000000000.0,-1.78101
1447,1.1267,6.932941,6.824494000000005,3584.705,435.8883,432.1645,-26.40549,841.3016,217.4343,28257540000000.0,12494830000000.0,508018400000.0,0.3482759,2.403664e-07,-9.57915e-08,-3.307552e-07,-9.090911e-08,1.312e-07,-5.661362e-07,-4.799774e-07,4.274383e-07,10764780000000.0,409111300000.0,0.3068886,2.0602e-07,-8.068587e-08,-2.820528e-07,-7.651303e-08,1.138223e-07,-4.837881e-07,-4.099412e-07,3.676974e-07,4517361000000.0,131930600000.0,0.1701152,9.136056e-08,-3.290844e-08,-1.221564e-07,-3.108605e-08,5.323713e-08,-2.115932e-07,-1.788452e-07,1.657455e-07,524158000000.0,27140000000000.0,0.7332954,3386000000000.0,-0.598121
1448,1.1221,5.089341,7.100297999999999,3585.29,319.3063,448.358,257.548,238.9066,-169.6413,29122560000000.0,23836290000000.0,2251179000000.0,0.430372,1.052393e-06,-7.260736e-07,-1.748093e-06,-7.042314e-07,2.603208e-07,-2.777479e-06,-2.399921e-06,1.546916e-06,21337320000000.0,1981436000000.0,0.3843076,9.80857e-07,-6.616566e-07,-1.614105e-06,-6.413967e-07,2.573727e-07,-2.573508e-06,-2.221587e-06,1.456346e-06,15282140000000.0,1159729000000.0,0.253375,7.198295e-07,-4.470534e-07,-1.145748e-06,-4.324679e-07,2.264905e-07,-1.849803e-06,-1.591456e-06,1.105912e-06,768958700000.0,119000000000000.0,1.096498,22200000000000.0,-0.889911
1449,1.1321,6.580629,5.4077539999999935,3611.011,416.571,344.1011,8.941085,529.7201,-130.2783,48633720000000.0,40367910000000.0,4276130000000.0,0.5129029,2.597708e-06,-2.965692e-07,-2.822139e-06,-2.545929e-07,2.120748e-06,-5.35781e-06,-4.426843e-06,5.301839e-06,37965060000000.0,3869709000000.0,0.4624249,2.469661e-06,-2.76359e-07,-2.677148e-06,-2.367284e-07,2.020901e-06,-5.087794e-06,-4.202639e-06,5.044702e-06,26719710000000.0,2367184000000.0,0.3029193,1.866598e-06,-1.914177e-07,-2.004929e-06,-1.624639e-07,1.541634e-06,-3.826805e-06,-3.157513e-06,3.825317e-06,1139990000000.0,174600000000000.0,1.519901,45150000000000.0,-1.29195
1450,1.1271,5.483517,5.857951000000007,3603.791,345.9593,371.4426,2.817561,512.6822,-190.7081,45654180000000.0,32294330000000.0,3187260000000.0,0.4761874,1.869496e-06,-1.311692e-07,-1.950466e-06,-1.005567e-07,1.611673e-06,-3.774941e-06,-3.105488e-06,3.903982e-06,30756500000000.0,2906635000000.0,0.4369907,1.778737e-06,-1.225962e-07,-1.85339e-06,-9.363985e-08,1.535078e-06,-3.589266e-06,-2.952267e-06,3.715798e-06,20568410000000.0,1663907000000.0,0.2779062,1.27888e-06,-7.976127e-08,-1.323393e-06,-5.968421e-08,1.109655e-06,-2.571359e-06,-2.113162e-06,2.676245e-06,978518100000.0,186700000000000.0,1.467989,46630000000000.0,-1.24641
1454,1.1335,7.090247,6.488685999999999,3602.556,448.0993,412.8962,-45.8537,836.8774,119.0666,40848480000000.0,30852620000000.0,3126773000000.0,0.4675026,1.760422e-06,-2.881159e-07,-2.002914e-06,-2.57628e-07,1.357399e-06,-3.723624e-06,-3.092384e-06,3.517838e-06,27584740000000.0,2739337000000.0,0.4150905,1.644387e-06,-2.631102e-07,-1.864638e-06,-2.348223e-07,1.273282e-06,-3.471862e-06,-2.882193e-06,3.290932e-06,19799500000000.0,1636016000000.0,0.2759089,1.204512e-06,-1.77039e-07,-1.349456e-06,-1.568863e-07,9.464164e-07,-2.526565e-06,-2.094515e-06,2.423214e-06,941621800000.0,137600000000000.0,1.304952,30550000000000.0,-1.087548
1455,1.1335,5.332296,6.362392000000004,3615.137,337.4215,404.852,-32.34689,-18.04703,-262.4732,44981380000000.0,40944590000000.0,4299462000000.0,0.5127908,2.629362e-06,3.215691e-07,-2.237056e-06,3.590651e-07,2.763443e-06,-4.798824e-06,-3.858464e-06,5.988189e-06,38445630000000.0,3927273000000.0,0.4656606,2.524092e-06,3.031415e-07,-2.152797e-06,3.388808e-07,2.646435e-06,-4.61199e-06,-3.7092e-06,5.741646e-06,26719710000000.0,2445010000000.0,0.3049142,1.97429e-06,2.174823e-07,-1.702493e-06,2.443911e-07,2.047022e-06,-3.625978e-06,-2.919508e-06,4.466286e-06,1171834000000.0,189700000000000.0,1.557865,50280000000000.0,-1.30878
1457,1.1307,5.46774,5.8004499999999934,3612.255,345.768,368.6254,-75.40628,355.4621,45.89975,36523350000000.0,21721780000000.0,1667397000000.0,0.4181017,8.024585e-07,8.370838e-08,-6.988664e-07,9.733219e-08,8.352338e-07,-1.481177e-06,-1.194599e-06,1.822237e-06,20280070000000.0,1435109000000.0,0.3749602,7.252542e-07,7.394066e-08,-6.332682e-07,8.618151e-08,7.529265e-07,-1.340305e-06,-1.081278e-06,1.644844e-06,9995863000000.0,617976700000.0,0.2184243,4.146044e-07,3.833791e-08,-3.657538e-07,4.514271e-08,4.258658e-07,-7.699257e-07,-6.217925e-07,9.354128e-07,790455500000.0,105500000000000.0,1.094742,19650000000000.0,-0.9181106
1460,1.1357,7.075792,6.699537999999996,3605.952,447.5979,426.8231,-72.43423,565.0992,-292.9541,29410900000000.0,23836290000000.0,2333936000000.0,0.4357122,1.088645e-06,1.079994e-07,-9.542079e-07,1.261432e-07,1.127261e-06,-2.016381e-06,-1.627168e-06,2.466787e-06,22490690000000.0,2084088000000.0,0.3904056,1.022556e-06,9.909047e-08,-8.985077e-07,1.160299e-07,1.056122e-06,-1.896168e-06,-1.530562e-06,2.314126e-06,16339390000000.0,1256444000000.0,0.2579556,7.58004e-07,6.706469e-08,-6.720583e-07,7.929877e-08,7.754018e-07,-1.411526e-06,-1.140433e-06,1.707317e-06,759900800000.0,182500000000000.0,1.170694,36350000000000.0,-0.979902
1463,1.1399,6.868718,6.648387000000002,3618.096,435.8336,424.7734,-296.7765,585.2663,-112.8463,61609120000000.0,42866870000000.0,4418391000000.0,0.5192112,3.069806e-06,1.366216e-06,-1.629311e-06,1.401536e-06,4.212889e-06,-4.616635e-06,-3.520354e-06,7.991624e-06,40944590000000.0,4046045000000.0,0.4727369,2.92753e-06,1.274752e-06,-1.581531e-06,1.308064e-06,3.988253e-06,-4.430339e-06,-3.384768e-06,7.591165e-06,30275930000000.0,2600785000000.0,0.3147487,2.304404e-06,9.13977e-07,-1.332878e-06,9.388414e-07,3.045424e-06,-3.575113e-06,-2.751722e-06,5.878966e-06,1174981000000.0,232200000000000.0,1.737721,68650000000000.0,-1.530351
1464,1.1394,7.112145,6.5162659999999955,3615.803,451.1504,416.211,-410.6012,492.4514,153.535,29410900000000.0,24893540000000.0,2160349000000.0,0.4337876,1.013791e-06,8.826381e-07,-1.103327e-07,8.952865e-07,1.829759e-06,-1.096255e-06,-7.352961e-07,3.084088e-06,22682920000000.0,1941563000000.0,0.3930747,9.532157e-07,8.115922e-07,-1.219319e-07,8.233907e-07,1.701796e-06,-1.048917e-06,-7.095054e-07,2.880987e-06,14801570000000.0,1101753000000.0,0.2478929,6.813104e-07,5.250356e-07,-1.418089e-07,5.331401e-07,1.160185e-06,-8.042892e-07,-5.616178e-07,2.002363e-06,815761400000.0,186500000000000.0,1.218071,38650000000000.0,-1.01673
1465,1.1394,7.125032,5.854685999999997,3620.362,452.5463,374.1235,37.96883,620.7161,200.6261,30372040000000.0,28641990000000.0,2588254000000.0,0.4577927,1.180755e-06,-4.21627e-07,-1.57093e-06,-3.992702e-07,6.845845e-07,-2.725225e-06,-2.301965e-06,2.13239e-06,27873080000000.0,2391325000000.0,0.4199381,1.13414e-06,-3.980089e-07,-1.501838e-06,-3.766165e-07,6.642501e-07,-2.610537e-06,-2.20397e-06,2.054736e-06,18550010000000.0,1431176000000.0,0.2677393,8.605388e-07,-2.758375e-07,-1.112958e-06,-2.599623e-07,5.289549e-07,-1.954097e-06,-1.645531e-06,1.583317e-06,890479500000.0,104900000000000.0,1.07579,19200000000000.0,-0.8898405
1468,1.1376,6.939647,6.2348320000000035,3615.278,440.0352,397.8837,42.4897,771.3746,-79.34209,29122560000000.0,28353650000000.0,2295057000000.0,0.4536125,9.946564e-07,-3.482183e-07,-1.317237e-06,-3.293238e-07,5.846956e-07,-2.290099e-06,-1.933433e-06,1.805529e-06,26815820000000.0,2113771000000.0,0.4109794,9.531501e-07,-3.268335e-07,-1.255309e-06,-3.088042e-07,5.668756e-07,-2.187537e-06,-1.845744e-06,1.736598e-06,18742240000000.0,1352200000000.0,0.2689299,7.394513e-07,-2.313499e-07,-9.512725e-07,-2.176561e-07,4.609573e-07,-1.674373e-06,-1.40916e-06,1.367813e-06,876978400000.0,138600000000000.0,1.095375,25830000000000.0,-0.937332
1471,1.1399,7.149315,6.690009000000001,3615.502,453.4952,427.4078,-352.445,306.7715,-147.522,54016110000000.0,33063240000000.0,3503987000000.0,0.4758978,2.084768e-06,1.454059e-06,-5.840587e-07,1.477563e-06,3.392376e-06,-2.610036e-06,-1.867485e-06,5.965768e-06,29603130000000.0,3047847000000.0,0.4238103,1.907229e-06,1.297276e-06,-5.669919e-07,1.318509e-06,3.069639e-06,-2.420407e-06,-1.741015e-06,5.423395e-06,20664520000000.0,1735493000000.0,0.2772429,1.322091e-06,8.231987e-07,-4.683749e-07,8.372073e-07,2.049476e-06,-1.753094e-06,-1.281931e-06,3.679832e-06,994211600000.0,152300000000000.0,1.434094,37160000000000.0,-1.22967
1472,1.1426,4.805587,5.178175999999997,3647.556,306.652,331.7189,354.1058,132.795,-98.82623,35946660000000.0,33832150000000.0,3149066000000.0,0.4812187,1.615429e-06,-1.311734e-06,-2.876732e-06,-1.277702e-06,1.977822e-07,-4.458469e-06,-3.877567e-06,2.166019e-06,32102100000000.0,2936468000000.0,0.4398834,1.555389e-06,-1.238473e-06,-2.745165e-06,-1.205847e-06,2.14488e-07,-4.2681e-06,-3.708747e-06,2.109337e-06,25374110000000.0,2028188000000.0,0.2967383,1.262919e-06,-9.224362e-07,-2.145266e-06,-8.964987e-07,2.555463e-07,-3.381783e-06,-2.927449e-06,1.793177e-06,963201400000.0,183300000000000.0,1.32976,41470000000000.0,-1.14345
1473,1.1454,7.159428,4.8639749999999955,3639.931,457.2118,312.1808,-39.79209,84.17986,-157.719,134175200000000.0,104764300000000.0,13120120000000.0,0.7000703,1.376916e-05,6.318915e-07,-1.269036e-05,7.563943e-07,1.318061e-05,-2.610511e-05,-2.115548e-05,2.993415e-05,103226500000000.0,12252360000000.0,0.6428773,1.328994e-05,5.995971e-07,-1.225699e-05,7.176633e-07,1.270494e-05,-2.520478e-05,-2.042675e-05,2.887189e-05,76026230000000.0,8077809000000.0,0.4267072,1.050382e-05,4.357404e-07,-9.716977e-06,5.19947e-07,9.974627e-06,-1.995005e-05,-1.617078e-05,2.273722e-05,2246147000000.0,169800000000000.0,2.605124,75260000000000.0,-2.30175
1474,1.1444,7.093306,4.987592000000003,3637.439,452.6354,319.8892,28.74118,421.5539,-391.509,45942520000000.0,42578530000000.0,4277998000000.0,0.5184681,2.598456e-06,-2.313428e-07,-2.757292e-06,-1.906365e-07,2.183808e-06,-5.293487e-06,-4.362069e-06,5.365182e-06,41232930000000.0,3999766000000.0,0.4791748,2.508535e-06,-2.196528e-07,-2.657943e-06,-1.805883e-07,2.111158e-06,-5.106339e-06,-4.207089e-06,5.182024e-06,30372040000000.0,2641425000000.0,0.3196996,1.992163e-06,-1.598324e-07,-2.095099e-06,-1.298772e-07,1.687716e-06,-4.039368e-06,-3.324926e-06,4.124585e-06,1151323000000.0,190400000000000.0,1.581155,51220000000000.0,-1.33848
1477,1.1426,6.543038,6.500251000000003,3627.396,416.05,416.0154,2.93936,739.136,-65.37858,69778810000000.0,58917920000000.0,6545783000000.0,0.5819447,5.129064e-06,-6.186814e-07,-5.594457e-06,-5.456434e-07,4.120108e-06,-1.060337e-05,-8.760459e-06,1.038144e-05,55842270000000.0,5916523000000.0,0.5228976,4.879996e-06,-5.763933e-07,-5.309751e-06,-5.07654e-07,3.92983e-06,-1.007532e-05,-8.321695e-06,9.885773e-06,37580600000000.0,3597401000000.0,0.3379216,3.688933e-06,-3.968072e-07,-3.971991e-06,-3.476417e-07,3.000522e-06,-7.574061e-06,-6.24766e-06,7.497893e-06,1513012000000.0,320400000000000.0,2.206861,120300000000000.0,-1.913
1480,1.1523,6.273162,6.660936000000004,3650.817,401.3231,428.9175,-13.39395,438.5742,-299.2173,44404700000000.0,42097960000000.0,4133913000000.0,0.5141009,2.330315e-06,1.478534e-09,-2.265895e-06,3.734812e-08,2.169396e-06,-4.539031e-06,-3.704639e-06,5.026278e-06,40656250000000.0,3841981000000.0,0.4694899,2.250294e-06,1.402415e-09,-2.187895e-06,3.583446e-08,2.094202e-06,-4.382946e-06,-3.577149e-06,4.852617e-06,27584740000000.0,2494439000000.0,0.3044919,1.772289e-06,1.006671e-09,-1.722266e-06,2.718465e-08,1.646196e-06,-3.450934e-06,-2.816039e-06,3.817023e-06,1174954000000.0,219200000000000.0,1.528129,56990000000000.0,-1.327827
1482,1.1509,6.392946,6.623770999999995,3646.843,408.6043,426.1373,-42.51756,414.152,-96.3302,45077500000000.0,26431370000000.0,2530797000000.0,0.4420345,1.615589e-06,2.581436e-08,-1.547282e-06,5.190309e-08,1.532826e-06,-3.122835e-06,-2.544968e-06,3.515624e-06,23451830000000.0,2110202000000.0,0.3943428,1.449883e-06,2.277842e-08,-1.388829e-06,4.605165e-08,1.374769e-06,-2.80277e-06,-2.284133e-06,3.153958e-06,10860890000000.0,748945600000.0,0.2254167,7.508547e-07,1.08755e-08,-7.197832e-07,2.25559e-08,7.098337e-07,-1.451993e-06,-1.183295e-06,1.63059e-06,948357500000.0,53460000000000.0,1.191797,10840000000000.0,-0.9014105
1486,1.1518,4.831563,5.741716999999994,3665.072,309.7981,369.8323,430.4559,310.4438,-86.68938,84099810000000.0,66703160000000.0,7632315000000.0,0.60073,6.31516e-06,-4.017617e-06,-1.010842e-05,-3.898547e-06,1.818869e-06,-1.629799e-05,-1.4017e-05,9.465833e-06,60936320000000.0,6774743000000.0,0.536891,5.911122e-06,-3.67803e-06,-9.378111e-06,-3.567649e-06,1.781661e-06,-1.517158e-05,-1.303621e-05,8.937629e-06,38637850000000.0,3802007000000.0,0.3398329,4.11804e-06,-2.335912e-06,-6.303627e-06,-2.262445e-06,1.456836e-06,-1.033943e-05,-8.850782e-06,6.436536e-06,1712270000000.0,187500000000000.0,2.121587,67680000000000.0,-1.81467
1488,1.1602,4.845255,6.63078,3677.488,311.7326,429.0352,312.1846,53.15137,57.84516,31237070000000.0,27584740000000.0,2771459000000.0,0.4448439,1.315745e-06,-1.038443e-06,-2.314084e-06,-1.010768e-06,1.924492e-07,-3.601776e-06,-3.129102e-06,1.797335e-06,26911940000000.0,2614678000000.0,0.4133065,1.280637e-06,-9.969774e-07,-2.238506e-06,-9.701172e-07,2.008282e-07,-3.491832e-06,-3.031748e-06,1.762765e-06,21241210000000.0,1786757000000.0,0.2779482,1.045682e-06,-7.473932e-07,-1.760731e-06,-7.258812e-07,2.293157e-07,-2.784083e-06,-2.408285e-06,1.503999e-06,817887500000.0,186400000000000.0,1.219039,38660000000000.0,-1.03554
1489,1.1621,5.537336,5.482774999999996,3685.577,357.3048,355.4211,337.3099,-231.7644,-158.2289,28449760000000.0,24893540000000.0,2320962000000.0,0.4406378,1.059448e-06,-8.385174e-07,-1.866826e-06,-8.159992e-07,1.545511e-07,-2.903722e-06,-2.523325e-06,1.448691e-06,22779030000000.0,2015665000000.0,0.3870092,9.820368e-07,-7.581817e-07,-1.711242e-06,-7.37417e-07,1.619739e-07,-2.672359e-06,-2.319727e-06,1.361368e-06,15378250000000.0,1140485000000.0,0.2491674,6.978814e-07,-4.953169e-07,-1.172315e-06,-4.808436e-07,1.576728e-07,-1.855294e-06,-1.604619e-06,1.009534e-06,806301800000.0,146500000000000.0,1.145836,28560000000000.0,-0.938916
1490,1.1597,5.391565,6.932565000000004,3671.044,346.4706,448.3459,355.0549,138.3954,-117.581,29410900000000.0,23932400000000.0,2495567000000.0,0.4256221,1.32507e-06,-1.062641e-06,-2.346884e-06,-1.03431e-06,1.770679e-07,-3.644294e-06,-3.167979e-06,1.792455e-06,17973330000000.0,1816063000000.0,0.3582317,1.100315e-06,-8.698149e-07,-1.936148e-06,-8.463702e-07,1.593587e-07,-3.013488e-06,-2.61794e-06,1.500614e-06,7400783000000.0,535803200000.0,0.1962495,5.223583e-07,-3.904452e-07,-8.965029e-07,-3.794858e-07,9.759542e-08,-1.407939e-06,-1.220109e-06,7.340549e-07,931688400000.0,57390000000000.0,1.103015,10770000000000.0,-0.751366
1492,1.1607,5.464178,5.351706000000001,3683.818,352.3869,346.666,319.2912,52.75969,80.99612,28449760000000.0,18357790000000.0,1385250000000.0,0.3922409,6.082848e-07,-6.260907e-07,-1.216614e-06,-6.123641e-07,-5.426272e-08,-1.812068e-06,-1.593764e-06,6.889885e-07,16819960000000.0,1162978000000.0,0.3488599,5.384187e-07,-5.428081e-07,-1.065458e-06,-5.307045e-07,-3.680841e-08,-1.592515e-06,-1.399272e-06,6.209969e-07,1441711000000.0,90915700000.0,0.1135601,9.128738e-08,-8.399759e-08,-1.725743e-07,-8.19827e-08,1.673694e-09,-2.619317e-07,-2.291572e-07,1.131407e-07,705489800000.0,43260000000000.0,0.8582744,6317000000000.0,-0.6577
1494,1.1574,7.130146,6.956259000000004,3653.48,457.0173,449.2341,-411.448,440.9839,136.817,34120490000000.0,28545880000000.0,2912082000000.0,0.4532077,1.541121e-06,1.168735e-06,-3.388037e-07,1.186113e-06,2.60261e-06,-1.836926e-06,-1.287908e-06,4.506235e-06,27680850000000.0,2729783000000.0,0.4152876,1.493804e-06,1.111091e-06,-3.500129e-07,1.127807e-06,2.500507e-06,-1.80211e-06,-1.269917e-06,4.345437e-06,23451830000000.0,1999979000000.0,0.2882474,1.278644e-06,8.753507e-07,-3.747271e-07,8.891518e-07,2.062934e-06,-1.617573e-06,-1.161905e-06,3.641162e-06,831256000000.0,267300000000000.0,1.390576,63240000000000.0,-1.207337
1498,1.1588,5.54442,6.060969999999998,3674.698,356.7088,392.0143,345.5134,86.67357,-119.7526,50556000000000.0,43155220000000.0,4847086000000.0,0.5174812,3.210264e-06,-1.951014e-06,-5.056506e-06,-1.889411e-06,1.031573e-06,-8.198778e-06,-7.043095e-06,4.935386e-06,41425160000000.0,4475641000000.0,0.4718428,3.095896e-06,-1.847948e-06,-4.842483e-06,-1.788871e-06,1.027331e-06,-7.872787e-06,-6.758176e-06,4.791527e-06,32005980000000.0,3028641000000.0,0.3196638,2.535897e-06,-1.394196e-06,-3.845767e-06,-1.347159e-06,9.567131e-07,-6.327848e-06,-5.414445e-06,4.037825e-06,1157854000000.0,252200000000000.0,1.741846,74740000000000.0,-1.48995
1499,1.1597,5.545949,5.892205000000007,3677.519,357.0816,381.3138,261.8137,166.9755,-2.69257,37003920000000.0,31525410000000.0,3075556000000.0,0.4660878,1.811817e-06,-1.102431e-06,-2.859271e-06,-1.066275e-06,5.894534e-07,-4.631458e-06,-3.980777e-06,2.800003e-06,28353650000000.0,2648291000000.0,0.4152955,1.69631e-06,-1.011169e-06,-2.655829e-06,-9.775017e-07,5.722719e-07,-4.315024e-06,-3.70577e-06,2.641595e-06,15762710000000.0,1196698000000.0,0.2513244,1.124493e-06,-6.144096e-07,-1.704121e-06,-5.926567e-07,4.334699e-07,-2.803977e-06,-2.399928e-06,1.804315e-06,1005661000000.0,140100000000000.0,1.354664,32290000000000.0,-1.09197
1500,1.1616,5.46844,5.4387120000000015,3684.932,352.7701,352.4448,222.2634,222.1839,-74.94896,44020240000000.0,41136820000000.0,4054441000000.0,0.5082006,2.295777e-06,-1.085665e-06,-3.311394e-06,-1.042895e-06,1.052153e-06,-5.555873e-06,-4.731331e-06,3.852629e-06,40367910000000.0,3799120000000.0,0.4672512,2.22923e-06,-1.03788e-06,-3.198923e-06,-9.965243e-07,1.037415e-06,-5.378331e-06,-4.577637e-06,3.756428e-06,32871010000000.0,2652320000000.0,0.3207346,1.837274e-06,-7.905237e-07,-2.570826e-06,-7.572414e-07,9.17334e-07,-4.36699e-06,-3.706836e-06,3.156961e-06,1099587000000.0,147400000000000.0,1.426739,35780000000000.0,-1.223
1502,1.1658,4.958376,5.991604000000003,3693.954,320.4751,389.1592,391.3795,160.442,-402.0706,37388370000000.0,33159350000000.0,3112995000000.0,0.4728309,1.655489e-06,-1.341098e-06,-2.945585e-06,-1.306003e-06,2.068345e-07,-4.56741e-06,-3.971796e-06,2.224694e-06,31044840000000.0,2788941000000.0,0.4266972,1.558018e-06,-1.237344e-06,-2.747187e-06,-1.204478e-06,2.189159e-07,-4.273494e-06,-3.712906e-06,2.117681e-06,20087840000000.0,1568011000000.0,0.2736195,1.093146e-06,-7.933288e-07,-1.852075e-06,-7.708382e-07,2.265724e-07,-2.922882e-06,-2.529408e-06,1.557808e-06,1007381000000.0,122700000000000.0,1.301508,27170000000000.0,-1.057313
1503,1.1644,5.522314,6.704296999999997,3682.471,356.0291,434.8893,-149.9207,17.2942,74.53555,49979310000000.0,48633720000000.0,4149861000000.0,0.5371619,2.629696e-06,7.094444e-07,-1.852159e-06,7.445003e-07,3.151251e-06,-4.411848e-06,-3.472592e-06,6.381325e-06,47384230000000.0,3808710000000.0,0.493515,2.526442e-06,6.704698e-07,-1.790335e-06,7.039207e-07,3.015671e-06,-4.249514e-06,-3.347065e-06,6.118539e-06,23355720000000.0,1754121000000.0,0.2864249,1.746051e-06,4.168435e-07,-1.28277e-06,4.388344e-07,2.034048e-06,-2.982306e-06,-2.358255e-06,4.176599e-06,1380711000000.0,86930000000000.0,1.42326,21050000000000.0,-1.17612
1504,1.1635,6.421347,5.720597999999999,3681.553,414.3413,371.133,-43.24115,366.4893,-49.51034,85637630000000.0,76506800000000.0,8457265000000.0,0.626036,7.725804e-06,6.607787e-08,-7.416842e-06,1.506747e-07,7.14421e-06,-1.494827e-05,-1.217272e-05,1.655768e-05,73431150000000.0,7862890000000.0,0.5711191,7.451712e-06,6.254418e-08,-7.153781e-06,1.429743e-07,6.885868e-06,-1.441796e-05,-1.174051e-05,1.596343e-05,56515070000000.0,5402185000000.0,0.3842202,6.085588e-06,4.68901e-08,-5.841914e-06,1.078244e-07,5.604261e-06,-1.177412e-05,-9.58604e-06,1.300971e-05,1763482000000.0,310700000000000.0,2.567086,135700000000000.0,-2.23516
1505,1.1658,4.942785,5.939941999999999,3694.196,319.4834,385.7957,472.0072,261.8327,128.6462,80447470000000.0,75065090000000.0,7924037000000.0,0.620104,7.143738e-06,-4.5449e-06,-1.141807e-05,-4.416402e-06,2.022327e-06,-1.84237e-05,-1.583749e-05,1.064349e-05,72085550000000.0,7414436000000.0,0.5671772,6.91436e-06,-4.313323e-06,-1.096475e-05,-4.190044e-06,2.0396e-06,-1.774534e-05,-1.524185e-05,1.038217e-05,54304450000000.0,5218118000000.0,0.3806804,5.789589e-06,-3.307801e-06,-8.872914e-06,-3.209081e-06,1.997552e-06,-1.455012e-05,-1.245254e-05,8.97574e-06,1749016000000.0,368300000000000.0,2.593304,162500000000000.0,-2.281
1506,1.1649,5.437288,6.743309000000006,3683.813,350.6419,437.5405,165.9546,205.9805,-125.3413,37003920000000.0,27104170000000.0,2713754000000.0,0.4410071,1.577135e-06,-6.075104e-07,-2.139325e-06,-5.779888e-07,8.654598e-07,-3.680088e-06,-3.114706e-06,2.794268e-06,23067380000000.0,2261421000000.0,0.390883,1.432634e-06,-5.416058e-07,-1.932927e-06,-5.149378e-07,7.959336e-07,-3.332514e-06,-2.818888e-06,2.547775e-06,12687060000000.0,982975300000.0,0.2350425,8.038377e-07,-2.814714e-07,-1.061773e-06,-2.668777e-07,4.678354e-07,-1.847049e-06,-1.558745e-06,1.450171e-06,922354800000.0,99280000000000.0,1.242661,20990000000000.0,-0.967131
1507,1.1705,4.856773,7.130727000000001,3696.119,314.0603,464.0553,130.8966,-82.9827,88.04767,162625000000000.0,152244700000000.0,18366040000000.0,0.7845557,2.624447e-05,-2.812714e-06,-2.80433e-05,-2.62099e-06,2.079225e-05,-5.365748e-05,-4.41645e-05,5.243931e-05,145997300000000.0,16808370000000.0,0.7136946,2.530156e-05,-2.668616e-06,-2.698784e-05,-2.489005e-06,2.007199e-05,-5.168152e-05,-4.252794e-05,5.057348e-05,101208100000000.0,10292790000000.0,0.4654042,2.026974e-05,-1.976238e-06,-2.143809e-05,-1.85472e-06,1.61722e-05,-4.121975e-05,-3.387945e-05,4.057098e-05,3028147000000.0,154700000000000.0,3.498079,92070000000000.0,-2.8611
1509,1.1635,5.472267,5.035421000000003,3691.6,353.6573,326.7622,343.4744,89.40517,-140.1493,28449760000000.0,25181890000000.0,2215858000000.0,0.4335481,1.027322e-06,-9.011619e-07,-1.897407e-06,-8.789613e-07,6.123691e-08,-2.90316e-06,-2.534071e-06,1.314633e-06,22682920000000.0,1953301000000.0,0.3843322,9.593943e-07,-8.208012e-07,-1.751062e-06,-8.001789e-07,7.760822e-08,-2.690303e-06,-2.345586e-06,1.247943e-06,15858820000000.0,1178513000000.0,0.2514782,6.980463e-07,-5.436343e-07,-1.220155e-06,-5.2896e-07,1.089822e-07,-1.903505e-06,-1.652598e-06,9.599571e-07,807583100000.0,227700000000000.0,1.273872,49350000000000.0,-1.06809
1512,1.1635,5.549799,6.7049249999999985,3680.565,357.6271,434.7256,369.9025,-278.6222,44.14537,46711440000000.0,41905730000000.0,3997326000000.0,0.5120022,2.347481e-06,-1.685493e-06,-3.959324e-06,-1.637343e-06,5.050788e-07,-6.257835e-06,-5.413398e-06,3.364542e-06,37580600000000.0,3529050000000.0,0.4551969,2.208968e-06,-1.552138e-06,-3.691539e-06,-1.507089e-06,5.083431e-07,-5.854398e-06,-5.059713e-06,3.198646e-06,21625660000000.0,1815204000000.0,0.2790627,1.539376e-06,-9.866002e-07,-2.476639e-06,-9.56068e-07,4.465457e-07,-3.983798e-06,-3.429754e-06,2.319917e-06,1234543000000.0,144500000000000.0,1.464728,36010000000000.0,-1.226018
1513,1.1738,4.990517,5.746281000000001,3713.764,324.2929,375.135,170.6878,69.8973,28.90519,53535530000000.0,52766620000000.0,5764062000000.0,0.5515659,3.97124e-06,-1.116238e-06,-4.960747e-06,-1.053783e-06,2.553464e-06,-8.839899e-06,-7.412346e-06,7.388681e-06,52478280000000.0,5533969000000.0,0.5132852,3.904875e-06,-1.083773e-06,-4.863771e-06,-1.022644e-06,2.523716e-06,-8.678088e-06,-7.274304e-06,7.277676e-06,44500810000000.0,4261003000000.0,0.3539444,3.438004e-06,-8.853321e-07,-4.21185e-06,-8.331523e-07,2.285679e-06,-7.570069e-06,-6.333606e-06,6.4686e-06,1282229000000.0,291400000000000.0,1.875031,92960000000000.0,-1.66419
1516,1.1762,4.877812,5.724625999999997,3719.914,317.458,374.2671,17.07598,337.8619,35.13543,39983450000000.0,31525410000000.0,3352481000000.0,0.4651637,1.941283e-06,-2.068161e-07,-2.094527e-06,-1.747533e-07,1.601784e-06,-3.988567e-06,-3.293493e-06,3.979977e-06,30852620000000.0,3118702000000.0,0.4297315,1.872498e-06,-1.963218e-07,-2.016996e-06,-1.655474e-07,1.547706e-06,-3.843914e-06,-3.173423e-06,3.841377e-06,24509090000000.0,2044882000000.0,0.2895292,1.486062e-06,-1.431106e-07,-1.58736e-06,-1.193841e-07,1.238763e-06,-3.037205e-06,-2.504875e-06,3.057911e-06,922118300000.0,168500000000000.0,1.371562,39320000000000.0,-1.155
1517,1.1771,5.017962,6.686109,3714.275,326.1304,437.0894,185.2623,-5.300862,58.89609,30660390000000.0,29507020000000.0,2515409000000.0,0.4522718,1.164462e-06,-5.544125e-07,-1.68523e-06,-5.3199e-07,5.340647e-07,-2.822982e-06,-2.405547e-06,1.957892e-06,28449760000000.0,2343284000000.0,0.4139651,1.12128e-06,-5.230389e-07,-1.611831e-06,-5.015436e-07,5.247707e-07,-2.707388e-06,-2.305404e-06,1.895643e-06,20952870000000.0,1575017000000.0,0.2744673,8.980075e-07,-3.818427e-07,-1.253465e-06,-3.650145e-07,4.560986e-07,-2.130856e-06,-1.808796e-06,1.553373e-06,883145000000.0,247800000000000.0,1.300525,54830000000000.0,-1.133086
1518,1.1719,5.387984,5.109267000000003,3710.669,349.9763,333.2457,265.3748,42.38681,-196.8928,38733970000000.0,38637850000000.0,3711332000000.0,0.4969286,2.026506e-06,-1.036702e-06,-3.000941e-06,-9.985833e-07,8.503734e-07,-4.982543e-06,-4.254512e-06,3.321578e-06,38541740000000.0,3609982000000.0,0.474833,2.001567e-06,-1.014937e-06,-2.954926e-06,-9.773663e-07,8.486631e-07,-4.912136e-06,-4.193041e-06,3.289326e-06,33255470000000.0,2716530000000.0,0.3225034,1.731484e-06,-8.105024e-07,-2.488048e-06,-7.786903e-07,7.994392e-07,-4.181114e-06,-3.558844e-06,2.909636e-06,1028926000000.0,178600000000000.0,1.387132,42150000000000.0,-1.2177
1519,1.1752,5.789977,6.3237019999999955,3708.068,375.9965,413.0344,128.324,-168.5243,-316.9325,89962770000000.0,88521050000000.0,10532070000000.0,0.655202,1.077974e-05,-8.524781e-07,-1.125964e-05,-7.457053e-07,8.955065e-06,-2.177674e-05,-1.789199e-05,2.203027e-05,87463800000000.0,10089460000000.0,0.6052234,1.059916e-05,-8.270326e-07,-1.105873e-05,-7.232149e-07,8.812533e-06,-2.139959e-05,-1.757956e-05,2.166676e-05,80447470000000.0,8149770000000.0,0.4318348,9.639637e-06,-7.060316e-07,-1.000628e-05,-6.170721e-07,8.043683e-06,-1.941073e-05,-1.59348e-05,1.972521e-05,1858942000000.0,365300000000000.0,2.833424,176100000000000.0,-2.50767
1521,1.1743,7.028923,5.047401999999998,3704.678,456.7757,329.6837,244.994,119.5671,-94.19022,110915600000000.0,63243060000000.0,6860838000000.0,0.5854698,5.553294e-06,-2.156937e-06,-7.530021e-06,-2.06236e-06,2.982997e-06,-1.295937e-05,-1.096147e-05,9.738723e-06,58245120000000.0,5997297000000.0,0.5252423,5.146851e-06,-1.957518e-06,-6.936596e-06,-1.870661e-06,2.803716e-06,-1.196854e-05,-1.011661e-05,9.063706e-06,27392510000000.0,2517326000000.0,0.3008187,3.051067e-06,-1.052999e-06,-4.002319e-06,-1.003941e-06,1.761832e-06,-6.985161e-06,-5.886578e-06,5.468842e-06,1787881000000.0,114300000000000.0,1.848649,35950000000000.0,-1.64934
1524,1.1752,6.648542000000001,6.161768000000005,3703.647,431.7067,402.5516,28.57043,155.8258,-291.9345,29218680000000.0,23644060000000.0,2044235000000.0,0.4231866,9.243518e-07,-3.674348e-08,-9.370419e-07,-2.085484e-08,8.276512e-07,-1.838611e-06,-1.508137e-06,1.962574e-06,22779030000000.0,1908257000000.0,0.3916046,8.89573e-07,-3.473572e-08,-9.010939e-07,-1.951042e-08,7.969238e-07,-1.768735e-06,-1.450677e-06,1.889033e-06,16243280000000.0,1203692000000.0,0.2535573,6.794185e-07,-2.38976e-08,-6.852656e-07,-1.258841e-08,6.102586e-07,-1.347908e-06,-1.104894e-06,1.443822e-06,748098100000.0,208400000000000.0,1.210779,42930000000000.0,-1.039
1525,1.171,5.286873,5.258575000000005,3708.636,343.1828,342.7938,229.1767,204.8617,-78.32226,35273860000000.0,17204420000000.0,1230171000000.0,0.3780638,5.768863e-07,-4.242085e-07,-9.848257e-07,-4.120134e-07,1.174882e-07,-1.548941e-06,-1.342159e-06,8.234493e-07,16243280000000.0,1098707000000.0,0.3467307,5.324621e-07,-3.856521e-07,-9.03064e-07,-3.744301e-07,1.142212e-07,-1.423735e-06,-1.232867e-06,7.657614e-07,12014260000000.0,625085500000.0,0.2368952,3.623649e-07,-2.44327e-07,-5.963362e-07,-2.368035e-07,9.549459e-08,-9.506669e-07,-8.207395e-07,5.387076e-07,595444900000.0,104500000000000.0,1.028162,18280000000000.0,-0.8786956
1527,1.1823,5.664628,5.461246999999998,3730.717,370.0491,358.4309,163.5167,-38.16116,-230.3622,32294330000000.0,16819960000000.0,1592302000000.0,0.3755127,7.249575e-07,-3.042544e-07,-1.009717e-06,-2.899557e-07,3.760628e-07,-1.717754e-06,-1.458311e-06,1.264983e-06,15954930000000.0,1405291000000.0,0.3400162,6.706674e-07,-2.761733e-07,-9.28753e-07,-2.62998e-07,3.530276e-07,-1.583764e-06,-1.343734e-06,1.175291e-06,11822030000000.0,804941000000.0,0.2281202,4.604943e-07,-1.749686e-07,-6.228833e-07,-1.660842e-07,2.565336e-07,-1.072616e-06,-9.077581e-07,8.208461e-07,584325500000.0,85840000000000.0,0.9305326,13590000000000.0,-0.76032
1528,1.1781,5.640566,5.607290000000004,3720.969,367.5042,367.0997,314.0265,-173.8847,-118.6033,32967120000000.0,17973330000000.0,1644850000000.0,0.3837872,1.227222e-06,-8.245797e-07,-2.015259e-06,-7.992583e-07,3.238175e-07,-3.215924e-06,-2.775301e-06,1.822222e-06,16916080000000.0,1394682000000.0,0.3485175,1.126832e-06,-7.473042e-07,-1.840506e-06,-7.24132e-07,3.069017e-07,-2.942945e-06,-2.538344e-06,1.682603e-06,11053120000000.0,613913900000.0,0.224481,6.583565e-07,-4.141652e-07,-1.052682e-06,-4.008203e-07,2.01141e-07,-1.696771e-06,-1.460325e-06,1.00458e-06,727380700000.0,46570000000000.0,1.067362,8457000000000.0,-0.755884
1529,1.1828,5.502893,6.536040000000003,3725.204,358.8862,428.7833,162.5227,-321.3351,-202.8557,32871010000000.0,30756500000000.0,2699969000000.0,0.4587039,1.350469e-06,-3.463874e-07,-1.659637e-06,-3.220782e-07,9.15311e-07,-2.978355e-06,-2.494614e-06,2.569604e-06,28257540000000.0,2412175000000.0,0.4111561,1.273449e-06,-3.198479e-07,-1.558068e-06,-2.970552e-07,8.694723e-07,-2.801564e-06,-2.345374e-06,2.429195e-06,19511160000000.0,1424061000000.0,0.2679097,9.32839e-07,-2.146236e-07,-1.121216e-06,-1.98363e-07,6.551828e-07,-2.032072e-06,-1.697773e-06,1.796983e-06,967292000000.0,158200000000000.0,1.289585,34710000000000.0,-1.06227
1530,1.18,5.311006,6.816063000000001,3717.969,345.6259,446.3143,208.2919,-225.3448,-114.5336,29410900000000.0,27680850000000.0,2537061000000.0,0.4454039,1.193198e-06,-5.079384e-07,-1.667107e-06,-4.853251e-07,6.07284e-07,-2.832919e-06,-2.405194e-06,2.06694e-06,26527480000000.0,2355528000000.0,0.406029,1.150189e-06,-4.805201e-07,-1.597814e-06,-4.588154e-07,5.942037e-07,-2.721596e-06,-2.309261e-06,2.00109e-06,20760640000000.0,1654634000000.0,0.2779313,9.465916e-07,-3.639352e-07,-1.28309e-06,-3.464417e-07,5.19367e-07,-2.207922e-06,-1.868466e-06,1.676601e-06,825996600000.0,214000000000000.0,1.254626,45680000000000.0,-1.07019
1532,1.1847,5.676647,5.772331000000003,3733.646,371.1306,379.2884,126.4762,-217.4736,-130.2219,70836070000000.0,68625440000000.0,7636251000000.0,0.6002503,6.275451e-06,-7.600887e-07,-6.833693e-06,-6.787706e-07,5.005395e-06,-1.295766e-05,-1.070144e-05,1.264362e-05,66222590000000.0,7175733000000.0,0.5457147,6.103412e-06,-7.259438e-07,-6.632292e-06,-6.476448e-07,4.878988e-06,-1.258834e-05,-1.039372e-05,1.230651e-05,55073360000000.0,5396683000000.0,0.3781142,5.286407e-06,-5.826192e-07,-5.695345e-06,-5.179639e-07,4.26206e-06,-1.085398e-05,-8.952144e-06,1.069015e-05,1584561000000.0,273000000000000.0,2.22833,103500000000000.0,-1.94931
1533,1.1819,5.537705,6.800510000000004,3721.33,360.7952,445.8562,246.8594,-416.1618,-240.885,47960920000000.0,35081630000000.0,3858665000000.0,0.4843186,2.344868e-06,-8.329971e-07,-3.109087e-06,-7.912212e-07,1.350649e-06,-5.401012e-06,-4.559202e-06,4.215488e-06,33063240000000.0,3459744000000.0,0.434662,2.213782e-06,-7.687086e-07,-2.917259e-06,-7.295559e-07,1.291931e-06,-5.081021e-06,-4.286191e-06,3.996117e-06,24316860000000.0,2184372000000.0,0.2903435,1.689122e-06,-5.354689e-07,-2.173846e-06,-5.065439e-07,1.033738e-06,-3.82469e-06,-3.217965e-06,3.095407e-06,1025787000000.0,262500000000000.0,1.61797,72260000000000.0,-1.402
1534,1.1847,5.474885,6.8244879999999934,3727.345,357.2536,448.119,-33.27859,-326.5121,-330.3957,44212470000000.0,41329050000000.0,4132315000000.0,0.5128464,2.442802e-06,4.887002e-07,-1.890124e-06,5.218524e-07,2.756448e-06,-4.269789e-06,-3.396287e-06,5.755145e-06,39791220000000.0,3778144000000.0,0.4599879,2.331828e-06,4.552623e-07,-1.81518e-06,4.866023e-07,2.618994e-06,-4.086709e-06,-3.2528e-06,5.480927e-06,29122560000000.0,2554868000000.0,0.3057369,1.892601e-06,3.391939e-07,-1.502605e-06,3.636641e-07,2.092234e-06,-3.346181e-06,-2.669063e-06,4.413414e-06,1130763000000.0,274700000000000.0,1.659086,77540000000000.0,-1.436989
1535,1.1838,6.59907,5.005415999999998,3729.757,431.4862,328.8454,172.1397,437.9342,-326.6821,48057030000000.0,45558070000000.0,4795408000000.0,0.5200653,3.096845e-06,-1.033679e-06,-4.035307e-06,-9.817289e-07,1.838147e-06,-7.062623e-06,-5.949363e-06,5.614124e-06,43155220000000.0,4492912000000.0,0.4749247,3.00132e-06,-9.830958e-07,-3.891798e-06,-9.330759e-07,1.799086e-06,-6.825692e-06,-5.746679e-06,5.458023e-06,34697180000000.0,3263068000000.0,0.3259657,2.541073e-06,-7.674922e-07,-3.228812e-06,-7.26457e-07,1.583813e-06,-5.712648e-06,-4.798727e-06,4.679408e-06,1189066000000.0,279600000000000.0,1.762236,83830000000000.0,-1.53054
1536,1.1785,5.470248000000001,5.782824999999996,3721.586,356.3977,378.6222,220.2995,112.0527,29.57145,39791220000000.0,22682920000000.0,2342318000000.0,0.4144839,1.28289e-06,-7.088666e-07,-1.953881e-06,-6.83594e-07,4.901046e-07,-3.208013e-06,-2.747754e-06,2.057244e-06,22010120000000.0,2196416000000.0,0.392257,1.234104e-06,-6.753414e-07,-1.872951e-06,-6.510925e-07,4.778369e-07,-3.079388e-06,-2.636613e-06,1.985279e-06,16627730000000.0,1308052000000.0,0.2580195,8.939926e-07,-4.49534e-07,-1.316697e-06,-4.323797e-07,3.84531e-07,-2.190628e-06,-1.869752e-06,1.475863e-06,717233900000.0,197700000000000.0,1.326553,44620000000000.0,-1.12563
1537,1.1843,5.767285,5.336810000000006,3734.439,377.1763,350.6282,199.2593,-181.629,-129.2483,72277780000000.0,32774900000000.0,3270187000000.0,0.4782085,1.825341e-06,-6.780147e-07,-2.450431e-06,-6.444367e-07,1.025025e-06,-4.23364e-06,-3.579116e-06,3.256574e-06,31140960000000.0,2917179000000.0,0.4313655,1.702047e-06,-6.190512e-07,-2.271566e-06,-5.879294e-07,9.683559e-07,-3.934316e-06,-3.323945e-06,3.048863e-06,22875150000000.0,1703358000000.0,0.2852094,1.215866e-06,-4.06506e-07,-1.586431e-06,-3.84852e-07,7.256285e-07,-2.774194e-06,-2.337996e-06,2.2109e-06,1106153000000.0,100400000000000.0,1.284999,21950000000000.0,-1.1716
1538,1.1833,5.070571000000001,6.282172999999996,3730.862,331.0391,412.3296,364.3223,139.1539,10.77707,41521280000000.0,34504950000000.0,3463109000000.0,0.4750028,1.92798e-06,-1.596893e-06,-3.464155e-06,-1.555702e-06,2.049465e-07,-5.352337e-06,-4.658851e-06,2.553051e-06,31525410000000.0,3046424000000.0,0.4277914,1.804209e-06,-1.466991e-06,-3.214203e-06,-1.428624e-06,2.186016e-07,-4.981152e-06,-4.332135e-06,2.415668e-06,15858820000000.0,1344651000000.0,0.2500508,1.112459e-06,-8.231462e-07,-1.899853e-06,-8.001129e-07,2.141942e-07,-2.989289e-06,-2.588927e-06,1.567865e-06,1106919000000.0,125600000000000.0,1.331357,28450000000000.0,-1.08504
1541,1.1838,5.339246,6.796288000000001,3726.187,348.2424,446.0112,-86.33437,-113.9293,-171.1392,28738110000000.0,14993790000000.0,1201594000000.0,0.3601538,4.805209e-07,1.909767e-07,-2.783686e-07,1.989529e-07,6.418089e-07,-7.462901e-07,-5.750425e-07,1.234204e-06,14224880000000.0,1067377000000.0,0.3281067,4.445431e-07,1.731383e-07,-2.610335e-07,1.804848e-07,5.901102e-07,-6.939186e-07,-5.354829e-07,1.138096e-06,10284210000000.0,612970400000.0,0.2172162,3.110797e-07,1.11275e-07,-1.924469e-07,1.163143e-07,4.027335e-07,-4.953633e-07,-3.844632e-07,7.860278e-07,532729500000.0,96790000000000.0,0.8805203,14500000000000.0,-0.7401649
1544,1.1886,4.889626,6.579843,3742.078,320.1268,433.2158,298.5704,141.4226,97.63535,34120490000000.0,16627730000000.0,1485371000000.0,0.3709954,1.006801e-06,-7.39986e-07,-1.716066e-06,-7.189082e-07,2.016468e-07,-2.701407e-06,-2.339694e-06,1.429635e-06,13744310000000.0,1139197000000.0,0.3237561,8.364978e-07,-6.078327e-07,-1.418756e-06,-5.903721e-07,1.74355e-07,-2.237419e-06,-1.936876e-06,1.194541e-06,6343528000000.0,352688800000.0,0.1857917,3.495131e-07,-2.435682e-07,-5.823126e-07,-2.363579e-07,8.298168e-08,-9.24368e-07,-7.987669e-07,5.091055e-07,679242900000.0,50900000000000.0,1.127026,9760000000000.0,-0.802197
1546,1.19,4.901064,6.527208000000004,3744.896,321.1209,430.0509,-313.1458,-33.20315,140.2182,41521280000000.0,21337320000000.0,1813394000000.0,0.4048072,9.031775e-07,7.366213e-07,-1.46992e-07,7.48418e-07,1.5803e-06,-1.024826e-06,-7.034609e-07,2.696367e-06,20760640000000.0,1662932000000.0,0.376424,8.519318e-07,6.821314e-07,-1.512751e-07,6.931898e-07,1.477714e-06,-9.792952e-07,-6.761441e-07,2.530335e-06,13936540000000.0,907595800000.0,0.238723,5.979526e-07,4.352566e-07,-1.494184e-07,4.427489e-07,9.927803e-07,-7.305669e-07,-5.177114e-07,1.731119e-06,704558400000.0,171200000000000.0,1.21123,35280000000000.0,-1.050384
1550,1.1881,5.55533,5.749622000000005,3741.989,363.9601,378.5515,-1.256814,-69.97697,-176.3949,34408840000000.0,27584740000000.0,2610476000000.0,0.4392881,1.250116e-06,8.112495e-08,-1.136654e-06,1.016922e-07,1.248936e-06,-2.355119e-06,-1.90848e-06,2.78436e-06,25950800000000.0,2370304000000.0,0.4003699,1.187249e-06,7.570168e-08,-1.080746e-06,9.513989e-08,1.184482e-06,-2.237931e-06,-1.813724e-06,2.642534e-06,17396650000000.0,1364653000000.0,0.2580993,8.553286e-07,4.990981e-08,-7.8287e-07,6.353921e-08,8.475138e-07,-1.616528e-06,-1.310799e-06,1.897319e-06,860092100000.0,127100000000000.0,1.159802,25080000000000.0,-0.9708002
1553,1.1871,5.713727,5.289541999999997,3742.103,374.4171,348.1854,26.42616,97.80973,59.55194,31140960000000.0,20280070000000.0,1698481000000.0,0.3972362,8.879852e-07,-9.940195e-08,-9.639816e-07,-8.353445e-08,7.317607e-07,-1.830097e-06,-1.512682e-06,1.821606e-06,18357790000000.0,1447934000000.0,0.3569972,8.107558e-07,-8.925603e-08,-8.785817e-07,-7.483219e-08,6.694171e-07,-1.669369e-06,-1.379539e-06,1.664373e-06,9707521000000.0,594755200000.0,0.2123935,4.549563e-07,-4.618246e-08,-4.889373e-07,-3.827503e-08,3.78956e-07,-9.32684e-07,-7.69987e-07,9.369733e-07,726837700000.0,64730000000000.0,1.032421,11370000000000.0,-0.7842629
1554,1.1914,5.279210000000001,5.705194000000005,3752.042,346.6933,376.444,-60.45628,109.8914,200.4505,30372040000000.0,28545880000000.0,2478110000000.0,0.446032,1.111683e-06,8.69382e-08,-9.96241e-07,1.052937e-07,1.125882e-06,-2.079793e-06,-1.682656e-06,2.49169e-06,27488620000000.0,2289309000000.0,0.4100758,1.063476e-06,8.162579e-08,-9.544997e-07,9.910085e-08,1.075246e-06,-1.99106e-06,-1.611118e-06,2.381685e-06,16531620000000.0,1316012000000.0,0.2532164,7.670981e-07,5.318204e-08,-6.938273e-07,6.541518e-08,7.687028e-07,-1.441494e-06,-1.167323e-06,1.710434e-06,893200500000.0,175000000000000.0,1.193997,35550000000000.0,-1.01376
1555,1.1919,5.217174,5.148055000000004,3757.4,343.0859,339.924,76.10392,95.24296,-41.44255,36523350000000.0,18934470000000.0,1609299000000.0,0.3922436,7.697443e-07,-1.864524e-07,-9.358273e-07,-1.719503e-07,5.352514e-07,-1.686962e-06,-1.411754e-06,1.479793e-06,17684990000000.0,1414329000000.0,0.3552531,6.972085e-07,-1.655283e-07,-8.442313e-07,-1.524516e-07,4.8798e-07,-1.524582e-06,-1.27529e-06,1.343419e-06,12110370000000.0,778074200000.0,0.2328217,4.624514e-07,-1.011512e-07,-5.511687e-07,-9.264633e-08,3.317789e-07,-1.002434e-06,-8.370284e-07,8.989092e-07,663653200000.0,69040000000000.0,0.9262537,10880000000000.0,-0.7821
1556,1.1924,4.979720000000001,6.112826999999997,3752.529,326.9654,403.402,14.19692,197.7218,71.29704,30179820000000.0,25085770000000.0,2545781000000.0,0.4252741,1.201254e-06,-1.1619e-07,-1.285287e-06,-9.544317e-08,1.006133e-06,-2.457005e-06,-2.027376e-06,2.479563e-06,24605200000000.0,2364369000000.0,0.3954593,1.149605e-06,-1.094365e-07,-1.228186e-06,-8.966618e-08,9.643624e-07,-2.349523e-06,-1.93834e-06,2.374302e-06,17012190000000.0,1402091000000.0,0.2546735,8.504574e-07,-7.404843e-08,-9.013162e-07,-5.980156e-08,7.191224e-07,-1.730847e-06,-1.426543e-06,1.761547e-06,785937200000.0,168100000000000.0,1.204196,34440000000000.0,-0.99594
1557,1.1914,7.109559,6.351935999999996,3734.604,465.8023,418.9521,191.8607,122.2641,-19.35644,34985520000000.0,31621530000000.0,3025908000000.0,0.4594327,1.58182e-06,-7.364056e-07,-2.272012e-06,-7.059892e-07,7.413448e-07,-3.817808e-06,-3.250539e-06,2.674572e-06,30275930000000.0,2729996000000.0,0.4217841,1.502567e-06,-6.895172e-07,-2.148082e-06,-6.60735e-07,7.138452e-07,-3.616425e-06,-3.077543e-06,2.550034e-06,8458038000000.0,707190900000.0,0.202004,7.172685e-07,-2.94021e-07,-9.898436e-07,-2.807459e-07,3.744215e-07,-1.690756e-06,-1.43337e-06,1.250196e-06,1084618000000.0,77090000000000.0,1.160429,15220000000000.0,-0.896346
1558,1.1919,7.11111,6.996742999999994,3730.838,465.4351,461.4234,95.86893,157.6287,124.0406,63723630000000.0,53727760000000.0,5878509000000.0,0.5489981,4.239551e-06,-8.820781e-07,-4.990603e-06,-8.167716e-07,3.039249e-06,-9.129711e-06,-7.607248e-06,8.208683e-06,51901600000000.0,5524498000000.0,0.5081578,4.116449e-06,-8.435849e-07,-4.832435e-06,-7.805739e-07,2.96262e-06,-8.851343e-06,-7.372962e-06,7.981302e-06,38445630000000.0,3615323000000.0,0.3348673,3.306714e-06,-6.195639e-07,-3.821808e-06,-5.710373e-07,2.431344e-06,-7.050094e-06,-5.861864e-06,6.459415e-06,1363611000000.0,199400000000000.0,1.841695,62480000000000.0,-1.596
1560,1.1919,6.997182,7.076477999999997,3730.665,457.8819,466.5988,153.9971,599.5756,-258.3196,39887340000000.0,32005980000000.0,3611181000000.0,0.4801823,1.828973e-06,-7.938773e-07,-2.570949e-06,-7.594465e-07,9.147399e-07,-4.35984e-06,-3.703213e-06,3.151865e-06,30756500000000.0,3236109000000.0,0.4254142,1.727743e-06,-7.324872e-07,-2.410974e-06,-7.001607e-07,8.808964e-07,-4.100806e-06,-3.480476e-06,2.993831e-06,23451830000000.0,2100314000000.0,0.287913,1.339576e-06,-5.246059e-07,-1.825356e-06,-5.001102e-07,7.244172e-07,-3.135419e-06,-2.654316e-06,2.361603e-06,920492100000.0,119000000000000.0,1.222941,24760000000000.0,-1.029
1561,1.1886,5.015864,4.9799240000000005,3751.736,329.2811,328.1664,78.69625,401.2734,-71.52768,66222590000000.0,65069220000000.0,7062726000000.0,0.5943962,5.25177e-06,-8.278287e-07,-5.915414e-06,-7.5323e-07,4.015256e-06,-1.104235e-05,-9.155129e-06,1.041528e-05,63146940000000.0,6625944000000.0,0.5390805,5.104949e-06,-7.901307e-07,-5.734899e-06,-7.182187e-07,3.915644e-06,-1.071846e-05,-8.88382e-06,1.013575e-05,47288120000000.0,4696463000000.0,0.3593915,4.306456e-06,-6.142944e-07,-4.783142e-06,-5.561944e-07,3.347285e-06,-8.987043e-06,-7.438583e-06,8.590206e-06,1570120000000.0,232900000000000.0,1.988903,78810000000000.0,-1.75131
1563,1.1895,4.817767,6.696126999999994,3743.604,315.5283,441.0742,67.20777,-46.54482,-77.58047,107071100000000.0,68721560000000.0,8234627000000.0,0.5955458,9.011483e-06,-5.430625e-07,-9.257533e-06,-4.422851e-07,7.697604e-06,-1.80466e-05,-1.480515e-05,1.86542e-05,62185800000000.0,7046541000000.0,0.5344359,8.211706e-06,-4.869898e-07,-8.426682e-06,-3.966077e-07,7.017756e-06,-1.643566e-05,-1.348143e-05,1.699956e-05,38541740000000.0,3304207000000.0,0.3354006,4.938219e-06,-2.73208e-07,-5.044067e-06,-2.228885e-07,4.227226e-06,-9.860231e-06,-8.082375e-06,1.02233e-05,1776452000000.0,114900000000000.0,2.455916,48010000000000.0,-1.903285
1566,1.1914,5.176865,5.879549000000001,3750.867,339.8286,387.8434,82.64011,361.2263,-37.61195,36907800000000.0,30083700000000.0,3016777000000.0,0.4536034,1.621606e-06,-3.981763e-07,-1.974169e-06,-3.696283e-07,1.114436e-06,-3.557521e-06,-2.976465e-06,3.099353e-06,28257540000000.0,2690615000000.0,0.4108034,1.515872e-06,-3.647244e-07,-1.837793e-06,-3.382027e-07,1.048731e-06,-3.317893e-06,-2.774674e-06,2.903947e-06,19030590000000.0,1528329000000.0,0.2649593,1.071615e-06,-2.372002e-07,-1.278048e-06,-2.189673e-07,7.603612e-07,-2.324337e-06,-1.940166e-06,2.071004e-06,907324500000.0,161600000000000.0,1.349017,37090000000000.0,-1.117458
1572,1.1987,7.183577,4.909042000000003,3759.014,473.7792,325.413,-668.8047,69.43793,-318.2186,38445630000000.0,32294330000000.0,3260366000000.0,0.4630958,1.820182e-06,2.645588e-06,8.565416e-07,2.656974e-06,4.334882e-06,-9.065352e-07,-2.610565e-07,6.598354e-06,29891470000000.0,2935040000000.0,0.4165769,1.714609e-06,2.432535e-06,7.475208e-07,2.443042e-06,4.02309e-06,-9.13242e-07,-3.051492e-07,6.154832e-06,22106240000000.0,1865677000000.0,0.2775876,1.320731e-06,1.714718e-06,4.175742e-07,1.722138e-06,2.937591e-06,-8.615365e-07,-3.929652e-07,4.57829e-06,939764900000.0,228600000000000.0,1.484061,57720000000000.0,-1.249033
1573,1.1962,7.14945,4.928223999999999,3753.773,470.8475,326.2109,139.9401,395.6197,31.88549,32198210000000.0,30564270000000.0,2795003000000.0,0.4564974,1.490655e-06,-6.240167e-07,-2.070935e-06,-5.965194e-07,7.659839e-07,-3.527859e-06,-2.992923e-06,2.58729e-06,29891470000000.0,2601287000000.0,0.4182221,1.442139e-06,-5.932466e-07,-1.992948e-06,-5.667684e-07,7.511142e-07,-3.402441e-06,-2.88488e-06,2.512932e-06,22779030000000.0,1802789000000.0,0.2814083,1.18575e-06,-4.464826e-07,-1.596779e-06,-4.252709e-07,6.570757e-07,-2.755634e-06,-2.329925e-06,2.104726e-06,886975200000.0,276400000000000.0,1.476423,69430000000000.0,-1.253523
1574,1.1967,7.121766,5.0170379999999986,3754.526,469.0994,332.1662,-300.32,102.4782,-484.8754,53054960000000.0,40944590000000.0,4083357000000.0,0.499842,2.534448e-06,1.618492e-06,-8.583938e-07,1.645764e-06,3.9711e-06,-3.321751e-06,-2.418465e-06,7.097874e-06,39310650000000.0,3690709000000.0,0.4570733,2.392471e-06,1.501161e-06,-8.367109e-07,1.526662e-06,3.721172e-06,-3.162041e-06,-2.309288e-06,6.672342e-06,24989660000000.0,1927670000000.0,0.2895554,1.631976e-06,9.427947e-07,-6.510467e-07,9.59349e-07,2.454363e-06,-2.237123e-06,-1.655196e-06,4.46592e-06,1194354000000.0,78270000000000.0,1.365213,18180000000000.0,-1.11
1575,1.1991,4.807901,6.011755000000001,3769.658,317.0705,398.3908,152.1946,155.5466,160.0124,60744090000000.0,56707300000000.0,5846323000000.0,0.5560322,4.529845e-06,-1.194091e-06,-5.576189e-06,-1.126243e-06,2.981007e-06,-1.000126e-05,-8.371619e-06,8.490693e-06,54977250000000.0,5516062000000.0,0.5098121,4.412934e-06,-1.143023e-06,-5.41154e-06,-1.077438e-06,2.922706e-06,-9.722377e-06,-8.134641e-06,8.289361e-06,45654180000000.0,4150609000000.0,0.3561335,3.832315e-06,-9.176082e-07,-4.622448e-06,-8.628336e-07,2.606318e-06,-8.366007e-06,-6.986491e-06,7.263324e-06,1372317000000.0,412400000000000.0,2.260405,158600000000000.0,-1.998862
1577,1.1991,6.829280000000001,4.989217000000004,3763.05,450.667,330.8581,-142.6205,288.5861,-466.5692,35850550000000.0,31525410000000.0,2742742000000.0,0.4584049,1.516969e-06,5.000268e-07,-9.802018e-07,5.213931e-07,1.913794e-06,-2.45774e-06,-1.916023e-06,3.781017e-06,29507020000000.0,2443966000000.0,0.4157233,1.421592e-06,4.596938e-07,-9.273074e-07,4.795693e-07,1.784084e-06,-2.311924e-06,-1.804228e-06,3.533639e-06,16339390000000.0,1223978000000.0,0.2533339,9.339289e-07,2.743684e-07,-6.362684e-07,2.868931e-07,1.142688e-06,-1.545834e-06,-1.21215e-06,2.291116e-06,992104800000.0,189600000000000.0,1.464136,47230000000000.0,-1.192752
1578,1.1953,7.018405,5.111529000000003,3752.28,461.9456,338.1771,-135.4209,225.7655,-489.9581,48345380000000.0,44981380000000.0,4495362000000.0,0.5176816,2.875785e-06,7.799796e-07,-2.021356e-06,8.157184e-07,3.44483e-06,-4.82173e-06,-3.793496e-06,6.976453e-06,41713500000000.0,4114926000000.0,0.467814,2.754922e-06,7.319707e-07,-1.951279e-06,7.658702e-07,3.283722e-06,-4.633921e-06,-3.648805e-06,6.66632e-06,31044840000000.0,2712635000000.0,0.3110148,2.200185e-06,5.354109e-07,-1.606236e-06,5.612263e-07,2.569243e-06,-3.748564e-06,-2.961449e-06,5.268496e-06,1197854000000.0,252500000000000.0,1.754209,75360000000000.0,-1.49787
1581,1.1953,6.120209,5.685043999999999,3755.0,402.6333,375.9517,-91.78812,25.20357,-112.8193,30852620000000.0,21337320000000.0,1828268000000.0,0.4029316,9.324445e-07,2.624879e-07,-6.472869e-07,2.774774e-07,1.135057e-06,-1.555341e-06,-1.222767e-06,2.282918e-06,19126700000000.0,1574479000000.0,0.3603128,8.543417e-07,2.354739e-07,-5.980221e-07,2.491298e-07,1.034706e-06,-1.430014e-06,-1.125273e-06,2.086292e-06,11245350000000.0,737398400000.0,0.2227468,5.29635e-07,1.338433e-07,-3.826604e-07,1.420911e-07,6.286182e-07,-8.984348e-07,-7.094465e-07,1.280171e-06,740618500000.0,96840000000000.0,1.051223,17320000000000.0,-0.8463
1582,1.1924,7.038847,6.9796930000000055,3732.745,460.8927,460.4509,-159.5704,498.86,65.88625,28353650000000.0,23547950000000.0,2007850000000.0,0.41718,9.332245e-07,2.212908e-07,-6.894512e-07,2.360691e-07,1.094117e-06,-1.599066e-06,-1.265785e-06,2.242954e-06,22202350000000.0,1809289000000.0,0.3782155,8.810291e-07,2.047083e-07,-6.550066e-07,2.185802e-07,1.028451e-06,-1.513731e-06,-1.199071e-06,2.112885e-06,14321000000000.0,1034463000000.0,0.2408206,6.28348e-07,1.323541e-07,-4.804647e-07,1.419481e-07,7.188519e-07,-1.092855e-06,-8.68361e-07,1.49172e-06,771666200000.0,246400000000000.0,1.282629,53770000000000.0,-1.081
1584,1.1934,6.011925,6.422683000000006,3746.257,394.5358,424.0441,117.5422,-16.95477,-236.9399,31621530000000.0,28353650000000.0,2630936000000.0,0.4571463,1.260202e-06,-2.705319e-07,-1.496054e-06,-2.481247e-07,9.065884e-07,-2.726036e-06,-2.274895e-06,2.450577e-06,27008050000000.0,2344478000000.0,0.4040325,1.189393e-06,-2.492469e-07,-1.405781e-06,-2.282306e-07,8.613117e-07,-2.566645e-06,-2.140813e-06,2.318328e-06,19895610000000.0,1494405000000.0,0.2695938,9.05126e-07,-1.737142e-07,-1.053446e-06,-1.581231e-07,6.701364e-07,-1.936841e-06,-1.61266e-06,1.778258e-06,905899100000.0,205700000000000.0,1.312107,45920000000000.0,-1.105
1585,1.1996,6.809847,4.931955999999998,3763.878,449.4714,327.1006,-70.59895,375.0795,67.4399,91212250000000.0,71316640000000.0,8514115000000.0,0.6000677,7.26946e-06,1.916293e-07,-6.857399e-06,2.770307e-07,6.873611e-06,-1.39434e-05,-1.133448e-05,1.574524e-05,67375960000000.0,7775841000000.0,0.5473406,6.927036e-06,1.794329e-07,-6.536577e-06,2.597981e-07,6.543445e-06,-1.328875e-05,-1.08024e-05,1.499548e-05,45077500000000.0,4553833000000.0,0.3514522,4.974814e-06,1.178343e-07,-4.701502e-06,1.714686e-07,4.675359e-06,-9.55053e-06,-7.763627e-06,1.073856e-05,1723010000000.0,195600000000000.0,2.219434,73860000000000.0,-1.91169
1591,1.2001,5.714636,5.570291999999994,3769.908,377.2594,369.5056,39.28429,-279.103,-68.35145,36331120000000.0,34504950000000.0,3351781000000.0,0.4714191,1.772987e-06,-1.805455e-08,-1.743184e-06,1.029973e-08,1.633722e-06,-3.47203e-06,-2.83773e-06,3.807742e-06,32582670000000.0,3095925000000.0,0.4294579,1.711092e-06,-1.71056e-08,-1.681866e-06,1.011075e-08,1.576534e-06,-3.35035e-06,-2.738148e-06,3.67441e-06,25278000000000.0,2071060000000.0,0.2898744,1.408389e-06,-1.29803e-08,-1.382661e-06,8.832189e-09,1.29685e-06,-2.755949e-06,-2.251868e-06,3.022615e-06,974419800000.0,202500000000000.0,1.390893,47920000000000.0,-1.18404
1592,1.203,5.544279,5.923055999999998,3774.92,366.4281,393.4761,-251.3151,-191.8769,-339.5796,35369980000000.0,32486550000000.0,3261413000000.0,0.462238,1.687041e-06,1.123472e-06,-5.252887e-07,1.143148e-06,2.692442e-06,-2.165136e-06,-1.564085e-06,4.77396e-06,31525410000000.0,3041475000000.0,0.4237673,1.625385e-06,1.06228e-06,-5.260706e-07,1.081092e-06,2.573432e-06,-2.10597e-06,-1.526844e-06,4.578616e-06,24509090000000.0,2111097000000.0,0.2901315,1.326815e-06,7.989355e-07,-4.970553e-07,8.137241e-07,2.030639e-06,-1.786681e-06,-1.313772e-06,3.666471e-06,927166300000.0,218200000000000.0,1.37809,51160000000000.0,-1.18008
1593,1.2079,6.921852,6.785034000000005,3769.002,457.558,451.7203,-383.8549,-411.2658,-44.43816,37676710000000.0,34120490000000.0,3431673000000.0,0.4798351,1.96001e-06,1.717461e-06,-2.005674e-07,1.735467e-06,3.535048e-06,-2.103268e-06,-1.405758e-06,5.957738e-06,33543810000000.0,3191766000000.0,0.4349359,1.888729e-06,1.618598e-06,-2.294477e-07,1.635741e-06,3.369389e-06,-2.062921e-06,-1.390721e-06,5.703582e-06,27200280000000.0,2299891000000.0,0.2965044,1.598732e-06,1.259163e-06,-3.04346e-07,1.272944e-06,2.738716e-06,-1.856211e-06,-1.287016e-06,4.713168e-06,939337200000.0,287800000000000.0,1.579484,77340000000000.0,-1.361041
1594,1.2035,6.306225,6.769268000000005,3763.849,415.9468,449.4842,368.1721,343.5055,-275.6025,42386300000000.0,32871010000000.0,3546064000000.0,0.4636617,2.197622e-06,-1.627092e-06,-3.75472e-06,-1.582182e-06,4.215575e-07,-5.907566e-06,-5.11628e-06,3.096388e-06,30948730000000.0,3217896000000.0,0.4207301,2.090329e-06,-1.515415e-06,-3.538904e-06,-1.47295e-06,4.323971e-07,-5.586605e-06,-4.833884e-06,2.976201e-06,24797430000000.0,2123276000000.0,0.287707,1.653256e-06,-1.101954e-06,-2.701462e-06,-1.069228e-06,4.358115e-07,-4.320889e-06,-3.725319e-06,2.446258e-06,935180200000.0,252900000000000.0,1.598044,68760000000000.0,-1.353
1596,1.2074,6.80543,5.4070689999999955,3778.254,450.8927,360.1581,-180.3991,-92.32382,-446.7741,39791220000000.0,23163490000000.0,2823437000000.0,0.4118031,2.327607e-06,1.075753e-06,-1.19627e-06,1.104561e-06,3.239355e-06,-3.460605e-06,-2.630252e-06,6.10623e-06,21817890000000.0,2424526000000.0,0.3749819,2.191142e-06,9.997628e-07,-1.138878e-06,1.026712e-06,3.035961e-06,-3.270441e-06,-2.488721e-06,5.734454e-06,14128770000000.0,1153748000000.0,0.2398984,1.444045e-06,6.166004e-07,-7.922099e-07,6.337423e-07,1.956517e-06,-2.196933e-06,-1.681569e-06,3.733836e-06,761615600000.0,154600000000000.0,1.461042,38430000000000.0,-1.1187
1597,1.2074,6.365297,6.7859649999999965,3772.295,420.8173,451.6662,102.3529,285.5411,-244.9524,133406300000000.0,41425160000000.0,4617017000000.0,0.5020711,5.642827e-06,-9.68624e-07,-6.442809e-06,-8.806682e-07,4.260271e-06,-1.195152e-05,-9.926455e-06,1.11504e-05,36427230000000.0,3818476000000.0,0.4447094,4.995165e-06,-8.423272e-07,-5.687581e-06,-7.651118e-07,3.784364e-06,-1.056399e-05,-8.771152e-06,9.882595e-06,19799500000000.0,1571487000000.0,0.2668372,2.580805e-06,-4.09338e-07,-2.911508e-06,-3.706671e-07,1.977206e-06,-5.430883e-06,-4.504222e-06,5.125893e-06,1249797000000.0,80030000000000.0,1.636305,22280000000000.0,-1.531
1599,1.204,6.868359,5.322925000000001,3771.42,454.2789,353.926,-283.2462,-74.423,-408.3184,30660390000000.0,10860890000000.0,902666900000.0,0.3246621,3.777971e-07,4.337484e-07,6.335213e-08,4.389518e-07,7.881692e-07,-3.03951e-07,-1.696374e-07,1.256288e-06,10284210000000.0,773074000000.0,0.2912692,3.384592e-07,3.807725e-07,4.897481e-08,3.85408e-07,6.981998e-07,-2.800765e-07,-1.597422e-07,1.117524e-06,8073582000000.0,448286900000.0,0.2014832,2.294965e-07,2.403585e-07,1.545551e-08,2.434367e-07,4.553724e-07,-2.076466e-07,-1.260369e-07,7.395738e-07,408152200000.0,92730000000000.0,0.8556878,13500000000000.0,-0.7218
1603,1.202,6.876035,6.6602429999999995,3757.972,453.1697,441.9958,5.445682,-122.9961,87.89629,41905730000000.0,21337320000000.0,1673281000000.0,0.4019798,1.081929e-06,-2.64096e-09,-1.05643e-06,1.584073e-08,1.00907e-06,-2.111252e-06,-1.724654e-06,2.337641e-06,18550010000000.0,1369505000000.0,0.3551571,9.440381e-07,-2.262156e-09,-9.216659e-07,1.377906e-08,8.802364e-07,-1.842049e-06,-1.504696e-06,2.039343e-06,11245350000000.0,588351600000.0,0.2220767,5.236898e-07,-1.175503e-09,-5.110287e-07,7.54284e-09,4.878033e-07,-1.021592e-06,-8.343939e-07,1.130504e-06,784146600000.0,46930000000000.0,1.03325,8250000000000.0,-0.8208
1606,1.2059,5.315971,5.880371000000007,3783.295,352.0294,391.3388,-130.3079,32.01075,-182.2382,54688900000000.0,52766620000000.0,5252197000000.0,0.5436925,3.427347e-06,8.893687e-07,-2.447305e-06,9.322177e-07,4.063865e-06,-5.783235e-06,-4.558346e-06,8.270275e-06,50652110000000.0,4849567000000.0,0.4956895,3.313934e-06,8.452811e-07,-2.380668e-06,8.863874e-07,3.913695e-06,-5.606199e-06,-4.421741e-06,7.980369e-06,32102100000000.0,2923668000000.0,0.3135648,2.641166e-06,6.157722e-07,-1.953827e-06,6.470287e-07,3.056465e-06,-4.52449e-06,-3.580014e-06,6.29504e-06,1402537000000.0,201100000000000.0,1.717693,58770000000000.0,-1.477779
1607,1.2069,6.897406,6.769722999999997,3767.091,455.695,450.4395,83.05026,-86.66972,-229.29,41713500000000.0,31140960000000.0,3040877000000.0,0.4623272,1.729704e-06,-1.764604e-07,-1.858861e-06,-1.474586e-07,1.436524e-06,-3.54621e-06,-2.927174e-06,3.556357e-06,29891470000000.0,2754700000000.0,0.4172375,1.636725e-06,-1.630856e-07,-1.754864e-06,-1.358334e-07,1.362584e-06,-3.351502e-06,-2.765683e-06,3.368151e-06,22010120000000.0,1741822000000.0,0.2761568,1.254858e-06,-1.139151e-07,-1.333705e-06,-9.365299e-08,1.053786e-06,-2.5578e-06,-2.108464e-06,2.590385e-06,904333400000.0,158600000000000.0,1.341551,36200000000000.0,-1.140329
1608,1.2137,5.203373,4.984452999999995,3806.421,346.6374,333.3517,142.0685,242.4365,-288.6534,60551860000000.0,50363770000000.0,5429259000000.0,0.5314156,3.793156e-06,-8.668072e-07,-4.544127e-06,-8.067694e-07,2.646113e-06,-8.248599e-06,-6.886337e-06,7.273258e-06,46711440000000.0,4927121000000.0,0.4806637,3.598922e-06,-8.052814e-07,-4.293799e-06,-7.48831e-07,2.526122e-06,-7.808545e-06,-6.515884e-06,6.915475e-06,33159350000000.0,3088515000000.0,0.3166754,2.757735e-06,-5.654268e-07,-3.236843e-06,-5.239474e-07,1.981676e-06,-5.929968e-06,-4.938903e-06,5.342148e-06,1314998000000.0,209300000000000.0,1.841356,65570000000000.0,-1.572
1609,1.2133,6.424017,6.802668,3785.14,426.1782,454.3824,-195.798,-340.3513,-130.0924,36331120000000.0,7593011000000.0,414853000000.0,0.2829897,3.712085e-07,2.724551e-07,-9.07475e-08,2.777861e-07,6.200866e-07,-4.518232e-07,-3.196865e-07,1.078801e-06,5862958000000.0,291470200000.0,0.2406221,2.776762e-07,2.019739e-07,-6.970109e-08,2.059499e-07,4.619749e-07,-3.397961e-07,-2.409502e-07,8.050874e-07,4421247000000.0,131186500000.0,0.1679886,1.55837e-07,1.108952e-07,-4.15559e-08,1.131097e-07,2.567568e-07,-1.931362e-07,-1.376573e-07,4.492875e-07,339939100000.0,29650000000000.0,0.9205965,4644000000000.0,-0.6693
1610,1.2133,7.059529,7.039215999999999,3777.565,467.8112,470.0146,-274.6716,199.1183,56.19168,50267660000000.0,31813760000000.0,3451356000000.0,0.4563573,1.905136e-06,9.937019e-07,-8.663495e-07,1.017765e-06,2.766324e-06,-2.719071e-06,-2.03991e-06,5.113807e-06,28353650000000.0,3002958000000.0,0.4073627,1.734035e-06,8.853902e-07,-8.074083e-07,9.070913e-07,2.498162e-06,-2.493724e-06,-1.875497e-06,4.63447e-06,19703380000000.0,1694753000000.0,0.2679924,1.191298e-06,5.618178e-07,-6.006022e-07,5.761753e-07,1.668027e-06,-1.759084e-06,-1.334188e-06,3.134741e-06,958548500000.0,111400000000000.0,1.273134,24130000000000.0,-1.09593
1613,1.2098,6.733197,5.484432999999999,3783.663,446.7009,365.8108,-255.7514,305.6994,-659.9531,49883200000000.0,33447700000000.0,3603265000000.0,0.4646194,2.155396e-06,1.219426e-06,-8.87235e-07,1.2443e-06,3.22283e-06,-2.984548e-06,-2.215454e-06,5.881642e-06,31525410000000.0,3243841000000.0,0.4241774,2.020472e-06,1.121722e-06,-8.528028e-07,1.144815e-06,2.998957e-06,-2.818776e-06,-2.097771e-06,5.490896e-06,21721780000000.0,1872152000000.0,0.2766925,1.418876e-06,7.215842e-07,-6.641289e-07,7.370162e-07,2.03723e-06,-2.044571e-06,-1.538048e-06,3.785692e-06,978345100000.0,171400000000000.0,1.491353,43490000000000.0,-1.25829
1614,1.2123,6.354638,6.751356000000006,3782.941,421.2924,450.5999,-191.7801,272.9419,74.16866,38541740000000.0,34985520000000.0,3402176000000.0,0.4730001,1.821105e-06,6.055916e-07,-1.170344e-06,6.309078e-07,2.301138e-06,-2.943134e-06,-2.293096e-06,4.54131e-06,33159350000000.0,3124522000000.0,0.4323833,1.740984e-06,5.68672e-07,-1.128972e-06,5.927164e-07,2.189111e-06,-2.823755e-06,-2.202269e-06,4.330452e-06,22490690000000.0,1900017000000.0,0.2796903,1.319459e-06,3.947669e-07,-8.912092e-07,4.123482e-07,1.6208e-06,-2.175615e-06,-1.704407e-06,3.242586e-06,1017029000000.0,156600000000000.0,1.348175,35920000000000.0,-1.12563
1615,1.2147,4.840314,4.887791999999998,3811.693,322.7778,327.1258,219.0062,485.1053,44.38363,31333190000000.0,22490690000000.0,2088683000000.0,0.4099861,1.068399e-06,-7.358924e-07,-1.773654e-06,-7.137002e-07,2.656146e-07,-2.819175e-06,-2.435657e-06,1.571928e-06,20664520000000.0,1819922000000.0,0.3701911,9.848984e-07,-6.6547e-07,-1.622027e-06,-6.451025e-07,2.574662e-07,-2.585817e-06,-2.232251e-06,1.461523e-06,12110370000000.0,867855300000.0,0.2258671,6.135132e-07,-3.796203e-07,-9.751794e-07,-3.672127e-07,1.943792e-07,-1.575498e-06,-1.355181e-06,9.43917e-07,764233700000.0,123200000000000.0,1.153579,24180000000000.0,-0.924561
1617,1.2142,6.386269,6.835845000000003,3787.116,423.8742,456.8242,-426.8941,47.88046,-474.3939,93903440000000.0,88040480000000.0,9251806000000.0,0.6423392,8.652463e-06,4.931311e-06,-3.5049e-06,4.970655e-06,1.283856e-05,-1.189862e-05,-8.810237e-06,2.347928e-05,81985300000000.0,8301273000000.0,0.5792849,8.148948e-06,4.557796e-06,-3.386052e-06,4.593445e-06,1.200033e-05,-1.129121e-05,-8.382116e-06,2.201931e-05,42194080000000.0,3880520000000.0,0.3424568,5.043455e-06,2.596457e-06,-2.31579e-06,2.614302e-06,7.189046e-06,-7.208056e-06,-5.406294e-06,1.338235e-05,2159633000000.0,131200000000000.0,2.331786,52050000000000.0,-1.915
1618,1.2137,5.242138,4.956375000000001,3806.427,349.2348,331.4854,150.9654,-148.0585,70.54334,95249040000000.0,42097960000000.0,3852623000000.0,0.5136389,2.353717e-06,-6.639746e-07,-2.948312e-06,-6.232745e-07,1.525873e-06,-5.24676e-06,-4.40261e-06,4.401612e-06,40367910000000.0,3420324000000.0,0.458209,2.194536e-06,-6.042978e-07,-2.733859e-06,-5.666523e-07,1.436495e-06,-4.876852e-06,-4.089698e-06,4.117256e-06,24605200000000.0,1846028000000.0,0.2871931,1.490962e-06,-3.728417e-07,-1.818802e-06,-3.481728e-07,1.0108e-06,-3.274713e-06,-2.739639e-06,2.830628e-06,1197266000000.0,93100000000000.0,1.43058,22660000000000.0,-1.32264
1619,1.2103,5.113307,5.044949999999997,3798.779,339.9213,336.6933,543.08,194.2383,-260.0515,49979310000000.0,48345380000000.0,4361323000000.0,0.5368641,2.550721e-06,-2.736991e-06,-5.201764e-06,-2.67854e-06,-3.549668e-07,-7.705571e-06,-6.784934e-06,2.740844e-06,45558070000000.0,3875770000000.0,0.4768179,2.406769e-06,-2.525112e-06,-4.850464e-06,-2.470257e-06,-2.784893e-07,-7.212912e-06,-6.344156e-06,2.642089e-06,19703380000000.0,1678732000000.0,0.2659053,1.578805e-06,-1.485883e-06,-3.010167e-06,-1.450971e-06,-1.558764e-08,-4.55973e-06,-3.989555e-06,1.898443e-06,1462931000000.0,75660000000000.0,1.340061,17250000000000.0,-1.0989
1620,1.2103,6.753463,5.441805999999996,3785.202,448.2401,363.1132,-523.1241,-51.57356,-394.4208,35177750000000.0,24509090000000.0,2076011000000.0,0.4214335,1.096996e-06,1.657571e-06,5.795925e-07,1.667797e-06,2.681375e-06,-4.844159e-07,-9.522195e-08,4.045038e-06,23644060000000.0,1866132000000.0,0.3835694,1.033045e-06,1.530759e-06,5.157324e-07,1.540301e-06,2.494573e-06,-4.86223e-07,-1.196982e-07,3.778558e-06,14032650000000.0,993502900000.0,0.2426119,7.041098e-07,9.474134e-07,2.559777e-07,9.535916e-07,1.603214e-06,-4.268606e-07,-1.769655e-07,2.477704e-06,808309700000.0,109000000000000.0,1.132926,21010000000000.0,-0.9400055
1622,1.2123,5.088223,5.007058000000002,3803.839,338.6955,334.5834,234.06,340.8489,-172.7882,76506800000000.0,74200060000000.0,7891930000000.0,0.6078565,6.506992e-06,-2.173215e-06,-8.459474e-06,-2.074025e-06,3.814366e-06,-1.482176e-05,-1.247676e-05,1.171325e-05,71989440000000.0,7415427000000.0,0.5557493,6.320633e-06,-2.073141e-06,-8.178562e-06,-1.977621e-06,3.740335e-06,-1.435857e-05,-1.208048e-05,1.141163e-05,54688900000000.0,5265934000000.0,0.3732593,5.34629e-06,-1.614307e-06,-6.775135e-06,-1.537081e-06,3.291741e-06,-1.200225e-05,-1.007425e-05,9.77463e-06,1713279000000.0,431600000000000.0,2.48124,182200000000000.0,-2.217737
1623,1.2113,5.173701,6.600736000000006,3790.605,343.2179,440.4317,-142.2916,-91.63573,-83.87457,29218680000000.0,28257540000000.0,2269059000000.0,0.4444624,1.003805e-06,4.242072e-07,-5.555516e-07,4.390213e-07,1.361691e-06,-1.53247e-06,-1.174587e-06,2.598068e-06,26527480000000.0,2068474000000.0,0.3991156,9.600672e-07,3.966616e-07,-5.403243e-07,4.107448e-07,1.293024e-06,-1.474673e-06,-1.132357e-06,2.475386e-06,17300530000000.0,1275942000000.0,0.2548154,7.416709e-07,2.775919e-07,-4.459357e-07,2.881482e-07,9.690131e-07,-1.167728e-06,-9.031809e-07,1.88187e-06,876266200000.0,206800000000000.0,1.219863,42920000000000.0,-1.05435
1624,1.2216,5.042469,5.024762999999997,3824.543,337.4608,337.5763,8.214241,32.83577,-201.0881,89770540000000.0,58149010000000.0,6048973000000.0,0.5557218,4.623131e-06,4.704025e-08,-4.439103e-06,1.071728e-07,4.311977e-06,-8.945667e-06,-7.28801e-06,9.959904e-06,55265590000000.0,5673528000000.0,0.5080883,4.462879e-06,4.443709e-08,-4.285625e-06,1.018767e-07,4.159611e-06,-8.635958e-06,-7.035568e-06,9.610761e-06,43924130000000.0,4088967000000.0,0.3470045,3.737099e-06,3.400328e-08,-3.589673e-06,7.977506e-08,3.472581e-06,-7.232454e-06,-5.891592e-06,8.0334e-06,1416510000000.0,227900000000000.0,1.964194,76160000000000.0,-1.80576
1626,1.2226,5.66073,6.449202999999997,3813.624,378.0106,433.1955,65.67552,-181.8711,-311.5732,57668440000000.0,54881130000000.0,5464326000000.0,0.5465257,3.91367e-06,-7.566065e-08,-3.874053e-06,-2.265848e-08,3.539195e-06,-7.690513e-06,-6.286965e-06,8.321237e-06,52574390000000.0,5105459000000.0,0.4986916,3.799247e-06,-7.20836e-08,-3.758999e-06,-2.106633e-08,3.435697e-06,-7.463853e-06,-6.101207e-06,8.077198e-06,40175680000000.0,3590485000000.0,0.3360628,3.245166e-06,-5.675033e-08,-3.20424e-06,-1.49549e-08,2.933785e-06,-6.368683e-06,-5.204216e-06,6.895393e-06,1374224000000.0,335200000000000.0,2.048051,116800000000000.0,-1.804
1633,1.2226,7.014362,5.116913999999998,3812.218,469.0515,343.94,-304.8312,-150.3219,-329.6102,69202130000000.0,67375960000000.0,7032842000000.0,0.5880368,6.11199e-06,2.699451e-06,-3.247757e-06,2.736823e-06,8.285534e-06,-9.183762e-06,-6.998459e-06,1.578118e-05,66510930000000.0,6681536000000.0,0.5389791,5.977659e-06,2.594487e-06,-3.221285e-06,2.63031e-06,8.05545e-06,-9.02678e-06,-6.889282e-06,1.538508e-05,58245120000000.0,5228645000000.0,0.3800931,5.34636e-06,2.158477e-06,-3.040138e-06,2.187543e-06,7.033136e-06,-8.232342e-06,-6.31966e-06,1.35835e-05,1541562000000.0,453900000000000.0,2.562639,197900000000000.0,-2.282
1635,1.2221,5.747669000000001,5.325178999999995,3819.377,384.4341,357.8047,263.8525,-205.8222,-439.6919,62858600000000.0,59398490000000.0,6068518000000.0,0.56223,4.598948e-06,-1.378826e-06,-5.829768e-06,-1.307148e-06,2.866916e-06,-1.032514e-05,-8.670008e-06,8.46321e-06,56611180000000.0,5671636000000.0,0.5127425,4.464432e-06,-1.313761e-06,-5.63397e-06,-1.244725e-06,2.806049e-06,-9.997798e-06,-8.390922e-06,8.237732e-06,43155220000000.0,3993355000000.0,0.3445498,3.779635e-06,-1.022316e-06,-4.677558e-06,-9.661822e-07,2.458177e-06,-8.371809e-06,-7.010731e-06,7.052805e-06,1445759000000.0,348500000000000.0,2.173962,128900000000000.0,-1.916
1637,1.2177,5.670885,5.411215000000002,3810.03,378.3363,362.6814,245.9371,-27.20197,-486.2186,56611180000000.0,56130610000000.0,6302675000000.0,0.5569824,4.711257e-06,-1.337223e-06,-5.895867e-06,-1.265391e-06,3.007978e-06,-1.050059e-05,-8.804813e-06,8.7393e-06,55361700000000.0,6076092000000.0,0.5240696,4.644527e-06,-1.304741e-06,-5.798514e-06,-1.234228e-06,2.97795e-06,-1.033799e-05,-8.666141e-06,8.627583e-06,49306520000000.0,4609643000000.0,0.3597579,4.128738e-06,-1.080455e-06,-5.073191e-06,-1.019778e-06,2.720226e-06,-9.10836e-06,-7.621586e-06,7.739073e-06,1362290000000.0,329200000000000.0,2.083593,116700000000000.0,-1.82061
1640,1.2231,5.78216,5.174639000000006,3822.186,387.0411,347.9105,228.8381,-299.2939,-38.856,35562200000000.0,28353650000000.0,2710263000000.0,0.437054,1.392855e-06,-6.413694e-07,-1.994139e-06,-6.146372e-07,6.604682e-07,-3.355474e-06,-2.85595e-06,2.363655e-06,26143030000000.0,2426265000000.0,0.3946794,1.309376e-06,-5.90461e-07,-1.862019e-06,-5.654659e-07,6.329182e-07,-3.14175e-06,-2.672125e-06,2.233799e-06,18069440000000.0,1409414000000.0,0.2576675,9.470923e-07,-3.913578e-07,-1.310656e-06,-3.737212e-07,4.921125e-07,-2.23627e-06,-1.896453e-06,1.649314e-06,864786300000.0,125700000000000.0,1.227427,26250000000000.0,-1.00683
1642,1.23,5.755731,4.946186000000005,3838.968,386.9516,333.9166,206.4376,112.6664,-57.35533,56611180000000.0,56226730000000.0,5457325000000.0,0.5501805,3.765208e-06,-1.270817e-06,-4.915368e-06,-1.208853e-06,2.212582e-06,-8.59482e-06,-7.240951e-06,6.795893e-06,55457820000000.0,5139455000000.0,0.5061158,3.65535e-06,-1.213713e-06,-4.751577e-06,-1.153926e-06,2.166885e-06,-8.323658e-06,-7.009176e-06,6.61587e-06,41232930000000.0,3465181000000.0,0.3381485,2.915632e-06,-8.939504e-07,-3.71434e-06,-8.478908e-07,1.797407e-06,-6.56349e-06,-5.514505e-06,5.343437e-06,1374744000000.0,154000000000000.0,1.738479,45550000000000.0,-1.49589
1643,1.2295,5.776373,5.305609999999995,3835.656,388.0138,358.0197,-28.92083,-375.6188,-340.6944,38349510000000.0,35658320000000.0,3692510000000.0,0.4723126,1.938276e-06,4.10317e-07,-1.478967e-06,4.384829e-07,2.21546e-06,-3.36758e-06,-2.674878e-06,4.597765e-06,34312720000000.0,3415900000000.0,0.4335669,1.867283e-06,3.889229e-07,-1.431002e-06,4.159071e-07,2.127455e-06,-3.250421e-06,-2.58305e-06,4.422234e-06,24316860000000.0,2128539000000.0,0.2844807,1.453756e-06,2.783542e-07,-1.137835e-06,2.98696e-07,1.629694e-06,-2.554248e-06,-2.034484e-06,3.415093e-06,1012340000000.0,221400000000000.0,1.42985,53860000000000.0,-1.21572
1644,1.229,7.116319000000001,5.442686000000003,3823.753,477.3796,367.1538,-110.7324,-159.3952,-392.6848,28161420000000.0,23836290000000.0,2131643000000.0,0.4203239,9.589539e-07,4.310313e-07,-5.056602e-07,4.45269e-07,1.327584e-06,-1.439291e-06,-1.097334e-06,2.509751e-06,22202350000000.0,1877874000000.0,0.3744157,8.913782e-07,3.913942e-07,-4.791926e-07,4.045372e-07,1.224467e-06,-1.34702e-06,-1.029135e-06,2.323164e-06,15089910000000.0,1063026000000.0,0.2417506,6.316346e-07,2.543291e-07,-3.62298e-07,2.633821e-07,8.437927e-07,-9.77213e-07,-7.51885e-07,1.621869e-06,767766800000.0,106500000000000.0,1.066251,19320000000000.0,-0.860706
1646,1.2266,5.003451000000001,5.177274000000006,3834.275,335.6883,348.7419,-73.41354,37.53188,-465.7232,28161420000000.0,24316860000000.0,2197735000000.0,0.4158347,1.06597e-06,2.959005e-07,-7.441958e-07,3.121175e-07,1.291526e-06,-1.782702e-06,-1.402123e-06,2.603574e-06,23067380000000.0,1978188000000.0,0.3803288,1.005354e-06,2.747194e-07,-7.061502e-07,2.899367e-07,1.213474e-06,-1.685592e-06,-1.326633e-06,2.450774e-06,13744310000000.0,1008458000000.0,0.2343816,6.497028e-07,1.619319e-07,-4.716151e-07,1.714484e-07,7.675555e-07,-1.104534e-06,-8.724702e-07,1.566589e-06,798808800000.0,116700000000000.0,1.166963,23170000000000.0,-0.915552
1647,1.2251,5.994546,5.967293999999997,3819.553,401.0837,401.4421,-85.81366,-263.0774,-46.88908,34985520000000.0,29410900000000.0,2910523000000.0,0.4448843,1.460319e-06,4.048538e-07,-1.019106e-06,4.264893e-07,1.766738e-06,-2.441118e-06,-1.919857e-06,3.562867e-06,27776970000000.0,2621657000000.0,0.4033321,1.375893e-06,3.736973e-07,-9.678019e-07,3.939439e-07,1.656402e-06,-2.307596e-06,-1.816428e-06,3.348457e-06,18742240000000.0,1513596000000.0,0.2610738,1.001124e-06,2.491489e-07,-7.264939e-07,2.634154e-07,1.180974e-06,-1.701328e-06,-1.343803e-06,2.411357e-06,901444200000.0,173600000000000.0,1.295718,38270000000000.0,-1.07811
1650,1.2305,7.139708,5.502337000000005,3826.339,479.2889,371.4725,-184.2174,-284.1991,-644.7503,51228800000000.0,47576460000000.0,4974858000000.0,0.5233364,3.190552e-06,1.590538e-06,-1.523891e-06,1.624204e-06,4.545089e-06,-4.627592e-06,-3.488387e-06,8.474241e-06,46423090000000.0,4631981000000.0,0.4789163,3.09311e-06,1.515979e-06,-1.502996e-06,1.54832e-06,4.379299e-06,-4.511851e-06,-3.407361e-06,8.187888e-06,32582670000000.0,3039288000000.0,0.3134882,2.53935e-06,1.141378e-06,-1.335595e-06,1.166556e-06,3.48751e-06,-3.805541e-06,-2.898423e-06,6.611685e-06,1259349000000.0,214500000000000.0,1.686563,61550000000000.0,-1.45431
1651,1.2315,5.767397,5.373519000000005,3839.947,387.8401,363.029,-126.354,-207.6839,-413.0457,39983450000000.0,39887340000000.0,3663532000000.0,0.4931729,1.904537e-06,7.569707e-07,-1.101159e-06,7.820098e-07,2.528578e-06,-2.954932e-06,-2.275101e-06,4.872651e-06,39310650000000.0,3448392000000.0,0.4516722,1.85224e-06,7.236054e-07,-1.083352e-06,7.478156e-07,2.446101e-06,-2.886203e-06,-2.225001e-06,4.725554e-06,26815820000000.0,2292987000000.0,0.295795,1.507767e-06,5.402883e-07,-9.299321e-07,5.59341e-07,1.940295e-06,-2.397422e-06,-1.859e-06,3.794658e-06,1078554000000.0,209200000000000.0,1.40001,49830000000000.0,-1.242852
1656,1.2385,6.586359,5.578185999999999,3847.798,444.2771,378.2976,111.0453,-102.8456,-308.6789,34312720000000.0,28641990000000.0,3024790000000.0,0.4369515,1.599857e-06,-2.458609e-07,-1.801697e-06,-2.184747e-07,1.246544e-06,-3.362994e-06,-2.790169e-06,3.206646e-06,26815820000000.0,2732411000000.0,0.3962547,1.518336e-06,-2.29048e-07,-1.705463e-06,-2.032019e-07,1.186846e-06,-3.187194e-06,-2.643513e-06,3.046828e-06,19415040000000.0,1648054000000.0,0.2617477,1.121773e-06,-1.554232e-07,-1.245697e-06,-1.368642e-07,8.88946e-07,-2.34039e-06,-1.938548e-06,2.262234e-06,856395500000.0,234800000000000.0,1.403571,56070000000000.0,-1.16721
1659,1.2335,5.324398,5.849916000000004,3843.093,358.1635,395.4564,251.4178,-386.1591,-232.0499,33255470000000.0,10380320000000.0,830504600000.0,0.316795,4.724885e-07,-2.857346e-07,-7.456035e-07,-2.759334e-07,1.584837e-07,-1.207654e-06,-1.038356e-06,7.378068e-07,8458038000000.0,615154500000.0,0.2704358,3.786654e-07,-2.266601e-07,-5.951949e-07,-2.188197e-07,1.292998e-07,-9.654914e-07,-8.298079e-07,5.935581e-07,5382388000000.0,260468900000.0,0.1744132,1.923967e-07,-1.107139e-07,-2.979258e-07,-1.067635e-07,7.003527e-08,-4.86063e-07,-4.171153e-07,3.058597e-07,424866500000.0,51800000000000.0,0.840001,7403000000000.0,-0.66057
1662,1.235,5.597894,6.560290000000001,3839.81,376.3542,443.7005,184.4817,-157.2558,-256.1762,31237070000000.0,28930330000000.0,2762481000000.0,0.438248,1.337266e-06,-4.435782e-07,-1.743246e-06,-4.189744e-07,8.057369e-07,-3.049368e-06,-2.570183e-06,2.442599e-06,27776970000000.0,2572524000000.0,0.4050472,1.290069e-06,-4.211663e-07,-1.67487e-06,-3.975249e-07,7.837529e-07,-2.934885e-06,-2.472586e-06,2.362685e-06,18838360000000.0,1565714000000.0,0.2596527,9.866373e-07,-2.93537e-07,-1.251904e-06,-2.759187e-07,6.264952e-07,-2.215521e-06,-1.86182e-06,1.833278e-06,856048600000.0,182300000000000.0,1.256773,38980000000000.0,-1.05039
1663,1.2425,5.913446,4.935738000000003,3865.265,400.3531,335.5846,101.1035,-326.2177,-463.9722,34601060000000.0,32582670000000.0,2953082000000.0,0.4580909,1.471772e-06,-9.34034e-08,-1.526712e-06,-6.861318e-08,1.281327e-06,-2.963179e-06,-2.436366e-06,3.0877e-06,31717640000000.0,2753375000000.0,0.4260886,1.417964e-06,-8.869998e-08,-1.4695e-06,-6.491246e-08,1.23545e-06,-2.853431e-06,-2.345854e-06,2.975605e-06,21337320000000.0,1602439000000.0,0.270629,1.047157e-06,-5.995172e-08,-1.079139e-06,-4.286506e-08,9.163366e-07,-2.101081e-06,-1.726114e-06,2.200559e-06,966076100000.0,125900000000000.0,1.234348,26440000000000.0,-1.01772
1664,1.2466,5.878798,5.406401,3870.974,398.5786,368.288,-51.79897,-340.8838,-528.0743,32198210000000.0,29891470000000.0,2886215000000.0,0.4459117,1.397863e-06,4.633e-07,-9.01432e-07,4.83812e-07,1.768398e-06,-2.263531e-06,-1.764311e-06,3.490078e-06,27873080000000.0,2604179000000.0,0.3998522,1.339415e-06,4.348541e-07,-8.726745e-07,4.543891e-07,1.684977e-06,-2.177791e-06,-1.699417e-06,3.334438e-06,18550010000000.0,1595040000000.0,0.262206,1.067782e-06,3.185898e-07,-7.232787e-07,3.337329e-07,1.313739e-06,-1.763624e-06,-1.382159e-06,2.627872e-06,900331200000.0,148200000000000.0,1.189803,30000000000000.0,-0.9999
1666,1.2425,5.958875,6.546702,3853.322,402.2044,444.6149,126.5295,-231.336,-190.6213,113991300000000.0,106302200000000.0,12285890000000.0,0.6755879,1.336597e-05,-1.062847e-06,-1.395898e-05,-9.365153e-07,1.107593e-05,-2.699899e-05,-2.217998e-05,2.72746e-05,102361500000000.0,11507290000000.0,0.6177211,1.297753e-05,-1.014458e-06,-1.353376e-05,-8.939619e-07,1.076474e-05,-2.619469e-05,-2.151506e-05,2.648908e-05,78044620000000.0,8064961000000.0,0.4164656,1.078586e-05,-7.769897e-07,-1.117292e-05,-6.864521e-07,8.982766e-06,-2.169521e-05,-1.780284e-05,2.203569e-05,2208959000000.0,345200000000000.0,3.097161,181900000000000.0,-2.737164
1677,1.2491,5.231143,7.1103369999999995,3868.125,354.147,484.5272,343.7252,-277.6199,-50.27498,40175680000000.0,37772830000000.0,3882125000000.0,0.4789221,2.167996e-06,-1.345478e-06,-3.445511e-06,-1.302998e-06,6.742098e-07,-5.567274e-06,-4.787569e-06,3.315296e-06,36427230000000.0,3642914000000.0,0.4427567,2.101375e-06,-1.283299e-06,-3.318621e-06,-1.242302e-06,6.737559e-07,-5.375166e-06,-4.619369e-06,3.233386e-06,26719710000000.0,2410547000000.0,0.290022,1.696744e-06,-9.485286e-07,-2.591078e-06,-9.162939e-07,6.289118e-07,-4.251543e-06,-3.641028e-06,2.694226e-06,1041019000000.0,293800000000000.0,1.583638,79160000000000.0,-1.3662
1678,1.2628,6.545968,5.705679000000002,3898.884,447.3907,392.1069,49.76861,30.02597,-164.5428,39022310000000.0,38926200000000.0,3255101000000.0,0.4817235,1.578509e-06,-1.290234e-07,-1.664101e-06,-1.030505e-07,1.341778e-06,-3.203661e-06,-2.638759e-06,3.275942e-06,37580600000000.0,3098543000000.0,0.4461171,1.542101e-06,-1.240142e-07,-1.623587e-06,-9.874347e-08,1.312536e-06,-3.127634e-06,-2.575729e-06,3.20192e-06,26239140000000.0,2147544000000.0,0.2878505,1.279252e-06,-9.367955e-08,-1.33711e-06,-7.328665e-08,1.096201e-06,-2.584778e-06,-2.126765e-06,2.662608e-06,1073195000000.0,287500000000000.0,1.415945,69260000000000.0,-1.29591
1679,1.2572,5.454152,5.064807999999995,3899.075,372.2895,347.141,311.6872,-12.5344,-417.5545,311409600000000.0,287092700000000.0,34917310000000.0,0.9326787,7.192166e-05,-1.028726e-05,-7.871907e-05,-1.026527e-05,5.250379e-05,-0.0001489865,-0.0001227136,0.0001379698,273348400000000.0,32611380000000.0,0.8522388,6.97245e-05,-9.803977e-06,-7.612514e-05,-9.804121e-06,5.100269e-05,-0.0001442443,-0.0001187673,0.0001338224,195496000000000.0,22064550000000.0,0.5615337,5.703511e-05,-7.368114e-06,-6.152857e-05,-7.465161e-06,4.207402e-05,-0.0001172427,-9.637181e-05,0.0001096605,4691095000000.0,278400000000000.0,5.617945,266100000000000.0,-4.944
1680,1.2593,6.615927,6.929517,3882.079,450.2655,474.9755,244.1869,-380.3224,-16.55957,32198210000000.0,29410900000000.0,2406138000000.0,0.4366756,1.209406e-06,-5.77754e-07,-1.752751e-06,-5.542653e-07,5.535869e-07,-2.935028e-06,-2.501282e-06,2.033035e-06,27296390000000.0,2166126000000.0,0.4005031,1.140442e-06,-5.358639e-07,-1.643761e-06,-5.138092e-07,5.306575e-07,-2.75861e-06,-2.34957e-06,1.92558e-06,13648200000000.0,970240600000.0,0.2313077,6.902803e-07,-2.922316e-07,-9.624059e-07,-2.79283e-07,3.520133e-07,-1.637151e-06,-1.389457e-06,1.195641e-06,962030700000.0,120800000000000.0,1.230506,25290000000000.0,-0.982674
1681,1.2577,5.448507,4.9876470000000035,3900.595,372.0469,341.9554,15.04171,85.20378,355.3368,49883200000000.0,42674650000000.0,4210683000000.0,0.4950286,3.222768e-06,-2.906842e-07,-3.419403e-06,-2.423875e-07,2.695571e-06,-6.563718e-06,-5.408117e-06,6.634829e-06,37772830000000.0,3581953000000.0,0.440609,2.979988e-06,-2.634533e-07,-3.156059e-06,-2.192265e-07,2.496465e-06,-6.063481e-06,-4.994803e-06,6.138251e-06,19511160000000.0,1562705000000.0,0.2608371,1.867273e-06,-1.508051e-07,-1.962033e-06,-1.244316e-07,1.574318e-06,-3.783766e-06,-3.113714e-06,3.854052e-06,1258902000000.0,165400000000000.0,1.837913,51720000000000.0,-1.42857
1682,1.2587,6.613617,6.781878999999998,3881.693,450.0621,464.7112,72.89738,-397.3863,-96.46355,64588650000000.0,50556000000000.0,6031031000000.0,0.5225538,4.494641e-06,-1.03681e-07,-4.466796e-06,-4.17799e-08,4.050719e-06,-8.850234e-06,-7.238446e-06,9.544048e-06,46807550000000.0,5265670000000.0,0.4729014,4.15639e-06,-9.43537e-08,-4.128601e-06,-3.763989e-08,3.745716e-06,-8.182126e-06,-6.691473e-06,8.824749e-06,25566340000000.0,2348831000000.0,0.2852949,2.48675e-06,-5.222612e-08,-2.464283e-06,-1.99625e-08,2.239966e-06,-4.889396e-06,-3.997031e-06,5.27594e-06,1404951000000.0,97380000000000.0,1.721399,28520000000000.0,-1.33254
1685,1.2587,4.850289,6.97205,3892.929,330.3396,477.7749,152.7512,136.729,-348.6748,30948730000000.0,28641990000000.0,2559032000000.0,0.4348513,1.231172e-06,-3.642229e-07,-1.561411e-06,-3.416505e-07,7.866827e-07,-2.763812e-06,-2.322779e-06,2.294733e-06,27008050000000.0,2319072000000.0,0.3944024,1.170476e-06,-3.399103e-07,-1.477974e-06,-3.18552e-07,7.53928e-07,-2.621086e-06,-2.201767e-06,2.187459e-06,16819960000000.0,1295789000000.0,0.2484108,8.393546e-07,-2.225842e-07,-1.038299e-06,-2.076607e-07,5.605458e-07,-1.857993e-06,-1.557183e-06,1.587869e-06,891052400000.0,173400000000000.0,1.253825,36990000000000.0,-1.04049
1686,1.2623,6.731753,5.796599999999999,3896.555,459.9295,398.3101,102.795,-640.3453,-212.5177,63819740000000.0,44020240000000.0,4715232000000.0,0.4983156,3.293828e-06,-3.074393e-08,-3.232536e-06,1.639725e-08,3.02227e-06,-6.44646e-06,-5.265457e-06,7.054657e-06,41232930000000.0,4237675000000.0,0.4553599,3.092907e-06,-2.838271e-08,-3.034479e-06,1.551665e-08,2.837202e-06,-6.052304e-06,-4.943241e-06,6.622963e-06,26815820000000.0,2310182000000.0,0.2905905,2.147608e-06,-1.812957e-08,-2.104059e-06,1.101044e-08,1.967267e-06,-4.199359e-06,-3.428887e-06,4.593601e-06,1207035000000.0,164700000000000.0,1.744016,48870000000000.0,-1.477
1687,1.2593,6.062401,6.766379999999998,3887.17,412.8388,463.7976,108.8774,-206.3474,23.15757,29987590000000.0,25662460000000.0,2342417000000.0,0.4200232,1.088834e-06,-2.467612e-07,-1.305982e-06,-2.269662e-07,7.715985e-07,-2.368685e-06,-1.979038e-06,2.10625e-06,23836290000000.0,2091770000000.0,0.3823593,1.013685e-06,-2.255065e-07,-1.211535e-06,-2.071673e-07,7.222823e-07,-2.200889e-06,-1.838106e-06,1.964671e-06,12783170000000.0,962697800000.0,0.226593,6.139728e-07,-1.242731e-07,-7.212036e-07,-1.13469e-07,4.488211e-07,-1.320426e-06,-1.100601e-06,1.200818e-06,848914000000.0,133600000000000.0,1.167166,26530000000000.0,-0.938124
1688,1.2593,5.348057,5.014401000000004,3904.705,365.532,344.1043,57.0694,758.045,40.82087,51421030000000.0,40079570000000.0,4360274000000.0,0.4848023,2.79358e-06,-6.59628e-07,-3.372179e-06,-6.138808e-07,1.935283e-06,-6.102636e-06,-5.09916e-06,5.349397e-06,37965060000000.0,3987863000000.0,0.441552,2.660242e-06,-6.152888e-07,-3.19799e-06,-5.720671e-07,1.854635e-06,-5.798053e-06,-4.842387e-06,5.105166e-06,27776970000000.0,2553123000000.0,0.2928328,2.062737e-06,-4.364435e-07,-2.437708e-06,-4.041703e-07,1.474643e-06,-4.45356e-06,-3.712219e-06,3.992849e-06,1082950000000.0,219500000000000.0,1.686169,62970000000000.0,-1.446
1689,1.2618,6.679776,5.733936999999995,3895.643,456.2389,393.8409,352.0056,-325.3925,-50.72276,56034500000000.0,43347440000000.0,5296734000000.0,0.4992189,3.594611e-06,-1.815344e-06,-5.293188e-06,-1.749604e-06,1.519075e-06,-8.810852e-06,-7.51672e-06,5.891128e-06,40560140000000.0,4727060000000.0,0.4519384,3.375909e-06,-1.675261e-06,-4.941085e-06,-1.613952e-06,1.454918e-06,-8.244693e-06,-7.029171e-06,5.560256e-06,27584740000000.0,2668672000000.0,0.2920339,2.383748e-06,-1.091058e-06,-3.39561e-06,-1.049272e-06,1.114408e-06,-5.728189e-06,-4.869454e-06,4.010731e-06,1179917000000.0,166000000000000.0,1.719736,48570000000000.0,-1.40184
1690,1.2587,5.390552,5.0553909999999975,3902.997,368.2925,346.8041,-39.78898,694.3442,-392.3768,31429300000000.0,27104170000000.0,2457583000000.0,0.425166,1.292042e-06,2.70074e-08,-1.232637e-06,4.791768e-08,1.233818e-06,-2.49414e-06,-2.031477e-06,2.821567e-06,25181890000000.0,2198739000000.0,0.385512,1.216967e-06,2.49271e-08,-1.161365e-06,4.449383e-08,1.161173e-06,-2.349527e-06,-1.913721e-06,2.656406e-06,16627730000000.0,1262354000000.0,0.2481617,8.859311e-07,1.659305e-08,-8.464707e-07,3.038952e-08,8.422354e-07,-1.711306e-06,-1.393947e-06,1.929865e-06,831013700000.0,219200000000000.0,1.405053,52400000000000.0,-1.148356
1691,1.2547,4.920013,6.799191000000004,3884.876,334.4184,464.9008,350.2687,-209.9408,276.4789,33063240000000.0,26623600000000.0,2723170000000.0,0.4247741,1.408928e-06,-1.203062e-06,-2.568649e-06,-1.172738e-06,1.153932e-07,-3.948668e-06,-3.441992e-06,1.832959e-06,24893540000000.0,2438460000000.0,0.3852288,1.326016e-06,-1.110001e-06,-2.395089e-06,-1.081593e-06,1.304378e-07,-3.693879e-06,-3.216983e-06,1.746702e-06,17781100000000.0,1442423000000.0,0.2537039,9.741772e-07,-7.513158e-07,-1.694979e-06,-7.308798e-07,1.5859e-07,-2.649098e-06,-2.29862e-06,1.345264e-06,815747000000.0,140000000000000.0,1.23766,29480000000000.0,-0.9999
1692,1.2618,6.633791,7.151731000000001,3885.014,451.8335,490.7523,22.4436,-595.3235,90.30813,29026450000000.0,28930330000000.0,2474173000000.0,0.4621305,1.067466e-06,9.820011e-08,-9.428825e-07,1.157425e-07,1.096613e-06,-1.984218e-06,-1.602552e-06,2.409368e-06,28161420000000.0,2225490000000.0,0.403628,1.011186e-06,9.049312e-08,-8.955663e-07,1.069977e-07,1.035883e-06,-1.88197e-06,-1.5204e-06,2.279206e-06,18165560000000.0,1384268000000.0,0.2549845,7.745669e-07,6.284056e-08,-6.920798e-07,7.513395e-08,7.858344e-07,-1.447586e-06,-1.17054e-06,1.73756e-06,877457000000.0,255600000000000.0,1.268656,55170000000000.0,-1.10187
1694,1.2577,6.562998000000001,6.020228999999997,3885.543,447.03,412.4771,267.9866,-59.18565,101.0048,29026450000000.0,23163490000000.0,2363849000000.0,0.4051042,1.037056e-06,-7.572046e-07,-1.763955e-06,-7.354609e-07,2.147667e-07,-2.778297e-06,-2.406246e-06,1.48204e-06,22394580000000.0,2179121000000.0,0.3741441,9.938878e-07,-7.146816e-07,-1.679462e-06,-6.939069e-07,2.166263e-07,-2.651578e-06,-2.294994e-06,1.431042e-06,16627730000000.0,1305303000000.0,0.2470122,7.409691e-07,-4.900158e-07,-1.209008e-06,-4.748114e-07,2.033935e-07,-1.933725e-06,-1.667799e-06,1.108306e-06,723164200000.0,113400000000000.0,1.025215,19780000000000.0,-0.8415
1695,1.2582,6.54765,6.399052000000001,3884.184,445.8194,438.476,116.4339,-212.3745,-13.45694,84388150000000.0,71604980000000.0,8624762000000.0,0.5876102,7.518714e-06,-8.612955e-07,-8.138343e-06,-7.636933e-07,6.047048e-06,-1.547524e-05,-1.277228e-05,1.519899e-05,69586580000000.0,7947797000000.0,0.5435368,7.213181e-06,-8.154723e-07,-7.796022e-06,-7.226701e-07,5.809517e-06,-1.483474e-05,-1.224136e-05,1.45882e-05,44596930000000.0,4399039000000.0,0.3430803,5.164381e-06,-5.371653e-07,-5.531128e-06,-4.748219e-07,4.193196e-06,-1.057045e-05,-8.712376e-06,1.047171e-05,1712791000000.0,157700000000000.0,2.202712,59100000000000.0,-1.80972
1696,1.2552,4.947478,6.887478000000006,3885.395,336.3394,471.0781,459.6987,-382.7536,-45.60363,47095890000000.0,41809620000000.0,4661947000000.0,0.4921868,2.914573e-06,-2.172785e-06,-4.990337e-06,-2.113771e-06,5.371761e-07,-7.846947e-06,-6.796008e-06,4.07732e-06,39791220000000.0,4291678000000.0,0.4495447,2.795618e-06,-2.045389e-06,-4.747609e-06,-1.98911e-06,5.529161e-07,-7.487584e-06,-6.479449e-06,3.948016e-06,28930330000000.0,2803976000000.0,0.2982713,2.205366e-06,-1.478325e-06,-3.608681e-06,-1.435246e-06,5.671701e-07,-5.76999e-06,-4.97434e-06,3.243231e-06,1125097000000.0,400000000000000.0,1.857329,126400000000000.0,-1.60578
1698,1.2593,6.988975,5.655270999999995,3888.684,476.7108,387.9591,145.5863,-452.9084,-114.9655,36811690000000.0,35850550000000.0,3497941000000.0,0.4685766,1.829486e-06,-3.007715e-07,-2.079182e-06,-2.702549e-07,1.403078e-06,-3.865224e-06,-3.209576e-06,3.642995e-06,35177750000000.0,3324860000000.0,0.4358891,1.784317e-06,-2.890929e-07,-2.023466e-06,-2.594533e-07,1.372287e-06,-3.765396e-06,-3.125901e-06,3.556685e-06,28353650000000.0,2351933000000.0,0.295298,1.49017e-06,-2.221711e-07,-1.669959e-06,-1.980689e-07,1.163214e-06,-3.124653e-06,-2.590396e-06,2.98638e-06,972983900000.0,317200000000000.0,1.521289,82100000000000.0,-1.33155
1700,1.2593,4.842625,6.902191999999994,3894.752,329.9696,473.157,-45.87513,23.15997,55.35131,57476210000000.0,36907800000000.0,4252206000000.0,0.4715194,2.918346e-06,1.862256e-07,-2.650265e-06,2.268227e-07,2.889978e-06,-5.493983e-06,-4.449358e-06,6.463449e-06,34889410000000.0,3817229000000.0,0.4326711,2.735705e-06,1.720284e-07,-2.486677e-06,2.098018e-07,2.705674e-06,-5.152419e-06,-4.17308e-06,6.05504e-06,23740170000000.0,2079142000000.0,0.2779007,1.862238e-06,1.079409e-07,-1.700817e-06,1.325221e-07,1.829055e-06,-3.515406e-06,-2.848391e-06,4.107166e-06,1055932000000.0,160400000000000.0,1.680839,45870000000000.0,-1.386
1701,1.2633,6.691108000000001,6.001742000000001,3897.504,457.2382,412.5741,81.0484,-537.0792,-352.4547,111300100000000.0,95056810000000.0,11810980000000.0,0.6460712,1.219118e-05,2.573946e-07,-1.154394e-05,3.757107e-07,1.138791e-05,-2.343028e-05,-1.904563e-05,2.622883e-05,87463800000000.0,10680900000000.0,0.5815939,1.17028e-05,2.42597e-07,-1.108398e-05,3.541577e-07,1.092078e-05,-2.249398e-05,-1.828437e-05,2.516372e-05,59782950000000.0,6462961000000.0,0.378355,9.108743e-06,1.737723e-07,-8.634321e-06,2.526597e-07,8.459726e-06,-1.751456e-05,-1.423564e-05,1.953201e-05,2095052000000.0,252300000000000.0,2.730311,117200000000000.0,-2.36214
1703,1.2654,4.84129,6.346983999999995,3911.572,331.3028,436.6463,253.5103,-149.621,-155.2402,51228800000000.0,45269730000000.0,5127505000000.0,0.5041217,3.399321e-06,-1.275186e-06,-4.567598e-06,-1.216438e-06,1.877466e-06,-7.890302e-06,-6.668415e-06,6.018688e-06,42578530000000.0,4617040000000.0,0.4572326,3.228562e-06,-1.191889e-06,-4.318578e-06,-1.136442e-06,1.801287e-06,-7.474352e-06,-6.313738e-06,5.733911e-06,27680850000000.0,2565337000000.0,0.292195,2.304239e-06,-7.897981e-07,-3.020134e-06,-7.514808e-07,1.342481e-06,-5.27236e-06,-4.443638e-06,4.147167e-06,1229073000000.0,241600000000000.0,1.793211,73710000000000.0,-1.50183
1704,1.2633,6.694197,5.531511999999998,3899.872,457.7292,380.2723,-95.82474,-454.6785,145.4809,61224660000000.0,54496680000000.0,5738258000000.0,0.5352024,4.224511e-06,8.808263e-07,-3.228563e-06,9.300838e-07,4.781721e-06,-7.342123e-06,-5.83025e-06,9.959949e-06,52766620000000.0,5284155000000.0,0.4935062,4.059427e-06,8.333472e-07,-3.115017e-06,8.802404e-07,4.580388e-06,-7.067796e-06,-5.614871e-06,9.555505e-06,32390440000000.0,2831540000000.0,0.3088002,2.904472e-06,5.45185e-07,-2.277825e-06,5.767245e-07,3.219685e-06,-5.105852e-06,-4.06569e-06,6.775869e-06,1459421000000.0,148900000000000.0,1.821313,46140000000000.0,-1.508
1705,1.2695,5.679023,6.033667999999994,3917.616,389.5815,416.128,112.7445,-484.5888,19.96061,311505700000000.0,295166300000000.0,35407360000000.0,0.9368641,7.666089e-05,-2.485757e-06,-7.547728e-05,-2.829437e-06,6.386579e-05,-0.0001501918,-0.0001222197,0.0001550341,289783900000000.0,33716950000000.0,0.865729,7.498979e-05,-2.395328e-06,-7.377687e-05,-2.75145e-06,6.244807e-05,-0.0001468612,-0.0001194926,0.0001515953,248454900000000.0,25613580000000.0,0.6054144,6.546185e-05,-1.944302e-06,-6.416781e-05,-2.348764e-06,5.437079e-05,-0.0001279589,-0.0001040379,0.0001320327,4530803000000.0,482100000000000.0,6.504278,533500000000000.0,-5.841
1706,1.2711,7.082,5.128176000000001,3916.351,486.5579,354.1684,143.3255,-284.885,-340.7441,41329050000000.0,33063240000000.0,3115925000000.0,0.4524883,1.733432e-06,-2.925299e-07,-1.978419e-06,-2.627208e-07,1.324727e-06,-3.670636e-06,-3.049738e-06,3.448543e-06,31333190000000.0,2794535000000.0,0.4121151,1.63043e-06,-2.701804e-07,-1.85573e-06,-2.423005e-07,1.250465e-06,-3.447376e-06,-2.863328e-06,3.247809e-06,19511160000000.0,1461902000000.0,0.260217,1.089805e-06,-1.65375e-07,-1.224614e-06,-1.472971e-07,8.492457e-07,-2.288437e-06,-1.89789e-06,2.183343e-06,1019340000000.0,66960000000000.0,1.17886,13430000000000.0,-0.927036
1707,1.2685,5.782438,6.535735000000006,3910.517,396.0049,450.3093,77.97862,-308.025,-289.0679,37003920000000.0,8842494000000.0,403265200000.0,0.2910273,2.11873e-07,-9.410732e-09,-2.160897e-07,-5.511268e-09,1.896108e-07,-4.228128e-07,-3.471227e-07,4.502685e-07,8169696000000.0,334432100000.0,0.2636997,1.868218e-07,-8.202378e-09,-1.904343e-07,-4.773116e-09,1.672571e-07,-3.727135e-07,-3.059703e-07,3.970789e-07,4517361000000.0,139576800000.0,0.1687598,9.914088e-08,-4.114926e-09,-1.007935e-07,-2.31975e-09,8.891504e-08,-1.9752e-07,-1.620948e-07,2.108306e-07,395347900000.0,34180000000000.0,0.862384,5015000000000.0,-0.6483185
1708,1.269,6.653318,6.856448999999998,3903.459,455.327,472.5426,-134.8551,-548.8831,175.4575,32294330000000.0,29699250000000.0,2685845000000.0,0.4367646,1.337893e-06,5.574295e-07,-7.489886e-07,5.760472e-07,1.805172e-06,-2.051865e-06,-1.574324e-06,3.453545e-06,28257540000000.0,2476899000000.0,0.4001108,1.28536e-06,5.255045e-07,-7.294892e-07,5.432797e-07,1.723879e-06,-1.981184e-06,-1.522367e-06,3.307316e-06,18165560000000.0,1506419000000.0,0.2542559,9.936867e-07,3.683469e-07,-6.013179e-07,3.815966e-07,1.293146e-06,-1.568891e-06,-1.21406e-06,2.516356e-06,899293200000.0,224700000000000.0,1.336133,51080000000000.0,-1.134421
1709,1.2639,4.926692,5.831383000000004,3912.356,337.2433,401.0495,64.38314,57.6351,75.70899,33832150000000.0,26911940000000.0,2740790000000.0,0.425085,1.302555e-06,-2.457918e-07,-1.512651e-06,-2.226847e-07,9.711168e-07,-2.783611e-06,-2.31751e-06,2.567364e-06,24797430000000.0,2461594000000.0,0.3821216,1.229176e-06,-2.271531e-07,-1.422532e-06,-2.05466e-07,9.208264e-07,-2.621891e-06,-2.18201e-06,2.426958e-06,17877220000000.0,1492946000000.0,0.2524234,9.093147e-07,-1.545661e-07,-1.038519e-06,-1.389049e-07,6.934709e-07,-1.925768e-06,-1.600233e-06,1.807051e-06,817046500000.0,155400000000000.0,1.194436,31580000000000.0,-1.008
1710,1.2664,6.416643,5.769354,3907.238,439.4162,397.2601,-19.18895,-79.60205,-105.6968,33255470000000.0,29218680000000.0,2695136000000.0,0.4341973,1.397618e-06,1.296351e-07,-1.231702e-06,1.520674e-07,1.43408e-06,-2.593658e-06,-2.094342e-06,3.150501e-06,26431370000000.0,2385731000000.0,0.3907898,1.319944e-06,1.201364e-07,-1.165429e-06,1.412012e-07,1.351702e-06,-2.45169e-06,-1.980085e-06,2.972533e-06,16435510000000.0,1283179000000.0,0.2454042,9.33651e-07,7.763319e-08,-8.312771e-07,9.20871e-08,9.473524e-07,-1.741093e-06,-1.407366e-06,2.093101e-06,903149300000.0,134300000000000.0,1.231982,28150000000000.0,-0.9989099
1711,1.2705,6.711352,6.061997000000001,3912.459,460.3942,418.3636,-165.2869,-544.7047,-343.2979,29218680000000.0,23932400000000.0,2406597000000.0,0.4104452,1.133404e-06,7.74435e-07,-3.346221e-07,7.894817e-07,1.83336e-06,-1.437661e-06,-1.033701e-06,3.233746e-06,22106240000000.0,2139499000000.0,0.3682627,1.067308e-06,7.129436e-07,-3.313066e-07,7.27006e-07,1.709747e-06,-1.369989e-06,-9.895635e-07,3.028253e-06,14417110000000.0,1210518000000.0,0.2352743,7.802196e-07,4.747733e-07,-2.881711e-07,4.846993e-07,1.202246e-06,-1.047378e-06,-7.69197e-07,2.165402e-06,740229200000.0,198200000000000.0,1.199842,40460000000000.0,-0.9989099
1713,1.2674,5.811369,5.052200000000001,3918.428,398.805,348.2052,-131.9148,-645.0598,-258.0727,53631650000000.0,48633720000000.0,4922073000000.0,0.5151886,3.326091e-06,1.234691e-06,-2.008235e-06,1.27172e-06,4.312837e-06,-5.245635e-06,-4.056831e-06,8.402264e-06,45077500000000.0,4483080000000.0,0.4686359,3.172983e-06,1.156553e-06,-1.936681e-06,1.191497e-06,4.091747e-06,-5.024996e-06,-3.890813e-06,7.99223e-06,31140960000000.0,2672530000000.0,0.3035944,2.388647e-06,7.974232e-07,-1.529582e-06,8.222249e-07,3.002115e-06,-3.854282e-06,-3.000042e-06,5.935696e-06,1285875000000.0,217600000000000.0,1.822171,67460000000000.0,-1.528103
1714,1.2649,5.319954,5.979757999999994,3910.765,364.1645,411.4133,297.9099,-349.0235,8.515363,31717640000000.0,30756500000000.0,2898843000000.0,0.4439313,1.438041e-06,-8.556923e-07,-2.250547e-06,-8.274015e-07,4.868747e-07,-3.657358e-06,-3.140787e-06,2.241993e-06,30179820000000.0,2765469000000.0,0.4143608,1.407316e-06,-8.268273e-07,-2.191796e-06,-7.992209e-07,4.867947e-07,-3.568538e-06,-3.062983e-06,2.204275e-06,24989660000000.0,1965768000000.0,0.2820365,1.186101e-06,-6.424013e-07,-1.792328e-06,-6.196068e-07,4.63207e-07,-2.952604e-06,-2.526385e-06,1.909911e-06,855030700000.0,224300000000000.0,1.328558,50700000000000.0,-1.144888
1715,1.2644,5.643636,4.920072999999995,3913.824,386.7634,338.5554,23.46002,-274.9478,-31.46589,53823880000000.0,51228800000000.0,5367471000000.0,0.5268484,3.595607e-06,3.790129e-08,-3.453846e-06,8.728428e-08,3.363362e-06,-6.959117e-06,-5.670627e-06,7.760564e-06,49018170000000.0,4990899000000.0,0.4809345,3.468826e-06,3.58957e-08,-3.332348e-06,8.313629e-08,3.242826e-06,-6.714007e-06,-5.470823e-06,7.484317e-06,37772830000000.0,3445582000000.0,0.3263489,2.837944e-06,2.704943e-08,-2.727064e-06,6.408793e-08,2.645617e-06,-5.49363e-06,-4.476042e-06,6.113032e-06,1287380000000.0,239000000000000.0,1.826736,74280000000000.0,-1.56816
1718,1.2731,6.334194,6.204314000000005,3919.091,435.0392,428.6649,172.5996,-317.1655,-89.84207,33832150000000.0,28930330000000.0,3027009000000.0,0.4387058,1.624267e-06,-4.493601e-07,-2.027232e-06,-4.208068e-07,1.064635e-06,-3.613444e-06,-3.031178e-06,3.05156e-06,28257540000000.0,2786480000000.0,0.3996183,1.562601e-06,-4.239862e-07,-1.941803e-06,-3.966675e-07,1.032045e-06,-3.467781e-06,-2.907577e-06,2.94328e-06,20664520000000.0,1837365000000.0,0.2645929,1.263477e-06,-3.135063e-07,-1.540168e-06,-2.920294e-07,8.618406e-07,-2.773987e-06,-2.320839e-06,2.406188e-06,843897900000.0,347700000000000.0,1.51547,89650000000000.0,-1.298474
1720,1.2767,5.502505,5.296723999999999,3939.085,379.4646,366.8813,-309.6469,-361.1618,-134.768,82081410000000.0,46807550000000.0,4502825000000.0,0.5055336,3.401368e-06,2.07537e-06,-1.245506e-06,2.106919e-06,5.219365e-06,-4.549517e-06,-3.336843e-06,9.410422e-06,43635790000000.0,4062151000000.0,0.4599493,3.186556e-06,1.901785e-06,-1.208873e-06,1.930861e-06,4.845662e-06,-4.304182e-06,-3.16795e-06,8.771185e-06,28065310000000.0,2324547000000.0,0.2925201,2.24183e-06,1.209216e-06,-9.775306e-07,1.228006e-06,3.27491e-06,-3.155044e-06,-2.355168e-06,6.033688e-06,1255847000000.0,222700000000000.0,1.898681,71940000000000.0,-1.69983
1723,1.2752,6.958052,5.404791999999999,3924.055,478.8974,374.0181,-268.1251,-122.1585,112.9768,39022310000000.0,32102100000000.0,3473423000000.0,0.4492737,1.864582e-06,1.078167e-06,-7.426643e-07,1.100665e-06,2.811766e-06,-2.555243e-06,-1.890772e-06,5.110021e-06,30468160000000.0,3160781000000.0,0.4079674,1.777456e-06,1.007902e-06,-7.276696e-07,1.029171e-06,2.659918e-06,-2.455542e-06,-1.822065e-06,4.850475e-06,22875150000000.0,2027604000000.0,0.2730269,1.385997e-06,7.229192e-07,-6.297781e-07,7.388573e-07,2.009017e-06,-1.977079e-06,-1.482917e-06,3.716025e-06,919725100000.0,201300000000000.0,1.394804,47770000000000.0,-1.17414
1725,1.2752,6.228064,7.0371849999999965,3917.752,427.5458,486.4919,-96.02155,-399.5356,-6.947136,69106010000000.0,66510930000000.0,7352773000000.0,0.5718521,5.826913e-06,1.094448e-06,-4.564834e-06,1.153133e-06,6.446068e-06,-1.023726e-05,-8.149559e-06,1.357336e-05,65261450000000.0,6960204000000.0,0.5274685,5.680984e-06,1.050928e-06,-4.466027e-06,1.107537e-06,6.26658e-06,-9.996356e-06,-7.960754e-06,1.321434e-05,53439420000000.0,5038158000000.0,0.3619986,4.778812e-06,8.184237e-07,-3.819588e-06,8.631482e-07,5.196562e-06,-8.471516e-06,-6.758279e-06,1.103607e-05,1513789000000.0,237800000000000.0,2.141947,86660000000000.0,-1.863
1726,1.2731,5.606973,5.343486000000004,3930.666,385.8882,369.4135,62.49397,-506.2455,-356.8496,54881130000000.0,48922060000000.0,4971396000000.0,0.5140003,3.32409e-06,1.191293e-07,-3.113292e-06,1.660239e-07,3.200973e-06,-6.355376e-06,-5.164303e-06,7.272794e-06,45365840000000.0,4483360000000.0,0.4657479,3.164942e-06,1.11413e-07,-2.965861e-06,1.556914e-07,3.044497e-06,-6.052675e-06,-4.918523e-06,6.920715e-06,26527480000000.0,2441659000000.0,0.2887957,2.268787e-06,7.268435e-08,-2.131662e-06,1.028792e-07,2.170247e-06,-4.344264e-06,-3.530807e-06,4.946202e-06,1350738000000.0,238700000000000.0,1.830509,74340000000000.0,-1.544811
1727,1.2741,5.488556,5.674954,3930.983,377.7182,392.4281,-2.548028,-165.0903,-74.65207,29410900000000.0,26527480000000.0,2406822000000.0,0.4218247,1.118275e-06,7.266187e-08,-1.016793e-06,9.118462e-08,1.117695e-06,-2.106748e-06,-1.707256e-06,2.49138e-06,25181890000000.0,2148616000000.0,0.3837036,1.04928e-06,6.70556e-08,-9.551052e-07,8.43544e-08,1.047354e-06,-1.977809e-06,-1.60294e-06,2.336151e-06,14897680000000.0,1041685000000.0,0.2366056,6.638933e-07,3.927627e-08,-6.072112e-07,4.996271e-08,6.587e-07,-1.254282e-06,-1.017016e-06,1.473713e-06,847818300000.0,91150000000000.0,1.087828,16870000000000.0,-0.853875
1728,1.2778,7.172205,7.153849999999995,3914.467,492.583,495.1838,-84.75481,-275.081,154.1248,42962990000000.0,29507020000000.0,2846039000000.0,0.4334759,1.603011e-06,3.827464e-07,-1.180411e-06,4.072678e-07,1.879105e-06,-2.741837e-06,-2.169549e-06,3.850752e-06,25662460000000.0,2430370000000.0,0.3847417,1.472878e-06,3.439737e-07,-1.092125e-06,3.663427e-07,1.718336e-06,-2.526783e-06,-2.000905e-06,3.529648e-06,12879280000000.0,1030952000000.0,0.2251619,8.590104e-07,1.831588e-07,-6.539698e-07,1.957685e-07,9.833086e-07,-1.490663e-06,-1.183829e-06,2.038959e-06,951896400000.0,84060000000000.0,1.150912,16460000000000.0,-0.947133
1729,1.2767,5.553931,6.310258000000005,3932.496,382.3926,436.9153,149.8353,-80.5924,-501.7271,35081630000000.0,24701320000000.0,2588212000000.0,0.4106523,1.343324e-06,-2.74892e-07,-1.581791e-06,-2.512939e-07,9.797606e-07,-2.893592e-06,-2.412363e-06,2.626189e-06,23547950000000.0,2369279000000.0,0.3738101,1.281248e-06,-2.567292e-07,-1.503097e-06,-2.343494e-07,9.395232e-07,-2.754256e-06,-2.295232e-06,2.509638e-06,18646130000000.0,1574592000000.0,0.2550673,1.01373e-06,-1.858468e-07,-1.171487e-06,-1.686019e-07,7.591193e-07,-2.161342e-06,-1.798035e-06,2.000582e-06,738322300000.0,270800000000000.0,1.348728,62140000000000.0,-1.17
1730,1.2747,6.957931000000001,5.448704999999999,3922.822,478.7385,376.9568,-45.58723,-350.3037,-326.2497,44308580000000.0,30948730000000.0,3155152000000.0,0.4415113,1.797017e-06,4.56335e-07,-1.295628e-06,4.819377e-07,2.12961e-06,-3.046075e-06,-2.404096e-06,4.339031e-06,27969190000000.0,2770053000000.0,0.3969245,1.662347e-06,4.135104e-07,-1.206959e-06,4.370005e-07,1.960756e-06,-2.826204e-06,-2.23228e-06,4.004261e-06,16916080000000.0,1428605000000.0,0.246887,1.095359e-06,2.491019e-07,-8.180446e-07,2.639772e-07,1.266659e-06,-1.884944e-06,-1.493418e-06,2.612117e-06,947650100000.0,168700000000000.0,1.422545,40830000000000.0,-1.196
1731,1.2726,5.145134,5.2110949999999985,3933.229,354.1547,360.1711,-86.7289,135.2919,-266.4588,32102100000000.0,26431370000000.0,2651406000000.0,0.4220844,1.286326e-06,3.157222e-07,-9.387577e-07,3.355709e-07,1.516983e-06,-2.191695e-06,-1.732528e-06,3.099363e-06,24701320000000.0,2363091000000.0,0.3837847,1.213307e-06,2.924559e-07,-8.907099e-07,3.110752e-07,1.425195e-06,-2.072516e-06,-1.639383e-06,2.917574e-06,14513220000000.0,1175538000000.0,0.2346799,8.066882e-07,1.776517e-07,-6.086254e-07,1.89656e-07,9.295648e-07,-1.394347e-06,-1.106258e-06,1.921162e-06,837874400000.0,114700000000000.0,1.128893,22030000000000.0,-0.912483
1732,1.2825,5.477293,5.960822999999995,3946.902,378.4649,413.998,-317.5114,-162.9275,63.3146,36042770000000.0,32102100000000.0,3156532000000.0,0.446696,1.592901e-06,1.174737e-06,-3.827014e-07,1.193415e-06,2.657495e-06,-1.93038e-06,-1.36334e-06,4.624237e-06,29699250000000.0,2847450000000.0,0.4039922,1.506931e-06,1.088795e-06,-3.844329e-07,1.106314e-06,2.491035e-06,-1.848571e-06,-1.312089e-06,4.351364e-06,21145090000000.0,1723635000000.0,0.2651287,1.126441e-06,7.487276e-07,-3.520124e-07,7.613197e-07,1.795276e-06,-1.446432e-06,-1.045256e-06,3.185006e-06,933208000000.0,129000000000000.0,1.243869,27300000000000.0,-1.026682
1734,1.2809,5.636602000000001,6.202418999999994,3940.98,388.9584,430.3767,-142.2701,-246.1542,-188.315,39502880000000.0,37292260000000.0,3871280000000.0,0.4694617,2.263737e-06,7.96156e-07,-1.409939e-06,8.239632e-07,2.89512e-06,-3.612618e-06,-2.804201e-06,5.677269e-06,35466090000000.0,3597502000000.0,0.4297818,2.183925e-06,7.542621e-07,-1.373835e-06,7.80868e-07,2.778512e-06,-3.498843e-06,-2.71886e-06,5.462195e-06,27969190000000.0,2505768000000.0,0.29356,1.795037e-06,5.713479e-07,-1.176926e-06,5.923247e-07,2.232279e-06,-2.92349e-06,-2.282122e-06,4.436563e-06,1013231000000.0,287100000000000.0,1.634311,79830000000000.0,-1.38798
1736,1.2809,4.920847,5.5546370000000005,3950.088,340.0899,385.5735,151.6592,-15.71655,469.5433,52093820000000.0,51517140000000.0,4983524000000.0,0.5295643,3.180412e-06,-1.085438e-06,-4.168002e-06,-1.031404e-06,1.865263e-06,-7.276621e-06,-6.133643e-06,5.743253e-06,51132680000000.0,4682052000000.0,0.4851291,3.086732e-06,-1.03549e-06,-4.026953e-06,-9.8335e-07,1.827328e-06,-7.043977e-06,-5.934579e-06,5.59058e-06,40175680000000.0,3303849000000.0,0.3288997,2.586021e-06,-7.999989e-07,-3.304906e-06,-7.576179e-07,1.594261e-06,-5.832405e-06,-4.902587e-06,4.744867e-06,1259594000000.0,201200000000000.0,1.701064,58230000000000.0,-1.48203
1741,1.2814,5.484566,6.192425999999997,3943.699,378.6629,429.8633,-320.0374,149.3848,-216.0433,48153150000000.0,43635790000000.0,4749250000000.0,0.495595,2.863664e-06,1.729214e-06,-1.067154e-06,1.758817e-06,4.382504e-06,-3.849445e-06,-2.828801e-06,7.91198e-06,42578530000000.0,4435234000000.0,0.4591175,2.772489e-06,1.651505e-06,-1.055611e-06,1.67995e-06,4.219616e-06,-3.749302e-06,-2.761089e-06,7.636339e-06,30948730000000.0,2773502000000.0,0.3013208,2.140502e-06,1.173629e-06,-9.152817e-07,1.194476e-06,3.15273e-06,-2.994875e-06,-2.231585e-06,5.788668e-06,1152857000000.0,139300000000000.0,1.496621,35470000000000.0,-1.24245
1742,1.2851,6.353376,6.320248000000002,3944.05,439.1466,439.5375,219.8647,-414.2855,-34.6605,37868940000000.0,23644060000000.0,2195698000000.0,0.4027841,1.278054e-06,-5.572389e-07,-1.799935e-06,-5.324352e-07,6.397001e-07,-3.049044e-06,-2.590974e-06,2.204851e-06,21625660000000.0,1907073000000.0,0.3627732,1.187323e-06,-5.081026e-07,-1.662471e-06,-4.851605e-07,6.035339e-07,-2.822889e-06,-2.397311e-06,2.057395e-06,12206490000000.0,867090600000.0,0.2226196,7.103185e-07,-2.81748e-07,-9.720691e-07,-2.682927e-07,3.824118e-07,-1.666255e-06,-1.411578e-06,1.251717e-06,786401400000.0,72650000000000.0,1.029899,12730000000000.0,-0.853
1745,1.2804,5.561024,6.226289000000002,3940.206,383.6346,431.9054,-181.356,-53.22102,-355.845,34985520000000.0,19895610000000.0,2127010000000.0,0.3807183,1.071673e-06,5.983243e-07,-4.488478e-07,6.130707e-07,1.598797e-06,-1.491413e-06,-1.10953e-06,2.920706e-06,18550010000000.0,1830409000000.0,0.345008,9.783499e-07,5.395477e-07,-4.163739e-07,5.529508e-07,1.452704e-06,-1.368146e-06,-1.0195e-06,2.659395e-06,10860890000000.0,803876600000.0,0.2133384,5.731518e-07,2.934541e-07,-2.663282e-07,3.01082e-07,8.276821e-07,-8.238894e-07,-6.195749e-07,1.53421e-06,675058100000.0,83420000000000.0,1.056873,15000000000000.0,-0.842193
1746,1.2814,4.9035,5.580291000000002,3951.507,339.0068,387.4945,-334.2166,2.755663,-174.4279,115721300000000.0,110146700000000.0,12035990000000.0,0.6739091,1.388164e-05,4.568735e-06,-8.891427e-06,4.606941e-06,1.710538e-05,-2.236978e-05,-1.739203e-05,3.404635e-05,107936100000000.0,11345850000000.0,0.6203909,1.349284e-05,4.36647e-06,-8.714454e-06,4.401292e-06,1.654462e-05,-2.18152e-05,-1.697613e-05,3.300711e-05,83811470000000.0,8127217000000.0,0.4203161,1.13366e-05,3.377719e-06,-7.602603e-06,3.39646e-06,1.357627e-05,-1.860931e-05,-1.454018e-05,2.738978e-05,2227167000000.0,351900000000000.0,3.322136,198900000000000.0,-2.9
1747,1.2819,5.675788,6.200217000000002,3942.613,391.8426,430.4302,-335.6775,-534.9495,44.01433,43251330000000.0,36427230000000.0,3930750000000.0,0.4654771,2.291704e-06,1.708847e-06,-5.326178e-07,1.731687e-06,3.835343e-06,-2.759014e-06,-1.942725e-06,6.665744e-06,34601060000000.0,3617706000000.0,0.4281406,2.195158e-06,1.61098e-06,-5.358342e-07,1.632657e-06,3.647221e-06,-2.668403e-06,-1.886449e-06,6.358007e-06,23355720000000.0,2139994000000.0,0.2751769,1.615666e-06,1.084609e-06,-4.944984e-07,1.099661e-06,2.580317e-06,-2.063972e-06,-1.488193e-06,4.573823e-06,1022877000000.0,206400000000000.0,1.542592,54170000000000.0,-1.291449
1749,1.284,5.167583,4.914257000000001,3959.552,358.0888,341.8353,-373.3698,-266.2195,-288.0711,51132680000000.0,40656250000000.0,4473478000000.0,0.4810698,2.700773e-06,2.205001e-06,-4.3733e-07,2.230442e-06,4.709889e-06,-3.059339e-06,-2.098134e-06,8.047252e-06,38637850000000.0,4060716000000.0,0.4399542,2.56645e-06,2.058598e-06,-4.520399e-07,2.082513e-06,4.438044e-06,-2.943613e-06,-2.030139e-06,7.608947e-06,24124630000000.0,2260699000000.0,0.2784845,1.82476e-06,1.338037e-06,-4.459549e-07,1.354008e-06,3.026438e-06,-2.21737e-06,-1.567584e-06,5.279096e-06,1137562000000.0,134600000000000.0,1.444952,33090000000000.0,-1.21275
1751,1.2929,7.035805,6.539300000000006,3953.156,487.8944,456.5904,287.109,-514.1677,-95.83315,51228800000000.0,44020240000000.0,4813126000000.0,0.4941864,3.178289e-06,-1.16148e-06,-4.242252e-06,-1.106554e-06,1.788941e-06,-7.350004e-06,-6.20737e-06,5.664443e-06,41521280000000.0,4376575000000.0,0.4490459,3.027453e-06,-1.086018e-06,-4.020207e-06,-1.034063e-06,1.723203e-06,-6.980425e-06,-5.891917e-06,5.414153e-06,29410900000000.0,2700000000000.0,0.2956401,2.296448e-06,-7.570727e-07,-2.981385e-06,-7.190332e-07,1.369429e-06,-5.226676e-06,-4.400608e-06,4.166825e-06,1189867000000.0,193800000000000.0,1.690499,55740000000000.0,-1.41372
1753,1.2903,6.407726,6.402815999999999,3953.791,444.0285,446.4746,79.85761,-347.2096,-97.97504,59494610000000.0,48537600000000.0,5709748000000.0,0.5090237,3.936429e-06,-1.874427e-07,-4.008804e-06,-1.313224e-07,3.454699e-06,-7.848297e-06,-6.436815e-06,8.266034e-06,46326980000000.0,5219979000000.0,0.4679517,3.755598e-06,-1.763076e-07,-3.821758e-06,-1.231425e-07,3.297321e-06,-7.484852e-06,-6.138094e-06,7.887004e-06,30179820000000.0,2931810000000.0,0.2988182,2.648676e-06,-1.146273e-07,-2.684032e-06,-7.877701e-08,2.329957e-06,-5.267382e-06,-4.317059e-06,5.56414e-06,1274112000000.0,180300000000000.0,1.776327,54490000000000.0,-1.485
1755,1.2945,4.864693,6.374796000000005,3973.415,338.1755,445.5251,-1.953333,-507.5475,8.070352,28738110000000.0,24509090000000.0,2098343000000.0,0.4147446,1.01792e-06,1.166604e-07,-8.759972e-07,1.333518e-07,1.068683e-06,-1.868587e-06,-1.50483e-06,2.320487e-06,23451830000000.0,1863757000000.0,0.3716854,9.586259e-07,1.075086e-07,-8.272264e-07,1.231368e-07,1.003773e-06,-1.761982e-06,-1.41939e-06,2.182493e-06,15186020000000.0,1034834000000.0,0.2393923,6.82747e-07,6.98373e-08,-5.955679e-07,8.066555e-08,7.071715e-07,-1.261267e-06,-1.017187e-06,1.546127e-06,775222400000.0,102900000000000.0,1.10641,19370000000000.0,-0.8865
1757,1.2903,6.716886000000001,6.684852000000004,3948.628,465.037,465.9973,337.3519,-547.6025,-95.86775,35369980000000.0,30083700000000.0,3074600000000.0,0.4376445,1.558389e-06,-9.260908e-07,-2.43884e-06,-8.953294e-07,5.302644e-07,-3.964137e-06,-3.40414e-06,2.433886e-06,29122560000000.0,2863381000000.0,0.4001373,1.504018e-06,-8.769735e-07,-2.336794e-06,-8.474159e-07,5.281327e-07,-3.808841e-06,-3.268352e-06,2.365095e-06,22971260000000.0,2015199000000.0,0.2740953,1.244209e-06,-6.687519e-07,-1.875828e-06,-6.448087e-07,4.919437e-07,-3.093479e-06,-2.646232e-06,2.010653e-06,848360400000.0,231600000000000.0,1.326272,52260000000000.0,-1.15038
1758,1.2919,6.273683,6.1192000000000055,3960.779,435.4328,427.186,-85.43468,-325.7108,225.6773,60551860000000.0,54496680000000.0,5914703000000.0,0.5300016,4.4926e-06,6.39897e-07,-3.724268e-06,6.912538e-07,4.778119e-06,-8.100021e-06,-6.490459e-06,1.02746e-05,52478280000000.0,5540448000000.0,0.4874422,4.366163e-06,6.116064e-07,-3.629254e-06,6.610257e-07,4.63179e-06,-7.88183e-06,-6.317414e-06,9.972746e-06,41136820000000.0,3883578000000.0,0.3300735,3.680394e-06,4.746258e-07,-3.097944e-06,5.140274e-07,3.856177e-06,-6.682465e-06,-5.363066e-06,8.35444e-06,1319909000000.0,643600000000000.0,2.423744,265400000000000.0,-2.155
1759,1.3008,5.320885,5.694663000000006,3988.99,371.514,399.5003,36.26214,-267.812,70.40996,35466090000000.0,30468160000000.0,3085897000000.0,0.4346981,1.666482e-06,-6.5928e-08,-1.686834e-06,-3.924616e-08,1.485829e-06,-3.312041e-06,-2.715644e-06,3.528212e-06,29218680000000.0,2887435000000.0,0.4014881,1.620571e-06,-6.315051e-08,-1.639287e-06,-3.732129e-08,1.445481e-06,-3.219714e-06,-2.639712e-06,3.431401e-06,23259600000000.0,1995385000000.0,0.2731482,1.348712e-06,-4.835254e-08,-1.359514e-06,-2.744327e-08,1.205323e-06,-2.674787e-06,-2.191903e-06,2.857117e-06,857069300000.0,293000000000000.0,1.473418,73450000000000.0,-1.27122
1761,1.2966,4.818921,6.331713999999997,3978.116,335.3747,442.9829,-132.65,-127.4392,79.69061,37772830000000.0,34024380000000.0,3396335000000.0,0.4515039,1.902603e-06,5.319233e-07,-1.322077e-06,5.581716e-07,2.301114e-06,-3.174197e-06,-2.494816e-06,4.639215e-06,32390440000000.0,3120148000000.0,0.4139046,1.828624e-06,5.027931e-07,-1.278964e-06,5.278602e-07,2.20268e-06,-3.059064e-06,-2.406048e-06,4.449601e-06,22779030000000.0,1942740000000.0,0.2729118,1.429717e-06,3.612985e-07,-1.031109e-06,3.802033e-07,1.688147e-06,-2.422867e-06,-1.912085e-06,3.443754e-06,961188700000.0,229800000000000.0,1.492937,58370000000000.0,-1.24938
1762,1.304,6.868051,6.265399000000005,3980.218,479.4075,440.1458,218.8104,-337.0812,46.83916,74296170000000.0,71989440000000.0,7974008000000.0,0.580153,6.409288e-06,-1.571922e-06,-7.770039e-06,-1.478987e-06,4.326452e-06,-1.403183e-05,-1.172475e-05,1.211807e-05,69778810000000.0,7504552000000.0,0.5336847,6.242305e-06,-1.507274e-06,-7.543237e-06,-1.41746e-06,4.235215e-06,-1.364185e-05,-1.139466e-05,1.182269e-05,51036570000000.0,5125453000000.0,0.3539721,5.245222e-06,-1.168908e-06,-6.237529e-06,-1.096801e-06,3.645719e-06,-1.136182e-05,-9.472542e-06,1.001572e-05,1661516000000.0,288500000000000.0,2.238998,109900000000000.0,-1.96812
1763,1.3035,6.930741,7.103295000000005,3971.684,482.7888,498.5746,268.1121,-297.985,108.7758,75161200000000.0,58437350000000.0,6395434000000.0,0.5398332,4.796252e-06,-1.794095e-06,-6.434682e-06,-1.714096e-06,2.641749e-06,-1.11242e-05,-9.398171e-06,8.476168e-06,56226730000000.0,5940051000000.0,0.4978491,4.620299e-06,-1.699982e-06,-6.169827e-06,-1.623434e-06,2.571495e-06,-1.068728e-05,-9.024408e-06,8.191026e-06,38253400000000.0,3579603000000.0,0.3206794,3.51457e-06,-1.18393e-06,-4.581822e-06,-1.12802e-06,2.057965e-06,-8.018009e-06,-6.752393e-06,6.328826e-06,1448662000000.0,180600000000000.0,1.865153,57310000000000.0,-1.652
1769,1.3072,5.337497,6.0067209999999935,4000.016,373.7108,422.726,32.8327,-195.293,-107.0672,28545880000000.0,22779030000000.0,2288839000000.0,0.3945575,1.108101e-06,-8.647077e-09,-1.087448e-06,9.76334e-09,1.025866e-06,-2.167881e-06,-1.771713e-06,2.385707e-06,22394580000000.0,2103133000000.0,0.367206,1.058865e-06,-8.166578e-09,-1.038973e-06,9.363637e-09,9.801818e-07,-2.071397e-06,-1.692812e-06,2.279498e-06,14321000000000.0,1075536000000.0,0.2309757,6.828038e-07,-4.875096e-09,-6.693156e-07,6.147963e-09,6.315601e-07,-1.335058e-06,-1.090842e-06,1.468953e-06,725512200000.0,175100000000000.0,1.236953,36850000000000.0,-0.995915
1771,1.3115,4.911813,6.506227999999998,4007.356,344.3839,458.7063,81.41558,-370.489,55.99667,34504950000000.0,22298460000000.0,2065135000000.0,0.390546,1.203622e-06,-1.754294e-07,-1.347389e-06,-1.538584e-07,9.51132e-07,-2.52201e-06,-2.091454e-06,2.42824e-06,20856750000000.0,1789255000000.0,0.3553316,1.123956e-06,-1.612275e-07,-1.255533e-06,-1.41166e-07,8.905031e-07,-2.352399e-06,-1.950317e-06,2.269703e-06,9899749000000.0,696925100000.0,0.204288,6.411856e-07,-8.489242e-08,-7.089036e-07,-7.370452e-08,5.142607e-07,-1.334611e-06,-1.10516e-06,1.300617e-06,779108300000.0,76130000000000.0,1.033776,13390000000000.0,-0.8236745
1776,1.3211,6.596133,5.1734060000000035,4025.4,465.4794,366.8849,582.3409,-65.84779,56.20434,43059100000000.0,22106240000000.0,2366697000000.0,0.3873133,1.272235e-06,-1.741612e-06,-2.971568e-06,-1.710379e-06,-5.489699e-07,-4.221037e-06,-3.761991e-06,9.96042e-07,20183950000000.0,2077802000000.0,0.350075,1.171978e-06,-1.573998e-06,-2.706899e-06,-1.545346e-06,-4.757318e-07,-3.857882e-06,-3.434981e-06,9.473181e-07,15378250000000.0,1184451000000.0,0.2366974,8.014402e-07,-9.932961e-07,-1.767628e-06,-9.740688e-07,-2.434486e-07,-2.554648e-06,-2.265359e-06,7.290554e-07,696788600000.0,197200000000000.0,1.317399,44200000000000.0,-1.126
1777,1.3184,6.533082,5.721368000000003,4017.003,460.0293,405.0938,639.4742,-374.7994,81.49107,34216610000000.0,31717640000000.0,3233671000000.0,0.4382038,1.661596e-06,-2.156167e-06,-3.761679e-06,-2.115927e-06,-6.011262e-07,-5.394643e-06,-4.794293e-06,1.414905e-06,30179820000000.0,3018496000000.0,0.4051244,1.60318e-06,-2.046641e-06,-3.595555e-06,-2.007948e-06,-5.467113e-07,-5.171072e-06,-4.591799e-06,1.398199e-06,24028520000000.0,2023759000000.0,0.2742375,1.281142e-06,-1.506926e-06,-2.744049e-06,-1.476584e-06,-3.102079e-07,-4.00294e-06,-3.539896e-06,1.242973e-06,879530200000.0,196300000000000.0,1.357273,45330000000000.0,-1.13652
1780,1.3206,5.994527,5.245189000000002,4028.913,423.0667,371.8975,357.566,-42.14912,-19.3306,47095890000000.0,46134750000000.0,4655197000000.0,0.4967764,2.899056e-06,-1.777355e-06,-4.580858e-06,-1.721815e-06,9.146118e-07,-7.418751e-06,-6.374813e-06,4.438377e-06,45558070000000.0,4452029000000.0,0.4662882,2.839002e-06,-1.720113e-06,-4.465356e-06,-1.665915e-06,9.154821e-07,-7.244449e-06,-6.222079e-06,4.36594e-06,37580600000000.0,3200909000000.0,0.3177656,2.38659e-06,-1.336774e-06,-3.643419e-06,-1.292389e-06,8.751074e-07,-5.979574e-06,-5.119769e-06,3.773807e-06,1138606000000.0,298200000000000.0,1.771763,89890000000000.0,-1.5444
1781,1.3184,6.526354,5.442658999999997,4019.088,459.79,385.4327,791.8796,-161.0047,56.60125,28641990000000.0,23163490000000.0,2020330000000.0,0.3937471,9.744871e-07,-1.953898e-06,-2.894757e-06,-1.926895e-06,-1.037191e-06,-3.85487e-06,-3.502026e-06,1.433983e-07,21721780000000.0,1832075000000.0,0.3612788,9.26652e-07,-1.825809e-06,-2.720386e-06,-1.800208e-06,-9.543644e-07,-3.633337e-06,-3.297801e-06,1.681214e-07,12879280000000.0,990859700000.0,0.2250477,6.370071e-07,-1.135307e-06,-1.749855e-06,-1.118041e-06,-5.373812e-07,-2.377324e-06,-2.146604e-06,2.336097e-07,762310500000.0,262600000000000.0,1.294823,57850000000000.0,-1.090131
1783,1.3303,5.489144,7.165127000000005,4038.314,388.0732,509.9995,476.4745,-199.7653,24.97236,49306520000000.0,37580600000000.0,3635340000000.0,0.4602259,2.33864e-06,-2.05251e-06,-4.312759e-06,-2.002872e-06,1.254096e-07,-6.605579e-06,-5.762288e-06,2.965102e-06,36235000000000.0,3405058000000.0,0.4247736,2.266915e-06,-1.95488e-06,-4.145589e-06,-1.90698e-06,1.555514e-07,-6.368062e-06,-5.550575e-06,2.907789e-06,28738110000000.0,2381077000000.0,0.2917361,1.875717e-06,-1.481675e-06,-3.293356e-06,-1.443018e-06,2.614401e-07,-5.132188e-06,-4.455499e-06,2.5371e-06,986866500000.0,263500000000000.0,1.655549,74220000000000.0,-1.461
1785,1.3227,6.159633,5.255544999999996,4031.834,435.1234,373.0205,421.2219,-147.5686,73.31453,28738110000000.0,26815820000000.0,2440111000000.0,0.4222678,1.079253e-06,-1.150576e-06,-2.196412e-06,-1.126109e-06,-1.387057e-07,-3.254041e-06,-2.865844e-06,1.17654e-06,26046910000000.0,2272631000000.0,0.3910088,1.038727e-06,-1.090022e-06,-2.096512e-06,-1.066544e-06,-1.163777e-07,-3.114416e-06,-2.740777e-06,1.149359e-06,16147160000000.0,1273451000000.0,0.2392273,7.553984e-07,-7.179965e-07,-1.449583e-06,-7.012806e-07,-1.108397e-08,-2.189791e-06,-1.91797e-06,9.087962e-07,824586600000.0,203000000000000.0,1.20361,41570000000000.0,-1.01376
1786,1.326,6.39041,5.590326,4034.855,451.8978,397.4025,538.0607,-142.1524,159.2244,30468160000000.0,26143030000000.0,2248824000000.0,0.4083603,1.128486e-06,-1.452663e-06,-2.544284e-06,-1.425579e-06,-3.949425e-07,-3.652037e-06,-3.245125e-06,9.766629e-07,24220740000000.0,2041932000000.0,0.3756895,1.068362e-06,-1.350719e-06,-2.384075e-06,-1.325174e-06,-3.496682e-07,-3.432789e-06,-3.047533e-06,9.486903e-07,15378250000000.0,1115418000000.0,0.2352509,7.332131e-07,-8.395143e-07,-1.54828e-06,-8.223816e-07,-1.537922e-07,-2.26794e-06,-2.003437e-06,7.365784e-07,818799500000.0,182100000000000.0,1.299145,40250000000000.0,-1.063778
1787,1.3276,6.580519,6.3567130000000045,4031.048,465.0194,452.0492,494.1061,-234.852,-192.7795,66318710000000.0,58533470000000.0,6506229000000.0,0.5370438,4.850409e-06,-3.178809e-06,-7.858734e-06,-3.086445e-06,1.307993e-06,-1.261294e-05,-1.086133e-05,7.184253e-06,54785020000000.0,5991858000000.0,0.4872442,4.663403e-06,-2.997167e-06,-7.496023e-06,-2.909003e-06,1.314613e-06,-1.206687e-05,-1.03826e-05,6.963254e-06,37868940000000.0,3837740000000.0,0.316977,3.685208e-06,-2.165099e-06,-5.717736e-06,-2.09802e-06,1.234037e-06,-9.32955e-06,-7.997825e-06,5.693556e-06,1436411000000.0,215200000000000.0,1.95939,71740000000000.0,-1.696
1791,1.333,6.216958,5.7606540000000015,4049.264,441.1035,410.9167,219.3025,-37.36444,-156.4429,55553930000000.0,51228800000000.0,5399935000000.0,0.5129213,3.781584e-06,-1.200109e-06,-4.861079e-06,-1.138831e-06,2.297518e-06,-8.556051e-06,-7.196454e-06,6.901738e-06,48825950000000.0,5070342000000.0,0.473314,3.68847e-06,-1.152649e-06,-4.723144e-06,-1.093228e-06,2.257754e-06,-8.327118e-06,-7.000891e-06,6.748036e-06,33159350000000.0,3324938000000.0,0.3027727,3.057206e-06,-8.707929e-07,-3.828381e-06,-8.234809e-07,1.949825e-06,-6.81547e-06,-5.715616e-06,5.668469e-06,1306847000000.0,293400000000000.0,1.910729,95380000000000.0,-1.672
1792,1.3368,6.673287,4.990170000000005,4058.957,474.8995,356.8286,384.3762,-245.3148,-62.63342,39022310000000.0,36907800000000.0,3572908000000.0,0.4579323,1.976269e-06,-1.387605e-06,-3.301234e-06,-1.347574e-06,4.547674e-07,-5.236267e-06,-4.525174e-06,2.860984e-06,35754430000000.0,3354843000000.0,0.4262099,1.912441e-06,-1.323843e-06,-3.17552e-06,-1.285252e-06,4.585542e-07,-5.048041e-06,-4.359873e-06,2.78681e-06,23547950000000.0,2022806000000.0,0.2709188,1.427825e-06,-9.006726e-07,-2.282337e-06,-8.726597e-07,4.275093e-07,-3.680281e-06,-3.166265e-06,2.164452e-06,1028251000000.0,205400000000000.0,1.48772,51990000000000.0,-1.250807
1793,1.3314,6.849059,6.921243000000006,4032.072,484.2974,492.9692,445.4502,-72.23669,-213.2726,102361500000000.0,98324690000000.0,12373690000000.0,0.635353,1.270673e-05,-5.294248e-06,-1.750972e-05,-5.109727e-06,6.295277e-06,-2.995417e-05,-2.535284e-05,2.161466e-05,96690750000000.0,11684660000000.0,0.5870313,1.243699e-05,-5.118823e-06,-1.707363e-05,-4.939647e-06,6.220214e-06,-2.925381e-05,-2.474973e-05,2.121209e-05,79005760000000.0,8309331000000.0,0.4043905,1.076007e-05,-4.144365e-06,-1.448034e-05,-3.996679e-06,5.642898e-06,-2.501774e-05,-2.111871e-05,1.860153e-05,2006807000000.0,253900000000000.0,2.764034,119400000000000.0,-2.37501
1795,1.3363,5.365896000000001,7.181075,4050.357,380.4392,512.5661,349.0656,-104.3611,-190.6964,29026450000000.0,26623600000000.0,2247473000000.0,0.4101315,1.102247e-06,-8.496856e-07,-1.918791e-06,-8.264934e-07,1.820505e-07,-2.997629e-06,-2.601677e-06,1.527225e-06,24028520000000.0,2008478000000.0,0.3694138,1.042133e-06,-7.863626e-07,-1.797055e-06,-7.645386e-07,1.887709e-07,-2.817044e-06,-2.442657e-06,1.460407e-06,15474360000000.0,1110970000000.0,0.2344508,7.555191e-07,-5.17977e-07,-1.250333e-06,-5.02524e-07,1.877852e-07,-1.98976e-06,-1.718234e-06,1.10907e-06,830123700000.0,130800000000000.0,1.174177,26130000000000.0,-0.949707
1798,1.3319,7.030729,4.995111000000001,4046.154,499.0081,356.324,559.541,-264.5771,-178.7225,30468160000000.0,29603130000000.0,2942244000000.0,0.4252366,1.524883e-06,-1.631725e-06,-3.105893e-06,-1.597382e-06,-2.078505e-07,-4.602378e-06,-4.052174e-06,1.64404e-06,29122560000000.0,2816302000000.0,0.3959199,1.496646e-06,-1.579755e-06,-3.026522e-06,-1.54614e-06,-1.825511e-07,-4.495274e-06,-3.955236e-06,1.634881e-06,24509090000000.0,2148284000000.0,0.2740311,1.318265e-06,-1.287852e-06,-2.561636e-06,-1.258743e-06,-5.881521e-08,-3.855229e-06,-3.379434e-06,1.541117e-06,803429000000.0,397800000000000.0,1.486398,100600000000000.0,-1.30779
1800,1.3358,6.716476,4.903998999999999,4057.218,477.7964,350.5171,409.5797,-104.8161,222.1382,30564270000000.0,29122560000000.0,2512299000000.0,0.422592,1.22407e-06,-1.186792e-06,-2.372163e-06,-1.159774e-06,-4.161844e-08,-3.571748e-06,-3.131181e-06,1.448744e-06,27873080000000.0,2336456000000.0,0.3896332,1.17743e-06,-1.122078e-06,-2.262183e-06,-1.096186e-06,-2.08514e-08,-3.416047e-06,-2.992241e-06,1.412559e-06,19030590000000.0,1466611000000.0,0.2519526,9.005334e-07,-7.808311e-07,-1.652364e-06,-7.614721e-07,5.998987e-08,-2.534817e-06,-2.210555e-06,1.155554e-06,850670000000.0,185400000000000.0,1.285215,40540000000000.0,-1.07712
1801,1.3374,6.345022,6.653686000000001,4050.076,450.3541,475.3678,147.777,-104.9002,-288.2289,51228800000000.0,46519210000000.0,4707331000000.0,0.4935421,3.081454e-06,-5.239366e-07,-3.512492e-06,-4.767803e-07,2.328861e-06,-6.5204e-06,-5.414411e-06,6.090129e-06,44789150000000.0,4423162000000.0,0.4562326,2.986888e-06,-4.993772e-07,-3.39592e-06,-4.539751e-07,2.264895e-06,-6.311503e-06,-5.239361e-06,5.910226e-06,33832150000000.0,3013469000000.0,0.3043018,2.416706e-06,-3.693093e-07,-2.711505e-06,-3.340422e-07,1.862619e-06,-5.070441e-06,-4.202513e-06,4.809648e-06,1181123000000.0,278300000000000.0,1.824746,86400000000000.0,-1.59
1803,1.3368,6.729939,5.940642000000007,4051.441,478.0813,424.5055,469.258,-262.9058,-26.98947,29507020000000.0,22875150000000.0,2359899000000.0,0.388926,1.146099e-06,-1.18664e-06,-2.296508e-06,-1.16097e-06,-1.138487e-07,-3.420112e-06,-3.007451e-06,1.281464e-06,22106240000000.0,2195802000000.0,0.3588445,1.10315e-06,-1.122143e-06,-2.190321e-06,-1.097526e-06,-8.985199e-08,-3.271803e-06,-2.874583e-06,1.253012e-06,17684990000000.0,1497116000000.0,0.245425,8.856493e-07,-8.259672e-07,-1.68313e-06,-8.065931e-07,1.529444e-09,-2.551319e-06,-2.232314e-06,1.078957e-06,685339400000.0,374000000000000.0,1.380927,87870000000000.0,-1.193555
1804,1.3363,5.761393,6.543724000000005,4053.238,408.9538,467.3023,142.0627,-25.13445,-82.28297,31525410000000.0,29507020000000.0,2890702000000.0,0.4519377,1.284433e-06,-4.097435e-07,-1.65813e-06,-3.860388e-07,7.906118e-07,-2.912199e-06,-2.452206e-06,2.363083e-06,28641990000000.0,2568560000000.0,0.3922117,1.207191e-06,-3.739975e-07,-1.547168e-06,-3.518672e-07,7.536991e-07,-2.725815e-06,-2.293439e-06,2.231364e-06,21241210000000.0,1628954000000.0,0.2613474,9.398842e-07,-2.686009e-07,-1.181658e-06,-2.517297e-07,6.082547e-07,-2.099308e-06,-1.76256e-06,1.758141e-06,835933800000.0,150700000000000.0,1.163824,29840000000000.0,-0.9921
1807,1.3368,5.301873,7.1605250000000025,4052.857,376.1058,511.346,284.0227,41.30466,-70.85513,41809620000000.0,30564270000000.0,3518081000000.0,0.4321945,1.955664e-06,-1.186487e-06,-3.082673e-06,-1.147528e-06,6.394291e-07,-4.995526e-06,-4.29317e-06,3.025269e-06,26719710000000.0,3034669000000.0,0.3825033,1.817086e-06,-1.077389e-06,-2.838998e-06,-1.041413e-06,6.184379e-07,-4.616293e-06,-3.963639e-06,2.834856e-06,16339390000000.0,1592102000000.0,0.2415828,1.240708e-06,-6.758016e-07,-1.878034e-06,-6.5186e-07,4.801386e-07,-3.09154e-06,-2.645717e-06,1.9925e-06,929153900000.0,148100000000000.0,1.289426,32490000000000.0,-1.0791
1808,1.3467,5.368103,5.067349000000004,4088.562,384.1866,364.1431,216.7233,-0.8424338,77.42541,79966900000000.0,62858600000000.0,7356671000000.0,0.5429485,5.775148e-06,-1.781768e-06,-7.36391e-06,-1.693415e-06,3.537776e-06,-1.300785e-05,-1.092858e-05,1.055401e-05,60840200000000.0,6890623000000.0,0.500341,5.583074e-06,-1.693301e-06,-7.089126e-06,-1.608593e-06,3.447105e-06,-1.254533e-05,-1.053499e-05,1.022885e-05,44404700000000.0,4533105000000.0,0.3328119,4.413916e-06,-1.228946e-06,-5.4919e-06,-1.165101e-06,2.825204e-06,-9.805389e-06,-8.215059e-06,8.181733e-06,1476549000000.0,247200000000000.0,2.089981,87900000000000.0,-1.86417
1809,1.3462,5.039283,7.019709000000003,4074.428,359.2813,503.6463,76.74576,-22.13452,136.2839,29410900000000.0,24701320000000.0,2357920000000.0,0.3991384,1.100603e-06,-2.634563e-07,-1.334185e-06,-2.432277e-07,7.664384e-07,-2.408313e-06,-2.014535e-06,2.115657e-06,23547950000000.0,2135077000000.0,0.3665166,1.04677e-06,-2.464993e-07,-1.264786e-06,-2.273345e-07,7.32785e-07,-2.286374e-06,-1.911834e-06,2.01589e-06,14417110000000.0,1093848000000.0,0.2286068,7.30754e-07,-1.576315e-07,-8.68212e-07,-1.445576e-07,5.250423e-07,-1.581377e-06,-1.319814e-06,1.420286e-06,805262900000.0,122600000000000.0,1.08923,22720000000000.0,-0.883476
1810,1.3401,6.558082,4.957295,4066.082,467.4474,355.0055,139.8421,7.896683,269.3401,31621530000000.0,17973330000000.0,1720890000000.0,0.3587271,8.922857e-07,-3.964856e-07,-1.264058e-06,-3.789979e-07,4.39602e-07,-2.135775e-06,-1.816185e-06,1.532429e-06,16147160000000.0,1464800000000.0,0.3228344,7.979122e-07,-3.494202e-07,-1.12518e-06,-3.338362e-07,3.980643e-07,-1.904694e-06,-1.61889e-06,1.375217e-06,9707521000000.0,654044400000.0,0.2016601,4.452996e-07,-1.834418e-07,-6.162475e-07,-1.748779e-07,2.332885e-07,-1.051271e-06,-8.917289e-07,7.783973e-07,631223300000.0,88450000000000.0,1.002751,15090000000000.0,-0.801207
1814,1.339,6.264563,6.415639000000003,4056.313,445.2819,458.8495,-1.907894,178.2141,-267.7514,29410900000000.0,24797430000000.0,2570346000000.0,0.4011423,1.176729e-06,3.693254e-08,-1.109383e-06,5.652658e-08,1.136527e-06,-2.256706e-06,-1.836131e-06,2.581739e-06,23836290000000.0,2349473000000.0,0.3672629,1.121599e-06,3.462639e-08,-1.057901e-06,5.321937e-08,1.082437e-06,-2.151466e-06,-1.75057e-06,2.4598e-06,17973330000000.0,1439399000000.0,0.2474712,8.526364e-07,2.442285e-08,-8.058074e-07,3.824888e-08,8.199726e-07,-1.637111e-06,-1.332259e-06,1.866518e-06,741443100000.0,139400000000000.0,1.12535,26690000000000.0,-0.918522
1816,1.3517,6.354487,5.641122000000002,4087.745,455.2264,406.2652,223.0693,-69.14034,-63.84605,85253180000000.0,80447470000000.0,9395957000000.0,0.5884816,8.258622e-06,-2.07618e-06,-1.005083e-05,-1.961837e-06,5.498019e-06,-1.812011e-05,-1.514408e-05,1.551774e-05,77852390000000.0,8774796000000.0,0.5430289,7.999727e-06,-1.981905e-06,-9.705624e-06,-1.872153e-06,5.351699e-06,-1.75219e-05,-1.463885e-05,1.505569e-05,54016110000000.0,5602961000000.0,0.3539319,6.335107e-06,-1.445592e-06,-7.557475e-06,-1.363645e-06,4.34645e-06,-1.37471e-05,-1.14624e-05,1.202315e-05,1804437000000.0,244400000000000.0,2.40492,100000000000000.0,-2.059245
1817,1.3528,5.015982,5.965819000000005,4096.434,359.543,429.7276,334.66,-114.0864,80.70982,36811690000000.0,31621530000000.0,3382176000000.0,0.4346795,1.84199e-06,-1.236167e-06,-3.019727e-06,-1.199412e-06,4.80136e-07,-4.822618e-06,-4.160079e-06,2.722966e-06,30564270000000.0,3169507000000.0,0.4025645,1.783965e-06,-1.178959e-06,-2.906191e-06,-1.143509e-06,4.828113e-07,-4.652278e-06,-4.010566e-06,2.654748e-06,23644060000000.0,2134764000000.0,0.2686381,1.422864e-06,-8.594165e-07,-2.236311e-06,-8.31887e-07,4.636255e-07,-3.628913e-06,-3.11687e-06,2.194715e-06,872754200000.0,286500000000000.0,1.510744,73640000000000.0,-1.29096
1818,1.3506,5.060613,7.035269000000002,4083.028,361.5716,505.8561,-169.8436,78.8078,-293.2126,54208330000000.0,52093820000000.0,5534204000000.0,0.5094342,3.588949e-06,1.208858e-06,-2.287031e-06,1.250057e-06,4.528976e-06,-5.778623e-06,-4.496452e-06,8.936943e-06,50075430000000.0,5139838000000.0,0.4690306,3.475021e-06,1.153005e-06,-2.231597e-06,1.192579e-06,4.366709e-06,-5.612335e-06,-4.370767e-06,8.634206e-06,30564270000000.0,2980542000000.0,0.2930962,2.680072e-06,8.119501e-07,-1.796769e-06,8.408175e-07,3.285183e-06,-4.404047e-06,-3.445987e-06,6.573629e-06,1321620000000.0,246400000000000.0,1.78404,74790000000000.0,-1.53153
1819,1.3506,6.476116,6.006933000000005,4081.237,463.275,432.2126,255.3955,-127.6438,-152.3345,207990800000000.0,202704600000000.0,22046100000000.0,0.8036139,4.083427e-05,-5.307023e-06,-4.426041e-05,-5.23671e-06,3.058801e-05,-8.41366e-05,-6.925852e-05,7.929093e-05,199628900000000.0,20921840000000.0,0.7458174,3.983717e-05,-5.099797e-06,-4.309294e-05,-5.040926e-06,2.98887e-05,-8.199479e-05,-6.747693e-05,7.738636e-05,162625000000000.0,15171280000000.0,0.5109499,3.378042e-05,-3.992458e-06,-3.61645e-05,-3.990407e-06,2.552877e-05,-6.914848e-05,-5.682273e-05,6.572592e-05,3358815000000.0,381900000000000.0,5.289708,343700000000000.0,-4.56786
1820,1.3556,7.1142,6.262181999999994,4084.432,509.7709,451.6742,160.1371,-62.71632,-342.8069,59782950000000.0,46999780000000.0,5355505000000.0,0.491887,3.800476e-06,-6.681374e-07,-4.351181e-06,-6.119296e-07,2.842621e-06,-8.061516e-06,-6.696346e-06,7.47647e-06,45365840000000.0,5017007000000.0,0.455604,3.671937e-06,-6.349086e-07,-4.192977e-06,-5.810236e-07,2.75577e-06,-7.777798e-06,-6.458671e-06,7.232195e-06,35754430000000.0,3468476000000.0,0.3102855,2.960774e-06,-4.692887e-07,-3.336384e-06,-4.277747e-07,2.258565e-06,-6.226805e-06,-5.162565e-06,5.864814e-06,1167005000000.0,368900000000000.0,2.03303,127600000000000.0,-1.787
1823,1.3545,6.142738,7.156913999999999,4082.509,439.3746,515.5823,319.0152,-178.4906,-4.493195,32486550000000.0,28545880000000.0,2986793000000.0,0.4181571,1.51857e-06,-1.018582e-06,-2.490862e-06,-9.877983e-07,3.999397e-07,-3.976704e-06,-3.431136e-06,2.252234e-06,27488620000000.0,2775172000000.0,0.3867203,1.466705e-06,-9.682248e-07,-2.39011e-06,-9.386045e-07,4.01491e-07,-3.825195e-06,-3.298228e-06,2.190337e-06,20568410000000.0,1771480000000.0,0.2564939,1.177969e-06,-7.163978e-07,-1.857878e-06,-6.931107e-07,3.820738e-07,-3.010411e-06,-2.587035e-06,1.817938e-06,811559300000.0,259700000000000.0,1.375369,60770000000000.0,-1.16226
1830,1.3556,5.302263,5.794516000000003,4101.844,380.68,418.0423,326.7411,-244.4002,267.5683,46326980000000.0,25950800000000.0,2475567000000.0,0.4034422,1.250482e-06,-1.0038e-06,-2.216553e-06,-9.772653e-07,1.667791e-07,-3.440935e-06,-2.991515e-06,1.692506e-06,24220740000000.0,2207333000000.0,0.3668942,1.161191e-06,-9.12951e-07,-2.038982e-06,-8.8843e-07,1.73655e-07,-3.175918e-06,-2.758558e-06,1.590231e-06,14609340000000.0,1130538000000.0,0.2284481,7.637144e-07,-5.468185e-07,-1.287012e-06,-5.310762e-07,1.665968e-07,-2.034724e-06,-1.76012e-06,1.09762e-06,806550800000.0,135200000000000.0,1.20813,27790000000000.0,-1.063
1831,1.355,5.435507000000001,6.942931,4090.549,389.2285,500.3709,130.0173,-175.7158,-163.8533,30179820000000.0,27584740000000.0,2522641000000.0,0.4130551,1.111404e-06,-2.620536e-07,-1.343113e-06,-2.419266e-07,7.770718e-07,-2.427947e-06,-2.030136e-06,2.139153e-06,26527480000000.0,2342796000000.0,0.3795159,1.068759e-06,-2.475491e-07,-1.28705e-06,-2.282742e-07,7.514491e-07,-2.330253e-06,-1.947683e-06,2.061134e-06,17012190000000.0,1419826000000.0,0.240886,8.051097e-07,-1.696257e-07,-9.523456e-07,-1.55464e-07,5.817869e-07,-1.738183e-06,-1.44988e-06,1.567794e-06,827266300000.0,179200000000000.0,1.164373,35500000000000.0,-0.99495
1834,1.3583,6.682604,6.074373999999997,4095.089,479.802,438.7674,-2.49983,-182.5819,-37.02515,55169470000000.0,46519210000000.0,5119507000000.0,0.4890057,3.496336e-06,1.586229e-07,-3.237783e-06,2.05993e-07,3.392789e-06,-6.645209e-06,-5.392903e-06,7.670635e-06,44020240000000.0,4706235000000.0,0.4494079,3.342644e-06,1.49235e-07,-3.097528e-06,1.941607e-07,3.240086e-06,-6.35516e-06,-5.157787e-06,7.32929e-06,31140960000000.0,2812522000000.0,0.293859,2.471557e-06,1.016517e-07,-2.297602e-06,1.333831e-07,2.382325e-06,-4.706257e-06,-3.820446e-06,5.40344e-06,1188101000000.0,159100000000000.0,1.690879,45770000000000.0,-1.409
1835,1.3561,6.465589,5.619568999999995,4096.347,464.2278,405.6429,-79.48878,-185.0332,-31.0714,30179820000000.0,12590940000000.0,959151300000.0,0.3174473,3.831409e-07,1.320679e-07,-2.420676e-07,1.384887e-07,4.915135e-07,-6.152083e-07,-4.786376e-07,9.636926e-07,12494830000000.0,923205100000.0,0.3083059,3.716444e-07,1.27349e-07,-2.355521e-07,1.335688e-07,4.759824e-07,-5.974961e-07,-4.650207e-07,9.339794e-07,8073582000000.0,439472000000.0,0.1903343,2.228475e-07,6.955823e-08,-1.479654e-07,7.32048e-08,2.783409e-07,-3.649925e-07,-2.855314e-07,5.528282e-07,450126200000.0,85520000000000.0,0.8577263,12480000000000.0,-0.7179788
1837,1.3583,6.624715,5.090434,4102.637,476.4848,367.9168,155.3341,-314.4582,151.1347,47768690000000.0,38926200000000.0,4185076000000.0,0.4620208,2.690907e-06,-6.299679e-07,-3.240385e-06,-5.860532e-07,1.866966e-06,-5.86819e-06,-4.902395e-06,5.152461e-06,36138890000000.0,3813037000000.0,0.4190148,2.567731e-06,-5.894937e-07,-3.080114e-06,-5.479022e-07,1.792146e-06,-5.587612e-06,-4.665931e-06,4.926728e-06,27776970000000.0,2501909000000.0,0.2831,2.018843e-06,-4.262617e-07,-2.383371e-06,-3.947012e-07,1.442642e-06,-4.354787e-06,-3.629781e-06,3.905273e-06,1026095000000.0,245800000000000.0,1.713311,71650000000000.0,-1.453
1843,1.3622,7.172990000000001,5.304776000000006,4104.516,516.5552,384.1157,194.1817,147.162,98.74109,121968700000000.0,72566120000000.0,8006431000000.0,0.5667791,8.496323e-06,-2.407345e-06,-1.061541e-05,-2.282736e-06,5.402804e-06,-1.891846e-05,-1.585791e-05,1.57175e-05,68625440000000.0,7319814000000.0,0.5182917,7.983158e-06,-2.220658e-06,-9.931739e-06,-2.104887e-06,5.113655e-06,-1.773324e-05,-1.485713e-05,1.480323e-05,46423090000000.0,4328847000000.0,0.335854,5.595541e-06,-1.426339e-06,-6.826698e-06,-1.349975e-06,3.699441e-06,-1.229471e-05,-1.027729e-05,1.048331e-05,1687162000000.0,243400000000000.0,2.451022,101500000000000.0,-2.21364
1846,1.3595,6.923191,6.0008209999999975,4095.672,497.3128,433.694,50.0057,32.10793,-105.6943,62185800000000.0,54881130000000.0,5511975000000.0,0.5168402,3.819005e-06,-2.66351e-07,-3.973354e-06,-2.100823e-07,3.270293e-06,-7.698065e-06,-6.329103e-06,7.937823e-06,49690970000000.0,4855020000000.0,0.4683283,3.569576e-06,-2.449082e-07,-3.709409e-06,-1.927276e-07,3.059444e-06,-7.190839e-06,-5.911156e-06,7.421453e-06,19318930000000.0,1726857000000.0,0.2530877,1.880751e-06,-1.177251e-07,-1.941847e-06,-9.15814e-08,1.619028e-06,-3.77612e-06,-3.101447e-06,3.915098e-06,1614054000000.0,97170000000000.0,1.618055,26750000000000.0,-1.30581
1847,1.3634,7.038717,5.841885999999995,4104.212,506.7493,423.111,-100.5504,-104.1184,-15.65014,32967120000000.0,15282140000000.0,1134179000000.0,0.3387306,5.49848e-07,1.930636e-07,-3.437241e-07,2.020073e-07,7.082433e-07,-8.791068e-07,-6.831028e-07,1.385662e-06,14128770000000.0,983211000000.0,0.3060641,4.976491e-07,1.71449e-07,-3.143407e-07,1.795029e-07,6.37591e-07,-7.988967e-07,-6.214872e-07,1.250633e-06,8169696000000.0,464447500000.0,0.1908642,2.898226e-07,9.129342e-08,-1.915088e-07,9.586524e-08,3.623875e-07,-4.737033e-07,-3.703454e-07,7.192161e-07,546794900000.0,98390000000000.0,0.9749246,16320000000000.0,-0.798732
1851,1.3678,7.163126,5.323177000000005,4116.015,517.2826,386.5273,-219.7166,12.61543,-73.38308,101208100000000.0,87848260000000.0,9917696000000.0,0.6037574,9.692775e-06,2.48717e-06,-6.919773e-06,2.556882e-06,1.133026e-05,-1.634442e-05,-1.287115e-05,2.317488e-05,83427010000000.0,9185225000000.0,0.5517253,9.364694e-06,2.361123e-06,-6.726025e-06,2.427026e-06,1.090029e-05,-1.583162e-05,-1.247545e-05,2.234154e-05,54304450000000.0,5678489000000.0,0.3524208,7.335321e-06,1.68254e-06,-5.428806e-06,1.727286e-06,8.349424e-06,-1.256094e-05,-9.929861e-06,1.729968e-05,1942325000000.0,404100000000000.0,2.859542,196600000000000.0,-2.537945
1853,1.3673,6.695432,6.301979000000003,4111.543,482.6629,457.1802,13.56717,-396.7753,-342.7383,33447700000000.0,17300530000000.0,1603714000000.0,0.3562898,8.884541e-07,1.735818e-07,-6.935857e-07,1.88212e-07,1.005702e-06,-1.559766e-06,-1.242489e-06,2.099602e-06,15666590000000.0,1332288000000.0,0.3171385,7.835952e-07,1.504578e-07,-6.142945e-07,1.633001e-07,8.84163e-07,-1.378233e-06,-1.098387e-06,1.848843e-06,7304669000000.0,469625400000.0,0.1826606,3.835474e-07,6.833815e-08,-3.058304e-07,7.448203e-08,4.269942e-07,-6.797322e-07,-5.427183e-07,8.989177e-07,606383700000.0,54210000000000.0,0.9156343,8445000000000.0,-0.714087
1857,1.3718,5.08273,6.489591000000002,4131.122,367.4377,471.7767,-176.2708,-93.41606,-24.94963,31525410000000.0,16819960000000.0,1152297000000.0,0.3473194,6.656624e-07,3.206803e-07,-3.293601e-07,3.303396e-07,9.425382e-07,-9.77004e-07,-7.39797e-07,1.76301e-06,13840430000000.0,897275200000.0,0.3043241,5.624883e-07,2.675849e-07,-2.816714e-07,2.757148e-07,7.929545e-07,-8.289329e-07,-6.284816e-07,1.486203e-06,6151300000000.0,273893900000.0,0.1704842,2.443125e-07,1.096013e-07,-1.288935e-07,1.130596e-07,3.37558e-07,-3.6659e-07,-2.795026e-07,6.385429e-07,682385800000.0,36350000000000.0,0.9667762,5979000000000.0,-0.6988
1859,1.3678,5.166278,6.551230000000003,4122.401,372.7216,475.3535,-28.67853,-171.6448,-191.2307,57572330000000.0,56418960000000.0,5594067000000.0,0.5236727,3.809844e-06,3.972426e-07,-3.304028e-06,4.449553e-07,3.914793e-06,-7.015547e-06,-5.651027e-06,8.576775e-06,55169470000000.0,5271058000000.0,0.4806404,3.704232e-06,3.796171e-07,-3.218681e-06,4.256208e-07,3.798429e-06,-6.827299e-06,-5.500483e-06,8.330534e-06,40656250000000.0,3661980000000.0,0.319896,3.089627e-06,2.909332e-07,-2.708637e-06,3.275277e-07,3.136853e-06,-5.71845e-06,-4.611219e-06,6.914039e-06,1345028000000.0,335000000000000.0,1.987865,113300000000000.0,-1.76913
1861,1.3678,5.3554010000000005,6.813232999999994,4118.261,386.0562,494.1948,8.17487,-268.1794,-437.6685,46711440000000.0,45461950000000.0,4811680000000.0,0.4862119,3.019202e-06,3.619313e-07,-2.574787e-06,4.020441e-07,3.158183e-06,-5.517183e-06,-4.436235e-06,6.858345e-06,44693040000000.0,4533981000000.0,0.4495333,2.944844e-06,3.478449e-07,-2.516296e-06,3.867255e-07,3.074436e-06,-5.3862e-06,-4.331803e-06,6.683043e-06,33351580000000.0,3102646000000.0,0.2996425,2.491345e-06,2.71693e-07,-2.150125e-06,3.033544e-07,2.574411e-06,-4.577953e-06,-3.685571e-06,5.625162e-06,1154279000000.0,302100000000000.0,1.763287,90630000000000.0,-1.52856
1862,1.3667,5.53918,6.730857000000006,4115.967,399.1634,488.0413,73.71344,-477.5193,-66.16867,31621530000000.0,28161420000000.0,2741946000000.0,0.4160562,1.366814e-06,-6.43256e-08,-1.395533e-06,-4.114387e-08,1.212984e-06,-2.729144e-06,-2.240166e-06,2.890893e-06,26431370000000.0,2443444000000.0,0.3772766,1.29994e-06,-6.014431e-08,-1.32611e-06,-3.819995e-08,1.154332e-06,-2.594457e-06,-2.129374e-06,2.749961e-06,14321000000000.0,1160131000000.0,0.2285843,9.01291e-07,-3.807078e-08,-9.153634e-07,-2.327772e-08,8.025867e-07,-1.794695e-06,-1.472122e-06,1.908146e-06,873848900000.0,117200000000000.0,1.155465,23040000000000.0,-0.924165
1863,1.3718,7.144448,5.429231999999997,4122.718,516.7598,394.9,-169.5161,-57.19464,-250.2999,28161420000000.0,7496897000000.0,513997100000.0,0.2672854,2.191707e-07,1.702304e-07,-4.424404e-08,1.737397e-07,3.76194e-07,-2.575174e-07,-1.795262e-07,6.47088e-07,7016327000000.0,440710800000.0,0.2442461,1.973788e-07,1.509795e-07,-4.215882e-08,1.541292e-07,3.364295e-07,-2.342253e-07,-1.639857e-07,5.803699e-07,5382388000000.0,224845500000.0,0.1638576,1.199986e-07,8.557731e-08,-3.1811e-08,8.746158e-08,1.982227e-07,-1.485765e-07,-1.058649e-07,3.464744e-07,302724700000.0,87870000000000.0,0.7933154,11860000000000.0,-0.666864
1866,1.3831,5.813713,5.230466999999995,4158.553,423.416,382.656,333.089,-193.6719,-134.2575,47576460000000.0,44789150000000.0,4649750000000.0,0.4794998,2.950633e-06,-1.516721e-06,-4.371856e-06,-1.462616e-06,1.221267e-06,-7.258797e-06,-6.196868e-06,4.810825e-06,43347440000000.0,4398309000000.0,0.4488567,2.87815e-06,-1.461321e-06,-4.246109e-06,-1.408761e-06,1.208723e-06,-7.062115e-06,-6.026209e-06,4.709748e-06,32294330000000.0,2915336000000.0,0.2971524,2.317094e-06,-1.082677e-06,-3.323372e-06,-1.041643e-06,1.062822e-06,-5.590347e-06,-4.755992e-06,3.879274e-06,1134957000000.0,239600000000000.0,1.716924,69990000000000.0,-1.46718
1869,1.3836,5.23723,5.832394999999998,4159.468,381.2666,426.6607,243.0673,-281.7314,129.1894,267966000000000.0,217121700000000.0,28356460000000.0,0.809482,5.081061e-05,-7.296308e-06,-5.587855e-05,-7.082112e-06,3.774736e-05,-0.0001055123,-8.703584e-05,9.854843e-05,208087000000000.0,26098850000000.0,0.7441871,4.88582e-05,-6.911151e-06,-5.361517e-05,-6.717413e-06,3.636384e-05,-0.0001013409,-8.357057e-05,9.48085e-05,128023900000000.0,14632020000000.0,0.4667101,3.61563e-05,-4.684652e-06,-3.91925e-05,-4.599366e-06,2.716043e-05,-7.450681e-05,-6.133797e-05,7.03152e-05,3892991000000.0,194800000000000.0,4.480633,148500000000000.0,-3.84219
1870,1.3802,6.22241,5.740602000000001,4145.849,452.0241,419.2481,166.085,-126.9849,-155.5428,33639920000000.0,22875150000000.0,2187803000000.0,0.3824808,1.051874e-06,-3.696946e-07,-1.392451e-06,-3.497879e-07,6.147314e-07,-2.419666e-06,-2.043004e-06,1.90312e-06,21817890000000.0,2018999000000.0,0.3578078,1.004565e-06,-3.485743e-07,-1.325274e-06,-3.296216e-07,5.913885e-07,-2.306285e-06,-1.946546e-06,1.821733e-06,11725920000000.0,914661100000.0,0.212228,6.250091e-07,-1.968863e-07,-8.042684e-07,-1.853946e-07,3.869726e-07,-1.414607e-06,-1.190697e-06,1.151961e-06,749618600000.0,132100000000000.0,1.129251,25380000000000.0,-0.9371379
1871,1.3808,5.139188,6.0082699999999996,4153.099,373.5176,438.8786,201.7758,7.770395,-489.086,49114290000000.0,13552080000000.0,1044181000000.0,0.3248475,5.236526e-07,-2.512028e-07,-7.611658e-07,-2.406502e-07,2.409833e-07,-1.273044e-06,-1.08551e-06,8.835659e-07,10572550000000.0,778521400000.0,0.2760895,4.439886e-07,-2.083738e-07,-6.407116e-07,-1.994638e-07,2.088092e-07,-1.074707e-06,-9.156947e-07,7.535639e-07,5094046000000.0,270190600000.0,0.1617928,2.139496e-07,-9.404649e-08,-3.023148e-07,-8.981127e-08,1.067902e-07,-5.114353e-07,-4.347965e-07,3.69188e-07,486790900000.0,82680000000000.0,0.9142023,12860000000000.0,-0.884676
1874,1.3808,5.166532,5.961150999999995,4153.325,375.5362,435.4541,349.346,161.9556,-58.37766,43059100000000.0,36523350000000.0,3519484000000.0,0.4473713,2.275074e-06,-1.477679e-06,-3.67905e-06,-1.432412e-06,6.396679e-07,-5.906456e-06,-5.087555e-06,3.407122e-06,25470230000000.0,2531035000000.0,0.370415,1.871164e-06,-1.192725e-06,-3.003058e-06,-1.155715e-06,5.480148e-07,-4.835001e-06,-4.16142e-06,2.823784e-06,12879280000000.0,948562000000.0,0.2177782,9.431248e-07,-5.700879e-07,-1.482213e-06,-5.517857e-07,3.061864e-07,-2.405547e-06,-2.065935e-06,1.452673e-06,1161442000000.0,131100000000000.0,1.540018,34350000000000.0,-1.18998
1875,1.3882,5.26763,5.167678,4172.752,384.7169,378.9774,159.3086,139.0629,103.9626,33736040000000.0,23259600000000.0,2177321000000.0,0.3843131,1.033234e-06,-4.674301e-07,-1.471208e-06,-4.474413e-07,4.990997e-07,-2.480688e-06,-2.110403e-06,1.763144e-06,21625660000000.0,1962793000000.0,0.3510488,9.680553e-07,-4.301965e-07,-1.370575e-06,-4.115509e-07,4.75101e-07,-2.316371e-06,-1.969419e-06,1.659272e-06,15378250000000.0,1103481000000.0,0.2316321,6.782652e-07,-2.781981e-07,-9.368063e-07,-2.654114e-07,3.552157e-07,-1.599463e-06,-1.356287e-06,1.18445e-06,712906800000.0,98310000000000.0,1.086323,18170000000000.0,-0.88506
1877,1.3899,5.445478,4.941244000000006,4176.412,398.132,362.7103,391.8329,-101.3225,37.39832,57476210000000.0,56322840000000.0,5687612000000.0,0.5147861,3.923397e-06,-2.350273e-06,-6.139039e-06,-2.277235e-06,1.281303e-06,-9.981149e-06,-8.566334e-06,6.040813e-06,55265590000000.0,5407287000000.0,0.4794383,3.827546e-06,-2.260875e-06,-5.956747e-06,-2.189967e-06,1.280888e-06,-9.704968e-06,-8.324614e-06,5.923559e-06,38733970000000.0,3653072000000.0,0.3124836,3.115804e-06,-1.688921e-06,-4.695705e-06,-1.633113e-06,1.18821e-06,-7.746808e-06,-6.622557e-06,4.964464e-06,1354564000000.0,297700000000000.0,1.938609,98190000000000.0,-1.71567
1880,1.3865,6.742939,4.9239520000000025,4160.065,491.8563,360.8916,177.4718,-619.5563,193.8552,76891250000000.0,40656250000000.0,4049668000000.0,0.4649022,3.215997e-06,-7.478946e-07,-3.87225e-06,-6.938048e-07,2.244639e-06,-7.014652e-06,-5.860449e-06,6.178156e-06,39118420000000.0,3739603000000.0,0.4290782,3.033823e-06,-6.936428e-07,-3.640678e-06,-6.429273e-07,2.128354e-06,-6.60502e-06,-5.516118e-06,5.838493e-06,28738110000000.0,2285737000000.0,0.2834985,2.102664e-06,-4.420234e-07,-2.483289e-06,-4.080456e-07,1.509997e-06,-4.537615e-06,-3.78261e-06,4.079316e-06,1051371000000.0,225700000000000.0,1.654172,63520000000000.0,-1.5345
1881,1.3888,4.881903,5.555262999999995,4173.678,356.4825,407.4208,-7.840626,373.219,144.6043,57956780000000.0,44020240000000.0,5076097000000.0,0.4742848,3.241026e-06,-2.149569e-07,-3.362872e-06,-1.664753e-07,2.790102e-06,-6.52464e-06,-5.362893e-06,6.754181e-06,40752360000000.0,4623433000000.0,0.4322516,3.076522e-06,-2.00302e-07,-3.188077e-06,-1.546493e-07,2.651052e-06,-6.189339e-06,-5.086448e-06,6.413308e-06,26719710000000.0,2670427000000.0,0.2768172,2.213769e-06,-1.319079e-07,-2.280456e-06,-1.004532e-07,1.915385e-06,-4.439984e-06,-3.645953e-06,4.620249e-06,1168737000000.0,207100000000000.0,1.668212,58780000000000.0,-1.44144
1882,1.3865,5.152342,5.909557000000006,4165.42,375.5897,432.9056,-143.6682,-92.87296,-294.0879,254029500000000.0,190017500000000.0,22363370000000.0,0.7727125,3.755934e-05,4.402884e-06,-3.169823e-05,4.346179e-06,3.758582e-05,-6.821996e-05,-5.464016e-05,8.285586e-05,185404000000000.0,21244490000000.0,0.7164103,3.662669e-05,4.224909e-06,-3.097188e-05,4.161362e-06,3.655795e-05,-6.658628e-05,-5.334103e-05,8.068976e-05,151283500000000.0,15623990000000.0,0.4943175,3.119812e-05,3.315275e-06,-2.662712e-05,3.221629e-06,3.073215e-05,-5.696074e-05,-4.566591e-05,6.825532e-05,3216997000000.0,411500000000000.0,4.840648,338900000000000.0,-4.445
1883,1.3876,6.563493,6.847870999999998,4149.629,477.4493,501.6177,197.0505,-253.5118,343.2891,36138890000000.0,26046910000000.0,2682091000000.0,0.3990449,1.449114e-06,-6.566337e-07,-2.063409e-06,-6.292017e-07,6.9606e-07,-3.480155e-06,-2.960063e-06,2.466824e-06,24124630000000.0,2384267000000.0,0.3636225,1.347413e-06,-5.99646e-07,-1.907552e-06,-5.742764e-07,6.576707e-07,-3.224853e-06,-2.741223e-06,2.303925e-06,15570480000000.0,1243493000000.0,0.2307398,8.874084e-07,-3.618012e-07,-1.222715e-06,-3.455646e-07,4.647522e-07,-2.090244e-06,-1.771589e-06,1.548179e-06,798337800000.0,185500000000000.0,1.370073,43240000000000.0,-1.122765
1884,1.3865,6.690592,5.006273000000002,4159.692,487.959,366.8833,430.8156,-138.3785,-133.3125,35850550000000.0,35273860000000.0,3455173000000.0,0.4463285,1.883485e-06,-1.478879e-06,-3.300724e-06,-1.440088e-06,2.753055e-07,-5.145989e-06,-4.467529e-06,2.565094e-06,34408840000000.0,3268760000000.0,0.4080482,1.836402e-06,-1.417691e-06,-3.19384e-06,-1.380023e-06,2.921527e-07,-4.992959e-06,-4.331417e-06,2.524445e-06,29699250000000.0,2547448000000.0,0.2918252,1.612805e-06,-1.159846e-06,-2.719121e-06,-1.127377e-06,3.398485e-07,-4.299116e-06,-3.717948e-06,2.299318e-06,925233400000.0,272800000000000.0,1.497415,69500000000000.0,-1.30878
1885,1.3876,5.457703,6.827357000000002,4157.372,397.2121,500.0167,-226.0341,45.13532,-207.575,28641990000000.0,18838360000000.0,1755369000000.0,0.358765,8.22158e-07,5.843852e-07,-2.195658e-07,5.959619e-07,1.353323e-06,-1.019097e-06,-7.264198e-07,2.368556e-06,18165560000000.0,1626197000000.0,0.3352884,7.885408e-07,5.514838e-07,-2.195434e-07,5.625374e-07,1.288818e-06,-9.863783e-07,-7.056537e-07,2.262452e-06,12302600000000.0,921041500000.0,0.2136631,5.760501e-07,3.652567e-07,-1.977546e-07,3.730907e-07,9.031146e-07,-7.579301e-07,-5.527814e-07,1.61396e-06,608478900000.0,159600000000000.0,1.049208,28490000000000.0,-0.8906212
1886,1.3916,6.373765,5.523509999999999,4169.496,465.7508,405.7113,669.1066,-159.2856,-52.33457,29507020000000.0,23644060000000.0,2075395000000.0,0.3849927,9.21192e-07,-1.556412e-06,-2.44708e-06,-1.532444e-06,-6.905376e-07,-3.3529e-06,-3.020197e-06,4.280247e-07,22586810000000.0,1897525000000.0,0.3551092,8.750178e-07,-1.455606e-06,-2.301557e-06,-1.432901e-06,-6.333403e-07,-3.161954e-06,-2.845915e-06,4.29039e-07,11437570000000.0,848935700000.0,0.2085384,5.138387e-07,-7.859952e-07,-1.282526e-06,-7.728649e-07,-3.038141e-07,-1.787718e-06,-1.602088e-06,3.196721e-07,800587900000.0,109500000000000.0,1.056362,19680000000000.0,-0.8735
1887,1.391,5.508466,5.307130000000001,4176.297,402.7545,389.7474,156.4934,-33.05371,-87.65959,34408840000000.0,26815820000000.0,2767684000000.0,0.4045097,1.394016e-06,-4.619554e-07,-1.815986e-06,-4.365685e-07,8.389329e-07,-3.177283e-06,-2.677725e-06,2.544041e-06,24893540000000.0,2521330000000.0,0.3667113,1.327366e-06,-4.307296e-07,-1.719894e-06,-4.066916e-07,8.075334e-07,-3.016101e-06,-2.540386e-06,2.430899e-06,19222810000000.0,1643087000000.0,0.2484729,1.037854e-06,-3.088462e-07,-1.316384e-06,-2.905246e-07,6.578411e-07,-2.329859e-06,-1.957754e-06,1.926367e-06,774709200000.0,206900000000000.0,1.289725,45400000000000.0,-1.09197
1888,1.3865,5.741461,4.982126999999997,4167.095,418.9771,365.0953,246.7869,-275.7269,222.5311,50363770000000.0,46615320000000.0,5069332000000.0,0.4844944,3.329937e-06,-1.308314e-06,-4.532217e-06,-1.251235e-06,1.777031e-06,-7.788058e-06,-6.590312e-06,5.831208e-06,45077500000000.0,4777600000000.0,0.4503563,3.24242e-06,-1.256947e-06,-4.395851e-06,-1.201644e-06,1.74643e-06,-7.566101e-06,-6.399752e-06,5.693599e-06,32294330000000.0,3143202000000.0,0.2956757,2.608574e-06,-9.271439e-07,-3.450897e-06,-8.842388e-07,1.484082e-06,-6.001297e-06,-5.062475e-06,4.657016e-06,1172841000000.0,325300000000000.0,1.868264,103400000000000.0,-1.61073
1889,1.387,4.878696,5.743847999999998,4168.916,355.8408,420.8604,246.7883,394.502,-167.5907,28353650000000.0,26239140000000.0,2376721000000.0,0.4014784,1.11629e-06,-7.169215e-07,-1.80052e-06,-6.94299e-07,3.275723e-07,-2.892705e-06,-2.491893e-06,1.691359e-06,24893540000000.0,2177867000000.0,0.3670446,1.068867e-06,-6.746953e-07,-1.712169e-06,-6.531199e-07,3.251453e-07,-2.757942e-06,-2.374135e-06,1.630844e-06,16819960000000.0,1322158000000.0,0.2390615,8.056394e-07,-4.653207e-07,-1.246917e-06,-4.494237e-07,2.871049e-07,-2.035099e-06,-1.745711e-06,1.27062e-06,780089600000.0,254900000000000.0,1.297735,56280000000000.0,-1.09197
1891,1.3985,6.701193,5.245092,4181.875,491.3457,386.5399,133.2457,-421.1381,263.0412,28834220000000.0,21817890000000.0,2226026000000.0,0.3781871,1.064982e-06,-2.952532e-07,-1.331659e-06,-2.755934e-07,7.015641e-07,-2.371929e-06,-1.990488e-06,2.007332e-06,20376180000000.0,1990591000000.0,0.3428997,1.005657e-06,-2.734117e-07,-1.251988e-06,-2.549357e-07,6.675847e-07,-2.234293e-06,-1.874078e-06,1.900454e-06,14897680000000.0,1214591000000.0,0.2326219,7.706248e-07,-1.94306e-07,-9.43876e-07,-1.804299e-07,5.258431e-07,-1.696562e-06,-1.420458e-06,1.470076e-06,690536300000.0,183100000000000.0,1.164611,36280000000000.0,-0.963171
1892,1.3996,7.073173,5.896050999999998,4176.204,518.1882,434.5851,169.8151,-218.5679,-72.74724,34504950000000.0,24316860000000.0,2680642000000.0,0.3882107,1.383798e-06,-4.454536e-07,-1.790432e-06,-4.199143e-07,8.47683e-07,-3.141784e-06,-2.646069e-06,2.541732e-06,24028520000000.0,2490480000000.0,0.36168,1.316316e-06,-4.175525e-07,-1.69685e-06,-3.933537e-07,8.122198e-07,-2.982297e-06,-2.510727e-06,2.4235e-06,17300530000000.0,1499378000000.0,0.2379976,9.494879e-07,-2.779233e-07,-1.200316e-06,-2.608733e-07,6.07847e-07,-2.127515e-06,-1.787238e-06,1.76943e-06,714186200000.0,182900000000000.0,1.213766,37770000000000.0,-1.01772
1893,1.3985,5.995348,6.043890999999997,4182.562,439.2616,445.2802,-454.0756,13.64409,-222.0741,31909870000000.0,24124630000000.0,2351904000000.0,0.3915434,1.141897e-06,1.418416e-06,2.983096e-07,1.430441e-06,2.483997e-06,-8.097747e-07,-4.043217e-07,3.900185e-06,21817890000000.0,2060776000000.0,0.3504191,1.059477e-06,1.288697e-06,2.49548e-07,1.299756e-06,2.277036e-06,-7.785406e-07,-4.023263e-07,3.590819e-06,14609340000000.0,1129404000000.0,0.2276881,7.340337e-07,8.227057e-07,1.030734e-07,8.30079e-07,1.506488e-06,-6.091707e-07,-3.484409e-07,2.416171e-06,745933600000.0,86610000000000.0,1.01116,14900000000000.0,-0.815166
1895,1.3979,6.376801,5.5740759999999945,4181.369,467.3014,410.6173,-76.00173,-100.9298,-510.705,117066900000000.0,106494400000000.0,12020120000000.0,0.6347668,1.260346e-05,1.758509e-06,-1.044567e-05,1.84678e-06,1.321141e-05,-2.271488e-05,-1.818617e-05,2.856231e-05,101784800000000.0,11272510000000.0,0.5854195,1.22375e-05,1.682113e-06,-1.016598e-05,1.766054e-06,1.279684e-05,-2.207883e-05,-1.768107e-05,2.769899e-05,70355500000000.0,7297432000000.0,0.3803177,9.722922e-06,1.224321e-06,-8.180275e-06,1.281831e-06,1.0026e-05,-1.764471e-05,-1.414774e-05,2.185037e-05,2192719000000.0,260800000000000.0,2.868948,127300000000000.0,-2.52846
1896,1.3985,5.37966,5.026451000000005,4193.109,394.8637,370.4318,5.186673,-111.4191,-151.5388,56226730000000.0,52766620000000.0,5645159000000.0,0.5033595,4.041622e-06,1.139842e-07,-3.808023e-06,1.654051e-07,3.840647e-06,-7.747146e-06,-6.298114e-06,8.778469e-06,51132680000000.0,5322651000000.0,0.4654228,3.942303e-06,1.095083e-07,-3.715753e-06,1.5928e-07,3.743371e-06,-7.558064e-06,-6.144519e-06,8.559214e-06,37868940000000.0,3676763000000.0,0.309906,3.296201e-06,8.415445e-08,-3.11229e-06,1.237652e-07,3.116127e-06,-6.324825e-06,-5.142308e-06,7.139403e-06,1279591000000.0,487800000000000.0,2.176095,180600000000000.0,-1.929373
1897,1.3985,6.517704,5.573154000000001,4181.278,477.7052,410.6542,129.784,-202.6277,-396.8416,44212470000000.0,15762710000000.0,1576377000000.0,0.3361753,8.011024e-07,-1.39442e-07,-9.194452e-07,-1.250156e-07,6.103755e-07,-1.701497e-06,-1.414806e-06,1.593377e-06,15474360000000.0,1470642000000.0,0.321173,7.616545e-07,-1.316501e-07,-8.732166e-07,-1.179604e-07,5.811589e-07,-1.616755e-06,-1.344174e-06,1.515709e-06,11822030000000.0,772126000000.0,0.213757,4.931196e-07,-8.013856e-08,-5.600907e-07,-7.142998e-08,3.808521e-07,-1.041461e-06,-8.649409e-07,9.856391e-07,516071000000.0,109600000000000.0,1.077386,20090000000000.0,-0.918658
1899,1.3956,4.857953,5.821943999999997,4186.136,355.7841,428.371,-220.4202,-121.3205,-323.5622,129754000000000.0,127831700000000.0,14440250000000.0,0.6749396,1.839385e-05,3.949172e-06,-1.382489e-05,3.97893e-06,2.043571e-05,-3.169994e-05,-2.508196e-05,4.277382e-05,125525000000000.0,13850170000000.0,0.6294139,1.806084e-05,3.826207e-06,-1.362355e-05,3.852828e-06,2.000603e-05,-3.117485e-05,-2.467586e-05,4.193525e-05,102457600000000.0,10480140000000.0,0.4312587,1.584249e-05,3.107286e-06,-1.218509e-05,3.11603e-06,1.725354e-05,-2.757989e-05,-2.187448e-05,3.646417e-05,2409628000000.0,463400000000000.0,3.750569,295700000000000.0,-3.343
1902,1.3996,6.223403,5.577525999999998,4185.389,456.4086,411.1466,-61.25377,-2.638187,-445.9702,83523120000000.0,55842270000000.0,7164627000000.0,0.5119857,5.966239e-06,8.343259e-07,-4.958268e-06,8.976685e-07,6.316653e-06,-1.076887e-05,-8.63021e-06,1.361061e-05,50556000000000.0,6438274000000.0,0.4663309,5.611345e-06,7.730189e-07,-4.674315e-06,8.31882e-07,5.926965e-06,-1.013924e-05,-8.127575e-06,1.278585e-05,38253400000000.0,3960640000000.0,0.3116182,4.22632e-06,5.391283e-07,-3.56083e-06,5.805563e-07,4.411683e-06,-7.676706e-06,-6.160671e-06,9.572687e-06,1351941000000.0,282000000000000.0,2.232247,107100000000000.0,-1.94763
1906,1.3956,6.346379,5.497965999999999,4176.999,464.5676,404.5286,202.4417,-24.07268,190.4346,34889410000000.0,10860890000000.0,803004400000.0,0.2992912,3.420643e-07,-2.454004e-07,-5.780177e-07,-2.381557e-07,7.612606e-08,-9.124053e-07,-7.898819e-07,4.950875e-07,9803635000000.0,688920100000.0,0.2709859,3.074238e-07,-2.168012e-07,-5.157135e-07,-2.103114e-07,7.20962e-08,-8.162362e-07,-7.061144e-07,4.485942e-07,7977467000000.0,382294800000.0,0.1869774,2.004927e-07,-1.316815e-07,-3.26564e-07,-1.27509e-07,5.653669e-08,-5.225514e-07,-4.507156e-07,3.019779e-07,399789300000.0,138600000000000.0,0.9715466,22910000000000.0,-0.8527
1907,1.4048,6.393946,5.183017999999995,4197.835,470.4135,383.1618,-114.6326,-0.809438,261.8555,69202130000000.0,59398490000000.0,6922767000000.0,0.5246713,5.444325e-06,6.883459e-07,-4.597573e-06,7.493483e-07,5.697378e-06,-9.89986e-06,-7.948897e-06,1.235378e-05,58437350000000.0,6460942000000.0,0.4845086,5.271582e-06,6.562746e-07,-4.461352e-06,7.147426e-07,5.504471e-06,-9.595379e-06,-7.70613e-06,1.194867e-05,41521280000000.0,4088663000000.0,0.3187804,4.25767e-06,4.877849e-07,-3.642828e-06,5.321737e-07,4.394507e-06,-7.789292e-06,-6.262517e-06,9.594524e-06,1370917000000.0,298400000000000.0,2.168654,110100000000000.0,-1.87407
1908,1.4072,5.606987,5.2535279999999975,4207.666,413.0834,388.7515,-286.279,-199.9928,-324.7022,32967120000000.0,25662460000000.0,2683034000000.0,0.3933676,1.460608e-06,1.070939e-06,-3.571871e-07,1.087382e-06,2.429208e-06,-1.776485e-06,-1.256336e-06,4.23252e-06,24605200000000.0,2486690000000.0,0.365846,1.402053e-06,1.010376e-06,-3.603661e-07,1.026035e-06,2.313782e-06,-1.72275e-06,-1.223419e-06,4.044575e-06,18550010000000.0,1602780000000.0,0.2442326,1.095947e-06,7.223331e-07,-3.485733e-07,7.340329e-07,1.739395e-06,-1.413457e-06,-1.022986e-06,3.091339e-06,741901600000.0,297600000000000.0,1.447681,73300000000000.0,-1.220691
1909,1.4077,5.322853,5.230969999999998,4210.928,392.3301,387.1892,-237.4252,-91.28134,-113.0926,55553930000000.0,44885270000000.0,4542714000000.0,0.4754676,2.869621e-06,1.304695e-06,-1.493011e-06,1.335929e-06,3.96007e-06,-4.282772e-06,-3.258714e-06,7.489144e-06,42482420000000.0,4225431000000.0,0.4346695,2.77321e-06,1.238116e-06,-1.465317e-06,1.268017e-06,3.803364e-06,-4.161338e-06,-3.171597e-06,7.213387e-06,30756500000000.0,2776508000000.0,0.2881257,2.219613e-06,9.044191e-07,-1.258105e-06,9.270758e-07,2.953496e-06,-3.41589e-06,-2.623322e-06,5.680631e-06,1143677000000.0,231300000000000.0,1.67943,66090000000000.0,-1.492
1911,1.4072,5.569278,5.130901,4208.611,410.3796,379.6888,-154.1644,-94.05745,-185.0225,37003920000000.0,34312720000000.0,3706061000000.0,0.4387912,2.060707e-06,7.224671e-07,-1.286477e-06,7.491195e-07,2.636714e-06,-3.291579e-06,-2.556039e-06,5.170676e-06,31717640000000.0,3241527000000.0,0.3945733,1.931931e-06,6.669766e-07,-1.216252e-06,6.917849e-07,2.461028e-06,-3.096046e-06,-2.406416e-06,4.836338e-06,14609340000000.0,1254161000000.0,0.2246938,1.089201e-06,3.502434e-07,-7.110296e-07,3.637434e-07,1.360153e-06,-1.770819e-06,-1.38186e-06,2.698508e-06,1061979000000.0,138500000000000.0,1.389835,32750000000000.0,-1.08094
1912,1.4106,4.984683,5.227397000000005,4219.31,368.0052,387.4872,-193.8976,5.169816,73.57442,43924130000000.0,39502880000000.0,3930888000000.0,0.4555983,2.228512e-06,8.043544e-07,-1.367884e-06,8.325665e-07,2.873018e-06,-3.535974e-06,-2.740531e-06,5.612871e-06,36523350000000.0,3564079000000.0,0.4127847,2.116461e-06,7.499279e-07,-1.312875e-06,7.765e-07,2.713869e-06,-3.371945e-06,-2.616428e-06,5.315589e-06,22586810000000.0,1940924000000.0,0.2591876,1.474785e-06,4.792978e-07,-9.573233e-07,4.970076e-07,1.845231e-06,-2.392094e-06,-1.865382e-06,3.656802e-06,1087119000000.0,104700000000000.0,1.338324,23840000000000.0,-1.104
1914,1.4095,6.926418000000001,5.204327000000005,4202.574,510.5335,385.5983,-34.15726,-380.3157,296.3823,33928270000000.0,32967120000000.0,3033483000000.0,0.4271983,1.575133e-06,1.810097e-07,-1.35328e-06,2.0488e-07,1.648247e-06,-2.88876e-06,-2.325489e-06,3.582394e-06,31909870000000.0,2856405000000.0,0.399544,1.530429e-06,1.734124e-07,-1.317223e-06,1.965011e-07,1.598667e-06,-2.80911e-06,-2.261797e-06,3.477736e-06,20568410000000.0,1725081000000.0,0.2519823,1.200491e-06,1.239444e-07,-1.044712e-06,1.414582e-07,1.239988e-06,-2.214903e-06,-1.785413e-06,2.712909e-06,941541100000.0,242700000000000.0,1.417217,58520000000000.0,-1.202861
1915,1.4048,5.672229,5.396451999999998,4201.763,417.3349,398.874,-250.1651,-238.751,-336.645,29026450000000.0,22586810000000.0,2336723000000.0,0.3783065,1.177187e-06,8.635618e-07,-2.877509e-07,8.780282e-07,1.96085e-06,-1.432121e-06,-1.012923e-06,3.414712e-06,21817890000000.0,2161030000000.0,0.3505428,1.135467e-06,8.210293e-07,-2.893976e-07,8.349062e-07,1.879175e-06,-1.3932e-06,-9.888375e-07,3.281371e-06,15762710000000.0,1345870000000.0,0.2312693,8.69436e-07,5.749842e-07,-2.748584e-07,5.852152e-07,1.383912e-06,-1.12e-06,-8.102654e-07,2.456869e-06,682347400000.0,227700000000000.0,1.270775,49230000000000.0,-1.05336
1917,1.4141,7.00334,6.881133000000006,4197.817,515.6755,510.3972,123.8324,-35.13059,-163.0512,54785020000000.0,22490690000000.0,2246279000000.0,0.376048,1.63274e-06,-3.766911e-07,-1.964092e-06,-3.474919e-07,1.148174e-06,-3.557742e-06,-2.973172e-06,3.14793e-06,19799500000000.0,1884724000000.0,0.3362947,1.475992e-06,-3.339225e-07,-1.768787e-06,-3.076755e-07,1.044078e-06,-3.209436e-06,-2.68094e-06,2.851609e-06,12783170000000.0,889779900000.0,0.2143744,8.849761e-07,-1.874671e-07,-1.047475e-06,-1.720543e-07,6.377257e-07,-1.911249e-06,-1.594272e-06,1.720956e-06,733196600000.0,77190000000000.0,1.141412,14990000000000.0,-0.982773
1918,1.4124,5.915825,7.157884999999996,4201.029,435.3069,530.4012,91.59216,321.0744,-0.5205486,33639920000000.0,28161420000000.0,2686205000000.0,0.4087038,1.384499e-06,-3.840332e-07,-1.729279e-06,-3.594081e-07,9.074528e-07,-3.081224e-06,-2.58507e-06,2.601624e-06,26527480000000.0,2448728000000.0,0.3720529,1.317289e-06,-3.578722e-07,-1.637679e-06,-3.345794e-07,8.70481e-07,-2.923985e-06,-2.451876e-06,2.482181e-06,18838360000000.0,1521999000000.0,0.2446004,1.002103e-06,-2.48265e-07,-1.221359e-06,-2.310518e-07,6.84564e-07,-2.199859e-06,-1.840558e-06,1.909792e-06,825411200000.0,231100000000000.0,1.374667,54050000000000.0,-1.165
1920,1.4182,6.909317,5.506876000000002,4217.374,511.0542,409.5722,-216.086,-189.7819,202.9319,28930330000000.0,12879280000000.0,810265700000.0,0.3145921,4.180209e-07,2.739057e-07,-1.348788e-07,2.800851e-07,6.654006e-07,-5.415647e-07,-3.92723e-07,1.181594e-06,11053120000000.0,656802400000.0,0.2780176,3.609242e-07,2.316412e-07,-1.212736e-07,2.369434e-07,5.695539e-07,-4.724077e-07,-3.438865e-07,1.015182e-06,7112441000000.0,290140200000.0,0.1768012,2.06837e-07,1.239573e-07,-7.822145e-08,1.269296e-07,3.173903e-07,-2.79442e-07,-2.057702e-07,5.726528e-07,543505800000.0,52710000000000.0,0.9230691,8278000000000.0,-0.693693
1922,1.4159,6.615475000000001,5.625113999999999,4214.763,488.8183,417.909,-219.7054,150.3537,-201.4373,80735820000000.0,73431150000000.0,7945631000000.0,0.5565721,6.982396e-06,1.930555e-06,-4.852844e-06,1.987928e-06,8.323339e-06,-1.164309e-05,-9.142961e-06,1.686781e-05,68048760000000.0,7351043000000.0,0.5085652,6.721116e-06,1.82386e-06,-4.704707e-06,1.878053e-06,7.974135e-06,-1.124082e-05,-8.83392e-06,1.619712e-05,47960920000000.0,4723412000000.0,0.3324057,5.356878e-06,1.332572e-06,-3.866745e-06,1.371523e-06,6.220973e-06,-9.075998e-06,-7.156301e-06,1.276767e-05,1659544000000.0,385700000000000.0,2.573842,168900000000000.0,-2.249
1923,1.4165,6.968186,6.271881,4208.356,514.3493,465.9581,217.1233,14.10539,-200.7319,32582670000000.0,29218680000000.0,3076704000000.0,0.4127958,1.583119e-06,-6.611033e-07,-2.197245e-06,-6.319299e-07,8.144766e-07,-3.74426e-06,-3.176203e-06,2.748001e-06,27873080000000.0,2864833000000.0,0.3780543,1.52996e-06,-6.276778e-07,-2.11211e-06,-5.996172e-07,7.979305e-07,-3.607171e-06,-3.058148e-06,2.666312e-06,22490690000000.0,2012461000000.0,0.2588959,1.268815e-06,-4.806676e-07,-1.711203e-06,-4.579387e-07,6.998847e-07,-2.951046e-06,-2.495569e-06,2.248467e-06,815493200000.0,254100000000000.0,1.378616,59600000000000.0,-1.17216
1927,1.4141,6.920473,5.943367999999996,4206.253,510.5376,441.1057,376.5197,-75.46574,-167.8381,45846410000000.0,44020240000000.0,4470749000000.0,0.4734309,2.686671e-06,-1.705354e-06,-4.304756e-06,-1.652979e-06,7.927308e-07,-6.93497e-06,-5.967762e-06,4.06043e-06,43251330000000.0,4212651000000.0,0.4408045,2.620749e-06,-1.642278e-06,-4.177713e-06,-1.591378e-06,7.939089e-07,-6.743374e-06,-5.799843e-06,3.981117e-06,27488620000000.0,2576606000000.0,0.2765987,2.059839e-06,-1.177415e-06,-3.169036e-06,-1.138606e-06,7.335646e-07,-5.185484e-06,-4.443539e-06,3.236663e-06,1144526000000.0,294500000000000.0,1.698224,85090000000000.0,-1.47312
1928,1.417,7.055162,6.922498999999998,4202.654,520.1286,514.1445,-21.07287,-341.2144,-209.9218,37484490000000.0,30948730000000.0,3337156000000.0,0.4200023,1.831263e-06,3.384192e-07,-1.445743e-06,3.651395e-07,2.043136e-06,-3.229852e-06,-2.575412e-06,4.292689e-06,24509090000000.0,2740462000000.0,0.3621006,1.635957e-06,2.950899e-07,-1.298565e-06,3.18737e-07,1.817275e-06,-2.892379e-06,-2.307669e-06,3.826527e-06,16243280000000.0,1456098000000.0,0.2320129,1.147343e-06,1.91628e-07,-9.255072e-07,2.076711e-07,1.257435e-06,-2.043255e-06,-1.633019e-06,2.665654e-06,923200600000.0,225100000000000.0,1.447342,55430000000000.0,-1.18602
1932,1.4282,7.185796999999999,6.375205000000007,4228.201,533.0812,476.1559,188.9832,-525.4962,-235.7699,35850550000000.0,34793290000000.0,3700505000000.0,0.4368372,1.867786e-06,-3.684016e-07,-2.184036e-06,-3.369017e-07,1.371444e-06,-4.008345e-06,-3.338575e-06,3.657963e-06,34601060000000.0,3565118000000.0,0.4123072,1.833125e-06,-3.572859e-07,-2.139118e-06,-3.264692e-07,1.349945e-06,-3.929554e-06,-3.272188e-06,3.593853e-06,27488620000000.0,2561246000000.0,0.2772224,1.553395e-06,-2.801588e-07,-1.789422e-06,-2.546576e-07,1.164533e-06,-3.306535e-06,-2.749322e-06,3.064921e-06,900450400000.0,227200000000000.0,1.352474,52280000000000.0,-1.18899
1933,1.4253,6.209282,6.472842999999999,4229.569,460.1715,482.6996,-203.4152,164.7781,274.8582,35081630000000.0,23451830000000.0,2151433000000.0,0.3797968,1.088436e-06,4.050235e-07,-6.571965e-07,4.208137e-07,1.420683e-06,-1.716856e-06,-1.328531e-06,2.760897e-06,22010120000000.0,1933805000000.0,0.3476495,1.025526e-06,3.750026e-07,-6.257328e-07,3.897919e-07,1.331672e-06,-1.624138e-06,-1.258232e-06,2.59427e-06,13071510000000.0,1001791000000.0,0.2150622,6.774267e-07,2.244388e-07,-4.362498e-07,2.338498e-07,8.552193e-07,-1.095733e-06,-8.539217e-07,1.688628e-06,735215000000.0,213700000000000.0,1.304519,47430000000000.0,-1.098377
1934,1.4294,7.078334,6.686785000000001,4228.937,525.1181,499.6048,238.1793,-162.6769,-91.72601,37292260000000.0,36235000000000.0,3606097000000.0,0.4508182,1.813535e-06,-8.071125e-07,-2.566958e-06,-7.730643e-07,8.845214e-07,-4.339369e-06,-3.688647e-06,3.099646e-06,35273860000000.0,3341082000000.0,0.4091463,1.753712e-06,-7.670441e-07,-2.468701e-06,-7.342595e-07,8.683407e-07,-4.182638e-06,-3.553339e-06,3.010164e-06,25566340000000.0,2158387000000.0,0.2723577,1.441883e-06,-5.840684e-07,-1.982607e-06,-5.576773e-07,7.587326e-07,-3.391753e-06,-2.87418e-06,2.51879e-06,964938100000.0,134500000000000.0,1.254622,28710000000000.0,-1.06524
1938,1.4276,4.878262,7.005558999999994,4239.002,361.7906,522.7953,-147.0489,180.0201,112.2772,89866650000000.0,78332960000000.0,9393075000000.0,0.5691561,8.733697e-06,1.184789e-06,-7.280814e-06,1.261768e-06,9.162831e-06,-1.578323e-05,-1.26492e-05,1.981657e-05,74680630000000.0,8744394000000.0,0.5233335,8.440135e-06,1.126193e-06,-7.053682e-06,1.199351e-06,8.832165e-06,-1.527026e-05,-1.224118e-05,1.912574e-05,55650040000000.0,5802509000000.0,0.3491726,6.828748e-06,8.400176e-07,-5.773019e-06,8.938128e-07,7.057702e-06,-1.24207e-05,-9.968204e-06,1.5377e-05,1697475000000.0,351800000000000.0,2.646435,158400000000000.0,-2.30868
1939,1.43,7.082435,5.5529290000000024,4238.796,526.6504,415.2706,-40.51451,136.2669,90.69369,59398490000000.0,56803410000000.0,6293590000000.0,0.5088048,4.585246e-06,9.8042e-08,-4.350343e-06,1.557222e-07,4.323132e-06,-8.819429e-06,-7.175126e-06,9.923124e-06,54785020000000.0,5934637000000.0,0.4694703,4.469396e-06,9.414936e-08,-4.241425e-06,1.499287e-07,4.211086e-06,-8.597583e-06,-6.994684e-06,9.668861e-06,42578530000000.0,4190349000000.0,0.318436,3.781337e-06,7.366518e-08,-3.592404e-06,1.186903e-07,3.549954e-06,-7.277873e-06,-5.921049e-06,8.163946e-06,1343401000000.0,265800000000000.0,1.966284,88920000000000.0,-1.70478
1942,1.4229,4.842984,6.989957999999997,4230.719,358.4599,520.5729,119.447,14.1799,26.44785,28353650000000.0,13167630000000.0,1209035000000.0,0.3147019,6.199292e-07,-2.211682e-07,-8.243164e-07,-2.091523e-07,3.601221e-07,-1.429543e-06,-1.207754e-06,1.120147e-06,12398710000000.0,1052192000000.0,0.2903295,5.655291e-07,-2.002306e-07,-7.504345e-07,-1.892869e-07,3.299939e-07,-1.302551e-06,-1.100219e-06,1.023296e-06,6727985000000.0,392767700000.0,0.1731678,2.866122e-07,-9.51455e-08,-3.739104e-07,-8.968462e-08,1.733036e-07,-6.53723e-07,-5.511534e-07,5.24534e-07,479433300000.0,73180000000000.0,0.9196337,11450000000000.0,-0.7176
1943,1.4253,6.187751,6.504665000000001,4229.34,458.5386,485.0471,-141.5549,332.8126,-128.1679,47384230000000.0,46230870000000.0,4855904000000.0,0.4760765,3.297325e-06,6.133308e-07,-2.591717e-06,6.510871e-07,3.653594e-06,-5.802428e-06,-4.621868e-06,7.691266e-06,45365840000000.0,4634019000000.0,0.4424082,3.230901e-06,5.922524e-07,-2.547953e-06,6.289658e-07,3.570366e-06,-5.693968e-06,-4.537104e-06,7.526219e-06,35754430000000.0,3474002000000.0,0.3016649,2.809194e-06,4.741457e-07,-2.254691e-06,5.045353e-07,3.058644e-06,-4.989993e-06,-3.983653e-06,6.495568e-06,1124335000000.0,678900000000000.0,2.15054,248400000000000.0,-1.922815
1945,1.4389,6.992452,6.0016400000000045,4254.036,521.761,450.5917,-183.8438,80.43406,-154.705,94672360000000.0,86791000000000.0,9808336000000.0,0.5837564,9.673498e-06,2.016528e-06,-7.36376e-06,2.086782e-06,1.083169e-05,-1.677328e-05,-1.330388e-05,2.263859e-05,81793070000000.0,9111784000000.0,0.5358429,9.359789e-06,1.920595e-06,-7.154178e-06,1.987195e-06,1.044553e-05,-1.62585e-05,-1.290118e-05,2.186721e-05,54112220000000.0,5679620000000.0,0.344065,7.297582e-06,1.36665e-06,-5.702089e-06,1.411645e-06,7.991361e-06,-1.280024e-05,-1.01804e-05,1.688485e-05,1882497000000.0,324600000000000.0,2.775847,153300000000000.0,-2.395
1946,1.4377,5.135980000000001,5.482657,4269.725,383.7655,411.4755,-533.5229,-228.9587,-462.4382,38349510000000.0,33351580000000.0,3619470000000.0,0.4247679,1.993117e-06,2.374231e-06,4.181924e-07,2.388516e-06,4.222985e-06,-1.514123e-06,-8.062857e-07,6.696207e-06,31044840000000.0,3290424000000.0,0.3878994,1.901255e-06,2.229236e-06,3.635494e-07,2.242694e-06,3.992206e-06,-1.479669e-06,-8.044138e-07,6.351103e-06,21241210000000.0,1922679000000.0,0.251503,1.377207e-06,1.485892e-06,1.352518e-07,1.494942e-06,2.760562e-06,-1.199781e-06,-7.104675e-07,4.467906e-06,926506900000.0,236500000000000.0,1.482702,59660000000000.0,-1.24146
1947,1.4347,5.493873,5.373516999999998,4262.526,409.9745,402.7898,-298.3356,-136.121,-199.9701,51901600000000.0,30948730000000.0,4237366000000.0,0.41601,2.97346e-06,1.643987e-06,-1.258024e-06,1.673178e-06,4.394041e-06,-4.146702e-06,-3.086551e-06,8.056186e-06,28930330000000.0,3696385000000.0,0.3790074,2.740846e-06,1.497633e-06,-1.177119e-06,1.524303e-06,4.031785e-06,-3.839803e-06,-2.862514e-06,7.40703e-06,18069440000000.0,1730900000000.0,0.2385272,1.718494e-06,8.763337e-07,-7.998118e-07,8.921358e-07,2.46227e-06,-2.469253e-06,-1.856212e-06,4.576939e-06,882038800000.0,168600000000000.0,1.630117,46760000000000.0,-1.28799
1948,1.4353,7.109998,5.976759000000006,4245.922,529.6099,447.9678,317.218,-319.4466,-86.41416,36331120000000.0,33447700000000.0,3551803000000.0,0.4260473,1.854309e-06,-1.025431e-06,-2.823377e-06,-9.89551e-07,7.037459e-07,-4.637352e-06,-3.971069e-06,2.965791e-06,32582670000000.0,3331609000000.0,0.3959085,1.796187e-06,-9.794836e-07,-2.720942e-06,-9.448577e-07,6.950751e-07,-4.478044e-06,-3.832609e-06,2.885997e-06,23259600000000.0,2149524000000.0,0.2632083,1.404674e-06,-7.056742e-07,-2.06689e-06,-6.792527e-07,6.017745e-07,-3.440932e-06,-2.935993e-06,2.314038e-06,921149500000.0,180700000000000.0,1.342714,41280000000000.0,-1.12563
1950,1.4311,7.152212,6.042448000000004,4236.894,531.6544,452.0065,266.2657,-337.7702,-278.662,29603130000000.0,22202350000000.0,1876094000000.0,0.3809244,8.596971e-07,-4.646353e-07,-1.300639e-06,-4.474412e-07,3.414615e-07,-2.14125e-06,-1.83303e-06,1.394332e-06,20952870000000.0,1674806000000.0,0.3410456,8.090722e-07,-4.267992e-07,-1.213483e-06,-4.106979e-07,3.315619e-07,-2.004577e-06,-1.714487e-06,1.322285e-06,12783170000000.0,920539600000.0,0.2132537,5.759875e-07,-2.734671e-07,-8.33217e-07,-2.62279e-07,2.655127e-07,-1.396356e-06,-1.189767e-06,9.703271e-07,704258500000.0,173100000000000.0,1.124592,33120000000000.0,-0.9501729
1951,1.4365,7.003399,5.7931409999999985,4250.135,522.1069,434.4404,106.4296,-88.18076,23.88228,33543810000000.0,10380320000000.0,525142200000.0,0.2946989,3.11366e-07,-1.165027e-07,-4.198711e-07,-1.102428e-07,1.764869e-07,-7.237785e-07,-6.125282e-07,5.589644e-07,9323064000000.0,441766200000.0,0.2631491,2.598744e-07,-9.646633e-08,-3.496605e-07,-9.124702e-08,1.480534e-07,-6.033096e-07,-5.104554e-07,4.672705e-07,5670730000000.0,200273800000.0,0.1631247,1.332846e-07,-4.701171e-08,-1.76847e-07,-4.435902e-08,7.832072e-08,-3.06938e-07,-2.593074e-07,2.420016e-07,407946500000.0,56710000000000.0,0.7505864,7242000000000.0,-0.6648
1952,1.4371,7.034377,6.025430000000003,4250.205,524.4482,452.0243,201.6087,-174.9374,-467.0334,61513000000000.0,39887340000000.0,5470400000000.0,0.4524168,4.763773e-06,-9.153178e-07,-5.532473e-06,-8.432505e-07,3.488431e-06,-1.018518e-05,-8.473382e-06,9.297285e-06,35946660000000.0,4706040000000.0,0.4073461,4.464739e-06,-8.448833e-07,-5.171677e-06,-7.778761e-07,3.280718e-06,-9.532281e-06,-7.927773e-06,8.724031e-06,27584740000000.0,2576163000000.0,0.2745024,3.176096e-06,-5.663231e-07,-3.642728e-06,-5.202415e-07,2.363465e-06,-6.74462e-06,-5.602742e-06,6.233027e-06,1030290000000.0,142700000000000.0,1.782646,43280000000000.0,-1.402
1954,1.4323,5.049981,6.8977930000000045,4248.597,375.4389,515.9735,-301.2471,40.42262,-35.5232,29891470000000.0,24605200000000.0,2483572000000.0,0.3887314,1.234262e-06,9.026501e-07,-3.04005e-07,9.179293e-07,2.05288e-06,-1.50347e-06,-1.064097e-06,3.576609e-06,23355720000000.0,2265204000000.0,0.3533162,1.177725e-06,8.434088e-07,-3.078628e-07,8.578773e-07,1.940591e-06,-1.452378e-06,-1.033098e-06,3.394332e-06,16435510000000.0,1414458000000.0,0.2313459,9.246294e-07,6.066121e-07,-2.96851e-07,6.175736e-07,1.466719e-06,-1.195385e-06,-8.660871e-07,2.607359e-06,724377100000.0,276600000000000.0,1.303022,61320000000000.0,-1.10484
1958,1.4472,5.09571,6.671278999999998,4279.889,381.6469,502.5829,51.93308,327.5663,-41.793,29122560000000.0,21241210000000.0,1986512000000.0,0.366181,1.050271e-06,-1.99156e-07,-1.221086e-06,-1.803792e-07,7.828119e-07,-2.246157e-06,-1.870283e-06,2.070524e-06,20087840000000.0,1768927000000.0,0.3340483,9.879358e-07,-1.83945e-07,-1.145136e-06,-1.663691e-07,7.394637e-07,-2.109361e-06,-1.75577e-06,1.950603e-06,13359860000000.0,974583000000.0,0.2157777,6.949086e-07,-1.189011e-07,-7.946954e-07,-1.068444e-07,5.29637e-07,-1.472904e-06,-1.224099e-06,1.381031e-06,668036000000.0,197800000000000.0,1.247138,41970000000000.0,-1.019282
1960,1.44,6.976433,6.063050000000004,4255.818,520.7718,455.4117,-372.2137,48.0354,-713.6275,38637850000000.0,27200280000000.0,2798827000000.0,0.3965715,1.540909e-06,1.457765e-06,-5.268166e-08,1.473085e-06,2.891834e-06,-1.549761e-06,-1.001363e-06,4.800351e-06,23644060000000.0,2375931000000.0,0.3536077,1.378852e-06,1.28163e-06,-6.979517e-08,1.295201e-06,2.564401e-06,-1.40939e-06,-9.186351e-07,4.271921e-06,14321000000000.0,1102790000000.0,0.2208783,8.218546e-07,7.138286e-07,-9.127489e-08,7.215794e-07,1.477258e-06,-8.896467e-07,-5.97056e-07,2.494339e-06,828520600000.0,122700000000000.0,1.272288,26560000000000.0,-1.02366
1962,1.446,6.628884,4.887498999999997,4278.847,497.2656,368.3487,250.6947,275.3916,-236.7704,30179820000000.0,16723850000000.0,1809856000000.0,0.3361451,1.130302e-06,-7.273684e-07,-1.824682e-06,-7.042384e-07,3.308759e-07,-2.930416e-06,-2.524716e-06,1.712044e-06,15570480000000.0,1596713000000.0,0.3088493,1.060705e-06,-6.729562e-07,-1.702627e-06,-6.513257e-07,3.198845e-07,-2.740267e-06,-2.359527e-06,1.61588e-06,10476430000000.0,802536800000.0,0.1987508,6.848415e-07,-4.035765e-07,-1.068102e-06,-3.898854e-07,2.365634e-07,-1.738022e-06,-1.49212e-06,1.072854e-06,552388700000.0,158700000000000.0,1.174043,31700000000000.0,-0.9376509
1965,1.4442,6.513962,6.414630999999999,4265.126,487.0025,482.6291,-174.1885,18.33448,-79.51418,57091760000000.0,45942520000000.0,5045439000000.0,0.4719392,3.563694e-06,1.063476e-06,-2.406077e-06,1.104932e-06,4.35897e-06,-5.873245e-06,-4.599853e-06,8.733112e-06,42674650000000.0,4547867000000.0,0.4308077,3.386357e-06,9.931109e-07,-2.303416e-06,1.032113e-06,4.123369e-06,-5.598039e-06,-4.387889e-06,8.279191e-06,25374110000000.0,2326431000000.0,0.2665714,2.345214e-06,6.305745e-07,-1.650997e-06,6.560878e-07,2.793662e-06,-3.93264e-06,-3.094075e-06,5.669262e-06,1220693000000.0,194200000000000.0,1.762077,58220000000000.0,-1.486642
1966,1.4436,7.099619,6.839983000000004,4254.491,529.8961,514.2718,-145.3257,-289.7055,-219.4277,32967120000000.0,31909870000000.0,2897637000000.0,0.4215857,1.423568e-06,6.667709e-07,-7.228848e-07,6.857338e-07,1.992679e-06,-2.107977e-06,-1.600273e-06,3.746275e-06,30179820000000.0,2658272000000.0,0.3829671,1.365203e-06,6.277515e-07,-7.048072e-07,6.458173e-07,1.898909e-06,-2.033101e-06,-1.546178e-06,3.5804e-06,19991730000000.0,1648065000000.0,0.2485172,1.045945e-06,4.400178e-07,-5.804197e-07,4.53369e-07,1.412319e-06,-1.598048e-06,-1.224848e-06,2.699733e-06,908154900000.0,194800000000000.0,1.300741,43110000000000.0,-1.10088
1968,1.4418,6.847931000000001,7.106689000000003,4250.861,510.4914,533.7846,-202.2223,-124.1052,-177.6135,96786860000000.0,89962770000000.0,10554280000000.0,0.5903552,1.047288e-05,2.626246e-06,-7.530944e-06,2.690085e-06,1.215043e-05,-1.771262e-05,-1.395735e-05,2.493601e-05,85829860000000.0,9852892000000.0,0.5442418,1.0102e-05,2.491295e-06,-7.304622e-06,2.551234e-06,1.167299e-05,-1.712568e-05,-1.350287e-05,2.400301e-05,58725690000000.0,6353172000000.0,0.3529924,7.92785e-06,1.792526e-06,-5.888014e-06,1.832164e-06,8.974664e-06,-1.35951e-05,-1.074962e-05,1.863845e-05,1910809000000.0,291200000000000.0,2.753118,136400000000000.0,-2.369396
1969,1.4556,6.090581,5.272916000000007,4299.229,458.7401,399.0301,-83.55325,148.5945,-325.2115,51709370000000.0,41521280000000.0,4334135000000.0,0.455181,2.696675e-06,4.891824e-07,-2.135944e-06,5.257802e-07,2.991519e-06,-4.76261e-06,-3.798349e-06,6.300482e-06,39983450000000.0,3993634000000.0,0.4194161,2.58355e-06,4.605502e-07,-2.054195e-06,4.953527e-07,2.857078e-06,-4.570657e-06,-3.646768e-06,6.026788e-06,25662460000000.0,2287020000000.0,0.266487,1.893163e-06,3.079213e-07,-1.533728e-06,3.323082e-07,2.060462e-06,-3.377666e-06,-2.700321e-06,4.381259e-06,1091179000000.0,163300000000000.0,1.528254,42460000000000.0,-1.309476
1971,1.4496,6.840237,5.528438000000007,4279.605,513.3604,417.1925,-339.7954,295.8939,-237.2468,40944590000000.0,36715570000000.0,4061407000000.0,0.4373349,2.256788e-06,1.423411e-06,-7.814607e-07,1.447577e-06,3.517302e-06,-2.974647e-06,-2.170352e-06,6.300539e-06,34504950000000.0,3724573000000.0,0.4002688,2.158818e-06,1.33933e-06,-7.696145e-07,1.362247e-06,3.341664e-06,-2.86757e-06,-2.098133e-06,6.003716e-06,23547950000000.0,2262143000000.0,0.2607747,1.625975e-06,9.289284e-07,-6.586273e-07,9.453633e-07,2.434343e-06,-2.238683e-06,-1.658917e-06,4.437869e-06,988383200000.0,256800000000000.0,1.525024,66630000000000.0,-1.2969
1972,1.4556,6.127759,6.746085999999994,4287.928,460.3486,510.1274,-191.044,120.6813,-6.654587,41136820000000.0,38637850000000.0,3995212000000.0,0.444773,2.221163e-06,7.720948e-07,-1.392783e-06,8.004951e-07,2.834133e-06,-3.553973e-06,-2.761043e-06,5.56457e-06,36907800000000.0,3703916000000.0,0.4080516,2.138849e-06,7.309919e-07,-1.35347e-06,7.581451e-07,2.71599e-06,-3.434561e-06,-2.670955e-06,5.344912e-06,25181890000000.0,2314154000000.0,0.2656688,1.675734e-06,5.266805e-07,-1.105638e-06,5.471194e-07,2.079208e-06,-2.736094e-06,-2.137564e-06,4.137502e-06,1026608000000.0,206500000000000.0,1.474102,51790000000000.0,-1.2515
1974,1.4556,6.74223,6.465414000000001,4284.735,506.5426,488.9454,-334.7307,-255.0047,-150.3773,32774900000000.0,16627730000000.0,1455293000000.0,0.3350377,6.234369e-07,6.955439e-07,8.453258e-08,7.032431e-07,1.278605e-06,-5.210381e-07,-2.994888e-07,2.050845e-06,15954930000000.0,1325165000000.0,0.3108894,5.892154e-07,6.478925e-07,7.045979e-08,6.551337e-07,1.19883e-06,-5.018645e-07,-2.924669e-07,1.928614e-06,10668660000000.0,708734400000.0,0.2009316,3.845392e-07,3.858875e-07,9.207614e-09,3.904578e-07,7.449274e-07,-3.642859e-07,-2.275843e-07,1.220918e-06,547717500000.0,119500000000000.0,0.9871458,20070000000000.0,-0.8404
1976,1.4544,6.554916,5.541807000000007,4291.31,493.0999,419.1063,-372.0021,267.1864,-241.8805,31237070000000.0,29987590000000.0,2787288000000.0,0.4139175,1.335383e-06,1.110356e-06,-1.963671e-07,1.125265e-06,2.35338e-06,-1.493744e-06,-1.018452e-06,4.003855e-06,28257540000000.0,2572684000000.0,0.3754664,1.281779e-06,1.044838e-06,-2.093041e-07,1.059032e-06,2.237579e-06,-1.454585e-06,-9.983405e-07,3.821585e-06,21048980000000.0,1700209000000.0,0.2492558,1.020658e-06,7.630721e-07,-2.350991e-07,7.739307e-07,1.711357e-06,-1.226635e-06,-8.632115e-07,2.971856e-06,846549600000.0,203300000000000.0,1.27787,44200000000000.0,-1.08702
1977,1.449,6.585518,4.895635000000006,4285.456,494.7466,369.5024,-151.2251,378.6601,-144.279,59398490000000.0,54496680000000.0,6233750000000.0,0.4984923,4.342227e-06,7.954575e-07,-3.426914e-06,8.466484e-07,4.804033e-06,-7.65541e-06,-6.101111e-06,1.012403e-05,53151080000000.0,5849407000000.0,0.4640156,4.208193e-06,7.610482e-07,-3.330621e-06,8.102869e-07,4.644693e-06,-7.428569e-06,-5.922134e-06,9.799839e-06,39406770000000.0,3720007000000.0,0.3080678,3.277704e-06,5.488123e-07,-2.636257e-06,5.852549e-07,3.567618e-06,-5.827979e-06,-4.654051e-06,7.579641e-06,1291026000000.0,168300000000000.0,1.768875,50650000000000.0,-1.48104
1978,1.4508,5.136307,6.6613500000000005,4286.517,385.2995,502.6371,-85.98977,168.9893,0.09676234,28834220000000.0,28834220000000.0,2737169000000.0,0.4176313,1.266557e-06,2.058147e-07,-1.027972e-06,2.250816e-07,1.386164e-06,-2.261816e-06,-1.809351e-06,2.941831e-06,28738110000000.0,2571902000000.0,0.381246,1.229462e-06,1.962782e-07,-1.001284e-06,2.148885e-07,1.341762e-06,-2.198988e-06,-1.759746e-06,2.851712e-06,23067380000000.0,1844073000000.0,0.2574943,1.031054e-06,1.51671e-07,-8.522505e-07,1.668808e-07,1.111032e-06,-1.856659e-06,-1.488176e-06,2.376652e-06,818026800000.0,221000000000000.0,1.260099,47380000000000.0,-1.08108
1979,1.452,6.495366,6.703771000000003,4278.309,487.1012,506.1201,-82.87046,5.954903,-226.0021,29891470000000.0,25470230000000.0,2382352000000.0,0.3867016,1.151926e-06,3.033171e-07,-8.200303e-07,3.208592e-07,1.378628e-06,-1.94181e-06,-1.530696e-06,2.795643e-06,23067380000000.0,2087910000000.0,0.3494405,1.071096e-06,2.771014e-07,-7.673327e-07,2.933213e-07,1.276666e-06,-1.810394e-06,-1.428099e-06,2.594097e-06,11725920000000.0,887197200000.0,0.2086348,6.342146e-07,1.516941e-07,-4.664836e-07,1.610407e-07,7.427288e-07,-1.084088e-06,-8.576446e-07,1.522371e-06,800019900000.0,109300000000000.0,1.111532,20670000000000.0,-0.8832493
1980,1.4502,6.815485,4.863690000000001,4285.304,512.1662,367.2397,-228.246,106.6814,-101.8376,66126480000000.0,56899530000000.0,6572964000000.0,0.5069387,4.793598e-06,1.573417e-06,-3.091734e-06,1.621292e-06,5.98935e-06,-7.753367e-06,-6.039871e-06,1.186989e-05,55553930000000.0,6091297000000.0,0.4706746,4.602698e-06,1.491854e-06,-2.987103e-06,1.537397e-06,5.730571e-06,-7.463076e-06,-5.817684e-06,1.137621e-05,30660390000000.0,3002244000000.0,0.2832394,2.984392e-06,8.985272e-07,-2.003996e-06,9.26361e-07,3.641503e-06,-4.906163e-06,-3.83875e-06,7.299273e-06,1461749000000.0,159800000000000.0,1.808528,49170000000000.0,-1.53153
1981,1.4586,6.460002,6.533369000000002,4292.863,486.0744,494.7843,-162.2889,-92.9016,39.8534,37003920000000.0,36042770000000.0,3480390000000.0,0.4360617,1.821343e-06,6.328273e-07,-1.14262e-06,6.569725e-07,2.325629e-06,-2.914958e-06,-2.264866e-06,4.565033e-06,35177750000000.0,3289695000000.0,0.4041793,1.774102e-06,6.074744e-07,-1.121804e-06,6.308698e-07,2.255975e-06,-2.848169e-06,-2.2149e-06,4.437088e-06,27392510000000.0,2277382000000.0,0.2721601,1.46481e-06,4.625896e-07,-9.646071e-07,4.812773e-07,1.821686e-06,-2.389984e-06,-1.866918e-06,3.621498e-06,939995500000.0,289200000000000.0,1.476926,72670000000000.0,-1.29393
1982,1.4665,5.185813,6.539895000000005,4317.784,391.8711,497.0295,-262.2746,182.2311,32.76428,49210400000000.0,47864800000000.0,5477587000000.0,0.4764597,3.821129e-06,1.357242e-06,-2.36114e-06,1.392987e-06,4.872405e-06,-6.076469e-06,-4.71039e-06,9.559259e-06,47288120000000.0,5254022000000.0,0.4425306,3.754271e-06,1.315401e-06,-2.337624e-06,1.350216e-06,4.768084e-06,-5.987933e-06,-4.645661e-06,9.372414e-06,41713500000000.0,4148831000000.0,0.312157,3.376927e-06,1.105652e-06,-2.178751e-06,1.135475e-06,4.206524e-06,-5.462102e-06,-4.254273e-06,8.345526e-06,1107113000000.0,498100000000000.0,2.052035,173900000000000.0,-1.827603
1984,1.4683,6.161203,6.484154000000005,4314.338,465.7314,493.1968,-182.2089,-120.0087,-8.276113,78044620000000.0,57380100000000.0,7927667000000.0,0.5037245,6.830346e-06,1.707012e-06,-4.930754e-06,1.770827e-06,7.9776e-06,-1.157468e-05,-9.129978e-06,1.633999e-05,47384230000000.0,6487911000000.0,0.4422192,6.136875e-06,1.510099e-06,-4.452919e-06,1.566568e-06,7.141291e-06,-1.042227e-05,-8.2255e-06,1.46532e-05,23740170000000.0,2553302000000.0,0.2596063,3.431512e-06,7.892517e-07,-2.542841e-06,8.185168e-07,3.930675e-06,-5.880608e-06,-4.651515e-06,8.127173e-06,1518851000000.0,151100000000000.0,2.051528,52740000000000.0,-1.61469
1985,1.4592,6.391596,6.549949000000002,4294.488,481.0661,496.1719,-142.852,137.6968,-69.70375,30468160000000.0,28930330000000.0,2939563000000.0,0.4091525,1.500076e-06,4.205288e-07,-1.041024e-06,4.409718e-07,1.814664e-06,-2.501297e-06,-1.965572e-06,3.657739e-06,28065310000000.0,2778295000000.0,0.378967,1.46023e-06,4.033117e-07,-1.019315e-06,4.231046e-07,1.760073e-06,-2.440796e-06,-1.919267e-06,3.554011e-06,21145090000000.0,1890516000000.0,0.2492952,1.18068e-06,2.972161e-07,-8.524854e-07,3.126222e-07,1.392328e-06,-2.001816e-06,-1.579941e-06,2.841833e-06,795873500000.0,380100000000000.0,1.494689,96660000000000.0,-1.28601
1986,1.4605,6.033819,5.632941999999998,4307.155,455.2708,427.1872,-214.1671,50.07404,-183.4081,29122560000000.0,27873080000000.0,2777734000000.0,0.3982513,1.31488e-06,6.766207e-07,-6.070078e-07,6.937262e-07,1.900793e-06,-1.885827e-06,-1.417096e-06,3.520765e-06,27584740000000.0,2640171000000.0,0.3718948,1.281089e-06,6.502617e-07,-6.003014e-07,6.668497e-07,1.842722e-06,-1.846252e-06,-1.389543e-06,3.420929e-06,21433440000000.0,1820178000000.0,0.2519572,1.056123e-06,4.958231e-07,-5.347362e-07,5.090951e-07,1.477581e-06,-1.561871e-06,-1.185238e-06,2.777957e-06,760377600000.0,301200000000000.0,1.332613,68290000000000.0,-1.147692
1989,1.4623,5.533825,5.694685999999995,4313.433,417.9066,432.1478,-103.4414,72.49576,-312.6351,40752360000000.0,16531620000000.0,1591114000000.0,0.3367291,1.426662e-06,4.712534e-07,-9.210628e-07,4.930821e-07,1.804623e-06,-2.310334e-06,-1.801377e-06,3.561337e-06,15474360000000.0,1400510000000.0,0.3048724,1.327445e-06,4.314608e-07,-8.639327e-07,4.516787e-07,1.6718e-06,-2.15658e-06,-1.682991e-06,3.306183e-06,11149230000000.0,819570200000.0,0.2040764,9.044663e-07,2.770975e-07,-6.052788e-07,2.906236e-07,1.121405e-06,-1.486016e-06,-1.163258e-06,2.234576e-06,527028000000.0,231300000000000.0,1.155704,45480000000000.0,-1.05039
1990,1.4677,5.962576,5.521768000000006,4322.065,451.4133,420.0976,156.4979,-97.68992,-226.9802,29987590000000.0,22394580000000.0,2207895000000.0,0.3680497,1.102704e-06,-3.394042e-07,-1.411606e-06,-3.189327e-07,6.918903e-07,-2.488353e-06,-2.093476e-06,2.042573e-06,20280070000000.0,1945444000000.0,0.3344058,1.025544e-06,-3.097815e-07,-1.306865e-06,-2.908364e-07,6.490485e-07,-2.308262e-06,-1.940988e-06,1.905062e-06,11725920000000.0,937808900000.0,0.205592,6.601477e-07,-1.828098e-07,-8.243409e-07,-1.709202e-07,4.334192e-07,-1.468928e-06,-1.232419e-06,1.241416e-06,706996800000.0,145200000000000.0,1.160143,28660000000000.0,-0.9296252
1991,1.4623,5.036043,4.980047000000003,4322.407,380.9017,378.1045,-73.43871,-303.4161,-590.3351,31813760000000.0,29603130000000.0,2886388000000.0,0.4063082,1.366663e-06,4.856731e-07,-8.487243e-07,5.051673e-07,1.760757e-06,-2.180314e-06,-1.69221e-06,3.44419e-06,28930330000000.0,2704702000000.0,0.3752055,1.329362e-06,4.657891e-07,-8.320899e-07,4.846694e-07,1.705792e-06,-2.127314e-06,-1.652513e-06,3.343117e-06,20664520000000.0,1745906000000.0,0.248915,1.076263e-06,3.469001e-07,-7.033695e-07,3.617535e-07,1.349353e-06,-1.751892e-06,-1.367386e-06,2.674114e-06,823263100000.0,229800000000000.0,1.271695,49720000000000.0,-1.097191
1992,1.4611,5.316053,6.555491999999998,4305.905,400.6636,496.9584,-97.57392,-11.45856,78.69524,83907580000000.0,67856530000000.0,8191551000000.0,0.535219,7.291832e-06,8.197514e-07,-6.252966e-06,8.95121e-07,7.507541e-06,-1.335374e-05,-1.073889e-05,1.641093e-05,64588650000000.0,7487280000000.0,0.4911902,6.998904e-06,7.748236e-07,-6.0129e-06,8.462479e-07,7.191051e-06,-1.28284e-05,-1.031829e-05,1.573525e-05,38541740000000.0,4019012000000.0,0.3043794,5.120484e-06,5.187462e-07,-4.443212e-06,5.66744e-07,5.199493e-06,-9.429392e-06,-7.5916e-06,1.144347e-05,1603450000000.0,218300000000000.0,2.269199,84280000000000.0,-1.923981
1995,1.4726,6.035678,6.429244999999999,4323.365,457.126,489.8934,-575.6264,-126.9742,252.5146,32486550000000.0,29314790000000.0,2759119000000.0,0.4121237,1.263865e-06,1.711531e-06,4.706399e-07,1.72267e-06,2.888464e-06,-7.550937e-07,-3.064835e-07,4.457776e-06,28738110000000.0,2571735000000.0,0.3776236,1.217215e-06,1.617051e-06,4.22081e-07,1.627681e-06,2.750205e-06,-7.583842e-07,-3.263102e-07,4.261395e-06,17684990000000.0,1494262000000.0,0.234767,9.102021e-07,1.093369e-06,2.003129e-07,1.100882e-06,1.939224e-06,-6.823139e-07,-3.59112e-07,3.068392e-06,819055200000.0,169900000000000.0,1.173795,33930000000000.0,-1.01574
1996,1.4726,5.759587,6.351198000000004,4327.161,436.4536,484.081,-91.0808,347.4591,207.9799,92461730000000.0,53439420000000.0,6386108000000.0,0.4903272,5.318459e-06,2.320989e-07,-4.924967e-06,2.923977e-07,5.116613e-06,-1.010859e-05,-8.199745e-06,1.160695e-05,50556000000000.0,5974700000000.0,0.4547712,5.123937e-06,2.19642e-07,-4.7481e-06,2.770101e-07,4.923198e-06,-9.742096e-06,-7.902838e-06,1.117493e-05,41136820000000.0,4190172000000.0,0.3136228,4.168884e-06,1.634734e-07,-3.875296e-06,2.070149e-07,3.980374e-06,-7.938288e-06,-6.440878e-06,9.061577e-06,1237657000000.0,472000000000000.0,2.413313,193800000000000.0,-2.23047
1998,1.469,5.937765000000001,5.510876999999995,4324.756,449.8012,419.506,-414.9382,14.14543,-102.4547,56130610000000.0,49594860000000.0,5426298000000.0,0.4793883,4.00358e-06,2.552152e-06,-1.355775e-06,2.581758e-06,6.238291e-06,-5.241191e-06,-3.814155e-06,1.117018e-05,48345380000000.0,5067185000000.0,0.4458539,3.872464e-06,2.432328e-06,-1.347219e-06,2.460568e-06,5.996463e-06,-5.105367e-06,-3.724943e-06,1.076614e-05,35081630000000.0,3249017000000.0,0.2952638,3.071784e-06,1.777554e-06,-1.218622e-06,1.798046e-06,4.598591e-06,-4.199624e-06,-3.104024e-06,8.378736e-06,1196228000000.0,275700000000000.0,2.002912,93950000000000.0,-1.691
2000,1.4732,5.91416,6.421631999999998,4325.588,448.0865,489.4514,-238.4573,58.53125,-66.01868,34408840000000.0,25278000000000.0,2560770000000.0,0.3822114,1.348772e-06,7.14629e-07,-6.022419e-07,7.319409e-07,1.970196e-06,-1.913777e-06,-1.433075e-06,3.632244e-06,23836290000000.0,2305642000000.0,0.3509688,1.256384e-06,6.536322e-07,-5.72914e-07,6.696333e-07,1.822794e-06,-1.794607e-06,-1.346793e-06,3.370784e-06,14897680000000.0,1211157000000.0,0.2220919,8.200407e-07,3.905672e-07,-4.095816e-07,4.005833e-07,1.152305e-06,-1.206964e-06,-9.145413e-07,2.161951e-06,756317800000.0,303000000000000.0,1.460289,75280000000000.0,-1.22364
2003,1.4861,5.51193,5.299247000000001,4362.64,420.9912,406.5317,240.5099,-52.1525,-267.8819,36523350000000.0,34120490000000.0,3815017000000.0,0.4219843,2.027069e-06,-8.38536e-07,-2.804366e-06,-8.016928e-07,1.048247e-06,-4.785679e-06,-4.057812e-06,3.522003e-06,33063240000000.0,3579163000000.0,0.389239,1.967612e-06,-8.018033e-07,-2.709822e-06,-7.661945e-07,1.029147e-06,-4.633008e-06,-3.926445e-06,3.430089e-06,26911940000000.0,2529014000000.0,0.2677887,1.629273e-06,-6.159691e-07,-2.195217e-06,-5.871813e-07,8.979194e-07,-3.787656e-06,-3.20238e-06,2.884857e-06,882697100000.0,219700000000000.0,1.40239,52420000000000.0,-1.19196
2004,1.4843,5.888391,7.115020999999997,4340.891,447.6985,544.7164,-432.4337,-96.2728,-21.84907,34408840000000.0,24605200000000.0,2559921000000.0,0.377022,1.341069e-06,1.374751e-06,6.102603e-08,1.388545e-06,2.623191e-06,-1.240483e-06,-7.639028e-07,4.283422e-06,22010120000000.0,2245266000000.0,0.3405381,1.252577e-06,1.260553e-06,3.364214e-08,1.273318e-06,2.42622e-06,-1.181973e-06,-7.368057e-07,3.976683e-06,13552080000000.0,1132248000000.0,0.2131408,8.09228e-07,7.453259e-07,-4.689999e-08,7.531689e-07,1.497078e-06,-8.322122e-07,-5.444925e-07,2.498029e-06,757102000000.0,210300000000000.0,1.302412,46600000000000.0,-1.08405
2005,1.4874,5.46216,5.6918319999999945,4362.63,417.1657,436.8036,10.74448,-145.8103,-226.5627,31237070000000.0,27873080000000.0,2676957000000.0,0.3941299,1.32743e-06,7.833424e-08,-1.214189e-06,9.945156e-08,1.316181e-06,-2.508109e-06,-2.033575e-06,2.945523e-06,26527480000000.0,2462580000000.0,0.3631769,1.268653e-06,7.363494e-08,-1.161556e-06,9.371244e-08,1.256337e-06,-2.398177e-06,-1.944623e-06,2.813358e-06,17877220000000.0,1446933000000.0,0.2340518,9.426624e-07,5.006535e-08,-8.672937e-07,6.453123e-08,9.274154e-07,-1.786134e-06,-1.448985e-06,2.083592e-06,802744700000.0,239400000000000.0,1.338301,54510000000000.0,-1.11771
2011,1.4892,5.695475,5.1165810000000045,4368.552,435.691,393.0978,-118.3402,-248.1049,76.09557,36619460000000.0,29699250000000.0,2867209000000.0,0.406545,1.514441e-06,4.50046e-07,-1.026598e-06,4.716419e-07,1.860768e-06,-2.500995e-06,-1.960414e-06,3.723342e-06,26719710000000.0,2457655000000.0,0.3634376,1.377444e-06,4.024694e-07,-9.404745e-07,4.219868e-07,1.685176e-06,-2.281491e-06,-1.789773e-06,3.37905e-06,12398710000000.0,944726100000.0,0.206796,7.505935e-07,2.027462e-07,-5.28712e-07,2.130378e-07,9.00613e-07,-1.25944e-06,-9.913872e-07,1.823055e-06,949485000000.0,94690000000000.0,1.205444,19420000000000.0,-0.948477
2014,1.4979,4.888946,5.627011999999998,4387.143,375.2582,433.8298,185.0588,-273.6976,-47.38768,66030360000000.0,41329050000000.0,5017243000000.0,0.4462385,3.45038e-06,-8.810358e-07,-4.22527e-06,-8.251817e-07,2.315678e-06,-7.595355e-06,-6.356113e-06,6.523439e-06,39887340000000.0,4607234000000.0,0.4134473,3.287596e-06,-8.279451e-07,-4.014096e-06,-7.750463e-07,2.216938e-06,-7.22517e-06,-6.044295e-06,6.225658e-06,30083700000000.0,2780393000000.0,0.2784468,2.423522e-06,-5.675894e-07,-2.915064e-06,-5.299188e-07,1.672821e-06,-5.28211e-06,-4.411194e-06,4.625764e-06,1126630000000.0,144300000000000.0,1.635796,40160000000000.0,-1.34442
2015,1.4986,5.029948,6.753038999999994,4377.669,385.3022,520.3706,-82.90858,-155.1693,-53.32653,46807550000000.0,43924130000000.0,4664211000000.0,0.4566144,2.990528e-06,5.232544e-07,-2.38548e-06,5.614963e-07,3.290838e-06,-5.297531e-06,-4.22782e-06,6.956409e-06,42097960000000.0,4335842000000.0,0.4198802,2.898993e-06,4.996245e-07,-2.319825e-06,5.364306e-07,3.181653e-06,-5.142736e-06,-4.105683e-06,6.734587e-06,28641990000000.0,2730598000000.0,0.2737846,2.31459e-06,3.6606e-07,-1.883755e-06,3.941157e-07,2.503196e-06,-4.137563e-06,-3.309145e-06,5.337692e-06,1121822000000.0,357600000000000.0,1.840867,112000000000000.0,-1.58301
2016,1.5067,5.510988,5.004059000000001,4403.869,424.8968,387.3935,-53.54523,-159.1295,-190.6438,33639920000000.0,30179820000000.0,3347942000000.0,0.4004825,1.788538e-06,3.1989e-07,-1.422119e-06,3.459771e-07,1.984258e-06,-3.164261e-06,-2.525185e-06,4.180595e-06,28449760000000.0,3094405000000.0,0.3701733,1.736882e-06,3.068313e-07,-1.384761e-06,3.320569e-07,1.922783e-06,-3.076581e-06,-2.45593e-06,4.055505e-06,19222810000000.0,1733899000000.0,0.2378739,1.353532e-06,2.202995e-07,-1.097349e-06,2.393478e-07,1.477643e-06,-2.41574e-06,-1.931884e-06,3.138629e-06,857106800000.0,202600000000000.0,1.336826,46080000000000.0,-1.10682
2018,1.5029,5.168241,6.922936999999999,4383.219,396.4545,534.3808,-44.5862,-167.2484,6.548867,47960920000000.0,42578530000000.0,4398131000000.0,0.4494971,2.943656e-06,2.982269e-07,-2.563686e-06,3.381495e-07,3.024722e-06,-5.431501e-06,-4.378049e-06,6.630602e-06,39022310000000.0,3989806000000.0,0.4099793,2.825709e-06,2.815126e-07,-2.465446e-06,3.195391e-07,2.89782e-06,-5.218345e-06,-4.207009e-06,6.35873e-06,24893540000000.0,2261600000000.0,0.2595308,2.138268e-06,1.947689e-07,-1.882657e-06,2.222258e-07,2.170398e-06,-3.965793e-06,-3.200076e-06,4.787159e-06,1114280000000.0,208900000000000.0,1.690415,60080000000000.0,-1.40778
2019,1.5011,7.048442,5.037094000000002,4380.124,541.5711,389.0086,62.09285,144.1796,-252.7133,39887340000000.0,31621530000000.0,3577453000000.0,0.4089844,1.93182e-06,-2.236444e-07,-2.101206e-06,-1.921723e-07,1.574053e-06,-3.986019e-06,-3.294103e-06,3.939067e-06,28834220000000.0,3224283000000.0,0.3703118,1.82255e-06,-2.068337e-07,-1.977997e-06,-1.773446e-07,1.488533e-06,-3.756189e-06,-3.103348e-06,3.719437e-06,19511160000000.0,1872021000000.0,0.2399656,1.320787e-06,-1.379258e-07,-1.42083e-06,-1.17222e-07,1.08857e-06,-2.709439e-06,-2.236125e-06,2.704183e-06,849354300000.0,188800000000000.0,1.366983,43910000000000.0,-1.163
2020,1.5004,5.432476,4.989488999999997,4392.116,417.6891,385.1785,172.2537,32.08517,-292.8763,56611180000000.0,51132680000000.0,6142073000000.0,0.4842114,4.625674e-06,-9.727682e-07,-5.449496e-06,-9.058838e-07,3.288996e-06,-9.966834e-06,-8.303288e-06,8.918571e-06,50075430000000.0,5770925000000.0,0.445691,4.497344e-06,-9.310288e-07,-5.283078e-06,-8.665033e-07,3.21091e-06,-9.675066e-06,-8.057516e-06,8.683477e-06,40464020000000.0,4133420000000.0,0.3070347,3.79887e-06,-7.282931e-07,-4.402265e-06,-6.760662e-07,2.763181e-06,-8.11203e-06,-6.744992e-06,7.38208e-06,1181165000000.0,381300000000000.0,2.130311,138200000000000.0,-1.836988
2021,1.5023,5.347174,4.976408000000004,4396.887,411.5385,384.5269,64.13076,543.765,-352.0058,39599000000000.0,37196140000000.0,3952202000000.0,0.4312002,2.372053e-06,-3.505278e-07,-2.654053e-06,-3.136963e-07,1.850043e-06,-4.970497e-06,-4.119163e-06,4.749946e-06,36331120000000.0,3723580000000.0,0.400498,2.298238e-06,-3.344671e-07,-2.566088e-06,-2.989892e-07,1.796946e-06,-4.810415e-06,-3.985518e-06,4.606238e-06,26911940000000.0,2474338000000.0,0.2682873,1.816456e-06,-2.444472e-07,-2.007272e-06,-2.173397e-07,1.437117e-06,-3.78099e-06,-3.128759e-06,3.65585e-06,957800700000.0,340100000000000.0,1.68811,97680000000000.0,-1.454582
2022,1.5029,5.845537,5.452770000000004,4390.606,449.5072,421.3055,306.8791,-296.7126,-466.9419,29314790000000.0,22682920000000.0,2265421000000.0,0.3691516,1.036754e-06,-6.356048e-07,-1.643463e-06,-6.145021e-07,3.364947e-07,-2.658003e-06,-2.285902e-06,1.605431e-06,21817890000000.0,2084182000000.0,0.3414157,9.923857e-07,-5.988333e-07,-1.56348e-06,-5.787009e-07,3.314368e-07,-2.534583e-06,-2.178391e-06,1.545939e-06,13840430000000.0,1116113000000.0,0.2133518,7.026782e-07,-3.85735e-07,-1.068412e-06,-3.71791e-07,2.719169e-07,-1.755943e-06,-1.503663e-06,1.131287e-06,696592500000.0,112100000000000.0,1.018753,19430000000000.0,-0.836847
2024,1.5029,6.932557,4.9943400000000056,4385.218,533.1981,386.0427,-130.8695,349.1327,-194.8154,39406770000000.0,17300530000000.0,1380024000000.0,0.3339114,5.93487e-07,1.817893e-07,-3.976089e-07,1.912976e-07,7.374499e-07,-9.758321e-07,-7.640639e-07,1.4685e-06,16051050000000.0,1251542000000.0,0.3067266,5.573974e-07,1.673241e-07,-3.767916e-07,1.762083e-07,6.890433e-07,-9.198467e-07,-7.209436e-07,1.375555e-06,12206490000000.0,768675900000.0,0.2059962,4.084063e-07,1.120085e-07,-2.864962e-07,1.183577e-07,4.937461e-07,-6.843727e-07,-5.385917e-07,9.964687e-07,544966800000.0,220600000000000.0,1.115843,41880000000000.0,-1.022
2028,1.513,6.529524,6.904087999999997,4392.605,502.7671,535.3543,-95.6863,52.18589,159.3136,32005980000000.0,28834220000000.0,3006575000000.0,0.3971163,1.488038e-06,2.29634e-07,-1.219758e-06,2.521459e-07,1.615953e-06,-2.669373e-06,-2.137736e-06,3.443406e-06,27584740000000.0,2755555000000.0,0.3630902,1.423197e-06,2.159308e-07,-1.170189e-06,2.373418e-07,1.541459e-06,-2.556633e-06,-2.048125e-06,3.289081e-06,19126700000000.0,1642047000000.0,0.237815,1.069173e-06,1.495091e-07,-8.913551e-07,1.651191e-07,1.143795e-06,-1.932903e-06,-1.550738e-06,2.455905e-06,837922400000.0,184200000000000.0,1.271571,39850000000000.0,-1.05138
2029,1.5098,5.871814,5.3096099999999975,4404.591,452.9804,411.5058,94.46175,-344.1917,-251.1882,101208100000000.0,82369750000000.0,10069370000000.0,0.5591536,9.791931e-06,-4.024572e-07,-9.878348e-06,-2.931e-07,8.560197e-06,-1.942891e-05,-1.590759e-05,2.047639e-05,77179600000000.0,9170942000000.0,0.5131744,9.385594e-06,-3.798867e-07,-9.461266e-06,-2.764078e-07,8.2066e-06,-1.861543e-05,-1.523982e-05,1.962607e-05,37676710000000.0,4235355000000.0,0.2975818,6.225474e-06,-2.289929e-07,-6.246654e-06,-1.666468e-07,5.446563e-06,-1.231829e-05,-1.007727e-05,1.301062e-05,1905212000000.0,248700000000000.0,2.526409,106900000000000.0,-2.178
2030,1.5149,5.868808,6.158631999999996,4407.14,453.0089,478.055,59.83735,-96.21411,-125.1575,65549790000000.0,57956780000000.0,6476288000000.0,0.504303,5.003449e-06,-2.509067e-07,-5.099674e-06,-1.866199e-07,4.354194e-06,-9.979078e-06,-8.182791e-06,1.045546e-05,55553930000000.0,5951412000000.0,0.4585278,4.792843e-06,-2.358411e-07,-4.879855e-06,-1.749589e-07,4.173218e-06,-9.553853e-06,-7.832953e-06,1.001652e-05,37292260000000.0,3729539000000.0,0.2980794,3.684582e-06,-1.65908e-07,-3.73345e-06,-1.218928e-07,3.214846e-06,-7.326579e-06,-6.00272e-06,7.702419e-06,1350973000000.0,279000000000000.0,2.134062,101300000000000.0,-1.828
2031,1.5155,5.795083,6.179416000000003,4410.101,447.5794,479.9401,-137.2941,171.5014,-320.525,34504950000000.0,17204420000000.0,1106986000000.0,0.3338199,5.119306e-07,2.364659e-07,-2.637264e-07,2.444471e-07,7.160009e-07,-7.621817e-07,-5.796997e-07,1.347357e-06,16916080000000.0,1045615000000.0,0.3196096,4.9319e-07,2.26283e-07,-2.555841e-07,2.339587e-07,6.882191e-07,-7.357903e-07,-5.599849e-07,1.296439e-06,8938608000000.0,430018900000.0,0.1853925,2.698158e-07,1.124857e-07,-1.510177e-07,1.165729e-07,3.64835e-07,-4.137172e-07,-3.175055e-07,6.973822e-07,669768000000.0,58080000000000.0,0.9058302,8951000000000.0,-0.762247
2032,1.5149,6.617233,6.935352999999997,4394.666,509.8198,538.1497,-146.1558,-150.9773,86.15712,77083480000000.0,59110150000000.0,6835379000000.0,0.5013084,5.762305e-06,1.19181e-06,-4.405993e-06,1.25025e-06,6.487178e-06,-1.001379e-05,-7.950427e-06,1.353821e-05,55746160000000.0,6249414000000.0,0.4586798,5.505588e-06,1.118491e-06,-4.229164e-06,1.173533e-06,6.17542e-06,-9.587097e-06,-7.615411e-06,1.291099e-05,34697180000000.0,3585387000000.0,0.2894341,4.045661e-06,7.464517e-07,-3.179862e-06,7.834459e-07,4.451475e-06,-7.116912e-06,-5.666958e-06,9.39518e-06,1405048000000.0,278800000000000.0,2.224137,105500000000000.0,-1.924
2036,1.5105,5.293576,5.4115779999999996,4409.438,408.5525,419.5027,-180.8855,-3.469301,-316.0031,32005980000000.0,28834220000000.0,2896583000000.0,0.3945307,1.433667e-06,6.802149e-07,-7.194267e-07,6.993455e-07,2.015815e-06,-2.114197e-06,-1.602996e-06,3.78212e-06,27584740000000.0,2650623000000.0,0.363543,1.363829e-06,6.368051e-07,-6.945456e-07,6.548941e-07,1.906989e-06,-2.021365e-06,-1.535033e-06,3.587063e-06,16435510000000.0,1398418000000.0,0.2251867,9.376909e-07,4.016959e-07,-5.132163e-07,4.136858e-07,1.273555e-06,-1.425431e-06,-1.090922e-06,2.427905e-06,837057400000.0,130300000000000.0,1.198981,26580000000000.0,-0.9622109
2037,1.5111,6.42432,6.151401999999996,4396.655,495.0536,476.8511,-208.791,87.95548,-23.03921,34216610000000.0,33351580000000.0,3522014000000.0,0.4416132,1.785697e-06,7.379001e-07,-1.003486e-06,7.605987e-07,2.396799e-06,-2.740545e-06,-2.103413e-06,4.593593e-06,32486550000000.0,3195471000000.0,0.3853045,1.705107e-06,6.861886e-07,-9.763961e-07,7.076457e-07,2.269524e-06,-2.635053e-06,-2.026607e-06,4.366809e-06,26527480000000.0,2291216000000.0,0.2641307,1.428292e-06,5.321753e-07,-8.599244e-07,5.49557e-07,1.856569e-06,-2.249287e-06,-1.739433e-06,3.612373e-06,847797200000.0,305400000000000.0,1.458436,75780000000000.0,-1.26621
2038,1.5143,6.263505,6.9761340000000045,4395.512,482.4354,541.0725,-354.1254,169.7618,169.98,30372040000000.0,10860890000000.0,896752100000.0,0.2842198,5.026021e-07,4.671467e-07,-2.505997e-08,4.73913e-07,9.376586e-07,-5.136073e-07,-3.348604e-07,1.55954e-06,9899749000000.0,762103000000.0,0.2591787,4.539012e-07,4.168058e-07,-2.768136e-08,4.228927e-07,8.416471e-07,-4.688863e-07,-3.07453e-07,1.403226e-06,4229019000000.0,237480500000.0,0.1447796,2.005482e-07,1.710605e-07,-2.525455e-08,1.736812e-07,3.585415e-07,-2.201843e-07,-1.488387e-07,6.0654e-07,440626300000.0,72680000000000.0,0.9130212,11290000000000.0,-0.700798
2039,1.5168,6.114554,5.347530000000003,4416.11,473.0806,415.7305,-186.8414,-507.6212,-57.07773,29699250000000.0,29699250000000.0,2604371000000.0,0.3815823,1.267211e-06,6.584546e-07,-5.788419e-07,6.738407e-07,1.836248e-06,-1.811626e-06,-1.359546e-06,3.397566e-06,29410900000000.0,2570121000000.0,0.3715381,1.260626e-06,6.520705e-07,-5.787717e-07,6.673544e-07,1.823669e-06,-1.805146e-06,-1.355409e-06,3.376833e-06,27488620000000.0,2112922000000.0,0.2688018,1.149248e-06,5.568087e-07,-5.649304e-07,5.704181e-07,1.623816e-06,-1.6829e-06,-1.272812e-06,3.039155e-06,759112800000.0,513800000000000.0,1.481418,129500000000000.0,-1.356811
2040,1.5168,6.654116,6.959268000000006,4397.266,512.9903,540.3836,-372.034,-458.8012,-208.1038,31140960000000.0,28353650000000.0,2705402000000.0,0.3906224,1.364359e-06,1.384719e-06,4.776266e-08,1.39832e-06,2.654326e-06,-1.27691e-06,-7.917441e-07,4.343801e-06,25758570000000.0,2476998000000.0,0.3558544,1.305349e-06,1.300243e-06,2.124789e-08,1.313137e-06,2.514537e-06,-1.246108e-06,-7.818954e-07,4.130712e-06,17973330000000.0,1537804000000.0,0.2329304,1.007811e-06,9.180435e-07,-6.888442e-08,9.275247e-07,1.853957e-06,-1.047276e-06,-6.887515e-07,3.100839e-06,802691800000.0,247900000000000.0,1.339359,56490000000000.0,-1.12761
2042,1.5282,5.833727,5.189179999999997,4440.052,453.6448,405.3302,-114.3659,-212.7935,-302.7719,36138890000000.0,35658320000000.0,3581539000000.0,0.4253918,1.88856e-06,6.150299e-07,-1.225691e-06,6.395237e-07,2.368721e-06,-3.063969e-06,-2.389467e-06,4.6901e-06,34793290000000.0,3388432000000.0,0.3910348,1.841989e-06,5.902485e-07,-1.204939e-06,6.139986e-07,2.300241e-06,-2.997874e-06,-2.339965e-06,4.564133e-06,26623600000000.0,2420320000000.0,0.2632924,1.55037e-06,4.588994e-07,-1.051425e-06,4.782376e-07,1.896063e-06,-2.56046e-06,-2.006513e-06,3.800417e-06,934961100000.0,249200000000000.0,1.406432,59630000000000.0,-1.24146
2043,1.5193,7.008708,4.928357999999995,4415.571,542.8452,383.6161,109.7791,84.39059,-194.3565,32582670000000.0,26719710000000.0,2760395000000.0,0.3870883,1.458058e-06,-3.215596e-07,-1.738163e-06,-2.963966e-07,1.037105e-06,-3.16139e-06,-2.639002e-06,2.821219e-06,24316860000000.0,2460817000000.0,0.3476304,1.36597e-06,-2.942852e-07,-1.621255e-06,-2.708836e-07,9.780223e-07,-2.954587e-06,-2.465139e-06,2.649175e-06,16819960000000.0,1480906000000.0,0.2262721,1.014226e-06,-2.003856e-07,-1.185165e-06,-1.835227e-07,7.426698e-07,-2.175136e-06,-1.811564e-06,1.982652e-06,765786900000.0,257200000000000.0,1.396736,61120000000000.0,-1.16721
2048,1.534,5.076179,5.069502000000005,4457.709,395.9719,397.0055,0.8006804,142.7484,-106.337,29699250000000.0,27296390000000.0,2544215000000.0,0.3850385,1.282394e-06,-1.16535e-08,-1.259562e-06,9.135649e-09,1.183847e-06,-2.509867e-06,-2.051237e-06,2.756606e-06,26239140000000.0,2352513000000.0,0.3543798,1.232419e-06,-1.10004e-08,-1.210177e-06,8.8724e-09,1.137574e-06,-2.411755e-06,-1.970964e-06,2.648868e-06,17396650000000.0,1434902000000.0,0.2283916,9.501512e-07,-7.725391e-09,-9.317997e-07,7.124967e-09,8.762878e-07,-1.858159e-06,-1.518177e-06,2.040669e-06,782314700000.0,390200000000000.0,1.464887,97250000000000.0,-1.24938
2049,1.5314,6.255294,6.419908,4432.937,485.9001,501.7808,-50.8864,126.8243,8.299387,43828010000000.0,35273860000000.0,3746013000000.0,0.4259479,2.265765e-06,1.461531e-07,-2.05602e-06,1.776416e-07,2.245176e-06,-4.263925e-06,-3.452834e-06,5.019461e-06,34697180000000.0,3564992000000.0,0.3984457,2.208753e-06,1.40278e-07,-2.006305e-06,1.707864e-07,2.185888e-06,-4.158649e-06,-3.367907e-06,4.890057e-06,28353650000000.0,2539896000000.0,0.2686219,1.842053e-06,1.069165e-07,-1.682346e-06,1.313635e-07,1.809755e-06,-3.477331e-06,-2.817552e-06,4.063337e-06,886432200000.0,370100000000000.0,1.702462,107200000000000.0,-1.507
2050,1.5379,7.126662,6.825160999999996,4433.595,554.3287,534.7805,197.9909,175.0366,-106.8783,32198210000000.0,26911940000000.0,2628946000000.0,0.3851778,1.323223e-06,-6.216971e-07,-1.906081e-06,-5.964839e-07,6.137437e-07,-3.199285e-06,-2.72462e-06,2.230564e-06,24797430000000.0,2388469000000.0,0.348546,1.259997e-06,-5.79739e-07,-1.802628e-06,-5.558586e-07,5.962621e-07,-3.034032e-06,-2.58201e-06,2.135617e-06,17781100000000.0,1516747000000.0,0.2318383,9.742855e-07,-4.101641e-07,-1.355314e-06,-3.921579e-07,4.977131e-07,-2.307465e-06,-1.957801e-06,1.687258e-06,760262300000.0,274700000000000.0,1.351404,63160000000000.0,-1.15236
2053,1.534,6.067039000000001,5.312009999999996,4448.5,472.8194,415.9452,23.5147,-197.6258,-214.0561,29026450000000.0,26719710000000.0,2577709000000.0,0.3810025,1.216742e-06,5.001162e-08,-1.134794e-06,6.966517e-08,1.185235e-06,-2.32098e-06,-1.885995e-06,2.678783e-06,25470230000000.0,2412134000000.0,0.3539131,1.177819e-06,4.77151e-08,-1.099112e-06,6.666193e-08,1.146373e-06,-2.247349e-06,-1.826255e-06,2.592012e-06,17300530000000.0,1474507000000.0,0.2276671,9.030575e-07,3.342303e-08,-8.454701e-07,4.753903e-08,8.744684e-07,-1.725823e-06,-1.402837e-06,1.982179e-06,741472000000.0,238000000000000.0,1.254305,50790000000000.0,-1.06227
2055,1.5308,5.902633,5.811491,4439.945,459.0298,454.3014,-264.5202,-56.09151,-572.7014,31140960000000.0,28353650000000.0,2963465000000.0,0.3883369,1.461042e-06,1.036512e-06,-3.923794e-07,1.053008e-06,2.39545e-06,-1.812811e-06,-1.292196e-06,4.199595e-06,27008050000000.0,2778345000000.0,0.3589234,1.413085e-06,9.85746e-07,-3.96114e-07,1.001586e-06,2.299694e-06,-1.769898e-06,-1.266343e-06,4.044403e-06,21241210000000.0,1948498000000.0,0.2465572,1.168885e-06,7.543934e-07,-3.881303e-07,7.670225e-07,1.839685e-06,-1.524419e-06,-1.107762e-06,3.281989e-06,767249800000.0,255900000000000.0,1.316551,57320000000000.0,-1.1286
2056,1.5372,6.534559,4.917379999999996,4453.506,510.1341,385.6665,-99.68183,15.93338,-167.3757,29218680000000.0,23644060000000.0,2440813000000.0,0.3650204,1.178732e-06,3.047188e-07,-8.442684e-07,3.220865e-07,1.403312e-06,-1.992028e-06,-1.571227e-06,2.852464e-06,22106240000000.0,2245507000000.0,0.3357969,1.12525e-06,2.858633e-07,-8.108982e-07,3.023459e-07,1.334301e-06,-1.906578e-06,-1.50484e-06,2.717539e-06,16147160000000.0,1413066000000.0,0.2235659,8.59325e-07,2.004092e-07,-6.367831e-07,2.126043e-07,9.99822e-07,-1.473514e-06,-1.166593e-06,2.055513e-06,686150600000.0,329800000000000.0,1.359089,76260000000000.0,-1.149929
2058,1.5321,5.358295,4.997129999999995,4452.562,417.6214,391.0328,-333.2066,-197.2591,136.8081,42770760000000.0,39791220000000.0,4335845000000.0,0.4345901,2.656812e-06,1.602702e-06,-9.911022e-07,1.628799e-06,4.061074e-06,-3.57203e-06,-2.624972e-06,7.334629e-06,38445630000000.0,4073910000000.0,0.403273,2.591443e-06,1.543934e-06,-9.858655e-07,1.569203e-06,3.941219e-06,-3.503279e-06,-2.579467e-06,7.133907e-06,28449760000000.0,2675076000000.0,0.2689166,2.099629e-06,1.152718e-06,-8.958768e-07,1.172106e-06,3.09152e-06,-2.935458e-06,-2.186638e-06,5.676392e-06,991597300000.0,349800000000000.0,1.723969,102600000000000.0,-1.48104
2059,1.5327,5.114388,6.635111000000001,4442.365,397.5949,518.8236,159.3014,-39.57526,-149.2918,79294100000000.0,36811690000000.0,4123262000000.0,0.4246399,2.759964e-06,-6.92097e-07,-3.369654e-06,-6.459002e-07,1.871458e-06,-6.064592e-06,-5.074412e-06,5.241755e-06,34697180000000.0,3682478000000.0,0.3897593,2.563966e-06,-6.318972e-07,-3.119036e-06,-5.892685e-07,1.748699e-06,-5.622584e-06,-4.702631e-06,4.879188e-06,19318930000000.0,1714176000000.0,0.2378464,1.568699e-06,-3.541841e-07,-1.874969e-06,-3.290649e-07,1.099287e-06,-3.406669e-06,-2.843517e-06,3.013035e-06,1050606000000.0,128700000000000.0,1.511193,33090000000000.0,-1.36719
2063,1.5437,5.433981,7.152093999999998,4456.008,423.8833,561.6641,237.5583,-56.61684,-177.2326,40656250000000.0,37965060000000.0,3994048000000.0,0.4285174,2.284484e-06,-9.09871e-07,-3.124713e-06,-8.68883e-07,1.21476e-06,-5.357367e-06,-4.537011e-06,4.001681e-06,37196140000000.0,3751941000000.0,0.3981954,2.222252e-06,-8.732413e-07,-3.027591e-06,-8.335323e-07,1.192997e-06,-5.199416e-06,-4.401358e-06,3.903731e-06,24989660000000.0,2333396000000.0,0.2570828,1.757221e-06,-6.33227e-07,-2.335876e-06,-6.027468e-07,9.977163e-07,-4.053175e-06,-3.421838e-06,3.1397e-06,969247900000.0,271300000000000.0,1.554223,71740000000000.0,-1.334123
2064,1.5404,6.13335,5.2402239999999995,4460.429,479.3084,411.4435,-119.4256,7.595686,-354.9332,32486550000000.0,30275930000000.0,2942224000000.0,0.3958663,1.475823e-06,4.938308e-07,-9.455251e-07,5.144299e-07,1.868205e-06,-2.382295e-06,-1.855488e-06,3.683836e-06,28834220000000.0,2768766000000.0,0.3696243,1.433562e-06,4.732999e-07,-9.247468e-07,4.932177e-07,1.808021e-06,-2.320366e-06,-1.808618e-06,3.571503e-06,18742240000000.0,1640075000000.0,0.2330209,1.092084e-06,3.276421e-07,-7.368311e-07,3.422626e-07,1.342641e-06,-1.79997e-06,-1.409956e-06,2.685104e-06,845304000000.0,272700000000000.0,1.369506,63540000000000.0,-1.17018
2065,1.558,5.100974000000001,5.182429999999999,4501.087,401.7884,409.8625,178.4199,-227.0254,-11.80624,31333190000000.0,25758570000000.0,2552595000000.0,0.3742701,1.377546e-06,-4.604915e-07,-1.798039e-06,-4.356242e-07,8.238421e-07,-3.143581e-06,-2.649638e-06,2.507879e-06,24316860000000.0,2297293000000.0,0.34283,1.298284e-06,-4.269311e-07,-1.687401e-06,-4.036166e-07,7.831163e-07,-2.955516e-06,-2.489957e-06,2.370056e-06,13744310000000.0,1151375000000.0,0.2101947,8.320071e-07,-2.506807e-07,-1.058021e-06,-2.361917e-07,5.233451e-07,-1.870672e-06,-1.572179e-06,1.539596e-06,761423300000.0,298200000000000.0,1.477684,74970000000000.0,-1.21374
2066,1.56,4.896247,5.077407000000004,4507.553,386.1361,401.9636,131.1412,126.1058,-49.09249,34793290000000.0,31717640000000.0,3523547000000.0,0.4024987,2.045794e-06,-5.118721e-07,-2.495934e-06,-4.782852e-07,1.38626e-06,-4.493442e-06,-3.7593e-06,3.883354e-06,30852620000000.0,3333252000000.0,0.3741075,1.99012e-06,-4.902584e-07,-2.420161e-06,-4.577604e-07,1.355666e-06,-4.363304e-06,-3.649086e-06,3.784521e-06,24797430000000.0,2388117000000.0,0.2542311,1.670663e-06,-3.786964e-07,-1.998004e-06,-3.522695e-07,1.168221e-06,-3.629202e-06,-3.029363e-06,3.205807e-06,813557500000.0,726800000000000.0,1.849495,228700000000000.0,-1.61766
2068,1.5613,5.658744,6.887847999999994,4488.797,444.7774,544.8936,0.2887051,-335.7573,-64.02426,37388370000000.0,28161420000000.0,2898730000000.0,0.3847126,1.575114e-06,1.351034e-07,-1.398482e-06,1.59255e-07,1.602059e-06,-2.933711e-06,-2.370515e-06,3.535187e-06,25758570000000.0,2580859000000.0,0.3518121,1.464323e-06,1.23572e-07,-1.302011e-06,1.45891e-07,1.486915e-06,-2.729247e-06,-2.205625e-06,3.283844e-06,13263740000000.0,1115028000000.0,0.206895,8.408244e-07,6.554276e-08,-7.526452e-07,7.795958e-08,8.471045e-07,-1.57215e-06,-1.271361e-06,1.878241e-06,854417500000.0,214400000000000.0,1.397855,50990000000000.0,-1.165
2070,1.5606,5.074629,5.227268999999995,4505.681,400.1104,413.8335,-75.25171,-216.7142,-192.3189,43539670000000.0,33928270000000.0,3722118000000.0,0.4088018,2.193753e-06,4.819741e-07,-1.654646e-06,5.121943e-07,2.520097e-06,-3.790935e-06,-3.007023e-06,5.213935e-06,31429300000000.0,3403728000000.0,0.3756415,2.085459e-06,4.502103e-07,-1.580732e-06,4.787301e-07,2.387053e-06,-3.611554e-06,-2.866276e-06,4.947559e-06,21914010000000.0,2008593000000.0,0.244391,1.539929e-06,3.063292e-07,-1.192583e-06,3.26606e-07,1.734014e-06,-2.692132e-06,-2.141566e-06,3.623407e-06,905545400000.0,181200000000000.0,1.414911,43620000000000.0,-1.19889
2071,1.5534,5.483311,5.250048999999994,4489.674,430.9865,414.4434,-269.043,-398.5334,-177.2587,56034500000000.0,25085770000000.0,2224091000000.0,0.3718753,1.44407e-06,1.128573e-06,-2.843643e-07,1.146121e-06,2.475102e-06,-1.688015e-06,-1.173922e-06,4.259605e-06,22010120000000.0,1932077000000.0,0.3325351,1.315175e-06,1.005753e-06,-2.809121e-07,1.021591e-06,2.231616e-06,-1.559255e-06,-1.09101e-06,3.856573e-06,12590940000000.0,931455800000.0,0.2053899,8.231633e-07,5.737177e-07,-2.311509e-07,5.83209e-07,1.339588e-06,-1.031208e-06,-7.380165e-07,2.355875e-06,754580000000.0,137100000000000.0,1.213251,28300000000000.0,-1.10385
2073,1.5586,6.555054,5.039025000000004,4492.137,516.1873,398.7008,-83.44418,-83.89899,156.86,32486550000000.0,11341460000000.0,1023756000000.0,0.2855044,4.982654e-07,1.240163e-07,-3.62266e-07,1.324233e-07,5.911734e-07,-8.476492e-07,-6.699469e-07,1.204749e-06,10380320000000.0,902426200000.0,0.261633,4.553447e-07,1.117049e-07,-3.32662e-07,1.193601e-07,5.385323e-07,-7.76233e-07,-6.138296e-07,1.099208e-06,7785239000000.0,506124400000.0,0.1804004,3.023227e-07,6.939687e-08,-2.255523e-07,7.439197e-08,3.525051e-07,-5.200545e-07,-4.122007e-07,7.246154e-07,394115700000.0,129500000000000.0,0.9404199,20720000000000.0,-0.8132
2074,1.5613,5.586604,6.7328670000000015,4490.772,439.2641,532.6865,186.4363,28.61173,62.50926,34408840000000.0,24989660000000.0,2627706000000.0,0.3685735,1.391119e-06,-5.98085e-07,-1.948386e-06,-5.717759e-07,7.004923e-07,-3.30765e-06,-2.808753e-06,2.400388e-06,22394580000000.0,2274418000000.0,0.3340071,1.275569e-06,-5.407346e-07,-1.778782e-06,-5.167117e-07,6.49661e-07,-3.025138e-06,-2.567649e-06,2.208197e-06,5862958000000.0,497108300000.0,0.1570479,4.720704e-07,-1.854205e-07,-6.434086e-07,-1.767375e-07,2.544726e-07,-1.10466e-06,-9.352854e-07,8.3093e-07,859394300000.0,100500000000000.0,1.167337,19960000000000.0,-0.9061
2078,1.5665,5.154735,4.811229999999997,4519.124,407.673,381.9181,308.2803,-291.5807,46.08627,30660390000000.0,26719710000000.0,2693817000000.0,0.3767421,1.424386e-06,-8.938883e-07,-2.275035e-06,-8.654453e-07,4.360649e-07,-3.668692e-06,-3.156926e-06,2.173738e-06,24412970000000.0,2448137000000.0,0.3439236,1.36845e-06,-8.451109e-07,-2.171906e-06,-8.178977e-07,4.322521e-07,-3.510822e-06,-3.019121e-06,2.101497e-06,16723850000000.0,1461062000000.0,0.2238548,1.041112e-06,-5.891251e-07,-1.598035e-06,-5.689353e-07,3.810428e-07,-2.616629e-06,-2.242396e-06,1.650139e-06,759107000000.0,327000000000000.0,1.437951,80000000000000.0,-1.204404
2079,1.5665,4.812866,6.561098999999993,4508.066,379.5724,520.3343,147.2447,-59.31049,-468.663,33736040000000.0,32486550000000.0,3213224000000.0,0.4011136,1.646907e-06,-3.039084e-07,-1.904753e-06,-2.761025e-07,1.230365e-06,-3.512749e-06,-2.92248e-06,3.246574e-06,32198210000000.0,3137165000000.0,0.3878315,1.628992e-06,-2.987612e-07,-1.882143e-06,-2.713048e-07,1.218669e-06,-3.472641e-06,-2.88878e-06,3.212864e-06,25470230000000.0,2143560000000.0,0.2563429,1.358908e-06,-2.299549e-07,-1.550231e-06,-2.07614e-07,1.034057e-06,-2.876959e-06,-2.389743e-06,2.696637e-06,833280100000.0,230100000000000.0,1.351011,52890000000000.0,-1.164533
2080,1.5659,6.510672,5.177377000000006,4504.459,514.0682,410.794,-292.2739,30.93215,-129.0896,54400560000000.0,27776970000000.0,3081794000000.0,0.381758,1.875898e-06,1.197918e-06,-6.346203e-07,1.219752e-06,2.941557e-06,-2.457627e-06,-1.789378e-06,5.254946e-06,26719710000000.0,2871808000000.0,0.3568557,1.794448e-06,1.1278e-06,-6.250213e-07,1.148536e-06,2.795245e-06,-2.368866e-06,-1.729586e-06,5.007929e-06,20472300000000.0,1759842000000.0,0.2381118,1.326832e-06,7.615101e-07,-5.338625e-07,7.761569e-07,1.992221e-06,-1.823243e-06,-1.350341e-06,3.627118e-06,748033700000.0,189200000000000.0,1.370307,44110000000000.0,-1.24146
2082,1.5652,5.608644,6.697348,4498.659,441.7826,530.8009,-132.5727,56.91448,64.23425,28545880000000.0,16051050000000.0,1220769000000.0,0.3181332,6.142583e-07,2.287783e-07,-3.709747e-07,2.387737e-07,8.044347e-07,-9.690519e-07,-7.501124e-07,1.561354e-06,15378250000000.0,1120805000000.0,0.2968915,5.833267e-07,2.144904e-07,-3.550332e-07,2.239533e-07,7.610654e-07,-9.229928e-07,-7.15069e-07,1.47982e-06,8650266000000.0,530285500000.0,0.1794784,3.554679e-07,1.188257e-07,-2.280904e-07,1.244463e-07,4.514307e-07,-5.741898e-07,-4.474392e-07,8.891833e-07,544772600000.0,142400000000000.0,0.9893726,23970000000000.0,-0.8352721
2083,1.5692,4.900408,5.876686999999995,4518.06,387.3667,466.7442,-18.34613,-399.1371,-109.9341,28353650000000.0,26335250000000.0,2672809000000.0,0.38088,1.29318e-06,1.835324e-07,-1.0762e-06,2.030169e-07,1.388149e-06,-2.336493e-06,-1.874216e-06,2.976325e-06,25662460000000.0,2496888000000.0,0.3492132,1.249826e-06,1.742095e-07,-1.043182e-06,1.929347e-07,1.338097e-06,-2.261213e-06,-1.814403e-06,2.872844e-06,19126700000000.0,1701294000000.0,0.2327613,1.025531e-06,1.312348e-07,-8.672227e-07,1.461469e-07,1.084783e-06,-1.866624e-06,-1.499866e-06,2.34332e-06,725009500000.0,451800000000000.0,1.441436,110800000000000.0,-1.24839
2084,1.5665,5.006108,5.672863000000001,4513.797,395.391,450.0948,116.1586,-272.7091,-38.00422,52766620000000.0,49979310000000.0,5173957000000.0,0.4666835,3.452656e-06,-4.889167e-07,-3.83737e-06,-4.372797e-07,2.705322e-06,-7.206917e-06,-5.96783e-06,6.919629e-06,46519210000000.0,4751181000000.0,0.4243031,3.303067e-06,-4.590038e-07,-3.661986e-06,-4.100192e-07,2.595526e-06,-6.885525e-06,-5.699994e-06,6.626561e-06,31044840000000.0,2920331000000.0,0.2743532,2.513501e-06,-3.206438e-07,-2.756462e-06,-2.849645e-07,1.99868e-06,-5.209376e-06,-4.306737e-06,5.06351e-06,1212998000000.0,281000000000000.0,1.860969,88970000000000.0,-1.595321
2085,1.5646,4.801029,5.024234000000004,4516.746,379.3635,398.4874,-259.5622,23.59517,239.4083,33832150000000.0,31140960000000.0,3230849000000.0,0.3984853,1.693656e-06,8.309669e-07,-8.21991e-07,8.519193e-07,2.405121e-06,-2.469137e-06,-1.865145e-06,4.490926e-06,30179820000000.0,3021533000000.0,0.3687225,1.64434e-06,7.955193e-07,-8.091925e-07,8.157472e-07,2.323466e-06,-2.408369e-06,-1.821929e-06,4.348338e-06,21048980000000.0,1889270000000.0,0.2414272,1.304323e-06,5.793038e-07,-6.929795e-07,5.947417e-07,1.789338e-06,-1.961441e-06,-1.49608e-06,3.394459e-06,831152200000.0,193100000000000.0,1.326499,43580000000000.0,-1.11474
2086,1.5652,6.385911,5.191534000000005,4503.702,504.0497,411.7528,-325.4231,246.9201,-225.0266,38541740000000.0,28545880000000.0,3218430000000.0,0.3857731,1.907821e-06,1.202328e-06,-6.615312e-07,1.22328e-06,2.973351e-06,-2.515621e-06,-1.83576e-06,5.326149e-06,26239140000000.0,2897090000000.0,0.3513041,1.802851e-06,1.114257e-06,-6.468417e-07,1.133854e-06,2.787175e-06,-2.398899e-06,-1.756385e-06,5.01016e-06,18742240000000.0,1708052000000.0,0.2312211,1.298844e-06,7.361575e-07,-5.318773e-07,7.495626e-07,1.939069e-06,-1.794069e-06,-1.330964e-06,3.539334e-06,780444300000.0,246600000000000.0,1.478225,62020000000000.0,-1.243
2087,1.5725,5.66875,5.305679000000001,4523.346,448.9984,422.1347,-138.0842,-422.4396,-213.7459,34504950000000.0,32390440000000.0,3382706000000.0,0.4001637,1.881359e-06,7.092546e-07,-1.124842e-06,7.318494e-07,2.453428e-06,-2.955679e-06,-2.283703e-06,4.766532e-06,31909870000000.0,3230686000000.0,0.374466,1.83754e-06,6.826957e-07,-1.108537e-06,7.046246e-07,2.385788e-06,-2.896716e-06,-2.240351e-06,4.644769e-06,24316860000000.0,2310963000000.0,0.2519327,1.543088e-06,5.253576e-07,-9.780439e-07,5.429951e-07,1.953011e-06,-2.479605e-06,-1.92819e-06,3.848637e-06,829195300000.0,465200000000000.0,1.632393,129200000000000.0,-1.43154
2089,1.5824,5.049454,5.380286999999998,4544.843,401.5754,429.7042,-219.1429,-155.7293,-132.2384,30852620000000.0,22875150000000.0,2409550000000.0,0.3566229,1.133262e-06,6.882102e-07,-4.190566e-07,7.03308e-07,1.745286e-06,-1.521057e-06,-1.117375e-06,3.143143e-06,20856750000000.0,2174805000000.0,0.323077,1.071014e-06,6.374015e-07,-4.089464e-07,6.515712e-07,1.636094e-06,-1.45041e-06,-1.068871e-06,2.956999e-06,13840430000000.0,1250605000000.0,0.2085816,7.67147e-07,4.179056e-07,-3.312326e-07,4.277119e-07,1.132141e-06,-1.077195e-06,-8.038003e-07,2.077691e-06,685568200000.0,332800000000000.0,1.280962,72530000000000.0,-1.110814
2093,1.5771,5.0547,5.277507000000004,4535.604,401.1775,420.5951,-18.76299,-116.2715,213.9042,33832150000000.0,28641990000000.0,3102110000000.0,0.3840248,1.611811e-06,3.126206e-08,-1.536987e-06,5.646817e-08,1.531834e-06,-3.108317e-06,-2.531751e-06,3.508198e-06,24893540000000.0,2763271000000.0,0.3448479,1.517222e-06,2.882815e-08,-1.447226e-06,5.238572e-08,1.440799e-06,-2.926336e-06,-2.383553e-06,3.300901e-06,18165560000000.0,1677172000000.0,0.2299447,1.121281e-06,1.96314e-08,-1.070705e-06,3.650015e-08,1.061405e-06,-2.163799e-06,-1.762494e-06,2.43519e-06,803980700000.0,379400000000000.0,1.488616,96090000000000.0,-1.27413
2094,1.5798,5.109285,5.584517999999998,4538.764,405.8153,445.5619,-89.84048,-362.3424,-132.7083,65069220000000.0,30564270000000.0,3218730000000.0,0.3938494,2.4084e-06,6.300837e-07,-1.716767e-06,6.62621e-07,2.868012e-06,-4.061819e-06,-3.201409e-06,5.827365e-06,27008050000000.0,2731065000000.0,0.3540822,2.212469e-06,5.672111e-07,-1.588447e-06,5.968315e-07,2.622206e-06,-3.742703e-06,-2.952208e-06,5.340343e-06,14993790000000.0,1142781000000.0,0.2144446,1.342698e-06,3.182732e-07,-9.892698e-07,3.355664e-07,1.563206e-06,-2.296596e-06,-1.816655e-06,3.211615e-06,981418800000.0,98710000000000.0,1.334389,22410000000000.0,-1.13157
2095,1.5898,4.845065,5.907778999999998,4555.204,386.1195,473.0499,-187.597,-91.13147,18.28164,37003920000000.0,29314790000000.0,3194060000000.0,0.3859347,1.880486e-06,7.113916e-07,-1.121795e-06,7.350483e-07,2.456997e-06,-2.951163e-06,-2.280014e-06,4.769299e-06,28738110000000.0,2985977000000.0,0.3608482,1.819936e-06,6.796381e-07,-1.094392e-06,7.023991e-07,2.368608e-06,-2.864852e-06,-2.215271e-06,4.606231e-06,21145090000000.0,1878147000000.0,0.2388628,1.406963e-06,4.821825e-07,-8.885798e-07,4.990388e-07,1.785534e-06,-2.257272e-06,-1.754857e-06,3.514163e-06,781825400000.0,286800000000000.0,1.541749,75230000000000.0,-1.28601
2096,1.5878,6.060263,5.969806000000006,4541.687,482.1808,477.5999,52.25674,60.62754,268.478,34985520000000.0,34985520000000.0,3335220000000.0,0.4178076,1.752184e-06,-3.097269e-07,-2.011879e-06,-2.805889e-07,1.320692e-06,-3.721952e-06,-3.094083e-06,3.464332e-06,34889410000000.0,3194468000000.0,0.3908181,1.718941e-06,-3.001276e-07,-1.969892e-06,-2.716397e-07,1.299048e-06,-3.647516e-06,-3.031529e-06,3.401858e-06,28353650000000.0,2292095000000.0,0.2636763,1.473955e-06,-2.376345e-07,-1.668851e-06,-2.13797e-07,1.131743e-06,-3.107347e-06,-2.57897e-06,2.933881e-06,904375700000.0,204500000000000.0,1.362057,47390000000000.0,-1.18404
2098,1.5938,7.09588,6.555932999999999,4538.762,565.0012,525.6414,118.8386,-175.1732,197.4293,52189940000000.0,28930330000000.0,2627280000000.0,0.3838844,1.438492e-06,-3.770694e-07,-1.774798e-06,-3.515529e-07,9.647412e-07,-3.17929e-06,-2.663871e-06,2.725076e-06,27680850000000.0,2391427000000.0,0.3547511,1.358021e-06,-3.501791e-07,-1.669602e-06,-3.262088e-07,9.161906e-07,-2.995518e-06,-2.508897e-06,2.577854e-06,13744310000000.0,1070547000000.0,0.2068263,8.157477e-07,-1.898892e-07,-9.819806e-07,-1.75979e-07,5.692503e-07,-1.778418e-06,-1.48596e-06,1.566588e-06,853155500000.0,157100000000000.0,1.319192,35260000000000.0,-1.159
2099,1.5911,6.999363,6.738340000000002,4532.752,556.5008,539.5724,97.78558,-14.20873,-372.4394,33639920000000.0,33255470000000.0,3295789000000.0,0.4007531,1.677556e-06,-1.786425e-07,-1.809566e-06,-1.513177e-07,1.383019e-06,-3.446433e-06,-2.845592e-06,3.437491e-06,32678780000000.0,3149637000000.0,0.3749947,1.642681e-06,-1.728023e-07,-1.769726e-06,-1.461395e-07,1.35609e-06,-3.372555e-06,-2.784178e-06,3.36769e-06,25758570000000.0,2245907000000.0,0.2546922,1.383289e-06,-1.347279e-07,-1.478933e-06,-1.128292e-07,1.15096e-06,-2.82862e-06,-2.332988e-06,2.843975e-06,848014400000.0,225200000000000.0,1.337081,51230000000000.0,-1.15929
2100,1.5864,6.113078,5.972184999999999,4539.918,486.2254,477.6525,155.9198,-286.1942,207.1339,28738110000000.0,27296390000000.0,2607631000000.0,0.3759593,1.246164e-06,-4.153742e-07,-1.626054e-06,-3.927237e-07,7.476509e-07,-2.843349e-06,-2.396608e-06,2.272192e-06,26239140000000.0,2476870000000.0,0.3529919,1.212537e-06,-3.987506e-07,-1.576684e-06,-3.767877e-07,7.326448e-07,-2.761123e-06,-2.326416e-06,2.215917e-06,18165560000000.0,1575547000000.0,0.2274834,9.488988e-07,-2.844607e-07,-1.205826e-06,-2.677291e-07,5.994747e-07,-2.132697e-06,-1.792373e-06,1.759476e-06,753380500000.0,354200000000000.0,1.369344,82520000000000.0,-1.178454
2104,1.6046,4.975947,6.049839999999996,4580.632,398.8157,487.3093,-200.5511,-338.5935,-290.1637,49883200000000.0,28065310000000.0,3625064000000.0,0.3794644,2.384366e-06,1.076583e-06,-1.249188e-06,1.102724e-06,3.284569e-06,-3.567821e-06,-2.716823e-06,6.218568e-06,26239140000000.0,3206441000000.0,0.3472375,2.212051e-06,9.857175e-07,-1.171762e-06,1.00976e-06,3.033459e-06,-3.322814e-06,-2.533255e-06,5.755057e-06,19318930000000.0,1769704000000.0,0.2312496,1.540192e-06,6.409325e-07,-8.604721e-07,6.568881e-07,2.064181e-06,-2.358134e-06,-1.808148e-06,3.957787e-06,760008500000.0,277100000000000.0,1.690109,79680000000000.0,-1.40085
2105,1.6026,4.980943,5.930692000000001,4578.375,399.0215,477.4108,-239.145,-184.4208,50.85904,32486550000000.0,31429300000000.0,3205948000000.0,0.3979178,1.682015e-06,8.53357e-07,-7.880592e-07,8.735042e-07,2.415312e-06,-2.42351e-06,-1.823715e-06,4.486541e-06,30564270000000.0,3024780000000.0,0.3698962,1.634131e-06,8.165059e-07,-7.780597e-07,8.359556e-07,2.333595e-06,-2.366946e-06,-1.784188e-06,4.345648e-06,22875150000000.0,2027232000000.0,0.2445933,1.320317e-06,6.06111e-07,-6.816297e-07,6.212071e-07,1.829871e-06,-1.965362e-06,-1.494322e-06,3.454477e-06,802704300000.0,344900000000000.0,1.486533,87230000000000.0,-1.28007
2106,1.5945,7.052963,6.481390000000004,4540.405,561.7525,519.7529,52.06843,172.81,721.851,30852620000000.0,29314790000000.0,2879291000000.0,0.3861245,1.366866e-06,-4.865572e-07,-1.815924e-06,-4.613342e-07,7.911266e-07,-3.152654e-06,-2.662131e-06,2.465125e-06,29218680000000.0,2754630000000.0,0.3662395,1.340216e-06,-4.727723e-07,-1.776152e-06,-4.480968e-07,7.798093e-07,-3.086801e-06,-2.605831e-06,2.421059e-06,20472300000000.0,1724177000000.0,0.2365487,1.046741e-06,-3.384506e-07,-1.355874e-06,-3.196402e-07,6.382823e-07,-2.379395e-06,-2.003643e-06,1.919251e-06,793258200000.0,218400000000000.0,1.254916,46630000000000.0,-1.06722
2107,1.6053,4.83058,5.946833999999999,4583.076,387.3151,479.1031,-289.4258,-8.622573,18.31685,48057030000000.0,26335250000000.0,3045752000000.0,0.3736252,1.84184e-06,1.090314e-06,-7.082262e-07,1.111683e-06,2.801158e-06,-2.498274e-06,-1.84196e-06,5.071298e-06,24509090000000.0,2717764000000.0,0.3387376,1.716939e-06,9.958369e-07,-6.805379e-07,1.015553e-06,2.590004e-06,-2.349188e-06,-1.737317e-06,4.705849e-06,16723850000000.0,1570841000000.0,0.2202941,1.190455e-06,6.285883e-07,-5.330569e-07,6.415603e-07,1.731673e-06,-1.690002e-06,-1.265537e-06,3.197519e-06,729749900000.0,290100000000000.0,1.491186,73600000000000.0,-1.321407
2110,1.5965,7.109698,6.451051000000001,4544.317,566.8057,517.8086,-114.1226,140.3279,607.7175,32678780000000.0,21145090000000.0,2001671000000.0,0.3441262,9.228909e-07,6.413887e-08,-8.359941e-07,7.948212e-08,9.276773e-07,-1.736458e-06,-1.406439e-06,2.062681e-06,19511160000000.0,1790247000000.0,0.3164571,8.584979e-07,5.871325e-08,-7.785389e-07,7.292146e-08,8.617814e-07,-1.616158e-06,-1.30915e-06,1.917468e-06,10572550000000.0,813534800000.0,0.1898157,5.20272e-07,3.243386e-08,-4.746816e-07,4.079846e-08,5.182882e-07,-9.822464e-07,-7.96132e-07,1.157599e-06,648731500000.0,113300000000000.0,1.043239,20110000000000.0,-0.862884
2114,1.6107,6.824368000000001,6.625646000000005,4571.137,547.047,534.7609,-171.9403,198.0192,369.6649,69106010000000.0,47864800000000.0,4883174000000.0,0.4505357,3.240801e-06,5.54882e-07,-2.597334e-06,5.951887e-07,3.551596e-06,-5.754003e-06,-4.594089e-06,7.523549e-06,46230870000000.0,4578105000000.0,0.4178616,3.123034e-06,5.262046e-07,-2.511153e-06,5.647367e-07,3.413023e-06,-5.553089e-06,-4.435232e-06,7.240106e-06,32294330000000.0,2842262000000.0,0.2742341,2.34968e-06,3.640312e-07,-1.91985e-06,3.916749e-07,2.531662e-06,-4.208419e-06,-3.366969e-06,5.408741e-06,1160243000000.0,213300000000000.0,1.72278,62520000000000.0,-1.568397
2116,1.6128,6.19007,5.762820999999994,4587.264,497.532,465.6651,-216.9164,-229.5645,-190.274,32967120000000.0,27008050000000.0,2871266000000.0,0.3710251,1.572229e-06,8.962151e-07,-6.393975e-07,9.157923e-07,2.359409e-06,-2.168116e-06,-1.607806e-06,4.297712e-06,25470230000000.0,2627501000000.0,0.3419009,1.513218e-06,8.502582e-07,-6.27607e-07,8.689909e-07,2.258178e-06,-2.09894e-06,-1.559627e-06,4.123539e-06,16435510000000.0,1474334000000.0,0.219299,1.130197e-06,5.827914e-07,-5.204618e-07,5.962459e-07,1.632603e-06,-1.61934e-06,-1.216373e-06,3.024878e-06,775671300000.0,251100000000000.0,1.367232,58410000000000.0,-1.13553
2117,1.6155,4.805421,6.309637000000004,4598.385,386.5753,510.2429,-313.5119,-312.7986,-418.4502,44789150000000.0,39695110000000.0,4531252000000.0,0.4227399,2.738746e-06,1.850154e-06,-8.263875e-07,1.875388e-06,4.384799e-06,-3.486591e-06,-2.510615e-06,7.763699e-06,38733970000000.0,4238567000000.0,0.3943384,2.646545e-06,1.766833e-06,-8.193963e-07,1.791024e-06,4.21551e-06,-3.390019e-06,-2.446845e-06,7.480305e-06,23355720000000.0,2316207000000.0,0.2454458,1.827858e-06,1.12689e-06,-6.58278e-07,1.14262e-06,2.814874e-06,-2.433588e-06,-1.781896e-06,5.067955e-06,1023737000000.0,299100000000000.0,1.660709,84510000000000.0,-1.41966
2118,1.6053,5.133157,5.824712,4582.626,411.6617,469.3655,-436.1559,-450.6021,159.0796,34216610000000.0,34216610000000.0,3584627000000.0,0.4256117,2.037202e-06,1.684398e-06,-3.083219e-07,1.700665e-06,3.567796e-06,-2.285666e-06,-1.560256e-06,6.084286e-06,33255470000000.0,3345066000000.0,0.3748963,1.976368e-06,1.59619e-06,-3.36768e-07,1.611744e-06,3.422583e-06,-2.255025e-06,-1.551218e-06,5.863492e-06,28641990000000.0,2595732000000.0,0.2627483,1.729904e-06,1.297151e-06,-3.939681e-07,1.310045e-06,2.893384e-06,-2.072901e-06,-1.456665e-06,5.028549e-06,825304500000.0,590100000000000.0,1.726135,173300000000000.0,-1.55034
2119,1.6073,5.260673,7.012112000000002,4574.199,421.1691,565.0024,-122.0691,-27.45371,-52.22012,39599000000000.0,32678780000000.0,3550673000000.0,0.3965248,2.025652e-06,5.129289e-07,-1.459931e-06,5.400864e-07,2.393651e-06,-3.431798e-06,-2.708191e-06,4.881185e-06,30275930000000.0,3298547000000.0,0.3665448,1.945583e-06,4.847288e-07,-1.409981e-06,5.106365e-07,2.29055e-06,-3.303902e-06,-2.608841e-06,4.679466e-06,23355720000000.0,2070448000000.0,0.2453184,1.470694e-06,3.379091e-07,-1.093631e-06,3.567593e-07,1.700621e-06,-2.525256e-06,-1.999616e-06,3.50522e-06,838864300000.0,257300000000000.0,1.499674,65650000000000.0,-1.277387
2120,1.6114,6.193769,5.627632000000006,4587.156,497.8199,454.6622,-1.083733,-251.744,218.6494,37003920000000.0,36138890000000.0,3743990000000.0,0.4162553,2.026062e-06,2.623905e-08,-1.943787e-06,5.649542e-08,1.907947e-06,-3.919188e-06,-3.193858e-06,4.389934e-06,35369980000000.0,3534963000000.0,0.3823779,1.970132e-06,2.509238e-08,-1.890387e-06,5.434716e-08,1.854322e-06,-3.811246e-06,-3.105889e-06,4.267513e-06,28065310000000.0,2543798000000.0,0.2613568,1.66181e-06,1.957969e-08,-1.595416e-06,4.352357e-08,1.560196e-06,-3.215623e-06,-2.620428e-06,3.594498e-06,887571100000.0,457900000000000.0,1.621192,126300000000000.0,-1.44144
2124,1.6258,6.63984,5.068706000000001,4612.362,536.9188,411.8657,-77.81187,60.02576,197.7786,65165340000000.0,51613250000000.0,6364622000000.0,0.458774,4.973403e-06,3.649822e-07,-4.461275e-06,4.235187e-07,4.942343e-06,-9.306721e-06,-7.523713e-06,1.101873e-05,48537600000000.0,5829391000000.0,0.4220949,4.740664e-06,3.426131e-07,-4.257232e-06,3.978222e-07,4.703906e-06,-8.875907e-06,-7.176152e-06,1.049496e-05,32967120000000.0,3506608000000.0,0.2771597,3.51512e-06,2.345542e-07,-3.173823e-06,2.730365e-07,3.460615e-06,-6.598409e-06,-5.33729e-06,7.750518e-06,1213944000000.0,246300000000000.0,2.007174,84110000000000.0,-1.70082
2125,1.6169,5.176529,4.938876999999998,4609.37,417.5818,399.9444,-282.6254,-434.5645,2.733047,38061170000000.0,34793290000000.0,3583064000000.0,0.4068457,2.086455e-06,1.245474e-06,-7.918426e-07,1.266878e-06,3.177982e-06,-2.81957e-06,-2.075589e-06,5.749132e-06,33447700000000.0,3361206000000.0,0.3751422,2.026627e-06,1.190405e-06,-7.883052e-07,1.211016e-06,3.066913e-06,-2.757868e-06,-2.03517e-06,5.564014e-06,25181890000000.0,2336072000000.0,0.2540682,1.680907e-06,9.072385e-07,-7.330404e-07,9.234812e-07,2.460847e-06,-2.366534e-06,-1.76687e-06,4.530447e-06,883053800000.0,462300000000000.0,1.707473,134300000000000.0,-1.495865
2126,1.6279,6.970573,6.902842999999998,4597.003,562.0446,560.6741,-16.12003,-93.9315,42.14515,33063240000000.0,21914010000000.0,2186047000000.0,0.3479016,1.004417e-06,5.872305e-08,-9.198094e-07,7.552162e-08,9.976801e-07,-1.898769e-06,-1.539992e-06,2.231526e-06,20952870000000.0,2029905000000.0,0.3237281,9.616976e-07,5.540185e-08,-8.814535e-07,7.142363e-08,9.542259e-07,-1.818776e-06,-1.475238e-06,2.135493e-06,13455970000000.0,1106779000000.0,0.2034361,6.663056e-07,3.479351e-08,-6.140061e-07,4.558265e-08,6.565483e-07,-1.263417e-06,-1.025301e-06,1.474473e-06,646244100000.0,233600000000000.0,1.156906,45980000000000.0,-1.00408
2127,1.6272,4.834005,5.951247000000006,4623.129,390.9783,483.6539,-88.28875,-200.5287,-310.5269,31044840000000.0,28545880000000.0,2695748000000.0,0.3790887,1.30513e-06,4.153059e-07,-8.577098e-07,4.341166e-07,1.631965e-06,-2.128534e-06,-1.662666e-06,3.237805e-06,26719710000000.0,2469092000000.0,0.3460908,1.250697e-06,3.90639e-07,-8.291731e-07,4.085576e-07,1.556205e-06,-2.046985e-06,-1.600516e-06,3.094883e-06,17012190000000.0,1430296000000.0,0.2211474,9.415619e-07,2.686277e-07,-6.492373e-07,2.816756e-07,1.14467e-06,-1.566008e-06,-1.229761e-06,2.302269e-06,800711900000.0,286700000000000.0,1.327642,64760000000000.0,-1.14246
2128,1.6307,6.863968,5.262839999999999,4617.2,555.7967,428.3748,20.11658,-118.4516,175.7774,29122560000000.0,24797430000000.0,2441534000000.0,0.3599497,1.154731e-06,-5.978034e-08,-1.183527e-06,-4.045333e-08,1.01787e-06,-2.309642e-06,-1.896645e-06,2.434135e-06,23355720000000.0,2251018000000.0,0.3332739,1.102327e-06,-5.615276e-08,-1.128819e-06,-3.778946e-08,9.723153e-07,-2.203825e-06,-1.809544e-06,2.324165e-06,15089910000000.0,1259334000000.0,0.2103694,7.75039e-07,-3.59736e-08,-7.897886e-07,-2.344864e-08,6.859069e-07,-1.545605e-06,-1.268268e-06,1.635748e-06,712926100000.0,272200000000000.0,1.292559,59860000000000.0,-1.089
2129,1.63,6.330232,7.196752999999996,4603.946,510.7394,584.9149,-318.3519,324.5142,280.8817,41425160000000.0,35466090000000.0,3770531000000.0,0.4065225,2.404567e-06,1.048226e-06,-1.297085e-06,1.075173e-06,3.275601e-06,-3.63601e-06,-2.777543e-06,6.234017e-06,33543810000000.0,3452760000000.0,0.3741942,2.304293e-06,9.891394e-07,-1.258134e-06,1.014736e-06,3.12289e-06,-3.499499e-06,-2.676765e-06,5.957534e-06,20280070000000.0,1909468000000.0,0.2325991,1.659945e-06,6.476772e-07,-9.700605e-07,6.65011e-07,2.181174e-06,-2.584573e-06,-1.991574e-06,4.221219e-06,933822200000.0,274800000000000.0,1.671957,78170000000000.0,-1.38402
2130,1.6383,5.130071,5.763635999999998,4641.993,416.7426,470.4245,-353.5965,-330.6626,-12.65331,32486550000000.0,29795360000000.0,3173879000000.0,0.3827973,1.615579e-06,1.319875e-06,-2.60663e-07,1.336832e-06,2.821346e-06,-1.829691e-06,-1.254715e-06,4.817608e-06,27584740000000.0,2921402000000.0,0.3494243,1.552474e-06,1.246057e-06,-2.726004e-07,1.262214e-06,2.688428e-06,-1.780326e-06,-1.22777e-06,4.606468e-06,20376180000000.0,1894324000000.0,0.2350745,1.231472e-06,9.126215e-07,-2.9146e-07,9.248979e-07,2.054981e-06,-1.487381e-06,-1.048919e-06,3.575458e-06,810135800000.0,290300000000000.0,1.383459,68330000000000.0,-1.17711
2131,1.6348,5.033935,5.754599000000003,4636.827,408.4372,469.0892,-478.8592,-184.0162,219.54,28738110000000.0,22971260000000.0,2286211000000.0,0.352052,1.023454e-06,1.231682e-06,2.277819e-07,1.24236e-06,2.186445e-06,-7.655325e-07,-4.020266e-07,3.455624e-06,20760640000000.0,2017106000000.0,0.3175648,9.535904e-07,1.126114e-06,1.908364e-07,1.13598e-06,2.015424e-06,-7.346559e-07,-3.959429e-07,3.197808e-06,8361924000000.0,721546400000.0,0.1727742,5.12788e-07,5.4983e-07,4.716619e-08,5.548892e-07,1.027223e-06,-4.504708e-07,-2.682643e-07,1.662575e-06,709812000000.0,124100000000000.0,1.041017,21980000000000.0,-0.849123
2132,1.6348,4.927035,5.753110000000006,4637.498,399.7782,468.9587,-325.4119,-3.311934,86.4582,82273640000000.0,78140740000000.0,8689251000000.0,0.5265682,8.316621e-06,2.887788e-06,-5.191369e-06,2.934203e-06,1.046234e-05,-1.327008e-05,-1.029281e-05,2.063891e-05,76122340000000.0,8193055000000.0,0.4904352,8.087839e-06,2.772221e-06,-5.083762e-06,2.816404e-06,1.013536e-05,-1.29402e-05,-1.004452e-05,2.003035e-05,55553930000000.0,5246363000000.0,0.3242674,6.361628e-06,2.014908e-06,-4.159438e-06,2.044583e-06,7.790329e-06,-1.033886e-05,-8.059584e-06,1.55647e-05,1593290000000.0,371600000000000.0,2.741099,173300000000000.0,-2.356
2133,1.6369,6.104609,5.222114000000007,4636.692,495.8968,426.1933,-83.15912,-31.86732,-24.11141,42386300000000.0,36138890000000.0,4207367000000.0,0.4063556,2.451659e-06,3.952094e-07,-1.990357e-06,4.286465e-07,2.669289e-06,-4.377978e-06,-3.501403e-06,5.676071e-06,34024380000000.0,3854768000000.0,0.3742747,2.338877e-06,3.714592e-07,-1.904165e-06,4.031459e-07,2.540252e-06,-4.181947e-06,-3.345627e-06,5.408366e-06,20760640000000.0,2021247000000.0,0.2356967,1.572833e-06,2.322905e-07,-1.297306e-06,2.528567e-07,1.688392e-06,-2.829039e-06,-2.266398e-06,3.615901e-06,1010443000000.0,169900000000000.0,1.43533,41490000000000.0,-1.189
2136,1.6341,5.717207,5.782622999999999,4629.361,463.4758,471.1586,-365.3266,164.6633,161.1688,30083700000000.0,22586810000000.0,2487592000000.0,0.3502091,1.232488e-06,9.745147e-07,-2.311672e-07,9.892248e-07,2.123068e-06,-1.428787e-06,-9.901272e-07,3.645831e-06,20568410000000.0,2234362000000.0,0.3168724,1.163238e-06,9.016798e-07,-2.361419e-07,9.154524e-07,1.985334e-06,-1.366459e-06,-9.524144e-07,3.422338e-06,14609340000000.0,1353179000000.0,0.2122731,8.831677e-07,6.32113e-07,-2.313788e-07,6.42206e-07,1.453665e-06,-1.089516e-06,-7.750544e-07,2.544034e-06,648467200000.0,274300000000000.0,1.255022,58570000000000.0,-1.06029
2138,1.6327,6.403524,7.168105,4608.49,517.212,583.2202,-207.5381,-427.8041,103.2952,35081630000000.0,27584740000000.0,2913383000000.0,0.3713214,1.647144e-06,8.139375e-07,-7.941297e-07,8.342249e-07,2.345219e-06,-2.396371e-06,-1.808854e-06,4.374431e-06,25278000000000.0,2618027000000.0,0.339364,1.557509e-06,7.570977e-07,-7.633084e-07,7.76134e-07,2.204569e-06,-2.278343e-06,-1.722756e-06,4.123093e-06,16243280000000.0,1434856000000.0,0.2155862,1.110621e-06,4.945491e-07,-5.889964e-07,5.07523e-07,1.524747e-06,-1.669273e-06,-1.272922e-06,2.891738e-06,783406500000.0,260800000000000.0,1.460842,64820000000000.0,-1.20186
2140,1.6418,5.382425,5.711147999999999,4646.796,437.8135,466.7832,-7.598507,-249.4599,-23.02948,37292260000000.0,36523350000000.0,3757301000000.0,0.4228075,2.086097e-06,1.326724e-07,-1.89612e-06,1.62929e-07,2.069221e-06,-3.929228e-06,-3.182735e-06,4.625588e-06,36138890000000.0,3494528000000.0,0.3839246,2.015386e-06,1.257971e-07,-1.834033e-06,1.548275e-07,1.996064e-06,-3.798217e-06,-3.076965e-06,4.465445e-06,25374110000000.0,2335908000000.0,0.249264,1.638366e-06,9.367124e-08,-1.498716e-06,1.16421e-07,1.61136e-06,-3.095425e-06,-2.508833e-06,3.617381e-06,916736000000.0,349100000000000.0,1.587514,94290000000000.0,-1.37808
2142,1.6439,5.220288,5.679830000000005,4651.573,424.9871,464.5618,-336.5975,-175.5793,319.1292,53631650000000.0,45461950000000.0,5257248000000.0,0.4378576,3.655103e-06,1.84944e-06,-1.715567e-06,1.883323e-06,5.222731e-06,-5.267351e-06,-3.96297e-06,9.72007e-06,43059100000000.0,4829423000000.0,0.4036726,3.505306e-06,1.746454e-06,-1.672067e-06,1.778572e-06,4.980277e-06,-5.078261e-06,-3.827223e-06,9.292641e-06,25470230000000.0,2670233000000.0,0.2494011,2.52209e-06,1.145983e-06,-1.311871e-06,1.167308e-06,3.466968e-06,-3.762526e-06,-2.861852e-06,6.566618e-06,1123365000000.0,249000000000000.0,1.797278,76140000000000.0,-1.5147
2143,1.6488,6.594302,7.146931000000003,4636.141,535.9525,585.1901,-231.218,-11.69811,204.8489,30372040000000.0,27584740000000.0,3161993000000.0,0.3739759,1.640434e-06,6.760755e-07,-9.237076e-07,6.966105e-07,2.199458e-06,-2.519524e-06,-1.934139e-06,4.217576e-06,26815820000000.0,2957224000000.0,0.3445141,1.583791e-06,6.418381e-07,-9.025672e-07,6.615241e-07,2.112168e-06,-2.443274e-06,-1.878058e-06,4.060363e-06,21433440000000.0,2045637000000.0,0.2352342,1.297011e-06,4.858441e-07,-7.783392e-07,5.013815e-07,1.688061e-06,-2.040039e-06,-1.576987e-06,3.282497e-06,711962000000.0,527600000000000.0,1.569669,140900000000000.0,-1.34739
2144,1.6467,5.42621,5.640032999999996,4655.709,442.243,461.8505,-214.9796,-434.5074,395.5431,33736040000000.0,32967120000000.0,3164348000000.0,0.3947769,1.680129e-06,7.369007e-07,-9.030842e-07,7.578318e-07,2.298553e-06,-2.538418e-06,-1.938607e-06,4.36759e-06,32582670000000.0,3066984000000.0,0.3788713,1.654622e-06,7.199839e-07,-8.95031e-07,7.405323e-07,2.257711e-06,-2.505526e-06,-1.914805e-06,4.295216e-06,24220740000000.0,1996984000000.0,0.2461554,1.323902e-06,5.287852e-07,-7.627448e-07,5.446045e-07,1.757091e-06,-2.051238e-06,-1.578422e-06,3.386199e-06,824507800000.0,240200000000000.0,1.405785,57450000000000.0,-1.203979
2145,1.6411,6.259583,5.006268999999999,4644.024,509.3893,409.2513,-60.75179,-196.9434,-19.06543,59975180000000.0,45077500000000.0,5392620000000.0,0.4363127,3.694786e-06,4.914343e-07,-3.099713e-06,5.37807e-07,3.905412e-06,-6.698305e-06,-5.375717e-06,8.429627e-06,42290190000000.0,4993095000000.0,0.4042694,3.533247e-06,4.62657e-07,-2.971117e-06,5.066189e-07,3.726155e-06,-6.412364e-06,-5.147479e-06,8.051933e-06,27873080000000.0,2843872000000.0,0.2574719,2.497426e-06,2.991973e-07,-2.126302e-06,3.285731e-07,2.60057e-06,-4.558648e-06,-3.664042e-06,5.655367e-06,1090875000000.0,225100000000000.0,1.748404,66960000000000.0,-1.51173
2146,1.6467,5.388098,5.654167999999997,4654.628,439.0164,462.8788,-356.7291,-112.3472,144.5776,44981380000000.0,29218680000000.0,2486828000000.0,0.3786555,1.65446e-06,1.126201e-06,-4.907538e-07,1.14366e-06,2.661774e-06,-2.097772e-06,-1.508608e-06,4.703361e-06,26239140000000.0,2097859000000.0,0.3415542,1.4985e-06,1.004487e-06,-4.598987e-07,1.020156e-06,2.394839e-06,-1.91542e-06,-1.38175e-06,4.243721e-06,768912500000.0,60709030000.0,0.07883326,1.529859e-07,9.28135e-08,-5.658465e-08,9.430836e-08,2.344188e-07,-2.051766e-07,-1.506606e-07,4.229934e-07,1219295000000.0,48660000000000.0,1.219975,10100000000000.0,-0.902384
2150,1.6509,5.678402,6.660460000000005,4651.695,462.53,545.8731,114.276,113.7527,311.996,33832150000000.0,32582670000000.0,3267743000000.0,0.3899623,1.628997e-06,-5.759276e-07,-2.15798e-06,-5.461092e-07,9.440083e-07,-3.749382e-06,-3.165277e-06,2.935968e-06,30275930000000.0,3005700000000.0,0.3576513,1.568467e-06,-5.463993e-07,-2.069552e-06,-5.178038e-07,9.166908e-07,-3.601813e-06,-3.039378e-06,2.834441e-06,16435510000000.0,1554677000000.0,0.2166959,1.097457e-06,-3.482923e-07,-1.413483e-06,-3.288562e-07,6.736053e-07,-2.485568e-06,-2.09186e-06,2.014505e-06,881035300000.0,155400000000000.0,1.216373,32160000000000.0,-1.0143
2152,1.6572,6.562769,5.272243000000004,4666.831,536.8979,433.4892,-261.8995,-128.8262,-88.40318,40367910000000.0,35658320000000.0,3951826000000.0,0.4008683,2.436735e-06,1.214622e-06,-1.161865e-06,1.240066e-06,3.468659e-06,-3.530108e-06,-2.660815e-06,6.466816e-06,34024380000000.0,3725148000000.0,0.3742388,2.36914e-06,1.16527e-06,-1.145108e-06,1.189817e-06,3.356168e-06,-3.447648e-06,-2.602409e-06,6.270831e-06,23547950000000.0,2376107000000.0,0.2430189,1.860149e-06,8.346337e-07,-9.78271e-07,8.527756e-07,2.551201e-06,-2.786083e-06,-2.122081e-06,4.837737e-06,894310600000.0,391200000000000.0,1.717312,114300000000000.0,-1.47411
2153,1.6707,6.023199,5.397788000000001,4694.219,495.304,446.0137,-185.0898,-204.3941,-139.8456,46326980000000.0,44308580000000.0,5161840000000.0,0.4354637,3.646611e-06,1.169803e-06,-2.37795e-06,1.205299e-06,4.525747e-06,-5.924423e-06,-4.620433e-06,8.997119e-06,43155220000000.0,4856265000000.0,0.4006361,3.551824e-06,1.122008e-06,-2.333174e-06,1.156217e-06,4.389556e-06,-5.787448e-06,-4.517238e-06,8.744085e-06,35177750000000.0,3545576000000.0,0.2758872,3.032016e-06,8.885064e-07,-2.059397e-06,9.160439e-07,3.672531e-06,-5.008074e-06,-3.923233e-06,7.386952e-06,1005362000000.0,705600000000000.0,2.20994,265300000000000.0,-1.93149
2154,1.67,6.012188,5.258893999999994,4694.041,494.3732,434.4462,-169.5723,-56.18696,57.76133,76314570000000.0,66991500000000.0,7883088000000.0,0.4941373,6.726793e-06,1.402063e-06,-5.127144e-06,1.461376e-06,7.559892e-06,-1.167187e-05,-9.261495e-06,1.578147e-05,64876990000000.0,7414005000000.0,0.4594026,6.525744e-06,1.341191e-06,-4.992144e-06,1.397965e-06,7.312547e-06,-1.134124e-05,-9.00266e-06,1.528712e-05,43059100000000.0,4617663000000.0,0.2947402,5.044132e-06,9.488003e-07,-3.942635e-06,9.885116e-07,5.551195e-06,-8.850099e-06,-7.041132e-06,1.170821e-05,1440317000000.0,416900000000000.0,2.462991,174700000000000.0,-2.16513
2160,1.6814,7.160921000000001,5.099666000000004,4705.011,591.1212,423.1843,-314.666,120.7632,-47.60168,28257540000000.0,24989660000000.0,2643436000000.0,0.3528794,1.317794e-06,8.723664e-07,-4.153129e-07,8.879116e-07,2.098101e-06,-1.695963e-06,-1.226612e-06,3.723813e-06,23836290000000.0,2466488000000.0,0.3278742,1.270819e-06,8.281406e-07,-4.135389e-07,8.430346e-07,2.009866e-06,-1.648531e-06,-1.195882e-06,3.577457e-06,16147160000000.0,1505061000000.0,0.2115313,9.831129e-07,5.876471e-07,-3.72472e-07,5.987183e-07,1.500376e-06,-1.327842e-06,-9.775322e-07,2.712291e-06,684466700000.0,305100000000000.0,1.336577,69380000000000.0,-1.12662
2162,1.685,5.007155,7.189391999999999,4711.086,412.7594,596.539,-9.459046,54.64994,115.1955,71989440000000.0,66607050000000.0,7706284000000.0,0.4886847,6.673597e-06,-7.850344e-08,-6.537209e-06,-6.597781e-09,6.026761e-06,-1.304293e-05,-1.064435e-05,1.414976e-05,64108080000000.0,7320332000000.0,0.4551063,6.513272e-06,-7.558281e-08,-6.378443e-06,-6.130897e-09,5.880723e-06,-1.272785e-05,-1.038666e-05,1.380739e-05,46999780000000.0,5036978000000.0,0.301929,5.302428e-06,-5.644623e-08,-5.183613e-06,-4.122949e-09,4.779291e-06,-1.03525e-05,-8.445205e-06,1.122542e-05,1393419000000.0,562800000000000.0,2.587909,247800000000000.0,-2.313
2163,1.6915,6.504635000000001,6.460071000000006,4716.909,537.8104,537.5547,219.7786,-272.1719,300.7293,41713500000000.0,22298460000000.0,2174669000000.0,0.3400757,1.360446e-06,-6.830538e-07,-2.003628e-06,-6.569121e-07,5.873859e-07,-3.333894e-06,-2.845568e-06,2.249562e-06,20664520000000.0,1949362000000.0,0.3116347,1.27947e-06,-6.308155e-07,-1.872662e-06,-6.063521e-07,5.636097e-07,-3.123733e-06,-2.664439e-06,2.126641e-06,11245350000000.0,877537100000.0,0.1911244,8.533259e-07,-3.814324e-07,-1.209192e-06,-3.655842e-07,4.136687e-07,-2.043528e-06,-1.737075e-06,1.455318e-06,676535400000.0,385900000000000.0,1.391804,91380000000000.0,-1.271254
2164,1.6901,5.306907,6.406568,4725.448,438.9411,532.8765,126.0551,215.1621,456.5225,46423090000000.0,31237070000000.0,4023407000000.0,0.3800456,2.662806e-06,-9.02588e-07,-3.483945e-06,-8.568966e-07,1.569317e-06,-6.086807e-06,-5.129921e-06,4.816939e-06,28738110000000.0,3619493000000.0,0.3485571,2.503307e-06,-8.367816e-07,-3.26328e-06,-7.94065e-07,1.486297e-06,-5.710211e-06,-4.810572e-06,4.538987e-06,22394580000000.0,2181843000000.0,0.2365374,1.86176e-06,-5.79191e-07,-2.382874e-06,-5.483803e-07,1.145463e-06,-4.202618e-06,-3.533258e-06,3.414197e-06,791859800000.0,215400000000000.0,1.573915,57680000000000.0,-1.30185
2170,1.6908,5.661073,4.953171000000004,4735.966,469.4628,412.4548,91.96033,36.44737,-6.559495,41425160000000.0,28834220000000.0,3423628000000.0,0.3691788,2.321338e-06,-4.088565e-07,-2.662444e-06,-3.709104e-07,1.748034e-06,-4.927826e-06,-4.095749e-06,4.585598e-06,24701320000000.0,2916283000000.0,0.3297392,2.158322e-06,-3.728904e-07,-2.467973e-06,-3.37873e-07,1.631701e-06,-4.574263e-06,-3.800534e-06,4.26957e-06,14609340000000.0,1367327000000.0,0.2048713,1.359301e-06,-2.172605e-07,-1.536046e-06,-1.959416e-07,1.042905e-06,-2.86256e-06,-2.375036e-06,2.703034e-06,810241600000.0,342800000000000.0,1.648752,96160000000000.0,-1.378817
2172,1.6959,7.105944,5.934686999999996,4724.116,588.9175,494.8818,121.6136,-0.07923153,422.3481,81504730000000.0,45077500000000.0,5735507000000.0,0.4292772,4.905096e-06,-1.14317e-06,-5.890407e-06,-1.070672e-06,3.378654e-06,-1.068206e-05,-8.917575e-06,9.348105e-06,42578530000000.0,5247541000000.0,0.394886,4.660427e-06,-1.065836e-06,-5.575589e-06,-9.976668e-07,3.228178e-06,-1.012818e-05,-8.451498e-06,8.898689e-06,29507020000000.0,3142065000000.0,0.2574387,3.45026e-06,-7.189962e-07,-4.055006e-06,-6.713379e-07,2.451113e-06,-7.425262e-06,-6.183098e-06,6.644529e-06,1050756000000.0,455600000000000.0,2.264098,175500000000000.0,-2.04336
2173,1.709,6.499069,6.222004999999997,4749.315,541.0379,521.1353,160.6177,-61.31072,218.378,30756500000000.0,27776970000000.0,2929505000000.0,0.3647259,1.515918e-06,-5.804893e-07,-2.052118e-06,-5.525666e-07,8.334583e-07,-3.533131e-06,-2.989468e-06,2.686153e-06,27488620000000.0,2765223000000.0,0.3434703,1.479947e-06,-5.608356e-07,-1.997471e-06,-5.336506e-07,8.19321e-07,-3.443337e-06,-2.912552e-06,2.627929e-06,15954930000000.0,1471806000000.0,0.2092771,1.091857e-06,-3.76893e-07,-1.436264e-06,-3.573906e-07,6.395834e-07,-2.50295e-06,-2.111184e-06,1.97301e-06,762199900000.0,241700000000000.0,1.309273,53840000000000.0,-1.09872
2176,1.7025,4.92027,5.402763000000004,4758.703,409.6607,451.726,-206.5167,-129.4615,396.2074,105725500000000.0,103322600000000.0,11622790000000.0,0.5632775,1.363775e-05,2.218964e-06,-1.097376e-05,2.286178e-06,1.454318e-05,-2.424147e-05,-1.933807e-05,3.113143e-05,101304200000000.0,11017840000000.0,0.5279066,1.333e-05,2.145377e-06,-1.074809e-05,2.209484e-06,1.418644e-05,-2.371631e-05,-1.892306e-05,3.039763e-05,76218450000000.0,7273808000000.0,0.3529999,1.085461e-05,1.620339e-06,-8.869372e-06,1.662767e-06,1.139441e-05,-1.942887e-05,-1.552264e-05,2.45785e-05,1890804000000.0,281600000000000.0,3.099528,148500000000000.0,-2.61459
2177,1.6981,4.894571,5.605302000000006,4749.425,406.716,467.8349,-25.6531,104.8529,12.11864,31813760000000.0,31813760000000.0,3022033000000.0,0.3999251,1.437417e-06,4.986632e-08,-1.349122e-06,7.270704e-08,1.389426e-06,-2.750192e-06,-2.23627e-06,3.152766e-06,31525410000000.0,2799946000000.0,0.3588803,1.385844e-06,4.712354e-08,-1.301556e-06,6.902341e-08,1.338236e-06,-2.652355e-06,-2.156833e-06,3.038111e-06,22875150000000.0,1852500000000.0,0.237314,1.114814e-06,3.490272e-08,-1.049586e-06,5.20652e-08,1.07207e-06,-2.1362e-06,-1.737442e-06,2.438758e-06,818568000000.0,167700000000000.0,1.203213,34330000000000.0,-1.0388
2180,1.6995,4.928661,5.499218000000001,4752.674,409.8429,459.2632,108.5531,-120.4723,-69.83243,53439420000000.0,37100030000000.0,4482682000000.0,0.4003137,3.05962e-06,-4.492882e-07,-3.415703e-06,-4.038735e-07,2.379634e-06,-6.401442e-06,-5.303326e-06,6.112831e-06,35658320000000.0,4228347000000.0,0.3750908,2.962122e-06,-4.286091e-07,-3.300217e-06,-3.849375e-07,2.309233e-06,-6.190805e-06,-5.127587e-06,5.922987e-06,27969190000000.0,2858818000000.0,0.2533332,2.351939e-06,-3.111196e-07,-2.589738e-06,-2.779885e-07,1.857872e-06,-4.88483e-06,-4.040141e-06,4.724695e-06,888545700000.0,652200000000000.0,2.041217,226500000000000.0,-1.82655
2181,1.7017,4.921607,7.091272999999999,4741.277,408.2721,592.0067,-37.07492,-228.9561,-9.904466,30564270000000.0,29699250000000.0,3037554000000.0,0.3750645,1.60632e-06,1.875466e-07,-1.375775e-06,2.109746e-07,1.6806e-06,-2.940856e-06,-2.366475e-06,3.651041e-06,29122560000000.0,2878627000000.0,0.3489644,1.565014e-06,1.800834e-07,-1.34293e-06,2.027973e-07,1.634387e-06,-2.867761e-06,-2.308115e-06,3.553973e-06,22490690000000.0,1985873000000.0,0.2355673,1.302113e-06,1.382715e-07,-1.128353e-06,1.566049e-07,1.346471e-06,-2.397012e-06,-1.931203e-06,2.942653e-06,745154100000.0,386800000000000.0,1.484906,97720000000000.0,-1.28304
2182,1.712,6.52818,5.895550000000002,4757.251,544.3905,494.4465,158.6785,221.0328,444.6897,28449760000000.0,19799500000000.0,2130019000000.0,0.323677,1.044893e-06,-5.856414e-07,-1.600677e-06,-5.647409e-07,3.925988e-07,-2.6227e-06,-2.247749e-06,1.670448e-06,17396650000000.0,1844838000000.0,0.2915165,9.625516e-07,-5.307522e-07,-1.465716e-06,-5.115772e-07,3.701425e-07,-2.407187e-06,-2.061763e-06,1.547154e-06,11149230000000.0,889194800000.0,0.1861403,6.100538e-07,-3.134232e-07,-9.057509e-07,-3.014994e-07,2.56806e-07,-1.50241e-06,-1.283423e-06,1.002382e-06,590223000000.0,109000000000000.0,1.035325,19200000000000.0,-0.802718
2184,1.7216,5.791565,5.029942999999996,4787.369,485.5712,423.5236,195.6812,0.7093822,46.36119,28161420000000.0,15666590000000.0,1375590000000.0,0.2981202,6.501037e-07,-3.928112e-07,-1.024672e-06,-3.795787e-07,2.169298e-07,-1.659956e-06,-1.427074e-06,1.012745e-06,14801570000000.0,1289978000000.0,0.2775529,6.249429e-07,-3.713465e-07,-9.787142e-07,-3.586663e-07,2.14668e-07,-1.589408e-06,-1.365528e-06,9.79617e-07,10764780000000.0,832373800000.0,0.1828276,4.759418e-07,-2.557124e-07,-7.180777e-07,-2.462555e-07,1.899465e-07,-1.183159e-06,-1.012595e-06,7.721882e-07,476107800000.0,359300000000000.0,1.097004,67060000000000.0,-0.993
2185,1.7164,4.928288,6.6334809999999935,4770.923,411.3854,556.899,-104.9443,279.2622,124.5127,57668440000000.0,49787090000000.0,6536554000000.0,0.4399379,5.334085e-06,4.549158e-07,-4.718313e-06,5.121337e-07,5.349698e-06,-9.914654e-06,-8.001079e-06,1.186126e-05,47960920000000.0,6160128000000.0,0.4082799,5.20751e-06,4.386726e-07,-4.611317e-06,4.940315e-07,5.215713e-06,-9.68433e-06,-7.816005e-06,1.157192e-05,42290190000000.0,4481131000000.0,0.2888267,4.461316e-06,3.511911e-07,-3.972748e-06,3.960835e-07,4.435685e-06,-8.318733e-06,-6.717326e-06,9.876863e-06,1070920000000.0,418200000000000.0,2.229056,158600000000000.0,-1.89585
2187,1.7142,7.059654,6.029806000000002,4754.759,588.8367,506.083,82.11086,-117.5002,45.07518,41713500000000.0,29410900000000.0,3400741000000.0,0.368903,2.18116e-06,-2.892764e-07,-2.407357e-06,-2.54451e-07,1.7367e-06,-4.535445e-06,-3.75381e-06,4.40394e-06,28545880000000.0,3151559000000.0,0.3468098,2.095541e-06,-2.750566e-07,-2.309861e-06,-2.417395e-07,1.670946e-06,-4.354409e-06,-3.603412e-06,4.233255e-06,16723850000000.0,1556260000000.0,0.2122597,1.381724e-06,-1.657306e-07,-1.506587e-06,-1.446343e-07,1.11464e-06,-2.854665e-06,-2.359208e-06,2.802717e-06,792329700000.0,372800000000000.0,1.707475,108300000000000.0,-1.42461
2189,1.7135,7.069866,5.986475000000002,4754.114,589.6172,502.3625,101.8039,-72.67379,620.6075,72277780000000.0,48825950000000.0,5455057000000.0,0.4364182,4.347159e-06,-1.03926e-06,-5.25152e-06,-9.722221e-07,2.979603e-06,-9.499485e-06,-7.93631e-06,8.278006e-06,45654180000000.0,5032255000000.0,0.4025533,4.150063e-06,-9.75395e-07,-4.996146e-06,-9.119144e-07,2.859588e-06,-9.051453e-06,-7.559003e-06,7.916875e-06,31237070000000.0,3003236000000.0,0.2612004,3.04496e-06,-6.53022e-07,-3.600858e-06,-6.086763e-07,2.153604e-06,-6.576061e-06,-5.480384e-06,5.860399e-06,1136180000000.0,279100000000000.0,1.948398,92520000000000.0,-1.74339
2190,1.7208,7.015958000000001,6.044240000000003,4765.825,586.5171,508.4362,100.5565,-376.6223,42.3373,65934250000000.0,32967120000000.0,4194958000000.0,0.3820326,3.531458e-06,-3.319166e-07,-3.758699e-06,-2.804216e-07,2.935429e-06,-7.204399e-06,-5.937477e-06,7.249125e-06,30756500000000.0,3840882000000.0,0.3555429,3.361391e-06,-3.11404e-07,-3.572802e-06,-2.627588e-07,2.797417e-06,-6.852544e-06,-5.646521e-06,6.902759e-06,22298460000000.0,2220459000000.0,0.2333846,2.344867e-06,-1.979164e-07,-2.471303e-06,-1.657685e-07,1.965087e-06,-4.759114e-06,-3.917256e-06,4.825952e-06,829123200000.0,487000000000000.0,2.052944,170100000000000.0,-1.82259
2191,1.7127,6.565072,5.9251580000000015,4757.373,547.508,496.997,-3.889261,-125.3649,167.8901,68625440000000.0,59014040000000.0,7387393000000.0,0.4650046,6.008995e-06,6.067549e-09,-5.817354e-06,7.722425e-08,5.526061e-06,-1.167499e-05,-9.517861e-06,1.285393e-05,56899530000000.0,6916178000000.0,0.4334476,5.827761e-06,5.817586e-09,-5.641448e-06,7.427924e-08,5.357592e-06,-1.13224e-05,-9.230153e-06,1.246355e-05,38061170000000.0,4144007000000.0,0.278639,4.351265e-06,4.014607e-09,-4.209564e-06,5.204045e-08,3.990139e-06,-8.451108e-06,-6.887963e-06,9.290664e-06,1294768000000.0,329200000000000.0,2.17822,122000000000000.0,-1.88397
2192,1.7283,4.902688,6.259990000000004,4794.924,411.2966,527.9071,-131.7344,-63.17347,511.1599,29507020000000.0,29410900000000.0,3056972000000.0,0.3741499,1.627869e-06,2.556072e-07,-1.329296e-06,2.781432e-07,1.767006e-06,-2.915737e-06,-2.333331e-06,3.764594e-06,29218680000000.0,2973503000000.0,0.356492,1.608949e-06,2.504328e-07,-1.315979e-06,2.726414e-07,1.74405e-06,-2.883972e-06,-2.308317e-06,3.718302e-06,25374110000000.0,2294878000000.0,0.2468029,1.421511e-06,2.051216e-07,-1.178228e-06,2.241919e-07,1.522933e-06,-2.563485e-06,-2.054738e-06,3.266212e-06,718214300000.0,590800000000000.0,1.58083,158900000000000.0,-1.4058
2194,1.726,6.936107,5.978712999999997,4776.743,581.104,503.9499,-443.3225,133.2892,236.8816,93807330000000.0,86887120000000.0,10277510000000.0,0.526355,1.013336e-05,4.263875e-06,-5.587984e-06,4.303817e-06,1.347375e-05,-1.542394e-05,-1.179837e-05,2.588636e-05,85637630000000.0,9796097000000.0,0.4936123,9.911149e-06,4.123507e-06,-5.511305e-06,4.161557e-06,1.312816e-05,-1.513151e-05,-1.158513e-05,2.526679e-05,64973110000000.0,6618964000000.0,0.3319584,8.115626e-06,3.135376e-06,-4.747996e-06,3.160482e-06,1.048931e-05,-1.262505e-05,-9.719235e-06,2.04183e-05,1640429000000.0,336000000000000.0,2.702658,154500000000000.0,-2.377
2195,1.729,5.133694,7.111551999999995,4786.12,429.987,599.5278,-367.4885,126.4533,149.9201,36235000000000.0,23836290000000.0,2661396000000.0,0.3427773,1.439132e-06,1.106743e-06,-3.00769e-07,1.123489e-06,2.446665e-06,-1.69904e-06,-1.186781e-06,4.22422e-06,21817890000000.0,2404134000000.0,0.3131706,1.35013e-06,1.019301e-06,-3.0103e-07,1.034882e-06,2.275933e-06,-1.612813e-06,-1.132198e-06,3.943326e-06,14224880000000.0,1396994000000.0,0.2056714,9.581293e-07,6.65997e-07,-2.705333e-07,6.766137e-07,1.556336e-06,-1.201413e-06,-8.602099e-07,2.738834e-06,681479500000.0,289200000000000.0,1.307019,64310000000000.0,-1.13058
2197,1.726,5.753075,4.915046000000004,4795.383,483.1297,414.4655,10.41004,49.51876,325.4371,38733970000000.0,30756500000000.0,3532801000000.0,0.3736892,2.101902e-06,-1.675341e-07,-2.209152e-06,-1.354744e-07,1.782692e-06,-4.259599e-06,-3.506329e-06,4.353765e-06,29987590000000.0,3333322000000.0,0.3479305,2.03948e-06,-1.600671e-07,-2.14088e-06,-1.291382e-07,1.731671e-06,-4.130423e-06,-3.399468e-06,4.226091e-06,24124630000000.0,2340550000000.0,0.2398694,1.678214e-06,-1.213633e-07,-1.750479e-06,-9.676267e-08,1.432573e-06,-3.387557e-06,-2.78582e-06,3.483727e-06,756302400000.0,388600000000000.0,1.613851,106700000000000.0,-1.400589
2198,1.7231,6.968885,5.9805759999999974,4771.485,583.2346,503.5883,110.571,251.3192,557.0129,43539670000000.0,31813760000000.0,3860476000000.0,0.3839529,2.265766e-06,-8.47854e-07,-3.04617e-06,-8.075211e-07,1.260435e-06,-5.26166e-06,-4.447627e-06,4.02671e-06,31044840000000.0,3584036000000.0,0.3557699,2.174703e-06,-8.026503e-07,-2.912425e-06,-7.64117e-07,1.220322e-06,-5.038845e-06,-4.257481e-06,3.875104e-06,23259600000000.0,2195157000000.0,0.2362656,1.653268e-06,-5.639973e-07,-2.167041e-06,-5.355309e-07,9.712333e-07,-3.783487e-06,-3.189246e-06,2.988027e-06,789935600000.0,240800000000000.0,1.472823,60340000000000.0,-1.25631
2199,1.7335,6.253623,6.063481999999994,4794.161,525.3528,512.3062,23.01473,-56.88461,246.8151,28257540000000.0,24412970000000.0,2646081000000.0,0.3462019,1.320994e-06,-1.252391e-07,-1.409993e-06,-1.032655e-07,1.10614e-06,-2.698597e-06,-2.225806e-06,2.724894e-06,23836290000000.0,2506474000000.0,0.326477,1.285389e-06,-1.204462e-07,-1.3705e-06,-9.913853e-08,1.077508e-06,-2.624369e-06,-2.164298e-06,2.652509e-06,17300530000000.0,1572011000000.0,0.214448,9.865177e-07,-8.473931e-08,-1.043693e-06,-6.884787e-08,8.332022e-07,-2.006e-06,-1.652759e-06,2.04123e-06,657441400000.0,304200000000000.0,1.326233,68640000000000.0,-1.11375
2200,1.726,4.885595,6.478011000000002,4789.674,409.4069,545.8356,-107.5253,553.2496,-133.9698,85349290000000.0,83619240000000.0,9215302000000.0,0.5213029,8.588621e-06,7.154289e-07,-7.602996e-06,7.911811e-07,8.550131e-06,-1.597072e-05,-1.288426e-05,1.901385e-05,82177530000000.0,8812657000000.0,0.4866997,8.418608e-06,6.926516e-07,-7.460255e-06,7.660409e-07,8.369504e-06,-1.566227e-05,-1.263665e-05,1.862461e-05,57380100000000.0,6013009000000.0,0.3183791,6.960248e-06,5.267231e-07,-6.208438e-06,5.818901e-07,6.856151e-06,-1.298923e-05,-1.048605e-05,1.532535e-05,1632247000000.0,352000000000000.0,2.57647,154300000000000.0,-2.303
2201,1.7305,5.216133,7.114009000000003,4788.644,437.1602,600.1314,-455.8447,-246.8683,55.35807,34985520000000.0,27969190000000.0,3240803000000.0,0.3644735,1.803855e-06,1.684799e-06,-8.118026e-08,1.700717e-06,3.357623e-06,-1.831444e-06,-1.189949e-06,5.588778e-06,27392510000000.0,3047472000000.0,0.338466,1.745087e-06,1.606046e-06,-1.022523e-07,1.621309e-06,3.223918e-06,-1.795477e-06,-1.174842e-06,5.382133e-06,22394580000000.0,2128935000000.0,0.2352144,1.420988e-06,1.210279e-06,-1.800908e-07,1.222081e-06,2.525612e-06,-1.558782e-06,-1.05323e-06,4.281858e-06,699509500000.0,371600000000000.0,1.486488,93980000000000.0,-1.287
2202,1.7275,4.965251,6.416639,4792.457,416.357,540.9997,-283.0669,-185.0642,247.2514,79870790000000.0,77371820000000.0,9024553000000.0,0.511503,8.874887e-06,2.495125e-06,-6.114049e-06,2.542275e-06,1.055583e-05,-1.473978e-05,-1.155773e-05,2.139327e-05,76026230000000.0,8588020000000.0,0.4739719,8.676327e-06,2.40516e-06,-6.01034e-06,2.450169e-06,1.028205e-05,-1.444303e-05,-1.133183e-05,2.087516e-05,60551860000000.0,6285012000000.0,0.32394,7.415795e-06,1.906593e-06,-5.2809e-06,1.939535e-06,8.621492e-06,-1.248819e-05,-9.827247e-06,1.76661e-05,1495597000000.0,418900000000000.0,2.748691,195900000000000.0,-2.406
2203,1.7268,4.834192,6.308846000000006,4792.672,405.3323,531.7565,-169.3901,330.1855,166.2302,80639700000000.0,78429080000000.0,8545513000000.0,0.5104229,7.900381e-06,1.088626e-06,-6.567942e-06,1.154745e-06,8.296808e-06,-1.42595e-05,-1.142342e-05,1.793127e-05,75737880000000.0,8088384000000.0,0.4736015,7.705e-06,1.047001e-06,-6.419326e-06,1.110567e-06,8.074e-06,-1.392062e-05,-1.115439e-05,1.746864e-05,53535530000000.0,5463176000000.0,0.3109254,6.264795e-06,7.822031e-07,-5.283606e-06,8.287804e-07,6.47952e-06,-1.138252e-05,-9.131745e-06,1.41095e-05,1563876000000.0,337700000000000.0,2.539371,145900000000000.0,-2.231
2206,1.7238,7.011622,5.985720000000007,4771.815,586.8877,504.1056,-141.9131,-546.9519,310.8096,39887340000000.0,32005980000000.0,3165470000000.0,0.378851,1.891981e-06,6.614642e-07,-1.184423e-06,6.861744e-07,2.420729e-06,-3.026895e-06,-2.351036e-06,4.749004e-06,30852620000000.0,2920634000000.0,0.3519906,1.807775e-06,6.22606e-07,-1.140957e-06,6.460626e-07,2.303059e-06,-2.901399e-06,-2.25558e-06,4.527426e-06,17396650000000.0,1443544000000.0,0.2138596,1.2248e-06,3.837933e-07,-8.102777e-07,3.989694e-07,1.519965e-06,-2.0029e-06,-1.565152e-06,3.025705e-06,916651400000.0,174100000000000.0,1.398003,41410000000000.0,-1.15434
2207,1.7253,5.223582,7.193840000000004,4777.911,436.8068,605.5837,-208.9666,-232.546,-52.17282,80351360000000.0,50652110000000.0,5984070000000.0,0.4398297,5.494925e-06,1.926553e-06,-3.422994e-06,1.981287e-06,6.99088e-06,-8.766176e-06,-6.802499e-06,1.373497e-05,49402630000000.0,5574886000000.0,0.4111442,5.294236e-06,1.834229e-06,-3.319485e-06,1.886498e-06,6.712102e-06,-8.467501e-06,-6.575396e-06,1.320908e-05,28449760000000.0,2887762000000.0,0.253962,3.594268e-06,1.140224e-06,-2.356122e-06,1.173105e-06,4.443506e-06,-5.851021e-06,-4.565642e-06,8.849901e-06,1185259000000.0,195200000000000.0,1.849103,61410000000000.0,-1.63464
2208,1.7268,4.917294,6.434105999999996,4791.519,412.235,542.3393,-248.5694,278.1883,269.517,28257540000000.0,25085770000000.0,2555239000000.0,0.3543899,1.279683e-06,5.451389e-07,-7.038132e-07,5.622046e-07,1.736617e-06,-1.949252e-06,-1.49265e-06,3.312445e-06,24509090000000.0,2364307000000.0,0.3257536,1.231751e-06,5.164531e-07,-6.856161e-07,5.327827e-07,1.662985e-06,-1.884394e-06,-1.444867e-06,3.179615e-06,16531620000000.0,1456204000000.0,0.2115278,9.394727e-07,3.603494e-07,-5.56016e-07,3.72351e-07,1.233345e-06,-1.470294e-06,-1.13493e-06,2.389298e-06,682082100000.0,266200000000000.0,1.322797,59910000000000.0,-1.10088
2214,1.741,6.536912,5.831601000000001,4806.566,550.776,494.1241,-36.03858,-309.0297,156.9747,62185800000000.0,58821810000000.0,6706477000000.0,0.4598045,5.71356e-06,3.894578e-07,-5.147997e-06,4.483394e-07,5.622619e-06,-1.071469e-05,-8.663561e-06,1.259064e-05,57572330000000.0,6413082000000.0,0.4322,5.599666e-06,3.772127e-07,-5.049358e-06,4.344008e-07,5.504407e-06,-1.050506e-05,-8.494657e-06,1.233266e-05,43155220000000.0,4475849000000.0,0.2879499,4.725449e-06,2.935853e-07,-4.282626e-06,3.38545e-07,4.609865e-06,-8.886438e-06,-7.18886e-06,1.036657e-05,1230552000000.0,575700000000000.0,2.500313,244900000000000.0,-2.1879
2216,1.738,5.543224,4.947064000000004,4817.058,467.4979,418.9127,182.942,161.5466,55.68245,28834220000000.0,19511160000000.0,1868150000000.0,0.3192884,9.267188e-07,-5.003626e-07,-1.400642e-06,-4.819197e-07,3.674053e-07,-2.30631e-06,-1.974155e-06,1.501064e-06,18453900000000.0,1749879000000.0,0.3000601,8.967917e-07,-4.779546e-07,-1.349113e-06,-4.601561e-07,3.616341e-07,-2.225531e-06,-1.904088e-06,1.458603e-06,12494830000000.0,998250600000.0,0.1915504,6.662125e-07,-3.240863e-07,-9.70985e-07,-3.111452e-07,2.987363e-07,-1.622047e-06,-1.383167e-06,1.113197e-06,576554600000.0,171800000000000.0,1.060572,31000000000000.0,-0.9093
2217,1.7599,5.596603000000001,4.830020999999999,4854.554,475.7026,412.1747,177.2497,266.0798,347.2415,66607050000000.0,65742020000000.0,6909087000000.0,0.4750868,5.696569e-06,-1.666661e-06,-7.168296e-06,-1.584335e-06,3.564655e-06,-1.273712e-05,-1.068363e-05,1.047688e-05,63627510000000.0,6593925000000.0,0.4425974,5.577039e-06,-1.610616e-06,-6.996285e-06,-1.53056e-06,3.509214e-06,-1.244823e-05,-1.043765e-05,1.027551e-05,45461950000000.0,4562498000000.0,0.2912778,4.586884e-06,-1.21828e-06,-5.64463e-06,-1.155707e-06,2.982252e-06,-1.012841e-05,-8.473802e-06,8.54187e-06,1364147000000.0,404500000000000.0,2.311817,159100000000000.0,-2.06415
2218,1.7591,5.668765,4.807612000000004,4852.705,481.6927,410.1481,199.6525,-280.5287,357.1222,36042770000000.0,34985520000000.0,3667355000000.0,0.3855835,2.16689e-06,-7.879671e-07,-2.888494e-06,-7.505218e-07,1.223961e-06,-5.006664e-06,-4.227988e-06,3.866614e-06,33832150000000.0,3519771000000.0,0.3630975,2.126483e-06,-7.641323e-07,-2.825352e-06,-7.275206e-07,1.209842e-06,-4.90401e-06,-4.139815e-06,3.802987e-06,26046910000000.0,2503450000000.0,0.2437008,1.821812e-06,-6.04614e-07,-2.369658e-06,-5.740993e-07,1.083806e-06,-4.150411e-06,-3.495461e-06,3.303977e-06,839652500000.0,525500000000000.0,1.710159,152900000000000.0,-1.50975
2220,1.75,5.259573,6.590497999999994,4826.236,444.282,559.9611,-27.41496,-144.294,256.3619,34312720000000.0,30660390000000.0,3745836000000.0,0.3739336,2.250161e-06,4.366263e-08,-2.142944e-06,7.574941e-08,2.128942e-06,-4.33656e-06,-3.530662e-06,4.883234e-06,29603130000000.0,3525568000000.0,0.3444322,2.197642e-06,4.205077e-08,-2.093355e-06,7.32181e-08,2.078115e-06,-4.235764e-06,-3.448623e-06,4.767837e-06,24605200000000.0,2591589000000.0,0.2404401,1.906796e-06,3.395986e-08,-1.818046e-06,6.01826e-08,1.797951e-06,-3.676881e-06,-2.99366e-06,4.130339e-06,743514400000.0,453100000000000.0,1.638367,126300000000000.0,-1.40382
2221,1.7629,5.779587,6.777849000000004,4840.847,489.9729,578.2776,390.5807,-180.0166,-94.87428,32390440000000.0,31717640000000.0,3467757000000.0,0.3809847,1.904549e-06,-1.294377e-06,-3.137243e-06,-1.256548e-06,4.779485e-07,-5.002116e-06,-4.316451e-06,2.79462e-06,30660390000000.0,3268614000000.0,0.3477568,1.857322e-06,-1.2415e-06,-3.038517e-06,-1.204759e-06,4.863939e-07,-4.857132e-06,-4.188426e-06,2.745367e-06,25470230000000.0,2378741000000.0,0.2398414,1.614629e-06,-1.007522e-06,-2.569123e-06,-9.761924e-07,4.926454e-07,-4.150046e-06,-3.568542e-06,2.455432e-06,750756600000.0,342400000000000.0,1.472668,85790000000000.0,-1.287
2222,1.7667,6.901331,5.451769000000002,4849.381,586.9539,466.2005,447.9852,-73.04188,-4.951414,63531400000000.0,27296390000000.0,3268981000000.0,0.3531754,2.892195e-06,-2.032247e-06,-4.825274e-06,-1.974399e-06,6.519362e-07,-7.659488e-06,-6.616282e-06,4.160347e-06,23355720000000.0,2704996000000.0,0.3166343,2.518947e-06,-1.758917e-06,-4.19141e-06,-1.70862e-06,5.785907e-07,-6.659851e-06,-5.751249e-06,3.634088e-06,14609340000000.0,1217811000000.0,0.1996082,1.372387e-06,-9.178136e-07,-2.242665e-06,-8.908602e-07,3.543019e-07,-3.587501e-06,-3.092338e-06,2.018286e-06,755564200000.0,206800000000000.0,1.670348,58770000000000.0,-1.44639
2223,1.7667,6.198693,5.306841000000003,4857.058,527.5333,453.8138,522.5683,88.30496,314.994,38637850000000.0,21145090000000.0,1833979000000.0,0.3248842,8.813024e-07,-1.276655e-06,-2.129436e-06,-1.254791e-06,-4.490482e-07,-2.994962e-06,-2.677136e-06,6.224664e-07,20472300000000.0,1722850000000.0,0.3088961,8.496061e-07,-1.219514e-06,-2.041585e-06,-1.198473e-06,-4.217906e-07,-2.875973e-06,-2.56957e-06,6.111222e-07,9707521000000.0,698017700000.0,0.1741144,4.839993e-07,-6.281191e-07,-1.096162e-06,-6.163756e-07,-1.744779e-07,-1.571437e-06,-1.396829e-06,4.135121e-07,698422500000.0,102000000000000.0,1.018212,17670000000000.0,-0.8862
2224,1.7683,5.104185,5.292481000000003,4868.804,434.8877,452.8165,246.5375,262.8805,289.2571,44308580000000.0,40944590000000.0,4510570000000.0,0.405415,2.884271e-06,-1.413984e-06,-4.204533e-06,-1.36203e-06,1.260107e-06,-7.02662e-06,-5.988302e-06,4.768208e-06,39695110000000.0,4281497000000.0,0.3811638,2.808389e-06,-1.35979e-06,-4.076703e-06,-1.309427e-06,1.243235e-06,-6.824524e-06,-5.813458e-06,4.65867e-06,27392510000000.0,2725318000000.0,0.2458738,2.180789e-06,-9.657218e-07,-3.074124e-06,-9.280029e-07,1.051189e-06,-5.207774e-06,-4.42224e-06,3.701076e-06,963835700000.0,474100000000000.0,1.848458,149100000000000.0,-1.61667
2225,1.7683,6.833966,5.3386270000000025,4854.163,581.7426,456.8539,161.6731,-66.11778,44.50281,28257540000000.0,17492760000000.0,1535862000000.0,0.305662,8.790489e-07,-3.360332e-07,-1.190236e-06,-3.193285e-07,4.860693e-07,-2.048786e-06,-1.733887e-06,1.561909e-06,16243280000000.0,1326159000000.0,0.280873,7.984397e-07,-3.005398e-07,-1.076352e-06,-2.854298e-07,4.459762e-07,-1.856171e-06,-1.570128e-06,1.423059e-06,3267878000000.0,201947700000.0,0.1214932,2.727222e-07,-9.436021e-08,-3.592353e-07,-8.932423e-08,1.602306e-07,-6.255933e-07,-5.27851e-07,4.937692e-07,696211800000.0,76720000000000.0,1.026592,13400000000000.0,-0.762102
2226,1.7698,6.347292,5.310188000000006,4861.045,540.726,454.6041,447.8189,-96.96792,-18.93034,43347440000000.0,26719710000000.0,3267520000000.0,0.3500207,2.094797e-06,-1.866525e-06,-3.893051e-06,-1.82116e-06,8.883863e-08,-5.946113e-06,-5.191588e-06,2.635919e-06,25181890000000.0,3019146000000.0,0.3261595,2.003532e-06,-1.760343e-06,-3.698417e-06,-1.717115e-06,1.093165e-07,-5.662016e-06,-4.940318e-06,2.54516e-06,18453900000000.0,1772103000000.0,0.2150984,1.439519e-06,-1.162316e-06,-2.55406e-06,-1.132011e-06,1.786152e-07,-3.964815e-06,-3.446064e-06,1.927503e-06,689101300000.0,296700000000000.0,1.433847,72380000000000.0,-1.24245
2227,1.7675,5.482196,5.044694999999995,4866.458,467.0604,431.5594,203.2935,-30.71773,99.88039,41809620000000.0,41809620000000.0,4270758000000.0,0.4161985,2.768746e-06,-9.046223e-07,-3.583651e-06,-8.603604e-07,1.653162e-06,-6.289153e-06,-5.293278e-06,5.021802e-06,41136820000000.0,4111563000000.0,0.3834822,2.726503e-06,-8.776743e-07,-3.515634e-06,-8.342943e-07,1.640434e-06,-6.179851e-06,-5.199105e-06,4.957345e-06,36042770000000.0,3354676000000.0,0.2710067,2.504205e-06,-7.55234e-07,-3.177229e-06,-7.163311e-07,1.554606e-06,-5.624189e-06,-4.723112e-06,4.59956e-06,913540100000.0,1091000000000000.0,2.118854,393300000000000.0,-1.97802
2228,1.7806,5.533226,6.303848999999993,4878.01,472.5541,541.3917,571.8987,-78.61852,104.2458,44981380000000.0,42962990000000.0,4763776000000.0,0.4101827,3.108316e-06,-2.867655e-06,-5.863784e-06,-2.800482e-06,1.750833e-08,-8.915165e-06,-7.791224e-06,3.777632e-06,42001850000000.0,4530669000000.0,0.3838929,3.037234e-06,-2.768389e-06,-5.695769e-06,-2.702985e-06,5.005463e-08,-8.677342e-06,-7.579038e-06,3.723806e-06,29122560000000.0,2985494000000.0,0.2501713,2.456579e-06,-2.059428e-06,-4.42572e-06,-2.007977e-06,2.155917e-07,-6.837116e-06,-5.948374e-06,3.184619e-06,984711700000.0,410400000000000.0,1.834609,128100000000000.0,-1.59885
2229,1.7845,5.608983,6.423734000000001,4881.828,479.4402,552.2768,536.6841,-365.252,118.1376,29603130000000.0,23644060000000.0,2595274000000.0,0.3344725,1.278892e-06,-1.507524e-06,-2.745102e-06,-1.477467e-06,-3.094359e-07,-4.000437e-06,-3.539278e-06,1.245698e-06,20952870000000.0,2319280000000.0,0.3043149,1.205936e-06,-1.398091e-06,-2.564955e-06,-1.369853e-06,-2.686911e-07,-3.748653e-06,-3.313778e-06,1.197542e-06,9899749000000.0,1007602000000.0,0.1773349,7.223709e-07,-7.638024e-07,-1.462357e-06,-7.472642e-07,-8.851376e-08,-2.17133e-06,-1.910741e-06,7.891112e-07,720907400000.0,351900000000000.0,1.318666,78950000000000.0,-1.1187
2232,1.7752,6.943402,5.171431000000006,4864.364,592.3918,443.499,101.4461,-69.90354,-10.08746,40464020000000.0,31044840000000.0,3550395000000.0,0.3676476,2.223703e-06,-3.664631e-07,-2.524531e-06,-3.311238e-07,1.696826e-06,-4.694551e-06,-3.897209e-06,4.413762e-06,29699250000000.0,3291127000000.0,0.3417371,2.136205e-06,-3.468086e-07,-2.419771e-06,-3.130632e-07,1.634653e-06,-4.5044e-06,-3.738367e-06,4.244354e-06,19511160000000.0,1943847000000.0,0.2194546,1.572188e-06,-2.322812e-07,-1.756965e-06,-2.08468e-07,1.222796e-06,-3.291168e-06,-2.727065e-06,3.141806e-06,791022600000.0,432100000000000.0,1.719351,126400000000000.0,-1.47015
2233,1.779,6.443903,5.073591999999994,4877.416,550.8745,435.7851,139.0817,159.1968,-178.1141,37772830000000.0,28545880000000.0,3099827000000.0,0.3578956,1.713036e-06,-4.908094e-07,-2.153923e-06,-4.608131e-07,1.10441e-06,-3.826802e-06,-3.212552e-06,3.198316e-06,26719710000000.0,2856241000000.0,0.3321919,1.638123e-06,-4.6258e-07,-2.052834e-06,-4.340301e-07,1.062451e-06,-3.65255e-06,-3.06512e-06,3.064567e-06,15858820000000.0,1520809000000.0,0.2042449,1.124003e-06,-2.881101e-07,-1.37862e-06,-2.691976e-07,7.561472e-07,-2.476239e-06,-2.072963e-06,2.128796e-06,767598700000.0,307000000000000.0,1.461174,76320000000000.0,-1.259
2234,1.7845,5.913344,7.106193,4872.865,504.7086,610.7321,301.8479,-245.8593,-203.7793,31813760000000.0,27584740000000.0,3145529000000.0,0.3541987,1.726084e-06,-8.502664e-07,-2.523488e-06,-8.180192e-07,7.567614e-07,-4.211577e-06,-3.591328e-06,2.861788e-06,26239140000000.0,2943917000000.0,0.3287712,1.671127e-06,-8.105088e-07,-2.430316e-06,-7.794295e-07,7.449005e-07,-4.064645e-06,-3.464103e-06,2.782669e-06,19126700000000.0,1948888000000.0,0.2202002,1.352866e-06,-6.035382e-07,-1.914193e-06,-5.790489e-07,6.535025e-07,-3.237209e-06,-2.750842e-06,2.302062e-06,707824400000.0,554500000000000.0,1.5921,150200000000000.0,-1.377492
2236,1.7907,4.867056,5.078678999999995,4910.192,418.1081,437.9604,328.8007,135.4289,-50.16702,29026450000000.0,28353650000000.0,2824106000000.0,0.3562861,1.387153e-06,-9.979198e-07,-2.34153e-06,-9.696324e-07,2.963267e-07,-3.699319e-06,-3.200521e-06,1.986114e-06,28161420000000.0,2791916000000.0,0.3500938,1.380476e-06,-9.900306e-07,-2.327155e-06,-9.618982e-07,2.979264e-07,-3.678408e-06,-3.182005e-06,1.979549e-06,23836290000000.0,2052948000000.0,0.2361333,1.184379e-06,-7.857021e-07,-1.932448e-06,-7.620138e-07,3.178731e-07,-3.091719e-06,-2.665699e-06,1.759883e-06,699768100000.0,340300000000000.0,1.33529,77310000000000.0,-1.18008
2237,1.7899,5.432292,6.016936000000004,4897.173,465.704,518.506,479.4704,-46.81148,81.89727,34504950000000.0,16531620000000.0,1175760000000.0,0.2985492,5.700746e-07,-7.500874e-07,-1.302228e-06,-7.364062e-07,-2.147068e-07,-1.861408e-06,-1.656177e-06,4.794434e-07,15282140000000.0,1027303000000.0,0.2721602,5.197851e-07,-6.738537e-07,-1.17725e-06,-6.614139e-07,-1.858148e-07,-1.687095e-06,-1.49996e-06,4.470403e-07,8842494000000.0,457677900000.0,0.1673857,3.01021e-07,-3.594537e-07,-6.508571e-07,-3.523699e-07,-7.720859e-08,-9.461025e-07,-8.37696e-07,2.890874e-07,545543400000.0,98860000000000.0,1.007151,16940000000000.0,-0.8605601
2238,1.7876,6.655987,6.9295370000000025,4872.87,568.6362,596.2498,378.8526,-226.4294,208.0034,36523350000000.0,22010120000000.0,2218593000000.0,0.3264953,1.028319e-06,-9.489239e-07,-1.945636e-06,-9.264534e-07,1.399584e-08,-2.953004e-06,-2.58319e-06,1.267596e-06,21337320000000.0,2094719000000.0,0.3065252,9.967398e-07,-9.071097e-07,-1.873149e-06,-8.853891e-07,2.60439e-08,-2.849572e-06,-2.491099e-06,1.241042e-06,16339390000000.0,1331391000000.0,0.2053215,7.668875e-07,-6.393728e-07,-1.382305e-06,-6.229813e-07,7.755232e-08,-2.133513e-06,-1.85762e-06,1.011816e-06,584588800000.0,206000000000000.0,1.129588,39590000000000.0,-1.01277
2239,1.7891,5.468695,6.1026789999999975,4894.334,468.572,525.6775,390.5903,-303.7492,148.7585,70739950000000.0,60936320000000.0,7390193000000.0,0.4576984,6.773104e-06,-2.935751e-06,-9.459419e-06,-2.830203e-06,3.272255e-06,-1.609123e-05,-1.364272e-05,1.14594e-05,59110150000000.0,6975704000000.0,0.4279348,6.581064e-06,-2.815917e-06,-9.153873e-06,-2.714138e-06,3.21363e-06,-1.55976e-05,-1.321827e-05,1.116737e-05,46134750000000.0,4716882000000.0,0.2900315,5.282742e-06,-2.088011e-06,-7.17164e-06,-2.010479e-06,2.738954e-06,-1.234385e-05,-1.043266e-05,9.116805e-06,1263210000000.0,381900000000000.0,2.49018,161800000000000.0,-2.124
2240,1.7946,5.641971,6.770626999999997,4895.408,483.6198,584.0262,314.6956,100.3925,212.5344,41809620000000.0,37676710000000.0,4141818000000.0,0.3900848,2.667785e-06,-1.590785e-06,-4.170685e-06,-1.539899e-06,8.860411e-07,-6.782229e-06,-5.821515e-06,4.128738e-06,35562200000000.0,3838218000000.0,0.3605175,2.572987e-06,-1.510977e-06,-3.998961e-06,-1.462151e-06,8.770402e-07,-6.517688e-06,-5.591037e-06,4.004101e-06,22779030000000.0,2261379000000.0,0.2290318,1.936989e-06,-1.038767e-06,-2.910562e-06,-1.003264e-06,7.550153e-07,-4.806622e-06,-4.108644e-06,3.107084e-06,921195700000.0,428700000000000.0,1.797426,131100000000000.0,-1.53351
2242,1.7977,4.960479,4.938869000000004,4921.569,427.1609,426.8896,149.287,226.1629,273.5255,92846190000000.0,90731680000000.0,10887240000000.0,0.5211129,1.15189e-05,-2.147545e-06,-1.324276e-05,-2.023734e-06,8.313105e-06,-2.449519e-05,-2.033434e-05,2.223982e-05,89097740000000.0,10443090000000.0,0.4886509,1.13198e-05,-2.087519e-06,-1.298984e-05,-1.967024e-06,8.18863e-06,-2.404771e-05,-1.995841e-05,2.18727e-05,72950580000000.0,7685435000000.0,0.3369709,9.807371e-06,-1.686714e-06,-1.112556e-05,-1.58955e-06,7.193809e-06,-2.070562e-05,-1.716043e-05,1.903773e-05,1636799000000.0,548900000000000.0,3.058206,285600000000000.0,-2.72844
2245,1.7899,5.413706,5.923467999999999,4897.034,464.0879,510.363,238.8118,129.6659,213.8056,63146940000000.0,40560140000000.0,4392648000000.0,0.3997118,3.368761e-06,-1.511666e-06,-4.771932e-06,-1.451571e-06,1.612264e-06,-8.066625e-06,-6.854697e-06,5.711674e-06,37676710000000.0,3973287000000.0,0.3680915,3.173855e-06,-1.402638e-06,-4.473944e-06,-1.346368e-06,1.539454e-06,-7.577996e-06,-6.43608e-06,5.40112e-06,20376180000000.0,1921574000000.0,0.2232225,2.02399e-06,-8.145488e-07,-2.771733e-06,-7.801487e-07,1.056969e-06,-4.751132e-06,-4.022468e-06,3.517174e-06,1009542000000.0,211300000000000.0,1.72796,62120000000000.0,-1.5
2246,1.7961,5.662317,6.807948,4897.483,485.5809,587.5453,182.9558,-80.13468,26.0892,57764550000000.0,52862740000000.0,6315816000000.0,0.4357532,4.822694e-06,-1.199922e-06,-5.866878e-06,-1.12635e-06,3.249818e-06,-1.057761e-05,-8.843351e-06,9.118586e-06,50267660000000.0,5792313000000.0,0.4049218,4.638728e-06,-1.140593e-06,-5.629117e-06,-1.070262e-06,3.138042e-06,-1.016014e-05,-8.491898e-06,8.782239e-06,22010120000000.0,2330773000000.0,0.2263354,2.878667e-06,-6.457981e-07,-3.429058e-06,-6.04497e-07,2.002047e-06,-6.240802e-06,-5.204799e-06,5.500888e-06,1320511000000.0,174800000000000.0,1.840961,54750000000000.0,-1.47015
2247,1.7985,6.392258,6.819008000000005,4894.419,548.3275,588.9324,48.40295,-163.2562,518.0007,29507020000000.0,24220740000000.0,2599360000000.0,0.3354674,1.240769e-06,-2.63292e-07,-1.470398e-06,-2.413389e-07,8.958101e-07,-2.68216e-06,-2.23764e-06,2.416492e-06,22779030000000.0,2398442000000.0,0.3120559,1.188608e-06,-2.488634e-07,-1.405139e-06,-2.279116e-07,8.612524e-07,-2.565946e-06,-2.140093e-06,2.317865e-06,13455970000000.0,1199555000000.0,0.1920195,7.847632e-07,-1.513956e-07,-9.144428e-07,-1.379094e-07,5.804073e-07,-1.680799e-06,-1.399541e-06,1.541502e-06,696830800000.0,184300000000000.0,1.15352,36170000000000.0,-0.957726
2248,1.7969,6.378137,7.130811000000002,4889.049,546.5057,615.4426,237.7349,-133.5397,108.2327,32486550000000.0,12014260000000.0,1151160000000.0,0.2685249,4.490655e-07,-3.325678e-07,-7.689902e-07,-3.231051e-07,8.909219e-08,-1.208068e-06,-1.047125e-06,6.386811e-07,11149230000000.0,1044253000000.0,0.2445702,4.21483e-07,-3.050154e-07,-7.145951e-07,-2.961704e-07,9.062769e-08,-1.126701e-06,-9.756322e-07,6.063984e-07,9034722000000.0,705001000000.0,0.1724067,3.292771e-07,-2.194819e-07,-5.393528e-07,-2.126795e-07,8.926282e-08,-8.612948e-07,-7.432435e-07,4.920212e-07,380371400000.0,327400000000000.0,0.9884606,55060000000000.0,-0.905256
2249,1.7954,6.412704,4.815425999999998,4905.741,551.3685,415.8788,348.3961,208.9021,-473.635,66510930000000.0,58725690000000.0,7299956000000.0,0.4524303,6.260624e-06,-2.556996e-06,-8.596692e-06,-2.458151e-06,3.19683e-06,-1.472501e-05,-1.246444e-05,1.07808e-05,56130610000000.0,6827019000000.0,0.4195006,6.077269e-06,-2.449472e-06,-8.311606e-06,-2.35421e-06,3.133658e-06,-1.426038e-05,-1.206582e-05,1.049437e-05,37100030000000.0,4187788000000.0,0.2700107,4.727423e-06,-1.747404e-06,-6.30371e-06,-1.677168e-06,2.583414e-06,-1.093084e-05,-9.222574e-06,8.302816e-06,1257317000000.0,429100000000000.0,2.373788,173300000000000.0,-2.03643
2251,1.7883,5.438664,5.900410999999998,4894.499,465.999,508.1202,557.9974,-178.5998,457.3058,74200060000000.0,38830080000000.0,4831535000000.0,0.395101,3.948488e-06,-3.452764e-06,-7.257483e-06,-3.368627e-06,2.076987e-07,-1.113533e-05,-9.706282e-06,4.98147e-06,34793290000000.0,4213814000000.0,0.3590062,3.598494e-06,-3.103039e-06,-6.570115e-06,-3.026743e-06,2.317318e-07,-1.010417e-05,-8.801691e-06,4.581709e-06,20376180000000.0,2034975000000.0,0.2237763,2.280904e-06,-1.820921e-06,-4.01699e-06,-1.774088e-06,2.879632e-07,-6.256845e-06,-5.430849e-06,3.042652e-06,972693500000.0,394300000000000.0,2.097341,140700000000000.0,-1.84338
2252,1.8008,4.994389,6.836733000000002,4909.268,429.0208,590.8304,199.5637,163.1701,-149.1646,32294330000000.0,31909870000000.0,3286303000000.0,0.3717103,2.012127e-06,-6.631006e-07,-2.611674e-06,-6.300917e-07,1.199529e-06,-4.577722e-06,-3.854469e-06,3.650418e-06,31717640000000.0,3169608000000.0,0.3462299,1.981106e-06,-6.44064e-07,-2.562465e-06,-6.117007e-07,1.189415e-06,-4.498195e-06,-3.78605e-06,3.602294e-06,26911940000000.0,2548081000000.0,0.2428676,1.782141e-06,-5.368618e-07,-2.261868e-06,-5.085099e-07,1.11007e-06,-4.003152e-06,-3.362295e-06,3.279378e-06,741585400000.0,836400000000000.0,1.843961,262400000000000.0,-1.66617
2254,1.8079,5.251469,5.294521000000003,4933.974,453.496,459.1624,405.305,-144.9978,185.1831,29218680000000.0,25278000000000.0,2720646000000.0,0.354687,1.375787e-06,-1.246076e-06,-2.57805e-06,-1.216224e-06,3.968904e-08,-3.926143e-06,-3.430917e-06,1.714278e-06,24412970000000.0,2484146000000.0,0.3182893,1.319536e-06,-1.170526e-06,-2.447907e-06,-1.142024e-06,6.225107e-08,-3.740864e-06,-3.265851e-06,1.668152e-06,18742240000000.0,1628785000000.0,0.2138905,1.069888e-06,-8.755973e-07,-1.910854e-06,-8.529344e-07,1.225124e-07,-2.959139e-06,-2.573871e-06,1.423838e-06,645347300000.0,261900000000000.0,1.281003,57080000000000.0,-1.08603
2258,1.7993,5.495414,6.183068999999995,4909.644,472.3483,534.346,83.53187,-268.2155,392.972,36907800000000.0,33639920000000.0,3382666000000.0,0.3745869,2.002637e-06,-3.721888e-07,-2.316619e-06,-3.398552e-07,1.487736e-06,-4.271993e-06,-3.553583e-06,3.9357e-06,32582670000000.0,3222141000000.0,0.3525928,1.958168e-06,-3.594416e-07,-2.260562e-06,-3.279572e-07,1.45876e-06,-4.172503e-06,-3.470007e-06,3.852141e-06,22682920000000.0,2099190000000.0,0.2285994,1.585084e-06,-2.656107e-07,-1.803642e-06,-2.409938e-07,1.203378e-06,-3.351224e-06,-2.78232e-06,3.139274e-06,818459300000.0,373800000000000.0,1.611708,102500000000000.0,-1.404
2259,1.8166,6.055576,5.5546839999999955,4938.27,523.8766,482.9535,190.811,-51.59476,-12.16773,31140960000000.0,25950800000000.0,2802787000000.0,0.3413361,1.471697e-06,-5.900815e-07,-2.018619e-06,-5.627251e-07,7.828966e-07,-3.456411e-06,-2.928637e-06,2.581315e-06,24028520000000.0,2571694000000.0,0.3148445,1.416331e-06,-5.602906e-07,-1.934992e-06,-5.340623e-07,7.607222e-07,-3.31869e-06,-2.810741e-06,2.491323e-06,14417110000000.0,1369437000000.0,0.1973098,1.0126e-06,-3.661487e-07,-1.348493e-06,-3.479179e-07,5.766572e-07,-2.337744e-06,-1.974425e-06,1.8131e-06,741933300000.0,308600000000000.0,1.350558,70910000000000.0,-1.13582
2262,1.8238,5.081705,5.009820999999999,4962.445,441.2893,436.7314,141.9388,299.2091,209.0629,33832150000000.0,33736040000000.0,3704695000000.0,0.4221212,1.940613e-06,-7.054969e-07,-2.587745e-06,-6.712896e-07,1.099254e-06,-4.484128e-06,-3.787372e-06,3.467968e-06,33063240000000.0,3380339000000.0,0.3598618,1.864689e-06,-6.596149e-07,-2.467984e-06,-6.269854e-07,1.073758e-06,-4.290151e-06,-3.620585e-06,3.349396e-06,25758570000000.0,2326022000000.0,0.2366789,1.529732e-06,-5.002989e-07,-1.983178e-06,-4.741914e-07,9.195957e-07,-3.477977e-06,-2.928489e-06,2.785356e-06,766820100000.0,309600000000000.0,1.416439,74610000000000.0,-1.26522
2263,1.8182,5.220096,5.2546629999999945,4950.913,452.3193,457.2277,342.7079,-106.5654,-21.20721,28738110000000.0,9899749000000.0,797682400000.0,0.2481249,3.787931e-07,-4.282843e-07,-7.961845e-07,-4.196049e-07,-7.173387e-08,-1.167027e-06,-1.031113e-06,3.913741e-07,8842494000000.0,695469800000.0,0.2271651,3.375412e-07,-3.76596e-07,-7.044129e-07,-3.688787e-07,-5.893032e-08,-1.034866e-06,-9.137501e-07,3.537144e-07,5382388000000.0,304288700000.0,0.1407878,1.898634e-07,-1.964037e-07,-3.807369e-07,-1.921214e-07,-1.790984e-08,-5.666061e-07,-4.984634e-07,2.140987e-07,352827100000.0,143500000000000.0,0.8593209,20980000000000.0,-0.7592
2266,1.823,5.205345,5.033494999999995,4960.817,451.9364,438.7471,225.7874,9.492614,176.8596,36138890000000.0,33639920000000.0,3607674000000.0,0.3718654,2.068943e-06,-9.351517e-07,-2.939889e-06,-8.972831e-07,9.88726e-07,-4.962597e-06,-4.219234e-06,3.510689e-06,30756500000000.0,3306616000000.0,0.3401663,1.975719e-06,-8.777823e-07,-2.791995e-06,-8.418225e-07,9.587677e-07,-4.723554e-06,-4.013623e-06,3.366766e-06,18357790000000.0,1830040000000.0,0.2112776,1.416583e-06,-5.74898e-07,-1.946576e-06,-5.49963e-07,7.392237e-07,-3.331455e-06,-2.822176e-06,2.464374e-06,839988900000.0,364300000000000.0,1.579198,97880000000000.0,-1.34244
2267,1.819,4.902452,5.086869,4956.335,425.1215,442.8162,18.98791,622.8516,140.8022,52574390000000.0,49594860000000.0,6034227000000.0,0.4237961,4.708899e-06,-5.280054e-07,-5.088511e-06,-4.668897e-07,3.801668e-06,-9.685673e-06,-7.992164e-06,9.537446e-06,47864800000000.0,5735899000000.0,0.3953286,4.611451e-06,-5.111096e-07,-4.976838e-06,-4.516552e-07,3.727689e-06,-9.478823e-06,-7.820245e-06,9.344087e-06,38157280000000.0,4061848000000.0,0.2706947,3.878936e-06,-4.004107e-07,-4.154501e-06,-3.526681e-07,3.157805e-06,-7.941142e-06,-6.545358e-06,7.878179e-06,1040996000000.0,457100000000000.0,2.131941,165800000000000.0,-1.85427
2269,1.8334,5.031741,5.973052999999996,4970.256,437.6157,522.0435,730.9072,454.1644,37.26926,38733970000000.0,29795360000000.0,3302198000000.0,0.3590786,1.991956e-06,-2.887632e-06,-4.806396e-06,-2.836808e-06,-1.027679e-06,-6.768115e-06,-6.045802e-06,1.378402e-06,28449760000000.0,3077403000000.0,0.3305363,1.926178e-06,-2.743963e-06,-4.599146e-06,-2.695006e-06,-9.460584e-07,-6.496029e-06,-5.797528e-06,1.380221e-06,21241210000000.0,2048155000000.0,0.2208363,1.570022e-06,-2.053471e-06,-3.564691e-06,-2.014394e-06,-5.907294e-07,-5.110616e-06,-4.541085e-06,1.303929e-06,727006800000.0,522600000000000.0,1.671288,148600000000000.0,-1.485
2270,1.8286,5.484541,6.230675000000004,4956.918,475.9471,543.6679,12.10134,-340.8357,542.8316,63050830000000.0,43155220000000.0,4832745000000.0,0.4028318,3.785595e-06,-2.248464e-07,-3.899307e-06,-1.722216e-07,3.27375e-06,-7.593716e-06,-6.234921e-06,7.89905e-06,41905730000000.0,4533750000000.0,0.3772087,3.644878e-06,-2.134994e-07,-3.750997e-06,-1.631975e-07,3.153861e-06,-7.308035e-06,-5.999645e-06,7.606591e-06,29410900000000.0,2764415000000.0,0.246417,2.665239e-06,-1.427665e-07,-2.727569e-06,-1.078698e-07,2.313465e-06,-5.328377e-06,-4.371099e-06,5.566167e-06,975739400000.0,226500000000000.0,1.802471,69460000000000.0,-1.564024
2271,1.8286,5.508546,6.2841670000000045,4955.35,477.8919,548.2214,34.18193,-617.778,125.1108,136674200000000.0,120527000000000.0,15386130000000.0,0.5669977,1.993447e-05,1.882722e-07,-1.902909e-05,3.042671e-07,1.813741e-05,-3.846062e-05,-3.126581e-05,4.226551e-05,117547500000000.0,14552390000000.0,0.5308346,1.948561e-05,1.820434e-07,-1.860016e-05,2.92911e-07,1.771907e-05,-3.759398e-05,-3.056039e-05,4.129961e-05,78717420000000.0,8910598000000.0,0.3421505,1.558154e-05,1.344317e-07,-1.486887e-05,2.067611e-07,1.410634e-05,-3.005605e-05,-2.442661e-05,3.293472e-05,2335814000000.0,269800000000000.0,3.252518,149300000000000.0,-2.80368
2273,1.8278,6.097802,5.215067999999995,4959.496,529.8248,455.2404,594.9238,-29.15364,-6.560253,38445630000000.0,35177750000000.0,3856072000000.0,0.3764796,2.346996e-06,-2.447727e-06,-4.711402e-06,-2.394643e-06,-2.631095e-07,-7.016066e-06,-6.167726e-06,2.578264e-06,33832150000000.0,3638233000000.0,0.3515595,2.283151e-06,-2.350974e-06,-4.552891e-06,-2.29951e-06,-2.263499e-07,-6.794837e-06,-5.969526e-06,2.537435e-06,22971260000000.0,2269772000000.0,0.2275494,1.771332e-06,-1.668529e-06,-3.375767e-06,-1.629667e-06,-2.358226e-08,-5.114997e-06,-4.474402e-06,2.118873e-06,846728400000.0,486700000000000.0,1.731768,143400000000000.0,-1.50183
2274,1.827,6.876491,6.216560000000006,4940.925,595.8607,542.1008,-63.95316,51.54956,3.334835,32102100000000.0,31333190000000.0,3574810000000.0,0.3685579,2.259668e-06,2.096955e-07,-1.985269e-06,2.384737e-07,2.296537e-06,-4.186609e-06,-3.377339e-06,5.061179e-06,30948730000000.0,3433428000000.0,0.3415259,2.22377e-06,2.036259e-07,-1.956321e-06,2.317909e-07,2.256821e-06,-4.122686e-06,-3.326223e-06,4.977286e-06,28738110000000.0,2818951000000.0,0.2468067,2.041759e-06,1.757996e-07,-1.806688e-06,2.009458e-07,2.058686e-06,-3.795726e-06,-3.064224e-06,4.555315e-06,708756700000.0,698400000000000.0,1.819505,216200000000000.0,-1.60875
2275,1.8366,5.048509,6.563994000000003,4969.961,439.0555,574.1064,58.72154,28.66475,-84.73632,44885270000000.0,43539670000000.0,4828768000000.0,0.4280702,3.041802e-06,-2.562925e-07,-3.207762e-06,-2.119148e-07,2.558209e-06,-6.174708e-06,-5.083951e-06,6.273875e-06,42866870000000.0,4465976000000.0,0.3819472,2.931919e-06,-2.418479e-07,-3.086359e-06,-1.994337e-07,2.469843e-06,-5.946117e-06,-4.894648e-06,6.050697e-06,31813760000000.0,2993385000000.0,0.253305,2.37999e-06,-1.815552e-07,-2.489431e-06,-1.483623e-07,2.015762e-06,-4.810815e-06,-3.956889e-06,4.920514e-06,962226700000.0,270700000000000.0,1.667752,76810000000000.0,-1.455
2276,1.831,6.313687,4.873575000000003,4964.306,549.2649,425.8679,442.391,-322.1667,-373.8135,37292260000000.0,32774900000000.0,4128974000000.0,0.370171,2.517117e-06,-1.634507e-06,-4.069358e-06,-1.585467e-06,7.04499e-07,-6.535491e-06,-5.628234e-06,3.76448e-06,31621530000000.0,3899387000000.0,0.3445563,2.457942e-06,-1.576373e-06,-3.953792e-06,-1.528667e-06,7.070578e-07,-6.361919e-06,-5.475943e-06,3.694786e-06,25470230000000.0,2751954000000.0,0.2358729,2.069813e-06,-1.23309e-06,-3.234073e-06,-1.193899e-06,6.865919e-07,-5.26179e-06,-4.515452e-06,3.200841e-06,769226800000.0,404300000000000.0,1.625324,111800000000000.0,-1.39491
2277,1.8366,5.556859,7.067217999999998,4960.086,482.5704,617.8331,-218.4674,-365.4746,-386.1472,56995640000000.0,53919990000000.0,5989834000000.0,0.436514,4.604416e-06,1.896851e-06,-2.586916e-06,1.934169e-06,6.126064e-06,-7.062345e-06,-5.416452e-06,1.177859e-05,51709370000000.0,5616446000000.0,0.4031897,4.458127e-06,1.808067e-06,-2.532715e-06,1.84368e-06,5.901225e-06,-6.865909e-06,-5.272153e-06,1.137324e-05,34312720000000.0,3525925000000.0,0.2589299,3.452555e-06,1.279884e-06,-2.079168e-06,1.304859e-06,4.441375e-06,-5.434771e-06,-4.19971e-06,8.674553e-06,1161437000000.0,469300000000000.0,2.195499,175300000000000.0,-1.91609
2278,1.827,5.154015,6.865672999999995,4950.241,446.5016,598.4557,282.5669,-24.06494,21.08098,32967120000000.0,29410900000000.0,3233191000000.0,0.3545712,1.673438e-06,-9.947786e-07,-2.616784e-06,-9.617854e-07,5.662564e-07,-4.253619e-06,-3.652458e-06,2.606875e-06,28449760000000.0,3054236000000.0,0.3335316,1.629431e-06,-9.579655e-07,-2.537228e-06,-9.259313e-07,5.617286e-07,-4.131014e-06,-3.545634e-06,2.548536e-06,18838360000000.0,1795833000000.0,0.2129767,1.233829e-06,-6.666999e-07,-1.861984e-06,-6.43027e-07,4.821873e-07,-3.068791e-06,-2.625355e-06,1.985681e-06,747919300000.0,258900000000000.0,1.316052,57970000000000.0,-1.12365
2279,1.835,5.164961,5.790661000000002,4974.237,449.6241,506.5021,238.9825,-251.4513,566.175,46326980000000.0,39118420000000.0,4338173000000.0,0.3911834,3.019855e-06,-1.316188e-06,-4.238899e-06,-1.263918e-06,1.480643e-06,-7.194002e-06,-6.106442e-06,5.154882e-06,37388370000000.0,4071759000000.0,0.3638701,2.926181e-06,-1.255908e-06,-4.087646e-06,-1.20556e-06,1.453193e-06,-6.951041e-06,-5.897135e-06,5.012938e-06,25566340000000.0,2577015000000.0,0.2351706,2.275479e-06,-8.880699e-07,-3.088457e-06,-8.50536e-07,1.2134e-06,-5.314912e-06,-4.49491e-06,3.97879e-06,911459300000.0,738500000000000.0,2.101141,264000000000000.0,-1.858898
2282,1.843,6.143138,5.069331999999995,4983.924,536.4234,444.668,180.6469,-96.45422,-408.2625,84772610000000.0,77948510000000.0,9758642000000.0,0.4887979,9.588982e-06,-1.332449e-06,-1.058637e-05,-1.226839e-06,7.405011e-06,-1.994861e-05,-1.649081e-05,1.902907e-05,76122340000000.0,9330258000000.0,0.4604819,9.392779e-06,-1.291511e-06,-1.035519e-05,-1.188998e-06,7.264218e-06,-1.952581e-05,-1.613847e-05,1.864888e-05,55746160000000.0,6282507000000.0,0.3039392,7.601817e-06,-9.648688e-07,-8.294227e-06,-8.883081e-07,5.939353e-06,-1.571588e-05,-1.297243e-05,1.514266e-05,1486478000000.0,432200000000000.0,2.711703,199400000000000.0,-2.383503
2283,1.8406,5.288045,6.174660000000002,4978.273,460.7727,540.888,102.6638,-241.5341,-230.1206,34024380000000.0,30083700000000.0,3245247000000.0,0.3569309,1.845623e-06,-2.003716e-07,-1.994029e-06,-1.706776e-07,1.516194e-06,-3.794818e-06,-3.133647e-06,3.775406e-06,27969190000000.0,2976425000000.0,0.327653,1.775222e-06,-1.897428e-07,-1.91483e-06,-1.613357e-07,1.46085e-06,-3.646917e-06,-3.01092e-06,3.633627e-06,17300530000000.0,1694200000000.0,0.2058905,1.305632e-06,-1.271894e-07,-1.395218e-06,-1.070472e-07,1.084386e-06,-2.669082e-06,-2.201093e-06,2.681157e-06,770744500000.0,385200000000000.0,1.536544,100700000000000.0,-1.30581
2284,1.8495,5.218944,4.837407000000006,5004.175,457.0839,425.2657,6.651544,172.0819,-172.3344,31140960000000.0,27680850000000.0,3063991000000.0,0.3450188,1.663499e-06,-2.566806e-08,-1.643188e-06,5.405162e-11,1.521017e-06,-3.265191e-06,-2.669774e-06,3.558965e-06,27200280000000.0,2926065000000.0,0.3269085,1.629932e-06,-2.48991e-08,-1.609699e-06,2.195596e-10,1.490307e-06,-3.198969e-06,-2.61554e-06,3.486993e-06,21048980000000.0,1972392000000.0,0.2197943,1.341731e-06,-1.893473e-08,-1.322942e-06,1.147825e-09,1.226463e-06,-2.631178e-06,-2.150724e-06,2.869115e-06,670153400000.0,380600000000000.0,1.459214,94490000000000.0,-1.24839
2285,1.8479,6.258968,5.071857000000005,4990.67,547.3578,445.5907,7.512707,-446.529,-498.6482,34504950000000.0,27776970000000.0,3118781000000.0,0.3464109,1.756697e-06,3.027009e-07,-1.409444e-06,3.279957e-07,1.937742e-06,-3.122036e-06,-2.493688e-06,4.096271e-06,26143030000000.0,2844497000000.0,0.320016,1.668756e-06,2.834003e-07,-1.342881e-06,3.072907e-07,1.836131e-06,-2.969714e-06,-2.372785e-06,3.886347e-06,14705450000000.0,1401516000000.0,0.1951644,1.104112e-06,1.721524e-07,-9.032162e-07,1.873706e-07,1.197552e-06,-1.979494e-06,-1.584387e-06,2.552979e-06,720534500000.0,264200000000000.0,1.417126,63700000000000.0,-1.17216
2286,1.843,5.035126,5.983853999999995,4985.911,439.2909,524.6444,-10.88856,314.6826,119.2251,186365200000000.0,99574170000000.0,14175820000000.0,0.5294501,2.377676e-05,-5.3703e-07,-2.342036e-05,-4.062168e-07,2.080702e-05,-4.660049e-05,-3.800956e-05,4.952165e-05,97267430000000.0,13152160000000.0,0.4960358,2.249418e-05,-5.033692e-07,-2.214941e-05,-3.826815e-07,1.967973e-05,-4.407897e-05,-3.595048e-05,4.684029e-05,68433220000000.0,7685507000000.0,0.3251488,1.533835e-05,-3.200656e-07,-1.506386e-05,-2.549532e-07,1.338874e-05,-3.001627e-05,-2.446814e-05,3.188032e-05,1790344000000.0,400900000000000.0,3.759099,256400000000000.0,-3.30957
2287,1.8398,4.9647630000000005,4.9561720000000005,4989.335,433.4185,434.2942,-2.256145,497.4744,-6.020829,28930330000000.0,27488620000000.0,2689889000000.0,0.3457189,1.40321e-06,-1.217141e-07,-1.486706e-06,-9.880257e-08,1.185624e-06,-2.85606e-06,-2.353518e-06,2.905327e-06,25854680000000.0,2539292000000.0,0.3230106,1.367097e-06,-1.16959e-07,-1.446726e-06,-9.47279e-08,1.156437e-06,-2.780827e-06,-2.291193e-06,2.831722e-06,18838360000000.0,1666650000000.0,0.2118083,1.117355e-06,-8.770135e-08,-1.174017e-06,-7.004119e-08,9.51411e-07,-2.264342e-06,-1.864012e-06,2.319764e-06,700685000000.0,488200000000000.0,1.474824,122500000000000.0,-1.28304
2288,1.8398,5.033223,5.979734000000001,4981.093,438.6997,523.7724,742.4713,452.0792,146.9275,47768690000000.0,22971260000000.0,2647280000000.0,0.3261295,2.100908e-06,-3.298609e-06,-5.323355e-06,-3.242852e-06,-1.331779e-06,-7.39328e-06,-6.63155e-06,1.207422e-06,20856750000000.0,2309210000000.0,0.2986169,1.971195e-06,-3.050247e-06,-4.949776e-06,-2.998108e-06,-1.205438e-06,-6.891848e-06,-6.177112e-06,1.176666e-06,11822030000000.0,1001032000000.0,0.1848824,1.230313e-06,-1.764461e-06,-2.949337e-06,-1.732543e-06,-6.150907e-07,-4.161305e-06,-3.715066e-06,8.705666e-07,648708500000.0,135400000000000.0,1.334403,30740000000000.0,-1.11177
2290,1.8487,4.806862,5.944011999999998,4996.921,420.2058,522.0976,-58.71391,493.533,393.6363,36619460000000.0,26335250000000.0,2829669000000.0,0.3400725,1.571402e-06,-7.865596e-08,-1.608009e-06,-5.347838e-08,1.385334e-06,-3.141746e-06,-2.578866e-06,3.312241e-06,24989660000000.0,2684510000000.0,0.3231242,1.525181e-06,-7.55094e-08,-1.559779e-06,-5.1162e-08,1.345121e-06,-3.048387e-06,-2.50204e-06,3.215187e-06,16916080000000.0,1550958000000.0,0.2047162,1.099972e-06,-4.949532e-08,-1.119296e-06,-3.255076e-08,9.730482e-07,-2.19279e-06,-1.798597e-06,2.320643e-06,687086800000.0,391500000000000.0,1.462575,97420000000000.0,-1.29
2291,1.8447,5.286312,6.127962999999999,4985.37,461.2775,537.5296,-59.97652,-343.8602,-127.305,56418960000000.0,51132680000000.0,6221539000000.0,0.4238496,4.868422e-06,6.952067e-07,-4.031903e-06,7.47733e-07,5.171042e-06,-8.772899e-06,-7.028205e-06,1.112377e-05,48249260000000.0,5824549000000.0,0.3926784,4.736418e-06,6.675469e-07,-3.93094e-06,7.181855e-07,5.020545e-06,-8.543365e-06,-6.845832e-06,1.081108e-05,35946660000000.0,3786237000000.0,0.2632444,3.854929e-06,5.033638e-07,-3.236971e-06,5.421647e-07,4.038549e-06,-6.990869e-06,-5.608507e-06,8.747353e-06,1067650000000.0,317100000000000.0,2.007401,108300000000000.0,-1.7127
2292,1.8528,6.18102,4.924879000000004,5000.757,541.58,433.4232,-207.7177,34.7064,-499.5755,32390440000000.0,27680850000000.0,3047454000000.0,0.3456719,1.668093e-06,8.466678e-07,-7.822117e-07,8.670964e-07,2.397626e-06,-2.404942e-06,-1.809929e-06,4.453179e-06,25374110000000.0,2781214000000.0,0.3163746,1.594726e-06,7.956545e-07,-7.614278e-07,8.150401e-07,2.277921e-06,-2.312766e-06,-1.743884e-06,4.242802e-06,18838360000000.0,1707760000000.0,0.2110655,1.236096e-06,5.715892e-07,-6.347563e-07,5.860737e-07,1.718736e-06,-1.837156e-06,-1.396054e-06,3.24077e-06,717764500000.0,246700000000000.0,1.348971,56620000000000.0,-1.12662
2296,1.8609,6.645979,5.545359999999997,5004.504,583.1111,489.1651,25.69034,-236.8184,-99.2887,89674420000000.0,45365840000000.0,5060635000000.0,0.4049816,5.203108e-06,7.915824e-08,-4.965043e-06,1.409353e-07,4.861617e-06,-1.003669e-05,-8.169386e-06,1.120979e-05,42770760000000.0,4593501000000.0,0.37594,4.81772e-06,7.270724e-08,-4.597571e-06,1.295868e-07,4.499918e-06,-9.293553e-06,-7.564458e-06,1.037736e-05,28065310000000.0,2364364000000.0,0.2405872,2.944335e-06,4.161607e-08,-2.810881e-06,7.455579e-08,2.741539e-06,-5.680748e-06,-4.623439e-06,6.330501e-06,1016648000000.0,295700000000000.0,2.200382,110700000000000.0,-1.99485
2297,1.8626,4.924834,4.818262000000003,5028.098,433.2554,425.4056,-216.6951,516.0591,-41.54624,32005980000000.0,18453900000000.0,2138881000000.0,0.3000509,1.261757e-06,5.11595e-07,-7.203638e-07,5.292017e-07,1.688323e-06,-1.948971e-06,-1.498664e-06,3.24276e-06,17396650000000.0,1955130000000.0,0.2788897,1.188918e-06,4.762648e-07,-6.844934e-07,4.927811e-07,1.584816e-06,-1.842162e-06,-1.417831e-06,3.049381e-06,12494830000000.0,1137422000000.0,0.1837386,8.143882e-07,3.048241e-07,-4.899453e-07,3.158323e-07,1.063153e-06,-1.282883e-06,-9.921409e-07,2.065799e-06,511911200000.0,272300000000000.0,1.215457,56310000000000.0,-1.046041
2299,1.8552,6.9604930000000005,6.914299000000004,4979.248,607.89,608.2993,97.38168,-61.57721,-124.957,37003920000000.0,31621530000000.0,3345270000000.0,0.3599579,1.844311e-06,-2.676146e-07,-2.059152e-06,-2.374862e-07,1.447506e-06,-3.858673e-06,-3.197919e-06,3.703789e-06,30275930000000.0,3114536000000.0,0.3352408,1.768839e-06,-2.531013e-07,-1.971197e-06,-2.24343e-07,1.3914e-06,-3.697074e-06,-3.063316e-06,3.555127e-06,16243280000000.0,1553520000000.0,0.2008519,1.124094e-06,-1.482052e-07,-1.239524e-06,-1.30488e-07,8.951051e-07,-2.3363e-06,-1.933372e-06,2.26924e-06,833543500000.0,309000000000000.0,1.463319,76930000000000.0,-1.273
2301,1.8675,5.141413,6.120245000000003,5023.596,452.0042,540.8389,82.86401,-225.149,-61.81008,31621530000000.0,28641990000000.0,3072472000000.0,0.3510838,1.585303e-06,-1.896187e-07,-1.73095e-06,-1.631758e-07,1.287575e-06,-3.277584e-06,-2.710028e-06,3.22937e-06,27776970000000.0,2864889000000.0,0.3250488,1.535978e-06,-1.812371e-07,-1.674512e-06,-1.557195e-07,1.249668e-06,-3.173019e-06,-2.623091e-06,3.130876e-06,18550010000000.0,1693540000000.0,0.2089794,1.175535e-06,-1.276042e-07,-1.269943e-06,-1.086104e-07,9.658108e-07,-2.416778e-06,-1.995734e-06,2.404679e-06,726074500000.0,294800000000000.0,1.336422,67030000000000.0,-1.14444
2302,1.8799,6.769652,6.3150040000000045,5025.165,596.5153,560.0198,208.2344,-273.4954,154.2507,42001850000000.0,38637850000000.0,4295569000000.0,0.3820266,2.731051e-06,-8.83882e-07,-3.530076e-06,-8.381053e-07,1.647879e-06,-6.198792e-06,-5.217421e-06,4.976778e-06,37484490000000.0,4071015000000.0,0.3580601,2.673765e-06,-8.562263e-07,-3.446748e-06,-8.115811e-07,1.621884e-06,-6.059474e-06,-5.098636e-06,4.880674e-06,24412970000000.0,2512623000000.0,0.2284936,2.118674e-06,-6.215169e-07,-2.673022e-06,-5.873916e-07,1.338153e-06,-4.743253e-06,-3.981511e-06,3.918336e-06,902580300000.0,494200000000000.0,1.798253,151200000000000.0,-1.577305
2305,1.8799,5.33067,6.6625030000000045,5035.152,469.8155,590.7087,125.0126,-276.9541,-71.80113,28545880000000.0,20952870000000.0,2079806000000.0,0.3123323,1.036735e-06,-2.207485e-07,-1.229005e-06,-2.022771e-07,7.477416e-07,-2.240968e-06,-1.869795e-06,2.017997e-06,19991730000000.0,1908186000000.0,0.2915073,9.840689e-07,-2.069418e-07,-1.163918e-06,-1.894712e-07,7.121493e-07,-2.12447e-06,-1.772134e-06,1.917772e-06,11149230000000.0,863512200000.0,0.175774,5.850603e-07,-1.129234e-07,-6.816037e-07,-1.028158e-07,4.326133e-07,-1.252666e-06,-1.043106e-06,1.14893e-06,624605000000.0,158400000000000.0,1.13545,30600000000000.0,-0.915948
2306,1.8807,5.349641,5.283176000000004,5048.895,472.7842,468.9191,-199.1324,-98.57304,-29.81745,47288120000000.0,44308580000000.0,5085122000000.0,0.4085882,3.53418e-06,1.117932e-06,-2.320843e-06,1.153843e-06,4.373825e-06,-5.758078e-06,-4.494583e-06,8.708168e-06,42578530000000.0,4723278000000.0,0.3731274,3.411883e-06,1.061339e-06,-2.258061e-06,1.095612e-06,4.203306e-06,-5.576341e-06,-4.356442e-06,8.386998e-06,28065310000000.0,2992704000000.0,0.2396014,2.640221e-06,7.503677e-07,-1.816515e-06,7.750414e-07,3.175835e-06,-4.384248e-06,-3.439662e-06,6.410196e-06,984536800000.0,600400000000000.0,2.060693,210500000000000.0,-1.80477
2307,1.8766,5.033967,6.055646000000002,5038.442,443.8165,536.5792,-335.1004,131.2535,493.9637,57091760000000.0,44789150000000.0,5744122000000.0,0.4026243,4.381438e-06,1.658407e-06,-2.60837e-06,1.697352e-06,5.688976e-06,-6.868897e-06,-5.302416e-06,1.106782e-05,42194080000000.0,5328639000000.0,0.3737184,4.212191e-06,1.573533e-06,-2.527982e-06,1.610539e-06,5.447e-06,-6.623894e-06,-5.117794e-06,1.06173e-05,28930330000000.0,3144134000000.0,0.2422551,3.06792e-06,1.057385e-06,-1.927805e-06,1.08225e-06,3.871839e-06,-4.910856e-06,-3.813272e-06,7.633915e-06,994319200000.0,293600000000000.0,1.926243,96220000000000.0,-1.641758
2308,1.889,5.284356,5.869331999999996,5058.647,467.8834,522.2435,-239.728,93.32095,493.9552,28641990000000.0,27104170000000.0,2964660000000.0,0.3397259,1.669252e-06,5.662299e-07,-1.060867e-06,5.867215e-07,2.114113e-06,-2.685886e-06,-2.089406e-06,4.165909e-06,26527480000000.0,2826433000000.0,0.3180497,1.634495e-06,5.471246e-07,-1.045973e-06,5.670767e-07,2.062407e-06,-2.637142e-06,-2.05305e-06,4.071278e-06,19991730000000.0,2039567000000.0,0.2155312,1.393672e-06,4.293675e-07,-9.283121e-07,4.457189e-07,1.719226e-06,-2.284961e-06,-1.78674e-06,3.430932e-06,659715400000.0,1009000000000000.0,1.769112,303700000000000.0,-1.5642
2309,1.894,6.428848,5.475184000000005,5058.683,570.0014,487.9529,-17.4627,-105.2957,-73.04789,33543810000000.0,22106240000000.0,2362170000000.0,0.3155261,1.26335e-06,1.006314e-07,-1.129127e-06,1.201574e-07,1.277253e-06,-2.360254e-06,-1.908638e-06,2.827395e-06,21337320000000.0,2215763000000.0,0.2955674,1.218226e-06,9.5714e-08,-1.090039e-06,1.144566e-07,1.230037e-06,-2.277191e-06,-1.841679e-06,2.72467e-06,15474360000000.0,1378342000000.0,0.195435,9.158486e-07,6.57431e-08,-8.252601e-07,7.937681e-08,9.17064e-07,-1.717737e-06,-1.390179e-06,2.039963e-06,590678600000.0,524900000000000.0,1.459048,130300000000000.0,-1.296
2310,1.884,5.604193,5.8429389999999986,5047.503,495.2849,519.0094,66.83118,-144.9416,444.7907,52093820000000.0,41232930000000.0,4644126000000.0,0.3904245,3.398847e-06,-5.11639e-07,-3.807039e-06,-4.616093e-07,2.629732e-06,-7.125143e-06,-5.904517e-06,6.776467e-06,39887340000000.0,4329877000000.0,0.3638433,3.283412e-06,-4.874349e-07,-3.670594e-06,-4.39428e-07,2.546212e-06,-6.875982e-06,-5.696715e-06,6.551567e-06,25470230000000.0,2537473000000.0,0.2309889,2.455387e-06,-3.320988e-07,-2.710781e-06,-2.979718e-07,1.930861e-06,-5.107695e-06,-4.225285e-06,4.923158e-06,938049200000.0,360900000000000.0,1.913607,117500000000000.0,-1.651
2311,1.8924,5.915295,6.584629999999998,5050.599,523.2913,586.1222,-40.89713,-200.5964,-73.72684,32390440000000.0,31044840000000.0,3407706000000.0,0.3594381,1.868679e-06,2.558622e-07,-1.562769e-06,2.824971e-07,1.991646e-06,-3.383187e-06,-2.715026e-06,4.28391e-06,28641990000000.0,3135349000000.0,0.3253325,1.804718e-06,2.426662e-07,-1.513556e-06,2.682215e-07,1.918502e-06,-3.271659e-06,-2.626315e-06,4.132028e-06,19991730000000.0,2006825000000.0,0.2135104,1.467663e-06,1.820693e-07,-1.245503e-06,2.021712e-07,1.542753e-06,-2.675235e-06,-2.150203e-06,3.341744e-06,756562800000.0,419900000000000.0,1.500551,107200000000000.0,-1.30086
2315,1.9033,4.986111,6.259343999999993,5078.857,443.1019,559.1796,-46.60013,-203.2085,400.496,42097960000000.0,32582670000000.0,3888196000000.0,0.358265,2.386712e-06,8.650746e-08,-2.234407e-06,1.210691e-07,2.301328e-06,-4.561477e-06,-3.706851e-06,5.225338e-06,30372040000000.0,3564409000000.0,0.3316268,2.264616e-06,8.093139e-08,-2.121052e-06,1.135235e-07,2.181801e-06,-4.32906e-06,-3.518094e-06,4.955884e-06,17877220000000.0,1844936000000.0,0.2059801,1.542352e-06,5.089607e-08,-1.447963e-06,7.225205e-08,1.479024e-06,-2.951698e-06,-2.399125e-06,3.366924e-06,816847500000.0,230300000000000.0,1.481784,58060000000000.0,-1.257364
2316,1.905,4.809153,6.452291999999997,5081.493,427.5224,576.7077,-81.32663,-215.5718,6.847282,60167410000000.0,58052900000000.0,6638304000000.0,0.4383585,5.390713e-06,6.908545e-07,-4.539613e-06,7.467531e-07,5.637723e-06,-9.788846e-06,-7.856158e-06,1.222275e-05,56803410000000.0,6272821000000.0,0.406789,5.264774e-06,6.660135e-07,-4.441771e-06,7.200948e-07,5.49569e-06,-9.568353e-06,-7.680655e-06,1.192603e-05,38637850000000.0,4091660000000.0,0.2636046,4.288295e-06,4.988392e-07,-3.658703e-06,5.398629e-07,4.42315e-06,-7.834336e-06,-6.295792e-06,9.655783e-06,1180796000000.0,532500000000000.0,2.317936,210000000000000.0,-2.0394
2317,1.905,5.375466,5.037052000000002,5089.105,478.8636,450.5368,-130.1202,-39.50533,-226.8633,51709370000000.0,47288120000000.0,5422500000000.0,0.4062376,4.019541e-06,8.758625e-07,-3.030493e-06,9.179619e-07,4.574278e-06,-6.942343e-06,-5.503479e-06,9.495474e-06,45558070000000.0,5116712000000.0,0.3780175,3.897639e-06,8.36827e-07,-2.950662e-06,8.772371e-07,4.421765e-06,-6.743861e-06,-5.348504e-06,9.193021e-06,34601060000000.0,3474446000000.0,0.255348,3.151603e-06,6.260342e-07,-2.434644e-06,6.567706e-07,3.518625e-06,-5.50173e-06,-4.372838e-06,7.373375e-06,994469200000.0,572200000000000.0,2.159169,210200000000000.0,-1.901
2318,1.8974,6.359614,7.165081000000002,5048.182,562.6416,638.5377,194.9743,-29.40483,-77.5496,30083700000000.0,23067380000000.0,2644047000000.0,0.3236774,1.287392e-06,-5.192434e-07,-1.769014e-06,-4.952945e-07,6.820115e-07,-3.026727e-06,-2.565083e-06,2.255434e-06,22779030000000.0,2485569000000.0,0.3022552,1.243863e-06,-4.945277e-07,-1.70196e-06,-4.714747e-07,6.658381e-07,-2.917144e-06,-2.471083e-06,2.185921e-06,17684990000000.0,1637677000000.0,0.2037979,9.844971e-07,-3.611717e-07,-1.316443e-06,-3.433383e-07,5.559322e-07,-2.278225e-06,-1.925047e-06,1.758384e-06,575300400000.0,317700000000000.0,1.258407,68020000000000.0,-1.09098
2319,1.8982,6.555732,6.6080209999999955,5054.203,580.8344,589.362,-161.55,-214.2268,215.3212,58629580000000.0,30756500000000.0,3668975000000.0,0.3548391,2.526088e-06,7.15792e-07,-1.744188e-06,7.468025e-07,3.055376e-06,-4.202831e-06,-3.300083e-06,6.156795e-06,29891470000000.0,3399749000000.0,0.3296054,2.400751e-06,6.690535e-07,-1.668614e-06,6.982649e-07,2.891719e-06,-4.005253e-06,-3.147216e-06,5.838812e-06,21529550000000.0,2075471000000.0,0.2183025,1.73983e-06,4.424197e-07,-1.250608e-06,4.624767e-07,2.049629e-06,-2.943923e-06,-2.321755e-06,4.183508e-06,736310700000.0,419600000000000.0,1.741155,124300000000000.0,-1.59588
2320,1.8974,5.832735,5.943666999999995,5066.312,517.5418,530.2001,-74.10236,-379.8549,230.4503,36427230000000.0,20856750000000.0,2066506000000.0,0.3091134,1.228665e-06,2.489961e-07,-9.488777e-07,2.675997e-07,1.395063e-06,-2.146086e-06,-1.707151e-06,2.905705e-06,17877220000000.0,1770600000000.0,0.2798422,1.116168e-06,2.223392e-07,-8.657557e-07,2.391415e-07,1.263152e-06,-1.953336e-06,-1.554563e-06,2.635308e-06,9419178000000.0,748206800000.0,0.1663442,6.010342e-07,1.119149e-07,-4.737733e-07,1.2074e-07,6.716474e-07,-1.059391e-06,-8.445954e-07,1.410136e-06,663036100000.0,245000000000000.0,1.277244,53240000000000.0,-1.12167
2321,1.9202,4.878483,6.330950999999995,5106.104,435.816,568.571,-372.6166,-239.3506,541.5831,31717640000000.0,13071510000000.0,1266777000000.0,0.2640533,5.561573e-07,5.313689e-07,-1.376421e-08,5.385192e-07,1.051831e-06,-5.547755e-07,-3.567815e-07,1.740567e-06,12014260000000.0,1138788000000.0,0.2431745,5.188138e-07,4.8688e-07,-2.159858e-08,4.935112e-07,9.722574e-07,-5.262689e-07,-3.41562e-07,1.614665e-06,8265810000000.0,627676700000.0,0.1591764,3.51126e-07,3.02296e-07,-4.166264e-08,3.06648e-07,6.303178e-07,-3.831718e-07,-2.58137e-07,1.064809e-06,396328300000.0,297600000000000.0,1.059197,53630000000000.0,-0.9737
2322,1.9211,4.921859,6.467972000000001,5104.785,439.5964,580.8682,63.88901,43.78554,-13.37582,32102100000000.0,31717640000000.0,3338804000000.0,0.3611775,1.863736e-06,-2.311046e-07,-2.040822e-06,-2.017199e-07,1.49923e-06,-3.859018e-06,-3.191146e-06,3.778136e-06,30948730000000.0,3149423000000.0,0.3313964,1.817662e-06,-2.219987e-07,-1.986846e-06,-1.934808e-07,1.465116e-06,-3.760091e-06,-3.108685e-06,3.687458e-06,24220740000000.0,2264746000000.0,0.2255903,1.53843e-06,-1.741796e-07,-1.667287e-06,-1.507062e-07,1.251663e-06,-3.16811e-06,-2.616562e-06,3.131531e-06,721893500000.0,411900000000000.0,1.516852,106300000000000.0,-1.33155
2324,1.9185,5.525506,6.446785000000003,5095.955,492.9743,578.5048,39.99218,-352.1199,63.62225,44500810000000.0,41809620000000.0,4951387000000.0,0.3898151,3.553524e-06,-6.774918e-08,-3.514175e-06,-2.20255e-08,3.206686e-06,-6.979314e-06,-5.704159e-06,7.54448e-06,40944590000000.0,4727041000000.0,0.3647563,3.482668e-06,-6.559918e-08,-3.443032e-06,-2.106761e-08,3.142652e-06,-6.839062e-06,-5.589247e-06,7.393483e-06,31813760000000.0,3369399000000.0,0.2467855,2.956893e-06,-5.15216e-08,-2.917434e-06,-1.540753e-08,2.667001e-06,-5.800684e-06,-4.739026e-06,6.273265e-06,894307800000.0,611200000000000.0,2.04159,212300000000000.0,-1.79091
2326,1.916,4.800312,6.3659389999999965,5099.793,428.2696,570.9665,-266.0123,28.94409,263.1919,35850550000000.0,21048980000000.0,2283072000000.0,0.3093803,1.300877e-06,6.955543e-07,-5.748364e-07,7.124738e-07,1.907212e-06,-1.84013e-06,-1.376408e-06,3.510603e-06,19799500000000.0,2103547000000.0,0.2873615,1.245596e-06,6.55691e-07,-5.60615e-07,6.717944e-07,1.815543e-06,-1.772132e-06,-1.328087e-06,3.350627e-06,12879280000000.0,1189475000000.0,0.1837627,8.903636e-07,4.253079e-07,-4.436422e-07,4.363459e-07,1.252848e-06,-1.309612e-06,-9.920621e-07,2.349319e-06,570637800000.0,404200000000000.0,1.373869,94480000000000.0,-1.217122
2328,1.9109,4.834262,6.351519000000001,5091.286,430.5934,568.7407,-131.7882,-117.5794,466.3606,47960920000000.0,31333190000000.0,3889593000000.0,0.3528414,2.791718e-06,4.12032e-07,-2.303338e-06,4.476233e-07,2.994869e-06,-5.023264e-06,-4.023878e-06,6.416216e-06,30468160000000.0,3638333000000.0,0.3313373,2.689123e-06,3.919557e-07,-2.223397e-06,4.260122e-07,2.879143e-06,-4.843349e-06,-3.880622e-06,6.174365e-06,24028520000000.0,2316777000000.0,0.2249683,2.065149e-06,2.790631e-07,-1.72831e-06,3.040954e-07,2.185521e-06,-3.740249e-06,-3.000574e-06,4.714202e-06,725989900000.0,430800000000000.0,1.790029,131200000000000.0,-1.55575
2329,1.9254,6.516112,5.015035000000005,5110.357,583.7074,451.3654,-62.08025,-0.6538092,-160.3792,29410900000000.0,27104170000000.0,2633570000000.0,0.3350574,1.428198e-06,2.179959e-07,-1.172031e-06,2.382473e-07,1.544583e-06,-2.563194e-06,-2.052601e-06,3.296689e-06,26335250000000.0,2508403000000.0,0.3140144,1.393691e-06,2.097774e-07,-1.146572e-06,2.294421e-07,1.504003e-06,-2.504119e-06,-2.005832e-06,3.213614e-06,19126700000000.0,1718306000000.0,0.2078055,1.136269e-06,1.560638e-07,-9.492099e-07,1.715174e-07,1.209398e-06,-2.055996e-06,-1.649561e-06,2.602279e-06,657818100000.0,706400000000000.0,1.625,195300000000000.0,-1.443787
2330,1.9254,5.211158,6.620574,5108.534,465.9161,595.3976,28.88856,-560.2192,-186.1516,43251330000000.0,34985520000000.0,4136476000000.0,0.3650436,2.787295e-06,2.0015e-07,-2.509702e-06,2.373889e-07,2.779907e-06,-5.227207e-06,-4.228539e-06,6.193373e-06,32294330000000.0,3812369000000.0,0.3374498,2.67445e-06,1.892212e-07,-2.410642e-06,2.246822e-07,2.663658e-06,-5.018098e-06,-4.059784e-06,5.938455e-06,20856750000000.0,2181402000000.0,0.2145845,1.954791e-06,1.265758e-07,-1.772387e-06,1.512065e-07,1.931011e-06,-3.678082e-06,-2.977262e-06,4.322364e-06,827407500000.0,436900000000000.0,1.80405,134100000000000.0,-1.54539
2331,1.9262,5.999837,7.065617999999994,5097.584,535.763,635.3115,-210.8312,-320.2753,-440.2758,33447700000000.0,27776970000000.0,3122879000000.0,0.3408625,1.861375e-06,1.059843e-06,-7.578739e-07,1.080031e-06,2.785934e-06,-2.567666e-06,-1.903749e-06,5.079851e-06,27296390000000.0,2947193000000.0,0.3171139,1.815501e-06,1.019425e-06,-7.533494e-07,1.038983e-06,2.702536e-06,-2.518519e-06,-1.870928e-06,4.939674e-06,20760640000000.0,2026734000000.0,0.2132199,1.515089e-06,7.836597e-07,-6.950072e-07,7.992636e-07,2.185899e-06,-2.168001e-06,-1.627365e-06,4.05155e-06,661647300000.0,722600000000000.0,1.711392,210400000000000.0,-1.511
2332,1.9322,6.949634,5.071135,5116.219,623.628,457.3729,-9.566403,42.02724,108.0839,129946200000000.0,104283800000000.0,13574970000000.0,0.522995,1.740288e-05,-7.426178e-08,-1.683668e-05,2.592323e-08,1.557608e-05,-3.379723e-05,-2.751526e-05,3.661748e-05,102265400000000.0,13051960000000.0,0.494938,1.707371e-05,-7.207543e-08,-1.651546e-05,2.410667e-08,1.527564e-05,-3.315512e-05,-2.699129e-05,3.591555e-05,82561980000000.0,9269536000000.0,0.3366139,1.434648e-05,-5.601068e-08,-1.385957e-05,1.069766e-08,1.279602e-05,-2.784072e-05,-2.265694e-05,3.011563e-05,1751967000000.0,524600000000000.0,3.511337,313400000000000.0,-3.1779
2333,1.9374,5.46763,6.151745000000004,5129.505,490.9905,555.3988,-187.9015,-272.8833,224.1542,46134750000000.0,42001850000000.0,4882361000000.0,0.3863019,3.607184e-06,9.788649e-07,-2.529126e-06,1.015118e-06,4.298332e-06,-6.038792e-06,-4.748085e-06,8.718662e-06,40752360000000.0,4607058000000.0,0.3604405,3.510161e-06,9.403859e-07,-2.472928e-06,9.753346e-07,4.169515e-06,-5.888176e-06,-4.632083e-06,8.470389e-06,27488620000000.0,2942895000000.0,0.2334089,2.72724e-06,6.669116e-07,-1.983111e-06,6.920475e-07,3.169351e-06,-4.636505e-06,-3.659948e-06,6.507501e-06,926140800000.0,740500000000000.0,2.205002,277800000000000.0,-1.91862
2334,1.9348,6.96302,6.536709999999994,5106.739,623.6833,589.5018,-42.44485,110.8359,161.7342,31813760000000.0,15666590000000.0,1551331000000.0,0.2845589,8.038529e-07,2.047284e-08,-7.624695e-07,3.391362e-08,7.716102e-07,-1.546118e-06,-1.258863e-06,1.758701e-06,14417110000000.0,1351021000000.0,0.2570252,7.296989e-07,1.830631e-08,-6.923585e-07,3.045246e-08,6.999781e-07,-1.403715e-06,-1.142942e-06,1.595921e-06,9995863000000.0,745693500000.0,0.1718116,4.819151e-07,1.125788e-08,-4.579123e-07,1.909763e-08,4.608748e-07,-9.277072e-07,-7.554278e-07,1.052282e-06,453234500000.0,306900000000000.0,1.210572,63210000000000.0,-1.05336
2335,1.9365,4.996815,6.4489459999999985,5128.801,448.4247,581.9358,-469.2358,127.5884,198.6095,51036570000000.0,25566340000000.0,2694534000000.0,0.3303248,2.556517e-06,2.189771e-06,-3.123592e-07,2.214039e-06,4.562601e-06,-2.793924e-06,-1.884446e-06,7.723412e-06,23932400000000.0,2419897000000.0,0.3038844,2.439325e-06,2.060734e-06,-3.264984e-07,2.083704e-06,4.324176e-06,-2.694285e-06,-1.826445e-06,7.339752e-06,12879280000000.0,1076943000000.0,0.1833461,1.524316e-06,1.193917e-06,-2.971069e-07,1.207565e-06,2.606005e-06,-1.776647e-06,-1.234135e-06,4.489139e-06,686711900000.0,219600000000000.0,1.414002,52830000000000.0,-1.25334
2337,1.9245,5.154794,6.467803999999998,5108.06,460.8065,581.434,-31.89509,-415.7554,275.1035,33447700000000.0,13071510000000.0,1546080000000.0,0.2646602,7.356465e-07,7.495648e-08,-6.424706e-07,8.718512e-08,7.63331e-07,-1.359864e-06,-1.096986e-06,1.668064e-06,12302600000000.0,1403793000000.0,0.2444891,6.913365e-07,6.929734e-08,-6.048597e-07,8.073684e-08,7.16035e-07,-1.279033e-06,-1.031976e-06,1.566177e-06,9515293000000.0,843559100000.0,0.1655812,4.903077e-07,4.514331e-08,-4.327609e-07,5.305289e-08,5.031491e-07,-9.108652e-07,-7.355931e-07,1.105718e-06,386655400000.0,365100000000000.0,1.137049,70630000000000.0,-1.0296
2338,1.9331,6.906296,6.959698000000001,5100.168,617.7568,627.1311,-234.7807,106.4716,-64.78082,33351580000000.0,31140960000000.0,3142534000000.0,0.3490498,1.715634e-06,7.813043e-07,-8.922843e-07,8.022892e-07,2.374375e-06,-2.560732e-06,-1.948769e-06,4.485908e-06,29603130000000.0,2999659000000.0,0.330161,1.678264e-06,7.562762e-07,-8.8077e-07,7.767144e-07,2.314358e-06,-2.512871e-06,-1.91421e-06,4.379745e-06,18453900000000.0,1747982000000.0,0.2043295,1.266842e-06,5.194321e-07,-7.156306e-07,5.341763e-07,1.693361e-06,-1.9476e-06,-1.495485e-06,3.251264e-06,758905100000.0,286200000000000.0,1.397938,68070000000000.0,-1.209
2339,1.9279,5.115516,6.614134000000006,5112.665,457.6888,595.2044,-207.7693,-178.5433,-141.942,50844340000000.0,43539670000000.0,5165098000000.0,0.3928792,3.745108e-06,1.326808e-06,-2.319223e-06,1.36377e-06,4.777854e-06,-5.960718e-06,-4.622397e-06,9.374372e-06,40752360000000.0,4734163000000.0,0.3626116,3.566999e-06,1.245699e-06,-2.226558e-06,1.280516e-06,4.531381e-06,-5.694857e-06,-4.420061e-06,8.90864e-06,22010120000000.0,2385295000000.0,0.2178231,2.366351e-06,7.542708e-07,-1.547482e-06,7.755626e-07,2.928231e-06,-3.848287e-06,-3.002013e-06,5.829045e-06,1021876000000.0,351800000000000.0,1.92635,115300000000000.0,-1.625
2340,1.9417,5.719618,5.292681000000004,5140.508,514.8686,478.5909,-105.2074,-320.024,77.65606,34601060000000.0,30372040000000.0,3063960000000.0,0.3452917,1.800862e-06,4.504636e-07,-1.303758e-06,4.745543e-07,2.122609e-06,-3.057201e-06,-2.413722e-06,4.334422e-06,29603130000000.0,2887575000000.0,0.3247281,1.744379e-06,4.308253e-07,-1.268253e-06,4.540351e-07,2.050122e-06,-2.966692e-06,-2.343357e-06,4.192349e-06,16435510000000.0,1534509000000.0,0.1965958,1.237112e-06,2.763726e-07,-9.278436e-07,2.920493e-07,1.422263e-06,-2.132334e-06,-1.690024e-06,2.9402e-06,759908600000.0,492000000000000.0,1.647407,137900000000000.0,-1.416219
2341,1.9391,5.288402,5.175878999999998,5141.648,475.9265,467.7352,-186.8425,66.98335,22.3393,59590720000000.0,28449760000000.0,2947745000000.0,0.3384169,2.105551e-06,6.745624e-07,-1.376539e-06,7.003659e-07,2.625698e-06,-3.425144e-06,-2.67316e-06,5.212131e-06,25566340000000.0,2611425000000.0,0.3092581,1.936118e-06,6.10176e-07,-1.275669e-06,6.336892e-07,2.403623e-06,-3.159417e-06,-2.467878e-06,4.781568e-06,16723850000000.0,1364511000000.0,0.1982705,1.256918e-06,3.647526e-07,-8.58814e-07,3.792711e-07,1.526672e-06,-2.081713e-06,-1.632531e-06,3.069174e-06,718925500000.0,337400000000000.0,1.701968,97700000000000.0,-1.536381
2342,1.9513,6.788348,5.243002999999996,5145.483,612.5005,475.5033,-422.6003,-77.10448,-35.71725,56226730000000.0,37292260000000.0,4468383000000.0,0.3695549,3.759386e-06,2.611731e-06,-1.060928e-06,2.641519e-06,6.081064e-06,-4.709041e-06,-3.370066e-06,1.071761e-05,35081630000000.0,4108083000000.0,0.3441587,3.622458e-06,2.485492e-06,-1.053094e-06,2.513893e-06,5.827481e-06,-4.568313e-06,-3.278014e-06,1.029462e-05,21337320000000.0,2101845000000.0,0.2147648,2.5209e-06,1.589052e-06,-8.718863e-07,1.607222e-06,3.909609e-06,-3.31807e-06,-2.419645e-06,7.015534e-06,873011700000.0,288100000000000.0,1.757575,86150000000000.0,-1.533035
2343,1.9486,6.72386,5.484041000000001,5139.779,605.9553,496.8771,-130.1557,-111.0602,-78.13387,54208330000000.0,52382170000000.0,5798386000000.0,0.4179557,4.312686e-06,9.103213e-07,-3.280148e-06,9.553415e-07,4.877188e-06,-7.477217e-06,-5.933306e-06,1.015603e-05,51901600000000.0,5632173000000.0,0.4002519,4.258914e-06,8.926166e-07,-3.24541e-06,9.368715e-07,4.809375e-06,-7.390143e-06,-5.865416e-06,1.002206e-05,35081630000000.0,3604860000000.0,0.2523922,3.359162e-06,6.436829e-07,-2.617918e-06,6.762653e-07,3.725601e-06,-5.886955e-06,-4.683604e-06,7.833158e-06,1075406000000.0,395900000000000.0,2.011665,135500000000000.0,-1.779955
2344,1.953,7.191187,6.9025580000000035,5127.723,646.9807,625.6766,-335.1774,-66.64716,-20.01844,29795360000000.0,27776970000000.0,3157771000000.0,0.3347507,1.645188e-06,1.155314e-06,-4.525784e-07,1.17321e-06,2.683313e-06,-2.050625e-06,-1.464841e-06,4.71351e-06,27008050000000.0,2991011000000.0,0.3148084,1.605711e-06,1.116407e-06,-4.528212e-07,1.133792e-06,2.607477e-06,-2.012516e-06,-1.440764e-06,4.588816e-06,17781100000000.0,1734100000000.0,0.2010794,1.196051e-06,7.658488e-07,-4.024742e-07,7.782441e-07,1.874711e-06,-1.564219e-06,-1.138166e-06,3.349595e-06,680257900000.0,238000000000000.0,1.266653,51290000000000.0,-1.06425
2345,1.9661,5.091142,6.773396000000004,5170.213,460.6235,616.5081,-219.0997,330.057,-63.43364,33159350000000.0,31525410000000.0,3115884000000.0,0.350007,1.720209e-06,6.677134e-07,-1.009863e-06,6.894075e-07,2.265328e-06,-2.683687e-06,-2.069653e-06,4.381452e-06,30275930000000.0,2924712000000.0,0.3249203,1.661167e-06,6.348785e-07,-9.84982e-07,6.556932e-07,2.177221e-06,-2.601346e-06,-2.008347e-06,4.22048e-06,19895610000000.0,1744014000000.0,0.2073297,1.235734e-06,4.329164e-07,-7.714532e-07,4.477653e-07,1.578205e-06,-1.973814e-06,-1.532493e-06,3.097077e-06,750304900000.0,364600000000000.0,1.490041,92430000000000.0,-1.291415
2346,1.9679,5.146428,5.153342999999998,5187.096,467.1729,469.6976,-207.1047,62.5146,10.04619,29603130000000.0,24893540000000.0,2485411000000.0,0.3214271,1.205572e-06,5.46638e-07,-6.298112e-07,5.628011e-07,1.66927e-06,-1.80256e-06,-1.372685e-06,3.153776e-06,24509090000000.0,2402738000000.0,0.3091379,1.184999e-06,5.333487e-07,-6.229854e-07,5.49196e-07,1.636695e-06,-1.775719e-06,-1.353168e-06,3.0958e-06,14705450000000.0,1344106000000.0,0.1876148,8.378526e-07,3.428689e-07,-4.74321e-07,3.536658e-07,1.121681e-06,-1.289347e-06,-9.904543e-07,2.152653e-06,629308800000.0,322900000000000.0,1.263261,69400000000000.0,-1.107548
2347,1.9679,5.345465,5.3643949999999965,5183.258,484.985,488.8385,-150.946,-24.80404,199.6328,36619460000000.0,35177750000000.0,3895529000000.0,0.3599555,2.379002e-06,5.553397e-07,-1.759877e-06,5.848963e-07,2.757237e-06,-4.075764e-06,-3.225195e-06,5.675477e-06,34024380000000.0,3725168000000.0,0.3373025,2.33175e-06,5.375047e-07,-1.731574e-06,5.663164e-07,2.695164e-06,-4.001458e-06,-3.167733e-06,5.555176e-06,26431370000000.0,2666692000000.0,0.2281059,1.992137e-06,4.253088e-07,-1.512401e-06,4.49006e-07,2.265781e-06,-3.451649e-06,-2.739065e-06,4.707703e-06,774965800000.0,489000000000000.0,1.66713,138700000000000.0,-1.47411
2348,1.9635,5.162924,6.824001000000002,5164.819,466.6658,620.5796,103.8697,-62.72684,-413.6747,54688900000000.0,48345380000000.0,5639247000000.0,0.4006364,4.365796e-06,-2.982585e-07,-4.531004e-06,-2.397888e-07,3.726405e-06,-8.790265e-06,-7.222757e-06,9.052914e-06,45365840000000.0,5192583000000.0,0.3706992,4.195588e-06,-2.828127e-07,-4.350114e-06,-2.270573e-07,3.583558e-06,-8.443293e-06,-6.936765e-06,8.701676e-06,24701320000000.0,2584959000000.0,0.2230475,2.82748e-06,-1.753324e-07,-2.914401e-06,-1.397808e-07,2.423861e-06,-5.672749e-06,-4.65685e-06,5.869673e-06,1090188000000.0,363000000000000.0,1.983496,122500000000000.0,-1.70577
2349,1.9653,5.161054,6.813030000000006,5167.195,466.7104,619.8556,-237.708,-259.3311,-134.1883,37868940000000.0,30372040000000.0,3290505000000.0,0.3471683,2.004136e-06,1.043846e-06,-9.122737e-07,1.066577e-06,2.903071e-06,-2.860507e-06,-2.14589e-06,5.371547e-06,29218680000000.0,3048344000000.0,0.3252024,1.919784e-06,9.886633e-07,-8.849943e-07,1.010306e-06,2.769209e-06,-2.751221e-06,-2.066641e-06,5.133562e-06,14417110000000.0,1326352000000.0,0.1875672,1.146251e-06,5.406531e-07,-5.773948e-07,5.529084e-07,1.601617e-06,-1.691631e-06,-1.282681e-06,3.012157e-06,788458300000.0,202700000000000.0,1.421997,49040000000000.0,-1.16721
2350,1.9539,6.811884,4.9495239999999985,5152.366,615.4663,449.3722,-212.842,86.57404,54.17575,52574390000000.0,43828010000000.0,5202716000000.0,0.3944254,3.710117e-06,1.095034e-06,-2.514543e-06,1.133697e-06,4.51415e-06,-6.123491e-06,-4.796902e-06,9.063548e-06,41713500000000.0,4824454000000.0,0.3620359,3.566408e-06,1.035505e-06,-2.433864e-06,1.072262e-06,4.320881e-06,-5.903009e-06,-4.627674e-06,8.693374e-06,29795360000000.0,3073301000000.0,0.2386106,2.741504e-06,7.33198e-07,-1.932039e-06,7.597078e-07,3.253116e-06,-4.598721e-06,-3.617813e-06,6.611325e-06,941864000000.0,636000000000000.0,2.095059,226700000000000.0,-1.871
2351,1.9697,5.176682,6.807344999999994,5173.715,468.7221,620.1303,-435.9563,-214.7478,-343.6107,49979310000000.0,36138890000000.0,4065761000000.0,0.3624491,2.786285e-06,2.456488e-06,-2.705276e-07,2.478063e-06,5.033693e-06,-2.973514e-06,-1.982244e-06,8.478529e-06,34889410000000.0,3830716000000.0,0.3399837,2.705437e-06,2.352439e-06,-2.952192e-07,2.373176e-06,4.85416e-06,-2.919747e-06,-1.957181e-06,8.198645e-06,24316860000000.0,2381163000000.0,0.2219221,2.131195e-06,1.700348e-06,-3.841085e-07,1.715534e-06,3.667267e-06,-2.451437e-06,-1.692848e-06,6.299756e-06,823605300000.0,307300000000000.0,1.607405,84040000000000.0,-1.44342
2353,1.9741,5.1475100000000005,6.705711000000003,5182.28,466.8379,611.7689,-390.1205,-38.06401,-7.139121,49018170000000.0,40367910000000.0,4834869000000.0,0.3816887,3.613138e-06,2.069947e-06,-1.453549e-06,2.096308e-06,5.391239e-06,-4.960955e-06,-3.672022e-06,9.836325e-06,40271790000000.0,4739236000000.0,0.3715422,3.580986e-06,2.04034e-06,-1.451674e-06,2.066341e-06,5.331667e-06,-4.927862e-06,-3.65036e-06,9.736977e-06,33639920000000.0,3366968000000.0,0.2465309,3.019344e-06,1.577658e-06,-1.36484e-06,1.597734e-06,4.346819e-06,-4.295732e-06,-3.218015e-06,8.057987e-06,841670900000.0,751200000000000.0,2.155598,275500000000000.0,-1.929
2354,1.9732,6.441932,7.133093999999996,5164.39,583.1066,650.3948,142.4488,-98.12334,235.9133,35850550000000.0,23163490000000.0,2480117000000.0,0.3153571,1.510909e-06,-5.576996e-07,-2.025353e-06,-5.296719e-07,8.531998e-07,-3.501255e-06,-2.959676e-06,2.701308e-06,22010120000000.0,2274087000000.0,0.290606,1.450947e-06,-5.268007e-07,-1.936097e-06,-4.999986e-07,8.277435e-07,-3.353419e-06,-2.833299e-06,2.60232e-06,13071510000000.0,1203899000000.0,0.1803541,1.069149e-06,-3.535465e-07,-1.391496e-06,-3.343233e-07,6.428913e-07,-2.435839e-06,-2.052422e-06,1.949644e-06,616612100000.0,441000000000000.0,1.398102,104900000000000.0,-1.24344
2361,1.9981,5.390096,6.956764000000003,5212.964,491.861,638.9039,-149.1567,-0.8412463,-246.228,46615320000000.0,43251330000000.0,5029684000000.0,0.3820494,3.602731e-06,9.537113e-07,-2.55007e-06,9.915299e-07,4.272358e-06,-6.055423e-06,-4.766619e-06,8.687639e-06,41329050000000.0,4799428000000.0,0.358608,3.536844e-06,9.26957e-07,-2.51252e-06,9.638494e-07,4.184163e-06,-5.953758e-06,-4.68845e-06,8.518302e-06,30468160000000.0,3231372000000.0,0.2368262,2.887829e-06,6.959508e-07,-2.110651e-06,7.242822e-07,3.349746e-06,-4.920351e-06,-3.886662e-06,6.885546e-06,916063200000.0,541000000000000.0,1.96971,181300000000000.0,-1.73468
2362,1.9937,6.039793000000001,5.5926709999999975,5214.789,551.7585,513.4914,-152.6965,-100.7299,415.7871,32678780000000.0,23259600000000.0,2668434000000.0,0.3144875,1.448201e-06,3.725247e-07,-1.039104e-06,3.928599e-07,1.720134e-06,-2.449632e-06,-1.932245e-06,3.500275e-06,22682920000000.0,2496461000000.0,0.2937262,1.398667e-06,3.546813e-07,-1.008558e-06,3.742179e-07,1.655861e-06,-2.37083e-06,-1.87111e-06,3.374933e-06,16627730000000.0,1565032000000.0,0.1939846,1.071448e-06,2.48863e-07,-7.949038e-07,2.632986e-07,1.243908e-06,-1.838422e-06,-1.455457e-06,2.559878e-06,579861900000.0,437300000000000.0,1.424716,106000000000000.0,-1.25
2363,2.0135,6.662973,6.791159,5226.152,610.508,626.5951,-244.3686,-347.6851,-54.2803,46615320000000.0,25566340000000.0,2802841000000.0,0.318882,1.822244e-06,1.096706e-06,-6.833036e-07,1.117962e-06,2.790214e-06,-2.454689e-06,-1.805272e-06,5.037062e-06,24412970000000.0,2612574000000.0,0.2983402,1.74169e-06,1.033936e-06,-6.672495e-07,1.054119e-06,2.652146e-06,-2.360317e-06,-1.739569e-06,4.799433e-06,16051050000000.0,1546639000000.0,0.19375,1.243332e-06,6.732019e-07,-5.405189e-07,6.869246e-07,1.826158e-06,-1.749088e-06,-1.305752e-06,3.35783e-06,635834900000.0,301200000000000.0,1.40579,72040000000000.0,-1.26918
2364,2.0045,6.58056,6.66858,5215.029,601.6065,613.7698,-316.3704,-330.2802,91.26168,41425160000000.0,38061170000000.0,4275809000000.0,0.3658124,2.936208e-06,1.56996e-06,-1.293629e-06,1.595359e-06,4.276258e-06,-4.145972e-06,-3.098217e-06,7.888716e-06,37676710000000.0,4104669000000.0,0.3455769,2.88774e-06,1.528878e-06,-1.287264e-06,1.553684e-06,4.189938e-06,-4.092511e-06,-3.061998e-06,7.742457e-06,28738110000000.0,2905156000000.0,0.2317208,2.439933e-06,1.19314e-06,-1.184985e-06,1.212794e-06,3.437319e-06,-3.555128e-06,-2.684021e-06,6.436657e-06,812606000000.0,688300000000000.0,1.945261,227800000000000.0,-1.73943
2365,2.0036,6.31749,6.3665639999999994,5219.05,577.8011,585.8843,-190.2733,-230.546,228.9792,89386080000000.0,84388150000000.0,10530350000000.0,0.477258,1.324292e-05,2.112203e-06,-1.067874e-05,2.154441e-06,1.401096e-05,-2.355879e-05,-1.87915e-05,3.008387e-05,82561980000000.0,10067560000000.0,0.4473987,1.301853e-05,2.053568e-06,-1.05191e-05,2.093483e-06,1.374563e-05,-2.318084e-05,-1.849381e-05,2.954347e-05,64396420000000.0,7285133000000.0,0.3032709,1.129495e-05,1.649122e-06,-9.248787e-06,1.673112e-06,1.175962e-05,-2.023366e-05,-1.616377e-05,2.544778e-05,1459915000000.0,1408000000000000.0,3.954456,947300000000000.0,-3.51648
2366,2.0244,6.7340100000000005,5.241731000000005,5254.771,620.4561,485.4297,26.87178,146.3845,-5.673721,35466090000000.0,14224880000000.0,1807187000000.0,0.2614962,1.086629e-06,-1.219979e-07,-1.179793e-06,-1.027569e-07,8.944861e-07,-2.239704e-06,-1.851198e-06,2.227786e-06,11437570000000.0,1458606000000.0,0.2309691,9.450719e-07,-1.046645e-07,-1.024606e-06,-8.798536e-08,7.792244e-07,-1.946438e-06,-1.608527e-06,1.938742e-06,5959072000000.0,533501700000.0,0.1365571,4.838745e-07,-5.03038e-08,-5.211673e-07,-4.191662e-08,4.01761e-07,-9.931392e-07,-8.200812e-07,9.951827e-07,395451700000.0,251400000000000.0,1.039923,44480000000000.0,-0.9487
2367,2.0226,5.170694,7.110927999999996,5248.977,474.9875,657.4869,30.05558,330.3732,-264.4546,44693040000000.0,41329050000000.0,4842834000000.0,0.3732445,3.902413e-06,-1.39046e-07,-3.91957e-06,-9.216434e-08,3.444634e-06,-7.72559e-06,-6.32358e-06,8.200689e-06,40656250000000.0,4699662000000.0,0.3562619,3.858648e-06,-1.363626e-07,-3.874276e-06,-9.022431e-08,3.406434e-06,-7.637599e-06,-6.251246e-06,8.108785e-06,34120490000000.0,3544792000000.0,0.2451207,3.418596e-06,-1.121052e-07,-3.421879e-06,-7.314247e-08,3.020577e-06,-6.755907e-06,-5.527069e-06,7.183451e-06,839806300000.0,1054000000000000.0,2.386182,427900000000000.0,-2.122984
2368,2.0208,5.957609,5.2286169999999945,5258.063,548.7118,483.7823,-234.3973,17.49115,314.4248,30852620000000.0,27680850000000.0,3625764000000.0,0.3275411,2.013147e-06,7.738868e-07,-1.189154e-06,7.987416e-07,2.642322e-06,-3.14781e-06,-2.429189e-06,5.118473e-06,26719710000000.0,3381692000000.0,0.3060749,1.957504e-06,7.449763e-07,-1.163693e-06,7.690313e-07,2.561404e-06,-3.068204e-06,-2.369412e-06,4.968919e-06,15282140000000.0,1791669000000.0,0.1875307,1.377534e-06,4.834414e-07,-8.590118e-07,4.9965e-07,1.759378e-06,-2.199209e-06,-1.707236e-06,3.452357e-06,661572400000.0,320100000000000.0,1.391644,75790000000000.0,-1.14562
2369,2.0281,4.874392,5.945639999999998,5272.663,449.6529,551.1151,250.6624,-249.484,-135.9159,55746160000000.0,34216610000000.0,4528510000000.0,0.3495745,3.408607e-06,-1.093223e-06,-4.392374e-06,-1.037637e-06,2.058771e-06,-7.72388e-06,-6.49783e-06,6.207402e-06,29699250000000.0,3863161000000.0,0.3166072,3.014511e-06,-9.648667e-07,-3.882604e-06,-9.156769e-07,1.822795e-06,-6.828929e-06,-5.744643e-06,5.491818e-06,19895610000000.0,1856220000000.0,0.2052588,1.879475e-06,-5.759309e-07,-2.394483e-06,-5.458748e-07,1.160172e-06,-4.231411e-06,-3.555197e-06,3.446717e-06,816408300000.0,236000000000000.0,1.692058,67940000000000.0,-1.45
2371,2.0447,5.835607,6.200884000000006,5285.347,540.1847,577.2464,-202.9528,-253.0432,501.3772,35177750000000.0,21721780000000.0,2185111000000.0,0.2992803,1.238513e-06,4.945571e-07,-7.147134e-07,5.117949e-07,1.649468e-06,-1.920846e-06,-1.478744e-06,3.175216e-06,20568410000000.0,2021195000000.0,0.2783002,1.187608e-06,4.681066e-07,-6.913769e-07,4.845612e-07,1.575299e-06,-1.847921e-06,-1.423971e-06,3.038196e-06,13359860000000.0,1124149000000.0,0.1777691,8.374854e-07,3.018733e-07,-5.15345e-07,3.130843e-07,1.081344e-06,-1.330856e-06,-1.03179e-06,2.112232e-06,551733200000.0,522700000000000.0,1.383103,123000000000000.0,-1.27
2373,2.0512,6.042439,6.342295000000004,5291.85,560.1591,591.466,-104.2404,-274.6888,24.27512,36427230000000.0,31333190000000.0,3793072000000.0,0.3382175,2.275165e-06,5.317351e-07,-1.683311e-06,5.610802e-07,2.640679e-06,-3.898358e-06,-3.085126e-06,5.433031e-06,29987590000000.0,3542585000000.0,0.3149002,2.192204e-06,5.052576e-07,-1.628842e-06,5.333497e-07,2.536716e-06,-3.763112e-06,-2.979476e-06,5.22694e-06,19222810000000.0,2036786000000.0,0.1999012,1.593522e-06,3.382336e-07,-1.212209e-06,3.577844e-07,1.812131e-06,-2.763582e-06,-2.193682e-06,3.766203e-06,723796600000.0,423000000000000.0,1.568756,112900000000000.0,-1.36026
2375,2.0775,6.346903,5.9646459999999974,5330.864,592.9503,560.4057,-326.626,-264.0094,-131.722,29795360000000.0,29218680000000.0,3139269000000.0,0.3310893,1.802792e-06,1.246332e-06,-5.149459e-07,1.263778e-06,2.915752e-06,-2.265809e-06,-1.623551e-06,5.13919e-06,28545880000000.0,2989815000000.0,0.3071197,1.7648e-06,1.202134e-06,-5.218951e-07,1.219085e-06,2.835957e-06,-2.235849e-06,-1.607089e-06,5.012312e-06,22971260000000.0,2224944000000.0,0.2120462,1.550585e-06,9.83076e-07,-5.310725e-07,9.973707e-07,2.416626e-06,-2.036934e-06,-1.484315e-06,4.327748e-06,643687400000.0,702700000000000.0,1.615155,193100000000000.0,-1.44342
2376,2.0737,5.6990490000000005,6.417820000000001,5327.408,531.6567,602.219,-162.3591,-113.008,-153.4526,32005980000000.0,18742240000000.0,1958960000000.0,0.2818052,1.127828e-06,4.699991e-07,-6.305045e-07,4.853125e-07,1.520441e-06,-1.727792e-06,-1.325576e-06,2.909049e-06,12783170000000.0,1385576000000.0,0.2358999,8.914599e-07,3.664246e-07,-5.033719e-07,3.784614e-07,1.196501e-06,-1.370689e-06,-1.052748e-06,2.293973e-06,865026600000.0,81926600000.0,0.07609139,1.228318e-07,4.9433e-08,-7.040175e-08,5.107914e-08,1.637671e-07,-1.899065e-07,-1.460944e-07,3.149638e-07,639860100000.0,89050000000000.0,1.047478,15870000000000.0,-0.81585
2381,2.0634,6.764273,5.027800999999999,5314.801,630.3907,470.8611,-61.31055,-124.2869,80.24511,28161420000000.0,23644060000000.0,2556040000000.0,0.3061181,1.375955e-06,1.962597e-07,-1.143517e-06,2.166949e-07,1.476848e-06,-2.48391e-06,-1.992197e-06,3.165901e-06,22202350000000.0,2311057000000.0,0.285281,1.291114e-06,1.827061e-07,-1.07441e-06,2.018278e-07,1.384164e-06,-2.332155e-06,-1.870743e-06,2.968984e-06,10860890000000.0,919614400000.0,0.1647115,6.896069e-07,9.218545e-08,-5.790593e-07,1.021852e-07,7.332258e-07,-1.250838e-06,-1.004322e-06,1.579354e-06,659669300000.0,256200000000000.0,1.28748,56120000000000.0,-1.0437
2382,2.0889,6.717882000000001,4.814958000000005,5353.859,630.628,454.1015,-179.6035,-141.6664,-365.2363,35754430000000.0,34120490000000.0,4067635000000.0,0.3458892,2.528713e-06,9.798988e-07,-1.484733e-06,1.00821e-06,3.319918e-06,-3.944387e-06,-3.041334e-06,6.428205e-06,33543810000000.0,3903831000000.0,0.3286121,2.48832e-06,9.568663e-07,-1.468283e-06,9.846135e-07,3.259146e-06,-3.88864e-06,-2.999978e-06,6.317587e-06,24316860000000.0,2473552000000.0,0.2143293,2.00756e-06,7.15199e-07,-1.240405e-06,7.365938e-07,2.569462e-06,-3.193066e-06,-2.475798e-06,5.035277e-06,747580000000.0,375500000000000.0,1.587193,101400000000000.0,-1.35333
2383,2.0813,6.304806,5.815401000000002,5337.212,589.6869,546.8915,-189.0037,-164.3986,259.5874,28930330000000.0,12494830000000.0,1235985000000.0,0.2462611,6.246898e-07,3.034658e-07,-3.067855e-07,3.127101e-07,8.876047e-07,-9.147839e-07,-6.9213e-07,1.657876e-06,11053120000000.0,1059300000000.0,0.2253624,5.612867e-07,2.700757e-07,-2.782145e-07,2.783592e-07,7.948532e-07,-8.245016e-07,-6.244396e-07,1.486905e-06,4901817000000.0,352575900000.0,0.1273471,2.64731e-07,1.185684e-07,-1.399377e-07,1.223822e-07,3.657766e-07,-3.975863e-07,-3.031995e-07,6.920207e-07,407331400000.0,149400000000000.0,0.9784238,24870000000000.0,-0.8216
2384,2.0841,6.624724,7.115513999999999,5324.968,618.4485,669.1922,-312.1383,-295.2106,70.59148,30179820000000.0,15570480000000.0,1797243000000.0,0.2643836,9.268242e-07,7.981687e-07,-1.08986e-07,8.096055e-07,1.663243e-06,-1.009599e-06,-6.79868e-07,2.809193e-06,15186020000000.0,1720709000000.0,0.2550501,9.041042e-07,7.747111e-07,-1.101834e-07,7.858466e-07,1.61851e-06,-9.887167e-07,-6.670625e-07,2.73633e-06,9899749000000.0,889368400000.0,0.1593762,5.689305e-07,4.475157e-07,-1.090702e-07,4.542798e-07,9.776961e-07,-6.618829e-07,-4.594042e-07,1.680675e-06,424451200000.0,388900000000000.0,1.156935,76550000000000.0,-1.03653
2386,2.0985,6.052122,6.980464000000001,5352.282,567.4707,658.9982,36.10314,-219.0365,295.8052,65453680000000.0,59206260000000.0,6620317000000.0,0.4141064,5.800242e-06,-3.577635e-07,-5.97312e-06,-2.880313e-07,4.96363e-06,-1.163104e-05,-9.54614e-06,1.202633e-05,57668440000000.0,6274342000000.0,0.3857379,5.667919e-06,-3.450186e-07,-5.83173e-06,-2.774397e-07,4.853194e-06,-1.136055e-05,-9.323034e-06,1.175384e-05,37965060000000.0,3970061000000.0,0.2474922,4.54089e-06,-2.531781e-07,-4.645621e-06,-2.024569e-07,3.90059e-06,-9.074902e-06,-7.441467e-06,9.423414e-06,1116038000000.0,353900000000000.0,2.169024,130600000000000.0,-1.932
2387,2.0985,5.14412,5.265235000000004,5379.25,484.2608,497.7308,166.708,-298.5927,196.8503,32294330000000.0,25470230000000.0,2648834000000.0,0.3158033,1.388293e-06,-4.921701e-07,-1.840822e-06,-4.666305e-07,8.03876e-07,-3.197145e-06,-2.699391e-06,2.502081e-06,23932400000000.0,2422159000000.0,0.2895601,1.323345e-06,-4.610154e-07,-1.746459e-06,-4.367846e-07,7.740315e-07,-3.03932e-06,-2.56482e-06,2.392597e-06,10668660000000.0,1053790000000.0,0.1621835,8.168217e-07,-2.550604e-07,-1.047989e-06,-2.406068e-07,5.056487e-07,-1.845954e-06,-1.552925e-06,1.503849e-06,660952400000.0,303200000000000.0,1.274196,65730000000000.0,-1.10583
2389,2.111,7.166787,5.794023,5371.846,675.4585,549.3783,124.4133,-21.80924,121.4851,35273860000000.0,16531620000000.0,1476436000000.0,0.2693262,6.491729e-07,-2.45482e-07,-8.768806e-07,-2.329687e-07,3.627934e-07,-1.510756e-06,-1.278409e-06,1.158301e-06,15570480000000.0,1356244000000.0,0.2493988,6.070672e-07,-2.255428e-07,-8.159469e-07,-2.138848e-07,3.431406e-07,-1.408707e-06,-1.191417e-06,1.08698e-06,9803635000000.0,713913300000.0,0.1585167,3.928157e-07,-1.338351e-07,-5.157257e-07,-1.264418e-07,2.336665e-07,-8.992787e-07,-7.586296e-07,7.147393e-07,459413700000.0,249500000000000.0,1.01392,43040000000000.0,-0.9583
2390,2.1256,7.1025,6.489835,5385.765,671.0712,617.4002,-21.27918,28.74532,219.6037,72662230000000.0,59590720000000.0,6718782000000.0,0.4095522,6.512605e-06,-5.480807e-08,-6.354293e-06,1.101823e-08,5.890372e-06,-1.270301e-05,-1.036096e-05,1.38113e-05,57283980000000.0,6366410000000.0,0.3822088,6.332126e-06,-5.250407e-08,-6.176632e-06,1.066739e-08,5.725305e-06,-1.234938e-05,-1.007197e-05,1.342535e-05,41809620000000.0,4332202000000.0,0.2541865,5.128985e-06,-3.894004e-08,-4.995274e-06,7.80961e-09,4.627145e-06,-9.994999e-06,-8.148904e-06,1.085684e-05,1097065000000.0,871000000000000.0,2.829493,419300000000000.0,-2.555
2392,2.1236,6.0873,5.7529179999999975,5401.876,576.0829,547.3042,103.6067,-432.658,-285.9503,50844340000000.0,50171540000000.0,5936702000000.0,0.3901801,4.828116e-06,-1.75544e-07,-4.852628e-06,-1.182205e-07,4.256331e-06,-9.562197e-06,-7.827084e-06,1.01399e-05,49498740000000.0,5701977000000.0,0.3657377,4.743691e-06,-1.704788e-07,-4.765393e-06,-1.145472e-07,4.182654e-06,-9.39258e-06,-7.687691e-06,9.962679e-06,38445630000000.0,4164718000000.0,0.2472059,4.055712e-06,-1.354001e-07,-4.061564e-06,-8.996947e-08,3.578778e-06,-8.017493e-06,-6.559141e-06,8.516481e-06,936201000000.0,515400000000000.0,2.129128,186700000000000.0,-1.88793
2395,2.1393,7.163242000000001,6.884968999999996,5399.072,678.5426,657.0507,3.54915,-92.74739,-13.71793,31621530000000.0,26815820000000.0,3144987000000.0,0.313011,1.817343e-06,3.366247e-08,-1.733145e-06,6.077311e-08,1.72128e-06,-3.504594e-06,-2.854175e-06,3.947299e-06,25854680000000.0,2961694000000.0,0.2928141,1.763691e-06,3.222962e-08,-1.682293e-06,5.840757e-08,1.669606e-06,-3.401443e-06,-2.770184e-06,3.829693e-06,17588870000000.0,1848360000000.0,0.1892014,1.340907e-06,2.234509e-08,-1.28046e-06,4.148311e-08,1.264797e-06,-2.587487e-06,-2.107306e-06,2.905827e-06,607378400000.0,556500000000000.0,1.544131,146200000000000.0,-1.348087
2399,2.1611,6.628409,4.905727,5454.809,633.8839,471.3419,499.4962,-344.5632,-93.16275,34120490000000.0,33063240000000.0,3771071000000.0,0.335515,2.34286e-06,-1.815279e-06,-4.078779e-06,-1.767358e-06,3.619627e-07,-6.37584e-06,-5.530509e-06,3.205245e-06,32198210000000.0,3581282000000.0,0.3130157,2.28932e-06,-1.751585e-06,-3.963185e-06,-1.704927e-06,3.7536e-07,-6.207728e-06,-5.38167e-06,3.15338e-06,22298460000000.0,2385018000000.0,0.2050813,1.863759e-06,-1.311181e-06,-3.110631e-06,-1.274215e-06,4.171195e-07,-4.937803e-06,-4.265019e-06,2.677015e-06,702924500000.0,566500000000000.0,1.671466,161100000000000.0,-1.4652
2400,2.1522,6.693433,4.9729829999999975,5441.914,638.6456,476.7699,706.842,-221.4564,-228.672,37196140000000.0,31525410000000.0,3587398000000.0,0.3276901,2.355413e-06,-2.679442e-06,-4.950095e-06,-2.623999e-06,-4.853421e-07,-7.265864e-06,-6.413216e-06,2.363596e-06,30275930000000.0,3336926000000.0,0.3065217,2.267165e-06,-2.547453e-06,-4.732838e-06,-2.49427e-06,-4.361493e-07,-6.961807e-06,-6.141059e-06,2.305734e-06,18165560000000.0,1771052000000.0,0.1929569,1.57443e-06,-1.637014e-06,-3.153739e-06,-1.600944e-06,-1.736126e-07,-4.701484e-06,-4.131296e-06,1.729002e-06,750935300000.0,385100000000000.0,1.620887,106200000000000.0,-1.37907
2402,2.1492,6.421203,6.385555999999995,5427.614,610.8384,611.2536,310.3768,-101.5555,352.0007,52286050000000.0,42866870000000.0,5416207000000.0,0.3628534,4.042942e-06,-1.963929e-06,-5.869208e-06,-1.893303e-06,1.771401e-06,-9.826539e-06,-8.368892e-06,6.677836e-06,41329050000000.0,5145021000000.0,0.3421317,3.945735e-06,-1.897517e-06,-5.708616e-06,-1.828881e-06,1.747078e-06,-9.570776e-06,-8.148088e-06,6.535065e-06,27200280000000.0,3136707000000.0,0.2204562,2.981511e-06,-1.319957e-06,-4.1978e-06,-1.270099e-06,1.427672e-06,-7.116014e-06,-6.040388e-06,5.042333e-06,896346300000.0,477400000000000.0,1.932943,157000000000000.0,-1.71072
2407,2.1762,5.940819000000001,6.738711000000006,5465.059,568.6942,649.2273,13.30636,118.3592,-31.78503,38541740000000.0,33447700000000.0,4229124000000.0,0.3380246,2.981296e-06,-9.861876e-08,-2.990632e-06,-5.837459e-08,2.653001e-06,-5.897559e-06,-4.828301e-06,6.293517e-06,32774900000000.0,3972426000000.0,0.3124126,2.891564e-06,-9.424245e-08,-2.898937e-06,-5.550032e-08,2.573639e-06,-5.718362e-06,-4.681195e-06,6.104106e-06,24989660000000.0,2710266000000.0,0.2105347,2.337305e-06,-7.042779e-08,-2.336228e-06,-4.048014e-08,2.081754e-06,-4.615186e-06,-3.776388e-06,4.933258e-06,692367300000.0,697000000000000.0,1.926883,228500000000000.0,-1.674127
2408,2.1722,5.949691,6.881059999999998,5457.87,568.8004,662.2114,-30.79881,-28.42884,-60.02792,38061170000000.0,36235000000000.0,4151919000000.0,0.3600734,2.760326e-06,1.784208e-07,-2.502043e-06,2.139428e-07,2.727087e-06,-5.191597e-06,-4.202713e-06,6.102809e-06,35273860000000.0,3881301000000.0,0.3216583,2.678307e-06,1.696654e-07,-2.43086e-06,2.038219e-07,2.64162e-06,-5.040491e-06,-4.080891e-06,5.916528e-06,28834220000000.0,2845269000000.0,0.2210296,2.277726e-06,1.339142e-07,-2.076607e-06,1.618399e-07,2.232603e-06,-4.295903e-06,-3.479467e-06,5.015857e-06,725787100000.0,624000000000000.0,1.821687,193400000000000.0,-1.638
2412,2.1833,5.563346,6.6418629999999945,5480.865,533.8637,641.2368,263.7513,-125.1332,-63.53388,38541740000000.0,29987590000000.0,3740197000000.0,0.3201702,2.49292e-06,-1.093217e-06,-3.508271e-06,-1.048083e-06,1.223283e-06,-5.945517e-06,-5.049632e-06,4.261183e-06,28834220000000.0,3487174000000.0,0.2987683,2.413946e-06,-1.045299e-06,-3.383673e-06,-1.001776e-06,1.197242e-06,-5.7437e-06,-4.87614e-06,4.138609e-06,19126700000000.0,1982303000000.0,0.1918904,1.816063e-06,-7.25937e-07,-2.484239e-06,-6.941473e-07,9.581631e-07,-4.259691e-06,-3.606714e-06,3.169469e-06,704708300000.0,344900000000000.0,1.51806,89080000000000.0,-1.307534
2413,2.1823,7.178472,7.127037000000003,5455.459,687.1023,687.5167,120.6738,-151.7835,-54.75481,30852620000000.0,26527480000000.0,3005237000000.0,0.3074301,1.664647e-06,-3.297617e-07,-1.947243e-06,-3.012072e-07,1.221367e-06,-3.571896e-06,-2.975606e-06,3.2586e-06,24989660000000.0,2781219000000.0,0.2851333,1.609415e-06,-3.145507e-07,-1.878262e-06,-2.870516e-07,1.18477e-06,-3.449006e-06,-2.872468e-06,3.154232e-06,12590940000000.0,1295740000000.0,0.166983,1.121089e-06,-1.996424e-07,-1.28834e-06,-1.810716e-07,8.429041e-07,-2.382472e-06,-1.980683e-06,2.213842e-06,674328600000.0,314000000000000.0,1.292141,69030000000000.0,-1.11672
2415,2.2119,6.836503,5.107262,5521.473,661.9638,497.0176,80.16779,-32.94695,-156.3365,34216610000000.0,32294330000000.0,3697488000000.0,0.329909,2.285373e-06,-2.546531e-07,-2.473568e-06,-2.192316e-07,1.865664e-06,-4.703104e-06,-3.883988e-06,4.65971e-06,31429300000000.0,3488890000000.0,0.3076805,2.234316e-06,-2.460226e-07,-2.415227e-06,-2.115383e-07,1.826463e-06,-4.594948e-06,-3.794087e-06,4.557849e-06,18550010000000.0,2041667000000.0,0.188348,1.753903e-06,-1.763608e-07,-1.878215e-06,-1.502834e-07,1.44737e-06,-3.589233e-06,-2.960255e-06,3.589846e-06,711767000000.0,545000000000000.0,1.624166,150600000000000.0,-1.42362
2416,2.2129,5.500351,6.618838000000006,5520.801,531.6268,643.5813,-422.1132,16.06846,-435.9819,44212470000000.0,35658320000000.0,4238480000000.0,0.3353974,3.149019e-06,2.355741e-06,-7.224561e-07,2.378459e-06,5.259934e-06,-3.778009e-06,-2.656431e-06,9.146459e-06,33159350000000.0,3927170000000.0,0.3104659,3.043036e-06,2.24201e-06,-7.322676e-07,2.263662e-06,5.047465e-06,-3.684949e-06,-2.601032e-06,8.802632e-06,20760640000000.0,2245247000000.0,0.1958572,2.288354e-06,1.541731e-06,-6.933513e-07,1.55651e-06,3.6465e-06,-2.913615e-06,-2.098068e-06,6.467652e-06,772359200000.0,667300000000000.0,1.939537,220200000000000.0,-1.711
2417,2.2068,6.125891,6.790436999999995,5505.356,590.8691,659.3068,-246.611,-105.4062,-348.5565,52286050000000.0,41040710000000.0,4824795000000.0,0.3541419,3.839202e-06,1.633537e-06,-2.105518e-06,1.666165e-06,5.163647e-06,-5.836564e-06,-4.464876e-06,9.87795e-06,40560140000000.0,4642137000000.0,0.3367196,3.762921e-06,1.58492e-06,-2.07958e-06,1.616633e-06,5.044033e-06,-5.736477e-06,-4.391962e-06,9.664207e-06,28930330000000.0,3067479000000.0,0.2203774,3.041469e-06,1.172711e-06,-1.78719e-06,1.196309e-06,3.96207e-06,-4.742848e-06,-3.65548e-06,7.692909e-06,817941300000.0,662300000000000.0,2.104159,237100000000000.0,-1.896
2418,2.2348,6.868047,6.1223360000000016,5541.807,667.4968,598.7299,51.24229,-364.2433,-501.5329,45846410000000.0,42001850000000.0,5191929000000.0,0.3518399,3.88715e-06,2.63332e-07,-3.512123e-06,3.110864e-07,3.848223e-06,-7.301694e-06,-5.907732e-06,8.602201e-06,40464020000000.0,4918390000000.0,0.3297222,3.798098e-06,2.545322e-07,-3.434136e-06,3.009071e-07,3.756371e-06,-7.136859e-06,-5.774749e-06,8.400938e-06,25758570000000.0,2961567000000.0,0.208728,2.908383e-06,1.791155e-07,-2.64352e-06,2.127012e-07,2.854428e-06,-5.478682e-06,-4.435085e-06,6.407651e-06,839617000000.0,462100000000000.0,1.874836,147400000000000.0,-1.63152
2420,2.2191,6.108993000000001,6.081576000000001,5530.141,591.8796,592.5682,-29.12957,79.22986,-66.91946,49979310000000.0,46903660000000.0,5467718000000.0,0.3675947,4.606251e-06,1.639073e-07,-4.300061e-06,2.152311e-07,4.389648e-06,-8.788662e-06,-7.135332e-06,1.000699e-05,44308580000000.0,5142614000000.0,0.341166,4.469679e-06,1.566515e-07,-4.174454e-06,2.059113e-07,4.255392e-06,-8.529957e-06,-6.925473e-06,9.705296e-06,31333190000000.0,3433298000000.0,0.2243875,3.592764e-06,1.154065e-07,-3.363363e-06,1.522334e-07,3.40128e-06,-6.864271e-06,-5.573688e-06,7.777395e-06,905240800000.0,741100000000000.0,2.32456,293100000000000.0,-2.02554
2421,2.2306,5.488393,5.8594940000000015,5553.53,533.6087,572.5586,-117.8743,-306.5837,-387.6748,58437350000000.0,54400560000000.0,7163165000000.0,0.3840283,7.498779e-06,1.428602e-06,-5.835865e-06,1.474521e-06,8.235844e-06,-1.313149e-05,-1.043852e-05,1.737511e-05,53535530000000.0,6896546000000.0,0.3618988,7.394697e-06,1.395567e-06,-5.767461e-06,1.440229e-06,8.106345e-06,-1.296178e-05,-1.0306e-05,1.711769e-05,46326980000000.0,5321304000000.0,0.2556847,6.581593e-06,1.162737e-06,-5.208551e-06,1.198278e-06,7.122203e-06,-1.161155e-05,-9.246482e-06,1.513547e-05,941673700000.0,1001000000000000.0,2.871287,489000000000000.0,-2.514689
2422,2.2348,5.642249,5.034633000000004,5565.606,549.8562,492.7046,-84.64603,-355.0468,-190.6351,39310650000000.0,36427230000000.0,4355852000000.0,0.3364749,3.130511e-06,6.527574e-07,-2.391337e-06,6.883076e-07,3.540346e-06,-5.439167e-06,-4.318706e-06,7.375833e-06,35850550000000.0,4168734000000.0,0.3166013,3.077116e-06,6.349723e-07,-2.357005e-06,6.697185e-07,3.472674e-06,-5.352838e-06,-4.251428e-06,7.242404e-06,27584740000000.0,2921932000000.0,0.2137341,2.63629e-06,5.051893e-07,-2.056849e-06,5.336262e-07,2.932095e-06,-4.623421e-06,-3.679389e-06,6.159506e-06,718709300000.0,785200000000000.0,1.962701,262200000000000.0,-1.73646
2424,2.2484,6.473354,5.356746000000006,5571.92,632.2153,525.8102,201.3756,-85.88621,-217.7541,41617390000000.0,22106240000000.0,2950159000000.0,0.2827016,2.760673e-06,-7.597726e-07,-3.434901e-06,-7.146137e-07,1.797923e-06,-6.131658e-06,-5.139951e-06,5.16352e-06,19799500000000.0,2541595000000.0,0.2593307,2.566407e-06,-6.972845e-07,-3.183943e-06,-6.555373e-07,1.679689e-06,-5.690921e-06,-4.768928e-06,4.808069e-06,13359860000000.0,1219152000000.0,0.1698656,1.523745e-06,-3.98385e-07,-1.874429e-06,-3.739676e-07,1.01172e-06,-3.362872e-06,-2.815345e-06,2.86852e-06,535413000000.0,330500000000000.0,1.613723,90740000000000.0,-1.352301
2425,2.2718,6.683502,5.093389999999996,5602.713,656.532,502.7942,-116.507,-240.4019,-194.8518,35369980000000.0,32582670000000.0,3926817000000.0,0.3301059,2.691432e-06,7.186796e-07,-1.900949e-06,7.502507e-07,3.206816e-06,-4.520366e-06,-3.558125e-06,6.50888e-06,31333190000000.0,3637668000000.0,0.3010445,2.618283e-06,6.887702e-07,-1.859434e-06,7.192514e-07,3.10854e-06,-4.407648e-06,-3.471488e-06,6.320465e-06,21337320000000.0,2238440000000.0,0.1943488,2.145861e-06,5.198343e-07,-1.567456e-06,5.43649e-07,2.499267e-06,-3.655837e-06,-2.888226e-06,5.129683e-06,677719500000.0,704000000000000.0,1.811711,217000000000000.0,-1.580984
2426,2.2622,6.539164,5.135294000000004,5591.16,640.9039,505.7598,228.0165,172.376,-220.5382,124179400000000.0,106686600000000.0,12977820000000.0,0.4756919,1.975656e-05,-3.240984e-06,-2.216928e-05,-3.118087e-06,1.439783e-05,-4.146974e-05,-3.429876e-05,3.810606e-05,105052700000000.0,12511250000000.0,0.4496229,1.94275e-05,-3.150899e-06,-2.176135e-05,-3.032809e-06,1.418555e-05,-4.07402e-05,-3.368778e-05,3.74944e-05,81024160000000.0,9095971000000.0,0.3035702,1.666436e-05,-2.490283e-06,-1.843605e-05,-2.407959e-06,1.232155e-05,-3.471443e-05,-2.865909e-05,3.228413e-05,1575761000000.0,1319000000000000.0,4.460577,1001000000000000.0,-4.088943
2427,2.2966,5.136364,6.070765000000001,5642.441,507.1843,602.5107,-119.3391,-48.36273,-537.808,28257540000000.0,25085770000000.0,2998612000000.0,0.2904248,1.716431e-06,5.97678e-07,-1.076079e-06,6.194022e-07,2.191452e-06,-2.74703e-06,-2.133916e-06,4.302421e-06,24412970000000.0,2891449000000.0,0.2776752,1.684274e-06,5.813626e-07,-1.060953e-06,6.026013e-07,2.14502e-06,-2.700589e-06,-2.09894e-06,4.216297e-06,18453900000000.0,1938993000000.0,0.1871868,1.36498e-06,4.375304e-07,-8.928266e-07,4.541535e-07,1.702829e-06,-2.221561e-06,-1.733801e-06,3.380395e-06,537337200000.0,617200000000000.0,1.491309,156600000000000.0,-1.30383
2428,2.2999,6.29512,5.253836999999998,5642.883,622.4937,522.0369,335.1389,-320.2281,-480.4922,43155220000000.0,41136820000000.0,4990888000000.0,0.34322,3.880281e-06,-1.367484e-06,-5.119416e-06,-1.305773e-06,2.211576e-06,-8.915207e-06,-7.516883e-06,6.926857e-06,40367910000000.0,4768255000000.0,0.3232501,3.802417e-06,-1.326589e-06,-5.002952e-06,-1.266394e-06,2.179763e-06,-8.722543e-06,-7.352199e-06,6.799952e-06,29891470000000.0,3235019000000.0,0.2160148,3.105746e-06,-1.006677e-06,-4.007633e-06,-9.593321e-07,1.851421e-06,-7.045528e-06,-5.925733e-06,5.622019e-06,805047600000.0,554000000000000.0,1.983963,187000000000000.0,-1.72062
2429,2.2999,6.215699,5.211074000000004,5644.745,614.7805,517.8564,67.16948,104.9026,54.23481,56322840000000.0,49979310000000.0,5798649000000.0,0.3656294,5.370453e-06,-5.42265e-07,-5.736305e-06,-4.772779e-07,4.378481e-06,-1.097603e-05,-9.044314e-06,1.090904e-05,47576460000000.0,5465692000000.0,0.3414622,5.209356e-06,-5.186674e-07,-5.556317e-06,-4.562549e-07,4.252507e-06,-1.063885e-05,-8.764877e-06,1.058615e-05,32582670000000.0,3457256000000.0,0.2223497,4.030718e-06,-3.674926e-07,-4.262185e-06,-3.225829e-07,3.31357e-06,-8.194661e-06,-6.743606e-06,8.208679e-06,924117500000.0,777600000000000.0,2.506456,331600000000000.0,-2.202
2432,2.3273,6.352268,5.237365000000006,5678.163,632.1186,523.7025,-252.0819,188.045,-255.385,28738110000000.0,26623600000000.0,3219503000000.0,0.2964974,2.044205e-06,9.012769e-07,-1.09158e-06,9.231788e-07,2.79189e-06,-3.079265e-06,-2.349489e-06,5.305485e-06,26046910000000.0,3076281000000.0,0.2777238,2.006607e-06,8.745227e-07,-1.081552e-06,8.958944e-07,2.729949e-06,-3.032669e-06,-2.316277e-06,5.197091e-06,20760640000000.0,2224338000000.0,0.1895925,1.725706e-06,6.970938e-07,-9.843621e-07,7.146809e-07,2.290223e-06,-2.662296e-06,-2.045948e-06,4.410622e-06,551907200000.0,1154000000000000.0,1.800977,353600000000000.0,-1.59588
2436,2.3631,6.733198,6.180256000000004,5709.934,674.1174,622.6006,105.2496,-383.2587,-409.7753,37196140000000.0,31429300000000.0,3617088000000.0,0.3075664,2.606166e-06,-6.771551e-08,-2.600313e-06,-2.98197e-08,2.348238e-06,-5.142879e-06,-4.20863e-06,5.537766e-06,29026450000000.0,3330303000000.0,0.2844927,2.513015e-06,-6.437835e-08,-2.506221e-06,-2.806287e-08,2.26449e-06,-4.957885e-06,-4.056963e-06,5.339623e-06,14801570000000.0,1623295000000.0,0.1677381,1.770896e-06,-4.11817e-08,-1.760679e-06,-1.681531e-08,1.595994e-06,-3.488218e-06,-2.852992e-06,3.760892e-06,695216100000.0,694000000000000.0,1.824265,215400000000000.0,-1.57212
2437,2.3654,6.470137,5.8755880000000005,5719.273,648.6093,592.3394,122.34,140.941,4.897216,40752360000000.0,26335250000000.0,3296666000000.0,0.2898653,2.328715e-06,-5.465916e-07,-2.804266e-06,-5.091276e-07,1.611546e-06,-5.078006e-06,-4.242082e-06,4.452649e-06,25854680000000.0,3144490000000.0,0.2762115,2.270421e-06,-5.278525e-07,-2.728879e-06,-4.914669e-07,1.575819e-06,-4.945698e-06,-4.130655e-06,4.345574e-06,18261670000000.0,1912705000000.0,0.1797784,1.715046e-06,-3.645949e-07,-2.02621e-06,-3.38185e-07,1.221101e-06,-3.700731e-06,-3.084719e-06,3.311594e-06,548036700000.0,678600000000000.0,1.758264,203000000000000.0,-1.56904
2438,2.3654,5.390168,5.744274999999995,5731.894,540.8312,579.1538,-241.8657,-190.8188,-155.719,53054960000000.0,44116360000000.0,5802732000000.0,0.3483484,5.353667e-06,1.808375e-06,-3.396236e-06,1.848167e-06,6.707528e-06,-8.59949e-06,-6.683948e-06,1.326519e-05,41713500000000.0,5379227000000.0,0.3207576,5.166003e-06,1.719994e-06,-3.301557e-06,1.757751e-06,6.445373e-06,-8.322394e-06,-6.473796e-06,1.277208e-05,29507020000000.0,3388227000000.0,0.2106679,4.018667e-06,1.234508e-06,-2.668856e-06,1.26085e-06,4.90075e-06,-6.574474e-06,-5.135474e-06,9.817159e-06,812623300000.0,751000000000000.0,2.372964,303200000000000.0,-2.05722
2439,2.3631,5.370733,5.736614999999999,5729.355,538.6309,578.1017,38.76534,224.5016,48.48916,39695110000000.0,17781100000000.0,1771127000000.0,0.2561868,1.122902e-06,-1.898348e-07,-1.282694e-06,-1.696634e-07,8.606805e-07,-2.378348e-06,-1.976698e-06,2.237983e-06,16051050000000.0,1587025000000.0,0.2344816,1.055504e-06,-1.754677e-07,-1.202658e-06,-1.565844e-07,8.117476e-07,-2.232546e-06,-1.85498e-06,2.106256e-06,6727985000000.0,593162100000.0,0.1290963,5.68909e-07,-8.588631e-08,-6.392734e-07,-7.597897e-08,4.453526e-07,-1.194364e-06,-9.907748e-07,1.142636e-06,446483500000.0,254100000000000.0,1.066577,46110000000000.0,-1.00485
2440,2.3608,6.73437,6.1712340000000045,5707.511,673.9497,621.4224,567.8775,-74.87926,-341.2615,33255470000000.0,32390440000000.0,3447893000000.0,0.3117793,2.17666e-06,-2.041859e-06,-4.144324e-06,-1.994027e-06,-1.404665e-08,-6.280487e-06,-5.49459e-06,2.626378e-06,30756500000000.0,3217510000000.0,0.2904333,2.107778e-06,-1.953818e-06,-3.989588e-06,-1.907651e-06,9.330686e-09,-6.058124e-06,-5.297058e-06,2.565935e-06,12975400000000.0,1374580000000.0,0.1606358,1.30164e-06,-1.098824e-06,-2.355144e-06,-1.07114e-06,1.10846e-07,-3.632427e-06,-3.162216e-06,1.688253e-06,728461000000.0,286000000000000.0,1.433853,69770000000000.0,-1.20148
2441,2.3608,6.058308,7.085125000000002,5704.641,605.452,713.0288,664.1421,64.24506,-148.0833,32871010000000.0,19318930000000.0,2395940000000.0,0.261972,1.385094e-06,-1.920922e-06,-3.258164e-06,-1.886451e-06,-6.244437e-07,-4.619795e-06,-4.119136e-06,1.05427e-06,18646130000000.0,2263057000000.0,0.2477875,1.337664e-06,-1.837389e-06,-3.128762e-06,-1.804167e-06,-5.855338e-07,-4.443751e-06,-3.96022e-06,1.035572e-06,13648200000000.0,1346133000000.0,0.1652998,9.699657e-07,-1.233384e-06,-2.16931e-06,-1.209731e-06,-3.270651e-07,-3.122743e-06,-2.772018e-06,8.476669e-07,439312400000.0,357300000000000.0,1.252182,76120000000000.0,-1.11375
2442,2.3586,5.39825,5.798590000000005,5723.3,540.8348,583.7986,393.0495,35.01492,-411.7516,60840200000000.0,46423090000000.0,5855721000000.0,0.3506496,5.264115e-06,-2.40948e-06,-7.489502e-06,-2.320876e-06,2.44084e-06,-1.264348e-05,-1.074346e-05,8.820617e-06,41905730000000.0,5271941000000.0,0.3220563,4.956232e-06,-2.23561e-06,-7.017884e-06,-2.15284e-06,2.328971e-06,-1.187037e-05,-1.008128e-05,8.334542e-06,21048980000000.0,2319869000000.0,0.1893253,2.875414e-06,-1.192782e-06,-3.964972e-06,-1.147148e-06,1.447894e-06,-6.780008e-06,-5.741332e-06,4.928183e-06,956779900000.0,356900000000000.0,2.060215,125100000000000.0,-1.76
2443,2.3676,6.713526,6.1895459999999956,5715.663,672.804,624.1442,-121.7499,-101.3341,-169.0931,30564270000000.0,23740170000000.0,2649409000000.0,0.2808819,1.571233e-06,5.189711e-07,-1.013102e-06,5.408775e-07,1.981839e-06,-2.542418e-06,-1.981676e-06,3.914427e-06,22202350000000.0,2434444000000.0,0.2599899,1.513343e-06,4.91816e-07,-9.836971e-07,5.127992e-07,1.900414e-06,-2.456663e-06,-1.916544e-06,3.761603e-06,11245350000000.0,1136801000000.0,0.1528205,1.082775e-06,3.192456e-07,-7.35917e-07,3.336949e-07,1.325272e-06,-1.789783e-06,-1.403159e-06,2.655979e-06,568577200000.0,336700000000000.0,1.25373,71820000000000.0,-1.093296
2444,2.3779,6.777622,6.347057999999995,5726.897,680.6226,641.4997,278.909,-142.9664,-367.6764,31140960000000.0,27680850000000.0,3217577000000.0,0.2934102,2.024723e-06,-8.059021e-07,-2.76842e-06,-7.700797e-07,1.07525e-06,-4.747978e-06,-4.020327e-06,3.544169e-06,26719710000000.0,3054480000000.0,0.2754371,1.9803e-06,-7.794721e-07,-2.698807e-06,-7.445596e-07,1.060008e-06,-4.634919e-06,-3.923199e-06,3.474549e-06,18646130000000.0,1963851000000.0,0.1805048,1.58687e-06,-5.745835e-07,-2.111778e-06,-5.474324e-07,8.968017e-07,-3.663162e-06,-3.0926e-06,2.830253e-06,581021000000.0,810900000000000.0,1.664203,229600000000000.0,-1.476313
2445,2.3802,5.190753,6.523211000000001,5744.006,521.8108,659.5087,209.3118,331.149,-268.1736,42194080000000.0,22394580000000.0,3072972000000.0,0.2740573,2.383464e-06,-9.186777e-07,-3.23002e-06,-8.760678e-07,1.298173e-06,-5.560024e-06,-4.703858e-06,4.206481e-06,20952870000000.0,2805764000000.0,0.2551323,2.238252e-06,-8.547255e-07,-3.025122e-06,-8.14839e-07,1.226656e-06,-5.21316e-06,-4.409118e-06,3.957561e-06,13263740000000.0,1483669000000.0,0.1630877,1.407731e-06,-5.02238e-07,-1.866644e-06,-4.778052e-07,8.047412e-07,-3.242736e-06,-2.736848e-06,2.521226e-06,492904700000.0,511500000000000.0,1.49957,130500000000000.0,-1.381
2446,2.3756,7.075553,5.376421000000005,5729.948,711.2201,543.3988,-121.001,150.2675,-239.9249,30756500000000.0,23259600000000.0,2759379000000.0,0.2771079,1.720805e-06,4.087809e-07,-1.26715e-06,4.318228e-07,2.006231e-06,-2.942649e-06,-2.327729e-06,4.119219e-06,22394580000000.0,2581926000000.0,0.2607143,1.657928e-06,3.891851e-07,-1.225395e-06,4.112691e-07,1.927893e-06,-2.839666e-06,-2.247179e-06,3.963478e-06,15570480000000.0,1559917000000.0,0.1705443,1.249036e-06,2.700312e-07,-9.457171e-07,2.860209e-07,1.427177e-06,-2.161833e-06,-1.715269e-06,2.959637e-06,507757200000.0,573800000000000.0,1.521135,148500000000000.0,-1.31373
2448,2.4312,4.98853,6.266036000000004,5812.923,507.3923,640.6919,111.1511,-7.537513,-194.9992,28545880000000.0,25374110000000.0,3128896000000.0,0.2814281,1.856348e-06,-3.090143e-07,-2.111304e-06,-2.790185e-07,1.4153e-06,-3.92293e-06,-3.257467e-06,3.684613e-06,24412970000000.0,2984245000000.0,0.264729,1.815829e-06,-2.989019e-07,-2.061748e-06,-2.696696e-07,1.387429e-06,-3.833827e-06,-3.182855e-06,3.60703e-06,17108300000000.0,1955804000000.0,0.1728895,1.449573e-06,-2.19331e-07,-1.625915e-06,-1.967244e-07,1.124554e-06,-3.040536e-06,-2.520638e-06,2.895265e-06,520169300000.0,562600000000000.0,1.4459,138400000000000.0,-1.27413
2449,2.4206,6.496176000000001,5.257944000000004,5795.06,659.8719,536.7478,306.3116,54.38863,-94.29265,28449760000000.0,25950800000000.0,3086208000000.0,0.2864339,1.88894e-06,-1.082464e-06,-2.911461e-06,-1.046225e-06,6.750263e-07,-4.759541e-06,-4.080244e-06,2.975117e-06,24989660000000.0,2918456000000.0,0.2676578,1.850505e-06,-1.04776e-06,-2.839432e-06,-1.012371e-06,6.736138e-07,-4.649902e-06,-3.984393e-06,2.92672e-06,15570480000000.0,1669026000000.0,0.1676623,1.505385e-06,-7.805164e-07,-2.237313e-06,-7.52487e-07,6.174161e-07,-3.710084e-06,-3.168463e-06,2.449083e-06,522130100000.0,563500000000000.0,1.454021,139400000000000.0,-1.28304
2450,2.4159,5.026248,5.272641,5803.962,510.4602,537.6898,-178.8806,-88.60471,77.92874,29507020000000.0,20664520000000.0,2526498000000.0,0.2653682,1.481166e-06,5.589079e-07,-8.855323e-07,5.786469e-07,1.936581e-06,-2.326692e-06,-1.798212e-06,3.758772e-06,19415040000000.0,2311385000000.0,0.2462715,1.407564e-06,5.246008e-07,-8.479747e-07,5.432688e-07,1.833526e-06,-2.217517e-06,-1.71527e-06,3.565016e-06,12590940000000.0,1267622000000.0,0.1565213,9.817858e-07,3.385398e-07,-6.184242e-07,3.511281e-07,1.25014e-06,-1.573676e-06,-1.223219e-06,2.457141e-06,466191700000.0,454400000000000.0,1.312894,101500000000000.0,-1.15731
2452,2.4525,6.413039,5.086506999999994,5837.308,656.1041,522.852,-80.37148,-319.8008,-109.7817,51997710000000.0,25470230000000.0,1206331000000.0,0.2791625,5.793698e-07,1.674238e-07,-3.976028e-07,1.759077e-07,7.076497e-07,-9.617834e-07,-7.549672e-07,1.42037e-06,24028520000000.0,1137568000000.0,0.261239,5.597843e-07,1.600829e-07,-3.858158e-07,1.682529e-07,6.819589e-07,-9.309225e-07,-7.310896e-07,1.370539e-06,12014260000000.0,577698300000.0,0.153784,3.657386e-07,9.654517e-08,-2.599743e-07,1.017363e-07,4.370419e-07,-6.161129e-07,-4.855067e-07,8.866781e-07,661971200000.0,294300000000000.0,1.267993,63490000000000.0,-1.42782
2453,2.4513,6.338065,5.1080290000000055,5836.176,648.2446,524.8974,59.34186,180.5234,-183.6578,31237070000000.0,29603130000000.0,3685902000000.0,0.2984956,2.494131e-06,-2.518569e-07,-2.671363e-06,-2.155455e-07,2.054818e-06,-5.104671e-06,-4.209909e-06,5.100371e-06,29218680000000.0,3525001000000.0,0.278405,2.445e-06,-2.438781e-07,-2.615557e-06,-2.084556e-07,2.016808e-06,-5.000925e-06,-4.123735e-06,5.002082e-06,23644060000000.0,2572012000000.0,0.1913981,2.094699e-06,-1.950878e-07,-2.226081e-06,-1.656733e-07,1.738749e-06,-4.269655e-06,-3.517849e-06,4.29478e-06,562755500000.0,769400000000000.0,1.726466,226000000000000.0,-1.52955
2454,2.4705,5.593659,5.257697999999998,5866.022,574.513,542.3892,-132.2927,137.5339,-493.9633,36619460000000.0,35273860000000.0,4121059000000.0,0.3100976,3.099434e-06,7.652671e-07,-2.249914e-06,7.988958e-07,3.622993e-06,-5.267089e-06,-4.157873e-06,7.422473e-06,34408840000000.0,3951717000000.0,0.2928223,3.043857e-06,7.438842e-07,-2.217027e-06,7.767097e-07,3.549718e-06,-5.180083e-06,-4.090697e-06,7.280719e-06,25566340000000.0,2721925000000.0,0.1950877,2.541228e-06,5.737042e-07,-1.896827e-06,5.996718e-07,2.911575e-06,-4.37048e-06,-3.460553e-06,6.023982e-06,654682900000.0,875800000000000.0,1.978447,294800000000000.0,-1.73745
2455,2.4693,5.551704,6.140851999999997,5855.312,569.1357,632.9442,-300.1438,-35.45337,234.8035,33159350000000.0,22586810000000.0,2505768000000.0,0.2672117,1.598519e-06,9.045796e-07,-6.56266e-07,9.232594e-07,2.389391e-06,-2.210237e-06,-1.640426e-06,4.359342e-06,20472300000000.0,2309111000000.0,0.2467081,1.533533e-06,8.533132e-07,-6.439404e-07,8.710974e-07,2.277319e-06,-2.134727e-06,-1.58804e-06,4.166946e-06,13071510000000.0,1305142000000.0,0.1563019,1.121885e-06,5.667422e-07,-5.279655e-07,5.791177e-07,1.606445e-06,-1.618538e-06,-1.218405e-06,2.987735e-06,490585400000.0,660100000000000.0,1.486992,167000000000000.0,-1.343306
2456,2.4585,5.884214,6.019942000000007,5841.225,602.0054,619.2559,-31.86431,117.307,-12.74529,34312720000000.0,27488620000000.0,3238519000000.0,0.2874163,2.062042e-06,7.933466e-08,-1.925154e-06,1.091947e-07,1.992246e-06,-3.934879e-06,-3.196812e-06,4.517631e-06,26527480000000.0,3065576000000.0,0.269852,2.00674e-06,7.62545e-08,-1.874343e-06,1.051735e-07,1.937419e-06,-3.830167e-06,-3.111849e-06,4.394846e-06,19030590000000.0,1948442000000.0,0.1776725,1.569105e-06,5.478129e-08,-1.469643e-06,7.656495e-08,1.507435e-06,-2.998918e-06,-2.436988e-06,3.427582e-06,557744200000.0,562000000000000.0,1.550982,148300000000000.0,-1.3761
2458,2.5082,7.187073999999999,6.212949000000002,5883.165,741.8682,645.5336,-136.6449,554.3171,-176.8176,30275930000000.0,29218680000000.0,3234182000000.0,0.2909122,2.164586e-06,3.185585e-07,-1.787674e-06,3.467753e-07,2.323274e-06,-3.89718e-06,-3.122235e-06,4.97728e-06,28257540000000.0,3071488000000.0,0.2716781,2.113331e-06,3.068815e-07,-1.749307e-06,3.342688e-07,2.263599e-06,-3.808842e-06,-3.052202e-06,4.854474e-06,20472300000000.0,2069144000000.0,0.1796479,1.737667e-06,2.325753e-07,-1.457166e-06,2.541901e-07,1.838523e-06,-3.150492e-06,-2.528095e-06,3.967247e-06,551064200000.0,634000000000000.0,1.637206,176600000000000.0,-1.43055
2459,2.507,5.039285,6.789674999999997,5898.733,520.148,705.0283,19.77813,-158.7895,147.8316,36715570000000.0,33928270000000.0,4071636000000.0,0.302987,3.025796e-06,-1.074878e-07,-3.04308e-06,-6.62384e-08,2.686431e-06,-5.993628e-06,-4.908431e-06,6.381928e-06,33063240000000.0,3923967000000.0,0.290004,2.975469e-06,-1.04929e-07,-2.991555e-06,-6.451236e-08,2.642055e-06,-5.893022e-06,-4.825829e-06,6.275845e-06,22394580000000.0,2379582000000.0,0.1854848,2.256318e-06,-7.343147e-08,-2.261091e-06,-4.41448e-08,2.005321e-06,-4.461247e-06,-3.651557e-06,4.758611e-06,635815700000.0,863500000000000.0,1.935157,284300000000000.0,-1.70478
2460,2.5342,7.127306,7.079991999999999,5904.519,738.3045,739.0637,393.2996,265.0718,73.05244,34120490000000.0,32582670000000.0,3916029000000.0,0.2964667,2.805708e-06,-1.883654e-06,-4.591915e-06,-1.829343e-06,7.1521e-07,-7.341256e-06,-6.32877e-06,4.116552e-06,31909870000000.0,3768406000000.0,0.2805272,2.755855e-06,-1.832e-06,-4.491972e-06,-1.778825e-06,7.201434e-07,-7.192446e-06,-6.197901e-06,4.060768e-06,22971260000000.0,2601217000000.0,0.1849749,2.264441e-06,-1.392067e-06,-3.576519e-06,-1.349617e-06,7.0106e-07,-5.795353e-06,-4.977784e-06,3.443971e-06,595611200000.0,743800000000000.0,1.777195,224900000000000.0,-1.578863
2461,2.5556,5.824184,5.496732999999996,5962.876,608.2298,576.7939,171.6773,-47.33858,72.85984,41425160000000.0,40271790000000.0,4732341000000.0,0.3219492,4.106734e-06,-9.245641e-07,-4.894087e-06,-8.672485e-07,2.848473e-06,-8.905084e-06,-7.426758e-06,7.838022e-06,39599000000000.0,4569327000000.0,0.3027461,4.054564e-06,-9.043505e-07,-4.823207e-06,-8.48018e-07,2.819954e-06,-8.783241e-06,-7.323615e-06,7.745705e-06,34889410000000.0,3523569000000.0,0.212554,3.617494e-06,-7.550776e-07,-4.249816e-06,-7.066083e-07,2.562136e-06,-7.782909e-06,-6.48006e-06,6.954008e-06,663276400000.0,1123000000000000.0,2.305515,440500000000000.0,-2.068465
2462,2.5914,6.585654,5.7402650000000035,5994.308,692.0441,606.5687,23.98482,49.47184,173.6757,32102100000000.0,27008050000000.0,3385898000000.0,0.2767594,2.19966e-06,-1.824387e-07,-2.318306e-06,-1.490683e-07,1.857314e-06,-4.463863e-06,-3.675551e-06,4.546901e-06,25278000000000.0,3140433000000.0,0.2555908,2.109678e-06,-1.724491e-07,-2.220768e-06,-1.406312e-07,1.78327e-06,-4.27855e-06,-3.522427e-06,4.362527e-06,16435510000000.0,1891185000000.0,0.1630838,1.550713e-06,-1.166781e-07,-1.62148e-06,-9.414625e-08,1.318161e-06,-3.134022e-06,-2.577965e-06,3.212638e-06,537190100000.0,653300000000000.0,1.568146,174300000000000.0,-1.38996
2464,2.6213,6.831257,5.297665000000005,6029.319,722.289,563.0726,99.97063,-168.6132,489.4618,30564270000000.0,28065310000000.0,3413333000000.0,0.2794775,2.400104e-06,-4.945029e-07,-2.822001e-06,-4.572256e-07,1.727752e-06,-5.166124e-06,-4.304063e-06,4.656547e-06,27873080000000.0,3286205000000.0,0.2622382,2.363802e-06,-4.817586e-07,-2.773911e-06,-4.451846e-07,1.706434e-06,-5.082563e-06,-4.233501e-06,4.59069e-06,21721780000000.0,2409516000000.0,0.1778208,2.073305e-06,-3.925271e-07,-2.402056e-06,-3.613712e-07,1.523779e-06,-4.426895e-06,-3.681911e-06,4.052e-06,501246400000.0,849500000000000.0,1.705514,246500000000000.0,-1.52658
2470,2.6745,6.796662000000001,5.311033000000001,6090.324,725.8673,570.1721,-257.9081,339.9743,453.8425,44693040000000.0,43539670000000.0,5312534000000.0,0.3205951,5.074148e-06,1.056129e-06,-3.869693e-06,1.098578e-06,5.696825e-06,-8.808545e-06,-6.988956e-06,1.18986e-05,43155220000000.0,5076954000000.0,0.2999127,4.972974e-06,1.022368e-06,-3.804754e-06,1.063492e-06,5.568989e-06,-8.645088e-06,-6.861637e-06,1.164627e-05,36331120000000.0,3755438000000.0,0.2077485,4.318372e-06,8.289672e-07,-3.360198e-06,8.621308e-07,4.768918e-06,-7.563183e-06,-6.013722e-06,1.00418e-05,673123300000.0,999200000000000.0,2.411167,409900000000000.0,-2.11464
2471,2.6745,6.816043,5.327668000000002,6089.771,727.8907,571.9394,57.5817,-49.67086,113.8315,29795360000000.0,19799500000000.0,2343122000000.0,0.2418536,1.47777e-06,-1.856812e-07,-1.621855e-06,-1.612645e-07,1.190087e-06,-3.063523e-06,-2.534359e-06,2.99918e-06,18453900000000.0,2119740000000.0,0.2249588,1.390788e-06,-1.728976e-07,-1.524457e-06,-1.500039e-07,1.121622e-06,-2.881267e-06,-2.383222e-06,2.824091e-06,9034722000000.0,845396600000.0,0.1308485,7.600226e-07,-8.74668e-08,-8.25705e-07,-7.532497e-08,6.187815e-07,-1.56715e-06,-1.294867e-06,1.548529e-06,442122800000.0,299300000000000.0,1.257611,64040000000000.0,-1.06524
2476,2.8425,5.544113,5.962665000000001,6281.108,609.683,659.1165,-214.4798,-13.26934,36.55756,35273860000000.0,26623600000000.0,3479083000000.0,0.2562934,2.590974e-06,9.009914e-07,-1.622437e-06,9.298028e-07,3.29588e-06,-4.142389e-06,-3.216909e-06,6.477694e-06,24316860000000.0,3202981000000.0,0.2371616,2.468847e-06,8.45585e-07,-1.558655e-06,8.727824e-07,3.126773e-06,-3.959821e-06,-3.077882e-06,6.158181e-06,15858820000000.0,1814656000000.0,0.1512273,1.761433e-06,5.540248e-07,-1.160242e-06,5.723128e-07,2.178011e-06,-2.873355e-06,-2.243767e-06,4.338934e-06,476029900000.0,1001000000000000.0,1.791472,305100000000000.0,-1.59093
2477,2.8573,5.731502,6.3767490000000056,6290.671,631.3858,706.5592,-196.1214,-275.388,-383.2929,42097960000000.0,41521280000000.0,5168938000000.0,0.2952599,5.033091e-06,1.589549e-06,-3.300946e-06,1.624703e-06,6.187272e-06,-8.193957e-06,-6.3916e-06,1.23474e-05,41040710000000.0,5044583000000.0,0.2823134,4.981002e-06,1.561012e-06,-3.278595e-06,1.595527e-06,6.110267e-06,-8.120948e-06,-6.33716e-06,1.220617e-05,34985520000000.0,3919648000000.0,0.1974491,4.440605e-06,1.305523e-06,-3.006765e-06,1.334013e-06,5.353897e-06,-7.323618e-06,-5.732652e-06,1.078449e-05,601643300000.0,1262000000000000.0,2.351515,504900000000000.0,-2.13246
